theta_rad,is_inner,numerical_resisting_traction_pa
3.067961575771282340e-03,1.000000000000000000e+00,2.910078363693495646e-04
9.203884727313848754e-03,1.000000000000000000e+00,2.910078363693386141e-04
1.533980787885641170e-02,1.000000000000000000e+00,2.910078363693370421e-04
2.147573103039897291e-02,1.000000000000000000e+00,2.910078363693533051e-04
2.761165418194154453e-02,1.000000000000000000e+00,2.910078363693180685e-04
3.374757733348410227e-02,1.000000000000000000e+00,2.910078363693842048e-04
3.988350048502667389e-02,1.000000000000000000e+00,2.910078363693204538e-04
4.601942363656923163e-02,1.000000000000000000e+00,2.910078363693559072e-04
5.215534678811179631e-02,1.000000000000000000e+00,2.910078363693239774e-04
5.829126993965436793e-02,1.000000000000000000e+00,2.910078363693206706e-04
6.442719309119693261e-02,1.000000000000000000e+00,2.910078363693618161e-04
7.056311624273949035e-02,1.000000000000000000e+00,2.910078363693320547e-04
7.669903939428206197e-02,1.000000000000000000e+00,2.910078363693335184e-04
8.283496254582463358e-02,1.000000000000000000e+00,2.910078363693446857e-04
8.897088569736719132e-02,1.000000000000000000e+00,2.910078363693459867e-04
9.510680884890974907e-02,1.000000000000000000e+00,2.910078363693438183e-04
1.012427320004523346e-01,1.000000000000000000e+00,2.910078363693691344e-04
1.073786551519948784e-01,1.000000000000000000e+00,2.910078363693047870e-04
1.135145783035374500e-01,1.000000000000000000e+00,2.910078363693015344e-04
1.196505014550800217e-01,1.000000000000000000e+00,2.910078363693920111e-04
1.257864246066225655e-01,1.000000000000000000e+00,2.910078363693650145e-04
1.319223477581651649e-01,1.000000000000000000e+00,2.910078363693335726e-04
1.380582709097076810e-01,1.000000000000000000e+00,2.910078363693470709e-04
1.441941940612502526e-01,1.000000000000000000e+00,2.910078363693404031e-04
1.503301172127928242e-01,1.000000000000000000e+00,2.910078363692513359e-04
1.564660403643354236e-01,1.000000000000000000e+00,2.910078363693407826e-04
1.626019635158779675e-01,1.000000000000000000e+00,2.910078363693848012e-04
1.687378866674205391e-01,1.000000000000000000e+00,2.910078363693633882e-04
1.748738098189630552e-01,1.000000000000000000e+00,2.910078363692702010e-04
1.810097329705056823e-01,1.000000000000000000e+00,2.910078363693966190e-04
1.871456561220482262e-01,1.000000000000000000e+00,2.910078363692892287e-04
1.932815792735907701e-01,1.000000000000000000e+00,2.910078363693843133e-04
1.994175024251333417e-01,1.000000000000000000e+00,2.910078363693702186e-04
2.055534255766759688e-01,1.000000000000000000e+00,2.910078363693473420e-04
2.116893487282184849e-01,1.000000000000000000e+00,2.910078363693657734e-04
2.178252718797610565e-01,1.000000000000000000e+00,2.910078363691114738e-04
2.239611950313036282e-01,1.000000000000000000e+00,2.910078363695352884e-04
2.300971181828461998e-01,1.000000000000000000e+00,2.910078363693652313e-04
2.362330413343887436e-01,1.000000000000000000e+00,2.910078363693610571e-04
2.423689644859312875e-01,1.000000000000000000e+00,2.910078363692797420e-04
2.485048876374738591e-01,1.000000000000000000e+00,2.910078363692931861e-04
2.546408107890164030e-01,1.000000000000000000e+00,2.910078363694162430e-04
2.607767339405590024e-01,1.000000000000000000e+00,2.910078363692412528e-04
2.669126570921016017e-01,1.000000000000000000e+00,2.910078363694893182e-04
2.730485802436441456e-01,1.000000000000000000e+00,2.910078363693435473e-04
2.791845033951866895e-01,1.000000000000000000e+00,2.910078363691974510e-04
2.853204265467291778e-01,1.000000000000000000e+00,2.910078363693806270e-04
2.914563496982718327e-01,1.000000000000000000e+00,2.910078363693258206e-04
2.975922728498143766e-01,1.000000000000000000e+00,2.910078363693416499e-04
3.037281960013569759e-01,1.000000000000000000e+00,2.910078363694464381e-04
3.098641191528994643e-01,1.000000000000000000e+00,2.910078363693514077e-04
3.160000423044421192e-01,1.000000000000000000e+00,2.910078363693220801e-04
3.221359654559846630e-01,1.000000000000000000e+00,2.910078363693114549e-04
3.282718886075272624e-01,1.000000000000000000e+00,2.910078363692067752e-04
3.344078117590698063e-01,1.000000000000000000e+00,2.910078363692803925e-04
3.405437349106123501e-01,1.000000000000000000e+00,2.910078363695569183e-04
3.466796580621548940e-01,1.000000000000000000e+00,2.910078363693161170e-04
3.528155812136974379e-01,1.000000000000000000e+00,2.910078363693227848e-04
3.589515043652399817e-01,1.000000000000000000e+00,2.910078363694282235e-04
3.650874275167824701e-01,1.000000000000000000e+00,2.910078363693806270e-04
3.712233506683251250e-01,1.000000000000000000e+00,2.910078363693885417e-04
3.773592738198677798e-01,1.000000000000000000e+00,2.910078363692768146e-04
3.834951969714103237e-01,1.000000000000000000e+00,2.910078363692636416e-04
3.896311201229529231e-01,1.000000000000000000e+00,2.910078363694189535e-04
3.957670432744954114e-01,1.000000000000000000e+00,2.910078363692324708e-04
4.019029664260379553e-01,1.000000000000000000e+00,2.910078363692938366e-04
4.080388895775804992e-01,1.000000000000000000e+00,2.910078363694021484e-04
4.141748127291230985e-01,1.000000000000000000e+00,2.910078363694133157e-04
4.203107358806656424e-01,1.000000000000000000e+00,2.910078363693830122e-04
4.264466590322082418e-01,1.000000000000000000e+00,2.910078363691261647e-04
4.325825821837508411e-01,1.000000000000000000e+00,2.910078363693537388e-04
4.387185053352934405e-01,1.000000000000000000e+00,2.910078363695279701e-04
4.448544284868359289e-01,1.000000000000000000e+00,2.910078363693396983e-04
4.509903516383785838e-01,1.000000000000000000e+00,2.910078363693541724e-04
4.571262747899210721e-01,1.000000000000000000e+00,2.910078363691385788e-04
4.632621979414635605e-01,1.000000000000000000e+00,2.910078363694751694e-04
4.693981210930062153e-01,1.000000000000000000e+00,2.910078363693729291e-04
4.755340442445488147e-01,1.000000000000000000e+00,2.910078363695040092e-04
4.816699673960913031e-01,1.000000000000000000e+00,2.910078363692343681e-04
4.878058905476339024e-01,1.000000000000000000e+00,2.910078363693653397e-04
4.939418136991764463e-01,1.000000000000000000e+00,2.910078363693972153e-04
5.000777368507189902e-01,1.000000000000000000e+00,2.910078363686374606e-04
5.062136600022616451e-01,1.000000000000000000e+00,2.910078363699556878e-04
5.123495831538041889e-01,1.000000000000000000e+00,2.910078363692471075e-04
5.184855063053467328e-01,1.000000000000000000e+00,2.910078363691713760e-04
5.246214294568893877e-01,1.000000000000000000e+00,2.910078363694114183e-04
5.307573526084318205e-01,1.000000000000000000e+00,2.910078363692347476e-04
5.368932757599743644e-01,1.000000000000000000e+00,2.910078363695502504e-04
5.430291989115170193e-01,1.000000000000000000e+00,2.910078363693602440e-04
5.491651220630595631e-01,1.000000000000000000e+00,2.910078363692835367e-04
5.553010452146021070e-01,1.000000000000000000e+00,2.910078363692717731e-04
5.614369683661446508e-01,1.000000000000000000e+00,2.910078363693750975e-04
5.675728915176871947e-01,1.000000000000000000e+00,2.910078363689902058e-04
5.737088146692298496e-01,1.000000000000000000e+00,2.910078363695466183e-04
5.798447378207725045e-01,1.000000000000000000e+00,2.910078363694668753e-04
5.859806609723149373e-01,1.000000000000000000e+00,2.910078363693774286e-04
5.921165841238573702e-01,1.000000000000000000e+00,2.910078363692860846e-04
5.982525072753999140e-01,1.000000000000000000e+00,2.910078363693879996e-04
6.043884304269426799e-01,1.000000000000000000e+00,2.910078363689842427e-04
6.105243535784852238e-01,1.000000000000000000e+00,2.910078363697354864e-04
6.166602767300277677e-01,1.000000000000000000e+00,2.910078363691838443e-04
6.227961998815703115e-01,1.000000000000000000e+00,2.910078363692683036e-04
6.289321230331128554e-01,1.000000000000000000e+00,2.910078363695724766e-04
6.350680461846553992e-01,1.000000000000000000e+00,2.910078363694814578e-04
6.412039693361980541e-01,1.000000000000000000e+00,2.910078363693664781e-04
6.473398924877405980e-01,1.000000000000000000e+00,2.910078363692263992e-04
6.534758156392831419e-01,1.000000000000000000e+00,2.910078363693222427e-04
6.596117387908255747e-01,1.000000000000000000e+00,2.910078363694713747e-04
6.657476619423681186e-01,1.000000000000000000e+00,2.910078363693704355e-04
6.718835850939107734e-01,1.000000000000000000e+00,2.910078363690770504e-04
6.780195082454533173e-01,1.000000000000000000e+00,2.910078363694744105e-04
6.841554313969959722e-01,1.000000000000000000e+00,2.910078363692049320e-04
6.902913545485386271e-01,1.000000000000000000e+00,2.910078363696294514e-04
6.964272777000811709e-01,1.000000000000000000e+00,2.910078363691790196e-04
7.025632008516236038e-01,1.000000000000000000e+00,2.910078363695781144e-04
7.086991240031661476e-01,1.000000000000000000e+00,2.910078363690046799e-04
7.148350471547088025e-01,1.000000000000000000e+00,2.910078363697094655e-04
7.209709703062514574e-01,1.000000000000000000e+00,2.910078363690475601e-04
7.271068934577938903e-01,1.000000000000000000e+00,2.910078363694023110e-04
7.332428166093364341e-01,1.000000000000000000e+00,2.910078363692402770e-04
7.393787397608789780e-01,1.000000000000000000e+00,2.910078363692301397e-04
7.455146629124216329e-01,1.000000000000000000e+00,2.910078363695930222e-04
7.516505860639642878e-01,1.000000000000000000e+00,2.910078363693116175e-04
7.577865092155068316e-01,1.000000000000000000e+00,2.910078363691680149e-04
7.639224323670491534e-01,1.000000000000000000e+00,2.910078363692774109e-04
7.700583555185919193e-01,1.000000000000000000e+00,2.910078363693381805e-04
7.761942786701344632e-01,1.000000000000000000e+00,2.910078363693367710e-04
7.823302018216770071e-01,1.000000000000000000e+00,2.910078363694917577e-04
7.884661249732195509e-01,1.000000000000000000e+00,2.910078363693633882e-04
7.946020481247622058e-01,1.000000000000000000e+00,2.910078363693164964e-04
8.007379712763047497e-01,1.000000000000000000e+00,2.910078363692717731e-04
8.068738944278472935e-01,1.000000000000000000e+00,2.910078363694998892e-04
8.130098175793898374e-01,1.000000000000000000e+00,2.910078363691651960e-04
8.191457407309322702e-01,1.000000000000000000e+00,2.910078363693098286e-04
8.252816638824748141e-01,1.000000000000000000e+00,2.910078363695161523e-04
8.314175870340174690e-01,1.000000000000000000e+00,2.910078363693195864e-04
8.375535101855601239e-01,1.000000000000000000e+00,2.910078363690601910e-04
8.436894333371025567e-01,1.000000000000000000e+00,2.910078363696475033e-04
8.498253564886451006e-01,1.000000000000000000e+00,2.910078363690415428e-04
8.559612796401878665e-01,1.000000000000000000e+00,2.910078363697013882e-04
8.620972027917302993e-01,1.000000000000000000e+00,2.910078363689403867e-04
8.682331259432729542e-01,1.000000000000000000e+00,2.910078363695633693e-04
8.743690490948154981e-01,1.000000000000000000e+00,2.910078363691637865e-04
8.805049722463580419e-01,1.000000000000000000e+00,2.910078363694447033e-04
8.866408953979005858e-01,1.000000000000000000e+00,2.910078363697311495e-04
8.927768185494431297e-01,1.000000000000000000e+00,2.910078363690525474e-04
8.989127417009856735e-01,1.000000000000000000e+00,2.910078363694965824e-04
9.050486648525283284e-01,1.000000000000000000e+00,2.910078363691477404e-04
9.111845880040708723e-01,1.000000000000000000e+00,2.910078363696279877e-04
9.173205111556135272e-01,1.000000000000000000e+00,2.910078363692562690e-04
9.234564343071560710e-01,1.000000000000000000e+00,2.910078363691808085e-04
9.295923574586983928e-01,1.000000000000000000e+00,2.910078363694311508e-04
9.357282806102410477e-01,1.000000000000000000e+00,2.910078363692081304e-04
9.418642037617835916e-01,1.000000000000000000e+00,2.910078363694577680e-04
9.480001269133262465e-01,1.000000000000000000e+00,2.910078363693367168e-04
9.541360500648689014e-01,1.000000000000000000e+00,2.910078363692851630e-04
9.602719732164113342e-01,1.000000000000000000e+00,2.910078363695312227e-04
9.664078963679539891e-01,1.000000000000000000e+00,2.910078363694356502e-04
9.725438195194966440e-01,1.000000000000000000e+00,2.910078363690464759e-04
9.786797426710390768e-01,1.000000000000000000e+00,2.910078363696727110e-04
9.848156658225816207e-01,1.000000000000000000e+00,2.910078363693654482e-04
9.909515889741241645e-01,1.000000000000000000e+00,2.910078363694708868e-04
9.970875121256667084e-01,1.000000000000000000e+00,2.910078363691430241e-04
1.003223435277209363e+00,1.000000000000000000e+00,2.910078363692351270e-04
1.009359358428751685e+00,1.000000000000000000e+00,2.910078363694856320e-04
1.015495281580294451e+00,1.000000000000000000e+00,2.910078363694397160e-04
1.021631204731837217e+00,1.000000000000000000e+00,2.910078363690581853e-04
1.027767127883379761e+00,1.000000000000000000e+00,2.910078363693482093e-04
1.033903051034922305e+00,1.000000000000000000e+00,2.910078363694837346e-04
1.040038974186464849e+00,1.000000000000000000e+00,2.910078363691592871e-04
1.046174897338007170e+00,1.000000000000000000e+00,2.910078363697645972e-04
1.052310820489549936e+00,1.000000000000000000e+00,2.910078363689294905e-04
1.058446743641092258e+00,1.000000000000000000e+00,2.910078363693432220e-04
1.064582666792635024e+00,1.000000000000000000e+00,2.910078363691036133e-04
1.070718589944177568e+00,1.000000000000000000e+00,2.910078363697585799e-04
1.076854513095720112e+00,1.000000000000000000e+00,2.910078363691555466e-04
1.082990436247262656e+00,1.000000000000000000e+00,2.910078363694854693e-04
1.089126359398805421e+00,1.000000000000000000e+00,2.910078363691056733e-04
1.095262282550347743e+00,1.000000000000000000e+00,2.910078363695322527e-04
1.101398205701890287e+00,1.000000000000000000e+00,2.910078363691707797e-04
1.107534128853433053e+00,1.000000000000000000e+00,2.910078363696522196e-04
1.113670052004975375e+00,1.000000000000000000e+00,2.910078363690543905e-04
1.119805975156518141e+00,1.000000000000000000e+00,2.910078363695625019e-04
1.125941898308060463e+00,1.000000000000000000e+00,2.910078363691059444e-04
1.132077821459603006e+00,1.000000000000000000e+00,2.910078363694294703e-04
1.138213744611145550e+00,1.000000000000000000e+00,2.910078363692366449e-04
1.144349667762688316e+00,1.000000000000000000e+00,2.910078363692912887e-04
1.150485590914231082e+00,1.000000000000000000e+00,2.910078363693540098e-04
1.156621514065773626e+00,1.000000000000000000e+00,2.910078363694409628e-04
1.162757437217316170e+00,1.000000000000000000e+00,2.910078363693505404e-04
1.168893360368858492e+00,1.000000000000000000e+00,2.910078363693360663e-04
1.175029283520401036e+00,1.000000000000000000e+00,2.910078363693746097e-04
1.181165206671943579e+00,1.000000000000000000e+00,2.910078363692633163e-04
1.187301129823486345e+00,1.000000000000000000e+00,2.910078363694541359e-04
1.193437052975028667e+00,1.000000000000000000e+00,2.910078363691817301e-04
1.199572976126571433e+00,1.000000000000000000e+00,2.910078363694286571e-04
1.205708899278113755e+00,1.000000000000000000e+00,2.910078363692587084e-04
1.211844822429656521e+00,1.000000000000000000e+00,2.910078363694117978e-04
1.217980745581199287e+00,1.000000000000000000e+00,2.910078363694253503e-04
1.224116668732741608e+00,1.000000000000000000e+00,2.910078363693003418e-04
1.230252591884284374e+00,1.000000000000000000e+00,2.910078363695236875e-04
1.236388515035826696e+00,1.000000000000000000e+00,2.910078363691786943e-04
1.242524438187369462e+00,1.000000000000000000e+00,2.910078363693971069e-04
1.248660361338911784e+00,1.000000000000000000e+00,2.910078363694592858e-04
1.254796284490454550e+00,1.000000000000000000e+00,2.910078363692471617e-04
1.260932207641996872e+00,1.000000000000000000e+00,2.910078363692595758e-04
1.267068130793539638e+00,1.000000000000000000e+00,2.910078363693163880e-04
1.273204053945082181e+00,1.000000000000000000e+00,2.910078363694252961e-04
1.279339977096624725e+00,1.000000000000000000e+00,2.910078363693402947e-04
1.285475900248167491e+00,1.000000000000000000e+00,2.910078363693782417e-04
1.291611823399709813e+00,1.000000000000000000e+00,2.910078363691877474e-04
1.297747746551252579e+00,1.000000000000000000e+00,2.910078363695320358e-04
1.303883669702794901e+00,1.000000000000000000e+00,2.910078363692539380e-04
1.310019592854337667e+00,1.000000000000000000e+00,2.910078363693104249e-04
1.316155516005879988e+00,1.000000000000000000e+00,2.910078363692739415e-04
1.322291439157422754e+00,1.000000000000000000e+00,2.910078363694859030e-04
1.328427362308965076e+00,1.000000000000000000e+00,2.910078363691863380e-04
1.334563285460507842e+00,1.000000000000000000e+00,2.910078363692933487e-04
1.340699208612050386e+00,1.000000000000000000e+00,2.910078363694611832e-04
1.346835131763592930e+00,1.000000000000000000e+00,2.910078363693742844e-04
1.352971054915135696e+00,1.000000000000000000e+00,2.910078363692275376e-04
1.359106978066678240e+00,1.000000000000000000e+00,2.910078363693408910e-04
1.365242901218220561e+00,1.000000000000000000e+00,2.910078363693587803e-04
1.371378824369763105e+00,1.000000000000000000e+00,2.910078363693405657e-04
1.377514747521305871e+00,1.000000000000000000e+00,2.910078363693445773e-04
1.383650670672848415e+00,1.000000000000000000e+00,2.910078363693628461e-04
1.389786593824390737e+00,1.000000000000000000e+00,2.910078363693482635e-04
1.395922516975933503e+00,1.000000000000000000e+00,2.910078363693434388e-04
1.402058440127476047e+00,1.000000000000000000e+00,2.910078363693324884e-04
1.408194363279018591e+00,1.000000000000000000e+00,2.910078363693690802e-04
1.414330286430561134e+00,1.000000000000000000e+00,2.910078363693072807e-04
1.420466209582103900e+00,1.000000000000000000e+00,2.910078363693262542e-04
1.426602132733646444e+00,1.000000000000000000e+00,2.910078363693932579e-04
1.432738055885188988e+00,1.000000000000000000e+00,2.910078363693591056e-04
1.438873979036731310e+00,1.000000000000000000e+00,2.910078363692865182e-04
1.445009902188274076e+00,1.000000000000000000e+00,2.910078363692683036e-04
1.451145825339816398e+00,1.000000000000000000e+00,2.910078363694219893e-04
1.457281748491359163e+00,1.000000000000000000e+00,2.910078363693505404e-04
1.463417671642901485e+00,1.000000000000000000e+00,2.910078363693952637e-04
1.469553594794444251e+00,1.000000000000000000e+00,2.910078363692785493e-04
1.475689517945986795e+00,1.000000000000000000e+00,2.910078363693443604e-04
1.481825441097529339e+00,1.000000000000000000e+00,2.910078363693254411e-04
1.487961364249071883e+00,1.000000000000000000e+00,2.910078363693549856e-04
1.494097287400614427e+00,1.000000000000000000e+00,2.910078363693351447e-04
1.500233210552157193e+00,1.000000000000000000e+00,2.910078363693523293e-04
1.506369133703699514e+00,1.000000000000000000e+00,2.910078363693533051e-04
1.512505056855242280e+00,1.000000000000000000e+00,2.910078363693156833e-04
1.518640980006784602e+00,1.000000000000000000e+00,2.910078363693704355e-04
1.524776903158327368e+00,1.000000000000000000e+00,2.910078363693000165e-04
1.530912826309869690e+00,1.000000000000000000e+00,2.910078363693586719e-04
1.537048749461412456e+00,1.000000000000000000e+00,2.910078363693508114e-04
1.543184672612955000e+00,1.000000000000000000e+00,2.910078363693340063e-04
1.549320595764497543e+00,1.000000000000000000e+00,2.910078363693353615e-04
1.555456518916040087e+00,1.000000000000000000e+00,2.910078363693337894e-04
1.561592442067582631e+00,1.000000000000000000e+00,2.910078363693460951e-04
1.567728365219125397e+00,1.000000000000000000e+00,2.910078363693465830e-04
1.573864288370667719e+00,1.000000000000000000e+00,2.910078363693426257e-04
1.580000211522210485e+00,1.000000000000000000e+00,2.910078363693406199e-04
1.586136134673752807e+00,1.000000000000000000e+00,2.910078363693502151e-04
1.592272057825295573e+00,1.000000000000000000e+00,2.910078363693470167e-04
1.598407980976838116e+00,1.000000000000000000e+00,2.910078363693349821e-04
1.604543904128380660e+00,1.000000000000000000e+00,2.910078363693457699e-04
1.610679827279923204e+00,1.000000000000000000e+00,2.910078363693415957e-04
1.616815750431465748e+00,1.000000000000000000e+00,2.910078363693286937e-04
1.622951673583008514e+00,1.000000000000000000e+00,2.910078363693676708e-04
1.629087596734551058e+00,1.000000000000000000e+00,2.910078363693316753e-04
1.635223519886093602e+00,1.000000000000000000e+00,2.910078363693391562e-04
1.641359443037635923e+00,1.000000000000000000e+00,2.910078363693229474e-04
1.647495366189178689e+00,1.000000000000000000e+00,2.910078363693737423e-04
1.653631289340721233e+00,1.000000000000000000e+00,2.910078363693582924e-04
1.659767212492263777e+00,1.000000000000000000e+00,2.910078363693456073e-04
1.665903135643806321e+00,1.000000000000000000e+00,2.910078363692588711e-04
1.672039058795348865e+00,1.000000000000000000e+00,2.910078363694105510e-04
1.678174981946891631e+00,1.000000000000000000e+00,2.910078363692911261e-04
1.684310905098433953e+00,1.000000000000000000e+00,2.910078363693035402e-04
1.690446828249976718e+00,1.000000000000000000e+00,2.910078363693644182e-04
1.696582751401519040e+00,1.000000000000000000e+00,2.910078363693405115e-04
1.702718674553061806e+00,1.000000000000000000e+00,2.910078363693356326e-04
1.708854597704604128e+00,1.000000000000000000e+00,2.910078363693833917e-04
1.714990520856146894e+00,1.000000000000000000e+00,2.910078363693350905e-04
1.721126444007689216e+00,1.000000000000000000e+00,2.910078363693073349e-04
1.727262367159231982e+00,1.000000000000000000e+00,2.910078363693166591e-04
1.733398290310774525e+00,1.000000000000000000e+00,2.910078363693415957e-04
1.739534213462317069e+00,1.000000000000000000e+00,2.910078363694349455e-04
1.745670136613859835e+00,1.000000000000000000e+00,2.910078363692970350e-04
1.751806059765402157e+00,1.000000000000000000e+00,2.910078363693826870e-04
1.757941982916944701e+00,1.000000000000000000e+00,2.910078363693610029e-04
1.764077906068487245e+00,1.000000000000000000e+00,2.910078363693250074e-04
1.770213829220030011e+00,1.000000000000000000e+00,2.910078363693281516e-04
1.776349752371572333e+00,1.000000000000000000e+00,2.910078363692681410e-04
1.782485675523114876e+00,1.000000000000000000e+00,2.910078363693041365e-04
1.788621598674657420e+00,1.000000000000000000e+00,2.910078363694318555e-04
1.794757521826200186e+00,1.000000000000000000e+00,2.910078363693025102e-04
1.800893444977742730e+00,1.000000000000000000e+00,2.910078363694081115e-04
1.807029368129285274e+00,1.000000000000000000e+00,2.910078363692508480e-04
1.813165291280827818e+00,1.000000000000000000e+00,2.910078363694181404e-04
1.819301214432370362e+00,1.000000000000000000e+00,2.910078363693217548e-04
1.825437137583913128e+00,1.000000000000000000e+00,2.910078363692335007e-04
1.831573060735455671e+00,1.000000000000000000e+00,2.910078363693136775e-04
1.837708983886998215e+00,1.000000000000000000e+00,2.910078363694828130e-04
1.843844907038540537e+00,1.000000000000000000e+00,2.910078363693811149e-04
1.849980830190083081e+00,1.000000000000000000e+00,2.910078363692594132e-04
1.856116753341625625e+00,1.000000000000000000e+00,2.910078363693376926e-04
1.862252676493168391e+00,1.000000000000000000e+00,2.910078363694151588e-04
1.868388599644710935e+00,1.000000000000000000e+00,2.910078363691935479e-04
1.874524522796253478e+00,1.000000000000000000e+00,2.910078363694799399e-04
1.880660445947796244e+00,1.000000000000000000e+00,2.910078363693372589e-04
1.886796369099338566e+00,1.000000000000000000e+00,2.910078363692875482e-04
1.892932292250881332e+00,1.000000000000000000e+00,2.910078363694027989e-04
1.899068215402423654e+00,1.000000000000000000e+00,2.910078363693049497e-04
1.905204138553966420e+00,1.000000000000000000e+00,2.910078363693475046e-04
1.911340061705508964e+00,1.000000000000000000e+00,2.910078363693581840e-04
1.917475984857051508e+00,1.000000000000000000e+00,2.910078363691643286e-04
1.923611908008594051e+00,1.000000000000000000e+00,2.910078363694293619e-04
1.929747831160136595e+00,1.000000000000000000e+00,2.910078363692687373e-04
1.935883754311679361e+00,1.000000000000000000e+00,2.910078363693431136e-04
1.942019677463221905e+00,1.000000000000000000e+00,2.910078363695022745e-04
1.948155600614764449e+00,1.000000000000000000e+00,2.910078363691411809e-04
1.954291523766306771e+00,1.000000000000000000e+00,2.910078363693994379e-04
1.960427446917849537e+00,1.000000000000000000e+00,2.910078363692372955e-04
1.966563370069392080e+00,1.000000000000000000e+00,2.910078363693767781e-04
1.972699293220934402e+00,1.000000000000000000e+00,2.910078363695414142e-04
1.978835216372477168e+00,1.000000000000000000e+00,2.910078363692049862e-04
1.984971139524019712e+00,1.000000000000000000e+00,2.910078363693097744e-04
1.991107062675562256e+00,1.000000000000000000e+00,2.910078363694082199e-04
1.997242985827104800e+00,1.000000000000000000e+00,2.910078363693315668e-04
2.003378908978647566e+00,1.000000000000000000e+00,2.910078363694602074e-04
2.009514832130189887e+00,1.000000000000000000e+00,2.910078363691552756e-04
2.015650755281732209e+00,1.000000000000000000e+00,2.910078363693629545e-04
2.021786678433274975e+00,1.000000000000000000e+00,2.910078363693508656e-04
2.027922601584817741e+00,1.000000000000000000e+00,2.910078363692397891e-04
2.034058524736360063e+00,1.000000000000000000e+00,2.910078363695012987e-04
2.040194447887902829e+00,1.000000000000000000e+00,2.910078363695746450e-04
2.046330371039445595e+00,1.000000000000000000e+00,2.910078363690328691e-04
2.052466294190987917e+00,1.000000000000000000e+00,2.910078363690517343e-04
2.058602217342530238e+00,1.000000000000000000e+00,2.910078363698762158e-04
2.064738140494073004e+00,1.000000000000000000e+00,2.910078363692711768e-04
2.070874063645615770e+00,1.000000000000000000e+00,2.910078363688775572e-04
2.077009986797158092e+00,1.000000000000000000e+00,2.910078363694992387e-04
2.083145909948700414e+00,1.000000000000000000e+00,2.910078363694130446e-04
2.089281833100243180e+00,1.000000000000000000e+00,2.910078363692977397e-04
2.095417756251785946e+00,1.000000000000000000e+00,2.910078363695254764e-04
2.101553679403328267e+00,1.000000000000000000e+00,2.910078363690758035e-04
2.107689602554871033e+00,1.000000000000000000e+00,2.910078363698114889e-04
2.113825525706413799e+00,1.000000000000000000e+00,2.910078363692570279e-04
2.119961448857956121e+00,1.000000000000000000e+00,2.910078363690430064e-04
2.126097372009498443e+00,1.000000000000000000e+00,2.910078363696469612e-04
2.132233295161041209e+00,1.000000000000000000e+00,2.910078363692743210e-04
2.138369218312583975e+00,1.000000000000000000e+00,2.910078363687273952e-04
2.144505141464126297e+00,1.000000000000000000e+00,2.910078363699314017e-04
2.150641064615668618e+00,1.000000000000000000e+00,2.910078363692394096e-04
2.156776987767211384e+00,1.000000000000000000e+00,2.910078363693559614e-04
2.162912910918753706e+00,1.000000000000000000e+00,2.910078363691752249e-04
2.169048834070296472e+00,1.000000000000000000e+00,2.910078363694810241e-04
2.175184757221839238e+00,1.000000000000000000e+00,2.910078363693548772e-04
2.181320680373381560e+00,1.000000000000000000e+00,2.910078363694984255e-04
2.187456603524924326e+00,1.000000000000000000e+00,2.910078363692866809e-04
2.193592526676466647e+00,1.000000000000000000e+00,2.910078363689968736e-04
2.199728449828009413e+00,1.000000000000000000e+00,2.910078363695913417e-04
2.205864372979552179e+00,1.000000000000000000e+00,2.910078363693886501e-04
2.212000296131094501e+00,1.000000000000000000e+00,2.910078363694595569e-04
2.218136219282636823e+00,1.000000000000000000e+00,2.910078363693583466e-04
2.224272142434180033e+00,1.000000000000000000e+00,2.910078363691632987e-04
2.230408065585722355e+00,1.000000000000000000e+00,2.910078363695467268e-04
2.236543988737264677e+00,1.000000000000000000e+00,2.910078363690384528e-04
2.242679911888807442e+00,1.000000000000000000e+00,2.910078363692559437e-04
2.248815835040350208e+00,1.000000000000000000e+00,2.910078363692422828e-04
2.254951758191892530e+00,1.000000000000000000e+00,2.910078363697230180e-04
2.261087681343434852e+00,1.000000000000000000e+00,2.910078363694043168e-04
2.267223604494977618e+00,1.000000000000000000e+00,2.910078363689449403e-04
2.273359527646520384e+00,1.000000000000000000e+00,2.910078363695627187e-04
2.279495450798062706e+00,1.000000000000000000e+00,2.910078363691046975e-04
2.285631373949605472e+00,1.000000000000000000e+00,2.910078363698706322e-04
2.291767297101148237e+00,1.000000000000000000e+00,2.910078363685492608e-04
2.297903220252690559e+00,1.000000000000000000e+00,2.910078363698012974e-04
2.304039143404232881e+00,1.000000000000000000e+00,2.910078363695730187e-04
2.310175066555775647e+00,1.000000000000000000e+00,2.910078363688994581e-04
2.316310989707317969e+00,1.000000000000000000e+00,2.910078363696562312e-04
2.322446912858860735e+00,1.000000000000000000e+00,2.910078363693516246e-04
2.328582836010403501e+00,1.000000000000000000e+00,2.910078363691026918e-04
2.334718759161945822e+00,1.000000000000000000e+00,2.910078363696430581e-04
2.340854682313488588e+00,1.000000000000000000e+00,2.910078363692852172e-04
2.346990605465030910e+00,1.000000000000000000e+00,2.910078363690956986e-04
2.353126528616573232e+00,1.000000000000000000e+00,2.910078363694557622e-04
2.359262451768116442e+00,1.000000000000000000e+00,2.910078363694251877e-04
2.365398374919658764e+00,1.000000000000000000e+00,2.910078363692307902e-04
2.371534298071201086e+00,1.000000000000000000e+00,2.910078363692657558e-04
2.377670221222743852e+00,1.000000000000000000e+00,2.910078363695213564e-04
2.383806144374286617e+00,1.000000000000000000e+00,2.910078363691456262e-04
2.389942067525828939e+00,1.000000000000000000e+00,2.910078363694632974e-04
2.396077990677371261e+00,1.000000000000000000e+00,2.910078363694428060e-04
2.402213913828914027e+00,1.000000000000000000e+00,2.910078363693164964e-04
2.408349836980456349e+00,1.000000000000000000e+00,2.910078363689767075e-04
2.414485760131999115e+00,1.000000000000000000e+00,2.910078363697631335e-04
2.420621683283541881e+00,1.000000000000000000e+00,2.910078363692754052e-04
2.426757606435084647e+00,1.000000000000000000e+00,2.910078363694386318e-04
2.432893529586626968e+00,1.000000000000000000e+00,2.910078363691357599e-04
2.439029452738169290e+00,1.000000000000000000e+00,2.910078363694796688e-04
2.445165375889712056e+00,1.000000000000000000e+00,2.910078363691695328e-04
2.451301299041254822e+00,1.000000000000000000e+00,2.910078363694923540e-04
2.457437222192797144e+00,1.000000000000000000e+00,2.910078363694899688e-04
2.463573145344339466e+00,1.000000000000000000e+00,2.910078363695662424e-04
2.469709068495882232e+00,1.000000000000000000e+00,2.910078363688498016e-04
2.475844991647424997e+00,1.000000000000000000e+00,2.910078363695077497e-04
2.481980914798967319e+00,1.000000000000000000e+00,2.910078363693428425e-04
2.488116837950509641e+00,1.000000000000000000e+00,2.910078363692028178e-04
2.494252761102052851e+00,1.000000000000000000e+00,2.910078363695294879e-04
2.500388684253595173e+00,1.000000000000000000e+00,2.910078363691717554e-04
2.506524607405137495e+00,1.000000000000000000e+00,2.910078363692614732e-04
2.512660530556680261e+00,1.000000000000000000e+00,2.910078363693072265e-04
2.518796453708223027e+00,1.000000000000000000e+00,2.910078363695379989e-04
2.524932376859765348e+00,1.000000000000000000e+00,2.910078363692614732e-04
2.531068300011308114e+00,1.000000000000000000e+00,2.910078363696324329e-04
2.537204223162850436e+00,1.000000000000000000e+00,2.910078363691010112e-04
2.543340146314393202e+00,1.000000000000000000e+00,2.910078363694553827e-04
2.549476069465935524e+00,1.000000000000000000e+00,2.910078363691473067e-04
2.555611992617478290e+00,1.000000000000000000e+00,2.910078363693852348e-04
2.561747915769021056e+00,1.000000000000000000e+00,2.910078363692057994e-04
2.567883838920563377e+00,1.000000000000000000e+00,2.910078363695063402e-04
2.574019762072105699e+00,1.000000000000000000e+00,2.910078363694721879e-04
2.580155685223648465e+00,1.000000000000000000e+00,2.910078363692606058e-04
2.586291608375191231e+00,1.000000000000000000e+00,2.910078363690673468e-04
2.592427531526733553e+00,1.000000000000000000e+00,2.910078363695150138e-04
2.598563454678275875e+00,1.000000000000000000e+00,2.910078363695330116e-04
2.604699377829818641e+00,1.000000000000000000e+00,2.910078363692771941e-04
2.610835300981360962e+00,1.000000000000000000e+00,2.910078363693755312e-04
2.616971224132903728e+00,1.000000000000000000e+00,2.910078363690518427e-04
2.623107147284446494e+00,1.000000000000000000e+00,2.910078363695604961e-04
2.629243070435989260e+00,1.000000000000000000e+00,2.910078363689231479e-04
2.635378993587531582e+00,1.000000000000000000e+00,2.910078363695954616e-04
2.641514916739073904e+00,1.000000000000000000e+00,2.910078363692311697e-04
2.647650839890616670e+00,1.000000000000000000e+00,2.910078363695070450e-04
2.653786763042159436e+00,1.000000000000000000e+00,2.910078363691680149e-04
2.659922686193701757e+00,1.000000000000000000e+00,2.910078363694555996e-04
2.666058609345244079e+00,1.000000000000000000e+00,2.910078363692642379e-04
2.672194532496786845e+00,1.000000000000000000e+00,2.910078363693615450e-04
2.678330455648329167e+00,1.000000000000000000e+00,2.910078363695412515e-04
2.684466378799872377e+00,1.000000000000000000e+00,2.910078363692167498e-04
2.690602301951414699e+00,1.000000000000000000e+00,2.910078363694917035e-04
2.696738225102957021e+00,1.000000000000000000e+00,2.910078363693321089e-04
2.702874148254499787e+00,1.000000000000000000e+00,2.910078363693946132e-04
2.709010071406042108e+00,1.000000000000000000e+00,2.910078363693389936e-04
2.715145994557584874e+00,1.000000000000000000e+00,2.910078363692271040e-04
2.721281917709127640e+00,1.000000000000000000e+00,2.910078363693372047e-04
2.727417840860669962e+00,1.000000000000000000e+00,2.910078363695034129e-04
2.733553764012212728e+00,1.000000000000000000e+00,2.910078363692198398e-04
2.739689687163755050e+00,1.000000000000000000e+00,2.910078363693071723e-04
2.745825610315297816e+00,1.000000000000000000e+00,2.910078363695191338e-04
2.751961533466840581e+00,1.000000000000000000e+00,2.910078363693105333e-04
2.758097456618382903e+00,1.000000000000000000e+00,2.910078363693613282e-04
2.764233379769925225e+00,1.000000000000000000e+00,2.910078363691544624e-04
2.770369302921467991e+00,1.000000000000000000e+00,2.910078363694832467e-04
2.776505226073010313e+00,1.000000000000000000e+00,2.910078363693625208e-04
2.782641149224553079e+00,1.000000000000000000e+00,2.910078363692033057e-04
2.788777072376095845e+00,1.000000000000000000e+00,2.910078363695029250e-04
2.794912995527638166e+00,1.000000000000000000e+00,2.910078363692042815e-04
2.801048918679180488e+00,1.000000000000000000e+00,2.910078363693672913e-04
2.807184841830723254e+00,1.000000000000000000e+00,2.910078363693190443e-04
2.813320764982266020e+00,1.000000000000000000e+00,2.910078363693227848e-04
2.819456688133808342e+00,1.000000000000000000e+00,2.910078363694513170e-04
2.825592611285351108e+00,1.000000000000000000e+00,2.910078363693671287e-04
2.831728534436893874e+00,1.000000000000000000e+00,2.910078363691141301e-04
2.837864457588436196e+00,1.000000000000000000e+00,2.910078363694413423e-04
2.844000380739978517e+00,1.000000000000000000e+00,2.910078363693646892e-04
2.850136303891521283e+00,1.000000000000000000e+00,2.910078363691690991e-04
2.856272227043064049e+00,1.000000000000000000e+00,2.910078363694241035e-04
2.862408150194606371e+00,1.000000000000000000e+00,2.910078363694591232e-04
2.868544073346148693e+00,1.000000000000000000e+00,2.910078363693379636e-04
2.874679996497691459e+00,1.000000000000000000e+00,2.910078363693753686e-04
2.880815919649233781e+00,1.000000000000000000e+00,2.910078363693906559e-04
2.886951842800776546e+00,1.000000000000000000e+00,2.910078363691766343e-04
2.893087765952319312e+00,1.000000000000000000e+00,2.910078363694569006e-04
2.899223689103862078e+00,1.000000000000000000e+00,2.910078363691830311e-04
2.905359612255404400e+00,1.000000000000000000e+00,2.910078363694867704e-04
2.911495535406946722e+00,1.000000000000000000e+00,2.910078363692865724e-04
2.917631458558489488e+00,1.000000000000000000e+00,2.910078363692333923e-04
2.923767381710032254e+00,1.000000000000000000e+00,2.910078363695480278e-04
2.929903304861574576e+00,1.000000000000000000e+00,2.910078363691476861e-04
2.936039228013116897e+00,1.000000000000000000e+00,2.910078363694823794e-04
2.942175151164659663e+00,1.000000000000000000e+00,2.910078363692851630e-04
2.948311074316201985e+00,1.000000000000000000e+00,2.910078363693433846e-04
2.954446997467744751e+00,1.000000000000000000e+00,2.910078363693556903e-04
2.960582920619287517e+00,1.000000000000000000e+00,2.910078363693193153e-04
2.966718843770829839e+00,1.000000000000000000e+00,2.910078363693711402e-04
2.972854766922372605e+00,1.000000000000000000e+00,2.910078363692805009e-04
2.978990690073915371e+00,1.000000000000000000e+00,2.910078363694303919e-04
2.985126613225457692e+00,1.000000000000000000e+00,2.910078363693548230e-04
2.991262536377000458e+00,1.000000000000000000e+00,2.910078363692486254e-04
2.997398459528542780e+00,1.000000000000000000e+00,2.910078363693586719e-04
3.003534382680085102e+00,1.000000000000000000e+00,2.910078363693652313e-04
3.009670305831627868e+00,1.000000000000000000e+00,2.910078363693405657e-04
3.015806228983170634e+00,1.000000000000000000e+00,2.910078363693365000e-04
3.021942152134712956e+00,1.000000000000000000e+00,2.910078363693849096e-04
3.028078075286255721e+00,1.000000000000000000e+00,2.910078363693078770e-04
3.034213998437798043e+00,1.000000000000000000e+00,2.910078363693192611e-04
3.040349921589340809e+00,1.000000000000000000e+00,2.910078363694003595e-04
3.046485844740883131e+00,1.000000000000000000e+00,2.910078363692880903e-04
3.052621767892425897e+00,1.000000000000000000e+00,2.910078363693771033e-04
3.058757691043968219e+00,1.000000000000000000e+00,2.910078363693294526e-04
3.064893614195510985e+00,1.000000000000000000e+00,2.910078363693631171e-04
3.071029537347053306e+00,1.000000000000000000e+00,2.910078363693251700e-04
3.077165460498596072e+00,1.000000000000000000e+00,2.910078363693551482e-04
3.083301383650138838e+00,1.000000000000000000e+00,2.910078363693271216e-04
3.089437306801681604e+00,1.000000000000000000e+00,2.910078363693599187e-04
3.095573229953223926e+00,1.000000000000000000e+00,2.910078363693342773e-04
3.101709153104766248e+00,1.000000000000000000e+00,2.910078363693268506e-04
3.107845076256309014e+00,1.000000000000000000e+00,2.910078363693893548e-04
3.113980999407851336e+00,1.000000000000000000e+00,2.910078363693247364e-04
3.120116922559394101e+00,1.000000000000000000e+00,2.910078363693291816e-04
3.126252845710936867e+00,1.000000000000000000e+00,2.910078363693568287e-04
3.132388768862479189e+00,1.000000000000000000e+00,2.910078363693346568e-04
3.138524692014021511e+00,1.000000000000000000e+00,2.910078363693484804e-04
3.144660615165564277e+00,1.000000000000000000e+00,2.910078363693466372e-04
3.150796538317106599e+00,1.000000000000000000e+00,2.910078363693323258e-04
3.156932461468649365e+00,1.000000000000000000e+00,2.910078363693517330e-04
3.163068384620191686e+00,1.000000000000000000e+00,2.910078363693418125e-04
3.169204307771734452e+00,1.000000000000000000e+00,2.910078363693484262e-04
3.175340230923276774e+00,1.000000000000000000e+00,2.910078363693386141e-04
3.181476154074819540e+00,1.000000000000000000e+00,2.910078363693417583e-04
3.187612077226361862e+00,1.000000000000000000e+00,2.910078363693651771e-04
3.193748000377904628e+00,1.000000000000000000e+00,2.910078363692990408e-04
3.199883923529446950e+00,1.000000000000000000e+00,2.910078363693491851e-04
3.206019846680989716e+00,1.000000000000000000e+00,2.910078363693484804e-04
3.212155769832532481e+00,1.000000000000000000e+00,2.910078363693309163e-04
3.218291692984074803e+00,1.000000000000000000e+00,2.910078363693476130e-04
3.224427616135617569e+00,1.000000000000000000e+00,2.910078363693547145e-04
3.230563539287159891e+00,1.000000000000000000e+00,2.910078363693152496e-04
3.236699462438702657e+00,1.000000000000000000e+00,2.910078363693946674e-04
3.242835385590245423e+00,1.000000000000000000e+00,2.910078363693318379e-04
3.248971308741787745e+00,1.000000000000000000e+00,2.910078363693269048e-04
3.255107231893330066e+00,1.000000000000000000e+00,2.910078363693652855e-04
3.261243155044872832e+00,1.000000000000000000e+00,2.910078363693920653e-04
3.267379078196415154e+00,1.000000000000000000e+00,2.910078363693363373e-04
3.273515001347957920e+00,1.000000000000000000e+00,2.910078363693063591e-04
3.279650924499500686e+00,1.000000000000000000e+00,2.910078363693670202e-04
3.285786847651043008e+00,1.000000000000000000e+00,2.910078363693670745e-04
3.291922770802585774e+00,1.000000000000000000e+00,2.910078363692666773e-04
3.298058693954128096e+00,1.000000000000000000e+00,2.910078363693308621e-04
3.304194617105670861e+00,1.000000000000000000e+00,2.910078363693761818e-04
3.310330540257213183e+00,1.000000000000000000e+00,2.910078363693495104e-04
3.316466463408755949e+00,1.000000000000000000e+00,2.910078363692795251e-04
3.322602386560298271e+00,1.000000000000000000e+00,2.910078363693195864e-04
3.328738309711841037e+00,1.000000000000000000e+00,2.910078363694040457e-04
3.334874232863383803e+00,1.000000000000000000e+00,2.910078363692243392e-04
3.341010156014926125e+00,1.000000000000000000e+00,2.910078363694377102e-04
3.347146079166468891e+00,1.000000000000000000e+00,2.910078363694585269e-04
3.353282002318011212e+00,1.000000000000000000e+00,2.910078363693487514e-04
3.359417925469553978e+00,1.000000000000000000e+00,2.910078363691353804e-04
3.365553848621096300e+00,1.000000000000000000e+00,2.910078363694663874e-04
3.371689771772639066e+00,1.000000000000000000e+00,2.910078363693559072e-04
3.377825694924181388e+00,1.000000000000000000e+00,2.910078363691468730e-04
3.383961618075724154e+00,1.000000000000000000e+00,2.910078363694087620e-04
3.390097541227266476e+00,1.000000000000000000e+00,2.910078363693205080e-04
3.396233464378809241e+00,1.000000000000000000e+00,2.910078363695948111e-04
3.402369387530352007e+00,1.000000000000000000e+00,2.910078363692161535e-04
3.408505310681894329e+00,1.000000000000000000e+00,2.910078363693581840e-04
3.414641233833437095e+00,1.000000000000000000e+00,2.910078363692722068e-04
3.420777156984979417e+00,1.000000000000000000e+00,2.910078363693798138e-04
3.426913080136522183e+00,1.000000000000000000e+00,2.910078363693565577e-04
3.433049003288064505e+00,1.000000000000000000e+00,2.910078363692523117e-04
3.439184926439607271e+00,1.000000000000000000e+00,2.910078363694434023e-04
3.445320849591150036e+00,1.000000000000000000e+00,2.910078363693548230e-04
3.451456772742692358e+00,1.000000000000000000e+00,2.910078363694117436e-04
3.457592695894234680e+00,1.000000000000000000e+00,2.910078363693590514e-04
3.463728619045777446e+00,1.000000000000000000e+00,2.910078363691948489e-04
3.469864542197320212e+00,1.000000000000000000e+00,2.910078363694205798e-04
3.476000465348862534e+00,1.000000000000000000e+00,2.910078363693526546e-04
3.482136388500405300e+00,1.000000000000000000e+00,2.910078363694447575e-04
3.488272311651947621e+00,1.000000000000000000e+00,2.910078363691570103e-04
3.494408234803490387e+00,1.000000000000000000e+00,2.910078363693472336e-04
3.500544157955032709e+00,1.000000000000000000e+00,2.910078363693499983e-04
3.506680081106575475e+00,1.000000000000000000e+00,2.910078363695143633e-04
3.512816004258117797e+00,1.000000000000000000e+00,2.910078363691333747e-04
3.518951927409660563e+00,1.000000000000000000e+00,2.910078363694114183e-04
3.525087850561202885e+00,1.000000000000000000e+00,2.910078363692292181e-04
3.531223773712745650e+00,1.000000000000000000e+00,2.910078363694697484e-04
3.537359696864288416e+00,1.000000000000000000e+00,2.910078363693541182e-04
3.543495620015831182e+00,1.000000000000000000e+00,2.910078363691962584e-04
3.549631543167373504e+00,1.000000000000000000e+00,2.910078363693769407e-04
3.555767466318916270e+00,1.000000000000000000e+00,2.910078363694816746e-04
3.561903389470458592e+00,1.000000000000000000e+00,2.910078363692956255e-04
3.568039312622000914e+00,1.000000000000000000e+00,2.910078363693315668e-04
3.574175235773543680e+00,1.000000000000000000e+00,2.910078363692993118e-04
3.580311158925086445e+00,1.000000000000000000e+00,2.910078363692316576e-04
3.586447082076628767e+00,1.000000000000000000e+00,2.910078363696063579e-04
3.592583005228171089e+00,1.000000000000000000e+00,2.910078363691952284e-04
3.598718928379713855e+00,1.000000000000000000e+00,2.910078363692687915e-04
3.604854851531256621e+00,1.000000000000000000e+00,2.910078363693256037e-04
3.610990774682798943e+00,1.000000000000000000e+00,2.910078363697766860e-04
3.617126697834341709e+00,1.000000000000000000e+00,2.910078363689775206e-04
3.623262620985884475e+00,1.000000000000000000e+00,2.910078363692588711e-04
3.629398544137426796e+00,1.000000000000000000e+00,2.910078363695988769e-04
3.635534467288969118e+00,1.000000000000000000e+00,2.910078363689565413e-04
3.641670390440511884e+00,1.000000000000000000e+00,2.910078363692677615e-04
3.647806313592054206e+00,1.000000000000000000e+00,2.910078363694303919e-04
3.653942236743596972e+00,1.000000000000000000e+00,2.910078363695744823e-04
3.660078159895139294e+00,1.000000000000000000e+00,2.910078363692968182e-04
3.666214083046682060e+00,1.000000000000000000e+00,2.910078363694038289e-04
3.672350006198224825e+00,1.000000000000000000e+00,2.910078363691962042e-04
3.678485929349767147e+00,1.000000000000000000e+00,2.910078363695011361e-04
3.684621852501309913e+00,1.000000000000000000e+00,2.910078363694504496e-04
3.690757775652852679e+00,1.000000000000000000e+00,2.910078363691795617e-04
3.696893698804395001e+00,1.000000000000000000e+00,2.910078363694058347e-04
3.703029621955937323e+00,1.000000000000000000e+00,2.910078363694163514e-04
3.709165545107480089e+00,1.000000000000000000e+00,2.910078363688281718e-04
3.715301468259022855e+00,1.000000000000000000e+00,2.910078363699739024e-04
3.721437391410565176e+00,1.000000000000000000e+00,2.910078363693468541e-04
3.727573314562107498e+00,1.000000000000000000e+00,2.910078363692402228e-04
3.733709237713650264e+00,1.000000000000000000e+00,2.910078363691565224e-04
3.739845160865193030e+00,1.000000000000000000e+00,2.910078363693064133e-04
3.745981084016735352e+00,1.000000000000000000e+00,2.910078363694809699e-04
3.752117007168278118e+00,1.000000000000000000e+00,2.910078363694548948e-04
3.758252930319820884e+00,1.000000000000000000e+00,2.910078363692684663e-04
3.764388853471363205e+00,1.000000000000000000e+00,2.910078363692979024e-04
3.770524776622905527e+00,1.000000000000000000e+00,2.910078363697810228e-04
3.776660699774448293e+00,1.000000000000000000e+00,2.910078363689334478e-04
3.782796622925991059e+00,1.000000000000000000e+00,2.910078363694511001e-04
3.788932546077533381e+00,1.000000000000000000e+00,2.910078363695118154e-04
3.795068469229076147e+00,1.000000000000000000e+00,2.910078363692035226e-04
3.801204392380618913e+00,1.000000000000000000e+00,2.910078363692874940e-04
3.807340315532161235e+00,1.000000000000000000e+00,2.910078363691499088e-04
3.813476238683703556e+00,1.000000000000000000e+00,2.910078363693427883e-04
3.819612161835246322e+00,1.000000000000000000e+00,2.910078363696329750e-04
3.825748084986789088e+00,1.000000000000000000e+00,2.910078363689877121e-04
3.831884008138331410e+00,1.000000000000000000e+00,2.910078363695187001e-04
3.838019931289874176e+00,1.000000000000000000e+00,2.910078363690301586e-04
3.844155854441416498e+00,1.000000000000000000e+00,2.910078363694611290e-04
3.850291777592959264e+00,1.000000000000000000e+00,2.910078363692672194e-04
3.856427700744501585e+00,1.000000000000000000e+00,2.910078363697321795e-04
3.862563623896044351e+00,1.000000000000000000e+00,2.910078363690938013e-04
3.868699547047586673e+00,1.000000000000000000e+00,2.910078363691683944e-04
3.874835470199129439e+00,1.000000000000000000e+00,2.910078363693557445e-04
3.880971393350671761e+00,1.000000000000000000e+00,2.910078363692704720e-04
3.887107316502214527e+00,1.000000000000000000e+00,2.910078363695462931e-04
3.893243239653756849e+00,1.000000000000000000e+00,2.910078363695809333e-04
3.899379162805299615e+00,1.000000000000000000e+00,2.910078363690806282e-04
3.905515085956841936e+00,1.000000000000000000e+00,2.910078363695913417e-04
3.911651009108384702e+00,1.000000000000000000e+00,2.910078363693298321e-04
3.917786932259927468e+00,1.000000000000000000e+00,2.910078363691611845e-04
3.923922855411469790e+00,1.000000000000000000e+00,2.910078363691924637e-04
3.930058778563012556e+00,1.000000000000000000e+00,2.910078363696721147e-04
3.936194701714554878e+00,1.000000000000000000e+00,2.910078363691249179e-04
3.942330624866097644e+00,1.000000000000000000e+00,2.910078363691907832e-04
3.948466548017639965e+00,1.000000000000000000e+00,2.910078363695874385e-04
3.954602471169182731e+00,1.000000000000000000e+00,2.910078363691953368e-04
3.960738394320725497e+00,1.000000000000000000e+00,2.910078363691958789e-04
3.966874317472267819e+00,1.000000000000000000e+00,2.910078363696907630e-04
3.973010240623810141e+00,1.000000000000000000e+00,2.910078363691688281e-04
3.979146163775352907e+00,1.000000000000000000e+00,2.910078363690006683e-04
3.985282086926895673e+00,1.000000000000000000e+00,2.910078363701193481e-04
3.991418010078437995e+00,1.000000000000000000e+00,2.910078363690363386e-04
3.997553933229980316e+00,1.000000000000000000e+00,2.910078363691446504e-04
4.003689856381523526e+00,1.000000000000000000e+00,2.910078363695549667e-04
4.009825779533065848e+00,1.000000000000000000e+00,2.910078363692184303e-04
4.015961702684608170e+00,1.000000000000000000e+00,2.910078363692256945e-04
4.022097625836150492e+00,1.000000000000000000e+00,2.910078363696276082e-04
4.028233548987693702e+00,1.000000000000000000e+00,2.910078363692819104e-04
4.034369472139236024e+00,1.000000000000000000e+00,2.910078363693483720e-04
4.040505395290778345e+00,1.000000000000000000e+00,2.910078363692408733e-04
4.046641318442320667e+00,1.000000000000000000e+00,2.910078363691553840e-04
4.052777241593863877e+00,1.000000000000000000e+00,2.910078363696247351e-04
4.058913164745406199e+00,1.000000000000000000e+00,2.910078363691351636e-04
4.065049087896948521e+00,1.000000000000000000e+00,2.910078363695120865e-04
4.071185011048491731e+00,1.000000000000000000e+00,2.910078363693111296e-04
4.077320934200034053e+00,1.000000000000000000e+00,2.910078363691926263e-04
4.083456857351576375e+00,1.000000000000000000e+00,2.910078363695786023e-04
4.089592780503118696e+00,1.000000000000000000e+00,2.910078363694379271e-04
4.095728703654661906e+00,1.000000000000000000e+00,2.910078363688995665e-04
4.101864626806204228e+00,1.000000000000000000e+00,2.910078363696842036e-04
4.108000549957746550e+00,1.000000000000000000e+00,2.910078363693936374e-04
4.114136473109288872e+00,1.000000000000000000e+00,2.910078363692365907e-04
4.120272396260832082e+00,1.000000000000000000e+00,2.910078363696063037e-04
4.126408319412374404e+00,1.000000000000000000e+00,2.910078363691958247e-04
4.132544242563916725e+00,1.000000000000000000e+00,2.910078363692676531e-04
4.138680165715459935e+00,1.000000000000000000e+00,2.910078363693283142e-04
4.144816088867002257e+00,1.000000000000000000e+00,2.910078363692480833e-04
4.150952012018544579e+00,1.000000000000000000e+00,2.910078363697228012e-04
4.157087935170086901e+00,1.000000000000000000e+00,2.910078363686999649e-04
4.163223858321630111e+00,1.000000000000000000e+00,2.910078363697115797e-04
4.169359781473172433e+00,1.000000000000000000e+00,2.910078363694812952e-04
4.175495704624714755e+00,1.000000000000000000e+00,2.910078363692141477e-04
4.181631627776257076e+00,1.000000000000000000e+00,2.910078363691872595e-04
4.187767550927800286e+00,1.000000000000000000e+00,2.910078363693895174e-04
4.193903474079342608e+00,1.000000000000000000e+00,2.910078363696279335e-04
4.200039397230884930e+00,1.000000000000000000e+00,2.910078363691683402e-04
4.206175320382428140e+00,1.000000000000000000e+00,2.910078363694566296e-04
4.212311243533970462e+00,1.000000000000000000e+00,2.910078363691155395e-04
4.218447166685512784e+00,1.000000000000000000e+00,2.910078363693316210e-04
4.224583089837055105e+00,1.000000000000000000e+00,2.910078363693717907e-04
4.230719012988598315e+00,1.000000000000000000e+00,2.910078363692304650e-04
4.236854936140140637e+00,1.000000000000000000e+00,2.910078363695181038e-04
4.242990859291682959e+00,1.000000000000000000e+00,2.910078363693053833e-04
4.249126782443225281e+00,1.000000000000000000e+00,2.910078363693343858e-04
4.255262705594768491e+00,1.000000000000000000e+00,2.910078363693638218e-04
4.261398628746310813e+00,1.000000000000000000e+00,2.910078363691036133e-04
4.267534551897853135e+00,1.000000000000000000e+00,2.910078363694635142e-04
4.273670475049396345e+00,1.000000000000000000e+00,2.910078363696051653e-04
4.279806398200938666e+00,1.000000000000000000e+00,2.910078363692126841e-04
4.285942321352480988e+00,1.000000000000000000e+00,2.910078363694190619e-04
4.292078244504023310e+00,1.000000000000000000e+00,2.910078363692587084e-04
4.298214167655566520e+00,1.000000000000000000e+00,2.910078363694987508e-04
4.304350090807108842e+00,1.000000000000000000e+00,2.910078363691706712e-04
4.310486013958651164e+00,1.000000000000000000e+00,2.910078363693740133e-04
4.316621937110193485e+00,1.000000000000000000e+00,2.910078363694257298e-04
4.322757860261736695e+00,1.000000000000000000e+00,2.910078363692366449e-04
4.328893783413279017e+00,1.000000000000000000e+00,2.910078363693290732e-04
4.335029706564821339e+00,1.000000000000000000e+00,2.910078363694744105e-04
4.341165629716364549e+00,1.000000000000000000e+00,2.910078363690728762e-04
4.347301552867906871e+00,1.000000000000000000e+00,2.910078363694657911e-04
4.353437476019449193e+00,1.000000000000000000e+00,2.910078363693556903e-04
4.359573399170991514e+00,1.000000000000000000e+00,2.910078363693715739e-04
4.365709322322534724e+00,1.000000000000000000e+00,2.910078363692646173e-04
4.371845245474077046e+00,1.000000000000000000e+00,2.910078363695067197e-04
4.377981168625619368e+00,1.000000000000000000e+00,2.910078363692021673e-04
4.384117091777162578e+00,1.000000000000000000e+00,2.910078363693456073e-04
4.390253014928704900e+00,1.000000000000000000e+00,2.910078363693644724e-04
4.396388938080247222e+00,1.000000000000000000e+00,2.910078363692855425e-04
4.402524861231789544e+00,1.000000000000000000e+00,2.910078363695103518e-04
4.408660784383332754e+00,1.000000000000000000e+00,2.910078363693342231e-04
4.414796707534875075e+00,1.000000000000000000e+00,2.910078363692796335e-04
4.420932630686417397e+00,1.000000000000000000e+00,2.910078363694616711e-04
4.427068553837959719e+00,1.000000000000000000e+00,2.910078363692943787e-04
4.433204476989502929e+00,1.000000000000000000e+00,2.910078363692367534e-04
4.439340400141045251e+00,1.000000000000000000e+00,2.910078363694075152e-04
4.445476323292587573e+00,1.000000000000000000e+00,2.910078363693969442e-04
4.451612246444130783e+00,1.000000000000000000e+00,2.910078363693039739e-04
4.457748169595673104e+00,1.000000000000000000e+00,2.910078363693378552e-04
4.463884092747215426e+00,1.000000000000000000e+00,2.910078363693170385e-04
4.470020015898757748e+00,1.000000000000000000e+00,2.910078363693063591e-04
4.476155939050300958e+00,1.000000000000000000e+00,2.910078363693566119e-04
4.482291862201843280e+00,1.000000000000000000e+00,2.910078363692944329e-04
4.488427785353385602e+00,1.000000000000000000e+00,2.910078363695087255e-04
4.494563708504927924e+00,1.000000000000000000e+00,2.910078363691518603e-04
4.500699631656471134e+00,1.000000000000000000e+00,2.910078363694488233e-04
4.506835554808013455e+00,1.000000000000000000e+00,2.910078363693346568e-04
4.512971477959555777e+00,1.000000000000000000e+00,2.910078363693068470e-04
4.519107401111098987e+00,1.000000000000000000e+00,2.910078363693658276e-04
4.525243324262641309e+00,1.000000000000000000e+00,2.910078363692845667e-04
4.531379247414183631e+00,1.000000000000000000e+00,2.910078363694260008e-04
4.537515170565725953e+00,1.000000000000000000e+00,2.910078363692629910e-04
4.543651093717269163e+00,1.000000000000000000e+00,2.910078363693911980e-04
4.549787016868811484e+00,1.000000000000000000e+00,2.910078363693041365e-04
4.555922940020353806e+00,1.000000000000000000e+00,2.910078363694154299e-04
4.562058863171896128e+00,1.000000000000000000e+00,2.910078363692896624e-04
4.568194786323439338e+00,1.000000000000000000e+00,2.910078363693388310e-04
4.574330709474981660e+00,1.000000000000000000e+00,2.910078363693436015e-04
4.580466632626523982e+00,1.000000000000000000e+00,2.910078363693739591e-04
4.586602555778067192e+00,1.000000000000000000e+00,2.910078363693988416e-04
4.592738478929609514e+00,1.000000000000000000e+00,2.910078363693132980e-04
4.598874402081151835e+00,1.000000000000000000e+00,2.910078363692880903e-04
4.605010325232694157e+00,1.000000000000000000e+00,2.910078363693845301e-04
4.611146248384237367e+00,1.000000000000000000e+00,2.910078363693130812e-04
4.617282171535779689e+00,1.000000000000000000e+00,2.910078363693584008e-04
4.623418094687322011e+00,1.000000000000000000e+00,2.910078363693381263e-04
4.629554017838864333e+00,1.000000000000000000e+00,2.910078363693168759e-04
4.635689940990407543e+00,1.000000000000000000e+00,2.910078363693609487e-04
4.641825864141949864e+00,1.000000000000000000e+00,2.910078363693393731e-04
4.647961787293492186e+00,1.000000000000000000e+00,2.910078363693291274e-04
4.654097710445035396e+00,1.000000000000000000e+00,2.910078363693681044e-04
4.660233633596577718e+00,1.000000000000000000e+00,2.910078363693452820e-04
4.666369556748120040e+00,1.000000000000000000e+00,2.910078363693117259e-04
4.672505479899662362e+00,1.000000000000000000e+00,2.910078363693454988e-04
4.678641403051205572e+00,1.000000000000000000e+00,2.910078363693501067e-04
4.684777326202747894e+00,1.000000000000000000e+00,2.910078363693409994e-04
4.690913249354290215e+00,1.000000000000000000e+00,2.910078363693479925e-04
4.697049172505832537e+00,1.000000000000000000e+00,2.910078363693363915e-04
4.703185095657375747e+00,1.000000000000000000e+00,2.910078363693376926e-04
4.709321018808918069e+00,1.000000000000000000e+00,2.910078363693472878e-04
4.715456941960460391e+00,1.000000000000000000e+00,2.910078363693497272e-04
4.721592865112003601e+00,1.000000000000000000e+00,2.910078363693420836e-04
4.727728788263545923e+00,1.000000000000000000e+00,2.910078363693393731e-04
4.733864711415088244e+00,1.000000000000000000e+00,2.910078363693292358e-04
4.740000634566630566e+00,1.000000000000000000e+00,2.910078363693626292e-04
4.746136557718173776e+00,1.000000000000000000e+00,2.910078363693321089e-04
4.752272480869716098e+00,1.000000000000000000e+00,2.910078363693464204e-04
4.758408404021258420e+00,1.000000000000000000e+00,2.910078363693663155e-04
4.764544327172800742e+00,1.000000000000000000e+00,2.910078363693312958e-04
4.770680250324343952e+00,1.000000000000000000e+00,2.910078363693665866e-04
4.776816173475886274e+00,1.000000000000000000e+00,2.910078363693424089e-04
4.782952096627428595e+00,1.000000000000000000e+00,2.910078363693226764e-04
4.789088019778971805e+00,1.000000000000000000e+00,2.910078363693568287e-04
4.795223942930514127e+00,1.000000000000000000e+00,2.910078363693360121e-04
4.801359866082056449e+00,1.000000000000000000e+00,2.910078363693315126e-04
4.807495789233598771e+00,1.000000000000000000e+00,2.910078363693704355e-04
4.813631712385141981e+00,1.000000000000000000e+00,2.910078363692864098e-04
4.819767635536684303e+00,1.000000000000000000e+00,2.910078363693484804e-04
4.825903558688226624e+00,1.000000000000000000e+00,2.910078363693827412e-04
4.832039481839768946e+00,1.000000000000000000e+00,2.910078363693268506e-04
4.838175404991312156e+00,1.000000000000000000e+00,2.910078363693203453e-04
4.844311328142854478e+00,1.000000000000000000e+00,2.910078363692710684e-04
4.850447251294396800e+00,1.000000000000000000e+00,2.910078363693820364e-04
4.856583174445940010e+00,1.000000000000000000e+00,2.910078363693550398e-04
4.862719097597482332e+00,1.000000000000000000e+00,2.910078363694294161e-04
4.868855020749024654e+00,1.000000000000000000e+00,2.910078363693145449e-04
4.874990943900566975e+00,1.000000000000000000e+00,2.910078363693383973e-04
4.881126867052110185e+00,1.000000000000000000e+00,2.910078363692942703e-04
4.887262790203652507e+00,1.000000000000000000e+00,2.910078363694006847e-04
4.893398713355194829e+00,1.000000000000000000e+00,2.910078363693311874e-04
4.899534636506737151e+00,1.000000000000000000e+00,2.910078363694003053e-04
4.905670559658280361e+00,1.000000000000000000e+00,2.910078363693332473e-04
4.911806482809822683e+00,1.000000000000000000e+00,2.910078363692274292e-04
4.917942405961365004e+00,1.000000000000000000e+00,2.910078363693077144e-04
4.924078329112908214e+00,1.000000000000000000e+00,2.910078363694371139e-04
4.930214252264450536e+00,1.000000000000000000e+00,2.910078363693000165e-04
4.936350175415992858e+00,1.000000000000000000e+00,2.910078363694876377e-04
4.942486098567535180e+00,1.000000000000000000e+00,2.910078363693335184e-04
4.948622021719078390e+00,1.000000000000000000e+00,2.910078363692757846e-04
4.954757944870620712e+00,1.000000000000000000e+00,2.910078363693220801e-04
4.960893868022163034e+00,1.000000000000000000e+00,2.910078363693652855e-04
4.967029791173705355e+00,1.000000000000000000e+00,2.910078363692637500e-04
4.973165714325248565e+00,1.000000000000000000e+00,2.910078363693698934e-04
4.979301637476790887e+00,1.000000000000000000e+00,2.910078363693512451e-04
4.985437560628333209e+00,1.000000000000000000e+00,2.910078363693841506e-04
4.991573483779876419e+00,1.000000000000000000e+00,2.910078363692765978e-04
4.997709406931418741e+00,1.000000000000000000e+00,2.910078363694370055e-04
5.003845330082961063e+00,1.000000000000000000e+00,2.910078363692256945e-04
5.009981253234503384e+00,1.000000000000000000e+00,2.910078363692988781e-04
5.016117176386046594e+00,1.000000000000000000e+00,2.910078363693848012e-04
5.022253099537588916e+00,1.000000000000000000e+00,2.910078363693737423e-04
5.028389022689131238e+00,1.000000000000000000e+00,2.910078363693767781e-04
5.034524945840673560e+00,1.000000000000000000e+00,2.910078363691681234e-04
5.040660868992216770e+00,1.000000000000000000e+00,2.910078363693591056e-04
5.046796792143759092e+00,1.000000000000000000e+00,2.910078363694209051e-04
5.052932715295301414e+00,1.000000000000000000e+00,2.910078363693296695e-04
5.059068638446844624e+00,1.000000000000000000e+00,2.910078363693951553e-04
5.065204561598386945e+00,1.000000000000000000e+00,2.910078363694284945e-04
5.071340484749929267e+00,1.000000000000000000e+00,2.910078363694108762e-04
5.077476407901471589e+00,1.000000000000000000e+00,2.910078363691590703e-04
5.083612331053014799e+00,1.000000000000000000e+00,2.910078363695507925e-04
5.089748254204557121e+00,1.000000000000000000e+00,2.910078363691676897e-04
5.095884177356099443e+00,1.000000000000000000e+00,2.910078363692232008e-04
5.102020100507642653e+00,1.000000000000000000e+00,2.910078363695294337e-04
5.108156023659184974e+00,1.000000000000000000e+00,2.910078363693611113e-04
5.114291946810727296e+00,1.000000000000000000e+00,2.910078363693528714e-04
5.120427869962269618e+00,1.000000000000000000e+00,2.910078363691535950e-04
5.126563793113812828e+00,1.000000000000000000e+00,2.910078363695173991e-04
5.132699716265355150e+00,1.000000000000000000e+00,2.910078363693778623e-04
5.138835639416897472e+00,1.000000000000000000e+00,2.910078363692514443e-04
5.144971562568439793e+00,1.000000000000000000e+00,2.910078363692307902e-04
5.151107485719983003e+00,1.000000000000000000e+00,2.910078363695118697e-04
5.157243408871525325e+00,1.000000000000000000e+00,2.910078363692843498e-04
5.163379332023067647e+00,1.000000000000000000e+00,2.910078363692100278e-04
5.169515255174610857e+00,1.000000000000000000e+00,2.910078363696261446e-04
5.175651178326153179e+00,1.000000000000000000e+00,2.910078363690624679e-04
5.181787101477695501e+00,1.000000000000000000e+00,2.910078363694610206e-04
5.187923024629237823e+00,1.000000000000000000e+00,2.910078363693263627e-04
5.194058947780781033e+00,1.000000000000000000e+00,2.910078363694851441e-04
5.200194870932323354e+00,1.000000000000000000e+00,2.910078363691589076e-04
5.206330794083865676e+00,1.000000000000000000e+00,2.910078363692017336e-04
5.212466717235407998e+00,1.000000000000000000e+00,2.910078363694753863e-04
5.218602640386951208e+00,1.000000000000000000e+00,2.910078363697310953e-04
5.224738563538493530e+00,1.000000000000000000e+00,2.910078363688184682e-04
5.230874486690035852e+00,1.000000000000000000e+00,2.910078363694971787e-04
5.237010409841579062e+00,1.000000000000000000e+00,2.910078363694661705e-04
5.243146332993121383e+00,1.000000000000000000e+00,2.910078363690885429e-04
5.249282256144663705e+00,1.000000000000000000e+00,2.910078363697372753e-04
5.255418179296206027e+00,1.000000000000000000e+00,2.910078363691886690e-04
5.261554102447749237e+00,1.000000000000000000e+00,2.910078363690554205e-04
5.267690025599291559e+00,1.000000000000000000e+00,2.910078363697476836e-04
5.273825948750833881e+00,1.000000000000000000e+00,2.910078363692140393e-04
5.279961871902376203e+00,1.000000000000000000e+00,2.910078363692904756e-04
5.286097795053919413e+00,1.000000000000000000e+00,2.910078363691370610e-04
5.292233718205461734e+00,1.000000000000000000e+00,2.910078363695416852e-04
5.298369641357004056e+00,1.000000000000000000e+00,2.910078363694047505e-04
5.304505564508547266e+00,1.000000000000000000e+00,2.910078363694571717e-04
5.310641487660089588e+00,1.000000000000000000e+00,2.910078363691105522e-04
5.316777410811631910e+00,1.000000000000000000e+00,2.910078363695635861e-04
5.322913333963174232e+00,1.000000000000000000e+00,2.910078363689717201e-04
5.329049257114717442e+00,1.000000000000000000e+00,2.910078363693195864e-04
5.335185180266259763e+00,1.000000000000000000e+00,2.910078363697022013e-04
5.341321103417802085e+00,1.000000000000000000e+00,2.910078363693678876e-04
5.347457026569344407e+00,1.000000000000000000e+00,2.910078363690619258e-04
5.353592949720887617e+00,1.000000000000000000e+00,2.910078363694669295e-04
5.359728872872429939e+00,1.000000000000000000e+00,2.910078363692962761e-04
5.365864796023972261e+00,1.000000000000000000e+00,2.910078363692455354e-04
5.372000719175515471e+00,1.000000000000000000e+00,2.910078363697685003e-04
5.378136642327057793e+00,1.000000000000000000e+00,2.910078363689713407e-04
5.384272565478600114e+00,1.000000000000000000e+00,2.910078363694607495e-04
5.390408488630142436e+00,1.000000000000000000e+00,2.910078363691995652e-04
5.396544411781685646e+00,1.000000000000000000e+00,2.910078363692743752e-04
5.402680334933227968e+00,1.000000000000000000e+00,2.910078363694955524e-04
5.408816258084770290e+00,1.000000000000000000e+00,2.910078363692604974e-04
5.414952181236312612e+00,1.000000000000000000e+00,2.910078363694756031e-04
5.421088104387855822e+00,1.000000000000000000e+00,2.910078363693450109e-04
5.427224027539398143e+00,1.000000000000000000e+00,2.910078363693035944e-04
5.433359950690940465e+00,1.000000000000000000e+00,2.910078363694726215e-04
5.439495873842483675e+00,1.000000000000000000e+00,2.910078363694209593e-04
5.445631796994025997e+00,1.000000000000000000e+00,2.910078363688691546e-04
5.451767720145568319e+00,1.000000000000000000e+00,2.910078363695046597e-04
5.457903643297110641e+00,1.000000000000000000e+00,2.910078363695707418e-04
5.464039566448653851e+00,1.000000000000000000e+00,2.910078363693655566e-04
5.470175489600196173e+00,1.000000000000000000e+00,2.910078363688688836e-04
5.476311412751738494e+00,1.000000000000000000e+00,2.910078363695662424e-04
5.482447335903280816e+00,1.000000000000000000e+00,2.910078363693792175e-04
5.488583259054824026e+00,1.000000000000000000e+00,2.910078363694707784e-04
5.494719182206366348e+00,1.000000000000000000e+00,2.910078363692587084e-04
5.500855105357908670e+00,1.000000000000000000e+00,2.910078363693600271e-04
5.506991028509451880e+00,1.000000000000000000e+00,2.910078363695084544e-04
5.513126951660994202e+00,1.000000000000000000e+00,2.910078363692986613e-04
5.519262874812536523e+00,1.000000000000000000e+00,2.910078363693779707e-04
5.525398797964078845e+00,1.000000000000000000e+00,2.910078363694300666e-04
5.531534721115622055e+00,1.000000000000000000e+00,2.910078363692586542e-04
5.537670644267164377e+00,1.000000000000000000e+00,2.910078363694790725e-04
5.543806567418706699e+00,1.000000000000000000e+00,2.910078363691371694e-04
5.549942490570249021e+00,1.000000000000000000e+00,2.910078363695614177e-04
5.556078413721792231e+00,1.000000000000000000e+00,2.910078363691786401e-04
5.562214336873334553e+00,1.000000000000000000e+00,2.910078363693721702e-04
5.568350260024876874e+00,1.000000000000000000e+00,2.910078363692016794e-04
5.574486183176420084e+00,1.000000000000000000e+00,2.910078363692944329e-04
5.580622106327962406e+00,1.000000000000000000e+00,2.910078363692638042e-04
5.586758029479504728e+00,1.000000000000000000e+00,2.910078363692246103e-04
5.592893952631047050e+00,1.000000000000000000e+00,2.910078363696651216e-04
5.599029875782590260e+00,1.000000000000000000e+00,2.910078363691090885e-04
5.605165798934132582e+00,1.000000000000000000e+00,2.910078363693200201e-04
5.611301722085674903e+00,1.000000000000000000e+00,2.910078363694276814e-04
5.617437645237217225e+00,1.000000000000000000e+00,2.910078363693476130e-04
5.623573568388760435e+00,1.000000000000000000e+00,2.910078363695990395e-04
5.629709491540302757e+00,1.000000000000000000e+00,2.910078363691197679e-04
5.635845414691845079e+00,1.000000000000000000e+00,2.910078363694863367e-04
5.641981337843388289e+00,1.000000000000000000e+00,2.910078363691959874e-04
5.648117260994930611e+00,1.000000000000000000e+00,2.910078363692454812e-04
5.654253184146472933e+00,1.000000000000000000e+00,2.910078363696137847e-04
5.660389107298015254e+00,1.000000000000000000e+00,2.910078363693766696e-04
5.666525030449558464e+00,1.000000000000000000e+00,2.910078363690961323e-04
5.672660953601100786e+00,1.000000000000000000e+00,2.910078363694314219e-04
5.678796876752643108e+00,1.000000000000000000e+00,2.910078363692441801e-04
5.684932799904185430e+00,1.000000000000000000e+00,2.910078363696524907e-04
5.691068723055728640e+00,1.000000000000000000e+00,2.910078363692274834e-04
5.697204646207270962e+00,1.000000000000000000e+00,2.910078363692670026e-04
5.703340569358813283e+00,1.000000000000000000e+00,2.910078363695291085e-04
5.709476492510356493e+00,1.000000000000000000e+00,2.910078363690575889e-04
5.715612415661898815e+00,1.000000000000000000e+00,2.910078363693057628e-04
5.721748338813441137e+00,1.000000000000000000e+00,2.910078363697509362e-04
5.727884261964983459e+00,1.000000000000000000e+00,2.910078363687790032e-04
5.734020185116526669e+00,1.000000000000000000e+00,2.910078363694565211e-04
5.740156108268068991e+00,1.000000000000000000e+00,2.910078363696246809e-04
5.746292031419611313e+00,1.000000000000000000e+00,2.910078363691069201e-04
5.752427954571153634e+00,1.000000000000000000e+00,2.910078363695836438e-04
5.758563877722696844e+00,1.000000000000000000e+00,2.910078363693200201e-04
5.764699800874239166e+00,1.000000000000000000e+00,2.910078363693932579e-04
5.770835724025781488e+00,1.000000000000000000e+00,2.910078363693024018e-04
5.776971647177324698e+00,1.000000000000000000e+00,2.910078363691111485e-04
5.783107570328867020e+00,1.000000000000000000e+00,2.910078363695397879e-04
5.789243493480409342e+00,1.000000000000000000e+00,2.910078363692859219e-04
5.795379416631951663e+00,1.000000000000000000e+00,2.910078363693508114e-04
5.801515339783494873e+00,1.000000000000000000e+00,2.910078363691212316e-04
5.807651262935037195e+00,1.000000000000000000e+00,2.910078363694972871e-04
5.813787186086579517e+00,1.000000000000000000e+00,2.910078363694271935e-04
5.819923109238121839e+00,1.000000000000000000e+00,2.910078363692065583e-04
5.826059032389665049e+00,1.000000000000000000e+00,2.910078363693212669e-04
5.832194955541207371e+00,1.000000000000000000e+00,2.910078363692329044e-04
5.838330878692749693e+00,1.000000000000000000e+00,2.910078363696261446e-04
5.844466801844292903e+00,1.000000000000000000e+00,2.910078363693535761e-04
5.850602724995835224e+00,1.000000000000000000e+00,2.910078363690865371e-04
5.856738648147377546e+00,1.000000000000000000e+00,2.910078363695582735e-04
5.862874571298919868e+00,1.000000000000000000e+00,2.910078363692734536e-04
5.869010494450463078e+00,1.000000000000000000e+00,2.910078363694663874e-04
5.875146417602005400e+00,1.000000000000000000e+00,2.910078363693974321e-04
5.881282340753547722e+00,1.000000000000000000e+00,2.910078363690755867e-04
5.887418263905090043e+00,1.000000000000000000e+00,2.910078363694704531e-04
5.893554187056633253e+00,1.000000000000000000e+00,2.910078363693709776e-04
5.899690110208175575e+00,1.000000000000000000e+00,2.910078363694502870e-04
5.905826033359717897e+00,1.000000000000000000e+00,2.910078363692340428e-04
5.911961956511261107e+00,1.000000000000000000e+00,2.910078363693529798e-04
5.918097879662803429e+00,1.000000000000000000e+00,2.910078363692687915e-04
5.924233802814345751e+00,1.000000000000000000e+00,2.910078363694193872e-04
5.930369725965888072e+00,1.000000000000000000e+00,2.910078363693032692e-04
5.936505649117431282e+00,1.000000000000000000e+00,2.910078363694403665e-04
5.942641572268973604e+00,1.000000000000000000e+00,2.910078363693360121e-04
5.948777495420515926e+00,1.000000000000000000e+00,2.910078363693821449e-04
5.954913418572059136e+00,1.000000000000000000e+00,2.910078363692454812e-04
5.961049341723601458e+00,1.000000000000000000e+00,2.910078363692939450e-04
5.967185264875143780e+00,1.000000000000000000e+00,2.910078363693751518e-04
5.973321188026686102e+00,1.000000000000000000e+00,2.910078363693418125e-04
5.979457111178229312e+00,1.000000000000000000e+00,2.910078363693472878e-04
5.985593034329771633e+00,1.000000000000000000e+00,2.910078363692725320e-04
5.991728957481313955e+00,1.000000000000000000e+00,2.910078363693174722e-04
5.997864880632856277e+00,1.000000000000000000e+00,2.910078363695141465e-04
6.004000803784399487e+00,1.000000000000000000e+00,2.910078363692152861e-04
6.010136726935941809e+00,1.000000000000000000e+00,2.910078363693224595e-04
6.016272650087484131e+00,1.000000000000000000e+00,2.910078363694139120e-04
6.022408573239027341e+00,1.000000000000000000e+00,2.910078363692333923e-04
6.028544496390569662e+00,1.000000000000000000e+00,2.910078363694163514e-04
6.034680419542111984e+00,1.000000000000000000e+00,2.910078363692759473e-04
6.040816342693654306e+00,1.000000000000000000e+00,2.910078363693119970e-04
6.046952265845197516e+00,1.000000000000000000e+00,2.910078363693984621e-04
6.053088188996739838e+00,1.000000000000000000e+00,2.910078363694030700e-04
6.059224112148282160e+00,1.000000000000000000e+00,2.910078363692752967e-04
6.065360035299824482e+00,1.000000000000000000e+00,2.910078363694551117e-04
6.071495958451367692e+00,1.000000000000000000e+00,2.910078363692353981e-04
6.077631881602910013e+00,1.000000000000000000e+00,2.910078363693430052e-04
6.083767804754452335e+00,1.000000000000000000e+00,2.910078363693632255e-04
6.089903727905995545e+00,1.000000000000000000e+00,2.910078363693375842e-04
6.096039651057537867e+00,1.000000000000000000e+00,2.910078363694278982e-04
6.102175574209080189e+00,1.000000000000000000e+00,2.910078363692749173e-04
6.108311497360622511e+00,1.000000000000000000e+00,2.910078363693999800e-04
6.114447420512165721e+00,1.000000000000000000e+00,2.910078363692705805e-04
6.120583343663708042e+00,1.000000000000000000e+00,2.910078363693883790e-04
6.126719266815250364e+00,1.000000000000000000e+00,2.910078363693154664e-04
6.132855189966792686e+00,1.000000000000000000e+00,2.910078363693975947e-04
6.138991113118335896e+00,1.000000000000000000e+00,2.910078363693208874e-04
6.145127036269878218e+00,1.000000000000000000e+00,2.910078363693047870e-04
6.151262959421420540e+00,1.000000000000000000e+00,2.910078363694033410e-04
6.157398882572963750e+00,1.000000000000000000e+00,2.910078363691952284e-04
6.163534805724506072e+00,1.000000000000000000e+00,2.910078363694927335e-04
6.169670728876048393e+00,1.000000000000000000e+00,2.910078363692683036e-04
6.175806652027590715e+00,1.000000000000000000e+00,2.910078363693756397e-04
6.181942575179133925e+00,1.000000000000000000e+00,2.910078363693472336e-04
6.188078498330676247e+00,1.000000000000000000e+00,2.910078363693726581e-04
6.194214421482218569e+00,1.000000000000000000e+00,2.910078363693303200e-04
6.200350344633760891e+00,1.000000000000000000e+00,2.910078363693319463e-04
6.206486267785304101e+00,1.000000000000000000e+00,2.910078363693671829e-04
6.212622190936846422e+00,1.000000000000000000e+00,2.910078363693116717e-04
6.218758114088388744e+00,1.000000000000000000e+00,2.910078363693380720e-04
6.224894037239931954e+00,1.000000000000000000e+00,2.910078363693570456e-04
6.231029960391474276e+00,1.000000000000000000e+00,2.910078363693689176e-04
6.237165883543016598e+00,1.000000000000000000e+00,2.910078363693448483e-04
6.243301806694558920e+00,1.000000000000000000e+00,2.910078363693013718e-04
6.249437729846102130e+00,1.000000000000000000e+00,2.910078363693821449e-04
6.255573652997644452e+00,1.000000000000000000e+00,2.910078363693194780e-04
6.261709576149186773e+00,1.000000000000000000e+00,2.910078363693527088e-04
6.267845499300729095e+00,1.000000000000000000e+00,2.910078363693405115e-04
6.273981422452272305e+00,1.000000000000000000e+00,2.910078363693416499e-04
6.280117345603814627e+00,1.000000000000000000e+00,2.910078363693427883e-04
3.067961575771282340e-03,0.000000000000000000e+00,2.294943169939163408e-04
9.203884727313848754e-03,0.000000000000000000e+00,2.294943169939205692e-04
1.533980787885641170e-02,0.000000000000000000e+00,2.294943169939059324e-04
2.147573103039897291e-02,0.000000000000000000e+00,2.294943169939387025e-04
2.761165418194154453e-02,0.000000000000000000e+00,2.294943169938714819e-04
3.374757733348410227e-02,0.000000000000000000e+00,2.294943169939503576e-04
3.988350048502667389e-02,0.000000000000000000e+00,2.294943169939434729e-04
4.601942363656923163e-02,0.000000000000000000e+00,2.294943169939000778e-04
5.215534678811179631e-02,0.000000000000000000e+00,2.294943169939354770e-04
5.829126993965436793e-02,0.000000000000000000e+00,2.294943169939025985e-04
6.442719309119693261e-02,0.000000000000000000e+00,2.294943169939532850e-04
7.056311624273949035e-02,0.000000000000000000e+00,2.294943169939072606e-04
7.669903939428206197e-02,0.000000000000000000e+00,2.294943169939200813e-04
8.283496254582463358e-02,0.000000000000000000e+00,2.294943169939557515e-04
8.897088569736719132e-02,0.000000000000000000e+00,2.294943169938676059e-04
9.510680884890974907e-02,0.000000000000000000e+00,2.294943169939197831e-04
1.012427320004523346e-01,0.000000000000000000e+00,2.294943169939560226e-04
1.073786551519948784e-01,0.000000000000000000e+00,2.294943169938563573e-04
1.135145783035374500e-01,0.000000000000000000e+00,2.294943169939204065e-04
1.196505014550800217e-01,0.000000000000000000e+00,2.294943169940347086e-04
1.257864246066225655e-01,0.000000000000000000e+00,2.294943169939117600e-04
1.319223477581651649e-01,0.000000000000000000e+00,2.294943169940671533e-04
1.380582709097076810e-01,0.000000000000000000e+00,2.294943169938536468e-04
1.441941940612502526e-01,0.000000000000000000e+00,2.294943169938446479e-04
1.503301172127928242e-01,0.000000000000000000e+00,2.294943169939595734e-04
1.564660403643354236e-01,0.000000000000000000e+00,2.294943169938833539e-04
1.626019635158779675e-01,0.000000000000000000e+00,2.294943169939049025e-04
1.687378866674205391e-01,0.000000000000000000e+00,2.294943169939896871e-04
1.748738098189630552e-01,0.000000000000000000e+00,2.294943169938255931e-04
1.810097329705056823e-01,0.000000000000000000e+00,2.294943169939670001e-04
1.871456561220482262e-01,0.000000000000000000e+00,2.294943169938191150e-04
1.932815792735907701e-01,0.000000000000000000e+00,2.294943169939500866e-04
1.994175024251333417e-01,0.000000000000000000e+00,2.294943169940916021e-04
2.055534255766759688e-01,0.000000000000000000e+00,2.294943169940031041e-04
2.116893487282184849e-01,0.000000000000000000e+00,2.294943169937407814e-04
2.178252718797610565e-01,0.000000000000000000e+00,2.294943169939114619e-04
2.239611950313036282e-01,0.000000000000000000e+00,2.294943169941557868e-04
2.300971181828461998e-01,0.000000000000000000e+00,2.294943169936037111e-04
2.362330413343887436e-01,0.000000000000000000e+00,2.294943169940963997e-04
2.423689644859312875e-01,0.000000000000000000e+00,2.294943169939170184e-04
2.485048876374738591e-01,0.000000000000000000e+00,2.294943169937232986e-04
2.546408107890164030e-01,0.000000000000000000e+00,2.294943169939416027e-04
2.607767339405590024e-01,0.000000000000000000e+00,2.294943169937819539e-04
2.669126570921016017e-01,0.000000000000000000e+00,2.294943169941847892e-04
2.730485802436441456e-01,0.000000000000000000e+00,2.294943169938709398e-04
2.791845033951866895e-01,0.000000000000000000e+00,2.294943169937623028e-04
2.853204265467291778e-01,0.000000000000000000e+00,2.294943169941736220e-04
2.914563496982718327e-01,0.000000000000000000e+00,2.294943169938565741e-04
2.975922728498143766e-01,0.000000000000000000e+00,2.294943169938732709e-04
3.037281960013569759e-01,0.000000000000000000e+00,2.294943169940284744e-04
3.098641191528994643e-01,0.000000000000000000e+00,2.294943169937784574e-04
3.160000423044421192e-01,0.000000000000000000e+00,2.294943169939617960e-04
3.221359654559846630e-01,0.000000000000000000e+00,2.294943169940221047e-04
3.282718886075272624e-01,0.000000000000000000e+00,2.294943169938840858e-04
3.344078117590698063e-01,0.000000000000000000e+00,2.294943169936766779e-04
3.405437349106123501e-01,0.000000000000000000e+00,2.294943169943480430e-04
3.466796580621548940e-01,0.000000000000000000e+00,2.294943169937351977e-04
3.528155812136974379e-01,0.000000000000000000e+00,2.294943169938206599e-04
3.589515043652399817e-01,0.000000000000000000e+00,2.294943169941967968e-04
3.650874275167824701e-01,0.000000000000000000e+00,2.294943169937639020e-04
3.712233506683251250e-01,0.000000000000000000e+00,2.294943169938566012e-04
3.773592738198677798e-01,0.000000000000000000e+00,2.294943169939815827e-04
3.834951969714103237e-01,0.000000000000000000e+00,2.294943169939263968e-04
3.896311201229529231e-01,0.000000000000000000e+00,2.294943169938455153e-04
3.957670432744954114e-01,0.000000000000000000e+00,2.294943169939475387e-04
4.019029664260379553e-01,0.000000000000000000e+00,2.294943169939415485e-04
4.080388895775804992e-01,0.000000000000000000e+00,2.294943169940903823e-04
4.141748127291230985e-01,0.000000000000000000e+00,2.294943169937738766e-04
4.203107358806656424e-01,0.000000000000000000e+00,2.294943169941453785e-04
4.264466590322082418e-01,0.000000000000000000e+00,2.294943169937808968e-04
4.325825821837508411e-01,0.000000000000000000e+00,2.294943169938434553e-04
4.387185053352934405e-01,0.000000000000000000e+00,2.294943169939025985e-04
4.448544284868359289e-01,0.000000000000000000e+00,2.294943169938592304e-04
4.509903516383785838e-01,0.000000000000000000e+00,2.294943169939613081e-04
4.571262747899210721e-01,0.000000000000000000e+00,2.294943169938493100e-04
4.632621979414635605e-01,0.000000000000000000e+00,2.294943169942577018e-04
4.693981210930062153e-01,0.000000000000000000e+00,2.294943169935141831e-04
4.755340442445488147e-01,0.000000000000000000e+00,2.294943169944394954e-04
4.816699673960913031e-01,0.000000000000000000e+00,2.294943169938991833e-04
4.878058905476339024e-01,0.000000000000000000e+00,2.294943169941229626e-04
4.939418136991764463e-01,0.000000000000000000e+00,2.294943169934466373e-04
5.000777368507189902e-01,0.000000000000000000e+00,2.294943169938666030e-04
5.062136600022616451e-01,0.000000000000000000e+00,2.294943169938255931e-04
5.123495831538041889e-01,0.000000000000000000e+00,2.294943169937030240e-04
5.184855063053467328e-01,0.000000000000000000e+00,2.294943169942915290e-04
5.246214294568893877e-01,0.000000000000000000e+00,2.294943169933725592e-04
5.307573526084318205e-01,0.000000000000000000e+00,2.294943169942890353e-04
5.368932757599743644e-01,0.000000000000000000e+00,2.294943169936670556e-04
5.430291989115170193e-01,0.000000000000000000e+00,2.294943169941762783e-04
5.491651220630595631e-01,0.000000000000000000e+00,2.294943169941164303e-04
5.553010452146021070e-01,0.000000000000000000e+00,2.294943169936467268e-04
5.614369683661446508e-01,0.000000000000000000e+00,2.294943169941183819e-04
5.675728915176871947e-01,0.000000000000000000e+00,2.294943169939003759e-04
5.737088146692298496e-01,0.000000000000000000e+00,2.294943169942126532e-04
5.798447378207725045e-01,0.000000000000000000e+00,2.294943169937383961e-04
5.859806609723149373e-01,0.000000000000000000e+00,2.294943169940890271e-04
5.921165841238573702e-01,0.000000000000000000e+00,2.294943169933126299e-04
5.982525072753999140e-01,0.000000000000000000e+00,2.294943169943556866e-04
6.043884304269426799e-01,0.000000000000000000e+00,2.294943169941008720e-04
6.105243535784852238e-01,0.000000000000000000e+00,2.294943169934245467e-04
6.166602767300277677e-01,0.000000000000000000e+00,2.294943169939138200e-04
6.227961998815703115e-01,0.000000000000000000e+00,2.294943169940797030e-04
6.289321230331128554e-01,0.000000000000000000e+00,2.294943169938015238e-04
6.350680461846553992e-01,0.000000000000000000e+00,2.294943169943373907e-04
6.412039693361980541e-01,0.000000000000000000e+00,2.294943169940244086e-04
6.473398924877405980e-01,0.000000000000000000e+00,2.294943169943314547e-04
6.534758156392831419e-01,0.000000000000000000e+00,2.294943169937723316e-04
6.596117387908255747e-01,0.000000000000000000e+00,2.294943169937845560e-04
6.657476619423681186e-01,0.000000000000000000e+00,2.294943169938768758e-04
6.718835850939107734e-01,0.000000000000000000e+00,2.294943169936123847e-04
6.780195082454533173e-01,0.000000000000000000e+00,2.294943169937780508e-04
6.841554313969959722e-01,0.000000000000000000e+00,2.294943169938512887e-04
6.902913545485386271e-01,0.000000000000000000e+00,2.294943169940728183e-04
6.964272777000811709e-01,0.000000000000000000e+00,2.294943169938029332e-04
7.025632008516236038e-01,0.000000000000000000e+00,2.294943169939295681e-04
7.086991240031661476e-01,0.000000000000000000e+00,2.294943169939450721e-04
7.148350471547088025e-01,0.000000000000000000e+00,2.294943169944206845e-04
7.209709703062514574e-01,0.000000000000000000e+00,2.294943169937796229e-04
7.271068934577938903e-01,0.000000000000000000e+00,2.294943169935411526e-04
7.332428166093364341e-01,0.000000000000000000e+00,2.294943169939736138e-04
7.393787397608789780e-01,0.000000000000000000e+00,2.294943169940673973e-04
7.455146629124216329e-01,0.000000000000000000e+00,2.294943169936213023e-04
7.516505860639642878e-01,0.000000000000000000e+00,2.294943169939806882e-04
7.577865092155068316e-01,0.000000000000000000e+00,2.294943169944003015e-04
7.639224323670491534e-01,0.000000000000000000e+00,2.294943169931529269e-04
7.700583555185919193e-01,0.000000000000000000e+00,2.294943169939796853e-04
7.761942786701344632e-01,0.000000000000000000e+00,2.294943169943672063e-04
7.823302018216770071e-01,0.000000000000000000e+00,2.294943169938458134e-04
7.884661249732195509e-01,0.000000000000000000e+00,2.294943169935735974e-04
7.946020481247622058e-01,0.000000000000000000e+00,2.294943169944302255e-04
8.007379712763047497e-01,0.000000000000000000e+00,2.294943169938846008e-04
8.068738944278472935e-01,0.000000000000000000e+00,2.294943169933953816e-04
8.130098175793898374e-01,0.000000000000000000e+00,2.294943169943773707e-04
8.191457407309322702e-01,0.000000000000000000e+00,2.294943169939752401e-04
8.252816638824748141e-01,0.000000000000000000e+00,2.294943169934357682e-04
8.314175870340174690e-01,0.000000000000000000e+00,2.294943169942410864e-04
8.375535101855601239e-01,0.000000000000000000e+00,2.294943169937791621e-04
8.436894333371025567e-01,0.000000000000000000e+00,2.294943169941154274e-04
8.498253564886451006e-01,0.000000000000000000e+00,2.294943169936247717e-04
8.559612796401878665e-01,0.000000000000000000e+00,2.294943169941351057e-04
8.620972027917302993e-01,0.000000000000000000e+00,2.294943169939265323e-04
8.682331259432729542e-01,0.000000000000000000e+00,2.294943169940015320e-04
8.743690490948154981e-01,0.000000000000000000e+00,2.294943169936422003e-04
8.805049722463580419e-01,0.000000000000000000e+00,2.294943169940535195e-04
8.866408953979005858e-01,0.000000000000000000e+00,2.294943169942875174e-04
8.927768185494431297e-01,0.000000000000000000e+00,2.294943169934369337e-04
8.989127417009856735e-01,0.000000000000000000e+00,2.294943169941144245e-04
9.050486648525283284e-01,0.000000000000000000e+00,2.294943169938073243e-04
9.111845880040708723e-01,0.000000000000000000e+00,2.294943169939949997e-04
9.173205111556135272e-01,0.000000000000000000e+00,2.294943169937938530e-04
9.234564343071560710e-01,0.000000000000000000e+00,2.294943169940410240e-04
9.295923574586983928e-01,0.000000000000000000e+00,2.294943169941611265e-04
9.357282806102410477e-01,0.000000000000000000e+00,2.294943169935815663e-04
9.418642037617835916e-01,0.000000000000000000e+00,2.294943169939978186e-04
9.480001269133262465e-01,0.000000000000000000e+00,2.294943169941565458e-04
9.541360500648689014e-01,0.000000000000000000e+00,2.294943169938743009e-04
9.602719732164113342e-01,0.000000000000000000e+00,2.294943169940556608e-04
9.664078963679539891e-01,0.000000000000000000e+00,2.294943169935400955e-04
9.725438195194966440e-01,0.000000000000000000e+00,2.294943169943777230e-04
9.786797426710390768e-01,0.000000000000000000e+00,2.294943169937625467e-04
9.848156658225816207e-01,0.000000000000000000e+00,2.294943169940071698e-04
9.909515889741241645e-01,0.000000000000000000e+00,2.294943169937702174e-04
9.970875121256667084e-01,0.000000000000000000e+00,2.294943169936555089e-04
1.003223435277209363e+00,0.000000000000000000e+00,2.294943169941371115e-04
1.009359358428751685e+00,0.000000000000000000e+00,2.294943169940800011e-04
1.015495281580294451e+00,0.000000000000000000e+00,2.294943169937193413e-04
1.021631204731837217e+00,0.000000000000000000e+00,2.294943169941849790e-04
1.027767127883379761e+00,0.000000000000000000e+00,2.294943169938515055e-04
1.033903051034922305e+00,0.000000000000000000e+00,2.294943169936465371e-04
1.040038974186464849e+00,0.000000000000000000e+00,2.294943169942173424e-04
1.046174897338007170e+00,0.000000000000000000e+00,2.294943169937608662e-04
1.052310820489549936e+00,0.000000000000000000e+00,2.294943169942012691e-04
1.058446743641092258e+00,0.000000000000000000e+00,2.294943169935812681e-04
1.064582666792635024e+00,0.000000000000000000e+00,2.294943169936175347e-04
1.070718589944177568e+00,0.000000000000000000e+00,2.294943169941453785e-04
1.076854513095720112e+00,0.000000000000000000e+00,2.294943169943457120e-04
1.082990436247262656e+00,0.000000000000000000e+00,2.294943169936526086e-04
1.089126359398805421e+00,0.000000000000000000e+00,2.294943169936821531e-04
1.095262282550347743e+00,0.000000000000000000e+00,2.294943169943478261e-04
1.101398205701890287e+00,0.000000000000000000e+00,2.294943169938437535e-04
1.107534128853433053e+00,0.000000000000000000e+00,2.294943169939280231e-04
1.113670052004975375e+00,0.000000000000000000e+00,2.294943169936581651e-04
1.119805975156518141e+00,0.000000000000000000e+00,2.294943169941180837e-04
1.125941898308060463e+00,0.000000000000000000e+00,2.294943169938506110e-04
1.132077821459603006e+00,0.000000000000000000e+00,2.294943169938258912e-04
1.138213744611145550e+00,0.000000000000000000e+00,2.294943169939745353e-04
1.144349667762688316e+00,0.000000000000000000e+00,2.294943169937560957e-04
1.150485590914231082e+00,0.000000000000000000e+00,2.294943169940887831e-04
1.156621514065773626e+00,0.000000000000000000e+00,2.294943169937118060e-04
1.162757437217316170e+00,0.000000000000000000e+00,2.294943169940522455e-04
1.168893360368858492e+00,0.000000000000000000e+00,2.294943169940373920e-04
1.175029283520401036e+00,0.000000000000000000e+00,2.294943169937764516e-04
1.181165206671943579e+00,0.000000000000000000e+00,2.294943169941666831e-04
1.187301129823486345e+00,0.000000000000000000e+00,2.294943169936968170e-04
1.193437052975028667e+00,0.000000000000000000e+00,2.294943169939186447e-04
1.199572976126571433e+00,0.000000000000000000e+00,2.294943169940628978e-04
1.205708899278113755e+00,0.000000000000000000e+00,2.294943169939429037e-04
1.211844822429656521e+00,0.000000000000000000e+00,2.294943169937546862e-04
1.217980745581199287e+00,0.000000000000000000e+00,2.294943169940816274e-04
1.224116668732741608e+00,0.000000000000000000e+00,2.294943169936870591e-04
1.230252591884284374e+00,0.000000000000000000e+00,2.294943169943278497e-04
1.236388515035826696e+00,0.000000000000000000e+00,2.294943169936825597e-04
1.242524438187369462e+00,0.000000000000000000e+00,2.294943169937986777e-04
1.248660361338911784e+00,0.000000000000000000e+00,2.294943169940521642e-04
1.254796284490454550e+00,0.000000000000000000e+00,2.294943169942150385e-04
1.260932207641996872e+00,0.000000000000000000e+00,2.294943169935929504e-04
1.267068130793539638e+00,0.000000000000000000e+00,2.294943169938213647e-04
1.273204053945082181e+00,0.000000000000000000e+00,2.294943169939720417e-04
1.279339977096624725e+00,0.000000000000000000e+00,2.294943169940420540e-04
1.285475900248167491e+00,0.000000000000000000e+00,2.294943169940317812e-04
1.291611823399709813e+00,0.000000000000000000e+00,2.294943169937872123e-04
1.297747746551252579e+00,0.000000000000000000e+00,2.294943169939935089e-04
1.303883669702794901e+00,0.000000000000000000e+00,2.294943169938935454e-04
1.310019592854337667e+00,0.000000000000000000e+00,2.294943169940210747e-04
1.316155516005879988e+00,0.000000000000000000e+00,2.294943169938694219e-04
1.322291439157422754e+00,0.000000000000000000e+00,2.294943169938143987e-04
1.328427362308965076e+00,0.000000000000000000e+00,2.294943169937925520e-04
1.334563285460507842e+00,0.000000000000000000e+00,2.294943169940178763e-04
1.340699208612050386e+00,0.000000000000000000e+00,2.294943169938591491e-04
1.346835131763592930e+00,0.000000000000000000e+00,2.294943169939624465e-04
1.352971054915135696e+00,0.000000000000000000e+00,2.294943169939297578e-04
1.359106978066678240e+00,0.000000000000000000e+00,2.294943169937932838e-04
1.365242901218220561e+00,0.000000000000000000e+00,2.294943169940734417e-04
1.371378824369763105e+00,0.000000000000000000e+00,2.294943169938669283e-04
1.377514747521305871e+00,0.000000000000000000e+00,2.294943169938801013e-04
1.383650670672848415e+00,0.000000000000000000e+00,2.294943169940032667e-04
1.389786593824390737e+00,0.000000000000000000e+00,2.294943169938947110e-04
1.395922516975933503e+00,0.000000000000000000e+00,2.294943169939464003e-04
1.402058440127476047e+00,0.000000000000000000e+00,2.294943169939317636e-04
1.408194363279018591e+00,0.000000000000000000e+00,2.294943169938689340e-04
1.414330286430561134e+00,0.000000000000000000e+00,2.294943169940448459e-04
1.420466209582103900e+00,0.000000000000000000e+00,2.294943169938576041e-04
1.426602132733646444e+00,0.000000000000000000e+00,2.294943169939227376e-04
1.432738055885188988e+00,0.000000000000000000e+00,2.294943169939380248e-04
1.438873979036731310e+00,0.000000000000000000e+00,2.294943169937610830e-04
1.445009902188274076e+00,0.000000000000000000e+00,2.294943169940550374e-04
1.451145825339816398e+00,0.000000000000000000e+00,2.294943169938566555e-04
1.457281748491359163e+00,0.000000000000000000e+00,2.294943169938976112e-04
1.463417671642901485e+00,0.000000000000000000e+00,2.294943169939770561e-04
1.469553594794444251e+00,0.000000000000000000e+00,2.294943169939294054e-04
1.475689517945986795e+00,0.000000000000000000e+00,2.294943169939529868e-04
1.481825441097529339e+00,0.000000000000000000e+00,2.294943169938765777e-04
1.487961364249071883e+00,0.000000000000000000e+00,2.294943169939610099e-04
1.494097287400614427e+00,0.000000000000000000e+00,2.294943169938994001e-04
1.500233210552157193e+00,0.000000000000000000e+00,2.294943169939310317e-04
1.506369133703699514e+00,0.000000000000000000e+00,2.294943169939329020e-04
1.512505056855242280e+00,0.000000000000000000e+00,2.294943169939001049e-04
1.518640980006784602e+00,0.000000000000000000e+00,2.294943169939175334e-04
1.524776903158327368e+00,0.000000000000000000e+00,2.294943169938765506e-04
1.530912826309869690e+00,0.000000000000000000e+00,2.294943169939543421e-04
1.537048749461412456e+00,0.000000000000000000e+00,2.294943169939213823e-04
1.543184672612955000e+00,0.000000000000000000e+00,2.294943169938746261e-04
1.549320595764497543e+00,0.000000000000000000e+00,2.294943169939483519e-04
1.555456518916040087e+00,0.000000000000000000e+00,2.294943169938914855e-04
1.561592442067582631e+00,0.000000000000000000e+00,2.294943169939363443e-04
1.567728365219125397e+00,0.000000000000000000e+00,2.294943169939173708e-04
1.573864288370667719e+00,0.000000000000000000e+00,2.294943169939100253e-04
1.580000211522210485e+00,0.000000000000000000e+00,2.294943169939321972e-04
1.586136134673752807e+00,0.000000000000000000e+00,2.294943169939195934e-04
1.592272057825295573e+00,0.000000000000000000e+00,2.294943169939256107e-04
1.598407980976838116e+00,0.000000000000000000e+00,2.294943169939278875e-04
1.604543904128380660e+00,0.000000000000000000e+00,2.294943169939396782e-04
1.610679827279923204e+00,0.000000000000000000e+00,2.294943169939060409e-04
1.616815750431465748e+00,0.000000000000000000e+00,2.294943169939217347e-04
1.622951673583008514e+00,0.000000000000000000e+00,2.294943169939300288e-04
1.629087596734551058e+00,0.000000000000000000e+00,2.294943169939231171e-04
1.635223519886093602e+00,0.000000000000000000e+00,2.294943169938927594e-04
1.641359443037635923e+00,0.000000000000000000e+00,2.294943169938784208e-04
1.647495366189178689e+00,0.000000000000000000e+00,2.294943169939281315e-04
1.653631289340721233e+00,0.000000000000000000e+00,2.294943169938991833e-04
1.659767212492263777e+00,0.000000000000000000e+00,2.294943169938935725e-04
1.665903135643806321e+00,0.000000000000000000e+00,2.294943169939362901e-04
1.672039058795348865e+00,0.000000000000000000e+00,2.294943169939057969e-04
1.678174981946891631e+00,0.000000000000000000e+00,2.294943169938420729e-04
1.684310905098433953e+00,0.000000000000000000e+00,2.294943169939146061e-04
1.690446828249976718e+00,0.000000000000000000e+00,2.294943169940254115e-04
1.696582751401519040e+00,0.000000000000000000e+00,2.294943169940021283e-04
1.702718674553061806e+00,0.000000000000000000e+00,2.294943169937743374e-04
1.708854597704604128e+00,0.000000000000000000e+00,2.294943169941173790e-04
1.714990520856146894e+00,0.000000000000000000e+00,2.294943169939166118e-04
1.721126444007689216e+00,0.000000000000000000e+00,2.294943169938402298e-04
1.727262367159231982e+00,0.000000000000000000e+00,2.294943169939246078e-04
1.733398290310774525e+00,0.000000000000000000e+00,2.294943169939120040e-04
1.739534213462317069e+00,0.000000000000000000e+00,2.294943169939247705e-04
1.745670136613859835e+00,0.000000000000000000e+00,2.294943169938196571e-04
1.751806059765402157e+00,0.000000000000000000e+00,2.294943169939807424e-04
1.757941982916944701e+00,0.000000000000000000e+00,2.294943169939055259e-04
1.764077906068487245e+00,0.000000000000000000e+00,2.294943169939071251e-04
1.770213829220030011e+00,0.000000000000000000e+00,2.294943169940825490e-04
1.776349752371572333e+00,0.000000000000000000e+00,2.294943169937283943e-04
1.782485675523114876e+00,0.000000000000000000e+00,2.294943169939819079e-04
1.788621598674657420e+00,0.000000000000000000e+00,2.294943169939665122e-04
1.794757521826200186e+00,0.000000000000000000e+00,2.294943169938117153e-04
1.800893444977742730e+00,0.000000000000000000e+00,2.294943169939942136e-04
1.807029368129285274e+00,0.000000000000000000e+00,2.294943169938061316e-04
1.813165291280827818e+00,0.000000000000000000e+00,2.294943169939413045e-04
1.819301214432370362e+00,0.000000000000000000e+00,2.294943169938564115e-04
1.825437137583913128e+00,0.000000000000000000e+00,2.294943169939897684e-04
1.831573060735455671e+00,0.000000000000000000e+00,2.294943169939761887e-04
1.837708983886998215e+00,0.000000000000000000e+00,2.294943169938757916e-04
1.843844907038540537e+00,0.000000000000000000e+00,2.294943169941122561e-04
1.849980830190083081e+00,0.000000000000000000e+00,2.294943169941120935e-04
1.856116753341625625e+00,0.000000000000000000e+00,2.294943169936818279e-04
1.862252676493168391e+00,0.000000000000000000e+00,2.294943169938878805e-04
1.868388599644710935e+00,0.000000000000000000e+00,2.294943169938355406e-04
1.874524522796253478e+00,0.000000000000000000e+00,2.294943169940795945e-04
1.880660445947796244e+00,0.000000000000000000e+00,2.294943169936895799e-04
1.886796369099338566e+00,0.000000000000000000e+00,2.294943169939038183e-04
1.892932292250881332e+00,0.000000000000000000e+00,2.294943169939051193e-04
1.899068215402423654e+00,0.000000000000000000e+00,2.294943169939222768e-04
1.905204138553966420e+00,0.000000000000000000e+00,2.294943169938327217e-04
1.911340061705508964e+00,0.000000000000000000e+00,2.294943169941996157e-04
1.917475984857051508e+00,0.000000000000000000e+00,2.294943169936468352e-04
1.923611908008594051e+00,0.000000000000000000e+00,2.294943169942045759e-04
1.929747831160136595e+00,0.000000000000000000e+00,2.294943169937197478e-04
1.935883754311679361e+00,0.000000000000000000e+00,2.294943169940737669e-04
1.942019677463221905e+00,0.000000000000000000e+00,2.294943169939540439e-04
1.948155600614764449e+00,0.000000000000000000e+00,2.294943169937449013e-04
1.954291523766306771e+00,0.000000000000000000e+00,2.294943169941614247e-04
1.960427446917849537e+00,0.000000000000000000e+00,2.294943169937762077e-04
1.966563370069392080e+00,0.000000000000000000e+00,2.294943169939703070e-04
1.972699293220934402e+00,0.000000000000000000e+00,2.294943169940443038e-04
1.978835216372477168e+00,0.000000000000000000e+00,2.294943169936843215e-04
1.984971139524019712e+00,0.000000000000000000e+00,2.294943169941280584e-04
1.991107062675562256e+00,0.000000000000000000e+00,2.294943169936087797e-04
1.997242985827104800e+00,0.000000000000000000e+00,2.294943169940801908e-04
2.003378908978647566e+00,0.000000000000000000e+00,2.294943169939778422e-04
2.009514832130189887e+00,0.000000000000000000e+00,2.294943169936305993e-04
2.015650755281732209e+00,0.000000000000000000e+00,2.294943169940412409e-04
2.021786678433274975e+00,0.000000000000000000e+00,2.294943169941460019e-04
2.027922601584817741e+00,0.000000000000000000e+00,2.294943169937240575e-04
2.034058524736360063e+00,0.000000000000000000e+00,2.294943169937903836e-04
2.040194447887902829e+00,0.000000000000000000e+00,2.294943169942313828e-04
2.046330371039445595e+00,0.000000000000000000e+00,2.294943169934499170e-04
2.052466294190987917e+00,0.000000000000000000e+00,2.294943169943597524e-04
2.058602217342530238e+00,0.000000000000000000e+00,2.294943169939775982e-04
2.064738140494073004e+00,0.000000000000000000e+00,2.294943169935936009e-04
2.070874063645615770e+00,0.000000000000000000e+00,2.294943169942802532e-04
2.077009986797158092e+00,0.000000000000000000e+00,2.294943169934824160e-04
2.083145909948700414e+00,0.000000000000000000e+00,2.294943169942859453e-04
2.089281833100243180e+00,0.000000000000000000e+00,2.294943169938180850e-04
2.095417756251785946e+00,0.000000000000000000e+00,2.294943169935943598e-04
2.101553679403328267e+00,0.000000000000000000e+00,2.294943169939467256e-04
2.107689602554871033e+00,0.000000000000000000e+00,2.294943169941758717e-04
2.113825525706413799e+00,0.000000000000000000e+00,2.294943169939660515e-04
2.119961448857956121e+00,0.000000000000000000e+00,2.294943169941069435e-04
2.126097372009498443e+00,0.000000000000000000e+00,2.294943169937879170e-04
2.132233295161041209e+00,0.000000000000000000e+00,2.294943169937779424e-04
2.138369218312583975e+00,0.000000000000000000e+00,2.294943169938420187e-04
2.144505141464126297e+00,0.000000000000000000e+00,2.294943169943829814e-04
2.150641064615668618e+00,0.000000000000000000e+00,2.294943169939391090e-04
2.156776987767211384e+00,0.000000000000000000e+00,2.294943169936645348e-04
2.162912910918753706e+00,0.000000000000000000e+00,2.294943169937547676e-04
2.169048834070296472e+00,0.000000000000000000e+00,2.294943169940709751e-04
2.175184757221839238e+00,0.000000000000000000e+00,2.294943169936735066e-04
2.181320680373381560e+00,0.000000000000000000e+00,2.294943169940050556e-04
2.187456603524924326e+00,0.000000000000000000e+00,2.294943169937718166e-04
2.193592526676466647e+00,0.000000000000000000e+00,2.294943169940532484e-04
2.199728449828009413e+00,0.000000000000000000e+00,2.294943169940349796e-04
2.205864372979552179e+00,0.000000000000000000e+00,2.294943169937222144e-04
2.212000296131094501e+00,0.000000000000000000e+00,2.294943169940180118e-04
2.218136219282636823e+00,0.000000000000000000e+00,2.294943169938897507e-04
2.224272142434180033e+00,0.000000000000000000e+00,2.294943169941338589e-04
2.230408065585722355e+00,0.000000000000000000e+00,2.294943169940486677e-04
2.236543988737264677e+00,0.000000000000000000e+00,2.294943169937795958e-04
2.242679911888807442e+00,0.000000000000000000e+00,2.294943169940280407e-04
2.248815835040350208e+00,0.000000000000000000e+00,2.294943169935542715e-04
2.254951758191892530e+00,0.000000000000000000e+00,2.294943169943571232e-04
2.261087681343434852e+00,0.000000000000000000e+00,2.294943169939553992e-04
2.267223604494977618e+00,0.000000000000000000e+00,2.294943169938998880e-04
2.273359527646520384e+00,0.000000000000000000e+00,2.294943169935283319e-04
2.279495450798062706e+00,0.000000000000000000e+00,2.294943169941933002e-04
2.285631373949605472e+00,0.000000000000000000e+00,2.294943169941116869e-04
2.291767297101148237e+00,0.000000000000000000e+00,2.294943169935507207e-04
2.297903220252690559e+00,0.000000000000000000e+00,2.294943169939928584e-04
2.304039143404232881e+00,0.000000000000000000e+00,2.294943169938431842e-04
2.310175066555775647e+00,0.000000000000000000e+00,2.294943169939763785e-04
2.316310989707317969e+00,0.000000000000000000e+00,2.294943169937278522e-04
2.322446912858860735e+00,0.000000000000000000e+00,2.294943169941605031e-04
2.328582836010403501e+00,0.000000000000000000e+00,2.294943169941632949e-04
2.334718759161945822e+00,0.000000000000000000e+00,2.294943169935042084e-04
2.340854682313488588e+00,0.000000000000000000e+00,2.294943169936126016e-04
2.346990605465030910e+00,0.000000000000000000e+00,2.294943169945218677e-04
2.353126528616573232e+00,0.000000000000000000e+00,2.294943169936782229e-04
2.359262451768116442e+00,0.000000000000000000e+00,2.294943169937758824e-04
2.365398374919658764e+00,0.000000000000000000e+00,2.294943169942449625e-04
2.371534298071201086e+00,0.000000000000000000e+00,2.294943169938826221e-04
2.377670221222743852e+00,0.000000000000000000e+00,2.294943169935350269e-04
2.383806144374286617e+00,0.000000000000000000e+00,2.294943169942370749e-04
2.389942067525828939e+00,0.000000000000000000e+00,2.294943169936806894e-04
2.396077990677371261e+00,0.000000000000000000e+00,2.294943169939598444e-04
2.402213913828914027e+00,0.000000000000000000e+00,2.294943169938468434e-04
2.408349836980456349e+00,0.000000000000000000e+00,2.294943169938097637e-04
2.414485760131999115e+00,0.000000000000000000e+00,2.294943169940375546e-04
2.420621683283541881e+00,0.000000000000000000e+00,2.294943169935838431e-04
2.426757606435084647e+00,0.000000000000000000e+00,2.294943169942631229e-04
2.432893529586626968e+00,0.000000000000000000e+00,2.294943169943963984e-04
2.439029452738169290e+00,0.000000000000000000e+00,2.294943169938288728e-04
2.445165375889712056e+00,0.000000000000000000e+00,2.294943169938514784e-04
2.451301299041254822e+00,0.000000000000000000e+00,2.294943169943533556e-04
2.457437222192797144e+00,0.000000000000000000e+00,2.294943169937739037e-04
2.463573145344339466e+00,0.000000000000000000e+00,2.294943169943936337e-04
2.469709068495882232e+00,0.000000000000000000e+00,2.294943169932761194e-04
2.475844991647424997e+00,0.000000000000000000e+00,2.294943169936409534e-04
2.481980914798967319e+00,0.000000000000000000e+00,2.294943169941057509e-04
2.488116837950509641e+00,0.000000000000000000e+00,2.294943169940431653e-04
2.494252761102052851e+00,0.000000000000000000e+00,2.294943169935819728e-04
2.500388684253595173e+00,0.000000000000000000e+00,2.294943169936816923e-04
2.506524607405137495e+00,0.000000000000000000e+00,2.294943169938942231e-04
2.512660530556680261e+00,0.000000000000000000e+00,2.294943169943836048e-04
2.518796453708223027e+00,0.000000000000000000e+00,2.294943169936344753e-04
2.524932376859765348e+00,0.000000000000000000e+00,2.294943169938934912e-04
2.531068300011308114e+00,0.000000000000000000e+00,2.294943169940614341e-04
2.537204223162850436e+00,0.000000000000000000e+00,2.294943169939432019e-04
2.543340146314393202e+00,0.000000000000000000e+00,2.294943169941558953e-04
2.549476069465935524e+00,0.000000000000000000e+00,2.294943169938715632e-04
2.555611992617478290e+00,0.000000000000000000e+00,2.294943169940568263e-04
2.561747915769021056e+00,0.000000000000000000e+00,2.294943169939090224e-04
2.567883838920563377e+00,0.000000000000000000e+00,2.294943169937109116e-04
2.574019762072105699e+00,0.000000000000000000e+00,2.294943169942214353e-04
2.580155685223648465e+00,0.000000000000000000e+00,2.294943169940354404e-04
2.586291608375191231e+00,0.000000000000000000e+00,2.294943169932727855e-04
2.592427531526733553e+00,0.000000000000000000e+00,2.294943169945773789e-04
2.598563454678275875e+00,0.000000000000000000e+00,2.294943169933547241e-04
2.604699377829818641e+00,0.000000000000000000e+00,2.294943169936565931e-04
2.610835300981360962e+00,0.000000000000000000e+00,2.294943169940560402e-04
2.616971224132903728e+00,0.000000000000000000e+00,2.294943169938120134e-04
2.623107147284446494e+00,0.000000000000000000e+00,2.294943169938862000e-04
2.629243070435989260e+00,0.000000000000000000e+00,2.294943169938141547e-04
2.635378993587531582e+00,0.000000000000000000e+00,2.294943169941940321e-04
2.641514916739073904e+00,0.000000000000000000e+00,2.294943169943695915e-04
2.647650839890616670e+00,0.000000000000000000e+00,2.294943169938639467e-04
2.653786763042159436e+00,0.000000000000000000e+00,2.294943169935231007e-04
2.659922686193701757e+00,0.000000000000000000e+00,2.294943169940853137e-04
2.666058609345244079e+00,0.000000000000000000e+00,2.294943169939653738e-04
2.672194532496786845e+00,0.000000000000000000e+00,2.294943169937930399e-04
2.678330455648329167e+00,0.000000000000000000e+00,2.294943169938418561e-04
2.684466378799872377e+00,0.000000000000000000e+00,2.294943169941487124e-04
2.690602301951414699e+00,0.000000000000000000e+00,2.294943169937508644e-04
2.696738225102957021e+00,0.000000000000000000e+00,2.294943169942459111e-04
2.702874148254499787e+00,0.000000000000000000e+00,2.294943169936146886e-04
2.709010071406042108e+00,0.000000000000000000e+00,2.294943169940737940e-04
2.715145994557584874e+00,0.000000000000000000e+00,2.294943169939256649e-04
2.721281917709127640e+00,0.000000000000000000e+00,2.294943169937546862e-04
2.727417840860669962e+00,0.000000000000000000e+00,2.294943169942701702e-04
2.733553764012212728e+00,0.000000000000000000e+00,2.294943169938580378e-04
2.739689687163755050e+00,0.000000000000000000e+00,2.294943169939567002e-04
2.745825610315297816e+00,0.000000000000000000e+00,2.294943169936604149e-04
2.751961533466840581e+00,0.000000000000000000e+00,2.294943169941066183e-04
2.758097456618382903e+00,0.000000000000000000e+00,2.294943169939720417e-04
2.764233379769925225e+00,0.000000000000000000e+00,2.294943169938727288e-04
2.770369302921467991e+00,0.000000000000000000e+00,2.294943169934877557e-04
2.776505226073010313e+00,0.000000000000000000e+00,2.294943169942712815e-04
2.782641149224553079e+00,0.000000000000000000e+00,2.294943169939512250e-04
2.788777072376095845e+00,0.000000000000000000e+00,2.294943169938390643e-04
2.794912995527638166e+00,0.000000000000000000e+00,2.294943169939244181e-04
2.801048918679180488e+00,0.000000000000000000e+00,2.294943169937658535e-04
2.807184841830723254e+00,0.000000000000000000e+00,2.294943169940874821e-04
2.813320764982266020e+00,0.000000000000000000e+00,2.294943169938389288e-04
2.819456688133808342e+00,0.000000000000000000e+00,2.294943169940142714e-04
2.825592611285351108e+00,0.000000000000000000e+00,2.294943169937395616e-04
2.831728534436893874e+00,0.000000000000000000e+00,2.294943169941281397e-04
2.837864457588436196e+00,0.000000000000000000e+00,2.294943169937560415e-04
2.844000380739978517e+00,0.000000000000000000e+00,2.294943169940357114e-04
2.850136303891521283e+00,0.000000000000000000e+00,2.294943169938894797e-04
2.856272227043064049e+00,0.000000000000000000e+00,2.294943169939631783e-04
2.862408150194606371e+00,0.000000000000000000e+00,2.294943169939691143e-04
2.868544073346148693e+00,0.000000000000000000e+00,2.294943169939826126e-04
2.874679996497691459e+00,0.000000000000000000e+00,2.294943169939063661e-04
2.880815919649233781e+00,0.000000000000000000e+00,2.294943169938273549e-04
2.886951842800776546e+00,0.000000000000000000e+00,2.294943169940508632e-04
2.893087765952319312e+00,0.000000000000000000e+00,2.294943169938900760e-04
2.899223689103862078e+00,0.000000000000000000e+00,2.294943169937516234e-04
2.905359612255404400e+00,0.000000000000000000e+00,2.294943169940486135e-04
2.911495535406946722e+00,0.000000000000000000e+00,2.294943169937393990e-04
2.917631458558489488e+00,0.000000000000000000e+00,2.294943169940177137e-04
2.923767381710032254e+00,0.000000000000000000e+00,2.294943169938845737e-04
2.929903304861574576e+00,0.000000000000000000e+00,2.294943169938950904e-04
2.936039228013116897e+00,0.000000000000000000e+00,2.294943169939603052e-04
2.942175151164659663e+00,0.000000000000000000e+00,2.294943169939540981e-04
2.948311074316201985e+00,0.000000000000000000e+00,2.294943169939487042e-04
2.954446997467744751e+00,0.000000000000000000e+00,2.294943169938901844e-04
2.960582920619287517e+00,0.000000000000000000e+00,2.294943169939297307e-04
2.966718843770829839e+00,0.000000000000000000e+00,2.294943169938688798e-04
2.972854766922372605e+00,0.000000000000000000e+00,2.294943169939801190e-04
2.978990690073915371e+00,0.000000000000000000e+00,2.294943169938832184e-04
2.985126613225457692e+00,0.000000000000000000e+00,2.294943169938443498e-04
2.991262536377000458e+00,0.000000000000000000e+00,2.294943169938539992e-04
2.997398459528542780e+00,0.000000000000000000e+00,2.294943169939164763e-04
3.003534382680085102e+00,0.000000000000000000e+00,2.294943169939482434e-04
3.009670305831627868e+00,0.000000000000000000e+00,2.294943169940698638e-04
3.015806228983170634e+00,0.000000000000000000e+00,2.294943169937696753e-04
3.021942152134712956e+00,0.000000000000000000e+00,2.294943169940025078e-04
3.028078075286255721e+00,0.000000000000000000e+00,2.294943169940264144e-04
3.034213998437798043e+00,0.000000000000000000e+00,2.294943169938824595e-04
3.040349921589340809e+00,0.000000000000000000e+00,2.294943169938447021e-04
3.046485844740883131e+00,0.000000000000000000e+00,2.294943169939812845e-04
3.052621767892425897e+00,0.000000000000000000e+00,2.294943169939101608e-04
3.058757691043968219e+00,0.000000000000000000e+00,2.294943169939330104e-04
3.064893614195510985e+00,0.000000000000000000e+00,2.294943169938976925e-04
3.071029537347053306e+00,0.000000000000000000e+00,2.294943169938843026e-04
3.077165460498596072e+00,0.000000000000000000e+00,2.294943169939613894e-04
3.083301383650138838e+00,0.000000000000000000e+00,2.294943169938856850e-04
3.089437306801681604e+00,0.000000000000000000e+00,2.294943169939501137e-04
3.095573229953223926e+00,0.000000000000000000e+00,2.294943169939252584e-04
3.101709153104766248e+00,0.000000000000000000e+00,2.294943169939159342e-04
3.107845076256309014e+00,0.000000000000000000e+00,2.294943169939402203e-04
3.113980999407851336e+00,0.000000000000000000e+00,2.294943169939035201e-04
3.120116922559394101e+00,0.000000000000000000e+00,2.294943169939223310e-04
3.126252845710936867e+00,0.000000000000000000e+00,2.294943169939214365e-04
3.132388768862479189e+00,0.000000000000000000e+00,2.294943169939233881e-04
3.138524692014021511e+00,0.000000000000000000e+00,2.294943169939165576e-04
3.144660615165564277e+00,0.000000000000000000e+00,2.294943169939193223e-04
3.150796538317106599e+00,0.000000000000000000e+00,2.294943169939114890e-04
3.156932461468649365e+00,0.000000000000000000e+00,2.294943169939341217e-04
3.163068384620191686e+00,0.000000000000000000e+00,2.294943169938994543e-04
3.169204307771734452e+00,0.000000000000000000e+00,2.294943169939455871e-04
3.175340230923276774e+00,0.000000000000000000e+00,2.294943169938581733e-04
3.181476154074819540e+00,0.000000000000000000e+00,2.294943169939389464e-04
3.187612077226361862e+00,0.000000000000000000e+00,2.294943169939327665e-04
3.193748000377904628e+00,0.000000000000000000e+00,2.294943169938978551e-04
3.199883923529446950e+00,0.000000000000000000e+00,2.294943169939311401e-04
3.206019846680989716e+00,0.000000000000000000e+00,2.294943169939217889e-04
3.212155769832532481e+00,0.000000000000000000e+00,2.294943169939374827e-04
3.218291692984074803e+00,0.000000000000000000e+00,2.294943169939246349e-04
3.224427616135617569e+00,0.000000000000000000e+00,2.294943169938615886e-04
3.230563539287159891e+00,0.000000000000000000e+00,2.294943169940072240e-04
3.236699462438702657e+00,0.000000000000000000e+00,2.294943169938458948e-04
3.242835385590245423e+00,0.000000000000000000e+00,2.294943169939539626e-04
3.248971308741787745e+00,0.000000000000000000e+00,2.294943169940576123e-04
3.255107231893330066e+00,0.000000000000000000e+00,2.294943169938827305e-04
3.261243155044872832e+00,0.000000000000000000e+00,2.294943169938623475e-04
3.267379078196415154e+00,0.000000000000000000e+00,2.294943169938874197e-04
3.273515001347957920e+00,0.000000000000000000e+00,2.294943169939466442e-04
3.279650924499500686e+00,0.000000000000000000e+00,2.294943169940108832e-04
3.285786847651043008e+00,0.000000000000000000e+00,2.294943169938035024e-04
3.291922770802585774e+00,0.000000000000000000e+00,2.294943169939714183e-04
3.298058693954128096e+00,0.000000000000000000e+00,2.294943169938439703e-04
3.304194617105670861e+00,0.000000000000000000e+00,2.294943169939416840e-04
3.310330540257213183e+00,0.000000000000000000e+00,2.294943169939775440e-04
3.316466463408755949e+00,0.000000000000000000e+00,2.294943169938112003e-04
3.322602386560298271e+00,0.000000000000000000e+00,2.294943169940717341e-04
3.328738309711841037e+00,0.000000000000000000e+00,2.294943169938399316e-04
3.334874232863383803e+00,0.000000000000000000e+00,2.294943169939497071e-04
3.341010156014926125e+00,0.000000000000000000e+00,2.294943169939113535e-04
3.347146079166468891e+00,0.000000000000000000e+00,2.294943169940622473e-04
3.353282002318011212e+00,0.000000000000000000e+00,2.294943169937845831e-04
3.359417925469553978e+00,0.000000000000000000e+00,2.294943169938790442e-04
3.365553848621096300e+00,0.000000000000000000e+00,2.294943169939337422e-04
3.371689771772639066e+00,0.000000000000000000e+00,2.294943169937782676e-04
3.377825694924181388e+00,0.000000000000000000e+00,2.294943169941104672e-04
3.383961618075724154e+00,0.000000000000000000e+00,2.294943169936545873e-04
3.390097541227266476e+00,0.000000000000000000e+00,2.294943169940520016e-04
3.396233464378809241e+00,0.000000000000000000e+00,2.294943169941980436e-04
3.402369387530352007e+00,0.000000000000000000e+00,2.294943169937546591e-04
3.408505310681894329e+00,0.000000000000000000e+00,2.294943169940066006e-04
3.414641233833437095e+00,0.000000000000000000e+00,2.294943169939882234e-04
3.420777156984979417e+00,0.000000000000000000e+00,2.294943169937597278e-04
3.426913080136522183e+00,0.000000000000000000e+00,2.294943169938766319e-04
3.433049003288064505e+00,0.000000000000000000e+00,2.294943169939276165e-04
3.439184926439607271e+00,0.000000000000000000e+00,2.294943169939938612e-04
3.445320849591150036e+00,0.000000000000000000e+00,2.294943169938266773e-04
3.451456772742692358e+00,0.000000000000000000e+00,2.294943169938627541e-04
3.457592695894234680e+00,0.000000000000000000e+00,2.294943169940526792e-04
3.463728619045777446e+00,0.000000000000000000e+00,2.294943169937498344e-04
3.469864542197320212e+00,0.000000000000000000e+00,2.294943169939205692e-04
3.476000465348862534e+00,0.000000000000000000e+00,2.294943169937237323e-04
3.482136388500405300e+00,0.000000000000000000e+00,2.294943169944244250e-04
3.488272311651947621e+00,0.000000000000000000e+00,2.294943169936664864e-04
3.494408234803490387e+00,0.000000000000000000e+00,2.294943169939059867e-04
3.500544157955032709e+00,0.000000000000000000e+00,2.294943169940686441e-04
3.506680081106575475e+00,0.000000000000000000e+00,2.294943169940360096e-04
3.512816004258117797e+00,0.000000000000000000e+00,2.294943169938149408e-04
3.518951927409660563e+00,0.000000000000000000e+00,2.294943169937877002e-04
3.525087850561202885e+00,0.000000000000000000e+00,2.294943169939870308e-04
3.531223773712745650e+00,0.000000000000000000e+00,2.294943169941264592e-04
3.537359696864288416e+00,0.000000000000000000e+00,2.294943169937820081e-04
3.543495620015831182e+00,0.000000000000000000e+00,2.294943169936070450e-04
3.549631543167373504e+00,0.000000000000000000e+00,2.294943169940293689e-04
3.555767466318916270e+00,0.000000000000000000e+00,2.294943169939913947e-04
3.561903389470458592e+00,0.000000000000000000e+00,2.294943169940824948e-04
3.568039312622000914e+00,0.000000000000000000e+00,2.294943169937836073e-04
3.574175235773543680e+00,0.000000000000000000e+00,2.294943169941157256e-04
3.580311158925086445e+00,0.000000000000000000e+00,2.294943169937095292e-04
3.586447082076628767e+00,0.000000000000000000e+00,2.294943169940761793e-04
3.592583005228171089e+00,0.000000000000000000e+00,2.294943169941020646e-04
3.598718928379713855e+00,0.000000000000000000e+00,2.294943169936236604e-04
3.604854851531256621e+00,0.000000000000000000e+00,2.294943169937647964e-04
3.610990774682798943e+00,0.000000000000000000e+00,2.294943169946891872e-04
3.617126697834341709e+00,0.000000000000000000e+00,2.294943169929954737e-04
3.623262620985884475e+00,0.000000000000000000e+00,2.294943169942887913e-04
3.629398544137426796e+00,0.000000000000000000e+00,2.294943169942304071e-04
3.635534467288969118e+00,0.000000000000000000e+00,2.294943169935279796e-04
3.641670390440511884e+00,0.000000000000000000e+00,2.294943169938692593e-04
3.647806313592054206e+00,0.000000000000000000e+00,2.294943169940641718e-04
3.653942236743596972e+00,0.000000000000000000e+00,2.294943169944449436e-04
3.660078159895139294e+00,0.000000000000000000e+00,2.294943169936525544e-04
3.666214083046682060e+00,0.000000000000000000e+00,2.294943169934866986e-04
3.672350006198224825e+00,0.000000000000000000e+00,2.294943169942019467e-04
3.678485929349767147e+00,0.000000000000000000e+00,2.294943169938997525e-04
3.684621852501309913e+00,0.000000000000000000e+00,2.294943169938348359e-04
3.690757775652852679e+00,0.000000000000000000e+00,2.294943169938319085e-04
3.696893698804395001e+00,0.000000000000000000e+00,2.294943169937051111e-04
3.703029621955937323e+00,0.000000000000000000e+00,2.294943169938904013e-04
3.709165545107480089e+00,0.000000000000000000e+00,2.294943169936881975e-04
3.715301468259022855e+00,0.000000000000000000e+00,2.294943169940152471e-04
3.721437391410565176e+00,0.000000000000000000e+00,2.294943169945828812e-04
3.727573314562107498e+00,0.000000000000000000e+00,2.294943169936176160e-04
3.733709237713650264e+00,0.000000000000000000e+00,2.294943169937985422e-04
3.739845160865193030e+00,0.000000000000000000e+00,2.294943169940676141e-04
3.745981084016735352e+00,0.000000000000000000e+00,2.294943169936471605e-04
3.752117007168278118e+00,0.000000000000000000e+00,2.294943169940309410e-04
3.758252930319820884e+00,0.000000000000000000e+00,2.294943169941258086e-04
3.764388853471363205e+00,0.000000000000000000e+00,2.294943169942229261e-04
3.770524776622905527e+00,0.000000000000000000e+00,2.294943169936881433e-04
3.776660699774448293e+00,0.000000000000000000e+00,2.294943169940249778e-04
3.782796622925991059e+00,0.000000000000000000e+00,2.294943169936992835e-04
3.788932546077533381e+00,0.000000000000000000e+00,2.294943169942780306e-04
3.795068469229076147e+00,0.000000000000000000e+00,2.294943169938300654e-04
3.801204392380618913e+00,0.000000000000000000e+00,2.294943169939894702e-04
3.807340315532161235e+00,0.000000000000000000e+00,2.294943169937755842e-04
3.813476238683703556e+00,0.000000000000000000e+00,2.294943169939808779e-04
3.819612161835246322e+00,0.000000000000000000e+00,2.294943169937183384e-04
3.825748084986789088e+00,0.000000000000000000e+00,2.294943169940779682e-04
3.831884008138331410e+00,0.000000000000000000e+00,2.294943169938516952e-04
3.838019931289874176e+00,0.000000000000000000e+00,2.294943169940357657e-04
3.844155854441416498e+00,0.000000000000000000e+00,2.294943169937049485e-04
3.850291777592959264e+00,0.000000000000000000e+00,2.294943169942701702e-04
3.856427700744501585e+00,0.000000000000000000e+00,2.294943169933855425e-04
3.862563623896044351e+00,0.000000000000000000e+00,2.294943169941177042e-04
3.868699547047586673e+00,0.000000000000000000e+00,2.294943169938975570e-04
3.874835470199129439e+00,0.000000000000000000e+00,2.294943169940216439e-04
3.880971393350671761e+00,0.000000000000000000e+00,2.294943169938727288e-04
3.887107316502214527e+00,0.000000000000000000e+00,2.294943169937967262e-04
3.893243239653756849e+00,0.000000000000000000e+00,2.294943169940870755e-04
3.899379162805299615e+00,0.000000000000000000e+00,2.294943169944355923e-04
3.905515085956841936e+00,0.000000000000000000e+00,2.294943169935945767e-04
3.911651009108384702e+00,0.000000000000000000e+00,2.294943169935083284e-04
3.917786932259927468e+00,0.000000000000000000e+00,2.294943169945798996e-04
3.923922855411469790e+00,0.000000000000000000e+00,2.294943169935875023e-04
3.930058778563012556e+00,0.000000000000000000e+00,2.294943169936505757e-04
3.936194701714554878e+00,0.000000000000000000e+00,2.294943169944310116e-04
3.942330624866097644e+00,0.000000000000000000e+00,2.294943169936458052e-04
3.948466548017639965e+00,0.000000000000000000e+00,2.294943169936289188e-04
3.954602471169182731e+00,0.000000000000000000e+00,2.294943169942462906e-04
3.960738394320725497e+00,0.000000000000000000e+00,2.294943169936756208e-04
3.966874317472267819e+00,0.000000000000000000e+00,2.294943169938450816e-04
3.973010240623810141e+00,0.000000000000000000e+00,2.294943169934855331e-04
3.979146163775352907e+00,0.000000000000000000e+00,2.294943169943746873e-04
3.985282086926895673e+00,0.000000000000000000e+00,2.294943169939276707e-04
3.991418010078437995e+00,0.000000000000000000e+00,2.294943169936012445e-04
3.997553933229980316e+00,0.000000000000000000e+00,2.294943169943164114e-04
4.003689856381523526e+00,0.000000000000000000e+00,2.294943169939023817e-04
4.009825779533065848e+00,0.000000000000000000e+00,2.294943169940918189e-04
4.015961702684608170e+00,0.000000000000000000e+00,2.294943169936416582e-04
4.022097625836150492e+00,0.000000000000000000e+00,2.294943169942064733e-04
4.028233548987693702e+00,0.000000000000000000e+00,2.294943169938416935e-04
4.034369472139236024e+00,0.000000000000000000e+00,2.294943169939071522e-04
4.040505395290778345e+00,0.000000000000000000e+00,2.294943169941449719e-04
4.046641318442320667e+00,0.000000000000000000e+00,2.294943169935608309e-04
4.052777241593863877e+00,0.000000000000000000e+00,2.294943169940824406e-04
4.058913164745406199e+00,0.000000000000000000e+00,2.294943169943501843e-04
4.065049087896948521e+00,0.000000000000000000e+00,2.294943169932477133e-04
4.071185011048491731e+00,0.000000000000000000e+00,2.294943169944694194e-04
4.077320934200034053e+00,0.000000000000000000e+00,2.294943169934504049e-04
4.083456857351576375e+00,0.000000000000000000e+00,2.294943169938910247e-04
4.089592780503118696e+00,0.000000000000000000e+00,2.294943169940029685e-04
4.095728703654661906e+00,0.000000000000000000e+00,2.294943169942195108e-04
4.101864626806204228e+00,0.000000000000000000e+00,2.294943169938535655e-04
4.108000549957746550e+00,0.000000000000000000e+00,2.294943169936782500e-04
4.114136473109288872e+00,0.000000000000000000e+00,2.294943169945554238e-04
4.120272396260832082e+00,0.000000000000000000e+00,2.294943169935337529e-04
4.126408319412374404e+00,0.000000000000000000e+00,2.294943169940006104e-04
4.132544242563916725e+00,0.000000000000000000e+00,2.294943169941709115e-04
4.138680165715459935e+00,0.000000000000000000e+00,2.294943169937795687e-04
4.144816088867002257e+00,0.000000000000000000e+00,2.294943169938059961e-04
4.150952012018544579e+00,0.000000000000000000e+00,2.294943169934061695e-04
4.157087935170086901e+00,0.000000000000000000e+00,2.294943169942382133e-04
4.163223858321630111e+00,0.000000000000000000e+00,2.294943169939588686e-04
4.169359781473172433e+00,0.000000000000000000e+00,2.294943169936569996e-04
4.175495704624714755e+00,0.000000000000000000e+00,2.294943169936107313e-04
4.181631627776257076e+00,0.000000000000000000e+00,2.294943169944262682e-04
4.187767550927800286e+00,0.000000000000000000e+00,2.294943169936084003e-04
4.193903474079342608e+00,0.000000000000000000e+00,2.294943169943420799e-04
4.200039397230884930e+00,0.000000000000000000e+00,2.294943169937694585e-04
4.206175320382428140e+00,0.000000000000000000e+00,2.294943169940699451e-04
4.212311243533970462e+00,0.000000000000000000e+00,2.294943169937320806e-04
4.218447166685512784e+00,0.000000000000000000e+00,2.294943169938918378e-04
4.224583089837055105e+00,0.000000000000000000e+00,2.294943169941042872e-04
4.230719012988598315e+00,0.000000000000000000e+00,2.294943169939894702e-04
4.236854936140140637e+00,0.000000000000000000e+00,2.294943169936057440e-04
4.242990859291682959e+00,0.000000000000000000e+00,2.294943169945359894e-04
4.249126782443225281e+00,0.000000000000000000e+00,2.294943169935565483e-04
4.255262705594768491e+00,0.000000000000000000e+00,2.294943169939036827e-04
4.261398628746310813e+00,0.000000000000000000e+00,2.294943169938372482e-04
4.267534551897853135e+00,0.000000000000000000e+00,2.294943169943175498e-04
4.273670475049396345e+00,0.000000000000000000e+00,2.294943169937193955e-04
4.279806398200938666e+00,0.000000000000000000e+00,2.294943169937740935e-04
4.285942321352480988e+00,0.000000000000000000e+00,2.294943169939411419e-04
4.292078244504023310e+00,0.000000000000000000e+00,2.294943169941236402e-04
4.298214167655566520e+00,0.000000000000000000e+00,2.294943169937091226e-04
4.304350090807108842e+00,0.000000000000000000e+00,2.294943169936892275e-04
4.310486013958651164e+00,0.000000000000000000e+00,2.294943169942266123e-04
4.316621937110193485e+00,0.000000000000000000e+00,2.294943169939772187e-04
4.322757860261736695e+00,0.000000000000000000e+00,2.294943169937963467e-04
4.328893783413279017e+00,0.000000000000000000e+00,2.294943169941203334e-04
4.335029706564821339e+00,0.000000000000000000e+00,2.294943169936862189e-04
4.341165629716364549e+00,0.000000000000000000e+00,2.294943169941086511e-04
4.347301552867906871e+00,0.000000000000000000e+00,2.294943169938692322e-04
4.353437476019449193e+00,0.000000000000000000e+00,2.294943169938558694e-04
4.359573399170991514e+00,0.000000000000000000e+00,2.294943169940092840e-04
4.365709322322534724e+00,0.000000000000000000e+00,2.294943169937034848e-04
4.371845245474077046e+00,0.000000000000000000e+00,2.294943169943056236e-04
4.377981168625619368e+00,0.000000000000000000e+00,2.294943169937140287e-04
4.384117091777162578e+00,0.000000000000000000e+00,2.294943169938951175e-04
4.390253014928704900e+00,0.000000000000000000e+00,2.294943169939047398e-04
4.396388938080247222e+00,0.000000000000000000e+00,2.294943169938843297e-04
4.402524861231789544e+00,0.000000000000000000e+00,2.294943169940250863e-04
4.408660784383332754e+00,0.000000000000000000e+00,2.294943169938759000e-04
4.414796707534875075e+00,0.000000000000000000e+00,2.294943169938716446e-04
4.420932630686417397e+00,0.000000000000000000e+00,2.294943169939834529e-04
4.427068553837959719e+00,0.000000000000000000e+00,2.294943169936418479e-04
4.433204476989502929e+00,0.000000000000000000e+00,2.294943169940971586e-04
4.439340400141045251e+00,0.000000000000000000e+00,2.294943169938516681e-04
4.445476323292587573e+00,0.000000000000000000e+00,2.294943169941385751e-04
4.451612246444130783e+00,0.000000000000000000e+00,2.294943169936914502e-04
4.457748169595673104e+00,0.000000000000000000e+00,2.294943169941104672e-04
4.463884092747215426e+00,0.000000000000000000e+00,2.294943169941235860e-04
4.470020015898757748e+00,0.000000000000000000e+00,2.294943169938365977e-04
4.476155939050300958e+00,0.000000000000000000e+00,2.294943169939688433e-04
4.482291862201843280e+00,0.000000000000000000e+00,2.294943169936787650e-04
4.488427785353385602e+00,0.000000000000000000e+00,2.294943169940767485e-04
4.494563708504927924e+00,0.000000000000000000e+00,2.294943169938848718e-04
4.500699631656471134e+00,0.000000000000000000e+00,2.294943169940024264e-04
4.506835554808013455e+00,0.000000000000000000e+00,2.294943169937826587e-04
4.512971477959555777e+00,0.000000000000000000e+00,2.294943169938171634e-04
4.519107401111098987e+00,0.000000000000000000e+00,2.294943169939728819e-04
4.525243324262641309e+00,0.000000000000000000e+00,2.294943169938732166e-04
4.531379247414183631e+00,0.000000000000000000e+00,2.294943169939519026e-04
4.537515170565725953e+00,0.000000000000000000e+00,2.294943169939444758e-04
4.543651093717269163e+00,0.000000000000000000e+00,2.294943169939328207e-04
4.549787016868811484e+00,0.000000000000000000e+00,2.294943169938221778e-04
4.555922940020353806e+00,0.000000000000000000e+00,2.294943169940694030e-04
4.562058863171896128e+00,0.000000000000000000e+00,2.294943169937495634e-04
4.568194786323439338e+00,0.000000000000000000e+00,2.294943169941553261e-04
4.574330709474981660e+00,0.000000000000000000e+00,2.294943169939240928e-04
4.580466632626523982e+00,0.000000000000000000e+00,2.294943169939337151e-04
4.586602555778067192e+00,0.000000000000000000e+00,2.294943169938725661e-04
4.592738478929609514e+00,0.000000000000000000e+00,2.294943169939308691e-04
4.598874402081151835e+00,0.000000000000000000e+00,2.294943169938849531e-04
4.605010325232694157e+00,0.000000000000000000e+00,2.294943169939195663e-04
4.611146248384237367e+00,0.000000000000000000e+00,2.294943169938204702e-04
4.617282171535779689e+00,0.000000000000000000e+00,2.294943169939069624e-04
4.623418094687322011e+00,0.000000000000000000e+00,2.294943169939390277e-04
4.629554017838864333e+00,0.000000000000000000e+00,2.294943169939264510e-04
4.635689940990407543e+00,0.000000000000000000e+00,2.294943169939208673e-04
4.641825864141949864e+00,0.000000000000000000e+00,2.294943169939429037e-04
4.647961787293492186e+00,0.000000000000000000e+00,2.294943169938842755e-04
4.654097710445035396e+00,0.000000000000000000e+00,2.294943169939573778e-04
4.660233633596577718e+00,0.000000000000000000e+00,2.294943169938865252e-04
4.666369556748120040e+00,0.000000000000000000e+00,2.294943169939626362e-04
4.672505479899662362e+00,0.000000000000000000e+00,2.294943169939074774e-04
4.678641403051205572e+00,0.000000000000000000e+00,2.294943169939120582e-04
4.684777326202747894e+00,0.000000000000000000e+00,2.294943169939391361e-04
4.690913249354290215e+00,0.000000000000000000e+00,2.294943169939324412e-04
4.697049172505832537e+00,0.000000000000000000e+00,2.294943169939104048e-04
4.703185095657375747e+00,0.000000000000000000e+00,2.294943169939371575e-04
4.709321018808918069e+00,0.000000000000000000e+00,2.294943169939223310e-04
4.715456941960460391e+00,0.000000000000000000e+00,2.294943169939195121e-04
4.721592865112003601e+00,0.000000000000000000e+00,2.294943169939207589e-04
4.727728788263545923e+00,0.000000000000000000e+00,2.294943169939308149e-04
4.733864711415088244e+00,0.000000000000000000e+00,2.294943169939132779e-04
4.740000634566630566e+00,0.000000000000000000e+00,2.294943169939276165e-04
4.746136557718173776e+00,0.000000000000000000e+00,2.294943169938999693e-04
4.752272480869716098e+00,0.000000000000000000e+00,2.294943169939235236e-04
4.758408404021258420e+00,0.000000000000000000e+00,2.294943169939357209e-04
4.764544327172800742e+00,0.000000000000000000e+00,2.294943169939355583e-04
4.770680250324343952e+00,0.000000000000000000e+00,2.294943169938982075e-04
4.776816173475886274e+00,0.000000000000000000e+00,2.294943169939553450e-04
4.782952096627428595e+00,0.000000000000000000e+00,2.294943169938923528e-04
4.789088019778971805e+00,0.000000000000000000e+00,2.294943169939238218e-04
4.795223942930514127e+00,0.000000000000000000e+00,2.294943169939401661e-04
4.801359866082056449e+00,0.000000000000000000e+00,2.294943169939216805e-04
4.807495789233598771e+00,0.000000000000000000e+00,2.294943169938672264e-04
4.813631712385141981e+00,0.000000000000000000e+00,2.294943169940127535e-04
4.819767635536684303e+00,0.000000000000000000e+00,2.294943169939247976e-04
4.825903558688226624e+00,0.000000000000000000e+00,2.294943169937690790e-04
4.832039481839768946e+00,0.000000000000000000e+00,2.294943169940002580e-04
4.838175404991312156e+00,0.000000000000000000e+00,2.294943169939418466e-04
4.844311328142854478e+00,0.000000000000000000e+00,2.294943169937686996e-04
4.850447251294396800e+00,0.000000000000000000e+00,2.294943169940417288e-04
4.856583174445940010e+00,0.000000000000000000e+00,2.294943169938127995e-04
4.862719097597482332e+00,0.000000000000000000e+00,2.294943169940392080e-04
4.868855020749024654e+00,0.000000000000000000e+00,2.294943169938494726e-04
4.874990943900566975e+00,0.000000000000000000e+00,2.294943169940457403e-04
4.881126867052110185e+00,0.000000000000000000e+00,2.294943169937992470e-04
4.887262790203652507e+00,0.000000000000000000e+00,2.294943169939940239e-04
4.893398713355194829e+00,0.000000000000000000e+00,2.294943169939317094e-04
4.899534636506737151e+00,0.000000000000000000e+00,2.294943169938736232e-04
4.905670559658280361e+00,0.000000000000000000e+00,2.294943169939982794e-04
4.911806482809822683e+00,0.000000000000000000e+00,2.294943169937659077e-04
4.917942405961365004e+00,0.000000000000000000e+00,2.294943169939424430e-04
4.924078329112908214e+00,0.000000000000000000e+00,2.294943169940481256e-04
4.930214252264450536e+00,0.000000000000000000e+00,2.294943169938141005e-04
4.936350175415992858e+00,0.000000000000000000e+00,2.294943169940846361e-04
4.942486098567535180e+00,0.000000000000000000e+00,2.294943169936992564e-04
4.948622021719078390e+00,0.000000000000000000e+00,2.294943169938315562e-04
4.954757944870620712e+00,0.000000000000000000e+00,2.294943169942655081e-04
4.960893868022163034e+00,0.000000000000000000e+00,2.294943169937992741e-04
4.967029791173705355e+00,0.000000000000000000e+00,2.294943169937413777e-04
4.973165714325248565e+00,0.000000000000000000e+00,2.294943169939769748e-04
4.979301637476790887e+00,0.000000000000000000e+00,2.294943169939571339e-04
4.985437560628333209e+00,0.000000000000000000e+00,2.294943169938024454e-04
4.991573483779876419e+00,0.000000000000000000e+00,2.294943169940573684e-04
4.997709406931418741e+00,0.000000000000000000e+00,2.294943169940811937e-04
5.003845330082961063e+00,0.000000000000000000e+00,2.294943169938475482e-04
5.009981253234503384e+00,0.000000000000000000e+00,2.294943169939789264e-04
5.016117176386046594e+00,0.000000000000000000e+00,2.294943169937563125e-04
5.022253099537588916e+00,0.000000000000000000e+00,2.294943169943228895e-04
5.028389022689131238e+00,0.000000000000000000e+00,2.294943169936170468e-04
5.034524945840673560e+00,0.000000000000000000e+00,2.294943169939191055e-04
5.040660868992216770e+00,0.000000000000000000e+00,2.294943169939283212e-04
5.046796792143759092e+00,0.000000000000000000e+00,2.294943169938225844e-04
5.052932715295301414e+00,0.000000000000000000e+00,2.294943169939586518e-04
5.059068638446844624e+00,0.000000000000000000e+00,2.294943169939585163e-04
5.065204561598386945e+00,0.000000000000000000e+00,2.294943169941226103e-04
5.071340484749929267e+00,0.000000000000000000e+00,2.294943169939040893e-04
5.077476407901471589e+00,0.000000000000000000e+00,2.294943169934905204e-04
5.083612331053014799e+00,0.000000000000000000e+00,2.294943169942384030e-04
5.089748254204557121e+00,0.000000000000000000e+00,2.294943169939311401e-04
5.095884177356099443e+00,0.000000000000000000e+00,2.294943169938342938e-04
5.102020100507642653e+00,0.000000000000000000e+00,2.294943169938553815e-04
5.108156023659184974e+00,0.000000000000000000e+00,2.294943169939107843e-04
5.114291946810727296e+00,0.000000000000000000e+00,2.294943169940998691e-04
5.120427869962269618e+00,0.000000000000000000e+00,2.294943169938885039e-04
5.126563793113812828e+00,0.000000000000000000e+00,2.294943169936894715e-04
5.132699716265355150e+00,0.000000000000000000e+00,2.294943169940828200e-04
5.138835639416897472e+00,0.000000000000000000e+00,2.294943169938522373e-04
5.144971562568439793e+00,0.000000000000000000e+00,2.294943169937941512e-04
5.151107485719983003e+00,0.000000000000000000e+00,2.294943169940453066e-04
5.157243408871525325e+00,0.000000000000000000e+00,2.294943169939687078e-04
5.163379332023067647e+00,0.000000000000000000e+00,2.294943169938206328e-04
5.169515255174610857e+00,0.000000000000000000e+00,2.294943169941628884e-04
5.175651178326153179e+00,0.000000000000000000e+00,2.294943169937607036e-04
5.181787101477695501e+00,0.000000000000000000e+00,2.294943169944961450e-04
5.187923024629237823e+00,0.000000000000000000e+00,2.294943169935112286e-04
5.194058947780781033e+00,0.000000000000000000e+00,2.294943169937920370e-04
5.200194870932323354e+00,0.000000000000000000e+00,2.294943169939881692e-04
5.206330794083865676e+00,0.000000000000000000e+00,2.294943169938590407e-04
5.212466717235407998e+00,0.000000000000000000e+00,2.294943169938547310e-04
5.218602640386951208e+00,0.000000000000000000e+00,2.294943169940328112e-04
5.224738563538493530e+00,0.000000000000000000e+00,2.294943169937950457e-04
5.230874486690035852e+00,0.000000000000000000e+00,2.294943169938184644e-04
5.237010409841579062e+00,0.000000000000000000e+00,2.294943169944026868e-04
5.243146332993121383e+00,0.000000000000000000e+00,2.294943169937295870e-04
5.249282256144663705e+00,0.000000000000000000e+00,2.294943169938725119e-04
5.255418179296206027e+00,0.000000000000000000e+00,2.294943169939948370e-04
5.261554102447749237e+00,0.000000000000000000e+00,2.294943169936624477e-04
5.267690025599291559e+00,0.000000000000000000e+00,2.294943169940418643e-04
5.273825948750833881e+00,0.000000000000000000e+00,2.294943169937566378e-04
5.279961871902376203e+00,0.000000000000000000e+00,2.294943169941104672e-04
5.286097795053919413e+00,0.000000000000000000e+00,2.294943169937408356e-04
5.292233718205461734e+00,0.000000000000000000e+00,2.294943169942899026e-04
5.298369641357004056e+00,0.000000000000000000e+00,2.294943169938509363e-04
5.304505564508547266e+00,0.000000000000000000e+00,2.294943169937357940e-04
5.310641487660089588e+00,0.000000000000000000e+00,2.294943169940839313e-04
5.316777410811631910e+00,0.000000000000000000e+00,2.294943169942428754e-04
5.322913333963174232e+00,0.000000000000000000e+00,2.294943169935748984e-04
5.329049257114717442e+00,0.000000000000000000e+00,2.294943169940443309e-04
5.335185180266259763e+00,0.000000000000000000e+00,2.294943169934368524e-04
5.341321103417802085e+00,0.000000000000000000e+00,2.294943169938888292e-04
5.347457026569344407e+00,0.000000000000000000e+00,2.294943169938537010e-04
5.353592949720887617e+00,0.000000000000000000e+00,2.294943169939691414e-04
5.359728872872429939e+00,0.000000000000000000e+00,2.294943169942008625e-04
5.365864796023972261e+00,0.000000000000000000e+00,2.294943169940930928e-04
5.372000719175515471e+00,0.000000000000000000e+00,2.294943169939390277e-04
5.378136642327057793e+00,0.000000000000000000e+00,2.294943169936201910e-04
5.384272565478600114e+00,0.000000000000000000e+00,2.294943169944414470e-04
5.390408488630142436e+00,0.000000000000000000e+00,2.294943169937617065e-04
5.396544411781685646e+00,0.000000000000000000e+00,2.294943169938569265e-04
5.402680334933227968e+00,0.000000000000000000e+00,2.294943169941036909e-04
5.408816258084770290e+00,0.000000000000000000e+00,2.294943169940292876e-04
5.414952181236312612e+00,0.000000000000000000e+00,2.294943169937253044e-04
5.421088104387855822e+00,0.000000000000000000e+00,2.294943169939884944e-04
5.427224027539398143e+00,0.000000000000000000e+00,2.294943169935204986e-04
5.433359950690940465e+00,0.000000000000000000e+00,2.294943169939845642e-04
5.439495873842483675e+00,0.000000000000000000e+00,2.294943169945235482e-04
5.445631796994025997e+00,0.000000000000000000e+00,2.294943169931035415e-04
5.451767720145568319e+00,0.000000000000000000e+00,2.294943169942915290e-04
5.457903643297110641e+00,0.000000000000000000e+00,2.294943169941084614e-04
5.464039566448653851e+00,0.000000000000000000e+00,2.294943169932832751e-04
5.470175489600196173e+00,0.000000000000000000e+00,2.294943169943421341e-04
5.476311412751738494e+00,0.000000000000000000e+00,2.294943169935367887e-04
5.482447335903280816e+00,0.000000000000000000e+00,2.294943169941795851e-04
5.488583259054824026e+00,0.000000000000000000e+00,2.294943169940817900e-04
5.494719182206366348e+00,0.000000000000000000e+00,2.294943169936211667e-04
5.500855105357908670e+00,0.000000000000000000e+00,2.294943169937347098e-04
5.506991028509451880e+00,0.000000000000000000e+00,2.294943169945300263e-04
5.513126951660994202e+00,0.000000000000000000e+00,2.294943169938339685e-04
5.519262874812536523e+00,0.000000000000000000e+00,2.294943169935666043e-04
5.525398797964078845e+00,0.000000000000000000e+00,2.294943169945859712e-04
5.531534721115622055e+00,0.000000000000000000e+00,2.294943169940331636e-04
5.537670644267164377e+00,0.000000000000000000e+00,2.294943169935769042e-04
5.543806567418706699e+00,0.000000000000000000e+00,2.294943169936623122e-04
5.549942490570249021e+00,0.000000000000000000e+00,2.294943169942601142e-04
5.556078413721792231e+00,0.000000000000000000e+00,2.294943169937581286e-04
5.562214336873334553e+00,0.000000000000000000e+00,2.294943169935861470e-04
5.568350260024876874e+00,0.000000000000000000e+00,2.294943169941344010e-04
5.574486183176420084e+00,0.000000000000000000e+00,2.294943169937132697e-04
5.580622106327962406e+00,0.000000000000000000e+00,2.294943169939916115e-04
5.586758029479504728e+00,0.000000000000000000e+00,2.294943169937250062e-04
5.592893952631047050e+00,0.000000000000000000e+00,2.294943169940575310e-04
5.599029875782590260e+00,0.000000000000000000e+00,2.294943169940908160e-04
5.605165798934132582e+00,0.000000000000000000e+00,2.294943169935587167e-04
5.611301722085674903e+00,0.000000000000000000e+00,2.294943169942224653e-04
5.617437645237217225e+00,0.000000000000000000e+00,2.294943169938674704e-04
5.623573568388760435e+00,0.000000000000000000e+00,2.294943169939388651e-04
5.629709491540302757e+00,0.000000000000000000e+00,2.294943169942742630e-04
5.635845414691845079e+00,0.000000000000000000e+00,2.294943169933562691e-04
5.641981337843388289e+00,0.000000000000000000e+00,2.294943169944591466e-04
5.648117260994930611e+00,0.000000000000000000e+00,2.294943169935125297e-04
5.654253184146472933e+00,0.000000000000000000e+00,2.294943169939294867e-04
5.660389107298015254e+00,0.000000000000000000e+00,2.294943169940896776e-04
5.666525030449558464e+00,0.000000000000000000e+00,2.294943169938698285e-04
5.672660953601100786e+00,0.000000000000000000e+00,2.294943169937095834e-04
5.678796876752643108e+00,0.000000000000000000e+00,2.294943169941047751e-04
5.684932799904185430e+00,0.000000000000000000e+00,2.294943169936481634e-04
5.691068723055728640e+00,0.000000000000000000e+00,2.294943169941311212e-04
5.697204646207270962e+00,0.000000000000000000e+00,2.294943169945189404e-04
5.703340569358813283e+00,0.000000000000000000e+00,2.294943169937383690e-04
5.709476492510356493e+00,0.000000000000000000e+00,2.294943169935439444e-04
5.715612415661898815e+00,0.000000000000000000e+00,2.294943169942647221e-04
5.721748338813441137e+00,0.000000000000000000e+00,2.294943169935046692e-04
5.727884261964983459e+00,0.000000000000000000e+00,2.294943169943767743e-04
5.734020185116526669e+00,0.000000000000000000e+00,2.294943169937595923e-04
5.740156108268068991e+00,0.000000000000000000e+00,2.294943169939197831e-04
5.746292031419611313e+00,0.000000000000000000e+00,2.294943169937758282e-04
5.752427954571153634e+00,0.000000000000000000e+00,2.294943169936369690e-04
5.758563877722696844e+00,0.000000000000000000e+00,2.294943169939126816e-04
5.764699800874239166e+00,0.000000000000000000e+00,2.294943169942123280e-04
5.770835724025781488e+00,0.000000000000000000e+00,2.294943169936201910e-04
5.776971647177324698e+00,0.000000000000000000e+00,2.294943169939703612e-04
5.783107570328867020e+00,0.000000000000000000e+00,2.294943169943150832e-04
5.789243493480409342e+00,0.000000000000000000e+00,2.294943169937298309e-04
5.795379416631951663e+00,0.000000000000000000e+00,2.294943169940717883e-04
5.801515339783494873e+00,0.000000000000000000e+00,2.294943169938532131e-04
5.807651262935037195e+00,0.000000000000000000e+00,2.294943169937246538e-04
5.813787186086579517e+00,0.000000000000000000e+00,2.294943169944093275e-04
5.819923109238121839e+00,0.000000000000000000e+00,2.294943169935145626e-04
5.826059032389665049e+00,0.000000000000000000e+00,2.294943169942073407e-04
5.832194955541207371e+00,0.000000000000000000e+00,2.294943169938593118e-04
5.838330878692749693e+00,0.000000000000000000e+00,2.294943169939897684e-04
5.844466801844292903e+00,0.000000000000000000e+00,2.294943169937873749e-04
5.850602724995835224e+00,0.000000000000000000e+00,2.294943169939526887e-04
5.856738648147377546e+00,0.000000000000000000e+00,2.294943169940518119e-04
5.862874571298919868e+00,0.000000000000000000e+00,2.294943169935287385e-04
5.869010494450463078e+00,0.000000000000000000e+00,2.294943169939696022e-04
5.875146417602005400e+00,0.000000000000000000e+00,2.294943169940347086e-04
5.881282340753547722e+00,0.000000000000000000e+00,2.294943169935988322e-04
5.887418263905090043e+00,0.000000000000000000e+00,2.294943169942304613e-04
5.893554187056633253e+00,0.000000000000000000e+00,2.294943169937640375e-04
5.899690110208175575e+00,0.000000000000000000e+00,2.294943169940272005e-04
5.905826033359717897e+00,0.000000000000000000e+00,2.294943169940572600e-04
5.911961956511261107e+00,0.000000000000000000e+00,2.294943169938924883e-04
5.918097879662803429e+00,0.000000000000000000e+00,2.294943169941009804e-04
5.924233802814345751e+00,0.000000000000000000e+00,2.294943169936522291e-04
5.930369725965888072e+00,0.000000000000000000e+00,2.294943169939238489e-04
5.936505649117431282e+00,0.000000000000000000e+00,2.294943169939172895e-04
5.942641572268973604e+00,0.000000000000000000e+00,2.294943169940570160e-04
5.948777495420515926e+00,0.000000000000000000e+00,2.294943169938700996e-04
5.954913418572059136e+00,0.000000000000000000e+00,2.294943169936510636e-04
5.961049341723601458e+00,0.000000000000000000e+00,2.294943169941154816e-04
5.967185264875143780e+00,0.000000000000000000e+00,2.294943169938897778e-04
5.973321188026686102e+00,0.000000000000000000e+00,2.294943169941540521e-04
5.979457111178229312e+00,0.000000000000000000e+00,2.294943169937538731e-04
5.985593034329771633e+00,0.000000000000000000e+00,2.294943169939326309e-04
5.991728957481313955e+00,0.000000000000000000e+00,2.294943169937883507e-04
5.997864880632856277e+00,0.000000000000000000e+00,2.294943169943614600e-04
6.004000803784399487e+00,0.000000000000000000e+00,2.294943169936605504e-04
6.010136726935941809e+00,0.000000000000000000e+00,2.294943169939791432e-04
6.016272650087484131e+00,0.000000000000000000e+00,2.294943169937931212e-04
6.022408573239027341e+00,0.000000000000000000e+00,2.294943169939682741e-04
6.028544496390569662e+00,0.000000000000000000e+00,2.294943169938555984e-04
6.034680419542111984e+00,0.000000000000000000e+00,2.294943169937742832e-04
6.040816342693654306e+00,0.000000000000000000e+00,2.294943169939735596e-04
6.046952265845197516e+00,0.000000000000000000e+00,2.294943169938602333e-04
6.053088188996739838e+00,0.000000000000000000e+00,2.294943169940643886e-04
6.059224112148282160e+00,0.000000000000000000e+00,2.294943169938293065e-04
6.065360035299824482e+00,0.000000000000000000e+00,2.294943169940167921e-04
6.071495958451367692e+00,0.000000000000000000e+00,2.294943169938634859e-04
6.077631881602910013e+00,0.000000000000000000e+00,2.294943169940978904e-04
6.083767804754452335e+00,0.000000000000000000e+00,2.294943169939294596e-04
6.089903727905995545e+00,0.000000000000000000e+00,2.294943169938766861e-04
6.096039651057537867e+00,0.000000000000000000e+00,2.294943169939661057e-04
6.102175574209080189e+00,0.000000000000000000e+00,2.294943169938557068e-04
6.108311497360622511e+00,0.000000000000000000e+00,2.294943169938639196e-04
6.114447420512165721e+00,0.000000000000000000e+00,2.294943169939178316e-04
6.120583343663708042e+00,0.000000000000000000e+00,2.294943169939912592e-04
6.126719266815250364e+00,0.000000000000000000e+00,2.294943169938698014e-04
6.132855189966792686e+00,0.000000000000000000e+00,2.294943169939345012e-04
6.138991113118335896e+00,0.000000000000000000e+00,2.294943169939159613e-04
6.145127036269878218e+00,0.000000000000000000e+00,2.294943169939697377e-04
6.151262959421420540e+00,0.000000000000000000e+00,2.294943169938890731e-04
6.157398882572963750e+00,0.000000000000000000e+00,2.294943169939342030e-04
6.163534805724506072e+00,0.000000000000000000e+00,2.294943169940139461e-04
6.169670728876048393e+00,0.000000000000000000e+00,2.294943169938225302e-04
6.175806652027590715e+00,0.000000000000000000e+00,2.294943169939765953e-04
6.181942575179133925e+00,0.000000000000000000e+00,2.294943169940037275e-04
6.188078498330676247e+00,0.000000000000000000e+00,2.294943169938799929e-04
6.194214421482218569e+00,0.000000000000000000e+00,2.294943169938563302e-04
6.200350344633760891e+00,0.000000000000000000e+00,2.294943169939441777e-04
6.206486267785304101e+00,0.000000000000000000e+00,2.294943169939112450e-04
6.212622190936846422e+00,0.000000000000000000e+00,2.294943169939328749e-04
6.218758114088388744e+00,0.000000000000000000e+00,2.294943169938791798e-04
6.224894037239931954e+00,0.000000000000000000e+00,2.294943169938716174e-04
6.231029960391474276e+00,0.000000000000000000e+00,2.294943169939542879e-04
6.237165883543016598e+00,0.000000000000000000e+00,2.294943169939050651e-04
6.243301806694558920e+00,0.000000000000000000e+00,2.294943169939149313e-04
6.249437729846102130e+00,0.000000000000000000e+00,2.294943169939576218e-04
6.255573652997644452e+00,0.000000000000000000e+00,2.294943169938839231e-04
6.261709576149186773e+00,0.000000000000000000e+00,2.294943169939455600e-04
6.267845499300729095e+00,0.000000000000000000e+00,2.294943169939195663e-04
6.273981422452272305e+00,0.000000000000000000e+00,2.294943169939391904e-04
6.280117345603814627e+00,0.000000000000000000e+00,2.294943169939266678e-04
