element,surface,face,owner,x_over_c,y_over_c,s_over_c,face_length_over_c,pressure_owner,cp
slat,upper,8901,5566,0.08282034563873442,0.0020357807375347486,0.00036292828291333674,0.0007258565658266735,7.13313710982044,14.26627421964088
slat,upper,8943,5580,0.08337245661016196,0.0024551055259607263,0.0010562246159756252,0.0006607361002979038,6.831120377856756,13.662240755713512
slat,upper,9811,6000,0.08387482415080563,0.002836608862881616,0.0016870319892677878,0.0006008786462864213,6.4459016772955735,12.891803354591147
slat,upper,9629,5888,0.0843319703907367,0.0031839906729011764,0.0022611894894589025,0.0005474363540958082,5.9540834199560635,11.908166839912127
slat,upper,8971,5594,0.08474800635729267,0.0035005397778894148,0.0027839602714840182,0.0004981052099544237,5.3162915956243,10.6325831912486
slat,upper,9237,5692,0.08512663197507729,0.003788722794248837,0.0032597825253382865,0.000453539297754113,4.484141918611421,8.968283837222842
slat,upper,9391,5762,0.08547154716869435,0.0040510063383819486,0.003693094377191338,0.0004130844059519899,3.402653073366385,6.80530614673277
slat,lower,15271,8716,0.08549086899718066,0.004028806790759397,0.00410632479114844,0.0004133764219622132,-0.7348060406891435,-1.469612081378287
slat,lower,15243,8702,0.08519569723434747,0.0037278795896536947,0.004527851451906702,0.0004296768995543109,-2.064288898930785,-4.12857779786157
slat,lower,15215,8688,0.08489024790317048,0.003412563792866709,0.004966857026288637,0.0004483342492095591,-3.037345699295542,-6.074691398591084
slat,lower,15187,8674,0.08457369879818226,0.0030816260921971875,0.005424814050296779,0.00046757979880672517,-3.7982632511580476,-7.596526502316095
slat,lower,15159,8660,0.084245638816649,0.0027346553849113787,0.00590232234901043,0.000487436798620577,-4.401800375694419,-8.803600751388839
slat,lower,15131,8646,0.0839060679585707,0.0023708294655417793,0.00639999744483902,0.0005079133930366025,-4.89645983044448,-9.79291966088896
slat,lower,15103,8632,0.08355416401847987,0.0019897372313546404,0.006918715792092686,0.0005295233014707295,-5.307494616787139,-10.614989233574278
slat,lower,15075,8618,0.08318910479090902,0.0015909675796162105,0.007459351576646974,0.0005517482676378443,-5.657065736530383,-11.314131473060765
slat,lower,15047,8604,0.08281006807039065,0.0011741094075927382,0.008022769665430366,0.0005750879099289397,-5.9530437665017875,-11.906087533003575
slat,lower,15019,8590,0.08241540944598973,0.000738751612550473,0.00861038510647363,0.0006001429721575876,-6.209628075846168,-12.419256151692336
slat,lower,14991,8576,0.08200512891770628,0.0002840719890219126,0.00922281054509463,0.0006247079050844116,-6.434543680967662,-12.869087361935325
slat,lower,14963,8562,0.08157799317733902,-0.000189929462992943,0.009860872297396095,0.0006514155995185196,-6.621342257076899,-13.242684514153797
slat,lower,14935,8548,0.08113194671121923,-0.0006836638462278446,0.010526252720262114,0.000679345246213517,-6.7883717649110755,-13.576743529822151
slat,lower,14907,8534,0.08066575621114565,-0.0011975422634165431,0.011220087187070172,0.0007083236874025979,-6.92849451227654,-13.85698902455308
slat,lower,14879,8520,0.0801773661634495,-0.0017307425090915371,0.011943158248448842,0.0007378184353547411,-7.048188682631627,-14.096377365263255
slat,lower,14851,8506,0.07966513215719581,-0.0022832645832528255,0.012696596886248468,0.0007690588402445118,-7.155752819365617,-14.311505638731234
slat,lower,14823,8492,0.0791278208841833,-0.002856341794101662,0.013482169823807259,0.0008020870348730694,-7.256015203988083,-14.512030407976166
slat,lower,14795,8478,0.07856502124167825,-0.003450796347105548,0.014300780407335808,0.0008351341321840312,-7.3452501298169945,-14.690500259633989
slat,lower,14767,8464,0.07797508881874561,-0.004067450447731987,0.015154178613917858,0.0008716622809800702,-7.422992377949673,-14.845984755899346
slat,lower,14739,8450,0.07735720140991792,-0.004707537404182231,0.016043840546827927,0.0009076615848400684,-7.498002186063241,-14.996004372126482
slat,lower,14711,8436,0.07671053680972767,-0.0053718794219237784,0.016970949333011905,0.0009465559875278912,-7.56488638200152,-15.12977276400304
slat,lower,14683,8422,0.07603345060723984,-0.006061298706424136,0.01793725589562068,0.0009860571376896616,-7.63075689167042,-15.26151378334084
slat,lower,14655,8408,0.07532470949425318,-0.006777028565884557,0.018944523374526876,0.0010284778201227265,-7.6924263852356445,-15.384852770471289
slat,lower,14627,8394,0.07458266905983268,-0.0075203023085062895,0.019994801470668493,0.0010720783721605068,-7.7546112050163885,-15.509222410032777
slat,lower,14599,8380,0.07380691820124463,-0.00829235324249059,0.021089266636842137,0.00111685196018678,-7.81981452773558,-15.63962905547116
slat,lower,14571,8366,0.072995812507554,-0.009094825778772462,0.022230256668036456,0.0011651281022018551,-7.8868298286390415,-15.773659657278083
slat,lower,14543,8352,0.07214811867055952,-0.009929364328286908,0.02341981136483642,0.0012139812913980802,-7.977205701341573,-15.954411402683146
slat,lower,14515,8338,0.0712638366902612,-0.010798024404702684,0.024659377851146618,0.0012651516812223096,-8.075284564449557,-16.150569128899114
slat,lower,14487,8324,0.07034132215572406,-0.011702450418954794,0.025951283532042235,0.001318659680568927,-8.181500826796338,-16.363001653592676
slat,lower,14459,8310,0.06937934175874683,-0.012645108987445745,0.02729813608286697,0.0013750454210805438,-8.313447842830882,-16.626895685661765
slat,lower,14431,8296,0.06837707329386199,-0.01362846672657804,0.02870224953821392,0.0014331814896133559,-8.43458663430896,-16.86917326861792
slat,lower,14403,8282,0.06733369455560204,-0.014654990252754185,0.030165940980823317,0.0014942013956054379,-8.557259299207363,-17.114518598414726
slat,lower,14375,8268,0.0662500277494345,-0.015728379490577933,0.03169123092100971,0.0015563784847673473,-8.682984239434703,-17.365968478869405
slat,lower,14347,8254,0.06512525066989189,-0.0168519232619193,0.033281037334318274,0.0016232343418497886,-8.768553569345816,-17.53710713869163
slat,lower,14319,8240,0.06395895221424042,-0.018029732594115798,0.034938601449049915,0.0016918938876134889,-8.869436806686505,-17.73887361337301
slat,lower,14291,8226,0.06275236569068136,-0.019266329617238682,0.036666336924464166,0.0017635770632150201,-9.034300634513162,-18.068601269026324
slat,lower,14263,8212,0.06150672440741596,-0.020566647564092967,0.038467041502534514,0.0018378320929256875,-9.169640564192413,-18.339281128384826
slat,lower,14235,8198,0.060224083878112955,-0.02193644187295117,0.04034364375750402,0.001915372417013315,-9.32796683957153,-18.65593367914306
slat,lower,14207,8184,0.058906499616441135,-0.02338270129028704,0.04230014828470042,0.0019976366373794696,-9.544773510749327,-19.089547021498653
slat,lower,14179,8170,0.05755849375247175,-0.024913236768041858,0.044339759950046985,0.0020815866933136585,-9.841376927954277,-19.682753855908555
slat,lower,14151,8156,0.056184588416276035,-0.026535448155423143,0.04646570543341944,0.00217030427343127,-10.109878296774696,-20.21975659354939
slat,lower,14123,8142,0.054792183457061536,-0.02825879081530716,0.04868145152745294,0.002261187914635718,-10.383348523097288,-20.766697046194576
slat,lower,14095,8128,0.05338703431310076,-0.030091486802368936,0.05099100742127712,0.0023579238730126436,-10.676099259724362,-21.352198519448724
slat,lower,14067,8114,0.051992984942951265,-0.03198667040496086,0.053343755495666854,0.002347572275766809,-10.840745751823786,-21.68149150364757
slat,lower,14039,8100,0.050632234894235593,-0.03389377598683155,0.05568660476407633,0.0023381262610521493,-10.946997050120473,-21.893994100240945
slat,lower,14011,8086,0.049303961961486245,-0.03581198134251353,0.05801986735933661,0.0023283989294684156,-10.963645306594257,-21.927290613188514
slat,lower,13983,8072,0.04801145496657323,-0.03774293088294178,0.06034355510135742,0.0023189765545732,-11.196496380691801,-22.392992761383603
slat,lower,13955,8058,0.0467575916286328,-0.03968744681358381,0.06265736612345878,0.0023086454896295177,-11.36981781268187,-22.73963562536374
slat,lower,13927,8044,0.04554442746133372,-0.041646351339907135,0.06496161339532756,0.0022998490541080298,-11.657791528359434,-23.315583056718868
slat,lower,13899,8030,0.044375251286546,-0.04362087777011299,0.06725645401701853,0.002289832189273926,-11.811464290171475,-23.62292858034295
slat,lower,13871,8016,0.04325294082340589,-0.04561143720693513,0.0695417380470651,0.002280735870819201,-12.126703998692975,-24.25340799738595
slat,lower,13843,8002,0.04218078489378339,-0.04761885185584107,0.07181769407496415,0.002271176184978908,-12.27977999893777,-24.55955999787554
slat,lower,13815,7988,0.04116248342228226,-0.04964312171683079,0.07408383778153185,0.002261111228156521,-12.564879052656714,-25.129758105313428
slat,lower,11351,6770,0.040201325230772515,-0.051684657892638056,0.07634052415092286,0.0022522615106254865,-12.752938438422909,-25.505876876845818
slat,lower,11323,6756,0.03930183244932542,-0.05374428258873036,0.07858824088696835,0.002243171961465462,-13.02910698972796,-26.05821397945592
slat,lower,11295,6742,0.03846811610527847,-0.0558211735996402,0.08082648549594369,0.0022333172564852313,-13.214682979620946,-26.429365959241892
slat,lower,11267,6728,0.03770428722596918,-0.05791450871990008,0.0830551265608665,0.002223964873360396,-13.622222964188744,-27.244445928377488
slat,lower,11239,6714,0.03700952360593007,-0.060022643538575,0.08527504489885042,0.0022158718026074305,-13.807670637920303,-27.615341275840606
slat,lower,11211,6700,0.036376836498687344,-0.06214064482285994,0.08748571405574454,0.0022054665111808057,-14.153684268685144,-28.307368537370287
slat,lower,11183,6686,0.035816914575318534,-0.06426892367548864,0.08968685296425775,0.0021968113058456144,-14.41574343970414,-28.83148687940828
slat,lower,11141,6672,0.03534743525337494,-0.06640994671286364,0.09187924902928558,0.002187980824210046,-14.503167799304682,-29.006335598609365
slat,lower,13311,7750,0.03496593191645404,-0.06855919180491366,0.09406247434649623,0.0021784698102112286,-14.766188850864701,-29.532377701729402
slat,lower,13283,7736,0.034699126242249675,-0.07071542564343744,0.09623639810807456,0.0021693777129454567,-15.013389129933897,-30.026778259867793
slat,lower,13255,7722,0.03459141732600693,-0.07287577050929872,0.0984011108856959,0.0021600478422972315,-15.138786774107542,-30.277573548215084
slat,lower,13227,7708,0.03463088318844702,-0.0750303599368875,0.10055694636097227,0.0021516231082555227,-15.278628309018938,-30.557256618037876
slat,lower,13199,7694,0.034829034706114995,-0.07716562753598999,0.10270362182849485,0.002141727826789603,-15.28568128462311,-30.57136256924622
slat,lower,13171,7680,0.035266448014826,-0.07925238501250985,0.10484074398601013,0.0021325164882409755,-15.05930526781536,-30.11861053563072
slat,lower,13143,7666,0.03597066699774139,-0.08125692194227951,0.1069695627582662,0.0021251210562711603,-14.43288722820844,-28.86577445641688
slat,lower,13115,7652,0.03690140358695357,-0.08315827208587771,0.10908966946773203,0.0021150923626605178,-13.528427581617466,-27.056855163234932
slat,lower,13087,7638,0.03807222417267628,-0.08490751421798805,0.11120132057646828,0.002108209854811954,-12.140588213454215,-24.28117642690843
slat,lower,13059,7624,0.039542327548569706,-0.08638953957316026,0.113301944904752,0.002093038801755481,-10.215065634781128,-20.430131269562256
slat,lower,13031,7610,0.04127964770140127,-0.08753816061126042,0.11539368158660879,0.002090434561958098,-8.40582545842386,-16.81165091684772
slat,lower,13003,7596,0.04318099784499946,-0.0883817434209174,0.11747942725530086,0.0020810567754260376,-6.93084382326467,-13.86168764652934
slat,lower,12975,7582,0.04518224595289912,-0.08892111020759866,0.11955882664864609,0.002077742011264425,-5.781495623583035,-11.56299124716607
slat,lower,12947,7568,0.047206515813888836,-0.08922491512784061,0.12160696290345875,0.0020185304983608918,-5.2254380190270515,-10.450876038054103
slat,lower,12919,7554,0.04724474836812768,-0.08965739520374662,0.12363155203708075,0.0020306477688831074,-3.417451950379851,-6.834903900759702
slat,lower,12891,7540,0.04532613190971195,-0.09022389477085543,0.12563303220634908,0.001972312569653495,-2.7232941385303553,-5.446588277060711
slat,lower,12863,7526,0.04347781401876762,-0.09072091797596035,0.12754706420957146,0.0018557514367912855,-2.6011142572503982,-5.2022285145007965
slat,lower,12835,7512,0.041734327324929835,-0.09119779714711146,0.129354604201222,0.0017593285465097896,-2.4458263020961946,-4.891652604192389
slat,lower,12807,7498,0.04007799441064726,-0.09163808817495875,0.13106846926410987,0.0016684015792659244,-2.297576800217487,-4.595153600434974
slat,lower,12779,7484,0.03850429314584857,-0.09204343547043718,0.13269354976646,0.0015817594254343807,-2.1520725154701084,-4.304145030940217
slat,lower,12751,7470,0.03700911250319633,-0.09241507234174805,0.1342342393935023,0.0014996198286501708,-2.008130215328756,-4.016260430657512
slat,lower,12723,7456,0.03558793035261926,-0.09275340989162509,0.13569516269119847,0.0014222267667422068,-1.865470476909895,-3.73094095381979
slat,lower,12695,7442,0.03423663566677984,-0.0930584481200683,0.13708048518460184,0.001348418220064538,-1.724911513536203,-3.449823027072406
slat,lower,12667,7428,0.03295193962380811,-0.09333183143801269,0.1383939722642176,0.0012785559391669833,-1.594250710378689,-3.188501420757378
slat,lower,12639,7414,0.03173137560730151,-0.09357890418099701,0.13963930058330362,0.001212100699005077,-1.4855953542791913,-2.9711907085583826
slat,lower,12611,7400,0.030572477000857558,-0.09380501068456004,0.14082005696893882,0.0011494120722653188,-1.3850364260830559,-2.7700728521661118
slat,lower,9839,6028,0.029471954982606255,-0.09401220646237052,0.14193991948750995,0.001090312964876976,-1.288488318097699,-2.576976636195398
slat,lower,12527,7358,0.028426931833411308,-0.09419966930896095,0.14300163911031893,0.0010331262807409755,-1.1880841548125063,-2.3761683096250126
slat,lower,12499,7344,0.02743452983413647,-0.09436657701886385,0.14400799402273848,0.0009795835440981014,-1.0887581852687411,-2.1775163705374823
slat,lower,12471,7330,0.02649146016291179,-0.09451416290028045,0.14496255884450657,0.0009295460994380649,-0.989153876974158,-1.978307753948316
slat,lower,12443,7316,0.025595667306068465,-0.094643660261412,0.14586767838482148,0.0008806929811917463,-0.8903553117799862,-1.7807106235599723
slat,lower,12415,7302,0.024745095749937697,-0.09475630241045976,0.14672569250691062,0.0008353352629865039,-0.7896936844860138,-1.5793873689720277
slat,lower,12387,7288,0.02393727887811705,-0.09485250045015747,0.14753923691583842,0.0007917535548691422,-0.6869675440179217,-1.3739350880358434
slat,lower,12359,7274,0.02317016117693777,-0.09493307658597266,0.1483105929747549,0.0007509585629638419,-0.5851332714946923,-1.1702665429893846
slat,lower,12331,7260,0.0224416871327311,-0.09499926412610657,0.1490420865115927,0.0007120285107117617,-0.4841168502784787,-0.9682337005569575
slat,lower,12303,7246,0.02175021233456197,-0.09505229637876045,0.1497356083498897,0.0006750151658821582,-0.385474521111763,-0.770949042223526
slat,lower,12275,7232,0.021093681268761662,-0.09509299554940179,0.15039341957796198,0.000640607290262449,-0.28836859034332984,-0.5767371806866597
slat,lower,12247,7218,0.020470860627129016,-0.09512341715169936,0.15101699139986216,0.0006065363535378798,-0.1970720536091021,-0.3941441072182042
slat,lower,12219,7204,0.01988010599872889,-0.09514397228838692,0.151608126615453,0.0005757340776438246,-0.10512677263775017,-0.21025354527550033
slat,lower,12191,7190,0.01931936186989256,-0.09515671647313319,0.15216901818101078,0.0005460490534717333,-0.023324220160443276,-0.04664844032088655
slat,lower,12163,7176,0.018787806035152566,-0.0951641163223407,0.15270063449691512,0.0005171835783369586,0.05868661485186755,0.1173732297037351
slat,lower,12135,7162,0.01828420518630763,-0.09516699404147697,0.15320424489493467,0.0004900372177021022,0.13448518223622946,0.2689703644724589
slat,lower,12107,7148,0.017806503809689036,-0.09516822734967822,0.15368194801425342,0.0004653690209354209,0.2085555772781429,0.4171111545562858
slat,lower,12079,7134,0.017353468597095495,-0.09516781624694447,0.1541349851239717,0.0004407051985011827,0.28652722238431916,0.5730544447686383
slat,lower,12051,7120,0.01690824433644319,-0.09516288301413946,0.15458024849339128,0.0004498215403379258,0.3741177557881693,0.7482355115763386
slat,lower,12023,7106,0.01645520912384962,-0.09515260544579568,0.15503340459721518,0.0004564906673098664,0.4646976739906139,0.9293953479812278
slat,lower,11995,7092,0.015994362959314796,-0.09513780574738065,0.1554944941788407,0.00046568849594120197,0.560876633774697,1.121753267549394
slat,lower,11967,7078,0.015524883637371211,-0.0951172506106931,0.15596443353077374,0.0004741902079248909,0.6653605089484995,1.330721017896999
slat,lower,11939,7064,0.01504759336348635,-0.09509011783026552,0.15644250427921533,0.00048195128895824285,0.7771510276204956,1.5543020552409912
slat,lower,11911,7050,0.01456249213766019,-0.09505517409789671,0.15692888070962616,0.0004908015718634211,0.900614087599091,1.801228175198182
slat,lower,11883,7036,0.014068757754425312,-0.09501159720811911,0.1574245481985423,0.0005005334059688017,1.031518163168493,2.063036326336986
slat,lower,11855,7022,0.0135668013165154,-0.09495856495546523,0.1579293223586864,0.0005090149143194327,1.1764604369657903,2.3529208739315806
slat,lower,11827,7008,0.013057445029397945,-0.09489402182626633,0.15844278277192417,0.0005179059121560818,1.335914633648135,2.67182926729627
slat,lower,11799,6994,0.012540277790339205,-0.09481673451232114,0.1589657264296115,0.0005279814032185812,1.5085467661546965,3.017093532309393
slat,lower,11771,6980,0.01201571070207296,-0.09472505860269467,0.15949829184032902,0.0005371494182164888,1.6996496760082263,3.3992993520164525
slat,lower,11743,6966,0.01148497707280049,-0.09461652748098442,0.16004007207718535,0.0005464110554961529,1.9109208830214819,3.8218417660429638
slat,lower,11715,6952,0.010948076902521765,-0.09448949673625538,0.1605918600006478,0.0005571647914287899,2.1360325551075094,4.272065110215019
slat,lower,11687,6938,0.010405010191236859,-0.09434561077944256,0.16115370142808538,0.0005665180634463876,2.358895053330804,4.717790106661608
slat,lower,11659,6924,0.009855776938945569,-0.09418692512421468,0.1617254327449675,0.0005769445703178645,2.5837967911882656,5.167593582376531
slat,lower,11631,6910,0.00929996604291419,-0.09401302866783803,0.16230784808447324,0.0005878861086935993,2.815733319479752,5.631466638959504
slat,lower,11603,6896,0.008738810811344172,-0.09382186589664383,0.1629007284145445,0.000597874551448978,3.068161114848837,6.136322229697674
slat,lower,11575,6882,0.008173544552436572,-0.09361097019422959,0.16350412078110224,0.0006089101816664498,3.3387396220580072,6.6774792441160145
slat,lower,11547,6868,0.0076058116771264865,-0.09337581943052403,0.1641187582650731,0.0006203647862752745,3.6515660230983045,7.303132046196609
slat,lower,11519,6854,0.007038489904550142,-0.09311271368092341,0.16474425672299162,0.0006306321295617811,3.987280173167232,7.974560346334464
slat,lower,11491,6840,0.00647363474837632,-0.092819597431759,0.16538081242025193,0.0006424792649588751,4.3480392436495805,8.696078487299161
slat,lower,11463,6826,0.005910424003137561,-0.09249893729943323,0.16602898626732457,0.0006538684291864104,4.681856009877702,9.363712019755404
slat,lower,11435,6812,0.005346802155164948,-0.09215484431128368,0.16668941704356255,0.0006669931232895587,5.00481617724539,10.00963235449078
slat,lower,11407,6798,0.0047864691290624185,-0.09178361854270657,0.16736172536419214,0.0006776235179696299,5.364009111047054,10.728018222094107
slat,lower,11379,6784,0.00423641367130362,-0.09137827124722814,0.1680452699918266,0.0006894657372992745,5.77391642869491,11.54783285738982
slat,lower,10147,6168,0.003702391220161129,-0.09093181367837459,0.1687417165661075,0.0007034274112625987,6.2334854285099315,12.466970857019863
slat,lower,10119,6154,0.0031881017002387234,-0.09044383473341219,0.16945098520530705,0.0007151098671364286,6.69363775943591,13.38727551887182
slat,lower,10091,6140,0.002693134008802626,-0.08991885654241222,0.17017275048008348,0.0007284206824164952,7.136786619476638,14.273573238953276
slat,lower,10049,6126,0.002224065789592537,-0.08935400138623842,0.17090747729496872,0.0007410329473539366,7.628131916440499,15.256263832880999
slat,lower,11127,6658,0.0017940523300890672,-0.08874269162115073,0.17165556986536434,0.0007551521934373054,8.144411682120449,16.288823364240898
slat,lower,11099,6644,0.001407204657629317,-0.08808698276081794,0.172417413563423,0.0007685352026800364,8.629194352577997,17.258388705155994
slat,lower,11071,6630,0.001061467258544503,-0.08739345244898009,0.17319277817119486,0.0007821940128636747,9.05229553832032,18.10459107664064
slat,lower,11043,6616,0.0007560179273678135,-0.08666580061024089,0.1739823340502178,0.0007969177451822307,9.403301213293846,18.80660242658769
slat,lower,11015,6602,0.000492912177767319,-0.08590649386100287,0.17478635217680535,0.0008111185079929038,9.692756643781971,19.385513287563942
slat,lower,10987,6588,0.0002865386054248391,-0.08511553220126603,0.17560465632342473,0.0008254897852458309,9.9406175740018,19.8812351480036
slat,lower,10959,6574,0.00014470816228546595,-0.08430278209664038,0.17643025173766785,0.0008257010432404101,10.153879480947936,20.30775896189587
slat,lower,10931,6560,5.138784170588123e-05,-0.08343001099288709,0.1773083327123797,0.0009304609061832905,10.339759283518157,20.679518567036315
slat,lower,10903,6546,6.988746456079973e-06,-0.0824417200209498,0.17829817680680096,0.001049227282659257,10.52077266201711,21.04154532403422
slat,upper,10875,6532,2.7543883154853668e-05,-0.08143369611779244,0.1793070312532719,0.0009684816102826556,10.699877167302803,21.399754334605607
slat,upper,10847,6518,0.00010812001897076492,-0.08050624835045028,0.18023841899811058,0.0008942938793946478,10.866140221506694,21.732280443013387
slat,upper,10819,6504,0.0002293953254339904,-0.07965485458885205,0.18109864482046023,0.0008261577653046086,10.992422830138592,21.984845660277184
slat,upper,10791,6490,0.0003872587751937486,-0.07884415999789515,0.18192485331551866,0.0008262592248122464,11.080239328488535,22.16047865697707
slat,upper,10763,6476,0.0005928101420690456,-0.0780104436538482,0.18278374664761834,0.0008915274393871542,11.140852909348949,22.281705818697898
slat,upper,10735,6462,0.0008513937615984204,-0.07711958402980987,0.18371153757016637,0.000964054405708897,11.16043634389982,22.32087268779964
slat,upper,10707,6448,0.0011671206611192637,-0.07616747009844266,0.18471481596688574,0.0010425023877298533,11.138601432231102,22.277202864462204
slat,upper,10679,6434,0.0015486239980401291,-0.0751528685515453,0.18579899771629277,0.0011258611110841741,11.086774901662597,22.173549803325194
slat,upper,10651,6420,0.0020004259024323135,-0.07407207946451402,0.1869705704161184,0.0012172842885671128,10.99839347862591,21.99678695725182
slat,upper,10623,6406,0.0025249929906984983,-0.07291975850181008,0.18823681915480592,0.0013152131888079595,10.878907505448312,21.757815010896625
slat,upper,10595,6392,0.003134247242117324,-0.07169508345796596,0.18960491939348717,0.0014209872885545594,10.714868986589817,21.429737973179634
slat,upper,10567,6378,0.00384134394416895,-0.07039682102478044,0.19108349433048932,0.0015361625854497399,10.53939340079426,21.07878680158852
slat,upper,10539,6364,0.004653271843327115,-0.06902044907218223,0.19268171186261646,0.0016602724788045112,10.387292382105263,20.774584764210527
slat,upper,10511,6350,0.00557578637786421,-0.06756103436736632,0.194408430083238,0.0017931639624385236,10.261845201772772,20.523690403545544
slat,upper,10483,6336,0.006613820780585442,-0.06601076595839145,0.1962742639850948,0.0019385038412750484,10.188041200464854,20.376082400929707
slat,upper,10455,6322,0.007772719387029397,-0.06436018848238137,0.19829116393715285,0.0020952960628410895,10.041077027154884,20.08215405430977
slat,upper,10427,6308,0.009070981820214898,-0.06260930193933603,0.20047112002762063,0.002264616118094443,9.847662697897146,19.695325395794292
slat,upper,10399,6294,0.010529985422297062,-0.06076057294565797,0.20282647474902388,0.0024460933247120627,9.642109269601434,19.284218539202868
slat,upper,10371,6280,0.012161241069820864,-0.05880701275487342,0.2053717592702065,0.002644475717653229,9.52274053785175,19.0454810757035
slat,upper,10343,6266,0.013973381920195085,-0.05673752159317108,0.20812266856304465,0.0028573428680230667,9.466905083836656,18.93381016767331
slat,upper,10315,6252,0.01597298561715975,-0.05453771086486969,0.21109557145107724,0.0030884629080420866,9.379111712972279,18.758223425944557
slat,upper,10287,6238,0.018169507523591123,-0.052192780871554226,0.21430865524945833,0.0033377046887200735,9.282258471998684,18.56451694399737
slat,upper,10259,6224,0.020589258214449277,-0.04970314271595842,0.21778068989871363,0.0036063646097904967,9.200500608024216,18.40100121604843
slat,upper,10231,6210,0.023260192675629253,-0.047067974192614784,0.22153293450024278,0.003898124593267829,9.146562685269643,18.293125370539286
slat,upper,10175,6182,0.025428965147530534,-0.044992316489907966,0.22453501630731723,0.0021060390208811107,9.178227487355334,18.35645497471067
slat,upper,10217,6196,0.026966078269025376,-0.0435526347163121,0.22664105532820353,0.002106039020891496,9.153987381621837,18.307974763243674
slat,upper,9923,6056,0.028574517714824853,-0.04206485392286839,0.22883211480315696,0.0022760799290153138,9.045685017337075,18.09137003467415
slat,upper,9965,6070,0.03025428348493126,-0.04052897410957481,0.23110819473218053,0.002276079929031807,9.049699057553122,18.099398115106244
slat,upper,10007,6098,0.0320088699525804,-0.038938828735426013,0.23347615521233714,0.002459841031281406,9.026298249719488,18.052596499438977
slat,upper,10035,6112,0.03383827711777218,-0.03729441780042218,0.23593599624362657,0.0024598410312975153,8.982681589560462,17.965363179120924
slat,upper,9881,6042,0.03575339920295219,-0.03559718016413025,0.23849502114822277,0.002658208777894854,8.949558019909182,17.899116039818363
slat,upper,9993,6084,0.037754236208118096,-0.033847115826552414,0.24115322992612245,0.002658208777904546,8.936022171401362,17.872044342802724
slat,upper,9209,5678,0.03984839353384585,-0.03204093596581722,0.24391875369584906,0.002872838761548653,8.93021352274053,17.86042704548106
slat,upper,9097,5636,0.042035871180134715,-0.03017864058192538,0.2467915924574015,0.0028728387615562837,8.956665205020055,17.91333041004011
slat,upper,9657,5902,0.04413372843046511,-0.028410282172696227,0.24953536626638317,0.0026147088564070268,8.886930472368434,17.773860944736867
slat,upper,9419,5776,0.04614196528483855,-0.026735860738128572,0.25215007512279597,0.002614708856418487,8.977957411848553,17.955914823697107
slat,upper,9013,5608,0.04806551497605944,-0.02514304319621033,0.25464751170056915,0.002380164299127912,8.938337615511157,17.876675231022315
slat,upper,9783,5972,0.049904377504127476,-0.023631829546941804,0.2570276759997024,0.0023801642991385,8.856276362927632,17.712552725855264
slat,upper,9531,5832,0.05166430830731704,-0.02219276442744516,0.25930106545383996,0.0021666146091367045,8.77694915992393,17.55389831984786
slat,upper,9321,5734,0.053345307385624714,-0.02082584783772322,0.26146768006297755,0.0021666146091384136,8.657514033692589,17.315028067385178
slat,upper,9825,6014,0.05572456445720872,-0.018908670238875352,0.2645232546072074,0.003944534479321386,8.604950851337602,17.209901702675204
slat,upper,9139,5650,0.058670115544534336,-0.01656004032095612,0.26829054100641925,0.003590038319102396,8.543182942529599,17.086365885059198
slat,upper,9181,5664,0.06136201624513561,-0.01443587249566492,0.27171960438037307,0.0032680884288052298,8.374295311777935,16.74859062355587
slat,upper,9447,5790,0.06381958838749885,-0.012511500598976684,0.2748409646525433,0.0029746321155353595,8.316813597641776,16.63362719528355
slat,upper,9475,5804,0.06606133159464284,-0.010766780596937614,0.27768164720647276,0.002706732992323564,8.198390316650006,16.39678063330001
slat,upper,9573,5860,0.06810574548958634,-0.009183212866528918,0.2802676324289134,0.002465237452557603,8.270426867833862,16.540853735667724
slat,upper,9601,5874,0.06996927418167945,-0.007744353298400563,0.2826220025751428,0.0022435028399012892,8.273437075853929,16.546874151707858
slat,upper,9671,5916,0.07166753957480465,-0.0064378688105400156,0.28476466735765693,0.002041826725126989,8.246287923097304,16.492575846194608
slat,upper,9699,5930,0.07321616357284452,-0.00525224852640225,0.28671503599861115,0.001858910556781466,8.228500854102936,16.457001708205873
slat,upper,9727,5944,0.07462830146327906,-0.004176392672175991,0.28849031144926673,0.001691640344529716,8.159545526740107,16.319091053480214
slat,upper,9755,5958,0.07591505301991956,-0.0031987903713162104,0.29010630524622294,0.0015403472493826951,8.089094050008304,16.17818810001661
slat,upper,9797,5986,0.07708710691384354,-0.0023099862609466375,0.29157725192729683,0.0014015461127650794,8.002180157036237,16.004360314072475
slat,upper,9055,5622,0.07815474071339479,-0.0015017582863922525,0.2929163092098644,0.0012765684523699896,7.943160230426174,15.886320460852348
slat,upper,9265,5706,0.07912658757598204,-0.0007662954957117872,0.2941350757367685,0.001160964601438196,7.873930082411221,15.747860164822441
slat,upper,9293,5720,0.08001086955628035,-9.660914243147534e-05,0.2952443253350427,0.0010575345951101798,7.796525203544345,15.59305040708869
slat,upper,9363,5748,0.08081580870896474,0.0005134673144549476,0.2962543353997022,0.0009624855342087885,7.687937788976539,15.375875577953078
slat,upper,9503,5818,0.0815479826777752,0.0010688671077524932,0.29717332826464293,0.0008755001956727381,7.550182114914573,15.100364229829147
slat,upper,9559,5846,0.08221396910645176,0.0015749345729999236,0.29800977447514376,0.0007973922253289504,7.369032629872864,14.738065259745728
main,upper,12541,7372,0.21375629226992648,0.0409591246033202,0.001797113468034035,0.00359422693606807,2.2944518564150647,4.588903712830129
main,upper,12583,7386,0.21733480453298315,0.04129485850255006,0.005391340404099554,0.0035942269360629674,2.2363065744908197,4.472613148981639
main,upper,20535,11348,0.22091331679603987,0.04163059240177993,0.008985567340165129,0.0035942269360681824,2.1879507048997744,4.375901409799549
main,upper,20325,11250,0.2246496925088559,0.04197030029410266,0.012737368500240981,0.003909375384083524,2.1364697187476223,4.2729394374952445
main,upper,20367,11264,0.22854393167142611,0.04231398217951775,0.016646743884321913,0.003909375384078339,2.0947049314934967,4.189409862986993
main,upper,20395,11278,0.23243817083400706,0.04265766406493378,0.020556119268413643,0.003909375384105117,2.0476343663421974,4.095268732684395
main,upper,20213,11194,0.2359746135839624,0.04295828293898801,0.024105338832218975,0.003189063743505549,1.9991541809155255,3.998308361831051
main,upper,20255,11208,0.2391532599213192,0.04321583880168254,0.027294402575765056,0.00318906374358661,1.966074638556854,3.932149277113708
main,upper,20283,11222,0.24233190625871126,0.04347339466437992,0.0304834663193465,0.0031890637435762793,1.9349086163828688,3.8698172327657376
main,upper,20311,11236,0.24551055259607926,0.043730950527075346,0.03367253006290382,0.003189063743538352,1.9043655126714774,3.8087310253429547
main,upper,20101,11138,0.24882948774132346,0.043987786959985425,0.03700140808504659,0.003468692300747195,1.8623426414619315,3.724685282923863
main,upper,20143,11152,0.2522887116944573,0.044243903963111265,0.0404701003857884,0.003468692300736424,1.8322241284438556,3.6644482568877113
main,upper,20171,11166,0.25574793564760756,0.04450002096623831,0.04393879268654656,0.0034686923007798964,1.801325135286985,3.60265027057397
main,upper,20199,11180,0.25920715960076857,0.044756137969366165,0.04740748498731552,0.0034686923007580224,1.7669982838546772,3.5339965677093543
main,upper,19989,11082,0.26281921099518385,0.045009480029039935,0.051028434999603973,0.0037732077238188727,1.72016668591845,3.4403333718369
main,upper,20031,11096,0.2665840898308697,0.04526004714526079,0.054801642723428155,0.0037732077238295,1.685452270516177,3.370904541032354
main,upper,20059,11110,0.2703489686665501,0.04551061426148127,0.05857485044724691,0.0037732077238080233,1.650826462759738,3.301652925519476
main,upper,20087,11124,0.2741138475022469,0.04576118137770283,0.06234805817108197,0.003773207723862101,1.6144942089188858,3.2289884178377717
main,upper,19849,11012,0.27763510685779524,0.04598315629878459,0.06587633191695191,0.0032833397678778036,1.5727484796440176,3.1454969592880353
main,upper,19891,11026,0.28091274673316824,0.04617653902472471,0.06915967168482957,0.003283339767877525,1.5405412271688501,3.0810824543377002
main,upper,19919,11040,0.28419038660867957,0.046369921750673004,0.07244301145284587,0.0032833397681550636,1.508051508069441,3.016103016138882
main,upper,19947,11054,0.28746802648446756,0.04656330447663762,0.0757263512211393,0.003283339768431767,1.4781149994309963,2.9562299988619927
main,upper,19975,11068,0.2907456663603938,0.04675668720261039,0.07900969098957115,0.0032833397684319345,1.4496805788357763,2.8993611576715526
main,upper,19709,10942,0.2941676855162687,0.04694719220943841,0.0824370261421205,0.0035713305366667733,1.4115623668547492,2.8231247337094985
main,upper,19751,10956,0.2977340839521029,0.04713481949712224,0.08600835667879782,0.003571330536687841,1.3796466371145821,2.7592932742291643
main,upper,19779,10970,0.3013004823879475,0.04732244678480661,0.08957968721548563,0.0035713305366877855,1.3477524453312273,2.6955048906624546
main,upper,19807,10984,0.30486688082379243,0.047510074072491,0.09315101775217373,0.0035713305366883966,1.316242050815483,2.632484101630966
main,upper,19835,10998,0.3084332792596268,0.04769770136017483,0.09672234828885129,0.0035713305366667177,1.2833298946816343,2.5666597893632686
main,upper,19569,10872,0.31215671893975183,0.04787743547537052,0.10045015551353262,0.0038842839126959185,1.2383643859806113,2.4767287719612225
main,upper,19611,10886,0.31603719986416745,0.04804927641807813,0.10433443942621769,0.003884283912674248,1.2050906469806815,2.410181293961363
main,upper,19639,10900,0.3199176807885721,0.04822111736078526,0.10821872333889176,0.003884283912673915,1.1736784523737929,2.3473569047475857
main,upper,19667,10914,0.3237981617129876,0.04839295830349287,0.11210300725157678,0.003884283912696085,1.1429904950123537,2.2859809900247074
main,upper,19695,10928,0.32767864263742486,0.04856479924620144,0.11598729116428355,0.003884283912717478,1.1141946330565058,2.2283892661130116
main,upper,19401,10788,0.3313782657658475,0.048716222086466546,0.1196900347014814,0.003521203161678228,1.080859040185741,2.161718080371482
main,upper,19443,10802,0.33489703109826113,0.04884722682428832,0.12321123786317593,0.003521203161710836,1.0545484665925338,2.1090969331850675
main,upper,19471,10816,0.33841579643067476,0.04897823156211009,0.12673244102487047,0.003521203161678228,1.0273370130598416,2.054674026119683
main,upper,19499,10830,0.34193456176308296,0.04910923629993165,0.13025364418655963,0.0035212031617000593,0.9980822576459153,1.9961645152918306
main,upper,19527,10844,0.34545332709551835,0.049240241037754234,0.13377484734827594,0.0035212031617325563,0.9675522145583657,1.9351044291167314
main,upper,19555,10858,0.3489720924279536,0.04937124577557682,0.13729605050999216,0.0035212031616998927,0.9335190357879817,1.8670380715759634
main,upper,19233,10704,0.3526456379396352,0.049491150739587667,0.14097158787079386,0.0038298715599035275,0.8925342544666202,1.7850685089332403
main,upper,19275,10718,0.3564739636305777,0.049599955929787345,0.14480145943069572,0.003829871559900195,0.8627365154616617,1.7254730309233235
main,upper,19303,10732,0.3603022893214842,0.049708761119986,0.14863133099056153,0.003829871559831389,0.834058633752522,1.668117267505044
main,upper,19331,10746,0.364130615012378,0.049817566310184296,0.1524612025504146,0.0038298715598747055,0.8046749033555332,1.6093498067110663
main,upper,19359,10760,0.3679589407033169,0.04992637150038387,0.15629107411031284,0.0038298715599218527,0.7727716638103002,1.5455433276206003
main,upper,19387,10774,0.37178726639428117,0.05003517669058416,0.16012094567023638,0.003829871559925241,0.738374788764751,1.476749577529502
main,upper,19037,10606,0.37548643730972936,0.05012511030767318,0.163821243111982,0.003570723323566012,0.6981125457318245,1.396225091463649
main,upper,19079,10620,0.3790564534496599,0.050196172351650865,0.16739196643554805,0.0035707233235660676,0.6684401494607424,1.3368802989214847
main,upper,19107,10634,0.38262646958959035,0.05026723439562855,0.17096268975911405,0.0035707233235659566,0.6401396844010314,1.2802793688020628
main,upper,19135,10648,0.38619648572939075,0.050338296439603664,0.17453341308255,0.0035707233233059463,0.6108781479800256,1.2217562959600512
main,upper,19163,10662,0.38976650186919115,0.05040935848357876,0.17810413640598594,0.003570723323565956,0.57913177644628,1.15826355289256
main,upper,19191,10676,0.3933365180091217,0.05048042052755644,0.181674859729552,0.0035707233235661782,0.5456091159933548,1.0912182319867096
main,upper,19219,10690,0.3969065341490522,0.050551482571534134,0.18524558305311806,0.0035707233235659566,0.5111380500227248,1.0222761000454497
main,upper,18841,10508,0.4006334153463633,0.05060662906681902,0.18897291691076293,0.003883944391723832,0.46946307631562856,0.9389261526312571
main,upper,18883,10522,0.4045171616010582,0.05064586001341113,0.19285686130248986,0.0038839443917300497,0.43779633690527897,0.8755926738105579
main,upper,18911,10536,0.40840090785575467,0.05068509096000325,0.19674080569421834,0.003883944391726941,0.4082976453187903,0.8165952906375806
main,upper,18939,10550,0.41228465411044957,0.050724321906595364,0.20062475008594527,0.003883944391726941,0.3794213568731462,0.7588427137462924
main,upper,18967,10564,0.4161684003651661,0.05076355285318769,0.20450869447769388,0.003883944391770242,0.3506934216979659,0.7013868433959318
main,upper,18995,10578,0.4200521466198842,0.05080278379978004,0.208392638869444,0.0038839443917300497,0.32067386299090467,0.6413477259818093
main,upper,19023,10592,0.42393589287460076,0.05084201474637237,0.21227658326119261,0.003883944391767133,0.29128511246401706,0.5825702249280341
main,upper,18617,10396,0.4277260325050587,0.05086163021966863,0.21606682196016658,0.00369653300618078,0.2564003552278027,0.5128007104556054
main,upper,18659,10410,0.4314225655112612,0.05086163021966863,0.21976335496636906,0.0036965330062241897,0.2297631468495413,0.4595262936990826
main,upper,18687,10424,0.4351190985174582,0.05086163021966863,0.2234598879725661,0.0036965330061698998,0.20339102158867045,0.4067820431773409
main,upper,18715,10438,0.43881563152364444,0.05086163021966863,0.22715642097875233,0.0036965330062025403,0.1768791243185459,0.3537582486370918
main,upper,18743,10452,0.44251216452985775,0.05086163021966863,0.23085295398496564,0.0036965330062240787,0.1496505362509729,0.2993010725019458
main,upper,18771,10466,0.4462086975360656,0.05086163021966863,0.23454948699117353,0.0036965330061917157,0.12106774180561237,0.24213548361122475
main,upper,18799,10480,0.44990523054227904,0.05086163021966863,0.2382460199973869,0.0036965330062350144,0.09183187821083699,0.18366375642167398
main,upper,18827,10494,0.4536017635485031,0.05086163021966863,0.24194255300361103,0.003696533006213254,0.06213094030741789,0.12426188061483578
main,upper,13689,7932,0.4573957792904507,0.05084365915730754,0.24573665173472,0.0038916644560047084,0.024459567537311364,0.04891913507462273
main,upper,13731,7946,0.4612872777681273,0.05080771703258541,0.24962831619071926,0.0038916644559938277,-0.007499618365987434,-0.014999236731974869
main,upper,13759,7960,0.4651787762458045,0.05077177490786326,0.25351998064671927,0.0038916644560062076,-0.038150802387600595,-0.07630160477520119
main,upper,13787,7974,0.46907027472349105,0.05073583278314103,0.25741164510272857,0.003891664456012425,-0.06771070084838347,-0.13542140169676695
main,upper,18547,10354,0.47296177320118843,0.050699890658418706,0.2613033095587487,0.0038916644560278574,-0.09751448236897234,-0.19502896473794468
main,upper,18575,10368,0.47685327167887653,0.05066394853369646,0.26519497401475955,0.0038916644559938833,-0.12718056648260226,-0.2543611329652045
main,upper,18603,10382,0.4807447701565639,0.05062800640897423,0.26908663847076963,0.0038916644560263586,-0.15869771942335267,-0.31739543884670535
main,upper,13479,7834,0.48448275112768163,0.050574797969434426,0.2728250488016535,0.0035851562057413492,-0.19849650720079828,-0.39699301440159657
main,upper,13521,7848,0.4880672145922082,0.05050432321507732,0.2764102050073895,0.003585156205730689,-0.23028486439513438,-0.46056972879026875
main,upper,13549,7862,0.49165167805672927,0.05043384846072032,0.2799953612131201,0.003585156205730411,-0.25963623310803535,-0.5192724662160707
main,upper,13577,7876,0.49523614152126116,0.05036337370636311,0.2835805174188614,0.003585156205752287,-0.28804860178666947,-0.5760972035733389
main,upper,13605,7890,0.4988206049858249,0.05029289895200527,0.2871656736246346,0.0035851562057940393,-0.3163119927070948,-0.6326239854141896
main,upper,13633,7904,0.5024050684503808,0.050222424197647574,0.2907508298303999,0.0035851562057366854,-0.3445685933755874,-0.6891371867511747
main,upper,13661,7918,0.5059895319149081,0.05015194944329045,0.29433598603613664,0.003585156205736796,-0.37444706224807794,-0.7488941244961559
main,upper,17637,9906,0.5097074373691799,0.05006265205662374,0.2980549965329028,0.003852864787795455,-0.412131783970866,-0.824263567941732
main,upper,13325,7764,0.5135587848131926,0.04995453203764754,0.30190786132069475,0.003852864787788458,-0.44146263748426157,-0.8829252749685231
main,upper,13367,7778,0.5174101322571982,0.04984641201867154,0.3057607261084795,0.003852864787781016,-0.4697394337843278,-0.9394788675686556
main,upper,13395,7792,0.5212614797012001,0.04973829199969566,0.3096135908962605,0.0038528647877810163,-0.4971759587118568,-0.9943519174237136
main,upper,13423,7806,0.5251128271452272,0.04963017198071905,0.3134664556840669,0.0038528647878317735,-0.5237179682701079,-1.0474359365402157
main,upper,13451,7820,0.5289641745892835,0.04952205196174163,0.3173193204719022,0.0038528647878388815,-0.5501042333485687,-1.1002084666971375
main,upper,17483,9822,0.5326634140218264,0.04940207848060854,0.3210205429703839,0.00354958020912453,-0.5888814096539854,-1.1777628193079708
main,upper,17511,9836,0.5362105454428634,0.04927025153731947,0.3245701231795193,0.0035495802091461944,-0.6167002329656798,-1.2334004659313595
main,upper,17539,9850,0.5397576768638896,0.0491384245940308,0.3281197033886437,0.0035495802091027543,-0.6429496983396353,-1.2858993966792707
main,upper,17567,9864,0.5433048082849158,0.04900659765074214,0.33166928359776815,0.003549580209146083,-0.6707117092729595,-1.341423418545919
main,upper,17595,9878,0.5468519397059852,0.04887477070745186,0.3352188638069359,0.0035495802091894115,-0.6994586670470028,-1.3989173340940055
main,upper,17623,9892,0.5503990711270655,0.04874294376416118,0.3387684440161145,0.0035495802091678585,-0.7307089926261507,-1.4614179852523015
main,upper,17343,9752,0.5541324457899356,0.04859061649788169,0.34250494726832137,0.003923426295245822,-0.7666291078316932,-1.5332582156633865
main,upper,17385,9766,0.5580520636946171,0.04841778890861251,0.34642837356357814,0.0039234262952678265,-0.794275582935081,-1.588551165870162
main,upper,17413,9780,0.5619716815992881,0.04824496131934379,0.35035179985882436,0.003923426295224596,-0.8254965458919341,-1.6509930917838682
main,upper,17441,9794,0.5658912995039374,0.04807213373007602,0.35427522615404894,0.003923426295224596,-0.8586577381092685,-1.717315476218537
main,upper,17469,9808,0.569810917408619,0.04789930614080683,0.3581986524493059,0.003923426295289275,-0.8940403156506642,-1.7880806313013284
main,upper,17203,9682,0.5735755495826894,0.047718420937955544,0.3619676596263232,0.003614588058745381,-0.9378202033269107,-1.8756404066538215
main,upper,17245,9696,0.5771851960260946,0.04752947812152475,0.365582247685047,0.0036145880587022446,-0.9674624757108545,-1.934924951421709
main,upper,17273,9710,0.5807948424695217,0.0473405353050928,0.36919683574379264,0.0036145880587890723,-0.9961298375900942,-1.9922596751801884
main,upper,17301,9724,0.5844044889129487,0.047151592488660854,0.3728114238025383,0.0036145880587022455,-1.0234571169045956,-2.0469142338091912
main,upper,17329,9738,0.5880141353563756,0.04696264967222892,0.37642601186128377,0.0036145880587887384,-1.0526183504590347,-2.1052367009180695
main,upper,17063,9612,0.5914808002690296,0.046770171372285355,0.3798980350447757,0.0033294583081951083,-1.0910953094623597,-2.1821906189247193
main,upper,17105,9626,0.5948044836508679,0.04657415758883239,0.38322749335297107,0.0033294583081956647,-1.1203948415332834,-2.240789683066567
main,upper,17133,9640,0.5981281670326848,0.04637814380538069,0.38655695166114507,0.003329458308152402,-1.1467767935077193,-2.2935535870154387
main,upper,17161,9654,0.6014518504145019,0.046182130021928974,0.38988640996931934,0.0033294583081961092,-1.1741614335792214,-2.348322867158443
main,upper,17189,9668,0.6047755337963404,0.045986116238475996,0.3932158682775149,0.0033294583081951083,-1.2008180074089925,-2.401636014817985
main,upper,16951,9556,0.6083502365074026,0.04576118137770392,0.3967976649817289,0.0038341351002328323,-1.2352766389922998,-2.4705532779845996
main,upper,16993,9570,0.6121759585476889,0.045507325439612716,0.40063180008196164,0.003834135100232611,-1.2607501469447522,-2.5215002938895044
main,upper,17021,9584,0.6160016805879753,0.045253469501521495,0.4044659351821945,0.003834135100233055,-1.285997522713473,-2.571995045426946
main,upper,17049,9598,0.6198274026282619,0.044999613563430275,0.40830007028242743,0.0038341351002328327,-1.3120684762477013,-2.6241369524954026
main,upper,16839,9500,0.6235016333111609,0.044743907663037194,0.4119832088516365,0.0035321420381852356,-1.3555964092644337,-2.7111928185288674
main,upper,16881,9514,0.6270243726366835,0.04448635180034144,0.4155153508898326,0.0035321420382070545,-1.3878851356584239,-2.7757702713168477
main,upper,16909,9528,0.6305471119621955,0.044228795937646455,0.41904749292801813,0.003532142038163974,-1.415923619247111,-2.831847238494222
main,upper,16937,9542,0.6340698512876969,0.043971240074952254,0.422579634966193,0.003532142038185681,-1.444419892814152,-2.888839785628304
main,upper,16727,9444,0.6374530212351006,0.04371615082865976,0.4259724176104876,0.0032534232504034867,-1.4805158625683081,-2.9610317251366163
main,upper,16769,9458,0.6406966218043958,0.043463528198769794,0.42922584086089083,0.0032534232504029307,-1.5060121945250724,-3.012024389050145
main,upper,16797,9472,0.6439402223736905,0.043210905568879854,0.4324792641112937,0.003253423250402818,-1.533469625556345,-3.06693925111269
main,upper,16825,9486,0.6471838229429856,0.0429582829389899,0.43573268736169685,0.0032534232504033756,-1.5613880961627342,-3.1227761923254684
main,upper,16643,9402,0.650796593767174,0.04266191212651789,0.439357619175471,0.00399644037714498,-1.5987983527757064,-3.1975967055514127
main,upper,16685,9416,0.6547785348462792,0.042321793131461824,0.4433540595526395,0.003996440377192116,-1.6260020472515626,-3.252004094503125
main,upper,16713,9430,0.658760475925406,0.041981674136403906,0.44735049992982984,0.003996440377188435,-1.6533645120174458,-3.3067290240348917
main,upper,16559,9360,0.6625845535547639,0.04164470692897217,0.45118941014835373,0.0036813800598594825,-1.6901698911095386,-3.3803397822190773
main,upper,16601,9374,0.666250767734355,0.04131089150916637,0.4548707902082138,0.003681380059860708,-1.7160967933467404,-3.4321935866934807
main,upper,16629,9388,0.6699169819139463,0.04097707608936056,0.458552170268074,0.0036813800598597063,-1.7414904231948438,-3.4829808463896876
main,upper,16475,9318,0.6734379397942856,0.04064723466264704,0.46208855711265373,0.0033913936292996622,-1.7818003132559637,-3.5636006265119273
main,upper,16517,9332,0.6768136413753522,0.04032136722902781,0.46547995074193194,0.003391393629256719,-1.8099957350607476,-3.6199914701214952
main,upper,16545,9346,0.6801893429564188,0.039995499795408576,0.46887134437121025,0.003391393629299886,-1.8395449590960145,-3.679089918192029
main,upper,16391,9276,0.6834311620805487,0.039674428560347655,0.472129035121977,0.003123987872233654,-1.8771989215207583,-3.7543978430415166
main,upper,16433,9290,0.6865390987477202,0.039358153523847125,0.4752530229942107,0.003123987872233655,-1.904289735996147,-3.808579471992294
main,upper,16461,9304,0.6896470354148703,0.03904187848734878,0.47837701086642276,0.003123987872190468,-1.9311559108304686,-3.862311821660937
main,upper,16307,9234,0.692631778296129,0.038730810752145725,0.4813779292124812,0.0028778488199263635,-1.9724770709896853,-3.9449541419793706
main,upper,16349,9248,0.6954933273915069,0.03842495031823692,0.4842557780323967,0.0028778488199047024,-1.9984108622016628,-3.9968217244033255
main,upper,16377,9262,0.6983548764869063,0.03811908988432583,0.48713362685233386,0.0028778488199695724,-2.0190750236909016,-4.038150047381803
main,upper,16251,9206,0.701761616324396,0.03774560305071119,0.4905607876787295,0.0039764728328217525,-2.040271793628251,-4.080543587256502
main,upper,16293,9220,0.705713546903944,0.0373044898173964,0.49453726051155156,0.003976472832822313,-2.061386628782782,-4.122773257565564
main,upper,16195,9178,0.709509052893289,0.03687283194695912,0.49835724256989633,0.003663491283867142,-2.096930663047654,-4.193861326095308
main,upper,16237,9192,0.7131481342924526,0.03645062943939688,0.5020207338537852,0.0036634912839105067,-2.126607890208579,-4.253215780417158
main,upper,16139,9150,0.7166429186320695,0.03603788229471096,0.5055398153599835,0.0033746717284860337,-2.162606904229129,-4.325213808458258
main,upper,16181,9164,0.7199934059121398,0.03563459051290127,0.5089144870884911,0.0033746717285290857,-2.189846404039447,-4.379692808078894
main,upper,16083,9122,0.7232111070092191,0.035241165196700334,0.5121561570078174,0.0031086681101233976,-2.227246104820963,-4.454492209641926
main,upper,16125,9136,0.7262960219232864,0.034857606346110695,0.515264825117941,0.003108668110123958,-2.2624576924892486,-4.524915384978497
main,upper,16027,9094,0.7292586337740519,0.03448370840976557,0.5182509432538277,0.002863568161649378,-2.308406181024106,-4.616812362048212
main,upper,16069,9108,0.7320989425615373,0.03411947138766222,0.5211145114154989,0.0028635681616931414,-2.3379478451495945,-4.675895690299189
main,upper,15971,9066,0.7348268147513419,0.03376489527980203,0.5238653358508477,0.002638080709004468,-2.3747790126411727,-4.7495580252823455
main,upper,16013,9080,0.7374422503434656,0.03341998008618498,0.5265034165598736,0.0026380807090473596,-2.406829495495516,-4.813658990991032
main,upper,15915,9038,0.7399540880466837,0.03308452025544424,0.5290375595763364,0.0024302053238780116,-2.4441962562370856,-4.888392512474171
main,upper,15957,9052,0.7423623278609969,0.032758515787579726,0.5314677649002361,0.002430205323921369,-2.469555931044916,-4.939111862089832
main,upper,15859,9010,0.744675397392468,0.03244217223395546,0.5338023687143033,0.0022390023042131823,-2.4996828832654043,-4.999365766530809
main,upper,15901,9024,0.7468932966410544,0.032135489594577245,0.5360413710184951,0.002239002304170482,-2.5187486931356755,-5.037497386271351
main,upper,15803,8982,0.749023219904597,0.031838467869445136,0.5381919062296552,0.0020620681181495273,-2.541277456401999,-5.082554912803998
main,upper,15845,8996,0.7510651671831379,0.03155110705855321,0.5402539743478262,0.0020620681181925792,-2.5463043063602804,-5.092608612720561
main,upper,15775,8968,0.7539669358293297,0.031138976567966374,0.5431848650610497,0.003799713308254344,-2.525991911539405,-5.05198382307881
main,upper,15747,8954,0.7575797066535331,0.030618520507037665,0.5468349352003039,0.0035004269702540846,-2.539403783788641,-5.078807567577282
main,upper,15719,8940,0.7609067610777798,0.030129308253874026,0.5501977684733498,0.0032252395758376943,-2.5602853042596068,-5.1205706085192135
main,upper,15691,8926,0.763969887546958,0.029668462089339195,0.5532953728823712,0.002969969242205301,-2.5750812460022345,-5.150162492004469
main,upper,15663,8912,0.7667892300950221,0.02923351539703068,0.5561480738095402,0.0027354326121326925,-2.5915829406603805,-5.183165881320761
main,upper,15635,8898,0.769384521653192,0.028822823766013472,0.55877566412802,0.0025197480248268585,-2.607031278326291,-5.214062556652582
main,upper,15607,8884,0.7717742618444863,0.02843556499082007,0.5611965826588672,0.0023220890368673857,-2.6256375554014046,-5.251275110802809
main,upper,15579,8870,0.7739748947782551,0.02807132796871672,0.5634271579308857,0.0021390615071695722,-2.6328336283510083,-5.265667256702017
main,upper,15551,8856,0.77600080905018,0.02773011269970343,0.5654816075295221,0.001969837690103356,-2.629750390296796,-5.259500780593592
main,upper,15523,8842,0.7778663932559418,0.027410685875578933,0.5673743424912263,0.0018156322333049613,-2.6230147041084817,-5.246029408216963
main,upper,15495,8828,0.7795843915802871,0.027111814188141986,0.5691181448869083,0.00167197255805892,-2.6053498964057447,-5.210699792811489
main,upper,15467,8814,0.7811663148997607,0.026833497637392588,0.5707243649143291,0.0015404674967825652,-2.572847039327919,-5.145694078655838
main,upper,15439,8800,0.7826232629881741,0.026574091812395728,0.5722042274782975,0.0014192576311542475,-2.5253869364136468,-5.0507738728272935
main,upper,15411,8786,0.7839651023111373,0.02633277450768392,0.57356759353631,0.0013074744848710234,-2.4492846185973356,-4.898569237194671
main,upper,15383,8772,0.7852008771287927,0.026108723517789645,0.5748235156011289,0.0012043696447664378,-2.341211138325865,-4.68242227665173
main,upper,15355,8758,0.7863388094958152,0.025900294431777906,0.5759803791778799,0.0011093575087358057,-2.181127951814205,-4.36225590362841
main,upper,15327,8744,0.7873867103641463,0.025707076146914955,0.577045944679629,0.0010217734947625397,-1.9496804174474625,-3.899360834894925
main,upper,15285,8730,0.7883519795829936,0.02552783535499954,0.578027714750529,0.000941766647037654,-1.8962205710237754,-3.792441142047551
main,lower,28084,15145,0.7883445797337862,0.025464114431268142,0.5789694428129957,0.0009416894778953757,0.298598440935531,0.597196881871062
main,lower,28056,15131,0.7873521777345114,0.025510980142915755,0.5799629511251131,0.0010453271463395277,0.7138917785606,1.4277835571212
main,lower,28028,15117,0.7862504224080588,0.02556195688190087,0.5810658851511815,0.001160540905797349,1.100492581067404,2.200985162134808
main,lower,28000,15103,0.7850273917751498,0.025617866853691,0.5822901931407511,0.0012880750733420612,1.3942626829626212,2.7885253659252425
main,lower,27972,15089,0.7836699305483041,0.02567829895555239,0.5836489993136392,0.001429537272433961,1.612959810667826,3.225919621335652
main,lower,27944,15075,0.7821632390291068,0.025742842084751295,0.5851570732051482,0.0015866105105839694,1.7699958648926506,3.539991729785301
main,lower,27916,15061,0.7804900509027404,0.025811085138553954,0.5868316535714259,0.0017625502219715144,1.8687609611567573,3.7375219223135145
main,lower,27888,15047,0.7786322776489198,0.025881794808759115,0.5886907741916843,0.0019556910185450716,1.9158417379717005,3.831683475943401
main,lower,27860,15033,0.7765705974391588,0.02595291558169803,0.5907536848514071,0.002170130300900896,1.9214854150848524,3.8429708301697048
main,lower,27832,15019,0.7742815774176335,0.026021569738234444,0.5930437412045623,0.0024099824054092016,1.8892148630332395,3.778429726066479
main,lower,27804,15005,0.771740140317585,0.026084057353764588,0.5955859570893657,0.002674449364197535,1.8277824738945607,3.6555649477891214
main,lower,27776,14991,0.7689187422558521,0.026135445195483456,0.5984078397231773,0.002969315903426023,1.7462938242719654,3.492587648543931
main,lower,27748,14977,0.7657861394246697,0.02617943318799481,0.6015407525525981,0.003296509755415234,1.6554992343318966,3.310998468663793
main,lower,27720,14963,0.7623082102971367,0.02622259897503866,0.6050189505672341,0.003659886273856872,1.5615348370522084,3.123069674104417
main,lower,27664,14935,0.7594627627254795,0.02625363723143686,0.607864568955344,0.0020313505023629975,1.4724504454038594,2.9449008908077188
main,lower,27706,14949,0.757431504118016,0.026272959059923155,0.6098959194577072,0.0020313505023631085,1.392954278719337,2.785908557438674
main,lower,27608,14907,0.7552884255669613,0.026289403169273255,0.6120390643612629,0.0022549393047484037,1.3123578681302532,2.6247157362605065
main,lower,27650,14921,0.7530335270723372,0.026302969559487036,0.6142940036659896,0.002254939304704993,1.2351221581923255,2.470244316384651
main,lower,27552,14879,0.7506544755521313,0.02631139716552886,0.6166730766714966,0.0025032067063091024,1.1573203686735556,2.314640737347111
main,lower,27594,14893,0.7481512710063217,0.026314685987398875,0.6191762833778057,0.0025032067063091024,1.0843092633869642,2.1686185267739284
main,lower,27496,14851,0.7455103470447055,0.02631633039833388,0.6218172084196716,0.0027786433774227293,1.0062018544338234,2.0124037088676467
main,lower,27538,14865,0.7427317036672829,0.02631633039833388,0.6245958517970943,0.0027786433774226182,0.9253494987864339,1.8506989975728678
main,lower,27440,14823,0.7398001300729158,0.02631633039833388,0.6275274253914616,0.003084503811311756,0.8409685891679587,1.6819371783359174
main,lower,27482,14837,0.7367156262615823,0.02631633039833388,0.630611929202795,0.003084503811355166,0.7520832316178955,1.504166463235791
main,lower,27384,14795,0.7334611314698319,0.02631633039833388,0.6338664239945453,0.0034244857721454913,0.657853532549226,1.315707065098452
main,lower,27426,14809,0.7300366456976863,0.02631633039833388,0.6372909097666908,0.0034244857721456023,0.5572134155331976,1.1144268310663952
main,lower,27328,14767,0.7264238748734829,0.02631633039833388,0.6409036805908943,0.003801055876261339,0.44539494166823757,0.8907898833364751
main,lower,27370,14781,0.7226228189972215,0.02631633039833388,0.6447047364671556,0.00380105587626145,0.3359005254022625,0.671801050804525
main,lower,27272,14739,0.7189561937148967,0.02631633039833388,0.6483713617494805,0.0035321946883881683,0.22434428447816931,0.44868856895633863
main,lower,27314,14753,0.7154239990265086,0.02631633039833388,0.6519035564378687,0.0035321946883881683,0.11123552892160965,0.2224710578432193
main,lower,27216,14711,0.7120169851205584,0.02631633039833388,0.6553105703438189,0.0032818331235121567,-0.007660193701438556,-0.015320387402877111
main,lower,27258,14725,0.7087351519970245,0.02631633039833388,0.6585924034673527,0.0032818331235555664,-0.1311636051409299,-0.2623272102818598
main,lower,27160,14683,0.7055694553957752,0.02631633039833388,0.6617581000686019,0.00304956007894297,-0.25677929295159085,-0.5135585859031817
main,lower,27202,14697,0.7025198953168106,0.02631633039833388,0.6648076601475665,0.0030495600789862687,-0.3891822264576179,-0.7783644529152358
main,lower,27104,14655,0.6995784552568116,0.02631633039833388,0.6677491002075655,0.0028333200410116666,-0.524547067592616,-1.049094135185232
main,lower,27146,14669,0.6967451352158001,0.02631633039833388,0.6705824202485772,0.0028333200410115555,-0.661631924802466,-1.323263849604932
main,lower,27048,14627,0.6940121242418346,0.02631633039833388,0.6733154312225427,0.0026327019069194435,-0.8033055886918643,-1.6066111773837286
main,lower,27090,14641,0.6913794223348935,0.02631633039833388,0.6759481331294838,0.002632701906962742,-0.9450772936425257,-1.8901545872850514
main,lower,26992,14599,0.6888400407485029,0.02631633039833388,0.6784875147158742,0.0024460612658182557,-1.086716131203255,-2.17343226240651
main,lower,27034,14613,0.6863939794826848,0.02631633039833388,0.6809335759816926,0.0024460612658182557,-1.2300252210560227,-2.4600504421120455
main,lower,26936,14571,0.684034455342321,0.02631633039833388,0.6832931001220561,0.002272987014909078,-1.3750641625024822,-2.7501283250049644
main,lower,26978,14585,0.681761468327412,0.02631633039833388,0.6855660871369653,0.002272987014909078,-1.5340915883914916,-3.0681831767829832
main,lower,26880,14543,0.6795688518969513,0.02631633039833388,0.687758703567426,0.0021122458460123283,-1.7255208732626797,-3.4510417465253593
main,lower,26922,14557,0.6774566060509388,0.02631633039833388,0.6898709494134383,0.0021122458460124394,-1.9321839841790358,-3.8643679683580716
main,lower,26852,14529,0.6744382897797393,0.026316330398333875,0.6928892656846379,0.003924386696386728,-2.169971858998722,-4.339943717997444
main,lower,26824,14515,0.6706524447046267,0.026316330398333875,0.6966751107597505,0.0036473034538384574,-2.4928203174683654,-4.985640634936731
main,lower,26796,14501,0.6671346386119197,0.02631633039833388,0.7001929168524574,0.0033883087315754734,-2.8478739649410545,-5.695747929882109
main,lower,26768,14487,0.6638663718785995,0.02631633039833388,0.7034611835857776,0.0031482247350648196,-3.255250848814856,-6.510501697629712
main,lower,26740,14473,0.6608295559843813,0.02631633039833388,0.706497999479996,0.0029254070533718535,-3.6864336116668683,-7.372867223333737
main,lower,26712,14459,0.6580077468199147,0.02631633039833388,0.7093198086444625,0.0027182112755612664,-4.17795224867161,-8.35590449734322
main,lower,26684,14445,0.6553857335840511,0.02631633039833388,0.7119418218803262,0.0025258151961660147,-4.69412253421039,-9.38824506842078
main,lower,26656,14431,0.6529491276811091,0.02631633039833388,0.7143784277832681,0.0023473966097178334,-5.277513692297087,-10.555027384594174
main,lower,26628,14417,0.6506851849263426,0.02631633039833388,0.7166423705380346,0.0021804888998151473,-5.917260384886024,-11.834520769772048
main,lower,26606,14406,0.6485819833404727,0.02631633039833388,0.7187455721239044,0.002025914271924667,-6.729595704396114,-13.459191408792227
main,lower,26584,14395,0.6466276009442207,0.02631633039833388,0.7206999545201566,0.00188285052057946,-7.928439302726659,-15.856878605453318
main,lower,26562,14384,0.6456861756839309,0.025374905138044183,0.7225828050407359,0.001882850520579387,-10.188521335831048,-20.377042671662096
main,lower,26539,14372,0.6456861756839309,0.02342586707733089,0.7245318431014492,0.002015225600847201,-12.873916804702066,-25.747833609404132
main,lower,26513,14358,0.6456861756839309,0.021339931806278526,0.7266177783725016,0.0021566449412575295,-13.272640837015398,-26.545281674030797
main,lower,26485,14344,0.6456861756839309,0.019107232859277068,0.728850477319503,0.0023087529527453902,-13.274166936830193,-26.548333873660386
main,lower,26457,14330,0.6456861756839309,0.01671708156524899,0.7312406286135311,0.0024715496353107606,-13.120480120803718,-26.240960241607436
main,lower,26429,14316,0.6456861756839309,0.014158378150383025,0.733799332028397,0.00264585719442117,-12.913844924151043,-25.827689848302086
main,lower,26401,14302,0.6456861756839309,0.011419611738134135,0.7365380984406459,0.002831675630076611,-12.584208772423292,-25.168417544846584
main,lower,26373,14288,0.6456861756839309,0.008488449246489796,0.7394692609322903,0.0030306493532120653,-12.476999021379733,-24.953998042759466
main,lower,26345,14274,0.6456861756839309,0.005535498309956661,0.7424222118688234,0.0028752525198542057,-12.265844137887228,-24.531688275774457
main,lower,26317,14260,0.6456861756839309,0.0027346553849113787,0.7452230547938686,0.0027264333302363594,-12.01443622756848,-24.02887245513696
main,lower,18519,10340,0.6456861756839309,7.8520622146433e-05,0.7478791895566336,0.002585836195293532,-11.86506780515472,-23.73013561030944
main,lower,18491,10326,0.6456861756839309,-0.0024407169302794436,0.7503984271090595,0.002452638909558221,-11.612860188421614,-23.225720376843228
main,lower,18463,10312,0.6456861756839309,-0.0048304571215737665,0.7527881673003538,0.002326841473030426,-11.42982488087498,-22.85964976174996
main,lower,18435,10298,0.6456861756839309,-0.007097277595476553,0.7550549877742566,0.002206799474775147,-11.104073755405901,-22.208147510811802
main,lower,18407,10284,0.6456861756839309,-0.009246933790260318,0.7572046439690404,0.0020925129147923837,-10.614546005596267,-21.229092011192535
main,lower,18379,10270,0.6456861756839309,-0.011285592246931325,0.7592433024257114,0.0019848039985496287,-9.791641245360365,-19.58328249072073
main,lower,18351,10256,0.6456861756839309,-0.013219419506495834,0.7611771296852758,0.0018828505205793905,-7.7963333478523,-15.5926666957046
main,lower,18323,10242,0.6447607834302576,-0.014333507914960929,0.7630599174612293,0.0018827250313272477,-2.224032543311599,-4.448065086623198
main,lower,18295,10228,0.6427640574524291,-0.014705555889005545,0.7650910094191392,0.002179458884492905,-2.205708893329418,-4.411417786658836
main,lower,18267,10214,0.6404528378832812,-0.01513556934850905,0.7674418916971933,0.0025223056716153895,-2.0184416471131352,-4.0368832942262705
main,lower,18239,10200,0.63777738129203,-0.015633414759081463,0.7701632733415752,0.0029204576171482006,-1.886492830220058,-3.772985660440116
main,lower,18211,10186,0.6346801332959504,-0.0162089585863328,0.7733135426385781,0.0033800809768577485,-1.7866418546571694,-3.573283709314339
main,lower,18183,10172,0.6310949063549082,-0.016874122809541856,0.7769599512371939,0.003912736220373573,-1.7337345736270078,-3.4674691472540156
main,lower,18127,10144,0.6280582960120673,-0.017437950208879324,0.7800484628753961,0.002264287056031035,-1.7399849772626947,-3.4799699545253895
main,lower,18169,10158,0.6258321747088058,-0.01785193066176654,0.7823127499314486,0.002264287056074064,-1.7187398685387087,-3.4374797370774175
main,lower,18071,10116,0.6234305125382327,-0.018299004884720707,0.7847556696417428,0.002621552364514462,-1.688071721120933,-3.376143442241866
main,lower,18113,10130,0.620853309500348,-0.018779172877741827,0.7873772220062789,0.0026215523645574937,-1.6612441380944718,-3.3224882761889436
main,lower,18015,10088,0.6180732272633467,-0.01929613456543561,0.7902049609396442,0.0030339255021730473,-1.6243864811598638,-3.2487729623197277
main,lower,18057,10102,0.6150902658272497,-0.019849889947798148,0.7932388864418175,0.0030339255021736076,-1.6010034038464398,-3.2020068076928796
main,lower,17959,10060,0.6118713314220006,-0.020442905641230052,0.7965119925463607,0.003512286706912787,-1.5629422229192471,-3.1258844458384942
main,lower,18001,10074,0.6084164240475576,-0.02107518164573903,0.8000242792533165,0.0035122867069987927,-1.5542323169975396,-3.108464633995079
main,lower,17875,10018,0.6053550790235414,-0.021631403644507302,0.8031357478163874,0.0027106504191429332,-1.556580952260632,-3.113161904521264
main,lower,17917,10032,0.6026872963499835,-0.022111571637529012,0.8058463982355412,0.0027106504191643636,-1.5502553119098497,-3.1005106238196993
main,lower,17945,10046,0.6000195136764253,-0.02259173963055078,0.8085570486546952,0.0027106504191437195,-1.5397681072168514,-3.079536214433703
main,lower,17791,9976,0.5971415204716091,-0.023109866109334243,0.8114813092360527,0.003137870743571352,-1.534070286609396,-3.068140573218792
main,lower,17833,9990,0.5940533167357458,-0.023665951073841403,0.8146191799793994,0.0031378707431220375,-1.5324774847808849,-3.0649549695617697
main,lower,17861,10004,0.5909651129998821,-0.02422203603834861,0.8177570507227463,0.003137870743571913,-1.5181895123079752,-3.0363790246159503
main,lower,17693,9934,0.5876324401715374,-0.02481553135165307,0.8211421624539869,0.0036323527189092296,-1.487345113514544,-2.974690227029088
main,lower,17735,9948,0.5840552982509224,-0.025446437013716804,0.8247745151729069,0.003632352718930765,-1.4754936067973883,-2.9509872135947766
main,lower,17763,9962,0.5804781563303072,-0.02607734267578058,0.8284068678918272,0.003632352718909682,-1.4624557959798976,-2.924911591959795
main,lower,26247,14218,0.5771346920552858,-0.026651584677706022,0.8317993262866837,0.0031525640708033246,-1.426947720103557,-2.853895440207114
main,lower,26275,14232,0.5740249054258266,-0.02716916301949847,0.8349518903575084,0.0031525640708460934,-1.4114258845560674,-2.822851769112135
main,lower,26303,14246,0.5709151187963466,-0.027686741361294433,0.8381044544283545,0.0031525640708460934,-1.393620469545198,-2.787240939090396
main,lower,17651,9920,0.5678053321668874,-0.0282043197030869,0.8412570184991793,0.0031525640708035506,-1.3792921446649022,-2.7585842893298045
main,lower,26149,14162,0.564447342261926,-0.028742658732933676,0.8446579389747614,0.003649276880360526,-1.331664462191011,-2.663328924382022
main,lower,26177,14176,0.5608411490814733,-0.029301758450833326,0.8483072158550897,0.0036492768802962637,-1.3271985912366935,-2.654397182473387
main,lower,26205,14190,0.557234955901031,-0.029860858168731352,0.8519564927354075,0.0036492768803392927,-1.324955176463858,-2.649910352927716
main,lower,26233,14204,0.5536287627205569,-0.030419957886634312,0.8556057696157576,0.0036492768803607504,-1.3183816324939592,-2.6367632649879185
main,lower,26009,14092,0.5501534646505135,-0.03094929376661305,0.8591211625754793,0.0033815090390825818,-1.3027576489534038,-2.6055152979068077
main,lower,26051,14106,0.5468090616909114,-0.03144886580866591,0.8625026716145618,0.0033815090390823576,-1.296577561060094,-2.593155122120188
main,lower,26079,14120,0.5434646587313092,-0.03194843785071878,0.8658841806536444,0.003381509039082585,-1.2870503160614266,-2.5741006321228532
main,lower,26107,14134,0.5401202557716858,-0.032448009892774826,0.8692656896927483,0.0033815090391252395,-1.2814297320826775,-2.562859464165355
main,lower,26135,14148,0.5367758528120621,-0.032947581934830925,0.8726471987318527,0.00338150903908348,-1.2684857253753319,-2.5369714507506638
main,lower,25869,14022,0.5331648086193592,-0.03346022704381575,0.8762945334223796,0.003913160341970301,-1.209179120016179,-2.418358240032358
main,lower,25911,14036,0.5292871231934844,-0.03398594521974223,0.8802076937644232,0.003913160342116848,-1.1733955986413247,-2.3467911972826494
main,lower,25939,14050,0.5254094377677008,-0.03451166339565631,0.8841208541063745,0.003913160341785774,-1.1464735623844924,-2.2929471247689848
main,lower,25967,14064,0.5215317523419172,-0.035037381571570395,0.8880340144483259,0.003913160342116848,-1.122647397661511,-2.245294795323022
main,lower,25995,14078,0.5176540669160206,-0.03556309974749981,0.8919471747903912,0.003913160342013995,-1.1016330230814393,-2.2032660461628786
main,lower,25701,13938,0.5138410068399485,-0.03603486754132646,0.8957895793359667,0.0037716487491369984,-1.0331040957325823,-2.0662081914651647
main,lower,25743,13952,0.5100925721136502,-0.03645268495305723,0.8995612280851034,0.003771648749136328,-1.0143768905351118,-2.0287537810702236
main,lower,25771,13966,0.5063441373873308,-0.036870502364790364,0.9033328768342616,0.003771648749179783,-0.9998117118173078,-1.9996234236346155
main,lower,25799,13980,0.5025957026609894,-0.03728831977652592,0.9071045255834415,0.003771648749180118,-0.9896937566860171,-1.9793875133720342
main,lower,25827,13994,0.4988472679346123,-0.03770613718826547,0.9108761743326573,0.0037716487492517807,-0.9750370615735233,-1.9500741231470466
main,lower,25855,14008,0.4950988332082281,-0.03812395460000581,0.9146478230818804,0.003771648749194473,-0.9500638885596948,-1.9001277771193896
main,lower,25505,13840,0.4913600887606122,-0.038511751724017225,0.918406736433208,0.0037461779534607724,-0.8969624050736607,-1.7939248101473213
main,lower,25547,13854,0.48763103459173374,-0.038869528560303096,0.9221529143866711,0.0037461779534652888,-0.8726406909330593,-1.7452813818661186
main,lower,25575,13868,0.48390198042286225,-0.039227305396588294,0.9258990923401271,0.00374617795344672,-0.8589296869459909,-1.7178593738919818
main,lower,25603,13882,0.48017292625397867,-0.03958508223287466,0.9296452702935952,0.003746177953489659,-0.8482901790157655,-1.696580358031531
main,lower,25631,13896,0.4764438720850628,-0.03994285906916412,0.933391448247096,0.003746177953511743,-0.8326932759227728,-1.6653865518455455
main,lower,25659,13910,0.47271481791614833,-0.04030063590545345,0.9371376262005952,0.0037461779534865925,-0.8082604615506037,-1.6165209231012074
main,lower,25687,13924,0.46898576374724843,-0.04065841274174138,0.9408838041540797,0.003746177953482576,-0.7723632332874628,-1.5447264665749256
main,lower,25281,13728,0.4652295474334499,-0.04096268749367893,0.9446527332805011,0.0037916802993604257,-0.6934856762929859,-1.3869713525859717
main,lower,25323,13742,0.46144616897475077,-0.041213460161266285,0.9484444135798615,0.0037916802993603143,-0.6652371164340222,-1.3304742328680443
main,lower,25351,13756,0.4576627905160515,-0.04146423282885365,0.9522360938792219,0.003791680299360649,-0.6432202800809962,-1.2864405601619924
main,lower,25379,13770,0.45387941205735216,-0.04171500549644103,0.9560277741785824,0.003791680299360426,-0.6198646471785871,-1.2397292943571743
main,lower,25407,13784,0.45009603359864214,-0.04196577816402912,0.9598194544779537,0.0037916802993821787,-0.5994690061683173,-1.1989380123366347
main,lower,25435,13798,0.4463126551399212,-0.042216550831617926,0.963611134777336,0.0037916802993822898,-0.5815611865387097,-1.1631223730774194
main,lower,25463,13812,0.44252927668120023,-0.04246732349920673,0.9674028150767181,0.0037916802993821783,-0.5605649908200546,-1.1211299816401092
main,lower,25491,13826,0.43874589822247934,-0.04271809616679553,0.9711944953761003,0.0037916802993821783,-0.5352493447700843,-1.0704986895401687
main,lower,25029,13602,0.434904577117347,-0.04292762152676424,0.9750417821242796,0.0039028931969765984,-0.4784769552679573,-0.9569539105359146
main,lower,25071,13616,0.4310053133658108,-0.04309589957911253,0.9789446753212484,0.0039028931969610405,-0.45298253975307856,-0.9059650795061571
main,lower,25099,13630,0.4271060496142868,-0.04326417763146029,0.9828475685182052,0.0039028931969525946,-0.4333923919688426,-0.8667847839376852
main,lower,25127,13644,0.4232067858627615,-0.0434324556838081,0.9867504617151632,0.0039028931969633186,-0.4165016085807618,-0.8330032171615236
main,lower,25155,13658,0.41930752211122546,-0.04360073373615639,0.990653354912132,0.0039028931969742092,-0.3992729843871608,-0.7985459687743216
main,lower,25183,13672,0.4154082583596677,-0.04376901178850561,0.9945562481091225,0.0039028931970067687,-0.3808581592117477,-0.7617163184234954
main,lower,25211,13686,0.41150899460810997,-0.043937289840854835,0.998459141306113,0.003902893196974209,-0.36447644384262373,-0.7289528876852475
main,lower,25239,13700,0.4076097308565535,-0.044105567893203995,1.0023620345031021,0.0039028931970042685,-0.3462486400246578,-0.6924972800493157
main,lower,25267,13714,0.4037104671049849,-0.04427384594555368,1.0062649277001037,0.0039028931969983787,-0.31906206122715197,-0.6381241224543039
main,lower,24721,13448,0.3999132274248077,-0.044373831113465684,1.010064050054537,0.0036953515118682786,-0.2585377156814952,-0.5170754313629904
main,lower,24763,13462,0.39621801181601907,-0.04440552339694013,1.013759401566405,0.003695351511868334,-0.23082802470647773,-0.46165604941295546
main,lower,24791,13476,0.3925227962072028,-0.04443721568041481,1.017454753078301,0.0036953515119234033,-0.20848229789807657,-0.41696459579615314
main,lower,24819,13490,0.38882758059838163,-0.04446890796388954,1.0211501045902018,0.003695351511878271,-0.1894978433811455,-0.378995686762291
main,lower,24847,13504,0.3851323649895879,-0.04450060024736404,1.0248454561020752,0.0036953515118682786,-0.17336178999663002,-0.34672357999326003
main,lower,24875,13518,0.3814371493807993,-0.0445322925308385,1.0285408076139435,0.003695351511868223,-0.15799625087028246,-0.3159925017405649
main,lower,24903,13532,0.3777419337719998,-0.044563984814313035,1.0322361591258227,0.00369535151189004,-0.14342535170086063,-0.28685070340172125
main,lower,24931,13546,0.37404671816318447,-0.04459567709778771,1.0359315106377174,0.003695351511899921,-0.12914251051501355,-0.2582850210300271
main,lower,24959,13560,0.37035150255435634,-0.044627369381262494,1.0396268621496252,0.0036953515119155203,-0.11522497709291923,-0.23044995418583847
main,lower,24987,13574,0.3666562869455292,-0.04465906166473728,1.0433222136615319,0.003695351511897923,-0.10014987020847788,-0.20029974041695575
main,lower,25015,13588,0.36296107133671496,-0.04469075394821195,1.0470175651734257,0.003695351511889929,-0.08177554797924388,-0.16355109595848777
main,lower,24469,13322,0.3591706833687549,-0.044687552329952036,1.0508081144664447,0.003885747074148336,-0.0494653406566242,-0.0989306813132484
main,lower,24511,13336,0.355285123041667,-0.044649456809957785,1.0546938615405714,0.0038857470741048687,-0.03017444597996177,-0.06034889195992354
main,lower,24539,13350,0.35139956271461337,-0.04461136128996386,1.0585796086146637,0.00388574707407961,-0.013563147392449328,-0.027126294784898655
main,lower,24567,13364,0.3475140023875537,-0.04457326576996988,1.062465355688762,0.0038857470741170816,0.0011505936156840967,0.0023011872313681934
main,lower,24595,13378,0.34362844206046816,-0.04453517024997565,1.0663511027628862,0.003885747074131349,0.014902464946273135,0.02980492989254627
main,lower,24623,13392,0.3397428817333718,-0.04449707472998131,1.0702368498370214,0.003885747074138621,0.02822816173167262,0.05645632346334524
main,lower,24651,13406,0.33585732140627655,-0.04445897920998698,1.0741225969111552,0.0038857470741291834,0.04085668887836817,0.08171337775673634
main,lower,24679,13420,0.3319717610791796,-0.04442088368999265,1.0780083439852908,0.0038857470741421184,0.05303008639664304,0.10606017279328608
main,lower,24707,13434,0.32808620075207295,-0.0443827881699982,1.0818940910594361,0.0038857470741483916,0.06695620136480893,0.13391240272961785
main,lower,24245,13210,0.3242643727682259,-0.044319495478281026,1.0857165332504646,0.003759137307908682,0.09360783672488103,0.18721567344976206
main,lower,24287,13224,0.32050627712764695,-0.044231005614841265,1.0894756705583677,0.0037591373078977993,0.10866211436188242,0.21732422872376483
main,lower,24315,13238,0.3167481814870734,-0.044142515751401615,1.0932348078662657,0.00375913730789791,0.12094842342827322,0.24189684685654644
main,lower,24343,13252,0.312990085846489,-0.04405402588796172,1.0969939451741746,0.00375913730791951,0.13273353098407037,0.26546706196814074
main,lower,24371,13266,0.30923199020590464,-0.04396553602452183,1.100753082482083,0.003759137307897799,0.1445799375441127,0.2891598750882254
main,lower,24399,13280,0.30547389456532026,-0.043877046161081935,1.104512219789992,0.00375913730791951,0.1573101134120496,0.3146202268240992
main,lower,24427,13294,0.30171579892471423,-0.04378855629764153,1.1082713570979223,0.0037591373079412208,0.1715797203743082,0.3431594407486164
main,lower,24455,13308,0.2979577032841244,-0.043700066434201504,1.1120304944058366,0.0037591373078870822,0.18979532107662628,0.37959064215325256
main,lower,24049,13112,0.2942323343576094,-0.043564909069361085,1.1157586210647719,0.0036971160099837585,0.23698643840092803,0.47397287680185607
main,lower,24091,13126,0.2905396921451374,-0.043383084203119385,1.1194557370747602,0.003697116009993318,0.25736479215191377,0.5147295843038275
main,lower,24119,13140,0.2868470499326802,-0.043201259336878406,1.1231528530847341,0.003697116009954302,0.27198639640527467,0.5439727928105493
main,lower,24147,13154,0.2831544077202238,-0.043019434470637476,1.1268499690947071,0.0036971160099915955,0.28517595594107026,0.5703519118821405
main,lower,24175,13168,0.27946176550774565,-0.04283760960439547,1.130547085104702,0.0036971160099979307,0.2965640967442889,0.5931281934885778
main,lower,24203,13182,0.2757691232952558,-0.04265578473815289,1.1342442011147085,0.0036971160100148824,0.3050316135499219,0.6100632270998438
main,lower,24231,13196,0.2720764810827622,-0.04247395987191012,1.1379413171247188,0.003697116010005601,0.3108048583064321,0.6216097166128642
main,lower,23881,13028,0.2683789643664344,-0.042275818142401986,1.1416441737326428,0.0037085972058423207,0.32785185939493444,0.6557037187898689
main,lower,23923,13042,0.2646765731462787,-0.042061359549628884,1.145352770938474,0.0037085972058204684,0.33676711937721016,0.6735342387544203
main,lower,23951,13056,0.26097418192613386,-0.041846900956856406,1.1490613681442947,0.003708597205820524,0.34458811903392605,0.6891762380678521
main,lower,23979,13070,0.25727179070597805,-0.0416324423640833,1.1527699653501262,0.003708597205842377,0.3514761553665025,0.702952310733005
main,lower,24007,13084,0.25356939948581325,-0.04141798377130967,1.1564785625559666,0.003708597205838595,0.3579969423304983,0.7159938846609966
main,lower,24035,13098,0.2498670082656414,-0.041203525178535635,1.1601871597618143,0.0037085972058565,0.3673473772295225,0.734694754459045
main,lower,23741,12958,0.24610599379565,-0.04095906978962317,1.1639562009265776,0.003829485123670441,0.39451661572650015,0.7890332314530003
main,lower,23783,12972,0.24228635607584184,-0.04068461760457239,1.1677856860502545,0.0038294851236827672,0.40176601304682535,0.8035320260936507
main,lower,23811,12986,0.23846671835601604,-0.04041016541952033,1.1716151711739486,0.003829485123705811,0.4051298992631105,0.810259798526221
main,lower,23839,13000,0.2346470806361784,-0.04013571323446741,1.1754446562976548,0.003829485123706533,0.4032934407931522,0.8065868815863044
main,lower,23867,13014,0.2308274429163379,-0.039861261049414294,1.1792741414213639,0.0038294851237115133,0.3988247325510227,0.7976494651020454
main,lower,23601,12888,0.22727633750219986,-0.03958475335069374,1.182836069740466,0.003294371514493168,0.41994267898426807,0.8398853579685361
main,lower,23643,12902,0.2239937643937533,-0.039306190138304775,1.186130441254973,0.003294371514520161,0.42207504459948825,0.8441500891989765
main,lower,23671,12916,0.2207111912853067,-0.03902762692591581,1.1894248127694795,0.0032943715144932786,0.42165621133692666,0.8433124226738533
main,lower,23699,12930,0.21742861817683856,-0.03874906371352502,1.192719184284008,0.0032943715145633914,0.4173094901671902,0.8346189803343804
main,lower,23727,12944,0.21414604506836504,-0.03847050050113378,1.1960135557985416,0.0032943715145040036,0.407972987182085,0.81594597436417
main,lower,23489,12832,0.21074236109454755,-0.038166058371654474,1.1994308609481084,0.0035402387846295413,0.41300686419290367,0.8260137283858073
main,lower,23531,12846,0.20721756625536975,-0.03783573732508584,1.2029710997327245,0.0035402387846028348,0.41115145209061754,0.8223029041812351
main,lower,23559,12860,0.2036927714162024,-0.03750541627851821,1.2065113385173303,0.003540238784608521,0.4076356268218262,0.8152712536436524
main,lower,23587,12874,0.2001679765770188,-0.037175095231949035,1.2100515773019525,0.0035402387846354792,0.40116990821932635,0.8023398164386527
main,lower,23377,12776,0.19689128223763863,-0.03685340734278711,1.2133440619518638,0.00304473051518751,0.41403689363540175,0.8280737872708035
main,lower,23419,12790,0.1938626883980954,-0.03654035261103576,1.2163887924670311,0.0030447305151471895,0.4073014197693048,0.8146028395386096
main,lower,23447,12804,0.19083409455857744,-0.03622729787928703,1.2194335229821731,0.003044730515136643,0.3928450703997459,0.7856901407994918
main,lower,23475,12818,0.18780550071903404,-0.03591424314753566,1.2224782534973406,0.0030447305151983643,0.3756995751514278,0.7513991503028556
main,lower,23293,12734,0.18455552805735836,-0.03555750875032259,1.2257478031002156,0.0034943686905516873,0.3718868053103841,0.7437736106207682
main,lower,23335,12748,0.181084176573582,-0.03515709468765109,1.2292421717907662,0.0034943686905498134,0.3523331178205621,0.7046662356411242
main,lower,23363,12762,0.177612825089781,-0.034756680624976735,1.2327365404813417,0.003494368690601335,0.3374093137927813,0.6748186275855625
main,lower,23209,12692,0.17438553159557535,-0.034370655157982745,1.2359868721946616,0.003006294736038402,0.34723398183727666,0.6944679636745533
main,lower,23251,12706,0.17140229609099045,-0.03399901828667203,1.2389931669307002,0.0030062947360388224,0.3385169181741997,0.6770338363483994
main,lower,23279,12720,0.1684190605864036,-0.03362738141536108,1.2419994616667407,0.0030062947360423725,0.3222209417331359,0.6444418834662718
main,lower,23153,12664,0.16500492089972835,-0.03318811814434875,1.2454417647460818,0.0038783114226399384,0.31046084062351864,0.6209216812470373
main,lower,23195,12678,0.16115987703095563,-0.03268122847363382,1.2493200761687326,0.0038783114226617495,0.29012199867095817,0.5802439973419163
main,lower,23097,12636,0.15758513320962145,-0.03220044382651173,1.2529270210015369,0.003335578242946496,0.28519109688192473,0.5703821937638495
main,lower,23139,12650,0.15428068943573126,-0.03174576420298316,1.2562625992444885,0.0033355782429571987,0.26471392352142475,0.5294278470428495
main,lower,23041,12608,0.15120872425777726,-0.03131657294894718,1.2593644089436102,0.0028680411552864924,0.2519328399721157,0.5038656799442314
main,lower,23083,12622,0.14836923767575935,-0.030912870064403734,1.2622324500989024,0.0028680411552974264,0.22769030943312857,0.45538061886625714
main,lower,22985,12580,0.1457293414709776,-0.030531777830216614,1.2648997185812594,0.002466495809417045,0.21606576971720926,0.4321315394344185
main,lower,23027,12594,0.14328903564343196,-0.030173296246385782,1.2673662143906819,0.0024664958094280987,0.196213831096747,0.392427662193494
main,lower,22929,12552,0.14102077630996365,-0.029827764398668546,1.2696606784761248,0.0021224323614576703,0.20165520899213701,0.40331041798427403
main,lower,22971,12566,0.1389245634705675,-0.02949518228706402,1.2717831108375932,0.002122432361479255,0.1752624576886463,0.3505249153772926
main,lower,22901,12538,0.13607582707703492,-0.029026319619220205,1.2746702015712705,0.003651749105875178,0.12221524619687579,0.24443049239375159
main,lower,22873,12524,0.13272739531063335,-0.02845447571657262,1.2780671260774492,0.0031420999064822085,0.08553133546513078,0.17106267093026156
main,lower,22845,12510,0.1298496761743766,-0.02794881935405894,1.2809889378788648,0.002701523696349015,0.06436671637837957,0.12873343275675914
main,lower,22817,12496,0.1273764821281308,-0.027505239504341653,1.2835015997696255,0.0023238000851726914,0.059539149086332066,0.11907829817266413
main,lower,22789,12482,0.12525066989190464,-0.02711428080454449,1.285663072163976,0.001999144703527946,0.06363807316161897,0.12727614632323794
main,lower,22761,12468,0.12342372934311541,-0.026768543405459935,1.2875224442370696,0.0017195994426592886,0.07092761634432251,0.14185523268864503
main,lower,22733,12454,0.12185372800292045,-0.02646473848521798,1.2891215719651448,0.0014786560134908877,0.08316330450907594,0.16632660901815188
main,lower,22705,12440,0.12050407772801605,-0.026199577221948607,1.2904970240348652,0.00127224812595048,0.10067142244426719,0.20134284488853438
main,lower,22677,12426,0.11934312360790336,-0.02596853748558057,1.2916807455809278,0.001095194966174585,0.12452915574450393,0.24905831148900787
main,lower,22649,12412,0.11834496617035606,-0.025767919351510106,1.292698864465617,0.0009410428032037907,0.1407015364111013,0.2814030728222026
main,lower,22621,12398,0.117366130561295,-0.025587856354127185,1.2936942507271434,0.0010497297198487484,0.09228710091399628,0.18457420182799256
main,lower,22593,12384,0.11634782908979385,-0.025378605062647944,1.2947345100525438,0.0010307889309519457,0.25012626031475127,0.5002525206295025
main,lower,22565,12370,0.11536447135066161,-0.025102344025567297,1.2957565627447387,0.0010133164534382754,0.506115057307809,1.012230114615618
main,lower,22537,12356,0.11441852396030065,-0.024765650886625266,1.2967611926502598,0.0009959433576033467,0.8235581094489666,1.6471162188979331
main,lower,22509,12342,0.11351327574058101,-0.024375103289561856,1.2977476092219806,0.0009768897858381848,1.1857187095438815,2.371437419087763
main,lower,22481,12328,0.11265201551337276,-0.02393727887811708,1.2987142217346892,0.0009563352395791981,1.5717834339113739,3.1435668678227477
main,lower,22453,12314,0.11183720989507834,-0.023460399706965965,1.2996587047275034,0.000932630746049549,1.9677527994489878,3.9355055988979757
main,lower,22425,12300,0.11107255881030155,-0.02295227672804978,1.3005771637754695,0.0009042873498820451,2.3716880152954545,4.743376030590909
main,lower,22397,12286,0.1103547734371724,-0.02240345457849225,1.301481352995598,0.0009040910903750488,2.828831796642609,5.657663593285218
main,lower,22369,12272,0.1096616542280683,-0.02175966769743825,1.3024288071859143,0.0009908172902575358,3.451237844178082,6.902475688356164
main,lower,22341,12258,0.1089874457447167,-0.020991727790791462,1.3034518398846675,0.0010552481072487604,4.089624222731002,8.179248445462004
main,lower,22313,12244,0.10835599194567519,-0.020128000947180695,1.304522766492289,0.0010866051079942412,4.692162811829195,9.38432562365839
main,lower,22285,12230,0.1077936034059039,-0.019202608693507282,1.305606643348937,0.0010811486053017047,5.267252064244096,10.534504128488193
main,lower,22257,12216,0.10732782400856405,-0.018251728070341318,1.3066667256241131,0.0010390159450503747,5.804873565273736,11.609747130547472
main,lower,22229,12202,0.10696358698646069,-0.017293036495234088,1.3076932434498092,0.001014019706342017,6.276760338841165,12.55352067768233
main,lower,22201,12188,0.10665813765528376,-0.016298167879556763,1.3087341706736475,0.001067834741334691,6.64040053394389,13.28080106788778
main,lower,22173,12174,0.1064053094740269,-0.01526136678503684,1.3098021435662082,0.001068111043786925,6.893976303443779,13.787952606887558
main,lower,22145,12160,0.1062593680035453,-0.014221276868646915,1.3108544600828984,0.0010365219895933447,7.153491317887502,14.306982635775004
main,upper,22117,12146,0.10623799066139025,-0.01319352003426952,1.3118840418263218,0.0010226414972534285,7.486427763498451,14.972855526996902
main,upper,22089,12132,0.1063033559960567,-0.012170696432697135,1.3129093643081613,0.0010280034664253625,7.873193278613323,15.746386557226646
main,upper,22061,12118,0.10642052027517576,-0.011149517242059755,1.3139374945126274,0.0010282569425071044,8.232783438024097,16.465566876048193
main,upper,22033,12104,0.10657715041673485,-0.010136971208831145,1.3149622345902645,0.0010212232127670806,8.523184699823918,17.046369399647837
main,upper,22005,12090,0.10676132444145525,-0.009140047079485068,1.315976102104454,0.0010065118156122271,8.734149482237928,17.468298964475856
main,upper,21977,12076,0.10696153147279194,-0.008165733600495296,1.3169708039486383,0.0009828918727564388,8.825180942211569,17.650361884423138
main,upper,21949,12062,0.10720367098297129,-0.007215675182796829,1.3179519774724944,0.0009794551749553028,8.866553234117937,17.733106468235874
main,upper,21921,12048,0.10752679773169954,-0.006286994107253414,1.3189363110263796,0.0009892119328156579,8.954974715283207,17.909949430566414
main,upper,21893,12034,0.1079169342260292,-0.005379690373865048,1.3199242580874189,0.0009866821892626349,9.08681747852212,18.17363495704424
main,upper,21865,12020,0.10833214798711766,-0.004495819496300487,1.3209008266199138,0.0009664548757270763,9.177955089849341,18.355910179698682
main,upper,21837,12006,0.1087609281384199,-0.003635381474559729,1.3218622981920627,0.0009564882685709521,9.222133543770115,18.44426708754023
main,upper,21809,11992,0.1092172521728835,-0.002796320794974021,1.3228176144286776,0.000954144204659247,9.22159099002676,18.44318198005352
main,upper,21781,11978,0.10970482001511216,-0.001977404149342112,1.323770852295129,0.0009523315282431037,9.187616639241057,18.375233278482114
main,upper,21753,11964,0.11022075394596961,-0.0011794537431315012,1.3247212291166188,0.0009484221147367547,9.135047315207602,18.270094630415205
main,upper,21725,11950,0.1107613540408521,-0.0004016473708746868,1.3256685595907678,0.0009462388335611603,9.06246112899434,18.12492225798868
main,upper,21697,11936,0.1113455310255122,0.00039301421346591667,1.3266548998974617,0.0010264417798265776,8.998299888162085,17.99659977632417
main,upper,21669,11922,0.11199959547490995,0.0012411191531941448,1.3277259958310745,0.001115750087398982,8.904406362394342,17.808812724788684
main,upper,21641,11908,0.11273259164918789,0.0021434896537774993,1.328888662101478,0.001209582453408197,8.764507985609338,17.529015971218676
main,upper,21613,11894,0.1135543860139561,0.003098892407014728,1.330149015257596,0.0013111238588282463,8.577589526722251,17.155179053444503
main,upper,21585,11880,0.11448142267856455,0.004109382926574584,1.3315205217747061,0.0014318891753914286,8.356887768586034,16.71377553717207
main,upper,21557,11866,0.115530556855097,0.0051778389315933265,1.3330181607793763,0.001563388833949018,8.118219255587624,16.236438511175248
main,upper,21529,11852,0.1167100105982285,0.0063042604220709545,1.3346492823858584,0.0016988543790155777,7.88858600357333,15.77717200714666
main,upper,21501,11838,0.1180251282434978,0.007488236295273716,1.3364190180237396,0.0018406168967466984,7.657282098206881,15.314564196413762
main,upper,21473,11824,0.11949399831118995,0.008730999859402865,1.3383433454849403,0.0020080380256548946,7.387421209110128,14.774842418220256
main,upper,21445,11810,0.12113676483525879,0.010034195525393405,1.340440490686613,0.002186252377690071,7.117899034166708,14.235798068333416
main,upper,21417,11796,0.1229616498703793,0.011398645498712834,1.3427192782834103,0.0023713228159050297,6.902607033185328,13.805214066370656
main,upper,21389,11782,0.12498879745050524,0.012822705368426154,1.3451969467022455,0.0025840140217649934,6.65869718384589,13.31739436769178
main,upper,21361,11768,0.12724081822599298,0.014303497415397111,1.3478924867438014,0.002807066061346512,6.421232038592869,12.842464077185738
main,upper,21333,11754,0.12973621181986128,0.015841843845093198,1.3508242567949107,0.003056474040872179,6.224103488770151,12.448206977540302
main,upper,21305,11740,0.13249717777973274,0.017438566862981925,1.3540139874725334,0.0033229873143734504,6.029441631789464,12.058883263578927
main,upper,21277,11726,0.13554673785869742,0.019090788749927028,1.357482707310409,0.0036144523613775687,5.799013721122969,11.598027442245938
main,upper,21249,11712,0.13891284704265025,0.020793987375857248,1.361255556029546,0.003931245076896711,5.5590362419509765,11.118072483901953
main,upper,21193,11684,0.1416509968007956,0.02210211627465148,1.3642903738158023,0.002138390495615487,5.428778249993329,10.857556499986657
main,upper,21235,11698,0.1435959238341714,0.022990920385021055,1.3664287643114241,0.0021383904956282056,5.343381842543012,10.686763685086024
main,upper,21137,11656,0.14563869331818055,0.023889179858267245,1.3686605176952493,0.0023251162720220706,5.134369429483879,10.268738858967758
main,upper,21179,11670,0.1477793052528218,0.024796894694389365,1.3709856339672764,0.002325116272031949,5.058490740980108,10.116981481960217
main,upper,21081,11628,0.15002659834687326,0.025714681547489168,1.3734133123415222,0.002530240476460045,4.88627667004976,9.77255334009952
main,upper,21123,11642,0.15238057260033125,0.02664254041756508,1.3759435528179833,0.0025302404764619944,4.824321173101308,9.648642346202616
main,upper,21025,11600,0.1548500667219688,0.027577388034113158,1.3785842959207972,0.002751245729165605,4.656852075154633,9.313704150309267
main,upper,21067,11614,0.1574350807117948,0.028519224397136604,1.3813355416499733,0.002751245729186456,4.560167986257305,9.12033597251461
main,upper,20969,11572,0.1601465087922535,0.02946476068476539,1.3842073594863682,0.0029923899436034317,4.35939373126629,8.71878746253258
main,upper,21011,11586,0.16298435096333636,0.030413996896996358,1.3871997494299728,0.0029923899436060616,4.277184416616232,8.554368833232465
main,upper,20913,11544,0.16595909034475853,0.031368166342032426,1.3903239923299573,0.003256095856362801,4.102978512724365,8.20595702544873
main,upper,20955,11558,0.1690707269365196,0.032327269019873414,1.3935800881863207,0.003256095856364373,4.020332298632908,8.040664597265817
main,upper,20857,11516,0.17233138826926536,0.03328369952994503,1.3969784195732249,0.0035405669174437106,3.8484147609493107,7.696829521898621
main,upper,20899,11530,0.17574107434299574,0.03423745787224726,1.4005189864906693,0.00354056691744518,3.7664313642813463,7.532862728562693
main,upper,20801,11488,0.17931273489382205,0.035187310738578344,1.4042150715349044,0.0038516031710251358,3.585995985906893,7.171991971813786
main,upper,20843,11502,0.1830463699217483,0.0361332581289393,1.4080666747059345,0.0038516031710349305,3.4801903558333054,6.960380711666611
main,upper,20717,11446,0.18627777444328156,0.03690496647731356,1.4113893800441284,0.002793807505352625,3.3044614136536152,6.6089228273072305
main,upper,20759,11460,0.18900694845840554,0.037502435783697406,1.4141831875494693,0.0027938075053290704,3.2111476362338616,6.422295272467723
main,upper,20787,11474,0.19173612247352984,0.038099905090081314,1.4169769950548103,0.002793807505353221,3.0903909238207223,6.180781847641445
main,upper,20633,11404,0.19460233073323913,0.03862036115100996,1.4198918009016719,0.003035804188369477,2.8053316141890825,5.610663228378165
main,upper,20675,11418,0.1976055732375354,0.0390638039664828,1.4229276050900552,0.0030358041883972817,2.72448085603968,5.44896171207936
main,upper,20703,11432,0.20060881574183714,0.039507246781956454,1.4259634092784443,0.0030358041883806162,2.642179588479066,5.284359176958132
main,upper,20549,11362,0.20375320351804285,0.03990601643369368,1.4291335909897918,0.0033045592343140576,2.490960997594886,4.981921995189772
main,upper,20591,11376,0.2070387365661849,0.04026011292169831,1.43243815022413,0.0033045592343626294,2.4292113531302393,4.858422706260479
main,upper,20619,11390,0.21032426961433245,0.04061420940970353,1.4357427094584738,0.0033045592343251134,2.375113370377851,4.750226740755702
flap,lower,20409,11292,0.8584472567525683,-0.0368222663107067,0.0013875921590571789,0.0027751843181143578,5.1552222401357595,10.310444480271519
flap,lower,20451,11306,0.8558815645912285,-0.03576449897676549,0.004162776477172558,0.0027751843181164013,5.104943682824062,10.209887365648123
flap,lower,33824,18015,0.8533925430897338,-0.03474845857030018,0.006851207148358884,0.002601677024256249,5.075198070563994,10.150396141127988
flap,lower,33852,18029,0.8509801922480833,-0.03377414509131041,0.00945288417261712,0.002601677024260223,5.0634907351347405,10.126981470269481
flap,lower,33768,17987,0.8486412232444163,-0.032834158690592474,0.011973671865413458,0.002439898361332452,5.022300787676566,10.044601575353132
flap,lower,33810,18001,0.8463756360787147,-0.031928499368139115,0.014413570226767604,0.002439898361375839,5.006061409697814,10.012122819395628
flap,lower,33712,17959,0.8441789086209157,-0.03105511161028489,0.016777558044423855,0.002288077273936669,4.974348401895526,9.948696803791051
flap,lower,33754,17973,0.8420510408710208,-0.03021399541703043,0.0190656353183807,0.0022880772739770202,4.943674839269136,9.887349678538271
flap,lower,33656,17931,0.8399860718393803,-0.02940823405887484,0.02128226564730318,0.002145183383867939,4.87941307466137,9.75882614932274
flap,lower,33698,17945,0.8379840015260132,-0.02863782753582554,0.02342744903117107,0.0021451833838678352,4.821618888170863,9.643237776341726
flap,lower,33628,17917,0.835102171362419,-0.02753853882577548,0.02651183293051998,0.0040235844148299865,4.645765974575507,9.291531949151015
flap,lower,33600,17903,0.8314565123195155,-0.026158878051307264,0.030409821198805965,0.0037723921217419822,4.566385868586582,9.132771737173163
flap,lower,33572,17889,0.8280349042665062,-0.024874182008335514,0.034064663974024904,0.003537293428695905,4.5328738406435996,9.065747681287199
flap,lower,33544,17875,0.8248225475049762,-0.02367992856678898,0.03749183673933021,0.0033170521019146902,4.485541742774099,8.971083485548197
flap,lower,33516,17861,0.821805464541978,-0.02257365111026515,0.0407053579432882,0.0031099903060013033,4.425481347778125,8.85096269555625
flap,lower,33488,17847,0.8189721445009664,-0.021548360892290258,0.04371848604525829,0.002916265897938886,4.394866818919053,8.789733637838106
flap,lower,33460,17833,0.8163147764300002,-0.02058761380351427,0.046544198689460525,0.002735159390465567,4.3745668871445975,8.749133774289195
flap,lower,33432,17819,0.813825549377138,-0.01967989896739215,0.0491937673746812,0.0025639779799757996,4.352477133150937,8.704954266301874
flap,lower,33404,17805,0.8114962412877051,-0.018816583226515134,0.05167793301882906,0.0024043533083199075,4.380834120025826,8.761668240051652
flap,lower,33376,17791,0.8093178079015588,-0.01799067783440946,0.054007689232711514,0.0022551591194450034,4.422297098251799,8.844594196503598
flap,lower,33348,17777,0.8072857270886278,-0.017190260811796344,0.0561918227332744,0.002113107881680782,4.501816975060848,9.003633950121696
flap,lower,33320,17763,0.8053983544379771,-0.01639559922745574,0.05823986792007529,0.001982982491920994,4.6585681698743855,9.317136339748771
flap,lower,33292,17749,0.8036445901757956,-0.015612037416926416,0.060160768985114355,0.0018588196381571433,4.772172019901503,9.544344039803006
flap,lower,33264,17735,0.8020277231239531,-0.01481984244898832,0.061962016827553895,0.0017436760467219314,5.045743822765137,10.091487645530274
flap,lower,33236,17721,0.8005543309261897,-0.013995992570551395,0.06365064563514367,0.001633581568457606,5.372870644349823,10.745741288699646
flap,lower,33208,17707,0.7992092027813564,-0.013161454021036946,0.06523393313933179,0.001532993439918646,5.673043311975114,11.346086623950228
flap,lower,33180,17693,0.7979738390664348,-0.01233678193713252,0.06671939694525972,0.0014379341719372182,5.9204156870860345,11.840831374172069
flap,lower,33152,17679,0.7968523508087623,-0.0115129320586956,0.06811168680856546,0.0013466455546742519,6.321377383854665,12.64275476770933
flap,lower,33124,17665,0.7958467935220075,-0.010681682331051165,0.06941673980173803,0.001263460431670869,6.715148046194105,13.43029609238821
flap,lower,33096,17651,0.7949382564804179,-0.009861121274484252,0.07064119548125611,0.001185450927365318,7.0810677832467945,14.162135566493589
flap,lower,33068,17637,0.7941148177047147,-0.009061115354604885,0.07178944000912454,0.0011110381283715302,7.421275008886102,14.842550017772204
flap,lower,33040,17623,0.7933694884484241,-0.008284953393283074,0.07286567582368662,0.0010414335007526373,7.742360319610184,15.484720639220368
flap,lower,33012,17609,0.7926961021705401,-0.007533457595986321,0.07387488400273584,0.0009769828573457946,8.034433159137972,16.068866318275944
flap,lower,32984,17595,0.7920864368163874,-0.006809505681850883,0.0748214331740813,0.0009161154853451179,8.283034968114922,16.566069936229844
flap,lower,32956,17581,0.7915314481258237,-0.006116797575480517,0.07570910114144647,0.0008592204493852197,8.500603036889384,17.001206073778768
flap,lower,32928,17567,0.7910270250715112,-0.005455333276875224,0.07654102218100121,0.0008046216297242744,8.702038062579526,17.40407612515905
flap,lower,32900,17553,0.7905702899343139,-0.004822646169632498,0.07732141186737346,0.0007561577430201905,8.890083325477407,17.780166650954815
flap,lower,32872,17539,0.7901567205841604,-0.004218736253752339,0.07805340697885843,0.0007078324799497674,9.053982162288648,18.107964324577296
flap,lower,32844,17525,0.7897690507062332,-0.0036263372144172083,0.07876140894121264,0.0007081714447586702,9.207495434697714,18.414990869395428
flap,lower,32816,17511,0.7893908361911823,-0.0030203717848682945,0.07947577314706494,0.000720556966945906,9.338782565192096,18.677565130384192
flap,lower,32788,17497,0.7890216659362741,-0.0023942623213655837,0.08020267714198422,0.0007332510228926684,9.456646629577843,18.913293259155687
flap,lower,32760,17483,0.7886644176606444,-0.0017463644129740732,0.08094263283015618,0.0007466603534512329,9.566209340873073,19.132418681746145
flap,lower,32732,17469,0.7883240245970986,-0.0010750336487587572,0.08169546338350715,0.0007590007532507389,9.666517665159818,19.333035330319635
flap,lower,32704,17455,0.7880045977729742,-0.00037903672051838407,0.0824614154179089,0.0007729033155527473,9.750608881617328,19.501217763234656
flap,lower,32676,17441,0.7877073704964722,0.00034203747448079776,0.08324148973184524,0.0007872453123199351,9.81633997089913,19.63267994179826
flap,lower,32648,17427,0.7874397426168003,0.001088600038972539,0.08403487359887604,0.000799522421741649,9.851382480557481,19.702764961114962
flap,lower,32620,17413,0.7872087028804322,0.0018622953838918436,0.08484261051979111,0.0008159514200885205,9.85547685948442,19.71095371896884
flap,lower,32592,17399,0.7870167179037705,0.0026618902010374585,0.0856652568579748,0.0008293412562788569,9.8127150067136,19.6254300134272
flap,lower,32564,17385,0.786875709666094,0.0034853289767406296,0.08650127890975907,0.0008427028472896784,9.744724650883132,19.489449301766264
flap,lower,32536,17371,0.7867910225029413,0.00431740090985257,0.08733804857792649,0.000830836489045156,9.668294022657225,19.33658804531445
flap,upper,32508,17357,0.7867712895717212,0.005140428582821989,0.0881622123181903,0.0008174909914824531,9.63301001650337,19.26602003300674
flap,upper,32480,17343,0.7868058222013563,0.005949889865577628,0.08897256668152759,0.0008032177351921215,9.612670489352093,19.225340978704185
flap,upper,32452,17329,0.7868859872344378,0.0067429070389832275,0.08977021750793136,0.0007920839176154125,9.58105391785961,19.16210783571922
flap,upper,32424,17315,0.787012606876433,0.0075178356921037845,0.09055562324106405,0.0007787275486499798,9.52526584686279,19.05053169372558
flap,upper,32396,17301,0.7871745813535309,0.008273442516738047,0.09132866922102537,0.0007673644112726623,9.40596701273762,18.81193402547524
flap,upper,32368,17287,0.7873751994876015,0.009006849793749758,0.09208934697924438,0.0007539911051653565,9.21692162367776,18.43384324735552
flap,upper,32340,17273,0.7876181612032482,0.00971476870126891,0.09283823807136547,0.0007437910790768037,8.95821272392279,17.91642544784558
flap,upper,32312,17259,0.7879059331168738,0.01039226600649049,0.09357482089731455,0.0007293745728213511,8.627472553398018,17.254945106796036
flap,upper,32284,17245,0.7882405707421473,0.01103523068207699,0.09430027045020868,0.0007215245329669259,8.251594553511584,16.503189107023168
flap,upper,32256,17231,0.7886146742298605,0.01164407383076216,0.09501518501629723,0.0007083045992101715,7.8349247906349575,15.669849581269915
flap,upper,32228,17217,0.7890208437308065,0.012223317582617261,0.09572296835583159,0.0007072620798585321,7.385450531696042,14.770901063392085
flap,upper,32200,17203,0.7894685346078614,0.012786939430589825,0.09644305776541073,0.0007329167392997446,6.9027452986734374,13.805490597346875
flap,upper,32172,17189,0.78995939127196,0.013344394737556126,0.09718600095711843,0.0007529696441156726,6.376838762055703,12.753677524111406
flap,upper,32144,17175,0.7904930026203687,0.013893216887113655,0.09795175578623933,0.0007785400141261071,5.786013303303415,11.57202660660683
flap,upper,32116,17161,0.7910743018858926,0.014428472646457406,0.09874226227204914,0.0008024729574935253,5.121330955783954,10.242661911567907
flap,upper,32088,17147,0.7917049334794664,0.014943995474581105,0.09955717780914565,0.0008273581166994646,4.391589649755117,8.783179299510234
flap,upper,32060,17133,0.7923881862229606,0.015433618830478495,0.10039820206458885,0.0008546903941869454,3.618594465346243,7.237188930692486
flap,upper,32032,17119,0.7931248823218423,0.015891587275877063,0.10126611438262571,0.0008811342418867867,2.8352203488120002,5.6704406976240005
flap,upper,32004,17105,0.7939133773651765,0.016314200886173053,0.10216116185100063,0.0009089606948630277,2.07817335538469,4.15634671076938
flap,upper,31976,17091,0.7947524380447624,0.01669899304496395,0.10308468447529724,0.0009380845537301997,1.3663111149341427,2.7326222298682854
flap,upper,31948,17077,0.7956416532578657,0.017041852724912245,0.10403817325570935,0.0009688930070940326,0.7106616039051009,1.4213232078102018
flap,upper,31920,17063,0.7965785563880842,0.01733990220688169,0.10502175231807044,0.0009982651176281452,0.13433216837416118,0.26866433674832235
flap,upper,31892,17049,0.7975602697162814,0.017591085977203526,0.10603550553844482,0.0010292413231206016,-0.3710945157515339,-0.7421890315030678
flap,upper,31864,17035,0.7985863821397239,0.01779375962494275,0.10708181952812496,0.0010633866562396552,-0.7971066440798913,-1.5942132881597826
flap,upper,31836,17021,0.799654427042009,0.01795203417743687,0.10816176933254415,0.00109651295259874,-1.1465441338935363,-2.2930882677870725
flap,upper,31808,17007,0.8007623489094677,0.018065087429218384,0.10927577143451617,0.0011314912513453051,-1.4511223151981696,-2.902244630396339
flap,upper,31780,16993,0.801909325536633,0.01813045276388479,0.11042485257314934,0.0011666710259210062,-1.6884483352647022,-3.3768966705294043
flap,upper,31752,16979,0.8030945347180367,0.018158818852513605,0.11161049413873095,0.0012046121052422187,-1.8675990465751418,-3.7351980931502835
flap,upper,31724,16965,0.8043179764536796,0.018151419003306087,0.11283414304458979,0.0012426857064754548,-2.041734211491538,-4.083468422983076
flap,upper,31696,16951,0.8055792396408277,0.018105375497125976,0.11409635510849093,0.0012817384213268236,-2.2240099837866367,-4.4480199675732734
flap,upper,31668,16937,0.8068783242794806,0.01802109943670703,0.11539831956990687,0.0013221905015050796,-2.4258829138436147,-4.851765827687229
flap,upper,31640,16923,0.8082156414723725,0.01789530200017924,0.11674166999836291,0.0013645103554070122,-2.634585738642852,-5.269171477285704
flap,upper,31612,16909,0.8095920134249708,0.017729627598477606,0.11812807935872191,0.0014083083653109907,-2.8410765104611944,-5.682153020922389
flap,upper,31584,16895,0.8110074401372753,0.01752572064253713,0.11955820721420864,0.0014519473456624332,-3.0441518347171543,-6.088303669434309
flap,upper,31556,16881,0.81246233271202,0.01728275892689031,0.12103334002108176,0.001498318268083833,-3.247880947788273,-6.495761895576546
flap,upper,31528,16867,0.813957924457406,0.016998686937868393,0.12255576328994974,0.0015465282696521272,-3.4473936815428488,-6.8947873630856975
flap,upper,31500,16853,0.815494626476167,0.01667309357273764,0.12412665964477237,0.0015952644399931549,-3.6424003265649842,-7.2848006531299685
flap,upper,31472,16839,0.8170728498710369,0.016306389934231787,0.12574699728674407,0.0016454108439502271,-3.831617346248107,-7.663234692496214
flap,upper,31444,16825,0.8186934168474831,0.015897342714149575,0.12741846659160974,0.0016975277657811064,-4.012197179342927,-8.024394358685853
flap,upper,31416,16811,0.8203579718164408,0.01544636301522477,0.12914308511407763,0.0017517092791547288,-4.17794227444006,-8.35588454888012
flap,upper,31388,16797,0.8220681591888448,0.014953450837457374,0.13092294896318477,0.001808018419059498,-4.348915413733846,-8.697830827467692
flap,upper,31360,16783,0.8238239789646952,0.014416550667178625,0.13275908038511683,0.001864244424804642,-4.521543201622003,-9.043086403244006
flap,upper,31332,16769,0.8256262533494594,0.013834429196187265,0.13465308961342437,0.0019237740318103914,-4.686841621068942,-9.373683242137885
flap,upper,31304,16755,0.8274766267540725,0.01320585311628205,0.13660736611152008,0.0019847789643810277,-4.86217683980825,-9.7243536796165
flap,upper,31276,16741,0.8293771546922032,0.01253164463293048,0.1386239756278073,0.002048440068193343,-5.0309364406359425,-10.061872881271885
flap,upper,31248,16727,0.8313294815747865,0.011813037054333805,0.14070438867328022,0.0021123860227525797,-5.17502234901566,-10.35004469803132
flap,upper,31220,16713,0.83333442960729,0.01104756376408952,0.14285053606082626,0.0021799087523394745,-5.303205828772477,-10.606411657544953
flap,upper,31192,16699,0.835392820995181,0.010230702632126365,0.14506513798767812,0.0022492951013642344,-5.423902834380159,-10.847805668760317
flap,upper,31164,16685,0.8375050668411934,0.009359575939308081,0.14735001716517018,0.002320463253619887,-5.5581246788887935,-11.116249357777587
flap,upper,31136,16671,0.8396724004535284,0.008433772582900921,0.14970684597884,0.002393194373719737,-5.693089197584693,-11.386178395169386
flap,upper,31108,16657,0.8418972884485885,0.007452470357437382,0.15213856902008419,0.0024702517087686207,-5.79525634108764,-11.59051268217528
flap,upper,31080,16643,0.8441809641345752,0.006412791543781207,0.15464781957570295,0.0025482494024688814,-5.885329340439665,-11.77065868087933
flap,upper,31052,16629,0.8465234275114882,0.005310625114594887,0.1572366778789585,0.0026294672040421954,-6.048844721054309,-12.097689442108617
flap,upper,31024,16615,0.848925500784795,0.004143093350742163,0.15990751247397134,0.0027122019859834746,-6.252429040082525,-12.50485808016505
flap,upper,30996,16601,0.8513892394681646,0.0029089629440217845,0.16266311423159185,0.0027990015292575616,-6.415577491759657,-12.831154983519314
flap,upper,30968,16587,0.8539162879725317,0.0016061783807649961,0.16550626316649658,0.0028872963405518672,-6.587156013107707,-13.174312026215414
flap,upper,30940,16573,0.8565087018115652,0.00023391745550429557,0.1684395083252118,0.002979193976878599,-6.690616030762455,-13.38123206152491
flap,upper,30912,16559,0.8591697698071352,-0.001207408729026566,0.17146587452831338,0.0030735384293245228,-6.821075923780749,-13.642151847561498
flap,upper,30884,16545,0.861901958575644,-0.0027190334810288414,0.1745883823090606,0.0031714771321699527,-6.940153814469431,-13.880307628938862
flap,upper,30856,16531,0.8647060903225593,-0.00430465672510629,0.17780981082999506,0.003271379909698982,-7.075350543699475,-14.15070108739895
flap,upper,30828,16517,0.8675825761506147,-0.005969211694063923,0.1811332427410712,0.003375483912453328,-7.210247324185043,-14.420494648370086
flap,upper,30800,16503,0.8705330604707454,-0.007715987209771747,0.1845620705887557,0.0034821717829156143,-7.307566965380563,-14.615133930761125
flap,upper,30772,16489,0.8735587765911526,-0.009549505402301022,0.18810002351327304,0.003593734066119072,-7.3991538844703495,-14.798307768940699
flap,upper,30744,16475,0.8766617800255048,-0.011472232888054254,0.19175047376902096,0.003707166445376815,-7.491190507481974,-14.982381014963948
flap,upper,30716,16461,0.8798445373902046,-0.0134854029752327,0.19551652109264073,0.0038249282018627375,-7.552902597396491,-15.105805194792982
flap,upper,30688,16447,0.8831086930961873,-0.015592715588440114,0.19940185179321784,0.003945733199291476,-7.616551895492165,-15.23310379098433
flap,upper,30632,16419,0.8856081977173926,-0.017234865458408008,0.20239256943132283,0.0020357020769185136,-7.84422700526911,-15.68845401053822
flap,upper,30674,16433,0.8873019409804466,-0.018364164668021897,0.20442827150824244,0.0020357020769206846,-7.991142198620906,-15.982284397241813
flap,upper,30576,16391,0.8890166504829216,-0.0195199800039626,0.2064961794460742,0.0021001137987428755,-8.100551143717258,-16.201102287434516
flap,upper,30618,16405,0.8907523262248183,-0.020702311466230354,0.2085962932448186,0.002100113798745949,-8.216510307091962,-16.433020614183924
flap,upper,30520,16363,0.8925087626547685,-0.02191300901712647,0.2107295985343389,0.002166496780294656,-8.392609713434226,-16.78521942686845
flap,upper,30562,16377,0.8942859597727739,-0.02315207265665186,0.21289609531463666,0.0021664967803008695,-8.473713258062064,-16.94742651612413
flap,upper,30464,16335,0.896083506476101,-0.02442238010394298,0.21509724157420637,0.002235795738838521,-8.574020411612885,-17.14804082322577
flap,upper,30506,16349,0.8979014027647476,-0.02572393135899852,0.2173330373130457,0.0022357957388401415,-8.623900973356827,-17.247801946713654
flap,upper,30408,16307,0.8997392375359741,-0.027058165281381837,0.21960416785909487,0.002306465353258213,-8.69093535017208,-17.38187070034416
flap,upper,30450,16321,0.9015970107897946,-0.02842508187110377,0.22191063321237212,0.002306465353296292,-8.65256839216432,-17.30513678432864
flap,upper,30352,16279,0.903477805796715,-0.029822420063130517,0.22425372053202847,0.002379709286016415,-8.604467097531536,-17.208934195063073
flap,upper,30394,16293,0.9053816225567157,-0.0312501798574476,0.22663342981803963,0.0023797092860058573,-8.623934188271035,-17.24786837654207
flap,upper,30296,16251,0.9073086666211692,-0.0327098001136273,0.22905089119211466,0.0024552134621442213,-8.721442690161554,-17.44288538032311
flap,upper,30338,16265,0.9092589379900838,-0.03420128083167578,0.23150610465426386,0.00245521346215412,-8.724025859164543,-17.448051718329086
flap,upper,30240,16223,0.9111662491233224,-0.03567549523490744,0.23391676907640616,0.0023661153821305358,-8.795416532718455,-17.59083306543691
flap,upper,30282,16237,0.913030600020883,-0.03713244332332084,0.23628288445853918,0.00236611538213549,-8.877561998103218,-17.755123996206436
flap,upper,30184,16195,0.9148571294669392,-0.03856760296684594,0.23860579898654938,0.0022797136738849436,-9.017519801428408,-18.035039602856816
flap,upper,30226,16209,0.9166458374614896,-0.03998097416548174,0.24088551266043512,0.0022797136738865516,-9.062063894676193,-18.124127789352386
flap,upper,30128,16167,0.9183998072750308,-0.04137173471375542,0.24312395854127178,0.0021971780877867437,-9.053384289461572,-18.106768578923145
flap,upper,30170,16181,0.9201190389075773,-0.04273988461167861,0.24532113662907803,0.0021971780878257607,-8.997047949544871,-17.994095899089743
flap,upper,30072,16139,0.92180476566733,-0.044085834961984795,0.24747828050757487,0.0021171096691679062,-8.965111857397861,-17.930223714795723
flap,upper,30114,16153,0.9234569875542752,-0.04540958576466289,0.24959539017674442,0.0021171096691712226,-8.928648183455383,-17.857296366910766
flap,upper,30016,16111,0.9250773489793546,-0.046711548122452165,0.2516740161555885,0.002040142288516874,-8.881984319945674,-17.76396863989135
flap,upper,30058,16125,0.9266658499425682,-0.04799172203535265,0.25371415844410705,0.002040142288520216,-8.912249907316713,-17.824499814633427
flap,upper,29988,16097,0.9289852915663918,-0.04987251704226382,0.2567003334734077,0.003932207770081102,-8.900536040113186,-17.801072080226373
flap,upper,29960,16083,0.9319756528516963,-0.05231364507527702,0.2605605682099761,0.0037882617030557493,-8.869862337096777,-17.739724674193553
flap,upper,29932,16069,0.9348513164742842,-0.05467337476700752,0.2642804840591159,0.0036515699952238533,-8.833269515872434,-17.66653903174487
flap,upper,29904,16055,0.9376176267696945,-0.05695335052839033,0.2678652834508903,0.003518028788324924,-8.788203680649717,-17.576407361299434
flap,upper,29876,16041,0.9402733504297256,-0.059162616619567995,0.27131982367742535,0.003391051664745115,-8.89116400158423,-17.78232800316846
flap,upper,29848,16027,0.9428193096598454,-0.061307750684280495,0.2746490296180812,0.0032673602165665125,-8.900313418503671,-17.800626837007343
flap,upper,29820,16013,0.9452620821037936,-0.06338710831159285,0.2778569736867698,0.003148527920810702,-8.997638955552407,-17.995277911104814
flap,upper,29792,15999,0.9476078343025764,-0.06539986729603753,0.2809478941418805,0.003033312989410664,-9.002603330376708,-18.005206660753416
flap,upper,29764,15985,0.9498598550780644,-0.06734890535675084,0.2839262147138681,0.002923328154564557,-9.006310743053566,-18.012621486107133
flap,upper,29736,15971,0.9520218443548606,-0.06923751131560274,0.28679694185200605,0.0028181261217113916,-9.086964785137678,-18.173929570275355
flap,upper,29708,15957,0.9540975020575693,-0.07106650737806075,0.28956345798485894,0.0027149061439944054,-9.130620110358747,-18.261240220717493
flap,upper,29680,15943,0.9560917614189952,-0.07283466023592364,0.2922286864913268,0.0026155508689412466,-9.175936242469078,-18.351872484938156
flap,upper,29652,15929,0.9580103778774107,-0.07454196988919136,0.2947969541937129,0.002520984535830917,-9.256652818876796,-18.513305637753593
flap,upper,29624,15915,0.9598558180492188,-0.07619172515973396,0.29727230400948873,0.00242971509572077,-9.264262403661505,-18.52852480732301
flap,upper,29596,15901,0.9616280819344193,-0.07778844817762268,0.2996577755630454,0.0023412280113925847,-9.289302510264152,-18.578605020528304
flap,upper,29568,15887,0.9633292250466807,-0.07933419445652629,0.3019563051919075,0.002255831246331586,-9.240248796460437,-18.480497592920873
flap,upper,29540,15873,0.9649621251051395,-0.08083060840737977,0.30417117411083117,0.0021739065915158027,-9.169003007417222,-18.338006014834445
flap,upper,29512,15859,0.9665280154179969,-0.08228097885205315,0.30630556562173294,0.0020948764302877875,-9.237875864016749,-18.475751728033497
flap,upper,29484,15845,0.9680285403961879,-0.08368777240694894,0.3083624281547794,0.002018848635805031,-9.372759818739857,-18.745519637479713
flap,upper,29456,15831,0.96946781106705,-0.08505057796933337,0.31034453622286634,0.0019453675003688064,-9.445596195829772,-18.891192391659544
flap,upper,29428,15817,0.9708499384579207,-0.08636857333373894,0.3122543525278676,0.0018742651096336556,-9.482754498582736,-18.965508997165472
flap,upper,29400,15803,0.9721778002879364,-0.0876429918083669,0.314094832710844,0.001806695256319147,-9.475708041357532,-18.951416082715063
flap,upper,29372,15789,0.9734534520707656,-0.08887506670141854,0.3158683333440485,0.0017403060100898732,-9.457579311102071,-18.915158622204142
flap,upper,29344,15775,0.974678949320077,-0.09006644242382883,0.3175774931465075,0.0016780135948280877,-9.463800434390867,-18.927600868781735
flap,upper,29316,15761,0.9758567586522736,-0.09121794118106526,0.3192246689483843,0.00161633800892539,-9.473569918982008,-18.947139837964016
flap,upper,29288,15747,0.9769885244782901,-0.0923299740758616,0.3208113369377741,0.0015569979698541185,-9.469525385451993,-18.939050770903986
flap,upper,29260,15733,0.9780763023117951,-0.0934045966218866,0.3223404147252758,0.0015011576051493663,-9.466652245554979,-18.933304491109958
flap,upper,29232,15719,0.9791217365637237,-0.09444345323007527,0.3238142399671852,0.0014464928786695713,-9.462439522436842,-18.924879044873684
flap,upper,29204,15705,0.9801256494395436,-0.09544777720862888,0.3252342803157688,0.001393587818497534,-9.492895080260341,-18.985790160520683
flap,upper,29176,15691,0.9810913297611246,-0.09641756855754738,0.3266028685470299,0.0013435886440247913,-9.523750853189618,-19.047501706379236
flap,upper,29148,15677,0.9820220663503367,-0.09735200507136332,0.3279217477133221,0.0012941696885595338,-9.543721396776352,-19.087442793552704
flap,upper,29120,15663,0.9829195036181151,-0.09825190895554417,0.3291926611456145,0.0012476571760252557,-9.569653251212733,-19.139306502425466
flap,upper,29092,15649,0.9837852859753946,-0.09911810241555744,0.3304173533321077,0.0012017271969610925,-9.580765821267716,-19.161531642535433
flap,upper,29064,15635,0.9846194134221753,-0.09995264096507189,0.3315972787358021,0.0011581236104275829,-9.582824465312541,-19.165648930625082
flap,upper,29036,15621,0.9854227081639246,-0.10075758011775626,0.3327344724229568,0.0011162637638818282,-9.573207055982817,-19.146414111965633
flap,upper,29008,15607,0.986196403508844,-0.10153374207907806,0.3338303885939288,0.0010755685780620432,-9.562504557839075,-19.12500911567815
flap,upper,28980,15593,0.9869409105596672,-0.10228236015723854,0.33488619169113465,0.0010360376163498124,-9.547001172066809,-19.094002344133617
flap,upper,28952,15579,0.9876586959327962,-0.10300343435223774,0.33590362232363247,0.0009988236486457888,-9.514880796032,-19.029761592064
flap,upper,28924,15565,0.9883514040391665,-0.1036973757668094,0.33688413202925155,0.0009621957625923146,-9.477025545174854,-18.954051090349708
flap,upper,28896,15551,0.9890194459815118,-0.1043654177091547,0.3378288861832996,0.0009273125455038153,-9.432697381458226,-18.865394762916452
flap,upper,28868,15537,0.9896644661707671,-0.10500838238474115,0.3387396306184787,0.000894176324854452,-9.397174478603047,-18.794348957206093
flap,upper,28840,15523,0.9902864646069323,-0.10562791420450385,0.3396175269858498,0.0008616164098876173,-9.382210269868525,-18.76442053973705
flap,upper,28812,15509,0.9908850301872736,-0.106225246476644,0.3404631549610994,0.0008296395406117166,-9.367387496558859,-18.734774993117718
flap,upper,28784,15495,0.991460574014525,-0.10680161250936285,0.3412776792876143,0.0007994091124181239,-9.363774194040216,-18.727548388080432
flap,upper,28756,15481,0.9920139182941539,-0.1073586567135954,0.3420628474117095,0.0007709271357721469,-9.36024943209146,-18.72049886418292
flap,upper,28728,15467,0.9925462963343614,-0.10789637908934166,0.34281953219551214,0.0007424424318332037,-9.348534889562746,-18.697069779125492
flap,upper,28700,15453,0.9930601747515502,-0.1084135463284004,0.34354859726591513,0.0007156877089727797,-9.31227430319332,-18.62454860638664
flap,upper,28672,15439,0.9935567868539212,-0.10891056953350531,0.3442512036479298,0.0006895250550566626,-9.274609074624488,-18.549218149248976
flap,upper,28644,15425,0.9940361326414748,-0.1093882709101239,0.34492794022400713,0.0006639480970978842,-9.227894728046856,-18.45578945609371
flap,upper,28616,15411,0.9944998565251457,-0.1098474726637237,0.34558055569389085,0.0006412828426695706,-9.179415176330611,-18.358830352661222
flap,upper,28588,15397,0.9949471362994668,-0.1102898192052397,0.34620962637614405,0.0006168585218367946,-9.14209467926752,-18.28418935853504
flap,upper,28560,15383,0.9953767386562368,-0.11071695494560695,0.3468154352611494,0.0005947592481738036,-9.108179429550141,-18.216358859100282
flap,upper,28532,15369,0.9957898969036564,-0.11112929098755919,0.34739914816063405,0.000572666550795516,-9.061441604621098,-18.122883209242197
flap,upper,28504,15355,0.9961874332471935,-0.11152723843383015,0.34796164090227716,0.0005523189324906738,-9.008697382310931,-18.017394764621862
flap,upper,28476,15341,0.9965701698923157,-0.11191120838715354,0.348503785108053,0.0005319694790611517,-8.935496374508421,-17.870992749016843
flap,upper,28448,15327,0.9969393401472241,-0.11228078974479565,0.34902616154174887,0.0005127833883305111,-8.842592784643532,-17.685185569287064
flap,upper,28420,15313,0.9972953551146524,-0.11263680471222395,0.3495296427370938,0.0004941790023594386,-8.732776105802772,-17.465552211605544
flap,upper,28392,15299,0.9976386258973344,-0.11297966439217225,0.3500148104174669,0.0004761563583867336,-8.601007862723929,-17.202015725447858
flap,upper,28364,15285,0.9979699747007376,-0.1133097798873743,0.35048253722192374,0.00045929725052695644,-8.445499071996322,-16.890998143992643
flap,upper,28336,15271,0.9982885793193945,-0.1136283845060313,0.3509331136955766,0.0004418556967787842,-8.275417281422317,-16.550834562844635
flap,upper,28308,15257,0.9985927953423703,-0.11393753376181201,0.3513668490637005,0.00042561503946895643,-8.086962360631782,-16.173924721263564
flap,upper,28280,15243,0.9988842671805997,-0.1142376387574502,0.35178520178367695,0.0004110904004838512,-7.840858109982639,-15.681716219965278
flap,upper,28252,15229,0.999169161375089,-0.1145241773628746,0.35218930109269436,0.00039710821755101753,-7.4835109088122405,-14.967021817624481
flap,upper,28224,15215,0.9994458335149035,-0.11479797178355275,0.35257855015767453,0.00038138991240926505,-7.085616476222146,-14.171232952444292
flap,upper,28196,15201,0.9996941395660892,-0.11507546612883465,0.35295151946177666,0.0003645486957951089,-6.726074554022331,-13.452149108044662
flap,upper,28168,15187,0.9999038019603024,-0.11536776017253156,0.35331168875048136,0.0003557898816142313,-6.216546114408022,-12.433092228816044
flap,lower,28098,15159,0.9994754329117337,-0.11660723491479069,0.35469909076224926,0.0024190141419216044,-6.848840953366722,-13.697681906733443
flap,lower,28140,15173,0.9984262987352013,-0.1187869016091383,0.35711810490417084,0.002419014141921569,-5.881099452773184,-11.762198905546368
flap,lower,35798,19009,0.9977652455393298,-0.11976244839632935,0.35850562847819223,0.00035603300612126735,2.2196554320807733,4.439310864161547
flap,lower,35770,18995,0.997472540392899,-0.1195626524677264,0.35886173552062367,0.0003561810787415567,2.4822918929987616,4.964583785997523
flap,lower,35742,18981,0.9971580468015795,-0.11937354521020095,0.3592289909524899,0.00037832978499083926,3.088121122836155,6.17624224567231
flap,lower,35714,18967,0.9968414976965914,-0.11914044996016415,0.3596226562129734,0.00040900073597618816,3.8278757472714453,7.655751494542891
flap,lower,35686,18953,0.9965163154341943,-0.11886624443675226,0.3600480607136879,0.0004418082654527379,4.402955120623822,8.805910241247645
flap,lower,35658,18939,0.996165233699571,-0.1185723059821203,0.3605060086219855,0.00047408755114246884,4.791002154346311,9.582004308692621
flap,lower,35630,18925,0.9957849636708512,-0.1182606901099371,0.36099765545983553,0.0005092061245575534,5.142049993779057,10.284099987558115
flap,lower,35602,18911,0.9953820829917754,-0.11791865263545631,0.3615261831560879,0.0005478492679471875,5.479812998855962,10.959625997711925
flap,lower,35574,18897,0.994953713943207,-0.1175445491477429,0.3620949146024336,0.0005896136247441335,5.755363365704616,11.510726731409232
flap,lower,35546,18883,0.9944941010868733,-0.11714084626319946,0.36270664989511264,0.000633856960614032,5.972139757489803,11.944279514979605
flap,lower,35518,18869,0.9939991333954372,-0.1167079550845597,0.3633642138933009,0.0006812710357625305,6.132407257771989,12.264814515543979
flap,lower,35490,18855,0.9934651109442947,-0.11624423120088864,0.36407147653603994,0.0007332542497154697,6.258410200848191,12.516820401696382
flap,lower,35462,18841,0.9928891560143096,-0.11574720799578375,0.36483223820957933,0.0007882690973633672,6.351278780676649,12.702557561353299
flap,lower,35434,18827,0.9922683908863457,-0.1152144188528425,0.36565029323822573,0.0008478409599293404,6.426989149774476,12.853978299548952
flap,lower,35406,18813,0.9915995267385329,-0.11464257495019489,0.3665302850952629,0.0009121427541450665,6.484531392852925,12.96906278570585
flap,lower,35378,18799,0.9908788636462674,-0.11402920967143845,0.36747663246327544,0.0009805519818799422,6.525061473153894,13.050122946307788
flap,lower,35350,18785,0.9901014683767443,-0.11337185640017064,0.36849469984545474,0.0010555827824786635,6.536974791273634,13.073949582547268
flap,lower,35322,18771,0.9892624076971586,-0.11266845962272275,0.36958959505316374,0.0011342076329393918,6.518875447828703,13.037750895657407
flap,lower,35294,18757,0.9883571594774391,-0.11191573051722475,0.3707669140994627,0.0012204304596585976,6.498992992175129,12.997985984350258
flap,lower,35266,18743,0.9873803793820468,-0.11111038026180664,0.3720328907674276,0.001311522876271241,6.473802384110036,12.947604768220073
flap,lower,35238,18729,0.9863259008699755,-0.1102491200345984,0.3733943987474969,0.0014114930838673321,6.434630617340833,12.869261234681666
flap,lower,35210,18715,0.985185912989284,-0.10932907211646375,0.3748593515377651,0.0015184124966690015,6.4217252366225015,12.843450473245003
flap,lower,35182,18701,0.9839538380962325,-0.10834735878826646,0.3764347209659266,0.001632326359654047,6.439965665657783,12.879931331315566
flap,lower,35154,18687,0.9826230985470807,-0.10729904681720151,0.3781287834215621,0.0017557985516168956,6.424876189403808,12.849752378807615
flap,lower,35126,18673,0.9811862944926211,-0.1061783807649964,0.3799509559666845,0.0018885465386279164,6.477832331187246,12.955664662374492
flap,lower,35098,18659,0.9796356149809125,-0.10498001629611235,0.38191072788286046,0.0020309972937240304,6.583552429750146,13.167104859500292
flap,lower,35070,18645,0.9779620157518123,-0.10369902017774435,0.3840183114052045,0.0021841697509639695,6.6394903175873115,13.278980635174623
flap,lower,35042,18631,0.976154808134243,-0.10233087027982116,0.3862850005338417,0.0023492085063105076,6.637422434907671,13.274844869815341
flap,lower,35014,18617,0.9742028923543935,-0.10087063336953775,0.3887226861416488,0.002526162709303643,6.703463767683905,13.40692753536781
flap,lower,34986,18603,0.9720947575357186,-0.09931173180315413,0.3913446055676552,0.0027176761427092342,6.687710543892405,13.37542108778481
flap,lower,34958,18589,0.9698201261098747,-0.097644710217794,0.3941646989812539,0.002922510684488098,6.642098798601964,13.284197597203928
flap,lower,34930,18575,0.9673683094057838,-0.09585970214784734,0.3971974673719883,0.0031430260969807057,6.686810081369392,13.373620162738783
flap,lower,34902,18561,0.9647228633140963,-0.09395177436050914,0.4004591625541525,0.003380364267347688,6.656953683066831,13.313907366133662
flap,lower,34874,18547,0.9618644660063259,-0.09191804913664314,0.40396724381198273,0.003635798248312778,6.643171966243658,13.286343932487316
flap,lower,34846,18533,0.9587729734485186,-0.0897556487571131,0.40773998485040985,0.003909683828541517,6.609520099002159,13.219040198004318
flap,lower,34790,18505,0.9562971072345036,-0.08805080572024787,0.41074607314678346,0.002102492764205705,6.635740389076867,13.271480778153734
flap,lower,34832,18519,0.9545585537734709,-0.08686847425798011,0.4128485659109891,0.002102492764205613,6.76471550572858,13.52943101145716
flap,lower,34734,18477,0.9527476462313054,-0.08565119906334852,0.41503060035711115,0.0022615761280384535,6.800126906117343,13.600253812234685
flap,lower,34776,18491,0.9508643846079922,-0.0843989801363431,0.41729217648516764,0.00226157612807448,6.814876973312678,13.629753946625357
flap,lower,34678,18449,0.948900546848864,-0.08311407854200442,0.41963907067742257,0.0024322122564354,6.775380142859227,13.550760285718454
flap,lower,34720,18463,0.9468561329539205,-0.08179649428033259,0.4220712829338762,0.002432212256471854,6.751103856074883,13.502207712149765
flap,lower,34622,18421,0.9447264152417161,-0.080442321875352,0.42459510991139326,0.002615441698562318,6.619889186220089,13.239778372440178
flap,lower,34664,18435,0.9425113937122659,-0.0790515613270725,0.4272105516099555,0.0026154416985622237,6.629172505953594,13.258345011907188
flap,lower,34566,18393,0.9402024352081464,-0.07762462373821848,0.42992491839023994,0.002813291862006604,6.5824135334519465,13.164827066903893
flap,lower,34608,18407,0.9377995397293719,-0.07616150910879882,0.43273821025222947,0.0028132918619724117,6.541745336205009,13.083490672410019
flap,lower,34510,18365,0.9352938685671683,-0.07466345074701547,0.43565764255009426,0.003025572733757116,6.388028857135357,12.776057714270713
flap,lower,34552,18379,0.9326854217215185,-0.07313044865285814,0.4386832152838541,0.003025572733762638,6.321549654285221,12.643099308570442
flap,lower,34454,18337,0.9299657715864207,-0.07156147506951552,0.44182308337863646,0.0032541634558019214,6.202614599880953,12.405229199761907
flap,lower,34496,18351,0.9271349181618116,-0.06995652999695179,0.44507724683451383,0.003254163455952793,6.104732530943523,12.209465061887046
flap,lower,34398,18309,0.92418628380395,-0.0683106802023612,0.4484541888095085,0.003499720494036552,6.0781772522673085,12.156354504534617
flap,lower,34440,18323,0.9211198685129015,-0.06662392568578102,0.451953909303545,0.003499720494036545,6.097638048578385,12.19527609715677
flap,lower,34342,18281,0.9179288890935361,-0.0648898943548246,0.45558564944346336,0.0037637597858001855,6.049437453437115,12.09887490687423
flap,lower,34384,18295,0.9146133455458346,-0.0631085862094817,0.45934940922928524,0.00376375978584354,5.992849064469278,11.985698128938555
flap,lower,34258,18239,0.9117558389606627,-0.06160018176223141,0.46258072572418535,0.002698873203956744,5.88751305048511,11.77502610097022
flap,lower,34300,18253,0.9093563693379869,-0.06036468101305693,0.46527959892820114,0.0026988732040748808,5.92703466290435,11.8540693258087
flap,lower,34328,18267,0.906956899715309,-0.05912918026388132,0.4679784721322194,0.0026988732039616293,5.980175816412116,11.960351632824231
flap,lower,34174,18197,0.9044591765393051,-0.057862298672716875,0.47077916513167856,0.002902512794956666,5.937555831266753,11.875111662533506
flap,lower,34216,18211,0.9018631998099071,-0.05656403623952872,0.4736816779266553,0.0029025127949967432,5.979237070875099,11.958474141750198
flap,lower,34244,18225,0.8992672230805081,-0.05526577380634003,0.4765841907216332,0.002902512794959136,5.976688357469271,11.953376714938543
flap,lower,34090,18155,0.896744833740462,-0.05402287320796892,0.4793962262441697,0.0027215582501138123,5.898065823498567,11.796131646997134
flap,lower,34132,18169,0.8942960317897527,-0.052835334444407245,0.48211778449428294,0.0027215582501125862,5.9217824137001775,11.843564827400355
flap,lower,34160,18183,0.891847229839043,-0.05164779568084531,0.4848393427443967,0.0027215582501149355,5.94673542267072,11.89347084534144
flap,lower,34034,18127,0.8888861253649573,-0.05024949824911381,0.48811412407051313,0.0038280044021179543,5.792130201745222,11.584260403490443
flap,lower,34076,18141,0.8854127183674954,-0.04864044214921255,0.49194212847263274,0.003828004402121272,5.747985281555286,11.495970563110571
flap,lower,33978,18099,0.8820412648480036,-0.047095106973042686,0.49565090164198744,0.0035895419365881277,5.6757391942870346,11.351478388574069
flap,lower,34020,18113,0.8787717648064823,-0.045613492720604235,0.4992404435785773,0.003589541936591529,5.631422901544065,11.26284580308813
flap,lower,33922,18071,0.8755953795341558,-0.04419765490556602,0.5027181600836373,0.003365891073528744,5.5325099366596175,11.065019873319235
flap,lower,33964,18085,0.8725121090310235,-0.04284759352792787,0.5060840511571684,0.0033658910735331012,5.464574815669564,10.929149631339127
flap,lower,33866,18043,0.8695219532970853,-0.04154645337560575,0.5093450412586215,0.0031560891293729958,5.3867378125546015,10.773475625109203
flap,lower,33908,18057,0.8666249123323422,-0.040294234448600336,0.5125011303879948,0.0031560891293739737,5.333891144411424,10.667782288822847
flap,lower,20479,11320,0.8638148195957875,-0.03908888123324253,0.5155588378627476,0.002959325820131327,5.276923021885145,10.55384604377029
flap,lower,20521,11334,0.8610916750874211,-0.03793039372953233,0.5185181636828794,0.00295932582013231,5.243576343459645,10.48715268691929
