$MeshFormat
2.2 0 8
$EndMeshFormat
$PhysicalNames
7
1 1 "far-field"
1 2 "outlet"
1 3 "inlet"
1 4 "slat"
1 5 "main"
1 6 "flap"
2 7 "fluid"
$EndPhysicalNames
$Nodes
9670
1 0.08563598826219473 0.00417598156944224 0
2 0.08534574973216658 0.003881632012076554 0
3 0.08504564473652836 0.003574127167230836 0
4 0.08473485106981263 0.003251000418502582 0
5 0.08441254652655189 0.002912251765891793 0
6 0.0840787311067461 0.002557059003930964 0
7 0.0837334048103953 0.002184599927152595 0
8 0.08337492322656445 0.001794874535556686 0
9 0.0830032863552536 0.001387060623675735 0
10 0.08261684978552769 0.0009611581915097416 0
11 0.08221396910645176 0.0005163450335912043 0
12 0.08179628872896079 5.179894445262081e-05 0
13 0.08135969762571726 -0.0004316578704385068 0
14 0.0809041957967212 -0.0009356698220171823 0
15 0.08042731662557009 -0.001459414704815904 0
16 0.07992741570132893 -0.00200207031336717 0
17 0.07940284861306268 -0.002564458853138481 0
18 0.07885279315530391 -0.003148224735064843 0
19 0.07827724932805256 -0.003753367959146254 0
20 0.07767292830943866 -0.00438153293631772 0
21 0.0770414745103972 -0.00503354187204674 0
22 0.07637959910905816 -0.005710216971800817 0
23 0.07568730210542153 -0.006412380441047456 0
24 0.07496211688308482 -0.007141676690721657 0
25 0.07420322123658055 -0.007898927926290922 0
26 0.07341061516590873 -0.008685778558690259 0
27 0.07258100984919928 -0.009503872998854666 0
28 0.07171522749191976 -0.01035485565771915 0
29 0.07081244588860265 -0.01124119315168622 0
30 0.06987019842284546 -0.01216370768622337 0
31 0.06888848509464818 -0.01312651028866812 0
32 0.0678656614930758 -0.01413042316448796 0
33 0.06680172761812829 -0.01517955734102041 0
34 0.06569832788074073 -0.01627720164013546 0
35 0.06455217345904306 -0.01742664488370314 0
36 0.06336573096943779 -0.01863282030452846 0
37 0.06213900041192494 -0.01989983892994891 0
38 0.06087444840290698 -0.02123345619823703 0
39 0.05957371935331893 -0.02263942754766531 0
40 0.05823927987956334 -0.02412597503290877 0
41 0.05687770762538016 -0.02570049850317494 0
42 0.05549146920717192 -0.02737039780767134 0
43 0.05409289770695116 -0.02914718382294298 0
44 0.05268117091925036 -0.03103578978179489 0
45 0.05130479896665217 -0.03293755102812682 0
46 0.04995967082181902 -0.03485000094553628 0
47 0.04864825310115347 -0.03677396173949078 0
48 0.04737465683199299 -0.03871190002639279 0
49 0.04614052642527262 -0.04066299360077484 0
50 0.04494832849739483 -0.04262970907903943 0
51 0.04380217407569717 -0.04461204646118656 0
52 0.04270370757111461 -0.04661082795268371 0
53 0.04165786221645217 -0.04862687575899842 0
54 0.04066710462811234 -0.05065936767466316 0
55 0.03973554583343269 -0.05270994811061294 0
56 0.03886811906521816 -0.05477861706684777 0
57 0.03806811314533878 -0.05686373013243263 0
58 0.03734046130659958 -0.05896528730736753 0
59 0.03667858590526056 -0.06107999976978246 0
60 0.03607508709211413 -0.06320128987593741 0
61 0.03555874205852295 -0.06533655747503989 0
62 0.03513612844822694 -0.0674833359506874 0
63 0.03479573538468115 -0.06963504765913991 0
64 0.0346025170998182 -0.07179580362773495 0
65 0.03458031755219566 -0.07395573739086249 0
66 0.03468144882469839 -0.07610498248291252 0
67 0.03497662058753159 -0.07822627258906746 0
68 0.03555627544212041 -0.08027849743595224 0
69 0.03638505855336236 -0.08223534644860681 0
70 0.03741774862054477 -0.08408119772314862 0
71 0.03872669972480779 -0.08573383071282747 0
72 0.04035795537233162 -0.08704524843349302 0
73 0.04220134003047092 -0.08803107278902782 0
74 0.04416065565952799 -0.08873241405280696 0
75 0.04620383624627025 -0.08910980636239034 0
76 0.04820919538150741 -0.08934002389329088 0
77 0.04628030135474794 -0.08997476651420236 0
78 0.04437196246467596 -0.09047302302750851 0
79 0.04258366557285929 -0.09096881292441218 0
80 0.04088498907700039 -0.09142678136981075 0
81 0.03927099974429412 -0.09184939498010673 0
82 0.03773758654740302 -0.09223747596076763 0
83 0.03628063845898964 -0.09259266872272846 0
84 0.03489522224624887 -0.09291415106052171 0
85 0.03357804908731082 -0.09320274517961488 0
86 0.0323258301603054 -0.09346091769641048 0
87 0.03113692105429761 -0.09369689066558354 0
88 0.03000803294741751 -0.09391313070353655 0
89 0.028935877017795 -0.0941112822212045 0
90 0.02791798664902761 -0.09428805639671742 0
91 0.02695107301924533 -0.09444509764101028 0
92 0.02603184730657825 -0.0945832281595506 0
93 0.02515948730555868 -0.09470409236327339 0
94 0.02433070419431671 -0.09480851245764613 0
95 0.02354385356191739 -0.09489648844266883 0
96 0.02279646879195815 -0.09496966472927651 0
97 0.02208690547350405 -0.09502886352293664 0
98 0.02141351919561989 -0.09507572923458425 0
99 0.02077384334190343 -0.09511026186421934 0
100 0.0201678779123546 -0.0951365724391794 0
101 0.01959233408510318 -0.09515137213759442 0
102 0.01904638965468194 -0.09516206080867196 0
103 0.01852922241562319 -0.09516617183600946 0
104 0.01803918795699207 -0.09516781624694447 0
105 0.017573819662386 -0.09516863845241197 0
106 0.01713311753180499 -0.09516699404147697 0
107 0.01668337114108139 -0.09515877198680195 0
108 0.01622704710661785 -0.09514643890478942 0
109 0.01576167881201174 -0.09512917258997187 0
110 0.01528808846273068 -0.09510532863141431 0
111 0.01480709826424202 -0.09507490702911675 0
112 0.01431788601107836 -0.09503544116667666 0
113 0.01381962949777226 -0.09498775324956155 0
114 0.01331397313525854 -0.09492937666136891 0
115 0.01280091692353735 -0.09485866699116374 0
116 0.01227963865714106 -0.09477480203347854 0
117 0.01175178274700486 -0.09467531517191081 0
118 0.01121817139859612 -0.09455773979005803 0
119 0.01067798240644741 -0.09442125368245273 0
120 0.01013203797602631 -0.09426996787643238 0
121 0.009579515901864828 -0.09410388237199699 0
122 0.009020416183963553 -0.09392217496367906 0
123 0.00845720543872479 -0.0937215568296086 0
124 0.007889883666148354 -0.09350038355885058 0
125 0.007321739688104619 -0.09325125530219749 0
126 0.006755240120995665 -0.09297417205964935 0
127 0.006192029375756975 -0.09266502280386862 0
128 0.005628818630518145 -0.09233285179499785 0
129 0.00506478567981175 -0.09197683682756952 0
130 0.004508152578313087 -0.09159040025784362 0
131 0.003964674764294152 -0.09116614223661264 0
132 0.003440107676028106 -0.09069748512013655 0
133 0.002936095724449341 -0.09019018434668785 0
134 0.002450172293155911 -0.0896475287381366 0
135 0.001997959286029163 -0.08906047403434023 0
136 0.001590145374148971 -0.08842490920796124 0
137 0.001224263941109663 -0.08774905631367466 0
138 0.000898670575979343 -0.0870378485842855 0
139 0.0006133652787562841 -0.08629375263619628 0
140 0.0003724590767783538 -0.08551923508580946 0
141 0.0002006181340713244 -0.08471182931672258 0
142 8.879819049960753e-05 -0.08389373487655817 0
143 1.397749291215493e-05 -0.08296628710921601 0
144 5.015978956713757e-18 -0.08191715293268356 0
145 5.508776630970232e-05 -0.08095023930290131 0
146 0.0001611522716318275 -0.08006225739799924 0
147 0.0002976383792361533 -0.07924745177970484 0
148 0.000476879171151344 -0.07844086821608545 0
149 0.0007087411129867472 -0.07758001909161094 0
150 0.0009940464102100935 -0.07665914896800879 0
151 0.001340194912028434 -0.07567579122887651 0
152 0.001757053084051824 -0.07462994587421407 0
153 0.002243798720812803 -0.07351421305481397 0
154 0.002806187260584194 -0.07232530394880619 0
155 0.003462307223650454 -0.07106486296712575 0
156 0.004220380664687447 -0.06972877908243513 0
157 0.005086163021966785 -0.06831211906192933 0
158 0.006065409733761635 -0.06680994967280332 0
159 0.007162231827409249 -0.06521158224397959 0
160 0.008383206946649544 -0.06350879472078313 0
161 0.009758756693780254 -0.06170980915788893 0
162 0.01130121415081387 -0.05981133673342701 0
163 0.01302126798882786 -0.05780268877631982 0
164 0.01492549585156231 -0.05567235441002234 0
165 0.01702047538275719 -0.05340306731971705 0
166 0.01931853966442506 -0.05098249442339141 0
167 0.02185997676447349 -0.04842379100852544 0
168 0.02466040858678501 -0.04571215737670412 0
169 0.02773463482977469 -0.0428327938295124 0
170 0.03109416636998751 -0.03976103420292524 0
171 0.03475298070037106 -0.03647221233291757 0
172 0.03875465471070287 -0.0329720836577619 0
173 0.0431296100032806 -0.02924749288997822 0
174 0.04714608371202746 -0.02589865002084291 0
175 0.05082380876816354 -0.02287622272230586 0
176 0.05418580692477888 -0.02014238954286198 0
177 0.05726332198963855 -0.01767495093488872 0
178 0.06007690909943012 -0.01544512970702352 0
179 0.06264712339084111 -0.01342661528430632 0
180 0.06499205338415659 -0.01159638591364705 0
181 0.06713060980512907 -0.009937175280228177 0
182 0.06908088117404362 -0.00842925045282966 0
183 0.07085766718931526 -0.007059456143971465 0
184 0.07247741196029404 -0.005816281477108566 0
185 0.07395491518539499 -0.004688215575695934 0
186 0.07530168774116314 -0.003664569768656047 0
187 0.07652841829867599 -0.002733010973976374 0
188 0.07764579552901109 -0.001886961547916901 0
189 0.07866368589777847 -0.001116555024867604 0
190 0.07958948925418562 -0.0004160359665559704 0
191 0.08043224985837509 0.0002228176816930197 0
192 0.08119936755955438 0.0008041169472168755 0
193 0.08189659779599602 0.001333617268288111 0
194 0.08253134041690749 0.001816251877711736 0
195 0.08310935086056134 0.002255309597357761 0
196 0.08363556235976256 0.002654901454563692 0
197 0.08411408594184869 0.00301831627119954 0
198 0.08454985483962471 0.003349665074602813 0
199 0.08494615787496063 0.003651414481176017 0
200 0.08530710607519396 0.003926031107321657 0
201 0.7888148812611973 0.02544150378091184 0
202 0.7878742782063751 0.02548672508162445 0
203 0.7868300772626476 0.02553523520420706 0
204 0.7856707675534699 0.02558867855959468 0
205 0.7843840159968296 0.02564705514778732 0
206 0.7829558450997787 0.02570954276331746 0
207 0.7813706329584349 0.02577614140618513 0
208 0.779609468847046 0.02584602887092278 0
209 0.7776550864507937 0.02591756074659545 0
210 0.7754861084275239 0.02598827041680061 0
211 0.7730770464077431 0.02605486905966828 0
212 0.7704032342274268 0.0261132456478609 0
213 0.7674342502842773 0.02615764474310601 0
214 0.7641380285650622 0.02620122163288361 0
215 0.7604783920292112 0.02624397631719371 0
216 0.7564158748142842 0.0262826199741663 0
217 0.751906077825036 0.02630975275459386 0
218 0.746899668733417 0.02631633039833388 0
219 0.7413423819785716 0.02631633039833388 0
220 0.7351733743559047 0.02631633039833388 0
221 0.7283244028116136 0.02631633039833388 0
222 0.7207222910590908 0.02631633039833388 0
223 0.7136579016823145 0.02631633039833388 0
224 0.7070942354352467 0.02631633039833388 0
225 0.7009951152773175 0.02631633039833388 0
226 0.6953284751952943 0.02631633039833388 0
227 0.6900630713814121 0.02631633039833388 0
228 0.6851709488497756 0.02631633039833388 0
229 0.6806249748199574 0.02631633039833388 0
230 0.6764004831279327 0.02631633039833388 0
231 0.6724760964315459 0.02631633039833387 0
232 0.6688287929777075 0.02631633039833388 0
233 0.665440484246132 0.02631633039833388 0
234 0.6622922595110672 0.02631633039833388 0
235 0.6593668524576953 0.02631633039833388 0
236 0.6566486411821341 0.02631633039833388 0
237 0.654122825985968 0.02631633039833388 0
238 0.6517754293762502 0.02631633039833388 0
239 0.6495949404764351 0.02631633039833388 0
240 0.6475690262045104 0.02631633039833388 0
241 0.6456861756839309 0.02631633039833388 0
242 0.6456861756839309 0.02443347987775449 0
243 0.6456861756839309 0.02241825427690729 0
244 0.6456861756839309 0.02026160933564976 0
245 0.6456861756839311 0.01795285638290437 0
246 0.6456861756839309 0.01548130674759361 0
247 0.6456861756839309 0.01283544955317244 0
248 0.6456861756839309 0.01000377392309583 0
249 0.6456861756839309 0.006973124569883764 0
250 0.6456861756839309 0.004097872050029558 0
251 0.6456861756839309 0.001371438719793199 0
252 0.6456861756839311 -0.001214397475500333 0
253 0.6456861756839309 -0.003667036385058554 0
254 0.6456861756839309 -0.00599387785808898 0
255 0.6456861756839309 -0.008200677332864127 0
256 0.6456861756839311 -0.01029319024765651 0
257 0.6456861756839309 -0.01227799424620614 0
258 0.6456861756839309 -0.01416084476678553 0
259 0.6438353911765842 -0.01450617106313633 0
260 0.6416927237282741 -0.01490494071487476 0
261 0.6392129520382883 -0.01536619798214334 0
262 0.6363418105457718 -0.01590063153601958 0
263 0.6330184560461289 -0.01651728563664602 0
264 0.6291713566636874 -0.01723095998243769 0
265 0.6247191140571645 -0.01805892088821212 0
266 0.6195647079813951 -0.01901925687425436 0
267 0.613598785109201 -0.02012676763897944 0
268 0.606688970360315 -0.02139131964799739 0
269 0.5986856223396513 -0.02283182362706075 0
270 0.5894210111318396 -0.02450007852062214 0
271 0.5786895853700047 -0.02639279550681155 0
272 0.5662504388521683 -0.02846310887398139 0
273 0.5518256661303146 -0.03069950774558661 0
274 0.5351036513322605 -0.03319736795585743 0
275 0.5157152242030978 -0.03582595883546106 0
276 0.4932246158450503 -0.0383328633058744 0
277 0.4671212366627995 -0.04083730115988524 0
278 0.4368542089931189 -0.04284348250058993 0
279 0.4017608352292021 -0.04435798497172846 0
280 0.3611134635323098 -0.04470660008994927 0
281 0.3261434205885181 -0.04436374041000097 0
282 0.296078655463843 -0.04365582150248182 0
283 0.2702301599765177 -0.04238304743878885 0
284 0.248015812655551 -0.04109629588214835 0
285 0.2289176240564164 -0.03972403495688765 0
286 0.2125047585141431 -0.03833121889493941 0
287 0.1984055791574203 -0.03700993470866382 0
288 0.186291203799247 -0.0357577157816584 0
289 0.1758771493478677 -0.03455647359363809 0
290 0.1669274428341093 -0.0334415629797055 0
291 0.1592373550965639 -0.03242778363827564 0
292 0.1526284675487835 -0.03151842439121851 0
293 0.1469494943847477 -0.03071101862213163 0
294 0.1420688827296564 -0.02999405545446996 0
295 0.1378764570508641 -0.02932889123126091 0
296 0.1342751971032057 -0.0287237480071795 0
297 0.131179593518061 -0.02818520342596574 0
298 0.1285197588306922 -0.02771243528215214 0
299 0.1262332054255694 -0.02729804372653117 0
300 0.1242681343582399 -0.02693051788255781 0
301 0.1225793243279909 -0.02660656892836206 0
302 0.12112813167785 -0.0263229080420739 0
303 0.1198800237781821 -0.02607624640182332 0
304 0.1188062234376246 -0.02586082856933782 0
305 0.1178837089030875 -0.02567501013368239 0
306 0.1168485522195025 -0.02550070257457198 0
307 0.1158471059600852 -0.02525650755072391 0
308 0.114881836741238 -0.02494818050041069 0
309 0.1139552111793633 -0.02458312127283984 0
310 0.1130713403017987 -0.02416708530628387 0
311 0.1122326907249468 -0.02370747244995029 0
312 0.1114417290652099 -0.02321332696398164 0
313 0.1107033885553932 -0.02269122649211792 0
314 0.1100061583189516 -0.02211568266486658 0
315 0.109317150137185 -0.02140365273000992 0
316 0.1086577413522484 -0.020579802851573 0
317 0.108054242539102 -0.01967619904278839 0
318 0.1075329642727058 -0.01872901834422618 0
319 0.1071226837444223 -0.01777443779645646 0
320 0.1068044902284991 -0.01681163519401171 0
321 0.1065117850820684 -0.01578470056510181 0
322 0.1062988338659854 -0.01473803300497187 0
323 0.1062199021411052 -0.01370452073232196 0
324 0.1062560791816753 -0.01268251933621708 0
325 0.1063506328104381 -0.01165887352917719 0
326 0.1064904077399134 -0.01064016095494232 0
327 0.1066638930935563 -0.009633781462719969 0
328 0.1068587557893542 -0.008646312696250167 0
329 0.1070643071562297 -0.007685154504740424 0
330 0.1073430348097129 -0.006746195860853235 0
331 0.1077105606536862 -0.005827792353653593 0
332 0.1081233077983722 -0.004931588394076502 0
333 0.1085409881758631 -0.00406005059852447 0
334 0.1089808681009767 -0.003210712350594988 0
335 0.1094536362447903 -0.002381929239353055 0
336 0.109956003785434 -0.001572879059331169 0
337 0.1104855041065052 -0.0007860284269318333 0
338 0.111037203975199 -1.726631481754027e-05 0
339 0.1116538580758254 0.0008032947417493736 0
340 0.1123453328739945 0.001678943564638916 0
341 0.1131198504243813 0.002608035742916083 0
342 0.1139889216035309 0.003589749071113373 0
343 0.1149739237535982 0.004629016782035796 0
344 0.1160871899565958 0.005726661081150857 0
345 0.1173328312398612 0.006881859762991052 0
346 0.1187174252471344 0.008094612827556379 0
347 0.1202705713752455 0.009367386891249349 0
348 0.1220029582952721 0.01070100415953746 0
349 0.1239203414454865 0.01209628683788821 0
350 0.126057253455524 0.0135491238989641 0
351 0.128424382996462 0.01505787093183012 0
352 0.1310480406432606 0.01662581675835628 0
353 0.1339463149162049 0.01825131696760757 0
354 0.1371471608011899 0.01993026053224648 0
355 0.1406785332841106 0.02165771421946801 0
356 0.1445683873508622 0.02343532244020716 0
357 0.1488496112201447 0.0252507521124514 0
358 0.1535575597270607 0.02710646985260322 0
359 0.1587275877067127 0.02899014257865011 0
360 0.1644032720488784 0.03088861500311205 0
361 0.1706265452324005 0.03280682035879402 0
362 0.1774459173798613 0.03471433704339847 0
363 0.1849131874357138 0.03660623182412038 0
364 0.1931007094810979 0.03839863974327456 0
365 0.2021104369939839 0.03972896818969267 0
366 0.2119670361383969 0.04079125765370514 0
367 0.2227025729275695 0.04179845935139499 0
368 0.2343852904153042 0.04282950500764239 0
369 0.2470998757647538 0.0438597284584223 0
370 0.2609367715773436 0.04488419647092969 0
371 0.2759962869201087 0.04588646493581452 0
372 0.2923844862983569 0.04685337856559678 0
373 0.3102164784775386 0.04779151500401647 0
374 0.3296188830996489 0.04865071971755597 0
375 0.3507314750941631 0.0494367481444878 0
376 0.3737014292397641 0.05008957928568433 0
377 0.3986915422190174 0.05058701359352298 0
378 0.4258777660019683 0.05086163021966863 0
379 0.4554500300516098 0.05086163021966863 0
380 0.4826905193954157 0.05061003534661304 0
381 0.5077817636471718 0.05011671206611189 0
382 0.5308898483113133 0.04946799195225288 0
383 0.5521726368376003 0.04867703029251604 0
384 0.571770726360976 0.04781289234617152 0
385 0.5898189585781106 0.04686817826401182 0
386 0.6064373754872594 0.04588810934674953 0
387 0.6217402636484051 0.04487268559438467 0
388 0.635831220950453 0.04384246214360476 0
389 0.6488056232276332 0.04283197162404491 0
390 0.6607514464649685 0.04181161463887503 0
391 0.6717500890037417 0.04081016837945768 0
392 0.6818771937469629 0.03983256607859791 0
393 0.6912010037484346 0.0388837409691007 0
394 0.6997856510346222 0.03796615966736856 0
395 0.7076895121937181 0.03708393320073899 0
396 0.7149676749920451 0.03623952818561452 0
397 0.7216686495521857 0.03543294462199514 0
398 0.7278384793803201 0.03466582692081585 0
399 0.7335190969552908 0.03393735287660916 0
400 0.738749968139538 0.03324752248937505 0
401 0.7435664477681642 0.03259551355364602 0
402 0.7480022462653371 0.0319821482748896 0
403 0.7520861408224191 0.03140742665310575 0
404 0.7558477308362404 0.030870526482827 0
405 0.7593116824708259 0.03036651453124833 0
406 0.7625018396847335 0.02989210197649972 0
407 0.7654379354091827 0.02944482220217867 0
408 0.7681405247808616 0.02902220859188269 0
409 0.7706285185255224 0.02862343894014426 0
410 0.7729200051634501 0.02824769104149588 0
411 0.7750297843930601 0.02789496489593756 0
412 0.7769718337072998 0.02756526050346929 0
413 0.7787609528045838 0.02725611124768857 0
414 0.7804078303559904 0.0269675171285954 0
415 0.7819247994435312 0.02669947814618977 0
416 0.783321726532817 0.02644870547860169 0
417 0.7846084780894576 0.02621684353676615 0
418 0.7857932761681279 0.02600060349881314 0
419 0.7868843428235026 0.02579998536474267 0
420 0.7878890779047901 0.02561416692908724 0
421 0.9979017316469351 -0.1198767349563121 0
422 0.9976287594317245 -0.1196481618363466 0
423 0.9973163213540736 -0.1194771430991062 0
424 0.9969997722490855 -0.1192699473212957 0
425 0.9966832231440972 -0.1190109525990326 0
426 0.9963494077242914 -0.1187215362744719 0
427 0.9959810596748505 -0.1184230756897687 0
428 0.995588867666852 -0.1180983045301055 0
429 0.9951752983166988 -0.1177390007408071 0
430 0.9947321295697151 -0.1173500975546787 0
431 0.9942560726040315 -0.1169315949717202 0
432 0.9937421941868428 -0.1164843151973992 0
433 0.9931880277017466 -0.1160041472043781 0
434 0.9925902843268727 -0.1154902687871894 0
435 0.9919464974458188 -0.1149385689184956 0
436 0.9912525560312471 -0.1143465809818942 0
437 0.9905051712612878 -0.1137118383609827 0
438 0.9896977654922008 -0.1130318744393586 0
439 0.9888270499021163 -0.1123050448060869 0
440 0.9878872690527618 -0.1115264162283626 0
441 0.9868734897113318 -0.1106943442952507 0
442 0.9857783120286192 -0.1098038957739461 0
443 0.9845935139499489 -0.1088542484589814 0
444 0.983314162242516 -0.1078404691175515 0
445 0.9819320348516454 -0.1067576245168515 0
446 0.9804405541335968 -0.1055991370131413 0
447 0.9788306758282281 -0.1043608955790834 0
448 0.9770933556753965 -0.1030371447764053 0
449 0.9752162605930895 -0.101624595783237 0
450 0.9731895241156975 -0.1001166709558385 0
451 0.9709999909557399 -0.09850679265046976 0
452 0.9686402612640094 -0.09678262778511823 0
453 0.9660963575475582 -0.09493677651057643 0
454 0.9633493690806344 -0.09296677221044183 0
455 0.9603795629320174 -0.09086932606284445 0
456 0.95716638396502 -0.08864197145138175 0
457 0.9536892770429545 -0.08627730852684623 0
458 0.9499227537963281 -0.0837728706728354 0
459 0.9458339260064411 -0.08113770214949174 0
460 0.9414038829475408 -0.07835618105293275 0
461 0.936598091989992 -0.07542995179409344 0
462 0.9313811982986924 -0.07236394760577879 0
463 0.9257194914494742 -0.0691540574606513 0
464 0.9195866608673773 -0.06578054842749093 0
465 0.9129555737719743 -0.06221793213680512 0
466 0.9057571649039952 -0.05851142988930647 0
467 0.8979692347158169 -0.05461664258974989 0
468 0.8906228288636875 -0.05105402629906408 0
469 0.8836760148687636 -0.04783591409926157 0
470 0.8771370147857208 -0.04487268559438466 0
471 0.8709704737794565 -0.04217256283910836 0
472 0.8651763918499705 -0.03966812498509752 0
473 0.8597301028332377 -0.03735114997767712 0
474 0.8545987185105581 -0.03523561530979468 0
475 0.8497740168272571 -0.03328698835181514 0
476 0.8452428424958538 -0.03147566970690841 0
477 0.8409871069960639 -0.02979343732039949 0
478 0.8369829663693297 -0.02825262427430089 0
479 0.8332213763555084 -0.02682445337725007 0
480 0.8296916482835225 -0.02549330272536446 0
481 0.8263781602494898 -0.02425506129130657 0
482 0.8232669347604626 -0.02310479584227139 0
483 0.8203439943234934 -0.02204250637825891 0
484 0.8176002946784395 -0.02105421540632161 0
485 0.8150292581815608 -0.02012101220070693 0
486 0.8126218405727154 -0.01923878573407737 0
487 0.810370642002695 -0.0183943807189529 0
488 0.8082649738004226 -0.01758697494986602 0
489 0.8063064803768329 -0.01679354667372667 0
490 0.8044902284991213 -0.01599765178118481 0
491 0.8027989518524697 -0.01522642305266802 0
492 0.8012564943954364 -0.01441326184530862 0
493 0.7998521674569429 -0.01357872329579417 0
494 0.79856623810577 -0.01274418474627972 0
495 0.7973814400270998 -0.01192937912798532 0
496 0.7963232615904248 -0.01109648498940588 0
497 0.7953703254535901 -0.01026687967269645 0
498 0.7945061875072457 -0.009455362876272053 0
499 0.7937234479021837 -0.008666867832937715 0
500 0.7930155289946647 -0.007903038953628434 0
501 0.7923766753464155 -0.007163876238344209 0
502 0.7917961982863593 -0.006455135125357556 0
503 0.791266697965288 -0.005778460025603478 0
504 0.7907873521777344 -0.00513220652814697 0
505 0.7903532276908934 -0.004513085811118026 0
506 0.7899602134774274 -0.003924386696386653 0
507 0.789577887935039 -0.003328287732447763 0
508 0.7892037844473258 -0.002712455837288826 0
509 0.7888395474252223 -0.002076068805442342 0
510 0.7884892878960665 -0.001416660020505804 0
511 0.7881587612981308 -0.0007334072770117106 0
512 0.7878504342478175 -2.466616402505753e-05 0
513 0.7875643067451269 0.0007087411129866531 0
514 0.7873151784884738 0.001468458964958425 0
515 0.7871022272723907 0.002256131802825262 0
516 0.7869312085351503 0.003067648599249655 0
517 0.7868202107970377 0.003903009354231604 0
518 0.7867618342088449 0.004731792465473536 0
519 0.7867807449345975 0.005549064700170443 0
520 0.7868308994681151 0.006350715030984813 0
521 0.7869410750007604 0.007135099046981642 0
522 0.7870841387521057 0.007900572337225928 0
523 0.7872650239549561 0.008646312696250167 0
524 0.7874853750202468 0.009367386891249349 0
525 0.7877509473862497 0.01006215051128847 0
526 0.7880609188474981 0.01072238150169251 0
527 0.7884202226367965 0.01134807986246147 0
528 0.7888091258229247 0.01194006779906285 0
529 0.7892325616386883 0.01250656736617167 0
530 0.7897045075770344 0.01306731149500798 0
531 0.7902142749668856 0.01362147798010427 0
532 0.7907717302738518 0.01416495579412304 0
533 0.7913768734979332 0.01469198949879177 0
534 0.7920329934609996 0.01519600145037044 0
535 0.7927433789849215 0.01567123621058655 0
536 0.7935063856587631 0.01611193834116758 0
537 0.7943203690715901 0.01651646343117853 0
538 0.7951845070179346 0.01688152265874937 0
539 0.7960987994977968 0.01720218279107512 0
540 0.7970583132783715 0.01747762162268826 0
541 0.7980622261541913 0.01770455033171879 0
542 0.7991105381252565 0.01788296891816671 0
543 0.8001983159587613 0.01802109943670703 0
544 0.8013263818601741 0.01810907542172974 0
545 0.8024922692130917 0.01815183010603984 0
546 0.8036968002229818 0.01816580759898737 0
547 0.8049391526843774 0.0181370304076248 0
548 0.8062193265972778 0.01807372058662715 0
549 0.8075373219616834 0.01796847828678691 0
550 0.8088939609830617 0.01782212571357157 0
551 0.8102900658668799 0.01763712948338364 0
552 0.8117248144076706 0.01741431180169062 0
553 0.8131998510163692 0.01715120605209 0
554 0.8147159978984427 0.01684616782364679 0
555 0.8162732550538913 0.01650001932182849 0
556 0.8178724446881825 0.01611276054663508 0
557 0.8195143890067837 0.01568192488166407 0
558 0.8212015546260978 0.01521080114878547 0
559 0.8229347637515918 0.01469610052612928 0
560 0.8247131941777985 0.01413700080822797 0
561 0.8265393125211203 0.01353185758414656 0
562 0.8284139409870247 0.01287984864841754 0
563 0.8303403683973817 0.01218344061744342 0
564 0.8323185947521913 0.01144263349122419 0
565 0.8343502644623886 0.01065249403695485 0
566 0.8364353775279734 0.009808911227297878 0
567 0.8385747561544135 0.008910240651318282 0
568 0.8407700447526434 0.00795730451448356 0
569 0.8430245321445337 0.006947636200391204 0
570 0.8453373961246168 0.00587794688717121 0
571 0.8477094588983597 0.004743303342018563 0
572 0.8501415426712303 0.003542883359465763 0
573 0.8526369362650987 0.002275042528577806 0
574 0.8551956396799647 0.0009373142329521862 0
575 0.8578217639431658 -0.000469479321943595 0
576 0.8605177756711045 -0.001945338136109537 0
577 0.8632861414801836 -0.003492728825948146 0
578 0.866126039164935 -0.005116584624264434 0
579 0.8690391131362944 -0.006821838763863412 0
580 0.8720270078051964 -0.008610135655680083 0
581 0.8750905453771086 -0.01048887514892196 0
582 0.8782330146739009 -0.01245559062718655 0
583 0.8814560601065083 -0.01451521532327885 0
584 0.8847613260858662 -0.01667021585360138 0
585 0.8881488126119739 -0.01892881427282915 0
586 0.8916201640957672 -0.02129347719736466 0
587 0.8951745583317779 -0.02377160447641544 0
588 0.8988103509090714 -0.02637470698652652 0
589 0.9025258974167126 -0.02910854016597039 0
590 0.9063335309367139 -0.03196405975460456 0
591 0.9102340736745431 -0.03494702119070151 0
592 0.9139627754696643 -0.03786091736752831 0
593 0.9175401914587651 -0.0406876597647999 0
594 0.9209786547238582 -0.04342395956064628 0
595 0.9242830984977484 -0.04607146116600246 0
596 0.9274601004241757 -0.04863180899180343 0
597 0.9305104827086078 -0.05111322509272422 0
598 0.9334408229947846 -0.05351406505782982 0
599 0.9362618099537839 -0.05583268447618522 0
600 0.938973443585605 -0.05807401658059545 0
601 0.9415732572738462 -0.06025121665854053 0
602 0.9440653620458445 -0.06236428471002046 0
603 0.9464588021617426 -0.06440993191316523 0
604 0.9487568664434104 -0.06638980267890984 0
605 0.9509628437127182 -0.06830800803459182 0
606 0.953080844997003 -0.07016701459661366 0
607 0.9551141591181355 -0.07196600015950785 0
608 0.9570693637198548 -0.07370332031233941 0
609 0.9589513920349667 -0.07538061946604331 0
610 0.9607602440634709 -0.0770028308534246 0
611 0.9624959198053676 -0.07857406550182076 0
612 0.9641625302879937 -0.08009432341123181 0
613 0.9657617199222852 -0.08156689340352774 0
614 0.9672943109137087 -0.08299506430057858 0
615 0.9687627698786672 -0.0843804805133193 0
616 0.9701728522554328 -0.08572067542534743 0
617 0.9715270246604085 -0.08701647124213045 0
618 0.9728285759154642 -0.08826951237460337 0
619 0.9740783282260669 -0.0894806210282337 0
620 0.9752795704140872 -0.09065226381942394 0
621 0.97643394689046 -0.09178361854270657 0
622 0.9775431020661201 -0.09287632960901662 0
623 0.97860950255747 -0.09393286363475659 0
624 0.9796339705699775 -0.09495404282539398 0
625 0.9806173283091097 -0.09594151159186377 0
626 0.9815653312131395 -0.096893625523231 0
627 0.982478801487534 -0.09781038461949564 0
628 0.9833602057486962 -0.09869343329159269 0
629 0.9842103662020931 -0.09954277153952217 0
630 0.9850284606422576 -0.1003625103906216 0
631 0.9858169556855918 -0.1011526498448909 0
632 0.9865758513320962 -0.1019148343132652 0
633 0.9873059697872379 -0.1026498860012119 0
634 0.9880114220783546 -0.1033569827032636 0
635 0.9886913859999785 -0.1040377688303552 0
636 0.9893475059630451 -0.1046930665879542 0
637 0.9899814263784891 -0.1053236981815281 0
638 0.9905915028353753 -0.1059321302274796 0
639 0.9911785575391718 -0.1065183627258084 0
640 0.9917425904898782 -0.1070848622929173 0
641 0.9922852460984294 -0.1076324511342735 0
642 0.9928073465702933 -0.1081603070444098 0
643 0.9933130029328069 -0.108666785612391 0
644 0.9938005707750355 -0.1091543534546196 0
645 0.9942716945079141 -0.1096221883656282 0
646 0.9947280185423774 -0.1100727569618192 0
647 0.9951662540565563 -0.1105068814486602 0
648 0.9955872232559172 -0.1109270284425537 0
649 0.9959925705513956 -0.1113315535325647 0
650 0.9963822959429914 -0.1117229233350956 0
651 0.9967580438416399 -0.1120994934392115 0
652 0.9971206364528082 -0.1124620860503798 0
653 0.9974700737764967 -0.1128115233740681 0
654 0.9978071780181723 -0.1131478054102764 0
655 0.9981327713833029 -0.1134717543644722 0
656 0.9984443872554862 -0.1137850146475904 0
657 0.9987412034292544 -0.1140900528760336 0
658 0.999027330931945 -0.1143852246388668 0
659 0.9993109918182331 -0.1146631300868824 0
660 0.9995806752115739 -0.1149328134802231 0
661 0.9998076039206046 -0.1152181187774462 0
662 1 -0.1155174015676169 0
663 -1 -1.5 0
664 3 -1.5 0
665 3 1.5 0
666 -1 1.5 0
667 0.02619752170827606 -0.04427247560311181 0
668 0.02941440059987501 -0.04129691401622438 0
669 0.03292357353517329 -0.03811662326792679 0
670 0.03675381770553332 -0.03472214799534293 0
671 0.04094213235698883 -0.03110978827387254 0
672 0.04513784685764963 -0.02757307145541423 0
673 0.04898494624009141 -0.02438743637157775 0
674 0.05250480784647055 -0.02150930613258446 0
675 0.7584471334217477 0.02626329814568001 0
676 0.7541609763196384 0.02629618636438021 0
677 0.7494028732792265 0.02631304157646387 0
678 0.7441210253559942 0.02631633039833388 0
679 0.7382578781672599 0.02631633039833388 0
680 0.7317488885837592 0.02631633039833388 0
681 0.7245233469353523 0.02631633039833388 0
682 0.7171900963707026 0.02631633039833388 0
683 0.7103760685588023 0.02631633039833388 0
684 0.7040446753563038 0.02631633039833388 0
685 0.6981617952363058 0.02631633039833388 0
686 0.6926957732883748 0.02631633039833388 0
687 0.6876170101155938 0.02631633039833388 0
688 0.6828979618348665 0.02631633039833388 0
689 0.6785127289739451 0.02631633039833388 0
690 0.6269452353604471 -0.01764494043532096 0
691 0.6221419110193009 -0.01853908888122929 0
692 0.6165817465452983 -0.01957301225661686 0
693 0.6101438777348003 -0.02075904364348067 0
694 0.6040211876867677 -0.02187148764101721 0
695 0.6013534050131993 -0.02235165563404081 0
696 0.5955974186035669 -0.02338790859160773 0
697 0.5925092148679246 -0.02394399355607508 0
698 0.5858438692112352 -0.025130984182684 0
699 0.5822667272906096 -0.02576188984474961 0
700 0.5755797987405668 -0.02691037384860049 0
701 0.5724700121110866 -0.02742795219039645 0
702 0.5693602254816065 -0.02794553053219241 0
703 0.5626442456716838 -0.02902220859188596 0
704 0.5590380524912628 -0.02958130830978069 0
705 0.5554318593107993 -0.03014040802768201 0
706 0.5484812631707123 -0.03119907978763949 0
707 0.5451368602111103 -0.03169865182969234 0
708 0.541792457251508 -0.03219822387174524 0
709 0.5384480542918636 -0.03269779591380442 0
710 0.5312259659064581 -0.03372308613177406 0
711 0.5273482804805105 -0.03424880430771039 0
712 0.523470595054891 -0.03477452248360223 0
713 0.5195929096289434 -0.03530024065953856 0
714 0.5119667894767992 -0.03624377624719186 0
715 0.5082183547505013 -0.03666159365892259 0
716 0.5044699200241601 -0.03707941107065813 0
717 0.5007214852978187 -0.03749722848239371 0
718 0.496973050571406 -0.03791504589413723 0
719 0.4894955616761741 -0.03869064014216005 0
720 0.4857665075072934 -0.03904841697844613 0
721 0.4820374533384312 -0.03940619381473045 0
722 0.4783083991695262 -0.03976397065101886 0
723 0.4745793450005993 -0.04012174748730939 0
724 0.4708502908316974 -0.04047952432359751 0
725 0.4633378582041003 -0.04108807382747261 0
726 0.4595544797454012 -0.04133884649505996 0
727 0.4557711012867018 -0.04158961916264734 0
728 0.4519877228280026 -0.04184039183023471 0
729 0.4482043443692817 -0.04209116449782352 0
730 0.4444209659105607 -0.04234193716541233 0
731 0.4406375874518398 -0.04259270983300113 0
732 0.432954945241575 -0.04301176055293855 0
733 0.4290556814900467 -0.0431800386052865 0
734 0.4251564177385268 -0.04334831665763408 0
735 0.4212571539869962 -0.04351659470998213 0
736 0.4173578902354547 -0.04368487276233065 0
737 0.4134586264838807 -0.04385315081468057 0
738 0.4095593627323392 -0.04402142886702909 0
739 0.4056600989807677 -0.0441897069193789 0
740 0.3980656196204134 -0.04438967725520291 0
741 0.3943704040116247 -0.04442136953867735 0
742 0.3906751884027809 -0.04445306182215228 0
743 0.3869799727939823 -0.04448475410562681 0
744 0.3832847571851936 -0.04451644638910127 0
745 0.379589541576405 -0.04454813867257572 0
746 0.3758943259675946 -0.04457983095605035 0
747 0.3721991103587743 -0.04461152323952507 0
748 0.3685038947499384 -0.04464321552299993 0
749 0.3648086791411201 -0.04467490780647464 0
750 0.3572279032052001 -0.0446685045699548 0
751 0.3533423428781339 -0.04463040904996076 0
752 0.3494567825510929 -0.04459231352996696 0
753 0.3455712222240145 -0.0445542180099728 0
754 0.3416856618969218 -0.0445161224899785 0
755 0.3378001015698218 -0.04447802696998412 0
756 0.3339145412427313 -0.04443993144998985 0
757 0.3300289809156278 -0.04440183592999544 0
758 0.3223853249479337 -0.04427525054656108 0
759 0.3186272293073602 -0.04418676068312144 0
760 0.3148691336667866 -0.0440982708196818 0
761 0.3111110380261914 -0.04400978095624165 0
762 0.3073529423856179 -0.04392129109280201 0
763 0.3035948467450227 -0.04383280122936186 0
764 0.2998367511044058 -0.0437443113659212 0
765 0.2923860132513758 -0.04347399663624035 0
766 0.2886933710388991 -0.04329217176999842 0
767 0.2850007288264613 -0.0431103469037584 0
768 0.2813080866139863 -0.04292852203751655 0
769 0.277615444401505 -0.04274669717127439 0
770 0.2739228021890067 -0.04256487230503139 0
771 0.2665277687563511 -0.04216858884601512 0
772 0.2628253775362063 -0.04195413025324265 0
773 0.2591229863160614 -0.04173967166047017 0
774 0.2554205950958947 -0.04152521306769642 0
775 0.2517182038757318 -0.04131075447492291 0
776 0.244196174935749 -0.040821843697098 0
777 0.2403765372159347 -0.04054739151204678 0
778 0.2365568994960974 -0.04027293932699388 0
779 0.2327372617762594 -0.03999848714194094 0
780 0.2256350509479833 -0.03944547174449983 0
781 0.2223524778395233 -0.03916690853210972 0
782 0.2190699047310901 -0.0388883453197219 0
783 0.215787331622587 -0.03860978210732814 0
784 0.208979963674952 -0.03800089784836953 0
785 0.2054551688357875 -0.03767057680180216 0
786 0.2019303739966173 -0.03734025575523425 0
787 0.195376985317857 -0.0366968799769104 0
788 0.1923483914783338 -0.03638382524516113 0
789 0.1893197976388211 -0.03607077051341293 0
790 0.1828198523154697 -0.03535730171898678 0
791 0.1793485008316943 -0.03495688765631539 0
792 0.172893913843283 -0.0341848367223274 0
793 0.1699106783386979 -0.03381319985101666 0
794 0.1630823989653474 -0.032934673308992 0
795 0.155932911322679 -0.03197310401474781 0
796 0.149788980966771 -0.03111472150667584 0
797 0.1445091885572075 -0.0303525370383016 0
798 0.1399726698902709 -0.02966147334286713 0
799 0.1426234603174806 0.02254651832983495 0
800 0.1467089992854989 0.02434303727632733 0
801 0.1512035854736018 0.02617861098252694 0
802 0.1561425737168769 0.0280483062156231 0
803 0.1615654298777943 0.02993937879088067 0
804 0.1675149086406387 0.0318477176809528 0
805 0.1740362313061302 0.03376057870109605 0
806 0.1811795524077828 0.03566028443375822 0
807 0.1876423614508493 0.03720370113050674 0
808 0.1903715354659618 0.03780117043688807 0
809 0.1961039519853804 0.03884208255874536 0
810 0.1991071944896904 0.03928552537422023 0
811 0.2053959700421018 0.0400830646776947 0
812 0.208681503090268 0.04043716116570192 0
813 0.2155455484014561 0.04112699155293525 0
814 0.2191240606645102 0.04146272545216487 0
815 0.2265968120901423 0.04214214123681032 0
816 0.2304910512527099 0.04248582312222517 0
817 0.2375639367526206 0.04308706087033364 0
818 0.2407425830900178 0.04334461673303144 0
819 0.2439212294274047 0.0436021725957284 0
820 0.2505590997178931 0.04411584546154854 0
821 0.2540183236710216 0.04437196246467399 0
822 0.2574775476241935 0.04462807946780264 0
823 0.2647016504130241 0.04513476358715018 0
824 0.2684665292487153 0.04538533070337139 0
825 0.272231408084385 0.04563589781959115 0
826 0.2792739267954818 0.04607984766175466 0
827 0.2825515666708546 0.04627323038769477 0
828 0.2858292065465045 0.04646661311365124 0
829 0.2891068464224306 0.046659995839624 0
830 0.2959508847341805 0.04704100585328005 0
831 0.2995172831700252 0.04722863314096443 0
832 0.3030836816058698 0.0474162604286488 0
833 0.306650080041715 0.0476038877163332 0
834 0.314096959401965 0.04796335594672456 0
835 0.3179774403263698 0.04813519688943169 0
836 0.3218579212507743 0.04830703783213882 0
837 0.3257384021752009 0.04847887877484692 0
838 0.3331376484320462 0.04878172445537713 0
839 0.3366564137644761 0.04891272919319951 0
840 0.3401751790968734 0.04904373393102067 0
841 0.3436939444292925 0.04917473866884264 0
842 0.3472127097617441 0.04930574340666583 0
843 0.3545598007851073 0.04954555333468753 0
844 0.3583881264760482 0.04965435852488716 0
845 0.3622164521669203 0.04976316371508484 0
846 0.3660447778578357 0.04987196890528375 0
847 0.3698731035487982 0.04998077409548399 0
848 0.3772714453796946 0.05016064132966202 0
849 0.3808414615196251 0.05023170337363971 0
850 0.3844114776595555 0.0503027654176174 0
851 0.387981493799226 0.05037382746158992 0
852 0.3915515099391564 0.0504448895055676 0
853 0.395121526079087 0.05051595154954529 0
854 0.4025752884737092 0.05062624454011506 0
855 0.4064590347284072 0.0506654754867072 0
856 0.4103427809831021 0.05070470643329931 0
857 0.414226527237797 0.05074393737989142 0
858 0.4181102734925352 0.05078316832648397 0
859 0.4219940197472332 0.05082239927307611 0
860 0.4295742990081491 0.05086163021966863 0
861 0.4332708320143733 0.05086163021966863 0
862 0.4369673650205432 0.05086163021966863 0
863 0.4406638980267457 0.05086163021966863 0
864 0.4443604310329698 0.05086163021966863 0
865 0.4480569640391615 0.05086163021966863 0
866 0.4517534970453965 0.05086163021966863 0
867 0.4593415285292917 0.05082568809494645 0
868 0.4632330270069628 0.05078974597022436 0
869 0.4671245254846462 0.05075380384550216 0
870 0.4710160239623359 0.0507178617207799 0
871 0.474907522440041 0.05068191959605751 0
872 0.4787990209177121 0.05064597747133542 0
873 0.4862749828599476 0.05053956059225582 0
874 0.4898594463244688 0.05046908583789882 0
875 0.4934439097889898 0.05039861108354182 0
876 0.4970283732535326 0.05032813632918439 0
877 0.5006128367181172 0.05025766157482614 0
878 0.5041973001826444 0.05018718682046901 0
879 0.511633111091188 0.05000859204713559 0
880 0.5154844585351973 0.04990047202815949 0
881 0.5193358059791991 0.0497923520091836 0
882 0.523187153423201 0.04968423199020771 0
883 0.5270385008672536 0.04957611197123039 0
884 0.5344369797323395 0.04933616500896421 0
885 0.5379841111533874 0.04920433806567473 0
886 0.5415312425743919 0.04907251112238687 0
887 0.5450783739954397 0.0489406841790974 0
888 0.5486255054165308 0.04880885723580632 0
889 0.5560922547422709 0.04850420270324734 0
890 0.5600118726469634 0.04833137511397767 0
891 0.5639314905516127 0.0481585475247099 0
892 0.5678511084562621 0.04798571993544214 0
893 0.5753803728044028 0.04762394952973958 0
894 0.5789900192477865 0.04743500671330991 0
895 0.5825996656912569 0.0472460638968757 0
896 0.5862093121346406 0.04705712108044602 0
897 0.5931426419599486 0.04667216448055888 0
898 0.5964663253417871 0.0464761506971059 0
899 0.5997900087235825 0.04628013691365547 0
900 0.6031136921054214 0.04608412313020247 0
901 0.6102630975275458 0.04563425340865832 0
902 0.614088819567832 0.04538039747056711 0
903 0.6179145416081187 0.04512654153247588 0
904 0.6252630029739168 0.04461512973168971 0
905 0.6287857422994503 0.04435757386899316 0
906 0.6323084816249408 0.04410001800629975 0
907 0.6390748215197484 0.04358983951371477 0
908 0.6423184220890432 0.04333721688382482 0
909 0.645562022658338 0.04308459425393489 0
910 0.6527875643067149 0.04249185262899086 0
911 0.6567695053858436 0.04215173363393278 0
912 0.6644176606445591 0.04147779921906929 0
913 0.6680838748241509 0.04114398379926345 0
914 0.6751257905848296 0.04048430094583639 0
915 0.6785014921658747 0.04015843351221923 0
916 0.6849851304141344 0.03951629104209739 0
917 0.688093067081306 0.03920001600559686 0
918 0.6940625528438233 0.03857788053519075 0
919 0.6969241019391905 0.0382720201012831 0
920 0.7037375816141699 0.03752504643405381 0
921 0.71132859359286 0.03666173069317925 0
922 0.718318162272094 0.0358362364038074 0
923 0.7247535644662526 0.03504938577140553 0
924 0.7306787881677838 0.03430158989871528 0
925 0.7361345325473931 0.03359243768299491 0
926 0.7411582079538296 0.03292151802151344 0
927 0.7457843470167718 0.03228883091426489 0
928 0.7500441935438568 0.03169478746400067 0
929 0.9554278305039872 -0.08745963998911399 0
930 0.9518060154196563 -0.08502508959985081 0
931 0.9478783399013999 -0.08245528641117345 0
932 0.9436189044769909 -0.07974694160121225 0
933 0.9390009874687518 -0.0768930664235042 0
934 0.9339896451443446 -0.0738969496999375 0
935 0.9285503448741489 -0.07075900253325226 0
936 0.9226530761584257 -0.06746730294407111 0
937 0.9162711173196949 -0.06399924028215828 0
938 0.9105561041493511 -0.06098243138765769 0
939 0.9081566345266228 -0.05974693063845617 0
940 0.9031611881746151 -0.05721316745612727 0
941 0.9005652114451992 -0.05591490502293017 0
942 0.8955204327651071 -0.05342910382618795 0
943 0.8930716308143983 -0.05224156506262653 0
944 0.887149421866227 -0.04944497019916354 0
945 0.8804065148272437 -0.04635429984682381 0
946 0.8740537442825906 -0.04352262421674738 0
947 0.8680734328147139 -0.04092034391210315 0
948 0.8624532473416046 -0.03850963748138753 0
949 0.8571644106718989 -0.03629338264373629 0
950 0.8521863676689094 -0.03426130183080568 0
951 0.8475084296615756 -0.03238132902936981 0
952 0.8431149747459776 -0.03063455351366137 0
953 0.8389850366826967 -0.02902303079735019 0
954 0.8864550693489192 -0.01779951506321464 0
955 0.8898844883538692 -0.02011114573509605 0
956 0.89339736121377 -0.02253254083688828 0
957 0.896992454620424 -0.02507315573147052 0
958 0.9006681241628767 -0.02774162357623715 0
959 0.9044297141767175 -0.03053629996029065 0
960 0.9082838023056246 -0.03345554047265004 0
961 0.9120984245721018 -0.03640396927911337 0
962 0.9157514834642141 -0.03927428856616358 0
963 0.9192594230912964 -0.04205580966271094 0
964 0.922630876610802 -0.04474771036332331 0
965 0.9258715994609608 -0.04735163507890187 0
966 0.9989508658234675 -0.1176970682619645 0
967 -0.8823529411767971 -1.5 0
968 -0.7647058823535942 -1.5 0
969 -0.6470588235303913 -1.5 0
970 -0.5294117647071884 -1.5 0
971 -0.4117647058839856 -1.5 0
972 -0.2941176470607827 -1.5 0
973 -0.1764705882375798 -1.5 0
974 -0.05882352941437696 -1.5 0
975 0.05882352940882574 -1.5 0
976 0.1764705882320285 -1.5 0
977 0.2941176470552314 -1.5 0
978 0.4117647058784344 -1.5 0
979 0.5294117647016374 -1.5 0
980 0.6470588235248402 -1.5 0
981 0.764705882348043 -1.5 0
982 0.8823529411712459 -1.5 0
983 0.9999999999944924 -1.5 0
984 1.117647058818305 -1.5 0
985 1.235294117642161 -1.5 0
986 1.352941176466017 -1.5 0
987 1.470588235289873 -1.5 0
988 1.588235294113729 -1.5 0
989 1.705882352937585 -1.5 0
990 1.823529411761442 -1.5 0
991 1.941176470585298 -1.5 0
992 2.058823529409154 -1.5 0
993 2.17647058823301 -1.5 0
994 2.294117647056866 -1.5 0
995 2.411764705880722 -1.5 0
996 2.529411764704578 -1.5 0
997 2.647058823528434 -1.5 0
998 2.76470588235229 -1.5 0
999 2.882352941176146 -1.5 0
1000 3 -1.380000000000444 0
1001 3 -1.260000000000889 0
1002 3 -1.140000000001333 0
1003 3 -1.020000000001778 0
1004 3 -0.9000000000022221 0
1005 3 -0.7800000000026666 0
1006 3 -0.660000000003111 0
1007 3 -0.5400000000035553 0
1008 3 -0.4200000000039992 0
1009 3 -0.3000000000044429 0
1010 3 -0.1800000000048869 0
1011 3 -0.0600000000053309 0
1012 3 0.05999999999466898 0
1013 3 0.1799999999951125 0
1014 3 0.2999999999955558 0
1015 3 0.4199999999959991 0
1016 3 0.5399999999964438 0
1017 3 0.659999999996888 0
1018 3 0.779999999997333 0
1019 3 0.8999999999977772 0
1020 3 1.019999999998221 0
1021 3 1.139999999998667 0
1022 3 1.259999999999111 0
1023 3 1.379999999999555 0
1024 2.882352941176144 1.5 0
1025 2.764705882352288 1.5 0
1026 2.647058823528432 1.5 0
1027 2.529411764704581 1.5 0
1028 2.4117647058817 1.5 0
1029 2.294117647059149 1.5 0
1030 2.1764705882366 1.5 0
1031 2.05882352941405 1.5 0
1032 1.941176470591173 1.5 0
1033 1.82352941176797 1.5 0
1034 1.705882352944768 1.5 0
1035 1.588235294121565 1.5 0
1036 1.470588235298362 1.5 0
1037 1.352941176475159 1.5 0
1038 1.235294117651956 1.5 0
1039 1.117647058828753 1.5 0
1040 1.000000000005507 1.5 0
1041 0.8823529411816944 1.5 0
1042 0.7647058823578381 1.5 0
1043 0.6470588235339823 1.5 0
1044 0.529411764710126 1.5 0
1045 0.4117647058862701 1.5 0
1046 0.2941176470624138 1.5 0
1047 0.176470588238558 1.5 0
1048 0.0588235294147017 1.5 0
1049 -0.05882352940915414 1.5 0
1050 -0.17647058823301 1.5 0
1051 -0.2941176470568663 1.5 0
1052 -0.4117647058807221 1.5 0
1053 -0.5294117647045784 1.5 0
1054 -0.6470588235284342 1.5 0
1055 -0.7647058823522905 1.5 0
1056 -0.882352941176145 1.5 0
1057 -1 1.380000000000444 0
1058 -1 1.260000000000889 0
1059 -1 1.140000000001333 0
1060 -1 1.020000000001778 0
1061 -1 0.9000000000022221 0
1062 -1 0.7800000000026666 0
1063 -1 0.660000000003111 0
1064 -1 0.5400000000035553 0
1065 -1 0.4200000000039992 0
1066 -1 0.3000000000044429 0
1067 -1 0.1800000000048869 0
1068 -1 0.0600000000053309 0
1069 -1 -0.05999999999466898 0
1070 -1 -0.1799999999951125 0
1071 -1 -0.2999999999955558 0
1072 -1 -0.4199999999959991 0
1073 -1 -0.5399999999964438 0
1074 -1 -0.659999999996888 0
1075 -1 -0.779999999997333 0
1076 -1 -0.8999999999977772 0
1077 -1 -1.019999999998221 0
1078 -1 -1.139999999998667 0
1079 -1 -1.259999999999111 0
1080 -1 -1.379999999999555 0
1081 0.0261291620169637 -0.04419948962772148 0
1082 0.02604713038738886 -0.04411190645725308 0
1083 0.02594869243189905 -0.04400680665269101 0
1084 0.02583056688531128 -0.04388068688721651 0
1085 0.02568881622940596 -0.04372934316864712 0
1086 0.02551871544231957 -0.04354773070636386 0
1087 0.08480711251772841 0.003181874761008463 0
1088 0.08489382625522734 0.003098923972015519 0
1089 0.08499788274022607 0.002999383025223987 0
1090 0.08512275052222454 0.002879933889074149 0
1091 0.08527259186062269 0.002736594925694343 0
1092 0.08545240146670048 0.002564588169638576 0
1093 0.08448520663277817 0.002843545118533321 0
1094 0.08457239876024972 0.002761097141703156 0
1095 0.08467702931321557 0.002662159569506957 0
1096 0.08480258597677458 0.002543434482871519 0
1097 0.0849532539730454 0.002400964378908992 0
1098 0.08513405556857039 0.002230000254153961 0
1099 0.08344868056967791 0.001727347442434895 0
1100 0.08353718938141408 0.001646314930688746 0
1101 0.08364339995549747 0.001549075916593367 0
1102 0.08377085264439754 0.001432389099678913 0
1103 0.08392379587107762 0.001292364919381567 0
1104 0.08410732774309372 0.001124335903024753 0
1105 0.08307727265644559 0.001319784781430736 0
1106 0.08316605621787596 0.001239053770736736 0
1107 0.08327259649159241 0.001142176557903937 0
1108 0.08340044482005216 0.001025923902504578 0
1109 0.08355386281420384 0.0008864207160253475 0
1110 0.08373796440718587 0.0007190168922502707 0
1111 0.08269093821248424 0.0008939949059039212 0
1112 0.08277984432483211 0.0008133989631769365 0
1113 0.08288653165964956 0.0007166838319045551 0
1114 0.08301455646143049 0.0006006256743776974 0
1115 0.0831681862235676 0.000461355885345468 0
1116 0.08335254193813214 0.000294232138506793 0
1117 0.08228820995705838 0.0004493500387504041 0
1118 0.08237729897778633 0.0003689560449414437 0
1119 0.08248420580265986 0.0002724832523706914 0
1120 0.0826124939925081 0.0001567159012857885 0
1121 0.08276643982032598 1.779507998390516e-05 0
1122 0.08295117481370745 -0.0001489099055783548 0
1123 0.0818705776880664 -1.514254053708347e-05 0
1124 0.08195972443899312 -9.547232252472859e-05 0
1125 0.08206670054010518 -0.0001918680609099028 0
1126 0.08219507186143966 -0.0003075429469721117 0
1127 0.08234911744704104 -0.0004463528102467625 0
1128 0.08253397214976269 -0.0006129246461763433 0
1129 0.08415183345135209 0.002488822930815349 0
1130 0.08423955626487929 0.00240693964307661 0
1131 0.08434482364111193 0.002308679697790124 0
1132 0.08447114449259108 0.002190767763446341 0
1133 0.08462272951436607 0.002049273442233802 0
1134 0.08480463154049606 0.001879480256778754 0
1135 0.0857065009218408 0.004247248292194024 0
1136 0.0857911161134161 0.004332768359496163 0
1137 0.08589265434330644 0.00443539244025873 0
1138 0.08601450021917485 0.004558541337173812 0
1139 0.08616071527021694 0.004706320013471908 0
1140 0.08633617333146747 0.004883654425029626 0
1141 0.08541713745563671 0.003811604452246183 0
1142 0.0855028027238009 0.003727571380449739 0
1143 0.08560560104559789 0.003626731694294005 0
1144 0.0857289590317543 0.003505724070907124 0
1145 0.08587698861514199 0.003360514922842868 0
1146 0.08605462411520721 0.00318626394516576 0
1147 0.08511746657745856 0.003504544443278227 0
1148 0.0852036527865748 0.003421045174535097 0
1149 0.08530707623751428 0.003320846052043341 0
1150 0.08543118437864167 0.003200607105053233 0
1151 0.08558011414799453 0.003056320368665104 0
1152 0.08575882987121797 0.00288317628499935 0
1153 0.083806871018045 0.002116756317537987 0
1154 0.08389503046722463 0.002035343986000459 0
1155 0.08400082180624019 0.001937649188155424 0
1156 0.08412777141305887 0.001820415430741382 0
1157 0.08428011094124127 0.001679734921844532 0
1158 0.08446291837506016 0.001510918311168312 0
1159 0.08143390115538346 -0.0004986939543544782 0
1160 0.08152294539098291 -0.0005791372550536439 0
1161 0.08162979847370223 -0.0006756692158926426 0
1162 0.08175802217296543 -0.0007915075688994412 0
1163 0.08191189061208126 -0.0009305135925075994 0
1164 0.08209653273902026 -0.001097320820837389 0
1165 0.08097826158245375 -0.001002858316758391 0
1166 0.08106714052533281 -0.001083484510447842 0
1167 0.08117379525678768 -0.001180235942875183 0
1168 0.08130178093453354 -0.001296337661787991 0
1169 0.08145536374782855 -0.001435659724483362 0
1170 0.08163966312378257 -0.001602846199717807 0
1171 0.08050106133495689 -0.001526955821154526 0
1172 0.08058955498622104 -0.001608005160760873 0
1173 0.08069574736773803 -0.001705264368288488 0
1174 0.08082317822555841 -0.001821975417321627 0
1175 0.08097609525494288 -0.001962028676161394 0
1176 0.08115959569020423 -0.002130092586769113 0
1177 0.08000075311763451 -0.002070053543785002 0
1178 0.08008875801720121 -0.0021516334202864 0
1179 0.08019436389668125 -0.002249529272088077 0
1180 0.08032109095205729 -0.00236700429425009 0
1181 0.08047316341850855 -0.002507974320844506 0
1182 0.08065565037825005 -0.002677138352757805 0
1183 0.07947580207891657 -0.002632853705274912 0
1184 0.07956334623794122 -0.00271492752783863 0
1185 0.07966839922877079 -0.00281341611491509 0
1186 0.0797944628177663 -0.002931602419406844 0
1187 0.07994573912456089 -0.003073425984796948 0
1188 0.08012727069271441 -0.003243614263265073 0
1189 0.07892541348638438 -0.003216973129730323 0
1190 0.07901255788368093 -0.003299471203328901 0
1191 0.0791171311604368 -0.003398468891647193 0
1192 0.07924261909254383 -0.003517266117629143 0
1193 0.07939320461107228 -0.003659822788807484 0
1194 0.07957390723330642 -0.003830890794221492 0
1195 0.07834951182602255 -0.003822492579940084 0
1196 0.07843622682358653 -0.003905442124892682 0
1197 0.0785402848206633 -0.004004981578835797 0
1198 0.07866515441715544 -0.004124428923567537 0
1199 0.078814997932946 -0.004267765737245625 0
1200 0.07899481015189468 -0.004439769913659329 0
1201 0.07774487748492465 -0.004450983234128882 0
1202 0.07783121649550782 -0.004534323591502277 0
1203 0.07793482330820764 -0.00463433202035035 0
1204 0.07805915148344741 -0.004754342134968038 0
1205 0.07820834529373515 -0.004898354272509265 0
1206 0.07838737786608044 -0.005071168837558736 0
1207 0.07711313511374242 -0.005103290129240023 0
1208 0.07719912783775669 -0.005186988037871962 0
1209 0.07730231910657381 -0.005287425528230289 0
1210 0.07742614862915437 -0.00540795051666028 0
1211 0.07757474405625102 -0.005552580502776272 0
1212 0.07775305856876702 -0.00572613648611546 0
1213 0.07645094736246102 -0.005780284555971631 0
1214 0.07653656526654447 -0.005864365656976608 0
1215 0.07663930675144459 -0.00596526297818258 0
1216 0.07676259653332473 -0.006086339763629747 0
1217 0.07691054427158092 -0.006231631906166346 0
1218 0.07708808155748834 -0.006405982477210266 0
1219 0.07575836141374914 -0.00648274108226918 0
1220 0.07584363258374228 -0.006567173851735248 0
1221 0.07594595798773406 -0.006668493175094531 0
1222 0.07606874847252418 -0.006790076363125669 0
1223 0.07621609705427232 -0.006935976188763036 0
1224 0.0763929153523701 -0.007111055979527875 0
1225 0.07503288856604041 -0.007212326581963184 0
1226 0.07511781458558713 -0.007297106451453017 0
1227 0.07521972580904318 -0.007398842294840815 0
1228 0.07534201927719046 -0.007520925306906174 0
1229 0.07548877143896718 -0.007667424921384604 0
1230 0.07566487403309924 -0.00784322445875872 0
1231 0.0742737641454017 -0.007969806092113552 0
1232 0.07435841563598707 -0.008054859891100708 0
1233 0.07445999742468951 -0.008156924449885293 0
1234 0.07458189557113246 -0.008279401920426798 0
1235 0.07472817334686398 -0.008426374885076603 0
1236 0.07490370667774181 -0.008602742442656368 0
1237 0.07348094853292463 -0.008756864741641557 0
1238 0.07356534857334369 -0.008842168161183116 0
1239 0.07366662862184659 -0.008944532264632985 0
1240 0.07378816468005005 -0.009067369188772829 0
1241 0.07393400794989421 -0.009214773497740643 0
1242 0.0741090198737072 -0.009391658668502017 0
1243 0.07265116634460264 -0.009575133596888934 0
1244 0.07273535413908669 -0.009660646314530055 0
1245 0.07283637949246753 -0.0097632615756994 0
1246 0.07295760991652454 -0.009886399889102615 0
1247 0.07310308642539295 -0.01003416586518647 0
1248 0.07327765823603506 -0.0102114850364871 0
1249 0.07178530554805379 -0.01042619335365885 0
1250 0.07186939921541463 -0.01051179858878648 0
1251 0.07197031161624763 -0.01061452487093965 0
1252 0.07209140649724723 -0.01073779640952345 0
1253 0.07223672035444675 -0.010885722255824 0
1254 0.07241109698308619 -0.01106323327138467 0
1255 0.07088245382784693 -0.01131259968694647 0
1256 0.07096646335494006 -0.01139828752925878 0
1257 0.0710672747874518 -0.01150111294003354 0
1258 0.07118824850646591 -0.01162450343296326 0
1259 0.07133341696928283 -0.01177257202447892 0
1260 0.07150761912466314 -0.01195025433429771 0
1261 0.06994018768521305 -0.01223513250675763 0
1262 0.07002417480005416 -0.01232084229139874 0
1263 0.07012495933786349 -0.01242369403296807 0
1264 0.07024590078323467 -0.01254711612285127 0
1265 0.0703910305176801 -0.01269522263071111 0
1266 0.07056518619901463 -0.01287295044014291 0
1267 0.06895851894159316 -0.01319789138330213 0
1268 0.06904255955792715 -0.01328354869686295 0
1269 0.06914340829752792 -0.01338633747313593 0
1270 0.06926442678504886 -0.0135096840046635 0
1271 0.06940964897007398 -0.01365769984249659 0
1272 0.06958391559210413 -0.0138353188478963 0
1273 0.06793579278054469 -0.01420170861917839 0
1274 0.06801995032550737 -0.01428725116480691 0
1275 0.06812093937946256 -0.01438990221956113 0
1276 0.06824212624420882 -0.01451308348526619 0
1277 0.06838755048190431 -0.01466090100411227 0
1278 0.0685620595671389 -0.01483828202672757 0
1279 0.06687209835473903 -0.01525060667307536 0
1280 0.06695654323867192 -0.01533586587154131 0
1281 0.0670578770993914 -0.01543817690970044 0
1282 0.06717947773225477 -0.01556095015549141 0
1283 0.06732539849169081 -0.01570827805044056 0
1284 0.06750050340301406 -0.01588507152437954 0
1285 0.06576899760659433 -0.01634795353625168 0
1286 0.06585380127761863 -0.01643285581159115 0
1287 0.0659555656828478 -0.01653473854199851 0
1288 0.06607768296912281 -0.01665699781848734 0
1289 0.06622422371265281 -0.01680370895027395 0
1290 0.06640007260488882 -0.01697976230841787 0
1291 0.06462322714904717 -0.01749701170282746 0
1292 0.06470849157705209 -0.01758145188577664 0
1293 0.06481080889065802 -0.01768278010531566 0
1294 0.06493358966698512 -0.01780437396876248 0
1295 0.06508092659857764 -0.01795028660489866 0
1296 0.06525773091648866 -0.01812538176826209 0
1297 0.06343730101796607 -0.01870266215771219 0
1298 0.06352318507620001 -0.01878647238153267 0
1299 0.06362624594608075 -0.01888704465011724 0
1300 0.06374991898993762 -0.01900773137241872 0
1301 0.06389832664256588 -0.01915255543918051 0
1302 0.06407641582571978 -0.01932634431929465 0
1303 0.0622112083530454 -0.0199690219103635 0
1304 0.06229785788238996 -0.02005204148686101 0
1305 0.06240183731760342 -0.02015166497865802 0
1306 0.06252661263985959 -0.02027121316881444 0
1307 0.06267634302656698 -0.02041467099700214 0
1308 0.06285601949061585 -0.02058682039082737 0
1309 0.06094743789174665 -0.02130181489867968 0
1310 0.06103502527835424 -0.02138384533921086 0
1311 0.06114013014228336 -0.02148228186784827 0
1312 0.0612662559789983 -0.02160040570221317 0
1313 0.06141760698305622 -0.02174215430345105 0
1314 0.06159922818792573 -0.02191225262493651 0
1315 0.05964763598002134 -0.02270678402637478 0
1316 0.05973633593206423 -0.02278761180082614 0
1317 0.05984277587451571 -0.02288460513016777 0
1318 0.05997050380545748 -0.02300099712537774 0
1319 0.0601237773225876 -0.02314066751962969 0
1320 0.06030770554314375 -0.02330827199273204 0
1321 0.05831431729715818 -0.0241920828598146 0
1322 0.05840436219827201 -0.02427141225210159 0
1323 0.0585124160796086 -0.02436660752284598 0
1324 0.0586420807372125 -0.02448084184773925 0
1325 0.05879767832633718 -0.02461792303761117 0
1326 0.0589843954332868 -0.02478242046545747 0
1327 0.05695401042954108 -0.02576514289327343 0
1328 0.05704557379453417 -0.02584271616139161 0
1329 0.05715544983252589 -0.02593580408313342 0
1330 0.05728730107811595 -0.0260475095892236 0
1331 0.05744552257282402 -0.02618155619653182 0
1332 0.05763538836647372 -0.02634241212530168 0
1333 0.05556924673759798 -0.02743326549283567 0
1334 0.05566257977410925 -0.02750870671503287 0
1335 0.05577457941792277 -0.02759923618166951 0
1336 0.055908978990499 -0.02770787154163347 0
1337 0.05607025847759047 -0.02783823397359022 0
1338 0.05626379386210024 -0.02799466889193833 0
1339 0.0541722506763286 -0.0292080497634099 0
1340 0.05426747423958155 -0.02928108889197021 0
1341 0.05438174251548507 -0.02936873584624258 0
1342 0.0545188644465693 -0.02947391219136942 0
1343 0.05468341076387037 -0.02960012380552162 0
1344 0.05488086634463166 -0.02975157774250427 0
1345 0.05276173089814206 -0.03109504080823688 0
1346 0.05285840287281211 -0.03116614203996728 0
1347 0.05297440924241615 -0.03125146351804375 0
1348 0.05311361688594101 -0.03135384929173552 0
1349 0.05328066605817084 -0.03147671222016564 0
1350 0.05348112506484663 -0.03162414773428179 0
1351 0.0513862065424326 -0.03299563082352992 0
1352 0.05148389563336911 -0.03306532657801362 0
1353 0.05160112254249292 -0.03314896148339408 0
1354 0.0517417948334415 -0.03324932336985062 0
1355 0.05191060158257979 -0.03336975763359847 0
1356 0.05211316968154574 -0.03351427875009589 0
1357 0.05004188949983789 -0.03490692746181364 0
1358 0.05014055191346053 -0.03497523928134647 0
1359 0.05025894680980771 -0.03505721346478587 0
1360 0.05040102068542431 -0.03515558248491314 0
1361 0.05057150933616424 -0.03527362530906587 0
1362 0.05077609571705215 -0.03541527669804914 0
1363 0.04873136079638501 -0.03682958388173075 0
1364 0.04883109003066285 -0.0368963304524187 0
1365 0.04895076511179627 -0.03697642633724425 0
1366 0.04909437520915636 -0.03707254139903492 0
1367 0.04926670732598848 -0.03718787947318371 0
1368 0.04947350586618702 -0.03732628516216226 0
1369 0.04745870613759839 -0.03876608925581917 0
1370 0.04755956530432488 -0.03883111633113083 0
1371 0.04768059630439665 -0.03890914882150481 0
1372 0.04782583350448279 -0.0390027878099536 0
1373 0.04800011814458614 -0.03911515459609214 0
1374 0.04820925971271018 -0.03924999473945839 0
1375 0.04622555035621136 -0.04071564184516746 0
1376 0.04632757907333784 -0.04077881973843861 0
1377 0.04645001353388962 -0.04085463321036398 0
1378 0.04659693488655176 -0.04094560937667443 0
1379 0.04677324050974632 -0.04105478077624697 0
1380 0.0469848072575798 -0.04118578645573402 0
1381 0.04503438351061871 -0.0426806562030215 0
1382 0.04513764952648737 -0.04274179275179998 0
1383 0.04526156874552976 -0.04281515661033416 0
1384 0.04541027180838064 -0.04290319324057518 0
1385 0.04558871548380167 -0.04300883719686439 0
1386 0.04580284789430693 -0.04313560994441146 0
1387 0.04388929142689491 -0.04466115598896625 0
1388 0.04399383224833219 -0.04472008742230189 0
1389 0.04411928123405694 -0.04479080514230465 0
1390 0.04426982001692663 -0.04487566640630797 0
1391 0.04445046655637026 -0.04497749992311195 0
1392 0.04466724240370262 -0.04509970014327672 0
1393 0.0427919251766132 -0.04665793517569021 0
1394 0.04289778630321151 -0.04671446384329801 0
1395 0.04302481965512948 -0.04678229824442737 0
1396 0.04317725967743104 -0.04686369952578259 0
1397 0.04336018770419293 -0.04696138106340887 0
1398 0.04357970133630718 -0.0470785989085604 0
1399 0.0417472068217252 -0.04867181017126541 0
1400 0.04185442034805284 -0.04872573146598579 0
1401 0.04198307657964601 -0.04879043701965026 0
1402 0.04213746405755781 -0.04886808368404762 0
1403 0.04232272903105196 -0.04896125968132445 0
1404 0.04254504699924495 -0.04907307087805664 0
1405 0.04075759141194459 -0.05070195857567647 0
1406 0.04086617555254329 -0.05075306765689244 0
1407 0.04099647652126172 -0.05081439855435161 0
1408 0.04115283768372384 -0.05088799563130261 0
1409 0.04134047107867839 -0.05097631212364381 0
1410 0.04156563115262384 -0.05108229191445324 0
1411 0.03982720157005741 -0.05274996538987141 0
1412 0.03993718845400709 -0.05279798612498156 0
1413 0.04006917271474669 -0.05285561100711376 0
1414 0.04022755382763422 -0.05292476086567239 0
1415 0.04041761116309925 -0.05300774069594275 0
1416 0.04064567996565729 -0.05310731649226717 0
1417 0.03896093608933718 -0.05481586428748486 0
1418 0.03907231651828001 -0.05486056095224937 0
1419 0.0392059730330114 -0.05491419694996677 0
1420 0.03936636085068908 -0.05497856014722766 0
1421 0.03955882623190229 -0.05505579598394073 0
1422 0.03978978468935814 -0.0551484789879964 0
1423 0.03816207154137387 -0.05689800180708494 0
1424 0.03827482161661597 -0.05693912781666773 0
1425 0.0384101217069065 -0.05698847902816706 0
1426 0.03857248181525513 -0.05704770048196627 0
1427 0.03876731394527348 -0.05711876622652531 0
1428 0.03900111250129551 -0.05720404511999616 0
1429 0.0374354503856192 -0.05899658147307376 0
1430 0.03754943728044275 -0.05903413447192123 0
1431 0.03768622155423101 -0.0590791980705382 0
1432 0.03785036268277692 -0.05913327438887856 0
1433 0.03804733203703201 -0.05919816597088699 0
1434 0.03828369526213812 -0.05927603586929711 0
1435 0.03677441318750819 -0.06110861519074097 0
1436 0.03688940592620533 -0.06114295369589118 0
1437 0.03702739721264192 -0.06118415990207143 0
1438 0.03719298675636581 -0.06123360734948773 0
1439 0.03739169420883449 -0.06129294428638729 0
1440 0.03763014315179691 -0.06136414861066676 0
1441 0.03617181902224122 -0.06322672443574097 0
1442 0.03628789733839372 -0.06325724590750523 0
1443 0.03642719131777673 -0.06329387167362234 0
1444 0.03659434409303634 -0.06333782259296288 0
1445 0.03679492742334787 -0.06339056369617152 0
1446 0.0370356274197217 -0.06345385302002191 0
1447 0.03565644695451346 -0.06535796666303689 0
1448 0.03577369282970206 -0.06538365768863331 0
1449 0.03591438787992839 -0.06541448691934902 0
1450 0.03608322194019998 -0.06545148199620786 0
1451 0.03628582281252589 -0.06549587608843846 0
1452 0.03652894385931698 -0.06554914899911519 0
1453 0.03523460894367527 -0.06750080318567904 0
1454 0.03535278553821328 -0.06752176386766902 0
1455 0.03549459745165888 -0.06754691668605699 0
1456 0.03566477174779361 -0.06757710006812255 0
1457 0.03586898090315528 -0.06761332012660123 0
1458 0.03611403188958928 -0.06765678419677564 0
1459 0.03489503836615361 -0.06964731097239131 0
1460 0.03501420194392056 -0.06966202694829297 0
1461 0.0351571982372409 -0.06967968611937497 0
1462 0.03532879378922531 -0.06970087712467338 0
1463 0.0355347084516066 -0.06972630633103147 0
1464 0.03578180604646415 -0.06975682137866117 0
1465 0.0347024722248793 -0.07180075891600347 0
1466 0.03482241837495262 -0.07180670526192569 0
1467 0.03496635375504061 -0.07181384087703235 0
1468 0.03513907621114618 -0.07182240361516036 0
1469 0.03534634315847288 -0.07183267890091395 0
1470 0.03559506349526492 -0.07184500924381827 0
1471 0.03468034145902631 -0.07395388537375891 0
1472 0.03480037014722309 -0.07395166295323463 0
1473 0.03494440457305922 -0.07394899604860548 0
1474 0.03511724588406259 -0.07394579576305051 0
1475 0.03532465545726662 -0.07394195542038454 0
1476 0.03557354694511146 -0.07393734700918538 0
1477 0.0347811216237572 -0.0760956994970185 0
1478 0.03490072898262778 -0.07608455991394569 0
1479 0.03504425781327246 -0.0760711924142583 0
1480 0.03521649241004609 -0.07605515141463345 0
1481 0.03542317392617444 -0.07603590221508363 0
1482 0.03567119174552846 -0.07601280317562384 0
1483 0.03507471360273954 -0.0782056608256613 0
1484 0.03519242522098907 -0.07818092670957393 0
1485 0.03533367916288851 -0.07815124577026905 0
1486 0.03550318389316784 -0.07811562864310322 0
1487 0.03570658956950303 -0.07807288809050422 0
1488 0.03595067638110527 -0.07802159942738542 0
1489 0.03565079419342045 -0.08024524707968933 0
1490 0.0357642166949805 -0.08020534665217384 0
1491 0.03590032369685255 -0.08015746613915524 0
1492 0.03606365209909902 -0.08010000952353294 0
1493 0.03625964618179479 -0.08003106158478616 0
1494 0.0364948390810297 -0.07994832405829004 0
1495 0.03647499180508452 -0.08219127806773073 0
1496 0.0365829117071511 -0.08213839601067945 0
1497 0.03671241558963101 -0.0820749375422179 0
1498 0.03686782024860689 -0.08199878738006404 0
1499 0.03705430583937796 -0.08190740718547941 0
1500 0.03727808854830324 -0.08179775095197785 0
1501 0.03750108775749569 -0.08402535248576923 0
1502 0.03760109472183679 -0.08395833820091396 0
1503 0.0377211030790461 -0.08387792105908763 0
1504 0.03786511310769729 -0.08378142048889603 0
1505 0.0380379251420787 -0.08366561980466612 0
1506 0.03824529958333641 -0.08352665898359023 0
1507 0.03879807377652638 -0.08566289407006122 0
1508 0.03888372263858869 -0.08557777009874172 0
1509 0.03898650127306347 -0.08547562133315832 0
1510 0.0391098356344332 -0.08535304281445824 0
1511 0.03925783686807687 -0.08520594859201815 0
1512 0.03943543834844928 -0.08502943552509003 0
1513 0.04041330183833195 -0.08696144031986014 0
1514 0.04047971759753236 -0.08686087058350069 0
1515 0.04055941650857284 -0.08674018689986933 0
1516 0.04065505520182142 -0.08659536647951172 0
1517 0.04076982163371971 -0.08642158197508257 0
1518 0.04090754135199766 -0.08621304056976759 0
1519 0.04224195663391506 -0.08793939526596156 0
1520 0.04229069655804803 -0.08782938223828206 0
1521 0.0423491844670076 -0.08769736660506666 0
1522 0.04241936995775907 -0.08753894784520817 0
1523 0.04250359254666085 -0.08734884533337799 0
1524 0.04260465965334297 -0.08712072231918178 0
1525 0.04418671811854566 -0.0886355331654972 0
1526 0.04421799306936687 -0.08851927610072548 0
1527 0.04425552301035232 -0.08837976762299941 0
1528 0.04430055893953486 -0.08821235744972815 0
1529 0.04435460205455391 -0.08801146524180262 0
1530 0.04441945379257677 -0.08777039459229198 0
1531 0.04621862108625795 -0.08901084628694275 0
1532 0.0462363628942432 -0.08889209419640565 0
1533 0.04625765306382549 -0.08874959168776113 0
1534 0.04628320126732424 -0.0885785886773877 0
1535 0.04631385911152273 -0.08837338506493959 0
1536 0.04635064852456093 -0.08812714073000186 0
1537 0.04831125627398163 -0.0893319292848056 0
1538 0.0484337293449507 -0.08932221575462326 0
1539 0.04858069703011358 -0.08931055951840447 0
1540 0.04875705825230903 -0.08929657203494192 0
1541 0.04896869171894358 -0.08927978705478684 0
1542 0.04922265187890504 -0.08925964507860076 0
1543 0.04630857440012846 -0.09007073740590434 0
1544 0.04634250205458507 -0.09018590247594671 0
1545 0.04638321523993301 -0.09032410055999755 0
1546 0.04643207106235053 -0.09048993826085856 0
1547 0.04649069804925157 -0.09068894350189179 0
1548 0.04656105043353281 -0.09092774979113165 0
1549 0.04439795702875222 -0.09056958828712469 0
1550 0.04442915050564374 -0.0906854665986641 0
1551 0.04446658267791357 -0.09082452057251139 0
1552 0.04451150128463736 -0.09099138534112815 0
1553 0.0445654036127059 -0.09119162306346824 0
1554 0.04463008640638816 -0.09143190833027637 0
1555 0.04261003783109313 -0.09106527343585767 0
1556 0.04264168454097373 -0.09118102604959226 0
1557 0.04267966059283045 -0.09131992918607376 0
1558 0.04272523185505853 -0.09148661294985157 0
1559 0.04277991736973221 -0.09168663346638492 0
1560 0.04284553998734063 -0.09192665808622497 0
1561 0.0409106683290099 -0.09152342870460797 0
1562 0.04094148343142132 -0.09163940550636462 0
1563 0.04097846155431502 -0.09177857766847261 0
1564 0.04102283530178746 -0.0919455842630022 0
1565 0.04107608379875438 -0.09214599217643771 0
1566 0.0411399819951147 -0.09238648167256032 0
1567 0.0392959307934323 -0.09194623821198608 0
1568 0.03932584805239811 -0.0920624500902413 0
1569 0.03936174876315708 -0.09220190434414756 0
1570 0.03940482961606785 -0.09236924944883507 0
1571 0.03945652663956077 -0.09257006357446008 0
1572 0.03951856306775228 -0.09281104052521011 0
1573 0.03776169503983139 -0.09233452734936845 0
1574 0.03779062523074542 -0.09245098901568945 0
1575 0.03782534145984226 -0.09259074301527463 0
1576 0.03786700093475847 -0.09275844781477685 0
1577 0.03791699230465792 -0.09295969357417952 0
1578 0.03797698194853726 -0.09320118848546272 0
1579 0.03630378132143885 -0.09268995549887094 0
1580 0.03633155275637791 -0.09280669963024192 0
1581 0.03636487847830478 -0.09294679258788709 0
1582 0.03640486934461703 -0.09311490413706129 0
1583 0.03645285838419172 -0.09331663799607033 0
1584 0.03651044523168135 -0.09355871862688117 0
1585 0.03491722337848471 -0.09301170273711681 0
1586 0.03494362473716772 -0.09312876474903092 0
1587 0.03497530636758733 -0.09326923916332787 0
1588 0.03501332432409086 -0.0934378084604842 0
1589 0.03505894587189509 -0.09364009161707181 0
1590 0.03511369172926018 -0.09388283140497691 0
1591 0.03359884433684549 -0.09330056102765677 0
1592 0.0336237986362871 -0.09341794004530703 0
1593 0.03365374379561702 -0.09355879486648734 0
1594 0.03368967798681294 -0.09372782065190371 0
1595 0.03373279901624804 -0.09393065159440338 0
1596 0.03378454425157015 -0.09417404872540296 0
1597 0.0323456589330407 -0.09355893277859723 0
1598 0.03236945346032305 -0.09367655087722131 0
1599 0.03239800689306187 -0.09381769259557023 0
1600 0.03243227101234847 -0.09398706265758891 0
1601 0.03247338795549238 -0.09419030673201134 0
1602 0.03252272828726507 -0.09443419962131827 0
1603 0.03115606023753865 -0.0937950426039304 0
1604 0.0311790272574279 -0.09391282492994663 0
1605 0.031206587681295 -0.0940541637211661 0
1606 0.03123966018993552 -0.09422377027062948 0
1607 0.03127934720030415 -0.09442729812998552 0
1608 0.0313269716127465 -0.09467153156121277 0
1609 0.03002652501268165 -0.09401140658720587 0
1610 0.03004871549099862 -0.09412933764760907 0
1611 0.03007534406497899 -0.09427085492009292 0
1612 0.03010729835375543 -0.09444067564707352 0
1613 0.03014564350028715 -0.09464446051945025 0
1614 0.03019165767612522 -0.09488900236630232 0
1615 0.02895351710099825 -0.09420971554461507 0
1616 0.02897468520084216 -0.09432783553270778 0
1617 0.02900008692065485 -0.094469579518419 0
1618 0.02903056898443007 -0.09463967230127249 0
1619 0.02906714746096034 -0.09484378364069665 0
1620 0.02911104163279666 -0.09508871724800566 0
1621 0.0279345554786273 -0.09438667573189929 0
1622 0.02795443807414694 -0.09450501893411756 0
1623 0.0279782971887705 -0.09464703077677947 0
1624 0.02800692812631877 -0.09481744498797376 0
1625 0.02804128525137669 -0.09502194204140692 0
1626 0.0280825138014462 -0.0952673385055267 0
1627 0.02696651636096846 -0.09454389973945608 0
1628 0.02698504837103621 -0.09466246225759105 0
1629 0.0270072867831175 -0.09480473727935301 0
1630 0.02703397287761506 -0.09497546730546737 0
1631 0.02706599619101214 -0.09518034333680458 0
1632 0.02710442416708862 -0.09542619457440926 0
1633 0.02604613682994484 -0.09468220360610505 0
1634 0.02606328425798475 -0.09480097414197039 0
1635 0.02608386117163264 -0.09494349878500881 0
1636 0.02610855346801011 -0.0951145283566549 0
1637 0.02613818422366307 -0.0953197638426302 0
1638 0.02617374113044662 -0.09556604642580058 0
1639 0.02517259683286175 -0.09480323126088018 0
1640 0.02518832826562543 -0.09492219793800832 0
1641 0.02520720598494184 -0.09506495795056209 0
1642 0.02522985924812154 -0.09523626996562662 0
1643 0.02525704316393718 -0.09544184438370405 0
1644 0.02528966386291594 -0.09568853368539698 0
1645 0.02434250727565631 -0.09490781591344705 0
1646 0.02435667097326383 -0.09502698006040815 0
1647 0.02437366741039285 -0.09516997703676146 0
1648 0.02439406313494768 -0.09534157340838544 0
1649 0.02441853800441347 -0.09554748905433422 0
1650 0.02444790784777243 -0.09579458782947275 0
1651 0.02355427861380157 -0.0949959459246867 0
1652 0.02356678867606258 -0.09511529490310813 0
1653 0.02358180075077579 -0.09525851367721384 0
1654 0.02359981524043165 -0.09543037620614071 0
1655 0.02362143262801868 -0.09563661124085295 0
1656 0.02364737349312311 -0.09588409328250763 0
1657 0.02280549494368851 -0.09506925912791681 0
1658 0.02281632632576495 -0.09518877240628515 0
1659 0.02282932398425667 -0.09533218834032717 0
1660 0.02284492117444674 -0.09550428746117759 0
1661 0.02286363780267482 -0.0957108064061981 0
1662 0.02288609775654852 -0.09595862914022271 0
1663 0.02209453093149489 -0.09512857473196634 0
1664 0.02210368148108389 -0.09524822818280197 0
1665 0.02211466214059069 -0.09539181232380473 0
1666 0.02212783893199886 -0.09556411329300804 0
1667 0.02214365108168866 -0.09577087445605201 0
1668 0.02216262566131641 -0.09601898785170478 0
1669 0.0214196824672024 -0.09517554215374696 0
1670 0.02142707839310141 -0.09529531765674222 0
1671 0.02143595350418022 -0.09543904826033654 0
1672 0.02144660363747479 -0.09561152498464971 0
1673 0.02145938379742828 -0.09581849705382552 0
1674 0.02147471998937247 -0.09606686353683648 0
1675 0.02077870508211188 -0.09521014500207266 0
1676 0.02078453917036201 -0.09533000476749665 0
1677 0.02079154007626218 -0.09547383648600542 0
1678 0.02079994116334238 -0.09564643454821596 0
1679 0.02081002246783862 -0.09585355222286861 0
1680 0.0208221200332341 -0.09610209343245178 0
1681 0.0201713279951769 -0.09523651681733647 0
1682 0.02017546809456366 -0.09535645007112496 0
1683 0.02018043621382777 -0.09550036997567114 0
1684 0.02018639795694471 -0.09567307386112656 0
1685 0.02019355204868504 -0.09588031852367306 0
1686 0.02020213695877342 -0.09612901211872886 0
1687 0.01959459659872202 -0.09525134700974262 0
1688 0.01959731161506462 -0.09537131685632047 0
1689 0.01960056963467574 -0.09551528067221388 0
1690 0.01960447925820909 -0.09568803725128597 0
1691 0.01960917080644911 -0.09589534514617248 0
1692 0.01961480066433713 -0.0961441146200363 0
1693 0.01904776298095697 -0.09526205306808187 0
1694 0.01904941097248701 -0.09538204377937376 0
1695 0.01905138856232305 -0.09552603263292404 0
1696 0.01905376167012631 -0.09569881925718438 0
1697 0.01905660939949021 -0.09590616320629677 0
1698 0.01906002667472689 -0.09615497594523165 0
1699 0.01852978650402747 -0.09526617050874911 0
1700 0.0185304634101126 -0.09538616891603668 0
1701 0.01853127569741476 -0.09553016700478177 0
1702 0.01853225044217735 -0.09570296471127587 0
1703 0.01853342013589246 -0.0959103219590688 0
1704 0.01853482376835059 -0.09615915065642032 0
1705 0.01803944368527865 -0.09526781595151718 0
1706 0.01803975055922254 -0.09538781559700443 0
1707 0.01804011880795521 -0.09553181517158914 0
1708 0.01804056070643441 -0.09570461466109079 0
1709 0.01804109098460946 -0.09591197404849275 0
1710 0.01804172731841951 -0.09616080531337512 0
1711 0.01757372006716635 -0.09526863878068227 0
1712 0.01757360055290276 -0.09538863917460663 0
1713 0.01757345713578647 -0.09553263964731587 0
1714 0.0175732850352469 -0.09570544021456694 0
1715 0.01757307851459943 -0.09591280089526824 0
1716 0.01757283068982246 -0.0961616337121098 0
1717 0.01713201336474788 -0.09526699059120319 0
1718 0.01713068836427934 -0.09538698645087468 0
1719 0.0171290983637171 -0.09553098148248046 0
1720 0.01712719036304241 -0.09570377552040739 0
1721 0.01712490076223278 -0.09591112836591971 0
1722 0.01712215324126123 -0.09615995178053449 0
1723 0.01668110414183992 -0.09525874724237741 0
1724 0.01667838374275015 -0.09537871754906797 0
1725 0.01667511926384243 -0.09552268191709663 0
1726 0.01667120188915316 -0.09569543915873104 0
1727 0.01666650103952604 -0.09590274784869232 0
1728 0.0166608600199735 -0.09615151827664585 0
1729 0.0162238398167698 -0.09524638872498607 0
1730 0.01621999106895214 -0.09536632850922204 0
1731 0.01621537257157095 -0.09551025625030519 0
1732 0.01620983037471352 -0.09568296953960501 0
1733 0.01620317973848461 -0.09589022548676476 0
1734 0.01619519897500991 -0.09613893262335646 0
1735 0.01575730731109842 -0.09522907918067604 0
1736 0.01575206151000243 -0.09534896708952104 0
1737 0.01574576654868724 -0.09549283258013504 0
1738 0.01573821259510902 -0.09566547116887184 0
1739 0.01572914785081515 -0.095872637475356 0
1740 0.0157182701576625 -0.09612123704313699 0
1741 0.01528241477117774 -0.09520516961808374 0
1742 0.01527560634131421 -0.09532497880208707 0
1743 0.01526743622547798 -0.09546874982289105 0
1744 0.01525763208647449 -0.09564127504785584 0
1745 0.01524586711967032 -0.09584830531781358 0
1746 0.0152317491595053 -0.09609674164176286 0
1747 0.01479991678539298 -0.09517465259336251 0
1748 0.01479129901077413 -0.09529434727045741 0
1749 0.0147809576812315 -0.0954379808829713 0
1750 0.01476854808578035 -0.09561034121798796 0
1751 0.01475365657123898 -0.09581717362000797 0
1752 0.01473578675378933 -0.09606537250243195 0
1753 0.01430909756314881 -0.09513505702782699 0
1754 0.01429855142563334 -0.0952545960612074 0
1755 0.01428589606061479 -0.09539804290126387 0
1756 0.01427070962259252 -0.09557017910933165 0
1757 0.0142524858969658 -0.09577674255901299 0
1758 0.01423061742621373 -0.09602461869863058 0
1759 0.01380912568802106 -0.0950872048586916 0
1760 0.01379652111631961 -0.09520654678964766 0
1761 0.01378139563027787 -0.09534975710679491 0
1762 0.01376324504702778 -0.09552160948737164 0
1763 0.01374146434712768 -0.09572783234406371 0
1764 0.01371532750724756 -0.09597529977209418 0
1765 0.01330140540941559 -0.09502858988880941 0
1766 0.01328632413840405 -0.09514764576173802 0
1767 0.0132682266131902 -0.09529051280925234 0
1768 0.01324650958293359 -0.09546195326626954 0
1769 0.01322044914662565 -0.09566768181469017 0
1770 0.01318917662305612 -0.09591455607279491 0
1771 0.01278614095907678 -0.09495757575323899 0
1772 0.01276840980172409 -0.09507626626772929 0
1773 0.01274713241290086 -0.09521869488511764 0
1774 0.01272159954631299 -0.09538960922598366 0
1775 0.01269096010640755 -0.09559470643502289 0
1776 0.01265419277852101 -0.09584082308586997 0
1777 0.012262426343972 -0.09487331867329785 0
1778 0.01224177156816913 -0.09499153864108101 0
1779 0.01221698583720568 -0.0951334026024208 0
1780 0.01218724296004955 -0.09530363935602855 0
1781 0.01215155150746219 -0.09550792346035786 0
1782 0.01210872176435735 -0.09575306438555302 0
1783 0.01173175110022001 -0.09477330023278534 0
1784 0.01170771312407819 -0.09489088230583477 0
1785 0.011678867552708 -0.09503198079349409 0
1786 0.01164425286706378 -0.09520129897868528 0
1787 0.01160271524429071 -0.09540448080091471 0
1788 0.01155287009696303 -0.09564829898759 0
1789 0.01119515144916026 -0.09465506617284795 0
1790 0.01116752750983723 -0.09477185783219587 0
1791 0.0111343787826496 -0.09491200782341336 0
1792 0.01109460031002444 -0.09508018781287435 0
1793 0.01104686614287425 -0.09528200380022753 0
1794 0.01098958514229401 -0.09552418298505136 0
1795 0.01065237305380175 -0.09451792563022056 0
1796 0.01062164183062696 -0.09463393196754194 0
1797 0.01058476436281721 -0.09477313957232762 0
1798 0.0105405114014455 -0.09494018869807042 0
1799 0.01048740784779946 -0.09514064764896178 0
1800 0.01042368358342421 -0.09538119839003142 0
1801 0.01010428374521508 -0.09436604533239128 0
1802 0.01007097866824162 -0.09448133827954196 0
1803 0.01003101257587345 -0.09461968981612277 0
1804 0.009983053265031655 -0.09478571166001974 0
1805 0.009925502092021499 -0.09498493787269612 0
1806 0.009856440684409312 -0.09522400932790777 0
1807 0.009549659091892737 -0.09419932767744837 0
1808 0.009513830919926228 -0.09431386204399003 0
1809 0.009470837113566418 -0.09445130328384004 0
1810 0.009419244545934647 -0.09461623277166004 0
1811 0.009357333464776518 -0.09481414815704403 0
1812 0.009283040167386767 -0.09505164661950481 0
1813 0.008988171384426374 -0.09401684400554935 0
1814 0.00894947762498176 -0.09413044685579372 0
1815 0.008903045113648223 -0.09426677027608694 0
1816 0.008847326100047978 -0.09443035838043881 0
1817 0.008780463283727686 -0.09462666410566105 0
1818 0.008700227904143333 -0.09486223097592775 0
1819 0.008422251915549088 -0.0938152607937761 0
1820 0.008380307687738247 -0.09392770555077709 0
1821 0.008329974614365236 -0.09406263925917829 0
1822 0.008269574926317625 -0.09422455970925973 0
1823 0.008197095300660491 -0.09441886424935746 0
1824 0.008110119749871929 -0.09465202969747472 0
1825 0.007851617061416623 -0.09359279555444197 0
1826 0.007805697135738547 -0.09370368994915163 0
1827 0.007750593224924856 -0.09383676322280321 0
1828 0.007684468531948426 -0.09399645115118513 0
1829 0.00760511890037671 -0.09418807666524341 0
1830 0.007509899342490651 -0.09441802728211336 0
1831 0.007279664172440162 -0.09334199663976635 0
1832 0.007229173553642813 -0.09345088624484897 0
1833 0.007168584811085994 -0.09358155377094811 0
1834 0.007095878320017812 -0.09373835480226708 0
1835 0.007008630530735993 -0.09392651603984986 0
1836 0.006903933183597811 -0.09415230952494918 0
1837 0.006709176403337857 -0.09306296216138328 0
1838 0.006653899942148486 -0.09316951028346401 0
1839 0.006587568188721243 -0.09329736802996089 0
1840 0.00650797008460855 -0.09345079732575713 0
1841 0.006412452359673319 -0.09363491248071262 0
1842 0.006297831089751042 -0.09385585066665922 0
1843 0.00614255138483343 -0.09275193834390093 0
1844 0.006083177795725177 -0.09285623699193968 0
1845 0.006011929488795273 -0.09298139536958619 0
1846 0.005926431520479388 -0.09313158542276199 0
1847 0.005823833958500326 -0.09331181348657297 0
1848 0.005700716884125451 -0.09352808716314615 0
1849 0.005576711867116524 -0.09241821666584564 0
1850 0.005514183751034579 -0.092520654510863 0
1851 0.005439150011736245 -0.09264357992488383 0
1852 0.005349109524578244 -0.09279109042170881 0
1853 0.005241060939988643 -0.09296810301789879 0
1854 0.005111402638481121 -0.09318051813332678 0
1855 0.005009547938864556 -0.09206022502337186 0
1856 0.004943262649727923 -0.09216029085833466 0
1857 0.004863720302763963 -0.09228036986029002 0
1858 0.004768269486407211 -0.09242446466263646 0
1859 0.004653728506779109 -0.09259737842545218 0
1860 0.004516279331225386 -0.09280487494083105 0
1861 0.004448813643426083 -0.09167094047794515 0
1862 0.004377606921561679 -0.09176758874206699 0
1863 0.004292158855324395 -0.09188356665901319 0
1864 0.004189621175839653 -0.09202274015934864 0
1865 0.004066575960457963 -0.09218974835975118 0
1866 0.003918921701999934 -0.0923901582002342 0
1867 0.00390051196425407 -0.09124291558668263 0
1868 0.003823516604205971 -0.09133504360676661 0
1869 0.003731122172148252 -0.09144559723086738 0
1870 0.003620248853678989 -0.09157826157978832 0
1871 0.003487200871515875 -0.09173745879849346 0
1872 0.003327543292920137 -0.0919284954609396 0
1873 0.003371253523217052 -0.0907700658114091 0
1874 0.003288628539843787 -0.09085716264093618 0
1875 0.00318947855979587 -0.09096167883636867 0
1876 0.003070498583738369 -0.09108709827088765 0
1877 0.002927722612469368 -0.09123760159231044 0
1878 0.002756391446946566 -0.09141820557801777 0
1879 0.002863319070733264 -0.09025881584259393 0
1880 0.002775987086273973 -0.09034117363768121 0
1881 0.002671188704922822 -0.09044000299178596 0
1882 0.002545430647301442 -0.09055859821671165 0
1883 0.002394520978155786 -0.09070091248662249 0
1884 0.002213429375180998 -0.09087168961051549 0
1885 0.00237319607722681 -0.08971146884500561 0
1886 0.002280824618111889 -0.08978819697324841 0
1887 0.002169978867173983 -0.08988027072713978 0
1888 0.002036963966048496 -0.08999075923180942 0
1889 0.001877346084697912 -0.09012334543741299 0
1890 0.001685804627077212 -0.09028244888413728 0
1891 0.001916103668660991 -0.0891180771698772 0
1892 0.001817876927819184 -0.08918720093252155 0
1893 0.001700004838809015 -0.0892701494476948 0
1894 0.001558558331996813 -0.08936968766590268 0
1895 0.001388822523822171 -0.08948913352775215 0
1896 0.0011851395540126 -0.0896324685619715 0
1897 0.001503964997570885 -0.08847576937332816 0
1898 0.001400548545677182 -0.08853680157176844 0
1899 0.001276448803404737 -0.0886100402098968 0
1900 0.001127529112677805 -0.08869792657565082 0
1901 0.0009488254838054852 -0.08880339021455563 0
1902 0.0007343811291587021 -0.08892994658124143 0
1903 0.001134723920923502 -0.08779370796380981 0
1904 0.001027275896700109 -0.08784728994397199 0
1905 0.0008983382676320373 -0.08791158832016661 0
1906 0.0007436131127503513 -0.08798874637160016 0
1907 0.0005579429268923282 -0.08808133603332041 0
1908 0.0003351387038627003 -0.08819244362738471 0
1909 0.0008064242137219847 -0.08707658612358694 0
1910 0.0006957285790131549 -0.08712307117074866 0
1911 0.000562893817362559 -0.08717885322734274 0
1912 0.000403492103381844 -0.08724579169525563 0
1913 0.000212210046604986 -0.08732611785675111 0
1914 -1.732842152724339e-05 -0.08742250925054568 0
1915 0.0005188318130956882 -0.08632652241342317 0
1916 0.0004053916543029732 -0.08636584614609544 0
1917 0.0002692634637517153 -0.08641303462530216 0
1918 0.0001059096350902056 -0.08646966080035022 0
1919 -9.011495930360582e-05 -0.0865376122104079 0
1920 -0.0003253444725761796 -0.08661915390247711 0
1921 0.0002756007054380401 -0.08554452496115464 0
1922 0.0001593706598296636 -0.08557487281156886 0
1923 1.989460509961192e-05 -0.08561129023206593 0
1924 -0.0001474766605764503 -0.0856549911366624 0
1925 -0.0003483221793877246 -0.08570743222217818 0
1926 -0.0005893368019612539 -0.08577036152479711 0
1927 0.0001020365550699046 -0.08472901428350237 0
1928 -1.626133973179917e-05 -0.0847496362436381 0
1929 -0.0001582188134938437 -0.084774382595801 0
1930 -0.0003285677820082971 -0.08480407821839646 0
1931 -0.0005329865442256412 -0.08483971296551102 0
1932 -0.0007782890588864538 -0.0848824746620485 0
1933 -1.065689567528259e-05 -0.08390452128686533 0
1934 -0.0001300029990851507 -0.08391746497923391 0
1935 -0.0002732183231769925 -0.08393299741007622 0
1936 -0.0004450767120872026 -0.08395163632708699 0
1937 -0.0006513067787794547 -0.08397400302749991 0
1938 -0.000898782858810157 -0.08400084306799542 0
1939 -8.596965362427782e-05 -0.08297096240319292 0
1940 -0.0002059062294679971 -0.08297657275596522 0
1941 -0.0003498301204804603 -0.08298330517929196 0
1942 -0.0005225387896954161 -0.08299138408728407 0
1943 -0.0007297891927533629 -0.0830010787768746 0
1944 -0.000978489676422899 -0.08301271240438322 0
1945 -0.0001000375441916251 -0.0819149548175148 0
1946 -0.0002200825972215812 -0.08191231707931228 0
1947 -0.0003641366608575286 -0.08190915179346926 0
1948 -0.0005370015372206655 -0.08190535345045764 0
1949 -0.0007444393888564296 -0.08190079543884368 0
1950 -0.0009933648108193466 -0.08189532582490695 0
1951 -4.457267662526716e-05 -0.08094144140824094 0
1952 -0.0001641652081472305 -0.08093088393464851 0
1953 -0.0003076762459735866 -0.08091821496633757 0
1954 -0.0004798894913652139 -0.08090301220436445 0
1955 -0.0006865453858351665 -0.08088476888999672 0
1956 -0.0009345324591991097 -0.08086287691275544 0
1957 6.213901305180379e-05 -0.08004804756727131 0
1958 -5.667689724422466e-05 -0.08003099577039779 0
1959 -0.0001992559895994588 -0.08001053361414957 0
1960 -0.0003703509004257398 -0.07998597902665172 0
1961 -0.0005756647934172769 -0.07995651352165428 0
1962 -0.0008220414650071214 -0.07992115491565736 0
1963 0.0001994504132568573 -0.07922831881446711 0
1964 8.162485408170201e-05 -0.07920535925618184 0
1965 -5.976581692848431e-05 -0.07917780778623951 0
1966 -0.0002294346221407079 -0.07914474602230871 0
1967 -0.0004330371883953761 -0.07910507190559177 0
1968 -0.000677360267900978 -0.07905746296553141 0
1969 0.000379745077806198 -0.07841699554820475 0
1970 0.0002631841657920228 -0.0783883483467479 0
1971 0.0001233110713750126 -0.07835397170499969 0
1972 -4.453664192539974e-05 -0.07831271973490182 0
1973 -0.0002459538978858944 -0.0782632173707844 0
1974 -0.0004876546050384879 -0.07820381453384348 0
1975 0.0006126704738212675 -0.07755219967802503 0
1976 0.0004973857068226919 -0.07751881638172192 0
1977 0.0003590439864244012 -0.0774787564261582 0
1978 0.0001930339219464522 -0.07743068447948173 0
1979 -6.17815542708637e-06 -0.07737299814346997 0
1980 -0.0002452326482753325 -0.07730377454025586 0
1981 0.0008990914618020443 -0.07662772967158529 0
1982 0.0007851455237123852 -0.0765900265158771 0
1983 0.0006484103980047944 -0.07654478272902726 0
1984 0.0004843282471556854 -0.07649049018480747 0
1985 0.0002874296661367546 -0.07642533913174371 0
1986 5.11513689140377e-05 -0.07634715786806719 0
1987 0.00124654966940853 -0.07564065241433769 0
1988 0.001134175378264645 -0.07559848583689112 0
1989 0.0009993262288919831 -0.07554788594395523 0
1990 0.0008375072496447889 -0.07548716607243215 0
1991 0.0006433244745481559 -0.07541430222660447 0
1992 0.0004103051444321965 -0.07532686561161125 0
1993 0.00166475717941141 -0.07459142264361354 0
1994 0.001554002093842912 -0.07454519476689292 0
1995 0.001421095991160715 -0.07448972131482816 0
1996 0.001261608667942079 -0.07442315317235046 0
1997 0.001070223880079715 -0.07434327140137723 0
1998 0.0008405621346448788 -0.07424741327620933 0
1999 0.00215275361199781 -0.073472823321818 0
2000 0.002043499481419819 -0.07342315564222282 0
2001 0.001912394524726229 -0.07336355442670862 0
2002 0.001755068576693921 -0.07329203296809157 0
2003 0.001566277439055152 -0.07320620721775112 0
2004 0.001339728073888629 -0.07310321631734258 0
2005 0.002716609722981279 -0.07228081241188954 0
2006 0.002609116677857782 -0.07222742256758956 0
2007 0.002480125023709585 -0.07216335475442957 0
2008 0.002325335038731749 -0.07208647337863759 0
2009 0.002139587056758346 -0.07199421572768722 0
2010 0.001916689478390262 -0.07188350654654678 0
2011 0.003374444229790624 -0.07101707844463095 0
2012 0.003269008637158829 -0.07095973701763721 0
2013 0.003142485926000674 -0.07089092730524471 0
2014 0.002990658672610888 -0.07080835565037372 0
2015 0.002808465968543145 -0.07070926966452852 0
2016 0.002589834723661854 -0.07059036648151427 0
2017 0.004134210850184479 -0.06967801097231681 0
2018 0.004030807072780918 -0.06961708924017483 0
2019 0.003906722539896644 -0.06954398316160444 0
2020 0.003757821100435517 -0.06945625586731999 0
2021 0.003579139373082163 -0.06935098311417864 0
2022 0.003364721300258139 -0.06922465581040901 0
2023 0.005001599472211887 -0.06825872311121627 0
2024 0.004900123212506008 -0.06819464797036058 0
2025 0.004778351700858954 -0.06811775780133378 0
2026 0.00463222588688249 -0.0680254895985016 0
2027 0.004456874910110733 -0.06791476775510299 0
2028 0.004246453737984624 -0.06778190154302466 0
2029 0.005982288496297596 -0.06675434152895296 0
2030 0.00588254301134075 -0.06668761175633252 0
2031 0.005762848429392535 -0.06660753602918798 0
2032 0.005619214931054676 -0.06651144515661456 0
2033 0.005446854733049246 -0.06639613610952644 0
2034 0.00524002249544273 -0.06625776525302068 0
2035 0.007080365633318127 -0.06515414537873675 0
2036 0.00698212620040878 -0.06508522114044533 0
2037 0.006864238880917564 -0.06500251205449566 0
2038 0.006722774097528104 -0.06490326115135601 0
2039 0.006553016357460753 -0.06478416006758847 0
2040 0.006349307069379931 -0.0646412387670674 0
2041 0.008302839517829026 -0.06344926795119211 0
2042 0.008206398603244404 -0.06337783582768289 0
2043 0.008090669505742859 -0.06329211727947182 0
2044 0.007951794588741004 -0.06318925502161853 0
2045 0.007785144688338777 -0.06306582031219458 0
2046 0.007585164807856107 -0.06291769866088584 0
2047 0.009680218494949809 -0.06164789043752812 0
2048 0.009585972656353277 -0.06157358797309515 0
2049 0.009472877650037438 -0.06148442501577558 0
2050 0.009337163642458431 -0.0613774294669921 0
2051 0.009174306833363623 -0.06124903480845193 0
2052 0.008978878662449853 -0.06109496121820372 0
2053 0.01122442103583299 -0.05974727044949116 0
2054 0.01113226929785593 -0.05967039090876813 0
2055 0.01102168721228346 -0.05957813545990049 0
2056 0.0108889887095965 -0.05946742892125932 0
2057 0.01072975050637214 -0.05933458107488992 0
2058 0.01053866466250292 -0.05917516365924665 0
2059 0.0129460065366066 -0.05773683405831066 0
2060 0.01285569279394108 -0.05765780839669968 0
2061 0.01274731630274246 -0.05756297760276649 0
2062 0.01261726451330412 -0.05744918065004667 0
2063 0.0124612023659781 -0.05731262430678288 0
2064 0.01227392778918689 -0.05714875669486634 0
2065 0.01485147739023218 -0.05560510924181557 0
2066 0.01476265523663603 -0.05552441503996745 0
2067 0.01465606865232064 -0.05542758199774971 0
2068 0.01452816475114218 -0.05531138234708841 0
2069 0.01437468006972803 -0.05517194276629486 0
2070 0.01419049845203105 -0.0550046152693426 0
2071 0.01694747502766216 -0.05333471941931996 0
2072 0.01685987460154813 -0.05325270193884345 0
2073 0.01675475409021129 -0.05315428096227165 0
2074 0.01662860947660708 -0.05303617579038548 0
2075 0.01647723594028203 -0.05289444958412208 0
2076 0.01629558769669196 -0.052724378136606 0
2077 0.01924679856866374 -0.05091282026059592 0
2078 0.01916070925375015 -0.05082921126524133 0
2079 0.01905740207585385 -0.05072888047081583 0
2080 0.01893343346237828 -0.05060848351750524 0
2081 0.01878467112620761 -0.05046400717353251 0
2082 0.01860615632280279 -0.05029063556076525 0
2083 0.02178971745163094 -0.04835262515264414 0
2084 0.02170540627621989 -0.04826722612558658 0
2085 0.02160423286572662 -0.04816474729311751 0
2086 0.02148282477313471 -0.04804177269415463 0
2087 0.0213371350620244 -0.04789420317539916 0
2088 0.02116230740869204 -0.04771711975289261 0
2089 0.02459144571757582 -0.04563973629931522 0
2090 0.02450869027452479 -0.04555283100644853 0
2091 0.02440938374286356 -0.04544854465500851 0
2092 0.02429021590487007 -0.04532340103328048 0
2093 0.02414721449927789 -0.04517322868720685 0
2094 0.02397561281256728 -0.04499302187191848 0
2095 0.02766671514627159 -0.04275939576120746 0
2096 0.02758521152606786 -0.04267131807924154 0
2097 0.0274874071818234 -0.04256562486088243 0
2098 0.02737004196873003 -0.0424387929988515 0
2099 0.027229203713018 -0.04228659476441439 0
2100 0.02706019780616356 -0.04210395688308985 0
2101 0.03102700199374884 -0.03968694556209755 0
2102 0.03094640474226242 -0.03959803919310433 0
2103 0.03084968804047873 -0.03949135155031245 0
2104 0.0307336279983383 -0.03936332637896221 0
2105 0.03059435594776978 -0.03920969617334191 0
2106 0.03042722948708756 -0.03902533992659755 0
2107 0.03468663691694218 -0.03639738612339303 0
2108 0.03460702437682752 -0.03630759467196357 0
2109 0.03451148932868993 -0.03619984493024823 0
2110 0.03439684727092481 -0.03607054524018981 0
2111 0.03425927680160668 -0.03591538561211972 0
2112 0.03409419223842492 -0.0357291940584356 0
2113 0.03868932408573588 -0.03289637133273632 0
2114 0.03861092733577549 -0.03280551654270562 0
2115 0.03851685123582302 -0.03269649079466878 0
2116 0.03840395991588006 -0.03256565989702458 0
2117 0.03826849033194851 -0.03240866281985154 0
2118 0.03810592683123065 -0.03222026632724388 0
2119 0.04306517887536213 -0.02917101483017784 0
2120 0.04298786152185996 -0.02907924115841738 0
2121 0.04289508069765736 -0.02896911275230483 0
2122 0.04278374370861424 -0.02883695866496977 0
2123 0.0426501393217625 -0.0286783737601677 0
2124 0.04248981405754041 -0.02848807187440522 0
2125 0.04708231900364506 -0.02582161634107179 0
2126 0.04700580135358618 -0.02572917592534645 0
2127 0.04691398017351552 -0.02561824742647605 0
2128 0.04680379475743073 -0.02548513322783156 0
2129 0.04667157225812898 -0.02532539618945817 0
2130 0.04651290525896688 -0.0251337117434101 0
2131 0.050760518360307 -0.02279879926540362 0
2132 0.05068456987087916 -0.02270589111712094 0
2133 0.05059343168356575 -0.02259440133918171 0
2134 0.05048406585878965 -0.02246061360565465 0
2135 0.05035282686905834 -0.02230006832542216 0
2136 0.05019534008138076 -0.02210741398914319 0
2137 0.05412298584875828 -0.02006458445733067 0
2138 0.05404760055753355 -0.01997121835469311 0
2139 0.05395713820806388 -0.01985917903152802 0
2140 0.05384858338870028 -0.01972473184372993 0
2141 0.05371831760546395 -0.01956339521837221 0
2142 0.05356199866558036 -0.01936979126794295 0
2143 0.05720099023990328 -0.01759675353817536 0
2144 0.05712619214022097 -0.01750291666211934 0
2145 0.05703643442060219 -0.0173903124108521 0
2146 0.05692872515705965 -0.01725518730933142 0
2147 0.0567994740408086 -0.0170930371875066 0
2148 0.05664437270130735 -0.01689845704131682 0
2149 0.0600149717976699 -0.01536661971096313 0
2150 0.05994064703555762 -0.01527240771569067 0
2151 0.05985145732102289 -0.01515935332136371 0
2152 0.05974442966358123 -0.01502368804817136 0
2153 0.05961599647465122 -0.01486088972034054 0
2154 0.05946187664793521 -0.01466553172694355 0
2155 0.06258547769036947 -0.0133478762840675 0
2156 0.0625115028498035 -0.01325338948378091 0
2157 0.06242273304112434 -0.01314000532343701 0
2158 0.06231620927070934 -0.01300394433102433 0
2159 0.06218838074621135 -0.01284067114012911 0
2160 0.06203498651681376 -0.01264474331105485 0
2161 0.06493064017051565 -0.01151746545904136 0
2162 0.06485694431414653 -0.01142276091351453 0
2163 0.06476850928650359 -0.01130911545888233 0
2164 0.06466238725333205 -0.01117274091332369 0
2165 0.06453504081352621 -0.01100909145865333 0
2166 0.06438222508575921 -0.0108127121130489 0
2167 0.06706937663449565 -0.009858115140031449 0
2168 0.06699589682973556 -0.009763242971795377 0
2169 0.06690772106402343 -0.00964939636991209 0
2170 0.06680191014516888 -0.009512780447652145 0
2171 0.06667493704254344 -0.00934884134094021 0
2172 0.06652256931939289 -0.00915211441288589 0
2173 0.06901976962959354 -0.008350096273575591 0
2174 0.06894643577625342 -0.008255111258470707 0
2175 0.0688584351522453 -0.008141129240344847 0
2176 0.06875283440343555 -0.008004350818593815 0
2177 0.06862611350486385 -0.007840216712492578 0
2178 0.0684740484265778 -0.007643255785171091 0
2179 0.07079669680877461 -0.00698019313694099 0
2180 0.07072353235212582 -0.006885077528504418 0
2181 0.07063573500414728 -0.006770938798380532 0
2182 0.07053037818657304 -0.006633972322231871 0
2183 0.07040395000548395 -0.006469612550853475 0
2184 0.07025223618817704 -0.006272380825199401 0
2185 0.07241662753163779 -0.005736875751380693 0
2186 0.07234368621725028 -0.005641588880507245 0
2187 0.07225615663998526 -0.005527244635459107 0
2188 0.07215112114726725 -0.005390031541401342 0
2189 0.07202507855600564 -0.005225375828532023 0
2190 0.07187382744649169 -0.005027788973088842 0
2191 0.07389431740668588 -0.004608667345457346 0
2192 0.07382160007223494 -0.00451320946917104 0
2193 0.07373433927089383 -0.004398660017627473 0
2194 0.07362962630928449 -0.004261200675775192 0
2195 0.07350397075535328 -0.004096249465552455 0
2196 0.07335318409063583 -0.003898308013285171 0
2197 0.07524119321602299 -0.003584943058901138 0
2198 0.0751685997858548 -0.003489391007195248 0
2199 0.07508148766965297 -0.00337472854514818 0
2200 0.07497695313021079 -0.003237133590691698 0
2201 0.07485151168288016 -0.00307201964534392 0
2202 0.07470098194608342 -0.002873882910926586 0
2203 0.0764679972317987 -0.002653328481575452 0
2204 0.07639549195154596 -0.002557709490694346 0
2205 0.07630848561524267 -0.002442966701637018 0
2206 0.07620407801167872 -0.002305275354768225 0
2207 0.07607878888740199 -0.002140045738525673 0
2208 0.07592844193826991 -0.001941770199034612 0
2209 0.07758543794857446 -0.001807230985520955 0
2210 0.07751300885205051 -0.001711554310645819 0
2211 0.07742609393622177 -0.001596742300795656 0
2212 0.07732179603722729 -0.001458967888975461 0
2213 0.07719663855843389 -0.001293638594791226 0
2214 0.07704644958388183 -0.001095243441770145 0
2215 0.07860334132351093 -0.001036814618554269 0
2216 0.07853092783438988 -0.0009411261309782669 0
2217 0.07844403164744461 -0.0008262999458870644 0
2218 0.0783397562231103 -0.0006885085237776213 0
2219 0.07821462571390912 -0.0005231588172462899 0
2220 0.07806446910286771 -0.000324739169408692 0
2221 0.07952911451009929 -0.0003363183886845293 0
2222 0.0794566648171957 -0.0002406572952388001 0
2223 0.07936972518571138 -0.000125863983103925 0
2224 0.07926539762793021 1.188799145792512e-05 0
2225 0.0791402045585928 0.0001771903609321452 0
2226 0.07898997287538792 0.0003755532043012092 0
2227 0.08037184721650054 0.000302514111554098 0
2228 0.08029936404625107 0.000398149827387392 0
2229 0.08021238424195172 0.0005129126863873447 0
2230 0.08010800847679249 0.000650628117187288 0
2231 0.0799827575586014 0.0008158866341472199 0
2232 0.07983245645677212 0.001014196854499138 0
2233 0.0811389296406671 0.0008837866450144723 0
2234 0.08106640413800235 0.0009793902823715885 0
2235 0.08097937353480467 0.001094114647200128 0
2236 0.08087493681096743 0.001231783884994375 0
2237 0.08074961274236275 0.001396986970347472 0
2238 0.08059922386003714 0.001595230672771188 0
2239 0.08183609448666514 0.00141323730613411 0
2240 0.08176349051546808 0.001508781351549309 0
2241 0.08167636575003161 0.001623434206047548 0
2242 0.08157181603150783 0.001761017631445435 0
2243 0.08144635636927931 0.001926117741922899 0
2244 0.08129580477460509 0.002124237874495856 0
2245 0.08247083308573637 0.001895868857409985 0
2246 0.08239822428833103 0.001991409233047883 0
2247 0.08231109373144462 0.002106057683813361 0
2248 0.08220653706318093 0.002243635824731935 0
2249 0.0820810690612645 0.002408729593834223 0
2250 0.08193050745896478 0.002606842116756969 0
2251 0.08304886839309045 0.002334945463525646 0
2252 0.08297628943212536 0.002430508502927107 0
2253 0.08288919467896726 0.00254518415020886 0
2254 0.08278468097517755 0.002682794926946965 0
2255 0.08265926453062988 0.00284792785903269 0
2256 0.08250876479717269 0.00304608737753556 0
2257 0.08357508368100088 0.002734540197779062 0
2258 0.08350250926648686 0.002830106689637505 0
2259 0.08341541996907004 0.002944786479867637 0
2260 0.08331091281216983 0.003082402228143795 0
2261 0.08318550422388961 0.003247541126075185 0
2262 0.08303501391795333 0.003445707803592853 0
2263 0.08405358185355227 0.003097935717084946 0
2264 0.08398097694759657 0.003193479052147434 0
2265 0.08389385106044973 0.003308131054222419 0
2266 0.08378929999587352 0.003445713456712401 0
2267 0.08366383871838207 0.003610812339700379 0
2268 0.08351328518539232 0.003808930999285953 0
2269 0.084489301294778 0.003429246914726199 0
2270 0.08441663704096194 0.003524745122874263 0
2271 0.08432943993638267 0.003639342972651939 0
2272 0.08422480341088755 0.003776860392385151 0
2273 0.0840992395802934 0.003941881296065005 0
2274 0.08394856298358043 0.00413990638048083 0
2275 0.08488559337728108 0.003730987981605595 0
2276 0.08481291598006563 0.003826476182121089 0
2277 0.08472570310340709 0.003941062022739681 0
2278 0.08462104765141683 0.004078565031481992 0
2279 0.08449546110902852 0.004243568641972765 0
2280 0.08434475725816255 0.004441572974561692 0
2281 0.08524657716701564 0.004005631684893072 0
2282 0.08517394247720167 0.00410115237797877 0
2283 0.08508678084942489 0.004215777209681608 0
2284 0.08498218689609277 0.004353327007725014 0
2285 0.08485667415209422 0.004518386765377101 0
2286 0.08470605885929595 0.004716458474559605 0
2287 0.788915019377519 0.02543714771289942 0
2288 0.789035185117105 0.02543192043128451 0
2289 0.7891793840046082 0.02542564769334662 0
2290 0.7893524226696121 0.02541812040782115 0
2291 0.7895600690676168 0.02540908766519059 0
2292 0.7898092447452224 0.02539824837403392 0
2293 0.7878695572000424 0.02538683655058688 0
2294 0.787863891992443 0.0252669703133418 0
2295 0.7878570937433237 0.0251231308286477 0
2296 0.7878489358443806 0.02495052344701478 0
2297 0.787839146365649 0.02474339458905528 0
2298 0.7878273989911709 0.02449483995950388 0
2299 0.7868254544997809 0.02543534210944343 0
2300 0.7868199071843408 0.02531547039572708 0
2301 0.7868132504058126 0.02517162433926746 0
2302 0.7868052622715789 0.02499900907151591 0
2303 0.7867956765104984 0.02479187075021405 0
2304 0.7867841735972018 0.02454330476465182 0
2305 0.7856661991752842 0.0254887829578182 0
2306 0.7856607171214616 0.02536890823568642 0
2307 0.7856541386568743 0.02522505856912829 0
2308 0.7856462444993696 0.02505243896925853 0
2309 0.7856367715103639 0.02484529544941482 0
2310 0.7856254039235571 0.02459672322560237 0
2311 0.7843795647654873 0.02554715423175175 0
2312 0.7843742232878766 0.02542727313250906 0
2313 0.7843678135147437 0.02528341581341784 0
2314 0.7843601217869842 0.02511078703050837 0
2315 0.7843508917136729 0.02490363249101701 0
2316 0.7843398156256993 0.02465504704362738 0
2317 0.7829515611685766 0.02560963452799791 0
2318 0.7829464204511341 0.02548974464561446 0
2319 0.7829402515902031 0.0253458767867543 0
2320 0.7829328489570859 0.02517323535612213 0
2321 0.7829239657973452 0.02496606563936351 0
2322 0.7829133060056565 0.02471746197925317 0
2323 0.7813665521934164 0.02567622463640711 0
2324 0.7813616552753944 0.02555632451267349 0
2325 0.7813557789737677 0.02541244436419315 0
2326 0.7813487274118158 0.02523978818601673 0
2327 0.7813402655374736 0.02503260077220503 0
2328 0.7813301112882629 0.024783975875631 0
2329 0.7796056582230264 0.02574610138311734 0
2330 0.779601085474203 0.02562618839775081 0
2331 0.779595598175615 0.02548229281531097 0
2332 0.7795890134173092 0.02530961811638317 0
2333 0.7795811117073425 0.02510240847766981 0
2334 0.7795716296553822 0.02485375691121377 0
2335 0.7776516294597425 0.02581762031872314 0
2336 0.7776474810704811 0.02569769180527636 0
2337 0.7776425030033673 0.02555377758914023 0
2338 0.7776365293228309 0.02538108052977688 0
2339 0.7776293609061872 0.02517384405854085 0
2340 0.7776207588062146 0.02492516029305761 0
2341 0.7754830987581707 0.02588831541107707 0
2342 0.7754794871549469 0.02576836940420882 0
2343 0.7754751532310783 0.02562443419596692 0
2344 0.775469952522436 0.02545171194607665 0
2345 0.7754637116720652 0.02524444524620831 0
2346 0.7754562226516203 0.02499572520636632 0
2347 0.7730745747309099 0.02595489918836506 0
2348 0.7730716087187101 0.02583493534280119 0
2349 0.7730680495040703 0.02569097872812455 0
2350 0.7730637784465025 0.02551823079051259 0
2351 0.7730586531774212 0.02531093326537823 0
2352 0.7730525028545236 0.025062176235217 0
2353 0.7704013969083221 0.02601326193688809 0
2354 0.7703991921253963 0.02589328148372071 0
2355 0.7703965463858854 0.02574930493991986 0
2356 0.7703933714984723 0.02557653308735884 0
2357 0.7703895616335765 0.02536920686428562 0
2358 0.7703849897957017 0.02512041539659775 0
2359 0.7674328421277601 0.02605765462054593 0
2360 0.7674311523399394 0.02593766647347383 0
2361 0.7674291245945546 0.02579368069698732 0
2362 0.7674266913000929 0.0256208977652035 0
2363 0.7674237713467388 0.02541355824706292 0
2364 0.767420267402714 0.02516475082529422 0
2365 0.7641367838931962 0.02610122934968247 0
2366 0.764135290286957 0.02598123860984112 0
2367 0.7641334979594701 0.02583724972203148 0
2368 0.7641313471664857 0.02566446305665992 0
2369 0.7641287662149044 0.02545711905821404 0
2370 0.7641256690730069 0.025208306260079 0
2371 0.7604773328785593 0.02614398186747183 0
2372 0.7604760618977772 0.02602398852780557 0
2373 0.7604745367208384 0.02587999652020607 0
2374 0.7604727065085121 0.02570720611108666 0
2375 0.7604705102537204 0.02549985762014337 0
2376 0.7604678747479704 0.02525103943101142 0
2377 0.7564150992757627 0.02618262282876458 0
2378 0.7564141686295369 0.02606262625428251 0
2379 0.7564130518540659 0.02591863036490403 0
2380 0.7564117117235007 0.02574583529764985 0
2381 0.7564101035668226 0.02553848121694484 0
2382 0.7564081737788088 0.02528965632009882 0
2383 0.7519057124856313 0.02620975314554013 0
2384 0.7519052740783455 0.02608975361467565 0
2385 0.7519047479896027 0.02594575417763829 0
2386 0.7519041166831112 0.02577295485319344 0
2387 0.7519033591153215 0.02556559566385963 0
2388 0.7519024500339738 0.02531676463665906 0
2389 0.7468996033680403 0.02621633039811971 0
2390 0.7468995249295883 0.02609633039786271 0
2391 0.7468994308034459 0.02595233039755432 0
2392 0.7468993178520751 0.02577953039718424 0
2393 0.74689918231043 0.02557217039674014 0
2394 0.7468990196604559 0.02532333839620723 0
2395 0.7413423819785716 0.02621633039833388 0
2396 0.7413423819785716 0.02609633039833388 0
2397 0.7413423819785716 0.02595233039833388 0
2398 0.7413423819785716 0.02577953039833388 0
2399 0.7413423819785716 0.02557217039833388 0
2400 0.7413423819785716 0.02532333839833388 0
2401 0.7351733743559047 0.02621633039833388 0
2402 0.7351733743559047 0.02609633039833388 0
2403 0.7351733743559047 0.02595233039833388 0
2404 0.7351733743559047 0.02577953039833388 0
2405 0.7351733743559047 0.02557217039833388 0
2406 0.7351733743559047 0.02532333839833388 0
2407 0.7283244028116136 0.02621633039833388 0
2408 0.7283244028116136 0.02609633039833388 0
2409 0.7283244028116136 0.02595233039833388 0
2410 0.7283244028116136 0.02577953039833388 0
2411 0.7283244028116136 0.02557217039833388 0
2412 0.7283244028116136 0.02532333839833388 0
2413 0.7207222910590908 0.02621633039833388 0
2414 0.7207222910590908 0.02609633039833388 0
2415 0.7207222910590908 0.02595233039833388 0
2416 0.7207222910590908 0.02577953039833388 0
2417 0.7207222910590908 0.02557217039833388 0
2418 0.7207222910590908 0.02532333839833388 0
2419 0.7136579016823145 0.02621633039833388 0
2420 0.7136579016823145 0.02609633039833388 0
2421 0.7136579016823145 0.02595233039833388 0
2422 0.7136579016823145 0.02577953039833388 0
2423 0.7136579016823145 0.02557217039833388 0
2424 0.7136579016823145 0.02532333839833388 0
2425 0.7070942354352467 0.02621633039833388 0
2426 0.7070942354352467 0.02609633039833388 0
2427 0.7070942354352467 0.02595233039833388 0
2428 0.7070942354352467 0.02577953039833388 0
2429 0.7070942354352467 0.02557217039833388 0
2430 0.7070942354352467 0.02532333839833388 0
2431 0.7009951152773175 0.02621633039833388 0
2432 0.7009951152773175 0.02609633039833388 0
2433 0.7009951152773175 0.02595233039833388 0
2434 0.7009951152773175 0.02577953039833388 0
2435 0.7009951152773175 0.02557217039833388 0
2436 0.7009951152773175 0.02532333839833388 0
2437 0.6953284751952943 0.02621633039833388 0
2438 0.6953284751952943 0.02609633039833388 0
2439 0.6953284751952943 0.02595233039833388 0
2440 0.6953284751952943 0.02577953039833388 0
2441 0.6953284751952943 0.02557217039833388 0
2442 0.6953284751952943 0.02532333839833388 0
2443 0.6900630713814121 0.02621633039833388 0
2444 0.6900630713814121 0.02609633039833388 0
2445 0.6900630713814121 0.02595233039833388 0
2446 0.6900630713814121 0.02577953039833388 0
2447 0.6900630713814121 0.02557217039833388 0
2448 0.6900630713814121 0.02532333839833388 0
2449 0.6851709488497756 0.02621633039833388 0
2450 0.6851709488497756 0.02609633039833388 0
2451 0.6851709488497756 0.02595233039833388 0
2452 0.6851709488497756 0.02577953039833388 0
2453 0.6851709488497756 0.02557217039833388 0
2454 0.6851709488497756 0.02532333839833388 0
2455 0.6806249748199574 0.02621633039833388 0
2456 0.6806249748199574 0.02609633039833388 0
2457 0.6806249748199574 0.02595233039833388 0
2458 0.6806249748199574 0.02577953039833388 0
2459 0.6806249748199574 0.02557217039833388 0
2460 0.6806249748199574 0.02532333839833388 0
2461 0.6764004831279327 0.02621633039833388 0
2462 0.6764004831279327 0.02609633039833388 0
2463 0.6764004831279327 0.02595233039833388 0
2464 0.6764004831279327 0.02577953039833388 0
2465 0.6764004831279327 0.02557217039833388 0
2466 0.6764004831279327 0.02532333839833388 0
2467 0.6724760964315459 0.02621633039833387 0
2468 0.6724760964315459 0.02609633039833387 0
2469 0.6724760964315459 0.02595233039833387 0
2470 0.6724760964315459 0.02577953039833387 0
2471 0.6724760964315459 0.02557217039833387 0
2472 0.6724760964315459 0.02532333839833387 0
2473 0.6688287929777075 0.02621633039833388 0
2474 0.6688287929777075 0.02609633039833388 0
2475 0.6688287929777075 0.02595233039833388 0
2476 0.6688287929777075 0.02577953039833388 0
2477 0.6688287929777075 0.02557217039833388 0
2478 0.6688287929777075 0.02532333839833388 0
2479 0.665440484246132 0.02621633039833388 0
2480 0.665440484246132 0.02609633039833388 0
2481 0.665440484246132 0.02595233039833388 0
2482 0.665440484246132 0.02577953039833388 0
2483 0.665440484246132 0.02557217039833388 0
2484 0.665440484246132 0.02532333839833388 0
2485 0.6622922595110672 0.02621633039833388 0
2486 0.6622922595110672 0.02609633039833388 0
2487 0.6622922595110672 0.02595233039833388 0
2488 0.6622922595110672 0.02577953039833388 0
2489 0.6622922595110672 0.02557217039833388 0
2490 0.6622922595110672 0.02532333839833388 0
2491 0.6593668524576953 0.02621633039833388 0
2492 0.6593668524576953 0.02609633039833388 0
2493 0.6593668524576953 0.02595233039833388 0
2494 0.6593668524576953 0.02577953039833388 0
2495 0.6593668524576953 0.02557217039833388 0
2496 0.6593668524576953 0.02532333839833388 0
2497 0.6566486411821341 0.02621633039833388 0
2498 0.6566486411821341 0.02609633039833388 0
2499 0.6566486411821341 0.02595233039833388 0
2500 0.6566486411821341 0.02577953039833388 0
2501 0.6566486411821341 0.02557217039833388 0
2502 0.6566486411821341 0.02532333839833388 0
2503 0.654122825985968 0.02621633039833388 0
2504 0.654122825985968 0.02609633039833388 0
2505 0.654122825985968 0.02595233039833388 0
2506 0.654122825985968 0.02577953039833388 0
2507 0.654122825985968 0.02557217039833388 0
2508 0.654122825985968 0.02532333839833388 0
2509 0.6517754293762502 0.02621633039833388 0
2510 0.6517754293762502 0.02609633039833388 0
2511 0.6517754293762502 0.02595233039833388 0
2512 0.6517754293762502 0.02577953039833388 0
2513 0.6517754293762502 0.02557217039833388 0
2514 0.6517754293762502 0.02532333839833388 0
2515 0.6495949404764351 0.02621633039833388 0
2516 0.6495949404764351 0.02609633039833388 0
2517 0.6495949404764351 0.02595233039833388 0
2518 0.6495949404764351 0.02577953039833388 0
2519 0.6495949404764351 0.02557217039833388 0
2520 0.6495949404764351 0.02532333839833388 0
2521 0.6475690262045104 0.02621633039833388 0
2522 0.6475690262045104 0.02609633039833388 0
2523 0.6475690262045104 0.02595233039833388 0
2524 0.6475690262045104 0.02577953039833388 0
2525 0.6475690262045104 0.02557217039833388 0
2526 0.6475690262045104 0.02532333839833388 0
2527 0.6457866719526415 0.02621682914218478 0
2528 0.6459072674750942 0.02609742763480586 0
2529 0.6460519821020375 0.02595414582595116 0
2530 0.6462256396543694 0.02578220765532551 0
2531 0.6464340287171677 0.02557588185057474 0
2532 0.6466840955925256 0.02532829088487381 0
2533 0.6457861756839309 0.02443347987775449 0
2534 0.6459061756839309 0.02443347987775449 0
2535 0.646050175683931 0.02443347987775449 0
2536 0.6462229756839309 0.02443347987775449 0
2537 0.6464303356839309 0.02443347987775449 0
2538 0.646679167683931 0.02443347987775449 0
2539 0.6457861756839309 0.02241825427690729 0
2540 0.6459061756839309 0.02241825427690729 0
2541 0.646050175683931 0.02241825427690729 0
2542 0.6462229756839309 0.02241825427690729 0
2543 0.6464303356839309 0.02241825427690729 0
2544 0.646679167683931 0.02241825427690729 0
2545 0.6457861756839309 0.02026160933564976 0
2546 0.6459061756839309 0.02026160933564977 0
2547 0.646050175683931 0.02026160933564977 0
2548 0.6462229756839309 0.02026160933564978 0
2549 0.6464303356839309 0.02026160933564978 0
2550 0.646679167683931 0.02026160933564979 0
2551 0.645786175683931 0.01795285638290437 0
2552 0.645906175683931 0.01795285638290437 0
2553 0.6460501756839311 0.01795285638290437 0
2554 0.6462229756839311 0.01795285638290437 0
2555 0.646430335683931 0.01795285638290437 0
2556 0.6466791676839311 0.01795285638290437 0
2557 0.6457861756839309 0.01548130674759361 0
2558 0.6459061756839309 0.01548130674759361 0
2559 0.646050175683931 0.0154813067475936 0
2560 0.6462229756839309 0.0154813067475936 0
2561 0.6464303356839309 0.01548130674759359 0
2562 0.646679167683931 0.01548130674759359 0
2563 0.6457861756839309 0.01283544955317244 0
2564 0.6459061756839309 0.01283544955317244 0
2565 0.646050175683931 0.01283544955317244 0
2566 0.6462229756839309 0.01283544955317244 0
2567 0.6464303356839309 0.01283544955317244 0
2568 0.646679167683931 0.01283544955317244 0
2569 0.6457861756839309 0.01000377392309583 0
2570 0.6459061756839309 0.01000377392309583 0
2571 0.646050175683931 0.01000377392309583 0
2572 0.6462229756839309 0.01000377392309583 0
2573 0.6464303356839309 0.01000377392309583 0
2574 0.646679167683931 0.01000377392309583 0
2575 0.6457861756839309 0.006973124569883764 0
2576 0.6459061756839309 0.006973124569883764 0
2577 0.646050175683931 0.006973124569883764 0
2578 0.6462229756839309 0.006973124569883764 0
2579 0.6464303356839309 0.006973124569883764 0
2580 0.646679167683931 0.006973124569883764 0
2581 0.6457861756839309 0.004097872050029558 0
2582 0.6459061756839309 0.004097872050029558 0
2583 0.646050175683931 0.004097872050029558 0
2584 0.6462229756839309 0.004097872050029558 0
2585 0.6464303356839309 0.004097872050029558 0
2586 0.646679167683931 0.004097872050029558 0
2587 0.6457861756839309 0.001371438719793201 0
2588 0.6459061756839309 0.001371438719793204 0
2589 0.646050175683931 0.001371438719793207 0
2590 0.6462229756839309 0.00137143871979321 0
2591 0.6464303356839309 0.001371438719793215 0
2592 0.646679167683931 0.00137143871979322 0
2593 0.645786175683931 -0.001214397475500333 0
2594 0.645906175683931 -0.001214397475500333 0
2595 0.6460501756839311 -0.001214397475500333 0
2596 0.6462229756839311 -0.001214397475500334 0
2597 0.646430335683931 -0.001214397475500334 0
2598 0.6466791676839311 -0.001214397475500334 0
2599 0.6457861756839309 -0.003667036385058556 0
2600 0.6459061756839309 -0.003667036385058559 0
2601 0.646050175683931 -0.003667036385058562 0
2602 0.6462229756839309 -0.003667036385058566 0
2603 0.6464303356839309 -0.003667036385058571 0
2604 0.646679167683931 -0.003667036385058576 0
2605 0.6457861756839309 -0.00599387785808898 0
2606 0.6459061756839309 -0.00599387785808898 0
2607 0.646050175683931 -0.00599387785808898 0
2608 0.6462229756839309 -0.00599387785808898 0
2609 0.6464303356839309 -0.00599387785808898 0
2610 0.646679167683931 -0.00599387785808898 0
2611 0.6457861756839309 -0.008200677332864123 0
2612 0.6459061756839309 -0.008200677332864122 0
2613 0.646050175683931 -0.008200677332864116 0
2614 0.6462229756839309 -0.008200677332864113 0
2615 0.6464303356839309 -0.008200677332864108 0
2616 0.646679167683931 -0.008200677332864101 0
2617 0.645786175683931 -0.01029319024765651 0
2618 0.645906175683931 -0.01029319024765651 0
2619 0.6460501756839311 -0.01029319024765651 0
2620 0.6462229756839311 -0.01029319024765651 0
2621 0.646430335683931 -0.01029319024765651 0
2622 0.6466791676839311 -0.01029319024765651 0
2623 0.6457861756839309 -0.01227799424620614 0
2624 0.6459061756839309 -0.01227799424620615 0
2625 0.646050175683931 -0.01227799424620615 0
2626 0.6462229756839309 -0.01227799424620615 0
2627 0.6464303356839309 -0.01227799424620616 0
2628 0.646679167683931 -0.01227799424620617 0
2629 0.6457858315396552 -0.01424432473351309 0
2630 0.6459054185665242 -0.01434450069358616 0
2631 0.646048922998767 -0.01446471184567385 0
2632 0.6462211283174585 -0.01460896522817907 0
2633 0.6464277746998882 -0.01478206928718533 0
2634 0.6466757503588039 -0.01498979415799285 0
2635 0.6438537103459681 -0.01460447878693968 0
2636 0.6438756933492286 -0.0147224480555037 0
2637 0.6439020729531413 -0.01486401117778052 0
2638 0.6439337284778366 -0.0150338869245127 0
2639 0.6439717151074709 -0.01523773782059133 0
2640 0.6440172990630321 -0.01548235889588567 0
2641 0.6417110156321689 -0.01500325351300267 0
2642 0.6417329659168427 -0.01512122887075616 0
2643 0.6417593062584511 -0.01526279930006035 0
2644 0.6417909146683813 -0.01543268381522537 0
2645 0.6418288447602976 -0.0156365452334234 0
2646 0.641874360870597 -0.01588117893526104 0
2647 0.6392312454590653 -0.01546451049811583 0
2648 0.6392531975639976 -0.01558248551728282 0
2649 0.6392795400899164 -0.01572405554028321 0
2650 0.639311151121019 -0.01589393956788368 0
2651 0.6393490843583421 -0.01609780040100424 0
2652 0.6393946042431298 -0.01634243340074891 0
2653 0.636360082117314 -0.01599894811896009 0
2654 0.6363820080031647 -0.0161169280184887 0
2655 0.6364083190661856 -0.01625850389792303 0
2656 0.6364398923418106 -0.01642839495324423 0
2657 0.6364777802725606 -0.01663226421962967 0
2658 0.6365232457894606 -0.01687690733929219 0
2659 0.6330366978080545 -0.01661560775077082 0
2660 0.633058587922365 -0.01673359428772059 0
2661 0.6330848560595378 -0.01687517813206031 0
2662 0.6331163778241451 -0.01704507874526798 0
2663 0.6331542039416738 -0.01724895948111717 0
2664 0.6331995952827082 -0.01749361636413621 0
2665 0.6291896181792679 -0.01732927843204263 0
2666 0.6292115319979645 -0.01744726057156857 0
2667 0.6292378285804006 -0.01758883913899969 0
2668 0.6292693844793238 -0.01775873341991704 0
2669 0.6293072515580316 -0.01796260655701785 0
2670 0.6293526920524809 -0.01820725432153883 0
2671 0.6247374137439838 -0.01815723223926717 0
2672 0.6247593733681669 -0.01827520586053322 0
2673 0.6247857249171866 -0.01841677420605249 0
2674 0.6248173467760104 -0.01858665622067561 0
2675 0.6248552930065988 -0.01879051463822335 0
2676 0.624900828483305 -0.01903514473928064 0
2677 0.6195829919634601 -0.01911757115125063 0
2678 0.6196049327419381 -0.01923554828364615 0
2679 0.6196312616761117 -0.01937712084252077 0
2680 0.61966285639712 -0.01954700791317032 0
2681 0.6197007700623302 -0.01975087239794978 0
2682 0.6197462664605822 -0.01999550977968513 0
2683 0.6136169114870973 -0.02022511117265525 0
2684 0.6136386631405728 -0.02034312341306623 0
2685 0.6136647651247435 -0.0204847381015594 0
2686 0.6136960875057484 -0.0206546757277512 0
2687 0.6137336743629542 -0.02085860087918137 0
2688 0.6137787785916011 -0.02110331106089757 0
2689 0.6067068276618404 -0.02148971242292557 0
2690 0.6067282564236708 -0.02160778375283939 0
2691 0.6067539709378674 -0.02174946934873597 0
2692 0.6067848283549032 -0.02191949206381186 0
2693 0.6068218572553463 -0.02212351932190294 0
2694 0.6068662919358779 -0.02236835203161223 0
2695 0.5987033402856399 -0.02293024148318895 0
2696 0.5987246018208263 -0.02304834291054279 0
2697 0.5987501156630499 -0.0231900646233674 0
2698 0.5987807322737183 -0.02336013067875693 0
2699 0.5988174722065203 -0.02356420994522436 0
2700 0.5988615601258828 -0.02380910506498528 0
2701 0.5894385557074967 -0.02459852759347691 0
2702 0.5894596091982852 -0.02471666648090264 0
2703 0.5894848733872314 -0.02485843314581351 0
2704 0.5895151904139669 -0.02502855314370656 0
2705 0.5895515708460495 -0.02523269714117821 0
2706 0.5895952273645486 -0.0254776699381442 0
2707 0.5787064767760711 -0.02649135976671255 0
2708 0.5787267464633509 -0.02660963687859375 0
2709 0.5787510700880865 -0.02675156941285119 0
2710 0.5787802584377693 -0.02692188845396012 0
2711 0.5788152844573886 -0.02712627130329083 0
2712 0.5788573156809319 -0.02737153072248769 0
2713 0.5662663058784251 -0.02856184359954723 0
2714 0.5662853463099333 -0.02868032527022623 0
2715 0.5663081948277431 -0.02882250327504104 0
2716 0.5663356130491148 -0.0289931168808188 0
2717 0.5663685149147609 -0.02919785320775212 0
2718 0.5664079971535363 -0.0294435368000721 0
2719 0.5518407121232957 -0.03079836974377188 0
2720 0.5518587673148729 -0.0309170041415942 0
2721 0.5518804335447657 -0.03105936541898099 0
2722 0.5519064330206369 -0.03123019895184513 0
2723 0.5519376323916825 -0.0314351991912821 0
2724 0.551975071636937 -0.03168119947860647 0
2725 0.5351177527767178 -0.0332963710195936 0
2726 0.5351346745100666 -0.03341517469607701 0
2727 0.5351549805900853 -0.03355773910785709 0
2728 0.5351793478861075 -0.0337288164019932 0
2729 0.5352085886413342 -0.03393410915495652 0
2730 0.5352436775476064 -0.03418046045851251 0
2731 0.515727476299762 -0.03592521253111762 0
2732 0.5157421788157591 -0.03604431696590549 0
2733 0.5157598218349557 -0.03618724228765093 0
2734 0.5157809934579916 -0.03635875267374546 0
2735 0.5158063994056346 -0.0365645651370589 0
2736 0.5158368865428062 -0.03681154009303502 0
2737 0.4932349268007976 -0.03843233326984519 0
2738 0.4932472999476945 -0.03855169722661013 0
2739 0.4932621477239706 -0.03869493397472807 0
2740 0.493279965055502 -0.03886681807246959 0
2741 0.4933013458533397 -0.03907307898975942 0
2742 0.4933270028107449 -0.03932059209050721 0
2743 0.4671293132155825 -0.04093698536114292 0
2744 0.4671390050789223 -0.04105660640265214 0
2745 0.46715063531493 -0.04120015165246319 0
2746 0.4671645915981391 -0.04137240595223646 0
2747 0.4671813391379901 -0.04157911111196438 0
2748 0.4672014361858113 -0.04182715730363788 0
2749 0.4368596666837648 -0.04294334011279329 0
2750 0.4368662159125399 -0.04306316924743731 0
2751 0.43687407498707 -0.04320696420901014 0
2752 0.436883505876506 -0.04337951816289754 0
2753 0.4368948229438294 -0.04358658290756242 0
2754 0.4369084034246174 -0.04383506060116027 0
2755 0.4017634120306979 -0.04445796669758013 0
2756 0.4017665041924929 -0.04457794476860213 0
2757 0.4017702147866469 -0.04472191845382854 0
2758 0.4017746674996316 -0.04489468687610024 0
2759 0.4017800107552134 -0.04510200898282626 0
2760 0.4017864226619115 -0.0453507955108975 0
2761 0.3611133975718276 -0.04480660429134764 0
2762 0.361113318419249 -0.04492660933302568 0
2763 0.3611132234361547 -0.04507061538303932 0
2764 0.3611131094564415 -0.0452434226430557 0
2765 0.3611129726807857 -0.04545079135507536 0
2766 0.3611128085499988 -0.04569963380949894 0
2767 0.3261417499002428 -0.04446372881257971 0
2768 0.3261397450743124 -0.04458371489567419 0
2769 0.3261373392831959 -0.04472769819538758 0
2770 0.3261344523338561 -0.04490047815504363 0
2771 0.3261309879946484 -0.0451078141066309 0
2772 0.3261268307875991 -0.04535661724853562 0
2773 0.2960750124797055 -0.04375576335892682 0
2774 0.2960706408987405 -0.04387569358666082 0
2775 0.2960653950015826 -0.04401960985994163 0
2776 0.296059099924993 -0.04419230938787859 0
2777 0.2960515458330855 -0.04439954882140294 0
2778 0.2960424809227966 -0.04464823614163217 0
2779 0.2702248073448501 -0.04248290502142898 0
2780 0.2702183841868489 -0.04260273412059715 0
2781 0.2702106763972476 -0.04274652903959894 0
2782 0.2702014270497259 -0.04291908294240109 0
2783 0.2701903278326999 -0.04312614762576367 0
2784 0.2701770087722686 -0.04337462524579877 0
2785 0.2480093341217921 -0.04119608821429792 0
2786 0.2480015598812814 -0.04131583901287739 0
2787 0.2479922307926687 -0.04145953997117277 0
2788 0.2479810358863333 -0.04163198112112722 0
2789 0.2479676019987309 -0.04183891050107256 0
2790 0.247951481333608 -0.04208722575700696 0
2791 0.2289098092493913 -0.03982373122905331 0
2792 0.2289004314809611 -0.03994336675565211 0
2793 0.228889178158845 -0.04008692938757066 0
2794 0.2288756741723055 -0.04025920454587294 0
2795 0.2288594693884582 -0.04046593473583565 0
2796 0.2288400236478415 -0.04071401096379092 0
2797 0.2124958630640415 -0.03843082343193249 0
2798 0.2124851885239196 -0.03855034887632418 0
2799 0.2124723790757734 -0.03869377940959421 0
2800 0.2124570077379979 -0.03886589604951825 0
2801 0.2124385621326673 -0.03907243601742709 0
2802 0.2124164274062705 -0.0393202839789177 0
2803 0.1983957704031166 -0.03710945363561877 0
2804 0.1983839998979521 -0.03722887634796471 0
2805 0.1983698752917548 -0.03737218360277984 0
2806 0.198352925764318 -0.037544152308558 0
2807 0.1983325863313938 -0.03775051475549179 0
2808 0.1983081790118848 -0.03799814969181233 0
2809 0.1862803301443647 -0.03585712460474039 0
2810 0.1862672817585058 -0.03597641519243878 0
2811 0.1862516236954753 -0.03611956389767685 0
2812 0.1862328340198386 -0.03629134234396253 0
2813 0.1862102864090746 -0.03649747647950535 0
2814 0.1861832292761577 -0.03674483744215673 0
2815 0.1758652364570356 -0.03465576251485522 0
2816 0.1758509409880371 -0.03477490922031578 0
2817 0.1758337864252389 -0.03491788526686845 0
2818 0.175813200949881 -0.03508945652273165 0
2819 0.1757884983794516 -0.0352953420297675 0
2820 0.1757588552949363 -0.03554240463821051 0
2821 0.1669147250051914 -0.03354075160893269 0
2822 0.1668994636104899 -0.03365977796400532 0
2823 0.1668811499368481 -0.03380260959009247 0
2824 0.166859173528478 -0.03397400754139706 0
2825 0.1668328018384338 -0.03417968508296257 0
2826 0.1668011558103808 -0.03442649813284117 0
2827 0.1592240030614511 -0.03252688865009699 0
2828 0.1592079806193157 -0.03264581466428262 0
2829 0.1591887536887532 -0.03278852588130536 0
2830 0.1591656813720783 -0.03295977934173266 0
2831 0.1591379945920683 -0.03316528349424541 0
2832 0.1591047704560564 -0.03341188847726072 0
2833 0.1526146128136223 -0.03161746022675849 0
2834 0.1525979871314288 -0.03173630322940647 0
2835 0.1525780363127966 -0.03187891483258404 0
2836 0.152554095330438 -0.03205004875639712 0
2837 0.1525253661516077 -0.03225540946497282 0
2838 0.1524908911370113 -0.03250184231526367 0
2839 0.1469351881916504 -0.03080999026659232 0
2840 0.1469180207599336 -0.03092875623994516 0
2841 0.1468974198418734 -0.03107127540796855 0
2842 0.1468726987402013 -0.03124229840959663 0
2843 0.1468430334181946 -0.03144752601155033 0
2844 0.1468074350317867 -0.03169379913389476 0
2845 0.1420537774553656 -0.03009290969436274 0
2846 0.1420356511262167 -0.03021153478223408 0
2847 0.142013899531238 -0.03035388488767968 0
2848 0.1419877976172635 -0.03052470501421441 0
2849 0.1419564753204942 -0.03072968916605609 0
2850 0.141918888564371 -0.03097567014826609 0
2851 0.1378603338810534 -0.02942758394619765 0
2852 0.1378409860772805 -0.02954601520412173 0
2853 0.137817768712753 -0.02968813271363064 0
2854 0.1377899078753201 -0.02985867372504132 0
2855 0.1377564748704006 -0.03006332293873414 0
2856 0.1377163552644971 -0.03030890199516552 0
2857 0.1342583400672374 -0.02882231739109406 0
2858 0.1342381116240755 -0.02894060065179154 0
2859 0.1342138374922812 -0.0290825405646285 0
2860 0.134184708534128 -0.02925286846003287 0
2861 0.1341497537843442 -0.0294572619345181 0
2862 0.1341078080846037 -0.02970253410390038 0
2863 0.1311622727163054 -0.0282836921223017 0
2864 0.1311414877541987 -0.02840187855790486 0
2865 0.1311165457996706 -0.02854370228062864 0
2866 0.1310866154542369 -0.02871389074789718 0
2867 0.1310506990397165 -0.02891811690861943 0
2868 0.131007599342292 -0.02916318830148613 0
2869 0.12850209167767 -0.02781086241369333 0
2870 0.1284808910940434 -0.02792897497154276 0
2871 0.1284554503936914 -0.02807071004096208 0
2872 0.128424921553269 -0.02824079212426526 0
2873 0.1283882869447622 -0.02844489062422908 0
2874 0.128344325414554 -0.02868980882418565 0
2875 0.1262150955857929 -0.02739639062462661 0
2876 0.1261933637780611 -0.02751440690234113 0
2877 0.126167285608783 -0.02765602643559856 0
2878 0.1261359918056492 -0.02782596987550748 0
2879 0.1260984392418887 -0.02802990200339818 0
2880 0.126053376165376 -0.02827462055686701 0
2881 0.1242495217367225 -0.02702877073905633 0
2882 0.1242271865909016 -0.02714667416685455 0
2883 0.1242003844159165 -0.02728815828021242 0
2884 0.1241682218059344 -0.02745793921624185 0
2885 0.1241296266739559 -0.02766167633947719 0
2886 0.1240833125155817 -0.02790616088735958 0
2887 0.1225603122481459 -0.02670474515615827 0
2888 0.1225374977523319 -0.02682255662951373 0
2889 0.122510120357355 -0.02696393039754027 0
2890 0.1224772674833828 -0.02713357891917213 0
2891 0.1224378440346162 -0.02733715714513035 0
2892 0.1223905358960962 -0.02758145101628022 0
2893 0.1211088453724978 -0.02642103066560543 0
2894 0.1210857018060752 -0.02653877781384328 0
2895 0.1210579295263681 -0.02668007439172869 0
2896 0.1210246027907196 -0.02684963028519118 0
2897 0.1209846107079414 -0.02705309735734618 0
2898 0.1209366202086075 -0.02729725784393217 0
2899 0.1198604944298525 -0.02617432099155126 0
2900 0.119837059211857 -0.02629201049922479 0
2901 0.1198089369502625 -0.02643323790843303 0
2902 0.1197751902363489 -0.02660271079948292 0
2903 0.1197346941796527 -0.02680607826874278 0
2904 0.1196860989116173 -0.02705011923185462 0
2905 0.1187865155577274 -0.02595886734227114 0
2906 0.1187628661018508 -0.02607651386979112 0
2907 0.1187344867547988 -0.0262176897028151 0
2908 0.1187004315383364 -0.02638710070244388 0
2909 0.1186595652785816 -0.02659039390199841 0
2910 0.1186105257668758 -0.02683434574146384 0
2911 0.1178655365775776 -0.02577335807734593 0
2912 0.1178437297869658 -0.02589137560974217 0
2913 0.1178175616382316 -0.02603299664861766 0
2914 0.1177861598597505 -0.02620294189526826 0
2915 0.1177484777255733 -0.02640687619124896 0
2916 0.1177032591645606 -0.02665159734642582 0
2917 0.1168283606299844 -0.02559870970830551 0
2918 0.1168041307225627 -0.02571631826878574 0
2919 0.1167750548336567 -0.02585744854136202 0
2920 0.1167401637669694 -0.02602680486845356 0
2921 0.1166982944869447 -0.02623003246096341 0
2922 0.116648051350915 -0.02647390557197522 0
2923 0.1158199971898506 -0.02535282668423088 0
2924 0.1157874666655691 -0.02546840964443925 0
2925 0.1157484300364313 -0.02560710919668929 0
2926 0.1157015860814659 -0.02577354865938935 0
2927 0.1156453733355075 -0.02597327601462941 0
2928 0.1155779180403573 -0.02621294884091748 0
2929 0.1148482434843585 -0.02504242714273807 0
2930 0.114807931576103 -0.02515552311353093 0
2931 0.1147595572861964 -0.02529123827848237 0
2932 0.1147015081383086 -0.02545409647642409 0
2933 0.1146318491608432 -0.02564952631395415 0
2934 0.1145482583878846 -0.02588404211899023 0
2935 0.1139155337775177 -0.02467496982352701 0
2936 0.1138679208953031 -0.02478518808435162 0
2937 0.1138107854366454 -0.02491744999734115 0
2938 0.1137422228862563 -0.02507616429292859 0
2939 0.1136599478257893 -0.02526662144763351 0
2940 0.1135612177532289 -0.02549517003327941 0
2941 0.11302596011956 -0.02425624847824271 0
2942 0.1129715039008736 -0.02436324428459332 0
2943 0.1129061564384499 -0.02449163925221405 0
2944 0.1128277394835415 -0.02464571321335892 0
2945 0.1127336391376513 -0.02483060196673277 0
2946 0.1126207187225832 -0.02505246847078139 0
2947 0.1121821153732267 -0.02379378746807976 0
2948 0.1121214249511625 -0.02389736548983513 0
2949 0.1120485964446855 -0.02402165911594157 0
2950 0.1119612022369131 -0.02417081146726931 0
2951 0.1118563291875862 -0.02434979428886258 0
2952 0.111730481528394 -0.02456457367477452 0
2953 0.1113863120324338 -0.02329661623357796 0
2954 0.1113198115931024 -0.02339656335709355 0
2955 0.1112400110659048 -0.02351649990531225 0
2956 0.1111442504332677 -0.02366042376317469 0
2957 0.1110293376741031 -0.02383313239260963 0
2958 0.1108914423631057 -0.02404038274793154 0
2959 0.1106425912701571 -0.02277070989447237 0
2960 0.1105696345278738 -0.02286608997729772 0
2961 0.1104820864371339 -0.02298054607668813 0
2962 0.110377028728246 -0.02311789339595663 0
2963 0.1102509594775804 -0.02328271017907882 0
2964 0.1100996763767818 -0.02348049031882545 0
2965 0.1099381644531083 -0.02218922257454316 0
2966 0.1098565718140962 -0.02227747046615505 0
2967 0.1097586606472818 -0.02238336793608933 0
2968 0.1096411672471045 -0.02251044490001045 0
2969 0.1095001751668918 -0.02266293725671581 0
2970 0.1093309846706365 -0.02284592808476223 0
2971 0.1092420015895264 -0.02146979508055509 0
2972 0.1091518233323362 -0.0215491659012093 0
2973 0.1090436094237078 -0.02164441088599434 0
2974 0.1089137527333538 -0.0217587048677364 0
2975 0.108757924704929 -0.02189585764582687 0
2976 0.1085709310708192 -0.02206044097953543 0
2977 0.1085769638854996 -0.02063890932374178 0
2978 0.1084800309254011 -0.02070983709034431 0
2979 0.1083637113732829 -0.02079495041026734 0
2980 0.108224127910741 -0.02089708639417498 0
2981 0.1080566277556907 -0.02101964957486415 0
2982 0.1078556275696304 -0.02116672539169116 0
2983 0.1079686907758456 -0.01972815376737445 0
2984 0.1078660286599379 -0.01979049943687772 0
2985 0.1077428341208486 -0.01986531424028164 0
2986 0.1075950006739415 -0.01995509200436636 0
2987 0.107417600537653 -0.02006282532126801 0
2988 0.1072047203741068 -0.02019210530154999 0
2989 0.1074430003019515 -0.01877295159497851 0
2990 0.1073350435370464 -0.01882567149588131 0
2991 0.1072054954191603 -0.01888893537696466 0
2992 0.1070500376776969 -0.01896485203426469 0
2993 0.1068634883879408 -0.01905595202302472 0
2994 0.1066396292402336 -0.01916527200953676 0
2995 0.1070290888283289 -0.01780991774536157 0
2996 0.1069167749290168 -0.01785249368404769 0
2997 0.1067819982498423 -0.01790358481047105 0
2998 0.1066202662348329 -0.01796489416217907 0
2999 0.1064261878168217 -0.0180384653842287 0
3000 0.1061932937152081 -0.01812675085068826 0
3001 0.1067088865372948 -0.01684103324717897 0
3002 0.1065941621078497 -0.01687631091097969 0
3003 0.1064564927925155 -0.01691864410754055 0
3004 0.1062912896141145 -0.01696944394341358 0
3005 0.1060930458000333 -0.01703040374646122 0
3006 0.1058551532231358 -0.01710355551011838 0
3007 0.1064145555958789 -0.01580839115872498 0
3008 0.1062978802124515 -0.01583681987107278 0
3009 0.1061578697523387 -0.01587093432589014 0
3010 0.1059898572002032 -0.01591187167167098 0
3011 0.1057882421376407 -0.01596099648660798 0
3012 0.1055463040625657 -0.01601994626453238 0
3013 0.1061995945709692 -0.01475183186572059 0
3014 0.1060805074169497 -0.01476839049861906 0
3015 0.1059376028321264 -0.01478826085809722 0
3016 0.1057661173303384 -0.01481210528947102 0
3017 0.1055603347281927 -0.01484071860711957 0
3018 0.105313395605618 -0.01487505458829784 0
3019 0.1061197665520556 -0.01370653798876226 0
3020 0.105999603845196 -0.01370895869649063 0
3021 0.1058554085969646 -0.01371186354576467 0
3022 0.1056823742990868 -0.01371534936489352 0
3023 0.1054747331416335 -0.01371953234784814 0
3024 0.1052255637526895 -0.01372455192739368 0
3025 0.1061562430367649 -0.01267613241975847 0
3026 0.1060364396628724 -0.01266846812000813 0
3027 0.1058926756142014 -0.01265927096030773 0
3028 0.1057201587557962 -0.01264823436866725 0
3029 0.10551313852571 -0.01263499045869867 0
3030 0.1052647142496066 -0.01261909776673637 0
3031 0.1062512614862469 -0.01164746142085849 0
3032 0.1061320158972175 -0.01163376689087605 0
3033 0.1059889211903823 -0.01161733345489712 0
3034 0.1058172075421799 -0.0115976133317224 0
3035 0.1056111511643371 -0.01157394918391275 0
3036 0.1053638835109258 -0.01154555220654116 0
3037 0.1063915707578185 -0.01062485730589417 0
3038 0.1062729663793047 -0.0106064929270364 0
3039 0.1061306411250881 -0.01058445567240706 0
3040 0.1059598508200282 -0.01055801096685186 0
3041 0.1057549024539563 -0.01052627732018562 0
3042 0.10550896441467 -0.01048819694418614 0
3043 0.106565552631015 -0.009615598818829323 0
3044 0.1064475440759654 -0.009593779646160549 0
3045 0.106305933809906 -0.00956759663895802 0
3046 0.1061360014906346 -0.009536177030314985 0
3047 0.1059320827075089 -0.009498473499943342 0
3048 0.1056873801677581 -0.009453229263497372 0
3049 0.1067608020210794 -0.008626171009931252 0
3050 0.1066432574991497 -0.008602000986348555 0
3051 0.1065022040728341 -0.00857299695804932 0
3052 0.1063329399612553 -0.008538192124090236 0
3053 0.1061298230273608 -0.008496426323339336 0
3054 0.1058860827066873 -0.008446307362438257 0
3055 0.1069673378858622 -0.007660413075017272 0
3056 0.1068509747614212 -0.007630723359349489 0
3057 0.106711339012092 -0.007595095700548149 0
3058 0.106543776112897 -0.007552342509986543 0
3059 0.1063427006338629 -0.007501038681312614 0
3060 0.1061014100590221 -0.007439474086903899 0
3061 0.1072484883168607 -0.006713299112668231 0
3062 0.1071350325254381 -0.006673823014846227 0
3063 0.1069988855757309 -0.006626451697459823 0
3064 0.1068355092360823 -0.006569606116596136 0
3065 0.106639457628504 -0.006501391419559713 0
3066 0.1064041956994101 -0.006419533783116005 0
3067 0.1076186700842077 -0.005788262475327746 0
3068 0.1075084014008335 -0.005740826621336729 0
3069 0.1073760789807845 -0.005683903596547508 0
3070 0.1072172920767256 -0.005615595966800443 0
3071 0.107026747791855 -0.005533626811103965 0
3072 0.1067980946500102 -0.005435263824268192 0
3073 0.1080327996657249 -0.004889057649893921 0
3074 0.1079241899065482 -0.004838020756874823 0
3075 0.1077938581955361 -0.004776776485251907 0
3076 0.1076374601423215 -0.004703283359304407 0
3077 0.1074497824784641 -0.004615091608167407 0
3078 0.1072245692818352 -0.004509261506803007 0
3079 0.1084514819575978 -0.004015429589600844 0
3080 0.1083440744956795 -0.003961884378892493 0
3081 0.1082151855413775 -0.003897630126042471 0
3082 0.1080605187962151 -0.003820525022622445 0
3083 0.1078749187020202 -0.003727998898518413 0
3084 0.1076521985889864 -0.003616967549593576 0
3085 0.1088930073627332 -0.003162914885307755 0
3086 0.1087875744768411 -0.003105557926963076 0
3087 0.1086610550137705 -0.003036729576949461 0
3088 0.1085092316580858 -0.002954135556933122 0
3089 0.1083270436312642 -0.002855022732913516 0
3090 0.1081084179990782 -0.002736087344089989 0
3091 0.1093677031018061 -0.002330753376803595 0
3092 0.1092645833302251 -0.002269342341744244 0
3093 0.1091408396043279 -0.002195649099673023 0
3094 0.1089923471332512 -0.002107217209187557 0
3095 0.1088141561679593 -0.002001098940604999 0
3096 0.1086003270096089 -0.001873757018305928 0
3097 0.1098720210946436 -0.001518562687563396 0
3098 0.1097712418656952 -0.001453383041442068 0
3099 0.109650306790957 -0.001375167466096474 0
3100 0.1095051847012712 -0.001281308775681762 0
3101 0.1093310381936483 -0.001168678347184107 0
3102 0.1091220623845007 -0.001033521832986921 0
3103 0.1104033856549613 -0.0007289422509828068 0
3104 0.1103048435131087 -0.0006604388398439749 0
3105 0.1101865929428855 -0.0005782347464773766 0
3106 0.1100446922586177 -0.0004795898344374587 0
3107 0.1098744114374964 -0.0003612159399895573 0
3108 0.1096700744521507 -0.0002191672666520756 0
3109 0.1109566043336398 4.193593892304963e-05 0
3110 0.1108598847637687 0.0001129786434117575 0
3111 0.1107438212799234 0.000198229888798207 0
3112 0.110604545099309 0.0003005313832619463 0
3113 0.1104374136825718 0.0004232931766184335 0
3114 0.1102368559824871 0.0005706073286462181 0
3115 0.1115746388431934 0.0008643336407095942 0
3116 0.1114795757640349 0.0009375803194618589 0
3117 0.1113655000690448 0.001025476333964577 0
3118 0.1112286092350566 0.001130951551367838 0
3119 0.1110643402342708 0.001257521812251751 0
3120 0.1108672174333278 0.001409406125312447 0
3121 0.1122676775368568 0.001741962645858497 0
3122 0.1121744911322915 0.001817585543321994 0
3123 0.1120626674468132 0.00190833302027819 0
3124 0.1119284790242392 0.002017229992625625 0
3125 0.1117674529171504 0.002147906359442548 0
3126 0.1115742215886439 0.002304717999622855 0
3127 0.113043995165427 0.002673213845714437 0
3128 0.1129529688546818 0.002751427569072461 0
3129 0.1128437372817876 0.00284528403710209 0
3130 0.1127126593943145 0.002957911798737645 0
3131 0.1125553659293469 0.003093065112700311 0
3132 0.1123666137713857 0.00325524908945551 0
3133 0.1139151780769485 0.003657312229937349 0
3134 0.1138266858450495 0.00373838802052612 0
3135 0.1137204951667708 0.003835678969232645 0
3136 0.1135930663528363 0.003952428107680476 0
3137 0.1134401517761149 0.004092527073817872 0
3138 0.1132566542840493 0.004260645833182748 0
3139 0.1149025144405474 0.004699042334168973 0
3140 0.1148168232648864 0.004783072996728784 0
3141 0.1147139938540932 0.004883909791800558 0
3142 0.1145905985611414 0.005004913945886686 0
3143 0.1144425242095992 0.00515011893079004 0
3144 0.1142648349877486 0.005324364912674065 0
3145 0.1160180752990557 0.005798948725321334 0
3146 0.1159351377100075 0.005885693898325906 0
3147 0.1158356126031497 0.005989788105931392 0
3148 0.1157161824749204 0.006114701155057977 0
3149 0.1155728663210452 0.006264596814009878 0
3150 0.1154008869363949 0.006444471604752158 0
3151 0.1172658794353703 0.006956152925758507 0
3152 0.1171855372699812 0.007045304721079454 0
3153 0.1170891266715142 0.007152286875464589 0
3154 0.1169734339533539 0.007280665460726751 0
3155 0.1168346026915615 0.007434719763041346 0
3156 0.1166680051774106 0.00761958492581886 0
3157 0.118652777880542 0.00817092411433909 0
3158 0.1185752010406311 0.008262497658478342 0
3159 0.118482108832738 0.008372385911445445 0
3160 0.1183703981832663 0.008504251815005968 0
3161 0.1182363454039002 0.008662490899278596 0
3162 0.1180754820686609 0.00885237780040575 0
3163 0.1202083708361664 0.009445702984866359 0
3164 0.1201337301892715 0.009539682297206772 0
3165 0.1200441614129976 0.009652457472015267 0
3166 0.1199366788814689 0.009787787681785462 0
3167 0.1198076998436345 0.009950183933509696 0
3168 0.1196529249982332 0.01014505943557878 0
3169 0.1219430327614443 0.01078107132634761 0
3170 0.121871122120851 0.01087715192651979 0
3171 0.1217848293521391 0.01099244864672641 0
3172 0.1216812780296847 0.01113080471097436 0
3173 0.1215570164427395 0.01129683198807189 0
3174 0.1214079025384052 0.01149606472058892 0
3175 0.1238628012957539 0.01217808958285207 0
3176 0.1237937531160748 0.01227625287680869 0
3177 0.1237108953004598 0.01239404882955665 0
3178 0.1236114659217219 0.01253540397285419 0
3179 0.1234921506672364 0.01270503014481125 0
3180 0.1233489723618537 0.01290858155115971 0
3181 0.1260022614221007 0.01363265876326113 0
3182 0.1259362709819928 0.01373290060041757 0
3183 0.1258570824538634 0.01385319080500529 0
3184 0.125762056220108 0.01399753905051056 0
3185 0.1256480247396015 0.01417075694511689 0
3186 0.1255111869629938 0.01437861841864448 0
3187 0.1283718545337486 0.01514297576044679 0
3188 0.1283088203784926 0.01524510155478679 0
3189 0.1282331793921854 0.01536765250799479 0
3190 0.1281424102086167 0.01551471365184439 0
3191 0.1280334871883343 0.01569118702446392 0
3192 0.1279027795639953 0.01590295507160734 0
3193 0.1309979290724685 0.01671236573596216 0
3194 0.130937795187518 0.01681622450908922 0
3195 0.1308656345255774 0.01694085503684169 0
3196 0.1307790417312487 0.01709041167014465 0
3197 0.1306751303780543 0.0172698796301082 0
3198 0.1305504367542209 0.01748524118206447 0
3199 0.1338986278283514 0.01833922549867265 0
3200 0.1338414033229272 0.01844471573595074 0
3201 0.1337727339164182 0.01857130402068445 0
3202 0.1336903306286074 0.0187232099623649 0
3203 0.1335914466832344 0.01890549709238145 0
3204 0.1334727859487868 0.0191242416484013 0
3205 0.1371019618591553 0.02001947395171801 0
3206 0.1370477231287137 0.02012653005508385 0
3207 0.1369826366521838 0.02025499737912285 0
3208 0.136904532880348 0.02040915816796966 0
3209 0.1368108083541449 0.02059415111458583 0
3210 0.1366983389227013 0.02081614265052523 0
3211 0.1406357789020157 0.02174812324743921 0
3212 0.1405844736435018 0.02185661408100465 0
3213 0.1405229073332851 0.02198680308128317 0
3214 0.1404490277610251 0.0221430298816174 0
3215 0.1403603722743131 0.02233050204201848 0
3216 0.1402539856902587 0.02255546863449977 0
3217 0.1445280841089689 0.0235268514058227 0
3218 0.1444797202186969 0.02363668616456134 0
3219 0.1444216835503705 0.02376848787504771 0
3220 0.1443520395483788 0.02392664992763135 0
3221 0.1442684667459888 0.02411644439073172 0
3222 0.1441681793831208 0.02434419774645217 0
3223 0.1488117557519925 0.02534331885189975 0
3224 0.1487663291902099 0.02545439893923777 0
3225 0.1487118173160707 0.02558769504404339 0
3226 0.1486464030671036 0.02574765036981014 0
3227 0.1485679059683432 0.02593959676073024 0
3228 0.1484737094498307 0.02616993242983436 0
3229 0.1535221078342427 0.0271999838235589 0
3230 0.1534795655628612 0.02731220058870571 0
3231 0.1534285148372033 0.02744686070688189 0
3232 0.1533672539664138 0.0276084528486933 0
3233 0.1532937409214664 0.02780236341886699 0
3234 0.1532055252675296 0.02803505610307543 0
3235 0.15869461073833 0.02908455809171814 0
3236 0.1586550383762707 0.02919785670739977 0
3237 0.1586075515417996 0.02933381504621773 0
3238 0.1585505673404342 0.02949696505279928 0
3239 0.1584821862987958 0.02969274506069715 0
3240 0.1584001290488296 0.02992768107017458 0
3241 0.1643726847146851 0.03098382966319935 0
3242 0.164335979913653 0.03109808725530412 0
3243 0.1642919341524146 0.03123519636582984 0
3244 0.1642390792389285 0.0313997272984607 0
3245 0.1641756533427452 0.03159716441761774 0
3246 0.1640995422673253 0.03183408896060617 0
3247 0.1705983498337546 0.03290277212400788 0
3248 0.1705645153553796 0.03301791424226452 0
3249 0.1705239139813295 0.03315608478417248 0
3250 0.1704751923324695 0.03332188943446203 0
3251 0.1704167263538374 0.0335208550148095 0
3252 0.1703465671794789 0.03375961371122645 0
3253 0.1774201704731883 0.03481097353430659 0
3254 0.1773892741851806 0.03492693732339633 0
3255 0.1773521986395715 0.03506609387030402 0
3256 0.1773077079848405 0.03523308172659324 0
3257 0.1772543191991633 0.03543346715414031 0
3258 0.1771902526563507 0.0356739296671968 0
3259 0.1848902165625729 0.03670357143172997 0
3260 0.1848626515148039 0.03682037896086147 0
3261 0.184829573457481 0.03696054799581928 0
3262 0.1847898797886936 0.03712875083776864 0
3263 0.1847422473861486 0.03733059424810788 0
3264 0.1846850885030947 0.03757280634051497 0
3265 0.1930827086826271 0.03849706665497121 0
3266 0.1930611077244622 0.03861517894900718 0
3267 0.1930351865746644 0.03875691370185035 0
3268 0.1930040811949069 0.03892699540526216 0
3269 0.192966754739198 0.03913109344935632 0
3270 0.1929219629923473 0.03937601110226932 0
3271 0.202097780560731 0.03982818343160414 0
3272 0.2020825928408275 0.03994724172189792 0
3273 0.2020643675769433 0.04009011167025045 0
3274 0.2020424972602823 0.04026155560827348 0
3275 0.202016252880289 0.04046728833390113 0
3276 0.2019847596242971 0.0407141676046543 0
3277 0.2119570109224997 0.04089075625751391 0
3278 0.2119449806634231 0.04101015458208444 0
3279 0.2119305443525311 0.04115343257156907 0
3280 0.2119132207794608 0.04132536615895062 0
3281 0.2118924324917764 0.04153168646380848 0
3282 0.211867486546555 0.04177927082963792 0
3283 0.222693508154215 0.04189804803575625 0
3284 0.2226826304261895 0.04201755445698975 0
3285 0.2226695771525589 0.04216096216246995 0
3286 0.2226539132242023 0.0423330514090462 0
3287 0.2226351165101743 0.04253955850493769 0
3288 0.2226125604533407 0.04278736702000748 0
3289 0.2343768583632404 0.04292914952190027 0
3290 0.2343667399007639 0.04304872293900974 0
3291 0.234354597745792 0.04319221103954109 0
3292 0.2343400271598258 0.0433643967601787 0
3293 0.2343225424566663 0.04357101962494385 0
3294 0.2343015608128749 0.04381896706266202 0
3295 0.2470921474453282 0.04395942998150996 0
3296 0.2470828734620175 0.04407907180921515 0
3297 0.2470717446820447 0.04422264200246138 0
3298 0.2470583901460773 0.04439492623435685 0
3299 0.2470423647029165 0.04460166731263141 0
3300 0.2470231341711234 0.0448497566065609 0
3301 0.2609297611441357 0.04498395113255668 0
3302 0.2609213486242863 0.04510365672650907 0
3303 0.2609112536004671 0.04524730343925194 0
3304 0.2608991395718839 0.04541967949454338 0
3305 0.2608846027375842 0.0456265307608931 0
3306 0.2608671585364245 0.04587475228051277 0
3307 0.2759900234443176 0.04598626929634894 0
3308 0.2759825072733683 0.04610603452899024 0
3309 0.2759734878682291 0.04624975280815981 0
3310 0.275962664582062 0.0464222147431633 0
3311 0.2759496766386616 0.04662916906516747 0
3312 0.275934091106581 0.04687751425157249 0
3313 0.2923789160612251 0.04695322381552457 0
3314 0.2923722317766668 0.04707303811543791 0
3315 0.292364210635197 0.04721681527533393 0
3316 0.2923545852654332 0.04738934786720916 0
3317 0.2923430348217166 0.04759638697745942 0
3318 0.2923291742892567 0.04784483390975974 0
3319 0.3102116416010405 0.04789139882219647 0
3320 0.3102058373492429 0.04801125940401248 0
3321 0.3101988722470857 0.04815509210219168 0
3322 0.3101905141244971 0.04832769134000674 0
3323 0.3101804843773908 0.04853481042538479 0
3324 0.3101684486808632 0.04878335332783846 0
3325 0.3296148125695467 0.04875063745741278 0
3326 0.329609927933424 0.04887053874524096 0
3327 0.3296040663700768 0.04901442029063478 0
3328 0.3295970324940601 0.04918707814510735 0
3329 0.3295885918428402 0.04939426757047444 0
3330 0.3295784630613762 0.04964289488091495 0
3331 0.3507281965106437 0.0495366953529468 0
3332 0.3507242622104206 0.0496566320030976 0
3333 0.3507195410501527 0.04980055598327855 0
3334 0.3507138756578314 0.0499732647594957 0
3335 0.3507070771870457 0.05018051529095627 0
3336 0.3506989190221029 0.05042921592870897 0
3337 0.3736990157665178 0.05018955106287394 0
3338 0.3736961195986223 0.05030951719550147 0
3339 0.3736926441971476 0.05045347655465451 0
3340 0.373688473715378 0.05062622778563815 0
3341 0.3736834691372545 0.05083352926281853 0
3342 0.3736774636435062 0.05108229103543498 0
3343 0.3986900445158575 0.05068700357836976 0
3344 0.3986882472720657 0.05080699156018589 0
3345 0.3986860905795154 0.05095097713836524 0
3346 0.3986835025484551 0.05112375983218046 0
3347 0.3986803969111828 0.05133109906475873 0
3348 0.398676670146456 0.05157990614385265 0
3349 0.4258772634617731 0.05096163023232753 0
3350 0.4258766604135388 0.05108163024751821 0
3351 0.4258759367556576 0.05122563026574703 0
3352 0.4258750683662002 0.05139843028762161 0
3353 0.4258740262988513 0.0516057903138711 0
3354 0.4258727758180327 0.0518546223453705 0
3355 0.4554504941423858 0.05096163020903263 0
3356 0.4554510510513169 0.05108163019626943 0
3357 0.4554517193420343 0.0512256301809536 0
3358 0.4554525212908951 0.0513984301625746 0
3359 0.4554534836295282 0.0516057901405198 0
3360 0.4554546384358878 0.05185462211405403 0
3361 0.4826919666793063 0.05071002623101361 0
3362 0.4826937034199751 0.05083001529229429 0
3363 0.4826957875087776 0.0509740021658311 0
3364 0.4826982884153406 0.05114678641407527 0
3365 0.4827012895032162 0.05135412751196829 0
3366 0.482704890808667 0.0516029368294399 0
3367 0.507784151760839 0.0502166844303998 0
3368 0.5077870174972399 0.05033665126754531 0
3369 0.5077904563809207 0.05048061147211991 0
3370 0.5077945830413378 0.05065336371760944 0
3371 0.5077995350338383 0.05086066641219687 0
3372 0.5078054774248389 0.05110942964570177 0
3373 0.5308931106855406 0.04956793975410447 0
3374 0.5308970255346134 0.04968787711632638 0
3375 0.5309017233535007 0.04983180195099268 0
3376 0.5309073607361655 0.05000451175259223 0
3377 0.5309141255953633 0.0502117635145117 0
3378 0.5309222434264007 0.05046046562881506 0
3379 0.5521766980509579 0.04877694838979655 0
3380 0.552181571506987 0.04889685010653316 0
3381 0.5521874196542219 0.04904073216661709 0
3382 0.5521944374309039 0.04921339063871782 0
3383 0.5522028587629222 0.04942058080523868 0
3384 0.5522129643613441 0.04966920900506371 0
3385 0.5717755446111187 0.04791277704905346 0
3386 0.5717813265112898 0.04803263869251179 0
3387 0.5717882647914951 0.0481764726646618 0
3388 0.5717965907277416 0.04834907343124179 0
3389 0.5718065818512372 0.04855619435113779 0
3390 0.5718185711994321 0.04880473945501299 0
3391 0.5898245175242355 0.04696802418213455 0
3392 0.5898311882595854 0.04708783928388182 0
3393 0.5898391931420052 0.04723161740597855 0
3394 0.5898487990009089 0.04740415115249463 0
3395 0.5898603260315934 0.04761119164831391 0
3396 0.589874158468415 0.04785964024329706 0
3397 0.6064436314976147 0.04598791414342124 0
3398 0.6064511387100411 0.04610767989942729 0
3399 0.6064601473649527 0.04625139880663455 0
3400 0.6064709577508467 0.04642386149528326 0
3401 0.6064839302139194 0.04663081672166172 0
3402 0.6064994971696067 0.04687916299331586 0
3403 0.6217472217554818 0.04497244379103001 0
3404 0.6217555714839739 0.04509215362700443 0
3405 0.6217655911581644 0.04523580543017372 0
3406 0.6217776147671931 0.04540818759397688 0
3407 0.6217920430980274 0.04561504619054067 0
3408 0.6218093570950286 0.04586327650641721 0
3409 0.6358387504698577 0.04394217855449471 0
3410 0.6358477858931434 0.04406183824756265 0
3411 0.6358586284010862 0.04420542987924417 0
3412 0.6358716394106176 0.04437773983726201 0
3413 0.6358872526220553 0.04458451178688341 0
3414 0.6359059884757805 0.04483263812642908 0
3415 0.6488137628834351 0.04293164050563777 0
3416 0.6488235304703973 0.0430512431635492 0
3417 0.6488352515747519 0.04319476635304292 0
3418 0.6488493168999775 0.04336699418043539 0
3419 0.6488661952902481 0.04357366757330634 0
3420 0.6488864493585729 0.04382167564475149 0
3421 0.6607602370291505 0.0419112279119984 0
3422 0.660770785706169 0.04203076383974644 0
3423 0.6607834441185911 0.0421742069530441 0
3424 0.6607986342134977 0.04234633868900128 0
3425 0.6608168623273856 0.04255289677214991 0
3426 0.6608387360640511 0.04280076647192825 0
3427 0.6717594285830215 0.04090973165617171 0
3428 0.6717706360781573 0.04102920758822854 0
3429 0.6717840850723202 0.04117257870669674 0
3430 0.6718002238653158 0.04134462404885857 0
3431 0.6718195904169105 0.04155107845945277 0
3432 0.6718428302788241 0.04179882375216582 0
3433 0.6818870614646385 0.03993207836535721 0
3434 0.6818989027258492 0.04005149310946835 0
3435 0.6819131122393021 0.04019479080240174 0
3436 0.6819301636554456 0.04036674803392179 0
3437 0.6819506253548178 0.04057309671174586 0
3438 0.6819751793940643 0.04082071512513474 0
3439 0.6912113811551371 0.03898320138147079 0
3440 0.6912238340431801 0.03910255387631491 0
3441 0.6912387775088318 0.03924577687012785 0
3442 0.6912567096676137 0.03941764446270337 0
3443 0.691278228258152 0.039623885573794 0
3444 0.6913040505667979 0.03987137490710276 0
3445 0.699796512835956 0.03806556829863441 0
3446 0.6998095469975566 0.03818485865615343 0
3447 0.6998251879914773 0.03832800708517625 0
3448 0.6998439571841822 0.03849978520000364 0
3449 0.6998664802154281 0.03870591893779651 0
3450 0.699893507852923 0.03895327942314795 0
3451 0.7077008221566251 0.03718329180325484 0
3452 0.7077143941121136 0.03730252212627386 0
3453 0.7077306804586997 0.03744559851389669 0
3454 0.7077502240746031 0.03761729017904408 0
3455 0.7077736764136872 0.03782332017722095 0
3456 0.7078018192205879 0.03807055617503319 0
3457 0.7149794136770226 0.03633883704356841 0
3458 0.7149935000989955 0.03645800767311309 0
3459 0.7150104038053632 0.0366010124285667 0
3460 0.7150306882530043 0.03677261813511103 0
3461 0.7150550295901738 0.03697854498296423 0
3462 0.7150842391947769 0.03722565720038806 0
3463 0.7216807950205325 0.03553220451199236 0
3464 0.7216953695825485 0.03565131637998904 0
3465 0.7217128590569679 0.03579425062158504 0
3466 0.7217338464262711 0.03596577171150025 0
3467 0.7217590312694351 0.0361715970193985 0
3468 0.7217892530812317 0.0364185873888764 0
3469 0.7278510094036944 0.03476503899390328 0
3470 0.7278660454317435 0.0348840934816082 0
3471 0.7278840886654024 0.03502695886685411 0
3472 0.7279057405457932 0.03519839732914919 0
3473 0.727931722802262 0.03540412348390329 0
3474 0.7279629015100247 0.03565099486960821 0
3475 0.7335319949619431 0.03403651775660521 0
3476 0.7335474725699259 0.03415551561260048 0
3477 0.7335660456995052 0.0342983130397948 0
3478 0.7335883334550005 0.03446966995242799 0
3479 0.7336150787615947 0.0346752982475878 0
3480 0.7336471731295078 0.03492205220177959 0
3481 0.7387632136062996 0.03334664154437124 0
3482 0.7387791081664136 0.03346558441036667 0
3483 0.7387981816385503 0.03360831584956119 0
3484 0.7388210698051143 0.03377959357659461 0
3485 0.7388485356049912 0.03398512684903471 0
3486 0.7388814945648434 0.03423176677596284 0
3487 0.7435800044878637 0.03269459047169834 0
3488 0.7435962725515031 0.03281348277336112 0
3489 0.7436157942278704 0.03295615353535646 0
3490 0.7436392202395111 0.03312735844975086 0
3491 0.7436673314534801 0.03333280434702415 0
3492 0.7437010649102428 0.0335793394237521 0
3493 0.7480160633047872 0.03208118919517323 0
3494 0.7480326437521274 0.03220003829951359 0
3495 0.7480525402889355 0.03234265722472202 0
3496 0.7480764161331054 0.03251379993497213 0
3497 0.7481050671461092 0.03271917118727227 0
3498 0.7481394483617138 0.03296561669003243 0
3499 0.7521001741103371 0.03150643713978894 0
3500 0.7521170140558388 0.03162524972380877 0
3501 0.7521372219904406 0.03176782482463256 0
3502 0.752161471511963 0.03193891494562111 0
3503 0.7521905709377898 0.03214422309080738 0
3504 0.752225490248782 0.03239059286503088 0
3505 0.7558619958320044 0.03096950389591946 0
3506 0.7558791138269212 0.03108827679163041 0
3507 0.7558996554208214 0.03123080426648355 0
3508 0.7559243053335016 0.03140183723630732 0
3509 0.7559538852287179 0.03160707680009584 0
3510 0.7559893811029774 0.03185336427664207 0
3511 0.7593262372593725 0.03046544977673978 0
3512 0.7593437030056285 0.03058417207132951 0
3513 0.7593646619011356 0.0307266388248372 0
3514 0.7593898125757441 0.03089759892904641 0
3515 0.7594199933852743 0.03110275105409748 0
3516 0.7594562103567106 0.03134893360415875 0
3517 0.7625167253315086 0.02999098801679721 0
3518 0.7625345881076387 0.0301096512651542 0
3519 0.7625560234389949 0.03025204716318259 0
3520 0.7625817458366223 0.03042292224081666 0
3521 0.7626126127137751 0.03062797233397754 0
3522 0.7626496529663586 0.03087403244577059 0
3523 0.7654531912818172 0.02954365183936742 0
3524 0.7654714983289785 0.02966224740399391 0
3525 0.7654934667855722 0.02980456208154571 0
3526 0.7655198289334845 0.02997533969460786 0
3527 0.7655514635109794 0.03018027283028244 0
3528 0.7655894250039731 0.03042619259309195 0
3529 0.7681561634646864 0.02912097836372883 0
3530 0.7681749298852761 0.02923950208994421 0
3531 0.7681974495899838 0.02938173056140265 0
3532 0.7682244732356331 0.02955240472715279 0
3533 0.7682569016104123 0.02975721372605295 0
3534 0.7682958156601472 0.03000298452473315 0
3535 0.7706445230795187 0.02872215006773739 0
3536 0.7706637285443142 0.02884060342084915 0
3537 0.7706867751020687 0.02898274744458326 0
3538 0.7707144309713743 0.02915332027306419 0
3539 0.7707476180145409 0.02935800766724131 0
3540 0.7707874424663409 0.02960363254025385 0
3541 0.7729363415808981 0.02834634774871376 0
3542 0.7729559452818356 0.02846473579737522 0
3543 0.7729794697229607 0.02860680145576897 0
3544 0.7730076990523108 0.02877728024584147 0
3545 0.7730415742475309 0.02898185479392847 0
3546 0.7730822244817951 0.02922734425163286 0
3547 0.7750463987380871 0.02799357513544955 0
3548 0.7750663359521195 0.02811190742286393 0
3549 0.7750902606089584 0.02825390616776119 0
3550 0.775118970197165 0.02842430466163791 0
3551 0.775153421703013 0.02862878285428996 0
3552 0.7751947635100306 0.02887415668547243 0
3553 0.7769887168278414 0.02766382511070537 0
3554 0.7770089765724913 0.02778210263938866 0
3555 0.7770332882660713 0.02792403567380862 0
3556 0.7770624622983673 0.02809435531511256 0
3557 0.7770974711371224 0.02829873888467729 0
3558 0.7771394817436285 0.02854399916815497 0
3559 0.7787780973011975 0.02735463068887965 0
3560 0.778798670697134 0.02747285401830895 0
3561 0.7788233587722579 0.02761472201362411 0
3562 0.7788529844624065 0.0277849636080023 0
3563 0.7788885352905849 0.02798925352125613 0
3564 0.7789311962843988 0.02823440141716073 0
3565 0.7804251609826737 0.0270660039519237 0
3566 0.7804459577346937 0.02718418813991767 0
3567 0.7804709138371176 0.02732600916551042 0
3568 0.7805008611600265 0.02749619439622172 0
3569 0.7805367979475171 0.02770041667307529 0
3570 0.7805799220925057 0.02794548340529956 0
3571 0.7819423347121555 0.02679792880936277 0
3572 0.7819633770345046 0.02691606960517038 0
3573 0.7819886278213236 0.0270578385601395 0
3574 0.7820189287655064 0.02722796130610246 0
3575 0.7820552898985257 0.027432108601258 0
3576 0.7820989232581489 0.02767708535544465 0
3577 0.7833394281233248 0.02654712628311054 0
3578 0.7833606700319342 0.02666523124852117 0
3579 0.7833861603222655 0.02680695720701392 0
3580 0.7834167486706631 0.02697702835720521 0
3581 0.7834534546887402 0.02718111373743477 0
3582 0.7834975019104327 0.02742601619371024 0
3583 0.7846263227601969 0.02631523855871258 0
3584 0.7846477363650841 0.0264333125850483 0
3585 0.7846734326909488 0.02657500141665116 0
3586 0.7847042682819865 0.02674502801457459 0
3587 0.7847412709912317 0.02694905993208271 0
3588 0.7847856742423258 0.02719389823309246 0
3589 0.7858112958967016 0.02609896656972245 0
3590 0.7858329195709901 0.02621700225481364 0
3591 0.7858588679801363 0.02635864507692305 0
3592 0.7858900060711116 0.02652861646345435 0
3593 0.785927371780282 0.0267325821272919 0
3594 0.7859722106312866 0.02697734092389697 0
3595 0.786902478104744 0.02589832718823586 0
3596 0.7869242404422336 0.02601633737642768 0
3597 0.7869503552472212 0.02615794960225786 0
3598 0.7869816930132063 0.02632788427325409 0
3599 0.7870192983323885 0.02653180587844955 0
3600 0.7870644247154069 0.02677651180468411 0
3601 0.7879073382017766 0.02571248563140625 0
3602 0.7879292505581605 0.02583046807418907 0
3603 0.7879555453858211 0.02597204700552844 0
3604 0.7879870991790139 0.0261419417231357 0
3605 0.7880249637308451 0.0263458153842644 0
3606 0.7880704011930426 0.02659046377761885 0
3607 0.9979292497121152 -0.1200004066836973 0
3608 0.9979622713903312 -0.1201488127565596 0
3609 0.9980018974041905 -0.1203269000439943 0
3610 0.9980494486208218 -0.120540604788916 0
3611 0.9981065100807792 -0.120797050482822 0
3612 0.9981749838327281 -0.1211047853155092 0
3613 0.9975721489251382 -0.1197311810517316 0
3614 0.9975042163172346 -0.1198308041101937 0
3615 0.9974226971877505 -0.1199503517803481 0
3616 0.9973248742323694 -0.1200938089845335 0
3617 0.9972074866859121 -0.1202659576295559 0
3618 0.9970666216301634 -0.1204725360035828 0
3619 0.9972648345574767 -0.1195629605048422 0
3620 0.9972030504015604 -0.1196659413917253 0
3621 0.997128909414461 -0.119789518455985 0
3622 0.9970399402299416 -0.1199378109330967 0
3623 0.9969331772085183 -0.1201157619056308 0
3624 0.9968050615828103 -0.1203293030726716 0
3625 0.9969405393661819 -0.1193506919582519 0
3626 0.9968694599066974 -0.1194475855225993 0
3627 0.996784164555316 -0.1195638577998161 0
3628 0.9966818101336584 -0.1197033845324764 0
3629 0.9965589848276694 -0.1198708166116686 0
3630 0.9964115944604824 -0.1200717351066994 0
3631 0.9966187890839188 -0.1190874397857787 0
3632 0.9965414682117046 -0.119179224409874 0
3633 0.9964486831650476 -0.1192893659587884 0
3634 0.9963373411090594 -0.1194215358174856 0
3635 0.9962037306418734 -0.1195801396479223 0
3636 0.9960433980812502 -0.1197704642444463 0
3637 0.9962851652766482 -0.1187981892713783 0
3638 0.9962080743394764 -0.118890172867666 0
3639 0.9961155652148703 -0.1190005531832112 0
3640 0.9960045542653428 -0.1191330095618655 0
3641 0.99587134112591 -0.1192919572162507 0
3642 0.9957114853585907 -0.1194826944015128 0
3643 0.9959176884994956 -0.118500434455159 0
3644 0.9958416430890696 -0.1185932649736273 0
3645 0.9957503885965585 -0.1187046615957893 0
3646 0.9956408832055451 -0.1188383375423837 0
3647 0.9955094767363291 -0.1189987486782969 0
3648 0.9953517889732698 -0.1191912420413928 0
3649 0.995524171959455 -0.1181745663517995 0
3650 0.9954465371105786 -0.1182660805378323 0
3651 0.9953533752919269 -0.1183758975610716 0
3652 0.995241581109545 -0.1185076779889588 0
3653 0.9951074280906866 -0.1186658145024235 0
3654 0.9949464444680566 -0.1188555783185811 0
3655 0.9951095252716184 -0.117814326489108 0
3656 0.995030597617522 -0.117904717387069 0
3657 0.9949358844326063 -0.1180131864646223 0
3658 0.9948222286107075 -0.1181433493576862 0
3659 0.9946858416244289 -0.1182995448293628 0
3660 0.9945221772408945 -0.1184869793953748 0
3661 0.9946661375152961 -0.1174252311069022 0
3662 0.9945869470499932 -0.1175153913695704 0
3663 0.9944919184916297 -0.1176235836847723 0
3664 0.9943778842215935 -0.1177534144630145 0
3665 0.9942410430975501 -0.1179092113969052 0
3666 0.994076833748698 -0.1180961677175739 0
3667 0.9941902338836962 -0.1170068633160668 0
3668 0.9941112274192938 -0.1170971853292827 0
3669 0.9940164196620109 -0.1172055717451418 0
3670 0.9939026503532715 -0.1173356354441727 0
3671 0.9937661271827842 -0.1174917118830099 0
3672 0.9936022993781994 -0.1176790036096144 0
3673 0.993676625407949 -0.1165598184939489 0
3674 0.9935979428732763 -0.1166504224498085 0
3675 0.9935035238316691 -0.1167591471968401 0
3676 0.9933902209817405 -0.1168896168932779 0
3677 0.9932542575618261 -0.1170461805290033 0
3678 0.9930911014579289 -0.1172340568918738 0
3679 0.9931226905613664 -0.1160798512051735 0
3680 0.9930442859929101 -0.116170696006128 0
3681 0.9929502005107624 -0.1162797097672735 0
3682 0.9928372979321852 -0.116410526280648 0
3683 0.9927018148378927 -0.1165675060966974 0
3684 0.9925392351247416 -0.1167558818759567 0
3685 0.9925251536411327 -0.1155661502736271 0
3686 0.9924469968182447 -0.1156572080573524 0
3687 0.9923532086307791 -0.1157664773978228 0
3688 0.9922406628058204 -0.1158976006063872 0
3689 0.9921056078158699 -0.1160549484566645 0
3690 0.9919435418279293 -0.1162437658769972 0
3691 0.9918815118130563 -0.1150145747083616 0
3692 0.9918035290537414 -0.1151057816562007 0
3693 0.9917099497425634 -0.1152152299936077 0
3694 0.9915976545691499 -0.1153465679984961 0
3695 0.9914629003610537 -0.1155041736043622 0
3696 0.9913011953113383 -0.1156933003314014 0
3697 0.9911877393728988 -0.1144227309189364 0
3698 0.991109959382881 -0.114514110843387 0
3699 0.9910166233948596 -0.1146237667527277 0
3700 0.9909046202092339 -0.1147553538439366 0
3701 0.9907702163864831 -0.1149132583533872 0
3702 0.9906089317991821 -0.115102743764728 0
3703 0.9904405971879727 -0.1137881943182252 0
3704 0.9903631082999945 -0.1138798214669163 0
3705 0.9902701216344207 -0.1139897740453455 0
3706 0.9901585376357322 -0.1141217171394606 0
3707 0.9900246368373061 -0.1142800488523988 0
3708 0.9898639558791946 -0.1144700469079245 0
3709 0.9896335167356546 -0.113108504359115 0
3710 0.9895564182277991 -0.1132004602628226 0
3711 0.9894639000183724 -0.1133108073472717 0
3712 0.9893528781670605 -0.1134432238486107 0
3713 0.9892196519454862 -0.1136021236502175 0
3714 0.989059780479597 -0.1137928034121457 0
3715 0.9887631093424375 -0.1123819319878448 0
3716 0.9886863806708229 -0.1124741966059543 0
3717 0.9885943062648854 -0.1125849141476856 0
3718 0.9884838169777604 -0.1127177751977632 0
3719 0.9883512298332104 -0.1128772084578564 0
3720 0.9881921252597505 -0.1130685283699682 0
3721 0.9878236482536149 -0.1116035683329372 0
3722 0.9877473032946386 -0.1116961508584267 0
3723 0.9876556893438669 -0.1118072498890141 0
3724 0.987545752602941 -0.111940568725719 0
3725 0.98741382851383 -0.1121005513297648 0
3726 0.9872555196068966 -0.1122925304546198 0
3727 0.9868102258820702 -0.1107717893804106 0
3728 0.9867343092869564 -0.1108647234826025 0
3729 0.9866432093728197 -0.1109762444052327 0
3730 0.9865338894758557 -0.111110069512389 0
3731 0.9864027055994989 -0.1112706596409765 0
3732 0.9862452849478709 -0.1114633677952816 0
3733 0.9857154987688809 -0.1098817071892936 0
3734 0.9856401228571949 -0.1099750808877106 0
3735 0.9855496717631718 -0.110087129325811 0
3736 0.9854411304503441 -0.1102215874515315 0
3737 0.9853108808749507 -0.1103829372023961 0
3738 0.9851545813844788 -0.1105765569034336 0
3739 0.9845311902855922 -0.108932452285391 0
3740 0.9844564018883641 -0.1090262968770826 0
3741 0.9843666558116905 -0.1091389103871124 0
3742 0.9842589605196821 -0.1092740465991483 0
3743 0.9841297261692721 -0.1094362100535912 0
3744 0.9839746449487801 -0.1096308061989228 0
3745 0.9832522734009541 -0.1079190174949285 0
3746 0.9831780067910799 -0.1080132755477809 0
3747 0.9830888868592309 -0.1081263852112038 0
3748 0.982981942941012 -0.1082621168073112 0
3749 0.9828536102391493 -0.1084249947226402 0
3750 0.9826996109969142 -0.1086204482210349 0
3751 0.9818705277556421 -0.1068364719698737 0
3752 0.9817967192404382 -0.1069310889135004 0
3753 0.9817081490221934 -0.1070446292458523 0
3754 0.9816018647602998 -0.1071808776446747 0
3755 0.9814743236460274 -0.1073443757232615 0
3756 0.9813212743089005 -0.1075405734175657 0
3757 0.9803793997371305 -0.1056782584144599 0
3758 0.980306014461371 -0.1057732040960422 0
3759 0.9802179521304597 -0.105887138913941 0
3760 0.980112277333366 -0.1060238606954196 0
3761 0.9799854675768537 -0.1061879268331938 0
3762 0.9798332958690388 -0.106384806198523 0
3763 0.9787698895353021 -0.1044403001012763 0
3764 0.9786969459837909 -0.1045355855279079 0
3765 0.9786094137219774 -0.1046499280398657 0
3766 0.9785043750078012 -0.1047871390542151 0
3767 0.9783783285507899 -0.1049517922714343 0
3768 0.9782270728023761 -0.1051493761320975 0
3769 0.9770329886672148 -0.103116868763691 0
3770 0.9769605482573969 -0.1032125375484338 0
3771 0.9768736197656153 -0.1033273400901251 0
3772 0.9767693055754775 -0.1034651031401548 0
3773 0.976644128547312 -0.1036304188001904 0
3774 0.9764939161135134 -0.1038287975922331 0
3775 0.9751563507199357 -0.101704663762926 0
3776 0.9750844588721511 -0.1018007453385529 0
3777 0.9749981886548097 -0.101916043229305 0
3778 0.974894664394 -0.1020544006982077 0
3779 0.9747704352810282 -0.1022204296608908 0
3780 0.9746213603454622 -0.1024196644161106 0
3781 0.9731300599611924 -0.1001970705478632 0
3782 0.9730587029757862 -0.1002935500582927 0
3783 0.9729730745932988 -0.1004093254708082 0
3784 0.9728703205343141 -0.1005482559658268 0
3785 0.9727470156635323 -0.1007149725598492 0
3786 0.9725990498185941 -0.1009150324726759 0
3787 0.9709408747596249 -0.09858744807640538 0
3788 0.9708699353242869 -0.09868423458752812 0
3789 0.9707848080018813 -0.09880037840087541 0
3790 0.9706826552149945 -0.09893975097689216 0
3791 0.9705600718707306 -0.09910699806811225 0
3792 0.9704129718576137 -0.09930769457757636 0
3793 0.9685813995232957 -0.09686346912888492 0
3794 0.9685107654344393 -0.09696047874140497 0
3795 0.9684260045278116 -0.097076890276429 0
3796 0.9683242914398583 -0.09721658411845786 0
3797 0.9682022357343144 -0.09738421672889248 0
3798 0.9680557688876618 -0.09758537586141403 0
3799 0.9660378550447071 -0.09501787851015854 0
3800 0.9659676520412859 -0.09511520090965708 0
3801 0.9658834084371803 -0.09523198778905534 0
3802 0.9657823161122537 -0.09537213204433323 0
3803 0.9656610053223418 -0.09554030515066671 0
3804 0.9655154323744475 -0.09574211287826688 0
3805 0.9632913864838067 -0.09304824704818053 0
3806 0.9632218073676136 -0.09314601685346696 0
3807 0.9631383124281819 -0.09326334061981068 0
3808 0.9630381185008637 -0.09340412913942313 0
3809 0.962917885788082 -0.09357307536295809 0
3810 0.9627736065327439 -0.09377581083120003 0
3811 0.9603222341489782 -0.09095126264141434 0
3812 0.9602534396093313 -0.09104958653569821 0
3813 0.9601708861617548 -0.09116757520883885 0
3814 0.9600718220246631 -0.09130916161660763 0
3815 0.9599529450601532 -0.09147906530593015 0
3816 0.9598102927027411 -0.09168294973311718 0
3817 0.9571097821964741 -0.08872441196795065 0
3818 0.9570418600742192 -0.08882334058783334 0
3819 0.9569603535275133 -0.08894205493169255 0
3820 0.9568625456714662 -0.08908451214432361 0
3821 0.9567451762442096 -0.08925546079948088 0
3822 0.9566043329315018 -0.08946059918566961 0
3823 0.9536334756542881 -0.08636029332638251 0
3824 0.9535665139878885 -0.08645987508582605 0
3825 0.953486159988209 -0.08657937319715829 0
3826 0.9533897351885935 -0.08672277093075699 0
3827 0.953274025429055 -0.08689484821107543 0
3828 0.9531351737176087 -0.08710134094745756 0
3829 0.9498679831916934 -0.0838565408147641 0
3830 0.9498022584661318 -0.08395694498507852 0
3831 0.9497233887954578 -0.08407742998945585 0
3832 0.949628745190649 -0.08422201199470862 0
3833 0.9495151728648785 -0.08439551040101197 0
3834 0.9493788860739539 -0.08460370848857597 0
3835 0.945780252995414 -0.08122207961781991 0
3836 0.9457158453821815 -0.0813233325798137 0
3837 0.9456385562463024 -0.08144483613420625 0
3838 0.9455458092832476 -0.08159064039947732 0
3839 0.9454345129275818 -0.0817656055178026 0
3840 0.9453009573007828 -0.08197556365979293 0
3841 0.9413512922796013 -0.07844123805111332 0
3842 0.9412881834780741 -0.07854330644893 0
3843 0.9412124529162412 -0.07866578852631001 0
3844 0.9411215762420418 -0.07881276701916604 0
3845 0.9410125242330025 -0.07898914121059326 0
3846 0.9408816618221554 -0.07920079024030593 0
3847 0.9365467545096858 -0.07551577179089877 0
3848 0.9364851495333185 -0.07561875578706516 0
3849 0.9364112235616776 -0.07574233658246483 0
3850 0.9363225123957086 -0.07589063353694445 0
3851 0.9362160589965458 -0.07606858988231999 0
3852 0.9360883149175504 -0.07628213749677062 0
3853 0.93133120467039 -0.07245055732351691 0
3854 0.9312712123164273 -0.07255448898480266 0
3855 0.9311992214916719 -0.07267920697834554 0
3856 0.9311128325019654 -0.07282886857059702 0
3857 0.9310091657143177 -0.07300846248129879 0
3858 0.9308847655691405 -0.07322397517414091 0
3859 0.9256707339370671 -0.06924136793283193 0
3860 0.9256122249221787 -0.06934614049944871 0
3861 0.9255420141043125 -0.06947186757938882 0
3862 0.925457761122873 -0.06962274007531696 0
3863 0.9253566575451457 -0.06980378707043072 0
3864 0.925235333251873 -0.07002104346456725 0
3865 0.9195388994976245 -0.06586840681423764 0
3866 0.919481585853921 -0.06597383687833371 0
3867 0.919412809481477 -0.06610035295524898 0
3868 0.919330277834544 -0.06625217224754731 0
3869 0.9192312398582246 -0.06643435539830531 0
3870 0.9191123942866413 -0.06665297517921491 0
3871 0.9129090209174067 -0.06230643975296686 0
3872 0.9128531574919254 -0.06241264889236096 0
3873 0.912786121381348 -0.06254009985963387 0
3874 0.912705678048655 -0.06269304102036136 0
3875 0.9126091460494233 -0.06287657041323434 0
3876 0.9124933076503455 -0.06309680568468193 0
3877 0.9057119122951464 -0.0586006069472836 0
3878 0.9056576091645278 -0.05870761941685615 0
3879 0.9055924454077855 -0.05883603438034322 0
3880 0.9055142488996948 -0.05899013233652769 0
3881 0.905420413089986 -0.05917504988394906 0
3882 0.9053078101183353 -0.0593969509408547 0
3883 0.8979250540798978 -0.0547063557074024 0
3884 0.8978720373167948 -0.05481401144858541 0
3885 0.8978084172010711 -0.05494319833800503 0
3886 0.8977320730622028 -0.05509822260530856 0
3887 0.8976404600955608 -0.05528425172607281 0
3888 0.8975305245355905 -0.0555074866709899 0
3889 0.8905799953223072 -0.05114439262194323 0
3890 0.890528595072651 -0.05125283220939821 0
3891 0.8904669147730635 -0.05138295971434417 0
3892 0.8903928984135585 -0.05153911272027934 0
3893 0.8903040787821525 -0.05172649632740154 0
3894 0.8901974952244653 -0.05195135665594817 0
3895 0.883634361196074 -0.04792682694395272 0
3896 0.8835843767888465 -0.0480359223575821 0
3897 0.8835243955001735 -0.04816683685393736 0
3898 0.8834524179537658 -0.04832393424956367 0
3899 0.8833660448980767 -0.04851245112431524 0
3900 0.8832623972312498 -0.04873867137401712 0
3901 0.8770963230628206 -0.04496403432671634 0
3902 0.8770474929953403 -0.04507365280551436 0
3903 0.876988896914364 -0.04520519498007198 0
3904 0.8769185816171924 -0.04536304558954112 0
3905 0.8768342032605865 -0.04555246632090409 0
3906 0.8767329492326594 -0.04577977119853966 0
3907 0.8709305814560411 -0.04226426157672041 0
3908 0.8708827106679426 -0.04237430006185488 0
3909 0.8708252657222245 -0.04250634624401623 0
3910 0.8707563317873628 -0.04266480166260986 0
3911 0.8706736110655287 -0.0428549481649222 0
3912 0.8705743461993277 -0.04308312396769703 0
3913 0.865136981193377 -0.03976003191116944 0
3914 0.8650896884054649 -0.03987032022245574 0
3915 0.8650329370599703 -0.0400026661959993 0
3916 0.8649648354453767 -0.04016148136425157 0
3917 0.8648831135078645 -0.04035205956615429 0
3918 0.8647850471828499 -0.04058075340843756 0
3919 0.8596914730825621 -0.03744338909742888 0
3920 0.8596451173817514 -0.03755407604113099 0
3921 0.8595894905407785 -0.03768690037357353 0
3922 0.8595227383316111 -0.03784628957250458 0
3923 0.8594426356806102 -0.03803755661122183 0
3924 0.8593465124994091 -0.03826707705768253 0
3925 0.8545609373532176 -0.0353282042584712 0
3926 0.8545155999644088 -0.03543931099688303 0
3927 0.8544611950978385 -0.03557263908297722 0
3928 0.8543959092579539 -0.03573263278629025 0
3929 0.8543175662500926 -0.03592462523026588 0
3930 0.8542235546406589 -0.03615501616303664 0
3931 0.8497367334456968 -0.03337977833627507 0
3932 0.8496919933878245 -0.03349112631762699 0
3933 0.8496383053183777 -0.03362474389524929 0
3934 0.8495738796350416 -0.03378508498839605 0
3935 0.8494965688150383 -0.03397749430017215 0
3936 0.8494037958310343 -0.03420838547430349 0
3937 0.8452059034684885 -0.03156859734187836 0
3938 0.8451615766356501 -0.0316801105038423 0
3939 0.845108384436244 -0.03181392629819903 0
3940 0.8450445537969568 -0.0319745052514271 0
3941 0.844967957029812 -0.03216719999530079 0
3942 0.8448760409092383 -0.03239843368794921 0
3943 0.840950771278825 -0.02988660342230237 0
3944 0.8409071684181384 -0.02999840274458584 0
3945 0.8408548449853144 -0.03013256193132599 0
3946 0.8407920568659256 -0.03029355295541418 0
3947 0.840716711122659 -0.03048674218432 0
3948 0.8406262962307391 -0.03071856925900699 0
3949 0.8369472630769543 -0.02834603372272692 0
3950 0.8369044191261038 -0.02845812506083815 0
3951 0.8368530063850833 -0.02859263466657163 0
3952 0.8367913110958586 -0.02875404619345181 0
3953 0.836717276748789 -0.02894774002570802 0
3954 0.8366284355323055 -0.02918017262441546 0
3955 0.8331859860117576 -0.02691798164022377 0
3956 0.8331435175992566 -0.02703021555579221 0
3957 0.8330925555042554 -0.02716489625447435 0
3958 0.833031400990254 -0.0273265130928929 0
3959 0.8329580155734523 -0.02752045329899517 0
3960 0.8328699530732903 -0.02775318154631789 0
3961 0.8296565029132202 -0.02558692337222431 0
3962 0.8296143284688575 -0.02569926814845614 0
3963 0.8295637191356223 -0.02583408187993433 0
3964 0.8295029879357401 -0.02599585835770815 0
3965 0.8294301104958813 -0.02618999013103675 0
3966 0.8293426575680509 -0.02642294825903106 0
3967 0.8263433196207677 -0.0243487958164374 0
3968 0.8263015108663012 -0.02446127724659439 0
3969 0.8262513403609414 -0.02459625496278279 0
3970 0.8261911357545095 -0.02475822822220886 0
3971 0.8261188902267914 -0.02495259613352014 0
3972 0.8260321955935296 -0.02518583762709368 0
3973 0.8232325184579184 -0.02319868724128258 0
3974 0.8231912188948655 -0.02331135692009602 0
3975 0.8231416594192018 -0.02344656053467214 0
3976 0.8230821880484054 -0.02360880487216348 0
3977 0.8230108224034498 -0.0238034980771531 0
3978 0.822925183629503 -0.02403712992314063 0
3979 0.820309971800666 -0.02213654088420565 0
3980 0.8202691447732732 -0.02224938229134174 0
3981 0.8202201523404017 -0.02238479197990504 0
3982 0.820161361420956 -0.02254728360618101 0
3983 0.8200908123176212 -0.02274227355771217 0
3984 0.8200061533936193 -0.02297626149954957 0
3985 0.8175662902031274 -0.02114825641118527 0
3986 0.817525484832753 -0.02126110561702166 0
3987 0.8174765183883036 -0.02139652466402532 0
3988 0.8174177586549642 -0.02155902752042973 0
3989 0.8173472469749572 -0.02175403094811501 0
3990 0.8172626329589486 -0.02198803506133734 0
3991 0.8149949937339089 -0.02021495884195809 0
3992 0.8149538763967267 -0.02032769481145948 0
3993 0.8149045355921081 -0.02046297797486115 0
3994 0.8148453266265656 -0.02062531777094316 0
3995 0.8147742758679147 -0.02082012552624156 0
3996 0.8146890149575338 -0.02105389483259965 0
3997 0.8125870741313743 -0.01933254840494346 0
3998 0.8125453544017651 -0.01944506360998275 0
3999 0.8124952907262341 -0.01958008185602992 0
4000 0.8124352143155967 -0.01974210375128651 0
4001 0.8123631226228319 -0.01993653002559442 0
4002 0.8122766125915143 -0.02016984155476392 0
4003 0.8103351786081596 -0.01848788195400615 0
4004 0.8102926225347172 -0.01860008343607004 0
4005 0.8102415552465863 -0.01873472521454672 0
4006 0.8101802745008291 -0.01889629534871874 0
4007 0.8101067376059206 -0.01909017950972515 0
4008 0.8100184933320302 -0.01932284050293285 0
4009 0.8082282909621737 -0.01768000854249371 0
4010 0.8081842715562751 -0.01779164885364694 0
4011 0.8081314482691968 -0.01792561722703081 0
4012 0.8080680603247028 -0.01808637927509146 0
4013 0.8079919947913099 -0.01827929373276423 0
4014 0.8079007161512385 -0.01851079108197156 0
4015 0.80626762418164 -0.01688569963890842 0
4016 0.8062209967474085 -0.01699628319712652 0
4017 0.8061650438263307 -0.01712898346698824 0
4018 0.8060979003210372 -0.01728822379082231 0
4019 0.8060173281146852 -0.01747931217942319 0
4020 0.8059206414670628 -0.01770861824574424 0
4021 0.8044494096392293 -0.01608894455545691 0
4022 0.8044004270073589 -0.01619849588458342 0
4023 0.8043416478491143 -0.01632995747953524 0
4024 0.8042711128592209 -0.01648771139347742 0
4025 0.8041864708713489 -0.01667701609020804 0
4026 0.8040849004859023 -0.01690418172628478 0
4027 0.8027548402688355 -0.01531621385155958 0
4028 0.8027019063684745 -0.01542396281022945 0
4029 0.8026383856880411 -0.01555326156063329 0
4030 0.8025621608715212 -0.0157084200611179 0
4031 0.8024706910916973 -0.01589461026169944 0
4032 0.8023609273559086 -0.01611803850239728 0
4033 0.8012075908351145 -0.01450052555522161 0
4034 0.8011489065627281 -0.0146052420071172 0
4035 0.8010784854358645 -0.01473090174939191 0
4036 0.800993980083628 -0.01488169344012156 0
4037 0.8008925736609444 -0.01506264346899714 0
4038 0.8007708859537239 -0.01527978350364783 0
4039 0.7997993761014903 -0.01366367603367462 0
4040 0.7997360264749473 -0.01376561931913117 0
4041 0.7996600069230958 -0.01388795126167902 0
4042 0.7995687834608738 -0.01403474959273645 0
4043 0.7994593153062075 -0.01421090759000536 0
4044 0.7993279535206079 -0.01442229718672805 0
4045 0.7985106708510533 -0.01282733565239634 0
4046 0.7984439901453932 -0.01292711673973628 0
4047 0.7983639732986012 -0.01304685404454421 0
4048 0.7982679530824508 -0.01319053881031373 0
4049 0.7981527288230703 -0.01336296052923715 0
4050 0.7980144597118137 -0.01356986659194525 0
4051 0.7973221083704235 -0.0120099404555153 0
4052 0.7972509103824119 -0.01210661404855127 0
4053 0.7971654727967979 -0.01222262236019443 0
4054 0.7970629476940613 -0.01236183233416623 0
4055 0.7969399175707773 -0.01252888430293239 0
4056 0.7967922814228365 -0.01272934666545178 0
4057 0.7962594575903617 -0.01117352508348659 0
4058 0.7961828927902859 -0.01126597319638344 0
4059 0.7960910150301949 -0.01137691093185965 0
4060 0.7959807617180857 -0.01151003621443111 0
4061 0.7958484577435548 -0.01166978655351687 0
4062 0.7956896929741177 -0.01186148696041977 0
4063 0.7953032358135489 -0.010341058722664 0
4064 0.7952227282454996 -0.01043007358262506 0
4065 0.7951261191638402 -0.01053689141457833 0
4066 0.795010188265849 -0.01066507281292225 0
4067 0.7948710711882596 -0.01081889049093497 0
4068 0.7947041306951523 -0.01100347170455022 0
4069 0.7944364470344998 -0.009527052062343755 0
4070 0.7943527584672047 -0.009613079085629795 0
4071 0.7942523321864505 -0.009716311513573044 0
4072 0.7941318206495456 -0.00984019042710494 0
4073 0.7939872068052597 -0.009988845123343219 0
4074 0.7938136701921166 -0.01016723075882915 0
4075 0.793651264154304 -0.008736095353799102 0
4076 0.7935646436568483 -0.008819168378832766 0
4077 0.7934606990599015 -0.008918856008873162 0
4078 0.7933359655435653 -0.009038481164921638 0
4079 0.793186285323962 -0.009182031352179808 0
4080 0.7930066690604378 -0.009354291576889613 0
4081 0.7929409999724353 -0.007969735539520831 0
4082 0.7928515651457601 -0.008049771442591707 0
4083 0.7927442433537497 -0.008145814526276758 0
4084 0.7926154572033374 -0.008261066226698819 0
4085 0.7924609138228426 -0.008399368267205292 0
4086 0.7922754617662487 -0.008565330715813059 0
4087 0.7923001469558404 -0.007228259164420802 0
4088 0.7922083128871501 -0.007305518675712713 0
4089 0.7920981120047218 -0.007398230089263005 0
4090 0.7919658709458078 -0.007509483785523357 0
4091 0.7918071816751111 -0.00764298822103578 0
4092 0.7916167545502751 -0.007803193543650686 0
4093 0.7917181260265814 -0.00651763280901681 0
4094 0.7916244393148482 -0.006592630029407915 0
4095 0.7915120152607681 -0.006682626693877241 0
4096 0.791377106395872 -0.006790622691240432 0
4097 0.7912152157579968 -0.006920217888076261 0
4098 0.7910209469925464 -0.007075732124279256 0
4099 0.7911871447325741 -0.005839064865102373 0
4100 0.7910916808533175 -0.005911790672501048 0
4101 0.7909771241982095 -0.005999061641379457 0
4102 0.79083965621208 -0.006103786804033548 0
4103 0.7906746946287245 -0.006229456999218458 0
4104 0.7904767407286979 -0.006380261233440349 0
4105 0.7907062364465014 -0.00519070452140728 0
4106 0.7906088975690218 -0.005260902113319652 0
4107 0.7904920909160462 -0.005345139223614498 0
4108 0.7903519229324756 -0.005446223755968314 0
4109 0.7901837213521907 -0.005567525194792892 0
4110 0.7899818794558491 -0.005713086921382386 0
4111 0.7902706904437969 -0.004569556261591913 0
4112 0.790171645747281 -0.004637320802160576 0
4113 0.790052792111462 -0.004718638250842973 0
4114 0.7899101677484791 -0.004816219189261848 0
4115 0.7897390185128997 -0.0049333163153645 0
4116 0.7895336394302044 -0.005073832866687681 0
4117 0.7898765321001081 -0.003979143152441503 0
4118 0.7897761144473249 -0.004044850899707323 0
4119 0.7896556132639851 -0.004123700196426308 0
4120 0.7895110118439773 -0.004218319352489088 0
4121 0.789337490139968 -0.004331862339764425 0
4122 0.7891292640951568 -0.00446811392449483 0
4123 0.7894930518637691 -0.003381243644362011 0
4124 0.7893912485782452 -0.003444790738659108 0
4125 0.7892690846356165 -0.003521047251815625 0
4126 0.7891224879044622 -0.003612555067603446 0
4127 0.7889465718270768 -0.003722364446548831 0
4128 0.7887354725342145 -0.003854135701283292 0
4129 0.7891176385899429 -0.00276325533447745 0
4130 0.7890142635610835 -0.0028242147311038 0
4131 0.7888902135264523 -0.002897366007055419 0
4132 0.7887413534848947 -0.002985147538197362 0
4133 0.7885627214350257 -0.003090485375567693 0
4134 0.788348362975183 -0.003216890780412091 0
4135 0.7887519697083133 -0.002124366168901075 0
4136 0.7886468764480223 -0.002182323005051555 0
4137 0.7885207645356733 -0.002251871208432131 0
4138 0.7883694302408544 -0.002335329052488822 0
4139 0.7881878290870717 -0.002435478465356852 0
4140 0.7879699077025325 -0.002555657760798487 0
4141 0.7884000847219391 -0.00146189660928189 0
4142 0.7882930409129862 -0.001516180515813194 0
4143 0.7881645883422428 -0.001581321203650758 0
4144 0.7880104452573506 -0.001659490029055836 0
4145 0.7878254735554802 -0.001753292619541928 0
4146 0.7876035075132355 -0.00186585572812524 0
4147 0.7880678610620296 -0.0007751348914345707 0
4148 0.7879587807787084 -0.0008252080287420028 0
4149 0.7878278844387228 -0.0008852957935109214 0
4150 0.7876708088307401 -0.0009574011112336236 0
4151 0.7874823181011609 -0.001043927492500866 0
4152 0.7872561292256658 -0.001147759150021558 0
4153 0.7877579667061531 -6.279010175904832e-05 0
4154 0.7876470056561556 -0.0001085388270398373 0
4155 0.7875138523961587 -0.000163437297376784 0
4156 0.7873540684841625 -0.0002293154617811201 0
4157 0.7871623277897669 -0.0003083692590663234 0
4158 0.7869322389564923 -0.0004032338158085673 0
4159 0.7874701393280246 0.0006749758719203748 0
4160 0.7873571384275019 0.000634457582640841 0
4161 0.7872215373468745 0.0005858356355054004 0
4162 0.7870588160501217 0.0005274892989428717 0
4163 0.7868635504940183 0.0004574736950678372 0
4164 0.7866292318266944 0.0003734549704177959 0
4165 0.7872193299943074 0.00143982250355762 0
4166 0.7871043118013078 0.001405458749876655 0
4167 0.7869662899697083 0.001364222245459496 0
4168 0.7868006637717888 0.001314738440158906 0
4169 0.7866019123342854 0.001255357873798198 0
4170 0.7863634106092815 0.001184101194165348 0
4171 0.7870049542971721 0.002232767116172861 0
4172 0.7868882267269099 0.00220472949218998 0
4173 0.7867481536425953 0.002171084343410522 0
4174 0.7865800659414177 0.002130710164875173 0
4175 0.7863783607000046 0.002082261150632755 0
4176 0.7861363144103088 0.002024122333541852 0
4177 0.7868325747352203 0.003050746657673204 0
4178 0.7867142141753042 0.003030464327781463 0
4179 0.7865721815034049 0.003006125531911373 0
4180 0.7864017422971258 0.002976918976867265 0
4181 0.7861972152495909 0.002941871110814336 0
4182 0.7859517827925488 0.002899813671550821 0
4183 0.7867206734992019 0.003892916075028058 0
4184 0.7866012287417991 0.003880804139983803 0
4185 0.7864578950329155 0.003866269817930697 0
4186 0.7862858945822554 0.00384882863146697 0
4187 0.7860794940414632 0.003827899207710497 0
4188 0.7858318133925125 0.00380278389920273 0
4189 0.7866617522497904 0.004729454106842694 0
4190 0.7865416538989251 0.004726648076485683 0
4191 0.7863975358778865 0.00472328084005727 0
4192 0.7862245942526404 0.004719240156343175 0
4193 0.786017064302345 0.004714391335886261 0
4194 0.7857680283619904 0.004708572751337963 0
4195 0.7866808176306143 0.00555335487174977 0
4196 0.7865609048658344 0.005558503077644962 0
4197 0.7864170095480986 0.005564680924719193 0
4198 0.7862443351668156 0.005572094341208269 0
4199 0.786037125909276 0.005580990440995161 0
4200 0.7857884748002284 0.005591665760739432 0
4201 0.7867313372719474 0.006360825993867107 0
4202 0.7866118626365463 0.006372959149325861 0
4203 0.7864684930740649 0.006387518935876366 0
4204 0.7862964495990871 0.006404990679736971 0
4205 0.7860899974291138 0.006425956772369698 0
4206 0.7858422548251459 0.006451116083528969 0
4207 0.7868423634458827 0.007151258931944426 0
4208 0.7867239095800294 0.007170650793899767 0
4209 0.7865817649410054 0.007193921028246175 0
4210 0.7864111913741767 0.007221845309461865 0
4211 0.7862065030939822 0.007255354446920694 0
4212 0.7859608771577488 0.007295565411871288 0
4213 0.786986332348916 0.007921572001099171 0
4214 0.7868689646650885 0.007946771597747062 0
4215 0.7867281234444954 0.007977011113724532 0
4216 0.7865591139797837 0.008013298532897497 0
4217 0.7863563026221297 0.008056843435905054 0
4218 0.7861129289929448 0.008109097319514123 0
4219 0.7871685367874715 0.0086727479006607 0
4220 0.78705275218649 0.00870447014595334 0
4221 0.7869138106653121 0.008742536840304509 0
4222 0.7867470808398985 0.008788216873525911 0
4223 0.7865470050494024 0.008843032913391592 0
4224 0.786306914100807 0.008908812161230411 0
4225 0.7873907481098538 0.009399906113846317 0
4226 0.7872771958173821 0.009438929180962681 0
4227 0.787140933066416 0.009485756861502315 0
4228 0.7869774177652568 0.009541950078149878 0
4229 0.7867811994038657 0.009609381938126953 0
4230 0.7865457373701964 0.009690300170099442 0
4231 0.7876588648437778 0.01010132251363934 0
4232 0.7875483657928114 0.01014832891646037 0
4233 0.7874157669316518 0.01020473659984562 0
4234 0.7872566482982604 0.01027242581990791 0
4235 0.7870657059381905 0.01035365288398266 0
4236 0.7868365751061067 0.01045112536087236 0
4237 0.787972158461008 0.01076862602466587 0
4238 0.7878656459972198 0.01082411945223389 0
4239 0.787737831040674 0.01089071156531552 0
4240 0.787584453092819 0.01097062210101348 0
4241 0.7874003995553931 0.01106651474385103 0
4242 0.7871795353104819 0.01118158591525609 0
4243 0.7883350052965977 0.01140049172112769 0
4244 0.7882327444883593 0.01146338595152715 0
4245 0.7881100315184733 0.0115388590280065 0
4246 0.78796277595461 0.01162942671978172 0
4247 0.787786069277974 0.01173810794991199 0
4248 0.7875740212660108 0.01186852542606831 0
4249 0.7887272213783281 0.01199752089456436 0
4250 0.7886289360448121 0.01206646460916617 0
4251 0.788510993644593 0.01214919706668834 0
4252 0.7883694627643301 0.01224847601571494 0
4253 0.7881996257080145 0.01236761075454687 0
4254 0.7879958212404358 0.01251057244114518 0
4255 0.789154202197209 0.01256876173677977 0
4256 0.789060170867434 0.01264339498150949 0
4257 0.7889473332717037 0.01273295487518515 0
4258 0.7888119281568277 0.01284042674759594 0
4259 0.7886494420189762 0.0129693929944889 0
4260 0.7884544586535546 0.01312415249076044 0
4261 0.7896294253577615 0.01313339868894276 0
4262 0.789539326694634 0.0132127033216645 0
4263 0.7894312082988811 0.01330786888093058 0
4264 0.7893014662239776 0.01342206755204988 0
4265 0.7891457757340933 0.01355910595739304 0
4266 0.7889589471462323 0.01372355204380483 0
4267 0.7901425289438355 0.01369119104081339 0
4268 0.7900564337161755 0.01377484671366433 0
4269 0.7899531194429834 0.01387523352108546 0
4270 0.789829142315153 0.01399569768999081 0
4271 0.7896803697617564 0.01414025469267724 0
4272 0.7895018426976805 0.01431372309590095 0
4273 0.7907039453170892 0.0142385295392523 0
4274 0.7906226033689742 0.01432681803340741 0
4275 0.790524993031236 0.01443276422639354 0
4276 0.7904078606259503 0.0145598996579769 0
4277 0.7902673017396072 0.01471246217587693 0
4278 0.7900986310759958 0.01489553719735697 0
4279 0.791313528266079 0.01476942876132555 0
4280 0.791237513987854 0.01486235587636609 0
4281 0.791146296853984 0.01497386841441473 0
4282 0.7910368362933399 0.0151076834600731 0
4283 0.7909054836205671 0.01526826151486315 0
4284 0.7907478604132396 0.01546095518061121 0
4285 0.7919746836159424 0.0152773074827588 0
4286 0.7919047118018736 0.01537487472162482 0
4287 0.7918207456249912 0.01549195540826406 0
4288 0.7917199862127322 0.01563245223223114 0
4289 0.7915990749180215 0.01580104842099164 0
4290 0.7914539813643685 0.01600336384750423 0
4291 0.7926905264151022 0.01575619176909984 0
4292 0.7926271033313189 0.01585813843931579 0
4293 0.792550995630779 0.01598047444357493 0
4294 0.7924596663901312 0.0161272776486859 0
4295 0.7923500713013538 0.01630344149481906 0
4296 0.7922185571948209 0.01651483811017885 0
4297 0.7934590933898833 0.01620010426767097 0
4298 0.7934023426672275 0.01630590337947503 0
4299 0.7933342418000405 0.0164328623136399 0
4300 0.7932525207594163 0.01658521303463775 0
4301 0.7931544555106671 0.01676803389983517 0
4302 0.7930367772121681 0.01698741893807207 0
4303 0.7942786337534552 0.01660738992421721 0
4304 0.7942285513716932 0.01671650171586364 0
4305 0.794168452513579 0.01684743586583934 0
4306 0.7940963338838418 0.01700455684581019 0
4307 0.7940097915281573 0.01719310202177521 0
4308 0.7939059407013358 0.01741935623293323 0
4309 0.795148480990187 0.01697486003173838 0
4310 0.7951052497568897 0.01708686487932519 0
4311 0.795053372276933 0.01722127069642936 0
4312 0.794991119300985 0.01738255767695436 0
4313 0.7949164157298474 0.01757610205358437 0
4314 0.7948267714444822 0.01780835530554037 0
4315 0.796068444234736 0.01729750805791305 0
4316 0.796032017919063 0.01741189837811857 0
4317 0.7959883063402554 0.0175491667623652 0
4318 0.7959358524456863 0.01771388882346115 0
4319 0.7958729077722034 0.01791155529677629 0
4320 0.7957973741640239 0.01814875506475446 0
4321 0.7970334867889027 0.01757453312766869 0
4322 0.7970036950015402 0.0176908269336452 0
4323 0.7969679448567052 0.01783037950081701 0
4324 0.7969250446829033 0.01799784258142319 0
4325 0.7968735644743408 0.0181987982781506 0
4326 0.7968117882240658 0.01843994511422349 0
4327 0.7980428120114799 0.01780268448032096 0
4328 0.7980195150402262 0.01792044545864357 0
4329 0.7979915586747216 0.0180617586326307 0
4330 0.7979580110361163 0.01823133444141526 0
4331 0.7979177538697898 0.01843482541195672 0
4332 0.797869445270198 0.01867901457660649 0
4333 0.7990958541721938 0.01798190753694684 0
4334 0.7990782334285186 0.01810063387948301 0
4335 0.7990570885361084 0.0182431054905264 0
4336 0.7990317146652161 0.01841407142377847 0
4337 0.7990012660201453 0.01861923054368095 0
4338 0.7989647276460605 0.01886542148756394 0
4339 0.8001881357349909 0.01812060943857444 0
4340 0.8001759194664665 0.01824002144081534 0
4341 0.8001612599442371 0.01838331584350441 0
4342 0.8001436685175618 0.0185552691267313 0
4343 0.8001225588055516 0.01876161306660357 0
4344 0.8000972271511392 0.01900922579445028 0
4345 0.8013206697156136 0.01820893337699857 0
4346 0.8013138151421408 0.01832876292332118 0
4347 0.8013055896539737 0.0184725583789083 0
4348 0.801295719068173 0.01864511292561285 0
4349 0.8012838743652122 0.0188521783816583 0
4350 0.8012696607216593 0.01910065692891285 0
4351 0.8024898625627517 0.01825180898943968 0
4352 0.8024869745823436 0.0183717836495195 0
4353 0.8024835090058541 0.01851575324161527 0
4354 0.8024793503140666 0.0186885167521302 0
4355 0.8024743598839216 0.01889583296474812 0
4356 0.8024683713677475 0.01914461241988961 0
4357 0.8036973867441616 0.01826582098683997 0
4358 0.8036980905695773 0.01838583705226309 0
4359 0.8036989351600762 0.01852985633077083 0
4360 0.8036999486686748 0.01870267946498012 0
4361 0.8037011648789931 0.01891006722603127 0
4362 0.8037026243313751 0.01915893253929265 0
4363 0.8049427873856771 0.01823697295307277 0
4364 0.804947149027237 0.01835690400761034 0
4365 0.8049523829971086 0.01850082127305543 0
4366 0.8049586637609546 0.01867352199158952 0
4367 0.8049662006775697 0.01888076285383044 0
4368 0.8049752449775081 0.01912945188851955 0
4369 0.8062257851215839 0.01817352328249099 0
4370 0.8062335353507513 0.01829328651752759 0
4371 0.8062428356257522 0.01843700239957152 0
4372 0.8062539959557532 0.01860946145802422 0
4373 0.8062673883517544 0.01881641232816748 0
4374 0.8062834592269559 0.01906475337233938 0
4375 0.8075466733166139 0.01806804977871553 0
4376 0.8075578949425306 0.01818753556902988 0
4377 0.8075713608936306 0.0183309185174071 0
4378 0.8075875200349506 0.01850297805545976 0
4379 0.8076069110045345 0.01870944950112296 0
4380 0.8076301801680353 0.01895721523591879 0
4381 0.8089058995920221 0.01792141792541445 0
4382 0.8089202259227746 0.01804056857962591 0
4383 0.8089374175196776 0.01818354936467966 0
4384 0.8089580474359612 0.01835512630674416 0
4385 0.8089828033355015 0.01856101863722156 0
4386 0.80901251041495 0.01880808943379444 0
4387 0.8103043142337987 0.01773611549540229 0
4388 0.8103214122741011 0.01785489870982468 0
4389 0.8103419299224641 0.01799743856713154 0
4390 0.8103665511004997 0.01816848639589977 0
4391 0.8103960965141424 0.01837374379042165 0
4392 0.8104315510105136 0.01862005266384791 0
4393 0.8117412750870316 0.01751295411350342 0
4394 0.8117610279022649 0.01763132488767878 0
4395 0.8117847312805448 0.01777336981668921 0
4396 0.8118131753344807 0.01794382373150172 0
4397 0.8118473081992038 0.01814836842927675 0
4398 0.8118882676368715 0.01839382206660677 0
4399 0.8132185007289011 0.01724945777595292 0
4400 0.8132408803839394 0.01736735984458842 0
4401 0.8132677359699855 0.01750884232695103 0
4402 0.8132999626732407 0.01767862130578615 0
4403 0.8133386347171468 0.0178823560803883 0
4404 0.8133850411698343 0.01812683780991087 0
4405 0.8147367162032453 0.01694400324788841 0
4406 0.8147615781690084 0.01706140575697836 0
4407 0.814791412527924 0.0172022887678863 0
4408 0.8148272137586229 0.01737134838097582 0
4409 0.8148701752354615 0.01757421991668325 0
4410 0.8149217290076677 0.01781766575953216 0
4411 0.816295878731789 0.01659743112083395 0
4412 0.8163230271452663 0.01671432527964049 0
4413 0.816355605241439 0.01685459827020835 0
4414 0.8163946989568462 0.01702292585888978 0
4415 0.816441611415335 0.0172249189653075 0
4416 0.8164979063655216 0.01746731069300876 0
4417 0.8178969094259051 0.01620972642388719 0
4418 0.8179262671111721 0.01632608547658973 0
4419 0.8179614963334926 0.01646571633983276 0
4420 0.8180037714002771 0.01663327337572441 0
4421 0.8180545014804186 0.01683434181879439 0
4422 0.8181153775765884 0.01707562395047836 0
4423 0.8195405320203724 0.01577845031191094 0
4424 0.8195719036366786 0.01589428082820719 0
4425 0.8196095495762463 0.01603327744776269 0
4426 0.8196547247037274 0.01620007339122928 0
4427 0.8197089348567047 0.0164002285233892 0
4428 0.8197739870402775 0.0166404146819811 0
4429 0.8212292417676176 0.01530689533070393 0
4430 0.8212624663374414 0.01542220834900609 0
4431 0.82130233582123 0.01556058397096867 0
4432 0.8213501792017762 0.01572663471732378 0
4433 0.8214075912584318 0.0159258956129499 0
4434 0.8214764857264184 0.01616500868770125 0
4435 0.8229639985699796 0.01479173503615993 0
4436 0.8229990803520448 0.01490649644819671 0
4437 0.8230411784905232 0.01504421014264084 0
4438 0.8230916962566972 0.0152094665759738 0
4439 0.8231523175761061 0.01540777429597335 0
4440 0.8232250631593966 0.01564574355997281 0
4441 0.8247439230106471 0.01423216556873273 0
4442 0.8247807976100655 0.01434636328133845 0
4443 0.8248250471293676 0.01448340053646531 0
4444 0.8248781465525299 0.01464784524261755 0
4445 0.8249418658603248 0.01484517889000023 0
4446 0.8250183290296788 0.01508197926685944 0
4447 0.8265714709835997 0.01362654853127286 0
4448 0.826610061138575 0.01374017766782442 0
4449 0.8266563693245453 0.0138765326316863 0
4450 0.8267119391477098 0.01404015858832055 0
4451 0.8267786229355071 0.01423650973628164 0
4452 0.8268586434808638 0.01447213111383496 0
4453 0.8284473688003093 0.012974098058401 0
4454 0.8284874821762509 0.01308719735038114 0
4455 0.8285356182273808 0.01322291650075732 0
4456 0.8285933814887366 0.01338577948120873 0
4457 0.8286626974023636 0.01358121505775043 0
4458 0.8287458764987161 0.01381573774960046 0
4459 0.8303749055329605 0.01227728896796675 0
4460 0.8304163500956551 0.01238990698859476 0
4461 0.8304660835708886 0.01252504861334836 0
4462 0.8305257637411688 0.01268721856305268 0
4463 0.830597379945505 0.01288182250269787 0
4464 0.8306833193907085 0.01311534723027209 0
4465 0.8323542571595733 0.01153606041100566 0
4466 0.8323970520484317 0.01164817271474342 0
4467 0.832448405915062 0.01178270747922873 0
4468 0.8325100305550182 0.0119441491966111 0
4469 0.8325839801229655 0.01213787925746995 0
4470 0.8326727196045024 0.01237035533050057 0
4471 0.8343871446624617 0.01074544729768881 0
4472 0.8344314009025495 0.01085699121056956 0
4473 0.8344845083906548 0.01099084390602646 0
4474 0.8345482373763812 0.01115146714057474 0
4475 0.8346247121592528 0.01134421502203268 0
4476 0.8347164818986988 0.0115755124797822 0
4477 0.8364734984351799 0.009901362481941092 0
4478 0.8365192435238278 0.01001230398751295 0
4479 0.8365741376302053 0.01014543379419917 0
4480 0.8366400105578582 0.01030518956222265 0
4481 0.8367190580710416 0.01049689648385081 0
4482 0.8368139150868619 0.01072694478980461 0
4483 0.8386140335741266 0.009002206056996784 0
4484 0.8386611664777823 0.009112564543810986 0
4485 0.8387177259621692 0.009244994727988029 0
4486 0.8387855973434335 0.00940391094900048 0
4487 0.8388670430009506 0.009594610414215421 0
4488 0.8389647777899711 0.009823449772473351 0
4489 0.8408103945553441 0.008048804380510841 0
4490 0.8408588143185851 0.008158604219743581 0
4491 0.8409169180344742 0.008290364026822867 0
4492 0.8409866424935412 0.00844847579531801 0
4493 0.8410703118444215 0.008638209917512182 0
4494 0.8411707150654779 0.008865890864145189 0
4495 0.8430659616727941 0.007038652475007148 0
4496 0.8431156771067067 0.00714787200454628 0
4497 0.8431753356274018 0.00727893543999324 0
4498 0.8432469258522358 0.007436211562529591 0
4499 0.8433328341220367 0.007624942909573214 0
4500 0.8434359240457978 0.007851420526025559 0
4501 0.8453799650845913 0.005968436136446285 0
4502 0.8454310478365608 0.006077023235576375 0
4503 0.8454923471389241 0.006207327754532483 0
4504 0.8455659063017601 0.006363693177279812 0
4505 0.8456541772971633 0.006551331684576608 0
4506 0.8457601024916471 0.006776497893332762 0
4507 0.8477531688473277 0.004833246770781625 0
4508 0.8478056207860891 0.0049411788852973 0
4509 0.8478685631126029 0.005070697422716109 0
4510 0.8479440939044196 0.005226119667618682 0
4511 0.8480347308545996 0.005412626361501768 0
4512 0.8481434951948155 0.005636434394161471 0
4513 0.8501863248321201 0.003632297529656285 0
4514 0.8502400634251879 0.003739594533884912 0
4515 0.8503045497368692 0.003868350938959265 0
4516 0.8503819333108867 0.004022858625048487 0
4517 0.8504747935997079 0.004208267848355554 0
4518 0.8505862259462932 0.004430758916324035 0
4519 0.8526827542458875 0.00236393038950993 0
4520 0.852737735822834 0.002470595822628478 0
4521 0.8528037137151698 0.002598594342370735 0
4522 0.8528828871859727 0.002752192566061444 0
4523 0.8529778953509363 0.002936510434490296 0
4524 0.8530919051488925 0.003157691876604916 0
4525 0.8552424191400095 0.001025699384961359 0
4526 0.8552985544920634 0.001131761567372367 0
4527 0.8553659169145279 0.001259036186265577 0
4528 0.8554467518214854 0.001411765728937428 0
4529 0.8555437537098344 0.001595041180143649 0
4530 0.8556601559758532 0.001814971721591115 0
4531 0.8578693863276307 -0.0003815457436184831 0
4532 0.8579265331889885 -0.0002760254496283488 0
4533 0.8579951094226178 -0.0001494010968401876 0
4534 0.858077400902973 2.548126505605853e-06 0
4535 0.8581761506793993 0.0001848871945205579 0
4536 0.8582946504111109 0.0004036940761385003 0
4537 0.8605661830781303 -0.001857834319905639 0
4538 0.8606242719665611 -0.001752829740460961 0
4539 0.860693978632678 -0.001626824245127348 0
4540 0.8607776266320185 -0.001475617650727013 0
4541 0.860878004231227 -0.00129416973744661 0
4542 0.8609984573502771 -0.001076432241510127 0
4543 0.8633353593056595 -0.003405678021449149 0
4544 0.8633944206962306 -0.003301217056050352 0
4545 0.863465294364916 -0.003175863897571796 0
4546 0.8635503427673384 -0.003025440107397529 0
4547 0.8636524008502453 -0.002844931559188408 0
4548 0.8637748705497336 -0.002628321301337464 0
4549 0.8661761211796105 -0.005030027992259041 0
4550 0.8662362195972211 -0.004926160033852569 0
4551 0.8663083376983538 -0.004801518483764802 0
4552 0.8663948794197132 -0.004651948623659483 0
4553 0.8664987294853442 -0.004472464791533099 0
4554 0.8666233495641016 -0.004257084192981439 0
4555 0.8690900537215577 -0.006735784750130909 0
4556 0.8691511824238737 -0.006632519933651906 0
4557 0.8692245368666527 -0.006508602153877101 0
4558 0.8693125621979877 -0.006359900818147336 0
4559 0.8694181925955896 -0.006181459215271618 0
4560 0.8695449490727118 -0.005967329291820756 0
4561 0.8720788286026755 -0.008524608491893394 0
4562 0.8721410135596505 -0.008421975895349368 0
4563 0.8722156355080204 -0.008298816779496536 0
4564 0.8723051818460643 -0.008151025840473138 0
4565 0.872412637451717 -0.00797367671364506 0
4566 0.8725415841785003 -0.007760857761451368 0
4567 0.8751432133504849 -0.01040386755172897 0
4568 0.8752064149185365 -0.01030185843509739 0
4569 0.8752822568001983 -0.01017944749513949 0
4570 0.8753732670581925 -0.01003255436719002 0
4571 0.8754824793677856 -0.009856282613650642 0
4572 0.8756135341392972 -0.009644756509403394 0
4573 0.8782864674005371 -0.01237107419324496 0
4574 0.8783506106725005 -0.01226965447251505 0
4575 0.8784275825988566 -0.01214795080763916 0
4576 0.8785199489104839 -0.0120019064097881 0
4577 0.8786307884844367 -0.01182665313236681 0
4578 0.8787637959731799 -0.01161634919946128 0
4579 0.8815102948428499 -0.01443119864291136 0
4580 0.8815753765264598 -0.01433037862647037 0
4581 0.8816534745467915 -0.01420939460674118 0
4582 0.8817471921711898 -0.01406421378306615 0
4583 0.8818596533204677 -0.01388999679465612 0
4584 0.8819946066996011 -0.01368093640856408 0
4585 0.8848163750037089 -0.01658673003961326 0
4586 0.8848824337051202 -0.01648654706282753 0
4587 0.8849617041468137 -0.01636632749068464 0
4588 0.885056828676846 -0.01622206400411318 0
4589 0.8851709781128847 -0.01604894782022742 0
4590 0.8853079574361311 -0.01584120839956452 0
4591 0.8882047026035708 -0.01884588927329027 0
4592 0.8882717705934871 -0.01874637927384362 0
4593 0.8883522521813866 -0.01862696727450763 0
4594 0.8884488300868659 -0.01848367287530445 0
4595 0.8885647235734413 -0.01831171959626063 0
4596 0.8887037957573317 -0.01810537566140805 0
4597 0.8916769132317002 -0.0212111374741587 0
4598 0.8917450121948197 -0.02111232980631155 0
4599 0.8918267309505632 -0.02099376060489497 0
4600 0.8919247934574555 -0.02085147756319507 0
4601 0.8920424684657261 -0.02068073791315519 0
4602 0.8921836784756508 -0.02047585033310734 0
4603 0.8952322662675428 -0.02368993327105331 0
4604 0.8953015157904608 -0.02359192782461875 0
4605 0.8953846152179622 -0.02347432128889729 0
4606 0.895484334530964 -0.02333319344603153 0
4607 0.8956039977065662 -0.02316384003459261 0
4608 0.8957475935172887 -0.02296061594086592 0
4609 0.898869095391119 -0.02629377796240825 0
4610 0.8989395887695762 -0.02619666313346632 0
4611 0.8990241808237249 -0.02608012533873601 0
4612 0.8991256912887035 -0.02594027998505964 0
4613 0.8992475038466775 -0.02577246556064799 0
4614 0.8993936789162464 -0.02557108825135402 0
4615 0.9025855313801548 -0.02902826564531855 0
4616 0.9026570921362855 -0.02893193622053634 0
4617 0.9027429650436424 -0.02881634091079769 0
4618 0.9028460125324707 -0.02867762653911131 0
4619 0.9029696695190645 -0.02851116929308766 0
4620 0.9031180579029772 -0.02831142059785927 0
4621 0.9063939065062612 -0.03188434142522056 0
4622 0.9064663571897179 -0.03178867942995977 0
4623 0.9065532980098659 -0.03167388503564682 0
4624 0.9066576269940436 -0.03153613176247128 0
4625 0.9067828217750569 -0.03137082783466062 0
4626 0.9069330555122727 -0.03117246312128783 0
4627 0.9102952389227458 -0.03486790680342702 0
4628 0.9103686372205889 -0.03477296953869764 0
4629 0.9104567151780008 -0.03465904482102237 0
4630 0.9105624087268949 -0.03452233515981205 0
4631 0.9106892409855678 -0.03435828356635967 0
4632 0.9108414396959754 -0.03416142165421681 0
4633 0.9140245636057232 -0.03778228977484687 0
4634 0.9140987093689936 -0.03768793666362915 0
4635 0.9141876842849183 -0.03757471293016788 0
4636 0.9142944541840279 -0.03743884445001436 0
4637 0.9144225780629593 -0.03727580227383013 0
4638 0.9145763267176772 -0.03708015166240906 0
4639 0.9176023254444374 -0.04060930545620631 0
4640 0.9176768862272442 -0.040515280285894 0
4641 0.9177663591666123 -0.04040245008151922 0
4642 0.917873726693854 -0.04026705383626949 0
4643 0.9180025677265442 -0.04010457834196982 0
4644 0.9181571769657724 -0.03990960774881021 0
4645 0.9210410529472272 -0.04334581553379009 0
4646 0.9211159308152699 -0.04325204270156267 0
4647 0.9212057842569211 -0.04313951530288976 0
4648 0.9213136083869027 -0.04300448242448227 0
4649 0.9214429973428805 -0.04284244297039328 0
4650 0.9215982640900539 -0.0426479956254865 0
4651 0.9243457369644431 -0.04599350962377313 0
4652 0.9244209031244768 -0.04589996777309794 0
4653 0.9245111025165171 -0.0457877175522877 0
4654 0.9246193417869656 -0.04565301728731542 0
4655 0.9247492289115037 -0.04549137696934868 0
4656 0.9249050934609495 -0.04529740858778859 0
4657 0.9275230287156689 -0.04855409102421613 0
4658 0.9275985426654608 -0.04846082946311137 0
4659 0.9276891594052111 -0.04834891558978566 0
4660 0.9277978994929115 -0.0482146189417948 0
4661 0.927928387598152 -0.04805346296420578 0
4662 0.9280849733244405 -0.04786007579109894 0
4663 0.930573723913978 -0.05103576167872123 0
4664 0.9306496133604223 -0.05094280558191765 0
4665 0.9307406806961553 -0.05083125826575334 0
4666 0.9308499614990351 -0.05069740148635617 0
4667 0.9309810984624907 -0.05053677335107957 0
4668 0.9311384628186374 -0.05034401958874765 0
4669 0.9335042594718256 -0.0534367616330718 0
4670 0.9335803832442747 -0.05334399752336217 0
4671 0.9336717317712137 -0.05323268059171062 0
4672 0.9337813500035405 -0.05309910027372875 0
4673 0.9339128918823325 -0.05293880389215052 0
4674 0.9340707421368831 -0.05274644823425664 0
4675 0.9363254138025673 -0.05575551861886869 0
4676 0.9364017384211072 -0.05566291959008885 0
4677 0.9364933279633552 -0.05555180075555305 0
4678 0.9366032354140527 -0.05541845815411009 0
4679 0.9367351243548898 -0.05525844703237853 0
4680 0.9368933910838942 -0.05506643368630067 0
4681 0.9390374025560362 -0.0579971442611012 0
4682 0.9391141533205536 -0.05790489747770809 0
4683 0.9392062542379745 -0.05779420133763636 0
4684 0.9393167753388797 -0.05766136596955028 0
4685 0.9394494006599658 -0.05750196352784699 0
4686 0.9396085510452693 -0.05731068059780304 0
4687 0.9416376971898441 -0.06017474711711908 0
4688 0.9417150250890416 -0.06008298366741333 0
4689 0.9418078185680785 -0.05997286752776643 0
4690 0.9419191707429229 -0.05984072816019016 0
4691 0.9420527933527361 -0.05968216091909864 0
4692 0.9422131404845119 -0.0594918802297888 0
4693 0.9441301848266892 -0.06228813981022564 0
4694 0.944207972163703 -0.06219676593047185 0
4695 0.9443013169681195 -0.06208711727476732 0
4696 0.9444133307334193 -0.06195553888792187 0
4697 0.9445477472517789 -0.06179764482370733 0
4698 0.9447090470738106 -0.06160817194664989 0
4699 0.9465239243830214 -0.06433404294692606 0
4700 0.9466020710485559 -0.06424297618743907 0
4701 0.9466958470471973 -0.06413369607605468 0
4702 0.946808378245567 -0.06400255994239341 0
4703 0.9469434156836106 -0.06384519658199989 0
4704 0.9471054606092629 -0.06365636054952765 0
4705 0.9488223116867905 -0.066314192014635 0
4706 0.9489008459788468 -0.06622345921750519 0
4707 0.9489950871293142 -0.06611457986094942 0
4708 0.9491081765098751 -0.06598392463308249 0
4709 0.9492438837665483 -0.06582713835964217 0
4710 0.9494067324745561 -0.06563899483151381 0
4711 0.9510286365474853 -0.06823269962505854 0
4712 0.9511075879492057 -0.06814232953361861 0
4713 0.9512023296312703 -0.0680338854238907 0
4714 0.9513160196497478 -0.0679037524922172 0
4715 0.9514524476719207 -0.067747592974209 0
4716 0.9516161612985282 -0.06756020155259916 0
4717 0.9531469606566141 -0.07009198954220684 0
4718 0.9532262994481473 -0.07000195947691865 0
4719 0.9533215059979873 -0.06989392339857282 0
4720 0.9534357538577952 -0.06976428010455782 0
4721 0.9535728512895647 -0.06960870815173983 0
4722 0.9537373682076881 -0.06942202180835824 0
4723 0.9551805025869903 -0.07189117666390585 0
4724 0.9552601147496159 -0.07180138846918345 0
4725 0.9553556493447668 -0.07169364263551657 0
4726 0.9554702908589479 -0.07156434763511632 0
4727 0.955607860675965 -0.07140919363463602 0
4728 0.9557729444563857 -0.07122300883405965 0
4729 0.9571358421424598 -0.07362861673260737 0
4730 0.9572156162495857 -0.07353897243692892 0
4731 0.9573113451781369 -0.07343139928211477 0
4732 0.9574262198923983 -0.07330231149633781 0
4733 0.957564069549512 -0.07314740615340544 0
4734 0.9577294891380483 -0.07296151974188661 0
4735 0.9590180422706958 -0.07530606901139297 0
4736 0.9590980225535707 -0.07521660846581257 0
4737 0.9591939988930205 -0.0751092558111161 0
4738 0.9593091705003602 -0.07498043262548032 0
4739 0.9594473764291681 -0.0748258448027174 0
4740 0.9596132235437373 -0.07464033941540188 0
4741 0.960827183816664 -0.07692854004854813 0
4742 0.9609075115204957 -0.07683939108269637 0
4743 0.9610039047650938 -0.07673241232367425 0
4744 0.9611195766586115 -0.07660403781284772 0
4745 0.9612583829308327 -0.07644998839985587 0
4746 0.9614249504574981 -0.07626512910426565 0
4747 0.9625631727059434 -0.07850005818222391 0
4748 0.9626438761866343 -0.07841124939870768 0
4749 0.9627407203634633 -0.07830467885848821 0
4750 0.9628569333756581 -0.07817679421022485 0
4751 0.9629963889902919 -0.0780233326323088 0
4752 0.9631637357278525 -0.07783917873880955 0
4753 0.9642300969112758 -0.0800206022710738 0
4754 0.9643111768592142 -0.07993213690288417 0
4755 0.9644084727967404 -0.07982597846105664 0
4756 0.9645252279217718 -0.07969858833086359 0
4757 0.9646653340718094 -0.07954572017463193 0
4758 0.9648334614518547 -0.07936227838715394 0
4759 0.9658296780523965 -0.08149353278141945 0
4760 0.96591122780853 -0.08140550003488951 0
4761 0.9660090875158902 -0.08129986073905357 0
4762 0.9661265191647225 -0.08117309358405046 0
4763 0.9662674371433212 -0.08102097299804671 0
4764 0.9664365387176397 -0.08083842829484222 0
4765 0.9673627119543162 -0.08292211642459062 0
4766 0.9674447932030454 -0.08283457897340507 0
4767 0.9675432907015203 -0.0827295340319824 0
4768 0.9676614876996903 -0.0826034801022752 0
4769 0.9678033240974943 -0.08245221538662656 0
4770 0.9679735277748589 -0.08227069772784819 0
4771 0.9688315286182403 -0.08430787011688645 0
4772 0.9689140391057282 -0.08422073764116704 0
4773 0.9690130516907135 -0.08411617867030373 0
4774 0.969131866792696 -0.08399070790526778 0
4775 0.9692744449150749 -0.08384014298722463 0
4776 0.9694455386619296 -0.08365946508557284 0
4777 0.9702418669677531 -0.08564830831925452 0
4778 0.9703246846225372 -0.085561467791943 0
4779 0.9704240658082782 -0.0854572591591692 0
4780 0.9705433232311675 -0.08533220879984063 0
4781 0.9706864321386347 -0.08518214836864633 0
4782 0.9708581628275952 -0.08500207585121319 0
4783 0.9715962711807027 -0.08694432595463022 0
4784 0.9716793670050555 -0.08685775160962994 0
4785 0.9717790819942791 -0.08675386239562961 0
4786 0.9718987399813473 -0.08662919533882921 0
4787 0.9720423295658293 -0.08647959487066874 0
4788 0.9722146370672075 -0.08630007430887617 0
4789 0.9728980502553684 -0.08819758641910531 0
4790 0.9729814194632532 -0.08811127527250764 0
4791 0.9730814625127152 -0.08800770189659045 0
4792 0.9732015141720695 -0.08788341384548981 0
4793 0.9733455761632946 -0.08773426818416905 0
4794 0.9735184505527649 -0.08755529339058411 0
4795 0.9741480364369997 -0.08940892171590034 0
4796 0.9742316862901189 -0.0893228825411003 0
4797 0.9743320661138621 -0.08921963553134026 0
4798 0.9744525219023539 -0.0890957391196282 0
4799 0.974597068848544 -0.08894706342557374 0
4800 0.9747705251839722 -0.08876865259270837 0
4801 0.9753494800092094 -0.09058076093185269 0
4802 0.9754333715233562 -0.09049495746676718 0
4803 0.9755340413403322 -0.09039199330866457 0
4804 0.9756548451207034 -0.09026843631894144 0
4805 0.975799809657149 -0.09012016793127368 0
4806 0.9759737671008836 -0.08994224586607238 0
4807 0.9765040352558234 -0.09171229086234337 0
4808 0.9765881412942594 -0.0916266976459075 0
4809 0.9766890685403825 -0.09152398578618448 0
4810 0.9768101812357304 -0.09140073155451686 0
4811 0.9769555164701478 -0.0912528264765157 0
4812 0.9771299187514487 -0.09107534038291432 0
4813 0.9776133836656126 -0.09280519230050562 0
4814 0.9776977215850035 -0.09271982753029241 0
4815 0.9777989270882727 -0.09261738980603657 0
4816 0.9779203736921956 -0.09249446453692954 0
4817 0.9780661096169032 -0.09234695421400112 0
4818 0.9782409927265523 -0.09216994182648701 0
4819 0.9786799923516754 -0.09386193259772727 0
4820 0.9787645801047217 -0.09377681535329208 0
4821 0.9788660854083774 -0.09367467465996986 0
4822 0.9789878917727641 -0.09355210582798318 0
4823 0.9791340594100283 -0.09340502322959918 0
4824 0.9793094605747452 -0.09322852411153838 0
4825 0.979704698923943 -0.09488334958630353 0
4826 0.9797895729487015 -0.09479851769939497 0
4827 0.9798914217784118 -0.09469671943510471 0
4828 0.9800136403740641 -0.09457456151795642 0
4829 0.9801603026888469 -0.09442797201737844 0
4830 0.9803362974665863 -0.09425206461668488 0
4831 0.98068818908369 -0.09587095132938594 0
4832 0.9807732220131865 -0.09578627901441256 0
4833 0.9808752615285822 -0.09568467223644449 0
4834 0.980997708947057 -0.0955627441028828 0
4835 0.9811446458492268 -0.09541643034260879 0
4836 0.9813209701318305 -0.09524085383027997 0
4837 0.9816361817143678 -0.09682305494287544 0
4838 0.9817212023158418 -0.09673837024644875 0
4839 0.9818232270376105 -0.09663674861073673 0
4840 0.981945656703733 -0.09651480264788231 0
4841 0.98209257230308 -0.09636846749245701 0
4842 0.9822688710222964 -0.09619286530594665 0
4843 0.9825496084360015 -0.0977397703297294 0
4844 0.9826345767741623 -0.09765503318200991 0
4845 0.9827365387799555 -0.09755334860474651 0
4846 0.9828588931869072 -0.09743132711203045 0
4847 0.9830057184752494 -0.09728490132077117 0
4848 0.9831819088212599 -0.09710919037126003 0
4849 0.9834309320391051 -0.09862273819377165 0
4850 0.9835158035875959 -0.09853790407638642 0
4851 0.9836176494457848 -0.09843610313552413 0
4852 0.9837398644756115 -0.09831394200648938 0
4853 0.9838865225114034 -0.09816734865164768 0
4854 0.9840625121543538 -0.09799143662583765 0
4855 0.9842810955516774 -0.09947207949865956 0
4856 0.9843659707711786 -0.09938724904962444 0
4857 0.98446782103458 -0.09928545251078229 0
4858 0.9845900413506616 -0.09916329666417172 0
4859 0.9847367057299596 -0.09901670964823903 0
4860 0.9849127029851172 -0.0988408052291198 0
4861 0.9850992436157845 -0.1002918720818774 0
4862 0.9851841831840167 -0.1002071061113844 0
4863 0.9852861106658953 -0.1001053869467928 0
4864 0.9854084236441498 -0.09998332394928282 0
4865 0.9855551992180551 -0.09983684835227087 0
4866 0.9857313299067415 -0.09966107763585653 0
4867 0.9858877797531482 -0.1010820527160999 0
4868 0.9859727686342159 -0.1009973361615508 0
4869 0.986074755291497 -0.1008956762960918 0
4870 0.9861971392802346 -0.1007736844575411 0
4871 0.9863440000667194 -0.1006272942512801 0
4872 0.9865202330105014 -0.100451626003767 0
4873 0.9866467574489084 -0.1018443195897837 0
4874 0.9867318447890829 -0.1017597019216059 0
4875 0.9868339495972924 -0.1016581607197925 0
4876 0.9869564753671437 -0.1015363112776164 0
4877 0.9871035062909653 -0.1013900919470051 0
4878 0.9872799433995513 -0.1012146287502716 0
4879 0.9873768401399341 -0.1025793352730791 0
4880 0.9874618845631695 -0.1024946743993198 0
4881 0.987563937871052 -0.1023930813508085 0
4882 0.9876864018405109 -0.1022711696925951 0
4883 0.9878333586038617 -0.1021248757027389 0
4884 0.9880097067198826 -0.1019493229149115 0
4885 0.9880821951546377 -0.103286334472874 0
4886 0.9881671228461775 -0.1032015565964065 0
4887 0.9882690360760252 -0.1030998231446455 0
4888 0.9883913319518425 -0.1029777430025322 0
4889 0.9885380870028231 -0.1028312468319964 0
4890 0.988714193064 -0.1026554514273533 0
4891 0.9887620956713112 -0.1039670571186691 0
4892 0.9888469472769105 -0.1038822030646457 0
4893 0.9889487692036296 -0.1037803781998176 0
4894 0.9890709555156926 -0.103658188362024 0
4895 0.9892175790901681 -0.1035115605566716 0
4896 0.9893935273795387 -0.1033356071902487 0
4897 0.9894181021181448 -0.1046222415032384 0
4898 0.9895028175042646 -0.1045372514015795 0
4899 0.9896044759676084 -0.1044352632795887 0
4900 0.9897264661236208 -0.1043128775331998 0
4901 0.9898728543108357 -0.1041660146375332 0
4902 0.9900485201354936 -0.1039897791627332 0
4903 0.9900519974888666 -0.1052528481829809 0
4904 0.9901366828213196 -0.1051678281847244 0
4905 0.9902383052202633 -0.1050658041868164 0
4906 0.9903602520989957 -0.1049433753893269 0
4907 0.9905065883534746 -0.1047964608323395 0
4908 0.9906821918588492 -0.1046201633639547 0
4909 0.9906621411053321 -0.105861347207837 0
4910 0.9907469070292804 -0.105776407584266 0
4911 0.9908486261380182 -0.1056744800359807 0
4912 0.9909706890685036 -0.1055521669780384 0
4913 0.991117164585086 -0.1054053913085076 0
4914 0.991292935204985 -0.1052292605050706 0
4915 0.9912493211408713 -0.1064477048639118 0
4916 0.9913342374629105 -0.1063629154296358 0
4917 0.9914361370493576 -0.1062611681085046 0
4918 0.9915584165530942 -0.1061390713231472 0
4919 0.991705151957578 -0.1059925551807183 0
4920 0.9918812344429587 -0.1058167358098037 0
4921 0.9918135383460399 -0.1070143894936917 0
4922 0.9918986757734338 -0.1069298221346211 0
4923 0.9920008406863066 -0.1068283413037362 0
4924 0.9921234385817539 -0.1067065643066745 0
4925 0.9922705560562907 -0.1065604319102003 0
4926 0.9924470970257347 -0.1063850730344313 0
4927 0.9923563098452383 -0.1075620952803762 0
4928 0.9924415863414088 -0.1074776682556995 0
4929 0.9925439181368135 -0.1073763558260874 0
4930 0.9926667162912991 -0.1072547809105529 0
4931 0.9928140740766819 -0.1071088910119115 0
4932 0.9929909034191412 -0.1069338231335419 0
4933 0.9928782787951167 -0.1080898182227054 0
4934 0.9929633974649046 -0.1080052316366602 0
4935 0.9930655398686502 -0.1079037277334059 0
4936 0.9931881107531448 -0.1077819230495008 0
4937 0.9933351958145386 -0.1076357574288146 0
4938 0.9935116978882108 -0.1074603586839912 0
4939 0.9933837421889169 -0.1085961035121479 0
4940 0.9934686292962488 -0.1085112849918561 0
4941 0.9935704938250473 -0.108409502767506 0
4942 0.9936927312596052 -0.1082873640982859 0
4943 0.993839416181075 -0.1081407976952218 0
4944 0.9940154380868385 -0.1079649180115449 0
4945 0.9938711569997878 -0.1090835183252979 0
4946 0.9939558604694905 -0.1089985161701118 0
4947 0.9940575046331337 -0.1088965135838885 0
4948 0.9941794776295056 -0.1087741104804206 0
4949 0.9943258452251519 -0.1086272267562591 0
4950 0.9945014863399274 -0.1084509662872653 0
4951 0.9943420556889184 -0.1095511297671106 0
4952 0.9944264891061236 -0.1094658594488895 0
4953 0.9945278092067699 -0.1093635350670241 0
4954 0.9946493933275454 -0.1092407458087857 0
4955 0.994795294272476 -0.1090933986988997 0
4956 0.9949703754063928 -0.1089165821670364 0
4957 0.9947983374683301 -0.1100016566430743 0
4958 0.9948827201794735 -0.1099163362605804 0
4959 0.9949839794328457 -0.1098139518015876 0
4960 0.9951054905368921 -0.1096910904507964 0
4961 0.9952513038617479 -0.1095436568298469 0
4962 0.9954262798515748 -0.1093667364847075 0
4963 0.9952367640580786 -0.1104359704159455 0
4964 0.9953213760599053 -0.1103508771766878 0
4965 0.9954229104620973 -0.1102487652895785 0
4966 0.9955447517447278 -0.1101262310250475 0
4967 0.9956909612838843 -0.1099791899076102 0
4968 0.9958664127308722 -0.1098027405666854 0
4969 0.9956578634381502 -0.1108562473387361 0
4970 0.9957426316568299 -0.110771310014155 0
4971 0.9958443535192455 -0.1106693852246576 0
4972 0.9959664197541441 -0.1105470754772608 0
4973 0.9961128992360225 -0.1104003037803846 0
4974 0.9962886746142766 -0.1102241777441332 0
4975 0.9960633203921597 -0.1112608818665627 0
4976 0.9961482202010767 -0.1111760758673603 0
4977 0.9962500999717772 -0.1110743086683174 0
4978 0.9963723556966176 -0.1109521880294659 0
4979 0.9965190625664262 -0.1108056432628441 0
4980 0.9966951108101965 -0.110629789542898 0
4981 0.9964531194338246 -0.1116523256318157 0
4982 0.9965381076228246 -0.1115676083878798 0
4983 0.9966400934496243 -0.1114659476951567 0
4984 0.9967624764417842 -0.111343954863889 0
4985 0.996909336032376 -0.1111975634663677 0
4986 0.9970855675410861 -0.1110218937893423 0
4987 0.9968287929673293 -0.112028821208454 0
4988 0.9969136919181566 -0.111944014531545 0
4989 0.9970155706591493 -0.1118422465192542 0
4990 0.9971378251483405 -0.1117201249045053 0
4991 0.99728453053537 -0.1115735789668065 0
4992 0.9974605769998055 -0.111397723841568 0
4993 0.9971913471309269 -0.1123913753722611 0
4994 0.9972761999446693 -0.1123065225585188 0
4995 0.9973780233211601 -0.1122046991820279 0
4996 0.9975002113729491 -0.1120825111302388 0
4997 0.9976468370350959 -0.111935885468092 0
4998 0.9978227878296722 -0.1117599346735157 0
4999 0.9975407410708171 -0.1127407693124142 0
5000 0.9976255418240018 -0.1126558644384295 0
5001 0.9977273027278233 -0.1125539785896479 0
5002 0.9978494158124092 -0.1124317155711099 0
5003 0.9979959515139122 -0.1122849999488644 0
5004 0.9981717943557158 -0.1121089412021697 0
5005 0.9978777556801949 -0.1130769619355037 0
5006 0.9979624488746218 -0.1129919497657764 0
5007 0.9980640807079343 -0.1128899351621036 0
5008 0.9981860389079092 -0.1127675176376963 0
5009 0.9983323887478791 -0.1126206166084076 0
5010 0.998508008555843 -0.112444335373261 0
5011 0.9982034867382816 -0.1134010478922264 0
5012 0.9982883451642562 -0.1133162001255315 0
5013 0.9983901752754256 -0.1132143828054975 0
5014 0.998512371408829 -0.1130922020214568 0
5015 0.9986590067689129 -0.1129455850806079 0
5016 0.9988349692010137 -0.1127696447515892 0
5017 0.9985156745956515 -0.1137148832051179 0
5018 0.9986012194038498 -0.1136307254741509 0
5019 0.9987038731736878 -0.1135297361969906 0
5020 0.9988270576974935 -0.1134085490643981 0
5021 0.9989748791260601 -0.1132631245052872 0
5022 0.9991522648403401 -0.113088615034354 0
5023 0.998812939891365 -0.1140203830188409 0
5024 0.9988990236458977 -0.1139367791902096 0
5025 0.9990023241513368 -0.1138364545958521 0
5026 0.9991262847578638 -0.1137160650826231 0
5027 0.9992750374856962 -0.1135715976667483 0
5028 0.9994535407590951 -0.1133982367676985 0
5029 0.9990982304330148 -0.1143146914849234 0
5030 0.9991833098342986 -0.1142300517001912 0
5031 0.9992854051158391 -0.1141284839585127 0
5032 0.9994079194536877 -0.1140066026684984 0
5033 0.9995549366591061 -0.1138603451204813 0
5034 0.9997313573056081 -0.1136848360628608 0
5035 0.9993813419643856 -0.1145920588583682 0
5036 0.9994657621397685 -0.1145067733841512 0
5037 0.9995670663502281 -0.1144044308150908 0
5038 0.9996886314027794 -0.1142816197322183 0
5039 0.9998345094658412 -0.1141342464327713 0
5040 1.000009563141515 -0.1139573984734349 0
5041 0.9996554209946641 -0.1148661401825499 0
5042 0.9997451159343723 -0.1147861322253421 0
5043 0.9998527498620222 -0.1146901226766928 0
5044 0.999981910575202 -0.1145749112183135 0
5045 1.000136903431018 -0.1144366574682585 0
5046 1.000322894857997 -0.1142707529681924 0
5047 0.9998890144517896 -0.115159829312103 0
5048 0.9999867070892114 -0.1150898819536911 0
5049 1.000103938254118 -0.1150059451235968 0
5050 1.000244615652005 -0.1149052209274837 0
5051 1.00041342852947 -0.1147843518921479 0
5052 1.000616003982428 -0.114639309049745 0
5053 1.000114382436605 -0.1155106925903316 0
5054 1.000251641360531 -0.1155026418175892 0
5055 1.000416352069242 -0.1154929808902983 0
5056 1.000614004919695 -0.1154813877775492 0
5057 1.000851188340239 -0.1154674760422503 0
5058 1.001135808444892 -0.1154507819598917 0
5059 0.0293469214312523 -0.04122311319101228 0
5060 0.02926594642890504 -0.04113455220075776 0
5061 0.02916877642608833 -0.04102827901245233 0
5062 0.02905217242270828 -0.04090075118648582 0
5063 0.02891224761865222 -0.040747717795326 0
5064 0.02874433785378494 -0.04056407772593423 0
5065 0.03285672324224433 -0.03804225231704332 0
5066 0.03277650289072957 -0.03795300717598316 0
5067 0.03268023846891187 -0.03784591300671095 0
5068 0.03256472116273062 -0.03771740000358432 0
5069 0.03242610039531312 -0.03756318439983235 0
5070 0.03225975547441212 -0.03737812567532998 0
5071 0.03668798147957064 -0.03464687787277766 0
5072 0.03660897800841542 -0.03455655372569933 0
5073 0.03651417384302916 -0.03444816474920534 0
5074 0.03640040884456566 -0.03431809797741255 0
5075 0.03626389084640944 -0.0341620178512612 0
5076 0.03610006924862199 -0.03397472169987959 0
5077 0.04087730813473121 -0.0310336448551898 0
5078 0.04079951906802206 -0.03094227275277051 0
5079 0.04070617218797109 -0.03083262622986737 0
5080 0.04059415593190992 -0.0307010504023836 0
5081 0.04045973642463652 -0.03054315940940308 0
5082 0.04029843301590844 -0.03035369021782645 0
5083 0.04507380831544402 -0.02749626608377799 0
5084 0.04499696206479729 -0.02740409963781451 0
5085 0.04490474656402121 -0.02729349990265833 0
5086 0.04479408796308992 -0.02716078022047091 0
5087 0.04466129764197237 -0.02700151660184601 0
5088 0.04450194925663131 -0.02681040025949612 0
5089 0.04892145425133169 -0.02431017857350315 0
5090 0.04884526386482003 -0.02421746921581363 0
5091 0.04875383540100603 -0.0241062179865862 0
5092 0.04864412124442924 -0.0239727165115133 0
5093 0.04851246425653708 -0.02381251474142581 0
5094 0.04835447587106649 -0.02362027261732082 0
5095 0.05244171787264885 -0.02143171969560494 0
5096 0.05236600990406282 -0.02133861597122951 0
5097 0.05227516034175957 -0.02122689150197899 0
5098 0.05216614086699568 -0.02109282213887837 0
5099 0.05203531749727901 -0.02093193890315763 0
5100 0.051878329453619 -0.02073887902029274 0
5101 0.758446182240331 0.02616330266951277 0
5102 0.758445040822631 0.02604330809811209 0
5103 0.758443671121391 0.02589931461243126 0
5104 0.758442027479903 0.02572652242961428 0
5105 0.7584400551101174 0.02551917181023389 0
5106 0.7584376882663746 0.02527035106697743 0
5107 0.7541603746896883 0.02619618817418957 0
5108 0.7541596527337482 0.0260761903459608 0
5109 0.75415878638662 0.02593219295208628 0
5110 0.7541577467700663 0.02575939607943686 0
5111 0.7541564992302018 0.02555203983225755 0
5112 0.7541550021823643 0.02530321233564238 0
5113 0.7494027418948761 0.02621304166277314 0
5114 0.7494025842336557 0.02609304176634427 0
5115 0.7494023950401911 0.02594904189062963 0
5116 0.7494021680080336 0.02577624203977205 0
5117 0.7494018955694446 0.02556888221874297 0
5118 0.7494015686431379 0.02532005043350806 0
5119 0.7441210253559942 0.02621633039833388 0
5120 0.7441210253559942 0.02609633039833388 0
5121 0.7441210253559942 0.02595233039833388 0
5122 0.7441210253559942 0.02577953039833388 0
5123 0.7441210253559942 0.02557217039833388 0
5124 0.7441210253559942 0.02532333839833388 0
5125 0.7382578781672599 0.02621633039833388 0
5126 0.7382578781672599 0.02609633039833388 0
5127 0.7382578781672599 0.02595233039833388 0
5128 0.7382578781672599 0.02577953039833388 0
5129 0.7382578781672599 0.02557217039833388 0
5130 0.7382578781672599 0.02532333839833388 0
5131 0.7317488885837592 0.02621633039833388 0
5132 0.7317488885837592 0.02609633039833388 0
5133 0.7317488885837592 0.02595233039833388 0
5134 0.7317488885837592 0.02577953039833388 0
5135 0.7317488885837592 0.02557217039833388 0
5136 0.7317488885837592 0.02532333839833388 0
5137 0.7245233469353523 0.02621633039833388 0
5138 0.7245233469353523 0.02609633039833388 0
5139 0.7245233469353523 0.02595233039833388 0
5140 0.7245233469353523 0.02577953039833388 0
5141 0.7245233469353523 0.02557217039833388 0
5142 0.7245233469353523 0.02532333839833388 0
5143 0.7171900963707026 0.02621633039833388 0
5144 0.7171900963707026 0.02609633039833388 0
5145 0.7171900963707026 0.02595233039833388 0
5146 0.7171900963707026 0.02577953039833388 0
5147 0.7171900963707026 0.02557217039833388 0
5148 0.7171900963707026 0.02532333839833388 0
5149 0.7103760685588023 0.02621633039833388 0
5150 0.7103760685588023 0.02609633039833388 0
5151 0.7103760685588023 0.02595233039833388 0
5152 0.7103760685588023 0.02577953039833388 0
5153 0.7103760685588023 0.02557217039833388 0
5154 0.7103760685588023 0.02532333839833388 0
5155 0.7040446753563038 0.02621633039833388 0
5156 0.7040446753563038 0.02609633039833388 0
5157 0.7040446753563038 0.02595233039833388 0
5158 0.7040446753563038 0.02577953039833388 0
5159 0.7040446753563038 0.02557217039833388 0
5160 0.7040446753563038 0.02532333839833388 0
5161 0.6981617952363058 0.02621633039833388 0
5162 0.6981617952363058 0.02609633039833388 0
5163 0.6981617952363058 0.02595233039833388 0
5164 0.6981617952363058 0.02577953039833388 0
5165 0.6981617952363058 0.02557217039833388 0
5166 0.6981617952363058 0.02532333839833388 0
5167 0.6926957732883748 0.02621633039833388 0
5168 0.6926957732883748 0.02609633039833388 0
5169 0.6926957732883748 0.02595233039833388 0
5170 0.6926957732883748 0.02577953039833388 0
5171 0.6926957732883748 0.02557217039833388 0
5172 0.6926957732883748 0.02532333839833388 0
5173 0.6876170101155938 0.02621633039833388 0
5174 0.6876170101155938 0.02609633039833388 0
5175 0.6876170101155938 0.02595233039833388 0
5176 0.6876170101155938 0.02577953039833388 0
5177 0.6876170101155938 0.02557217039833388 0
5178 0.6876170101155938 0.02532333839833388 0
5179 0.6828979618348665 0.02621633039833388 0
5180 0.6828979618348665 0.02609633039833388 0
5181 0.6828979618348665 0.02595233039833388 0
5182 0.6828979618348665 0.02577953039833388 0
5183 0.6828979618348665 0.02557217039833388 0
5184 0.6828979618348665 0.02532333839833388 0
5185 0.6785127289739451 0.02621633039833388 0
5186 0.6785127289739451 0.02609633039833388 0
5187 0.6785127289739451 0.02595233039833388 0
5188 0.6785127289739451 0.02577953039833388 0
5189 0.6785127289739451 0.02557217039833388 0
5190 0.6785127289739451 0.02532333839833388 0
5191 0.6269635183980055 -0.01774325488256876 0
5192 0.6269854580430755 -0.01786123221926611 0
5193 0.6270117856171595 -0.01800280502330294 0
5194 0.6270433787060604 -0.01817269238814713 0
5195 0.6270812904127414 -0.01837655722596016 0
5196 0.6271267844607586 -0.01862119503133579 0
5197 0.6221602271895029 -0.01863739716119153 0
5198 0.6221822065937452 -0.01875536709714622 0
5199 0.622208581878836 -0.01889693102029184 0
5200 0.6222402322209449 -0.01906680772806659 0
5201 0.6222782126314756 -0.01927065977739629 0
5202 0.6223237891241125 -0.01951528223659193 0
5203 0.6165999986540586 -0.01967133245050297 0
5204 0.6166219011845709 -0.01978931668316631 0
5205 0.6166481842211857 -0.01993089776236231 0
5206 0.6166797238651235 -0.02010079505739751 0
5207 0.6167175714378488 -0.02030467181143976 0
5208 0.6167629885251191 -0.02054932391629045 0
5209 0.6101618795682855 -0.02085740996897456 0
5210 0.6101834817684677 -0.02097544955956724 0
5211 0.6102094044086864 -0.02111709706827845 0
5212 0.6102405115769488 -0.02128707407873191 0
5213 0.6102778401788638 -0.02149104649127605 0
5214 0.6103226345011616 -0.02173581338632902 0
5215 0.6040389018113789 -0.021969906184947 0
5216 0.6040601587609122 -0.02208800843766275 0
5217 0.6040856671003523 -0.02222973114092165 0
5218 0.6041162771076805 -0.02239979838483233 0
5219 0.6041530091164741 -0.02260387907752515 0
5220 0.6041970875270265 -0.02284877590875653 0
5221 0.6013711191378105 -0.0224500741779706 0
5222 0.6013923760873439 -0.02256817643068635 0
5223 0.6014178844267839 -0.02270989913394525 0
5224 0.601448494434112 -0.02287996637785593 0
5225 0.6014852264429057 -0.02308404707054875 0
5226 0.6015293048534581 -0.02332894390178013 0
5227 0.595615140333045 -0.02348632576645189 0
5228 0.5956364064084186 -0.02360442637626489 0
5229 0.595661925698867 -0.02374614710804048 0
5230 0.5956925488474051 -0.02391621198617119 0
5231 0.5957292966256508 -0.02412028983992805 0
5232 0.5957733939595456 -0.02436518326443627 0
5233 0.5925269365974027 -0.02404241073091924 0
5234 0.5925482026727764 -0.02416051134073223 0
5235 0.5925737219632248 -0.02430223207250783 0
5236 0.5926043451117629 -0.02447229695063854 0
5237 0.5926410928900085 -0.02467637480439539 0
5238 0.5926851902239034 -0.02492126822890362 0
5239 0.5858612382750593 -0.02522946420919637 0
5240 0.5858820811516481 -0.02534764024101121 0
5241 0.5859070926035548 -0.02548945147918901 0
5242 0.5859371063458427 -0.02565962496500238 0
5243 0.5859731228365882 -0.02586383314797842 0
5244 0.5860163426254829 -0.02610888296754967 0
5245 0.5822840963544337 -0.02586036987126198 0
5246 0.5823049392310224 -0.02597854590307681 0
5247 0.5823299506829291 -0.02612035714125462 0
5248 0.5823599644252171 -0.02629053062706799 0
5249 0.5823959809159626 -0.02649473881004403 0
5250 0.5824392007048572 -0.02673978862961528 0
5251 0.575596216435185 -0.02700901693910065 0
5252 0.5756159176687269 -0.02712738864770084 0
5253 0.5756395591489771 -0.02726943469802106 0
5254 0.5756679289252775 -0.02743988995840533 0
5255 0.5757019726568379 -0.02764443627086646 0
5256 0.5757428251347103 -0.02788989184581981 0
5257 0.5724864298057049 -0.02752659528089661 0
5258 0.5725061310392467 -0.0276449669894968 0
5259 0.572529772519497 -0.02778701303981702 0
5260 0.5725581422957974 -0.0279574683002013 0
5261 0.5725921860273577 -0.02816201461266242 0
5262 0.5726330385052302 -0.02840747018761577 0
5263 0.5693766431762247 -0.02804417362269257 0
5264 0.5693963444097666 -0.02816254533129276 0
5265 0.5694199858900169 -0.02830459138161298 0
5266 0.5694483556663172 -0.02847504664199726 0
5267 0.5694823993978776 -0.02867959295445838 0
5268 0.56952325187575 -0.02892504852941173 0
5269 0.5626595665074613 -0.02912102798265053 0
5270 0.5626779515103942 -0.02923961125156802 0
5271 0.5627000135139137 -0.02938191117426899 0
5272 0.5627264879181372 -0.02955267108151017 0
5273 0.5627582572032053 -0.02975758297019957 0
5274 0.562796380345287 -0.03000347723662686 0
5275 0.5590533733270403 -0.02968012770054525 0
5276 0.5590717583299732 -0.02979871096946274 0
5277 0.5590938203334928 -0.02994101089216371 0
5278 0.5591202947377162 -0.03011177079940489 0
5279 0.5591520640227843 -0.03031668268809429 0
5280 0.559190187164866 -0.03056257695452158 0
5281 0.5554471801465768 -0.03023922741844657 0
5282 0.5554655651495097 -0.03035781068736406 0
5283 0.5554876271530292 -0.03050011061006503 0
5284 0.5555141015572527 -0.03067087051730621 0
5285 0.5555458708423208 -0.03087578240599561 0
5286 0.5555839939844025 -0.0311216766724229 0
5287 0.5484960368127839 -0.03129798246454937 0
5288 0.5485137651832699 -0.03141666567684123 0
5289 0.548535039227853 -0.03155908553159145 0
5290 0.5485605680813527 -0.03172998935729172 0
5291 0.5485912027055524 -0.03193507394813205 0
5292 0.5486279642545919 -0.03218117545714045 0
5293 0.5451516338531819 -0.03179755450660222 0
5294 0.5451693622236679 -0.03191623771889408 0
5295 0.5451906362682509 -0.03205865757364431 0
5296 0.5452161651217506 -0.03222956139934458 0
5297 0.5452467997459504 -0.03243464599018491 0
5298 0.5452835612949899 -0.03268074749919331 0
5299 0.5418072308935796 -0.03229712654865512 0
5300 0.5418249592640656 -0.03241580976094698 0
5301 0.5418462333086487 -0.0325582296156972 0
5302 0.5418717621621484 -0.03272913344139747 0
5303 0.5419023967863481 -0.0329342180322378 0
5304 0.5419391583353876 -0.0331803195412462 0
5305 0.5384628279339352 -0.0327966985907143 0
5306 0.5384805563044212 -0.03291538180300616 0
5307 0.5385018303490042 -0.03305780165775638 0
5308 0.5385273592025039 -0.03322870548345665 0
5309 0.5385579938267037 -0.03343379007429698 0
5310 0.5385947553757432 -0.03367989158330538 0
5311 0.5312394005252821 -0.0338221795776575 0
5312 0.531255522067871 -0.03394109171271762 0
5313 0.5312748679189776 -0.03408378627478977 0
5314 0.5312980829403054 -0.03425501974927634 0
5315 0.5313259409658989 -0.03446049991866023 0
5316 0.5313593705966112 -0.03470707612192089 0
5317 0.5273617150993345 -0.03434789775359383 0
5318 0.5273778366419234 -0.03446680988865395 0
5319 0.52739718249303 -0.03460950445072609 0
5320 0.5274203975143579 -0.03478073792521267 0
5321 0.5274482555399513 -0.03498621809459656 0
5322 0.5274816851706636 -0.03523279429785722 0
5323 0.523484029673715 -0.03487361592948567 0
5324 0.5235001512163039 -0.03499252806454579 0
5325 0.5235194970674105 -0.03513522262661793 0
5326 0.5235427120887384 -0.03530645610110451 0
5327 0.5235705701143318 -0.0355119362704884 0
5328 0.5236039997450441 -0.03575851247374906 0
5329 0.5196063442477674 -0.035399334105422 0
5330 0.5196224657903563 -0.03551824624048212 0
5331 0.5196418116414629 -0.03566094080255426 0
5332 0.5196650266627908 -0.03583217427704084 0
5333 0.5196928846883843 -0.03603765444642473 0
5334 0.5197263143190965 -0.03628423064968539 0
5335 0.5119778673220473 -0.03634316075979146 0
5336 0.511991160736345 -0.03646242217491098 0
5337 0.5120071128335022 -0.03660553587305439 0
5338 0.5120262553500909 -0.0367772723108265 0
5339 0.5120492263699974 -0.03698335603615302 0
5340 0.5120767915938851 -0.03723065650654485 0
5341 0.5082294325957494 -0.03676097817152219 0
5342 0.5082427260100471 -0.0368802395866417 0
5343 0.5082586781072043 -0.03702335328478512 0
5344 0.508277820623793 -0.03719508972255722 0
5345 0.5083007916436995 -0.03740117344788375 0
5346 0.5083283568675871 -0.03764847391827558 0
5347 0.5044809978694083 -0.03717879558325773 0
5348 0.5044942912837059 -0.03729805699837725 0
5349 0.5045102433808631 -0.03744117069652066 0
5350 0.5045293858974519 -0.03761290713429277 0
5351 0.5045523569173583 -0.03781899085961929 0
5352 0.504579922141246 -0.03806629133001112 0
5353 0.5007325631430668 -0.0375966129949933 0
5354 0.5007458565573645 -0.03771587441011282 0
5355 0.5007618086545217 -0.03785898810825624 0
5356 0.5007809511711104 -0.03803072454602834 0
5357 0.5008039221910169 -0.03823680827135487 0
5358 0.5008314874149046 -0.03848410874174669 0
5359 0.4969841284166541 -0.03801443040673683 0
5360 0.4969974218309518 -0.03813369182185634 0
5361 0.497013373928109 -0.03827680551999976 0
5362 0.4970325164446978 -0.03844854195777186 0
5363 0.4970554874646042 -0.03865462568309839 0
5364 0.4970830526884919 -0.03890192615349022 0
5365 0.4895051121257451 -0.03879018304202233 0
5366 0.4895165726652303 -0.03890963452185706 0
5367 0.4895303253126126 -0.03905297629765875 0
5368 0.4895468284894713 -0.03922498642862076 0
5369 0.4895666323017017 -0.03943139858577518 0
5370 0.4895903968763783 -0.03967909317436049 0
5371 0.4857760579568645 -0.03914795987830841 0
5372 0.4857875184963497 -0.03926741135814314 0
5373 0.4858012711437319 -0.03941075313394483 0
5374 0.4858177743205906 -0.03958276326490684 0
5375 0.4858375781328211 -0.03978917542206126 0
5376 0.4858613427074976 -0.04003687001064657 0
5377 0.4820470037880022 -0.03950573671459272 0
5378 0.4820584643274874 -0.03962518819442746 0
5379 0.4820722169748697 -0.03976852997022914 0
5380 0.4820887201517284 -0.03994054010119116 0
5381 0.4821085239639588 -0.04014695225834558 0
5382 0.4821322885386354 -0.04039464684693089 0
5383 0.4783179496190972 -0.03986351355088114 0
5384 0.4783294101585824 -0.03998296503071587 0
5385 0.4783431628059647 -0.04012630680651755 0
5386 0.4783596659828234 -0.04029831693747957 0
5387 0.4783794697950539 -0.04050472909463399 0
5388 0.4784032343697304 -0.0407524236832193 0
5389 0.4745888954501703 -0.04022129038717166 0
5390 0.4746003559896555 -0.0403407418670064 0
5391 0.4746141086370378 -0.04048408364280808 0
5392 0.4746306118138965 -0.04065609377377009 0
5393 0.4746504156261269 -0.04086250593092452 0
5394 0.4746741802008035 -0.04111020051950982 0
5395 0.4708598412812684 -0.04057906722345978 0
5396 0.4708713018207536 -0.04069851870329452 0
5397 0.4708850544681359 -0.0408418604790962 0
5398 0.4709015576449946 -0.04101387061005821 0
5399 0.470921361457225 -0.04122028276721264 0
5400 0.4709451260319016 -0.04146797735579794 0
5401 0.4633444719649606 -0.04118785487861601 0
5402 0.463352408477993 -0.04130759213998809 0
5403 0.4633619322936318 -0.0414512768536346 0
5404 0.4633733608723984 -0.0416236985100104 0
5405 0.4633870751669184 -0.04183060449766136 0
5406 0.4634035323203423 -0.04207889168284251 0
5407 0.4595610935062615 -0.04143862754620337 0
5408 0.4595690300192939 -0.04155836480757545 0
5409 0.4595785538349327 -0.04170204952122195 0
5410 0.4595899824136994 -0.04187447117759775 0
5411 0.4596036967082193 -0.04208137716524872 0
5412 0.4596201538616432 -0.04232966435042987 0
5413 0.4557777150475621 -0.04168940021379074 0
5414 0.4557856515605945 -0.04180913747516283 0
5415 0.4557951753762334 -0.04195282218880933 0
5416 0.455806603955 -0.04212524384518513 0
5417 0.45582031824952 -0.0423321498328361 0
5418 0.4558367754029439 -0.04258043701801725 0
5419 0.451994336588863 -0.04194017288137811 0
5420 0.4520022731018953 -0.0420599101427502 0
5421 0.4520117969175342 -0.0422035948563967 0
5422 0.4520232254963008 -0.0423760165127725 0
5423 0.4520369397908208 -0.04258292250042347 0
5424 0.4520533969442447 -0.04283120968560462 0
5425 0.448210958130142 -0.04219094554896692 0
5426 0.4482188946431744 -0.04231068281033901 0
5427 0.4482284184588132 -0.04245436752398551 0
5428 0.4482398470375799 -0.04262678918036131 0
5429 0.4482535613320998 -0.04283369516801228 0
5430 0.4482700184855237 -0.04308198235319342 0
5431 0.444427579671421 -0.04244171821655573 0
5432 0.4444355161844534 -0.04256145547792781 0
5433 0.4444450400000922 -0.04270514019157431 0
5434 0.4444564685788588 -0.04287756184795011 0
5435 0.4444701828733788 -0.04308446783560108 0
5436 0.4444866400268027 -0.04333275502078224 0
5437 0.4406442012127001 -0.04269249088414453 0
5438 0.4406521377257325 -0.04281222814551661 0
5439 0.4406616615413714 -0.04295591285916311 0
5440 0.440673090120138 -0.04312833451553891 0
5441 0.440686804414658 -0.04333524050318988 0
5442 0.4407032615680819 -0.04358352768837104 0
5443 0.4329592568648722 -0.04311166755922211 0
5444 0.432964430812829 -0.04323155596676238 0
5445 0.4329706395503771 -0.04337542205581069 0
5446 0.4329780900354347 -0.04354806136266868 0
5447 0.432987030617504 -0.04375522853089826 0
5448 0.4329977593159871 -0.04400382913277376 0
5449 0.429059993113344 -0.04327994561157005 0
5450 0.4290651670613007 -0.04339983401911032 0
5451 0.4290713757988488 -0.04354370010815864 0
5452 0.4290788262839065 -0.04371633941501663 0
5453 0.4290877668659757 -0.0439235065832462 0
5454 0.4290984955644588 -0.0441721071851217 0
5455 0.4251607293618241 -0.04344822366391764 0
5456 0.4251659033097808 -0.04356811207145791 0
5457 0.4251721120473289 -0.04371197816050622 0
5458 0.4251795625323866 -0.04388461746736421 0
5459 0.4251885031144558 -0.04409178463559379 0
5460 0.4251992318129389 -0.04434038523746929 0
5461 0.4212614656102935 -0.04361650171626569 0
5462 0.4212666395582502 -0.04373639012380596 0
5463 0.4212728482957983 -0.04388025621285428 0
5464 0.421280298780856 -0.04405289551971226 0
5465 0.4212892393629252 -0.04426006268794184 0
5466 0.4212999680614083 -0.04450866328981734 0
5467 0.417362201858752 -0.0437847797686142 0
5468 0.4173673758067087 -0.04390466817615447 0
5469 0.4173735845442568 -0.04404853426520279 0
5470 0.4173810350293145 -0.04422117357206078 0
5471 0.4173899756113837 -0.04442834074029035 0
5472 0.4174007043098668 -0.04467694134216586 0
5473 0.413462938107178 -0.04395305782096412 0
5474 0.4134681120551347 -0.04407294622850439 0
5475 0.4134743207926828 -0.04421681231755271 0
5476 0.4134817712777405 -0.04438945162441069 0
5477 0.4134907118598097 -0.04459661879264027 0
5478 0.4135014405582928 -0.04484521939451577 0
5479 0.4095636743556365 -0.04412133587331264 0
5480 0.4095688483035932 -0.04424122428085291 0
5481 0.4095750570411413 -0.04438509036990123 0
5482 0.409582507526199 -0.04455772967675922 0
5483 0.4095914481082683 -0.04476489684498879 0
5484 0.4096021768067513 -0.0450134974468643 0
5485 0.4056644106040649 -0.04428961392566245 0
5486 0.4056695845520217 -0.04440950233320273 0
5487 0.4056757932895698 -0.04455336842225104 0
5488 0.4056832437746274 -0.04472600772910903 0
5489 0.4056921843566967 -0.04493317489733861 0
5490 0.4057029130551797 -0.04518177549921411 0
5491 0.3980664772460918 -0.04448967357752626 0
5492 0.398067506396906 -0.04460966916431428 0
5493 0.398068741377883 -0.04475366386845991 0
5494 0.3980702233550553 -0.04492645751343467 0
5495 0.3980720017276621 -0.04513380988740436 0
5496 0.3980741357747903 -0.04538263273616801 0
5497 0.3943712616373031 -0.04452136586100071 0
5498 0.3943722907881173 -0.04464136144778873 0
5499 0.3943735257690942 -0.04478535615193435 0
5500 0.3943750077462666 -0.04495814979690911 0
5501 0.3943767861188734 -0.04516550217087881 0
5502 0.3943789201660016 -0.04541432501964245 0
5503 0.3906760460284593 -0.04455305814447563 0
5504 0.3906770751792734 -0.04467305373126365 0
5505 0.3906783101602504 -0.04481704843540928 0
5506 0.3906797921374228 -0.04498984208038403 0
5507 0.3906815705100296 -0.04519719445435373 0
5508 0.3906837045571577 -0.04544601730311738 0
5509 0.3869808304196607 -0.04458475042795017 0
5510 0.3869818595704749 -0.04470474601473819 0
5511 0.3869830945514519 -0.04484874071888381 0
5512 0.3869845765286242 -0.04502153436385857 0
5513 0.386986354901231 -0.04522888673782827 0
5514 0.3869884889483592 -0.04547770958659191 0
5515 0.383285614810872 -0.04461644271142462 0
5516 0.3832866439616862 -0.04473643829821264 0
5517 0.3832878789426631 -0.04488043300235826 0
5518 0.3832893609198355 -0.04505322664733302 0
5519 0.3832911392924423 -0.04526057902130272 0
5520 0.3832932733395705 -0.04550940187006636 0
5521 0.3795903992020834 -0.04464813499489907 0
5522 0.3795914283528975 -0.04476813058168709 0
5523 0.3795926633338745 -0.04491212528583272 0
5524 0.3795941453110468 -0.04508491893080747 0
5525 0.3795959236836536 -0.04529227130477717 0
5526 0.3795980577307818 -0.04554109415354082 0
5527 0.375895183593273 -0.0446798272783737 0
5528 0.3758962127440871 -0.04479982286516172 0
5529 0.3758974477250641 -0.04494381756930735 0
5530 0.3758989297022365 -0.04511661121428211 0
5531 0.3759007080748433 -0.0453239635882518 0
5532 0.3759028421219714 -0.04557278643701545 0
5533 0.3721999679844528 -0.04471151956184843 0
5534 0.3722009971352669 -0.04483151514863645 0
5535 0.3722022321162439 -0.04497550985278207 0
5536 0.3722037140934162 -0.04514830349775683 0
5537 0.372205492466023 -0.04535565587172653 0
5538 0.3722076265131512 -0.04560447872049017 0
5539 0.3685047523756168 -0.04474321184532328 0
5540 0.3685057815264309 -0.0448632074321113 0
5541 0.3685070165074079 -0.04500720213625693 0
5542 0.3685084984845803 -0.04517999578123168 0
5543 0.3685102768571871 -0.04538734815520138 0
5544 0.3685124109043152 -0.04563617100396503 0
5545 0.3648095367667986 -0.04477490412879799 0
5546 0.3648105659176127 -0.04489489971558601 0
5547 0.3648118008985897 -0.04503889441973163 0
5548 0.364813282875762 -0.04521168806470639 0
5549 0.3648150612483688 -0.04541904043867609 0
5550 0.364817195295497 -0.04566786328743973 0
5551 0.3572269228140613 -0.04476849976400539 0
5552 0.3572257463446946 -0.0448884939968661 0
5553 0.3572243345814546 -0.04503248707629894 0
5554 0.3572226404655666 -0.04520527877161836 0
5555 0.357220607526501 -0.04541262880600166 0
5556 0.3572181679996223 -0.04566144884726162 0
5557 0.353341362486995 -0.04473040424401135 0
5558 0.3533401860176283 -0.04485039847687206 0
5559 0.3533387742543883 -0.0449943915563049 0
5560 0.3533370801385003 -0.04516718325162432 0
5561 0.3533350471994348 -0.04537453328600762 0
5562 0.353332607672556 -0.04562335332726758 0
5563 0.349455802159954 -0.04469230872401755 0
5564 0.3494546256905873 -0.04481230295687826 0
5565 0.3494532139273473 -0.0449562960363111 0
5566 0.3494515198114593 -0.04512908773163052 0
5567 0.3494494868723937 -0.04533643776601382 0
5568 0.349447047345515 -0.04558525780727378 0
5569 0.3455702418328757 -0.04465421320402339 0
5570 0.345569065363509 -0.04477420743688409 0
5571 0.345567653600269 -0.04491820051631694 0
5572 0.345565959484381 -0.04509099221163636 0
5573 0.3455639265453154 -0.04529834224601965 0
5574 0.3455614870184367 -0.04554716228727962 0
5575 0.3416846815057829 -0.04461611768402909 0
5576 0.3416835050364163 -0.0447361119168898 0
5577 0.3416820932731762 -0.04488010499632264 0
5578 0.3416803991572883 -0.04505289669164206 0
5579 0.3416783662182227 -0.04526024672602535 0
5580 0.3416759266913439 -0.04550906676728532 0
5581 0.3377991211786829 -0.04457802216403471 0
5582 0.3377979447093162 -0.04469801639689542 0
5583 0.3377965329460762 -0.04484200947632826 0
5584 0.3377948388301882 -0.04501480117164768 0
5585 0.3377928058911226 -0.04522215120603098 0
5586 0.3377903663642439 -0.04547097124729094 0
5587 0.3339135608515925 -0.04453992664404043 0
5588 0.3339123843822258 -0.04465992087690114 0
5589 0.3339109726189858 -0.04480391395633398 0
5590 0.3339092785030978 -0.0449767056516534 0
5591 0.3339072455640322 -0.0451840556860367 0
5592 0.3339048060371535 -0.04543287572729666 0
5593 0.3300280005244889 -0.04450183112404602 0
5594 0.3300268240551222 -0.04462182535690673 0
5595 0.3300254122918822 -0.04476581843633957 0
5596 0.3300237181759942 -0.04493861013165899 0
5597 0.3300216852369287 -0.04514596016604229 0
5598 0.3300192457100499 -0.04539478020730225 0
5599 0.3223829709540199 -0.04437522283628505 0
5600 0.3223801461613233 -0.04449518958395381 0
5601 0.3223767564100875 -0.04463914968115634 0
5602 0.3223726887086044 -0.04481190179779936 0
5603 0.3223678074668247 -0.04501920433777098 0
5604 0.3223619499766891 -0.04526796738573693 0
5605 0.3186248753134464 -0.04428673297284541 0
5606 0.3186220505207498 -0.04440669972051418 0
5607 0.318618660769514 -0.0445506598177167 0
5608 0.3186145930680309 -0.04472341193435972 0
5609 0.3186097118262512 -0.04493071447433135 0
5610 0.3186038543361156 -0.0451794775222973 0
5611 0.3148667796728729 -0.04419824310940577 0
5612 0.3148639548801763 -0.04431820985707453 0
5613 0.3148605651289404 -0.04446216995427706 0
5614 0.3148564974274573 -0.04463492207092008 0
5615 0.3148516161856776 -0.04484222461089171 0
5616 0.314845758695542 -0.04509098765885765 0
5617 0.3111086840322776 -0.04410975324596562 0
5618 0.3111058592395811 -0.04422971999363439 0
5619 0.3111024694883452 -0.04437368009083691 0
5620 0.3110984017868621 -0.04454643220747993 0
5621 0.3110935205450824 -0.04475373474745156 0
5622 0.3110876630549468 -0.04500249779541751 0
5623 0.3073505883917041 -0.04402126338252598 0
5624 0.3073477635990075 -0.04414123013019475 0
5625 0.3073443738477716 -0.04428519022739727 0
5626 0.3073403061462885 -0.04445794234404029 0
5627 0.3073354249045089 -0.04466524488401192 0
5628 0.3073295674143733 -0.04491400793197787 0
5629 0.3035924927511089 -0.04393277351908583 0
5630 0.3035896679584123 -0.0440527402667546 0
5631 0.3035862782071764 -0.04419670036395712 0
5632 0.3035822105056933 -0.04436945248060014 0
5633 0.3035773292639137 -0.04457675502057177 0
5634 0.3035714717737781 -0.04482551806853772 0
5635 0.299834397110492 -0.04384428365564517 0
5636 0.2998315723177954 -0.04396425040331394 0
5637 0.2998281825665595 -0.04410821050051646 0
5638 0.2998241148650764 -0.04428096261715948 0
5639 0.2998192336232968 -0.04448826515713111 0
5640 0.2998133761331612 -0.04473702820509706 0
5641 0.2923810952324186 -0.04357387562847364 0
5642 0.2923751936096699 -0.04369373041915358 0
5643 0.2923681116623715 -0.04383755616796951 0
5644 0.2923596133256134 -0.04401014706654862 0
5645 0.2923494153215038 -0.04421725614484356 0
5646 0.2923371777165721 -0.04446578703879749 0
5647 0.2886884530199419 -0.0433920507622317 0
5648 0.2886825513971932 -0.04351190555291164 0
5649 0.2886754694498949 -0.04365573130172757 0
5650 0.2886669711131368 -0.04382832220030668 0
5651 0.2886567731090271 -0.04403543127860162 0
5652 0.2886445355040955 -0.04428396217255555 0
5653 0.284995810807504 -0.04321022589599169 0
5654 0.2849899091847554 -0.04333008068667163 0
5655 0.284982827237457 -0.04347390643548756 0
5656 0.2849743289006989 -0.04364649733406667 0
5657 0.2849641308965892 -0.04385360641236161 0
5658 0.2849518932916576 -0.04410213730631554 0
5659 0.281303168595029 -0.04302840102974984 0
5660 0.2812972669722804 -0.04314825582042978 0
5661 0.281290185024982 -0.0432920815692457 0
5662 0.2812816866882239 -0.04346467246782482 0
5663 0.2812714886841142 -0.04367178154611975 0
5664 0.2812592510791826 -0.04392031244007368 0
5665 0.2776105263825478 -0.04284657616350768 0
5666 0.2776046247597991 -0.04296643095418762 0
5667 0.2775975428125008 -0.04311025670300354 0
5668 0.2775890444757427 -0.04328284760158266 0
5669 0.277578846471633 -0.04348995667987759 0
5670 0.2775666088667014 -0.04373848757383152 0
5671 0.2739178841700494 -0.04266475129726468 0
5672 0.2739119825473008 -0.04278460608794462 0
5673 0.2739049006000024 -0.04292843183676055 0
5674 0.2738964022632443 -0.04310102273533966 0
5675 0.2738862042591346 -0.0433081318136346 0
5676 0.273873966654203 -0.04355666270758853 0
5677 0.266521986014768 -0.04226842150549979 0
5678 0.2665150467248682 -0.0423882206968814 0
5679 0.2665067195769885 -0.04253197972653933 0
5680 0.2664967269995328 -0.04270449056212884 0
5681 0.266484735906586 -0.04291150356483626 0
5682 0.2664703465950498 -0.04315991916808515 0
5683 0.2628195947946232 -0.04205396291272732 0
5684 0.2628126555047234 -0.04217376210410893 0
5685 0.2628043283568436 -0.04231752113376686 0
5686 0.262794335779388 -0.04249003196935637 0
5687 0.2627823446864412 -0.04269704497206379 0
5688 0.262767955374905 -0.04294546057531268 0
5689 0.2591172035744783 -0.04183950431995484 0
5690 0.2591102642845785 -0.04195930351133645 0
5691 0.2591019371366987 -0.04210306254099438 0
5692 0.2590919445592431 -0.04227557337658389 0
5693 0.2590799534662963 -0.04248258637929131 0
5694 0.2590655641547601 -0.04273100198254021 0
5695 0.2554148123543115 -0.04162504572718109 0
5696 0.2554078730644117 -0.0417448449185627 0
5697 0.255399545916532 -0.04188860394822063 0
5698 0.2553895533390763 -0.04206111478381015 0
5699 0.2553775622461295 -0.04226812778651756 0
5700 0.2553631729345933 -0.04251654338976646 0
5701 0.2517124211341487 -0.04141058713440758 0
5702 0.2517054818442489 -0.04153038632578919 0
5703 0.2516971546963692 -0.04167414535544712 0
5704 0.2516871621189135 -0.04184665619103663 0
5705 0.2516751710259667 -0.04205366919374405 0
5706 0.2516607817144305 -0.04230208479699295 0
5707 0.2441890081189006 -0.04092158655015656 0
5708 0.2441804079386825 -0.04104127797382683 0
5709 0.2441700877224208 -0.04118490768223116 0
5710 0.2441577034629068 -0.04135726333231635 0
5711 0.2441428423514899 -0.04156409011241858 0
5712 0.2441250090177897 -0.04181228224854126 0
5713 0.2403693703990863 -0.04064713436510534 0
5714 0.2403607702188683 -0.04076682578877561 0
5715 0.2403504500026065 -0.04091045549717993 0
5716 0.2403380657430925 -0.04108281114726512 0
5717 0.2403232046316757 -0.04128963792736735 0
5718 0.2403053712979754 -0.04153783006349003 0
5719 0.236549732679249 -0.04037268218005245 0
5720 0.2365411324990309 -0.04049237360372272 0
5721 0.2365308122827692 -0.04063600331212704 0
5722 0.2365184280232552 -0.04080835896221223 0
5723 0.2365035669118383 -0.04101518574231446 0
5724 0.2364857335781381 -0.04126337787843714 0
5725 0.232730094959411 -0.04009822999499951 0
5726 0.2327214947791929 -0.04021792141866978 0
5727 0.2327111745629312 -0.0403615511270741 0
5728 0.2326987903034172 -0.04053390677715929 0
5729 0.2326839291920003 -0.04074073355726152 0
5730 0.2326660958583001 -0.0409889256933842 0
5731 0.2256265952164071 -0.03954511360620219 0
5732 0.2256164483385157 -0.03966468384024502 0
5733 0.225604272085046 -0.03980816812109641 0
5734 0.2255896605808823 -0.03998034925811808 0
5735 0.225572126775886 -0.04018696662254409 0
5736 0.2255510862098903 -0.0404349074598553 0
5737 0.2223440221079471 -0.03926655039381208 0
5738 0.2223338752300557 -0.03938612062785491 0
5739 0.222321698976586 -0.0395296049087063 0
5740 0.2223070874724223 -0.03970178604572797 0
5741 0.2222895536674259 -0.03990840341015398 0
5742 0.2222685131014303 -0.04015634424746519 0
5743 0.2190614489995139 -0.03898798718142426 0
5744 0.2190513021216225 -0.03910755741546709 0
5745 0.2190391258681527 -0.03925104169631848 0
5746 0.2190245143639891 -0.03942322283334015 0
5747 0.2190069805589927 -0.03962984019776616 0
5748 0.2189859399929971 -0.03987778103507737 0
5749 0.2157788758910108 -0.0387094239690305 0
5750 0.2157687290131194 -0.03882899420307333 0
5751 0.2157565527596497 -0.03897247848392472 0
5752 0.215741941255486 -0.03914465962094639 0
5753 0.2157244074504897 -0.0393512769853724 0
5754 0.215703366884494 -0.03959921782268361 0
5755 0.2089706332013126 -0.03810046160815021 0
5756 0.2089594366329454 -0.03821993811988703 0
5757 0.2089460007509047 -0.03836330993397122 0
5758 0.2089298776924559 -0.03853535611087223 0
5759 0.2089105300223174 -0.03874181152315346 0
5760 0.2088873128181511 -0.03898955801789093 0
5761 0.2054458383621481 -0.03777014056158284 0
5762 0.2054346417937809 -0.03788961707331966 0
5763 0.2054212059117402 -0.03803298888740384 0
5764 0.2054050828532914 -0.03820503506430486 0
5765 0.2053857351831529 -0.03841149047658608 0
5766 0.2053625179789866 -0.03865923697132355 0
5767 0.201921043522978 -0.03743981951501493 0
5768 0.2019098469546108 -0.03755929602675175 0
5769 0.2018964110725701 -0.03770266784083593 0
5770 0.2018802880141213 -0.03787471401773695 0
5771 0.2018609403439827 -0.03808116943001817 0
5772 0.2018377231398165 -0.03832891592475564 0
5773 0.1953667034643336 -0.03679634998991997 0
5774 0.1953543652401055 -0.03691571400553145 0
5775 0.1953395593710318 -0.03705895082426523 0
5776 0.1953217923281434 -0.03723083500674576 0
5777 0.1953004718766773 -0.03743709602572241 0
5778 0.195274887334918 -0.03768460924849437 0
5779 0.1923381096248104 -0.0364832952581707 0
5780 0.1923257714005824 -0.03660265927378218 0
5781 0.1923109655315087 -0.03674589609251595 0
5782 0.1922931984886203 -0.03691778027499649 0
5783 0.1922718780371542 -0.03712404129397313 0
5784 0.1922462934953948 -0.0373715545167451 0
5785 0.1893095157852977 -0.0361702405264225 0
5786 0.1892971775610696 -0.03628960454203398 0
5787 0.1892823716919959 -0.03643284136076776 0
5788 0.1892646046491075 -0.03660472554324829 0
5789 0.1892432841976414 -0.03681098656222493 0
5790 0.1892176996558821 -0.0370584997849969 0
5791 0.1828083934770318 -0.03545664302470427 0
5792 0.1827946428709065 -0.03557585259156526 0
5793 0.182778142143556 -0.03571890407179845 0
5794 0.1827583412707355 -0.03589056584807828 0
5795 0.1827345802233509 -0.03609655997961407 0
5796 0.1827060669664893 -0.03634375293745702 0
5797 0.1793370419932565 -0.03505622896203288 0
5798 0.1793232913871311 -0.03517543852889387 0
5799 0.1793067906597807 -0.03531849000912706 0
5800 0.1792869897869601 -0.03549015178540689 0
5801 0.1792632287395755 -0.03569614591694268 0
5802 0.1792347154827139 -0.03594333887478563 0
5803 0.172881551885992 -0.03428406969069949 0
5804 0.1728667175372428 -0.03440314925274599 0
5805 0.1728489163187438 -0.0345460447272018 0
5806 0.1728275548565449 -0.03471751929654876 0
5807 0.1728019211019063 -0.03492328877976512 0
5808 0.17277116059634 -0.03517021215962475 0
5809 0.1698983163814068 -0.03391243281938875 0
5810 0.1698834820326577 -0.03403151238143525 0
5811 0.1698656808141586 -0.03417440785589106 0
5812 0.1698443193519598 -0.03434588242523802 0
5813 0.1698186855973211 -0.03455165190845438 0
5814 0.1697879250917548 -0.03479857528831401 0
5815 0.1630693291105711 -0.03303381552450146 0
5816 0.1630536452848395 -0.03315278618311282 0
5817 0.1630348246939615 -0.03329555097344645 0
5818 0.163012239984908 -0.0334668687218468 0
5819 0.1629851383340438 -0.03367245001992723 0
5820 0.1629526163530067 -0.03391914757762374 0
5821 0.1559192801142225 -0.03207217060929922 0
5822 0.1559029226640746 -0.03219105052276092 0
5823 0.1558832937238971 -0.03233370641891495 0
5824 0.1558597389956842 -0.03250489349429978 0
5825 0.1558314733218287 -0.03271031798476159 0
5826 0.155797554513202 -0.03295682737331576 0
5827 0.1497749050570234 -0.03121372589427951 0
5828 0.1497580139653263 -0.0313325311594039 0
5829 0.1497377446552897 -0.03147509747755318 0
5830 0.1497134214832458 -0.03164617705933232 0
5831 0.1496842336767931 -0.03185147255746728 0
5832 0.14964920830905 -0.03209782715522923 0
5833 0.1444946545133036 -0.0304514752087304 0
5834 0.1444772136606188 -0.03057020101324496 0
5835 0.1444562846373971 -0.03071267197866243 0
5836 0.1444311698095311 -0.03088363713716339 0
5837 0.1444010320160918 -0.03108879532736454 0
5838 0.1443648666639647 -0.03133498515560593 0
5839 0.1399570000334763 -0.02976023799032783 0
5840 0.1399381962053228 -0.02987875556728067 0
5841 0.1399156316115386 -0.03002097665962408 0
5842 0.1398885540989975 -0.03019164197043617 0
5843 0.1398560610839482 -0.03039644034341068 0
5844 0.139817069465889 -0.03064219839098009 0
5845 0.1425818961545184 0.02263747117672414 0
5846 0.1425320191589637 0.02274661459299116 0
5847 0.142472166764298 0.02287758669251158 0
5848 0.1424003438906993 0.02303475321193609 0
5849 0.1423141564423807 0.0232233530352455 0
5850 0.1422107315043985 0.0234496728232168 0
5851 0.1466699597395182 0.024435102002741 0
5852 0.1466231122843414 0.0245455796744374 0
5853 0.1465668953381292 0.02467815288047307 0
5854 0.1464994350026746 0.02483724072771588 0
5855 0.1464184826001291 0.02502814614440726 0
5856 0.1463213397170745 0.02525723264443691 0
5857 0.1511669146955193 0.026271644600294 0
5858 0.1511229097618203 0.02638328494161446 0
5859 0.1510701038413816 0.02651725335119902 0
5860 0.1510067367368551 0.02667801544270048 0
5861 0.1509306962114232 0.02687092995250224 0
5862 0.1508394475809051 0.02710242736426436 0
5863 0.1561083406291874 0.02814226416210577 0
5864 0.1560672609239599 0.02825501369788497 0
5865 0.156017965277687 0.02839031314082002 0
5866 0.1559588105021595 0.02855267247234208 0
5867 0.1558878247715264 0.02874750367016855 0
5868 0.1558026418947668 0.02898130110756031 0
5869 0.1615337082028081 0.03003421409726004 0
5870 0.1614956421928246 0.03014801646491527 0
5871 0.1614499629808444 0.03028457930610156 0
5872 0.1613951479264682 0.0304484547155251 0
5873 0.1613293698612168 0.03064510520683335 0
5874 0.161250436182915 0.03088108579640325 0
5875 0.1674854530373595 0.03194328110196449 0
5876 0.1674501063134245 0.03205795720717852 0
5877 0.1674076902447024 0.03219556853343537 0
5878 0.1673567909622359 0.03236070212494357 0
5879 0.1672957118232762 0.03255886243475342 0
5880 0.1672224168565245 0.03279665480652524 0
5881 0.1740092932940959 0.03385688209411853 0
5882 0.1739769676796548 0.0339724461657455 0
5883 0.1739381769423255 0.03411112305169788 0
5884 0.1738916280575303 0.03427753531484071 0
5885 0.1738357693957761 0.03447723003061213 0
5886 0.1737687390016709 0.03471686368953782 0
5887 0.1811549925726088 0.03575722160153316 0
5888 0.1811255207704 0.03587354620286309 0
5889 0.1810901546077495 0.03601313572445899 0
5890 0.1810477152125688 0.03618064315037409 0
5891 0.1809967879383521 0.0363816520614722 0
5892 0.1809356752092919 0.03662286275478994 0
5893 0.1876209759650833 0.03730138767512038 0
5894 0.1875953133821641 0.03741861152865675 0
5895 0.1875645182826611 0.03755928015290039 0
5896 0.1875275641632575 0.03772808250199276 0
5897 0.1874832192199731 0.0379306453209036 0
5898 0.1874300052880319 0.03817372070359661 0
5899 0.1903501499801958 0.03789885698150171 0
5900 0.1903244873972766 0.03801608083503807 0
5901 0.1902936922977736 0.03815674945928172 0
5902 0.19025673817837 0.03832555180837409 0
5903 0.1902123932350856 0.03852811462728493 0
5904 0.1901591793031444 0.03877119000997794 0
5905 0.1960893448899304 0.03894100997032837 0
5906 0.1960718163753903 0.03905972286422798 0
5907 0.1960507821579423 0.03920217833690751 0
5908 0.1960255410970047 0.03937312490412295 0
5909 0.1959952518238795 0.03957826078478148 0
5910 0.1959589046961293 0.03982442384157171 0
5911 0.1990925873942404 0.03938445278580324 0
5912 0.1990750588797003 0.03950316567970285 0
5913 0.1990540246622523 0.03964562115238238 0
5914 0.1990287836013147 0.03981656771959782 0
5915 0.1989984943281895 0.04002170360025635 0
5916 0.1989621472004393 0.04026786665704658 0
5917 0.2053852546497335 0.04018248892205387 0
5918 0.2053723961788914 0.04030179801528487 0
5919 0.205356966013881 0.04044496892716207 0
5920 0.2053384498158684 0.04061677402141473 0
5921 0.2053162303782534 0.0408229401345179 0
5922 0.2052895670531153 0.0410703394702417 0
5923 0.2086707876978996 0.0405365854100611 0
5924 0.2086579292270576 0.04065589450329209 0
5925 0.2086424990620471 0.0407990654151693 0
5926 0.2086239828640346 0.04097087050942194 0
5927 0.2086017634264195 0.04117703662252512 0
5928 0.2085751001012814 0.04142443595824893 0
5929 0.2155362074804403 0.04122655433310222 0
5930 0.2155249983752212 0.04134602966930257 0
5931 0.2155115474489583 0.04148940007274299 0
5932 0.2154954063374428 0.04166144455687151 0
5933 0.2154760370036243 0.04186789793782572 0
5934 0.215452793803042 0.04211564199497077 0
5935 0.2191147197434943 0.04156228823233184 0
5936 0.2191035106382752 0.04168176356853219 0
5937 0.2190900597120123 0.04182513397197261 0
5938 0.2190739186004969 0.04199717845610113 0
5939 0.2190545492666783 0.04220363183705534 0
5940 0.219031306066096 0.04245137589420039 0
5941 0.226588020867718 0.0422417540593197 0
5942 0.2265774714008089 0.04236128944633097 0
5943 0.2265648120405179 0.04250473191074448 0
5944 0.2265496208081687 0.0426768628680407 0
5945 0.2265313913293497 0.04288342001679617 0
5946 0.2265095159547669 0.04313128859530273 0
5947 0.2304822600302856 0.04258543594473455 0
5948 0.2304717105633764 0.04270497133174582 0
5949 0.2304590512030854 0.04284841379615933 0
5950 0.2304438599707362 0.04302054475345556 0
5951 0.2304256304919172 0.04322710190221102 0
5952 0.2304037551173344 0.04347497048071758 0
5953 0.237555860530776 0.04318673421000237 0
5954 0.2375461690645625 0.04330634221760483 0
5955 0.2375345393051063 0.0434498718267278 0
5956 0.2375205835937588 0.04362210735767535 0
5957 0.2375038367401418 0.04382878999481242 0
5958 0.2374837405158015 0.0440768091593769 0
5959 0.2407345068681732 0.04344429007270016 0
5960 0.2407248154019597 0.04356389808030263 0
5961 0.2407131856425035 0.04370742768942559 0
5962 0.240699229931156 0.04387966322037314 0
5963 0.240682483077539 0.04408634585751021 0
5964 0.2406623868531987 0.04433436502207469 0
5965 0.2439131532055601 0.04370184593539712 0
5966 0.2439034617393465 0.04382145394299959 0
5967 0.2438918319798903 0.04396498355212256 0
5968 0.2438778762685428 0.0441372190830701 0
5969 0.2438611294149259 0.04434390172020718 0
5970 0.2438410331905855 0.04459192088477165 0
5971 0.2505517160418296 0.04421557249563554 0
5972 0.2505428556305534 0.04433524493653994 0
5973 0.250532223137022 0.04447885186562522 0
5974 0.2505194641447843 0.04465118018052756 0
5975 0.250504153354099 0.04485797415841036 0
5976 0.2504857804052767 0.04510612693186972 0
5977 0.2540109399949581 0.04447168949876099 0
5978 0.2540020795836819 0.04459136193966539 0
5979 0.2539914470901505 0.04473496886875067 0
5980 0.2539786880979129 0.04490729718365301 0
5981 0.2539633773072276 0.04511409116153581 0
5982 0.2539450043584053 0.04536224393499517 0
5983 0.25747016394813 0.04472780650188964 0
5984 0.2574613035368538 0.04484747894279404 0
5985 0.2574506710433224 0.04499108587187932 0
5986 0.2574379120510847 0.04516341418678166 0
5987 0.2574226012603995 0.04537020816466446 0
5988 0.2574042283115772 0.04561836093812382 0
5989 0.2646950097206859 0.04523454284955108 0
5990 0.26468704088988 0.04535427796443217 0
5991 0.264677478292913 0.04549796010228948 0
5992 0.2646660031765525 0.04567037866771825 0
5993 0.26465223303692 0.04587728094623277 0
5994 0.264635708869361 0.0461255636804502 0
5995 0.2684598885563771 0.0454851099657723 0
5996 0.2684519197255713 0.04560484508065338 0
5997 0.2684423571286043 0.04574852721851069 0
5998 0.2684308820122438 0.04592094578393947 0
5999 0.2684171118726113 0.04612784806245399 0
6000 0.2684005877050523 0.04637613079667141 0
6001 0.2722247673920468 0.04573567708199206 0
6002 0.2722167985612409 0.04585541219687315 0
6003 0.2722072359642739 0.04599909433473046 0
6004 0.2721957608479135 0.04617151290015922 0
6005 0.272181990708281 0.04637841517867375 0
6006 0.2721654665407219 0.04662669791289117 0
6007 0.279268036977808 0.04617967406130793 0
6008 0.2792609691965994 0.04629946574077185 0
6009 0.2792524878591491 0.04644321575612856 0
6010 0.2792423102542087 0.04661571577455662 0
6011 0.2792300971282803 0.04682271579667027 0
6012 0.2792154413771661 0.04707111582320667 0
6013 0.2825456768531808 0.04637305678724804 0
6014 0.2825386090719721 0.04649284846671196 0
6015 0.2825301277345219 0.04663659848206867 0
6016 0.2825199501295815 0.04680909850049672 0
6017 0.2825077370036531 0.04701609852261038 0
6018 0.2824930812525389 0.04726449854914678 0
6019 0.2858233167288307 0.04656643951320451 0
6020 0.285816248947622 0.04668623119266843 0
6021 0.2858077676101717 0.04682998120802514 0
6022 0.2857975900052314 0.0470024812264532 0
6023 0.2857853768793029 0.04720948124856685 0
6024 0.2857707211281888 0.04745788127510325 0
6025 0.2891009566047568 0.04675982223917727 0
6026 0.2890938888235481 0.0468796139186412 0
6027 0.2890854074860978 0.04702336393399791 0
6028 0.2890752298811575 0.04719586395242596 0
6029 0.2890630167552291 0.04740286397453962 0
6030 0.2890483610041149 0.04765126400107601 0
6031 0.2959456310259124 0.04714086775066556 0
6032 0.2959393265759908 0.04726070202752818 0
6033 0.2959317612360849 0.04740450315976331 0
6034 0.2959226828281977 0.04757706451844548 0
6035 0.2959117887387331 0.04778413814886407 0
6036 0.2958987158313757 0.04803262650536639 0
6037 0.2995120294617572 0.04732849503834994 0
6038 0.2995057250118356 0.04744832931521255 0
6039 0.2994981596719297 0.04759213044744769 0
6040 0.2994890812640425 0.04776469180612986 0
6041 0.2994781871745779 0.04797176543654845 0
6042 0.2994651142672204 0.04822025379305077 0
6043 0.3030784278976018 0.04751612232603431 0
6044 0.3030721234476801 0.04763595660289693 0
6045 0.3030645581077742 0.04777975773513207 0
6046 0.3030554796998871 0.04795231909381423 0
6047 0.3030445856104225 0.04815939272423282 0
6048 0.303031512703065 0.04840788108073514 0
6049 0.306644826333447 0.04770374961371871 0
6050 0.3066385218835254 0.04782358389058133 0
6051 0.3066309565436194 0.04796738502281647 0
6052 0.3066218781357323 0.04813994638149863 0
6053 0.3066109840462677 0.04834702001191722 0
6054 0.3065979111389102 0.04859550836841954 0
6055 0.314092535396239 0.04806325803966228 0
6056 0.314087226589368 0.04818314055118755 0
6057 0.3140808560211227 0.04832699956501787 0
6058 0.3140732113392283 0.04849963038161425 0
6059 0.3140640377209551 0.0487067873615299 0
6060 0.3140530293790272 0.0489553757374287 0
6061 0.3179730163206438 0.04823509898236941 0
6062 0.3179677075137728 0.04835498149389468 0
6063 0.3179613369455275 0.048498840507725 0
6064 0.3179536922636331 0.04867147132432138 0
6065 0.3179445186453599 0.04887862830423704 0
6066 0.317933510303432 0.04912721668013583 0
6067 0.3218534972450484 0.04840693992507654 0
6068 0.3218481884381774 0.04852682243660181 0
6069 0.321841817869932 0.04867068145043213 0
6070 0.3218341731880377 0.04884331226702851 0
6071 0.3218249995697645 0.04905046924694417 0
6072 0.3218139912278365 0.04929905762284296 0
6073 0.325733978169475 0.04857878086778464 0
6074 0.3257286693626039 0.04869866337930991 0
6075 0.3257222987943586 0.04884252239314023 0
6076 0.3257146541124643 0.04901515320973661 0
6077 0.325705480494191 0.04922231018965226 0
6078 0.3256944721522631 0.04947089856555106 0
6079 0.3331339279782182 0.04888165522252776 0
6080 0.3331294634336246 0.04900157214310852 0
6081 0.3331241059801122 0.04914547244780543 0
6082 0.3331176770358974 0.04931815281344171 0
6083 0.3331099623028396 0.04952536925220526 0
6084 0.3331007046231703 0.04977402897872152 0
6085 0.3366526933106481 0.04901265996035014 0
6086 0.3366482287660544 0.04913257688093089 0
6087 0.3366428713125421 0.0492764771856278 0
6088 0.3366364423683272 0.04944915755126409 0
6089 0.3366287276352695 0.04965637399002764 0
6090 0.3366194699556001 0.0499050337165439 0
6091 0.3401714586430454 0.0491436646981713 0
6092 0.3401669940984518 0.04926358161875206 0
6093 0.3401616366449394 0.04940748192344897 0
6094 0.3401552077007246 0.04958016228908525 0
6095 0.3401474929676668 0.0497873787278488 0
6096 0.3401382352879975 0.05003603845436506 0
6097 0.3436902239754644 0.04927466943599328 0
6098 0.3436857594308708 0.04939458635657403 0
6099 0.3436804019773584 0.04953848666127094 0
6100 0.3436739730331436 0.04971116702690723 0
6101 0.3436662583000858 0.04991838346567078 0
6102 0.3436570006204165 0.05016704319218703 0
6103 0.347208989307916 0.04940567417381646 0
6104 0.3472045247633224 0.04952559109439722 0
6105 0.34719916730981 0.04966949139909413 0
6106 0.3471927383655952 0.04984217176473042 0
6107 0.3471850236325374 0.05004938820349396 0
6108 0.3471757659528681 0.05029804793001022 0
6109 0.3545569598232501 0.04964551297122011 0
6110 0.3545535506690213 0.0497654645350592 0
6111 0.3545494596839469 0.04990940641166611 0
6112 0.3545445505018575 0.05008213666359441 0
6113 0.3545386594833502 0.05028941296590837 0
6114 0.3545315902611415 0.05053814452868512 0
6115 0.3583852855141909 0.04975431816141974 0
6116 0.3583818763599622 0.04987426972525883 0
6117 0.3583777853748877 0.05001821160186574 0
6118 0.3583728761927983 0.05019094185379405 0
6119 0.3583669851742911 0.050398218156108 0
6120 0.3583599159520823 0.05064694971888475 0
6121 0.362213611205063 0.04986312335161742 0
6122 0.3622102020508343 0.04998307491545651 0
6123 0.3622061110657598 0.05012701679206343 0
6124 0.3622012018836704 0.05029974704399173 0
6125 0.3621953108651632 0.05050702334630568 0
6126 0.3621882416429544 0.05075575490908243 0
6127 0.3660419368959785 0.04997192854181633 0
6128 0.3660385277417497 0.05009188010565542 0
6129 0.3660344367566752 0.05023582198226233 0
6130 0.3660295275745858 0.05040855223419063 0
6131 0.3660236365560786 0.05061582853650459 0
6132 0.3660165673338699 0.05086456009928134 0
6133 0.3698702625869409 0.05008073373201657 0
6134 0.3698668534327122 0.05020068529585566 0
6135 0.3698627624476377 0.05034462717246257 0
6136 0.3698578532655483 0.05051735742439088 0
6137 0.3698519622470411 0.05072463372670483 0
6138 0.3698448930248324 0.05097336528948158 0
6139 0.3772694552494734 0.05026062152460933 0
6140 0.377267067093208 0.05038059775854611 0
6141 0.3772642013056894 0.05052456923927023 0
6142 0.3772607623606672 0.0506973350161392 0
6143 0.3772566356266405 0.05090465394838194 0
6144 0.3772516835458085 0.05115343666707324 0
6145 0.3808394713894039 0.05033168356858703 0
6146 0.3808370832331385 0.0504516598025238 0
6147 0.38083421744562 0.05059563128324793 0
6148 0.3808307785005977 0.05076839706011689 0
6149 0.380826651766571 0.05097571599235964 0
6150 0.380821699685739 0.05122449871105093 0
6151 0.3844094875293343 0.05040274561256471 0
6152 0.3844070993730689 0.05052272184650149 0
6153 0.3844042335855504 0.05066669332722561 0
6154 0.3844007946405281 0.05083945910409458 0
6155 0.3843966679065015 0.05104677803633732 0
6156 0.3843917158256694 0.05129556075502862 0
6157 0.3879795036690048 0.05047380765653723 0
6158 0.3879771155127393 0.050593783890474 0
6159 0.3879742497252208 0.05073775537119813 0
6160 0.3879708107801986 0.05091052114806709 0
6161 0.3879666840461719 0.05111784008030984 0
6162 0.3879617319653399 0.05136662279900114 0
6163 0.3915495198089353 0.05054486970051492 0
6164 0.3915471316526698 0.05066484593445169 0
6165 0.3915442658651513 0.05080881741517582 0
6166 0.391540826920129 0.05098158319204478 0
6167 0.3915367001861024 0.05118890212428753 0
6168 0.3915317481052704 0.05143768484297882 0
6169 0.3951195359488658 0.05061593174449261 0
6170 0.3951171477926003 0.05073590797842938 0
6171 0.3951142820050818 0.05087987945915351 0
6172 0.3951108430600596 0.05105264523602247 0
6173 0.3951067163260329 0.05125996416826522 0
6174 0.3951017642452009 0.05150874688695652 0
6175 0.4025742783936814 0.05072623943867662 0
6176 0.4025730662976481 0.0508462333169505 0
6177 0.402571611782408 0.05099022597087915 0
6178 0.4025698663641199 0.05116301715559353 0
6179 0.4025677718621742 0.05137036657725079 0
6180 0.4025652584598395 0.0516191858832395 0
6181 0.4064580246483794 0.05076547038526877 0
6182 0.406456812552346 0.05088546426354264 0
6183 0.4064553580371059 0.05102945691747129 0
6184 0.4064536126188178 0.05120224810218568 0
6185 0.4064515181168722 0.05140959752384294 0
6186 0.4064490047145374 0.05165841682983165 0
6187 0.4103417709030743 0.05080470133186087 0
6188 0.4103405588070409 0.05092469521013475 0
6189 0.4103391042918008 0.0510686878640634 0
6190 0.4103373588735127 0.05124147904877778 0
6191 0.4103352643715671 0.05144882847043504 0
6192 0.4103327509692323 0.05169764777642375 0
6193 0.4142255171577692 0.05084393227845298 0
6194 0.4142243050617358 0.05096392615672686 0
6195 0.4142228505464957 0.05110791881065551 0
6196 0.4142211051282076 0.05128070999536989 0
6197 0.414219010626262 0.05148805941702715 0
6198 0.4142164972239272 0.05173687872301586 0
6199 0.4181092634125074 0.05088316322504553 0
6200 0.418108051316474 0.05100315710331941 0
6201 0.418106596801234 0.05114714975724806 0
6202 0.4181048513829459 0.05131994094196244 0
6203 0.4181027568810002 0.0515272903636197 0
6204 0.4181002434786655 0.05177610966960841 0
6205 0.4219930096672054 0.05092239417163768 0
6206 0.421991797571172 0.05104238804991156 0
6207 0.4219903430559319 0.0511863807038402 0
6208 0.4219885976376438 0.05135917188855459 0
6209 0.4219865031356982 0.05156652131021185 0
6210 0.4219839897333634 0.05181534061620056 0
6211 0.4295742990081491 0.05096163021966863 0
6212 0.4295742990081491 0.05108163021966863 0
6213 0.4295742990081491 0.05122563021966863 0
6214 0.4295742990081491 0.05139843021966863 0
6215 0.4295742990081491 0.05160579021966863 0
6216 0.4295742990081491 0.05185462221966863 0
6217 0.4332708320143733 0.05096163021966863 0
6218 0.4332708320143733 0.05108163021966863 0
6219 0.4332708320143733 0.05122563021966863 0
6220 0.4332708320143733 0.05139843021966863 0
6221 0.4332708320143733 0.05160579021966863 0
6222 0.4332708320143733 0.05185462221966863 0
6223 0.4369673650205432 0.05096163021966863 0
6224 0.4369673650205432 0.05108163021966863 0
6225 0.4369673650205432 0.05122563021966863 0
6226 0.4369673650205432 0.05139843021966863 0
6227 0.4369673650205432 0.05160579021966863 0
6228 0.4369673650205432 0.05185462221966863 0
6229 0.4406638980267457 0.05096163021966863 0
6230 0.4406638980267457 0.05108163021966863 0
6231 0.4406638980267457 0.05122563021966863 0
6232 0.4406638980267457 0.05139843021966863 0
6233 0.4406638980267457 0.05160579021966863 0
6234 0.4406638980267457 0.05185462221966863 0
6235 0.4443604310329698 0.05096163021966863 0
6236 0.4443604310329698 0.05108163021966863 0
6237 0.4443604310329698 0.05122563021966863 0
6238 0.4443604310329698 0.05139843021966863 0
6239 0.4443604310329698 0.05160579021966863 0
6240 0.4443604310329698 0.05185462221966863 0
6241 0.4480569640391615 0.05096163021966863 0
6242 0.4480569640391615 0.05108163021966863 0
6243 0.4480569640391615 0.05122563021966863 0
6244 0.4480569640391615 0.05139843021966863 0
6245 0.4480569640391615 0.05160579021966863 0
6246 0.4480569640391615 0.05185462221966863 0
6247 0.4517534970453965 0.05096163021966863 0
6248 0.4517534970453965 0.05108163021966863 0
6249 0.4517534970453965 0.05122563021966863 0
6250 0.4517534970453965 0.05139843021966863 0
6251 0.4517534970453965 0.05160579021966863 0
6252 0.4517534970453965 0.05185462221966863 0
6253 0.4593424520961903 0.05092568382997641 0
6254 0.4593435603764687 0.05104567871201238 0
6255 0.4593448903128028 0.05118967257045554 0
6256 0.4593464862364037 0.05136246520058732 0
6257 0.4593484013447247 0.05156981635674546 0
6258 0.45935069947471 0.05181863774413523 0
6259 0.4632339505738614 0.05088974170525433 0
6260 0.4632350588541398 0.05100973658729029 0
6261 0.4632363887904739 0.05115373044573345 0
6262 0.4632379847140747 0.05132652307586524 0
6263 0.4632398998223958 0.05153387423202338 0
6264 0.463242197952381 0.05178269561941315 0
6265 0.4671254490515448 0.05085379958053213 0
6266 0.4671265573318232 0.05097379446256809 0
6267 0.4671278872681573 0.05111778832101125 0
6268 0.4671294831917582 0.05129058095114303 0
6269 0.4671313983000792 0.05149793210730118 0
6270 0.4671336964300645 0.05174675349469095 0
6271 0.4710169475292345 0.05081785745580987 0
6272 0.4710180558095129 0.05093785233784583 0
6273 0.471019385745847 0.05108184619628899 0
6274 0.4710209816694478 0.05125463882642078 0
6275 0.4710228967777689 0.05146198998257892 0
6276 0.4710251949077541 0.05171081136996869 0
6277 0.4749084460069397 0.05078191533108747 0
6278 0.474909554287218 0.05090191021312344 0
6279 0.4749108842235521 0.0510459040715666 0
6280 0.474912480147153 0.05121869670169838 0
6281 0.474914395255474 0.05142604785785652 0
6282 0.4749166933854593 0.05167486924524629 0
6283 0.4787999444846107 0.05074597320636539 0
6284 0.4788010527648891 0.05086596808840135 0
6285 0.4788023827012232 0.05100996194684451 0
6286 0.478803978624824 0.0511827545769763 0
6287 0.4788058937331451 0.05139010573313444 0
6288 0.4788081918631303 0.05163892712052421 0
6289 0.4862769485972911 0.05063954126977251 0
6290 0.4862793074821032 0.05075951808279255 0
6291 0.4862821381438778 0.05090349025841658 0
6292 0.4862855349380072 0.05107625686916542 0
6293 0.4862896110909626 0.05128357680206403 0
6294 0.4862945024745091 0.05153236072154237 0
6295 0.4898614120618122 0.05056906651541551 0
6296 0.4898637709466244 0.05068904332843555 0
6297 0.4898666016083989 0.05083301550405958 0
6298 0.4898699984025284 0.05100578211480842 0
6299 0.4898740745554838 0.05121310204770703 0
6300 0.4898789659390302 0.05146188596718537 0
6301 0.4934458755263333 0.0504985917610585 0
6302 0.4934482344111454 0.05061856857407854 0
6303 0.49345106507292 0.05076254074970257 0
6304 0.4934544618670494 0.05093530736045141 0
6305 0.4934585380200048 0.05114262729335002 0
6306 0.4934634294035513 0.05139141121282836 0
6307 0.4970303389908761 0.05042811700670108 0
6308 0.4970326978756882 0.05054809381972111 0
6309 0.4970355285374627 0.05069206599534515 0
6310 0.4970389253315922 0.05086483260609399 0
6311 0.4970430014845476 0.0510721525389926 0
6312 0.4970478928680941 0.05132093645847093 0
6313 0.5006148024554606 0.05035764225234283 0
6314 0.5006171613402728 0.05047761906536286 0
6315 0.5006199920020473 0.0506215912409869 0
6316 0.5006233887961768 0.05079435785173574 0
6317 0.5006274649491322 0.05100167778463435 0
6318 0.5006323563326787 0.05125046170411268 0
6319 0.5041992659199879 0.0502871674979857 0
6320 0.5042016248048 0.05040714431100574 0
6321 0.5042044554665746 0.05055111648662977 0
6322 0.5042078522607041 0.05072388309737861 0
6323 0.5042119284136595 0.05093120303027722 0
6324 0.5042168197972059 0.05117998694975556 0
6325 0.5116359173152558 0.0501085526649132 0
6326 0.5116392847841372 0.05022850540624633 0
6327 0.5116433257467949 0.05037244869584608 0
6328 0.5116481749019842 0.05054518064336579 0
6329 0.5116539938882112 0.05075245898038944 0
6330 0.5116609766716838 0.05100119298481782 0
6331 0.5154872647592651 0.0500004326459371 0
6332 0.5154906322281465 0.05012038538727023 0
6333 0.5154946731908042 0.05026432867686998 0
6334 0.5154995223459935 0.05043706062438969 0
6335 0.5155053413322205 0.05064433896141334 0
6336 0.515512324115693 0.05089307296584172 0
6337 0.5193386122032669 0.04989231262696121 0
6338 0.5193419796721483 0.05001226536829434 0
6339 0.5193460206348061 0.05015620865789409 0
6340 0.5193508697899953 0.0503289406054138 0
6341 0.5193566887762223 0.05053621894243746 0
6342 0.5193636715596949 0.05078495294686583 0
6343 0.5231899596472688 0.04978419260798532 0
6344 0.5231933271161502 0.04990414534931845 0
6345 0.5231973680788079 0.0500480886389182 0
6346 0.5232022172339972 0.05022082058643791 0
6347 0.5232080362202242 0.05042809892346156 0
6348 0.5232150190036967 0.05067683292788994 0
6349 0.5270413070913214 0.049676072589008 0
6350 0.5270446745602028 0.04979602533034113 0
6351 0.5270487155228605 0.04993996861994088 0
6352 0.5270535646780498 0.0501127005674606 0
6353 0.5270593836642767 0.05031997890448425 0
6354 0.5270663664477493 0.05056871290891262 0
6355 0.5344406936065309 0.04943609602085987 0
6356 0.5344451502555605 0.04955601323513466 0
6357 0.5344504982343961 0.04969991389226441 0
6358 0.5344569158089988 0.04987259468082011 0
6359 0.534464616898522 0.05007981162708695 0
6360 0.5344738582059498 0.05032847196260717 0
6361 0.5379878250275788 0.04930426907757039 0
6362 0.5379922816766084 0.04942418629184518 0
6363 0.537997629655444 0.04956808694897494 0
6364 0.5380040472300467 0.04974076773753064 0
6365 0.5380117483195699 0.04994798468379748 0
6366 0.5380209896269977 0.05019664501931769 0
6367 0.5415349564485833 0.04917244213428253 0
6368 0.5415394130976129 0.04929235934855732 0
6369 0.5415447610764484 0.04943626000568708 0
6370 0.5415511786510512 0.04960894079424278 0
6371 0.5415588797405744 0.04981615774050962 0
6372 0.5415681210480022 0.05006481807602983 0
6373 0.5450820878696311 0.04904061519099306 0
6374 0.5450865445186607 0.04916053240526785 0
6375 0.5450918924974962 0.04930443306239761 0
6376 0.545098310072099 0.04947711385095331 0
6377 0.5451060111616222 0.04968433079722015 0
6378 0.54511525246905 0.04993299113274036 0
6379 0.5486292192907222 0.04890878824770199 0
6380 0.5486336759397518 0.04902870546197678 0
6381 0.5486390239185873 0.04917260611910653 0
6382 0.5486454414931901 0.04934528690766223 0
6383 0.5486531425827132 0.04955250385392907 0
6384 0.5486623838901411 0.04980116418944928 0
6385 0.5560966597591175 0.04860410563526928 0
6386 0.5561019457793334 0.04872398915369561 0
6387 0.5561082890035924 0.04886784937580722 0
6388 0.5561159008727034 0.04904048164234114 0
6389 0.5561250351156364 0.04924764036218184 0
6390 0.556135996207156 0.04949623082599069 0
6391 0.56001627766381 0.04843127804599962 0
6392 0.5600215636840259 0.04855116156442595 0
6393 0.560027906908285 0.04869502178653755 0
6394 0.5600355187773959 0.04886765405307147 0
6395 0.5600446530203289 0.04907481277291217 0
6396 0.5600556141118486 0.04932340323672102 0
6397 0.5639358955684594 0.04825845045673185 0
6398 0.5639411815886752 0.04837833397515818 0
6399 0.5639475248129343 0.04852219419726978 0
6400 0.5639551366820452 0.0486948264638037 0
6401 0.5639642709249783 0.04890198518364441 0
6402 0.5639752320164979 0.04915057564745325 0
6403 0.5678555134731087 0.04808562286746408 0
6404 0.5678607994933246 0.04820550638589041 0
6405 0.5678671427175837 0.04834936660800201 0
6406 0.5678747545866946 0.04852199887453594 0
6407 0.5678838888296276 0.04872915759437664 0
6408 0.5678948499211472 0.04897774805818549 0
6409 0.5753856000339892 0.04772381281664149 0
6410 0.5753918727094928 0.04784364876092376 0
6411 0.5753993999200971 0.0479874518940625 0
6412 0.5754084325728224 0.04816001565382899 0
6413 0.5754192717560926 0.04836709216554877 0
6414 0.575432278776017 0.04861558397961251 0
6415 0.5789952464773729 0.04753487000021182 0
6416 0.5790015191528765 0.04765470594449409 0
6417 0.5790090463634808 0.04779850907763283 0
6418 0.5790180790162061 0.04797107283739932 0
6419 0.5790289181994763 0.0481781493491191 0
6420 0.5790419252194007 0.04842664116318284 0
6421 0.5826048929208433 0.0473459271837776 0
6422 0.5826111655963468 0.04746576312805988 0
6423 0.5826186928069512 0.04760956626119862 0
6424 0.5826277254596764 0.0477821300209651 0
6425 0.5826385646429467 0.04798920653268488 0
6426 0.5826515716628711 0.04823769834674863 0
6427 0.586214539364227 0.04715698436734792 0
6428 0.5862208120397305 0.0472768203116302 0
6429 0.5862283392503349 0.04742062344476894 0
6430 0.5862373719030601 0.04759318720453543 0
6431 0.5862482110863304 0.0478002637162552 0
6432 0.5862612181062548 0.04804875553031895 0
6433 0.5931485292174334 0.0467719910311319 0
6434 0.5931555939264151 0.04689178289181952 0
6435 0.5931640715771933 0.04703553312464467 0
6436 0.5931742447581271 0.04720803340403484 0
6437 0.5931864525752476 0.04741503373930306 0
6438 0.5932011019557922 0.04766343414162491 0
6439 0.596472212599272 0.04657597724767892 0
6440 0.5964792773082537 0.04669576910836654 0
6441 0.5964877549590318 0.04683951934119169 0
6442 0.5964979281399656 0.04701201962058187 0
6443 0.5965101359570861 0.04721901995585008 0
6444 0.5965247853376308 0.04746742035817193 0
6445 0.5997958959810673 0.04637996346422849 0
6446 0.599802960690049 0.04649975532491611 0
6447 0.5998114383408272 0.04664350555774126 0
6448 0.5998216115217609 0.04681600583713143 0
6449 0.5998338193388815 0.04702300617239965 0
6450 0.5998484687194261 0.0472714065747215 0
6451 0.6031195793629063 0.04618394968077549 0
6452 0.603126644071888 0.04630374154146311 0
6453 0.6031351217226661 0.04644749177428826 0
6454 0.6031452949035999 0.04661999205367844 0
6455 0.6031575027207204 0.04682699238894665 0
6456 0.6031721521012651 0.0470753927912685 0
6457 0.6102697184715515 0.04573403398342351 0
6458 0.6102776636043584 0.04585377067314175 0
6459 0.6102871977637268 0.04599745470080362 0
6460 0.6102986387549687 0.04616987553399789 0
6461 0.610312367944459 0.04637678053383099 0
6462 0.6103288429718474 0.04662506653363072 0
6463 0.6140954405118377 0.0454801780453323 0
6464 0.6141033856446446 0.04559991473505054 0
6465 0.6141129198040129 0.04574359876271242 0
6466 0.6141243607952549 0.04591601959590668 0
6467 0.6141380899847452 0.04612292459573979 0
6468 0.6141545650121336 0.04637121059553952 0
6469 0.6179211625521244 0.04522632210724108 0
6470 0.6179291076849313 0.04534605879695931 0
6471 0.6179386418442996 0.04548974282462119 0
6472 0.6179500828355415 0.04566216365781545 0
6473 0.6179638120250318 0.04586906865764856 0
6474 0.6179802870524203 0.04611735465744829 0
6475 0.6252702947492732 0.04471486352742692 0
6476 0.625279044879701 0.04483454408231157 0
6477 0.6252895450362143 0.04497816074817315 0
6478 0.6253021452240302 0.04515050074720704 0
6479 0.6253172654494094 0.04535730874604772 0
6480 0.6253354097198642 0.04560547834465653 0
6481 0.6287930340748067 0.04445730766473037 0
6482 0.6288017842052345 0.04457698821961502 0
6483 0.6288122843617477 0.0447206048854766 0
6484 0.6288248845495636 0.0448929448845105 0
6485 0.6288400047749428 0.04509975288335117 0
6486 0.6288581490453977 0.04534792248195998 0
6487 0.6323157734002972 0.04419975180203696 0
6488 0.632324523530725 0.04431943235692161 0
6489 0.6323350236872383 0.04446304902278319 0
6490 0.6323476238750542 0.04463538902181709 0
6491 0.6323627441004334 0.04484219702065776 0
6492 0.6323808883708882 0.04509036661926657 0
6493 0.6390825863449938 0.04368953759538592 0
6494 0.6390919041352885 0.0438091752933913 0
6495 0.6391030854836419 0.04395274053099775 0
6496 0.6391165031016661 0.0441250188161255 0
6497 0.6391326042432952 0.04433175275827879 0
6498 0.6391519256132501 0.04457983348886274 0
6499 0.6423261869142887 0.04343691496549597 0
6500 0.6423355047045833 0.04355655266350135 0
6501 0.6423466860529368 0.0437001179011078 0
6502 0.642360103670961 0.04387239618623555 0
6503 0.6423762048125901 0.04407913012838884 0
6504 0.6423955261825449 0.04432721085897279 0
6505 0.6455697874835834 0.04318429233560604 0
6506 0.6455791052738781 0.04330393003361142 0
6507 0.6455902866222315 0.04344749527121787 0
6508 0.6456037042402557 0.04361977355634562 0
6509 0.6456198053818848 0.04382650749849891 0
6510 0.6456391267518397 0.04407458822908286 0
6511 0.652796074855177 0.04259148982367675 0
6512 0.6528062875133315 0.04271105445729983 0
6513 0.6528185427031168 0.04285453201764752 0
6514 0.6528332489308593 0.04302670509006474 0
6515 0.6528508964041502 0.04323331277696541 0
6516 0.6528720733720993 0.04348124200124622 0
6517 0.6567780159343056 0.04225137082861868 0
6518 0.6567882285924601 0.04237093546224176 0
6519 0.6568004837822454 0.04251441302258945 0
6520 0.6568151900099879 0.04268658609500667 0
6521 0.6568328374832788 0.04289319378190734 0
6522 0.6568540144512279 0.04314112300618815 0
6523 0.6644267283152254 0.04157738725725002 0
6524 0.6644376095200252 0.04169689290306689 0
6525 0.6644506669657847 0.04184029967804714 0
6526 0.6644663359006963 0.04201238780802344 0
6527 0.66448513862259 0.042218893563995 0
6528 0.6645077018888625 0.04246670047116086 0
6529 0.6680929424948172 0.04124357183744418 0
6530 0.668103823699617 0.04136307748326105 0
6531 0.6681168811453765 0.0415064842582413 0
6532 0.668132550080288 0.04167857238821759 0
6533 0.6681513528021817 0.04188507814418915 0
6534 0.6681739160684543 0.04213288505135503 0
6535 0.6751353992433706 0.04058383824377561 0
6536 0.6751469296336198 0.04070328300130269 0
6537 0.6751607661019189 0.04084661671033517 0
6538 0.6751773698638778 0.04101861716117415 0
6539 0.6751972943782284 0.04122501770218093 0
6540 0.6752212037954493 0.04147269835138906 0
6541 0.6785111008244158 0.04025797081015846 0
6542 0.6785226312146649 0.04037741556768553 0
6543 0.6785364676829641 0.04052074927671801 0
6544 0.6785530714449229 0.04069274972755699 0
6545 0.6785729959592736 0.04089915026856377 0
6546 0.6785969053764944 0.0411468309177719 0
6547 0.6849952544942985 0.03961577723712379 0
6548 0.6850074033904954 0.03973516067115548 0
6549 0.6850219820659317 0.0398784207919935 0
6550 0.6850394764764551 0.04005033293699913 0
6551 0.6850604697690833 0.04025662751100587 0
6552 0.6850856617202372 0.04050418099981398 0
6553 0.6881031911614701 0.03929950220062326 0
6554 0.6881153400576669 0.03941888563465495 0
6555 0.6881299187331033 0.03956214575549297 0
6556 0.6881474131436267 0.0397340579004986 0
6557 0.6881684064362549 0.03994035247450534 0
6558 0.6881935983874088 0.04018790596331345 0
6559 0.6940731809362997 0.03867731414947845 0
6560 0.6940859346472712 0.03879663448662369 0
6561 0.6941012391004371 0.03893981889119798 0
6562 0.6941196044442361 0.03911164017668713 0
6563 0.694141642856795 0.0393178257192741 0
6564 0.6941680889518657 0.03956524837037847 0
6565 0.6969347300316668 0.0383714537155708 0
6566 0.6969474837426384 0.03849077405271604 0
6567 0.6969627881958043 0.03863395845729033 0
6568 0.6969811535396033 0.03880577974277948 0
6569 0.6970031919521622 0.03901196528536645 0
6570 0.6970296380472328 0.03925938793647082 0
6571 0.7037486746921779 0.03762442924755949 0
6572 0.7037619863857877 0.03774368862376633 0
6573 0.7037779604181192 0.03788679987521452 0
6574 0.7037971292569172 0.03805853337695235 0
6575 0.7038201318634748 0.03826461357903775 0
6576 0.7038477349913438 0.03851190982154023 0
6577 0.7113401181871567 0.0367610643920246 0
6578 0.7113539477003127 0.036880264830639 0
6579 0.7113705431160999 0.0370233053569763 0
6580 0.7113904576150446 0.03719495398858105 0
6581 0.7114143550137781 0.03740093234650675 0
6582 0.7114430318922584 0.03764810637601759 0
6583 0.7183301128205993 0.03593551975785238 0
6584 0.7183444534788056 0.03605465978270637 0
6585 0.7183616622686533 0.03619762781253116 0
6586 0.7183823128164704 0.0363691894483209 0
6587 0.718407093473851 0.03657506341126859 0
6588 0.7184368302627077 0.03682211216680582 0
6589 0.7247659028322988 0.0351486216758117 0
6590 0.7247807088715543 0.03526770476109909 0
6591 0.7247984761186609 0.03541060446344396 0
6592 0.7248197968151888 0.03558208410625781 0
6593 0.7248453816510223 0.03578785967763443 0
6594 0.7248760834540224 0.03603479036328638 0
6595 0.7306915078587964 0.03440077764725582 0
6596 0.7307067714880118 0.03451980294550446 0
6597 0.7307250878430701 0.03466263330340284 0
6598 0.7307470674691401 0.03483402973288088 0
6599 0.730773443020424 0.03503970544825454 0
6600 0.7308050936819648 0.03528651630670293 0
6601 0.7361476070220457 0.03369157928935954 0
6602 0.7361632963916289 0.03381054921699709 0
6603 0.7361821236351287 0.03395331313016215 0
6604 0.7362047163273283 0.03412462982596022 0
6605 0.736231827557968 0.03433020986091791 0
6606 0.7362643610347356 0.03457690590286713 0
6607 0.7411716226420725 0.03302061416744932 0
6608 0.7411877202679641 0.03313952954257237 0
6609 0.7412070374190339 0.03328222799272004 0
6610 0.7412302180003177 0.03345346613289723 0
6611 0.7412580346978582 0.03365895190110987 0
6612 0.7412914147349069 0.03390553482296502 0
6613 0.7457980443068015 0.03238788839376967 0
6614 0.7458144810548373 0.03250675736917542 0
6615 0.7458342051524801 0.0326494001396623 0
6616 0.7458578740696515 0.03282057146424656 0
6617 0.7458862767702572 0.03302597705374768 0
6618 0.7459203600109841 0.03327246376114903 0
6619 0.750058129107302 0.03179381170381831 0
6620 0.7500748517834364 0.0319126407915995 0
6621 0.7500949189947974 0.03205523569693691 0
6622 0.7501189996484309 0.03222634958334181 0
6623 0.7501478964327909 0.03243168624702769 0
6624 0.750182572574023 0.03267809024345075 0
6625 0.9553715957581466 -0.08754233009348111 0
6626 0.9553041140631379 -0.08764155821872165 0
6627 0.9552231360291275 -0.08776063196901029 0
6628 0.9551259623883149 -0.08790352046935668 0
6629 0.9550093540193398 -0.08807498666977233 0
6630 0.9548694239765698 -0.08828074611027112 0
6631 0.9517506461171831 -0.085108361686072 0
6632 0.9516842029542152 -0.08520828818953743 0
6633 0.9516044711586538 -0.08532819999369597 0
6634 0.9515087930039801 -0.0854720941586862 0
6635 0.9513939792183717 -0.08564476715667448 0
6636 0.9512562026756415 -0.0858519747542604 0
6637 0.9478241676449213 -0.08253934214642102 0
6638 0.9477591609371468 -0.08264020902871809 0
6639 0.9476811528878175 -0.08276124928747458 0
6640 0.9475875432286224 -0.08290649759798237 0
6641 0.9474752116375882 -0.08308079557059173 0
6642 0.9473404137283472 -0.08328995313772294 0
6643 0.9435657294989731 -0.07983163175242716 0
6644 0.9435019195253517 -0.07993325993388505 0
6645 0.943425347557006 -0.08005521375163452 0
6646 0.9433334611949913 -0.08020155833293387 0
6647 0.9432231975605735 -0.0803771718304931 0
6648 0.9430908811992722 -0.08058790802756419 0
6649 0.9389489802579399 -0.07697847865929958 0
6650 0.9388865716049656 -0.07708097334225401 0
6651 0.9388116812213965 -0.07720396696179935 0
6652 0.9387218127611134 -0.07735155930525374 0
6653 0.9386139706087738 -0.07752867011739903 0
6654 0.9384845600259663 -0.07774120309197335 0
6655 0.933938976982345 -0.07398316302465928 0
6656 0.9338781751879455 -0.07408661901432539 0
6657 0.933805213034666 -0.07421076620192475 0
6658 0.9337176584507307 -0.07435974282704398 0
6659 0.9336125929500083 -0.07453851477718704 0
6660 0.9334865143491414 -0.07475304111735873 0
6661 0.928501025130555 -0.07084599427361786 0
6662 0.9284418414382424 -0.07095038436205658 0
6663 0.9283708210074673 -0.07107565246818305 0
6664 0.9282855964905371 -0.07122597419553481 0
6665 0.9281833270702209 -0.07140636026835692 0
6666 0.9280606037658413 -0.07162282355574345 0
6667 0.922604879323294 -0.06755492180667096 0
6668 0.922547043121136 -0.06766006444179076 0
6669 0.9224776396785465 -0.06778623560393454 0
6670 0.9223943555474389 -0.06793764099850706 0
6671 0.9222944145901099 -0.0681193274719941 0
6672 0.922174485441315 -0.06833735124017855 0
6673 0.916223789428259 -0.06408733154558564 0
6674 0.9161669959585359 -0.06419304106169849 0
6675 0.9160988437948682 -0.06431989248103388 0
6676 0.9160170611984668 -0.06447211418423636 0
6677 0.9159189220827852 -0.06465478022807934 0
6678 0.9158011551439674 -0.06487397948069092 0
6679 0.9105103257575639 -0.06107133773639262 0
6680 0.9104553916874192 -0.06117802535487454 0
6681 0.9103894708032456 -0.06130605049705283 0
6682 0.9103103657422373 -0.06145968066766678 0
6683 0.9102154396690273 -0.06164403687240352 0
6684 0.9101015283811754 -0.06186526431808761 0
6685 0.9081108561348356 -0.0598358369871911 0
6686 0.9080559220646909 -0.05994252460567301 0
6687 0.9079900011805173 -0.0600705497478513 0
6688 0.907910896119509 -0.06022417991846526 0
6689 0.907815970046299 -0.060408536123202 0
6690 0.9077020587584471 -0.06062976356888609 0
6691 0.9031164592612599 -0.05730260639792593 0
6692 0.9030627845652337 -0.05740993312808433 0
6693 0.9029983749300022 -0.05753872520427441 0
6694 0.9029210833677245 -0.0576932756957025 0
6695 0.9028283334929912 -0.0578787362854162 0
6696 0.9027170336433112 -0.05810128899307266 0
6697 0.900520482531844 -0.05600434396472884 0
6698 0.9004668078358178 -0.05611167069488723 0
6699 0.9004023982005863 -0.05624046277107731 0
6700 0.9003251066383086 -0.0563950132625054 0
6701 0.9002323567635753 -0.05658047385221911 0
6702 0.9001210569138953 -0.05680302655987556 0
6703 0.8954767982493471 -0.05351908176256346 0
6704 0.8954244368304352 -0.05362705528621407 0
6705 0.8953616031277408 -0.05375662351459481 0
6706 0.8952862026845076 -0.05391210538865169 0
6707 0.8951957221526279 -0.05409868363751994 0
6708 0.8950871455143721 -0.05432257753616185 0
6709 0.8930279962986384 -0.05233154299900204 0
6710 0.8929756348797264 -0.05243951652265266 0
6711 0.8929128011770321 -0.05256908475103339 0
6712 0.8928374007337989 -0.05272456662509026 0
6713 0.8927469202019191 -0.05291114487395852 0
6714 0.8926383435636633 -0.05313503877260043 0
6715 0.8871073880561559 -0.04953570695473098 0
6716 0.8870569474840706 -0.04964459106141191 0
6717 0.8869964187975682 -0.04977525198942901 0
6718 0.8869237843737652 -0.04993204510304954 0
6719 0.8868366230652017 -0.05012019683939418 0
6720 0.8867320294949256 -0.05034597892300774 0
6721 0.880365238968691 -0.04644538389318064 0
6722 0.8803157079384277 -0.04655468474880883 0
6723 0.8802562707021118 -0.04668584577556267 0
6724 0.8801849460185326 -0.04684323900766728 0
6725 0.8800993563982376 -0.0470321108861928 0
6726 0.8799966488538836 -0.04725875714042344 0
6727 0.8740136342092655 -0.0436142276119784 0
6728 0.8739655021212753 -0.04372415168625562 0
6729 0.873907743615687 -0.04385606057538829 0
6730 0.8738384334089812 -0.0440143512423475 0
6731 0.8737552611609342 -0.04420430004269854 0
6732 0.8736554544632777 -0.0444322386031198 0
6733 0.8680337565294231 -0.04101213602715404 0
6734 0.8679861449870739 -0.0411222865652151 0
6735 0.8679290111362551 -0.04125446721088837 0
6736 0.8678604505152724 -0.04141308398569631 0
6737 0.8677781777700931 -0.04160342411546582 0
6738 0.8676794504758781 -0.04183183227118924 0
6739 0.8624141003340048 -0.03860165656525593 0
6740 0.862367123924885 -0.03871207946589801 0
6741 0.8623107522339413 -0.03884458694666851 0
6742 0.8622431062048088 -0.03900359592359311 0
6743 0.8621619309698498 -0.03919440669590264 0
6744 0.8620645206878991 -0.03942337962267406 0
6745 0.8571262954617834 -0.03638583387822158 0
6746 0.8570805572096448 -0.03649677535960393 0
6747 0.8570256713070785 -0.03662990513726274 0
6748 0.856959808223999 -0.03678966087045332 0
6749 0.8568807725243036 -0.03698136775028201 0
6750 0.856785929684669 -0.03721141600607644 0
6751 0.8521489182288019 -0.03435402474833762 0
6752 0.8521039789006729 -0.03446529224937595 0
6753 0.8520500517069182 -0.03459881325062196 0
6754 0.8519853390744124 -0.03475903845211716 0
6755 0.8519076839154056 -0.0349513086939114 0
6756 0.8518144977245973 -0.03518203298406449 0
6757 0.8474713109300416 -0.03247418483031573 0
6758 0.8474267684522008 -0.03258561179145082 0
6759 0.8473733174787919 -0.03271932414481294 0
6760 0.8473091763107011 -0.03287977896884748 0
6761 0.8472322069089923 -0.03307232475768893 0
6762 0.8471398436269415 -0.03330337970429867 0
6763 0.843078213916139 -0.03072755158562836 0
6764 0.8430341009203327 -0.03083914927198876 0
6765 0.8429811653253652 -0.03097306649562124 0
6766 0.8429176426114041 -0.03113376716398021 0
6767 0.8428414153546508 -0.03132660796601099 0
6768 0.8427499426465469 -0.0315580169284479 0
6769 0.8389491233650362 -0.02911635942969104 0
6770 0.8389060273838436 -0.02922835378850007 0
6771 0.8388543122064125 -0.0293627470190709 0
6772 0.838792253993495 -0.02952401889575589 0
6773 0.8387177841379941 -0.02971754514777789 0
6774 0.8386284203113932 -0.02994977665020428 0
6775 0.8865105440287565 -0.01771631314077927 0
6776 0.8865771136445614 -0.01761647083385683 0
6777 0.8866569971835272 -0.0174966600655499 0
6778 0.8867528574302862 -0.01735288714358158 0
6779 0.886867889726397 -0.0171803596372196 0
6780 0.8870059284817299 -0.01697332662958522 0
6781 0.8899407868012664 -0.02002849898790862 0
6782 0.8900083449381431 -0.0199293228912837 0
6783 0.8900894147023951 -0.0198103115753338 0
6784 0.8901866984194975 -0.01966749799619392 0
6785 0.8903034388800204 -0.01949612170122606 0
6786 0.8904435274326478 -0.01929047014726464 0
6787 0.8934545532507392 -0.02245050992254918 0
6788 0.8935231836951023 -0.02235207282534226 0
6789 0.893605540228338 -0.02223394830869396 0
6790 0.893704368068221 -0.022092198888716 0
6791 0.8938229614760803 -0.02192209958474244 0
6792 0.8939652735655117 -0.02171798041997417 0
6793 0.8970506688495884 -0.02499184703868312 0
6794 0.8971205259245857 -0.02489427660733824 0
6795 0.8972043544145824 -0.02477719208972438 0
6796 0.8973049486025784 -0.02463669066858775 0
6797 0.8974256616281737 -0.02446808896322379 0
6798 0.897570517258888 -0.02426576691678704 0
6799 0.9007273887248949 -0.02766107724367764 0
6800 0.9007985061993168 -0.02756442164460622 0
6801 0.900883847168623 -0.02744843492572053 0
6802 0.9009862563317905 -0.02730925086305769 0
6803 0.9011091473275915 -0.02714222998786228 0
6804 0.9012566165225527 -0.02694180493762779 0
6805 0.9044897114126281 -0.03045629788729829 0
6806 0.904561708095721 -0.03036029539970745 0
6807 0.9046481041154324 -0.03024509241459845 0
6808 0.9047517793390861 -0.03010684883246766 0
6809 0.9048761896074706 -0.02994095653391069 0
6810 0.9050254819295319 -0.02974188577564234 0
6811 0.9083445498023714 -0.03337610659046501 0
6812 0.9084174467984677 -0.03328078593184296 0
6813 0.9085049231937833 -0.03316640114149652 0
6814 0.9086098948681619 -0.03302913939308078 0
6815 0.9087358608774163 -0.0328644252949819 0
6816 0.9088870200885215 -0.03266676837726324 0
6817 0.9121600001021632 -0.03632517553508725 0
6818 0.9122338907382369 -0.0362306230422559 0
6819 0.9123225595015254 -0.03611716005085828 0
6820 0.9124289620174715 -0.03598100446118114 0
6821 0.9125566450366069 -0.03581761775356857 0
6822 0.9127098646595694 -0.03562155370443349 0
6823 0.9158134812148451 -0.03919582660775888 0
6824 0.9158878785156023 -0.03910167225767325 0
6825 0.9159771552765108 -0.03898868703757049 0
6826 0.9160842873896011 -0.03885310477344717 0
6827 0.9162128459253095 -0.0386904060564992 0
6828 0.9163671161681596 -0.03849516759616162 0
6829 0.9193216915940416 -0.04197756240355212 0
6830 0.9193964137973358 -0.04188366569256154 0
6831 0.919486080441289 -0.04177098963937284 0
6832 0.9195936804140328 -0.0416357783755464 0
6833 0.9197228003813253 -0.04147352485895467 0
6834 0.9198777443420763 -0.0412788206390446 0
6835 0.922693402932511 -0.04466966896986101 0
6836 0.9227684345185619 -0.04457601929770624 0
6837 0.922858472421823 -0.04446363969112053 0
6838 0.9229665179057361 -0.04432878416321767 0
6839 0.9230961724864319 -0.04416695752973424 0
6840 0.923251757983267 -0.04397276556955412 0
6841 0.9259343487074277 -0.04727377281546302 0
6842 0.9260096478031882 -0.04718033809933641 0
6843 0.9261000067181008 -0.04706821643998446 0
6844 0.9262084374159958 -0.04693367044876214 0
6845 0.9263385542534698 -0.04677221525929533 0
6846 0.9264946944584386 -0.04657846903193518 0
6847 0.9990409714022888 -0.1177404385820611 0
6848 0.9991490980968744 -0.1177924829661769 0
6849 0.999278850130377 -0.117854936227116 0
6850 0.9994345525705802 -0.1179298801402428 0
6851 0.9996213954988241 -0.1180198128359951 0
6852 0.9998456070127167 -0.1181277320708977 0
6853 0.9844506195386657 -0.09665940319173527 0
6854 0.1507069290339795 0.03055061644240606 0
6855 0.9911629755714528 -0.1166157665108059 0
6856 0.5378717023653983 -0.03752403957081252 0
6857 0.9670018431080848 -0.07865819821401535 0
6858 0.3169349823866726 -0.04896118264659702 0
6859 0.939740869954288 -0.05382490716570815 0
6860 0.9037217014459952 -0.02604331453650767 0
6861 0.6285358258392357 -0.02040184709295347 0
6862 0.4879917095179312 -0.04298542132262949 0
6863 0.3734509294886166 -0.05003926608043512 0
6864 0.4308252910557605 -0.04791903959510106 0
6865 0.5852461983900084 -0.03019677773252165 0
6866 0.2679619383745239 -0.04791308066766339 0
6867 0.9084345405925898 -0.06413348316070161 0
6868 0.8783737745697249 -0.008031644134397197 0
6869 0.8483125462652323 0.008923787674369724 0
6870 0.8258618661043503 0.01695840801696787 0
6871 0.8394337967772068 -0.0327968745934266 0
6872 0.8111673523647402 -0.02242196596846853 0
6873 0.9512315360658732 -0.08870118792009866 0
6874 0.04847158944423686 -0.09310590889677514 0
6875 0.7979524394365675 -0.01510361632815681 0
6876 0.2259771730856972 -0.04346805288585878 0
6877 0.1740450208911143 0.03897237192997059 0
6878 0.8137422054951782 0.0201584156354765 0
6879 0.7917755574794793 -0.01034601222586311 0
6880 0.8710274971826674 -0.04696235377226317 0
6881 0.1986527745195686 0.04313255726681427 0
6882 0.2487826494499468 0.04834688754904086 0
6883 0.3043179195239532 0.05228328570916589 0
6884 0.363677426108726 0.05452899941995049 0
6885 0.4242140718395367 0.05553724516623185 0
6886 0.480786463057136 0.05486058178278994 0
6887 0.5402202803174878 0.0536212356130752 0
6888 0.5986854509404557 0.05017229535709375 0
6889 0.6509005152929813 0.04723285310830695 0
6890 0.7061919656520554 0.04158087261210389 0
6891 0.7620920694831363 0.0343596225110073 0
6892 0.7875128105612955 0.02864630480713075 0
6893 0.9743801471209615 -0.1046889644193393 0
6894 0.1959707339750572 -0.04119797283156324 0
6895 0.7346036872528952 0.03772885315027628 0
6896 0.1295531624392852 0.02134307606671875 0
6897 0.7881682024433758 -0.004196101387198003 0
6898 0.5697735025370245 0.05282763682811167 0
6899 0.1720299582539064 -0.03802389323074315 0
6900 0.9199525443911456 -0.03835630020360669 0
6901 0.1189200506457641 -0.02813316407554205 0
6902 0.5095238167411523 0.05470425530084334 0
6903 0.3341404602338796 0.05413574445852286 0
6904 0.110861495249413 -0.02502191104089601 0
6905 0.3938315514784995 0.05512994376049914 0
6906 0.277048891345286 0.04962934776512717 0
6907 0.4614455385216768 -0.04591163357964002 0
6908 0.9305240797624417 -0.07682695098406939 0
6909 0.6236455592985839 0.04952821703114824 0
6910 0.4539643736755737 0.05563033507156123 0
6911 0.6775023213574088 0.04504810063625285 0
6912 0.3473320276831861 -0.04984745165586787 0
6913 0.7854844744243682 0.0003341333151581246 0
6914 0.1433657860474626 -0.03309682430342598 0
6915 0.7193298023734003 0.02252266554432891 0
6916 0.6085311949906007 -0.02534404480192893 0
6917 0.5140901327743808 -0.04073336027540029 0
6918 0.4040233523375986 -0.04949019778595486 0
6919 0.2244336274977027 0.04615749082235282 0
6920 0.6456760550891318 -0.01760326467178652 0
6921 0.5614023846908809 -0.03430722280041397 0
6922 0.1074567805751916 -0.02221906238764048 0
6923 0.2938446637915976 -0.04956233449855744 0
6924 0.7002816460953183 0.02254741506786801 0
6925 0.8909486262012627 -0.0553920328645072 0
6926 0.08618131843849117 0.002349797448129552 0
6927 0.1185274288650639 0.01245293475236321 0
6928 0.1049878779635342 -0.01780131181890661 0
6929 0.6490554287448984 -0.01131153825821565 0
6930 0.08359117488652054 -0.0004864584521506923 0
6931 0.0499520173830352 -0.04091916167003098 0
6932 0.08103314658259436 -0.003363540683929611 0
6933 0.852853180598161 -0.03822418147050882 0
6934 0.7398093189807931 0.02203772641896587 0
6935 0.8931429692457256 -0.01795940370734585 0
6936 0.06607087837732151 -0.006835010172150821 0
6937 0.03708514786128667 -0.02812806725677941 0
6938 0.01791534403662571 -0.04642999454922027 0
6939 0.08415720001658261 0.005077460731728213 0
6940 0.9850406527096267 -0.1120281069734824 0
6941 0.1288950043222202 -0.03140560316181144 0
6942 0.2459125573707759 -0.04466296040032545 0
6943 0.6492876404659436 -0.01740437995572591 0
6944 0.1065636453109418 -0.004676484933405712 0
6945 0.8049044310537371 0.02071063638690122 0
6946 0.1137477129692008 0.006821934404914655 0
6947 1.868008476070457 1.405113268670402 0
6948 0.7850261546842349 0.00420119023997048 0
6949 0.8227410028756049 -0.02766738964685512 0
6950 2.896076951545572 0.2399999999954479 0
6951 2.896076951546252 -0.3600000000042203 0
6952 0.9621664588854699 -0.09766708067936111 0
6953 0.0591474677157473 -0.02881129858131337 0
6954 1.88444075185851 -1.397726116937624 0
6955 0.04233702073118029 -0.05434834940231287 0
6956 0.7538906540610247 0.0234860280165505 0
6957 0.1104764680774406 0.002444777774963592 0
6958 0.6874133806378525 0.02281429930683111 0
6959 0.7853343700724832 0.007833637134240165 0
6960 0.7466533451235685 0.03550728265938945 0
6961 0.0657527766931944 -0.02059735181538496 0
6962 1.415171943984716 1.402202619287896 0
6963 0.9285472477393509 -0.04560007868111945 0
6964 0.02773788295822906 -0.03809704138953768 0
6965 0.6466602586140686 -0.02214945373498464 0
6966 0.6538756484649755 -0.02131366877164854 0
6967 0.6498776909664037 -0.0302375139913021 0
6968 0.1568737710199607 -0.03660302091251695 0
6969 -0.895166014759978 0.7308049527571601 0
6970 1.411764705877945 -1.398114658378019 0
6971 -0.1261718735947206 1.401082276031981 0
6972 0.2106218983900387 -0.04256649190523625 0
6973 0.6614053508276615 -0.02787131712650446 0
6974 0.6547418131864082 -0.04107326612989247 0
6975 0.9569341238170022 1.388480127631968 0
6976 -0.2277651223243254 -1.398820690876483 0
6977 0.07195474582692911 -0.01330364746514514 0
6978 0.6998832681183765 -1.40601413009872 0
6979 0.3487246613687101 1.394211596395916 0
6980 0.2475100141766292 -1.408360815952279 0
6981 0.03775393083839244 -0.06899251383202838 0
6982 0.6492466726510984 0.000403556697739635 0
6983 0.1147610473513871 -0.02727217759314365 0
6984 0.7861748048915527 0.01142787336475025 0
6985 0.1414203231380871 0.02567770389751418 0
6986 0.1836596354560335 -0.04032488931887324 0
6987 0.9187382091568576 -0.07071996403994983 0
6988 0.07668531632743394 -0.008069527529359608 0
6989 -0.8978779020084884 -0.6016198934558733 0
6990 0.690068078844269 0.04342085239691017 0
6991 0.6383833118570519 0.04822588465437641 0
6992 0.6716936882044682 -0.03793255351068872 0
6993 0.662771669047432 -0.05628021661498961 0
6994 0.7881714661817314 0.01396139917870285 0
6995 -0.8925552680976464 0.3789682680107738 0
6996 0.674753178376581 0.02207715789973531 0
6997 0.1037190439727467 -0.01493088353239212 0
6998 0.9404224594200771 -0.08240066580965127 0
6999 0.5973270779912174 -0.02733044267038559 0
7000 0.994217069854937 -0.1191739814375093 0
7001 0.7620007276023368 0.02221158337472627 0
7002 -0.8937911586376946 -0.2470394252710968 0
7003 2.895844206484068 0.7128450204478842 0
7004 0.7994706302167669 0.02018043150128617 0
7005 0.03910911839671057 -0.08042899973054363 0
7006 0.104711249986326 -0.009614990459157018 0
7007 0.7898067897019528 0.01578061543192708 0
7008 0.802837178317071 -0.01865807137549064 0
7009 2.88578582062021 -0.8285781871343995 0
7010 2.242016621807011 -1.404022992335015 0
7011 1.042208515428778 -1.385613342153008 0
7012 2.225204013915365 1.398572048725379 0
7013 0.2357221509106246 0.04723208869349618 0
7014 0.6854169607454086 -0.05482480263624612 0
7015 0.6732157190439516 -0.08027584389626176 0
7016 0.6188338774618564 -0.02341785838365464 0
7017 0.08767224562771146 0.003723294739811455 0
7018 0.6490510089719701 0.01141961173813416 0
7019 0.4731131218326045 -0.04592499680001647 0
7020 0.5260610910767761 -0.03918492085631945 0
7021 0.04890025739890019 -0.08664862601039958 0
7022 0.05283486770502091 -0.08710833071658859 0
7023 0.4426040266722066 -0.04738945902580186 0
7024 0.4995835936039106 -0.04393107587060197 0
7025 0.5505419693284985 -0.03532304369071437 0
7026 0.7893101396131437 -0.006681598473838074 0
7027 0.7303811923693493 0.02264158126341435 0
7028 0.2778814633534973 -0.04783629986204089 0
7029 0.2572979371793658 -0.04653389337407496 0
7030 0.8801578438935181 -0.05042369957884676 0
7031 0.7922238161863865 0.01745035068194558 0
7032 0.7849402612319853 -0.006891118204797006 0
7033 0.7084509813789595 0.02276617326805513 0
7034 0.7254476008457429 0.03866036318902694 0
7035 0.572709100922062 -0.03141972238415214 0
7036 0.08895016946629049 0.006279506349805296 0
7037 0.7719834277110327 0.02246704823748018 0
7038 0.8629563091627086 -0.04291328995159783 0
7039 -0.4814152533034759 1.40840923341854 0
7040 0.8998821139173409 -0.06020866481763176 0
7041 -0.8984706122617921 -0.9558540580214513 0
7042 0.8974280795705412 -0.02122651334336537 0
7043 0.794310614554708 -0.01228194256525959 0
7044 0.8462493506399064 -0.03508477259519269 0
7045 0.122631152778057 -0.02921346231709994 0
7046 0.8176408003774808 0.018651375150229 0
7047 0.6632950906750879 0.02203962148136369 0
7048 0.7042404210238874 -0.07678925068114253 0
7049 0.6906302181895585 -0.1112629234717429 0
7050 0.8873741822274535 -0.01431980994594163 0
7051 0.796055607155018 0.01916169691757243 0
7052 0.9800053942572566 -0.1089246339825972 0
7053 0.05469840777664828 -0.03426807803014736 0
7054 0.8084486647738052 0.02006284763921549 0
7055 0.1056107419867694 -0.006741006174933818 0
7056 2.901941955994221 1.086416112367273 0
7057 0.04650806623885764 -0.04665972551780553 0
7058 0.6474459402469976 -0.1100778983303643 0
7059 0.6737394823741251 -0.1647082992898871 0
7060 0.6082737681964466 -0.1495159758065079 0
7061 0.6351104632331166 -0.2128663405361505 0
7062 0.5700042175097522 -0.2184715391952138 0
7063 0.6104008986595004 -0.2921841458920732 0
7064 0.5078936294317953 -0.2818880120670086 0
7065 0.02874754018410136 -0.09604614063872931 0
7066 0.03601753942499738 -0.09514095869698257 0
7067 0.5569073673755806 -0.3907804832312124 0
7068 0.4427305077022226 -0.3836271976250233 0
7069 0.0185254757125543 -0.09673090350713597 0
7070 0.6727349692044784 -0.3821979025507986 0
7071 0.4961303174867115 -0.4932015063103017 0
7072 0.3744863115699255 -0.4857258259595085 0
7073 0.4295710977085531 -0.5957970501621939 0
7074 0.3075140354175561 -0.5909028624235635 0
7075 0.7335191108787733 -0.1608753818678943 0
7076 0.2515297408446481 -0.4854985795512286 0
7077 0.1867711222328258 -0.5861988984228798 0
7078 0.133206922740455 -0.4791525452978669 0
7079 0.06701821569934958 -0.5805009428714142 0
7080 0.01804057941957145 -0.4719589233807923 0
7081 -0.05204359152341795 -0.5744973340266302 0
7082 -0.1024121466597815 -0.4664315871366339 0
7083 -0.1718697234314787 -0.568720054543927 0
7084 0.002029190547337187 -0.681473952799666 0
7085 0.7784891883397203 0.02328474660220498 0
7086 -0.2267856756734673 -0.4620228425897275 0
7087 0.06226879062072296 -0.02367733346515997 0
7088 0.3615711573102681 -0.6987289061002773 0
7089 0.4837394564332731 -0.703803450758644 0
7090 2.597132352567806 -1.403395072181455 0
7091 0.1081362761066496 -0.001003508701368753 0
7092 0.0689198787044397 -0.01626280910230604 0
7093 0.07275211057044333 -0.01774603263109042 0
7094 0.04067906628433288 -0.06192382969674585 0
7095 0.6624203836482907 -0.01621271555827237 0
7096 0.6355539675148447 -0.02020799193088734 0
7097 -0.2924765022234727 -0.5631626173208862 0
7098 0.4167658229027745 -0.8054001492906574 0
7099 0.5366635521279344 -0.811305931969114 0
7100 -0.5790943102407567 -1.391471523179874 0
7101 -0.9095634870467322 1.076965603864151 0
7102 0.02321360810120613 -0.04272266998511152 0
7103 -0.3475942624071893 -0.4565280939726331 0
7104 -0.2826167475583882 -0.3556055487123646 0
7105 0.05015522238185608 -0.08228689984537266 0
7106 0.05730551530344961 -0.08300157514347337 0
7107 0.05808763101733487 -0.09062139529640298 0
7108 0.06599033460856991 -0.08450641874043381 0
7109 0.06755348011769152 -0.09591223884708795 0
7110 0.07791960646276626 -0.08671639153911362 0
7111 0.0800448619870385 -0.103344305738595 0
7112 0.09405325361098532 -0.09126870694148426 0
7113 0.0982969163406936 -0.1120515081172168 0
7114 0.08066823260344437 -0.1233515443099943 0
7115 0.1066320108376055 -0.1398528480059252 0
7116 0.1301364839576162 -0.1198885984787095 0
7117 0.07470940364314387 -0.1482028284999948 0
7118 0.009798159739134204 -0.09595241851069877 0
7119 0.01392646888651498 -0.09644668745716412 0
7120 0.01594159318823331 -0.09653817315033486 0
7121 0.01435815569049858 -0.1003729530714447 0
7122 0.02348179610809213 -0.09683585580552817 0
7123 0.06288825956789217 -0.07563573413095583 0
7124 0.109303487022326 -0.1709796947273488 0
7125 0.1534292178878101 -0.1592631123214105 0
7126 0.04415639910218246 -0.09318910907358501 0
7127 0.1354421708929984 -0.0324856382533983 0
7128 0.9880205952742382 -0.1141558623246789 0
7129 0.9848482769962017 -0.1162051601432073 0
7130 0.6488832985911673 0.01889506653670631 0
7131 0.4713332869826244 -0.9122361703560655 0
7132 0.3514805645635848 -0.9064543177362033 0
7133 0.5912092306505519 -0.9180131648339027 0
7134 0.656130721886993 -0.8172361468337532 0
7135 0.7110072828767968 -0.9238096462546042 0
7136 0.7759225504693772 -0.8228954288923449 0
7137 0.8308411086803975 -0.929559214591686 0
7138 0.8957676927291989 -0.8286421789233021 0
7139 0.9507004909885715 -0.9353255386231176 0
7140 1.015625980013607 -0.834406299569639 0
7141 1.07056063817369 -0.9410921722041131 0
7142 1.135486585614576 -0.8401733669103983 0
7143 1.080551117574221 -0.733486508310104 0
7144 1.200412305517673 -0.7392542846072305 0
7145 1.145476799554373 -0.6325673798386793 0
7146 1.265338078234393 -0.6383352666005042 0
7147 1.320273555166273 -0.7450221360255697 0
7148 1.385199366145189 -0.6441031646000802 0
7149 1.330263875361192 -0.5374162783111436 0
7150 1.45012517323232 -0.543184188436646 0
7151 1.395189681799692 -0.4364973013580521 0
7152 1.51505098122277 -0.4422652133729326 0
7153 1.460115489940696 -0.3355783264776256 0
7154 1.579976789647525 -0.3413462388379503 0
7155 1.525339730929895 -0.2348513473516854 0
7156 1.644952336952695 -0.2404592636835042 0
7157 1.591070419856551 -0.1344501894777836 0
7158 1.69984637917226 -0.3471194844338477 0
7159 1.710020582060844 -0.1396319253011538 0
7160 1.65585568210647 -0.03344079523652876 0
7161 1.774946705690035 -0.038713153652927 0
7162 1.720011267014417 0.06797369933979909 0
7163 1.598245181250225 0.06957385178629986 0
7164 1.664629949639259 0.1740485405228989 0
7165 1.545021933252565 0.1805523701853466 0
7166 1.784734409387426 0.1688732471386026 0
7167 1.609905527957276 0.281348691633764 0
7168 1.490079406422868 0.2872188148114382 0
7169 1.555004042418815 0.3881343821037646 0
7170 1.435150950893023 0.3939261437268698 0
7171 1.50506066355458 -0.6498710741634534 0
7172 1.500075391454249 0.4948411431818445 0
7173 1.619936463231115 0.4890725682506106 0
7174 1.380215231706078 0.5006123680207206 0
7175 1.315289613107788 0.3996939457683745 0
7176 1.260354115594484 0.5063808141369993 0
7177 1.195428337602291 0.4054619287642199 0
7178 1.140492857626372 0.512148848087874 0
7179 1.425160633468526 0.1863202826396696 0
7180 1.565002074086015 0.595762656993107 0
7181 1.68486377720872 0.5899959164429336 0
7182 1.205418660940519 0.6130678070338222 0
7183 1.085557368965401 0.6188357421770374 0
7184 1.020631559941334 0.5179167666408644 0
7185 0.9656960691113956 0.6246036544280699 0
7186 0.9007702604954679 0.5236846800777488 0
7187 0.8458347693844325 0.6303715670482261 0
7188 0.7809089607773037 0.5294525927234701 0
7189 0.7259734696098743 0.6361394795300939 0
7190 0.6612270033102257 0.5389473651280061 0
7191 0.6061420602122115 0.6425285353100794 0
7192 0.5412944152424819 0.5432338565791568 0
7193 0.4862738607786177 0.6481530681514833 0
7194 0.421547788127969 0.55138474819893 0
7195 0.366430523164574 0.6542942471978962 0
7196 0.3014808016854067 0.5528783464296908 0
7197 0.2465379359657808 0.6594119850469753 0
7198 0.1815800062224881 0.5578255107458787 0
7199 0.1266648389994693 0.6649347437107319 0
7200 0.06172494510663713 0.5637230671369762 0
7201 0.006802612796415794 0.6706834045227531 0
7202 -0.05813546930253966 0.5695093783070438 0
7203 -0.1130586938283153 0.6764511748226492 0
7204 1.629928279257089 0.6966827835379968 0
7205 1.749789668328092 0.6909151305077557 0
7206 -0.1779845035726975 0.5755321768138059 0
7207 0.002957178170720285 -0.06645722348107755 0
7208 -0.1230459462994839 0.4689090056330539 0
7209 1.150483176268181 0.7197547127119945 0
7210 0.6710429601634378 0.7429298901950705 0
7211 -0.2329169286590282 0.6822827791745758 0
7212 1.40401509904458 -0.2304813578592589 0
7213 1.276383341354228 -0.4378741720366934 0
7214 -0.2429077570990964 0.4746662988223741 0
7215 -0.1879636446572543 0.367721478003982 0
7216 0.9594409653668385 0.4217817841878556 0
7217 0.07173061454560925 0.7716479539417 0
7218 0.1220115425684712 0.4522994642385705 0
7219 1.694854167708342 0.7976019898505746 0
7220 1.814715480800212 0.7918341160622753 0
7221 1.869650974197955 0.6851472357358515 0
7222 1.934576783816526 0.7860662129993603 0
7223 1.989512275535011 0.6793793277938338 0
7224 2.054438084398114 0.780298302862324 0
7225 2.109373575710811 0.6736114164777767 0
7226 2.174299384380372 0.7745303909839271 0
7227 2.22923487559318 0.6678435043091536 0
7228 2.294160684213835 0.7687624786732092 0
7229 2.164309067007809 0.5669245300476135 0
7230 2.284170366797996 0.561156617611157 0
7231 2.219244558201528 0.460237643317375 0
7232 -0.3078317881493025 0.3737114150079974 0
7233 -0.2524714312140419 0.2666741516457253 0
7234 0.3563156042127074 0.4601042360201655 0
7235 0.7121629909437996 0.4266819586894022 0
7236 -0.3722630606568345 0.2724206720930775 0
7237 2.339105857984267 0.4544697308592771 0
7238 2.274180049381083 0.3535507565459838 0
7239 -0.1338791821461412 0.2604499266817476 0
7240 -0.1956920990380109 0.1618620975466727 0
7241 0.643223383865874 -0.05640348064388843 0
7242 0.7835751760241916 0.02351184171028677 0
7243 0.02081504908035828 -0.09714201740878801 0
7244 2.574072943808644 1.39069562175767 0
7245 0.9567947920313837 -0.09260947495642319 0
7246 1.999502593261481 0.8869851897584262 0
7247 2.394041349165086 0.3477828440915578 0
7248 2.329115540561032 0.2468638697757368 0
7249 0.02591378690186629 -0.09640065510685593 0
7250 0.02723949312725524 -0.09970767761253643 0
7251 -0.4276115096095437 0.3794483852045318 0
7252 0.1013081898805538 -0.00744446818105251 0
7253 -0.4026948926388679 -0.3498885521756988 0
7254 -0.2376820898347548 -0.6698999796360467 0
7255 -0.3576861448460973 -0.6641563683607428 0
7256 -0.3028113278075206 -0.7708650824305046 0
7257 2.901426275266638 -5.247427492527379e-12 0
7258 -0.8980646777384386 0.003442842762153018 0
7259 2.896076951545483 0.4799999999962214 0
7260 1.190421961097162 -0.9468601128289023 0
7261 0.431322991203151 0.7545203809810497 0
7262 1.829689706575918 -0.1452762025812603 0
7263 1.574992866350972 0.8033698977335735 0
7264 1.63991868800085 0.904288909954148 0
7265 1.520057390128857 0.9100568279639393 0
7266 -0.1679916308803156 0.7831911381747473 0
7267 -0.2878525049763926 0.7889678967259588 0
7268 0.9107605779877802 0.7312905413619957 0
7269 1.894647596895834 -0.04437786790522628 0
7270 1.949556353312565 -0.15104755497565 0
7271 2.903803153808055 -1.078726169324939 0
7272 2.890519909657223 -0.6039582898518057 0
7273 2.239225193036795 0.8754493654519053 0
7274 2.359086492834556 0.8696814530374529 0
7275 -0.2229267105617244 0.8898865761725014 0
7276 -0.3427879190215219 0.8956563864091487 0
7277 2.404031666588316 0.5553887051750873 0
7278 0.7014664387247854 1.383342078647291 0
7279 1.649666436002805 -1.389934866747769 0
7280 0.1158266398967499 1.397724422819518 0
7281 0.01068476531115154 -1.403384478123969 0
7282 1.176851567726276 1.400714899559115 0
7283 0.697191722876965 0.04222783264064581 0
7284 0.9956452414211494 -0.1203451568067152 0
7285 -0.4227017354074839 -0.7650899784035287 0
7286 -0.3677926579633702 -0.8717876814562723 0
7287 -0.2479361492119476 -0.8775724886940124 0
7288 -0.407713735146263 0.7947372558119374 0
7289 0.07862635394522502 -0.005937255789559703 0
7290 0.08007886229696738 -0.00960110139690953 0
7291 0.6591294182764278 0.04628466879249749 0
7292 1.652409804177297 1.396305238103909 0
7293 2.448933704645072 0.2410737457737657 0
7294 2.384043842457497 0.1401732810804448 0
7295 0.4843372412422391 -1.413283731906464 0
7296 0.2343382321538393 -0.04443405508454337 0
7297 0.07608871231861841 -0.1889090602857311 0
7298 0.1246133614642479 0.01753902556827472 0
7299 -0.4899354735092748 0.2798570014480093 0
7300 -0.4376846718963234 0.1719199951380582 0
7301 -0.4626492147236737 0.9014243836879745 0
7302 0.5625226833618115 0.05302862836534042 0
7303 0.4726093766500523 0.05468280993894008 0
7304 0.5539139236722428 0.05246501579683624 0
7305 0.396220862710947 -0.04840283492849883 0
7306 0.4617083313050605 0.05560258624562732 0
7307 0.3019183127467001 -0.04846080851292245 0
7308 0.5172029921120775 0.05475620836306611 0
7309 0.4113818387122177 -0.04873237130657741 0
7310 -0.4676037696785407 -0.4507901965770778 0
7311 0.4167731329470193 0.05628363680365937 0
7312 0.4044731565908254 0.05500222427495535 0
7313 0.3713134895887008 0.05524239502661719 0
7314 0.8300360474910923 -0.03098048358382144 0
7315 -0.2778621203026622 0.9965751552998328 0
7316 -0.1580008221661911 0.9908072086078851 0
7317 0.4198693215263561 -0.04756647112766059 0
7318 0.6913222237972854 -0.03028534921970343 0
7319 0.3400171560285506 -0.04955129651159974 0
7320 0.3284661015736862 -0.04916300865532672 0
7321 0.354879570962623 -0.05005019794684747 0
7322 0.3632594853103243 -0.0502554165736942 0
7323 0.2035173686540599 -0.04208944264515585 0
7324 0.5249599683170103 0.05455132681498505 0
7325 2.209254240776986 0.25263178223005 0
7326 2.099383258415162 0.4660055557649411 0
7327 -0.340907949689088 -0.2506078718560339 0
7328 -0.4581420780073445 -0.24346633740217 0
7329 -0.2348560833936871 -0.2578343666445593 0
7330 0.3559735512561638 0.05458232906910222 0
7331 0.7898685939692306 -0.01357487299800614 0
7332 0.4507336645339165 -0.04585262598215428 0
7333 0.5071883875745173 -0.04160740801335301 0
7334 0.1517959857789148 -0.03541210740041201 0
7335 0.1542021358059309 -0.04104768906775703 0
7336 0.3093802555862881 -0.04992142114137529 0
7337 0.4803310970745176 -0.04531667663615433 0
7338 0.5927424742032897 -0.02801391739897693 0
7339 0.5952815192447772 -0.03166535277136379 0
7340 0.2870262457852101 -0.0470794995596775 0
7341 0.3884154995291084 -0.04938095376404221 0
7342 0.3813334460265568 -0.0494933590857015 0
7343 0.7872439896419197 0.02346898512013996 0
7344 -0.3128706341046587 -0.9784909231316361 0
7345 -0.1930240670779964 -0.9842686786860743 0
7346 -0.4327405502681263 -0.9727025617580101 0
7347 2.304151001652497 0.9763683398015681 0
7348 2.424012301438441 0.9706004273527845 0
7349 2.478947792618531 0.8639135405829472 0
7350 0.03733194122839521 -0.07444541200138233 0
7351 1.02561549730639 -0.6267994643847403 0
7352 0.8857742246317377 -1.036243945475114 0
7353 0.2167793584499911 -0.04256511657038631 0
7354 2.503860808327661 0.1343825400910763 0
7355 2.438976737507187 0.03348505750360727 0
7356 0.008259458260250983 -0.09550100749462904 0
7357 0.5442963596513997 -0.03637446011732643 0
7358 0.9676938438116007 -0.1012723225507587 0
7359 0.9629827504441897 -0.1028340667997582 0
7360 0.1646244578328606 -0.03775587153547159 0
7361 0.1041792737684715 -0.001005743243632895 0
7362 0.9249779423146856 -0.07391385055425362 0
7363 0.9258863369454531 -0.07817401243419686 0
7364 0.1767095912024461 -0.03925919759478242 0
7365 0.173954310928596 -0.04274881641037668 0
7366 0.8185735829228996 -0.02560241456472885 0
7367 0.8185522964012778 -0.03012990575068374 0
7368 2.31912377970998 0.03925726543564478 0
7369 2.374058842843012 -0.06742984174606319 0
7370 2.493920071285927 -0.07319779093554293 0
7371 2.428995569781489 -0.1741160921967134 0
7372 0.04253488828850337 -0.08521075984122059 0
7373 0.6431755755086227 0.04726086947538797 0
7374 0.641901190633451 0.052411264325873 0
7375 0.6584245978988447 0.02257252201229025 0
7376 0.6598245428286588 0.01848835153301952 0
7377 2.513098769327791 0.3424738144543515 0
7378 0.5779210330310862 -0.03133416811151923 0
7379 0.575645049461158 -0.03570278618589066 0
7380 -0.7143862698872046 1.40747331277256 0
7381 0.6497732280527744 0.005181948985685244 0
7382 0.6533691494689609 0.002610980775499609 0
7383 0.1912756000250042 -0.04047655266972068 0
7384 0.1932909724125868 -0.04505028762633916 0
7385 -0.8960769515454827 -1.199999999998889 0
7386 0.7455850766144627 0.02221365811030915 0
7387 0.7424603650152559 0.01907739450469073 0
7388 0.02988712830568832 -0.1738226702853316 0
7389 0.004358089157550152 -0.0934970695218813 0
7390 0.03570938454631309 -0.2207167525739727 0
7391 0.4063283202683941 -1.013171572878279 0
7392 0.2864816416174215 -1.007398585218916 0
7393 0.6950399465762934 0.02260230012630748 0
7394 0.6963344978107747 0.01723268896683668 0
7395 1.584983201226067 1.010975809523645 0
7396 1.465121902176193 1.01674372411109 0
7397 -0.5445061502004471 0.3868219577022054 0
7398 2.548857075525313 -0.1798838985976834 0
7399 2.483931519097649 -0.2808027430626863 0
7400 2.364070261343044 -0.2750348089664588 0
7401 2.419005835883787 -0.3817216528127704 0
7402 2.299144556998146 -0.3759537295973914 0
7403 2.354080065554483 -0.4826406074205668 0
7404 2.234218772149599 -0.4768726916814717 0
7405 2.289154267288664 -0.5835595764135066 0
7406 2.169292969227696 -0.5777916630719345 0
7407 2.224228461354532 -0.6844785493550335 0
7408 2.104367162015516 -0.6787106366715597 0
7409 2.159302653427303 -0.7853975233228512 0
7410 2.27916395325001 -0.7911654357572609 0
7411 2.039441353756103 -0.7796296108104258 0
7412 2.094376844993351 -0.8863164975515911 0
7413 1.974515545237697 -0.8805485850826529 0
7414 2.409015567732582 -0.5893274885280423 0
7415 2.02945103643178 -0.9872354718460454 0
7416 1.909589736654856 -0.981467559388075 0
7417 2.149312336218205 -0.9930033842991381 0
7418 1.919580054062656 -0.7738616983094571 0
7419 2.049431670909906 -0.5720237498626055 0
7420 2.53886714956132 -0.3874895581130125 0
7421 0.9356602616558846 -0.07970146400707373 0
7422 0.9362441100603531 -0.08333352541981816 0
7423 0.8578327057662815 -0.04059071250252345 0
7424 0.8573151538835432 -0.04581762263238626 0
7425 1.739799077944186 0.4833084763345175 0
7426 1.704844502257551 1.005207900693784 0
7427 0.1368327948614259 -0.208123853158031 0
7428 0.2024482625311287 -0.2001310857415566 0
7429 0.6042736317535381 -0.0256673802708445 0
7430 0.6074234906832723 -0.03084490238248655 0
7431 -0.5275750226476259 0.8005054235089524 0
7432 0.6460716440055452 -1.024709728272282 0
7433 -0.5661531277665364 0.1749194581766811 0
7434 0.8957253631523352 -0.05779363360399929 0
7435 0.8955212627733796 -0.06359719497128091 0
7436 0.9122243052020598 -0.06696283675211204 0
7437 0.9084096094255028 -0.06908314939865723 0
7438 -0.07672752599953073 0.1486530940304247 0
7439 -0.1499295335130207 0.06610213562261981 0
7440 -0.001149065069071959 -0.07666904058988794 0
7441 0.6796042233294469 0.02339177796328594 0
7442 0.6781788231571482 0.01806045197751914 0
7443 0.003843593478704125 -0.06276061985145781 0
7444 -0.0008716025146004355 -0.06514477368672088 0
7445 -0.000689684192760358 -0.05783575288174598 0
7446 -0.008235046469823919 -0.06169016711843407 0
7447 -0.00668695859567192 -0.05083376317779581 0
7448 -0.01851834977214798 -0.055811727657467 0
7449 -0.002138954371962289 -0.08244144482923181 0
7450 0.0001334927838048322 -0.07325796684774276 0
7451 0.01085436809564951 -0.05399403454734814 0
7452 -0.01570374854495635 -0.04077371929845012 0
7453 -0.03305684299196519 -0.04856009451969578 0
7454 -0.0009342847611426401 -0.0875747002851214 0
7455 -0.03133219169171912 -0.06637693547294034 0
7456 -0.01047000470562631 -0.1898535821522368 0
7457 -0.04866418868156855 -0.06079779223944162 0
7458 -0.05112408904499364 -0.08162913304701999 0
7459 -0.07407659144334472 -0.06652083044825888 0
7460 -0.07682435459262252 -0.09804314710399184 0
7461 -0.1128914387539412 -0.08150066488025348 0
7462 -0.04617872848742358 -0.1109893625971888 0
7463 0.00107963230875307 -0.09150662908697725 0
7464 -0.07723517413855444 -0.136850062603503 0
7465 0.08254104482026113 -0.001808454229750768 0
7466 0.08463319504327529 -0.003283055040522347 0
7467 0.8067393704065746 -0.02049372993957345 0
7468 0.8025191881128918 -0.02282165133134362 0
7469 -0.03156975189303377 -0.02881153557181088 0
7470 -0.01149378756020368 -0.02188900035995122 0
7471 0.05285347995772528 -0.01586992536975405 0
7472 0.04549282146491784 -0.02296242286811819 0
7473 0.05794403144416606 -0.01063685084071554 0
7474 0.0411990652408752 -0.02598630018661667 0
7475 0.04093454508321667 -0.01973998883352902 0
7476 2.543873601222787 0.9648325148993556 0
7477 0.6488336653119775 -0.00391812824035989 0
7478 0.9928192542114215 -0.117925275277706 0
7479 -0.3778101407661599 -1.079403609990256 0
7480 -0.4976808938910925 -1.073614290686798 0
7481 -0.5526044903427254 -0.9669193830528173 0
7482 0.9450454805629669 -0.08495935674649427 0
7483 2.369076810258606 1.077287314123361 0
7484 2.249215510474557 1.083055226577651 0
7485 0.04975370364282107 -0.01989191347995175 0
7486 0.1145296701575362 0.009864281512607242 0
7487 0.1146915446709663 0.01628291795286523 0
7488 0.1086325476296826 0.01386545131897019 0
7489 0.1095479489856371 0.02190390431459041 0
7490 2.084386527621453 -1.093922358611709 0
7491 2.204247827407142 -1.09969027106518 0
7492 0.008776592942313031 -0.09830712270360029 0
7493 -0.5825105108973634 0.9071923711679061 0
7494 -0.5175847026876793 1.008111337284634 0
7495 1.125496133210015 -1.047779063669952 0
7496 1.245357433636819 -1.053546976906805 0
7497 -0.01467178110788276 -0.256291826145579 0
7498 0.6241139403191902 -0.02209993490288347 0
7499 0.6224142918019564 -0.02626874387357328 0
7500 0.8295392482903891 0.01644927266006466 0
7501 0.838940943407088 0.01278400136055061 0
7502 0.8271939484785008 0.02107817843538294 0
7503 0.8335290297111083 0.02071988734965105 0
7504 0.8272047340667971 0.02861249205146116 0
7505 0.8388143211165746 0.02792791749815299 0
7506 0.8308456789300391 0.03956529719714 0
7507 0.8464450990103149 0.04061001079993232 0
7508 0.8640107990813939 0.001194554563633738 0
7509 0.8362160206081878 0.05492897466359214 0
7510 0.8553929535180819 0.05684323197085251 0
7511 0.8417036197818764 0.07917547775719544 0
7512 0.7776267775971294 0.02971183706631198 0
7513 0.7710086254202844 0.03158695750895039 0
7514 0.8768395277657395 0.07774719806579232 0
7515 0.782997942527804 0.02901332069287138 0
7516 0.8526370235662331 0.1123629921322045 0
7517 0.8965457195086481 0.1191697971926669 0
7518 0.8113930456669826 0.1018389025548853 0
7519 0.9232350985530846 0.08174745098122445 0
7520 0.9546556683751756 0.1329997404792267 0
7521 0.9771491825723779 0.0820936396407473 0
7522 0.9991880014457575 -0.112041687773961 0
7523 0.9934925862475291 -0.1060800038733522 0
7524 0.9896319900534806 -0.1024180977042417 0
7525 0.9967384948424706 -0.109214660164422 0
7526 0.9876742973478214 -0.1003070678625553 0
7527 0.9912549225598287 -0.09811546025287751 0
7528 0.9763697674510949 -0.0883326248804128 0
7529 0.9720468874981348 -0.08369344219065253 0
7530 0.9796754586161602 -0.09179059419368721 0
7531 0.8254969249595803 0.1494975226974661 0
7532 0.7803236899824071 0.1420378536138088 0
7533 1.016200613737839 0.1274426108880635 0
7534 1.041834691671522 0.06605470195332397 0
7535 0.8698199041399102 -0.001710135507132546 0
7536 0.858488238540447 0.003917367022601559 0
7537 0.863012701586432 0.005958070231987653 0
7538 0.8181570093958627 0.05044539641716715 0
7539 0.9148068150723324 0.1802521213621565 0
7540 0.7665309209915843 0.03297415696494517 0
7541 0.7660710107044451 0.03821249448648197 0
7542 0.7604114092146298 0.03975120838513402 0
7543 0.7658551584103566 0.04548116363514991 0
7544 0.7576101781778566 0.0473343403321629 0
7545 0.8434605340987696 0.01093244060048709 0
7546 1.095795719345593 0.1359390824422333 0
7547 1.132732566907345 0.05450628722410563 0
7548 0.9948146950056398 -0.1077801772028909 0
7549 0.9980794220128064 -0.1061292041850257 0
7550 0.8472658608185824 0.01325187319582613 0
7551 0.7642938158199024 0.05550118099576709 0
7552 0.7506885808450253 0.05799744008789588 0
7553 0.7750579104451092 0.05095836350015905 0
7554 0.7932057192572322 0.1948853895752184 0
7555 0.7296347444041015 0.1775663178606207 0
7556 0.7574311330347157 0.02344389199842964 0
7557 0.7591708779639463 0.01834459372634834 0
7558 0.9235722405030063 -0.04187848147782258 0
7559 0.9245534529333386 -0.03609889041049552 0
7560 0.9118308948292789 -0.03129936530849273 0
7561 0.9146829221182415 -0.03396737421207226 0
7562 0.9163644465120842 -0.02964066793921325 0
7563 0.1049624371427331 -0.0203509038803626 0
7564 0.1040152851331086 -0.02473347132251619 0
7565 0.08776142708744471 -0.07223225205158278 0
7566 0.106071736280668 -0.07726607267799139 0
7567 0.7232598780530777 -0.7133273105551221 0
7568 0.9697001712427924 -0.08163221005847633 0
7569 0.9737441159537575 -0.07946157337660155 0
7570 0.9551528529209774 -0.06626069487151891 0
7571 0.9486373389901928 -0.0588103379256885 0
7572 0.9599290620714718 -0.07091700829970655 0
7573 -0.02499724736970356 -0.005370017008836579 0
7574 0.0008850084461410695 -0.001037102414877683 0
7575 0.03218972622843178 -0.09566663515218435 0
7576 0.7509291741061884 0.0351327180176936 0
7577 0.4612711153128109 -0.2008113213603858 0
7578 2.59880909240261 0.8581456281287434 0
7579 0.05277636330644118 -0.03714432495688194 0
7580 0.05468087768566061 -0.04264941754346818 0
7581 -0.0527982812816253 -0.01169746235365187 0
7582 0.1009359761394421 -0.01928236622984849 0
7583 0.09625371316552281 -0.02588052311221892 0
7584 0.1020593855023626 -0.03174251615621526 0
7585 0.09338077653861616 -0.03331697312062708 0
7586 0.8204512280969702 0.01961665512551082 0
7587 -0.2129363000474188 1.097494371731804 0
7588 -0.09307499832155133 1.091726499630071 0
7589 0.2315486051806692 -0.9007108199898124 0
7590 0.1666110025488142 -1.001633885969999 0
7591 2.244209069301436 -0.2692668410331198 0
7592 2.014483053075605 -0.05012915398255419 0
7593 1.400196093694286 0.915824750150173 0
7594 1.345260603382473 1.022511639442793 0
7595 -0.4726395313544681 0.6938185390944278 0
7596 -0.5925008290724966 0.6995864944819041 0
7597 -0.3981932011330154 -0.145124398816938 0
7598 -0.5137219231339656 -0.1406776949246312 0
7599 -0.5777621083518165 -0.238152914287616 0
7600 0.04823357487524611 -0.01474979796090236 0
7601 0.7969006693379428 0.02328237105791644 0
7602 0.6347510833082031 0.05302801086572617 0
7603 0.638756275695064 0.05858244972936824 0
7604 0.6302502495835203 0.06152395996592269 0
7605 0.6124615496832799 0.04981131103929094 0
7606 0.6406177860369132 0.06818452933072493 0
7607 0.6243982483745874 0.07279749003568721 0
7608 0.6371340398128024 0.0858349084206084 0
7609 0.6123866237930254 0.08800712603254142 0
7610 0.5849700619882163 0.05187408980942639 0
7611 0.6536078300795702 0.07772004398880089 0
7612 0.5772130257884509 0.05257872705581387 0
7613 0.6331453153682496 0.1084113362815796 0
7614 0.60317090249947 0.111934008448375 0
7615 0.6310795194375733 0.1397566278412573 0
7616 0.5807817503220412 0.1426474051312575 0
7617 0.6231397679510944 0.1873928064987462 0
7618 0.5549211481769211 0.2015794415310594 0
7619 0.5325239753279153 0.154291723344507 0
7620 0.497690183879108 0.1789562111441519 0
7621 0.465950787122103 0.1543079021980237 0
7622 0.4409681576299946 0.1937544714235097 0
7623 0.4006195731249778 0.1618899443385714 0
7624 0.3705558199917482 0.212247128547486 0
7625 0.3226715702538503 0.1797539745892917 0
7626 0.3048721337508404 0.2214504901047446 0
7627 0.2679155192727726 0.1774400541412612 0
7628 0.5300451716232936 0.2789966133154882 0
7629 0.2313621148262678 0.2404431064729802 0
7630 0.1873554656662967 0.173764249981751 0
7631 -0.02790182703341274 0.2537272886464678 0
7632 -0.004049777603964437 -0.07377939287858652 0
7633 -0.001540824951052731 -0.07944137524472089 0
7634 -0.0007132008215594551 -0.07018712742637517 0
7635 1.530047711318313 1.11766269999026 0
7636 0.04193528285461828 -0.09546702979901903 0
7637 0.07438879311605512 -0.01050681121757209 0
7638 0.09027398441495338 0.00258019947590622 0
7639 0.3414049358733398 -1.114089695725125 0
7640 -0.6175442408664626 -1.0678298966101 0
7641 0.04454624276082678 -0.05076330375353587 0
7642 0.04960446473522141 -0.05166940366834381 0
7643 0.1457566749572035 -0.08953039255574341 0
7644 0.1002289309621257 0.01772922766481448 0
7645 0.100813742048046 0.02833110707335623 0
7646 0.1142296896152847 0.03265142361498229 0
7647 0.1024787281207751 0.04364179524038937 0
7648 0.08781495811748821 0.03678036970781254 0
7649 0.07691853343515448 0.0001315394035510108 0
7650 0.08104557937905452 0.00302806191502657 0
7651 0.07230412272680799 -0.002691210711122199 0
7652 0.1187322320194998 0.04833649671083791 0
7653 0.103726272097337 0.06296344997728871 0
7654 0.1238474347411388 0.06776470932491482 0
7655 0.1616621390656122 0.03461420017735714 0
7656 0.1100741910720354 0.07894718836575709 0
7657 0.1676458894373302 0.03665388674868784 0
7658 0.1632437472017233 0.03855307882947196 0
7659 0.06919791413849545 -0.004377530398928946 0
7660 0.06530465013557575 -0.002021488737080353 0
7661 0.08508833431209196 0.08003957723918172 0
7662 -0.005158627426774374 -0.07996796258066807 0
7663 -0.001554698857948603 -0.08548323123595929 0
7664 -0.004368031776844669 -0.08820235196476477 0
7665 -0.009244080442490459 -0.08436609075438042 0
7666 -0.01109878167621872 -0.09179826311140372 0
7667 1.096440753527945 -0.02015296842222646 0
7668 1.175199900577538 -0.02610455197904202 0
7669 1.130294197931473 -0.09194776470389043 0
7670 1.002622738848591 -0.117813727281681 0
7671 0.7862295193142531 -0.002212499556429558 0
7672 0.9977361182502682 -0.1108358529822634 0
7673 2.613782918456208 -0.07896490660568509 0
7674 -0.63282042449002 -0.1351955514962025 0
7675 0.6481947669234471 0.02361898609222307 0
7676 0.8639045597806495 0.03624133112089605 0
7677 0.0365890380895089 -0.29150218183894 0
7678 0.03865334949153196 -0.06485047367664287 0
7679 0.04236022624911366 -0.06646799380266931 0
7680 2.6687188050642 -0.1856515897615114 0
7681 0.7636353509620368 0.07127585422758223 0
7682 0.7458142554668404 0.07682613846858996 0
7683 0.03271515662950149 -0.1000348955673425 0
7684 0.02883806744194921 -0.1061775967301561 0
7685 0.03791794825630006 -0.1071860413983515 0
7686 0.03071008124767115 -0.1136497225050948 0
7687 0.05817920904763643 -0.1036307682032627 0
7688 0.1573593747063745 0.0374076946687722 0
7689 0.1610561616170364 0.04572241527804467 0
7690 0.110452957132327 0.005108902119693632 0
7691 1.015555197308576 0.01432349920168892 0
7692 1.18017840751591 -1.159727887370386 0
7693 0.08760214282255648 0.1198453471797254 0
7694 0.9820557974026489 -0.1118126030316471 0
7695 0.9777595617930093 -0.116111989154634 0
7696 0.981724277699812 -0.1228139387832067 0
7697 1.300250718897584 -1.161110849383707 0
7698 1.365211696101469 -1.059461049993773 0
7699 1.420146014394663 -1.16617229686998 0
7700 1.485079367586642 -1.065096535939703 0
7701 0.5884285960591017 0.08927238372795121 0
7702 -0.2616232354249963 0.06863938178373974 0
7703 -0.4427592752905621 -1.180308346887195 0
7704 0.2124286174815694 -0.1364631900225181 0
7705 0.2587136567154021 -0.168796666281972 0
7706 0.2572981735144367 -0.2670867117582257 0
7707 0.2724624645193288 -0.122478893056765 0
7708 0.3086159280246116 -0.1474802185840468 0
7709 0.3214187134068771 -0.106632002943861 0
7710 0.8173663833557359 0.02303930917795466 0
7711 1.206008677429875 -0.1090238724292368 0
7712 1.163821437293025 -0.1753915443923357 0
7713 1.277689747108786 -0.02996307368891274 0
7714 1.101740824912799 -0.1662236774154916 0
7715 1.10879160260568 -0.2101705020883473 0
7716 1.050412205352667 -0.2222911786520247 0
7717 1.07883753287456 -0.2768149033417832 0
7718 1.000726867172245 -0.2665678816719704 0
7719 1.035302024688319 -0.3458975785825505 0
7720 0.9486218702214919 -0.3348184528655201 0
7721 0.9265568322129372 -0.2499598263324834 0
7722 1.066507037838811 -0.1015809727644943 0
7723 0.1489644039143998 0.04163302696054599 0
7724 -0.6374460019357577 1.013879260876605 0
7725 -0.5725201933079276 1.114798235682701 0
7726 -0.702371810450698 0.9129602884164406 0
7727 -0.0119626515495151 -0.0779627111250415 0
7728 -0.01762059901768873 -0.08470057246130447 0
7729 0.9915637906205399 -0.1044076186098227 0
7730 1.540014042081064 -1.171800394078239 0
7731 1.604940972002405 -1.070858117220795 0
7732 1.550005667708823 -0.9641673466931918 0
7733 1.659876513954117 -1.177543948796023 0
7734 0.08650970825774076 0.009440881421135847 0
7735 0.08213764497947086 0.0084305838896141 0
7736 2.911648565935802 1.3193098179386 0
7737 2.891744894259694 -1.319194661543748 0
7738 0.9941182712757963 -0.1224910117193246 0
7739 0.09241292870144405 -0.01859720135916016 0
7740 0.9824981654340988 -0.09152879692532895 0
7741 0.5909750880469899 -0.1033424249446332 0
7742 2.663734901006884 0.959064602445203 0
7743 2.608799409827112 1.065751489215966 0
7744 1.036986765348481 -0.1600642221476668 0
7745 0.08494440493403133 0.001444410295595937 0
7746 0.1131066474666005 -0.02646164577079031 0
7747 0.3512916738258169 -0.1301993684698449 0
7748 0.3526390006169264 -0.1858900066892792 0
7749 0.3609736481164202 -0.09595400150222158 0
7750 0.3864133789282368 -0.1153652425407274 0
7751 0.2154155616250199 0.1175445501799701 0
7752 0.1372518732166225 0.09387547863666587 0
7753 0.8024653627007376 0.02039520765331362 0
7754 0.6721708005464981 0.01714316496002923 0
7755 0.6769737707022007 0.01105663042135616 0
7756 1.006569451497338 0.21873422013514 0
7757 0.2937417313137866 0.1164011762060875 0
7758 -0.01880204442742951 0.02626354213851892 0
7759 0.04755816152872754 0.09506256958834718 0
7760 0.9492147765395071 0.02095783668289153 0
7761 0.1083992453536487 -0.02527986496319056 0
7762 0.79310750468997 0.01974825653023929 0
7763 0.1116738282049315 -0.8949474242672797 0
7764 0.04673942286033793 -0.9958585855501473 0
7765 0.1016799475756109 -1.102552844654868 0
7766 -0.01818999496492841 -1.096776915723668 0
7767 0.4612642058273076 -1.119858324968419 0
7768 -0.1280751300655588 -0.8833668725671072 0
7769 -0.4776286076046262 -0.6583974399804985 0
7770 1.060274893787767 -1.154836983701052 0
7771 -0.5425809230995225 -0.7593121840847201 0
7772 -0.5975083568693789 -0.6526199122431309 0
7773 -0.6591445825783356 -0.7518304784125016 0
7774 1.669867049412511 -0.9699335566591826 0
7775 1.614931603033724 -0.8632457388475508 0
7776 2.254199213189992 -0.06166106930350126 0
7777 2.199263649224384 0.04502577998818866 0
7778 1.924586467232683 0.5784603543546809 0
7779 1.280334794633544 0.9215926647060448 0
7780 1.225399303574324 1.028279551827065 0
7781 1.290325112198684 1.129198526201878 0
7782 1.170463812413976 1.134966438654257 0
7783 1.105538003809595 1.034047464337494 0
7784 1.050602512634212 1.140734351121006 0
7785 0.985676704029487 1.039815376803239 0
7786 0.9310357813770598 1.15262360587503 0
7787 0.8658644990005846 1.046603512976083 0
7788 0.8112317588066911 1.15958177933239 0
7789 0.7460209278780137 1.052739839550666 0
7790 0.6910883914751538 1.159488128674804 0
7791 0.6260928046782392 1.057119114168733 0
7792 0.5711689431972427 1.164047674304433 0
7793 0.5062334431773292 1.062927305517212 0
7794 0.4512982750447463 1.169620905437 0
7795 0.3863703873091341 1.068658725300886 0
7796 0.3314351211852718 1.175350288892589 0
7797 0.2665090035684315 1.074424893076361 0
7798 0.321444443246107 0.9677369360556349 0
7799 0.2015831208856083 0.9735043793551559 0
7800 0.1466476259430924 1.080191187933448 0
7801 0.561167319121159 0.9562068530013189 0
7802 0.8009089153370486 0.9450657918690206 0
7803 1.040612195209181 0.9331284900322552 0
7804 -0.4526588935199612 1.109030323309989 0
7805 -0.03813950681813997 0.9850396195847441 0
7806 1.884626088914456 -0.2519636626753664 0
7807 2.004487537224958 -0.2577316706835794 0
7808 1.939561010742793 -0.3586501831562133 0
7809 2.533883283798366 0.7572266538123712 0
7810 2.653744583582401 0.7514587413580367 0
7811 1.959547710422292 0.05655763723431585 0
7812 1.335270285789206 0.8149057778652314 0
7813 2.269173636011682 -0.9987712967485992 0
7814 2.324109127193661 -1.105458183518224 0
7815 2.389034935797707 -1.004539209201898 0
7816 2.443970426977812 -1.111226095972486 0
7817 2.508896235582095 -1.010307121656037 0
7818 2.563831726761949 -1.116994008426755 0
7819 2.628757535366208 -1.016075034110316 0
7820 2.573822044186432 -0.9093881473395588 0
7821 2.588818774978136 0.6505397670416078 0
7822 0.8526124774564116 0.01112380260263272 0
7823 2.379376218733067 -1.211974321763245 0
7824 0.3674642314891243 0.1109299371304772 0
7825 0.2374986357404155 -0.09295265447772985 0
7826 0.498063020831751 0.1058254228207692 0
7827 0.4959246509430774 0.05498506697060816 0
7828 0.5027979795107527 0.05477610526413039 0
7829 0.4877816025605128 0.05423680383263865 0
7830 0.429646543861042 0.1113411070760136 0
7831 0.4385075871064675 0.05547658165368553 0
7832 0.4459006262413348 0.05559247057328742 0
7833 0.4314170156656899 0.05540787828453371 0
7834 0.3945010131092209 -0.09052886889380246 0
7835 0.4159540441701933 -0.1034197280323354 0
7836 0.04613571125939006 -0.09669409455320044 0
7837 0.04240216896403393 -0.1176437787139734 0
7838 1.18371314720308 -0.2505997868964036 0
7839 0.1120434575061299 -0.02915421285317663 0
7840 0.1512834539646951 0.05387709760892662 0
7841 0.1881367063193666 0.04160895280399857 0
7842 0.1645476256749752 0.05702667818917492 0
7843 0.1822354789193462 0.04045995374482873 0
7844 1.238359586862766 0.2801967495807112 0
7845 -0.3228354717457453 -1.185212497714611 0
7846 0.1039455292899286 -0.01186546120332347 0
7847 0.7349138402388807 0.06105856247763425 0
7848 0.7262155433722334 0.07994278619654439 0
7849 0.7172563094404062 0.0399889649898982 0
7850 0.7115832378612793 0.06735687613598221 0
7851 0.7058854340625611 0.08579321950140466 0
7852 0.6934249560300404 0.06854534648216548 0
7853 0.6614183517953759 0.1275044019705057 0
7854 0.6542353621154441 0.02334757503870148 0
7855 1.242024898811563 -1.269373619661152 0
7856 2.682454269995374 -1.123399784648779 0
7857 0.006206865321686577 -0.09478563654429235 0
7858 -0.6887600189545665 -0.9566264856986073 0
7859 0.2907611371267905 -0.08508785863308686 0
7860 0.9998991387448412 -0.1131774731503745 0
7861 1.001337109476092 -0.1131261143989967 0
7862 2.314097814815598 1.183070151533198 0
7863 2.194229264321018 1.188687389094032 0
7864 2.129345751528528 1.088647351657124 0
7865 2.074408850488422 1.195304940532077 0
7866 2.009489856209397 1.094527572712924 0
7867 2.433995368152632 1.178055613547172 0
7868 0.8698079013984376 -0.313792160783235 0
7869 0.898747960728552 -0.4143023418563135 0
7870 2.705474087745607 0.6468344131976468 0
7871 2.64321993498848 0.5441966400392411 0
7872 0.5174299916085495 1.275401364844509 0
7873 0.4219415245725376 -0.07804972386217396 0
7874 0.4405290766756081 -0.0918394207718342 0
7875 0.6088381138432549 0.07097917964633359 0
7876 0.1010404967306547 -0.04208453514049795 0
7877 0.6422142409779205 -0.01850801685970069 0
7878 0.03703002179655125 0.05300980101408687 0
7879 0.02083233617244949 -0.1127030212358816 0
7880 0.02679648306152735 -0.1249802210769332 0
7881 0.009255438812438115 -0.1222936139088279 0
7882 2.139414908529532 -1.198678931202402 0
7883 2.019476200641473 -1.194519613896643 0
7884 -0.6904427265892871 1.121564464752637 0
7885 0.7653961511398166 0.01808377869395351 0
7886 0.760459428440774 0.0115147558551789 0
7887 0.7678989993150409 0.01026378134021748 0
7888 0.7631153236206745 0.002654004899603029 0
7889 0.7517140102382132 0.006500757441100975 0
7890 0.7580402458641068 -0.009248987633268344 0
7891 0.7393621776880657 -0.002872842118576346 0
7892 0.7442910233183802 -0.02313312089145532 0
7893 0.7656714060845956 -0.02784904709580025 0
7894 0.750528970256315 -0.04395099190154889 0
7895 0.7714531872678871 -0.05024364492678191 0
7896 0.7564209206718735 -0.07242604990886625 0
7897 0.7841435528330392 -0.07213279809990229 0
7898 0.8025738468639952 0.02409733380505509 0
7899 0.7985414094862859 0.02959012217184903 0
7900 0.8071422559713619 0.03000049449708353 0
7901 0.8016745370411318 0.03732567303930585 0
7902 0.6831683550406329 0.08865412195431287 0
7903 -0.06387674827379429 -0.2109676269030147 0
7904 -0.07312364762529174 -0.2800898930351581 0
7905 0.08542652496277879 0.01288363656301383 0
7906 0.07958736913047382 0.0163143706736342 0
7907 1.954431354839421 1.198658220740076 0
7908 0.6406755111298087 -0.02871960679427182 0
7909 -0.000396388941365716 -0.08964439381522148 0
7910 0.3352385870505211 -0.07922405687239722 0
7911 0.7228046292385678 0.1009889675273948 0
7912 0.08639970982430545 -0.02600431940046011 0
7913 0.08399127379166323 -0.04044294463805709 0
7914 0.007748142168060396 -0.05823608399481828 0
7915 0.7500616418119546 0.2536883660357127 0
7916 0.7838174678932235 0.006156850476182148 0
7917 0.6166731090116863 -0.02794289095849744 0
7918 0.62181394338883 -0.03323623850711051 0
7919 0.7837267516028769 0.001948281751987208 0
7920 0.1451734077727149 0.2495611929519698 0
7921 0.07773764458097418 0.0026188922687727 0
7922 -0.8198181538058669 -1.398878908316368 0
7923 0.7851599625027016 0.02842958481077661 0
7924 0.785130858173573 0.03209491450454862 0
7925 -0.3897182608887227 -1.287445499355176 0
7926 2.691498967229125 -0.9137507499679424 0
7927 2.638383790000483 -0.8082349547187869 0
7928 2.518825875874967 -0.8026622241847401 0
7929 2.583741571623947 -0.7017367438042889 0
7930 2.703601185932105 -0.707503571914598 0
7931 2.648714292640222 -0.6008479503958836 0
7932 0.5695055581175367 -0.03671338564185933 0
7933 0.5754868845272493 -0.0426077584922744 0
7934 0.5660637607983249 -0.04521389370648442 0
7935 0.5734097738075807 -0.05345954987260451 0
7936 0.5611540310493581 -0.05682805028718329 0
7937 0.5836512752345515 -0.04782117490630224 0
7938 0.6471903545185624 0.05733270522559238 0
7939 0.9862663582155724 -0.09834619469685625 0
7940 0.446371255452803 -0.07155966560798283 0
7941 0.4633745329026793 -0.08477583288772865 0
7942 0.4635553334554393 -0.1128284133857438 0
7943 0.485537364493613 -0.09402230280543913 0
7944 0.01741541892322649 -0.01273162233853163 0
7945 0.02310937583496911 0.005464336374115875 0
7946 0.7809084020014159 0.009833574323685113 0
7947 -0.7474149386973657 -1.071087534172626 0
7948 -0.6840657354054281 -1.17023882531301 0
7949 0.4904833550830637 -0.07078030663795014 0
7950 0.5056885402543295 -0.07934975490150994 0
7951 0.5136342160735252 -0.1057457924399103 0
7952 0.5400756629881429 -0.09096482856610906 0
7953 0.542883468437771 -0.1222360261017504 0
7954 0.108119904007109 0.001527860119634837 0
7955 0.1038281208409328 0.004908275432630543 0
7956 -0.9022652710651822 1.329663154155335 0
7957 0.09114274466928431 0.01238005137592809 0
7958 0.440401899271692 0.2775362031263133 0
7959 0.01160758480223038 -0.09621942237309881 0
7960 0.9116528297005141 -0.02632680532842689 0
7961 0.9188899577297406 -0.02320442720312016 0
7962 0.9117918164430447 -0.01792029167033294 0
7963 0.9210502180964 -0.01579619476489103 0
7964 0.912975311002804 -0.006839950746324825 0
7965 0.9301634964579546 -0.02343307744294014 0
7966 0.834993697312582 0.2630631301080619 0
7967 0.1765996164750317 -0.7940281144076803 0
7968 1.734792923937873 -0.8690132123803276 0
7969 1.67985744374495 -0.7623260972824819 0
7970 1.495070310716512 -0.8574776712197263 0
7971 0.2565185997189535 0.8668172360169333 0
7972 2.059422215634926 -0.3644180345622166 0
7973 -0.4821077874986498 0.4864545293296691 0
7974 -0.6018958850675777 0.4922756513430536 0
7975 -0.6761101753309262 0.3740684075193578 0
7976 -0.7223524452196789 0.4977485679046633 0
7977 1.889610091192015 1.099911764559771 0
7978 1.834547611538999 1.203959741052098 0
7979 0.7368654267416123 0.0178675665933242 0
7980 -0.4445810479627431 -0.04235342212262212 0
7981 0.6673312923927985 0.009625935867028777 0
7982 0.6741579739435446 0.002001215851692901 0
7983 0.6856676989487945 0.004920271443825631 0
7984 2.381734458399392 1.285977184833135 0
7985 0.3710209613016579 -0.07440741303379811 0
7986 1.096238536749272 -0.5304492855844786 0
7987 0.851982990795187 0.01825819457592072 0
7988 0.8018493742957542 -0.05441590209029014 0
7989 0.8115366026761005 -0.07581620624929557 0
7990 0.8270612304746371 -0.0584029509745459 0
7991 0.8340852879645668 -0.08174811329375731 0
7992 0.8199891051171379 -0.1063419624085653 0
7993 0.851846642554719 -0.1045043457295148 0
7994 0.8290006079444714 -0.1451299025540967 0
7995 0.8750851849949235 -0.142997200070958 0
7996 0.8525291491791575 -0.1821640941114983 0
7997 0.8688462847055645 -0.08241938374784674 0
7998 -0.1052156160649029 -0.04048668960202375 0
7999 -0.1562799465442717 -0.05318581503471523 0
8000 -0.6941813847556437 -0.2308127717704981 0
8001 -0.6419373904512251 -0.3383098357024741 0
8002 0.7790692954989871 0.004519844748430126 0
8003 0.8336629027535357 0.01486757646895626 0
8004 -0.1480792125107515 1.196985273665001 0
8005 -0.2678832405802042 1.203943332850139 0
8006 -0.02822936623798029 1.19097934914681 0
8007 0.5293933769510529 -0.06440378732776228 0
8008 2.070981321123785 -1.298455404358941 0
8009 0.8629381019349665 -0.04878386332754647 0
8010 0.856701452064825 -0.05283750672991958 0
8011 0.8495128697378007 -0.04739148048305714 0
8012 -0.6273450076497387 1.217236628352453 0
8013 0.03685111727745878 -1.201425584145265 0
8014 -0.08299401661108341 -1.195316618821806 0
8015 0.1567849931149547 -1.20571147540795 0
8016 0.9818391848493595 -0.08783781464408444 0
8017 0.9873809757802769 -0.08955240243598284 0
8018 0.9862652243875294 -0.08211468043966634 0
8019 0.9954513735683826 -0.08472459876876942 0
8020 0.9929628612371759 -0.07322796879989868 0
8021 1.006907928798462 -0.07848570539988763 0
8022 1.002682209161757 -0.06134661397954509 0
8023 0.9863419842660432 -0.06026698674680532 0
8024 1.022572637441984 -0.06878178742370597 0
8025 1.021401784850363 -0.08834462448414072 0
8026 1.006215862077185 -0.09225961745060962 0
8027 1.015658559613914 -0.1031513260641646 0
8028 0.3965469722807456 -1.216444063488333 0
8029 0.5164445594916721 -1.2214512151503 0
8030 0.7906243299090618 -0.008510233953883409 0
8031 0.7214268060565638 -0.2488796912546983 0
8032 0.8353091428602505 -0.03211545930510987 0
8033 0.8377793309959407 -0.03731430347013181 0
8034 0.8313748643359654 -0.03673598055195162 0
8035 0.8648166292786752 -0.05632955586367951 0
8036 0.7431158470440715 0.04933599724202176 0
8037 0.1474941597062092 -0.03992808696453706 0
8038 0.1498180270932161 -0.0470194007739773 0
8039 0.1411384256632827 -0.04475014262301806 0
8040 0.1580853683118482 -0.04822262263183003 0
8041 0.01259576322939313 -0.1351873713849124 0
8042 -0.004728144494466381 -0.1330546388593004 0
8043 -0.006389194820280054 -0.1134321256541115 0
8044 0.7025344681522611 0.01715133876726262 0
8045 0.6996403387445467 0.01154095280286741 0
8046 0.7071034287222808 0.01059115352996413 0
8047 0.6978540526404154 0.002529744635505243 0
8048 0.7239293236744877 -0.01478044836140648 0
8049 0.5095038523667599 0.3678655219819444 0
8050 0.0092699098969904 0.07746037034716545 0
8051 0.5862079440201269 0.07290212076612795 0
8052 0.5709344032974659 0.07983269563439413 0
8053 0.503140442423777 -0.06261255113806571 0
8054 0.4636532120318014 -0.06497578507743872 0
8055 -0.7522598170194796 -0.1249344154216053 0
8056 -0.6888457021939171 -0.01751209096396071 0
8057 0.9572389599765698 -0.10016813258793 0
8058 0.9577201871493213 -0.1088368755929345 0
8059 0.9490690082273952 -0.1025109576612028 0
8060 0.9495011019903715 -0.1154134441876944 0
8061 0.9363663621637116 -0.1089777572000036 0
8062 0.9379731163572316 -0.124395970968185 0
8063 0.9722578960993468 -0.123356480374842 0
8064 0.9776072040293183 -0.1329416813791661 0
8065 0.9654709735908846 -0.1111401540665836 0
8066 0.9648131721350859 -0.1323863197237067 0
8067 0.9705042717495511 -0.1463380134640927 0
8068 0.9883869530816028 -0.1445168285540504 0
8069 0.9820542503611849 -0.1647112525440009 0
8070 0.958672090911955 -0.1652654443968201 0
8071 0.9749664134008716 -0.1924055435527913 0
8072 0.9201159351612074 -0.1163962946442782 0
8073 0.9168912939860114 -0.1433253800003094 0
8074 0.880475272742996 -0.1062224340870484 0
8075 0.02274777304382411 -0.1018357711691864 0
8076 0.1532389367383757 -0.05658671190512429 0
8077 0.1635721819610342 -0.05655485612815837 0
8078 0.7871804819286741 0.01278559415687196 0
8079 0.7849567622030997 0.01528611147817741 0
8080 0.7784258607208985 0.01547045341227804 0
8081 0.09904418151877234 -0.01229558898060656 0
8082 0.09528753363744735 -0.007253055188907691 0
8083 0.007373760034044161 -0.05396080502632925 0
8084 0.01015757502547107 -0.04968837310075536 0
8085 -0.7131285707082324 -0.6489295308564897 0
8086 -0.7829729199805386 -0.7657583070854638 0
8087 -0.6517252186837067 -0.5462753240831495 0
8088 2.030785042535418 1.299558289434952 0
8089 0.002647421724986747 -0.09228448553521318 0
8090 0.00140117052589791 -0.09586316925585396 0
8091 0.4037109193073503 -0.06812792423930297 0
8092 -0.1537441135214313 -0.1161609799200034 0
8093 -0.222050069639508 -0.0916918912400449 0
8094 0.8129194740030965 -0.02787774522515772 0
8095 -0.7804839118701558 -0.3222052562329998 0
8096 0.8168415452226456 -0.03547897968618233 0
8097 0.8063322915306931 -0.0341576163073733 0
8098 2.727699116560945 -0.07234695454473007 0
8099 2.672485951586671 0.0308223951835284 0
8100 2.793978773757997 -0.181372764075745 0
8101 2.720704878368451 -0.2908583432905885 0
8102 -0.01993849669683683 -0.09407930163345322 0
8103 0.9890845581219212 -0.1161245532141501 0
8104 -0.04684786040436739 -0.1452957892935381 0
8105 0.7802124386887213 -0.001734370052428284 0
8106 0.7785011287007249 -0.0106331985094144 0
8107 1.00214005445592 -0.1214483746995375 0
8108 1.006705147591934 -0.1195706594411172 0
8109 1.006042001685264 -0.1256480173049492 0
8110 1.013971176570733 -0.1222770925850992 0
8111 1.012365160648597 -0.1325013233471992 0
8112 1.019468641420636 -0.1272780982025228 0
8113 2.618813642345248 -1.221627017533296 0
8114 2.727995970434241 -1.225820137202627 0
8115 1.12784349195211 -0.3551839189987468 0
8116 0.8201766350322846 0.03666272475465886 0
8117 0.8598656943955948 0.01496140082943204 0
8118 0.8688577247226046 0.01321295732389412 0
8119 -0.7462105146034557 1.215367105916127 0
8120 1.235105349478716 1.22997804928875 0
8121 1.35497264156764 1.224334661157979 0
8122 0.9229071900101073 -0.09826673770543927 0
8123 0.01027104168074462 -0.104299981431882 0
8124 0.00376249442766818 -0.1043719465643422 0
8125 0.8892191149034296 -0.0837662176158786 0
8126 0.5741778936676335 0.1054615255134509 0
8127 0.5523588054167708 0.09254351024412161 0
8128 0.5535455853497379 0.07356933761120264 0
8129 0.5375790992415312 0.08118775886695792 0
8130 0.5322741255971563 0.1006916160775439 0
8131 0.7842502208444031 -0.03266748984331098 0
8132 0.2045189396423053 0.3325077287478576 0
8133 1.01558829618273 -0.04456671048862758 0
8134 0.405244645157162 -0.2789054281858827 0
8135 1.00006455790337 -0.1256011475183655 0
8136 2.72328076171446 1.057213319899068 0
8137 2.673725218431393 1.166670463532451 0
8138 2.771780118859064 0.9553376253082356 0
8139 0.07111605496453062 -0.03461940922366028 0
8140 0.07048568189188857 -0.048001937406923 0
8141 -0.001526600596962319 -0.03844949145191288 0
8142 0.1286132965608089 0.03556879888749066 0
8143 0.1348360914431271 0.04959583241254472 0
8144 0.05225337269738346 -0.01047424462781344 0
8145 0.05599319959712386 -0.004977763043365577 0
8146 0.04823905388510266 -0.00295645224508501 0
8147 0.05472822917395148 0.003234629220037458 0
8148 0.06508330605079628 0.005750419173277047 0
8149 0.05444402693202702 0.01556810270064199 0
8150 0.7909811761663772 0.03136073668812647 0
8151 0.7871755986888599 0.03684747934113627 0
8152 0.7806411566923763 0.03794974287220099 0
8153 0.04690265059001264 0.007519478281179852 0
8154 0.6135127974188758 -0.03538490502792743 0
8155 0.6049315944812643 -0.0386023155621063 0
8156 0.6118102732629086 -0.04741499659773893 0
8157 0.8550669253941352 -0.06286393704600463 0
8158 0.4302851888027974 -0.06388186864092335 0
8159 0.7487604453154926 0.01808561103105127 0
8160 0.9731313199263771 -0.1116614700012194 0
8161 0.2061269863642766 -0.3734675735892104 0
8162 0.1687660029424469 0.04163147687613117 0
8163 0.1750137993594998 0.04507963578463136 0
8164 0.04927478388380759 0.1482258303604951 0
8165 0.6187692240382969 0.06115220688309005 0
8166 1.204989879991188 0.1494657477776945 0
8167 0.1167928474567254 -0.0289392746154975 0
8168 0.1157057086818233 -0.03424567196795138 0
8169 0.1791851128391706 -0.04285048836722061 0
8170 0.6907749984931132 0.01811288098479903 0
8171 0.997841375410581 1.256614261590619 0
8172 0.08270348794129256 0.004334130248833503 0
8173 0.9996030064704059 -0.160448089217654 0
8174 0.5865098876387037 -0.06309988931537011 0
8175 0.9135178573301959 -0.07269249223577078 0
8176 0.9049014152903393 -0.07480162843424124 0
8177 0.9124245190739396 -0.08116743107269783 0
8178 0.7008112051767256 0.05512787907921366 0
8179 0.6823345535950699 0.05627851459067032 0
8180 0.6839172785863024 0.04410838714851809 0
8181 0.6767947850563751 0.06925694849906915 0
8182 0.6701095427338357 0.05734014555941218 0
8183 0.6663844296330489 0.04617075090974325 0
8184 0.7490764435939816 0.03896326491136201 0
8185 0.7444279292369889 0.04003182603421523 0
8186 0.1547108850276493 0.0716859511453114 0
8187 0.1732899718423825 0.0710522707182886 0
8188 0.5668757768039974 0.0663547912308227 0
8189 0.6295925684044011 -0.03039686571978023 0
8190 0.7897538268768595 0.02334620907710419 0
8191 0.6080210005458199 0.06046426507562589 0
8192 0.6048452868682317 0.05064741120321362 0
8193 0.08088570650090532 -0.005658351611379144 0
8194 0.553964018521745 -0.04752071489796539 0
8195 0.902501042561073 -0.01162699286424138 0
8196 0.9016625736104823 0.001354516082042669 0
8197 0.9165798046962502 0.006591344481176567 0
8198 0.9010443688972813 0.01986467949934509 0
8199 0.9235429033441839 0.02645969175912573 0
8200 0.8892167363228971 0.007425896728648432 0
8201 0.8804328487574209 0.02684199642177119 0
8202 1.034727512308512 -0.1015480517324419 0
8203 1.042939836016285 -0.08236367367165696 0
8204 1.056519077946102 -0.1269268874469698 0
8205 0.03874813764647864 0.02080534114671454 0
8206 0.01488576638904496 0.0261038637753456 0
8207 0.9026936166754551 -0.06556659968985822 0
8208 0.8788670131020599 -0.07262970789948134 0
8209 1.111481507692004 0.3095372388350233 0
8210 0.8341354267475356 -0.04468474494422784 0
8211 1.043960927349886 -0.05358090934017166 0
8212 0.7419417242237595 0.01148427934440311 0
8213 0.7332263632688796 0.01013315406719958 0
8214 2.501137163869821 1.282350100922536 0
8215 0.4914843147156449 -0.05678637109769567 0
8216 0.8936237804514621 -0.005170853452484922 0
8217 0.7292599990757284 0.05009044093092634 0
8218 0.7565760557426588 1.271031639899329 0
8219 0.6286486610563975 -0.03988565891024076 0
8220 0.824411663995286 -0.03300765338677344 0
8221 0.8247670143361185 -0.04250235522860341 0
8222 0.8687653448449451 0.003928665890455303 0
8223 0.875018193515276 0.0003603279950864445 0
8224 0.9021602680666626 -0.186083398380384 0
8225 -0.003654564573295709 -0.1018482593823989 0
8226 0.540179548528226 0.06615954063434752 0
8227 0.5258979932475009 0.06837152276250767 0
8228 0.7120207635959467 0.05306209943916506 0
8229 0.6189820424105142 -0.4912927909683103 0
8230 0.7390662212876872 -0.4908359270509934 0
8231 0.5898488713958948 -0.03334534855232492 0
8232 0.5822069243959835 -0.03636654815507123 0
8233 0.9299146869298603 -0.007443998153419355 0
8234 0.944121318178204 -0.01935531718308835 0
8235 0.9385440012675994 -0.0332169952140234 0
8236 0.9533247419009852 -0.03445826216670084 0
8237 0.9619768829067646 -0.01705508438260012 0
8238 0.9734169987900092 -0.03564377651541287 0
8239 0.9634448940171446 -0.04937699686285284 0
8240 0.9504917473537915 -0.04615270262343613 0
8241 2.779228456136005 0.5399394772172883 0
8242 2.6923764025515 0.4393520123972752 0
8243 0.9198613261504549 -0.07633512926871086 0
8244 -0.788420392547118 -0.5461386936272188 0
8245 0.653069328189635 0.01910400043776829 0
8246 0.658013091481461 0.01274761909167344 0
8247 -0.5097844441567588 -1.28387432752391 0
8248 0.1104895766070319 0.1739239269496553 0
8249 0.5487382189234741 -0.05893192641744328 0
8250 0.5431458409973993 -0.04845028395363551 0
8251 0.5287205662947037 -0.05188320184327448 0
8252 0.5570864627458598 -0.07450086631232671 0
8253 0.7396159302675331 0.03688169105598953 0
8254 0.7384763079685547 0.04247511858629059 0
8255 0.8372922003861835 0.01597484820929145 0
8256 1.475252658269592 -1.276713025678636 0
8257 0.9812308746045163 -0.07264027576184595 0
8258 -0.05244723800455707 0.02498984848241271 0
8259 0.04009788582818857 -0.08319473413741266 0
8260 0.04326543731032645 -0.08029592210137568 0
8261 0.8417730424130199 -0.04257910720248893 0
8262 0.8401257659077181 -0.05271836874560777 0
8263 0.0459376512827873 -0.08505662385344372 0
8264 0.04766127913671683 -0.07615630345753706 0
8265 0.05651034224810812 -0.06599117661555903 0
8266 0.4516531878787737 -0.05929633478617594 0
8267 0.9394380056570796 -0.09528555198334643 0
8268 0.06720274252785645 0.02096834408394383 0
8269 0.5963141637145982 -0.03759870331848013 0
8270 0.03005896063353407 -0.009188242699432674 0
8271 0.422060574663741 -0.1513669812729999 0
8272 -0.01170036324565245 -0.06996613724948636 0
8273 -0.02511594961089753 -0.1260723255801099 0
8274 0.07267404999795879 0.003164398390805212 0
8275 0.9412557743385064 -0.04301788789672728 0
8276 0.9766070840236699 -0.5108092136783554 0
8277 0.9126371146848662 -0.6136165056763014 0
8278 0.06877819423591112 -0.0647867515901392 0
8279 0.5973165161065993 -0.04812229817199667 0
8280 0.6081572606098404 -0.0619523800875738 0
8281 0.1559894318746672 0.0325983241074377 0
8282 0.08916691507483585 0.01975456112053207 0
8283 2.795792257682425 1.156956322275182 0
8284 2.741307443818886 1.277548535555267 0
8285 0.6063749328037283 0.3544895701902289 0
8286 0.5776764575818165 0.06499532634089675 0
8287 0.6307449263223696 0.04903967735317623 0
8288 0.02764689633909603 -0.02114228439380588 0
8289 0.01765798641519396 -0.02863951984988633 0
8290 0.8977526077657345 -0.07010245853348972 0
8291 0.5211544179952979 0.08480737718251091 0
8292 0.510281594821095 0.07191241471622561 0
8293 -0.02067018106256948 -0.07462963912261837 0
8294 0.5530912350433117 -0.5983450856780739 0
8295 0.9235955419106614 -0.02959932944936823 0
8296 0.68587529534772 -0.008561474511177284 0
8297 -0.02162262954309241 -0.3583583914874465 0
8298 0.1991579224359712 -0.04601180070619099 0
8299 0.1936982169464743 -0.05189282950989287 0
8300 0.2035441293808636 -0.05430609968802284 0
8301 0.1962512358995832 -0.06289281768198979 0
8302 0.2082978865841885 -0.06550382739308504 0
8303 0.1963910876390509 -0.07996866781222252 0
8304 0.1852131477511186 -0.05836484331510728 0
8305 0.2147920963738506 -0.05477879890750768 0
8306 0.2215738156298001 -0.06610412862486473 0
8307 0.2269150029913187 -0.05529570389838086 0
8308 0.2344681728644813 -0.06590051165542667 0
8309 0.2379077479088891 -0.05634921852857159 0
8310 0.2461564092048771 -0.06427478369815601 0
8311 0.9357783477872795 -0.04822297725236265 0
8312 0.5073004751081273 -0.1520341978103517 0
8313 1.319295353299121 -0.1298043170705392 0
8314 1.396629773040457 -0.03788097607004039 0
8315 1.353239593036091 0.07201735546029858 0
8316 1.468601476721586 0.0633156440060304 0
8317 1.296251282275851 1.327927295083976 0
8318 0.323767536341766 -0.3618758244202115 0
8319 0.186018731303485 -0.0460315877453994 0
8320 0.1521159692841252 0.03432813983356488 0
8321 0.1470540850381186 0.03272719085629696 0
8322 0.08447640459356578 -1.301975724380239 0
8323 1.004815196357406 -0.1151269225877149 0
8324 1.006807765663029 -0.1093515798115618 0
8325 2.764676883346618 -0.6074023609860936 0
8326 2.70875651698957 -0.5022585759454476 0
8327 2.820839041310999 -0.7136132492278671 0
8328 0.1250565808904643 -0.03112414690158243 0
8329 0.1277277104881432 -0.03581249135003299 0
8330 -0.1972887917331081 1.302064204528272 0
8331 -0.3141201788434952 1.305760502937973 0
8332 0.7616215973794315 0.09193518006770526 0
8333 2.783979420963589 0.7600958821673586 0
8334 0.6874438660149854 0.04748575295491906 0
8335 0.693779797599181 0.04743267495093955 0
8336 0.6811749235698639 0.04783369190436432 0
8337 0.6773514417503578 -0.5969537145680937 0
8338 1.951536886407536 -1.295003048828917 0
8339 1.899110664664775 -1.188720366547376 0
8340 0.972938855688662 -0.06148820359951945 0
8341 0.7757915656065852 0.02176121823961442 0
8342 -0.002914928403564112 -0.09340543494866388 0
8343 1.012049916346227 -0.1138458674235666 0
8344 1.022978421569907 -0.1161980930492931 0
8345 1.022261948480071 -0.1407965127744978 0
8346 0.7347117519788027 -0.1086342220967038 0
8347 0.7835052630871087 -0.1323561867827706 0
8348 0.7899868067996075 0.02775246835581273 0
8349 0.9871255452889961 -0.1303700670649708 0
8350 0.5329353848985828 0.06096058059926705 0
8351 0.5327948960104357 0.05508582224688519 0
8352 0.09747964311039189 6.256934934248371e-05 0
8353 0.7130684464207518 -0.0002868681651957369 0
8354 0.7182312537072018 0.01043911680278459 0
8355 0.7035453675364993 -0.01344061510491408 0
8356 0.903523326827969 -0.1008382495148694 0
8357 0.8992182027426214 -0.1219559116634927 0
8358 0.6254942651613288 -0.05205359112775722 0
8359 0.6249388876803234 -0.07564757440941648 0
8360 -0.4607156505139031 -1.394294622677794 0
8361 -0.631750912228233 -1.281944984796974 0
8362 0.07932699911597885 0.0272385298852124 0
8363 0.07294705667947216 0.03982771066378866 0
8364 2.456434041107243 1.394055029366614 0
8365 2.623341314432341 1.281463767662866 0
8366 -0.07082029155502184 0.3603829557997579 0
8367 0.06090750420860199 0.3322764811635702 0
8368 0.2389569786230069 0.4504380321159875 0
8369 -0.1380404231652312 -1.090595008598515 0
8370 -0.2029229640064142 -1.1903955441231 0
8371 -0.1544404200459652 -1.294944383688798 0
8372 0.05677582871819131 -0.7882384407876031 0
8373 -0.07312891426998477 -0.9900071602303775 0
8374 -0.00122628587888917 0.457850058713162 0
8375 0.1217246155669234 -0.6872996390595421 0
8376 -0.3151843119132335 0.1654007159598302 0
8377 -0.3730222985730793 0.06010260725971492 0
8378 0.2417729899060037 -0.692826006148955 0
8379 -0.2579172834777009 -1.084727710374032 0
8380 0.5811695015285863 -1.124777728585481 0
8381 0.6363744677209353 -1.225803244398575 0
8382 0.7010495686035625 -1.130168252220446 0
8383 0.7564270742838516 -1.23121900767826 0
8384 0.8209425440038746 -1.135814312011869 0
8385 0.8760617878423186 -1.242388816321304 0
8386 0.9407221253820175 -1.143485378887446 0
8387 0.9948031173981957 -1.255239067636067 0
8388 0.9194563162728762 -1.349762333467345 0
8389 1.119296043713593 -1.266749513862629 0
8390 1.177114922427447 -1.381259328271151 0
8391 -0.06309034865441321 -0.7824509066479399 0
8392 -0.1178365535426742 -0.6756973436236335 0
8393 0.2966231260563886 -0.7996913856122643 0
8394 0.5262293648771682 -1.018794448315738 0
8395 0.2766936192869517 -1.210510334646178 0
8396 0.3231146370780065 -1.308804943428434 0
8397 0.7659122286109444 -1.030475349005311 0
8398 -0.7128793810051942 -0.4385658139373232 0
8399 -0.8179393478224424 -0.4311849259754291 0
8400 -0.1542538468072185 -0.3453645591501633 0
8401 0.2215660384157023 -1.107834343436447 0
8402 -0.4125935851346637 -0.5574574452671738 0
8403 0.8448036872070991 -0.7147047389717512 0
8404 -0.5324256100437782 -0.5517593980885011 0
8405 -0.8773696904304537 -1.077181411879302 0
8406 2.896742511102061 0.5973606319083112 0
8407 2.898343977254142 0.3599999999957698 0
8408 2.799757438709142 0.2983143757064958 0
8409 2.798492402821073 0.1796995443446838 0
8410 2.691050109197872 0.2378698830362865 0
8411 2.898056667191069 0.1199499240531594 0
8412 -0.8779641810426504 -0.1233723576277571 0
8413 2.898095993946503 0.8297861488848796 0
8414 -0.8952087760912951 -0.8369353941828188 0
8415 -0.7965828633210277 -0.8924230791427834 0
8416 -0.5881878044081745 -0.444967656195551 0
8417 2.902781146008355 -0.1202287940168684 0
8418 -0.8964082392448388 0.1205738071312991 0
8419 -0.7921539030920232 0.06000000000538629 0
8420 -0.7922091177086239 0.1800956345262432 0
8421 -0.6852412888211435 0.114357924245242 0
8422 -0.6882308546382916 0.2400000000056075 0
8423 -0.5973885572649754 0.0583304816572601 0
8424 -0.6075276571788569 -0.8602252435774669 0
8425 1.0055880843623 -1.043127180426799 0
8426 1.789728418636475 -0.9757000259981032 0
8427 0.1366571499531486 0.8725820317440954 0
8428 2.124348003789483 -0.2634990524574121 0
8429 1.994496271504842 -0.4653369217630179 0
8430 1.87463494919735 -0.4595689947563724 0
8431 1.92957039815608 -0.5662558544408047 0
8432 1.809709087645472 -0.5604879350136565 0
8433 0.3763811661682071 0.861075645761639 0
8434 1.255347781913916 -0.8459411533802028 0
8435 -0.4876580023766808 -0.8660061720554691 0
8436 2.75860915257476 -0.814237085477418 0
8437 1.86464456999668 -0.667174816109939 0
8438 1.744783265161845 -0.6614069388613442 0
8439 1.689847771942887 -0.5547200123013402 0
8440 2.13433907518842 -0.05589376285578238 0
8441 2.179283288503537 -0.3701858010314302 0
8442 2.079404842078697 0.05079233811099444 0
8443 2.024468566580061 0.157479786317457 0
8444 2.189273762220902 -0.1625801009230436 0
8445 2.473941361366461 -0.488408521920188 0
8446 2.069413492193995 -0.1568128039302598 0
8447 2.738969029275482 -1.01967911632718 0
8448 1.375209046335764 -0.8517091526308835 0
8449 2.713464731594756 0.8583130783514169 0
8450 0.1915938697107263 0.7659206756890297 0
8451 1.559996139889783 -0.7565582694351474 0
8452 1.310282076101822 -0.9526523925512819 0
8453 1.854654243744172 -0.8747807086801823 0
8454 1.325279921841676 0.6072997816049328 0
8455 0.9625001815858969 -0.7252759493059729 0
8456 1.440134846968016 -0.7507902446791435 0
8457 1.804725167669637 0.5842282674511009 0
8458 1.859660611959045 0.4775412444399653 0
8459 1.794734795576549 0.3766222475238135 0
8460 1.914596133102686 0.3708544447295008 0
8461 1.979521947960085 0.4717734372144665 0
8462 2.034457445212854 0.3650865680888589 0
8463 -0.5077326263169553 1.211753045335287 0
8464 1.115559063430529 1.236293571745169 0
8465 1.080793026731347 1.337466426489197 0
8466 0.8789671459188121 1.276458019362889 0
8467 2.499147030022135 -1.21384100697516 0
8468 2.428845188034023 -1.31118834737673 0
8469 1.445140912191258 0.6015309700859907 0
8470 2.119363893232181 0.8812172778464499 0
8471 0.08172178067588182 0.9792714517351522 0
8472 1.455131581670475 0.8091378540713761 0
8473 1.624921959408815 -0.6556390819817968 0
8474 1.215408985904783 0.8206736900278903 0
8475 1.634913662448574 -0.4480340144629971 0
8476 -0.6474363199730542 0.8062733870549479 0
8477 -0.7079421589062023 0.7025108535357543 0
8478 -0.78288825741778 0.7999491333670032 0
8479 -0.8171043201928927 0.9227219320632991 0
8480 -0.748702941944993 1.018819928214612 0
8481 2.458833177832162 0.4487782988766423 0
8482 1.030621877554752 0.7255226282769824 0
8483 0.9756863865649186 0.8322095155996123 0
8484 0.8558283067618606 0.8380443409672655 0
8485 1.095547686082663 0.8264416023715688 0
8486 0.8417180026608039 0.4291293504584955 0
8487 -0.3977234073082626 1.002343333299146 0
8488 1.430143027425172 -0.9584273581714263 0
8489 0.3989298980053658 1.282685154440977 0
8490 0.2804191297767931 1.286266365536598 0
8491 -0.5227213405893283 -0.3442625820567646 0
8492 1.594838954309749 -1.279838367921638 0
8493 1.713924921942717 -1.286281733091026 0
8494 1.779517047079954 -1.183417375344534 0
8495 0.4413063244152732 0.9619811051954246 0
8496 0.5511844733142376 0.7487562574156268 0
8497 0.6161040467111073 0.8495456597105596 0
8498 1.754775206592993 -0.453802084106112 0
8499 2.04444776531026 0.5726924369422187 0
8500 2.344089760779222 -0.6902464619943924 0
8501 1.759779989163996 0.8985210015068367 0
8502 -0.35277824574113 0.6880503321629159 0
8503 -0.2978433363311412 0.5813513558046379 0
8504 1.344021485651993 -0.3358006286542136 0
8505 -0.332799507755393 1.103222636177494 0
8506 0.6810429667938909 0.9507370998212498 0
8507 1.83974892033578 0.06226036582949027 0
8508 2.150203172067309 1.29548607136047 0
8509 1.569986701968324 -0.548952264119861 0
8510 1.369101838541339 0.2903597582857548 0
8511 -0.1030654170605909 0.8841185331549506 0
8512 -0.3626677026225112 0.4804606169136115 0
8513 -0.4176003233965455 0.587172500512007 0
8514 -0.5373618321675249 0.5929958761636939 0
8515 -0.04813108768227484 0.7774075033283223 0
8516 2.1543187488301 0.3593186667719508 0
8517 1.211324110662965 -0.5378366132005997 0
8518 1.160473494869015 0.927360577217053 0
8519 0.7909006451575272 0.7370868599549754 0
8520 1.359276316066938 -1.272883990653602 0
8521 0.01679558893560567 0.8783445155814942 0
8522 0.6365344652410008 1.271927776969754 0
8523 0.5821591728178197 1.381938636613705 0
8524 2.468957475193846 0.6563076794951975 0
8525 0.2122134268567459 1.181539523834235 0
8526 0.09179203030116498 1.186393338615332 0
8527 2.264188247483774 0.1459441310706343 0
8528 -0.3864625181460144 1.205232039634291 0
8529 1.724765654857202 -1.07663992628658 0
8530 1.270344467980351 0.7139867768047836 0
8531 1.510066915115593 0.7024505090011459 0
8532 1.39020568076476 0.7082186115722433 0
8533 1.410140031872386 1.122466806496612 0
8534 -0.6565568478054882 0.5982588163507487 0
8535 2.557800019745428 0.02919474222223747 0
8536 1.764805747137932 -0.2462221003905985 0
8537 1.073154849173661 0.4156740620197255 0
8538 -0.5626225263606234 -1.174523715139537 0
8539 -0.7757758576637771 -1.274436928215481 0
8540 1.729758095741087 0.2755364275384065 0
8541 1.674856333811504 0.3823371322308128 0
8542 0.735971306820812 0.8439016070863568 0
8543 2.259678557020952 -1.203925918013474 0
8544 1.819708230292965 -0.3528877515864183 0
8545 0.9207628344838465 0.9391445047079128 0
8546 2.309134453113312 -0.1683481256948166 0
8547 1.649909011112487 1.111894787565384 0
8548 1.594796078254326 1.214894305534025 0
8549 1.474797636288572 1.21781230631543 0
8550 1.534887604298306 1.321864338601697 0
8551 0.3114641809885655 0.7603400284489206 0
8552 1.964446349012015 -1.088041983998448 0
8553 0.4962428197923999 0.8553150863564758 0
8554 1.849663062742995 0.2698985540375059 0
8555 1.879641291977251 0.8927530978539286 0
8556 2.34909617540025 0.6620755919217496 0
8557 2.414021984009897 0.7629945662538212 0
8558 1.98450586814949 -0.6729427277007987 0
8559 2.214238144753155 -0.8920844100183919 0
8560 2.334099444572934 -0.8978523224543095 0
8561 2.144328747856147 0.15171225206697 0
8562 2.184288292001877 0.9821069543419264 0
8563 2.488936901591155 1.071494289187567 0
8564 -0.772233148540341 0.6000862994453172 0
8565 -0.833868870134003 0.4950811137604015 0
8566 2.603301319209441 -0.2863239306123633 0
8567 2.523781581189096 0.5496908327636975 0
8568 1.969530663539377 0.264161280113366 0
8569 1.824702214705389 0.999365453030292 0
8570 1.904615555501322 0.1632051451117896 0
8571 2.57675874779886 0.4439412325745642 0
8572 2.453950631539462 -0.9036137288251691 0
8573 2.089393068799254 0.2583983892647754 0
8574 1.7146030530263 1.207997480007489 0
8575 2.064426248089354 0.987859403914671 0
8576 1.769735839893245 1.105410538686331 0
8577 1.770283995322924 1.316973358859487 0
8578 1.944562049239148 0.993567080305002 0
8579 2.618707343627169 0.1312245377492403 0
8580 2.554989229384076 1.174297620678093 0
8581 2.11435753132175 -0.4711048103287794 0
8582 2.399013454640583 -0.796925757835652 0
8583 0.0267862609237446 1.085600241107593 0
8584 0.04207497339480516 1.292312424712685 0
8585 2.463944846106068 -0.6960103751620761 0
8586 1.799718750108029 -0.7680939119372885 0
8587 2.528860053084118 -0.5950845841626029 0
8588 2.657337055097993 -0.3933553660715968 0
8589 2.786771392180761 -0.4063695025665808 0
8590 2.592746071456614 -0.4945740927681218 0
8591 1.844526311817546 -1.082331206260519 0
8592 2.896899204205988 -0.4748616162340005 0
8593 -0.8768285477176634 1.210447424930297 0
8594 2.902637165560547 -1.196893467367176 0
8595 2.904095098410691 -0.9599660782929569 0
8596 -0.895554421357232 0.2432729516137566 0
8597 -0.7921539030922836 0.3000000000048936 0
8598 -0.008184218867749346 -0.8891448983417423 0
8599 -0.1829608796583105 -0.7766557799883282 0
8600 0.5480220851082063 0.119835846685429 0
8601 2.791526805056824 0.04542968562955781 0
8602 0.5814825660773719 -1.328588265831518 0
8603 0.1677760934707593 -0.04229266439805296 0
8604 2.567482226004949 0.2376967196701497 0
8605 -0.555324447295656 1.309352863821093 0
8606 0.6010652060811457 -0.7112573150620299 0
8607 1.531063633231906 -1.387351582675597 0
8608 0.2335739805003784 1.397057858749979 0
8609 1.766159490585222 -1.396548077668208 0
8610 2.713143239197005 -1.405806826500945 0
8611 2.698587317471628 1.394068445738741 0
8612 0.8235087114274082 1.389855600672474 0
8613 -0.7030339899704364 -1.391122057418116 0
8614 0.9959694839827471 -0.1360148652285825 0
8615 1.005869992656827 -0.1435711953986039 0
8616 1.833562741999851 -1.290141690378012 0
8617 0.07703862051670581 -0.01444449528101395 0
8618 0.08444358130754125 -0.0144857541718118 0
8619 2.902209548529618 -0.2401456476304596 0
8620 0.7946560680612389 -1.328046865507879 0
8621 0.04831516031153354 -0.1079125175311105 0
8622 0.05436986757480092 -0.1161297440134792 0
8623 0.04770484690187261 -0.1324954669895851 0
8624 0.5498018063902077 0.06328725738936641 0
8625 0.547302338319591 0.05337567251514816 0
8626 -0.8976552212140902 -0.7199999999971107 0
8627 0.1609093261735254 1.289047398882315 0
8628 0.1202289598532945 0.01751137543714559 0
8629 0.1239841674005832 0.02228724317417141 0
8630 0.7736743155888897 0.04164774783955939 0
8631 0.8122996087103355 0.02485179500682297 0
8632 0.003101778468253625 -0.04916364339720591 0
8633 1.469487887051832 -0.1301074459670047 0
8634 2.309612101733328 -1.306406890323108 0
8635 0.6840495429464836 0.01380041359239449 0
8636 0.05496045344456192 0.03561440931830359 0
8637 0.17439798940148 -0.0497666067664046 0
8638 0.9951622632779124 -0.102154756819533 0
8639 0.09288779178676676 -0.3575956897252716 0
8640 0.8532899351027277 0.006532373617726659 0
8641 0.7703347404326103 -0.005149428404305718 0
8642 0.1463519876679973 0.02822530519139697 0
8643 2.885257237652683 0.9564157143412917 0
8644 0.02508332304829314 -0.04003560783700305 0
8645 0.02006734998314261 -0.04084458227724148 0
8646 0.01258679331781867 -0.04224231765226799 0
8647 0.02494981090526971 -0.03463377470607481 0
8648 0.03093661978867798 -0.03395697683667516 0
8649 2.002092348485491 -1.400288059073506 0
8650 0.09524195466543706 0.006470397720017852 0
8651 0.4782492841384979 -0.05974650719712628 0
8652 0.7980391528334498 -0.02006103468547771 0
8653 0.7955826560943933 -0.02753585786954827 0
8654 0.7908587040543074 -0.02319303843830395 0
8655 0.7802795091088768 -0.02008202640793018 0
8656 0.7954891233984711 -0.03832030657132923 0
8657 0.03863012632913043 -0.09940970514804501 0
8658 0.4657239610684712 1.39202763007045 0
8659 0.9984141156912442 -0.09693107203202204 0
8660 0.9311248672439338 -0.08186801486229232 0
8661 0.931195848264246 -0.08868437816779635 0
8662 -0.008627881699344808 1.396980430070884 0
8663 0.03733861451835816 -0.02340253993494872 0
8664 0.03474875072673966 -0.01800461612522342 0
8665 0.9276949045735376 -0.04096106151097618 0
8666 0.9335590763188252 -0.04348418352593052 0
8667 -0.8986300819051116 0.6044221515032243 0
8668 1.529981736671187 -0.03383165182650453 0
8669 2.626458190544218 0.3418699860655526 0
8670 -0.2707773163438874 -1.29041284989492 0
8671 2.263390645820704 1.289121091262468 0
8672 0.6706524447046285 0.02186964274473515 0
8673 0.9539342017515235 -0.09122841278137984 0
8674 0.9489154588125743 -0.09376250450529014 0
8675 1.038655388935672 -0.01759167655743021 0
8676 2.904211686136278 1.201647482496991 0
8677 0.784464332822714 0.009949947860074524 0
8678 0.09235509631682071 -0.05376575468089104 0
8679 0.1105429641927878 -0.05762864898093919 0
8680 1.306008641765148 0.1732792344224993 0
8681 0.5008574297358317 -0.05222397356212715 0
8682 0.511861279851171 -0.05236711549525656 0
8683 0.6632488105237042 0.0002241390747620741 0
8684 0.6494969131292602 -0.008136467888644885 0
8685 0.6532297250488589 -0.0126883980195829 0
8686 0.6537702841102881 -0.004442782827885809 0
8687 0.6606011626238343 -0.008232747644087705 0
8688 0.05064502029083802 -0.0460827215627718 0
8689 0.05526565311792378 -0.05063494767606756 0
8690 0.5166806938877568 0.06445757261439732 0
8691 0.5875011071995967 0.06106199736896809 0
8692 0.591339512534336 0.05046606185549096 0
8693 0.7758520093550114 0.03212547417736591 0
8694 -0.9012006227703038 0.8447391418572732 0
8695 0.1392785109614748 -0.03289409826279249 0
8696 0.1370081285461305 -0.03812809476374675 0
8697 0.1313002641153327 -0.04403006285827196 0
8698 0.1348215213432487 -0.0553490257861497 0
8699 0.1233529665843416 -0.04303390809950653 0
8700 0.1646922803948156 0.08939946391638273 0
8701 0.1887992738202982 0.08879668114784077 0
8702 0.1993417833359491 0.06887157346074668 0
8703 0.2137510138508657 0.04470693980188559 0
8704 0.205784243387653 0.04486223950172981 0
8705 0.1856878038021546 0.05939339205377479 0
8706 0.172274864160262 0.1179437644216599 0
8707 0.05726028301497876 -0.03156907928462471 0
8708 0.05825290069972644 -0.03668128480608995 0
8709 0.06105937695004078 -0.04472189813643299 0
8710 0.06262568387535862 -0.03108871935467855 0
8711 0.0670802793086092 -0.02680401584409244 0
8712 0.7887753244132029 0.01966853935616243 0
8713 0.9548505991098317 -0.05500657787226811 0
8714 0.04200071935048875 -0.01165529117882186 0
8715 0.7927258054431807 0.02578263032215457 0
8716 0.6834432882386101 0.01961815003529963 0
8717 0.5973555931700826 0.06518810587708296 0
8718 0.681145652783967 0.2257492293886565 0
8719 0.7655619602458359 0.02268551450861072 0
8720 -0.9006315222210942 -1.319021404612616 0
8721 0.9762291788374253 -0.1077191091246735 0
8722 0.8449867529377235 0.02024028055399116 0
8723 0.8507091323760994 0.02784419084423508 0
8724 0.1585459823618546 -0.07222878648169447 0
8725 2.124199876232429 -1.399746783807977 0
8726 0.7705654060381829 -0.01459253761014378 0
8727 0.9222322549126106 -0.08519166256582734 0
8728 0.5041317863203589 0.08714444017299952 0
8729 0.4954318341940469 0.07482592591383805 0
8730 0.5006007420603507 0.0656785017479978 0
8731 0.4902257128875617 0.06480374078586162 0
8732 0.4811131749636205 0.07258482981421303 0
8733 2.820450471763976 1.380256266820613 0
8734 -0.8242460904474114 1.406734711797201 0
8735 2.82318363369703 -1.408692236732184 0
8736 0.06736190737946528 -0.1111053846067963 0
8737 0.168937722950015 -0.1177867401014417 0
8738 0.7827813525868222 0.08080873830240945 0
8739 0.6640542079055376 0.06777117033553159 0
8740 0.6606323331897395 0.05706716070815597 0
8741 0.4605610807088606 -0.05510945039457018 0
8742 0.4693761476503412 -0.0530584112075007 0
8743 2.802079425724635 -1.130800233180427 0
8744 2.112171207908606 1.402934529986808 0
8745 -0.1057326433609663 -1.398210908772203 0
8746 -0.07772035873018336 1.296733993025939 0
8747 0.9075905476310823 -0.02796330334515571 0
8748 0.2467123407027759 -0.05500125002257118 0
8749 0.2574421232914849 -0.0596235413076339 0
8750 0.2569312969968484 -0.07017085266961315 0
8751 0.2694350426031946 -0.06522580593489002 0
8752 0.2696747621565299 -0.08654625102718071 0
8753 0.2909829856239988 -0.06791174637522354 0
8754 0.3046442061153156 -0.07438818173020775 0
8755 0.3015578233520679 -0.06122717871369543 0
8756 0.3147183179248837 -0.06393272209853623 0
8757 0.2674984851055585 -0.05508039934135754 0
8758 0.7947758677380587 -0.6069718428039234 0
8759 0.8853132131859948 -0.001905804071853508 0
8760 0.7255024956025793 0.0024224030709344 0
8761 0.1705595688540216 -0.2765959695790822 0
8762 0.02769608434922748 -0.02906691326815847 0
8763 1.003035657813157 -0.1027275141203912 0
8764 0.4873468089858891 0.08770133174030266 0
8765 0.4705126482728947 0.08452750190159683 0
8766 0.4666421847128867 0.0685128397238621 0
8767 0.4554896552404665 0.07959817476238656 0
8768 0.4545644001847323 0.09833151881869653 0
8769 0.453311648462258 0.06762810097643435 0
8770 0.4436285034186625 0.07361732564790423 0
8771 0.4761791608953863 0.0645204625800947 0
8772 -0.012878218808675 -0.1010014380284584 0
8773 0.891121083268299 -0.06045176329470497 0
8774 0.8852539624548988 -0.05794869871397177 0
8775 0.8571334291151382 0.007864915185046152 0
8776 0.1732622259844402 -0.06881139109891715 0
8777 0.7848734298569759 0.04478734512035854 0
8778 0.7865521303037746 0.06010008007915774 0
8779 0.8034124603324886 0.06869076210816603 0
8780 0.7999925732857912 0.04823185660436216 0
8781 0.8901611662856976 -0.01600533485269833 0
8782 -0.7961406347485015 -1.158588939915861 0
8783 -0.9005589514999273 -0.3605047796733502 0
8784 -0.02604202137677473 -0.1061291707959196 0
8785 0.8234105023538151 0.01883402440267804 0
8786 -0.03082599683192893 -0.08672973374920181 0
8787 0.2924693290046528 -0.05730100796082926 0
8788 0.2818706128127682 -0.05927323418428256 0
8789 0.7257349152784214 0.01518362461635736 0
8790 0.8150885995831059 -0.04751587796919426 0
8791 0.4444593227477991 0.06531527625379965 0
8792 0.4347874945543362 0.06559720306220711 0
8793 0.4320415406345358 0.0751330839943581 0
8794 0.4224819157572507 0.06801113092161792 0
8795 0.4190702648731631 0.08090162798361535 0
8796 0.40819760175096 0.07107727490252136 0
8797 0.4042241603667616 0.08662344562535021 0
8798 0.3919266707491669 0.07483427091248664 0
8799 0.3828341390512602 0.05478613187095012 0
8800 0.3846934832661273 0.09152627931674262 0
8801 0.3759875444903758 0.07864534210489728 0
8802 0.3800699569605833 0.06767529445063153 0
8803 0.3700730300377837 0.06835369857627445 0
8804 0.361796387385843 0.07710527304155328 0
8805 0.3449619534261598 0.05298581245277239 0
8806 0.3541584989152824 0.06724102932212725 0
8807 0.3471968487142998 0.07747896900491785 0
8808 0.3201298714486873 0.05220948201779105 0
8809 0.3441683053485021 0.06654346653765636 0
8810 0.3329971101299105 0.07374769706908972 0
8811 0.3358593390490754 0.08741814554225127 0
8812 0.3199275503031091 0.0871986650943396 0
8813 0.3172493869459732 0.06995800838350265 0
8814 0.2908430715529459 0.05155468996286695 0
8815 0.3042354521649924 0.08127075379901694 0
8816 0.2839199084218019 0.05164285730391462 0
8817 0.3026554609060887 0.06680049168908903 0
8818 0.2906264421668714 0.07474726808489837 0
8819 0.2624762140767417 0.05116483962646147 0
8820 0.2700660296348872 0.04976189506864157 0
8821 0.2551206071212902 0.04890244798613103 0
8822 0.3287877719948141 0.1086188936009496 0
8823 0.3274659166056542 0.06410801981607532 0
8824 0.3278944364520245 0.0525561147930895 0
8825 0.4021545238439155 0.1079950414541378 0
8826 0.2921198485961819 0.06368923351367582 0
8827 0.2803354366616926 0.06632457402740329 0
8828 0.2771800711528292 0.07830616763798388 0
8829 0.2641969573154991 0.07036342981276791 0
8830 0.2618556172072523 0.08793071454153081 0
8831 0.2473448209049004 0.07706886836308609 0
8832 0.2977624193242364 0.0516671520783384 0
8833 0.2508114016599136 0.06090322484916868 0
8834 0.2381344170893846 0.06539349773101923 0
8835 0.2305526348931085 0.07512670317134447 0
8836 0.2153405703423354 0.06732270138593857 0
8837 0.2151096998324314 0.08556076987022233 0
8838 0.2085340646796591 0.05772274351336355 0
8839 0.2382295985844639 0.09266720530760689 0
8840 0.2591925026596829 0.112736334610579 0
8841 0.2176593755856663 0.0571860677774795 0
8842 0.3125472721321025 0.05941589484972993 0
8843 0.3111580557761505 0.0531834444208777 0
8844 0.3986821261619276 0.06482442128388032 0
8845 0.2413013982594307 0.05720307335760998 0
8846 0.2411075847681988 0.04735220679423717 0
8847 0.232726343642696 0.05596300496329522 0
8848 0.2621240071006745 0.05922339448569404 0
8849 0.2717736878345862 0.05950036765678135 0
8850 0.3362633536554513 0.06119632043724563 0
8851 0.2861662951857931 0.092400128718342 0
8852 0.9787348277289729 -0.08334876619726787 0
8853 0.4383264014361575 0.08770935927139331 0
8854 1.299207321149137 -1.380904569338595 0
8855 0.00903631122573471 -0.03318198463592075 0
8856 -0.3130555229323118 -0.04290704370082719 0
8857 2.190983897741172 -1.301872820006819 0
8858 0.7815389310341389 -0.3823849968578653 0
8859 -0.3424764505026011 -1.395162277134062 0
8860 -0.2411685878902197 1.405008383809282 0
8861 0.4833465150140464 -0.05130617276936562 0
8862 0.1202433102408551 -0.03105015380104585 0
8863 1.984973864910161 1.400020195343029 0
8864 0.9407803829152085 -0.08684300540904918 0
8865 0.07548243319840017 0.008629418879418748 0
8866 0.06173346980631178 -0.007088150404408115 0
8867 0.3512964815895718 0.05881060025032127 0
8868 -0.03301775118180053 -1.297182840214025 0
8869 0.006375502626858674 -0.1534289258813353 0
8870 -0.7834081323749076 0.409173271440018 0
8871 0.6014677970019078 -0.03040380179702333 0
8872 0.9418392534980995 0.04940139159788456 0
8873 0.9021260359511231 0.04900153643354997 0
8874 0.1289116052935894 0.02725561367321737 0
8875 0.1374603945324907 0.02465927954625705 0
8876 0.1382931688825722 0.02950621565565078 0
8877 0.1391923872497287 0.03642894321234769 0
8878 0.5631488096729176 -0.09909831870691362 0
8879 0.6676407573621022 0.08124831027343911 0
8880 0.414676735886003 0.06170574006748317 0
8881 -0.8026651360216294 1.108772366528257 0
8882 0.2799075888313827 0.05645766706841624 0
8883 0.9878344763486734 -0.09472212637909405 0
8884 0.3189542587369514 -0.07965474941771923 0
8885 0.03896872274021435 -0.09525877419878537 0
8886 2.801438860958576 0.4155350441794058 0
8887 0.2749913696109993 -0.05434559914891397 0
8888 0.2617298048072516 -0.05083124676673935 0
8889 0.7844103386645886 -0.01334761337668294 0
8890 -0.4853654430267536 0.06807818579412785 0
8891 0.0148143801699824 -0.04891155300429867 0
8892 0.2378724467219821 0.05166528206420325 0
8893 0.2318085487856917 0.05012740954965306 0
8894 0.8952810332998473 -0.01442544913526925 0
8895 0.7936540176965995 -0.01642723911974642 0
8896 0.3090614189314447 -0.05713182479544623 0
8897 0.04198896355380247 -0.05803792404397248 0
8898 0.04671708528893213 -0.05615425244226217 0
8899 0.04711498011938027 -0.06221047678919681 0
8900 0.7720697186684032 0.01786981517202643 0
8901 0.9725974421706381 -0.07102253680259302 0
8902 0.6127505019980154 -0.02473271117455517 0
8903 0.1437022370529258 -0.06587832061268177 0
8904 0.9773247313440749 -0.04991361886647516 0
8905 0.9914239730149372 -0.0453019324616013 0
8906 2.357619443253537 -1.407709822919951 0
8907 0.1087686586679909 -0.03491107893007877 0
8908 0.2244689376700768 0.0516178189965303 0
8909 0.07059440536502913 -0.0223594773365426 0
8910 0.4002018389704025 0.05446060848887532 0
8911 0.7100109314506141 0.04120797196202853 0
8912 0.5185419417157583 -0.04031238101840116 0
8913 0.5165117546158631 -0.04552793425840711 0
8914 0.5226892060881707 -0.04383834004224309 0
8915 0.5109602259754299 -0.0446082572212386 0
8916 0.2205936786432353 -0.04995082465455684 0
8917 0.117301297379125 0.02330143144885258 0
8918 -0.3643611724724761 1.402810086226776 0
8919 0.5654632666340529 -0.03332605318090377 0
8920 0.3523921713425641 0.05360980314947461 0
8921 0.2203444661441504 0.04636744196409868 0
8922 0.4825980280941348 0.06405882602627576 0
8923 0.1317394600357176 -1.401753130173693 0
8924 1.903109718686996 1.298398805930636 0
8925 2.80136278815344 -0.9194018528713619 0
8926 0.3239492575171879 -0.04914560670218505 0
8927 0.3261969281729731 -0.05387899824683549 0
8928 0.3325385496019248 -0.05339656889127192 0
8929 0.3299252332333793 -0.06058764316672564 0
8930 0.3374297104421763 -0.05916011663399785 0
8931 0.3433142321275989 -0.05424518221303049 0
8932 0.3454787436361545 -0.06224526253037711 0
8933 0.3505306306582646 -0.05469550733397004 0
8934 0.3582705705601013 -0.05504843584062975 0
8935 0.3646546962973769 -0.05542284204284856 0
8936 0.3622893006628658 -0.06294454705006015 0
8937 0.3520450805887088 -0.07482821385940004 0
8938 0.3208122716528543 -0.05225731229289513 0
8939 0.3684012613490485 -0.05155014700931966 0
8940 0.371654254518083 -0.05907401161248466 0
8941 0.3821117425497993 -0.06429482359777794 0
8942 0.3778213300974532 -0.05382133420358237 0
8943 0.3852243613580772 -0.05432682606738781 0
8944 0.3931554098024229 -0.06029176599308712 0
8945 0.1150842345312305 -0.04325153157656635 0
8946 1.00403622789557 -0.2165503255262913 0
8947 0.6313110277202332 -0.02097961062496967 0
8948 0.6340035483755035 -0.02453527992406992 0
8949 0.9491630246498233 -0.001727424880361515 0
8950 0.9741123384029735 0.005034104160648104 0
8951 0.3738847099255295 0.06061127156001971 0
8952 0.05337522985798022 -0.05797220612308045 0
8953 0.6552054254072872 0.04714825834547876 0
8954 0.6534363530532117 0.05295132617148841 0
8955 0.66342998721006 0.0509766971955436 0
8956 0.6704206999820017 -0.008337276769734215 0
8957 0.3759614894550681 0.05523242111935611 0
8958 0.249626198074036 -0.04577494142141759 0
8959 0.2531462181286963 -0.05034349937536024 0
8960 0.3589481206765339 -0.04934302660358639 0
8961 0.1781589422099001 0.04010540345263791 0
8962 0.0612903342200331 -0.02691769997266724 0
8963 2.338774252030592 1.394620892364599 0
8964 1.039577229566964 -0.137311187815581 0
8965 1.063114176940016 -0.1499523952253971 0
8966 0.4354022867969216 -0.04772463399362115 0
8967 0.4339092408838108 -0.05393438860248517 0
8968 0.4267579651472513 -0.05348403409532669 0
8969 0.4199423087732647 -0.06051102497951788 0
8970 0.4099694534752805 -0.05975511859914406 0
8971 0.4411723999288822 -0.05876995799266172 0
8972 0.402126956572786 -0.05616157049010562 0
8973 0.4394362131569204 -0.05132376862101275 0
8974 0.4456747455337163 -0.05235785551474171 0
8975 0.7996255064771659 -0.1958808486744802 0
8976 0.9128946978233355 -0.09028106466349091 0
8977 0.033642518970543 -0.03085135201502385 0
8978 0.5946259121603746 0.05780361726896549 0
8979 0.05690769050144286 0.2241112177074087 0
8980 0.6912227330377274 0.3138167843560791 0
8981 0.9961385061830601 0.3243488796460445 0
8982 0.8756311516796487 -0.005384304306277479 0
8983 0.2725180847812989 -0.04946908282981315 0
8984 0.9958733548101528 -0.1258741590422233 0
8985 0.6707411273739995 0.04591131959150719 0
8986 0.9968211560651671 -0.122316871354056 0
8987 0.02126684446844675 -0.04454147768727687 0
8988 -0.2859600641006288 -0.1608777377402062 0
8989 0.6691922644721888 0.05014148071061458 0
8990 0.6749812905859116 0.0495876040932178 0
8991 0.7326840905997245 0.0432447334903529 0
8992 0.983940130634723 -0.4234490527262016 0
8993 0.457962545543011 0.05497292941993368 0
8994 0.4584520518059829 0.06029406168810209 0
8995 0.4653721778913182 0.05909094718520508 0
8996 0.8824589245797443 -0.009123090843516 0
8997 0.9659209628785229 -0.06847645221227217 0
8998 0.9636096079543325 -0.07441594315149808 0
8999 0.9596782616653332 -0.06589022419301918 0
9000 0.9564572271422958 -0.06196782186887441 0
9001 0.9473316493479955 -0.05393932632126147 0
9002 0.9519031237141935 -0.0617692527340085 0
9003 -0.5929871562890953 0.2911333649703722 0
9004 0.1334584565095274 0.02321528850273395 0
9005 0.7223301267158213 0.05750650046739823 0
9006 0.7215600010998122 0.04851669567509537 0
9007 0.5335669679011792 -0.03818315123060298 0
9008 0.5368470255038451 -0.04247649117093646 0
9009 0.5305953999499392 -0.04257222337934037 0
9010 0.558245478242277 0.05280430570992952 0
9011 0.5607219893283715 0.05869179048268234 0
9012 0.5664459207738384 0.05689326392541544 0
9013 0.5661224377220639 0.05217557056490126 0
9014 0.3321486594870856 -0.04844083018393864 0
9015 -0.03635783688799974 0.06764871714109284 0
9016 0.6280490706714954 -0.02363402264458598 0
9017 0.5298758131791996 -0.03832810929645025 0
9018 0.5221233482285892 -0.03916249661956452 0
9019 0.4155968055023119 -0.0481379418332316 0
9020 0.4142540370919229 -0.0535748241379697 0
9021 0.4082589860315008 -0.05269809670961501 0
9022 0.4077982779991994 -0.04847449793793843 0
9023 0.4236791466762793 -0.04837334747850221 0
9024 0.4271120260513378 -0.04765778271830419 0
9025 0.4652534476081562 0.05496340308221616 0
9026 0.4768935694173681 0.05502703472335555 0
9027 0.4687491244275067 0.05534952340906022 0
9028 0.3356847734420082 -0.04934199560586751 0
9029 0.3435857151668059 -0.04889310847847225 0
9030 0.3511043768644289 -0.04916035361424535 0
9031 0.3236054130682548 0.05274557315363788 0
9032 0.3214519914244776 0.05747367136412274 0
9033 0.3162122884106461 0.05339418084501432 0
9034 0.4079723838391823 0.05465583737674298 0
9035 0.4063663578211015 0.05984021183436693 0
9036 0.7054866941371783 0.05025983244040671 0
9037 0.4206144391876112 0.05507076640605927 0
9038 0.4210759206720447 0.05933400422945483 0
9039 0.4278050210467953 0.0594849600014418 0
9040 0.4117229764477442 0.05598665876361534 0
9041 0.9037438251826982 -0.01963904290877681 0
9042 0.1753506338166705 0.05542276295384435 0
9043 0.5286441601120025 0.05390058225743209 0
9044 1.293850495704331 -0.2385202200492074 0
9045 0.2421666555354716 -0.04513039812043841 0
9046 0.9539901789872576 -0.09589975510287642 0
9047 0.5131289570860803 0.05408377488128333 0
9048 0.5128030282164043 0.0588295043511188 0
9049 0.5212181902869976 0.05928194418943081 0
9050 0.5061792800629835 0.05851811112804132 0
9051 0.5211919682558953 0.05401025304844755 0
9052 0.02863480024971184 -0.1455640551641726 0
9053 0.7134439392290741 0.01690758371964132 0
9054 0.05212348274376049 -0.09703172460580527 0
9055 0.4650782165452468 -0.04496393759269621 0
9056 2.479947251700328 -1.404114313928948 0
9057 1.084282721061642 -0.06530700683421591 0
9058 0.6474847949277618 0.05075930146350431 0
9059 0.08572850380664476 0.05418348319396582 0
9060 0.6166489886324695 0.04992894065624881 0
9061 0.6146922775469102 0.05447477796159116 0
9062 0.6087620312099642 0.05444620061158918 0
9063 0.6201107580148829 0.05310264637300081 0
9064 0.6265130899812109 0.05370031437602315 0
9065 0.3673276722203003 0.05411738993979207 0
9066 0.3663742568465789 0.05919452004309868 0
9067 0.3598155999534076 0.05850116978793491 0
9068 0.3600029469826668 0.05380304058099096 0
9069 0.2385995101100822 -0.0444453100991941 0
9070 0.2982489186521595 -0.04803530640701744 0
9071 0.2988855374995 -0.05282425212277981 0
9072 0.3050369572178627 -0.05251231074746474 0
9073 0.0001772001005189356 0.1223349920860331 0
9074 0.2300205888443634 -0.04452401753408489 0
9075 0.2325672649957269 -0.04985517885719138 0
9076 0.6200389900186769 0.04890808704485267 0
9077 1.764022808056683 1.423678373126759 0
9078 0.4954661122811499 -0.042379743770619 0
9079 0.8767718182725128 -0.04947804899104814 0
9080 0.8782813702992637 -0.05456756823754998 0
9081 0.8719712416480745 -0.05190573776268843 0
9082 0.4390108383237496 -0.04677128998599342 0
9083 0.4544493009095902 -0.04621784111910278 0
9084 0.4525565094458889 -0.05075867084196732 0
9085 0.4584858526581536 -0.04897498413638133 0
9086 0.4473876007830091 -0.04712889145644013 0
9087 0.4579675242708016 -0.04520291204071425 0
9088 0.01275693745373746 -0.09725975801591824 0
9089 0.1611129206322687 -0.03672221335190287 0
9090 0.1609868493445633 -0.04148820270024425 0
9091 -0.4349026993963454 1.307219628562327 0
9092 0.2664020970323063 0.04952577461924697 0
9093 0.5105287789571601 -0.04036563118696247 0
9094 0.5033115300354627 -0.04164486888274194 0
9095 0.505545386313207 -0.04672792037520287 0
9096 0.4768774528040647 -0.04991892205898177 0
9097 0.608579441580586 0.04968183047620807 0
9098 0.9296850789103194 -0.03446558959228899 0
9099 0.7160547551982562 0.0216789403222377 0
9100 0.4716671912181158 0.05970316542563227 0
9101 0.2033865213809709 -1.306186070664795 0
9102 0.9428605815663053 -0.05607308394648361 0
9103 0.3205324631739039 -0.04816230930994228 0
9104 0.3133787320893985 -0.04851862234975959 0
9105 0.3146450007235431 -0.05361702250655048 0
9106 0.3054473129478004 -0.04812681328045561 0
9107 0.4682785157459689 -0.04622720610017846 0
9108 0.4914899597062968 -0.04344962780030418 0
9109 0.4945521343409763 -0.04796754057494791 0
9110 0.484682391475942 -0.04484570648901107 0
9111 0.4766798172563442 -0.04460464393957633 0
9112 0.733805362070042 0.02193531264534188 0
9113 0.4204843686814379 -0.05216017379990144 0
9114 0.8418793377999273 0.01490471076518495 0
9115 0.7015276172606125 0.04152122204418506 0
9116 0.1709144438904082 0.03714684259111077 0
9117 0.7229040061555407 0.02135290593117206 0
9118 0.8849372003942862 -0.01278877518791038 0
9119 0.8890361282640945 -0.01079120870783622 0
9120 0.2640753772761087 -0.04620247906178222 0
9121 0.01708690976103695 -0.106186608494226 0
9122 0.2741546180430446 0.04946524814286504 0
9123 0.2609141007347504 -0.04590475343158429 0
9124 0.2534188616062244 -0.04549419247152245 0
9125 0.3997277437439711 -0.04980052254701767 0
9126 0.4277766366756408 0.05482786560344929 0
9127 0.5193987538736821 -0.05150773089563501 0
9128 0.2903333916571297 -0.0475727965687463 0
9129 0.2833733591799358 -0.04783897401578386 0
9130 0.4420192880868517 0.0549174926744263 0
9131 0.4415283552187493 0.05943612292186992 0
9132 0.4350249525629364 0.05893060895613463 0
9133 0.4498376168671014 0.05990525465178474 0
9134 0.4499052305422804 0.05505591370897178 0
9135 0.4350375504740021 0.05470486266673822 0
9136 0.3927642742685666 -0.04934327923119978 0
9137 0.377621321093076 -0.04889356799205505 0
9138 0.3850510138403344 -0.04883765007475796 0
9139 0.5594361967159101 -0.03964260226896128 0
9140 0.7273025879430548 0.02127203576609005 0
9141 0.7544317186353969 0.03439394564752331 0
9142 0.6629352261792845 0.04579143305429983 0
9143 0.9427187466780802 -0.1969403195167581 0
9144 0.3911388554727937 -0.05347158577723963 0
9145 1.230009332431679 -0.3447260039112273 0
9146 0.8835093228064049 -0.05259001708680047 0
9147 0.9314216215977066 -0.04710226696785184 0
9148 0.9374503246139279 -0.05151172707263877 0
9149 0.8669587379800426 0.02374139587664486 0
9150 0.5571531307184889 -0.0348777821365084 0
9151 -0.9164511782328174 0.9600000000019994 0
9152 0.8597138394645297 -0.2326295868687855 0
9153 0.5536633480882603 -0.0344485262831502 0
9154 0.5530599967767591 -0.03913558195510921 0
9155 0.5732973425628798 0.05751765445505225 0
9156 0.5816015477072887 0.05662136581525342 0
9157 0.2025096985447763 0.04353607174287467 0
9158 0.2011066679725825 0.04726107201432551 0
9159 0.194032294792804 0.04283135198692115 0
9160 0.1899537920008934 0.04501925239323418 0
9161 0.1846392809288254 0.04471098396752268 0
9162 0.2064918541539229 0.05013645433611697 0
9163 0.7139662799119035 0.04017320735592624 0
9164 0.7151171120235049 0.04452564414181898 0
9165 0.7217852027887828 0.04232679921005893 0
9166 0.5735069441727608 0.05206886835472066 0
9167 0.581071269686613 0.05152213610537956 0
9168 0.05583142668970347 -0.01370900192130868 0
9169 0.1802990243893707 -0.03894433341862379 0
9170 0.216721605841538 0.04517351288268587 0
9171 0.5884655206130486 0.05079343960134125 0
9172 0.2878374585646581 -0.05196330551833906 0
9173 -0.9044599651481242 -0.4927201719114496 0
9174 0.5813341344405735 -0.03040176267024302 0
9175 0.4848018027578019 0.05424363988290211 0
9176 0.5061046747073866 0.05405757765769448 0
9177 0.499437787515485 0.05428011022913322 0
9178 0.5000528710053023 0.05823932167026277 0
9179 0.4911845568452459 0.05504498952093852 0
9180 0.9158787842239443 -0.0683804495375477 0
9181 0.8106658468103513 0.03896878535710195 0
9182 0.1758019701919657 -0.08650576201646883 0
9183 0.1998175664623896 -0.1062324828405082 0
9184 0.3076713682489491 0.05212210514597616 0
9185 0.3061145061248683 0.05776493390357925 0
9186 0.3004386134671401 0.05508774736547097 0
9187 0.3972556573663406 0.05442869371305271 0
9188 0.8725111565172095 -0.004092459774319141 0
9189 0.301003115857123 0.05113326400535223 0
9190 0.3894752247806753 0.05501057948931024 0
9191 0.3923884927559747 0.05962641585048739 0
9192 0.386553404101498 0.05795514802052965 0
9193 0.3862432431448886 0.05408280858696395 0
9194 0.3795070903368589 0.05428418568745209 0
9195 0.3806664399464185 0.05902444006883007 0
9196 0.9626933632832769 -0.06026991750358235 0
9197 0.5509029826259713 0.05257166134365852 0
9198 0.5367639583969244 0.0534398229374712 0
9199 0.5377499049865425 0.05772678963850012 0
9200 0.5439122912394709 0.05736093701445366 0
9201 0.5436236566787205 0.05287113087028944 0
9202 0.2944284466960455 0.05096216874030655 0
9203 0.2946602497926577 0.05586646024949106 0
9204 0.2073394976438845 -0.04179250955169907 0
9205 0.2074906823376519 -0.04682795315653061 0
9206 0.001465386171696077 -0.06832082937721938 0
9207 0.9587957148526943 -0.09530053398181798 0
9208 0.6270194268734852 0.04864432191739283 0
9209 0.2142739762653281 -0.04625061546542645 0
9210 0.3941581067784572 -0.07372671939195387 0
9211 0.3483157142314504 0.05400605517271746 0
9212 0.3310767738429466 0.05279245839920663 0
9213 0.6395568534289752 -0.02246635904310967 0
9214 0.3420783165161674 0.05282192433552485 0
9215 0.3436213605654472 0.05705457934850292 0
9216 0.3388101993690905 0.0541916067917842 0
9217 0.8223713428329188 0.02381000244000465 0
9218 0.5886898227958448 -0.02862851931790347 0
9219 0.5642531563779558 -0.0376096710527182 0
9220 -0.601872399874422 1.404583473638084 0
9221 0.757870916137266 0.03515343305841838 0
9222 0.2870040243670683 0.05656122488010126 0
9223 0.3686371875010874 0.08984589105695164 0
9224 -0.5664200399781275 -0.04736541176030207 0
9225 0.3377718039869202 -0.05331628885762598 0
9226 0.6343954573320014 0.04795852743046447 0
9227 -0.7975533536561631 -0.215732562020787 0
9228 0.9033861982920509 -0.08594124245862074 0
9229 1.653396107015831 1.291606944221321 0
9230 0.1997912813787159 -0.04102524592582988 0
9231 -0.1393442211286252 -0.242619258005058 0
9232 -0.1164588724590093 -0.1726969939190046 0
9233 2.5523052949859 -1.306168661455432 0
9234 0.8266087985211368 -0.02858324728726271 0
9235 -0.7075689852496325 -0.8442398817295932 0
9236 0.6508375553939835 0.01469781256966626 0
9237 0.2585410002889467 0.04896715862835943 0
9238 0.2567839079872282 0.0535577321074458 0
9239 0.251630217675803 0.05218532706886015 0
9240 0.6498598986567892 -0.07509472704462841 0
9241 0.2519932126586253 0.04810273953991423 0
9242 0.597197906231162 0.456662690389464 0
9243 0.3688948045325525 -1.405319097852138 0
9244 0.6662306943998059 0.01758370925135976 0
9245 0.2145690693287617 0.04980800757935654 0
9246 1.090839764520847 -0.1290810065877153 0
9247 0.8776679230600855 0.01018870852397515 0
9248 0.9750413370827951 -0.08502710037389874 0
9249 -0.06215546973927379 -0.03671178696791758 0
9250 0.08527595995379758 -0.008020114525747433 0
9251 0.6404118593196064 -0.04091664174575876 0
9252 0.9463612197582013 -0.08893767070365992 0
9253 2.810379899983054 0.6513923372326625 0
9254 0.9931896183450083 -0.0200738881727418 0
9255 0.7550890001772883 0.01488524623574516 0
9256 0.0927074140944342 -0.251393771047396 0
9257 0.6587849533523609 0.09934766885003328 0
9258 0.6975617164012035 0.120733268963872 0
9259 0.6706632921288859 0.1631171087539431 0
9260 0.5478091929228848 -0.03865180116940304 0
9261 0.5427680972814254 -0.04040342145603468 0
9262 0.8740317921598383 -0.04771163006553183 0
9263 0.1250372052589453 -0.06973054439982737 0
9264 0.8671473982755367 -0.04557189239866908 0
9265 0.6740577546783186 0.04476370928490654 0
9266 0.1647747469657031 0.03489038190452966 0
9267 0.2121714248337186 -0.08252505483524872 0
9268 0.5410940146018708 -0.03623242645374504 0
9269 0.547311809490473 -0.03504224558675552 0
9270 0.267866188955351 0.05440570216622419 0
9271 0.5171736295018224 -0.06274825421801671 0
9272 0.7049340281337502 0.02187762532418101 0
9273 0.6668895014006723 0.02242793005482527 0
9274 0.9419783811334194 -0.04961056651247707 0
9275 0.6805837249398954 0.0437796985640644 0
9276 0.8873683334645733 -0.05351548569340948 0
9277 0.8665983760569398 -0.0007810943122979865 0
9278 1.24520031869098 0.06131551279086749 0
9279 -0.8024926859400094 -0.04015170116459249 0
9280 0.3065717601924991 0.09717792348374715 0
9281 0.07782174881117948 -0.02055388223645164 0
9282 0.07616724534421951 -0.02846400811321069 0
9283 0.6015701713987613 0.05009075680708766 0
9284 0.6003412407562385 0.05562703443411409 0
9285 0.5950119316943285 0.05208873720633081 0
9286 0.2211392686177823 -0.04475003059628638 0
9287 0.7115303014053029 0.0216922536919724 0
9288 0.9698010174719407 -0.2244847793200589 0
9289 1.0017478187658 -0.1808418533829366 0
9290 0.275558611587747 0.05443078571609281 0
9291 0.4940716814382871 0.05962285615729475 0
9292 0.6144749010627885 0.2603374075467097 0
9293 1.000417509929083 -0.1090609447766602 0
9294 0.21017312789484 0.04545289133449596 0
9295 0.8884571783997486 0.3393454121226839 0
9296 0.9221974592630373 -0.07186546771353201 0
9297 0.8227490652161376 0.07020777228133221 0
9298 0.1357039689206664 0.13348247946281 0
9299 0.7726350083675746 0.003192959285727785 0
9300 0.2138902096225724 -0.0421795898865724 0
9301 0.7714669111554034 0.03561792510197716 0
9302 0.9452581276058075 -0.05843064503437779 0
9303 0.7192831119903156 0.01801413948942032 0
9304 0.8505621965828287 -0.5031534713206253 0
9305 0.1273207815244665 0.01891150821256734 0
9306 0.2872804088464936 0.05068926114191616 0
9307 0.279690587135987 0.0510827120376507 0
9308 -0.19214423497556 -0.1766663687111216 0
9309 1.00328649093202 -0.1324654609108074 0
9310 0.6474128351089403 0.04672482614856616 0
9311 0.4573095221204918 0.1241851765779097 0
9312 0.4774658679919746 0.4651167491576785 0
9313 0.6933023477678157 0.04250359665319536 0
9314 0.6527934871278006 0.00865815701095664 0
9315 0.1954257227438472 0.04737704751458689 0
9316 0.1976053396899866 0.05463202981506678 0
9317 1.532258576376049 1.424074439198701 0
9318 0.9618249022115626 -0.1197684451246428 0
9319 1.168801859669235 -0.4378767776872751 0
9320 0.7297782654120243 0.03873797716431222 0
9321 0.8529068647553695 -0.04272414491957596 0
9322 0.7810594307033918 0.02167175868604087 0
9323 0.007479045288118671 -0.1115655487387349 0
9324 0.0409904234709379 -0.07214784813387436 0
9325 0.01332482462048419 -0.05209361902617712 0
9326 2.921841295735079 -0.7200000000028889 0
9327 2.663480096886663 -1.314112612427563 0
9328 0.7312193079452265 0.01817221249195457 0
9329 0.2454217248949034 0.04747526014239394 0
9330 0.2452753462043112 0.05216160883221629 0
9331 0.1468485510543606 -0.03501443231198964 0
9332 -0.6744071218583704 1.309316973779375 0
9333 0.8070925272001472 -0.02595279353354344 0
9334 0.8477753476706921 -0.03971444726063957 0
9335 0.448755303713239 -1.308701553538516 0
9336 1.065462112232111 -0.1836050231500993 0
9337 0.5687218349405876 -0.03196554930727982 0
9338 0.8421731063422901 -0.035575351123242 0
9339 2.771490081789775 -1.321857959691623 0
9340 -0.8160110012916935 -0.6564892850044313 0
9341 0.305897274331856 -0.090655489366038 0
9342 0.7367822720631224 0.02249745649085994 0
9343 0.8609162380477295 0.001983014621568812 0
9344 0.1315820447766842 -0.03251650273211029 0
9345 0.6869279751340167 0.04309128495069966 0
9346 -0.07191746803477073 -0.1701857416514312 0
9347 0.3088283027052061 0.3837687403247805 0
9348 0.6489952119040814 0.008447323245551128 0
9349 0.1589323021756797 0.03308579716402898 0
9350 0.6157598511176556 -0.02354921909877905 0
9351 0.8149224114414437 -0.02378881113045841 0
9352 0.9685747944130672 -0.07440694075139603 0
9353 0.08495835401164432 -2.215433391960478e-05 0
9354 0.9703475529445666 -0.1022061406315676 0
9355 0.9703262747049659 -0.1056063158031213 0
9356 1.138540980417604 -0.134333573105734 0
9357 0.05226463588050564 -0.09125073168831371 0
9358 0.8785151556829363 -0.0631165271133244 0
9359 0.8669303170148395 -0.06757754153856978 0
9360 0.9652828508806739 -0.09902019175391179 0
9361 0.2458888721108491 -0.04902394379029511 0
9362 0.6738562736345712 -0.02153344778268008 0
9363 0.7083314986452517 0.04626306685314717 0
9364 0.9031279863373423 -0.06102731132313249 0
9365 0.5894427596722972 0.054682544959854 0
9366 2.820083197730471 -0.2967558447029688 0
9367 0.9280667456715124 -0.07475232254048085 0
9368 1.029457507638063 -0.1868933914907054 0
9369 -0.7897239692632145 1.313167113891816 0
9370 0.1872709791433125 -0.04012727339222939 0
9371 0.9477642042619545 -0.1428807839410004 0
9372 0.9336413207809328 -0.1668990652470544 0
9373 0.7751711298727278 0.009738076657286328 0
9374 0.61177821882049 -0.0288498908690791 0
9375 0.1682039180919324 -0.03745950051708457 0
9376 0.7499606144881115 0.0454793987556171 0
9377 0.8675801736639841 -0.04991068062496933 0
9378 0.04878501895512351 -0.06904052325907793 0
9379 0.1403859476786465 0.06735981382567269 0
9380 2.808026971851695 -0.5188419049738417 0
9381 -0.005758931807315075 -0.06784108466927875 0
9382 -0.8017196247330411 -0.990634513782954 0
9383 1.415216221683017 1.298828244089396 0
9384 -0.1073151116820247 -0.1166606275124399 0
9385 0.1425222603298201 -0.03730194653825165 0
9386 0.5274773263584159 0.05883658368756253 0
9387 0.8555327327766116 0.004657463884714079 0
9388 0.8757391851546029 0.04933505880257241 0
9389 0.588434732732893 -1.42957722556734 0
9390 0.2264803798705446 0.0621016323376012 0
9391 0.9568540978643713 -0.0687425916013325 0
9392 0.7804699884267363 0.03094514336829546 0
9393 0.3288426207546697 0.05642970034598579 0
9394 0.6008158798232619 -0.08142313291241762 0
9395 1.015987839893274 -0.1621025440686774 0
9396 0.4638708919717079 -0.04904093716849448 0
9397 -0.2040557873902289 -0.0003433191686758926 0
9398 0.8718350983942071 -0.05860657659409689 0
9399 0.2425791657000629 -0.1200494268353871 0
9400 0.4762595497299311 -0.07486014692113659 0
9401 0.8796242892639096 -0.003442846499631872 0
9402 0.0148990874578992 -0.09716646568437683 0
9403 0.9193141228327617 -0.03397506933898187 0
9404 0.8884255446372097 -0.06800462983033466 0
9405 2.718467846976172 0.1198828903808459 0
9406 0.08974214045954614 -0.003962296286313527 0
9407 0.7688027524939174 0.02189855380566046 0
9408 0.6386485823908661 -0.01888034171474776 0
9409 0.3011186737778013 -0.2094797150849181 0
9410 0.3347698355042232 -0.2649307861710193 0
9411 0.1535640994710137 0.03089868751880887 0
9412 0.134441021075015 0.02746751029253894 0
9413 0.9333768075857904 -0.07788632169351295 0
9414 0.3836137180909491 -0.1586109837691548 0
9415 0.4024367964312723 -0.2093272559156821 0
9416 0.4637700174428836 -0.1443397572464215 0
9417 0.95221134533914 -0.126657709241652 0
9418 0.4762818756704995 0.1062754214374117 0
9419 0.7481474476412923 0.02315514551007677 0
9420 0.7426636335890155 0.0227950911661267 0
9421 0.9831962605474756 -0.09432157028878906 0
9422 0.441173809281573 -0.1207588601418669 0
9423 0.1910282283856455 0.04147399649639251 0
9424 0.0452830728833381 -0.01779988286426464 0
9425 0.185425311991733 0.04050528351209232 0
9426 -0.8097524123333011 0.6894136063779303 0
9427 0.006473236235691897 -0.06051968164842599 0
9428 0.842665385977118 -0.06495132659575054 0
9429 0.5376723570001394 -0.05713823362239413 0
9430 0.5410456433621277 -0.07086634946946613 0
9431 0.009757772549888775 -0.05650296878452174 0
9432 0.3914240751279311 0.1338919918268245 0
9433 0.850588935993096 0.007329431441042922 0
9434 0.1091999050626838 0.008690153135293636 0
9435 2.823909189742948 -0.06148473693715313 0
9436 0.5986433741771183 0.07726978321000742 0
9437 0.3219567493251064 -0.0587022925741079 0
9438 0.4887836160926305 -0.04821708610594866 0
9439 0.5194641117115708 0.1195072056163579 0
9440 0.07481154146312662 -0.07496211622131099 0
9441 0.2282732905319939 0.04687731714763641 0
9442 0.353244290873967 0.09102262369108775 0
9443 0.8076996892472095 0.02349563566037427 0
9444 1.294117647063557 1.428885916365513 0
9445 0.2811908527043718 -0.05225148254587206 0
9446 0.6911974340754092 0.02283523144292108 0
9447 0.123326671085205 -0.05303394005274999 0
9448 0.7283481994742204 -0.03631221407088404 0
9449 0.7087084870865983 -0.04727991053991499 0
9450 0.7859246681943258 0.3398089444073784 0
9451 0.7454721272251906 0.1200657250107841 0
9452 0.4127451740649513 -0.06983289141244346 0
9453 0.2944916207883359 -0.1067757004123494 0
9454 0.707770563898121 0.01839953376305175 0
9455 0.9336830392319251 0.008967489977882591 0
9456 0.3415426052274034 -0.09866417934805019 0
9457 0.6937646888523549 -1.30393430270299 0
9458 0.064707939676309 -0.03902264978555695 0
9459 0.600611268198107 -0.02587938109639684 0
9460 0.8497280375360539 -0.03670409793154778 0
9461 0.9054532024964339 -0.06215082173668662 0
9462 -0.9142879806038825 -1.413638735309247 0
9463 0.4875059296116589 -0.1252190118113221 0
9464 0.5570262912185642 0.06435764743699718 0
9465 0.2796235205272777 -0.07581238721405828 0
9466 0.7010196322746076 0.04633679040883882 0
9467 0.06957545260181429 -0.0001534325945297269 0
9468 0.7270247832116759 0.04351593707710039 0
9469 0.6214864330335396 -0.02225946583527769 0
9470 0.116558711734352 -0.09328930386182877 0
9471 2.916037883806475 -1.416101846103198 0
9472 -0.9166409051286281 1.416544941046799 0
9473 2.918944844887503 1.41506180958902 0
9474 0.03366212675936264 -0.03340573351310736 0
9475 0.3075017772804417 0.1447449447972173 0
9476 0.5717896666427699 -0.1278541549124483 0
9477 0.5525615917269987 -0.1615943048566655 0
9478 1.245928516263461 -0.1754434454090059 0
9479 0.8810591809415959 0.00319259155165006 0
9480 0.9383386105968873 -0.08047552971376448 0
9481 0.8975003646912521 -0.07882373909944111 0
9482 0.8517567500426542 -0.07731823230531384 0
9483 0.2470264878268914 -0.0799648860931413 0
9484 -0.08723908967091987 0.07064885709607087 0
9485 0.4280616177400538 0.1425389883633071 0
9486 0.06056857095275182 -0.001020470758307908 0
9487 0.8582098800883654 0.1984774229403027 0
9488 0.9064703722862332 -0.02427890635529841 0
9489 0.3786858719270024 -0.09047938048203943 0
9490 2.834682085067473 1.267143685017331 0
9491 0.08546615915180801 0.006471424215312114 0
9492 0.552728387629587 0.05686428596113401 0
9493 -0.927827864536283 0.483925666663274 0
9494 0.06827949580908067 -0.01867846916033399 0
9495 0.2988675712295066 0.06037181300995542 0
9496 -0.02029382444664117 -0.1545059542041463 0
9497 0.8456469935440059 0.009547203978008255 0
9498 0.1488686736643686 0.02863509322177239 0
9499 0.1427971568963559 0.02986513564830753 0
9500 0.09055893496627224 -0.01142456651430582 0
9501 0.7206350341205983 0.03925418561458746 0
9502 0.06091241305030876 -0.0553514862580337 0
9503 -0.08970701581847619 -0.0001081040405403084 0
9504 0.7925545124678681 -0.09709917359780873 0
9505 0.6547237302380166 0.06356528799381464 0
9506 2.808740272753987 0.8657759907009248 0
9507 1.180912057928544 1.306476048433241 0
9508 0.2424866344701704 0.1431938041773546 0
9509 0.2730736414058428 0.1401495223980847 0
9510 0.1226080112498782 0.02821290215974286 0
9511 0.5770633630792785 -0.08110119550155091 0
9512 1.136372219816301 0.2166333375910034 0
9513 0.899108346415591 -0.01814653119997824 0
9514 0.8960835190655407 -0.01862172055215292 0
9515 1.028651683013367 -0.1280113312839103 0
9516 1.041493493707277 -0.1185960873487817 0
9517 0.4071684636671183 -0.08061430930533536 0
9518 0.743137936854648 0.03598113479926227 0
9519 0.6591309151909337 0.006130416309566406 0
9520 0.9832842399988425 0.03964419553953072 0
9521 -0.144911377194821 0.002972566180882267 0
9522 0.8064225968861671 -0.2747134568878129 0
9523 0.1220432784626446 -0.03604984873453559 0
9524 0.8107516644789856 0.02093042811205732 0
9525 0.8307978017592614 -1.42368783128337 0
9526 0.8167466866828264 0.02942080046929825 0
9527 0.3880378247468387 0.06454326461388118 0
9528 0.2397400890739477 -0.04917705064325787 0
9529 2.815610466380571 1.04246781883821 0
9530 0.8484183825989751 -0.0566654632363689 0
9531 0.05388427293219104 -0.07535203540866264 0
9532 0.8138839517573995 -0.05903773432083147 0
9533 0.01847938072688127 -0.09994230460039366 0
9534 1.064788854619555 -0.4339443045429346 0
9535 0.121338284333427 0.01397079092261302 0
9536 0.1231162028541465 0.01540361339516038 0
9537 0.6918934493579159 0.01113226135457704 0
9538 0.3699139736742408 -0.04824648635494616 0
9539 0.3668970443397319 -0.04827871458324719 0
9540 0.03641823662282988 0.000631359340279815 0
9541 0.7852060144848936 0.0213673265960683 0
9542 0.06496285162054542 -0.1262569936839699 0
9543 0.5353962379492053 -0.04850408679391618 0
9544 0.4061856907780326 0.3730912900028495 0
9545 0.2748629140559294 -0.04587554570036495 0
9546 0.07427505858819608 -7.102904234711248e-05 0
9547 0.9165292547589043 0.2540368643857316 0
9548 0.03194418222852312 -0.02543837649436076 0
9549 0.9974148361634687 -0.1295506178132847 0
9550 0.9093788695523339 -0.02988574109612529 0
9551 0.3623851809564936 0.06566810032450969 0
9552 0.9430662979826956 -0.08308084861251044 0
9553 0.6490318189997413 0.02127282935178773 0
9554 0.323817842995156 0.2915778124752874 0
9555 0.2321018612317039 0.04630615058683305 0
9556 0.6489855424604871 -0.01373442092754469 0
9557 0.2285194895770734 -0.07938791882169344 0
9558 0.8389809420954528 0.01970740202709634 0
9559 0.684034455342315 0.02325540753515962 0
9560 0.8669504619973103 0.1506962669180773 0
9561 0.6509836076801587 0.02299834461952472 0
9562 2.719525640573815 0.3486843614094912 0
9563 0.7878142326987206 -0.01732495806813393 0
9564 0.9724548769869101 -0.103167223548563 0
9565 1.066636883561886 0.01874223680773345 0
9566 0.8408832616322468 0.01146209867256824 0
9567 0.77406415064284 0.06346010512678599 0
9568 0.7106141897493949 -0.02865958961597666 0
9569 0.2538483031886457 -0.1003984222980408 0
9570 0.3988678851755382 0.05814412820452459 0
9571 0.02997413732900332 -0.03667832508425585 0
9572 0.6487283243803309 0.01671708156525353 0
9573 0.3366427025858341 -0.0678322081423709 0
9574 0.9900026132112587 -0.1201977396335559 0
9575 1.12419300426788 -0.05081922305071912 0
9576 0.5184667054319622 -0.2019581779881525 0
9577 0.2265204600909645 -0.04866718874850608 0
9578 0.7541652462550458 0.02025877140059535 0
9579 0.492469068094777 0.1347641518770187 0
9580 0.7545806772828016 0.03933842491916419 0
9581 0.7403856305364527 0.09395175945420371 0
9582 0.1442117973605271 0.02667391502562155 0
9583 0.9167358291311 -0.03618785381913531 0
9584 0.9052982581333447 -0.02739121799412931 0
9585 -0.004492878575204079 -0.08409221627300088 0
9586 0.4347817613759365 -0.07633266972072858 0
9587 1.061601089914451 1.431837518824188 0
9588 0.4164930092705328 0.09649265321902691 0
9589 0.005083517102117399 -0.02216956931330324 0
9590 0.7510446353249943 0.02260372850474017 0
9591 2.82060769347248 -1.242390339109518 0
9592 0.001247959513236133 0.1815653707393454 0
9593 0.1853839334932317 -0.07130869638494111 0
9594 0.004430505277686611 -0.05732903768848177 0
9595 0.1642331983383147 -0.04777333700417831 0
9596 0.01717424682735607 -0.09739010696420364 0
9597 0.3260117184571295 -0.06821307254658429 0
9598 0.3536298342368157 -0.06171086427888114 0
9599 0.1070572064326481 -0.02916422884503549 0
9600 0.9023664621945953 -0.02430227089760474 0
9601 0.9411764705828694 -1.436477547922964 0
9602 0.1889564818752162 0.05021575015806155 0
9603 0.9688764398375127 -0.1168003456357663 0
9604 0.04396480796601726 -0.1022831252485656 0
9605 0.4928053121162019 0.2261645881081045 0
9606 0.4790943279283876 0.05952593113104131 0
9607 0.1799344722786796 0.04402358654608927 0
9608 0.1808533830590783 0.05003274638487039 0
9609 -0.841515462748139 1.013544311615568 0
9610 0.7874370917279109 -0.04955602830632291 0
9611 0.992664506250116 -0.1276030449976755 0
9612 0.5481494293000427 -0.04283236068642957 0
9613 0.7776274259306847 0.1087817557777632 0
9614 0.6915588756832005 0.05497403361158161 0
9615 0.509030713650817 0.06425181231558114 0
9616 0.03869674165332784 -0.07739183307627466 0
9617 0.3960330382935926 -0.05361307127364578 0
9618 0.6583667034273453 0.05088562224263285 0
9619 0.8362852887064736 0.01318577666167703 0
9620 0.7304931250819495 -0.06423210653317674 0
9621 0.6180205072775414 -0.1036308148521569 0
9622 0.9526878909517285 -0.06466448720744238 0
9623 0.5153000974300644 0.09951573683994121 0
9624 0.7938731207542369 0.03802386882752305 0
9625 0.04844907737293095 -0.1534696753669383 0
9626 0.5710447036641562 -0.06579791025780711 0
9627 0.01560828908288029 -0.03570003366280534 0
9628 0.9491042591635379 -0.08673914534474254 0
9629 0.947333174435758 -0.08562846047850503 0
9630 0.7670006720860485 -0.09766553671825498 0
9631 0.223138815963142 -0.04232569618629196 0
9632 0.620255988057668 -0.04159507803415497 0
9633 0.6263722922399485 -0.02075587637387187 0
9634 0.8586842230655147 0.02420930264942575 0
9635 0.7356900169853919 0.04924097054544518 0
9636 0.1691507307211109 0.04946997707303018 0
9637 0.3588204294415837 0.146106047847629 0
9638 0.07969720246447583 -0.05903195943148401 0
9639 0.1867797082001961 0.07202847934516271 0
9640 0.89993515158976 -0.02219186891964437 0
9641 0.1326120637638578 -0.03659455799151206 0
9642 0.7884882034779148 -0.009891908205511779 0
9643 0.1445438295782098 -0.05391672034019023 0
9644 0.5890060978934819 -0.04017391742245557 0
9645 2.834543232729515 -1.020000000001775 0
9646 0.1098736658879344 0.09855510038327604 0
9647 0.7754817372477164 0.03692822167971422 0
9648 0.07952040071937852 0.005740154265017748 0
9649 0.3840955391332275 -0.07868744107987435 0
9650 -0.04268118117303998 -0.1741617388408734 0
9651 0.9778362504433435 -0.1112459610589542 0
9652 0.7235640215503489 0.06742208724609616 0
9653 0.2221691499658716 -0.1029351213055142 0
9654 0.5245018448551667 -0.07901312782046239 0
9655 0.04797855181292351 -0.04359660103015076 0
9656 0.4863180219461335 0.05829967113996783 0
9657 0.2718787825276447 -0.04603779943024577 0
9658 -0.0007208271618486782 0.04896874087215732 0
9659 0.101379033971691 0.01067392610794246 0
9660 0.06388542192800825 0.0596229251696123 0
9661 0.1063138168085395 -0.003254569509563258 0
9662 0.1048295472253375 -0.006566362276800526 0
9663 -0.01809122644838259 -0.06569492132418922 0
9664 0.8003921167793442 -0.01704410887903405 0
9665 0.8942615541025977 -0.01991421757956042 0
9666 -0.007611514921840562 -0.09708190587681698 0
9667 0.1340822218572188 0.03175607054499303 0
9668 0.9944459015598093 -0.09184057682944922 0
9669 0.8954972039642961 -0.02088820956718376 0
9670 0.8014031572673194 -0.02975764512262757 0
$EndNodes
$Elements
13572
1 1 2 4 1 1 2
2 1 2 4 2 2 3
3 1 2 4 3 3 4
4 1 2 4 4 4 5
5 1 2 4 5 5 6
6 1 2 4 6 6 7
7 1 2 4 7 7 8
8 1 2 4 8 8 9
9 1 2 4 9 9 10
10 1 2 4 10 10 11
11 1 2 4 11 11 12
12 1 2 4 12 12 13
13 1 2 4 13 13 14
14 1 2 4 14 14 15
15 1 2 4 15 15 16
16 1 2 4 16 16 17
17 1 2 4 17 17 18
18 1 2 4 18 18 19
19 1 2 4 19 19 20
20 1 2 4 20 20 21
21 1 2 4 21 21 22
22 1 2 4 22 22 23
23 1 2 4 23 23 24
24 1 2 4 24 24 25
25 1 2 4 25 25 26
26 1 2 4 26 26 27
27 1 2 4 27 27 28
28 1 2 4 28 28 29
29 1 2 4 29 29 30
30 1 2 4 30 30 31
31 1 2 4 31 31 32
32 1 2 4 32 32 33
33 1 2 4 33 33 34
34 1 2 4 34 34 35
35 1 2 4 35 35 36
36 1 2 4 36 36 37
37 1 2 4 37 37 38
38 1 2 4 38 38 39
39 1 2 4 39 39 40
40 1 2 4 40 40 41
41 1 2 4 41 41 42
42 1 2 4 42 42 43
43 1 2 4 43 43 44
44 1 2 4 44 44 45
45 1 2 4 45 45 46
46 1 2 4 46 46 47
47 1 2 4 47 47 48
48 1 2 4 48 48 49
49 1 2 4 49 49 50
50 1 2 4 50 50 51
51 1 2 4 51 51 52
52 1 2 4 52 52 53
53 1 2 4 53 53 54
54 1 2 4 54 54 55
55 1 2 4 55 55 56
56 1 2 4 56 56 57
57 1 2 4 57 57 58
58 1 2 4 58 58 59
59 1 2 4 59 59 60
60 1 2 4 60 60 61
61 1 2 4 61 61 62
62 1 2 4 62 62 63
63 1 2 4 63 63 64
64 1 2 4 64 64 65
65 1 2 4 65 65 66
66 1 2 4 66 66 67
67 1 2 4 67 67 68
68 1 2 4 68 68 69
69 1 2 4 69 69 70
70 1 2 4 70 70 71
71 1 2 4 71 71 72
72 1 2 4 72 72 73
73 1 2 4 73 73 74
74 1 2 4 74 74 75
75 1 2 4 75 75 76
76 1 2 4 76 76 77
77 1 2 4 77 77 78
78 1 2 4 78 78 79
79 1 2 4 79 79 80
80 1 2 4 80 80 81
81 1 2 4 81 81 82
82 1 2 4 82 82 83
83 1 2 4 83 83 84
84 1 2 4 84 84 85
85 1 2 4 85 85 86
86 1 2 4 86 86 87
87 1 2 4 87 87 88
88 1 2 4 88 88 89
89 1 2 4 89 89 90
90 1 2 4 90 90 91
91 1 2 4 91 91 92
92 1 2 4 92 92 93
93 1 2 4 93 93 94
94 1 2 4 94 94 95
95 1 2 4 95 95 96
96 1 2 4 96 96 97
97 1 2 4 97 97 98
98 1 2 4 98 98 99
99 1 2 4 99 99 100
100 1 2 4 100 100 101
101 1 2 4 101 101 102
102 1 2 4 102 102 103
103 1 2 4 103 103 104
104 1 2 4 104 104 105
105 1 2 4 105 105 106
106 1 2 4 106 106 107
107 1 2 4 107 107 108
108 1 2 4 108 108 109
109 1 2 4 109 109 110
110 1 2 4 110 110 111
111 1 2 4 111 111 112
112 1 2 4 112 112 113
113 1 2 4 113 113 114
114 1 2 4 114 114 115
115 1 2 4 115 115 116
116 1 2 4 116 116 117
117 1 2 4 117 117 118
118 1 2 4 118 118 119
119 1 2 4 119 119 120
120 1 2 4 120 120 121
121 1 2 4 121 121 122
122 1 2 4 122 122 123
123 1 2 4 123 123 124
124 1 2 4 124 124 125
125 1 2 4 125 125 126
126 1 2 4 126 126 127
127 1 2 4 127 127 128
128 1 2 4 128 128 129
129 1 2 4 129 129 130
130 1 2 4 130 130 131
131 1 2 4 131 131 132
132 1 2 4 132 132 133
133 1 2 4 133 133 134
134 1 2 4 134 134 135
135 1 2 4 135 135 136
136 1 2 4 136 136 137
137 1 2 4 137 137 138
138 1 2 4 138 138 139
139 1 2 4 139 139 140
140 1 2 4 140 140 141
141 1 2 4 141 141 142
142 1 2 4 142 142 143
143 1 2 4 143 143 144
144 1 2 4 144 144 145
145 1 2 4 145 145 146
146 1 2 4 146 146 147
147 1 2 4 147 147 148
148 1 2 4 148 148 149
149 1 2 4 149 149 150
150 1 2 4 150 150 151
151 1 2 4 151 151 152
152 1 2 4 152 152 153
153 1 2 4 153 153 154
154 1 2 4 154 154 155
155 1 2 4 155 155 156
156 1 2 4 156 156 157
157 1 2 4 157 157 158
158 1 2 4 158 158 159
159 1 2 4 159 159 160
160 1 2 4 160 160 161
161 1 2 4 161 161 162
162 1 2 4 162 162 163
163 1 2 4 163 163 164
164 1 2 4 164 164 165
165 1 2 4 165 165 166
166 1 2 4 166 166 167
167 1 2 4 167 167 168
168 1 2 4 168 168 667
169 1 2 4 168 667 169
170 1 2 4 169 169 668
171 1 2 4 169 668 170
172 1 2 4 170 170 669
173 1 2 4 170 669 171
174 1 2 4 171 171 670
175 1 2 4 171 670 172
176 1 2 4 172 172 671
177 1 2 4 172 671 173
178 1 2 4 173 173 672
179 1 2 4 173 672 174
180 1 2 4 174 174 673
181 1 2 4 174 673 175
182 1 2 4 175 175 674
183 1 2 4 175 674 176
184 1 2 4 176 176 177
185 1 2 4 177 177 178
186 1 2 4 178 178 179
187 1 2 4 179 179 180
188 1 2 4 180 180 181
189 1 2 4 181 181 182
190 1 2 4 182 182 183
191 1 2 4 183 183 184
192 1 2 4 184 184 185
193 1 2 4 185 185 186
194 1 2 4 186 186 187
195 1 2 4 187 187 188
196 1 2 4 188 188 189
197 1 2 4 189 189 190
198 1 2 4 190 190 191
199 1 2 4 191 191 192
200 1 2 4 192 192 193
201 1 2 4 193 193 194
202 1 2 4 194 194 195
203 1 2 4 195 195 196
204 1 2 4 196 196 197
205 1 2 4 197 197 198
206 1 2 4 198 198 199
207 1 2 4 199 199 200
208 1 2 4 200 200 1
209 1 2 5 201 201 202
210 1 2 5 202 202 203
211 1 2 5 203 203 204
212 1 2 5 204 204 205
213 1 2 5 205 205 206
214 1 2 5 206 206 207
215 1 2 5 207 207 208
216 1 2 5 208 208 209
217 1 2 5 209 209 210
218 1 2 5 210 210 211
219 1 2 5 211 211 212
220 1 2 5 212 212 213
221 1 2 5 213 213 214
222 1 2 5 214 214 215
223 1 2 5 215 215 675
224 1 2 5 215 675 216
225 1 2 5 216 216 676
226 1 2 5 216 676 217
227 1 2 5 217 217 677
228 1 2 5 217 677 218
229 1 2 5 218 218 678
230 1 2 5 218 678 219
231 1 2 5 219 219 679
232 1 2 5 219 679 220
233 1 2 5 220 220 680
234 1 2 5 220 680 221
235 1 2 5 221 221 681
236 1 2 5 221 681 222
237 1 2 5 222 222 682
238 1 2 5 222 682 223
239 1 2 5 223 223 683
240 1 2 5 223 683 224
241 1 2 5 224 224 684
242 1 2 5 224 684 225
243 1 2 5 225 225 685
244 1 2 5 225 685 226
245 1 2 5 226 226 686
246 1 2 5 226 686 227
247 1 2 5 227 227 687
248 1 2 5 227 687 228
249 1 2 5 228 228 688
250 1 2 5 228 688 229
251 1 2 5 229 229 689
252 1 2 5 229 689 230
253 1 2 5 230 230 231
254 1 2 5 231 231 232
255 1 2 5 232 232 233
256 1 2 5 233 233 234
257 1 2 5 234 234 235
258 1 2 5 235 235 236
259 1 2 5 236 236 237
260 1 2 5 237 237 238
261 1 2 5 238 238 239
262 1 2 5 239 239 240
263 1 2 5 240 240 241
264 1 2 5 241 241 242
265 1 2 5 242 242 243
266 1 2 5 243 243 244
267 1 2 5 244 244 245
268 1 2 5 245 245 246
269 1 2 5 246 246 247
270 1 2 5 247 247 248
271 1 2 5 248 248 249
272 1 2 5 249 249 250
273 1 2 5 250 250 251
274 1 2 5 251 251 252
275 1 2 5 252 252 253
276 1 2 5 253 253 254
277 1 2 5 254 254 255
278 1 2 5 255 255 256
279 1 2 5 256 256 257
280 1 2 5 257 257 258
281 1 2 5 258 258 259
282 1 2 5 259 259 260
283 1 2 5 260 260 261
284 1 2 5 261 261 262
285 1 2 5 262 262 263
286 1 2 5 263 263 264
287 1 2 5 264 264 690
288 1 2 5 264 690 265
289 1 2 5 265 265 691
290 1 2 5 265 691 266
291 1 2 5 266 266 692
292 1 2 5 266 692 267
293 1 2 5 267 267 693
294 1 2 5 267 693 268
295 1 2 5 268 268 694
296 1 2 5 268 694 695
297 1 2 5 268 695 269
298 1 2 5 269 269 696
299 1 2 5 269 696 697
300 1 2 5 269 697 270
301 1 2 5 270 270 698
302 1 2 5 270 698 699
303 1 2 5 270 699 271
304 1 2 5 271 271 700
305 1 2 5 271 700 701
306 1 2 5 271 701 702
307 1 2 5 271 702 272
308 1 2 5 272 272 703
309 1 2 5 272 703 704
310 1 2 5 272 704 705
311 1 2 5 272 705 273
312 1 2 5 273 273 706
313 1 2 5 273 706 707
314 1 2 5 273 707 708
315 1 2 5 273 708 709
316 1 2 5 273 709 274
317 1 2 5 274 274 710
318 1 2 5 274 710 711
319 1 2 5 274 711 712
320 1 2 5 274 712 713
321 1 2 5 274 713 275
322 1 2 5 275 275 714
323 1 2 5 275 714 715
324 1 2 5 275 715 716
325 1 2 5 275 716 717
326 1 2 5 275 717 718
327 1 2 5 275 718 276
328 1 2 5 276 276 719
329 1 2 5 276 719 720
330 1 2 5 276 720 721
331 1 2 5 276 721 722
332 1 2 5 276 722 723
333 1 2 5 276 723 724
334 1 2 5 276 724 277
335 1 2 5 277 277 725
336 1 2 5 277 725 726
337 1 2 5 277 726 727
338 1 2 5 277 727 728
339 1 2 5 277 728 729
340 1 2 5 277 729 730
341 1 2 5 277 730 731
342 1 2 5 277 731 278
343 1 2 5 278 278 732
344 1 2 5 278 732 733
345 1 2 5 278 733 734
346 1 2 5 278 734 735
347 1 2 5 278 735 736
348 1 2 5 278 736 737
349 1 2 5 278 737 738
350 1 2 5 278 738 739
351 1 2 5 278 739 279
352 1 2 5 279 279 740
353 1 2 5 279 740 741
354 1 2 5 279 741 742
355 1 2 5 279 742 743
356 1 2 5 279 743 744
357 1 2 5 279 744 745
358 1 2 5 279 745 746
359 1 2 5 279 746 747
360 1 2 5 279 747 748
361 1 2 5 279 748 749
362 1 2 5 279 749 280
363 1 2 5 280 280 750
364 1 2 5 280 750 751
365 1 2 5 280 751 752
366 1 2 5 280 752 753
367 1 2 5 280 753 754
368 1 2 5 280 754 755
369 1 2 5 280 755 756
370 1 2 5 280 756 757
371 1 2 5 280 757 281
372 1 2 5 281 281 758
373 1 2 5 281 758 759
374 1 2 5 281 759 760
375 1 2 5 281 760 761
376 1 2 5 281 761 762
377 1 2 5 281 762 763
378 1 2 5 281 763 764
379 1 2 5 281 764 282
380 1 2 5 282 282 765
381 1 2 5 282 765 766
382 1 2 5 282 766 767
383 1 2 5 282 767 768
384 1 2 5 282 768 769
385 1 2 5 282 769 770
386 1 2 5 282 770 283
387 1 2 5 283 283 771
388 1 2 5 283 771 772
389 1 2 5 283 772 773
390 1 2 5 283 773 774
391 1 2 5 283 774 775
392 1 2 5 283 775 284
393 1 2 5 284 284 776
394 1 2 5 284 776 777
395 1 2 5 284 777 778
396 1 2 5 284 778 779
397 1 2 5 284 779 285
398 1 2 5 285 285 780
399 1 2 5 285 780 781
400 1 2 5 285 781 782
401 1 2 5 285 782 783
402 1 2 5 285 783 286
403 1 2 5 286 286 784
404 1 2 5 286 784 785
405 1 2 5 286 785 786
406 1 2 5 286 786 287
407 1 2 5 287 287 787
408 1 2 5 287 787 788
409 1 2 5 287 788 789
410 1 2 5 287 789 288
411 1 2 5 288 288 790
412 1 2 5 288 790 791
413 1 2 5 288 791 289
414 1 2 5 289 289 792
415 1 2 5 289 792 793
416 1 2 5 289 793 290
417 1 2 5 290 290 794
418 1 2 5 290 794 291
419 1 2 5 291 291 795
420 1 2 5 291 795 292
421 1 2 5 292 292 796
422 1 2 5 292 796 293
423 1 2 5 293 293 797
424 1 2 5 293 797 294
425 1 2 5 294 294 798
426 1 2 5 294 798 295
427 1 2 5 295 295 296
428 1 2 5 296 296 297
429 1 2 5 297 297 298
430 1 2 5 298 298 299
431 1 2 5 299 299 300
432 1 2 5 300 300 301
433 1 2 5 301 301 302
434 1 2 5 302 302 303
435 1 2 5 303 303 304
436 1 2 5 304 304 305
437 1 2 5 305 305 306
438 1 2 5 306 306 307
439 1 2 5 307 307 308
440 1 2 5 308 308 309
441 1 2 5 309 309 310
442 1 2 5 310 310 311
443 1 2 5 311 311 312
444 1 2 5 312 312 313
445 1 2 5 313 313 314
446 1 2 5 314 314 315
447 1 2 5 315 315 316
448 1 2 5 316 316 317
449 1 2 5 317 317 318
450 1 2 5 318 318 319
451 1 2 5 319 319 320
452 1 2 5 320 320 321
453 1 2 5 321 321 322
454 1 2 5 322 322 323
455 1 2 5 323 323 324
456 1 2 5 324 324 325
457 1 2 5 325 325 326
458 1 2 5 326 326 327
459 1 2 5 327 327 328
460 1 2 5 328 328 329
461 1 2 5 329 329 330
462 1 2 5 330 330 331
463 1 2 5 331 331 332
464 1 2 5 332 332 333
465 1 2 5 333 333 334
466 1 2 5 334 334 335
467 1 2 5 335 335 336
468 1 2 5 336 336 337
469 1 2 5 337 337 338
470 1 2 5 338 338 339
471 1 2 5 339 339 340
472 1 2 5 340 340 341
473 1 2 5 341 341 342
474 1 2 5 342 342 343
475 1 2 5 343 343 344
476 1 2 5 344 344 345
477 1 2 5 345 345 346
478 1 2 5 346 346 347
479 1 2 5 347 347 348
480 1 2 5 348 348 349
481 1 2 5 349 349 350
482 1 2 5 350 350 351
483 1 2 5 351 351 352
484 1 2 5 352 352 353
485 1 2 5 353 353 354
486 1 2 5 354 354 355
487 1 2 5 355 355 799
488 1 2 5 355 799 356
489 1 2 5 356 356 800
490 1 2 5 356 800 357
491 1 2 5 357 357 801
492 1 2 5 357 801 358
493 1 2 5 358 358 802
494 1 2 5 358 802 359
495 1 2 5 359 359 803
496 1 2 5 359 803 360
497 1 2 5 360 360 804
498 1 2 5 360 804 361
499 1 2 5 361 361 805
500 1 2 5 361 805 362
501 1 2 5 362 362 806
502 1 2 5 362 806 363
503 1 2 5 363 363 807
504 1 2 5 363 807 808
505 1 2 5 363 808 364
506 1 2 5 364 364 809
507 1 2 5 364 809 810
508 1 2 5 364 810 365
509 1 2 5 365 365 811
510 1 2 5 365 811 812
511 1 2 5 365 812 366
512 1 2 5 366 366 813
513 1 2 5 366 813 814
514 1 2 5 366 814 367
515 1 2 5 367 367 815
516 1 2 5 367 815 816
517 1 2 5 367 816 368
518 1 2 5 368 368 817
519 1 2 5 368 817 818
520 1 2 5 368 818 819
521 1 2 5 368 819 369
522 1 2 5 369 369 820
523 1 2 5 369 820 821
524 1 2 5 369 821 822
525 1 2 5 369 822 370
526 1 2 5 370 370 823
527 1 2 5 370 823 824
528 1 2 5 370 824 825
529 1 2 5 370 825 371
530 1 2 5 371 371 826
531 1 2 5 371 826 827
532 1 2 5 371 827 828
533 1 2 5 371 828 829
534 1 2 5 371 829 372
535 1 2 5 372 372 830
536 1 2 5 372 830 831
537 1 2 5 372 831 832
538 1 2 5 372 832 833
539 1 2 5 372 833 373
540 1 2 5 373 373 834
541 1 2 5 373 834 835
542 1 2 5 373 835 836
543 1 2 5 373 836 837
544 1 2 5 373 837 374
545 1 2 5 374 374 838
546 1 2 5 374 838 839
547 1 2 5 374 839 840
548 1 2 5 374 840 841
549 1 2 5 374 841 842
550 1 2 5 374 842 375
551 1 2 5 375 375 843
552 1 2 5 375 843 844
553 1 2 5 375 844 845
554 1 2 5 375 845 846
555 1 2 5 375 846 847
556 1 2 5 375 847 376
557 1 2 5 376 376 848
558 1 2 5 376 848 849
559 1 2 5 376 849 850
560 1 2 5 376 850 851
561 1 2 5 376 851 852
562 1 2 5 376 852 853
563 1 2 5 376 853 377
564 1 2 5 377 377 854
565 1 2 5 377 854 855
566 1 2 5 377 855 856
567 1 2 5 377 856 857
568 1 2 5 377 857 858
569 1 2 5 377 858 859
570 1 2 5 377 859 378
571 1 2 5 378 378 860
572 1 2 5 378 860 861
573 1 2 5 378 861 862
574 1 2 5 378 862 863
575 1 2 5 378 863 864
576 1 2 5 378 864 865
577 1 2 5 378 865 866
578 1 2 5 378 866 379
579 1 2 5 379 379 867
580 1 2 5 379 867 868
581 1 2 5 379 868 869
582 1 2 5 379 869 870
583 1 2 5 379 870 871
584 1 2 5 379 871 872
585 1 2 5 379 872 380
586 1 2 5 380 380 873
587 1 2 5 380 873 874
588 1 2 5 380 874 875
589 1 2 5 380 875 876
590 1 2 5 380 876 877
591 1 2 5 380 877 878
592 1 2 5 380 878 381
593 1 2 5 381 381 879
594 1 2 5 381 879 880
595 1 2 5 381 880 881
596 1 2 5 381 881 882
597 1 2 5 381 882 883
598 1 2 5 381 883 382
599 1 2 5 382 382 884
600 1 2 5 382 884 885
601 1 2 5 382 885 886
602 1 2 5 382 886 887
603 1 2 5 382 887 888
604 1 2 5 382 888 383
605 1 2 5 383 383 889
606 1 2 5 383 889 890
607 1 2 5 383 890 891
608 1 2 5 383 891 892
609 1 2 5 383 892 384
610 1 2 5 384 384 893
611 1 2 5 384 893 894
612 1 2 5 384 894 895
613 1 2 5 384 895 896
614 1 2 5 384 896 385
615 1 2 5 385 385 897
616 1 2 5 385 897 898
617 1 2 5 385 898 899
618 1 2 5 385 899 900
619 1 2 5 385 900 386
620 1 2 5 386 386 901
621 1 2 5 386 901 902
622 1 2 5 386 902 903
623 1 2 5 386 903 387
624 1 2 5 387 387 904
625 1 2 5 387 904 905
626 1 2 5 387 905 906
627 1 2 5 387 906 388
628 1 2 5 388 388 907
629 1 2 5 388 907 908
630 1 2 5 388 908 909
631 1 2 5 388 909 389
632 1 2 5 389 389 910
633 1 2 5 389 910 911
634 1 2 5 389 911 390
635 1 2 5 390 390 912
636 1 2 5 390 912 913
637 1 2 5 390 913 391
638 1 2 5 391 391 914
639 1 2 5 391 914 915
640 1 2 5 391 915 392
641 1 2 5 392 392 916
642 1 2 5 392 916 917
643 1 2 5 392 917 393
644 1 2 5 393 393 918
645 1 2 5 393 918 919
646 1 2 5 393 919 394
647 1 2 5 394 394 920
648 1 2 5 394 920 395
649 1 2 5 395 395 921
650 1 2 5 395 921 396
651 1 2 5 396 396 922
652 1 2 5 396 922 397
653 1 2 5 397 397 923
654 1 2 5 397 923 398
655 1 2 5 398 398 924
656 1 2 5 398 924 399
657 1 2 5 399 399 925
658 1 2 5 399 925 400
659 1 2 5 400 400 926
660 1 2 5 400 926 401
661 1 2 5 401 401 927
662 1 2 5 401 927 402
663 1 2 5 402 402 928
664 1 2 5 402 928 403
665 1 2 5 403 403 404
666 1 2 5 404 404 405
667 1 2 5 405 405 406
668 1 2 5 406 406 407
669 1 2 5 407 407 408
670 1 2 5 408 408 409
671 1 2 5 409 409 410
672 1 2 5 410 410 411
673 1 2 5 411 411 412
674 1 2 5 412 412 413
675 1 2 5 413 413 414
676 1 2 5 414 414 415
677 1 2 5 415 415 416
678 1 2 5 416 416 417
679 1 2 5 417 417 418
680 1 2 5 418 418 419
681 1 2 5 419 419 420
682 1 2 5 420 420 201
683 1 2 6 421 421 422
684 1 2 6 422 422 423
685 1 2 6 423 423 424
686 1 2 6 424 424 425
687 1 2 6 425 425 426
688 1 2 6 426 426 427
689 1 2 6 427 427 428
690 1 2 6 428 428 429
691 1 2 6 429 429 430
692 1 2 6 430 430 431
693 1 2 6 431 431 432
694 1 2 6 432 432 433
695 1 2 6 433 433 434
696 1 2 6 434 434 435
697 1 2 6 435 435 436
698 1 2 6 436 436 437
699 1 2 6 437 437 438
700 1 2 6 438 438 439
701 1 2 6 439 439 440
702 1 2 6 440 440 441
703 1 2 6 441 441 442
704 1 2 6 442 442 443
705 1 2 6 443 443 444
706 1 2 6 444 444 445
707 1 2 6 445 445 446
708 1 2 6 446 446 447
709 1 2 6 447 447 448
710 1 2 6 448 448 449
711 1 2 6 449 449 450
712 1 2 6 450 450 451
713 1 2 6 451 451 452
714 1 2 6 452 452 453
715 1 2 6 453 453 454
716 1 2 6 454 454 455
717 1 2 6 455 455 456
718 1 2 6 456 456 929
719 1 2 6 456 929 457
720 1 2 6 457 457 930
721 1 2 6 457 930 458
722 1 2 6 458 458 931
723 1 2 6 458 931 459
724 1 2 6 459 459 932
725 1 2 6 459 932 460
726 1 2 6 460 460 933
727 1 2 6 460 933 461
728 1 2 6 461 461 934
729 1 2 6 461 934 462
730 1 2 6 462 462 935
731 1 2 6 462 935 463
732 1 2 6 463 463 936
733 1 2 6 463 936 464
734 1 2 6 464 464 937
735 1 2 6 464 937 465
736 1 2 6 465 465 938
737 1 2 6 465 938 939
738 1 2 6 465 939 466
739 1 2 6 466 466 940
740 1 2 6 466 940 941
741 1 2 6 466 941 467
742 1 2 6 467 467 942
743 1 2 6 467 942 943
744 1 2 6 467 943 468
745 1 2 6 468 468 944
746 1 2 6 468 944 469
747 1 2 6 469 469 945
748 1 2 6 469 945 470
749 1 2 6 470 470 946
750 1 2 6 470 946 471
751 1 2 6 471 471 947
752 1 2 6 471 947 472
753 1 2 6 472 472 948
754 1 2 6 472 948 473
755 1 2 6 473 473 949
756 1 2 6 473 949 474
757 1 2 6 474 474 950
758 1 2 6 474 950 475
759 1 2 6 475 475 951
760 1 2 6 475 951 476
761 1 2 6 476 476 952
762 1 2 6 476 952 477
763 1 2 6 477 477 953
764 1 2 6 477 953 478
765 1 2 6 478 478 479
766 1 2 6 479 479 480
767 1 2 6 480 480 481
768 1 2 6 481 481 482
769 1 2 6 482 482 483
770 1 2 6 483 483 484
771 1 2 6 484 484 485
772 1 2 6 485 485 486
773 1 2 6 486 486 487
774 1 2 6 487 487 488
775 1 2 6 488 488 489
776 1 2 6 489 489 490
777 1 2 6 490 490 491
778 1 2 6 491 491 492
779 1 2 6 492 492 493
780 1 2 6 493 493 494
781 1 2 6 494 494 495
782 1 2 6 495 495 496
783 1 2 6 496 496 497
784 1 2 6 497 497 498
785 1 2 6 498 498 499
786 1 2 6 499 499 500
787 1 2 6 500 500 501
788 1 2 6 501 501 502
789 1 2 6 502 502 503
790 1 2 6 503 503 504
791 1 2 6 504 504 505
792 1 2 6 505 505 506
793 1 2 6 506 506 507
794 1 2 6 507 507 508
795 1 2 6 508 508 509
796 1 2 6 509 509 510
797 1 2 6 510 510 511
798 1 2 6 511 511 512
799 1 2 6 512 512 513
800 1 2 6 513 513 514
801 1 2 6 514 514 515
802 1 2 6 515 515 516
803 1 2 6 516 516 517
804 1 2 6 517 517 518
805 1 2 6 518 518 519
806 1 2 6 519 519 520
807 1 2 6 520 520 521
808 1 2 6 521 521 522
809 1 2 6 522 522 523
810 1 2 6 523 523 524
811 1 2 6 524 524 525
812 1 2 6 525 525 526
813 1 2 6 526 526 527
814 1 2 6 527 527 528
815 1 2 6 528 528 529
816 1 2 6 529 529 530
817 1 2 6 530 530 531
818 1 2 6 531 531 532
819 1 2 6 532 532 533
820 1 2 6 533 533 534
821 1 2 6 534 534 535
822 1 2 6 535 535 536
823 1 2 6 536 536 537
824 1 2 6 537 537 538
825 1 2 6 538 538 539
826 1 2 6 539 539 540
827 1 2 6 540 540 541
828 1 2 6 541 541 542
829 1 2 6 542 542 543
830 1 2 6 543 543 544
831 1 2 6 544 544 545
832 1 2 6 545 545 546
833 1 2 6 546 546 547
834 1 2 6 547 547 548
835 1 2 6 548 548 549
836 1 2 6 549 549 550
837 1 2 6 550 550 551
838 1 2 6 551 551 552
839 1 2 6 552 552 553
840 1 2 6 553 553 554
841 1 2 6 554 554 555
842 1 2 6 555 555 556
843 1 2 6 556 556 557
844 1 2 6 557 557 558
845 1 2 6 558 558 559
846 1 2 6 559 559 560
847 1 2 6 560 560 561
848 1 2 6 561 561 562
849 1 2 6 562 562 563
850 1 2 6 563 563 564
851 1 2 6 564 564 565
852 1 2 6 565 565 566
853 1 2 6 566 566 567
854 1 2 6 567 567 568
855 1 2 6 568 568 569
856 1 2 6 569 569 570
857 1 2 6 570 570 571
858 1 2 6 571 571 572
859 1 2 6 572 572 573
860 1 2 6 573 573 574
861 1 2 6 574 574 575
862 1 2 6 575 575 576
863 1 2 6 576 576 577
864 1 2 6 577 577 578
865 1 2 6 578 578 579
866 1 2 6 579 579 580
867 1 2 6 580 580 581
868 1 2 6 581 581 582
869 1 2 6 582 582 583
870 1 2 6 583 583 584
871 1 2 6 584 584 954
872 1 2 6 584 954 585
873 1 2 6 585 585 955
874 1 2 6 585 955 586
875 1 2 6 586 586 956
876 1 2 6 586 956 587
877 1 2 6 587 587 957
878 1 2 6 587 957 588
879 1 2 6 588 588 958
880 1 2 6 588 958 589
881 1 2 6 589 589 959
882 1 2 6 589 959 590
883 1 2 6 590 590 960
884 1 2 6 590 960 591
885 1 2 6 591 591 961
886 1 2 6 591 961 592
887 1 2 6 592 592 962
888 1 2 6 592 962 593
889 1 2 6 593 593 963
890 1 2 6 593 963 594
891 1 2 6 594 594 964
892 1 2 6 594 964 595
893 1 2 6 595 595 965
894 1 2 6 595 965 596
895 1 2 6 596 596 597
896 1 2 6 597 597 598
897 1 2 6 598 598 599
898 1 2 6 599 599 600
899 1 2 6 600 600 601
900 1 2 6 601 601 602
901 1 2 6 602 602 603
902 1 2 6 603 603 604
903 1 2 6 604 604 605
904 1 2 6 605 605 606
905 1 2 6 606 606 607
906 1 2 6 607 607 608
907 1 2 6 608 608 609
908 1 2 6 609 609 610
909 1 2 6 610 610 611
910 1 2 6 611 611 612
911 1 2 6 612 612 613
912 1 2 6 613 613 614
913 1 2 6 614 614 615
914 1 2 6 615 615 616
915 1 2 6 616 616 617
916 1 2 6 617 617 618
917 1 2 6 618 618 619
918 1 2 6 619 619 620
919 1 2 6 620 620 621
920 1 2 6 621 621 622
921 1 2 6 622 622 623
922 1 2 6 623 623 624
923 1 2 6 624 624 625
924 1 2 6 625 625 626
925 1 2 6 626 626 627
926 1 2 6 627 627 628
927 1 2 6 628 628 629
928 1 2 6 629 629 630
929 1 2 6 630 630 631
930 1 2 6 631 631 632
931 1 2 6 632 632 633
932 1 2 6 633 633 634
933 1 2 6 634 634 635
934 1 2 6 635 635 636
935 1 2 6 636 636 637
936 1 2 6 637 637 638
937 1 2 6 638 638 639
938 1 2 6 639 639 640
939 1 2 6 640 640 641
940 1 2 6 641 641 642
941 1 2 6 642 642 643
942 1 2 6 643 643 644
943 1 2 6 644 644 645
944 1 2 6 645 645 646
945 1 2 6 646 646 647
946 1 2 6 647 647 648
947 1 2 6 648 648 649
948 1 2 6 649 649 650
949 1 2 6 650 650 651
950 1 2 6 651 651 652
951 1 2 6 652 652 653
952 1 2 6 653 653 654
953 1 2 6 654 654 655
954 1 2 6 655 655 656
955 1 2 6 656 656 657
956 1 2 6 657 657 658
957 1 2 6 658 658 659
958 1 2 6 659 659 660
959 1 2 6 660 660 661
960 1 2 6 661 661 662
961 1 2 6 662 662 966
962 1 2 6 662 966 421
963 1 2 1 663 663 967
964 1 2 1 663 967 968
965 1 2 1 663 968 969
966 1 2 1 663 969 970
967 1 2 1 663 970 971
968 1 2 1 663 971 972
969 1 2 1 663 972 973
970 1 2 1 663 973 974
971 1 2 1 663 974 975
972 1 2 1 663 975 976
973 1 2 1 663 976 977
974 1 2 1 663 977 978
975 1 2 1 663 978 979
976 1 2 1 663 979 980
977 1 2 1 663 980 981
978 1 2 1 663 981 982
979 1 2 1 663 982 983
980 1 2 1 663 983 984
981 1 2 1 663 984 985
982 1 2 1 663 985 986
983 1 2 1 663 986 987
984 1 2 1 663 987 988
985 1 2 1 663 988 989
986 1 2 1 663 989 990
987 1 2 1 663 990 991
988 1 2 1 663 991 992
989 1 2 1 663 992 993
990 1 2 1 663 993 994
991 1 2 1 663 994 995
992 1 2 1 663 995 996
993 1 2 1 663 996 997
994 1 2 1 663 997 998
995 1 2 1 663 998 999
996 1 2 1 663 999 664
997 1 2 2 664 664 1000
998 1 2 2 664 1000 1001
999 1 2 2 664 1001 1002
1000 1 2 2 664 1002 1003
1001 1 2 2 664 1003 1004
1002 1 2 2 664 1004 1005
1003 1 2 2 664 1005 1006
1004 1 2 2 664 1006 1007
1005 1 2 2 664 1007 1008
1006 1 2 2 664 1008 1009
1007 1 2 2 664 1009 1010
1008 1 2 2 664 1010 1011
1009 1 2 2 664 1011 1012
1010 1 2 2 664 1012 1013
1011 1 2 2 664 1013 1014
1012 1 2 2 664 1014 1015
1013 1 2 2 664 1015 1016
1014 1 2 2 664 1016 1017
1015 1 2 2 664 1017 1018
1016 1 2 2 664 1018 1019
1017 1 2 2 664 1019 1020
1018 1 2 2 664 1020 1021
1019 1 2 2 664 1021 1022
1020 1 2 2 664 1022 1023
1021 1 2 2 664 1023 665
1022 1 2 1 665 665 1024
1023 1 2 1 665 1024 1025
1024 1 2 1 665 1025 1026
1025 1 2 1 665 1026 1027
1026 1 2 1 665 1027 1028
1027 1 2 1 665 1028 1029
1028 1 2 1 665 1029 1030
1029 1 2 1 665 1030 1031
1030 1 2 1 665 1031 1032
1031 1 2 1 665 1032 1033
1032 1 2 1 665 1033 1034
1033 1 2 1 665 1034 1035
1034 1 2 1 665 1035 1036
1035 1 2 1 665 1036 1037
1036 1 2 1 665 1037 1038
1037 1 2 1 665 1038 1039
1038 1 2 1 665 1039 1040
1039 1 2 1 665 1040 1041
1040 1 2 1 665 1041 1042
1041 1 2 1 665 1042 1043
1042 1 2 1 665 1043 1044
1043 1 2 1 665 1044 1045
1044 1 2 1 665 1045 1046
1045 1 2 1 665 1046 1047
1046 1 2 1 665 1047 1048
1047 1 2 1 665 1048 1049
1048 1 2 1 665 1049 1050
1049 1 2 1 665 1050 1051
1050 1 2 1 665 1051 1052
1051 1 2 1 665 1052 1053
1052 1 2 1 665 1053 1054
1053 1 2 1 665 1054 1055
1054 1 2 1 665 1055 1056
1055 1 2 1 665 1056 666
1056 1 2 3 666 666 1057
1057 1 2 3 666 1057 1058
1058 1 2 3 666 1058 1059
1059 1 2 3 666 1059 1060
1060 1 2 3 666 1060 1061
1061 1 2 3 666 1061 1062
1062 1 2 3 666 1062 1063
1063 1 2 3 666 1063 1064
1064 1 2 3 666 1064 1065
1065 1 2 3 666 1065 1066
1066 1 2 3 666 1066 1067
1067 1 2 3 666 1067 1068
1068 1 2 3 666 1068 1069
1069 1 2 3 666 1069 1070
1070 1 2 3 666 1070 1071
1071 1 2 3 666 1071 1072
1072 1 2 3 666 1072 1073
1073 1 2 3 666 1073 1074
1074 1 2 3 666 1074 1075
1075 1 2 3 666 1075 1076
1076 1 2 3 666 1076 1077
1077 1 2 3 666 1077 1078
1078 1 2 3 666 1078 1079
1079 1 2 3 666 1079 1080
1080 1 2 3 666 1080 663
1081 2 2 7 1 2160 2166 8866
1082 2 2 7 1 8189 7908 8948
1083 2 2 7 1 1386 1392 7057
1084 2 2 7 1 5100 2142 7485
1085 2 2 7 1 8997 7572 8998
1086 2 2 7 1 6866 8757 8983
1087 2 2 7 1 7105 8260 8263
1088 2 2 7 1 7330 8867 8920
1089 2 2 7 1 6840 4656 7558
1090 2 2 7 1 7751 7630 8706
1091 2 2 7 1 2382 5112 7556
1092 2 2 7 1 7125 7704 8737
1093 2 2 7 1 3216 5850 6985
1094 2 2 7 1 8819 8848 9238
1095 2 2 7 1 8714 7475 9424
1096 2 2 7 1 6991 6498 7373
1097 2 2 7 1 8141 8632 8646
1098 2 2 7 1 3954 3960 8032
1099 2 2 7 1 8216 8200 8759
1100 2 2 7 1 8593 8119 9369
1101 2 2 7 1 7715 7717 7838
1102 2 2 7 1 7687 8621 8622
1103 2 2 7 1 8539 7385 8720
1104 2 2 7 1 8201 8198 8873
1105 2 2 7 1 6977 1272 7092
1106 2 2 7 1 6968 5826 7334
1107 2 2 7 1 1398 1404 7641
1108 2 2 7 1 7722 8202 9516
1109 2 2 7 1 8132 7218 8367
1110 2 2 7 1 8759 8996 9119
1111 2 2 7 1 2850 5844 8695
1112 2 2 7 1 5742 5748 9631
1113 2 2 7 1 8940 8941 8942
1114 2 2 7 1 3468 7034 9501
1115 2 2 7 1 8830 8828 8851
1116 2 2 7 1 8921 8908 9245
1117 2 2 7 1 8867 7330 9067
1118 2 2 7 1 7723 8143 8877
1119 2 2 7 1 7908 8189 9251
1120 2 2 7 1 8041 8869 9052
1121 2 2 7 1 8848 8819 9270
1122 2 2 7 1 8321 7723 8877
1123 2 2 7 1 8159 7889 9255
1124 2 2 7 1 5190 2466 7441
1125 2 2 7 1 2820 6899 7364
1126 2 2 7 1 6857 7569 9352
1127 2 2 7 1 7859 8752 9453
1128 2 2 7 1 9354 7358 9355
1129 2 2 7 1 4764 4770 7568
1130 2 2 7 1 7721 7718 9288
1131 2 2 7 1 5076 2118 8977
1132 2 2 7 1 8142 7646 9510
1133 2 2 7 1 1410 1416 6955
1134 2 2 7 1 8324 8027 8763
1135 2 2 7 1 6943 6966 8685
1136 2 2 7 1 7013 5958 8846
1137 2 2 7 1 8422 7975 8597
1138 2 2 7 1 7956 8593 9369
1139 2 2 7 1 7824 8800 8825
1140 2 2 7 1 7706 8161 8318
1141 2 2 7 1 6999 5232 7338
1142 2 2 7 1 8817 8826 9495
1143 2 2 7 1 7606 7938 9505
1144 2 2 7 1 8052 8188 8286
1145 2 2 7 1 8197 7964 8233
1146 2 2 7 1 7788 7786 8466
1147 2 2 7 1 8713 7571 9002
1148 2 2 7 1 7066 1596 7575
1149 2 2 7 1 7095 6973 9362
1150 2 2 7 1 7462 8784 8786
1151 2 2 7 1 3498 6624 7576
1152 2 2 7 1 5256 7035 7378
1153 2 2 7 1 7906 8268 8865
1154 2 2 7 1 8267 8674 9252
1155 2 2 7 1 7376 8246 9244
1156 2 2 7 1 6966 7095 8685
1157 2 2 7 1 8096 8097 8790
1158 2 2 7 1 7876 8679 8945
1159 2 2 7 1 8240 8236 8275
1160 2 2 7 1 8638 7549 8763
1161 2 2 7 1 8257 7569 8852
1162 2 2 7 1 8027 8026 8763
1163 2 2 7 1 7313 8951 9066
1164 2 2 7 1 8836 8702 8838
1165 2 2 7 1 9048 7308 9049
1166 2 2 7 1 8095 7002 8783
1167 2 2 7 1 7011 8387 8388
1168 2 2 7 1 6949 3978 7366
1169 2 2 7 1 9089 6968 9090
1170 2 2 7 1 3642 3648 7284
1171 2 2 7 1 4656 6846 6963
1172 2 2 7 1 2232 2238 7921
1173 2 2 7 1 7555 9258 9451
1174 2 2 7 1 7492 7857 8090
1175 2 2 7 1 7940 8054 8266
1176 2 2 7 1 7567 8403 8758
1177 2 2 7 1 9061 8191 9062
1178 2 2 7 1 4020 4026 7008
1179 2 2 7 1 2376 5106 7556
1180 2 2 7 1 7607 7875 8165
1181 2 2 7 1 8161 7706 8761
1182 2 2 7 1 7638 6926 9353
1183 2 2 7 1 4116 6897 7026
1184 2 2 7 1 4440 4446 6870
1185 2 2 7 1 7278 8218 8612
1186 2 2 7 1 8107 3612 8135
1187 2 2 7 1 8611 8284 8733
1188 2 2 7 1 7837 7880 8623
1189 2 2 7 1 7949 8053 8215
1190 2 2 7 1 8614 8068 8615
1191 2 2 7 1 7633 7440 7662
1192 2 2 7 1 7943 7949 9400
1193 2 2 7 1 7751 8701 8837
1194 2 2 7 1 8937 8932 9573
1195 2 2 7 1 7458 7462 8786
1196 2 2 7 1 8935 8936 8940
1197 2 2 7 1 1440 1446 7678
1198 2 2 7 1 7500 4464 8003
1199 2 2 7 1 7922 8539 8720
1200 2 2 7 1 9217 7504 9526
1201 2 2 7 1 7032 7671 8105
1202 2 2 7 1 7252 7361 8352
1203 2 2 7 1 8239 8236 8240
1204 2 2 7 1 9182 8303 9593
1205 2 2 7 1 8733 8284 9490
1206 2 2 7 1 7920 8132 8367
1207 2 2 7 1 8051 8052 8286
1208 2 2 7 1 8186 7752 9379
1209 2 2 7 1 7438 7439 9484
1210 2 2 7 1 8678 7565 8679
1211 2 2 7 1 8267 8059 8674
1212 2 2 7 1 9032 8842 9033
1213 2 2 7 1 5910 6881 9159
1214 2 2 7 1 1452 1458 6981
1215 2 2 7 1 8086 8414 8415
1216 2 2 7 1 6738 7038 9264
1217 2 2 7 1 8148 8274 8865
1218 2 2 7 1 8387 7011 8389
1219 2 2 7 1 8936 7985 8940
1220 2 2 7 1 8196 8200 8216
1221 2 2 7 1 8236 8235 8275
1222 2 2 7 1 7323 8298 9205
1223 2 2 7 1 6968 7335 9090
1224 2 2 7 1 8268 8148 8865
1225 2 2 7 1 8171 6975 8466
1226 2 2 7 1 8742 7019 9107
1227 2 2 7 1 8218 7278 8522
1228 2 2 7 1 7552 7847 8036
1229 2 2 7 1 8934 7322 8960
1230 2 2 7 1 7002 8095 9227
1231 2 2 7 1 8840 8830 8851
1232 2 2 7 1 7889 8159 8212
1233 2 2 7 1 2022 2028 7207
1234 2 2 7 1 985 986 8854
1235 2 2 7 1 6975 8171 8465
1236 2 2 7 1 6891 3522 7540
1237 2 2 7 1 8290 9404 9481
1238 2 2 7 1 8800 7824 9223
1239 2 2 7 1 8165 7875 8191
1240 2 2 7 1 7949 7950 8053
1241 2 2 7 1 7337 8861 9110
1242 2 2 7 1 8320 7723 8321
1243 2 2 7 1 6894 5778 7383
1244 2 2 7 1 8201 8118 9247
1245 2 2 7 1 8304 8319 8637
1246 2 2 7 1 7850 7852 8178
1247 2 2 7 1 3876 6867 7436
1248 2 2 7 1 8043 7881 9323
1249 2 2 7 1 7378 8232 9174
1250 2 2 7 1 8047 7983 8296
1251 2 2 7 1 8257 8340 8901
1252 2 2 7 1 7920 8367 8979
1253 2 2 7 1 8135 3612 8986
1254 2 2 7 1 7692 7770 8389
1255 2 2 7 1 7600 8144 8714
1256 2 2 7 1 8122 8267 8661
1257 2 2 7 1 7630 7751 9508
1258 2 2 7 1 8260 7372 8263
1259 2 2 7 1 3162 6927 7486
1260 2 2 7 1 8031 7070 8858
1261 2 2 7 1 6910 8994 9133
1262 2 2 7 1 7988 8097 8656
1263 2 2 7 1 9475 7627 9509
1264 2 2 7 1 3552 3558 7512
1265 2 2 7 1 7503 7500 8003
1266 2 2 7 1 6969 8478 8694
1267 2 2 7 1 6916 2694 7429
1268 2 2 7 1 4776 4782 7529
1269 2 2 7 1 4074 6879 7043
1270 2 2 7 1 5052 5058 7861
1271 2 2 7 1 8097 7988 8790
1272 2 2 7 1 7311 8880 9040
1273 2 2 7 1 8122 8061 8267
1274 2 2 7 1 8822 7824 9637
1275 2 2 7 1 7671 6913 8105
1276 2 2 7 1 7990 8210 8221
1277 2 2 7 1 7723 7840 8143
1278 2 2 7 1 7947 8405 8782
1279 2 2 7 1 7691 7534 9520
1280 2 2 7 1 3750 3756 7052
1281 2 2 7 1 8214 7244 8364
1282 2 2 7 1 9322 8079 9541
1283 2 2 7 1 7615 7853 9259
1284 2 2 7 1 8173 8069 9289
1285 2 2 7 1 8645 6938 8987
1286 2 2 7 1 7353 9209 9286
1287 2 2 7 1 8856 8093 9397
1288 2 2 7 1 7558 4656 8665
1289 2 2 7 1 4656 6963 8665
1290 2 2 7 1 8942 8941 8943
1291 2 2 7 1 7616 7619 8600
1292 2 2 7 1 8103 7129 9574
1293 2 2 7 1 8288 8289 8762
1294 2 2 7 1 8858 8230 9304
1295 2 2 7 1 1560 1566 7126
1296 2 2 7 1 8683 7382 8686
1297 2 2 7 1 9080 8774 9146
1298 2 2 7 1 6961 7087 8711
1299 2 2 7 1 8621 7687 9054
1300 2 2 7 1 8274 8148 9467
1301 2 2 7 1 7047 2490 7375
1302 2 2 7 1 5160 6924 9272
1303 2 2 7 1 7869 8858 9304
1304 2 2 7 1 8279 8174 8280
1305 2 2 7 1 4704 4710 9002
1306 2 2 7 1 8681 7024 9109
1307 2 2 7 1 1320 1326 7087
1308 2 2 7 1 7643 8737 9182
1309 2 2 7 1 9574 8349 9611
1310 2 2 7 1 8405 7947 9382
1311 2 2 7 1 8043 8124 8225
1312 2 2 7 1 8241 7259 8406
1313 2 2 7 1 8179 8182 8990
1314 2 2 7 1 7339 8269 8871
1315 2 2 7 1 1548 1554 7126
1316 2 2 7 1 8639 8761 9256
1317 2 2 7 1 1308 1314 7087
1318 2 2 7 1 8864 8267 9252
1319 2 2 7 1 7385 8539 8782
1320 2 2 7 1 8623 7117 9542
1321 2 2 7 1 8940 7985 8941
1322 2 2 7 1 8073 7995 8224
1323 2 2 7 1 8665 8666 9098
1324 2 2 7 1 9054 7107 9357
1325 2 2 7 1 9131 7832 9133
1326 2 2 7 1 7995 8073 8357
1327 2 2 7 1 3216 6985 8875
1328 2 2 7 1 8755 8756 8896
1329 2 2 7 1 1470 1476 7350
1330 2 2 7 1 7997 8125 8208
1331 2 2 7 1 6965 6920 7877
1332 2 2 7 1 1464 1470 6981
1333 2 2 7 1 8227 8292 8690
1334 2 2 7 1 7997 8074 8125
1335 2 2 7 1 7244 1027 8364
1336 2 2 7 1 7361 7252 9662
1337 2 2 7 1 7082 8297 8400
1338 2 2 7 1 7643 9263 9470
1339 2 2 7 1 9031 8824 9393
1340 2 2 7 1 8751 8788 8887
1341 2 2 7 1 9334 7044 9338
1342 2 2 7 1 8343 8110 8344
1343 2 2 7 1 7609 7701 9436
1344 2 2 7 1 8478 6969 9426
1345 2 2 7 1 9156 7610 9365
1346 2 2 7 1 9661 7361 9662
1347 2 2 7 1 8218 8466 8612
1348 2 2 7 1 7011 984 8390
1349 2 2 7 1 7696 8349 9574
1350 2 2 7 1 8421 7433 8422
1351 2 2 7 1 7899 8150 8715
1352 2 2 7 1 8313 7212 8633
1353 2 2 7 1 7580 8688 8689
1354 2 2 7 1 7283 8335 9313
1355 2 2 7 1 8792 8794 9039
1356 2 2 7 1 7824 8822 9442
1357 2 2 7 1 8099 8098 8601
1358 2 2 7 1 7290 6988 7637
1359 2 2 7 1 8333 7003 8413
1360 2 2 7 1 8660 7363 8727
1361 2 2 7 1 8297 7904 8400
1362 2 2 7 1 9047 7308 9048
1363 2 2 7 1 8131 8653 8654
1364 2 2 7 1 8083 8632 9594
1365 2 2 7 1 8888 7029 8959
1366 2 2 7 1 9184 8843 9185
1367 2 2 7 1 2142 7471 7485
1368 2 2 7 1 8539 7922 8613
1369 2 2 7 1 9065 7313 9066
1370 2 2 7 1 7009 8327 8436
1371 2 2 7 1 8337 7567 8758
1372 2 2 7 1 8810 8813 8823
1373 2 2 7 1 7063 7070 8031
1374 2 2 7 1 7669 7722 9246
1375 2 2 7 1 8757 6866 8888
1376 2 2 7 1 8065 8058 9318
1377 2 2 7 1 8674 8059 9046
1378 2 2 7 1 7702 8856 9397
1379 2 2 7 1 8226 8227 8350
1380 2 2 7 1 7940 7941 8054
1381 2 2 7 1 7311 9037 9038
1382 2 2 7 1 8702 8705 9316
1383 2 2 7 1 8190 7762 8715
1384 2 2 7 1 8651 8215 8861
1385 2 2 7 1 7643 7116 8737
1386 2 2 7 1 8816 8882 9307
1387 2 2 7 1 7038 6744 7423
1388 2 2 7 1 8577 7292 9229
1389 2 2 7 1 7292 8577 9077
1390 2 2 7 1 8813 8842 9032
1391 2 2 7 1 8036 7847 9635
1392 2 2 7 1 9239 8833 9330
1393 2 2 7 1 8173 9289 9395
1394 2 2 7 1 8268 8362 8363
1395 2 2 7 1 7844 8166 8680
1396 2 2 7 1 8819 9092 9270
1397 2 2 7 1 8153 8205 9540
1398 2 2 7 1 8522 7278 8523
1399 2 2 7 1 8126 7616 8600
1400 2 2 7 1 7583 7739 7912
1401 2 2 7 1 8166 7844 9512
1402 2 2 7 1 8292 8729 8730
1403 2 2 7 1 7163 7165 8316
1404 2 2 7 1 8336 8179 8990
1405 2 2 7 1 8218 7788 8466
1406 2 2 7 1 7786 8171 8466
1407 2 2 7 1 7422 8661 8864
1408 2 2 7 1 8324 8763 9293
1409 2 2 7 1 7709 7910 8884
1410 2 2 7 1 8158 8967 8968
1411 2 2 7 1 8780 7901 9181
1412 2 2 7 1 7013 8893 9555
1413 2 2 7 1 9070 6923 9071
1414 2 2 7 1 9094 7024 9095
1415 2 2 7 1 7013 8892 8893
1416 2 2 7 1 7625 7627 9475
1417 2 2 7 1 7715 7714 9336
1418 2 2 7 1 9107 9055 9396
1419 2 2 7 1 2190 2196 7651
1420 2 2 7 1 7024 8681 9095
1421 2 2 7 1 7738 9574 9611
1422 2 2 7 1 7891 8212 8213
1423 2 2 7 1 8128 8129 8226
1424 2 2 7 1 7492 8090 8124
1425 2 2 7 1 2892 2898 7045
1426 2 2 7 1 6970 8256 8520
1427 2 2 7 1 2562 2568 9236
1428 2 2 7 1 8766 8994 8995
1429 2 2 7 1 6910 8993 8994
1430 2 2 7 1 8390 985 8854
1431 2 2 7 1 6564 7283 9313
1432 2 2 7 1 6967 7908 9251
1433 2 2 7 1 8827 8882 9222
1434 2 2 7 1 3726 6940 7128
1435 2 2 7 1 7165 7179 8316
1436 2 2 7 1 984 985 8390
1437 2 2 7 1 8601 8098 9435
1438 2 2 7 1 7708 7709 9453
1439 2 2 7 1 7912 8618 9281
1440 2 2 7 1 6937 5082 7474
1441 2 2 7 1 8648 8647 9571
1442 2 2 7 1 8027 8324 8343
1443 2 2 7 1 6896 8629 9305
1444 2 2 7 1 8833 8834 8845
1445 2 2 7 1 7945 7944 8270
1446 2 2 7 1 9249 7581 9503
1447 2 2 7 1 3942 6768 9338
1448 2 2 7 1 8052 8128 8188
1449 2 2 7 1 8209 7756 9512
1450 2 2 7 1 6923 8787 9071
1451 2 2 7 1 9200 8625 9492
1452 2 2 7 1 9043 8351 9386
1453 2 2 7 1 7440 1992 7450
1454 2 2 7 1 8838 9162 9245
1455 2 2 7 1 7218 8132 8368
1456 2 2 7 1 8842 8843 9033
1457 2 2 7 1 7076 7072 8318
1458 2 2 7 1 7304 9010 9492
1459 2 2 7 1 7875 7609 9436
1460 2 2 7 1 8304 8637 8776
1461 2 2 7 1 8823 8813 9032
1462 2 2 7 1 7040 6702 7434
1463 2 2 7 1 7538 8780 9181
1464 2 2 7 1 7317 9019 9113
1465 2 2 7 1 7358 7359 9355
1466 2 2 7 1 9104 7336 9105
1467 2 2 7 1 2466 6996 7441
1468 2 2 7 1 8880 7311 9038
1469 2 2 7 1 8073 8224 9372
1470 2 2 7 1 8597 7975 8870
1471 2 2 7 1 8365 8284 8611
1472 2 2 7 1 3150 3156 6946
1473 2 2 7 1 8489 7872 8658
1474 2 2 7 1 3618 3624 8986
1475 2 2 7 1 7303 9026 9100
1476 2 2 7 1 8910 7312 9570
1477 2 2 7 1 7571 8713 9001
1478 2 2 7 1 7879 9121 9323
1479 2 2 7 1 7433 8421 8423
1480 2 2 7 1 7627 7630 9508
1481 2 2 7 1 8808 9032 9033
1482 2 2 7 1 9035 9034 9040
1483 2 2 7 1 8795 8853 9588
1484 2 2 7 1 8088 8863 8924
1485 2 2 7 1 9069 7296 9528
1486 2 2 7 1 7024 9078 9109
1487 2 2 7 1 8637 8077 8776
1488 2 2 7 1 7668 7667 9575
1489 2 2 7 1 8124 8043 9323
1490 2 2 7 1 8251 9127 9271
1491 2 2 7 1 7021 7105 8263
1492 2 2 7 1 4332 7004 7051
1493 2 2 7 1 8825 7830 9485
1494 2 2 7 1 8757 8751 8887
1495 2 2 7 1 7893 8131 8655
1496 2 2 7 1 8333 8413 9506
1497 2 2 7 1 8753 8754 8755
1498 2 2 7 1 8419 8056 8421
1499 2 2 7 1 8314 8313 8633
1500 2 2 7 1 7980 8890 9224
1501 2 2 7 1 7852 8179 9614
1502 2 2 7 1 8937 7910 9456
1503 2 2 7 1 7379 7933 8232
1504 2 2 7 1 8850 6903 9216
1505 2 2 7 1 8863 6947 8924
1506 2 2 7 1 8396 9243 9335
1507 2 2 7 1 7941 7943 9400
1508 2 2 7 1 8337 8294 8606
1509 2 2 7 1 7722 7669 9057
1510 2 2 7 1 6600 6895 9320
1511 2 2 7 1 8794 8796 8880
1512 2 2 7 1 9243 7295 9335
1513 2 2 7 1 7492 7121 9088
1514 2 2 7 1 8565 6995 8870
1515 2 2 7 1 4038 4044 6875
1516 2 2 7 1 7756 8209 8981
1517 2 2 7 1 7958 7622 9605
1518 2 2 7 1 8685 7095 8687
1519 2 2 7 1 8247 7100 8360
1520 2 2 7 1 8888 6866 9120
1521 2 2 7 1 7029 8888 9123
1522 2 2 7 1 4422 4428 7046
1523 2 2 7 1 8340 8239 9196
1524 2 2 7 1 1254 6977 7637
1525 2 2 7 1 7571 9001 9302
1526 2 2 7 1 8880 9035 9040
1527 2 2 7 1 6924 5166 7393
1528 2 2 7 1 7094 7679 8899
1529 2 2 7 1 7179 8315 8316
1530 2 2 7 1 7707 7708 9453
1531 2 2 7 1 7893 7895 8131
1532 2 2 7 1 8421 8056 8423
1533 2 2 7 1 9115 6890 9466
1534 2 2 7 1 8165 8191 9061
1535 2 2 7 1 7604 8165 9064
1536 2 2 7 1 7614 7616 8126
1537 2 2 7 1 7706 8318 9410
1538 2 2 7 1 7770 8387 8389
1539 2 2 7 1 7855 7692 8389
1540 2 2 7 1 6965 7877 9213
1541 2 2 7 1 8141 8646 8855
1542 2 2 7 1 8776 8724 9182
1543 2 2 7 1 8361 8539 8613
1544 2 2 7 1 7662 7632 7727
1545 2 2 7 1 8632 7445 9594
1546 2 2 7 1 8031 8858 9522
1547 2 2 7 1 6995 8565 9493
1548 2 2 7 1 8763 7549 9293
1549 2 2 7 1 7975 8422 9003
1550 2 2 7 1 8890 8423 9224
1551 2 2 7 1 7628 7958 9605
1552 2 2 7 1 2346 2352 8341
1553 2 2 7 1 8047 8296 8355
1554 2 2 7 1 2100 5064 8644
1555 2 2 7 1 7879 7684 8075
1556 2 2 7 1 8072 8122 8356
1557 2 2 7 1 6868 8996 9401
1558 2 2 7 1 4410 4416 7046
1559 2 2 7 1 3138 3144 6946
1560 2 2 7 1 7244 8214 8365
1561 2 2 7 1 7933 7937 8232
1562 2 2 7 1 9084 7332 9086
1563 2 2 7 1 8086 8415 9235
1564 2 2 7 1 2586 6982 7381
1565 2 2 7 1 7749 7985 8937
1566 2 2 7 1 4794 4800 7528
1567 2 2 7 1 8260 9324 9616
1568 2 2 7 1 7704 7705 9399
1569 2 2 7 1 8796 8798 8844
1570 2 2 7 1 7567 8337 8606
1571 2 2 7 1 9170 8921 9245
1572 2 2 7 1 8178 8335 9466
1573 2 2 7 1 8188 8128 9464
1574 2 2 7 1 7955 7690 9434
1575 2 2 7 1 8783 1072 9173
1576 2 2 7 1 8219 8358 9251
1577 2 2 7 1 7705 7707 9399
1578 2 2 7 1 8997 8998 9352
1579 2 2 7 1 8178 7852 9614
1580 2 2 7 1 8671 7984 8963
1581 2 2 7 1 8170 6958 8716
1582 2 2 7 1 7629 7626 9554
1583 2 2 7 1 8052 8127 8128
1584 2 2 7 1 8701 7751 8706
1585 2 2 7 1 8798 8801 8802
1586 2 2 7 1 8202 7722 8203
1587 2 2 7 1 1043 1044 8523
1588 2 2 7 1 9263 7566 9470
1589 2 2 7 1 6852 3612 8107
1590 2 2 7 1 9121 8123 9323
1591 2 2 7 1 8176 8207 8290
1592 2 2 7 1 8203 7722 9057
1593 2 2 7 1 8043 8772 8784
1594 2 2 7 1 7600 8714 9424
1595 2 2 7 1 7438 9015 9073
1596 2 2 7 1 7612 9155 9166
1597 2 2 7 1 8119 8593 8881
1598 2 2 7 1 9157 8704 9158
1599 2 2 7 1 7645 7648 8282
1600 2 2 7 1 9257 7902 9258
1601 2 2 7 1 8732 8766 8771
1602 2 2 7 1 8161 7076 8318
1603 2 2 7 1 7122 1668 7243
1604 2 2 7 1 8165 9063 9064
1605 2 2 7 1 7838 7717 8115
1606 2 2 7 1 8289 8647 8762
1607 2 2 7 1 1302 1308 6961
1608 2 2 7 1 8148 7660 9467
1609 2 2 7 1 7100 970 8360
1610 2 2 7 1 4806 4812 7528
1611 2 2 7 1 8304 8299 8319
1612 2 2 7 1 8118 8201 9149
1613 2 2 7 1 7912 7739 8618
1614 2 2 7 1 9578 6956 9590
1615 2 2 7 1 7751 8837 8839
1616 2 2 7 1 8969 8968 9113
1617 2 2 7 1 2874 2880 8328
1618 2 2 7 1 987 988 8607
1619 2 2 7 1 8018 8257 8852
1620 2 2 7 1 7109 7687 8736
1621 2 2 7 1 6708 6925 7434
1622 2 2 7 1 8972 6918 9125
1623 2 2 7 1 7066 7575 7683
1624 2 2 7 1 2040 2046 7443
1625 2 2 7 1 6750 6933 7423
1626 2 2 7 1 8132 7629 9554
1627 2 2 7 1 8951 7313 8957
1628 2 2 7 1 8315 8680 9278
1629 2 2 7 1 8082 7252 8352
1630 2 2 7 1 7438 7240 7439
1631 2 2 7 1 9238 8833 9239
1632 2 2 7 1 8605 9220 9332
1633 2 2 7 1 8813 8817 8842
1634 2 2 7 1 7761 7564 9599
1635 2 2 7 1 6973 6992 9362
1636 2 2 7 1 1344 1350 8707
1637 2 2 7 1 7100 8247 8361
1638 2 2 7 1 8784 8102 8786
1639 2 2 7 1 8300 8305 9205
1640 2 2 7 1 8238 8236 8239
1641 2 2 7 1 7687 8622 8736
1642 2 2 7 1 8414 8086 8626
1643 2 2 7 1 8315 7179 8680
1644 2 2 7 1 8323 8108 8343
1645 2 2 7 1 6938 8646 8891
1646 2 2 7 1 2610 2616 8684
1647 2 2 7 1 7503 8003 8255
1648 2 2 7 1 8271 7577 9416
1649 2 2 7 1 9204 7323 9205
1650 2 2 7 1 7340 9129 9172
1651 2 2 7 1 8055 8412 9227
1652 2 2 7 1 9130 7832 9131
1653 2 2 7 1 8322 8923 9101
1654 2 2 7 1 4596 6786 8781
1655 2 2 7 1 6923 9128 9172
1656 2 2 7 1 6928 6997 7582
1657 2 2 7 1 7906 8282 8362
1658 2 2 7 1 8198 8199 8873
1659 2 2 7 1 7891 7889 8212
1660 2 2 7 1 4458 4464 7500
1661 2 2 7 1 9220 7380 9332
1662 2 2 7 1 7709 7747 9456
1663 2 2 7 1 6979 8489 8658
1664 2 2 7 1 8661 8267 8864
1665 2 2 7 1 2292 8190 8715
1666 2 2 7 1 9212 6903 9393
1667 2 2 7 1 6872 8094 9351
1668 2 2 7 1 1027 1028 8364
1669 2 2 7 1 8826 8827 9222
1670 2 2 7 1 8400 7904 9231
1671 2 2 7 1 7873 7874 9586
1672 2 2 7 1 8311 9148 9274
1673 2 2 7 1 7378 7379 8232
1674 2 2 7 1 8621 9054 9604
1675 2 2 7 1 8314 8633 8668
1676 2 2 7 1 7575 7065 7683
1677 2 2 7 1 8787 6923 9172
1678 2 2 7 1 7125 7428 7704
1679 2 2 7 1 6951 8589 8592
1680 2 2 7 1 8106 8655 8889
1681 2 2 7 1 8489 6979 8490
1682 2 2 7 1 7879 8075 9121
1683 2 2 7 1 8923 6980 9101
1684 2 2 7 1 6888 9284 9285
1685 2 2 7 1 9283 8192 9284
1686 2 2 7 1 8192 9062 9284
1687 2 2 7 1 4056 7043 8895
1688 2 2 7 1 7244 8365 8611
1689 2 2 7 1 8602 6978 9457
1690 2 2 7 1 8188 9011 9012
1691 2 2 7 1 7752 9298 9646
1692 2 2 7 1 7676 7507 8723
1693 2 2 7 1 8802 8803 8951
1694 2 2 7 1 4050 4056 6875
1695 2 2 7 1 9155 7612 9156
1696 2 2 7 1 7988 7989 9532
1697 2 2 7 1 8703 9245 9294
1698 2 2 7 1 7749 7750 9489
1699 2 2 7 1 7716 7715 9336
1700 2 2 7 1 8820 9122 9290
1701 2 2 7 1 6978 8602 9389
1702 2 2 7 1 8025 8021 8026
1703 2 2 7 1 7449 1956 7633
1704 2 2 7 1 8025 8026 8027
1705 2 2 7 1 7834 7835 9517
1706 2 2 7 1 3768 3774 8721
1707 2 2 7 1 7032 6897 7671
1708 2 2 7 1 8996 9118 9119
1709 2 2 7 1 8869 7388 9052
1710 2 2 7 1 8159 7387 8212
1711 2 2 7 1 8838 8702 9316
1712 2 2 7 1 8316 8314 8668
1713 2 2 7 1 7129 7696 9574
1714 2 2 7 1 6989 8244 9173
1715 2 2 7 1 7001 2376 7556
1716 2 2 7 1 8983 7028 9545
1717 2 2 7 1 8664 7475 8714
1718 2 2 7 1 3546 3552 8693
1719 2 2 7 1 7955 9434 9659
1720 2 2 7 1 8141 8855 9589
1721 2 2 7 1 1428 1434 8897
1722 2 2 7 1 6913 7919 8105
1723 2 2 7 1 8766 8769 8994
1724 2 2 7 1 7569 8257 8901
1725 2 2 7 1 8827 8829 8849
1726 2 2 7 1 8211 8203 9057
1727 2 2 7 1 8324 8323 8343
1728 2 2 7 1 1338 1344 8707
1729 2 2 7 1 7027 9140 9328
1730 2 2 7 1 1422 1428 8897
1731 2 2 7 1 8829 8831 8833
1732 2 2 7 1 7876 8678 8679
1733 2 2 7 1 7677 7497 8297
1734 2 2 7 1 8645 8647 9627
1735 2 2 7 1 6875 4056 8895
1736 2 2 7 1 8176 7437 8207
1737 2 2 7 1 8064 8068 8349
1738 2 2 7 1 7085 8341 9322
1739 2 2 7 1 8296 7318 8355
1740 2 2 7 1 8403 8277 8758
1741 2 2 7 1 6987 8175 8243
1742 2 2 7 1 7259 8241 8886
1743 2 2 7 1 7890 7893 8726
1744 2 2 7 1 7278 1043 8523
1745 2 2 7 1 8389 7011 8390
1746 2 2 7 1 7900 8631 9526
1747 2 2 7 1 8287 7602 9064
1748 2 2 7 1 8034 7314 8220
1749 2 2 7 1 7440 7632 7662
1750 2 2 7 1 8753 8788 9465
1751 2 2 7 1 7574 7944 7945
1752 2 2 7 1 2616 2622 8684
1753 2 2 7 1 9150 9153 9154
1754 2 2 7 1 7739 7582 8081
1755 2 2 7 1 7714 7712 9356
1756 2 2 7 1 6774 3954 8032
1757 2 2 7 1 7983 8047 9537
1758 2 2 7 1 7538 8779 8780
1759 2 2 7 1 7582 6997 8081
1760 2 2 7 1 8680 8166 9278
1761 2 2 7 1 7827 9177 9178
1762 2 2 7 1 7736 8733 9490
1763 2 2 7 1 8319 7383 9370
1764 2 2 7 1 1086 2100 8644
1765 2 2 7 1 8204 7722 9516
1766 2 2 7 1 8371 8745 8868
1767 2 2 7 1 2844 6914 9331
1768 2 2 7 1 8189 8219 9251
1769 2 2 7 1 8550 6962 9383
1770 2 2 7 1 4728 7572 9391
1771 2 2 7 1 8071 8946 9289
1772 2 2 7 1 7082 7080 8297
1773 2 2 7 1 8331 8918 9091
1774 2 2 7 1 7030 9080 9146
1775 2 2 7 1 8681 8682 9095
1776 2 2 7 1 6780 4596 8781
1777 2 2 7 1 8780 8777 9624
1778 2 2 7 1 8670 7925 8859
1779 2 2 7 1 7585 7583 7912
1780 2 2 7 1 8179 8181 8182
1781 2 2 7 1 8641 7890 8726
1782 2 2 7 1 7847 8217 9635
1783 2 2 7 1 8841 8838 9245
1784 2 2 7 1 7610 9171 9365
1785 2 2 7 1 6962 8550 9317
1786 2 2 7 1 8659 8638 8763
1787 2 2 7 1 7993 7997 9482
1788 2 2 7 1 8250 8194 9612
1789 2 2 7 1 7630 7920 8248
1790 2 2 7 1 8788 8751 9465
1791 2 2 7 1 7116 7115 7125
1792 2 2 7 1 8208 8125 9404
1793 2 2 7 1 7040 8207 9364
1794 2 2 7 1 7617 7615 9259
1795 2 2 7 1 8094 6872 9333
1796 2 2 7 1 8646 8084 8891
1797 2 2 7 1 7623 7624 9637
1798 2 2 7 1 8241 8406 9253
1799 2 2 7 1 8351 9198 9199
1800 2 2 7 1 8220 8096 8221
1801 2 2 7 1 8699 8945 9447
1802 2 2 7 1 7456 7388 8869
1803 2 2 7 1 1566 1572 7636
1804 2 2 7 1 8492 7279 8493
1805 2 2 7 1 7957 7644 8282
1806 2 2 7 1 8356 8122 8976
1807 2 2 7 1 8776 9182 9593
1808 2 2 7 1 7537 8117 8775
1809 2 2 7 1 7569 8901 9352
1810 2 2 7 1 2340 2346 8341
1811 2 2 7 1 6905 9187 9570
1812 2 2 7 1 7534 7521 9520
1813 2 2 7 1 7272 8325 8327
1814 2 2 7 1 8195 8216 8894
1815 2 2 7 1 8745 7281 8868
1816 2 2 7 1 8256 6970 8607
1817 2 2 7 1 8399 8783 9173
1818 2 2 7 1 8918 7039 9091
1819 2 2 7 1 8814 9202 9203
1820 2 2 7 1 3996 6872 9351
1821 2 2 7 1 8327 7009 9326
1822 2 2 7 1 8490 6979 8608
1823 2 2 7 1 3762 3768 8721
1824 2 2 7 1 4404 4410 6878
1825 2 2 7 1 8422 7433 9003
1826 2 2 7 1 9214 9215 9216
1827 2 2 7 1 8805 9211 9215
1828 2 2 7 1 8661 8660 8727
1829 2 2 7 1 7630 8248 9298
1830 2 2 7 1 6895 6606 8253
1831 2 2 7 1 7249 7122 7250
1832 2 2 7 1 4452 4458 7500
1833 2 2 7 1 8939 6863 9538
1834 2 2 7 1 7100 8361 8613
1835 2 2 7 1 8143 8142 8877
1836 2 2 7 1 8814 9203 9222
1837 2 2 7 1 7747 7749 9456
1838 2 2 7 1 7944 7574 9589
1839 2 2 7 1 8490 8608 8627
1840 2 2 7 1 7873 8158 8969
1841 2 2 7 1 7006 7252 7846
1842 2 2 7 1 7619 7620 9579
1843 2 2 7 1 6915 9099 9303
1844 2 2 7 1 3960 7314 8032
1845 2 2 7 1 1326 1332 8962
1846 2 2 7 1 7872 8523 8658
1847 2 2 7 1 7565 7566 8679
1848 2 2 7 1 8133 8675 9254
1849 2 2 7 1 2898 6901 8862
1850 2 2 7 1 3156 3162 7486
1851 2 2 7 1 7075 7059 8031
1852 2 2 7 1 7073 7089 8294
1853 2 2 7 1 7997 7993 8074
1854 2 2 7 1 3534 7513 7540
1855 2 2 7 1 8088 8508 8744
1856 2 2 7 1 8813 8815 8817
1857 2 2 7 1 8026 8019 9668
1858 2 2 7 1 8246 7981 9244
1859 2 2 7 1 7760 8199 9455
1860 2 2 7 1 986 6970 8854
1861 2 2 7 1 970 971 8360
1862 2 2 7 1 7677 8639 9256
1863 2 2 7 1 7949 7943 7950
1864 2 2 7 1 7611 7606 9505
1865 2 2 7 1 7829 9179 9656
1866 2 2 7 1 9368 7744 9395
1867 2 2 7 1 7878 8205 8636
1868 2 2 7 1 7720 7718 7721
1869 2 2 7 1 8625 9197 9492
1870 2 2 7 1 8947 6861 9016
1871 2 2 7 1 9205 8305 9209
1872 2 2 7 1 5088 7472 7474
1873 2 2 7 1 7962 8195 9041
1874 2 2 7 1 7012 8671 8963
1875 2 2 7 1 8206 7878 9658
1876 2 2 7 1 8194 7934 9139
1877 2 2 7 1 8768 7830 8853
1878 2 2 7 1 9434 7488 9659
1879 2 2 7 1 8235 7965 9098
1880 2 2 7 1 2034 2040 7443
1881 2 2 7 1 9475 8822 9637
1882 2 2 7 1 7012 8508 8671
1883 2 2 7 1 8210 7990 8262
1884 2 2 7 1 8152 8693 9392
1885 2 2 7 1 6886 9175 9656
1886 2 2 7 1 7375 2502 7854
1887 2 2 7 1 2880 2886 8328
1888 2 2 7 1 7757 8840 8851
1889 2 2 7 1 7985 8936 8937
1890 2 2 7 1 8630 8152 8777
1891 2 2 7 1 8354 8760 8789
1892 2 2 7 1 8346 8347 9630
1893 2 2 7 1 7676 8201 9388
1894 2 2 7 1 6863 8939 8940
1895 2 2 7 1 8412 8055 9279
1896 2 2 7 1 8258 9484 9503
1897 2 2 7 1 9215 8850 9216
1898 2 2 7 1 8042 7881 8043
1899 2 2 7 1 8232 7937 9644
1900 2 2 7 1 8834 8835 9390
1901 2 2 7 1 8943 8944 9144
1902 2 2 7 1 7751 8839 8840
1903 2 2 7 1 8054 8651 8742
1904 2 2 7 1 9160 9315 9602
1905 2 2 7 1 7711 7669 9356
1906 2 2 7 1 9096 7337 9111
1907 2 2 7 1 1470 7350 9324
1908 2 2 7 1 7702 8377 8856
1909 2 2 7 1 7858 8415 9382
1910 2 2 7 1 9298 7693 9646
1911 2 2 7 1 6981 1470 9324
1912 2 2 7 1 7660 8148 9486
1913 2 2 7 1 8088 8744 8863
1914 2 2 7 1 7958 7628 8049
1915 2 2 7 1 8709 8689 9502
1916 2 2 7 1 8584 8662 8746
1917 2 2 7 1 8773 8774 9404
1918 2 2 7 1 8696 8039 9385
1919 2 2 7 1 7462 8104 8273
1920 2 2 7 1 7072 7068 8318
1921 2 2 7 1 8399 8095 8783
1922 2 2 7 1 7539 7520 7756
1923 2 2 7 1 8158 8968 8969
1924 2 2 7 1 9139 6921 9150
1925 2 2 7 1 7497 7904 8297
1926 2 2 7 1 9237 8819 9238
1927 2 2 7 1 8760 8213 8789
1928 2 2 7 1 7644 7645 8282
1929 2 2 7 1 8907 7876 8945
1930 2 2 7 1 1614 7065 7575
1931 2 2 7 1 7365 8603 8637
1932 2 2 7 1 7758 7574 8206
1933 2 2 7 1 7643 8903 9263
1934 2 2 7 1 8199 8872 8873
1935 2 2 7 1 7637 6977 8617
1936 2 2 7 1 7652 7646 8142
1937 2 2 7 1 7040 7435 8207
1938 2 2 7 1 6919 8908 8921
1939 2 2 7 1 8275 8235 8666
1940 2 2 7 1 8299 7384 8319
1941 2 2 7 1 7117 7114 9542
1942 2 2 7 1 8205 7945 9540
1943 2 2 7 1 7752 8186 8700
1944 2 2 7 1 7990 8221 8790
1945 2 2 7 1 4428 4434 7586
1946 2 2 7 1 6970 987 8607
1947 2 2 7 1 988 7279 8607
1948 2 2 7 1 8810 8812 8813
1949 2 2 7 1 8608 7280 8627
1950 2 2 7 1 8229 7071 8294
1951 2 2 7 1 8592 8589 9380
1952 2 2 7 1 8080 8079 9322
1953 2 2 7 1 8809 8810 8850
1954 2 2 7 1 8205 7878 8206
1955 2 2 7 1 7707 7705 7708
1956 2 2 7 1 8196 8198 8200
1957 2 2 7 1 9084 8741 9085
1958 2 2 7 1 7638 9353 9406
1959 2 2 7 1 8276 7986 9534
1960 2 2 7 1 6970 8520 8854
1961 2 2 7 1 8701 8702 8837
1962 2 2 7 1 8168 8945 9523
1963 2 2 7 1 8201 7676 9149
1964 2 2 7 1 7433 8423 8890
1965 2 2 7 1 8833 8845 9330
1966 2 2 7 1 7902 7851 9258
1967 2 2 7 1 7621 7622 9485
1968 2 2 7 1 8493 7279 8609
1969 2 2 7 1 8967 8971 8973
1970 2 2 7 1 7163 8316 8668
1971 2 2 7 1 8508 7012 8744
1972 2 2 7 1 6903 8850 9393
1973 2 2 7 1 7367 8096 8220
1974 2 2 7 1 8468 9056 9233
1975 2 2 7 1 8303 9182 9183
1976 2 2 7 1 7045 2898 8862
1977 2 2 7 1 8810 8823 8850
1978 2 2 7 1 8933 7321 9030
1979 2 2 7 1 8150 8348 8715
1980 2 2 7 1 7448 7455 9663
1981 2 2 7 1 7750 7834 9489
1982 2 2 7 1 7850 7851 7852
1983 2 2 7 1 4812 4818 7530
1984 2 2 7 1 8662 6971 8746
1985 2 2 7 1 8137 8365 8580
1986 2 2 7 1 7624 7625 9637
1987 2 2 7 1 7454 7664 7909
1988 2 2 7 1 7876 7585 7913
1989 2 2 7 1 8229 8294 8337
1990 2 2 7 1 7071 7073 8294
1991 2 2 7 1 8796 8844 9035
1992 2 2 7 1 7239 7240 7438
1993 2 2 7 1 1938 7449 7663
1994 2 2 7 1 6859 9102 9274
1995 2 2 7 1 2448 6958 9446
1996 2 2 7 1 8752 7707 9453
1997 2 2 7 1 7709 7708 7747
1998 2 2 7 1 8861 7337 9096
1999 2 2 7 1 8376 7300 8377
2000 2 2 7 1 7009 8436 8925
2001 2 2 7 1 7470 7452 8141
2002 2 2 7 1 8493 8609 8616
2003 2 2 7 1 2166 6936 8866
2004 2 2 7 1 7620 7621 9579
2005 2 2 7 1 8967 8158 8971
2006 2 2 7 1 7520 7533 7756
2007 2 2 7 1 8774 9358 9404
2008 2 2 7 1 7701 7614 8126
2009 2 2 7 1 8897 7094 8899
2010 2 2 7 1 8706 7630 9298
2011 2 2 7 1 7322 8934 8935
2012 2 2 7 1 9015 8050 9073
2013 2 2 7 1 7756 7546 9512
2014 2 2 7 1 4788 4794 9248
2015 2 2 7 1 7994 8347 8975
2016 2 2 7 1 7749 7747 7750
2017 2 2 7 1 7707 8752 9569
2018 2 2 7 1 7473 8144 9168
2019 2 2 7 1 7019 8742 9096
2020 2 2 7 1 8244 8399 9173
2021 2 2 7 1 8062 8073 9371
2022 2 2 7 1 9359 8157 9482
2023 2 2 7 1 9315 9316 9602
2024 2 2 7 1 7704 7428 7705
2025 2 2 7 1 7687 7107 9054
2026 2 2 7 1 8128 8127 8129
2027 2 2 7 1 7998 7459 9249
2028 2 2 7 1 2322 2328 7242
2029 2 2 7 1 7993 7995 8074
2030 2 2 7 1 8806 8809 8867
2031 2 2 7 1 7834 7750 7835
2032 2 2 7 1 9056 7090 9233
2033 2 2 7 1 9331 6914 9385
2034 2 2 7 1 3936 7044 9460
2035 2 2 7 1 4824 4830 7530
2036 2 2 7 1 6890 9363 9466
2037 2 2 7 1 9432 8825 9485
2038 2 2 7 1 7990 7991 9428
2039 2 2 7 1 8892 8846 9330
2040 2 2 7 1 8068 8173 8615
2041 2 2 7 1 7280 8584 8627
2042 2 2 7 1 7872 8522 8523
2043 2 2 7 1 7752 7654 9379
2044 2 2 7 1 8896 7336 9072
2045 2 2 7 1 8709 8140 9458
2046 2 2 7 1 8361 8247 8538
2047 2 2 7 1 7948 8361 8538
2048 2 2 7 1 8228 8178 9036
2049 2 2 7 1 8653 8656 9670
2050 2 2 7 1 8150 7899 9624
2051 2 2 7 1 7748 9410 9415
2052 2 2 7 1 8367 7631 8979
2053 2 2 7 1 8335 7283 9466
2054 2 2 7 1 7873 7835 7874
2055 2 2 7 1 9236 7018 9314
2056 2 2 7 1 9245 9162 9294
2057 2 2 7 1 7241 8358 8359
2058 2 2 7 1 9209 8916 9286
2059 2 2 7 1 8817 8818 8826
2060 2 2 7 1 1284 1290 7092
2061 2 2 7 1 9289 9368 9395
2062 2 2 7 1 8914 8251 9009
2063 2 2 7 1 8141 7447 8632
2064 2 2 7 1 9099 9053 9303
2065 2 2 7 1 8732 8765 8766
2066 2 2 7 1 6982 2598 7477
2067 2 2 7 1 8257 8023 8340
2068 2 2 7 1 1524 1530 7372
2069 2 2 7 1 7689 7658 8162
2070 2 2 7 1 8848 8833 9238
2071 2 2 7 1 7580 8689 8709
2072 2 2 7 1 8982 8223 9188
2073 2 2 7 1 7552 8036 9376
2074 2 2 7 1 6904 7761 7839
2075 2 2 7 1 8882 8816 9222
2076 2 2 7 1 6976 8670 8859
2077 2 2 7 1 8683 8686 8687
2078 2 2 7 1 8478 8479 8694
2079 2 2 7 1 7067 7071 8229
2080 2 2 7 1 8345 7744 8964
2081 2 2 7 1 9353 7466 9406
2082 2 2 7 1 7607 7609 7875
2083 2 2 7 1 8836 8838 8841
2084 2 2 7 1 8992 8276 9534
2085 2 2 7 1 8938 9105 9437
2086 2 2 7 1 8692 9285 9365
2087 2 2 7 1 1578 1584 7066
2088 2 2 7 1 1500 1506 8259
2089 2 2 7 1 8791 8792 9131
2090 2 2 7 1 7279 8492 8607
2091 2 2 7 1 8753 7859 8754
2092 2 2 7 1 9015 7438 9484
2093 2 2 7 1 8110 8112 8344
2094 2 2 7 1 3570 3576 7515
2095 2 2 7 1 8957 9194 9195
2096 2 2 7 1 7544 7552 9376
2097 2 2 7 1 7850 8178 8228
2098 2 2 7 1 7666 7665 7728
2099 2 2 7 1 7712 7714 7715
2100 2 2 7 1 8367 7218 8374
2101 2 2 7 1 8911 9163 9164
2102 2 2 7 1 7336 8896 9105
2103 2 2 7 1 6920 2640 7877
2104 2 2 7 1 8624 8226 9200
2105 2 2 7 1 8523 1044 8658
2106 2 2 7 1 7519 7514 8873
2107 2 2 7 1 7572 4740 8998
2108 2 2 7 1 8058 8060 9318
2109 2 2 7 1 8140 8139 9458
2110 2 2 7 1 7609 7614 7701
2111 2 2 7 1 6976 8371 8670
2112 2 2 7 1 8944 8091 8972
2113 2 2 7 1 7667 7547 9565
2114 2 2 7 1 8702 8836 8837
2115 2 2 7 1 9258 7555 9259
2116 2 2 7 1 7625 7626 7627
2117 2 2 7 1 8294 7089 8606
2118 2 2 7 1 8032 7314 8034
2119 2 2 7 1 6895 8991 9320
2120 2 2 7 1 8288 7944 8289
2121 2 2 7 1 8346 7896 9620
2122 2 2 7 1 8226 9199 9200
2123 2 2 7 1 8020 8023 8257
2124 2 2 7 1 8305 8307 8916
2125 2 2 7 1 8008 8725 8857
2126 2 2 7 1 8749 8888 8959
2127 2 2 7 1 8144 8146 8714
2128 2 2 7 1 8579 8410 8604
2129 2 2 7 1 4830 4836 9421
2130 2 2 7 1 8100 8417 9435
2131 2 2 7 1 1272 1278 7092
2132 2 2 7 1 7394 8170 9537
2133 2 2 7 1 8766 8767 8769
2134 2 2 7 1 7511 7518 9297
2135 2 2 7 1 8227 8291 8292
2136 2 2 7 1 8270 7944 8288
2137 2 2 7 1 9006 8228 9164
2138 2 2 7 1 8417 8100 8619
2139 2 2 7 1 6982 7477 8686
2140 2 2 7 1 8666 8235 9098
2141 2 2 7 1 7124 7297 7427
2142 2 2 7 1 7581 7573 8258
2143 2 2 7 1 8158 7940 8971
2144 2 2 7 1 7676 8723 9634
2145 2 2 7 1 8788 8787 9172
2146 2 2 7 1 8655 8654 9563
2147 2 2 7 1 8779 8778 8780
2148 2 2 7 1 7382 6982 8686
2149 2 2 7 1 8080 8900 9373
2150 2 2 7 1 8298 8300 9205
2151 2 2 7 1 7318 8296 9362
2152 2 2 7 1 8943 7341 9138
2153 2 2 7 1 8303 9183 9267
2154 2 2 7 1 8260 8264 9324
2155 2 2 7 1 8752 9483 9569
2156 2 2 7 1 8365 8214 8580
2157 2 2 7 1 8137 8284 8365
2158 2 2 7 1 7458 7460 7462
2159 2 2 7 1 7835 7873 9517
2160 2 2 7 1 8244 6989 9340
2161 2 2 7 1 7622 7623 9485
2162 2 2 7 1 8833 8831 8834
2163 2 2 7 1 9117 8789 9140
2164 2 2 7 1 8292 8728 8729
2165 2 2 7 1 8873 7514 9388
2166 2 2 7 1 8269 8155 8871
2167 2 2 7 1 8905 8133 9254
2168 2 2 7 1 7940 7874 7941
2169 2 2 7 1 9032 9031 9393
2170 2 2 7 1 4056 4062 7043
2171 2 2 7 1 9290 6906 9307
2172 2 2 7 1 8639 8161 8761
2173 2 2 7 1 7762 7601 8715
2174 2 2 7 1 7616 7618 7619
2175 2 2 7 1 6918 8972 9021
2176 2 2 7 1 8341 8080 9322
2177 2 2 7 1 8609 6954 8616
2178 2 2 7 1 8412 7002 9227
2179 2 2 7 1 8829 8833 8848
2180 2 2 7 1 8155 8269 8279
2181 2 2 7 1 8097 8094 9333
2182 2 2 7 1 8283 7056 8676
2183 2 2 7 1 8317 7282 9507
2184 2 2 7 1 8226 8129 8227
2185 2 2 7 1 7080 7078 8639
2186 2 2 7 1 8273 8043 8784
2187 2 2 7 1 7563 6928 7582
2188 2 2 7 1 8307 8309 9075
2189 2 2 7 1 8149 8268 8636
2190 2 2 7 1 7910 8937 9573
2191 2 2 7 1 8742 9107 9396
2192 2 2 7 1 8835 8836 9390
2193 2 2 7 1 8584 7280 8662
2194 2 2 7 1 7518 8779 9297
2195 2 2 7 1 8877 8142 9667
2196 2 2 7 1 7296 9075 9528
2197 2 2 7 1 8996 8759 9401
2198 2 2 7 1 8693 7512 9392
2199 2 2 7 1 7552 7682 7847
2200 2 2 7 1 8806 8867 9067
2201 2 2 7 1 1590 1596 7066
2202 2 2 7 1 7444 7634 9206
2203 2 2 7 1 9010 9011 9492
2204 2 2 7 1 7574 7470 9589
2205 2 2 7 1 7560 4632 7561
2206 2 2 7 1 7947 7858 9382
2207 2 2 7 1 7627 7629 7630
2208 2 2 7 1 7855 8389 8390
2209 2 2 7 1 8361 7948 8539
2210 2 2 7 1 7430 8154 9374
2211 2 2 7 1 6958 8170 9446
2212 2 2 7 1 7196 7198 8368
2213 2 2 7 1 4386 4392 7054
2214 2 2 7 1 7949 8215 8651
2215 2 2 7 1 7873 8969 9452
2216 2 2 7 1 8072 8061 8122
2217 2 2 7 1 7236 7300 8376
2218 2 2 7 1 8287 9064 9208
2219 2 2 7 1 7115 7124 7125
2220 2 2 7 1 8725 7010 8857
2221 2 2 7 1 7573 7758 8258
2222 2 2 7 1 8268 7906 8362
2223 2 2 7 1 7282 8317 9444
2224 2 2 7 1 8227 9049 9386
2225 2 2 7 1 8211 7667 8675
2226 2 2 7 1 8829 8848 8849
2227 2 2 7 1 7061 7063 8031
2228 2 2 7 1 2328 2334 9322
2229 2 2 7 1 6947 8577 8924
2230 2 2 7 1 9100 9026 9606
2231 2 2 7 1 7950 7951 9654
2232 2 2 7 1 8371 6976 8745
2233 2 2 7 1 6954 8338 8616
2234 2 2 7 1 7749 8937 9456
2235 2 2 7 1 8049 9242 9312
2236 2 2 7 1 8415 7858 9235
2237 2 2 7 1 8653 8131 8656
2238 2 2 7 1 8466 6975 8612
2239 2 2 7 1 7300 7433 8890
2240 2 2 7 1 4374 4380 7054
2241 2 2 7 1 7752 8700 8706
2242 2 2 7 1 9418 7826 9579
2243 2 2 7 1 6988 1236 7637
2244 2 2 7 1 7312 9035 9570
2245 2 2 7 1 8366 8367 8374
2246 2 2 7 1 7473 2160 8866
2247 2 2 7 1 9222 8816 9306
2248 2 2 7 1 7709 8884 9341
2249 2 2 7 1 7239 7438 7631
2250 2 2 7 1 8268 8363 8636
2251 2 2 7 1 7462 8273 8784
2252 2 2 7 1 3738 3744 6940
2253 2 2 7 1 7004 7753 7898
2254 2 2 7 1 7532 7555 9451
2255 2 2 7 1 8182 8955 8989
2256 2 2 7 1 7524 7729 8638
2257 2 2 7 1 7547 7667 7668
2258 2 2 7 1 7272 8327 9326
2259 2 2 7 1 8062 9371 9417
2260 2 2 7 1 7233 7236 8376
2261 2 2 7 1 7888 7890 8641
2262 2 2 7 1 7891 8213 8760
2263 2 2 7 1 7718 7716 8946
2264 2 2 7 1 8105 8002 9299
2265 2 2 7 1 8623 7880 9052
2266 2 2 7 1 6878 7046 7710
2267 2 2 7 1 8331 8330 8860
2268 2 2 7 1 8717 8978 9284
2269 2 2 7 1 7574 7945 8206
2270 2 2 7 1 7234 7196 8368
2271 2 2 7 1 7198 7218 8368
2272 2 2 7 1 7844 8209 9512
2273 2 2 7 1 8887 7028 8983
2274 2 2 7 1 8225 8090 8342
2275 2 2 7 1 8201 8873 9388
2276 2 2 7 1 3012 3018 6997
2277 2 2 7 1 8741 8054 8742
2278 2 2 7 1 6914 8695 9385
2279 2 2 7 1 8614 9549 9611
2280 2 2 7 1 2310 2316 7242
2281 2 2 7 1 7200 7202 8374
2282 2 2 7 1 9191 8844 9527
2283 2 2 7 1 7998 9249 9503
2284 2 2 7 1 8755 8754 8756
2285 2 2 7 1 6992 7318 9362
2286 2 2 7 1 8405 7385 8782
2287 2 2 7 1 7521 7519 8872
2288 2 2 7 1 7504 8116 9526
2289 2 2 7 1 7506 7538 8116
2290 2 2 7 1 8769 8770 8791
2291 2 2 7 1 8079 8712 9541
2292 2 2 7 1 7297 7117 9625
2293 2 2 7 1 8781 8894 9119
2294 2 2 7 1 7456 8869 9496
2295 2 2 7 1 7938 8954 9505
2296 2 2 7 1 8216 8759 9119
2297 2 2 7 1 8894 8216 9119
2298 2 2 7 1 8282 7648 8362
2299 2 2 7 1 8279 8269 9644
2300 2 2 7 1 7384 7383 8319
2301 2 2 7 1 8846 9329 9330
2302 2 2 7 1 9110 8861 9438
2303 2 2 7 1 7329 8400 9231
2304 2 2 7 1 7011 8388 9601
2305 2 2 7 1 8046 8354 9053
2306 2 2 7 1 8047 8045 9537
2307 2 2 7 1 7208 7215 8366
2308 2 2 7 1 9347 8132 9554
2309 2 2 7 1 8994 8769 9133
2310 2 2 7 1 8098 8100 9435
2311 2 2 7 1 7208 8366 8374
2312 2 2 7 1 7988 7897 7989
2313 2 2 7 1 8128 8226 8624
2314 2 2 7 1 7202 7208 8374
2315 2 2 7 1 7218 7200 8374
2316 2 2 7 1 7053 7579 8708
2317 2 2 7 1 7020 8914 9009
2318 2 2 7 1 8954 8740 9505
2319 2 2 7 1 6974 6967 9251
2320 2 2 7 1 8285 7235 9242
2321 2 2 7 1 6961 8711 8909
2322 2 2 7 1 7852 7902 8181
2323 2 2 7 1 8051 7701 8052
2324 2 2 7 1 7741 7060 9621
2325 2 2 7 1 9019 9020 9113
2326 2 2 7 1 9159 6881 9315
2327 2 2 7 1 7059 7061 8031
2328 2 2 7 1 8069 8071 9289
2329 2 2 7 1 9404 8125 9481
2330 2 2 7 1 8293 7455 8786
2331 2 2 7 1 8124 8090 8225
2332 2 2 7 1 7213 9145 9319
2333 2 2 7 1 7897 7988 9610
2334 2 2 7 1 7727 7632 8272
2335 2 2 7 1 8577 6947 9077
2336 2 2 7 1 7533 7546 7756
2337 2 2 7 1 8049 8285 9242
2338 2 2 7 1 8237 8238 9254
2339 2 2 7 1 8234 7965 8235
2340 2 2 7 1 8222 8223 9247
2341 2 2 7 1 6971 8330 8746
2342 2 2 7 1 8056 8419 9279
2343 2 2 7 1 3564 3570 9392
2344 2 2 7 1 7344 7479 8379
2345 2 2 7 1 7766 7764 8373
2346 2 2 7 1 7845 8370 8379
2347 2 2 7 1 7345 8369 8373
2348 2 2 7 1 8369 7766 8373
2349 2 2 7 1 8369 7345 8379
2350 2 2 7 1 8391 7768 8598
2351 2 2 7 1 7479 7845 8379
2352 2 2 7 1 7345 7344 8379
2353 2 2 7 1 7857 7389 8090
2354 2 2 7 1 7084 8372 8375
2355 2 2 7 1 7081 7083 8392
2356 2 2 7 1 8373 7764 8598
2357 2 2 7 1 7077 7079 8375
2358 2 2 7 1 8372 7084 8391
2359 2 2 7 1 7768 8373 8598
2360 2 2 7 1 7768 8391 8599
2361 2 2 7 1 7079 7084 8375
2362 2 2 7 1 8370 8369 8379
2363 2 2 7 1 7077 8375 8378
2364 2 2 7 1 8391 8392 8599
2365 2 2 7 1 7083 7254 8392
2366 2 2 7 1 7084 7081 8392
2367 2 2 7 1 8372 8391 8598
2368 2 2 7 1 7074 7077 8378
2369 2 2 7 1 8378 7967 8393
2370 2 2 7 1 8375 7967 8378
2371 2 2 7 1 7088 8378 8393
2372 2 2 7 1 7589 7132 8393
2373 2 2 7 1 7967 7589 8393
2374 2 2 7 1 7132 7098 8393
2375 2 2 7 1 7770 8386 8387
2376 2 2 7 1 7352 8386 8425
2377 2 2 7 1 8386 7770 8425
2378 2 2 7 1 7352 8384 8386
2379 2 2 7 1 8384 7352 8397
2380 2 2 7 1 7137 7135 8397
2381 2 2 7 1 7432 8380 8382
2382 2 2 7 1 8380 7432 8394
2383 2 2 7 1 7352 7137 8397
2384 2 2 7 1 7135 7432 8397
2385 2 2 7 1 7432 8382 8397
2386 2 2 7 1 7391 7767 8394
2387 2 2 7 1 8382 8384 8397
2388 2 2 7 1 7767 8380 8394
2389 2 2 7 1 7131 7391 8394
2390 2 2 7 1 8391 7084 8392
2391 2 2 7 1 7432 7133 8394
2392 2 2 7 1 8015 8395 8401
2393 2 2 7 1 8395 7639 8401
2394 2 2 7 1 7639 7392 8401
2395 2 2 7 1 8244 8398 8399
2396 2 2 7 1 8244 8087 8398
2397 2 2 7 1 7329 7104 8400
2398 2 2 7 1 8398 8087 8416
2399 2 2 7 1 8087 8404 8416
2400 2 2 7 1 8404 7310 8416
2401 2 2 7 1 7567 7136 8403
2402 2 2 7 1 7104 7086 8400
2403 2 2 7 1 8402 7310 8404
2404 2 2 7 1 7765 8015 8401
2405 2 2 7 1 7769 7255 8402
2406 2 2 7 1 7769 8402 8404
2407 2 2 7 1 7255 7097 8402
2408 2 2 7 1 7590 7765 8401
2409 2 2 7 1 8277 8403 8455
2410 2 2 7 1 8403 7138 8455
2411 2 2 7 1 7103 7310 8402
2412 2 2 7 1 7257 1012 8411
2413 2 2 7 1 1012 1013 8411
2414 2 2 7 1 7772 7769 8404
2415 2 2 7 1 8087 7772 8404
2416 2 2 7 1 7259 1016 8406
2417 2 2 7 1 1015 7259 8407
2418 2 2 7 1 7041 1077 8405
2419 2 2 7 1 1076 7041 8414
2420 2 2 7 1 1069 1070 8412
2421 2 2 7 1 8414 7041 8415
2422 2 2 7 1 7258 1069 8412
2423 2 2 7 1 6950 1014 8407
2424 2 2 7 1 1078 7385 8405
2425 2 2 7 1 7003 1018 8413
2426 2 2 7 1 1017 7003 8406
2427 2 2 7 1 1070 7002 8412
2428 2 2 7 1 7139 7352 8425
2429 2 2 7 1 1017 1018 7003
2430 2 2 7 1 1020 1021 7056
2431 2 2 7 1 1022 1023 7736
2432 2 2 7 1 1015 1016 7259
2433 2 2 7 1 1073 1074 6989
2434 2 2 7 1 1075 1076 8414
2435 2 2 7 1 1076 1077 7041
2436 2 2 7 1 1078 1079 7385
2437 2 2 7 1 1013 1014 6950
2438 2 2 7 1 1070 1071 7002
2439 2 2 7 1 1013 6950 8411
2440 2 2 7 1 6950 8407 8408
2441 2 2 7 1 8416 7310 8491
2442 2 2 7 1 1014 1015 8407
2443 2 2 7 1 1016 1017 8406
2444 2 2 7 1 1018 1019 8413
2445 2 2 7 1 7143 7351 8455
2446 2 2 7 1 1077 1078 8405
2447 2 2 7 1 7351 8277 8455
2448 2 2 7 1 8529 8494 8591
2449 2 2 7 1 7858 7481 8424
2450 2 2 7 1 8424 7481 8435
2451 2 2 7 1 7310 7253 8491
2452 2 2 7 1 8494 8339 8591
2453 2 2 7 1 7140 7143 8455
2454 2 2 7 1 8426 7416 8453
2455 2 2 7 1 1068 1069 7258
2456 2 2 7 1 1011 1012 7257
2457 2 2 7 1 7969 8438 8473
2458 2 2 7 1 6950 8408 8409
2459 2 2 7 1 7968 8426 8453
2460 2 2 7 1 8451 7969 8473
2461 2 2 7 1 7969 7968 8586
2462 2 2 7 1 7171 8451 8473
2463 2 2 7 1 8438 7969 8586
2464 2 2 7 1 7968 8453 8586
2465 2 2 7 1 7770 7495 8425
2466 2 2 7 1 7771 8424 8435
2467 2 2 7 1 8451 7171 8456
2468 2 2 7 1 7970 8451 8456
2469 2 2 7 1 8426 8529 8591
2470 2 2 7 1 8448 7970 8456
2471 2 2 7 1 8448 8452 8488
2472 2 2 7 1 7406 7404 8581
2473 2 2 7 1 7285 7771 8435
2474 2 2 7 1 7495 7141 8425
2475 2 2 7 1 8431 8437 8558
2476 2 2 7 1 7800 8526 8583
2477 2 2 7 1 8409 8408 8410
2478 2 2 7 1 7419 8429 8431
2479 2 2 7 1 8437 7418 8558
2480 2 2 7 1 8428 7591 8444
2481 2 2 7 1 7197 7195 8551
2482 2 2 7 1 7402 7591 8441
2483 2 2 7 1 7199 7197 8450
2484 2 2 7 1 7419 8431 8558
2485 2 2 7 1 6950 8409 8411
2486 2 2 7 1 8450 7197 8551
2487 2 2 7 1 7970 8448 8488
2488 2 2 7 1 7404 8441 8581
2489 2 2 7 1 7261 8496 8553
2490 2 2 7 1 7404 7402 8441
2491 2 2 7 1 8448 8434 8452
2492 2 2 7 1 7591 8428 8441
2493 2 2 7 1 8433 7261 8553
2494 2 2 7 1 7481 7346 8435
2495 2 2 7 1 8526 8006 8583
2496 2 2 7 1 8444 7591 8546
2497 2 2 7 1 7801 8497 8506
2498 2 2 7 1 7147 7144 8434
2499 2 2 7 1 7927 7926 8436
2500 2 2 7 1 8427 7217 8450
2501 2 2 7 1 7217 7199 8450
2502 2 2 7 1 7238 7231 8516
2503 2 2 7 1 8471 7805 8521
2504 2 2 7 1 7811 7592 8442
2505 2 2 7 1 7270 7807 8446
2506 2 2 7 1 7592 8440 8442
2507 2 2 7 1 7802 8506 8542
2508 2 2 7 1 7147 8434 8448
2509 2 2 7 1 7217 8427 8521
2510 2 2 7 1 8506 8497 8542
2511 2 2 7 1 8484 7802 8542
2512 2 2 7 1 8427 8471 8521
2513 2 2 7 1 7195 7261 8551
2514 2 2 7 1 7484 7864 8562
2515 2 2 7 1 7811 8442 8443
2516 2 2 7 1 8006 8526 8584
2517 2 2 7 1 7419 7406 8581
2518 2 2 7 1 8437 8438 8586
2519 2 2 7 1 7807 8428 8446
2520 2 2 7 1 8461 7326 8499
2521 2 2 7 1 7326 8461 8462
2522 2 2 7 1 8428 8444 8446
2523 2 2 7 1 7930 7927 8436
2524 2 2 7 1 7591 7400 8546
2525 2 2 7 1 8496 8497 8553
2526 2 2 7 1 7231 7326 8516
2527 2 2 7 1 7346 7286 8435
2528 2 2 7 1 7398 7399 8566
2529 2 2 7 1 7294 7248 8527
2530 2 2 7 1 7810 8333 8449
2531 2 2 7 1 7261 8433 8551
2532 2 2 7 1 8439 8432 8498
2533 2 2 7 1 7802 8484 8545
2534 2 2 7 1 7144 7142 8434
2535 2 2 7 1 7416 8426 8591
2536 2 2 7 1 7325 7238 8516
2537 2 2 7 1 8497 7801 8553
2538 2 2 7 1 7778 8457 8458
2539 2 2 7 1 7785 7787 8545
2540 2 2 7 1 8121 8533 8549
2541 2 2 7 1 7403 7414 8445
2542 2 2 7 1 8475 8439 8498
2543 2 2 7 1 7325 8516 8573
2544 2 2 7 1 7776 8444 8546
2545 2 2 7 1 7496 7698 8452
2546 2 2 7 1 8511 8515 8521
2547 2 2 7 1 8471 7800 8583
2548 2 2 7 1 8442 7777 8561
2549 2 2 7 1 7226 7273 8470
2550 2 2 7 1 7778 8458 8461
2551 2 2 7 1 8443 8442 8561
2552 2 2 7 1 7811 8443 8570
2553 2 2 7 1 8587 7931 8590
2554 2 2 7 1 7246 8575 8578
2555 2 2 7 1 7209 8474 8485
2556 2 2 7 1 8474 7209 8530
2557 2 2 7 1 8533 7635 8549
2558 2 2 7 1 7803 8483 8485
2559 2 2 7 1 8138 7742 8449
2560 2 2 7 1 8440 7592 8446
2561 2 2 7 1 7778 8461 8499
2562 2 2 7 1 7253 7328 8491
2563 2 2 7 1 8443 8568 8570
2564 2 2 7 1 7592 7270 8446
2565 2 2 7 1 8473 8439 8509
2566 2 2 7 1 7368 7294 8527
2567 2 2 7 1 8430 7808 8544
2568 2 2 7 1 7171 8473 8509
2569 2 2 7 1 7224 7226 8470
2570 2 2 7 1 7775 7969 8451
2571 2 2 7 1 8575 7866 8578
2572 2 2 7 1 8483 7803 8545
2573 2 2 7 1 8171 7784 8464
2574 2 2 7 1 8485 8474 8518
2575 2 2 7 1 7862 7483 7867
2576 2 2 7 1 7803 7785 8545
2577 2 2 7 1 8171 8464 8465
2578 2 2 7 1 7326 8462 8516
2579 2 2 7 1 7414 7405 8500
2580 2 2 7 1 7412 7417 8559
2581 2 2 7 1 7778 7221 8457
2582 2 2 7 1 7260 7496 8452
2583 2 2 7 1 7420 7401 8445
2584 2 2 7 1 7805 8511 8521
2585 2 2 7 1 7777 8527 8561
2586 2 2 7 1 8113 7818 8467
2587 2 2 7 1 7724 7884 8480
2588 2 2 7 1 8476 7726 8478
2589 2 2 7 1 7929 7927 7930
2590 2 2 7 1 8137 8283 8284
2591 2 2 7 1 8498 8430 8544
2592 2 2 7 1 8484 8483 8545
2593 2 2 7 1 7248 7325 8527
2594 2 2 7 1 7812 8474 8530
2595 2 2 7 1 7928 7927 7929
2596 2 2 7 1 7180 7204 8531
2597 2 2 7 1 8515 7217 8521
2598 2 2 7 1 7680 7398 8566
2599 2 2 7 1 8439 8475 8509
2600 2 2 7 1 7726 7724 8480
2601 2 2 7 1 7172 7180 8469
2602 2 2 7 1 8561 7325 8573
2603 2 2 7 1 7401 7403 8445
2604 2 2 7 1 7405 7407 8500
2605 2 2 7 1 7147 8448 8456
2606 2 2 7 1 7347 7483 7484
2607 2 2 7 1 8478 7726 8479
2608 2 2 7 1 8568 8554 8570
2609 2 2 7 1 7264 7219 8501
2610 2 2 7 1 7426 7264 8501
2611 2 2 7 1 7425 7173 8541
2612 2 2 7 1 7806 7262 8536
2613 2 2 7 1 7776 8440 8444
2614 2 2 7 1 7818 7816 8467
2615 2 2 7 1 7146 7149 8517
2616 2 2 7 1 7162 7161 8507
2617 2 2 7 1 8482 7209 8485
2618 2 2 7 1 7415 7416 8552
2619 2 2 7 1 7700 7732 8488
2620 2 2 7 1 7803 8485 8518
2621 2 2 7 1 8562 7864 8575
2622 2 2 7 1 7230 7277 8556
2623 2 2 7 1 7247 7377 8481
2624 2 2 7 1 7401 7400 7402
2625 2 2 7 1 7493 7726 8476
2626 2 2 7 1 7742 7578 8449
2627 2 2 7 1 7784 7782 8464
2628 2 2 7 1 7787 7802 8545
2629 2 2 7 1 8432 8430 8498
2630 2 2 7 1 7862 7867 7984
2631 2 2 7 1 8458 8460 8461
2632 2 2 7 1 7171 7148 8456
2633 2 2 7 1 7161 7269 8507
2634 2 2 7 1 7230 7229 7231
2635 2 2 7 1 7578 7810 8449
2636 2 2 7 1 7819 7856 8447
2637 2 2 7 1 8461 8460 8462
2638 2 2 7 1 8469 7180 8531
2639 2 2 7 1 7237 7231 7238
2640 2 2 7 1 7791 7801 8506
2641 2 2 7 1 7246 7224 8470
2642 2 2 7 1 7412 7411 7413
2643 2 2 7 1 8463 7804 8528
2644 2 2 7 1 7188 7235 8486
2645 2 2 7 1 8487 7315 8505
2646 2 2 7 1 7399 7420 8566
2647 2 2 7 1 7413 7418 8453
2648 2 2 7 1 8098 7680 8100
2649 2 2 7 1 8100 7680 8101
2650 2 2 7 1 7699 7697 8520
2651 2 2 7 1 8325 7930 8327
2652 2 2 7 1 7154 7152 8475
2653 2 2 7 1 8475 7152 8509
2654 2 2 7 1 7262 7159 8536
2655 2 2 7 1 7176 7174 8454
2656 2 2 7 1 7223 7778 8499
2657 2 2 7 1 7355 7368 7369
2658 2 2 7 1 7431 7493 8476
2659 2 2 7 1 8256 7699 8520
2660 2 2 7 1 7810 7870 8333
2661 2 2 7 1 7246 8470 8575
2662 2 2 7 1 8327 7930 8436
2663 2 2 7 1 7173 7169 8541
2664 2 2 7 1 7229 7225 8499
2665 2 2 7 1 7370 7369 7371
2666 2 2 7 1 7409 7411 7412
2667 2 2 7 1 7480 7640 8538
2668 2 2 7 1 7593 7594 7779
2669 2 2 7 1 7791 7790 7792
2670 2 2 7 1 7801 7793 8495
2671 2 2 7 1 7799 7800 8471
2672 2 2 7 1 7972 7808 8429
2673 2 2 7 1 8429 7808 8430
2674 2 2 7 1 7929 7930 7931
2675 2 2 7 1 7247 7293 7377
2676 2 2 7 1 7355 7294 7368
2677 2 2 7 1 7401 7402 7403
2678 2 2 7 1 7700 7730 7731
2679 2 2 7 1 7794 7872 8489
2680 2 2 7 1 7907 7865 8088
2681 2 2 7 1 7166 7162 8507
2682 2 2 7 1 7268 7185 8482
2683 2 2 7 1 7204 7263 8531
2684 2 2 7 1 7222 7221 7223
2685 2 2 7 1 7276 7315 8487
2686 2 2 7 1 7407 7409 7410
2687 2 2 7 1 7697 7855 8520
2688 2 2 7 1 7725 7804 8463
2689 2 2 7 1 8479 7726 8480
2690 2 2 7 1 7149 7213 8517
2691 2 2 7 1 7182 7176 8454
2692 2 2 7 1 7183 7182 7209
2693 2 2 7 1 7263 7219 7264
2694 2 2 7 1 7227 7225 7229
2695 2 2 7 1 7226 7228 7273
2696 2 2 7 1 7415 7413 7416
2697 2 2 7 1 7700 7731 7732
2698 2 2 7 1 7733 7730 8492
2699 2 2 7 1 7730 8256 8492
2700 2 2 7 1 7732 7970 8488
2701 2 2 7 1 7775 7968 7969
2702 2 2 7 1 7789 7791 8506
2703 2 2 7 1 7926 7819 8447
2704 2 2 7 1 7172 7169 7173
2705 2 2 7 1 7269 7811 8507
2706 2 2 7 1 7293 7294 7354
2707 2 2 7 1 7354 7294 7355
2708 2 2 7 1 7776 7368 7777
2709 2 2 7 1 7484 7483 7862
2710 2 2 7 1 7496 7697 7698
2711 2 2 7 1 7578 7809 7810
2712 2 2 7 1 7779 7780 8518
2713 2 2 7 1 8472 7812 8532
2714 2 2 7 1 7817 7816 7818
2715 2 2 7 1 8483 8482 8485
2716 2 2 7 1 7190 7191 7192
2717 2 2 7 1 7214 8503 8512
2718 2 2 7 1 7225 7223 8499
2719 2 2 7 1 7270 7806 7807
2720 2 2 7 1 7347 7484 8562
2721 2 2 7 1 7595 7431 7596
2722 2 2 7 1 8512 8503 8513
2723 2 2 7 1 7186 7188 8486
2724 2 2 7 1 7221 7205 8457
2725 2 2 7 1 7219 7220 8501
2726 2 2 7 1 7268 8482 8483
2727 2 2 7 1 7412 7413 7415
2728 2 2 7 1 7813 7491 7814
2729 2 2 7 1 7593 7812 8472
2730 2 2 7 1 7810 7821 7870
2731 2 2 7 1 7866 7865 7907
2732 2 2 7 1 7866 7907 7977
2733 2 2 7 1 7209 7182 8530
2734 2 2 7 1 7230 7237 7277
2735 2 2 7 1 7593 7396 7594
2736 2 2 7 1 7413 7411 7418
2737 2 2 7 1 8457 7425 8458
2738 2 2 7 1 7673 7680 8098
2739 2 2 7 1 7785 7786 7787
2740 2 2 7 1 7143 7145 7351
2741 2 2 7 1 7220 7205 7221
2742 2 2 7 1 7220 7221 7222
2743 2 2 7 1 7263 7264 7265
2744 2 2 7 1 7263 7265 8472
2745 2 2 7 1 7269 7270 7592
2746 2 2 7 1 7587 7316 7588
2747 2 2 7 1 8452 7698 8488
2748 2 2 7 1 7776 7777 8440
2749 2 2 7 1 7804 8487 8505
2750 2 2 7 1 7819 7818 7856
2751 2 2 7 1 7977 7907 7978
2752 2 2 7 1 7183 7209 8482
2753 2 2 7 1 7188 7187 7189
2754 2 2 7 1 7192 7191 7193
2755 2 2 7 1 7223 7221 7778
2756 2 2 7 1 7222 7224 7246
2757 2 2 7 1 7231 7229 7326
2758 2 2 7 1 7267 7275 7276
2759 2 2 7 1 7315 7587 8505
2760 2 2 7 1 7805 7316 8511
2761 2 2 7 1 7596 7431 8476
2762 2 2 7 1 7724 7494 7725
2763 2 2 7 1 7884 7725 8012
2764 2 2 7 1 8012 7725 8463
2765 2 2 7 1 7773 7772 8085
2766 2 2 7 1 7775 7774 7968
2767 2 2 7 1 8429 8430 8431
2768 2 2 7 1 7351 7145 7986
2769 2 2 7 1 7168 7169 7170
2770 2 2 7 1 7174 7172 8469
2771 2 2 7 1 7186 7185 7187
2772 2 2 7 1 7261 7193 8496
2773 2 2 7 1 7214 7206 8503
2774 2 2 7 1 7211 7267 8502
2775 2 2 7 1 7265 7593 8472
2776 2 2 7 1 7316 7275 8511
2777 2 2 7 1 7396 7395 7635
2778 2 2 7 1 7402 7400 7591
2779 2 2 7 1 7496 7495 7692
2780 2 2 7 1 7593 7779 7812
2781 2 2 7 1 7599 8000 8001
2782 2 2 7 1 7697 7692 7855
2783 2 2 7 1 7698 7700 8488
2784 2 2 7 1 7730 7699 8256
2785 2 2 7 1 7732 7774 7775
2786 2 2 7 1 7970 7775 8451
2787 2 2 7 1 7782 8120 8464
2788 2 2 7 1 7786 7784 8171
2789 2 2 7 1 7791 7793 7801
2790 2 2 7 1 7796 7794 8489
2791 2 2 7 1 7810 7809 7821
2792 2 2 7 1 8241 7871 8242
2793 2 2 7 1 8477 8476 8478
2794 2 2 7 1 7175 7174 7176
2795 2 2 7 1 7184 7183 7185
2796 2 2 7 1 7186 7187 7188
2797 2 2 7 1 7216 7186 8486
2798 2 2 7 1 7233 7232 7236
2799 2 2 7 1 7260 7495 7496
2800 2 2 7 1 7315 7316 7587
2801 2 2 7 1 7768 7345 8373
2802 2 2 7 1 7355 7369 7370
2803 2 2 7 1 7399 7401 7420
2804 2 2 7 1 7408 7406 7419
2805 2 2 7 1 7490 7415 8552
2806 2 2 7 1 7587 7588 8004
2807 2 2 7 1 7596 8476 8477
2808 2 2 7 1 7743 7742 8136
2809 2 2 7 1 8559 7813 8560
2810 2 2 7 1 7974 7973 8514
2811 2 2 7 1 8386 8385 8387
2812 2 2 7 1 7179 7168 8510
2813 2 2 7 1 7194 7195 7196
2814 2 2 7 1 7222 7223 7224
2815 2 2 7 1 7230 7231 7237
2816 2 2 7 1 7288 7301 7431
2817 2 2 7 1 7398 7371 7399
2818 2 2 7 1 7400 7371 8546
2819 2 2 7 1 7640 7948 8538
2820 2 2 7 1 8136 7742 8138
2821 2 2 7 1 7798 8433 8495
2822 2 2 7 1 8001 8416 8491
2823 2 2 7 1 8120 8121 8317
2824 2 2 7 1 7145 7146 8517
2825 2 2 7 1 7146 7147 7148
2826 2 2 7 1 7149 7148 7150
2827 2 2 7 1 7153 7154 7155
2828 2 2 7 1 7155 7154 7156
2829 2 2 7 1 8454 7174 8469
2830 2 2 7 1 7181 7425 8457
2831 2 2 7 1 7193 7191 8496
2832 2 2 7 1 7237 7238 7247
2833 2 2 7 1 7299 7251 7397
2834 2 2 7 1 7397 7251 7973
2835 2 2 7 1 7265 7396 7593
2836 2 2 7 1 7276 7275 7315
2837 2 2 7 1 7315 7275 7316
2838 2 2 7 1 7288 7431 7595
2839 2 2 7 1 7344 7346 7479
2840 2 2 7 1 7397 7973 7974
2841 2 2 7 1 7399 7400 7401
2842 2 2 7 1 7407 7408 7409
2843 2 2 7 1 8459 7425 8541
2844 2 2 7 1 7479 7480 7703
2845 2 2 7 1 8004 7588 8006
2846 2 2 7 1 7599 8001 8491
2847 2 2 7 1 7698 7699 7700
2848 2 2 7 1 7733 8493 8494
2849 2 2 7 1 7780 7782 7783
2850 2 2 7 1 7783 7782 7784
2851 2 2 7 1 7798 7799 7971
2852 2 2 7 1 7165 7167 7168
2853 2 2 7 1 7205 7181 8457
2854 2 2 7 1 7188 7189 7190
2855 2 2 7 1 7196 7197 7198
2856 2 2 7 1 7239 7233 7240
2857 2 2 7 1 7300 7299 7433
2858 2 2 7 1 7351 8276 8277
2859 2 2 7 1 7493 7724 7726
2860 2 2 7 1 7725 7494 7804
2861 2 2 7 1 7773 8085 8086
2862 2 2 7 1 7157 7159 7160
2863 2 2 7 1 7167 7164 8540
2864 2 2 7 1 7192 7193 7194
2865 2 2 7 1 7211 7203 7266
2866 2 2 7 1 7215 7232 7233
2867 2 2 7 1 7326 7229 8499
2868 2 2 7 1 7237 7247 8481
2869 2 2 7 1 7328 7599 8491
2870 2 2 7 1 7779 7594 7780
2871 2 2 7 1 7785 7784 7786
2872 2 2 7 1 7787 7786 7788
2873 2 2 7 1 7789 7788 7790
2874 2 2 7 1 7793 7792 7794
2875 2 2 7 1 7795 7794 7796
2876 2 2 7 1 7799 7797 7800
2877 2 2 7 1 7798 7971 8433
2878 2 2 7 1 7856 7818 8113
2879 2 2 7 1 7865 7863 8508
2880 2 2 7 1 7882 7883 8008
2881 2 2 7 1 8001 8095 8398
2882 2 2 7 1 7148 7147 8456
2883 2 2 7 1 7153 7155 7212
2884 2 2 7 1 7161 7159 7262
2885 2 2 7 1 7160 7162 7163
2886 2 2 7 1 7181 7173 7425
2887 2 2 7 1 7177 7176 7178
2888 2 2 7 1 7178 7183 7184
2889 2 2 7 1 7185 7183 8482
2890 2 2 7 1 7208 7214 7215
2891 2 2 7 1 7215 7214 7232
2892 2 2 7 1 7226 7225 7227
2893 2 2 7 1 7236 7299 7300
2894 2 2 7 1 7265 7395 7396
2895 2 2 7 1 7328 7598 7599
2896 2 2 7 1 7397 7974 7975
2897 2 2 7 1 7409 7408 7411
2898 2 2 7 1 7409 7412 8559
2899 2 2 7 1 7417 7415 7490
2900 2 2 7 1 7484 7862 7863
2901 2 2 7 1 7795 7798 8495
2902 2 2 7 1 7796 8489 8490
2903 2 2 7 1 8427 7799 8471
2904 2 2 7 1 8001 8000 8095
2905 2 2 7 1 8001 8398 8416
2906 2 2 7 1 8444 8440 8446
2907 2 2 7 1 7150 7148 7171
2908 2 2 7 1 7149 7151 7213
2909 2 2 7 1 7163 7164 7165
2910 2 2 7 1 7165 7168 7179
2911 2 2 7 1 7180 7173 7181
2912 2 2 7 1 7180 7181 7204
2913 2 2 7 1 7204 7181 7205
2914 2 2 7 1 7188 7190 7235
2915 2 2 7 1 7191 7189 7210
2916 2 2 7 1 7195 7193 7261
2917 2 2 7 1 7194 7196 7234
2918 2 2 7 1 7198 7199 7200
2919 2 2 7 1 7198 7200 7218
2920 2 2 7 1 7200 7201 7202
2921 2 2 7 1 7266 7203 8515
2922 2 2 7 1 7219 7205 7220
2923 2 2 7 1 7208 7206 7214
2924 2 2 7 1 7251 7232 8512
2925 2 2 7 1 7395 7264 7426
2926 2 2 7 1 7267 7266 7275
2927 2 2 7 1 7301 7276 8487
2928 2 2 7 1 7493 7301 7494
2929 2 2 7 1 7351 7986 8276
2930 2 2 7 1 7476 7578 7742
2931 2 2 7 1 7599 7598 7674
2932 2 2 7 1 8000 7674 8055
2933 2 2 7 1 8055 7674 8056
2934 2 2 7 1 7845 7703 7925
2935 2 2 7 1 7731 7730 7733
2936 2 2 7 1 7733 8494 8529
2937 2 2 7 1 7783 7785 7803
2938 2 2 7 1 7787 7788 7789
2939 2 2 7 1 7787 7789 7802
2940 2 2 7 1 7790 7788 8218
2941 2 2 7 1 7789 7790 7791
2942 2 2 7 1 7791 7792 7793
2943 2 2 7 1 7793 7794 7795
2944 2 2 7 1 7795 7797 7798
2945 2 2 7 1 7971 7799 8427
2946 2 2 7 1 7973 8512 8513
2947 2 2 7 1 8005 8004 8330
2948 2 2 7 1 7156 7154 7158
2949 2 2 7 1 7158 7154 8475
2950 2 2 7 1 7161 7262 7269
2951 2 2 7 1 7178 7182 7183
2952 2 2 7 1 7184 7185 7186
2953 2 2 7 1 7187 7268 8519
2954 2 2 7 1 7190 7189 7191
2955 2 2 7 1 7191 7210 8496
2956 2 2 7 1 7194 7193 7195
2957 2 2 7 1 7196 7195 7197
2958 2 2 7 1 7198 7197 7199
2959 2 2 7 1 7200 7199 7201
2960 2 2 7 1 7201 7199 7217
2961 2 2 7 1 7202 7201 7203
2962 2 2 7 1 7206 7203 7211
2963 2 2 7 1 7204 7219 7263
2964 2 2 7 1 7211 7266 7267
2965 2 2 7 1 7232 7214 8512
2966 2 2 7 1 7215 7233 7239
2967 2 2 7 1 7236 7232 7251
2968 2 2 7 1 7236 7251 7299
2969 2 2 7 1 7277 7237 8481
2970 2 2 7 1 8434 7260 8452
2971 2 2 7 1 7263 8472 8531
2972 2 2 7 1 8511 7266 8515
2973 2 2 7 1 7288 7276 7301
2974 2 2 7 1 7431 7301 7493
2975 2 2 7 1 7588 7316 7805
2976 2 2 7 1 7354 7355 8535
2977 2 2 7 1 7370 7371 7398
2978 2 2 7 1 7673 7398 7680
2979 2 2 7 1 7703 7480 8538
2980 2 2 7 1 7493 7494 7724
2981 2 2 7 1 7496 7692 7697
2982 2 2 7 1 7587 8004 8005
2983 2 2 7 1 7599 7674 8000
2984 2 2 7 1 8101 7680 8566
2985 2 2 7 1 7698 7697 7699
2986 2 2 7 1 7700 7699 7730
2987 2 2 7 1 7925 7703 8247
2988 2 2 7 1 7724 7725 7884
2989 2 2 7 1 7732 7731 7774
2990 2 2 7 1 7968 7774 8426
2991 2 2 7 1 8426 7774 8529
2992 2 2 7 1 7782 7781 8120
2993 2 2 7 1 7793 7795 8495
2994 2 2 7 1 7798 7797 7799
2995 2 2 7 1 7816 7823 8467
2996 2 2 7 1 7973 8513 8514
2997 2 2 7 1 8005 8330 8331
2998 2 2 7 1 8085 8087 8244
2999 2 2 7 1 8398 8095 8399
3000 2 2 7 1 7151 7153 8504
3001 2 2 7 1 7170 7169 7172
3002 2 2 7 1 7170 7172 7174
3003 2 2 7 1 7170 7174 7175
3004 2 2 7 1 7175 7176 7177
3005 2 2 7 1 7202 7206 7208
3006 2 2 7 1 7269 7262 7270
3007 2 2 7 1 7267 7276 7288
3008 2 2 7 1 7268 8483 8484
3009 2 2 7 1 7287 7344 7345
3010 2 2 7 1 7476 7349 7578
3011 2 2 7 1 7403 7405 7414
3012 2 2 7 1 7416 7413 8453
3013 2 2 7 1 8513 7595 8514
3014 2 2 7 1 7640 7947 7948
3015 2 2 7 1 7732 7775 7970
3016 2 2 7 1 7733 8492 8493
3017 2 2 7 1 7802 7789 8506
3018 2 2 7 1 7807 7806 7808
3019 2 2 7 1 7817 7818 7819
3020 2 2 7 1 7856 8113 8114
3021 2 2 7 1 7864 7863 7865
3022 2 2 7 1 8088 7865 8508
3023 2 2 7 1 8338 7883 8339
3024 2 2 7 1 7884 8012 8119
3025 2 2 7 1 8014 8370 8371
3026 2 2 7 1 7152 7150 8509
3027 2 2 7 1 7155 7156 7157
3028 2 2 7 1 7160 7159 7161
3029 2 2 7 1 7175 7177 7844
3030 2 2 7 1 7189 7187 8519
3031 2 2 7 1 7202 7203 7206
3032 2 2 7 1 7206 7211 8503
3033 2 2 7 1 8496 7210 8497
3034 2 2 7 1 7265 7264 7395
3035 2 2 7 1 7267 7288 8502
3036 2 2 7 1 7273 7274 7347
3037 2 2 7 1 7348 7274 7349
3038 2 2 7 1 7479 7346 7480
3039 2 2 7 1 7412 7415 7417
3040 2 2 7 1 7417 7490 7491
3041 2 2 7 1 7480 7481 7640
3042 2 2 7 1 7595 7596 8514
3043 2 2 7 1 7640 7858 7947
3044 2 2 7 1 7771 7772 7773
3045 2 2 7 1 7813 7814 7815
3046 2 2 7 1 8137 8136 8283
3047 2 2 7 1 8431 8432 8437
3048 2 2 7 1 7145 7144 7146
3049 2 2 7 1 7150 7171 8509
3050 2 2 7 1 7153 7212 8504
3051 2 2 7 1 7164 7162 7166
3052 2 2 7 1 7224 7225 7226
3053 2 2 7 1 7273 7228 7274
3054 2 2 7 1 7269 7592 7811
3055 2 2 7 1 8474 7779 8518
3056 2 2 7 1 7780 7783 8518
3057 2 2 7 1 7783 7803 8518
3058 2 2 7 1 7794 7792 7872
3059 2 2 7 1 8438 8439 8473
3060 2 2 7 1 7151 7152 7153
3061 2 2 7 1 7184 7186 7216
3062 2 2 7 1 7211 8502 8503
3063 2 2 7 1 7247 7248 7293
3064 2 2 7 1 7973 7251 8512
3065 2 2 7 1 7287 7345 7768
3066 2 2 7 1 7399 7371 7400
3067 2 2 7 1 7883 7490 8552
3068 2 2 7 1 7692 7495 7770
3069 2 2 7 1 7598 7597 7980
3070 2 2 7 1 7731 7733 8529
3071 2 2 7 1 7771 7773 8424
3072 2 2 7 1 8085 7772 8087
3073 2 2 7 1 7812 7779 8474
3074 2 2 7 1 7783 7784 7785
3075 2 2 7 1 7817 7819 7820
3076 2 2 7 1 7971 8427 8450
3077 2 2 7 1 7975 7974 7976
3078 2 2 7 1 8458 8459 8460
3079 2 2 7 1 7151 7150 7152
3080 2 2 7 1 7187 7185 7268
3081 2 2 7 1 7210 7189 8519
3082 2 2 7 1 7203 7201 8515
3083 2 2 7 1 7344 7286 7346
3084 2 2 7 1 7494 7301 8487
3085 2 2 7 1 7417 7813 8559
3086 2 2 7 1 7596 8477 8534
3087 2 2 7 1 8014 7766 8369
3088 2 2 7 1 7816 7814 7823
3089 2 2 7 1 8384 8385 8386
3090 2 2 7 1 7143 7144 7145
3091 2 2 7 1 7146 7144 7147
3092 2 2 7 1 7146 7148 7149
3093 2 2 7 1 7149 7150 7151
3094 2 2 7 1 7210 8519 8542
3095 2 2 7 1 7247 7238 7248
3096 2 2 7 1 7248 7238 7325
3097 2 2 7 1 7293 7248 7294
3098 2 2 7 1 7578 7349 7809
3099 2 2 7 1 7407 7406 7408
3100 2 2 7 1 8502 7595 8513
3101 2 2 7 1 7635 8548 8549
3102 2 2 7 1 8247 7703 8538
3103 2 2 7 1 7872 7792 8522
3104 2 2 7 1 7870 7871 8241
3105 2 2 7 1 7871 8567 8571
3106 2 2 7 1 8339 7883 8552
3107 2 2 7 1 8387 8385 8388
3108 2 2 7 1 8503 8502 8513
3109 2 2 7 1 7164 7166 8540
3110 2 2 7 1 7201 7217 8515
3111 2 2 7 1 7268 8484 8519
3112 2 2 7 1 7288 7595 8502
3113 2 2 7 1 7480 7346 7481
3114 2 2 7 1 8458 7425 8459
3115 2 2 7 1 7479 7703 7845
3116 2 2 7 1 7640 7481 7858
3117 2 2 7 1 7587 8005 8505
3118 2 2 7 1 7780 7594 7781
3119 2 2 7 1 8382 8383 8384
3120 2 2 7 1 8443 8561 8573
3121 2 2 7 1 8460 8459 8554
3122 2 2 7 1 7986 7145 8517
3123 2 2 7 1 7213 7151 8504
3124 2 2 7 1 7153 7152 7154
3125 2 2 7 1 7172 7173 7180
3126 2 2 7 1 7844 7177 8209
3127 2 2 7 1 7224 7223 7225
3128 2 2 7 1 7347 7274 7348
3129 2 2 7 1 7407 7410 8500
3130 2 2 7 1 8121 7781 8533
3131 2 2 7 1 7795 7796 7797
3132 2 2 7 1 8437 8432 8438
3133 2 2 7 1 8438 8432 8439
3134 2 2 7 1 8445 8587 8590
3135 2 2 7 1 8531 8472 8532
3136 2 2 7 1 7157 7156 7159
3137 2 2 7 1 7160 7161 7162
3138 2 2 7 1 7165 7164 7167
3139 2 2 7 1 7275 7266 8511
3140 2 2 7 1 7349 7274 8557
3141 2 2 7 1 7277 8524 8556
3142 2 2 7 1 8514 7596 8534
3143 2 2 7 1 7812 8530 8532
3144 2 2 7 1 8519 8484 8542
3145 2 2 7 1 8549 8548 8550
3146 2 2 7 1 7168 7167 7169
3147 2 2 7 1 8209 7177 8537
3148 2 2 7 1 7204 7205 7219
3149 2 2 7 1 7227 7229 7230
3150 2 2 7 1 7228 8556 8557
3151 2 2 7 1 7882 7490 7883
3152 2 2 7 1 7807 7808 7972
3153 2 2 7 1 7870 7821 7871
3154 2 2 7 1 7864 7865 7866
3155 2 2 7 1 8008 7883 8338
3156 2 2 7 1 7931 7930 8325
3157 2 2 7 1 7974 8514 8534
3158 2 2 7 1 8014 8369 8370
3159 2 2 7 1 8384 8383 8385
3160 2 2 7 1 7163 7162 7164
3161 2 2 7 1 7270 7262 7806
3162 2 2 7 1 7780 7781 7782
3163 2 2 7 1 7797 7796 8525
3164 2 2 7 1 8431 8430 8432
3165 2 2 7 1 7158 8475 8498
3166 2 2 7 1 7227 7230 8556
3167 2 2 7 1 7403 7404 7405
3168 2 2 7 1 7405 7406 7407
3169 2 2 7 1 7491 7490 7882
3170 2 2 7 1 7743 8136 8137
3171 2 2 7 1 7800 8525 8526
3172 2 2 7 1 7820 7927 7928
3173 2 2 7 1 8428 7972 8441
3174 2 2 7 1 8005 8331 8528
3175 2 2 7 1 7347 7348 7483
3176 2 2 7 1 7369 7368 7776
3177 2 2 7 1 7403 7402 7404
3178 2 2 7 1 8120 7781 8121
3179 2 2 7 1 7790 8218 8522
3180 2 2 7 1 7804 8505 8528
3181 2 2 7 1 7984 7867 8214
3182 2 2 7 1 7976 7974 8534
3183 2 2 7 1 7175 7844 8510
3184 2 2 7 1 8429 7419 8581
3185 2 2 7 1 7804 7494 8487
3186 2 2 7 1 7792 7790 8522
3187 2 2 7 1 8469 8531 8532
3188 2 2 7 1 7177 7178 8537
3189 2 2 7 1 7774 7731 8529
3190 2 2 7 1 7806 8536 8544
3191 2 2 7 1 8459 8540 8554
3192 2 2 7 1 8497 7210 8542
3193 2 2 7 1 7226 7227 7228
3194 2 2 7 1 7771 7769 7772
3195 2 2 7 1 7260 7141 7495
3196 2 2 7 1 7178 7176 7182
3197 2 2 7 1 7182 8454 8530
3198 2 2 7 1 7277 8481 8567
3199 2 2 7 1 7821 7809 8524
3200 2 2 7 1 7815 7814 7816
3201 2 2 7 1 7328 7597 7598
3202 2 2 7 1 7355 7370 8535
3203 2 2 7 1 7370 7398 7673
3204 2 2 7 1 7796 8490 8525
3205 2 2 7 1 7807 7972 8428
3206 2 2 7 1 7820 7819 7926
3207 2 2 7 1 7821 8524 8567
3208 2 2 7 1 7866 7977 8578
3209 2 2 7 1 8495 8433 8553
3210 2 2 7 1 7142 7260 8434
3211 2 2 7 1 7169 7167 8541
3212 2 2 7 1 8588 7420 8590
3213 2 2 7 1 7815 7816 7817
3214 2 2 7 1 8467 7823 8468
3215 2 2 7 1 8460 8554 8568
3216 2 2 7 1 7287 7286 7344
3217 2 2 7 1 8572 7928 8582
3218 2 2 7 1 7143 7142 7144
3219 2 2 7 1 7410 7409 8559
3220 2 2 7 1 7673 8098 8099
3221 2 2 7 1 7800 7797 8525
3222 2 2 7 1 7801 8495 8553
3223 2 2 7 1 7184 7216 8537
3224 2 2 7 1 8015 8013 8322
3225 2 2 7 1 7222 7246 8555
3226 2 2 7 1 7348 7349 7476
3227 2 2 7 1 7348 7476 8563
3228 2 2 7 1 8524 7809 8557
3229 2 2 7 1 7673 8099 8535
3230 2 2 7 1 8440 7777 8442
3231 2 2 7 1 8507 7811 8570
3232 2 2 7 1 7781 7594 8533
3233 2 2 7 1 7805 8471 8583
3234 2 2 7 1 7813 7815 8560
3235 2 2 7 1 8560 8572 8582
3236 2 2 7 1 7418 7411 8558
3237 2 2 7 1 8454 8469 8532
3238 2 2 7 1 7167 8540 8541
3239 2 2 7 1 8524 7277 8567
3240 2 2 7 1 7405 7404 7406
3241 2 2 7 1 7635 8547 8548
3242 2 2 7 1 7931 8325 8326
3243 2 2 7 1 7976 8564 8565
3244 2 2 7 1 7274 7228 8557
3245 2 2 7 1 8567 8481 8571
3246 2 2 7 1 7158 8498 8544
3247 2 2 7 1 8505 8005 8528
3248 2 2 7 1 7414 8500 8585
3249 2 2 7 1 7808 7806 8544
3250 2 2 7 1 7410 8559 8560
3251 2 2 7 1 7476 7743 8563
3252 2 2 7 1 7820 7928 8572
3253 2 2 7 1 7809 7349 8557
3254 2 2 7 1 7491 7882 8543
3255 2 2 7 1 7178 7184 8537
3256 2 2 7 1 7220 7222 8555
3257 2 2 7 1 8540 7166 8554
3258 2 2 7 1 7168 7170 8510
3259 2 2 7 1 7971 8450 8551
3260 2 2 7 1 7977 7978 8576
3261 2 2 7 1 7417 7491 7813
3262 2 2 7 1 7159 7156 8536
3263 2 2 7 1 7411 7408 8558
3264 2 2 7 1 7408 7419 8558
3265 2 2 7 1 7823 7814 8543
3266 2 2 7 1 8530 8454 8532
3267 2 2 7 1 7426 8501 8569
3268 2 2 7 1 7820 7926 7927
3269 2 2 7 1 8433 7971 8551
3270 2 2 7 1 8540 8459 8541
3271 2 2 7 1 7476 7742 7743
3272 2 2 7 1 7777 7368 8527
3273 2 2 7 1 7228 7227 8556
3274 2 2 7 1 8556 8524 8557
3275 2 2 7 1 7170 7175 8510
3276 2 2 7 1 7484 7863 7864
3277 2 2 7 1 8462 8460 8568
3278 2 2 7 1 7156 7158 8536
3279 2 2 7 1 7976 8534 8564
3280 2 2 7 1 8242 7871 8571
3281 2 2 7 1 8536 7158 8544
3282 2 2 7 1 8501 7220 8555
3283 2 2 7 1 7370 7673 8535
3284 2 2 7 1 7871 7821 8567
3285 2 2 7 1 8527 7325 8561
3286 2 2 7 1 7867 7483 8563
3287 2 2 7 1 7396 7635 8533
3288 2 2 7 1 8534 8477 8564
3289 2 2 7 1 8574 7978 8577
3290 2 2 7 1 7814 7491 8543
3291 2 2 7 1 8569 7977 8576
3292 2 2 7 1 7483 7348 8563
3293 2 2 7 1 7140 7142 7143
3294 2 2 7 1 8470 8562 8575
3295 2 2 7 1 7635 7395 8547
3296 2 2 7 1 7256 7286 7287
3297 2 2 7 1 7594 7396 8533
3298 2 2 7 1 8574 8547 8576
3299 2 2 7 1 7588 7805 8583
3300 2 2 7 1 8420 8421 8422
3301 2 2 7 1 8013 7766 8014
3302 2 2 7 1 8382 8381 8383
3303 2 2 7 1 7395 7426 8547
3304 2 2 7 1 8569 8555 8578
3305 2 2 7 1 7285 7769 7771
3306 2 2 7 1 7414 8585 8587
3307 2 2 7 1 7142 7141 7260
3308 2 2 7 1 8547 7426 8576
3309 2 2 7 1 7286 7285 8435
3310 2 2 7 1 7328 7327 7597
3311 2 2 7 1 8516 8462 8573
3312 2 2 7 1 7369 7776 8546
3313 2 2 7 1 8501 8555 8569
3314 2 2 7 1 8481 7377 8571
3315 2 2 7 1 8445 7414 8587
3316 2 2 7 1 7371 7369 8546
3317 2 2 7 1 7765 8013 8015
3318 2 2 7 1 8568 8443 8573
3319 2 2 7 1 8548 8547 8574
3320 2 2 7 1 7817 7820 8572
3321 2 2 7 1 7977 8569 8578
3322 2 2 7 1 8555 7246 8578
3323 2 2 7 1 7743 8137 8580
3324 2 2 7 1 8554 7166 8570
3325 2 2 7 1 8462 8568 8573
3326 2 2 7 1 8563 7743 8580
3327 2 2 7 1 7166 8507 8570
3328 2 2 7 1 8500 7410 8582
3329 2 2 7 1 7426 8569 8576
3330 2 2 7 1 8214 7867 8580
3331 2 2 7 1 8441 7972 8581
3332 2 2 7 1 7864 7866 8575
3333 2 2 7 1 7867 8563 8580
3334 2 2 7 1 7978 8574 8576
3335 2 2 7 1 8470 7273 8562
3336 2 2 7 1 7410 8560 8582
3337 2 2 7 1 8006 7588 8583
3338 2 2 7 1 8588 8326 8589
3339 2 2 7 1 7972 8429 8581
3340 2 2 7 1 8566 7420 8588
3341 2 2 7 1 7273 7347 8562
3342 2 2 7 1 7815 7817 8572
3343 2 2 7 1 8560 7815 8572
3344 2 2 7 1 7354 8535 8579
3345 2 2 7 1 7418 8437 8586
3346 2 2 7 1 7931 8326 8590
3347 2 2 7 1 8535 8099 8579
3348 2 2 7 1 8101 8588 8589
3349 2 2 7 1 8326 8588 8590
3350 2 2 7 1 7928 7929 8585
3351 2 2 7 1 8585 7929 8587
3352 2 2 7 1 8453 7418 8586
3353 2 2 7 1 8420 8419 8421
3354 2 2 7 1 8500 8582 8585
3355 2 2 7 1 8552 7416 8591
3356 2 2 7 1 7929 7931 8587
3357 2 2 7 1 8582 7928 8585
3358 2 2 7 1 8380 8381 8382
3359 2 2 7 1 7141 7139 8425
3360 2 2 7 1 7285 7255 7769
3361 2 2 7 1 7765 7766 8013
3362 2 2 7 1 7253 7327 7328
3363 2 2 7 1 7256 7285 7286
3364 2 2 7 1 7327 7104 7329
3365 2 2 7 1 7140 7141 7142
3366 2 2 7 1 8101 8566 8588
3367 2 2 7 1 7420 8445 8590
3368 2 2 7 1 8339 8552 8591
3369 2 2 7 1 8418 8419 8420
3370 2 2 7 1 7138 7140 8455
3371 2 2 7 1 8380 8029 8381
3372 2 2 7 1 7256 7255 7285
3373 2 2 7 1 7765 7764 7766
3374 2 2 7 1 7103 7253 7310
3375 2 2 7 1 7140 7139 7141
3376 2 2 7 1 7253 7104 7327
3377 2 2 7 1 8372 7967 8375
3378 2 2 7 1 8418 7258 8419
3379 2 2 7 1 1068 7258 8418
3380 2 2 7 1 1011 7257 8417
3381 2 2 7 1 7138 7139 7140
3382 2 2 7 1 7763 7967 8372
3383 2 2 7 1 7139 7137 7352
3384 2 2 7 1 7103 7104 7253
3385 2 2 7 1 7590 7764 7765
3386 2 2 7 1 7254 7255 7256
3387 2 2 7 1 8028 8395 8396
3388 2 2 7 1 7767 8029 8380
3389 2 2 7 1 1008 1009 6951
3390 2 2 7 1 1065 1066 6995
3391 2 2 7 1 1010 1011 8417
3392 2 2 7 1 1067 1068 8418
3393 2 2 7 1 1000 1001 7737
3394 2 2 7 1 1002 1003 7271
3395 2 2 7 1 1004 1005 7009
3396 2 2 7 1 1006 1007 7272
3397 2 2 7 1 1057 1058 7956
3398 2 2 7 1 1059 1060 7101
3399 2 2 7 1 1062 1063 6969
3400 2 2 7 1 1007 1008 8592
3401 2 2 7 1 1058 1059 8593
3402 2 2 7 1 1001 1002 8594
3403 2 2 7 1 1003 1004 8595
3404 2 2 7 1 1066 1067 8596
3405 2 2 7 1 7956 1058 8593
3406 2 2 7 1 1008 6951 8592
3407 2 2 7 1 7272 1007 8592
3408 2 2 7 1 7271 1003 8595
3409 2 2 7 1 1002 7271 8594
3410 2 2 7 1 1059 7101 8593
3411 2 2 7 1 7737 1001 8594
3412 2 2 7 1 1004 7009 8595
3413 2 2 7 1 6995 1066 8596
3414 2 2 7 1 1067 8418 8596
3415 2 2 7 1 6995 8596 8597
3416 2 2 7 1 8418 8420 8596
3417 2 2 7 1 8596 8420 8597
3418 2 2 7 1 8420 8422 8597
3419 2 2 7 1 8028 7639 8395
3420 2 2 7 1 7138 7137 7139
3421 2 2 7 1 7103 7086 7104
3422 2 2 7 1 7136 7138 8403
3423 2 2 7 1 7763 7589 7967
3424 2 2 7 1 7590 7763 7764
3425 2 2 7 1 7254 7097 7255
3426 2 2 7 1 7097 7103 8402
3427 2 2 7 1 7767 8028 8029
3428 2 2 7 1 7136 7137 7138
3429 2 2 7 1 7590 7589 7763
3430 2 2 7 1 7767 7639 8028
3431 2 2 7 1 7083 7097 7254
3432 2 2 7 1 7392 7590 8401
3433 2 2 7 1 7097 7086 7103
3434 2 2 7 1 7086 7082 8400
3435 2 2 7 1 7083 7086 7097
3436 2 2 7 1 7136 7135 7137
3437 2 2 7 1 7392 7589 7590
3438 2 2 7 1 7134 7136 7567
3439 2 2 7 1 7391 7639 7767
3440 2 2 7 1 7083 7082 7086
3441 2 2 7 1 7135 7133 7432
3442 2 2 7 1 7134 7135 7136
3443 2 2 7 1 7392 7132 7589
3444 2 2 7 1 7391 7392 7639
3445 2 2 7 1 7134 7133 7135
3446 2 2 7 1 7081 7082 7083
3447 2 2 7 1 7391 7132 7392
3448 2 2 7 1 7131 7132 7391
3449 2 2 7 1 7133 7131 8394
3450 2 2 7 1 7079 7081 7084
3451 2 2 7 1 7081 7080 7082
3452 2 2 7 1 7099 7133 7134
3453 2 2 7 1 7099 7131 7133
3454 2 2 7 1 7079 7080 7081
3455 2 2 7 1 7131 7098 7132
3456 2 2 7 1 7079 7078 7080
3457 2 2 7 1 7099 7098 7131
3458 2 2 7 1 7077 7078 7079
3459 2 2 7 1 7078 7076 8161
3460 2 2 7 1 7098 7088 8393
3461 2 2 7 1 7089 7098 7099
3462 2 2 7 1 7077 7076 7078
3463 2 2 7 1 7089 7088 7098
3464 2 2 7 1 7074 7076 7077
3465 2 2 7 1 7088 7074 8378
3466 2 2 7 1 7073 7088 7089
3467 2 2 7 1 7074 7072 7076
3468 2 2 7 1 7073 7074 7088
3469 2 2 7 1 7764 7763 8598
3470 2 2 7 1 8392 7254 8599
3471 2 2 7 1 7254 7256 8599
3472 2 2 7 1 7287 7768 8599
3473 2 2 7 1 7763 8372 8598
3474 2 2 7 1 7256 7287 8599
3475 2 2 7 1 7073 7072 7074
3476 2 2 7 1 8008 8338 8649
3477 2 2 7 1 8749 8751 8757
3478 2 2 7 1 7071 7072 7073
3479 2 2 7 1 8230 8229 8337
3480 2 2 7 1 8718 7617 9259
3481 2 2 7 1 8411 8409 8601
3482 2 2 7 1 7038 8009 9264
3483 2 2 7 1 7991 7993 9482
3484 2 2 7 1 7377 7293 8604
3485 2 2 7 1 7354 8579 8604
3486 2 2 7 1 8350 8351 9199
3487 2 2 7 1 7257 8411 8601
3488 2 2 7 1 8381 8029 8602
3489 2 2 7 1 7071 7068 7072
3490 2 2 7 1 7070 8229 8230
3491 2 2 7 1 8659 8026 9668
3492 2 2 7 1 7293 7354 8604
3493 2 2 7 1 7487 8628 8917
3494 2 2 7 1 7855 8390 8854
3495 2 2 7 1 7925 8247 8360
3496 2 2 7 1 8724 7643 9182
3497 2 2 7 1 5076 8977 9474
3498 2 2 7 1 3744 3750 7694
3499 2 2 7 1 8794 8795 8796
3500 2 2 7 1 7089 7099 8606
3501 2 2 7 1 7134 7567 8606
3502 2 2 7 1 7990 7989 7991
3503 2 2 7 1 8748 8749 8959
3504 2 2 7 1 8331 8860 8918
3505 2 2 7 1 2010 2016 7634
3506 2 2 7 1 8494 8493 8616
3507 2 2 7 1 8338 8339 8616
3508 2 2 7 1 7281 8322 8868
3509 2 2 7 1 8492 8256 8607
3510 2 2 7 1 6951 1009 8619
3511 2 2 7 1 1010 8417 8619
3512 2 2 7 1 2118 6937 8977
3513 2 2 7 1 7117 8623 9625
3514 2 2 7 1 8012 8463 8605
3515 2 2 7 1 8385 8383 8620
3516 2 2 7 1 8315 8314 8316
3517 2 2 7 1 6856 9261 9268
3518 2 2 7 1 8215 8053 8681
3519 2 2 7 1 8843 8842 9185
3520 2 2 7 1 7215 7239 8366
3521 2 2 7 1 8792 8793 8794
3522 2 2 7 1 7984 8214 8364
3523 2 2 7 1 7526 7527 7939
3524 2 2 7 1 6989 1074 8626
3525 2 2 7 1 1075 8414 8626
3526 2 2 7 1 7439 7240 7702
3527 2 2 7 1 8338 6954 8649
3528 2 2 7 1 8584 8526 8627
3529 2 2 7 1 8525 8490 8627
3530 2 2 7 1 7099 7134 8606
3531 2 2 7 1 6968 7334 7335
3532 2 2 7 1 8197 8233 9455
3533 2 2 7 1 9270 8820 9290
3534 2 2 7 1 8520 7855 8854
3535 2 2 7 1 7067 7068 7071
3536 2 2 7 1 7070 7067 8229
3537 2 2 7 1 8796 8797 8798
3538 2 2 7 1 7604 7607 8165
3539 2 2 7 1 7212 7155 8633
3540 2 2 7 1 8339 8494 8616
3541 2 2 7 1 8656 8097 9670
3542 2 2 7 1 6874 7126 7836
3543 2 2 7 1 7466 9250 9406
3544 2 2 7 1 7823 8543 8634
3545 2 2 7 1 8366 7631 8367
3546 2 2 7 1 7996 8975 9152
3547 2 2 7 1 1009 1010 8619
3548 2 2 7 1 7472 5094 7485
3549 2 2 7 1 7901 8780 9624
3550 2 2 7 1 8039 8696 8697
3551 2 2 7 1 8388 8385 8620
3552 2 2 7 1 7874 7940 9586
3553 2 2 7 1 7375 7854 8245
3554 2 2 7 1 7240 7233 8376
3555 2 2 7 1 8757 8887 8983
3556 2 2 7 1 7996 7994 8975
3557 2 2 7 1 6872 4008 7467
3558 2 2 7 1 7292 8550 9229
3559 2 2 7 1 1026 1027 7244
3560 2 2 7 1 1040 1041 6975
3561 2 2 7 1 983 984 7011
3562 2 2 7 1 997 998 8610
3563 2 2 7 1 1041 1042 8612
3564 2 2 7 1 1054 1055 7380
3565 2 2 7 1 988 989 7279
3566 2 2 7 1 990 991 6954
3567 2 2 7 1 986 987 6970
3568 2 2 7 1 1045 1046 6979
3569 2 2 7 1 1047 1048 7280
3570 2 2 7 1 1052 1053 7039
3571 2 2 7 1 993 994 7010
3572 2 2 7 1 996 997 7090
3573 2 2 7 1 1042 1043 7278
3574 2 2 7 1 1046 1047 8608
3575 2 2 7 1 1049 1050 6971
3576 2 2 7 1 989 990 8609
3577 2 2 7 1 1025 1026 8611
3578 2 2 7 1 1032 1033 6947
3579 2 2 7 1 978 979 7295
3580 2 2 7 1 1038 1039 7282
3581 2 2 7 1 968 969 8613
3582 2 2 7 1 969 970 7100
3583 2 2 7 1 972 973 6976
3584 2 2 7 1 976 977 6980
3585 2 2 7 1 980 981 6978
3586 2 2 7 1 967 968 7922
3587 2 2 7 1 974 975 7281
3588 2 2 7 1 1034 1035 7292
3589 2 2 7 1 1036 1037 6962
3590 2 2 7 1 1029 1030 7012
3591 2 2 7 1 3726 3732 6940
3592 2 2 7 1 8043 8225 8772
3593 2 2 7 1 7689 8162 9636
3594 2 2 7 1 8713 9000 9196
3595 2 2 7 1 8794 9038 9039
3596 2 2 7 1 8353 8048 8760
3597 2 2 7 1 8740 8954 9618
3598 2 2 7 1 7824 8825 9432
3599 2 2 7 1 8249 8194 8250
3600 2 2 7 1 1074 1075 8626
3601 2 2 7 1 7455 7458 8786
3602 2 2 7 1 8798 8800 8801
3603 2 2 7 1 6991 7373 7374
3604 2 2 7 1 8565 8564 8667
3605 2 2 7 1 7518 7532 9613
3606 2 2 7 1 8526 8525 8627
3607 2 2 7 1 8169 6986 9169
3608 2 2 7 1 8943 8941 8944
3609 2 2 7 1 8388 8620 9525
3610 2 2 7 1 8908 6919 9441
3611 2 2 7 1 7646 7489 8917
3612 2 2 7 1 8048 7891 8760
3613 2 2 7 1 8413 1019 8643
3614 2 2 7 1 1020 7056 8643
3615 2 2 7 1 7739 8081 9500
3616 2 2 7 1 8122 8661 8727
3617 2 2 7 1 8188 9012 9155
3618 2 2 7 1 7155 7157 8633
3619 2 2 7 1 8806 8807 8809
3620 2 2 7 1 8990 8985 9265
3621 2 2 7 1 9600 9041 9640
3622 2 2 7 1 8468 7823 8634
3623 2 2 7 1 8239 8240 8713
3624 2 2 7 1 6936 7660 8866
3625 2 2 7 1 7702 8376 8377
3626 2 2 7 1 8248 7920 8979
3627 2 2 7 1 7048 8346 9620
3628 2 2 7 1 7377 8604 8669
3629 2 2 7 1 4068 4074 7043
3630 2 2 7 1 7572 8997 8999
3631 2 2 7 1 8093 8856 8988
3632 2 2 7 1 1063 1064 8667
3633 2 2 7 1 8195 8196 8216
3634 2 2 7 1 7056 8283 9529
3635 2 2 7 1 7713 8314 8315
3636 2 2 7 1 8371 8370 8670
3637 2 2 7 1 8629 6896 8874
3638 2 2 7 1 8722 7505 9558
3639 2 2 7 1 7160 7163 8668
3640 2 2 7 1 8242 8571 8669
3641 2 2 7 1 8604 8410 8669
3642 2 2 7 1 8276 7869 9304
3643 2 2 7 1 7845 7925 8670
3644 2 2 7 1 7862 7984 8671
3645 2 2 7 1 8508 7863 8671
3646 2 2 7 1 8241 8242 8886
3647 2 2 7 1 7068 8134 8318
3648 2 2 7 1 8908 8841 9245
3649 2 2 7 1 6860 9488 9600
3650 2 2 7 1 9286 6876 9631
3651 2 2 7 1 8033 8261 9338
3652 2 2 7 1 7746 6904 7839
3653 2 2 7 1 7056 1021 8676
3654 2 2 7 1 1022 7736 8676
3655 2 2 7 1 7869 8276 8992
3656 2 2 7 1 1044 1045 8658
3657 2 2 7 1 7910 7709 9456
3658 2 2 7 1 8510 7844 8680
3659 2 2 7 1 7279 989 8609
3660 2 2 7 1 1047 7280 8608
3661 2 2 7 1 6979 1046 8608
3662 2 2 7 1 7090 997 8610
3663 2 2 7 1 990 6954 8609
3664 2 2 7 1 1042 7278 8612
3665 2 2 7 1 6975 1041 8612
3666 2 2 7 1 1026 7244 8611
3667 2 2 7 1 7922 968 8613
3668 2 2 7 1 969 7100 8613
3669 2 2 7 1 3492 6960 9518
3670 2 2 7 1 8200 8201 9247
3671 2 2 7 1 8139 7913 9282
3672 2 2 7 1 8261 9334 9338
3673 2 2 7 1 8388 9525 9601
3674 2 2 7 1 6895 8253 8254
3675 2 2 7 1 8008 8649 8725
3676 2 2 7 1 8175 6987 9180
3677 2 2 7 1 9211 8867 9215
3678 2 2 7 1 6877 8162 9116
3679 2 2 7 1 8359 7058 9240
3680 2 2 7 1 8330 6971 8860
3681 2 2 7 1 1061 1062 8694
3682 2 2 7 1 9232 7464 9384
3683 2 2 7 1 8802 8801 8803
3684 2 2 7 1 8182 8739 8740
3685 2 2 7 1 8410 8579 9405
3686 2 2 7 1 7667 8211 9057
3687 2 2 7 1 8053 7950 9271
3688 2 2 7 1 8011 9321 9334
3689 2 2 7 1 8880 8796 9035
3690 2 2 7 1 7065 7250 7683
3691 2 2 7 1 9311 9418 9579
3692 2 2 7 1 1079 1080 8720
3693 2 2 7 1 8970 8969 9020
3694 2 2 7 1 8377 7300 8890
3695 2 2 7 1 7007 4290 7031
3696 2 2 7 1 7925 8360 8859
3697 2 2 7 1 8766 8995 9100
3698 2 2 7 1 7989 7990 9532
3699 2 2 7 1 7577 8312 9416
3700 2 2 7 1 8322 7281 8923
3701 2 2 7 1 9287 7033 9454
3702 2 2 7 1 7984 8364 8963
3703 2 2 7 1 8594 7271 8743
3704 2 2 7 1 9044 7838 9145
3705 2 2 7 1 8159 9578 9590
3706 2 2 7 1 6936 2178 7659
3707 2 2 7 1 8423 8056 9224
3708 2 2 7 1 8633 7157 8668
3709 2 2 7 1 7679 9324 9378
3710 2 2 7 1 9158 9162 9316
3711 2 2 7 1 8185 8036 8254
3712 2 2 7 1 8504 9044 9145
3713 2 2 7 1 8721 6893 9355
3714 2 2 7 1 7013 8846 8892
3715 2 2 7 1 8191 8717 9284
3716 2 2 7 1 7642 8898 8952
3717 2 2 7 1 8447 7856 8743
3718 2 2 7 1 8634 8543 8857
3719 2 2 7 1 6924 8044 9272
3720 2 2 7 1 7608 7611 9257
3721 2 2 7 1 8260 7105 8264
3722 2 2 7 1 1061 8694 9151
3723 2 2 7 1 8948 7908 9213
3724 2 2 7 1 8330 8004 8746
3725 2 2 7 1 8006 8584 8746
3726 2 2 7 1 7924 8152 9392
3727 2 2 7 1 8049 7628 8285
3728 2 2 7 1 8550 7292 9317
3729 2 2 7 1 1019 1020 8643
3730 2 2 7 1 8230 8758 9304
3731 2 2 7 1 7382 8683 9519
3732 2 2 7 1 7881 7879 9323
3733 2 2 7 1 7067 7064 7068
3734 2 2 7 1 7063 7067 7070
3735 2 2 7 1 9233 7090 9327
3736 2 2 7 1 8134 7577 9415
3737 2 2 7 1 8335 8178 9614
3738 2 2 7 1 2004 2010 7450
3739 2 2 7 1 7321 8933 8934
3740 2 2 7 1 8305 8306 8307
3741 2 2 7 1 7388 7297 9625
3742 2 2 7 1 8637 8603 9595
3743 2 2 7 1 8307 8308 8309
3744 2 2 7 1 6943 8685 9556
3745 2 2 7 1 8117 7537 8118
3746 2 2 7 1 8349 8068 8614
3747 2 2 7 1 6999 7338 7339
3748 2 2 7 1 8614 8615 9309
3749 2 2 7 1 4752 6857 8998
3750 2 2 7 1 6962 8317 9383
3751 2 2 7 1 8297 7080 8639
3752 2 2 7 1 6954 991 8649
3753 2 2 7 1 7885 8900 9407
3754 2 2 7 1 8125 8356 9228
3755 2 2 7 1 7954 7690 7955
3756 2 2 7 1 7335 8040 9090
3757 2 2 7 1 8911 9164 9363
3758 2 2 7 1 7053 1356 7579
3759 2 2 7 1 2226 2232 7921
3760 2 2 7 1 6895 8254 8991
3761 2 2 7 1 6994 7007 8079
3762 2 2 7 1 9036 8178 9466
3763 2 2 7 1 7114 7111 8736
3764 2 2 7 1 7239 7631 8366
3765 2 2 7 1 7280 1048 8662
3766 2 2 7 1 1049 6971 8662
3767 2 2 7 1 8413 8643 9506
3768 2 2 7 1 991 992 8649
3769 2 2 7 1 1071 1072 8783
3770 2 2 7 1 7064 7577 8134
3771 2 2 7 1 5748 9286 9631
3772 2 2 7 1 4224 4230 8677
3773 2 2 7 1 8667 8564 9426
3774 2 2 7 1 8224 7721 9143
3775 2 2 7 1 6938 8645 8646
3776 2 2 7 1 7577 7064 9576
3777 2 2 7 1 9011 9464 9492
3778 2 2 7 1 7290 7637 8617
3779 2 2 7 1 7378 7035 7379
3780 2 2 7 1 7364 6899 7365
3781 2 2 7 1 7712 7711 9356
3782 2 2 7 1 7010 8634 8857
3783 2 2 7 1 8690 9048 9049
3784 2 2 7 1 7882 8008 8857
3785 2 2 7 1 9295 8486 9450
3786 2 2 7 1 7577 8271 9415
3787 2 2 7 1 6969 1063 8667
3788 2 2 7 1 8705 8187 9042
3789 2 2 7 1 7962 7964 8195
3790 2 2 7 1 7116 7643 9470
3791 2 2 7 1 1290 1296 9494
3792 2 2 7 1 8280 8174 9394
3793 2 2 7 1 1048 1049 8662
3794 2 2 7 1 7903 7456 9650
3795 2 2 7 1 9165 7849 9501
3796 2 2 7 1 7505 8722 8723
3797 2 2 7 1 8322 8013 8868
3798 2 2 7 1 8014 8371 8868
3799 2 2 7 1 4956 7525 7548
3800 2 2 7 1 8079 7946 8677
3801 2 2 7 1 7157 7160 8668
3802 2 2 7 1 8370 7845 8670
3803 2 2 7 1 7975 7976 8870
3804 2 2 7 1 8571 7377 8669
3805 2 2 7 1 7863 7862 8671
3806 2 2 7 1 3132 3138 7690
3807 2 2 7 1 8774 9080 9358
3808 2 2 7 1 1512 1518 8259
3809 2 2 7 1 9172 9129 9445
3810 2 2 7 1 7078 8161 8639
3811 2 2 7 1 6980 8396 9101
3812 2 2 7 1 8480 7884 8881
3813 2 2 7 1 6975 8465 9587
3814 2 2 7 1 1045 6979 8658
3815 2 2 7 1 2208 2214 7649
3816 2 2 7 1 6949 7366 7367
3817 2 2 7 1 9181 7900 9526
3818 2 2 7 1 1021 1022 8676
3819 2 2 7 1 8408 8407 8886
3820 2 2 7 1 8814 9222 9306
3821 2 2 7 1 6995 8597 8870
3822 2 2 7 1 971 972 8859
3823 2 2 7 1 7282 8465 9507
3824 2 2 7 1 8702 8701 9639
3825 2 2 7 1 3072 6944 9662
3826 2 2 7 1 8360 971 8859
3827 2 2 7 1 6914 2850 8695
3828 2 2 7 1 7179 8510 8680
3829 2 2 7 1 4392 4398 9524
3830 2 2 7 1 7547 7534 9565
3831 2 2 7 1 993 7010 8725
3832 2 2 7 1 7066 7683 8657
3833 2 2 7 1 8539 7948 8782
3834 2 2 7 1 6828 6900 9583
3835 2 2 7 1 1025 8611 8733
3836 2 2 7 1 7380 1055 8734
3837 2 2 7 1 8610 998 8735
3838 2 2 7 1 7848 7850 9652
3839 2 2 7 1 8271 9414 9415
3840 2 2 7 1 8325 7272 9380
3841 2 2 7 1 8480 8881 9609
3842 2 2 7 1 7571 4704 9002
3843 2 2 7 1 7122 7243 8075
3844 2 2 7 1 8974 9084 9086
3845 2 2 7 1 8920 8867 9211
3846 2 2 7 1 7012 1030 8744
3847 2 2 7 1 8643 8138 9506
3848 2 2 7 1 7759 7878 9660
3849 2 2 7 1 974 7281 8745
3850 2 2 7 1 6976 973 8745
3851 2 2 7 1 7376 7375 8245
3852 2 2 7 1 9376 8184 9580
3853 2 2 7 1 7907 8088 8924
3854 2 2 7 1 8577 7978 8924
3855 2 2 7 1 7454 1920 7663
3856 2 2 7 1 7936 7934 8194
3857 2 2 7 1 8468 8634 8906
3858 2 2 7 1 2970 2976 6922
3859 2 2 7 1 1368 6931 7579
3860 2 2 7 1 7926 8447 8925
3861 2 2 7 1 7017 6926 7638
3862 2 2 7 1 1266 1272 6977
3863 2 2 7 1 4368 4374 6945
3864 2 2 7 1 8853 7830 9588
3865 2 2 7 1 8738 8778 8779
3866 2 2 7 1 9606 6886 9656
3867 2 2 7 1 1062 6969 8694
3868 2 2 7 1 7090 8610 9327
3869 2 2 7 1 7212 8313 9044
3870 2 2 7 1 8140 8709 9502
3871 2 2 7 1 8275 8311 9274
3872 2 2 7 1 6863 8940 8942
3873 2 2 7 1 7513 8693 9301
3874 2 2 7 1 3750 7052 7694
3875 2 2 7 1 8311 8275 8666
3876 2 2 7 1 7644 7957 9659
3877 2 2 7 1 8701 8187 9639
3878 2 2 7 1 8813 8812 8815
3879 2 2 7 1 8792 9039 9132
3880 2 2 7 1 8209 8537 8981
3881 2 2 7 1 8317 6962 9444
3882 2 2 7 1 8647 8648 8762
3883 2 2 7 1 7032 8105 8106
3884 2 2 7 1 8667 1064 9493
3885 2 2 7 1 8718 8980 9292
3886 2 2 7 1 8753 8755 8787
3887 2 2 7 1 8752 7859 9465
3888 2 2 7 1 7464 9232 9346
3889 2 2 7 1 9140 8789 9328
3890 2 2 7 1 7390 7388 7456
3891 2 2 7 1 7397 7975 9003
3892 2 2 7 1 7433 7299 9003
3893 2 2 7 1 8645 8644 8647
3894 2 2 7 1 8595 7009 8925
3895 2 2 7 1 7321 8934 8960
3896 2 2 7 1 8684 8685 8686
3897 2 2 7 1 8694 8479 9151
3898 2 2 7 1 8300 8302 8305
3899 2 2 7 1 8730 8731 9291
3900 2 2 7 1 9195 9192 9527
3901 2 2 7 1 8329 8697 9641
3902 2 2 7 1 7385 1079 8720
3903 2 2 7 1 2664 2670 8947
3904 2 2 7 1 8182 8740 8955
3905 2 2 7 1 7058 7015 9240
3906 2 2 7 1 8528 8331 9091
3907 2 2 7 1 7851 7911 9258
3908 2 2 7 1 7895 7897 9610
3909 2 2 7 1 2142 2148 7471
3910 2 2 7 1 8396 8395 9101
3911 2 2 7 1 8015 8322 9101
3912 2 2 7 1 8072 8356 8357
3913 2 2 7 1 8091 8970 8972
3914 2 2 7 1 8240 8275 9274
3915 2 2 7 1 1028 1029 8963
3916 2 2 7 1 7836 7636 9604
3917 2 2 7 1 7447 7445 8632
3918 2 2 7 1 3210 3216 8875
3919 2 2 7 1 6971 1050 8860
3920 2 2 7 1 1032 6947 8863
3921 2 2 7 1 7601 7004 7898
3922 2 2 7 1 8154 7430 8155
3923 2 2 7 1 8731 8732 8922
3924 2 2 7 1 7034 9165 9501
3925 2 2 7 1 7838 8115 9145
3926 2 2 7 1 8061 8059 8267
3927 2 2 7 1 7518 8738 8779
3928 2 2 7 1 8649 992 8725
3929 2 2 7 1 7101 1060 9151
3930 2 2 7 1 9011 8188 9464
3931 2 2 7 1 8364 1028 8963
3932 2 2 7 1 8605 8463 9091
3933 2 2 7 1 7039 8605 9091
3934 2 2 7 1 8948 8947 9016
3935 2 2 7 1 2982 2988 6922
3936 2 2 7 1 6969 8667 9426
3937 2 2 7 1 8082 8352 9406
3938 2 2 7 1 1072 1073 9173
3939 2 2 7 1 8946 8071 9288
3940 2 2 7 1 8593 7101 8881
3941 2 2 7 1 8468 8906 9056
3942 2 2 7 1 7327 7329 8988
3943 2 2 7 1 8021 8019 8026
3944 2 2 7 1 7652 8142 8143
3945 2 2 7 1 8951 8803 9066
3946 2 2 7 1 8152 8630 9647
3947 2 2 7 1 7893 7894 7895
3948 2 2 7 1 8024 8021 8025
3949 2 2 7 1 7598 7980 9224
3950 2 2 7 1 8056 7674 9224
3951 2 2 7 1 8215 8681 9109
3952 2 2 7 1 992 993 8725
3953 2 2 7 1 8095 8000 9227
3954 2 2 7 1 8286 8188 9155
3955 2 2 7 1 8882 9290 9307
3956 2 2 7 1 8550 8548 9229
3957 2 2 7 1 8574 8577 9229
3958 2 2 7 1 8467 8468 9233
3959 2 2 7 1 8766 8765 8767
3960 2 2 7 1 7858 8424 9235
3961 2 2 7 1 7773 8086 9235
3962 2 2 7 1 7734 7036 7957
3963 2 2 7 1 8064 8067 8068
3964 2 2 7 1 7235 7190 9242
3965 2 2 7 1 5184 7441 9559
3966 2 2 7 1 8465 7282 9587
3967 2 2 7 1 7856 8114 8743
3968 2 2 7 1 7870 8241 9253
3969 2 2 7 1 8874 6896 9004
3970 2 2 7 1 1024 1025 8733
3971 2 2 7 1 998 999 8735
3972 2 2 7 1 1055 1056 8734
3973 2 2 7 1 2466 2472 6996
3974 2 2 7 1 1254 1260 6977
3975 2 2 7 1 8004 8006 8746
3976 2 2 7 1 6894 7383 7384
3977 2 2 7 1 9108 6862 9438
3978 2 2 7 1 7258 8412 9279
3979 2 2 7 1 8155 7430 8871
3980 2 2 7 1 7235 8285 8980
3981 2 2 7 1 7908 6965 9213
3982 2 2 7 1 7654 7652 8143
3983 2 2 7 1 2202 2208 9546
3984 2 2 7 1 8266 8741 9084
3985 2 2 7 1 8351 8350 9386
3986 2 2 7 1 8396 6980 9243
3987 2 2 7 1 7010 994 8906
3988 2 2 7 1 8089 7463 8090
3989 2 2 7 1 9071 8755 9072
3990 2 2 7 1 7669 7668 9575
3991 2 2 7 1 8710 8139 8711
3992 2 2 7 1 7579 7580 8708
3993 2 2 7 1 7636 8657 9604
3994 2 2 7 1 7717 7716 7718
3995 2 2 7 1 8628 6927 9535
3996 2 2 7 1 6891 7540 7541
3997 2 2 7 1 7194 7234 9312
3998 2 2 7 1 7827 9178 9291
3999 2 2 7 1 8971 8266 8974
4000 2 2 7 1 1052 7039 8918
4001 2 2 7 1 8517 7213 9319
4002 2 2 7 1 5040 5046 7861
4003 2 2 7 1 1386 7057 9655
4004 2 2 7 1 7281 975 8923
4005 2 2 7 1 976 6980 8923
4006 2 2 7 1 8143 7840 9379
4007 2 2 7 1 8681 8053 8682
4008 2 2 7 1 1006 7272 9326
4009 2 2 7 1 7009 1005 9326
4010 2 2 7 1 3816 3822 7245
4011 2 2 7 1 7913 8139 8140
4012 2 2 7 1 1030 1031 8744
4013 2 2 7 1 8028 8396 9335
4014 2 2 7 1 8817 8815 8818
4015 2 2 7 1 973 974 8745
4016 2 2 7 1 1992 1998 7450
4017 2 2 7 1 8230 8337 8758
4018 2 2 7 1 8085 8244 9340
4019 2 2 7 1 7876 7913 8678
4020 2 2 7 1 8074 7995 8357
4021 2 2 7 1 7951 7952 9654
4022 2 2 7 1 8131 8654 8655
4023 2 2 7 1 7295 8602 9335
4024 2 2 7 1 8602 8029 9335
4025 2 2 7 1 8156 8155 8279
4026 2 2 7 1 7359 8065 9355
4027 2 2 7 1 8620 8383 9457
4028 2 2 7 1 9145 8115 9319
4029 2 2 7 1 8358 7241 9251
4030 2 2 7 1 8226 8350 9199
4031 2 2 7 1 8118 7537 8222
4032 2 2 7 1 8565 8667 9493
4033 2 2 7 1 9020 8969 9113
4034 2 2 7 1 2088 2094 8987
4035 2 2 7 1 7216 8486 9295
4036 2 2 7 1 8826 8818 8827
4037 2 2 7 1 8092 8093 9308
4038 2 2 7 1 7702 7240 8376
4039 2 2 7 1 8012 8605 9332
4040 2 2 7 1 8589 8326 9380
4041 2 2 7 1 7041 8405 9382
4042 2 2 7 1 7748 9409 9410
4043 2 2 7 1 8549 8550 9383
4044 2 2 7 1 8317 8121 9383
4045 2 2 7 1 7462 7464 8104
4046 2 2 7 1 8409 8410 9405
4047 2 2 7 1 6878 7710 8631
4048 2 2 7 1 8179 7852 8181
4049 2 2 7 1 9284 8978 9285
4050 2 2 7 1 7744 8345 9395
4051 2 2 7 1 9139 9150 9154
4052 2 2 7 1 7121 7492 8123
4053 2 2 7 1 8175 8177 8243
4054 2 2 7 1 9378 8264 9531
4055 2 2 7 1 8309 8310 8748
4056 2 2 7 1 5748 7353 9286
4057 2 2 7 1 8707 8708 8710
4058 2 2 7 1 9179 9291 9656
4059 2 2 7 1 8477 8478 9426
4060 2 2 7 1 8634 7010 8906
4061 2 2 7 1 8827 8828 8829
4062 2 2 7 1 996 7090 9056
4063 2 2 7 1 7068 7064 8134
4064 2 2 7 1 6978 8620 9457
4065 2 2 7 1 8803 8804 9551
4066 2 2 7 1 9316 8705 9602
4067 2 2 7 1 1034 7292 9077
4068 2 2 7 1 6947 1033 9077
4069 2 2 7 1 8697 8696 9641
4070 2 2 7 1 7890 7892 7893
4071 2 2 7 1 7060 7741 9476
4072 2 2 7 1 7257 8601 9435
4073 2 2 7 1 8352 7955 8650
4074 2 2 7 1 2964 2970 7761
4075 2 2 7 1 1065 6995 9493
4076 2 2 7 1 9191 6905 9570
4077 2 2 7 1 7109 7107 7687
4078 2 2 7 1 8449 8333 9506
4079 2 2 7 1 8465 8464 9507
4080 2 2 7 1 8120 8317 9507
4081 2 2 7 1 6977 7093 8617
4082 2 2 7 1 7435 8773 9404
4083 2 2 7 1 8381 8602 9457
4084 2 2 7 1 8283 8136 9529
4085 2 2 7 1 5112 6956 7556
4086 2 2 7 1 8855 8289 9589
4087 2 2 7 1 8624 9200 9492
4088 2 2 7 1 8822 7757 9280
4089 2 2 7 1 7713 8313 8314
4090 2 2 7 1 9039 7833 9132
4091 2 2 7 1 7695 8160 9603
4092 2 2 7 1 9162 8704 9294
4093 2 2 7 1 8748 9361 9528
4094 2 2 7 1 7948 7947 8782
4095 2 2 7 1 8377 7980 8856
4096 2 2 7 1 9178 8730 9291
4097 2 2 7 1 7510 7507 7676
4098 2 2 7 1 7019 9096 9111
4099 2 2 7 1 7002 1071 8783
4100 2 2 7 1 8079 7007 8712
4101 2 2 7 1 8778 8738 9567
4102 2 2 7 1 8266 8054 8741
4103 2 2 7 1 8829 8830 8831
4104 2 2 7 1 8842 8817 9185
4105 2 2 7 1 6854 8321 9498
4106 2 2 7 1 7980 8377 8890
4107 2 2 7 1 4584 4590 9118
4108 2 2 7 1 7528 7530 8016
4109 2 2 7 1 7916 7946 8002
4110 2 2 7 1 8182 8181 8739
4111 2 2 7 1 7523 7548 7549
4112 2 2 7 1 7534 7691 9565
4113 2 2 7 1 8144 7473 8145
4114 2 2 7 1 7039 1053 9220
4115 2 2 7 1 1054 7380 9220
4116 2 2 7 1 8125 8074 8356
4117 2 2 7 1 4662 4668 9147
4118 2 2 7 1 6900 6834 7558
4119 2 2 7 1 8200 8198 8201
4120 2 2 7 1 6980 977 9243
4121 2 2 7 1 978 7295 9243
4122 2 2 7 1 8605 7039 9220
4123 2 2 7 1 5046 5052 7861
4124 2 2 7 1 8719 7885 9407
4125 2 2 7 1 8931 6912 9029
4126 2 2 7 1 7319 8931 9029
4127 2 2 7 1 6986 8169 8319
4128 2 2 7 1 7297 7390 9256
4129 2 2 7 1 1080 663 9462
4130 2 2 7 1 8349 8614 9611
4131 2 2 7 1 8892 8847 8893
4132 2 2 7 1 4308 4314 7762
4133 2 2 7 1 8881 7101 9609
4134 2 2 7 1 7047 7375 7376
4135 2 2 7 1 7057 1398 7641
4136 2 2 7 1 663 967 9462
4137 2 2 7 1 7952 8252 9430
4138 2 2 7 1 9158 8704 9162
4139 2 2 7 1 7718 8946 9288
4140 2 2 7 1 8791 9131 9133
4141 2 2 7 1 9053 9099 9287
4142 2 2 7 1 7980 7597 8856
4143 2 2 7 1 8543 7882 8857
4144 2 2 7 1 8046 8353 8354
4145 2 2 7 1 7003 8333 9253
4146 2 2 7 1 8893 8847 8908
4147 2 2 7 1 1036 6962 9317
4148 2 2 7 1 7292 1035 9317
4149 2 2 7 1 8959 8958 9361
4150 2 2 7 1 7060 7058 9621
4151 2 2 7 1 7116 7125 8737
4152 2 2 7 1 8615 8111 9309
4153 2 2 7 1 8999 7570 9391
4154 2 2 7 1 1023 665 9473
4155 2 2 7 1 664 1000 9471
4156 2 2 7 1 666 1057 9472
4157 2 2 7 1 7070 8230 8858
4158 2 2 7 1 6921 9139 9219
4159 2 2 7 1 8350 8227 9386
4160 2 2 7 1 8334 8179 8336
4161 2 2 7 1 8635 8170 8716
4162 2 2 7 1 8055 8056 9279
4163 2 2 7 1 6986 8319 9370
4164 2 2 7 1 8305 8916 9209
4165 2 2 7 1 8738 7681 9567
4166 2 2 7 1 3504 3510 9141
4167 2 2 7 1 8980 8285 9292
4168 2 2 7 1 8265 9378 9531
4169 2 2 7 1 665 1024 9473
4170 2 2 7 1 999 664 9471
4171 2 2 7 1 1056 666 9472
4172 2 2 7 1 8007 8251 9271
4173 2 2 7 1 7853 9257 9258
4174 2 2 7 1 8744 1031 8863
4175 2 2 7 1 7452 7447 8141
4176 2 2 7 1 8013 8014 8868
4177 2 2 7 1 7111 7109 8736
4178 2 2 7 1 7436 6867 7437
4179 2 2 7 1 9102 9001 9274
4180 2 2 7 1 1050 1051 8860
4181 2 2 7 1 7272 8592 9380
4182 2 2 7 1 6878 8631 9524
4183 2 2 7 1 8602 7295 9389
4184 2 2 7 1 2220 2226 7649
4185 2 2 7 1 8162 6877 8163
4186 2 2 7 1 7976 8565 8870
4187 2 2 7 1 980 6978 9389
4188 2 2 7 1 7295 979 9389
4189 2 2 7 1 8186 8187 8700
4190 2 2 7 1 7830 8768 9311
4191 2 2 7 1 8346 7075 8347
4192 2 2 7 1 7923 6892 7924
4193 2 2 7 1 8272 7446 9663
4194 2 2 7 1 8035 9081 9377
4195 2 2 7 1 1031 1032 8863
4196 2 2 7 1 8697 8699 9447
4197 2 2 7 1 7981 8246 9519
4198 2 2 7 1 7957 8650 9659
4199 2 2 7 1 8239 8340 8904
4200 2 2 7 1 7664 7666 8342
4201 2 2 7 1 7517 7514 7519
4202 2 2 7 1 8697 8329 8699
4203 2 2 7 1 7250 7122 8075
4204 2 2 7 1 9553 8245 9561
4205 2 2 7 1 1488 1494 9616
4206 2 2 7 1 6912 8931 8933
4207 2 2 7 1 7028 8887 9445
4208 2 2 7 1 8735 7737 9339
4209 2 2 7 1 2856 2862 7127
4210 2 2 7 1 8845 8847 8892
4211 2 2 7 1 6916 7429 7430
4212 2 2 7 1 4200 4206 7916
4213 2 2 7 1 6962 1037 9444
4214 2 2 7 1 1038 7282 9444
4215 2 2 7 1 4884 7524 7526
4216 2 2 7 1 972 6976 8859
4217 2 2 7 1 7666 7728 8102
4218 2 2 7 1 8656 8131 9610
4219 2 2 7 1 3108 3114 7954
4220 2 2 7 1 7884 8119 8881
4221 2 2 7 1 8347 7075 8975
4222 2 2 7 1 7755 7983 8635
4223 2 2 7 1 6978 981 9525
4224 2 2 7 1 7469 7452 7470
4225 2 2 7 1 8261 8011 9334
4226 2 2 7 1 983 7011 9601
4227 2 2 7 1 1040 6975 9587
4228 2 2 7 1 7282 1039 9587
4229 2 2 7 1 8844 9191 9570
4230 2 2 7 1 7937 8174 8279
4231 2 2 7 1 8655 8106 8726
4232 2 2 7 1 8093 8988 9308
4233 2 2 7 1 7966 9295 9450
4234 2 2 7 1 8594 8743 9591
4235 2 2 7 1 8675 7691 9254
4236 2 2 7 1 8691 9156 9365
4237 2 2 7 1 8700 8187 8701
4238 2 2 7 1 3582 3588 7923
4239 2 2 7 1 1596 1602 7575
4240 2 2 7 1 8769 8767 8770
4241 2 2 7 1 1410 6955 7641
4242 2 2 7 1 8407 7259 8886
4243 2 2 7 1 7038 7423 7424
4244 2 2 7 1 9285 8978 9365
4245 2 2 7 1 7322 8935 8939
4246 2 2 7 1 9513 7042 9640
4247 2 2 7 1 8017 7740 9421
4248 2 2 7 1 8210 8034 8221
4249 2 2 7 1 1974 7440 7633
4250 2 2 7 1 8620 6978 9525
4251 2 2 7 1 7130 8245 9553
4252 2 2 7 1 2370 2376 7001
4253 2 2 7 1 8945 8679 9447
4254 2 2 7 1 4842 4848 6853
4255 2 2 7 1 7985 7749 9489
4256 2 2 7 1 7684 7250 8075
4257 2 2 7 1 8771 8766 9100
4258 2 2 7 1 8900 7887 9373
4259 2 2 7 1 1950 1956 7449
4260 2 2 7 1 8844 8798 9527
4261 2 2 7 1 7878 7759 8050
4262 2 2 7 1 8118 8222 9247
4263 2 2 7 1 8052 8126 8127
4264 2 2 7 1 8687 7095 8956
4265 2 2 7 1 7559 8295 9403
4266 2 2 7 1 7997 9359 9482
4267 2 2 7 1 8024 8025 8203
4268 2 2 7 1 8234 8235 8236
4269 2 2 7 1 6874 7836 9054
4270 2 2 7 1 4356 4362 7753
4271 2 2 7 1 9001 8240 9274
4272 2 2 7 1 7847 7848 9652
4273 2 2 7 1 6862 9110 9438
4274 2 2 7 1 6630 6873 8673
4275 2 2 7 1 7889 7886 9255
4276 2 2 7 1 8352 7638 9406
4277 2 2 7 1 2994 3000 6928
4278 2 2 7 1 8932 8930 9573
4279 2 2 7 1 8714 8146 9540
4280 2 2 7 1 6945 7054 9443
4281 2 2 7 1 7572 8999 9391
4282 2 2 7 1 8232 6865 9174
4283 2 2 7 1 6857 4764 7568
4284 2 2 7 1 7573 7470 7574
4285 2 2 7 1 7213 8504 9145
4286 2 2 7 1 8220 7314 9234
4287 2 2 7 1 7520 7519 7521
4288 2 2 7 1 8199 7760 8872
4289 2 2 7 1 7241 6974 9251
4290 2 2 7 1 6997 7846 8081
4291 2 2 7 1 6912 8933 9030
4292 2 2 7 1 6937 7474 8663
4293 2 2 7 1 7553 7543 8630
4294 2 2 7 1 8277 8276 9304
4295 2 2 7 1 8020 8022 8023
4296 2 2 7 1 8270 8288 8664
4297 2 2 7 1 8950 8237 9254
4298 2 2 7 1 6854 8320 8321
4299 2 2 7 1 6960 3498 7576
4300 2 2 7 1 994 995 8906
4301 2 2 7 1 7661 7759 9660
4302 2 2 7 1 4176 4182 7919
4303 2 2 7 1 7691 8675 9565
4304 2 2 7 1 7535 8222 9277
4305 2 2 7 1 8187 7842 9042
4306 2 2 7 1 8951 8957 9195
4307 2 2 7 1 7978 7907 8924
4308 2 2 7 1 9005 8228 9006
4309 2 2 7 1 7641 6955 8898
4310 2 2 7 1 7065 1632 7249
4311 2 2 7 1 8436 7926 8925
4312 2 2 7 1 8647 8289 9627
4313 2 2 7 1 8860 1051 8918
4314 2 2 7 1 9035 8844 9570
4315 2 2 7 1 7937 8279 9644
4316 2 2 7 1 8285 7628 9292
4317 2 2 7 1 7511 7516 7518
4318 2 2 7 1 7040 7434 7435
4319 2 2 7 1 8221 8096 8790
4320 2 2 7 1 8749 8757 8888
4321 2 2 7 1 7602 7604 9064
4322 2 2 7 1 8238 8239 8904
4323 2 2 7 1 8761 7427 9256
4324 2 2 7 1 8856 7597 8988
4325 2 2 7 1 1051 1052 8918
4326 2 2 7 1 1938 1944 7449
4327 2 2 7 1 8163 6877 8961
4328 2 2 7 1 7564 7584 9599
4329 2 2 7 1 8977 6937 9548
4330 2 2 7 1 7434 6925 8773
4331 2 2 7 1 3126 3132 6957
4332 2 2 7 1 8227 8690 9049
4333 2 2 7 1 8035 8157 9359
4334 2 2 7 1 9312 7234 9544
4335 2 2 7 1 8589 6951 9366
4336 2 2 7 1 975 976 8923
4337 2 2 7 1 7602 8287 9226
4338 2 2 7 1 4344 4350 7004
4339 2 2 7 1 8091 9210 9517
4340 2 2 7 1 1482 1488 9616
4341 2 2 7 1 7728 8293 8786
4342 2 2 7 1 8945 8699 9523
4343 2 2 7 1 8295 7559 9098
4344 2 2 7 1 9311 8768 9418
4345 2 2 7 1 7613 7608 9257
4346 2 2 7 1 8798 8802 9527
4347 2 2 7 1 7853 7613 9257
4348 2 2 7 1 8025 8027 8202
4349 2 2 7 1 8804 8806 9551
4350 2 2 7 1 8406 7003 9253
4351 2 2 7 1 8749 8750 8751
4352 2 2 7 1 8215 9109 9438
4353 2 2 7 1 7909 7664 8342
4354 2 2 7 1 7093 8909 9281
4355 2 2 7 1 8223 8982 9401
4356 2 2 7 1 8791 8770 8792
4357 2 2 7 1 9162 8838 9316
4358 2 2 7 1 8222 7535 8223
4359 2 2 7 1 9484 7439 9503
4360 2 2 7 1 8537 7216 8981
4361 2 2 7 1 8023 8022 8905
4362 2 2 7 1 9164 7849 9165
4363 2 2 7 1 6876 9286 9577
4364 2 2 7 1 8248 7693 9298
4365 2 2 7 1 7453 7469 9249
4366 2 2 7 1 9406 9250 9500
4367 2 2 7 1 7846 7252 8081
4368 2 2 7 1 8092 9232 9384
4369 2 2 7 1 8728 7826 8764
4370 2 2 7 1 7668 7669 7711
4371 2 2 7 1 6865 8231 9218
4372 2 2 7 1 7688 8281 9349
4373 2 2 7 1 9164 8228 9363
4374 2 2 7 1 7446 8272 9381
4375 2 2 7 1 8097 9333 9670
4376 2 2 7 1 8045 7394 9537
4377 2 2 7 1 7504 7506 8116
4378 2 2 7 1 8100 8101 9366
4379 2 2 7 1 9143 7721 9288
4380 2 2 7 1 7631 7438 9592
4381 2 2 7 1 3066 3072 7055
4382 2 2 7 1 7063 7064 7067
4383 2 2 7 1 8447 8743 9645
4384 2 2 7 1 7299 7397 9003
4385 2 2 7 1 7945 8205 8206
4386 2 2 7 1 7564 7563 7582
4387 2 2 7 1 8711 7087 8962
4388 2 2 7 1 8753 8787 8788
4389 2 2 7 1 7341 8943 9144
4390 2 2 7 1 8042 8043 8273
4391 2 2 7 1 6924 7393 7394
4392 2 2 7 1 8988 7329 9308
4393 2 2 7 1 8024 8203 8211
4394 2 2 7 1 6987 8243 9296
4395 2 2 7 1 8974 8266 9084
4396 2 2 7 1 1029 7012 8963
4397 2 2 7 1 8054 7941 9400
4398 2 2 7 1 9127 8682 9271
4399 2 2 7 1 7506 7509 7538
4400 2 2 7 1 7518 7531 7532
4401 2 2 7 1 2916 2922 8167
4402 2 2 7 1 8289 7944 9589
4403 2 2 7 1 7499 8189 9016
4404 2 2 7 1 7527 7524 8638
4405 2 2 7 1 8504 7212 9044
4406 2 2 7 1 8972 9125 9617
4407 2 2 7 1 8630 7541 9301
4408 2 2 7 1 1608 1614 7575
4409 2 2 7 1 9050 8730 9178
4410 2 2 7 1 7113 7111 7114
4411 2 2 7 1 4020 7008 7467
4412 2 2 7 1 7677 8297 8639
4413 2 2 7 1 7913 7912 9282
4414 2 2 7 1 9321 6933 9334
4415 2 2 7 1 8619 8100 9366
4416 2 2 7 1 7123 8265 9531
4417 2 2 7 1 7094 1440 7678
4418 2 2 7 1 7427 7297 9256
4419 2 2 7 1 7555 8718 9259
4420 2 2 7 1 9156 7612 9167
4421 2 2 7 1 7610 9156 9167
4422 2 2 7 1 8883 7527 9668
4423 2 2 7 1 6874 9054 9357
4424 2 2 7 1 7492 7356 7857
4425 2 2 7 1 7762 8190 8712
4426 2 2 7 1 7619 7618 7620
4427 2 2 7 1 7878 8050 9658
4428 2 2 7 1 8065 8160 9355
4429 2 2 7 1 8906 995 9056
4430 2 2 7 1 7584 7876 8907
4431 2 2 7 1 8787 8755 9071
4432 2 2 7 1 8463 8528 9091
4433 2 2 7 1 7941 7942 7943
4434 2 2 7 1 7448 7453 7455
4435 2 2 7 1 8231 6865 8232
4436 2 2 7 1 2922 2928 6983
4437 2 2 7 1 8395 8015 9101
4438 2 2 7 1 995 996 9056
4439 2 2 7 1 8130 8600 9439
4440 2 2 7 1 7847 7682 7848
4441 2 2 7 1 8893 8908 9441
4442 2 2 7 1 8743 8114 9591
4443 2 2 7 1 7241 8359 9240
4444 2 2 7 1 1218 6988 7289
4445 2 2 7 1 8205 8149 8636
4446 2 2 7 1 7544 9376 9580
4447 2 2 7 1 8643 7056 9529
4448 2 2 7 1 2898 2904 6901
4449 2 2 7 1 7245 9046 9207
4450 2 2 7 1 8245 7854 9561
4451 2 2 7 1 9324 8264 9378
4452 2 2 7 1 8973 8971 8974
4453 2 2 7 1 1033 1034 9077
4454 2 2 7 1 7720 7721 7868
4455 2 2 7 1 7381 6982 7382
4456 2 2 7 1 7505 7503 9558
4457 2 2 7 1 7621 7620 7622
4458 2 2 7 1 8729 8728 8764
4459 2 2 7 1 7885 7887 8900
4460 2 2 7 1 7547 7668 9278
4461 2 2 7 1 7850 7848 7851
4462 2 2 7 1 7553 8630 8777
4463 2 2 7 1 8823 9032 9393
4464 2 2 7 1 7752 8706 9298
4465 2 2 7 1 8207 7435 8290
4466 2 2 7 1 7997 8208 9359
4467 2 2 7 1 3612 3618 8986
4468 2 2 7 1 7064 7062 9576
4469 2 2 7 1 7957 7036 8650
4470 2 2 7 1 7533 7521 7534
4471 2 2 7 1 3702 3708 8103
4472 2 2 7 1 8879 7902 9257
4473 2 2 7 1 8068 8069 8173
4474 2 2 7 1 8410 8408 9562
4475 2 2 7 1 8281 7688 8320
4476 2 2 7 1 8040 8077 9595
4477 2 2 7 1 4332 4338 7004
4478 2 2 7 1 7507 7505 8723
4479 2 2 7 1 8101 8589 9366
4480 2 2 7 1 8682 8915 9095
4481 2 2 7 1 1060 1061 9151
4482 2 2 7 1 7423 6933 9321
4483 2 2 7 1 2568 7018 9236
4484 2 2 7 1 7995 7996 8224
4485 2 2 7 1 8408 8886 9562
4486 2 2 7 1 8789 9117 9303
4487 2 2 7 1 7852 7851 7902
4488 2 2 7 1 7546 7547 8166
4489 2 2 7 1 6984 8079 8677
4490 2 2 7 1 7713 7711 8313
4491 2 2 7 1 8246 9236 9314
4492 2 2 7 1 7756 8981 9547
4493 2 2 7 1 8034 8220 8221
4494 2 2 7 1 9053 9287 9454
4495 2 2 7 1 9267 9183 9653
4496 2 2 7 1 7584 8907 9599
4497 2 2 7 1 8845 8834 8847
4498 2 2 7 1 7924 6892 8150
4499 2 2 7 1 8747 9488 9584
4500 2 2 7 1 8309 8308 8310
4501 2 2 7 1 8734 7956 9369
4502 2 2 7 1 8849 8848 9270
4503 2 2 7 1 1073 6989 9173
4504 2 2 7 1 8181 7902 8879
4505 2 2 7 1 7623 7622 7624
4506 2 2 7 1 8336 6911 9275
4507 2 2 7 1 8148 8147 9486
4508 2 2 7 1 7486 6927 7487
4509 2 2 7 1 8223 7535 9188
4510 2 2 7 1 9105 8756 9437
4511 2 2 7 1 7466 6932 8193
4512 2 2 7 1 8239 8713 9196
4513 2 2 7 1 8654 8652 8895
4514 2 2 7 1 9125 7305 9617
4515 2 2 7 1 8925 8447 9645
4516 2 2 7 1 7597 7327 8988
4517 2 2 7 1 8202 8027 8344
4518 2 2 7 1 8204 8965 9246
4519 2 2 7 1 8059 8057 9046
4520 2 2 7 1 7442 8635 8716
4521 2 2 7 1 8809 8807 8810
4522 2 2 7 1 7121 9121 9533
4523 2 2 7 1 8650 7955 9659
4524 2 2 7 1 8875 6985 8876
4525 2 2 7 1 7601 7899 8715
4526 2 2 7 1 7946 8079 8080
4527 2 2 7 1 7470 8141 9589
4528 2 2 7 1 6989 8626 9340
4529 2 2 7 1 8758 8277 9304
4530 2 2 7 1 7993 7994 7995
4531 2 2 7 1 7895 7896 7897
4532 2 2 7 1 7674 7598 9224
4533 2 2 7 1 8699 8329 9523
4534 2 2 7 1 8048 8353 8355
4535 2 2 7 1 7686 7684 7879
4536 2 2 7 1 8011 7424 9321
4537 2 2 7 1 8000 8055 9227
4538 2 2 7 1 1452 6981 7678
4539 2 2 7 1 8862 8168 9523
4540 2 2 7 1 8548 8574 9229
4541 2 2 7 1 8359 8280 9394
4542 2 2 7 1 2472 2478 8672
4543 2 2 7 1 7532 7554 7555
4544 2 2 7 1 8113 8467 9233
4545 2 2 7 1 9488 9041 9600
4546 2 2 7 1 8252 7952 8878
4547 2 2 7 1 8424 7773 9235
4548 2 2 7 1 7938 7374 9058
4549 2 2 7 1 8964 7744 8965
4550 2 2 7 1 7869 7868 8858
4551 2 2 7 1 9324 7350 9616
4552 2 2 7 1 8730 8729 8731
4553 2 2 7 1 7190 7192 9242
4554 2 2 7 1 7576 9141 9580
4555 2 2 7 1 7715 7716 7717
4556 2 2 7 1 8022 8133 8905
4557 2 2 7 1 7298 8628 9536
4558 2 2 7 1 1248 1254 7637
4559 2 2 7 1 7625 7624 7626
4560 2 2 7 1 7485 7471 7600
4561 2 2 7 1 9339 7737 9591
4562 2 2 7 1 9403 7561 9583
4563 2 2 7 1 7570 8999 9000
4564 2 2 7 1 7648 7647 9059
4565 2 2 7 1 8717 8691 8978
4566 2 2 7 1 8486 7235 9450
4567 2 2 7 1 7701 8051 9436
4568 2 2 7 1 8748 8310 8749
4569 2 2 7 1 1053 1054 9220
4570 2 2 7 1 8333 7870 9253
4571 2 2 7 1 9416 8312 9463
4572 2 2 7 1 7497 7456 7903
4573 2 2 7 1 8138 8643 9529
4574 2 2 7 1 9002 4710 9622
4575 2 2 7 1 7380 8734 9369
4576 2 2 7 1 7049 7015 7058
4577 2 2 7 1 8695 8696 9385
4578 2 2 7 1 8579 8099 9405
4579 2 2 7 1 5892 3264 7843
4580 2 2 7 1 7376 8245 8246
4581 2 2 7 1 7991 7992 7993
4582 2 2 7 1 8989 8985 8990
4583 2 2 7 1 8099 8601 9405
4584 2 2 7 1 8636 8363 9660
4585 2 2 7 1 7940 8266 8971
4586 2 2 7 1 977 978 9243
4587 2 2 7 1 7751 8840 9508
4588 2 2 7 1 8803 8801 8804
4589 2 2 7 1 8755 8896 9072
4590 2 2 7 1 8788 9172 9445
4591 2 2 7 1 6911 8336 8990
4592 2 2 7 1 8176 8290 9481
4593 2 2 7 1 8037 9331 9385
4594 2 2 7 1 7645 7489 7646
4595 2 2 7 1 8626 8086 9340
4596 2 2 7 1 8794 8880 9038
4597 2 2 7 1 7528 8016 8852
4598 2 2 7 1 8858 7868 9522
4599 2 2 7 1 8195 7964 8196
4600 2 2 7 1 3024 3030 7846
4601 2 2 7 1 9242 7192 9312
4602 2 2 7 1 8739 7611 9505
4603 2 2 7 1 8227 8129 8291
4604 2 2 7 1 6768 6871 9338
4605 2 2 7 1 8419 7258 9279
4606 2 2 7 1 3450 6576 9115
4607 2 2 7 1 8018 8020 8257
4608 2 2 7 1 3054 3060 7055
4609 2 2 7 1 7668 7713 9278
4610 2 2 7 1 8113 9233 9327
4611 2 2 7 1 3420 6516 6889
4612 2 2 7 1 7107 7022 9357
4613 2 2 7 1 6993 6974 7241
4614 2 2 7 1 6992 7014 7318
4615 2 2 7 1 9041 9513 9640
4616 2 2 7 1 8743 7271 9645
4617 2 2 7 1 8080 8341 8900
4618 2 2 7 1 8320 6854 9411
4619 2 2 7 1 4854 4860 7939
4620 2 2 7 1 8292 8291 8728
4621 2 2 7 1 7062 7060 9477
4622 2 2 7 1 8307 8306 8308
4623 2 2 7 1 8806 8804 8807
4624 2 2 7 1 6853 8883 9421
4625 2 2 7 1 7627 7626 7629
4626 2 2 7 1 9075 8309 9528
4627 2 2 7 1 5952 3294 9555
4628 2 2 7 1 8036 8185 9376
4629 2 2 7 1 7465 6932 7466
4630 2 2 7 1 7965 7961 8295
4631 2 2 7 1 7546 7534 7547
4632 2 2 7 1 3114 3120 6957
4633 2 2 7 1 7456 9496 9650
4634 2 2 7 1 8274 7921 8865
4635 2 2 7 1 7342 8942 8943
4636 2 2 7 1 8737 7704 9183
4637 2 2 7 1 7936 8194 8249
4638 2 2 7 1 7123 7108 9440
4639 2 2 7 1 2826 5820 7360
4640 2 2 7 1 7192 7194 9312
4641 2 2 7 1 8033 8210 8261
4642 2 2 7 1 9186 9185 9495
4643 2 2 7 1 8669 8410 9562
4644 2 2 7 1 8756 8754 8884
4645 2 2 7 1 1692 7069 7243
4646 2 2 7 1 7685 8621 9604
4647 2 2 7 1 8693 8152 9647
4648 2 2 7 1 8305 8302 8306
4649 2 2 7 1 9155 6898 9166
4650 2 2 7 1 8207 6867 9461
4651 2 2 7 1 7441 6996 7442
4652 2 2 7 1 9049 7308 9051
4653 2 2 7 1 7324 9049 9051
4654 2 2 7 1 4074 4080 6879
4655 2 2 7 1 7986 8517 9319
4656 2 2 7 1 8217 9005 9006
4657 2 2 7 1 7913 8140 9638
4658 2 2 7 1 7342 8943 9138
4659 2 2 7 1 7965 8295 9098
4660 2 2 7 1 6883 9184 9185
4661 2 2 7 1 9000 8713 9002
4662 2 2 7 1 3720 3726 7128
4663 2 2 7 1 6678 3876 7436
4664 2 2 7 1 8689 7642 8952
4665 2 2 7 1 8919 7932 9337
4666 2 2 7 1 8889 8655 9563
4667 2 2 7 1 8281 8320 9411
4668 2 2 7 1 8073 8072 8357
4669 2 2 7 1 1005 1006 9326
4670 2 2 7 1 7850 8228 9005
4671 2 2 7 1 8618 8617 9281
4672 2 2 7 1 7044 3942 9338
4673 2 2 7 1 8114 8113 9327
4674 2 2 7 1 6967 6965 7908
4675 2 2 7 1 8119 8012 9332
4676 2 2 7 1 1236 1242 7637
4677 2 2 7 1 8029 8028 9335
4678 2 2 7 1 9483 7825 9569
4679 2 2 7 1 8732 8771 8922
4680 2 2 7 1 3138 6946 7690
4681 2 2 7 1 3006 3012 6928
4682 2 2 7 1 7462 7460 7464
4683 2 2 7 1 6856 9008 9261
4684 2 2 7 1 8641 8105 9299
4685 2 2 7 1 6966 6973 7095
4686 2 2 7 1 7036 7638 8650
4687 2 2 7 1 8686 8685 8687
4688 2 2 7 1 7880 7879 7881
4689 2 2 7 1 8086 8085 9340
4690 2 2 7 1 8309 8748 9528
4691 2 2 7 1 8928 8930 9225
4692 2 2 7 1 8237 8236 8238
4693 2 2 7 1 8131 7895 9610
4694 2 2 7 1 1035 1036 9317
4695 2 2 7 1 7058 8359 9621
4696 2 2 7 1 7758 8206 9658
4697 2 2 7 1 8368 8132 9347
4698 2 2 7 1 7234 8368 9347
4699 2 2 7 1 7939 7527 8883
4700 2 2 7 1 7121 8123 9121
4701 2 2 7 1 9428 8157 9530
4702 2 2 7 1 7474 7472 7475
4703 2 2 7 1 8872 7519 8873
4704 2 2 7 1 8150 6892 8348
4705 2 2 7 1 5058 6852 7670
4706 2 2 7 1 7713 8315 9278
4707 2 2 7 1 7647 7646 7652
4708 2 2 7 1 9503 7439 9521
4709 2 2 7 1 4326 4332 7051
4710 2 2 7 1 8713 8240 9001
4711 2 2 7 1 8705 8702 9639
4712 2 2 7 1 2238 7650 7921
4713 2 2 7 1 8284 8283 9490
4714 2 2 7 1 8026 8659 8763
4715 2 2 7 1 7630 7629 7920
4716 2 2 7 1 8185 8253 9518
4717 2 2 7 1 8959 7029 9124
4718 2 2 7 1 1194 1200 8193
4719 2 2 7 1 8958 8959 9124
4720 2 2 7 1 7645 7647 7648
4721 2 2 7 1 7540 7513 9301
4722 2 2 7 1 8262 7990 9428
4723 2 2 7 1 6951 8619 9366
4724 2 2 7 1 7455 7457 7458
4725 2 2 7 1 8720 1080 9462
4726 2 2 7 1 7842 7689 9636
4727 2 2 7 1 9399 7825 9653
4728 2 2 7 1 6900 9403 9583
4729 2 2 7 1 8610 8735 9339
4730 2 2 7 1 7634 7444 9381
4731 2 2 7 1 7683 7685 8657
4732 2 2 7 1 7755 7982 7983
4733 2 2 7 1 7727 8272 8293
4734 2 2 7 1 6937 8663 9548
4735 2 2 7 1 8631 7900 9443
4736 2 2 7 1 8039 8037 9385
4737 2 2 7 1 8051 8286 8691
4738 2 2 7 1 7110 7565 9440
4739 2 2 7 1 8253 8185 8254
4740 2 2 7 1 2520 2526 7675
4741 2 2 7 1 7059 7058 7060
4742 2 2 7 1 6522 3426 7291
4743 2 2 7 1 9371 8073 9372
4744 2 2 7 1 7006 3054 9662
4745 2 2 7 1 6911 8990 9265
4746 2 2 7 1 8027 8343 8344
4747 2 2 7 1 8332 7681 8738
4748 2 2 7 1 8011 8261 8262
4749 2 2 7 1 8834 8831 8835
4750 2 2 7 1 2934 2940 7746
4751 2 2 7 1 7890 7889 7891
4752 2 2 7 1 8217 9006 9468
4753 2 2 7 1 8326 8325 9380
4754 2 2 7 1 2730 5316 9007
4755 2 2 7 1 8415 7041 9382
4756 2 2 7 1 8149 8148 8268
4757 2 2 7 1 6576 3456 6890
4758 2 2 7 1 8121 8549 9383
4759 2 2 7 1 7570 9000 9622
4760 2 2 7 1 8981 9295 9547
4761 2 2 7 1 8295 7562 9403
4762 2 2 7 1 8731 8729 8732
4763 2 2 7 1 8359 9394 9621
4764 2 2 7 1 8290 7435 9404
4765 2 2 7 1 7297 7388 7390
4766 2 2 7 1 8191 7875 8717
4767 2 2 7 1 7439 7702 9397
4768 2 2 7 1 8883 8017 9421
4769 2 2 7 1 7551 7543 7553
4770 2 2 7 1 7893 7892 7894
4771 2 2 7 1 7359 8058 8065
4772 2 2 7 1 3894 6720 9276
4773 2 2 7 1 3384 6390 7304
4774 2 2 7 1 8652 7008 9664
4775 2 2 7 1 7892 7891 8048
4776 2 2 7 1 6960 8185 9518
4777 2 2 7 1 7374 7373 9058
4778 2 2 7 1 3606 2292 8348
4779 2 2 7 1 8129 8130 8291
4780 2 2 7 1 7118 7492 7959
4781 2 2 7 1 7320 8928 9014
4782 2 2 7 1 6961 8909 9494
4783 2 2 7 1 7888 7886 7889
4784 2 2 7 1 7542 7544 9580
4785 2 2 7 1 7335 7334 8037
4786 2 2 7 1 7543 7541 8630
4787 2 2 7 1 8836 8835 8837
4788 2 2 7 1 4776 7529 7568
4789 2 2 7 1 7720 7868 7869
4790 2 2 7 1 8037 7334 9331
4791 2 2 7 1 9062 8191 9284
4792 2 2 7 1 7386 8159 9419
4793 2 2 7 1 2352 7037 8341
4794 2 2 7 1 7757 9475 9509
4795 2 2 7 1 3258 5892 8961
4796 2 2 7 1 2562 9236 9572
4797 2 2 7 1 4314 4320 7051
4798 2 2 7 1 8665 6963 8666
4799 2 2 7 1 7305 9136 9617
4800 2 2 7 1 8094 7366 9351
4801 2 2 7 1 7489 7487 8917
4802 2 2 7 1 8601 8409 9405
4803 2 2 7 1 6408 3390 6898
4804 2 2 7 1 8345 8111 8615
4805 2 2 7 1 7830 8825 9588
4806 2 2 7 1 7719 7718 7720
4807 2 2 7 1 8794 8793 8795
4808 2 2 7 1 8108 8110 8343
4809 2 2 7 1 2766 5556 8960
4810 2 2 7 1 7023 8974 9086
4811 2 2 7 1 8278 8140 9502
4812 2 2 7 1 7363 8243 8727
4813 2 2 7 1 8298 7323 9230
4814 2 2 7 1 3288 5946 6919
4815 2 2 7 1 8170 7393 9446
4816 2 2 7 1 6078 3330 8824
4817 2 2 7 1 8903 8698 9263
4818 2 2 7 1 8628 7298 8629
4819 2 2 7 1 7615 7613 7853
4820 2 2 7 1 979 980 9389
4821 2 2 7 1 8774 6925 9276
4822 2 2 7 1 5820 2832 9089
4823 2 2 7 1 8908 8847 9390
4824 2 2 7 1 6288 3366 6886
4825 2 2 7 1 7528 8852 9248
4826 2 2 7 1 8246 8245 9236
4827 2 2 7 1 7437 6867 8207
4828 2 2 7 1 8796 8795 8797
4829 2 2 7 1 5730 2796 9074
4830 2 2 7 1 3348 6180 8910
4831 2 2 7 1 3324 6060 8843
4832 2 2 7 1 7367 7366 8094
4833 2 2 7 1 7696 8064 8349
4834 2 2 7 1 7737 8594 9591
4835 2 2 7 1 7063 7062 7064
4836 2 2 7 1 8773 6925 8774
4837 2 2 7 1 5490 2760 6918
4838 2 2 7 1 9231 7903 9232
4839 2 2 7 1 8801 8800 9223
4840 2 2 7 1 7061 7060 7062
4841 2 2 7 1 7859 8753 9465
4842 2 2 7 1 6516 6522 8953
4843 2 2 7 1 4440 6870 8785
4844 2 2 7 1 8564 8477 9426
4845 2 2 7 1 7499 7918 8189
4846 2 2 7 1 7736 1023 9473
4847 2 2 7 1 1057 7956 9472
4848 2 2 7 1 1000 7737 9471
4849 2 2 7 1 7482 8864 9252
4850 2 2 7 1 7608 7606 7611
4851 2 2 7 1 7655 7658 7688
4852 2 2 7 1 9064 6909 9208
4853 2 2 7 1 7839 7761 9599
4854 2 2 7 1 8950 7691 9520
4855 2 2 7 1 7924 8151 8152
4856 2 2 7 1 9063 6909 9064
4857 2 2 7 1 8417 7257 9435
4858 2 2 7 1 3360 6258 8993
4859 2 2 7 1 7940 8158 9586
4860 2 2 7 1 7562 7561 9403
4861 2 2 7 1 5334 2736 8912
4862 2 2 7 1 8798 8797 8800
4863 2 2 7 1 7106 7022 7107
4864 2 2 7 1 8741 8742 9396
4865 2 2 7 1 8874 9412 9667
4866 2 2 7 1 6534 3432 8985
4867 2 2 7 1 3402 6462 9097
4868 2 2 7 1 3456 6582 8911
4869 2 2 7 1 9012 6898 9155
4870 2 2 7 1 2772 5604 8926
4871 2 2 7 1 8891 8084 9325
4872 2 2 7 1 8002 7946 9373
4873 2 2 7 1 7655 7688 9349
4874 2 2 7 1 6354 3378 9043
4875 2 2 7 1 8732 8764 8765
4876 2 2 7 1 7101 9151 9609
4877 2 2 7 1 6210 3354 6885
4878 2 2 7 1 2754 5448 8966
4879 2 2 7 1 3372 6330 6902
4880 2 2 7 1 8010 7424 8011
4881 2 2 7 1 9416 7942 9422
4882 2 2 7 1 8909 8711 9282
4883 2 2 7 1 8691 8286 9156
4884 2 2 7 1 7603 7374 7938
4885 2 2 7 1 7933 7935 7937
4886 2 2 7 1 8383 8381 9457
4887 2 2 7 1 7001 7556 7557
4888 2 2 7 1 3336 6114 8920
4889 2 2 7 1 7653 7652 7654
4890 2 2 7 1 7560 7960 9550
4891 2 2 7 1 7559 8665 9098
4892 2 2 7 1 8077 8637 9595
4893 2 2 7 1 8968 6864 9024
4894 2 2 7 1 7322 8939 9539
4895 2 2 7 1 5598 2772 7320
4896 2 2 7 1 8301 8299 8304
4897 2 2 7 1 8810 8811 8812
4898 2 2 7 1 8166 7547 9278
4899 2 2 7 1 6994 4272 7007
4900 2 2 7 1 7601 7898 7899
4901 2 2 7 1 8334 6990 8335
4902 2 2 7 1 6138 3342 7313
4903 2 2 7 1 7669 9246 9356
4904 2 2 7 1 7688 7723 8320
4905 2 2 7 1 7487 6927 8628
4906 2 2 7 1 7632 7634 9381
4907 2 2 7 1 6390 6396 9010
4908 2 2 7 1 6402 6408 9013
4909 2 2 7 1 6474 3408 9076
4910 2 2 7 1 6396 6402 7302
4911 2 2 7 1 6991 7374 7602
4912 2 2 7 1 8183 8955 9142
4913 2 2 7 1 7643 8724 8903
4914 2 2 7 1 8272 7632 9381
4915 2 2 7 1 6941 8329 9344
4916 2 2 7 1 7386 7387 8159
4917 2 2 7 1 8318 8134 9410
4918 2 2 7 1 5316 5322 9017
4919 2 2 7 1 5328 5334 9018
4920 2 2 7 1 8995 7306 9025
4921 2 2 7 1 8075 7243 9533
4922 2 2 7 1 5322 5328 7020
4923 2 2 7 1 8676 7736 9490
4924 2 2 7 1 1037 1038 9444
4925 2 2 7 1 8016 8018 8852
4926 2 2 7 1 8292 8730 9615
4927 2 2 7 1 7564 7583 7584
4928 2 2 7 1 8312 7577 9576
4929 2 2 7 1 4578 4584 8996
4930 2 2 7 1 6006 3312 9122
4931 2 2 7 1 9109 9108 9438
4932 2 2 7 1 5472 5478 9019
4933 2 2 7 1 5484 5490 9022
4934 2 2 7 1 5466 5472 7317
4935 2 2 7 1 5478 5484 7309
4936 2 2 7 1 5460 5466 9023
4937 2 2 7 1 5448 5454 6864
4938 2 2 7 1 5454 5460 9024
4939 2 2 7 1 7840 7689 7842
4940 2 2 7 1 7379 7035 7932
4941 2 2 7 1 1064 1065 9493
4942 2 2 7 1 7442 7755 8635
4943 2 2 7 1 8129 8127 8130
4944 2 2 7 1 7720 7869 8992
4945 2 2 7 1 8112 8345 9515
4946 2 2 7 1 8090 7463 8342
4947 2 2 7 1 8769 8791 9133
4948 2 2 7 1 6282 6288 9026
4949 2 2 7 1 6258 6264 7306
4950 2 2 7 1 7060 9476 9477
4951 2 2 7 1 6276 6282 7303
4952 2 2 7 1 6264 6270 9025
4953 2 2 7 1 6270 6276 9027
4954 2 2 7 1 7023 8973 8974
4955 2 2 7 1 9074 6876 9577
4956 2 2 7 1 7115 7114 7117
4957 2 2 7 1 3822 6630 8673
4958 2 2 7 1 8955 7291 9142
4959 2 2 7 1 3306 5994 8819
4960 2 2 7 1 5592 5598 9014
4961 2 2 7 1 5580 5586 7319
4962 2 2 7 1 5586 5592 9028
4963 2 2 7 1 5574 5580 9029
4964 2 2 7 1 5568 5574 6912
4965 2 2 7 1 5556 5562 7321
4966 2 2 7 1 5562 5568 9030
4967 2 2 7 1 6072 6078 9031
4968 2 2 7 1 6060 6066 9033
4969 2 2 7 1 6066 6072 8808
4970 2 2 7 1 6204 6210 9037
4971 2 2 7 1 6180 6186 7312
4972 2 2 7 1 6198 6204 7311
4973 2 2 7 1 6186 6192 9034
4974 2 2 7 1 6192 6198 9040
4975 2 2 7 1 2790 5712 6942
4976 2 2 7 1 9410 8134 9415
4977 2 2 7 1 8138 8449 9506
4978 2 2 7 1 8081 8082 9500
4979 2 2 7 1 8335 6990 9313
4980 2 2 7 1 8464 8120 9507
4981 2 2 7 1 3708 3714 7128
4982 2 2 7 1 8663 8664 9548
4983 2 2 7 1 7394 7393 8170
4984 2 2 7 1 8117 7822 8775
4985 2 2 7 1 7469 7581 9249
4986 2 2 7 1 7110 7112 7565
4987 2 2 7 1 6894 7384 8298
4988 2 2 7 1 8259 7372 8260
4989 2 2 7 1 7685 7837 8621
4990 2 2 7 1 7893 8655 8726
4991 2 2 7 1 8180 8334 8336
4992 2 2 7 1 8865 7921 9648
4993 2 2 7 1 8479 8480 9609
4994 2 2 7 1 7868 7721 9152
4995 2 2 7 1 2412 5142 9140
4996 2 2 7 1 7722 8204 9246
4997 2 2 7 1 9281 8909 9282
4998 2 2 7 1 8136 8138 9529
4999 2 2 7 1 7075 8031 8975
5000 2 2 7 1 8652 6875 8895
5001 2 2 7 1 7932 7035 9337
5002 2 2 7 1 3342 6144 8957
5003 2 2 7 1 7757 8822 9475
5004 2 2 7 1 7363 7362 8243
5005 2 2 7 1 6348 6354 7324
5006 2 2 7 1 6330 6336 9047
5007 2 2 7 1 6342 6348 9051
5008 2 2 7 1 6336 6342 7308
5009 2 2 7 1 8886 8242 9562
5010 2 2 7 1 8792 8770 8793
5011 2 2 7 1 7658 7657 8162
5012 2 2 7 1 6941 2874 8328
5013 2 2 7 1 1542 1548 6874
5014 2 2 7 1 3960 3966 7314
5015 2 2 7 1 7438 9073 9592
5016 2 2 7 1 8186 7842 8187
5017 2 2 7 1 8629 7298 9305
5018 2 2 7 1 6991 7602 9226
5019 2 2 7 1 7339 7338 8231
5020 2 2 7 1 8154 7917 9374
5021 2 2 7 1 7963 7961 7965
5022 2 2 7 1 8251 8914 9127
5023 2 2 7 1 7642 7641 8898
5024 2 2 7 1 8242 8669 9562
5025 2 2 7 1 5142 2418 9117
5026 2 2 7 1 7664 7665 7666
5027 2 2 7 1 3204 3210 9004
5028 2 2 7 1 8283 8676 9490
5029 2 2 7 1 4668 4674 8311
5030 2 2 7 1 5712 5718 9045
5031 2 2 7 1 8651 8054 9400
5032 2 2 7 1 6462 6468 7605
5033 2 2 7 1 6468 6474 9060
5034 2 2 7 1 2718 5274 8919
5035 2 2 7 1 5640 2778 9070
5036 2 2 7 1 7537 7508 8222
5037 2 2 7 1 7653 7661 9059
5038 2 2 7 1 8328 7045 8862
5039 2 2 7 1 9232 8092 9308
5040 2 2 7 1 7565 7112 7566
5041 2 2 7 1 6132 6138 9065
5042 2 2 7 1 6114 6120 7330
5043 2 2 7 1 6126 6132 6884
5044 2 2 7 1 6120 6126 9068
5045 2 2 7 1 5724 5730 7296
5046 2 2 7 1 5718 5724 9069
5047 2 2 7 1 7364 7365 8169
5048 2 2 7 1 8233 7965 8234
5049 2 2 7 1 2748 5406 9055
5050 2 2 7 1 8778 8777 8780
5051 2 2 7 1 7961 7562 8295
5052 2 2 7 1 7335 8038 8040
5053 2 2 7 1 6720 3900 9146
5054 2 2 7 1 967 7922 9462
5055 2 2 7 1 8109 8107 8135
5056 2 2 7 1 5214 2694 6916
5057 2 2 7 1 7665 7662 7727
5058 2 2 7 1 8698 8697 9447
5059 2 2 7 1 8900 7037 9407
5060 2 2 7 1 7560 7561 7562
5061 2 2 7 1 8931 8932 8933
5062 2 2 7 1 8041 7881 8042
5063 2 2 7 1 8243 7362 9296
5064 2 2 7 1 4434 4440 8785
5065 2 2 7 1 5442 2754 9082
5066 2 2 7 1 5364 2742 9078
5067 2 2 7 1 5064 6964 8644
5068 2 2 7 1 9112 7979 9342
5069 2 2 7 1 8040 8076 8077
5070 2 2 7 1 3036 3042 7006
5071 2 2 7 1 8071 9143 9288
5072 2 2 7 1 6949 7367 8220
5073 2 2 7 1 6726 3906 9079
5074 2 2 7 1 8145 7473 8866
5075 2 2 7 1 981 982 9525
5076 2 2 7 1 7359 6952 8057
5077 2 2 7 1 5430 5436 9086
5078 2 2 7 1 5412 5418 9087
5079 2 2 7 1 5424 5430 7332
5080 2 2 7 1 5418 5424 9083
5081 2 2 7 1 8896 8756 9105
5082 2 2 7 1 5436 5442 7023
5083 2 2 7 1 5406 5412 6907
5084 2 2 7 1 7038 7424 8009
5085 2 2 7 1 1350 7053 8707
5086 2 2 7 1 2736 5340 6917
5087 2 2 7 1 9203 8826 9222
5088 2 2 7 1 9042 8163 9608
5089 2 2 7 1 8180 8336 9275
5090 2 2 7 1 7365 6899 8603
5091 2 2 7 1 6894 8298 9230
5092 2 2 7 1 1986 1992 7440
5093 2 2 7 1 8931 7319 9225
5094 2 2 7 1 5994 6000 9092
5095 2 2 7 1 6000 6006 8820
5096 2 2 7 1 7271 8595 9645
5097 2 2 7 1 5358 5364 7024
5098 2 2 7 1 5346 5352 7333
5099 2 2 7 1 5352 5358 9094
5100 2 2 7 1 5340 5346 9093
5101 2 2 7 1 9464 8624 9492
5102 2 2 7 1 8928 8929 8930
5103 2 2 7 1 5148 2424 9099
5104 2 2 7 1 7656 7654 7752
5105 2 2 7 1 9363 9036 9466
5106 2 2 7 1 5400 2748 9107
5107 2 2 7 1 8162 7657 9116
5108 2 2 7 1 5250 2712 9174
5109 2 2 7 1 8716 6958 9559
5110 2 2 7 1 5628 5634 9106
5111 2 2 7 1 5610 5616 6858
5112 2 2 7 1 5616 5622 9104
5113 2 2 7 1 5622 5628 7336
5114 2 2 7 1 5634 5640 7307
5115 2 2 7 1 5604 5610 9103
5116 2 2 7 1 7822 6869 9433
5117 2 2 7 1 6924 7394 8044
5118 2 2 7 1 9430 8007 9654
5119 2 2 7 1 8666 6963 9147
5120 2 2 7 1 8942 7342 9137
5121 2 2 7 1 6863 8942 9137
5122 2 2 7 1 2742 5370 9108
5123 2 2 7 1 7666 8102 8772
5124 2 2 7 1 2304 2310 7343
5125 2 2 7 1 4572 4578 6868
5126 2 2 7 1 7387 6934 7979
5127 2 2 7 1 3870 6678 9180
5128 2 2 7 1 8222 7508 9277
5129 2 2 7 1 7661 7693 7759
5130 2 2 7 1 8231 7338 9218
5131 2 2 7 1 7959 7492 9088
5132 2 2 7 1 1536 1542 7021
5133 2 2 7 1 5394 5400 7019
5134 2 2 7 1 5370 5376 6862
5135 2 2 7 1 5388 5394 9111
5136 2 2 7 1 5376 5382 9110
5137 2 2 7 1 5382 5388 7337
5138 2 2 7 1 7934 7932 9219
5139 2 2 7 1 9244 8672 9273
5140 2 2 7 1 7536 7537 8775
5141 2 2 7 1 8164 7693 8248
5142 2 2 7 1 2190 7651 7659
5143 2 2 7 1 6891 7541 7542
5144 2 2 7 1 8867 8809 9215
5145 2 2 7 1 8855 8646 9627
5146 2 2 7 1 8068 8067 8069
5147 2 2 7 1 8139 8710 9458
5148 2 2 7 1 7585 7912 7913
5149 2 2 7 1 8877 8876 9499
5150 2 2 7 1 6853 7939 8883
5151 2 2 7 1 8738 7518 9613
5152 2 2 7 1 1039 1040 9587
5153 2 2 7 1 8091 8944 9210
5154 2 2 7 1 6984 8078 8079
5155 2 2 7 1 8049 9312 9544
5156 2 2 7 1 4158 6913 7671
5157 2 2 7 1 8683 8687 8956
5158 2 2 7 1 2706 5244 9218
5159 2 2 7 1 7653 7656 7661
5160 2 2 7 1 7527 8659 9668
5161 2 2 7 1 7922 8720 9462
5162 2 2 7 1 8946 7716 9368
5163 2 2 7 1 6908 7363 8660
5164 2 2 7 1 6582 3462 9163
5165 2 2 7 1 982 983 9601
5166 2 2 7 1 7904 7903 9231
5167 2 2 7 1 7710 9217 9526
5168 2 2 7 1 8762 8648 8977
5169 2 2 7 1 4866 4872 7526
5170 2 2 7 1 8595 8925 9645
5171 2 2 7 1 3252 5886 9116
5172 2 2 7 1 2784 5682 6866
5173 2 2 7 1 5706 2790 8958
5174 2 2 7 1 7436 7437 8175
5175 2 2 7 1 5286 2724 9153
5176 2 2 7 1 2082 2088 6938
5177 2 2 7 1 2778 5646 6923
5178 2 2 7 1 7364 8169 9169
5179 2 2 7 1 8123 7492 8124
5180 2 2 7 1 2760 5496 9125
5181 2 2 7 1 7125 7427 7428
5182 2 2 7 1 5682 5688 9120
5183 2 2 7 1 8657 7685 9604
5184 2 2 7 1 7550 6869 7822
5185 2 2 7 1 8057 6952 9207
5186 2 2 7 1 5694 5700 7029
5187 2 2 7 1 5700 5706 9124
5188 2 2 7 1 5688 5694 9123
5189 2 2 7 1 6949 8220 9234
5190 2 2 7 1 8179 8334 9614
5191 2 2 7 1 8009 8035 9377
5192 2 2 7 1 8160 8721 9355
5193 2 2 7 1 5550 2766 7322
5194 2 2 7 1 6252 3360 6910
5195 2 2 7 1 3354 6216 9126
5196 2 2 7 1 7560 7562 7960
5197 2 2 7 1 7668 7711 7713
5198 2 2 7 1 6939 7735 8172
5199 2 2 7 1 5646 5652 9128
5200 2 2 7 1 7499 7016 7917
5201 2 2 7 1 3282 5934 8703
5202 2 2 7 1 5664 5670 7028
5203 2 2 7 1 5652 5658 7340
5204 2 2 7 1 7463 7909 8342
5205 2 2 7 1 6240 6246 7832
5206 2 2 7 1 6222 6228 9135
5207 2 2 7 1 5658 5664 9129
5208 2 2 7 1 6234 6240 9130
5209 2 2 7 1 6228 6234 7831
5210 2 2 7 1 6246 6252 9134
5211 2 2 7 1 6216 6222 7833
5212 2 2 7 1 8093 7999 9397
5213 2 2 7 1 8603 6899 9375
5214 2 2 7 1 7057 8688 9655
5215 2 2 7 1 5502 5508 9136
5216 2 2 7 1 5532 5538 6863
5217 2 2 7 1 5526 5532 9137
5218 2 2 7 1 5508 5514 7341
5219 2 2 7 1 5520 5526 7342
5220 2 2 7 1 5496 5502 7305
5221 2 2 7 1 5514 5520 9138
5222 2 2 7 1 7905 7734 7957
5223 2 2 7 1 8044 8046 9454
5224 2 2 7 1 6432 3396 9171
5225 2 2 7 1 3426 6528 9142
5226 2 2 7 1 4674 4680 9148
5227 2 2 7 1 8225 8342 9666
5228 2 2 7 1 6528 6534 8183
5229 2 2 7 1 9525 982 9601
5230 2 2 7 1 5946 5952 9441
5231 2 2 7 1 8196 8197 8198
5232 2 2 7 1 7320 8927 8928
5233 2 2 7 1 8083 7451 8084
5234 2 2 7 1 7461 8092 9384
5235 2 2 7 1 7524 4902 7729
5236 2 2 7 1 7979 6934 9342
5237 2 2 7 1 6900 7559 9403
5238 2 2 7 1 2688 5214 8902
5239 2 2 7 1 7950 7943 7951
5240 2 2 7 1 8187 8705 9639
5241 2 2 7 1 9121 8075 9533
5242 2 2 7 1 8682 8053 9271
5243 2 2 7 1 2148 2154 9168
5244 2 2 7 1 7826 8728 9623
5245 2 2 7 1 1614 1620 7065
5246 2 2 7 1 5772 2808 9230
5247 2 2 7 1 9053 8354 9303
5248 2 2 7 1 5802 2820 7364
5249 2 2 7 1 6960 8184 8185
5250 2 2 7 1 8340 8023 8904
5251 2 2 7 1 8770 8767 8853
5252 2 2 7 1 8682 8913 8915
5253 2 2 7 1 8600 7619 9439
5254 2 2 7 1 7458 7459 7460
5255 2 2 7 1 5280 5286 9150
5256 2 2 7 1 5274 5280 6921
5257 2 2 7 1 2814 5796 6986
5258 2 2 7 1 4686 4692 9102
5259 2 2 7 1 7436 8175 9180
5260 2 2 7 1 7920 7629 8132
5261 2 2 7 1 2946 2952 6904
5262 2 2 7 1 8809 8850 9215
5263 2 2 7 1 9149 7676 9634
5264 2 2 7 1 3318 6036 9202
5265 2 2 7 1 7960 7962 9488
5266 2 2 7 1 4566 4572 8982
5267 2 2 7 1 8967 6864 8968
5268 2 2 7 1 7841 9160 9161
5269 2 2 7 1 8213 7979 9328
5270 2 2 7 1 8051 8691 8717
5271 2 2 7 1 1572 1578 8885
5272 2 2 7 1 5244 5250 6865
5273 2 2 7 1 7360 8603 9375
5274 2 2 7 1 7946 8080 9373
5275 2 2 7 1 6891 7542 9221
5276 2 2 7 1 8827 8818 8828
5277 2 2 7 1 3810 3816 9207
5278 2 2 7 1 6993 7241 9240
5279 2 2 7 1 8994 7306 8995
5280 2 2 7 1 6953 1338 8707
5281 2 2 7 1 7441 8716 9559
5282 2 2 7 1 2802 5760 6972
5283 2 2 7 1 7051 7601 7762
5284 2 2 7 1 7981 7754 9244
5285 2 2 7 1 8156 8279 8280
5286 2 2 7 1 7477 2610 8684
5287 2 2 7 1 7235 8980 9450
5288 2 2 7 1 7066 8657 8885
5289 2 2 7 1 3390 6414 9166
5290 2 2 7 1 8874 9004 9412
5291 2 2 7 1 7917 7016 9350
5292 2 2 7 1 8710 8708 9458
5293 2 2 7 1 8779 7538 9297
5294 2 2 7 1 6426 6432 7610
5295 2 2 7 1 6414 6420 7612
5296 2 2 7 1 6420 6426 9167
5297 2 2 7 1 8116 7538 9181
5298 2 2 7 1 6999 7339 8871
5299 2 2 7 1 8977 8648 9474
5300 2 2 7 1 8829 8828 8830
5301 2 2 7 1 7942 9416 9463
5302 2 2 7 1 7514 7510 9388
5303 2 2 7 1 8845 8892 9330
5304 2 2 7 1 5940 3288 8921
5305 2 2 7 1 7461 7999 8092
5306 2 2 7 1 5934 5940 9170
5307 2 2 7 1 7899 7898 7900
5308 2 2 7 1 6922 7564 7761
5309 2 2 7 1 8265 7123 8278
5310 2 2 7 1 3366 6294 9175
5311 2 2 7 1 7600 7471 8144
5312 2 2 7 1 6492 3414 9226
5313 2 2 7 1 6324 3372 9176
5314 2 2 7 1 3900 6726 7030
5315 2 2 7 1 8262 9428 9530
5316 2 2 7 1 6318 6324 7828
5317 2 2 7 1 6294 6300 7829
5318 2 2 7 1 6312 6318 9177
5319 2 2 7 1 6300 6306 9179
5320 2 2 7 1 6306 6312 7827
5321 2 2 7 1 8902 7917 9350
5322 2 2 7 1 8286 9155 9156
5323 2 2 7 1 3048 3054 7006
5324 2 2 7 1 6174 3348 9187
5325 2 2 7 1 6054 3324 9184
5326 2 2 7 1 9141 9221 9580
5327 2 2 7 1 8159 9255 9578
5328 2 2 7 1 8084 7451 9325
5329 2 2 7 1 6936 7659 7660
5330 2 2 7 1 6048 6054 6883
5331 2 2 7 1 6036 6042 8832
5332 2 2 7 1 6042 6048 9189
5333 2 2 7 1 6168 6174 6905
5334 2 2 7 1 6144 6150 9194
5335 2 2 7 1 6162 6168 9190
5336 2 2 7 1 6150 6156 8799
5337 2 2 7 1 8653 8652 8654
5338 2 2 7 1 6156 6162 9193
5339 2 2 7 1 7001 7557 7885
5340 2 2 7 1 8683 7981 9519
5341 2 2 7 1 7443 2046 9427
5342 2 2 7 1 8202 8344 9516
5343 2 2 7 1 1434 7094 8897
5344 2 2 7 1 8163 9042 9636
5345 2 2 7 1 7442 6996 7754
5346 2 2 7 1 6588 3468 9501
5347 2 2 7 1 7719 7720 8992
5348 2 2 7 1 8831 8830 8839
5349 2 2 7 1 7666 8772 9666
5350 2 2 7 1 8998 6857 9352
5351 2 2 7 1 8827 8849 8882
5352 2 2 7 1 4878 4884 7526
5353 2 2 7 1 7517 7519 7520
5354 2 2 7 1 4680 4686 6859
5355 2 2 7 1 3300 5976 6882
5356 2 2 7 1 7390 7456 7497
5357 2 2 7 1 3510 3516 9221
5358 2 2 7 1 8841 8908 9390
5359 2 2 7 1 3378 6360 8351
5360 2 2 7 1 7586 8785 9217
5361 2 2 7 1 6384 3384 9197
5362 2 2 7 1 5886 3258 6877
5363 2 2 7 1 8217 7847 9005
5364 2 2 7 1 4560 4566 9188
5365 2 2 7 1 6955 1422 8897
5366 2 2 7 1 8096 8094 8097
5367 2 2 7 1 6378 6384 8625
5368 2 2 7 1 6360 6366 9198
5369 2 2 7 1 6372 6378 9201
5370 2 2 7 1 6366 6372 6887
5371 2 2 7 1 3276 5922 9157
5372 2 2 7 1 9152 8975 9522
5373 2 2 7 1 7584 7585 7876
5374 2 2 7 1 3966 3972 9234
5375 2 2 7 1 9334 6933 9460
5376 2 2 7 1 7469 7470 7573
5377 2 2 7 1 6977 7092 7093
5378 2 2 7 1 8038 8037 8039
5379 2 2 7 1 7952 7951 7953
5380 2 2 7 1 8189 8948 9016
5381 2 2 7 1 5766 5772 7323
5382 2 2 7 1 5760 5766 9204
5383 2 2 7 1 8204 8964 8965
5384 2 2 7 1 7390 7677 9256
5385 2 2 7 1 3408 6480 6909
5386 2 2 7 1 8688 6931 9655
5387 2 2 7 1 7381 7382 9314
5388 2 2 7 1 2418 5148 6915
5389 2 2 7 1 6480 6486 9208
5390 2 2 7 1 6486 6492 8287
5391 2 2 7 1 8035 9359 9398
5392 2 2 7 1 9046 8057 9207
5393 2 2 7 1 9261 7357 9268
5394 2 2 7 1 7841 9161 9425
5395 2 2 7 1 7461 7459 7998
5396 2 2 7 1 7960 7961 7962
5397 2 2 7 1 2406 5136 9112
5398 2 2 7 1 3594 3600 6892
5399 2 2 7 1 6108 3336 9211
5400 2 2 7 1 3330 6084 9212
5401 2 2 7 1 8628 8629 8917
5402 2 2 7 1 8052 7701 8126
5403 2 2 7 1 8358 8219 9632
5404 2 2 7 1 7034 9320 9468
5405 2 2 7 1 7899 7901 9624
5406 2 2 7 1 2658 2664 7096
5407 2 2 7 1 7108 7110 9440
5408 2 2 7 1 6102 6108 8805
5409 2 2 7 1 6084 6090 6903
5410 2 2 7 1 6096 6102 9214
5411 2 2 7 1 6090 6096 9216
5412 2 2 7 1 7888 8641 9299
5413 2 2 7 1 9133 7832 9134
5414 2 2 7 1 7895 7894 7896
5415 2 2 7 1 6910 9133 9134
5416 2 2 7 1 7579 6931 7580
5417 2 2 7 1 8730 9050 9615
5418 2 2 7 1 7523 7549 8638
5419 2 2 7 1 8708 7580 8709
5420 2 2 7 1 8321 8877 9499
5421 2 2 7 1 6786 6935 8781
5422 2 2 7 1 5796 5802 9169
5423 2 2 7 1 7000 7478 9574
5424 2 2 7 1 9049 7324 9386
5425 2 2 7 1 7919 8002 8105
5426 2 2 7 1 7705 7428 7706
5427 2 2 7 1 9081 8035 9398
5428 2 2 7 1 8874 8142 9510
5429 2 2 7 1 7525 7672 9293
5430 2 2 7 1 2958 2964 6904
5431 2 2 7 1 9355 6893 9564
5432 2 2 7 1 7962 7963 7964
5433 2 2 7 1 9232 7903 9346
5434 2 2 7 1 7032 8106 8889
5435 2 2 7 1 8144 7471 9168
5436 2 2 7 1 9332 7380 9369
5437 2 2 7 1 7958 8049 9544
5438 2 2 7 1 6672 3870 6987
5439 2 2 7 1 8754 7859 9341
5440 2 2 7 1 8802 9195 9527
5441 2 2 7 1 8981 7216 9295
5442 2 2 7 1 7428 7427 8761
5443 2 2 7 1 7747 7708 7748
5444 2 2 7 1 8984 8135 8986
5445 2 2 7 1 7518 7516 7531
5446 2 2 7 1 8901 8997 9352
5447 2 2 7 1 8615 8173 9395
5448 2 2 7 1 7691 8950 9254
5449 2 2 7 1 8157 9428 9482
5450 2 2 7 1 7028 5670 9545
5451 2 2 7 1 8146 8153 9540
5452 2 2 7 1 8344 8112 9515
5453 2 2 7 1 1230 1236 6988
5454 2 2 7 1 8165 9061 9063
5455 2 2 7 1 7688 7689 7723
5456 2 2 7 1 5988 3306 9237
5457 2 2 7 1 8866 7660 9486
5458 2 2 7 1 8298 8299 8300
5459 2 2 7 1 5982 5988 8821
5460 2 2 7 1 5976 5982 9241
5461 2 2 7 1 9161 7843 9425
5462 2 2 7 1 8009 8010 8035
5463 2 2 7 1 7900 7898 9443
5464 2 2 7 1 8044 8045 8046
5465 2 2 7 1 7987 7822 8117
5466 2 2 7 1 7933 7932 7934
5467 2 2 7 1 8733 7736 9473
5468 2 2 7 1 7956 8734 9472
5469 2 2 7 1 7737 8735 9471
5470 2 2 7 1 7835 7750 8271
5471 2 2 7 1 6881 9158 9315
5472 2 2 7 1 3864 6672 9296
5473 2 2 7 1 3774 6893 8721
5474 2 2 7 1 8789 8213 9328
5475 2 2 7 1 6871 6774 8032
5476 2 2 7 1 8127 8126 8600
5477 2 2 7 1 7044 9334 9460
5478 2 2 7 1 8300 8301 8302
5479 2 2 7 1 7124 7117 7297
5480 2 2 7 1 7602 7603 7604
5481 2 2 7 1 8956 7095 9362
5482 2 2 7 1 8046 8047 8353
5483 2 2 7 1 7001 7885 8719
5484 2 2 7 1 1626 1632 7065
5485 2 2 7 1 7555 7915 8718
5486 2 2 7 1 9260 7357 9261
5487 2 2 7 1 8767 8768 8853
5488 2 2 7 1 8972 8970 9021
5489 2 2 7 1 6546 3438 9275
5490 2 2 7 1 7935 7934 7936
5491 2 2 7 1 8937 8936 9598
5492 2 2 7 1 6875 8652 9664
5493 2 2 7 1 7085 2340 8341
5494 2 2 7 1 3804 3810 6952
5495 2 2 7 1 7717 7719 8115
5496 2 2 7 1 8212 7979 8213
5497 2 2 7 1 8063 7695 9603
5498 2 2 7 1 7898 6945 9443
5499 2 2 7 1 7604 7606 7607
5500 2 2 7 1 8170 8635 9537
5501 2 2 7 1 8772 8225 9666
5502 2 2 7 1 7441 7442 8716
5503 2 2 7 1 7941 7874 7942
5504 2 2 7 1 8756 8884 9597
5505 2 2 7 1 2910 2916 6901
5506 2 2 7 1 7918 7917 8154
5507 2 2 7 1 7125 7124 7427
5508 2 2 7 1 9131 8792 9132
5509 2 2 7 1 2076 2082 8891
5510 2 2 7 1 1024 8733 9473
5511 2 2 7 1 8735 999 9471
5512 2 2 7 1 8734 1056 9472
5513 2 2 7 1 3198 3204 6896
5514 2 2 7 1 5136 2412 7027
5515 2 2 7 1 7607 7608 7609
5516 2 2 7 1 8104 7464 9346
5517 2 2 7 1 8980 7915 9450
5518 2 2 7 1 7108 7107 7109
5519 2 2 7 1 6732 3912 6880
5520 2 2 7 1 7486 7487 7488
5521 2 2 7 1 9062 8192 9097
5522 2 2 7 1 9354 9355 9564
5523 2 2 7 1 7717 7718 7719
5524 2 2 7 1 2478 2484 9273
5525 2 2 7 1 8747 7960 9488
5526 2 2 7 1 7102 1086 8644
5527 2 2 7 1 4554 4560 7535
5528 2 2 7 1 8062 8061 8072
5529 2 2 7 1 7609 7613 7614
5530 2 2 7 1 2622 6929 8684
5531 2 2 7 1 7573 7574 7758
5532 2 2 7 1 1974 1980 7440
5533 2 2 7 1 9301 8693 9647
5534 2 2 7 1 7234 9347 9544
5535 2 2 7 1 8345 8615 9395
5536 2 2 7 1 8749 8310 8750
5537 2 2 7 1 7885 7886 7887
5538 2 2 7 1 7513 3546 8693
5539 2 2 7 1 8175 8176 8177
5540 2 2 7 1 7520 7521 7533
5541 2 2 7 1 6900 7558 7559
5542 2 2 7 1 8184 7576 9580
5543 2 2 7 1 8058 8057 8059
5544 2 2 7 1 8751 8750 8752
5545 2 2 7 1 9371 8066 9417
5546 2 2 7 1 8060 8059 8061
5547 2 2 7 1 7527 8638 8659
5548 2 2 7 1 6888 9283 9284
5549 2 2 7 1 9361 9045 9528
5550 2 2 7 1 7057 7641 7642
5551 2 2 7 1 8146 8145 8147
5552 2 2 7 1 7614 7615 7616
5553 2 2 7 1 3432 6540 9265
5554 2 2 7 1 7550 8722 9114
5555 2 2 7 1 4302 4308 7031
5556 2 2 7 1 7422 7421 8660
5557 2 2 7 1 3246 5880 9266
5558 2 2 7 1 6540 6546 6911
5559 2 2 7 1 6957 7690 7954
5560 2 2 7 1 7626 7624 9554
5561 2 2 7 1 8618 7739 9500
5562 2 2 7 1 5310 2730 6856
5563 2 2 7 1 8771 9100 9606
5564 2 2 7 1 8678 7913 9638
5565 2 2 7 1 8356 8074 8357
5566 2 2 7 1 2364 2370 8719
5567 2 2 7 1 2724 5292 7025
5568 2 2 7 1 8109 8135 9309
5569 2 2 7 1 7542 7543 7544
5570 2 2 7 1 5304 5310 9268
5571 2 2 7 1 5292 5298 9269
5572 2 2 7 1 8718 7915 8980
5573 2 2 7 1 5298 5304 7357
5574 2 2 7 1 8932 8937 9598
5575 2 2 7 1 8321 8642 9498
5576 2 2 7 1 7638 8352 8650
5577 2 2 7 1 7616 7617 7618
5578 2 2 7 1 3462 6588 7849
5579 2 2 7 1 8354 8353 8760
5580 2 2 7 1 8882 8849 9290
5581 2 2 7 1 6883 9185 9186
5582 2 2 7 1 8156 8280 8358
5583 2 2 7 1 7544 7551 7552
5584 2 2 7 1 8147 8148 8149
5585 2 2 7 1 3972 3978 6949
5586 2 2 7 1 8311 8666 9147
5587 2 2 7 1 7755 7754 7981
5588 2 2 7 1 7455 7453 7457
5589 2 2 7 1 7580 6931 8688
5590 2 2 7 1 7048 7049 8346
5591 2 2 7 1 9419 8159 9590
5592 2 2 7 1 3906 6732 9262
5593 2 2 7 1 9261 8250 9612
5594 2 2 7 1 8270 8664 8714
5595 2 2 7 1 7061 7062 7063
5596 2 2 7 1 7552 7681 7682
5597 2 2 7 1 3090 3096 7091
5598 2 2 7 1 7952 7953 8878
5599 2 2 7 1 2154 2160 7473
5600 2 2 7 1 9057 7669 9575
5601 2 2 7 1 8969 8970 9452
5602 2 2 7 1 9001 9102 9302
5603 2 2 7 1 5154 2430 7033
5604 2 2 7 1 7113 7114 7115
5605 2 2 7 1 7106 7108 7123
5606 2 2 7 1 7665 7664 9585
5607 2 2 7 1 2832 5826 6968
5608 2 2 7 1 3102 3108 7091
5609 2 2 7 1 8199 8197 9455
5610 2 2 7 1 8899 7679 9378
5611 2 2 7 1 8158 7873 9586
5612 2 2 7 1 6456 3402 8192
5613 2 2 7 1 3396 6438 8692
5614 2 2 7 1 4548 4554 9277
5615 2 2 7 1 8824 9212 9393
5616 2 2 7 1 8238 8904 8905
5617 2 2 7 1 1920 1926 7663
5618 2 2 7 1 6450 6456 9283
5619 2 2 7 1 6438 6444 9285
5620 2 2 7 1 6444 6450 6888
5621 2 2 7 1 8711 8139 9282
5622 2 2 7 1 9358 8208 9404
5623 2 2 7 1 7532 7531 7554
5624 2 2 7 1 7446 7448 9663
5625 2 2 7 1 8344 9515 9516
5626 2 2 7 1 7559 7558 8665
5627 2 2 7 1 7662 7665 9585
5628 2 2 7 1 8901 8340 8997
5629 2 2 7 1 8106 8105 8641
5630 2 2 7 1 7050 6780 8781
5631 2 2 7 1 8742 8651 9096
5632 2 2 7 1 7896 8346 9630
5633 2 2 7 1 4290 4296 7031
5634 2 2 7 1 7712 7715 7838
5635 2 2 7 1 8767 8765 8768
5636 2 2 7 1 4194 4200 6948
5637 2 2 7 1 1218 1224 6988
5638 2 2 7 1 8243 8177 8727
5639 2 2 7 1 8261 8210 8262
5640 2 2 7 1 7049 7059 7075
5641 2 2 7 1 7994 7992 8347
5642 2 2 7 1 9452 8091 9517
5643 2 2 7 1 7605 9062 9097
5644 2 2 7 1 9223 7824 9442
5645 2 2 7 1 7915 7966 9450
5646 2 2 7 1 5928 3282 9294
5647 2 2 7 1 7899 7900 7901
5648 2 2 7 1 8156 8358 9632
5649 2 2 7 1 8147 8145 9486
5650 2 2 7 1 7991 7989 7992
5651 2 2 7 1 8147 8149 8153
5652 2 2 7 1 8818 8815 8851
5653 2 2 7 1 7541 7540 9301
5654 2 2 7 1 5922 5928 8704
5655 2 2 7 1 7468 7008 8652
5656 2 2 7 1 7333 9094 9095
5657 2 2 7 1 2796 5736 6876
5658 2 2 7 1 7686 7879 7880
5659 2 2 7 1 8710 8711 8962
5660 2 2 7 1 8802 8951 9195
5661 2 2 7 1 9008 8250 9261
5662 2 2 7 1 5754 2802 9300
5663 2 2 7 1 3912 6738 9264
5664 2 2 7 1 4692 4698 9302
5665 2 2 7 1 9009 8251 9543
5666 2 2 7 1 3516 3522 6891
5667 2 2 7 1 5748 5754 7353
5668 2 2 7 1 7721 8224 9152
5669 2 2 7 1 7533 7534 7546
5670 2 2 7 1 7047 7376 9244
5671 2 2 7 1 3312 6012 6906
5672 2 2 7 1 6030 3318 8814
5673 2 2 7 1 8621 7837 8622
5674 2 2 7 1 7995 7994 7996
5675 2 2 7 1 2022 7207 9206
5676 2 2 7 1 7057 7642 8688
5677 2 2 7 1 7822 8640 8775
5678 2 2 7 1 6024 6030 9306
5679 2 2 7 1 6012 6018 9307
5680 2 2 7 1 6018 6024 8816
5681 2 2 7 1 2424 5154 9287
5682 2 2 7 1 9048 8690 9615
5683 2 2 7 1 6898 9012 9013
5684 2 2 7 1 6960 7576 8184
5685 2 2 7 1 7915 7554 7966
5686 2 2 7 1 8660 7421 9413
5687 2 2 7 1 7052 3762 8721
5688 2 2 7 1 9496 8104 9650
5689 2 2 7 1 1146 6926 7017
5690 2 2 7 1 7550 7987 8722
5691 2 2 7 1 5880 3252 7657
5692 2 2 7 1 8912 8914 9018
5693 2 2 7 1 8313 7711 9478
5694 2 2 7 1 7645 7646 7647
5695 2 2 7 1 6872 7467 9333
5696 2 2 7 1 7466 8193 9250
5697 2 2 7 1 7754 6996 8672
5698 2 2 7 1 7617 8718 9292
5699 2 2 7 1 9309 8135 9549
5700 2 2 7 1 6510 3420 9310
5701 2 2 7 1 3414 6498 6991
5702 2 2 7 1 7555 7554 7915
5703 2 2 7 1 6504 6510 7373
5704 2 2 7 1 4038 6875 9664
5705 2 2 7 1 3072 3078 6944
5706 2 2 7 1 8914 7020 9018
5707 2 2 7 1 2700 5232 6999
5708 2 2 7 1 7424 7423 9321
5709 2 2 7 1 9327 8610 9339
5710 2 2 7 1 7735 8865 9648
5711 2 2 7 1 9009 9007 9017
5712 2 2 7 1 9544 9347 9554
5713 2 2 7 1 7993 7992 7994
5714 2 2 7 1 6666 3864 7362
5715 2 2 7 1 9012 7302 9013
5716 2 2 7 1 8785 7502 9217
5717 2 2 7 1 6909 9063 9076
5718 2 2 7 1 7647 7653 9059
5719 2 2 7 1 7654 8143 9379
5720 2 2 7 1 8939 8935 8940
5721 2 2 7 1 7982 7981 8683
5722 2 2 7 1 8647 6964 9571
5723 2 2 7 1 9359 9358 9398
5724 2 2 7 1 8955 8183 8989
5725 2 2 7 1 8847 8834 9390
5726 2 2 7 1 6908 8660 9413
5727 2 2 7 1 7049 7058 7059
5728 2 2 7 1 7129 7694 7695
5729 2 2 7 1 8234 8236 8237
5730 2 2 7 1 8675 7667 9565
5731 2 2 7 1 7546 8166 9512
5732 2 2 7 1 8673 6873 8674
5733 2 2 7 1 2430 5160 9272
5734 2 2 7 1 7990 8790 9532
5735 2 2 7 1 7683 7250 7684
5736 2 2 7 1 7583 7582 7739
5737 2 2 7 1 8935 8934 8936
5738 2 2 7 1 8258 7758 9015
5739 2 2 7 1 7704 9399 9653
5740 2 2 7 1 8238 8905 9254
5741 2 2 7 1 7474 7475 8663
5742 2 2 7 1 9008 9007 9009
5743 2 2 7 1 3192 3198 9305
5744 2 2 7 1 8839 8830 8840
5745 2 2 7 1 7467 7008 7468
5746 2 2 7 1 7683 7684 7685
5747 2 2 7 1 2862 2868 9344
5748 2 2 7 1 8806 9067 9551
5749 2 2 7 1 7110 7109 7111
5750 2 2 7 1 9263 8698 9447
5751 2 2 7 1 8739 8181 8879
5752 2 2 7 1 6870 4452 7500
5753 2 2 7 1 7728 7727 8293
5754 2 2 7 1 8082 9406 9500
5755 2 2 7 1 7611 8739 8879
5756 2 2 7 1 8651 8861 9096
5757 2 2 7 1 8102 7728 8786
5758 2 2 7 1 7986 9319 9534
5759 2 2 7 1 8849 9270 9290
5760 2 2 7 1 8355 7318 9568
5761 2 2 7 1 7049 7075 8346
5762 2 2 7 1 8167 7839 8168
5763 2 2 7 1 8912 8913 8914
5764 2 2 7 1 8872 7760 9520
5765 2 2 7 1 7497 7903 7904
5766 2 2 7 1 1650 7122 7249
5767 2 2 7 1 7888 7889 7890
5768 2 2 7 1 7290 8617 8618
5769 2 2 7 1 4542 4548 7508
5770 2 2 7 1 4086 4092 8030
5771 2 2 7 1 2484 2490 7047
5772 2 2 7 1 3858 6666 9367
5773 2 2 7 1 6858 8938 9103
5774 2 2 7 1 8153 8149 8205
5775 2 2 7 1 8310 8308 9483
5776 2 2 7 1 7435 7434 8773
5777 2 2 7 1 2886 7045 8328
5778 2 2 7 1 6918 9021 9022
5779 2 2 7 1 8700 8701 8706
5780 2 2 7 1 9165 7034 9468
5781 2 2 7 1 7488 7489 7644
5782 2 2 7 1 8617 7093 9281
5783 2 2 7 1 7093 7092 9494
5784 2 2 7 1 7113 7115 7116
5785 2 2 7 1 3294 5958 7013
5786 2 2 7 1 8973 7023 9082
5787 2 2 7 1 5970 3300 9329
5788 2 2 7 1 7983 7982 8296
5789 2 2 7 1 7735 7906 8865
5790 2 2 7 1 5832 2844 9331
5791 2 2 7 1 7020 9009 9017
5792 2 2 7 1 9006 9164 9165
5793 2 2 7 1 5964 5970 8846
5794 2 2 7 1 6558 3444 6990
5795 2 2 7 1 7932 8919 9219
5796 2 2 7 1 7678 6981 7679
5797 2 2 7 1 2070 2076 9325
5798 2 2 7 1 9063 9060 9076
5799 2 2 7 1 7880 7881 8041
5800 2 2 7 1 8922 9606 9656
5801 2 2 7 1 8160 8065 9603
5802 2 2 7 1 8966 8973 9082
5803 2 2 7 1 7129 7695 7696
5804 2 2 7 1 4698 4704 7571
5805 2 2 7 1 7943 7942 9463
5806 2 2 7 1 9021 7309 9022
5807 2 2 7 1 8046 9053 9454
5808 2 2 7 1 8657 7636 8885
5809 2 2 7 1 9011 7302 9012
5810 2 2 7 1 9210 7834 9517
5811 2 2 7 1 8039 8697 8698
5812 2 2 7 1 7647 7652 7653
5813 2 2 7 1 7685 7686 7837
5814 2 2 7 1 7472 7485 9424
5815 2 2 7 1 8938 8926 9103
5816 2 2 7 1 7605 9061 9062
5817 2 2 7 1 7952 9430 9654
5818 2 2 7 1 2574 2580 9348
5819 2 2 7 1 6594 3474 7034
5820 2 2 7 1 1332 6953 8962
5821 2 2 7 1 8114 9327 9339
5822 2 2 7 1 8915 7333 9095
5823 2 2 7 1 8117 8118 9149
5824 2 2 7 1 9394 8174 9511
5825 2 2 7 1 8363 9059 9660
5826 2 2 7 1 8861 8215 9438
5827 2 2 7 1 8122 8727 8976
5828 2 2 7 1 2400 5130 6934
5829 2 2 7 1 8064 8066 8067
5830 2 2 7 1 7458 7457 7459
5831 2 2 7 1 2712 5256 7378
5832 2 2 7 1 5268 2718 9337
5833 2 2 7 1 9291 8731 9656
5834 2 2 7 1 7128 6940 7129
5835 2 2 7 1 9320 8991 9468
5836 2 2 7 1 7087 1326 8962
5837 2 2 7 1 8108 8107 8109
5838 2 2 7 1 7696 8063 8064
5839 2 2 7 1 8265 8899 9378
5840 2 2 7 1 7890 7891 7892
5841 2 2 7 1 8077 8724 8776
5842 2 2 7 1 7569 7529 9248
5843 2 2 7 1 5262 5268 7035
5844 2 2 7 1 9136 9144 9617
5845 2 2 7 1 7059 7060 7061
5846 2 2 7 1 9185 8817 9495
5847 2 2 7 1 7430 7429 8871
5848 2 2 7 1 8110 8109 8111
5849 2 2 7 1 7564 7582 7583
5850 2 2 7 1 7488 7644 9659
5851 2 2 7 1 3798 3804 9360
5852 2 2 7 1 7112 7111 7113
5853 2 2 7 1 9439 7826 9623
5854 2 2 7 1 8944 8941 9210
5855 2 2 7 1 8810 8807 8811
5856 2 2 7 1 5238 2706 7338
5857 2 2 7 1 8189 7918 8219
5858 2 2 7 1 9318 8060 9417
5859 2 2 7 1 8067 8066 9371
5860 2 2 7 1 9160 9159 9315
5861 2 2 7 1 2682 5208 7016
5862 2 2 7 1 3270 5910 9159
5863 2 2 7 1 8732 8729 8764
5864 2 2 7 1 7207 2034 7443
5865 2 2 7 1 8154 8155 8156
5866 2 2 7 1 8152 8151 8777
5867 2 2 7 1 8898 8897 8899
5868 2 2 7 1 7953 7951 8312
5869 2 2 7 1 8631 7710 9526
5870 2 2 7 1 7007 7031 8712
5871 2 2 7 1 7937 7935 8174
5872 2 2 7 1 3438 6552 8180
5873 2 2 7 1 7106 7107 7108
5874 2 2 7 1 9020 7309 9021
5875 2 2 7 1 7032 8889 9642
5876 2 2 7 1 6552 6558 9345
5877 2 2 7 1 7390 7497 7677
5878 2 2 7 1 7015 6993 9240
5879 2 2 7 1 8245 7130 9572
5880 2 2 7 1 4536 4542 9343
5881 2 2 7 1 7469 7573 7581
5882 2 2 7 1 7919 7916 8002
5883 2 2 7 1 1932 1938 7663
5884 2 2 7 1 5538 5544 9538
5885 2 2 7 1 8144 8145 8146
5886 2 2 7 1 8050 7759 9073
5887 2 2 7 1 7504 7503 7505
5888 2 2 7 1 3240 5874 9349
5889 2 2 7 1 8640 7822 9433
5890 2 2 7 1 7735 7905 7906
5891 2 2 7 1 7517 7520 7539
5892 2 2 7 1 8966 8967 8973
5893 2 2 7 1 9146 8774 9276
5894 2 2 7 1 8020 8019 8021
5895 2 2 7 1 8018 8017 8019
5896 2 2 7 1 7735 6939 9491
5897 2 2 7 1 7506 7505 7507
5898 2 2 7 1 8022 8021 8024
5899 2 2 7 1 8133 8024 8211
5900 2 2 7 1 8081 7252 8082
5901 2 2 7 1 7047 9244 9273
5902 2 2 7 1 8025 8202 8203
5903 2 2 7 1 8112 8111 8345
5904 2 2 7 1 7653 7654 7656
5905 2 2 7 1 8812 8811 8822
5906 2 2 7 1 8069 8070 8071
5907 2 2 7 1 7840 7842 8186
5908 2 2 7 1 7509 7507 7510
5909 2 2 7 1 9252 6873 9628
5910 2 2 7 1 7759 7693 8164
5911 2 2 7 1 7658 7655 9266
5912 2 2 7 1 7584 7583 7585
5913 2 2 7 1 8033 8032 8034
5914 2 2 7 1 8362 7648 8363
5915 2 2 7 1 6858 9104 9105
5916 2 2 7 1 8177 8176 9228
5917 2 2 7 1 9061 9060 9063
5918 2 2 7 1 7511 7510 7514
5919 2 2 7 1 8168 7839 8907
5920 2 2 7 1 7446 7445 7447
5921 2 2 7 1 8927 8926 8938
5922 2 2 7 1 8271 9416 9422
5923 2 2 7 1 8347 9504 9630
5924 2 2 7 1 8931 8930 8932
5925 2 2 7 1 8106 8641 8726
5926 2 2 7 1 7516 7514 7517
5927 2 2 7 1 8119 9332 9369
5928 2 2 7 1 7448 7447 7452
5929 2 2 7 1 7963 7965 8233
5930 2 2 7 1 8069 8067 8070
5931 2 2 7 1 3444 6564 9313
5932 2 2 7 1 7901 7900 9181
5933 2 2 7 1 6870 7502 8785
5934 2 2 7 1 8840 7757 9509
5935 2 2 7 1 7115 7117 7124
5936 2 2 7 1 7043 6879 7331
5937 2 2 7 1 8196 7964 8197
5938 2 2 7 1 5130 2406 9342
5939 2 2 7 1 7453 7452 7469
5940 2 2 7 1 7554 7531 9487
5941 2 2 7 1 8347 7992 9504
5942 2 2 7 1 6966 6967 6973
5943 2 2 7 1 4182 4188 6948
5944 2 2 7 1 8194 9139 9154
5945 2 2 7 1 8965 7744 9336
5946 2 2 7 1 8040 8038 8076
5947 2 2 7 1 8233 8234 8949
5948 2 2 7 1 8041 8042 8869
5949 2 2 7 1 9358 9080 9398
5950 2 2 7 1 8836 8841 9390
5951 2 2 7 1 8898 8899 8952
5952 2 2 7 1 8603 7360 9090
5953 2 2 7 1 7361 7955 8352
5954 2 2 7 1 7389 1866 8089
5955 2 2 7 1 7851 7848 7911
5956 2 2 7 1 7936 8249 8252
5957 2 2 7 1 8077 8076 8724
5958 2 2 7 1 9000 8999 9196
5959 2 2 7 1 8804 8801 9223
5960 2 2 7 1 5544 5550 9539
5961 2 2 7 1 8978 8691 9365
5962 2 2 7 1 7502 7500 7503
5963 2 2 7 1 6973 6974 6992
5964 2 2 7 1 7924 8150 8151
5965 2 2 7 1 7624 7622 7958
5966 2 2 7 1 8130 8127 8600
5967 2 2 7 1 8160 7695 9651
5968 2 2 7 1 3552 7512 8693
5969 2 2 7 1 7443 9427 9594
5970 2 2 7 1 8938 6858 9105
5971 2 2 7 1 7359 7358 9360
5972 2 2 7 1 7949 8651 9400
5973 2 2 7 1 7568 7529 7569
5974 2 2 7 1 8928 8927 8929
5975 2 2 7 1 3474 6600 9320
5976 2 2 7 1 6992 6993 7014
5977 2 2 7 1 7735 7734 7905
5978 2 2 7 1 9299 8002 9373
5979 2 2 7 1 7951 7943 9463
5980 2 2 7 1 7014 7015 7048
5981 2 2 7 1 8800 8797 8825
5982 2 2 7 1 7363 6908 9367
5983 2 2 7 1 7905 7957 8282
5984 2 2 7 1 7539 7756 9547
5985 2 2 7 1 7360 9089 9090
5986 2 2 7 1 7917 8902 9374
5987 2 2 7 1 7618 7617 9292
5988 2 2 7 1 8884 8754 9341
5989 2 2 7 1 8835 8831 8839
5990 2 2 7 1 7105 7022 7106
5991 2 2 7 1 7503 8255 9558
5992 2 2 7 1 8164 8248 8979
5993 2 2 7 1 8125 9228 9481
5994 2 2 7 1 5916 3276 6881
5995 2 2 7 1 8828 8818 8851
5996 2 2 7 1 8354 8789 9303
5997 2 2 7 1 8195 8894 9513
5998 2 2 7 1 7048 7015 7049
5999 2 2 7 1 7910 9573 9597
6000 2 2 7 1 7014 6993 7015
6001 2 2 7 1 7444 7443 7445
6002 2 2 7 1 7657 7658 9266
6003 2 2 7 1 8614 9309 9549
6004 2 2 7 1 6992 6974 6993
6005 2 2 7 1 8168 8907 8945
6006 2 2 7 1 7335 8037 8038
6007 2 2 7 1 5790 2814 9370
6008 2 2 7 1 9000 9002 9622
6009 2 2 7 1 6943 6965 6966
6010 2 2 7 1 2808 5778 6894
6011 2 2 7 1 6866 8983 9657
6012 2 2 7 1 8793 8770 8853
6013 2 2 7 1 6973 6967 6974
6014 2 2 7 1 7665 7727 7728
6015 2 2 7 1 7460 7459 7461
6016 2 2 7 1 8965 7714 9246
6017 2 2 7 1 7367 8094 8096
6018 2 2 7 1 8016 7740 8017
6019 2 2 7 1 8198 8197 8199
6020 2 2 7 1 7448 7452 7453
6021 2 2 7 1 7096 8948 9213
6022 2 2 7 1 8999 8997 9196
6023 2 2 7 1 7446 7447 7448
6024 2 2 7 1 8358 8280 8359
6025 2 2 7 1 8133 8211 8675
6026 2 2 7 1 8022 8024 8133
6027 2 2 7 1 5784 5790 7383
6028 2 2 7 1 8020 8021 8022
6029 2 2 7 1 7688 7658 7689
6030 2 2 7 1 8018 8019 8020
6031 2 2 7 1 5208 2688 9350
6032 2 2 7 1 8092 7999 8093
6033 2 2 7 1 9075 9074 9577
6034 2 2 7 1 7511 7514 7516
6035 2 2 7 1 7670 8108 8323
6036 2 2 7 1 7509 7510 7511
6037 2 2 7 1 7880 8041 9052
6038 2 2 7 1 8889 7331 9642
6039 2 2 7 1 8183 8985 8989
6040 2 2 7 1 7444 7445 7446
6041 2 2 7 1 8913 8682 9127
6042 2 2 7 1 7988 8656 9610
6043 2 2 7 1 7506 7507 7509
6044 2 2 7 1 7444 7446 9381
6045 2 2 7 1 8850 8823 9393
6046 2 2 7 1 6966 6965 6967
6047 2 2 7 1 7504 7505 7506
6048 2 2 7 1 7602 7374 7603
6049 2 2 7 1 7379 7932 7933
6050 2 2 7 1 8016 8017 8018
6051 2 2 7 1 8071 8070 9143
6052 2 2 7 1 8298 7384 8299
6053 2 2 7 1 8185 8184 9376
6054 2 2 7 1 7696 7695 8063
6055 2 2 7 1 8363 7648 9059
6056 2 2 7 1 8123 8124 9323
6057 2 2 7 1 9432 7623 9637
6058 2 2 7 1 7339 8231 8269
6059 2 2 7 1 8169 7365 8637
6060 2 2 7 1 7502 7503 7504
6061 2 2 7 1 8064 8063 8066
6062 2 2 7 1 7960 7562 7961
6063 2 2 7 1 7461 7998 7999
6064 2 2 7 1 8009 7424 8010
6065 2 2 7 1 7359 8057 8058
6066 2 2 7 1 7362 7363 9367
6067 2 2 7 1 8044 7394 8045
6068 2 2 7 1 7550 7822 7987
6069 2 2 7 1 7542 7541 7543
6070 2 2 7 1 7387 7979 8212
6071 2 2 7 1 9271 7950 9654
6072 2 2 7 1 9213 7877 9408
6073 2 2 7 1 8033 8034 8210
6074 2 2 7 1 8899 8265 8952
6075 2 2 7 1 7488 7487 7489
6076 2 2 7 1 8083 8084 8632
6077 2 2 7 1 7108 7109 7110
6078 2 2 7 1 7499 7917 7918
6079 2 2 7 1 8175 7437 8176
6080 2 2 7 1 7207 7444 9206
6081 2 2 7 1 8888 9120 9123
6082 2 2 7 1 2016 2022 9206
6083 2 2 7 1 6660 3858 6908
6084 2 2 7 1 7962 7961 7963
6085 2 2 7 1 7685 7684 7686
6086 2 2 7 1 7110 7111 7112
6087 2 2 7 1 7442 7754 7755
6088 2 2 7 1 6998 7422 8864
6089 2 2 7 1 8252 8878 9511
6090 2 2 7 1 7885 7557 7886
6091 2 2 7 1 8930 8929 9573
6092 2 2 7 1 7537 7536 9343
6093 2 2 7 1 7644 7489 7645
6094 2 2 7 1 5814 2826 9375
6095 2 2 7 1 8110 8111 8112
6096 2 2 7 1 7833 9039 9126
6097 2 2 7 1 8300 8299 8301
6098 2 2 7 1 7723 7689 7840
6099 2 2 7 1 7553 8777 8778
6100 2 2 7 1 6884 9067 9068
6101 2 2 7 1 9067 7330 9068
6102 2 2 7 1 8622 7837 8623
6103 2 2 7 1 3990 3996 9351
6104 2 2 7 1 8046 8045 8047
6105 2 2 7 1 7933 7934 7935
6106 2 2 7 1 4530 4536 7536
6107 2 2 7 1 8035 8010 8157
6108 2 2 7 1 7333 8915 9093
6109 2 2 7 1 7604 7603 7606
6110 2 2 7 1 8302 8301 8303
6111 2 2 7 1 8353 8047 8355
6112 2 2 7 1 5808 5814 6899
6113 2 2 7 1 8995 9025 9027
6114 2 2 7 1 8915 6917 9093
6115 2 2 7 1 9139 7934 9219
6116 2 2 7 1 7607 7606 7608
6117 2 2 7 1 5874 3246 7655
6118 2 2 7 1 8913 6917 8915
6119 2 2 7 1 7609 7608 7613
6120 2 2 7 1 7614 7613 7615
6121 2 2 7 1 6990 8334 9345
6122 2 2 7 1 7616 7615 7617
6123 2 2 7 1 7887 7886 7888
6124 2 2 7 1 8146 8147 8153
6125 2 2 7 1 7127 9344 9641
6126 2 2 7 1 8062 8072 8073
6127 2 2 7 1 8058 8059 8060
6128 2 2 7 1 8108 8109 8110
6129 2 2 7 1 7544 7543 7551
6130 2 2 7 1 8060 8061 8062
6131 2 2 7 1 4884 4890 7524
6132 2 2 7 1 7945 8270 9540
6133 2 2 7 1 7552 7551 7681
6134 2 2 7 1 7755 7981 7982
6135 2 2 7 1 7682 7681 8332
6136 2 2 7 1 7714 8965 9336
6137 2 2 7 1 8909 7093 9494
6138 2 2 7 1 6884 9066 9067
6139 2 2 7 1 8116 9181 9526
6140 2 2 7 1 8233 8949 9455
6141 2 2 7 1 9039 6885 9126
6142 2 2 7 1 6948 7916 7919
6143 2 2 7 1 6952 7359 9360
6144 2 2 7 1 8664 8288 9548
6145 2 2 7 1 8224 7996 9152
6146 2 2 7 1 8017 8883 9668
6147 2 2 7 1 7873 9452 9517
6148 2 2 7 1 7106 7123 9531
6149 2 2 7 1 8334 8180 9345
6150 2 2 7 1 1956 1962 7633
6151 2 2 7 1 9038 6885 9039
6152 2 2 7 1 8273 8104 9496
6153 2 2 7 1 7508 7537 9343
6154 2 2 7 1 3852 6660 9413
6155 2 2 7 1 8342 7666 9666
6156 2 2 7 1 6907 9085 9396
6157 2 2 7 1 8010 8011 9530
6158 2 2 7 1 9023 8968 9024
6159 2 2 7 1 6863 5538 9538
6160 2 2 7 1 5670 5676 9545
6161 2 2 7 1 8307 9075 9577
6162 2 2 7 1 2358 2364 9407
6163 2 2 7 1 7361 7954 7955
6164 2 2 7 1 3792 3798 7358
6165 2 2 7 1 6890 8911 9363
6166 2 2 7 1 8030 7026 9642
6167 2 2 7 1 7538 7509 9297
6168 2 2 7 1 8306 8302 9267
6169 2 2 7 1 9083 9084 9085
6170 2 2 7 1 2652 2658 9408
6171 2 2 7 1 9083 9085 9087
6172 2 2 7 1 9085 6907 9087
6173 2 2 7 1 3918 6744 7038
6174 2 2 7 1 7979 9112 9328
6175 2 2 7 1 7754 8672 9244
6176 2 2 7 1 8249 8250 9429
6177 2 2 7 1 7878 8636 9660
6178 2 2 7 1 3984 3990 7366
6179 2 2 7 1 8903 8076 9643
6180 2 2 7 1 7126 1566 7636
6181 2 2 7 1 6942 9045 9361
6182 2 2 7 1 8952 8265 9502
6183 2 2 7 1 8698 8903 9643
6184 2 2 7 1 7510 7676 9388
6185 2 2 7 1 7840 8186 9379
6186 2 2 7 1 7440 7450 7632
6187 2 2 7 1 9160 7841 9423
6188 2 2 7 1 8142 8874 9667
6189 2 2 7 1 6883 9186 9189
6190 2 2 7 1 9186 8832 9189
6191 2 2 7 1 7318 7014 9449
6192 2 2 7 1 4524 4530 9387
6193 2 2 7 1 9414 7748 9415
6194 2 2 7 1 8341 7037 8900
6195 2 2 7 1 8304 8776 9593
6196 2 2 7 1 3882 6696 9364
6197 2 2 7 1 4710 4716 9622
6198 2 2 7 1 7709 9341 9453
6199 2 2 7 1 8288 8762 9548
6200 2 2 7 1 8765 8764 9418
6201 2 2 7 1 9341 7859 9453
6202 2 2 7 1 6897 4140 7671
6203 2 2 7 1 7291 8955 9618
6204 2 2 7 1 7290 8618 9250
6205 2 2 7 1 7307 9071 9072
6206 2 2 7 1 8748 8959 9361
6207 2 2 7 1 2118 5082 6937
6208 2 2 7 1 7502 7504 9217
6209 2 2 7 1 8724 8076 8903
6210 2 2 7 1 9159 9160 9423
6211 2 2 7 1 9429 8250 9543
6212 2 2 7 1 7051 7004 7601
6213 2 2 7 1 7838 9044 9478
6214 2 2 7 1 2064 2070 7451
6215 2 2 7 1 8308 8306 9557
6216 2 2 7 1 8663 7475 8664
6217 2 2 7 1 6941 8328 8329
6218 2 2 7 1 8689 8952 9502
6219 2 2 7 1 9072 7336 9106
6220 2 2 7 1 7307 9072 9106
6221 2 2 7 1 7545 7550 9114
6222 2 2 7 1 7468 8652 8653
6223 2 2 7 1 8750 8310 9483
6224 2 2 7 1 8172 7735 9648
6225 2 2 7 1 2526 2538 7675
6226 2 2 7 1 9151 8479 9609
6227 2 2 7 1 8871 7429 9459
6228 2 2 7 1 8679 7566 9263
6229 2 2 7 1 6926 7745 9353
6230 2 2 7 1 6696 6702 7040
6231 2 2 7 1 2580 2586 7381
6232 2 2 7 1 8914 8913 9127
6233 2 2 7 1 7005 1500 8259
6234 2 2 7 1 7830 9311 9485
6235 2 2 7 1 8130 9439 9623
6236 2 2 7 1 7422 8660 8661
6237 2 2 7 1 9314 7382 9519
6238 2 2 7 1 8289 8855 9627
6239 2 2 7 1 9015 7758 9658
6240 2 2 7 1 8722 7987 8723
6241 2 2 7 1 9050 7828 9176
6242 2 2 7 1 8832 9186 9203
6243 2 2 7 1 8208 9358 9359
6244 2 2 7 1 8065 9318 9603
6245 2 2 7 1 8907 7839 9599
6246 2 2 7 1 8775 8640 9387
6247 2 2 7 1 8772 8102 8784
6248 2 2 7 1 8224 9143 9372
6249 2 2 7 1 7825 9399 9569
6250 2 2 7 1 8688 7642 8689
6251 2 2 7 1 6902 9048 9050
6252 2 2 7 1 7096 9213 9408
6253 2 2 7 1 8163 8961 9607
6254 2 2 7 1 6570 3450 7283
6255 2 2 7 1 7861 8324 9293
6256 2 2 7 1 4722 4728 9391
6257 2 2 7 1 3186 3192 7298
6258 2 2 7 1 7324 9043 9386
6259 2 2 7 1 6999 8871 9459
6260 2 2 7 1 6902 9050 9176
6261 2 2 7 1 9006 9165 9468
6262 2 2 7 1 7486 7488 9434
6263 2 2 7 1 9344 8329 9641
6264 2 2 7 1 2838 5832 7334
6265 2 2 7 1 4920 7523 7729
6266 2 2 7 1 4896 4902 7524
6267 2 2 7 1 9488 6860 9584
6268 2 2 7 1 6919 5946 9441
6269 2 2 7 1 7966 7554 9487
6270 2 2 7 1 4284 4290 7007
6271 2 2 7 1 2568 2574 7018
6272 2 2 7 1 7498 7499 9016
6273 2 2 7 1 7706 7428 8761
6274 2 2 7 1 7831 9131 9132
6275 2 2 7 1 5676 2784 9657
6276 2 2 7 1 7387 7386 9420
6277 2 2 7 1 7129 6940 7694
6278 2 2 7 1 8042 8273 9496
6279 2 2 7 1 7624 7958 9554
6280 2 2 7 1 7536 8775 9387
6281 2 2 7 1 9314 7018 9348
6282 2 2 7 1 8251 8007 9429
6283 2 2 7 1 7043 7331 8895
6284 2 2 7 1 3234 5868 9411
6285 2 2 7 1 7853 9258 9259
6286 2 2 7 1 9045 9069 9528
6287 2 2 7 1 9183 7704 9653
6288 2 2 7 1 8815 8812 9280
6289 2 2 7 1 7381 9314 9348
6290 2 2 7 1 7482 9252 9629
6291 2 2 7 1 8629 8874 9510
6292 2 2 7 1 4716 4722 7570
6293 2 2 7 1 7445 7443 9594
6294 2 2 7 1 8644 6964 8647
6295 2 2 7 1 9161 9160 9602
6296 2 2 7 1 9289 8946 9368
6297 2 2 7 1 9255 7557 9578
6298 2 2 7 1 8884 7910 9597
6299 2 2 7 1 7831 9132 9135
6300 2 2 7 1 9132 7833 9135
6301 2 2 7 1 2436 5166 6924
6302 2 2 7 1 8111 8109 9309
6303 2 2 7 1 2394 5124 7386
6304 2 2 7 1 2970 6922 7761
6305 2 2 7 1 7998 9503 9521
6306 2 2 7 1 5904 3270 9423
6307 2 2 7 1 7102 8645 8987
6308 2 2 7 1 8228 9036 9363
6309 2 2 7 1 4518 4524 8640
6310 2 2 7 1 7711 7712 9478
6311 2 2 7 1 3090 7091 9661
6312 2 2 7 1 8708 8709 9458
6313 2 2 7 1 9439 7619 9579
6314 2 2 7 1 9247 8223 9479
6315 2 2 7 1 9221 7542 9580
6316 2 2 7 1 7828 9050 9178
6317 2 2 7 1 8970 9020 9021
6318 2 2 7 1 9364 8207 9461
6319 2 2 7 1 8707 7053 8708
6320 2 2 7 1 7719 8992 9534
6321 2 2 7 1 2634 2640 6920
6322 2 2 7 1 8083 7914 9431
6323 2 2 7 1 7611 8879 9257
6324 2 2 7 1 8162 8163 9636
6325 2 2 7 1 3264 5898 9425
6326 2 2 7 1 6934 7387 9420
6327 2 2 7 1 6522 7291 8953
6328 2 2 7 1 7886 7557 9255
6329 2 2 7 1 9336 7744 9368
6330 2 2 7 1 9052 7388 9625
6331 2 2 7 1 6654 3852 7421
6332 2 2 7 1 7021 7022 7105
6333 2 2 7 1 7031 7762 8712
6334 2 2 7 1 8674 6873 9252
6335 2 2 7 1 7581 8258 9503
6336 2 2 7 1 8328 8862 9523
6337 2 2 7 1 9231 9232 9308
6338 2 2 7 1 7499 7498 9469
6339 2 2 7 1 7757 8851 9280
6340 2 2 7 1 9557 9267 9653
6341 2 2 7 1 7760 8950 9520
6342 2 2 7 1 5898 5904 7841
6343 2 2 7 1 8654 8895 9563
6344 2 2 7 1 8727 8177 8976
6345 2 2 7 1 7283 9115 9466
6346 2 2 7 1 7477 8684 8686
6347 2 2 7 1 8944 8972 9617
6348 2 2 7 1 5058 7670 8323
6349 2 2 7 1 7632 7450 7634
6350 2 2 7 1 1212 1218 7289
6351 2 2 7 1 7422 6998 9480
6352 2 2 7 1 2628 2634 9556
6353 2 2 7 1 8250 9008 9543
6354 2 2 7 1 1968 1974 7633
6355 2 2 7 1 8995 9027 9100
6356 2 2 7 1 9515 8964 9516
6357 2 2 7 1 8916 8307 9577
6358 2 2 7 1 5124 2400 9420
6359 2 2 7 1 6890 3456 8911
6360 2 2 7 1 8904 8023 8905
6361 2 2 7 1 3528 3534 7540
6362 2 2 7 1 7705 7706 9409
6363 2 2 7 1 2868 2874 6941
6364 2 2 7 1 2286 1140 9491
6365 2 2 7 1 7999 7998 9521
6366 2 2 7 1 7843 9161 9607
6367 2 2 7 1 6396 7302 9010
6368 2 2 7 1 7302 6402 9013
6369 2 2 7 1 8345 8964 9515
6370 2 2 7 1 3924 6750 7423
6371 2 2 7 1 6889 6516 8953
6372 2 2 7 1 9264 8009 9377
6373 2 2 7 1 2736 6917 8912
6374 2 2 7 1 9058 7373 9310
6375 2 2 7 1 3846 6654 9480
6376 2 2 7 1 7529 4788 9248
6377 2 2 7 1 2754 8966 9082
6378 2 2 7 1 8140 8278 9638
6379 2 2 7 1 4512 4518 9433
6380 2 2 7 1 8968 9023 9113
6381 2 2 7 1 5868 3240 8281
6382 2 2 7 1 5322 7020 9017
6383 2 2 7 1 7020 5328 9018
6384 2 2 7 1 8011 8262 9530
6385 2 2 7 1 5172 2448 9446
6386 2 2 7 1 7320 2772 8926
6387 2 2 7 1 1632 1638 7249
6388 2 2 7 1 7556 6956 9578
6389 2 2 7 1 8887 8788 9445
6390 2 2 7 1 6918 2760 9125
6391 2 2 7 1 7421 7422 9480
6392 2 2 7 1 9315 9158 9316
6393 2 2 7 1 7319 9028 9225
6394 2 2 7 1 2058 2064 9431
6395 2 2 7 1 6876 5736 9631
6396 2 2 7 1 7459 7457 9249
6397 2 2 7 1 8690 8292 9615
6398 2 2 7 1 9394 7741 9621
6399 2 2 7 1 7897 7896 9630
6400 2 2 7 1 8128 8624 9464
6401 2 2 7 1 5334 8912 9018
6402 2 2 7 1 2496 2502 7375
6403 2 2 7 1 7309 5484 9022
6404 2 2 7 1 7317 5472 9019
6405 2 2 7 1 5478 7309 9019
6406 2 2 7 1 5466 7317 9023
6407 2 2 7 1 5460 9023 9024
6408 2 2 7 1 6864 5454 9024
6409 2 2 7 1 7960 8747 9550
6410 2 2 7 1 6889 8954 9058
6411 2 2 7 1 4794 7528 9248
6412 2 2 7 1 7113 7116 9470
6413 2 2 7 1 7826 9439 9579
6414 2 2 7 1 3786 3792 9354
6415 2 2 7 1 8949 8237 8950
6416 2 2 7 1 9190 9191 9192
6417 2 2 7 1 8799 9192 9195
6418 2 2 7 1 7046 4428 7586
6419 2 2 7 1 5448 6864 8966
6420 2 2 7 1 8764 7826 9418
6421 2 2 7 1 7291 3426 9142
6422 2 2 7 1 7475 7472 9424
6423 2 2 7 1 6889 8953 8954
6424 2 2 7 1 8278 9440 9638
6425 2 2 7 1 8781 6935 8894
6426 2 2 7 1 7303 6282 9026
6427 2 2 7 1 7306 6264 9025
6428 2 2 7 1 6276 7303 9027
6429 2 2 7 1 9025 6270 9027
6430 2 2 7 1 1914 1920 7454
6431 2 2 7 1 6408 6898 9013
6432 2 2 7 1 1578 7066 8885
6433 2 2 7 1 9182 8737 9183
6434 2 2 7 1 5490 6918 9022
6435 2 2 7 1 6889 9058 9310
6436 2 2 7 1 8705 9042 9608
6437 2 2 7 1 7451 8083 9431
6438 2 2 7 1 6953 8707 8710
6439 2 2 7 1 5592 9014 9028
6440 2 2 7 1 7319 5586 9028
6441 2 2 7 1 5580 7319 9029
6442 2 2 7 1 6912 5574 9029
6443 2 2 7 1 5568 6912 9030
6444 2 2 7 1 7321 5562 9030
6445 2 2 7 1 8808 6072 9031
6446 2 2 7 1 6066 8808 9033
6447 2 2 7 1 7311 6204 9037
6448 2 2 7 1 7312 6186 9034
6449 2 2 7 1 8953 7291 9618
6450 2 2 7 1 6198 7311 9040
6451 2 2 7 1 9034 6192 9040
6452 2 2 7 1 7016 7499 9469
6453 2 2 7 1 8679 9263 9447
6454 2 2 7 1 9014 8928 9028
6455 2 2 7 1 7304 6390 9010
6456 2 2 7 1 6880 9081 9262
6457 2 2 7 1 5556 7321 8960
6458 2 2 7 1 7549 7525 9293
6459 2 2 7 1 8852 7569 9248
6460 2 2 7 1 8954 7938 9058
6461 2 2 7 1 7708 7705 9409
6462 2 2 7 1 8066 8063 9318
6463 2 2 7 1 9199 6887 9200
6464 2 2 7 1 4272 4278 7007
6465 2 2 7 1 7449 7633 7662
6466 2 2 7 1 7026 6897 7032
6467 2 2 7 1 7322 2766 8960
6468 2 2 7 1 7372 1530 8263
6469 2 2 7 1 8255 7501 9114
6470 2 2 7 1 6258 7306 8993
6471 2 2 7 1 7005 8259 8260
6472 2 2 7 1 5598 7320 9014
6473 2 2 7 1 4170 4176 6913
6474 2 2 7 1 1902 1908 7909
6475 2 2 7 1 7747 7748 9414
6476 2 2 7 1 6882 9239 9330
6477 2 2 7 1 8293 8272 9663
6478 2 2 7 1 9080 9079 9081
6479 2 2 7 1 7670 8107 8108
6480 2 2 7 1 3888 6708 7434
6481 2 2 7 1 3180 3186 9536
6482 2 2 7 1 2352 2358 7037
6483 2 2 7 1 6210 6885 9037
6484 2 2 7 1 8019 8017 9668
6485 2 2 7 1 8821 9238 9239
6486 2 2 7 1 6714 3894 6925
6487 2 2 7 1 5220 5226 7429
6488 2 2 7 1 5226 2700 9459
6489 2 2 7 1 8685 6929 9556
6490 2 2 7 1 7710 7586 9217
6491 2 2 7 1 6955 8897 8898
6492 2 2 7 1 6756 3936 9460
6493 2 2 7 1 7750 7747 9414
6494 2 2 7 1 6288 6886 9026
6495 2 2 7 1 2112 5076 9474
6496 2 2 7 1 8642 8321 9499
6497 2 2 7 1 6871 8032 8033
6498 2 2 7 1 9443 7054 9524
6499 2 2 7 1 6348 7324 9051
6500 2 2 7 1 6336 7308 9047
6501 2 2 7 1 7308 6342 9051
6502 2 2 7 1 7712 7838 9478
6503 2 2 7 1 9437 8756 9597
6504 2 2 7 1 8258 9015 9484
6505 2 2 7 1 8912 6917 8913
6506 2 2 7 1 8807 8804 9442
6507 2 2 7 1 9007 5316 9017
6508 2 2 7 1 6684 6690 6867
6509 2 2 7 1 9246 7714 9356
6510 2 2 7 1 6180 7312 8910
6511 2 2 7 1 4998 7522 7672
6512 2 2 7 1 8843 6060 9033
6513 2 2 7 1 7874 7835 9422
6514 2 2 7 1 6690 3882 9461
6515 2 2 7 1 7962 9041 9488
6516 2 2 7 1 2748 9055 9107
6517 2 2 7 1 9044 8313 9478
6518 2 2 7 1 7102 8644 8645
6519 2 2 7 1 6910 3360 8993
6520 2 2 7 1 7982 8683 8956
6521 2 2 7 1 6078 8824 9031
6522 2 2 7 1 6946 3156 7486
6523 2 2 7 1 8254 8036 9635
6524 2 2 7 1 8251 9429 9543
6525 2 2 7 1 7551 7553 9567
6526 2 2 7 1 7550 7545 9497
6527 2 2 7 1 8684 6929 8685
6528 2 2 7 1 7618 7628 9605
6529 2 2 7 1 5736 5742 9631
6530 2 2 7 1 6885 3354 9126
6531 2 2 7 1 7835 8271 9422
6532 2 2 7 1 9050 9048 9615
6533 2 2 7 1 9041 8195 9513
6534 2 2 7 1 7605 6468 9060
6535 2 2 7 1 7464 7460 9384
6536 2 2 7 1 2676 5202 7498
6537 2 2 7 1 9311 7621 9485
6538 2 2 7 1 6983 7839 8167
6539 2 2 7 1 6996 2472 8672
6540 2 2 7 1 8768 8765 9418
6541 2 2 7 1 9045 5718 9069
6542 2 2 7 1 7096 8947 8948
6543 2 2 7 1 9190 9192 9193
6544 2 2 7 1 9192 8799 9193
6545 2 2 7 1 6884 6132 9065
6546 2 2 7 1 7330 6120 9068
6547 2 2 7 1 6126 6884 9068
6548 2 2 7 1 5724 7296 9069
6549 2 2 7 1 9081 9079 9262
6550 2 2 7 1 7759 8164 9073
6551 2 2 7 1 6898 3390 9166
6552 2 2 7 1 9010 7302 9011
6553 2 2 7 1 8966 6864 8967
6554 2 2 7 1 8234 8237 8949
6555 2 2 7 1 4158 4164 6913
6556 2 2 7 1 2292 2298 8190
6557 2 2 7 1 8864 7482 9552
6558 2 2 7 1 8993 7306 8994
6559 2 2 7 1 9487 7531 9560
6560 2 2 7 1 7649 7921 9546
6561 2 2 7 1 6902 6330 9047
6562 2 2 7 1 7296 9074 9075
6563 2 2 7 1 9037 6885 9038
6564 2 2 7 1 9019 7309 9020
6565 2 2 7 1 9023 7317 9113
6566 2 2 7 1 6942 5712 9045
6567 2 2 7 1 9286 8916 9577
6568 2 2 7 1 2790 6942 8958
6569 2 2 7 1 7324 6354 9043
6570 2 2 7 1 6877 3258 8961
6571 2 2 7 1 6943 6920 6965
6572 2 2 7 1 9027 7303 9100
6573 2 2 7 1 9602 8705 9608
6574 2 2 7 1 9239 6882 9241
6575 2 2 7 1 8941 7985 9649
6576 2 2 7 1 6902 9047 9048
6577 2 2 7 1 9449 7048 9620
6578 2 2 7 1 8808 9031 9032
6579 2 2 7 1 7312 9034 9035
6580 2 2 7 1 6870 7500 7502
6581 2 2 7 1 7320 8926 8927
6582 2 2 7 1 8167 8168 8862
6583 2 2 7 1 7128 7129 8103
6584 2 2 7 1 7331 8889 9563
6585 2 2 7 1 6869 7550 9497
6586 2 2 7 1 8926 5604 9103
6587 2 2 7 1 7313 3342 8957
6588 2 2 7 1 9200 6887 9201
6589 2 2 7 1 8625 9200 9201
6590 2 2 7 1 6576 6890 9115
6591 2 2 7 1 2778 6923 9070
6592 2 2 7 1 7207 7443 7444
6593 2 2 7 1 3288 6919 8921
6594 2 2 7 1 8812 8822 9280
6595 2 2 7 1 4506 4512 6869
6596 2 2 7 1 7695 7694 9651
6597 2 2 7 1 9028 8928 9225
6598 2 2 7 1 9078 2742 9108
6599 2 2 7 1 6886 3366 9175
6600 2 2 7 1 6868 4578 8996
6601 2 2 7 1 3384 7304 9197
6602 2 2 7 1 9397 7999 9521
6603 2 2 7 1 7526 7524 7527
6604 2 2 7 1 6138 7313 9065
6605 2 2 7 1 8278 7123 9440
6606 2 2 7 1 8996 4584 9118
6607 2 2 7 1 1200 1206 7289
6608 2 2 7 1 7953 8312 9477
6609 2 2 7 1 7023 5442 9082
6610 2 2 7 1 9078 9108 9109
6611 2 2 7 1 6998 8864 9552
6612 2 2 7 1 8115 7719 9534
6613 2 2 7 1 9060 6474 9076
6614 2 2 7 1 6114 7330 8920
6615 2 2 7 1 7605 9060 9061
6616 2 2 7 1 5406 6907 9055
6617 2 2 7 1 6884 9065 9066
6618 2 2 7 1 8821 9239 9241
6619 2 2 7 1 7332 5430 9086
6620 2 2 7 1 5418 9083 9087
6621 2 2 7 1 5436 7023 9086
6622 2 2 7 1 6907 5412 9087
6623 2 2 7 1 5424 7332 9083
6624 2 2 7 1 3348 8910 9187
6625 2 2 7 1 8114 9339 9591
6626 2 2 7 1 3480 6606 6895
6627 2 2 7 1 9197 7304 9492
6628 2 2 7 1 9319 8115 9534
6629 2 2 7 1 9187 8910 9570
6630 2 2 7 1 3324 8843 9184
6631 2 2 7 1 9080 9081 9398
6632 2 2 7 1 7517 7539 9560
6633 2 2 7 1 7738 7000 9574
6634 2 2 7 1 9055 6907 9396
6635 2 2 7 1 3648 7000 7284
6636 2 2 7 1 2442 5172 7393
6637 2 2 7 1 7650 8172 9648
6638 2 2 7 1 7659 7651 9467
6639 2 2 7 1 6917 5340 9093
6640 2 2 7 1 9083 7332 9084
6641 2 2 7 1 8797 8795 9588
6642 2 2 7 1 8991 8254 9635
6643 2 2 7 1 8751 8752 9465
6644 2 2 7 1 6856 9007 9008
6645 2 2 7 1 5202 2682 9469
6646 2 2 7 1 7024 5364 9078
6647 2 2 7 1 7636 1572 8885
6648 2 2 7 1 6000 8820 9092
6649 2 2 7 1 7457 7453 9249
6650 2 2 7 1 8312 7951 9463
6651 2 2 7 1 9092 8820 9270
6652 2 2 7 1 5358 7024 9094
6653 2 2 7 1 7333 5352 9094
6654 2 2 7 1 5346 7333 9093
6655 2 2 7 1 3372 6902 9176
6656 2 2 7 1 7307 9070 9071
6657 2 2 7 1 6462 7605 9097
6658 2 2 7 1 8895 7331 9563
6659 2 2 7 1 2124 5088 7474
6660 2 2 7 1 8878 7741 9511
6661 2 2 7 1 7026 7032 9642
6662 2 2 7 1 7296 5730 9074
6663 2 2 7 1 8151 8150 9624
6664 2 2 7 1 7307 5640 9070
6665 2 2 7 1 7022 1542 9357
6666 2 2 7 1 8824 3330 9212
6667 2 2 7 1 7824 9432 9637
6668 2 2 7 1 3294 7013 9555
6669 2 2 7 1 3228 5862 9498
6670 2 2 7 1 8991 8217 9468
6671 2 2 7 1 8070 9371 9372
6672 2 2 7 1 7336 5628 9106
6673 2 2 7 1 6858 5616 9104
6674 2 2 7 1 5634 7307 9106
6675 2 2 7 1 5610 6858 9103
6676 2 2 7 1 5622 7336 9104
6677 2 2 7 1 6972 9205 9209
6678 2 2 7 1 3378 8351 9043
6679 2 2 7 1 3420 6889 9310
6680 2 2 7 1 6648 3846 6998
6681 2 2 7 1 8982 6868 9401
6682 2 2 7 1 7019 5400 9107
6683 2 2 7 1 7958 9544 9554
6684 2 2 7 1 8332 8738 9613
6685 2 2 7 1 2592 2598 6982
6686 2 2 7 1 8070 8067 9371
6687 2 2 7 1 1644 1650 7249
6688 2 2 7 1 5370 6862 9108
6689 2 2 7 1 8696 7127 9641
6690 2 2 7 1 8919 6921 9219
6691 2 2 7 1 7586 4434 8785
6692 2 2 7 1 9117 6915 9303
6693 2 2 7 1 5394 7019 9111
6694 2 2 7 1 6862 5376 9110
6695 2 2 7 1 7337 5388 9111
6696 2 2 7 1 5382 7337 9110
6697 2 2 7 1 9008 9009 9543
6698 2 2 7 1 9128 7340 9172
6699 2 2 7 1 9129 7028 9445
6700 2 2 7 1 3930 6756 6933
6701 2 2 7 1 7831 9130 9131
6702 2 2 7 1 9136 7341 9144
6703 2 2 7 1 8876 6985 9499
6704 2 2 7 1 6856 2730 9007
6705 2 2 7 1 4500 4506 9497
6706 2 2 7 1 9272 8044 9454
6707 2 2 7 1 4668 8311 9147
6708 2 2 7 1 8265 8278 9502
6709 2 2 7 1 8731 8922 9656
6710 2 2 7 1 7005 8260 9616
6711 2 2 7 1 8819 5994 9092
6712 2 2 7 1 7065 7249 7250
6713 2 2 7 1 8970 8091 9452
6714 2 2 7 1 3336 8920 9211
6715 2 2 7 1 2634 6943 9556
6716 2 2 7 1 5892 7843 8961
6717 2 2 7 1 3210 8875 9004
6718 2 2 7 1 8984 7738 9611
6719 2 2 7 1 8163 9607 9608
6720 2 2 7 1 7289 6988 7290
6721 2 2 7 1 7046 7586 7710
6722 2 2 7 1 3408 6909 9076
6723 2 2 7 1 7126 7636 7836
6724 2 2 7 1 7623 9432 9485
6725 2 2 7 1 9409 7706 9410
6726 2 2 7 1 8311 4674 9148
6727 2 2 7 1 2646 2652 7877
6728 2 2 7 1 8301 8304 9593
6729 2 2 7 1 8672 2478 9273
6730 2 2 7 1 3840 6648 9552
6731 2 2 7 1 4836 4842 9421
6732 2 2 7 1 8703 9170 9245
6733 2 2 7 1 9148 6859 9274
6734 2 2 7 1 4230 4236 6984
6735 2 2 7 1 9122 6906 9290
6736 2 2 7 1 8646 8645 9627
6737 2 2 7 1 7989 7897 9504
6738 2 2 7 1 9154 7025 9260
6739 2 2 7 1 9016 6861 9633
6740 2 2 7 1 9202 8832 9203
6741 2 2 7 1 5706 8958 9124
6742 2 2 7 1 9143 8070 9372
6743 2 2 7 1 6866 5682 9120
6744 2 2 7 1 9549 8984 9611
6745 2 2 7 1 8820 6006 9122
6746 2 2 7 1 9120 5688 9123
6747 2 2 7 1 9476 7953 9477
6748 2 2 7 1 7029 5700 9124
6749 2 2 7 1 5694 7029 9123
6750 2 2 7 1 9236 8245 9572
6751 2 2 7 1 6923 5646 9128
6752 2 2 7 1 9177 7828 9178
6753 2 2 7 1 9179 7827 9291
6754 2 2 7 1 7030 9079 9080
6755 2 2 7 1 7565 8678 9638
6756 2 2 7 1 5496 7305 9125
6757 2 2 7 1 8911 6582 9163
6758 2 2 7 1 1542 6874 9357
6759 2 2 7 1 8927 8938 9437
6760 2 2 7 1 4206 4212 6959
6761 2 2 7 1 7693 7661 9646
6762 2 2 7 1 9163 7849 9164
6763 2 2 7 1 9153 7025 9154
6764 2 2 7 1 1890 1896 7463
6765 2 2 7 1 9066 8803 9551
6766 2 2 7 1 9144 8944 9617
6767 2 2 7 1 9194 8799 9195
6768 2 2 7 1 9190 6905 9191
6769 2 2 7 1 6216 7833 9126
6770 2 2 7 1 6252 6910 9134
6771 2 2 7 1 6972 9204 9205
6772 2 2 7 1 6612 3492 9518
6773 2 2 7 1 6879 8030 9642
6774 2 2 7 1 5652 7340 9128
6775 2 2 7 1 5664 7028 9129
6776 2 2 7 1 7340 5658 9129
6777 2 2 7 1 6240 7832 9130
6778 2 2 7 1 6228 7831 9135
6779 2 2 7 1 7832 6246 9134
6780 2 2 7 1 7833 6222 9135
6781 2 2 7 1 7831 6234 9130
6782 2 2 7 1 4098 4104 7026
6783 2 2 7 1 5508 7341 9136
6784 2 2 7 1 7305 5502 9136
6785 2 2 7 1 5532 6863 9137
6786 2 2 7 1 7342 5526 9137
6787 2 2 7 1 7341 5514 9138
6788 2 2 7 1 5520 7342 9138
6789 2 2 7 1 7498 9016 9633
6790 2 2 7 1 7485 7600 9424
6791 2 2 7 1 3900 7030 9146
6792 2 2 7 1 9198 6887 9199
6793 2 2 7 1 7360 5820 9089
6794 2 2 7 1 7014 7048 9449
6795 2 2 7 1 5142 9117 9140
6796 2 2 7 1 7848 7682 9581
6797 2 2 7 1 7021 1542 7022
6798 2 2 7 1 7679 6981 9324
6799 2 2 7 1 9467 7651 9546
6800 2 2 7 1 7509 7511 9297
6801 2 2 7 1 9171 8692 9365
6802 2 2 7 1 5862 3234 6854
6803 2 2 7 1 2418 6915 9117
6804 2 2 7 1 8334 8335 9614
6805 2 2 7 1 8997 8340 9196
6806 2 2 7 1 6528 8183 9142
6807 2 2 7 1 8183 6534 8985
6808 2 2 7 1 9214 8805 9215
6809 2 2 7 1 9451 8332 9613
6810 2 2 7 1 6916 7430 9374
6811 2 2 7 1 8296 7982 8956
6812 2 2 7 1 4734 4740 7572
6813 2 2 7 1 7566 7112 9470
6814 2 2 7 1 7454 7663 7664
6815 2 2 7 1 4572 6868 8982
6816 2 2 7 1 9209 7353 9300
6817 2 2 7 1 8182 8989 8990
6818 2 2 7 1 4218 4224 6959
6819 2 2 7 1 8332 9451 9581
6820 2 2 7 1 3306 8819 9237
6821 2 2 7 1 8934 8933 9598
6822 2 2 7 1 7985 9489 9649
6823 2 2 7 1 2832 6968 9089
6824 2 2 7 1 8255 8003 9619
6825 2 2 7 1 5838 2850 6914
6826 2 2 7 1 8157 8010 9530
6827 2 2 7 1 8869 8042 9496
6828 2 2 7 1 8821 9237 9238
6829 2 2 7 1 8623 9052 9625
6830 2 2 7 1 9112 7027 9328
6831 2 2 7 1 6972 9209 9300
6832 2 2 7 1 6938 2088 8987
6833 2 2 7 1 7628 7618 9292
6834 2 2 7 1 8851 8815 9280
6835 2 2 7 1 8264 7105 9531
6836 2 2 7 1 8975 8031 9522
6837 2 2 7 1 3084 3090 9661
6838 2 2 7 1 2796 6876 9074
6839 2 2 7 1 8104 9346 9650
6840 2 2 7 1 9081 6880 9377
6841 2 2 7 1 7530 7740 8016
6842 2 2 7 1 6921 5280 9150
6843 2 2 7 1 9318 8063 9603
6844 2 2 7 1 3780 3786 9564
6845 2 2 7 1 8192 3402 9097
6846 2 2 7 1 7734 7735 9491
6847 2 2 7 1 7501 8255 9619
6848 2 2 7 1 5118 2394 9419
6849 2 2 7 1 7916 6959 8677
6850 2 2 7 1 4902 4908 7729
6851 2 2 7 1 3696 3702 6855
6852 2 2 7 1 8922 8771 9606
6853 2 2 7 1 7314 3966 9234
6854 2 2 7 1 2052 2058 7914
6855 2 2 7 1 2172 2178 6936
6856 2 2 7 1 8957 6144 9194
6857 2 2 7 1 8976 8177 9228
6858 2 2 7 1 7027 2412 9140
6859 2 2 7 1 9483 8308 9557
6860 2 2 7 1 9329 6882 9330
6861 2 2 7 1 7741 9394 9511
6862 2 2 7 1 7331 6879 9642
6863 2 2 7 1 6720 9146 9276
6864 2 2 7 1 4494 4500 7545
6865 2 2 7 1 8985 3432 9265
6866 2 2 7 1 7467 7468 9333
6867 2 2 7 1 9192 9191 9527
6868 2 2 7 1 6881 9157 9158
6869 2 2 7 1 7892 8048 9448
6870 2 2 7 1 8964 8204 9516
6871 2 2 7 1 2388 5118 9590
6872 2 2 7 1 9114 7501 9566
6873 2 2 7 1 8135 8984 9549
6874 2 2 7 1 7036 7017 7638
6875 2 2 7 1 9118 7050 9119
6876 2 2 7 1 4626 6816 9550
6877 2 2 7 1 2784 6866 9657
6878 2 2 7 1 2106 5070 9571
6879 2 2 7 1 8302 8303 9267
6880 2 2 7 1 6414 7612 9166
6881 2 2 7 1 7471 2148 9168
6882 2 2 7 1 7612 6420 9167
6883 2 2 7 1 6426 7610 9167
6884 2 2 7 1 9150 5286 9153
6885 2 2 7 1 3174 3180 9535
6886 2 2 7 1 7050 8781 9119
6887 2 2 7 1 6987 3870 9180
6888 2 2 7 1 6816 4632 7560
6889 2 2 7 1 9067 9066 9551
6890 2 2 7 1 2334 7085 9322
6891 2 2 7 1 2556 2562 9572
6892 2 2 7 1 7861 5058 8323
6893 2 2 7 1 8673 8674 9046
6894 2 2 7 1 5178 2454 6958
6895 2 2 7 1 5070 2112 8648
6896 2 2 7 1 8954 8953 9618
6897 2 2 7 1 8356 8976 9228
6898 2 2 7 1 7545 9114 9566
6899 2 2 7 1 8193 7290 9250
6900 2 2 7 1 8902 6916 9374
6901 2 2 7 1 7694 7052 9651
6902 2 2 7 1 7042 9514 9669
6903 2 2 7 1 6762 3942 7044
6904 2 2 7 1 5940 8921 9170
6905 2 2 7 1 7521 8872 9520
6906 2 2 7 1 5274 6921 8919
6907 2 2 7 1 5550 7322 9539
6908 2 2 7 1 8876 8877 9667
6909 2 2 7 1 9004 8875 9412
6910 2 2 7 1 4314 7051 7762
6911 2 2 7 1 3684 6855 7478
6912 2 2 7 1 2826 7360 9375
6913 2 2 7 1 9504 7897 9630
6914 2 2 7 1 3312 6906 9122
6915 2 2 7 1 8740 8739 9505
6916 2 2 7 1 9203 9186 9495
6917 2 2 7 1 4680 6859 9148
6918 2 2 7 1 6294 7829 9175
6919 2 2 7 1 7828 6324 9176
6920 2 2 7 1 6678 7436 9180
6921 2 2 7 1 7030 6726 9079
6922 2 2 7 1 6318 7828 9177
6923 2 2 7 1 7829 6300 9179
6924 2 2 7 1 7827 6312 9177
6925 2 2 7 1 6306 7827 9179
6926 2 2 7 1 6896 3204 9004
6927 2 2 7 1 7357 9260 9269
6928 2 2 7 1 9260 7025 9269
6929 2 2 7 1 8291 8130 9623
6930 2 2 7 1 7610 6432 9171
6931 2 2 7 1 8060 8062 9417
6932 2 2 7 1 8051 8717 9436
6933 2 2 7 1 6883 6054 9184
6934 2 2 7 1 6905 6174 9187
6935 2 2 7 1 6865 5250 9174
6936 2 2 7 1 4488 4494 9566
6937 2 2 7 1 4566 8982 9188
6938 2 2 7 1 8832 6042 9189
6939 2 2 7 1 6048 6883 9189
6940 2 2 7 1 6150 8799 9194
6941 2 2 7 1 6168 6905 9190
6942 2 2 7 1 8875 8876 9412
6943 2 2 7 1 6162 9190 9193
6944 2 2 7 1 8799 6156 9193
6945 2 2 7 1 7843 3264 9425
6946 2 2 7 1 9477 8312 9576
6947 2 2 7 1 3486 6612 8253
6948 2 2 7 1 7242 2328 9322
6949 2 2 7 1 7548 7525 7549
6950 2 2 7 1 7460 7461 9384
6951 2 2 7 1 3816 7245 9207
6952 2 2 7 1 4002 4008 6872
6953 2 2 7 1 5244 6865 9218
6954 2 2 7 1 9511 8174 9626
6955 2 2 7 1 6642 3840 7482
6956 2 2 7 1 8703 5934 9170
6957 2 2 7 1 7114 8736 9542
6958 2 2 7 1 7042 9513 9514
6959 2 2 7 1 7055 3072 9662
6960 2 2 7 1 9228 8176 9481
6961 2 2 7 1 7105 7106 9531
6962 2 2 7 1 7283 3450 9115
6963 2 2 7 1 8958 6942 9361
6964 2 2 7 1 8933 8932 9598
6965 2 2 7 1 8695 7127 8696
6966 2 2 7 1 7121 9533 9596
6967 2 2 7 1 8351 6360 9198
6968 2 2 7 1 8625 6384 9197
6969 2 2 7 1 8223 9401 9479
6970 2 2 7 1 3462 7849 9163
6971 2 2 7 1 6901 8167 8862
6972 2 2 7 1 2724 7025 9153
6973 2 2 7 1 6378 8625 9201
6974 2 2 7 1 6366 6887 9198
6975 2 2 7 1 6887 6372 9201
6976 2 2 7 1 8917 8629 9510
6977 2 2 7 1 9441 5952 9555
6978 2 2 7 1 9026 6886 9606
6979 2 2 7 1 7530 4830 7740
6980 2 2 7 1 7748 7708 9409
6981 2 2 7 1 5766 7323 9204
6982 2 2 7 1 4620 6810 9584
6983 2 2 7 1 2082 6938 8891
6984 2 2 7 1 3222 5856 9582
6985 2 2 7 1 8066 9318 9417
6986 2 2 7 1 7825 9557 9653
6987 2 2 7 1 4914 4920 7729
6988 2 2 7 1 6909 6480 9208
6989 2 2 7 1 7670 6852 8107
6990 2 2 7 1 6036 8832 9202
6991 2 2 7 1 7621 9311 9579
6992 2 2 7 1 6915 5148 9099
6993 2 2 7 1 5886 6877 9116
6994 2 2 7 1 6486 8287 9208
6995 2 2 7 1 7553 8778 9567
6996 2 2 7 1 8050 9015 9658
6997 2 2 7 1 1518 7372 8259
6998 2 2 7 1 8826 9203 9495
6999 2 2 7 1 7515 7923 7924
7000 2 2 7 1 7455 8293 9663
7001 2 2 7 1 8805 6108 9211
7002 2 2 7 1 6084 6903 9212
7003 2 2 7 1 8271 7750 9414
7004 2 2 7 1 2454 5184 9559
7005 2 2 7 1 6102 8805 9214
7006 2 2 7 1 6903 6090 9216
7007 2 2 7 1 6096 9214 9216
7008 2 2 7 1 7861 8323 8324
7009 2 2 7 1 6810 4626 8747
7010 2 2 7 1 3834 6642 9629
7011 2 2 7 1 4110 4116 7026
7012 2 2 7 1 2514 2520 9561
7013 2 2 7 1 2130 5094 7472
7014 2 2 7 1 7887 7888 9299
7015 2 2 7 1 7936 8252 9626
7016 2 2 7 1 8894 6935 9514
7017 2 2 7 1 6859 4686 9102
7018 2 2 7 1 8252 8249 9430
7019 2 2 7 1 6972 5760 9204
7020 2 2 7 1 8252 9511 9626
7021 2 2 7 1 6880 9264 9377
7022 2 2 7 1 6822 4638 7561
7023 2 2 7 1 3396 8692 9171
7024 2 2 7 1 8306 9267 9557
7025 2 2 7 1 3282 8703 9294
7026 2 2 7 1 7252 7006 9662
7027 2 2 7 1 8194 9154 9612
7028 2 2 7 1 8348 2292 8715
7029 2 2 7 1 9079 3906 9262
7030 2 2 7 1 7942 7874 9422
7031 2 2 7 1 7657 3252 9116
7032 2 2 7 1 8728 8291 9623
7033 2 2 7 1 7245 8673 9046
7034 2 2 7 1 7760 8949 8950
7035 2 2 7 1 8790 7988 9532
7036 2 2 7 1 7741 8878 9476
7037 2 2 7 1 8811 8807 9442
7038 2 2 7 1 8635 7983 9537
7039 2 2 7 1 6940 3744 7694
7040 2 2 7 1 9295 7966 9547
7041 2 2 7 1 7660 7659 9467
7042 2 2 7 1 2508 2514 7854
7043 2 2 7 1 6871 8033 9338
7044 2 2 7 1 6953 8710 8962
7045 2 2 7 1 9514 6935 9665
7046 2 2 7 1 8961 7843 9607
7047 2 2 7 1 3774 3780 6893
7048 2 2 7 1 9440 7565 9638
7049 2 2 7 1 8287 6492 9226
7050 2 2 7 1 8270 8714 9540
7051 2 2 7 1 2634 6920 6943
7052 2 2 7 1 7515 7924 9392
7053 2 2 7 1 7729 7523 8638
7054 2 2 7 1 9141 3510 9221
7055 2 2 7 1 7557 7556 9578
7056 2 2 7 1 7753 6945 7898
7057 2 2 7 1 4152 4158 7671
7058 2 2 7 1 4746 4752 8998
7059 2 2 7 1 7914 8083 9594
7060 2 2 7 1 7096 2664 8947
7061 2 2 7 1 4638 6828 9583
7062 2 2 7 1 2718 8919 9337
7063 2 2 7 1 6922 7563 7564
7064 2 2 7 1 7512 3564 9392
7065 2 2 7 1 7323 5772 9230
7066 2 2 7 1 7625 9475 9637
7067 2 2 7 1 3540 3546 7513
7068 2 2 7 1 8039 8698 9643
7069 2 2 7 1 9099 2424 9287
7070 2 2 7 1 9508 8840 9509
7071 2 2 7 1 8246 9314 9519
7072 2 2 7 1 8821 5988 9237
7073 2 2 7 1 4482 4488 7501
7074 2 2 7 1 5982 8821 9241
7075 2 2 7 1 2604 2610 7477
7076 2 2 7 1 6952 3810 9207
7077 2 2 7 1 5856 3228 8642
7078 2 2 7 1 4242 4248 8078
7079 2 2 7 1 8814 3318 9202
7080 2 2 7 1 7245 3822 8673
7081 2 2 7 1 1350 1356 7053
7082 2 2 7 1 7682 8332 9581
7083 2 2 7 1 2802 6972 9300
7084 2 2 7 1 7535 4560 9188
7085 2 2 7 1 2712 7378 9174
7086 2 2 7 1 3570 7515 9392
7087 2 2 7 1 2238 2244 7650
7088 2 2 7 1 8154 8156 9632
7089 2 2 7 1 7850 9005 9652
7090 2 2 7 1 2550 2556 7130
7091 2 2 7 1 8825 8797 9588
7092 2 2 7 1 8249 9429 9430
7093 2 2 7 1 7361 7091 7954
7094 2 2 7 1 9250 8618 9500
7095 2 2 7 1 6986 5796 9169
7096 2 2 7 1 4614 6804 9600
7097 2 2 7 1 8936 8934 9598
7098 2 2 7 1 4266 4272 6994
7099 2 2 7 1 5802 7364 9169
7100 2 2 7 1 6672 6987 9296
7101 2 2 7 1 7389 8089 8090
7102 2 2 7 1 9451 7911 9581
7103 2 2 7 1 1362 1368 7579
7104 2 2 7 1 2046 2052 9427
7105 2 2 7 1 2154 7473 9168
7106 2 2 7 1 7690 6946 9434
7107 2 2 7 1 6944 9661 9662
7108 2 2 7 1 8048 8355 9568
7109 2 2 7 1 6804 4620 6860
7110 2 2 7 1 6882 5976 9241
7111 2 2 7 1 8038 8039 9643
7112 2 2 7 1 7834 9210 9649
7113 2 2 7 1 8231 8232 9644
7114 2 2 7 1 1494 7005 9616
7115 2 2 7 1 7338 2706 9218
7116 2 2 7 1 8804 9223 9442
7117 2 2 7 1 3684 3690 6855
7118 2 2 7 1 3414 6991 9226
7119 2 2 7 1 7620 7618 9605
7120 2 2 7 1 4140 4146 7671
7121 2 2 7 1 1866 1872 8089
7122 2 2 7 1 9607 9161 9608
7123 2 2 7 1 4476 4482 9619
7124 2 2 7 1 1374 1380 6931
7125 2 2 7 1 8929 8927 9437
7126 2 2 7 1 7912 9281 9282
7127 2 2 7 1 9114 8722 9558
7128 2 2 7 1 7935 7936 9626
7129 2 2 7 1 7033 9272 9454
7130 2 2 7 1 1176 6932 7465
7131 2 2 7 1 7987 8117 9634
7132 2 2 7 1 9487 7539 9547
7133 2 2 7 1 5064 2106 6964
7134 2 2 7 1 3972 6949 9234
7135 2 2 7 1 7661 7656 9646
7136 2 2 7 1 7868 9152 9522
7137 2 2 7 1 1848 7389 7857
7138 2 2 7 1 9102 4692 9302
7139 2 2 7 1 1878 1884 8089
7140 2 2 7 1 8878 7953 9476
7141 2 2 7 1 4254 4260 8078
7142 2 2 7 1 3828 6636 6873
7143 2 2 7 1 7681 7551 9567
7144 2 2 7 1 7918 8154 9632
7145 2 2 7 1 7329 9231 9308
7146 2 2 7 1 6540 6911 9265
7147 2 2 7 1 9175 7829 9656
7148 2 2 7 1 9399 7707 9569
7149 2 2 7 1 2544 2550 9553
7150 2 2 7 1 8930 8931 9225
7151 2 2 7 1 7243 7069 9533
7152 2 2 7 1 5310 6856 9268
7153 2 2 7 1 5196 2676 9633
7154 2 2 7 1 2670 5196 6861
7155 2 2 7 1 5136 7027 9112
7156 2 2 7 1 8717 7875 9436
7157 2 2 7 1 7025 5292 9269
7158 2 2 7 1 7894 7892 9448
7159 2 2 7 1 7357 5304 9268
7160 2 2 7 1 5298 7357 9269
7161 2 2 7 1 1392 1398 7057
7162 2 2 7 1 6618 3498 6960
7163 2 2 7 1 7449 7662 9585
7164 2 2 7 1 7522 7861 9293
7165 2 2 7 1 6636 3834 9628
7166 2 2 7 1 6983 7746 7839
7167 2 2 7 1 8631 9443 9524
7168 2 2 7 1 9042 7842 9636
7169 2 2 7 1 5112 2388 6956
7170 2 2 7 1 3300 6882 9329
7171 2 2 7 1 7992 7989 9504
7172 2 2 7 1 4608 6798 7042
7173 2 2 7 1 7439 9397 9521
7174 2 2 7 1 7849 6588 9501
7175 2 2 7 1 9489 7834 9649
7176 2 2 7 1 1380 1386 9655
7177 2 2 7 1 3516 6891 9221
7178 2 2 7 1 9073 8164 9592
7179 2 2 7 1 7091 7361 9661
7180 2 2 7 1 6798 4614 9640
7181 2 2 7 1 5214 6916 8902
7182 2 2 7 1 7112 7113 9470
7183 2 2 7 1 2538 2544 7675
7184 2 2 7 1 8117 9149 9634
7185 2 2 7 1 6911 6546 9275
7186 2 2 7 1 2808 6894 9230
7187 2 2 7 1 1404 1410 7641
7188 2 2 7 1 4554 7535 9277
7189 2 2 7 1 8296 8956 9362
7190 2 2 7 1 3168 3174 6927
7191 2 2 7 1 7318 9449 9568
7192 2 2 7 1 7362 3864 9296
7193 2 2 7 1 2814 6986 9370
7194 2 2 7 1 7531 7516 9560
7195 2 2 7 1 7911 7848 9581
7196 2 2 7 1 8190 7343 8712
7197 2 2 7 1 7478 6855 9574
7198 2 2 7 1 7350 1482 9616
7199 2 2 7 1 6732 6880 9262
7200 2 2 7 1 8303 8301 9593
7201 2 2 7 1 7921 7650 9648
7202 2 2 7 1 2688 8902 9350
7203 2 2 7 1 6456 8192 9283
7204 2 2 7 1 8692 6438 9285
7205 2 2 7 1 1296 6961 9494
7206 2 2 7 1 6888 6450 9283
7207 2 2 7 1 6444 6888 9285
7208 2 2 7 1 8329 8328 9523
7209 2 2 7 1 1416 1422 6955
7210 2 2 7 1 7516 7517 9560
7211 2 2 7 1 7539 9487 9560
7212 2 2 7 1 7887 9299 9373
7213 2 2 7 1 1140 1146 7017
7214 2 2 7 1 9448 8048 9568
7215 2 2 7 1 7663 7449 9585
7216 2 2 7 1 7092 1290 9494
7217 2 2 7 1 2370 7001 8719
7218 2 2 7 1 6881 3276 9157
7219 2 2 7 1 6925 3894 9276
7220 2 2 7 1 4644 6834 6900
7221 2 2 7 1 5922 8704 9157
7222 2 2 7 1 4470 4476 8003
7223 2 2 7 1 7242 9322 9541
7224 2 2 7 1 8704 5928 9294
7225 2 2 7 1 3114 6957 7954
7226 2 2 7 1 7672 7522 9293
7227 2 2 7 1 4602 6792 9665
7228 2 2 7 1 7523 4938 7548
7229 2 2 7 1 2094 7102 8987
7230 2 2 7 1 1434 1440 7094
7231 2 2 7 1 7284 7000 7738
7232 2 2 7 1 6880 3912 9264
7233 2 2 7 1 7353 5754 9300
7234 2 2 7 1 4758 4764 6857
7235 2 2 7 1 9085 8741 9396
7236 2 2 7 1 4590 7050 9118
7237 2 2 7 1 2406 9112 9342
7238 2 2 7 1 2670 6861 8947
7239 2 2 7 1 6906 6012 9307
7240 2 2 7 1 3438 8180 9275
7241 2 2 7 1 6030 8814 9306
7242 2 2 7 1 7450 2010 7634
7243 2 2 7 1 8816 6024 9306
7244 2 2 7 1 6018 8816 9307
7245 2 2 7 1 2922 6983 8167
7246 2 2 7 1 6792 4608 9669
7247 2 2 7 1 8164 8979 9592
7248 2 2 7 1 2136 5100 7485
7249 2 2 7 1 3198 6896 9305
7250 2 2 7 1 6930 7465 7466
7251 2 2 7 1 9260 9261 9612
7252 2 2 7 1 9161 9602 9608
7253 2 2 7 1 7667 9057 9575
7254 2 2 7 1 1446 1452 7678
7255 2 2 7 1 9429 8007 9430
7256 2 2 7 1 1332 1338 6953
7257 2 2 7 1 8007 9271 9654
7258 2 2 7 1 1650 1656 7122
7259 2 2 7 1 5850 3222 6985
7260 2 2 7 1 6963 4662 9147
7261 2 2 7 1 2076 8891 9325
7262 2 2 7 1 2484 7047 9273
7263 2 2 7 1 7373 6510 9310
7264 2 2 7 1 7118 7356 7492
7265 2 2 7 1 5154 7033 9287
7266 2 2 7 1 4014 4020 7467
7267 2 2 7 1 8622 8623 9542
7268 2 2 7 1 9059 7661 9660
7269 2 2 7 1 7508 4548 9277
7270 2 2 7 1 5880 7657 9266
7271 2 2 7 1 7127 2862 9344
7272 2 2 7 1 3948 6774 6871
7273 2 2 7 1 8736 8622 9542
7274 2 2 7 1 7622 7620 9605
7275 2 2 7 1 1188 1194 6932
7276 2 2 7 1 3804 6952 9360
7277 2 2 7 1 8603 9090 9595
7278 2 2 7 1 1458 1464 6981
7279 2 2 7 1 5844 2856 8695
7280 2 2 7 1 7896 7894 9620
7281 2 2 7 1 8759 8200 9479
7282 2 2 7 1 7921 8274 9546
7283 2 2 7 1 7289 7290 8193
7284 2 2 7 1 7033 2430 9272
7285 2 2 7 1 4398 6878 9524
7286 2 2 7 1 7356 1830 7857
7287 2 2 7 1 7650 2256 8172
7288 2 2 7 1 8274 9467 9546
7289 2 2 7 1 4650 6840 7558
7290 2 2 7 1 8255 9114 9558
7291 2 2 7 1 8174 7935 9626
7292 2 2 7 1 2094 1086 7102
7293 2 2 7 1 4698 7571 9302
7294 2 2 7 1 9573 8929 9597
7295 2 2 7 1 2460 5190 7441
7296 2 2 7 1 7655 3246 9266
7297 2 2 7 1 1770 1776 9088
7298 2 2 7 1 8076 8038 9643
7299 2 2 7 1 4920 4926 7523
7300 2 2 7 1 8219 7918 9632
7301 2 2 7 1 6786 4602 6935
7302 2 2 7 1 6666 7362 9367
7303 2 2 7 1 8712 7343 9541
7304 2 2 7 1 8929 9437 9597
7305 2 2 7 1 9210 8941 9649
7306 2 2 7 1 9449 9448 9568
7307 2 2 7 1 2250 2256 7650
7308 2 2 7 1 7664 7663 9585
7309 2 2 7 1 8846 5970 9329
7310 2 2 7 1 8269 8231 9644
7311 2 2 7 1 7054 4392 9524
7312 2 2 7 1 8723 7987 9634
7313 2 2 7 1 1476 1482 7350
7314 2 2 7 1 8979 7631 9592
7315 2 2 7 1 7946 7916 8677
7316 2 2 7 1 7656 7752 9646
7317 2 2 7 1 9499 6985 9582
7318 2 2 7 1 8078 6994 8079
7319 2 2 7 1 2658 7096 9408
7320 2 2 7 1 7634 2016 9206
7321 2 2 7 1 7035 5268 9337
7322 2 2 7 1 7468 8653 9670
7323 2 2 7 1 6624 3504 7576
7324 2 2 7 1 1140 7036 9491
7325 2 2 7 1 4134 4140 6897
7326 2 2 7 1 4182 6948 7919
7327 2 2 7 1 2184 2190 7659
7328 2 2 7 1 7576 3504 9141
7329 2 2 7 1 4542 7508 9343
7330 2 2 7 1 8642 9499 9582
7331 2 2 7 1 7649 2226 7921
7332 2 2 7 1 8145 8866 9486
7333 2 2 7 1 1176 1182 6932
7334 2 2 7 1 4032 4038 9664
7335 2 2 7 1 6846 4662 6963
7336 2 2 7 1 7740 4830 9421
7337 2 2 7 1 7651 2202 9546
7338 2 2 7 1 4590 6780 7050
7339 2 2 7 1 6957 3132 7690
7340 2 2 7 1 8180 6552 9345
7341 2 2 7 1 9333 7468 9670
7342 2 2 7 1 9005 7847 9652
7343 2 2 7 1 2364 8719 9407
7344 2 2 7 1 1662 1668 7122
7345 2 2 7 1 5106 2382 7556
7346 2 2 7 1 4770 4776 7568
7347 2 2 7 1 9412 8876 9667
7348 2 2 7 1 7716 9336 9368
7349 2 2 7 1 8949 7760 9455
7350 2 2 7 1 6908 3858 9367
7351 2 2 7 1 2208 7649 9546
7352 2 2 7 1 4932 4938 7523
7353 2 2 7 1 6558 6990 9345
7354 2 2 7 1 1494 1500 7005
7355 2 2 7 1 8955 8740 9618
7356 2 2 7 1 8762 8977 9548
7357 2 2 7 1 1722 1728 9596
7358 2 2 7 1 6946 7486 9434
7359 2 2 7 1 6990 3444 9313
7360 2 2 7 1 4122 4128 6897
7361 2 2 7 1 4206 6959 7916
7362 2 2 7 1 3624 7284 8986
7363 2 2 7 1 2856 7127 8695
7364 2 2 7 1 7966 9487 9547
7365 2 2 7 1 8628 9535 9536
7366 2 2 7 1 3270 9159 9423
7367 2 2 7 1 2622 2628 6929
7368 2 2 7 1 6855 8103 9574
7369 2 2 7 1 8217 8991 9635
7370 2 2 7 1 7034 3474 9320
7371 2 2 7 1 9427 7914 9594
7372 2 2 7 1 9428 7991 9482
7373 2 2 7 1 1860 1866 7389
7374 2 2 7 1 7536 4536 9343
7375 2 2 7 1 6934 5130 9342
7376 2 2 7 1 9401 8759 9479
7377 2 2 7 1 7383 5790 9370
7378 2 2 7 1 4842 6853 9421
7379 2 2 7 1 7284 7738 8986
7380 2 2 7 1 1536 7021 8263
7381 2 2 7 1 1530 1536 8263
7382 2 2 7 1 2334 2340 7085
7383 2 2 7 1 9533 7069 9596
7384 2 2 7 1 8200 9247 9479
7385 2 2 7 1 7522 7860 7861
7386 2 2 7 1 7298 3192 9305
7387 2 2 7 1 8630 9301 9647
7388 2 2 7 1 7451 2070 9325
7389 2 2 7 1 4446 4452 6870
7390 2 2 7 1 6899 5814 9375
7391 2 2 7 1 7358 3798 9360
7392 2 2 7 1 7343 2310 9541
7393 2 2 7 1 3708 7128 8103
7394 2 2 7 1 4230 6984 8677
7395 2 2 7 1 1518 1524 7372
7396 2 2 7 1 7016 5208 9350
7397 2 2 7 1 5874 7655 9349
7398 2 2 7 1 1506 1512 8259
7399 2 2 7 1 9346 7903 9650
7400 2 2 7 1 6660 6908 9413
7401 2 2 7 1 9538 5544 9539
7402 2 2 7 1 6930 7466 9353
7403 2 2 7 1 1314 1320 7087
7404 2 2 7 1 6959 4224 8677
7405 2 2 7 1 2700 6999 9459
7406 2 2 7 1 4026 4032 7008
7407 2 2 7 1 4530 7536 9387
7408 2 2 7 1 8281 3240 9349
7409 2 2 7 1 2400 6934 9420
7410 2 2 7 1 3756 3762 7052
7411 2 2 7 1 9513 8894 9514
7412 2 2 7 1 7515 3582 7923
7413 2 2 7 1 4782 4788 7529
7414 2 2 7 1 9090 8040 9595
7415 2 2 7 1 2580 7381 9348
7416 2 2 7 1 2868 6941 9344
7417 2 2 7 1 1104 1110 9353
7418 2 2 7 1 7018 2574 9348
7419 2 2 7 1 2520 7675 9561
7420 2 2 7 1 1554 1560 7126
7421 2 2 7 1 7532 9451 9613
7422 2 2 7 1 1848 1854 7389
7423 2 2 7 1 7062 9477 9576
7424 2 2 7 1 7421 3852 9413
7425 2 2 7 1 6696 7040 9364
7426 2 2 7 1 7366 3990 9351
7427 2 2 7 1 8640 4524 9387
7428 2 2 7 1 4716 7570 9622
7429 2 2 7 1 1842 1848 7857
7430 2 2 7 1 7091 3108 7954
7431 2 2 7 1 7334 5832 9331
7432 2 2 7 1 6901 2916 8167
7433 2 2 7 1 2028 2034 7207
7434 2 2 7 1 3558 3564 7512
7435 2 2 7 1 6904 2964 7761
7436 2 2 7 1 2682 7016 9469
7437 2 2 7 1 9448 9449 9620
7438 2 2 7 1 6922 2988 7563
7439 2 2 7 1 9402 7121 9596
7440 2 2 7 1 7031 4308 7762
7441 2 2 7 1 2310 7242 9541
7442 2 2 7 1 9154 9260 9612
7443 2 2 7 1 1830 1836 7857
7444 2 2 7 1 4362 6945 7753
7445 2 2 7 1 7841 5904 9423
7446 2 2 7 1 3678 3684 7478
7447 2 2 7 1 7052 8721 9651
7448 2 2 7 1 1746 1752 9402
7449 2 2 7 1 3792 7358 9354
7450 2 2 7 1 2064 7451 9431
7451 2 2 7 1 7570 4722 9391
7452 2 2 7 1 5898 7841 9425
7453 2 2 7 1 7646 8917 9510
7454 2 2 7 1 1170 1176 7465
7455 2 2 7 1 3882 9364 9461
7456 2 2 7 1 4938 4944 7548
7457 2 2 7 1 8721 8160 9651
7458 2 2 7 1 4518 8640 9433
7459 2 2 7 1 7037 2358 9407
7460 2 2 7 1 3186 7298 9536
7461 2 2 7 1 6654 7421 9480
7462 2 2 7 1 6948 4200 7916
7463 2 2 7 1 7738 8984 8986
7464 2 2 7 1 2994 6928 7563
7465 2 2 7 1 6930 1128 7465
7466 2 2 7 1 2886 2892 7045
7467 2 2 7 1 5868 8281 9411
7468 2 2 7 1 7386 5124 9420
7469 2 2 7 1 7118 1812 7356
7470 2 2 7 1 6855 3702 8103
7471 2 2 7 1 6913 4176 7919
7472 2 2 7 1 1140 7017 7036
7473 2 2 7 1 6854 3234 9411
7474 2 2 7 1 7825 9483 9557
7475 2 2 7 1 7429 5226 9459
7476 2 2 7 1 8893 9441 9555
7477 2 2 7 1 7877 2652 9408
7478 2 2 7 1 2196 2202 7651
7479 2 2 7 1 6869 4512 9433
7480 2 2 7 1 6867 6690 9461
7481 2 2 7 1 7004 4350 7753
7482 2 2 7 1 1296 1302 6961
7483 2 2 7 1 4800 4806 7528
7484 2 2 7 1 4950 4956 7548
7485 2 2 7 1 6997 3024 7846
7486 2 2 7 1 6998 3846 9480
7487 2 2 7 1 1128 1164 7465
7488 2 2 7 1 6892 3606 8348
7489 2 2 7 1 4416 4422 7046
7490 2 2 7 1 7627 9508 9509
7491 2 2 7 1 2394 7386 9419
7492 2 2 7 1 7000 3666 7478
7493 2 2 7 1 7393 5172 9446
7494 2 2 7 1 3054 7055 9662
7495 2 2 7 1 3666 3672 7478
7496 2 2 7 1 4506 6869 9497
7497 2 2 7 1 7914 2058 9431
7498 2 2 7 1 6853 4854 7939
7499 2 2 7 1 1794 7118 7959
7500 2 2 7 1 6933 6756 9460
7501 2 2 7 1 1824 1830 7356
7502 2 2 7 1 9545 5676 9657
7503 2 2 7 1 3786 9354 9564
7504 2 2 7 1 8648 2112 9474
7505 2 2 7 1 7498 5202 9469
7506 2 2 7 1 1200 7289 8193
7507 2 2 7 1 3144 3150 6946
7508 2 2 7 1 6648 6998 9552
7509 2 2 7 1 9535 3180 9536
7510 2 2 7 1 1674 1680 7243
7511 2 2 7 1 4044 4050 6875
7512 2 2 7 1 6932 1194 8193
7513 2 2 7 1 7545 4500 9497
7514 2 2 7 1 1812 1818 7356
7515 2 2 7 1 5862 6854 9498
7516 2 2 7 1 1716 1722 9596
7517 2 2 7 1 7482 3840 9552
7518 2 2 7 1 2256 2262 8172
7519 2 2 7 1 8642 3228 9498
7520 2 2 7 1 4398 4404 6878
7521 2 2 7 1 2676 7498 9633
7522 2 2 7 1 5118 9419 9590
7523 2 2 7 1 4818 4824 7530
7524 2 2 7 1 4494 7545 9566
7525 2 2 7 1 1686 1692 7243
7526 2 2 7 1 6983 2934 7746
7527 2 2 7 1 6816 7560 9550
7528 2 2 7 1 5070 8648 9571
7529 2 2 7 1 7894 9448 9620
7530 2 2 7 1 8747 4626 9550
7531 2 2 7 1 1278 1284 7092
7532 2 2 7 1 8253 6612 9518
7533 2 2 7 1 6939 2286 9491
7534 2 2 7 1 9252 9628 9629
7535 2 2 7 1 9088 7121 9402
7536 2 2 7 1 8939 9538 9539
7537 2 2 7 1 2052 7914 9427
7538 2 2 7 1 7860 5040 7861
7539 2 2 7 1 6893 3780 9564
7540 2 2 7 1 6958 2454 9559
7541 2 2 7 1 6642 7482 9629
7542 2 2 7 1 4962 4968 7525
7543 2 2 7 1 6964 2106 9571
7544 2 2 7 1 4866 7526 7939
7545 2 2 7 1 7501 4488 9566
7546 2 2 7 1 3594 6892 7923
7547 2 2 7 1 6810 8747 9584
7548 2 2 7 1 1122 1128 6930
7549 2 2 7 1 1806 1812 7118
7550 2 2 7 1 7130 2556 9572
7551 2 2 7 1 3036 7006 7846
7552 2 2 7 1 6929 2628 9556
7553 2 2 7 1 6956 2388 9590
7554 2 2 7 1 6860 4620 9584
7555 2 2 7 1 8983 9545 9657
7556 2 2 7 1 1584 1590 7066
7557 2 2 7 1 7561 4638 9583
7558 2 2 7 1 1794 1800 7118
7559 2 2 7 1 2316 2322 7242
7560 2 2 7 1 6927 3174 9535
7561 2 2 7 1 3576 3582 7515
7562 2 2 7 1 5856 8642 9582
7563 2 2 7 1 7525 4980 7672
7564 2 2 7 1 3732 3738 6940
7565 2 2 7 1 9628 3834 9629
7566 2 2 7 1 4482 7501 9619
7567 2 2 7 1 1788 1794 7959
7568 2 2 7 1 6804 6860 9600
7569 2 2 7 1 4380 4386 7054
7570 2 2 7 1 1110 1116 6930
7571 2 2 7 1 4974 4980 7525
7572 2 2 7 1 7854 2514 9561
7573 2 2 7 1 2946 6904 7746
7574 2 2 7 1 7036 7734 9491
7575 2 2 7 1 6985 3222 9582
7576 2 2 7 1 4614 9600 9640
7577 2 2 7 1 2268 2274 8172
7578 2 2 7 1 2298 7343 8190
7579 2 2 7 1 6861 5196 9633
7580 2 2 7 1 3660 3666 7000
7581 2 2 7 1 6931 1380 9655
7582 2 2 7 1 1776 1782 7959
7583 2 2 7 1 2550 7130 9553
7584 2 2 7 1 8003 4476 9619
7585 2 2 7 1 6873 6636 9628
7586 2 2 7 1 7042 6798 9640
7587 2 2 7 1 4608 7042 9669
7588 2 2 7 1 3648 3654 7000
7589 2 2 7 1 7675 9553 9561
7590 2 2 7 1 6879 4086 8030
7591 2 2 7 1 1260 1266 6977
7592 2 2 7 1 3624 3630 7284
7593 2 2 7 1 4062 4068 7043
7594 2 2 7 1 9665 6792 9669
7595 2 2 7 1 6935 4602 9665
7596 2 2 7 1 2214 2220 7649
7597 2 2 7 1 4362 4368 6945
7598 2 2 7 1 2274 6939 8172
7599 2 2 7 1 4848 4854 6853
7600 2 2 7 1 1998 2004 7450
7601 2 2 7 1 4980 4986 7672
7602 2 2 7 1 7675 2544 9553
7603 2 2 7 1 1764 1770 7119
7604 2 2 7 1 1602 1608 7575
7605 2 2 7 1 3588 3594 7923
7606 2 2 7 1 4350 4356 7753
7607 2 2 7 1 4992 4998 7672
7608 2 2 7 1 1752 1758 7119
7609 2 2 7 1 2988 2994 7563
7610 2 2 7 1 1242 1248 7637
7611 2 2 7 1 4860 4866 7939
7612 2 2 7 1 3018 3024 6997
7613 2 2 7 1 1698 1704 7069
7614 2 2 7 1 1158 1104 7745
7615 2 2 7 1 2976 2982 6922
7616 2 2 7 1 4338 4344 7004
7617 2 2 7 1 7008 4032 9664
7618 2 2 7 1 3120 3126 6957
7619 2 2 7 1 3714 3720 7128
7620 2 2 7 1 7120 9402 9596
7621 2 2 7 1 1944 1950 7449
7622 2 2 7 1 1098 1134 7745
7623 2 2 7 1 2904 2910 6901
7624 2 2 7 1 1740 1746 7120
7625 2 2 7 1 4098 7026 8030
7626 2 2 7 1 2928 2934 6983
7627 2 2 7 1 3000 3006 6928
7628 2 2 7 1 3030 3036 7846
7629 2 2 7 1 1710 1716 7069
7630 2 2 7 1 4872 4878 7526
7631 2 2 7 1 1908 7454 7909
7632 2 2 7 1 4080 4086 6879
7633 2 2 7 1 3060 3066 7055
7634 2 2 7 1 4320 4326 7051
7635 2 2 7 1 1728 1734 7120
7636 2 2 7 1 7463 1896 7909
7637 2 2 7 1 3042 3048 7006
7638 2 2 7 1 2274 2280 6939
7639 2 2 7 1 3636 3642 7284
7640 2 2 7 1 2298 2304 7343
7641 2 2 7 1 6926 1098 7745
7642 2 2 7 1 1620 1626 7065
7643 2 2 7 1 2940 2946 7746
7644 2 2 7 1 1224 1230 6988
7645 2 2 7 1 3600 3606 6892
7646 2 2 7 1 5004 5010 7522
7647 2 2 7 1 5016 5022 7522
7648 2 2 7 1 1980 1986 7440
7649 2 2 7 1 3078 3084 6944
7650 2 2 7 1 6984 4242 8078
7651 2 2 7 1 3096 3102 7091
7652 2 2 7 1 2952 2958 6904
7653 2 2 7 1 7522 5022 7860
7654 2 2 7 1 1728 7120 9596
7655 2 2 7 1 1092 1098 6926
7656 2 2 7 1 4890 4896 7524
7657 2 2 7 1 4296 4302 7031
7658 2 2 7 1 1884 7463 8089
7659 2 2 7 1 4260 6994 8078
7660 2 2 7 1 4092 4098 8030
7661 2 2 7 1 1146 1152 6926
7662 2 2 7 1 1776 7959 9088
7663 2 2 7 1 1206 1212 7289
7664 2 2 7 1 7119 1770 9088
7665 2 2 7 1 4188 4194 6948
7666 2 2 7 1 1926 1932 7663
7667 2 2 7 1 6944 3084 9661
7668 2 2 7 1 1638 1644 7249
7669 2 2 7 1 5022 5028 7860
7670 2 2 7 1 1962 1968 7633
7671 2 2 7 1 4908 4914 7729
7672 2 2 7 1 4278 4284 7007
7673 2 2 7 1 1110 6930 9353
7674 2 2 7 1 7119 9088 9402
7675 2 2 7 1 4164 4170 6913
7676 2 2 7 1 1908 1914 7454
7677 2 2 7 1 9514 9665 9669
7678 2 2 7 1 3690 3696 6855
7679 2 2 7 1 1896 1902 7909
7680 2 2 7 1 7745 1104 9353
7681 2 2 7 1 4212 4218 6959
7682 2 2 7 1 4104 4110 7026
7683 2 2 7 1 4236 4242 6984
7684 2 2 7 1 5034 5040 7860
7685 2 2 7 1 1752 7119 9402
7686 2 2 7 1 4146 4152 7671
7687 2 2 7 1 2244 2250 7650
7688 2 2 7 1 7120 1746 9402
7689 2 2 7 1 1884 1890 7463
7690 2 2 7 1 4260 4266 6994
7691 2 2 7 1 1182 1188 6932
7692 2 2 7 1 4926 4932 7523
7693 2 2 7 1 4248 4254 8078
7694 2 2 7 1 1872 1878 8089
7695 2 2 7 1 1656 1662 7122
7696 2 2 7 1 4128 4134 6897
7697 2 2 7 1 7069 1716 9596
7698 2 2 7 1 1854 1860 7389
7699 2 2 7 1 4944 4950 7548
7700 2 2 7 1 1164 1170 7465
7701 2 2 7 1 1836 1842 7857
7702 2 2 7 1 3672 3678 7478
7703 2 2 7 1 1818 1824 7356
7704 2 2 7 1 1680 1686 7243
7705 2 2 7 1 1116 1122 6930
7706 2 2 7 1 4968 4974 7525
7707 2 2 7 1 2262 2268 8172
7708 2 2 7 1 1800 1806 7118
7709 2 2 7 1 1782 1788 7959
7710 2 2 7 1 3654 3660 7000
7711 2 2 7 1 4986 4992 7672
7712 2 2 7 1 1758 1764 7119
7713 2 2 7 1 1134 1158 7745
7714 2 2 7 1 1704 1710 7069
7715 2 2 7 1 1734 1740 7120
7716 2 2 7 1 3630 3636 7284
7717 2 2 7 1 5010 5016 7522
7718 2 2 7 1 2280 2286 6939
7719 2 2 7 1 1152 1092 6926
7720 2 2 7 1 5028 5034 7860
7721 2 2 7 1 1668 1674 7243
7722 2 2 7 1 1692 1698 7069
7723 2 2 7 1 5082 2124 7474
7724 2 2 7 1 5088 2130 7472
7725 2 2 7 1 5094 2136 7485
7726 2 2 7 1 2166 2172 6936
7727 2 2 7 1 2178 2184 7659
7728 2 2 7 1 5160 2436 6924
7729 2 2 7 1 5166 2442 7393
7730 2 2 7 1 2448 5178 6958
7731 2 2 7 1 5184 2460 7441
7732 2 2 7 1 2490 2496 7375
7733 2 2 7 1 2502 2508 7854
7734 2 2 7 1 2586 2592 6982
7735 2 2 7 1 2598 2604 7477
7736 2 2 7 1 2640 2646 7877
7737 2 2 7 1 2694 5220 7429
7738 2 2 7 1 2820 5808 6899
7739 2 2 7 1 5826 2838 7334
7740 2 2 7 1 2844 5838 6914
7741 2 2 7 1 6928 3012 6997
7742 2 2 7 1 3162 3168 6927
7743 2 2 7 1 3468 6594 7034
7744 2 2 7 1 6600 3480 6895
7745 2 2 7 1 6606 3486 8253
7746 2 2 7 1 3492 6618 6960
7747 2 2 7 1 3522 3528 7540
7748 2 2 7 1 3534 3540 7513
7749 2 2 7 1 3876 6684 6867
7750 2 2 7 1 6702 3888 7434
7751 2 2 7 1 6738 3918 7038
7752 2 2 7 1 6744 3924 7423
7753 2 2 7 1 6750 3930 6933
7754 2 2 7 1 3936 6762 7044
7755 2 2 7 1 6768 3948 6871
7756 2 2 7 1 3978 3984 7366
7757 2 2 7 1 3996 4002 6872
7758 2 2 7 1 4008 4014 7467
7759 2 2 7 1 4116 4122 6897
7760 2 2 7 1 6945 4374 7054
7761 2 2 7 1 6878 4410 7046
7762 2 2 7 1 4464 4470 8003
7763 2 2 7 1 4632 6822 7561
7764 2 2 7 1 6828 4644 6900
7765 2 2 7 1 6834 4650 7558
7766 2 2 7 1 4728 4734 7572
7767 2 2 7 1 4740 4746 8998
7768 2 2 7 1 4752 4758 6857
7769 2 2 7 1 7528 4812 7530
7770 2 2 7 1 4956 4962 7525
7771 2 2 7 1 4998 5004 7522
7772 2 2 7 1 5232 5238 7338
7773 2 2 7 1 5910 5916 6881
7774 2 2 7 1 6564 6570 7283
7775 2 2 7 1 6708 6714 6925
7776 2 2 7 1 6961 1308 7087
7777 2 2 7 1 1356 1362 7579
7778 2 2 7 1 1368 1374 6931
7779 2 2 7 1 6874 1548 7126
7780 2 2 7 1 2526 2532 2538
7781 2 2 7 1 6630 3828 6873
7782 2 2 7 1 5256 5262 7035
7783 2 2 7 1 5778 5784 7383
7784 2 2 7 1 5958 5964 8846
7785 2 2 7 1 6498 6504 7373
7786 2 2 7 1 6857 7568 7569
7787 2 2 7 1 7094 7678 7679
7788 2 2 7 1 7606 7603 7938
7789 2 2 7 1 7837 7686 7880
7790 2 2 7 1 9054 7836 9604
7791 2 2 7 1 7906 7905 8282
7792 2 2 7 1 9258 7911 9451
7793 2 2 7 1 7964 7963 8233
7794 2 2 7 1 8632 8084 8646
7795 2 2 7 1 8777 8151 9624
7796 2 2 7 1 8319 8169 8637
7797 2 2 7 1 8752 8750 9483
7798 2 2 7 1 8795 8793 8853
7799 2 2 7 1 8822 8811 9442
7800 2 2 7 1 8837 8835 8839
7801 3 2 7 1 187 188 2209 2203
7802 3 2 7 1 2203 2209 2210 2204
7803 3 2 7 1 2204 2210 2211 2205
7804 3 2 7 1 2205 2211 2212 2206
7805 3 2 7 1 2206 2212 2213 2207
7806 3 2 7 1 2207 2213 2214 2208
7807 3 2 7 1 155 156 2017 2011
7808 3 2 7 1 2011 2017 2018 2012
7809 3 2 7 1 2012 2018 2019 2013
7810 3 2 7 1 2013 2019 2020 2014
7811 3 2 7 1 2014 2020 2021 2015
7812 3 2 7 1 2015 2021 2022 2016
7813 3 2 7 1 158 159 2035 2029
7814 3 2 7 1 2029 2035 2036 2030
7815 3 2 7 1 2030 2036 2037 2031
7816 3 2 7 1 2031 2037 2038 2032
7817 3 2 7 1 2032 2038 2039 2033
7818 3 2 7 1 2033 2039 2040 2034
7819 3 2 7 1 160 161 2047 2041
7820 3 2 7 1 2041 2047 2048 2042
7821 3 2 7 1 2042 2048 2049 2043
7822 3 2 7 1 2043 2049 2050 2044
7823 3 2 7 1 2044 2050 2051 2045
7824 3 2 7 1 2045 2051 2052 2046
7825 3 2 7 1 192 193 2239 2233
7826 3 2 7 1 2233 2239 2240 2234
7827 3 2 7 1 2234 2240 2241 2235
7828 3 2 7 1 2235 2241 2242 2236
7829 3 2 7 1 2236 2242 2243 2237
7830 3 2 7 1 2237 2243 2244 2238
7831 3 2 7 1 188 189 2215 2209
7832 3 2 7 1 2209 2215 2216 2210
7833 3 2 7 1 2210 2216 2217 2211
7834 3 2 7 1 2211 2217 2218 2212
7835 3 2 7 1 2212 2218 2219 2213
7836 3 2 7 1 2213 2219 2220 2214
7837 3 2 7 1 189 190 2221 2215
7838 3 2 7 1 2215 2221 2222 2216
7839 3 2 7 1 2216 2222 2223 2217
7840 3 2 7 1 2217 2223 2224 2218
7841 3 2 7 1 2218 2224 2225 2219
7842 3 2 7 1 2219 2225 2226 2220
7843 3 2 7 1 190 191 2227 2221
7844 3 2 7 1 2221 2227 2228 2222
7845 3 2 7 1 2222 2228 2229 2223
7846 3 2 7 1 2223 2229 2230 2224
7847 3 2 7 1 2224 2230 2231 2225
7848 3 2 7 1 2225 2231 2232 2226
7849 3 2 7 1 674 176 2137 5095
7850 3 2 7 1 5095 2137 2138 5096
7851 3 2 7 1 5096 2138 2139 5097
7852 3 2 7 1 5097 2139 2140 5098
7853 3 2 7 1 5098 2140 2141 5099
7854 3 2 7 1 5099 2141 2142 5100
7855 3 2 7 1 149 150 1981 1975
7856 3 2 7 1 1975 1981 1982 1976
7857 3 2 7 1 1976 1982 1983 1977
7858 3 2 7 1 1977 1983 1984 1978
7859 3 2 7 1 1978 1984 1985 1979
7860 3 2 7 1 1979 1985 1986 1980
7861 3 2 7 1 195 196 2257 2251
7862 3 2 7 1 2251 2257 2258 2252
7863 3 2 7 1 2252 2258 2259 2253
7864 3 2 7 1 2253 2259 2260 2254
7865 3 2 7 1 2254 2260 2261 2255
7866 3 2 7 1 2255 2261 2262 2256
7867 3 2 7 1 138 139 1915 1909
7868 3 2 7 1 1909 1915 1916 1910
7869 3 2 7 1 1910 1916 1917 1911
7870 3 2 7 1 1911 1917 1918 1912
7871 3 2 7 1 1912 1918 1919 1913
7872 3 2 7 1 1913 1919 1920 1914
7873 3 2 7 1 175 674 5095 2131
7874 3 2 7 1 2131 5095 5096 2132
7875 3 2 7 1 2132 5096 5097 2133
7876 3 2 7 1 2133 5097 5098 2134
7877 3 2 7 1 2134 5098 5099 2135
7878 3 2 7 1 2135 5099 5100 2136
7879 3 2 7 1 196 197 2263 2257
7880 3 2 7 1 2257 2263 2264 2258
7881 3 2 7 1 2258 2264 2265 2259
7882 3 2 7 1 2259 2265 2266 2260
7883 3 2 7 1 2260 2266 2267 2261
7884 3 2 7 1 2261 2267 2268 2262
7885 3 2 7 1 139 140 1921 1915
7886 3 2 7 1 1915 1921 1922 1916
7887 3 2 7 1 1916 1922 1923 1917
7888 3 2 7 1 1917 1923 1924 1918
7889 3 2 7 1 1918 1924 1925 1919
7890 3 2 7 1 1919 1925 1926 1920
7891 3 2 7 1 161 162 2053 2047
7892 3 2 7 1 2047 2053 2054 2048
7893 3 2 7 1 2048 2054 2055 2049
7894 3 2 7 1 2049 2055 2056 2050
7895 3 2 7 1 2050 2056 2057 2051
7896 3 2 7 1 2051 2057 2058 2052
7897 3 2 7 1 162 163 2059 2053
7898 3 2 7 1 2053 2059 2060 2054
7899 3 2 7 1 2054 2060 2061 2055
7900 3 2 7 1 2055 2061 2062 2056
7901 3 2 7 1 2056 2062 2063 2057
7902 3 2 7 1 2057 2063 2064 2058
7903 3 2 7 1 140 141 1927 1921
7904 3 2 7 1 1921 1927 1928 1922
7905 3 2 7 1 1922 1928 1929 1923
7906 3 2 7 1 1923 1929 1930 1924
7907 3 2 7 1 1924 1930 1931 1925
7908 3 2 7 1 1925 1931 1932 1926
7909 3 2 7 1 197 198 2269 2263
7910 3 2 7 1 2263 2269 2270 2264
7911 3 2 7 1 2264 2270 2271 2265
7912 3 2 7 1 2265 2271 2272 2266
7913 3 2 7 1 2266 2272 2273 2267
7914 3 2 7 1 2267 2273 2274 2268
7915 3 2 7 1 176 177 2143 2137
7916 3 2 7 1 2137 2143 2144 2138
7917 3 2 7 1 2138 2144 2145 2139
7918 3 2 7 1 2139 2145 2146 2140
7919 3 2 7 1 2140 2146 2147 2141
7920 3 2 7 1 2141 2147 2148 2142
7921 3 2 7 1 163 164 2065 2059
7922 3 2 7 1 2059 2065 2066 2060
7923 3 2 7 1 2060 2066 2067 2061
7924 3 2 7 1 2061 2067 2068 2062
7925 3 2 7 1 2062 2068 2069 2063
7926 3 2 7 1 2063 2069 2070 2064
7927 3 2 7 1 141 142 1933 1927
7928 3 2 7 1 1927 1933 1934 1928
7929 3 2 7 1 1928 1934 1935 1929
7930 3 2 7 1 1929 1935 1936 1930
7931 3 2 7 1 1930 1936 1937 1931
7932 3 2 7 1 1931 1937 1938 1932
7933 3 2 7 1 142 143 1939 1933
7934 3 2 7 1 1933 1939 1940 1934
7935 3 2 7 1 1934 1940 1941 1935
7936 3 2 7 1 1935 1941 1942 1936
7937 3 2 7 1 1936 1942 1943 1937
7938 3 2 7 1 1937 1943 1944 1938
7939 3 2 7 1 150 151 1987 1981
7940 3 2 7 1 1981 1987 1988 1982
7941 3 2 7 1 1982 1988 1989 1983
7942 3 2 7 1 1983 1989 1990 1984
7943 3 2 7 1 1984 1990 1991 1985
7944 3 2 7 1 1985 1991 1992 1986
7945 3 2 7 1 198 199 2275 2269
7946 3 2 7 1 2269 2275 2276 2270
7947 3 2 7 1 2270 2276 2277 2271
7948 3 2 7 1 2271 2277 2278 2272
7949 3 2 7 1 2272 2278 2279 2273
7950 3 2 7 1 2273 2279 2280 2274
7951 3 2 7 1 151 152 1993 1987
7952 3 2 7 1 1987 1993 1994 1988
7953 3 2 7 1 1988 1994 1995 1989
7954 3 2 7 1 1989 1995 1996 1990
7955 3 2 7 1 1990 1996 1997 1991
7956 3 2 7 1 1991 1997 1998 1992
7957 3 2 7 1 177 178 2149 2143
7958 3 2 7 1 2143 2149 2150 2144
7959 3 2 7 1 2144 2150 2151 2145
7960 3 2 7 1 2145 2151 2152 2146
7961 3 2 7 1 2146 2152 2153 2147
7962 3 2 7 1 2147 2153 2154 2148
7963 3 2 7 1 178 179 2155 2149
7964 3 2 7 1 2149 2155 2156 2150
7965 3 2 7 1 2150 2156 2157 2151
7966 3 2 7 1 2151 2157 2158 2152
7967 3 2 7 1 2152 2158 2159 2153
7968 3 2 7 1 2153 2159 2160 2154
7969 3 2 7 1 179 180 2161 2155
7970 3 2 7 1 2155 2161 2162 2156
7971 3 2 7 1 2156 2162 2163 2157
7972 3 2 7 1 2157 2163 2164 2158
7973 3 2 7 1 2158 2164 2165 2159
7974 3 2 7 1 2159 2165 2166 2160
7975 3 2 7 1 180 181 2167 2161
7976 3 2 7 1 2161 2167 2168 2162
7977 3 2 7 1 2162 2168 2169 2163
7978 3 2 7 1 2163 2169 2170 2164
7979 3 2 7 1 2164 2170 2171 2165
7980 3 2 7 1 2165 2171 2172 2166
7981 3 2 7 1 181 182 2173 2167
7982 3 2 7 1 2167 2173 2174 2168
7983 3 2 7 1 2168 2174 2175 2169
7984 3 2 7 1 2169 2175 2176 2170
7985 3 2 7 1 2170 2176 2177 2171
7986 3 2 7 1 2171 2177 2178 2172
7987 3 2 7 1 164 165 2071 2065
7988 3 2 7 1 2065 2071 2072 2066
7989 3 2 7 1 2066 2072 2073 2067
7990 3 2 7 1 2067 2073 2074 2068
7991 3 2 7 1 2068 2074 2075 2069
7992 3 2 7 1 2069 2075 2076 2070
7993 3 2 7 1 143 144 1945 1939
7994 3 2 7 1 1939 1945 1946 1940
7995 3 2 7 1 1940 1946 1947 1941
7996 3 2 7 1 1941 1947 1948 1942
7997 3 2 7 1 1942 1948 1949 1943
7998 3 2 7 1 1943 1949 1950 1944
7999 3 2 7 1 199 200 2281 2275
8000 3 2 7 1 2275 2281 2282 2276
8001 3 2 7 1 2276 2282 2283 2277
8002 3 2 7 1 2277 2283 2284 2278
8003 3 2 7 1 2278 2284 2285 2279
8004 3 2 7 1 2279 2285 2286 2280
8005 3 2 7 1 165 166 2077 2071
8006 3 2 7 1 2071 2077 2078 2072
8007 3 2 7 1 2072 2078 2079 2073
8008 3 2 7 1 2073 2079 2080 2074
8009 3 2 7 1 2074 2080 2081 2075
8010 3 2 7 1 2075 2081 2082 2076
8011 3 2 7 1 166 167 2083 2077
8012 3 2 7 1 2077 2083 2084 2078
8013 3 2 7 1 2078 2084 2085 2079
8014 3 2 7 1 2079 2085 2086 2080
8015 3 2 7 1 2080 2086 2087 2081
8016 3 2 7 1 2081 2087 2088 2082
8017 3 2 7 1 167 168 2089 2083
8018 3 2 7 1 2083 2089 2090 2084
8019 3 2 7 1 2084 2090 2091 2085
8020 3 2 7 1 2085 2091 2092 2086
8021 3 2 7 1 2086 2092 2093 2087
8022 3 2 7 1 2087 2093 2094 2088
8023 3 2 7 1 144 145 1951 1945
8024 3 2 7 1 1945 1951 1952 1946
8025 3 2 7 1 1946 1952 1953 1947
8026 3 2 7 1 1947 1953 1954 1948
8027 3 2 7 1 1948 1954 1955 1949
8028 3 2 7 1 1949 1955 1956 1950
8029 3 2 7 1 182 183 2179 2173
8030 3 2 7 1 2173 2179 2180 2174
8031 3 2 7 1 2174 2180 2181 2175
8032 3 2 7 1 2175 2181 2182 2176
8033 3 2 7 1 2176 2182 2183 2177
8034 3 2 7 1 2177 2183 2184 2178
8035 3 2 7 1 200 1 1135 2281
8036 3 2 7 1 2281 1135 1136 2282
8037 3 2 7 1 2282 1136 1137 2283
8038 3 2 7 1 2283 1137 1138 2284
8039 3 2 7 1 2284 1138 1139 2285
8040 3 2 7 1 2285 1139 1140 2286
8041 3 2 7 1 145 146 1957 1951
8042 3 2 7 1 1951 1957 1958 1952
8043 3 2 7 1 1952 1958 1959 1953
8044 3 2 7 1 1953 1959 1960 1954
8045 3 2 7 1 1954 1960 1961 1955
8046 3 2 7 1 1955 1961 1962 1956
8047 3 2 7 1 152 153 1999 1993
8048 3 2 7 1 1993 1999 2000 1994
8049 3 2 7 1 1994 2000 2001 1995
8050 3 2 7 1 1995 2001 2002 1996
8051 3 2 7 1 1996 2002 2003 1997
8052 3 2 7 1 1997 2003 2004 1998
8053 3 2 7 1 183 184 2185 2179
8054 3 2 7 1 2179 2185 2186 2180
8055 3 2 7 1 2180 2186 2187 2181
8056 3 2 7 1 2181 2187 2188 2182
8057 3 2 7 1 2182 2188 2189 2183
8058 3 2 7 1 2183 2189 2190 2184
8059 3 2 7 1 184 185 2191 2185
8060 3 2 7 1 2185 2191 2192 2186
8061 3 2 7 1 2186 2192 2193 2187
8062 3 2 7 1 2187 2193 2194 2188
8063 3 2 7 1 2188 2194 2195 2189
8064 3 2 7 1 2189 2195 2196 2190
8065 3 2 7 1 153 154 2005 1999
8066 3 2 7 1 1999 2005 2006 2000
8067 3 2 7 1 2000 2006 2007 2001
8068 3 2 7 1 2001 2007 2008 2002
8069 3 2 7 1 2002 2008 2009 2003
8070 3 2 7 1 2003 2009 2010 2004
8071 3 2 7 1 154 155 2011 2005
8072 3 2 7 1 2005 2011 2012 2006
8073 3 2 7 1 2006 2012 2013 2007
8074 3 2 7 1 2007 2013 2014 2008
8075 3 2 7 1 2008 2014 2015 2009
8076 3 2 7 1 2009 2015 2016 2010
8077 3 2 7 1 185 186 2197 2191
8078 3 2 7 1 2191 2197 2198 2192
8079 3 2 7 1 2192 2198 2199 2193
8080 3 2 7 1 2193 2199 2200 2194
8081 3 2 7 1 2194 2200 2201 2195
8082 3 2 7 1 2195 2201 2202 2196
8083 3 2 7 1 667 169 2095 1081
8084 3 2 7 1 1081 2095 2096 1082
8085 3 2 7 1 1082 2096 2097 1083
8086 3 2 7 1 1083 2097 2098 1084
8087 3 2 7 1 1084 2098 2099 1085
8088 3 2 7 1 1085 2099 2100 1086
8089 3 2 7 1 168 667 1081 2089
8090 3 2 7 1 2089 1081 1082 2090
8091 3 2 7 1 2090 1082 1083 2091
8092 3 2 7 1 2091 1083 1084 2092
8093 3 2 7 1 2092 1084 1085 2093
8094 3 2 7 1 2093 1085 1086 2094
8095 3 2 7 1 668 170 2101 5059
8096 3 2 7 1 5059 2101 2102 5060
8097 3 2 7 1 5060 2102 2103 5061
8098 3 2 7 1 5061 2103 2104 5062
8099 3 2 7 1 5062 2104 2105 5063
8100 3 2 7 1 5063 2105 2106 5064
8101 3 2 7 1 169 668 5059 2095
8102 3 2 7 1 2095 5059 5060 2096
8103 3 2 7 1 2096 5060 5061 2097
8104 3 2 7 1 2097 5061 5062 2098
8105 3 2 7 1 2098 5062 5063 2099
8106 3 2 7 1 2099 5063 5064 2100
8107 3 2 7 1 669 171 2107 5065
8108 3 2 7 1 5065 2107 2108 5066
8109 3 2 7 1 5066 2108 2109 5067
8110 3 2 7 1 5067 2109 2110 5068
8111 3 2 7 1 5068 2110 2111 5069
8112 3 2 7 1 5069 2111 2112 5070
8113 3 2 7 1 193 194 2245 2239
8114 3 2 7 1 2239 2245 2246 2240
8115 3 2 7 1 2240 2246 2247 2241
8116 3 2 7 1 2241 2247 2248 2242
8117 3 2 7 1 2242 2248 2249 2243
8118 3 2 7 1 2243 2249 2250 2244
8119 3 2 7 1 146 147 1963 1957
8120 3 2 7 1 1957 1963 1964 1958
8121 3 2 7 1 1958 1964 1965 1959
8122 3 2 7 1 1959 1965 1966 1960
8123 3 2 7 1 1960 1966 1967 1961
8124 3 2 7 1 1961 1967 1968 1962
8125 3 2 7 1 170 669 5065 2101
8126 3 2 7 1 2101 5065 5066 2102
8127 3 2 7 1 2102 5066 5067 2103
8128 3 2 7 1 2103 5067 5068 2104
8129 3 2 7 1 2104 5068 5069 2105
8130 3 2 7 1 2105 5069 5070 2106
8131 3 2 7 1 670 172 2113 5071
8132 3 2 7 1 5071 2113 2114 5072
8133 3 2 7 1 5072 2114 2115 5073
8134 3 2 7 1 5073 2115 2116 5074
8135 3 2 7 1 5074 2116 2117 5075
8136 3 2 7 1 5075 2117 2118 5076
8137 3 2 7 1 171 670 5071 2107
8138 3 2 7 1 2107 5071 5072 2108
8139 3 2 7 1 2108 5072 5073 2109
8140 3 2 7 1 2109 5073 5074 2110
8141 3 2 7 1 2110 5074 5075 2111
8142 3 2 7 1 2111 5075 5076 2112
8143 3 2 7 1 671 173 2119 5077
8144 3 2 7 1 5077 2119 2120 5078
8145 3 2 7 1 5078 2120 2121 5079
8146 3 2 7 1 5079 2121 2122 5080
8147 3 2 7 1 5080 2122 2123 5081
8148 3 2 7 1 5081 2123 2124 5082
8149 3 2 7 1 172 671 5077 2113
8150 3 2 7 1 2113 5077 5078 2114
8151 3 2 7 1 2114 5078 5079 2115
8152 3 2 7 1 2115 5079 5080 2116
8153 3 2 7 1 2116 5080 5081 2117
8154 3 2 7 1 2117 5081 5082 2118
8155 3 2 7 1 672 174 2125 5083
8156 3 2 7 1 5083 2125 2126 5084
8157 3 2 7 1 5084 2126 2127 5085
8158 3 2 7 1 5085 2127 2128 5086
8159 3 2 7 1 5086 2128 2129 5087
8160 3 2 7 1 5087 2129 2130 5088
8161 3 2 7 1 173 672 5083 2119
8162 3 2 7 1 2119 5083 5084 2120
8163 3 2 7 1 2120 5084 5085 2121
8164 3 2 7 1 2121 5085 5086 2122
8165 3 2 7 1 2122 5086 5087 2123
8166 3 2 7 1 2123 5087 5088 2124
8167 3 2 7 1 147 148 1969 1963
8168 3 2 7 1 1963 1969 1970 1964
8169 3 2 7 1 1964 1970 1971 1965
8170 3 2 7 1 1965 1971 1972 1966
8171 3 2 7 1 1966 1972 1973 1967
8172 3 2 7 1 1967 1973 1974 1968
8173 3 2 7 1 194 195 2251 2245
8174 3 2 7 1 2245 2251 2252 2246
8175 3 2 7 1 2246 2252 2253 2247
8176 3 2 7 1 2247 2253 2254 2248
8177 3 2 7 1 2248 2254 2255 2249
8178 3 2 7 1 2249 2255 2256 2250
8179 3 2 7 1 148 149 1975 1969
8180 3 2 7 1 1969 1975 1976 1970
8181 3 2 7 1 1970 1976 1977 1971
8182 3 2 7 1 1971 1977 1978 1972
8183 3 2 7 1 1972 1978 1979 1973
8184 3 2 7 1 1973 1979 1980 1974
8185 3 2 7 1 673 175 2131 5089
8186 3 2 7 1 5089 2131 2132 5090
8187 3 2 7 1 5090 2132 2133 5091
8188 3 2 7 1 5091 2133 2134 5092
8189 3 2 7 1 5092 2134 2135 5093
8190 3 2 7 1 5093 2135 2136 5094
8191 3 2 7 1 174 673 5089 2125
8192 3 2 7 1 2125 5089 5090 2126
8193 3 2 7 1 2126 5090 5091 2127
8194 3 2 7 1 2127 5091 5092 2128
8195 3 2 7 1 2128 5092 5093 2129
8196 3 2 7 1 2129 5093 5094 2130
8197 3 2 7 1 186 187 2203 2197
8198 3 2 7 1 2197 2203 2204 2198
8199 3 2 7 1 2198 2204 2205 2199
8200 3 2 7 1 2199 2205 2206 2200
8201 3 2 7 1 2200 2206 2207 2201
8202 3 2 7 1 2201 2207 2208 2202
8203 3 2 7 1 159 160 2041 2035
8204 3 2 7 1 2035 2041 2042 2036
8205 3 2 7 1 2036 2042 2043 2037
8206 3 2 7 1 2037 2043 2044 2038
8207 3 2 7 1 2038 2044 2045 2039
8208 3 2 7 1 2039 2045 2046 2040
8209 3 2 7 1 157 158 2029 2023
8210 3 2 7 1 2023 2029 2030 2024
8211 3 2 7 1 2024 2030 2031 2025
8212 3 2 7 1 2025 2031 2032 2026
8213 3 2 7 1 2026 2032 2033 2027
8214 3 2 7 1 2027 2033 2034 2028
8215 3 2 7 1 156 157 2023 2017
8216 3 2 7 1 2017 2023 2024 2018
8217 3 2 7 1 2018 2024 2025 2019
8218 3 2 7 1 2019 2025 2026 2020
8219 3 2 7 1 2020 2026 2027 2021
8220 3 2 7 1 2021 2027 2028 2022
8221 3 2 7 1 191 192 2233 2227
8222 3 2 7 1 2227 2233 2234 2228
8223 3 2 7 1 2228 2234 2235 2229
8224 3 2 7 1 2229 2235 2236 2230
8225 3 2 7 1 2230 2236 2237 2231
8226 3 2 7 1 2231 2237 2238 2232
8227 3 2 7 1 70 71 1507 1501
8228 3 2 7 1 1501 1507 1508 1502
8229 3 2 7 1 1502 1508 1509 1503
8230 3 2 7 1 1503 1509 1510 1504
8231 3 2 7 1 1504 1510 1511 1505
8232 3 2 7 1 1505 1511 1512 1506
8233 3 2 7 1 69 70 1501 1495
8234 3 2 7 1 1495 1501 1502 1496
8235 3 2 7 1 1496 1502 1503 1497
8236 3 2 7 1 1497 1503 1504 1498
8237 3 2 7 1 1498 1504 1505 1499
8238 3 2 7 1 1499 1505 1506 1500
8239 3 2 7 1 137 138 1909 1903
8240 3 2 7 1 1903 1909 1910 1904
8241 3 2 7 1 1904 1910 1911 1905
8242 3 2 7 1 1905 1911 1912 1906
8243 3 2 7 1 1906 1912 1913 1907
8244 3 2 7 1 1907 1913 1914 1908
8245 3 2 7 1 136 137 1903 1897
8246 3 2 7 1 1897 1903 1904 1898
8247 3 2 7 1 1898 1904 1905 1899
8248 3 2 7 1 1899 1905 1906 1900
8249 3 2 7 1 1900 1906 1907 1901
8250 3 2 7 1 1901 1907 1908 1902
8251 3 2 7 1 122 123 1819 1813
8252 3 2 7 1 1813 1819 1820 1814
8253 3 2 7 1 1814 1820 1821 1815
8254 3 2 7 1 1815 1821 1822 1816
8255 3 2 7 1 1816 1822 1823 1817
8256 3 2 7 1 1817 1823 1824 1818
8257 3 2 7 1 121 122 1813 1807
8258 3 2 7 1 1807 1813 1814 1808
8259 3 2 7 1 1808 1814 1815 1809
8260 3 2 7 1 1809 1815 1816 1810
8261 3 2 7 1 1810 1816 1817 1811
8262 3 2 7 1 1811 1817 1818 1812
8263 3 2 7 1 120 121 1807 1801
8264 3 2 7 1 1801 1807 1808 1802
8265 3 2 7 1 1802 1808 1809 1803
8266 3 2 7 1 1803 1809 1810 1804
8267 3 2 7 1 1804 1810 1811 1805
8268 3 2 7 1 1805 1811 1812 1806
8269 3 2 7 1 119 120 1801 1795
8270 3 2 7 1 1795 1801 1802 1796
8271 3 2 7 1 1796 1802 1803 1797
8272 3 2 7 1 1797 1803 1804 1798
8273 3 2 7 1 1798 1804 1805 1799
8274 3 2 7 1 1799 1805 1806 1800
8275 3 2 7 1 135 136 1897 1891
8276 3 2 7 1 1891 1897 1898 1892
8277 3 2 7 1 1892 1898 1899 1893
8278 3 2 7 1 1893 1899 1900 1894
8279 3 2 7 1 1894 1900 1901 1895
8280 3 2 7 1 1895 1901 1902 1896
8281 3 2 7 1 134 135 1891 1885
8282 3 2 7 1 1885 1891 1892 1886
8283 3 2 7 1 1886 1892 1893 1887
8284 3 2 7 1 1887 1893 1894 1888
8285 3 2 7 1 1888 1894 1895 1889
8286 3 2 7 1 1889 1895 1896 1890
8287 3 2 7 1 133 134 1885 1879
8288 3 2 7 1 1879 1885 1886 1880
8289 3 2 7 1 1880 1886 1887 1881
8290 3 2 7 1 1881 1887 1888 1882
8291 3 2 7 1 1882 1888 1889 1883
8292 3 2 7 1 1883 1889 1890 1884
8293 3 2 7 1 132 133 1879 1873
8294 3 2 7 1 1873 1879 1880 1874
8295 3 2 7 1 1874 1880 1881 1875
8296 3 2 7 1 1875 1881 1882 1876
8297 3 2 7 1 1876 1882 1883 1877
8298 3 2 7 1 1877 1883 1884 1878
8299 3 2 7 1 131 132 1873 1867
8300 3 2 7 1 1867 1873 1874 1868
8301 3 2 7 1 1868 1874 1875 1869
8302 3 2 7 1 1869 1875 1876 1870
8303 3 2 7 1 1870 1876 1877 1871
8304 3 2 7 1 1871 1877 1878 1872
8305 3 2 7 1 130 131 1867 1861
8306 3 2 7 1 1861 1867 1868 1862
8307 3 2 7 1 1862 1868 1869 1863
8308 3 2 7 1 1863 1869 1870 1864
8309 3 2 7 1 1864 1870 1871 1865
8310 3 2 7 1 1865 1871 1872 1866
8311 3 2 7 1 129 130 1861 1855
8312 3 2 7 1 1855 1861 1862 1856
8313 3 2 7 1 1856 1862 1863 1857
8314 3 2 7 1 1857 1863 1864 1858
8315 3 2 7 1 1858 1864 1865 1859
8316 3 2 7 1 1859 1865 1866 1860
8317 3 2 7 1 128 129 1855 1849
8318 3 2 7 1 1849 1855 1856 1850
8319 3 2 7 1 1850 1856 1857 1851
8320 3 2 7 1 1851 1857 1858 1852
8321 3 2 7 1 1852 1858 1859 1853
8322 3 2 7 1 1853 1859 1860 1854
8323 3 2 7 1 127 128 1849 1843
8324 3 2 7 1 1843 1849 1850 1844
8325 3 2 7 1 1844 1850 1851 1845
8326 3 2 7 1 1845 1851 1852 1846
8327 3 2 7 1 1846 1852 1853 1847
8328 3 2 7 1 1847 1853 1854 1848
8329 3 2 7 1 126 127 1843 1837
8330 3 2 7 1 1837 1843 1844 1838
8331 3 2 7 1 1838 1844 1845 1839
8332 3 2 7 1 1839 1845 1846 1840
8333 3 2 7 1 1840 1846 1847 1841
8334 3 2 7 1 1841 1847 1848 1842
8335 3 2 7 1 125 126 1837 1831
8336 3 2 7 1 1831 1837 1838 1832
8337 3 2 7 1 1832 1838 1839 1833
8338 3 2 7 1 1833 1839 1840 1834
8339 3 2 7 1 1834 1840 1841 1835
8340 3 2 7 1 1835 1841 1842 1836
8341 3 2 7 1 124 125 1831 1825
8342 3 2 7 1 1825 1831 1832 1826
8343 3 2 7 1 1826 1832 1833 1827
8344 3 2 7 1 1827 1833 1834 1828
8345 3 2 7 1 1828 1834 1835 1829
8346 3 2 7 1 1829 1835 1836 1830
8347 3 2 7 1 123 124 1825 1819
8348 3 2 7 1 1819 1825 1826 1820
8349 3 2 7 1 1820 1826 1827 1821
8350 3 2 7 1 1821 1827 1828 1822
8351 3 2 7 1 1822 1828 1829 1823
8352 3 2 7 1 1823 1829 1830 1824
8353 3 2 7 1 37 38 1309 1303
8354 3 2 7 1 1303 1309 1310 1304
8355 3 2 7 1 1304 1310 1311 1305
8356 3 2 7 1 1305 1311 1312 1306
8357 3 2 7 1 1306 1312 1313 1307
8358 3 2 7 1 1307 1313 1314 1308
8359 3 2 7 1 36 37 1303 1297
8360 3 2 7 1 1297 1303 1304 1298
8361 3 2 7 1 1298 1304 1305 1299
8362 3 2 7 1 1299 1305 1306 1300
8363 3 2 7 1 1300 1306 1307 1301
8364 3 2 7 1 1301 1307 1308 1302
8365 3 2 7 1 35 36 1297 1291
8366 3 2 7 1 1291 1297 1298 1292
8367 3 2 7 1 1292 1298 1299 1293
8368 3 2 7 1 1293 1299 1300 1294
8369 3 2 7 1 1294 1300 1301 1295
8370 3 2 7 1 1295 1301 1302 1296
8371 3 2 7 1 34 35 1291 1285
8372 3 2 7 1 1285 1291 1292 1286
8373 3 2 7 1 1286 1292 1293 1287
8374 3 2 7 1 1287 1293 1294 1288
8375 3 2 7 1 1288 1294 1295 1289
8376 3 2 7 1 1289 1295 1296 1290
8377 3 2 7 1 33 34 1285 1279
8378 3 2 7 1 1279 1285 1286 1280
8379 3 2 7 1 1280 1286 1287 1281
8380 3 2 7 1 1281 1287 1288 1282
8381 3 2 7 1 1282 1288 1289 1283
8382 3 2 7 1 1283 1289 1290 1284
8383 3 2 7 1 32 33 1279 1273
8384 3 2 7 1 1273 1279 1280 1274
8385 3 2 7 1 1274 1280 1281 1275
8386 3 2 7 1 1275 1281 1282 1276
8387 3 2 7 1 1276 1282 1283 1277
8388 3 2 7 1 1277 1283 1284 1278
8389 3 2 7 1 31 32 1273 1267
8390 3 2 7 1 1267 1273 1274 1268
8391 3 2 7 1 1268 1274 1275 1269
8392 3 2 7 1 1269 1275 1276 1270
8393 3 2 7 1 1270 1276 1277 1271
8394 3 2 7 1 1271 1277 1278 1272
8395 3 2 7 1 30 31 1267 1261
8396 3 2 7 1 1261 1267 1268 1262
8397 3 2 7 1 1262 1268 1269 1263
8398 3 2 7 1 1263 1269 1270 1264
8399 3 2 7 1 1264 1270 1271 1265
8400 3 2 7 1 1265 1271 1272 1266
8401 3 2 7 1 118 119 1795 1789
8402 3 2 7 1 1789 1795 1796 1790
8403 3 2 7 1 1790 1796 1797 1791
8404 3 2 7 1 1791 1797 1798 1792
8405 3 2 7 1 1792 1798 1799 1793
8406 3 2 7 1 1793 1799 1800 1794
8407 3 2 7 1 117 118 1789 1783
8408 3 2 7 1 1783 1789 1790 1784
8409 3 2 7 1 1784 1790 1791 1785
8410 3 2 7 1 1785 1791 1792 1786
8411 3 2 7 1 1786 1792 1793 1787
8412 3 2 7 1 1787 1793 1794 1788
8413 3 2 7 1 116 117 1783 1777
8414 3 2 7 1 1777 1783 1784 1778
8415 3 2 7 1 1778 1784 1785 1779
8416 3 2 7 1 1779 1785 1786 1780
8417 3 2 7 1 1780 1786 1787 1781
8418 3 2 7 1 1781 1787 1788 1782
8419 3 2 7 1 115 116 1777 1771
8420 3 2 7 1 1771 1777 1778 1772
8421 3 2 7 1 1772 1778 1779 1773
8422 3 2 7 1 1773 1779 1780 1774
8423 3 2 7 1 1774 1780 1781 1775
8424 3 2 7 1 1775 1781 1782 1776
8425 3 2 7 1 114 115 1771 1765
8426 3 2 7 1 1765 1771 1772 1766
8427 3 2 7 1 1766 1772 1773 1767
8428 3 2 7 1 1767 1773 1774 1768
8429 3 2 7 1 1768 1774 1775 1769
8430 3 2 7 1 1769 1775 1776 1770
8431 3 2 7 1 113 114 1765 1759
8432 3 2 7 1 1759 1765 1766 1760
8433 3 2 7 1 1760 1766 1767 1761
8434 3 2 7 1 1761 1767 1768 1762
8435 3 2 7 1 1762 1768 1769 1763
8436 3 2 7 1 1763 1769 1770 1764
8437 3 2 7 1 112 113 1759 1753
8438 3 2 7 1 1753 1759 1760 1754
8439 3 2 7 1 1754 1760 1761 1755
8440 3 2 7 1 1755 1761 1762 1756
8441 3 2 7 1 1756 1762 1763 1757
8442 3 2 7 1 1757 1763 1764 1758
8443 3 2 7 1 111 112 1753 1747
8444 3 2 7 1 1747 1753 1754 1748
8445 3 2 7 1 1748 1754 1755 1749
8446 3 2 7 1 1749 1755 1756 1750
8447 3 2 7 1 1750 1756 1757 1751
8448 3 2 7 1 1751 1757 1758 1752
8449 3 2 7 1 110 111 1747 1741
8450 3 2 7 1 1741 1747 1748 1742
8451 3 2 7 1 1742 1748 1749 1743
8452 3 2 7 1 1743 1749 1750 1744
8453 3 2 7 1 1744 1750 1751 1745
8454 3 2 7 1 1745 1751 1752 1746
8455 3 2 7 1 109 110 1741 1735
8456 3 2 7 1 1735 1741 1742 1736
8457 3 2 7 1 1736 1742 1743 1737
8458 3 2 7 1 1737 1743 1744 1738
8459 3 2 7 1 1738 1744 1745 1739
8460 3 2 7 1 1739 1745 1746 1740
8461 3 2 7 1 108 109 1735 1729
8462 3 2 7 1 1729 1735 1736 1730
8463 3 2 7 1 1730 1736 1737 1731
8464 3 2 7 1 1731 1737 1738 1732
8465 3 2 7 1 1732 1738 1739 1733
8466 3 2 7 1 1733 1739 1740 1734
8467 3 2 7 1 107 108 1729 1723
8468 3 2 7 1 1723 1729 1730 1724
8469 3 2 7 1 1724 1730 1731 1725
8470 3 2 7 1 1725 1731 1732 1726
8471 3 2 7 1 1726 1732 1733 1727
8472 3 2 7 1 1727 1733 1734 1728
8473 3 2 7 1 106 107 1723 1717
8474 3 2 7 1 1717 1723 1724 1718
8475 3 2 7 1 1718 1724 1725 1719
8476 3 2 7 1 1719 1725 1726 1720
8477 3 2 7 1 1720 1726 1727 1721
8478 3 2 7 1 1721 1727 1728 1722
8479 3 2 7 1 105 106 1717 1711
8480 3 2 7 1 1711 1717 1718 1712
8481 3 2 7 1 1712 1718 1719 1713
8482 3 2 7 1 1713 1719 1720 1714
8483 3 2 7 1 1714 1720 1721 1715
8484 3 2 7 1 1715 1721 1722 1716
8485 3 2 7 1 104 105 1711 1705
8486 3 2 7 1 1705 1711 1712 1706
8487 3 2 7 1 1706 1712 1713 1707
8488 3 2 7 1 1707 1713 1714 1708
8489 3 2 7 1 1708 1714 1715 1709
8490 3 2 7 1 1709 1715 1716 1710
8491 3 2 7 1 103 104 1705 1699
8492 3 2 7 1 1699 1705 1706 1700
8493 3 2 7 1 1700 1706 1707 1701
8494 3 2 7 1 1701 1707 1708 1702
8495 3 2 7 1 1702 1708 1709 1703
8496 3 2 7 1 1703 1709 1710 1704
8497 3 2 7 1 102 103 1699 1693
8498 3 2 7 1 1693 1699 1700 1694
8499 3 2 7 1 1694 1700 1701 1695
8500 3 2 7 1 1695 1701 1702 1696
8501 3 2 7 1 1696 1702 1703 1697
8502 3 2 7 1 1697 1703 1704 1698
8503 3 2 7 1 101 102 1693 1687
8504 3 2 7 1 1687 1693 1694 1688
8505 3 2 7 1 1688 1694 1695 1689
8506 3 2 7 1 1689 1695 1696 1690
8507 3 2 7 1 1690 1696 1697 1691
8508 3 2 7 1 1691 1697 1698 1692
8509 3 2 7 1 100 101 1687 1681
8510 3 2 7 1 1681 1687 1688 1682
8511 3 2 7 1 1682 1688 1689 1683
8512 3 2 7 1 1683 1689 1690 1684
8513 3 2 7 1 1684 1690 1691 1685
8514 3 2 7 1 1685 1691 1692 1686
8515 3 2 7 1 99 100 1681 1675
8516 3 2 7 1 1675 1681 1682 1676
8517 3 2 7 1 1676 1682 1683 1677
8518 3 2 7 1 1677 1683 1684 1678
8519 3 2 7 1 1678 1684 1685 1679
8520 3 2 7 1 1679 1685 1686 1680
8521 3 2 7 1 98 99 1675 1669
8522 3 2 7 1 1669 1675 1676 1670
8523 3 2 7 1 1670 1676 1677 1671
8524 3 2 7 1 1671 1677 1678 1672
8525 3 2 7 1 1672 1678 1679 1673
8526 3 2 7 1 1673 1679 1680 1674
8527 3 2 7 1 97 98 1669 1663
8528 3 2 7 1 1663 1669 1670 1664
8529 3 2 7 1 1664 1670 1671 1665
8530 3 2 7 1 1665 1671 1672 1666
8531 3 2 7 1 1666 1672 1673 1667
8532 3 2 7 1 1667 1673 1674 1668
8533 3 2 7 1 96 97 1663 1657
8534 3 2 7 1 1657 1663 1664 1658
8535 3 2 7 1 1658 1664 1665 1659
8536 3 2 7 1 1659 1665 1666 1660
8537 3 2 7 1 1660 1666 1667 1661
8538 3 2 7 1 1661 1667 1668 1662
8539 3 2 7 1 95 96 1657 1651
8540 3 2 7 1 1651 1657 1658 1652
8541 3 2 7 1 1652 1658 1659 1653
8542 3 2 7 1 1653 1659 1660 1654
8543 3 2 7 1 1654 1660 1661 1655
8544 3 2 7 1 1655 1661 1662 1656
8545 3 2 7 1 94 95 1651 1645
8546 3 2 7 1 1645 1651 1652 1646
8547 3 2 7 1 1646 1652 1653 1647
8548 3 2 7 1 1647 1653 1654 1648
8549 3 2 7 1 1648 1654 1655 1649
8550 3 2 7 1 1649 1655 1656 1650
8551 3 2 7 1 93 94 1645 1639
8552 3 2 7 1 1639 1645 1646 1640
8553 3 2 7 1 1640 1646 1647 1641
8554 3 2 7 1 1641 1647 1648 1642
8555 3 2 7 1 1642 1648 1649 1643
8556 3 2 7 1 1643 1649 1650 1644
8557 3 2 7 1 92 93 1639 1633
8558 3 2 7 1 1633 1639 1640 1634
8559 3 2 7 1 1634 1640 1641 1635
8560 3 2 7 1 1635 1641 1642 1636
8561 3 2 7 1 1636 1642 1643 1637
8562 3 2 7 1 1637 1643 1644 1638
8563 3 2 7 1 91 92 1633 1627
8564 3 2 7 1 1627 1633 1634 1628
8565 3 2 7 1 1628 1634 1635 1629
8566 3 2 7 1 1629 1635 1636 1630
8567 3 2 7 1 1630 1636 1637 1631
8568 3 2 7 1 1631 1637 1638 1632
8569 3 2 7 1 90 91 1627 1621
8570 3 2 7 1 1621 1627 1628 1622
8571 3 2 7 1 1622 1628 1629 1623
8572 3 2 7 1 1623 1629 1630 1624
8573 3 2 7 1 1624 1630 1631 1625
8574 3 2 7 1 1625 1631 1632 1626
8575 3 2 7 1 89 90 1621 1615
8576 3 2 7 1 1615 1621 1622 1616
8577 3 2 7 1 1616 1622 1623 1617
8578 3 2 7 1 1617 1623 1624 1618
8579 3 2 7 1 1618 1624 1625 1619
8580 3 2 7 1 1619 1625 1626 1620
8581 3 2 7 1 88 89 1615 1609
8582 3 2 7 1 1609 1615 1616 1610
8583 3 2 7 1 1610 1616 1617 1611
8584 3 2 7 1 1611 1617 1618 1612
8585 3 2 7 1 1612 1618 1619 1613
8586 3 2 7 1 1613 1619 1620 1614
8587 3 2 7 1 87 88 1609 1603
8588 3 2 7 1 1603 1609 1610 1604
8589 3 2 7 1 1604 1610 1611 1605
8590 3 2 7 1 1605 1611 1612 1606
8591 3 2 7 1 1606 1612 1613 1607
8592 3 2 7 1 1607 1613 1614 1608
8593 3 2 7 1 86 87 1603 1597
8594 3 2 7 1 1597 1603 1604 1598
8595 3 2 7 1 1598 1604 1605 1599
8596 3 2 7 1 1599 1605 1606 1600
8597 3 2 7 1 1600 1606 1607 1601
8598 3 2 7 1 1601 1607 1608 1602
8599 3 2 7 1 85 86 1597 1591
8600 3 2 7 1 1591 1597 1598 1592
8601 3 2 7 1 1592 1598 1599 1593
8602 3 2 7 1 1593 1599 1600 1594
8603 3 2 7 1 1594 1600 1601 1595
8604 3 2 7 1 1595 1601 1602 1596
8605 3 2 7 1 84 85 1591 1585
8606 3 2 7 1 1585 1591 1592 1586
8607 3 2 7 1 1586 1592 1593 1587
8608 3 2 7 1 1587 1593 1594 1588
8609 3 2 7 1 1588 1594 1595 1589
8610 3 2 7 1 1589 1595 1596 1590
8611 3 2 7 1 83 84 1585 1579
8612 3 2 7 1 1579 1585 1586 1580
8613 3 2 7 1 1580 1586 1587 1581
8614 3 2 7 1 1581 1587 1588 1582
8615 3 2 7 1 1582 1588 1589 1583
8616 3 2 7 1 1583 1589 1590 1584
8617 3 2 7 1 82 83 1579 1573
8618 3 2 7 1 1573 1579 1580 1574
8619 3 2 7 1 1574 1580 1581 1575
8620 3 2 7 1 1575 1581 1582 1576
8621 3 2 7 1 1576 1582 1583 1577
8622 3 2 7 1 1577 1583 1584 1578
8623 3 2 7 1 81 82 1573 1567
8624 3 2 7 1 1567 1573 1574 1568
8625 3 2 7 1 1568 1574 1575 1569
8626 3 2 7 1 1569 1575 1576 1570
8627 3 2 7 1 1570 1576 1577 1571
8628 3 2 7 1 1571 1577 1578 1572
8629 3 2 7 1 80 81 1567 1561
8630 3 2 7 1 1561 1567 1568 1562
8631 3 2 7 1 1562 1568 1569 1563
8632 3 2 7 1 1563 1569 1570 1564
8633 3 2 7 1 1564 1570 1571 1565
8634 3 2 7 1 1565 1571 1572 1566
8635 3 2 7 1 79 80 1561 1555
8636 3 2 7 1 1555 1561 1562 1556
8637 3 2 7 1 1556 1562 1563 1557
8638 3 2 7 1 1557 1563 1564 1558
8639 3 2 7 1 1558 1564 1565 1559
8640 3 2 7 1 1559 1565 1566 1560
8641 3 2 7 1 78 79 1555 1549
8642 3 2 7 1 1549 1555 1556 1550
8643 3 2 7 1 1550 1556 1557 1551
8644 3 2 7 1 1551 1557 1558 1552
8645 3 2 7 1 1552 1558 1559 1553
8646 3 2 7 1 1553 1559 1560 1554
8647 3 2 7 1 77 78 1549 1543
8648 3 2 7 1 1543 1549 1550 1544
8649 3 2 7 1 1544 1550 1551 1545
8650 3 2 7 1 1545 1551 1552 1546
8651 3 2 7 1 1546 1552 1553 1547
8652 3 2 7 1 1547 1553 1554 1548
8653 3 2 7 1 76 77 1543 1537
8654 3 2 7 1 1537 1543 1544 1538
8655 3 2 7 1 1538 1544 1545 1539
8656 3 2 7 1 1539 1545 1546 1540
8657 3 2 7 1 1540 1546 1547 1541
8658 3 2 7 1 1541 1547 1548 1542
8659 3 2 7 1 75 76 1537 1531
8660 3 2 7 1 1531 1537 1538 1532
8661 3 2 7 1 1532 1538 1539 1533
8662 3 2 7 1 1533 1539 1540 1534
8663 3 2 7 1 1534 1540 1541 1535
8664 3 2 7 1 1535 1541 1542 1536
8665 3 2 7 1 74 75 1531 1525
8666 3 2 7 1 1525 1531 1532 1526
8667 3 2 7 1 1526 1532 1533 1527
8668 3 2 7 1 1527 1533 1534 1528
8669 3 2 7 1 1528 1534 1535 1529
8670 3 2 7 1 1529 1535 1536 1530
8671 3 2 7 1 73 74 1525 1519
8672 3 2 7 1 1519 1525 1526 1520
8673 3 2 7 1 1520 1526 1527 1521
8674 3 2 7 1 1521 1527 1528 1522
8675 3 2 7 1 1522 1528 1529 1523
8676 3 2 7 1 1523 1529 1530 1524
8677 3 2 7 1 72 73 1519 1513
8678 3 2 7 1 1513 1519 1520 1514
8679 3 2 7 1 1514 1520 1521 1515
8680 3 2 7 1 1515 1521 1522 1516
8681 3 2 7 1 1516 1522 1523 1517
8682 3 2 7 1 1517 1523 1524 1518
8683 3 2 7 1 71 72 1513 1507
8684 3 2 7 1 1507 1513 1514 1508
8685 3 2 7 1 1508 1514 1515 1509
8686 3 2 7 1 1509 1515 1516 1510
8687 3 2 7 1 1510 1516 1517 1511
8688 3 2 7 1 1511 1517 1518 1512
8689 3 2 7 1 359 803 5869 3235
8690 3 2 7 1 3235 5869 5870 3236
8691 3 2 7 1 3236 5870 5871 3237
8692 3 2 7 1 3237 5871 5872 3238
8693 3 2 7 1 3238 5872 5873 3239
8694 3 2 7 1 3239 5873 5874 3240
8695 3 2 7 1 803 360 3241 5869
8696 3 2 7 1 5869 3241 3242 5870
8697 3 2 7 1 5870 3242 3243 5871
8698 3 2 7 1 5871 3243 3244 5872
8699 3 2 7 1 5872 3244 3245 5873
8700 3 2 7 1 5873 3245 3246 5874
8701 3 2 7 1 358 802 5863 3229
8702 3 2 7 1 3229 5863 5864 3230
8703 3 2 7 1 3230 5864 5865 3231
8704 3 2 7 1 3231 5865 5866 3232
8705 3 2 7 1 3232 5866 5867 3233
8706 3 2 7 1 3233 5867 5868 3234
8707 3 2 7 1 802 359 3235 5863
8708 3 2 7 1 5863 3235 3236 5864
8709 3 2 7 1 5864 3236 3237 5865
8710 3 2 7 1 5865 3237 3238 5866
8711 3 2 7 1 5866 3238 3239 5867
8712 3 2 7 1 5867 3239 3240 5868
8713 3 2 7 1 357 801 5857 3223
8714 3 2 7 1 3223 5857 5858 3224
8715 3 2 7 1 3224 5858 5859 3225
8716 3 2 7 1 3225 5859 5860 3226
8717 3 2 7 1 3226 5860 5861 3227
8718 3 2 7 1 3227 5861 5862 3228
8719 3 2 7 1 68 69 1495 1489
8720 3 2 7 1 1489 1495 1496 1490
8721 3 2 7 1 1490 1496 1497 1491
8722 3 2 7 1 1491 1497 1498 1492
8723 3 2 7 1 1492 1498 1499 1493
8724 3 2 7 1 1493 1499 1500 1494
8725 3 2 7 1 67 68 1489 1483
8726 3 2 7 1 1483 1489 1490 1484
8727 3 2 7 1 1484 1490 1491 1485
8728 3 2 7 1 1485 1491 1492 1486
8729 3 2 7 1 1486 1492 1493 1487
8730 3 2 7 1 1487 1493 1494 1488
8731 3 2 7 1 66 67 1483 1477
8732 3 2 7 1 1477 1483 1484 1478
8733 3 2 7 1 1478 1484 1485 1479
8734 3 2 7 1 1479 1485 1486 1480
8735 3 2 7 1 1480 1486 1487 1481
8736 3 2 7 1 1481 1487 1488 1482
8737 3 2 7 1 65 66 1477 1471
8738 3 2 7 1 1471 1477 1478 1472
8739 3 2 7 1 1472 1478 1479 1473
8740 3 2 7 1 1473 1479 1480 1474
8741 3 2 7 1 1474 1480 1481 1475
8742 3 2 7 1 1475 1481 1482 1476
8743 3 2 7 1 64 65 1471 1465
8744 3 2 7 1 1465 1471 1472 1466
8745 3 2 7 1 1466 1472 1473 1467
8746 3 2 7 1 1467 1473 1474 1468
8747 3 2 7 1 1468 1474 1475 1469
8748 3 2 7 1 1469 1475 1476 1470
8749 3 2 7 1 63 64 1465 1459
8750 3 2 7 1 1459 1465 1466 1460
8751 3 2 7 1 1460 1466 1467 1461
8752 3 2 7 1 1461 1467 1468 1462
8753 3 2 7 1 1462 1468 1469 1463
8754 3 2 7 1 1463 1469 1470 1464
8755 3 2 7 1 62 63 1459 1453
8756 3 2 7 1 1453 1459 1460 1454
8757 3 2 7 1 1454 1460 1461 1455
8758 3 2 7 1 1455 1461 1462 1456
8759 3 2 7 1 1456 1462 1463 1457
8760 3 2 7 1 1457 1463 1464 1458
8761 3 2 7 1 61 62 1453 1447
8762 3 2 7 1 1447 1453 1454 1448
8763 3 2 7 1 1448 1454 1455 1449
8764 3 2 7 1 1449 1455 1456 1450
8765 3 2 7 1 1450 1456 1457 1451
8766 3 2 7 1 1451 1457 1458 1452
8767 3 2 7 1 60 61 1447 1441
8768 3 2 7 1 1441 1447 1448 1442
8769 3 2 7 1 1442 1448 1449 1443
8770 3 2 7 1 1443 1449 1450 1444
8771 3 2 7 1 1444 1450 1451 1445
8772 3 2 7 1 1445 1451 1452 1446
8773 3 2 7 1 59 60 1441 1435
8774 3 2 7 1 1435 1441 1442 1436
8775 3 2 7 1 1436 1442 1443 1437
8776 3 2 7 1 1437 1443 1444 1438
8777 3 2 7 1 1438 1444 1445 1439
8778 3 2 7 1 1439 1445 1446 1440
8779 3 2 7 1 58 59 1435 1429
8780 3 2 7 1 1429 1435 1436 1430
8781 3 2 7 1 1430 1436 1437 1431
8782 3 2 7 1 1431 1437 1438 1432
8783 3 2 7 1 1432 1438 1439 1433
8784 3 2 7 1 1433 1439 1440 1434
8785 3 2 7 1 57 58 1429 1423
8786 3 2 7 1 1423 1429 1430 1424
8787 3 2 7 1 1424 1430 1431 1425
8788 3 2 7 1 1425 1431 1432 1426
8789 3 2 7 1 1426 1432 1433 1427
8790 3 2 7 1 1427 1433 1434 1428
8791 3 2 7 1 56 57 1423 1417
8792 3 2 7 1 1417 1423 1424 1418
8793 3 2 7 1 1418 1424 1425 1419
8794 3 2 7 1 1419 1425 1426 1420
8795 3 2 7 1 1420 1426 1427 1421
8796 3 2 7 1 1421 1427 1428 1422
8797 3 2 7 1 55 56 1417 1411
8798 3 2 7 1 1411 1417 1418 1412
8799 3 2 7 1 1412 1418 1419 1413
8800 3 2 7 1 1413 1419 1420 1414
8801 3 2 7 1 1414 1420 1421 1415
8802 3 2 7 1 1415 1421 1422 1416
8803 3 2 7 1 54 55 1411 1405
8804 3 2 7 1 1405 1411 1412 1406
8805 3 2 7 1 1406 1412 1413 1407
8806 3 2 7 1 1407 1413 1414 1408
8807 3 2 7 1 1408 1414 1415 1409
8808 3 2 7 1 1409 1415 1416 1410
8809 3 2 7 1 53 54 1405 1399
8810 3 2 7 1 1399 1405 1406 1400
8811 3 2 7 1 1400 1406 1407 1401
8812 3 2 7 1 1401 1407 1408 1402
8813 3 2 7 1 1402 1408 1409 1403
8814 3 2 7 1 1403 1409 1410 1404
8815 3 2 7 1 52 53 1399 1393
8816 3 2 7 1 1393 1399 1400 1394
8817 3 2 7 1 1394 1400 1401 1395
8818 3 2 7 1 1395 1401 1402 1396
8819 3 2 7 1 1396 1402 1403 1397
8820 3 2 7 1 1397 1403 1404 1398
8821 3 2 7 1 51 52 1393 1387
8822 3 2 7 1 1387 1393 1394 1388
8823 3 2 7 1 1388 1394 1395 1389
8824 3 2 7 1 1389 1395 1396 1390
8825 3 2 7 1 1390 1396 1397 1391
8826 3 2 7 1 1391 1397 1398 1392
8827 3 2 7 1 50 51 1387 1381
8828 3 2 7 1 1381 1387 1388 1382
8829 3 2 7 1 1382 1388 1389 1383
8830 3 2 7 1 1383 1389 1390 1384
8831 3 2 7 1 1384 1390 1391 1385
8832 3 2 7 1 1385 1391 1392 1386
8833 3 2 7 1 49 50 1381 1375
8834 3 2 7 1 1375 1381 1382 1376
8835 3 2 7 1 1376 1382 1383 1377
8836 3 2 7 1 1377 1383 1384 1378
8837 3 2 7 1 1378 1384 1385 1379
8838 3 2 7 1 1379 1385 1386 1380
8839 3 2 7 1 48 49 1375 1369
8840 3 2 7 1 1369 1375 1376 1370
8841 3 2 7 1 1370 1376 1377 1371
8842 3 2 7 1 1371 1377 1378 1372
8843 3 2 7 1 1372 1378 1379 1373
8844 3 2 7 1 1373 1379 1380 1374
8845 3 2 7 1 47 48 1369 1363
8846 3 2 7 1 1363 1369 1370 1364
8847 3 2 7 1 1364 1370 1371 1365
8848 3 2 7 1 1365 1371 1372 1366
8849 3 2 7 1 1366 1372 1373 1367
8850 3 2 7 1 1367 1373 1374 1368
8851 3 2 7 1 46 47 1363 1357
8852 3 2 7 1 1357 1363 1364 1358
8853 3 2 7 1 1358 1364 1365 1359
8854 3 2 7 1 1359 1365 1366 1360
8855 3 2 7 1 1360 1366 1367 1361
8856 3 2 7 1 1361 1367 1368 1362
8857 3 2 7 1 45 46 1357 1351
8858 3 2 7 1 1351 1357 1358 1352
8859 3 2 7 1 1352 1358 1359 1353
8860 3 2 7 1 1353 1359 1360 1354
8861 3 2 7 1 1354 1360 1361 1355
8862 3 2 7 1 1355 1361 1362 1356
8863 3 2 7 1 44 45 1351 1345
8864 3 2 7 1 1345 1351 1352 1346
8865 3 2 7 1 1346 1352 1353 1347
8866 3 2 7 1 1347 1353 1354 1348
8867 3 2 7 1 1348 1354 1355 1349
8868 3 2 7 1 1349 1355 1356 1350
8869 3 2 7 1 43 44 1345 1339
8870 3 2 7 1 1339 1345 1346 1340
8871 3 2 7 1 1340 1346 1347 1341
8872 3 2 7 1 1341 1347 1348 1342
8873 3 2 7 1 1342 1348 1349 1343
8874 3 2 7 1 1343 1349 1350 1344
8875 3 2 7 1 42 43 1339 1333
8876 3 2 7 1 1333 1339 1340 1334
8877 3 2 7 1 1334 1340 1341 1335
8878 3 2 7 1 1335 1341 1342 1336
8879 3 2 7 1 1336 1342 1343 1337
8880 3 2 7 1 1337 1343 1344 1338
8881 3 2 7 1 41 42 1333 1327
8882 3 2 7 1 1327 1333 1334 1328
8883 3 2 7 1 1328 1334 1335 1329
8884 3 2 7 1 1329 1335 1336 1330
8885 3 2 7 1 1330 1336 1337 1331
8886 3 2 7 1 1331 1337 1338 1332
8887 3 2 7 1 40 41 1327 1321
8888 3 2 7 1 1321 1327 1328 1322
8889 3 2 7 1 1322 1328 1329 1323
8890 3 2 7 1 1323 1329 1330 1324
8891 3 2 7 1 1324 1330 1331 1325
8892 3 2 7 1 1325 1331 1332 1326
8893 3 2 7 1 39 40 1321 1315
8894 3 2 7 1 1315 1321 1322 1316
8895 3 2 7 1 1316 1322 1323 1317
8896 3 2 7 1 1317 1323 1324 1318
8897 3 2 7 1 1318 1324 1325 1319
8898 3 2 7 1 1319 1325 1326 1320
8899 3 2 7 1 38 39 1315 1309
8900 3 2 7 1 1309 1315 1316 1310
8901 3 2 7 1 1310 1316 1317 1311
8902 3 2 7 1 1311 1317 1318 1312
8903 3 2 7 1 1312 1318 1319 1313
8904 3 2 7 1 1313 1319 1320 1314
8905 3 2 7 1 839 840 6091 6085
8906 3 2 7 1 6085 6091 6092 6086
8907 3 2 7 1 6086 6092 6093 6087
8908 3 2 7 1 6087 6093 6094 6088
8909 3 2 7 1 6088 6094 6095 6089
8910 3 2 7 1 6089 6095 6096 6090
8911 3 2 7 1 840 841 6097 6091
8912 3 2 7 1 6091 6097 6098 6092
8913 3 2 7 1 6092 6098 6099 6093
8914 3 2 7 1 6093 6099 6100 6094
8915 3 2 7 1 6094 6100 6101 6095
8916 3 2 7 1 6095 6101 6102 6096
8917 3 2 7 1 841 842 6103 6097
8918 3 2 7 1 6097 6103 6104 6098
8919 3 2 7 1 6098 6104 6105 6099
8920 3 2 7 1 6099 6105 6106 6100
8921 3 2 7 1 6100 6106 6107 6101
8922 3 2 7 1 6101 6107 6108 6102
8923 3 2 7 1 842 375 3331 6103
8924 3 2 7 1 6103 3331 3332 6104
8925 3 2 7 1 6104 3332 3333 6105
8926 3 2 7 1 6105 3333 3334 6106
8927 3 2 7 1 6106 3334 3335 6107
8928 3 2 7 1 6107 3335 3336 6108
8929 3 2 7 1 373 834 6055 3319
8930 3 2 7 1 3319 6055 6056 3320
8931 3 2 7 1 3320 6056 6057 3321
8932 3 2 7 1 3321 6057 6058 3322
8933 3 2 7 1 3322 6058 6059 3323
8934 3 2 7 1 3323 6059 6060 3324
8935 3 2 7 1 834 835 6061 6055
8936 3 2 7 1 6055 6061 6062 6056
8937 3 2 7 1 6056 6062 6063 6057
8938 3 2 7 1 6057 6063 6064 6058
8939 3 2 7 1 6058 6064 6065 6059
8940 3 2 7 1 6059 6065 6066 6060
8941 3 2 7 1 835 836 6067 6061
8942 3 2 7 1 6061 6067 6068 6062
8943 3 2 7 1 6062 6068 6069 6063
8944 3 2 7 1 6063 6069 6070 6064
8945 3 2 7 1 6064 6070 6071 6065
8946 3 2 7 1 6065 6071 6072 6066
8947 3 2 7 1 836 837 6073 6067
8948 3 2 7 1 6067 6073 6074 6068
8949 3 2 7 1 6068 6074 6075 6069
8950 3 2 7 1 6069 6075 6076 6070
8951 3 2 7 1 6070 6076 6077 6071
8952 3 2 7 1 6071 6077 6078 6072
8953 3 2 7 1 837 374 3325 6073
8954 3 2 7 1 6073 3325 3326 6074
8955 3 2 7 1 6074 3326 3327 6075
8956 3 2 7 1 6075 3327 3328 6076
8957 3 2 7 1 6076 3328 3329 6077
8958 3 2 7 1 6077 3329 3330 6078
8959 3 2 7 1 372 830 6031 3313
8960 3 2 7 1 3313 6031 6032 3314
8961 3 2 7 1 3314 6032 6033 3315
8962 3 2 7 1 3315 6033 6034 3316
8963 3 2 7 1 3316 6034 6035 3317
8964 3 2 7 1 3317 6035 6036 3318
8965 3 2 7 1 830 831 6037 6031
8966 3 2 7 1 6031 6037 6038 6032
8967 3 2 7 1 6032 6038 6039 6033
8968 3 2 7 1 6033 6039 6040 6034
8969 3 2 7 1 6034 6040 6041 6035
8970 3 2 7 1 6035 6041 6042 6036
8971 3 2 7 1 831 832 6043 6037
8972 3 2 7 1 6037 6043 6044 6038
8973 3 2 7 1 6038 6044 6045 6039
8974 3 2 7 1 6039 6045 6046 6040
8975 3 2 7 1 6040 6046 6047 6041
8976 3 2 7 1 6041 6047 6048 6042
8977 3 2 7 1 832 833 6049 6043
8978 3 2 7 1 6043 6049 6050 6044
8979 3 2 7 1 6044 6050 6051 6045
8980 3 2 7 1 6045 6051 6052 6046
8981 3 2 7 1 6046 6052 6053 6047
8982 3 2 7 1 6047 6053 6054 6048
8983 3 2 7 1 833 373 3319 6049
8984 3 2 7 1 6049 3319 3320 6050
8985 3 2 7 1 6050 3320 3321 6051
8986 3 2 7 1 6051 3321 3322 6052
8987 3 2 7 1 6052 3322 3323 6053
8988 3 2 7 1 6053 3323 3324 6054
8989 3 2 7 1 371 826 6007 3307
8990 3 2 7 1 3307 6007 6008 3308
8991 3 2 7 1 3308 6008 6009 3309
8992 3 2 7 1 3309 6009 6010 3310
8993 3 2 7 1 3310 6010 6011 3311
8994 3 2 7 1 3311 6011 6012 3312
8995 3 2 7 1 826 827 6013 6007
8996 3 2 7 1 6007 6013 6014 6008
8997 3 2 7 1 6008 6014 6015 6009
8998 3 2 7 1 6009 6015 6016 6010
8999 3 2 7 1 6010 6016 6017 6011
9000 3 2 7 1 6011 6017 6018 6012
9001 3 2 7 1 29 30 1261 1255
9002 3 2 7 1 1255 1261 1262 1256
9003 3 2 7 1 1256 1262 1263 1257
9004 3 2 7 1 1257 1263 1264 1258
9005 3 2 7 1 1258 1264 1265 1259
9006 3 2 7 1 1259 1265 1266 1260
9007 3 2 7 1 28 29 1255 1249
9008 3 2 7 1 1249 1255 1256 1250
9009 3 2 7 1 1250 1256 1257 1251
9010 3 2 7 1 1251 1257 1258 1252
9011 3 2 7 1 1252 1258 1259 1253
9012 3 2 7 1 1253 1259 1260 1254
9013 3 2 7 1 27 28 1249 1243
9014 3 2 7 1 1243 1249 1250 1244
9015 3 2 7 1 1244 1250 1251 1245
9016 3 2 7 1 1245 1251 1252 1246
9017 3 2 7 1 1246 1252 1253 1247
9018 3 2 7 1 1247 1253 1254 1248
9019 3 2 7 1 26 27 1243 1237
9020 3 2 7 1 1237 1243 1244 1238
9021 3 2 7 1 1238 1244 1245 1239
9022 3 2 7 1 1239 1245 1246 1240
9023 3 2 7 1 1240 1246 1247 1241
9024 3 2 7 1 1241 1247 1248 1242
9025 3 2 7 1 25 26 1237 1231
9026 3 2 7 1 1231 1237 1238 1232
9027 3 2 7 1 1232 1238 1239 1233
9028 3 2 7 1 1233 1239 1240 1234
9029 3 2 7 1 1234 1240 1241 1235
9030 3 2 7 1 1235 1241 1242 1236
9031 3 2 7 1 24 25 1231 1225
9032 3 2 7 1 1225 1231 1232 1226
9033 3 2 7 1 1226 1232 1233 1227
9034 3 2 7 1 1227 1233 1234 1228
9035 3 2 7 1 1228 1234 1235 1229
9036 3 2 7 1 1229 1235 1236 1230
9037 3 2 7 1 23 24 1225 1219
9038 3 2 7 1 1219 1225 1226 1220
9039 3 2 7 1 1220 1226 1227 1221
9040 3 2 7 1 1221 1227 1228 1222
9041 3 2 7 1 1222 1228 1229 1223
9042 3 2 7 1 1223 1229 1230 1224
9043 3 2 7 1 22 23 1219 1213
9044 3 2 7 1 1213 1219 1220 1214
9045 3 2 7 1 1214 1220 1221 1215
9046 3 2 7 1 1215 1221 1222 1216
9047 3 2 7 1 1216 1222 1223 1217
9048 3 2 7 1 1217 1223 1224 1218
9049 3 2 7 1 21 22 1213 1207
9050 3 2 7 1 1207 1213 1214 1208
9051 3 2 7 1 1208 1214 1215 1209
9052 3 2 7 1 1209 1215 1216 1210
9053 3 2 7 1 1210 1216 1217 1211
9054 3 2 7 1 1211 1217 1218 1212
9055 3 2 7 1 20 21 1207 1201
9056 3 2 7 1 1201 1207 1208 1202
9057 3 2 7 1 1202 1208 1209 1203
9058 3 2 7 1 1203 1209 1210 1204
9059 3 2 7 1 1204 1210 1211 1205
9060 3 2 7 1 1205 1211 1212 1206
9061 3 2 7 1 19 20 1201 1195
9062 3 2 7 1 1195 1201 1202 1196
9063 3 2 7 1 1196 1202 1203 1197
9064 3 2 7 1 1197 1203 1204 1198
9065 3 2 7 1 1198 1204 1205 1199
9066 3 2 7 1 1199 1205 1206 1200
9067 3 2 7 1 18 19 1195 1189
9068 3 2 7 1 1189 1195 1196 1190
9069 3 2 7 1 1190 1196 1197 1191
9070 3 2 7 1 1191 1197 1198 1192
9071 3 2 7 1 1192 1198 1199 1193
9072 3 2 7 1 1193 1199 1200 1194
9073 3 2 7 1 17 18 1189 1183
9074 3 2 7 1 1183 1189 1190 1184
9075 3 2 7 1 1184 1190 1191 1185
9076 3 2 7 1 1185 1191 1192 1186
9077 3 2 7 1 1186 1192 1193 1187
9078 3 2 7 1 1187 1193 1194 1188
9079 3 2 7 1 16 17 1183 1177
9080 3 2 7 1 1177 1183 1184 1178
9081 3 2 7 1 1178 1184 1185 1179
9082 3 2 7 1 1179 1185 1186 1180
9083 3 2 7 1 1180 1186 1187 1181
9084 3 2 7 1 1181 1187 1188 1182
9085 3 2 7 1 15 16 1177 1171
9086 3 2 7 1 1171 1177 1178 1172
9087 3 2 7 1 1172 1178 1179 1173
9088 3 2 7 1 1173 1179 1180 1174
9089 3 2 7 1 1174 1180 1181 1175
9090 3 2 7 1 1175 1181 1182 1176
9091 3 2 7 1 14 15 1171 1165
9092 3 2 7 1 1165 1171 1172 1166
9093 3 2 7 1 1166 1172 1173 1167
9094 3 2 7 1 1167 1173 1174 1168
9095 3 2 7 1 1168 1174 1175 1169
9096 3 2 7 1 1169 1175 1176 1170
9097 3 2 7 1 13 14 1165 1159
9098 3 2 7 1 1159 1165 1166 1160
9099 3 2 7 1 1160 1166 1167 1161
9100 3 2 7 1 1161 1167 1168 1162
9101 3 2 7 1 1162 1168 1169 1163
9102 3 2 7 1 1163 1169 1170 1164
9103 3 2 7 1 12 13 1159 1123
9104 3 2 7 1 1123 1159 1160 1124
9105 3 2 7 1 1124 1160 1161 1125
9106 3 2 7 1 1125 1161 1162 1126
9107 3 2 7 1 1126 1162 1163 1127
9108 3 2 7 1 1127 1163 1164 1128
9109 3 2 7 1 11 12 1123 1117
9110 3 2 7 1 1117 1123 1124 1118
9111 3 2 7 1 1118 1124 1125 1119
9112 3 2 7 1 1119 1125 1126 1120
9113 3 2 7 1 1120 1126 1127 1121
9114 3 2 7 1 1121 1127 1128 1122
9115 3 2 7 1 10 11 1117 1111
9116 3 2 7 1 1111 1117 1118 1112
9117 3 2 7 1 1112 1118 1119 1113
9118 3 2 7 1 1113 1119 1120 1114
9119 3 2 7 1 1114 1120 1121 1115
9120 3 2 7 1 1115 1121 1122 1116
9121 3 2 7 1 9 10 1111 1105
9122 3 2 7 1 1105 1111 1112 1106
9123 3 2 7 1 1106 1112 1113 1107
9124 3 2 7 1 1107 1113 1114 1108
9125 3 2 7 1 1108 1114 1115 1109
9126 3 2 7 1 1109 1115 1116 1110
9127 3 2 7 1 8 9 1105 1099
9128 3 2 7 1 1099 1105 1106 1100
9129 3 2 7 1 1100 1106 1107 1101
9130 3 2 7 1 1101 1107 1108 1102
9131 3 2 7 1 1102 1108 1109 1103
9132 3 2 7 1 1103 1109 1110 1104
9133 3 2 7 1 7 8 1099 1153
9134 3 2 7 1 1153 1099 1100 1154
9135 3 2 7 1 1154 1100 1101 1155
9136 3 2 7 1 1155 1101 1102 1156
9137 3 2 7 1 1156 1102 1103 1157
9138 3 2 7 1 1157 1103 1104 1158
9139 3 2 7 1 6 7 1153 1129
9140 3 2 7 1 1129 1153 1154 1130
9141 3 2 7 1 1130 1154 1155 1131
9142 3 2 7 1 1131 1155 1156 1132
9143 3 2 7 1 1132 1156 1157 1133
9144 3 2 7 1 1133 1157 1158 1134
9145 3 2 7 1 5 6 1129 1093
9146 3 2 7 1 1093 1129 1130 1094
9147 3 2 7 1 1094 1130 1131 1095
9148 3 2 7 1 1095 1131 1132 1096
9149 3 2 7 1 1096 1132 1133 1097
9150 3 2 7 1 1097 1133 1134 1098
9151 3 2 7 1 4 5 1093 1087
9152 3 2 7 1 1087 1093 1094 1088
9153 3 2 7 1 1088 1094 1095 1089
9154 3 2 7 1 1089 1095 1096 1090
9155 3 2 7 1 1090 1096 1097 1091
9156 3 2 7 1 1091 1097 1098 1092
9157 3 2 7 1 3 4 1087 1147
9158 3 2 7 1 1147 1087 1088 1148
9159 3 2 7 1 1148 1088 1089 1149
9160 3 2 7 1 1149 1089 1090 1150
9161 3 2 7 1 1150 1090 1091 1151
9162 3 2 7 1 1151 1091 1092 1152
9163 3 2 7 1 2 3 1147 1141
9164 3 2 7 1 1141 1147 1148 1142
9165 3 2 7 1 1142 1148 1149 1143
9166 3 2 7 1 1143 1149 1150 1144
9167 3 2 7 1 1144 1150 1151 1145
9168 3 2 7 1 1145 1151 1152 1146
9169 3 2 7 1 1 2 1141 1135
9170 3 2 7 1 1135 1141 1142 1136
9171 3 2 7 1 1136 1142 1143 1137
9172 3 2 7 1 1137 1143 1144 1138
9173 3 2 7 1 1138 1144 1145 1139
9174 3 2 7 1 1139 1145 1146 1140
9175 3 2 7 1 420 201 2287 3601
9176 3 2 7 1 3601 2287 2288 3602
9177 3 2 7 1 3602 2288 2289 3603
9178 3 2 7 1 3603 2289 2290 3604
9179 3 2 7 1 3604 2290 2291 3605
9180 3 2 7 1 3605 2291 2292 3606
9181 3 2 7 1 419 420 3601 3595
9182 3 2 7 1 3595 3601 3602 3596
9183 3 2 7 1 3596 3602 3603 3597
9184 3 2 7 1 3597 3603 3604 3598
9185 3 2 7 1 3598 3604 3605 3599
9186 3 2 7 1 3599 3605 3606 3600
9187 3 2 7 1 418 419 3595 3589
9188 3 2 7 1 3589 3595 3596 3590
9189 3 2 7 1 3590 3596 3597 3591
9190 3 2 7 1 3591 3597 3598 3592
9191 3 2 7 1 3592 3598 3599 3593
9192 3 2 7 1 3593 3599 3600 3594
9193 3 2 7 1 417 418 3589 3583
9194 3 2 7 1 3583 3589 3590 3584
9195 3 2 7 1 3584 3590 3591 3585
9196 3 2 7 1 3585 3591 3592 3586
9197 3 2 7 1 3586 3592 3593 3587
9198 3 2 7 1 3587 3593 3594 3588
9199 3 2 7 1 416 417 3583 3577
9200 3 2 7 1 3577 3583 3584 3578
9201 3 2 7 1 3578 3584 3585 3579
9202 3 2 7 1 3579 3585 3586 3580
9203 3 2 7 1 3580 3586 3587 3581
9204 3 2 7 1 3581 3587 3588 3582
9205 3 2 7 1 415 416 3577 3571
9206 3 2 7 1 3571 3577 3578 3572
9207 3 2 7 1 3572 3578 3579 3573
9208 3 2 7 1 3573 3579 3580 3574
9209 3 2 7 1 3574 3580 3581 3575
9210 3 2 7 1 3575 3581 3582 3576
9211 3 2 7 1 414 415 3571 3565
9212 3 2 7 1 3565 3571 3572 3566
9213 3 2 7 1 3566 3572 3573 3567
9214 3 2 7 1 3567 3573 3574 3568
9215 3 2 7 1 3568 3574 3575 3569
9216 3 2 7 1 3569 3575 3576 3570
9217 3 2 7 1 413 414 3565 3559
9218 3 2 7 1 3559 3565 3566 3560
9219 3 2 7 1 3560 3566 3567 3561
9220 3 2 7 1 3561 3567 3568 3562
9221 3 2 7 1 3562 3568 3569 3563
9222 3 2 7 1 3563 3569 3570 3564
9223 3 2 7 1 412 413 3559 3553
9224 3 2 7 1 3553 3559 3560 3554
9225 3 2 7 1 3554 3560 3561 3555
9226 3 2 7 1 3555 3561 3562 3556
9227 3 2 7 1 3556 3562 3563 3557
9228 3 2 7 1 3557 3563 3564 3558
9229 3 2 7 1 411 412 3553 3547
9230 3 2 7 1 3547 3553 3554 3548
9231 3 2 7 1 3548 3554 3555 3549
9232 3 2 7 1 3549 3555 3556 3550
9233 3 2 7 1 3550 3556 3557 3551
9234 3 2 7 1 3551 3557 3558 3552
9235 3 2 7 1 410 411 3547 3541
9236 3 2 7 1 3541 3547 3548 3542
9237 3 2 7 1 3542 3548 3549 3543
9238 3 2 7 1 3543 3549 3550 3544
9239 3 2 7 1 3544 3550 3551 3545
9240 3 2 7 1 3545 3551 3552 3546
9241 3 2 7 1 409 410 3541 3535
9242 3 2 7 1 3535 3541 3542 3536
9243 3 2 7 1 3536 3542 3543 3537
9244 3 2 7 1 3537 3543 3544 3538
9245 3 2 7 1 3538 3544 3545 3539
9246 3 2 7 1 3539 3545 3546 3540
9247 3 2 7 1 408 409 3535 3529
9248 3 2 7 1 3529 3535 3536 3530
9249 3 2 7 1 3530 3536 3537 3531
9250 3 2 7 1 3531 3537 3538 3532
9251 3 2 7 1 3532 3538 3539 3533
9252 3 2 7 1 3533 3539 3540 3534
9253 3 2 7 1 407 408 3529 3523
9254 3 2 7 1 3523 3529 3530 3524
9255 3 2 7 1 3524 3530 3531 3525
9256 3 2 7 1 3525 3531 3532 3526
9257 3 2 7 1 3526 3532 3533 3527
9258 3 2 7 1 3527 3533 3534 3528
9259 3 2 7 1 406 407 3523 3517
9260 3 2 7 1 3517 3523 3524 3518
9261 3 2 7 1 3518 3524 3525 3519
9262 3 2 7 1 3519 3525 3526 3520
9263 3 2 7 1 3520 3526 3527 3521
9264 3 2 7 1 3521 3527 3528 3522
9265 3 2 7 1 405 406 3517 3511
9266 3 2 7 1 3511 3517 3518 3512
9267 3 2 7 1 3512 3518 3519 3513
9268 3 2 7 1 3513 3519 3520 3514
9269 3 2 7 1 3514 3520 3521 3515
9270 3 2 7 1 3515 3521 3522 3516
9271 3 2 7 1 404 405 3511 3505
9272 3 2 7 1 3505 3511 3512 3506
9273 3 2 7 1 3506 3512 3513 3507
9274 3 2 7 1 3507 3513 3514 3508
9275 3 2 7 1 3508 3514 3515 3509
9276 3 2 7 1 3509 3515 3516 3510
9277 3 2 7 1 403 404 3505 3499
9278 3 2 7 1 3499 3505 3506 3500
9279 3 2 7 1 3500 3506 3507 3501
9280 3 2 7 1 3501 3507 3508 3502
9281 3 2 7 1 3502 3508 3509 3503
9282 3 2 7 1 3503 3509 3510 3504
9283 3 2 7 1 402 928 6619 3493
9284 3 2 7 1 3493 6619 6620 3494
9285 3 2 7 1 3494 6620 6621 3495
9286 3 2 7 1 3495 6621 6622 3496
9287 3 2 7 1 3496 6622 6623 3497
9288 3 2 7 1 3497 6623 6624 3498
9289 3 2 7 1 928 403 3499 6619
9290 3 2 7 1 6619 3499 3500 6620
9291 3 2 7 1 6620 3500 3501 6621
9292 3 2 7 1 6621 3501 3502 6622
9293 3 2 7 1 6622 3502 3503 6623
9294 3 2 7 1 6623 3503 3504 6624
9295 3 2 7 1 401 927 6613 3487
9296 3 2 7 1 3487 6613 6614 3488
9297 3 2 7 1 3488 6614 6615 3489
9298 3 2 7 1 3489 6615 6616 3490
9299 3 2 7 1 3490 6616 6617 3491
9300 3 2 7 1 3491 6617 6618 3492
9301 3 2 7 1 927 402 3493 6613
9302 3 2 7 1 6613 3493 3494 6614
9303 3 2 7 1 6614 3494 3495 6615
9304 3 2 7 1 6615 3495 3496 6616
9305 3 2 7 1 6616 3496 3497 6617
9306 3 2 7 1 6617 3497 3498 6618
9307 3 2 7 1 400 926 6607 3481
9308 3 2 7 1 3481 6607 6608 3482
9309 3 2 7 1 3482 6608 6609 3483
9310 3 2 7 1 3483 6609 6610 3484
9311 3 2 7 1 3484 6610 6611 3485
9312 3 2 7 1 3485 6611 6612 3486
9313 3 2 7 1 926 401 3487 6607
9314 3 2 7 1 6607 3487 3488 6608
9315 3 2 7 1 6608 3488 3489 6609
9316 3 2 7 1 6609 3489 3490 6610
9317 3 2 7 1 6610 3490 3491 6611
9318 3 2 7 1 6611 3491 3492 6612
9319 3 2 7 1 399 925 6601 3475
9320 3 2 7 1 3475 6601 6602 3476
9321 3 2 7 1 3476 6602 6603 3477
9322 3 2 7 1 3477 6603 6604 3478
9323 3 2 7 1 3478 6604 6605 3479
9324 3 2 7 1 3479 6605 6606 3480
9325 3 2 7 1 925 400 3481 6601
9326 3 2 7 1 6601 3481 3482 6602
9327 3 2 7 1 6602 3482 3483 6603
9328 3 2 7 1 6603 3483 3484 6604
9329 3 2 7 1 6604 3484 3485 6605
9330 3 2 7 1 6605 3485 3486 6606
9331 3 2 7 1 398 924 6595 3469
9332 3 2 7 1 3469 6595 6596 3470
9333 3 2 7 1 3470 6596 6597 3471
9334 3 2 7 1 3471 6597 6598 3472
9335 3 2 7 1 3472 6598 6599 3473
9336 3 2 7 1 3473 6599 6600 3474
9337 3 2 7 1 924 399 3475 6595
9338 3 2 7 1 6595 3475 3476 6596
9339 3 2 7 1 6596 3476 3477 6597
9340 3 2 7 1 6597 3477 3478 6598
9341 3 2 7 1 6598 3478 3479 6599
9342 3 2 7 1 6599 3479 3480 6600
9343 3 2 7 1 397 923 6589 3463
9344 3 2 7 1 3463 6589 6590 3464
9345 3 2 7 1 3464 6590 6591 3465
9346 3 2 7 1 3465 6591 6592 3466
9347 3 2 7 1 3466 6592 6593 3467
9348 3 2 7 1 3467 6593 6594 3468
9349 3 2 7 1 923 398 3469 6589
9350 3 2 7 1 6589 3469 3470 6590
9351 3 2 7 1 6590 3470 3471 6591
9352 3 2 7 1 6591 3471 3472 6592
9353 3 2 7 1 6592 3472 3473 6593
9354 3 2 7 1 6593 3473 3474 6594
9355 3 2 7 1 396 922 6583 3457
9356 3 2 7 1 3457 6583 6584 3458
9357 3 2 7 1 3458 6584 6585 3459
9358 3 2 7 1 3459 6585 6586 3460
9359 3 2 7 1 3460 6586 6587 3461
9360 3 2 7 1 3461 6587 6588 3462
9361 3 2 7 1 922 397 3463 6583
9362 3 2 7 1 6583 3463 3464 6584
9363 3 2 7 1 6584 3464 3465 6585
9364 3 2 7 1 6585 3465 3466 6586
9365 3 2 7 1 6586 3466 3467 6587
9366 3 2 7 1 6587 3467 3468 6588
9367 3 2 7 1 395 921 6577 3451
9368 3 2 7 1 3451 6577 6578 3452
9369 3 2 7 1 3452 6578 6579 3453
9370 3 2 7 1 3453 6579 6580 3454
9371 3 2 7 1 3454 6580 6581 3455
9372 3 2 7 1 3455 6581 6582 3456
9373 3 2 7 1 921 396 3457 6577
9374 3 2 7 1 6577 3457 3458 6578
9375 3 2 7 1 6578 3458 3459 6579
9376 3 2 7 1 6579 3459 3460 6580
9377 3 2 7 1 6580 3460 3461 6581
9378 3 2 7 1 6581 3461 3462 6582
9379 3 2 7 1 394 920 6571 3445
9380 3 2 7 1 3445 6571 6572 3446
9381 3 2 7 1 3446 6572 6573 3447
9382 3 2 7 1 3447 6573 6574 3448
9383 3 2 7 1 3448 6574 6575 3449
9384 3 2 7 1 3449 6575 6576 3450
9385 3 2 7 1 920 395 3451 6571
9386 3 2 7 1 6571 3451 3452 6572
9387 3 2 7 1 6572 3452 3453 6573
9388 3 2 7 1 6573 3453 3454 6574
9389 3 2 7 1 6574 3454 3455 6575
9390 3 2 7 1 6575 3455 3456 6576
9391 3 2 7 1 393 918 6559 3439
9392 3 2 7 1 3439 6559 6560 3440
9393 3 2 7 1 3440 6560 6561 3441
9394 3 2 7 1 3441 6561 6562 3442
9395 3 2 7 1 3442 6562 6563 3443
9396 3 2 7 1 3443 6563 6564 3444
9397 3 2 7 1 918 919 6565 6559
9398 3 2 7 1 6559 6565 6566 6560
9399 3 2 7 1 6560 6566 6567 6561
9400 3 2 7 1 6561 6567 6568 6562
9401 3 2 7 1 6562 6568 6569 6563
9402 3 2 7 1 6563 6569 6570 6564
9403 3 2 7 1 919 394 3445 6565
9404 3 2 7 1 6565 3445 3446 6566
9405 3 2 7 1 6566 3446 3447 6567
9406 3 2 7 1 6567 3447 3448 6568
9407 3 2 7 1 6568 3448 3449 6569
9408 3 2 7 1 6569 3449 3450 6570
9409 3 2 7 1 392 916 6547 3433
9410 3 2 7 1 3433 6547 6548 3434
9411 3 2 7 1 3434 6548 6549 3435
9412 3 2 7 1 3435 6549 6550 3436
9413 3 2 7 1 3436 6550 6551 3437
9414 3 2 7 1 3437 6551 6552 3438
9415 3 2 7 1 916 917 6553 6547
9416 3 2 7 1 6547 6553 6554 6548
9417 3 2 7 1 6548 6554 6555 6549
9418 3 2 7 1 6549 6555 6556 6550
9419 3 2 7 1 6550 6556 6557 6551
9420 3 2 7 1 6551 6557 6558 6552
9421 3 2 7 1 917 393 3439 6553
9422 3 2 7 1 6553 3439 3440 6554
9423 3 2 7 1 6554 3440 3441 6555
9424 3 2 7 1 6555 3441 3442 6556
9425 3 2 7 1 6556 3442 3443 6557
9426 3 2 7 1 6557 3443 3444 6558
9427 3 2 7 1 391 914 6535 3427
9428 3 2 7 1 3427 6535 6536 3428
9429 3 2 7 1 3428 6536 6537 3429
9430 3 2 7 1 3429 6537 6538 3430
9431 3 2 7 1 3430 6538 6539 3431
9432 3 2 7 1 3431 6539 6540 3432
9433 3 2 7 1 914 915 6541 6535
9434 3 2 7 1 6535 6541 6542 6536
9435 3 2 7 1 6536 6542 6543 6537
9436 3 2 7 1 6537 6543 6544 6538
9437 3 2 7 1 6538 6544 6545 6539
9438 3 2 7 1 6539 6545 6546 6540
9439 3 2 7 1 915 392 3433 6541
9440 3 2 7 1 6541 3433 3434 6542
9441 3 2 7 1 6542 3434 3435 6543
9442 3 2 7 1 6543 3435 3436 6544
9443 3 2 7 1 6544 3436 3437 6545
9444 3 2 7 1 6545 3437 3438 6546
9445 3 2 7 1 390 912 6523 3421
9446 3 2 7 1 3421 6523 6524 3422
9447 3 2 7 1 3422 6524 6525 3423
9448 3 2 7 1 3423 6525 6526 3424
9449 3 2 7 1 3424 6526 6527 3425
9450 3 2 7 1 3425 6527 6528 3426
9451 3 2 7 1 912 913 6529 6523
9452 3 2 7 1 6523 6529 6530 6524
9453 3 2 7 1 6524 6530 6531 6525
9454 3 2 7 1 6525 6531 6532 6526
9455 3 2 7 1 6526 6532 6533 6527
9456 3 2 7 1 6527 6533 6534 6528
9457 3 2 7 1 913 391 3427 6529
9458 3 2 7 1 6529 3427 3428 6530
9459 3 2 7 1 6530 3428 3429 6531
9460 3 2 7 1 6531 3429 3430 6532
9461 3 2 7 1 6532 3430 3431 6533
9462 3 2 7 1 6533 3431 3432 6534
9463 3 2 7 1 389 910 6511 3415
9464 3 2 7 1 3415 6511 6512 3416
9465 3 2 7 1 3416 6512 6513 3417
9466 3 2 7 1 3417 6513 6514 3418
9467 3 2 7 1 3418 6514 6515 3419
9468 3 2 7 1 3419 6515 6516 3420
9469 3 2 7 1 910 911 6517 6511
9470 3 2 7 1 6511 6517 6518 6512
9471 3 2 7 1 6512 6518 6519 6513
9472 3 2 7 1 6513 6519 6520 6514
9473 3 2 7 1 6514 6520 6521 6515
9474 3 2 7 1 6515 6521 6522 6516
9475 3 2 7 1 911 390 3421 6517
9476 3 2 7 1 6517 3421 3422 6518
9477 3 2 7 1 6518 3422 3423 6519
9478 3 2 7 1 6519 3423 3424 6520
9479 3 2 7 1 6520 3424 3425 6521
9480 3 2 7 1 6521 3425 3426 6522
9481 3 2 7 1 388 907 6493 3409
9482 3 2 7 1 3409 6493 6494 3410
9483 3 2 7 1 3410 6494 6495 3411
9484 3 2 7 1 3411 6495 6496 3412
9485 3 2 7 1 3412 6496 6497 3413
9486 3 2 7 1 3413 6497 6498 3414
9487 3 2 7 1 907 908 6499 6493
9488 3 2 7 1 6493 6499 6500 6494
9489 3 2 7 1 6494 6500 6501 6495
9490 3 2 7 1 6495 6501 6502 6496
9491 3 2 7 1 6496 6502 6503 6497
9492 3 2 7 1 6497 6503 6504 6498
9493 3 2 7 1 908 909 6505 6499
9494 3 2 7 1 6499 6505 6506 6500
9495 3 2 7 1 6500 6506 6507 6501
9496 3 2 7 1 6501 6507 6508 6502
9497 3 2 7 1 6502 6508 6509 6503
9498 3 2 7 1 6503 6509 6510 6504
9499 3 2 7 1 909 389 3415 6505
9500 3 2 7 1 6505 3415 3416 6506
9501 3 2 7 1 6506 3416 3417 6507
9502 3 2 7 1 6507 3417 3418 6508
9503 3 2 7 1 6508 3418 3419 6509
9504 3 2 7 1 6509 3419 3420 6510
9505 3 2 7 1 387 904 6475 3403
9506 3 2 7 1 3403 6475 6476 3404
9507 3 2 7 1 3404 6476 6477 3405
9508 3 2 7 1 3405 6477 6478 3406
9509 3 2 7 1 3406 6478 6479 3407
9510 3 2 7 1 3407 6479 6480 3408
9511 3 2 7 1 904 905 6481 6475
9512 3 2 7 1 6475 6481 6482 6476
9513 3 2 7 1 6476 6482 6483 6477
9514 3 2 7 1 6477 6483 6484 6478
9515 3 2 7 1 6478 6484 6485 6479
9516 3 2 7 1 6479 6485 6486 6480
9517 3 2 7 1 905 906 6487 6481
9518 3 2 7 1 6481 6487 6488 6482
9519 3 2 7 1 6482 6488 6489 6483
9520 3 2 7 1 6483 6489 6490 6484
9521 3 2 7 1 6484 6490 6491 6485
9522 3 2 7 1 6485 6491 6492 6486
9523 3 2 7 1 906 388 3409 6487
9524 3 2 7 1 6487 3409 3410 6488
9525 3 2 7 1 6488 3410 3411 6489
9526 3 2 7 1 6489 3411 3412 6490
9527 3 2 7 1 6490 3412 3413 6491
9528 3 2 7 1 6491 3413 3414 6492
9529 3 2 7 1 386 901 6457 3397
9530 3 2 7 1 3397 6457 6458 3398
9531 3 2 7 1 3398 6458 6459 3399
9532 3 2 7 1 3399 6459 6460 3400
9533 3 2 7 1 3400 6460 6461 3401
9534 3 2 7 1 3401 6461 6462 3402
9535 3 2 7 1 901 902 6463 6457
9536 3 2 7 1 6457 6463 6464 6458
9537 3 2 7 1 6458 6464 6465 6459
9538 3 2 7 1 6459 6465 6466 6460
9539 3 2 7 1 6460 6466 6467 6461
9540 3 2 7 1 6461 6467 6468 6462
9541 3 2 7 1 902 903 6469 6463
9542 3 2 7 1 6463 6469 6470 6464
9543 3 2 7 1 6464 6470 6471 6465
9544 3 2 7 1 6465 6471 6472 6466
9545 3 2 7 1 6466 6472 6473 6467
9546 3 2 7 1 6467 6473 6474 6468
9547 3 2 7 1 903 387 3403 6469
9548 3 2 7 1 6469 3403 3404 6470
9549 3 2 7 1 6470 3404 3405 6471
9550 3 2 7 1 6471 3405 3406 6472
9551 3 2 7 1 6472 3406 3407 6473
9552 3 2 7 1 6473 3407 3408 6474
9553 3 2 7 1 385 897 6433 3391
9554 3 2 7 1 3391 6433 6434 3392
9555 3 2 7 1 3392 6434 6435 3393
9556 3 2 7 1 3393 6435 6436 3394
9557 3 2 7 1 3394 6436 6437 3395
9558 3 2 7 1 3395 6437 6438 3396
9559 3 2 7 1 897 898 6439 6433
9560 3 2 7 1 6433 6439 6440 6434
9561 3 2 7 1 6434 6440 6441 6435
9562 3 2 7 1 6435 6441 6442 6436
9563 3 2 7 1 6436 6442 6443 6437
9564 3 2 7 1 6437 6443 6444 6438
9565 3 2 7 1 898 899 6445 6439
9566 3 2 7 1 6439 6445 6446 6440
9567 3 2 7 1 6440 6446 6447 6441
9568 3 2 7 1 6441 6447 6448 6442
9569 3 2 7 1 6442 6448 6449 6443
9570 3 2 7 1 6443 6449 6450 6444
9571 3 2 7 1 899 900 6451 6445
9572 3 2 7 1 6445 6451 6452 6446
9573 3 2 7 1 6446 6452 6453 6447
9574 3 2 7 1 6447 6453 6454 6448
9575 3 2 7 1 6448 6454 6455 6449
9576 3 2 7 1 6449 6455 6456 6450
9577 3 2 7 1 900 386 3397 6451
9578 3 2 7 1 6451 3397 3398 6452
9579 3 2 7 1 6452 3398 3399 6453
9580 3 2 7 1 6453 3399 3400 6454
9581 3 2 7 1 6454 3400 3401 6455
9582 3 2 7 1 6455 3401 3402 6456
9583 3 2 7 1 384 893 6409 3385
9584 3 2 7 1 3385 6409 6410 3386
9585 3 2 7 1 3386 6410 6411 3387
9586 3 2 7 1 3387 6411 6412 3388
9587 3 2 7 1 3388 6412 6413 3389
9588 3 2 7 1 3389 6413 6414 3390
9589 3 2 7 1 893 894 6415 6409
9590 3 2 7 1 6409 6415 6416 6410
9591 3 2 7 1 6410 6416 6417 6411
9592 3 2 7 1 6411 6417 6418 6412
9593 3 2 7 1 6412 6418 6419 6413
9594 3 2 7 1 6413 6419 6420 6414
9595 3 2 7 1 894 895 6421 6415
9596 3 2 7 1 6415 6421 6422 6416
9597 3 2 7 1 6416 6422 6423 6417
9598 3 2 7 1 6417 6423 6424 6418
9599 3 2 7 1 6418 6424 6425 6419
9600 3 2 7 1 6419 6425 6426 6420
9601 3 2 7 1 895 896 6427 6421
9602 3 2 7 1 6421 6427 6428 6422
9603 3 2 7 1 6422 6428 6429 6423
9604 3 2 7 1 6423 6429 6430 6424
9605 3 2 7 1 6424 6430 6431 6425
9606 3 2 7 1 6425 6431 6432 6426
9607 3 2 7 1 896 385 3391 6427
9608 3 2 7 1 6427 3391 3392 6428
9609 3 2 7 1 6428 3392 3393 6429
9610 3 2 7 1 6429 3393 3394 6430
9611 3 2 7 1 6430 3394 3395 6431
9612 3 2 7 1 6431 3395 3396 6432
9613 3 2 7 1 383 889 6385 3379
9614 3 2 7 1 3379 6385 6386 3380
9615 3 2 7 1 3380 6386 6387 3381
9616 3 2 7 1 3381 6387 6388 3382
9617 3 2 7 1 3382 6388 6389 3383
9618 3 2 7 1 3383 6389 6390 3384
9619 3 2 7 1 889 890 6391 6385
9620 3 2 7 1 6385 6391 6392 6386
9621 3 2 7 1 6386 6392 6393 6387
9622 3 2 7 1 6387 6393 6394 6388
9623 3 2 7 1 6388 6394 6395 6389
9624 3 2 7 1 6389 6395 6396 6390
9625 3 2 7 1 890 891 6397 6391
9626 3 2 7 1 6391 6397 6398 6392
9627 3 2 7 1 6392 6398 6399 6393
9628 3 2 7 1 6393 6399 6400 6394
9629 3 2 7 1 6394 6400 6401 6395
9630 3 2 7 1 6395 6401 6402 6396
9631 3 2 7 1 891 892 6403 6397
9632 3 2 7 1 6397 6403 6404 6398
9633 3 2 7 1 6398 6404 6405 6399
9634 3 2 7 1 6399 6405 6406 6400
9635 3 2 7 1 6400 6406 6407 6401
9636 3 2 7 1 6401 6407 6408 6402
9637 3 2 7 1 892 384 3385 6403
9638 3 2 7 1 6403 3385 3386 6404
9639 3 2 7 1 6404 3386 3387 6405
9640 3 2 7 1 6405 3387 3388 6406
9641 3 2 7 1 6406 3388 3389 6407
9642 3 2 7 1 6407 3389 3390 6408
9643 3 2 7 1 382 884 6355 3373
9644 3 2 7 1 3373 6355 6356 3374
9645 3 2 7 1 3374 6356 6357 3375
9646 3 2 7 1 3375 6357 6358 3376
9647 3 2 7 1 3376 6358 6359 3377
9648 3 2 7 1 3377 6359 6360 3378
9649 3 2 7 1 884 885 6361 6355
9650 3 2 7 1 6355 6361 6362 6356
9651 3 2 7 1 6356 6362 6363 6357
9652 3 2 7 1 6357 6363 6364 6358
9653 3 2 7 1 6358 6364 6365 6359
9654 3 2 7 1 6359 6365 6366 6360
9655 3 2 7 1 885 886 6367 6361
9656 3 2 7 1 6361 6367 6368 6362
9657 3 2 7 1 6362 6368 6369 6363
9658 3 2 7 1 6363 6369 6370 6364
9659 3 2 7 1 6364 6370 6371 6365
9660 3 2 7 1 6365 6371 6372 6366
9661 3 2 7 1 886 887 6373 6367
9662 3 2 7 1 6367 6373 6374 6368
9663 3 2 7 1 6368 6374 6375 6369
9664 3 2 7 1 6369 6375 6376 6370
9665 3 2 7 1 6370 6376 6377 6371
9666 3 2 7 1 6371 6377 6378 6372
9667 3 2 7 1 887 888 6379 6373
9668 3 2 7 1 6373 6379 6380 6374
9669 3 2 7 1 6374 6380 6381 6375
9670 3 2 7 1 6375 6381 6382 6376
9671 3 2 7 1 6376 6382 6383 6377
9672 3 2 7 1 6377 6383 6384 6378
9673 3 2 7 1 888 383 3379 6379
9674 3 2 7 1 6379 3379 3380 6380
9675 3 2 7 1 6380 3380 3381 6381
9676 3 2 7 1 6381 3381 3382 6382
9677 3 2 7 1 6382 3382 3383 6383
9678 3 2 7 1 6383 3383 3384 6384
9679 3 2 7 1 381 879 6325 3367
9680 3 2 7 1 3367 6325 6326 3368
9681 3 2 7 1 3368 6326 6327 3369
9682 3 2 7 1 3369 6327 6328 3370
9683 3 2 7 1 3370 6328 6329 3371
9684 3 2 7 1 3371 6329 6330 3372
9685 3 2 7 1 879 880 6331 6325
9686 3 2 7 1 6325 6331 6332 6326
9687 3 2 7 1 6326 6332 6333 6327
9688 3 2 7 1 6327 6333 6334 6328
9689 3 2 7 1 6328 6334 6335 6329
9690 3 2 7 1 6329 6335 6336 6330
9691 3 2 7 1 880 881 6337 6331
9692 3 2 7 1 6331 6337 6338 6332
9693 3 2 7 1 6332 6338 6339 6333
9694 3 2 7 1 6333 6339 6340 6334
9695 3 2 7 1 6334 6340 6341 6335
9696 3 2 7 1 6335 6341 6342 6336
9697 3 2 7 1 881 882 6343 6337
9698 3 2 7 1 6337 6343 6344 6338
9699 3 2 7 1 6338 6344 6345 6339
9700 3 2 7 1 6339 6345 6346 6340
9701 3 2 7 1 6340 6346 6347 6341
9702 3 2 7 1 6341 6347 6348 6342
9703 3 2 7 1 882 883 6349 6343
9704 3 2 7 1 6343 6349 6350 6344
9705 3 2 7 1 6344 6350 6351 6345
9706 3 2 7 1 6345 6351 6352 6346
9707 3 2 7 1 6346 6352 6353 6347
9708 3 2 7 1 6347 6353 6354 6348
9709 3 2 7 1 883 382 3373 6349
9710 3 2 7 1 6349 3373 3374 6350
9711 3 2 7 1 6350 3374 3375 6351
9712 3 2 7 1 6351 3375 3376 6352
9713 3 2 7 1 6352 3376 3377 6353
9714 3 2 7 1 6353 3377 3378 6354
9715 3 2 7 1 380 873 6289 3361
9716 3 2 7 1 3361 6289 6290 3362
9717 3 2 7 1 3362 6290 6291 3363
9718 3 2 7 1 3363 6291 6292 3364
9719 3 2 7 1 3364 6292 6293 3365
9720 3 2 7 1 3365 6293 6294 3366
9721 3 2 7 1 873 874 6295 6289
9722 3 2 7 1 6289 6295 6296 6290
9723 3 2 7 1 6290 6296 6297 6291
9724 3 2 7 1 6291 6297 6298 6292
9725 3 2 7 1 6292 6298 6299 6293
9726 3 2 7 1 6293 6299 6300 6294
9727 3 2 7 1 874 875 6301 6295
9728 3 2 7 1 6295 6301 6302 6296
9729 3 2 7 1 6296 6302 6303 6297
9730 3 2 7 1 6297 6303 6304 6298
9731 3 2 7 1 6298 6304 6305 6299
9732 3 2 7 1 6299 6305 6306 6300
9733 3 2 7 1 875 876 6307 6301
9734 3 2 7 1 6301 6307 6308 6302
9735 3 2 7 1 6302 6308 6309 6303
9736 3 2 7 1 6303 6309 6310 6304
9737 3 2 7 1 6304 6310 6311 6305
9738 3 2 7 1 6305 6311 6312 6306
9739 3 2 7 1 876 877 6313 6307
9740 3 2 7 1 6307 6313 6314 6308
9741 3 2 7 1 6308 6314 6315 6309
9742 3 2 7 1 6309 6315 6316 6310
9743 3 2 7 1 6310 6316 6317 6311
9744 3 2 7 1 6311 6317 6318 6312
9745 3 2 7 1 877 878 6319 6313
9746 3 2 7 1 6313 6319 6320 6314
9747 3 2 7 1 6314 6320 6321 6315
9748 3 2 7 1 6315 6321 6322 6316
9749 3 2 7 1 6316 6322 6323 6317
9750 3 2 7 1 6317 6323 6324 6318
9751 3 2 7 1 878 381 3367 6319
9752 3 2 7 1 6319 3367 3368 6320
9753 3 2 7 1 6320 3368 3369 6321
9754 3 2 7 1 6321 3369 3370 6322
9755 3 2 7 1 6322 3370 3371 6323
9756 3 2 7 1 6323 3371 3372 6324
9757 3 2 7 1 379 867 6253 3355
9758 3 2 7 1 3355 6253 6254 3356
9759 3 2 7 1 3356 6254 6255 3357
9760 3 2 7 1 3357 6255 6256 3358
9761 3 2 7 1 3358 6256 6257 3359
9762 3 2 7 1 3359 6257 6258 3360
9763 3 2 7 1 867 868 6259 6253
9764 3 2 7 1 6253 6259 6260 6254
9765 3 2 7 1 6254 6260 6261 6255
9766 3 2 7 1 6255 6261 6262 6256
9767 3 2 7 1 6256 6262 6263 6257
9768 3 2 7 1 6257 6263 6264 6258
9769 3 2 7 1 868 869 6265 6259
9770 3 2 7 1 6259 6265 6266 6260
9771 3 2 7 1 6260 6266 6267 6261
9772 3 2 7 1 6261 6267 6268 6262
9773 3 2 7 1 6262 6268 6269 6263
9774 3 2 7 1 6263 6269 6270 6264
9775 3 2 7 1 869 870 6271 6265
9776 3 2 7 1 6265 6271 6272 6266
9777 3 2 7 1 6266 6272 6273 6267
9778 3 2 7 1 6267 6273 6274 6268
9779 3 2 7 1 6268 6274 6275 6269
9780 3 2 7 1 6269 6275 6276 6270
9781 3 2 7 1 870 871 6277 6271
9782 3 2 7 1 6271 6277 6278 6272
9783 3 2 7 1 6272 6278 6279 6273
9784 3 2 7 1 6273 6279 6280 6274
9785 3 2 7 1 6274 6280 6281 6275
9786 3 2 7 1 6275 6281 6282 6276
9787 3 2 7 1 871 872 6283 6277
9788 3 2 7 1 6277 6283 6284 6278
9789 3 2 7 1 6278 6284 6285 6279
9790 3 2 7 1 6279 6285 6286 6280
9791 3 2 7 1 6280 6286 6287 6281
9792 3 2 7 1 6281 6287 6288 6282
9793 3 2 7 1 872 380 3361 6283
9794 3 2 7 1 6283 3361 3362 6284
9795 3 2 7 1 6284 3362 3363 6285
9796 3 2 7 1 6285 3363 3364 6286
9797 3 2 7 1 6286 3364 3365 6287
9798 3 2 7 1 6287 3365 3366 6288
9799 3 2 7 1 378 860 6211 3349
9800 3 2 7 1 3349 6211 6212 3350
9801 3 2 7 1 3350 6212 6213 3351
9802 3 2 7 1 3351 6213 6214 3352
9803 3 2 7 1 3352 6214 6215 3353
9804 3 2 7 1 3353 6215 6216 3354
9805 3 2 7 1 860 861 6217 6211
9806 3 2 7 1 6211 6217 6218 6212
9807 3 2 7 1 6212 6218 6219 6213
9808 3 2 7 1 6213 6219 6220 6214
9809 3 2 7 1 6214 6220 6221 6215
9810 3 2 7 1 6215 6221 6222 6216
9811 3 2 7 1 861 862 6223 6217
9812 3 2 7 1 6217 6223 6224 6218
9813 3 2 7 1 6218 6224 6225 6219
9814 3 2 7 1 6219 6225 6226 6220
9815 3 2 7 1 6220 6226 6227 6221
9816 3 2 7 1 6221 6227 6228 6222
9817 3 2 7 1 862 863 6229 6223
9818 3 2 7 1 6223 6229 6230 6224
9819 3 2 7 1 6224 6230 6231 6225
9820 3 2 7 1 6225 6231 6232 6226
9821 3 2 7 1 6226 6232 6233 6227
9822 3 2 7 1 6227 6233 6234 6228
9823 3 2 7 1 863 864 6235 6229
9824 3 2 7 1 6229 6235 6236 6230
9825 3 2 7 1 6230 6236 6237 6231
9826 3 2 7 1 6231 6237 6238 6232
9827 3 2 7 1 6232 6238 6239 6233
9828 3 2 7 1 6233 6239 6240 6234
9829 3 2 7 1 864 865 6241 6235
9830 3 2 7 1 6235 6241 6242 6236
9831 3 2 7 1 6236 6242 6243 6237
9832 3 2 7 1 6237 6243 6244 6238
9833 3 2 7 1 6238 6244 6245 6239
9834 3 2 7 1 6239 6245 6246 6240
9835 3 2 7 1 865 866 6247 6241
9836 3 2 7 1 6241 6247 6248 6242
9837 3 2 7 1 6242 6248 6249 6243
9838 3 2 7 1 6243 6249 6250 6244
9839 3 2 7 1 6244 6250 6251 6245
9840 3 2 7 1 6245 6251 6252 6246
9841 3 2 7 1 866 379 3355 6247
9842 3 2 7 1 6247 3355 3356 6248
9843 3 2 7 1 6248 3356 3357 6249
9844 3 2 7 1 6249 3357 3358 6250
9845 3 2 7 1 6250 3358 3359 6251
9846 3 2 7 1 6251 3359 3360 6252
9847 3 2 7 1 377 854 6175 3343
9848 3 2 7 1 3343 6175 6176 3344
9849 3 2 7 1 3344 6176 6177 3345
9850 3 2 7 1 3345 6177 6178 3346
9851 3 2 7 1 3346 6178 6179 3347
9852 3 2 7 1 3347 6179 6180 3348
9853 3 2 7 1 854 855 6181 6175
9854 3 2 7 1 6175 6181 6182 6176
9855 3 2 7 1 6176 6182 6183 6177
9856 3 2 7 1 6177 6183 6184 6178
9857 3 2 7 1 6178 6184 6185 6179
9858 3 2 7 1 6179 6185 6186 6180
9859 3 2 7 1 855 856 6187 6181
9860 3 2 7 1 6181 6187 6188 6182
9861 3 2 7 1 6182 6188 6189 6183
9862 3 2 7 1 6183 6189 6190 6184
9863 3 2 7 1 6184 6190 6191 6185
9864 3 2 7 1 6185 6191 6192 6186
9865 3 2 7 1 856 857 6193 6187
9866 3 2 7 1 6187 6193 6194 6188
9867 3 2 7 1 6188 6194 6195 6189
9868 3 2 7 1 6189 6195 6196 6190
9869 3 2 7 1 6190 6196 6197 6191
9870 3 2 7 1 6191 6197 6198 6192
9871 3 2 7 1 857 858 6199 6193
9872 3 2 7 1 6193 6199 6200 6194
9873 3 2 7 1 6194 6200 6201 6195
9874 3 2 7 1 6195 6201 6202 6196
9875 3 2 7 1 6196 6202 6203 6197
9876 3 2 7 1 6197 6203 6204 6198
9877 3 2 7 1 858 859 6205 6199
9878 3 2 7 1 6199 6205 6206 6200
9879 3 2 7 1 6200 6206 6207 6201
9880 3 2 7 1 6201 6207 6208 6202
9881 3 2 7 1 6202 6208 6209 6203
9882 3 2 7 1 6203 6209 6210 6204
9883 3 2 7 1 859 378 3349 6205
9884 3 2 7 1 6205 3349 3350 6206
9885 3 2 7 1 6206 3350 3351 6207
9886 3 2 7 1 6207 3351 3352 6208
9887 3 2 7 1 6208 3352 3353 6209
9888 3 2 7 1 6209 3353 3354 6210
9889 3 2 7 1 376 848 6139 3337
9890 3 2 7 1 3337 6139 6140 3338
9891 3 2 7 1 3338 6140 6141 3339
9892 3 2 7 1 3339 6141 6142 3340
9893 3 2 7 1 3340 6142 6143 3341
9894 3 2 7 1 3341 6143 6144 3342
9895 3 2 7 1 848 849 6145 6139
9896 3 2 7 1 6139 6145 6146 6140
9897 3 2 7 1 6140 6146 6147 6141
9898 3 2 7 1 6141 6147 6148 6142
9899 3 2 7 1 6142 6148 6149 6143
9900 3 2 7 1 6143 6149 6150 6144
9901 3 2 7 1 849 850 6151 6145
9902 3 2 7 1 6145 6151 6152 6146
9903 3 2 7 1 6146 6152 6153 6147
9904 3 2 7 1 6147 6153 6154 6148
9905 3 2 7 1 6148 6154 6155 6149
9906 3 2 7 1 6149 6155 6156 6150
9907 3 2 7 1 850 851 6157 6151
9908 3 2 7 1 6151 6157 6158 6152
9909 3 2 7 1 6152 6158 6159 6153
9910 3 2 7 1 6153 6159 6160 6154
9911 3 2 7 1 6154 6160 6161 6155
9912 3 2 7 1 6155 6161 6162 6156
9913 3 2 7 1 851 852 6163 6157
9914 3 2 7 1 6157 6163 6164 6158
9915 3 2 7 1 6158 6164 6165 6159
9916 3 2 7 1 6159 6165 6166 6160
9917 3 2 7 1 6160 6166 6167 6161
9918 3 2 7 1 6161 6167 6168 6162
9919 3 2 7 1 852 853 6169 6163
9920 3 2 7 1 6163 6169 6170 6164
9921 3 2 7 1 6164 6170 6171 6165
9922 3 2 7 1 6165 6171 6172 6166
9923 3 2 7 1 6166 6172 6173 6167
9924 3 2 7 1 6167 6173 6174 6168
9925 3 2 7 1 853 377 3343 6169
9926 3 2 7 1 6169 3343 3344 6170
9927 3 2 7 1 6170 3344 3345 6171
9928 3 2 7 1 6171 3345 3346 6172
9929 3 2 7 1 6172 3346 3347 6173
9930 3 2 7 1 6173 3347 3348 6174
9931 3 2 7 1 375 843 6109 3331
9932 3 2 7 1 3331 6109 6110 3332
9933 3 2 7 1 3332 6110 6111 3333
9934 3 2 7 1 3333 6111 6112 3334
9935 3 2 7 1 3334 6112 6113 3335
9936 3 2 7 1 3335 6113 6114 3336
9937 3 2 7 1 843 844 6115 6109
9938 3 2 7 1 6109 6115 6116 6110
9939 3 2 7 1 6110 6116 6117 6111
9940 3 2 7 1 6111 6117 6118 6112
9941 3 2 7 1 6112 6118 6119 6113
9942 3 2 7 1 6113 6119 6120 6114
9943 3 2 7 1 844 845 6121 6115
9944 3 2 7 1 6115 6121 6122 6116
9945 3 2 7 1 6116 6122 6123 6117
9946 3 2 7 1 6117 6123 6124 6118
9947 3 2 7 1 6118 6124 6125 6119
9948 3 2 7 1 6119 6125 6126 6120
9949 3 2 7 1 845 846 6127 6121
9950 3 2 7 1 6121 6127 6128 6122
9951 3 2 7 1 6122 6128 6129 6123
9952 3 2 7 1 6123 6129 6130 6124
9953 3 2 7 1 6124 6130 6131 6125
9954 3 2 7 1 6125 6131 6132 6126
9955 3 2 7 1 846 847 6133 6127
9956 3 2 7 1 6127 6133 6134 6128
9957 3 2 7 1 6128 6134 6135 6129
9958 3 2 7 1 6129 6135 6136 6130
9959 3 2 7 1 6130 6136 6137 6131
9960 3 2 7 1 6131 6137 6138 6132
9961 3 2 7 1 847 376 3337 6133
9962 3 2 7 1 6133 3337 3338 6134
9963 3 2 7 1 6134 3338 3339 6135
9964 3 2 7 1 6135 3339 3340 6136
9965 3 2 7 1 6136 3340 3341 6137
9966 3 2 7 1 6137 3341 3342 6138
9967 3 2 7 1 374 838 6079 3325
9968 3 2 7 1 3325 6079 6080 3326
9969 3 2 7 1 3326 6080 6081 3327
9970 3 2 7 1 3327 6081 6082 3328
9971 3 2 7 1 3328 6082 6083 3329
9972 3 2 7 1 3329 6083 6084 3330
9973 3 2 7 1 838 839 6085 6079
9974 3 2 7 1 6079 6085 6086 6080
9975 3 2 7 1 6080 6086 6087 6081
9976 3 2 7 1 6081 6087 6088 6082
9977 3 2 7 1 6082 6088 6089 6083
9978 3 2 7 1 6083 6089 6090 6084
9979 3 2 7 1 966 421 3607 6847
9980 3 2 7 1 6847 3607 3608 6848
9981 3 2 7 1 6848 3608 3609 6849
9982 3 2 7 1 6849 3609 3610 6850
9983 3 2 7 1 6850 3610 3611 6851
9984 3 2 7 1 6851 3611 3612 6852
9985 3 2 7 1 661 662 5053 5047
9986 3 2 7 1 5047 5053 5054 5048
9987 3 2 7 1 5048 5054 5055 5049
9988 3 2 7 1 5049 5055 5056 5050
9989 3 2 7 1 5050 5056 5057 5051
9990 3 2 7 1 5051 5057 5058 5052
9991 3 2 7 1 660 661 5047 5041
9992 3 2 7 1 5041 5047 5048 5042
9993 3 2 7 1 5042 5048 5049 5043
9994 3 2 7 1 5043 5049 5050 5044
9995 3 2 7 1 5044 5050 5051 5045
9996 3 2 7 1 5045 5051 5052 5046
9997 3 2 7 1 659 660 5041 5035
9998 3 2 7 1 5035 5041 5042 5036
9999 3 2 7 1 5036 5042 5043 5037
10000 3 2 7 1 5037 5043 5044 5038
10001 3 2 7 1 5038 5044 5045 5039
10002 3 2 7 1 5039 5045 5046 5040
10003 3 2 7 1 658 659 5035 5029
10004 3 2 7 1 5029 5035 5036 5030
10005 3 2 7 1 5030 5036 5037 5031
10006 3 2 7 1 5031 5037 5038 5032
10007 3 2 7 1 5032 5038 5039 5033
10008 3 2 7 1 5033 5039 5040 5034
10009 3 2 7 1 657 658 5029 5023
10010 3 2 7 1 5023 5029 5030 5024
10011 3 2 7 1 5024 5030 5031 5025
10012 3 2 7 1 5025 5031 5032 5026
10013 3 2 7 1 5026 5032 5033 5027
10014 3 2 7 1 5027 5033 5034 5028
10015 3 2 7 1 656 657 5023 5017
10016 3 2 7 1 5017 5023 5024 5018
10017 3 2 7 1 5018 5024 5025 5019
10018 3 2 7 1 5019 5025 5026 5020
10019 3 2 7 1 5020 5026 5027 5021
10020 3 2 7 1 5021 5027 5028 5022
10021 3 2 7 1 655 656 5017 5011
10022 3 2 7 1 5011 5017 5018 5012
10023 3 2 7 1 5012 5018 5019 5013
10024 3 2 7 1 5013 5019 5020 5014
10025 3 2 7 1 5014 5020 5021 5015
10026 3 2 7 1 5015 5021 5022 5016
10027 3 2 7 1 654 655 5011 5005
10028 3 2 7 1 5005 5011 5012 5006
10029 3 2 7 1 5006 5012 5013 5007
10030 3 2 7 1 5007 5013 5014 5008
10031 3 2 7 1 5008 5014 5015 5009
10032 3 2 7 1 5009 5015 5016 5010
10033 3 2 7 1 653 654 5005 4999
10034 3 2 7 1 4999 5005 5006 5000
10035 3 2 7 1 5000 5006 5007 5001
10036 3 2 7 1 5001 5007 5008 5002
10037 3 2 7 1 5002 5008 5009 5003
10038 3 2 7 1 5003 5009 5010 5004
10039 3 2 7 1 652 653 4999 4993
10040 3 2 7 1 4993 4999 5000 4994
10041 3 2 7 1 4994 5000 5001 4995
10042 3 2 7 1 4995 5001 5002 4996
10043 3 2 7 1 4996 5002 5003 4997
10044 3 2 7 1 4997 5003 5004 4998
10045 3 2 7 1 651 652 4993 4987
10046 3 2 7 1 4987 4993 4994 4988
10047 3 2 7 1 4988 4994 4995 4989
10048 3 2 7 1 4989 4995 4996 4990
10049 3 2 7 1 4990 4996 4997 4991
10050 3 2 7 1 4991 4997 4998 4992
10051 3 2 7 1 650 651 4987 4981
10052 3 2 7 1 4981 4987 4988 4982
10053 3 2 7 1 4982 4988 4989 4983
10054 3 2 7 1 4983 4989 4990 4984
10055 3 2 7 1 4984 4990 4991 4985
10056 3 2 7 1 4985 4991 4992 4986
10057 3 2 7 1 649 650 4981 4975
10058 3 2 7 1 4975 4981 4982 4976
10059 3 2 7 1 4976 4982 4983 4977
10060 3 2 7 1 4977 4983 4984 4978
10061 3 2 7 1 4978 4984 4985 4979
10062 3 2 7 1 4979 4985 4986 4980
10063 3 2 7 1 648 649 4975 4969
10064 3 2 7 1 4969 4975 4976 4970
10065 3 2 7 1 4970 4976 4977 4971
10066 3 2 7 1 4971 4977 4978 4972
10067 3 2 7 1 4972 4978 4979 4973
10068 3 2 7 1 4973 4979 4980 4974
10069 3 2 7 1 647 648 4969 4963
10070 3 2 7 1 4963 4969 4970 4964
10071 3 2 7 1 4964 4970 4971 4965
10072 3 2 7 1 4965 4971 4972 4966
10073 3 2 7 1 4966 4972 4973 4967
10074 3 2 7 1 4967 4973 4974 4968
10075 3 2 7 1 646 647 4963 4957
10076 3 2 7 1 4957 4963 4964 4958
10077 3 2 7 1 4958 4964 4965 4959
10078 3 2 7 1 4959 4965 4966 4960
10079 3 2 7 1 4960 4966 4967 4961
10080 3 2 7 1 4961 4967 4968 4962
10081 3 2 7 1 645 646 4957 4951
10082 3 2 7 1 4951 4957 4958 4952
10083 3 2 7 1 4952 4958 4959 4953
10084 3 2 7 1 4953 4959 4960 4954
10085 3 2 7 1 4954 4960 4961 4955
10086 3 2 7 1 4955 4961 4962 4956
10087 3 2 7 1 644 645 4951 4945
10088 3 2 7 1 4945 4951 4952 4946
10089 3 2 7 1 4946 4952 4953 4947
10090 3 2 7 1 4947 4953 4954 4948
10091 3 2 7 1 4948 4954 4955 4949
10092 3 2 7 1 4949 4955 4956 4950
10093 3 2 7 1 643 644 4945 4939
10094 3 2 7 1 4939 4945 4946 4940
10095 3 2 7 1 4940 4946 4947 4941
10096 3 2 7 1 4941 4947 4948 4942
10097 3 2 7 1 4942 4948 4949 4943
10098 3 2 7 1 4943 4949 4950 4944
10099 3 2 7 1 642 643 4939 4933
10100 3 2 7 1 4933 4939 4940 4934
10101 3 2 7 1 4934 4940 4941 4935
10102 3 2 7 1 4935 4941 4942 4936
10103 3 2 7 1 4936 4942 4943 4937
10104 3 2 7 1 4937 4943 4944 4938
10105 3 2 7 1 641 642 4933 4927
10106 3 2 7 1 4927 4933 4934 4928
10107 3 2 7 1 4928 4934 4935 4929
10108 3 2 7 1 4929 4935 4936 4930
10109 3 2 7 1 4930 4936 4937 4931
10110 3 2 7 1 4931 4937 4938 4932
10111 3 2 7 1 640 641 4927 4921
10112 3 2 7 1 4921 4927 4928 4922
10113 3 2 7 1 4922 4928 4929 4923
10114 3 2 7 1 4923 4929 4930 4924
10115 3 2 7 1 4924 4930 4931 4925
10116 3 2 7 1 4925 4931 4932 4926
10117 3 2 7 1 639 640 4921 4915
10118 3 2 7 1 4915 4921 4922 4916
10119 3 2 7 1 4916 4922 4923 4917
10120 3 2 7 1 4917 4923 4924 4918
10121 3 2 7 1 4918 4924 4925 4919
10122 3 2 7 1 4919 4925 4926 4920
10123 3 2 7 1 638 639 4915 4909
10124 3 2 7 1 4909 4915 4916 4910
10125 3 2 7 1 4910 4916 4917 4911
10126 3 2 7 1 4911 4917 4918 4912
10127 3 2 7 1 4912 4918 4919 4913
10128 3 2 7 1 4913 4919 4920 4914
10129 3 2 7 1 637 638 4909 4903
10130 3 2 7 1 4903 4909 4910 4904
10131 3 2 7 1 4904 4910 4911 4905
10132 3 2 7 1 4905 4911 4912 4906
10133 3 2 7 1 4906 4912 4913 4907
10134 3 2 7 1 4907 4913 4914 4908
10135 3 2 7 1 636 637 4903 4897
10136 3 2 7 1 4897 4903 4904 4898
10137 3 2 7 1 4898 4904 4905 4899
10138 3 2 7 1 4899 4905 4906 4900
10139 3 2 7 1 4900 4906 4907 4901
10140 3 2 7 1 4901 4907 4908 4902
10141 3 2 7 1 635 636 4897 4891
10142 3 2 7 1 4891 4897 4898 4892
10143 3 2 7 1 4892 4898 4899 4893
10144 3 2 7 1 4893 4899 4900 4894
10145 3 2 7 1 4894 4900 4901 4895
10146 3 2 7 1 4895 4901 4902 4896
10147 3 2 7 1 634 635 4891 4885
10148 3 2 7 1 4885 4891 4892 4886
10149 3 2 7 1 4886 4892 4893 4887
10150 3 2 7 1 4887 4893 4894 4888
10151 3 2 7 1 4888 4894 4895 4889
10152 3 2 7 1 4889 4895 4896 4890
10153 3 2 7 1 633 634 4885 4879
10154 3 2 7 1 4879 4885 4886 4880
10155 3 2 7 1 4880 4886 4887 4881
10156 3 2 7 1 4881 4887 4888 4882
10157 3 2 7 1 4882 4888 4889 4883
10158 3 2 7 1 4883 4889 4890 4884
10159 3 2 7 1 632 633 4879 4873
10160 3 2 7 1 4873 4879 4880 4874
10161 3 2 7 1 4874 4880 4881 4875
10162 3 2 7 1 4875 4881 4882 4876
10163 3 2 7 1 4876 4882 4883 4877
10164 3 2 7 1 4877 4883 4884 4878
10165 3 2 7 1 631 632 4873 4867
10166 3 2 7 1 4867 4873 4874 4868
10167 3 2 7 1 4868 4874 4875 4869
10168 3 2 7 1 4869 4875 4876 4870
10169 3 2 7 1 4870 4876 4877 4871
10170 3 2 7 1 4871 4877 4878 4872
10171 3 2 7 1 630 631 4867 4861
10172 3 2 7 1 4861 4867 4868 4862
10173 3 2 7 1 4862 4868 4869 4863
10174 3 2 7 1 4863 4869 4870 4864
10175 3 2 7 1 4864 4870 4871 4865
10176 3 2 7 1 4865 4871 4872 4866
10177 3 2 7 1 827 828 6019 6013
10178 3 2 7 1 6013 6019 6020 6014
10179 3 2 7 1 6014 6020 6021 6015
10180 3 2 7 1 6015 6021 6022 6016
10181 3 2 7 1 6016 6022 6023 6017
10182 3 2 7 1 6017 6023 6024 6018
10183 3 2 7 1 828 829 6025 6019
10184 3 2 7 1 6019 6025 6026 6020
10185 3 2 7 1 6020 6026 6027 6021
10186 3 2 7 1 6021 6027 6028 6022
10187 3 2 7 1 6022 6028 6029 6023
10188 3 2 7 1 6023 6029 6030 6024
10189 3 2 7 1 829 372 3313 6025
10190 3 2 7 1 6025 3313 3314 6026
10191 3 2 7 1 6026 3314 3315 6027
10192 3 2 7 1 6027 3315 3316 6028
10193 3 2 7 1 6028 3316 3317 6029
10194 3 2 7 1 6029 3317 3318 6030
10195 3 2 7 1 370 823 5989 3301
10196 3 2 7 1 3301 5989 5990 3302
10197 3 2 7 1 3302 5990 5991 3303
10198 3 2 7 1 3303 5991 5992 3304
10199 3 2 7 1 3304 5992 5993 3305
10200 3 2 7 1 3305 5993 5994 3306
10201 3 2 7 1 823 824 5995 5989
10202 3 2 7 1 5989 5995 5996 5990
10203 3 2 7 1 5990 5996 5997 5991
10204 3 2 7 1 5991 5997 5998 5992
10205 3 2 7 1 5992 5998 5999 5993
10206 3 2 7 1 5993 5999 6000 5994
10207 3 2 7 1 824 825 6001 5995
10208 3 2 7 1 5995 6001 6002 5996
10209 3 2 7 1 5996 6002 6003 5997
10210 3 2 7 1 5997 6003 6004 5998
10211 3 2 7 1 5998 6004 6005 5999
10212 3 2 7 1 5999 6005 6006 6000
10213 3 2 7 1 825 371 3307 6001
10214 3 2 7 1 6001 3307 3308 6002
10215 3 2 7 1 6002 3308 3309 6003
10216 3 2 7 1 6003 3309 3310 6004
10217 3 2 7 1 6004 3310 3311 6005
10218 3 2 7 1 6005 3311 3312 6006
10219 3 2 7 1 369 820 5971 3295
10220 3 2 7 1 3295 5971 5972 3296
10221 3 2 7 1 3296 5972 5973 3297
10222 3 2 7 1 3297 5973 5974 3298
10223 3 2 7 1 3298 5974 5975 3299
10224 3 2 7 1 3299 5975 5976 3300
10225 3 2 7 1 820 821 5977 5971
10226 3 2 7 1 5971 5977 5978 5972
10227 3 2 7 1 5972 5978 5979 5973
10228 3 2 7 1 5973 5979 5980 5974
10229 3 2 7 1 5974 5980 5981 5975
10230 3 2 7 1 5975 5981 5982 5976
10231 3 2 7 1 821 822 5983 5977
10232 3 2 7 1 5977 5983 5984 5978
10233 3 2 7 1 5978 5984 5985 5979
10234 3 2 7 1 5979 5985 5986 5980
10235 3 2 7 1 5980 5986 5987 5981
10236 3 2 7 1 5981 5987 5988 5982
10237 3 2 7 1 822 370 3301 5983
10238 3 2 7 1 5983 3301 3302 5984
10239 3 2 7 1 5984 3302 3303 5985
10240 3 2 7 1 5985 3303 3304 5986
10241 3 2 7 1 5986 3304 3305 5987
10242 3 2 7 1 5987 3305 3306 5988
10243 3 2 7 1 368 817 5953 3289
10244 3 2 7 1 3289 5953 5954 3290
10245 3 2 7 1 3290 5954 5955 3291
10246 3 2 7 1 3291 5955 5956 3292
10247 3 2 7 1 3292 5956 5957 3293
10248 3 2 7 1 3293 5957 5958 3294
10249 3 2 7 1 817 818 5959 5953
10250 3 2 7 1 5953 5959 5960 5954
10251 3 2 7 1 5954 5960 5961 5955
10252 3 2 7 1 5955 5961 5962 5956
10253 3 2 7 1 5956 5962 5963 5957
10254 3 2 7 1 5957 5963 5964 5958
10255 3 2 7 1 818 819 5965 5959
10256 3 2 7 1 5959 5965 5966 5960
10257 3 2 7 1 5960 5966 5967 5961
10258 3 2 7 1 5961 5967 5968 5962
10259 3 2 7 1 5962 5968 5969 5963
10260 3 2 7 1 5963 5969 5970 5964
10261 3 2 7 1 819 369 3295 5965
10262 3 2 7 1 5965 3295 3296 5966
10263 3 2 7 1 5966 3296 3297 5967
10264 3 2 7 1 5967 3297 3298 5968
10265 3 2 7 1 5968 3298 3299 5969
10266 3 2 7 1 5969 3299 3300 5970
10267 3 2 7 1 367 815 5941 3283
10268 3 2 7 1 3283 5941 5942 3284
10269 3 2 7 1 3284 5942 5943 3285
10270 3 2 7 1 3285 5943 5944 3286
10271 3 2 7 1 3286 5944 5945 3287
10272 3 2 7 1 3287 5945 5946 3288
10273 3 2 7 1 815 816 5947 5941
10274 3 2 7 1 5941 5947 5948 5942
10275 3 2 7 1 5942 5948 5949 5943
10276 3 2 7 1 5943 5949 5950 5944
10277 3 2 7 1 5944 5950 5951 5945
10278 3 2 7 1 5945 5951 5952 5946
10279 3 2 7 1 816 368 3289 5947
10280 3 2 7 1 5947 3289 3290 5948
10281 3 2 7 1 5948 3290 3291 5949
10282 3 2 7 1 5949 3291 3292 5950
10283 3 2 7 1 5950 3292 3293 5951
10284 3 2 7 1 5951 3293 3294 5952
10285 3 2 7 1 366 813 5929 3277
10286 3 2 7 1 3277 5929 5930 3278
10287 3 2 7 1 3278 5930 5931 3279
10288 3 2 7 1 3279 5931 5932 3280
10289 3 2 7 1 3280 5932 5933 3281
10290 3 2 7 1 3281 5933 5934 3282
10291 3 2 7 1 813 814 5935 5929
10292 3 2 7 1 5929 5935 5936 5930
10293 3 2 7 1 5930 5936 5937 5931
10294 3 2 7 1 5931 5937 5938 5932
10295 3 2 7 1 5932 5938 5939 5933
10296 3 2 7 1 5933 5939 5940 5934
10297 3 2 7 1 814 367 3283 5935
10298 3 2 7 1 5935 3283 3284 5936
10299 3 2 7 1 5936 3284 3285 5937
10300 3 2 7 1 5937 3285 3286 5938
10301 3 2 7 1 5938 3286 3287 5939
10302 3 2 7 1 5939 3287 3288 5940
10303 3 2 7 1 365 811 5917 3271
10304 3 2 7 1 3271 5917 5918 3272
10305 3 2 7 1 3272 5918 5919 3273
10306 3 2 7 1 3273 5919 5920 3274
10307 3 2 7 1 3274 5920 5921 3275
10308 3 2 7 1 3275 5921 5922 3276
10309 3 2 7 1 811 812 5923 5917
10310 3 2 7 1 5917 5923 5924 5918
10311 3 2 7 1 5918 5924 5925 5919
10312 3 2 7 1 5919 5925 5926 5920
10313 3 2 7 1 5920 5926 5927 5921
10314 3 2 7 1 5921 5927 5928 5922
10315 3 2 7 1 812 366 3277 5923
10316 3 2 7 1 5923 3277 3278 5924
10317 3 2 7 1 5924 3278 3279 5925
10318 3 2 7 1 5925 3279 3280 5926
10319 3 2 7 1 5926 3280 3281 5927
10320 3 2 7 1 5927 3281 3282 5928
10321 3 2 7 1 364 809 5905 3265
10322 3 2 7 1 3265 5905 5906 3266
10323 3 2 7 1 3266 5906 5907 3267
10324 3 2 7 1 3267 5907 5908 3268
10325 3 2 7 1 3268 5908 5909 3269
10326 3 2 7 1 3269 5909 5910 3270
10327 3 2 7 1 809 810 5911 5905
10328 3 2 7 1 5905 5911 5912 5906
10329 3 2 7 1 5906 5912 5913 5907
10330 3 2 7 1 5907 5913 5914 5908
10331 3 2 7 1 5908 5914 5915 5909
10332 3 2 7 1 5909 5915 5916 5910
10333 3 2 7 1 810 365 3271 5911
10334 3 2 7 1 5911 3271 3272 5912
10335 3 2 7 1 5912 3272 3273 5913
10336 3 2 7 1 5913 3273 3274 5914
10337 3 2 7 1 5914 3274 3275 5915
10338 3 2 7 1 5915 3275 3276 5916
10339 3 2 7 1 363 807 5893 3259
10340 3 2 7 1 3259 5893 5894 3260
10341 3 2 7 1 3260 5894 5895 3261
10342 3 2 7 1 3261 5895 5896 3262
10343 3 2 7 1 3262 5896 5897 3263
10344 3 2 7 1 3263 5897 5898 3264
10345 3 2 7 1 807 808 5899 5893
10346 3 2 7 1 5893 5899 5900 5894
10347 3 2 7 1 5894 5900 5901 5895
10348 3 2 7 1 5895 5901 5902 5896
10349 3 2 7 1 5896 5902 5903 5897
10350 3 2 7 1 5897 5903 5904 5898
10351 3 2 7 1 808 364 3265 5899
10352 3 2 7 1 5899 3265 3266 5900
10353 3 2 7 1 5900 3266 3267 5901
10354 3 2 7 1 5901 3267 3268 5902
10355 3 2 7 1 5902 3268 3269 5903
10356 3 2 7 1 5903 3269 3270 5904
10357 3 2 7 1 362 806 5887 3253
10358 3 2 7 1 3253 5887 5888 3254
10359 3 2 7 1 3254 5888 5889 3255
10360 3 2 7 1 3255 5889 5890 3256
10361 3 2 7 1 3256 5890 5891 3257
10362 3 2 7 1 3257 5891 5892 3258
10363 3 2 7 1 806 363 3259 5887
10364 3 2 7 1 5887 3259 3260 5888
10365 3 2 7 1 5888 3260 3261 5889
10366 3 2 7 1 5889 3261 3262 5890
10367 3 2 7 1 5890 3262 3263 5891
10368 3 2 7 1 5891 3263 3264 5892
10369 3 2 7 1 361 805 5881 3247
10370 3 2 7 1 3247 5881 5882 3248
10371 3 2 7 1 3248 5882 5883 3249
10372 3 2 7 1 3249 5883 5884 3250
10373 3 2 7 1 3250 5884 5885 3251
10374 3 2 7 1 3251 5885 5886 3252
10375 3 2 7 1 805 362 3253 5881
10376 3 2 7 1 5881 3253 3254 5882
10377 3 2 7 1 5882 3254 3255 5883
10378 3 2 7 1 5883 3255 3256 5884
10379 3 2 7 1 5884 3256 3257 5885
10380 3 2 7 1 5885 3257 3258 5886
10381 3 2 7 1 360 804 5875 3241
10382 3 2 7 1 3241 5875 5876 3242
10383 3 2 7 1 3242 5876 5877 3243
10384 3 2 7 1 3243 5877 5878 3244
10385 3 2 7 1 3244 5878 5879 3245
10386 3 2 7 1 3245 5879 5880 3246
10387 3 2 7 1 804 361 3247 5875
10388 3 2 7 1 5875 3247 3248 5876
10389 3 2 7 1 5876 3248 3249 5877
10390 3 2 7 1 5877 3249 3250 5878
10391 3 2 7 1 5878 3250 3251 5879
10392 3 2 7 1 5879 3251 3252 5880
10393 3 2 7 1 465 938 6679 3871
10394 3 2 7 1 3871 6679 6680 3872
10395 3 2 7 1 3872 6680 6681 3873
10396 3 2 7 1 3873 6681 6682 3874
10397 3 2 7 1 3874 6682 6683 3875
10398 3 2 7 1 3875 6683 6684 3876
10399 3 2 7 1 938 939 6685 6679
10400 3 2 7 1 6679 6685 6686 6680
10401 3 2 7 1 6680 6686 6687 6681
10402 3 2 7 1 6681 6687 6688 6682
10403 3 2 7 1 6682 6688 6689 6683
10404 3 2 7 1 6683 6689 6690 6684
10405 3 2 7 1 939 466 3877 6685
10406 3 2 7 1 6685 3877 3878 6686
10407 3 2 7 1 6686 3878 3879 6687
10408 3 2 7 1 6687 3879 3880 6688
10409 3 2 7 1 6688 3880 3881 6689
10410 3 2 7 1 6689 3881 3882 6690
10411 3 2 7 1 464 937 6673 3865
10412 3 2 7 1 3865 6673 6674 3866
10413 3 2 7 1 3866 6674 6675 3867
10414 3 2 7 1 3867 6675 6676 3868
10415 3 2 7 1 3868 6676 6677 3869
10416 3 2 7 1 3869 6677 6678 3870
10417 3 2 7 1 937 465 3871 6673
10418 3 2 7 1 6673 3871 3872 6674
10419 3 2 7 1 6674 3872 3873 6675
10420 3 2 7 1 6675 3873 3874 6676
10421 3 2 7 1 6676 3874 3875 6677
10422 3 2 7 1 6677 3875 3876 6678
10423 3 2 7 1 463 936 6667 3859
10424 3 2 7 1 3859 6667 6668 3860
10425 3 2 7 1 3860 6668 6669 3861
10426 3 2 7 1 3861 6669 6670 3862
10427 3 2 7 1 3862 6670 6671 3863
10428 3 2 7 1 3863 6671 6672 3864
10429 3 2 7 1 936 464 3865 6667
10430 3 2 7 1 6667 3865 3866 6668
10431 3 2 7 1 6668 3866 3867 6669
10432 3 2 7 1 6669 3867 3868 6670
10433 3 2 7 1 6670 3868 3869 6671
10434 3 2 7 1 6671 3869 3870 6672
10435 3 2 7 1 462 935 6661 3853
10436 3 2 7 1 3853 6661 6662 3854
10437 3 2 7 1 3854 6662 6663 3855
10438 3 2 7 1 3855 6663 6664 3856
10439 3 2 7 1 3856 6664 6665 3857
10440 3 2 7 1 3857 6665 6666 3858
10441 3 2 7 1 935 463 3859 6661
10442 3 2 7 1 6661 3859 3860 6662
10443 3 2 7 1 6662 3860 3861 6663
10444 3 2 7 1 6663 3861 3862 6664
10445 3 2 7 1 6664 3862 3863 6665
10446 3 2 7 1 6665 3863 3864 6666
10447 3 2 7 1 801 358 3229 5857
10448 3 2 7 1 5857 3229 3230 5858
10449 3 2 7 1 5858 3230 3231 5859
10450 3 2 7 1 5859 3231 3232 5860
10451 3 2 7 1 5860 3232 3233 5861
10452 3 2 7 1 5861 3233 3234 5862
10453 3 2 7 1 356 800 5851 3217
10454 3 2 7 1 3217 5851 5852 3218
10455 3 2 7 1 3218 5852 5853 3219
10456 3 2 7 1 3219 5853 5854 3220
10457 3 2 7 1 3220 5854 5855 3221
10458 3 2 7 1 3221 5855 5856 3222
10459 3 2 7 1 800 357 3223 5851
10460 3 2 7 1 5851 3223 3224 5852
10461 3 2 7 1 5852 3224 3225 5853
10462 3 2 7 1 5853 3225 3226 5854
10463 3 2 7 1 5854 3226 3227 5855
10464 3 2 7 1 5855 3227 3228 5856
10465 3 2 7 1 355 799 5845 3211
10466 3 2 7 1 3211 5845 5846 3212
10467 3 2 7 1 3212 5846 5847 3213
10468 3 2 7 1 3213 5847 5848 3214
10469 3 2 7 1 3214 5848 5849 3215
10470 3 2 7 1 3215 5849 5850 3216
10471 3 2 7 1 799 356 3217 5845
10472 3 2 7 1 5845 3217 3218 5846
10473 3 2 7 1 5846 3218 3219 5847
10474 3 2 7 1 5847 3219 3220 5848
10475 3 2 7 1 5848 3220 3221 5849
10476 3 2 7 1 5849 3221 3222 5850
10477 3 2 7 1 354 355 3211 3205
10478 3 2 7 1 3205 3211 3212 3206
10479 3 2 7 1 3206 3212 3213 3207
10480 3 2 7 1 3207 3213 3214 3208
10481 3 2 7 1 3208 3214 3215 3209
10482 3 2 7 1 3209 3215 3216 3210
10483 3 2 7 1 353 354 3205 3199
10484 3 2 7 1 3199 3205 3206 3200
10485 3 2 7 1 3200 3206 3207 3201
10486 3 2 7 1 3201 3207 3208 3202
10487 3 2 7 1 3202 3208 3209 3203
10488 3 2 7 1 3203 3209 3210 3204
10489 3 2 7 1 352 353 3199 3193
10490 3 2 7 1 3193 3199 3200 3194
10491 3 2 7 1 3194 3200 3201 3195
10492 3 2 7 1 3195 3201 3202 3196
10493 3 2 7 1 3196 3202 3203 3197
10494 3 2 7 1 3197 3203 3204 3198
10495 3 2 7 1 351 352 3193 3187
10496 3 2 7 1 3187 3193 3194 3188
10497 3 2 7 1 3188 3194 3195 3189
10498 3 2 7 1 3189 3195 3196 3190
10499 3 2 7 1 3190 3196 3197 3191
10500 3 2 7 1 3191 3197 3198 3192
10501 3 2 7 1 350 351 3187 3181
10502 3 2 7 1 3181 3187 3188 3182
10503 3 2 7 1 3182 3188 3189 3183
10504 3 2 7 1 3183 3189 3190 3184
10505 3 2 7 1 3184 3190 3191 3185
10506 3 2 7 1 3185 3191 3192 3186
10507 3 2 7 1 349 350 3181 3175
10508 3 2 7 1 3175 3181 3182 3176
10509 3 2 7 1 3176 3182 3183 3177
10510 3 2 7 1 3177 3183 3184 3178
10511 3 2 7 1 3178 3184 3185 3179
10512 3 2 7 1 3179 3185 3186 3180
10513 3 2 7 1 348 349 3175 3169
10514 3 2 7 1 3169 3175 3176 3170
10515 3 2 7 1 3170 3176 3177 3171
10516 3 2 7 1 3171 3177 3178 3172
10517 3 2 7 1 3172 3178 3179 3173
10518 3 2 7 1 3173 3179 3180 3174
10519 3 2 7 1 347 348 3169 3163
10520 3 2 7 1 3163 3169 3170 3164
10521 3 2 7 1 3164 3170 3171 3165
10522 3 2 7 1 3165 3171 3172 3166
10523 3 2 7 1 3166 3172 3173 3167
10524 3 2 7 1 3167 3173 3174 3168
10525 3 2 7 1 346 347 3163 3157
10526 3 2 7 1 3157 3163 3164 3158
10527 3 2 7 1 3158 3164 3165 3159
10528 3 2 7 1 3159 3165 3166 3160
10529 3 2 7 1 3160 3166 3167 3161
10530 3 2 7 1 3161 3167 3168 3162
10531 3 2 7 1 345 346 3157 3151
10532 3 2 7 1 3151 3157 3158 3152
10533 3 2 7 1 3152 3158 3159 3153
10534 3 2 7 1 3153 3159 3160 3154
10535 3 2 7 1 3154 3160 3161 3155
10536 3 2 7 1 3155 3161 3162 3156
10537 3 2 7 1 344 345 3151 3145
10538 3 2 7 1 3145 3151 3152 3146
10539 3 2 7 1 3146 3152 3153 3147
10540 3 2 7 1 3147 3153 3154 3148
10541 3 2 7 1 3148 3154 3155 3149
10542 3 2 7 1 3149 3155 3156 3150
10543 3 2 7 1 343 344 3145 3139
10544 3 2 7 1 3139 3145 3146 3140
10545 3 2 7 1 3140 3146 3147 3141
10546 3 2 7 1 3141 3147 3148 3142
10547 3 2 7 1 3142 3148 3149 3143
10548 3 2 7 1 3143 3149 3150 3144
10549 3 2 7 1 342 343 3139 3133
10550 3 2 7 1 3133 3139 3140 3134
10551 3 2 7 1 3134 3140 3141 3135
10552 3 2 7 1 3135 3141 3142 3136
10553 3 2 7 1 3136 3142 3143 3137
10554 3 2 7 1 3137 3143 3144 3138
10555 3 2 7 1 341 342 3133 3127
10556 3 2 7 1 3127 3133 3134 3128
10557 3 2 7 1 3128 3134 3135 3129
10558 3 2 7 1 3129 3135 3136 3130
10559 3 2 7 1 3130 3136 3137 3131
10560 3 2 7 1 3131 3137 3138 3132
10561 3 2 7 1 340 341 3127 3121
10562 3 2 7 1 3121 3127 3128 3122
10563 3 2 7 1 3122 3128 3129 3123
10564 3 2 7 1 3123 3129 3130 3124
10565 3 2 7 1 3124 3130 3131 3125
10566 3 2 7 1 3125 3131 3132 3126
10567 3 2 7 1 339 340 3121 3115
10568 3 2 7 1 3115 3121 3122 3116
10569 3 2 7 1 3116 3122 3123 3117
10570 3 2 7 1 3117 3123 3124 3118
10571 3 2 7 1 3118 3124 3125 3119
10572 3 2 7 1 3119 3125 3126 3120
10573 3 2 7 1 338 339 3115 3109
10574 3 2 7 1 3109 3115 3116 3110
10575 3 2 7 1 3110 3116 3117 3111
10576 3 2 7 1 3111 3117 3118 3112
10577 3 2 7 1 3112 3118 3119 3113
10578 3 2 7 1 3113 3119 3120 3114
10579 3 2 7 1 337 338 3109 3103
10580 3 2 7 1 3103 3109 3110 3104
10581 3 2 7 1 3104 3110 3111 3105
10582 3 2 7 1 3105 3111 3112 3106
10583 3 2 7 1 3106 3112 3113 3107
10584 3 2 7 1 3107 3113 3114 3108
10585 3 2 7 1 336 337 3103 3097
10586 3 2 7 1 3097 3103 3104 3098
10587 3 2 7 1 3098 3104 3105 3099
10588 3 2 7 1 3099 3105 3106 3100
10589 3 2 7 1 3100 3106 3107 3101
10590 3 2 7 1 3101 3107 3108 3102
10591 3 2 7 1 335 336 3097 3091
10592 3 2 7 1 3091 3097 3098 3092
10593 3 2 7 1 3092 3098 3099 3093
10594 3 2 7 1 3093 3099 3100 3094
10595 3 2 7 1 3094 3100 3101 3095
10596 3 2 7 1 3095 3101 3102 3096
10597 3 2 7 1 334 335 3091 3085
10598 3 2 7 1 3085 3091 3092 3086
10599 3 2 7 1 3086 3092 3093 3087
10600 3 2 7 1 3087 3093 3094 3088
10601 3 2 7 1 3088 3094 3095 3089
10602 3 2 7 1 3089 3095 3096 3090
10603 3 2 7 1 333 334 3085 3079
10604 3 2 7 1 3079 3085 3086 3080
10605 3 2 7 1 3080 3086 3087 3081
10606 3 2 7 1 3081 3087 3088 3082
10607 3 2 7 1 3082 3088 3089 3083
10608 3 2 7 1 3083 3089 3090 3084
10609 3 2 7 1 332 333 3079 3073
10610 3 2 7 1 3073 3079 3080 3074
10611 3 2 7 1 3074 3080 3081 3075
10612 3 2 7 1 3075 3081 3082 3076
10613 3 2 7 1 3076 3082 3083 3077
10614 3 2 7 1 3077 3083 3084 3078
10615 3 2 7 1 331 332 3073 3067
10616 3 2 7 1 3067 3073 3074 3068
10617 3 2 7 1 3068 3074 3075 3069
10618 3 2 7 1 3069 3075 3076 3070
10619 3 2 7 1 3070 3076 3077 3071
10620 3 2 7 1 3071 3077 3078 3072
10621 3 2 7 1 330 331 3067 3061
10622 3 2 7 1 3061 3067 3068 3062
10623 3 2 7 1 3062 3068 3069 3063
10624 3 2 7 1 3063 3069 3070 3064
10625 3 2 7 1 3064 3070 3071 3065
10626 3 2 7 1 3065 3071 3072 3066
10627 3 2 7 1 329 330 3061 3055
10628 3 2 7 1 3055 3061 3062 3056
10629 3 2 7 1 3056 3062 3063 3057
10630 3 2 7 1 3057 3063 3064 3058
10631 3 2 7 1 3058 3064 3065 3059
10632 3 2 7 1 3059 3065 3066 3060
10633 3 2 7 1 328 329 3055 3049
10634 3 2 7 1 3049 3055 3056 3050
10635 3 2 7 1 3050 3056 3057 3051
10636 3 2 7 1 3051 3057 3058 3052
10637 3 2 7 1 3052 3058 3059 3053
10638 3 2 7 1 3053 3059 3060 3054
10639 3 2 7 1 327 328 3049 3043
10640 3 2 7 1 3043 3049 3050 3044
10641 3 2 7 1 3044 3050 3051 3045
10642 3 2 7 1 3045 3051 3052 3046
10643 3 2 7 1 3046 3052 3053 3047
10644 3 2 7 1 3047 3053 3054 3048
10645 3 2 7 1 326 327 3043 3037
10646 3 2 7 1 3037 3043 3044 3038
10647 3 2 7 1 3038 3044 3045 3039
10648 3 2 7 1 3039 3045 3046 3040
10649 3 2 7 1 3040 3046 3047 3041
10650 3 2 7 1 3041 3047 3048 3042
10651 3 2 7 1 325 326 3037 3031
10652 3 2 7 1 3031 3037 3038 3032
10653 3 2 7 1 3032 3038 3039 3033
10654 3 2 7 1 3033 3039 3040 3034
10655 3 2 7 1 3034 3040 3041 3035
10656 3 2 7 1 3035 3041 3042 3036
10657 3 2 7 1 324 325 3031 3025
10658 3 2 7 1 3025 3031 3032 3026
10659 3 2 7 1 3026 3032 3033 3027
10660 3 2 7 1 3027 3033 3034 3028
10661 3 2 7 1 3028 3034 3035 3029
10662 3 2 7 1 3029 3035 3036 3030
10663 3 2 7 1 323 324 3025 3019
10664 3 2 7 1 3019 3025 3026 3020
10665 3 2 7 1 3020 3026 3027 3021
10666 3 2 7 1 3021 3027 3028 3022
10667 3 2 7 1 3022 3028 3029 3023
10668 3 2 7 1 3023 3029 3030 3024
10669 3 2 7 1 322 323 3019 3013
10670 3 2 7 1 3013 3019 3020 3014
10671 3 2 7 1 3014 3020 3021 3015
10672 3 2 7 1 3015 3021 3022 3016
10673 3 2 7 1 3016 3022 3023 3017
10674 3 2 7 1 3017 3023 3024 3018
10675 3 2 7 1 321 322 3013 3007
10676 3 2 7 1 3007 3013 3014 3008
10677 3 2 7 1 3008 3014 3015 3009
10678 3 2 7 1 3009 3015 3016 3010
10679 3 2 7 1 3010 3016 3017 3011
10680 3 2 7 1 3011 3017 3018 3012
10681 3 2 7 1 320 321 3007 3001
10682 3 2 7 1 3001 3007 3008 3002
10683 3 2 7 1 3002 3008 3009 3003
10684 3 2 7 1 3003 3009 3010 3004
10685 3 2 7 1 3004 3010 3011 3005
10686 3 2 7 1 3005 3011 3012 3006
10687 3 2 7 1 319 320 3001 2995
10688 3 2 7 1 2995 3001 3002 2996
10689 3 2 7 1 2996 3002 3003 2997
10690 3 2 7 1 2997 3003 3004 2998
10691 3 2 7 1 2998 3004 3005 2999
10692 3 2 7 1 2999 3005 3006 3000
10693 3 2 7 1 318 319 2995 2989
10694 3 2 7 1 2989 2995 2996 2990
10695 3 2 7 1 2990 2996 2997 2991
10696 3 2 7 1 2991 2997 2998 2992
10697 3 2 7 1 2992 2998 2999 2993
10698 3 2 7 1 2993 2999 3000 2994
10699 3 2 7 1 317 318 2989 2983
10700 3 2 7 1 2983 2989 2990 2984
10701 3 2 7 1 2984 2990 2991 2985
10702 3 2 7 1 2985 2991 2992 2986
10703 3 2 7 1 2986 2992 2993 2987
10704 3 2 7 1 2987 2993 2994 2988
10705 3 2 7 1 316 317 2983 2977
10706 3 2 7 1 2977 2983 2984 2978
10707 3 2 7 1 2978 2984 2985 2979
10708 3 2 7 1 2979 2985 2986 2980
10709 3 2 7 1 2980 2986 2987 2981
10710 3 2 7 1 2981 2987 2988 2982
10711 3 2 7 1 315 316 2977 2971
10712 3 2 7 1 2971 2977 2978 2972
10713 3 2 7 1 2972 2978 2979 2973
10714 3 2 7 1 2973 2979 2980 2974
10715 3 2 7 1 2974 2980 2981 2975
10716 3 2 7 1 2975 2981 2982 2976
10717 3 2 7 1 314 315 2971 2965
10718 3 2 7 1 2965 2971 2972 2966
10719 3 2 7 1 2966 2972 2973 2967
10720 3 2 7 1 2967 2973 2974 2968
10721 3 2 7 1 2968 2974 2975 2969
10722 3 2 7 1 2969 2975 2976 2970
10723 3 2 7 1 313 314 2965 2959
10724 3 2 7 1 2959 2965 2966 2960
10725 3 2 7 1 2960 2966 2967 2961
10726 3 2 7 1 2961 2967 2968 2962
10727 3 2 7 1 2962 2968 2969 2963
10728 3 2 7 1 2963 2969 2970 2964
10729 3 2 7 1 312 313 2959 2953
10730 3 2 7 1 2953 2959 2960 2954
10731 3 2 7 1 2954 2960 2961 2955
10732 3 2 7 1 2955 2961 2962 2956
10733 3 2 7 1 2956 2962 2963 2957
10734 3 2 7 1 2957 2963 2964 2958
10735 3 2 7 1 311 312 2953 2947
10736 3 2 7 1 2947 2953 2954 2948
10737 3 2 7 1 2948 2954 2955 2949
10738 3 2 7 1 2949 2955 2956 2950
10739 3 2 7 1 2950 2956 2957 2951
10740 3 2 7 1 2951 2957 2958 2952
10741 3 2 7 1 310 311 2947 2941
10742 3 2 7 1 2941 2947 2948 2942
10743 3 2 7 1 2942 2948 2949 2943
10744 3 2 7 1 2943 2949 2950 2944
10745 3 2 7 1 2944 2950 2951 2945
10746 3 2 7 1 2945 2951 2952 2946
10747 3 2 7 1 309 310 2941 2935
10748 3 2 7 1 2935 2941 2942 2936
10749 3 2 7 1 2936 2942 2943 2937
10750 3 2 7 1 2937 2943 2944 2938
10751 3 2 7 1 2938 2944 2945 2939
10752 3 2 7 1 2939 2945 2946 2940
10753 3 2 7 1 308 309 2935 2929
10754 3 2 7 1 2929 2935 2936 2930
10755 3 2 7 1 2930 2936 2937 2931
10756 3 2 7 1 2931 2937 2938 2932
10757 3 2 7 1 2932 2938 2939 2933
10758 3 2 7 1 2933 2939 2940 2934
10759 3 2 7 1 307 308 2929 2923
10760 3 2 7 1 2923 2929 2930 2924
10761 3 2 7 1 2924 2930 2931 2925
10762 3 2 7 1 2925 2931 2932 2926
10763 3 2 7 1 2926 2932 2933 2927
10764 3 2 7 1 2927 2933 2934 2928
10765 3 2 7 1 306 307 2923 2917
10766 3 2 7 1 2917 2923 2924 2918
10767 3 2 7 1 2918 2924 2925 2919
10768 3 2 7 1 2919 2925 2926 2920
10769 3 2 7 1 2920 2926 2927 2921
10770 3 2 7 1 2921 2927 2928 2922
10771 3 2 7 1 305 306 2917 2911
10772 3 2 7 1 2911 2917 2918 2912
10773 3 2 7 1 2912 2918 2919 2913
10774 3 2 7 1 2913 2919 2920 2914
10775 3 2 7 1 2914 2920 2921 2915
10776 3 2 7 1 2915 2921 2922 2916
10777 3 2 7 1 304 305 2911 2905
10778 3 2 7 1 2905 2911 2912 2906
10779 3 2 7 1 2906 2912 2913 2907
10780 3 2 7 1 2907 2913 2914 2908
10781 3 2 7 1 2908 2914 2915 2909
10782 3 2 7 1 2909 2915 2916 2910
10783 3 2 7 1 303 304 2905 2899
10784 3 2 7 1 2899 2905 2906 2900
10785 3 2 7 1 2900 2906 2907 2901
10786 3 2 7 1 2901 2907 2908 2902
10787 3 2 7 1 2902 2908 2909 2903
10788 3 2 7 1 2903 2909 2910 2904
10789 3 2 7 1 302 303 2899 2893
10790 3 2 7 1 2893 2899 2900 2894
10791 3 2 7 1 2894 2900 2901 2895
10792 3 2 7 1 2895 2901 2902 2896
10793 3 2 7 1 2896 2902 2903 2897
10794 3 2 7 1 2897 2903 2904 2898
10795 3 2 7 1 301 302 2893 2887
10796 3 2 7 1 2887 2893 2894 2888
10797 3 2 7 1 2888 2894 2895 2889
10798 3 2 7 1 2889 2895 2896 2890
10799 3 2 7 1 2890 2896 2897 2891
10800 3 2 7 1 2891 2897 2898 2892
10801 3 2 7 1 300 301 2887 2881
10802 3 2 7 1 2881 2887 2888 2882
10803 3 2 7 1 2882 2888 2889 2883
10804 3 2 7 1 2883 2889 2890 2884
10805 3 2 7 1 2884 2890 2891 2885
10806 3 2 7 1 2885 2891 2892 2886
10807 3 2 7 1 299 300 2881 2875
10808 3 2 7 1 2875 2881 2882 2876
10809 3 2 7 1 2876 2882 2883 2877
10810 3 2 7 1 2877 2883 2884 2878
10811 3 2 7 1 2878 2884 2885 2879
10812 3 2 7 1 2879 2885 2886 2880
10813 3 2 7 1 298 299 2875 2869
10814 3 2 7 1 2869 2875 2876 2870
10815 3 2 7 1 2870 2876 2877 2871
10816 3 2 7 1 2871 2877 2878 2872
10817 3 2 7 1 2872 2878 2879 2873
10818 3 2 7 1 2873 2879 2880 2874
10819 3 2 7 1 297 298 2869 2863
10820 3 2 7 1 2863 2869 2870 2864
10821 3 2 7 1 2864 2870 2871 2865
10822 3 2 7 1 2865 2871 2872 2866
10823 3 2 7 1 2866 2872 2873 2867
10824 3 2 7 1 2867 2873 2874 2868
10825 3 2 7 1 296 297 2863 2857
10826 3 2 7 1 2857 2863 2864 2858
10827 3 2 7 1 2858 2864 2865 2859
10828 3 2 7 1 2859 2865 2866 2860
10829 3 2 7 1 2860 2866 2867 2861
10830 3 2 7 1 2861 2867 2868 2862
10831 3 2 7 1 295 296 2857 2851
10832 3 2 7 1 2851 2857 2858 2852
10833 3 2 7 1 2852 2858 2859 2853
10834 3 2 7 1 2853 2859 2860 2854
10835 3 2 7 1 2854 2860 2861 2855
10836 3 2 7 1 2855 2861 2862 2856
10837 3 2 7 1 294 798 5839 2845
10838 3 2 7 1 2845 5839 5840 2846
10839 3 2 7 1 2846 5840 5841 2847
10840 3 2 7 1 2847 5841 5842 2848
10841 3 2 7 1 2848 5842 5843 2849
10842 3 2 7 1 2849 5843 5844 2850
10843 3 2 7 1 798 295 2851 5839
10844 3 2 7 1 5839 2851 2852 5840
10845 3 2 7 1 5840 2852 2853 5841
10846 3 2 7 1 5841 2853 2854 5842
10847 3 2 7 1 5842 2854 2855 5843
10848 3 2 7 1 5843 2855 2856 5844
10849 3 2 7 1 293 797 5833 2839
10850 3 2 7 1 2839 5833 5834 2840
10851 3 2 7 1 2840 5834 5835 2841
10852 3 2 7 1 2841 5835 5836 2842
10853 3 2 7 1 2842 5836 5837 2843
10854 3 2 7 1 2843 5837 5838 2844
10855 3 2 7 1 797 294 2845 5833
10856 3 2 7 1 5833 2845 2846 5834
10857 3 2 7 1 5834 2846 2847 5835
10858 3 2 7 1 5835 2847 2848 5836
10859 3 2 7 1 5836 2848 2849 5837
10860 3 2 7 1 5837 2849 2850 5838
10861 3 2 7 1 292 796 5827 2833
10862 3 2 7 1 2833 5827 5828 2834
10863 3 2 7 1 2834 5828 5829 2835
10864 3 2 7 1 2835 5829 5830 2836
10865 3 2 7 1 2836 5830 5831 2837
10866 3 2 7 1 2837 5831 5832 2838
10867 3 2 7 1 796 293 2839 5827
10868 3 2 7 1 5827 2839 2840 5828
10869 3 2 7 1 5828 2840 2841 5829
10870 3 2 7 1 5829 2841 2842 5830
10871 3 2 7 1 5830 2842 2843 5831
10872 3 2 7 1 5831 2843 2844 5832
10873 3 2 7 1 291 795 5821 2827
10874 3 2 7 1 2827 5821 5822 2828
10875 3 2 7 1 2828 5822 5823 2829
10876 3 2 7 1 2829 5823 5824 2830
10877 3 2 7 1 2830 5824 5825 2831
10878 3 2 7 1 2831 5825 5826 2832
10879 3 2 7 1 795 292 2833 5821
10880 3 2 7 1 5821 2833 2834 5822
10881 3 2 7 1 5822 2834 2835 5823
10882 3 2 7 1 5823 2835 2836 5824
10883 3 2 7 1 5824 2836 2837 5825
10884 3 2 7 1 5825 2837 2838 5826
10885 3 2 7 1 290 794 5815 2821
10886 3 2 7 1 2821 5815 5816 2822
10887 3 2 7 1 2822 5816 5817 2823
10888 3 2 7 1 2823 5817 5818 2824
10889 3 2 7 1 2824 5818 5819 2825
10890 3 2 7 1 2825 5819 5820 2826
10891 3 2 7 1 794 291 2827 5815
10892 3 2 7 1 5815 2827 2828 5816
10893 3 2 7 1 5816 2828 2829 5817
10894 3 2 7 1 5817 2829 2830 5818
10895 3 2 7 1 5818 2830 2831 5819
10896 3 2 7 1 5819 2831 2832 5820
10897 3 2 7 1 289 792 5803 2815
10898 3 2 7 1 2815 5803 5804 2816
10899 3 2 7 1 2816 5804 5805 2817
10900 3 2 7 1 2817 5805 5806 2818
10901 3 2 7 1 2818 5806 5807 2819
10902 3 2 7 1 2819 5807 5808 2820
10903 3 2 7 1 792 793 5809 5803
10904 3 2 7 1 5803 5809 5810 5804
10905 3 2 7 1 5804 5810 5811 5805
10906 3 2 7 1 5805 5811 5812 5806
10907 3 2 7 1 5806 5812 5813 5807
10908 3 2 7 1 5807 5813 5814 5808
10909 3 2 7 1 793 290 2821 5809
10910 3 2 7 1 5809 2821 2822 5810
10911 3 2 7 1 5810 2822 2823 5811
10912 3 2 7 1 5811 2823 2824 5812
10913 3 2 7 1 5812 2824 2825 5813
10914 3 2 7 1 5813 2825 2826 5814
10915 3 2 7 1 288 790 5791 2809
10916 3 2 7 1 2809 5791 5792 2810
10917 3 2 7 1 2810 5792 5793 2811
10918 3 2 7 1 2811 5793 5794 2812
10919 3 2 7 1 2812 5794 5795 2813
10920 3 2 7 1 2813 5795 5796 2814
10921 3 2 7 1 790 791 5797 5791
10922 3 2 7 1 5791 5797 5798 5792
10923 3 2 7 1 5792 5798 5799 5793
10924 3 2 7 1 5793 5799 5800 5794
10925 3 2 7 1 5794 5800 5801 5795
10926 3 2 7 1 5795 5801 5802 5796
10927 3 2 7 1 791 289 2815 5797
10928 3 2 7 1 5797 2815 2816 5798
10929 3 2 7 1 5798 2816 2817 5799
10930 3 2 7 1 5799 2817 2818 5800
10931 3 2 7 1 5800 2818 2819 5801
10932 3 2 7 1 5801 2819 2820 5802
10933 3 2 7 1 287 787 5773 2803
10934 3 2 7 1 2803 5773 5774 2804
10935 3 2 7 1 2804 5774 5775 2805
10936 3 2 7 1 2805 5775 5776 2806
10937 3 2 7 1 2806 5776 5777 2807
10938 3 2 7 1 2807 5777 5778 2808
10939 3 2 7 1 787 788 5779 5773
10940 3 2 7 1 5773 5779 5780 5774
10941 3 2 7 1 5774 5780 5781 5775
10942 3 2 7 1 5775 5781 5782 5776
10943 3 2 7 1 5776 5782 5783 5777
10944 3 2 7 1 5777 5783 5784 5778
10945 3 2 7 1 788 789 5785 5779
10946 3 2 7 1 5779 5785 5786 5780
10947 3 2 7 1 5780 5786 5787 5781
10948 3 2 7 1 5781 5787 5788 5782
10949 3 2 7 1 5782 5788 5789 5783
10950 3 2 7 1 5783 5789 5790 5784
10951 3 2 7 1 789 288 2809 5785
10952 3 2 7 1 5785 2809 2810 5786
10953 3 2 7 1 5786 2810 2811 5787
10954 3 2 7 1 5787 2811 2812 5788
10955 3 2 7 1 5788 2812 2813 5789
10956 3 2 7 1 5789 2813 2814 5790
10957 3 2 7 1 286 784 5755 2797
10958 3 2 7 1 2797 5755 5756 2798
10959 3 2 7 1 2798 5756 5757 2799
10960 3 2 7 1 2799 5757 5758 2800
10961 3 2 7 1 2800 5758 5759 2801
10962 3 2 7 1 2801 5759 5760 2802
10963 3 2 7 1 784 785 5761 5755
10964 3 2 7 1 5755 5761 5762 5756
10965 3 2 7 1 5756 5762 5763 5757
10966 3 2 7 1 5757 5763 5764 5758
10967 3 2 7 1 5758 5764 5765 5759
10968 3 2 7 1 5759 5765 5766 5760
10969 3 2 7 1 785 786 5767 5761
10970 3 2 7 1 5761 5767 5768 5762
10971 3 2 7 1 5762 5768 5769 5763
10972 3 2 7 1 5763 5769 5770 5764
10973 3 2 7 1 5764 5770 5771 5765
10974 3 2 7 1 5765 5771 5772 5766
10975 3 2 7 1 786 287 2803 5767
10976 3 2 7 1 5767 2803 2804 5768
10977 3 2 7 1 5768 2804 2805 5769
10978 3 2 7 1 5769 2805 2806 5770
10979 3 2 7 1 5770 2806 2807 5771
10980 3 2 7 1 5771 2807 2808 5772
10981 3 2 7 1 285 780 5731 2791
10982 3 2 7 1 2791 5731 5732 2792
10983 3 2 7 1 2792 5732 5733 2793
10984 3 2 7 1 2793 5733 5734 2794
10985 3 2 7 1 2794 5734 5735 2795
10986 3 2 7 1 2795 5735 5736 2796
10987 3 2 7 1 780 781 5737 5731
10988 3 2 7 1 5731 5737 5738 5732
10989 3 2 7 1 5732 5738 5739 5733
10990 3 2 7 1 5733 5739 5740 5734
10991 3 2 7 1 5734 5740 5741 5735
10992 3 2 7 1 5735 5741 5742 5736
10993 3 2 7 1 781 782 5743 5737
10994 3 2 7 1 5737 5743 5744 5738
10995 3 2 7 1 5738 5744 5745 5739
10996 3 2 7 1 5739 5745 5746 5740
10997 3 2 7 1 5740 5746 5747 5741
10998 3 2 7 1 5741 5747 5748 5742
10999 3 2 7 1 782 783 5749 5743
11000 3 2 7 1 5743 5749 5750 5744
11001 3 2 7 1 5744 5750 5751 5745
11002 3 2 7 1 5745 5751 5752 5746
11003 3 2 7 1 5746 5752 5753 5747
11004 3 2 7 1 5747 5753 5754 5748
11005 3 2 7 1 783 286 2797 5749
11006 3 2 7 1 5749 2797 2798 5750
11007 3 2 7 1 5750 2798 2799 5751
11008 3 2 7 1 5751 2799 2800 5752
11009 3 2 7 1 5752 2800 2801 5753
11010 3 2 7 1 5753 2801 2802 5754
11011 3 2 7 1 284 776 5707 2785
11012 3 2 7 1 2785 5707 5708 2786
11013 3 2 7 1 2786 5708 5709 2787
11014 3 2 7 1 2787 5709 5710 2788
11015 3 2 7 1 2788 5710 5711 2789
11016 3 2 7 1 2789 5711 5712 2790
11017 3 2 7 1 776 777 5713 5707
11018 3 2 7 1 5707 5713 5714 5708
11019 3 2 7 1 5708 5714 5715 5709
11020 3 2 7 1 5709 5715 5716 5710
11021 3 2 7 1 5710 5716 5717 5711
11022 3 2 7 1 5711 5717 5718 5712
11023 3 2 7 1 777 778 5719 5713
11024 3 2 7 1 5713 5719 5720 5714
11025 3 2 7 1 5714 5720 5721 5715
11026 3 2 7 1 5715 5721 5722 5716
11027 3 2 7 1 5716 5722 5723 5717
11028 3 2 7 1 5717 5723 5724 5718
11029 3 2 7 1 778 779 5725 5719
11030 3 2 7 1 5719 5725 5726 5720
11031 3 2 7 1 5720 5726 5727 5721
11032 3 2 7 1 5721 5727 5728 5722
11033 3 2 7 1 5722 5728 5729 5723
11034 3 2 7 1 5723 5729 5730 5724
11035 3 2 7 1 779 285 2791 5725
11036 3 2 7 1 5725 2791 2792 5726
11037 3 2 7 1 5726 2792 2793 5727
11038 3 2 7 1 5727 2793 2794 5728
11039 3 2 7 1 5728 2794 2795 5729
11040 3 2 7 1 5729 2795 2796 5730
11041 3 2 7 1 283 771 5677 2779
11042 3 2 7 1 2779 5677 5678 2780
11043 3 2 7 1 2780 5678 5679 2781
11044 3 2 7 1 2781 5679 5680 2782
11045 3 2 7 1 2782 5680 5681 2783
11046 3 2 7 1 2783 5681 5682 2784
11047 3 2 7 1 771 772 5683 5677
11048 3 2 7 1 5677 5683 5684 5678
11049 3 2 7 1 5678 5684 5685 5679
11050 3 2 7 1 5679 5685 5686 5680
11051 3 2 7 1 5680 5686 5687 5681
11052 3 2 7 1 5681 5687 5688 5682
11053 3 2 7 1 772 773 5689 5683
11054 3 2 7 1 5683 5689 5690 5684
11055 3 2 7 1 5684 5690 5691 5685
11056 3 2 7 1 5685 5691 5692 5686
11057 3 2 7 1 5686 5692 5693 5687
11058 3 2 7 1 5687 5693 5694 5688
11059 3 2 7 1 773 774 5695 5689
11060 3 2 7 1 5689 5695 5696 5690
11061 3 2 7 1 5690 5696 5697 5691
11062 3 2 7 1 5691 5697 5698 5692
11063 3 2 7 1 5692 5698 5699 5693
11064 3 2 7 1 5693 5699 5700 5694
11065 3 2 7 1 774 775 5701 5695
11066 3 2 7 1 5695 5701 5702 5696
11067 3 2 7 1 5696 5702 5703 5697
11068 3 2 7 1 5697 5703 5704 5698
11069 3 2 7 1 5698 5704 5705 5699
11070 3 2 7 1 5699 5705 5706 5700
11071 3 2 7 1 775 284 2785 5701
11072 3 2 7 1 5701 2785 2786 5702
11073 3 2 7 1 5702 2786 2787 5703
11074 3 2 7 1 5703 2787 2788 5704
11075 3 2 7 1 5704 2788 2789 5705
11076 3 2 7 1 5705 2789 2790 5706
11077 3 2 7 1 282 765 5641 2773
11078 3 2 7 1 2773 5641 5642 2774
11079 3 2 7 1 2774 5642 5643 2775
11080 3 2 7 1 2775 5643 5644 2776
11081 3 2 7 1 2776 5644 5645 2777
11082 3 2 7 1 2777 5645 5646 2778
11083 3 2 7 1 765 766 5647 5641
11084 3 2 7 1 5641 5647 5648 5642
11085 3 2 7 1 5642 5648 5649 5643
11086 3 2 7 1 5643 5649 5650 5644
11087 3 2 7 1 5644 5650 5651 5645
11088 3 2 7 1 5645 5651 5652 5646
11089 3 2 7 1 766 767 5653 5647
11090 3 2 7 1 5647 5653 5654 5648
11091 3 2 7 1 5648 5654 5655 5649
11092 3 2 7 1 5649 5655 5656 5650
11093 3 2 7 1 5650 5656 5657 5651
11094 3 2 7 1 5651 5657 5658 5652
11095 3 2 7 1 767 768 5659 5653
11096 3 2 7 1 5653 5659 5660 5654
11097 3 2 7 1 5654 5660 5661 5655
11098 3 2 7 1 5655 5661 5662 5656
11099 3 2 7 1 5656 5662 5663 5657
11100 3 2 7 1 5657 5663 5664 5658
11101 3 2 7 1 768 769 5665 5659
11102 3 2 7 1 5659 5665 5666 5660
11103 3 2 7 1 5660 5666 5667 5661
11104 3 2 7 1 5661 5667 5668 5662
11105 3 2 7 1 5662 5668 5669 5663
11106 3 2 7 1 5663 5669 5670 5664
11107 3 2 7 1 769 770 5671 5665
11108 3 2 7 1 5665 5671 5672 5666
11109 3 2 7 1 5666 5672 5673 5667
11110 3 2 7 1 5667 5673 5674 5668
11111 3 2 7 1 5668 5674 5675 5669
11112 3 2 7 1 5669 5675 5676 5670
11113 3 2 7 1 770 283 2779 5671
11114 3 2 7 1 5671 2779 2780 5672
11115 3 2 7 1 5672 2780 2781 5673
11116 3 2 7 1 5673 2781 2782 5674
11117 3 2 7 1 5674 2782 2783 5675
11118 3 2 7 1 5675 2783 2784 5676
11119 3 2 7 1 281 758 5599 2767
11120 3 2 7 1 2767 5599 5600 2768
11121 3 2 7 1 2768 5600 5601 2769
11122 3 2 7 1 2769 5601 5602 2770
11123 3 2 7 1 2770 5602 5603 2771
11124 3 2 7 1 2771 5603 5604 2772
11125 3 2 7 1 758 759 5605 5599
11126 3 2 7 1 5599 5605 5606 5600
11127 3 2 7 1 5600 5606 5607 5601
11128 3 2 7 1 5601 5607 5608 5602
11129 3 2 7 1 5602 5608 5609 5603
11130 3 2 7 1 5603 5609 5610 5604
11131 3 2 7 1 759 760 5611 5605
11132 3 2 7 1 5605 5611 5612 5606
11133 3 2 7 1 5606 5612 5613 5607
11134 3 2 7 1 5607 5613 5614 5608
11135 3 2 7 1 5608 5614 5615 5609
11136 3 2 7 1 5609 5615 5616 5610
11137 3 2 7 1 760 761 5617 5611
11138 3 2 7 1 5611 5617 5618 5612
11139 3 2 7 1 5612 5618 5619 5613
11140 3 2 7 1 5613 5619 5620 5614
11141 3 2 7 1 5614 5620 5621 5615
11142 3 2 7 1 5615 5621 5622 5616
11143 3 2 7 1 761 762 5623 5617
11144 3 2 7 1 5617 5623 5624 5618
11145 3 2 7 1 5618 5624 5625 5619
11146 3 2 7 1 5619 5625 5626 5620
11147 3 2 7 1 5620 5626 5627 5621
11148 3 2 7 1 5621 5627 5628 5622
11149 3 2 7 1 762 763 5629 5623
11150 3 2 7 1 5623 5629 5630 5624
11151 3 2 7 1 5624 5630 5631 5625
11152 3 2 7 1 5625 5631 5632 5626
11153 3 2 7 1 5626 5632 5633 5627
11154 3 2 7 1 5627 5633 5634 5628
11155 3 2 7 1 763 764 5635 5629
11156 3 2 7 1 5629 5635 5636 5630
11157 3 2 7 1 5630 5636 5637 5631
11158 3 2 7 1 5631 5637 5638 5632
11159 3 2 7 1 5632 5638 5639 5633
11160 3 2 7 1 5633 5639 5640 5634
11161 3 2 7 1 764 282 2773 5635
11162 3 2 7 1 5635 2773 2774 5636
11163 3 2 7 1 5636 2774 2775 5637
11164 3 2 7 1 5637 2775 2776 5638
11165 3 2 7 1 5638 2776 2777 5639
11166 3 2 7 1 5639 2777 2778 5640
11167 3 2 7 1 280 750 5551 2761
11168 3 2 7 1 2761 5551 5552 2762
11169 3 2 7 1 2762 5552 5553 2763
11170 3 2 7 1 2763 5553 5554 2764
11171 3 2 7 1 2764 5554 5555 2765
11172 3 2 7 1 2765 5555 5556 2766
11173 3 2 7 1 750 751 5557 5551
11174 3 2 7 1 5551 5557 5558 5552
11175 3 2 7 1 5552 5558 5559 5553
11176 3 2 7 1 5553 5559 5560 5554
11177 3 2 7 1 5554 5560 5561 5555
11178 3 2 7 1 5555 5561 5562 5556
11179 3 2 7 1 751 752 5563 5557
11180 3 2 7 1 5557 5563 5564 5558
11181 3 2 7 1 5558 5564 5565 5559
11182 3 2 7 1 5559 5565 5566 5560
11183 3 2 7 1 5560 5566 5567 5561
11184 3 2 7 1 5561 5567 5568 5562
11185 3 2 7 1 752 753 5569 5563
11186 3 2 7 1 5563 5569 5570 5564
11187 3 2 7 1 5564 5570 5571 5565
11188 3 2 7 1 5565 5571 5572 5566
11189 3 2 7 1 5566 5572 5573 5567
11190 3 2 7 1 5567 5573 5574 5568
11191 3 2 7 1 753 754 5575 5569
11192 3 2 7 1 5569 5575 5576 5570
11193 3 2 7 1 5570 5576 5577 5571
11194 3 2 7 1 5571 5577 5578 5572
11195 3 2 7 1 5572 5578 5579 5573
11196 3 2 7 1 5573 5579 5580 5574
11197 3 2 7 1 754 755 5581 5575
11198 3 2 7 1 5575 5581 5582 5576
11199 3 2 7 1 5576 5582 5583 5577
11200 3 2 7 1 5577 5583 5584 5578
11201 3 2 7 1 5578 5584 5585 5579
11202 3 2 7 1 5579 5585 5586 5580
11203 3 2 7 1 755 756 5587 5581
11204 3 2 7 1 5581 5587 5588 5582
11205 3 2 7 1 5582 5588 5589 5583
11206 3 2 7 1 5583 5589 5590 5584
11207 3 2 7 1 5584 5590 5591 5585
11208 3 2 7 1 5585 5591 5592 5586
11209 3 2 7 1 756 757 5593 5587
11210 3 2 7 1 5587 5593 5594 5588
11211 3 2 7 1 5588 5594 5595 5589
11212 3 2 7 1 5589 5595 5596 5590
11213 3 2 7 1 5590 5596 5597 5591
11214 3 2 7 1 5591 5597 5598 5592
11215 3 2 7 1 757 281 2767 5593
11216 3 2 7 1 5593 2767 2768 5594
11217 3 2 7 1 5594 2768 2769 5595
11218 3 2 7 1 5595 2769 2770 5596
11219 3 2 7 1 5596 2770 2771 5597
11220 3 2 7 1 5597 2771 2772 5598
11221 3 2 7 1 279 740 5491 2755
11222 3 2 7 1 2755 5491 5492 2756
11223 3 2 7 1 2756 5492 5493 2757
11224 3 2 7 1 2757 5493 5494 2758
11225 3 2 7 1 2758 5494 5495 2759
11226 3 2 7 1 2759 5495 5496 2760
11227 3 2 7 1 740 741 5497 5491
11228 3 2 7 1 5491 5497 5498 5492
11229 3 2 7 1 5492 5498 5499 5493
11230 3 2 7 1 5493 5499 5500 5494
11231 3 2 7 1 5494 5500 5501 5495
11232 3 2 7 1 5495 5501 5502 5496
11233 3 2 7 1 741 742 5503 5497
11234 3 2 7 1 5497 5503 5504 5498
11235 3 2 7 1 5498 5504 5505 5499
11236 3 2 7 1 5499 5505 5506 5500
11237 3 2 7 1 5500 5506 5507 5501
11238 3 2 7 1 5501 5507 5508 5502
11239 3 2 7 1 742 743 5509 5503
11240 3 2 7 1 5503 5509 5510 5504
11241 3 2 7 1 5504 5510 5511 5505
11242 3 2 7 1 5505 5511 5512 5506
11243 3 2 7 1 5506 5512 5513 5507
11244 3 2 7 1 5507 5513 5514 5508
11245 3 2 7 1 743 744 5515 5509
11246 3 2 7 1 5509 5515 5516 5510
11247 3 2 7 1 5510 5516 5517 5511
11248 3 2 7 1 5511 5517 5518 5512
11249 3 2 7 1 5512 5518 5519 5513
11250 3 2 7 1 5513 5519 5520 5514
11251 3 2 7 1 744 745 5521 5515
11252 3 2 7 1 5515 5521 5522 5516
11253 3 2 7 1 5516 5522 5523 5517
11254 3 2 7 1 5517 5523 5524 5518
11255 3 2 7 1 5518 5524 5525 5519
11256 3 2 7 1 5519 5525 5526 5520
11257 3 2 7 1 745 746 5527 5521
11258 3 2 7 1 5521 5527 5528 5522
11259 3 2 7 1 5522 5528 5529 5523
11260 3 2 7 1 5523 5529 5530 5524
11261 3 2 7 1 5524 5530 5531 5525
11262 3 2 7 1 5525 5531 5532 5526
11263 3 2 7 1 746 747 5533 5527
11264 3 2 7 1 5527 5533 5534 5528
11265 3 2 7 1 5528 5534 5535 5529
11266 3 2 7 1 5529 5535 5536 5530
11267 3 2 7 1 5530 5536 5537 5531
11268 3 2 7 1 5531 5537 5538 5532
11269 3 2 7 1 747 748 5539 5533
11270 3 2 7 1 5533 5539 5540 5534
11271 3 2 7 1 5534 5540 5541 5535
11272 3 2 7 1 5535 5541 5542 5536
11273 3 2 7 1 5536 5542 5543 5537
11274 3 2 7 1 5537 5543 5544 5538
11275 3 2 7 1 748 749 5545 5539
11276 3 2 7 1 5539 5545 5546 5540
11277 3 2 7 1 5540 5546 5547 5541
11278 3 2 7 1 5541 5547 5548 5542
11279 3 2 7 1 5542 5548 5549 5543
11280 3 2 7 1 5543 5549 5550 5544
11281 3 2 7 1 749 280 2761 5545
11282 3 2 7 1 5545 2761 2762 5546
11283 3 2 7 1 5546 2762 2763 5547
11284 3 2 7 1 5547 2763 2764 5548
11285 3 2 7 1 5548 2764 2765 5549
11286 3 2 7 1 5549 2765 2766 5550
11287 3 2 7 1 278 732 5443 2749
11288 3 2 7 1 2749 5443 5444 2750
11289 3 2 7 1 2750 5444 5445 2751
11290 3 2 7 1 2751 5445 5446 2752
11291 3 2 7 1 2752 5446 5447 2753
11292 3 2 7 1 2753 5447 5448 2754
11293 3 2 7 1 732 733 5449 5443
11294 3 2 7 1 5443 5449 5450 5444
11295 3 2 7 1 5444 5450 5451 5445
11296 3 2 7 1 5445 5451 5452 5446
11297 3 2 7 1 5446 5452 5453 5447
11298 3 2 7 1 5447 5453 5454 5448
11299 3 2 7 1 733 734 5455 5449
11300 3 2 7 1 5449 5455 5456 5450
11301 3 2 7 1 5450 5456 5457 5451
11302 3 2 7 1 5451 5457 5458 5452
11303 3 2 7 1 5452 5458 5459 5453
11304 3 2 7 1 5453 5459 5460 5454
11305 3 2 7 1 734 735 5461 5455
11306 3 2 7 1 5455 5461 5462 5456
11307 3 2 7 1 5456 5462 5463 5457
11308 3 2 7 1 5457 5463 5464 5458
11309 3 2 7 1 5458 5464 5465 5459
11310 3 2 7 1 5459 5465 5466 5460
11311 3 2 7 1 735 736 5467 5461
11312 3 2 7 1 5461 5467 5468 5462
11313 3 2 7 1 5462 5468 5469 5463
11314 3 2 7 1 5463 5469 5470 5464
11315 3 2 7 1 5464 5470 5471 5465
11316 3 2 7 1 5465 5471 5472 5466
11317 3 2 7 1 736 737 5473 5467
11318 3 2 7 1 5467 5473 5474 5468
11319 3 2 7 1 5468 5474 5475 5469
11320 3 2 7 1 5469 5475 5476 5470
11321 3 2 7 1 5470 5476 5477 5471
11322 3 2 7 1 5471 5477 5478 5472
11323 3 2 7 1 737 738 5479 5473
11324 3 2 7 1 5473 5479 5480 5474
11325 3 2 7 1 5474 5480 5481 5475
11326 3 2 7 1 5475 5481 5482 5476
11327 3 2 7 1 5476 5482 5483 5477
11328 3 2 7 1 5477 5483 5484 5478
11329 3 2 7 1 738 739 5485 5479
11330 3 2 7 1 5479 5485 5486 5480
11331 3 2 7 1 5480 5486 5487 5481
11332 3 2 7 1 5481 5487 5488 5482
11333 3 2 7 1 5482 5488 5489 5483
11334 3 2 7 1 5483 5489 5490 5484
11335 3 2 7 1 739 279 2755 5485
11336 3 2 7 1 5485 2755 2756 5486
11337 3 2 7 1 5486 2756 2757 5487
11338 3 2 7 1 5487 2757 2758 5488
11339 3 2 7 1 5488 2758 2759 5489
11340 3 2 7 1 5489 2759 2760 5490
11341 3 2 7 1 277 725 5401 2743
11342 3 2 7 1 2743 5401 5402 2744
11343 3 2 7 1 2744 5402 5403 2745
11344 3 2 7 1 2745 5403 5404 2746
11345 3 2 7 1 2746 5404 5405 2747
11346 3 2 7 1 2747 5405 5406 2748
11347 3 2 7 1 725 726 5407 5401
11348 3 2 7 1 5401 5407 5408 5402
11349 3 2 7 1 5402 5408 5409 5403
11350 3 2 7 1 5403 5409 5410 5404
11351 3 2 7 1 5404 5410 5411 5405
11352 3 2 7 1 5405 5411 5412 5406
11353 3 2 7 1 726 727 5413 5407
11354 3 2 7 1 5407 5413 5414 5408
11355 3 2 7 1 5408 5414 5415 5409
11356 3 2 7 1 5409 5415 5416 5410
11357 3 2 7 1 5410 5416 5417 5411
11358 3 2 7 1 5411 5417 5418 5412
11359 3 2 7 1 727 728 5419 5413
11360 3 2 7 1 5413 5419 5420 5414
11361 3 2 7 1 5414 5420 5421 5415
11362 3 2 7 1 5415 5421 5422 5416
11363 3 2 7 1 5416 5422 5423 5417
11364 3 2 7 1 5417 5423 5424 5418
11365 3 2 7 1 728 729 5425 5419
11366 3 2 7 1 5419 5425 5426 5420
11367 3 2 7 1 5420 5426 5427 5421
11368 3 2 7 1 5421 5427 5428 5422
11369 3 2 7 1 5422 5428 5429 5423
11370 3 2 7 1 5423 5429 5430 5424
11371 3 2 7 1 729 730 5431 5425
11372 3 2 7 1 5425 5431 5432 5426
11373 3 2 7 1 5426 5432 5433 5427
11374 3 2 7 1 5427 5433 5434 5428
11375 3 2 7 1 5428 5434 5435 5429
11376 3 2 7 1 5429 5435 5436 5430
11377 3 2 7 1 730 731 5437 5431
11378 3 2 7 1 5431 5437 5438 5432
11379 3 2 7 1 5432 5438 5439 5433
11380 3 2 7 1 5433 5439 5440 5434
11381 3 2 7 1 5434 5440 5441 5435
11382 3 2 7 1 5435 5441 5442 5436
11383 3 2 7 1 731 278 2749 5437
11384 3 2 7 1 5437 2749 2750 5438
11385 3 2 7 1 5438 2750 2751 5439
11386 3 2 7 1 5439 2751 2752 5440
11387 3 2 7 1 5440 2752 2753 5441
11388 3 2 7 1 5441 2753 2754 5442
11389 3 2 7 1 276 719 5365 2737
11390 3 2 7 1 2737 5365 5366 2738
11391 3 2 7 1 2738 5366 5367 2739
11392 3 2 7 1 2739 5367 5368 2740
11393 3 2 7 1 2740 5368 5369 2741
11394 3 2 7 1 2741 5369 5370 2742
11395 3 2 7 1 719 720 5371 5365
11396 3 2 7 1 5365 5371 5372 5366
11397 3 2 7 1 5366 5372 5373 5367
11398 3 2 7 1 5367 5373 5374 5368
11399 3 2 7 1 5368 5374 5375 5369
11400 3 2 7 1 5369 5375 5376 5370
11401 3 2 7 1 720 721 5377 5371
11402 3 2 7 1 5371 5377 5378 5372
11403 3 2 7 1 5372 5378 5379 5373
11404 3 2 7 1 5373 5379 5380 5374
11405 3 2 7 1 5374 5380 5381 5375
11406 3 2 7 1 5375 5381 5382 5376
11407 3 2 7 1 721 722 5383 5377
11408 3 2 7 1 5377 5383 5384 5378
11409 3 2 7 1 5378 5384 5385 5379
11410 3 2 7 1 5379 5385 5386 5380
11411 3 2 7 1 5380 5386 5387 5381
11412 3 2 7 1 5381 5387 5388 5382
11413 3 2 7 1 722 723 5389 5383
11414 3 2 7 1 5383 5389 5390 5384
11415 3 2 7 1 5384 5390 5391 5385
11416 3 2 7 1 5385 5391 5392 5386
11417 3 2 7 1 5386 5392 5393 5387
11418 3 2 7 1 5387 5393 5394 5388
11419 3 2 7 1 723 724 5395 5389
11420 3 2 7 1 5389 5395 5396 5390
11421 3 2 7 1 5390 5396 5397 5391
11422 3 2 7 1 5391 5397 5398 5392
11423 3 2 7 1 5392 5398 5399 5393
11424 3 2 7 1 5393 5399 5400 5394
11425 3 2 7 1 724 277 2743 5395
11426 3 2 7 1 5395 2743 2744 5396
11427 3 2 7 1 5396 2744 2745 5397
11428 3 2 7 1 5397 2745 2746 5398
11429 3 2 7 1 5398 2746 2747 5399
11430 3 2 7 1 5399 2747 2748 5400
11431 3 2 7 1 275 714 5335 2731
11432 3 2 7 1 2731 5335 5336 2732
11433 3 2 7 1 2732 5336 5337 2733
11434 3 2 7 1 2733 5337 5338 2734
11435 3 2 7 1 2734 5338 5339 2735
11436 3 2 7 1 2735 5339 5340 2736
11437 3 2 7 1 714 715 5341 5335
11438 3 2 7 1 5335 5341 5342 5336
11439 3 2 7 1 5336 5342 5343 5337
11440 3 2 7 1 5337 5343 5344 5338
11441 3 2 7 1 5338 5344 5345 5339
11442 3 2 7 1 5339 5345 5346 5340
11443 3 2 7 1 715 716 5347 5341
11444 3 2 7 1 5341 5347 5348 5342
11445 3 2 7 1 5342 5348 5349 5343
11446 3 2 7 1 5343 5349 5350 5344
11447 3 2 7 1 5344 5350 5351 5345
11448 3 2 7 1 5345 5351 5352 5346
11449 3 2 7 1 716 717 5353 5347
11450 3 2 7 1 5347 5353 5354 5348
11451 3 2 7 1 5348 5354 5355 5349
11452 3 2 7 1 5349 5355 5356 5350
11453 3 2 7 1 5350 5356 5357 5351
11454 3 2 7 1 5351 5357 5358 5352
11455 3 2 7 1 717 718 5359 5353
11456 3 2 7 1 5353 5359 5360 5354
11457 3 2 7 1 5354 5360 5361 5355
11458 3 2 7 1 5355 5361 5362 5356
11459 3 2 7 1 5356 5362 5363 5357
11460 3 2 7 1 5357 5363 5364 5358
11461 3 2 7 1 718 276 2737 5359
11462 3 2 7 1 5359 2737 2738 5360
11463 3 2 7 1 5360 2738 2739 5361
11464 3 2 7 1 5361 2739 2740 5362
11465 3 2 7 1 5362 2740 2741 5363
11466 3 2 7 1 5363 2741 2742 5364
11467 3 2 7 1 274 710 5311 2725
11468 3 2 7 1 2725 5311 5312 2726
11469 3 2 7 1 2726 5312 5313 2727
11470 3 2 7 1 2727 5313 5314 2728
11471 3 2 7 1 2728 5314 5315 2729
11472 3 2 7 1 2729 5315 5316 2730
11473 3 2 7 1 710 711 5317 5311
11474 3 2 7 1 5311 5317 5318 5312
11475 3 2 7 1 5312 5318 5319 5313
11476 3 2 7 1 5313 5319 5320 5314
11477 3 2 7 1 5314 5320 5321 5315
11478 3 2 7 1 5315 5321 5322 5316
11479 3 2 7 1 711 712 5323 5317
11480 3 2 7 1 5317 5323 5324 5318
11481 3 2 7 1 5318 5324 5325 5319
11482 3 2 7 1 5319 5325 5326 5320
11483 3 2 7 1 5320 5326 5327 5321
11484 3 2 7 1 5321 5327 5328 5322
11485 3 2 7 1 712 713 5329 5323
11486 3 2 7 1 5323 5329 5330 5324
11487 3 2 7 1 5324 5330 5331 5325
11488 3 2 7 1 5325 5331 5332 5326
11489 3 2 7 1 5326 5332 5333 5327
11490 3 2 7 1 5327 5333 5334 5328
11491 3 2 7 1 713 275 2731 5329
11492 3 2 7 1 5329 2731 2732 5330
11493 3 2 7 1 5330 2732 2733 5331
11494 3 2 7 1 5331 2733 2734 5332
11495 3 2 7 1 5332 2734 2735 5333
11496 3 2 7 1 5333 2735 2736 5334
11497 3 2 7 1 273 706 5287 2719
11498 3 2 7 1 2719 5287 5288 2720
11499 3 2 7 1 2720 5288 5289 2721
11500 3 2 7 1 2721 5289 5290 2722
11501 3 2 7 1 2722 5290 5291 2723
11502 3 2 7 1 2723 5291 5292 2724
11503 3 2 7 1 706 707 5293 5287
11504 3 2 7 1 5287 5293 5294 5288
11505 3 2 7 1 5288 5294 5295 5289
11506 3 2 7 1 5289 5295 5296 5290
11507 3 2 7 1 5290 5296 5297 5291
11508 3 2 7 1 5291 5297 5298 5292
11509 3 2 7 1 707 708 5299 5293
11510 3 2 7 1 5293 5299 5300 5294
11511 3 2 7 1 5294 5300 5301 5295
11512 3 2 7 1 5295 5301 5302 5296
11513 3 2 7 1 5296 5302 5303 5297
11514 3 2 7 1 5297 5303 5304 5298
11515 3 2 7 1 708 709 5305 5299
11516 3 2 7 1 5299 5305 5306 5300
11517 3 2 7 1 5300 5306 5307 5301
11518 3 2 7 1 5301 5307 5308 5302
11519 3 2 7 1 5302 5308 5309 5303
11520 3 2 7 1 5303 5309 5310 5304
11521 3 2 7 1 709 274 2725 5305
11522 3 2 7 1 5305 2725 2726 5306
11523 3 2 7 1 5306 2726 2727 5307
11524 3 2 7 1 5307 2727 2728 5308
11525 3 2 7 1 5308 2728 2729 5309
11526 3 2 7 1 5309 2729 2730 5310
11527 3 2 7 1 272 703 5269 2713
11528 3 2 7 1 2713 5269 5270 2714
11529 3 2 7 1 2714 5270 5271 2715
11530 3 2 7 1 2715 5271 5272 2716
11531 3 2 7 1 2716 5272 5273 2717
11532 3 2 7 1 2717 5273 5274 2718
11533 3 2 7 1 703 704 5275 5269
11534 3 2 7 1 5269 5275 5276 5270
11535 3 2 7 1 5270 5276 5277 5271
11536 3 2 7 1 5271 5277 5278 5272
11537 3 2 7 1 5272 5278 5279 5273
11538 3 2 7 1 5273 5279 5280 5274
11539 3 2 7 1 704 705 5281 5275
11540 3 2 7 1 5275 5281 5282 5276
11541 3 2 7 1 5276 5282 5283 5277
11542 3 2 7 1 5277 5283 5284 5278
11543 3 2 7 1 5278 5284 5285 5279
11544 3 2 7 1 5279 5285 5286 5280
11545 3 2 7 1 705 273 2719 5281
11546 3 2 7 1 5281 2719 2720 5282
11547 3 2 7 1 5282 2720 2721 5283
11548 3 2 7 1 5283 2721 2722 5284
11549 3 2 7 1 5284 2722 2723 5285
11550 3 2 7 1 5285 2723 2724 5286
11551 3 2 7 1 271 700 5251 2707
11552 3 2 7 1 2707 5251 5252 2708
11553 3 2 7 1 2708 5252 5253 2709
11554 3 2 7 1 2709 5253 5254 2710
11555 3 2 7 1 2710 5254 5255 2711
11556 3 2 7 1 2711 5255 5256 2712
11557 3 2 7 1 700 701 5257 5251
11558 3 2 7 1 5251 5257 5258 5252
11559 3 2 7 1 5252 5258 5259 5253
11560 3 2 7 1 5253 5259 5260 5254
11561 3 2 7 1 5254 5260 5261 5255
11562 3 2 7 1 5255 5261 5262 5256
11563 3 2 7 1 701 702 5263 5257
11564 3 2 7 1 5257 5263 5264 5258
11565 3 2 7 1 5258 5264 5265 5259
11566 3 2 7 1 5259 5265 5266 5260
11567 3 2 7 1 5260 5266 5267 5261
11568 3 2 7 1 5261 5267 5268 5262
11569 3 2 7 1 702 272 2713 5263
11570 3 2 7 1 5263 2713 2714 5264
11571 3 2 7 1 5264 2714 2715 5265
11572 3 2 7 1 5265 2715 2716 5266
11573 3 2 7 1 5266 2716 2717 5267
11574 3 2 7 1 5267 2717 2718 5268
11575 3 2 7 1 270 698 5239 2701
11576 3 2 7 1 2701 5239 5240 2702
11577 3 2 7 1 2702 5240 5241 2703
11578 3 2 7 1 2703 5241 5242 2704
11579 3 2 7 1 2704 5242 5243 2705
11580 3 2 7 1 2705 5243 5244 2706
11581 3 2 7 1 698 699 5245 5239
11582 3 2 7 1 5239 5245 5246 5240
11583 3 2 7 1 5240 5246 5247 5241
11584 3 2 7 1 5241 5247 5248 5242
11585 3 2 7 1 5242 5248 5249 5243
11586 3 2 7 1 5243 5249 5250 5244
11587 3 2 7 1 699 271 2707 5245
11588 3 2 7 1 5245 2707 2708 5246
11589 3 2 7 1 5246 2708 2709 5247
11590 3 2 7 1 5247 2709 2710 5248
11591 3 2 7 1 5248 2710 2711 5249
11592 3 2 7 1 5249 2711 2712 5250
11593 3 2 7 1 269 696 5227 2695
11594 3 2 7 1 2695 5227 5228 2696
11595 3 2 7 1 2696 5228 5229 2697
11596 3 2 7 1 2697 5229 5230 2698
11597 3 2 7 1 2698 5230 5231 2699
11598 3 2 7 1 2699 5231 5232 2700
11599 3 2 7 1 696 697 5233 5227
11600 3 2 7 1 5227 5233 5234 5228
11601 3 2 7 1 5228 5234 5235 5229
11602 3 2 7 1 5229 5235 5236 5230
11603 3 2 7 1 5230 5236 5237 5231
11604 3 2 7 1 5231 5237 5238 5232
11605 3 2 7 1 697 270 2701 5233
11606 3 2 7 1 5233 2701 2702 5234
11607 3 2 7 1 5234 2702 2703 5235
11608 3 2 7 1 5235 2703 2704 5236
11609 3 2 7 1 5236 2704 2705 5237
11610 3 2 7 1 5237 2705 2706 5238
11611 3 2 7 1 268 694 5215 2689
11612 3 2 7 1 2689 5215 5216 2690
11613 3 2 7 1 2690 5216 5217 2691
11614 3 2 7 1 2691 5217 5218 2692
11615 3 2 7 1 2692 5218 5219 2693
11616 3 2 7 1 2693 5219 5220 2694
11617 3 2 7 1 694 695 5221 5215
11618 3 2 7 1 5215 5221 5222 5216
11619 3 2 7 1 5216 5222 5223 5217
11620 3 2 7 1 5217 5223 5224 5218
11621 3 2 7 1 5218 5224 5225 5219
11622 3 2 7 1 5219 5225 5226 5220
11623 3 2 7 1 695 269 2695 5221
11624 3 2 7 1 5221 2695 2696 5222
11625 3 2 7 1 5222 2696 2697 5223
11626 3 2 7 1 5223 2697 2698 5224
11627 3 2 7 1 5224 2698 2699 5225
11628 3 2 7 1 5225 2699 2700 5226
11629 3 2 7 1 267 693 5209 2683
11630 3 2 7 1 2683 5209 5210 2684
11631 3 2 7 1 2684 5210 5211 2685
11632 3 2 7 1 2685 5211 5212 2686
11633 3 2 7 1 2686 5212 5213 2687
11634 3 2 7 1 2687 5213 5214 2688
11635 3 2 7 1 693 268 2689 5209
11636 3 2 7 1 5209 2689 2690 5210
11637 3 2 7 1 5210 2690 2691 5211
11638 3 2 7 1 5211 2691 2692 5212
11639 3 2 7 1 5212 2692 2693 5213
11640 3 2 7 1 5213 2693 2694 5214
11641 3 2 7 1 266 692 5203 2677
11642 3 2 7 1 2677 5203 5204 2678
11643 3 2 7 1 2678 5204 5205 2679
11644 3 2 7 1 2679 5205 5206 2680
11645 3 2 7 1 2680 5206 5207 2681
11646 3 2 7 1 2681 5207 5208 2682
11647 3 2 7 1 692 267 2683 5203
11648 3 2 7 1 5203 2683 2684 5204
11649 3 2 7 1 5204 2684 2685 5205
11650 3 2 7 1 5205 2685 2686 5206
11651 3 2 7 1 5206 2686 2687 5207
11652 3 2 7 1 5207 2687 2688 5208
11653 3 2 7 1 265 691 5197 2671
11654 3 2 7 1 2671 5197 5198 2672
11655 3 2 7 1 2672 5198 5199 2673
11656 3 2 7 1 2673 5199 5200 2674
11657 3 2 7 1 2674 5200 5201 2675
11658 3 2 7 1 2675 5201 5202 2676
11659 3 2 7 1 691 266 2677 5197
11660 3 2 7 1 5197 2677 2678 5198
11661 3 2 7 1 5198 2678 2679 5199
11662 3 2 7 1 5199 2679 2680 5200
11663 3 2 7 1 5200 2680 2681 5201
11664 3 2 7 1 5201 2681 2682 5202
11665 3 2 7 1 264 690 5191 2665
11666 3 2 7 1 2665 5191 5192 2666
11667 3 2 7 1 2666 5192 5193 2667
11668 3 2 7 1 2667 5193 5194 2668
11669 3 2 7 1 2668 5194 5195 2669
11670 3 2 7 1 2669 5195 5196 2670
11671 3 2 7 1 690 265 2671 5191
11672 3 2 7 1 5191 2671 2672 5192
11673 3 2 7 1 5192 2672 2673 5193
11674 3 2 7 1 5193 2673 2674 5194
11675 3 2 7 1 5194 2674 2675 5195
11676 3 2 7 1 5195 2675 2676 5196
11677 3 2 7 1 263 264 2665 2659
11678 3 2 7 1 2659 2665 2666 2660
11679 3 2 7 1 2660 2666 2667 2661
11680 3 2 7 1 2661 2667 2668 2662
11681 3 2 7 1 2662 2668 2669 2663
11682 3 2 7 1 2663 2669 2670 2664
11683 3 2 7 1 262 263 2659 2653
11684 3 2 7 1 2653 2659 2660 2654
11685 3 2 7 1 2654 2660 2661 2655
11686 3 2 7 1 2655 2661 2662 2656
11687 3 2 7 1 2656 2662 2663 2657
11688 3 2 7 1 2657 2663 2664 2658
11689 3 2 7 1 261 262 2653 2647
11690 3 2 7 1 2647 2653 2654 2648
11691 3 2 7 1 2648 2654 2655 2649
11692 3 2 7 1 2649 2655 2656 2650
11693 3 2 7 1 2650 2656 2657 2651
11694 3 2 7 1 2651 2657 2658 2652
11695 3 2 7 1 260 261 2647 2641
11696 3 2 7 1 2641 2647 2648 2642
11697 3 2 7 1 2642 2648 2649 2643
11698 3 2 7 1 2643 2649 2650 2644
11699 3 2 7 1 2644 2650 2651 2645
11700 3 2 7 1 2645 2651 2652 2646
11701 3 2 7 1 259 260 2641 2635
11702 3 2 7 1 2635 2641 2642 2636
11703 3 2 7 1 2636 2642 2643 2637
11704 3 2 7 1 2637 2643 2644 2638
11705 3 2 7 1 2638 2644 2645 2639
11706 3 2 7 1 2639 2645 2646 2640
11707 3 2 7 1 258 259 2635 2629
11708 3 2 7 1 2629 2635 2636 2630
11709 3 2 7 1 2630 2636 2637 2631
11710 3 2 7 1 2631 2637 2638 2632
11711 3 2 7 1 2632 2638 2639 2633
11712 3 2 7 1 2633 2639 2640 2634
11713 3 2 7 1 257 258 2629 2623
11714 3 2 7 1 2623 2629 2630 2624
11715 3 2 7 1 2624 2630 2631 2625
11716 3 2 7 1 2625 2631 2632 2626
11717 3 2 7 1 2626 2632 2633 2627
11718 3 2 7 1 2627 2633 2634 2628
11719 3 2 7 1 256 257 2623 2617
11720 3 2 7 1 2617 2623 2624 2618
11721 3 2 7 1 2618 2624 2625 2619
11722 3 2 7 1 2619 2625 2626 2620
11723 3 2 7 1 2620 2626 2627 2621
11724 3 2 7 1 2621 2627 2628 2622
11725 3 2 7 1 255 256 2617 2611
11726 3 2 7 1 2611 2617 2618 2612
11727 3 2 7 1 2612 2618 2619 2613
11728 3 2 7 1 2613 2619 2620 2614
11729 3 2 7 1 2614 2620 2621 2615
11730 3 2 7 1 2615 2621 2622 2616
11731 3 2 7 1 254 255 2611 2605
11732 3 2 7 1 2605 2611 2612 2606
11733 3 2 7 1 2606 2612 2613 2607
11734 3 2 7 1 2607 2613 2614 2608
11735 3 2 7 1 2608 2614 2615 2609
11736 3 2 7 1 2609 2615 2616 2610
11737 3 2 7 1 253 254 2605 2599
11738 3 2 7 1 2599 2605 2606 2600
11739 3 2 7 1 2600 2606 2607 2601
11740 3 2 7 1 2601 2607 2608 2602
11741 3 2 7 1 2602 2608 2609 2603
11742 3 2 7 1 2603 2609 2610 2604
11743 3 2 7 1 252 253 2599 2593
11744 3 2 7 1 2593 2599 2600 2594
11745 3 2 7 1 2594 2600 2601 2595
11746 3 2 7 1 2595 2601 2602 2596
11747 3 2 7 1 2596 2602 2603 2597
11748 3 2 7 1 2597 2603 2604 2598
11749 3 2 7 1 251 252 2593 2587
11750 3 2 7 1 2587 2593 2594 2588
11751 3 2 7 1 2588 2594 2595 2589
11752 3 2 7 1 2589 2595 2596 2590
11753 3 2 7 1 2590 2596 2597 2591
11754 3 2 7 1 2591 2597 2598 2592
11755 3 2 7 1 250 251 2587 2581
11756 3 2 7 1 2581 2587 2588 2582
11757 3 2 7 1 2582 2588 2589 2583
11758 3 2 7 1 2583 2589 2590 2584
11759 3 2 7 1 2584 2590 2591 2585
11760 3 2 7 1 2585 2591 2592 2586
11761 3 2 7 1 249 250 2581 2575
11762 3 2 7 1 2575 2581 2582 2576
11763 3 2 7 1 2576 2582 2583 2577
11764 3 2 7 1 2577 2583 2584 2578
11765 3 2 7 1 2578 2584 2585 2579
11766 3 2 7 1 2579 2585 2586 2580
11767 3 2 7 1 248 249 2575 2569
11768 3 2 7 1 2569 2575 2576 2570
11769 3 2 7 1 2570 2576 2577 2571
11770 3 2 7 1 2571 2577 2578 2572
11771 3 2 7 1 2572 2578 2579 2573
11772 3 2 7 1 2573 2579 2580 2574
11773 3 2 7 1 247 248 2569 2563
11774 3 2 7 1 2563 2569 2570 2564
11775 3 2 7 1 2564 2570 2571 2565
11776 3 2 7 1 2565 2571 2572 2566
11777 3 2 7 1 2566 2572 2573 2567
11778 3 2 7 1 2567 2573 2574 2568
11779 3 2 7 1 246 247 2563 2557
11780 3 2 7 1 2557 2563 2564 2558
11781 3 2 7 1 2558 2564 2565 2559
11782 3 2 7 1 2559 2565 2566 2560
11783 3 2 7 1 2560 2566 2567 2561
11784 3 2 7 1 2561 2567 2568 2562
11785 3 2 7 1 245 246 2557 2551
11786 3 2 7 1 2551 2557 2558 2552
11787 3 2 7 1 2552 2558 2559 2553
11788 3 2 7 1 2553 2559 2560 2554
11789 3 2 7 1 2554 2560 2561 2555
11790 3 2 7 1 2555 2561 2562 2556
11791 3 2 7 1 244 245 2551 2545
11792 3 2 7 1 2545 2551 2552 2546
11793 3 2 7 1 2546 2552 2553 2547
11794 3 2 7 1 2547 2553 2554 2548
11795 3 2 7 1 2548 2554 2555 2549
11796 3 2 7 1 2549 2555 2556 2550
11797 3 2 7 1 243 244 2545 2539
11798 3 2 7 1 2539 2545 2546 2540
11799 3 2 7 1 2540 2546 2547 2541
11800 3 2 7 1 2541 2547 2548 2542
11801 3 2 7 1 2542 2548 2549 2543
11802 3 2 7 1 2543 2549 2550 2544
11803 3 2 7 1 242 243 2539 2533
11804 3 2 7 1 2533 2539 2540 2534
11805 3 2 7 1 2534 2540 2541 2535
11806 3 2 7 1 2535 2541 2542 2536
11807 3 2 7 1 2536 2542 2543 2537
11808 3 2 7 1 2537 2543 2544 2538
11809 3 2 7 1 241 242 2533 2527
11810 3 2 7 1 2527 2533 2534 2528
11811 3 2 7 1 2528 2534 2535 2529
11812 3 2 7 1 2529 2535 2536 2530
11813 3 2 7 1 2530 2536 2537 2531
11814 3 2 7 1 2531 2537 2538 2532
11815 3 2 7 1 240 241 2527 2521
11816 3 2 7 1 2521 2527 2528 2522
11817 3 2 7 1 2522 2528 2529 2523
11818 3 2 7 1 2523 2529 2530 2524
11819 3 2 7 1 2524 2530 2531 2525
11820 3 2 7 1 2525 2531 2532 2526
11821 3 2 7 1 239 240 2521 2515
11822 3 2 7 1 2515 2521 2522 2516
11823 3 2 7 1 2516 2522 2523 2517
11824 3 2 7 1 2517 2523 2524 2518
11825 3 2 7 1 2518 2524 2525 2519
11826 3 2 7 1 2519 2525 2526 2520
11827 3 2 7 1 238 239 2515 2509
11828 3 2 7 1 2509 2515 2516 2510
11829 3 2 7 1 2510 2516 2517 2511
11830 3 2 7 1 2511 2517 2518 2512
11831 3 2 7 1 2512 2518 2519 2513
11832 3 2 7 1 2513 2519 2520 2514
11833 3 2 7 1 237 238 2509 2503
11834 3 2 7 1 2503 2509 2510 2504
11835 3 2 7 1 2504 2510 2511 2505
11836 3 2 7 1 2505 2511 2512 2506
11837 3 2 7 1 2506 2512 2513 2507
11838 3 2 7 1 2507 2513 2514 2508
11839 3 2 7 1 236 237 2503 2497
11840 3 2 7 1 2497 2503 2504 2498
11841 3 2 7 1 2498 2504 2505 2499
11842 3 2 7 1 2499 2505 2506 2500
11843 3 2 7 1 2500 2506 2507 2501
11844 3 2 7 1 2501 2507 2508 2502
11845 3 2 7 1 235 236 2497 2491
11846 3 2 7 1 2491 2497 2498 2492
11847 3 2 7 1 2492 2498 2499 2493
11848 3 2 7 1 2493 2499 2500 2494
11849 3 2 7 1 2494 2500 2501 2495
11850 3 2 7 1 2495 2501 2502 2496
11851 3 2 7 1 234 235 2491 2485
11852 3 2 7 1 2485 2491 2492 2486
11853 3 2 7 1 2486 2492 2493 2487
11854 3 2 7 1 2487 2493 2494 2488
11855 3 2 7 1 2488 2494 2495 2489
11856 3 2 7 1 2489 2495 2496 2490
11857 3 2 7 1 233 234 2485 2479
11858 3 2 7 1 2479 2485 2486 2480
11859 3 2 7 1 2480 2486 2487 2481
11860 3 2 7 1 2481 2487 2488 2482
11861 3 2 7 1 2482 2488 2489 2483
11862 3 2 7 1 2483 2489 2490 2484
11863 3 2 7 1 232 233 2479 2473
11864 3 2 7 1 2473 2479 2480 2474
11865 3 2 7 1 2474 2480 2481 2475
11866 3 2 7 1 2475 2481 2482 2476
11867 3 2 7 1 2476 2482 2483 2477
11868 3 2 7 1 2477 2483 2484 2478
11869 3 2 7 1 231 232 2473 2467
11870 3 2 7 1 2467 2473 2474 2468
11871 3 2 7 1 2468 2474 2475 2469
11872 3 2 7 1 2469 2475 2476 2470
11873 3 2 7 1 2470 2476 2477 2471
11874 3 2 7 1 2471 2477 2478 2472
11875 3 2 7 1 230 231 2467 2461
11876 3 2 7 1 2461 2467 2468 2462
11877 3 2 7 1 2462 2468 2469 2463
11878 3 2 7 1 2463 2469 2470 2464
11879 3 2 7 1 2464 2470 2471 2465
11880 3 2 7 1 2465 2471 2472 2466
11881 3 2 7 1 229 689 5185 2455
11882 3 2 7 1 2455 5185 5186 2456
11883 3 2 7 1 2456 5186 5187 2457
11884 3 2 7 1 2457 5187 5188 2458
11885 3 2 7 1 2458 5188 5189 2459
11886 3 2 7 1 2459 5189 5190 2460
11887 3 2 7 1 689 230 2461 5185
11888 3 2 7 1 5185 2461 2462 5186
11889 3 2 7 1 5186 2462 2463 5187
11890 3 2 7 1 5187 2463 2464 5188
11891 3 2 7 1 5188 2464 2465 5189
11892 3 2 7 1 5189 2465 2466 5190
11893 3 2 7 1 228 688 5179 2449
11894 3 2 7 1 2449 5179 5180 2450
11895 3 2 7 1 2450 5180 5181 2451
11896 3 2 7 1 2451 5181 5182 2452
11897 3 2 7 1 2452 5182 5183 2453
11898 3 2 7 1 2453 5183 5184 2454
11899 3 2 7 1 688 229 2455 5179
11900 3 2 7 1 5179 2455 2456 5180
11901 3 2 7 1 5180 2456 2457 5181
11902 3 2 7 1 5181 2457 2458 5182
11903 3 2 7 1 5182 2458 2459 5183
11904 3 2 7 1 5183 2459 2460 5184
11905 3 2 7 1 227 687 5173 2443
11906 3 2 7 1 2443 5173 5174 2444
11907 3 2 7 1 2444 5174 5175 2445
11908 3 2 7 1 2445 5175 5176 2446
11909 3 2 7 1 2446 5176 5177 2447
11910 3 2 7 1 2447 5177 5178 2448
11911 3 2 7 1 687 228 2449 5173
11912 3 2 7 1 5173 2449 2450 5174
11913 3 2 7 1 5174 2450 2451 5175
11914 3 2 7 1 5175 2451 2452 5176
11915 3 2 7 1 5176 2452 2453 5177
11916 3 2 7 1 5177 2453 2454 5178
11917 3 2 7 1 226 686 5167 2437
11918 3 2 7 1 2437 5167 5168 2438
11919 3 2 7 1 2438 5168 5169 2439
11920 3 2 7 1 2439 5169 5170 2440
11921 3 2 7 1 2440 5170 5171 2441
11922 3 2 7 1 2441 5171 5172 2442
11923 3 2 7 1 686 227 2443 5167
11924 3 2 7 1 5167 2443 2444 5168
11925 3 2 7 1 5168 2444 2445 5169
11926 3 2 7 1 5169 2445 2446 5170
11927 3 2 7 1 5170 2446 2447 5171
11928 3 2 7 1 5171 2447 2448 5172
11929 3 2 7 1 225 685 5161 2431
11930 3 2 7 1 2431 5161 5162 2432
11931 3 2 7 1 2432 5162 5163 2433
11932 3 2 7 1 2433 5163 5164 2434
11933 3 2 7 1 2434 5164 5165 2435
11934 3 2 7 1 2435 5165 5166 2436
11935 3 2 7 1 685 226 2437 5161
11936 3 2 7 1 5161 2437 2438 5162
11937 3 2 7 1 5162 2438 2439 5163
11938 3 2 7 1 5163 2439 2440 5164
11939 3 2 7 1 5164 2440 2441 5165
11940 3 2 7 1 5165 2441 2442 5166
11941 3 2 7 1 224 684 5155 2425
11942 3 2 7 1 2425 5155 5156 2426
11943 3 2 7 1 2426 5156 5157 2427
11944 3 2 7 1 2427 5157 5158 2428
11945 3 2 7 1 2428 5158 5159 2429
11946 3 2 7 1 2429 5159 5160 2430
11947 3 2 7 1 684 225 2431 5155
11948 3 2 7 1 5155 2431 2432 5156
11949 3 2 7 1 5156 2432 2433 5157
11950 3 2 7 1 5157 2433 2434 5158
11951 3 2 7 1 5158 2434 2435 5159
11952 3 2 7 1 5159 2435 2436 5160
11953 3 2 7 1 223 683 5149 2419
11954 3 2 7 1 2419 5149 5150 2420
11955 3 2 7 1 2420 5150 5151 2421
11956 3 2 7 1 2421 5151 5152 2422
11957 3 2 7 1 2422 5152 5153 2423
11958 3 2 7 1 2423 5153 5154 2424
11959 3 2 7 1 683 224 2425 5149
11960 3 2 7 1 5149 2425 2426 5150
11961 3 2 7 1 5150 2426 2427 5151
11962 3 2 7 1 5151 2427 2428 5152
11963 3 2 7 1 5152 2428 2429 5153
11964 3 2 7 1 5153 2429 2430 5154
11965 3 2 7 1 222 682 5143 2413
11966 3 2 7 1 2413 5143 5144 2414
11967 3 2 7 1 2414 5144 5145 2415
11968 3 2 7 1 2415 5145 5146 2416
11969 3 2 7 1 2416 5146 5147 2417
11970 3 2 7 1 2417 5147 5148 2418
11971 3 2 7 1 682 223 2419 5143
11972 3 2 7 1 5143 2419 2420 5144
11973 3 2 7 1 5144 2420 2421 5145
11974 3 2 7 1 5145 2421 2422 5146
11975 3 2 7 1 5146 2422 2423 5147
11976 3 2 7 1 5147 2423 2424 5148
11977 3 2 7 1 221 681 5137 2407
11978 3 2 7 1 2407 5137 5138 2408
11979 3 2 7 1 2408 5138 5139 2409
11980 3 2 7 1 2409 5139 5140 2410
11981 3 2 7 1 2410 5140 5141 2411
11982 3 2 7 1 2411 5141 5142 2412
11983 3 2 7 1 681 222 2413 5137
11984 3 2 7 1 5137 2413 2414 5138
11985 3 2 7 1 5138 2414 2415 5139
11986 3 2 7 1 5139 2415 2416 5140
11987 3 2 7 1 5140 2416 2417 5141
11988 3 2 7 1 5141 2417 2418 5142
11989 3 2 7 1 220 680 5131 2401
11990 3 2 7 1 2401 5131 5132 2402
11991 3 2 7 1 2402 5132 5133 2403
11992 3 2 7 1 2403 5133 5134 2404
11993 3 2 7 1 2404 5134 5135 2405
11994 3 2 7 1 2405 5135 5136 2406
11995 3 2 7 1 680 221 2407 5131
11996 3 2 7 1 5131 2407 2408 5132
11997 3 2 7 1 5132 2408 2409 5133
11998 3 2 7 1 5133 2409 2410 5134
11999 3 2 7 1 5134 2410 2411 5135
12000 3 2 7 1 5135 2411 2412 5136
12001 3 2 7 1 219 679 5125 2395
12002 3 2 7 1 2395 5125 5126 2396
12003 3 2 7 1 2396 5126 5127 2397
12004 3 2 7 1 2397 5127 5128 2398
12005 3 2 7 1 2398 5128 5129 2399
12006 3 2 7 1 2399 5129 5130 2400
12007 3 2 7 1 679 220 2401 5125
12008 3 2 7 1 5125 2401 2402 5126
12009 3 2 7 1 5126 2402 2403 5127
12010 3 2 7 1 5127 2403 2404 5128
12011 3 2 7 1 5128 2404 2405 5129
12012 3 2 7 1 5129 2405 2406 5130
12013 3 2 7 1 218 678 5119 2389
12014 3 2 7 1 2389 5119 5120 2390
12015 3 2 7 1 2390 5120 5121 2391
12016 3 2 7 1 2391 5121 5122 2392
12017 3 2 7 1 2392 5122 5123 2393
12018 3 2 7 1 2393 5123 5124 2394
12019 3 2 7 1 678 219 2395 5119
12020 3 2 7 1 5119 2395 2396 5120
12021 3 2 7 1 5120 2396 2397 5121
12022 3 2 7 1 5121 2397 2398 5122
12023 3 2 7 1 5122 2398 2399 5123
12024 3 2 7 1 5123 2399 2400 5124
12025 3 2 7 1 217 677 5113 2383
12026 3 2 7 1 2383 5113 5114 2384
12027 3 2 7 1 2384 5114 5115 2385
12028 3 2 7 1 2385 5115 5116 2386
12029 3 2 7 1 2386 5116 5117 2387
12030 3 2 7 1 2387 5117 5118 2388
12031 3 2 7 1 677 218 2389 5113
12032 3 2 7 1 5113 2389 2390 5114
12033 3 2 7 1 5114 2390 2391 5115
12034 3 2 7 1 5115 2391 2392 5116
12035 3 2 7 1 5116 2392 2393 5117
12036 3 2 7 1 5117 2393 2394 5118
12037 3 2 7 1 216 676 5107 2377
12038 3 2 7 1 2377 5107 5108 2378
12039 3 2 7 1 2378 5108 5109 2379
12040 3 2 7 1 2379 5109 5110 2380
12041 3 2 7 1 2380 5110 5111 2381
12042 3 2 7 1 2381 5111 5112 2382
12043 3 2 7 1 676 217 2383 5107
12044 3 2 7 1 5107 2383 2384 5108
12045 3 2 7 1 5108 2384 2385 5109
12046 3 2 7 1 5109 2385 2386 5110
12047 3 2 7 1 5110 2386 2387 5111
12048 3 2 7 1 5111 2387 2388 5112
12049 3 2 7 1 215 675 5101 2371
12050 3 2 7 1 2371 5101 5102 2372
12051 3 2 7 1 2372 5102 5103 2373
12052 3 2 7 1 2373 5103 5104 2374
12053 3 2 7 1 2374 5104 5105 2375
12054 3 2 7 1 2375 5105 5106 2376
12055 3 2 7 1 675 216 2377 5101
12056 3 2 7 1 5101 2377 2378 5102
12057 3 2 7 1 5102 2378 2379 5103
12058 3 2 7 1 5103 2379 2380 5104
12059 3 2 7 1 5104 2380 2381 5105
12060 3 2 7 1 5105 2381 2382 5106
12061 3 2 7 1 214 215 2371 2365
12062 3 2 7 1 2365 2371 2372 2366
12063 3 2 7 1 2366 2372 2373 2367
12064 3 2 7 1 2367 2373 2374 2368
12065 3 2 7 1 2368 2374 2375 2369
12066 3 2 7 1 2369 2375 2376 2370
12067 3 2 7 1 213 214 2365 2359
12068 3 2 7 1 2359 2365 2366 2360
12069 3 2 7 1 2360 2366 2367 2361
12070 3 2 7 1 2361 2367 2368 2362
12071 3 2 7 1 2362 2368 2369 2363
12072 3 2 7 1 2363 2369 2370 2364
12073 3 2 7 1 212 213 2359 2353
12074 3 2 7 1 2353 2359 2360 2354
12075 3 2 7 1 2354 2360 2361 2355
12076 3 2 7 1 2355 2361 2362 2356
12077 3 2 7 1 2356 2362 2363 2357
12078 3 2 7 1 2357 2363 2364 2358
12079 3 2 7 1 211 212 2353 2347
12080 3 2 7 1 2347 2353 2354 2348
12081 3 2 7 1 2348 2354 2355 2349
12082 3 2 7 1 2349 2355 2356 2350
12083 3 2 7 1 2350 2356 2357 2351
12084 3 2 7 1 2351 2357 2358 2352
12085 3 2 7 1 210 211 2347 2341
12086 3 2 7 1 2341 2347 2348 2342
12087 3 2 7 1 2342 2348 2349 2343
12088 3 2 7 1 2343 2349 2350 2344
12089 3 2 7 1 2344 2350 2351 2345
12090 3 2 7 1 2345 2351 2352 2346
12091 3 2 7 1 209 210 2341 2335
12092 3 2 7 1 2335 2341 2342 2336
12093 3 2 7 1 2336 2342 2343 2337
12094 3 2 7 1 2337 2343 2344 2338
12095 3 2 7 1 2338 2344 2345 2339
12096 3 2 7 1 2339 2345 2346 2340
12097 3 2 7 1 208 209 2335 2329
12098 3 2 7 1 2329 2335 2336 2330
12099 3 2 7 1 2330 2336 2337 2331
12100 3 2 7 1 2331 2337 2338 2332
12101 3 2 7 1 2332 2338 2339 2333
12102 3 2 7 1 2333 2339 2340 2334
12103 3 2 7 1 207 208 2329 2323
12104 3 2 7 1 2323 2329 2330 2324
12105 3 2 7 1 2324 2330 2331 2325
12106 3 2 7 1 2325 2331 2332 2326
12107 3 2 7 1 2326 2332 2333 2327
12108 3 2 7 1 2327 2333 2334 2328
12109 3 2 7 1 206 207 2323 2317
12110 3 2 7 1 2317 2323 2324 2318
12111 3 2 7 1 2318 2324 2325 2319
12112 3 2 7 1 2319 2325 2326 2320
12113 3 2 7 1 2320 2326 2327 2321
12114 3 2 7 1 2321 2327 2328 2322
12115 3 2 7 1 205 206 2317 2311
12116 3 2 7 1 2311 2317 2318 2312
12117 3 2 7 1 2312 2318 2319 2313
12118 3 2 7 1 2313 2319 2320 2314
12119 3 2 7 1 2314 2320 2321 2315
12120 3 2 7 1 2315 2321 2322 2316
12121 3 2 7 1 204 205 2311 2305
12122 3 2 7 1 2305 2311 2312 2306
12123 3 2 7 1 2306 2312 2313 2307
12124 3 2 7 1 2307 2313 2314 2308
12125 3 2 7 1 2308 2314 2315 2309
12126 3 2 7 1 2309 2315 2316 2310
12127 3 2 7 1 203 204 2305 2299
12128 3 2 7 1 2299 2305 2306 2300
12129 3 2 7 1 2300 2306 2307 2301
12130 3 2 7 1 2301 2307 2308 2302
12131 3 2 7 1 2302 2308 2309 2303
12132 3 2 7 1 2303 2309 2310 2304
12133 3 2 7 1 202 203 2299 2293
12134 3 2 7 1 2293 2299 2300 2294
12135 3 2 7 1 2294 2300 2301 2295
12136 3 2 7 1 2295 2301 2302 2296
12137 3 2 7 1 2296 2302 2303 2297
12138 3 2 7 1 2297 2303 2304 2298
12139 3 2 7 1 201 202 2293 2287
12140 3 2 7 1 2287 2293 2294 2288
12141 3 2 7 1 2288 2294 2295 2289
12142 3 2 7 1 2289 2295 2296 2290
12143 3 2 7 1 2290 2296 2297 2291
12144 3 2 7 1 2291 2297 2298 2292
12145 3 2 7 1 662 966 6847 5053
12146 3 2 7 1 5053 6847 6848 5054
12147 3 2 7 1 5054 6848 6849 5055
12148 3 2 7 1 5055 6849 6850 5056
12149 3 2 7 1 5056 6850 6851 5057
12150 3 2 7 1 5057 6851 6852 5058
12151 3 2 7 1 629 630 4861 4855
12152 3 2 7 1 4855 4861 4862 4856
12153 3 2 7 1 4856 4862 4863 4857
12154 3 2 7 1 4857 4863 4864 4858
12155 3 2 7 1 4858 4864 4865 4859
12156 3 2 7 1 4859 4865 4866 4860
12157 3 2 7 1 628 629 4855 4849
12158 3 2 7 1 4849 4855 4856 4850
12159 3 2 7 1 4850 4856 4857 4851
12160 3 2 7 1 4851 4857 4858 4852
12161 3 2 7 1 4852 4858 4859 4853
12162 3 2 7 1 4853 4859 4860 4854
12163 3 2 7 1 627 628 4849 4843
12164 3 2 7 1 4843 4849 4850 4844
12165 3 2 7 1 4844 4850 4851 4845
12166 3 2 7 1 4845 4851 4852 4846
12167 3 2 7 1 4846 4852 4853 4847
12168 3 2 7 1 4847 4853 4854 4848
12169 3 2 7 1 626 627 4843 4837
12170 3 2 7 1 4837 4843 4844 4838
12171 3 2 7 1 4838 4844 4845 4839
12172 3 2 7 1 4839 4845 4846 4840
12173 3 2 7 1 4840 4846 4847 4841
12174 3 2 7 1 4841 4847 4848 4842
12175 3 2 7 1 625 626 4837 4831
12176 3 2 7 1 4831 4837 4838 4832
12177 3 2 7 1 4832 4838 4839 4833
12178 3 2 7 1 4833 4839 4840 4834
12179 3 2 7 1 4834 4840 4841 4835
12180 3 2 7 1 4835 4841 4842 4836
12181 3 2 7 1 624 625 4831 4825
12182 3 2 7 1 4825 4831 4832 4826
12183 3 2 7 1 4826 4832 4833 4827
12184 3 2 7 1 4827 4833 4834 4828
12185 3 2 7 1 4828 4834 4835 4829
12186 3 2 7 1 4829 4835 4836 4830
12187 3 2 7 1 623 624 4825 4819
12188 3 2 7 1 4819 4825 4826 4820
12189 3 2 7 1 4820 4826 4827 4821
12190 3 2 7 1 4821 4827 4828 4822
12191 3 2 7 1 4822 4828 4829 4823
12192 3 2 7 1 4823 4829 4830 4824
12193 3 2 7 1 622 623 4819 4813
12194 3 2 7 1 4813 4819 4820 4814
12195 3 2 7 1 4814 4820 4821 4815
12196 3 2 7 1 4815 4821 4822 4816
12197 3 2 7 1 4816 4822 4823 4817
12198 3 2 7 1 4817 4823 4824 4818
12199 3 2 7 1 621 622 4813 4807
12200 3 2 7 1 4807 4813 4814 4808
12201 3 2 7 1 4808 4814 4815 4809
12202 3 2 7 1 4809 4815 4816 4810
12203 3 2 7 1 4810 4816 4817 4811
12204 3 2 7 1 4811 4817 4818 4812
12205 3 2 7 1 620 621 4807 4801
12206 3 2 7 1 4801 4807 4808 4802
12207 3 2 7 1 4802 4808 4809 4803
12208 3 2 7 1 4803 4809 4810 4804
12209 3 2 7 1 4804 4810 4811 4805
12210 3 2 7 1 4805 4811 4812 4806
12211 3 2 7 1 619 620 4801 4795
12212 3 2 7 1 4795 4801 4802 4796
12213 3 2 7 1 4796 4802 4803 4797
12214 3 2 7 1 4797 4803 4804 4798
12215 3 2 7 1 4798 4804 4805 4799
12216 3 2 7 1 4799 4805 4806 4800
12217 3 2 7 1 618 619 4795 4789
12218 3 2 7 1 4789 4795 4796 4790
12219 3 2 7 1 4790 4796 4797 4791
12220 3 2 7 1 4791 4797 4798 4792
12221 3 2 7 1 4792 4798 4799 4793
12222 3 2 7 1 4793 4799 4800 4794
12223 3 2 7 1 617 618 4789 4783
12224 3 2 7 1 4783 4789 4790 4784
12225 3 2 7 1 4784 4790 4791 4785
12226 3 2 7 1 4785 4791 4792 4786
12227 3 2 7 1 4786 4792 4793 4787
12228 3 2 7 1 4787 4793 4794 4788
12229 3 2 7 1 616 617 4783 4777
12230 3 2 7 1 4777 4783 4784 4778
12231 3 2 7 1 4778 4784 4785 4779
12232 3 2 7 1 4779 4785 4786 4780
12233 3 2 7 1 4780 4786 4787 4781
12234 3 2 7 1 4781 4787 4788 4782
12235 3 2 7 1 615 616 4777 4771
12236 3 2 7 1 4771 4777 4778 4772
12237 3 2 7 1 4772 4778 4779 4773
12238 3 2 7 1 4773 4779 4780 4774
12239 3 2 7 1 4774 4780 4781 4775
12240 3 2 7 1 4775 4781 4782 4776
12241 3 2 7 1 614 615 4771 4765
12242 3 2 7 1 4765 4771 4772 4766
12243 3 2 7 1 4766 4772 4773 4767
12244 3 2 7 1 4767 4773 4774 4768
12245 3 2 7 1 4768 4774 4775 4769
12246 3 2 7 1 4769 4775 4776 4770
12247 3 2 7 1 613 614 4765 4759
12248 3 2 7 1 4759 4765 4766 4760
12249 3 2 7 1 4760 4766 4767 4761
12250 3 2 7 1 4761 4767 4768 4762
12251 3 2 7 1 4762 4768 4769 4763
12252 3 2 7 1 4763 4769 4770 4764
12253 3 2 7 1 612 613 4759 4753
12254 3 2 7 1 4753 4759 4760 4754
12255 3 2 7 1 4754 4760 4761 4755
12256 3 2 7 1 4755 4761 4762 4756
12257 3 2 7 1 4756 4762 4763 4757
12258 3 2 7 1 4757 4763 4764 4758
12259 3 2 7 1 611 612 4753 4747
12260 3 2 7 1 4747 4753 4754 4748
12261 3 2 7 1 4748 4754 4755 4749
12262 3 2 7 1 4749 4755 4756 4750
12263 3 2 7 1 4750 4756 4757 4751
12264 3 2 7 1 4751 4757 4758 4752
12265 3 2 7 1 610 611 4747 4741
12266 3 2 7 1 4741 4747 4748 4742
12267 3 2 7 1 4742 4748 4749 4743
12268 3 2 7 1 4743 4749 4750 4744
12269 3 2 7 1 4744 4750 4751 4745
12270 3 2 7 1 4745 4751 4752 4746
12271 3 2 7 1 609 610 4741 4735
12272 3 2 7 1 4735 4741 4742 4736
12273 3 2 7 1 4736 4742 4743 4737
12274 3 2 7 1 4737 4743 4744 4738
12275 3 2 7 1 4738 4744 4745 4739
12276 3 2 7 1 4739 4745 4746 4740
12277 3 2 7 1 608 609 4735 4729
12278 3 2 7 1 4729 4735 4736 4730
12279 3 2 7 1 4730 4736 4737 4731
12280 3 2 7 1 4731 4737 4738 4732
12281 3 2 7 1 4732 4738 4739 4733
12282 3 2 7 1 4733 4739 4740 4734
12283 3 2 7 1 607 608 4729 4723
12284 3 2 7 1 4723 4729 4730 4724
12285 3 2 7 1 4724 4730 4731 4725
12286 3 2 7 1 4725 4731 4732 4726
12287 3 2 7 1 4726 4732 4733 4727
12288 3 2 7 1 4727 4733 4734 4728
12289 3 2 7 1 606 607 4723 4717
12290 3 2 7 1 4717 4723 4724 4718
12291 3 2 7 1 4718 4724 4725 4719
12292 3 2 7 1 4719 4725 4726 4720
12293 3 2 7 1 4720 4726 4727 4721
12294 3 2 7 1 4721 4727 4728 4722
12295 3 2 7 1 605 606 4717 4711
12296 3 2 7 1 4711 4717 4718 4712
12297 3 2 7 1 4712 4718 4719 4713
12298 3 2 7 1 4713 4719 4720 4714
12299 3 2 7 1 4714 4720 4721 4715
12300 3 2 7 1 4715 4721 4722 4716
12301 3 2 7 1 604 605 4711 4705
12302 3 2 7 1 4705 4711 4712 4706
12303 3 2 7 1 4706 4712 4713 4707
12304 3 2 7 1 4707 4713 4714 4708
12305 3 2 7 1 4708 4714 4715 4709
12306 3 2 7 1 4709 4715 4716 4710
12307 3 2 7 1 603 604 4705 4699
12308 3 2 7 1 4699 4705 4706 4700
12309 3 2 7 1 4700 4706 4707 4701
12310 3 2 7 1 4701 4707 4708 4702
12311 3 2 7 1 4702 4708 4709 4703
12312 3 2 7 1 4703 4709 4710 4704
12313 3 2 7 1 602 603 4699 4693
12314 3 2 7 1 4693 4699 4700 4694
12315 3 2 7 1 4694 4700 4701 4695
12316 3 2 7 1 4695 4701 4702 4696
12317 3 2 7 1 4696 4702 4703 4697
12318 3 2 7 1 4697 4703 4704 4698
12319 3 2 7 1 601 602 4693 4687
12320 3 2 7 1 4687 4693 4694 4688
12321 3 2 7 1 4688 4694 4695 4689
12322 3 2 7 1 4689 4695 4696 4690
12323 3 2 7 1 4690 4696 4697 4691
12324 3 2 7 1 4691 4697 4698 4692
12325 3 2 7 1 600 601 4687 4681
12326 3 2 7 1 4681 4687 4688 4682
12327 3 2 7 1 4682 4688 4689 4683
12328 3 2 7 1 4683 4689 4690 4684
12329 3 2 7 1 4684 4690 4691 4685
12330 3 2 7 1 4685 4691 4692 4686
12331 3 2 7 1 599 600 4681 4675
12332 3 2 7 1 4675 4681 4682 4676
12333 3 2 7 1 4676 4682 4683 4677
12334 3 2 7 1 4677 4683 4684 4678
12335 3 2 7 1 4678 4684 4685 4679
12336 3 2 7 1 4679 4685 4686 4680
12337 3 2 7 1 598 599 4675 4669
12338 3 2 7 1 4669 4675 4676 4670
12339 3 2 7 1 4670 4676 4677 4671
12340 3 2 7 1 4671 4677 4678 4672
12341 3 2 7 1 4672 4678 4679 4673
12342 3 2 7 1 4673 4679 4680 4674
12343 3 2 7 1 597 598 4669 4663
12344 3 2 7 1 4663 4669 4670 4664
12345 3 2 7 1 4664 4670 4671 4665
12346 3 2 7 1 4665 4671 4672 4666
12347 3 2 7 1 4666 4672 4673 4667
12348 3 2 7 1 4667 4673 4674 4668
12349 3 2 7 1 596 597 4663 4657
12350 3 2 7 1 4657 4663 4664 4658
12351 3 2 7 1 4658 4664 4665 4659
12352 3 2 7 1 4659 4665 4666 4660
12353 3 2 7 1 4660 4666 4667 4661
12354 3 2 7 1 4661 4667 4668 4662
12355 3 2 7 1 595 965 6841 4651
12356 3 2 7 1 4651 6841 6842 4652
12357 3 2 7 1 4652 6842 6843 4653
12358 3 2 7 1 4653 6843 6844 4654
12359 3 2 7 1 4654 6844 6845 4655
12360 3 2 7 1 4655 6845 6846 4656
12361 3 2 7 1 965 596 4657 6841
12362 3 2 7 1 6841 4657 4658 6842
12363 3 2 7 1 6842 4658 4659 6843
12364 3 2 7 1 6843 4659 4660 6844
12365 3 2 7 1 6844 4660 4661 6845
12366 3 2 7 1 6845 4661 4662 6846
12367 3 2 7 1 594 964 6835 4645
12368 3 2 7 1 4645 6835 6836 4646
12369 3 2 7 1 4646 6836 6837 4647
12370 3 2 7 1 4647 6837 6838 4648
12371 3 2 7 1 4648 6838 6839 4649
12372 3 2 7 1 4649 6839 6840 4650
12373 3 2 7 1 964 595 4651 6835
12374 3 2 7 1 6835 4651 4652 6836
12375 3 2 7 1 6836 4652 4653 6837
12376 3 2 7 1 6837 4653 4654 6838
12377 3 2 7 1 6838 4654 4655 6839
12378 3 2 7 1 6839 4655 4656 6840
12379 3 2 7 1 593 963 6829 4639
12380 3 2 7 1 4639 6829 6830 4640
12381 3 2 7 1 4640 6830 6831 4641
12382 3 2 7 1 4641 6831 6832 4642
12383 3 2 7 1 4642 6832 6833 4643
12384 3 2 7 1 4643 6833 6834 4644
12385 3 2 7 1 963 594 4645 6829
12386 3 2 7 1 6829 4645 4646 6830
12387 3 2 7 1 6830 4646 4647 6831
12388 3 2 7 1 6831 4647 4648 6832
12389 3 2 7 1 6832 4648 4649 6833
12390 3 2 7 1 6833 4649 4650 6834
12391 3 2 7 1 592 962 6823 4633
12392 3 2 7 1 4633 6823 6824 4634
12393 3 2 7 1 4634 6824 6825 4635
12394 3 2 7 1 4635 6825 6826 4636
12395 3 2 7 1 4636 6826 6827 4637
12396 3 2 7 1 4637 6827 6828 4638
12397 3 2 7 1 962 593 4639 6823
12398 3 2 7 1 6823 4639 4640 6824
12399 3 2 7 1 6824 4640 4641 6825
12400 3 2 7 1 6825 4641 4642 6826
12401 3 2 7 1 6826 4642 4643 6827
12402 3 2 7 1 6827 4643 4644 6828
12403 3 2 7 1 591 961 6817 4627
12404 3 2 7 1 4627 6817 6818 4628
12405 3 2 7 1 4628 6818 6819 4629
12406 3 2 7 1 4629 6819 6820 4630
12407 3 2 7 1 4630 6820 6821 4631
12408 3 2 7 1 4631 6821 6822 4632
12409 3 2 7 1 961 592 4633 6817
12410 3 2 7 1 6817 4633 4634 6818
12411 3 2 7 1 6818 4634 4635 6819
12412 3 2 7 1 6819 4635 4636 6820
12413 3 2 7 1 6820 4636 4637 6821
12414 3 2 7 1 6821 4637 4638 6822
12415 3 2 7 1 590 960 6811 4621
12416 3 2 7 1 4621 6811 6812 4622
12417 3 2 7 1 4622 6812 6813 4623
12418 3 2 7 1 4623 6813 6814 4624
12419 3 2 7 1 4624 6814 6815 4625
12420 3 2 7 1 4625 6815 6816 4626
12421 3 2 7 1 960 591 4627 6811
12422 3 2 7 1 6811 4627 4628 6812
12423 3 2 7 1 6812 4628 4629 6813
12424 3 2 7 1 6813 4629 4630 6814
12425 3 2 7 1 6814 4630 4631 6815
12426 3 2 7 1 6815 4631 4632 6816
12427 3 2 7 1 589 959 6805 4615
12428 3 2 7 1 4615 6805 6806 4616
12429 3 2 7 1 4616 6806 6807 4617
12430 3 2 7 1 4617 6807 6808 4618
12431 3 2 7 1 4618 6808 6809 4619
12432 3 2 7 1 4619 6809 6810 4620
12433 3 2 7 1 959 590 4621 6805
12434 3 2 7 1 6805 4621 4622 6806
12435 3 2 7 1 6806 4622 4623 6807
12436 3 2 7 1 6807 4623 4624 6808
12437 3 2 7 1 6808 4624 4625 6809
12438 3 2 7 1 6809 4625 4626 6810
12439 3 2 7 1 588 958 6799 4609
12440 3 2 7 1 4609 6799 6800 4610
12441 3 2 7 1 4610 6800 6801 4611
12442 3 2 7 1 4611 6801 6802 4612
12443 3 2 7 1 4612 6802 6803 4613
12444 3 2 7 1 4613 6803 6804 4614
12445 3 2 7 1 958 589 4615 6799
12446 3 2 7 1 6799 4615 4616 6800
12447 3 2 7 1 6800 4616 4617 6801
12448 3 2 7 1 6801 4617 4618 6802
12449 3 2 7 1 6802 4618 4619 6803
12450 3 2 7 1 6803 4619 4620 6804
12451 3 2 7 1 587 957 6793 4603
12452 3 2 7 1 4603 6793 6794 4604
12453 3 2 7 1 4604 6794 6795 4605
12454 3 2 7 1 4605 6795 6796 4606
12455 3 2 7 1 4606 6796 6797 4607
12456 3 2 7 1 4607 6797 6798 4608
12457 3 2 7 1 957 588 4609 6793
12458 3 2 7 1 6793 4609 4610 6794
12459 3 2 7 1 6794 4610 4611 6795
12460 3 2 7 1 6795 4611 4612 6796
12461 3 2 7 1 6796 4612 4613 6797
12462 3 2 7 1 6797 4613 4614 6798
12463 3 2 7 1 586 956 6787 4597
12464 3 2 7 1 4597 6787 6788 4598
12465 3 2 7 1 4598 6788 6789 4599
12466 3 2 7 1 4599 6789 6790 4600
12467 3 2 7 1 4600 6790 6791 4601
12468 3 2 7 1 4601 6791 6792 4602
12469 3 2 7 1 956 587 4603 6787
12470 3 2 7 1 6787 4603 4604 6788
12471 3 2 7 1 6788 4604 4605 6789
12472 3 2 7 1 6789 4605 4606 6790
12473 3 2 7 1 6790 4606 4607 6791
12474 3 2 7 1 6791 4607 4608 6792
12475 3 2 7 1 585 955 6781 4591
12476 3 2 7 1 4591 6781 6782 4592
12477 3 2 7 1 4592 6782 6783 4593
12478 3 2 7 1 4593 6783 6784 4594
12479 3 2 7 1 4594 6784 6785 4595
12480 3 2 7 1 4595 6785 6786 4596
12481 3 2 7 1 955 586 4597 6781
12482 3 2 7 1 6781 4597 4598 6782
12483 3 2 7 1 6782 4598 4599 6783
12484 3 2 7 1 6783 4599 4600 6784
12485 3 2 7 1 6784 4600 4601 6785
12486 3 2 7 1 6785 4601 4602 6786
12487 3 2 7 1 584 954 6775 4585
12488 3 2 7 1 4585 6775 6776 4586
12489 3 2 7 1 4586 6776 6777 4587
12490 3 2 7 1 4587 6777 6778 4588
12491 3 2 7 1 4588 6778 6779 4589
12492 3 2 7 1 4589 6779 6780 4590
12493 3 2 7 1 954 585 4591 6775
12494 3 2 7 1 6775 4591 4592 6776
12495 3 2 7 1 6776 4592 4593 6777
12496 3 2 7 1 6777 4593 4594 6778
12497 3 2 7 1 6778 4594 4595 6779
12498 3 2 7 1 6779 4595 4596 6780
12499 3 2 7 1 583 584 4585 4579
12500 3 2 7 1 4579 4585 4586 4580
12501 3 2 7 1 4580 4586 4587 4581
12502 3 2 7 1 4581 4587 4588 4582
12503 3 2 7 1 4582 4588 4589 4583
12504 3 2 7 1 4583 4589 4590 4584
12505 3 2 7 1 582 583 4579 4573
12506 3 2 7 1 4573 4579 4580 4574
12507 3 2 7 1 4574 4580 4581 4575
12508 3 2 7 1 4575 4581 4582 4576
12509 3 2 7 1 4576 4582 4583 4577
12510 3 2 7 1 4577 4583 4584 4578
12511 3 2 7 1 581 582 4573 4567
12512 3 2 7 1 4567 4573 4574 4568
12513 3 2 7 1 4568 4574 4575 4569
12514 3 2 7 1 4569 4575 4576 4570
12515 3 2 7 1 4570 4576 4577 4571
12516 3 2 7 1 4571 4577 4578 4572
12517 3 2 7 1 580 581 4567 4561
12518 3 2 7 1 4561 4567 4568 4562
12519 3 2 7 1 4562 4568 4569 4563
12520 3 2 7 1 4563 4569 4570 4564
12521 3 2 7 1 4564 4570 4571 4565
12522 3 2 7 1 4565 4571 4572 4566
12523 3 2 7 1 579 580 4561 4555
12524 3 2 7 1 4555 4561 4562 4556
12525 3 2 7 1 4556 4562 4563 4557
12526 3 2 7 1 4557 4563 4564 4558
12527 3 2 7 1 4558 4564 4565 4559
12528 3 2 7 1 4559 4565 4566 4560
12529 3 2 7 1 578 579 4555 4549
12530 3 2 7 1 4549 4555 4556 4550
12531 3 2 7 1 4550 4556 4557 4551
12532 3 2 7 1 4551 4557 4558 4552
12533 3 2 7 1 4552 4558 4559 4553
12534 3 2 7 1 4553 4559 4560 4554
12535 3 2 7 1 577 578 4549 4543
12536 3 2 7 1 4543 4549 4550 4544
12537 3 2 7 1 4544 4550 4551 4545
12538 3 2 7 1 4545 4551 4552 4546
12539 3 2 7 1 4546 4552 4553 4547
12540 3 2 7 1 4547 4553 4554 4548
12541 3 2 7 1 576 577 4543 4537
12542 3 2 7 1 4537 4543 4544 4538
12543 3 2 7 1 4538 4544 4545 4539
12544 3 2 7 1 4539 4545 4546 4540
12545 3 2 7 1 4540 4546 4547 4541
12546 3 2 7 1 4541 4547 4548 4542
12547 3 2 7 1 575 576 4537 4531
12548 3 2 7 1 4531 4537 4538 4532
12549 3 2 7 1 4532 4538 4539 4533
12550 3 2 7 1 4533 4539 4540 4534
12551 3 2 7 1 4534 4540 4541 4535
12552 3 2 7 1 4535 4541 4542 4536
12553 3 2 7 1 574 575 4531 4525
12554 3 2 7 1 4525 4531 4532 4526
12555 3 2 7 1 4526 4532 4533 4527
12556 3 2 7 1 4527 4533 4534 4528
12557 3 2 7 1 4528 4534 4535 4529
12558 3 2 7 1 4529 4535 4536 4530
12559 3 2 7 1 573 574 4525 4519
12560 3 2 7 1 4519 4525 4526 4520
12561 3 2 7 1 4520 4526 4527 4521
12562 3 2 7 1 4521 4527 4528 4522
12563 3 2 7 1 4522 4528 4529 4523
12564 3 2 7 1 4523 4529 4530 4524
12565 3 2 7 1 572 573 4519 4513
12566 3 2 7 1 4513 4519 4520 4514
12567 3 2 7 1 4514 4520 4521 4515
12568 3 2 7 1 4515 4521 4522 4516
12569 3 2 7 1 4516 4522 4523 4517
12570 3 2 7 1 4517 4523 4524 4518
12571 3 2 7 1 571 572 4513 4507
12572 3 2 7 1 4507 4513 4514 4508
12573 3 2 7 1 4508 4514 4515 4509
12574 3 2 7 1 4509 4515 4516 4510
12575 3 2 7 1 4510 4516 4517 4511
12576 3 2 7 1 4511 4517 4518 4512
12577 3 2 7 1 570 571 4507 4501
12578 3 2 7 1 4501 4507 4508 4502
12579 3 2 7 1 4502 4508 4509 4503
12580 3 2 7 1 4503 4509 4510 4504
12581 3 2 7 1 4504 4510 4511 4505
12582 3 2 7 1 4505 4511 4512 4506
12583 3 2 7 1 569 570 4501 4495
12584 3 2 7 1 4495 4501 4502 4496
12585 3 2 7 1 4496 4502 4503 4497
12586 3 2 7 1 4497 4503 4504 4498
12587 3 2 7 1 4498 4504 4505 4499
12588 3 2 7 1 4499 4505 4506 4500
12589 3 2 7 1 568 569 4495 4489
12590 3 2 7 1 4489 4495 4496 4490
12591 3 2 7 1 4490 4496 4497 4491
12592 3 2 7 1 4491 4497 4498 4492
12593 3 2 7 1 4492 4498 4499 4493
12594 3 2 7 1 4493 4499 4500 4494
12595 3 2 7 1 567 568 4489 4483
12596 3 2 7 1 4483 4489 4490 4484
12597 3 2 7 1 4484 4490 4491 4485
12598 3 2 7 1 4485 4491 4492 4486
12599 3 2 7 1 4486 4492 4493 4487
12600 3 2 7 1 4487 4493 4494 4488
12601 3 2 7 1 566 567 4483 4477
12602 3 2 7 1 4477 4483 4484 4478
12603 3 2 7 1 4478 4484 4485 4479
12604 3 2 7 1 4479 4485 4486 4480
12605 3 2 7 1 4480 4486 4487 4481
12606 3 2 7 1 4481 4487 4488 4482
12607 3 2 7 1 565 566 4477 4471
12608 3 2 7 1 4471 4477 4478 4472
12609 3 2 7 1 4472 4478 4479 4473
12610 3 2 7 1 4473 4479 4480 4474
12611 3 2 7 1 4474 4480 4481 4475
12612 3 2 7 1 4475 4481 4482 4476
12613 3 2 7 1 564 565 4471 4465
12614 3 2 7 1 4465 4471 4472 4466
12615 3 2 7 1 4466 4472 4473 4467
12616 3 2 7 1 4467 4473 4474 4468
12617 3 2 7 1 4468 4474 4475 4469
12618 3 2 7 1 4469 4475 4476 4470
12619 3 2 7 1 563 564 4465 4459
12620 3 2 7 1 4459 4465 4466 4460
12621 3 2 7 1 4460 4466 4467 4461
12622 3 2 7 1 4461 4467 4468 4462
12623 3 2 7 1 4462 4468 4469 4463
12624 3 2 7 1 4463 4469 4470 4464
12625 3 2 7 1 562 563 4459 4453
12626 3 2 7 1 4453 4459 4460 4454
12627 3 2 7 1 4454 4460 4461 4455
12628 3 2 7 1 4455 4461 4462 4456
12629 3 2 7 1 4456 4462 4463 4457
12630 3 2 7 1 4457 4463 4464 4458
12631 3 2 7 1 561 562 4453 4447
12632 3 2 7 1 4447 4453 4454 4448
12633 3 2 7 1 4448 4454 4455 4449
12634 3 2 7 1 4449 4455 4456 4450
12635 3 2 7 1 4450 4456 4457 4451
12636 3 2 7 1 4451 4457 4458 4452
12637 3 2 7 1 560 561 4447 4441
12638 3 2 7 1 4441 4447 4448 4442
12639 3 2 7 1 4442 4448 4449 4443
12640 3 2 7 1 4443 4449 4450 4444
12641 3 2 7 1 4444 4450 4451 4445
12642 3 2 7 1 4445 4451 4452 4446
12643 3 2 7 1 559 560 4441 4435
12644 3 2 7 1 4435 4441 4442 4436
12645 3 2 7 1 4436 4442 4443 4437
12646 3 2 7 1 4437 4443 4444 4438
12647 3 2 7 1 4438 4444 4445 4439
12648 3 2 7 1 4439 4445 4446 4440
12649 3 2 7 1 558 559 4435 4429
12650 3 2 7 1 4429 4435 4436 4430
12651 3 2 7 1 4430 4436 4437 4431
12652 3 2 7 1 4431 4437 4438 4432
12653 3 2 7 1 4432 4438 4439 4433
12654 3 2 7 1 4433 4439 4440 4434
12655 3 2 7 1 557 558 4429 4423
12656 3 2 7 1 4423 4429 4430 4424
12657 3 2 7 1 4424 4430 4431 4425
12658 3 2 7 1 4425 4431 4432 4426
12659 3 2 7 1 4426 4432 4433 4427
12660 3 2 7 1 4427 4433 4434 4428
12661 3 2 7 1 556 557 4423 4417
12662 3 2 7 1 4417 4423 4424 4418
12663 3 2 7 1 4418 4424 4425 4419
12664 3 2 7 1 4419 4425 4426 4420
12665 3 2 7 1 4420 4426 4427 4421
12666 3 2 7 1 4421 4427 4428 4422
12667 3 2 7 1 555 556 4417 4411
12668 3 2 7 1 4411 4417 4418 4412
12669 3 2 7 1 4412 4418 4419 4413
12670 3 2 7 1 4413 4419 4420 4414
12671 3 2 7 1 4414 4420 4421 4415
12672 3 2 7 1 4415 4421 4422 4416
12673 3 2 7 1 554 555 4411 4405
12674 3 2 7 1 4405 4411 4412 4406
12675 3 2 7 1 4406 4412 4413 4407
12676 3 2 7 1 4407 4413 4414 4408
12677 3 2 7 1 4408 4414 4415 4409
12678 3 2 7 1 4409 4415 4416 4410
12679 3 2 7 1 553 554 4405 4399
12680 3 2 7 1 4399 4405 4406 4400
12681 3 2 7 1 4400 4406 4407 4401
12682 3 2 7 1 4401 4407 4408 4402
12683 3 2 7 1 4402 4408 4409 4403
12684 3 2 7 1 4403 4409 4410 4404
12685 3 2 7 1 552 553 4399 4393
12686 3 2 7 1 4393 4399 4400 4394
12687 3 2 7 1 4394 4400 4401 4395
12688 3 2 7 1 4395 4401 4402 4396
12689 3 2 7 1 4396 4402 4403 4397
12690 3 2 7 1 4397 4403 4404 4398
12691 3 2 7 1 551 552 4393 4387
12692 3 2 7 1 4387 4393 4394 4388
12693 3 2 7 1 4388 4394 4395 4389
12694 3 2 7 1 4389 4395 4396 4390
12695 3 2 7 1 4390 4396 4397 4391
12696 3 2 7 1 4391 4397 4398 4392
12697 3 2 7 1 550 551 4387 4381
12698 3 2 7 1 4381 4387 4388 4382
12699 3 2 7 1 4382 4388 4389 4383
12700 3 2 7 1 4383 4389 4390 4384
12701 3 2 7 1 4384 4390 4391 4385
12702 3 2 7 1 4385 4391 4392 4386
12703 3 2 7 1 549 550 4381 4375
12704 3 2 7 1 4375 4381 4382 4376
12705 3 2 7 1 4376 4382 4383 4377
12706 3 2 7 1 4377 4383 4384 4378
12707 3 2 7 1 4378 4384 4385 4379
12708 3 2 7 1 4379 4385 4386 4380
12709 3 2 7 1 548 549 4375 4369
12710 3 2 7 1 4369 4375 4376 4370
12711 3 2 7 1 4370 4376 4377 4371
12712 3 2 7 1 4371 4377 4378 4372
12713 3 2 7 1 4372 4378 4379 4373
12714 3 2 7 1 4373 4379 4380 4374
12715 3 2 7 1 547 548 4369 4363
12716 3 2 7 1 4363 4369 4370 4364
12717 3 2 7 1 4364 4370 4371 4365
12718 3 2 7 1 4365 4371 4372 4366
12719 3 2 7 1 4366 4372 4373 4367
12720 3 2 7 1 4367 4373 4374 4368
12721 3 2 7 1 546 547 4363 4357
12722 3 2 7 1 4357 4363 4364 4358
12723 3 2 7 1 4358 4364 4365 4359
12724 3 2 7 1 4359 4365 4366 4360
12725 3 2 7 1 4360 4366 4367 4361
12726 3 2 7 1 4361 4367 4368 4362
12727 3 2 7 1 545 546 4357 4351
12728 3 2 7 1 4351 4357 4358 4352
12729 3 2 7 1 4352 4358 4359 4353
12730 3 2 7 1 4353 4359 4360 4354
12731 3 2 7 1 4354 4360 4361 4355
12732 3 2 7 1 4355 4361 4362 4356
12733 3 2 7 1 544 545 4351 4345
12734 3 2 7 1 4345 4351 4352 4346
12735 3 2 7 1 4346 4352 4353 4347
12736 3 2 7 1 4347 4353 4354 4348
12737 3 2 7 1 4348 4354 4355 4349
12738 3 2 7 1 4349 4355 4356 4350
12739 3 2 7 1 543 544 4345 4339
12740 3 2 7 1 4339 4345 4346 4340
12741 3 2 7 1 4340 4346 4347 4341
12742 3 2 7 1 4341 4347 4348 4342
12743 3 2 7 1 4342 4348 4349 4343
12744 3 2 7 1 4343 4349 4350 4344
12745 3 2 7 1 542 543 4339 4333
12746 3 2 7 1 4333 4339 4340 4334
12747 3 2 7 1 4334 4340 4341 4335
12748 3 2 7 1 4335 4341 4342 4336
12749 3 2 7 1 4336 4342 4343 4337
12750 3 2 7 1 4337 4343 4344 4338
12751 3 2 7 1 541 542 4333 4327
12752 3 2 7 1 4327 4333 4334 4328
12753 3 2 7 1 4328 4334 4335 4329
12754 3 2 7 1 4329 4335 4336 4330
12755 3 2 7 1 4330 4336 4337 4331
12756 3 2 7 1 4331 4337 4338 4332
12757 3 2 7 1 540 541 4327 4321
12758 3 2 7 1 4321 4327 4328 4322
12759 3 2 7 1 4322 4328 4329 4323
12760 3 2 7 1 4323 4329 4330 4324
12761 3 2 7 1 4324 4330 4331 4325
12762 3 2 7 1 4325 4331 4332 4326
12763 3 2 7 1 539 540 4321 4315
12764 3 2 7 1 4315 4321 4322 4316
12765 3 2 7 1 4316 4322 4323 4317
12766 3 2 7 1 4317 4323 4324 4318
12767 3 2 7 1 4318 4324 4325 4319
12768 3 2 7 1 4319 4325 4326 4320
12769 3 2 7 1 538 539 4315 4309
12770 3 2 7 1 4309 4315 4316 4310
12771 3 2 7 1 4310 4316 4317 4311
12772 3 2 7 1 4311 4317 4318 4312
12773 3 2 7 1 4312 4318 4319 4313
12774 3 2 7 1 4313 4319 4320 4314
12775 3 2 7 1 537 538 4309 4303
12776 3 2 7 1 4303 4309 4310 4304
12777 3 2 7 1 4304 4310 4311 4305
12778 3 2 7 1 4305 4311 4312 4306
12779 3 2 7 1 4306 4312 4313 4307
12780 3 2 7 1 4307 4313 4314 4308
12781 3 2 7 1 536 537 4303 4297
12782 3 2 7 1 4297 4303 4304 4298
12783 3 2 7 1 4298 4304 4305 4299
12784 3 2 7 1 4299 4305 4306 4300
12785 3 2 7 1 4300 4306 4307 4301
12786 3 2 7 1 4301 4307 4308 4302
12787 3 2 7 1 535 536 4297 4291
12788 3 2 7 1 4291 4297 4298 4292
12789 3 2 7 1 4292 4298 4299 4293
12790 3 2 7 1 4293 4299 4300 4294
12791 3 2 7 1 4294 4300 4301 4295
12792 3 2 7 1 4295 4301 4302 4296
12793 3 2 7 1 534 535 4291 4285
12794 3 2 7 1 4285 4291 4292 4286
12795 3 2 7 1 4286 4292 4293 4287
12796 3 2 7 1 4287 4293 4294 4288
12797 3 2 7 1 4288 4294 4295 4289
12798 3 2 7 1 4289 4295 4296 4290
12799 3 2 7 1 533 534 4285 4279
12800 3 2 7 1 4279 4285 4286 4280
12801 3 2 7 1 4280 4286 4287 4281
12802 3 2 7 1 4281 4287 4288 4282
12803 3 2 7 1 4282 4288 4289 4283
12804 3 2 7 1 4283 4289 4290 4284
12805 3 2 7 1 532 533 4279 4273
12806 3 2 7 1 4273 4279 4280 4274
12807 3 2 7 1 4274 4280 4281 4275
12808 3 2 7 1 4275 4281 4282 4276
12809 3 2 7 1 4276 4282 4283 4277
12810 3 2 7 1 4277 4283 4284 4278
12811 3 2 7 1 531 532 4273 4267
12812 3 2 7 1 4267 4273 4274 4268
12813 3 2 7 1 4268 4274 4275 4269
12814 3 2 7 1 4269 4275 4276 4270
12815 3 2 7 1 4270 4276 4277 4271
12816 3 2 7 1 4271 4277 4278 4272
12817 3 2 7 1 530 531 4267 4261
12818 3 2 7 1 4261 4267 4268 4262
12819 3 2 7 1 4262 4268 4269 4263
12820 3 2 7 1 4263 4269 4270 4264
12821 3 2 7 1 4264 4270 4271 4265
12822 3 2 7 1 4265 4271 4272 4266
12823 3 2 7 1 529 530 4261 4255
12824 3 2 7 1 4255 4261 4262 4256
12825 3 2 7 1 4256 4262 4263 4257
12826 3 2 7 1 4257 4263 4264 4258
12827 3 2 7 1 4258 4264 4265 4259
12828 3 2 7 1 4259 4265 4266 4260
12829 3 2 7 1 528 529 4255 4249
12830 3 2 7 1 4249 4255 4256 4250
12831 3 2 7 1 4250 4256 4257 4251
12832 3 2 7 1 4251 4257 4258 4252
12833 3 2 7 1 4252 4258 4259 4253
12834 3 2 7 1 4253 4259 4260 4254
12835 3 2 7 1 527 528 4249 4243
12836 3 2 7 1 4243 4249 4250 4244
12837 3 2 7 1 4244 4250 4251 4245
12838 3 2 7 1 4245 4251 4252 4246
12839 3 2 7 1 4246 4252 4253 4247
12840 3 2 7 1 4247 4253 4254 4248
12841 3 2 7 1 526 527 4243 4237
12842 3 2 7 1 4237 4243 4244 4238
12843 3 2 7 1 4238 4244 4245 4239
12844 3 2 7 1 4239 4245 4246 4240
12845 3 2 7 1 4240 4246 4247 4241
12846 3 2 7 1 4241 4247 4248 4242
12847 3 2 7 1 525 526 4237 4231
12848 3 2 7 1 4231 4237 4238 4232
12849 3 2 7 1 4232 4238 4239 4233
12850 3 2 7 1 4233 4239 4240 4234
12851 3 2 7 1 4234 4240 4241 4235
12852 3 2 7 1 4235 4241 4242 4236
12853 3 2 7 1 524 525 4231 4225
12854 3 2 7 1 4225 4231 4232 4226
12855 3 2 7 1 4226 4232 4233 4227
12856 3 2 7 1 4227 4233 4234 4228
12857 3 2 7 1 4228 4234 4235 4229
12858 3 2 7 1 4229 4235 4236 4230
12859 3 2 7 1 523 524 4225 4219
12860 3 2 7 1 4219 4225 4226 4220
12861 3 2 7 1 4220 4226 4227 4221
12862 3 2 7 1 4221 4227 4228 4222
12863 3 2 7 1 4222 4228 4229 4223
12864 3 2 7 1 4223 4229 4230 4224
12865 3 2 7 1 522 523 4219 4213
12866 3 2 7 1 4213 4219 4220 4214
12867 3 2 7 1 4214 4220 4221 4215
12868 3 2 7 1 4215 4221 4222 4216
12869 3 2 7 1 4216 4222 4223 4217
12870 3 2 7 1 4217 4223 4224 4218
12871 3 2 7 1 521 522 4213 4207
12872 3 2 7 1 4207 4213 4214 4208
12873 3 2 7 1 4208 4214 4215 4209
12874 3 2 7 1 4209 4215 4216 4210
12875 3 2 7 1 4210 4216 4217 4211
12876 3 2 7 1 4211 4217 4218 4212
12877 3 2 7 1 520 521 4207 4201
12878 3 2 7 1 4201 4207 4208 4202
12879 3 2 7 1 4202 4208 4209 4203
12880 3 2 7 1 4203 4209 4210 4204
12881 3 2 7 1 4204 4210 4211 4205
12882 3 2 7 1 4205 4211 4212 4206
12883 3 2 7 1 519 520 4201 4195
12884 3 2 7 1 4195 4201 4202 4196
12885 3 2 7 1 4196 4202 4203 4197
12886 3 2 7 1 4197 4203 4204 4198
12887 3 2 7 1 4198 4204 4205 4199
12888 3 2 7 1 4199 4205 4206 4200
12889 3 2 7 1 518 519 4195 4189
12890 3 2 7 1 4189 4195 4196 4190
12891 3 2 7 1 4190 4196 4197 4191
12892 3 2 7 1 4191 4197 4198 4192
12893 3 2 7 1 4192 4198 4199 4193
12894 3 2 7 1 4193 4199 4200 4194
12895 3 2 7 1 517 518 4189 4183
12896 3 2 7 1 4183 4189 4190 4184
12897 3 2 7 1 4184 4190 4191 4185
12898 3 2 7 1 4185 4191 4192 4186
12899 3 2 7 1 4186 4192 4193 4187
12900 3 2 7 1 4187 4193 4194 4188
12901 3 2 7 1 516 517 4183 4177
12902 3 2 7 1 4177 4183 4184 4178
12903 3 2 7 1 4178 4184 4185 4179
12904 3 2 7 1 4179 4185 4186 4180
12905 3 2 7 1 4180 4186 4187 4181
12906 3 2 7 1 4181 4187 4188 4182
12907 3 2 7 1 515 516 4177 4171
12908 3 2 7 1 4171 4177 4178 4172
12909 3 2 7 1 4172 4178 4179 4173
12910 3 2 7 1 4173 4179 4180 4174
12911 3 2 7 1 4174 4180 4181 4175
12912 3 2 7 1 4175 4181 4182 4176
12913 3 2 7 1 514 515 4171 4165
12914 3 2 7 1 4165 4171 4172 4166
12915 3 2 7 1 4166 4172 4173 4167
12916 3 2 7 1 4167 4173 4174 4168
12917 3 2 7 1 4168 4174 4175 4169
12918 3 2 7 1 4169 4175 4176 4170
12919 3 2 7 1 513 514 4165 4159
12920 3 2 7 1 4159 4165 4166 4160
12921 3 2 7 1 4160 4166 4167 4161
12922 3 2 7 1 4161 4167 4168 4162
12923 3 2 7 1 4162 4168 4169 4163
12924 3 2 7 1 4163 4169 4170 4164
12925 3 2 7 1 512 513 4159 4153
12926 3 2 7 1 4153 4159 4160 4154
12927 3 2 7 1 4154 4160 4161 4155
12928 3 2 7 1 4155 4161 4162 4156
12929 3 2 7 1 4156 4162 4163 4157
12930 3 2 7 1 4157 4163 4164 4158
12931 3 2 7 1 511 512 4153 4147
12932 3 2 7 1 4147 4153 4154 4148
12933 3 2 7 1 4148 4154 4155 4149
12934 3 2 7 1 4149 4155 4156 4150
12935 3 2 7 1 4150 4156 4157 4151
12936 3 2 7 1 4151 4157 4158 4152
12937 3 2 7 1 510 511 4147 4141
12938 3 2 7 1 4141 4147 4148 4142
12939 3 2 7 1 4142 4148 4149 4143
12940 3 2 7 1 4143 4149 4150 4144
12941 3 2 7 1 4144 4150 4151 4145
12942 3 2 7 1 4145 4151 4152 4146
12943 3 2 7 1 509 510 4141 4135
12944 3 2 7 1 4135 4141 4142 4136
12945 3 2 7 1 4136 4142 4143 4137
12946 3 2 7 1 4137 4143 4144 4138
12947 3 2 7 1 4138 4144 4145 4139
12948 3 2 7 1 4139 4145 4146 4140
12949 3 2 7 1 508 509 4135 4129
12950 3 2 7 1 4129 4135 4136 4130
12951 3 2 7 1 4130 4136 4137 4131
12952 3 2 7 1 4131 4137 4138 4132
12953 3 2 7 1 4132 4138 4139 4133
12954 3 2 7 1 4133 4139 4140 4134
12955 3 2 7 1 507 508 4129 4123
12956 3 2 7 1 4123 4129 4130 4124
12957 3 2 7 1 4124 4130 4131 4125
12958 3 2 7 1 4125 4131 4132 4126
12959 3 2 7 1 4126 4132 4133 4127
12960 3 2 7 1 4127 4133 4134 4128
12961 3 2 7 1 506 507 4123 4117
12962 3 2 7 1 4117 4123 4124 4118
12963 3 2 7 1 4118 4124 4125 4119
12964 3 2 7 1 4119 4125 4126 4120
12965 3 2 7 1 4120 4126 4127 4121
12966 3 2 7 1 4121 4127 4128 4122
12967 3 2 7 1 505 506 4117 4111
12968 3 2 7 1 4111 4117 4118 4112
12969 3 2 7 1 4112 4118 4119 4113
12970 3 2 7 1 4113 4119 4120 4114
12971 3 2 7 1 4114 4120 4121 4115
12972 3 2 7 1 4115 4121 4122 4116
12973 3 2 7 1 504 505 4111 4105
12974 3 2 7 1 4105 4111 4112 4106
12975 3 2 7 1 4106 4112 4113 4107
12976 3 2 7 1 4107 4113 4114 4108
12977 3 2 7 1 4108 4114 4115 4109
12978 3 2 7 1 4109 4115 4116 4110
12979 3 2 7 1 503 504 4105 4099
12980 3 2 7 1 4099 4105 4106 4100
12981 3 2 7 1 4100 4106 4107 4101
12982 3 2 7 1 4101 4107 4108 4102
12983 3 2 7 1 4102 4108 4109 4103
12984 3 2 7 1 4103 4109 4110 4104
12985 3 2 7 1 502 503 4099 4093
12986 3 2 7 1 4093 4099 4100 4094
12987 3 2 7 1 4094 4100 4101 4095
12988 3 2 7 1 4095 4101 4102 4096
12989 3 2 7 1 4096 4102 4103 4097
12990 3 2 7 1 4097 4103 4104 4098
12991 3 2 7 1 501 502 4093 4087
12992 3 2 7 1 4087 4093 4094 4088
12993 3 2 7 1 4088 4094 4095 4089
12994 3 2 7 1 4089 4095 4096 4090
12995 3 2 7 1 4090 4096 4097 4091
12996 3 2 7 1 4091 4097 4098 4092
12997 3 2 7 1 500 501 4087 4081
12998 3 2 7 1 4081 4087 4088 4082
12999 3 2 7 1 4082 4088 4089 4083
13000 3 2 7 1 4083 4089 4090 4084
13001 3 2 7 1 4084 4090 4091 4085
13002 3 2 7 1 4085 4091 4092 4086
13003 3 2 7 1 499 500 4081 4075
13004 3 2 7 1 4075 4081 4082 4076
13005 3 2 7 1 4076 4082 4083 4077
13006 3 2 7 1 4077 4083 4084 4078
13007 3 2 7 1 4078 4084 4085 4079
13008 3 2 7 1 4079 4085 4086 4080
13009 3 2 7 1 498 499 4075 4069
13010 3 2 7 1 4069 4075 4076 4070
13011 3 2 7 1 4070 4076 4077 4071
13012 3 2 7 1 4071 4077 4078 4072
13013 3 2 7 1 4072 4078 4079 4073
13014 3 2 7 1 4073 4079 4080 4074
13015 3 2 7 1 497 498 4069 4063
13016 3 2 7 1 4063 4069 4070 4064
13017 3 2 7 1 4064 4070 4071 4065
13018 3 2 7 1 4065 4071 4072 4066
13019 3 2 7 1 4066 4072 4073 4067
13020 3 2 7 1 4067 4073 4074 4068
13021 3 2 7 1 496 497 4063 4057
13022 3 2 7 1 4057 4063 4064 4058
13023 3 2 7 1 4058 4064 4065 4059
13024 3 2 7 1 4059 4065 4066 4060
13025 3 2 7 1 4060 4066 4067 4061
13026 3 2 7 1 4061 4067 4068 4062
13027 3 2 7 1 495 496 4057 4051
13028 3 2 7 1 4051 4057 4058 4052
13029 3 2 7 1 4052 4058 4059 4053
13030 3 2 7 1 4053 4059 4060 4054
13031 3 2 7 1 4054 4060 4061 4055
13032 3 2 7 1 4055 4061 4062 4056
13033 3 2 7 1 494 495 4051 4045
13034 3 2 7 1 4045 4051 4052 4046
13035 3 2 7 1 4046 4052 4053 4047
13036 3 2 7 1 4047 4053 4054 4048
13037 3 2 7 1 4048 4054 4055 4049
13038 3 2 7 1 4049 4055 4056 4050
13039 3 2 7 1 493 494 4045 4039
13040 3 2 7 1 4039 4045 4046 4040
13041 3 2 7 1 4040 4046 4047 4041
13042 3 2 7 1 4041 4047 4048 4042
13043 3 2 7 1 4042 4048 4049 4043
13044 3 2 7 1 4043 4049 4050 4044
13045 3 2 7 1 492 493 4039 4033
13046 3 2 7 1 4033 4039 4040 4034
13047 3 2 7 1 4034 4040 4041 4035
13048 3 2 7 1 4035 4041 4042 4036
13049 3 2 7 1 4036 4042 4043 4037
13050 3 2 7 1 4037 4043 4044 4038
13051 3 2 7 1 491 492 4033 4027
13052 3 2 7 1 4027 4033 4034 4028
13053 3 2 7 1 4028 4034 4035 4029
13054 3 2 7 1 4029 4035 4036 4030
13055 3 2 7 1 4030 4036 4037 4031
13056 3 2 7 1 4031 4037 4038 4032
13057 3 2 7 1 490 491 4027 4021
13058 3 2 7 1 4021 4027 4028 4022
13059 3 2 7 1 4022 4028 4029 4023
13060 3 2 7 1 4023 4029 4030 4024
13061 3 2 7 1 4024 4030 4031 4025
13062 3 2 7 1 4025 4031 4032 4026
13063 3 2 7 1 489 490 4021 4015
13064 3 2 7 1 4015 4021 4022 4016
13065 3 2 7 1 4016 4022 4023 4017
13066 3 2 7 1 4017 4023 4024 4018
13067 3 2 7 1 4018 4024 4025 4019
13068 3 2 7 1 4019 4025 4026 4020
13069 3 2 7 1 488 489 4015 4009
13070 3 2 7 1 4009 4015 4016 4010
13071 3 2 7 1 4010 4016 4017 4011
13072 3 2 7 1 4011 4017 4018 4012
13073 3 2 7 1 4012 4018 4019 4013
13074 3 2 7 1 4013 4019 4020 4014
13075 3 2 7 1 487 488 4009 4003
13076 3 2 7 1 4003 4009 4010 4004
13077 3 2 7 1 4004 4010 4011 4005
13078 3 2 7 1 4005 4011 4012 4006
13079 3 2 7 1 4006 4012 4013 4007
13080 3 2 7 1 4007 4013 4014 4008
13081 3 2 7 1 486 487 4003 3997
13082 3 2 7 1 3997 4003 4004 3998
13083 3 2 7 1 3998 4004 4005 3999
13084 3 2 7 1 3999 4005 4006 4000
13085 3 2 7 1 4000 4006 4007 4001
13086 3 2 7 1 4001 4007 4008 4002
13087 3 2 7 1 485 486 3997 3991
13088 3 2 7 1 3991 3997 3998 3992
13089 3 2 7 1 3992 3998 3999 3993
13090 3 2 7 1 3993 3999 4000 3994
13091 3 2 7 1 3994 4000 4001 3995
13092 3 2 7 1 3995 4001 4002 3996
13093 3 2 7 1 484 485 3991 3985
13094 3 2 7 1 3985 3991 3992 3986
13095 3 2 7 1 3986 3992 3993 3987
13096 3 2 7 1 3987 3993 3994 3988
13097 3 2 7 1 3988 3994 3995 3989
13098 3 2 7 1 3989 3995 3996 3990
13099 3 2 7 1 483 484 3985 3979
13100 3 2 7 1 3979 3985 3986 3980
13101 3 2 7 1 3980 3986 3987 3981
13102 3 2 7 1 3981 3987 3988 3982
13103 3 2 7 1 3982 3988 3989 3983
13104 3 2 7 1 3983 3989 3990 3984
13105 3 2 7 1 482 483 3979 3973
13106 3 2 7 1 3973 3979 3980 3974
13107 3 2 7 1 3974 3980 3981 3975
13108 3 2 7 1 3975 3981 3982 3976
13109 3 2 7 1 3976 3982 3983 3977
13110 3 2 7 1 3977 3983 3984 3978
13111 3 2 7 1 481 482 3973 3967
13112 3 2 7 1 3967 3973 3974 3968
13113 3 2 7 1 3968 3974 3975 3969
13114 3 2 7 1 3969 3975 3976 3970
13115 3 2 7 1 3970 3976 3977 3971
13116 3 2 7 1 3971 3977 3978 3972
13117 3 2 7 1 480 481 3967 3961
13118 3 2 7 1 3961 3967 3968 3962
13119 3 2 7 1 3962 3968 3969 3963
13120 3 2 7 1 3963 3969 3970 3964
13121 3 2 7 1 3964 3970 3971 3965
13122 3 2 7 1 3965 3971 3972 3966
13123 3 2 7 1 479 480 3961 3955
13124 3 2 7 1 3955 3961 3962 3956
13125 3 2 7 1 3956 3962 3963 3957
13126 3 2 7 1 3957 3963 3964 3958
13127 3 2 7 1 3958 3964 3965 3959
13128 3 2 7 1 3959 3965 3966 3960
13129 3 2 7 1 478 479 3955 3949
13130 3 2 7 1 3949 3955 3956 3950
13131 3 2 7 1 3950 3956 3957 3951
13132 3 2 7 1 3951 3957 3958 3952
13133 3 2 7 1 3952 3958 3959 3953
13134 3 2 7 1 3953 3959 3960 3954
13135 3 2 7 1 477 953 6769 3943
13136 3 2 7 1 3943 6769 6770 3944
13137 3 2 7 1 3944 6770 6771 3945
13138 3 2 7 1 3945 6771 6772 3946
13139 3 2 7 1 3946 6772 6773 3947
13140 3 2 7 1 3947 6773 6774 3948
13141 3 2 7 1 953 478 3949 6769
13142 3 2 7 1 6769 3949 3950 6770
13143 3 2 7 1 6770 3950 3951 6771
13144 3 2 7 1 6771 3951 3952 6772
13145 3 2 7 1 6772 3952 3953 6773
13146 3 2 7 1 6773 3953 3954 6774
13147 3 2 7 1 476 952 6763 3937
13148 3 2 7 1 3937 6763 6764 3938
13149 3 2 7 1 3938 6764 6765 3939
13150 3 2 7 1 3939 6765 6766 3940
13151 3 2 7 1 3940 6766 6767 3941
13152 3 2 7 1 3941 6767 6768 3942
13153 3 2 7 1 952 477 3943 6763
13154 3 2 7 1 6763 3943 3944 6764
13155 3 2 7 1 6764 3944 3945 6765
13156 3 2 7 1 6765 3945 3946 6766
13157 3 2 7 1 6766 3946 3947 6767
13158 3 2 7 1 6767 3947 3948 6768
13159 3 2 7 1 475 951 6757 3931
13160 3 2 7 1 3931 6757 6758 3932
13161 3 2 7 1 3932 6758 6759 3933
13162 3 2 7 1 3933 6759 6760 3934
13163 3 2 7 1 3934 6760 6761 3935
13164 3 2 7 1 3935 6761 6762 3936
13165 3 2 7 1 951 476 3937 6757
13166 3 2 7 1 6757 3937 3938 6758
13167 3 2 7 1 6758 3938 3939 6759
13168 3 2 7 1 6759 3939 3940 6760
13169 3 2 7 1 6760 3940 3941 6761
13170 3 2 7 1 6761 3941 3942 6762
13171 3 2 7 1 474 950 6751 3925
13172 3 2 7 1 3925 6751 6752 3926
13173 3 2 7 1 3926 6752 6753 3927
13174 3 2 7 1 3927 6753 6754 3928
13175 3 2 7 1 3928 6754 6755 3929
13176 3 2 7 1 3929 6755 6756 3930
13177 3 2 7 1 950 475 3931 6751
13178 3 2 7 1 6751 3931 3932 6752
13179 3 2 7 1 6752 3932 3933 6753
13180 3 2 7 1 6753 3933 3934 6754
13181 3 2 7 1 6754 3934 3935 6755
13182 3 2 7 1 6755 3935 3936 6756
13183 3 2 7 1 473 949 6745 3919
13184 3 2 7 1 3919 6745 6746 3920
13185 3 2 7 1 3920 6746 6747 3921
13186 3 2 7 1 3921 6747 6748 3922
13187 3 2 7 1 3922 6748 6749 3923
13188 3 2 7 1 3923 6749 6750 3924
13189 3 2 7 1 949 474 3925 6745
13190 3 2 7 1 6745 3925 3926 6746
13191 3 2 7 1 6746 3926 3927 6747
13192 3 2 7 1 6747 3927 3928 6748
13193 3 2 7 1 6748 3928 3929 6749
13194 3 2 7 1 6749 3929 3930 6750
13195 3 2 7 1 472 948 6739 3913
13196 3 2 7 1 3913 6739 6740 3914
13197 3 2 7 1 3914 6740 6741 3915
13198 3 2 7 1 3915 6741 6742 3916
13199 3 2 7 1 3916 6742 6743 3917
13200 3 2 7 1 3917 6743 6744 3918
13201 3 2 7 1 948 473 3919 6739
13202 3 2 7 1 6739 3919 3920 6740
13203 3 2 7 1 6740 3920 3921 6741
13204 3 2 7 1 6741 3921 3922 6742
13205 3 2 7 1 6742 3922 3923 6743
13206 3 2 7 1 6743 3923 3924 6744
13207 3 2 7 1 471 947 6733 3907
13208 3 2 7 1 3907 6733 6734 3908
13209 3 2 7 1 3908 6734 6735 3909
13210 3 2 7 1 3909 6735 6736 3910
13211 3 2 7 1 3910 6736 6737 3911
13212 3 2 7 1 3911 6737 6738 3912
13213 3 2 7 1 947 472 3913 6733
13214 3 2 7 1 6733 3913 3914 6734
13215 3 2 7 1 6734 3914 3915 6735
13216 3 2 7 1 6735 3915 3916 6736
13217 3 2 7 1 6736 3916 3917 6737
13218 3 2 7 1 6737 3917 3918 6738
13219 3 2 7 1 470 946 6727 3901
13220 3 2 7 1 3901 6727 6728 3902
13221 3 2 7 1 3902 6728 6729 3903
13222 3 2 7 1 3903 6729 6730 3904
13223 3 2 7 1 3904 6730 6731 3905
13224 3 2 7 1 3905 6731 6732 3906
13225 3 2 7 1 946 471 3907 6727
13226 3 2 7 1 6727 3907 3908 6728
13227 3 2 7 1 6728 3908 3909 6729
13228 3 2 7 1 6729 3909 3910 6730
13229 3 2 7 1 6730 3910 3911 6731
13230 3 2 7 1 6731 3911 3912 6732
13231 3 2 7 1 469 945 6721 3895
13232 3 2 7 1 3895 6721 6722 3896
13233 3 2 7 1 3896 6722 6723 3897
13234 3 2 7 1 3897 6723 6724 3898
13235 3 2 7 1 3898 6724 6725 3899
13236 3 2 7 1 3899 6725 6726 3900
13237 3 2 7 1 945 470 3901 6721
13238 3 2 7 1 6721 3901 3902 6722
13239 3 2 7 1 6722 3902 3903 6723
13240 3 2 7 1 6723 3903 3904 6724
13241 3 2 7 1 6724 3904 3905 6725
13242 3 2 7 1 6725 3905 3906 6726
13243 3 2 7 1 468 944 6715 3889
13244 3 2 7 1 3889 6715 6716 3890
13245 3 2 7 1 3890 6716 6717 3891
13246 3 2 7 1 3891 6717 6718 3892
13247 3 2 7 1 3892 6718 6719 3893
13248 3 2 7 1 3893 6719 6720 3894
13249 3 2 7 1 944 469 3895 6715
13250 3 2 7 1 6715 3895 3896 6716
13251 3 2 7 1 6716 3896 3897 6717
13252 3 2 7 1 6717 3897 3898 6718
13253 3 2 7 1 6718 3898 3899 6719
13254 3 2 7 1 6719 3899 3900 6720
13255 3 2 7 1 467 942 6703 3883
13256 3 2 7 1 3883 6703 6704 3884
13257 3 2 7 1 3884 6704 6705 3885
13258 3 2 7 1 3885 6705 6706 3886
13259 3 2 7 1 3886 6706 6707 3887
13260 3 2 7 1 3887 6707 6708 3888
13261 3 2 7 1 942 943 6709 6703
13262 3 2 7 1 6703 6709 6710 6704
13263 3 2 7 1 6704 6710 6711 6705
13264 3 2 7 1 6705 6711 6712 6706
13265 3 2 7 1 6706 6712 6713 6707
13266 3 2 7 1 6707 6713 6714 6708
13267 3 2 7 1 943 468 3889 6709
13268 3 2 7 1 6709 3889 3890 6710
13269 3 2 7 1 6710 3890 3891 6711
13270 3 2 7 1 6711 3891 3892 6712
13271 3 2 7 1 6712 3892 3893 6713
13272 3 2 7 1 6713 3893 3894 6714
13273 3 2 7 1 466 940 6691 3877
13274 3 2 7 1 3877 6691 6692 3878
13275 3 2 7 1 3878 6692 6693 3879
13276 3 2 7 1 3879 6693 6694 3880
13277 3 2 7 1 3880 6694 6695 3881
13278 3 2 7 1 3881 6695 6696 3882
13279 3 2 7 1 940 941 6697 6691
13280 3 2 7 1 6691 6697 6698 6692
13281 3 2 7 1 6692 6698 6699 6693
13282 3 2 7 1 6693 6699 6700 6694
13283 3 2 7 1 6694 6700 6701 6695
13284 3 2 7 1 6695 6701 6702 6696
13285 3 2 7 1 941 467 3883 6697
13286 3 2 7 1 6697 3883 3884 6698
13287 3 2 7 1 6698 3884 3885 6699
13288 3 2 7 1 6699 3885 3886 6700
13289 3 2 7 1 6700 3886 3887 6701
13290 3 2 7 1 6701 3887 3888 6702
13291 3 2 7 1 461 934 6655 3847
13292 3 2 7 1 3847 6655 6656 3848
13293 3 2 7 1 3848 6656 6657 3849
13294 3 2 7 1 3849 6657 6658 3850
13295 3 2 7 1 3850 6658 6659 3851
13296 3 2 7 1 3851 6659 6660 3852
13297 3 2 7 1 934 462 3853 6655
13298 3 2 7 1 6655 3853 3854 6656
13299 3 2 7 1 6656 3854 3855 6657
13300 3 2 7 1 6657 3855 3856 6658
13301 3 2 7 1 6658 3856 3857 6659
13302 3 2 7 1 6659 3857 3858 6660
13303 3 2 7 1 460 933 6649 3841
13304 3 2 7 1 3841 6649 6650 3842
13305 3 2 7 1 3842 6650 6651 3843
13306 3 2 7 1 3843 6651 6652 3844
13307 3 2 7 1 3844 6652 6653 3845
13308 3 2 7 1 3845 6653 6654 3846
13309 3 2 7 1 933 461 3847 6649
13310 3 2 7 1 6649 3847 3848 6650
13311 3 2 7 1 6650 3848 3849 6651
13312 3 2 7 1 6651 3849 3850 6652
13313 3 2 7 1 6652 3850 3851 6653
13314 3 2 7 1 6653 3851 3852 6654
13315 3 2 7 1 459 932 6643 3835
13316 3 2 7 1 3835 6643 6644 3836
13317 3 2 7 1 3836 6644 6645 3837
13318 3 2 7 1 3837 6645 6646 3838
13319 3 2 7 1 3838 6646 6647 3839
13320 3 2 7 1 3839 6647 6648 3840
13321 3 2 7 1 932 460 3841 6643
13322 3 2 7 1 6643 3841 3842 6644
13323 3 2 7 1 6644 3842 3843 6645
13324 3 2 7 1 6645 3843 3844 6646
13325 3 2 7 1 6646 3844 3845 6647
13326 3 2 7 1 6647 3845 3846 6648
13327 3 2 7 1 458 931 6637 3829
13328 3 2 7 1 3829 6637 6638 3830
13329 3 2 7 1 3830 6638 6639 3831
13330 3 2 7 1 3831 6639 6640 3832
13331 3 2 7 1 3832 6640 6641 3833
13332 3 2 7 1 3833 6641 6642 3834
13333 3 2 7 1 931 459 3835 6637
13334 3 2 7 1 6637 3835 3836 6638
13335 3 2 7 1 6638 3836 3837 6639
13336 3 2 7 1 6639 3837 3838 6640
13337 3 2 7 1 6640 3838 3839 6641
13338 3 2 7 1 6641 3839 3840 6642
13339 3 2 7 1 457 930 6631 3823
13340 3 2 7 1 3823 6631 6632 3824
13341 3 2 7 1 3824 6632 6633 3825
13342 3 2 7 1 3825 6633 6634 3826
13343 3 2 7 1 3826 6634 6635 3827
13344 3 2 7 1 3827 6635 6636 3828
13345 3 2 7 1 930 458 3829 6631
13346 3 2 7 1 6631 3829 3830 6632
13347 3 2 7 1 6632 3830 3831 6633
13348 3 2 7 1 6633 3831 3832 6634
13349 3 2 7 1 6634 3832 3833 6635
13350 3 2 7 1 6635 3833 3834 6636
13351 3 2 7 1 456 929 6625 3817
13352 3 2 7 1 3817 6625 6626 3818
13353 3 2 7 1 3818 6626 6627 3819
13354 3 2 7 1 3819 6627 6628 3820
13355 3 2 7 1 3820 6628 6629 3821
13356 3 2 7 1 3821 6629 6630 3822
13357 3 2 7 1 929 457 3823 6625
13358 3 2 7 1 6625 3823 3824 6626
13359 3 2 7 1 6626 3824 3825 6627
13360 3 2 7 1 6627 3825 3826 6628
13361 3 2 7 1 6628 3826 3827 6629
13362 3 2 7 1 6629 3827 3828 6630
13363 3 2 7 1 455 456 3817 3811
13364 3 2 7 1 3811 3817 3818 3812
13365 3 2 7 1 3812 3818 3819 3813
13366 3 2 7 1 3813 3819 3820 3814
13367 3 2 7 1 3814 3820 3821 3815
13368 3 2 7 1 3815 3821 3822 3816
13369 3 2 7 1 454 455 3811 3805
13370 3 2 7 1 3805 3811 3812 3806
13371 3 2 7 1 3806 3812 3813 3807
13372 3 2 7 1 3807 3813 3814 3808
13373 3 2 7 1 3808 3814 3815 3809
13374 3 2 7 1 3809 3815 3816 3810
13375 3 2 7 1 453 454 3805 3799
13376 3 2 7 1 3799 3805 3806 3800
13377 3 2 7 1 3800 3806 3807 3801
13378 3 2 7 1 3801 3807 3808 3802
13379 3 2 7 1 3802 3808 3809 3803
13380 3 2 7 1 3803 3809 3810 3804
13381 3 2 7 1 452 453 3799 3793
13382 3 2 7 1 3793 3799 3800 3794
13383 3 2 7 1 3794 3800 3801 3795
13384 3 2 7 1 3795 3801 3802 3796
13385 3 2 7 1 3796 3802 3803 3797
13386 3 2 7 1 3797 3803 3804 3798
13387 3 2 7 1 451 452 3793 3787
13388 3 2 7 1 3787 3793 3794 3788
13389 3 2 7 1 3788 3794 3795 3789
13390 3 2 7 1 3789 3795 3796 3790
13391 3 2 7 1 3790 3796 3797 3791
13392 3 2 7 1 3791 3797 3798 3792
13393 3 2 7 1 450 451 3787 3781
13394 3 2 7 1 3781 3787 3788 3782
13395 3 2 7 1 3782 3788 3789 3783
13396 3 2 7 1 3783 3789 3790 3784
13397 3 2 7 1 3784 3790 3791 3785
13398 3 2 7 1 3785 3791 3792 3786
13399 3 2 7 1 449 450 3781 3775
13400 3 2 7 1 3775 3781 3782 3776
13401 3 2 7 1 3776 3782 3783 3777
13402 3 2 7 1 3777 3783 3784 3778
13403 3 2 7 1 3778 3784 3785 3779
13404 3 2 7 1 3779 3785 3786 3780
13405 3 2 7 1 448 449 3775 3769
13406 3 2 7 1 3769 3775 3776 3770
13407 3 2 7 1 3770 3776 3777 3771
13408 3 2 7 1 3771 3777 3778 3772
13409 3 2 7 1 3772 3778 3779 3773
13410 3 2 7 1 3773 3779 3780 3774
13411 3 2 7 1 447 448 3769 3763
13412 3 2 7 1 3763 3769 3770 3764
13413 3 2 7 1 3764 3770 3771 3765
13414 3 2 7 1 3765 3771 3772 3766
13415 3 2 7 1 3766 3772 3773 3767
13416 3 2 7 1 3767 3773 3774 3768
13417 3 2 7 1 446 447 3763 3757
13418 3 2 7 1 3757 3763 3764 3758
13419 3 2 7 1 3758 3764 3765 3759
13420 3 2 7 1 3759 3765 3766 3760
13421 3 2 7 1 3760 3766 3767 3761
13422 3 2 7 1 3761 3767 3768 3762
13423 3 2 7 1 445 446 3757 3751
13424 3 2 7 1 3751 3757 3758 3752
13425 3 2 7 1 3752 3758 3759 3753
13426 3 2 7 1 3753 3759 3760 3754
13427 3 2 7 1 3754 3760 3761 3755
13428 3 2 7 1 3755 3761 3762 3756
13429 3 2 7 1 444 445 3751 3745
13430 3 2 7 1 3745 3751 3752 3746
13431 3 2 7 1 3746 3752 3753 3747
13432 3 2 7 1 3747 3753 3754 3748
13433 3 2 7 1 3748 3754 3755 3749
13434 3 2 7 1 3749 3755 3756 3750
13435 3 2 7 1 443 444 3745 3739
13436 3 2 7 1 3739 3745 3746 3740
13437 3 2 7 1 3740 3746 3747 3741
13438 3 2 7 1 3741 3747 3748 3742
13439 3 2 7 1 3742 3748 3749 3743
13440 3 2 7 1 3743 3749 3750 3744
13441 3 2 7 1 442 443 3739 3733
13442 3 2 7 1 3733 3739 3740 3734
13443 3 2 7 1 3734 3740 3741 3735
13444 3 2 7 1 3735 3741 3742 3736
13445 3 2 7 1 3736 3742 3743 3737
13446 3 2 7 1 3737 3743 3744 3738
13447 3 2 7 1 441 442 3733 3727
13448 3 2 7 1 3727 3733 3734 3728
13449 3 2 7 1 3728 3734 3735 3729
13450 3 2 7 1 3729 3735 3736 3730
13451 3 2 7 1 3730 3736 3737 3731
13452 3 2 7 1 3731 3737 3738 3732
13453 3 2 7 1 440 441 3727 3721
13454 3 2 7 1 3721 3727 3728 3722
13455 3 2 7 1 3722 3728 3729 3723
13456 3 2 7 1 3723 3729 3730 3724
13457 3 2 7 1 3724 3730 3731 3725
13458 3 2 7 1 3725 3731 3732 3726
13459 3 2 7 1 439 440 3721 3715
13460 3 2 7 1 3715 3721 3722 3716
13461 3 2 7 1 3716 3722 3723 3717
13462 3 2 7 1 3717 3723 3724 3718
13463 3 2 7 1 3718 3724 3725 3719
13464 3 2 7 1 3719 3725 3726 3720
13465 3 2 7 1 438 439 3715 3709
13466 3 2 7 1 3709 3715 3716 3710
13467 3 2 7 1 3710 3716 3717 3711
13468 3 2 7 1 3711 3717 3718 3712
13469 3 2 7 1 3712 3718 3719 3713
13470 3 2 7 1 3713 3719 3720 3714
13471 3 2 7 1 437 438 3709 3703
13472 3 2 7 1 3703 3709 3710 3704
13473 3 2 7 1 3704 3710 3711 3705
13474 3 2 7 1 3705 3711 3712 3706
13475 3 2 7 1 3706 3712 3713 3707
13476 3 2 7 1 3707 3713 3714 3708
13477 3 2 7 1 436 437 3703 3697
13478 3 2 7 1 3697 3703 3704 3698
13479 3 2 7 1 3698 3704 3705 3699
13480 3 2 7 1 3699 3705 3706 3700
13481 3 2 7 1 3700 3706 3707 3701
13482 3 2 7 1 3701 3707 3708 3702
13483 3 2 7 1 435 436 3697 3691
13484 3 2 7 1 3691 3697 3698 3692
13485 3 2 7 1 3692 3698 3699 3693
13486 3 2 7 1 3693 3699 3700 3694
13487 3 2 7 1 3694 3700 3701 3695
13488 3 2 7 1 3695 3701 3702 3696
13489 3 2 7 1 434 435 3691 3685
13490 3 2 7 1 3685 3691 3692 3686
13491 3 2 7 1 3686 3692 3693 3687
13492 3 2 7 1 3687 3693 3694 3688
13493 3 2 7 1 3688 3694 3695 3689
13494 3 2 7 1 3689 3695 3696 3690
13495 3 2 7 1 433 434 3685 3679
13496 3 2 7 1 3679 3685 3686 3680
13497 3 2 7 1 3680 3686 3687 3681
13498 3 2 7 1 3681 3687 3688 3682
13499 3 2 7 1 3682 3688 3689 3683
13500 3 2 7 1 3683 3689 3690 3684
13501 3 2 7 1 432 433 3679 3673
13502 3 2 7 1 3673 3679 3680 3674
13503 3 2 7 1 3674 3680 3681 3675
13504 3 2 7 1 3675 3681 3682 3676
13505 3 2 7 1 3676 3682 3683 3677
13506 3 2 7 1 3677 3683 3684 3678
13507 3 2 7 1 431 432 3673 3667
13508 3 2 7 1 3667 3673 3674 3668
13509 3 2 7 1 3668 3674 3675 3669
13510 3 2 7 1 3669 3675 3676 3670
13511 3 2 7 1 3670 3676 3677 3671
13512 3 2 7 1 3671 3677 3678 3672
13513 3 2 7 1 430 431 3667 3661
13514 3 2 7 1 3661 3667 3668 3662
13515 3 2 7 1 3662 3668 3669 3663
13516 3 2 7 1 3663 3669 3670 3664
13517 3 2 7 1 3664 3670 3671 3665
13518 3 2 7 1 3665 3671 3672 3666
13519 3 2 7 1 429 430 3661 3655
13520 3 2 7 1 3655 3661 3662 3656
13521 3 2 7 1 3656 3662 3663 3657
13522 3 2 7 1 3657 3663 3664 3658
13523 3 2 7 1 3658 3664 3665 3659
13524 3 2 7 1 3659 3665 3666 3660
13525 3 2 7 1 428 429 3655 3649
13526 3 2 7 1 3649 3655 3656 3650
13527 3 2 7 1 3650 3656 3657 3651
13528 3 2 7 1 3651 3657 3658 3652
13529 3 2 7 1 3652 3658 3659 3653
13530 3 2 7 1 3653 3659 3660 3654
13531 3 2 7 1 427 428 3649 3643
13532 3 2 7 1 3643 3649 3650 3644
13533 3 2 7 1 3644 3650 3651 3645
13534 3 2 7 1 3645 3651 3652 3646
13535 3 2 7 1 3646 3652 3653 3647
13536 3 2 7 1 3647 3653 3654 3648
13537 3 2 7 1 426 427 3643 3637
13538 3 2 7 1 3637 3643 3644 3638
13539 3 2 7 1 3638 3644 3645 3639
13540 3 2 7 1 3639 3645 3646 3640
13541 3 2 7 1 3640 3646 3647 3641
13542 3 2 7 1 3641 3647 3648 3642
13543 3 2 7 1 425 426 3637 3631
13544 3 2 7 1 3631 3637 3638 3632
13545 3 2 7 1 3632 3638 3639 3633
13546 3 2 7 1 3633 3639 3640 3634
13547 3 2 7 1 3634 3640 3641 3635
13548 3 2 7 1 3635 3641 3642 3636
13549 3 2 7 1 424 425 3631 3625
13550 3 2 7 1 3625 3631 3632 3626
13551 3 2 7 1 3626 3632 3633 3627
13552 3 2 7 1 3627 3633 3634 3628
13553 3 2 7 1 3628 3634 3635 3629
13554 3 2 7 1 3629 3635 3636 3630
13555 3 2 7 1 423 424 3625 3619
13556 3 2 7 1 3619 3625 3626 3620
13557 3 2 7 1 3620 3626 3627 3621
13558 3 2 7 1 3621 3627 3628 3622
13559 3 2 7 1 3622 3628 3629 3623
13560 3 2 7 1 3623 3629 3630 3624
13561 3 2 7 1 422 423 3619 3613
13562 3 2 7 1 3613 3619 3620 3614
13563 3 2 7 1 3614 3620 3621 3615
13564 3 2 7 1 3615 3621 3622 3616
13565 3 2 7 1 3616 3622 3623 3617
13566 3 2 7 1 3617 3623 3624 3618
13567 3 2 7 1 421 422 3613 3607
13568 3 2 7 1 3607 3613 3614 3608
13569 3 2 7 1 3608 3614 3615 3609
13570 3 2 7 1 3609 3615 3616 3610
13571 3 2 7 1 3610 3616 3617 3611
13572 3 2 7 1 3611 3617 3618 3612
$EndElements
