x,y,u,v,w,p,fluid
0.20833333333333334,0.1875,0.9996992827904463,0.00027064548942652683,0.0,0.4688800698244657,1
0.625,0.1875,0.9995378611831309,-0.00012536604100254404,0.0,0.5189996047500816,1
1.0416666666666667,0.1875,0.9997936582261704,-0.0001048512943379069,0.0,0.5459032059693091,1
1.4583333333333335,0.1875,0.99994696806662,-3.312756158046289e-05,0.0,0.5533899003883437,1
1.875,0.1875,0.9999890732200118,-4.76707524333579e-06,0.0,0.5547418615326363,1
2.291666666666667,0.1875,0.9999890934911813,4.7488344827100945e-06,0.0,0.5552110303863677,1
2.7083333333333335,0.1875,0.9999739217584103,8.905729563949316e-06,0.0,0.5565596130024291,1
3.125,0.1875,0.9999523154725404,1.0539931378600602e-05,0.0,0.5595574039846546,1
3.541666666666667,0.1875,0.9999562707027416,-1.4099638523660109e-05,0.0,0.5645070342456953,1
3.9583333333333335,0.1875,0.9999160237753817,5.0321871889462194e-05,0.0,0.5668456201943707,1
4.375,0.1875,1.0011221922673779,-0.0011358735193624475,0.0,0.5785030716820796,1
4.791666666666667,0.1875,1.0019007227337853,0.0004351960940590467,0.0,0.37981357563140455,1
5.208333333333334,0.1875,1.0020321072647331,-0.0005534421755966347,0.0,0.26171594938455767,1
5.625,0.1875,1.0018039747590404,0.0007587614295266427,0.0,0.04112903150921413,1
6.041666666666667,0.1875,1.0004941142411412,0.00042011303177216146,0.0,-0.03894651045551368,1
6.458333333333334,0.1875,0.9999143520614792,0.00010167292493470025,0.0,-0.041223342014340476,1
6.875,0.1875,0.9998037976011123,-2.173911372517663e-06,0.0,-0.024671854035378138,1
7.291666666666667,0.1875,0.9998303636567778,-2.1735541149785838e-05,0.0,-0.008522942199728739,1
7.708333333333334,0.1875,0.9998767881256698,-2.004648304543364e-05,0.0,0.0036008698349988474,1
8.125,0.1875,0.9999159001533147,-1.5154341915715004e-05,0.0,0.012012370188644702,1
8.541666666666668,0.1875,0.9999449431147258,-1.0984318434497265e-05,0.0,0.01761751094921276,1
8.958333333333334,0.1875,0.9999659861109662,-7.954370820507884e-06,0.0,0.021188517734342483,1
9.375,0.1875,0.9999812782303752,-5.808531639240087e-06,0.0,0.02328649245485777,1
9.791666666666668,0.1875,0.9999924728790626,-4.266646695104561e-06,0.0,0.024308812671800857,1
10.208333333333334,0.1875,1.0000006916274884,-3.13022332821831e-06,0.0,0.02454101261108816,1
10.625,0.1875,1.0000066941967596,-2.2720862074469372e-06,0.0,0.024193541423742252,1
11.041666666666668,0.1875,1.0000110099786697,-1.6121175890969179e-06,0.0,0.02342531315116601,1
11.458333333333334,0.1875,1.0000140221420977,-1.0988289226966186e-06,0.0,0.022358544978813726,1
11.875,0.1875,1.000016018519203,-6.979094849393695e-07,0.0,0.021088289468222495,1
12.291666666666668,0.1875,1.00001722221211,-3.854161082326318e-07,0.0,0.019688791778277044,1
12.708333333333334,0.1875,1.00001781035867,-1.439179109474347e-07,0.0,0.01821792078321845,1
13.125,0.1875,1.000017926032437,3.981032241957437e-08,0.0,0.0167203986665663,1
13.541666666666668,0.1875,1.0000176861104209,1.7611969763265789e-07,0.0,0.015230248710349037,1
13.958333333333334,0.1875,1.0000171866946916,2.7335135887395054e-07,0.0,0.01377271359644067,1
14.375,0.1875,1.00001650704725,3.383283897598184e-07,0.0,0.01236579959509247,1
14.791666666666668,0.1875,1.0000157125699385,3.767001878242292e-07,0.0,0.011021539054778354,1
15.208333333333334,0.1875,1.0000148571196954,3.9319897183454056e-07,0.0,0.009747037938684774,1
15.625,0.1875,1.0000139849209924,3.917768460071323e-07,0.0,0.008545352438861039,1
16.041666666666668,0.1875,1.0000131321303514,3.7573548995722256e-07,0.0,0.0074162177732906105,1
16.458333333333336,0.1875,1.0000123281197721,3.4787216366978497e-07,0.0,0.006356664046963226,1
16.875,0.1875,1.000011596415356,3.106629328161544e-07,0.0,0.005361531144613555,1
17.291666666666668,0.1875,1.000010954695514,2.6688454245074687e-07,0.0,0.004423928154311056,1
17.708333333333336,0.1875,1.0000104120466151,2.214967624967893e-07,0.0,0.0035357485589397625,1
18.125,0.1875,1.0000099560326683,1.8891572142233038e-07,0.0,0.0026885870517657246,1
18.541666666666668,0.1875,1.0000095105047446,2.120585991053238e-07,0.0,0.0018764097808901855,1
18.958333333333336,0.1875,1.0000086698660162,5.445146682050174e-07,0.0,0.0011035029276787614,1
19.375,0.1875,1.0000069327172625,1.0189177995395238e-06,0.0,0.0004314321115016751,1
19.791666666666668,0.1875,1.0000022768929726,3.171324820313336e-06,0.0,-5.194994940399268e-05,1
0.20833333333333334,0.5625,1.0002094183305736,0.00035281448295715594,0.0,0.42828324641048665,1
0.625,0.5625,1.0020028253938311,-0.0016763219402270043,0.0,0.4753529770002423,1
1.0416666666666667,0.5625,1.0055580639557204,-0.0019838274376878465,0.0,0.4876216981896448,1
1.4583333333333335,0.5625,1.0096031641959469,-0.001932720493723832,0.0,0.4862210298226644,1
1.875,0.5625,1.013840072891322,-0.0019562866080541494,0.0,0.4824502370952368,1
2.291666666666667,0.5625,1.0182878952810375,-0.0020467900248325064,0.0,0.47813199527775596,1
2.7083333333333335,0.5625,1.023024203174875,-0.002188577950331198,0.0,0.4735936283199444,1
3.125,0.5625,1.0281507454667311,-0.002386418786345346,0.0,0.4690101007935305,1
3.541666666666667,0.5625,1.0338143774790796,-0.0027179694343551293,0.0,0.4653421823800639,1
3.9583333333333335,0.5625,1.0400286772108498,-0.0028024558598980743,0.0,0.45506541647535753,1
4.375,0.5625,1.04814685782214,-0.006675009987459828,0.0,0.5002495696738961,1
4.791666666666667,0.5625,1.0540551556522453,-4.381290883627404e-05,0.0,0.31150582874255084,1
5.208333333333334,0.5625,1.055887882701363,-0.0018421335999671525,0.0,0.27605619050332475,1
5.625,0.5625,1.0536007943610737,0.004311151610296375,0.0,0.0874849654077892,1
6.041666666666667,0.5625,1.0469645001329295,0.004019262117387272,0.0,0.047890240347122526,1
6.458333333333334,0.5625,1.0404270329497902,0.0029080302604711787,0.0,0.052052760536808615,1
6.875,0.5625,1.03493825558347,0.002230867394438267,0.0,0.05896062758088269,1
7.291666666666667,0.5625,1.0303746992628897,0.0018285143929015974,0.0,0.06306983927745265,1
7.708333333333334,0.5625,1.0265237902949398,0.0015537396308757862,0.0,0.06471280503136383,1
8.125,0.5625,1.0232247934377146,0.0013449558887329034,0.0,0.06460835575767687,1
8.541666666666668,0.5625,1.0203653331508034,0.0011762810489805012,0.0,0.06328899628993347,1
8.958333333333334,0.5625,1.0178662249337016,0.001035038967084559,0.0,0.06112163590063128,1
9.375,0.5625,1.0156699969127796,0.0009140404490060405,0.0,0.058364859173204525,1
9.791666666666668,0.5625,1.0137333725901962,0.0008087710884790242,0.0,0.055208409666944944,1
10.208333333333334,0.5625,1.0120225241728018,0.0007161987507707231,0.0,0.0517966688174442,1
10.625,0.5625,1.010510092144509,0.0006341854540616071,0.0,0.04824225038602412,1
11.041666666666668,0.5625,1.0091732960019053,0.0005611626621969595,0.0,0.04463406585802311,1
11.458333333333334,0.5625,1.007992715124939,0.0004959382332866074,0.0,0.041042377777729726,1
11.875,0.5625,1.0069514849175967,0.00043757547430801945,0.0,0.03752221444676027,1
12.291666666666668,0.5625,1.006034754844899,0.0003853149407135473,0.0,0.034115856405923344,1
12.708333333333334,0.5625,1.0052293151008853,0.0003385221631637467,0.0,0.030854780198453193,1
13.125,0.5625,1.0045233341080189,0.0002966525111160594,0.0,0.027761257433021616,1
13.541666666666668,0.5625,1.0039061699972116,0.00025922704289368947,0.0,0.024849719246777698,1
13.958333333333334,0.5625,1.003368231987269,0.00022581610162588245,0.0,0.02212794538671072,1
14.375,0.5625,1.0029008757170867,0.00019602789291078162,0.0,0.019598117456260524,1
14.791666666666668,0.5625,1.0024963217382807,0.00016950073502190334,0.0,0.017257747318498464,1
15.208333333333334,0.5625,1.0021475897781897,0.00014589782225935558,0.0,0.015100495974503593,1
15.625,0.5625,1.0018484439114972,0.00012490340453110967,0.0,0.0131168905314284,1
16.041666666666668,0.5625,1.0015933454190007,0.00010622025553061366,0.0,0.011294941590382943,1
16.458333333333336,0.5625,1.001377411239687,8.9567716990784e-05,0.0,0.009620665562113334,1
16.875,0.5625,1.0011963768521817,7.468030094737226e-05,0.0,0.00807852017036783,1
17.291666666666668,0.5625,1.0010465629882734,6.130726678349566e-05,0.0,0.0066517536458742844,1
17.708333333333336,0.5625,1.0009248464689213,4.921435954187056e-05,0.0,0.005322697632748791,1
18.125,0.5625,1.000828636467149,3.819547045257727e-05,0.0,0.0040730133264025754,1
18.541666666666668,0.5625,1.0007558689783214,2.809722122913773e-05,0.0,0.0028843534047087375,1
18.958333333333336,0.5625,1.0007049410664002,1.9251050997196645e-05,0.0,0.0017350711179445072,1
19.375,0.5625,1.0006758828254647,1.0028236805939008e-05,0.0,0.0006515484764808568,1
19.791666666666668,0.5625,1.0006603108109324,1.2367068453818142e-05,0.0,-0.00015469463754088286,1
0.20833333333333334,0.9375,1.0000714420860297,0.00010004011194002441,0.0,0.4159578973808923,1
0.625,0.9375,1.0017599451614263,-0.004557266689610379,0.0,0.47597432880816437,1
1.0416666666666667,0.9375,1.0053774882391957,-0.005558386165839282,0.0,0.48813119430076213,1
1.4583333333333335,0.9375,1.0094805055479998,-0.005691467565294553,0.0,0.4866453666434579,1
1.875,0.9375,1.013777148131545,-0.005877735691429151,0.0,0.48286820223433874,1
2.291666666666667,0.9375,1.0182911812717363,-0.006191010919428569,0.0,0.4785578708433576,1
2.7083333333333335,0.9375,1.0231039249826865,-0.006638503496793732,0.0,0.474040428422852,1
3.125,0.9375,1.0283214457204863,-0.00724614995991195,0.0,0.46950673166433654,1
3.541666666666667,0.9375,1.0340948208468452,-0.008151544679624256,0.0,0.4659349588003932,1
3.9583333333333335,0.9375,1.0404425769866885,-0.008674730897177166,0.0,0.45591589075260935,1
4.375,0.9375,1.0487307469649378,-0.015568450482832556,0.0,0.502079762922047,1
4.791666666666667,0.9375,1.054705258387671,-0.001844900739884835,0.0,0.30871075326162,1
5.208333333333334,0.9375,1.056520973477289,-0.0033246436979884548,0.0,0.27619694579192267,1
5.625,0.9375,1.054171634989048,0.00996644584520867,0.0,0.08515036023227725,1
6.041666666666667,0.9375,1.0473939054275436,0.010436589291920489,0.0,0.04687561728292983,1
6.458333333333334,0.9375,1.040734953136075,0.008367480612806288,0.0,0.05175158159098751,1
6.875,0.9375,1.0351449344137424,0.006742333520720545,0.0,0.05896893962133044,1
7.291666666666667,0.9375,1.0305001211089309,0.005604580932345097,0.0,0.06321550609271193,1
7.708333333333334,0.9375,1.0265865201434083,0.004765732032166252,0.0,0.06489809756320813,1
8.125,0.9375,1.0232403649374224,0.0041136003438060195,0.0,0.06477266767610178,1
8.541666666666668,0.9375,1.0203459588826969,0.0035861163022738447,0.0,0.06339740495923626,1
8.958333333333334,0.9375,1.0178212637284272,0.003146626751466804,0.0,0.061157150381346614,1
9.375,0.9375,1.0156066075033598,0.0027722484942562155,0.0,0.058322297078401024,1
9.791666666666668,0.9375,1.0136570906491928,0.002448090113692996,0.0,0.0550899531349786,1
10.208333333333334,0.9375,1.0119376928807249,0.0021641013030068695,0.0,0.05160886954529425,1
10.625,0.9375,1.010420159204795,0.001913252035357654,0.0,0.047994089448174626,1
11.041666666666668,0.9375,1.009081012801209,0.001690444367570089,0.0,0.04433570406055502,1
11.458333333333334,0.9375,1.0079002716830932,0.0014918463208531238,0.0,0.04070434367015243,1
11.875,0.9375,1.0068606052775717,0.0013144743324666397,0.0,0.03715486529545872,1
12.291666666666668,0.9375,1.0059467688041615,0.001155925968944154,0.0,0.033729018206313806,1
12.708333333333334,0.9375,1.0051452158235952,0.0010142045869279308,0.0,0.0304575110641059,1
13.125,0.9375,1.004443826975411,0.0008876029417741744,0.0,0.02736169927558572,1
13.541666666666668,0.9375,1.0038317155910814,0.0007746245511390814,0.0,0.02445501898490611,1
13.958333333333334,0.9375,1.0032990847230434,0.0006739305750458733,0.0,0.021744229539797936,1
14.375,0.9375,1.0028371188329421,0.0005843033560233254,0.0,0.01923050796657976,1
14.791666666666668,0.9375,1.002437898975241,0.0005046217158188808,0.0,0.016910410356858127,1
15.208333333333334,0.9375,1.0020943339231176,0.00043384414879925586,0.0,0.014776714421806428,1
15.625,0.9375,1.0018001023220366,0.0003709967964909732,0.0,0.01281915371637306,1
16.041666666666668,0.9375,1.0015496026273754,0.0003151652222930164,0.0,0.011025043379423944,1
16.458333333333336,0.9375,1.0013379088104617,0.00026548794333410084,0.0,0.009379808868491515,1
16.875,0.9375,1.0011607306893637,0.00022115133262461906,0.0,0.007867417760849616,1
17.291666666666668,0.9375,1.0010143783285212,0.0001813858329633747,0.0,0.006470725992565455,1
17.708333333333336,0.9375,1.0008957307164552,0.00014546350737964353,0.0,0.005171754815320712,1
18.125,0.9375,1.0008022097211948,0.00011270421694634103,0.0,0.003951915477652476,1
18.541666666666668,0.9375,1.0007317703233891,8.247466919772769e-05,0.0,0.0027925813668511087,1
18.958333333333336,0.9375,1.000682828114671,5.4756710715075044e-05,0.0,0.0016717514342098464,1
19.375,0.9375,1.0006554218215444,2.534066274077487e-05,0.0,0.0006156196566106802,1
19.791666666666668,0.9375,1.0006396579531647,2.525694606466029e-05,0.0,-0.0002185871514768575,1
0.20833333333333334,1.3125,1.0000270535857523,1.1394009700158582e-05,0.0,0.413277229619483,1
0.625,1.3125,1.0017059457897737,-0.007499276337841872,0.0,0.47841773613881894,1
1.0416666666666667,1.3125,1.0053864335144405,-0.009184604243118327,0.0,0.49015967598011007,1
1.4583333333333335,1.3125,1.0095479890000045,-0.009503365009486332,0.0,0.48847515826564225,1
1.875,1.3125,1.0139131255763978,-0.009861439499951816,0.0,0.48460352605618734,1
2.291666666666667,1.3125,1.0185148753648015,-0.010411511753835756,0.0,0.48021400675551773,1
2.7083333333333335,1.3125,1.0234421556220803,-0.011184024238018597,0.0,0.47564008861792356,1
3.125,1.3125,1.0288087705502151,-0.012226351315379438,0.0,0.4711063783297995,1
3.541666666666667,1.3125,1.034771644478786,-0.013733967469412432,0.0,0.4676149659791149,1
3.9583333333333335,1.3125,1.041354513638903,-0.014729870873386095,0.0,0.45798278303114925,1
4.375,1.3125,1.0499198464117303,-0.024681462979237703,0.0,0.5049988070706497,1
4.791666666666667,1.3125,1.055989167972067,-0.003571337928894159,0.0,0.304553565986009,1
5.208333333333334,1.3125,1.0577505265353833,-0.004817572792525857,0.0,0.2761593862954677,1
5.625,1.3125,1.0552605480757147,0.01581476019346579,0.0,0.08152764371638105,1
6.041666666666667,1.3125,1.0482181868162923,0.0170263566817282,0.0,0.04526058242260234,1
6.458333333333334,1.3125,1.0413234938961995,0.013975993919446324,0.0,0.05122338212052679,1
6.875,1.3125,1.0355320007286783,0.011377180920422924,0.0,0.05894986500252602,1
7.291666666666667,1.3125,1.0307237064125354,0.009477530393403492,0.0,0.06343467903483252,1
7.708333333333334,1.3125,1.026683641760311,0.008051081626778759,0.0,0.06518411513155356,1
8.125,1.3125,1.023242809280541,0.00693653966756764,0.0,0.0650135387580816,1
8.541666666666668,1.3125,1.0202790978065905,0.006035482755194663,0.0,0.06352714122299086,1
8.958333333333334,1.3125,1.0177046501509261,0.005286488833216332,0.0,0.06114354120880172,1
9.375,1.3125,1.0154551483401566,0.004650128658301813,0.0,0.05815597120016431,1
9.791666666666668,1.3125,1.013482191596509,0.0041004362004020845,0.0,0.05477597303191952,1
10.208333333333334,1.3125,1.0117481664999644,0.0036198358042811513,0.0,0.05116088375917948,1
10.625,1.3125,1.0102228791397079,0.003196056469134038,0.0,0.04743047119799149,1
11.041666666666668,1.3125,1.008881365307166,0.0028202341456728284,0.0,0.043677053621803845,1
11.458333333333334,1.3125,1.0077024656273164,0.002485733261086151,0.0,0.03997186609083924,1
11.875,1.3125,1.0066678904254323,0.0021874048335994985,0.0,0.036369305814964996,1
12.291666666666668,1.3125,1.0057615970405012,0.0019211123340639991,0.0,0.0329099593517812,1
12.708333333333334,1.3125,1.0049693672221889,0.0016834227390342895,0.0,0.029622916459253933,1
13.125,1.3125,1.0042785137597139,0.0014714028697163308,0.0,0.026527637819985066,1
13.541666666666668,1.3125,1.0036776713471172,0.0012824830360079363,0.0,0.02363552438270424,1
13.958333333333334,1.3125,1.003156642823925,0.0011143655336727741,0.0,0.020951267446407892,1
14.375,1.3125,1.0027062821321768,0.0009649623165133268,0.0,0.01847402739733806,1
14.791666666666668,1.3125,1.0023184017605549,0.0008323529629847106,0.0,0.016198460123966456,1
15.208333333333334,1.3125,1.0019856966172138,0.0007147560794824035,0.0,0.014115608822319464,1
15.625,1.3125,1.0017016792151767,0.0006105089754355365,0.0,0.012213672386518727,1
16.041666666666668,1.3125,1.0014606228565728,0.0005180534989148105,0.0,0.01047865136277375,1
16.458333333333336,1.3125,1.0012575108486201,0.00043592491549136454,0.0,0.00889488617691977,1
16.875,1.3125,1.0010879907258958,0.0003627427869146749,0.0,0.007445488827596755,1
17.291666666666668,1.3125,1.0009483329428872,0.00029720351423308776,0.0,0.006112676937128023,1
17.708333333333336,1.3125,1.0008353943010038,0.00023807345835059708,0.0,0.004878033758461841,1
18.125,1.3125,1.0007465869220886,0.00018418980078797924,0.0,0.0037226978628588326,1
18.541666666666668,1.3125,1.000679862115767,0.00013443686868973008,0.0,0.0026278408231610734,1
18.958333333333336,1.3125,1.0006336340548883,8.844775221381689e-05,0.0,0.00157145667646784,1
19.375,1.3125,1.0006078785628594,3.949522366105099e-05,0.0,0.0005774296189478577,1
19.791666666666668,1.3125,1.0005929296671723,3.8743869732815794e-05,0.0,-0.00021625599365669484,1
0.20833333333333334,1.6875,1.0000128992835968,-2.4563571366747286e-05,0.0,0.4142487959258685,1
0.625,1.6875,1.0017247981394954,-0.010515030708693605,0.0,0.48245801073838557,1
1.0416666666666667,1.6875,1.00548896516732,-0.01286903915264794,0.0,0.49347996587376763,1
1.4583333333333335,1.6875,1.009728472244642,-0.0133798864153876,0.0,0.49149593763471766,1
1.875,1.6875,1.0141896283217806,-0.013928581495695784,0.0,0.48745455021215545,1
2.291666666666667,1.6875,1.0189192450529059,-0.014742599640171616,0.0,0.48290454623759665,1
2.7083333333333335,1.6875,1.0240171289138467,-0.015875584065550157,0.0,0.478190428642331,1
3.125,1.6875,1.0296069821665874,-0.01739561284875935,0.0,0.47357992448156133,1
3.541666666666667,1.6875,1.0358507661586056,-0.019550698056590106,0.0,0.47008476422403045,1
3.9583333333333335,1.6875,1.0427757706162053,-0.021070226535049176,0.0,0.46091901091050114,1
4.375,1.6875,1.0517092349614146,-0.03409002471739519,0.0,0.5079359480166967,1
4.791666666666667,1.6875,1.0578878585847264,-0.005185926848795851,0.0,0.29883889200726405,1
5.208333333333334,1.6875,1.0595562442090871,-0.0062897536343617996,0.0,0.27547493352562813,1
5.625,1.6875,1.0568571231215707,0.02195713063353421,0.0,0.0770052908330793,1
6.041666666666667,1.6875,1.0494543833771797,0.023884577149021216,0.0,0.04355310595049919,1
6.458333333333334,1.6875,1.0422285291587534,0.01982626588164814,0.0,0.05081140181946772,1
6.875,1.6875,1.0361413048075194,0.01621775473121662,0.0,0.05911996553406635,1
7.291666666666667,1.6875,1.0310850730148626,0.013515030085485893,0.0,0.06386801541202597,1
7.708333333333334,1.6875,1.0268486184373282,0.011462449240824145,0.0,0.06566556536342413,1
8.125,1.6875,1.0232583077871682,0.009853200868867734,0.0,0.06539552875895513,1
8.541666666666668,1.6875,1.0201840494569372,0.008552994377189607,0.0,0.06372084102393585,1
8.958333333333334,1.6875,1.0175298640934833,0.0074747469323390835,0.0,0.06110616736728329,1
9.375,1.6875,1.0152245002404723,0.0065612496663218015,0.0,0.05787713121034048,1
9.791666666666668,1.6875,1.0132140908452723,0.005774344726426407,0.0,0.05426623679815835,1
10.208333333333334,1.6875,1.0114568509327533,0.00508806579085704,0.0,0.05044340500974991,1
10.625,1.6875,1.009919413816864,0.004484278512041442,0.0,0.046535269883477025,1
11.041666666666668,1.6875,1.0085743659175903,0.00394991766430273,0.0,0.042637234550960995,1
11.458333333333334,1.6875,1.0073986116981761,0.0034752382480709443,0.0,0.03882114600660837,1
11.875,1.6875,1.006372293618282,0.003052703791065941,0.0,0.03514038952798559,1
12.291666666666668,1.6875,1.0054780749355607,0.0026762742331624947,0.0,0.03163347868627162,1
12.708333333333334,1.6875,1.004700656902353,0.0023409439099323828,0.0,0.02832675675325024,1
13.125,1.6875,1.0040264466059488,0.002042439086649409,0.0,0.02523654350213032,1
13.541666666666668,1.6875,1.0034433216361722,0.0017770174640301074,0.0,0.02237091946749183,1
13.958333333333334,1.6875,1.0029404571433518,0.0015413348185990923,0.0,0.01973124057328165,1
14.375,1.6875,1.002508193320594,0.0013323550927399608,0.0,0.017313447625568038,1
14.791666666666668,1.6875,1.0021379292989394,0.001147290142550681,0.0,0.01510919189234777,1
15.208333333333334,1.6875,1.0018220344699147,0.000983558878177478,0.0,0.013106800246274914,1
15.625,1.6875,1.0015537717108316,0.0008387583256850128,0.0,0.011292091789126683,1
16.041666666666668,1.6875,1.0013272291354802,0.0007106431971225138,0.0,0.009649054041067232,1
16.458333333333336,1.6875,1.0011372584310605,0.0005971096701763707,0.0,0.008160389306147242,1
16.875,1.6875,1.000979418847125,0.0004961817810938333,0.0,0.006807941746867347,1
17.291666666666668,1.6875,1.0008499265034372,0.0004059996415232452,0.0,0.005573013924248701,1
17.708333333333336,1.6875,1.0007456092932698,0.0003248076005607875,0.0,0.00443659427313313,1
18.125,1.6875,1.0006638681238986,0.00025094935467865026,0.0,0.003379504101914769,1
18.541666666666668,1.6875,1.0006026522870255,0.0001828239003943688,0.0,0.0023827629364658012,1
18.958333333333336,1.6875,1.000560382292972,0.00011970897531011357,0.0,0.0014246839429744372,1
19.375,1.6875,1.0005369309509002,5.252014812442675e-05,0.0,0.0005249013746979556,1
19.791666666666668,1.6875,1.0005233622692256,5.138476005493333e-05,0.0,-0.00019660234415430205,1
0.20833333333333334,2.0625,1.0000084779189407,-4.380305097883971e-05,0.0,0.4169617653244951,1
0.625,2.0625,1.0017810868867132,-0.013631848267859327,0.0,0.4881324701290357,1
1.0416666666666667,2.0625,1.0056600838337992,-0.016631069172407212,0.0,0.4980915077428125,1
1.4583333333333335,2.0625,1.0100072208261466,-0.01734583606527698,0.0,0.4956991196808916,1
1.875,2.0625,1.0146035076607163,-0.018114330479846084,0.0,0.4913980183974086,1
2.291666666666667,2.0625,1.01951387419424,-0.019232835605571125,0.0,0.4865779187533368,1
2.7083333333333335,2.0625,1.0248512513885717,-0.02077708304982164,0.0,0.4815930036213229,1
3.125,2.0625,1.0307491353091396,-0.0228330773151326,0.0,0.47675473344744335,1
3.541666666666667,2.0625,1.0373697758902187,-0.025691215697152676,0.0,0.4730488967658163,1
3.9583333333333335,2.0625,1.044738972071459,-0.027794489459150844,0.0,0.4643294136207252,1
4.375,2.0625,1.054097313024085,-0.04382838655331041,0.0,0.5096213449228949,1
4.791666666666667,2.0625,1.060367607601186,-0.006651591384668443,0.0,0.29145382747024845,1
5.208333333333334,2.0625,1.061890538193441,-0.007696273690222157,0.0,0.2737140182400365,1
5.625,2.0625,1.058918033014142,0.028468114332372924,0.0,0.07223199559895813,1
6.041666666666667,2.0625,1.0510913484220215,0.031080075357190082,0.0,0.04251633509615918,1
6.458333333333334,2.0625,1.0434648686841959,0.025997868235674498,0.0,0.05102376077636013,1
6.875,2.0625,1.0369987502937357,0.021344160845921042,0.0,0.05978594578450266,1
7.291666666666667,2.0625,1.031610511550343,0.01778864745742624,0.0,0.06469474212012924,1
7.708333333333334,2.0625,1.0271024000473759,0.015058941344495543,0.0,0.0664422387887858,1
8.125,2.0625,1.023300420077601,0.0129097703195164,0.0,0.0659671834043579,1
8.541666666666668,2.0625,1.0200671520556326,0.01117319864066009,0.0,0.06399205045676103,1
8.958333333333334,2.0625,1.017297260276953,0.009736212097659128,0.0,0.06103336453751724,1
9.375,2.0625,1.014910597930713,0.008522608082851893,0.0,0.05745547254094078,1
9.791666666666668,2.0625,1.0128457911898237,0.007480680835426118,0.0,0.0535167996155018,1
10.208333333333334,2.0625,1.0110550601891992,0.006574903507270447,0.0,0.049403009748677784,1
10.625,2.0625,1.0095003485176302,0.005780374709232816,0.0,0.0452491620455898,1
11.041666666666668,2.0625,1.0081505714869459,0.005079163901381636,0.0,0.041154098954841706,1
11.458333333333334,2.0625,1.0069797233263837,0.0044579341438374595,0.0,0.0371897907925653,1
11.875,2.0625,1.0059656003604531,0.003906404824742683,0.0,0.03340756941359531,1
12.291666666666668,2.0625,1.0050889459421612,0.0034163589869092847,0.0,0.029842494226199202,1
12.708333333333334,2.0625,1.004332874906479,0.002980999325643042,0.0,0.026516587989671242,1
13.125,2.0625,1.0036824793156667,0.002594528978407136,0.0,0.02344138070983246,1
13.541666666666668,2.0625,1.0031245501704606,0.0022518762877797678,0.0,0.020619986900520044,1
13.958333333333334,2.0625,1.0026473727036753,0.0019485137662602495,0.0,0.018048853976311324,1
14.375,2.0625,1.0022405683978275,0.001680337464580278,0.0,0.015719247511995424,1
14.791666666666668,2.0625,1.00189496679485,0.0014435868366212959,0.0,0.013618510824099662,1
15.208333333333334,2.0625,1.0016024966834127,0.0012347906332609722,0.0,0.011731125229634836,1
15.625,2.0625,1.0013560904665493,0.001050728650378927,0.0,0.010039587321899517,1
16.041666666666668,2.0625,1.0011495980958462,0.0008884043264522096,0.0,0.00852511472177456,1
16.458333333333336,2.0625,1.0009777087090415,0.000745022631310833,0.0,0.007168199310651654,1
16.875,2.0625,1.000835879175398,0.0006179710403597753,0.0,0.005949017203351915,1
17.291666666666668,2.0625,1.0007202693275832,0.0005048023587304406,0.0,0.004847711918308312,1
17.708333333333336,2.0625,1.0006276843207216,0.0004032168729016659,0.0,0.003844575351731162,1
18.125,2.0625,1.0005555248275737,0.00031105068018446105,0.0,0.002920132762194792,1
18.541666666666668,2.0625,1.0005017512544085,0.00022621304584695943,0.0,0.0020553761521290514,1
18.958333333333336,2.0625,1.0004648081454337,0.0001476116273981807,0.0,0.0012293330162100997,1
19.375,2.0625,1.0004444372368202,6.405752835125031e-05,0.0,0.00045572533529516905,1
19.791666666666668,2.0625,1.0004327462682499,6.258106834769686e-05,0.0,-0.00016765206688536976,1
0.20833333333333334,2.4375,1.0000072652205538,-5.797187477410278e-05,0.0,0.42081925357269445,1
0.625,2.4375,1.001867010621429,-0.016886798373589935,0.0,0.49559993564252186,1
1.0416666666666667,2.4375,1.0059017051107826,-0.02049844136079494,0.0,0.5040888905848605,1
1.4583333333333335,2.4375,1.010396049256129,-0.021435796908292427,0.0,0.501158326629156,1
1.875,2.4375,1.0151784160466018,-0.02246515790980959,0.0,0.4964726606585683,1
2.291666666666667,2.4375,1.020335660882462,-0.023942858414435872,0.0,0.4912169307278703,1
2.7083333333333335,2.4375,1.0259942678376022,-0.02596344597411545,0.0,0.4857488645957787,1
3.125,2.4375,1.0322940562477916,-0.02862461948327561,0.0,0.480415979692744,1
3.541666666666667,2.4375,1.0393876991285271,-0.03224252863742713,0.0,0.47612412800154247,1
3.9583333333333335,2.4375,1.0472902706660667,-0.03498776746081342,0.0,0.46768511243881905,1
4.375,2.4375,1.0570836789446538,-0.053871682856946726,0.0,0.5085667751278734,1
4.791666666666667,2.4375,1.0633857020562776,-0.007923380998589092,0.0,0.2822514567920919,1
5.208333333333334,2.4375,1.0646919816704261,-0.00897077325557431,0.0,0.27041042893939865,1
5.625,2.4375,1.061386718770317,0.035392605176950656,0.0,0.06798418804223688,1
6.041666666666667,2.4375,1.0531119064233336,0.03864693176078951,0.0,0.0431023390823122,1
6.458333333333334,2.4375,1.0450494085885542,0.03255109165179624,0.0,0.05253434934685819,1
6.875,2.4375,1.0381378839713926,0.026830816139261214,0.0,0.061382825408983266,1
7.291666666666667,2.4375,1.03233628481199,0.022372846277016356,0.0,0.06618570418393913,1
7.708333333333334,2.4375,1.0274755326986482,0.01890671977984204,0.0,0.06767463203375819,1
8.125,2.4375,1.0233902204690977,0.01616055485775815,0.0,0.0668132429840774,1
8.541666666666668,2.4375,1.01993945745614,0.013938042025813984,0.0,0.06437146956277279,1
8.958333333333334,2.4375,1.0170091191455684,0.012101575788709504,0.0,0.060915951606133834,1
9.375,2.4375,1.0145089544319301,0.010555388745291494,0.0,0.05685202353837032,1
9.791666666666668,2.4375,1.0123681400025744,0.00923295922661849,0.0,0.052466847596876004,1
10.208333333333334,2.4375,1.010530837334937,0.0080878554239445,0.0,0.047963726636904985,1
10.625,2.4375,1.0089524151044351,0.0070872433114798905,0.0,0.043486776524721424,1
11.041666666666668,2.4375,1.0075965178821955,0.00620740212461421,0.0,0.03913778661104562,1
11.458333333333334,2.4375,1.006432922270406,0.005430695311369066,0.0,0.0349875324382858,1
11.875,2.4375,1.0054360287047368,0.004743558528392349,0.0,0.031083438428901964,1
12.291666666666668,2.4375,1.0045838239415619,0.004135178547040352,0.0,0.027454944890686662,1
12.708333333333334,2.4375,1.0038571721062168,0.003596630354465911,0.0,0.024117461241061226,1
13.125,2.4375,1.0032393255080607,0.0031203159258536314,0.0,0.021075426769913662,1
13.541666666666668,2.4375,1.0027155779655739,0.002699598370262459,0.0,0.018324784506657456,1
13.958333333333334,2.4375,1.0022730086057035,0.0023285638348412505,0.0,0.015855027197214284,1
14.375,2.4375,1.0019002824824255,0.0020018647833988474,0.0,0.013650910330124902,1
14.791666666666668,2.4375,1.0015874869940251,0.001714616899356227,0.0,0.011693876978486421,1
15.208333333333334,2.4375,1.001325991357234,0.001462329745475555,0.0,0.009963228723079202,1
15.625,2.4375,1.0011083218159431,0.0012408577283010826,0.0,0.008437066063898368,1
16.041666666666668,2.4375,1.0009280486007675,0.0010463642881975285,0.0,0.007093018628251386,1
16.458333333333336,2.4375,1.0007796827119266,0.0008752924263788333,0.0,0.005908786610991086,1
16.875,2.4375,1.0006585818351428,0.0007243386267332482,0.0,0.004862514547552886,1
17.291666666666668,2.4375,1.000560865351717,0.0005904284802815045,0.0,0.003933016928856166,1
17.708333333333336,2.4375,1.0004833389095236,0.0004706910536924908,0.0,0.00309988380733977,1
18.125,2.4375,1.0004234293335368,0.00036243866232071723,0.0,0.002343483496208057,1
18.541666666666668,2.4375,1.0003791343873507,0.00026308673212217885,0.0,0.0016450342723226597,1
18.958333333333336,2.4375,1.000348950100881,0.00017115259714293882,0.0,0.0009847883272102239,1
19.375,2.4375,1.0003324705547938,7.36819724148577e-05,0.0,0.00036926316501798684,1
19.791666666666668,2.4375,1.0003231461431201,7.18704722565609e-05,0.0,-0.00013077155330125425,1
0.20833333333333334,2.8125,1.0000077070503859,-7.144691486030808e-05,0.0,0.4256575465406105,1
0.625,2.8125,1.0019864148450557,-0.020327931203170092,0.0,0.5051014347655015,1
1.0416666666666667,2.8125,1.006230547461806,-0.02450825292268925,0.0,0.5116200554460821,1
1.4583333333333335,2.8125,1.0109246592590635,-0.025695595697444732,0.0,0.5079865507170036,1
1.875,2.8125,1.015959087917397,-0.027040475027198942,0.0,0.50273363624051,1
2.291666666666667,2.8125,1.0214451736369026,-0.028946538795897588,0.0,0.4967902764830305,1
2.7083333333333335,2.8125,1.0275205069685676,-0.031520311845548134,0.0,0.4905088056837035,1
3.125,2.8125,1.0343231839919653,-0.03485997249107793,0.0,0.48426037369284974,1
3.541666666666667,2.8125,1.041980513970421,-0.03928305119436716,0.0,0.4788075171692367,1
3.9583333333333335,2.8125,1.0504833121174042,-0.04271207761509452,0.0,0.4703078672167294,1
4.375,2.8125,1.0606643892074212,-0.06412440953449891,0.0,0.5031657907629282,1
4.791666666666667,2.8125,1.0668876935350649,-0.008943449016921498,0.0,0.27105473672432867,1
5.208333333333334,2.8125,1.067883720897107,-0.010022781512485156,0.0,0.2651045848073318,1
5.625,2.8125,1.064191998427784,0.042741900270522874,0.0,0.06510350524429327,1
6.041666666666667,2.8125,1.0554898541444127,0.04657689763674723,0.0,0.04639435529484742,1
6.458333333333334,2.8125,1.0469979979235338,0.03952004442594857,0.0,0.056163419286939055,1
6.875,2.8125,1.0395982234812071,0.03274203251673684,0.0,0.06448185645402794,1
7.291666666666667,2.8125,1.0333088871118927,0.02734347186742022,0.0,0.06872333514449323,1
7.708333333333334,2.8125,1.028009919744573,0.02307984170970176,0.0,0.0696061715452224,1
8.125,2.8125,1.0235587690884582,0.019670249519172334,0.0,0.0680740276238024,1
8.541666666666668,2.8125,1.0198191684319315,0.016899674661409462,0.0,0.06492137350790192,1
8.958333333333334,2.8125,1.0166715548675462,0.014610099834716294,0.0,0.060756227518101426,1
9.375,2.8125,1.014015826229084,0.012687168715202146,0.0,0.05602314433356662,1
9.791666666666668,2.8125,1.0117702593652784,0.011048922419787938,0.0,0.05103854444331274,1
10.208333333333334,2.8125,1.0098687885987978,0.009636788320878492,0.0,0.046023760984125445,1
10.625,2.8125,1.0082579197492603,0.008408672387399709,0.0,0.04113132066470041,1
11.041666666666668,2.8125,1.006893926383456,0.007333874579900739,0.0,0.03646419353584352,1
11.458333333333334,2.8125,1.0057405752784534,0.00638947489651142,0.0,0.032089326730517544,1
11.875,2.8125,1.0047674044279793,0.005557836911888617,0.0,0.028047057924498624,1
12.291666666666668,2.8125,1.0039484739898974,0.004824921841987095,0.0,0.024357779840240273,1
12.708333333333334,2.8125,1.0032614799023643,0.004179168390564591,0.0,0.021026826740949474,1
13.125,2.8125,1.002687125962912,0.0036107583810065704,0.0,0.01804822073340482,1
13.541666666666668,2.8125,1.0022086707159343,0.0031111384379945975,0.0,0.015407649738104443,1
13.958333333333334,2.8125,1.0018115881786718,0.0026727104882051577,0.0,0.01308489088975573,1
14.375,2.8125,1.0014833010761433,0.0022886300384910045,0.0,0.011055795961189054,1
14.791666666666668,2.8125,1.0012129600996922,0.0019526744586711505,0.0,0.009293903682221718,1
15.208333333333334,2.8125,1.0009912531512621,0.0016591545137769458,0.0,0.007771724434041125,1
15.625,2.8125,1.0008102354416741,0.001402851493674459,0.0,0.006461729681645042,1
16.041666666666668,2.8125,1.0006631756530249,0.0011789702320089287,0.0,0.005337079868412965,1
16.458333333333336,2.8125,1.000544415991702,0.0009830994831072463,0.0,0.004372121261913428,1
16.875,2.8125,1.0004492453595732,0.0008111759310985781,0.0,0.0035426819232043287,1
17.291666666666668,2.8125,1.0003737856846897,0.0006594497189010022,0.0,0.0028262013780692794,1
17.708333333333336,2.8125,1.0003148918335907,0.0005244480747774031,0.0,0.0022017208777790533,1
18.125,2.8125,1.00027006574128,0.00040294372691534336,0.0,0.0016497660173511509,1
18.541666666666668,2.8125,1.0002373875110262,0.00029185751603310304,0.0,0.0011522250415207957,1
18.958333333333336,2.8125,1.0002154458132084,0.0001892951919009809,0.0,0.0006912542996593085,1
19.375,2.8125,1.000203685327736,8.095540175149312e-05,0.0,0.00026534395386163537,1
19.791666666666668,2.8125,1.0001972130722585,7.88140479789357e-05,0.0,-8.630842457438502e-05,1
0.20833333333333334,3.1875,1.0000114246022414,-8.866539718001184e-05,0.0,0.43153629080174066,1
0.625,3.1875,1.0021525358500734,-0.024018549850414635,0.0,0.5169553436761647,1
1.0416666666666667,3.1875,1.0066783232779604,-0.028710562310794815,0.0,0.5208725126097609,1
1.4583333333333335,3.1875,1.0116428368366468,-0.03018604912487599,0.0,0.5163172151164768,1
1.875,3.1875,1.0170148666084922,-0.03191583418655183,0.0,0.5102263674937709,1
2.291666666666667,3.1875,1.0229304081021904,-0.034332644123514916,0.0,0.503220000497722,1
2.7083333333333335,3.1875,1.0295315136765737,-0.03754300152241241,0.0,0.4956384899106748,1
3.125,3.1875,1.036940844997173,-0.0416280903097275,0.0,0.4878670115107549,1
3.541666666666667,3.1875,1.0452385670546231,-0.046874480196886156,0.0,0.4804670928659902,1
3.9583333333333335,3.1875,1.0543743004263724,-0.05099532697719859,0.0,0.47138302095806195,1
4.375,3.1875,1.0648283902934672,-0.0744128104329175,0.0,0.49182904030229324,1
4.791666666666667,3.1875,1.0708060366259118,-0.009635903714300304,0.0,0.2576751231438871,1
5.208333333333334,3.1875,1.0713732055041918,-0.010737203432604212,0.0,0.2573981478657027,1
5.625,3.1875,1.0672475921075613,0.050491924469903096,0.0,0.0644275088958639,1
6.041666666666667,3.1875,1.0581869818739078,0.05481335250348235,0.0,0.05353208743258323,1
6.458333333333334,3.1875,1.0493215192089882,0.04690517655368075,0.0,0.06284353714017596,1
6.875,3.1875,1.0414225419726526,0.03912577689178837,0.0,0.06979139944877005,1
7.291666666666667,3.1875,1.0345845588702511,0.032774315005013356,0.0,0.07282209434478398,1
7.708333333333334,3.1875,1.028760427019051,0.027659787855594566,0.0,0.07259112533395244,1
8.125,3.1875,1.0238500046644547,0.023515719074598637,0.0,0.06997299890081857,1
8.541666666666668,3.1875,1.0197348630026344,0.02012347318899796,0.0,0.06575841346244801,1
8.958333333333334,3.1875,1.0162973026283448,0.017312957847703342,0.0,0.060584018005629854,1
9.375,3.1875,1.013430123202545,0.014954927958195934,0.0,0.05492943452725012,1
9.791666666666668,3.1875,1.0110404567601252,0.012952873150363836,0.0,0.049139447073273536,1
10.208333333333334,3.1875,1.0090501023852678,0.011235480211142939,0.0,0.04345263973261996,1
10.625,3.1875,1.0073940996880433,0.00975016488755694,0.0,0.038027939010178625,1
11.041666666666668,3.1875,1.006018659751557,0.008457872052886783,0.0,0.0329660304359881,1
11.458333333333334,3.1875,1.0048790844245672,0.00732911120899353,0.0,0.028325428011749528,1
11.875,3.1875,1.0039379657197016,0.006341061196483085,0.0,0.024134120390693778,1
12.291666666666668,3.1875,1.0031637501618929,0.00547552894931965,0.0,0.02039797236792396,1
12.708333333333334,3.1875,1.0025296453116264,0.004717550324620981,0.0,0.017106893721954647,1
13.125,3.1875,1.0020128025843613,0.004054453453374161,0.0,0.01423950506578646,1
13.541666666666668,3.1875,1.0015937038775535,0.0034752419357981764,0.0,0.011766774155718229,1
13.958333333333334,3.1875,1.001255689751376,0.002970194000341906,0.0,0.009654899390551502,1
14.375,3.1875,1.0009845823767725,0.002530601561416679,0.0,0.007867604105466173,1
14.791666666666668,3.1875,1.0007683712929953,0.0021485997869172373,0.0,0.00636793553784379,1
15.208333333333334,3.1875,1.0005969417955913,0.0018170519866839373,0.0,0.005119634046781353,1
15.625,3.1875,1.0004618341740201,0.0015294668181594835,0.0,0.004088123993056897,1
16.041666666666668,3.1875,1.0003560275284644,0.001279934692112412,0.0,0.003241177675211812,1
16.458333333333336,3.1875,1.0002737451671957,0.0010630728391971484,0.0,0.002549297530130152,1
16.875,3.1875,1.0002102804015747,0.0008739744261955188,0.0,0.00198586772918121,1
17.291666666666668,3.1875,1.000161842426152,0.0007081591025568378,0.0,0.0015271164958253738,1
17.708333333333336,3.1875,1.0001254222914557,0.0005615212696297184,0.0,0.0011519328322954308,1
18.125,3.1875,1.0000986792557525,0.0004302827329650808,0.0,0.0008415778705632337,1
18.541666666666668,3.1875,1.000079848005465,0.0003108770316518167,0.0,0.0005793216540623984,1
18.958333333333336,3.1875,1.000067670800675,0.00020098268376512888,0.0,0.0003501401429241566,1
19.375,3.1875,1.000061461198192,8.544099166102491e-05,0.0,0.00014426783437253396,1
19.791666666666668,3.1875,1.0000583160971428,8.298408161995544e-05,0.0,-3.456381806309685e-05,1
0.20833333333333334,3.5625,1.0000261122947622,-0.0001224486009253889,0.0,0.4389573561176123,1
0.625,3.5625,1.0023948089926313,-0.02804359379018394,0.0,0.5315724783448729,1
1.0416666666666667,3.5625,1.0073002834825768,-0.03317365409173863,0.0,0.5320725831989805,1
1.4583333333333335,3.5625,1.0126300831029922,-0.03498783920370018,0.0,0.5262949674984954,1
1.875,3.5625,1.01844940338267,-0.037186259153625945,0.0,0.5189675821798281,1
2.291666666666667,3.5625,1.0249150881665505,-0.04020532279948333,0.0,0.5103561144907708,1
2.7083333333333335,3.5625,1.032161417540058,-0.04413301428943445,0.0,0.5007941146569493,1
3.125,3.5625,1.0402756538897835,-0.049009288436088455,0.0,0.49068565249580715,1
3.541666666666667,3.5625,1.0492641419126163,-0.05505087113554657,0.0,0.48035841952130576,1
3.9583333333333335,3.5625,1.0590171479756267,-0.05981880153031936,0.0,0.470005073960007,1
4.375,3.5625,1.069554592035599,-0.08448171641824169,0.0,0.4731466285407292,1
4.791666666666667,3.5625,1.0750598758204872,-0.00990163483776587,0.0,0.24194487288351088,1
5.208333333333334,3.5625,1.0750531930374416,-0.010975909796400871,0.0,0.2470136975332554,1
5.625,3.5625,1.0704526077194318,0.05858420967795776,0.0,0.06671585872151269,1
6.041666666666667,3.5625,1.0611502183100616,0.06324776697564459,0.0,0.06561891177478188,1
6.458333333333334,3.5625,1.052021082487376,0.05466590071897297,0.0,0.07356495627131122,1
6.875,3.5625,1.0436527034959822,0.046005673328943786,0.0,0.07814343542360905,1
7.291666666666667,3.5625,1.0362274725162544,0.038731311235342236,0.0,0.07914367344838152,1
7.708333333333334,3.5625,1.0297957948913476,0.03273302014640246,0.0,0.07712549384003924,1
8.125,3.5625,1.0243237463534034,0.027786710579577892,0.0,0.07285277175864738,1
8.541666666666668,3.5625,1.019729479594135,0.023690949258924558,0.0,0.06708723623737739,1
8.958333333333334,3.5625,1.0159095954899322,0.020277181813476305,0.0,0.060483279586095506,1
9.375,3.5625,1.0127563978728453,0.01740904333546032,0.0,0.05355313391238146,1
9.791666666666668,3.5625,1.0101679563454842,0.014979054950530674,0.0,0.04667041093964606,1
10.208333333333334,3.5625,1.0080530123021147,0.012904066989661001,0.0,0.04009067683641967,1
10.625,3.5625,1.0063325476497629,0.011120398721547346,0.0,0.0339765941526345,1
11.041666666666668,3.5625,1.0049394477103442,0.009579324110452207,0.0,0.028421299058052612,1
11.458333333333334,3.5625,1.0038172604628328,0.008243245472140611,0.0,0.023467599527692628,1
11.875,3.5625,1.0029186747418573,0.007082660920387201,0.0,0.01912271520200308,1
12.291666666666668,3.5625,1.0022040519456832,0.006073883746117668,0.0,0.015369237852807124,1
12.708333333333334,3.5625,1.0016401539474662,0.005197398095027805,0.0,0.012173215638687968,1
13.125,3.5625,1.0011990983193964,0.004436714204757199,0.0,0.009490171081602982,1
13.541666666666668,3.5625,1.0008575177963328,0.003777592494486572,0.0,0.007269642503229336,1
13.958333333333334,3.5625,1.0005958821979948,0.0032075282014862342,0.0,0.005458639075151654,1
14.375,3.5625,1.0003979414604918,0.0027154106634250195,0.0,0.0040042601517685525,1
14.791666666666668,3.5625,1.0002502566298102,0.002291297010685093,0.0,0.002855627952914724,1
15.208333333333334,3.5625,1.0001417954946468,0.0019262563357864285,0.0,0.0019652491483264627,1
15.625,3.5625,1.0000635780338145,0.001612255041612956,0.0,0.0012898885835426778,1
16.041666666666668,3.5625,1.000008362946804,0.0013420660225657729,0.0,0.0007910380816677417,1
16.458333333333336,3.5625,0.9999703705087153,0.0011091888212268947,0.0,0.000435055734833322,1
16.875,3.5625,0.9999450391212972,0.0009077749767059135,0.0,0.00019304518478702778,1
17.291666666666668,3.5625,0.9999288139950102,0.0007325553460401689,0.0,4.054274996094376e-05,1
17.708333333333336,3.5625,0.9999189667711541,0.0005787656527865082,0.0,-4.293466432167967e-05,1
18.125,3.5625,0.9999134451037504,0.0004420765891256658,0.0,-7.44268506175238e-05,1
18.541666666666668,3.5625,0.9999107498823635,0.00031845700527462835,0.0,-6.818576604656665e-05,1
18.958333333333336,3.5625,0.9999098663556022,0.00020515737391162402,0.0,-3.518016718448326e-05,1
19.375,3.5625,0.9999100221946189,8.67146998896499e-05,0.0,7.0827215082654056e-06,1
19.791666666666668,3.5625,0.9999106532214808,8.397304357877347e-05,0.0,2.3966849232666062e-05,1
0.20833333333333334,3.9375,1.0000770497790257,-0.00021529446474123398,0.0,0.449903580940549,1
0.625,3.9375,1.0027817490263549,-0.03251680427088585,0.0,0.5495146286132605,1
1.0416666666666667,3.9375,1.0081975222899904,-0.03798956658521278,0.0,0.5455152605880935,1
1.4583333333333335,3.9375,1.0140165949929627,-0.04020591180115331,0.0,0.5380910314576374,1
1.875,3.9375,1.020419059767208,-0.04296779310098779,0.0,0.5289472870853429,1
2.291666666666667,3.9375,1.027572854704588,-0.04668132059390191,0.0,0.517972683249207,1
2.7083333333333335,3.9375,1.035585536226412,-0.05139012629073105,0.0,0.5055243697448688,1
3.125,3.9375,1.0444831508984969,-0.057062842345191905,0.0,0.4920589568684237,1
3.541666666666667,3.9375,1.0541693309046938,-0.06380451844722107,0.0,0.4776816483910452,1
3.9583333333333335,3.9375,1.0644591402461805,-0.06910368808118664,0.0,0.46526583532964216,1
4.375,3.9375,1.0748100092447666,-0.09399631162229893,0.0,0.4460700798784543,1
4.791666666666667,3.9375,1.0795562916002075,-0.009613449161653435,0.0,0.22376426550248865,1
5.208333333333334,3.9375,1.078804264351892,-0.010581256446079275,0.0,0.2338541641288415,1
5.625,3.9375,1.0736931836062302,0.06693005578599051,0.0,0.0725773687020643,1
6.041666666666667,3.9375,1.0643091686138146,0.07171968483110888,0.0,0.08361372103450067,1
6.458333333333334,3.9375,1.0550824099151286,0.06271428793385282,0.0,0.08929642548265178,1
6.875,3.9375,1.0463237336323852,0.053371635857960384,0.0,0.09045777604006289,1
7.291666666666667,3.9375,1.0383059396541614,0.04526407116253933,0.0,0.08849889494420633,1
7.708333333333334,3.9375,1.0311981145492966,0.0383858126708363,0.0,0.08387536754485744,1
8.125,3.9375,1.0250582343857864,0.032584653883015985,0.0,0.07721770884635965,1
8.541666666666668,3.9375,1.0198648264305015,0.027701913200878343,0.0,0.06924646077787468,1
8.958333333333334,3.9375,1.0155472418234586,0.02358993972179799,0.0,0.060633129474840786,1
9.375,3.9375,1.0120092691233806,0.020118338724130734,0.0,0.051928851344188454,1
9.791666666666668,3.9375,1.0091458958392763,0.01717639289671953,0.0,0.04354356070894996,1
10.208333333333334,3.9375,1.0068540977574147,0.014672796955871953,0.0,0.035754200229849174,1
10.625,3.9375,1.0050389565623399,0.012533714015664188,0.0,0.02872637390616891,1
11.041666666666668,3.9375,1.0036164657991524,0.01070004044642402,0.0,0.022539566197036884,1
11.458333333333334,3.9375,1.0025142157557032,0.009124522702207323,0.0,0.017210587833323007,1
11.875,3.9375,1.0016708740449731,0.00776911838427699,0.0,0.012713040753573917,1
12.291666666666668,3.9375,1.0010350938009798,0.006602789026639131,0.0,0.008992446054052446,1
12.708333333333334,3.9375,1.0005642387948979,0.005599770526018539,0.0,0.0059775420601442695,1
13.125,3.9375,1.0002231354713933,0.0047382848323361485,0.0,0.003588547864050435,1
13.541666666666668,3.9375,0.9999829446061561,0.003999616119222622,0.0,0.0017431190928215458,1
13.958333333333334,3.9375,0.9998201780175899,0.003367466551260907,0.0,0.00036059017675216644,1
14.375,3.9375,0.9997158531858512,0.0028275113350664446,0.0,-0.0006350940309552003,1
14.791666666666668,3.9375,0.9996547671172586,0.0023670901559111647,0.0,-0.0013134496735835322,1
15.208333333333334,3.9375,0.9996248701924778,0.0019749854505047657,0.0,-0.0017363256605583063,1
15.625,3.9375,0.9996167241370735,0.0016412530887286898,0.0,-0.0019574049438152207,1
16.041666666666668,3.9375,0.9996230326367244,0.0013570838955060801,0.0,-0.0020221923217919463,1
16.458333333333336,3.9375,0.9996382364168328,0.0011146807331486289,0.0,-0.0019683707108217154,1
16.875,3.9375,0.9996581667670952,0.000907143995680239,0.0,-0.0018264120202589112,1
17.291666666666668,3.9375,0.9996797527035213,0.0007283615982960183,0.0,-0.0016203532867924645,1
17.708333333333336,3.9375,0.9997007773681529,0.0005728997105500018,0.0,-0.0013686652849884296,1
18.125,3.9375,0.9997196797781795,0.0004358998737416441,0.0,-0.0010851453685608266,1
18.541666666666668,3.9375,0.999735395279057,0.00031291547879092236,0.0,-0.0007799384952987175,1
18.958333333333336,3.9375,0.9997472819653317,0.00020079606901932836,0.0,-0.0004582785439631546,1
19.375,3.9375,0.9997545630788404,8.43827574181201e-05,0.0,-0.00014399529338729645,1
19.791666666666668,3.9375,0.9997593675690223,8.141302218204777e-05,0.0,8.842150080853718e-05,1
0.20833333333333334,4.3125,1.000242623390017,-0.0005030003153612392,0.0,0.47125152582879737,1
0.625,4.3125,1.0034872805745476,-0.03758351920599344,0.0,0.571700896543817,1
1.0416666666666667,4.3125,1.009574088286275,-0.043275174526279436,0.0,0.5617096769011287,1
1.4583333333333335,4.3125,1.0160312035597605,-0.04596887303679316,0.0,0.552014865121096,1
1.875,4.3125,1.0231710309742352,-0.04939289483280528,0.0,0.5402130285825437,1
2.291666666666667,4.3125,1.031154728200698,-0.053879961804919774,0.0,0.5258388107737113,1
2.7083333333333335,4.3125,1.0400370155555154,-0.05939695706073195,0.0,0.5093452260127428,1
3.125,4.3125,1.0497529031920134,-0.0658081636476771,0.0,0.49131737245924445,1
3.541666666666667,4.3125,1.0600766284206227,-0.0730681118516559,0.0,0.4717070328236775,1
3.9583333333333335,4.3125,1.0707390975374906,-0.07869714528593125,0.0,0.4564007777218781,1
4.375,4.3125,1.080550296866265,-0.1025487159105543,0.0,0.41010749328989515,1
4.791666666666667,4.3125,1.0841937135020863,-0.008611773965612865,0.0,0.2031662005699992,1
5.208333333333334,4.3125,1.082499187272334,-0.00938103351497091,0.0,0.2180575557322642,1
5.625,4.3125,1.076845473645331,0.0754181477881958,0.0,0.08240558125726065,1
6.041666666666667,4.3125,1.0675743601002008,0.08002120851184469,0.0,0.1082140650340221,1
6.458333333333334,4.3125,1.058469623468004,0.07091111004966583,0.0,0.11088038810508732,1
6.875,4.3125,1.0494559249932758,0.06116995101638388,0.0,0.10767631522489673,1
7.291666666666667,4.3125,1.0408859560702768,0.05239474260783593,0.0,0.10182595380540828,1
7.708333333333334,4.3125,1.0330599032823722,0.04469563132431213,0.0,0.0936936048605711,1
8.125,4.3125,1.0261512935888621,0.0380184760974111,0.0,0.0837777265178433,1
8.541666666666668,4.3125,1.0202260332333566,0.032274892471546086,0.0,0.0727662647627538,1
8.958333333333334,4.3125,1.015270780880717,0.02736251372249647,0.0,0.061366599518855695,1
9.375,4.3125,1.011219566552449,0.023176033057393623,0.0,0.05019345545826616,1
9.791666666666668,4.3125,1.007976113257143,0.01961484248084571,0.0,0.0397168997676884,1
10.208333333333334,4.3125,1.005430980401698,0.016587585203065816,0.0,0.030252276242566743,1
10.625,4.3125,1.003473612314885,0.014014184116191982,0.0,0.021975089478309073,1
11.041666666666668,4.3125,1.0019999779544972,0.011826082953596627,0.0,0.01494762699924704,1
11.458333333333334,4.3125,1.0009167627551454,0.009965398914106258,0.0,0.0091483658437402,1
11.875,4.3125,1.0001430999424679,0.008383546243999155,0.0,0.004499008690058514,1
12.291666666666668,4.3125,0.9996107030823664,0.007039720559913264,0.0,0.0008868337812646129,1
12.708333333333334,4.3125,0.9992630692461537,0.005899478948470366,0.0,-0.0018181388978267545,1
13.125,4.3125,0.9990542237946753,0.004933530310229227,0.0,-0.003750702726878787,1
13.541666666666668,4.3125,0.9989473082072657,0.004116766454328947,0.0,-0.00504190149978255,1
13.958333333333334,4.3125,0.9989131849211247,0.003427517113380389,0.0,-0.005813481436294422,1
14.375,4.3125,0.9989291472354966,0.0028469870539490063,0.0,-0.006174600400814555,1
14.791666666666668,4.3125,0.9989777701905886,0.002358831246392838,0.0,-0.006220195646741833,1
15.208333333333334,4.3125,0.9990459099544573,0.0019488258052713782,0.0,-0.006030546333186083,1
15.625,4.3125,0.999123845623876,0.001604602073275778,0.0,-0.0056716822048573715,1
16.041666666666668,4.3125,0.9992045519993791,0.00131542151084594,0.0,-0.005196356214045327,1
16.458333333333336,4.3125,0.9992830904401968,0.0010719751101037698,0.0,-0.0046453700881670685,1
16.875,4.3125,0.9993561048843328,0.0008661992948883204,0.0,-0.0040490810304496805,1
17.291666666666668,4.3125,0.9994214107803372,0.0006911036438749512,0.0,-0.003428957890910825,1
17.708333333333336,4.3125,0.9994776652239643,0.0005406064635239757,0.0,-0.0027991029033369906,1
18.125,4.3125,0.9995241077551452,0.0004093826719693041,0.0,-0.0021676567802758778,1
18.541666666666668,4.3125,0.999560357795372,0.0002926636977235409,0.0,-0.0015382723040792913,1
18.958333333333336,4.3125,0.9995863332032725,0.0001869719747571154,0.0,-0.0009081765925770996,1
19.375,4.3125,0.9996013824249068,7.81095581806045e-05,0.0,-0.00030501210863771445,1
19.791666666666668,4.3125,0.9996106657708663,7.500717049759535e-05,0.0,0.00015733230449753468,1
0.20833333333333334,4.6875,1.0007607776323217,-0.0014060612378383557,0.0,0.5253536282447349,1
0.625,4.6875,1.0049834578019228,-0.04340106190545887,0.0,0.6001099920729613,1
1.0416666666666667,4.6875,1.0118918935427814,-0.049153350935122006,0.0,0.5819255737629849,1
1.4583333333333335,4.6875,1.0191226912305564,-0.05240981829571296,0.0,0.5689580658797314,1
1.875,4.6875,1.027134113002702,-0.0565880738430881,0.0,0.5532288488604106,1
2.291666666666667,4.6875,1.0360523346203778,-0.06189650975233511,0.0,0.5340191588246651,1
2.7083333333333335,4.6875,1.0458464402180403,-0.06818916277386602,0.0,0.5120083049959332,1
3.125,4.6875,1.0563298938415284,-0.07519536507266585,0.0,0.4880353685253297,1
3.541666666666667,4.6875,1.0671287400759786,-0.0826912247429768,0.0,0.4620260586931868,1
3.9583333333333335,4.6875,1.0778922664269603,-0.08835742831452123,0.0,0.443022047039294,1
4.375,4.6875,1.0867250311919654,-0.10966800056897366,0.0,0.3655292726855434,1
4.791666666666667,4.6875,1.0888685670188716,-0.006700746531179294,0.0,0.18039886417804674,1
5.208333333333334,4.6875,1.0860095913702983,-0.007193909267305048,0.0,0.200039922337805,1
5.625,4.6875,1.0797803403612394,0.08392569170688566,0.0,0.09632774673102106,1
6.041666666666667,4.6875,1.070836893520438,0.08790676893470617,0.0,0.13973853875311915,1
6.458333333333334,4.6875,1.062119253861836,0.07906568828165955,0.0,0.13890472347600077,1
6.875,4.6875,1.0530454498649335,0.06929412500497927,0.0,0.1306618375698916,1
7.291666666666667,4.6875,1.0440219197818355,0.06010471772219612,0.0,0.12013439315858994,1
7.708333333333334,4.6875,1.0354780329650446,0.05171860185373223,0.0,0.10761324276444252,1
8.125,4.6875,1.0277191254337197,0.044196271068307494,0.0,0.09348457152817519,1
8.541666666666668,4.6875,1.0209251132920434,0.03754444274951202,0.0,0.07843406616922544,1
8.958333333333334,4.6875,1.015169343106764,0.031732883734349016,0.0,0.06324930715531042,1
9.375,4.6875,1.0104423610892994,0.026706039755234792,0.0,0.048661901353453434,1
9.791666666666668,4.6875,1.006676303934125,0.02239339518136832,0.0,0.03525475308352491,1
10.208333333333334,4.6875,1.0037671700401536,0.01871787256902367,0.0,0.023424158214004266,1
10.625,4.6875,1.001593310888635,0.01560200126133595,0.0,0.013381433024492783,1
11.041666666666668,4.6875,1.0000294650103816,0.012971998026076766,0.0,0.005178704997758151,1
11.458333333333334,4.6875,0.9989564184451194,0.010760119428092988,0.0,-0.0012540810439903992,1
11.875,4.6875,0.9982668638921839,0.008905721350844897,0.0,-0.006070332195609983,1
12.291666666666668,4.6875,0.9978682640592749,0.007355442464709681,0.0,-0.009471927700031435,1
12.708333333333334,4.6875,0.9976835610364212,0.006062860208131193,0.0,-0.01168107682535401,1
13.125,4.6875,0.9976504838483267,0.004987879423506824,0.0,-0.012919580614491935,1
13.541666666666668,4.6875,0.9977200553434624,0.004096027027285957,0.0,-0.013394912416427797,1
13.958333333333334,4.6875,0.9978547359103642,0.0033577549997299613,0.0,-0.013291928571981054,1
14.375,4.6875,0.9980264949170427,0.0027477999875156634,0.0,-0.012768883596541002,1
14.791666666666668,4.6875,0.998214984822987,0.0022446167409923504,0.0,-0.011956508941815986,1
15.208333333333334,4.6875,0.9984059096041176,0.001829882220283457,0.0,-0.010959133853655257,1
15.625,4.6875,0.9985896240140784,0.001488060586693198,0.0,-0.009857044030964646,1
16.041666666666668,4.6875,0.9987599668391121,0.0012060187190733023,0.0,-0.008709481910158273,1
16.458333333333336,4.6875,0.9989133126964889,0.0009726820320355364,0.0,-0.007557869007966882,1
16.875,4.6875,0.9990478179560215,0.0007787246326045371,0.0,-0.006428959134619805,1
17.291666666666668,4.6875,0.9991628332277822,0.0006162892456191444,0.0,-0.005337742543801249,1
17.708333333333336,4.6875,0.999258454884373,0.00047873235804286006,0.0,-0.004290003841796381,1
18.125,4.6875,0.9993351904719634,0.00036039645996797617,0.0,-0.003284475515113263,1
18.541666666666668,4.6875,0.9993937101647845,0.0002563571489815935,0.0,-0.0023148573318135025,1
18.958333333333336,4.6875,0.999434758269738,0.000162957368285381,0.0,-0.0013673145842364321,1
19.375,4.6875,0.99945800130978,6.766113935264883e-05,0.0,-0.0004695257361606328,1
19.791666666666668,4.6875,0.9994719150185765,6.45782443345962e-05,0.0,0.00022824921048657124,1
0.20833333333333334,5.0625,1.0023389969602023,-0.004195858375525538,0.0,0.6821607115045507,1
0.625,5.0625,1.0085835553734546,-0.05003177949866566,0.0,0.640332348844679,1
1.0416666666666667,5.0625,1.0162706666712742,-0.05565862568252802,0.0,0.6103114451103342,1
1.4583333333333335,5.0625,1.0242351874335451,-0.05958033015413652,0.0,0.5921900615945529,1
1.875,5.0625,1.0330853260064696,-0.0645929662929668,0.0,0.570386699378413,1
2.291666666666667,5.0625,1.0428718481506456,-0.0707258866906164,0.0,0.5441413310215633,1
2.7083333333333335,5.0625,1.0534405464935892,-0.07768630938534904,0.0,0.5145500548091522,1
3.125,5.0625,1.0644571906725004,-0.08504830648773584,0.0,0.48286765675752463,1
3.541666666666667,5.0625,1.0753952990890614,-0.09240154251516625,0.0,0.4491594967064785,1
3.9583333333333335,5.0625,1.0858399176735103,-0.09773444098487606,0.0,0.42548035946823226,1
4.375,5.0625,1.093164562713323,-0.11483265672863976,0.0,0.3134515850831502,1
4.791666666666667,5.0625,1.0933664481157885,-0.003646969484618275,0.0,0.15589750583580012,1
5.208333333333334,5.0625,1.0891000218215323,-0.0038348245746077977,0.0,0.18048260986243256,1
5.625,5.0625,1.0822555780306071,0.09233293232419515,0.0,0.11420798901898847,1
6.041666666666667,5.0625,1.073856031115851,0.0951082226905704,0.0,0.17802644904470544,1
6.458333333333334,5.0625,1.0658238406783562,0.0869390816085207,0.0,0.1734937827081846,1
6.875,5.0625,1.0569489212207492,0.07757458278840448,0.0,0.15992119119492898,1
7.291666666666667,5.0625,1.0476491046667684,0.06831527191568526,0.0,0.1442094852080338,1
7.708333333333334,5.0625,1.0384605780386256,0.05946721976427449,0.0,0.12657614765431197,1
8.125,5.0625,1.0298216730542715,0.05120568442418168,0.0,0.1073126508618022,1
8.541666666666668,5.0625,1.0220458513600774,0.04364787984755348,0.0,0.08713791942917763,1
8.958333333333334,5.0625,1.0153231511179284,0.03686007002461679,0.0,0.06698045244644164,1
9.375,5.0625,1.0097332065629234,0.03086408737896905,0.0,0.04777052321458358,1
9.791666666666668,5.0625,1.0052654026390968,0.02564582252391679,0.0,0.03029383083733726,1
10.208333333333334,5.0625,1.001842363759319,0.021164400721631553,0.0,0.015109949736001847,1
10.625,5.0625,0.9993434404516768,0.01736097732547441,0.0,0.0025272982128260475,1
11.041666666666668,5.0625,0.997625694386436,0.014166454713380277,0.0,-0.007379619781827566,1
11.458333333333334,5.0625,0.9965408684421699,0.011507747995432287,0.0,-0.014726772143788482,1
11.875,5.0625,0.9959477561378984,0.009312492943050345,0.0,-0.01976562254037487,1
12.291666666666668,5.0625,0.9957201190501037,0.00751228408736907,0.0,-0.02282797516608062,1
12.708333333333334,5.0625,0.995750783388351,0.006044653394034557,0.0,-0.024278028849059136,1
13.125,5.0625,0.9959527838162581,0.004854055317623765,0.0,-0.024475327002253452,1
13.541666666666668,5.0625,0.9962584610429268,0.0038921272858796216,0.0,-0.023749425969228667,1
13.958333333333334,5.0625,0.9966173248600592,0.0031174648004712183,0.0,-0.022385199913155605,1
14.375,5.0625,0.9969933301524225,0.002495102317597633,0.0,-0.020616720058128236,1
14.791666666666668,5.0625,0.9973620308189983,0.001995842894790415,0.0,-0.018627338888989684,1
15.208333333333334,5.0625,0.9977079091082508,0.0015955333050965178,0.0,-0.016553766839016913,1
15.625,5.0625,0.9980220424283494,0.0012743465516858964,0.0,-0.014492318364109066,1
16.041666666666668,5.0625,0.9983001713511779,0.0010161081882531862,0.0,-0.012505956698990524,1
16.458333333333336,5.0625,0.9985411680806078,0.0008076842376256274,0.0,-0.010631218809768623,1
16.875,5.0625,0.99874586733277,0.0006384383640494447,0.0,-0.008884463772580588,1
17.291666666666668,5.0625,0.998916204323303,0.0004997584643708136,0.0,-0.007267160647706359,1
17.708333333333336,5.0625,0.9990545999689033,0.00038464755060781575,0.0,-0.005770149449846198,1
18.125,5.0625,0.9991635372074261,0.0002873757142321867,0.0,-0.0043768861695071045,1
18.541666666666668,5.0625,0.9992452730691338,0.00020314789393144242,0.0,-0.0030661057872163307,1
18.958333333333336,5.0625,0.9993017554739129,0.00012838917398780216,0.0,-0.001808841077341993,1
19.375,5.0625,0.9993332431829565,5.297167278552516e-05,0.0,-0.0006276436689339568,1
19.791666666666668,5.0625,0.9993516910417308,5.014230460866599e-05,0.0,0.0002971349969091857,1
0.20833333333333334,5.4375,1.0064600511383106,-0.012115001667610061,0.0,1.1547323845735655,1
0.625,5.4375,1.016121821740386,-0.0564283323278588,0.0,0.7325131139093322,1
1.0416666666666667,5.4375,1.0223079888626714,-0.06174802343734097,0.0,0.684959618175928,1
1.4583333333333335,5.4375,1.0287737079005277,-0.06647814822074576,0.0,0.6585190615273663,1
1.875,5.4375,1.0362886715225978,-0.07242374020005447,0.0,0.6265876876437176,1
2.291666666666667,5.4375,1.0448493065609408,-0.07940755424982529,0.0,0.5878370981990216,1
2.7083333333333335,5.4375,1.0542704086883852,-0.0869954622537592,0.0,0.5429233714718189,1
3.125,5.4375,1.064251279224167,-0.09463691686876721,0.0,0.49247411870349816,1
3.541666666666667,5.4375,1.0743936138421217,-0.10178533086861452,0.0,0.4356725120257158,1
3.9583333333333335,5.4375,1.084574161695843,-0.10691330242922374,0.0,0.38612000589398654,1
4.375,5.4375,1.0918353032709858,-0.11878100324452788,0.0,0.21002562530128155,1
4.791666666666667,5.4375,1.0929699008214673,-0.0009014576269736208,0.0,0.06594131063638274,1
5.208333333333334,5.4375,1.0909465617130514,-0.0009195475716701682,0.0,0.09300163674018447,1
5.625,5.4375,1.0871455973074573,0.09899852269317444,0.0,0.07884082945231513,1
6.041666666666667,5.4375,1.082260966575347,0.1003983922000097,0.0,0.1878690310107938,1
6.458333333333334,5.4375,1.0767968328954138,0.09379560380458109,0.0,0.19852336347473556,1
6.875,5.4375,1.069027423769509,0.08569795632054428,0.0,0.19415443771572996,1
7.291666666666667,5.4375,1.059580977899702,0.07706353457279375,0.0,0.1831560896740288,1
7.708333333333334,5.4375,1.049293173339001,0.06824765518227907,0.0,0.1661238264666288,1
8.125,5.4375,1.0389201434507673,0.059535990394298244,0.0,0.14394291785879068,1
8.541666666666668,5.4375,1.0290772027954223,0.05117445999582816,0.0,0.11816237700887143,1
8.958333333333334,5.4375,1.0202150024207688,0.04335990043526018,0.0,0.09066901861432669,1
9.375,5.4375,1.0126162972262451,0.036234041750140666,0.0,0.06335680796844345,1
9.791666666666668,5.4375,1.0064094118626783,0.029883088516602367,0.0,0.037871938169968776,1
10.208333333333334,5.4375,1.0015936578027649,0.024342048378970547,0.0,0.015453421354602063,1
10.625,5.4375,0.9980712956003435,0.019602486633469415,0.0,-0.003131865686560115,1
11.041666666666668,5.4375,0.9956809392053384,0.015622237619801166,0.0,-0.017575090757826147,1
11.458333333333334,5.4375,0.9942283117103897,0.012335673179924896,0.0,-0.027955755088673484,1
11.875,5.4375,0.9935116366286579,0.009663376394455133,0.0,-0.03464167058856576,1
12.291666666666668,5.4375,0.9933403629348543,0.007520420326831491,0.0,-0.03818110237743725,1
12.708333333333334,5.4375,0.9935471331104876,0.005822826084286201,0.0,-0.03920393154516683,1
13.125,5.4375,0.9939937743717585,0.004492105100156419,0.0,-0.038342112498851645,1
13.541666666666668,5.4375,0.9945725875025421,0.003458036180865321,0.0,-0.03617364343187145,1
13.958333333333334,5.4375,0.9952043663362852,0.002659977522152452,0.0,-0.03318952777994048,1
14.375,5.4375,0.9958344894260891,0.002047074058381526,0.0,-0.02978019559465451,1
14.791666666666668,5.4375,0.9964281833435862,0.0015777160315671034,0.0,-0.0262363893711933,1
15.208333333333334,5.4375,0.9969657543346171,0.0012185558184842032,0.0,-0.022759365992952932,1
15.625,5.4375,0.9974382887146238,0.0009433231141932584,0.0,-0.0194759045413414,1
16.041666666666668,5.4375,0.997844074143051,0.0007316087151193649,0.0,-0.016454662655928074,1
16.458333333333336,5.4375,0.9981858105021293,0.0005677239362767326,0.0,-0.013721585459997198,1
16.875,5.4375,0.9984685610092692,0.00043969388728115177,0.0,-0.011273063557660947,1
17.291666666666668,5.4375,0.9986983312385724,0.00033840643861239085,0.0,-0.009086335911259518,1
17.708333333333336,5.4375,0.9988811410528646,0.0002569146497195516,0.0,-0.0071271549688281775,1
18.125,5.4375,0.9990224585508277,0.00018987934623214075,0.0,-0.005355010943226098,1
18.541666666666668,5.4375,0.9991268753866314,0.0001331068329492205,0.0,-0.0037267036781829825,1
18.958333333333336,5.4375,0.9991980535363583,8.353574072832414e-05,0.0,-0.0021929645923841386,1
19.375,5.4375,0.9992372104147127,3.4244979923117035e-05,0.0,-0.0007648032662870399,1
19.791666666666668,5.4375,0.9992597058855752,3.202000215739816e-05,0.0,0.00035737690688903903,1
0.20833333333333334,5.8125,0.9900394179463858,-0.008964523847149962,0.0,2.49941096164606,1
0.625,5.8125,0.9471289026417695,-0.02965493992357328,0.0,2.0107738884038446,1
1.0416666666666667,5.8125,0.8783822880919356,-0.032217013165641926,0.0,2.033950559079007,1
1.4583333333333335,5.8125,0.8039126665349576,-0.03480564623248132,0.0,2.116229242389598,1
1.875,5.8125,0.7229874689329883,-0.03802703160841103,0.0,2.2160291784110604,1
2.291666666666667,5.8125,0.6343564322713817,-0.0417409013839741,0.0,2.322868511613613,1
2.7083333333333335,5.8125,0.53719976092168,-0.04570010282842906,0.0,2.4264848126706653,1
3.125,5.8125,0.4313024483586063,-0.049607478477484084,0.0,2.5156439548918383,1
3.541666666666667,5.8125,0.31710781008125005,-0.05316769597020757,0.0,2.577916376239519,1
3.9583333333333335,5.8125,0.1960738509840929,-0.05576286721462429,0.0,2.617396728535357,1
4.375,5.8125,0.06705755481656843,-0.06035179933331231,0.0,2.4746728359761114,1
4.791666666666667,5.8125,0.0,0.0,0.0,0.0,0
5.208333333333334,5.8125,0.0,0.0,0.0,0.0,0
5.625,5.8125,0.05638880171177446,0.050749921544167194,0.0,-1.8816239149383653,1
6.041666666666667,5.8125,0.16960718090152882,0.051146619731697984,0.0,-1.744632728335483,1
6.458333333333334,5.8125,0.28022480107409664,0.048409238426259514,0.0,-1.6815873618263606,1
6.875,5.8125,0.3838281501515276,0.044833775743846935,0.0,-1.5979143072307025,1
7.291666666666667,5.8125,0.4789744235848308,0.040797870346225146,0.0,-1.489779134740231,1
7.708333333333334,5.8125,0.56484676462039,0.036487236585388244,0.0,-1.3632767838183826,1
8.125,5.8125,0.6410241937766519,0.03207244965257659,0.0,-1.2253213311990647,1
8.541666666666668,5.8125,0.7074514698813785,0.02771209883779057,0.0,-1.082489128605231,1
8.958333333333334,5.8125,0.7644016592027736,0.02354307154753953,0.0,-0.9406204794313424,1
9.375,5.8125,0.8124198685743489,0.019673316884747515,0.0,-0.8045579961585143,1
9.791666666666668,5.8125,0.8522550502959546,0.016178346665708505,0.0,-0.6779969233480617,1
10.208333333333334,5.8125,0.8847880033789552,0.013101311111930117,0.0,-0.5634484816617487,1
10.625,5.8125,0.9109628150387048,0.010456019387656125,0.0,-0.46230470343836383,1
11.041666666666668,5.8125,0.9317272844827532,0.00823200311750539,0.0,-0.374982066799516,1
11.458333333333334,5.8125,0.9479857708914854,0.00640063465418838,0.0,-0.3011149740462139,1
11.875,5.8125,0.9605658026310997,0.00492139391652458,0.0,-0.23976921788879285,1
12.291666666666668,5.8125,0.9701979932017968,0.003747577603464795,0.0,-0.18964935216269155,1
12.708333333333334,5.8125,0.9775075227774327,0.0028309990205337946,0.0,-0.14928069538267147,1
13.125,5.8125,0.9830147194605543,0.0021254780011169,0.0,-0.1171546895614646,1
13.541666666666668,5.8125,0.9871420580460957,0.0015891267289302271,0.0,-0.09183383317053834,1
13.958333333333334,5.8125,0.9902250651379106,0.0011855796482284106,0.0,-0.07201828076231061,1
14.375,5.8125,0.9925250322596336,0.0008843907554651575,0.0,-0.05657999078279037,1
14.791666666666668,5.8125,0.9942419575769176,0.000660842028134063,0.0,-0.044572048820351554,1
15.208333333333334,5.8125,0.9955266564381362,0.0004953869524464847,0.0,-0.03522094542976937,1
15.625,5.8125,0.9964914330922259,0.00037291204450304256,0.0,-0.027908660949658055,1
16.041666666666668,5.8125,0.997219058050225,0.000281950430342714,0.0,-0.02214995096457727,1
16.458333333333336,5.8125,0.9977700413348597,0.0002139345368545011,0.0,-0.01756866100417487,1
16.875,5.8125,0.9981883426507994,0.00016253665018188418,0.0,-0.013875473003279985,1
17.291666666666668,5.8125,0.9985057354958553,0.0001231169114610065,0.0,-0.010848343872440274,1
17.708333333333336,5.8125,0.9987450645253642,9.227921384771443e-05,0.0,-0.008316102787008086,1
18.125,5.8125,0.9989226246642458,6.752490890645516e-05,0.0,-0.006145096446786258,1
18.541666666666668,5.8125,0.9990498530147816,4.698060395839181e-05,0.0,-0.004228872728499082,1
18.958333333333336,5.8125,0.999134620926636,2.9310514467778128e-05,0.0,-0.0024743314568586843,1
19.375,5.8125,0.999180476218781,1.195924800899674e-05,0.0,-0.0008646139344990435,1
19.791666666666668,5.8125,0.9992060423606529,1.1050280292164112e-05,0.0,0.0003939113962019295,1
0.20833333333333334,6.1875,0.9900394179463858,0.008964523847149962,0.0,2.49941096164606,1
0.625,6.1875,0.9471289026417695,0.02965493992357328,0.0,2.0107738884038446,1
1.0416666666666667,6.1875,0.8783822880919356,0.032217013165641926,0.0,2.033950559079007,1
1.4583333333333335,6.1875,0.8039126665349576,0.03480564623248132,0.0,2.116229242389598,1
1.875,6.1875,0.7229874689329883,0.03802703160841103,0.0,2.2160291784110604,1
2.291666666666667,6.1875,0.6343564322713817,0.0417409013839741,0.0,2.322868511613613,1
2.7083333333333335,6.1875,0.53719976092168,0.04570010282842906,0.0,2.4264848126706653,1
3.125,6.1875,0.4313024483586063,0.049607478477484084,0.0,2.5156439548918383,1
3.541666666666667,6.1875,0.31710781008125005,0.05316769597020757,0.0,2.577916376239519,1
3.9583333333333335,6.1875,0.1960738509840929,0.05576286721462429,0.0,2.617396728535357,1
4.375,6.1875,0.06705755481656843,0.06035179933331231,0.0,2.4746728359761114,1
4.791666666666667,6.1875,0.0,0.0,0.0,0.0,0
5.208333333333334,6.1875,0.0,0.0,0.0,0.0,0
5.625,6.1875,0.05638880171177446,-0.050749921544167194,0.0,-1.8816239149383653,1
6.041666666666667,6.1875,0.16960718090152882,-0.051146619731697984,0.0,-1.744632728335483,1
6.458333333333334,6.1875,0.28022480107409664,-0.048409238426259514,0.0,-1.6815873618263606,1
6.875,6.1875,0.3838281501515276,-0.044833775743846935,0.0,-1.5979143072307025,1
7.291666666666667,6.1875,0.4789744235848308,-0.040797870346225146,0.0,-1.489779134740231,1
7.708333333333334,6.1875,0.56484676462039,-0.036487236585388244,0.0,-1.3632767838183826,1
8.125,6.1875,0.6410241937766519,-0.03207244965257659,0.0,-1.2253213311990647,1
8.541666666666668,6.1875,0.7074514698813785,-0.02771209883779057,0.0,-1.082489128605231,1
8.958333333333334,6.1875,0.7644016592027736,-0.02354307154753953,0.0,-0.9406204794313424,1
9.375,6.1875,0.8124198685743489,-0.019673316884747515,0.0,-0.8045579961585143,1
9.791666666666668,6.1875,0.8522550502959546,-0.016178346665708505,0.0,-0.6779969233480617,1
10.208333333333334,6.1875,0.8847880033789552,-0.013101311111930117,0.0,-0.5634484816617487,1
10.625,6.1875,0.9109628150387048,-0.010456019387656125,0.0,-0.46230470343836383,1
11.041666666666668,6.1875,0.9317272844827532,-0.00823200311750539,0.0,-0.374982066799516,1
11.458333333333334,6.1875,0.9479857708914854,-0.00640063465418838,0.0,-0.3011149740462139,1
11.875,6.1875,0.9605658026310997,-0.00492139391652458,0.0,-0.23976921788879285,1
12.291666666666668,6.1875,0.9701979932017968,-0.003747577603464795,0.0,-0.18964935216269155,1
12.708333333333334,6.1875,0.9775075227774327,-0.0028309990205337946,0.0,-0.14928069538267147,1
13.125,6.1875,0.9830147194605543,-0.0021254780011169,0.0,-0.1171546895614646,1
13.541666666666668,6.1875,0.9871420580460957,-0.0015891267289302271,0.0,-0.09183383317053834,1
13.958333333333334,6.1875,0.9902250651379106,-0.0011855796482284106,0.0,-0.07201828076231061,1
14.375,6.1875,0.9925250322596336,-0.0008843907554651575,0.0,-0.05657999078279037,1
14.791666666666668,6.1875,0.9942419575769176,-0.000660842028134063,0.0,-0.044572048820351554,1
15.208333333333334,6.1875,0.9955266564381362,-0.0004953869524464847,0.0,-0.03522094542976937,1
15.625,6.1875,0.9964914330922259,-0.00037291204450304256,0.0,-0.027908660949658055,1
16.041666666666668,6.1875,0.997219058050225,-0.000281950430342714,0.0,-0.02214995096457727,1
16.458333333333336,6.1875,0.9977700413348597,-0.0002139345368545011,0.0,-0.01756866100417487,1
16.875,6.1875,0.9981883426507994,-0.00016253665018188418,0.0,-0.013875473003279985,1
17.291666666666668,6.1875,0.9985057354958553,-0.0001231169114610065,0.0,-0.010848343872440274,1
17.708333333333336,6.1875,0.9987450645253642,-9.227921384771443e-05,0.0,-0.008316102787008086,1
18.125,6.1875,0.9989226246642458,-6.752490890645516e-05,0.0,-0.006145096446786258,1
18.541666666666668,6.1875,0.9990498530147816,-4.698060395839181e-05,0.0,-0.004228872728499082,1
18.958333333333336,6.1875,0.999134620926636,-2.9310514467778128e-05,0.0,-0.0024743314568586843,1
19.375,6.1875,0.999180476218781,-1.195924800899674e-05,0.0,-0.0008646139344990435,1
19.791666666666668,6.1875,0.9992060423606529,-1.1050280292164112e-05,0.0,0.0003939113962019295,1
0.20833333333333334,6.5625,1.0064600511383106,0.012115001667610061,0.0,1.1547323845735655,1
0.625,6.5625,1.016121821740386,0.0564283323278588,0.0,0.7325131139093322,1
1.0416666666666667,6.5625,1.0223079888626714,0.06174802343734097,0.0,0.684959618175928,1
1.4583333333333335,6.5625,1.0287737079005277,0.06647814822074576,0.0,0.6585190615273663,1
1.875,6.5625,1.0362886715225978,0.07242374020005447,0.0,0.6265876876437176,1
2.291666666666667,6.5625,1.0448493065609408,0.07940755424982529,0.0,0.5878370981990216,1
2.7083333333333335,6.5625,1.0542704086883852,0.0869954622537592,0.0,0.5429233714718189,1
3.125,6.5625,1.064251279224167,0.09463691686876721,0.0,0.49247411870349816,1
3.541666666666667,6.5625,1.0743936138421217,0.10178533086861452,0.0,0.4356725120257158,1
3.9583333333333335,6.5625,1.084574161695843,0.10691330242922374,0.0,0.38612000589398654,1
4.375,6.5625,1.0918353032709858,0.11878100324452788,0.0,0.21002562530128155,1
4.791666666666667,6.5625,1.0929699008214673,0.0009014576269736208,0.0,0.06594131063638274,1
5.208333333333334,6.5625,1.0909465617130514,0.0009195475716701682,0.0,0.09300163674018447,1
5.625,6.5625,1.0871455973074573,-0.09899852269317444,0.0,0.07884082945231513,1
6.041666666666667,6.5625,1.082260966575347,-0.1003983922000097,0.0,0.1878690310107938,1
6.458333333333334,6.5625,1.0767968328954138,-0.09379560380458109,0.0,0.19852336347473556,1
6.875,6.5625,1.069027423769509,-0.08569795632054428,0.0,0.19415443771572996,1
7.291666666666667,6.5625,1.059580977899702,-0.07706353457279375,0.0,0.1831560896740288,1
7.708333333333334,6.5625,1.049293173339001,-0.06824765518227907,0.0,0.1661238264666288,1
8.125,6.5625,1.0389201434507673,-0.059535990394298244,0.0,0.14394291785879068,1
8.541666666666668,6.5625,1.0290772027954223,-0.05117445999582816,0.0,0.11816237700887143,1
8.958333333333334,6.5625,1.0202150024207688,-0.04335990043526018,0.0,0.09066901861432669,1
9.375,6.5625,1.0126162972262451,-0.036234041750140666,0.0,0.06335680796844345,1
9.791666666666668,6.5625,1.0064094118626783,-0.029883088516602367,0.0,0.037871938169968776,1
10.208333333333334,6.5625,1.0015936578027649,-0.024342048378970547,0.0,0.015453421354602063,1
10.625,6.5625,0.9980712956003435,-0.019602486633469415,0.0,-0.003131865686560115,1
11.041666666666668,6.5625,0.9956809392053384,-0.015622237619801166,0.0,-0.017575090757826147,1
11.458333333333334,6.5625,0.9942283117103897,-0.012335673179924896,0.0,-0.027955755088673484,1
11.875,6.5625,0.9935116366286579,-0.009663376394455133,0.0,-0.03464167058856576,1
12.291666666666668,6.5625,0.9933403629348543,-0.007520420326831491,0.0,-0.03818110237743725,1
12.708333333333334,6.5625,0.9935471331104876,-0.005822826084286201,0.0,-0.03920393154516683,1
13.125,6.5625,0.9939937743717585,-0.004492105100156419,0.0,-0.038342112498851645,1
13.541666666666668,6.5625,0.9945725875025421,-0.003458036180865321,0.0,-0.03617364343187145,1
13.958333333333334,6.5625,0.9952043663362852,-0.002659977522152452,0.0,-0.03318952777994048,1
14.375,6.5625,0.9958344894260891,-0.002047074058381526,0.0,-0.02978019559465451,1
14.791666666666668,6.5625,0.9964281833435862,-0.0015777160315671034,0.0,-0.0262363893711933,1
15.208333333333334,6.5625,0.9969657543346171,-0.0012185558184842032,0.0,-0.022759365992952932,1
15.625,6.5625,0.9974382887146238,-0.0009433231141932584,0.0,-0.0194759045413414,1
16.041666666666668,6.5625,0.997844074143051,-0.0007316087151193649,0.0,-0.016454662655928074,1
16.458333333333336,6.5625,0.9981858105021293,-0.0005677239362767326,0.0,-0.013721585459997198,1
16.875,6.5625,0.9984685610092692,-0.00043969388728115177,0.0,-0.011273063557660947,1
17.291666666666668,6.5625,0.9986983312385724,-0.00033840643861239085,0.0,-0.009086335911259518,1
17.708333333333336,6.5625,0.9988811410528646,-0.0002569146497195516,0.0,-0.0071271549688281775,1
18.125,6.5625,0.9990224585508277,-0.00018987934623214075,0.0,-0.005355010943226098,1
18.541666666666668,6.5625,0.9991268753866314,-0.0001331068329492205,0.0,-0.0037267036781829825,1
18.958333333333336,6.5625,0.9991980535363583,-8.353574072832414e-05,0.0,-0.0021929645923841386,1
19.375,6.5625,0.9992372104147127,-3.4244979923117035e-05,0.0,-0.0007648032662870399,1
19.791666666666668,6.5625,0.9992597058855752,-3.202000215739816e-05,0.0,0.00035737690688903903,1
0.20833333333333334,6.9375,1.0023389969602023,0.004195858375525538,0.0,0.6821607115045507,1
0.625,6.9375,1.0085835553734546,0.05003177949866566,0.0,0.640332348844679,1
1.0416666666666667,6.9375,1.0162706666712742,0.05565862568252802,0.0,0.6103114451103342,1
1.4583333333333335,6.9375,1.0242351874335451,0.05958033015413652,0.0,0.5921900615945529,1
1.875,6.9375,1.0330853260064696,0.0645929662929668,0.0,0.570386699378413,1
2.291666666666667,6.9375,1.0428718481506456,0.0707258866906164,0.0,0.5441413310215633,1
2.7083333333333335,6.9375,1.0534405464935892,0.07768630938534904,0.0,0.5145500548091522,1
3.125,6.9375,1.0644571906725004,0.08504830648773584,0.0,0.48286765675752463,1
3.541666666666667,6.9375,1.0753952990890614,0.09240154251516625,0.0,0.4491594967064785,1
3.9583333333333335,6.9375,1.0858399176735103,0.09773444098487606,0.0,0.42548035946823226,1
4.375,6.9375,1.093164562713323,0.11483265672863976,0.0,0.3134515850831502,1
4.791666666666667,6.9375,1.0933664481157885,0.003646969484618275,0.0,0.15589750583580012,1
5.208333333333334,6.9375,1.0891000218215323,0.0038348245746077977,0.0,0.18048260986243256,1
5.625,6.9375,1.0822555780306071,-0.09233293232419515,0.0,0.11420798901898847,1
6.041666666666667,6.9375,1.073856031115851,-0.0951082226905704,0.0,0.17802644904470544,1
6.458333333333334,6.9375,1.0658238406783562,-0.0869390816085207,0.0,0.1734937827081846,1
6.875,6.9375,1.0569489212207492,-0.07757458278840448,0.0,0.15992119119492898,1
7.291666666666667,6.9375,1.0476491046667684,-0.06831527191568526,0.0,0.1442094852080338,1
7.708333333333334,6.9375,1.0384605780386256,-0.05946721976427449,0.0,0.12657614765431197,1
8.125,6.9375,1.0298216730542715,-0.05120568442418168,0.0,0.1073126508618022,1
8.541666666666668,6.9375,1.0220458513600774,-0.04364787984755348,0.0,0.08713791942917763,1
8.958333333333334,6.9375,1.0153231511179284,-0.03686007002461679,0.0,0.06698045244644164,1
9.375,6.9375,1.0097332065629234,-0.03086408737896905,0.0,0.04777052321458358,1
9.791666666666668,6.9375,1.0052654026390968,-0.02564582252391679,0.0,0.03029383083733726,1
10.208333333333334,6.9375,1.001842363759319,-0.021164400721631553,0.0,0.015109949736001847,1
10.625,6.9375,0.9993434404516768,-0.01736097732547441,0.0,0.0025272982128260475,1
11.041666666666668,6.9375,0.997625694386436,-0.014166454713380277,0.0,-0.007379619781827566,1
11.458333333333334,6.9375,0.9965408684421699,-0.011507747995432287,0.0,-0.014726772143788482,1
11.875,6.9375,0.9959477561378984,-0.009312492943050345,0.0,-0.01976562254037487,1
12.291666666666668,6.9375,0.9957201190501037,-0.00751228408736907,0.0,-0.02282797516608062,1
12.708333333333334,6.9375,0.995750783388351,-0.006044653394034557,0.0,-0.024278028849059136,1
13.125,6.9375,0.9959527838162581,-0.004854055317623765,0.0,-0.024475327002253452,1
13.541666666666668,6.9375,0.9962584610429268,-0.0038921272858796216,0.0,-0.023749425969228667,1
13.958333333333334,6.9375,0.9966173248600592,-0.0031174648004712183,0.0,-0.022385199913155605,1
14.375,6.9375,0.9969933301524225,-0.002495102317597633,0.0,-0.020616720058128236,1
14.791666666666668,6.9375,0.9973620308189983,-0.001995842894790415,0.0,-0.018627338888989684,1
15.208333333333334,6.9375,0.9977079091082508,-0.0015955333050965178,0.0,-0.016553766839016913,1
15.625,6.9375,0.9980220424283494,-0.0012743465516858964,0.0,-0.014492318364109066,1
16.041666666666668,6.9375,0.9983001713511779,-0.0010161081882531862,0.0,-0.012505956698990524,1
16.458333333333336,6.9375,0.9985411680806078,-0.0008076842376256274,0.0,-0.010631218809768623,1
16.875,6.9375,0.99874586733277,-0.0006384383640494447,0.0,-0.008884463772580588,1
17.291666666666668,6.9375,0.998916204323303,-0.0004997584643708136,0.0,-0.007267160647706359,1
17.708333333333336,6.9375,0.9990545999689033,-0.00038464755060781575,0.0,-0.005770149449846198,1
18.125,6.9375,0.9991635372074261,-0.0002873757142321867,0.0,-0.0043768861695071045,1
18.541666666666668,6.9375,0.9992452730691338,-0.00020314789393144242,0.0,-0.0030661057872163307,1
18.958333333333336,6.9375,0.9993017554739129,-0.00012838917398780216,0.0,-0.001808841077341993,1
19.375,6.9375,0.9993332431829565,-5.297167278552516e-05,0.0,-0.0006276436689339568,1
19.791666666666668,6.9375,0.9993516910417308,-5.014230460866599e-05,0.0,0.0002971349969091857,1
0.20833333333333334,7.3125,1.0007607776323217,0.0014060612378383557,0.0,0.5253536282447349,1
0.625,7.3125,1.0049834578019228,0.04340106190545887,0.0,0.6001099920729613,1
1.0416666666666667,7.3125,1.0118918935427814,0.049153350935122006,0.0,0.5819255737629849,1
1.4583333333333335,7.3125,1.0191226912305564,0.05240981829571296,0.0,0.5689580658797314,1
1.875,7.3125,1.027134113002702,0.0565880738430881,0.0,0.5532288488604106,1
2.291666666666667,7.3125,1.0360523346203778,0.06189650975233511,0.0,0.5340191588246651,1
2.7083333333333335,7.3125,1.0458464402180403,0.06818916277386602,0.0,0.5120083049959332,1
3.125,7.3125,1.0563298938415284,0.07519536507266585,0.0,0.4880353685253297,1
3.541666666666667,7.3125,1.0671287400759786,0.0826912247429768,0.0,0.4620260586931868,1
3.9583333333333335,7.3125,1.0778922664269603,0.08835742831452123,0.0,0.443022047039294,1
4.375,7.3125,1.0867250311919654,0.10966800056897366,0.0,0.3655292726855434,1
4.791666666666667,7.3125,1.0888685670188716,0.006700746531179294,0.0,0.18039886417804674,1
5.208333333333334,7.3125,1.0860095913702983,0.007193909267305048,0.0,0.200039922337805,1
5.625,7.3125,1.0797803403612394,-0.08392569170688566,0.0,0.09632774673102106,1
6.041666666666667,7.3125,1.070836893520438,-0.08790676893470617,0.0,0.13973853875311915,1
6.458333333333334,7.3125,1.062119253861836,-0.07906568828165955,0.0,0.13890472347600077,1
6.875,7.3125,1.0530454498649335,-0.06929412500497927,0.0,0.1306618375698916,1
7.291666666666667,7.3125,1.0440219197818355,-0.06010471772219612,0.0,0.12013439315858994,1
7.708333333333334,7.3125,1.0354780329650446,-0.05171860185373223,0.0,0.10761324276444252,1
8.125,7.3125,1.0277191254337197,-0.044196271068307494,0.0,0.09348457152817519,1
8.541666666666668,7.3125,1.0209251132920434,-0.03754444274951202,0.0,0.07843406616922544,1
8.958333333333334,7.3125,1.015169343106764,-0.031732883734349016,0.0,0.06324930715531042,1
9.375,7.3125,1.0104423610892994,-0.026706039755234792,0.0,0.048661901353453434,1
9.791666666666668,7.3125,1.006676303934125,-0.02239339518136832,0.0,0.03525475308352491,1
10.208333333333334,7.3125,1.0037671700401536,-0.01871787256902367,0.0,0.023424158214004266,1
10.625,7.3125,1.001593310888635,-0.01560200126133595,0.0,0.013381433024492783,1
11.041666666666668,7.3125,1.0000294650103816,-0.012971998026076766,0.0,0.005178704997758151,1
11.458333333333334,7.3125,0.9989564184451194,-0.010760119428092988,0.0,-0.0012540810439903992,1
11.875,7.3125,0.9982668638921839,-0.008905721350844897,0.0,-0.006070332195609983,1
12.291666666666668,7.3125,0.9978682640592749,-0.007355442464709681,0.0,-0.009471927700031435,1
12.708333333333334,7.3125,0.9976835610364212,-0.006062860208131193,0.0,-0.01168107682535401,1
13.125,7.3125,0.9976504838483267,-0.004987879423506824,0.0,-0.012919580614491935,1
13.541666666666668,7.3125,0.9977200553434624,-0.004096027027285957,0.0,-0.013394912416427797,1
13.958333333333334,7.3125,0.9978547359103642,-0.0033577549997299613,0.0,-0.013291928571981054,1
14.375,7.3125,0.9980264949170427,-0.0027477999875156634,0.0,-0.012768883596541002,1
14.791666666666668,7.3125,0.998214984822987,-0.0022446167409923504,0.0,-0.011956508941815986,1
15.208333333333334,7.3125,0.9984059096041176,-0.001829882220283457,0.0,-0.010959133853655257,1
15.625,7.3125,0.9985896240140784,-0.001488060586693198,0.0,-0.009857044030964646,1
16.041666666666668,7.3125,0.9987599668391121,-0.0012060187190733023,0.0,-0.008709481910158273,1
16.458333333333336,7.3125,0.9989133126964889,-0.0009726820320355364,0.0,-0.007557869007966882,1
16.875,7.3125,0.9990478179560215,-0.0007787246326045371,0.0,-0.006428959134619805,1
17.291666666666668,7.3125,0.9991628332277822,-0.0006162892456191444,0.0,-0.005337742543801249,1
17.708333333333336,7.3125,0.999258454884373,-0.00047873235804286006,0.0,-0.004290003841796381,1
18.125,7.3125,0.9993351904719634,-0.00036039645996797617,0.0,-0.003284475515113263,1
18.541666666666668,7.3125,0.9993937101647845,-0.0002563571489815935,0.0,-0.0023148573318135025,1
18.958333333333336,7.3125,0.999434758269738,-0.000162957368285381,0.0,-0.0013673145842364321,1
19.375,7.3125,0.99945800130978,-6.766113935264883e-05,0.0,-0.0004695257361606328,1
19.791666666666668,7.3125,0.9994719150185765,-6.45782443345962e-05,0.0,0.00022824921048657124,1
0.20833333333333334,7.6875,1.000242623390017,0.0005030003153612392,0.0,0.47125152582879737,1
0.625,7.6875,1.0034872805745476,0.03758351920599344,0.0,0.571700896543817,1
1.0416666666666667,7.6875,1.009574088286275,0.043275174526279436,0.0,0.5617096769011287,1
1.4583333333333335,7.6875,1.0160312035597605,0.04596887303679316,0.0,0.552014865121096,1
1.875,7.6875,1.0231710309742352,0.04939289483280528,0.0,0.5402130285825437,1
2.291666666666667,7.6875,1.031154728200698,0.053879961804919774,0.0,0.5258388107737113,1
2.7083333333333335,7.6875,1.0400370155555154,0.05939695706073195,0.0,0.5093452260127428,1
3.125,7.6875,1.0497529031920134,0.0658081636476771,0.0,0.49131737245924445,1
3.541666666666667,7.6875,1.0600766284206227,0.0730681118516559,0.0,0.4717070328236775,1
3.9583333333333335,7.6875,1.0707390975374906,0.07869714528593125,0.0,0.4564007777218781,1
4.375,7.6875,1.080550296866265,0.1025487159105543,0.0,0.41010749328989515,1
4.791666666666667,7.6875,1.0841937135020863,0.008611773965612865,0.0,0.2031662005699992,1
5.208333333333334,7.6875,1.082499187272334,0.00938103351497091,0.0,0.2180575557322642,1
5.625,7.6875,1.076845473645331,-0.0754181477881958,0.0,0.08240558125726065,1
6.041666666666667,7.6875,1.0675743601002008,-0.08002120851184469,0.0,0.1082140650340221,1
6.458333333333334,7.6875,1.058469623468004,-0.07091111004966583,0.0,0.11088038810508732,1
6.875,7.6875,1.0494559249932758,-0.06116995101638388,0.0,0.10767631522489673,1
7.291666666666667,7.6875,1.0408859560702768,-0.05239474260783593,0.0,0.10182595380540828,1
7.708333333333334,7.6875,1.0330599032823722,-0.04469563132431213,0.0,0.0936936048605711,1
8.125,7.6875,1.0261512935888621,-0.0380184760974111,0.0,0.0837777265178433,1
8.541666666666668,7.6875,1.0202260332333566,-0.032274892471546086,0.0,0.0727662647627538,1
8.958333333333334,7.6875,1.015270780880717,-0.02736251372249647,0.0,0.061366599518855695,1
9.375,7.6875,1.011219566552449,-0.023176033057393623,0.0,0.05019345545826616,1
9.791666666666668,7.6875,1.007976113257143,-0.01961484248084571,0.0,0.0397168997676884,1
10.208333333333334,7.6875,1.005430980401698,-0.016587585203065816,0.0,0.030252276242566743,1
10.625,7.6875,1.003473612314885,-0.014014184116191982,0.0,0.021975089478309073,1
11.041666666666668,7.6875,1.0019999779544972,-0.011826082953596627,0.0,0.01494762699924704,1
11.458333333333334,7.6875,1.0009167627551454,-0.009965398914106258,0.0,0.0091483658437402,1
11.875,7.6875,1.0001430999424679,-0.008383546243999155,0.0,0.004499008690058514,1
12.291666666666668,7.6875,0.9996107030823664,-0.007039720559913264,0.0,0.0008868337812646129,1
12.708333333333334,7.6875,0.9992630692461537,-0.005899478948470366,0.0,-0.0018181388978267545,1
13.125,7.6875,0.9990542237946753,-0.004933530310229227,0.0,-0.003750702726878787,1
13.541666666666668,7.6875,0.9989473082072657,-0.004116766454328947,0.0,-0.00504190149978255,1
13.958333333333334,7.6875,0.9989131849211247,-0.003427517113380389,0.0,-0.005813481436294422,1
14.375,7.6875,0.9989291472354966,-0.0028469870539490063,0.0,-0.006174600400814555,1
14.791666666666668,7.6875,0.9989777701905886,-0.002358831246392838,0.0,-0.006220195646741833,1
15.208333333333334,7.6875,0.9990459099544573,-0.0019488258052713782,0.0,-0.006030546333186083,1
15.625,7.6875,0.999123845623876,-0.001604602073275778,0.0,-0.0056716822048573715,1
16.041666666666668,7.6875,0.9992045519993791,-0.00131542151084594,0.0,-0.005196356214045327,1
16.458333333333336,7.6875,0.9992830904401968,-0.0010719751101037698,0.0,-0.0046453700881670685,1
16.875,7.6875,0.9993561048843328,-0.0008661992948883204,0.0,-0.0040490810304496805,1
17.291666666666668,7.6875,0.9994214107803372,-0.0006911036438749512,0.0,-0.003428957890910825,1
17.708333333333336,7.6875,0.9994776652239643,-0.0005406064635239757,0.0,-0.0027991029033369906,1
18.125,7.6875,0.9995241077551452,-0.0004093826719693041,0.0,-0.0021676567802758778,1
18.541666666666668,7.6875,0.999560357795372,-0.0002926636977235409,0.0,-0.0015382723040792913,1
18.958333333333336,7.6875,0.9995863332032725,-0.0001869719747571154,0.0,-0.0009081765925770996,1
19.375,7.6875,0.9996013824249068,-7.81095581806045e-05,0.0,-0.00030501210863771445,1
19.791666666666668,7.6875,0.9996106657708663,-7.500717049759535e-05,0.0,0.00015733230449753468,1
0.20833333333333334,8.0625,1.0000770497790257,0.00021529446474123398,0.0,0.449903580940549,1
0.625,8.0625,1.0027817490263549,0.03251680427088585,0.0,0.5495146286132605,1
1.0416666666666667,8.0625,1.0081975222899904,0.03798956658521278,0.0,0.5455152605880935,1
1.4583333333333335,8.0625,1.0140165949929627,0.04020591180115331,0.0,0.5380910314576374,1
1.875,8.0625,1.020419059767208,0.04296779310098779,0.0,0.5289472870853429,1
2.291666666666667,8.0625,1.027572854704588,0.04668132059390191,0.0,0.517972683249207,1
2.7083333333333335,8.0625,1.035585536226412,0.05139012629073105,0.0,0.5055243697448688,1
3.125,8.0625,1.0444831508984969,0.057062842345191905,0.0,0.4920589568684237,1
3.541666666666667,8.0625,1.0541693309046938,0.06380451844722107,0.0,0.4776816483910452,1
3.9583333333333335,8.0625,1.0644591402461805,0.06910368808118664,0.0,0.46526583532964216,1
4.375,8.0625,1.0748100092447666,0.09399631162229893,0.0,0.4460700798784543,1
4.791666666666667,8.0625,1.0795562916002075,0.009613449161653435,0.0,0.22376426550248865,1
5.208333333333334,8.0625,1.078804264351892,0.010581256446079275,0.0,0.2338541641288415,1
5.625,8.0625,1.0736931836062302,-0.06693005578599051,0.0,0.0725773687020643,1
6.041666666666667,8.0625,1.0643091686138146,-0.07171968483110888,0.0,0.08361372103450067,1
6.458333333333334,8.0625,1.0550824099151286,-0.06271428793385282,0.0,0.08929642548265178,1
6.875,8.0625,1.0463237336323852,-0.053371635857960384,0.0,0.09045777604006289,1
7.291666666666667,8.0625,1.0383059396541614,-0.04526407116253933,0.0,0.08849889494420633,1
7.708333333333334,8.0625,1.0311981145492966,-0.0383858126708363,0.0,0.08387536754485744,1
8.125,8.0625,1.0250582343857864,-0.032584653883015985,0.0,0.07721770884635965,1
8.541666666666668,8.0625,1.0198648264305015,-0.027701913200878343,0.0,0.06924646077787468,1
8.958333333333334,8.0625,1.0155472418234586,-0.02358993972179799,0.0,0.060633129474840786,1
9.375,8.0625,1.0120092691233806,-0.020118338724130734,0.0,0.051928851344188454,1
9.791666666666668,8.0625,1.0091458958392763,-0.01717639289671953,0.0,0.04354356070894996,1
10.208333333333334,8.0625,1.0068540977574147,-0.014672796955871953,0.0,0.035754200229849174,1
10.625,8.0625,1.0050389565623399,-0.012533714015664188,0.0,0.02872637390616891,1
11.041666666666668,8.0625,1.0036164657991524,-0.01070004044642402,0.0,0.022539566197036884,1
11.458333333333334,8.0625,1.0025142157557032,-0.009124522702207323,0.0,0.017210587833323007,1
11.875,8.0625,1.0016708740449731,-0.00776911838427699,0.0,0.012713040753573917,1
12.291666666666668,8.0625,1.0010350938009798,-0.006602789026639131,0.0,0.008992446054052446,1
12.708333333333334,8.0625,1.0005642387948979,-0.005599770526018539,0.0,0.0059775420601442695,1
13.125,8.0625,1.0002231354713933,-0.0047382848323361485,0.0,0.003588547864050435,1
13.541666666666668,8.0625,0.9999829446061561,-0.003999616119222622,0.0,0.0017431190928215458,1
13.958333333333334,8.0625,0.9998201780175899,-0.003367466551260907,0.0,0.00036059017675216644,1
14.375,8.0625,0.9997158531858512,-0.0028275113350664446,0.0,-0.0006350940309552003,1
14.791666666666668,8.0625,0.9996547671172586,-0.0023670901559111647,0.0,-0.0013134496735835322,1
15.208333333333334,8.0625,0.9996248701924778,-0.0019749854505047657,0.0,-0.0017363256605583063,1
15.625,8.0625,0.9996167241370735,-0.0016412530887286898,0.0,-0.0019574049438152207,1
16.041666666666668,8.0625,0.9996230326367244,-0.0013570838955060801,0.0,-0.0020221923217919463,1
16.458333333333336,8.0625,0.9996382364168328,-0.0011146807331486289,0.0,-0.0019683707108217154,1
16.875,8.0625,0.9996581667670952,-0.000907143995680239,0.0,-0.0018264120202589112,1
17.291666666666668,8.0625,0.9996797527035213,-0.0007283615982960183,0.0,-0.0016203532867924645,1
17.708333333333336,8.0625,0.9997007773681529,-0.0005728997105500018,0.0,-0.0013686652849884296,1
18.125,8.0625,0.9997196797781795,-0.0004358998737416441,0.0,-0.0010851453685608266,1
18.541666666666668,8.0625,0.999735395279057,-0.00031291547879092236,0.0,-0.0007799384952987175,1
18.958333333333336,8.0625,0.9997472819653317,-0.00020079606901932836,0.0,-0.0004582785439631546,1
19.375,8.0625,0.9997545630788404,-8.43827574181201e-05,0.0,-0.00014399529338729645,1
19.791666666666668,8.0625,0.9997593675690223,-8.141302218204777e-05,0.0,8.842150080853718e-05,1
0.20833333333333334,8.4375,1.0000261122947622,0.0001224486009253889,0.0,0.4389573561176123,1
0.625,8.4375,1.0023948089926313,0.02804359379018394,0.0,0.5315724783448729,1
1.0416666666666667,8.4375,1.0073002834825768,0.03317365409173863,0.0,0.5320725831989805,1
1.4583333333333335,8.4375,1.0126300831029922,0.03498783920370018,0.0,0.5262949674984954,1
1.875,8.4375,1.01844940338267,0.037186259153625945,0.0,0.5189675821798281,1
2.291666666666667,8.4375,1.0249150881665505,0.04020532279948333,0.0,0.5103561144907708,1
2.7083333333333335,8.4375,1.032161417540058,0.04413301428943445,0.0,0.5007941146569493,1
3.125,8.4375,1.0402756538897835,0.049009288436088455,0.0,0.49068565249580715,1
3.541666666666667,8.4375,1.0492641419126163,0.05505087113554657,0.0,0.48035841952130576,1
3.9583333333333335,8.4375,1.0590171479756267,0.05981880153031936,0.0,0.470005073960007,1
4.375,8.4375,1.069554592035599,0.08448171641824169,0.0,0.4731466285407292,1
4.791666666666667,8.4375,1.0750598758204872,0.00990163483776587,0.0,0.24194487288351088,1
5.208333333333334,8.4375,1.0750531930374416,0.010975909796400871,0.0,0.2470136975332554,1
5.625,8.4375,1.0704526077194318,-0.05858420967795776,0.0,0.06671585872151269,1
6.041666666666667,8.4375,1.0611502183100616,-0.06324776697564459,0.0,0.06561891177478188,1
6.458333333333334,8.4375,1.052021082487376,-0.05466590071897297,0.0,0.07356495627131122,1
6.875,8.4375,1.0436527034959822,-0.046005673328943786,0.0,0.07814343542360905,1
7.291666666666667,8.4375,1.0362274725162544,-0.038731311235342236,0.0,0.07914367344838152,1
7.708333333333334,8.4375,1.0297957948913476,-0.03273302014640246,0.0,0.07712549384003924,1
8.125,8.4375,1.0243237463534034,-0.027786710579577892,0.0,0.07285277175864738,1
8.541666666666668,8.4375,1.019729479594135,-0.023690949258924558,0.0,0.06708723623737739,1
8.958333333333334,8.4375,1.0159095954899322,-0.020277181813476305,0.0,0.060483279586095506,1
9.375,8.4375,1.0127563978728453,-0.01740904333546032,0.0,0.05355313391238146,1
9.791666666666668,8.4375,1.0101679563454842,-0.014979054950530674,0.0,0.04667041093964606,1
10.208333333333334,8.4375,1.0080530123021147,-0.012904066989661001,0.0,0.04009067683641967,1
10.625,8.4375,1.0063325476497629,-0.011120398721547346,0.0,0.0339765941526345,1
11.041666666666668,8.4375,1.0049394477103442,-0.009579324110452207,0.0,0.028421299058052612,1
11.458333333333334,8.4375,1.0038172604628328,-0.008243245472140611,0.0,0.023467599527692628,1
11.875,8.4375,1.0029186747418573,-0.007082660920387201,0.0,0.01912271520200308,1
12.291666666666668,8.4375,1.0022040519456832,-0.006073883746117668,0.0,0.015369237852807124,1
12.708333333333334,8.4375,1.0016401539474662,-0.005197398095027805,0.0,0.012173215638687968,1
13.125,8.4375,1.0011990983193964,-0.004436714204757199,0.0,0.009490171081602982,1
13.541666666666668,8.4375,1.0008575177963328,-0.003777592494486572,0.0,0.007269642503229336,1
13.958333333333334,8.4375,1.0005958821979948,-0.0032075282014862342,0.0,0.005458639075151654,1
14.375,8.4375,1.0003979414604918,-0.0027154106634250195,0.0,0.0040042601517685525,1
14.791666666666668,8.4375,1.0002502566298102,-0.002291297010685093,0.0,0.002855627952914724,1
15.208333333333334,8.4375,1.0001417954946468,-0.0019262563357864285,0.0,0.0019652491483264627,1
15.625,8.4375,1.0000635780338145,-0.001612255041612956,0.0,0.0012898885835426778,1
16.041666666666668,8.4375,1.000008362946804,-0.0013420660225657729,0.0,0.0007910380816677417,1
16.458333333333336,8.4375,0.9999703705087153,-0.0011091888212268947,0.0,0.000435055734833322,1
16.875,8.4375,0.9999450391212972,-0.0009077749767059135,0.0,0.00019304518478702778,1
17.291666666666668,8.4375,0.9999288139950102,-0.0007325553460401689,0.0,4.054274996094376e-05,1
17.708333333333336,8.4375,0.9999189667711541,-0.0005787656527865082,0.0,-4.293466432167967e-05,1
18.125,8.4375,0.9999134451037504,-0.0004420765891256658,0.0,-7.44268506175238e-05,1
18.541666666666668,8.4375,0.9999107498823635,-0.00031845700527462835,0.0,-6.818576604656665e-05,1
18.958333333333336,8.4375,0.9999098663556022,-0.00020515737391162402,0.0,-3.518016718448326e-05,1
19.375,8.4375,0.9999100221946189,-8.67146998896499e-05,0.0,7.0827215082654056e-06,1
19.791666666666668,8.4375,0.9999106532214808,-8.397304357877347e-05,0.0,2.3966849232666062e-05,1
0.20833333333333334,8.8125,1.0000114246022414,8.866539718001184e-05,0.0,0.43153629080174066,1
0.625,8.8125,1.0021525358500734,0.024018549850414635,0.0,0.5169553436761647,1
1.0416666666666667,8.8125,1.0066783232779604,0.028710562310794815,0.0,0.5208725126097609,1
1.4583333333333335,8.8125,1.0116428368366468,0.03018604912487599,0.0,0.5163172151164768,1
1.875,8.8125,1.0170148666084922,0.03191583418655183,0.0,0.5102263674937709,1
2.291666666666667,8.8125,1.0229304081021904,0.034332644123514916,0.0,0.503220000497722,1
2.7083333333333335,8.8125,1.0295315136765737,0.03754300152241241,0.0,0.4956384899106748,1
3.125,8.8125,1.036940844997173,0.0416280903097275,0.0,0.4878670115107549,1
3.541666666666667,8.8125,1.0452385670546231,0.046874480196886156,0.0,0.4804670928659902,1
3.9583333333333335,8.8125,1.0543743004263724,0.05099532697719859,0.0,0.47138302095806195,1
4.375,8.8125,1.0648283902934672,0.0744128104329175,0.0,0.49182904030229324,1
4.791666666666667,8.8125,1.0708060366259118,0.009635903714300304,0.0,0.2576751231438871,1
5.208333333333334,8.8125,1.0713732055041918,0.010737203432604212,0.0,0.2573981478657027,1
5.625,8.8125,1.0672475921075613,-0.050491924469903096,0.0,0.0644275088958639,1
6.041666666666667,8.8125,1.0581869818739078,-0.05481335250348235,0.0,0.05353208743258323,1
6.458333333333334,8.8125,1.0493215192089882,-0.04690517655368075,0.0,0.06284353714017596,1
6.875,8.8125,1.0414225419726526,-0.03912577689178837,0.0,0.06979139944877005,1
7.291666666666667,8.8125,1.0345845588702511,-0.032774315005013356,0.0,0.07282209434478398,1
7.708333333333334,8.8125,1.028760427019051,-0.027659787855594566,0.0,0.07259112533395244,1
8.125,8.8125,1.0238500046644547,-0.023515719074598637,0.0,0.06997299890081857,1
8.541666666666668,8.8125,1.0197348630026344,-0.02012347318899796,0.0,0.06575841346244801,1
8.958333333333334,8.8125,1.0162973026283448,-0.017312957847703342,0.0,0.060584018005629854,1
9.375,8.8125,1.013430123202545,-0.014954927958195934,0.0,0.05492943452725012,1
9.791666666666668,8.8125,1.0110404567601252,-0.012952873150363836,0.0,0.049139447073273536,1
10.208333333333334,8.8125,1.0090501023852678,-0.011235480211142939,0.0,0.04345263973261996,1
10.625,8.8125,1.0073940996880433,-0.00975016488755694,0.0,0.038027939010178625,1
11.041666666666668,8.8125,1.006018659751557,-0.008457872052886783,0.0,0.0329660304359881,1
11.458333333333334,8.8125,1.0048790844245672,-0.00732911120899353,0.0,0.028325428011749528,1
11.875,8.8125,1.0039379657197016,-0.006341061196483085,0.0,0.024134120390693778,1
12.291666666666668,8.8125,1.0031637501618929,-0.00547552894931965,0.0,0.02039797236792396,1
12.708333333333334,8.8125,1.0025296453116264,-0.004717550324620981,0.0,0.017106893721954647,1
13.125,8.8125,1.0020128025843613,-0.004054453453374161,0.0,0.01423950506578646,1
13.541666666666668,8.8125,1.0015937038775535,-0.0034752419357981764,0.0,0.011766774155718229,1
13.958333333333334,8.8125,1.001255689751376,-0.002970194000341906,0.0,0.009654899390551502,1
14.375,8.8125,1.0009845823767725,-0.002530601561416679,0.0,0.007867604105466173,1
14.791666666666668,8.8125,1.0007683712929953,-0.0021485997869172373,0.0,0.00636793553784379,1
15.208333333333334,8.8125,1.0005969417955913,-0.0018170519866839373,0.0,0.005119634046781353,1
15.625,8.8125,1.0004618341740201,-0.0015294668181594835,0.0,0.004088123993056897,1
16.041666666666668,8.8125,1.0003560275284644,-0.001279934692112412,0.0,0.003241177675211812,1
16.458333333333336,8.8125,1.0002737451671957,-0.0010630728391971484,0.0,0.002549297530130152,1
16.875,8.8125,1.0002102804015747,-0.0008739744261955188,0.0,0.00198586772918121,1
17.291666666666668,8.8125,1.000161842426152,-0.0007081591025568378,0.0,0.0015271164958253738,1
17.708333333333336,8.8125,1.0001254222914557,-0.0005615212696297184,0.0,0.0011519328322954308,1
18.125,8.8125,1.0000986792557525,-0.0004302827329650808,0.0,0.0008415778705632337,1
18.541666666666668,8.8125,1.000079848005465,-0.0003108770316518167,0.0,0.0005793216540623984,1
18.958333333333336,8.8125,1.000067670800675,-0.00020098268376512888,0.0,0.0003501401429241566,1
19.375,8.8125,1.000061461198192,-8.544099166102491e-05,0.0,0.00014426783437253396,1
19.791666666666668,8.8125,1.0000583160971428,-8.298408161995544e-05,0.0,-3.456381806309685e-05,1
0.20833333333333334,9.1875,1.0000077070503859,7.144691486030808e-05,0.0,0.4256575465406105,1
0.625,9.1875,1.0019864148450557,0.020327931203170092,0.0,0.5051014347655015,1
1.0416666666666667,9.1875,1.006230547461806,0.02450825292268925,0.0,0.5116200554460821,1
1.4583333333333335,9.1875,1.0109246592590635,0.025695595697444732,0.0,0.5079865507170036,1
1.875,9.1875,1.015959087917397,0.027040475027198942,0.0,0.50273363624051,1
2.291666666666667,9.1875,1.0214451736369026,0.028946538795897588,0.0,0.4967902764830305,1
2.7083333333333335,9.1875,1.0275205069685676,0.031520311845548134,0.0,0.4905088056837035,1
3.125,9.1875,1.0343231839919653,0.03485997249107793,0.0,0.48426037369284974,1
3.541666666666667,9.1875,1.041980513970421,0.03928305119436716,0.0,0.4788075171692367,1
3.9583333333333335,9.1875,1.0504833121174042,0.04271207761509452,0.0,0.4703078672167294,1
4.375,9.1875,1.0606643892074212,0.06412440953449891,0.0,0.5031657907629282,1
4.791666666666667,9.1875,1.0668876935350649,0.008943449016921498,0.0,0.27105473672432867,1
5.208333333333334,9.1875,1.067883720897107,0.010022781512485156,0.0,0.2651045848073318,1
5.625,9.1875,1.064191998427784,-0.042741900270522874,0.0,0.06510350524429327,1
6.041666666666667,9.1875,1.0554898541444127,-0.04657689763674723,0.0,0.04639435529484742,1
6.458333333333334,9.1875,1.0469979979235338,-0.03952004442594857,0.0,0.056163419286939055,1
6.875,9.1875,1.0395982234812071,-0.03274203251673684,0.0,0.06448185645402794,1
7.291666666666667,9.1875,1.0333088871118927,-0.02734347186742022,0.0,0.06872333514449323,1
7.708333333333334,9.1875,1.028009919744573,-0.02307984170970176,0.0,0.0696061715452224,1
8.125,9.1875,1.0235587690884582,-0.019670249519172334,0.0,0.0680740276238024,1
8.541666666666668,9.1875,1.0198191684319315,-0.016899674661409462,0.0,0.06492137350790192,1
8.958333333333334,9.1875,1.0166715548675462,-0.014610099834716294,0.0,0.060756227518101426,1
9.375,9.1875,1.014015826229084,-0.012687168715202146,0.0,0.05602314433356662,1
9.791666666666668,9.1875,1.0117702593652784,-0.011048922419787938,0.0,0.05103854444331274,1
10.208333333333334,9.1875,1.0098687885987978,-0.009636788320878492,0.0,0.046023760984125445,1
10.625,9.1875,1.0082579197492603,-0.008408672387399709,0.0,0.04113132066470041,1
11.041666666666668,9.1875,1.006893926383456,-0.007333874579900739,0.0,0.03646419353584352,1
11.458333333333334,9.1875,1.0057405752784534,-0.00638947489651142,0.0,0.032089326730517544,1
11.875,9.1875,1.0047674044279793,-0.005557836911888617,0.0,0.028047057924498624,1
12.291666666666668,9.1875,1.0039484739898974,-0.004824921841987095,0.0,0.024357779840240273,1
12.708333333333334,9.1875,1.0032614799023643,-0.004179168390564591,0.0,0.021026826740949474,1
13.125,9.1875,1.002687125962912,-0.0036107583810065704,0.0,0.01804822073340482,1
13.541666666666668,9.1875,1.0022086707159343,-0.0031111384379945975,0.0,0.015407649738104443,1
13.958333333333334,9.1875,1.0018115881786718,-0.0026727104882051577,0.0,0.01308489088975573,1
14.375,9.1875,1.0014833010761433,-0.0022886300384910045,0.0,0.011055795961189054,1
14.791666666666668,9.1875,1.0012129600996922,-0.0019526744586711505,0.0,0.009293903682221718,1
15.208333333333334,9.1875,1.0009912531512621,-0.0016591545137769458,0.0,0.007771724434041125,1
15.625,9.1875,1.0008102354416741,-0.001402851493674459,0.0,0.006461729681645042,1
16.041666666666668,9.1875,1.0006631756530249,-0.0011789702320089287,0.0,0.005337079868412965,1
16.458333333333336,9.1875,1.000544415991702,-0.0009830994831072463,0.0,0.004372121261913428,1
16.875,9.1875,1.0004492453595732,-0.0008111759310985781,0.0,0.0035426819232043287,1
17.291666666666668,9.1875,1.0003737856846897,-0.0006594497189010022,0.0,0.0028262013780692794,1
17.708333333333336,9.1875,1.0003148918335907,-0.0005244480747774031,0.0,0.0022017208777790533,1
18.125,9.1875,1.00027006574128,-0.00040294372691534336,0.0,0.0016497660173511509,1
18.541666666666668,9.1875,1.0002373875110262,-0.00029185751603310304,0.0,0.0011522250415207957,1
18.958333333333336,9.1875,1.0002154458132084,-0.0001892951919009809,0.0,0.0006912542996593085,1
19.375,9.1875,1.000203685327736,-8.095540175149312e-05,0.0,0.00026534395386163537,1
19.791666666666668,9.1875,1.0001972130722585,-7.88140479789357e-05,0.0,-8.630842457438502e-05,1
0.20833333333333334,9.5625,1.0000072652205538,5.797187477410278e-05,0.0,0.42081925357269445,1
0.625,9.5625,1.001867010621429,0.016886798373589935,0.0,0.49559993564252186,1
1.0416666666666667,9.5625,1.0059017051107826,0.02049844136079494,0.0,0.5040888905848605,1
1.4583333333333335,9.5625,1.010396049256129,0.021435796908292427,0.0,0.501158326629156,1
1.875,9.5625,1.0151784160466018,0.02246515790980959,0.0,0.4964726606585683,1
2.291666666666667,9.5625,1.020335660882462,0.023942858414435872,0.0,0.4912169307278703,1
2.7083333333333335,9.5625,1.0259942678376022,0.02596344597411545,0.0,0.4857488645957787,1
3.125,9.5625,1.0322940562477916,0.02862461948327561,0.0,0.480415979692744,1
3.541666666666667,9.5625,1.0393876991285271,0.03224252863742713,0.0,0.47612412800154247,1
3.9583333333333335,9.5625,1.0472902706660667,0.03498776746081342,0.0,0.46768511243881905,1
4.375,9.5625,1.0570836789446538,0.053871682856946726,0.0,0.5085667751278734,1
4.791666666666667,9.5625,1.0633857020562776,0.007923380998589092,0.0,0.2822514567920919,1
5.208333333333334,9.5625,1.0646919816704261,0.00897077325557431,0.0,0.27041042893939865,1
5.625,9.5625,1.061386718770317,-0.035392605176950656,0.0,0.06798418804223688,1
6.041666666666667,9.5625,1.0531119064233336,-0.03864693176078951,0.0,0.0431023390823122,1
6.458333333333334,9.5625,1.0450494085885542,-0.03255109165179624,0.0,0.05253434934685819,1
6.875,9.5625,1.0381378839713926,-0.026830816139261214,0.0,0.061382825408983266,1
7.291666666666667,9.5625,1.03233628481199,-0.022372846277016356,0.0,0.06618570418393913,1
7.708333333333334,9.5625,1.0274755326986482,-0.01890671977984204,0.0,0.06767463203375819,1
8.125,9.5625,1.0233902204690977,-0.01616055485775815,0.0,0.0668132429840774,1
8.541666666666668,9.5625,1.01993945745614,-0.013938042025813984,0.0,0.06437146956277279,1
8.958333333333334,9.5625,1.0170091191455684,-0.012101575788709504,0.0,0.060915951606133834,1
9.375,9.5625,1.0145089544319301,-0.010555388745291494,0.0,0.05685202353837032,1
9.791666666666668,9.5625,1.0123681400025744,-0.00923295922661849,0.0,0.052466847596876004,1
10.208333333333334,9.5625,1.010530837334937,-0.0080878554239445,0.0,0.047963726636904985,1
10.625,9.5625,1.0089524151044351,-0.0070872433114798905,0.0,0.043486776524721424,1
11.041666666666668,9.5625,1.0075965178821955,-0.00620740212461421,0.0,0.03913778661104562,1
11.458333333333334,9.5625,1.006432922270406,-0.005430695311369066,0.0,0.0349875324382858,1
11.875,9.5625,1.0054360287047368,-0.004743558528392349,0.0,0.031083438428901964,1
12.291666666666668,9.5625,1.0045838239415619,-0.004135178547040352,0.0,0.027454944890686662,1
12.708333333333334,9.5625,1.0038571721062168,-0.003596630354465911,0.0,0.024117461241061226,1
13.125,9.5625,1.0032393255080607,-0.0031203159258536314,0.0,0.021075426769913662,1
13.541666666666668,9.5625,1.0027155779655739,-0.002699598370262459,0.0,0.018324784506657456,1
13.958333333333334,9.5625,1.0022730086057035,-0.0023285638348412505,0.0,0.015855027197214284,1
14.375,9.5625,1.0019002824824255,-0.0020018647833988474,0.0,0.013650910330124902,1
14.791666666666668,9.5625,1.0015874869940251,-0.001714616899356227,0.0,0.011693876978486421,1
15.208333333333334,9.5625,1.001325991357234,-0.001462329745475555,0.0,0.009963228723079202,1
15.625,9.5625,1.0011083218159431,-0.0012408577283010826,0.0,0.008437066063898368,1
16.041666666666668,9.5625,1.0009280486007675,-0.0010463642881975285,0.0,0.007093018628251386,1
16.458333333333336,9.5625,1.0007796827119266,-0.0008752924263788333,0.0,0.005908786610991086,1
16.875,9.5625,1.0006585818351428,-0.0007243386267332482,0.0,0.004862514547552886,1
17.291666666666668,9.5625,1.000560865351717,-0.0005904284802815045,0.0,0.003933016928856166,1
17.708333333333336,9.5625,1.0004833389095236,-0.0004706910536924908,0.0,0.00309988380733977,1
18.125,9.5625,1.0004234293335368,-0.00036243866232071723,0.0,0.002343483496208057,1
18.541666666666668,9.5625,1.0003791343873507,-0.00026308673212217885,0.0,0.0016450342723226597,1
18.958333333333336,9.5625,1.000348950100881,-0.00017115259714293882,0.0,0.0009847883272102239,1
19.375,9.5625,1.0003324705547938,-7.36819724148577e-05,0.0,0.00036926316501798684,1
19.791666666666668,9.5625,1.0003231461431201,-7.18704722565609e-05,0.0,-0.00013077155330125425,1
0.20833333333333334,9.9375,1.0000084779189407,4.380305097883971e-05,0.0,0.4169617653244951,1
0.625,9.9375,1.0017810868867132,0.013631848267859327,0.0,0.4881324701290357,1
1.0416666666666667,9.9375,1.0056600838337992,0.016631069172407212,0.0,0.4980915077428125,1
1.4583333333333335,9.9375,1.0100072208261466,0.01734583606527698,0.0,0.4956991196808916,1
1.875,9.9375,1.0146035076607163,0.018114330479846084,0.0,0.4913980183974086,1
2.291666666666667,9.9375,1.01951387419424,0.019232835605571125,0.0,0.4865779187533368,1
2.7083333333333335,9.9375,1.0248512513885717,0.02077708304982164,0.0,0.4815930036213229,1
3.125,9.9375,1.0307491353091396,0.0228330773151326,0.0,0.47675473344744335,1
3.541666666666667,9.9375,1.0373697758902187,0.025691215697152676,0.0,0.4730488967658163,1
3.9583333333333335,9.9375,1.044738972071459,0.027794489459150844,0.0,0.4643294136207252,1
4.375,9.9375,1.054097313024085,0.04382838655331041,0.0,0.5096213449228949,1
4.791666666666667,9.9375,1.060367607601186,0.006651591384668443,0.0,0.29145382747024845,1
5.208333333333334,9.9375,1.061890538193441,0.007696273690222157,0.0,0.2737140182400365,1
5.625,9.9375,1.058918033014142,-0.028468114332372924,0.0,0.07223199559895813,1
6.041666666666667,9.9375,1.0510913484220215,-0.031080075357190082,0.0,0.04251633509615918,1
6.458333333333334,9.9375,1.0434648686841959,-0.025997868235674498,0.0,0.05102376077636013,1
6.875,9.9375,1.0369987502937357,-0.021344160845921042,0.0,0.05978594578450266,1
7.291666666666667,9.9375,1.031610511550343,-0.01778864745742624,0.0,0.06469474212012924,1
7.708333333333334,9.9375,1.0271024000473759,-0.015058941344495543,0.0,0.0664422387887858,1
8.125,9.9375,1.023300420077601,-0.0129097703195164,0.0,0.0659671834043579,1
8.541666666666668,9.9375,1.0200671520556326,-0.01117319864066009,0.0,0.06399205045676103,1
8.958333333333334,9.9375,1.017297260276953,-0.009736212097659128,0.0,0.06103336453751724,1
9.375,9.9375,1.014910597930713,-0.008522608082851893,0.0,0.05745547254094078,1
9.791666666666668,9.9375,1.0128457911898237,-0.007480680835426118,0.0,0.0535167996155018,1
10.208333333333334,9.9375,1.0110550601891992,-0.006574903507270447,0.0,0.049403009748677784,1
10.625,9.9375,1.0095003485176302,-0.005780374709232816,0.0,0.0452491620455898,1
11.041666666666668,9.9375,1.0081505714869459,-0.005079163901381636,0.0,0.041154098954841706,1
11.458333333333334,9.9375,1.0069797233263837,-0.0044579341438374595,0.0,0.0371897907925653,1
11.875,9.9375,1.0059656003604531,-0.003906404824742683,0.0,0.03340756941359531,1
12.291666666666668,9.9375,1.0050889459421612,-0.0034163589869092847,0.0,0.029842494226199202,1
12.708333333333334,9.9375,1.004332874906479,-0.002980999325643042,0.0,0.026516587989671242,1
13.125,9.9375,1.0036824793156667,-0.002594528978407136,0.0,0.02344138070983246,1
13.541666666666668,9.9375,1.0031245501704606,-0.0022518762877797678,0.0,0.020619986900520044,1
13.958333333333334,9.9375,1.0026473727036753,-0.0019485137662602495,0.0,0.018048853976311324,1
14.375,9.9375,1.0022405683978275,-0.001680337464580278,0.0,0.015719247511995424,1
14.791666666666668,9.9375,1.00189496679485,-0.0014435868366212959,0.0,0.013618510824099662,1
15.208333333333334,9.9375,1.0016024966834127,-0.0012347906332609722,0.0,0.011731125229634836,1
15.625,9.9375,1.0013560904665493,-0.001050728650378927,0.0,0.010039587321899517,1
16.041666666666668,9.9375,1.0011495980958462,-0.0008884043264522096,0.0,0.00852511472177456,1
16.458333333333336,9.9375,1.0009777087090415,-0.000745022631310833,0.0,0.007168199310651654,1
16.875,9.9375,1.000835879175398,-0.0006179710403597753,0.0,0.005949017203351915,1
17.291666666666668,9.9375,1.0007202693275832,-0.0005048023587304406,0.0,0.004847711918308312,1
17.708333333333336,9.9375,1.0006276843207216,-0.0004032168729016659,0.0,0.003844575351731162,1
18.125,9.9375,1.0005555248275737,-0.00031105068018446105,0.0,0.002920132762194792,1
18.541666666666668,9.9375,1.0005017512544085,-0.00022621304584695943,0.0,0.0020553761521290514,1
18.958333333333336,9.9375,1.0004648081454337,-0.0001476116273981807,0.0,0.0012293330162100997,1
19.375,9.9375,1.0004444372368202,-6.405752835125031e-05,0.0,0.00045572533529516905,1
19.791666666666668,9.9375,1.0004327462682499,-6.258106834769686e-05,0.0,-0.00016765206688536976,1
0.20833333333333334,10.3125,1.0000128992835968,2.4563571366747286e-05,0.0,0.4142487959258685,1
0.625,10.3125,1.0017247981394954,0.010515030708693605,0.0,0.48245801073838557,1
1.0416666666666667,10.3125,1.00548896516732,0.01286903915264794,0.0,0.49347996587376763,1
1.4583333333333335,10.3125,1.009728472244642,0.0133798864153876,0.0,0.49149593763471766,1
1.875,10.3125,1.0141896283217806,0.013928581495695784,0.0,0.48745455021215545,1
2.291666666666667,10.3125,1.0189192450529059,0.014742599640171616,0.0,0.48290454623759665,1
2.7083333333333335,10.3125,1.0240171289138467,0.015875584065550157,0.0,0.478190428642331,1
3.125,10.3125,1.0296069821665874,0.01739561284875935,0.0,0.47357992448156133,1
3.541666666666667,10.3125,1.0358507661586056,0.019550698056590106,0.0,0.47008476422403045,1
3.9583333333333335,10.3125,1.0427757706162053,0.021070226535049176,0.0,0.46091901091050114,1
4.375,10.3125,1.0517092349614146,0.03409002471739519,0.0,0.5079359480166967,1
4.791666666666667,10.3125,1.0578878585847264,0.005185926848795851,0.0,0.29883889200726405,1
5.208333333333334,10.3125,1.0595562442090871,0.0062897536343617996,0.0,0.27547493352562813,1
5.625,10.3125,1.0568571231215707,-0.02195713063353421,0.0,0.0770052908330793,1
6.041666666666667,10.3125,1.0494543833771797,-0.023884577149021216,0.0,0.04355310595049919,1
6.458333333333334,10.3125,1.0422285291587534,-0.01982626588164814,0.0,0.05081140181946772,1
6.875,10.3125,1.0361413048075194,-0.01621775473121662,0.0,0.05911996553406635,1
7.291666666666667,10.3125,1.0310850730148626,-0.013515030085485893,0.0,0.06386801541202597,1
7.708333333333334,10.3125,1.0268486184373282,-0.011462449240824145,0.0,0.06566556536342413,1
8.125,10.3125,1.0232583077871682,-0.009853200868867734,0.0,0.06539552875895513,1
8.541666666666668,10.3125,1.0201840494569372,-0.008552994377189607,0.0,0.06372084102393585,1
8.958333333333334,10.3125,1.0175298640934833,-0.0074747469323390835,0.0,0.06110616736728329,1
9.375,10.3125,1.0152245002404723,-0.0065612496663218015,0.0,0.05787713121034048,1
9.791666666666668,10.3125,1.0132140908452723,-0.005774344726426407,0.0,0.05426623679815835,1
10.208333333333334,10.3125,1.0114568509327533,-0.00508806579085704,0.0,0.05044340500974991,1
10.625,10.3125,1.009919413816864,-0.004484278512041442,0.0,0.046535269883477025,1
11.041666666666668,10.3125,1.0085743659175903,-0.00394991766430273,0.0,0.042637234550960995,1
11.458333333333334,10.3125,1.0073986116981761,-0.0034752382480709443,0.0,0.03882114600660837,1
11.875,10.3125,1.006372293618282,-0.003052703791065941,0.0,0.03514038952798559,1
12.291666666666668,10.3125,1.0054780749355607,-0.0026762742331624947,0.0,0.03163347868627162,1
12.708333333333334,10.3125,1.004700656902353,-0.0023409439099323828,0.0,0.02832675675325024,1
13.125,10.3125,1.0040264466059488,-0.002042439086649409,0.0,0.02523654350213032,1
13.541666666666668,10.3125,1.0034433216361722,-0.0017770174640301074,0.0,0.02237091946749183,1
13.958333333333334,10.3125,1.0029404571433518,-0.0015413348185990923,0.0,0.01973124057328165,1
14.375,10.3125,1.002508193320594,-0.0013323550927399608,0.0,0.017313447625568038,1
14.791666666666668,10.3125,1.0021379292989394,-0.001147290142550681,0.0,0.01510919189234777,1
15.208333333333334,10.3125,1.0018220344699147,-0.000983558878177478,0.0,0.013106800246274914,1
15.625,10.3125,1.0015537717108316,-0.0008387583256850128,0.0,0.011292091789126683,1
16.041666666666668,10.3125,1.0013272291354802,-0.0007106431971225138,0.0,0.009649054041067232,1
16.458333333333336,10.3125,1.0011372584310605,-0.0005971096701763707,0.0,0.008160389306147242,1
16.875,10.3125,1.000979418847125,-0.0004961817810938333,0.0,0.006807941746867347,1
17.291666666666668,10.3125,1.0008499265034372,-0.0004059996415232452,0.0,0.005573013924248701,1
17.708333333333336,10.3125,1.0007456092932698,-0.0003248076005607875,0.0,0.00443659427313313,1
18.125,10.3125,1.0006638681238986,-0.00025094935467865026,0.0,0.003379504101914769,1
18.541666666666668,10.3125,1.0006026522870255,-0.0001828239003943688,0.0,0.0023827629364658012,1
18.958333333333336,10.3125,1.000560382292972,-0.00011970897531011357,0.0,0.0014246839429744372,1
19.375,10.3125,1.0005369309509002,-5.252014812442675e-05,0.0,0.0005249013746979556,1
19.791666666666668,10.3125,1.0005233622692256,-5.138476005493333e-05,0.0,-0.00019660234415430205,1
0.20833333333333334,10.6875,1.0000270535857523,-1.1394009700158582e-05,0.0,0.413277229619483,1
0.625,10.6875,1.0017059457897737,0.007499276337841872,0.0,0.47841773613881894,1
1.0416666666666667,10.6875,1.0053864335144405,0.009184604243118327,0.0,0.49015967598011007,1
1.4583333333333335,10.6875,1.0095479890000045,0.009503365009486332,0.0,0.48847515826564225,1
1.875,10.6875,1.0139131255763978,0.009861439499951816,0.0,0.48460352605618734,1
2.291666666666667,10.6875,1.0185148753648015,0.010411511753835756,0.0,0.48021400675551773,1
2.7083333333333335,10.6875,1.0234421556220803,0.011184024238018597,0.0,0.47564008861792356,1
3.125,10.6875,1.0288087705502151,0.012226351315379438,0.0,0.4711063783297995,1
3.541666666666667,10.6875,1.034771644478786,0.013733967469412432,0.0,0.4676149659791149,1
3.9583333333333335,10.6875,1.041354513638903,0.014729870873386095,0.0,0.45798278303114925,1
4.375,10.6875,1.0499198464117303,0.024681462979237703,0.0,0.5049988070706497,1
4.791666666666667,10.6875,1.055989167972067,0.003571337928894159,0.0,0.304553565986009,1
5.208333333333334,10.6875,1.0577505265353833,0.004817572792525857,0.0,0.2761593862954677,1
5.625,10.6875,1.0552605480757147,-0.01581476019346579,0.0,0.08152764371638105,1
6.041666666666667,10.6875,1.0482181868162923,-0.0170263566817282,0.0,0.04526058242260234,1
6.458333333333334,10.6875,1.0413234938961995,-0.013975993919446324,0.0,0.05122338212052679,1
6.875,10.6875,1.0355320007286783,-0.011377180920422924,0.0,0.05894986500252602,1
7.291666666666667,10.6875,1.0307237064125354,-0.009477530393403492,0.0,0.06343467903483252,1
7.708333333333334,10.6875,1.026683641760311,-0.008051081626778759,0.0,0.06518411513155356,1
8.125,10.6875,1.023242809280541,-0.00693653966756764,0.0,0.0650135387580816,1
8.541666666666668,10.6875,1.0202790978065905,-0.006035482755194663,0.0,0.06352714122299086,1
8.958333333333334,10.6875,1.0177046501509261,-0.005286488833216332,0.0,0.06114354120880172,1
9.375,10.6875,1.0154551483401566,-0.004650128658301813,0.0,0.05815597120016431,1
9.791666666666668,10.6875,1.013482191596509,-0.0041004362004020845,0.0,0.05477597303191952,1
10.208333333333334,10.6875,1.0117481664999644,-0.0036198358042811513,0.0,0.05116088375917948,1
10.625,10.6875,1.0102228791397079,-0.003196056469134038,0.0,0.04743047119799149,1
11.041666666666668,10.6875,1.008881365307166,-0.0028202341456728284,0.0,0.043677053621803845,1
11.458333333333334,10.6875,1.0077024656273164,-0.002485733261086151,0.0,0.03997186609083924,1
11.875,10.6875,1.0066678904254323,-0.0021874048335994985,0.0,0.036369305814964996,1
12.291666666666668,10.6875,1.0057615970405012,-0.0019211123340639991,0.0,0.0329099593517812,1
12.708333333333334,10.6875,1.0049693672221889,-0.0016834227390342895,0.0,0.029622916459253933,1
13.125,10.6875,1.0042785137597139,-0.0014714028697163308,0.0,0.026527637819985066,1
13.541666666666668,10.6875,1.0036776713471172,-0.0012824830360079363,0.0,0.02363552438270424,1
13.958333333333334,10.6875,1.003156642823925,-0.0011143655336727741,0.0,0.020951267446407892,1
14.375,10.6875,1.0027062821321768,-0.0009649623165133268,0.0,0.01847402739733806,1
14.791666666666668,10.6875,1.0023184017605549,-0.0008323529629847106,0.0,0.016198460123966456,1
15.208333333333334,10.6875,1.0019856966172138,-0.0007147560794824035,0.0,0.014115608822319464,1
15.625,10.6875,1.0017016792151767,-0.0006105089754355365,0.0,0.012213672386518727,1
16.041666666666668,10.6875,1.0014606228565728,-0.0005180534989148105,0.0,0.01047865136277375,1
16.458333333333336,10.6875,1.0012575108486201,-0.00043592491549136454,0.0,0.00889488617691977,1
16.875,10.6875,1.0010879907258958,-0.0003627427869146749,0.0,0.007445488827596755,1
17.291666666666668,10.6875,1.0009483329428872,-0.00029720351423308776,0.0,0.006112676937128023,1
17.708333333333336,10.6875,1.0008353943010038,-0.00023807345835059708,0.0,0.004878033758461841,1
18.125,10.6875,1.0007465869220886,-0.00018418980078797924,0.0,0.0037226978628588326,1
18.541666666666668,10.6875,1.000679862115767,-0.00013443686868973008,0.0,0.0026278408231610734,1
18.958333333333336,10.6875,1.0006336340548883,-8.844775221381689e-05,0.0,0.00157145667646784,1
19.375,10.6875,1.0006078785628594,-3.949522366105099e-05,0.0,0.0005774296189478577,1
19.791666666666668,10.6875,1.0005929296671723,-3.8743869732815794e-05,0.0,-0.00021625599365669484,1
0.20833333333333334,11.0625,1.0000714420860297,-0.00010004011194002441,0.0,0.4159578973808923,1
0.625,11.0625,1.0017599451614263,0.004557266689610379,0.0,0.47597432880816437,1
1.0416666666666667,11.0625,1.0053774882391957,0.005558386165839282,0.0,0.48813119430076213,1
1.4583333333333335,11.0625,1.0094805055479998,0.005691467565294553,0.0,0.4866453666434579,1
1.875,11.0625,1.013777148131545,0.005877735691429151,0.0,0.48286820223433874,1
2.291666666666667,11.0625,1.0182911812717363,0.006191010919428569,0.0,0.4785578708433576,1
2.7083333333333335,11.0625,1.0231039249826865,0.006638503496793732,0.0,0.474040428422852,1
3.125,11.0625,1.0283214457204863,0.00724614995991195,0.0,0.46950673166433654,1
3.541666666666667,11.0625,1.0340948208468452,0.008151544679624256,0.0,0.4659349588003932,1
3.9583333333333335,11.0625,1.0404425769866885,0.008674730897177166,0.0,0.45591589075260935,1
4.375,11.0625,1.0487307469649378,0.015568450482832556,0.0,0.502079762922047,1
4.791666666666667,11.0625,1.054705258387671,0.001844900739884835,0.0,0.30871075326162,1
5.208333333333334,11.0625,1.056520973477289,0.0033246436979884548,0.0,0.27619694579192267,1
5.625,11.0625,1.054171634989048,-0.00996644584520867,0.0,0.08515036023227725,1
6.041666666666667,11.0625,1.0473939054275436,-0.010436589291920489,0.0,0.04687561728292983,1
6.458333333333334,11.0625,1.040734953136075,-0.008367480612806288,0.0,0.05175158159098751,1
6.875,11.0625,1.0351449344137424,-0.006742333520720545,0.0,0.05896893962133044,1
7.291666666666667,11.0625,1.0305001211089309,-0.005604580932345097,0.0,0.06321550609271193,1
7.708333333333334,11.0625,1.0265865201434083,-0.004765732032166252,0.0,0.06489809756320813,1
8.125,11.0625,1.0232403649374224,-0.0041136003438060195,0.0,0.06477266767610178,1
8.541666666666668,11.0625,1.0203459588826969,-0.0035861163022738447,0.0,0.06339740495923626,1
8.958333333333334,11.0625,1.0178212637284272,-0.003146626751466804,0.0,0.061157150381346614,1
9.375,11.0625,1.0156066075033598,-0.0027722484942562155,0.0,0.058322297078401024,1
9.791666666666668,11.0625,1.0136570906491928,-0.002448090113692996,0.0,0.0550899531349786,1
10.208333333333334,11.0625,1.0119376928807249,-0.0021641013030068695,0.0,0.05160886954529425,1
10.625,11.0625,1.010420159204795,-0.001913252035357654,0.0,0.047994089448174626,1
11.041666666666668,11.0625,1.009081012801209,-0.001690444367570089,0.0,0.04433570406055502,1
11.458333333333334,11.0625,1.0079002716830932,-0.0014918463208531238,0.0,0.04070434367015243,1
11.875,11.0625,1.0068606052775717,-0.0013144743324666397,0.0,0.03715486529545872,1
12.291666666666668,11.0625,1.0059467688041615,-0.001155925968944154,0.0,0.033729018206313806,1
12.708333333333334,11.0625,1.0051452158235952,-0.0010142045869279308,0.0,0.0304575110641059,1
13.125,11.0625,1.004443826975411,-0.0008876029417741744,0.0,0.02736169927558572,1
13.541666666666668,11.0625,1.0038317155910814,-0.0007746245511390814,0.0,0.02445501898490611,1
13.958333333333334,11.0625,1.0032990847230434,-0.0006739305750458733,0.0,0.021744229539797936,1
14.375,11.0625,1.0028371188329421,-0.0005843033560233254,0.0,0.01923050796657976,1
14.791666666666668,11.0625,1.002437898975241,-0.0005046217158188808,0.0,0.016910410356858127,1
15.208333333333334,11.0625,1.0020943339231176,-0.00043384414879925586,0.0,0.014776714421806428,1
15.625,11.0625,1.0018001023220366,-0.0003709967964909732,0.0,0.01281915371637306,1
16.041666666666668,11.0625,1.0015496026273754,-0.0003151652222930164,0.0,0.011025043379423944,1
16.458333333333336,11.0625,1.0013379088104617,-0.00026548794333410084,0.0,0.009379808868491515,1
16.875,11.0625,1.0011607306893637,-0.00022115133262461906,0.0,0.007867417760849616,1
17.291666666666668,11.0625,1.0010143783285212,-0.0001813858329633747,0.0,0.006470725992565455,1
17.708333333333336,11.0625,1.0008957307164552,-0.00014546350737964353,0.0,0.005171754815320712,1
18.125,11.0625,1.0008022097211948,-0.00011270421694634103,0.0,0.003951915477652476,1
18.541666666666668,11.0625,1.0007317703233891,-8.247466919772769e-05,0.0,0.0027925813668511087,1
18.958333333333336,11.0625,1.000682828114671,-5.4756710715075044e-05,0.0,0.0016717514342098464,1
19.375,11.0625,1.0006554218215444,-2.534066274077487e-05,0.0,0.0006156196566106802,1
19.791666666666668,11.0625,1.0006396579531647,-2.525694606466029e-05,0.0,-0.0002185871514768575,1
0.20833333333333334,11.4375,1.0002094183305736,-0.00035281448295715594,0.0,0.42828324641048665,1
0.625,11.4375,1.0020028253938311,0.0016763219402270043,0.0,0.4753529770002423,1
1.0416666666666667,11.4375,1.0055580639557204,0.0019838274376878465,0.0,0.4876216981896448,1
1.4583333333333335,11.4375,1.0096031641959469,0.001932720493723832,0.0,0.4862210298226644,1
1.875,11.4375,1.013840072891322,0.0019562866080541494,0.0,0.4824502370952368,1
2.291666666666667,11.4375,1.0182878952810375,0.0020467900248325064,0.0,0.47813199527775596,1
2.7083333333333335,11.4375,1.023024203174875,0.002188577950331198,0.0,0.4735936283199444,1
3.125,11.4375,1.0281507454667311,0.002386418786345346,0.0,0.4690101007935305,1
3.541666666666667,11.4375,1.0338143774790796,0.0027179694343551293,0.0,0.4653421823800639,1
3.9583333333333335,11.4375,1.0400286772108498,0.0028024558598980743,0.0,0.45506541647535753,1
4.375,11.4375,1.04814685782214,0.006675009987459828,0.0,0.5002495696738961,1
4.791666666666667,11.4375,1.0540551556522453,4.381290883627404e-05,0.0,0.31150582874255084,1
5.208333333333334,11.4375,1.055887882701363,0.0018421335999671525,0.0,0.27605619050332475,1
5.625,11.4375,1.0536007943610737,-0.004311151610296375,0.0,0.0874849654077892,1
6.041666666666667,11.4375,1.0469645001329295,-0.004019262117387272,0.0,0.047890240347122526,1
6.458333333333334,11.4375,1.0404270329497902,-0.0029080302604711787,0.0,0.052052760536808615,1
6.875,11.4375,1.03493825558347,-0.002230867394438267,0.0,0.05896062758088269,1
7.291666666666667,11.4375,1.0303746992628897,-0.0018285143929015974,0.0,0.06306983927745265,1
7.708333333333334,11.4375,1.0265237902949398,-0.0015537396308757862,0.0,0.06471280503136383,1
8.125,11.4375,1.0232247934377146,-0.0013449558887329034,0.0,0.06460835575767687,1
8.541666666666668,11.4375,1.0203653331508034,-0.0011762810489805012,0.0,0.06328899628993347,1
8.958333333333334,11.4375,1.0178662249337016,-0.001035038967084559,0.0,0.06112163590063128,1
9.375,11.4375,1.0156699969127796,-0.0009140404490060405,0.0,0.058364859173204525,1
9.791666666666668,11.4375,1.0137333725901962,-0.0008087710884790242,0.0,0.055208409666944944,1
10.208333333333334,11.4375,1.0120225241728018,-0.0007161987507707231,0.0,0.0517966688174442,1
10.625,11.4375,1.010510092144509,-0.0006341854540616071,0.0,0.04824225038602412,1
11.041666666666668,11.4375,1.0091732960019053,-0.0005611626621969595,0.0,0.04463406585802311,1
11.458333333333334,11.4375,1.007992715124939,-0.0004959382332866074,0.0,0.041042377777729726,1
11.875,11.4375,1.0069514849175967,-0.00043757547430801945,0.0,0.03752221444676027,1
12.291666666666668,11.4375,1.006034754844899,-0.0003853149407135473,0.0,0.034115856405923344,1
12.708333333333334,11.4375,1.0052293151008853,-0.0003385221631637467,0.0,0.030854780198453193,1
13.125,11.4375,1.0045233341080189,-0.0002966525111160594,0.0,0.027761257433021616,1
13.541666666666668,11.4375,1.0039061699972116,-0.00025922704289368947,0.0,0.024849719246777698,1
13.958333333333334,11.4375,1.003368231987269,-0.00022581610162588245,0.0,0.02212794538671072,1
14.375,11.4375,1.0029008757170867,-0.00019602789291078162,0.0,0.019598117456260524,1
14.791666666666668,11.4375,1.0024963217382807,-0.00016950073502190334,0.0,0.017257747318498464,1
15.208333333333334,11.4375,1.0021475897781897,-0.00014589782225935558,0.0,0.015100495974503593,1
15.625,11.4375,1.0018484439114972,-0.00012490340453110967,0.0,0.0131168905314284,1
16.041666666666668,11.4375,1.0015933454190007,-0.00010622025553061366,0.0,0.011294941590382943,1
16.458333333333336,11.4375,1.001377411239687,-8.9567716990784e-05,0.0,0.009620665562113334,1
16.875,11.4375,1.0011963768521817,-7.468030094737226e-05,0.0,0.00807852017036783,1
17.291666666666668,11.4375,1.0010465629882734,-6.130726678349566e-05,0.0,0.0066517536458742844,1
17.708333333333336,11.4375,1.0009248464689213,-4.921435954187056e-05,0.0,0.005322697632748791,1
18.125,11.4375,1.000828636467149,-3.819547045257727e-05,0.0,0.0040730133264025754,1
18.541666666666668,11.4375,1.0007558689783214,-2.809722122913773e-05,0.0,0.0028843534047087375,1
18.958333333333336,11.4375,1.0007049410664002,-1.9251050997196645e-05,0.0,0.0017350711179445072,1
19.375,11.4375,1.0006758828254647,-1.0028236805939008e-05,0.0,0.0006515484764808568,1
19.791666666666668,11.4375,1.0006603108109324,-1.2367068453818142e-05,0.0,-0.00015469463754088286,1
0.20833333333333334,11.8125,0.9996992827904463,-0.00027064548942652683,0.0,0.4688800698244657,1
0.625,11.8125,0.9995378611831309,0.00012536604100254404,0.0,0.5189996047500816,1
1.0416666666666667,11.8125,0.9997936582261704,0.0001048512943379069,0.0,0.5459032059693091,1
1.4583333333333335,11.8125,0.99994696806662,3.312756158046289e-05,0.0,0.5533899003883437,1
1.875,11.8125,0.9999890732200118,4.76707524333579e-06,0.0,0.5547418615326363,1
2.291666666666667,11.8125,0.9999890934911813,-4.7488344827100945e-06,0.0,0.5552110303863677,1
2.7083333333333335,11.8125,0.9999739217584103,-8.905729563949316e-06,0.0,0.5565596130024291,1
3.125,11.8125,0.9999523154725404,-1.0539931378600602e-05,0.0,0.5595574039846546,1
3.541666666666667,11.8125,0.9999562707027416,1.4099638523660109e-05,0.0,0.5645070342456953,1
3.9583333333333335,11.8125,0.9999160237753817,-5.0321871889462194e-05,0.0,0.5668456201943707,1
4.375,11.8125,1.0011221922673779,0.0011358735193624475,0.0,0.5785030716820796,1
4.791666666666667,11.8125,1.0019007227337853,-0.0004351960940590467,0.0,0.37981357563140455,1
5.208333333333334,11.8125,1.0020321072647331,0.0005534421755966347,0.0,0.26171594938455767,1
5.625,11.8125,1.0018039747590404,-0.0007587614295266427,0.0,0.04112903150921413,1
6.041666666666667,11.8125,1.0004941142411412,-0.00042011303177216146,0.0,-0.03894651045551368,1
6.458333333333334,11.8125,0.9999143520614792,-0.00010167292493470025,0.0,-0.041223342014340476,1
6.875,11.8125,0.9998037976011123,2.173911372517663e-06,0.0,-0.024671854035378138,1
7.291666666666667,11.8125,0.9998303636567778,2.1735541149785838e-05,0.0,-0.008522942199728739,1
7.708333333333334,11.8125,0.9998767881256698,2.004648304543364e-05,0.0,0.0036008698349988474,1
8.125,11.8125,0.9999159001533147,1.5154341915715004e-05,0.0,0.012012370188644702,1
8.541666666666668,11.8125,0.9999449431147258,1.0984318434497265e-05,0.0,0.01761751094921276,1
8.958333333333334,11.8125,0.9999659861109662,7.954370820507884e-06,0.0,0.021188517734342483,1
9.375,11.8125,0.9999812782303752,5.808531639240087e-06,0.0,0.02328649245485777,1
9.791666666666668,11.8125,0.9999924728790626,4.266646695104561e-06,0.0,0.024308812671800857,1
10.208333333333334,11.8125,1.0000006916274884,3.13022332821831e-06,0.0,0.02454101261108816,1
10.625,11.8125,1.0000066941967596,2.2720862074469372e-06,0.0,0.024193541423742252,1
11.041666666666668,11.8125,1.0000110099786697,1.6121175890969179e-06,0.0,0.02342531315116601,1
11.458333333333334,11.8125,1.0000140221420977,1.0988289226966186e-06,0.0,0.022358544978813726,1
11.875,11.8125,1.000016018519203,6.979094849393695e-07,0.0,0.021088289468222495,1
12.291666666666668,11.8125,1.00001722221211,3.854161082326318e-07,0.0,0.019688791778277044,1
12.708333333333334,11.8125,1.00001781035867,1.439179109474347e-07,0.0,0.01821792078321845,1
13.125,11.8125,1.000017926032437,-3.981032241957437e-08,0.0,0.0167203986665663,1
13.541666666666668,11.8125,1.0000176861104209,-1.7611969763265789e-07,0.0,0.015230248710349037,1
13.958333333333334,11.8125,1.0000171866946916,-2.7335135887395054e-07,0.0,0.01377271359644067,1
14.375,11.8125,1.00001650704725,-3.383283897598184e-07,0.0,0.01236579959509247,1
14.791666666666668,11.8125,1.0000157125699385,-3.767001878242292e-07,0.0,0.011021539054778354,1
15.208333333333334,11.8125,1.0000148571196954,-3.9319897183454056e-07,0.0,0.009747037938684774,1
15.625,11.8125,1.0000139849209924,-3.917768460071323e-07,0.0,0.008545352438861039,1
16.041666666666668,11.8125,1.0000131321303514,-3.7573548995722256e-07,0.0,0.0074162177732906105,1
16.458333333333336,11.8125,1.0000123281197721,-3.4787216366978497e-07,0.0,0.006356664046963226,1
16.875,11.8125,1.000011596415356,-3.106629328161544e-07,0.0,0.005361531144613555,1
17.291666666666668,11.8125,1.000010954695514,-2.6688454245074687e-07,0.0,0.004423928154311056,1
17.708333333333336,11.8125,1.0000104120466151,-2.214967624967893e-07,0.0,0.0035357485589397625,1
18.125,11.8125,1.0000099560326683,-1.8891572142233038e-07,0.0,0.0026885870517657246,1
18.541666666666668,11.8125,1.0000095105047446,-2.120585991053238e-07,0.0,0.0018764097808901855,1
18.958333333333336,11.8125,1.0000086698660162,-5.445146682050174e-07,0.0,0.0011035029276787614,1
19.375,11.8125,1.0000069327172625,-1.0189177995395238e-06,0.0,0.0004314321115016751,1
19.791666666666668,11.8125,1.0000022768929726,-3.171324820313336e-06,0.0,-5.194994940399268e-05,1
