x,y,u,v,w,p,fluid
0.20833333333333334,0.1875,1.0004649366254788,-0.0005615795185936449,0.0,0.05721414977856806,1
0.625,0.1875,1.0019961792072651,-0.000844575959398754,0.0,0.05661818111402503,1
1.0416666666666667,0.1875,1.0042086833850126,-0.0009625027358552495,0.0,0.05646228838439108,1
1.4583333333333335,0.1875,1.006148209206221,-0.0009573131821532217,0.0,0.05263568422248528,1
1.875,0.1875,1.0085155974143587,-0.0010357644711966449,0.0,0.05354379781383979,1
2.291666666666667,0.1875,1.010466479917558,-0.00095898203236773,0.0,0.046108431953694524,1
2.7083333333333335,0.1875,1.0128832958262717,-0.0010624548158011862,0.0,0.04863571713781224,1
3.125,0.1875,1.0146951581030557,-0.0008619022914822058,0.0,0.03739498213527187,1
3.541666666666667,0.1875,1.0168599606905462,-0.0009628137876840451,0.0,0.04194576023108483,1
3.9583333333333335,0.1875,1.0182791654862717,-0.0005852992410399064,0.0,0.02757304757125798,1
4.375,0.1875,1.0196636918746773,-0.0006434665167533646,0.0,0.03395951451562997,1
4.791666666666667,0.1875,1.0203740602742646,-0.00011891809273125983,0.0,0.018312763488893883,1
5.208333333333334,0.1875,1.020517277588085,-0.00012339783435617608,0.0,0.02559963858073475,1
5.625,0.1875,1.0203143542616655,0.000394948304998322,0.0,0.0111558045944482,1
6.041666666666667,0.1875,1.0192501737133273,0.000388171757486444,0.0,0.01797980178919384,1
6.458333333333334,0.1875,1.0182577375547706,0.0007431399539292327,0.0,0.006556094941414359,1
6.875,0.1875,1.0164815097049735,0.0006938118568108765,0.0,0.011785879398983658,1
7.291666666666667,0.1875,1.0150443125630928,0.0008535881709067413,0.0,0.003973339711946252,1
7.708333333333334,0.1875,1.0131158407357415,0.0007689524170713424,0.0,0.007232205811204114,1
8.125,0.1875,1.011587602095475,0.0007906912086310025,0.0,0.0025832328615602797,1
8.541666666666668,0.1875,1.0098684314817683,0.0006949025974396692,0.0,0.004198222471275931,1
8.958333333333334,0.1875,1.008490536519767,0.000649168522028305,0.0,0.001769236092788268,1
9.375,0.1875,1.0071197162430348,0.0005600940176517828,0.0,0.0023577258514094032,1
9.791666666666668,0.1875,1.0060026178550794,0.0004949767900949376,0.0,0.0012198811993500089,1
10.208333333333334,0.1875,1.0049803221910343,0.0004206471111453924,0.0,0.0013219554362670267,1
10.625,0.1875,1.0041381123879325,0.00035967122125130714,0.0,0.0008219313268514068,1
11.041666666666668,0.1875,1.0034069739243032,0.0003017543291755792,0.0,0.000761145359585414,1
11.458333333333334,0.1875,1.0028028315374262,0.0002528784307913767,0.0,0.0005385410620669965,1
11.875,0.1875,1.0022942769047556,0.00020990676745383005,0.0,0.0004552524210020889,1
12.291666666666668,0.1875,1.0018751358812457,0.00017368950550241164,0.0,0.00034632903284799026,1
12.708333333333334,0.1875,1.0015283159372974,0.00014296288967750385,0.0,0.00028125791490821617,1
13.125,0.1875,1.0012438575786091,0.00011730700998123889,0.0,0.00022111447611980963,1
13.541666666666668,0.1875,1.001010750724965,9.593509661917056e-05,0.0,0.00017732134437362966,1
13.958333333333334,0.1875,1.0008205056793764,7.825686376955724e-05,0.0,0.00014115308404738207,1
14.375,0.1875,1.00066553617704,6.368284696076089e-05,0.0,0.00011294446077414672,1
14.791666666666668,0.1875,1.000539610902774,5.171175876051761e-05,0.0,9.024775532093665e-05,1
15.208333333333334,0.1875,1.0004374928762403,4.1901827039275705e-05,0.0,7.219330705842813e-05,1
15.625,0.1875,1.0003548518840721,3.387650883424189e-05,0.0,5.762633136636452e-05,1
16.041666666666668,0.1875,1.000288146336951,2.7316658529048092e-05,0.0,4.6033943364170293e-05,1
16.458333333333336,0.1875,1.0002344293001846,2.195247636090369e-05,0.0,3.643258375091884e-05,1
16.875,0.1875,1.0001913972136143,1.7560934991942198e-05,0.0,2.9039236363961977e-05,1
17.291666666666668,0.1875,1.0001570122725827,1.3950332725559319e-05,0.0,2.227207570684095e-05,1
17.708333333333336,0.1875,1.0001299501342733,1.0970971199832317e-05,0.0,1.788063216829735e-05,1
18.125,0.1875,1.000108610302897,8.478625117307094e-06,0.0,1.216525272651173e-05,1
18.541666666666668,0.1875,1.0000926771178211,6.385603605173185e-06,0.0,1.0590589312218718e-05,1
18.958333333333336,0.1875,1.0000803288856939,4.557445800753546e-06,0.0,3.784278188542794e-06,1
19.375,0.1875,1.0000728226432596,2.9808916283168105e-06,0.0,6.275228117116779e-06,1
19.791666666666668,0.1875,1.0000668376564805,1.4676835096261684e-06,0.0,-5.263029276995468e-06,1
0.20833333333333334,0.5625,1.0004710704642357,-0.0016551863601982793,0.0,0.05784148810979392,1
0.625,0.5625,1.001969943823018,-0.0024922275784654353,0.0,0.05715042205066199,1
1.0416666666666667,0.5625,1.0041966371316953,-0.002835686170377751,0.0,0.05731701896081748,1
1.4583333333333335,0.5625,1.0061028354591215,-0.002794199919993591,0.0,0.05313515822217877,1
1.875,0.5625,1.0085232489501277,-0.0030086170184426527,0.0,0.05474733848980008,1
2.291666666666667,0.5625,1.0104515330311656,-0.0027297724305979957,0.0,0.04657556016705879,1
2.7083333333333335,0.5625,1.0129815165210134,-0.003012373116558168,0.0,0.050247008454398105,1
3.125,0.5625,1.0147972497669377,-0.0023482389898279114,0.0,0.03771313235871467,1
3.541666666666667,0.5625,1.0171232516289497,-0.0026404511105245256,0.0,0.04381526279121659,1
3.9583333333333335,0.5625,1.018581971262973,-0.0014690861502712786,0.0,0.027496489569571153,1
4.375,0.5625,1.0201003611208326,-0.0016938595949782043,0.0,0.03566713161719525,1
4.791666666666667,0.5625,1.0208592519697326,-0.00014883278231800186,0.0,0.017608363439108973,1
5.208333333333334,0.5625,1.0209973414814986,-0.0002857714149879849,0.0,0.026670714716294574,1
5.625,0.5625,1.02079216992583,0.001193203033231452,0.0,0.009867915065025911,1
6.041666666666667,0.5625,1.0195802882952305,0.001056413484922401,0.0,0.01828201245012775,1
6.458333333333334,0.5625,1.0185486788142586,0.0020873630948280613,0.0,0.005048734235694799,1
6.875,0.5625,1.0165954090463423,0.001894199895776457,0.0,0.01157516382245897,1
7.291666666666667,0.5625,1.0151251176848688,0.0023939049426058294,0.0,0.0026606073531162833,1
7.708333333333334,0.5625,1.0130708411954772,0.002149115208638925,0.0,0.006861031944185124,1
8.125,0.5625,1.011531143014102,0.002252299001899212,0.0,0.0016747905954550778,1
8.541666666666668,0.5625,1.0097497967058233,0.0019888335168118812,0.0,0.003881497233154233,1
8.958333333333334,0.5625,1.0083766631166495,0.0018811039260246698,0.0,0.0012466965576471288,1
9.375,0.5625,1.0069872129736135,0.001632004645036001,0.0,0.0021529454675955993,1
9.791666666666668,0.5625,1.0058823596349495,0.0014527998576393316,0.0,0.0009595579959290356,1
10.208333333333334,0.5625,1.004862896077192,0.0012393905436888632,0.0,0.0012082501324246063,1
10.625,0.5625,1.00403469871658,0.001063683850713495,0.0,0.0007041351804469606,1
11.041666666666668,0.5625,1.00331380884402,0.0008941769323983771,0.0,0.0007027897738191372,1
11.458333333333334,0.5625,1.002722582143315,0.0007505111793133026,0.0,0.00048704895700644123,1
11.875,0.5625,1.0022249764623876,0.0006234308761213689,0.0,0.00042589408219218357,1
12.291666666666668,0.5625,1.0018164901529296,0.0005160829911613678,0.0,0.00032297477728299764,1
12.708333333333334,0.5625,1.0014788752180308,0.0004248182788474233,0.0,0.0002660667691499794,1
13.125,0.5625,1.0012025905759532,0.00034855941448241895,0.0,0.0002095161216068481,1
13.541666666666668,0.5625,1.00097646343853,0.00028500616164723247,0.0,0.00016900717177755736,1
13.958333333333334,0.5625,1.0007921736629768,0.00023243797230530026,0.0,0.00013479524303810006,1
14.375,0.5625,1.0006422084009894,0.00018910736323572017,0.0,0.00010812318059876598,1
14.791666666666668,0.5625,1.0005204636733644,0.00015352560588806485,0.0,8.650634416366747e-05,1
15.208333333333334,0.5625,1.000421810168447,0.00012437634571002925,0.0,6.927854437577994e-05,1
15.625,0.5625,1.0003420242560517,0.0001005372493427497,0.0,5.5340732437158825e-05,1
16.041666666666668,0.5625,1.0002776573176628,8.105689368563077e-05,0.0,4.423391929059073e-05,1
16.458333333333336,0.5625,1.0002258463985245,6.51313350250868e-05,0.0,3.50229104437654e-05,1
16.875,0.5625,1.0001843562156592,5.209636407554021e-05,0.0,2.7925054313988434e-05,1
17.291666666666668,0.5625,1.0001512132904973,4.138146633213801e-05,0.0,2.1423099069734985e-05,1
17.708333333333336,0.5625,1.0001251347287716,3.254132390117517e-05,0.0,1.7202603767383063e-05,1
18.125,0.5625,1.0001045747477617,2.5147236030413518e-05,0.0,1.1706321747965138e-05,1
18.541666666666668,0.5625,1.0000892257564804,1.893861462352007e-05,0.0,1.0191866887909951e-05,1
18.958333333333336,0.5625,1.0000773322243286,1.3516038727762365e-05,0.0,3.6437239831404396e-06,1
19.375,0.5625,1.0000701023814131,8.840339412202618e-06,0.0,6.0393574657520834e-06,1
19.791666666666668,0.5625,1.0000643390666781,4.352052618926264e-06,0.0,-5.063489602433024e-06,1
0.20833333333333334,0.9375,1.0004903186052458,-0.002779399516292139,0.0,0.058521213136182526,1
0.625,0.9375,1.001930568143937,-0.004176454721472231,0.0,0.057498555993348084,1
1.0416666666666667,0.9375,1.0041975878772098,-0.004785645285418603,0.0,0.05809263084651975,1
1.4583333333333335,0.9375,1.006043702501351,-0.00474011955348507,0.0,0.05282941502613778,1
1.875,0.9375,1.0085868953910435,-0.005188838792911264,0.0,0.055423791797012595,1
2.291666666666667,0.9375,1.010472527376844,-0.004751360263723172,0.0,0.045233509749906975,1
2.7083333333333335,0.9375,1.0132376856280336,-0.00537554380079693,0.0,0.050657160215487745,1
3.125,0.9375,1.0150421125674047,-0.004248297904979405,0.0,0.03508324342127789,1
3.541666666666667,0.9375,1.0176658401504821,-0.004924513864157295,0.0,0.043940889924334446,1
3.9583333333333335,0.9375,1.0191460551494338,-0.002811131044617632,0.0,0.02380227743290005,1
4.375,0.9375,1.0208692116909666,-0.0033293925232437513,0.0,0.03578550050488119,1
4.791666666666667,0.9375,1.0216577075456341,-0.0004021005009014107,0.0,0.013729378642531681,1
5.208333333333334,0.9375,1.0217426112210444,-0.0006627094197640488,0.0,0.027241636949742437,1
5.625,0.9375,1.0215393643352888,0.0021943425608825667,0.0,0.006964859348959575,1
6.041666666666667,0.9375,1.020071487387236,0.0019412750571429051,0.0,0.01956435106199367,1
6.458333333333334,0.9375,1.019027591708166,0.0038768014174009402,0.0,0.003551775435810125,1
6.875,0.9375,1.01677177658706,0.0034710524425555635,0.0,0.01317861185589511,1
7.291666666666667,0.9375,1.0152869942291585,0.004347775181211379,0.0,0.0021817960412571155,1
7.708333333333334,0.9375,1.0129999412991346,0.0038343324916645135,0.0,0.008212105867156162,1
8.125,0.9375,1.0114535911835634,0.003974557105423919,0.0,0.001638213312089748,1
8.541666666666668,0.9375,1.00954308059326,0.003453188476158818,0.0,0.004722275863367848,1
8.958333333333334,0.9375,1.0081768884034463,0.003234781334663495,0.0,0.0012995703103555081,1
9.375,0.9375,1.0067405397170768,0.002772279117883491,0.0,0.002552453351742808,1
9.791666666666668,0.9375,1.0056545577681435,0.00244956286464628,0.0,0.0009853106554778537,1
10.208333333333334,0.9375,1.0046345144166333,0.002072606552905358,0.0,0.0013479129364765447,1
10.625,0.9375,1.0038310627697424,0.0017694134761250847,0.0,0.0006976364278406316,1
11.041666666666668,0.9375,1.0031281183322915,0.001479786172577035,0.0,0.0007285299245210913,1
11.458333333333334,0.9375,1.0025616229681409,0.0012376574964783412,0.0,0.0004672492000395865,1
11.875,0.9375,1.0020853066965154,0.0010248690249089285,0.0,0.00041555012526123714,1
12.291666666666668,0.9375,1.0016980293884874,0.0008464656297658661,0.0,0.0003029358108958797,1
12.708333333333334,0.9375,1.0013788844740317,0.0006954441537130898,0.0,0.000250298817131717,1
13.125,0.9375,1.0011191161200923,0.000569773320396015,0.0,0.00019397933393415498,1
13.541666666666668,0.9375,1.000907126170773,0.0004653307254560093,0.0,0.000156357682853285,1
13.958333333333334,0.9375,1.000734914549733,0.0003791453268341299,0.0,0.00012407198498010227,1
14.375,0.9375,1.000595096993157,0.0003082299363255389,0.0,9.94656590781116e-05,1
14.791666666666668,0.9375,1.0004818246257554,0.00025008022032938166,0.0,7.949537584306527e-05,1
15.208333333333334,0.9375,1.0003901855990072,0.00020249673724419452,0.0,6.367068528906897e-05,1
15.625,0.9375,1.000316174327186,0.00016361738837464407,0.0,5.086985669083479e-05,1
16.041666666666668,0.9375,1.0002565326273865,0.00013187036520139237,0.0,4.067736788837253e-05,1
16.458333333333336,0.9375,1.000208569496369,0.00010593239293067144,0.0,3.222049645501774e-05,1
16.875,0.9375,1.0001701893807482,8.471293995887461e-05,0.0,2.5702130450142064e-05,1
17.291666666666668,0.9375,1.0001395497835714,6.727753521804377e-05,0.0,1.9724781066267154e-05,1
17.708333333333336,0.9375,1.0001154526835598,5.289768191040265e-05,0.0,1.584508987820673e-05,1
18.125,0.9375,1.0000964626774866,4.087349265362327e-05,0.0,1.078444794205584e-05,1
18.541666666666668,0.9375,1.0000822897966881,3.0779483524163645e-05,0.0,9.392957237469024e-06,1
18.958333333333336,0.9375,1.0000713106473895,2.1965028263182746e-05,0.0,3.3568662784718917e-06,1
19.375,0.9375,1.0000646373802937,1.4365892925072106e-05,0.0,5.568715246011476e-06,1
19.791666666666668,0.9375,1.0000593188366689,7.071538376255801e-06,0.0,-4.671640124827641e-06,1
0.20833333333333334,1.3125,1.0005067761417519,-0.0038242983499178064,0.0,0.06055997358281536,1
0.625,1.3125,1.0018170162763047,-0.005744860189174036,0.0,0.05924797749751446,1
1.0416666666666667,1.3125,1.004115978095061,-0.006612895088636743,0.0,0.06095390480262581,1
1.4583333333333335,1.3125,1.0058161254174511,-0.006506458232974752,0.0,0.05457572720911434,1
1.875,1.3125,1.008523566034858,-0.007187359506262138,0.0,0.0595933060189159,1
2.291666666666667,1.3125,1.01028443918092,-0.006473575049273929,0.0,0.04703393269769683,1
2.7083333333333335,1.3125,1.0134348993569473,-0.007451012336218374,0.0,0.0564045255752448,1
3.125,1.3125,1.0152027711241638,-0.005670081261000826,0.0,0.036541803748953675,1
3.541666666666667,1.3125,1.0184179744146196,-0.006800993797872361,0.0,0.050773417564869125,1
3.9583333333333335,1.3125,1.0200166963189428,-0.003523788922548599,0.0,0.023993911216302947,1
4.375,1.3125,1.0222703173091374,-0.004545306596757723,0.0,0.04217758382644183,1
4.791666666666667,1.3125,1.0232579553229955,-8.373199614881827e-05,0.0,0.011723444923215523,1
5.208333333333334,1.3125,1.023334797083523,-0.000837308748017378,0.0,0.03139865113957891,1
5.625,1.3125,1.023135420407268,0.0034067724663925884,0.0,0.0028489221424521077,1
6.041666666666667,1.3125,1.0210945643566252,0.0026782407516592567,0.0,0.020910741644059223,1
6.458333333333334,1.3125,1.0199257140338036,0.0055438596540125975,0.0,-0.001455240265549194,1
6.875,1.3125,1.0170190529321421,0.004736270885998128,0.0,0.012572871933738326,1
7.291666666666667,1.3125,1.0154523246218459,0.00606921020161042,0.0,-0.0022711650282442914,1
7.708333333333334,1.3125,1.0127347327367042,0.005240524251874052,0.0,0.0069405972629991396,1
8.125,1.3125,1.0111882293342207,0.005501215559967644,0.0,-0.0014836740949971017,1
8.541666666666668,1.3125,1.0090839000325182,0.004733449132277195,0.0,0.003606911943563521,1
8.958333333333334,1.3125,1.0077638794920827,0.004460678386379902,0.0,-0.0005084810975132202,1
9.375,1.3125,1.006280487958373,0.0038042843862288204,0.0,0.0018307776125967895,1
9.791666666666668,1.3125,1.0052526637459998,0.0033678298978891247,0.0,8.505629125246642e-05,1
10.208333333333334,1.3125,1.004250758127096,0.002840911313780677,0.0,0.000953449758685098,1
10.625,1.3125,1.0035011644142187,0.0024245477193206304,0.0,0.00029488749690914737,1
11.041666666666668,1.3125,1.002835230451168,0.0020229702838247166,0.0,0.0005319995077623911,1
11.458333333333334,1.3125,1.0023131593701664,0.0016897993427003512,0.0,0.000295756602373577,1
11.875,1.3125,1.0018729058764309,0.00139657729611787,0.0,0.00032053125510406866,1
12.291666666666668,1.3125,1.00152000949516,0.00115175332307515,0.0,0.00022820908826746896,1
12.708333333333334,1.3125,1.001229853484308,0.0009447707765341592,0.0,0.0002031376632554864,1
13.125,1.3125,1.0009954895014674,0.0007730133104976048,0.0,0.00015840518530719263,1
13.541666666666668,1.3125,1.000804898992884,0.0006305354670721601,0.0,0.00013139081071932688,1
13.958333333333334,1.3125,1.0006507834932343,0.0005132083165395073,0.0,0.00010515553441088633,1
14.375,1.3125,1.0005260502058453,0.0004168320959665066,0.0,8.52692283918615e-05,1
14.791666666666668,1.3125,1.0004253040853175,0.00033792846996907584,0.0,6.852948327605143e-05,1
15.208333333333334,1.3125,1.0003439938319134,0.00027344770432073597,0.0,5.5157701537192854e-05,1
15.625,1.3125,1.0002784606752821,0.00022082251002112111,0.0,4.420267082703165e-05,1
16.041666666666668,1.3125,1.0002257409322513,0.00017789304726510932,0.0,3.542894560984185e-05,1
16.458333333333336,1.3125,1.000183404796003,0.0001428477015721749,0.0,2.8108491117306452e-05,1
16.875,1.3125,1.0001495669051907,0.00011419751915253832,0.0,2.245041568141653e-05,1
17.291666666666668,1.3125,1.0001225796025226,9.067024768540525e-05,0.0,1.7243676541716577e-05,1
17.708333333333336,1.3125,1.0001013711324158,7.12756018030495e-05,0.0,1.3863273547353008e-05,1
18.125,1.3125,1.0000846683862594,5.506478516859633e-05,0.0,9.437987228525303e-06,1
18.541666666666668,1.3125,1.0000722081825335,4.1460825118720466e-05,0.0,8.226792016410639e-06,1
18.958333333333336,1.3125,1.000062559982913,2.9584572366271088e-05,0.0,2.936236833102433e-06,1
19.375,1.3125,1.0000566967342739,1.9348140762738273e-05,0.0,4.882305983872096e-06,1
19.791666666666668,1.3125,1.0000520251315668,9.52326472666057e-06,0.0,-4.1031663583733e-06,1
0.20833333333333334,1.6875,1.0005548397632225,-0.004933860147357338,0.0,0.06167360041698256,1
0.625,1.6875,1.001712879624444,-0.007389673059226137,0.0,0.059589484604028214,1
1.0416666666666667,1.6875,1.0041041074120627,-0.008614571640575566,0.0,0.06221080734844373,1
1.4583333333333335,1.6875,1.0056323248146242,-0.008531398928372224,0.0,0.05334287910079971,1
1.875,1.6875,1.008630871348085,-0.009699211054898599,0.0,0.06047296184791888,1
2.291666666666667,1.6875,1.0102364618154398,-0.008829992960830266,0.0,0.04330036554102441,1
2.7083333333333335,1.6875,1.0139615154772483,-0.010614379775918035,0.0,0.05647642932074624,1
3.125,1.6875,1.0156262698860736,-0.008196753322734522,0.0,0.029674913678591257,1
3.541666666666667,1.6875,1.0195993580639686,-0.010380530513871607,0.0,0.05003058375405086,1
3.9583333333333335,1.6875,1.0211739417855248,-0.0055403394421022194,0.0,0.01442136158353154,1
4.375,1.6875,1.0239689817698006,-0.0075288327461470895,0.0,0.041377507451427424,1
4.791666666666667,1.6875,1.0249909066534533,-0.00046666565957947405,0.0,0.0015259079332837803,1
5.208333333333334,1.6875,1.0248853293237181,-0.0017376262072786738,0.0,0.03175653222168971,1
5.625,1.6875,1.0247024782378955,0.005153398005544455,0.0,-0.004706859298290378,1
6.041666666666667,1.6875,1.0219945471107663,0.003949775591089149,0.0,0.023471071798842048,1
6.458333333333334,1.6875,1.0208800986335484,0.008392918759027505,0.0,-0.005089517164817935,1
6.875,1.6875,1.01724394788874,0.006961976737337266,0.0,0.0164343913434442,1
7.291666666666667,1.6875,1.0157412437002131,0.008842160805036733,0.0,-0.0031058657578817736,1
7.708333333333334,1.6875,1.0124883276595993,0.0073992512186521996,0.0,0.01046600729054829,1
8.125,1.6875,1.0109974407038136,0.0076612312812251995,0.0,-0.0011835618652068695,1
8.541666666666668,1.6875,1.0086064302507403,0.006417267372921015,0.0,0.005933157343094907,1
8.958333333333334,1.6875,1.0073407138429231,0.005968981374124523,0.0,-7.779030127683551e-05,1
9.375,1.6875,1.005756932912645,0.00498998931322237,0.0,0.003016359221062798,1
9.791666666666668,1.6875,1.004787543407161,0.004370293013771156,0.0,0.0003364611450373931,1
10.208333333333334,1.6875,1.0037855558656115,0.0036371207974162743,0.0,0.0014253711253838781,1
10.625,1.6875,1.0030949231642574,0.0030790313679151284,0.0,0.0003828201894281214,1
11.041666666666668,1.6875,1.0024668472994092,0.00254701208516142,0.0,0.0006673716383129439,1
11.458333333333334,1.6875,1.0019978726263414,0.0021153756695040412,0.0,0.00030105708191907637,1
11.875,1.6875,1.0016010674945721,0.0017389243641533177,0.0,0.00033329292692450526,1
12.291666666666668,1.6875,1.0012914052179909,0.0014285138894098272,0.0,0.00020672931880588545,1
12.708333333333334,1.6875,1.0010380196714042,0.0011678465985858644,0.0,0.00018449097467153133,1
13.125,1.6875,1.0008363051724811,0.0009530624380831696,0.0,0.0001349324798144458,1
13.541666666666668,1.6875,1.000673302258847,0.0007757236053100899,0.0,0.00011121938280437379,1
13.958333333333334,1.6875,1.0005425819098064,0.0006302981578563564,0.0,8.696875889137883e-05,1
14.375,1.6875,1.0004373453940627,0.0005112129075377606,0.0,7.019319653319672e-05,1
14.791666666666668,1.6875,1.000352778843534,0.0004139710307818584,0.0,5.604328717748888e-05,1
15.208333333333334,1.6875,1.0002847903472272,0.0003346677460611018,0.0,4.504198905710287e-05,1
15.625,1.6875,1.0002301752119631,0.00027005481933926477,0.0,3.606052480376932e-05,1
16.041666666666668,1.6875,1.0001863553572385,0.00021741869667112531,0.0,2.8911225315930703e-05,1
16.458333333333336,1.6875,1.000151243553514,0.00017449793784154937,0.0,2.294962534356672e-05,1
16.875,1.6875,1.0001232297016762,0.00013944208823668574,0.0,1.8344992465917286e-05,1
17.291666666666668,1.6875,1.0001009200715558,0.00011067676550699233,0.0,1.4099681120055146e-05,1
17.708333333333336,1.6875,1.0000834077822163,8.69792473752795e-05,0.0,1.1345639309814395e-05,1
18.125,1.6875,1.0000696293761515,6.718247988174447e-05,0.0,7.725419077713065e-06,1
18.541666666666668,1.6875,1.000059357630317,5.057648875424808e-05,0.0,6.7416907115526365e-06,1
18.958333333333336,1.6875,1.0000514091960435,3.608452435827519e-05,0.0,2.400639120119401e-06,1
19.375,1.6875,1.0000465801441865,2.359723721437928e-05,0.0,4.007122766296239e-06,1
19.791666666666668,1.6875,1.0000427342760982,1.161356683303088e-05,0.0,-3.3777084334886587e-06,1
0.20833333333333334,2.0625,1.000578809985065,-0.005840658283390169,0.0,0.0655278080636168,1
0.625,2.0625,1.001420197455688,-0.008741061698459316,0.0,0.06295424009834223,1
1.0416666666666667,2.0625,1.0038399068825277,-0.010277032933947258,0.0,0.06786119367944066,1
1.4583333333333335,2.0625,1.004973953620594,-0.010083693670983907,0.0,0.05701377093565964,1
1.875,2.0625,1.0082733768873482,-0.01166131537084469,0.0,0.06914482347358007,1
2.291666666666667,2.0625,1.0094623235080726,-0.0103725825416907,0.0,0.047564112185520764,1
2.7083333333333335,2.0625,1.0140068473258677,-0.01285414386962035,0.0,0.06897312584993491,1
3.125,2.0625,1.015412102738402,-0.009396527626954605,0.0,0.03375266936281545,1
3.541666666666667,2.0625,1.020814113846934,-0.012598224806230025,0.0,0.06547812129553007,1
3.9583333333333335,2.0625,1.0225802821634844,-0.005758104606827312,0.0,0.016205552623802952,1
4.375,2.0625,1.0268454920560974,-0.009032501229333903,0.0,0.056447265954963154,1
4.791666666666667,2.0625,1.0284646275999922,0.0008534365132936371,0.0,-0.001279518483184052,1
5.208333333333334,2.0625,1.0283957856284676,-0.0017803231140634142,0.0,0.042225267929775094,1
5.625,2.0625,1.028252209628102,0.007463673942891571,0.0,-0.012036921047247498,1
6.041666666666667,2.0625,1.0240102397752038,0.004909838524263729,0.0,0.027702900761552032,1
6.458333333333334,2.0625,1.0226375707639994,0.010790745652620755,0.0,-0.01460042602870352,1
6.875,2.0625,1.017422059629723,0.008334157133912458,0.0,0.01597124839443745,1
7.291666666666667,2.0625,1.0158468141572887,0.0108867007642282,0.0,-0.01186249041296162,1
7.708333333333334,2.0625,1.0116709102546568,0.008786438102176709,0.0,0.008120285486280413,1
8.125,2.0625,1.010304865214148,0.00924528133108245,0.0,-0.007456752220472527,1
8.541666666666668,2.0625,1.007560490463038,0.007601530337349276,0.0,0.003685169584590338,1
8.958333333333334,2.0625,1.006479460669671,0.0071227743426620525,0.0,-0.003755853010978107,1
9.375,2.0625,1.0048415715768644,0.005894845909219556,0.0,0.001531867014709606,1
9.791666666666668,2.0625,1.0040351161118573,0.005172401153416924,0.0,-0.0014982696804828775,1
10.208333333333334,2.0625,1.0030886083144381,0.0042781496956455275,0.0,0.0006228633079257511,1
10.625,2.0625,1.0025200757898978,0.003617754143378292,0.0,-0.0004268372188848035,1
11.041666666666668,2.0625,1.0019679413118276,0.0029796606654451537,0.0,0.0002818581278323742,1
11.458333333333334,2.0625,1.0015858837755407,0.0024690603581734227,0.0,-3.115739479526154e-05,1
11.875,2.0625,1.0012547321665644,0.002022937413441294,0.0,0.00015762857096993064,1
12.291666666666668,2.0625,1.0010060410495063,0.0016577757069455095,0.0,7.09852881503534e-05,1
12.708333333333334,2.0625,1.0008019482663981,0.0013517889215386594,0.0,0.00010342313248789441,1
13.125,2.0625,1.0006425795466698,0.0011008421704387168,0.0,7.518642213880118e-05,1
13.541666666666668,2.0625,1.000514411655736,0.0008942564491999701,0.0,7.1103218705614e-05,1
13.958333333333334,2.0625,1.000412724209095,0.0007254111228358313,0.0,5.720171254525188e-05,1
14.375,2.0625,1.000331356021589,0.0005875114932375157,0.0,4.839797179577187e-05,1
14.791666666666668,2.0625,1.0002664135896409,0.00047518068723720444,0.0,3.941013588584233e-05,1
15.208333333333334,2.0625,1.0002144693394832,0.00038375872738688374,0.0,3.2255152223629896e-05,1
15.625,2.0625,1.0001729365934582,0.00030940355502033116,0.0,2.6090576197467566e-05,1
16.041666666666668,2.0625,1.0001397397747176,0.0002489210772281294,0.0,2.1081638402383986e-05,1
16.458333333333336,2.0625,1.0001132258763374,0.00019966425666913536,0.0,1.6818829257668068e-05,1
16.875,2.0625,1.0000921278685024,0.00015947581718126709,0.0,1.3495192680049874e-05,1
17.291666666666668,2.0625,1.0000753630585781,0.00012652817973529275,0.0,1.0396837386810404e-05,1
17.708333333333336,2.0625,1.0000622262926389,9.940525915232064e-05,0.0,8.384636484263001e-06,1
18.125,2.0625,1.0000519058976123,7.676103846505366e-05,0.0,5.712777616177547e-06,1
18.541666666666668,2.0625,1.00004422005001,5.777627277577405e-05,0.0,4.995909203324419e-06,1
18.958333333333336,2.0625,1.000038278622436,4.1215186854484675e-05,0.0,1.7721801936278058e-06,1
19.375,2.0625,1.0000346703614142,2.6949944652823737e-05,0.0,2.977382013303729e-06,1
19.791666666666668,2.0625,1.000031798713214,1.3262199864271669e-05,0.0,-2.522095741121513e-06,1
0.20833333333333334,2.4375,1.0006745670268362,-0.00687623682809316,0.0,0.06660064468490468,1
0.625,2.4375,1.0012090103965752,-0.010251910424588598,0.0,0.06266973815460085,1
1.0416666666666667,2.4375,1.0037956396807488,-0.01229155288952602,0.0,0.06901611438291295,1
1.4583333333333335,2.4375,1.0045470026474603,-0.012194306337035849,0.0,0.05385172846891977,1
1.875,2.4375,1.0083927156154848,-0.014724320738394124,0.0,0.06931469603970716,1
2.291666666666667,2.4375,1.0091649604021913,-0.013358798772899284,0.0,0.03980248165582624,1
2.7083333333333335,2.4375,1.0148412323030382,-0.01761025721119911,0.0,0.0672970961608797,1
3.125,2.4375,1.0158549729054083,-0.013319229465940647,0.0,0.02001141563887717,1
3.541666666666667,2.4375,1.0228798657609603,-0.01913308079448527,0.0,0.06199231380226625,1
3.9583333333333335,2.4375,1.0243752034523885,-0.009567690490636176,0.0,-0.0034827064445412436,1
4.375,2.4375,1.0299378726420827,-0.01550102446825903,0.0,0.05256469459934055,1
4.791666666666667,2.4375,1.0314983183864452,-0.0001584735723148718,0.0,-0.023721687611273266,1
5.208333333333334,2.4375,1.0308407254978948,-0.004062953036912273,0.0,0.03993445885190386,1
5.625,2.4375,1.0307202365542687,0.010907761584952493,0.0,-0.029056025241761284,1
6.041666666666667,2.4375,1.0249857902912893,0.007126046831661156,0.0,0.03050105165248954,1
6.458333333333334,2.4375,1.0239631168542684,0.015967865308952892,0.0,-0.02258228111288137,1
6.875,2.4375,1.01732676302441,0.011944069388983345,0.0,0.022540783573964242,1
7.291666666666667,2.4375,1.0161497756814526,0.01527273630148898,0.0,-0.013363083634070301,1
7.708333333333334,2.4375,1.0110093467445982,0.01182435992780911,0.0,0.014881452924797523,1
8.125,2.4375,1.009931775881424,0.012157838342495671,0.0,-0.006388097382713917,1
8.541666666666668,2.4375,1.0066956391814668,0.009624899981107325,0.0,0.008450409050057128,1
8.958333333333334,2.4375,1.0058049574966046,0.008841395504747837,0.0,-0.0024617715530659066,1
9.375,2.4375,1.0040014831402104,0.007108769672703835,0.0,0.00411193000551087,1
9.791666666666668,2.4375,1.0033325904864367,0.006140322539959577,0.0,-0.0006977870785968334,1
10.208333333333334,2.4375,1.0023863632226406,0.004979501544346091,0.0,0.0017424340043073042,1
10.625,2.4375,1.0019263035904584,0.004162020626541483,0.0,-7.407300568379311e-05,1
11.041666666666668,2.4375,1.0014330273876832,0.0033850573129495134,0.0,0.0006687545123368659,1
11.458333333333334,2.4375,1.0011368281913973,0.002782106811038008,0.0,7.740717808777838e-05,1
11.875,2.4375,1.0008709145678019,0.0022617468958984533,0.0,0.0002518297696616737,1
12.291666666666668,2.4375,1.0006873738961826,0.0018432762930544343,0.0,8.132816808286821e-05,1
12.708333333333334,2.4375,1.000536780916341,0.001495839220360628,0.0,0.00010508604504396583,1
13.125,2.4375,1.000424526817427,0.0012137332138784317,0.0,5.774828138212436e-05,1
13.541666666666668,2.4375,1.000335414861713,0.00098298690831096,0.0,5.293497440362597e-05,1
13.958333333333334,2.4375,1.0002665117745078,0.0007954960161448431,0.0,3.771847239758939e-05,1
14.375,2.4375,1.0002121382052118,0.0006430236892574757,0.0,3.1196832550820565e-05,1
14.791666666666668,2.4375,1.0001694014822367,0.000519268573595878,0.0,2.4439970585207926e-05,1
15.208333333333334,2.4375,1.000135591013833,0.0004188321557832333,0.0,1.980334322664727e-05,1
15.625,2.4375,1.0001088213769525,0.0003373336667753131,0.0,1.587684762443858e-05,1
16.041666666666668,2.4375,1.0000875900215822,0.00027116391341598634,0.0,1.2807953709446641e-05,1
16.458333333333336,2.4375,1.0000707428353208,0.00021735751656344526,0.0,1.0216431335898958e-05,1
16.875,2.4375,1.0000574072480721,0.00017351184654327474,0.0,8.210621243747234e-06,1
17.291666666666668,2.4375,1.0000468565696705,0.00013760298112635338,0.0,6.334974370558996e-06,1
17.708333333333336,2.4375,1.0000386173739992,0.00010806742269520878,0.0,5.121221490587685e-06,1
18.125,2.4375,1.0000321632725382,8.342641143326717e-05,0.0,3.490724911890501e-06,1
18.541666666666668,2.4375,1.0000273663976087,6.277950701510891e-05,0.0,3.062998711424089e-06,1
18.958333333333336,2.4375,1.0000236654545387,4.4776831390797786e-05,0.0,1.0787954322196332e-06,1
19.375,2.4375,1.000021419591486,2.9275874526204925e-05,0.0,1.8338672652175675e-06,1
19.791666666666668,2.4375,1.0000196345854295,1.4405095086245176e-05,0.0,-1.567458491033025e-06,1
0.20833333333333334,2.8125,1.0006946869156497,-0.007489321885438957,0.0,0.07271684359579501,1
0.625,2.8125,1.0005732205718463,-0.011154849395542324,0.0,0.06811507646463213,1
1.0416666666666667,2.8125,1.0031267572995592,-0.013535005566443846,0.0,0.07838284799490655,1
1.4583333333333335,2.8125,1.0029685526511554,-0.013275525341967503,0.0,0.06033044159024314,1
1.875,2.8125,1.007251388352299,-0.016408659998115104,0.0,0.08447760281245328,1
2.291666666666667,2.8125,1.0068664629634412,-0.014479072042571095,0.0,0.04811489957580704,1
2.7083333333333335,2.8125,1.0140488917351613,-0.01986554941092639,0.0,0.09022463572091775,1
3.125,2.8125,1.0140384514429874,-0.014050262332374372,0.0,0.02900857756603481,1
3.541666666666667,2.8125,1.0242129887119826,-0.02174695629473888,0.0,0.09167821699594537,1
3.9583333333333335,2.8125,1.0258406389880965,-0.008742915257274981,0.0,0.0023700093969322355,1
4.375,2.8125,1.0353591041298298,-0.017435254972330578,0.0,0.08313664568632084,1
4.791666666666667,2.8125,1.038736168221897,0.003689762043743355,0.0,-0.02580702001172417,1
5.208333333333334,2.8125,1.0383674039125281,-0.00332051082287519,0.0,0.06296745490602763,1
5.625,2.8125,1.0383129284651638,0.015795133592241672,0.0,-0.03885532285891259,1
6.041666666666667,2.8125,1.0285626289001633,0.008758830625467666,0.0,0.04221562763839316,1
6.458333333333334,2.8125,1.0269779480958103,0.019726398051108204,0.0,-0.036646222409789805,1
6.875,2.8125,1.0167887484826872,0.013465934249505792,0.0,0.024561684343386268,1
7.291666666666667,2.8125,1.0157427993400479,0.01769508872501723,0.0,-0.027036261399001782,1
7.708333333333334,2.8125,1.008863181490496,0.013033394493594955,0.0,0.012143699377034354,1
8.125,2.8125,1.008326944278321,0.013647492501805667,0.0,-0.016506488554042367,1
8.541666666666668,2.8125,1.0045743874612894,0.010518563077630688,0.0,0.0050440496390096795,1
8.958333333333334,2.8125,1.0042154404201071,0.009749529991922268,0.0,-0.008512506138552598,1
9.375,2.8125,1.0024103468336127,0.007724660330410788,0.0,0.0017029008317823295,1
9.791666666666668,2.8125,1.0021188994302872,0.006689086433447502,0.0,-0.003744234406882473,1
10.208333333333334,2.8125,1.0013081052522848,0.005377342696751402,0.0,0.0004203428487417768,1
10.625,2.8125,1.0010851033887986,0.004489330998576049,0.0,-0.0014126565546228268,1
11.041666666666668,2.8125,1.000726019629408,0.0036300040929438202,0.0,4.456264926437921e-05,1
11.458333333333334,2.8125,1.0005749103871642,0.0029753390467827066,0.0,-0.0004577898895244584,1
11.875,2.8125,1.0004097866096624,0.0024085381586511677,0.0,-1.953386858177706e-05,1
12.291666666666668,2.8125,1.0003167256470045,0.0019571057671598966,0.0,-0.0001252695107885206,1
12.708333333333334,2.8125,1.0002353602908371,0.0015831083870452253,0.0,-1.1271475786887018e-05,1
13.125,2.8125,1.0001810129131679,0.0012812329267364382,0.0,-2.5746715369774737e-05,1
13.541666666666668,2.8125,1.0001379984511245,0.0010351594327637505,0.0,-1.677548564452405e-08,1
13.958333333333334,2.8125,1.0001067574658054,0.0008360336614739874,0.0,-4.24621084837886e-07,1
14.375,2.8125,1.0000827514121773,0.0006746076027362159,0.0,4.307315511553999e-06,1
14.791666666666668,2.8125,1.0000646412617427,0.0005439732210025857,0.0,4.329590921878106e-06,1
15.208333333333334,2.8125,1.0000507279567752,0.00043821388445322644,0.0,4.6094918353266165e-06,1
15.625,2.8125,1.0000400351996894,0.00035257934899832503,0.0,4.1330426479981405e-06,1
16.041666666666668,2.8125,1.0000317612588365,0.0002831760147597275,0.0,3.6341859225976786e-06,1
16.458333333333336,2.8125,1.000025339029805,0.00022682574645285945,0.0,3.0478425188618795e-06,1
16.875,2.8125,1.0000203487955495,0.00018096536765783202,0.0,2.5418904473172193e-06,1
17.291666666666668,2.8125,1.0000164630700128,0.0001434465206536306,0.0,2.0057989923022456e-06,1
17.708333333333336,2.8125,1.000013467389563,0.00011261409633412408,0.0,1.6547568749516058e-06,1
18.125,2.8125,1.0000111467583184,8.691031261771721e-05,0.0,1.1349640871162728e-06,1
18.541666666666668,2.8125,1.0000094354604532,6.538609304445092e-05,0.0,1.0139350949888317e-06,1
18.958333333333336,2.8125,1.0000081252970991,4.662770029986314e-05,0.0,3.4654900402951246e-07,1
19.375,2.8125,1.000007332680925,3.0482718006454995e-05,0.0,6.201965325586658e-07,1
19.791666666666668,2.8125,1.0000067060802869,1.499705152409141e-05,0.0,-5.497104348490501e-07,1
0.20833333333333334,3.1875,1.000858598385129,-0.00828354180824602,0.0,0.07320909297291717,1
0.625,3.1875,1.000216998444188,-0.01229296524327272,0.0,0.06664964870851582,1
1.0416666666666667,3.1875,1.0030323592869839,-0.015322266567226841,0.0,0.0787554240186766,1
1.4583333333333335,3.1875,1.00216537683417,-0.01530176886649563,0.0,0.05456302701418285,1
1.875,3.1875,1.0073374069214904,-0.0200211559617106,0.0,0.08296248177048386,1
2.291666666666667,3.1875,1.006058815023474,-0.018307812297027302,0.0,0.03537746306158498,1
2.7083333333333335,3.1875,1.0152285120861495,-0.02707929639716976,0.0,0.08546564508685432,1
3.125,3.1875,1.0141647671593723,-0.02058609492075013,0.0,0.006369459540680106,1
3.541666666666667,3.1875,1.0276719051408503,-0.034086045319627264,0.0,0.08390180816880594,1
3.9583333333333335,3.1875,1.0282365563871625,-0.01697475508896355,0.0,-0.03323622535210576,1
4.375,3.1875,1.0412288618705967,-0.032322031736491896,0.0,0.07419517853150057,1
4.791666666666667,3.1875,1.0440960542161757,0.00024358146143264116,0.0,-0.07353486972428018,1
5.208333333333334,3.1875,1.0417639307375777,-0.008764491657488542,0.0,0.05311229553878921,1
5.625,3.1875,1.0415832872261874,0.022974494723090294,0.0,-0.07689910812420818,1
6.041666666666667,3.1875,1.0284980801320511,0.013449789234415213,0.0,0.04191090621003216,1
6.458333333333334,3.1875,1.0282061606356756,0.02951494811218499,0.0,-0.054817658055830686,1
6.875,3.1875,1.0154801740180632,0.019689745490236495,0.0,0.03271611042951754,1
7.291666666666667,3.1875,1.0157660946065892,0.024655707752701195,0.0,-0.03105899673806139,1
7.708333333333334,3.1875,1.0073602962535555,0.017310188810758128,0.0,0.02226717510353627,1
8.125,3.1875,1.007670905010674,0.01744551640676316,0.0,-0.014862452844138825,1
8.541666666666668,3.1875,1.003185989555029,0.012823884609962284,0.0,0.01271963252529873,1
8.958333333333334,3.1875,1.0032912037314097,0.01155133327210211,0.0,-0.006121544040491382,1
9.375,3.1875,1.0012468153578764,0.008819167532058749,0.0,0.006071362642470975,1
9.791666666666668,3.1875,1.0012201900309572,0.0074785602215503965,0.0,-0.0021679393589070827,1
10.208333333333334,3.1875,1.0004065549905206,0.005861118287123409,0.0,0.0024212198801177704,1
10.625,3.1875,1.0003537394963975,0.004820850440173408,0.0,-0.0006577944329924924,1
11.041666666666668,3.1875,1.0000704379771572,0.0038359601026753407,0.0,0.0007987512921712462,1
11.458333333333334,3.1875,1.0000375177742162,0.003112273091555685,0.0,-0.00017724434076123283,1
11.875,3.1875,0.9999545075229946,0.0024949559313284107,0.0,0.0002079242671757098,1
12.291666666666668,3.1875,0.9999444891627507,0.00201374056804525,0.0,-5.162485426143514e-05,1
12.708333333333334,3.1875,0.9999284963549993,0.0016193824018317154,0.0,3.30653014328242e-05,1
13.125,3.1875,0.9999313732330182,0.001304917597120507,0.0,-2.295562000572149e-05,1
13.541666666666668,3.1875,0.999934735759968,0.0010505110073980167,0.0,-6.241001015991399e-06,1
13.958333333333334,3.1875,0.9999420152136165,0.0008460766753995465,0.0,-1.4500644333714703e-05,1
14.375,3.1875,0.9999492838431822,0.0006811727097408955,0.0,-1.0221243967955063e-05,1
14.791666666666668,3.1875,0.999956647140716,0.0005482839497614996,0.0,-9.683336895380794e-06,1
15.208333333333334,3.1875,0.9999633365261968,0.00044104745647916807,0.0,-7.624411781585243e-06,1
15.625,3.1875,0.9999692872831858,0.00035444607473889987,0.0,-6.234854121771891e-06,1
16.041666666666668,3.1875,0.9999744117691297,0.00028440715555935384,0.0,-4.928869068103938e-06,1
16.458333333333336,3.1875,0.9999787532477398,0.00022763854722851243,0.0,-3.873791970932786e-06,1
16.875,3.1875,0.9999823659427883,0.0001815022355822896,0.0,-3.0467988934664974e-06,1
17.291666666666668,3.1875,0.9999853404231145,0.00014380101289880454,0.0,-2.312744919559292e-06,1
17.708333333333336,3.1875,0.9999877347958438,0.00011284787280193696,0.0,-1.831324739166293e-06,1
18.125,3.1875,0.9999896580568028,8.706364063899882e-05,0.0,-1.241372283497255e-06,1
18.541666666666668,3.1875,0.9999911120781001,6.548582188292176e-05,0.0,-1.0624243106784046e-06,1
18.958333333333336,3.1875,0.9999922523625994,4.669030328214986e-05,0.0,-3.916680828851127e-07,1
19.375,3.1875,0.9999929487556616,3.052026179998755e-05,0.0,-6.151713574322487e-07,1
19.791666666666668,3.1875,0.9999935083629947,1.5013610792087052e-05,0.0,4.931003252870373e-07,1
0.20833333333333334,3.5625,1.0008510876461914,-0.008393187136618739,0.0,0.08156655957807149,1
0.625,3.5625,0.9990406984499243,-0.012443907014932911,0.0,0.07421699768755823,1
1.0416666666666667,3.5625,1.0016484393258653,-0.01573942346608244,0.0,0.0920604285932721,1
1.4583333333333335,3.5625,0.9989566295625889,-0.015571738282537597,0.0,0.06427242266494092,1
1.875,3.5625,1.0045779334320826,-0.020937761500932756,0.0,0.10563535618065338,1
2.291666666666667,3.5625,1.0005116056253076,-0.018728704835312703,0.0,0.048987576569242054,1
2.7083333333333335,3.5625,1.0120173397188137,-0.028910655338733476,0.0,0.12156958023668463,1
3.125,3.5625,1.0077191212526388,-0.020761899450880156,0.0,0.023086871785849956,1
3.541666666666667,3.5625,1.027553617169931,-0.03716317076380284,0.0,0.133366274042331,1
3.9583333333333335,3.5625,1.0274059953271963,-0.014666178180959883,0.0,-0.018678580025732174,1
4.375,3.5625,1.051120894717944,-0.03561369083909324,0.0,0.12878398944006922,1
4.791666666666667,3.5625,1.0598231872857236,0.010627901919277712,0.0,-0.07098080946850736,1
5.208333333333334,3.5625,1.0588720365913398,-0.005260660421843316,0.0,0.09746201721416799,1
5.625,3.5625,1.0582625072765888,0.03408283604015599,0.0,-0.0847998363746551,1
6.041666666666667,3.5625,1.0344232780481422,0.016820314239830873,0.0,0.06962059438803639,1
6.458333333333334,3.5625,1.0326156538282116,0.035650401132075654,0.0,-0.06987924528791936,1
6.875,3.5625,1.0123705508150276,0.021406437410300138,0.0,0.04284780006051488,1
7.291666666666667,3.5625,1.013615925500163,0.02730030903168086,0.0,-0.047727066888453754,1
7.708333333333334,3.5625,1.0023567359937482,0.018051819255529008,0.0,0.021800597918752666,1
8.125,3.5625,1.0042952092030866,0.01847440992860667,0.0,-0.027966690236269836,1
8.541666666666668,3.5625,0.9992658780185587,0.01312978363471422,0.0,0.009144655135335782,1
8.958333333333334,3.5625,1.0006128822548472,0.011920965011146376,0.0,-0.014213567952038672,1
9.375,3.5625,0.9987442901587258,0.008928772660601778,0.0,0.0030431580084121133,1
9.791666666666668,3.5625,0.9994570190595214,0.007586242634039005,0.0,-0.006316597955441966,1
10.208333333333334,3.5625,0.9989161097053141,0.005878368934227553,0.0,0.0006630109553492977,1
10.625,3.5625,0.9992625233902289,0.0048272740719254486,0.0,-0.002492161785657305,1
11.041666666666668,3.5625,0.9991882978028427,0.0038132749951929426,0.0,-4.005024039553926e-05,1
11.458333333333334,3.5625,0.9993680146758249,0.0030843345516657515,0.0,-0.0009032639962412631,1
11.875,3.5625,0.9994211075056397,0.0024602279264858513,0.0,-0.0001489683836686145,1
12.291666666666668,3.5625,0.9995287097991534,0.001979283768042902,0.0,-0.0003219780705768476,1
12.708333333333334,3.5625,0.9995974193637456,0.001585971380547496,0.0,-0.00011212412613636886,1
13.125,3.5625,0.9996690283414058,0.0012744595459766265,0.0,-0.00012497724527450927,1
13.541666666666668,3.5625,0.9997250413857476,0.0010233326609407959,0.0,-6.74287806363104e-05,1
13.958333333333334,3.5625,0.9997743527950538,0.0008224360117209121,0.0,-5.7218477409761856e-05,1
14.375,3.5625,0.9998147378300866,0.0006609158785070855,0.0,-3.900660796364966e-05,1
14.791666666666668,3.5625,0.9998485284352865,0.0005311622421329088,0.0,-3.065623899917998e-05,1
15.208333333333334,3.5625,0.9998762738022952,0.00042672270826125985,0.0,-2.3088901128311534e-05,1
15.625,3.5625,0.9998990588761257,0.0003425675216534048,0.0,-1.8030695302970065e-05,1
16.041666666666668,3.5625,0.9999176344524174,0.00027463286923497867,0.0,-1.4062423670245539e-05,1
16.458333333333336,3.5625,0.9999327245764473,0.00021965584371440698,0.0,-1.0981974279773925e-05,1
16.875,3.5625,0.9999448950091682,0.00017503371161243855,0.0,-8.658848994577681e-06,1
17.291666666666668,3.5625,0.9999546741332784,0.0001386096070251772,0.0,-6.5967846135854625e-06,1
17.708333333333336,3.5625,0.9999624037623619,0.0001087320533250185,0.0,-5.26537957606258e-06,1
18.125,3.5625,0.9999685208917058,8.386268227444593e-05,0.0,-3.5737309538957565e-06,1
18.541666666666668,3.5625,0.9999730994868222,6.306341686309805e-05,0.0,-3.0975343821014966e-06,1
18.958333333333336,3.5625,0.9999766562404967,4.4955120481253066e-05,0.0,-1.1120660675281642e-06,1
19.375,3.5625,0.9999788204068437,2.938281825142756e-05,0.0,-1.8264973553479917e-06,1
19.791666666666668,3.5625,0.99998054852899,1.4452274899734237e-05,0.0,1.5204304402278101e-06,1
0.20833333333333334,3.9375,1.0010817554953324,-0.008595511524596389,0.0,0.08122064815211773,1
0.625,3.9375,0.9985440335965341,-0.012723235269950563,0.0,0.07161391252181881,1
1.0416666666666667,3.9375,1.0014849536942296,-0.0166306436110531,0.0,0.09133478329341073,1
1.4583333333333335,3.9375,0.997715022894515,-0.01688202520768277,0.0,0.05657981979018953,1
1.875,3.9375,1.0045286863834826,-0.024266855971243527,0.0,0.102303779646936,1
2.291666666666667,3.9375,0.9989001994954617,-0.022958057516397623,0.0,0.03290571270369544,1
2.7083333333333335,3.9375,1.0133995406690992,-0.03845460544297363,0.0,0.11428516713113111,1
3.125,3.9375,1.00678635672237,-0.03124378474392123,0.0,-0.006898297491773291,1
3.541666666666667,3.9375,1.0331719402776045,-0.05909504189956473,0.0,0.1233790498612603,1
3.9583333333333335,3.9375,1.0296658802845846,-0.03355706849874222,0.0,-0.07586766950987797,1
4.375,3.9375,1.064600413889744,-0.07079847352339394,0.0,0.11817160810066178,1
4.791666666666667,3.9375,1.070760642258655,-0.001556537161217236,0.0,-0.1761103873920953,1
5.208333333333334,3.9375,1.0629751958547844,-0.016862021500458447,0.0,0.07377786674260986,1
5.625,3.9375,1.0614786402150937,0.05024649994871528,0.0,-0.1708651118225246,1
6.041666666666667,3.9375,1.02971631638407,0.02910347539917539,0.0,0.062097611375795767,1
6.458333333333334,3.9375,1.0323738831381046,0.05418837032408077,0.0,-0.11014536105458136,1
6.875,3.9375,1.0078802816529793,0.03218239420202772,0.0,0.04990902713670658,1
7.291666666666667,3.9375,1.0127685260884887,0.03732458562718436,0.0,-0.05840233774255318,1
7.708333333333334,3.9375,0.9993983109522737,0.023347552647443412,0.0,0.03357264726932805,1
8.125,3.9375,1.0032482364238497,0.022511271095278024,0.0,-0.027131094889815705,1
8.541666666666668,3.9375,0.9972844817905637,0.015123299939048134,0.0,0.01880342442464296,1
8.958333333333334,3.9375,0.9995119598272435,0.013223452886533392,0.0,-0.011211850741742488,1
9.375,3.9375,0.9973449752061192,0.009486974819533575,0.0,0.008785290402606432,1
9.791666666666668,3.9375,0.9984751319289364,0.0078655998768914,0.0,-0.00413276999347701,1
10.208333333333334,3.9375,0.9979233933080027,0.005923230007253906,0.0,0.0033932500905053567,1
10.625,3.9375,0.9984952000907704,0.004786231140473547,0.0,-0.0013849116477095058,1
11.041666666666668,3.9375,0.9985017814303303,0.0037155170602072604,0.0,0.0010390209395161058,1
11.458333333333334,3.9375,0.9988197799791813,0.002973670512538227,0.0,-0.00045920507716219294,1
11.875,3.9375,0.9989599604378823,0.0023478042374406875,0.0,0.00020619336044413005,1
12.291666666666668,3.9375,0.9991576579601777,0.0018760367684289084,0.0,-0.0001818968220101447,1
12.708333333333334,3.9375,0.9992941540021802,0.0014942572417928769,0.0,-2.1560307793958327e-05,1
13.125,3.9375,0.9994249978874292,0.0011955892787055898,0.0,-9.718621110955405e-05,1
13.541666666666668,3.9375,0.9995279142320468,0.0009565667995125515,0.0,-5.745351957108735e-05,1
13.958333333333334,3.9375,0.9996158398292014,0.0007666817530271463,0.0,-6.205773638239937e-05,1
14.375,3.9375,0.9996871372579224,0.0006147510004578819,0.0,-4.76679562337659e-05,1
14.791666666666668,3.9375,0.999745873154348,0.0004932026632236438,0.0,-4.107503416199959e-05,1
15.208333333333334,3.9375,0.9997936011824834,0.0003956730463650613,0.0,-3.296605653577613e-05,1
15.625,3.9375,0.9998324063781704,0.00031728626018763696,0.0,-2.6831954266532396e-05,1
16.041666666666668,3.9375,0.9998637912257384,0.0002541361692221847,0.0,-2.153517757986167e-05,1
16.458333333333336,3.9375,0.9998891139791724,0.00020311509932219058,0.0,-1.7129142057306678e-05,1
16.875,3.9375,0.9999094243127725,0.00016175888369230777,0.0,-1.367914288144507e-05,1
17.291666666666668,3.9375,0.9999256689126492,0.00012803746919247644,0.0,-1.050251939844792e-05,1
17.708333333333336,3.9375,0.9999384625615938,0.00010040144632644487,0.0,-8.436440977589993e-06,1
18.125,3.9375,0.9999485562648317,7.741483317098347e-05,0.0,-5.738349392689549e-06,1
18.541666666666668,3.9375,0.999956095297536,5.820171208519852e-05,0.0,-4.99865130463191e-06,1
18.958333333333336,3.9375,0.9999619397629221,4.1482346253261876e-05,0.0,-1.781113383037328e-06,1
19.375,3.9375,0.999965493063565,2.7110195151126107e-05,0.0,-2.9647870017193124e-06,1
19.791666666666668,3.9375,0.9999683264784694,1.3332886339779742e-05,0.0,2.492991545967899e-06,1
0.20833333333333334,4.3125,1.0010180230244596,-0.008009666038023956,0.0,0.09064762858429701,1
0.625,4.3125,0.9967554557525993,-0.0118497148598095,0.0,0.08026246689963482,1
1.0416666666666667,4.3125,0.9991660848241692,-0.015751575501155274,0.0,0.10687975323599307,1
1.4583333333333335,4.3125,0.9923014029816493,-0.016020408601982245,0.0,0.06853781994460648,1
1.875,4.3125,0.9991429809782548,-0.023695936087277658,0.0,0.13024279814006248,1
2.291666666666667,4.3125,0.9877167900932876,-0.022487428219658656,0.0,0.05161262156162629,1
2.7083333333333335,4.3125,1.0046045471584388,-0.03899465929954039,0.0,0.1617446111752424,1
3.125,4.3125,0.98905398573075,-0.03151615635347708,0.0,0.02085054126652379,1
3.541666666666667,4.3125,1.0257773670764854,-0.06282879003894766,0.0,0.1942054398431105,1
3.9583333333333335,4.3125,1.0167855967843002,-0.031881994561221254,0.0,-0.04201072406232577,1
4.375,4.3125,1.081855569822938,-0.08062424152788308,0.0,0.20541439126987948,1
4.791666666666667,4.3125,1.107683985218283,0.027374188079302253,0.0,-0.161454198305556,1
5.208333333333334,4.3125,1.105663128841945,-0.005279017411936882,0.0,0.14603995945240103,1
5.625,4.3125,1.0994891289176847,0.07710156965724849,0.0,-0.16604940846929128,1
6.041666666666667,4.3125,1.037705971746883,0.035760160572463985,0.0,0.11719990186066426,1
6.458333333333334,4.3125,1.0354996481187537,0.06362551261545436,0.0,-0.1164680158179594,1
6.875,4.3125,0.9969511400855444,0.03369649126313292,0.0,0.07658215752240477,1
7.291666666666667,4.3125,1.0057239403022302,0.039336634350015914,0.0,-0.07224379317894972,1
7.708333333333334,4.3125,0.9889701599750582,0.023127944866997048,0.0,0.03979155953479685,1
8.125,4.3125,0.9969147388934908,0.022414864967130486,0.0,-0.03991228892219853,1
8.541666666666668,4.3125,0.9908993482773683,0.014514915343033586,0.0,0.01715158322116452,1
8.958333333333334,4.3125,0.9955450024499716,0.012696124384617289,0.0,-0.019607328045997977,1
9.375,4.3125,0.9939214081389581,0.008899292953599055,0.0,0.006083506551888089,1
9.791666666666668,4.3125,0.9962504470936279,0.0073562905767199935,0.0,-0.008572307808686576,1
10.208333333333334,4.3125,0.9961445972984351,0.005457674022354029,0.0,0.0016044964871901387,1
10.625,4.3125,0.9972756815083248,0.004390240278084202,0.0,-0.0033793081133229666,1
11.041666666666668,4.3125,0.9975569820421362,0.003375781371541804,0.0,0.00014905083374258494,1
11.458333333333334,4.3125,0.9981370790867419,0.0026894639969226304,0.0,-0.0012504508489892686,1
11.875,4.3125,0.9984332333445269,0.0021104669698586618,0.0,-0.00017380952683521757,1
12.291666666666668,4.3125,0.9987605155074821,0.0016799086182419398,0.0,-0.000471730541993121,1
12.708333333333334,4.3125,0.9989850148650696,0.0013327201224742967,0.0,-0.00017212313035126745,1
13.125,4.3125,0.9991851057043415,0.0010632313832007012,0.0,-0.00020189508205086814,1
13.541666666666668,4.3125,0.9993390238282751,0.0008484275246571372,0.0,-0.0001175531655252378,1
13.958333333333334,4.3125,0.9994667180525351,0.0006785973500893148,0.0,-0.00010298539407000886,1
14.375,4.3125,0.9995686063282267,0.0005431627774163894,0.0,-7.410221886158123e-05,1
14.791666666666668,4.3125,0.9996513580707145,0.00043514716580599956,0.0,-5.9837195790646747e-05,1
15.208333333333334,4.3125,0.9997179489130367,0.0003486859138347506,0.0,-4.64336223829613e-05,1
15.625,4.3125,0.9997716756026128,0.00027933894398242057,0.0,-3.694592035585935e-05,1
16.041666666666668,4.3125,0.9998148803607834,0.00022356567794155015,0.0,-2.9279384378560534e-05,1
16.458333333333336,4.3125,0.9998495849904355,0.00017856785093969235,0.0,-2.312206002314945e-05,1
16.875,4.3125,0.999877325123261,0.00014213601187846017,0.0,-1.839760724084737e-05,1
17.291666666666668,4.3125,0.9998994524227265,0.00011245837086464505,0.0,-1.410032993618341e-05,1
17.708333333333336,4.3125,0.9999168433895097,8.815558998275846e-05,0.0,-1.1322033524544075e-05,1
18.125,4.3125,0.999930541106221,6.795475320252315e-05,0.0,-7.696554957866649e-06,1
18.541666666666668,4.3125,0.9999407602717064,5.1079172126647215e-05,0.0,-6.712217175962516e-06,1
18.958333333333336,4.3125,0.9999486738244907,3.6400268215141446e-05,0.0,-2.3819347920175086e-06,1
19.375,4.3125,0.999953483005958,2.3786653152927935e-05,0.0,-3.989499924547333e-06,1
19.791666666666668,4.3125,0.9999573150744275,1.1697115615454917e-05,0.0,3.3716201690443306e-06,1
0.20833333333333334,4.6875,1.0012615506587517,-0.007108370545251322,0.0,0.0897772614814025,1
0.625,4.6875,0.9962122502769685,-0.010545651459399376,0.0,0.07744175833748507,1
1.0416666666666667,4.6875,0.9989162845626215,-0.014495753574488087,0.0,0.1055417130653802,1
1.4583333333333335,4.6875,0.9907803708351506,-0.015180594985660741,0.0,0.06134578286444601,1
1.875,4.6875,0.9987484146270973,-0.02404047495441521,0.0,0.12663940079366498,1
2.291666666666667,4.6875,0.9851718101397655,-0.024624031824263728,0.0,0.037416623140515914,1
2.7083333333333335,4.6875,1.0053013903323096,-0.04651870488492441,0.0,0.15608450726420012,1
3.125,4.6875,0.9855857565664946,-0.04492683561789008,0.0,-0.007008460253688216,1
3.541666666666667,4.6875,1.0327345143889497,-0.09490379056098507,0.0,0.1911440551814573,1
3.9583333333333335,4.6875,1.014599470732732,-0.07634459219646614,0.0,-0.115208414204838,1
4.375,4.6875,1.12138924816231,-0.16820159073453864,0.0,0.20693841026850845,1
4.791666666666667,4.6875,1.1337843441426685,-0.015248042907168254,0.0,-0.41441499217683797,1
5.208333333333334,4.6875,1.107539954989552,-0.02604477805136307,0.0,0.10527311745128654,1
5.625,4.6875,1.0989789821838865,0.11917986826696843,0.0,-0.36166036555305414,1
6.041666666666667,4.6875,1.0161912539951476,0.07364739559138188,0.0,0.1084959585832743,1
6.458333333333334,4.6875,1.0307377989831565,0.09830972655509972,0.0,-0.19418665619144965,1
6.875,4.6875,0.9857058313536649,0.050878110223603154,0.0,0.08261935536002107,1
7.291666666666667,4.6875,1.0033342100988063,0.0500164002927945,0.0,-0.09328325441247158,1
7.708333333333334,4.6875,0.9841274448682451,0.027124560378142485,0.0,0.05053736084465249,1
8.125,4.6875,0.9955115342315888,0.02407387644364959,0.0,-0.04162512729280958,1
8.541666666666668,4.6875,0.9885306782300843,0.014536571288237704,0.0,0.026346642503952925,1
8.958333333333334,4.6875,0.9944598900363472,0.012180350621283935,0.0,-0.017130691305093416,1
9.375,4.6875,0.992537779843081,0.008159270357559261,0.0,0.011724886634523026,1
9.791666666666668,4.6875,0.9953778515855609,0.006601271937187959,0.0,-0.006437588042946484,1
10.208333333333334,4.6875,0.9952536997646358,0.004774120134771257,0.0,0.004358168094702885,1
10.625,4.6875,0.9966214893783154,0.0037960570277402257,0.0,-0.0022352142004276963,1
11.041666666666668,4.6875,0.9969710378092317,0.0028795912223385242,0.0,0.0012687548461524137,1
11.458333333333334,4.6875,0.9976809865014403,0.002278378564036412,0.0,-0.0007706214477334422,1
11.875,4.6875,0.9980513512531163,0.0017749007366572088,0.0,0.00021100693499615785,1
12.291666666666668,4.6875,0.9984576814472592,0.0014066027705357295,0.0,-0.0003087806526422043,1
12.708333333333334,4.6875,0.9987391419450695,0.0011112826448525463,0.0,-6.381910130182232e-05,1
13.125,4.6875,0.9989891330020106,0.000884007446516676,0.0,-0.0001608997327663179,1
13.541666666666668,4.6875,0.9991817427330226,0.0007036386207933205,0.0,-9.750867388896819e-05,1
13.958333333333334,4.6875,0.9993411009977277,0.0005617099901777746,0.0,-0.00010027911240995051,1
14.375,4.6875,0.9994680317643962,0.00044888405249574823,0.0,-7.698406458461761e-05,1
14.791666666666668,4.6875,0.9995708437683821,0.00035915876579777295,0.0,-6.583748799594235e-05,1
15.208333333333334,4.6875,0.9996533736550006,0.0002874956093947218,0.0,-5.288445156103646e-05,1
15.625,4.6875,0.9997197980790913,0.00023012409564025833,0.0,-4.3084304959297475e-05,1
16.041666666666668,4.6875,0.999773097187241,0.00018405095113137966,0.0,-3.466507327172295e-05,1
16.458333333333336,4.6875,0.9998158272460759,0.00014692492037120228,0.0,-2.764118542885288e-05,1
16.875,4.6875,0.9998499257726006,0.00011689659527487929,0.0,-2.2134164064634916e-05,1
17.291666666666668,4.6875,0.9998770865162911,9.245563151403277e-05,0.0,-1.7028308100928444e-05,1
17.708333333333336,4.6875,0.9998984093069034,7.245476167312994e-05,0.0,-1.3713189187012377e-05,1
18.125,4.6875,0.9999151874718463,5.583916726212218e-05,0.0,-9.331274116754864e-06,1
18.541666666666668,4.6875,0.9999276962810757,4.196506235430957e-05,0.0,-8.154962067906554e-06,1
18.958333333333336,4.6875,0.9999373764587299,2.9901395522500664e-05,0.0,-2.88491241815678e-06,1
19.375,4.6875,0.9999432576924322,1.953824315332148e-05,0.0,-4.858403725236347e-06,1
19.791666666666668,4.6875,0.9999479418809338,9.607083539626964e-06,0.0,4.122071247527756e-06,1
0.20833333333333334,5.0625,1.0011425412937651,-0.005778483922175345,0.0,0.09766456173907499,1
0.625,5.0625,0.9942042423252905,-0.00857276112491223,0.0,0.08477788454028534,1
1.0416666666666667,5.0625,0.9960346138771585,-0.012047795470333661,0.0,0.11898673900003931,1
1.4583333333333335,5.0625,0.983879684892889,-0.012989836177394527,0.0,0.07247199420419934,1
1.875,5.0625,0.990668616965163,-0.021247027215277693,0.0,0.15236786055819526,1
2.291666666666667,5.0625,0.9673851766550697,-0.02292284839736219,0.0,0.05800804207302159,1
2.7083333333333335,5.0625,0.9863952476950082,-0.04409301325887217,0.0,0.20443372000515256,1
3.125,5.0625,0.9449406027075071,-0.0464462456281524,0.0,0.03447678950992319,1
3.541666666666667,5.0625,0.9982075058862392,-0.09759026381280389,0.0,0.2772420921858834,1
3.9583333333333335,5.0625,0.9497125444784937,-0.09362441933165981,0.0,-0.03316089263050792,1
4.375,5.0625,1.1405248644455328,-0.20409454283994743,0.0,0.34521581596652795,1
4.791666666666667,5.0625,1.2285142160287263,0.07281705469056438,0.0,-0.39078191722017397,1
5.208333333333334,5.0625,1.2268254270857477,0.007513578633659463,0.0,0.19403777967677763,1
5.625,5.0625,1.1896967362477038,0.1865347336628223,0.0,-0.32978039304837764,1
6.041666666666667,5.0625,1.0162454329870312,0.08273887861674249,0.0,0.2012742607574527,1
6.458333333333334,5.0625,1.0154830728409057,0.10647439400638511,0.0,-0.17803596653663017,1
6.875,5.0625,0.9524441997957857,0.049580210756735646,0.0,0.13235730628658687,1
7.291666666666667,5.0625,0.9846441406156994,0.04834446145225486,0.0,-0.09706870272079741,1
7.708333333333334,5.0625,0.9655400602795601,0.02511067196501346,0.0,0.06588409264390599,1
8.125,5.0625,0.9856554278388785,0.021870694224518285,0.0,-0.04954677316095169,1
8.541666666666668,5.0625,0.9801903273204849,0.012804237649122096,0.0,0.028110773830315936,1
8.958333333333334,5.0625,0.9898150629747267,0.010492730638110341,0.0,-0.02317954491257568,1
9.375,5.0625,0.988899678620352,0.006836510233899331,0.0,0.010356866644769576,1
9.791666666666668,5.0625,0.9932048496083046,0.005423949337225477,0.0,-0.009822611743678301,1
10.208333333333334,5.0625,0.993619794493185,0.003835954556691681,0.0,0.0031060577145265444,1
10.625,5.0625,0.9955706875644099,0.0030052492765803144,0.0,-0.003796951143248475,1
11.041666666666668,5.0625,0.9961910472543076,0.0022448582882636007,0.0,0.000593388401468447,1
11.458333333333334,5.0625,0.9971428566200388,0.0017583477593652425,0.0,-0.0013971562833063106,1
11.875,5.0625,0.9976486288385545,0.001356951340689258,0.0,-8.422977843997136e-05,1
12.291666666666668,5.0625,0.9981632561311973,0.0010686052730614348,0.0,-0.0005375652579558538,1
12.708333333333334,5.0625,0.9985146770650404,0.0008397284721971392,0.0,-0.00018016648666702414,1
13.125,5.0625,0.9988182248020747,0.0006654910922724369,0.0,-0.00024175239116166537,1
13.541666666666668,5.0625,0.9990489553983115,0.0005281243826740577,0.0,-0.00014260298892039154,1
13.958333333333334,5.0625,0.9992374384761414,0.00042068197526228386,0.0,-0.0001305408527690508,1
14.375,5.0625,0.9993863099542019,0.00033561514575000196,0.0,-9.592754153098351e-05,1
14.791666666666668,5.0625,0.9995061083005515,0.00026818913658924816,0.0,-7.901799720117468e-05,1
15.208333333333334,5.0625,0.9996018176119106,0.00021446516667021008,0.0,-6.213347755006706e-05,1
15.625,5.0625,0.999678575357434,0.00017153624579506517,0.0,-4.993553646164807e-05,1
16.041666666666668,5.0625,0.9997400010646703,0.00013711079819491725,0.0,-3.985613287621829e-05,1
16.458333333333336,5.0625,0.9997891460462004,0.00010940178565563059,0.0,-3.163589535949667e-05,1
16.875,5.0625,0.9998283027438769,8.70099588634469e-05,0.0,-2.5269827290871606e-05,1
17.291666666666668,5.0625,0.9998594547644157,6.879748119967429e-05,0.0,-1.9415909021953606e-05,1
17.708333333333336,5.0625,0.9998838885721808,5.390204709693002e-05,0.0,-1.5628383279174756e-05,1
18.125,5.0625,0.99990310036663,4.15334983518107e-05,0.0,-1.0629849793144615e-05,1
18.541666666666668,5.0625,0.9999174162935905,3.1209550764865103e-05,0.0,-9.293778932605607e-06,1
18.958333333333336,5.0625,0.9999284896476438,2.2235430647717095e-05,0.0,-3.2811458544188158e-06,1
19.375,5.0625,0.9999352160413982,1.4528210316581403e-05,0.0,-5.541867568713951e-06,1
19.791666666666668,5.0625,0.9999405716607547,7.143102990910795e-06,0.0,4.713130134180895e-06,1
0.20833333333333334,5.4375,1.0012990800694928,-0.0034427411540681723,0.0,0.0969796221653692,1
0.625,5.4375,0.9938168853647332,-0.005155080654500957,0.0,0.08302167198334452,1
1.0416666666666667,5.4375,0.9957651787031119,-0.007345878259967279,0.0,0.1180590389862538,1
1.4583333333333335,5.4375,0.9826469689941737,-0.007992561207809981,0.0,0.06855233237307717,1
1.875,5.4375,0.9898602920117309,-0.01370904787920676,0.0,0.15072728269923782,1
2.291666666666667,5.4375,0.964625315659588,-0.016241389768588445,0.0,0.051905951683901184,1
2.7083333333333335,5.4375,0.9843541699032039,-0.034428518838392784,0.0,0.20533858335371605,1
3.125,5.4375,0.9379495489963596,-0.04783073127588655,0.0,0.028393035589445975,1
3.541666666666667,5.4375,0.9918525821760398,-0.11302485587725308,0.0,0.2939250562035,1
3.9583333333333335,5.4375,0.9304601881498362,-0.19185584353037452,0.0,-0.04954057840480782,1
4.375,5.4375,1.1312888277316633,-0.4476192206083074,0.0,0.31150762525518266,1
4.791666666666667,5.4375,1.2320995291919365,-0.08261755523699549,0.0,-1.0812336116099763,1
5.208333333333334,5.4375,1.185868824932564,-0.018776580531941183,0.0,0.15311549397253255,1
5.625,5.4375,1.167269717930632,0.3196667651510837,0.0,-0.782143349554135,1
6.041666666666667,5.4375,0.9319834058000572,0.2093662465525878,0.0,0.24614770087413973,1
6.458333333333334,5.4375,1.0019708866842019,0.16785535480201896,0.0,-0.2830856847935896,1
6.875,5.4375,0.9327360962263395,0.0658084356784183,0.0,0.14530970501113286,1
7.291666666666667,5.4375,0.9815111743797905,0.0462947910415817,0.0,-0.12144808764931792,1
7.708333333333334,5.4375,0.9602205435119733,0.019851655970873905,0.0,0.07358078497522137,1
8.125,5.4375,0.9844405139577123,0.015261221784656366,0.0,-0.05292769657744419,1
8.541666666666668,5.4375,0.9782729123005348,0.008021892536129763,0.0,0.03389381388585701,1
8.958333333333334,5.4375,0.9890875551538417,0.006416948960963925,0.0,-0.022063435500969845,1
9.375,5.4375,0.9879729905367086,0.004028008441480701,0.0,0.0139044107812994,1
9.791666666666668,5.4375,0.9926769898276973,0.0032235957797204294,0.0,-0.0085372248869962,1
10.208333333333334,5.4375,0.9930764384773539,0.0022720729178292457,0.0,0.004861350219367903,1
10.625,5.4375,0.995189417650334,0.0018027730846950029,0.0,-0.003067804996157584,1
11.041666666666668,5.4375,0.9958487582088325,0.0013540037073413497,0.0,0.001318470029514012,1
11.458333333333334,5.4375,0.9968818483527424,0.0010698423425809164,0.0,-0.0010820898297782982,1
11.875,5.4375,0.9974305702516739,0.0008295477234992093,0.0,0.00017038002193176167,1
12.291666666666668,5.4375,0.9979921750336854,0.0006561748614634131,0.0,-0.0004267494144100326,1
12.708333333333334,5.4375,0.9983763362680386,0.0005168756146465371,0.0,-0.000105433108414506,1
13.125,5.4375,0.9987086877454665,0.00041032569841579586,0.0,-0.0002114589215705878,1
13.541666666666668,5.4375,0.9989614137585601,0.0003258835904158297,0.0,-0.00012660398201223125,1
13.958333333333334,5.4375,0.9991678422568119,0.0002596806402324647,0.0,-0.0001264283285819671,1
14.375,5.4375,0.9993307879930493,0.00020717399305670537,0.0,-9.593279463408236e-05,1
14.791666666666668,5.4375,0.9994618086586732,0.0001655291942232647,0.0,-8.14511237157242e-05,1
15.208333333333334,5.4375,0.9995663859834858,0.00013233949816134047,0.0,-6.51678231535772e-05,1
15.625,5.4375,0.9996501791110555,0.00010582216885814779,0.0,-5.3013214817891566e-05,1
16.041666666666668,5.4375,0.999717176157557,8.456321125259416e-05,0.0,-4.263529530719709e-05,1
16.458333333333336,5.4375,0.9997707364757397,6.745787086909109e-05,0.0,-3.400697133528683e-05,1
16.875,5.4375,0.9998133818877246,5.363990546206081e-05,0.0,-2.7249919362990084e-05,1
17.291666666666668,5.4375,0.9998472893882223,4.240488326362876e-05,0.0,-2.0976401403394854e-05,1
17.708333333333336,5.4375,0.9998738717249842,3.3218959907730816e-05,0.0,-1.6908497860617436e-05,1
18.125,5.4375,0.9998947642158587,2.559344556318544e-05,0.0,-1.1506096392958344e-05,1
18.541666666666668,5.4375,0.9999103280338476,1.9229962996495648e-05,0.0,-1.006989052402727e-05,1
18.958333333333336,5.4375,0.999922363222595,1.3699548403507229e-05,0.0,-3.5499339749196795e-06,1
19.375,5.4375,0.9999296730478489,8.950643799373676e-06,0.0,-6.011229113941904e-06,1
19.791666666666668,5.4375,0.9999354920870296,4.400565444094566e-06,0.0,5.1215012821344066e-06,1
0.20833333333333334,5.8125,1.0012121418637594,-0.0015931771232043583,0.0,0.10014674916023804,1
0.625,5.8125,0.992745387977343,-0.0023870389621284895,0.0,0.08602761296829546,1
1.0416666666666667,5.8125,0.9940046310149198,-0.0036641042516936603,0.0,0.12362457068163585,1
1.4583333333333335,5.8125,0.9782319124336689,-0.004562924961777791,0.0,0.07374560250845807,1
1.875,5.8125,0.983252454747845,-0.008618997094551387,0.0,0.16233826676329371,1
2.291666666666667,5.8125,0.9485821122423108,-0.01196782490947261,0.0,0.0646274902375178,1
2.7083333333333335,5.8125,0.9579389476524173,-0.026567920305519497,0.0,0.23195392055367264,1
3.125,5.8125,0.8721589460711667,-0.04207899154364419,0.0,0.07170275929882142,1
3.541666666666667,5.8125,0.8678134585516571,-0.10189460232010564,0.0,0.36821692470768663,1
3.9583333333333335,5.8125,0.6195218090888599,-0.1936367094398386,0.0,0.16235711805788733,1
4.375,5.8125,0.45028177834236666,-0.504367009411266,0.0,0.6384334110268184,1
4.791666666666667,5.8125,0.0,0.0,0.0,0.0,0
5.208333333333334,5.8125,0.0,0.0,0.0,0.0,0
5.625,5.8125,0.4106056814074135,0.4666484795688413,0.0,-0.7309322159337479,1
6.041666666666667,5.8125,0.47584954382326694,0.2010472603112475,0.0,0.3668481551607759,1
6.458333333333334,5.8125,0.831492649170934,0.13115191260248232,0.0,-0.2511144630578734,1
6.875,5.8125,0.8348804243797803,0.054261865848172545,0.0,0.21370337520396127,1
7.291666666666667,5.8125,0.9447484654853943,0.03466577511659142,0.0,-0.11557108953153904,1
7.708333333333334,5.8125,0.9378639490986252,0.015644362506936904,0.0,0.09057837687603029,1
8.125,5.8125,0.9751562483556256,0.010424905596565854,0.0,-0.05416445373384334,1
8.541666666666668,5.8125,0.9722413564965867,0.005385533498441512,0.0,0.03678986041477158,1
8.958333333333334,5.8125,0.986227376334872,0.0037411457766357258,0.0,-0.023967140912518576,1
9.375,5.8125,0.9860253659379358,0.0022033763766569356,0.0,0.01381358204502043,1
9.791666666666668,5.8125,0.9916248172055097,0.0015760360940986122,0.0,-0.009746762777038395,1
10.208333333333334,5.8125,0.9923409719347243,0.0010329824735156614,0.0,0.004463658184330164,1
10.625,5.8125,0.994744448549416,0.000758344556165664,0.0,-0.003650192966637138,1
11.041666666666668,5.8125,0.9955314057296252,0.0005382570153596835,0.0,0.0010743667799553427,1
11.458333333333334,5.8125,0.9966708511722806,0.0004055754485033487,0.0,-0.001319725358118388,1
11.875,5.8125,0.9972763302313223,0.00030372571045874617,0.0,5.990316137113931e-05,1
12.291666666666668,5.8125,0.9978818527445421,0.00023414633597872893,0.0,-0.0005138830212466758,1
12.708333333333334,5.8125,0.9982934137593584,0.0001811147510714526,0.0,-0.0001492484173725754,1
13.125,5.8125,0.998646332425263,0.00014199149876202778,0.0,-0.00024202850480424293,1
13.541666666666668,5.8125,0.9989133751186247,0.00011181948549690999,0.0,-0.000143414428340998,1
13.958333333333334,5.8125,0.9991305999630428,8.86079692901776e-05,0.0,-0.0001376481573777244,1
14.375,5.8125,0.9993015737253395,7.04345760855761e-05,0.0,-0.00010284366235774807,1
14.791666666666668,5.8125,0.9994387572941063,5.6144753188695654e-05,0.0,-8.621169902065755e-05,1
15.208333333333334,5.8125,0.9995480813081584,4.4820086176169175e-05,0.0,-6.846658414722955e-05,1
15.625,5.8125,0.9996355767020989,3.5805024851378e-05,0.0,-5.543809763113164e-05,1
16.041666666666668,5.8125,0.9997054732006527,2.8594428962239154e-05,0.0,-4.446130881698216e-05,1
16.458333333333336,5.8125,0.9997613150737831,2.2801256078950926e-05,0.0,-3.540755564631002e-05,1
16.875,5.8125,0.9998057550663021,1.8125879420796052e-05,0.0,-2.8347333173541763e-05,1
17.291666666666668,5.8125,0.999841075913515,1.4326804590363947e-05,0.0,-2.1811338007748955e-05,1
17.708333333333336,5.8125,0.9998687582825692,1.1221880981477348e-05,0.0,-1.757830641525933e-05,1
18.125,5.8125,0.9998905102670065,8.645115360008683e-06,0.0,-1.1960048286325561e-05,1
18.541666666666668,5.8125,0.9999067117962602,6.495222307721926e-06,0.0,-1.0468514988722779e-05,1
18.958333333333336,5.8125,0.9999192382502352,4.627033135690246e-06,0.0,-3.6880250584303784e-06,1
19.375,5.8125,0.9999268460014451,3.023010644797239e-06,0.0,-6.250980226469974e-06,1
19.791666666666668,5.8125,0.9999329016137908,1.4862127477663237e-06,0.0,5.329823154321366e-06,1
0.20833333333333334,6.1875,1.0012121418637594,0.0015931771232043583,0.0,0.10014674916023804,1
0.625,6.1875,0.992745387977343,0.0023870389621284895,0.0,0.08602761296829546,1
1.0416666666666667,6.1875,0.9940046310149198,0.0036641042516936603,0.0,0.12362457068163585,1
1.4583333333333335,6.1875,0.9782319124336689,0.004562924961777791,0.0,0.07374560250845807,1
1.875,6.1875,0.983252454747845,0.008618997094551387,0.0,0.16233826676329371,1
2.291666666666667,6.1875,0.9485821122423108,0.01196782490947261,0.0,0.0646274902375178,1
2.7083333333333335,6.1875,0.9579389476524173,0.026567920305519497,0.0,0.23195392055367264,1
3.125,6.1875,0.8721589460711667,0.04207899154364419,0.0,0.07170275929882142,1
3.541666666666667,6.1875,0.8678134585516571,0.10189460232010564,0.0,0.36821692470768663,1
3.9583333333333335,6.1875,0.6195218090888599,0.1936367094398386,0.0,0.16235711805788733,1
4.375,6.1875,0.45028177834236666,0.504367009411266,0.0,0.6384334110268184,1
4.791666666666667,6.1875,0.0,0.0,0.0,0.0,0
5.208333333333334,6.1875,0.0,0.0,0.0,0.0,0
5.625,6.1875,0.4106056814074135,-0.4666484795688413,0.0,-0.7309322159337479,1
6.041666666666667,6.1875,0.47584954382326694,-0.2010472603112475,0.0,0.3668481551607759,1
6.458333333333334,6.1875,0.831492649170934,-0.13115191260248232,0.0,-0.2511144630578734,1
6.875,6.1875,0.8348804243797803,-0.054261865848172545,0.0,0.21370337520396127,1
7.291666666666667,6.1875,0.9447484654853943,-0.03466577511659142,0.0,-0.11557108953153904,1
7.708333333333334,6.1875,0.9378639490986252,-0.015644362506936904,0.0,0.09057837687603029,1
8.125,6.1875,0.9751562483556256,-0.010424905596565854,0.0,-0.05416445373384334,1
8.541666666666668,6.1875,0.9722413564965867,-0.005385533498441512,0.0,0.03678986041477158,1
8.958333333333334,6.1875,0.986227376334872,-0.0037411457766357258,0.0,-0.023967140912518576,1
9.375,6.1875,0.9860253659379358,-0.0022033763766569356,0.0,0.01381358204502043,1
9.791666666666668,6.1875,0.9916248172055097,-0.0015760360940986122,0.0,-0.009746762777038395,1
10.208333333333334,6.1875,0.9923409719347243,-0.0010329824735156614,0.0,0.004463658184330164,1
10.625,6.1875,0.994744448549416,-0.000758344556165664,0.0,-0.003650192966637138,1
11.041666666666668,6.1875,0.9955314057296252,-0.0005382570153596835,0.0,0.0010743667799553427,1
11.458333333333334,6.1875,0.9966708511722806,-0.0004055754485033487,0.0,-0.001319725358118388,1
11.875,6.1875,0.9972763302313223,-0.00030372571045874617,0.0,5.990316137113931e-05,1
12.291666666666668,6.1875,0.9978818527445421,-0.00023414633597872893,0.0,-0.0005138830212466758,1
12.708333333333334,6.1875,0.9982934137593584,-0.0001811147510714526,0.0,-0.0001492484173725754,1
13.125,6.1875,0.998646332425263,-0.00014199149876202778,0.0,-0.00024202850480424293,1
13.541666666666668,6.1875,0.9989133751186247,-0.00011181948549690999,0.0,-0.000143414428340998,1
13.958333333333334,6.1875,0.9991305999630428,-8.86079692901776e-05,0.0,-0.0001376481573777244,1
14.375,6.1875,0.9993015737253395,-7.04345760855761e-05,0.0,-0.00010284366235774807,1
14.791666666666668,6.1875,0.9994387572941063,-5.6144753188695654e-05,0.0,-8.621169902065755e-05,1
15.208333333333334,6.1875,0.9995480813081584,-4.4820086176169175e-05,0.0,-6.846658414722955e-05,1
15.625,6.1875,0.9996355767020989,-3.5805024851378e-05,0.0,-5.543809763113164e-05,1
16.041666666666668,6.1875,0.9997054732006527,-2.8594428962239154e-05,0.0,-4.446130881698216e-05,1
16.458333333333336,6.1875,0.9997613150737831,-2.2801256078950926e-05,0.0,-3.540755564631002e-05,1
16.875,6.1875,0.9998057550663021,-1.8125879420796052e-05,0.0,-2.8347333173541763e-05,1
17.291666666666668,6.1875,0.999841075913515,-1.4326804590363947e-05,0.0,-2.1811338007748955e-05,1
17.708333333333336,6.1875,0.9998687582825692,-1.1221880981477348e-05,0.0,-1.757830641525933e-05,1
18.125,6.1875,0.9998905102670065,-8.645115360008683e-06,0.0,-1.1960048286325561e-05,1
18.541666666666668,6.1875,0.9999067117962602,-6.495222307721926e-06,0.0,-1.0468514988722779e-05,1
18.958333333333336,6.1875,0.9999192382502352,-4.627033135690246e-06,0.0,-3.6880250584303784e-06,1
19.375,6.1875,0.9999268460014451,-3.023010644797239e-06,0.0,-6.250980226469974e-06,1
19.791666666666668,6.1875,0.9999329016137908,-1.4862127477663237e-06,0.0,5.329823154321366e-06,1
0.20833333333333334,6.5625,1.0012990800694928,0.0034427411540681723,0.0,0.0969796221653692,1
0.625,6.5625,0.9938168853647332,0.005155080654500957,0.0,0.08302167198334452,1
1.0416666666666667,6.5625,0.9957651787031119,0.007345878259967279,0.0,0.1180590389862538,1
1.4583333333333335,6.5625,0.9826469689941737,0.007992561207809981,0.0,0.06855233237307717,1
1.875,6.5625,0.9898602920117309,0.01370904787920676,0.0,0.15072728269923782,1
2.291666666666667,6.5625,0.964625315659588,0.016241389768588445,0.0,0.051905951683901184,1
2.7083333333333335,6.5625,0.9843541699032039,0.034428518838392784,0.0,0.20533858335371605,1
3.125,6.5625,0.9379495489963596,0.04783073127588655,0.0,0.028393035589445975,1
3.541666666666667,6.5625,0.9918525821760398,0.11302485587725308,0.0,0.2939250562035,1
3.9583333333333335,6.5625,0.9304601881498362,0.19185584353037452,0.0,-0.04954057840480782,1
4.375,6.5625,1.1312888277316633,0.4476192206083074,0.0,0.31150762525518266,1
4.791666666666667,6.5625,1.2320995291919365,0.08261755523699549,0.0,-1.0812336116099763,1
5.208333333333334,6.5625,1.185868824932564,0.018776580531941183,0.0,0.15311549397253255,1
5.625,6.5625,1.167269717930632,-0.3196667651510837,0.0,-0.782143349554135,1
6.041666666666667,6.5625,0.9319834058000572,-0.2093662465525878,0.0,0.24614770087413973,1
6.458333333333334,6.5625,1.0019708866842019,-0.16785535480201896,0.0,-0.2830856847935896,1
6.875,6.5625,0.9327360962263395,-0.0658084356784183,0.0,0.14530970501113286,1
7.291666666666667,6.5625,0.9815111743797905,-0.0462947910415817,0.0,-0.12144808764931792,1
7.708333333333334,6.5625,0.9602205435119733,-0.019851655970873905,0.0,0.07358078497522137,1
8.125,6.5625,0.9844405139577123,-0.015261221784656366,0.0,-0.05292769657744419,1
8.541666666666668,6.5625,0.9782729123005348,-0.008021892536129763,0.0,0.03389381388585701,1
8.958333333333334,6.5625,0.9890875551538417,-0.006416948960963925,0.0,-0.022063435500969845,1
9.375,6.5625,0.9879729905367086,-0.004028008441480701,0.0,0.0139044107812994,1
9.791666666666668,6.5625,0.9926769898276973,-0.0032235957797204294,0.0,-0.0085372248869962,1
10.208333333333334,6.5625,0.9930764384773539,-0.0022720729178292457,0.0,0.004861350219367903,1
10.625,6.5625,0.995189417650334,-0.0018027730846950029,0.0,-0.003067804996157584,1
11.041666666666668,6.5625,0.9958487582088325,-0.0013540037073413497,0.0,0.001318470029514012,1
11.458333333333334,6.5625,0.9968818483527424,-0.0010698423425809164,0.0,-0.0010820898297782982,1
11.875,6.5625,0.9974305702516739,-0.0008295477234992093,0.0,0.00017038002193176167,1
12.291666666666668,6.5625,0.9979921750336854,-0.0006561748614634131,0.0,-0.0004267494144100326,1
12.708333333333334,6.5625,0.9983763362680386,-0.0005168756146465371,0.0,-0.000105433108414506,1
13.125,6.5625,0.9987086877454665,-0.00041032569841579586,0.0,-0.0002114589215705878,1
13.541666666666668,6.5625,0.9989614137585601,-0.0003258835904158297,0.0,-0.00012660398201223125,1
13.958333333333334,6.5625,0.9991678422568119,-0.0002596806402324647,0.0,-0.0001264283285819671,1
14.375,6.5625,0.9993307879930493,-0.00020717399305670537,0.0,-9.593279463408236e-05,1
14.791666666666668,6.5625,0.9994618086586732,-0.0001655291942232647,0.0,-8.14511237157242e-05,1
15.208333333333334,6.5625,0.9995663859834858,-0.00013233949816134047,0.0,-6.51678231535772e-05,1
15.625,6.5625,0.9996501791110555,-0.00010582216885814779,0.0,-5.3013214817891566e-05,1
16.041666666666668,6.5625,0.999717176157557,-8.456321125259416e-05,0.0,-4.263529530719709e-05,1
16.458333333333336,6.5625,0.9997707364757397,-6.745787086909109e-05,0.0,-3.400697133528683e-05,1
16.875,6.5625,0.9998133818877246,-5.363990546206081e-05,0.0,-2.7249919362990084e-05,1
17.291666666666668,6.5625,0.9998472893882223,-4.240488326362876e-05,0.0,-2.0976401403394854e-05,1
17.708333333333336,6.5625,0.9998738717249842,-3.3218959907730816e-05,0.0,-1.6908497860617436e-05,1
18.125,6.5625,0.9998947642158587,-2.559344556318544e-05,0.0,-1.1506096392958344e-05,1
18.541666666666668,6.5625,0.9999103280338476,-1.9229962996495648e-05,0.0,-1.006989052402727e-05,1
18.958333333333336,6.5625,0.999922363222595,-1.3699548403507229e-05,0.0,-3.5499339749196795e-06,1
19.375,6.5625,0.9999296730478489,-8.950643799373676e-06,0.0,-6.011229113941904e-06,1
19.791666666666668,6.5625,0.9999354920870296,-4.400565444094566e-06,0.0,5.1215012821344066e-06,1
0.20833333333333334,6.9375,1.0011425412937651,0.005778483922175345,0.0,0.09766456173907499,1
0.625,6.9375,0.9942042423252905,0.00857276112491223,0.0,0.08477788454028534,1
1.0416666666666667,6.9375,0.9960346138771585,0.012047795470333661,0.0,0.11898673900003931,1
1.4583333333333335,6.9375,0.983879684892889,0.012989836177394527,0.0,0.07247199420419934,1
1.875,6.9375,0.990668616965163,0.021247027215277693,0.0,0.15236786055819526,1
2.291666666666667,6.9375,0.9673851766550697,0.02292284839736219,0.0,0.05800804207302159,1
2.7083333333333335,6.9375,0.9863952476950082,0.04409301325887217,0.0,0.20443372000515256,1
3.125,6.9375,0.9449406027075071,0.0464462456281524,0.0,0.03447678950992319,1
3.541666666666667,6.9375,0.9982075058862392,0.09759026381280389,0.0,0.2772420921858834,1
3.9583333333333335,6.9375,0.9497125444784937,0.09362441933165981,0.0,-0.03316089263050792,1
4.375,6.9375,1.1405248644455328,0.20409454283994743,0.0,0.34521581596652795,1
4.791666666666667,6.9375,1.2285142160287263,-0.07281705469056438,0.0,-0.39078191722017397,1
5.208333333333334,6.9375,1.2268254270857477,-0.007513578633659463,0.0,0.19403777967677763,1
5.625,6.9375,1.1896967362477038,-0.1865347336628223,0.0,-0.32978039304837764,1
6.041666666666667,6.9375,1.0162454329870312,-0.08273887861674249,0.0,0.2012742607574527,1
6.458333333333334,6.9375,1.0154830728409057,-0.10647439400638511,0.0,-0.17803596653663017,1
6.875,6.9375,0.9524441997957857,-0.049580210756735646,0.0,0.13235730628658687,1
7.291666666666667,6.9375,0.9846441406156994,-0.04834446145225486,0.0,-0.09706870272079741,1
7.708333333333334,6.9375,0.9655400602795601,-0.02511067196501346,0.0,0.06588409264390599,1
8.125,6.9375,0.9856554278388785,-0.021870694224518285,0.0,-0.04954677316095169,1
8.541666666666668,6.9375,0.9801903273204849,-0.012804237649122096,0.0,0.028110773830315936,1
8.958333333333334,6.9375,0.9898150629747267,-0.010492730638110341,0.0,-0.02317954491257568,1
9.375,6.9375,0.988899678620352,-0.006836510233899331,0.0,0.010356866644769576,1
9.791666666666668,6.9375,0.9932048496083046,-0.005423949337225477,0.0,-0.009822611743678301,1
10.208333333333334,6.9375,0.993619794493185,-0.003835954556691681,0.0,0.0031060577145265444,1
10.625,6.9375,0.9955706875644099,-0.0030052492765803144,0.0,-0.003796951143248475,1
11.041666666666668,6.9375,0.9961910472543076,-0.0022448582882636007,0.0,0.000593388401468447,1
11.458333333333334,6.9375,0.9971428566200388,-0.0017583477593652425,0.0,-0.0013971562833063106,1
11.875,6.9375,0.9976486288385545,-0.001356951340689258,0.0,-8.422977843997136e-05,1
12.291666666666668,6.9375,0.9981632561311973,-0.0010686052730614348,0.0,-0.0005375652579558538,1
12.708333333333334,6.9375,0.9985146770650404,-0.0008397284721971392,0.0,-0.00018016648666702414,1
13.125,6.9375,0.9988182248020747,-0.0006654910922724369,0.0,-0.00024175239116166537,1
13.541666666666668,6.9375,0.9990489553983115,-0.0005281243826740577,0.0,-0.00014260298892039154,1
13.958333333333334,6.9375,0.9992374384761414,-0.00042068197526228386,0.0,-0.0001305408527690508,1
14.375,6.9375,0.9993863099542019,-0.00033561514575000196,0.0,-9.592754153098351e-05,1
14.791666666666668,6.9375,0.9995061083005515,-0.00026818913658924816,0.0,-7.901799720117468e-05,1
15.208333333333334,6.9375,0.9996018176119106,-0.00021446516667021008,0.0,-6.213347755006706e-05,1
15.625,6.9375,0.999678575357434,-0.00017153624579506517,0.0,-4.993553646164807e-05,1
16.041666666666668,6.9375,0.9997400010646703,-0.00013711079819491725,0.0,-3.985613287621829e-05,1
16.458333333333336,6.9375,0.9997891460462004,-0.00010940178565563059,0.0,-3.163589535949667e-05,1
16.875,6.9375,0.9998283027438769,-8.70099588634469e-05,0.0,-2.5269827290871606e-05,1
17.291666666666668,6.9375,0.9998594547644157,-6.879748119967429e-05,0.0,-1.9415909021953606e-05,1
17.708333333333336,6.9375,0.9998838885721808,-5.390204709693002e-05,0.0,-1.5628383279174756e-05,1
18.125,6.9375,0.99990310036663,-4.15334983518107e-05,0.0,-1.0629849793144615e-05,1
18.541666666666668,6.9375,0.9999174162935905,-3.1209550764865103e-05,0.0,-9.293778932605607e-06,1
18.958333333333336,6.9375,0.9999284896476438,-2.2235430647717095e-05,0.0,-3.2811458544188158e-06,1
19.375,6.9375,0.9999352160413982,-1.4528210316581403e-05,0.0,-5.541867568713951e-06,1
19.791666666666668,6.9375,0.9999405716607547,-7.143102990910795e-06,0.0,4.713130134180895e-06,1
0.20833333333333334,7.3125,1.0012615506587517,0.007108370545251322,0.0,0.0897772614814025,1
0.625,7.3125,0.9962122502769685,0.010545651459399376,0.0,0.07744175833748507,1
1.0416666666666667,7.3125,0.9989162845626215,0.014495753574488087,0.0,0.1055417130653802,1
1.4583333333333335,7.3125,0.9907803708351506,0.015180594985660741,0.0,0.06134578286444601,1
1.875,7.3125,0.9987484146270973,0.02404047495441521,0.0,0.12663940079366498,1
2.291666666666667,7.3125,0.9851718101397655,0.024624031824263728,0.0,0.037416623140515914,1
2.7083333333333335,7.3125,1.0053013903323096,0.04651870488492441,0.0,0.15608450726420012,1
3.125,7.3125,0.9855857565664946,0.04492683561789008,0.0,-0.007008460253688216,1
3.541666666666667,7.3125,1.0327345143889497,0.09490379056098507,0.0,0.1911440551814573,1
3.9583333333333335,7.3125,1.014599470732732,0.07634459219646614,0.0,-0.115208414204838,1
4.375,7.3125,1.12138924816231,0.16820159073453864,0.0,0.20693841026850845,1
4.791666666666667,7.3125,1.1337843441426685,0.015248042907168254,0.0,-0.41441499217683797,1
5.208333333333334,7.3125,1.107539954989552,0.02604477805136307,0.0,0.10527311745128654,1
5.625,7.3125,1.0989789821838865,-0.11917986826696843,0.0,-0.36166036555305414,1
6.041666666666667,7.3125,1.0161912539951476,-0.07364739559138188,0.0,0.1084959585832743,1
6.458333333333334,7.3125,1.0307377989831565,-0.09830972655509972,0.0,-0.19418665619144965,1
6.875,7.3125,0.9857058313536649,-0.050878110223603154,0.0,0.08261935536002107,1
7.291666666666667,7.3125,1.0033342100988063,-0.0500164002927945,0.0,-0.09328325441247158,1
7.708333333333334,7.3125,0.9841274448682451,-0.027124560378142485,0.0,0.05053736084465249,1
8.125,7.3125,0.9955115342315888,-0.02407387644364959,0.0,-0.04162512729280958,1
8.541666666666668,7.3125,0.9885306782300843,-0.014536571288237704,0.0,0.026346642503952925,1
8.958333333333334,7.3125,0.9944598900363472,-0.012180350621283935,0.0,-0.017130691305093416,1
9.375,7.3125,0.992537779843081,-0.008159270357559261,0.0,0.011724886634523026,1
9.791666666666668,7.3125,0.9953778515855609,-0.006601271937187959,0.0,-0.006437588042946484,1
10.208333333333334,7.3125,0.9952536997646358,-0.004774120134771257,0.0,0.004358168094702885,1
10.625,7.3125,0.9966214893783154,-0.0037960570277402257,0.0,-0.0022352142004276963,1
11.041666666666668,7.3125,0.9969710378092317,-0.0028795912223385242,0.0,0.0012687548461524137,1
11.458333333333334,7.3125,0.9976809865014403,-0.002278378564036412,0.0,-0.0007706214477334422,1
11.875,7.3125,0.9980513512531163,-0.0017749007366572088,0.0,0.00021100693499615785,1
12.291666666666668,7.3125,0.9984576814472592,-0.0014066027705357295,0.0,-0.0003087806526422043,1
12.708333333333334,7.3125,0.9987391419450695,-0.0011112826448525463,0.0,-6.381910130182232e-05,1
13.125,7.3125,0.9989891330020106,-0.000884007446516676,0.0,-0.0001608997327663179,1
13.541666666666668,7.3125,0.9991817427330226,-0.0007036386207933205,0.0,-9.750867388896819e-05,1
13.958333333333334,7.3125,0.9993411009977277,-0.0005617099901777746,0.0,-0.00010027911240995051,1
14.375,7.3125,0.9994680317643962,-0.00044888405249574823,0.0,-7.698406458461761e-05,1
14.791666666666668,7.3125,0.9995708437683821,-0.00035915876579777295,0.0,-6.583748799594235e-05,1
15.208333333333334,7.3125,0.9996533736550006,-0.0002874956093947218,0.0,-5.288445156103646e-05,1
15.625,7.3125,0.9997197980790913,-0.00023012409564025833,0.0,-4.3084304959297475e-05,1
16.041666666666668,7.3125,0.999773097187241,-0.00018405095113137966,0.0,-3.466507327172295e-05,1
16.458333333333336,7.3125,0.9998158272460759,-0.00014692492037120228,0.0,-2.764118542885288e-05,1
16.875,7.3125,0.9998499257726006,-0.00011689659527487929,0.0,-2.2134164064634916e-05,1
17.291666666666668,7.3125,0.9998770865162911,-9.245563151403277e-05,0.0,-1.7028308100928444e-05,1
17.708333333333336,7.3125,0.9998984093069034,-7.245476167312994e-05,0.0,-1.3713189187012377e-05,1
18.125,7.3125,0.9999151874718463,-5.583916726212218e-05,0.0,-9.331274116754864e-06,1
18.541666666666668,7.3125,0.9999276962810757,-4.196506235430957e-05,0.0,-8.154962067906554e-06,1
18.958333333333336,7.3125,0.9999373764587299,-2.9901395522500664e-05,0.0,-2.88491241815678e-06,1
19.375,7.3125,0.9999432576924322,-1.953824315332148e-05,0.0,-4.858403725236347e-06,1
19.791666666666668,7.3125,0.9999479418809338,-9.607083539626964e-06,0.0,4.122071247527756e-06,1
0.20833333333333334,7.6875,1.0010180230244596,0.008009666038023956,0.0,0.09064762858429701,1
0.625,7.6875,0.9967554557525993,0.0118497148598095,0.0,0.08026246689963482,1
1.0416666666666667,7.6875,0.9991660848241692,0.015751575501155274,0.0,0.10687975323599307,1
1.4583333333333335,7.6875,0.9923014029816493,0.016020408601982245,0.0,0.06853781994460648,1
1.875,7.6875,0.9991429809782548,0.023695936087277658,0.0,0.13024279814006248,1
2.291666666666667,7.6875,0.9877167900932876,0.022487428219658656,0.0,0.05161262156162629,1
2.7083333333333335,7.6875,1.0046045471584388,0.03899465929954039,0.0,0.1617446111752424,1
3.125,7.6875,0.98905398573075,0.03151615635347708,0.0,0.02085054126652379,1
3.541666666666667,7.6875,1.0257773670764854,0.06282879003894766,0.0,0.1942054398431105,1
3.9583333333333335,7.6875,1.0167855967843002,0.031881994561221254,0.0,-0.04201072406232577,1
4.375,7.6875,1.081855569822938,0.08062424152788308,0.0,0.20541439126987948,1
4.791666666666667,7.6875,1.107683985218283,-0.027374188079302253,0.0,-0.161454198305556,1
5.208333333333334,7.6875,1.105663128841945,0.005279017411936882,0.0,0.14603995945240103,1
5.625,7.6875,1.0994891289176847,-0.07710156965724849,0.0,-0.16604940846929128,1
6.041666666666667,7.6875,1.037705971746883,-0.035760160572463985,0.0,0.11719990186066426,1
6.458333333333334,7.6875,1.0354996481187537,-0.06362551261545436,0.0,-0.1164680158179594,1
6.875,7.6875,0.9969511400855444,-0.03369649126313292,0.0,0.07658215752240477,1
7.291666666666667,7.6875,1.0057239403022302,-0.039336634350015914,0.0,-0.07224379317894972,1
7.708333333333334,7.6875,0.9889701599750582,-0.023127944866997048,0.0,0.03979155953479685,1
8.125,7.6875,0.9969147388934908,-0.022414864967130486,0.0,-0.03991228892219853,1
8.541666666666668,7.6875,0.9908993482773683,-0.014514915343033586,0.0,0.01715158322116452,1
8.958333333333334,7.6875,0.9955450024499716,-0.012696124384617289,0.0,-0.019607328045997977,1
9.375,7.6875,0.9939214081389581,-0.008899292953599055,0.0,0.006083506551888089,1
9.791666666666668,7.6875,0.9962504470936279,-0.0073562905767199935,0.0,-0.008572307808686576,1
10.208333333333334,7.6875,0.9961445972984351,-0.005457674022354029,0.0,0.0016044964871901387,1
10.625,7.6875,0.9972756815083248,-0.004390240278084202,0.0,-0.0033793081133229666,1
11.041666666666668,7.6875,0.9975569820421362,-0.003375781371541804,0.0,0.00014905083374258494,1
11.458333333333334,7.6875,0.9981370790867419,-0.0026894639969226304,0.0,-0.0012504508489892686,1
11.875,7.6875,0.9984332333445269,-0.0021104669698586618,0.0,-0.00017380952683521757,1
12.291666666666668,7.6875,0.9987605155074821,-0.0016799086182419398,0.0,-0.000471730541993121,1
12.708333333333334,7.6875,0.9989850148650696,-0.0013327201224742967,0.0,-0.00017212313035126745,1
13.125,7.6875,0.9991851057043415,-0.0010632313832007012,0.0,-0.00020189508205086814,1
13.541666666666668,7.6875,0.9993390238282751,-0.0008484275246571372,0.0,-0.0001175531655252378,1
13.958333333333334,7.6875,0.9994667180525351,-0.0006785973500893148,0.0,-0.00010298539407000886,1
14.375,7.6875,0.9995686063282267,-0.0005431627774163894,0.0,-7.410221886158123e-05,1
14.791666666666668,7.6875,0.9996513580707145,-0.00043514716580599956,0.0,-5.9837195790646747e-05,1
15.208333333333334,7.6875,0.9997179489130367,-0.0003486859138347506,0.0,-4.64336223829613e-05,1
15.625,7.6875,0.9997716756026128,-0.00027933894398242057,0.0,-3.694592035585935e-05,1
16.041666666666668,7.6875,0.9998148803607834,-0.00022356567794155015,0.0,-2.9279384378560534e-05,1
16.458333333333336,7.6875,0.9998495849904355,-0.00017856785093969235,0.0,-2.312206002314945e-05,1
16.875,7.6875,0.999877325123261,-0.00014213601187846017,0.0,-1.839760724084737e-05,1
17.291666666666668,7.6875,0.9998994524227265,-0.00011245837086464505,0.0,-1.410032993618341e-05,1
17.708333333333336,7.6875,0.9999168433895097,-8.815558998275846e-05,0.0,-1.1322033524544075e-05,1
18.125,7.6875,0.999930541106221,-6.795475320252315e-05,0.0,-7.696554957866649e-06,1
18.541666666666668,7.6875,0.9999407602717064,-5.1079172126647215e-05,0.0,-6.712217175962516e-06,1
18.958333333333336,7.6875,0.9999486738244907,-3.6400268215141446e-05,0.0,-2.3819347920175086e-06,1
19.375,7.6875,0.999953483005958,-2.3786653152927935e-05,0.0,-3.989499924547333e-06,1
19.791666666666668,7.6875,0.9999573150744275,-1.1697115615454917e-05,0.0,3.3716201690443306e-06,1
0.20833333333333334,8.0625,1.0010817554953324,0.008595511524596389,0.0,0.08122064815211773,1
0.625,8.0625,0.9985440335965341,0.012723235269950563,0.0,0.07161391252181881,1
1.0416666666666667,8.0625,1.0014849536942296,0.0166306436110531,0.0,0.09133478329341073,1
1.4583333333333335,8.0625,0.997715022894515,0.01688202520768277,0.0,0.05657981979018953,1
1.875,8.0625,1.0045286863834826,0.024266855971243527,0.0,0.102303779646936,1
2.291666666666667,8.0625,0.9989001994954617,0.022958057516397623,0.0,0.03290571270369544,1
2.7083333333333335,8.0625,1.0133995406690992,0.03845460544297363,0.0,0.11428516713113111,1
3.125,8.0625,1.00678635672237,0.03124378474392123,0.0,-0.006898297491773291,1
3.541666666666667,8.0625,1.0331719402776045,0.05909504189956473,0.0,0.1233790498612603,1
3.9583333333333335,8.0625,1.0296658802845846,0.03355706849874222,0.0,-0.07586766950987797,1
4.375,8.0625,1.064600413889744,0.07079847352339394,0.0,0.11817160810066178,1
4.791666666666667,8.0625,1.070760642258655,0.001556537161217236,0.0,-0.1761103873920953,1
5.208333333333334,8.0625,1.0629751958547844,0.016862021500458447,0.0,0.07377786674260986,1
5.625,8.0625,1.0614786402150937,-0.05024649994871528,0.0,-0.1708651118225246,1
6.041666666666667,8.0625,1.02971631638407,-0.02910347539917539,0.0,0.062097611375795767,1
6.458333333333334,8.0625,1.0323738831381046,-0.05418837032408077,0.0,-0.11014536105458136,1
6.875,8.0625,1.0078802816529793,-0.03218239420202772,0.0,0.04990902713670658,1
7.291666666666667,8.0625,1.0127685260884887,-0.03732458562718436,0.0,-0.05840233774255318,1
7.708333333333334,8.0625,0.9993983109522737,-0.023347552647443412,0.0,0.03357264726932805,1
8.125,8.0625,1.0032482364238497,-0.022511271095278024,0.0,-0.027131094889815705,1
8.541666666666668,8.0625,0.9972844817905637,-0.015123299939048134,0.0,0.01880342442464296,1
8.958333333333334,8.0625,0.9995119598272435,-0.013223452886533392,0.0,-0.011211850741742488,1
9.375,8.0625,0.9973449752061192,-0.009486974819533575,0.0,0.008785290402606432,1
9.791666666666668,8.0625,0.9984751319289364,-0.0078655998768914,0.0,-0.00413276999347701,1
10.208333333333334,8.0625,0.9979233933080027,-0.005923230007253906,0.0,0.0033932500905053567,1
10.625,8.0625,0.9984952000907704,-0.004786231140473547,0.0,-0.0013849116477095058,1
11.041666666666668,8.0625,0.9985017814303303,-0.0037155170602072604,0.0,0.0010390209395161058,1
11.458333333333334,8.0625,0.9988197799791813,-0.002973670512538227,0.0,-0.00045920507716219294,1
11.875,8.0625,0.9989599604378823,-0.0023478042374406875,0.0,0.00020619336044413005,1
12.291666666666668,8.0625,0.9991576579601777,-0.0018760367684289084,0.0,-0.0001818968220101447,1
12.708333333333334,8.0625,0.9992941540021802,-0.0014942572417928769,0.0,-2.1560307793958327e-05,1
13.125,8.0625,0.9994249978874292,-0.0011955892787055898,0.0,-9.718621110955405e-05,1
13.541666666666668,8.0625,0.9995279142320468,-0.0009565667995125515,0.0,-5.745351957108735e-05,1
13.958333333333334,8.0625,0.9996158398292014,-0.0007666817530271463,0.0,-6.205773638239937e-05,1
14.375,8.0625,0.9996871372579224,-0.0006147510004578819,0.0,-4.76679562337659e-05,1
14.791666666666668,8.0625,0.999745873154348,-0.0004932026632236438,0.0,-4.107503416199959e-05,1
15.208333333333334,8.0625,0.9997936011824834,-0.0003956730463650613,0.0,-3.296605653577613e-05,1
15.625,8.0625,0.9998324063781704,-0.00031728626018763696,0.0,-2.6831954266532396e-05,1
16.041666666666668,8.0625,0.9998637912257384,-0.0002541361692221847,0.0,-2.153517757986167e-05,1
16.458333333333336,8.0625,0.9998891139791724,-0.00020311509932219058,0.0,-1.7129142057306678e-05,1
16.875,8.0625,0.9999094243127725,-0.00016175888369230777,0.0,-1.367914288144507e-05,1
17.291666666666668,8.0625,0.9999256689126492,-0.00012803746919247644,0.0,-1.050251939844792e-05,1
17.708333333333336,8.0625,0.9999384625615938,-0.00010040144632644487,0.0,-8.436440977589993e-06,1
18.125,8.0625,0.9999485562648317,-7.741483317098347e-05,0.0,-5.738349392689549e-06,1
18.541666666666668,8.0625,0.999956095297536,-5.820171208519852e-05,0.0,-4.99865130463191e-06,1
18.958333333333336,8.0625,0.9999619397629221,-4.1482346253261876e-05,0.0,-1.781113383037328e-06,1
19.375,8.0625,0.999965493063565,-2.7110195151126107e-05,0.0,-2.9647870017193124e-06,1
19.791666666666668,8.0625,0.9999683264784694,-1.3332886339779742e-05,0.0,2.492991545967899e-06,1
0.20833333333333334,8.4375,1.0008510876461914,0.008393187136618739,0.0,0.08156655957807149,1
0.625,8.4375,0.9990406984499243,0.012443907014932911,0.0,0.07421699768755823,1
1.0416666666666667,8.4375,1.0016484393258653,0.01573942346608244,0.0,0.0920604285932721,1
1.4583333333333335,8.4375,0.9989566295625889,0.015571738282537597,0.0,0.06427242266494092,1
1.875,8.4375,1.0045779334320826,0.020937761500932756,0.0,0.10563535618065338,1
2.291666666666667,8.4375,1.0005116056253076,0.018728704835312703,0.0,0.048987576569242054,1
2.7083333333333335,8.4375,1.0120173397188137,0.028910655338733476,0.0,0.12156958023668463,1
3.125,8.4375,1.0077191212526388,0.020761899450880156,0.0,0.023086871785849956,1
3.541666666666667,8.4375,1.027553617169931,0.03716317076380284,0.0,0.133366274042331,1
3.9583333333333335,8.4375,1.0274059953271963,0.014666178180959883,0.0,-0.018678580025732174,1
4.375,8.4375,1.051120894717944,0.03561369083909324,0.0,0.12878398944006922,1
4.791666666666667,8.4375,1.0598231872857236,-0.010627901919277712,0.0,-0.07098080946850736,1
5.208333333333334,8.4375,1.0588720365913398,0.005260660421843316,0.0,0.09746201721416799,1
5.625,8.4375,1.0582625072765888,-0.03408283604015599,0.0,-0.0847998363746551,1
6.041666666666667,8.4375,1.0344232780481422,-0.016820314239830873,0.0,0.06962059438803639,1
6.458333333333334,8.4375,1.0326156538282116,-0.035650401132075654,0.0,-0.06987924528791936,1
6.875,8.4375,1.0123705508150276,-0.021406437410300138,0.0,0.04284780006051488,1
7.291666666666667,8.4375,1.013615925500163,-0.02730030903168086,0.0,-0.047727066888453754,1
7.708333333333334,8.4375,1.0023567359937482,-0.018051819255529008,0.0,0.021800597918752666,1
8.125,8.4375,1.0042952092030866,-0.01847440992860667,0.0,-0.027966690236269836,1
8.541666666666668,8.4375,0.9992658780185587,-0.01312978363471422,0.0,0.009144655135335782,1
8.958333333333334,8.4375,1.0006128822548472,-0.011920965011146376,0.0,-0.014213567952038672,1
9.375,8.4375,0.9987442901587258,-0.008928772660601778,0.0,0.0030431580084121133,1
9.791666666666668,8.4375,0.9994570190595214,-0.007586242634039005,0.0,-0.006316597955441966,1
10.208333333333334,8.4375,0.9989161097053141,-0.005878368934227553,0.0,0.0006630109553492977,1
10.625,8.4375,0.9992625233902289,-0.0048272740719254486,0.0,-0.002492161785657305,1
11.041666666666668,8.4375,0.9991882978028427,-0.0038132749951929426,0.0,-4.005024039553926e-05,1
11.458333333333334,8.4375,0.9993680146758249,-0.0030843345516657515,0.0,-0.0009032639962412631,1
11.875,8.4375,0.9994211075056397,-0.0024602279264858513,0.0,-0.0001489683836686145,1
12.291666666666668,8.4375,0.9995287097991534,-0.001979283768042902,0.0,-0.0003219780705768476,1
12.708333333333334,8.4375,0.9995974193637456,-0.001585971380547496,0.0,-0.00011212412613636886,1
13.125,8.4375,0.9996690283414058,-0.0012744595459766265,0.0,-0.00012497724527450927,1
13.541666666666668,8.4375,0.9997250413857476,-0.0010233326609407959,0.0,-6.74287806363104e-05,1
13.958333333333334,8.4375,0.9997743527950538,-0.0008224360117209121,0.0,-5.7218477409761856e-05,1
14.375,8.4375,0.9998147378300866,-0.0006609158785070855,0.0,-3.900660796364966e-05,1
14.791666666666668,8.4375,0.9998485284352865,-0.0005311622421329088,0.0,-3.065623899917998e-05,1
15.208333333333334,8.4375,0.9998762738022952,-0.00042672270826125985,0.0,-2.3088901128311534e-05,1
15.625,8.4375,0.9998990588761257,-0.0003425675216534048,0.0,-1.8030695302970065e-05,1
16.041666666666668,8.4375,0.9999176344524174,-0.00027463286923497867,0.0,-1.4062423670245539e-05,1
16.458333333333336,8.4375,0.9999327245764473,-0.00021965584371440698,0.0,-1.0981974279773925e-05,1
16.875,8.4375,0.9999448950091682,-0.00017503371161243855,0.0,-8.658848994577681e-06,1
17.291666666666668,8.4375,0.9999546741332784,-0.0001386096070251772,0.0,-6.5967846135854625e-06,1
17.708333333333336,8.4375,0.9999624037623619,-0.0001087320533250185,0.0,-5.26537957606258e-06,1
18.125,8.4375,0.9999685208917058,-8.386268227444593e-05,0.0,-3.5737309538957565e-06,1
18.541666666666668,8.4375,0.9999730994868222,-6.306341686309805e-05,0.0,-3.0975343821014966e-06,1
18.958333333333336,8.4375,0.9999766562404967,-4.4955120481253066e-05,0.0,-1.1120660675281642e-06,1
19.375,8.4375,0.9999788204068437,-2.938281825142756e-05,0.0,-1.8264973553479917e-06,1
19.791666666666668,8.4375,0.99998054852899,-1.4452274899734237e-05,0.0,1.5204304402278101e-06,1
0.20833333333333334,8.8125,1.000858598385129,0.00828354180824602,0.0,0.07320909297291717,1
0.625,8.8125,1.000216998444188,0.01229296524327272,0.0,0.06664964870851582,1
1.0416666666666667,8.8125,1.0030323592869839,0.015322266567226841,0.0,0.0787554240186766,1
1.4583333333333335,8.8125,1.00216537683417,0.01530176886649563,0.0,0.05456302701418285,1
1.875,8.8125,1.0073374069214904,0.0200211559617106,0.0,0.08296248177048386,1
2.291666666666667,8.8125,1.006058815023474,0.018307812297027302,0.0,0.03537746306158498,1
2.7083333333333335,8.8125,1.0152285120861495,0.02707929639716976,0.0,0.08546564508685432,1
3.125,8.8125,1.0141647671593723,0.02058609492075013,0.0,0.006369459540680106,1
3.541666666666667,8.8125,1.0276719051408503,0.034086045319627264,0.0,0.08390180816880594,1
3.9583333333333335,8.8125,1.0282365563871625,0.01697475508896355,0.0,-0.03323622535210576,1
4.375,8.8125,1.0412288618705967,0.032322031736491896,0.0,0.07419517853150057,1
4.791666666666667,8.8125,1.0440960542161757,-0.00024358146143264116,0.0,-0.07353486972428018,1
5.208333333333334,8.8125,1.0417639307375777,0.008764491657488542,0.0,0.05311229553878921,1
5.625,8.8125,1.0415832872261874,-0.022974494723090294,0.0,-0.07689910812420818,1
6.041666666666667,8.8125,1.0284980801320511,-0.013449789234415213,0.0,0.04191090621003216,1
6.458333333333334,8.8125,1.0282061606356756,-0.02951494811218499,0.0,-0.054817658055830686,1
6.875,8.8125,1.0154801740180632,-0.019689745490236495,0.0,0.03271611042951754,1
7.291666666666667,8.8125,1.0157660946065892,-0.024655707752701195,0.0,-0.03105899673806139,1
7.708333333333334,8.8125,1.0073602962535555,-0.017310188810758128,0.0,0.02226717510353627,1
8.125,8.8125,1.007670905010674,-0.01744551640676316,0.0,-0.014862452844138825,1
8.541666666666668,8.8125,1.003185989555029,-0.012823884609962284,0.0,0.01271963252529873,1
8.958333333333334,8.8125,1.0032912037314097,-0.01155133327210211,0.0,-0.006121544040491382,1
9.375,8.8125,1.0012468153578764,-0.008819167532058749,0.0,0.006071362642470975,1
9.791666666666668,8.8125,1.0012201900309572,-0.0074785602215503965,0.0,-0.0021679393589070827,1
10.208333333333334,8.8125,1.0004065549905206,-0.005861118287123409,0.0,0.0024212198801177704,1
10.625,8.8125,1.0003537394963975,-0.004820850440173408,0.0,-0.0006577944329924924,1
11.041666666666668,8.8125,1.0000704379771572,-0.0038359601026753407,0.0,0.0007987512921712462,1
11.458333333333334,8.8125,1.0000375177742162,-0.003112273091555685,0.0,-0.00017724434076123283,1
11.875,8.8125,0.9999545075229946,-0.0024949559313284107,0.0,0.0002079242671757098,1
12.291666666666668,8.8125,0.9999444891627507,-0.00201374056804525,0.0,-5.162485426143514e-05,1
12.708333333333334,8.8125,0.9999284963549993,-0.0016193824018317154,0.0,3.30653014328242e-05,1
13.125,8.8125,0.9999313732330182,-0.001304917597120507,0.0,-2.295562000572149e-05,1
13.541666666666668,8.8125,0.999934735759968,-0.0010505110073980167,0.0,-6.241001015991399e-06,1
13.958333333333334,8.8125,0.9999420152136165,-0.0008460766753995465,0.0,-1.4500644333714703e-05,1
14.375,8.8125,0.9999492838431822,-0.0006811727097408955,0.0,-1.0221243967955063e-05,1
14.791666666666668,8.8125,0.999956647140716,-0.0005482839497614996,0.0,-9.683336895380794e-06,1
15.208333333333334,8.8125,0.9999633365261968,-0.00044104745647916807,0.0,-7.624411781585243e-06,1
15.625,8.8125,0.9999692872831858,-0.00035444607473889987,0.0,-6.234854121771891e-06,1
16.041666666666668,8.8125,0.9999744117691297,-0.00028440715555935384,0.0,-4.928869068103938e-06,1
16.458333333333336,8.8125,0.9999787532477398,-0.00022763854722851243,0.0,-3.873791970932786e-06,1
16.875,8.8125,0.9999823659427883,-0.0001815022355822896,0.0,-3.0467988934664974e-06,1
17.291666666666668,8.8125,0.9999853404231145,-0.00014380101289880454,0.0,-2.312744919559292e-06,1
17.708333333333336,8.8125,0.9999877347958438,-0.00011284787280193696,0.0,-1.831324739166293e-06,1
18.125,8.8125,0.9999896580568028,-8.706364063899882e-05,0.0,-1.241372283497255e-06,1
18.541666666666668,8.8125,0.9999911120781001,-6.548582188292176e-05,0.0,-1.0624243106784046e-06,1
18.958333333333336,8.8125,0.9999922523625994,-4.669030328214986e-05,0.0,-3.916680828851127e-07,1
19.375,8.8125,0.9999929487556616,-3.052026179998755e-05,0.0,-6.151713574322487e-07,1
19.791666666666668,8.8125,0.9999935083629947,-1.5013610792087052e-05,0.0,4.931003252870373e-07,1
0.20833333333333334,9.1875,1.0006946869156497,0.007489321885438957,0.0,0.07271684359579501,1
0.625,9.1875,1.0005732205718463,0.011154849395542324,0.0,0.06811507646463213,1
1.0416666666666667,9.1875,1.0031267572995592,0.013535005566443846,0.0,0.07838284799490655,1
1.4583333333333335,9.1875,1.0029685526511554,0.013275525341967503,0.0,0.06033044159024314,1
1.875,9.1875,1.007251388352299,0.016408659998115104,0.0,0.08447760281245328,1
2.291666666666667,9.1875,1.0068664629634412,0.014479072042571095,0.0,0.04811489957580704,1
2.7083333333333335,9.1875,1.0140488917351613,0.01986554941092639,0.0,0.09022463572091775,1
3.125,9.1875,1.0140384514429874,0.014050262332374372,0.0,0.02900857756603481,1
3.541666666666667,9.1875,1.0242129887119826,0.02174695629473888,0.0,0.09167821699594537,1
3.9583333333333335,9.1875,1.0258406389880965,0.008742915257274981,0.0,0.0023700093969322355,1
4.375,9.1875,1.0353591041298298,0.017435254972330578,0.0,0.08313664568632084,1
4.791666666666667,9.1875,1.038736168221897,-0.003689762043743355,0.0,-0.02580702001172417,1
5.208333333333334,9.1875,1.0383674039125281,0.00332051082287519,0.0,0.06296745490602763,1
5.625,9.1875,1.0383129284651638,-0.015795133592241672,0.0,-0.03885532285891259,1
6.041666666666667,9.1875,1.0285626289001633,-0.008758830625467666,0.0,0.04221562763839316,1
6.458333333333334,9.1875,1.0269779480958103,-0.019726398051108204,0.0,-0.036646222409789805,1
6.875,9.1875,1.0167887484826872,-0.013465934249505792,0.0,0.024561684343386268,1
7.291666666666667,9.1875,1.0157427993400479,-0.01769508872501723,0.0,-0.027036261399001782,1
7.708333333333334,9.1875,1.008863181490496,-0.013033394493594955,0.0,0.012143699377034354,1
8.125,9.1875,1.008326944278321,-0.013647492501805667,0.0,-0.016506488554042367,1
8.541666666666668,9.1875,1.0045743874612894,-0.010518563077630688,0.0,0.0050440496390096795,1
8.958333333333334,9.1875,1.0042154404201071,-0.009749529991922268,0.0,-0.008512506138552598,1
9.375,9.1875,1.0024103468336127,-0.007724660330410788,0.0,0.0017029008317823295,1
9.791666666666668,9.1875,1.0021188994302872,-0.006689086433447502,0.0,-0.003744234406882473,1
10.208333333333334,9.1875,1.0013081052522848,-0.005377342696751402,0.0,0.0004203428487417768,1
10.625,9.1875,1.0010851033887986,-0.004489330998576049,0.0,-0.0014126565546228268,1
11.041666666666668,9.1875,1.000726019629408,-0.0036300040929438202,0.0,4.456264926437921e-05,1
11.458333333333334,9.1875,1.0005749103871642,-0.0029753390467827066,0.0,-0.0004577898895244584,1
11.875,9.1875,1.0004097866096624,-0.0024085381586511677,0.0,-1.953386858177706e-05,1
12.291666666666668,9.1875,1.0003167256470045,-0.0019571057671598966,0.0,-0.0001252695107885206,1
12.708333333333334,9.1875,1.0002353602908371,-0.0015831083870452253,0.0,-1.1271475786887018e-05,1
13.125,9.1875,1.0001810129131679,-0.0012812329267364382,0.0,-2.5746715369774737e-05,1
13.541666666666668,9.1875,1.0001379984511245,-0.0010351594327637505,0.0,-1.677548564452405e-08,1
13.958333333333334,9.1875,1.0001067574658054,-0.0008360336614739874,0.0,-4.24621084837886e-07,1
14.375,9.1875,1.0000827514121773,-0.0006746076027362159,0.0,4.307315511553999e-06,1
14.791666666666668,9.1875,1.0000646412617427,-0.0005439732210025857,0.0,4.329590921878106e-06,1
15.208333333333334,9.1875,1.0000507279567752,-0.00043821388445322644,0.0,4.6094918353266165e-06,1
15.625,9.1875,1.0000400351996894,-0.00035257934899832503,0.0,4.1330426479981405e-06,1
16.041666666666668,9.1875,1.0000317612588365,-0.0002831760147597275,0.0,3.6341859225976786e-06,1
16.458333333333336,9.1875,1.000025339029805,-0.00022682574645285945,0.0,3.0478425188618795e-06,1
16.875,9.1875,1.0000203487955495,-0.00018096536765783202,0.0,2.5418904473172193e-06,1
17.291666666666668,9.1875,1.0000164630700128,-0.0001434465206536306,0.0,2.0057989923022456e-06,1
17.708333333333336,9.1875,1.000013467389563,-0.00011261409633412408,0.0,1.6547568749516058e-06,1
18.125,9.1875,1.0000111467583184,-8.691031261771721e-05,0.0,1.1349640871162728e-06,1
18.541666666666668,9.1875,1.0000094354604532,-6.538609304445092e-05,0.0,1.0139350949888317e-06,1
18.958333333333336,9.1875,1.0000081252970991,-4.662770029986314e-05,0.0,3.4654900402951246e-07,1
19.375,9.1875,1.000007332680925,-3.0482718006454995e-05,0.0,6.201965325586658e-07,1
19.791666666666668,9.1875,1.0000067060802869,-1.499705152409141e-05,0.0,-5.497104348490501e-07,1
0.20833333333333334,9.5625,1.0006745670268362,0.00687623682809316,0.0,0.06660064468490468,1
0.625,9.5625,1.0012090103965752,0.010251910424588598,0.0,0.06266973815460085,1
1.0416666666666667,9.5625,1.0037956396807488,0.01229155288952602,0.0,0.06901611438291295,1
1.4583333333333335,9.5625,1.0045470026474603,0.012194306337035849,0.0,0.05385172846891977,1
1.875,9.5625,1.0083927156154848,0.014724320738394124,0.0,0.06931469603970716,1
2.291666666666667,9.5625,1.0091649604021913,0.013358798772899284,0.0,0.03980248165582624,1
2.7083333333333335,9.5625,1.0148412323030382,0.01761025721119911,0.0,0.0672970961608797,1
3.125,9.5625,1.0158549729054083,0.013319229465940647,0.0,0.02001141563887717,1
3.541666666666667,9.5625,1.0228798657609603,0.01913308079448527,0.0,0.06199231380226625,1
3.9583333333333335,9.5625,1.0243752034523885,0.009567690490636176,0.0,-0.0034827064445412436,1
4.375,9.5625,1.0299378726420827,0.01550102446825903,0.0,0.05256469459934055,1
4.791666666666667,9.5625,1.0314983183864452,0.0001584735723148718,0.0,-0.023721687611273266,1
5.208333333333334,9.5625,1.0308407254978948,0.004062953036912273,0.0,0.03993445885190386,1
5.625,9.5625,1.0307202365542687,-0.010907761584952493,0.0,-0.029056025241761284,1
6.041666666666667,9.5625,1.0249857902912893,-0.007126046831661156,0.0,0.03050105165248954,1
6.458333333333334,9.5625,1.0239631168542684,-0.015967865308952892,0.0,-0.02258228111288137,1
6.875,9.5625,1.01732676302441,-0.011944069388983345,0.0,0.022540783573964242,1
7.291666666666667,9.5625,1.0161497756814526,-0.01527273630148898,0.0,-0.013363083634070301,1
7.708333333333334,9.5625,1.0110093467445982,-0.01182435992780911,0.0,0.014881452924797523,1
8.125,9.5625,1.009931775881424,-0.012157838342495671,0.0,-0.006388097382713917,1
8.541666666666668,9.5625,1.0066956391814668,-0.009624899981107325,0.0,0.008450409050057128,1
8.958333333333334,9.5625,1.0058049574966046,-0.008841395504747837,0.0,-0.0024617715530659066,1
9.375,9.5625,1.0040014831402104,-0.007108769672703835,0.0,0.00411193000551087,1
9.791666666666668,9.5625,1.0033325904864367,-0.006140322539959577,0.0,-0.0006977870785968334,1
10.208333333333334,9.5625,1.0023863632226406,-0.004979501544346091,0.0,0.0017424340043073042,1
10.625,9.5625,1.0019263035904584,-0.004162020626541483,0.0,-7.407300568379311e-05,1
11.041666666666668,9.5625,1.0014330273876832,-0.0033850573129495134,0.0,0.0006687545123368659,1
11.458333333333334,9.5625,1.0011368281913973,-0.002782106811038008,0.0,7.740717808777838e-05,1
11.875,9.5625,1.0008709145678019,-0.0022617468958984533,0.0,0.0002518297696616737,1
12.291666666666668,9.5625,1.0006873738961826,-0.0018432762930544343,0.0,8.132816808286821e-05,1
12.708333333333334,9.5625,1.000536780916341,-0.001495839220360628,0.0,0.00010508604504396583,1
13.125,9.5625,1.000424526817427,-0.0012137332138784317,0.0,5.774828138212436e-05,1
13.541666666666668,9.5625,1.000335414861713,-0.00098298690831096,0.0,5.293497440362597e-05,1
13.958333333333334,9.5625,1.0002665117745078,-0.0007954960161448431,0.0,3.771847239758939e-05,1
14.375,9.5625,1.0002121382052118,-0.0006430236892574757,0.0,3.1196832550820565e-05,1
14.791666666666668,9.5625,1.0001694014822367,-0.000519268573595878,0.0,2.4439970585207926e-05,1
15.208333333333334,9.5625,1.000135591013833,-0.0004188321557832333,0.0,1.980334322664727e-05,1
15.625,9.5625,1.0001088213769525,-0.0003373336667753131,0.0,1.587684762443858e-05,1
16.041666666666668,9.5625,1.0000875900215822,-0.00027116391341598634,0.0,1.2807953709446641e-05,1
16.458333333333336,9.5625,1.0000707428353208,-0.00021735751656344526,0.0,1.0216431335898958e-05,1
16.875,9.5625,1.0000574072480721,-0.00017351184654327474,0.0,8.210621243747234e-06,1
17.291666666666668,9.5625,1.0000468565696705,-0.00013760298112635338,0.0,6.334974370558996e-06,1
17.708333333333336,9.5625,1.0000386173739992,-0.00010806742269520878,0.0,5.121221490587685e-06,1
18.125,9.5625,1.0000321632725382,-8.342641143326717e-05,0.0,3.490724911890501e-06,1
18.541666666666668,9.5625,1.0000273663976087,-6.277950701510891e-05,0.0,3.062998711424089e-06,1
18.958333333333336,9.5625,1.0000236654545387,-4.4776831390797786e-05,0.0,1.0787954322196332e-06,1
19.375,9.5625,1.000021419591486,-2.9275874526204925e-05,0.0,1.8338672652175675e-06,1
19.791666666666668,9.5625,1.0000196345854295,-1.4405095086245176e-05,0.0,-1.567458491033025e-06,1
0.20833333333333334,9.9375,1.000578809985065,0.005840658283390169,0.0,0.0655278080636168,1
0.625,9.9375,1.001420197455688,0.008741061698459316,0.0,0.06295424009834223,1
1.0416666666666667,9.9375,1.0038399068825277,0.010277032933947258,0.0,0.06786119367944066,1
1.4583333333333335,9.9375,1.004973953620594,0.010083693670983907,0.0,0.05701377093565964,1
1.875,9.9375,1.0082733768873482,0.01166131537084469,0.0,0.06914482347358007,1
2.291666666666667,9.9375,1.0094623235080726,0.0103725825416907,0.0,0.047564112185520764,1
2.7083333333333335,9.9375,1.0140068473258677,0.01285414386962035,0.0,0.06897312584993491,1
3.125,9.9375,1.015412102738402,0.009396527626954605,0.0,0.03375266936281545,1
3.541666666666667,9.9375,1.020814113846934,0.012598224806230025,0.0,0.06547812129553007,1
3.9583333333333335,9.9375,1.0225802821634844,0.005758104606827312,0.0,0.016205552623802952,1
4.375,9.9375,1.0268454920560974,0.009032501229333903,0.0,0.056447265954963154,1
4.791666666666667,9.9375,1.0284646275999922,-0.0008534365132936371,0.0,-0.001279518483184052,1
5.208333333333334,9.9375,1.0283957856284676,0.0017803231140634142,0.0,0.042225267929775094,1
5.625,9.9375,1.028252209628102,-0.007463673942891571,0.0,-0.012036921047247498,1
6.041666666666667,9.9375,1.0240102397752038,-0.004909838524263729,0.0,0.027702900761552032,1
6.458333333333334,9.9375,1.0226375707639994,-0.010790745652620755,0.0,-0.01460042602870352,1
6.875,9.9375,1.017422059629723,-0.008334157133912458,0.0,0.01597124839443745,1
7.291666666666667,9.9375,1.0158468141572887,-0.0108867007642282,0.0,-0.01186249041296162,1
7.708333333333334,9.9375,1.0116709102546568,-0.008786438102176709,0.0,0.008120285486280413,1
8.125,9.9375,1.010304865214148,-0.00924528133108245,0.0,-0.007456752220472527,1
8.541666666666668,9.9375,1.007560490463038,-0.007601530337349276,0.0,0.003685169584590338,1
8.958333333333334,9.9375,1.006479460669671,-0.0071227743426620525,0.0,-0.003755853010978107,1
9.375,9.9375,1.0048415715768644,-0.005894845909219556,0.0,0.001531867014709606,1
9.791666666666668,9.9375,1.0040351161118573,-0.005172401153416924,0.0,-0.0014982696804828775,1
10.208333333333334,9.9375,1.0030886083144381,-0.0042781496956455275,0.0,0.0006228633079257511,1
10.625,9.9375,1.0025200757898978,-0.003617754143378292,0.0,-0.0004268372188848035,1
11.041666666666668,9.9375,1.0019679413118276,-0.0029796606654451537,0.0,0.0002818581278323742,1
11.458333333333334,9.9375,1.0015858837755407,-0.0024690603581734227,0.0,-3.115739479526154e-05,1
11.875,9.9375,1.0012547321665644,-0.002022937413441294,0.0,0.00015762857096993064,1
12.291666666666668,9.9375,1.0010060410495063,-0.0016577757069455095,0.0,7.09852881503534e-05,1
12.708333333333334,9.9375,1.0008019482663981,-0.0013517889215386594,0.0,0.00010342313248789441,1
13.125,9.9375,1.0006425795466698,-0.0011008421704387168,0.0,7.518642213880118e-05,1
13.541666666666668,9.9375,1.000514411655736,-0.0008942564491999701,0.0,7.1103218705614e-05,1
13.958333333333334,9.9375,1.000412724209095,-0.0007254111228358313,0.0,5.720171254525188e-05,1
14.375,9.9375,1.000331356021589,-0.0005875114932375157,0.0,4.839797179577187e-05,1
14.791666666666668,9.9375,1.0002664135896409,-0.00047518068723720444,0.0,3.941013588584233e-05,1
15.208333333333334,9.9375,1.0002144693394832,-0.00038375872738688374,0.0,3.2255152223629896e-05,1
15.625,9.9375,1.0001729365934582,-0.00030940355502033116,0.0,2.6090576197467566e-05,1
16.041666666666668,9.9375,1.0001397397747176,-0.0002489210772281294,0.0,2.1081638402383986e-05,1
16.458333333333336,9.9375,1.0001132258763374,-0.00019966425666913536,0.0,1.6818829257668068e-05,1
16.875,9.9375,1.0000921278685024,-0.00015947581718126709,0.0,1.3495192680049874e-05,1
17.291666666666668,9.9375,1.0000753630585781,-0.00012652817973529275,0.0,1.0396837386810404e-05,1
17.708333333333336,9.9375,1.0000622262926389,-9.940525915232064e-05,0.0,8.384636484263001e-06,1
18.125,9.9375,1.0000519058976123,-7.676103846505366e-05,0.0,5.712777616177547e-06,1
18.541666666666668,9.9375,1.00004422005001,-5.777627277577405e-05,0.0,4.995909203324419e-06,1
18.958333333333336,9.9375,1.000038278622436,-4.1215186854484675e-05,0.0,1.7721801936278058e-06,1
19.375,9.9375,1.0000346703614142,-2.6949944652823737e-05,0.0,2.977382013303729e-06,1
19.791666666666668,9.9375,1.000031798713214,-1.3262199864271669e-05,0.0,-2.522095741121513e-06,1
0.20833333333333334,10.3125,1.0005548397632225,0.004933860147357338,0.0,0.06167360041698256,1
0.625,10.3125,1.001712879624444,0.007389673059226137,0.0,0.059589484604028214,1
1.0416666666666667,10.3125,1.0041041074120627,0.008614571640575566,0.0,0.06221080734844373,1
1.4583333333333335,10.3125,1.0056323248146242,0.008531398928372224,0.0,0.05334287910079971,1
1.875,10.3125,1.008630871348085,0.009699211054898599,0.0,0.06047296184791888,1
2.291666666666667,10.3125,1.0102364618154398,0.008829992960830266,0.0,0.04330036554102441,1
2.7083333333333335,10.3125,1.0139615154772483,0.010614379775918035,0.0,0.05647642932074624,1
3.125,10.3125,1.0156262698860736,0.008196753322734522,0.0,0.029674913678591257,1
3.541666666666667,10.3125,1.0195993580639686,0.010380530513871607,0.0,0.05003058375405086,1
3.9583333333333335,10.3125,1.0211739417855248,0.0055403394421022194,0.0,0.01442136158353154,1
4.375,10.3125,1.0239689817698006,0.0075288327461470895,0.0,0.041377507451427424,1
4.791666666666667,10.3125,1.0249909066534533,0.00046666565957947405,0.0,0.0015259079332837803,1
5.208333333333334,10.3125,1.0248853293237181,0.0017376262072786738,0.0,0.03175653222168971,1
5.625,10.3125,1.0247024782378955,-0.005153398005544455,0.0,-0.004706859298290378,1
6.041666666666667,10.3125,1.0219945471107663,-0.003949775591089149,0.0,0.023471071798842048,1
6.458333333333334,10.3125,1.0208800986335484,-0.008392918759027505,0.0,-0.005089517164817935,1
6.875,10.3125,1.01724394788874,-0.006961976737337266,0.0,0.0164343913434442,1
7.291666666666667,10.3125,1.0157412437002131,-0.008842160805036733,0.0,-0.0031058657578817736,1
7.708333333333334,10.3125,1.0124883276595993,-0.0073992512186521996,0.0,0.01046600729054829,1
8.125,10.3125,1.0109974407038136,-0.0076612312812251995,0.0,-0.0011835618652068695,1
8.541666666666668,10.3125,1.0086064302507403,-0.006417267372921015,0.0,0.005933157343094907,1
8.958333333333334,10.3125,1.0073407138429231,-0.005968981374124523,0.0,-7.779030127683551e-05,1
9.375,10.3125,1.005756932912645,-0.00498998931322237,0.0,0.003016359221062798,1
9.791666666666668,10.3125,1.004787543407161,-0.004370293013771156,0.0,0.0003364611450373931,1
10.208333333333334,10.3125,1.0037855558656115,-0.0036371207974162743,0.0,0.0014253711253838781,1
10.625,10.3125,1.0030949231642574,-0.0030790313679151284,0.0,0.0003828201894281214,1
11.041666666666668,10.3125,1.0024668472994092,-0.00254701208516142,0.0,0.0006673716383129439,1
11.458333333333334,10.3125,1.0019978726263414,-0.0021153756695040412,0.0,0.00030105708191907637,1
11.875,10.3125,1.0016010674945721,-0.0017389243641533177,0.0,0.00033329292692450526,1
12.291666666666668,10.3125,1.0012914052179909,-0.0014285138894098272,0.0,0.00020672931880588545,1
12.708333333333334,10.3125,1.0010380196714042,-0.0011678465985858644,0.0,0.00018449097467153133,1
13.125,10.3125,1.0008363051724811,-0.0009530624380831696,0.0,0.0001349324798144458,1
13.541666666666668,10.3125,1.000673302258847,-0.0007757236053100899,0.0,0.00011121938280437379,1
13.958333333333334,10.3125,1.0005425819098064,-0.0006302981578563564,0.0,8.696875889137883e-05,1
14.375,10.3125,1.0004373453940627,-0.0005112129075377606,0.0,7.019319653319672e-05,1
14.791666666666668,10.3125,1.000352778843534,-0.0004139710307818584,0.0,5.604328717748888e-05,1
15.208333333333334,10.3125,1.0002847903472272,-0.0003346677460611018,0.0,4.504198905710287e-05,1
15.625,10.3125,1.0002301752119631,-0.00027005481933926477,0.0,3.606052480376932e-05,1
16.041666666666668,10.3125,1.0001863553572385,-0.00021741869667112531,0.0,2.8911225315930703e-05,1
16.458333333333336,10.3125,1.000151243553514,-0.00017449793784154937,0.0,2.294962534356672e-05,1
16.875,10.3125,1.0001232297016762,-0.00013944208823668574,0.0,1.8344992465917286e-05,1
17.291666666666668,10.3125,1.0001009200715558,-0.00011067676550699233,0.0,1.4099681120055146e-05,1
17.708333333333336,10.3125,1.0000834077822163,-8.69792473752795e-05,0.0,1.1345639309814395e-05,1
18.125,10.3125,1.0000696293761515,-6.718247988174447e-05,0.0,7.725419077713065e-06,1
18.541666666666668,10.3125,1.000059357630317,-5.057648875424808e-05,0.0,6.7416907115526365e-06,1
18.958333333333336,10.3125,1.0000514091960435,-3.608452435827519e-05,0.0,2.400639120119401e-06,1
19.375,10.3125,1.0000465801441865,-2.359723721437928e-05,0.0,4.007122766296239e-06,1
19.791666666666668,10.3125,1.0000427342760982,-1.161356683303088e-05,0.0,-3.3777084334886587e-06,1
0.20833333333333334,10.6875,1.0005067761417519,0.0038242983499178064,0.0,0.06055997358281536,1
0.625,10.6875,1.0018170162763047,0.005744860189174036,0.0,0.05924797749751446,1
1.0416666666666667,10.6875,1.004115978095061,0.006612895088636743,0.0,0.06095390480262581,1
1.4583333333333335,10.6875,1.0058161254174511,0.006506458232974752,0.0,0.05457572720911434,1
1.875,10.6875,1.008523566034858,0.007187359506262138,0.0,0.0595933060189159,1
2.291666666666667,10.6875,1.01028443918092,0.006473575049273929,0.0,0.04703393269769683,1
2.7083333333333335,10.6875,1.0134348993569473,0.007451012336218374,0.0,0.0564045255752448,1
3.125,10.6875,1.0152027711241638,0.005670081261000826,0.0,0.036541803748953675,1
3.541666666666667,10.6875,1.0184179744146196,0.006800993797872361,0.0,0.050773417564869125,1
3.9583333333333335,10.6875,1.0200166963189428,0.003523788922548599,0.0,0.023993911216302947,1
4.375,10.6875,1.0222703173091374,0.004545306596757723,0.0,0.04217758382644183,1
4.791666666666667,10.6875,1.0232579553229955,8.373199614881827e-05,0.0,0.011723444923215523,1
5.208333333333334,10.6875,1.023334797083523,0.000837308748017378,0.0,0.03139865113957891,1
5.625,10.6875,1.023135420407268,-0.0034067724663925884,0.0,0.0028489221424521077,1
6.041666666666667,10.6875,1.0210945643566252,-0.0026782407516592567,0.0,0.020910741644059223,1
6.458333333333334,10.6875,1.0199257140338036,-0.0055438596540125975,0.0,-0.001455240265549194,1
6.875,10.6875,1.0170190529321421,-0.004736270885998128,0.0,0.012572871933738326,1
7.291666666666667,10.6875,1.0154523246218459,-0.00606921020161042,0.0,-0.0022711650282442914,1
7.708333333333334,10.6875,1.0127347327367042,-0.005240524251874052,0.0,0.0069405972629991396,1
8.125,10.6875,1.0111882293342207,-0.005501215559967644,0.0,-0.0014836740949971017,1
8.541666666666668,10.6875,1.0090839000325182,-0.004733449132277195,0.0,0.003606911943563521,1
8.958333333333334,10.6875,1.0077638794920827,-0.004460678386379902,0.0,-0.0005084810975132202,1
9.375,10.6875,1.006280487958373,-0.0038042843862288204,0.0,0.0018307776125967895,1
9.791666666666668,10.6875,1.0052526637459998,-0.0033678298978891247,0.0,8.505629125246642e-05,1
10.208333333333334,10.6875,1.004250758127096,-0.002840911313780677,0.0,0.000953449758685098,1
10.625,10.6875,1.0035011644142187,-0.0024245477193206304,0.0,0.00029488749690914737,1
11.041666666666668,10.6875,1.002835230451168,-0.0020229702838247166,0.0,0.0005319995077623911,1
11.458333333333334,10.6875,1.0023131593701664,-0.0016897993427003512,0.0,0.000295756602373577,1
11.875,10.6875,1.0018729058764309,-0.00139657729611787,0.0,0.00032053125510406866,1
12.291666666666668,10.6875,1.00152000949516,-0.00115175332307515,0.0,0.00022820908826746896,1
12.708333333333334,10.6875,1.001229853484308,-0.0009447707765341592,0.0,0.0002031376632554864,1
13.125,10.6875,1.0009954895014674,-0.0007730133104976048,0.0,0.00015840518530719263,1
13.541666666666668,10.6875,1.000804898992884,-0.0006305354670721601,0.0,0.00013139081071932688,1
13.958333333333334,10.6875,1.0006507834932343,-0.0005132083165395073,0.0,0.00010515553441088633,1
14.375,10.6875,1.0005260502058453,-0.0004168320959665066,0.0,8.52692283918615e-05,1
14.791666666666668,10.6875,1.0004253040853175,-0.00033792846996907584,0.0,6.852948327605143e-05,1
15.208333333333334,10.6875,1.0003439938319134,-0.00027344770432073597,0.0,5.5157701537192854e-05,1
15.625,10.6875,1.0002784606752821,-0.00022082251002112111,0.0,4.420267082703165e-05,1
16.041666666666668,10.6875,1.0002257409322513,-0.00017789304726510932,0.0,3.542894560984185e-05,1
16.458333333333336,10.6875,1.000183404796003,-0.0001428477015721749,0.0,2.8108491117306452e-05,1
16.875,10.6875,1.0001495669051907,-0.00011419751915253832,0.0,2.245041568141653e-05,1
17.291666666666668,10.6875,1.0001225796025226,-9.067024768540525e-05,0.0,1.7243676541716577e-05,1
17.708333333333336,10.6875,1.0001013711324158,-7.12756018030495e-05,0.0,1.3863273547353008e-05,1
18.125,10.6875,1.0000846683862594,-5.506478516859633e-05,0.0,9.437987228525303e-06,1
18.541666666666668,10.6875,1.0000722081825335,-4.1460825118720466e-05,0.0,8.226792016410639e-06,1
18.958333333333336,10.6875,1.000062559982913,-2.9584572366271088e-05,0.0,2.936236833102433e-06,1
19.375,10.6875,1.0000566967342739,-1.9348140762738273e-05,0.0,4.882305983872096e-06,1
19.791666666666668,10.6875,1.0000520251315668,-9.52326472666057e-06,0.0,-4.1031663583733e-06,1
0.20833333333333334,11.0625,1.0004903186052458,0.002779399516292139,0.0,0.058521213136182526,1
0.625,11.0625,1.001930568143937,0.004176454721472231,0.0,0.057498555993348084,1
1.0416666666666667,11.0625,1.0041975878772098,0.004785645285418603,0.0,0.05809263084651975,1
1.4583333333333335,11.0625,1.006043702501351,0.00474011955348507,0.0,0.05282941502613778,1
1.875,11.0625,1.0085868953910435,0.005188838792911264,0.0,0.055423791797012595,1
2.291666666666667,11.0625,1.010472527376844,0.004751360263723172,0.0,0.045233509749906975,1
2.7083333333333335,11.0625,1.0132376856280336,0.00537554380079693,0.0,0.050657160215487745,1
3.125,11.0625,1.0150421125674047,0.004248297904979405,0.0,0.03508324342127789,1
3.541666666666667,11.0625,1.0176658401504821,0.004924513864157295,0.0,0.043940889924334446,1
3.9583333333333335,11.0625,1.0191460551494338,0.002811131044617632,0.0,0.02380227743290005,1
4.375,11.0625,1.0208692116909666,0.0033293925232437513,0.0,0.03578550050488119,1
4.791666666666667,11.0625,1.0216577075456341,0.0004021005009014107,0.0,0.013729378642531681,1
5.208333333333334,11.0625,1.0217426112210444,0.0006627094197640488,0.0,0.027241636949742437,1
5.625,11.0625,1.0215393643352888,-0.0021943425608825667,0.0,0.006964859348959575,1
6.041666666666667,11.0625,1.020071487387236,-0.0019412750571429051,0.0,0.01956435106199367,1
6.458333333333334,11.0625,1.019027591708166,-0.0038768014174009402,0.0,0.003551775435810125,1
6.875,11.0625,1.01677177658706,-0.0034710524425555635,0.0,0.01317861185589511,1
7.291666666666667,11.0625,1.0152869942291585,-0.004347775181211379,0.0,0.0021817960412571155,1
7.708333333333334,11.0625,1.0129999412991346,-0.0038343324916645135,0.0,0.008212105867156162,1
8.125,11.0625,1.0114535911835634,-0.003974557105423919,0.0,0.001638213312089748,1
8.541666666666668,11.0625,1.00954308059326,-0.003453188476158818,0.0,0.004722275863367848,1
8.958333333333334,11.0625,1.0081768884034463,-0.003234781334663495,0.0,0.0012995703103555081,1
9.375,11.0625,1.0067405397170768,-0.002772279117883491,0.0,0.002552453351742808,1
9.791666666666668,11.0625,1.0056545577681435,-0.00244956286464628,0.0,0.0009853106554778537,1
10.208333333333334,11.0625,1.0046345144166333,-0.002072606552905358,0.0,0.0013479129364765447,1
10.625,11.0625,1.0038310627697424,-0.0017694134761250847,0.0,0.0006976364278406316,1
11.041666666666668,11.0625,1.0031281183322915,-0.001479786172577035,0.0,0.0007285299245210913,1
11.458333333333334,11.0625,1.0025616229681409,-0.0012376574964783412,0.0,0.0004672492000395865,1
11.875,11.0625,1.0020853066965154,-0.0010248690249089285,0.0,0.00041555012526123714,1
12.291666666666668,11.0625,1.0016980293884874,-0.0008464656297658661,0.0,0.0003029358108958797,1
12.708333333333334,11.0625,1.0013788844740317,-0.0006954441537130898,0.0,0.000250298817131717,1
13.125,11.0625,1.0011191161200923,-0.000569773320396015,0.0,0.00019397933393415498,1
13.541666666666668,11.0625,1.000907126170773,-0.0004653307254560093,0.0,0.000156357682853285,1
13.958333333333334,11.0625,1.000734914549733,-0.0003791453268341299,0.0,0.00012407198498010227,1
14.375,11.0625,1.000595096993157,-0.0003082299363255389,0.0,9.94656590781116e-05,1
14.791666666666668,11.0625,1.0004818246257554,-0.00025008022032938166,0.0,7.949537584306527e-05,1
15.208333333333334,11.0625,1.0003901855990072,-0.00020249673724419452,0.0,6.367068528906897e-05,1
15.625,11.0625,1.000316174327186,-0.00016361738837464407,0.0,5.086985669083479e-05,1
16.041666666666668,11.0625,1.0002565326273865,-0.00013187036520139237,0.0,4.067736788837253e-05,1
16.458333333333336,11.0625,1.000208569496369,-0.00010593239293067144,0.0,3.222049645501774e-05,1
16.875,11.0625,1.0001701893807482,-8.471293995887461e-05,0.0,2.5702130450142064e-05,1
17.291666666666668,11.0625,1.0001395497835714,-6.727753521804377e-05,0.0,1.9724781066267154e-05,1
17.708333333333336,11.0625,1.0001154526835598,-5.289768191040265e-05,0.0,1.584508987820673e-05,1
18.125,11.0625,1.0000964626774866,-4.087349265362327e-05,0.0,1.078444794205584e-05,1
18.541666666666668,11.0625,1.0000822897966881,-3.0779483524163645e-05,0.0,9.392957237469024e-06,1
18.958333333333336,11.0625,1.0000713106473895,-2.1965028263182746e-05,0.0,3.3568662784718917e-06,1
19.375,11.0625,1.0000646373802937,-1.4365892925072106e-05,0.0,5.568715246011476e-06,1
19.791666666666668,11.0625,1.0000593188366689,-7.071538376255801e-06,0.0,-4.671640124827641e-06,1
0.20833333333333334,11.4375,1.0004710704642357,0.0016551863601982793,0.0,0.05784148810979392,1
0.625,11.4375,1.001969943823018,0.0024922275784654353,0.0,0.05715042205066199,1
1.0416666666666667,11.4375,1.0041966371316953,0.002835686170377751,0.0,0.05731701896081748,1
1.4583333333333335,11.4375,1.0061028354591215,0.002794199919993591,0.0,0.05313515822217877,1
1.875,11.4375,1.0085232489501277,0.0030086170184426527,0.0,0.05474733848980008,1
2.291666666666667,11.4375,1.0104515330311656,0.0027297724305979957,0.0,0.04657556016705879,1
2.7083333333333335,11.4375,1.0129815165210134,0.003012373116558168,0.0,0.050247008454398105,1
3.125,11.4375,1.0147972497669377,0.0023482389898279114,0.0,0.03771313235871467,1
3.541666666666667,11.4375,1.0171232516289497,0.0026404511105245256,0.0,0.04381526279121659,1
3.9583333333333335,11.4375,1.018581971262973,0.0014690861502712786,0.0,0.027496489569571153,1
4.375,11.4375,1.0201003611208326,0.0016938595949782043,0.0,0.03566713161719525,1
4.791666666666667,11.4375,1.0208592519697326,0.00014883278231800186,0.0,0.017608363439108973,1
5.208333333333334,11.4375,1.0209973414814986,0.0002857714149879849,0.0,0.026670714716294574,1
5.625,11.4375,1.02079216992583,-0.001193203033231452,0.0,0.009867915065025911,1
6.041666666666667,11.4375,1.0195802882952305,-0.001056413484922401,0.0,0.01828201245012775,1
6.458333333333334,11.4375,1.0185486788142586,-0.0020873630948280613,0.0,0.005048734235694799,1
6.875,11.4375,1.0165954090463423,-0.001894199895776457,0.0,0.01157516382245897,1
7.291666666666667,11.4375,1.0151251176848688,-0.0023939049426058294,0.0,0.0026606073531162833,1
7.708333333333334,11.4375,1.0130708411954772,-0.002149115208638925,0.0,0.006861031944185124,1
8.125,11.4375,1.011531143014102,-0.002252299001899212,0.0,0.0016747905954550778,1
8.541666666666668,11.4375,1.0097497967058233,-0.0019888335168118812,0.0,0.003881497233154233,1
8.958333333333334,11.4375,1.0083766631166495,-0.0018811039260246698,0.0,0.0012466965576471288,1
9.375,11.4375,1.0069872129736135,-0.001632004645036001,0.0,0.0021529454675955993,1
9.791666666666668,11.4375,1.0058823596349495,-0.0014527998576393316,0.0,0.0009595579959290356,1
10.208333333333334,11.4375,1.004862896077192,-0.0012393905436888632,0.0,0.0012082501324246063,1
10.625,11.4375,1.00403469871658,-0.001063683850713495,0.0,0.0007041351804469606,1
11.041666666666668,11.4375,1.00331380884402,-0.0008941769323983771,0.0,0.0007027897738191372,1
11.458333333333334,11.4375,1.002722582143315,-0.0007505111793133026,0.0,0.00048704895700644123,1
11.875,11.4375,1.0022249764623876,-0.0006234308761213689,0.0,0.00042589408219218357,1
12.291666666666668,11.4375,1.0018164901529296,-0.0005160829911613678,0.0,0.00032297477728299764,1
12.708333333333334,11.4375,1.0014788752180308,-0.0004248182788474233,0.0,0.0002660667691499794,1
13.125,11.4375,1.0012025905759532,-0.00034855941448241895,0.0,0.0002095161216068481,1
13.541666666666668,11.4375,1.00097646343853,-0.00028500616164723247,0.0,0.00016900717177755736,1
13.958333333333334,11.4375,1.0007921736629768,-0.00023243797230530026,0.0,0.00013479524303810006,1
14.375,11.4375,1.0006422084009894,-0.00018910736323572017,0.0,0.00010812318059876598,1
14.791666666666668,11.4375,1.0005204636733644,-0.00015352560588806485,0.0,8.650634416366747e-05,1
15.208333333333334,11.4375,1.000421810168447,-0.00012437634571002925,0.0,6.927854437577994e-05,1
15.625,11.4375,1.0003420242560517,-0.0001005372493427497,0.0,5.5340732437158825e-05,1
16.041666666666668,11.4375,1.0002776573176628,-8.105689368563077e-05,0.0,4.423391929059073e-05,1
16.458333333333336,11.4375,1.0002258463985245,-6.51313350250868e-05,0.0,3.50229104437654e-05,1
16.875,11.4375,1.0001843562156592,-5.209636407554021e-05,0.0,2.7925054313988434e-05,1
17.291666666666668,11.4375,1.0001512132904973,-4.138146633213801e-05,0.0,2.1423099069734985e-05,1
17.708333333333336,11.4375,1.0001251347287716,-3.254132390117517e-05,0.0,1.7202603767383063e-05,1
18.125,11.4375,1.0001045747477617,-2.5147236030413518e-05,0.0,1.1706321747965138e-05,1
18.541666666666668,11.4375,1.0000892257564804,-1.893861462352007e-05,0.0,1.0191866887909951e-05,1
18.958333333333336,11.4375,1.0000773322243286,-1.3516038727762365e-05,0.0,3.6437239831404396e-06,1
19.375,11.4375,1.0000701023814131,-8.840339412202618e-06,0.0,6.0393574657520834e-06,1
19.791666666666668,11.4375,1.0000643390666781,-4.352052618926264e-06,0.0,-5.063489602433024e-06,1
0.20833333333333334,11.8125,1.0004649366254788,0.0005615795185936449,0.0,0.05721414977856806,1
0.625,11.8125,1.0019961792072651,0.000844575959398754,0.0,0.05661818111402503,1
1.0416666666666667,11.8125,1.0042086833850126,0.0009625027358552495,0.0,0.05646228838439108,1
1.4583333333333335,11.8125,1.006148209206221,0.0009573131821532217,0.0,0.05263568422248528,1
1.875,11.8125,1.0085155974143587,0.0010357644711966449,0.0,0.05354379781383979,1
2.291666666666667,11.8125,1.010466479917558,0.00095898203236773,0.0,0.046108431953694524,1
2.7083333333333335,11.8125,1.0128832958262717,0.0010624548158011862,0.0,0.04863571713781224,1
3.125,11.8125,1.0146951581030557,0.0008619022914822058,0.0,0.03739498213527187,1
3.541666666666667,11.8125,1.0168599606905462,0.0009628137876840451,0.0,0.04194576023108483,1
3.9583333333333335,11.8125,1.0182791654862717,0.0005852992410399064,0.0,0.02757304757125798,1
4.375,11.8125,1.0196636918746773,0.0006434665167533646,0.0,0.03395951451562997,1
4.791666666666667,11.8125,1.0203740602742646,0.00011891809273125983,0.0,0.018312763488893883,1
5.208333333333334,11.8125,1.020517277588085,0.00012339783435617608,0.0,0.02559963858073475,1
5.625,11.8125,1.0203143542616655,-0.000394948304998322,0.0,0.0111558045944482,1
6.041666666666667,11.8125,1.0192501737133273,-0.000388171757486444,0.0,0.01797980178919384,1
6.458333333333334,11.8125,1.0182577375547706,-0.0007431399539292327,0.0,0.006556094941414359,1
6.875,11.8125,1.0164815097049735,-0.0006938118568108765,0.0,0.011785879398983658,1
7.291666666666667,11.8125,1.0150443125630928,-0.0008535881709067413,0.0,0.003973339711946252,1
7.708333333333334,11.8125,1.0131158407357415,-0.0007689524170713424,0.0,0.007232205811204114,1
8.125,11.8125,1.011587602095475,-0.0007906912086310025,0.0,0.0025832328615602797,1
8.541666666666668,11.8125,1.0098684314817683,-0.0006949025974396692,0.0,0.004198222471275931,1
8.958333333333334,11.8125,1.008490536519767,-0.000649168522028305,0.0,0.001769236092788268,1
9.375,11.8125,1.0071197162430348,-0.0005600940176517828,0.0,0.0023577258514094032,1
9.791666666666668,11.8125,1.0060026178550794,-0.0004949767900949376,0.0,0.0012198811993500089,1
10.208333333333334,11.8125,1.0049803221910343,-0.0004206471111453924,0.0,0.0013219554362670267,1
10.625,11.8125,1.0041381123879325,-0.00035967122125130714,0.0,0.0008219313268514068,1
11.041666666666668,11.8125,1.0034069739243032,-0.0003017543291755792,0.0,0.000761145359585414,1
11.458333333333334,11.8125,1.0028028315374262,-0.0002528784307913767,0.0,0.0005385410620669965,1
11.875,11.8125,1.0022942769047556,-0.00020990676745383005,0.0,0.0004552524210020889,1
12.291666666666668,11.8125,1.0018751358812457,-0.00017368950550241164,0.0,0.00034632903284799026,1
12.708333333333334,11.8125,1.0015283159372974,-0.00014296288967750385,0.0,0.00028125791490821617,1
13.125,11.8125,1.0012438575786091,-0.00011730700998123889,0.0,0.00022111447611980963,1
13.541666666666668,11.8125,1.001010750724965,-9.593509661917056e-05,0.0,0.00017732134437362966,1
13.958333333333334,11.8125,1.0008205056793764,-7.825686376955724e-05,0.0,0.00014115308404738207,1
14.375,11.8125,1.00066553617704,-6.368284696076089e-05,0.0,0.00011294446077414672,1
14.791666666666668,11.8125,1.000539610902774,-5.171175876051761e-05,0.0,9.024775532093665e-05,1
15.208333333333334,11.8125,1.0004374928762403,-4.1901827039275705e-05,0.0,7.219330705842813e-05,1
15.625,11.8125,1.0003548518840721,-3.387650883424189e-05,0.0,5.762633136636452e-05,1
16.041666666666668,11.8125,1.000288146336951,-2.7316658529048092e-05,0.0,4.6033943364170293e-05,1
16.458333333333336,11.8125,1.0002344293001846,-2.195247636090369e-05,0.0,3.643258375091884e-05,1
16.875,11.8125,1.0001913972136143,-1.7560934991942198e-05,0.0,2.9039236363961977e-05,1
17.291666666666668,11.8125,1.0001570122725827,-1.3950332725559319e-05,0.0,2.227207570684095e-05,1
17.708333333333336,11.8125,1.0001299501342733,-1.0970971199832317e-05,0.0,1.788063216829735e-05,1
18.125,11.8125,1.000108610302897,-8.478625117307094e-06,0.0,1.216525272651173e-05,1
18.541666666666668,11.8125,1.0000926771178211,-6.385603605173185e-06,0.0,1.0590589312218718e-05,1
18.958333333333336,11.8125,1.0000803288856939,-4.557445800753546e-06,0.0,3.784278188542794e-06,1
19.375,11.8125,1.0000728226432596,-2.9808916283168105e-06,0.0,6.275228117116779e-06,1
19.791666666666668,11.8125,1.0000668376564805,-1.4676835096261684e-06,0.0,-5.263029276995468e-06,1
