iteration,continuity,momentum,mass_imbalance,velocity_change,u_residual,v_residual,rhie_chow_flux_defect
1,1.3227266504323154e-17,11.64658576278342,6.938893903907228e-17,0.644688111113725,8.529747831643157,11.64658576278342,0.0002187385352574677
2,1.9695887715914795e-16,7.606280218494818,4.163336342344337e-17,0.4064468029277325,5.696760495057144,7.606280218494818,9.767526861993375e-05
3,1.0519430920959139e-14,2.3406542409852937,6.938893903907228e-17,0.26724490705713677,2.216028886518094,2.3406542409852933,5.534681594261905e-05
4,2.3693747701683532e-14,0.7356053473267465,1.1102230246251565e-16,0.08776369050998323,0.7356053473267467,0.6037490192466459,4.026670007855237e-05
5,4.21225961012503e-14,0.6059696066094638,2.914335439641036e-16,0.058481234374978874,0.6059696066094638,0.5053435689704857,2.5372722974260432e-05
6,6.397475865033142e-14,0.6033381891200486,1.1102230246251565e-16,0.0382720371645604,0.5556487418906687,0.6033381891200486,3.0544737904710904e-05
7,4.2841232406228e-14,0.5339511759432076,1.0269562977782698e-15,0.02773211857491345,0.5298957763951535,0.5339511759432077,2.1667483136159908e-05
8,1.1591761079655927e-14,0.5662513106120506,1.8041124150158794e-16,0.024022835420499457,0.5207982518104086,0.5662513106120506,2.276432374898051e-05
9,2.2923300085388176e-14,0.5239324550228437,7.355227538141662e-16,0.023290255952958014,0.5030466590892813,0.5239324550228437,1.6641336785576263e-05
10,3.5432269097912528e-15,0.5248049613787847,1.8041124150158794e-16,0.02130400857242357,0.5020550922420288,0.5248049613787849,1.6539348364365172e-05
11,4.770923239805214e-15,0.5029200224524325,3.885780586188048e-16,0.02024259843270379,0.4972160018436931,0.5029200224524324,1.3648106895460935e-05
12,5.6408870630075825e-15,0.4813911160957716,2.0816681711721685e-16,0.018767612274728028,0.4813911160957716,0.4549784100783252,1.2029732795550014e-05
13,3.3905170337966695e-15,0.4872723745908879,1.249000902703301e-16,0.01722183871086983,0.4872723745908878,0.46513381507557006,1.2364007780697867e-05
14,6.631414167790339e-15,0.4826587087979666,3.191891195797325e-16,0.017293579117587714,0.4826587087979665,0.4414659819245571,1.055453095907637e-05
15,1.0056625671106545e-14,0.48182363509417064,7.91033905045424e-16,0.0159708709000842,0.48182363509417064,0.4343357264728196,1.014732921962417e-05
16,8.157537145780935e-16,0.48110279553593055,9.71445146547012e-17,0.01529352237087456,0.4811027955359305,0.4195218526871932,8.698014019319861e-06
17,9.137655909707831e-16,0.47893525725496977,3.7470027081099033e-16,0.014832005221682154,0.47893525725496977,0.4135799904845963,8.318860983569549e-06
18,5.903480829183572e-16,0.47199954350056195,8.326672684688674e-17,0.013995676239774713,0.47199954350056195,0.3888746698814622,6.445145540295656e-06
19,2.2272765229369718e-15,0.4671275035649357,1.27675647831893e-15,0.013046661140050264,0.46712750356493576,0.37987422852600944,6.541512983142734e-06
20,1.7056668577541956e-15,0.46676446379162506,5.412337245047638e-16,0.011991506392936335,0.46676446379162506,0.37844875194592503,6.6469400037818955e-06
21,1.4237742929079644e-15,0.4745367155948951,8.326672684688674e-16,0.011764599014991384,0.4745367155948951,0.39874994282152065,7.479467523980572e-06
22,1.2006454858104476e-15,0.4786167513011952,1.5265566588595902e-16,0.011395747999811467,0.4786167513011952,0.40929168618152856,7.634987301315481e-06
23,1.9116652705264414e-15,0.478767125693522,1.249000902703301e-16,0.010743046639668186,0.47876712569352187,0.4086374440636748,7.2027965609510944e-06
24,7.284103875626613e-15,0.4743329555383425,5.689893001203927e-16,0.010596043022962465,0.47433295553834254,0.3882044987898631,6.376656905143785e-06
25,1.476683358925257e-14,0.47244414121313244,3.469446951953614e-16,0.01027907284079832,0.47244414121313244,0.3759174950236033,6.320728482424776e-06
26,4.5597206566050374e-15,0.472817553328972,6.938893903907228e-17,0.010161731667533314,0.47281755332897196,0.38244950798415517,6.968778637308281e-06
27,8.164476039684843e-15,0.4732737332141305,4.440892098500626e-16,0.009804961240004961,0.4732737332141305,0.3857313372163303,6.937669934244236e-06
28,7.19303089313783e-15,0.4784392003020289,7.91033905045424e-16,0.00980582382822337,0.4784392003020289,0.4085814093332032,7.379241265646817e-06
29,2.3238355684185308e-14,0.4756541089387494,1.5126788710517758e-15,0.009592359087076008,0.4756541089387493,0.40960839874083643,7.375775918758242e-06
30,5.156552268514858e-14,0.47072722459318594,2.3592239273284576e-16,0.008882756910303158,0.47072722459318594,0.40280203695040756,7.279214229679171e-06
31,3.1112265541644035e-15,0.46691742432467753,0.0,0.008117327156197396,0.4669174243246775,0.41020253201294754,7.5702172818003134e-06
32,3.68888947166468e-15,0.45631645896202905,6.938893903907228e-17,0.007635117397242541,0.45631645896202905,0.3725755921307369,5.6497129987728754e-06
33,6.5520505687644004e-15,0.4625455056815392,2.7755575615628914e-16,0.00737424330923564,0.4625455056815392,0.4017131653022194,6.734167823618259e-06
34,9.034439862887211e-15,0.46533180771374993,9.992007221626409e-16,0.007151901724209986,0.46533180771375,0.42707051694442777,6.654570161472588e-06
35,1.0597425714742315e-14,0.4702503345728377,2.2898349882893854e-15,0.0063936951643367435,0.47025033457283766,0.4306042484059823,6.135714825205286e-06
36,5.8408139436139095e-15,0.4735842872560403,1.3877787807814457e-15,0.006088960132682342,0.4735842872560403,0.4354068443694285,5.9524002776594745e-06
37,2.748289876924881e-15,0.4747985273477903,1.6653345369377348e-16,0.0056837641038317566,0.4747985273477903,0.44845518728564987,6.585797113846992e-06
38,7.378646305067349e-15,0.47337200042243827,1.5265566588595902e-16,0.005141791844328392,0.4733720004224382,0.45490828643323306,6.193306913882686e-06
39,1.9959782524697767e-14,0.48912486270056044,1.1796119636642288e-15,0.004801213228316059,0.47719639181382567,0.48912486270056044,6.91308629497742e-06
40,9.363928903105556e-15,0.4888380207636497,5.412337245047638e-16,0.0045820503712333815,0.4804697387400078,0.4888380207636498,6.41880733036627e-06
41,5.957203046830228e-15,0.49822747293464953,2.0816681711721685e-16,0.004675682289241534,0.48425601729896095,0.4982274729346495,6.089083154130307e-06
42,7.738601426332536e-15,0.49529597320663193,2.0816681711721685e-16,0.004799975109476384,0.4861121361990892,0.49529597320663205,5.819585967035103e-06
43,1.175708835843281e-14,0.51157422681008,4.579669976578771e-16,0.004530905540883867,0.48392634760328623,0.5115742268100801,5.960553136217655e-06
44,4.0060836592470395e-14,0.5030492295681762,7.077671781985373e-16,0.004243907597035301,0.4729789432160567,0.5030492295681763,5.185829224634623e-06
45,1.7718465583627108e-14,0.5046432026339215,3.885780586188048e-16,0.004026173376028286,0.47470148797942285,0.5046432026339215,5.027157798336654e-06
46,6.293576770843856e-15,0.49805279769356375,5.412337245047638e-16,0.0038984132711796793,0.4729140049683026,0.49805279769356375,4.681148057339953e-06
47,3.355009412647769e-15,0.5049922916169993,3.608224830031759e-16,0.003812980223687479,0.46918557612203293,0.5049922916169993,4.737110433193751e-06
48,3.815524285410987e-15,0.5064991919576072,4.579669976578771e-16,0.0036958975519123527,0.46433517124266355,0.5064991919576071,4.636188458860813e-06
49,1.5736029016291675e-14,0.5125247914867203,3.649858193455202e-15,0.0034587515274250302,0.46451571536629555,0.5125247914867201,4.338119027499927e-06
50,7.981625343295162e-15,0.5196609784671201,1.1518563880486e-15,0.003345112038672715,0.46584933956377406,0.51966097846712,4.65567783147686e-06
51,1.377804120794579e-15,0.5169332866428001,1.8041124150158794e-16,0.0032997932718238365,0.4612729324141261,0.5169332866428,4.441443206442764e-06
52,2.7483711920878173e-15,0.5273361782586328,2.7755575615628914e-17,0.0032095301302862422,0.45954335212948244,0.5273361782586328,4.4900487569277785e-06
53,7.37739947256899e-15,0.5094851635181338,2.7755575615628914e-17,0.0030884617960778016,0.45383254961059427,0.5094851635181337,4.052795041151733e-06
54,6.612494839880467e-15,0.5122484269666949,5.134781488891349e-16,0.0029871269440150394,0.45172980651470684,0.5122484269666949,4.049664797456237e-06
55,3.890307130258175e-15,0.5060797373448382,9.020562075079397e-16,0.0028872004429238984,0.44878679380152753,0.5060797373448382,3.7380104497973317e-06
56,1.420738526825005e-15,0.5049271029055098,1.249000902703301e-16,0.002773208612830813,0.44595917091450143,0.5049271029055098,3.6404671502609333e-06
57,8.883952601346223e-16,0.510243064478834,6.938893903907228e-17,0.002678484980210949,0.4448160806367369,0.510243064478834,3.6176968479423354e-06
58,1.4870916997811179e-15,0.5211269136496741,8.743006318923108e-16,0.0026167818747875327,0.4426759005276252,0.5211269136496739,3.657635391372777e-06
59,2.1996293675385914e-15,0.5143364749200333,5.412337245047638e-16,0.0025836296585802776,0.43663618274264865,0.5143364749200332,3.583770714772051e-06
60,1.8346869162799706e-15,0.5256895896633366,8.326672684688674e-17,0.0025410337750445544,0.440585069172827,0.5256895896633366,3.602818606938437e-06
61,1.9029916531465574e-15,0.524154651486364,1.249000902703301e-16,0.0025654548670990124,0.4401488379555695,0.524154651486364,3.3368238768376273e-06
62,3.8376420097296915e-15,0.5186778540428297,4.0245584642661925e-16,0.002571880715404179,0.4296898647662256,0.5186778540428298,3.269387299106513e-06
63,8.764907202807315e-15,0.5176330174998557,1.5265566588595902e-15,0.002514102668675848,0.42671186664502503,0.5176330174998558,3.330707141039859e-06
64,7.058156142880634e-15,0.5154381991079365,1.2351231148954867e-15,0.0024848535569537977,0.4283123281192922,0.5154381991079364,3.188798920833317e-06
65,2.063236734239915e-15,0.515421850966475,9.71445146547012e-17,0.0024753445464726215,0.42976324658942944,0.515421850966475,3.1283873087711724e-06
66,1.7508780883468411e-15,0.5201002317788028,2.914335439641036e-16,0.0025041547841377076,0.43047517394801904,0.5201002317788029,3.3291887495961155e-06
67,1.5246050949491163e-15,0.5072320453336655,6.106226635438361e-16,0.002550254047545636,0.42386453945346086,0.5072320453336655,3.0578752322287416e-06
68,7.262528252394151e-15,0.5156674182735645,1.3600232051658168e-15,0.0024909910903626736,0.42051321473324227,0.5156674182735645,3.0193735903334828e-06
69,5.8880851583342775e-15,0.512993769256186,7.494005416219807e-16,0.0025399377805834372,0.41688154828664303,0.5129937692561859,3.0911867685088013e-06
70,5.148442436264666e-15,0.5115169602814558,2.220446049250313e-16,0.002499367153707452,0.41463553044846413,0.5115169602814558,2.9835768583800377e-06
71,2.6195408689422273e-15,0.511304541724211,2.7755575615628914e-17,0.002530034902234038,0.41357463774173503,0.5113045417242109,3.0272652430463573e-06
72,1.5638857396582662e-14,0.5011382647717246,1.582067810090848e-15,0.0025874397260229887,0.40634513628763563,0.5011382647717244,2.9800275009906614e-06
73,1.3505906462651929e-14,0.5057493292827873,1.4016565685892601e-15,0.002512334842633794,0.40140130703255916,0.5057493292827873,2.9874103170700336e-06
74,1.1264752151907143e-14,0.5026069716153109,1.1796119636642288e-15,0.002551485849907484,0.39863250094712266,0.5026069716153109,2.821431182948307e-06
75,1.5382660423224337e-15,0.5143040121901615,2.7755575615628914e-17,0.002487635176721778,0.39541025902645677,0.5143040121901615,2.828457021217299e-06
76,3.905729906161781e-15,0.5020278973313428,4.579669976578771e-16,0.0025119624822165162,0.3866854929174886,0.5020278973313427,2.8313312751520483e-06
77,3.3552804631908906e-15,0.5182722783741326,2.220446049250313e-16,0.002524152312976459,0.38415058954677717,0.5182722783741326,2.9051778794145083e-06
78,3.909307773330983e-15,0.499761585224861,6.938893903907228e-17,0.0024579401387063576,0.37292659870754385,0.499761585224861,2.684952260441619e-06
79,4.771899021760451e-15,0.5174840122215287,5.828670879282072e-16,0.0025025077203397333,0.3741276977514346,0.5174840122215287,2.8073346090968217e-06
80,4.537494512069085e-15,0.5071675931743107,2.914335439641036e-16,0.0024657328232578837,0.3707982022855899,0.5071675931743107,2.607531111959004e-06
81,9.786442489723157e-15,0.4788093474828674,3.3306690738754696e-16,0.002483456500332923,0.35375683089041376,0.4788093474828674,2.618961145553088e-06
82,8.935994305625528e-15,0.46713484271204275,8.326672684688674e-17,0.002435412673958866,0.34616451316320507,0.46713484271204286,2.736377132437859e-06
83,2.4467949368001118e-14,0.47897507993323146,5.551115123125783e-17,0.002432597441933082,0.3432959250508358,0.47897507993323146,2.612341922997325e-06
84,3.573530360512223e-15,0.4866924238128846,3.191891195797325e-16,0.002502691180796303,0.3404018067801029,0.4866924238128846,2.6097566666516243e-06
85,6.9661073784366145e-15,0.4593798336721723,3.885780586188048e-16,0.0024453180725132265,0.33143845792624843,0.4593798336721722,2.43017100296918e-06
86,8.947161588002128e-15,0.4713721480808319,3.469446951953614e-16,0.0024490898508364167,0.3232221927831497,0.47137214808083183,2.400035165736597e-06
87,2.169369284904521e-14,0.4640666019812164,9.298117831235686e-16,0.0023901341411839278,0.3173046623745326,0.4640666019812164,2.3741655627733244e-06
88,4.272081820244633e-15,0.4705584577979698,3.3306690738754696e-16,0.0024189146451772947,0.31270771652214,0.47055845779796973,2.5015903067651406e-06
89,1.0291355441449657e-14,0.4693351020111697,6.106226635438361e-16,0.002476742244239806,0.3026016780454903,0.4693351020111697,2.3994275140504827e-06
90,1.4159680372660688e-15,0.48176933046695986,1.3877787807814457e-17,0.002401105202263075,0.3009746897962545,0.4817693304669599,2.420382839388037e-06
91,3.2909872743625e-15,0.4599822426816727,2.3592239273284576e-16,0.0024668496305813234,0.29033329089057514,0.4599822426816727,2.2844497609070094e-06
92,4.789571517171964e-15,0.42995091745374775,3.469446951953614e-16,0.002384830616895081,0.2769102644896795,0.4299509174537478,2.256615202862487e-06
93,4.286826969790436e-15,0.4106760501979336,8.881784197001252e-16,0.0023731033852675276,0.2684739327584528,0.41067605019793363,2.4104888242963313e-06
94,2.6387312473952207e-15,0.4254936357423771,3.3306690738754696e-16,0.002393007040330755,0.2660982052486918,0.4254936357423771,2.4326202005757264e-06
95,3.872987000552719e-15,0.44112406564420725,1.249000902703301e-16,0.002367189686676513,0.2651160386837993,0.4411240656442073,2.469430916734689e-06
96,6.90213945025997e-15,0.43460933431818305,7.355227538141662e-16,0.0024432297005385767,0.25939443843110505,0.43460933431818305,2.434388158897648e-06
97,6.437341978915434e-15,0.45121406787018126,1.5126788710517758e-15,0.002428168218282449,0.2547012949934233,0.45121406787018126,2.5145858204523764e-06
98,1.477355564272198e-14,0.4100854870005339,2.3592239273284576e-15,0.0024013859113009503,0.2504582104131237,0.4100854870005338,2.4329608030186424e-06
99,3.9751188452008535e-15,0.40317924331148214,2.914335439641036e-16,0.0023699544557032673,0.24711006348839942,0.40317924331148225,2.5908713031609047e-06
100,1.5334955527634975e-15,0.3687353544321408,1.5265566588595902e-16,0.0023515788365614035,0.23520231958795523,0.3687353544321407,2.4566453126179228e-06
101,1.268082860939046e-15,0.3555314279285592,2.3592239273284576e-16,0.002071084050759335,0.232194584042625,0.3555314279285592,2.3845536325373924e-06
102,2.1805474093028465e-15,0.36631766384320724,2.220446049250313e-16,0.0018260267316898005,0.22794898663717433,0.36631766384320724,2.2588149283187997e-06
103,2.0712598303163077e-15,0.37489060213753556,6.661338147750939e-16,0.001970928555644458,0.2242956824925938,0.37489060213753556,2.223145322703854e-06
104,4.919675777870225e-15,0.3881531848201262,1.1657341758564144e-15,0.002029425947836977,0.21740141844218597,0.3881531848201261,2.305576720714293e-06
105,7.710737430499659e-15,0.37693677186583746,2.3037127760972e-15,0.001991643778543238,0.2104950711338212,0.3769367718658375,2.1964359101475653e-06
106,1.3603701498610121e-14,0.3786661972612779,3.802513859341161e-15,0.002036483836841463,0.20589526280312162,0.3786661972612779,2.2473525601195063e-06
107,1.3492570775930357e-14,0.3668882833240469,2.5396351688300456e-15,0.002137738650130949,0.1994521462546761,0.3668882833240469,2.1895681339055554e-06
108,1.007874339542525e-14,0.37295218530373236,4.4825254619240695e-15,0.0022860597427326393,0.19487779411015285,0.3729521853037323,2.301713403929852e-06
109,1.2089287904082369e-14,0.3655181520173877,4.649058915617843e-15,0.002393017866842151,0.19057540337364534,0.36551815201738774,2.310372970997788e-06
110,1.6670692604137116e-15,0.3627926507054611,1.0130785099704553e-15,0.002369172154604464,0.18659719693240698,0.3627926507054612,2.295922088381252e-06
111,1.4080750454503743e-14,0.33596925649412224,6.841749389252527e-15,0.0023496389120163247,0.18061957413285104,0.33596925649412224,2.2892342680770455e-06
112,9.867107131356079e-15,0.3586417434253497,5.384581669432009e-15,0.0020382596055574034,0.17921194799756268,0.35864174342534977,2.3043012789538018e-06
113,8.677086826835989e-15,0.3638545454843516,4.427014310692812e-15,0.0018062404618223032,0.17777871321839428,0.36385454548435164,2.104060372345384e-06
114,9.610368056911511e-16,0.3575276916764405,6.522560269672795e-16,0.0016438868687271568,0.17402167766375579,0.3575276916764405,1.980721387808985e-06
115,1.805847138491856e-15,0.3524193822149321,1.7208456881689926e-15,0.0015862780707704416,0.16794298802062707,0.3524193822149321,2.0172801109371295e-06
116,5.719166459861036e-16,0.33807580604330684,2.7755575615628914e-17,0.0015744040234761392,0.16384635957731,0.33807580604330684,1.8875376376476907e-06
117,2.0960880600662257e-15,0.31397287147729824,1.915134717478395e-15,0.0015611233303741145,0.1601592602912643,0.31397287147729824,1.6970964430916313e-06
118,2.1874863032067537e-15,0.32367008260955193,1.4710455076283324e-15,0.0015470099622739708,0.1586702567648096,0.3236700826095519,1.7333726888087824e-06
119,1.8607077684196227e-15,0.32120109993986107,8.743006318923108e-16,0.001532775006353071,0.1542385599750436,0.3212010999398611,1.769109577464742e-06
120,3.7365943672540425e-15,0.3186416673607581,8.881784197001252e-16,0.0015229399767346385,0.14757778105660102,0.31864166736075805,1.6735005112555005e-06
121,1.6137265135274248e-15,0.3181130613828296,4.85722573273506e-16,0.0015137286173870779,0.1447287001431348,0.31811306138282963,1.4467702234976697e-06
122,4.9617428221626625e-15,0.2848682663037331,3.469446951953614e-16,0.0015099047180938685,0.14158909837806577,0.2848682663037331,1.3127863923729187e-06
123,1.9201220474718284e-15,0.25874613478973296,5.689893001203927e-16,0.001508605599349011,0.13922055663497235,0.258746134789733,1.3495075354374138e-06
124,3.972516759986888e-15,0.25293768320834237,1.0130785099704553e-15,0.0015027700054218163,0.13593532961104984,0.25293768320834237,1.19200000874926e-06
125,7.624109676918067e-15,0.26234733421573675,1.4016565685892601e-15,0.0014968504001721672,0.13403006348858248,0.2623473342157368,1.0907084361594056e-06
126,5.003159345151609e-15,0.26765956846375083,3.0531133177191805e-16,0.0014892993024316903,0.1319999919769267,0.2676595684637508,1.1105511979184473e-06
127,4.302439481074227e-15,0.2675065329250633,6.938893903907228e-16,0.0014823859688058438,0.12949252608734452,0.26750653292506327,1.2144948351939604e-06
128,5.003918286672349e-15,0.26746272621235057,2.636779683484747e-16,0.0014793032901816439,0.12716389546617174,0.2674627262123505,1.1605303143507735e-06
129,3.751447937017094e-15,0.259278831158836,2.636779683484747e-16,0.0014696434809394199,0.12565286179638796,0.259278831158836,1.087390739088673e-06
130,7.494330676871552e-15,0.25259121533425777,2.914335439641036e-16,0.001464507005679072,0.12282834695004977,0.25259121533425777,1.126824436684492e-06
131,1.2079530084529999e-14,0.24164837991241953,2.636779683484747e-16,0.0014593884853269512,0.12030601144816565,0.2416483799124195,1.1427502563703699e-06
132,3.3772897672923463e-15,0.2535984824611577,3.191891195797325e-16,0.0014540479684274632,0.11901872278287234,0.2535984824611577,1.1594187968935063e-06
133,2.899156609226239e-15,0.2483386198000506,8.326672684688674e-17,0.0014455454427664272,0.11590906424023592,0.24833861980005056,1.080275990543284e-06
134,2.392617354241011e-15,0.2327223912710627,8.326672684688674e-17,0.00144310251398716,0.11280523046232485,0.2327223912710627,9.327928809432208e-07
135,3.979238813456298e-15,0.22186475871896386,5.828670879282072e-16,0.001438974947807703,0.10977810392310913,0.22186475871896383,1.0867087130662954e-06
136,6.422813669804128e-15,0.21537200137867635,1.5265566588595902e-16,0.001431500625056481,0.10564386916124079,0.2153720013786764,1.030599340647381e-06
137,7.54463765767488e-15,0.21782544087259792,1.249000902703301e-16,0.001421516542340573,0.10258395735095668,0.21782544087259792,1.01193380086755e-06
138,8.567365566980456e-15,0.22317721173638919,2.7755575615628914e-16,0.0014140647839635534,0.09562474752839192,0.22317721173638919,1.1181209062711278e-06
139,5.711251784001892e-15,0.22721991504404981,3.191891195797325e-16,0.0014064836272089654,0.09281272706938154,0.22721991504404981,1.1124457344096434e-06
140,9.881852280901882e-15,0.23472471735671013,3.0531133177191805e-16,0.0014013247692362674,0.09095761888509582,0.23472471735671016,1.0780182272938004e-06
141,3.58046925441613e-15,0.236946020447596,4.163336342344337e-16,0.0013964690019945825,0.08885508593238699,0.236946020447596,1.096870849265914e-06
142,3.649641353020705e-15,0.22328562161202611,1.0685896612017132e-15,0.0013879982841977223,0.08707022423865726,0.22328562161202614,9.172269784588836e-07
143,8.839175051622572e-15,0.1997467579966613,2.373101715136272e-15,0.0013859336299457126,0.08495782981385647,0.1997467579966613,1.0415217285565112e-06
144,4.4977042923388666e-15,0.19131188335905466,1.8318679906315083e-15,0.0013847525833535768,0.08342659832749837,0.19131188335905466,1.0931757321190905e-06
145,3.800779135865184e-15,0.18091789209650683,6.106226635438361e-16,0.001382256421509076,0.08216722236187418,0.18091789209650683,9.381160720598246e-07
146,2.0083761043121484e-15,0.17174454764212616,2.2898349882893854e-15,0.0013793412848246978,0.08043350041610997,0.17174454764212616,9.155048768332881e-07
147,2.910432311820088e-15,0.1939532811253469,6.938893903907228e-16,0.0013709267423716587,0.08120432215753384,0.19395328112534693,1.0096364716132412e-06
148,3.0533301581536776e-15,0.18945776202971285,6.245004513516506e-16,0.0013666144084199527,0.08026636536614909,0.18945776202971285,9.25626800914134e-07
149,5.436081272625071e-15,0.18794913363282476,3.608224830031759e-16,0.0013621637842798906,0.07787213326997097,0.18794913363282473,1.1675286693060923e-06
150,6.0687132402703625e-15,0.18456337513400953,1.249000902703301e-16,0.001351275327680368,0.0766070027621116,0.18456337513400953,9.84806923047241e-07
151,7.0198838061918956e-15,0.17296781855922388,7.355227538141662e-16,0.0013475451900622493,0.07481706388604123,0.17296781855922388,9.001371884230605e-07
152,1.0359768598533492e-14,0.1764422433103311,6.522560269672795e-16,0.0013436878383693562,0.07358787026830112,0.1764422433103311,1.0195556135253167e-06
153,4.345482307321902e-16,0.17134398457421893,5.551115123125783e-17,0.001336979278620809,0.07161139614390986,0.17134398457421893,9.104492956954738e-07
154,2.5963497844727623e-14,0.15807789211778708,1.429412144204889e-15,0.001335902979551773,0.06944478705923832,0.15807789211778708,9.437058020709554e-07
155,1.801510329801914e-15,0.17071466032591595,6.938893903907228e-17,0.0013300056446490238,0.06825135863539118,0.17071466032591595,1.112360850377167e-06
156,5.637851296924623e-15,0.1687132115305127,3.7470027081099033e-16,0.0013228831353135906,0.06665103869284378,0.16871321153051266,9.801026067256422e-07
157,1.2681912811562945e-15,0.14456087717879995,2.5673907444456745e-15,0.0013189230384426098,0.06368550909766293,0.14456087717879995,1.059216050788994e-06
158,8.553270938738144e-16,0.1788582305481823,1.3877787807814457e-17,0.0013052905217677546,0.06523409021038316,0.17885823054818234,1.03012268722468e-06
159,1.4296289846393861e-15,0.18107990456914588,7.494005416219807e-16,0.0012986932818587205,0.0649954899220994,0.18107990456914588,9.813671489376925e-07
160,1.1369486081769242e-15,0.17838947096318422,1.8041124150158794e-16,0.0012936783734789348,0.06537324048012041,0.17838947096318425,1.0096036854370186e-06
161,3.4371919373221704e-16,0.17907979659519685,3.3306690738754696e-16,0.0012888792396604787,0.06513074596828128,0.17907979659519685,9.165935761507485e-07
162,2.7466093635575284e-15,0.15582809523862534,3.0531133177191805e-16,0.0012846595482080558,0.06412440449730122,0.1558280952386253,8.181278678701989e-07
163,1.83100062889352e-15,0.15806973948038416,0.0,0.0012780403113517025,0.06419596525579378,0.15806973948038422,1.048452818682355e-06
164,7.612183453020727e-16,0.1645109728359162,8.326672684688674e-17,0.00127080755930975,0.06298401373477666,0.16451097283591623,9.305892248581238e-07
165,3.1758450036445396e-15,0.1607709281059779,1.3877787807814457e-17,0.0012699420945581075,0.06135109210530043,0.16077092810597787,8.901855898708858e-07
166,8.771195575407731e-16,0.17391979015769493,1.6653345369377348e-16,0.0012610590975109526,0.061853903179510235,0.1739197901576949,9.906889181332554e-07
167,1.706534219492184e-15,0.17076198389762473,2.7755575615628914e-16,0.0012500922955804294,0.06112059808283399,0.1707619838976247,9.024169620810222e-07
168,2.407579344221311e-15,0.13629783216745583,3.608224830031759e-16,0.0012471274845020641,0.0605578121082833,0.13629783216745583,9.044181980937962e-07
169,3.5019730171281793e-16,0.13405802030857827,4.163336342344337e-17,0.0012397922028473118,0.061173540126444784,0.13405802030857827,8.004607504429849e-07
170,7.79216101365332e-16,0.1319764817610001,2.0816681711721685e-16,0.0012338075628295364,0.06057045648702925,0.13197648176100013,6.636424981730515e-07
171,7.184736746518317e-16,0.1423037894936942,2.636779683484747e-16,0.001228565454560182,0.060048565837108776,0.14230378949369418,9.637565684362406e-07
172,9.83073214846919e-16,0.15582772414331125,2.220446049250313e-16,0.0012224686444713972,0.059477539633005026,0.15582772414331125,8.578411678905908e-07
173,8.81835836991085e-16,0.14528649369909055,5.273559366969494e-16,0.0012193024505515737,0.05813145923890218,0.14528649369909055,7.669085372040298e-07
174,1.1157253506505205e-15,0.14148278552011717,1.8041124150158794e-16,0.0012105482205256868,0.058564457866264595,0.14148278552011717,8.557517388646752e-07
175,2.356567632005868e-15,0.14321460107505835,5.828670879282072e-16,0.001203795763661808,0.0579032798997708,0.14321460107505835,7.872855548347786e-07
176,3.561170455745888e-15,0.1448879590884078,8.604228440844963e-16,0.0012020243129853836,0.05811270632554398,0.14488795908840782,7.908621473184684e-07
177,3.513736610699647e-15,0.16270183061279944,8.465450562766819e-16,0.0011948369875847131,0.05876429560762873,0.16270183061279941,7.327223120751598e-07
178,4.1793825344971225e-15,0.15160604698814825,4.579669976578771e-16,0.0011899001110192153,0.05787361319487469,0.15160604698814828,6.967742039256037e-07
179,9.245750866304636e-15,0.12434935792002848,6.938893903907228e-16,0.0011879331972508012,0.05737156071258302,0.12434935792002849,8.758455837453134e-07
180,5.04831636563563e-16,0.12582772140823484,9.71445146547012e-17,0.0011811871486333558,0.057633277715403025,0.1258277214082349,7.823984333052239e-07
181,1.4124796167760967e-14,0.11881148559019962,1.1518563880486e-15,0.001175429733905109,0.056741546916204366,0.1188114855901996,6.636492014588872e-07
182,4.4785952290488096e-15,0.13064163202274567,3.608224830031759e-16,0.0011711952020014293,0.057323271987926916,0.13064163202274565,7.752870212863149e-07
183,4.62721224184226e-15,0.14013994831916615,2.0122792321330962e-15,0.0011677752209390269,0.0571518102328881,0.14013994831916615,7.502139576125012e-07
184,5.401928904191777e-15,0.13411228238291958,4.649058915617843e-15,0.0011644240974851838,0.05738843467612169,0.13411228238291958,7.083766585385414e-07
185,2.041986371659199e-15,0.1297966265997951,2.373101715136272e-15,0.001156391703204085,0.0585259639235936,0.12979662659979507,7.121512460549776e-07
186,6.771276248040969e-15,0.11980147898870047,5.10702591327572e-15,0.0011523177826922582,0.05791592281241765,0.11980147898870049,6.03428907900406e-07
187,1.7129093282663987e-14,0.11829157266033147,1.2795320358804929e-14,0.001149523078716408,0.05751443049624735,0.11829157266033147,7.856823278615765e-07
188,3.0891088298456992e-15,0.1336123241111257,2.6367796834847468e-15,0.0011437863738215093,0.05737824755456091,0.1336123241111257,7.374494239934975e-07
189,8.443332838448114e-15,0.1370037144353949,6.00908212078366e-15,0.001141594180724237,0.056590998415035065,0.13700371443539489,6.6394432678494e-07
190,1.3086320221900039e-15,0.12228106700777013,3.7470027081099033e-16,0.001138870369807421,0.05599339953386184,0.12228106700777008,7.768004268379151e-07
191,1.6425662913155392e-15,0.12617834182209134,1.1796119636642288e-15,0.0011333667637431488,0.05580799958566695,0.12617834182209134,7.369835479972534e-07
192,6.459134442582393e-16,0.12163835069797407,9.298117831235686e-16,0.0011280573733828403,0.055164809080265456,0.12163835069797407,6.809303358299281e-07
193,6.923172972406189e-16,0.12068576673097184,3.0531133177191805e-16,0.00112443231128867,0.05453436331146018,0.12068576673097184,7.30295293222201e-07
194,1.1762238318752116e-15,0.13482255762263917,2.7755575615628914e-16,0.0011208050101749745,0.054024824226945725,0.1348225576226392,6.697066512596519e-07
195,3.054576990652036e-15,0.11838347172026384,1.1102230246251565e-16,0.0011186313137660497,0.052410088627901266,0.11838347172026384,7.000611679221343e-07
196,3.0107481178293094e-15,0.12605333713974892,2.3592239273284576e-16,0.0011150125459063465,0.05271178049340379,0.12605333713974892,6.23299295654023e-07
197,3.057775387060868e-15,0.12048509037241438,4.3021142204224816e-16,0.0011116965221125708,0.05212093910766674,0.12048509037241437,5.851482532008937e-07
198,4.366678459793993e-15,0.0977147524458194,1.8041124150158794e-16,0.0011103640700944606,0.05046781028826386,0.09771475244581941,6.949972845698619e-07
199,4.011791983685176e-15,0.0983466440225227,2.7755575615628914e-16,0.0011078547071463052,0.04974635668318314,0.09834664402252269,6.943080347911915e-07
200,6.422949195075689e-15,0.09888822147320207,4.3021142204224816e-16,0.0011052985653522418,0.04897920638237964,0.09888822147320207,5.81298331714251e-07
201,4.133520782600986e-15,0.0971510465950873,1.096345236817342e-15,0.001103858069860686,0.04849138381724055,0.0971510465950873,6.695367348182019e-07
202,1.0213184464813452e-15,0.09689014010409225,6.938893903907228e-17,0.0011035411245208238,0.04803087226395886,0.09689014010409223,6.630701682585602e-07
203,6.2213689061563215e-15,0.08703594374297796,3.608224830031759e-16,0.0011022232885771754,0.047402922443197146,0.08703594374297796,6.385015680932801e-07
204,2.4212402915946285e-15,0.08844357304307289,8.465450562766819e-16,0.0010983861934514838,0.047885527624727274,0.08844357304307288,5.938576504757215e-07
205,9.939965517347105e-16,0.09501352802325834,4.996003610813204e-16,0.0010971012619381826,0.04743801439224521,0.09501352802325833,5.373381750626474e-07
206,8.799818512761348e-15,0.10437961383345767,5.689893001203927e-15,0.0010964814877660878,0.0483824082967759,0.10437961383345767,7.811431702369749e-07
207,3.488745750623856e-15,0.1186939377592062,1.5959455978986625e-15,0.0010923765382281347,0.049533095969672564,0.11869393775920621,7.878078042857645e-07
208,3.047692306856753e-15,0.1203842403962322,1.5543122344752192e-15,0.001088188892098274,0.04980165248299237,0.12038424039623219,6.210776637393753e-07
209,1.5118115093137874e-15,0.09289063962945354,6.106226635438361e-16,0.0010844045659749169,0.0489905532048388,0.09289063962945354,8.345591444017231e-07
210,2.0190012856025064e-15,0.08996967980773143,5.828670879282072e-16,0.0010833709287686455,0.04807875669416687,0.08996967980773143,8.911378929082775e-07
211,1.5102936262723077e-15,0.10053792199984855,3.608224830031759e-16,0.001081444443756685,0.047576653536737415,0.10053792199984854,7.90448476809599e-07
212,1.2084517414523432e-15,0.10374096057690349,2.914335439641036e-16,0.0010800288280163328,0.04694756443098569,0.10374096057690349,7.240401580231142e-07
213,1.5467228192678206e-15,0.11164668175117694,1.1102230246251565e-16,0.0010793541460802913,0.04634167547844903,0.11164668175117692,7.075679381275701e-07
214,2.6130898660159385e-15,0.09070735749293912,3.608224830031759e-16,0.0010789143720112415,0.04599385461074148,0.09070735749293915,7.563845887396516e-07
215,4.331170838645093e-15,0.10067184417362646,6.938893903907228e-17,0.0010762735796747691,0.04758985816980794,0.10067184417362646,7.052723350257665e-07
216,5.3097717195305094e-15,0.09540395978826441,6.245004513516506e-16,0.0010729060410345492,0.046692766308704406,0.0954039597882644,6.00841566107782e-07
217,1.5283564344659162e-14,0.09019464170779234,1.9845236565174673e-15,0.001073019103543571,0.04634473374677803,0.09019464170779234,7.211259022726277e-07
218,1.7539138544298005e-14,0.08460319765766125,2.373101715136272e-15,0.0010727033753937243,0.04753901839350922,0.08460319765766125,8.870727149992028e-07
219,2.1273130826338082e-14,0.0893918749408165,1.9845236565174673e-15,0.0010693739409442515,0.04794207598481834,0.0893918749408165,7.841646656998905e-07
220,4.178948853628128e-15,0.09627217821298234,7.632783294297951e-16,0.0010672504677171069,0.048336350170106526,0.09627217821298234,6.381796116301533e-07
221,6.039873462482248e-15,0.10364410320969744,5.551115123125783e-16,0.0010669217217088023,0.04842670353398633,0.10364410320969744,7.235222440925041e-07
222,2.879857810555997e-15,0.10283628694559688,8.049116928532385e-16,0.0010667606821317954,0.05017824347147806,0.10283628694559685,8.468791862700185e-07
223,6.872757571385613e-16,0.09680813388951792,4.440892098500626e-16,0.0010622881023012454,0.051010894190967083,0.09680813388951794,8.249788350660919e-07
224,3.9107172361552145e-15,0.096857546251091,1.1102230246251565e-16,0.0010597914982887757,0.050182145389288724,0.09685754625109098,6.325283307361045e-07
225,1.3984039620718036e-14,0.10077944959845614,3.7470027081099033e-16,0.001059222003072291,0.05006182791498192,0.10077944959845614,7.388932812447596e-07
226,4.36131165904019e-15,0.11874990846960011,9.71445146547012e-17,0.0010579376920943906,0.0501611764898746,0.11874990846960011,9.946881816621267e-07
227,3.569410392256778e-15,0.13926914174209679,1.3877787807814457e-17,0.0010531761149804586,0.05038449219829973,0.13926914174209679,8.7106186585082e-07
228,6.6123322095545944e-15,0.13181435448334594,2.0816681711721685e-16,0.001046096461125523,0.04791622181518805,0.13181435448334594,7.357945258381505e-07
229,4.877175052708793e-15,0.11601107853933075,3.3306690738754696e-16,0.001046733424566737,0.04662447999560831,0.11601107853933075,8.049024484253671e-07
230,3.693117860137374e-15,0.09294975477821482,2.220446049250313e-16,0.001046642357920624,0.045827446862224994,0.09294975477821482,8.429600591787344e-07
231,1.2931279311234611e-15,0.06139994324467475,4.440892098500626e-16,0.001042103831044694,0.045459627965537854,0.06139994324467475,7.705291849745126e-07
232,4.362395861212676e-15,0.07072304485020489,3.469446951953614e-16,0.001038460313659062,0.046003871777059724,0.07072304485020488,6.690471934310435e-07
233,1.4144067861376897e-14,0.1117396891399661,1.0547118733938987e-15,0.0010359083117032486,0.04846922488177319,0.1117396891399661,7.169325401396077e-07
234,3.291312535014246e-14,0.16608897652173701,2.220446049250313e-15,0.0010323101988748418,0.05416164679520266,0.16608897652173704,1.105663063810839e-06
235,1.3479451929643282e-14,0.1717239024179335,1.9012569296705806e-15,0.0010197256807695232,0.056964231622123745,0.17172390241793348,1.182429584794608e-06
236,2.6276723852358685e-15,0.16703582187803578,3.469446951953614e-16,0.0010130515996263911,0.05907971902663392,0.16703582187803578,9.7966727393024e-07
237,3.0485596685947414e-15,0.16472976284302412,6.245004513516506e-16,0.0010077854307865008,0.0586347106028145,0.16472976284302415,1.0370966028416225e-06
238,3.0746347308430177e-15,0.16288784033730846,7.216449660063518e-16,0.0010024416457637408,0.05858367382993475,0.16288784033730846,1.1437286941302767e-06
239,5.758956679591254e-15,0.1404462785308384,4.579669976578771e-16,0.0009932141493991797,0.05887687615548806,0.1404462785308384,9.735776061594164e-07
240,5.676286263939234e-15,0.12795530843317887,8.326672684688674e-17,0.00098213420357951,0.0581520810492156,0.12795530843317884,8.458668244369576e-07
241,1.6829717957786428e-14,0.10893341100713101,2.7755575615628914e-16,0.0009778013152650367,0.05667311301602225,0.108933411007131,8.718011174806087e-07
242,6.901272088521981e-15,0.09615260874723852,6.938893903907228e-17,0.0009653557747581476,0.05617616386360193,0.09615260874723852,8.857825669544391e-07
243,4.880617394606435e-15,0.09381146306654263,6.938893903907228e-17,0.0009468764510311423,0.05593309132532811,0.09381146306654263,8.053270149305662e-07
244,2.1375262670986217e-14,0.08438271482630685,1.304512053934559e-15,0.0009382679977376629,0.05500917855462242,0.08438271482630685,8.015382073700343e-07
245,7.07244050650313e-15,0.09581734938600647,1.942890293094024e-16,0.0009326608255794122,0.05459980785684024,0.09581734938600649,1.0120026668424644e-06
246,5.471290738176537e-16,0.12450315384557181,5.551115123125783e-16,0.0009200205169906939,0.057299101963056195,0.12450315384557181,1.0604966812177751e-06
247,6.375677980355321e-15,0.13869027551631768,3.7470027081099033e-16,0.0008973681242022136,0.059090550384541356,0.13869027551631768,8.53126953239973e-07
248,1.0067901373700394e-15,0.1407776865078273,1.3877787807814457e-17,0.0008785174942860796,0.058935497752109205,0.14077768650782727,8.191243205977531e-07
249,4.2341347442076405e-15,0.12939589703796392,2.8727020762175925e-15,0.0008669133814903085,0.058369188413234734,0.12939589703796392,9.407588985719787e-07
250,4.314257284754319e-15,0.11671304389810835,2.0816681711721685e-16,0.000847717337089382,0.05920856463454699,0.11671304389810838,9.833739940905515e-07
251,8.49082089360298e-15,0.1046710916301559,6.938893903907228e-17,0.0008321918816194263,0.059767161268332716,0.1046710916301559,8.996179088095352e-07
252,3.321583459670041e-14,0.10008975273686409,7.355227538141662e-16,0.0008315704040440242,0.05722335536803734,0.10008975273686407,7.961733536698258e-07
253,2.9646424204443633e-14,0.11646022076778187,1.609823385706477e-15,0.0008290967402082017,0.057474713391774915,0.11646022076778186,8.561762986867282e-07
254,7.627145443001027e-15,0.11709587171509753,2.7755575615628914e-17,0.0008225872543530244,0.0579545469356316,0.11709587171509754,8.613685995036247e-07
255,2.9472951856845953e-15,0.10411110908508792,2.636779683484747e-16,0.0008177482611264608,0.05771216064294951,0.10411110908508792,7.256988696096153e-07
256,5.869436880967527e-15,0.08733217712216293,6.938893903907228e-17,0.0008134273842004269,0.056917730820984225,0.08733217712216292,7.937803397861371e-07
257,6.9627463517019095e-15,0.08430895832324099,2.220446049250313e-16,0.0008118202168855837,0.056497700660481105,0.084308958323241,8.555626294225286e-07
258,5.25702528383909e-16,0.07966332324252004,6.938893903907228e-17,0.0008087170363554885,0.055794650992249645,0.07966332324252003,8.093827172620049e-07
259,8.59975610688346e-16,0.0802641598639055,5.412337245047638e-16,0.0008072208800761205,0.05499410891558227,0.08026415986390552,7.345914717346863e-07
260,1.3379054808471125e-15,0.0872685401079966,1.3877787807814457e-16,0.0008038809261289304,0.05458103925783137,0.08726854010799662,7.561489278477438e-07
261,3.688672631230183e-15,0.11697514434454999,2.220446049250313e-16,0.0008020582241403118,0.0556328532749851,0.11697514434454998,8.922348820141033e-07
262,1.6466862595709841e-15,0.13630094061575418,4.0245584642661925e-16,0.0007992046178284529,0.05567503669444037,0.13630094061575418,9.003198351542514e-07
263,3.0986091513821035e-15,0.13463276931236662,5.551115123125783e-16,0.0007976851941798868,0.05517139131470461,0.1346327693123666,8.148810824825636e-07
264,1.2613065973610116e-15,0.11934692174444829,1.5265566588595902e-16,0.0007963276937885677,0.054713263219505745,0.11934692174444829,8.892575005585138e-07
265,5.0285296759877696e-15,0.10310276631428876,2.220446049250313e-16,0.0007929575785706189,0.054666670938982885,0.10310276631428877,9.754297530539863e-07
266,3.503057219300665e-15,0.08946159229785632,2.636779683484747e-16,0.0007919295485691313,0.05438572549112732,0.08946159229785632,7.880404351492756e-07
267,6.0913730656753096e-15,0.08330895839678873,6.661338147750939e-16,0.0007992724603481383,0.053718397745632564,0.08330895839678873,5.843055850555907e-07
268,7.209727606594107e-15,0.07508119941964522,4.3021142204224816e-16,0.0007951198038101959,0.05274537698688135,0.07508119941964522,6.570844258509537e-07
269,1.3072225593657727e-15,0.07349397506013108,2.914335439641036e-16,0.000791067741599677,0.05207868960541015,0.0734939750601311,7.31557496305741e-07
270,1.618280162651864e-15,0.07638761496518065,1.1102230246251565e-16,0.0007809095051051762,0.05190787504992175,0.07638761496518065,7.023924028337928e-07
271,2.3300588888885976e-15,0.07540185346306866,6.938893903907228e-16,0.0007699023502620861,0.05091311434750294,0.07540185346306866,6.334632103587511e-07
272,4.446529949797551e-15,0.07658851092029634,1.2073675392798577e-15,0.0007639591171898219,0.049864297091562565,0.07658851092029634,7.247688626371394e-07
273,1.0827927096612733e-15,0.08004070645807274,1.8041124150158794e-16,0.0007574341532051165,0.04964838271019583,0.08004070645807276,7.786137477813473e-07
274,4.666406150377611e-16,0.07771173392610518,1.6653345369377348e-16,0.000749611191040167,0.04935078704436314,0.07771173392610518,6.695494575387367e-07
275,1.3535179921309037e-15,0.07937474661205464,2.7755575615628914e-17,0.0007443845419402018,0.04808073174656394,0.07937474661205465,6.569571877870605e-07
276,2.90880600856136e-15,0.08718565936126618,1.5265566588595902e-16,0.0007378039658033075,0.047701538766430795,0.08718565936126618,7.060792691945179e-07
277,1.322835070649564e-15,0.08623420241845335,9.853229343548264e-16,0.0007367336344088204,0.04817877151032415,0.08623420241845334,8.066129101895531e-07
278,4.687222832089333e-15,0.08082616601880338,6.938893903907228e-17,0.0007312875864401991,0.048063709565154544,0.08082616601880338,7.39561935365631e-07
279,5.577542551080117e-15,0.07443769177433177,1.6653345369377348e-16,0.0007307311792132121,0.046966718594704124,0.07443769177433177,6.003760469025913e-07
280,7.253963055231516e-15,0.06854684561808284,6.938893903907228e-17,0.000733869593316977,0.046128775936889854,0.06854684561808286,6.583610042213939e-07
281,5.498937893574918e-15,0.06262726354273698,2.0816681711721685e-16,0.0007371065281371048,0.04538421225979604,0.06262726354273698,6.617134922685323e-07
282,3.81454850345575e-15,0.05953742345051541,2.636779683484747e-16,0.0007350915366957367,0.04500903601411792,0.05953742345051542,5.605439729278764e-07
283,5.166060721567556e-15,0.05673396993917856,1.6653345369377348e-16,0.0007367529559380026,0.044982513577826906,0.05673396993917856,5.306657856119228e-07
284,4.3095681103583194e-15,0.05670477115230596,1.249000902703301e-16,0.0007365255687713235,0.04516231670349723,0.05670477115230596,6.053319850165876e-07
285,5.853715949466487e-15,0.05675197765708895,2.3592239273284576e-16,0.0007325104906306945,0.04497746577094271,0.05675197765708894,6.113682786177701e-07
286,1.8419510708356235e-15,0.05930278449827081,3.0531133177191805e-16,0.0007299502624350529,0.04490918174245194,0.05930278449827081,5.677383211465479e-07
287,2.0614206956010017e-15,0.061012401972989676,1.3877787807814457e-16,0.0007241803561306437,0.04476280890338726,0.06101240197298967,5.093150415046896e-07
288,4.0592529337857286e-16,0.05918057695420428,1.3877787807814457e-15,0.0007255405841413987,0.04430748479369721,0.05918057695420427,4.912263468148991e-07
289,7.188260403578894e-16,0.05136535496991518,1.0130785099704553e-15,0.0007291834982384726,0.04379625767487305,0.05136535496991518,5.311226129488999e-07
290,5.882880987906347e-16,0.04977550664428829,3.469446951953614e-16,0.0007285674697059263,0.04383327649687483,0.0497755066442883,4.89517073590265e-07
291,6.815836957330124e-16,0.05452784004696691,9.43689570931383e-16,0.000732304764406555,0.04370097876630565,0.05452784004696691,5.196229990696699e-07
292,8.154826640349722e-16,0.05330250857144221,3.191891195797325e-16,0.0007302147898825273,0.04395584157212985,0.05330250857144222,5.363613405455405e-07
293,7.570441669380035e-16,0.04339387047350473,1.2490009027033011e-15,0.0007305177081350089,0.04339387047350472,0.04225618374304109,4.808902396448303e-07
294,9.589226114548044e-16,0.04346535038311229,2.498001805406602e-16,0.0007267374546661431,0.04346535038311228,0.04069134259277471,4.2874259847276097e-07
295,1.8694898060167553e-15,0.04368947057024228,4.579669976578771e-16,0.0007260101216247095,0.04368947057024228,0.042229517886863174,4.2839432465465403e-07
296,8.857389648120328e-16,0.04983509693187223,1.5265566588595902e-16,0.0007258310883484775,0.04430149439732748,0.04983509693187223,4.348526954415703e-07
297,6.623391071713947e-16,0.06107881385657518,1.1102230246251565e-16,0.000720021683833505,0.04503513211563193,0.06107881385657519,4.48571249546791e-07
298,4.029518689205314e-15,0.10555490381780977,3.0531133177191805e-15,0.0007091379427136557,0.04994797030489509,0.10555490381780976,8.065576301346468e-07
299,7.748250825667657e-15,0.12196529985687277,4.676814491233472e-15,0.0006924090583175224,0.051852489904196365,0.12196529985687278,8.126513215188887e-07
300,9.128819662002075e-15,0.12556421956825903,3.95516952522712e-15,0.0006796568509391809,0.05190561672314804,0.125564219568259,6.894646367531263e-07
301,2.383916631806815e-15,0.11799190075146172,1.8318679906315083e-15,0.0006800014984185698,0.05200203665937286,0.11799190075146174,6.629451781962209e-07
302,2.3199487036301703e-15,0.10350125985681105,3.0808688933348094e-15,0.0006843420676882483,0.05233702258470836,0.10350125985681108,6.851873577747312e-07
303,2.4690536074012392e-15,0.10837093364857017,4.440892098500626e-16,0.0006912274872349911,0.053957811415015024,0.10837093364857017,6.965421829711767e-07
304,1.4290326734445191e-15,0.10315874890300662,4.3021142204224816e-16,0.0006882100059079632,0.053420826916836875,0.10315874890300661,6.745527632209644e-07
305,1.1549192591858715e-14,0.09828381564789682,3.3306690738754696e-16,0.0006878531421748435,0.05258932910064906,0.09828381564789679,6.654952513254734e-07
306,1.3027773304585821e-15,0.11701941023546043,3.885780586188048e-16,0.000689554263996861,0.052700395367092576,0.11701941023546045,8.716184116109708e-07
307,7.925951561738032e-15,0.12205193535359721,1.0269562977782698e-15,0.0006953185609239187,0.0496724281147796,0.12205193535359721,8.960576015400342e-07
308,2.8642452992722056e-15,0.11550678567133664,1.1102230246251565e-16,0.000702896110460205,0.0466725248566653,0.11550678567133663,7.85259952178127e-07
309,3.181656327289062e-14,0.10205722286251817,5.273559366969494e-16,0.0007072451314861228,0.045992285481906564,0.10205722286251816,8.061444273762983e-07
310,2.7422725548675864e-15,0.09957736571039386,3.7470027081099033e-16,0.0007142063112877683,0.04573972917972528,0.09957736571039386,9.019111318510121e-07
311,2.6871408743966985e-15,0.09207638000832276,4.440892098500626e-16,0.0007159759884895478,0.04508751421076884,0.09207638000832276,9.294211937646107e-07
312,3.92752236982874e-15,0.08980968177396234,3.191891195797325e-16,0.0007155233770617664,0.04486882358985761,0.08980968177396234,8.636162513354676e-07
313,6.080422623733206e-15,0.10728544022616218,2.5951463200613034e-15,0.0007162399018109666,0.043901080713091206,0.10728544022616218,8.012847018459244e-07
314,1.503463152585649e-14,0.1274237993241071,1.9290125052862095e-15,0.0007191982469607616,0.04550951913799654,0.12742379932410708,8.26832934544238e-07
315,6.00908212078366e-15,0.1345639899878811,5.828670879282072e-16,0.0007198927566016144,0.046404590943418283,0.13456398998788108,7.668995593723329e-07
316,4.562756422687997e-15,0.12461858717724168,1.5265566588595902e-16,0.0007167653094337645,0.04516639381089188,0.12461858717724168,6.253209360038156e-07
317,4.97540376953598e-16,0.11039109859474129,4.0245584642661925e-16,0.0007138364668183295,0.044244862102137406,0.11039109859474128,5.909311901645323e-07
318,5.270266102870569e-15,0.07812116819736623,1.915134717478395e-15,0.0007167085064049838,0.04577636122148548,0.07812116819736623,6.925691374455323e-07
319,6.149621827392093e-15,0.08033504115566845,3.7470027081099033e-16,0.0007192452876251254,0.04576510485543456,0.08033504115566845,7.137076882409596e-07
320,2.638099699629748e-14,0.06977307022328517,4.871103520542874e-15,0.0007210350565354795,0.04692827188545126,0.06977307022328516,6.585408560726419e-07
321,2.4899922618573656e-15,0.07701236414774633,7.077671781985373e-16,0.0007322395088965039,0.0471968885757975,0.07701236414774634,7.465003121883785e-07
322,3.1249959217549694e-15,0.08876903965860816,3.3306690738754696e-16,0.0007366905551975389,0.04799738891388981,0.08876903965860818,7.880676520353573e-07
323,4.5885062242845276e-15,0.09211597809796188,6.661338147750939e-16,0.0007381822220077217,0.04936609855767539,0.09211597809796188,7.501471567896234e-07
324,4.6129766673175254e-14,0.10270549701840148,1.1796119636642288e-15,0.0007444661284514709,0.05127796194778235,0.10270549701840148,7.852175458225617e-07
325,7.378212624198355e-15,0.10206594431555813,7.494005416219807e-16,0.0007535743369371239,0.05133478000322955,0.10206594431555813,7.666821037382366e-07
326,3.2825304974171132e-15,0.09174611633233765,2.914335439641036e-16,0.0007561403056345339,0.051582966646027316,0.09174611633233765,7.438849521509355e-07
327,7.990298960675046e-15,0.07650860381442104,4.163336342344337e-16,0.0007646746712591801,0.05365004828642476,0.07650860381442105,6.843250470473655e-07
328,1.7786932950819567e-14,0.07850620880349336,7.077671781985373e-16,0.0007817433532606444,0.05339879296814792,0.07850620880349336,6.271857412192218e-07
329,9.174919938376158e-14,0.09241243610001884,1.2878587085651816e-14,0.0007685629827761664,0.05365102805609176,0.09241243610001884,7.530452047651715e-07
330,2.5118768827089855e-14,0.10967413070159479,1.0408340855860843e-15,0.0007755800667572088,0.0542854659807784,0.1096741307015948,9.337627853552786e-07
331,2.7506697006934866e-14,0.13365553693569665,1.4710455076283324e-15,0.0007654738321564158,0.05615956373244501,0.13365553693569665,8.245575672255395e-07
332,7.499914318059853e-15,0.14552578619858797,4.163336342344337e-16,0.0007271338600495225,0.05794255434206676,0.14552578619858797,7.7446369523123e-07
333,9.575782007609224e-15,0.13234811132844562,5.689893001203927e-16,0.0007098429171015219,0.058095531523235974,0.13234811132844565,8.249535645105589e-07
334,2.2023832410567046e-14,0.11634858980332176,9.020562075079397e-16,0.000672659199801473,0.05862854912249067,0.11634858980332177,1.1677847718619477e-06
335,1.6090969702509117e-14,0.1131807187705633,1.2628786905111156e-15,0.0006377768280582119,0.05848935359929581,0.11318071877056328,8.955460757538875e-07
336,1.984632076734716e-15,0.10943603111960552,2.7755575615628914e-17,0.0006193849895278492,0.057920158772725834,0.10943603111960551,7.651550027706767e-07
337,4.0064522879856845e-15,0.11565997503720085,1.1102230246251565e-16,0.0005974540563207231,0.05801191729128887,0.11565997503720085,8.570004373343997e-07
338,4.9897152382127885e-15,0.11594231237779093,1.1102230246251565e-16,0.0005390237799648423,0.05758752838105697,0.11594231237779092,8.81898818458942e-07
339,9.543798043520901e-15,0.11109457562205348,7.632783294297951e-16,0.0005245305287175928,0.05816556570384557,0.11109457562205347,7.575981200673526e-07
340,1.818640724127185e-15,0.10812409022445921,6.522560269672795e-16,0.00046434008256113213,0.057914163070963476,0.1081240902244592,7.288421992980292e-07
341,1.87043848291768e-15,0.10631441306152858,1.3877787807814457e-17,0.0004414176477445242,0.057354033067425154,0.10631441306152858,7.134115740527908e-07
342,2.984483320200848e-15,0.10151353730198547,2.3592239273284576e-16,0.0004202984209265015,0.05730386412338142,0.10151353730198545,7.054152444403094e-07
343,9.367940451143753e-15,0.09262866209499043,8.326672684688674e-17,0.0003951135986931531,0.05701134261598111,0.09262866209499043,6.441459565482829e-07
344,1.150728817789215e-14,0.08920315756480009,1.8041124150158794e-16,0.00035524217913074363,0.05700395442916735,0.08920315756480007,6.123514206414206e-07
345,5.570522342013273e-15,0.08530042073497429,1.6653345369377348e-16,0.00034282444771349674,0.056922145403657275,0.08530042073497429,5.819553036733025e-07
346,1.1740825325845528e-15,0.081776366430855,4.163336342344337e-17,0.00033443493201978924,0.05652503083904553,0.08177636643085501,5.723669845707984e-07
347,2.0682240642333483e-15,0.0787583869828924,4.85722573273506e-16,0.00032421976456087354,0.056143669854139155,0.07875838698289239,5.205247443822758e-07
348,8.410915193490798e-15,0.07511311607011646,7.632783294297951e-16,0.00031233851064349505,0.0555343289661348,0.07511311607011648,5.675432192310876e-07
349,2.63428601848803e-15,0.07591560195172346,4.440892098500626e-16,0.0003005436331999789,0.055154917864791514,0.07591560195172348,5.138969469994458e-07
350,3.2918546361004886e-15,0.07706968456453142,1.249000902703301e-16,0.0002911022120428708,0.05505529591464876,0.07706968456453142,4.993112325061756e-07
351,3.1500409919393846e-15,0.07484646649802734,2.220446049250313e-16,0.0002817989680324873,0.05472213287041279,0.07484646649802734,4.5700355167569877e-07
352,3.781805597846688e-15,0.0759691793101662,4.440892098500626e-16,0.0002769595853249901,0.05423293929549613,0.0759691793101662,4.921550016464468e-07
353,8.046948524187414e-15,0.07402719482597624,1.6237011735142914e-15,0.00027946633266230647,0.053230922943858436,0.07402719482597624,4.398261078120221e-07
354,3.6056227448177935e-15,0.0751852797072692,4.163336342344337e-17,0.00027677413993450195,0.05263545063990614,0.07518527970726921,4.450483336804823e-07
355,4.829903837988425e-15,0.07725226657795284,4.3021142204224816e-16,0.00028001256727903934,0.05236427230540196,0.07725226657795284,4.2428551061559857e-07
356,4.486753850396763e-15,0.07483055397377615,2.0816681711721685e-16,0.00032009523704938647,0.05195236159746942,0.07483055397377615,4.4982471990265745e-07
357,1.2206815419579797e-14,0.07138986848509027,1.0547118733938987e-15,0.00032817512382954384,0.0512213509640992,0.07138986848509027,4.1514468878353725e-07
358,3.5938049411377015e-15,0.07180148424733847,1.942890293094024e-16,0.00033751036352974717,0.05116736902380424,0.07180148424733847,4.193752995885872e-07
359,7.974523819065382e-15,0.06971927649763633,1.2212453270876722e-15,0.0003338242891897103,0.05088273306673264,0.06971927649763633,3.931669523429999e-07
360,8.715467583741976e-15,0.06656550659985219,2.914335439641036e-16,0.00032488039458639095,0.0503242753194371,0.06656550659985219,4.284814785085962e-07
361,1.242278849233891e-14,0.06755296686822274,2.636779683484747e-16,0.000320546579779854,0.04981553255621629,0.06755296686822274,3.8322251648028736e-07
362,2.3145656398437797e-14,0.06493880369806147,2.0122792321330962e-15,0.0003027347723635193,0.04945985912091141,0.06493880369806149,3.5926939646456697e-07
363,1.780802068307441e-14,0.06322943826191192,4.163336342344337e-17,0.00028059801099289405,0.04927985703172841,0.06322943826191192,3.3342314562986535e-07
364,4.188164572094255e-15,0.06109740456277068,3.885780586188048e-16,0.0002439612916640549,0.048947587022246886,0.06109740456277067,3.6580835050448066e-07
365,1.6642503347652493e-15,0.05847968187515826,5.551115123125783e-17,0.00020740259228724245,0.04748801526874428,0.058479681875158264,3.045913375733235e-07
366,1.128437621122913e-15,0.05791237106152546,1.5265566588595902e-16,0.00020511521312294168,0.046331787998199786,0.05791237106152546,2.977810787949441e-07
367,4.02997947512862e-15,0.054822478110029174,6.938893903907228e-16,0.00020274816263632367,0.04484314062664557,0.054822478110029174,2.941047682338672e-07
368,2.4448758989548125e-15,0.05347979865347413,2.914335439641036e-16,0.0001994630352940563,0.04357786309038181,0.05347979865347413,3.347937785288451e-07
369,4.12495558543835e-15,0.05341716816403444,2.636779683484747e-16,0.0001975587543033841,0.04209681359590263,0.05341716816403444,3.0179807434080743e-07
370,3.1683097985457653e-15,0.05377426083427211,1.3739009929736312e-15,0.00019600927430551973,0.04085851715853583,0.05377426083427211,2.7632072363506364e-07
371,7.05620457897016e-15,0.05072408876289317,4.121702978920894e-15,0.0001933538136532631,0.03929646013045762,0.050724088762893166,2.5968402789154993e-07
372,4.721700461174372e-15,0.05092824173463074,1.6237011735142914e-15,0.0002038857680761591,0.038608976438470166,0.05092824173463074,3.0489167379645646e-07
373,3.3534373194976652e-15,0.049638536270769223,1.1518563880486e-15,0.0001945662346405641,0.0380211917540926,0.049638536270769223,2.757965713978282e-07
374,1.9704290282751558e-15,0.04707863689246649,9.43689570931383e-16,0.00019437736392365068,0.03734995892677269,0.04707863689246648,2.4290168998093956e-07
375,4.6523115221352995e-15,0.04522887495054446,1.3461454173580023e-15,0.00020421670863850216,0.0365017838549814,0.04522887495054446,2.320313512136197e-07
376,8.552620417434653e-15,0.042600108956138506,2.7755575615628914e-15,0.00018273319232287033,0.035838911582943,0.042600108956138506,2.715567367695602e-07
377,4.7555275689559195e-15,0.04099215867751522,2.373101715136272e-15,0.0001876022711699843,0.03527562805011755,0.04099215867751521,2.3806452083087763e-07
378,6.045782364322294e-17,0.040542369869885776,5.551115123125783e-17,0.00018672938149495721,0.03480966953963234,0.04054236986988577,2.1729240381280587e-07
379,1.1470858984896637e-16,0.03893519712428306,1.8041124150158794e-16,0.00018006334445407057,0.033923651419726496,0.03893519712428306,2.08583825248731e-07
380,2.8536201179818477e-16,0.039287552635431156,4.3021142204224816e-16,0.00017506086146379385,0.033218765819051574,0.039287552635431156,2.523968121258918e-07
381,2.942524696125659e-16,0.03999423740673452,1.1102230246251565e-16,0.00017126614977958088,0.032625287200371306,0.03999423740673452,2.2478014519450537e-07
382,9.82287168271867e-17,0.03894364394779912,1.3877787807814457e-16,0.000169586039750369,0.03221063461648798,0.03894364394779912,1.9754277156292367e-07
383,5.551115123125783e-17,0.03742308483424751,5.551115123125783e-17,0.00016845048556912712,0.03167237080263108,0.03742308483424751,1.8852578916624086e-07
384,8.153200337090993e-17,0.03715350248795335,2.914335439641036e-16,0.00016702127607604034,0.03130872706318066,0.03715350248795335,2.2495650655300343e-07
385,1.7694179454963432e-16,0.035002036576928186,1.8041124150158794e-15,0.00016544167189214143,0.030664744567588758,0.03500203657692818,2.1498139893222903e-07
386,1.1102230246251565e-16,0.03583081303038461,3.7470027081099033e-16,0.00016275651142438896,0.030263027066288972,0.03583081303038461,1.7772483832618554e-07
387,7.3075226425523e-17,0.035110916828597925,1.3877787807814457e-16,0.0001606500224343721,0.030013201263713846,0.03511091682859792,1.743121364395605e-07
388,2.8210940528072825e-16,0.033017805070139294,5.689893001203927e-16,0.00015916854450126472,0.029691381404470026,0.0330178050701393,2.0743086099984354e-07
389,7.671814572507429e-16,0.03240526595362588,8.326672684688674e-17,0.00015699895086163096,0.029203254849388783,0.032405265953625875,2.0596681643498617e-07
390,4.947214513051357e-16,0.03166673052208891,3.191891195797325e-16,0.0001544133350452892,0.0290178928140805,0.031666730522088904,1.7054071168832542e-07
391,4.3107878378023656e-16,0.030429457308865968,1.0269562977782698e-15,0.00015381355572241517,0.028916284067520774,0.030429457308865968,1.6181992243785548e-07
392,1.1236671315639768e-15,0.030472411753203456,3.608224830031759e-16,0.00015326312527508268,0.028721017884345786,0.030472411753203456,1.845104954855573e-07
393,1.7908851485115562e-15,0.03074485527578501,5.551115123125783e-17,0.00015144655721333056,0.02824608928585294,0.030744855275785018,2.0047801134986213e-07
394,1.6617566697685326e-15,0.030475383218618538,4.3021142204224816e-16,0.00014973038213517142,0.028026780393664054,0.030475383218618538,1.7125970931446222e-07
395,1.3827914507880124e-15,0.031237253438222205,8.326672684688674e-16,0.00014898739929603,0.02778362326471017,0.031237253438222208,1.6355526387569385e-07
396,2.4143013976907213e-15,0.030888633149245164,2.220446049250313e-16,0.00014797880935668584,0.027572531067411206,0.03088863314924516,1.7192906403573671e-07
397,3.396371725528091e-15,0.029264071648711018,4.718447854656915e-16,0.00014707430530092047,0.02703726327405267,0.02926407164871101,1.9669730844609926e-07
398,4.202801301422809e-15,0.028558711637138842,3.885780586188048e-16,0.0001443306042480108,0.02683186296887738,0.02855871163713884,1.6465377878877397e-07
399,2.761896614189574e-15,0.028508946521965867,6.938893903907228e-17,0.0001422502148475946,0.026695186741220844,0.028508946521965867,1.5501977769594692e-07
400,4.169407874510256e-15,0.0284549693520563,2.7755575615628914e-16,0.00014111059944565962,0.026434645279056274,0.0284549693520563,1.6080995785399606e-07
401,2.0300601477618585e-15,0.02768604773283766,4.0245584642661925e-16,0.0001400171028516084,0.026114447730667144,0.027686047732837657,1.6652695959276007e-07
402,5.3271189542902775e-15,0.027080417677968833,1.790234627208065e-15,0.00013861502508516477,0.025676947950738455,0.02708041767796884,1.5033525936476573e-07
403,1.2747181782346573e-14,0.028390623748340706,2.5118795932144167e-15,0.0001372328091987507,0.025409226858368376,0.028390623748340706,1.6383255541789674e-07
404,9.428222091933947e-16,0.02894273759016398,3.0531133177191805e-16,0.00013613441334647813,0.02513895662119149,0.028942737590163983,1.6655864994758288e-07
405,5.534635250104003e-15,0.02898832782794191,1.887379141862766e-15,0.00013507148262703605,0.02491611858687532,0.02898832782794191,1.5831824927172648e-07
406,1.4445909746196861e-15,0.028010411113757197,6.106226635438361e-16,0.00013409179622048129,0.0247868562549028,0.028010411113757194,1.511367200559601e-07
407,3.6056227448177935e-15,0.026327902286678632,8.049116928532385e-16,0.00013325148518628094,0.024573731182397786,0.026327902286678632,1.7896032339007028e-07
408,1.1145598333150986e-15,0.026319173925586418,2.636779683484747e-16,0.00013230294949539978,0.024425541064610364,0.026319173925586414,1.798999362312433e-07
409,6.83481049534862e-16,0.025629055629040887,4.3021142204224816e-16,0.00013180822943781312,0.02430521950112239,0.025629055629040887,1.5955822979546978e-07
410,3.651592916931179e-16,0.024964615531084946,4.163336342344337e-17,0.00013090812161720145,0.02428995168792368,0.024964615531084946,1.5008674709006638e-07
411,5.733261088103347e-16,0.02524894986175899,1.3183898417423734e-15,0.00013018481490434386,0.024391130404828425,0.025248949861758987,1.688607575372011e-07
412,8.066464163292153e-16,0.024766475166853492,1.0408340855860843e-15,0.00012906135859125367,0.024214871110126414,0.024766475166853492,1.8196564152122323e-07
413,9.939965517347105e-16,0.02523957208384583,1.6653345369377348e-16,0.00012768634022264358,0.024156917873121842,0.025239572083845828,1.6845944431618896e-07
414,1.1136924715771102e-15,0.025249488491245076,3.0531133177191805e-16,0.0001261115398139001,0.024280174305808117,0.025249488491245073,1.554254935318048e-07
415,1.2238474123016374e-15,0.02506659773360692,4.996003610813204e-16,0.00012537195171447024,0.02448917397643047,0.025066597733606918,1.6446004872557427e-07
416,1.6471199404399783e-15,0.024453035264688634,1.942890293094024e-16,0.00012452077221691837,0.024453035264688634,0.024074042151158905,1.77128947154285e-07
417,1.9957993591113166e-15,0.024380488926926458,6.800116025829084e-16,0.00012360869988270462,0.024380488926926458,0.02324752106623354,1.6219171788001692e-07
418,2.056514680770505e-15,0.024468695371173903,1.3877787807814457e-16,0.00012257651024638605,0.024468695371173903,0.022353938791641294,1.4738611243120714e-07
419,2.2360585605341043e-15,0.024676206902339803,5.689893001203927e-16,0.00012196805165543001,0.024676206902339803,0.022733286844295455,1.528587467575749e-07
420,2.942091015256665e-15,0.024559628257337207,9.71445146547012e-16,0.0001234623347350916,0.024559628257337207,0.022656695392549258,1.605192315234301e-07
421,5.934489011316657e-15,0.024126576584807734,1.9567680809018384e-15,0.00012056480582234297,0.024126576584807737,0.02245544446395898,1.563927252469567e-07
422,5.6022894656670985e-15,0.02423281594277038,4.163336342344337e-17,0.0001188495171203785,0.024232815942770377,0.022908676759538154,1.4513810668512331e-07
423,7.043844674203825e-15,0.02428109808458367,1.3739009929736312e-15,0.00011806898471256044,0.02428109808458367,0.022924977949125104,1.4844556683841583e-07
424,2.669739429528306e-15,0.023947129809755666,6.800116025829084e-16,0.0001177763154752709,0.023947129809755663,0.022160513834189682,1.562898062713373e-07
425,2.963775058706375e-15,0.023466671958193477,6.938893903907228e-16,0.00011644183789527585,0.023466671958193477,0.02116062666452538,1.4899621559030854e-07
426,7.216449660063518e-16,0.023306014296397795,3.191891195797325e-16,0.0001161823956959962,0.0233060142963978,0.020708154162233143,1.3301148267300632e-07
427,1.734723475976807e-15,0.02321911409959788,9.298117831235686e-16,0.00011858663336528075,0.023219114099597885,0.02056642455701934,1.381991225698847e-07
428,9.454242944073599e-17,0.02302260537895353,3.469446951953614e-16,0.00012071438544614121,0.02302260537895353,0.020498868963783078,1.4551690374812987e-07
429,1.9992688060632702e-16,0.02237943692693098,1.249000902703301e-16,0.00012108164494706308,0.02237943692693098,0.019940910065044715,1.3863708660675082e-07
430,2.3592239273284576e-16,0.02183250220034591,2.7755575615628914e-16,0.00012028487472726113,0.02183250220034591,0.020077275936047932,1.233970364512568e-07
431,2.8536201179818477e-16,0.021724878441325826,2.55351295663786e-15,0.00012204476592259095,0.02172487844132582,0.020687063782105414,1.2825198686130106e-07
432,4.79217360238593e-16,0.0211877870146986,0.0,0.0001237037632187965,0.021187787014698603,0.02039418724040922,1.3866349090583377e-07
433,5.156465532341059e-16,0.02056043781863415,1.1102230246251565e-16,0.00012344571740530164,0.02056043781863415,0.02014649697396568,1.3674938759205528e-07
434,5.776629175002768e-16,0.0201475551255159,1.304512053934559e-15,0.00012167163841081408,0.02006091701241596,0.020147555125515904,1.1727729673685548e-07
435,4.412702842016003e-16,0.020019709048812936,5.412337245047638e-16,0.0001192812849667435,0.01974340637240541,0.020019709048812933,1.2470572786621027e-07
436,1.0935263111688798e-15,0.019950996809762544,1.4155343563970746e-15,0.00011608778730844149,0.01924364347941255,0.01995099680976254,1.4116882173411549e-07
437,1.0269562977782698e-15,0.019950019625360856,1.3877787807814457e-16,0.00011850254865393428,0.018773201711302923,0.01995001962536086,1.387431434904372e-07
438,1.1470858984896637e-15,0.01980111674739572,1.8041124150158794e-16,0.00011786468276328566,0.01778967482154368,0.01980111674739572,1.1762623675610251e-07
439,1.250735626179278e-15,0.02014765037545173,2.220446049250313e-16,0.00011576296270635056,0.01756115287090336,0.020147650375451725,1.193452436164123e-07
440,1.5699247457590104e-15,0.019818167902167595,2.7755575615628914e-15,0.00012181141234322845,0.01714235209661125,0.019818167902167595,1.2627658275400793e-07
441,2.2343238370581275e-15,0.018977124700065975,1.3877787807814457e-17,0.0001228481070804921,0.016318460668763506,0.018977124700065975,1.2870188924232668e-07
442,4.8845476274816946e-15,0.019213411153550925,1.2628786905111156e-15,0.00012146716545953506,0.01600756287578161,0.01921341115355093,1.1714912332914682e-07
443,9.200973316580985e-15,0.018937195270876183,5.342948306008566e-15,0.00012567392711394787,0.015873956722370165,0.01893719527087618,1.115651080029466e-07
444,1.4795022845737194e-14,0.017973979424671008,5.842548667089886e-15,0.0001267587550963234,0.015309745993864778,0.017973979424671008,1.2909777377977512e-07
445,1.2307863062055446e-14,0.017642366334260015,7.729927808952652e-15,0.0001261974829454282,0.014976444145341375,0.01764236633426002,1.3349263586343517e-07
446,2.850150671029894e-15,0.01726121297189749,1.5265566588595902e-15,0.0001279861419891115,0.014610554093606131,0.01726121297189749,1.2268089298753127e-07
447,1.5300261058115439e-15,0.017165288860495558,3.191891195797325e-16,0.0001346040701711848,0.014373718798102855,0.017165288860495558,1.0765949007000017e-07
448,9.429089453671935e-15,0.017158945057384342,2.1649348980190553e-15,0.0001347940806119552,0.014247341115807551,0.01715894505738434,1.1729688567396825e-07
449,2.7625471354930653e-15,0.0167019906747536,6.800116025829084e-16,0.00013837799340306323,0.013866813320136161,0.0167019906747536,1.2543805124393004e-07
450,1.5655879370690684e-16,0.017016341109332565,2.7755575615628914e-17,0.00013226913449214395,0.013619866670854885,0.017016341109332568,1.2574774113508183e-07
451,2.0187844451680093e-16,0.016754363766436978,1.5265566588595902e-16,0.00013063714270375448,0.013709241461232015,0.016754363766436978,1.1482393513084144e-07
452,2.255140518769849e-16,0.015493472647977262,9.020562075079397e-16,0.0001281865335951704,0.013628623065642984,0.015493472647977262,1.1090236992385137e-07
453,3.7426658994199613e-16,0.014188989366661197,4.579669976578771e-16,0.00011698464644926965,0.013471406631939424,0.014188989366661199,1.1635382323013871e-07
454,8.003580437287994e-16,0.013318870011246677,1.124100812432971e-15,0.00010714096315884991,0.013318870011246677,0.012895546264487249,1.1719382646629292e-07
455,9.269928574751063e-16,0.01320694354132871,8.187894806610529e-16,9.986141779116942e-05,0.013206943541328713,0.012484100924731636,1.0509472147933854e-07
456,5.195496810550537e-16,0.013961007057844048,7.771561172376096e-16,9.86676441866452e-05,0.013066499451554364,0.01396100705784405,9.55651531846234e-08
457,1.1076209394111913e-15,0.014599642478468844,2.2898349882893854e-15,0.00010114961779028597,0.012970718050644781,0.014599642478468844,1.0301504244910094e-07
458,1.349614864309956e-15,0.014385980948628797,9.71445146547012e-17,0.00010247198764790078,0.0126969900424516,0.014385980948628797,1.1029674553797156e-07
459,1.5636363731585945e-15,0.013981152676268723,8.465450562766819e-16,0.00010151632747112949,0.012810998946903523,0.013981152676268723,1.0074879564874534e-07
460,1.2870563989575423e-15,0.01331683739261683,8.326672684688674e-17,9.994649836131408e-05,0.013069933143131922,0.01331683739261683,9.312282651631144e-08
461,1.0568802777388697e-15,0.013085987915290741,1.6653345369377348e-16,0.00010110196717383335,0.013085987915290743,0.012448031234317387,9.230965969921355e-08
462,1.3556863964758747e-15,0.013124082219975635,1.249000902703301e-16,0.00010242985834663099,0.013124082219975635,0.011380337103527018,9.305415084561887e-08
463,1.4510961876545991e-15,0.013131995072018728,1.5265566588595902e-16,0.00010146098545049664,0.013131995072018728,0.011200719421900285,8.889528768613928e-08
464,3.456436525883788e-16,0.013092916806661428,4.163336342344337e-17,0.00010064951474042516,0.013092916806661426,0.011686999620655898,8.704682239252279e-08
465,3.621235256101585e-15,0.013129614658002546,8.326672684688674e-17,0.00010070852475829728,0.012986555782332475,0.013129614658002548,9.263344407352936e-08
466,4.749672877224498e-15,0.0147548277442807,8.743006318923108e-16,0.00010313414928986298,0.012719714829905396,0.014754827744280701,1.0519137379430958e-07
467,1.7477339020466331e-15,0.01494287855045956,4.579669976578771e-16,0.0001019025025367215,0.012588543578268108,0.01494287855045956,1.0596395929398021e-07
468,9.308526172091547e-15,0.014421741804809412,8.187894806610529e-16,0.0001024841198187798,0.012657091940667546,0.014421741804809412,9.694774521421378e-08
469,1.4641066137244252e-15,0.013494989974632122,4.718447854656915e-16,0.00010271896822028337,0.012634064972814227,0.013494989974632122,9.452484452306044e-08
470,1.4203048459560108e-16,0.01252238804081738,3.0531133177191805e-16,0.00010252838220814464,0.01252238804081738,0.011741361188846791,9.430716156553763e-08
471,2.183583175385806e-16,0.012542900730606332,2.7755575615628914e-17,0.00010288022718052403,0.012542900730606332,0.010251595838970477,9.003222798722059e-08
472,2.6042536183101817e-16,0.012513308064735084,1.942890293094024e-16,0.00010405037349658919,0.012513308064735084,0.010123061674323081,8.531885343858806e-08
473,3.436920886779049e-16,0.012448615394159113,1.3877787807814457e-17,0.00010363252978923265,0.012448615394159115,0.010690436352047757,8.76150685527269e-08
474,5.80265002714242e-16,0.012300791454548602,1.3877787807814457e-17,0.00010292815422308088,0.012300791454548602,0.011993058269042543,1.0110977201663029e-07
475,8.997793829457201e-16,0.013728163742250813,2.914335439641036e-16,0.00010294590839110551,0.011930621772074277,0.013728163742250811,1.0626325143983333e-07
476,9.459663954936026e-16,0.014341970958192556,1.3877787807814457e-15,0.00010423073873211397,0.011850257210039338,0.014341970958192556,9.974282398324327e-08
477,1.0363888566788937e-15,0.014374998719864477,4.6074255521944e-15,0.00010448576840316193,0.01179217259892923,0.014374998719864474,9.682749851218236e-08
478,1.3960187172923355e-15,0.014021614504062802,1.734723475976807e-15,0.00010286520184121795,0.011639289433993411,0.014021614504062802,1.0101781672546404e-07
479,1.941914511138787e-15,0.012652921657906692,7.077671781985373e-16,0.00010185269365442506,0.011437191365848767,0.012652921657906692,1.0824955698273871e-07
480,2.296665461976044e-15,0.011934984218841385,5.828670879282072e-16,0.00010345291643054644,0.011347222010865108,0.011934984218841387,9.550877685872417e-08
481,2.0970638420214627e-15,0.011257909287254304,6.522560269672795e-16,0.00010362448376843858,0.011228527906154827,0.011257909287254307,9.234375653712708e-08
482,1.6341095143701523e-15,0.01104847102124817,1.3600232051658168e-15,0.00010156621482770856,0.011048471021248174,0.01064647059265704,1.0939701048690246e-07
483,2.7625471354930653e-15,0.010808382874061091,1.2212453270876722e-15,0.00010094198175258917,0.010808382874061091,0.01057262644847835,1.2509961774441873e-07
484,4.30298158216047e-15,0.012182814767368304,5.412337245047638e-16,0.00010501962164666256,0.010412692207036459,0.012182814767368304,1.032801986875331e-07
485,1.7862447632133183e-14,0.015013791804005151,3.816391647148976e-15,0.00010109405150127149,0.01019420942052232,0.015013791804005154,9.708236271181692e-08
486,4.633880085203046e-16,0.015263054502385303,3.7470027081099033e-16,9.611194874292739e-05,0.010022053100681595,0.015263054502385302,1.0023307353796906e-07
487,3.4061295450804607e-15,0.01433798471285621,6.245004513516506e-16,9.453795041641788e-05,0.0097207874837077,0.014337984712856211,1.145422618327718e-07
488,1.8474805019152996e-16,0.01374129680846602,6.661338147750939e-16,9.485476129178494e-05,0.00965365741187498,0.013741296808466022,1.1217386759033423e-07
489,1.4320142294188543e-15,0.012015000371015026,8.465450562766819e-16,9.34732694981566e-05,0.009602798286565472,0.012015000371015029,9.621989034565487e-08
490,4.05166351857833e-16,0.011106245859287097,3.469446951953614e-16,8.864270721498091e-05,0.009579645215856226,0.0111062458592871,9.253695982126304e-08
491,8.660606953814209e-16,0.009794816556007575,2.220446049250313e-16,8.67218484745802e-05,0.009525936377086063,0.009794816556007578,9.934388315308704e-08
492,1.061650767297806e-15,0.009424167085972802,5.689893001203927e-16,8.784640611281258e-05,0.009424167085972802,0.00939444330014046,9.68931162740747e-08
493,2.149322386735264e-15,0.009840190380027857,1.2212453270876722e-15,8.909974755488825e-05,0.008947209209738887,0.009840190380027857,1.0358244531709889e-07
494,3.0434639183840595e-15,0.012639151469115269,6.522560269672795e-16,8.466898954517799e-05,0.008658897924641674,0.012639151469115269,1.0833044835358223e-07
495,2.993373778015229e-15,0.0139458991286073,1.249000902703301e-16,7.946670892078345e-05,0.00850949190594387,0.0139458991286073,1.0414308579994503e-07
496,3.726619707267176e-15,0.01443541221626525,2.914335439641036e-16,7.608190210306454e-05,0.008296812737941014,0.01443541221626525,9.850428984519865e-08
497,3.987261909532691e-15,0.013707042323837047,2.220446049250313e-16,7.36091044191145e-05,0.008108932827975455,0.013707042323837045,1.0341612442613401e-07
498,7.646010560802274e-15,0.012112974035249186,8.604228440844963e-16,7.18010065552388e-05,0.00785795993656973,0.012112974035249186,1.0531827349261639e-07
499,6.198600660534126e-15,0.010834540369502047,8.326672684688674e-16,7.329174495784851e-05,0.007694780362646132,0.010834540369502047,9.277387341661401e-08
500,5.282666665218372e-15,0.009989810389306124,2.7755575615628914e-16,6.73808160479572e-05,0.007510722749270197,0.009989810389306126,8.168524216950134e-08
501,5.475220971051797e-15,0.010158683463006937,5.551115123125783e-17,6.573576385437985e-05,0.007365925660858007,0.010158683463006937,8.792184303684278e-08
502,1.5658047775035655e-14,0.009837159085969556,1.4432899320127035e-15,6.443173864756346e-05,0.007144171302004608,0.009837159085969556,9.348511109046837e-08
503,5.085558710260507e-14,0.013266334788234038,3.0531133177191805e-16,6.462395989648151e-05,0.0070182793487596476,0.013266334788234038,1.0606318547368224e-07
504,1.9996157507584655e-14,0.01571076828777632,4.3021142204224816e-16,5.852614995138783e-05,0.007036943586750513,0.01571076828777632,9.806106587109867e-08
505,2.418811678728261e-14,0.015653505885897673,5.551115123125783e-17,6.173499880639255e-05,0.00694419406934999,0.015653505885897673,8.752507336710173e-08
506,3.788636071533347e-15,0.014108840269345821,5.689893001203927e-16,6.848096051623176e-05,0.006834815776598033,0.014108840269345821,8.453085461749062e-08
507,9.710548337649172e-15,0.012659167228802809,5.134781488891349e-16,5.593528362569933e-05,0.007017558200708498,0.01265916722880281,1.1113588800100407e-07
508,1.2038547242410047e-14,0.011581388485853624,3.191891195797325e-15,5.782686465885013e-05,0.00691226820229735,0.011581388485853624,9.627756881469777e-08
509,3.0617869350990645e-16,0.011420241754107902,2.498001805406602e-16,4.917737665510735e-05,0.006858654981540231,0.011420241754107902,7.487718595674351e-08
510,2.9932653577979806e-15,0.01243156039298984,1.3739009929736312e-15,4.835207341824521e-05,0.006929288625304723,0.012431560392989836,7.922814575439602e-08
511,7.979727989493313e-17,0.012599196538687569,1.3877787807814457e-16,5.2228615422339475e-05,0.006987964398269677,0.012599196538687569,9.178696982700969e-08
512,8.326672684688674e-17,0.014482051129361946,6.938893903907228e-17,4.695632324819201e-05,0.007304809678101053,0.014482051129361944,9.173241812960112e-08
513,2.3071822230491534e-16,0.014126935191471394,2.4980018054066022e-15,5.0443393609850284e-05,0.007158883912929807,0.014126935191471394,8.190598304137658e-08
514,4.5102810375396984e-17,0.013527101245855459,2.220446049250313e-16,5.4484269326776635e-05,0.007003796828429894,0.013527101245855457,7.643659641293731e-08
515,4.163336342344337e-17,0.012525960857523596,9.71445146547012e-17,5.260092376797865e-05,0.00685332201352799,0.012525960857523596,7.30890531709468e-08
516,1.1449174941446927e-16,0.011374510567233063,2.7755575615628914e-16,4.8531910018523305e-05,0.006639164443267384,0.011374510567233063,7.241418902223157e-08
517,1.734723475976807e-16,0.011828608353788902,1.2073675392798577e-15,4.312146814577922e-05,0.006491399072606265,0.0118286083537889,7.228857403156725e-08
518,7.979727989493313e-17,0.012622650779529378,4.718447854656915e-16,4.6743694663717306e-05,0.00638632197642239,0.012622650779529376,6.408306341042718e-08
519,7.632783294297951e-17,0.01261821672514169,2.7755575615628914e-16,4.994253370135815e-05,0.006239848882725645,0.012618216725141688,5.8873091941300534e-08
520,8.326672684688674e-17,0.011971792033028941,3.191891195797325e-16,5.235738533604373e-05,0.00601707688334676,0.011971792033028941,5.876311677611614e-08
521,1.1275702593849246e-16,0.010118014810827317,6.938893903907228e-16,4.0942556306267086e-05,0.005963579973895758,0.010118014810827315,6.405019198185587e-08
522,3.4867941867133823e-16,0.009467512625909112,4.773959005888173e-15,4.0302140352777016e-05,0.005953652537196026,0.009467512625909112,5.7865482002375475e-08
523,6.522560269672795e-16,0.009212059792918252,7.216449660063518e-16,3.98972232777961e-05,0.005892222479090612,0.009212059792918253,5.064143888300443e-08
524,1.0807327255335508e-15,0.009035681764649486,7.077671781985373e-16,3.971529714030808e-05,0.0057979119213461315,0.009035681764649486,4.589535764725811e-08
525,2.6194324487249787e-15,0.008604347999309772,7.216449660063518e-16,4.2502570795785455e-05,0.005625400853340878,0.008604347999309772,5.755816720776452e-08
526,3.731390196826112e-15,0.008698420274736673,3.8719027983802334e-15,3.916120395153211e-05,0.005483507505093971,0.008698420274736674,6.339331916339915e-08
527,5.3724386051001716e-15,0.00914285873245637,4.926614671774132e-15,3.877281004427413e-05,0.00543068016348599,0.00914285873245637,5.0306249831805535e-08
528,5.3724386051001716e-15,0.008866922964144364,6.716849298982197e-15,3.848102859993485e-05,0.005318234434919682,0.008866922964144366,4.5608935239306915e-08
529,5.630912403020716e-15,0.00814190398577594,5.981326545168031e-15,3.830827126838354e-05,0.0051630931593321956,0.00814190398577594,5.933976158877263e-08
530,8.080341951099967e-15,0.007029328096700184,8.0629947163402e-15,3.811401231335054e-05,0.004990255254638841,0.007029328096700184,5.503780067300001e-08
531,1.2562867413024037e-14,0.005760103571015883,1.3530843112619095e-14,3.800135104825575e-05,0.004839964761776078,0.005760103571015883,4.14898218142606e-08
532,7.45931094670027e-15,0.00554550096045223,4.871103520542874e-15,3.77983165050777e-05,0.004777779242650534,0.00554550096045223,3.789840367559577e-08
533,2.8666305440516737e-15,0.005348609776578091,1.1102230246251565e-15,3.758121335439846e-05,0.004710797598922629,0.005348609776578091,4.088289828427467e-08
534,8.923417560424696e-15,0.004652300169551631,8.493206138382448e-15,3.7497922150353524e-05,0.004499270878634778,0.004652300169551633,4.68498168404953e-08
535,2.274222477005594e-15,0.004511989997405409,2.3175905639050143e-15,3.728364235344728e-05,0.004469321346275071,0.004511989997405409,3.8499333637554106e-08
536,1.0831613383999183e-14,0.004448651711270207,1.0755285551056204e-14,3.723827670543134e-05,0.004448651711270207,0.004442625109319375,3.1473548950939845e-08
537,3.191891195797325e-16,0.004438880002880019,4.718447854656915e-16,3.717225576871375e-05,0.00443888000288002,0.004371679500856622,3.176070575296704e-08
538,1.0720591081536668e-15,0.00440519026735234,1.1657341758564144e-15,3.716887313387485e-05,0.00440519026735234,0.004154524145364249,3.348791219152521e-08
539,1.4623718902484484e-15,0.004392803797074813,9.575673587391975e-16,3.7288385547840086e-05,0.004392803797074813,0.004184588725090715,3.168602812873093e-08
540,5.672545766444159e-16,0.004408579132566614,1.096345236817342e-15,3.7342942598217466e-05,0.004408579132566613,0.004130894849759205,3.2821711252156935e-08
541,4.718447854656915e-16,0.004415756283396263,3.469446951953614e-16,3.730662749201752e-05,0.004415756283396262,0.004141331045103429,3.289881012872181e-08
542,1.1102230246251565e-16,0.004435199755093719,6.661338147750939e-16,3.7319066847174565e-05,0.004435199755093719,0.0037006375513123292,2.9925859287749524e-08
543,4.128641872824801e-16,0.004427975824868146,7.077671781985373e-16,3.718504369221165e-05,0.004427975824868145,0.003959233668541232,3.01759048346197e-08
544,3.122502256758253e-17,0.004430765133345354,0.0,3.7355913641679006e-05,0.004430765133345354,0.00405492954909776,2.8871905462249075e-08
545,5.724587470723463e-17,0.004410063555457879,8.326672684688674e-17,3.735975365709576e-05,0.00441006355545788,0.0040806456354425535,3.193839301595101e-08
546,5.204170427930421e-17,0.004398611045355441,1.8041124150158794e-16,3.7262064628840186e-05,0.004398611045355442,0.0040998178186765245,3.2267359591498703e-08
547,9.71445146547012e-17,0.0043535162108695276,1.6653345369377348e-16,3.7265081637316566e-05,0.0043535162108695276,0.004186060492457306,3.2008785236268e-08
548,2.0816681711721685e-16,0.00433793163296014,5.551115123125783e-17,3.740373883170944e-05,0.004337931632960139,0.004123857204588176,3.1373611879567005e-08
549,2.255140518769849e-16,0.004368650978159222,1.249000902703301e-16,3.743764976815722e-05,0.004368650978159222,0.004273849892427314,3.155624122479706e-08
550,6.245004513516506e-17,0.004358749600381771,4.440892098500626e-16,3.740152113834716e-05,0.004358749600381771,0.0038538136953062516,2.7303079126259358e-08
551,7.632783294297951e-17,0.004347026578252701,8.326672684688674e-17,3.727529536778906e-05,0.004347026578252701,0.004129194905632205,2.72996415869602e-08
552,3.469446951953614e-17,0.004348961098012792,6.938893903907228e-17,3.735907776247771e-05,0.004348961098012792,0.003992881176848902,2.7291191653283664e-08
553,3.8163916471489756e-17,0.004367598758261573,1.8041124150158794e-16,3.737812440585131e-05,0.004367598758261572,0.0036554320825816188,2.6342011359718924e-08
554,5.377642775528102e-17,0.004359250876299835,1.249000902703301e-16,3.74348460585594e-05,0.004359250876299835,0.003741438057727102,2.6969043060065173e-08
555,6.869504964868156e-16,0.004313782638978816,2.095545958979983e-15,3.741540486829065e-05,0.004313782638978816,0.00425425369223574,2.9059590535932425e-08
556,4.371503159461554e-16,0.004701673876680083,2.1094237467877974e-15,3.71723706091287e-05,0.004319430576819084,0.004701673876680083,2.7620298491594746e-08
557,1.9217483507305566e-17,0.004498676282314907,1.1102230246251565e-16,3.716422332139535e-05,0.004297799182108403,0.004498676282314908,2.6137852152123777e-08
558,2.2442984970449942e-17,0.004290337762566583,9.71445146547012e-17,3.733411909501161e-05,0.004275827175364231,0.004290337762566583,2.4899616290803253e-08
559,1.259409243559162e-15,0.00551803349712217,9.71445146547012e-16,3.7510742812885134e-05,0.004368730417096643,0.00551803349712217,4.110685053456302e-08
560,2.0990154059319366e-15,0.005527894182023094,2.067790383364354e-15,3.835104829508218e-05,0.004345828853304907,0.005527894182023093,4.160522749464436e-08
561,3.228320388792838e-15,0.005510006998898727,4.08006961549745e-15,3.845592784329499e-05,0.0042870629638127305,0.005510006998898727,4.1836753906856816e-08
562,8.271161533457416e-15,0.005473548510903371,5.703770789011742e-15,4.130860417117521e-05,0.00419268004997188,0.005473548510903371,3.838419246087211e-08
563,1.2736339760621718e-14,0.006148788120035836,9.811595980124821e-15,3.8618476850271755e-05,0.003944963021306374,0.006148788120035836,3.997983788961312e-08
564,8.947703689088371e-15,0.006267942986377234,6.869504964868156e-15,3.902151926898911e-05,0.0039018143256740116,0.006267942986377235,4.003725295235878e-08
565,2.7217811338076103e-15,0.006597341406666981,2.5951463200613034e-15,3.912139275225046e-05,0.003932022525176766,0.006597341406666981,3.96661060382571e-08
566,3.684032245931945e-14,0.005753487730611918,3.4264258097493894e-14,3.904120925907195e-05,0.003943351688168745,0.005753487730611917,3.753774855809193e-08
567,3.0451986418600363e-15,0.005339387997512865,4.579669976578771e-16,3.952609286500541e-05,0.0038925341824747727,0.005339387997512865,3.68418247657144e-08
568,3.3215617756265914e-15,0.004537619355240176,4.163336342344337e-17,3.964969012759667e-05,0.003685341331024863,0.004537619355240176,3.360155880618921e-08
569,7.525230438787389e-15,0.004195407692137215,1.124100812432971e-15,3.97891185672794e-05,0.00352118457730914,0.004195407692137215,3.767418924089535e-08
570,7.462563553217727e-16,0.004206571329200029,3.191891195797325e-16,3.9936133672424656e-05,0.003460846425908289,0.00420657132920003,3.557953548180008e-08
571,5.035468569891677e-15,0.0043361827762584786,1.0824674490095276e-15,3.9916462747979775e-05,0.0033489684727493535,0.004336182776258477,3.210747174733674e-08
572,6.809657004946956e-15,0.0043580823492533945,7.216449660063518e-16,3.996788027099685e-05,0.0033393055468809293,0.0043580823492533945,3.510433354041347e-08
573,3.2959746043559335e-16,0.003807695873543266,8.326672684688674e-17,4.0108685630757535e-05,0.003387824636262155,0.003807695873543266,3.734061832342198e-08
574,1.0980799602933189e-15,0.0037179636903842297,5.134781488891349e-16,4.015143172197977e-05,0.003383753512051618,0.0037179636903842293,3.651462543213372e-08
575,1.937794542883342e-15,0.003759633543463076,2.3592239273284576e-16,4.008647444653235e-05,0.003412383903456641,0.0037596335434630754,3.209209178824772e-08
576,1.1619394682527151e-15,0.0033888652829503346,4.579669976578771e-16,4.0938183295868846e-05,0.0033888652829503355,0.003269839980772668,3.112052414850436e-08
577,6.938893903907228e-17,0.0035715408296888075,9.992007221626409e-16,4.147068077986482e-05,0.003424109143182928,0.0035715408296888075,3.1173653123849886e-08
578,3.5887091909270197e-17,0.0036264647165821905,2.7755575615628914e-17,4.1432387631989975e-05,0.003428700128244777,0.0036264647165821905,3.113590784238894e-08
579,3.5778671692021646e-17,0.0036312636978579078,9.71445146547012e-17,4.142624324487976e-05,0.0034208912379329872,0.0036312636978579078,3.104498048545841e-08
580,1.1102230246251565e-16,0.003762412611647418,8.326672684688674e-17,4.144153421448138e-05,0.0033792714527586024,0.003762412611647418,3.054423916425809e-08
581,6.036837696399289e-16,0.004021742453669234,2.3869795029440866e-15,4.138037667400507e-05,0.003419918732817518,0.004021742453669234,3.104193466592881e-08
582,1.3704315460216776e-16,0.0037364487602819436,4.163336342344337e-17,4.052381555308404e-05,0.0034022845685129977,0.003736448760281944,3.0980661499031717e-08
583,3.903127820947816e-17,0.003449825202626397,0.0,4.047935301521033e-05,0.00338632182182256,0.0034498252026263967,3.094999070498324e-08
584,8.187894806610529e-16,0.0034422744842222647,4.163336342344337e-17,4.05079870463565e-05,0.0034422744842222647,0.0033214922994255765,3.4353830946557965e-08
585,1.3049457348035531e-15,0.004901856600569805,2.067790383364354e-15,4.124414306527768e-05,0.0036807481766828434,0.004901856600569805,4.5820335210386044e-08
586,3.469446951953614e-16,0.004996521225396251,3.3306690738754696e-16,4.1286299628739975e-05,0.003707750929268915,0.0049965212253962514,4.623933760826462e-08
587,2.949029909160572e-16,0.00519341411645624,1.5681900222830336e-15,4.099005249791343e-05,0.003731870363373638,0.00519341411645624,4.746621079534948e-08
588,5.7614503445879706e-15,0.006133301227869579,6.25888230132432e-15,4.082969263785596e-05,0.0038267943105368425,0.006133301227869579,5.7212645689690384e-08
589,2.1159289598227105e-15,0.006327970555589691,1.4432899320127035e-15,4.1061206819126284e-05,0.003822910897776027,0.006327970555589691,5.8220041605986393e-08
590,4.083539062449404e-15,0.007142222671913494,2.0816681711721685e-16,4.928672438972437e-05,0.00361228966743404,0.007142222671913493,5.6877802005501503e-08
591,4.94699767261686e-15,0.006888615194139018,3.497202527569243e-15,5.067821610120482e-05,0.0035810059575239546,0.006888615194139017,5.165103835361247e-08
592,8.398230028072717e-15,0.00663754523115968,4.288236432614667e-15,5.9936477384295306e-05,0.0036358465640530676,0.00663754523115968,5.352651052542601e-08
593,6.529065482707708e-15,0.006640811162881449,5.551115123125783e-17,6.64483248655201e-05,0.0036105075987244205,0.006640811162881449,5.5867398580665624e-08
594,2.5092775080004515e-15,0.006474728669031905,2.636779683484747e-16,6.001276138339895e-05,0.003639573115828317,0.006474728669031906,5.538378942364089e-08
595,6.167549110314141e-14,0.005676836609484192,3.885780586188048e-15,5.2684284693474415e-05,0.0038089262718383637,0.005676836609484192,6.098534177593875e-08
596,3.7600131341797294e-16,0.005906683914174716,9.71445146547012e-17,3.621129878739193e-05,0.003881807780667422,0.005906683914174716,6.451869370284496e-08
597,5.44139386327025e-15,0.005973813114567006,7.91033905045424e-16,3.4787587619655724e-05,0.0038728625541937256,0.005973813114567006,6.304945821906704e-08
598,1.2915016278647329e-15,0.005784276869307201,1.249000902703301e-16,3.480043797632337e-05,0.003849123630571203,0.005784276869307202,6.111950008536159e-08
599,2.6961939625369524e-15,0.005418933831687211,3.469446951953614e-16,3.411038580412862e-05,0.0038784345138340986,0.005418933831687211,6.586478291291815e-08
600,4.718447854656915e-16,0.0053351743533328,1.0685896612017132e-15,3.681124407574343e-05,0.00376721702392606,0.0053351743533328,6.810464852888596e-08
601,1.0408340855860843e-16,0.005713827686317843,1.6653345369377348e-16,3.7036790864197755e-05,0.0037808724983164283,0.005713827686317842,6.111819795796175e-08
602,3.5258254649228604e-16,0.00602305884100006,6.938893903907228e-16,3.714814978977854e-05,0.0038573675224586575,0.00602305884100006,5.625017123298436e-08
603,2.6402491304367004e-15,0.006613676246097513,4.3021142204224816e-16,4.050524432858138e-05,0.0039019208991896955,0.006613676246097513,5.582550439496313e-08
604,1.1364173491124063e-14,0.007011363101167775,4.996003610813204e-16,4.199022374101746e-05,0.004047272825832912,0.007011363101167775,6.568620080735495e-08
605,1.0649467419021619e-14,0.007660164084881137,2.4424906541753444e-15,4.007731013951077e-05,0.004118048535369744,0.007660164084881137,6.164910326652203e-08
606,1.80107664893292e-14,0.008397375973867988,1.1657341758564144e-15,3.707966308892641e-05,0.00439645823695137,0.008397375973867988,5.294753999073937e-08
607,2.138914045879403e-15,0.007936409718229275,1.249000902703301e-16,4.381265269867707e-05,0.004622172462595196,0.007936409718229275,5.666219929051108e-08
608,4.722350982477863e-15,0.007518074283412304,6.938893903907228e-16,4.599294523296993e-05,0.004577140616140214,0.007518074283412304,5.927127831239669e-08
609,5.391086882466922e-15,0.007440157232422676,1.249000902703301e-16,3.4675955070118114e-05,0.004589411856032318,0.007440157232422677,4.6445015885602796e-08
610,1.2151737949217534e-15,0.007204563559287287,1.6653345369377348e-16,3.0491765802775905e-05,0.004595235561189846,0.007204563559287287,4.085288681681949e-08
611,4.337242370811012e-15,0.006757088739722871,2.0816681711721685e-16,2.8739565388888333e-05,0.00454078180416681,0.006757088739722871,3.5372076602964697e-08
612,2.5370330836160804e-16,0.006377062644091533,1.249000902703301e-16,2.2959023011706603e-05,0.004491918404730427,0.006377062644091534,3.2275250439401766e-08
613,3.7947076036992655e-16,0.006170165022623296,4.163336342344337e-17,2.052631635614255e-05,0.004490129607862844,0.0061701650226232965,3.0370414422294456e-08
614,5.026361271642799e-16,0.005449944725447599,1.1379786002407855e-15,1.936760622339717e-05,0.004555853089839291,0.005449944725447598,2.6528677111649115e-08
615,7.196934020958778e-16,0.005152932564886687,1.6237011735142914e-15,2.2375802068694273e-05,0.004596279381754621,0.005152932564886687,2.6546411952436384e-08
616,5.016061351004186e-16,0.005194748134123065,9.71445146547012e-17,2.3348083488639038e-05,0.004607911099023906,0.005194748134123066,2.773926818979231e-08
617,8.552186736565659e-16,0.0054951982167893345,2.7755575615628914e-16,2.52921352655866e-05,0.004597778510752552,0.005495198216789333,2.973897111431569e-08
618,1.3509159069169385e-15,0.005839388636559166,4.579669976578771e-16,2.6881975025441762e-05,0.004524035734261109,0.005839388636559166,3.558621255022026e-08
619,6.982261990806649e-16,0.0058064150962068226,4.718447854656915e-16,2.8424921764594324e-05,0.0044886890036073945,0.0058064150962068226,3.529257583061418e-08
620,2.1176636832986873e-15,0.005872816466944695,8.187894806610529e-16,2.668995964194565e-05,0.004426908457219266,0.005872816466944696,3.710908362744779e-08
621,6.008106338828423e-16,0.005784819806654112,1.942890293094024e-16,2.2628485167458523e-05,0.004388873230818488,0.005784819806654111,3.419385561623476e-08
622,3.5605199344423966e-16,0.005710886780843451,2.7755575615628914e-16,2.2244247795469296e-05,0.004354296543310488,0.005710886780843452,3.139485841785525e-08
623,1.618497003086361e-15,0.005202802279427669,3.885780586188048e-16,1.867949459884166e-05,0.004227552122165188,0.005202802279427668,2.3945512780187117e-08
624,1.501891059435545e-15,0.0050766241774308895,3.3306690738754696e-16,1.6407228459081047e-05,0.004175742038859339,0.00507662417743089,2.2898839902111384e-08
625,1.3692931337405678e-15,0.0051407338094376955,2.914335439641036e-16,1.580965925673805e-05,0.0041621003996196206,0.0051407338094376955,2.4091805223016243e-08
626,3.0531133177191805e-16,0.005093442936094257,1.3877787807814457e-16,1.6159106841634463e-05,0.004121470798428033,0.005093442936094256,2.4534952780666353e-08
627,5.290906601729262e-16,0.004946049465623619,1.5265566588595902e-16,1.666404385054776e-05,0.004085062826095478,0.00494604946562362,2.1750210560441127e-08
628,5.377642775528102e-16,0.004705998899453143,1.734723475976807e-15,1.7687450405090566e-05,0.004053634274547816,0.004705998899453143,2.0509763629057654e-08
629,5.178149575790769e-16,0.004499890139937911,1.6514567491299204e-15,1.6423416128369395e-05,0.003969142676695714,0.004499890139937911,2.0409327171287267e-08
630,4.553649124439119e-16,0.004461195301076872,8.326672684688674e-17,1.5914133676533937e-05,0.003890397396785427,0.004461195301076871,2.0717080256226337e-08
631,3.7545243606815215e-16,0.00440217163512535,1.6653345369377348e-16,1.4712010370704354e-05,0.0038378906543534213,0.00440217163512535,1.788776604342366e-08
632,3.926776980835156e-16,0.004198374276959992,5.412337245047638e-16,1.4633577454029045e-05,0.003682337074742493,0.004198374276959993,1.600298172270428e-08
633,5.048045315092509e-16,0.004082173845388156,1.1657341758564144e-15,1.4007515291694639e-05,0.0035669194771503097,0.004082173845388156,1.694770307132933e-08
634,8.057790545912269e-16,0.004098610204783383,1.6514567491299204e-15,1.5212549536680608e-05,0.0034897511333956566,0.004098610204783383,1.6888863707639302e-08
635,4.452953847669527e-16,0.003991126278948143,1.5265566588595902e-16,1.4261091768164036e-05,0.0034011376398493257,0.0039911262789481435,1.607106812421949e-08
636,6.184289191857317e-16,0.003887608948815927,3.885780586188048e-16,1.3829423463646018e-05,0.003291219631486917,0.003887608948815927,1.651475044324247e-08
637,7.407269242420966e-16,0.003796375258803887,2.7755575615628914e-16,1.414553890616288e-05,0.0031793518843941902,0.0037963752588038874,1.613813813096351e-08
638,1.2073675392798577e-15,0.0036515164928940724,1.249000902703301e-16,1.389605726394294e-05,0.0030557073813972427,0.003651516492894072,1.5474915737317485e-08
639,7.650130529057719e-16,0.003623849553262969,1.3877787807814457e-17,1.4897349096792967e-05,0.002974538171172829,0.0036238495532629695,1.4249219797923948e-08
640,5.863365348801608e-16,0.0035360589782838818,1.3877787807814457e-17,1.4847880985907613e-05,0.002906847452246958,0.0035360589782838818,1.3676289802750762e-08
641,9.8879238130678e-16,0.0033920349790339597,3.191891195797325e-16,1.4675941719499708e-05,0.002812213439610708,0.0033920349790339597,1.3946178395727138e-08
642,1.9290125052862095e-15,0.003219956612096899,2.914335439641036e-16,1.4880432501265806e-05,0.002714658202909703,0.003219956612096899,1.3847626394033206e-08
643,2.6749435999562365e-15,0.003086537884339287,3.885780586188048e-16,1.3846782586368622e-05,0.002638940104488513,0.003086537884339287,1.3638526770281408e-08
644,4.371503159461554e-16,0.0030108401932525458,1.3877787807814457e-17,1.3327951694341866e-05,0.002587518908307113,0.0030108401932525453,1.3666624264737355e-08
645,4.787836793695988e-16,0.002955940892441378,6.938893903907228e-17,1.2513640330155673e-05,0.0025317546041736774,0.0029559408924413775,1.2412246947767495e-08
646,1.4224732503009818e-16,0.0027812685504451733,6.245004513516506e-16,1.0634407418871894e-05,0.0024751707717560116,0.0027812685504451738,1.0967376007831818e-08
647,2.463307335887066e-16,0.0026393012840558697,8.326672684688674e-17,8.995954209889412e-06,0.002435234603627749,0.00263930128405587,1.0243593309462698e-08
648,7.979727989493313e-17,0.002608128263571676,2.7755575615628914e-17,8.895739072922737e-06,0.0024090873215302675,0.002608128263571676,1.0014377268870463e-08
649,5.551115123125783e-17,0.002504407010125652,2.3592239273284576e-16,8.874287100946177e-06,0.002367957662008719,0.002504407010125652,9.290787795418768e-09
650,4.5102810375396984e-17,0.002464715252602713,2.7755575615628914e-17,8.857203158241234e-06,0.0023312226916080425,0.002464715252602713,8.871545503966007e-09
651,1.3530843112619095e-16,0.0023920626671490057,9.298117831235686e-16,8.805107957310376e-06,0.0022967488128360245,0.0023920626671490057,8.211767141352633e-09
652,1.700029006457271e-16,0.0023163349819626893,6.800116025829084e-16,8.778054745750552e-06,0.0022451966985255643,0.0023163349819626897,9.49956563814143e-09
653,9.71445146547012e-17,0.0023046984007199047,2.636779683484747e-16,8.753958293472586e-06,0.0022198110723615373,0.002304698400719905,9.50370104882575e-09
654,8.673617379884035e-17,0.0022548559123976315,1.3877787807814457e-17,8.741197916495302e-06,0.0021914038666500926,0.0022548559123976306,8.623202312334084e-09
655,1.3183898417423734e-16,0.002152845618986779,8.326672684688674e-17,8.706213834308585e-06,0.002152845618986779,0.0021486761863752086,8.654548510265193e-09
656,1.5612511283791264e-16,0.0021232214242903336,1.3877787807814457e-16,8.652162757694093e-06,0.0021218060286584753,0.0021232214242903336,1.026668376328754e-08
657,1.0581813203458523e-16,0.0021045578628401005,4.163336342344337e-17,8.606001493438598e-06,0.002097348139462067,0.0021045578628401005,9.850197750961751e-09
658,1.0234868508263162e-16,0.0020692547751457696,4.440892098500626e-16,8.552686954654831e-06,0.0020692547751457696,0.0019806630954015154,8.00464471137221e-09
659,1.2836953722228372e-16,0.0020542834926350253,7.91033905045424e-16,8.472333206221982e-06,0.0020542834926350253,0.001964827496975894,7.654328522551915e-09
660,1.5439038936193583e-16,0.002036418559635182,1.6514567491299204e-15,8.45215864353488e-06,0.0020364185596351814,0.0018936090430698351,8.244795038555507e-09
661,1.700029006457271e-16,0.0020126387768546086,4.718447854656915e-16,8.443667966484547e-06,0.0020126387768546086,0.0018624829522981409,9.327481635728e-09
662,3.122502256758253e-17,0.002005808297870003,1.5265566588595902e-16,8.396166766511115e-06,0.002005808297870003,0.0018473446373120112,8.572598385620487e-09
663,1.2663481374630692e-16,0.0019893565658614955,7.494005416219807e-16,8.390875808284015e-06,0.001989356565861495,0.0017859590961981403,7.371753880445429e-09
664,9.71445146547012e-17,0.0019713969076686232,1.1102230246251565e-15,8.397220581657372e-06,0.0019713969076686232,0.0016900665237334434,8.929634043784283e-09
665,2.3071822230491534e-16,0.0019525982594474562,1.2351231148954867e-15,8.394310346604428e-06,0.0019525982594474564,0.0016277826577036619,9.622486782932888e-09
666,7.28583859910259e-17,0.0019383899790210554,1.1102230246251565e-16,8.343985905434614e-06,0.0019383899790210554,0.0015884450855673047,8.557427077576825e-09
667,6.938893903907228e-17,0.0019265282605346722,1.5265566588595902e-16,8.294948646514477e-06,0.0019265282605346722,0.0015400922714249251,6.999616047715191e-09
668,1.1102230246251565e-16,0.0019228499806776076,2.3592239273284576e-16,8.262730866182011e-06,0.0019228499806776076,0.0015797939674169245,7.550868853309213e-09
669,1.734723475976807e-16,0.0018999701082998226,9.71445146547012e-17,8.25636695256371e-06,0.0018999701082998226,0.00157407331087264,8.536961588597747e-09
670,1.4224732503009818e-16,0.0018802029420014802,2.0816681711721685e-16,8.207990676578625e-06,0.0018802029420014804,0.0015814939105375236,7.905485126000864e-09
671,1.0408340855860843e-16,0.0018791604703383494,6.38378239159465e-16,8.186410502708519e-06,0.0018791604703383494,0.0015651467497848665,7.577523440512686e-09
672,7.632783294297951e-17,0.00187624240826173,2.3592239273284576e-16,8.192209695168096e-06,0.00187624240826173,0.0015230764291419767,7.778700844544123e-09
673,4.85722573273506e-17,0.0018745020994435538,9.71445146547012e-17,8.187369464507377e-06,0.001874502099443554,0.0014652169326276865,7.991642280098567e-09
674,7.28583859910259e-17,0.0018734000220640159,2.498001805406602e-16,8.183613803391943e-06,0.001873400022064016,0.001436655004900709,7.902182939290395e-09
675,5.898059818321144e-17,0.0018712236904840404,1.6653345369377348e-16,8.184323691096118e-06,0.0018712236904840404,0.0014024546517484426,7.600015859125214e-09
676,1.0408340855860843e-16,0.001870907959908155,2.220446049250313e-16,8.1841108653391e-06,0.001870907959908155,0.001397301914687987,7.640792424252036e-09
677,1.6306400674181987e-16,0.0018708323229578462,2.220446049250313e-16,8.183199081135406e-06,0.0018708323229578462,0.001397677809294294,7.682052570846996e-09
678,3.3480163086352377e-16,0.0018663269684799754,4.163336342344337e-17,8.182751449647974e-06,0.0018663269684799759,0.0014390851435839838,7.570558825985694e-09
679,1.7694179454963432e-16,0.0018604704373842847,8.604228440844963e-16,8.173396741972816e-06,0.001860470437384284,0.0015185905897620521,7.473023210172443e-09
680,2.5326962749261384e-16,0.001860643423311806,1.3461454173580023e-15,8.176359849398906e-06,0.0018606434233118057,0.0015359524607026606,7.571845468857486e-09
681,6.938893903907228e-18,0.001851831930657587,1.3877787807814457e-17,8.18485590969864e-06,0.0018518319306575868,0.0014705765166697984,7.403886639064473e-09
682,6.938893903907228e-18,0.0018429124602415696,9.71445146547012e-17,8.187926304636939e-06,0.00184291246024157,0.0014154043743135624,7.335951515330478e-09
683,6.938893903907228e-18,0.0018335999141065532,8.326672684688674e-17,8.18862862705938e-06,0.001833599914106553,0.0013713904861911896,7.2967221384290715e-09
684,1.124100812432971e-15,0.0017722036419662612,4.218847493575595e-15,8.187506733148275e-06,0.0017722036419662614,0.0013663715151774939,1.0040042900820553e-08
685,1.0096090630185017e-15,0.0017645019713132023,5.412337245047638e-16,8.162807316192122e-06,0.001764501971313202,0.0014348638356655819,1.0176008787582324e-08
686,5.2562121322097255e-16,0.00175771282442098,5.1486592766991635e-15,8.142440631075942e-06,0.00175771282442098,0.0015368285565966842,1.115065436493796e-08
687,2.7538735181131813e-17,0.0017472110170718609,4.163336342344337e-17,8.138004783497799e-06,0.0017472110170718609,0.0014670361777609124,1.0318843874324848e-08
688,2.5370330836160804e-17,0.0017384716160418223,1.942890293094024e-16,8.140070699602653e-06,0.0017384716160418223,0.001419347893896873,9.731749454337382e-09
689,4.787836793695988e-16,0.001695526732976952,5.551115123125783e-17,8.15147870092403e-06,0.0016955267329769523,0.0014448890205110338,1.2990688028642108e-08
690,6.765421556309548e-16,0.0016322650702277654,6.647460359943125e-15,9.124293300022401e-06,0.0016322650702277656,0.0014661053628957912,1.4814024074462793e-08
691,2.1423834928313568e-16,0.0015944089309564264,1.6653345369377348e-16,9.550191647389461e-06,0.0015944089309564266,0.0015393642571236597,1.5497408828155194e-08
692,6.713379852030243e-16,0.0015003905531493348,3.3306690738754696e-15,9.622759139960024e-06,0.001494290755497853,0.0015003905531493348,1.7768737625812827e-08
693,8.326672684688674e-16,0.00158302275358188,1.2087553180606392e-14,8.799790798930118e-06,0.001448747258406909,0.00158302275358188,1.7979807507191226e-08
694,8.057790545912269e-16,0.0016294986429410232,5.551115123125783e-17,9.323501853564231e-06,0.0014066638098580424,0.0016294986429410227,1.5897037260293997e-08
695,8.945752125177897e-16,0.001641796743546119,4.163336342344337e-17,1.024408091032658e-05,0.0013212340807310582,0.001641796743546119,1.229714278334711e-08
696,7.784571598445922e-16,0.0017401268188742668,1.096345236817342e-15,1.0266631891964195e-05,0.0012555509778116977,0.0017401268188742668,1.502894924753493e-08
697,1.5243882545146192e-15,0.0016245712125858283,1.2628786905111156e-15,9.205483163632344e-06,0.0011977075729483321,0.0016245712125858283,1.5234042460185228e-08
698,1.2156074757907476e-15,0.0016815509767443486,4.718447854656915e-16,9.515218878486387e-06,0.0011722616652668136,0.0016815509767443486,1.3130863029555672e-08
699,1.0095006428012532e-15,0.0016535208612757184,2.498001805406602e-16,9.078190073896764e-06,0.0011798692709775378,0.0016535208612757184,1.161518394227779e-08
700,9.525800287457642e-16,0.0015935948348121264,3.7470027081099033e-16,8.883653681124315e-06,0.0011676585223259872,0.0015935948348121264,1.1361523788497997e-08
701,3.962867360651767e-15,0.0014005752250989085,2.275957200481571e-15,8.916821974680467e-06,0.0011315369314239296,0.0014005752250989085,1.1450400512823785e-08
702,3.565290424001333e-15,0.001335933843917859,2.0816681711721685e-16,9.153226183555851e-06,0.0011284506298276144,0.001335933843917859,1.131162165638935e-08
703,2.3925089340237626e-15,0.0013203383435846576,8.049116928532385e-16,9.095172569639765e-06,0.0011154244501607674,0.0013203383435846576,1.1015090505807535e-08
704,1.3272802995567545e-15,0.0013249470287234194,4.718447854656915e-16,8.964079001638758e-06,0.0011109981920162625,0.0013249470287234194,1.12369381015435e-08
705,1.7911019889460533e-16,0.0012674325892575425,1.249000902703301e-16,8.93742714791479e-06,0.0011087753648411501,0.0012674325892575427,1.0939047566544754e-08
706,2.94469310047063e-16,0.0012268144564178446,2.220446049250313e-16,9.004311883664684e-06,0.0010926391775903071,0.0012268144564178446,1.0101504182878818e-08
707,1.1394964832822652e-16,0.0012353343946968794,9.71445146547012e-17,9.12307270839463e-06,0.0010855570377168134,0.0012353343946968792,9.78705779878982e-09
708,1.6479873021779667e-16,0.0011633081944882537,4.996003610813204e-16,9.052281707222498e-06,0.0011085236702534367,0.0011633081944882537,9.710268196561774e-09
709,4.787836793695988e-16,0.00127382251077312,2.942091015256665e-15,9.061769542240139e-06,0.001076881979869377,0.0012738225107731202,1.0131013722866396e-08
710,2.42861286636753e-16,0.0014884307655052662,1.7763568394002505e-15,8.899992367972231e-06,0.001059620755950735,0.0014884307655052664,1.0522695551815328e-08
711,4.0245584642661925e-16,0.00168609347232136,2.733924198139448e-15,8.996726930776688e-06,0.0010645695552638523,0.00168609347232136,1.0973615277253186e-08
712,2.242130092700023e-16,0.001726830027495128,2.3592239273284576e-16,8.831929344588207e-06,0.0010570769439664303,0.001726830027495128,1.1105408949302139e-08
713,4.909267437014364e-16,0.001643949205221245,4.496403249731884e-15,8.984102524423054e-06,0.0010400118404419888,0.001643949205221245,1.138489789202901e-08
714,3.174543961037557e-16,0.0016886536250640604,2.3592239273284576e-16,8.783334549677946e-06,0.0010282473357547642,0.0016886536250640604,1.15974999956356e-08
715,4.163336342344337e-16,0.0016533202729699349,2.7755575615628914e-17,8.978233862921847e-06,0.0010137348598166151,0.0016533202729699349,1.11251539440487e-08
716,5.963111948670274e-16,0.001615325654409376,2.220446049250313e-16,8.565291013895582e-06,0.0010256258433345364,0.001615325654409376,1.0359869223020171e-08
717,7.199102425303749e-16,0.0017320588379138315,4.85722573273506e-16,8.06836902444985e-06,0.0010266916520579887,0.0017320588379138315,1.0764079554897858e-08
718,6.782768791069316e-16,0.0017589094937751303,2.914335439641036e-16,7.79952465190803e-06,0.0010180300064181777,0.00175890949377513,9.997024174720252e-09
719,6.83481049534862e-16,0.0016920715356858278,1.1518563880486e-15,7.594859648962782e-06,0.0010255635378351672,0.0016920715356858278,9.62386573457511e-09
720,8.92081547521073e-16,0.0015511391317624813,1.1102230246251565e-15,7.150681888057342e-06,0.0010259241514773475,0.0015511391317624811,1.0511689437176869e-08
721,1.0395330429791017e-15,0.0015382761098259533,1.5404344466674047e-15,8.046103960657192e-06,0.0010317391929991575,0.0015382761098259533,1.0459333175484441e-08
722,9.35015953551499e-16,0.001448886410551637,1.4849232954361469e-15,7.392062483457806e-06,0.0010434823181746098,0.0014488864105516369,9.504741106991607e-09
723,1.1679025802013854e-15,0.0014407218312695994,5.967448757360216e-16,7.3472481565417525e-06,0.0010512846361307169,0.0014407218312695997,8.9386458173967e-09
724,4.865899350114944e-16,0.001460633233701151,2.3592239273284576e-16,6.514856740663655e-06,0.001052192718658178,0.0014606332337011507,9.513176626657431e-09
725,1.9984014443252818e-15,0.0013341899043666982,1.2906342661267445e-15,6.680314686424715e-06,0.0010428027868718938,0.0013341899043666982,1.1019057869257632e-08
726,3.122502256758253e-17,0.001267838970481151,2.7755575615628914e-17,7.30682200011934e-06,0.0010307917982304373,0.001267838970481151,9.81176512773615e-09
727,4.2370620900733513e-16,0.0013315029427518458,9.71445146547012e-17,7.110772715757108e-06,0.0010203285696354474,0.0013315029427518456,8.204223855464757e-09
728,9.71445146547012e-17,0.0013245620386182605,2.0816681711721685e-16,5.648686765447053e-06,0.0010122085489861672,0.0013245620386182601,9.260737129557908e-09
729,7.979727989493313e-17,0.0013578778437146888,1.3877787807814457e-16,6.163366647826685e-06,0.0009967995046223932,0.0013578778437146886,9.824082355796367e-09
730,9.84455572616838e-17,0.0014173686234918148,9.71445146547012e-17,6.0557621140988616e-06,0.0009843998714972717,0.001417368623491815,9.227591519095516e-09
731,1.3660947373317356e-16,0.0013893044629729428,5.551115123125783e-16,5.937183014892433e-06,0.000973684704124017,0.0013893044629729428,8.554863759302367e-09
732,1.1796119636642288e-16,0.0013939816188683995,1.6653345369377348e-16,5.973335773748478e-06,0.0009619817629869755,0.0013939816188683995,8.42417570809813e-09
733,4.627374872168133e-16,0.001337583554793932,8.049116928532385e-16,6.278628145714449e-06,0.0009436138573269534,0.001337583554793932,9.491063395639596e-09
734,3.5388358909926865e-16,0.0013041616153516079,5.967448757360216e-16,6.4580120105184324e-06,0.0009195133782013508,0.0013041616153516079,9.193640393839616e-09
735,5.971785566050158e-16,0.0013780365319610876,1.8041124150158794e-16,7.210454200864969e-06,0.0009185291802864766,0.0013780365319610874,7.663079908714028e-09
736,4.731458280726741e-16,0.0013756035352459237,3.608224830031759e-16,7.561874142594793e-06,0.0009138315843697228,0.0013756035352459235,7.3721065778546295e-09
737,1.0698907038086958e-15,0.0013200992532190192,2.3592239273284576e-16,7.325765572802068e-06,0.0008889519444761139,0.0013200992532190192,8.261318492309524e-09
738,5.928417479150738e-16,0.0013052243712150231,5.273559366969494e-16,6.773954981623143e-06,0.0008959866417538535,0.001305224371215023,7.512090190118936e-09
739,4.510281037539698e-16,0.0012926754575160353,2.498001805406602e-16,6.856169164778936e-06,0.0009148186316940354,0.0012926754575160353,6.1787742485642315e-09
740,8.322335875998732e-16,0.0012334113544739136,4.163336342344337e-17,6.091948109993028e-06,0.0009122622264906133,0.0012334113544739136,6.5702993016795014e-09
741,4.688090193827321e-16,0.0011985522846054025,4.163336342344337e-17,4.9056544826897586e-06,0.0009264533483807991,0.0011985522846054025,7.285654442839315e-09
742,9.939965517347105e-16,0.0011615171696883753,3.885780586188048e-16,4.440005472283737e-06,0.0009359564592574959,0.0011615171696883753,6.820353186620141e-09
743,3.0097452308197603e-16,0.0011122034780971762,2.0816681711721685e-16,4.234704375161158e-06,0.0009466948464615147,0.0011122034780971762,5.958977411243592e-09
744,1.2923689896027213e-15,0.0010860069615797406,5.828670879282072e-16,4.049639533695859e-06,0.0009633622775602687,0.0010860069615797406,5.994919665361017e-09
745,3.3393426912553537e-16,0.0010586939914292125,1.2212453270876722e-15,3.78181836391267e-06,0.0009801654704765747,0.0010586939914292125,6.3664217686214645e-09
746,1.0538445116559103e-16,0.0010740338793949788,9.71445146547012e-17,3.7357066223764335e-06,0.0009813587993287398,0.0010740338793949786,5.5227986554136485e-09
747,3.0444397003392965e-16,0.0011455078587737139,2.1649348980190553e-15,3.6961496825416162e-06,0.0009942309054171749,0.0011455078587737136,4.8404117423590485e-09
748,7.45931094670027e-17,0.0011531385596508224,1.3877787807814457e-16,3.6217691347095737e-06,0.0009954208553166585,0.0011531385596508224,5.321426711186377e-09
749,1.1709383462843448e-16,0.0011888711984371345,5.273559366969494e-16,3.888725132114579e-06,0.0009978593867706255,0.0011888711984371345,5.956482462884586e-09
750,8.673617379884035e-17,0.001160412612875336,2.498001805406602e-16,4.516802044912671e-06,0.0010054496382065259,0.0011604126128753362,5.149051333543212e-09
751,1.214306433183765e-16,0.0010985227700567254,1.3877787807814457e-17,4.327190599950903e-06,0.0010155347340739525,0.0010985227700567254,4.183579586635112e-09
752,9.107298248878237e-17,0.0010725462826147484,2.636779683484747e-16,3.875706423114855e-06,0.001023977987179068,0.0010725462826147484,4.558386436720829e-09
753,2.6281060661048627e-16,0.0010399034253903848,4.3021142204224816e-16,3.7520417330710876e-06,0.0010399034253903848,0.0010192915666041868,5.627871901768362e-09
754,1.9526481126463935e-16,0.0010386292285963412,1.1102230246251565e-16,3.3242760817397965e-06,0.0010364764685780487,0.001038629228596341,5.715994725587988e-09
755,1.0495077029659683e-16,0.0010694065256200223,6.522560269672795e-16,3.2617351889419055e-06,0.0010347069748160554,0.0010694065256200223,5.0781588811269316e-09
756,2.1163626406917047e-16,0.0010420579071681018,7.494005416219807e-16,3.436161631675816e-06,0.0010302626850698963,0.0010420579071681018,4.584022645571828e-09
757,3.2439329000766293e-16,0.0010148321740936375,3.3306690738754696e-16,3.4737479642776847e-06,0.0010148321740936373,0.000963021713431008,4.45922787952696e-09
758,2.789652189805203e-16,0.0010089456750983531,2.7755575615628914e-16,3.4507462560728897e-06,0.0010089456750983531,0.0009150746965317748,4.3961389799332905e-09
759,2.3722343533982837e-16,0.001000579848608802,1.3739009929736312e-15,3.4021593160460384e-06,0.001000579848608802,0.0008458105835199784,4.080314583745371e-09
760,3.1008182133085427e-16,0.0009874497915363983,2.7755575615628914e-16,3.3272481114732244e-06,0.0009874497915363981,0.0008528274081903229,3.841069663403591e-09
761,4.484260185400046e-16,0.0009691789541108535,2.609024107869118e-15,3.3073323000287758e-06,0.0009691789541108535,0.0009053446905669445,4.313009135425405e-09
762,6.041174505089231e-16,0.0009493042839927349,4.163336342344337e-17,3.2712183924976657e-06,0.0009493042839927349,0.0009196636198381054,4.075014408932434e-09
763,1.7737547541862853e-16,0.0009533440044374628,1.6653345369377348e-16,3.171491081532807e-06,0.0009215313071325008,0.0009533440044374626,3.416981019759257e-09
764,4.90059381963448e-16,0.0009438318378967885,4.440892098500626e-16,3.016517834741883e-06,0.0009152863659542237,0.0009438318378967885,3.0707870022261657e-09
765,4.3237982638721917e-16,0.0008965018613294408,2.914335439641036e-16,3.0613683140584547e-06,0.0008965018613294409,0.0008757451886033306,3.2904630490612873e-09
766,7.24247051220317e-17,0.0008794665987678194,5.551115123125783e-17,2.8939587863874294e-06,0.0008794665987678194,0.000818380091999806,3.887536392763985e-09
767,1.7694179454963432e-16,0.0008690774010713502,6.38378239159465e-16,3.0464046993916583e-06,0.0008690774010713504,0.0007894446252153603,3.8524650906316945e-09
768,5.204170427930421e-17,0.0008571381842397306,1.249000902703301e-16,2.8526998510081114e-06,0.0008571381842397306,0.000776173145374318,3.2139420031730627e-09
769,1.3183898417423734e-16,0.0008766498549166752,1.5265566588595902e-16,2.8283406030560343e-06,0.000827692581657105,0.0008766498549166752,3.20329530496437e-09
770,9.71445146547012e-17,0.0008997185581168214,2.220446049250313e-16,2.8057385577096028e-06,0.0008126134055656496,0.0008997185581168215,4.115246578735605e-09
771,1.3357370765021415e-16,0.0009682755876954925,7.355227538141662e-16,3.198460583164753e-06,0.0007743702317801729,0.0009682755876954925,4.7548020535701214e-09
772,6.938893903907228e-17,0.0010365526354169162,2.498001805406602e-16,2.8922890922267186e-06,0.0007497650935463113,0.0010365526354169162,4.296715436012588e-09
773,1.5265566588595902e-16,0.0010198758473205808,1.1518563880486e-15,2.828413960154208e-06,0.0007255237600030371,0.0010198758473205808,4.1530006533466464e-09
774,6.114900252818245e-17,0.0009661586107198228,2.3592239273284576e-16,2.8440131304152683e-06,0.0007031198290086613,0.0009661586107198228,4.269510892110058e-09
775,2.0122792321330962e-16,0.0008809938579680487,1.6653345369377348e-16,2.9826869618054808e-06,0.0006744794929931816,0.0008809938579680484,4.494037219010104e-09
776,1.249000902703301e-16,0.0008367023938574014,4.579669976578771e-16,3.1339469182684043e-06,0.0006638748048359899,0.0008367023938574014,4.492645235703911e-09
777,1.5439038936193583e-16,0.0007971100573897203,1.5265566588595902e-16,3.083857423674674e-06,0.0006247151490720753,0.0007971100573897203,4.710829464122451e-09
778,1.1709383462843448e-16,0.000844184721500998,2.636779683484747e-16,3.3061911881848705e-06,0.0006098746727477547,0.0008441847215009978,3.989281797533549e-09
779,1.7694179454963432e-16,0.0008540137464540799,2.914335439641036e-16,3.230773143209076e-06,0.0005894149820423042,0.0008540137464540799,3.7904721265880775e-09
780,1.8951853975046618e-16,0.0008334375471947902,1.1102230246251565e-16,3.1468182455640648e-06,0.0005671019356977635,0.0008334375471947902,4.603787895281848e-09
781,2.8666305440516737e-16,0.0008703098374101135,7.077671781985373e-16,3.076136423252329e-06,0.0005514589712165869,0.0008703098374101137,4.612002168249412e-09
782,1.478851763270228e-16,0.0008396608844471006,1.8041124150158794e-16,2.761691623873186e-06,0.0005443349705009038,0.0008396608844471006,4.0364169849559416e-09
783,1.964574336543734e-16,0.0008437283120550983,5.551115123125783e-17,2.4527745098867904e-06,0.000527694588843441,0.0008437283120550983,3.999554092720371e-09
784,2.454633718507182e-16,0.0008097890717926173,3.608224830031759e-16,2.8733316864981706e-06,0.0005201989534895699,0.0008097890717926173,4.225572874262999e-09
785,1.6263032587282567e-16,0.0007530789205682236,1.0824674490095276e-15,2.777090332917176e-06,0.0005034189288199285,0.0007530789205682234,4.247143128331401e-09
786,3.122502256758253e-17,0.0007638712028690915,2.0816681711721685e-16,2.2468763454103202e-06,0.0004897225559112622,0.0007638712028690915,3.697535013646215e-09
787,1.3877787807814457e-16,0.0008176827257304484,6.522560269672795e-16,2.137361247434022e-06,0.0004781486739420158,0.0008176827257304483,3.5655204848411837e-09
788,6.591949208711867e-17,0.0008142293343584142,5.551115123125783e-17,2.2184094447680325e-06,0.00046671351275871613,0.0008142293343584141,3.724865753483084e-09
789,8.326672684688674e-17,0.0008318388732773054,2.636779683484747e-16,2.3117064628652706e-06,0.00045555941295446454,0.0008318388732773053,4.439067996704673e-09
790,1.0061396160665481e-16,0.0007772597051004066,1.8041124150158794e-16,2.603064992806603e-06,0.00044860088517052277,0.0007772597051004066,4.189218917996618e-09
791,7.45931094670027e-17,0.0007307336813560104,5.689893001203927e-16,2.79298207696288e-06,0.000439227552111485,0.0007307336813560105,3.912492381377904e-09
792,4.683753385137379e-17,0.0007528470895136795,2.498001805406602e-16,3.0963954304741304e-06,0.0004380031212408695,0.0007528470895136795,3.5203331224260126e-09
793,1.214306433183765e-16,0.0007013489664936211,3.469446951953614e-16,3.33893285094089e-06,0.0004317013015333041,0.0007013489664936211,3.5233904360409763e-09
794,4.5102810375396984e-17,0.0006641398963312321,2.914335439641036e-16,3.1918982954654007e-06,0.00041961286745178443,0.0006641398963312323,3.6005169752130893e-09
795,1.0581813203458523e-16,0.0006849277380061728,2.7755575615628914e-16,3.1080551015916225e-06,0.00041498474908374346,0.000684927738006173,3.833545745349461e-09
796,7.45931094670027e-17,0.0006670332117224117,4.579669976578771e-16,3.005253378138284e-06,0.0004077188816790948,0.0006670332117224117,3.3477608851532436e-09
797,1.1102230246251565e-16,0.0006432076427061193,6.938893903907228e-16,2.6366145880057923e-06,0.0003923028511711787,0.0006432076427061193,2.8737638120558987e-09
798,4.85722573273506e-17,0.0006413703388573445,3.191891195797325e-16,1.9007749402361052e-06,0.000381925509018092,0.0006413703388573444,3.500513833379198e-09
799,9.020562075079397e-17,0.0005948302628542576,1.1102230246251565e-16,2.262614965537965e-06,0.0003687881594139066,0.0005948302628542576,3.2297378305542794e-09
800,5.204170427930421e-17,0.0005878599687985723,2.636779683484747e-16,1.8201722895572203e-06,0.00036034666361049603,0.0005878599687985723,2.8380909043710378e-09
801,9.367506770274758e-17,0.0005525612539965944,1.6653345369377348e-16,1.7695355482155728e-06,0.0003535826105479787,0.0005525612539965943,2.6606139888633266e-09
802,9.367506770274758e-17,0.0005125558388713816,5.412337245047638e-16,1.7256014117617013e-06,0.00034275201257298013,0.0005125558388713816,2.702260182501373e-09
803,4.163336342344337e-17,0.00050462109386591,2.636779683484747e-16,1.8363085114610211e-06,0.00033404436120710077,0.00050462109386591,2.479909609138827e-09
804,7.112366251504909e-17,0.0004944789359055109,3.191891195797325e-16,1.5177280561218254e-06,0.0003272409477937648,0.0004944789359055109,2.136082351157833e-09
805,8.500145032286355e-17,0.0004917999792105521,4.579669976578771e-16,1.5176108656422826e-06,0.00031502288367559546,0.000491799979210552,2.248354672705416e-09
806,5.204170427930421e-17,0.0005240413531483868,2.914335439641036e-16,1.482472391511891e-06,0.00030314284388122055,0.0005240413531483869,2.2835622913652264e-09
807,9.194034422677078e-17,0.000513219784621905,1.8041124150158794e-16,1.4162403404460733e-06,0.0002919524871875443,0.0005132197846219049,2.2324250244718927e-09
808,4.85722573273506e-17,0.0004933635447566395,8.326672684688674e-17,1.4234717538863517e-06,0.0002786838715462315,0.0004933635447566395,2.2795874363644756e-09
809,1.1796119636642288e-16,0.000466426026317239,1.4849232954361469e-15,1.5218182512852924e-06,0.00026668793329123557,0.00046642602631723895,2.1449835453977855e-09
810,4.163336342344337e-17,0.0004283763576265308,4.996003610813204e-16,1.451297755236669e-06,0.00026172118300565617,0.0004283763576265308,1.9749440680915156e-09
811,8.326672684688674e-17,0.00037330176867259154,8.326672684688674e-17,1.364274728299364e-06,0.00025240311414185314,0.00037330176867259154,1.3833415921190024e-09
812,5.551115123125783e-17,0.000328972934561079,2.7755575615628914e-17,1.360738830613606e-06,0.0002477053870399078,0.000328972934561079,1.625522488730464e-09
813,9.71445146547012e-17,0.00029093273794584705,6.245004513516506e-16,1.3610273994490996e-06,0.00024208255727549955,0.00029093273794584705,1.7453973898880504e-09
814,3.469446951953614e-17,0.00027634733353524345,1.1102230246251565e-16,1.3572211261525524e-06,0.00023739075421799335,0.00027634733353524345,1.529298064469675e-09
815,8.153200337090993e-17,0.0002997769631795117,5.273559366969494e-16,1.3519622420465893e-06,0.00023151797103156195,0.0002997769631795116,1.0771275409051672e-09
816,6.938893903907228e-17,0.00029843448235821325,6.106226635438361e-16,1.3508687471963654e-06,0.00022762043452300278,0.0002984344823582133,1.2654404674047785e-09
817,4.85722573273506e-17,0.0002974435392447139,2.7755575615628914e-16,1.348268603651448e-06,0.0002220614774862939,0.000297443539244714,1.5872276697567085e-09
818,5.551115123125783e-17,0.00029011346166389206,4.0245584642661925e-16,1.3415785121706492e-06,0.0002179063130069122,0.00029011346166389206,1.3655410763858567e-09
819,6.765421556309548e-17,0.0002663368729862541,1.3877787807814457e-16,1.3378622578663624e-06,0.0002138251598938705,0.0002663368729862541,9.614493257902532e-10
820,1.734723475976807e-17,0.0002542531008368637,1.1102230246251565e-16,1.3379678897029734e-06,0.000211700060006004,0.0002542531008368637,9.276451044771813e-10
821,1.5612511283791264e-16,0.00021699158708301597,2.636779683484747e-16,1.338486788737825e-06,0.00020829931787192838,0.00021699158708301597,1.1940039651703136e-09
822,6.83481049534862e-16,0.00020694557419260545,2.220446049250313e-16,1.3382075095824675e-06,0.00020694557419260548,0.00020449413594235768,1.1858503444558086e-09
823,1.1162945567910754e-15,0.00022890709712742859,2.914335439641036e-16,1.3369752263070467e-06,0.00020290333533923272,0.00022890709712742859,9.030183750875904e-10
824,7.385585198971256e-16,0.00022492082233836131,3.885780586188048e-16,1.3349034525544923e-06,0.00020318988369075517,0.00022492082233836134,9.208266268645494e-10
825,1.0061396160665481e-15,0.0002452875290405108,1.1518563880486e-15,1.3350733466532816e-06,0.00020224745645807017,0.00024528752904051074,9.831965932999727e-10
826,9.610368056911511e-16,0.0002445213208263884,8.743006318923108e-16,1.3334858998126364e-06,0.00020216587218211692,0.00024452132082638834,9.915470116413704e-10
827,1.061650767297806e-15,0.0002344911323635804,1.0130785099704553e-15,1.3334079426163825e-06,0.000201198219486822,0.0002344911323635804,8.943455276641784e-10
828,1.3912482277333993e-15,0.0002408221637378071,5.828670879282072e-16,1.334721999368682e-06,0.00020212519965362414,0.00024082216373780708,9.962281734445766e-10
829,2.7304547511874944e-15,0.00024906435406024137,9.992007221626409e-16,1.3332365558227366e-06,0.00020334442318974128,0.0002490643540602413,9.94012142859262e-10
830,2.465042059363043e-15,0.00024896147102850685,2.0816681711721685e-16,1.331956225425479e-06,0.00020343407395947987,0.00024896147102850685,9.849315204634019e-10
831,2.4789198471708573e-15,0.00024902057612206013,2.373101715136272e-15,1.331968559004082e-06,0.00020326003659104077,0.00024902057612206013,9.949834063155263e-10
832,2.34708086299662e-15,0.00026634524862192185,1.942890293094024e-16,1.3318145489771283e-06,0.00020188262762583066,0.00026634524862192174,1.0750869062354544e-09
833,2.445960101127298e-15,0.0002801127294105325,2.3175905639050143e-15,1.3302443039320266e-06,0.0001986234076344328,0.0002801127294105326,1.110555161457567e-09
834,1.04937759870527e-14,0.0002691923147411097,1.6375789613221059e-15,1.329052244036788e-06,0.00019582761047408362,0.0002691923147411097,1.2103151006121847e-09
835,1.292759302384816e-14,0.0002866213807710523,1.3489209749195652e-14,1.3315542090053256e-06,0.00019548943543634052,0.0002866213807710523,1.5496281316340574e-09
836,1.1721092846306291e-14,0.00027344791008453997,9.631184738623233e-15,1.3331506560909645e-06,0.00019502441296071263,0.0002734479100845401,1.5773197425506277e-09
837,4.502474781897803e-15,0.00026478908083791045,7.355227538141662e-16,1.3345002507492154e-06,0.0001925757437449177,0.00026478908083791045,1.478041165930488e-09
838,5.293942367812221e-15,0.00026456405369096054,7.91033905045424e-15,1.336710734878288e-06,0.0001880746625150031,0.00026456405369096054,1.3088724327983275e-09
839,9.482865881427216e-15,0.0002735900507507763,2.55351295663786e-15,1.3379270071833815e-06,0.0001843097821204053,0.00027359005075077624,1.3612847075112189e-09
840,9.025766245507327e-15,0.0002684728369070718,3.1086244689504383e-15,1.3481317851921082e-06,0.00018252087953968407,0.0002684728369070718,1.3744116581503488e-09
841,4.388416713352328e-15,0.0002582188797065037,2.942091015256665e-15,1.3383382532206056e-06,0.0001811673168983526,0.0002582188797065037,1.3649179373291924e-09
842,1.5834555888716295e-14,0.0002519030949205193,9.159339953157541e-16,1.337728873118671e-06,0.00017916494820679674,0.0002519030949205193,1.3698855235026376e-09
843,1.8127860323957634e-15,0.0002571773341575665,5.176414852314792e-15,1.4155425440559588e-06,0.00017799470272737044,0.0002571773341575665,1.5488335061918838e-09
844,5.325601071248798e-15,0.0002785027771890466,2.9837243786801082e-15,1.3333639808932318e-06,0.00017456551447699015,0.0002785027771890466,1.7351484303549376e-09
845,7.082875952413303e-15,0.0002811444329046362,4.704570066849101e-15,1.3243298991882924e-06,0.00017203397391664268,0.0002811444329046362,1.675599116794365e-09
846,1.4779844015322396e-15,0.0002833913279735548,1.9290125052862095e-15,1.3204942186373358e-06,0.00017061612674832183,0.0002833913279735548,1.5244606577668681e-09
847,8.94249951866044e-16,0.0002837996692324623,9.992007221626409e-16,1.3192096781633467e-06,0.00016901418172235775,0.00028379966923246225,1.4551761114096555e-09
848,5.674280489920136e-15,0.0002761741210134693,1.4710455076283324e-15,1.318189332133457e-06,0.00016671867903069566,0.00027617412101346933,1.6993489060203446e-09
849,2.2169766022983595e-15,0.00024617958771778125,3.885780586188048e-16,1.3164177169455726e-06,0.0001649042533214137,0.00024617958771778125,1.6690435178852977e-09
850,2.7929047963226594e-15,0.00024127229668668846,3.885780586188048e-16,1.3185384042380122e-06,0.00016469506599479973,0.00024127229668668849,1.6143742821649737e-09
851,6.123573870198129e-16,0.00023389803168425154,1.609823385706477e-15,1.3191031043024992e-06,0.0001637694315956174,0.00023389803168425148,1.5521802151552791e-09
852,1.1796119636642288e-16,0.000223656419101536,5.967448757360216e-16,1.3196273334070696e-06,0.0001627534294545382,0.00022365641910153603,1.4620293090173477e-09
853,3.642919299551295e-17,0.00022413751785779637,3.469446951953614e-16,1.3210150729969783e-06,0.00016109763594309502,0.00022413751785779632,1.4464400509032997e-09
854,6.071532165918825e-17,0.00022616337749657936,1.3877787807814457e-17,1.3199155268761587e-06,0.000163024611144658,0.00022616337749657936,1.4958267827970576e-09
855,7.979727989493313e-17,0.00022731517248393516,1.0269562977782698e-15,1.3215920254827651e-06,0.0001613719433741679,0.00022731517248393516,1.4393738134601689e-09
856,1.0755285551056204e-16,0.00022661442052758892,1.1934897514720433e-15,1.3168719730227707e-06,0.00016135957588628703,0.00022661442052758894,1.3845867732585332e-09
857,1.6132928326584306e-16,0.0002216948182325766,1.0685896612017132e-15,1.316741704893154e-06,0.0001602981450805162,0.0002216948182325766,1.3777132432517557e-09
858,5.724587470723463e-17,0.00019889000936081644,5.134781488891349e-16,1.315826935521791e-06,0.00015872365640183327,0.00019889000936081644,1.2029161464402467e-09
859,2.949029909160572e-17,0.0002058868722531992,2.3592239273284576e-16,1.3174744530886073e-06,0.00015973526300227836,0.0002058868722531992,1.2489941435739915e-09
860,5.898059818321144e-17,0.00019285784993619732,3.469446951953614e-16,1.3177217760285131e-06,0.00015759174590889964,0.0001928578499361973,1.2382334247537746e-09
861,9.367506770274758e-17,0.00018421403641728063,4.579669976578771e-16,1.3175837600964968e-06,0.0001557384417399698,0.00018421403641728063,1.3434383443622167e-09
862,8.838416110101832e-16,0.00017140533614161602,1.5959455978986625e-15,1.3209590484786204e-06,0.00015590194248438964,0.00017140533614161605,1.3782879502075123e-09
863,6.700369425960417e-16,0.00017775458664545893,3.3306690738754696e-16,1.3213662168887197e-06,0.0001552495938192917,0.00017775458664545893,1.3958138837175936e-09
864,3.622969979577562e-15,0.00018095794086947365,1.4432899320127035e-15,1.3194004159222672e-06,0.00015777076672996132,0.00018095794086947365,1.3888305658762363e-09
865,1.7165088794790506e-15,0.0001886367904401907,2.914335439641036e-16,1.3249135645265753e-06,0.00015858968727413102,0.0001886367904401907,1.3651559944139658e-09
866,1.5855372570428017e-15,0.00018598388619095967,8.326672684688674e-17,1.3275644238364137e-06,0.0001580624253106421,0.00018598388619095967,1.4034043655029738e-09
867,1.033895191682177e-15,0.00017635794862084803,7.91033905045424e-16,1.3248097754381405e-06,0.0001567045891610756,0.00017635794862084808,1.4275253332326928e-09
868,1.4563003580825296e-15,0.00018454483171226536,2.636779683484747e-16,1.3160047417359877e-06,0.0001565411377429913,0.00018454483171226536,1.270817493547376e-09
869,1.19522447494802e-15,0.00019366458056558594,2.7200464103316335e-15,1.3132388697600916e-06,0.00015772342497402677,0.00019366458056558594,1.2733041030460692e-09
870,1.7078352620991666e-15,0.00019543663007091474,1.3877787807814457e-16,1.3079851519659513e-06,0.00015815008954775655,0.00019543663007091474,1.3212906504351223e-09
871,3.750038474192863e-15,0.0002006834435957884,5.967448757360216e-16,1.306886238006122e-06,0.00016075060070269454,0.00020068344359578841,1.6021573592497844e-09
872,1.488956527517793e-14,0.00019674645134492175,9.298117831235686e-16,1.3057449195219561e-06,0.00016519238009835255,0.0001967464513449218,2.0402539197322416e-09
873,6.976624139509724e-15,0.00019127861252658153,3.0531133177191805e-16,1.302293859195558e-06,0.0001637325987733931,0.0001912786125265815,1.9679182955454937e-09
874,6.938893903907228e-18,0.0001811695273802855,9.71445146547012e-17,1.2988474598074617e-06,0.00016055373342981546,0.0001811695273802855,1.62705203738014e-09
875,1.1996913878986604e-14,0.00020965394535363245,1.8596235662471372e-15,1.2989771036586717e-06,0.0001596166509583904,0.00020965394535363247,1.3981715688155073e-09
876,4.167239470165285e-15,0.0002043923627495736,8.326672684688674e-17,1.2995665307213855e-06,0.00016028170963671933,0.00020439236274957362,1.4695557505941152e-09
877,1.1917550279960665e-15,0.00020838755331600346,6.245004513516506e-16,1.3005047937442171e-06,0.0001591005397778391,0.00020838755331600348,1.4332310668661744e-09
878,3.7600131341797294e-16,0.00020909785547044453,5.551115123125783e-17,1.3017980748930569e-06,0.00016051737412989953,0.00020909785547044456,1.3800316203482081e-09
879,2.1684043449710089e-16,0.000209682220223028,5.551115123125783e-17,1.2984100112856112e-06,0.00016057896250603647,0.000209682220223028,1.38513322653999e-09
880,5.724587470723463e-16,0.00018794221842674219,4.593547764386585e-15,1.2985010929833507e-06,0.0001573153505238376,0.00018794221842674219,1.3301968244038516e-09
881,6.938893903907228e-16,0.00018882790020833696,2.858824288409778e-15,1.2963387778786029e-06,0.0001556770413264646,0.000188827900208337,1.2939968941874042e-09
882,1.5751289161869408e-15,0.00018442011980050247,3.0808688933348094e-15,1.2938641087423264e-06,0.0001540505605253918,0.00018442011980050247,1.1615007143783553e-09
883,1.3114509478384662e-15,0.0001801189734446874,1.0852430065710905e-14,1.2936129060170387e-06,0.00015353746291843658,0.00018011897344468743,1.1434965775070078e-09
884,1.1635657715114434e-15,0.0002063814985726374,4.579669976578771e-16,1.2930029895663608e-06,0.00015675182984217003,0.0002063814985726374,1.2631474793434966e-09
885,1.3105835861004778e-15,0.00021340781074064775,2.1649348980190553e-15,1.2964601682208254e-06,0.00015809276961567789,0.00021340781074064778,1.291927357163388e-09
886,1.2377252001094519e-15,0.00020423906178956212,7.896461262646426e-15,1.300710891327661e-06,0.0001563646168960081,0.00020423906178956212,1.2569347989242376e-09
887,1.0508087455729509e-15,0.00021143661663364515,5.134781488891349e-16,1.3013309081433277e-06,0.0001572491490056412,0.00021143661663364515,1.2108630741733478e-09
888,8.881784197001252e-16,0.00021132227389506874,2.498001805406602e-16,1.2989927126172418e-06,0.00015718705297197732,0.00021132227389506874,1.2119145477054405e-09
889,7.441963711940502e-16,0.0002093275394610482,1.1796119636642288e-15,1.300134956583321e-06,0.00015735622079931155,0.0002093275394610482,1.2767192150126102e-09
890,1.2112706671008056e-15,0.00021068155711465223,2.220446049250313e-16,1.297346928108567e-06,0.0001584423795619953,0.0002106815571146522,1.3392514485808144e-09
891,5.7332610881033474e-15,0.00020636870994786917,1.582067810090848e-15,1.3001309755455992e-06,0.00016209464452428306,0.00020636870994786917,1.517769902935847e-09
892,5.942295266958553e-15,0.00019942412229436162,4.5102810375396984e-15,1.3105260613377467e-06,0.00016117032439810541,0.00019942412229436162,1.4918686890885891e-09
893,4.5467102305352114e-15,0.00020670103425045672,9.575673587391975e-16,1.3082566110433902e-06,0.0001618710358763063,0.00020670103425045674,1.4728276772276866e-09
894,3.449931312848875e-15,0.00020495343458203425,8.049116928532385e-16,1.3097624346203318e-06,0.00016113421865264488,0.00020495343458203427,1.4285770199662624e-09
895,2.6189987678559845e-15,0.00019922866613910953,6.938893903907228e-16,1.308648085229791e-06,0.0001593570146057843,0.00019922866613910953,1.373981308025494e-09
896,2.141082450224374e-15,0.00020424474150886355,8.326672684688674e-17,1.3080879214255603e-06,0.00015995564797898512,0.00020424474150886355,1.3600280388112065e-09
897,2.2299870283681855e-15,0.00020226159355285066,5.828670879282072e-16,1.3044785898141953e-06,0.00016001360722580626,0.0002022615935528507,1.3487739157713114e-09
898,7.26415455565288e-16,0.00019475731575858068,1.1102230246251565e-16,1.3071522765306653e-06,0.00015744785528536473,0.0001947573157585807,1.2668298335703602e-09
899,5.204170427930421e-17,0.00019381853573808544,1.5265566588595902e-16,1.3033043066990047e-06,0.00015967416617491734,0.00019381853573808544,1.375720571299132e-09
900,4.163336342344337e-17,0.00020215700532969373,1.1102230246251565e-16,1.3074012487068742e-06,0.00015940767367530377,0.00020215700532969375,1.359315402082754e-09
901,4.5102810375396984e-17,0.000191994744435014,2.914335439641036e-16,1.3071729810798516e-06,0.00015857093706575506,0.000191994744435014,1.4171319582763575e-09
902,2.5652223401007035e-15,0.00018899167969601996,9.575673587391975e-16,1.305363804826598e-06,0.00015688080505556182,0.00018899167969601996,1.5262395039809582e-09
903,1.7681169028893606e-15,0.00018182713600687562,1.7763568394002505e-15,1.3078787922671253e-06,0.00015537683289231857,0.0001818271360068756,1.378335774377431e-09
904,1.710871028182126e-15,0.0001903487544054564,1.6237011735142914e-15,1.307415192886019e-06,0.00015662478201495665,0.0001903487544054564,1.4456317092480902e-09
905,1.869598226234004e-15,0.00019941366326988683,2.7755575615628914e-17,1.307212964873905e-06,0.00015711195096256475,0.0001994136632698868,1.4400112656636905e-09
906,1.9073284618364994e-15,0.0002042908747812655,5.412337245047638e-16,1.3053310268240637e-06,0.00015677453640998976,0.0002042908747812655,1.4199335507237284e-09
907,1.584236214435819e-15,0.0002058537737802063,2.0816681711721685e-16,1.3018771106709792e-06,0.0001556026404740407,0.0002058537737802063,1.3762784316796576e-09
908,1.4467593789646571e-15,0.00021040159244801408,5.273559366969494e-16,1.3015763535850766e-06,0.00015756820379309182,0.00021040159244801405,1.460878961033413e-09
909,2.0690914259713367e-15,0.0002059354422581353,7.494005416219807e-16,1.3045207729600605e-06,0.00015598206793732068,0.0002059354422581353,1.348236738571951e-09
910,2.067790383364354e-15,0.00020837721475979284,3.191891195797325e-16,1.304060586848621e-06,0.00015761292488144745,0.00020837721475979284,1.4658983073650908e-09
911,2.316723202167026e-15,0.0002092117207313229,9.992007221626409e-16,1.3025367237018415e-06,0.00015667448705800052,0.0002092117207313229,1.4213002394045345e-09
912,1.9953656782423224e-15,0.00021846510438838437,1.457167719820518e-15,1.3012031799819468e-06,0.00015814515249154996,0.00021846510438838437,1.534545111080821e-09
913,2.0283254242858817e-15,0.00021666538181916494,1.1379786002407855e-15,1.3019097119260081e-06,0.00015794016457079416,0.00021666538181916494,1.5317526982504475e-09
914,2.0751629581372555e-15,0.00022464773981023387,5.551115123125783e-17,1.3019355054044723e-06,0.00015845186012390265,0.00022464773981023385,1.5052297411125226e-09
915,2.533997317533121e-15,0.0002158489002172768,1.8318679906315083e-15,1.3051197551572358e-06,0.0001595583027731647,0.00021584890021727682,1.5730955319209138e-09
916,2.864895820575697e-15,0.00021197875665851724,1.2212453270876722e-15,1.3034184423998951e-06,0.00015985252017077385,0.0002119787566585172,1.593688472217564e-09
917,2.950764632636549e-15,0.00020890111029607056,1.7208456881689926e-15,1.3026192821063987e-06,0.00015707814586106731,0.00020890111029607053,1.5071225515397573e-09
918,2.5699928296596397e-15,0.00019423586145278228,8.743006318923108e-16,1.2989229947191205e-06,0.00015438555300603565,0.00019423586145278228,1.3732077255916349e-09
919,2.233456475320139e-15,0.00021431660598546486,2.248201624865942e-15,1.2990658139200306e-06,0.00015668525937720618,0.0002143166059854649,1.5292149637778423e-09
920,2.5097111888694457e-15,0.00021471727209213502,4.163336342344337e-16,1.299949415889401e-06,0.00015613579877099413,0.00021471727209213502,1.4858637846456876e-09
921,2.0539125955565396e-15,0.00021071807861520136,3.4555691641457997e-15,1.2996828653299985e-06,0.00015591330855614215,0.00021071807861520136,1.5196816789880937e-09
922,1.9055937383605226e-15,0.00021190218281162657,1.0130785099704553e-15,1.301135529208075e-06,0.00015551181508048742,0.00021190218281162657,1.5177540758785222e-09
923,1.2984405217686401e-15,0.0002147736916654997,2.4424906541753444e-15,1.3032114255517868e-06,0.00015571254428119728,0.00021477369166549972,1.4914962163300699e-09
924,8.413408858487514e-16,0.00020580656560969369,8.881784197001252e-16,1.3085800596446262e-06,0.0001562547147333495,0.00020580656560969369,1.4852014441351292e-09
925,2.321060010856968e-15,0.0001979198845963158,3.649858193455202e-15,1.3085427941206262e-06,0.00015761176112730728,0.00019791988459631578,1.5408584815377015e-09
926,4.784367346744034e-15,0.00020409108376060153,7.382983113757291e-15,1.3111053108749715e-06,0.00015766275180399632,0.00020409108376060153,1.5674055327215779e-09
927,3.2595454113604205e-15,0.00019395836340942987,6.0923488476305465e-15,1.3104143452569161e-06,0.00015509541609957093,0.00019395836340942987,1.4566440572979169e-09
928,1.9606712087227862e-15,0.000195124280244057,5.273559366969494e-16,1.3011008078711583e-06,0.00015480887101439617,0.000195124280244057,1.4694772133002157e-09
929,1.4584687624275006e-15,0.00019643023372226614,3.0531133177191805e-16,1.3057078894762597e-06,0.00015473710958911136,0.00019643023372226614,1.439735552864014e-09
930,5.661703744719304e-15,0.00019905174405265906,7.771561172376096e-16,1.300786406144283e-06,0.00015675367605587695,0.00019905174405265906,1.654090046118917e-09
931,3.493082559313798e-14,0.00021594740049162497,1.1407541578023483e-14,1.3287275253404118e-06,0.00015818741923331054,0.00021594740049162497,1.7358257485239602e-09
932,2.3638643126266956e-14,0.00021482554537807043,7.674416657721395e-15,1.369589155419959e-06,0.00015803210994177032,0.00021482554537807043,1.6990517842594414e-09
933,6.938893903907228e-18,0.0002024013377623874,2.7755575615628914e-17,1.3728399960166726e-06,0.00015558766848774064,0.00020240133776238742,1.543939412073566e-09
934,2.2860185966422364e-14,0.00023190332610705653,1.2295719997723609e-14,1.3694672780228956e-06,0.00016163740855086172,0.00023190332610705655,1.7584134311087303e-09
935,2.0174400344741272e-14,0.00024054741935509112,4.9682480351975755e-15,1.4041068178149985e-06,0.0001638512602293268,0.00024054741935509112,1.9182601313262637e-09
936,4.5748994870198345e-15,0.00024896405521266204,1.5404344466674047e-15,1.4164092170254605e-06,0.00016494491300708032,0.000248964055212662,2.0177704424708427e-09
937,4.904930628324422e-16,0.00028775143649428293,7.494005416219807e-16,1.4170039221994557e-06,0.00016862250672537157,0.00028775143649428293,2.1324558602850308e-09
938,4.2327252813834093e-16,0.00031877314799294917,2.8727020762175925e-15,1.407298387157141e-06,0.00016903083536554922,0.0003187731479929491,2.2564158564631466e-09
939,4.5102810375396984e-17,0.00032055467998521426,9.71445146547012e-17,1.3834768363141237e-06,0.00016984273296582076,0.0003205546799852143,2.267283585766026e-09
940,5.898059818321144e-17,0.0003312579045514799,0.0,1.3845622477415276e-06,0.00017340762436345825,0.00033125790455147984,2.3471507715396135e-09
941,2.393918396847994e-16,0.0003553972303192844,9.853229343548264e-16,1.4409310755275628e-06,0.000177487485690796,0.0003553972303192844,2.443172671896011e-09
942,1.6306400674181987e-16,0.00034699903581952537,4.3021142204224816e-16,1.7309354019140466e-06,0.00018120310365216233,0.00034699903581952537,2.375187824671285e-09
943,1.4814538484841933e-15,0.0003212182451154327,9.18709552877317e-15,1.6697737091064813e-06,0.00017961752482734006,0.00032121824511543263,2.3827482686352246e-09
944,1.177877240188252e-15,0.00031535507652179716,8.43769498715119e-15,1.5761627724097949e-06,0.00018055262396192174,0.00031535507652179716,2.4513335673811404e-09
945,6.938893903907228e-18,0.000300740145969063,2.7755575615628914e-17,1.592574452979889e-06,0.00017779808343964526,0.000300740145969063,2.2112674317653783e-09
946,1.3149203947904198e-15,0.0002134117942696793,9.853229343548264e-16,1.454581070370331e-06,0.00017122935398829396,0.00021341179426967932,1.8492911137707027e-09
947,1.9081958235744878e-17,0.00019986427802648544,2.7755575615628914e-17,1.4558142663601004e-06,0.00017044748274283974,0.00019986427802648547,1.7627625504121514e-09
948,1.7694179454963432e-16,0.00023362127439612306,9.298117831235686e-16,1.4521135903722282e-06,0.0001681119866768031,0.00023362127439612306,1.7710161446776877e-09
949,3.122502256758253e-17,0.00022735063232309766,8.326672684688674e-17,1.5208101226127368e-06,0.000167802701918741,0.00022735063232309766,1.7741354130225466e-09
950,9.540979117872439e-17,0.00023038066729448903,6.938893903907228e-17,1.485144372148639e-06,0.00017199036615674692,0.00023038066729448903,1.7244066584970538e-09
951,3.5041414214731503e-16,0.00023583970781291728,1.4155343563970746e-15,1.3965844488650347e-06,0.00018652702034203356,0.0002358397078129173,2.101168545914619e-09
952,3.0531133177191805e-16,0.0002397234560680706,1.5404344466674047e-15,1.3937294558452606e-06,0.00018848717429650235,0.00023972345606807058,2.196929470143104e-09
953,5.898059818321144e-17,0.00025053247766576597,2.7755575615628914e-17,1.4606798208749439e-06,0.00019095128637038988,0.00025053247766576597,1.958595869485294e-09
954,2.0816681711721685e-16,0.00025713647728169077,7.355227538141662e-16,1.3826647892734023e-06,0.00020876347453669533,0.00025713647728169077,1.8046804793986115e-09
955,1.5439038936193583e-16,0.000285155277975974,2.0816681711721685e-16,1.5372869127672217e-06,0.00021499909031188593,0.000285155277975974,1.874031800960059e-09
956,5.551115123125783e-17,0.00029224960657712063,1.1102230246251565e-16,1.3529964452141385e-06,0.0002182714260653266,0.00029224960657712063,1.6607292046677916e-09
957,1.2663481374630692e-16,0.0003112796345634408,4.0245584642661925e-16,1.3359011574731738e-06,0.00022282759012879876,0.0003112796345634407,1.6587648606871833e-09
958,1.5178830414797062e-16,0.0003002507417033073,1.3461454173580023e-15,1.353933818393216e-06,0.00021679842826157186,0.00030025074170330734,2.0305284145028397e-09
959,4.85722573273506e-17,0.0003039326947657107,1.8041124150158794e-16,1.5150199683677812e-06,0.0002126619030869243,0.00030393269476571076,2.080601578214167e-09
960,9.020562075079397e-17,0.00030021322254926777,2.220446049250313e-16,1.5935372241759893e-06,0.00021463575865158363,0.00030021322254926777,1.768537065660362e-09
961,1.249000902703301e-16,0.0002898383227369855,4.163336342344337e-16,1.3387661333963408e-06,0.000208547124285694,0.0002898383227369855,1.5587799833404554e-09
962,1.1102230246251565e-16,0.00028011060872567883,3.0531133177191805e-16,1.3350341690476775e-06,0.00020833430793990373,0.00028011060872567883,1.8113356903355259e-09
963,5.204170427930421e-17,0.00029519462607304457,4.163336342344337e-16,1.5452127379855796e-06,0.00021457397601270498,0.00029519462607304457,2.1680000334159485e-09
964,9.367506770274758e-17,0.00030588034062028785,4.163336342344337e-17,1.4657976112469884e-06,0.00021215688746751394,0.0003058803406202879,2.0130091273717274e-09
965,1.5959455978986625e-16,0.0003300595789356101,1.3183898417423734e-15,1.470666626757211e-06,0.00021607777764761605,0.0003300595789356101,1.8362058449889646e-09
966,7.979727989493313e-17,0.00036312717234940166,4.579669976578771e-16,1.5938042306068434e-06,0.00022359771100806966,0.0003631271723494016,2.2245172307715097e-09
967,1.6132928326584306e-16,0.00040193978542309616,9.853229343548264e-16,1.6469164629273614e-06,0.00022876374623113048,0.00040193978542309616,2.705557250054807e-09
968,7.632783294297951e-17,0.0004188940072614521,2.220446049250313e-16,1.4778576156171397e-06,0.00023243909404528342,0.0004188940072614521,2.414568248794825e-09
969,9.020562075079397e-17,0.000458871587508518,6.938893903907228e-17,1.4483842526447077e-06,0.00024861439253177843,0.000458871587508518,2.5603561910819967e-09
970,1.3183898417423734e-16,0.0004338026349135522,1.5265566588595902e-16,1.5935890371049366e-06,0.0002548853397072494,0.00043380263491355213,2.3781464066233876e-09
971,1.2663481374630692e-16,0.0003985788845704913,4.579669976578771e-16,1.6409730394240096e-06,0.000260044240246945,0.0003985788845704913,2.4238575488415865e-09
972,5.0306980803327406e-17,0.00035562901794089404,2.3592239273284576e-16,1.6510091125077064e-06,0.00026417375470305643,0.00035562901794089404,2.7311758001592707e-09
973,9.367506770274758e-17,0.0003264205243517635,7.494005416219807e-16,1.652642956789796e-06,0.00026378731560949603,0.0003264205243517635,2.081354110167942e-09
974,1.717376241217039e-16,0.00031916500422997525,1.3600232051658168e-15,1.6154668947970796e-06,0.0002657920796124448,0.00031916500422997525,1.9676404904240136e-09
975,5.204170427930421e-17,0.000366519871860488,4.579669976578771e-16,1.6875697957940972e-06,0.0002665407367530519,0.00036651987186048793,2.3228159179435794e-09
976,9.71445146547012e-17,0.0003723795226795667,7.077671781985373e-16,1.7087115060376856e-06,0.00026038534021193926,0.0003723795226795667,2.2237010310612528e-09
977,1.0755285551056204e-16,0.00036126177808158157,5.967448757360216e-16,1.6243149375677612e-06,0.00025503069235146,0.00036126177808158157,2.1241584477540683e-09
978,3.122502256758253e-17,0.0003500557988222481,3.3306690738754696e-16,1.418294622357319e-06,0.0002491662758538521,0.0003500557988222481,2.0536224869051425e-09
979,1.8735013540549517e-16,0.0003335370777360775,8.326672684688674e-17,1.3695715909978201e-06,0.00023257708046854107,0.0003335370777360775,1.7599041608344735e-09
980,1.0061396160665481e-16,0.0003132233682835096,8.326672684688674e-17,1.3509909471132175e-06,0.0002250705274688892,0.00031322336828350954,1.964173861970587e-09
981,3.469446951953614e-17,0.00031115140146258775,3.469446951953614e-16,1.2780918983851253e-06,0.0002169719011147226,0.00031115140146258775,1.9060607592999877e-09
982,8.535273182674885e-15,0.00029323933100440893,1.7486012637846216e-15,1.3380339627805382e-06,0.00020908878967797504,0.000293239331004409,1.3506395708127012e-09
983,1.5901342742541402e-14,0.0002709978825963714,3.3306690738754696e-15,1.3503682175924903e-06,0.00020012075546335515,0.0002709978825963714,1.4914621960799442e-09
984,2.6185650869869903e-15,0.0002608167006310225,4.440892098500626e-16,1.2794836974500123e-06,0.0001926916689087905,0.0002608167006310225,1.5649468348491433e-09
985,1.4011361515464671e-14,0.00024317379634540922,2.733924198139448e-15,1.2744383403179294e-06,0.00018509664855439727,0.00024317379634540925,1.2492368763512059e-09
986,6.424114712411111e-15,0.000227067867171501,1.5959455978986625e-15,1.2824129916877425e-06,0.00017686438928305262,0.000227067867171501,1.337136780393841e-09
987,2.530094189712173e-15,0.00023923069551967706,3.7470027081099033e-16,1.2306922290150624e-06,0.00016875801574997026,0.00023923069551967706,1.6482423411899154e-09
988,2.5396351688300456e-15,0.0002468372327327569,6.245004513516506e-16,1.2339861106130945e-06,0.00016407720343623769,0.0002468372327327569,1.4223759821430375e-09
989,2.7412967729123494e-15,0.00024740426495118144,1.1796119636642288e-15,1.3527665658347177e-06,0.00015946149579321698,0.00024740426495118144,1.3463086786260559e-09
990,2.2551405187698492e-17,0.00024726656029760063,4.163336342344337e-17,1.4700430071290516e-06,0.0001574390549762514,0.00024726656029760063,1.1656950872269443e-09
991,1.0755285551056204e-16,0.0002276106238664385,1.3877787807814457e-17,1.4583384940480837e-06,0.00015362382272298677,0.0002276106238664385,1.0477181751610711e-09
992,7.979727989493313e-17,0.00023029025326090082,2.3592239273284576e-16,1.316969417491931e-06,0.00015286039224794552,0.0002302902532609008,1.229976699970926e-09
993,6.938893903907228e-17,0.0002301784693259847,2.636779683484747e-16,1.1163962885529788e-06,0.00015207064866772584,0.00023017846932598467,1.0373546527870988e-09
994,9.020562075079397e-17,0.00021653447125224328,2.7755575615628914e-16,8.999794078035084e-07,0.00014931213437302627,0.00021653447125224328,9.60745773111155e-10
995,7.806255641895632e-17,0.0002118850301660463,2.7755575615628914e-16,6.958297150694293e-07,0.00014912860464683195,0.0002118850301660463,9.742603344129316e-10
996,5.204170427930421e-17,0.00020694952031832155,4.163336342344337e-17,7.666258939886816e-07,0.00014772854536767611,0.00020694952031832155,9.296399337175361e-10
997,9.367506770274758e-17,0.0002081952374602935,2.0816681711721685e-16,7.799142490716449e-07,0.00014287980724882245,0.0002081952374602935,1.0055322437106253e-09
998,1.0061396160665481e-16,0.00020959676725740295,1.942890293094024e-16,7.329709686976216e-07,0.00014103347441026635,0.00020959676725740295,8.431722424845795e-10
999,8.326672684688674e-17,0.0002114135587441404,6.245004513516506e-16,7.625437747904584e-07,0.0001377236473553897,0.0002114135587441404,7.87942951904584e-10
1000,5.204170427930421e-17,0.00020305767440534868,3.191891195797325e-16,7.530908858743857e-07,0.00013315203807086288,0.0002030576744053487,9.651787688107708e-10
1001,9.367506770274758e-17,0.0002058862239507906,6.938893903907228e-17,6.741287080780367e-07,0.00012867978975189548,0.00020588622395079057,8.607123013870047e-10
1002,1.6618650899857812e-15,0.00020048998453042876,1.6514567491299204e-15,7.148871552509206e-07,0.00012639103049060668,0.00020048998453042876,8.133106629839463e-10
1003,3.0943130002736297e-15,0.00019649699744891762,2.1371793224034263e-15,6.140556083195081e-07,0.0001247169931941282,0.00019649699744891762,7.867223417513045e-10
1004,3.66200125778704e-15,0.0001911224012317306,4.2049697057677804e-15,6.022099740682352e-07,0.00012381511449018265,0.0001911224012317306,8.617574603400541e-10
1005,4.3146909656233134e-15,0.00018089540985219787,3.400058012914542e-15,6.108124498277467e-07,0.00012290501014221989,0.00018089540985219787,8.644542612314096e-10
1006,3.564423062263344e-15,0.00016903820369285256,2.942091015256665e-15,5.910369616501931e-07,0.00012174785926888769,0.00016903820369285261,6.968822426584603e-10
1007,3.956904248703097e-15,0.0001654388152253873,2.525757381022231e-15,5.947588180565955e-07,0.0001203402947619836,0.0001654388152253873,5.894956081030264e-10
1008,3.243065538338641e-15,0.0001597255621045346,1.5265566588595902e-16,6.186282619780048e-07,0.00011919904803300686,0.00015972556210453462,6.416784151469395e-10
1009,3.984659824318726e-15,0.00016336394612341602,6.800116025829084e-16,6.078173808155007e-07,0.00011850802698678417,0.00016336394612341602,6.426058012156932e-10
1010,4.388416713352328e-15,0.00016256463357850717,9.43689570931383e-16,6.097921629311109e-07,0.00011711746141670016,0.00016256463357850712,5.811209942442203e-10
1011,8.097255504990741e-15,0.00014819711636223395,1.609823385706477e-15,5.657748251425287e-07,0.00011452805332982244,0.00014819711636223398,5.916313301276569e-10
1012,3.554448402276478e-15,0.00014185666019097485,2.2065682614424986e-15,5.088024019328508e-07,0.00011291641498124686,0.00014185666019097488,6.46623304402763e-10
1013,5.676015213396113e-15,0.00013490188654640068,2.9698465908722937e-15,5.043716292396638e-07,0.00011053250840606772,0.00013490188654640068,5.864092542830214e-10
1014,8.208711488322251e-15,0.00012891588211710121,4.218847493575595e-15,4.81209680686101e-07,0.00010867503119615595,0.00012891588211710121,4.996810558088391e-10
1015,8.661040634683204e-15,0.00012333452761393017,5.4817261840867104e-15,4.69359151822335e-07,0.00010655478642176619,0.0001233345276139302,4.5711916108034953e-10
1016,9.785575127985169e-15,0.00011927019245029748,4.912736883966318e-15,4.7640996532483104e-07,0.00010422605750999376,0.00011927019245029747,4.743605276480542e-10
1017,8.642392357316453e-15,0.00011350768366427856,7.840950111415168e-15,4.6698244271503597e-07,0.00010090025915055112,0.00011350768366427856,4.453674079498956e-10
1018,3.2400297722556815e-15,0.00010974927812848767,0.0,4.5454815456036357e-07,9.924094835205683e-05,0.00010974927812848767,4.0716100634749324e-10
1019,3.992899760829616e-15,0.00010234596940596319,1.5959455978986625e-15,4.489094471427091e-07,9.445436356479727e-05,0.00010234596940596317,4.0382085467027225e-10
1020,2.674076238218248e-15,0.00010022767283527538,1.3877787807814457e-17,4.1760318601757884e-07,9.24727540413087e-05,0.00010022767283527538,4.1762520653287623e-10
1021,5.01725397339392e-15,9.73234424140106e-05,5.967448757360216e-16,4.09095625153455e-07,9.006083822222904e-05,9.73234424140106e-05,3.874846071453591e-10
1022,2.858824288409778e-15,9.338148128404184e-05,2.636779683484747e-16,4.083016389433425e-07,8.866735394285923e-05,9.338148128404186e-05,3.719512446492736e-10
1023,5.334274688628682e-15,8.669360711268261e-05,2.0816681711721685e-16,4.07933326451726e-07,8.669360711268261e-05,8.552941198460622e-05,3.6111131411135663e-10
1024,2.082535532910157e-15,8.580319643313711e-05,7.355227538141662e-16,4.076484537707259e-07,8.580319643313708e-05,7.9382084117524e-05,3.4990048780851754e-10
1025,1.6909217082083927e-15,8.36648263759709e-05,1.2073675392798577e-15,4.07564460624954e-07,8.36648263759709e-05,7.236852951191669e-05,3.2115135640610944e-10
1026,1.5543122344752192e-15,8.314591128208358e-05,2.220446049250313e-16,4.0662378875122585e-07,8.314591128208357e-05,7.110773722691304e-05,3.041309397200331e-10
1027,1.588573023125761e-15,8.228380977956397e-05,1.4432899320127035e-15,4.0650010857401497e-07,8.228380977956395e-05,6.927441006489995e-05,3.076622586236914e-10
1028,3.400058012914542e-16,8.162114108781343e-05,9.71445146547012e-17,4.0657115774056507e-07,8.162114108781341e-05,6.809351691780308e-05,3.171710949631734e-10
1029,3.122502256758253e-16,8.046678706680345e-05,2.636779683484747e-16,4.0620581109873655e-07,8.046678706680345e-05,6.915935423855138e-05,2.9579727349760944e-10
1030,3.5041414214731503e-16,8.033797152659878e-05,1.6653345369377348e-16,4.060433687058662e-07,8.033797152659877e-05,6.93460101874836e-05,2.895271912224481e-10
1031,3.7470027081099033e-16,7.997283729927463e-05,6.522560269672795e-16,4.0602448903026556e-07,7.997283729927463e-05,6.94543220426949e-05,2.8171361203446246e-10
1032,3.5735303605122226e-16,7.999779436927229e-05,3.191891195797325e-16,4.0588082139692006e-07,7.999779436927229e-05,6.928884142412053e-05,2.8109892676193364e-10
1033,3.5735303605122226e-16,7.988288275436366e-05,1.6653345369377348e-16,4.0592567585040484e-07,7.988288275436367e-05,6.944487717008365e-05,2.828822065984925e-10
1034,3.920475055707584e-16,7.937535112886476e-05,3.094746681142624e-15,4.057785255584534e-07,7.937535112886476e-05,6.651765081483878e-05,2.83366444687758e-10
1035,1.231653667943533e-15,7.879294479914048e-05,1.3739009929736312e-15,4.0542414225797074e-07,7.879294479914048e-05,6.967354687285868e-05,3.1504598730798463e-10
1036,4.36282954208167e-16,7.858477032319018e-05,7.355227538141662e-16,4.04608450521593e-07,7.85847703231902e-05,7.055962347492437e-05,3.1111802177510455e-10
1037,5.551115123125783e-16,7.831059075752658e-05,9.672818102046676e-15,4.0452720551087396e-07,7.831059075752658e-05,7.156334167123612e-05,3.024829802427184e-10
1038,5.620504062164855e-16,7.83355024221134e-05,1.3877787807814457e-16,4.0446725546594564e-07,7.83355024221134e-05,7.129866593396926e-05,3.021627286035847e-10
1039,9.593020822151743e-16,7.8070772639365e-05,7.507883204027621e-15,4.0448500571166335e-07,7.8070772639365e-05,7.375983624100495e-05,3.370298212003296e-10
1040,6.938893903907228e-16,7.783977422347259e-05,1.3877787807814457e-17,4.0405001722199074e-07,7.783977422347256e-05,7.408327498090688e-05,3.400800681794743e-10
1041,6.938893903907228e-18,7.73210869073556e-05,6.938893903907228e-17,4.038735124112236e-07,7.732108690735561e-05,7.145572493890716e-05,3.1554823400887654e-10
1042,2.7755575615628914e-17,7.683053442856368e-05,1.3877787807814457e-17,4.044928031410322e-07,7.683053442856368e-05,6.919649250775815e-05,3.051307418970069e-10
1043,1.6618650899857812e-15,7.535129508181076e-05,5.495603971894525e-15,4.0503557330318074e-07,7.535129508181076e-05,6.672721268728835e-05,4.212452980189765e-10
1044,5.5077470362263625e-15,7.43907529828723e-05,8.146261443187086e-15,4.024258352108845e-07,7.43907529828723e-05,6.977210753928689e-05,4.4248121947287767e-10
1045,1.0562731245222778e-14,7.866373877467576e-05,2.1746493494845254e-14,4.0094592523853834e-07,7.348595841646371e-05,7.866373877467577e-05,4.669592314137188e-10
1046,3.361894096443052e-15,8.194922337373303e-05,3.1363800445660672e-15,3.986369897512887e-07,7.238272956144157e-05,8.194922337373303e-05,4.546270298634623e-10
1047,2.6194324487249787e-15,8.705428313816126e-05,6.00908212078366e-15,3.9755281355802197e-07,6.887995414926409e-05,8.705428313816126e-05,4.5051062459428577e-10
1048,6.114900252818245e-16,9.175125984429445e-05,9.575673587391975e-16,3.960554270099337e-07,6.63588095958478e-05,9.175125984429446e-05,4.757402598746813e-10
1049,1.3617579286417936e-15,0.00010106684221843785,2.498001805406602e-16,3.9410420460406215e-07,6.568181912990579e-05,0.00010106684221843787,6.156845511302869e-10
1050,2.5968810435372802e-15,0.0001026998665408136,4.315992008230296e-15,3.915204321858212e-07,6.755029265517444e-05,0.00010269986654081362,6.249469760079596e-10
1051,3.970348355641917e-15,9.977301027002761e-05,1.2628786905111156e-15,3.890987859689332e-07,6.721724102749484e-05,9.977301027002761e-05,5.029633134564065e-10
1052,2.525323700153237e-15,9.679310205976215e-05,7.077671781985373e-16,3.8672532765016143e-07,6.674338303730418e-05,9.679310205976214e-05,4.4122246332931165e-10
1053,2.2815950517784955e-15,9.378970503559741e-05,1.7208456881689926e-15,3.8624081499794016e-07,6.687019697761617e-05,9.37897050355974e-05,4.3454303538915555e-10
1054,1.1625683055127567e-14,8.436449765141298e-05,1.2906342661267445e-15,3.877960028653149e-07,6.627415037023326e-05,8.436449765141299e-05,5.7773786617942e-10
1055,5.99260224776188e-15,8.155091361527988e-05,3.913536161803677e-15,3.8703696392250464e-07,6.531197139718238e-05,8.155091361527988e-05,5.605511821108977e-10
1056,8.434225540199236e-15,8.265281319367645e-05,2.3314683517128287e-15,3.8624158937849984e-07,6.415401168787262e-05,8.265281319367645e-05,4.988826052709169e-10
1057,4.08310538158041e-15,8.828148452317899e-05,1.9290125052862095e-15,3.845313223393987e-07,6.304617065619522e-05,8.828148452317899e-05,4.5828257871851903e-10
1058,1.047512770968595e-14,9.472798174332776e-05,1.9012569296705806e-15,3.814636458931986e-07,6.343843310814193e-05,9.472798174332776e-05,5.507859446342012e-10
1059,4.209046305936326e-14,8.834421519615749e-05,7.452372052796363e-15,4.1234702313763805e-07,6.332611004258077e-05,8.834421519615749e-05,5.748607593760923e-10
1060,3.0522893240680915e-14,8.534976076736664e-05,7.105427357601002e-15,4.501495807912592e-07,6.334331993651475e-05,8.534976076736664e-05,5.290409520158528e-10
1061,2.76592984627122e-14,8.693486749099854e-05,3.58046925441613e-15,4.95261592778351e-07,6.361697022500936e-05,8.693486749099854e-05,5.063158743149935e-10
1062,1.6553598769508682e-15,8.679705552585917e-05,6.38378239159465e-16,5.18287374282056e-07,6.342156045438668e-05,8.679705552585917e-05,4.979483286336247e-10
1063,3.21097315403307e-15,8.329439746440937e-05,9.71445146547012e-17,5.425263093633559e-07,6.199388345581726e-05,8.329439746440935e-05,5.00017424637115e-10
1064,8.46978737145676e-15,7.585210972403994e-05,8.881784197001252e-15,5.513993985850618e-07,6.131108630166197e-05,7.585210972403994e-05,4.795838274310334e-10
1065,9.189697613987136e-16,7.954487975621027e-05,2.067790383364354e-15,5.646685090621162e-07,6.140802385679742e-05,7.954487975621029e-05,5.096580550250371e-10
1066,2.0799334476961917e-15,8.441053941197349e-05,5.967448757360216e-16,5.799046821075571e-07,6.17990033209847e-05,8.441053941197349e-05,5.162754921287172e-10
1067,3.2552086026704785e-15,9.046412889522036e-05,1.915134717478395e-15,5.933582135492221e-07,6.145825792312731e-05,9.046412889522038e-05,4.848025928834717e-10
1068,2.048491584694112e-15,9.265740810937517e-05,4.163336342344337e-17,5.955726470330269e-07,5.91564711028098e-05,9.265740810937517e-05,5.125178225059182e-10
1069,2.979387569990166e-15,9.359889079457968e-05,1.4988010832439613e-15,5.500735192759398e-07,5.789127876161318e-05,9.359889079457967e-05,5.678037572747668e-10
1070,6.736364938086936e-15,0.00010412737902811591,2.9282132274488504e-15,5.236469887565098e-07,5.8752147839663643e-05,0.00010412737902811591,5.898702697383177e-10
1071,5.990000162547915e-15,0.00010596123034540625,4.163336342344337e-17,5.220806540001677e-07,6.070824017641191e-05,0.00010596123034540625,5.616447519896014e-10
1072,4.770923239805214e-15,0.0001018430797239114,4.996003610813204e-16,5.170749633742755e-07,6.207450723641677e-05,0.00010184307972391143,5.094297098407379e-10
1073,2.173023046225797e-14,8.635640804986343e-05,3.164135620181696e-15,4.871213463986113e-07,6.286098008237244e-05,8.635640804986343e-05,4.254726532155457e-10
1074,2.3496829482105852e-14,7.679564949630586e-05,1.9984014443252818e-15,4.4168507512543087e-07,6.414635951602713e-05,7.679564949630587e-05,4.956261950688635e-10
1075,6.0958182945825e-15,7.640411356042644e-05,8.187894806610529e-16,4.030339105787206e-07,6.347400316889995e-05,7.640411356042644e-05,5.209400081544084e-10
1076,6.895525817007808e-15,7.612335616810924e-05,5.967448757360216e-16,4.1025561692276113e-07,6.0002264779783954e-05,7.612335616810924e-05,4.711143358642856e-10
1077,1.2268831783845968e-15,8.593456382773256e-05,1.5265566588595902e-16,4.051191362375306e-07,5.921165836487057e-05,8.593456382773254e-05,5.051585097568363e-10
1078,1.742442995444904e-14,8.697274013231815e-05,3.3306690738754696e-16,4.035485213771395e-07,5.582064257162199e-05,8.697274013231817e-05,4.3157231562635503e-10
1079,9.65980767597685e-15,8.653288054219672e-05,4.579669976578771e-16,3.8631274712486174e-07,5.2220610475897025e-05,8.653288054219672e-05,3.985388675360501e-10
1080,6.114900252818245e-16,8.236002159846498e-05,6.245004513516506e-16,3.752934594203339e-07,5.049257055236855e-05,8.236002159846496e-05,3.9838102752689945e-10
1081,7.632783294297951e-17,7.840520658407742e-05,2.636779683484747e-16,3.7904686925327447e-07,4.902069918616894e-05,7.840520658407743e-05,4.0217313384366403e-10
1082,7.337880303381894e-16,7.391211639637227e-05,8.465450562766819e-16,3.8353692212445e-07,4.557889824439041e-05,7.391211639637226e-05,3.7765477683267206e-10
1083,4.0939474033052647e-16,7.445140863802551e-05,5.412337245047638e-16,3.7429570914904176e-07,4.446020067207067e-05,7.445140863802551e-05,4.0407761442109097e-10
1084,1.0547118733938987e-15,7.141710883216206e-05,2.6645352591003757e-15,3.8328327044145905e-07,4.434706178727791e-05,7.141710883216204e-05,3.637182024698096e-10
1085,7.580741590018647e-16,6.823992388540576e-05,1.096345236817342e-15,3.983452006028898e-07,4.429867134772671e-05,6.823992388540576e-05,3.668137891087623e-10
1086,7.112366251504909e-16,6.651163159275688e-05,1.8041124150158794e-15,4.123820706997128e-07,4.4487866607339765e-05,6.651163159275688e-05,3.7084997270139335e-10
1087,8.563028758290514e-16,6.427351485868608e-05,2.2065682614424986e-15,4.0586762949101907e-07,4.50455806380183e-05,6.427351485868607e-05,3.317908044058486e-10
1088,9.944302326037047e-16,6.607286239912352e-05,1.5265566588595902e-16,3.949747843651208e-07,4.578525385774262e-05,6.607286239912352e-05,3.4741106313185703e-10
1089,1.1490374624001376e-15,6.666567185013813e-05,1.3877787807814457e-17,3.7792423501770145e-07,4.6467874209662445e-05,6.666567185013813e-05,3.696030956497598e-10
1090,1.3121014691419575e-15,6.616972575979563e-05,3.469446951953614e-16,3.6672947056892724e-07,4.656328023844728e-05,6.616972575979564e-05,3.1929441025382403e-10
1091,1.474514954580286e-15,6.521486443421102e-05,1.457167719820518e-15,3.415094554926057e-07,4.6649416640526706e-05,6.521486443421102e-05,3.1400846345513595e-10
1092,1.633458993066661e-15,6.682897155340418e-05,1.4155343563970746e-15,3.0307169474053097e-07,4.688623583135921e-05,6.682897155340418e-05,3.2955340051114903e-10
1093,1.7050163364507043e-15,6.585988959535911e-05,8.326672684688674e-16,3.1486299401084494e-07,4.648382178815199e-05,6.585988959535911e-05,3.534038211861378e-10
1094,1.8748023966619343e-15,6.281896023747724e-05,6.938893903907228e-16,3.180208374420346e-07,4.566385170216438e-05,6.281896023747723e-05,3.4713413738703354e-10
1095,1.9381198035350877e-15,6.469456070401435e-05,5.551115123125783e-17,3.095225481475339e-07,4.472634880709558e-05,6.469456070401435e-05,3.585536811510637e-10
1096,1.837939522797427e-15,6.316620884472255e-05,1.6653345369377348e-16,3.2229619408019605e-07,4.2977169610834186e-05,6.316620884472255e-05,3.26219724845192e-10
1097,1.880440247958859e-15,6.334337114875693e-05,5.551115123125783e-16,3.4661104941768883e-07,4.212764263871633e-05,6.334337114875693e-05,3.2398344570083197e-10
1098,1.891065429249217e-15,6.359035908169281e-05,1.3877787807814457e-17,3.6044976492455305e-07,4.132112787577516e-05,6.359035908169283e-05,2.998811198112116e-10
1099,1.8542025553847097e-15,6.032356321052179e-05,1.6653345369377348e-16,3.66897473277894e-07,3.969063358503246e-05,6.032356321052179e-05,2.857363577633999e-10
1100,1.818640724127185e-15,6.107029830822047e-05,4.440892098500626e-16,3.672140097693566e-07,3.913990312216004e-05,6.107029830822047e-05,2.9958209366098405e-10
1101,3.2646953716797267e-15,5.7198639437109304e-05,4.579669976578771e-16,3.8682711608895026e-07,3.7853991359241576e-05,5.7198639437109304e-05,2.846403903185308e-10
1102,4.390043016611056e-15,5.513922072782336e-05,1.2906342661267445e-15,3.844603837926952e-07,3.672712585951132e-05,5.513922072782335e-05,3.088548726455206e-10
1103,9.723125082850004e-16,5.503723741883575e-05,5.551115123125783e-16,3.911408673062944e-07,3.636394029578494e-05,5.5037237418835766e-05,3.268454148295414e-10
1104,4.796510411075872e-16,5.341674345182739e-05,8.881784197001252e-16,3.8667501946199057e-07,3.548399798722476e-05,5.341674345182738e-05,3.2018133672740425e-10
1105,4.3151246464923076e-16,5.0009731666128836e-05,1.2490009027033011e-15,3.6623037340255404e-07,3.413121182838898e-05,5.0009731666128836e-05,3.186102634976323e-10
1106,1.6926564316843695e-15,4.854563435236243e-05,1.9012569296705806e-15,3.21020615826062e-07,3.3607190975093655e-05,4.8545634352362445e-05,2.6396021463949325e-10
1107,7.840950111415168e-16,4.5815759952540866e-05,4.579669976578771e-16,2.972050876931531e-07,3.30591468797009e-05,4.581575995254087e-05,2.327816590603875e-10
1108,2.8796409701215e-16,4.147102263374475e-05,2.914335439641036e-16,2.686893875031293e-07,3.217044305622138e-05,4.147102263374475e-05,2.381095537608672e-10
1109,3.200564813177209e-16,3.818564387220058e-05,1.249000902703301e-16,2.346077674353353e-07,3.077839378205327e-05,3.818564387220058e-05,2.1949122548149797e-10
1110,3.5041414214731503e-16,3.4769974961609335e-05,1.0824674490095276e-15,1.957750100922695e-07,2.9117253652680734e-05,3.4769974961609335e-05,1.8556086558422612e-10
1111,3.5648567431323386e-16,3.439717519705938e-05,4.163336342344337e-16,1.973352592443689e-07,2.7869729191475485e-05,3.439717519705938e-05,1.8712882729056992e-10
1112,3.690624195140657e-16,3.385694145150407e-05,2.0816681711721685e-16,1.9467489154045836e-07,2.723440633613719e-05,3.385694145150408e-05,1.834649996038878e-10
1113,3.968179951296946e-16,3.268613295870793e-05,2.220446049250313e-16,1.9215680391315715e-07,2.6420963379333177e-05,3.268613295870793e-05,1.959137849832905e-10
1114,4.380176776841438e-16,3.0330878367338468e-05,1.5265566588595902e-16,1.860263407760243e-07,2.5435262049669832e-05,3.033087836733847e-05,1.966514045414519e-10
1115,4.462576141950336e-16,2.850873664602193e-05,1.5543122344752192e-15,1.8467637541430548e-07,2.4343591284463697e-05,2.850873664602193e-05,1.7451277481404942e-10
1116,4.562322741819003e-16,2.6903743925171332e-05,9.992007221626409e-16,1.8142868185577754e-07,2.3433621924962492e-05,2.6903743925171332e-05,1.7655164033816655e-10
1117,5.061055741162335e-16,2.8000617379665694e-05,8.326672684688674e-17,1.702993562835431e-07,2.2887638651079052e-05,2.8000617379665694e-05,1.9133029722777688e-10
1118,5.251875323519783e-16,2.7940107157198683e-05,6.938893903907228e-17,1.6875216146683414e-07,2.2297853413889395e-05,2.7940107157198686e-05,1.7301747178845316e-10
1119,6.808789643208968e-16,2.3960034141724632e-05,2.3592239273284576e-16,1.6848205319774934e-07,2.0758959430302946e-05,2.3960034141724635e-05,1.4135478552848735e-10
1120,6.249341322206448e-16,2.5625997610594247e-05,4.85722573273506e-16,1.6771485611410952e-07,2.0292102395316027e-05,2.5625997610594244e-05,1.4760638630087574e-10
1121,3.2829641782861074e-16,2.592988350537486e-05,8.326672684688674e-17,1.6749564457629873e-07,2.0043889073730087e-05,2.592988350537486e-05,1.5147997928645825e-10
1122,6.262351748276274e-16,2.4939161432436327e-05,2.498001805406602e-16,1.67392367189656e-07,1.946090752940005e-05,2.4939161432436327e-05,1.6052497523060168e-10
1123,1.7520707107365752e-16,2.3640068917952234e-05,1.6653345369377348e-16,1.6709759886879283e-07,1.9265722932278968e-05,2.3640068917952234e-05,1.5808625186528356e-10
1124,1.9203388879063255e-15,2.2233512837428565e-05,1.4710455076283324e-15,1.6698581939422752e-07,1.9286335632487306e-05,2.2233512837428562e-05,1.404387785405194e-10
1125,1.222980050563649e-16,1.9444503811154835e-05,2.636779683484747e-16,1.670321744251524e-07,1.9444503811154835e-05,1.9299963778815035e-05,1.5142458651938102e-10
1126,6.617970060851519e-16,1.948412548040018e-05,6.245004513516506e-16,1.6710629058280801e-07,1.948412548040018e-05,1.8768897528076664e-05,1.5382468140039967e-10
1127,2.3266978621538925e-16,1.9684723962194074e-05,1.582067810090848e-15,1.6713775408128129e-07,1.9684723962194074e-05,1.8423334206310954e-05,1.4169024811592638e-10
1128,2.181414771040835e-16,2.006854353042918e-05,3.885780586188048e-16,1.6749250686398653e-07,1.9788095269955856e-05,2.0068543530429183e-05,1.3789862379027773e-10
1129,3.3133218391157016e-16,2.1544618166607355e-05,3.816391647148976e-15,1.6768524924160033e-07,1.9868060765709762e-05,2.154461816660736e-05,1.458243544499102e-10
1130,4.440892098500626e-16,2.361038032506888e-05,2.220446049250313e-15,1.6791947532457385e-07,1.9949572437039276e-05,2.3610380325068875e-05,1.5723592804824287e-10
1131,3.4867941867133823e-16,2.5789351156588985e-05,1.6792123247455493e-15,1.6814131198472637e-07,2.0067281753797003e-05,2.5789351156588985e-05,1.6744713791865257e-10
1132,3.4976362084382373e-16,2.4882856896534222e-05,4.163336342344337e-16,1.6838332139723633e-07,2.0063404562650857e-05,2.4882856896534222e-05,1.5528952761269057e-10
1133,4.0180532512312794e-16,2.2472517908478844e-05,1.790234627208065e-15,1.6868252394885985e-07,2.0045310912409725e-05,2.247251790847884e-05,1.4765351350389936e-10
1134,4.889751797909625e-16,2.097633950421104e-05,4.163336342344337e-16,1.6929367385731808e-07,2.0157654425979902e-05,2.0976339504211037e-05,1.7027076793833451e-10
1135,5.123939467166494e-16,2.0310035575198837e-05,1.6930901125533637e-15,1.7288384257518885e-07,2.0217691564058836e-05,2.0310035575198834e-05,1.7205534250963266e-10
1136,6.099721422403448e-16,2.048525595973603e-05,5.412337245047638e-16,1.7380296235547377e-07,2.048525595973603e-05,1.9132466765377115e-05,1.598049812437761e-10
1137,6.396792817664476e-16,2.0571828857910777e-05,2.7755575615628914e-16,1.7731702062206978e-07,2.0571828857910777e-05,1.937862728416759e-05,1.5601728805789164e-10
1138,6.687358999890591e-16,2.056418748240517e-05,9.298117831235686e-16,1.7856878498090367e-07,2.0564187482405172e-05,1.9759139194332467e-05,1.5159175170486074e-10
1139,6.897694221352779e-16,2.11415202634938e-05,6.522560269672795e-16,1.7961181064674037e-07,2.0318061472434284e-05,2.11415202634938e-05,1.6910101526498073e-10
1140,7.13621869929959e-16,2.1371308722181448e-05,2.7755575615628914e-16,1.8030571713456567e-07,2.019852798002056e-05,2.1371308722181448e-05,1.6681885882990224e-10
1141,4.508112633194727e-16,2.1508980901552472e-05,1.0685896612017132e-15,1.80810240890672e-07,2.018668597901525e-05,2.1508980901552472e-05,1.5932634911398617e-10
1142,5.251658483085286e-15,2.1586830105508725e-05,1.0130785099704553e-15,1.815557566509085e-07,1.972118314753875e-05,2.1586830105508725e-05,1.7539447832213894e-10
1143,3.946495907847236e-16,2.2708345394432612e-05,1.0685896612017132e-15,1.8250172673095477e-07,1.955372066381887e-05,2.2708345394432612e-05,1.9543069877848236e-10
1144,6.345184794254166e-15,2.4296991583854864e-05,6.938893903907228e-17,1.83333711767375e-07,1.9736116383285234e-05,2.4296991583854867e-05,1.89640212557166e-10
1145,4.077901211152479e-15,2.490009694857953e-05,1.8041124150158794e-16,1.85663181162532e-07,1.9914182346845603e-05,2.4900096948579534e-05,1.750496775044316e-10
1146,2.9564024839334735e-15,2.386076822798254e-05,3.0531133177191805e-16,1.8804502466274187e-07,2.00504894951748e-05,2.3860768227982542e-05,1.7149862518456168e-10
1147,5.854691731421724e-16,2.169144488503041e-05,1.6792123247455493e-15,1.909512085118692e-07,2.0292652449392915e-05,2.169144488503041e-05,2.0686338626097902e-10
1148,5.793976409762536e-16,2.1253304771386715e-05,1.6792123247455493e-15,1.931028855706174e-07,2.030416928509805e-05,2.1253304771386718e-05,2.2598332379338694e-10
1149,6.92154666914746e-16,2.4971073022297256e-05,9.853229343548264e-16,1.9357384906104613e-07,2.0325858858497047e-05,2.4971073022297256e-05,1.925092561884477e-10
1150,6.860831347488272e-16,2.8301718766903325e-05,1.2351231148954867e-15,1.944827593414189e-07,2.039733744348176e-05,2.830171876690333e-05,1.8655118660737222e-10
1151,7.593752016088473e-16,3.096853769127067e-05,4.0245584642661925e-16,1.9547966689792418e-07,2.0040647950548814e-05,3.096853769127068e-05,2.2764915532197658e-10
1152,1.0412677664550785e-15,3.356708218209544e-05,1.4016565685892601e-15,1.9465565170850851e-07,2.0165886590522502e-05,3.3567082182095445e-05,2.3763509757687594e-10
1153,1.4129322711831094e-15,3.4152679624404864e-05,1.8041124150158794e-16,1.9434077169755426e-07,2.0936627793171944e-05,3.4152679624404864e-05,2.1499759710217328e-10
1154,1.4129322711831094e-15,3.4334731185296365e-05,2.914335439641036e-16,1.9536216611104606e-07,2.157940202995042e-05,3.4334731185296365e-05,2.0598117711983575e-10
1155,1.3600232051658168e-15,3.0968743954168254e-05,7.355227538141662e-16,1.9588742661280634e-07,2.212402686529591e-05,3.0968743954168254e-05,1.949670628872816e-10
1156,2.0821018520411627e-15,2.8592405190856907e-05,2.636779683484747e-16,1.9536528539365605e-07,2.2673054454303396e-05,2.8592405190856904e-05,2.1791567086197046e-10
1157,2.138914045879403e-15,2.9701417314545156e-05,2.220446049250313e-16,1.9415466079308885e-07,2.2804215533875206e-05,2.9701417314545156e-05,2.2400483631488122e-10
1158,2.1198320876436583e-15,3.238375754092288e-05,6.938893903907228e-16,1.9224015723739996e-07,2.242015404979273e-05,3.238375754092288e-05,2.096328129797552e-10
1159,1.7674663815858693e-15,3.4346453790739604e-05,9.71445146547012e-17,1.878271628230621e-07,2.184112768815986e-05,3.4346453790739604e-05,2.0666558011148953e-10
1160,2.3995562481449184e-15,3.698075818952733e-05,1.8318679906315083e-15,1.849566191314267e-07,2.1428655509008855e-05,3.698075818952733e-05,2.4467580673771736e-10
1161,2.7482356668162566e-15,3.5542202224715685e-05,8.049116928532385e-16,1.7845455202447624e-07,2.1020483678275446e-05,3.5542202224715685e-05,2.2602644778922467e-10
1162,1.2546387540002257e-15,3.388278744077737e-05,5.412337245047638e-16,1.7299541321680323e-07,2.11017292099623e-05,3.388278744077737e-05,2.2728614122223591e-10
1163,6.730727086790012e-16,3.308010791780857e-05,5.828670879282072e-16,1.657597616944173e-07,2.1431012258976683e-05,3.3080107917808575e-05,2.150362970581521e-10
1164,1.6917890699463811e-15,3.0198674898446595e-05,9.298117831235686e-16,1.6160347682259157e-07,2.1305356575398535e-05,3.0198674898446595e-05,1.929570318577684e-10
1165,1.2776238400569184e-15,3.071259664780501e-05,6.522560269672795e-16,1.58415271567236e-07,2.1457734716350738e-05,3.0712596647805015e-05,1.8930537690370512e-10
1166,1.7199783264310042e-15,3.0919457640031177e-05,1.429412144204889e-15,1.543582383023434e-07,2.1629252765244596e-05,3.0919457640031177e-05,1.9347716427595614e-10
1167,6.054184931159057e-16,3.14886425702067e-05,8.326672684688674e-16,1.5128760288973808e-07,2.1306208128222937e-05,3.148864257020671e-05,1.807014315874046e-10
1168,5.208507236620363e-16,3.1803154031004525e-05,1.1102230246251565e-16,1.4728806974062536e-07,2.1241381175027274e-05,3.1803154031004525e-05,1.906878756065168e-10
1169,5.37330596683816e-16,3.58359423227739e-05,1.3877787807814457e-17,1.41344279502853e-07,2.1963884256653546e-05,3.58359423227739e-05,2.0945380382599807e-10
1170,5.872038966181492e-16,3.367296048692272e-05,4.163336342344337e-17,1.3316984781575059e-07,2.1790951758731786e-05,3.367296048692272e-05,1.8910004950208782e-10
1171,4.81385764583564e-16,3.4344984942727416e-05,3.608224830031759e-16,1.2792864456656616e-07,2.1978159528921355e-05,3.4344984942727416e-05,1.7610923166500177e-10
1172,5.499073418846478e-16,3.549661867414641e-05,4.0245584642661925e-16,1.2202068444544523e-07,2.204106303130423e-05,3.549661867414641e-05,1.7770598227377938e-10
1173,4.2435673031082644e-16,3.5100226227821774e-05,4.85722573273506e-16,1.1757522289101985e-07,2.1998094143971853e-05,3.5100226227821774e-05,1.8021713212306056e-10
1174,8.513155458356181e-16,3.354848687237106e-05,3.608224830031759e-16,1.1227179519401886e-07,2.2437699835512724e-05,3.354848687237106e-05,1.6979389638081171e-10
1175,4.4620340408640935e-16,3.2456736011799564e-05,1.1102230246251565e-16,1.296841585368691e-07,2.2484708812738067e-05,3.2456736011799564e-05,1.4269476953409592e-10
1176,4.510281037539698e-16,3.1095334104166784e-05,1.5265566588595902e-16,1.1067987533419643e-07,2.2351058152335225e-05,3.109533410416679e-05,1.3662126642836032e-10
1177,5.042082203143838e-16,3.033631359784031e-05,5.273559366969494e-16,1.0856734630748655e-07,2.2337556135830285e-05,3.0336313597840318e-05,1.458455913301717e-10
1178,4.988956296692049e-16,3.0074636590592923e-05,7.355227538141662e-16,1.0531073940667213e-07,2.201598652569646e-05,3.0074636590592923e-05,1.3064472376027545e-10
1179,4.3725873616340394e-16,2.8647717723995615e-05,2.1371793224034263e-15,1.0802590956482394e-07,2.135884981361839e-05,2.8647717723995615e-05,1.3971985008879467e-10
1180,4.551480720094148e-16,2.83932544450688e-05,6.38378239159465e-16,1.1532955974946635e-07,2.0890083161009005e-05,2.83932544450688e-05,1.5710840441773182e-10
1181,4.568285853767673e-16,2.7637798123039297e-05,1.1102230246251565e-16,1.2453050014793465e-07,2.051019033066494e-05,2.7637798123039294e-05,1.5548464094107085e-10
1182,5.203628326844179e-16,2.727084156338752e-05,1.5265566588595902e-16,1.1527855398041353e-07,2.0372617984187096e-05,2.727084156338752e-05,1.437255105079886e-10
1183,1.2012417970053146e-15,2.86724089824287e-05,1.4016565685892601e-15,1.0836592553853386e-07,2.035829916466598e-05,2.86724089824287e-05,1.1537466302706351e-10
1184,1.5521980402388724e-15,2.7971331201395052e-05,1.4432899320127035e-15,1.11671731223284e-07,2.0309743883362177e-05,2.7971331201395052e-05,1.2581072755687954e-10
1185,4.865357249028701e-16,2.610657729064084e-05,2.220446049250313e-16,1.0683432988267683e-07,2.028247543478049e-05,2.6106577290640835e-05,1.3229170585287477e-10
1186,2.1277467635028025e-16,2.5724140072563167e-05,2.0816681711721685e-16,1.0437876647728661e-07,2.011993846444035e-05,2.572414007256317e-05,1.112779813485644e-10
1187,1.0061396160665481e-16,2.5350694054048723e-05,2.220446049250313e-16,9.791395871872055e-08,1.9861028192792537e-05,2.5350694054048723e-05,9.638609819542322e-11
1188,1.3877787807814457e-16,2.414024089930473e-05,5.551115123125783e-16,7.76462949353407e-08,1.9500270628481064e-05,2.4140240899304732e-05,1.0939339547442693e-10
1189,1.1796119636642288e-16,2.381601163029963e-05,3.885780586188048e-16,7.598971174527236e-08,1.907055717073272e-05,2.3816011630299632e-05,1.1207043375802816e-10
1190,6.505213034913027e-17,2.23100540338689e-05,9.71445146547012e-17,7.548156100156689e-08,1.8583473139255613e-05,2.23100540338689e-05,9.742842012153346e-11
1191,9.540979117872439e-17,2.2387970832597704e-05,0.0,7.676452419558277e-08,1.8194847028812516e-05,2.2387970832597704e-05,9.643088707778413e-11
1192,9.020562075079397e-17,2.1875879245059114e-05,3.0531133177191805e-16,7.630548079506916e-08,1.790687859345788e-05,2.187587924505911e-05,9.507733562173296e-11
1193,1.491862189340054e-16,2.0922722089604853e-05,4.0245584642661925e-16,8.104175878986819e-08,1.753627299071152e-05,2.0922722089604856e-05,1.0135847744696095e-10
1194,6.245004513516506e-17,1.999259283963041e-05,8.326672684688674e-17,7.990887750108921e-08,1.7297349574322906e-05,1.9992592839630415e-05,9.379113418076581e-11
1195,5.551115123125783e-17,1.9682862932893716e-05,1.8041124150158794e-16,8.33918982617865e-08,1.7088399495375386e-05,1.9682862932893716e-05,8.320684948064312e-11
1196,1.2923689896027213e-16,1.9040882117998446e-05,1.3877787807814457e-16,8.600214733422984e-08,1.6874330959927922e-05,1.9040882117998446e-05,8.589364398164763e-11
1197,1.1449174941446927e-16,2.012817473841782e-05,3.608224830031759e-16,8.86331819049957e-08,1.659988584915085e-05,2.0128174738417818e-05,9.354534407062625e-11
1198,1.8388068845354155e-16,2.0704717342085323e-05,1.3739009929736312e-15,8.466106933557871e-08,1.6345356475122858e-05,2.0704717342085326e-05,8.66733692021837e-11
1199,1.0928757898653885e-16,2.0703361598711512e-05,3.885780586188048e-16,8.562034019277132e-08,1.6090075916736022e-05,2.070336159871152e-05,8.949540662464713e-11
1200,1.1102230246251565e-16,2.0320531186766914e-05,4.85722573273506e-16,7.797826431787946e-08,1.5912995078780056e-05,2.0320531186766914e-05,8.965519070786647e-11
1201,1.734723475976807e-16,1.9730577438819168e-05,2.0816681711721685e-16,7.407370905543331e-08,1.577863036216955e-05,1.9730577438819168e-05,8.997661002784336e-11
1202,1.7867651802561113e-16,1.802920077828328e-05,9.71445146547012e-17,7.39688363893265e-08,1.5724683499320422e-05,1.8029200778283278e-05,8.027974574919804e-11
1203,1.5699247457590104e-16,1.6661938899488286e-05,2.220446049250313e-16,7.413099689657088e-08,1.572538615281633e-05,1.6661938899488286e-05,7.244911936097109e-11
1204,1.0928757898653885e-16,1.5691409792174386e-05,5.551115123125783e-17,7.42008164911212e-08,1.5691409792174386e-05,1.550875995881793e-05,6.830759639948816e-11
1205,6.418476861114186e-17,1.5569208789822152e-05,1.6653345369377348e-16,7.414231828484219e-08,1.5569208789822152e-05,1.4745243764823985e-05,8.267997562947541e-11
1206,1.0061396160665481e-16,1.5956939813945604e-05,9.853229343548264e-16,7.413971137015807e-08,1.5319422472331482e-05,1.59569398139456e-05,7.988338271173357e-11
1207,1.942890293094024e-16,1.6374958514367655e-05,2.831068712794149e-15,7.411766278497822e-08,1.5150951163133154e-05,1.6374958514367655e-05,7.222862928581297e-11
1208,3.5128150388530344e-17,1.6577258189143734e-05,3.608224830031759e-16,7.428947745857784e-08,1.4980065302265608e-05,1.6577258189143738e-05,7.42044436885087e-11
1209,8.673617379884035e-17,1.662839653438626e-05,3.608224830031759e-16,7.430577253497717e-08,1.4676376216443462e-05,1.6628396534386263e-05,8.137978108072226e-11
1210,1.2836953722228372e-16,1.6048768238414225e-05,1.3877787807814457e-15,7.410876778912723e-08,1.4216082039487841e-05,1.6048768238414225e-05,7.658476157764076e-11
1211,1.214306433183765e-16,1.629378840063422e-05,1.2073675392798577e-15,7.415138414401667e-08,1.3887157408082436e-05,1.629378840063422e-05,7.396495739831451e-11
1212,1.3010426069826053e-16,1.5994045536207786e-05,1.3461454173580023e-15,7.431468851404333e-08,1.3733655983922888e-05,1.5994045536207786e-05,7.023799036513945e-11
1213,8.153200337090993e-17,1.5547464643465385e-05,1.0269562977782698e-15,7.440506211153775e-08,1.3415473923404734e-05,1.5547464643465385e-05,7.28426630101024e-11
1214,1.0560129160008813e-16,1.5372516751767083e-05,6.245004513516506e-16,7.460282391846818e-08,1.3068784934136539e-05,1.5372516751767083e-05,8.270360116941601e-11
1215,1.214306433183765e-16,1.5412563029448104e-05,1.762479051592436e-15,7.481092489936003e-08,1.2792322001566816e-05,1.54125630294481e-05,7.821045030815968e-11
1216,2.1163626406917047e-16,1.5496512126903492e-05,1.3877787807814457e-17,7.511369937152068e-08,1.2612096510278531e-05,1.549651212690349e-05,7.498295454897701e-11
1217,1.468009741545373e-16,1.5637560270491493e-05,2.7755575615628914e-17,7.548858405037606e-08,1.2486249714770079e-05,1.5637560270491493e-05,8.097409799948858e-11
1218,1.7564075194265172e-16,1.5572355759846556e-05,4.0245584642661925e-16,7.577535543479286e-08,1.2172235790913498e-05,1.5572355759846556e-05,8.309523168562968e-11
1219,1.9233746539892849e-16,1.5857646330813418e-05,7.632783294297951e-16,7.588355332988073e-08,1.2042138302579886e-05,1.5857646330813418e-05,8.134698266404936e-11
1220,2.1098574276567916e-16,1.653893202467595e-05,1.1934897514720433e-15,7.599394435953144e-08,1.2065679165952395e-05,1.6538932024675953e-05,8.205614438585227e-11
1221,2.0513105103425744e-16,1.6076907978436585e-05,1.762479051592436e-15,7.626642495317526e-08,1.1960749819183413e-05,1.6076907978436585e-05,8.282803252905318e-11
1222,2.0036056147532122e-16,1.5889289387391335e-05,4.718447854656915e-16,7.60377606434659e-08,1.199420434034792e-05,1.588928938739134e-05,8.798945908283998e-11
1223,4.8138576458356397e-17,1.571737495213364e-05,9.71445146547012e-17,7.561479087314638e-08,1.2298000951090115e-05,1.5717374952133637e-05,8.617136320919205e-11
1224,3.8055496254241206e-16,1.4949518515913242e-05,1.3461454173580023e-15,7.541930002741282e-08,1.2407217716632166e-05,1.4949518515913242e-05,8.065672735500198e-11
1225,2.476317761956892e-16,1.4571100371794294e-05,1.27675647831893e-15,7.49359709839581e-08,1.2574755797207593e-05,1.457110037179429e-05,8.40527332029963e-11
1226,2.6064220226551527e-16,1.4054312142496307e-05,5.551115123125783e-17,7.448853212022044e-08,1.2749918403881412e-05,1.4054312142496307e-05,9.088626630342927e-11
1227,8.543513119185775e-17,1.3699085637692593e-05,3.7470027081099033e-16,7.394764611756699e-08,1.2714244488070977e-05,1.3699085637692593e-05,8.037717216691378e-11
1228,1.3530843112619095e-16,1.4490834854720769e-05,1.5959455978986625e-15,7.283042480210611e-08,1.271731981439379e-05,1.449083485472077e-05,7.650314039729199e-11
1229,1.1254018550399536e-16,1.549290588886592e-05,6.106226635438361e-16,7.042644933896725e-08,1.2636705127206433e-05,1.549290588886592e-05,7.915577596668339e-11
1230,2.0122792321330962e-16,1.5433765972627715e-05,4.163336342344337e-17,6.83607375151496e-08,1.220399233471863e-05,1.5433765972627712e-05,8.455670129076984e-11
1231,1.1666015375944028e-16,1.5101548762369186e-05,5.551115123125783e-17,6.518284545453668e-08,1.1919278200883289e-05,1.5101548762369186e-05,7.354640723958784e-11
1232,1.192622389734055e-16,1.5455439941691333e-05,5.134781488891349e-16,6.252676498785803e-08,1.1791940080181801e-05,1.5455439941691333e-05,6.905484995552882e-11
1233,1.1362438767648086e-16,1.544643670920637e-05,1.5265566588595902e-16,5.896578914033057e-08,1.1595478271283222e-05,1.5446436709206365e-05,6.381236729642702e-11
1234,1.717376241217039e-16,1.4521785508047942e-05,4.718447854656915e-16,5.7051050217360455e-08,1.1342389086440276e-05,1.4521785508047942e-05,7.292959030859392e-11
1235,1.34332649170954e-16,1.4304633126930776e-05,8.326672684688674e-17,5.406858982759388e-08,1.1149147183767142e-05,1.4304633126930774e-05,6.645608424943523e-11
1236,1.288574281999022e-16,1.4154343101732853e-05,3.191891195797325e-16,5.22562088045575e-08,1.087340990219417e-05,1.4154343101732853e-05,5.627764100970514e-11
1237,1.1909960864753266e-16,1.3731668198789771e-05,2.7755575615628914e-16,4.952021914750304e-08,1.0717057355955545e-05,1.3731668198789773e-05,5.217950002115579e-11
1238,1.5612511283791264e-16,1.3243386957939734e-05,4.85722573273506e-16,4.8166910904257065e-08,1.043869435112906e-05,1.3243386957939734e-05,5.73482835552922e-11
1239,1.2793585635328952e-16,1.2836369710825597e-05,8.881784197001252e-16,4.762438643446387e-08,1.0171475038077754e-05,1.2836369710825597e-05,5.239937336775235e-11
1240,1.3617579286417936e-16,1.2612988683180954e-05,8.326672684688674e-17,4.723301816333958e-08,1.001935423274183e-05,1.2612988683180952e-05,4.799596703180208e-11
1241,1.8735013540549517e-16,1.2410906370881765e-05,6.938893903907228e-17,4.6935334951925256e-08,9.833928034524047e-06,1.2410906370881765e-05,4.532652712037067e-11
1242,2.7755575615628914e-16,1.2435800941019361e-05,5.134781488891349e-16,4.654320373553844e-08,9.56426440521712e-06,1.2435800941019361e-05,5.26606904505055e-11
1243,3.2699537522162814e-16,1.2168068954701755e-05,9.992007221626409e-16,4.6168277756386544e-08,9.384961070800154e-06,1.2168068954701757e-05,4.830470644022495e-11
1244,2.2681509448396753e-16,1.1904926956776845e-05,4.0245584642661925e-16,4.593474778324946e-08,9.21002788544719e-06,1.1904926956776846e-05,4.3740930027563024e-11
1245,4.163336342344337e-17,1.1679592729621815e-05,2.3592239273284576e-16,4.568085909539832e-08,9.024899848857957e-06,1.1679592729621816e-05,4.131926431178239e-11
1246,8.673617379884035e-17,1.1178748067838408e-05,2.0816681711721685e-16,4.5465406439682e-08,8.814370606037872e-06,1.1178748067838408e-05,4.828601602428002e-11
1247,6.591949208711867e-17,1.090377304137024e-05,2.220446049250313e-16,4.519643070910462e-08,8.648265090076139e-06,1.090377304137024e-05,4.5492659320372854e-11
1248,1.7520707107365752e-16,1.0552612625589508e-05,1.942890293094024e-16,4.5000666748507e-08,8.422055502975336e-06,1.055261262558951e-05,3.866724607734817e-11
1249,3.642919299551295e-17,1.0369013373696272e-05,6.938893903907228e-17,4.4738880489170185e-08,8.30050106899834e-06,1.0369013373696272e-05,3.836742540025468e-11
1250,6.938893903907228e-17,1.0256769402010902e-05,6.106226635438361e-16,4.458798019690846e-08,8.05954124375872e-06,1.0256769402010903e-05,4.623422988776622e-11
1251,7.979727989493313e-17,1.0293795761161078e-05,4.0245584642661925e-16,4.4233549378880355e-08,7.841351072607768e-06,1.0293795761161078e-05,4.478746135685403e-11
1252,9.71445146547012e-17,1.0044653725544086e-05,8.465450562766819e-16,4.39863011569841e-08,7.725864351147539e-06,1.0044653725544086e-05,3.89487335601968e-11
1253,1.1102230246251565e-16,9.878948860455937e-06,4.163336342344337e-17,4.391643904089193e-08,7.610694498384119e-06,9.878948860455937e-06,3.755568598477569e-11
1254,3.122502256758253e-17,9.580970366278037e-06,0.0,4.381591045543587e-08,7.497105666014115e-06,9.580970366278036e-06,4.1712912783930387e-11
1255,1.1449174941446927e-16,8.96846811102542e-06,1.2073675392798577e-15,4.366829109425652e-08,7.298936766738824e-06,8.96846811102542e-06,4.261661137352195e-11
1256,6.591949208711867e-17,8.826116779541413e-06,2.7755575615628914e-17,4.349286208960024e-08,7.1840020558144185e-06,8.826116779541412e-06,3.856773593525081e-11
1257,2.498001805406602e-16,8.892355254548139e-06,3.469446951953614e-16,4.343954973506925e-08,7.040691430249497e-06,8.892355254548139e-06,3.703299356957722e-11
1258,2.7755575615628914e-17,8.890619487504017e-06,2.0816681711721685e-16,4.327064173637041e-08,6.954290066989668e-06,8.890619487504017e-06,4.023858031019325e-11
1259,7.632783294297951e-17,8.673754311288802e-06,3.469446951953614e-16,4.317925395014299e-08,6.755538340613346e-06,8.673754311288802e-06,4.7079855264775823e-11
1260,1.0234868508263162e-16,8.653357806615047e-06,1.4710455076283324e-15,4.298143641001673e-08,6.674472600607412e-06,8.653357806615046e-06,4.02863663786924e-11
1261,2.2898349882893854e-16,8.397946601586437e-06,9.298117831235686e-16,4.2941758926495766e-08,6.599350345654929e-06,8.397946601586437e-06,3.681358092288842e-11
1262,7.979727989493313e-17,8.19239422949922e-06,1.2351231148954867e-15,4.288334787272419e-08,6.5484814701713564e-06,8.192394229499218e-06,4.076869136989973e-11
1263,6.591949208711867e-17,7.893002430596606e-06,2.636779683484747e-16,4.288024968435167e-08,6.509361525627336e-06,7.893002430596604e-06,4.382617907080193e-11
1264,7.632783294297951e-17,7.3620377394323694e-06,6.938893903907228e-17,4.2930448418410094e-08,6.465423900223408e-06,7.36203773943237e-06,3.941452884058535e-11
1265,2.255140518769849e-16,7.44784612774593e-06,5.967448757360216e-16,4.305981582408691e-08,6.444949793370712e-06,7.447846127745929e-06,3.7763855187892754e-11
1266,1.214306433183765e-16,7.592214081359424e-06,8.326672684688674e-17,4.369208650434331e-08,6.412699177851692e-06,7.5922140813594245e-06,4.2917458395432844e-11
1267,9.020562075079397e-17,7.548791568584942e-06,5.134781488891349e-16,4.426069344365402e-08,6.388082073644705e-06,7.548791568584943e-06,4.772686758982721e-11
1268,3.469446951953614e-17,7.434624351501906e-06,4.440892098500626e-16,4.494006977662224e-08,6.3798976645277825e-06,7.434624351501906e-06,4.3567831872219924e-11
1269,1.734723475976807e-16,7.758239911432039e-06,7.91033905045424e-16,4.5581820984352817e-08,6.259466022737676e-06,7.758239911432039e-06,4.232769893808894e-11
1270,8.326672684688674e-17,7.541495441961765e-06,1.5265566588595902e-16,4.632555405947869e-08,6.158864962782889e-06,7.541495441961765e-06,4.4479612396464495e-11
1271,2.0990154059319366e-16,8.213615362100988e-06,1.2212453270876722e-15,4.63952330997941e-08,6.003559371098315e-06,8.21361536210099e-06,5.360920461668602e-11
1272,5.377642775528102e-17,8.381697117472285e-06,9.71445146547012e-17,4.628156324848476e-08,5.8773252944022e-06,8.381697117472284e-06,4.845273656020682e-11
1273,2.255140518769849e-16,8.922558985485704e-06,8.604228440844963e-16,4.609621939710706e-08,5.5499150589870985e-06,8.922558985485704e-06,4.6039821726587544e-11
1274,9.020562075079397e-17,9.11960026773787e-06,9.71445146547012e-17,4.533856590160923e-08,5.452464638245466e-06,9.11960026773787e-06,4.7266491928702614e-11
1275,2.5326962749261384e-16,8.763538942655976e-06,1.582067810090848e-15,4.474276560362256e-08,5.219967539517621e-06,8.763538942655976e-06,5.459059899997634e-11
1276,7.979727989493313e-17,8.257299481877566e-06,1.249000902703301e-16,4.3172878161357175e-08,5.133595103358273e-06,8.257299481877566e-06,4.988794823074463e-11
1277,8.196568423990414e-17,8.07835513139881e-06,1.3877787807814457e-16,4.204899850535071e-08,5.144694326452707e-06,8.078355131398809e-06,4.650890195931735e-11
1278,8.326672684688674e-17,7.94815549597037e-06,1.5265566588595902e-16,4.0863501360455246e-08,5.106800880857561e-06,7.94815549597037e-06,4.445146156471063e-11
1279,1.5265566588595902e-16,7.608532049391852e-06,6.938893903907228e-16,3.980537499614911e-08,5.12942093976232e-06,7.608532049391852e-06,5.272180432877286e-11
1280,8.782037597132586e-17,7.559476367149248e-06,9.71445146547012e-17,3.829625583318119e-08,5.115511604817527e-06,7.559476367149247e-06,4.859079574443437e-11
1281,1.4029576111962427e-16,7.515092587856501e-06,1.3877787807814457e-16,3.7414395581691906e-08,5.1446614332696125e-06,7.515092587856501e-06,4.2749032354821274e-11
1282,1.4246416546459528e-16,7.432617658624228e-06,1.249000902703301e-16,3.5906814299657697e-08,5.212312289140833e-06,7.432617658624226e-06,4.133541525763549e-11
1283,3.8142232428040046e-16,7.354147133216739e-06,1.942890293094024e-16,3.445160201565045e-08,5.216054471432358e-06,7.354147133216741e-06,4.6436859989768784e-11
1284,2.8102520310824275e-16,7.446207552516124e-06,1.942890293094024e-16,3.253398783709116e-08,5.286498784586098e-06,7.4462075525161245e-06,4.549585989385222e-11
1285,2.42861286636753e-16,7.801726170831388e-06,8.326672684688674e-17,3.100181100723631e-08,5.4163472631332545e-06,7.801726170831387e-06,4.260989600102227e-11
1286,2.6020852139652106e-17,7.697251477418033e-06,0.0,2.937111032164097e-08,5.372424871867732e-06,7.697251477418033e-06,4.0149295845460857e-11
1287,1.8561541192951836e-16,7.716452072015661e-06,1.4155343563970746e-15,2.8948962560448877e-08,5.26958519015005e-06,7.716452072015661e-06,5.180427517302047e-11
1288,1.249000902703301e-16,8.097816420130178e-06,1.0685896612017132e-15,2.7580149719597102e-08,5.230727126144268e-06,8.09781642013018e-06,4.8211854896850725e-11
1289,1.3530843112619095e-16,8.558499554379357e-06,1.096345236817342e-15,2.8789390685854746e-08,5.159714035014388e-06,8.558499554379359e-06,4.167679007946033e-11
1290,5.898059818321144e-17,8.44347645932799e-06,5.551115123125783e-17,2.577668367642616e-08,5.105258441611976e-06,8.443476459327989e-06,3.864277513710418e-11
1291,6.938893903907228e-17,8.33874296050192e-06,1.3877787807814457e-17,2.492033318590714e-08,5.044388519285682e-06,8.33874296050192e-06,4.7024930033808034e-11
1292,1.231653667943533e-16,7.858911821865888e-06,1.0824674490095276e-15,2.745821120475611e-08,4.952242461210228e-06,7.858911821865886e-06,4.170489102089341e-11
1293,1.2836953722228372e-16,7.89479615631688e-06,5.689893001203927e-16,2.73153726859654e-08,5.0020819974760145e-06,7.894796156316881e-06,3.7101146177720416e-11
1294,5.551115123125783e-17,7.81004751857058e-06,2.636779683484747e-16,2.7184379969291683e-08,4.9969873847234396e-06,7.81004751857058e-06,3.32439407384273e-11
1295,5.551115123125783e-17,7.508208070384474e-06,2.914335439641036e-16,2.8029364051995742e-08,4.96469919846468e-06,7.508208070384474e-06,3.6784970506100713e-11
1296,1.0755285551056204e-16,7.509980853819758e-06,4.3021142204224816e-16,2.9098120080117695e-08,4.955422800625929e-06,7.509980853819758e-06,4.324246106636522e-11
1297,1.2663481374630692e-16,7.696999020026205e-06,6.106226635438361e-16,2.8343982549916547e-08,4.955326806107184e-06,7.696999020026205e-06,3.952954449063148e-11
1298,1.3530843112619095e-16,7.784960628809545e-06,6.38378239159465e-16,2.6638539707413145e-08,5.016358711253867e-06,7.784960628809545e-06,3.559111090353672e-11
1299,4.336808689942018e-17,7.544333698328381e-06,8.326672684688674e-17,2.700857709703186e-08,5.070461698538228e-06,7.544333698328381e-06,3.730127114678103e-11
1300,7.28583859910259e-17,7.2857378815576705e-06,2.3592239273284576e-16,2.7829826110270517e-08,5.067295863934805e-06,7.28573788155767e-06,3.72845126899043e-11
1301,1.0755285551056204e-16,6.762143053362339e-06,1.5265566588595902e-16,2.6807289943420187e-08,5.07975218184507e-06,6.762143053362339e-06,3.4127709318213537e-11
1302,1.3530843112619095e-16,6.839498342504671e-06,5.134781488891349e-16,2.4790228703164274e-08,5.053576204426119e-06,6.839498342504671e-06,3.1702645039622164e-11
1303,7.28583859910259e-17,6.749078327847996e-06,9.71445146547012e-17,2.433471357754513e-08,5.011881216808334e-06,6.749078327847996e-06,3.194364549967442e-11
1304,6.591949208711867e-17,6.668423189036384e-06,1.6653345369377348e-16,2.44435313656588e-08,4.926979053539085e-06,6.668423189036384e-06,3.4274949076046994e-11
1305,6.245004513516506e-17,6.516745593754349e-06,3.191891195797325e-16,2.3358595113709413e-08,4.852522416246622e-06,6.516745593754349e-06,3.3168026190173345e-11
1306,1.491862189340054e-16,6.258750413585384e-06,8.049116928532385e-16,2.281773425760747e-08,4.805034511262749e-06,6.258750413585383e-06,2.9971556328643156e-11
1307,4.5102810375396984e-17,6.030230032064261e-06,1.3877787807814457e-16,2.2659602416652547e-08,4.761468690758556e-06,6.030230032064261e-06,3.019150090450725e-11
1308,8.500145032286355e-17,5.617921513548533e-06,1.0685896612017132e-15,2.2556085221836497e-08,4.706488687618936e-06,5.617921513548532e-06,3.084912518712132e-11
1309,3.469446951953614e-17,5.287214999860104e-06,2.0816681711721685e-16,2.250613806431545e-08,4.654565940580068e-06,5.287214999860104e-06,2.8484856173861752e-11
1310,1.5612511283791264e-16,5.008372321388337e-06,8.326672684688674e-16,2.2434203605925518e-08,4.511611643917087e-06,5.008372321388337e-06,2.6136658010706605e-11
1311,7.112366251504909e-17,5.085343836466399e-06,4.718447854656915e-16,2.2215193018482182e-08,4.449563330740993e-06,5.085343836466399e-06,2.6878172823888973e-11
1312,2.1163626406917047e-16,5.2155857961623485e-06,1.1102230246251565e-15,2.2073267103017713e-08,4.336430201008334e-06,5.2155857961623485e-06,2.8651042591232768e-11
1313,5.898059818321144e-17,5.111113501879715e-06,3.0531133177191805e-16,2.1781693115840994e-08,4.263872825420644e-06,5.111113501879715e-06,2.7372054094113555e-11
1314,1.491862189340054e-16,4.779695026649236e-06,2.220446049250313e-16,2.162330869914797e-08,4.1213909120094945e-06,4.779695026649238e-06,2.5011451728215128e-11
1315,5.204170427930421e-17,4.717580699748358e-06,3.608224830031759e-16,2.1286521878494113e-08,4.08686905762439e-06,4.717580699748358e-06,2.4513856425368105e-11
1316,1.8561541192951836e-16,4.4042283350455925e-06,4.3021142204224816e-16,2.123815368015869e-08,4.006210445305871e-06,4.4042283350455925e-06,2.4903773135432394e-11
1317,3.469446951953614e-17,4.13440567730999e-06,5.551115123125783e-17,2.11413162531926e-08,3.9522541696522005e-06,4.134405677309991e-06,2.39054458038937e-11
1318,1.0061396160665481e-16,3.930768421773848e-06,9.992007221626409e-16,2.10620660912042e-08,3.840766328482106e-06,3.930768421773848e-06,2.2892058667567877e-11
1319,1.3877787807814457e-17,3.899291798795682e-06,1.3877787807814457e-17,2.095513584876585e-08,3.815645304746346e-06,3.899291798795682e-06,2.2094999203123698e-11
1320,3.642919299551295e-16,3.7578853068422175e-06,1.0547118733938987e-15,2.0945046919074173e-08,3.7058882032792566e-06,3.757885306842218e-06,2.2094378197370986e-11
1321,5.724587470723463e-17,3.77367071327154e-06,6.938893903907228e-17,2.0838508585363513e-08,3.651040360761481e-06,3.7736707132715396e-06,2.219041370917451e-11
1322,9.71445146547012e-17,3.734890259052484e-06,3.3306690738754696e-16,2.0787401910915548e-08,3.5617823031252645e-06,3.734890259052484e-06,2.27602763940092e-11
1323,4.5102810375396984e-17,3.641241137183606e-06,6.938893903907228e-17,2.0727922933616583e-08,3.5253294233574323e-06,3.641241137183606e-06,2.178900875992786e-11
1324,2.0122792321330962e-16,3.5470505518505415e-06,1.5265566588595902e-16,2.0761844354844072e-08,3.4131058729879908e-06,3.547050551850541e-06,2.044498898468555e-11
1325,6.938893903907228e-17,3.464951865736783e-06,2.914335439641036e-16,2.0755698049157445e-08,3.3772520029719284e-06,3.464951865736783e-06,2.0708527956678398e-11
1326,1.3530843112619095e-16,3.3059153956850638e-06,2.636779683484747e-16,2.074047666944523e-08,3.2686239215103244e-06,3.3059153956850638e-06,2.3390558868676863e-11
1327,2.7755575615628914e-17,3.340653925905624e-06,2.7755575615628914e-17,2.077326022309478e-08,3.223759860983366e-06,3.3406539259056236e-06,2.1697339965009687e-11
1328,2.636779683484747e-16,3.559126645273177e-06,5.551115123125783e-17,2.0771996345203547e-08,3.117221383312677e-06,3.5591266452731765e-06,1.998038878371904e-11
1329,1.457167719820518e-16,3.7193837294098852e-06,1.3322676295501878e-15,2.074509031224636e-08,3.05781053291836e-06,3.719383729409886e-06,2.1502328202976642e-11
1330,1.717376241217039e-16,3.7898784102191598e-06,5.273559366969494e-16,2.0728186833629536e-08,2.9563802348928628e-06,3.7898784102191598e-06,2.370044384982498e-11
1331,6.245004513516506e-17,3.7544246990352814e-06,2.914335439641036e-16,2.0643701192923913e-08,2.876743952967008e-06,3.754424699035282e-06,2.181334567123296e-11
1332,9.194034422677078e-17,3.7663418074992243e-06,3.469446951953614e-16,2.0646582110650513e-08,2.811427465831368e-06,3.766341807499224e-06,1.9935243311940548e-11
1333,3.469446951953614e-17,3.7255609627173747e-06,2.498001805406602e-16,2.083576056133296e-08,2.788762005742925e-06,3.7255609627173747e-06,1.9221322997695995e-11
1334,2.5326962749261384e-16,3.456665400147729e-06,9.992007221626409e-16,2.083978078992743e-08,2.7533951896032543e-06,3.4566654001477295e-06,2.139415925990247e-11
1335,4.163336342344337e-17,3.4078947065443958e-06,1.1102230246251565e-16,2.0914037168751065e-08,2.73033362793357e-06,3.4078947065443958e-06,2.138958355288757e-11
1336,1.3183898417423734e-16,3.6532695655095795e-06,2.498001805406602e-16,2.0948038415014025e-08,2.663818976989366e-06,3.653269565509579e-06,2.0765077519988608e-11
1337,1.6306400674181987e-16,3.995073435837113e-06,7.632783294297951e-16,2.086639572240756e-08,2.626082586128129e-06,3.995073435837113e-06,2.0784438464145354e-11
1338,1.214306433183765e-16,4.35528965711906e-06,7.494005416219807e-16,2.089079920164494e-08,2.5975222775540743e-06,4.35528965711906e-06,2.2247922345139356e-11
1339,1.8041124150158794e-16,4.339452943450359e-06,2.733924198139448e-15,2.1043367381956557e-08,2.57130234460535e-06,4.339452943450358e-06,2.2135466102497307e-11
1340,9.020562075079397e-17,4.027020531964955e-06,6.245004513516506e-16,2.1136901340312875e-08,2.605123804544702e-06,4.027020531964955e-06,2.43542799332103e-11
1341,3.9898639947466563e-17,4.0354275685752425e-06,1.5265566588595902e-16,2.1412995598879547e-08,2.660421599913054e-06,4.0354275685752425e-06,2.282737415506427e-11
1342,1.1275702593849246e-16,3.853278457914369e-06,2.498001805406602e-16,2.1634701030670556e-08,2.686262704033647e-06,3.853278457914369e-06,2.1285410092515326e-11
1343,1.9081958235744878e-16,3.6960234450541378e-06,1.4849232954361469e-15,2.1764465785167886e-08,2.731810113655311e-06,3.6960234450541374e-06,2.2604692246357614e-11
1344,2.7755575615628914e-17,3.6972449904624345e-06,9.71445146547012e-17,2.1830900753805338e-08,2.737052654490235e-06,3.6972449904624345e-06,2.4777776689753332e-11
1345,9.020562075079397e-17,3.7985092832572105e-06,5.689893001203927e-16,2.1705987895970225e-08,2.709233326976819e-06,3.79850928325721e-06,2.2798330359445445e-11
1346,1.3183898417423734e-16,4.013531170801896e-06,1.0130785099704553e-15,2.1504226732638188e-08,2.6995551189160416e-06,4.013531170801896e-06,2.2111761156309445e-11
1347,5.898059818321144e-17,4.163078190641677e-06,3.469446951953614e-16,2.1332756006131603e-08,2.6914466199468003e-06,4.163078190641677e-06,2.1720197653488918e-11
1348,2.671474153004283e-16,3.984210385954071e-06,6.938893903907228e-17,2.1141579931160948e-08,2.6674692952439857e-06,3.984210385954071e-06,2.3980917156484904e-11
1349,4.85722573273506e-17,4.053795830010052e-06,1.6653345369377348e-16,2.07669447194192e-08,2.6323059764081897e-06,4.053795830010052e-06,2.273373571145313e-11
1350,2.7755575615628914e-17,4.140968904046292e-06,2.220446049250313e-16,2.040455260310381e-08,2.6302776107818223e-06,4.140968904046292e-06,2.1327145262397586e-11
1351,1.2663481374630692e-16,4.063750824830979e-06,7.632783294297951e-16,2.0119288346442943e-08,2.6294308302266605e-06,4.063750824830979e-06,2.0491334995251625e-11
1352,1.0061396160665481e-16,4.0740502572336184e-06,5.689893001203927e-16,1.9872473222548592e-08,2.624398586556951e-06,4.074050257233618e-06,2.2472949724639236e-11
1353,9.540979117872439e-17,4.065543411626968e-06,4.163336342344337e-16,1.944330441094877e-08,2.594469450947968e-06,4.065543411626968e-06,2.140671382523676e-11
1354,5.204170427930421e-17,3.987942160234464e-06,1.5265566588595902e-16,1.90911700892471e-08,2.5480675563292094e-06,3.987942160234464e-06,2.0940192711089576e-11
1355,7.28583859910259e-17,3.982057658337286e-06,2.7755575615628914e-17,1.8780021759923216e-08,2.4882910161158385e-06,3.982057658337286e-06,2.0023668605197554e-11
1356,1.0581813203458523e-16,3.96752200744913e-06,1.5265566588595902e-16,1.8370702181691456e-08,2.4535423032119667e-06,3.96752200744913e-06,2.082148894873993e-11
1357,1.6653345369377348e-16,3.7836868746802965e-06,1.762479051592436e-15,1.791242543180971e-08,2.3995049458205645e-06,3.7836868746802965e-06,1.9845065179762502e-11
1358,3.8163916471489756e-17,3.6782863869227945e-06,4.163336342344337e-17,1.7565211840597783e-08,2.3447426249348662e-06,3.678286386922794e-06,1.922751494931132e-11
1359,5.377642775528102e-17,3.675513650479092e-06,9.71445146547012e-17,1.7204587976493713e-08,2.312299497408806e-06,3.675513650479092e-06,1.7996584945802282e-11
1360,1.3183898417423734e-16,3.6488929479043286e-06,2.636779683484747e-16,1.6801609326044797e-08,2.2779043882049507e-06,3.6488929479043286e-06,2.0447501697760354e-11
1361,9.8879238130678e-17,3.6791367551322965e-06,1.942890293094024e-16,1.6233613342464537e-08,2.2475559026571178e-06,3.6791367551322956e-06,1.927591228562539e-11
1362,1.1102230246251565e-16,3.81247494373913e-06,2.636779683484747e-16,1.578866104523513e-08,2.2231282024266924e-06,3.81247494373913e-06,1.7590120768347568e-11
1363,6.938893903907228e-17,3.766333486979267e-06,2.7755575615628914e-17,1.538066918271852e-08,2.1867471101554015e-06,3.766333486979267e-06,1.767596522093667e-11
1364,6.591949208711867e-17,3.7227271698057644e-06,5.551115123125783e-16,1.507213331919388e-08,2.1468222456784184e-06,3.7227271698057644e-06,2.1513646208688983e-11
1365,1.0408340855860843e-16,3.7067091656577432e-06,1.0547118733938987e-15,1.4603127818091366e-08,2.1080226009761866e-06,3.7067091656577432e-06,1.8481528443788742e-11
1366,1.734723475976807e-16,3.5535328801329717e-06,1.0824674490095276e-15,1.4204910914195068e-08,2.0793471044635383e-06,3.5535328801329713e-06,1.6970039970106892e-11
1367,1.0061396160665481e-16,3.4301460478931986e-06,3.885780586188048e-16,1.382964720519908e-08,2.0532361987525294e-06,3.430146047893199e-06,1.786711588372419e-11
1368,4.163336342344337e-17,3.30542668784166e-06,2.7755575615628914e-17,1.3400388132467356e-08,2.0077612962233552e-06,3.30542668784166e-06,1.996611673853147e-11
1369,1.0408340855860843e-16,3.195521650161573e-06,1.8041124150158794e-16,1.306160002378931e-08,1.9714936792564944e-06,3.195521650161573e-06,1.8755319891766268e-11
1370,1.0408340855860843e-16,3.2279627182117056e-06,4.440892098500626e-16,1.2682669470187591e-08,1.9738459015327948e-06,3.2279627182117056e-06,1.7471244728627057e-11
1371,1.0408340855860843e-16,3.1818083895836824e-06,6.938893903907228e-17,1.2218229095140032e-08,1.961702144112437e-06,3.1818083895836824e-06,1.5989318797501122e-11
1372,9.71445146547012e-17,3.2222156110740538e-06,4.163336342344337e-17,1.1829607182711754e-08,1.971750951031752e-06,3.2222156110740546e-06,1.9229380948576258e-11
1373,5.204170427930421e-17,3.2395988539440985e-06,3.7470027081099033e-16,1.14024432118498e-08,1.9774772716652075e-06,3.2395988539440985e-06,1.856476964972873e-11
1374,7.806255641895632e-17,3.063305332770592e-06,1.3877787807814457e-17,1.0978385422966142e-08,1.9501783413143717e-06,3.063305332770592e-06,1.4914643235124165e-11
1375,1.8388068845354155e-16,2.9724844478487193e-06,1.9290125052862095e-15,1.065448951287351e-08,1.966312374162908e-06,2.9724844478487193e-06,1.5694872059120415e-11
1376,7.979727989493313e-17,2.94019981377588e-06,2.914335439641036e-16,1.0970472807958487e-08,1.9776931610889764e-06,2.9401998137758804e-06,1.897020054837899e-11
1377,3.469446951953614e-17,2.8922783382209848e-06,2.7755575615628914e-17,1.1645516606595407e-08,1.970578326264196e-06,2.8922783382209848e-06,1.7133214646608943e-11
1378,1.1449174941446927e-16,2.688555903025144e-06,3.191891195797325e-16,1.1632725727128701e-08,1.9811909870787345e-06,2.6885559030251435e-06,1.562145066369481e-11
1379,1.700029006457271e-16,2.5565233789810538e-06,5.134781488891349e-16,1.1825513179797298e-08,1.9816207505085415e-06,2.5565233789810534e-06,1.5118571251722215e-11
1380,6.938893903907228e-17,2.5168760490749127e-06,6.938893903907228e-17,1.2826094630824514e-08,1.9910799012459548e-06,2.5168760490749135e-06,1.8477908290123617e-11
1381,1.249000902703301e-16,2.5919494426431717e-06,1.249000902703301e-16,1.3567027168370771e-08,2.032284021588906e-06,2.5919494426431717e-06,1.723956963317235e-11
1382,2.6020852139652106e-17,2.6287404170371393e-06,2.7755575615628914e-17,1.3420391742346993e-08,2.062242352762014e-06,2.628740417037139e-06,1.473299713484988e-11
1383,9.020562075079397e-17,2.441836168575651e-06,1.3877787807814457e-17,1.3209789762047563e-08,2.0636038736363627e-06,2.441836168575651e-06,1.3269456178969795e-11
1384,2.706168622523819e-16,2.282648657258205e-06,1.5543122344752192e-15,1.360463741661988e-08,2.1012600843778963e-06,2.282648657258205e-06,1.8247579574886842e-11
1385,3.8163916471489756e-17,2.334528544753633e-06,1.1102230246251565e-16,1.3999435888312206e-08,2.1029602616855645e-06,2.3345285447536336e-06,1.731900476858931e-11
1386,1.0061396160665481e-16,2.521365288540444e-06,3.608224830031759e-16,1.3647491026169689e-08,2.0875667758317114e-06,2.521365288540444e-06,1.4371537901543636e-11
1387,8.500145032286355e-17,2.502087794484555e-06,1.8041124150158794e-16,1.3120900144159009e-08,2.08825687397361e-06,2.502087794484555e-06,1.4482572435215538e-11
1388,9.71445146547012e-17,2.4338715286557993e-06,8.326672684688674e-17,1.316973935461263e-08,2.0696546843948522e-06,2.433871528655799e-06,1.7499745007447074e-11
1389,1.3183898417423734e-16,2.4741994111088874e-06,1.8041124150158794e-16,1.3285988587075082e-08,2.0592870799528966e-06,2.4741994111088874e-06,1.7326061036980813e-11
1390,4.336808689942018e-17,2.407216570237509e-06,2.7755575615628914e-16,1.2748673949847245e-08,2.0526615775262807e-06,2.407216570237509e-06,1.446483036575173e-11
1391,6.353424730765056e-17,2.346023109445016e-06,1.8041124150158794e-16,1.1899629670519829e-08,2.0349709869349503e-06,2.346023109445016e-06,1.3082481826507734e-11
1392,8.326672684688674e-17,2.2360757669667357e-06,9.71445146547012e-17,1.1722965986837863e-08,2.008523641216584e-06,2.2360757669667357e-06,1.4927944012300934e-11
1393,2.0990154059319366e-16,2.1769083058208565e-06,5.134781488891349e-16,1.173210095739563e-08,1.9332008751223614e-06,2.1769083058208565e-06,1.473159714958859e-11
1394,2.0816681711721685e-17,2.252871298561565e-06,0.0,1.0336860256643376e-08,1.9052910163721308e-06,2.252871298561565e-06,1.3531618558890487e-11
1395,9.540979117872439e-17,2.260239079379575e-06,6.38378239159465e-16,9.727168792661445e-09,1.8727220918793092e-06,2.260239079379575e-06,1.270566336298099e-11
1396,8.326672684688674e-17,2.1179880869529884e-06,2.0816681711721685e-16,9.52369949569487e-09,1.8357613803605522e-06,2.1179880869529884e-06,1.3977661919240679e-11
1397,9.540979117872439e-17,2.0567870660042803e-06,1.1657341758564144e-15,9.377921716957616e-09,1.787297236593554e-06,2.0567870660042807e-06,1.431125437409054e-11
1398,1.1449174941446927e-16,1.94913057639333e-06,2.220446049250313e-16,8.740050794209253e-09,1.7511563921563196e-06,1.94913057639333e-06,1.2961934180979597e-11
1399,9.020562075079397e-17,1.865325561504357e-06,5.828670879282072e-16,8.119070804557538e-09,1.711835894234182e-06,1.865325561504357e-06,1.1498165441527232e-11
1400,3.8163916471489756e-17,1.8834921904194758e-06,0.0,7.616016484135457e-09,1.6857843450798065e-06,1.8834921904194754e-06,1.1647510722081931e-11
1401,8.673617379884035e-17,1.9298072391111754e-06,9.43689570931383e-16,7.516050337663671e-09,1.6310197134908988e-06,1.929807239111175e-06,1.2737821822373233e-11
1402,9.71445146547012e-17,1.9753622111482926e-06,6.938893903907228e-16,7.25857801642249e-09,1.5773446463406566e-06,1.9753622111482926e-06,1.1883899591899458e-11
1403,1.97758476261356e-16,2.069211991813895e-06,9.575673587391975e-16,6.546033826104747e-09,1.5196155522746575e-06,2.0692119918138953e-06,1.1108484562066055e-11
1404,2.6020852139652106e-17,2.043958788006021e-06,1.249000902703301e-16,6.587444145722543e-09,1.4964049845473235e-06,2.043958788006021e-06,1.1373945424738539e-11
1405,1.0928757898653885e-16,1.7769984822938526e-06,7.91033905045424e-16,6.5902961976505026e-09,1.4374023675168352e-06,1.7769984822938526e-06,1.1926674111669236e-11
1406,1.0061396160665481e-16,1.673460862729471e-06,4.0245584642661925e-16,6.612595471189309e-09,1.4090735575473962e-06,1.673460862729471e-06,1.0875699294067685e-11
1407,7.632783294297951e-17,1.6035043595299909e-06,6.106226635438361e-16,6.670671348629753e-09,1.3888235370809089e-06,1.6035043595299909e-06,1.0232565573416082e-11
1408,9.020562075079397e-17,1.5290024932132824e-06,3.885780586188048e-16,6.6838782286637866e-09,1.3676183346728674e-06,1.5290024932132822e-06,1.0051889701644352e-11
1409,6.245004513516506e-17,1.5259182717387414e-06,5.689893001203927e-16,6.696794230265368e-09,1.3381526625767589e-06,1.5259182717387414e-06,1.073158358353767e-11
1410,5.0306980803327406e-17,1.5195569972693025e-06,1.1102230246251565e-16,6.729438450925329e-09,1.316312096304956e-06,1.5195569972693025e-06,1.0394955168828578e-11
1411,2.3592239273284576e-16,1.5939908741305335e-06,2.6229018956769323e-15,6.738988256316247e-09,1.281539702245053e-06,1.5939908741305335e-06,1.055225601704488e-11
1412,8.326672684688674e-17,1.7475964791629768e-06,2.7755575615628914e-16,6.805897956319029e-09,1.2591125512549688e-06,1.7475964791629768e-06,1.0658217590491018e-11
1413,1.5439038936193583e-16,1.7294468764661871e-06,1.8041124150158794e-16,6.8621908155819256e-09,1.2346911634521464e-06,1.729446876466187e-06,1.0850867369701652e-11
1414,7.28583859910259e-17,1.6830910645493828e-06,3.191891195797325e-16,6.911600070047541e-09,1.2124896462893462e-06,1.6830910645493828e-06,1.0855607769689901e-11
1415,1.3357370765021415e-16,1.6242412570320586e-06,3.7470027081099033e-16,7.02545610575811e-09,1.2020101414561498e-06,1.6242412570320588e-06,1.0280370864981226e-11
1416,1.0061396160665481e-16,1.4946525050801054e-06,6.938893903907228e-17,7.156208847725054e-09,1.1858256644858027e-06,1.4946525050801054e-06,9.80703107000609e-12
1417,1.8041124150158794e-16,1.3055198242502107e-06,2.7755575615628914e-16,7.194767004392588e-09,1.1709400483002752e-06,1.3055198242502105e-06,1.0419361445231901e-11
1418,2.42861286636753e-17,1.273857324796199e-06,6.938893903907228e-17,7.405895341427993e-09,1.1655489479573256e-06,1.273857324796199e-06,9.243266970016523e-12
1419,1.2663481374630692e-16,1.1860716788222013e-06,7.494005416219807e-16,7.516379296745868e-09,1.1613046695158017e-06,1.1860716788222015e-06,9.303928073085157e-12
1420,9.8879238130678e-17,1.1650472176456665e-06,3.3306690738754696e-16,7.706235649607152e-09,1.162001167686703e-06,1.1650472176456665e-06,9.046820786803334e-12
1421,1.249000902703301e-16,1.2360067041735662e-06,9.298117831235686e-16,7.7935538023155e-09,1.1580293788208057e-06,1.2360067041735662e-06,9.033172168824491e-12
1422,9.020562075079397e-17,1.2420890398747852e-06,6.938893903907228e-16,7.823270253837222e-09,1.1506626807808667e-06,1.2420890398747852e-06,8.8039603139788e-12
1423,6.591949208711867e-17,1.2811089913801486e-06,2.3592239273284576e-16,7.837919313580244e-09,1.1389346215292951e-06,1.2811089913801484e-06,8.855207041635464e-12
1424,8.153200337090993e-17,1.2786660051036137e-06,1.5265566588595902e-16,7.86945375530479e-09,1.1251915417950973e-06,1.2786660051036137e-06,9.255140365854795e-12
1425,2.185751579730777e-16,1.2490273714021027e-06,1.3877787807814457e-17,7.815658342735787e-09,1.1045246432576868e-06,1.2490273714021027e-06,1.0178472761287104e-11
1426,6.245004513516506e-17,1.2922758834424167e-06,5.412337245047638e-16,7.70045205378267e-09,1.089904142970538e-06,1.2922758834424167e-06,9.334523291180476e-12
1427,1.1796119636642288e-16,1.367489696396983e-06,7.216449660063518e-16,7.624810671735816e-09,1.0836896510821666e-06,1.367489696396983e-06,9.162644951058774e-12
1428,4.163336342344337e-17,1.3564364107145115e-06,3.885780586188048e-16,7.569300630727582e-09,1.073334018525207e-06,1.3564364107145112e-06,8.797058816058915e-12
1429,1.491862189340054e-16,1.450272292112598e-06,9.43689570931383e-16,7.517910183274523e-09,1.0627567057051577e-06,1.450272292112598e-06,9.579957635397704e-12
1430,9.367506770274758e-17,1.4155152104780287e-06,8.326672684688674e-17,7.4216126577653085e-09,1.0494079728127126e-06,1.4155152104780287e-06,9.113527371840346e-12
1431,1.474514954580286e-16,1.3445347489583801e-06,1.5265566588595902e-15,7.350212327672523e-09,1.0336453084879022e-06,1.34453474895838e-06,8.366374040770143e-12
1432,2.7755575615628914e-17,1.3465675150257478e-06,5.551115123125783e-17,7.2438792741991165e-09,1.0238853899506635e-06,1.3465675150257476e-06,8.100970671746379e-12
1433,8.326672684688674e-17,1.3690472692428039e-06,2.7755575615628914e-17,7.146452873918463e-09,1.0052765317025215e-06,1.3690472692428037e-06,9.456463364652483e-12
1434,1.7694179454963432e-16,1.3637108477319862e-06,6.245004513516506e-16,6.934013474513279e-09,9.873788448368427e-07,1.3637108477319858e-06,8.404392084008588e-12
1435,5.204170427930421e-17,1.3794031789264768e-06,3.0531133177191805e-16,6.737461144545875e-09,9.810537895758657e-07,1.3794031789264768e-06,8.41441190072202e-12
1436,8.673617379884035e-17,1.333493173752697e-06,2.0816681711721685e-16,6.526330365019817e-09,9.728476009221782e-07,1.333493173752697e-06,7.909656789265561e-12
1437,8.847089727481716e-17,1.345139398746857e-06,3.3306690738754696e-16,6.321244971907447e-09,9.71646251447664e-07,1.345139398746857e-06,9.040103702885143e-12
1438,4.85722573273506e-17,1.312836748437334e-06,1.6653345369377348e-16,6.075320690968056e-09,9.710686519672312e-07,1.312836748437334e-06,8.307394732981039e-12
1439,1.249000902703301e-16,1.2841832747312618e-06,9.020562075079397e-16,5.826109261697354e-09,9.661602742328064e-07,1.2841832747312616e-06,6.84109785661436e-12
1440,1.1449174941446927e-16,1.2706420398397407e-06,6.38378239159465e-16,5.521258339413748e-09,9.600421998093584e-07,1.270642039839741e-06,6.689221489039513e-12
1441,5.898059818321144e-17,1.2291142678384332e-06,2.914335439641036e-16,5.375912826011131e-09,9.500947191714497e-07,1.2291142678384332e-06,7.689141934591887e-12
1442,4.85722573273506e-17,1.2393345505908388e-06,2.3592239273284576e-16,5.123079516167195e-09,9.344544464065027e-07,1.2393345505908384e-06,7.064129801881043e-12
1443,1.5959455978986625e-16,1.207280570697338e-06,1.0130785099704553e-15,4.922827478992531e-09,9.19116479958192e-07,1.2072805706973382e-06,6.259677656314195e-12
1444,1.3877787807814457e-16,1.1860046710977326e-06,1.2212453270876722e-15,4.684664212106782e-09,9.097723415456155e-07,1.1860046710977326e-06,6.387568959531257e-12
1445,4.5102810375396984e-17,1.1615328380383896e-06,1.3877787807814457e-16,4.492348937290558e-09,8.958720905420555e-07,1.1615328380383896e-06,7.492585348116703e-12
1446,7.632783294297951e-17,1.1527738486137762e-06,2.7755575615628914e-17,4.298901123966914e-09,8.833756412665709e-07,1.152773848613776e-06,6.458948885697803e-12
1447,5.551115123125783e-17,1.162631636661392e-06,2.498001805406602e-16,4.143361209685281e-09,8.760157203256982e-07,1.162631636661392e-06,6.027855584318595e-12
1448,8.326672684688674e-17,1.129129731218118e-06,5.689893001203927e-16,3.9945580176947715e-09,8.618195499671052e-07,1.129129731218118e-06,5.6841713070062504e-12
1449,1.249000902703301e-16,1.1218991843806096e-06,4.85722573273506e-16,3.965967221297717e-09,8.528335538061159e-07,1.1218991843806098e-06,6.745375447161875e-12
1450,3.122502256758253e-17,1.1114720660538484e-06,9.71445146547012e-17,3.9388132755391325e-09,8.46215664936358e-07,1.1114720660538484e-06,6.335195371632984e-12
1451,7.979727989493313e-17,1.086312144540936e-06,9.71445146547012e-17,3.9381922722903084e-09,8.32633061967199e-07,1.0863121445409365e-06,5.6642056714855124e-12
1452,9.020562075079397e-17,1.040314480717968e-06,7.216449660063518e-16,3.924561342572019e-09,8.173468074232592e-07,1.040314480717968e-06,6.252732807308212e-12
1453,1.3530843112619095e-16,1.0296245300404002e-06,1.3877787807814457e-16,3.8831213244883145e-09,8.043116789584764e-07,1.0296245300404002e-06,6.7413647680253215e-12
1454,6.938893903907228e-18,9.823345835548795e-07,9.71445146547012e-17,3.848679708262637e-09,7.964455318148283e-07,9.823345835548793e-07,5.9896841741627005e-12
