$MeshFormat
2.2 0 8
$EndMeshFormat
$PhysicalNames
5
1 1 "inlet"
1 2 "outlet"
1 3 "open-boundary"
1 4 "airfoil"
2 5 "fluid"
$EndPhysicalNames
$Nodes
1364
1 0 0 0
2 36 0 0
3 36 16 0
4 0 16 0
5 11.75060898743504 8.017439118436032 0
6 12.74817303769487 7.947682644691906 0
7 1.565217391300368 0 0
8 3.130434782601379 0 0
9 4.695652173902698 0 0
10 6.260869565200744 0 0
11 7.826086956498737 0 0
12 9.39130434779673 0 0
13 10.95652173909472 0 0
14 12.52173913039272 0 0
15 14.08695652169071 0 0
16 15.6521739129887 0 0
17 17.2173913042867 0 0
18 18.78260869559241 0 0
19 20.34782608690586 0 0
20 21.9130434782193 0 0
21 23.47826086953275 0 0
22 25.0434782608462 0 0
23 26.60869565215964 0 0
24 28.17391304347307 0 0
25 29.7391304347865 0 0
26 31.30434782609993 0 0
27 32.86956521740401 0 0
28 34.43478260870201 0 0
29 36 1.599999999997035 0
30 36 3.199999999992926 0
31 36 4.799999999988263 0
32 36 6.399999999983599 0
33 36 7.999999999979108 0
34 36 9.599999999983149 0
35 36 11.19999999998736 0
36 36 12.79999999999157 0
37 36 14.39999999999579 0
38 34.43478260870162 16 0
39 32.86956521740325 16 0
40 31.30434782610488 16 0
41 29.7391304348065 16 0
42 28.17391304350813 16 0
43 26.60869565220975 16 0
44 25.04347826091138 16 0
45 23.478260869613 16 0
46 21.91304347831463 16 0
47 20.34782608701626 16 0
48 18.78260869571788 16 0
49 17.21739130441178 16 0
50 15.65217391309795 16 0
51 14.08695652178412 16 0
52 12.5217391304703 16 0
53 10.95652173915647 16 0
54 9.391304347842652 16 0
55 7.826086956528837 16 0
56 6.260869565215025 16 0
57 4.695652173901212 16 0
58 3.130434782596744 16 0
59 1.565217391298376 16 0
60 0 14.39999999999334 0
61 0 12.8 0
62 0 11.20000000001109 0
63 0 9.60000000002219 0
64 0 8.000000000032939 0
65 0 6.40000000002663 0
66 0 4.800000000019972 0
67 0 3.200000000013315 0
68 0 1.600000000006656 0
69 12.74427734959531 7.948528422237193 0
70 12.74038105037609 7.949371379032518 0
71 12.73648414618769 7.95021153719233 0
72 12.73258664666196 7.951048925734283 0
73 12.72868855172313 7.951883546296068 0
74 12.72478988355126 7.952715443749264 0
75 12.72050699008131 7.953626041104279 0
76 12.70617772859765 7.956648149116067 0
77 12.69440095538705 7.959104251408665 0
78 12.67783710919942 7.962517587522932 0
79 12.65453685027571 7.967240229003701 0
80 12.62397898624095 7.973299389755325 0
81 12.59266783261087 7.979355824075654 0
82 12.56132924412491 7.985268643814355 0
83 12.52996440720305 7.991040665924658 0
84 12.49857417903049 7.996672931610609 0
85 12.4671590521039 8.002164623687014 0
86 12.43571921656249 8.007513018616896 0
87 12.4042545374593 8.012713284883427 0
88 12.3727646380045 8.017758542403326 0
89 12.34124886642291 8.02263954865604 0
90 12.30970635720576 8.027344639542848 0
91 12.27813607315367 8.031859547686926 0
92 12.24653683232958 8.03616704703216 0
93 12.21490737811799 8.040246672876268 0
94 12.18324645913986 8.044074314602637 0
95 12.15155293725835 8.047621682538178 0
96 12.11982591055291 8.050855441619394 0
97 12.08806493217279 8.053736218362697 0
98 12.05627027558714 8.056217215401368 0
99 12.02444337817565 8.058241809781126 0
100 11.99258748610328 8.059740452458483 0
101 11.96070879068205 8.060625177090879 0
102 11.92881846108906 8.060780667123881 0
103 11.89693661779776 8.060047841056479 0
104 11.86510132366938 8.058190956754945 0
105 11.83339244238555 8.054822332274391 0
106 11.80201309712527 8.049192099085484 0
107 11.77173108890607 8.039364677529601 0
108 11.76847518737306 7.992786592149264 0
109 11.79709688005607 7.978839851684008 0
110 11.82738901696282 7.968897083918246 0
111 11.85832223585356 7.961148128711802 0
112 11.88959102137884 7.954878665858669 0
113 11.92106235261219 7.949715885414536 0
114 11.95266570464818 7.945431632353138 0
115 11.98435901983933 7.941871165623818 0
116 12.01611519761918 7.938921839410894 0
117 12.04791586479456 7.936497400906405 0
118 12.07974811156769 7.934529427288446 0
119 12.1116026497022 7.932962042757927 0
120 12.14347268537638 7.931748941706923 0
121 12.17535318929025 7.930851068943908 0
122 12.20724041138601 7.930235287288 0
123 12.23913154312216 7.929873423218313 0
124 12.27102446807737 7.929741425383079 0
125 12.30291758275769 7.929818853055256 0
126 12.33480965819687 7.930088483690339 0
127 12.36669973960644 7.930536045171344 0
128 12.3985870594207 7.931149866481057 0
129 12.43047097237044 7.931920705839751 0
130 12.46235090406437 7.93284169935932 0
131 12.49422630589285 7.93390804524479 0
132 12.52609661836157 7.935117075034684 0
133 12.55796122789183 7.936468050365223 0
134 12.5898194456069 7.937962125040603 0
135 12.62167047991775 7.939602255537565 0
136 12.65276442983254 7.941349269416524 0
137 12.67647458598737 7.942782040452269 0
138 12.69334050144817 7.943856198382108 0
139 12.70533858919949 7.944649004113677 0
140 12.71994717119464 7.945647326267968 0
141 12.72431572726797 7.945953039837168 0
142 12.72829245116616 7.946234266276299 0
143 12.73226897986171 7.946518268949087 0
144 12.73624531478659 7.946805096590355 0
145 12.74022142733331 7.947094748726665 0
146 12.74419733890727 7.947387257382006 0
147 11.74800641664623 8.017610199444036 0
148 11.74493538311543 8.017812075033481 0
149 11.74131156354908 8.018050288229025 0
150 11.73703545646079 8.018331379799768 0
151 11.73198965009661 8.018663067853245 0
152 11.72603559858687 8.019054459756349 0
153 11.71900981780539 8.019516302202009 0
154 12.74859736464914 7.949637113068698 0
155 12.74909807045517 7.951943385753314 0
156 12.7496889033063 7.95466478752116 0
157 12.75038608607062 7.957876041607217 0
158 12.75120876173253 7.961665321428765 0
159 12.75217951901358 7.966136671618192 0
160 12.75332501260521 7.971412864841716 0
161 12.74888503032417 7.949551619409717 0
162 12.74972518162676 7.951757009576733 0
163 12.7507165601638 7.954359369973812 0
164 12.75188638683752 7.957430155242365 0
165 12.7532667823125 7.961053681859258 0
166 12.75489564897298 7.965329443267192 0
167 12.75681771163234 7.970374841728552 0
168 12.74915666535944 7.949424045454939 0
169 12.75031734600363 7.951478898355318 0
170 12.75168694916378 7.953903624777764 0
171 12.75330308089276 7.956764801956251 0
172 12.75521011633295 7.960140991026867 0
173 12.75746041815237 7.964124894130192 0
174 12.76011577429929 7.968825899792116 0
175 12.74940615384415 7.949257263554485 0
176 12.7508612309003 7.951115313812328 0
177 12.75257822182655 7.953307813116582 0
178 12.75460427111953 7.955894962295602 0
179 12.75699500928525 7.958947798326846 0
180 12.7598160803208 7.962550144843713 0
181 12.76314494414275 7.966800913733617 0
182 12.74962787850101 7.949055028832293 0
183 12.75134459065226 7.95067444211795 0
184 12.75337031099073 7.952585349795024 0
185 12.75576066099013 7.954840220853972 0
186 12.75858127398941 7.957500968703531 0
187 12.76190959732857 7.960640651166011 0
188 12.76583701886878 7.964345476471736 0
189 12.74981684716023 7.948821894638844 0
190 12.75175654232935 7.950166209576232 0
191 12.75404538262891 7.951752501202349 0
192 12.7567462141824 7.953624325321167 0
193 12.75993319541551 7.955833077781373 0
194 12.76369383327059 7.958439405684415 0
195 12.76813138593958 7.961514872610005 0
196 12.74996880515907 7.948563110031672 0
197 12.75208781076682 7.949602059132595 0
198 12.75458823738397 7.950828019071685 0
199 12.7575387407922 7.952274651799812 0
200 12.76102033481392 7.953981678419 0
201 12.76512861575955 7.955995969829642 0
202 12.76997638727539 7.958372833694201 0
203 12.75008033113635 7.948284501591901 0
204 12.7523309373973 7.948994692733896 0
205 12.75498665278523 7.94983271828145 0
206 12.75812039694297 7.950821588427563 0
207 12.76181821504912 7.951988455199976 0
208 12.76618164041437 7.953365357991425 0
209 12.77133048234536 7.954990103285333 0
210 12.75014891406501 7.947992342237752 0
211 12.75248044818179 7.94835778534185 0
212 12.75523165843958 7.948789008204685 0
213 12.75847808654377 7.94929785118283 0
214 12.76230887170671 7.949898285897043 0
215 12.76682919819899 7.950606798859813 0
216 12.77216318345988 7.951442844155881 0
217 12.7501730097883 7.947693209988671 0
218 12.75253297685855 7.947705677038853 0
219 12.75531773800144 7.947720388158069 0
220 12.75860375615006 7.947737747278742 0
221 12.76248125756542 7.947758231041138 0
222 12.76705670923555 7.947782401880763 0
223 12.77245574220631 7.947810923471522 0
224 12.75015207578675 7.947393839860068 0
225 12.75248734073516 7.947053050158498 0
226 12.7552429533743 7.946650918310646 0
227 12.75849457628847 7.946176402730181 0
228 12.7623314913272 7.945616474345232 0
229 12.7668590510729 7.944955758850992 0
230 12.77220157157282 7.944176114567789 0
231 12.7500865833931 7.947100972223251 0
232 12.75234456731701 7.946414598710237 0
233 12.75500898834722 7.945604677964881 0
234 12.75815300516287 7.944648971485361 0
235 12.76186294500534 7.943521237839526 0
236 12.76624067401945 7.942190512137442 0
237 12.77140639425611 7.940620255808983 0
238 12.74997800718016 7.946821201044777 0
239 12.7521078711728 7.945804697541165 0
240 12.75462111068411 7.944605223406902 0
241 12.75758673330746 7.943189843928472 0
242 12.76108616800302 7.941519696143924 0
243 12.76521550094377 7.939548921758158 0
244 12.77008811381386 7.937223407982954 0
245 12.74982879176053 7.946560825422133 0
246 12.75178258155802 7.9452370786838 0
247 12.75408805351905 7.943675057532567 0
248 12.75680851043307 7.941831872574112 0
249 12.76001864959161 7.939656914323136 0
250 12.76380661379868 7.937090463586983 0
251 12.76827641156303 7.934062051718323 0
252 12.74964229674575 7.946325707758438 0
253 12.75137602242579 7.944724522176946 0
254 12.75342181872823 7.942835123190785 0
255 12.75583585836511 7.940605632387115 0
256 12.75868442513664 7.937974833238784 0
257 12.76204573392703 7.934870490243754 0
258 12.7660120782997 7.931207365509619 0
259 12.74942272110399 7.946121141769409 0
260 12.75089734752675 7.944278568320862 0
261 12.75263740670561 7.942104331651577 0
262 12.75469067653667 7.939538732381821 0
263 12.75711353493731 7.936511325243508 0
264 12.75997250785007 7.932938984820299 0
265 12.76334609588713 7.928723623120912 0
266 12.74917500861961 7.945951733294411 0
267 12.7503573343108 7.943909257845365 0
268 12.7517524786264 7.941499136815493 0
269 12.75339874891881 7.938655194000241 0
270 12.75534134786386 7.935299341478246 0
271 12.75763361461902 7.931339435502291 0
272 12.7603384893901 7.926666746450665 0
273 12.74890473658292 7.945821296595171 0
274 12.74976814127083 7.943624905841024 0
275 12.75078695880256 7.94103316475113 0
276 12.75198916348999 7.937974910265055 0
277 12.75340776502117 7.934366169971487 0
278 12.75508171482796 7.930107856425076 0
279 12.75705697559997 7.925083046440312 0
280 12.74861799021657 7.945732768477008 0
281 12.74914303419218 7.943431914543426 0
282 12.7497625860834 7.940716906901801 0
283 12.75049365731505 7.937513197884683 0
284 12.75135632136838 7.933732821244484 0
285 12.75237426495132 7.929271976809049 0
286 12.75357543837919 7.924008180375235 0
287 12.74832122566563 7.945688142166132 0
288 12.74849608747112 7.943334629185717 0
289 12.7487024244016 7.940557483868828 0
290 12.74894590197957 7.937280452394899 0
291 12.74923320552158 7.933413555255663 0
292 12.74957222370114 7.928850616631363 0
293 12.74997226515303 7.923466349054691 0
294 12.74470097255069 7.950483043457752 0
295 12.74520084763803 7.952789496498012 0
296 12.74579070024109 7.955511111085518 0
297 12.74648672631271 7.958722616298775 0
298 12.74730803707721 7.962512192450419 0
299 12.74827718377932 7.966983892309358 0
300 12.74942077688782 7.972260498142907 0
301 12.74080326366197 7.951326305234991 0
302 12.74130147533931 7.953633118153909 0
303 12.74188936511857 7.956355157398233 0
304 12.74258307505809 7.959567163706533 0
305 12.74340165278673 7.963357331150329 0
306 12.74436757450652 7.967829728734007 0
307 12.74550736213588 7.973107157882748 0
308 12.73690496264893 7.952166764547638 0
309 12.73740152607319 7.954473932826901 0
310 12.73798747091382 7.957196391396432 0
311 12.73867888582576 7.960408892508478 0
312 12.73949475542185 7.964199643820693 0
313 12.74045748154524 7.968672730369106 0
314 12.74159349837083 7.973950972496233 0
315 12.73300607396365 7.953004451556926 0
316 12.73350099817965 7.955311972027645 0
317 12.73408500875452 7.958034846183094 0
318 12.73477414123287 7.961247837686523 0
319 12.73558731755733 7.965039167660569 0
320 12.73654686562018 7.969512937029944 0
321 12.73767913233435 7.974791984885806 0
322 12.72910660188591 7.953839366980255 0
323 12.72959990107798 7.956147235387594 0
324 12.73018199412464 7.958870520108255 0
325 12.73086886391968 7.962083996078635 0
326 12.73167937027784 7.965875897723683 0
327 12.73263576778047 7.97035034166484 0
328 12.73376431683356 7.975630185515405 0
329 12.72520653340261 7.95467156323438 0
330 12.72569818022721 7.956979784226818 0
331 12.72627832348024 7.959703484997895 0
332 12.72696289251881 7.962917451907765 0
333 12.72777068398433 7.966709932861413 0
334 12.72872387791364 7.971185060386717 0
335 12.72984864675022 7.976465710866576 0
336 12.72092132745678 7.955582652259189 0
337 12.72141024555982 7.957891453421983 0
338 12.72198716892142 7.960615838794079 0
339 12.7226679384881 7.963830613533154 0
340 12.72347124657679 7.967624047725261 0
341 12.72441915012144 7.972100300071948 0
342 12.72553767630412 7.977382277841038 0
343 11.76714738147533 7.991209491964993 0
344 11.765580570516 7.989348513747553 0
345 11.76373173358399 7.987152559450974 0
346 11.76155010600422 7.984561333381009 0
347 11.75897578546009 7.981503686618453 0
348 11.75593808721802 7.977895663438635 0
349 11.75235360329238 7.97363819608645 0
350 12.7065882670435 7.958605561502593 0
351 12.70707270240959 7.960915308118694 0
352 12.70764433614159 7.963640809125693 0
353 12.70831886394534 7.966856900313951 0
354 12.70911480675377 7.970651887916096 0
355 12.71005401926771 7.975129973286628 0
356 12.71116229003417 7.980414114023855 0
357 12.69480696018096 7.961062609337229 0
358 12.69528604583778 7.963373471692933 0
359 12.69585136691282 7.966100289272664 0
360 12.69651844578136 7.969317934016748 0
361 12.69730559884625 7.973114754814765 0
362 12.69823443946281 7.977595003356426 0
363 12.69933047139036 7.982881696635586 0
364 12.67823760361947 7.964477081023515 0
365 12.67871018703514 7.966789283354204 0
366 12.67926783546563 7.969517682104415 0
367 12.67992586061361 7.972737192629666 0
368 12.68070233028822 7.976536215049461 0
369 12.68161856450427 7.981019061504819 0
370 12.6826997208792 7.986308820322142 0
371 12.65493001774772 7.96920120764791 0
372 12.65539395536469 7.971515162448076 0
373 12.65594140175271 7.974245629112272 0
374 12.65658738849059 7.977467579776024 0
375 12.65734965284127 7.981269481559251 0
376 12.65824912477508 7.985755725663459 0
377 12.65931050165698 7.991049493706425 0
378 12.62436341672864 7.975262100911826 0
379 12.6248170447041 7.977578100076498 0
380 12.62535232571515 7.980310979090811 0
381 12.62598395730819 7.983535776327701 0
382 12.62672928258798 7.98734103706723 0
383 12.62760876641813 7.991831244739875 0
384 12.6286465573377 7.997129689793596 0
385 12.59304316855535 7.981320294474502 0
386 12.59348606496982 7.983638369545143 0
387 12.5940086827389 7.986373698128499 0
388 12.59462537170642 7.989601385856859 0
389 12.59535306468809 7.993410057376324 0
390 12.59621174240646 7.997904289769293 0
391 12.59722498211414 8.003207483992997 0
392 12.56169566134609 7.987234797060881 0
393 12.56212803366707 7.989554857891781 0
394 12.56263823300583 7.992292529672244 0
395 12.56324026822558 7.995522982373189 0
396 12.56395066978487 7.999334916560305 0
397 12.56478894362484 8.003832998901101 0
398 12.565778106756 8.009140736063241 0
399 12.53032202702492 7.993008438244076 0
400 12.53074401841471 7.995330409580991 0
401 12.53124196825467 7.998070335758548 0
402 12.53182954906583 8.001303448648066 0
403 12.53252289442299 8.005118521857698 0
404 12.53334104194444 8.009620308245063 0
405 12.53430645601975 8.014932416182155 0
406 12.49892300887258 7.998642281193649 0
407 12.49933462808624 8.000966113701637 0
408 12.49982033875836 8.00370823606106 0
409 12.50039347735146 8.006943940445181 0
410 12.50106978089132 8.010762071618444 0
411 12.50186781906835 8.015267466402895 0
412 12.50280950411725 8.020583832248546 0
413 12.46749898127402 8.004135529303511 0
414 12.46790009769478 8.006461197930976 0
415 12.46837341507126 8.009205486911386 0
416 12.46893192957551 8.01244374790827 0
417 12.46959097669053 8.016264895884593 0
418 12.47036865228626 8.020773850496653 0
419 12.47128630948921 8.026094416938884 0
420 12.43605000852537 8.009485478719945 0
421 12.43644034304157 8.011812981641546 0
422 12.43690093777069 8.014559435089032 0
423 12.43744443955105 8.017800250157066 0
424 12.43808577165187 8.021624411937347 0
425 12.43884254353083 8.026136922838079 0
426 12.43973553434802 8.031461685700942 0
427 12.40457582535491 8.014687315870555 0
428 12.40495494507174 8.017016672435368 0
429 12.40540230633759 8.019765313181846 0
430 12.4059301926313 8.02300870926269 0
431 12.40655309845788 8.026835916638086 0
432 12.40728812733323 8.031352021341055 0
433 12.40815546140615 8.036681024890557 0
434 12.37307591675051 8.019734177168745 0
435 12.3734432256708 8.02206542619194 0
436 12.37387665019675 8.024816300039308 0
437 12.37438809113736 8.028062331179205 0
438 12.37499159144729 8.03189264792428 0
439 12.375703721813 8.036412421683472 0
440 12.37654403564454 8.041745754719317 0
441 12.34154948088811 8.024616835199096 0
442 12.34190420595704 8.026950033319903 0
443 12.34232278153838 8.029703207102456 0
444 12.34281670072436 8.032951952165867 0
445 12.34339952536382 8.036785471340691 0
446 12.34408725843838 8.041309023966987 0
447 12.34489878346636 8.046646816066012 0
448 12.30999549475488 8.029323638228806 0
449 12.31033667706285 8.031658856678236 0
450 12.31073927218625 8.034414414448564 0
451 12.31121433443187 8.037665972617551 0
452 12.3117749078817 8.041502811256956 0
453 12.31243638455249 8.046030280851452 0
454 12.31321692702403 8.05137269497296 0
455 12.27841274682005 8.033840329048854 0
456 12.27873922174637 8.03617765105593 0
457 12.27912446215943 8.03893569102428 0
458 12.27957904584684 8.042190178186932 0
459 12.28011545459798 8.046030473038861 0
460 12.28074841692433 8.050562020964138 0
461 12.28149531246942 8.055909247515963 0
462 12.2467998608634 8.038149688690057 0
463 12.2471102345333 8.040489205846374 0
464 12.24747647546379 8.043249836090828 0
465 12.24790863976176 8.046507379779284 0
466 12.24841859363337 8.050351281331661 0
467 12.24902033920187 8.054887085163468 0
468 12.2497303989727 8.060239333684999 0
469 12.21515536446534 8.042231254992624 0
470 12.21544798835521 8.044573061889924 0
471 12.21579328454526 8.047336394028738 0
472 12.21620073404952 8.050597125952539 0
473 12.21668152446455 8.054444789622622 0
474 12.21724885715428 8.058985032753322 0
475 12.21791830972816 8.064342519647548 0
476 12.18347776097201 8.046060914145714 0
477 12.18375069713393 8.048405101606546 0
478 12.18407276180501 8.051171242810327 0
479 12.18445279811688 8.054435289430788 0
480 12.18490124096488 8.058286864442934 0
481 12.18543040352552 8.062831722957263 0
482 12.18605481534708 8.068194656004174 0
483 12.15176562312311 8.049610366155459 0
484 12.15201659244353 8.051957012823852 0
485 12.15231273624162 8.054726055892555 0
486 12.15266218592336 8.057993526713624 0
487 12.15307453654782 8.061849142282487 0
488 12.15356111028469 8.066398768653743 0
489 12.15413526729419 8.071767327771827 0
490 12.12001770159613 8.052846255482995 0
491 12.12024401502712 8.055195415842045 0
492 12.1205110648757 8.057967425065724 0
493 12.12082618369702 8.061238395949665 0
494 12.12119802390617 8.065098141592715 0
495 12.12163679535298 8.069652641451516 0
496 12.12215454566021 8.075026951284899 0
497 12.0882331275488 8.05572917309885 0
498 12.08843159809248 8.058080859687511 0
499 12.08866579333403 8.060855849862131 0
500 12.08894214371906 8.064130338268182 0
501 12.08926823717339 8.067994234587321 0
502 12.08965302744951 8.072553632243906 0
503 12.09010707997532 8.077933721478677 0
504 12.05641163382619 8.058212265198149 0
505 12.05657843654827 8.060566423958353 0
506 12.05677526376032 8.06334433129539 0
507 12.05700751987055 8.066622261953096 0
508 12.05728158208061 8.070490220129189 0
509 12.05760497548848 8.075054410776978 0
510 12.05798657970977 8.080440155741369 0
511 12.02455394460251 8.060238819520469 0
512 12.02468441298619 8.062595291012894 0
513 12.02483836567894 8.065375927373955 0
514 12.02502002985639 8.068657078280008 0
515 12.02523439358577 8.072528836349148 0
516 12.02548734278645 8.077097510870736 0
517 12.02578582284324 8.082488546806209 0
518 11.99266232345605 8.061739144655245 0
519 11.99275063153232 8.064097601447425 0
520 11.99285483506232 8.066880580462197 0
521 11.99297779522773 8.070164495699629 0
522 11.9931228882229 8.074039515679798 0
523 11.9932940979572 8.078612039256397 0
524 11.99349612544368 8.084007617076784 0
525 11.96074152660924 8.06262503994648 0
526 11.96078015500333 8.064984878116089 0
527 11.96082573650835 8.067769487156228 0
528 11.96087952268428 8.071055325823593 0
529 11.96094299037187 8.074932615451084 0
530 11.96101788224323 8.079507817211523 0
531 11.96110625465144 8.084906555288839 0
532 11.92880049228566 8.062780780434631 0
533 11.92877928909764 8.065140914141317 0
534 11.92875426933579 8.067925871915206 0
535 11.9287247460168 8.071212122088394 0
536 11.92868990850039 8.075089897292758 0
537 11.92864880023103 8.079665672033906 0
538 11.92860029247319 8.085065086228461 0
539 11.89685555944582 8.06204650923662 0
540 11.89675991059052 8.064404937689186 0
541 11.89664704494128 8.067187883263214 0
542 11.89651386347517 8.070471759040567 0
543 11.89635670934516 8.074346732457844 0
544 11.89617126747174 8.078919201090232 0
545 11.89595244606112 8.084314714076447 0
546 11.86493759650945 8.060184811779498 0
547 11.86474439846074 8.062537560708471 0
548 11.86451642476325 8.06531380444466 0
549 11.86424741580023 8.068589772053361 0
550 11.86392998522385 8.07245541383163 0
551 11.86355541714373 8.077016871129986 0
552 11.86311342680918 8.082399390742045 0
553 11.83311018674846 8.056803613825322 0
554 11.8327771250967 8.059141526055422 0
555 11.83238411234762 8.061900262486938 0
556 11.83192035730371 8.065155571476129 0
557 11.83137312635189 8.068996836083373 0
558 11.83072739382875 8.073529528319922 0
559 11.82996542945143 8.078878105159049 0
560 11.80152621106675 8.051136724855612 0
561 11.80095168551769 8.053431383264362 0
562 11.8002737453698 8.056139080186689 0
563 11.7994737759953 8.059334162555034 0
564 11.79852981213338 8.06310435974968 0
565 11.79741593477632 8.067553192439362 0
566 11.79610155949499 8.072802815013189 0
567 11.77064001951931 8.041113929506905 0
568 11.76935255764293 8.043178046840124 0
569 11.76783335262879 8.04561370529332 0
570 11.76604069071212 8.048487782268094 0
571 11.76392534965044 8.051879193098326 0
572 11.76142924719766 8.055881057878 0
573 11.75848384630338 8.060603258318016 0
574 11.79634285594377 7.976982414073664 0
575 11.79545310749126 7.974790637693458 0
576 11.7944032043173 7.972204341564814 0
577 11.79316431857203 7.969152512133014 0
578 11.79170243339261 7.965551353403492 0
579 11.78997740888089 7.961301986102654 0
580 11.78794187995706 7.956287732687666 0
581 11.82683310288714 7.96697455845894 0
582 11.82617712427785 7.964705978416959 0
583 11.82540306951889 7.962029053967422 0
584 11.82448968490331 7.958870283116968 0
585 11.82341189105693 7.955142933513432 0
586 11.8221400943182 7.95074466098126 0
587 11.8206393741665 7.945554699393297 0
588 11.85788216883642 7.959196563857605 0
589 11.8573628897562 7.956893717329654 0
590 11.85675014044154 7.954176358426672 0
591 11.85602709625025 7.950969874921152 0
592 11.85517390410451 7.94718622438464 0
593 11.85416713737255 7.942721516751554 0
594 11.85297915262884 7.937453161744514 0
595 11.88923226414179 7.952910789298312 0
596 11.88880893060207 7.950588694957091 0
597 11.8883093970252 7.94784862363445 0
598 11.8877199474045 7.944615339473734 0
599 11.88702439685206 7.940800064164089 0
600 11.88620364720019 7.936298039298708 0
601 11.88523516261099 7.930985649957558 0
602 11.920765940246 7.947737776261707 0
603 11.9204161736539 7.945403607461371 0
604 11.92000344907521 7.942649288276973 0
605 11.91951643407236 7.939399191639383 0
606 11.918941756369 7.935564077607029 0
607 11.91826363667904 7.931038643048849 0
608 11.91746345544488 7.925698630270197 0
609 11.95241958605848 7.943446701949668 0
610 11.95212916612264 7.941104484073573 0
611 11.95178647059836 7.938340666979781 0
612 11.95138208987969 7.935079362809107 0
613 11.95090492063167 7.931231023887712 0
614 11.95034186091901 7.926689983960465 0
615 11.94967745045806 7.921331556846313 0
616 11.98415479044854 7.939881527095998 0
617 11.9839137997674 7.937533753633171 0
618 11.98362943076367 7.934763380947034 0
619 11.98329387533925 7.931494341177394 0
620 11.98289791993844 7.927636874249218 0
621 11.98243069256549 7.92308506327397 0
622 11.98187936426541 7.917713926323178 0
623 12.01594661011718 7.93692888906563 0
624 12.01574767686481 7.934577207658219 0
625 12.01551293562702 7.931802223597473 0
626 12.01523594096643 7.928527742405794 0
627 12.01490908726694 7.924663854599611 0
628 12.01452339990153 7.920104466988316 0
629 12.01406828881035 7.914724389606988 0
630 12.04777806303205 7.934502102304739 0
631 12.0476154569523 7.932147649954773 0
632 12.04742358177819 7.929369396181813 0
633 12.04719716907274 7.92609105672972 0
634 12.04693000208031 7.922222616176251 0
635 12.04661474502925 7.917657856323157 0
636 12.04624274170899 7.912271439696506 0
637 12.07963719425042 7.932532465694707 0
638 12.07950631181604 7.930176051014096 0
639 12.07935187054347 7.927395481690974 0
640 12.07916962984185 7.924114409889691 0
641 12.07895458581393 7.920242745164176 0
642 12.07870083386098 7.915674180788068 0
643 12.0784014065565 7.910283274824262 0
644 12.11151541030558 7.930963915403199 0
645 12.11141246781756 7.92860612512462 0
646 12.11129099568171 7.925823932595897 0
647 12.1111476585614 7.922540945412003 0
648 12.11097852075943 7.918667020535009 0
649 12.11077893815312 7.914095789180156 0
650 12.11054343067766 7.908701736181429 0
651 12.14340644559642 7.929750014471375 0
652 12.14332828265606 7.927391280333428 0
653 12.14323605038644 7.92460797405065 0
654 12.14312721630829 7.921323672636972 0
655 12.14299879209607 7.917448196968833 0
656 12.14284725152564 7.912875135680427 0
657 12.14266843365255 7.90747892336011 0
658 12.17530568418925 7.928851613632288 0
659 12.17524962817008 7.926492256364575 0
660 12.17518348206746 7.923708214788675 0
661 12.17510542966636 7.920423045729112 0
662 12.17501332783307 7.916546546238829 0
663 12.17490464766979 7.911972276840294 0
664 12.17477640507712 7.906574638950024 0
665 12.20720971752899 7.928235506977894 0
666 12.20717349877771 7.925875766211969 0
667 12.2071307606512 7.923091272108177 0
668 12.20708032966192 7.919805569065703 0
669 12.20702082109456 7.915928439475583 0
670 12.20695060098508 7.911353426559242 0
671 12.20686774125589 7.905954911317959 0
672 12.23911602219201 7.927873470456161 0
673 12.23909770749444 7.925513526196823 0
674 12.2390760961513 7.922728791970802 0
675 12.2390505947664 7.919442805584099 0
676 12.23902050313222 7.915565341647789 0
677 12.23898499500389 7.910989934202943 0
678 12.23894309541245 7.905590953418026 0
679 12.27102272436055 7.92774141536351 0
680 12.2710206667747 7.92538140354042 0
681 12.2710182388234 7.922596589589173 0
682 12.27101537384086 7.9193105091267 0
683 12.27101199316147 7.915432934180984 0
684 12.27100800395979 7.910857395745038 0
685 12.27100329670181 7.905458260390622 0
686 12.3029284347596 7.927818873416962 0
687 12.30294124012184 7.925458897443775 0
688 12.30295635044929 7.922674125795415 0
689 12.30297418063567 7.91938809525035 0
690 12.30299522025561 7.915510579207173 0
691 12.30302004700714 7.910935110276225 0
692 12.30304934257394 7.905536056937706 0
693 12.33483211790701 7.92808860202126 0
694 12.33485862036497 7.925728741651748 0
695 12.33488989326536 7.922944106415724 0
696 12.33492679528782 7.919658236837214 0
697 12.33497033967433 7.915780910734573 0
698 12.3350217220504 7.911205665933457 0
699 12.33508235325417 7.905806877068139 0
700 12.36673299315279 7.928536314843312 0
701 12.36677223233749 7.926176633056233 0
702 12.36681853457544 7.923392208547481 0
703 12.36687317121622 7.920106587627153 0
704 12.36693764245234 7.916229554941166 0
705 12.36701371851096 7.911654656371701 0
706 12.36710348826013 7.906256276059734 0
707 12.3986304506964 7.929150331173279 0
708 12.39868165240172 7.9267908795101 0
709 12.39874207041401 7.92400672654755 0
710 12.3988133636685 7.92072142605174 0
711 12.39889748970881 7.916844771466685 0
712 12.39899675843637 7.912270319056319 0
713 12.39911389553489 7.906872465212087 0
714 12.43052399601084 7.929921403292668 0
715 12.43058656390652 7.92756222628711 0
716 12.43066039402343 7.924778397420551 0
717 12.43074751356137 7.921493479358013 0
718 12.43085031461614 7.917617276044217 0
719 12.43097161986078 7.913043356133938 0
720 12.43111476004944 7.907646130639808 0
721 12.46241319397362 7.930842664402649 0
722 12.46248669606652 7.928483803153776 0
723 12.46257342853615 7.925700346880106 0
724 12.46267577285032 7.922415868477175 0
725 12.46279653914103 7.918540183961718 0
726 12.46293904336408 7.913966876233478 0
727 12.46310719834727 7.908570373114154 0
728 12.49429762751257 7.931909312329417 0
729 12.49438178702384 7.929550807489276 0
730 12.49448109524714 7.92676777177791 0
731 12.49459827895063 7.923483789638499 0
732 12.49473655572076 7.919608690713993 0
733 12.4948997223095 7.915036073983075 0
734 12.49509225888422 7.909640386240594 0
735 12.52617686458042 7.933118680582957 0
736 12.52627155511867 7.93076057512992 0
737 12.5263832899538 7.927978010695336 0
738 12.52651513705925 7.924694584662526 0
739 12.52667071664369 7.92082014194381 0
740 12.52685430055332 7.916248299535726 0
741 12.52707092956669 7.910853525494187 0
742 12.55805041145987 7.934470034733889 0
743 12.55815564807015 7.932112376288916 0
744 12.55827982727028 7.929330339323847 0
745 12.55842635872644 7.926047535705065 0
746 12.5585992658447 7.922173827434903 0
747 12.55880329624426 7.917602851676111 0
748 12.55904405211573 7.912209100280737 0
749 12.58991769512973 7.935964534478416 0
750 12.59003362956667 7.933607377615034 0
751 12.59017043220225 7.930825932516243 0
752 12.59033185931225 7.927543827299671 0
753 12.59052234330204 7.923670943144115 0
754 12.59074711441 7.919100939840559 0
755 12.59101234431739 7.913708335942364 0
756 12.62177797946105 7.937605141187135 0
757 12.62190482892215 7.935248546253629 0
758 12.62205451128625 7.932467764232091 0
759 12.62223113647589 7.929186441446675 0
760 12.62243955419967 7.925314480559885 0
761 12.62268548711372 7.920745566713474 0
762 12.6229756879523 7.915354248374707 0
763 12.65288082443494 7.939352654735974 0
764 12.65301817006577 7.936996649412925 0
765 12.65318023791015 7.934216563131726 0
766 12.65337147796653 7.930936061319913 0
767 12.65359714123305 7.927065069181973 0
768 12.65386342388754 7.922497298459203 0
769 12.65417763741984 7.917107329006335 0
770 12.67659844805557 7.940785876949169 0
771 12.67674460529604 7.938430404015512 0
772 12.6769170708398 7.935650945953795 0
773 12.67712058018144 7.93237118544097 0
774 12.67736072120456 7.928501068035836 0
775 12.67764408761186 7.923934329497779 0
776 12.67797845997246 7.91854557802287 0
777 12.69346998302223 7.941860392734176 0
778 12.69362277127962 7.939505342069615 0
779 12.69380306142334 7.936726382285434 0
780 12.69401580379293 7.9334472097401 0
781 12.69426683978904 7.929577786136606 0
782 12.69456306226446 7.925011866284483 0
783 12.69491260478545 7.919624080858978 0
784 12.7054726911323 7.94265350374156 0
785 12.70563093141302 7.940298813302464 0
786 12.70581765494426 7.937520278584329 0
787 12.70603798871113 7.93424160761693 0
788 12.70629798255604 7.9303727758754 0
789 12.70660477529303 7.925807554420394 0
790 12.70696679072268 7.920420593103487 0
791 12.72008515195 7.943652090947759 0
792 12.72024796924133 7.941297713269912 0
793 12.7204400936451 7.938519547610053 0
794 12.72066680044155 7.935241312131418 0
795 12.72093431446135 7.93137299426663 0
796 12.72124998100472 7.92680837918618 0
797 12.7216224675259 7.921422133391248 0
798 12.72445607532401 7.943957970173734 0
799 12.72462168603014 7.941603787970879 0
800 12.72481710666337 7.938825852971512 0
801 12.72504770301058 7.935547889672258 0
802 12.72531980670029 7.931679892979139 0
803 12.72564088905416 7.927115656881258 0
804 12.72601976623171 7.92172985828576 0
805 12.72843422795986 7.944239297647947 0
806 12.72860152457643 7.94188523466649 0
807 12.72879893458398 7.939107440348371 0
808 12.72903187839288 7.935829643052991 0
809 12.7293067520874 7.931961842244443 0
810 12.72963110304692 7.927397837290356 0
811 12.73001383717916 7.922012311444534 0
812 12.73241216138401 7.944523400643623 0
813 12.73258111558034 7.942169456043174 0
814 12.732780481532 7.939391801414645 0
815 12.73301573335496 7.93611416895298 0
816 12.73329333050606 7.932246562648217 0
817 12.73362089514435 7.927682787208595 0
818 12.73400742141754 7.922297532189842 0
819 12.73638991355696 7.94481033051368 0
820 12.736560540106 7.942456506543204 0
821 12.73676187943387 7.939678994258041 0
822 12.73699945984075 7.93640152976155 0
823 12.73727980472087 7.93253412165569 0
824 12.73761061167941 7.927970580090776 0
825 12.73800096389049 7.922585601044177 0
826 12.74036745124419 7.945100086466184 0
827 12.74053975945904 7.942746384998816 0
828 12.74074308315256 7.939969017267322 0
829 12.74098300511092 7.936691723344159 0
830 12.74126611302178 7.932824516514827 0
831 12.74160018035659 7.928261212456215 0
832 12.74199437981167 7.922876513667053 0
833 12.7443448012335 7.945392700943452 0
834 12.74451880677845 7.943039124345956 0
835 12.74472413332149 7.940261903960913 0
836 12.74496641864227 7.936984783906561 0
837 12.7452523153208 7.933117782242426 0
838 12.74558967340146 7.928554720278746 0
839 12.74598775593664 7.923170307161604 0
840 12.49146446708065 8.050443976803896 0
841 12.20254900027837 8.097077753242413 0
842 12.1926243988642 7.868723889388654 0
843 12.47799913603739 7.882115863309193 0
844 19.49922304995548 14.57292240783437 0
845 19.52301713379986 1.452018028177954 0
846 1.387775020273663 7.190426574710989 0
847 27.52479617983525 14.55426872725001 0
848 7.174316723831852 1.270963413484702 0
849 7.184808978909904 14.72964886877037 0
850 24.29553522325358 1.210590031116183 0
851 34.61855207989595 7.198014044761789 0
852 14.82958572606517 14.58084686590735 0
853 14.82481335112146 1.414687289636535 0
854 11.66165597968955 14.82934336911378 0
855 11.65435949644002 1.169965585459512 0
856 28.81989570989287 1.268599104941856 0
857 34.6257530421227 10.40151114864052 0
858 1.388308464767244 10.4118532704266 0
859 24.28743429934079 14.70938252691192 0
860 30.48407245263986 14.58180948665362 0
861 34.6154039713172 3.937299712163674 0
862 1.389982060376967 3.929308261054987 0
863 3.787745036824822 14.58769423600163 0
864 3.787745036830032 1.412305764009556 0
865 32.21857037347432 1.412909884382856 0
866 34.67426116873071 13.5488933829872 0
867 1.280163944682401 13.64066936020397 0
868 1.390629995607123 5.572363816917808 0
869 2.776373196883971 6.379874149020613 0
870 2.773759885769551 7.99107914903035 0
871 4.162218511200984 7.182013431473734 0
872 4.163482372688301 8.777058886770746 0
873 5.553589563237916 7.96523156665295 0
874 5.545690708767212 6.390501543571152 0
875 6.943467039094367 7.154550263567537 0
876 6.953689963925463 8.728954233481765 0
877 8.364648922477086 7.877917967375511 0
878 8.324028988688102 6.353530035756652 0
879 8.371223619665415 9.483973145066871 0
880 6.936788460049524 10.31212851781566 0
881 8.300308207816842 11.10183001325261 0
882 9.751861461349487 10.33875851431144 0
883 11.94633717841582 8.11257880046915 0
884 9.675438943434186 7.002103415167923 0
885 11.92680619700912 7.895783392377131 0
886 9.663557450859702 5.534424118340818 0
887 8.262701770412043 4.837779182697464 0
888 10.90978970748947 6.220733743635503 0
889 11.04211383525885 4.779255006738612 0
890 12.39057835658785 5.702265978497652 0
891 9.625134806855371 11.90164469883507 0
892 11.06017892273247 11.1614740668733 0
893 11.11207025005259 9.564889112946339 0
894 12.36753878980678 10.46949508291851 0
895 11.76768248960868 8.095326124412271 0
896 12.44963968645812 4.031217181329414 0
897 13.84264732325089 4.819712127888184 0
898 13.77014815404469 6.58806162111861 0
899 15.22989920437177 5.634483658602307 0
900 15.20099440615869 7.169418293742539 0
901 16.59878657876427 6.395479863683481 0
902 16.53809227809858 7.964940454052694 0
903 17.98267741581711 7.189418440398541 0
904 17.96693937693059 8.780535234917625 0
905 19.38209235701621 7.993669401175077 0
906 19.39737124426215 6.400392544065987 0
907 20.79242927101878 7.204571601923562 0
908 20.77908276932693 8.800571627239876 0
909 22.1786060407287 8.010582609829619 0
910 22.20534992154915 6.419784545009304 0
911 23.58244259758835 7.224869836664066 0
912 23.55552941687332 8.810636566831018 0
913 24.95233929953543 8.019531233009388 0
914 24.98729163404994 6.44692782356577 0
915 26.35149382377891 7.235487897985018 0
916 26.32714500094984 8.812576262479951 0
917 27.71460347168365 8.014437876014167 0
918 27.70332926526705 9.617184754726651 0
919 29.08555449187012 8.815802442197425 0
920 29.10070713178468 7.220148140716176 0
921 16.52773344350837 9.559505901342657 0
922 26.38831614879407 5.672282507154826 0
923 26.32180073597009 10.42419175159736 0
924 16.6281384184601 4.81311971413744 0
925 17.9881845714718 10.3830417608194 0
926 29.0625001883371 10.44379585416688 0
927 30.47475609860977 8.012878002119884 0
928 30.48302825303696 6.421014821923907 0
929 16.60856278574581 11.17036531361191 0
930 25.03416345629783 4.887401582824259 0
931 26.44106687061852 4.116616264190413 0
932 27.77829887465193 4.901693566600032 0
933 18.01776775111892 11.98503013206977 0
934 19.40236965368086 11.20247682531229 0
935 12.44112376893932 11.99053279585813 0
936 15.11337915450551 10.36283430092928 0
937 6.89475971859385 11.88227267321201 0
938 5.547773539954722 11.12285259596078 0
939 31.86282651114738 7.201378860597669 0
940 31.86014901526424 5.600837490918635 0
941 30.48514867311063 4.859188479873358 0
942 31.85522925971422 8.811009088453901 0
943 31.84058725283774 4.042765138014209 0
944 15.25117130957864 11.95333246124073 0
945 5.558127512172196 12.66973298313106 0
946 4.178129424219982 11.94691440048151 0
947 30.46415637293464 3.321701610999972 0
948 14.11759930567541 7.738224992124683 0
949 27.83686682886893 3.404095507552901 0
950 26.51118647370143 2.469609195195436 0
951 13.94529130194234 2.966943566116806 0
952 10.93259833941827 3.313786617821379 0
953 12.7105475455043 6.835818813225719 0
954 12.69450271718245 7.909365296772977 0
955 12.61021240778589 7.886469353176893 0
956 12.73065450635777 7.915549243587825 0
957 12.25025004753411 9.301582994231246 0
958 12.70708514121847 7.996576124976094 0
959 12.64530659062057 8.02075268740527 0
960 12.73704955029106 7.981487586725 0
961 12.5857937800393 8.034540160954714 0
962 12.67288077046108 8.0154958666364 0
963 12.66176209584915 8.047212062806688 0
964 13.559080909748 9.608425763900774 0
965 19.42476884421851 12.81787444069109 0
966 20.77355520516776 11.99482748774804 0
967 18.02735625010614 13.58407416640929 0
968 14.95113716395672 8.695302843057521 0
969 10.86986392701407 7.472003595442511 0
970 11.75591503805171 7.937736339024784 0
971 11.83122809136666 7.909290798741133 0
972 9.920062419591474 8.543660805668338 0
973 12.61609420454726 8.026865656045166 0
974 12.60673827122801 8.058707629738699 0
975 12.55407820906893 8.040937614380738 0
976 12.5229644614324 8.045384957351541 0
977 12.50959965050075 8.071204798525935 0
978 12.33596710010438 8.073781262851405 0
979 12.272379053965 8.088855136981044 0
980 12.39605184163663 8.064804845905211 0
981 12.36603534851112 8.068744827899209 0
982 12.35795589347665 8.097053518741939 0
983 12.42777324696827 8.061987121291903 0
984 12.41300853518563 8.091233569492399 0
985 12.46000782023907 8.056912941685869 0
986 20.79115545892969 13.55574501750415 0
987 22.09999664374416 12.7846958614793 0
988 22.14352937041777 11.21206206206258 0
989 23.50743950724842 12.05710336967047 0
990 22.02556348834374 14.28912025198532 0
991 20.77941057524774 10.39676642453208 0
992 2.789649696108136 4.734573916673661 0
993 2.869136838850002 2.912157239918165 0
994 4.156921938178042 4.000000000032909 0
995 1.290475833348585 2.356754586349917 0
996 34.64104464670474 11.99504891010213 0
997 33.29426894151699 12.81370858246497 0
998 33.43108722889664 14.53036509531909 0
999 31.90892816172013 13.59871039123585 0
1000 31.85830695568229 12.00304631267861 0
1001 30.44660313862003 12.88375292364826 0
1002 29.01254924163653 13.70395338974109 0
1003 28.97333586372526 12.15942751169798 0
1004 33.25198681957849 11.20620070731752 0
1005 31.85177144850736 10.41735639920779 0
1006 34.62071454724407 8.801320446170585 0
1007 25.09893444039392 3.366041616331624 0
1008 23.67169948388327 4.07798244833757 0
1009 15.24204710661201 4.000000000055827 0
1010 16.65715995926721 3.238040329880532 0
1011 18.039403413264 4.011157579029248 0
1012 18.032985221204 2.428590680586935 0
1013 19.47310789588703 3.184063785033129 0
1014 20.95691659616099 2.40601375826673 0
1015 20.8597417545305 4.006031317298701 0
1016 16.55441810248577 1.543010340452188 0
1017 6.919205601345778 5.607727731297465 0
1018 6.880761180491405 4.100212183212218 0
1019 8.186003609948234 3.381766189380207 0
1020 9.602653791114276 4.049014838237117 0
1021 9.49114478531162 2.468456536385368 0
1022 29.12105335130131 5.658916029375983 0
1023 16.6553644014904 12.75234828557449 0
1024 16.56701345378874 14.44870749802262 0
1025 29.14214428335537 4.110337313228159 0
1026 19.38301321727902 9.592843545666057 0
1027 8.202408249773461 12.59733290705406 0
1028 9.494598455323615 13.53753733231736 0
1029 24.93642533980763 9.622663307246736 0
1030 10.94243137792495 12.67245451622481 0
1031 18.01281426233357 5.60160267243896 0
1032 13.78250185956953 11.19006062969086 0
1033 4.165857048377073 10.37327033557023 0
1034 2.784252812461021 11.21857044240287 0
1035 5.553180335708988 9.550520430433814 0
1036 27.74085445690597 6.448641682317417 0
1037 13.93877819851962 13.03125978063138 0
1038 23.62063473301007 5.647319318883071 0
1039 34.72028849705494 2.353748728542792 0
1040 34.61536635636942 5.582005270591234 0
1041 2.772478886126064 9.596492293561134 0
1042 4.160414948228982 5.586588597902638 0
1043 5.535019302336599 4.832426703353667 0
1044 1.385887044306226 8.799242329633856 0
1045 1.387232045710154 12.05681455692843 0
1046 5.547167883750353 3.306977409219772 0
1047 2.871318136690518 13.06921147723296 0
1048 22.16181302466016 9.607918509446195 0
1049 19.43355736820399 4.801966179002946 0
1050 23.53895835010421 10.43114227015893 0
1051 24.92901344161796 11.27646980569661 0
1052 26.32652035782753 12.02394999444355 0
1053 24.94295987266752 13.10108405363759 0
1054 27.6712189947178 13.07657834826223 0
1055 27.70837101035056 11.19230638499068 0
1056 22.24515586033424 4.828066165045558 0
1057 20.81978077717986 5.608962081166756 0
1058 30.44242615557452 11.2555704644231 0
1059 30.46203933857508 9.626043785139114 0
1060 33.24077689927928 9.606543730439698 0
1061 33.13566788500209 2.924276753581556 0
1062 33.23714099754568 6.392950346381877 0
1063 33.2211010894577 4.763767520268203 0
1064 33.23920671580443 8.001869419467585 0
1065 13.28420965131203 14.65181493851476 0
1066 22.48989489477714 1.494189536307108 0
1067 5.515000513395513 14.38304936723106 0
1068 30.4951944874303 1.61556444944753 0
1069 25.82608695656056 14.64448197669042 0
1070 5.505419581661976 1.60958894597605 0
1071 13.26394512734016 1.345724441186804 0
1072 13.60108065000253 8.463770195310019 0
1073 22.33508721358914 3.228140239324193 0
1074 12.84761822819955 8.775926542447216 0
1075 8.683980323880668 1.173564182121881 0
1076 8.689125370380946 14.82710244650482 0
1077 10.86764490496828 8.373648236279868 0
1078 11.57442854693586 8.770031642147437 0
1079 27.31688578618784 1.172768937561723 0
1080 11.79657584742316 6.841734333358695 0
1081 2.304209685936117 14.69649980218031 0
1082 33.69770733789778 1.302724309108033 0
1083 2.295921818761603 1.303920522399735 0
1084 13.11459029118063 7.258860765750967 0
1085 13.55783032464275 7.940282121992681 0
1086 13.04922772998746 8.351904318489403 0
1087 13.0826071965248 8.027027568849228 0
1088 13.21278940244798 8.107395884403012 0
1089 12.8447934117675 8.229170510138072 0
1090 12.91633096288578 8.014633042758465 0
1091 13.12628281334644 7.680411766037218 0
1092 12.55639707791751 8.471457024376045 0
1093 12.1809800809322 8.647429310098335 0
1094 12.07418121561038 8.104697126161879 0
1095 12.0106796412195 8.109644507580915 0
1096 12.69759908118213 7.316215632693415 0
1097 12.24802060909172 7.375479361135189 0
1098 12.3530948061354 7.876113994941798 0
1099 12.28950240246204 7.876877953111276 0
1100 12.05712099562687 7.883649547289584 0
1101 11.99499512045023 7.890952959604218 0
1102 23.35870325469114 13.59983665914095 0
1103 11.66956752373714 7.523241427451516 0
1104 11.24996814245479 7.798903206535744 0
1105 23.78711469184869 2.556558210689492 0
1106 12.17941026993512 2.483201933729819 0
1107 12.2029246456408 13.51511241385661 0
1108 25.82608695650294 1.124710442947926 0
1109 10.17391304344573 1.119292927332509 0
1110 10.17391304349957 14.88070707270291 0
1111 12.67736681071073 8.287173002132688 0
1112 12.8455372686191 7.589879132640007 0
1113 12.53882823123896 7.587837146030813 0
1114 15.44609514028111 2.632445390063416 0
1115 15.44838261788852 13.35329897827531 0
1116 26.36552129138627 13.39636404290922 0
1117 12.29046479544002 8.405243547567409 0
1118 12.47611752688789 8.273783367239419 0
1119 12.61192101475793 8.155146300734454 0
1120 12.73843464485611 8.138024488612732 0
1121 12.81879808948043 8.064837618552332 0
1122 12.85650127796178 7.987153369789522 0
1123 12.77524832393335 7.942047096753619 0
1124 12.7748188494225 7.953937614039662 0
1125 12.79122497048786 7.947933698953826 0
1126 12.79458116950839 7.91861514688099 0
1127 12.75678999105205 7.921439092421929 0
1128 12.74699482059075 7.913202086753939 0
1129 12.73037914594914 7.890959679505863 0
1130 12.75911712544222 7.886381445562279 0
1131 12.79292898346821 7.975808892040724 0
1132 12.75642363585509 7.977402190918864 0
1133 12.76874276670275 7.976889006686501 0
1134 12.82137727466241 7.93044499104467 0
1135 12.81684647091815 7.901385615685793 0
1136 12.91404263944069 7.936559035400276 0
1137 12.71499310779459 7.909624843251175 0
1138 12.74074819965712 7.862281541463313 0
1139 12.77722094709039 7.851472683011707 0
1140 12.70592839110822 7.861231126678264 0
1141 12.76683007109872 7.927656685820152 0
1142 12.7478575482546 7.978316475433971 0
1143 12.75168300163632 7.998594057030328 0
1144 12.73109532208255 7.821362740870867 0
1145 12.66921151194411 7.827329830757122 0
1146 12.81543359943733 7.784684487440346 0
1147 12.5375644167596 7.745581168229521 0
1148 12.34391919077054 7.617106188519108 0
1149 12.85373391424504 7.9045708869468 0
1150 12.73086571841442 8.075694407120032 0
1151 12.67802927215595 7.74117677059319 0
1152 12.77661509492195 7.931418333427533 0
1153 12.77595148030929 7.962686056356663 0
1154 12.01708879797316 7.62938255128115 0
1155 12.77005660404845 7.912390245882876 0
1156 12.59844431208078 7.813424898449776 0
1157 12.54258993677724 7.882636840491604 0
1158 12.5761766168584 7.883812389844072 0
1159 12.5098132317144 7.882582489525153 0
1160 12.52431313502393 7.856600272176317 0
1161 12.47052456912214 7.786621099892987 0
1162 12.41691265860901 7.880391999765259 0
1163 12.49181399399694 7.853648049439022 0
1164 12.46160978876281 7.859247403281757 0
1165 12.41561558000244 7.814633801019786 0
1166 12.55912165461953 7.849763274399361 0
1167 12.59507930543658 7.858087435894072 0
1168 12.38596675429209 7.87821576068949 0
1169 12.37416670113662 7.845325573172137 0
1170 12.33584609704341 7.844324831450304 0
1171 12.35549761450319 7.800670815843783 0
1172 12.30597103768866 7.815283156147357 0
1173 12.40541354683154 7.854332116180927 0
1174 12.43440680191006 7.853093089790461 0
1175 12.4470065178691 7.881489777427344 0
1176 12.32041801979073 7.876744492216223 0
1177 12.3059368022978 7.851804256917851 0
1178 12.27794782061567 7.845789732714438 0
1179 12.25945511198503 7.807184953449871 0
1180 12.21859651413543 7.831992625902062 0
1181 12.25866889819577 7.875927101078481 0
1182 12.22745000016547 7.873148640319869 0
1183 12.17152252052991 7.824300139093728 0
1184 12.12231943877559 7.874698669256475 0
1185 12.21233809891897 7.770895196840585 0
1186 12.11724853999279 7.769303592035017 0
1187 11.98361537815704 7.749849071564281 0
1188 12.08736408465013 7.878412396074123 0
1189 12.06202127047527 7.85500959448832 0
1190 12.03238549591742 7.858654430712365 0
1191 12.09342965005629 7.838168920140289 0
1192 12.15602943377038 7.869518050646715 0
1193 12.13220874059976 7.835283148205622 0
1194 12.02535148988361 7.888121627819398 0
1195 12.00703295857256 7.868567239262638 0
1196 11.97941055829786 7.864652036951798 0
1197 11.96180189000968 7.892078443375235 0
1198 11.93804264957738 7.862036788148782 0
1199 12.51843228185246 7.815005347054769 0
1200 11.70980285327025 7.7670100430264 0
1201 12.63144153583827 7.856967263600257 0
1202 12.64383577692918 7.890673174329302 0
1203 12.67033023839891 7.86981618435038 0
1204 12.78672864193126 8.008695448583442 0
1205 12.74344041471611 8.040537114497155 0
1206 12.69288334141043 8.037115320751433 0
1207 11.52904864584537 7.837465251095518 0
1208 11.32914740991658 8.282696876707114 0
1209 12.68802775582934 8.08369310276294 0
1210 12.63393919459203 8.08087367209048 0
1211 12.55804210780917 8.110263051656926 0
1212 12.00244395640836 7.840670567574331 0
1213 12.89154844177834 7.849525474855697 0
1214 13.00423571965898 7.854269623886168 0
1215 12.93660756856804 7.751754096971887 0
1216 13.00246026382814 7.974657837093165 0
1217 13.12532657597517 7.916099200379692 0
1218 12.71940930314374 8.017722908697936 0
1219 12.72536360673669 7.992749091257633 0
1220 12.50127394365865 8.167254298550592 0
1221 12.47132083468906 8.122579251820412 0
1222 12.40520118902203 8.168037315228005 0
1223 12.27669961292231 8.250085632447991 0
1224 12.06852594900495 8.337853811495382 0
1225 11.73007347437356 8.430228258166753 0
1226 11.49546257256436 8.067768101332611 0
1227 11.60882944935973 8.221185983212491 0
1228 11.88416630666463 8.269167434872562 0
1229 11.83930916239181 8.111896096745181 0
1230 11.80278105841036 8.105950775380432 0
1231 11.80835363867824 8.151203916351843 0
1232 11.87599288519587 8.114392766528811 0
1233 11.91197584103958 8.114962359988837 0
1234 11.93425563204598 8.14549844582641 0
1235 11.89181713463301 8.149666741583774 0
1236 11.92133756194918 8.191641510261562 0
1237 11.97268681504742 8.17055375186662 0
1238 11.85347021207652 8.188432381204709 0
1239 11.76135733029356 8.225797388121931 0
1240 12.07404812582937 8.219121842263421 0
1241 11.75678041584463 8.154611770700383 0
1242 11.62781647680495 8.117746941002309 0
1243 11.73285350572032 8.08623470057996 0
1244 11.59950161401554 7.954455893359473 0
1245 11.63668398844325 7.864598783103657 0
1246 11.7231065879009 7.951460154102287 0
1247 11.72647002896756 7.919572831653639 0
1248 11.75356043445747 7.899074403836986 0
1249 11.79008381388531 7.922983729838652 0
1250 11.79198828919847 7.885026903420959 0
1251 11.83392503937936 7.872031889201837 0
1252 11.75531122500739 7.850628133678163 0
1253 11.86381560824316 7.887239541594956 0
1254 11.86631709338327 7.853654263154039 0
1255 11.81961033647574 7.823530832713302 0
1256 11.90032858456471 7.869754983839655 0
1257 11.91390589825363 7.815714068420256 0
1258 11.69817387279576 7.931094775848164 0
1259 11.69028133092931 7.964852194169874 0
1260 11.65288564932171 7.986687502213476 0
1261 11.89308406092171 7.904101849342771 0
1262 12.15900676203034 8.204680944552941 0
1263 12.138336090315 8.101148669515188 0
1264 12.10582804089678 8.102561212822948 0
1265 12.16985575086998 8.099060002684295 0
1266 12.08964990703453 8.126375577368433 0
1267 12.05894470706375 8.133591438916579 0
1268 12.12051305546695 8.130185944575462 0
1269 12.15212203567949 8.129092327383759 0
1270 12.18523316101774 8.12733055384269 0
1271 12.21890641459902 8.129252003601149 0
1272 12.29578436920506 8.165882608473796 0
1273 12.04253156508317 8.107278411895091 0
1274 12.02759461441911 8.132803277973135 0
1275 12.2369105015242 8.094460821138432 0
1276 12.25979258630618 8.127497353746014 0
1277 12.32942507668858 8.098672736693672 0
1278 12.30563711924466 8.080549422771837 0
1279 12.3016180027048 8.114813986026448 0
1280 12.1138728120394 8.186431015625113 0
1281 12.34681752309732 8.127467870937366 0
1282 11.99700853029164 8.138853995953866 0
1283 11.96587436775197 8.135686256588761 0
1284 11.97908368296234 8.110946288826385 0
1285 11.85668882116753 7.73290554115272 0
1286 11.66099121458662 7.929612893196418 0
1287 12.23415197844404 8.172390642957344 0
1288 11.69758190750245 8.14856659984433 0
1289 12.82123713946483 7.962842716627714 0
1290 12.81524739580896 7.999852328195773 0
1291 12.85335144068999 7.944195477202569 0
1292 11.74060927054371 8.12077401365425 0
1293 12.03034204467371 8.169186371971684 0
1294 12.7893027584315 7.88798230551504 0
1295 12.82523720498467 7.865314713982594 0
1296 12.72021786074058 8.047927614586184 0
1297 12.67387715417987 7.898324667467243 0
1298 21.06785059534771 1.073119941212352 0
1299 4.373261488467844 2.64823762843417 0
1300 4.377494006999127 13.33731754243201 0
1301 11.71544565337988 7.98186658759788 0
1302 31.63601667297494 2.656721982591127 0
1303 17.99999999993956 1.072437765805327 0
1304 18.00000000006483 14.92756223426341 0
1305 29.18696758948922 2.652621823818253 0
1306 12.63276807136741 8.046882341617261 0
1307 6.831644045960716 2.652462180220373 0
1308 6.835607869869985 13.34599131946902 0
1309 11.69252193544829 7.999565809880714 0
1310 11.68503618630649 8.04409619751155 0
1311 11.67466681673514 8.089200478435643 0
1312 11.71940539617246 8.056203807744556 0
1313 11.62193761333191 8.040602829215164 0
1314 32.00378658163453 14.92823901011423 0
1315 12.98985254384791 8.10995735352104 0
1316 12.72579235402325 7.98169975614282 0
1317 12.03918034137429 7.816307287060667 0
1318 20.91536231251196 14.88355753546477 0
1319 13.32025538938121 7.849241918356241 0
1320 28.96442743764959 15.00475472051462 0
1321 12.5105436915609 8.104499494515141 0
1322 11.71103027956516 8.107536055155137 0
1323 12.69824107956714 7.889789665695181 0
1324 13.53742687570664 7.54277761976945 0
1325 12.57469502180765 8.068423418331236 0
1326 12.54090673215651 8.073212629440421 0
1327 11.99185113386154 8.226254120455202 0
1328 34.83201792256926 14.8230043004314 0
1329 12.48211888055129 8.082482937096568 0
1330 12.44766848299697 8.089007512283031 0
1331 1.132521029637629 14.85769445588027 0
1332 34.86747897036132 1.142305544118075 0
1333 1.132521029639254 1.142305544120775 0
1334 12.45988271938548 7.828463441067688 0
1335 11.86516536206498 7.914745665993723 0
1336 12.39092060748681 8.120347060460338 0
1337 12.24815267106473 7.847660975581797 0
1338 12.59706712203896 8.094682814510358 0
1339 11.77526569717929 8.125591183527799 0
1340 11.85378860659509 8.143118380482864 0
1341 11.701594211635 7.878498485393162 0
1342 11.98311809861287 7.802494832910067 0
1343 12.4256239298761 8.118240941856838 0
1344 12.77297161273882 8.036190790760882 0
1345 12.76420791592998 8.068289715141148 0
1346 12.38479444525937 8.08843676449982 0
1347 12.08871778518154 8.160853043148498 0
1348 12.13343698171949 8.161123183575521 0
1349 12.16490421320968 8.155834464855417 0
1350 12.19472212560135 8.156945314922174 0
1351 10.83062766801184 2.071574210465005 0
1352 10.83062766805813 13.92842578960842 0
1353 11.96338423223002 7.837113658801048 0
1354 12.79508065171655 8.423126279516685 0
1355 25.1483756660138 2.088081996752574 0
1356 12.69499165542259 8.0106438082768 0
1357 11.70459843689991 8.07665424788537 0
1358 8.047116086399347 2.182672215528705 0
1359 8.064040440181106 13.81472140523831 0
1360 12.42112784761071 7.729421742093171 0
1361 12.30065903029595 7.741909076301277 0
1362 12.20654571117385 7.650679327685387 0
1363 27.96153688139712 2.173694882285121 0
1364 23.07511656593867 14.91089251337844 0
$EndNodes
$Elements
2054
1 1 2 3 1 1 7
2 1 2 3 1 7 8
3 1 2 3 1 8 9
4 1 2 3 1 9 10
5 1 2 3 1 10 11
6 1 2 3 1 11 12
7 1 2 3 1 12 13
8 1 2 3 1 13 14
9 1 2 3 1 14 15
10 1 2 3 1 15 16
11 1 2 3 1 16 17
12 1 2 3 1 17 18
13 1 2 3 1 18 19
14 1 2 3 1 19 20
15 1 2 3 1 20 21
16 1 2 3 1 21 22
17 1 2 3 1 22 23
18 1 2 3 1 23 24
19 1 2 3 1 24 25
20 1 2 3 1 25 26
21 1 2 3 1 26 27
22 1 2 3 1 27 28
23 1 2 3 1 28 2
24 1 2 2 2 2 29
25 1 2 2 2 29 30
26 1 2 2 2 30 31
27 1 2 2 2 31 32
28 1 2 2 2 32 33
29 1 2 2 2 33 34
30 1 2 2 2 34 35
31 1 2 2 2 35 36
32 1 2 2 2 36 37
33 1 2 2 2 37 3
34 1 2 3 3 3 38
35 1 2 3 3 38 39
36 1 2 3 3 39 40
37 1 2 3 3 40 41
38 1 2 3 3 41 42
39 1 2 3 3 42 43
40 1 2 3 3 43 44
41 1 2 3 3 44 45
42 1 2 3 3 45 46
43 1 2 3 3 46 47
44 1 2 3 3 47 48
45 1 2 3 3 48 49
46 1 2 3 3 49 50
47 1 2 3 3 50 51
48 1 2 3 3 51 52
49 1 2 3 3 52 53
50 1 2 3 3 53 54
51 1 2 3 3 54 55
52 1 2 3 3 55 56
53 1 2 3 3 56 57
54 1 2 3 3 57 58
55 1 2 3 3 58 59
56 1 2 3 3 59 4
57 1 2 1 4 4 60
58 1 2 1 4 60 61
59 1 2 1 4 61 62
60 1 2 1 4 62 63
61 1 2 1 4 63 64
62 1 2 1 4 64 65
63 1 2 1 4 65 66
64 1 2 1 4 66 67
65 1 2 1 4 67 68
66 1 2 1 4 68 1
67 1 2 4 5 6 69
68 1 2 4 5 69 70
69 1 2 4 5 70 71
70 1 2 4 5 71 72
71 1 2 4 5 72 73
72 1 2 4 5 73 74
73 1 2 4 5 74 75
74 1 2 4 5 75 76
75 1 2 4 5 76 77
76 1 2 4 5 77 78
77 1 2 4 5 78 79
78 1 2 4 5 79 80
79 1 2 4 5 80 81
80 1 2 4 5 81 82
81 1 2 4 5 82 83
82 1 2 4 5 83 84
83 1 2 4 5 84 85
84 1 2 4 5 85 86
85 1 2 4 5 86 87
86 1 2 4 5 87 88
87 1 2 4 5 88 89
88 1 2 4 5 89 90
89 1 2 4 5 90 91
90 1 2 4 5 91 92
91 1 2 4 5 92 93
92 1 2 4 5 93 94
93 1 2 4 5 94 95
94 1 2 4 5 95 96
95 1 2 4 5 96 97
96 1 2 4 5 97 98
97 1 2 4 5 98 99
98 1 2 4 5 99 100
99 1 2 4 5 100 101
100 1 2 4 5 101 102
101 1 2 4 5 102 103
102 1 2 4 5 103 104
103 1 2 4 5 104 105
104 1 2 4 5 105 106
105 1 2 4 5 106 107
106 1 2 4 5 107 5
107 1 2 4 6 5 108
108 1 2 4 6 108 109
109 1 2 4 6 109 110
110 1 2 4 6 110 111
111 1 2 4 6 111 112
112 1 2 4 6 112 113
113 1 2 4 6 113 114
114 1 2 4 6 114 115
115 1 2 4 6 115 116
116 1 2 4 6 116 117
117 1 2 4 6 117 118
118 1 2 4 6 118 119
119 1 2 4 6 119 120
120 1 2 4 6 120 121
121 1 2 4 6 121 122
122 1 2 4 6 122 123
123 1 2 4 6 123 124
124 1 2 4 6 124 125
125 1 2 4 6 125 126
126 1 2 4 6 126 127
127 1 2 4 6 127 128
128 1 2 4 6 128 129
129 1 2 4 6 129 130
130 1 2 4 6 130 131
131 1 2 4 6 131 132
132 1 2 4 6 132 133
133 1 2 4 6 133 134
134 1 2 4 6 134 135
135 1 2 4 6 135 136
136 1 2 4 6 136 137
137 1 2 4 6 137 138
138 1 2 4 6 138 139
139 1 2 4 6 139 140
140 1 2 4 6 140 141
141 1 2 4 6 141 142
142 1 2 4 6 142 143
143 1 2 4 6 143 144
144 1 2 4 6 144 145
145 1 2 4 6 145 146
146 1 2 4 6 146 6
147 2 2 5 1 6 161 154
148 2 2 5 1 6 168 161
149 2 2 5 1 6 175 168
150 2 2 5 1 6 182 175
151 2 2 5 1 6 189 182
152 2 2 5 1 6 196 189
153 2 2 5 1 6 203 196
154 2 2 5 1 6 210 203
155 2 2 5 1 6 217 210
156 2 2 5 1 6 224 217
157 2 2 5 1 6 231 224
158 2 2 5 1 6 238 231
159 2 2 5 1 6 245 238
160 2 2 5 1 6 252 245
161 2 2 5 1 6 259 252
162 2 2 5 1 6 266 259
163 2 2 5 1 6 273 266
164 2 2 5 1 6 280 273
165 2 2 5 1 6 287 280
166 2 2 5 1 1139 1144 1146
167 2 2 5 1 971 1249 1250
168 2 2 5 1 971 587 1249
169 2 2 5 1 559 1229 1230
170 2 2 5 1 842 1180 1182
171 2 2 5 1 1061 865 1082
172 2 2 5 1 832 825 1128
173 2 2 5 1 864 993 1083
174 2 2 5 1 1047 863 1081
175 2 2 5 1 1121 1204 1290
176 2 2 5 1 349 153 1301
177 2 2 5 1 1297 1203 1323
178 2 2 5 1 1222 1272 1281
179 2 2 5 1 1238 1231 1340
180 2 2 5 1 954 1297 1323
181 2 2 5 1 1014 1066 1073
182 2 2 5 1 1224 1225 1228
183 2 2 5 1 955 1167 1201
184 2 2 5 1 853 951 1071
185 2 2 5 1 1037 852 1065
186 2 2 5 1 1209 1119 1210
187 2 2 5 1 1204 1121 1344
188 2 2 5 1 865 1061 1302
189 2 2 5 1 859 1053 1069
190 2 2 5 1 1230 1229 1231
191 2 2 5 1 1187 1186 1317
192 2 2 5 1 1103 1200 1207
193 2 2 5 1 993 864 1299
194 2 2 5 1 863 1047 1300
195 2 2 5 1 1317 1212 1342
196 2 2 5 1 153 573 1312
197 2 2 5 1 1203 1140 1323
198 2 2 5 1 1230 1231 1339
199 2 2 5 1 882 879 972
200 2 2 5 1 1122 1121 1290
201 2 2 5 1 969 1080 1103
202 2 2 5 1 1223 1224 1262
203 2 2 5 1 1136 1122 1291
204 2 2 5 1 1066 1014 1298
205 2 2 5 1 1092 1093 1117
206 2 2 5 1 1222 1223 1272
207 2 2 5 1 951 853 1114
208 2 2 5 1 852 1037 1115
209 2 2 5 1 936 964 968
210 2 2 5 1 1191 1186 1193
211 2 2 5 1 1183 842 1192
212 2 2 5 1 38 39 998
213 2 2 5 1 1231 1238 1239
214 2 2 5 1 1253 1256 1261
215 2 2 5 1 1311 1310 1357
216 2 2 5 1 1310 1312 1357
217 2 2 5 1 1147 1161 1360
218 2 2 5 1 969 1103 1104
219 2 2 5 1 769 762 1202
220 2 2 5 1 879 877 972
221 2 2 5 1 1012 845 1013
222 2 2 5 1 965 844 967
223 2 2 5 1 1180 842 1183
224 2 2 5 1 955 1201 1202
225 2 2 5 1 587 580 1249
226 2 2 5 1 566 559 1230
227 2 2 5 1 1231 1239 1241
228 2 2 5 1 1167 1156 1201
229 2 2 5 1 1156 1145 1201
230 2 2 5 1 1069 1053 1116
231 2 2 5 1 1241 1239 1288
232 2 2 5 1 1256 885 1261
233 2 2 5 1 968 964 1072
234 2 2 5 1 853 16 1016
235 2 2 5 1 50 852 1024
236 2 2 5 1 1259 1246 1301
237 2 2 5 1 1260 1310 1313
238 2 2 5 1 16 17 1016
239 2 2 5 1 49 50 1024
240 2 2 5 1 1208 1104 1226
241 2 2 5 1 1244 1245 1286
242 2 2 5 1 38 998 1328
243 2 2 5 1 1236 1228 1238
244 2 2 5 1 377 370 962
245 2 2 5 1 1183 1192 1193
246 2 2 5 1 971 1250 1251
247 2 2 5 1 1054 1052 1055
248 2 2 5 1 1200 1252 1341
249 2 2 5 1 993 995 1083
250 2 2 5 1 867 1047 1081
251 2 2 5 1 1224 1240 1262
252 2 2 5 1 964 936 1032
253 2 2 5 1 1039 1061 1082
254 2 2 5 1 573 1243 1312
255 2 2 5 1 971 1253 1335
256 2 2 5 1 971 1251 1253
257 2 2 5 1 580 349 970
258 2 2 5 1 1013 845 1014
259 2 2 5 1 580 970 1249
260 2 2 5 1 573 566 895
261 2 2 5 1 895 566 1230
262 2 2 5 1 1282 1237 1283
263 2 2 5 1 538 883 1233
264 2 2 5 1 356 342 1316
265 2 2 5 1 1001 860 1002
266 2 2 5 1 1002 847 1054
267 2 2 5 1 1053 859 1102
268 2 2 5 1 1207 1200 1245
269 2 2 5 1 1211 1220 1321
270 2 2 5 1 1186 1183 1193
271 2 2 5 1 1092 1074 1093
272 2 2 5 1 893 882 972
273 2 2 5 1 999 860 1001
274 2 2 5 1 975 961 1325
275 2 2 5 1 921 936 968
276 2 2 5 1 961 974 1325
277 2 2 5 1 1147 1151 1156
278 2 2 5 1 1103 1154 1285
279 2 2 5 1 1046 1070 1307
280 2 2 5 1 1067 945 1308
281 2 2 5 1 1248 1247 1341
282 2 2 5 1 1003 926 1058
283 2 2 5 1 1003 1054 1055
284 2 2 5 1 1257 1342 1353
285 2 2 5 1 1068 947 1305
286 2 2 5 1 1212 1196 1353
287 2 2 5 1 970 349 1246
288 2 2 5 1 573 895 1243
289 2 2 5 1 844 965 986
290 2 2 5 1 1233 883 1234
291 2 2 5 1 1198 1256 1257
292 2 2 5 1 1165 1169 1171
293 2 2 5 1 985 840 1329
294 2 2 5 1 1073 1066 1105
295 2 2 5 1 947 1068 1302
296 2 2 5 1 840 977 1329
297 2 2 5 1 1233 1234 1235
298 2 2 5 1 1147 1113 1151
299 2 2 5 1 776 769 1297
300 2 2 5 1 1070 1046 1299
301 2 2 5 1 945 1067 1300
302 2 2 5 1 1071 951 1106
303 2 2 5 1 1037 1065 1107
304 2 2 5 1 1259 1301 1309
305 2 2 5 1 902 921 968
306 2 2 5 1 1282 1283 1284
307 2 2 5 1 847 1002 1320
308 2 2 5 1 1229 1232 1340
309 2 2 5 1 1200 1103 1285
310 2 2 5 1 1149 1136 1291
311 2 2 5 1 1196 1197 1198
312 2 2 5 1 1149 1135 1295
313 2 2 5 1 545 538 1233
314 2 2 5 1 962 370 1356
315 2 2 5 1 1001 1003 1058
316 2 2 5 1 1232 545 1233
317 2 2 5 1 926 1003 1055
318 2 2 5 1 475 468 1275
319 2 2 5 1 524 1095 1284
320 2 2 5 1 272 1127 1141
321 2 2 5 1 223 1123 1124
322 2 2 5 1 1189 1190 1317
323 2 2 5 1 1190 1194 1195
324 2 2 5 1 967 844 1304
325 2 2 5 1 845 1012 1303
326 2 2 5 1 1101 622 1197
327 2 2 5 1 531 524 1284
328 2 2 5 1 1196 1101 1197
329 2 2 5 1 1272 1276 1279
330 2 2 5 1 1262 1240 1280
331 2 2 5 1 762 955 1202
332 2 2 5 1 1095 1282 1284
333 2 2 5 1 1087 1216 1217
334 2 2 5 1 552 545 1232
335 2 2 5 1 1104 1103 1207
336 2 2 5 1 948 968 1072
337 2 2 5 1 1265 841 1270
338 2 2 5 1 370 958 1356
339 2 2 5 1 1253 1261 1335
340 2 2 5 1 1231 1229 1340
341 2 2 5 1 970 1246 1247
342 2 2 5 1 468 979 1275
343 2 2 5 1 841 475 1275
344 2 2 5 1 1243 895 1292
345 2 2 5 1 1013 1014 1015
346 2 2 5 1 1252 1200 1255
347 2 2 5 1 1100 636 1194
348 2 2 5 1 510 1094 1273
349 2 2 5 1 1001 1002 1003
350 2 2 5 1 883 531 1284
351 2 2 5 1 1190 1100 1194
352 2 2 5 1 1094 1267 1273
353 2 2 5 1 1070 848 1307
354 2 2 5 1 849 1067 1308
355 2 2 5 1 1264 1263 1268
356 2 2 5 1 1232 1235 1340
357 2 2 5 1 1246 349 1301
358 2 2 5 1 970 1248 1249
359 2 2 5 1 1136 1214 1216
360 2 2 5 1 181 188 1133
361 2 2 5 1 1021 1019 1358
362 2 2 5 1 1027 1028 1359
363 2 2 5 1 384 377 959
364 2 2 5 1 1229 552 1232
365 2 2 5 1 1271 1275 1276
366 2 2 5 1 1184 650 1188
367 2 2 5 1 496 1263 1264
368 2 2 5 1 1188 1189 1191
369 2 2 5 1 594 587 971
370 2 2 5 1 559 552 1229
371 2 2 5 1 1090 1121 1122
372 2 2 5 1 1184 1188 1191
373 2 2 5 1 1146 1144 1151
374 2 2 5 1 1104 1207 1226
375 2 2 5 1 1270 841 1271
376 2 2 5 1 1095 1273 1274
377 2 2 5 1 1174 1164 1175
378 2 2 5 1 948 1072 1085
379 2 2 5 1 1075 1021 1358
380 2 2 5 1 1028 1076 1359
381 2 2 5 1 856 1068 1305
382 2 2 5 1 1263 1265 1269
383 2 2 5 1 842 664 1192
384 2 2 5 1 482 841 1265
385 2 2 5 1 622 615 1197
386 2 2 5 1 1095 1274 1282
387 2 2 5 1 853 1016 1114
388 2 2 5 1 1024 852 1115
389 2 2 5 1 1170 1176 1177
390 2 2 5 1 1166 1156 1167
391 2 2 5 1 885 608 1261
392 2 2 5 1 1181 678 1182
393 2 2 5 1 1269 1265 1270
394 2 2 5 1 1139 1138 1144
395 2 2 5 1 1184 1191 1193
396 2 2 5 1 636 629 1194
397 2 2 5 1 517 510 1273
398 2 2 5 1 1164 843 1175
399 2 2 5 1 1268 1263 1269
400 2 2 5 1 1158 1166 1167
401 2 2 5 1 419 840 985
402 2 2 5 1 454 978 1278
403 2 2 5 1 978 1277 1278
404 2 2 5 1 615 885 1197
405 2 2 5 1 1283 883 1284
406 2 2 5 1 1098 699 1176
407 2 2 5 1 1228 1236 1327
408 2 2 5 1 1163 843 1164
409 2 2 5 1 1170 1098 1176
410 2 2 5 1 1172 1177 1178
411 2 2 5 1 843 727 1175
412 2 2 5 1 979 1278 1279
413 2 2 5 1 615 608 885
414 2 2 5 1 538 531 883
415 2 2 5 1 1168 1169 1173
416 2 2 5 1 650 643 1188
417 2 2 5 1 503 496 1264
418 2 2 5 1 440 980 981
419 2 2 5 1 1158 1157 1166
420 2 2 5 1 1199 1163 1334
421 2 2 5 1 1157 1160 1166
422 2 2 5 1 1162 713 1168
423 2 2 5 1 790 954 1137
424 2 2 5 1 748 1157 1158
425 2 2 5 1 1162 1168 1173
426 2 2 5 1 1178 1099 1181
427 2 2 5 1 727 720 1175
428 2 2 5 1 888 890 1080
429 2 2 5 1 1225 1208 1227
430 2 2 5 1 664 657 1192
431 2 2 5 1 1159 843 1163
432 2 2 5 1 489 482 1265
433 2 2 5 1 629 1101 1194
434 2 2 5 1 1095 517 1273
435 2 2 5 1 1157 741 1159
436 2 2 5 1 1157 1159 1160
437 2 2 5 1 405 975 976
438 2 2 5 1 1056 910 1057
439 2 2 5 1 890 953 1080
440 2 2 5 1 629 622 1101
441 2 2 5 1 949 950 1363
442 2 2 5 1 524 517 1095
443 2 2 5 1 1013 1015 1049
444 2 2 5 1 1197 885 1198
445 2 2 5 1 426 419 985
446 2 2 5 1 678 671 1182
447 2 2 5 1 1099 685 1181
448 2 2 5 1 1234 883 1283
449 2 2 5 1 1194 1101 1195
450 2 2 5 1 643 1100 1188
451 2 2 5 1 1271 841 1275
452 2 2 5 1 1094 503 1264
453 2 2 5 1 1058 926 1059
454 2 2 5 1 1005 1058 1059
455 2 2 5 1 461 454 1278
456 2 2 5 1 643 636 1100
457 2 2 5 1 510 503 1094
458 2 2 5 1 983 426 985
459 2 2 5 1 699 692 1176
460 2 2 5 1 762 755 955
461 2 2 5 1 961 973 974
462 2 2 5 1 391 384 973
463 2 2 5 1 965 966 986
464 2 2 5 1 447 440 981
465 2 2 5 1 1188 1100 1189
466 2 2 5 1 1094 1264 1266
467 2 2 5 1 657 1184 1192
468 2 2 5 1 1263 489 1265
469 2 2 5 1 713 706 1168
470 2 2 5 1 720 1162 1175
471 2 2 5 1 657 650 1184
472 2 2 5 1 496 489 1263
473 2 2 5 1 433 426 983
474 2 2 5 1 982 981 1346
475 2 2 5 1 986 966 987
476 2 2 5 1 398 961 975
477 2 2 5 1 741 734 1159
478 2 2 5 1 412 405 976
479 2 2 5 1 1192 1184 1193
480 2 2 5 1 671 842 1182
481 2 2 5 1 1162 1173 1174
482 2 2 5 1 671 664 842
483 2 2 5 1 1226 1207 1244
484 2 2 5 1 482 475 841
485 2 2 5 1 1160 1159 1163
486 2 2 5 1 979 461 1278
487 2 2 5 1 685 678 1181
488 2 2 5 1 755 748 1158
489 2 2 5 1 468 461 979
490 2 2 5 1 692 1099 1176
491 2 2 5 1 692 685 1099
492 2 2 5 1 1189 1100 1190
493 2 2 5 1 1094 1266 1267
494 2 2 5 1 1003 1002 1054
495 2 2 5 1 978 447 981
496 2 2 5 1 1176 1099 1177
497 2 2 5 1 454 447 978
498 2 2 5 1 986 987 990
499 2 2 5 1 987 966 988
500 2 2 5 1 1162 1174 1175
501 2 2 5 1 706 1098 1168
502 2 2 5 1 706 699 1098
503 2 2 5 1 978 981 982
504 2 2 5 1 1168 1098 1169
505 2 2 5 1 980 433 983
506 2 2 5 1 440 433 980
507 2 2 5 1 895 1230 1339
508 2 2 5 1 720 713 1162
509 2 2 5 1 980 983 984
510 2 2 5 1 1015 1056 1057
511 2 2 5 1 1177 1099 1178
512 2 2 5 1 987 988 989
513 2 2 5 1 1195 1101 1196
514 2 2 5 1 978 982 1277
515 2 2 5 1 988 966 991
516 2 2 5 1 1006 1060 1064
517 2 2 5 1 1050 1029 1051
518 2 2 5 1 1169 1098 1170
519 2 2 5 1 734 843 1159
520 2 2 5 1 734 727 843
521 2 2 5 1 398 391 961
522 2 2 5 1 748 741 1157
523 2 2 5 1 419 412 840
524 2 2 5 1 840 412 976
525 2 2 5 1 991 934 1026
526 2 2 5 1 840 976 977
527 2 2 5 1 405 398 975
528 2 2 5 1 966 934 991
529 2 2 5 1 908 991 1026
530 2 2 5 1 67 68 995
531 2 2 5 1 862 67 995
532 2 2 5 1 992 862 993
533 2 2 5 1 868 862 992
534 2 2 5 1 846 868 869
535 2 2 5 1 64 65 846
536 2 2 5 1 33 34 1006
537 2 2 5 1 857 35 996
538 2 2 5 1 846 65 868
539 2 2 5 1 66 862 868
540 2 2 5 1 857 996 1004
541 2 2 5 1 66 67 862
542 2 2 5 1 1034 858 1041
543 2 2 5 1 851 33 1006
544 2 2 5 1 36 866 996
545 2 2 5 1 65 66 868
546 2 2 5 1 34 35 857
547 2 2 5 1 36 37 866
548 2 2 5 1 34 857 1006
549 2 2 5 1 996 997 1004
550 2 2 5 1 993 862 995
551 2 2 5 1 992 993 994
552 2 2 5 1 996 866 997
553 2 2 5 1 997 1000 1004
554 2 2 5 1 869 868 992
555 2 2 5 1 846 869 870
556 2 2 5 1 1042 994 1043
557 2 2 5 1 35 36 996
558 2 2 5 1 63 64 1044
559 2 2 5 1 992 994 1042
560 2 2 5 1 1004 1000 1005
561 2 2 5 1 997 866 998
562 2 2 5 1 870 869 871
563 2 2 5 1 874 1042 1043
564 2 2 5 1 997 998 999
565 2 2 5 1 870 871 872
566 2 2 5 1 922 932 1036
567 2 2 5 1 941 1022 1025
568 2 2 5 1 1007 930 1008
569 2 2 5 1 931 930 1007
570 2 2 5 1 1022 932 1025
571 2 2 5 1 872 871 873
572 2 2 5 1 941 928 1022
573 2 2 5 1 933 967 1023
574 2 2 5 1 929 933 1023
575 2 2 5 1 1008 930 1038
576 2 2 5 1 873 876 1035
577 2 2 5 1 947 941 1025
578 2 2 5 1 932 1022 1036
579 2 2 5 1 897 951 1009
580 2 2 5 1 922 930 931
581 2 2 5 1 1000 999 1001
582 2 2 5 1 873 871 874
583 2 2 5 1 887 878 1017
584 2 2 5 1 878 875 1017
585 2 2 5 1 889 886 1020
586 2 2 5 1 1027 891 1028
587 2 2 5 1 921 904 925
588 2 2 5 1 922 914 930
589 2 2 5 1 918 919 926
590 2 2 5 1 949 931 950
591 2 2 5 1 933 934 965
592 2 2 5 1 943 941 947
593 2 2 5 1 997 999 1000
594 2 2 5 1 1012 1010 1016
595 2 2 5 1 881 891 1027
596 2 2 5 1 1023 967 1024
597 2 2 5 1 950 931 1007
598 2 2 5 1 904 903 905
599 2 2 5 1 908 907 909
600 2 2 5 1 872 873 1035
601 2 2 5 1 887 1017 1018
602 2 2 5 1 952 889 1020
603 2 2 5 1 900 899 901
604 2 2 5 1 932 931 949
605 2 2 5 1 887 1018 1019
606 2 2 5 1 887 1019 1020
607 2 2 5 1 899 897 1009
608 2 2 5 1 939 928 940
609 2 2 5 1 965 934 966
610 2 2 5 1 873 874 875
611 2 2 5 1 913 916 1029
612 2 2 5 1 915 922 1036
613 2 2 5 1 921 929 936
614 2 2 5 1 924 1009 1010
615 2 2 5 1 940 941 943
616 2 2 5 1 1020 1019 1021
617 2 2 5 1 875 874 1017
618 2 2 5 1 924 1010 1011
619 2 2 5 1 877 875 878
620 2 2 5 1 922 931 932
621 2 2 5 1 886 878 887
622 2 2 5 1 881 882 891
623 2 2 5 1 890 897 898
624 2 2 5 1 898 897 899
625 2 2 5 1 924 899 1009
626 2 2 5 1 913 914 915
627 2 2 5 1 918 917 919
628 2 2 5 1 944 929 1023
629 2 2 5 1 952 1020 1021
630 2 2 5 1 881 879 882
631 2 2 5 1 880 937 938
632 2 2 5 1 884 886 888
633 2 2 5 1 886 887 1020
634 2 2 5 1 890 889 896
635 2 2 5 1 897 896 951
636 2 2 5 1 901 899 924
637 2 2 5 1 916 915 917
638 2 2 5 1 927 928 939
639 2 2 5 1 936 929 944
640 2 2 5 1 916 918 923
641 2 2 5 1 938 945 946
642 2 2 5 1 876 879 880
643 2 2 5 1 925 904 1026
644 2 2 5 1 880 881 937
645 2 2 5 1 935 894 1032
646 2 2 5 1 902 901 903
647 2 2 5 1 903 901 1031
648 2 2 5 1 905 908 1026
649 2 2 5 1 916 923 1029
650 2 2 5 1 933 925 934
651 2 2 5 1 934 925 1026
652 2 2 5 1 873 875 876
653 2 2 5 1 876 875 877
654 2 2 5 1 876 877 879
655 2 2 5 1 877 878 884
656 2 2 5 1 884 878 886
657 2 2 5 1 880 879 881
658 2 2 5 1 937 881 1027
659 2 2 5 1 888 886 889
660 2 2 5 1 902 904 921
661 2 2 5 1 905 903 906
662 2 2 5 1 905 906 907
663 2 2 5 1 909 907 910
664 2 2 5 1 909 910 911
665 2 2 5 1 915 914 922
666 2 2 5 1 921 925 929
667 2 2 5 1 932 949 1025
668 2 2 5 1 1011 1010 1012
669 2 2 5 1 891 882 892
670 2 2 5 1 892 882 893
671 2 2 5 1 888 889 890
672 2 2 5 1 890 896 897
673 2 2 5 1 892 893 894
674 2 2 5 1 896 889 952
675 2 2 5 1 892 894 935
676 2 2 5 1 898 899 900
677 2 2 5 1 900 901 902
678 2 2 5 1 902 903 904
679 2 2 5 1 906 903 1031
680 2 2 5 1 904 905 1026
681 2 2 5 1 905 907 908
682 2 2 5 1 909 911 912
683 2 2 5 1 913 915 916
684 2 2 5 1 916 917 918
685 2 2 5 1 919 920 927
686 2 2 5 1 928 920 1022
687 2 2 5 1 929 925 933
688 2 2 5 1 927 939 942
689 2 2 5 1 940 928 941
690 2 2 5 1 938 937 945
691 2 2 5 1 1033 872 1035
692 2 2 5 1 927 920 928
693 2 2 5 1 901 924 1031
694 2 2 5 1 912 911 913
695 2 2 5 1 1028 891 1030
696 2 2 5 1 913 911 914
697 2 2 5 1 876 880 1035
698 2 2 5 1 919 917 920
699 2 2 5 1 1011 1012 1013
700 2 2 5 1 936 944 1032
701 2 2 5 1 933 965 967
702 2 2 5 1 892 935 1030
703 2 2 5 1 938 1033 1035
704 2 2 5 1 891 892 1030
705 2 2 5 1 912 913 1029
706 2 2 5 1 920 917 1036
707 2 2 5 1 924 1011 1031
708 2 2 5 1 1033 946 1034
709 2 2 5 1 938 946 1033
710 2 2 5 1 917 915 1036
711 2 2 5 1 880 938 1035
712 2 2 5 1 935 1032 1037
713 2 2 5 1 1022 920 1036
714 2 2 5 1 1032 944 1037
715 2 2 5 1 911 910 1038
716 2 2 5 1 930 914 1038
717 2 2 5 1 914 911 1038
718 2 2 5 1 870 1041 1044
719 2 2 5 1 1033 1034 1041
720 2 2 5 1 870 872 1041
721 2 2 5 1 869 992 1042
722 2 2 5 1 64 846 1044
723 2 2 5 1 871 869 1042
724 2 2 5 1 1017 874 1043
725 2 2 5 1 872 1033 1041
726 2 2 5 1 29 30 1039
727 2 2 5 1 32 33 851
728 2 2 5 1 30 31 861
729 2 2 5 1 31 32 1040
730 2 2 5 1 874 871 1042
731 2 2 5 1 1041 858 1044
732 2 2 5 1 1018 1017 1043
733 2 2 5 1 60 61 867
734 2 2 5 1 867 1045 1047
735 2 2 5 1 858 63 1044
736 2 2 5 1 30 861 1039
737 2 2 5 1 32 851 1040
738 2 2 5 1 861 31 1040
739 2 2 5 1 846 870 1044
740 2 2 5 1 1045 1034 1047
741 2 2 5 1 62 63 858
742 2 2 5 1 61 62 1045
743 2 2 5 1 858 1034 1045
744 2 2 5 1 1018 1043 1046
745 2 2 5 1 1043 994 1046
746 2 2 5 1 867 61 1045
747 2 2 5 1 1034 946 1047
748 2 2 5 1 62 858 1045
749 2 2 5 1 909 912 1048
750 2 2 5 1 988 991 1048
751 2 2 5 1 991 908 1048
752 2 2 5 1 908 909 1048
753 2 2 5 1 906 1031 1049
754 2 2 5 1 1011 1013 1049
755 2 2 5 1 912 1029 1050
756 2 2 5 1 989 1050 1051
757 2 2 5 1 1031 1011 1049
758 2 2 5 1 1051 923 1052
759 2 2 5 1 989 988 1050
760 2 2 5 1 1048 912 1050
761 2 2 5 1 988 1048 1050
762 2 2 5 1 1029 923 1051
763 2 2 5 1 1051 1052 1053
764 2 2 5 1 1113 1112 1151
765 2 2 5 1 989 1051 1053
766 2 2 5 1 1276 979 1279
767 2 2 5 1 1258 1246 1259
768 2 2 5 1 1232 1233 1235
769 2 2 5 1 955 1158 1167
770 2 2 5 1 1275 979 1276
771 2 2 5 1 961 391 973
772 2 2 5 1 918 926 1055
773 2 2 5 1 1052 923 1055
774 2 2 5 1 1038 910 1056
775 2 2 5 1 906 1049 1057
776 2 2 5 1 910 907 1057
777 2 2 5 1 1049 1015 1057
778 2 2 5 1 980 984 1346
779 2 2 5 1 942 1005 1059
780 2 2 5 1 1005 942 1060
781 2 2 5 1 1060 942 1064
782 2 2 5 1 1006 857 1060
783 2 2 5 1 927 942 1059
784 2 2 5 1 926 919 1059
785 2 2 5 1 1005 1000 1058
786 2 2 5 1 1004 1005 1060
787 2 2 5 1 1187 1317 1342
788 2 2 5 1 1266 1264 1268
789 2 2 5 1 950 1079 1363
790 2 2 5 1 1273 1267 1274
791 2 2 5 1 1015 1014 1073
792 2 2 5 1 923 918 1055
793 2 2 5 1 1008 1038 1056
794 2 2 5 1 1085 1072 1088
795 2 2 5 1 907 906 1057
796 2 2 5 1 1278 1277 1279
797 2 2 5 1 981 980 1346
798 2 2 5 1 974 973 1306
799 2 2 5 1 955 755 1158
800 2 2 5 1 976 975 1326
801 2 2 5 1 1202 1201 1203
802 2 2 5 1 1000 1001 1058
803 2 2 5 1 919 927 1059
804 2 2 5 1 857 1004 1060
805 2 2 5 1 1061 861 1063
806 2 2 5 1 943 1061 1063
807 2 2 5 1 851 1006 1064
808 2 2 5 1 1062 851 1064
809 2 2 5 1 1040 1062 1063
810 2 2 5 1 1040 851 1062
811 2 2 5 1 861 1040 1063
812 2 2 5 1 1039 861 1061
813 2 2 5 1 939 940 1062
814 2 2 5 1 1062 940 1063
815 2 2 5 1 940 943 1063
816 2 2 5 1 939 1062 1064
817 2 2 5 1 942 939 1064
818 2 2 5 1 1068 865 1302
819 2 2 5 1 594 971 1335
820 2 2 5 1 1182 1180 1337
821 2 2 5 1 18 19 845
822 2 2 5 1 50 51 852
823 2 2 5 1 52 53 854
824 2 2 5 1 51 52 1065
825 2 2 5 1 55 56 849
826 2 2 5 1 56 57 1067
827 2 2 5 1 21 22 850
828 2 2 5 1 20 21 1066
829 2 2 5 1 24 25 856
830 2 2 5 1 25 26 1068
831 2 2 5 1 57 58 863
832 2 2 5 1 26 27 865
833 2 2 5 1 8 9 864
834 2 2 5 1 40 41 860
835 2 2 5 1 42 43 847
836 2 2 5 1 44 45 859
837 2 2 5 1 47 48 844
838 2 2 5 1 43 44 1069
839 2 2 5 1 9 10 1070
840 2 2 5 1 15 16 853
841 2 2 5 1 10 11 848
842 2 2 5 1 14 15 1071
843 2 2 5 1 13 14 855
844 2 2 5 1 1143 1218 1219
845 2 2 5 1 983 985 1330
846 2 2 5 1 1056 1015 1073
847 2 2 5 1 864 1070 1299
848 2 2 5 1 1067 863 1300
849 2 2 5 1 1143 1205 1218
850 2 2 5 1 1151 1145 1156
851 2 2 5 1 52 854 1065
852 2 2 5 1 852 51 1065
853 2 2 5 1 21 850 1066
854 2 2 5 1 849 56 1067
855 2 2 5 1 856 25 1068
856 2 2 5 1 57 863 1067
857 2 2 5 1 26 865 1068
858 2 2 5 1 864 9 1070
859 2 2 5 1 847 43 1069
860 2 2 5 1 44 859 1069
861 2 2 5 1 10 848 1070
862 2 2 5 1 855 14 1071
863 2 2 5 1 15 853 1071
864 2 2 5 1 1309 153 1310
865 2 2 5 1 188 195 1153
866 2 2 5 1 1008 1056 1073
867 2 2 5 1 963 962 1206
868 2 2 5 1 608 601 1261
869 2 2 5 1 1181 1182 1337
870 2 2 5 1 877 884 972
871 2 2 5 1 900 902 968
872 2 2 5 1 11 12 1075
873 2 2 5 1 54 55 1076
874 2 2 5 1 894 964 1032
875 2 2 5 1 1156 1166 1199
876 2 2 5 1 984 983 1330
877 2 2 5 1 848 11 1075
878 2 2 5 1 55 849 1076
879 2 2 5 1 1214 1091 1217
880 2 2 5 1 1135 1126 1294
881 2 2 5 1 975 1325 1326
882 2 2 5 1 769 1202 1297
883 2 2 5 1 24 856 1079
884 2 2 5 1 893 972 1077
885 2 2 5 1 1292 895 1339
886 2 2 5 1 1160 1163 1199
887 2 2 5 1 977 976 1326
888 2 2 5 1 985 1329 1330
889 2 2 5 1 1216 1214 1217
890 2 2 5 1 23 24 1079
891 2 2 5 1 1260 1259 1309
892 2 2 5 1 1007 1105 1355
893 2 2 5 1 1222 1118 1223
894 2 2 5 1 1245 1200 1341
895 2 2 5 1 990 987 1102
896 2 2 5 1 989 1053 1102
897 2 2 5 1 1030 1107 1352
898 2 2 5 1 1106 952 1351
899 2 2 5 1 1145 1140 1203
900 2 2 5 1 384 959 973
901 2 2 5 1 1054 847 1116
902 2 2 5 1 863 58 1081
903 2 2 5 1 865 27 1082
904 2 2 5 1 8 864 1083
905 2 2 5 1 1251 1250 1255
906 2 2 5 1 1007 1008 1105
907 2 2 5 1 1128 1129 1130
908 2 2 5 1 1088 1087 1217
909 2 2 5 1 1014 845 1298
910 2 2 5 1 1119 1118 1220
911 2 2 5 1 1134 1126 1135
912 2 2 5 1 1258 1286 1341
913 2 2 5 1 847 1069 1116
914 2 2 5 1 1009 951 1114
915 2 2 5 1 1016 1010 1114
916 2 2 5 1 1023 1024 1115
917 2 2 5 1 1037 944 1115
918 2 2 5 1 1261 601 1335
919 2 2 5 1 1030 935 1107
920 2 2 5 1 896 952 1106
921 2 2 5 1 1016 17 1303
922 2 2 5 1 49 1024 1304
923 2 2 5 1 1084 898 1324
924 2 2 5 1 994 993 1299
925 2 2 5 1 1047 946 1300
926 2 2 5 1 1138 1129 1140
927 2 2 5 1 825 956 1128
928 2 2 5 1 1312 1243 1357
929 2 2 5 1 37 3 1328
930 2 2 5 1 3 38 1328
931 2 2 5 1 1025 949 1305
932 2 2 5 1 1019 1018 1307
933 2 2 5 1 937 1027 1308
934 2 2 5 1 58 59 1081
935 2 2 5 1 7 8 1083
936 2 2 5 1 27 28 1082
937 2 2 5 1 1204 1131 1290
938 2 2 5 1 1002 860 1320
939 2 2 5 1 1191 1189 1317
940 2 2 5 1 964 957 1074
941 2 2 5 1 1107 854 1352
942 2 2 5 1 855 1106 1351
943 2 2 5 1 1061 943 1302
944 2 2 5 1 893 1077 1078
945 2 2 5 1 1105 850 1355
946 2 2 5 1 959 377 962
947 2 2 5 1 860 999 1314
948 2 2 5 1 998 866 1328
949 2 2 5 1 1253 1254 1256
950 2 2 5 1 1121 1090 1315
951 2 2 5 1 1052 1054 1116
952 2 2 5 1 1260 1244 1286
953 2 2 5 1 850 22 1108
954 2 2 5 1 1179 1178 1337
955 2 2 5 1 854 53 1110
956 2 2 5 1 13 855 1109
957 2 2 5 1 46 990 1364
958 2 2 5 1 20 1066 1298
959 2 2 5 1 845 19 1298
960 2 2 5 1 1240 1293 1347
961 2 2 5 1 1237 1282 1293
962 2 2 5 1 884 888 969
963 2 2 5 1 18 845 1303
964 2 2 5 1 844 48 1304
965 2 2 5 1 45 46 1364
966 2 2 5 1 1078 1077 1208
967 2 2 5 1 4 60 1331
968 2 2 5 1 68 1 1333
969 2 2 5 1 2 29 1332
970 2 2 5 1 1097 1113 1148
971 2 2 5 1 1 7 1333
972 2 2 5 1 59 4 1331
973 2 2 5 1 28 2 1332
974 2 2 5 1 1075 12 1109
975 2 2 5 1 54 1076 1110
976 2 2 5 1 951 896 1106
977 2 2 5 1 935 1037 1107
978 2 2 5 1 1131 1289 1290
979 2 2 5 1 970 1247 1248
980 2 2 5 1 1140 1129 1323
981 2 2 5 1 860 41 1320
982 2 2 5 1 42 847 1320
983 2 2 5 1 23 1079 1108
984 2 2 5 1 1227 1226 1242
985 2 2 5 1 1126 1155 1294
986 2 2 5 1 1249 1248 1250
987 2 2 5 1 1202 1203 1297
988 2 2 5 1 1310 153 1312
989 2 2 5 1 1287 1262 1350
990 2 2 5 1 987 989 1102
991 2 2 5 1 1210 974 1306
992 2 2 5 1 1021 1075 1109
993 2 2 5 1 1076 1028 1110
994 2 2 5 1 1053 1052 1116
995 2 2 5 1 1090 1136 1216
996 2 2 5 1 959 962 963
997 2 2 5 1 1079 950 1108
998 2 2 5 1 1142 1132 1143
999 2 2 5 1 1178 1181 1337
1000 2 2 5 1 890 898 953
1001 2 2 5 1 1008 1073 1105
1002 2 2 5 1 898 900 948
1003 2 2 5 1 990 46 1318
1004 2 2 5 1 894 893 957
1005 2 2 5 1 40 860 1314
1006 2 2 5 1 1066 850 1105
1007 2 2 5 1 855 1071 1106
1008 2 2 5 1 1065 854 1107
1009 2 2 5 1 998 39 1314
1010 2 2 5 1 1090 1122 1136
1011 2 2 5 1 1024 967 1304
1012 2 2 5 1 1012 1016 1303
1013 2 2 5 1 46 47 1318
1014 2 2 5 1 1120 1119 1209
1015 2 2 5 1 1143 1133 1204
1016 2 2 5 1 22 23 1108
1017 2 2 5 1 948 900 968
1018 2 2 5 1 12 13 1109
1019 2 2 5 1 53 54 1110
1020 2 2 5 1 1010 1009 1114
1021 2 2 5 1 944 1023 1115
1022 2 2 5 1 1097 1148 1362
1023 2 2 5 1 844 986 1318
1024 2 2 5 1 972 969 1077
1025 2 2 5 1 1136 1213 1214
1026 2 2 5 1 39 40 1314
1027 2 2 5 1 1125 1134 1289
1028 2 2 5 1 1046 994 1299
1029 2 2 5 1 946 945 1300
1030 2 2 5 1 47 844 1318
1031 2 2 5 1 1242 1226 1313
1032 2 2 5 1 1077 1104 1208
1033 2 2 5 1 943 947 1302
1034 2 2 5 1 963 1210 1306
1035 2 2 5 1 990 1102 1364
1036 2 2 5 1 19 20 1298
1037 2 2 5 1 1130 1129 1138
1038 2 2 5 1 1121 1120 1345
1039 2 2 5 1 947 1025 1305
1040 2 2 5 1 1211 1119 1220
1041 2 2 5 1 1018 1046 1307
1042 2 2 5 1 945 937 1308
1043 2 2 5 1 973 959 1306
1044 2 2 5 1 17 18 1303
1045 2 2 5 1 48 49 1304
1046 2 2 5 1 1103 1097 1154
1047 2 2 5 1 1271 1276 1287
1048 2 2 5 1 1125 1126 1134
1049 2 2 5 1 1133 1131 1204
1050 2 2 5 1 1336 982 1346
1051 2 2 5 1 984 1336 1346
1052 2 2 5 1 1112 1146 1151
1053 2 2 5 1 1311 1242 1313
1054 2 2 5 1 1130 1139 1294
1055 2 2 5 1 963 1206 1209
1056 2 2 5 1 999 998 1314
1057 2 2 5 1 1272 1279 1281
1058 2 2 5 1 839 832 1128
1059 2 2 5 1 1321 977 1326
1060 2 2 5 1 1132 1133 1143
1061 2 2 5 1 1135 1294 1295
1062 2 2 5 1 1239 1227 1288
1063 2 2 5 1 986 990 1318
1064 2 2 5 1 959 963 1306
1065 2 2 5 1 1113 1147 1360
1066 2 2 5 1 1222 1281 1336
1067 2 2 5 1 954 776 1297
1068 2 2 5 1 1185 1186 1362
1069 2 2 5 1 1171 1172 1361
1070 2 2 5 1 1344 1121 1345
1071 2 2 5 1 1305 949 1363
1072 2 2 5 1 601 594 1335
1073 2 2 5 1 1308 1027 1359
1074 2 2 5 1 1019 1307 1358
1075 2 2 5 1 41 42 1320
1076 2 2 5 1 894 957 964
1077 2 2 5 1 995 68 1333
1078 2 2 5 1 29 1039 1332
1079 2 2 5 1 60 867 1331
1080 2 2 5 1 1241 1288 1292
1081 2 2 5 1 1190 1212 1317
1082 2 2 5 1 1247 1246 1258
1083 2 2 5 1 953 1096 1097
1084 2 2 5 1 866 37 1328
1085 2 2 5 1 1198 1257 1353
1086 2 2 5 1 1186 1191 1317
1087 2 2 5 1 1224 1093 1225
1088 2 2 5 1 1128 956 1129
1089 2 2 5 1 1097 1096 1113
1090 2 2 5 1 1250 1252 1255
1091 2 2 5 1 950 1007 1355
1092 2 2 5 1 1084 1091 1112
1093 2 2 5 1 1077 969 1104
1094 2 2 5 1 1096 1084 1112
1095 2 2 5 1 1224 1228 1327
1096 2 2 5 1 1028 1030 1352
1097 2 2 5 1 952 1021 1351
1098 2 2 5 1 1180 1179 1337
1099 2 2 5 1 1155 1130 1294
1100 2 2 5 1 1252 1248 1341
1101 2 2 5 1 1102 859 1364
1102 2 2 5 1 884 969 972
1103 2 2 5 1 1172 1170 1177
1104 2 2 5 1 1165 1171 1360
1105 2 2 5 1 1180 1183 1185
1106 2 2 5 1 1206 962 1356
1107 2 2 5 1 1128 1130 1155
1108 2 2 5 1 1213 1149 1295
1109 2 2 5 1 854 1110 1352
1110 2 2 5 1 1109 855 1351
1111 2 2 5 1 850 1108 1355
1112 2 2 5 1 1257 1187 1342
1113 2 2 5 1 1196 1198 1353
1114 2 2 5 1 1243 1292 1322
1115 2 2 5 1 1254 1255 1257
1116 2 2 5 1 958 356 1219
1117 2 2 5 1 1241 1292 1339
1118 2 2 5 1 1219 356 1316
1119 2 2 5 1 1237 1234 1283
1120 2 2 5 1 1129 1137 1323
1121 2 2 5 1 977 1321 1329
1122 2 2 5 1 859 45 1364
1123 2 2 5 1 1131 1125 1289
1124 2 2 5 1 244 251 1152
1125 2 2 5 1 195 202 1153
1126 2 2 5 1 898 948 1324
1127 2 2 5 1 960 1142 1143
1128 2 2 5 1 1221 1222 1343
1129 2 2 5 1 1247 1258 1341
1130 2 2 5 1 1201 1145 1203
1131 2 2 5 1 1289 1122 1290
1132 2 2 5 1 1216 1087 1315
1133 2 2 5 1 1076 849 1359
1134 2 2 5 1 848 1075 1358
1135 2 2 5 1 1079 856 1363
1136 2 2 5 1 1089 1111 1120
1137 2 2 5 1 969 888 1080
1138 2 2 5 1 1253 1251 1254
1139 2 2 5 1 1080 953 1097
1140 2 2 5 1 1078 1208 1225
1141 2 2 5 1 1120 1150 1345
1142 2 2 5 1 1083 995 1333
1143 2 2 5 1 867 1081 1331
1144 2 2 5 1 1039 1082 1332
1145 2 2 5 1 1301 153 1309
1146 2 2 5 1 1139 1146 1295
1147 2 2 5 1 1227 1242 1288
1148 2 2 5 1 1081 59 1331
1149 2 2 5 1 7 1083 1333
1150 2 2 5 1 1082 28 1332
1151 2 2 5 1 953 898 1084
1152 2 2 5 1 1129 956 1137
1153 2 2 5 1 1209 1206 1296
1154 2 2 5 1 1154 1186 1187
1155 2 2 5 1 1347 1268 1348
1156 2 2 5 1 1243 1322 1357
1157 2 2 5 1 1266 1268 1347
1158 2 2 5 1 1143 1204 1344
1159 2 2 5 1 960 1143 1219
1160 2 2 5 1 1223 1117 1224
1161 2 2 5 1 957 893 1078
1162 2 2 5 1 1267 1266 1347
1163 2 2 5 1 1137 954 1323
1164 2 2 5 1 1244 1207 1245
1165 2 2 5 1 1089 1120 1121
1166 2 2 5 1 1226 1244 1313
1167 2 2 5 1 1111 1118 1119
1168 2 2 5 1 1087 1088 1315
1169 2 2 5 1 1218 1206 1356
1170 2 2 5 1 958 1218 1356
1171 2 2 5 1 1185 1183 1186
1172 2 2 5 1 1072 1074 1086
1173 2 2 5 1 1179 1185 1361
1174 2 2 5 1 1292 1288 1322
1175 2 2 5 1 1136 1149 1213
1176 2 2 5 1 1235 1234 1236
1177 2 2 5 1 1235 1238 1340
1178 2 2 5 1 1218 958 1219
1179 2 2 5 1 1325 1211 1326
1180 2 2 5 1 1172 1178 1179
1181 2 2 5 1 1281 982 1336
1182 2 2 5 1 1268 1269 1348
1183 2 2 5 1 1130 1138 1139
1184 2 2 5 1 1148 1113 1360
1185 2 2 5 1 1072 964 1074
1186 2 2 5 1 1336 984 1343
1187 2 2 5 1 1074 957 1093
1188 2 2 5 1 1205 1143 1344
1189 2 2 5 1 1210 1119 1338
1190 2 2 5 1 1206 1218 1296
1191 2 2 5 1 1112 1091 1215
1192 2 2 5 1 1208 1226 1227
1193 2 2 5 1 1294 1139 1295
1194 2 2 5 1 1225 1227 1239
1195 2 2 5 1 1211 1321 1326
1196 2 2 5 1 1086 1074 1354
1197 2 2 5 1 1228 1225 1239
1198 2 2 5 1 1144 1140 1145
1199 2 2 5 1 1093 1078 1225
1200 2 2 5 1 957 1078 1093
1201 2 2 5 1 1329 1221 1330
1202 2 2 5 1 1258 1259 1286
1203 2 2 5 1 1276 1272 1287
1204 2 2 5 1 797 790 1137
1205 2 2 5 1 1134 1135 1149
1206 2 2 5 1 1190 1195 1212
1207 2 2 5 1 1108 950 1355
1208 2 2 5 1 1289 1134 1291
1209 2 2 5 1 1205 1150 1296
1210 2 2 5 1 1218 1205 1296
1211 2 2 5 1 963 1209 1210
1212 2 2 5 1 1205 1344 1345
1213 2 2 5 1 1223 1262 1287
1214 2 2 5 1 1255 1200 1285
1215 2 2 5 1 1238 1228 1239
1216 2 2 5 1 1021 1109 1351
1217 2 2 5 1 1110 1028 1352
1218 2 2 5 1 783 776 954
1219 2 2 5 1 1325 974 1338
1220 2 2 5 1 1280 1240 1347
1221 2 2 5 1 265 272 1141
1222 2 2 5 1 216 223 1124
1223 2 2 5 1 272 279 1127
1224 2 2 5 1 223 230 1123
1225 2 2 5 1 167 174 1132
1226 2 2 5 1 237 244 1123
1227 2 2 5 1 286 293 1127
1228 2 2 5 1 202 209 1124
1229 2 2 5 1 251 258 1141
1230 2 2 5 1 856 1305 1363
1231 2 2 5 1 1164 1174 1334
1232 2 2 5 1 1173 1165 1174
1233 2 2 5 1 174 181 1133
1234 2 2 5 1 1122 1289 1291
1235 2 2 5 1 984 1330 1343
1236 2 2 5 1 849 1308 1359
1237 2 2 5 1 1307 848 1358
1238 2 2 5 1 948 1085 1324
1239 2 2 5 1 1259 1260 1286
1240 2 2 5 1 1091 1214 1215
1241 2 2 5 1 953 1084 1096
1242 2 2 5 1 1277 982 1281
1243 2 2 5 1 1169 1170 1171
1244 2 2 5 1 1269 1270 1349
1245 2 2 5 1 293 839 1128
1246 2 2 5 1 1220 1221 1321
1247 2 2 5 1 974 1210 1338
1248 2 2 5 1 1270 1271 1350
1249 2 2 5 1 1089 1121 1315
1250 2 2 5 1 1282 1274 1293
1251 2 2 5 1 1161 1165 1360
1252 2 2 5 1 1171 1170 1172
1253 2 2 5 1 1146 1213 1295
1254 2 2 5 1 1256 1254 1257
1255 2 2 5 1 1237 1293 1327
1256 2 2 5 1 1236 1234 1237
1257 2 2 5 1 1090 1216 1315
1258 2 2 5 1 1342 1212 1353
1259 2 2 5 1 1138 1140 1144
1260 2 2 5 1 1118 1117 1223
1261 2 2 5 1 1187 1257 1285
1262 2 2 5 1 1086 1089 1315
1263 2 2 5 1 1235 1236 1238
1264 2 2 5 1 1092 1117 1118
1265 2 2 5 1 1321 1221 1329
1266 2 2 5 1 1131 1133 1153
1267 2 2 5 1 1288 1311 1322
1268 2 2 5 1 1179 1180 1185
1269 2 2 5 1 1096 1112 1113
1270 2 2 5 1 1150 1120 1209
1271 2 2 5 1 1186 1154 1362
1272 2 2 5 1 1286 1245 1341
1273 2 2 5 1 1288 1242 1311
1274 2 2 5 1 1072 1086 1088
1275 2 2 5 1 1250 1248 1252
1276 2 2 5 1 1146 1112 1215
1277 2 2 5 1 1360 1171 1361
1278 2 2 5 1 1085 1088 1319
1279 2 2 5 1 1134 1149 1291
1280 2 2 5 1 1141 1127 1155
1281 2 2 5 1 1124 1123 1125
1282 2 2 5 1 1322 1311 1357
1283 2 2 5 1 1244 1260 1313
1284 2 2 5 1 1150 1205 1345
1285 2 2 5 1 1161 1199 1334
1286 2 2 5 1 1111 1089 1354
1287 2 2 5 1 1220 1118 1222
1288 2 2 5 1 1257 1255 1285
1289 2 2 5 1 1088 1217 1319
1290 2 2 5 1 1133 188 1153
1291 2 2 5 1 1080 1097 1103
1292 2 2 5 1 1117 1093 1224
1293 2 2 5 1 1161 1147 1199
1294 2 2 5 1 1361 1185 1362
1295 2 2 5 1 1214 1213 1215
1296 2 2 5 1 1125 1123 1152
1297 2 2 5 1 1124 1125 1153
1298 2 2 5 1 1152 1141 1155
1299 2 2 5 1 1271 1287 1350
1300 2 2 5 1 1172 1179 1361
1301 2 2 5 1 1126 1152 1155
1302 2 2 5 1 1254 1251 1255
1303 2 2 5 1 1262 1349 1350
1304 2 2 5 1 1111 1119 1120
1305 2 2 5 1 1154 1097 1362
1306 2 2 5 1 1126 1125 1152
1307 2 2 5 1 1125 1131 1153
1308 2 2 5 1 1147 1156 1199
1309 2 2 5 1 1330 1221 1343
1310 2 2 5 1 1085 1319 1324
1311 2 2 5 1 1165 1161 1334
1312 2 2 5 1 1144 1145 1151
1313 2 2 5 1 1213 1146 1215
1314 2 2 5 1 1293 1240 1327
1315 2 2 5 1 1272 1223 1287
1316 2 2 5 1 1221 1220 1222
1317 2 2 5 1 363 356 958
1318 2 2 5 1 1150 1209 1296
1319 2 2 5 1 1127 1128 1155
1320 2 2 5 1 1088 1086 1315
1321 2 2 5 1 1111 1092 1118
1322 2 2 5 1 1240 1224 1327
1323 2 2 5 1 1348 1269 1349
1324 2 2 5 1 1123 244 1152
1325 2 2 5 1 202 1124 1153
1326 2 2 5 1 251 1141 1152
1327 2 2 5 1 1222 1336 1343
1328 2 2 5 1 1174 1165 1334
1329 2 2 5 1 1119 1211 1338
1330 2 2 5 1 1349 1270 1350
1331 2 2 5 1 1280 1347 1348
1332 2 2 5 1 1217 1091 1319
1333 2 2 5 1 1092 1111 1354
1334 2 2 5 1 1089 1086 1354
1335 2 2 5 1 1211 1325 1338
1336 2 2 5 1 960 1219 1316
1337 2 2 5 1 300 160 1142
1338 2 2 5 1 314 307 1142
1339 2 2 5 1 1074 1092 1354
1340 2 2 5 1 1319 1091 1324
1341 2 2 5 1 956 797 1137
1342 2 2 5 1 960 314 1142
1343 2 2 5 1 1262 1280 1348
1344 2 2 5 1 1148 1361 1362
1345 2 2 5 1 804 797 956
1346 2 2 5 1 1132 174 1133
1347 2 2 5 1 1127 293 1128
1348 2 2 5 1 818 811 956
1349 2 2 5 1 335 328 960
1350 2 2 5 1 321 314 960
1351 2 2 5 1 1091 1084 1324
1352 2 2 5 1 1262 1348 1349
1353 2 2 5 1 1148 1360 1361
1354 2 2 5 1 160 1132 1142
1355 2 2 5 1 279 286 1127
1356 2 2 5 1 258 265 1141
1357 2 2 5 1 230 237 1123
1358 2 2 5 1 209 216 1124
1359 2 2 5 1 160 167 1132
1360 2 2 5 1 307 300 1142
1361 2 2 5 1 342 335 1316
1362 2 2 5 1 335 960 1316
1363 2 2 5 1 811 804 956
1364 2 2 5 1 328 321 960
1365 2 2 5 1 370 363 958
1366 2 2 5 1 790 783 954
1367 2 2 5 1 825 818 956
1368 2 2 5 1 1198 885 1256
1369 2 2 5 1 1154 1187 1285
1370 2 2 5 1 1166 1160 1199
1371 2 2 5 1 1163 1164 1334
1372 2 2 5 1 1169 1165 1173
1373 2 2 5 1 1195 1196 1212
1374 2 2 5 1 1231 1241 1339
1375 2 2 5 1 1236 1237 1327
1376 2 2 5 1 1260 1309 1310
1377 2 2 5 1 1274 1267 1293
1378 2 2 5 1 1293 1267 1347
1379 2 2 5 1 1279 1277 1281
1380 2 2 5 1 1310 1311 1313
1381 3 2 5 1 5 147 343 108
1382 3 2 5 1 147 148 344 343
1383 3 2 5 1 148 149 345 344
1384 3 2 5 1 149 150 346 345
1385 3 2 5 1 150 151 347 346
1386 3 2 5 1 151 152 348 347
1387 3 2 5 1 152 153 349 348
1388 3 2 5 1 108 343 574 109
1389 3 2 5 1 343 344 575 574
1390 3 2 5 1 344 345 576 575
1391 3 2 5 1 345 346 577 576
1392 3 2 5 1 346 347 578 577
1393 3 2 5 1 347 348 579 578
1394 3 2 5 1 348 349 580 579
1395 3 2 5 1 109 574 581 110
1396 3 2 5 1 574 575 582 581
1397 3 2 5 1 575 576 583 582
1398 3 2 5 1 576 577 584 583
1399 3 2 5 1 577 578 585 584
1400 3 2 5 1 578 579 586 585
1401 3 2 5 1 579 580 587 586
1402 3 2 5 1 110 581 588 111
1403 3 2 5 1 581 582 589 588
1404 3 2 5 1 582 583 590 589
1405 3 2 5 1 583 584 591 590
1406 3 2 5 1 584 585 592 591
1407 3 2 5 1 585 586 593 592
1408 3 2 5 1 586 587 594 593
1409 3 2 5 1 111 588 595 112
1410 3 2 5 1 588 589 596 595
1411 3 2 5 1 589 590 597 596
1412 3 2 5 1 590 591 598 597
1413 3 2 5 1 591 592 599 598
1414 3 2 5 1 592 593 600 599
1415 3 2 5 1 593 594 601 600
1416 3 2 5 1 112 595 602 113
1417 3 2 5 1 595 596 603 602
1418 3 2 5 1 596 597 604 603
1419 3 2 5 1 597 598 605 604
1420 3 2 5 1 598 599 606 605
1421 3 2 5 1 599 600 607 606
1422 3 2 5 1 600 601 608 607
1423 3 2 5 1 113 602 609 114
1424 3 2 5 1 602 603 610 609
1425 3 2 5 1 603 604 611 610
1426 3 2 5 1 604 605 612 611
1427 3 2 5 1 605 606 613 612
1428 3 2 5 1 606 607 614 613
1429 3 2 5 1 607 608 615 614
1430 3 2 5 1 114 609 616 115
1431 3 2 5 1 609 610 617 616
1432 3 2 5 1 610 611 618 617
1433 3 2 5 1 611 612 619 618
1434 3 2 5 1 612 613 620 619
1435 3 2 5 1 613 614 621 620
1436 3 2 5 1 614 615 622 621
1437 3 2 5 1 115 616 623 116
1438 3 2 5 1 616 617 624 623
1439 3 2 5 1 617 618 625 624
1440 3 2 5 1 618 619 626 625
1441 3 2 5 1 619 620 627 626
1442 3 2 5 1 620 621 628 627
1443 3 2 5 1 621 622 629 628
1444 3 2 5 1 116 623 630 117
1445 3 2 5 1 623 624 631 630
1446 3 2 5 1 624 625 632 631
1447 3 2 5 1 625 626 633 632
1448 3 2 5 1 626 627 634 633
1449 3 2 5 1 627 628 635 634
1450 3 2 5 1 628 629 636 635
1451 3 2 5 1 117 630 637 118
1452 3 2 5 1 630 631 638 637
1453 3 2 5 1 631 632 639 638
1454 3 2 5 1 632 633 640 639
1455 3 2 5 1 633 634 641 640
1456 3 2 5 1 634 635 642 641
1457 3 2 5 1 635 636 643 642
1458 3 2 5 1 118 637 644 119
1459 3 2 5 1 637 638 645 644
1460 3 2 5 1 638 639 646 645
1461 3 2 5 1 639 640 647 646
1462 3 2 5 1 640 641 648 647
1463 3 2 5 1 641 642 649 648
1464 3 2 5 1 642 643 650 649
1465 3 2 5 1 119 644 651 120
1466 3 2 5 1 644 645 652 651
1467 3 2 5 1 645 646 653 652
1468 3 2 5 1 646 647 654 653
1469 3 2 5 1 647 648 655 654
1470 3 2 5 1 648 649 656 655
1471 3 2 5 1 649 650 657 656
1472 3 2 5 1 120 651 658 121
1473 3 2 5 1 651 652 659 658
1474 3 2 5 1 652 653 660 659
1475 3 2 5 1 653 654 661 660
1476 3 2 5 1 654 655 662 661
1477 3 2 5 1 655 656 663 662
1478 3 2 5 1 656 657 664 663
1479 3 2 5 1 121 658 665 122
1480 3 2 5 1 658 659 666 665
1481 3 2 5 1 659 660 667 666
1482 3 2 5 1 660 661 668 667
1483 3 2 5 1 661 662 669 668
1484 3 2 5 1 662 663 670 669
1485 3 2 5 1 663 664 671 670
1486 3 2 5 1 122 665 672 123
1487 3 2 5 1 665 666 673 672
1488 3 2 5 1 666 667 674 673
1489 3 2 5 1 667 668 675 674
1490 3 2 5 1 668 669 676 675
1491 3 2 5 1 669 670 677 676
1492 3 2 5 1 670 671 678 677
1493 3 2 5 1 123 672 679 124
1494 3 2 5 1 672 673 680 679
1495 3 2 5 1 673 674 681 680
1496 3 2 5 1 674 675 682 681
1497 3 2 5 1 675 676 683 682
1498 3 2 5 1 676 677 684 683
1499 3 2 5 1 677 678 685 684
1500 3 2 5 1 124 679 686 125
1501 3 2 5 1 679 680 687 686
1502 3 2 5 1 680 681 688 687
1503 3 2 5 1 681 682 689 688
1504 3 2 5 1 682 683 690 689
1505 3 2 5 1 683 684 691 690
1506 3 2 5 1 684 685 692 691
1507 3 2 5 1 125 686 693 126
1508 3 2 5 1 686 687 694 693
1509 3 2 5 1 687 688 695 694
1510 3 2 5 1 688 689 696 695
1511 3 2 5 1 689 690 697 696
1512 3 2 5 1 690 691 698 697
1513 3 2 5 1 691 692 699 698
1514 3 2 5 1 144 819 826 145
1515 3 2 5 1 819 820 827 826
1516 3 2 5 1 820 821 828 827
1517 3 2 5 1 821 822 829 828
1518 3 2 5 1 822 823 830 829
1519 3 2 5 1 823 824 831 830
1520 3 2 5 1 824 825 832 831
1521 3 2 5 1 145 826 833 146
1522 3 2 5 1 826 827 834 833
1523 3 2 5 1 827 828 835 834
1524 3 2 5 1 828 829 836 835
1525 3 2 5 1 829 830 837 836
1526 3 2 5 1 830 831 838 837
1527 3 2 5 1 831 832 839 838
1528 3 2 5 1 126 693 700 127
1529 3 2 5 1 693 694 701 700
1530 3 2 5 1 694 695 702 701
1531 3 2 5 1 695 696 703 702
1532 3 2 5 1 696 697 704 703
1533 3 2 5 1 697 698 705 704
1534 3 2 5 1 698 699 706 705
1535 3 2 5 1 127 700 707 128
1536 3 2 5 1 700 701 708 707
1537 3 2 5 1 701 702 709 708
1538 3 2 5 1 702 703 710 709
1539 3 2 5 1 703 704 711 710
1540 3 2 5 1 704 705 712 711
1541 3 2 5 1 705 706 713 712
1542 3 2 5 1 128 707 714 129
1543 3 2 5 1 707 708 715 714
1544 3 2 5 1 708 709 716 715
1545 3 2 5 1 709 710 717 716
1546 3 2 5 1 710 711 718 717
1547 3 2 5 1 711 712 719 718
1548 3 2 5 1 712 713 720 719
1549 3 2 5 1 129 714 721 130
1550 3 2 5 1 714 715 722 721
1551 3 2 5 1 715 716 723 722
1552 3 2 5 1 716 717 724 723
1553 3 2 5 1 717 718 725 724
1554 3 2 5 1 718 719 726 725
1555 3 2 5 1 719 720 727 726
1556 3 2 5 1 130 721 728 131
1557 3 2 5 1 721 722 729 728
1558 3 2 5 1 722 723 730 729
1559 3 2 5 1 723 724 731 730
1560 3 2 5 1 724 725 732 731
1561 3 2 5 1 725 726 733 732
1562 3 2 5 1 726 727 734 733
1563 3 2 5 1 131 728 735 132
1564 3 2 5 1 728 729 736 735
1565 3 2 5 1 729 730 737 736
1566 3 2 5 1 730 731 738 737
1567 3 2 5 1 731 732 739 738
1568 3 2 5 1 732 733 740 739
1569 3 2 5 1 733 734 741 740
1570 3 2 5 1 132 735 742 133
1571 3 2 5 1 735 736 743 742
1572 3 2 5 1 736 737 744 743
1573 3 2 5 1 737 738 745 744
1574 3 2 5 1 738 739 746 745
1575 3 2 5 1 739 740 747 746
1576 3 2 5 1 740 741 748 747
1577 3 2 5 1 133 742 749 134
1578 3 2 5 1 742 743 750 749
1579 3 2 5 1 743 744 751 750
1580 3 2 5 1 744 745 752 751
1581 3 2 5 1 745 746 753 752
1582 3 2 5 1 746 747 754 753
1583 3 2 5 1 747 748 755 754
1584 3 2 5 1 134 749 756 135
1585 3 2 5 1 749 750 757 756
1586 3 2 5 1 750 751 758 757
1587 3 2 5 1 751 752 759 758
1588 3 2 5 1 752 753 760 759
1589 3 2 5 1 753 754 761 760
1590 3 2 5 1 754 755 762 761
1591 3 2 5 1 135 756 763 136
1592 3 2 5 1 756 757 764 763
1593 3 2 5 1 757 758 765 764
1594 3 2 5 1 758 759 766 765
1595 3 2 5 1 759 760 767 766
1596 3 2 5 1 760 761 768 767
1597 3 2 5 1 761 762 769 768
1598 3 2 5 1 136 763 770 137
1599 3 2 5 1 763 764 771 770
1600 3 2 5 1 764 765 772 771
1601 3 2 5 1 765 766 773 772
1602 3 2 5 1 766 767 774 773
1603 3 2 5 1 767 768 775 774
1604 3 2 5 1 768 769 776 775
1605 3 2 5 1 137 770 777 138
1606 3 2 5 1 770 771 778 777
1607 3 2 5 1 771 772 779 778
1608 3 2 5 1 772 773 780 779
1609 3 2 5 1 773 774 781 780
1610 3 2 5 1 774 775 782 781
1611 3 2 5 1 775 776 783 782
1612 3 2 5 1 138 777 784 139
1613 3 2 5 1 777 778 785 784
1614 3 2 5 1 778 779 786 785
1615 3 2 5 1 779 780 787 786
1616 3 2 5 1 780 781 788 787
1617 3 2 5 1 781 782 789 788
1618 3 2 5 1 782 783 790 789
1619 3 2 5 1 139 784 791 140
1620 3 2 5 1 784 785 792 791
1621 3 2 5 1 785 786 793 792
1622 3 2 5 1 786 787 794 793
1623 3 2 5 1 787 788 795 794
1624 3 2 5 1 788 789 796 795
1625 3 2 5 1 789 790 797 796
1626 3 2 5 1 140 791 798 141
1627 3 2 5 1 791 792 799 798
1628 3 2 5 1 792 793 800 799
1629 3 2 5 1 793 794 801 800
1630 3 2 5 1 794 795 802 801
1631 3 2 5 1 795 796 803 802
1632 3 2 5 1 796 797 804 803
1633 3 2 5 1 141 798 805 142
1634 3 2 5 1 798 799 806 805
1635 3 2 5 1 799 800 807 806
1636 3 2 5 1 800 801 808 807
1637 3 2 5 1 801 802 809 808
1638 3 2 5 1 802 803 810 809
1639 3 2 5 1 803 804 811 810
1640 3 2 5 1 142 805 812 143
1641 3 2 5 1 805 806 813 812
1642 3 2 5 1 806 807 814 813
1643 3 2 5 1 807 808 815 814
1644 3 2 5 1 808 809 816 815
1645 3 2 5 1 809 810 817 816
1646 3 2 5 1 810 811 818 817
1647 3 2 5 1 143 812 819 144
1648 3 2 5 1 812 813 820 819
1649 3 2 5 1 813 814 821 820
1650 3 2 5 1 814 815 822 821
1651 3 2 5 1 815 816 823 822
1652 3 2 5 1 816 817 824 823
1653 3 2 5 1 817 818 825 824
1654 3 2 5 1 102 532 539 103
1655 3 2 5 1 532 533 540 539
1656 3 2 5 1 533 534 541 540
1657 3 2 5 1 534 535 542 541
1658 3 2 5 1 535 536 543 542
1659 3 2 5 1 536 537 544 543
1660 3 2 5 1 537 538 545 544
1661 3 2 5 1 103 539 546 104
1662 3 2 5 1 539 540 547 546
1663 3 2 5 1 540 541 548 547
1664 3 2 5 1 541 542 549 548
1665 3 2 5 1 542 543 550 549
1666 3 2 5 1 543 544 551 550
1667 3 2 5 1 544 545 552 551
1668 3 2 5 1 104 546 553 105
1669 3 2 5 1 546 547 554 553
1670 3 2 5 1 547 548 555 554
1671 3 2 5 1 548 549 556 555
1672 3 2 5 1 549 550 557 556
1673 3 2 5 1 550 551 558 557
1674 3 2 5 1 551 552 559 558
1675 3 2 5 1 146 833 287 6
1676 3 2 5 1 833 834 288 287
1677 3 2 5 1 834 835 289 288
1678 3 2 5 1 835 836 290 289
1679 3 2 5 1 836 837 291 290
1680 3 2 5 1 837 838 292 291
1681 3 2 5 1 838 839 293 292
1682 3 2 5 1 6 154 294 69
1683 3 2 5 1 154 155 295 294
1684 3 2 5 1 155 156 296 295
1685 3 2 5 1 156 157 297 296
1686 3 2 5 1 157 158 298 297
1687 3 2 5 1 158 159 299 298
1688 3 2 5 1 159 160 300 299
1689 3 2 5 1 69 294 301 70
1690 3 2 5 1 294 295 302 301
1691 3 2 5 1 295 296 303 302
1692 3 2 5 1 296 297 304 303
1693 3 2 5 1 297 298 305 304
1694 3 2 5 1 298 299 306 305
1695 3 2 5 1 299 300 307 306
1696 3 2 5 1 70 301 308 71
1697 3 2 5 1 301 302 309 308
1698 3 2 5 1 302 303 310 309
1699 3 2 5 1 303 304 311 310
1700 3 2 5 1 304 305 312 311
1701 3 2 5 1 305 306 313 312
1702 3 2 5 1 306 307 314 313
1703 3 2 5 1 71 308 315 72
1704 3 2 5 1 308 309 316 315
1705 3 2 5 1 309 310 317 316
1706 3 2 5 1 310 311 318 317
1707 3 2 5 1 311 312 319 318
1708 3 2 5 1 312 313 320 319
1709 3 2 5 1 313 314 321 320
1710 3 2 5 1 72 315 322 73
1711 3 2 5 1 315 316 323 322
1712 3 2 5 1 316 317 324 323
1713 3 2 5 1 317 318 325 324
1714 3 2 5 1 318 319 326 325
1715 3 2 5 1 319 320 327 326
1716 3 2 5 1 320 321 328 327
1717 3 2 5 1 73 322 329 74
1718 3 2 5 1 322 323 330 329
1719 3 2 5 1 323 324 331 330
1720 3 2 5 1 324 325 332 331
1721 3 2 5 1 325 326 333 332
1722 3 2 5 1 326 327 334 333
1723 3 2 5 1 327 328 335 334
1724 3 2 5 1 74 329 336 75
1725 3 2 5 1 329 330 337 336
1726 3 2 5 1 330 331 338 337
1727 3 2 5 1 331 332 339 338
1728 3 2 5 1 332 333 340 339
1729 3 2 5 1 333 334 341 340
1730 3 2 5 1 334 335 342 341
1731 3 2 5 1 75 336 350 76
1732 3 2 5 1 336 337 351 350
1733 3 2 5 1 337 338 352 351
1734 3 2 5 1 338 339 353 352
1735 3 2 5 1 339 340 354 353
1736 3 2 5 1 340 341 355 354
1737 3 2 5 1 341 342 356 355
1738 3 2 5 1 76 350 357 77
1739 3 2 5 1 350 351 358 357
1740 3 2 5 1 351 352 359 358
1741 3 2 5 1 352 353 360 359
1742 3 2 5 1 353 354 361 360
1743 3 2 5 1 354 355 362 361
1744 3 2 5 1 355 356 363 362
1745 3 2 5 1 77 357 364 78
1746 3 2 5 1 357 358 365 364
1747 3 2 5 1 358 359 366 365
1748 3 2 5 1 359 360 367 366
1749 3 2 5 1 360 361 368 367
1750 3 2 5 1 361 362 369 368
1751 3 2 5 1 362 363 370 369
1752 3 2 5 1 78 364 371 79
1753 3 2 5 1 364 365 372 371
1754 3 2 5 1 365 366 373 372
1755 3 2 5 1 366 367 374 373
1756 3 2 5 1 367 368 375 374
1757 3 2 5 1 368 369 376 375
1758 3 2 5 1 369 370 377 376
1759 3 2 5 1 79 371 378 80
1760 3 2 5 1 371 372 379 378
1761 3 2 5 1 372 373 380 379
1762 3 2 5 1 373 374 381 380
1763 3 2 5 1 374 375 382 381
1764 3 2 5 1 375 376 383 382
1765 3 2 5 1 376 377 384 383
1766 3 2 5 1 80 378 385 81
1767 3 2 5 1 378 379 386 385
1768 3 2 5 1 379 380 387 386
1769 3 2 5 1 380 381 388 387
1770 3 2 5 1 381 382 389 388
1771 3 2 5 1 382 383 390 389
1772 3 2 5 1 383 384 391 390
1773 3 2 5 1 81 385 392 82
1774 3 2 5 1 385 386 393 392
1775 3 2 5 1 386 387 394 393
1776 3 2 5 1 387 388 395 394
1777 3 2 5 1 388 389 396 395
1778 3 2 5 1 389 390 397 396
1779 3 2 5 1 390 391 398 397
1780 3 2 5 1 82 392 399 83
1781 3 2 5 1 392 393 400 399
1782 3 2 5 1 393 394 401 400
1783 3 2 5 1 394 395 402 401
1784 3 2 5 1 395 396 403 402
1785 3 2 5 1 396 397 404 403
1786 3 2 5 1 397 398 405 404
1787 3 2 5 1 83 399 406 84
1788 3 2 5 1 399 400 407 406
1789 3 2 5 1 400 401 408 407
1790 3 2 5 1 401 402 409 408
1791 3 2 5 1 402 403 410 409
1792 3 2 5 1 403 404 411 410
1793 3 2 5 1 404 405 412 411
1794 3 2 5 1 84 406 413 85
1795 3 2 5 1 406 407 414 413
1796 3 2 5 1 407 408 415 414
1797 3 2 5 1 408 409 416 415
1798 3 2 5 1 409 410 417 416
1799 3 2 5 1 410 411 418 417
1800 3 2 5 1 411 412 419 418
1801 3 2 5 1 85 413 420 86
1802 3 2 5 1 413 414 421 420
1803 3 2 5 1 414 415 422 421
1804 3 2 5 1 415 416 423 422
1805 3 2 5 1 416 417 424 423
1806 3 2 5 1 417 418 425 424
1807 3 2 5 1 418 419 426 425
1808 3 2 5 1 86 420 427 87
1809 3 2 5 1 420 421 428 427
1810 3 2 5 1 421 422 429 428
1811 3 2 5 1 422 423 430 429
1812 3 2 5 1 423 424 431 430
1813 3 2 5 1 424 425 432 431
1814 3 2 5 1 425 426 433 432
1815 3 2 5 1 87 427 434 88
1816 3 2 5 1 427 428 435 434
1817 3 2 5 1 428 429 436 435
1818 3 2 5 1 429 430 437 436
1819 3 2 5 1 430 431 438 437
1820 3 2 5 1 431 432 439 438
1821 3 2 5 1 432 433 440 439
1822 3 2 5 1 88 434 441 89
1823 3 2 5 1 434 435 442 441
1824 3 2 5 1 435 436 443 442
1825 3 2 5 1 436 437 444 443
1826 3 2 5 1 437 438 445 444
1827 3 2 5 1 438 439 446 445
1828 3 2 5 1 439 440 447 446
1829 3 2 5 1 89 441 448 90
1830 3 2 5 1 441 442 449 448
1831 3 2 5 1 442 443 450 449
1832 3 2 5 1 443 444 451 450
1833 3 2 5 1 444 445 452 451
1834 3 2 5 1 445 446 453 452
1835 3 2 5 1 446 447 454 453
1836 3 2 5 1 90 448 455 91
1837 3 2 5 1 448 449 456 455
1838 3 2 5 1 449 450 457 456
1839 3 2 5 1 450 451 458 457
1840 3 2 5 1 451 452 459 458
1841 3 2 5 1 452 453 460 459
1842 3 2 5 1 453 454 461 460
1843 3 2 5 1 91 455 462 92
1844 3 2 5 1 455 456 463 462
1845 3 2 5 1 456 457 464 463
1846 3 2 5 1 457 458 465 464
1847 3 2 5 1 458 459 466 465
1848 3 2 5 1 459 460 467 466
1849 3 2 5 1 460 461 468 467
1850 3 2 5 1 92 462 469 93
1851 3 2 5 1 462 463 470 469
1852 3 2 5 1 463 464 471 470
1853 3 2 5 1 464 465 472 471
1854 3 2 5 1 465 466 473 472
1855 3 2 5 1 466 467 474 473
1856 3 2 5 1 467 468 475 474
1857 3 2 5 1 93 469 476 94
1858 3 2 5 1 469 470 477 476
1859 3 2 5 1 470 471 478 477
1860 3 2 5 1 471 472 479 478
1861 3 2 5 1 472 473 480 479
1862 3 2 5 1 473 474 481 480
1863 3 2 5 1 474 475 482 481
1864 3 2 5 1 94 476 483 95
1865 3 2 5 1 476 477 484 483
1866 3 2 5 1 477 478 485 484
1867 3 2 5 1 478 479 486 485
1868 3 2 5 1 479 480 487 486
1869 3 2 5 1 480 481 488 487
1870 3 2 5 1 481 482 489 488
1871 3 2 5 1 95 483 490 96
1872 3 2 5 1 483 484 491 490
1873 3 2 5 1 484 485 492 491
1874 3 2 5 1 485 486 493 492
1875 3 2 5 1 486 487 494 493
1876 3 2 5 1 487 488 495 494
1877 3 2 5 1 488 489 496 495
1878 3 2 5 1 96 490 497 97
1879 3 2 5 1 490 491 498 497
1880 3 2 5 1 491 492 499 498
1881 3 2 5 1 492 493 500 499
1882 3 2 5 1 493 494 501 500
1883 3 2 5 1 494 495 502 501
1884 3 2 5 1 495 496 503 502
1885 3 2 5 1 97 497 504 98
1886 3 2 5 1 497 498 505 504
1887 3 2 5 1 498 499 506 505
1888 3 2 5 1 499 500 507 506
1889 3 2 5 1 500 501 508 507
1890 3 2 5 1 501 502 509 508
1891 3 2 5 1 502 503 510 509
1892 3 2 5 1 98 504 511 99
1893 3 2 5 1 504 505 512 511
1894 3 2 5 1 505 506 513 512
1895 3 2 5 1 506 507 514 513
1896 3 2 5 1 507 508 515 514
1897 3 2 5 1 508 509 516 515
1898 3 2 5 1 509 510 517 516
1899 3 2 5 1 99 511 518 100
1900 3 2 5 1 511 512 519 518
1901 3 2 5 1 512 513 520 519
1902 3 2 5 1 513 514 521 520
1903 3 2 5 1 514 515 522 521
1904 3 2 5 1 515 516 523 522
1905 3 2 5 1 516 517 524 523
1906 3 2 5 1 100 518 525 101
1907 3 2 5 1 518 519 526 525
1908 3 2 5 1 519 520 527 526
1909 3 2 5 1 520 521 528 527
1910 3 2 5 1 521 522 529 528
1911 3 2 5 1 522 523 530 529
1912 3 2 5 1 523 524 531 530
1913 3 2 5 1 101 525 532 102
1914 3 2 5 1 525 526 533 532
1915 3 2 5 1 526 527 534 533
1916 3 2 5 1 527 528 535 534
1917 3 2 5 1 528 529 536 535
1918 3 2 5 1 529 530 537 536
1919 3 2 5 1 530 531 538 537
1920 3 2 5 1 105 553 560 106
1921 3 2 5 1 553 554 561 560
1922 3 2 5 1 554 555 562 561
1923 3 2 5 1 555 556 563 562
1924 3 2 5 1 556 557 564 563
1925 3 2 5 1 557 558 565 564
1926 3 2 5 1 558 559 566 565
1927 3 2 5 1 106 560 567 107
1928 3 2 5 1 560 561 568 567
1929 3 2 5 1 561 562 569 568
1930 3 2 5 1 562 563 570 569
1931 3 2 5 1 563 564 571 570
1932 3 2 5 1 564 565 572 571
1933 3 2 5 1 565 566 573 572
1934 3 2 5 1 107 567 147 5
1935 3 2 5 1 567 568 148 147
1936 3 2 5 1 568 569 149 148
1937 3 2 5 1 569 570 150 149
1938 3 2 5 1 570 571 151 150
1939 3 2 5 1 571 572 152 151
1940 3 2 5 1 572 573 153 152
1941 3 2 5 1 154 161 162 155
1942 3 2 5 1 155 162 163 156
1943 3 2 5 1 156 163 164 157
1944 3 2 5 1 157 164 165 158
1945 3 2 5 1 158 165 166 159
1946 3 2 5 1 159 166 167 160
1947 3 2 5 1 161 168 169 162
1948 3 2 5 1 162 169 170 163
1949 3 2 5 1 163 170 171 164
1950 3 2 5 1 164 171 172 165
1951 3 2 5 1 165 172 173 166
1952 3 2 5 1 166 173 174 167
1953 3 2 5 1 168 175 176 169
1954 3 2 5 1 169 176 177 170
1955 3 2 5 1 170 177 178 171
1956 3 2 5 1 171 178 179 172
1957 3 2 5 1 172 179 180 173
1958 3 2 5 1 173 180 181 174
1959 3 2 5 1 175 182 183 176
1960 3 2 5 1 176 183 184 177
1961 3 2 5 1 177 184 185 178
1962 3 2 5 1 178 185 186 179
1963 3 2 5 1 179 186 187 180
1964 3 2 5 1 180 187 188 181
1965 3 2 5 1 182 189 190 183
1966 3 2 5 1 183 190 191 184
1967 3 2 5 1 184 191 192 185
1968 3 2 5 1 185 192 193 186
1969 3 2 5 1 186 193 194 187
1970 3 2 5 1 187 194 195 188
1971 3 2 5 1 189 196 197 190
1972 3 2 5 1 190 197 198 191
1973 3 2 5 1 191 198 199 192
1974 3 2 5 1 192 199 200 193
1975 3 2 5 1 193 200 201 194
1976 3 2 5 1 194 201 202 195
1977 3 2 5 1 196 203 204 197
1978 3 2 5 1 197 204 205 198
1979 3 2 5 1 198 205 206 199
1980 3 2 5 1 199 206 207 200
1981 3 2 5 1 200 207 208 201
1982 3 2 5 1 201 208 209 202
1983 3 2 5 1 203 210 211 204
1984 3 2 5 1 204 211 212 205
1985 3 2 5 1 205 212 213 206
1986 3 2 5 1 206 213 214 207
1987 3 2 5 1 207 214 215 208
1988 3 2 5 1 208 215 216 209
1989 3 2 5 1 210 217 218 211
1990 3 2 5 1 211 218 219 212
1991 3 2 5 1 212 219 220 213
1992 3 2 5 1 213 220 221 214
1993 3 2 5 1 214 221 222 215
1994 3 2 5 1 215 222 223 216
1995 3 2 5 1 217 224 225 218
1996 3 2 5 1 218 225 226 219
1997 3 2 5 1 219 226 227 220
1998 3 2 5 1 220 227 228 221
1999 3 2 5 1 221 228 229 222
2000 3 2 5 1 222 229 230 223
2001 3 2 5 1 224 231 232 225
2002 3 2 5 1 225 232 233 226
2003 3 2 5 1 226 233 234 227
2004 3 2 5 1 227 234 235 228
2005 3 2 5 1 228 235 236 229
2006 3 2 5 1 229 236 237 230
2007 3 2 5 1 231 238 239 232
2008 3 2 5 1 232 239 240 233
2009 3 2 5 1 233 240 241 234
2010 3 2 5 1 234 241 242 235
2011 3 2 5 1 235 242 243 236
2012 3 2 5 1 236 243 244 237
2013 3 2 5 1 238 245 246 239
2014 3 2 5 1 239 246 247 240
2015 3 2 5 1 240 247 248 241
2016 3 2 5 1 241 248 249 242
2017 3 2 5 1 242 249 250 243
2018 3 2 5 1 243 250 251 244
2019 3 2 5 1 245 252 253 246
2020 3 2 5 1 246 253 254 247
2021 3 2 5 1 247 254 255 248
2022 3 2 5 1 248 255 256 249
2023 3 2 5 1 249 256 257 250
2024 3 2 5 1 250 257 258 251
2025 3 2 5 1 252 259 260 253
2026 3 2 5 1 253 260 261 254
2027 3 2 5 1 254 261 262 255
2028 3 2 5 1 255 262 263 256
2029 3 2 5 1 256 263 264 257
2030 3 2 5 1 257 264 265 258
2031 3 2 5 1 259 266 267 260
2032 3 2 5 1 260 267 268 261
2033 3 2 5 1 261 268 269 262
2034 3 2 5 1 262 269 270 263
2035 3 2 5 1 263 270 271 264
2036 3 2 5 1 264 271 272 265
2037 3 2 5 1 266 273 274 267
2038 3 2 5 1 267 274 275 268
2039 3 2 5 1 268 275 276 269
2040 3 2 5 1 269 276 277 270
2041 3 2 5 1 270 277 278 271
2042 3 2 5 1 271 278 279 272
2043 3 2 5 1 273 280 281 274
2044 3 2 5 1 274 281 282 275
2045 3 2 5 1 275 282 283 276
2046 3 2 5 1 276 283 284 277
2047 3 2 5 1 277 284 285 278
2048 3 2 5 1 278 285 286 279
2049 3 2 5 1 280 287 288 281
2050 3 2 5 1 281 288 289 282
2051 3 2 5 1 282 289 290 283
2052 3 2 5 1 283 290 291 284
2053 3 2 5 1 284 291 292 285
2054 3 2 5 1 285 292 293 286
$EndElements
