x,y,u,v,w,p,fluid
0.20833333333333334,0.1875,0.9996992827902162,0.00027064548858367804,0.0,0.4688800692978092,1
0.625,0.1875,0.9995378611814268,-0.0001253660411285348,0.0,0.5189996042617712,1
1.0416666666666667,0.1875,0.9997936582246318,-0.00010485129808215931,0.0,0.545903205726669,1
1.4583333333333335,0.1875,0.9999469680675487,-3.312756068832556e-05,0.0,0.5533899001564531,1
1.875,0.1875,0.999989073220503,-4.767077052195005e-06,0.0,0.5547418611352225,1
2.291666666666667,0.1875,0.9999890934897736,4.748834900251096e-06,0.0,0.5552110300726202,1
2.7083333333333335,0.1875,0.9999739217588953,8.90572296261894e-06,0.0,0.5565596128396262,1
3.125,0.1875,0.9999523154718282,1.0539935251347777e-05,0.0,0.5595574035900676,1
3.541666666666667,0.1875,0.9999562707016645,-1.4099641932734564e-05,0.0,0.5645070342016109,1
3.9583333333333335,0.1875,0.9999160237755254,5.032187552339335e-05,0.0,0.5668456199793283,1
4.375,0.1875,1.0011221922673377,-0.001135873518057336,0.0,0.578503071614061,1
4.791666666666667,0.1875,1.0019007227344487,0.0004351960977899182,0.0,0.37981357542303384,1
5.208333333333334,0.1875,1.0020321072658378,-0.0005534421761263083,0.0,0.2617159492059152,1
5.625,0.1875,1.0018039747576604,0.0007587614333142993,0.0,0.04112903111672742,1
6.041666666666667,0.1875,1.0004941142407657,0.00042011303167126853,0.0,-0.038946510404158835,1
6.458333333333334,0.1875,0.999914352062703,0.00010167292845412752,0.0,-0.041223342344229995,1
6.875,0.1875,0.9998037976004241,-2.1739124783574752e-06,0.0,-0.024671854187970712,1
7.291666666666667,0.1875,0.999830363656649,-2.1735538194904327e-05,0.0,-0.008522942414910074,1
7.708333333333334,0.1875,0.9998767881249445,-2.0046483555798394e-05,0.0,0.0036008697038531967,1
8.125,0.1875,0.9999159001543425,-1.5154343299431604e-05,0.0,0.012012370094338993,1
8.541666666666668,0.1875,0.9999449431165519,-1.0984322735158438e-05,0.0,0.017617510646763132,1
8.958333333333334,0.1875,0.9999659861116078,-7.954373058242134e-06,0.0,0.021188517335687204,1
9.375,0.1875,0.9999812782294926,-5.80853348631282e-06,0.0,0.023286492045457505,1
9.791666666666668,0.1875,0.9999924728781666,-4.266650664388935e-06,0.0,0.024308812420265405,1
10.208333333333334,0.1875,1.000000691627855,-3.1302244793920844e-06,0.0,0.024541012351016023,1
10.625,0.1875,1.00000669419686,-2.2720879320425012e-06,0.0,0.024193541111093377,1
11.041666666666668,0.1875,1.0000110099786828,-1.6121158317984282e-06,0.0,0.023425312874377074,1
11.458333333333334,0.1875,1.0000140221424452,-1.0988313607653e-06,0.0,0.022358544663956797,1
11.875,0.1875,1.000016018519204,-6.979075704874148e-07,0.0,0.02108828913351851,1
12.291666666666668,0.1875,1.0000172222110648,-3.8541500947429977e-07,0.0,0.01968879146329463,1
12.708333333333334,0.1875,1.0000178103576065,-1.4391676060682905e-07,0.0,0.018217920622739688,1
13.125,0.1875,1.0000179260332,3.980852494896831e-08,0.0,0.0167203985288842,1
13.541666666666668,0.1875,1.000017686110161,1.7612174362316435e-07,0.0,0.015230248422725915,1
13.958333333333334,0.1875,1.0000171866929612,2.733536143463368e-07,0.0,0.013772713502049831,1
14.375,0.1875,1.0000165070472598,3.3832747432395975e-07,0.0,0.012365799595865215,1
14.791666666666668,0.1875,1.0000157125695026,3.76702292056694e-07,0.0,0.01102153895878601,1
15.208333333333334,0.1875,1.0000148571206497,3.9320148657810125e-07,0.0,0.009747038012095767,1
15.625,0.1875,1.0000139849220049,3.917771356030891e-07,0.0,0.008545352183820954,1
16.041666666666668,0.1875,1.0000131321292858,3.757361548068507e-07,0.0,0.007416217677932075,1
16.458333333333336,0.1875,1.0000123281225082,3.478698178536133e-07,0.0,0.006356663969537156,1
16.875,0.1875,1.0000115964164702,3.1066542741184383e-07,0.0,0.005361530593240312,1
17.291666666666668,0.1875,1.0000109546922862,2.6688604137783473e-07,0.0,0.0044239278911575855,1
17.708333333333336,0.1875,1.0000104120467883,2.2149474352737585e-07,0.0,0.0035357485455647236,1
18.125,0.1875,1.0000099560335862,1.889172041133535e-07,0.0,0.0026885867597656664,1
18.541666666666668,0.1875,1.0000095105035833,2.1205974341185985e-07,0.0,0.0018764096145230716,1
18.958333333333336,0.1875,1.0000086698653876,5.445145540519448e-07,0.0,0.00110350282922798,1
19.375,0.1875,1.0000069327175636,1.0189186129303565e-06,0.0,0.0004314320499172782,1
19.791666666666668,0.1875,1.0000022768917112,3.171324782262501e-06,0.0,-5.195009805091522e-05,1
0.20833333333333334,0.5625,1.0002094183278045,0.00035281448201139945,0.0,0.42828324601025747,1
0.625,0.5625,1.0020028253837596,-0.0016763219376968674,0.0,0.4753529766301014,1
1.0416666666666667,0.5625,1.0055580639455366,-0.0019838274464087985,0.0,0.487621698167367,1
1.4583333333333335,0.5625,1.009603164189502,-0.0019327204906937772,0.0,0.4862210295720182,1
1.875,0.5625,1.0138400728843746,-0.0019562866099925224,0.0,0.48245023688540883,1
2.291666666666667,0.5625,1.0182878952717003,-0.0020467900228715212,0.0,0.47813199497172065,1
2.7083333333333335,0.5625,1.0230242031695447,-0.002188577969209673,0.0,0.4735936284170704,1
3.125,0.5625,1.0281507454591954,-0.002386418774756084,0.0,0.4690101002609079,1
3.541666666666667,0.5625,1.0338143774674053,-0.0027179694462306815,0.0,0.46534218239427744,1
3.9583333333333335,0.5625,1.0400286772020162,-0.0028024558475929855,0.0,0.45506541620056806,1
4.375,0.5625,1.0481468578120456,-0.006675009986129974,0.0,0.5002495694803143,1
4.791666666666667,0.5625,1.0540551556395148,-4.381289869884918e-05,0.0,0.3115058283738907,1
5.208333333333334,0.5625,1.0558878826882339,-0.0018421336015558302,0.0,0.27605619035529466,1
5.625,0.5625,1.0536007943468066,0.004311151623082779,0.0,0.08748496494447837,1
6.041666666666667,0.5625,1.0469645001192447,0.004019262111446535,0.0,0.04789024019446692,1
6.458333333333334,0.5625,1.0404270329388559,0.0029080302708803774,0.0,0.052052760090276214,1
6.875,0.5625,1.0349382555751139,0.0022308673882967425,0.0,0.05896062736893419,1
7.291666666666667,0.5625,1.03037469925648,0.0018285143970681657,0.0,0.06306983878522654,1
7.708333333333334,0.5625,1.0265237902913262,0.0015537396279883251,0.0,0.06471280486902167,1
8.125,0.5625,1.0232247934433794,0.0013449558812910346,0.0,0.06460835558601022,1
8.541666666666668,0.5625,1.0203653331646958,0.0011762810371952258,0.0,0.063288996175318,1
8.958333333333334,0.5625,1.0178662249516508,0.0010350389629230252,0.0,0.06112163567834913,1
9.375,0.5625,1.015669996927876,0.0009140404452989521,0.0,0.058364858902325095,1
9.791666666666668,0.5625,1.0137333726036455,0.0008087710780278189,0.0,0.055208409606600214,1
10.208333333333334,0.5625,1.0120225241853313,0.0007161987482814016,0.0,0.051796668642627434,1
10.625,0.5625,1.0105100921556267,0.0006341854535674062,0.0,0.04824225031155966,1
11.041666666666668,0.5625,1.009173296010696,0.0005611626692912919,0.0,0.044634065604271904,1
11.458333333333334,0.5625,1.007992715131223,0.0004959382279464987,0.0,0.041042377628354686,1
11.875,0.5625,1.0069514849221997,0.00043757548237474697,0.0,0.0375222141434159,1
12.291666666666668,0.5625,1.0060347548442388,0.00038531494264863064,0.0,0.03411585600648201,1
12.708333333333334,0.5625,1.0052293150987777,0.0003385221645720052,0.0,0.03085477992706321,1
13.125,0.5625,1.004523334114717,0.00029665250449593147,0.0,0.02776125731875414,1
13.541666666666668,0.5625,1.0039061700127063,0.0002592270479474206,0.0,0.02484971884812979,1
13.958333333333334,0.5625,1.0033682320098525,0.000225816105311996,0.0,0.02212794510183035,1
14.375,0.5625,1.0029008757550644,0.00019602788625866583,0.0,0.01959811734231848,1
14.791666666666668,0.5625,1.0024963217929517,0.00016950073945947068,0.0,0.017257747086604713,1
15.208333333333334,0.5625,1.0021475898441141,0.00014589782230852477,0.0,0.015100495685426938,1
15.625,0.5625,1.0018484439873707,0.000124903406227357,0.0,0.013116890307321065,1
16.041666666666668,0.5625,1.0015933455052621,0.00010622025457401589,0.0,0.011294941363958194,1
16.458333333333336,0.5625,1.0013774113387566,8.956770719292715e-05,0.0,0.009620665469698277,1
16.875,0.5625,1.0011963769543217,7.468030898032148e-05,0.0,0.008078519557445535,1
17.291666666666668,0.5625,1.0010465630892051,6.130727209491978e-05,0.0,0.006651753371105439,1
17.708333333333336,0.5625,1.0009248465795912,4.9214347656617545e-05,0.0,0.0053226974672258036,1
18.125,0.5625,1.0008286365832655,3.819547273896433e-05,0.0,0.004073012897634269,1
18.541666666666668,0.5625,1.000755869094215,2.809722098665082e-05,0.0,0.002884353063779808,1
18.958333333333336,0.5625,1.0007049411839442,1.925104624441793e-05,0.0,0.0017350708477720657,1
19.375,0.5625,1.0006758829443578,1.0028235047289234e-05,0.0,0.0006515482200096279,1
19.791666666666668,0.5625,1.0006603109276826,1.2367066127695639e-05,0.0,-0.00015469485335838722,1
0.20833333333333334,0.9375,1.0000714420853245,0.00010004010992461953,0.0,0.41595789699609925,1
0.625,0.9375,1.0017599451588204,-0.004557266682589106,0.0,0.47597432841674353,1
1.0416666666666667,0.9375,1.0053774882399544,-0.005558386180664385,0.0,0.48813119411371025,1
1.4583333333333335,0.9375,1.0094805055562075,-0.005691467561008421,0.0,0.4866453663537618,1
1.875,0.9375,1.013777148143829,-0.005877735693913021,0.0,0.48286820185371115,1
2.291666666666667,0.9375,1.0182911812871969,-0.006191010916390825,0.0,0.47855787048832776,1
2.7083333333333335,0.9375,1.0231039250073335,-0.006638503531713448,0.0,0.474040428287563,1
3.125,0.9375,1.0283214457499825,-0.0072461499411919225,0.0,0.46950673113530805,1
3.541666666666667,0.9375,1.0340948208809877,-0.008151544704988922,0.0,0.4659349586630443,1
3.9583333333333335,0.9375,1.0404425770269765,-0.008674730881005255,0.0,0.4559158903004606,1
4.375,0.9375,1.048730747009364,-0.015568450484980604,0.0,0.5020797627409103,1
4.791666666666667,0.9375,1.0547052584352463,-0.001844900726884084,0.0,0.3087107528402436,1
5.208333333333334,0.9375,1.0565209735276793,-0.0033246436999955914,0.0,0.27619694569799513,1
5.625,0.9375,1.0541716350392765,0.009966445868213,0.0,0.08515035980955382,1
6.041666666666667,0.9375,1.0473939054759578,0.010436589277872294,0.0,0.04687561725608856,1
6.458333333333334,0.9375,1.0407349531815444,0.00836748063166784,0.0,0.051751581261796915,1
6.875,0.9375,1.0351449344525534,0.006742333510885416,0.0,0.058968939575077366,1
7.291666666666667,0.9375,1.0305001211419982,0.005604580941060694,0.0,0.06321550592587172,1
7.708333333333334,0.9375,1.026586520168506,0.00476573202913453,0.0,0.064898097536294,1
8.125,0.9375,1.0232403649574047,0.004113600333201304,0.0,0.06477266772181925,1
8.541666666666668,0.9375,1.020345958897952,0.0035861162895162047,0.0,0.06339740501792986,1
8.958333333333334,0.9375,1.017821263733548,0.003146626750271078,0.0,0.061157150243783,1
9.375,0.9375,1.0156066074941212,0.0027722484944677443,0.0,0.058322296964164605,1
9.791666666666668,0.9375,1.013657090628734,0.002448090099178707,0.0,0.055089953079732565,1
10.208333333333334,0.9375,1.0119376928524741,0.002164101302276694,0.0,0.05160886946927214,1
10.625,0.9375,1.010420159170952,0.0019132520397017504,0.0,0.04799408933283215,1
11.041666666666668,0.9375,1.009081012762509,0.0016904443813827586,0.0,0.04433570384299873,1
11.458333333333334,0.9375,1.0079002716431122,0.001491846315153754,0.0,0.040704343541091224,1
11.875,0.9375,1.0068606052377165,0.0013144743483236082,0.0,0.03715486500721152,1
12.291666666666668,0.9375,1.0059467687633905,0.001155925973811148,0.0,0.033729017956554086,1
12.708333333333334,0.9375,1.0051452157831928,0.0010142045865330278,0.0,0.030457510808204254,1
13.125,0.9375,1.0044438269378486,0.0008876029289618162,0.0,0.027361699158120287,1
13.541666666666668,0.9375,1.0038317155540417,0.0007746245607591663,0.0,0.024455018703788203,1
13.958333333333334,0.9375,1.0032990846825562,0.0006739305794355887,0.0,0.021744229363294235,1
14.375,0.9375,1.0028371187920033,0.0005843033428718696,0.0,0.01923050795822485,1
14.791666666666668,0.9375,1.0024378989310212,0.000504621723500915,0.0,0.016910410262555003,1
15.208333333333334,0.9375,1.002094333870474,0.00043384414651785114,0.0,0.01477671444309626,1
15.625,0.9375,1.0018001022567895,0.0003709968053270141,0.0,0.012819153710131174,1
16.041666666666668,0.9375,1.0015496025476434,0.0003151652275080536,0.0,0.011025043577503736,1
16.458333333333336,0.9375,1.0013379087165009,0.00026548793195063793,0.0,0.009379809104581723,1
16.875,0.9375,1.0011607305712253,0.00022115136090028085,0.0,0.007867417726776585,1
17.291666666666668,0.9375,1.0010143781799759,0.00018138585073587844,0.0,0.006470726058293774,1
17.708333333333336,0.9375,1.0008957305488397,0.00014546349558357724,0.0,0.005171755226299922,1
18.125,0.9375,1.0008022095382314,0.00011270423135062993,0.0,0.0039519155676602784,1
18.541666666666668,0.9375,1.0007317701238434,8.247467599584186e-05,0.0,0.0027925815036653227,1
18.958333333333336,0.9375,1.0006828279059634,5.47567070316835e-05,0.0,0.001671751520998012,1
19.375,0.9375,1.000655421607196,2.5340658939370968e-05,0.0,0.0006156195553598491,1
19.791666666666668,0.9375,1.000639657734973,2.5256942029507582e-05,0.0,-0.00021858725466930505,1
0.20833333333333334,1.3125,1.00002705358124,1.1394009876813197e-05,0.0,0.41327722952156454,1
0.625,1.3125,1.0017059457719277,-0.0074992763206813765,0.0,0.47841773604389715,1
1.0416666666666667,1.3125,1.0053864334851768,-0.009184604258250236,0.0,0.49015967612570893,1
1.4583333333333335,1.3125,1.0095479889624825,-0.009503364998322937,0.0,0.4884751582555042,1
1.875,1.3125,1.013913125528955,-0.009861439495769175,0.0,0.48460352607489693,1
2.291666666666667,1.3125,1.018514875307167,-0.010411511743884744,0.0,0.4802140066707986,1
2.7083333333333335,1.3125,1.0234421555617246,-0.011184024281441506,0.0,0.47564008887515,1
3.125,1.3125,1.0288087704817155,-0.012226351287976974,0.0,0.47110637792398025,1
3.541666666666667,1.3125,1.0347716444020238,-0.013733967504042311,0.0,0.4676149660903018,1
3.9583333333333335,1.3125,1.041354513561544,-0.014729870856442697,0.0,0.4579827827604551,1
4.375,1.3125,1.049919846332103,-0.02468146298649711,0.0,0.5049988069151211,1
4.791666666666667,1.3125,1.0559891678938902,-0.003571337913588317,0.0,0.30455356568366426,1
5.208333333333334,1.3125,1.0577505264570228,-0.004817572803017235,0.0,0.27615938590576933,1
5.625,1.3125,1.0552605479975812,0.01581476022419297,0.0,0.08152764327849653,1
6.041666666666667,1.3125,1.0482181867444058,0.01702635665672668,0.0,0.045260582142881096,1
6.458333333333334,1.3125,1.0413234938303275,0.01397599394042584,0.0,0.051223381556880235,1
6.875,1.3125,1.0355320006695337,0.01137718090313,0.0,0.058949864661063105,1
7.291666666666667,1.3125,1.030723706363172,0.009477530404751366,0.0,0.06343467852923898,1
7.708333333333334,1.3125,1.0266836417221328,0.00805108161930478,0.0,0.06518411480640277,1
8.125,1.3125,1.0232428092583628,0.006936539650871248,0.0,0.06501353844140152,1
8.541666666666668,1.3125,1.0202790978002412,0.006035482737823358,0.0,0.06352714091422806,1
8.958333333333334,1.3125,1.0177046501561686,0.005286488829504714,0.0,0.061143540775588485,1
9.375,1.3125,1.0154551483503975,0.004650128655809079,0.0,0.05815597070131248,1
9.791666666666668,1.3125,1.0134821916142862,0.0041004361792803465,0.0,0.05477597279602147,1
10.208333333333334,1.3125,1.011748166526687,0.0036198357997215087,0.0,0.05116088341264091,1
10.625,1.3125,1.0102228791729768,0.0031960564742682727,0.0,0.04743047096721237,1
11.041666666666668,1.3125,1.0088813653440123,0.002820234160952634,0.0,0.04367705328451829,1
11.458333333333334,1.3125,1.0077024656649414,0.002485733254541787,0.0,0.03997186591285484,1
11.875,1.3125,1.0066678904617703,0.002187404856881852,0.0,0.036369305592225294,1
12.291666666666668,1.3125,1.0057615970694316,0.0019211123452046912,0.0,0.032909959132240124,1
12.708333333333334,1.3125,1.0049693672430062,0.0016834227414112598,0.0,0.029622916396196818,1
13.125,1.3125,1.0042785137762387,0.0014714028554204286,0.0,0.0265276378892165,1
13.541666666666668,1.3125,1.0036776713573814,0.001282483056667682,0.0,0.023635524286862913,1
13.958333333333334,1.3125,1.0031566428273,0.0011143655448919544,0.0,0.020951267445739174,1
14.375,1.3125,1.0027062821349184,0.0009649623018263801,0.0,0.01847402743819976,1
14.791666666666668,1.3125,1.0023184017629108,0.0008323529736113697,0.0,0.016198459955204286,1
15.208333333333334,1.3125,1.0019856966207532,0.0007147560782032509,0.0,0.014115608706465601,1
15.625,1.3125,1.0017016792212101,0.0006105089854252252,0.0,0.012213672013965005,1
16.041666666666668,1.3125,1.0014606228659564,0.0005180535052767515,0.0,0.010478651000363397,1
16.458333333333336,1.3125,1.001257510870808,0.00043592489805675436,0.0,0.008894885920493104,1
16.875,1.3125,1.0010879907571724,0.00036274282837227625,0.0,0.007445488081573172,1
17.291666666666668,1.3125,1.0009483329805282,0.0002972035349804509,0.0,0.006112676416024792,1
17.708333333333336,1.3125,1.000835394355601,0.00023807344247965559,0.0,0.004878033402869231,1
18.125,1.3125,1.0007465869911398,0.00018418982287390692,0.0,0.0037226973141761136,1
18.541666666666668,1.3125,1.0006798621920343,0.00013443687784974205,0.0,0.002627840369061316,1
18.958333333333336,1.3125,1.0006336341381032,8.844775113717944e-05,0.0,0.001571456420997,1
19.375,1.3125,1.000607878651687,3.949522266259884e-05,0.0,0.0005774294955551003,1
19.791666666666668,1.3125,1.0005929297577287,3.874386845101488e-05,0.0,-0.0002162560413334072,1
0.20833333333333334,1.6875,1.0000128992846082,-2.456356923237979e-05,0.0,0.4142487955145773,1
0.625,1.6875,1.0017247981430453,-0.01051503068574406,0.0,0.4824580102979358,1
1.0416666666666667,1.6875,1.0054889651796373,-0.012869039168254447,0.0,0.49347996565369556,1
1.4583333333333335,1.6875,1.0097284722697868,-0.01337988639931801,0.0,0.49149593733741015,1
1.875,1.6875,1.0141896283569447,-0.013928581483319153,0.0,0.4874545498791474,1
2.291666666666667,1.6875,1.0189192450970408,-0.014742599622833003,0.0,0.48290454594330734,1
2.7083333333333335,1.6875,1.0240171289684206,-0.01587558411557272,0.0,0.4781904284548158,1
3.125,1.6875,1.0296069822259415,-0.017395612813179258,0.0,0.4735799240495298,1
3.541666666666667,1.6875,1.0358507662195187,-0.01955069810111275,0.0,0.4700847639839759,1
3.9583333333333335,1.6875,1.0427757706802554,-0.021070226517180414,0.0,0.4609190105995201,1
4.375,1.6875,1.0517092350287682,-0.034090024732554125,0.0,0.5079359478270559,1
4.791666666666667,1.6875,1.0578878586518103,-0.005185926833620111,0.0,0.29883889159107874,1
5.208333333333334,1.6875,1.0595562442782018,-0.0062897536533754045,0.0,0.2754749334739821,1
5.625,1.6875,1.056857123190463,0.021957130666728067,0.0,0.07700529036498242,1
6.041666666666667,1.6875,1.0494543834442944,0.023884577113316274,0.0,0.04355310587248202,1
6.458333333333334,1.6875,1.0422285292270754,0.019826265901643474,0.0,0.05081140150903928,1
6.875,1.6875,1.036141304874284,0.01621775470403585,0.0,0.05911996538252724,1
7.291666666666667,1.6875,1.0310850730796817,0.013515030094914454,0.0,0.0638680151440279,1
7.708333333333334,1.6875,1.026848618500198,0.01146244922803939,0.0,0.06566556529068554,1
8.125,1.6875,1.0232583078504407,0.009853200844686626,0.0,0.06539552869939157,1
8.541666666666668,1.6875,1.0201840495184182,0.008552994354947552,0.0,0.0637208410107077,1
8.958333333333334,1.6875,1.0175298641468251,0.007474746926264764,0.0,0.061106167222504205,1
9.375,1.6875,1.0152245002813152,0.006561249663236514,0.0,0.05787713119236203,1
9.791666666666668,1.6875,1.0132140908727907,0.005774344702228426,0.0,0.054266236759072335,1
10.208333333333334,1.6875,1.011456850948966,0.005088065787334386,0.0,0.05044340514954444,1
10.625,1.6875,1.0099194138215855,0.004484278520060752,0.0,0.046535269833369405,1
11.041666666666668,1.6875,1.0085743659087734,0.003949917683131088,0.0,0.04263723452864553,1
11.458333333333334,1.6875,1.0073986116825426,0.0034752382470808964,0.0,0.038821146097193934,1
11.875,1.6875,1.0063722935978598,0.003052703823335973,0.0,0.035140389416245185,1
12.291666666666668,1.6875,1.0054780749092704,0.0026762742511520768,0.0,0.03163347854869152,1
12.708333333333334,1.6875,1.004700656871002,0.0023409439134875216,0.0,0.028326756486510105,1
13.125,1.6875,1.004026446574661,0.0020424390704013046,0.0,0.025236543385699837,1
13.541666666666668,1.6875,1.0034433216065453,0.0017770174901544982,0.0,0.02237091908663338,1
13.958333333333334,1.6875,1.0029404571146099,0.0015413348310911253,0.0,0.019731240274820382,1
14.375,1.6875,1.0025081932992213,0.0013323550723502281,0.0,0.017313447420592275,1
14.791666666666668,1.6875,1.002137929286099,0.0011472901495618035,0.0,0.01510919163267828,1
15.208333333333334,1.6875,1.0018220344632698,0.0009835588702858476,0.0,0.013106800024961755,1
15.625,1.6875,1.001553771709574,0.0008387583312470946,0.0,0.01129209164796745,1
16.041666666666668,1.6875,1.0013272291370763,0.0007106431948024813,0.0,0.00964905391709098,1
16.458333333333336,1.6875,1.0011372584316085,0.0005971096392327244,0.0,0.008160389232277557,1
16.875,1.6875,1.0009794188375383,0.0004961818243131289,0.0,0.006807941458518019,1
17.291666666666668,1.6875,1.0008499264807793,0.0004059996592667323,0.0,0.005573013880630634,1
17.708333333333336,1.6875,1.0007456092655076,0.0003248075744324304,0.0,0.0044365943940368885,1
18.125,1.6875,1.0006638680893505,0.0002509493774918412,0.0,0.003379503998888246,1
18.541666666666668,1.6875,1.0006026522424976,0.00018282390457857988,0.0,0.0023827628674216663,1
18.958333333333336,1.6875,1.0005603822418951,0.00011970897339598082,0.0,0.0014246838589661401,1
19.375,1.6875,1.000536930895537,5.252014985318538e-05,0.0,0.0005249012240900867,1
19.791666666666668,1.6875,1.0005233622110226,5.1384761928633204e-05,0.0,-0.00019660245420147397,1
0.20833333333333334,2.0625,1.0000084779189518,-4.380305223670796e-05,0.0,0.4169617649064215,1
0.625,2.0625,1.0017810868896524,-0.013631848248511458,0.0,0.48813246983401326,1
1.0416666666666667,2.0625,1.0056600838444747,-0.016631069197671128,0.0,0.498091507541767,1
1.4583333333333335,2.0625,1.0100072208454973,-0.017345836052185863,0.0,0.4956991194775188,1
1.875,2.0625,1.0146035076865991,-0.01811433046599137,0.0,0.49139801820875206,1
2.291666666666667,2.0625,1.0195138742219596,-0.019232835588064556,0.0,0.48657791849655174,1
2.7083333333333335,2.0625,1.0248512514183092,-0.020777083111099534,0.0,0.48159300359359863,1
3.125,2.0625,1.0307491353355367,-0.022833077274542556,0.0,0.4767547330965341,1
3.541666666666667,2.0625,1.037369775911817,-0.02569121575229718,0.0,0.47304889675528417,1
3.9583333333333335,2.0625,1.0447389720913678,-0.02779448944223096,0.0,0.4643294134269303,1
4.375,2.0625,1.054097313041018,-0.043828386575795145,0.0,0.5096213448596287,1
4.791666666666667,2.0625,1.0603676076159765,-0.006651591368547796,0.0,0.29145382730846753,1
5.208333333333334,2.0625,1.0618905382040058,-0.007696273711630855,0.0,0.2737140180947676,1
5.625,2.0625,1.058918033019322,0.02846811436988038,0.0,0.07223199539561259,1
6.041666666666667,2.0625,1.0510913484228057,0.03108007531797604,0.0,0.04251633499182197,1
6.458333333333334,2.0625,1.0434648686804189,0.025997868260278292,0.0,0.05102376055740619,1
6.875,2.0625,1.0369987502863736,0.021344160817321725,0.0,0.05978594571050662,1
7.291666666666667,2.0625,1.0316105115383971,0.017788647469787578,0.0,0.06469474185637857,1
7.708333333333334,2.0625,1.0271024000297506,0.01505894133261134,0.0,0.06644223866529064,1
8.125,2.0625,1.0233004200602345,0.01290977029743833,0.0,0.06596718337437615,1
8.541666666666668,2.0625,1.0200671520386382,0.011173198620120402,0.0,0.06399205032227116,1
8.958333333333334,2.0625,1.0172972602580042,0.009736212097520113,0.0,0.06103336439413536,1
9.375,2.0625,1.0149105979079436,0.008522608085583116,0.0,0.05745547229772895,1
9.791666666666668,2.0625,1.0128457911657862,0.007480680815447846,0.0,0.05351679952048086,1
10.208333333333334,2.0625,1.0110550601655435,0.006574903506096728,0.0,0.049403009485197144,1
10.625,2.0625,1.0095003484942153,0.005780374720797718,0.0,0.04524916182558762,1
11.041666666666668,2.0625,1.0081505714701988,0.0050791639261277294,0.0,0.04115409882661121,1
11.458333333333334,2.0625,1.0069797233171371,0.0044579341455779605,0.0,0.037189790495363875,1
11.875,2.0625,1.0059656003588286,0.003906404863008913,0.0,0.03340756922310751,1
12.291666666666668,2.0625,1.0050889459452623,0.003416359002764771,0.0,0.02984249378843464,1
12.708333333333334,2.0625,1.0043328749131835,0.002980999324609733,0.0,0.02651658776371713,1
13.125,2.0625,1.0036824793295098,0.002594528950804045,0.0,0.023441380443383734,1
13.541666666666668,2.0625,1.003124550187556,0.0022518763086153094,0.0,0.0206199865347097,1
13.958333333333334,2.0625,1.00264737272488,0.0019485137714557572,0.0,0.01804885374902145,1
14.375,2.0625,1.0022405684272369,0.0016803374334924716,0.0,0.01571924730703788,1
14.791666666666668,2.0625,1.0018949668318795,0.0014435868359320811,0.0,0.013618510566704404,1
15.208333333333334,2.0625,1.0016024967290187,0.0012347906168972689,0.0,0.011731125066222052,1
15.625,2.0625,1.0013560905193415,0.001050728651689754,0.0,0.010039587010749853,1
16.041666666666668,2.0625,1.0011495981541392,0.0008884043184235833,0.0,0.008525114486090465,1
16.458333333333336,2.0625,1.0009777087759824,0.0007450225909113302,0.0,0.007168199123952671,1
16.875,2.0625,1.0008358792439056,0.0006179710862800184,0.0,0.00594901666778813,1
17.291666666666668,2.0625,1.0007202693978785,0.0005048023797248054,0.0,0.004847711733030749,1
17.708333333333336,2.0625,1.0006276844014454,0.0004032168439479958,0.0,0.003844575178338714,1
18.125,2.0625,1.0005555249126967,0.0003110507057965229,0.0,0.0029201323573823912,1
18.541666666666668,2.0625,1.0005017513424401,0.00022621305102911703,0.0,0.0020553759738110937,1
18.958333333333336,2.0625,1.0004648082353391,0.00014761162304160124,0.0,0.00122933264884025,1
19.375,2.0625,1.0004444373247812,6.405753074276495e-05,0.0,0.0004557250971289291,1
19.791666666666668,2.0625,1.000432746354278,6.258107013349634e-05,0.0,-0.00016765225107675123,1
0.20833333333333334,2.4375,1.0000072652168197,-5.797187407016476e-05,0.0,0.42081925335008347,1
0.625,2.4375,1.001867010609503,-0.01688679835321609,0.0,0.4955999355433864,1
1.0416666666666667,2.4375,1.0059017050940693,-0.02049844138822165,0.0,0.5040888906535058,1
1.4583333333333335,2.4375,1.0103960492381299,-0.021435796892367527,0.0,0.5011583266756517,1
1.875,2.4375,1.0151784160236412,-0.022465157889928176,0.0,0.49647266059156436,1
2.291666666666667,2.4375,1.0203356608531837,-0.023942858392418415,0.0,0.49121693074077033,1
2.7083333333333335,2.4375,1.0259942678036544,-0.025963446038583866,0.0,0.48574886460420375,1
3.125,2.4375,1.0322940562068665,-0.02862461943522413,0.0,0.48041597958388127,1
3.541666666666667,2.4375,1.0393876990801951,-0.03224252869600856,0.0,0.47612412792077974,1
3.9583333333333335,2.4375,1.0472902706151008,-0.03498776744137868,0.0,0.46768511241515087,1
4.375,2.4375,1.0570836788950098,-0.05387168288370356,0.0,0.5085667750892664,1
4.791666666666667,2.4375,1.0633857020060624,-0.007923380978606103,0.0,0.282251456592704,1
5.208333333333334,2.4375,1.0646919816182474,-0.008970773282126284,0.0,0.2704104287743762,1
5.625,2.4375,1.0613867187152608,0.03539260521877818,0.0,0.06798418774716322,1
6.041666666666667,2.4375,1.0531119063669148,0.03864693171869656,0.0,0.04310233891489409,1
6.458333333333334,2.4375,1.0450494085327278,0.032551091677891615,0.0,0.052534349053131826,1
6.875,2.4375,1.0381378839165034,0.02683081610887037,0.0,0.06138282516921393,1
7.291666666666667,2.4375,1.0323362847610733,0.022372846291430798,0.0,0.06618570393084201,1
7.708333333333334,2.4375,1.0274755326536333,0.018906719765588137,0.0,0.067674631792252,1
8.125,2.4375,1.0233902204329692,0.016160554835828875,0.0,0.06681324277910038,1
8.541666666666668,2.4375,1.0199394574307505,0.013938042003208126,0.0,0.0643714693352491,1
8.958333333333334,2.4375,1.0170091191281432,0.012101575788845992,0.0,0.060915951242377676,1
9.375,2.4375,1.0145089544211414,0.010555388745334827,0.0,0.05685202322858393,1
9.791666666666668,2.4375,1.0123681399981799,0.009232959204414574,0.0,0.05246684720273821,1
10.208333333333334,2.4375,1.0105308373374782,0.008087855412479686,0.0,0.0479637263317456,1
10.625,2.4375,1.008952415115633,0.007087243319339336,0.0,0.043486776198905175,1
11.041666666666668,2.4375,1.0075965179005282,0.006207402143533325,0.0,0.03913778627401061,1
11.458333333333334,2.4375,1.0064329222975872,0.005430695308980058,0.0,0.034987532266999744,1
11.875,2.4375,1.0054360287391466,0.004743558564418018,0.0,0.031083438173997203,1
12.291666666666668,2.4375,1.004583823978657,0.004135178557500325,0.0,0.027454944743751784,1
12.708333333333334,2.4375,1.0038571721426106,0.0035966303508547784,0.0,0.024117461095199362,1
13.125,2.4375,1.0032393255413135,0.00312031589041767,0.0,0.02107542677042289,1
13.541666666666668,2.4375,1.0027155779920842,0.0026995983904902114,0.0,0.018324784421985287,1
13.958333333333334,2.4375,1.002273008621974,0.0023285638387916347,0.0,0.015855027196478938,1
14.375,2.4375,1.0019002824910523,0.0020018647518127374,0.0,0.013650910423593114,1
14.791666666666668,2.4375,1.0015874869964159,0.0017146168987247274,0.0,0.01169387705145548,1
15.208333333333334,2.4375,1.0013259913519295,0.0014623297270823265,0.0,0.009963228739742805,1
15.625,2.4375,1.0011083218007064,0.0012408577266152093,0.0,0.008437066003210071,1
16.041666666666668,2.4375,1.0009280485746848,0.0010463642757746784,0.0,0.007093018537019608,1
16.458333333333336,2.4375,1.0007796826781097,0.0008752923810786038,0.0,0.00590878658457899,1
16.875,2.4375,1.0006585817925449,0.0007243386724461028,0.0,0.0048625143079429065,1
17.291666666666668,2.4375,1.0005608652996067,0.0005904284988990638,0.0,0.003933016763858378,1
17.708333333333336,2.4375,1.000483338855569,0.00047069102106815576,0.0,0.003099883772917351,1
18.125,2.4375,1.0004234292796343,0.0003624386867384602,0.0,0.002343483299131839,1
18.541666666666668,2.4375,1.0003791343327904,0.00026308673498041534,0.0,0.0016450341152380696,1
18.958333333333336,2.4375,1.0003489500484783,0.00017115259068498887,0.0,0.0009847881880773585,1
19.375,2.4375,1.0003324705024768,7.368197346827161e-05,0.0,0.00036926290678112824,1
19.791666666666668,2.4375,1.000323146088636,7.187047306207134e-05,0.0,-0.0001307716801201431,1
0.20833333333333334,2.8125,1.0000077070491658,-7.144691306605333e-05,0.0,0.4256575460169462,1
0.625,2.8125,1.0019864148468756,-0.020327931185103093,0.0,0.5051014345155995,1
1.0416666666666667,2.8125,1.0062305474716902,-0.024508252954501958,0.0,0.5116200551694285,1
1.4583333333333335,2.8125,1.0109246592787633,-0.025695595681842306,0.0,0.507986550534676,1
1.875,2.8125,1.0159590879459601,-0.02704047500758424,0.0,0.5027336359429544,1
2.291666666666667,2.8125,1.0214451736715484,-0.028946538773907272,0.0,0.4967902762270099,1
2.7083333333333335,2.8125,1.0275205070091897,-0.031520311915936995,0.0,0.4905088054399508,1
3.125,2.8125,1.034323184034451,-0.03485997244304182,0.0,0.4842603733311509,1
3.541666666666667,2.8125,1.0419805140155523,-0.039283051256766954,0.0,0.4788075170187174,1
3.9583333333333335,2.8125,1.0504833121670774,-0.04271207759811442,0.0,0.4703078669933471,1
4.375,2.8125,1.0606643892623693,-0.06412440956484562,0.0,0.5031657907241773,1
4.791666666666667,2.8125,1.0668876935938245,-0.008943448996337151,0.0,0.27105473655848733,1
5.208333333333334,2.8125,1.0678837209553498,-0.010022781541120735,0.0,0.265104584733834,1
5.625,2.8125,1.0641919984836141,0.0427419003146664,0.0,0.06510350514453968,1
6.041666666666667,2.8125,1.0554898541949433,0.046576897595542274,0.0,0.0463943552152991,1
6.458333333333334,2.8125,1.0469979979688337,0.03952004445490683,0.0,0.05616341925397938,1
6.875,2.8125,1.039598223522435,0.032742032488295596,0.0,0.06448185644297438,1
7.291666666666667,2.8125,1.033308887148868,0.02734347188813292,0.0,0.0687233351012497,1
7.708333333333334,2.8125,1.0280099197788548,0.02307984169876189,0.0,0.06960617159271455,1
8.125,2.8125,1.0235587691181007,0.019670249496458625,0.0,0.06807402750436967,1
8.541666666666668,2.8125,1.0198191684552036,0.016899674641603336,0.0,0.0649213734998052,1
8.958333333333334,2.8125,1.016671554884887,0.014610099836204586,0.0,0.06075622743936808,1
9.375,2.8125,1.0140158262384011,0.012687168716111814,0.0,0.056023144262767256,1
9.791666666666668,2.8125,1.0117702593669913,0.01104892239867173,0.0,0.05103854439703774,1
10.208333333333334,2.8125,1.0098687885958415,0.00963678830742462,0.0,0.04602376103611697,1
10.625,2.8125,1.0082579197405876,0.008408672394732595,0.0,0.041131320570467235,1
11.041666666666668,2.8125,1.0068939263701386,0.007333874595891227,0.0,0.036464193623771374,1
11.458333333333334,2.8125,1.0057405752621753,0.006389474896782971,0.0,0.03208932668774101,1
11.875,2.8125,1.0047674044086046,0.005557836947744323,0.0,0.028047057978973344,1
12.291666666666668,2.8125,1.0039484739681908,0.004824921854921428,0.0,0.024357779793507114,1
12.708333333333334,2.8125,1.003261479876743,0.004179168387713157,0.0,0.02102682668283858,1
13.125,2.8125,1.0026871259334922,0.0036107583433162144,0.0,0.018048220627454956,1
13.541666666666668,2.8125,1.002208670681024,0.0031111384587971494,0.0,0.01540764952299771,1
13.958333333333334,2.8125,1.0018115881391898,0.0026727104911358317,0.0,0.013084890714963611,1
14.375,2.8125,1.001483301036219,0.0022886300101250382,0.0,0.011055795805111237,1
14.791666666666668,2.8125,1.0012129600634605,0.0019526744616030108,0.0,0.009293903590079823,1
15.208333333333334,2.8125,1.0009912531196363,0.001659154494159331,0.0,0.007771724278524218,1
15.625,2.8125,1.0008102354121655,0.0014028514924588308,0.0,0.006461729506669136,1
16.041666666666668,2.8125,1.000663175625974,0.0011789702208178919,0.0,0.005337079796154346,1
16.458333333333336,2.8125,1.000544415965007,0.0009830994378020748,0.0,0.00437212110666846,1
16.875,2.8125,1.0004492453298957,0.0008111759846964859,0.0,0.0035426818333746135,1
17.291666666666668,2.8125,1.0003737856541643,0.0006594497392891539,0.0,0.0028262014157059688,1
17.708333333333336,2.8125,1.0003148918031677,0.0005244480470104475,0.0,0.002201720892105841,1
18.125,2.8125,1.000270065711844,0.0004029437615512887,0.0,0.001649766103163228,1
18.541666666666668,2.8125,1.0002373874817936,0.0002918575190811884,0.0,0.0011522249844887525,1
18.958333333333336,2.8125,1.0002154457815795,0.00018929519198540855,0.0,0.0006912541999595907,1
19.375,2.8125,1.0002036852929594,8.095540292253766e-05,0.0,0.00026534375126947786,1
19.791666666666668,2.8125,1.000197213034685,7.881404866909757e-05,0.0,-8.630853600616171e-05,1
0.20833333333333334,3.1875,1.0000114246019551,-8.866539913970572e-05,0.0,0.43153629030999147,1
0.625,3.1875,1.002152535854036,-0.02401854984364991,0.0,0.5169553434008614,1
1.0416666666666667,3.1875,1.0066783232930563,-0.028710562353174558,0.0,0.5208725124428566,1
1.4583333333333335,3.1875,1.0116428368617019,-0.030186049121025994,0.0,0.5163172148647118,1
1.875,3.1875,1.017014866642695,-0.03191583417122695,0.0,0.5102263674137839,1
2.291666666666667,3.1875,1.0229304081423103,-0.034332644112659794,0.0,0.5032200002620747,1
2.7083333333333335,3.1875,1.0295315137178558,-0.037543001598759895,0.0,0.49563848978660824,1
3.125,3.1875,1.0369408450379312,-0.041628090270565056,0.0,0.48786701133489524,1
3.541666666666667,3.1875,1.0452385670923898,-0.046874480260889334,0.0,0.4804670927267696,1
3.9583333333333335,3.1875,1.0543743004646324,-0.05099532696527256,0.0,0.4713830209716069,1
4.375,3.1875,1.0648283903339464,-0.07441281046590097,0.0,0.4918290402609698,1
4.791666666666667,3.1875,1.0708060366659709,-0.009635903692732761,0.0,0.25767512308171747,1
5.208333333333334,3.1875,1.0713732055420038,-0.01073720345906778,0.0,0.2573981477915495,1
5.625,3.1875,1.06724759214165,0.05049192451709719,0.0,0.06442750881287602,1
6.041666666666667,3.1875,1.0581869819028693,0.054813352467421333,0.0,0.053532087324146486,1
6.458333333333334,3.1875,1.0493215192338523,0.04690517658837427,0.0,0.06284353709826301,1
6.875,3.1875,1.041422541994887,0.03912577687154982,0.0,0.06979139938409641,1
7.291666666666667,3.1875,1.0345845588902969,0.032774315035127205,0.0,0.0728220943078749,1
7.708333333333334,3.1875,1.0287604270368873,0.027659787852969606,0.0,0.07259112526887442,1
8.125,3.1875,1.0238500046808936,0.02351571905804126,0.0,0.06997299891694155,1
8.541666666666668,3.1875,1.0197348630157803,0.02012347317604289,0.0,0.06575841335708948,1
8.958333333333334,3.1875,1.0162973026356077,0.017312957857438537,0.0,0.06058401795650174,1
9.375,3.1875,1.0134301232041898,0.01495492796498486,0.0,0.05492943445774312,1
9.791666666666668,3.1875,1.0110404567547655,0.012952873138571937,0.0,0.049139446958880256,1
10.208333333333334,3.1875,1.0090501023751477,0.011235480203523576,0.0,0.043452639715555144,1
10.625,3.1875,1.007394099674545,0.00975016489932468,0.0,0.038027938895268606,1
11.041666666666668,3.1875,1.0060186597349654,0.008457872070925757,0.0,0.032966030369105476,1
11.458333333333334,3.1875,1.0048790844074889,0.007329111214186423,0.0,0.02832542794521936,1
11.875,3.1875,1.0039379657030603,0.006341061232543261,0.0,0.02413412031135291,1
12.291666666666668,3.1875,1.0031637501480488,0.0054755289659659265,0.0,0.020397972365022967,1
12.708333333333334,3.1875,1.0025296452998846,0.004717550321914697,0.0,0.017106893599528685,1
13.125,3.1875,1.0020128025722417,0.004054453412503701,0.0,0.01423950495757269,1
13.541666666666668,3.1875,1.0015937038650216,0.0034752419534923593,0.0,0.011766774023714016,1
13.958333333333334,3.1875,1.0012556897383433,0.0029701939983675413,0.0,0.009654899251613858,1
14.375,3.1875,1.0009845823642185,0.0025306015324615154,0.0,0.007867603965046696,1
14.791666666666668,3.1875,1.0007683712832511,0.0021485997878861875,0.0,0.006367935431763865,1
15.208333333333334,3.1875,1.0005969417895844,0.001817051962036641,0.0,0.005119633873028955,1
15.625,3.1875,1.0004618341731935,0.0015294668161910737,0.0,0.004088123870662538,1
16.041666666666668,3.1875,1.000356027533341,0.0012799346803065619,0.0,0.0032411774528738834,1
16.458333333333336,3.1875,1.000273745177206,0.0010630727937026977,0.0,0.0025492973328592686,1
16.875,3.1875,1.0002102804177033,0.0008739744843979517,0.0,0.0019858675251119605,1
17.291666666666668,3.1875,1.0001618424475822,0.0007081591216011969,0.0,0.0015271162719797489,1
17.708333333333336,3.1875,1.0001254223192153,0.0005615212468920864,0.0,0.0011519327001470645,1
18.125,3.1875,1.000098679287614,0.00043028277264305466,0.0,0.0008415775952242751,1
18.541666666666668,3.1875,1.0000798480415551,0.00031087703633812406,0.0,0.0005793215813314406,1
18.958333333333336,3.1875,1.000067670838815,0.00020098268666449487,0.0,0.00035013985547755047,1
19.375,3.1875,1.000061461232254,8.544099339349993e-05,0.0,0.00014426760190514807,1
19.791666666666668,3.1875,1.0000583161301222,8.29840824133337e-05,0.0,-3.456384698010911e-05,1
0.20833333333333334,3.5625,1.000026112291979,-0.00012244860377753002,0.0,0.4389573558879021,1
0.625,3.5625,1.0023948089868062,-0.02804359379158887,0.0,0.5315724783440847,1
1.0416666666666667,3.5625,1.0073002834737625,-0.03317365413868573,0.0,0.5320725831158369,1
1.4583333333333335,3.5625,1.0126300830937252,-0.03498783920497438,0.0,0.5262949676571518,1
1.875,3.5625,1.0184494033716849,-0.03718625914002416,0.0,0.5189675821179978,1
2.291666666666667,3.5625,1.0249150881504665,-0.04020532279415085,0.0,0.5103561145807147,1
2.7083333333333335,3.5625,1.0321614175165013,-0.04413301436451153,0.0,0.5007941145360106,1
3.125,3.5625,1.0402756538585827,-0.04900928840038087,0.0,0.4906856525690774,1
3.541666666666667,3.5625,1.0492641418762034,-0.055050871195426204,0.0,0.48035841943992513,1
3.9583333333333335,3.5625,1.0590171479357433,-0.05981880151916577,0.0,0.47000507400236785,1
4.375,3.5625,1.0695545919975817,-0.08448171645049737,0.0,0.4731466285609883,1
4.791666666666667,3.5625,1.0750598757845549,-0.009901634815656365,0.0,0.24194487282528956,1
5.208333333333334,3.5625,1.0750531930017722,-0.010975909820545873,0.0,0.24701369738849377,1
5.625,3.5625,1.070452607684908,0.058584209723353015,0.0,0.06671585862511047,1
6.041666666666667,3.5625,1.0611502182764874,0.06324776694308891,0.0,0.06561891155621088,1
6.458333333333334,3.5625,1.0520210824555947,0.054665900753208,0.0,0.07356495615408304,1
6.875,3.5625,1.0436527034664436,0.04600567331183755,0.0,0.0781434351854317,1
7.291666666666667,3.5625,1.0362274724889513,0.03873131126878829,0.0,0.07914367331393586,1
7.708333333333334,3.5625,1.0297957948684109,0.03273302014623792,0.0,0.07712549369317409,1
8.125,3.5625,1.024323746332961,0.02778671056781904,0.0,0.07285277156880901,1
8.541666666666668,3.5625,1.0197294795743685,0.023690949248242468,0.0,0.06708723605103224,1
8.958333333333334,3.5625,1.0159095954677353,0.02027718182356695,0.0,0.06048327929360705,1
9.375,3.5625,1.0127563978490124,0.01740904334374102,0.0,0.05355313374652024,1
9.791666666666668,3.5625,1.0101679563205122,0.014979054939782601,0.0,0.046670410601780676,1
10.208333333333334,3.5625,1.0080530122784621,0.012904066981770101,0.0,0.04009067666303995,1
10.625,3.5625,1.0063325476328688,0.011120398732737806,0.0,0.033976593921525605,1
11.041666666666668,3.5625,1.0049394477018474,0.009579324121359891,0.0,0.028421298865144877,1
11.458333333333334,3.5625,1.0038172604621,0.00824324547454353,0.0,0.02346759923736006,1
11.875,3.5625,1.0029186747493852,0.0070826609475213975,0.0,0.019122715059369202,1
12.291666666666668,3.5625,1.0022040519612343,0.006073883759621935,0.0,0.01536923765063514,1
12.708333333333334,3.5625,1.0016401539658342,0.005197398087557653,0.0,0.012173215436859588,1
13.125,3.5625,1.0011990983398973,0.004436714164948485,0.0,0.009490171042420044,1
13.541666666666668,3.5625,1.0008575178157195,0.0037775925094228387,0.0,0.007269642370087901,1
13.958333333333334,3.5625,1.000595882212366,0.003207528199732991,0.0,0.005458639067213421,1
14.375,3.5625,1.0003979414674329,0.0027154106382606155,0.0,0.004004260071982829,1
14.791666666666668,3.5625,1.000250256626995,0.002291297011252526,0.0,0.0028556279373145262,1
15.208333333333334,3.5625,1.000141795483589,0.0019262563119895543,0.0,0.0019652491427969146,1
15.625,3.5625,1.0000635780151415,0.0016122550424250226,0.0,0.0012898885302708842,1
16.041666666666668,3.5625,1.0000083629230219,0.0013420660127811596,0.0,0.000791038062311118,1
16.458333333333336,3.5625,0.9999703704811032,0.001109188779914633,0.0,0.0004350555957560141,1
16.875,3.5625,0.9999450390906546,0.000907775033654135,0.0,0.00019304506886115528,1
17.291666666666668,3.5625,0.9999288139649429,0.000732555358757473,0.0,4.054265855521903e-05,1
17.708333333333336,3.5625,0.9999189667391035,0.0005787656285878586,0.0,-4.2934956321955395e-05,1
18.125,3.5625,0.9999134450688453,0.00044207662275303573,0.0,-7.442702165332868e-05,1
18.541666666666668,3.5625,0.9999107498472377,0.0003184570069509206,0.0,-6.81859643783107e-05,1
18.958333333333336,3.5625,0.9999098663178773,0.0002051573748941554,0.0,-3.5180416583802914e-05,1
19.375,3.5625,0.9999100221522307,8.67147002957759e-05,0.0,7.082482953240616e-06,1
19.791666666666668,3.5625,0.9999106531778983,8.397304422695911e-05,0.0,2.3966842702533623e-05,1
0.20833333333333334,3.9375,1.0000770497764155,-0.00021529446566878607,0.0,0.44990358087662097,1
0.625,3.9375,1.002781749019043,-0.03251680427377657,0.0,0.5495146286754761,1
1.0416666666666667,3.9375,1.0081975222789277,-0.037989566628745836,0.0,0.5455152606584385,1
1.4583333333333335,3.9375,1.014016594977766,-0.04020591180165571,0.0,0.5380910314790032,1
1.875,3.9375,1.020419059749475,-0.04296779308786479,0.0,0.5289472871832345,1
2.291666666666667,3.9375,1.0275728546858074,-0.04668132058961205,0.0,0.517972683277533,1
2.7083333333333335,3.9375,1.0355855362012583,-0.0513901263619855,0.0,0.505524369553553,1
3.125,3.9375,1.0444831508694685,-0.05706284231204837,0.0,0.492058956926068,1
3.541666666666667,3.9375,1.0541693308723747,-0.06380451850192764,0.0,0.47768164815328107,1
3.9583333333333335,3.9375,1.064459140211853,-0.06910368807184537,0.0,0.4652658353847958,1
4.375,3.9375,1.0748100092116997,-0.09399631165390449,0.0,0.4460700797453678,1
4.791666666666667,3.9375,1.0795562915670232,-0.009613449140663817,0.0,0.22376426549774828,1
5.208333333333334,3.9375,1.0788042643181508,-0.010581256467424327,0.0,0.23385416399212872,1
5.625,3.9375,1.0736931835714172,0.0669300558270127,0.0,0.07257736868986724,1
6.041666666666667,3.9375,1.0643091685768764,0.07171968480174631,0.0,0.08361372084961743,1
6.458333333333334,3.9375,1.0550824098759732,0.06271428796393305,0.0,0.08929642543062183,1
6.875,3.9375,1.046323733595068,0.053371635844283546,0.0,0.09045777595935055,1
7.291666666666667,3.9375,1.0383059396198067,0.045264071194056045,0.0,0.08849889486122439,1
7.708333333333334,3.9375,1.0311981145189912,0.03838581267069781,0.0,0.08387536743186387,1
8.125,3.9375,1.0250582343584465,0.03258465387033002,0.0,0.07721770865130079,1
8.541666666666668,3.9375,1.019864826403683,0.027701913188022176,0.0,0.06924646051223433,1
8.958333333333334,3.9375,1.015547241797571,0.023589939725419985,0.0,0.060633129254779906,1
9.375,3.9375,1.0120092690996092,0.02011833872684215,0.0,0.05192885108469934,1
9.791666666666668,3.9375,1.009145895819807,0.0171763928842592,0.0,0.04354356053666358,1
10.208333333333334,3.9375,1.0068540977444438,0.014672796943121343,0.0,0.03575420003553627,1
10.625,3.9375,1.0050389565555289,0.012533714022747815,0.0,0.028726373727071465,1
11.041666666666668,3.9375,1.0036164658004276,0.01070004044929399,0.0,0.022539566123104673,1
11.458333333333334,3.9375,1.0025142157625924,0.009124522696838295,0.0,0.01721058761455792,1
11.875,3.9375,1.0016708740573392,0.00776911840171058,0.0,0.012713040750050694,1
12.291666666666668,3.9375,1.001035093817777,0.006602789030231244,0.0,0.008992445870734946,1
12.708333333333334,3.9375,1.0005642388140603,0.005599770516100319,0.0,0.005977542043808796,1
13.125,3.9375,1.0002231354893782,0.004738284791745331,0.0,0.0035885475880162968,1
13.541666666666668,3.9375,0.9999829446231194,0.003999616133637435,0.0,0.0017431191067075495,1
13.958333333333334,3.9375,0.9998201780347857,0.0033674665478663716,0.0,0.00036058994028420176,1
14.375,3.9375,0.9997158531989605,0.0028275113131274697,0.0,-0.0006350942558895473,1
14.791666666666668,3.9375,0.9996547671310807,0.0023670901544888645,0.0,-0.0013134498249961254,1
15.208333333333334,3.9375,0.9996248702099264,0.001974985427110265,0.0,-0.0017363259222659619,1
15.625,3.9375,0.9996167241627858,0.0016412530915566178,0.0,-0.0019574050755208393,1
16.041666666666668,3.9375,0.9996230326742681,0.0013570838869337602,0.0,-0.002022192586025315,1
16.458333333333336,3.9375,0.9996382364630749,0.0011146806947579268,0.0,-0.001968371070189471,1
16.875,3.9375,0.9996581668244071,0.0009071440459888903,0.0,-0.0018264122204304256,1
17.291666666666668,3.9375,0.9996797527749888,0.0007283616042859905,0.0,-0.0016203534877298697,1
17.708333333333336,3.9375,0.999700777447843,0.0005728996805073769,0.0,-0.0013686656429819706,1
18.125,3.9375,0.9997196798631001,0.00043589989968476637,0.0,-0.001085145566796472,1
18.541666666666668,3.9375,0.999735395368758,0.0003129154733412171,0.0,-0.0007799387224639589,1
18.958333333333336,3.9375,0.9997472820541301,0.00020079606777945928,0.0,-0.00045827881500878513,1
19.375,3.9375,0.9997545631644983,8.43827571581747e-05,0.0,-0.00014399545254967854,1
19.791666666666668,3.9375,0.9997593676546288,8.141302309621032e-05,0.0,8.842150888758436e-05,1
0.20833333333333334,4.3125,1.0002426233906743,-0.0005030003163532659,0.0,0.47125152573822,1
0.625,4.3125,1.0034872805792934,-0.03758351921150335,0.0,0.5717008965485191,1
1.0416666666666667,4.3125,1.0095740882928417,-0.0432751745670458,0.0,0.5617096767126168,1
1.4583333333333335,4.3125,1.016031203568176,-0.04596887304024902,0.0,0.5520148651604595,1
1.875,4.3125,1.0231710309879745,-0.0493928948217614,0.0,0.5402130285689343,1
2.291666666666667,4.3125,1.03115472821819,-0.05387996180558652,0.0,0.5258388107718018,1
2.7083333333333335,4.3125,1.0400370155705416,-0.059396957126863714,0.0,0.5093452257551171,1
3.125,4.3125,1.0497529032066855,-0.0658081636209938,0.0,0.49131737255141034,1
3.541666666666667,4.3125,1.0600766284353456,-0.07306811190164478,0.0,0.4717070325884388,1
3.9583333333333335,4.3125,1.0707390975499498,-0.07869714528076888,0.0,0.4564007777228801,1
4.375,4.3125,1.0805502968797849,-0.10254871594154885,0.0,0.41010749319457995,1
4.791666666666667,4.3125,1.084193713517009,-0.008611773946512014,0.0,0.20316620058836563,1
5.208333333333334,4.3125,1.0824991872874108,-0.009381033531228,0.0,0.2180575555926604,1
5.625,4.3125,1.076845473661856,0.07541814782577991,0.0,0.08240558133884095,1
6.041666666666667,4.3125,1.0675743601172114,0.0800212084883326,0.0,0.10821406486274299,1
6.458333333333334,4.3125,1.0584696234846558,0.07091111007737164,0.0,0.11088038815847794,1
6.875,4.3125,1.0494559250109656,0.0611699510099392,0.0,0.10767631512103736,1
7.291666666666667,4.3125,1.0408859560877013,0.05239474263731092,0.0,0.10182595381903013,1
7.708333333333334,4.3125,1.033059903301245,0.04469563132635376,0.0,0.09369360484751735,1
8.125,4.3125,1.0261512936056931,0.03801847608566655,0.0,0.08377772641285482,1
8.541666666666668,4.3125,1.020226033244366,0.032274892457582666,0.0,0.07276626462253495,1
8.958333333333334,4.3125,1.0152707808862804,0.027362513723822562,0.0,0.061366599449060026,1
9.375,4.3125,1.0112195665542663,0.023176033055641636,0.0,0.05019345538978648,1
9.791666666666668,4.3125,1.0079761132574376,0.01961484247437073,0.0,0.0397168997801674,1
10.208333333333334,4.3125,1.0054309804019566,0.01658758519067154,0.0,0.030252276235897855,1
10.625,4.3125,1.0034736123147066,0.01401418412384816,0.0,0.021975089499807646,1
11.041666666666668,4.3125,1.0019999779529718,0.011826082953788938,0.0,0.014947626995421357,1
11.458333333333334,4.3125,1.0009167627513862,0.00996539890874142,0.0,0.00914836586041467,1
11.875,4.3125,1.0001430999386973,0.008383546256539812,0.0,0.004499008789498316,1
12.291666666666668,4.3125,0.9996107030818748,0.007039720562262281,0.0,0.0008868339321449399,1
12.708333333333334,4.3125,0.9992630692452817,0.005899478939906061,0.0,-0.0018181389532120778,1
13.125,4.3125,0.9990542237881792,0.00493353027073545,0.0,-0.0037507028018724754,1
13.541666666666668,4.3125,0.9989473081950586,0.004116766467513409,0.0,-0.005041901586969423,1
13.958333333333334,4.3125,0.998913184903433,0.00342751710601499,0.0,-0.005813481557281275,1
14.375,4.3125,0.9989291472103277,0.0028469870316024572,0.0,-0.006174600657065355,1
14.791666666666668,4.3125,0.9989777701619122,0.0023588312414641625,0.0,-0.00622019571182005,1
15.208333333333334,4.3125,0.999045909927682,0.001948825780719198,0.0,-0.006030546463143964,1
15.625,4.3125,0.9991238455997888,0.0016046020759994252,0.0,-0.005671682287495793,1
16.041666666666668,4.3125,0.999204551978994,0.0013154215014846069,0.0,-0.005196356288906757,1
16.458333333333336,4.3125,0.9992830904191317,0.0010719750753426626,0.0,-0.004645370286249842,1
16.875,4.3125,0.9993561048650856,0.0008661993398714065,0.0,-0.0040490808985157835,1
17.291666666666668,4.3125,0.9994214107649342,0.0006911036453516557,0.0,-0.0034289578842382185,1
17.708333333333336,4.3125,0.9994776652060355,0.0005406064369104384,0.0,-0.0027991029253899725,1
18.125,4.3125,0.9995241077340553,0.00040938269356768746,0.0,-0.002167656727106698,1
18.541666666666668,4.3125,0.9995603577702703,0.0002926636907494084,0.0,-0.0015382723422535248,1
18.958333333333336,4.3125,0.9995863331700785,0.00018697197305568073,0.0,-0.0009081767557546869,1
19.375,4.3125,0.9996013823847945,7.810955897937665e-05,0.0,-0.00030501222078528666,1
19.791666666666668,4.3125,0.9996106657285425,7.500717087062294e-05,0.0,0.00015733224825866492,1
0.20833333333333334,4.6875,1.0007607776350649,-0.0014060612396023932,0.0,0.5253536283296109,1
0.625,4.6875,1.0049834578103767,-0.043401061916154934,0.0,0.6001099920590365,1
1.0416666666666667,4.6875,1.0118918935550867,-0.04915335097483907,0.0,0.5819255736768577,1
1.4583333333333335,4.6875,1.0191226912463114,-0.0524098183025503,0.0,0.5689580658768256,1
1.875,4.6875,1.0271341130243545,-0.056588073837957484,0.0,0.5532288488945168,1
2.291666666666667,4.6875,1.0360523346484642,-0.06189650975835631,0.0,0.5340191588483172,1
2.7083333333333335,4.6875,1.045846440246867,-0.06818916283006851,0.0,0.512008304788733,1
3.125,4.6875,1.0563298938733057,-0.07519536505425614,0.0,0.4880353686362542,1
3.541666666666667,4.6875,1.0671287401088199,-0.08269122478595672,0.0,0.4620260584021338,1
3.9583333333333335,4.6875,1.0778922664591883,-0.0883574283146195,0.0,0.44302204706096887,1
4.375,4.6875,1.0867250312279895,-0.10966800059615342,0.0,0.3655292725383529,1
4.791666666666667,4.6875,1.0888685670605196,-0.00670074651480234,0.0,0.1803988642320058,1
5.208333333333334,4.6875,1.0860095914173207,-0.007193909277887412,0.0,0.20003992215580924,1
5.625,4.6875,1.0797803404129724,0.08392569173903382,0.0,0.09632774677013162,1
6.041666666666667,4.6875,1.0708368935760544,0.08790676891861077,0.0,0.13973853859532645,1
6.458333333333334,4.6875,1.0621192539192656,0.07906568830747035,0.0,0.13890472353345337,1
6.875,4.6875,1.0530454499215476,0.06929412500380913,0.0,0.1306618374419169,1
7.291666666666667,4.6875,1.0440219198359495,0.06010471775162371,0.0,0.12013439330197062,1
7.708333333333334,4.6875,1.0354780330154285,0.051718601858778655,0.0,0.10761324274448748,1
8.125,4.6875,1.0277191254759894,0.04419627106503214,0.0,0.09348457164013092,1
8.541666666666668,4.6875,1.0209251133232704,0.037544442741132306,0.0,0.07843406615705081,1
8.958333333333334,4.6875,1.0151693431252404,0.031732883741101156,0.0,0.06324930728422995,1
9.375,4.6875,1.0104423610994844,0.02670603976036508,0.0,0.04866190156085034,1
9.791666666666668,4.6875,1.006676303934677,0.0223933951846065,0.0,0.035254753146814144,1
10.208333333333334,4.6875,1.0037671700289017,0.018717872565012953,0.0,0.02342415828796348,1
10.625,4.6875,1.001593310867138,0.015602001273142818,0.0,0.013381433072138795,1
11.041666666666668,4.6875,1.000029464981015,0.012971998027670163,0.0,0.005178705044733131,1
11.458333333333334,4.6875,0.9989564184118369,0.010760119429140208,0.0,-0.0012540810031969954,1
11.875,4.6875,0.9982668638627301,0.008905721362233408,0.0,-0.006070332020563196,1
12.291666666666668,4.6875,0.9978682640371599,0.007355442470627169,0.0,-0.009471927690893228,1
12.708333333333334,4.6875,0.997683561019271,0.006062860199701939,0.0,-0.011681076887270188,1
13.125,4.6875,0.9976504838329101,0.004987879389304062,0.0,-0.012919580846740825,1
13.541666666666668,4.6875,0.9977200553309051,0.004096027034007135,0.0,-0.01339491252518955,1
13.958333333333334,4.6875,0.9978547359019009,0.0033577549885323073,0.0,-0.013291928846307569,1
14.375,4.6875,0.9980264949115214,0.0027477999649657124,0.0,-0.01276888385602155,1
14.791666666666668,4.6875,0.99821498482381,0.0022446167306321395,0.0,-0.011956509178705551,1
15.208333333333334,4.6875,0.9984059096110202,0.0018298821941007738,0.0,-0.010959134205923178,1
15.625,4.6875,0.9985896240267433,0.001488060583398395,0.0,-0.009857044329197878,1
16.041666666666668,4.6875,0.9987599668571481,0.001206018704918751,0.0,-0.008709482302196878,1
16.458333333333336,4.6875,0.9989133127177645,0.0009726820015871012,0.0,-0.007557869406733708,1
16.875,4.6875,0.9990478179875741,0.0007787246698049814,0.0,-0.006428959234258049,1
17.291666666666668,4.6875,0.9991628332766949,0.0006162892455853202,0.0,-0.00533774262096375,1
17.708333333333336,4.6875,0.9992584549449061,0.0004787323387167783,0.0,-0.004290004111756779,1
18.125,4.6875,0.9993351905421398,0.00036039647890644176,0.0,-0.0032844755626921093,1
18.541666666666668,4.6875,0.9993937102421784,0.00025635714246189284,0.0,-0.0023148575546127637,1
18.958333333333336,4.6875,0.9994347583465872,0.00016295736717279253,0.0,-0.0013673147909718257,1
19.375,4.6875,0.9994580013834581,6.766113861029051e-05,0.0,-0.00046952592038842204,1
19.791666666666668,4.6875,0.9994719150920979,6.457824435551953e-05,0.0,0.00022824925736189826,1
0.20833333333333334,5.0625,1.002338996962969,-0.004195858378161412,0.0,0.682160711678579,1
0.625,5.0625,1.0085835553818439,-0.05003177951260286,0.0,0.6403323489160707,1
1.0416666666666667,5.0625,1.0162706666800618,-0.05565862571698339,0.0,0.6103114449813938,1
1.4583333333333335,5.0625,1.0242351874390248,-0.0595803301657134,0.0,0.5921900615492427,1
1.875,5.0625,1.0330853260133828,-0.06459296629234908,0.0,0.5703866994710711,1
2.291666666666667,5.0625,1.0428718481614525,-0.0707258866991928,0.0,0.5441413311017117,1
2.7083333333333335,5.0625,1.0534405464965184,-0.07768630942961491,0.0,0.5145500544524456,1
3.125,5.0625,1.0644571906704168,-0.08504830647552095,0.0,0.4828676570111987,1
3.541666666666667,5.0625,1.0753952990830726,-0.09240154254809407,0.0,0.44915949645886244,1
3.9583333333333335,5.0625,1.0858399176592552,-0.09773444098615534,0.0,0.42548035960302794,1
4.375,5.0625,1.0931645626941084,-0.11483265674795254,0.0,0.3134515850134268,1
4.791666666666667,5.0625,1.0933664480914698,-0.0036469694699973816,0.0,0.15589750597395,1
5.208333333333334,5.0625,1.0891000217933469,-0.003834824575853045,0.0,0.1804826098264587,1
5.625,5.0625,1.0822555780021685,0.09233293235229717,0.0,0.11420798927054122,1
6.041666666666667,5.0625,1.0738560310858383,0.09510822268318755,0.0,0.17802644891397948,1
6.458333333333334,5.0625,1.065823840644288,0.0869390816316207,0.0,0.17349378281559086,1
6.875,5.0625,1.0569489211847012,0.0775745827912896,0.0,0.1599211910934297,1
7.291666666666667,5.0625,1.0476491046289742,0.0683152719416732,0.0,0.14420948524011332,1
7.708333333333334,5.0625,1.0384605780035554,0.059467219770349786,0.0,0.12657614762824682,1
8.125,5.0625,1.0298216730187517,0.05120568442515456,0.0,0.10731265063906786,1
8.541666666666668,5.0625,1.0220458513237922,0.043647879843817114,0.0,0.08713791926164623,1
8.958333333333334,5.0625,1.0153231510848693,0.03686007003175239,0.0,0.06698045225518785,1
9.375,5.0625,1.0097332065362183,0.030864087386709704,0.0,0.04777052304227396,1
9.791666666666668,5.0625,1.0052654026224537,0.025645822529007406,0.0,0.030293830682668284,1
10.208333333333334,5.0625,1.0018423637518725,0.021164400719027927,0.0,0.015109949453988575,1
10.625,5.0625,0.9993434404530781,0.01736097733318791,0.0,0.002527298024576755,1
11.041666666666668,5.0625,0.9976256943991576,0.014166454713525935,0.0,-0.007379619931412297,1
11.458333333333334,5.0625,0.9965408684646692,0.011507747996869402,0.0,-0.01472677231853427,1
11.875,5.0625,0.9959477561724457,0.00931249295204795,0.0,-0.019765622460085328,1
12.291666666666668,5.0625,0.9957201190958962,0.007512284092441658,0.0,-0.02282797516335847,1
12.708333333333334,5.0625,0.9957507834361654,0.006044653387247509,0.0,-0.02427802885820813,1
13.125,5.0625,0.9959527838554787,0.004854055291527375,0.0,-0.024475327084363268,1
13.541666666666668,5.0625,0.9962584610685026,0.003892127291476567,0.0,-0.023749425805819083,1
13.958333333333334,5.0625,0.9966173248699499,0.003117464795950453,0.0,-0.022385199701100044,1
14.375,5.0625,0.9969933301383982,0.0024951023076206563,0.0,-0.02061671988071266,1
14.791666666666668,5.0625,0.9973620307774962,0.0019958428918874973,0.0,-0.018627338504096785,1
15.208333333333334,5.0625,0.9977079090363115,0.0015955332916841574,0.0,-0.016553766507715166,1
15.625,5.0625,0.9980220423218322,0.0012743465551923695,0.0,-0.014492317932114272,1
16.041666666666668,5.0625,0.9983001712112962,0.0010161081852224263,0.0,-0.012505956171485394,1
16.458333333333336,5.0625,0.9985411679020022,0.0008076842250854975,0.0,-0.010631218541059544,1
16.875,5.0625,0.9987458671223723,0.0006384384055888682,0.0,-0.008884462994073182,1
17.291666666666668,5.0625,0.9989162040919224,0.0004997584774492996,0.0,-0.007267160057270851,1
17.708333333333336,5.0625,0.9990545997111444,0.00038464754860627294,0.0,-0.005770149096137051,1
18.125,5.0625,0.9991635369260821,0.0002873757380850257,0.0,-0.004376885730877061,1
18.541666666666668,5.0625,0.9992452727678964,0.00020314789486868218,0.0,-0.0030661056184682046,1
18.958333333333336,5.0625,0.9993017551508332,0.0001283891752258083,0.0,-0.0018088411412639756,1
19.375,5.0625,0.9993332428459402,5.297167111479109e-05,0.0,-0.0006276436930126158,1
19.791666666666668,5.0625,0.9993516907003339,5.014230481427702e-05,0.0,0.00029713491424698314,1
0.20833333333333334,5.4375,1.0064600511362265,-0.012115001667564015,0.0,1.1547323850538227,1
0.625,5.4375,1.0161218217293855,-0.05642833233408995,0.0,0.7325131142817995,1
1.0416666666666667,5.4375,1.022307988833382,-0.061748023457368115,0.0,0.6849596183439758,1
1.4583333333333335,5.4375,1.0287737078537773,-0.06647814822652034,0.0,0.6585190618709633,1
1.875,5.4375,1.0362886714645612,-0.07242374019816308,0.0,0.6265876879274564,1
2.291666666666667,5.4375,1.0448493064946103,-0.07940755425376816,0.0,0.5878370984594958,1
2.7083333333333335,5.4375,1.0542704086099284,-0.0869954622805518,0.0,0.5429233713375183,1
3.125,5.4375,1.0642512791411245,-0.0946369168594505,0.0,0.4924741189955693,1
3.541666666666667,5.4375,1.0743936137566634,-0.1017853308896596,0.0,0.43567251170240084,1
3.9583333333333335,5.4375,1.0845741616089293,-0.10691330243003264,0.0,0.3861200059531284,1
4.375,5.4375,1.0918353031894918,-0.11878100325750585,0.0,0.21002562500417132,1
4.791666666666667,5.4375,1.0929699007474292,-0.0009014576198185773,0.0,0.06594131055044888,1
5.208333333333334,5.4375,1.090946561648947,-0.0009195475689484675,0.0,0.0930016363633956,1
5.625,5.4375,1.0871455972560948,0.09899852271082543,0.0,0.0788408293622804,1
6.041666666666667,5.4375,1.082260966538071,0.10039839219542636,0.0,0.18786903064063,1
6.458333333333334,5.4375,1.0767968328704591,0.09379560381781647,0.0,0.19852336333582127,1
6.875,5.4375,1.0690274237565491,0.08569795632165417,0.0,0.1941544374191542,1
7.291666666666667,5.4375,1.0595809778965877,0.0770635345855469,0.0,0.18315608956866847,1
7.708333333333334,5.4375,1.0492931733462438,0.06824765518480419,0.0,0.1661238263252444,1
8.125,5.4375,1.0389201434638893,0.05953599039111976,0.0,0.14394291769564646,1
8.541666666666668,5.4375,1.029077202810123,0.051174459991150445,0.0,0.11816237680093794,1
8.958333333333334,5.4375,1.0202150024366432,0.04335990043530104,0.0,0.09066901852162604,1
9.375,5.4375,1.0126162972441066,0.0362340417502129,0.0,0.06335680785163929,1
9.791666666666668,5.4375,1.0064094118807225,0.029883088515148384,0.0,0.037871938035326035,1
10.208333333333334,5.4375,1.0015936578193365,0.024342048371657238,0.0,0.015453421188843875,1
10.625,5.4375,0.9980712956163764,0.01960248663183916,0.0,-0.0031318657675835056,1
11.041666666666668,5.4375,0.9956809392230475,0.015622237617018992,0.0,-0.017575090812181803,1
11.458333333333334,5.4375,0.9942283117295228,0.012335673178381829,0.0,-0.027955755147174924,1
11.875,5.4375,0.993511636654032,0.009663376401484888,0.0,-0.03464167038234442,1
12.291666666666668,5.4375,0.9933403629657388,0.007520420331026911,0.0,-0.03818110236019939,1
12.708333333333334,5.4375,0.9935471331411951,0.00582282608445462,0.0,-0.039203931430002004,1
13.125,5.4375,0.9939937743955264,0.004492105087871975,0.0,-0.038342112620115526,1
13.541666666666668,5.4375,0.9945725875188269,0.003458036192405866,0.0,-0.036173643248165195,1
13.958333333333334,5.4375,0.9952043663453178,0.0026599775299571,0.0,-0.033189527891536987,1
14.375,5.4375,0.9958344894216464,0.002047074063165401,0.0,-0.02978019579536292,1
14.791666666666668,5.4375,0.9964281833327586,0.0015777160411643177,0.0,-0.026236389445878226,1
15.208333333333334,5.4375,0.9969657543219336,0.0012185558193180297,0.0,-0.02275936635398519,1
15.625,5.4375,0.9974382887055551,0.0009433231259218737,0.0,-0.01947590476992366,1
16.041666666666668,5.4375,0.9978440741433441,0.0007316087205526929,0.0,-0.016454663149606925,1
16.458333333333336,5.4375,0.9981858105112131,0.0005677239371480758,0.0,-0.013721586045736313,1
16.875,5.4375,0.9984685610373565,0.0004396939219253778,0.0,-0.011273063897445226,1
17.291666666666668,5.4375,0.9986983312959007,0.0003384064559695182,0.0,-0.009086336248497567,1
17.708333333333336,5.4375,0.998881141135759,0.00025691465647049446,0.0,-0.0071271555106645545,1
18.125,5.4375,0.9990224586583297,0.00018987936604859207,0.0,-0.005355011215351849,1
18.541666666666668,5.4375,0.9991268755153939,0.00013310683687168623,0.0,-0.003726704097805074,1
18.958333333333336,5.4375,0.9991980536768421,8.353574154909405e-05,0.0,-0.0021929648736881587,1
19.375,5.4375,0.9992372105639653,3.4244979271341405e-05,0.0,-0.0007648033331612879,1
19.791666666666668,5.4375,0.9992597060370059,3.2020001171319574e-05,0.0,0.0003573767896661429,1
0.20833333333333334,5.8125,0.990039417949963,-0.00896452384506239,0.0,2.4994109618131812,1
0.625,5.8125,0.9471289026525345,-0.029654939922661265,0.0,2.010773888433386,1
1.0416666666666667,5.8125,0.8783822881054664,-0.03221701316980316,0.0,2.0339505589444524,1
1.4583333333333335,5.8125,0.8039126665488556,-0.034805646231152954,0.0,2.1162292423566473,1
1.875,5.8125,0.722987468951956,-0.03802703160595291,0.0,2.2160291784964716,1
2.291666666666667,5.8125,0.6343564322968356,-0.04174090138348005,0.0,2.3228685116630623,1
2.7083333333333335,5.8125,0.5371997609420299,-0.045700102835595266,0.0,2.426484812311372,1
3.125,5.8125,0.4313024483762138,-0.049607478473450956,0.0,2.515643955093488,1
3.541666666666667,5.8125,0.3171078100966674,-0.0531676959779741,0.0,2.5779163759742487,1
3.9583333333333335,5.8125,0.19607385099310415,-0.05576286721533996,0.0,2.6173967286385684,1
4.375,5.8125,0.0670575548214609,-0.06035179933949374,0.0,2.474672835866953,1
4.791666666666667,5.8125,0.0,0.0,0.0,0.0,0
5.208333333333334,5.8125,0.0,0.0,0.0,0.0,0
5.625,5.8125,0.05638880171955513,0.05074992154775007,0.0,-1.8816239147449143,1
6.041666666666667,5.8125,0.16960718091514895,0.05114661972846056,0.0,-1.744632728512699,1
6.458333333333334,5.8125,0.28022480108957193,0.04840923842855952,0.0,-1.681587361713891,1
6.875,5.8125,0.3838281501684354,0.04483377574249951,0.0,-1.5979143073216224,1
7.291666666666667,5.8125,0.4789744236024871,0.04079787034805248,0.0,-1.4897791345525484,1
7.708333333333334,5.8125,0.5648467646391564,0.03648723658484872,0.0,-1.3632767837934567,1
8.125,5.8125,0.6410241937893466,0.03207244965024116,0.0,-1.2253213312133526,1
8.541666666666668,5.8125,0.7074514698841236,0.02771209883489997,0.0,-1.0824891286604186,1
8.958333333333334,5.8125,0.7644016591961127,0.023543071546289967,0.0,-0.9406204793740647,1
9.375,5.8125,0.8124198685614554,0.019673316883062442,0.0,-0.8045579960769207,1
9.791666666666668,5.8125,0.852255050279147,0.016178346663154857,0.0,-0.6779969232330953,1
10.208333333333334,5.8125,0.884788003357908,0.013101311107932653,0.0,-0.563448481669365,1
10.625,5.8125,0.9109628150167737,0.010456019385084402,0.0,-0.4623047032954728,1
11.041666666666668,5.8125,0.931727284462839,0.008232003116186626,0.0,-0.37498206683284907,1
11.458333333333334,5.8125,0.9479857708737061,0.006400634653397134,0.0,-0.30111497407798976,1
11.875,5.8125,0.9605658026221199,0.004921393920360255,0.0,-0.23976921784861405,1
12.291666666666668,5.8125,0.9701979932058362,0.003747577605439931,0.0,-0.18964935221463827,1
12.708333333333334,5.8125,0.9775075227926853,0.002830999023268918,0.0,-0.14928069557134868,1
13.125,5.8125,0.9830147194832611,0.0021254779984828795,0.0,-0.11715468987132562,1
13.541666666666668,5.8125,0.9871420580775053,0.0015891267362499182,0.0,-0.09183383336204004,1
13.958333333333334,5.8125,0.9902250651771791,0.001185579653162042,0.0,-0.0720182811336693,1
14.375,5.8125,0.9925250323020389,0.0008843907590429736,0.0,-0.05657999119829072,1
14.791666666666668,5.8125,0.9942419576260659,0.0006608420330408943,0.0,-0.04457204908146548,1
15.208333333333334,5.8125,0.9955266564977442,0.0004953869519770277,0.0,-0.035220945719303544,1
15.625,5.8125,0.9964914331640333,0.000372912047974897,0.0,-0.027908661125155592,1
16.041666666666668,5.8125,0.9972190581376044,0.0002819504283713505,0.0,-0.022149951041983633,1
16.458333333333336,5.8125,0.9977700414305938,0.00021393453496974202,0.0,-0.017568661350400923,1
16.875,5.8125,0.9981883427562861,0.00016253665776061373,0.0,-0.01387547285746684,1
17.291666666666668,5.8125,0.9985057356145596,0.00012311691473731995,0.0,-0.010848343902972344,1
17.708333333333336,5.8125,0.9987450646453249,9.227921321514048e-05,0.0,-0.008316102983303101,1
18.125,5.8125,0.9989226247849525,6.75249127014677e-05,0.0,-0.006145096373827867,1
18.541666666666668,5.8125,0.9990498531353007,4.6980602795459884e-05,0.0,-0.00422887287447655,1
18.958333333333336,5.8125,0.9991346210415013,2.9310513248294236e-05,0.0,-0.0024743315661896097,1
19.375,5.8125,0.9991804763309515,1.195924754193053e-05,0.0,-0.0008646139639294803,1
19.791666666666668,5.8125,0.9992060424721234,1.1050279545694245e-05,0.0,0.0003939113583333932,1
0.20833333333333334,6.1875,0.990039417949963,0.00896452384506239,0.0,2.4994109618131812,1
0.625,6.1875,0.9471289026525345,0.029654939922661265,0.0,2.010773888433386,1
1.0416666666666667,6.1875,0.8783822881054664,0.03221701316980316,0.0,2.0339505589444524,1
1.4583333333333335,6.1875,0.8039126665488556,0.034805646231152954,0.0,2.1162292423566473,1
1.875,6.1875,0.722987468951956,0.03802703160595291,0.0,2.2160291784964716,1
2.291666666666667,6.1875,0.6343564322968356,0.04174090138348005,0.0,2.3228685116630623,1
2.7083333333333335,6.1875,0.5371997609420299,0.045700102835595266,0.0,2.426484812311372,1
3.125,6.1875,0.4313024483762138,0.049607478473450956,0.0,2.515643955093488,1
3.541666666666667,6.1875,0.3171078100966674,0.0531676959779741,0.0,2.5779163759742487,1
3.9583333333333335,6.1875,0.19607385099310415,0.05576286721533996,0.0,2.6173967286385684,1
4.375,6.1875,0.0670575548214609,0.06035179933949374,0.0,2.474672835866953,1
4.791666666666667,6.1875,0.0,0.0,0.0,0.0,0
5.208333333333334,6.1875,0.0,0.0,0.0,0.0,0
5.625,6.1875,0.05638880171955513,-0.05074992154775007,0.0,-1.8816239147449143,1
6.041666666666667,6.1875,0.16960718091514895,-0.05114661972846056,0.0,-1.744632728512699,1
6.458333333333334,6.1875,0.28022480108957193,-0.04840923842855952,0.0,-1.681587361713891,1
6.875,6.1875,0.3838281501684354,-0.04483377574249951,0.0,-1.5979143073216224,1
7.291666666666667,6.1875,0.4789744236024871,-0.04079787034805248,0.0,-1.4897791345525484,1
7.708333333333334,6.1875,0.5648467646391564,-0.03648723658484872,0.0,-1.3632767837934567,1
8.125,6.1875,0.6410241937893466,-0.03207244965024116,0.0,-1.2253213312133526,1
8.541666666666668,6.1875,0.7074514698841236,-0.02771209883489997,0.0,-1.0824891286604186,1
8.958333333333334,6.1875,0.7644016591961127,-0.023543071546289967,0.0,-0.9406204793740647,1
9.375,6.1875,0.8124198685614554,-0.019673316883062442,0.0,-0.8045579960769207,1
9.791666666666668,6.1875,0.852255050279147,-0.016178346663154857,0.0,-0.6779969232330953,1
10.208333333333334,6.1875,0.884788003357908,-0.013101311107932653,0.0,-0.563448481669365,1
10.625,6.1875,0.9109628150167737,-0.010456019385084402,0.0,-0.4623047032954728,1
11.041666666666668,6.1875,0.931727284462839,-0.008232003116186626,0.0,-0.37498206683284907,1
11.458333333333334,6.1875,0.9479857708737061,-0.006400634653397134,0.0,-0.30111497407798976,1
11.875,6.1875,0.9605658026221199,-0.004921393920360255,0.0,-0.23976921784861405,1
12.291666666666668,6.1875,0.9701979932058362,-0.003747577605439931,0.0,-0.18964935221463827,1
12.708333333333334,6.1875,0.9775075227926853,-0.002830999023268918,0.0,-0.14928069557134868,1
13.125,6.1875,0.9830147194832611,-0.0021254779984828795,0.0,-0.11715468987132562,1
13.541666666666668,6.1875,0.9871420580775053,-0.0015891267362499182,0.0,-0.09183383336204004,1
13.958333333333334,6.1875,0.9902250651771791,-0.001185579653162042,0.0,-0.0720182811336693,1
14.375,6.1875,0.9925250323020389,-0.0008843907590429736,0.0,-0.05657999119829072,1
14.791666666666668,6.1875,0.9942419576260659,-0.0006608420330408943,0.0,-0.04457204908146548,1
15.208333333333334,6.1875,0.9955266564977442,-0.0004953869519770277,0.0,-0.035220945719303544,1
15.625,6.1875,0.9964914331640333,-0.000372912047974897,0.0,-0.027908661125155592,1
16.041666666666668,6.1875,0.9972190581376044,-0.0002819504283713505,0.0,-0.022149951041983633,1
16.458333333333336,6.1875,0.9977700414305938,-0.00021393453496974202,0.0,-0.017568661350400923,1
16.875,6.1875,0.9981883427562861,-0.00016253665776061373,0.0,-0.01387547285746684,1
17.291666666666668,6.1875,0.9985057356145596,-0.00012311691473731995,0.0,-0.010848343902972344,1
17.708333333333336,6.1875,0.9987450646453249,-9.227921321514048e-05,0.0,-0.008316102983303101,1
18.125,6.1875,0.9989226247849525,-6.75249127014677e-05,0.0,-0.006145096373827867,1
18.541666666666668,6.1875,0.9990498531353007,-4.6980602795459884e-05,0.0,-0.00422887287447655,1
18.958333333333336,6.1875,0.9991346210415013,-2.9310513248294236e-05,0.0,-0.0024743315661896097,1
19.375,6.1875,0.9991804763309515,-1.195924754193053e-05,0.0,-0.0008646139639294803,1
19.791666666666668,6.1875,0.9992060424721234,-1.1050279545694245e-05,0.0,0.0003939113583333932,1
0.20833333333333334,6.5625,1.0064600511362265,0.012115001667564015,0.0,1.1547323850538227,1
0.625,6.5625,1.0161218217293855,0.05642833233408995,0.0,0.7325131142817995,1
1.0416666666666667,6.5625,1.022307988833382,0.061748023457368115,0.0,0.6849596183439758,1
1.4583333333333335,6.5625,1.0287737078537773,0.06647814822652034,0.0,0.6585190618709633,1
1.875,6.5625,1.0362886714645612,0.07242374019816308,0.0,0.6265876879274564,1
2.291666666666667,6.5625,1.0448493064946103,0.07940755425376816,0.0,0.5878370984594958,1
2.7083333333333335,6.5625,1.0542704086099284,0.0869954622805518,0.0,0.5429233713375183,1
3.125,6.5625,1.0642512791411245,0.0946369168594505,0.0,0.4924741189955693,1
3.541666666666667,6.5625,1.0743936137566634,0.1017853308896596,0.0,0.43567251170240084,1
3.9583333333333335,6.5625,1.0845741616089293,0.10691330243003264,0.0,0.3861200059531284,1
4.375,6.5625,1.0918353031894918,0.11878100325750585,0.0,0.21002562500417132,1
4.791666666666667,6.5625,1.0929699007474292,0.0009014576198185773,0.0,0.06594131055044888,1
5.208333333333334,6.5625,1.090946561648947,0.0009195475689484675,0.0,0.0930016363633956,1
5.625,6.5625,1.0871455972560948,-0.09899852271082543,0.0,0.0788408293622804,1
6.041666666666667,6.5625,1.082260966538071,-0.10039839219542636,0.0,0.18786903064063,1
6.458333333333334,6.5625,1.0767968328704591,-0.09379560381781647,0.0,0.19852336333582127,1
6.875,6.5625,1.0690274237565491,-0.08569795632165417,0.0,0.1941544374191542,1
7.291666666666667,6.5625,1.0595809778965877,-0.0770635345855469,0.0,0.18315608956866847,1
7.708333333333334,6.5625,1.0492931733462438,-0.06824765518480419,0.0,0.1661238263252444,1
8.125,6.5625,1.0389201434638893,-0.05953599039111976,0.0,0.14394291769564646,1
8.541666666666668,6.5625,1.029077202810123,-0.051174459991150445,0.0,0.11816237680093794,1
8.958333333333334,6.5625,1.0202150024366432,-0.04335990043530104,0.0,0.09066901852162604,1
9.375,6.5625,1.0126162972441066,-0.0362340417502129,0.0,0.06335680785163929,1
9.791666666666668,6.5625,1.0064094118807225,-0.029883088515148384,0.0,0.037871938035326035,1
10.208333333333334,6.5625,1.0015936578193365,-0.024342048371657238,0.0,0.015453421188843875,1
10.625,6.5625,0.9980712956163764,-0.01960248663183916,0.0,-0.0031318657675835056,1
11.041666666666668,6.5625,0.9956809392230475,-0.015622237617018992,0.0,-0.017575090812181803,1
11.458333333333334,6.5625,0.9942283117295228,-0.012335673178381829,0.0,-0.027955755147174924,1
11.875,6.5625,0.993511636654032,-0.009663376401484888,0.0,-0.03464167038234442,1
12.291666666666668,6.5625,0.9933403629657388,-0.007520420331026911,0.0,-0.03818110236019939,1
12.708333333333334,6.5625,0.9935471331411951,-0.00582282608445462,0.0,-0.039203931430002004,1
13.125,6.5625,0.9939937743955264,-0.004492105087871975,0.0,-0.038342112620115526,1
13.541666666666668,6.5625,0.9945725875188269,-0.003458036192405866,0.0,-0.036173643248165195,1
13.958333333333334,6.5625,0.9952043663453178,-0.0026599775299571,0.0,-0.033189527891536987,1
14.375,6.5625,0.9958344894216464,-0.002047074063165401,0.0,-0.02978019579536292,1
14.791666666666668,6.5625,0.9964281833327586,-0.0015777160411643177,0.0,-0.026236389445878226,1
15.208333333333334,6.5625,0.9969657543219336,-0.0012185558193180297,0.0,-0.02275936635398519,1
15.625,6.5625,0.9974382887055551,-0.0009433231259218737,0.0,-0.01947590476992366,1
16.041666666666668,6.5625,0.9978440741433441,-0.0007316087205526929,0.0,-0.016454663149606925,1
16.458333333333336,6.5625,0.9981858105112131,-0.0005677239371480758,0.0,-0.013721586045736313,1
16.875,6.5625,0.9984685610373565,-0.0004396939219253778,0.0,-0.011273063897445226,1
17.291666666666668,6.5625,0.9986983312959007,-0.0003384064559695182,0.0,-0.009086336248497567,1
17.708333333333336,6.5625,0.998881141135759,-0.00025691465647049446,0.0,-0.0071271555106645545,1
18.125,6.5625,0.9990224586583297,-0.00018987936604859207,0.0,-0.005355011215351849,1
18.541666666666668,6.5625,0.9991268755153939,-0.00013310683687168623,0.0,-0.003726704097805074,1
18.958333333333336,6.5625,0.9991980536768421,-8.353574154909405e-05,0.0,-0.0021929648736881587,1
19.375,6.5625,0.9992372105639653,-3.4244979271341405e-05,0.0,-0.0007648033331612879,1
19.791666666666668,6.5625,0.9992597060370059,-3.2020001171319574e-05,0.0,0.0003573767896661429,1
0.20833333333333334,6.9375,1.002338996962969,0.004195858378161412,0.0,0.682160711678579,1
0.625,6.9375,1.0085835553818439,0.05003177951260286,0.0,0.6403323489160707,1
1.0416666666666667,6.9375,1.0162706666800618,0.05565862571698339,0.0,0.6103114449813938,1
1.4583333333333335,6.9375,1.0242351874390248,0.0595803301657134,0.0,0.5921900615492427,1
1.875,6.9375,1.0330853260133828,0.06459296629234908,0.0,0.5703866994710711,1
2.291666666666667,6.9375,1.0428718481614525,0.0707258866991928,0.0,0.5441413311017117,1
2.7083333333333335,6.9375,1.0534405464965184,0.07768630942961491,0.0,0.5145500544524456,1
3.125,6.9375,1.0644571906704168,0.08504830647552095,0.0,0.4828676570111987,1
3.541666666666667,6.9375,1.0753952990830726,0.09240154254809407,0.0,0.44915949645886244,1
3.9583333333333335,6.9375,1.0858399176592552,0.09773444098615534,0.0,0.42548035960302794,1
4.375,6.9375,1.0931645626941084,0.11483265674795254,0.0,0.3134515850134268,1
4.791666666666667,6.9375,1.0933664480914698,0.0036469694699973816,0.0,0.15589750597395,1
5.208333333333334,6.9375,1.0891000217933469,0.003834824575853045,0.0,0.1804826098264587,1
5.625,6.9375,1.0822555780021685,-0.09233293235229717,0.0,0.11420798927054122,1
6.041666666666667,6.9375,1.0738560310858383,-0.09510822268318755,0.0,0.17802644891397948,1
6.458333333333334,6.9375,1.065823840644288,-0.0869390816316207,0.0,0.17349378281559086,1
6.875,6.9375,1.0569489211847012,-0.0775745827912896,0.0,0.1599211910934297,1
7.291666666666667,6.9375,1.0476491046289742,-0.0683152719416732,0.0,0.14420948524011332,1
7.708333333333334,6.9375,1.0384605780035554,-0.059467219770349786,0.0,0.12657614762824682,1
8.125,6.9375,1.0298216730187517,-0.05120568442515456,0.0,0.10731265063906786,1
8.541666666666668,6.9375,1.0220458513237922,-0.043647879843817114,0.0,0.08713791926164623,1
8.958333333333334,6.9375,1.0153231510848693,-0.03686007003175239,0.0,0.06698045225518785,1
9.375,6.9375,1.0097332065362183,-0.030864087386709704,0.0,0.04777052304227396,1
9.791666666666668,6.9375,1.0052654026224537,-0.025645822529007406,0.0,0.030293830682668284,1
10.208333333333334,6.9375,1.0018423637518725,-0.021164400719027927,0.0,0.015109949453988575,1
10.625,6.9375,0.9993434404530781,-0.01736097733318791,0.0,0.002527298024576755,1
11.041666666666668,6.9375,0.9976256943991576,-0.014166454713525935,0.0,-0.007379619931412297,1
11.458333333333334,6.9375,0.9965408684646692,-0.011507747996869402,0.0,-0.01472677231853427,1
11.875,6.9375,0.9959477561724457,-0.00931249295204795,0.0,-0.019765622460085328,1
12.291666666666668,6.9375,0.9957201190958962,-0.007512284092441658,0.0,-0.02282797516335847,1
12.708333333333334,6.9375,0.9957507834361654,-0.006044653387247509,0.0,-0.02427802885820813,1
13.125,6.9375,0.9959527838554787,-0.004854055291527375,0.0,-0.024475327084363268,1
13.541666666666668,6.9375,0.9962584610685026,-0.003892127291476567,0.0,-0.023749425805819083,1
13.958333333333334,6.9375,0.9966173248699499,-0.003117464795950453,0.0,-0.022385199701100044,1
14.375,6.9375,0.9969933301383982,-0.0024951023076206563,0.0,-0.02061671988071266,1
14.791666666666668,6.9375,0.9973620307774962,-0.0019958428918874973,0.0,-0.018627338504096785,1
15.208333333333334,6.9375,0.9977079090363115,-0.0015955332916841574,0.0,-0.016553766507715166,1
15.625,6.9375,0.9980220423218322,-0.0012743465551923695,0.0,-0.014492317932114272,1
16.041666666666668,6.9375,0.9983001712112962,-0.0010161081852224263,0.0,-0.012505956171485394,1
16.458333333333336,6.9375,0.9985411679020022,-0.0008076842250854975,0.0,-0.010631218541059544,1
16.875,6.9375,0.9987458671223723,-0.0006384384055888682,0.0,-0.008884462994073182,1
17.291666666666668,6.9375,0.9989162040919224,-0.0004997584774492996,0.0,-0.007267160057270851,1
17.708333333333336,6.9375,0.9990545997111444,-0.00038464754860627294,0.0,-0.005770149096137051,1
18.125,6.9375,0.9991635369260821,-0.0002873757380850257,0.0,-0.004376885730877061,1
18.541666666666668,6.9375,0.9992452727678964,-0.00020314789486868218,0.0,-0.0030661056184682046,1
18.958333333333336,6.9375,0.9993017551508332,-0.0001283891752258083,0.0,-0.0018088411412639756,1
19.375,6.9375,0.9993332428459402,-5.297167111479109e-05,0.0,-0.0006276436930126158,1
19.791666666666668,6.9375,0.9993516907003339,-5.014230481427702e-05,0.0,0.00029713491424698314,1
0.20833333333333334,7.3125,1.0007607776350649,0.0014060612396023932,0.0,0.5253536283296109,1
0.625,7.3125,1.0049834578103767,0.043401061916154934,0.0,0.6001099920590365,1
1.0416666666666667,7.3125,1.0118918935550867,0.04915335097483907,0.0,0.5819255736768577,1
1.4583333333333335,7.3125,1.0191226912463114,0.0524098183025503,0.0,0.5689580658768256,1
1.875,7.3125,1.0271341130243545,0.056588073837957484,0.0,0.5532288488945168,1
2.291666666666667,7.3125,1.0360523346484642,0.06189650975835631,0.0,0.5340191588483172,1
2.7083333333333335,7.3125,1.045846440246867,0.06818916283006851,0.0,0.512008304788733,1
3.125,7.3125,1.0563298938733057,0.07519536505425614,0.0,0.4880353686362542,1
3.541666666666667,7.3125,1.0671287401088199,0.08269122478595672,0.0,0.4620260584021338,1
3.9583333333333335,7.3125,1.0778922664591883,0.0883574283146195,0.0,0.44302204706096887,1
4.375,7.3125,1.0867250312279895,0.10966800059615342,0.0,0.3655292725383529,1
4.791666666666667,7.3125,1.0888685670605196,0.00670074651480234,0.0,0.1803988642320058,1
5.208333333333334,7.3125,1.0860095914173207,0.007193909277887412,0.0,0.20003992215580924,1
5.625,7.3125,1.0797803404129724,-0.08392569173903382,0.0,0.09632774677013162,1
6.041666666666667,7.3125,1.0708368935760544,-0.08790676891861077,0.0,0.13973853859532645,1
6.458333333333334,7.3125,1.0621192539192656,-0.07906568830747035,0.0,0.13890472353345337,1
6.875,7.3125,1.0530454499215476,-0.06929412500380913,0.0,0.1306618374419169,1
7.291666666666667,7.3125,1.0440219198359495,-0.06010471775162371,0.0,0.12013439330197062,1
7.708333333333334,7.3125,1.0354780330154285,-0.051718601858778655,0.0,0.10761324274448748,1
8.125,7.3125,1.0277191254759894,-0.04419627106503214,0.0,0.09348457164013092,1
8.541666666666668,7.3125,1.0209251133232704,-0.037544442741132306,0.0,0.07843406615705081,1
8.958333333333334,7.3125,1.0151693431252404,-0.031732883741101156,0.0,0.06324930728422995,1
9.375,7.3125,1.0104423610994844,-0.02670603976036508,0.0,0.04866190156085034,1
9.791666666666668,7.3125,1.006676303934677,-0.0223933951846065,0.0,0.035254753146814144,1
10.208333333333334,7.3125,1.0037671700289017,-0.018717872565012953,0.0,0.02342415828796348,1
10.625,7.3125,1.001593310867138,-0.015602001273142818,0.0,0.013381433072138795,1
11.041666666666668,7.3125,1.000029464981015,-0.012971998027670163,0.0,0.005178705044733131,1
11.458333333333334,7.3125,0.9989564184118369,-0.010760119429140208,0.0,-0.0012540810031969954,1
11.875,7.3125,0.9982668638627301,-0.008905721362233408,0.0,-0.006070332020563196,1
12.291666666666668,7.3125,0.9978682640371599,-0.007355442470627169,0.0,-0.009471927690893228,1
12.708333333333334,7.3125,0.997683561019271,-0.006062860199701939,0.0,-0.011681076887270188,1
13.125,7.3125,0.9976504838329101,-0.004987879389304062,0.0,-0.012919580846740825,1
13.541666666666668,7.3125,0.9977200553309051,-0.004096027034007135,0.0,-0.01339491252518955,1
13.958333333333334,7.3125,0.9978547359019009,-0.0033577549885323073,0.0,-0.013291928846307569,1
14.375,7.3125,0.9980264949115214,-0.0027477999649657124,0.0,-0.01276888385602155,1
14.791666666666668,7.3125,0.99821498482381,-0.0022446167306321395,0.0,-0.011956509178705551,1
15.208333333333334,7.3125,0.9984059096110202,-0.0018298821941007738,0.0,-0.010959134205923178,1
15.625,7.3125,0.9985896240267433,-0.001488060583398395,0.0,-0.009857044329197878,1
16.041666666666668,7.3125,0.9987599668571481,-0.001206018704918751,0.0,-0.008709482302196878,1
16.458333333333336,7.3125,0.9989133127177645,-0.0009726820015871012,0.0,-0.007557869406733708,1
16.875,7.3125,0.9990478179875741,-0.0007787246698049814,0.0,-0.006428959234258049,1
17.291666666666668,7.3125,0.9991628332766949,-0.0006162892455853202,0.0,-0.00533774262096375,1
17.708333333333336,7.3125,0.9992584549449061,-0.0004787323387167783,0.0,-0.004290004111756779,1
18.125,7.3125,0.9993351905421398,-0.00036039647890644176,0.0,-0.0032844755626921093,1
18.541666666666668,7.3125,0.9993937102421784,-0.00025635714246189284,0.0,-0.0023148575546127637,1
18.958333333333336,7.3125,0.9994347583465872,-0.00016295736717279253,0.0,-0.0013673147909718257,1
19.375,7.3125,0.9994580013834581,-6.766113861029051e-05,0.0,-0.00046952592038842204,1
19.791666666666668,7.3125,0.9994719150920979,-6.457824435551953e-05,0.0,0.00022824925736189826,1
0.20833333333333334,7.6875,1.0002426233906743,0.0005030003163532659,0.0,0.47125152573822,1
0.625,7.6875,1.0034872805792934,0.03758351921150335,0.0,0.5717008965485191,1
1.0416666666666667,7.6875,1.0095740882928417,0.0432751745670458,0.0,0.5617096767126168,1
1.4583333333333335,7.6875,1.016031203568176,0.04596887304024902,0.0,0.5520148651604595,1
1.875,7.6875,1.0231710309879745,0.0493928948217614,0.0,0.5402130285689343,1
2.291666666666667,7.6875,1.03115472821819,0.05387996180558652,0.0,0.5258388107718018,1
2.7083333333333335,7.6875,1.0400370155705416,0.059396957126863714,0.0,0.5093452257551171,1
3.125,7.6875,1.0497529032066855,0.0658081636209938,0.0,0.49131737255141034,1
3.541666666666667,7.6875,1.0600766284353456,0.07306811190164478,0.0,0.4717070325884388,1
3.9583333333333335,7.6875,1.0707390975499498,0.07869714528076888,0.0,0.4564007777228801,1
4.375,7.6875,1.0805502968797849,0.10254871594154885,0.0,0.41010749319457995,1
4.791666666666667,7.6875,1.084193713517009,0.008611773946512014,0.0,0.20316620058836563,1
5.208333333333334,7.6875,1.0824991872874108,0.009381033531228,0.0,0.2180575555926604,1
5.625,7.6875,1.076845473661856,-0.07541814782577991,0.0,0.08240558133884095,1
6.041666666666667,7.6875,1.0675743601172114,-0.0800212084883326,0.0,0.10821406486274299,1
6.458333333333334,7.6875,1.0584696234846558,-0.07091111007737164,0.0,0.11088038815847794,1
6.875,7.6875,1.0494559250109656,-0.0611699510099392,0.0,0.10767631512103736,1
7.291666666666667,7.6875,1.0408859560877013,-0.05239474263731092,0.0,0.10182595381903013,1
7.708333333333334,7.6875,1.033059903301245,-0.04469563132635376,0.0,0.09369360484751735,1
8.125,7.6875,1.0261512936056931,-0.03801847608566655,0.0,0.08377772641285482,1
8.541666666666668,7.6875,1.020226033244366,-0.032274892457582666,0.0,0.07276626462253495,1
8.958333333333334,7.6875,1.0152707808862804,-0.027362513723822562,0.0,0.061366599449060026,1
9.375,7.6875,1.0112195665542663,-0.023176033055641636,0.0,0.05019345538978648,1
9.791666666666668,7.6875,1.0079761132574376,-0.01961484247437073,0.0,0.0397168997801674,1
10.208333333333334,7.6875,1.0054309804019566,-0.01658758519067154,0.0,0.030252276235897855,1
10.625,7.6875,1.0034736123147066,-0.01401418412384816,0.0,0.021975089499807646,1
11.041666666666668,7.6875,1.0019999779529718,-0.011826082953788938,0.0,0.014947626995421357,1
11.458333333333334,7.6875,1.0009167627513862,-0.00996539890874142,0.0,0.00914836586041467,1
11.875,7.6875,1.0001430999386973,-0.008383546256539812,0.0,0.004499008789498316,1
12.291666666666668,7.6875,0.9996107030818748,-0.007039720562262281,0.0,0.0008868339321449399,1
12.708333333333334,7.6875,0.9992630692452817,-0.005899478939906061,0.0,-0.0018181389532120778,1
13.125,7.6875,0.9990542237881792,-0.00493353027073545,0.0,-0.0037507028018724754,1
13.541666666666668,7.6875,0.9989473081950586,-0.004116766467513409,0.0,-0.005041901586969423,1
13.958333333333334,7.6875,0.998913184903433,-0.00342751710601499,0.0,-0.005813481557281275,1
14.375,7.6875,0.9989291472103277,-0.0028469870316024572,0.0,-0.006174600657065355,1
14.791666666666668,7.6875,0.9989777701619122,-0.0023588312414641625,0.0,-0.00622019571182005,1
15.208333333333334,7.6875,0.999045909927682,-0.001948825780719198,0.0,-0.006030546463143964,1
15.625,7.6875,0.9991238455997888,-0.0016046020759994252,0.0,-0.005671682287495793,1
16.041666666666668,7.6875,0.999204551978994,-0.0013154215014846069,0.0,-0.005196356288906757,1
16.458333333333336,7.6875,0.9992830904191317,-0.0010719750753426626,0.0,-0.004645370286249842,1
16.875,7.6875,0.9993561048650856,-0.0008661993398714065,0.0,-0.0040490808985157835,1
17.291666666666668,7.6875,0.9994214107649342,-0.0006911036453516557,0.0,-0.0034289578842382185,1
17.708333333333336,7.6875,0.9994776652060355,-0.0005406064369104384,0.0,-0.0027991029253899725,1
18.125,7.6875,0.9995241077340553,-0.00040938269356768746,0.0,-0.002167656727106698,1
18.541666666666668,7.6875,0.9995603577702703,-0.0002926636907494084,0.0,-0.0015382723422535248,1
18.958333333333336,7.6875,0.9995863331700785,-0.00018697197305568073,0.0,-0.0009081767557546869,1
19.375,7.6875,0.9996013823847945,-7.810955897937665e-05,0.0,-0.00030501222078528666,1
19.791666666666668,7.6875,0.9996106657285425,-7.500717087062294e-05,0.0,0.00015733224825866492,1
0.20833333333333334,8.0625,1.0000770497764155,0.00021529446566878607,0.0,0.44990358087662097,1
0.625,8.0625,1.002781749019043,0.03251680427377657,0.0,0.5495146286754761,1
1.0416666666666667,8.0625,1.0081975222789277,0.037989566628745836,0.0,0.5455152606584385,1
1.4583333333333335,8.0625,1.014016594977766,0.04020591180165571,0.0,0.5380910314790032,1
1.875,8.0625,1.020419059749475,0.04296779308786479,0.0,0.5289472871832345,1
2.291666666666667,8.0625,1.0275728546858074,0.04668132058961205,0.0,0.517972683277533,1
2.7083333333333335,8.0625,1.0355855362012583,0.0513901263619855,0.0,0.505524369553553,1
3.125,8.0625,1.0444831508694685,0.05706284231204837,0.0,0.492058956926068,1
3.541666666666667,8.0625,1.0541693308723747,0.06380451850192764,0.0,0.47768164815328107,1
3.9583333333333335,8.0625,1.064459140211853,0.06910368807184537,0.0,0.4652658353847958,1
4.375,8.0625,1.0748100092116997,0.09399631165390449,0.0,0.4460700797453678,1
4.791666666666667,8.0625,1.0795562915670232,0.009613449140663817,0.0,0.22376426549774828,1
5.208333333333334,8.0625,1.0788042643181508,0.010581256467424327,0.0,0.23385416399212872,1
5.625,8.0625,1.0736931835714172,-0.0669300558270127,0.0,0.07257736868986724,1
6.041666666666667,8.0625,1.0643091685768764,-0.07171968480174631,0.0,0.08361372084961743,1
6.458333333333334,8.0625,1.0550824098759732,-0.06271428796393305,0.0,0.08929642543062183,1
6.875,8.0625,1.046323733595068,-0.053371635844283546,0.0,0.09045777595935055,1
7.291666666666667,8.0625,1.0383059396198067,-0.045264071194056045,0.0,0.08849889486122439,1
7.708333333333334,8.0625,1.0311981145189912,-0.03838581267069781,0.0,0.08387536743186387,1
8.125,8.0625,1.0250582343584465,-0.03258465387033002,0.0,0.07721770865130079,1
8.541666666666668,8.0625,1.019864826403683,-0.027701913188022176,0.0,0.06924646051223433,1
8.958333333333334,8.0625,1.015547241797571,-0.023589939725419985,0.0,0.060633129254779906,1
9.375,8.0625,1.0120092690996092,-0.02011833872684215,0.0,0.05192885108469934,1
9.791666666666668,8.0625,1.009145895819807,-0.0171763928842592,0.0,0.04354356053666358,1
10.208333333333334,8.0625,1.0068540977444438,-0.014672796943121343,0.0,0.03575420003553627,1
10.625,8.0625,1.0050389565555289,-0.012533714022747815,0.0,0.028726373727071465,1
11.041666666666668,8.0625,1.0036164658004276,-0.01070004044929399,0.0,0.022539566123104673,1
11.458333333333334,8.0625,1.0025142157625924,-0.009124522696838295,0.0,0.01721058761455792,1
11.875,8.0625,1.0016708740573392,-0.00776911840171058,0.0,0.012713040750050694,1
12.291666666666668,8.0625,1.001035093817777,-0.006602789030231244,0.0,0.008992445870734946,1
12.708333333333334,8.0625,1.0005642388140603,-0.005599770516100319,0.0,0.005977542043808796,1
13.125,8.0625,1.0002231354893782,-0.004738284791745331,0.0,0.0035885475880162968,1
13.541666666666668,8.0625,0.9999829446231194,-0.003999616133637435,0.0,0.0017431191067075495,1
13.958333333333334,8.0625,0.9998201780347857,-0.0033674665478663716,0.0,0.00036058994028420176,1
14.375,8.0625,0.9997158531989605,-0.0028275113131274697,0.0,-0.0006350942558895473,1
14.791666666666668,8.0625,0.9996547671310807,-0.0023670901544888645,0.0,-0.0013134498249961254,1
15.208333333333334,8.0625,0.9996248702099264,-0.001974985427110265,0.0,-0.0017363259222659619,1
15.625,8.0625,0.9996167241627858,-0.0016412530915566178,0.0,-0.0019574050755208393,1
16.041666666666668,8.0625,0.9996230326742681,-0.0013570838869337602,0.0,-0.002022192586025315,1
16.458333333333336,8.0625,0.9996382364630749,-0.0011146806947579268,0.0,-0.001968371070189471,1
16.875,8.0625,0.9996581668244071,-0.0009071440459888903,0.0,-0.0018264122204304256,1
17.291666666666668,8.0625,0.9996797527749888,-0.0007283616042859905,0.0,-0.0016203534877298697,1
17.708333333333336,8.0625,0.999700777447843,-0.0005728996805073769,0.0,-0.0013686656429819706,1
18.125,8.0625,0.9997196798631001,-0.00043589989968476637,0.0,-0.001085145566796472,1
18.541666666666668,8.0625,0.999735395368758,-0.0003129154733412171,0.0,-0.0007799387224639589,1
18.958333333333336,8.0625,0.9997472820541301,-0.00020079606777945928,0.0,-0.00045827881500878513,1
19.375,8.0625,0.9997545631644983,-8.43827571581747e-05,0.0,-0.00014399545254967854,1
19.791666666666668,8.0625,0.9997593676546288,-8.141302309621032e-05,0.0,8.842150888758436e-05,1
0.20833333333333334,8.4375,1.000026112291979,0.00012244860377753002,0.0,0.4389573558879021,1
0.625,8.4375,1.0023948089868062,0.02804359379158887,0.0,0.5315724783440847,1
1.0416666666666667,8.4375,1.0073002834737625,0.03317365413868573,0.0,0.5320725831158369,1
1.4583333333333335,8.4375,1.0126300830937252,0.03498783920497438,0.0,0.5262949676571518,1
1.875,8.4375,1.0184494033716849,0.03718625914002416,0.0,0.5189675821179978,1
2.291666666666667,8.4375,1.0249150881504665,0.04020532279415085,0.0,0.5103561145807147,1
2.7083333333333335,8.4375,1.0321614175165013,0.04413301436451153,0.0,0.5007941145360106,1
3.125,8.4375,1.0402756538585827,0.04900928840038087,0.0,0.4906856525690774,1
3.541666666666667,8.4375,1.0492641418762034,0.055050871195426204,0.0,0.48035841943992513,1
3.9583333333333335,8.4375,1.0590171479357433,0.05981880151916577,0.0,0.47000507400236785,1
4.375,8.4375,1.0695545919975817,0.08448171645049737,0.0,0.4731466285609883,1
4.791666666666667,8.4375,1.0750598757845549,0.009901634815656365,0.0,0.24194487282528956,1
5.208333333333334,8.4375,1.0750531930017722,0.010975909820545873,0.0,0.24701369738849377,1
5.625,8.4375,1.070452607684908,-0.058584209723353015,0.0,0.06671585862511047,1
6.041666666666667,8.4375,1.0611502182764874,-0.06324776694308891,0.0,0.06561891155621088,1
6.458333333333334,8.4375,1.0520210824555947,-0.054665900753208,0.0,0.07356495615408304,1
6.875,8.4375,1.0436527034664436,-0.04600567331183755,0.0,0.0781434351854317,1
7.291666666666667,8.4375,1.0362274724889513,-0.03873131126878829,0.0,0.07914367331393586,1
7.708333333333334,8.4375,1.0297957948684109,-0.03273302014623792,0.0,0.07712549369317409,1
8.125,8.4375,1.024323746332961,-0.02778671056781904,0.0,0.07285277156880901,1
8.541666666666668,8.4375,1.0197294795743685,-0.023690949248242468,0.0,0.06708723605103224,1
8.958333333333334,8.4375,1.0159095954677353,-0.02027718182356695,0.0,0.06048327929360705,1
9.375,8.4375,1.0127563978490124,-0.01740904334374102,0.0,0.05355313374652024,1
9.791666666666668,8.4375,1.0101679563205122,-0.014979054939782601,0.0,0.046670410601780676,1
10.208333333333334,8.4375,1.0080530122784621,-0.012904066981770101,0.0,0.04009067666303995,1
10.625,8.4375,1.0063325476328688,-0.011120398732737806,0.0,0.033976593921525605,1
11.041666666666668,8.4375,1.0049394477018474,-0.009579324121359891,0.0,0.028421298865144877,1
11.458333333333334,8.4375,1.0038172604621,-0.00824324547454353,0.0,0.02346759923736006,1
11.875,8.4375,1.0029186747493852,-0.0070826609475213975,0.0,0.019122715059369202,1
12.291666666666668,8.4375,1.0022040519612343,-0.006073883759621935,0.0,0.01536923765063514,1
12.708333333333334,8.4375,1.0016401539658342,-0.005197398087557653,0.0,0.012173215436859588,1
13.125,8.4375,1.0011990983398973,-0.004436714164948485,0.0,0.009490171042420044,1
13.541666666666668,8.4375,1.0008575178157195,-0.0037775925094228387,0.0,0.007269642370087901,1
13.958333333333334,8.4375,1.000595882212366,-0.003207528199732991,0.0,0.005458639067213421,1
14.375,8.4375,1.0003979414674329,-0.0027154106382606155,0.0,0.004004260071982829,1
14.791666666666668,8.4375,1.000250256626995,-0.002291297011252526,0.0,0.0028556279373145262,1
15.208333333333334,8.4375,1.000141795483589,-0.0019262563119895543,0.0,0.0019652491427969146,1
15.625,8.4375,1.0000635780151415,-0.0016122550424250226,0.0,0.0012898885302708842,1
16.041666666666668,8.4375,1.0000083629230219,-0.0013420660127811596,0.0,0.000791038062311118,1
16.458333333333336,8.4375,0.9999703704811032,-0.001109188779914633,0.0,0.0004350555957560141,1
16.875,8.4375,0.9999450390906546,-0.000907775033654135,0.0,0.00019304506886115528,1
17.291666666666668,8.4375,0.9999288139649429,-0.000732555358757473,0.0,4.054265855521903e-05,1
17.708333333333336,8.4375,0.9999189667391035,-0.0005787656285878586,0.0,-4.2934956321955395e-05,1
18.125,8.4375,0.9999134450688453,-0.00044207662275303573,0.0,-7.442702165332868e-05,1
18.541666666666668,8.4375,0.9999107498472377,-0.0003184570069509206,0.0,-6.81859643783107e-05,1
18.958333333333336,8.4375,0.9999098663178773,-0.0002051573748941554,0.0,-3.5180416583802914e-05,1
19.375,8.4375,0.9999100221522307,-8.67147002957759e-05,0.0,7.082482953240616e-06,1
19.791666666666668,8.4375,0.9999106531778983,-8.397304422695911e-05,0.0,2.3966842702533623e-05,1
0.20833333333333334,8.8125,1.0000114246019551,8.866539913970572e-05,0.0,0.43153629030999147,1
0.625,8.8125,1.002152535854036,0.02401854984364991,0.0,0.5169553434008614,1
1.0416666666666667,8.8125,1.0066783232930563,0.028710562353174558,0.0,0.5208725124428566,1
1.4583333333333335,8.8125,1.0116428368617019,0.030186049121025994,0.0,0.5163172148647118,1
1.875,8.8125,1.017014866642695,0.03191583417122695,0.0,0.5102263674137839,1
2.291666666666667,8.8125,1.0229304081423103,0.034332644112659794,0.0,0.5032200002620747,1
2.7083333333333335,8.8125,1.0295315137178558,0.037543001598759895,0.0,0.49563848978660824,1
3.125,8.8125,1.0369408450379312,0.041628090270565056,0.0,0.48786701133489524,1
3.541666666666667,8.8125,1.0452385670923898,0.046874480260889334,0.0,0.4804670927267696,1
3.9583333333333335,8.8125,1.0543743004646324,0.05099532696527256,0.0,0.4713830209716069,1
4.375,8.8125,1.0648283903339464,0.07441281046590097,0.0,0.4918290402609698,1
4.791666666666667,8.8125,1.0708060366659709,0.009635903692732761,0.0,0.25767512308171747,1
5.208333333333334,8.8125,1.0713732055420038,0.01073720345906778,0.0,0.2573981477915495,1
5.625,8.8125,1.06724759214165,-0.05049192451709719,0.0,0.06442750881287602,1
6.041666666666667,8.8125,1.0581869819028693,-0.054813352467421333,0.0,0.053532087324146486,1
6.458333333333334,8.8125,1.0493215192338523,-0.04690517658837427,0.0,0.06284353709826301,1
6.875,8.8125,1.041422541994887,-0.03912577687154982,0.0,0.06979139938409641,1
7.291666666666667,8.8125,1.0345845588902969,-0.032774315035127205,0.0,0.0728220943078749,1
7.708333333333334,8.8125,1.0287604270368873,-0.027659787852969606,0.0,0.07259112526887442,1
8.125,8.8125,1.0238500046808936,-0.02351571905804126,0.0,0.06997299891694155,1
8.541666666666668,8.8125,1.0197348630157803,-0.02012347317604289,0.0,0.06575841335708948,1
8.958333333333334,8.8125,1.0162973026356077,-0.017312957857438537,0.0,0.06058401795650174,1
9.375,8.8125,1.0134301232041898,-0.01495492796498486,0.0,0.05492943445774312,1
9.791666666666668,8.8125,1.0110404567547655,-0.012952873138571937,0.0,0.049139446958880256,1
10.208333333333334,8.8125,1.0090501023751477,-0.011235480203523576,0.0,0.043452639715555144,1
10.625,8.8125,1.007394099674545,-0.00975016489932468,0.0,0.038027938895268606,1
11.041666666666668,8.8125,1.0060186597349654,-0.008457872070925757,0.0,0.032966030369105476,1
11.458333333333334,8.8125,1.0048790844074889,-0.007329111214186423,0.0,0.02832542794521936,1
11.875,8.8125,1.0039379657030603,-0.006341061232543261,0.0,0.02413412031135291,1
12.291666666666668,8.8125,1.0031637501480488,-0.0054755289659659265,0.0,0.020397972365022967,1
12.708333333333334,8.8125,1.0025296452998846,-0.004717550321914697,0.0,0.017106893599528685,1
13.125,8.8125,1.0020128025722417,-0.004054453412503701,0.0,0.01423950495757269,1
13.541666666666668,8.8125,1.0015937038650216,-0.0034752419534923593,0.0,0.011766774023714016,1
13.958333333333334,8.8125,1.0012556897383433,-0.0029701939983675413,0.0,0.009654899251613858,1
14.375,8.8125,1.0009845823642185,-0.0025306015324615154,0.0,0.007867603965046696,1
14.791666666666668,8.8125,1.0007683712832511,-0.0021485997878861875,0.0,0.006367935431763865,1
15.208333333333334,8.8125,1.0005969417895844,-0.001817051962036641,0.0,0.005119633873028955,1
15.625,8.8125,1.0004618341731935,-0.0015294668161910737,0.0,0.004088123870662538,1
16.041666666666668,8.8125,1.000356027533341,-0.0012799346803065619,0.0,0.0032411774528738834,1
16.458333333333336,8.8125,1.000273745177206,-0.0010630727937026977,0.0,0.0025492973328592686,1
16.875,8.8125,1.0002102804177033,-0.0008739744843979517,0.0,0.0019858675251119605,1
17.291666666666668,8.8125,1.0001618424475822,-0.0007081591216011969,0.0,0.0015271162719797489,1
17.708333333333336,8.8125,1.0001254223192153,-0.0005615212468920864,0.0,0.0011519327001470645,1
18.125,8.8125,1.000098679287614,-0.00043028277264305466,0.0,0.0008415775952242751,1
18.541666666666668,8.8125,1.0000798480415551,-0.00031087703633812406,0.0,0.0005793215813314406,1
18.958333333333336,8.8125,1.000067670838815,-0.00020098268666449487,0.0,0.00035013985547755047,1
19.375,8.8125,1.000061461232254,-8.544099339349993e-05,0.0,0.00014426760190514807,1
19.791666666666668,8.8125,1.0000583161301222,-8.29840824133337e-05,0.0,-3.456384698010911e-05,1
0.20833333333333334,9.1875,1.0000077070491658,7.144691306605333e-05,0.0,0.4256575460169462,1
0.625,9.1875,1.0019864148468756,0.020327931185103093,0.0,0.5051014345155995,1
1.0416666666666667,9.1875,1.0062305474716902,0.024508252954501958,0.0,0.5116200551694285,1
1.4583333333333335,9.1875,1.0109246592787633,0.025695595681842306,0.0,0.507986550534676,1
1.875,9.1875,1.0159590879459601,0.02704047500758424,0.0,0.5027336359429544,1
2.291666666666667,9.1875,1.0214451736715484,0.028946538773907272,0.0,0.4967902762270099,1
2.7083333333333335,9.1875,1.0275205070091897,0.031520311915936995,0.0,0.4905088054399508,1
3.125,9.1875,1.034323184034451,0.03485997244304182,0.0,0.4842603733311509,1
3.541666666666667,9.1875,1.0419805140155523,0.039283051256766954,0.0,0.4788075170187174,1
3.9583333333333335,9.1875,1.0504833121670774,0.04271207759811442,0.0,0.4703078669933471,1
4.375,9.1875,1.0606643892623693,0.06412440956484562,0.0,0.5031657907241773,1
4.791666666666667,9.1875,1.0668876935938245,0.008943448996337151,0.0,0.27105473655848733,1
5.208333333333334,9.1875,1.0678837209553498,0.010022781541120735,0.0,0.265104584733834,1
5.625,9.1875,1.0641919984836141,-0.0427419003146664,0.0,0.06510350514453968,1
6.041666666666667,9.1875,1.0554898541949433,-0.046576897595542274,0.0,0.0463943552152991,1
6.458333333333334,9.1875,1.0469979979688337,-0.03952004445490683,0.0,0.05616341925397938,1
6.875,9.1875,1.039598223522435,-0.032742032488295596,0.0,0.06448185644297438,1
7.291666666666667,9.1875,1.033308887148868,-0.02734347188813292,0.0,0.0687233351012497,1
7.708333333333334,9.1875,1.0280099197788548,-0.02307984169876189,0.0,0.06960617159271455,1
8.125,9.1875,1.0235587691181007,-0.019670249496458625,0.0,0.06807402750436967,1
8.541666666666668,9.1875,1.0198191684552036,-0.016899674641603336,0.0,0.0649213734998052,1
8.958333333333334,9.1875,1.016671554884887,-0.014610099836204586,0.0,0.06075622743936808,1
9.375,9.1875,1.0140158262384011,-0.012687168716111814,0.0,0.056023144262767256,1
9.791666666666668,9.1875,1.0117702593669913,-0.01104892239867173,0.0,0.05103854439703774,1
10.208333333333334,9.1875,1.0098687885958415,-0.00963678830742462,0.0,0.04602376103611697,1
10.625,9.1875,1.0082579197405876,-0.008408672394732595,0.0,0.041131320570467235,1
11.041666666666668,9.1875,1.0068939263701386,-0.007333874595891227,0.0,0.036464193623771374,1
11.458333333333334,9.1875,1.0057405752621753,-0.006389474896782971,0.0,0.03208932668774101,1
11.875,9.1875,1.0047674044086046,-0.005557836947744323,0.0,0.028047057978973344,1
12.291666666666668,9.1875,1.0039484739681908,-0.004824921854921428,0.0,0.024357779793507114,1
12.708333333333334,9.1875,1.003261479876743,-0.004179168387713157,0.0,0.02102682668283858,1
13.125,9.1875,1.0026871259334922,-0.0036107583433162144,0.0,0.018048220627454956,1
13.541666666666668,9.1875,1.002208670681024,-0.0031111384587971494,0.0,0.01540764952299771,1
13.958333333333334,9.1875,1.0018115881391898,-0.0026727104911358317,0.0,0.013084890714963611,1
14.375,9.1875,1.001483301036219,-0.0022886300101250382,0.0,0.011055795805111237,1
14.791666666666668,9.1875,1.0012129600634605,-0.0019526744616030108,0.0,0.009293903590079823,1
15.208333333333334,9.1875,1.0009912531196363,-0.001659154494159331,0.0,0.007771724278524218,1
15.625,9.1875,1.0008102354121655,-0.0014028514924588308,0.0,0.006461729506669136,1
16.041666666666668,9.1875,1.000663175625974,-0.0011789702208178919,0.0,0.005337079796154346,1
16.458333333333336,9.1875,1.000544415965007,-0.0009830994378020748,0.0,0.00437212110666846,1
16.875,9.1875,1.0004492453298957,-0.0008111759846964859,0.0,0.0035426818333746135,1
17.291666666666668,9.1875,1.0003737856541643,-0.0006594497392891539,0.0,0.0028262014157059688,1
17.708333333333336,9.1875,1.0003148918031677,-0.0005244480470104475,0.0,0.002201720892105841,1
18.125,9.1875,1.000270065711844,-0.0004029437615512887,0.0,0.001649766103163228,1
18.541666666666668,9.1875,1.0002373874817936,-0.0002918575190811884,0.0,0.0011522249844887525,1
18.958333333333336,9.1875,1.0002154457815795,-0.00018929519198540855,0.0,0.0006912541999595907,1
19.375,9.1875,1.0002036852929594,-8.095540292253766e-05,0.0,0.00026534375126947786,1
19.791666666666668,9.1875,1.000197213034685,-7.881404866909757e-05,0.0,-8.630853600616171e-05,1
0.20833333333333334,9.5625,1.0000072652168197,5.797187407016476e-05,0.0,0.42081925335008347,1
0.625,9.5625,1.001867010609503,0.01688679835321609,0.0,0.4955999355433864,1
1.0416666666666667,9.5625,1.0059017050940693,0.02049844138822165,0.0,0.5040888906535058,1
1.4583333333333335,9.5625,1.0103960492381299,0.021435796892367527,0.0,0.5011583266756517,1
1.875,9.5625,1.0151784160236412,0.022465157889928176,0.0,0.49647266059156436,1
2.291666666666667,9.5625,1.0203356608531837,0.023942858392418415,0.0,0.49121693074077033,1
2.7083333333333335,9.5625,1.0259942678036544,0.025963446038583866,0.0,0.48574886460420375,1
3.125,9.5625,1.0322940562068665,0.02862461943522413,0.0,0.48041597958388127,1
3.541666666666667,9.5625,1.0393876990801951,0.03224252869600856,0.0,0.47612412792077974,1
3.9583333333333335,9.5625,1.0472902706151008,0.03498776744137868,0.0,0.46768511241515087,1
4.375,9.5625,1.0570836788950098,0.05387168288370356,0.0,0.5085667750892664,1
4.791666666666667,9.5625,1.0633857020060624,0.007923380978606103,0.0,0.282251456592704,1
5.208333333333334,9.5625,1.0646919816182474,0.008970773282126284,0.0,0.2704104287743762,1
5.625,9.5625,1.0613867187152608,-0.03539260521877818,0.0,0.06798418774716322,1
6.041666666666667,9.5625,1.0531119063669148,-0.03864693171869656,0.0,0.04310233891489409,1
6.458333333333334,9.5625,1.0450494085327278,-0.032551091677891615,0.0,0.052534349053131826,1
6.875,9.5625,1.0381378839165034,-0.02683081610887037,0.0,0.06138282516921393,1
7.291666666666667,9.5625,1.0323362847610733,-0.022372846291430798,0.0,0.06618570393084201,1
7.708333333333334,9.5625,1.0274755326536333,-0.018906719765588137,0.0,0.067674631792252,1
8.125,9.5625,1.0233902204329692,-0.016160554835828875,0.0,0.06681324277910038,1
8.541666666666668,9.5625,1.0199394574307505,-0.013938042003208126,0.0,0.0643714693352491,1
8.958333333333334,9.5625,1.0170091191281432,-0.012101575788845992,0.0,0.060915951242377676,1
9.375,9.5625,1.0145089544211414,-0.010555388745334827,0.0,0.05685202322858393,1
9.791666666666668,9.5625,1.0123681399981799,-0.009232959204414574,0.0,0.05246684720273821,1
10.208333333333334,9.5625,1.0105308373374782,-0.008087855412479686,0.0,0.0479637263317456,1
10.625,9.5625,1.008952415115633,-0.007087243319339336,0.0,0.043486776198905175,1
11.041666666666668,9.5625,1.0075965179005282,-0.006207402143533325,0.0,0.03913778627401061,1
11.458333333333334,9.5625,1.0064329222975872,-0.005430695308980058,0.0,0.034987532266999744,1
11.875,9.5625,1.0054360287391466,-0.004743558564418018,0.0,0.031083438173997203,1
12.291666666666668,9.5625,1.004583823978657,-0.004135178557500325,0.0,0.027454944743751784,1
12.708333333333334,9.5625,1.0038571721426106,-0.0035966303508547784,0.0,0.024117461095199362,1
13.125,9.5625,1.0032393255413135,-0.00312031589041767,0.0,0.02107542677042289,1
13.541666666666668,9.5625,1.0027155779920842,-0.0026995983904902114,0.0,0.018324784421985287,1
13.958333333333334,9.5625,1.002273008621974,-0.0023285638387916347,0.0,0.015855027196478938,1
14.375,9.5625,1.0019002824910523,-0.0020018647518127374,0.0,0.013650910423593114,1
14.791666666666668,9.5625,1.0015874869964159,-0.0017146168987247274,0.0,0.01169387705145548,1
15.208333333333334,9.5625,1.0013259913519295,-0.0014623297270823265,0.0,0.009963228739742805,1
15.625,9.5625,1.0011083218007064,-0.0012408577266152093,0.0,0.008437066003210071,1
16.041666666666668,9.5625,1.0009280485746848,-0.0010463642757746784,0.0,0.007093018537019608,1
16.458333333333336,9.5625,1.0007796826781097,-0.0008752923810786038,0.0,0.00590878658457899,1
16.875,9.5625,1.0006585817925449,-0.0007243386724461028,0.0,0.0048625143079429065,1
17.291666666666668,9.5625,1.0005608652996067,-0.0005904284988990638,0.0,0.003933016763858378,1
17.708333333333336,9.5625,1.000483338855569,-0.00047069102106815576,0.0,0.003099883772917351,1
18.125,9.5625,1.0004234292796343,-0.0003624386867384602,0.0,0.002343483299131839,1
18.541666666666668,9.5625,1.0003791343327904,-0.00026308673498041534,0.0,0.0016450341152380696,1
18.958333333333336,9.5625,1.0003489500484783,-0.00017115259068498887,0.0,0.0009847881880773585,1
19.375,9.5625,1.0003324705024768,-7.368197346827161e-05,0.0,0.00036926290678112824,1
19.791666666666668,9.5625,1.000323146088636,-7.187047306207134e-05,0.0,-0.0001307716801201431,1
0.20833333333333334,9.9375,1.0000084779189518,4.380305223670796e-05,0.0,0.4169617649064215,1
0.625,9.9375,1.0017810868896524,0.013631848248511458,0.0,0.48813246983401326,1
1.0416666666666667,9.9375,1.0056600838444747,0.016631069197671128,0.0,0.498091507541767,1
1.4583333333333335,9.9375,1.0100072208454973,0.017345836052185863,0.0,0.4956991194775188,1
1.875,9.9375,1.0146035076865991,0.01811433046599137,0.0,0.49139801820875206,1
2.291666666666667,9.9375,1.0195138742219596,0.019232835588064556,0.0,0.48657791849655174,1
2.7083333333333335,9.9375,1.0248512514183092,0.020777083111099534,0.0,0.48159300359359863,1
3.125,9.9375,1.0307491353355367,0.022833077274542556,0.0,0.4767547330965341,1
3.541666666666667,9.9375,1.037369775911817,0.02569121575229718,0.0,0.47304889675528417,1
3.9583333333333335,9.9375,1.0447389720913678,0.02779448944223096,0.0,0.4643294134269303,1
4.375,9.9375,1.054097313041018,0.043828386575795145,0.0,0.5096213448596287,1
4.791666666666667,9.9375,1.0603676076159765,0.006651591368547796,0.0,0.29145382730846753,1
5.208333333333334,9.9375,1.0618905382040058,0.007696273711630855,0.0,0.2737140180947676,1
5.625,9.9375,1.058918033019322,-0.02846811436988038,0.0,0.07223199539561259,1
6.041666666666667,9.9375,1.0510913484228057,-0.03108007531797604,0.0,0.04251633499182197,1
6.458333333333334,9.9375,1.0434648686804189,-0.025997868260278292,0.0,0.05102376055740619,1
6.875,9.9375,1.0369987502863736,-0.021344160817321725,0.0,0.05978594571050662,1
7.291666666666667,9.9375,1.0316105115383971,-0.017788647469787578,0.0,0.06469474185637857,1
7.708333333333334,9.9375,1.0271024000297506,-0.01505894133261134,0.0,0.06644223866529064,1
8.125,9.9375,1.0233004200602345,-0.01290977029743833,0.0,0.06596718337437615,1
8.541666666666668,9.9375,1.0200671520386382,-0.011173198620120402,0.0,0.06399205032227116,1
8.958333333333334,9.9375,1.0172972602580042,-0.009736212097520113,0.0,0.06103336439413536,1
9.375,9.9375,1.0149105979079436,-0.008522608085583116,0.0,0.05745547229772895,1
9.791666666666668,9.9375,1.0128457911657862,-0.007480680815447846,0.0,0.05351679952048086,1
10.208333333333334,9.9375,1.0110550601655435,-0.006574903506096728,0.0,0.049403009485197144,1
10.625,9.9375,1.0095003484942153,-0.005780374720797718,0.0,0.04524916182558762,1
11.041666666666668,9.9375,1.0081505714701988,-0.0050791639261277294,0.0,0.04115409882661121,1
11.458333333333334,9.9375,1.0069797233171371,-0.0044579341455779605,0.0,0.037189790495363875,1
11.875,9.9375,1.0059656003588286,-0.003906404863008913,0.0,0.03340756922310751,1
12.291666666666668,9.9375,1.0050889459452623,-0.003416359002764771,0.0,0.02984249378843464,1
12.708333333333334,9.9375,1.0043328749131835,-0.002980999324609733,0.0,0.02651658776371713,1
13.125,9.9375,1.0036824793295098,-0.002594528950804045,0.0,0.023441380443383734,1
13.541666666666668,9.9375,1.003124550187556,-0.0022518763086153094,0.0,0.0206199865347097,1
13.958333333333334,9.9375,1.00264737272488,-0.0019485137714557572,0.0,0.01804885374902145,1
14.375,9.9375,1.0022405684272369,-0.0016803374334924716,0.0,0.01571924730703788,1
14.791666666666668,9.9375,1.0018949668318795,-0.0014435868359320811,0.0,0.013618510566704404,1
15.208333333333334,9.9375,1.0016024967290187,-0.0012347906168972689,0.0,0.011731125066222052,1
15.625,9.9375,1.0013560905193415,-0.001050728651689754,0.0,0.010039587010749853,1
16.041666666666668,9.9375,1.0011495981541392,-0.0008884043184235833,0.0,0.008525114486090465,1
16.458333333333336,9.9375,1.0009777087759824,-0.0007450225909113302,0.0,0.007168199123952671,1
16.875,9.9375,1.0008358792439056,-0.0006179710862800184,0.0,0.00594901666778813,1
17.291666666666668,9.9375,1.0007202693978785,-0.0005048023797248054,0.0,0.004847711733030749,1
17.708333333333336,9.9375,1.0006276844014454,-0.0004032168439479958,0.0,0.003844575178338714,1
18.125,9.9375,1.0005555249126967,-0.0003110507057965229,0.0,0.0029201323573823912,1
18.541666666666668,9.9375,1.0005017513424401,-0.00022621305102911703,0.0,0.0020553759738110937,1
18.958333333333336,9.9375,1.0004648082353391,-0.00014761162304160124,0.0,0.00122933264884025,1
19.375,9.9375,1.0004444373247812,-6.405753074276495e-05,0.0,0.0004557250971289291,1
19.791666666666668,9.9375,1.000432746354278,-6.258107013349634e-05,0.0,-0.00016765225107675123,1
0.20833333333333334,10.3125,1.0000128992846082,2.456356923237979e-05,0.0,0.4142487955145773,1
0.625,10.3125,1.0017247981430453,0.01051503068574406,0.0,0.4824580102979358,1
1.0416666666666667,10.3125,1.0054889651796373,0.012869039168254447,0.0,0.49347996565369556,1
1.4583333333333335,10.3125,1.0097284722697868,0.01337988639931801,0.0,0.49149593733741015,1
1.875,10.3125,1.0141896283569447,0.013928581483319153,0.0,0.4874545498791474,1
2.291666666666667,10.3125,1.0189192450970408,0.014742599622833003,0.0,0.48290454594330734,1
2.7083333333333335,10.3125,1.0240171289684206,0.01587558411557272,0.0,0.4781904284548158,1
3.125,10.3125,1.0296069822259415,0.017395612813179258,0.0,0.4735799240495298,1
3.541666666666667,10.3125,1.0358507662195187,0.01955069810111275,0.0,0.4700847639839759,1
3.9583333333333335,10.3125,1.0427757706802554,0.021070226517180414,0.0,0.4609190105995201,1
4.375,10.3125,1.0517092350287682,0.034090024732554125,0.0,0.5079359478270559,1
4.791666666666667,10.3125,1.0578878586518103,0.005185926833620111,0.0,0.29883889159107874,1
5.208333333333334,10.3125,1.0595562442782018,0.0062897536533754045,0.0,0.2754749334739821,1
5.625,10.3125,1.056857123190463,-0.021957130666728067,0.0,0.07700529036498242,1
6.041666666666667,10.3125,1.0494543834442944,-0.023884577113316274,0.0,0.04355310587248202,1
6.458333333333334,10.3125,1.0422285292270754,-0.019826265901643474,0.0,0.05081140150903928,1
6.875,10.3125,1.036141304874284,-0.01621775470403585,0.0,0.05911996538252724,1
7.291666666666667,10.3125,1.0310850730796817,-0.013515030094914454,0.0,0.0638680151440279,1
7.708333333333334,10.3125,1.026848618500198,-0.01146244922803939,0.0,0.06566556529068554,1
8.125,10.3125,1.0232583078504407,-0.009853200844686626,0.0,0.06539552869939157,1
8.541666666666668,10.3125,1.0201840495184182,-0.008552994354947552,0.0,0.0637208410107077,1
8.958333333333334,10.3125,1.0175298641468251,-0.007474746926264764,0.0,0.061106167222504205,1
9.375,10.3125,1.0152245002813152,-0.006561249663236514,0.0,0.05787713119236203,1
9.791666666666668,10.3125,1.0132140908727907,-0.005774344702228426,0.0,0.054266236759072335,1
10.208333333333334,10.3125,1.011456850948966,-0.005088065787334386,0.0,0.05044340514954444,1
10.625,10.3125,1.0099194138215855,-0.004484278520060752,0.0,0.046535269833369405,1
11.041666666666668,10.3125,1.0085743659087734,-0.003949917683131088,0.0,0.04263723452864553,1
11.458333333333334,10.3125,1.0073986116825426,-0.0034752382470808964,0.0,0.038821146097193934,1
11.875,10.3125,1.0063722935978598,-0.003052703823335973,0.0,0.035140389416245185,1
12.291666666666668,10.3125,1.0054780749092704,-0.0026762742511520768,0.0,0.03163347854869152,1
12.708333333333334,10.3125,1.004700656871002,-0.0023409439134875216,0.0,0.028326756486510105,1
13.125,10.3125,1.004026446574661,-0.0020424390704013046,0.0,0.025236543385699837,1
13.541666666666668,10.3125,1.0034433216065453,-0.0017770174901544982,0.0,0.02237091908663338,1
13.958333333333334,10.3125,1.0029404571146099,-0.0015413348310911253,0.0,0.019731240274820382,1
14.375,10.3125,1.0025081932992213,-0.0013323550723502281,0.0,0.017313447420592275,1
14.791666666666668,10.3125,1.002137929286099,-0.0011472901495618035,0.0,0.01510919163267828,1
15.208333333333334,10.3125,1.0018220344632698,-0.0009835588702858476,0.0,0.013106800024961755,1
15.625,10.3125,1.001553771709574,-0.0008387583312470946,0.0,0.01129209164796745,1
16.041666666666668,10.3125,1.0013272291370763,-0.0007106431948024813,0.0,0.00964905391709098,1
16.458333333333336,10.3125,1.0011372584316085,-0.0005971096392327244,0.0,0.008160389232277557,1
16.875,10.3125,1.0009794188375383,-0.0004961818243131289,0.0,0.006807941458518019,1
17.291666666666668,10.3125,1.0008499264807793,-0.0004059996592667323,0.0,0.005573013880630634,1
17.708333333333336,10.3125,1.0007456092655076,-0.0003248075744324304,0.0,0.0044365943940368885,1
18.125,10.3125,1.0006638680893505,-0.0002509493774918412,0.0,0.003379503998888246,1
18.541666666666668,10.3125,1.0006026522424976,-0.00018282390457857988,0.0,0.0023827628674216663,1
18.958333333333336,10.3125,1.0005603822418951,-0.00011970897339598082,0.0,0.0014246838589661401,1
19.375,10.3125,1.000536930895537,-5.252014985318538e-05,0.0,0.0005249012240900867,1
19.791666666666668,10.3125,1.0005233622110226,-5.1384761928633204e-05,0.0,-0.00019660245420147397,1
0.20833333333333334,10.6875,1.00002705358124,-1.1394009876813197e-05,0.0,0.41327722952156454,1
0.625,10.6875,1.0017059457719277,0.0074992763206813765,0.0,0.47841773604389715,1
1.0416666666666667,10.6875,1.0053864334851768,0.009184604258250236,0.0,0.49015967612570893,1
1.4583333333333335,10.6875,1.0095479889624825,0.009503364998322937,0.0,0.4884751582555042,1
1.875,10.6875,1.013913125528955,0.009861439495769175,0.0,0.48460352607489693,1
2.291666666666667,10.6875,1.018514875307167,0.010411511743884744,0.0,0.4802140066707986,1
2.7083333333333335,10.6875,1.0234421555617246,0.011184024281441506,0.0,0.47564008887515,1
3.125,10.6875,1.0288087704817155,0.012226351287976974,0.0,0.47110637792398025,1
3.541666666666667,10.6875,1.0347716444020238,0.013733967504042311,0.0,0.4676149660903018,1
3.9583333333333335,10.6875,1.041354513561544,0.014729870856442697,0.0,0.4579827827604551,1
4.375,10.6875,1.049919846332103,0.02468146298649711,0.0,0.5049988069151211,1
4.791666666666667,10.6875,1.0559891678938902,0.003571337913588317,0.0,0.30455356568366426,1
5.208333333333334,10.6875,1.0577505264570228,0.004817572803017235,0.0,0.27615938590576933,1
5.625,10.6875,1.0552605479975812,-0.01581476022419297,0.0,0.08152764327849653,1
6.041666666666667,10.6875,1.0482181867444058,-0.01702635665672668,0.0,0.045260582142881096,1
6.458333333333334,10.6875,1.0413234938303275,-0.01397599394042584,0.0,0.051223381556880235,1
6.875,10.6875,1.0355320006695337,-0.01137718090313,0.0,0.058949864661063105,1
7.291666666666667,10.6875,1.030723706363172,-0.009477530404751366,0.0,0.06343467852923898,1
7.708333333333334,10.6875,1.0266836417221328,-0.00805108161930478,0.0,0.06518411480640277,1
8.125,10.6875,1.0232428092583628,-0.006936539650871248,0.0,0.06501353844140152,1
8.541666666666668,10.6875,1.0202790978002412,-0.006035482737823358,0.0,0.06352714091422806,1
8.958333333333334,10.6875,1.0177046501561686,-0.005286488829504714,0.0,0.061143540775588485,1
9.375,10.6875,1.0154551483503975,-0.004650128655809079,0.0,0.05815597070131248,1
9.791666666666668,10.6875,1.0134821916142862,-0.0041004361792803465,0.0,0.05477597279602147,1
10.208333333333334,10.6875,1.011748166526687,-0.0036198357997215087,0.0,0.05116088341264091,1
10.625,10.6875,1.0102228791729768,-0.0031960564742682727,0.0,0.04743047096721237,1
11.041666666666668,10.6875,1.0088813653440123,-0.002820234160952634,0.0,0.04367705328451829,1
11.458333333333334,10.6875,1.0077024656649414,-0.002485733254541787,0.0,0.03997186591285484,1
11.875,10.6875,1.0066678904617703,-0.002187404856881852,0.0,0.036369305592225294,1
12.291666666666668,10.6875,1.0057615970694316,-0.0019211123452046912,0.0,0.032909959132240124,1
12.708333333333334,10.6875,1.0049693672430062,-0.0016834227414112598,0.0,0.029622916396196818,1
13.125,10.6875,1.0042785137762387,-0.0014714028554204286,0.0,0.0265276378892165,1
13.541666666666668,10.6875,1.0036776713573814,-0.001282483056667682,0.0,0.023635524286862913,1
13.958333333333334,10.6875,1.0031566428273,-0.0011143655448919544,0.0,0.020951267445739174,1
14.375,10.6875,1.0027062821349184,-0.0009649623018263801,0.0,0.01847402743819976,1
14.791666666666668,10.6875,1.0023184017629108,-0.0008323529736113697,0.0,0.016198459955204286,1
15.208333333333334,10.6875,1.0019856966207532,-0.0007147560782032509,0.0,0.014115608706465601,1
15.625,10.6875,1.0017016792212101,-0.0006105089854252252,0.0,0.012213672013965005,1
16.041666666666668,10.6875,1.0014606228659564,-0.0005180535052767515,0.0,0.010478651000363397,1
16.458333333333336,10.6875,1.001257510870808,-0.00043592489805675436,0.0,0.008894885920493104,1
16.875,10.6875,1.0010879907571724,-0.00036274282837227625,0.0,0.007445488081573172,1
17.291666666666668,10.6875,1.0009483329805282,-0.0002972035349804509,0.0,0.006112676416024792,1
17.708333333333336,10.6875,1.000835394355601,-0.00023807344247965559,0.0,0.004878033402869231,1
18.125,10.6875,1.0007465869911398,-0.00018418982287390692,0.0,0.0037226973141761136,1
18.541666666666668,10.6875,1.0006798621920343,-0.00013443687784974205,0.0,0.002627840369061316,1
18.958333333333336,10.6875,1.0006336341381032,-8.844775113717944e-05,0.0,0.001571456420997,1
19.375,10.6875,1.000607878651687,-3.949522266259884e-05,0.0,0.0005774294955551003,1
19.791666666666668,10.6875,1.0005929297577287,-3.874386845101488e-05,0.0,-0.0002162560413334072,1
0.20833333333333334,11.0625,1.0000714420853245,-0.00010004010992461953,0.0,0.41595789699609925,1
0.625,11.0625,1.0017599451588204,0.004557266682589106,0.0,0.47597432841674353,1
1.0416666666666667,11.0625,1.0053774882399544,0.005558386180664385,0.0,0.48813119411371025,1
1.4583333333333335,11.0625,1.0094805055562075,0.005691467561008421,0.0,0.4866453663537618,1
1.875,11.0625,1.013777148143829,0.005877735693913021,0.0,0.48286820185371115,1
2.291666666666667,11.0625,1.0182911812871969,0.006191010916390825,0.0,0.47855787048832776,1
2.7083333333333335,11.0625,1.0231039250073335,0.006638503531713448,0.0,0.474040428287563,1
3.125,11.0625,1.0283214457499825,0.0072461499411919225,0.0,0.46950673113530805,1
3.541666666666667,11.0625,1.0340948208809877,0.008151544704988922,0.0,0.4659349586630443,1
3.9583333333333335,11.0625,1.0404425770269765,0.008674730881005255,0.0,0.4559158903004606,1
4.375,11.0625,1.048730747009364,0.015568450484980604,0.0,0.5020797627409103,1
4.791666666666667,11.0625,1.0547052584352463,0.001844900726884084,0.0,0.3087107528402436,1
5.208333333333334,11.0625,1.0565209735276793,0.0033246436999955914,0.0,0.27619694569799513,1
5.625,11.0625,1.0541716350392765,-0.009966445868213,0.0,0.08515035980955382,1
6.041666666666667,11.0625,1.0473939054759578,-0.010436589277872294,0.0,0.04687561725608856,1
6.458333333333334,11.0625,1.0407349531815444,-0.00836748063166784,0.0,0.051751581261796915,1
6.875,11.0625,1.0351449344525534,-0.006742333510885416,0.0,0.058968939575077366,1
7.291666666666667,11.0625,1.0305001211419982,-0.005604580941060694,0.0,0.06321550592587172,1
7.708333333333334,11.0625,1.026586520168506,-0.00476573202913453,0.0,0.064898097536294,1
8.125,11.0625,1.0232403649574047,-0.004113600333201304,0.0,0.06477266772181925,1
8.541666666666668,11.0625,1.020345958897952,-0.0035861162895162047,0.0,0.06339740501792986,1
8.958333333333334,11.0625,1.017821263733548,-0.003146626750271078,0.0,0.061157150243783,1
9.375,11.0625,1.0156066074941212,-0.0027722484944677443,0.0,0.058322296964164605,1
9.791666666666668,11.0625,1.013657090628734,-0.002448090099178707,0.0,0.055089953079732565,1
10.208333333333334,11.0625,1.0119376928524741,-0.002164101302276694,0.0,0.05160886946927214,1
10.625,11.0625,1.010420159170952,-0.0019132520397017504,0.0,0.04799408933283215,1
11.041666666666668,11.0625,1.009081012762509,-0.0016904443813827586,0.0,0.04433570384299873,1
11.458333333333334,11.0625,1.0079002716431122,-0.001491846315153754,0.0,0.040704343541091224,1
11.875,11.0625,1.0068606052377165,-0.0013144743483236082,0.0,0.03715486500721152,1
12.291666666666668,11.0625,1.0059467687633905,-0.001155925973811148,0.0,0.033729017956554086,1
12.708333333333334,11.0625,1.0051452157831928,-0.0010142045865330278,0.0,0.030457510808204254,1
13.125,11.0625,1.0044438269378486,-0.0008876029289618162,0.0,0.027361699158120287,1
13.541666666666668,11.0625,1.0038317155540417,-0.0007746245607591663,0.0,0.024455018703788203,1
13.958333333333334,11.0625,1.0032990846825562,-0.0006739305794355887,0.0,0.021744229363294235,1
14.375,11.0625,1.0028371187920033,-0.0005843033428718696,0.0,0.01923050795822485,1
14.791666666666668,11.0625,1.0024378989310212,-0.000504621723500915,0.0,0.016910410262555003,1
15.208333333333334,11.0625,1.002094333870474,-0.00043384414651785114,0.0,0.01477671444309626,1
15.625,11.0625,1.0018001022567895,-0.0003709968053270141,0.0,0.012819153710131174,1
16.041666666666668,11.0625,1.0015496025476434,-0.0003151652275080536,0.0,0.011025043577503736,1
16.458333333333336,11.0625,1.0013379087165009,-0.00026548793195063793,0.0,0.009379809104581723,1
16.875,11.0625,1.0011607305712253,-0.00022115136090028085,0.0,0.007867417726776585,1
17.291666666666668,11.0625,1.0010143781799759,-0.00018138585073587844,0.0,0.006470726058293774,1
17.708333333333336,11.0625,1.0008957305488397,-0.00014546349558357724,0.0,0.005171755226299922,1
18.125,11.0625,1.0008022095382314,-0.00011270423135062993,0.0,0.0039519155676602784,1
18.541666666666668,11.0625,1.0007317701238434,-8.247467599584186e-05,0.0,0.0027925815036653227,1
18.958333333333336,11.0625,1.0006828279059634,-5.47567070316835e-05,0.0,0.001671751520998012,1
19.375,11.0625,1.000655421607196,-2.5340658939370968e-05,0.0,0.0006156195553598491,1
19.791666666666668,11.0625,1.000639657734973,-2.5256942029507582e-05,0.0,-0.00021858725466930505,1
0.20833333333333334,11.4375,1.0002094183278045,-0.00035281448201139945,0.0,0.42828324601025747,1
0.625,11.4375,1.0020028253837596,0.0016763219376968674,0.0,0.4753529766301014,1
1.0416666666666667,11.4375,1.0055580639455366,0.0019838274464087985,0.0,0.487621698167367,1
1.4583333333333335,11.4375,1.009603164189502,0.0019327204906937772,0.0,0.4862210295720182,1
1.875,11.4375,1.0138400728843746,0.0019562866099925224,0.0,0.48245023688540883,1
2.291666666666667,11.4375,1.0182878952717003,0.0020467900228715212,0.0,0.47813199497172065,1
2.7083333333333335,11.4375,1.0230242031695447,0.002188577969209673,0.0,0.4735936284170704,1
3.125,11.4375,1.0281507454591954,0.002386418774756084,0.0,0.4690101002609079,1
3.541666666666667,11.4375,1.0338143774674053,0.0027179694462306815,0.0,0.46534218239427744,1
3.9583333333333335,11.4375,1.0400286772020162,0.0028024558475929855,0.0,0.45506541620056806,1
4.375,11.4375,1.0481468578120456,0.006675009986129974,0.0,0.5002495694803143,1
4.791666666666667,11.4375,1.0540551556395148,4.381289869884918e-05,0.0,0.3115058283738907,1
5.208333333333334,11.4375,1.0558878826882339,0.0018421336015558302,0.0,0.27605619035529466,1
5.625,11.4375,1.0536007943468066,-0.004311151623082779,0.0,0.08748496494447837,1
6.041666666666667,11.4375,1.0469645001192447,-0.004019262111446535,0.0,0.04789024019446692,1
6.458333333333334,11.4375,1.0404270329388559,-0.0029080302708803774,0.0,0.052052760090276214,1
6.875,11.4375,1.0349382555751139,-0.0022308673882967425,0.0,0.05896062736893419,1
7.291666666666667,11.4375,1.03037469925648,-0.0018285143970681657,0.0,0.06306983878522654,1
7.708333333333334,11.4375,1.0265237902913262,-0.0015537396279883251,0.0,0.06471280486902167,1
8.125,11.4375,1.0232247934433794,-0.0013449558812910346,0.0,0.06460835558601022,1
8.541666666666668,11.4375,1.0203653331646958,-0.0011762810371952258,0.0,0.063288996175318,1
8.958333333333334,11.4375,1.0178662249516508,-0.0010350389629230252,0.0,0.06112163567834913,1
9.375,11.4375,1.015669996927876,-0.0009140404452989521,0.0,0.058364858902325095,1
9.791666666666668,11.4375,1.0137333726036455,-0.0008087710780278189,0.0,0.055208409606600214,1
10.208333333333334,11.4375,1.0120225241853313,-0.0007161987482814016,0.0,0.051796668642627434,1
10.625,11.4375,1.0105100921556267,-0.0006341854535674062,0.0,0.04824225031155966,1
11.041666666666668,11.4375,1.009173296010696,-0.0005611626692912919,0.0,0.044634065604271904,1
11.458333333333334,11.4375,1.007992715131223,-0.0004959382279464987,0.0,0.041042377628354686,1
11.875,11.4375,1.0069514849221997,-0.00043757548237474697,0.0,0.0375222141434159,1
12.291666666666668,11.4375,1.0060347548442388,-0.00038531494264863064,0.0,0.03411585600648201,1
12.708333333333334,11.4375,1.0052293150987777,-0.0003385221645720052,0.0,0.03085477992706321,1
13.125,11.4375,1.004523334114717,-0.00029665250449593147,0.0,0.02776125731875414,1
13.541666666666668,11.4375,1.0039061700127063,-0.0002592270479474206,0.0,0.02484971884812979,1
13.958333333333334,11.4375,1.0033682320098525,-0.000225816105311996,0.0,0.02212794510183035,1
14.375,11.4375,1.0029008757550644,-0.00019602788625866583,0.0,0.01959811734231848,1
14.791666666666668,11.4375,1.0024963217929517,-0.00016950073945947068,0.0,0.017257747086604713,1
15.208333333333334,11.4375,1.0021475898441141,-0.00014589782230852477,0.0,0.015100495685426938,1
15.625,11.4375,1.0018484439873707,-0.000124903406227357,0.0,0.013116890307321065,1
16.041666666666668,11.4375,1.0015933455052621,-0.00010622025457401589,0.0,0.011294941363958194,1
16.458333333333336,11.4375,1.0013774113387566,-8.956770719292715e-05,0.0,0.009620665469698277,1
16.875,11.4375,1.0011963769543217,-7.468030898032148e-05,0.0,0.008078519557445535,1
17.291666666666668,11.4375,1.0010465630892051,-6.130727209491978e-05,0.0,0.006651753371105439,1
17.708333333333336,11.4375,1.0009248465795912,-4.9214347656617545e-05,0.0,0.0053226974672258036,1
18.125,11.4375,1.0008286365832655,-3.819547273896433e-05,0.0,0.004073012897634269,1
18.541666666666668,11.4375,1.000755869094215,-2.809722098665082e-05,0.0,0.002884353063779808,1
18.958333333333336,11.4375,1.0007049411839442,-1.925104624441793e-05,0.0,0.0017350708477720657,1
19.375,11.4375,1.0006758829443578,-1.0028235047289234e-05,0.0,0.0006515482200096279,1
19.791666666666668,11.4375,1.0006603109276826,-1.2367066127695639e-05,0.0,-0.00015469485335838722,1
0.20833333333333334,11.8125,0.9996992827902162,-0.00027064548858367804,0.0,0.4688800692978092,1
0.625,11.8125,0.9995378611814268,0.0001253660411285348,0.0,0.5189996042617712,1
1.0416666666666667,11.8125,0.9997936582246318,0.00010485129808215931,0.0,0.545903205726669,1
1.4583333333333335,11.8125,0.9999469680675487,3.312756068832556e-05,0.0,0.5533899001564531,1
1.875,11.8125,0.999989073220503,4.767077052195005e-06,0.0,0.5547418611352225,1
2.291666666666667,11.8125,0.9999890934897736,-4.748834900251096e-06,0.0,0.5552110300726202,1
2.7083333333333335,11.8125,0.9999739217588953,-8.90572296261894e-06,0.0,0.5565596128396262,1
3.125,11.8125,0.9999523154718282,-1.0539935251347777e-05,0.0,0.5595574035900676,1
3.541666666666667,11.8125,0.9999562707016645,1.4099641932734564e-05,0.0,0.5645070342016109,1
3.9583333333333335,11.8125,0.9999160237755254,-5.032187552339335e-05,0.0,0.5668456199793283,1
4.375,11.8125,1.0011221922673377,0.001135873518057336,0.0,0.578503071614061,1
4.791666666666667,11.8125,1.0019007227344487,-0.0004351960977899182,0.0,0.37981357542303384,1
5.208333333333334,11.8125,1.0020321072658378,0.0005534421761263083,0.0,0.2617159492059152,1
5.625,11.8125,1.0018039747576604,-0.0007587614333142993,0.0,0.04112903111672742,1
6.041666666666667,11.8125,1.0004941142407657,-0.00042011303167126853,0.0,-0.038946510404158835,1
6.458333333333334,11.8125,0.999914352062703,-0.00010167292845412752,0.0,-0.041223342344229995,1
6.875,11.8125,0.9998037976004241,2.1739124783574752e-06,0.0,-0.024671854187970712,1
7.291666666666667,11.8125,0.999830363656649,2.1735538194904327e-05,0.0,-0.008522942414910074,1
7.708333333333334,11.8125,0.9998767881249445,2.0046483555798394e-05,0.0,0.0036008697038531967,1
8.125,11.8125,0.9999159001543425,1.5154343299431604e-05,0.0,0.012012370094338993,1
8.541666666666668,11.8125,0.9999449431165519,1.0984322735158438e-05,0.0,0.017617510646763132,1
8.958333333333334,11.8125,0.9999659861116078,7.954373058242134e-06,0.0,0.021188517335687204,1
9.375,11.8125,0.9999812782294926,5.80853348631282e-06,0.0,0.023286492045457505,1
9.791666666666668,11.8125,0.9999924728781666,4.266650664388935e-06,0.0,0.024308812420265405,1
10.208333333333334,11.8125,1.000000691627855,3.1302244793920844e-06,0.0,0.024541012351016023,1
10.625,11.8125,1.00000669419686,2.2720879320425012e-06,0.0,0.024193541111093377,1
11.041666666666668,11.8125,1.0000110099786828,1.6121158317984282e-06,0.0,0.023425312874377074,1
11.458333333333334,11.8125,1.0000140221424452,1.0988313607653e-06,0.0,0.022358544663956797,1
11.875,11.8125,1.000016018519204,6.979075704874148e-07,0.0,0.02108828913351851,1
12.291666666666668,11.8125,1.0000172222110648,3.8541500947429977e-07,0.0,0.01968879146329463,1
12.708333333333334,11.8125,1.0000178103576065,1.4391676060682905e-07,0.0,0.018217920622739688,1
13.125,11.8125,1.0000179260332,-3.980852494896831e-08,0.0,0.0167203985288842,1
13.541666666666668,11.8125,1.000017686110161,-1.7612174362316435e-07,0.0,0.015230248422725915,1
13.958333333333334,11.8125,1.0000171866929612,-2.733536143463368e-07,0.0,0.013772713502049831,1
14.375,11.8125,1.0000165070472598,-3.3832747432395975e-07,0.0,0.012365799595865215,1
14.791666666666668,11.8125,1.0000157125695026,-3.76702292056694e-07,0.0,0.01102153895878601,1
15.208333333333334,11.8125,1.0000148571206497,-3.9320148657810125e-07,0.0,0.009747038012095767,1
15.625,11.8125,1.0000139849220049,-3.917771356030891e-07,0.0,0.008545352183820954,1
16.041666666666668,11.8125,1.0000131321292858,-3.757361548068507e-07,0.0,0.007416217677932075,1
16.458333333333336,11.8125,1.0000123281225082,-3.478698178536133e-07,0.0,0.006356663969537156,1
16.875,11.8125,1.0000115964164702,-3.1066542741184383e-07,0.0,0.005361530593240312,1
17.291666666666668,11.8125,1.0000109546922862,-2.6688604137783473e-07,0.0,0.0044239278911575855,1
17.708333333333336,11.8125,1.0000104120467883,-2.2149474352737585e-07,0.0,0.0035357485455647236,1
18.125,11.8125,1.0000099560335862,-1.889172041133535e-07,0.0,0.0026885867597656664,1
18.541666666666668,11.8125,1.0000095105035833,-2.1205974341185985e-07,0.0,0.0018764096145230716,1
18.958333333333336,11.8125,1.0000086698653876,-5.445145540519448e-07,0.0,0.00110350282922798,1
19.375,11.8125,1.0000069327175636,-1.0189186129303565e-06,0.0,0.0004314320499172782,1
19.791666666666668,11.8125,1.0000022768917112,-3.171324782262501e-06,0.0,-5.195009805091522e-05,1
