x,y,z,theta_degrees,pressure,Cp,area_x,area_y,area_z
8.40887786396345,10.28657419663893,0.1308996938995747,35.025833990771034,-4.568636026178702,-9.137272052357403,-0.011296500451180537,-0.00791748790273909,0.0
8.376448766497774,10.32801250589096,0.1308996938995747,41.06673555614674,1.816425109187706,3.632850218375412,-0.010400547536044904,-0.009062347824046302,0.0
8.339838846008085,10.365807923044944,0.1308996938995747,47.107637121522124,-3.6975489194510214,-7.395097838902043,-0.009389086609007733,-0.010106561719105596,0.0
8.299454690620344,10.39954069390243,0.1308996938995747,53.14853868689753,-0.24757090125571435,-0.4951418025114287,-0.008273350909510811,-0.011038532595487198,0.0
8.255744804943085,10.428836183831526,0.1308996938995747,59.18944025227281,-2.018639032412606,-4.037278064825212,-0.007065731747916048,-0.011847910026668323,0.0
8.20919462899545,10.453369038442215,0.1308996938995747,65.23034181764825,-2.332314650982711,-4.664629301965422,-0.005779640888172078,-0.012525705103398276,0.0
8.160321146932244,10.47286679695755,0.1308996938995747,71.27124338302352,-0.656329346525337,-1.312658693050674,-0.004429361597368327,-0.013064390264122134,0.0
8.10966714544121,10.48711291815075,0.1308996938995747,77.31214494839905,-3.4421048120440707,-6.884209624088141,-0.0030298900164158838,-0.013457982895737523,0.0
8.057795185578566,10.495949185242301,0.1308996938995747,83.35304651377436,-0.162026552885385,-0.32405310577077,-0.0015967686135798468,-0.013702111776226879,0.0
8.005281354991276,10.499277463048372,0.1308996938995747,89.39394807914988,-3.2429075875021547,-6.485815175004309,-0.00014591357053052016,-0.013794065621254589,0.0
7.952708869913625,10.497060787865745,0.1308996938995747,95.43484964452543,-0.6325309127503583,-1.2650618255007167,0.0013065619820531082,-0.013732823195562844,0.0
7.900661597994027,10.489323777989036,0.1308996938995747,101.47575120990075,-1.759466224311543,-3.518932448623086,0.002744526916185006,-0.01351906465477057,0.0
7.849717573887243,10.476152360301015,0.1308996938995747,107.51665277527614,-1.947849830344255,-3.89569966068851,0.004152011258156503,-0.013155163991591985,0.0
7.80044257962758,10.457692815972534,0.1308996938995747,113.55755434065154,0.6483356780184835,1.296671356036967,0.005513383550338183,-0.01264516267038081,0.0
7.753383861079131,10.434150155870437,0.1308996938995747,119.59845590602697,-3.585695950924085,-7.17139190184817,0.00681352445344646,-0.011994724742811812,0.0
7.709064050247888,10.405785843716115,0.1308996938995747,125.6393574714024,3.0383056447839576,6.076611289567915,0.00803799466124437,-0.011211073943175146,0.0
7.666811108062724,10.371755140872152,0.1308996938995747,131.86857023820943,-4.613009482160171,-9.226018964320343,0.009780439680604686,-0.010912514850402467,0.0
7.627346803309086,10.33218416198143,0.1308996938995747,138.2860942064483,5.919758494856783,11.839516989713566,0.010938876415802394,-0.009750946798440305,0.0
7.592552752531281,10.288450104880251,0.1308996938995747,144.70361817468697,-6.249718307373203,-12.499436614746406,0.011960222334321745,-0.008467175586923347,0.0
7.562865010096811,10.241101064032497,0.1308996938995747,151.1211421429257,7.334817043783598,14.669634087567196,0.012831677479316166,-0.007077290002042763,0.0
7.5386556358682215,10.190730438470391,0.1308996938995747,157.53866611116442,-5.462587373542834,-10.925174747085668,0.013542320391122981,-0.005598708702048109,0.0
7.5202280323850506,10.13796949505649,0.1308996938995747,163.95619007940323,5.969976474286433,11.939952948572866,0.014083244979806668,-0.004049961918950921,0.0
7.50781314248959,10.083479457169355,0.1308996938995747,170.37371404764198,-2.199730549526832,-4.399461099053664,0.01444767214020197,-0.0024504592294999302,0.0
7.501566555049475,10.027943217960972,0.1308996938995747,176.79123801588068,2.248425110852828,4.496850221705656,0.014631034710641557,-0.0008202463058123286,0.0
7.501566555049475,9.972056782039026,0.1308996938995747,183.20876198411952,2.248240266762283,4.496480533524566,0.014631034710642024,0.0008202463058123286,0.0
7.50781314248959,9.916520542830643,0.1308996938995747,189.62628595235822,-2.1992907613209653,-4.398581522641931,0.014447672140201505,0.0024504592294999302,0.0
7.520228032385051,9.86203050494351,0.1308996938995747,196.0438099205968,5.9697469712785916,11.939493942557183,0.014083244979806668,0.004049961918951153,0.0
7.538655635868222,9.809269561529609,0.1308996938995747,202.4613338888356,-5.461633367016803,-10.923266734033605,0.013542320391122981,0.005598708702047876,0.0
7.562865010096812,9.758898935967503,0.1308996938995747,208.87885785707437,7.334294388337126,14.668588776674252,0.012831677479316166,0.007077290002042763,0.0
7.592552752531283,9.711549895119749,0.1308996938995747,215.29638182531315,-6.248193399267851,-12.496386798535703,0.011960222334321745,0.00846717558692358,0.0
7.627346803309087,9.66781583801857,0.1308996938995747,221.7139057935518,5.918886277446108,11.837772554892217,0.010938876415802394,0.009750946798440073,0.0
7.666811108062724,9.628244859127848,0.1308996938995747,228.13142976179057,-4.6111708745171525,-9.222341749034305,0.009780439680604686,0.0109125148504027,0.0
7.709064050247889,9.594214156283885,0.1308996938995747,234.36064252859768,3.037270682968859,6.074541365937718,0.00803799466124437,0.011211073943174913,0.0
7.753383861079131,9.565849844129563,0.1308996938995747,240.40154409397303,-3.583475610303839,-7.166951220607678,0.00681352445344646,0.011994724742811812,0.0
7.800442579627579,9.542307184027466,0.1308996938995747,246.44244565934838,0.6469758384607521,1.2939516769215043,0.005513383550338183,0.01264516267038081,0.0
7.849717573887243,9.523847639698985,0.1308996938995747,252.48334722472384,-1.945791359409559,-3.891582718819118,0.004152011258156503,0.013155163991591985,0.0
7.900661597994027,9.510676222010964,0.1308996938995747,258.52424879009925,-1.7605943057276545,-3.521188611455309,0.002744526916185006,0.013519064654770803,0.0
7.952708869913627,9.502939212134255,0.1308996938995747,264.56515035547477,-0.6313124447809824,-1.2626248895619647,0.0013065619820531082,0.013732823195562844,0.0
8.005281354991276,9.500722536951628,0.1308996938995747,270.6060519208501,-3.243284965066491,-6.486569930132982,-0.00014591357053052016,0.013794065621254356,0.0
8.057795185578566,9.504050814757699,0.1308996938995747,276.64695348622564,-0.1621103263342994,-0.3242206526685988,-0.0015967686135798468,0.013702111776226879,0.0
8.10966714544121,9.51288708184925,0.1308996938995747,282.68785505160093,-3.441535407248923,-6.883070814497846,-0.0030298900164158838,0.013457982895737523,0.0
8.160321146932244,9.52713320304245,0.1308996938995747,288.7287566169765,-0.6576949208731486,-1.3153898417462973,-0.004429361597368327,0.013064390264122134,0.0
8.20919462899545,9.546630961557785,0.1308996938995747,294.76965818235175,-2.331085151237608,-4.662170302475216,-0.005779640888172078,0.012525705103398276,0.0
8.255744804943085,9.571163816168474,0.1308996938995747,300.8105597477272,-2.0206971923549526,-4.041394384709905,-0.007065731747916048,0.011847910026668323,0.0
8.299454690620344,9.60045930609757,0.1308996938995747,306.85146131310245,-0.2463795312255778,-0.4927590624511556,-0.008273350909510811,0.011038532595487198,0.0
8.339838846008085,9.634192076955056,0.1308996938995747,312.89236287847785,-3.6993703678596126,-7.398740735719225,-0.009389086609007733,0.010106561719105596,0.0
8.376448766497774,9.67198749410904,0.1308996938995747,318.93326444385326,1.816888194749421,3.633776389498842,-0.010400547536044904,0.009062347824046302,0.0
8.40887786396345,9.71342580336107,0.1308996938995747,324.97416600922895,-4.569494485050442,-9.138988970100884,-0.011296500451180537,0.00791748790273909,0.0
8.432726824612693,9.750114227837914,0.1308996938995747,329.99495324242184,2.5816304952930396,5.163260990586079,-0.007913513683526427,0.004569798692496509,0.0
8.44910644717603,9.780913708842041,0.1308996938995747,333.9956261434322,-5.092961085948584,-10.185922171897168,-0.008213056859297647,0.00400655162642926,0.0
8.463297332355772,9.812780915234448,0.1308996938995747,337.99629904444254,3.2135721375058033,6.427144275011607,-0.008472573389505073,0.003423778478340212,0.0
8.475230320332251,9.845560540970478,0.1308996938995747,341.99697194545297,-4.702872719271035,-9.40574543854207,-0.0086907985104506,0.0028243194153734796,0.0
8.484847255233856,9.879092833295033,0.1308996938995747,345.9976448464636,2.6558974014580254,5.311794802916051,-0.008866668693690115,0.0022110959241146777,0.0
8.492101268561886,9.913214371303711,0.1308996938995747,349.99831774747383,-3.280225542077547,-6.560451084155094,-0.008999326829185144,0.0015870965726150453,0.0
8.496957007605971,9.947758862380823,0.1308996938995747,353.99899064848415,1.0309921745117139,2.0619843490234278,-0.009088126402457403,0.0009553624454929965,0.0
8.499390807736852,9.982557952632781,0.1308996938995747,357.99966354949464,-1.164170230087645,-2.32834046017529,-0.009132634645402699,0.0003189723230879795,0.0
8.499390807736852,10.017442047367217,0.1308996938995747,2.0003364505051704,-1.1651310233549768,-2.3302620467099535,-0.009132634645402234,-0.0003189723230879795,0.0
8.496957007605971,10.052241137619175,0.1308996938995747,6.001009351515645,1.0320904947910106,2.064180989582021,-0.009088126402457868,-0.0009553624454929965,0.0
8.492101268561886,10.086785628696289,0.1308996938995747,10.001682252526138,-3.2809276382198447,-6.561855276439689,-0.008999326829185144,-0.0015870965726150453,0.0
8.484847255233856,10.120907166704967,0.1308996938995747,14.002355153536438,2.6569535295597166,5.313907059119433,-0.008866668693690115,-0.0022110959241146777,0.0
8.475230320332251,10.154439459029522,0.1308996938995747,18.00302805454705,-4.703155845491776,-9.406311690983552,-0.008690798510450135,-0.0028243194153734796,0.0
8.463297332355772,10.187219084765552,0.1308996938995747,22.003700955557466,3.2143610901091613,6.4287221802183225,-0.008472573389505538,-0.003423778478340212,0.0
8.44910644717603,10.219086291157959,0.1308996938995747,26.004373856567753,-5.09267563808269,-10.18535127616538,-0.008213056859297647,-0.00400655162642926,0.0
8.432726824612693,10.249885772162086,0.1308996938995747,30.00504675757813,2.581982565087999,5.163965130175998,-0.007913513683526427,-0.004569798692496509,0.0
8.40887786396345,10.28657419663893,0.39269908169872414,35.025833990771034,-4.567782597096576,-9.135565194193152,-0.011296500451180537,-0.00791748790273909,0.0
8.376448766497774,10.32801250589096,0.39269908169872414,41.06673555614674,1.8161088683743558,3.6322177367487116,-0.010400547536044904,-0.009062347824046302,0.0
8.339838846008085,10.365807923044944,0.39269908169872414,47.107637121522124,-3.6959091360932774,-7.391818272186555,-0.009389086609007733,-0.010106561719105596,0.0
8.299454690620344,10.39954069390243,0.39269908169872414,53.14853868689753,-0.24839428847427683,-0.49678857694855366,-0.008273350909510811,-0.011038532595487198,0.0
8.255744804943085,10.428836183831526,0.39269908169872414,59.18944025227281,-2.0168561588695013,-4.033712317739003,-0.007065731747916048,-0.011847910026668323,0.0
8.20919462899545,10.453369038442215,0.39269908169872414,65.23034181764825,-2.3331332896447443,-4.666266579289489,-0.005779640888172078,-0.012525705103398276,0.0
8.160321146932244,10.47286679695755,0.39269908169872414,71.27124338302352,-0.6550613530520174,-1.3101227061040348,-0.004429361597368327,-0.013064390264122134,0.0
8.10966714544121,10.48711291815075,0.39269908169872414,77.31214494839905,-3.4425323245467783,-6.8850646490935565,-0.0030298900164158838,-0.013457982895737523,0.0
8.057795185578566,10.495949185242301,0.39269908169872414,83.35304651377436,-0.16159987329347714,-0.3231997465869543,-0.0015967686135798468,-0.013702111776226879,0.0
8.005281354991276,10.499277463048372,0.39269908169872414,89.39394807914988,-3.242839266858108,-6.485678533716216,-0.00014591357053052016,-0.013794065621254589,0.0
7.952708869913625,10.497060787865745,0.39269908169872414,95.43484964452543,-0.6329531803298962,-1.2659063606597925,0.0013065619820531082,-0.013732823195562844,0.0
7.900661597994027,10.489323777989036,0.39269908169872414,101.47575120990075,-1.7589799701647966,-3.517959940329593,0.002744526916185006,-0.01351906465477057,0.0
7.849717573887243,10.476152360301015,0.39269908169872414,107.51665277527614,-1.9489385702982813,-3.8978771405965627,0.004152011258156503,-0.013155163991591985,0.0
7.80044257962758,10.457692815972534,0.39269908169872414,113.55755434065154,0.6490618538306567,1.2981237076613135,0.005513383550338183,-0.01264516267038081,0.0
7.753383861079131,10.434150155870437,0.39269908169872414,119.59845590602697,-3.5871495866125,-7.174299173225,0.00681352445344646,-0.011994724742811812,0.0
7.709064050247888,10.405785843716115,0.39269908169872414,125.6393574714024,3.039021814422603,6.078043628845206,0.00803799466124437,-0.011211073943175146,0.0
7.666811108062724,10.371755140872152,0.39269908169872414,131.86857023820943,-4.614478883577476,-9.228957767154952,0.009780439680604686,-0.010912514850402467,0.0
7.627346803309086,10.33218416198143,0.39269908169872414,138.2860942064483,5.920599298678154,11.841198597356309,0.010938876415802394,-0.009750946798440305,0.0
7.592552752531281,10.288450104880251,0.39269908169872414,144.70361817468697,-6.251289174490024,-12.502578348980048,0.011960222334321745,-0.008467175586923347,0.0
7.562865010096811,10.241101064032497,0.39269908169872414,151.1211421429257,7.335597212412384,14.671194424824767,0.012831677479316166,-0.007077290002042763,0.0
7.5386556358682215,10.190730438470391,0.39269908169872414,157.53866611116442,-5.463867684013761,-10.927735368027522,0.013542320391122981,-0.005598708702048109,0.0
7.5202280323850506,10.13796949505649,0.39269908169872414,163.95619007940323,5.970489900929169,11.940979801858338,0.014083244979806668,-0.004049961918950921,0.0
7.50781314248959,10.083479457169355,0.39269908169872414,170.37371404764198,-2.20044087184937,-4.40088174369874,0.01444767214020197,-0.0024504592294999302,0.0
7.501566555049475,10.027943217960972,0.39269908169872414,176.79123801588068,2.2486102790522544,4.497220558104509,0.014631034710641557,-0.0008202463058123286,0.0
7.501566555049475,9.972056782039026,0.39269908169872414,183.20876198411952,2.248105331868655,4.49621066373731,0.014631034710642024,0.0008202463058123286,0.0
7.50781314248959,9.916520542830643,0.39269908169872414,189.62628595235822,-2.1992395108763136,-4.398479021752627,0.014447672140201505,0.0024504592294999302,0.0
7.520228032385051,9.86203050494351,0.39269908169872414,196.0438099205968,5.969862868515367,11.939725737030734,0.014083244979806668,0.004049961918951153,0.0
7.538655635868222,9.809269561529609,0.39269908169872414,202.4613338888356,-5.461261292550268,-10.922522585100536,0.013542320391122981,0.005598708702047876,0.0
7.562865010096812,9.758898935967503,0.39269908169872414,208.87885785707437,7.334169223858162,14.668338447716325,0.012831677479316166,0.007077290002042763,0.0
7.592552752531283,9.711549895119749,0.39269908169872414,215.29638182531315,-6.24712294657759,-12.49424589315518,0.011960222334321745,0.00846717558692358,0.0
7.627346803309087,9.66781583801857,0.39269908169872414,221.7139057935518,5.918215982918914,11.836431965837829,0.010938876415802394,0.009750946798440073,0.0
7.666811108062724,9.628244859127848,0.39269908169872414,228.13142976179057,-4.6094559378843645,-9.218911875768729,0.009780439680604686,0.0109125148504027,0.0
7.709064050247889,9.594214156283885,0.39269908169872414,234.36064252859768,3.03619401873226,6.07238803746452,0.00803799466124437,0.011211073943174913,0.0
7.753383861079131,9.565849844129563,0.39269908169872414,240.40154409397303,-3.5810838479188627,-7.162167695837725,0.00681352445344646,0.011994724742811812,0.0
7.800442579627579,9.542307184027466,0.39269908169872414,246.44244565934838,0.6453466233446891,1.2906932466893781,0.005513383550338183,0.01264516267038081,0.0
7.849717573887243,9.523847639698985,0.39269908169872414,252.48334722472384,-1.9433151967737263,-3.8866303935474527,0.004152011258156503,0.013155163991591985,0.0
7.900661597994027,9.510676222010964,0.39269908169872414,258.52424879009925,-1.7620619545489475,-3.524123909097895,0.002744526916185006,0.013519064654770803,0.0
7.952708869913627,9.502939212134255,0.39269908169872414,264.56515035547477,-0.6296246161347211,-1.2592492322694422,0.0013065619820531082,0.013732823195562844,0.0
8.005281354991276,9.500722536951628,0.39269908169872414,270.6060519208501,-3.2438704216754912,-6.4877408433509824,-0.00014591357053052016,0.013794065621254356,0.0
8.057795185578566,9.504050814757699,0.39269908169872414,276.64695348622564,-0.16182911848857645,-0.3236582369771529,-0.0015967686135798468,0.013702111776226879,0.0
8.10966714544121,9.51288708184925,0.39269908169872414,282.68785505160093,-3.4409769752142036,-6.881953950428407,-0.0030298900164158838,0.013457982895737523,0.0
8.160321146932244,9.52713320304245,0.39269908169872414,288.7287566169765,-0.658792289680765,-1.31758457936153,-0.004429361597368327,0.013064390264122134,0.0
8.20919462899545,9.546630961557785,0.39269908169872414,294.76965818235175,-2.3297744736865895,-4.659548947373179,-0.005779640888172078,0.012525705103398276,0.0
8.255744804943085,9.571163816168474,0.39269908169872414,300.8105597477272,-2.0224792695683207,-4.044958539136641,-0.007065731747916048,0.011847910026668323,0.0
8.299454690620344,9.60045930609757,0.39269908169872414,306.85146131310245,-0.24513966992982955,-0.4902793398596591,-0.008273350909510811,0.011038532595487198,0.0
8.339838846008085,9.634192076955056,0.39269908169872414,312.89236287847785,-3.7008856161926738,-7.4017712323853475,-0.009389086609007733,0.010106561719105596,0.0
8.376448766497774,9.67198749410904,0.39269908169872414,318.93326444385326,1.8173738415471405,3.634747683094281,-0.010400547536044904,0.009062347824046302,0.0
8.40887786396345,9.71342580336107,0.39269908169872414,324.97416600922895,-4.570128124600883,-9.140256249201766,-0.011296500451180537,0.00791748790273909,0.0
8.432726824612693,9.750114227837914,0.39269908169872414,329.99495324242184,2.581345093234921,5.162690186469842,-0.007913513683526427,0.004569798692496509,0.0
8.44910644717603,9.780913708842041,0.39269908169872414,333.9956261434322,-5.093103510771546,-10.186207021543092,-0.008213056859297647,0.00400655162642926,0.0
8.463297332355772,9.812780915234448,0.39269908169872414,337.99629904444254,3.212885265628519,6.425770531257038,-0.008472573389505073,0.003423778478340212,0.0
8.475230320332251,9.845560540970478,0.39269908169872414,341.99697194545297,-4.702550292639587,-9.405100585279174,-0.0086907985104506,0.0028243194153734796,0.0
8.484847255233856,9.879092833295033,0.39269908169872414,345.9976448464636,2.6549802387376897,5.3099604774753795,-0.008866668693690115,0.0022110959241146777,0.0
8.492101268561886,9.913214371303711,0.39269908169872414,349.99831774747383,-3.2795736950923082,-6.5591473901846165,-0.008999326829185144,0.0015870965726150453,0.0
8.496957007605971,9.947758862380823,0.39269908169872414,353.99899064848415,1.0300498557059368,2.0600997114118735,-0.009088126402457403,0.0009553624454929965,0.0
8.499390807736852,9.982557952632781,0.39269908169872414,357.99966354949464,-1.1633204621853712,-2.3266409243707424,-0.009132634645402699,0.0003189723230879795,0.0
8.499390807736852,10.017442047367217,0.39269908169872414,2.0003364505051704,-1.1659453839623954,-2.331890767924791,-0.009132634645402234,-0.0003189723230879795,0.0
8.496957007605971,10.052241137619175,0.39269908169872414,6.001009351515645,1.0330505449494216,2.0661010898988432,-0.009088126402457868,-0.0009553624454929965,0.0
8.492101268561886,10.086785628696289,0.39269908169872414,10.001682252526138,-3.2814918259475223,-6.562983651895045,-0.008999326829185144,-0.0015870965726150453,0.0
8.484847255233856,10.120907166704967,0.39269908169872414,14.002355153536438,2.657865701522514,5.315731403045028,-0.008866668693690115,-0.0022110959241146777,0.0
8.475230320332251,10.154439459029522,0.39269908169872414,18.00302805454705,-4.703323776366083,-9.406647552732165,-0.008690798510450135,-0.0028243194153734796,0.0
8.463297332355772,10.187219084765552,0.39269908169872414,22.003700955557466,3.215040805628139,6.430081611256278,-0.008472573389505538,-0.003423778478340212,0.0
8.44910644717603,10.219086291157959,0.39269908169872414,26.004373856567753,-5.092323514513327,-10.184647029026655,-0.008213056859297647,-0.00400655162642926,0.0
8.432726824612693,10.249885772162086,0.39269908169872414,30.00504675757813,2.582307115246069,5.164614230492138,-0.007913513683526427,-0.004569798692496509,0.0
8.40887786396345,10.28657419663893,0.6544984694978735,35.025833990771034,-4.567289920908237,-9.134579841816475,-0.011296500451180537,-0.00791748790273909,0.0
8.376448766497774,10.32801250589096,0.6544984694978735,41.06673555614674,1.8159262470325852,3.6318524940651704,-0.010400547536044904,-0.009062347824046302,0.0
8.339838846008085,10.365807923044944,0.6544984694978735,47.107637121522124,-3.6949624315537517,-7.389924863107503,-0.009389086609007733,-0.010106561719105596,0.0
8.299454690620344,10.39954069390243,0.6544984694978735,53.14853868689753,-0.24886968082782027,-0.49773936165564053,-0.008273350909510811,-0.011038532595487198,0.0
8.255744804943085,10.428836183831526,0.6544984694978735,59.18944025227281,-2.0158268123271816,-4.031653624654363,-0.007065731747916048,-0.011847910026668323,0.0
8.20919462899545,10.453369038442215,0.6544984694978735,65.23034181764825,-2.3336059165492316,-4.667211833098463,-0.005779640888172078,-0.012525705103398276,0.0
8.160321146932244,10.47286679695755,0.6544984694978735,71.27124338302352,-0.6543292557833967,-1.3086585115667935,-0.004429361597368327,-0.013064390264122134,0.0
8.10966714544121,10.48711291815075,0.6544984694978735,77.31214494839905,-3.44277912842837,-6.88555825685674,-0.0030298900164158838,-0.013457982895737523,0.0
8.057795185578566,10.495949185242301,0.6544984694978735,83.35304651377436,-0.1613534908395093,-0.3227069816790186,-0.0015967686135798468,-0.013702111776226879,0.0
8.005281354991276,10.499277463048372,0.6544984694978735,89.39394807914988,-3.2427997701655418,-6.4855995403310835,-0.00014591357053052016,-0.013794065621254589,0.0
7.952708869913625,10.497060787865745,0.6544984694978735,95.43484964452543,-0.6331969330016136,-1.2663938660032272,0.0013065619820531082,-0.013732823195562844,0.0
7.900661597994027,10.489323777989036,0.6544984694978735,101.47575120990075,-1.7586991877394136,-3.517398375478827,0.002744526916185006,-0.01351906465477057,0.0
7.849717573887243,10.476152360301015,0.6544984694978735,107.51665277527614,-1.9495671193174446,-3.8991342386348893,0.004152011258156503,-0.013155163991591985,0.0
7.80044257962758,10.457692815972534,0.6544984694978735,113.55755434065154,0.6494811436207184,1.2989622872414368,0.005513383550338183,-0.01264516267038081,0.0
7.753383861079131,10.434150155870437,0.6544984694978735,119.59845590602697,-3.5879888211349233,-7.175977642269847,0.00681352445344646,-0.011994724742811812,0.0
7.709064050247888,10.405785843716115,0.6544984694978735,125.6393574714024,3.0394353149774274,6.078870629954855,0.00803799466124437,-0.011211073943175146,0.0
7.666811108062724,10.371755140872152,0.6544984694978735,131.86857023820943,-4.615327235335813,-9.230654470671626,0.009780439680604686,-0.010912514850402467,0.0
7.627346803309086,10.33218416198143,0.6544984694978735,138.2860942064483,5.921084743385328,11.842169486770656,0.010938876415802394,-0.009750946798440305,0.0
7.592552752531281,10.288450104880251,0.6544984694978735,144.70361817468697,-6.252196123894442,-12.504392247788884,0.011960222334321745,-0.008467175586923347,0.0
7.562865010096811,10.241101064032497,0.6544984694978735,151.1211421429257,7.336047635702644,14.672095271405288,0.012831677479316166,-0.007077290002042763,0.0
7.5386556358682215,10.190730438470391,0.6544984694978735,157.53866611116442,-5.464606893661332,-10.929213787322665,0.013542320391122981,-0.005598708702048109,0.0
7.5202280323850506,10.13796949505649,0.6544984694978735,163.95619007940323,5.970786308180147,11.941572616360293,0.014083244979806668,-0.004049961918950921,0.0
7.50781314248959,10.083479457169355,0.6544984694978735,170.37371404764198,-2.2008510067414897,-4.401702013482979,0.01444767214020197,-0.0024504592294999302,0.0
7.501566555049475,10.027943217960972,0.6544984694978735,176.79123801588068,2.24871715337145,4.4974343067429,0.014631034710641557,-0.0008202463058123286,0.0
7.501566555049475,9.972056782039026,0.6544984694978735,183.20876198411952,2.248027394219102,4.496054788438204,0.014631034710642024,0.0008202463058123286,0.0
7.50781314248959,9.916520542830643,0.6544984694978735,189.62628595235822,-2.1992099604295254,-4.398419920859051,0.014447672140201505,0.0024504592294999302,0.0
7.520228032385051,9.86203050494351,0.6544984694978735,196.0438099205968,5.969929749019718,11.939859498039436,0.014083244979806668,0.004049961918951153,0.0
7.538655635868222,9.809269561529609,0.6544984694978735,202.4613338888356,-5.461046516452001,-10.922093032904002,0.013542320391122981,0.005598708702047876,0.0
7.562865010096812,9.758898935967503,0.6544984694978735,208.87885785707437,7.334096928968949,14.668193857937897,0.012831677479316166,0.007077290002042763,0.0
7.592552752531283,9.711549895119749,0.6544984694978735,215.29638182531315,-6.246504956753446,-12.493009913506892,0.011960222334321745,0.00846717558692358,0.0
7.627346803309087,9.66781583801857,0.6544984694978735,221.7139057935518,5.917828961886815,11.83565792377363,0.010938876415802394,0.009750946798440073,0.0
7.666811108062724,9.628244859127848,0.6544984694978735,228.13142976179057,-4.608465843850545,-9.21693168770109,0.009780439680604686,0.0109125148504027,0.0
7.709064050247889,9.594214156283885,0.6544984694978735,234.36064252859768,3.0355723892275766,6.071144778455153,0.00803799466124437,0.011211073943174913,0.0
7.753383861079131,9.565849844129563,0.6544984694978735,240.40154409397303,-3.579702977085843,-7.159405954171686,0.00681352445344646,0.011994724742811812,0.0
7.800442579627579,9.542307184027466,0.6544984694978735,246.44244565934838,0.6444059899582347,1.2888119799164695,0.005513383550338183,0.01264516267038081,0.0
7.849717573887243,9.523847639698985,0.6544984694978735,252.48334722472384,-1.9418855832381667,-3.8837711664763335,0.004152011258156503,0.013155163991591985,0.0
7.900661597994027,9.510676222010964,0.6544984694978735,258.52424879009925,-1.762909294761938,-3.525818589523876,0.002744526916185006,0.013519064654770803,0.0
7.952708869913627,9.502939212134255,0.6544984694978735,264.56515035547477,-0.6286501340932361,-1.2573002681864722,0.0013065619820531082,0.013732823195562844,0.0
8.005281354991276,9.500722536951628,0.6544984694978735,270.6060519208501,-3.2442084160167814,-6.488416832033563,-0.00014591357053052016,0.013794065621254356,0.0
8.057795185578566,9.504050814757699,0.6544984694978735,276.64695348622564,-0.16166673944632154,-0.3233334788926431,-0.0015967686135798468,0.013702111776226879,0.0
8.10966714544121,9.51288708184925,0.6544984694978735,282.68785505160093,-3.440654538067417,-6.881309076134834,-0.0030298900164158838,0.013457982895737523,0.0
8.160321146932244,9.52713320304245,0.6544984694978735,288.7287566169765,-0.6594258298666298,-1.3188516597332596,-0.004429361597368327,0.013064390264122134,0.0
8.20919462899545,9.546630961557785,0.6544984694978735,294.76965818235175,-2.329017728898041,-4.658035457796082,-0.005779640888172078,0.012525705103398276,0.0
8.255744804943085,9.571163816168474,0.6544984694978735,300.8105597477272,-2.0235081333817972,-4.0470162667635945,-0.007065731747916048,0.011847910026668323,0.0
8.299454690620344,9.60045930609757,0.6544984694978735,306.85146131310245,-0.24442382188070522,-0.48884764376141043,-0.008273350909510811,0.011038532595487198,0.0
8.339838846008085,9.634192076955056,0.6544984694978735,312.89236287847785,-3.7017604452787864,-7.403520890557573,-0.009389086609007733,0.010106561719105596,0.0
8.376448766497774,9.67198749410904,0.6544984694978735,318.93326444385326,1.8176542210386333,3.6353084420772666,-0.010400547536044904,0.009062347824046302,0.0
8.40887786396345,9.71342580336107,0.6544984694978735,324.97416600922895,-4.570493979485471,-9.140987958970943,-0.011296500451180537,0.00791748790273909,0.0
8.432726824612693,9.750114227837914,0.6544984694978735,329.99495324242184,2.5811802791109097,5.1623605582218195,-0.007913513683526427,0.004569798692496509,0.0
8.44910644717603,9.780913708842041,0.6544984694978735,333.9956261434322,-5.093185785136292,-10.186371570272584,-0.008213056859297647,0.00400655162642926,0.0
8.463297332355772,9.812780915234448,0.6544984694978735,337.99629904444254,3.2124886461083517,6.424977292216703,-0.008472573389505073,0.003423778478340212,0.0
8.475230320332251,9.845560540970478,0.6544984694978735,341.99697194545297,-4.70236420458918,-9.40472840917836,-0.0086907985104506,0.0028243194153734796,0.0
8.484847255233856,9.879092833295033,0.6544984694978735,345.9976448464636,2.654450644440721,5.308901288881442,-0.008866668693690115,0.0022110959241146777,0.0
8.492101268561886,9.913214371303711,0.6544984694978735,349.99831774747383,-3.279197431311879,-6.558394862623758,-0.008999326829185144,0.0015870965726150453,0.0
8.496957007605971,9.947758862380823,0.6544984694978735,353.99899064848415,1.0295057233080709,2.0590114466161418,-0.009088126402457403,0.0009553624454929965,0.0
8.499390807736852,9.982557952632781,0.6544984694978735,357.99966354949464,-1.1628299339270916,-2.325659867854183,-0.009132634645402699,0.0003189723230879795,0.0
8.499390807736852,10.017442047367217,0.6544984694978735,2.0003364505051704,-1.1664156472926956,-2.3328312945853913,-0.009132634645402234,-0.0003189723230879795,0.0
8.496957007605971,10.052241137619175,0.6544984694978735,6.001009351515645,1.0336047385277618,2.0672094770555236,-0.009088126402457868,-0.0009553624454929965,0.0
8.492101268561886,10.086785628696289,0.6544984694978735,10.001682252526138,-3.2818176551421607,-6.5636353102843215,-0.008999326829185144,-0.0015870965726150453,0.0
8.484847255233856,10.120907166704967,0.6544984694978735,14.002355153536438,2.6583922563058477,5.3167845126116955,-0.008866668693690115,-0.0022110959241146777,0.0
8.475230320332251,10.154439459029522,0.6544984694978735,18.00302805454705,-4.703420819188237,-9.406841638376473,-0.008690798510450135,-0.0028243194153734796,0.0
8.463297332355772,10.187219084765552,0.6544984694978735,22.003700955557466,3.215433159868903,6.430866319737806,-0.008472573389505538,-0.003423778478340212,0.0
8.44910644717603,10.219086291157959,0.6544984694978735,26.004373856567753,-5.0921202891227,-10.1842405782454,-0.008213056859297647,-0.00400655162642926,0.0
8.432726824612693,10.249885772162086,0.6544984694978735,30.00504675757813,2.5824944265134837,5.164988853026967,-0.007913513683526427,-0.004569798692496509,0.0
8.40887786396345,10.28657419663893,0.9162978572970228,35.025833990771034,-4.567289920908408,-9.134579841816816,-0.011296500451180537,-0.00791748790273909,0.0
8.376448766497774,10.32801250589096,0.9162978572970228,41.06673555614674,1.8159262470319744,3.6318524940639487,-0.010400547536044904,-0.009062347824046302,0.0
8.339838846008085,10.365807923044944,0.9162978572970228,47.107637121522124,-3.69496243155446,-7.38992486310892,-0.009389086609007733,-0.010106561719105596,0.0
8.299454690620344,10.39954069390243,0.9162978572970228,53.14853868689753,-0.2488696808282886,-0.4977393616565772,-0.008273350909510811,-0.011038532595487198,0.0
8.255744804943085,10.428836183831526,0.9162978572970228,59.18944025227281,-2.015826812327752,-4.031653624655504,-0.007065731747916048,-0.011847910026668323,0.0
8.20919462899545,10.453369038442215,0.9162978572970228,65.23034181764825,-2.333605916549562,-4.667211833099124,-0.005779640888172078,-0.012525705103398276,0.0
8.160321146932244,10.47286679695755,0.9162978572970228,71.27124338302352,-0.654329255783312,-1.308658511566624,-0.004429361597368327,-0.013064390264122134,0.0
8.10966714544121,10.48711291815075,0.9162978572970228,77.31214494839905,-3.442779128427907,-6.885558256855814,-0.0030298900164158838,-0.013457982895737523,0.0
8.057795185578566,10.495949185242301,0.9162978572970228,83.35304651377436,-0.16135349083867045,-0.3227069816773409,-0.0015967686135798468,-0.013702111776226879,0.0
8.005281354991276,10.499277463048372,0.9162978572970228,89.39394807914988,-3.242799770164628,-6.485599540329256,-0.00014591357053052016,-0.013794065621254589,0.0
7.952708869913625,10.497060787865745,0.9162978572970228,95.43484964452543,-0.6331969330003323,-1.2663938660006646,0.0013065619820531082,-0.013732823195562844,0.0
7.900661597994027,10.489323777989036,0.9162978572970228,101.47575120990075,-1.7586991877391986,-3.5173983754783973,0.002744526916185006,-0.01351906465477057,0.0
7.849717573887243,10.476152360301015,0.9162978572970228,107.51665277527614,-1.9495671193174706,-3.8991342386349412,0.004152011258156503,-0.013155163991591985,0.0
7.80044257962758,10.457692815972534,0.9162978572970228,113.55755434065154,0.6494811436207126,1.2989622872414253,0.005513383550338183,-0.01264516267038081,0.0
7.753383861079131,10.434150155870437,0.9162978572970228,119.59845590602697,-3.587988821135135,-7.17597764227027,0.00681352445344646,-0.011994724742811812,0.0
7.709064050247888,10.405785843716115,0.9162978572970228,125.6393574714024,3.0394353149766595,6.078870629953319,0.00803799466124437,-0.011211073943175146,0.0
7.666811108062724,10.371755140872152,0.9162978572970228,131.86857023820943,-4.615327235337508,-9.230654470675017,0.009780439680604686,-0.010912514850402467,0.0
7.627346803309086,10.33218416198143,0.9162978572970228,138.2860942064483,5.921084743383776,11.842169486767553,0.010938876415802394,-0.009750946798440305,0.0
7.592552752531281,10.288450104880251,0.9162978572970228,144.70361817468697,-6.2521961238946995,-12.504392247789399,0.011960222334321745,-0.008467175586923347,0.0
7.562865010096811,10.241101064032497,0.9162978572970228,151.1211421429257,7.336047635702535,14.67209527140507,0.012831677479316166,-0.007077290002042763,0.0
7.5386556358682215,10.190730438470391,0.9162978572970228,157.53866611116442,-5.464606893661133,-10.929213787322267,0.013542320391122981,-0.005598708702048109,0.0
7.5202280323850506,10.13796949505649,0.9162978572970228,163.95619007940323,5.9707863081797,11.9415726163594,0.014083244979806668,-0.004049961918950921,0.0
7.50781314248959,10.083479457169355,0.9162978572970228,170.37371404764198,-2.2008510067414377,-4.4017020134828755,0.01444767214020197,-0.0024504592294999302,0.0
7.501566555049475,10.027943217960972,0.9162978572970228,176.79123801588068,2.248717153370808,4.497434306741616,0.014631034710641557,-0.0008202463058123286,0.0
7.501566555049475,9.972056782039026,0.9162978572970228,183.20876198411952,2.2480273942190134,4.496054788438027,0.014631034710642024,0.0008202463058123286,0.0
7.50781314248959,9.916520542830643,0.9162978572970228,189.62628595235822,-2.1992099604299624,-4.398419920859925,0.014447672140201505,0.0024504592294999302,0.0
7.520228032385051,9.86203050494351,0.9162978572970228,196.0438099205968,5.96992974902,11.93985949804,0.014083244979806668,0.004049961918951153,0.0
7.538655635868222,9.809269561529609,0.9162978572970228,202.4613338888356,-5.461046516452321,-10.922093032904643,0.013542320391122981,0.005598708702047876,0.0
7.562865010096812,9.758898935967503,0.9162978572970228,208.87885785707437,7.334096928969395,14.66819385793879,0.012831677479316166,0.007077290002042763,0.0
7.592552752531283,9.711549895119749,0.9162978572970228,215.29638182531315,-6.246504956753183,-12.493009913506366,0.011960222334321745,0.00846717558692358,0.0
7.627346803309087,9.66781583801857,0.9162978572970228,221.7139057935518,5.917828961886893,11.835657923773786,0.010938876415802394,0.009750946798440073,0.0
7.666811108062724,9.628244859127848,0.9162978572970228,228.13142976179057,-4.608465843850862,-9.216931687701724,0.009780439680604686,0.0109125148504027,0.0
7.709064050247889,9.594214156283885,0.9162978572970228,234.36064252859768,3.035572389227589,6.071144778455178,0.00803799466124437,0.011211073943174913,0.0
7.753383861079131,9.565849844129563,0.9162978572970228,240.40154409397303,-3.579702977085954,-7.159405954171908,0.00681352445344646,0.011994724742811812,0.0
7.800442579627579,9.542307184027466,0.9162978572970228,246.44244565934838,0.6444059899581186,1.2888119799162372,0.005513383550338183,0.01264516267038081,0.0
7.849717573887243,9.523847639698985,0.9162978572970228,252.48334722472384,-1.9418855832376363,-3.8837711664752725,0.004152011258156503,0.013155163991591985,0.0
7.900661597994027,9.510676222010964,0.9162978572970228,258.52424879009925,-1.7629092947614626,-3.5258185895229253,0.002744526916185006,0.013519064654770803,0.0
7.952708869913627,9.502939212134255,0.9162978572970228,264.56515035547477,-0.6286501340933383,-1.2573002681866765,0.0013065619820531082,0.013732823195562844,0.0
8.005281354991276,9.500722536951628,0.9162978572970228,270.6060519208501,-3.244208416017223,-6.488416832034446,-0.00014591357053052016,0.013794065621254356,0.0
8.057795185578566,9.504050814757699,0.9162978572970228,276.64695348622564,-0.1616667394469258,-0.3233334788938516,-0.0015967686135798468,0.013702111776226879,0.0
8.10966714544121,9.51288708184925,0.9162978572970228,282.68785505160093,-3.4406545380675433,-6.881309076135087,-0.0030298900164158838,0.013457982895737523,0.0
8.160321146932244,9.52713320304245,0.9162978572970228,288.7287566169765,-0.6594258298671165,-1.318851659734233,-0.004429361597368327,0.013064390264122134,0.0
8.20919462899545,9.546630961557785,0.9162978572970228,294.76965818235175,-2.329017728898219,-4.658035457796438,-0.005779640888172078,0.012525705103398276,0.0
8.255744804943085,9.571163816168474,0.9162978572970228,300.8105597477272,-2.023508133381881,-4.047016266763762,-0.007065731747916048,0.011847910026668323,0.0
8.299454690620344,9.60045930609757,0.9162978572970228,306.85146131310245,-0.24442382188065392,-0.48884764376130785,-0.008273350909510811,0.011038532595487198,0.0
8.339838846008085,9.634192076955056,0.9162978572970228,312.89236287847785,-3.701760445279008,-7.403520890558016,-0.009389086609007733,0.010106561719105596,0.0
8.376448766497774,9.67198749410904,0.9162978572970228,318.93326444385326,1.8176542210382984,3.635308442076597,-0.010400547536044904,0.009062347824046302,0.0
8.40887786396345,9.71342580336107,0.9162978572970228,324.97416600922895,-4.570493979485875,-9.14098795897175,-0.011296500451180537,0.00791748790273909,0.0
8.432726824612693,9.750114227837914,0.9162978572970228,329.99495324242184,2.581180279110854,5.162360558221708,-0.007913513683526427,0.004569798692496509,0.0
8.44910644717603,9.780913708842041,0.9162978572970228,333.9956261434322,-5.093185785136235,-10.18637157027247,-0.008213056859297647,0.00400655162642926,0.0
8.463297332355772,9.812780915234448,0.9162978572970228,337.99629904444254,3.2124886461081306,6.424977292216261,-0.008472573389505073,0.003423778478340212,0.0
8.475230320332251,9.845560540970478,0.9162978572970228,341.99697194545297,-4.7023642045892995,-9.404728409178599,-0.0086907985104506,0.0028243194153734796,0.0
8.484847255233856,9.879092833295033,0.9162978572970228,345.9976448464636,2.65445064444077,5.30890128888154,-0.008866668693690115,0.0022110959241146777,0.0
8.492101268561886,9.913214371303711,0.9162978572970228,349.99831774747383,-3.27919743131219,-6.55839486262438,-0.008999326829185144,0.0015870965726150453,0.0
8.496957007605971,9.947758862380823,0.9162978572970228,353.99899064848415,1.0295057233077338,2.0590114466154676,-0.009088126402457403,0.0009553624454929965,0.0
8.499390807736852,9.982557952632781,0.9162978572970228,357.99966354949464,-1.1628299339275983,-2.3256598678551965,-0.009132634645402699,0.0003189723230879795,0.0
8.499390807736852,10.017442047367217,0.9162978572970228,2.0003364505051704,-1.166415647292986,-2.332831294585972,-0.009132634645402234,-0.0003189723230879795,0.0
8.496957007605971,10.052241137619175,0.9162978572970228,6.001009351515645,1.033604738527389,2.067209477054778,-0.009088126402457868,-0.0009553624454929965,0.0
8.492101268561886,10.086785628696289,0.9162978572970228,10.001682252526138,-3.2818176551423375,-6.563635310284675,-0.008999326829185144,-0.0015870965726150453,0.0
8.484847255233856,10.120907166704967,0.9162978572970228,14.002355153536438,2.6583922563055453,5.316784512611091,-0.008866668693690115,-0.0022110959241146777,0.0
8.475230320332251,10.154439459029522,0.9162978572970228,18.00302805454705,-4.70342081918824,-9.40684163837648,-0.008690798510450135,-0.0028243194153734796,0.0
8.463297332355772,10.187219084765552,0.9162978572970228,22.003700955557466,3.2154331598687578,6.4308663197375155,-0.008472573389505538,-0.003423778478340212,0.0
8.44910644717603,10.219086291157959,0.9162978572970228,26.004373856567753,-5.092120289122644,-10.184240578245287,-0.008213056859297647,-0.00400655162642926,0.0
8.432726824612693,10.249885772162086,0.9162978572970228,30.00504675757813,2.5824944265130396,5.164988853026079,-0.007913513683526427,-0.004569798692496509,0.0
8.40887786396345,10.28657419663893,1.1780972450961724,35.025833990771034,-4.56778259709632,-9.13556519419264,-0.011296500451180537,-0.00791748790273909,0.0
8.376448766497774,10.32801250589096,1.1780972450961724,41.06673555614674,1.8161088683742532,3.6322177367485065,-0.010400547536044904,-0.009062347824046302,0.0
8.339838846008085,10.365807923044944,1.1780972450961724,47.107637121522124,-3.6959091360934724,-7.391818272186945,-0.009389086609007733,-0.010106561719105596,0.0
8.299454690620344,10.39954069390243,1.1780972450961724,53.14853868689753,-0.2483942884745212,-0.4967885769490424,-0.008273350909510811,-0.011038532595487198,0.0
8.255744804943085,10.428836183831526,1.1780972450961724,59.18944025227281,-2.01685615887,-4.03371231774,-0.007065731747916048,-0.011847910026668323,0.0
8.20919462899545,10.453369038442215,1.1780972450961724,65.23034181764825,-2.3331332896452954,-4.666266579290591,-0.005779640888172078,-0.012525705103398276,0.0
8.160321146932244,10.47286679695755,1.1780972450961724,71.27124338302352,-0.6550613530521234,-1.3101227061042469,-0.004429361597368327,-0.013064390264122134,0.0
8.10966714544121,10.48711291815075,1.1780972450961724,77.31214494839905,-3.442532324547456,-6.885064649094912,-0.0030298900164158838,-0.013457982895737523,0.0
8.057795185578566,10.495949185242301,1.1780972450961724,83.35304651377436,-0.16159987329429834,-0.3231997465885967,-0.0015967686135798468,-0.013702111776226879,0.0
8.005281354991276,10.499277463048372,1.1780972450961724,89.39394807914988,-3.242839266858433,-6.485678533716866,-0.00014591357053052016,-0.013794065621254589,0.0
7.952708869913625,10.497060787865745,1.1780972450961724,95.43484964452543,-0.6329531803303066,-1.2659063606606131,0.0013065619820531082,-0.013732823195562844,0.0
7.900661597994027,10.489323777989036,1.1780972450961724,101.47575120990075,-1.7589799701654534,-3.5179599403309068,0.002744526916185006,-0.01351906465477057,0.0
7.849717573887243,10.476152360301015,1.1780972450961724,107.51665277527614,-1.9489385702983413,-3.8978771405966826,0.004152011258156503,-0.013155163991591985,0.0
7.80044257962758,10.457692815972534,1.1780972450961724,113.55755434065154,0.6490618538307097,1.2981237076614194,0.005513383550338183,-0.01264516267038081,0.0
7.753383861079131,10.434150155870437,1.1780972450961724,119.59845590602697,-3.5871495866125596,-7.174299173225119,0.00681352445344646,-0.011994724742811812,0.0
7.709064050247888,10.405785843716115,1.1780972450961724,125.6393574714024,3.0390218144219743,6.0780436288439486,0.00803799466124437,-0.011211073943175146,0.0
7.666811108062724,10.371755140872152,1.1780972450961724,131.86857023820943,-4.614478883578048,-9.228957767156096,0.009780439680604686,-0.010912514850402467,0.0
7.627346803309086,10.33218416198143,1.1780972450961724,138.2860942064483,5.9205992986779,11.8411985973558,0.010938876415802394,-0.009750946798440305,0.0
7.592552752531281,10.288450104880251,1.1780972450961724,144.70361817468697,-6.2512891744908545,-12.502578348981709,0.011960222334321745,-0.008467175586923347,0.0
7.562865010096811,10.241101064032497,1.1780972450961724,151.1211421429257,7.3355972124117335,14.671194424823467,0.012831677479316166,-0.007077290002042763,0.0
7.5386556358682215,10.190730438470391,1.1780972450961724,157.53866611116442,-5.463867684014402,-10.927735368028804,0.013542320391122981,-0.005598708702048109,0.0
7.5202280323850506,10.13796949505649,1.1780972450961724,163.95619007940323,5.970489900928693,11.940979801857386,0.014083244979806668,-0.004049961918950921,0.0
7.50781314248959,10.083479457169355,1.1780972450961724,170.37371404764198,-2.200440871849573,-4.400881743699146,0.01444767214020197,-0.0024504592294999302,0.0
7.501566555049475,10.027943217960972,1.1780972450961724,176.79123801588068,2.248610279052312,4.497220558104624,0.014631034710641557,-0.0008202463058123286,0.0
7.501566555049475,9.972056782039026,1.1780972450961724,183.20876198411952,2.2481053318688335,4.496210663737667,0.014631034710642024,0.0008202463058123286,0.0
7.50781314248959,9.916520542830643,1.1780972450961724,189.62628595235822,-2.1992395108762746,-4.398479021752549,0.014447672140201505,0.0024504592294999302,0.0
7.520228032385051,9.86203050494351,1.1780972450961724,196.0438099205968,5.969862868515702,11.939725737031404,0.014083244979806668,0.004049961918951153,0.0
7.538655635868222,9.809269561529609,1.1780972450961724,202.4613338888356,-5.461261292549805,-10.92252258509961,0.013542320391122981,0.005598708702047876,0.0
7.562865010096812,9.758898935967503,1.1780972450961724,208.87885785707437,7.334169223858317,14.668338447716634,0.012831677479316166,0.007077290002042763,0.0
7.592552752531283,9.711549895119749,1.1780972450961724,215.29638182531315,-6.247122946577191,-12.494245893154382,0.011960222334321745,0.00846717558692358,0.0
7.627346803309087,9.66781583801857,1.1780972450961724,221.7139057935518,5.91821598291902,11.83643196583804,0.010938876415802394,0.009750946798440073,0.0
7.666811108062724,9.628244859127848,1.1780972450961724,228.13142976179057,-4.609455937883861,-9.218911875767722,0.009780439680604686,0.0109125148504027,0.0
7.709064050247889,9.594214156283885,1.1780972450961724,234.36064252859768,3.036194018732761,6.072388037465522,0.00803799466124437,0.011211073943174913,0.0
7.753383861079131,9.565849844129563,1.1780972450961724,240.40154409397303,-3.5810838479180096,-7.162167695836019,0.00681352445344646,0.011994724742811812,0.0
7.800442579627579,9.542307184027466,1.1780972450961724,246.44244565934838,0.6453466233454137,1.2906932466908274,0.005513383550338183,0.01264516267038081,0.0
7.849717573887243,9.523847639698985,1.1780972450961724,252.48334722472384,-1.9433151967729552,-3.8866303935459103,0.004152011258156503,0.013155163991591985,0.0
7.900661597994027,9.510676222010964,1.1780972450961724,258.52424879009925,-1.7620619545476914,-3.524123909095383,0.002744526916185006,0.013519064654770803,0.0
7.952708869913627,9.502939212134255,1.1780972450961724,264.56515035547477,-0.6296246161343746,-1.2592492322687492,0.0013065619820531082,0.013732823195562844,0.0
8.005281354991276,9.500722536951628,1.1780972450961724,270.6060519208501,-3.2438704216754513,-6.4877408433509025,-0.00014591357053052016,0.013794065621254356,0.0
8.057795185578566,9.504050814757699,1.1780972450961724,276.64695348622564,-0.16182911848831402,-0.32365823697662804,-0.0015967686135798468,0.013702111776226879,0.0
8.10966714544121,9.51288708184925,1.1780972450961724,282.68785505160093,-3.4409769752141375,-6.881953950428275,-0.0030298900164158838,0.013457982895737523,0.0
8.160321146932244,9.52713320304245,1.1780972450961724,288.7287566169765,-0.6587922896813576,-1.3175845793627152,-0.004429361597368327,0.013064390264122134,0.0
8.20919462899545,9.546630961557785,1.1780972450961724,294.76965818235175,-2.3297744736873707,-4.659548947374741,-0.005779640888172078,0.012525705103398276,0.0
8.255744804943085,9.571163816168474,1.1780972450961724,300.8105597477272,-2.022479269569589,-4.044958539139178,-0.007065731747916048,0.011847910026668323,0.0
8.299454690620344,9.60045930609757,1.1780972450961724,306.85146131310245,-0.24513966993086103,-0.49027933986172206,-0.008273350909510811,0.011038532595487198,0.0
8.339838846008085,9.634192076955056,1.1780972450961724,312.89236287847785,-3.70088561619395,-7.4017712323879,-0.009389086609007733,0.010106561719105596,0.0
8.376448766497774,9.67198749410904,1.1780972450961724,318.93326444385326,1.8173738415462914,3.634747683092583,-0.010400547536044904,0.009062347824046302,0.0
8.40887786396345,9.71342580336107,1.1780972450961724,324.97416600922895,-4.570128124601466,-9.140256249202931,-0.011296500451180537,0.00791748790273909,0.0
8.432726824612693,9.750114227837914,1.1780972450961724,329.99495324242184,2.5813450932345687,5.1626901864691375,-0.007913513683526427,0.004569798692496509,0.0
8.44910644717603,9.780913708842041,1.1780972450961724,333.9956261434322,-5.093103510771962,-10.186207021543924,-0.008213056859297647,0.00400655162642926,0.0
8.463297332355772,9.812780915234448,1.1780972450961724,337.99629904444254,3.2128852656286493,6.425770531257299,-0.008472573389505073,0.003423778478340212,0.0
8.475230320332251,9.845560540970478,1.1780972450961724,341.99697194545297,-4.702550292639562,-9.405100585279124,-0.0086907985104506,0.0028243194153734796,0.0
8.484847255233856,9.879092833295033,1.1780972450961724,345.9976448464636,2.654980238737935,5.30996047747587,-0.008866668693690115,0.0022110959241146777,0.0
8.492101268561886,9.913214371303711,1.1780972450961724,349.99831774747383,-3.279573695092455,-6.55914739018491,-0.008999326829185144,0.0015870965726150453,0.0
8.496957007605971,9.947758862380823,1.1780972450961724,353.99899064848415,1.030049855706025,2.06009971141205,-0.009088126402457403,0.0009553624454929965,0.0
8.499390807736852,9.982557952632781,1.1780972450961724,357.99966354949464,-1.163320462185639,-2.326640924371278,-0.009132634645402699,0.0003189723230879795,0.0
8.499390807736852,10.017442047367217,1.1780972450961724,2.0003364505051704,-1.1659453839624645,-2.331890767924929,-0.009132634645402234,-0.0003189723230879795,0.0
8.496957007605971,10.052241137619175,1.1780972450961724,6.001009351515645,1.0330505449490694,2.066101089898139,-0.009088126402457868,-0.0009553624454929965,0.0
8.492101268561886,10.086785628696289,1.1780972450961724,10.001682252526138,-3.2814918259478425,-6.562983651895685,-0.008999326829185144,-0.0015870965726150453,0.0
8.484847255233856,10.120907166704967,1.1780972450961724,14.002355153536438,2.6578657015218727,5.3157314030437455,-0.008866668693690115,-0.0022110959241146777,0.0
8.475230320332251,10.154439459029522,1.1780972450961724,18.00302805454705,-4.703323776366738,-9.406647552733476,-0.008690798510450135,-0.0028243194153734796,0.0
8.463297332355772,10.187219084765552,1.1780972450961724,22.003700955557466,3.215040805627397,6.430081611254794,-0.008472573389505538,-0.003423778478340212,0.0
8.44910644717603,10.219086291157959,1.1780972450961724,26.004373856567753,-5.092323514514161,-10.184647029028323,-0.008213056859297647,-0.00400655162642926,0.0
8.432726824612693,10.249885772162086,1.1780972450961724,30.00504675757813,2.5823071152456687,5.164614230491337,-0.007913513683526427,-0.004569798692496509,0.0
8.40887786396345,10.28657419663893,1.4398966328953218,35.025833990771034,-4.568636026179526,-9.137272052359052,-0.011296500451180537,-0.00791748790273909,0.0
8.376448766497774,10.32801250589096,1.4398966328953218,41.06673555614674,1.8164251091867825,3.632850218373565,-0.010400547536044904,-0.009062347824046302,0.0
8.339838846008085,10.365807923044944,1.4398966328953218,47.107637121522124,-3.697548919451774,-7.395097838903548,-0.009389086609007733,-0.010106561719105596,0.0
8.299454690620344,10.39954069390243,1.4398966328953218,53.14853868689753,-0.24757090125712086,-0.4951418025142417,-0.008273350909510811,-0.011038532595487198,0.0
8.255744804943085,10.428836183831526,1.4398966328953218,59.18944025227281,-2.018639032413305,-4.03727806482661,-0.007065731747916048,-0.011847910026668323,0.0
8.20919462899545,10.453369038442215,1.4398966328953218,65.23034181764825,-2.3323146509832133,-4.664629301966427,-0.005779640888172078,-0.012525705103398276,0.0
8.160321146932244,10.47286679695755,1.4398966328953218,71.27124338302352,-0.6563293465266481,-1.3126586930532962,-0.004429361597368327,-0.013064390264122134,0.0
8.10966714544121,10.48711291815075,1.4398966328953218,77.31214494839905,-3.4421048120455016,-6.884209624091003,-0.0030298900164158838,-0.013457982895737523,0.0
8.057795185578566,10.495949185242301,1.4398966328953218,83.35304651377436,-0.16202655288789808,-0.32405310577579616,-0.0015967686135798468,-0.013702111776226879,0.0
8.005281354991276,10.499277463048372,1.4398966328953218,89.39394807914988,-3.242907587504206,-6.485815175008412,-0.00014591357053052016,-0.013794065621254589,0.0
7.952708869913625,10.497060787865745,1.4398966328953218,95.43484964452543,-0.6325309127519003,-1.2650618255038006,0.0013065619820531082,-0.013732823195562844,0.0
7.900661597994027,10.489323777989036,1.4398966328953218,101.47575120990075,-1.7594662243127381,-3.5189324486254763,0.002744526916185006,-0.01351906465477057,0.0
7.849717573887243,10.476152360301015,1.4398966328953218,107.51665277527614,-1.9478498303452119,-3.8956996606904237,0.004152011258156503,-0.013155163991591985,0.0
7.80044257962758,10.457692815972534,1.4398966328953218,113.55755434065154,0.6483356780184285,1.296671356036857,0.005513383550338183,-0.01264516267038081,0.0
7.753383861079131,10.434150155870437,1.4398966328953218,119.59845590602697,-3.5856959509240323,-7.1713919018480645,0.00681352445344646,-0.011994724742811812,0.0
7.709064050247888,10.405785843716115,1.4398966328953218,125.6393574714024,3.0383056447848977,6.0766112895697955,0.00803799466124437,-0.011211073943175146,0.0
7.666811108062724,10.371755140872152,1.4398966328953218,131.86857023820943,-4.613009482160409,-9.226018964320819,0.009780439680604686,-0.010912514850402467,0.0
7.627346803309086,10.33218416198143,1.4398966328953218,138.2860942064483,5.9197584948567314,11.839516989713463,0.010938876415802394,-0.009750946798440305,0.0
7.592552752531281,10.288450104880251,1.4398966328953218,144.70361817468697,-6.2497183073735085,-12.499436614747017,0.011960222334321745,-0.008467175586923347,0.0
7.562865010096811,10.241101064032497,1.4398966328953218,151.1211421429257,7.33481704378374,14.66963408756748,0.012831677479316166,-0.007077290002042763,0.0
7.5386556358682215,10.190730438470391,1.4398966328953218,157.53866611116442,-5.462587373542749,-10.925174747085498,0.013542320391122981,-0.005598708702048109,0.0
7.5202280323850506,10.13796949505649,1.4398966328953218,163.95619007940323,5.969976474286852,11.939952948573705,0.014083244979806668,-0.004049961918950921,0.0
7.50781314248959,10.083479457169355,1.4398966328953218,170.37371404764198,-2.199730549526488,-4.399461099052976,0.01444767214020197,-0.0024504592294999302,0.0
7.501566555049475,10.027943217960972,1.4398966328953218,176.79123801588068,2.248425110852996,4.496850221705992,0.014631034710641557,-0.0008202463058123286,0.0
7.501566555049475,9.972056782039026,1.4398966328953218,183.20876198411952,2.2482402667629486,4.496480533525897,0.014631034710642024,0.0008202463058123286,0.0
7.50781314248959,9.916520542830643,1.4398966328953218,189.62628595235822,-2.1992907613203827,-4.398581522640765,0.014447672140201505,0.0024504592294999302,0.0
7.520228032385051,9.86203050494351,1.4398966328953218,196.0438099205968,5.969746971279554,11.939493942559109,0.014083244979806668,0.004049961918951153,0.0
7.538655635868222,9.809269561529609,1.4398966328953218,202.4613338888356,-5.461633367016685,-10.92326673403337,0.013542320391122981,0.005598708702047876,0.0
7.562865010096812,9.758898935967503,1.4398966328953218,208.87885785707437,7.334294388337164,14.668588776674328,0.012831677479316166,0.007077290002042763,0.0
7.592552752531283,9.711549895119749,1.4398966328953218,215.29638182531315,-6.2481933992683425,-12.496386798536685,0.011960222334321745,0.00846717558692358,0.0
7.627346803309087,9.66781583801857,1.4398966328953218,221.7139057935518,5.9188862774457975,11.837772554891595,0.010938876415802394,0.009750946798440073,0.0
7.666811108062724,9.628244859127848,1.4398966328953218,228.13142976179057,-4.6111708745176125,-9.222341749035225,0.009780439680604686,0.0109125148504027,0.0
7.709064050247889,9.594214156283885,1.4398966328953218,234.36064252859768,3.0372706829692127,6.074541365938425,0.00803799466124437,0.011211073943174913,0.0
7.753383861079131,9.565849844129563,1.4398966328953218,240.40154409397303,-3.5834756103036063,-7.166951220607213,0.00681352445344646,0.011994724742811812,0.0
7.800442579627579,9.542307184027466,1.4398966328953218,246.44244565934838,0.6469758384615697,1.2939516769231394,0.005513383550338183,0.01264516267038081,0.0
7.849717573887243,9.523847639698985,1.4398966328953218,252.48334722472384,-1.9457913594100686,-3.8915827188201373,0.004152011258156503,0.013155163991591985,0.0
7.900661597994027,9.510676222010964,1.4398966328953218,258.52424879009925,-1.7605943057279907,-3.5211886114559814,0.002744526916185006,0.013519064654770803,0.0
7.952708869913627,9.502939212134255,1.4398966328953218,264.56515035547477,-0.6313124447810488,-1.2626248895620975,0.0013065619820531082,0.013732823195562844,0.0
8.005281354991276,9.500722536951628,1.4398966328953218,270.6060519208501,-3.2432849650661177,-6.4865699301322355,-0.00014591357053052016,0.013794065621254356,0.0
8.057795185578566,9.504050814757699,1.4398966328953218,276.64695348622564,-0.16211032633408978,-0.32422065266817957,-0.0015967686135798468,0.013702111776226879,0.0
8.10966714544121,9.51288708184925,1.4398966328953218,282.68785505160093,-3.4415354072494804,-6.883070814498961,-0.0030298900164158838,0.013457982895737523,0.0
8.160321146932244,9.52713320304245,1.4398966328953218,288.7287566169765,-0.657694920873352,-1.315389841746704,-0.004429361597368327,0.013064390264122134,0.0
8.20919462899545,9.546630961557785,1.4398966328953218,294.76965818235175,-2.3310851512384962,-4.6621703024769925,-0.005779640888172078,0.012525705103398276,0.0
8.255744804943085,9.571163816168474,1.4398966328953218,300.8105597477272,-2.020697192356484,-4.041394384712968,-0.007065731747916048,0.011847910026668323,0.0
8.299454690620344,9.60045930609757,1.4398966328953218,306.85146131310245,-0.24637953122728629,-0.49275906245457257,-0.008273350909510811,0.011038532595487198,0.0
8.339838846008085,9.634192076955056,1.4398966328953218,312.89236287847785,-3.6993703678605585,-7.398740735721117,-0.009389086609007733,0.010106561719105596,0.0
8.376448766497774,9.67198749410904,1.4398966328953218,318.93326444385326,1.8168881947486948,3.6337763894973896,-0.010400547536044904,0.009062347824046302,0.0
8.40887786396345,9.71342580336107,1.4398966328953218,324.97416600922895,-4.5694944850508215,-9.138988970101643,-0.011296500451180537,0.00791748790273909,0.0
8.432726824612693,9.750114227837914,1.4398966328953218,329.99495324242184,2.581630495292462,5.163260990584924,-0.007913513683526427,0.004569798692496509,0.0
8.44910644717603,9.780913708842041,1.4398966328953218,333.9956261434322,-5.092961085949215,-10.18592217189843,-0.008213056859297647,0.00400655162642926,0.0
8.463297332355772,9.812780915234448,1.4398966328953218,337.99629904444254,3.2135721375047392,6.4271442750094785,-0.008472573389505073,0.003423778478340212,0.0
8.475230320332251,9.845560540970478,1.4398966328953218,341.99697194545297,-4.7028727192720385,-9.405745438544077,-0.0086907985104506,0.0028243194153734796,0.0
8.484847255233856,9.879092833295033,1.4398966328953218,345.9976448464636,2.655897401457175,5.31179480291435,-0.008866668693690115,0.0022110959241146777,0.0
8.492101268561886,9.913214371303711,1.4398966328953218,349.99831774747383,-3.2802255420787114,-6.560451084157423,-0.008999326829185144,0.0015870965726150453,0.0
8.496957007605971,9.947758862380823,1.4398966328953218,353.99899064848415,1.03099217451097,2.06198434902194,-0.009088126402457403,0.0009553624454929965,0.0
8.499390807736852,9.982557952632781,1.4398966328953218,357.99966354949464,-1.1641702300885666,-2.328340460177133,-0.009132634645402699,0.0003189723230879795,0.0
8.499390807736852,10.017442047367217,1.4398966328953218,2.0003364505051704,-1.165131023355621,-2.330262046711242,-0.009132634645402234,-0.0003189723230879795,0.0
8.496957007605971,10.052241137619175,1.4398966328953218,6.001009351515645,1.032090494790083,2.064180989580166,-0.009088126402457868,-0.0009553624454929965,0.0
8.492101268561886,10.086785628696289,1.4398966328953218,10.001682252526138,-3.2809276382207107,-6.561855276441421,-0.008999326829185144,-0.0015870965726150453,0.0
8.484847255233856,10.120907166704967,1.4398966328953218,14.002355153536438,2.6569535295584665,5.313907059116933,-0.008866668693690115,-0.0022110959241146777,0.0
8.475230320332251,10.154439459029522,1.4398966328953218,18.00302805454705,-4.703155845492904,-9.406311690985808,-0.008690798510450135,-0.0028243194153734796,0.0
8.463297332355772,10.187219084765552,1.4398966328953218,22.003700955557466,3.2143610901081563,6.428722180216313,-0.008472573389505538,-0.003423778478340212,0.0
8.44910644717603,10.219086291157959,1.4398966328953218,26.004373856567753,-5.092675638083659,-10.185351276167317,-0.008213056859297647,-0.00400655162642926,0.0
8.432726824612693,10.249885772162086,1.4398966328953218,30.00504675757813,2.581982565087232,5.163965130174464,-0.007913513683526427,-0.004569798692496509,0.0
8.40887786396345,10.28657419663893,1.7016960206944711,35.025833990771034,-4.569621870883378,-9.139243741766755,-0.011296500451180537,-0.00791748790273909,0.0
8.376448766497774,10.32801250589096,1.7016960206944711,41.06673555614674,1.8167903899180196,3.633580779836039,-0.010400547536044904,-0.009062347824046302,0.0
8.339838846008085,10.365807923044944,1.7016960206944711,47.107637121522124,-3.699442539747569,-7.398885079495138,-0.009389086609007733,-0.010106561719105596,0.0
8.299454690620344,10.39954069390243,1.7016960206944711,53.14853868689753,-0.24662007533930624,-0.4932401506786125,-0.008273350909510811,-0.011038532595487198,0.0
8.255744804943085,10.428836183831526,1.7016960206944711,59.18944025227281,-2.020697729384596,-4.041395458769192,-0.007065731747916048,-0.011847910026668323,0.0
8.20919462899545,10.453369038442215,1.7016960206944711,65.23034181764825,-2.331369300841645,-4.66273860168329,-0.005779640888172078,-0.012525705103398276,0.0
8.160321146932244,10.47286679695755,1.7016960206944711,71.27124338302352,-0.6577934376608351,-1.3155868753216702,-0.004429361597368327,-0.013064390264122134,0.0
8.10966714544121,10.48711291815075,1.7016960206944711,77.31214494839905,-3.441611076812124,-6.883222153624248,-0.0030298900164158838,-0.013457982895737523,0.0
8.057795185578566,10.495949185242301,1.7016960206944711,83.35304651377436,-0.16251913656806144,-0.3250382731361229,-0.0015967686135798468,-0.013702111776226879,0.0
8.005281354991276,10.499277463048372,1.7016960206944711,89.39394807914988,-3.2429863580573177,-6.485972716114635,-0.00014591357053052016,-0.013794065621254589,0.0
7.952708869913625,10.497060787865745,1.7016960206944711,95.43484964452543,-0.6320432331056024,-1.2640864662112048,0.0013065619820531082,-0.013732823195562844,0.0
7.900661597994027,10.489323777989036,1.7016960206944711,101.47575120990075,-1.7600275851700615,-3.520055170340123,0.002744526916185006,-0.01351906465477057,0.0
7.849717573887243,10.476152360301015,1.7016960206944711,107.51665277527614,-1.9465926181320348,-3.8931852362640695,0.004152011258156503,-0.013155163991591985,0.0
7.80044257962758,10.457692815972534,1.7016960206944711,113.55755434065154,0.6474972819629711,1.2949945639259421,0.005513383550338183,-0.01264516267038081,0.0
7.753383861079131,10.434150155870437,1.7016960206944711,119.59845590602697,-3.5840174932510127,-7.168034986502025,0.00681352445344646,-0.011994724742811812,0.0
7.709064050247888,10.405785843716115,1.7016960206944711,125.6393574714024,3.0374788391411296,6.074957678282259,0.00803799466124437,-0.011211073943175146,0.0
7.666811108062724,10.371755140872152,1.7016960206944711,131.86857023820943,-4.611312988335456,-9.222625976670912,0.009780439680604686,-0.010912514850402467,0.0
7.627346803309086,10.33218416198143,1.7016960206944711,138.2860942064483,5.918787945284809,11.837575890569617,0.010938876415802394,-0.009750946798440305,0.0
7.592552752531281,10.288450104880251,1.7016960206944711,144.70361817468697,-6.247905110065296,-12.495810220130592,0.011960222334321745,-0.008467175586923347,0.0
7.562865010096811,10.241101064032497,1.7016960206944711,151.1211421429257,7.333916938470727,14.667833876941454,0.012831677479316166,-0.007077290002042763,0.0
7.5386556358682215,10.190730438470391,1.7016960206944711,157.53866611116442,-5.4611105546490615,-10.922221109298123,0.013542320391122981,-0.005598708702048109,0.0
7.5202280323850506,10.13796949505649,1.7016960206944711,163.95619007940323,5.969385264159695,11.93877052831939,0.014083244979806668,-0.004049961918950921,0.0
7.50781314248959,10.083479457169355,1.7016960206944711,170.37371404764198,-2.198913606972451,-4.397827213944902,0.01444767214020197,-0.0024504592294999302,0.0
7.501566555049475,10.027943217960972,1.7016960206944711,176.79123801588068,2.2482146895602195,4.496429379120439,0.014631034710641557,-0.0008202463058123286,0.0
7.501566555049475,9.972056782039026,1.7016960206944711,183.20876198411952,2.2483994664091624,4.496798932818325,0.014631034710642024,0.0008202463058123286,0.0
7.50781314248959,9.916520542830643,1.7016960206944711,189.62628595235822,-2.1993532306554853,-4.3987064613109705,0.014447672140201505,0.0024504592294999302,0.0
7.520228032385051,9.86203050494351,1.7016960206944711,196.0438099205968,5.969614753591003,11.939229507182006,0.014083244979806668,0.004049961918951153,0.0
7.538655635868222,9.809269561529609,1.7016960206944711,202.4613338888356,-5.4620646088655995,-10.924129217731199,0.013542320391122981,0.005598708702047876,0.0
7.562865010096812,9.758898935967503,1.7016960206944711,208.87885785707437,7.334439608265252,14.668879216530504,0.012831677479316166,0.007077290002042763,0.0
7.592552752531283,9.711549895119749,1.7016960206944711,215.29638182531315,-6.24943020867636,-12.49886041735272,0.011960222334321745,0.00846717558692358,0.0
7.627346803309087,9.66781583801857,1.7016960206944711,221.7139057935518,5.919660507465919,11.839321014931839,0.010938876415802394,0.009750946798440073,0.0
7.666811108062724,9.628244859127848,1.7016960206944711,228.13142976179057,-4.613151424418858,-9.226302848837715,0.009780439680604686,0.0109125148504027,0.0
7.709064050247889,9.594214156283885,1.7016960206944711,234.36064252859768,3.038513966552639,6.077027933105278,0.00803799466124437,0.011211073943174913,0.0
7.753383861079131,9.565849844129563,1.7016960206944711,240.40154409397303,-3.5862375316552773,-7.1724750633105545,0.00681352445344646,0.011994724742811812,0.0
7.800442579627579,9.542307184027466,1.7016960206944711,246.44244565934838,0.6488571167328878,1.2977142334657756,0.005513383550338183,0.01264516267038081,0.0
7.849717573887243,9.523847639698985,1.7016960206944711,252.48334722472384,-1.9486506307497966,-3.897301261499593,0.004152011258156503,0.013155163991591985,0.0
7.900661597994027,9.510676222010964,1.7016960206944711,258.52424879009925,-1.7588995812155381,-3.5177991624310763,0.002744526916185006,0.013519064654770803,0.0
7.952708869913627,9.502939212134255,1.7016960206944711,264.56515035547477,-0.6332613603535885,-1.266522720707177,0.0013065619820531082,0.013732823195562844,0.0
8.005281354991276,9.500722536951628,1.7016960206944711,270.6060519208501,-3.242608882316249,-6.485217764632498,-0.00014591357053052016,0.013794065621254356,0.0
8.057795185578566,9.504050814757699,1.7016960206944711,276.64695348622564,-0.16243497751431807,-0.32486995502863614,-0.0015967686135798468,0.013702111776226879,0.0
8.10966714544121,9.51288708184925,1.7016960206944711,282.68785505160093,-3.4421801496176334,-6.884360299235267,-0.0030298900164158838,0.013457982895737523,0.0
8.160321146932244,9.52713320304245,1.7016960206944711,288.7287566169765,-0.6564277221151833,-1.3128554442303666,-0.004429361597368327,0.013064390264122134,0.0
8.20919462899545,9.546630961557785,1.7016960206944711,294.76965818235175,-2.3325984957377663,-4.665196991475533,-0.005779640888172078,0.012525705103398276,0.0
8.255744804943085,9.571163816168474,1.7016960206944711,300.8105597477272,-2.0186393994628578,-4.0372787989257155,-0.007065731747916048,0.011847910026668323,0.0
8.299454690620344,9.60045930609757,1.7016960206944711,306.85146131310245,-0.24781107576610364,-0.4956221515322073,-0.008273350909510811,0.011038532595487198,0.0
8.339838846008085,9.634192076955056,1.7016960206944711,312.89236287847785,-3.697620802180847,-7.395241604361694,-0.009389086609007733,0.010106561719105596,0.0
8.376448766497774,9.67198749410904,1.7016960206944711,318.93326444385326,1.8163276200140253,3.6326552400280505,-0.010400547536044904,0.009062347824046302,0.0
8.40887786396345,9.71342580336107,1.7016960206944711,324.97416600922895,-4.56876313220881,-9.13752626441762,-0.011296500451180537,0.00791748790273909,0.0
8.432726824612693,9.750114227837914,1.7016960206944711,329.99495324242184,2.581960423687314,5.163920847374628,-0.007913513683526427,0.004569798692496509,0.0
8.44910644717603,9.780913708842041,1.7016960206944711,333.9956261434322,-5.092797279225089,-10.185594558450179,-0.008213056859297647,0.00400655162642926,0.0
8.463297332355772,9.812780915234448,1.7016960206944711,337.99629904444254,3.214366106846704,6.428732213693408,-0.008472573389505073,0.003423778478340212,0.0
8.475230320332251,9.845560540970478,1.7016960206944711,341.99697194545297,-4.703246334395828,-9.406492668791657,-0.0086907985104506,0.0028243194153734796,0.0
8.484847255233856,9.879092833295033,1.7016960206944711,345.9976448464636,2.656958190798031,5.313916381596062,-0.008866668693690115,0.0022110959241146777,0.0
8.492101268561886,9.913214371303711,1.7016960206944711,349.99831774747383,-3.280980660201042,-6.561961320402084,-0.008999326829185144,0.0015870965726150453,0.0
8.496957007605971,9.947758862380823,1.7016960206944711,353.99899064848415,1.0320836026162612,2.0641672052325224,-0.009088126402457403,0.0009553624454929965,0.0
8.499390807736852,9.982557952632781,1.7016960206944711,357.99966354949464,-1.1651556774586935,-2.330311354917387,-0.009132634645402699,0.0003189723230879795,0.0
8.499390807736852,10.017442047367217,1.7016960206944711,2.0003364505051704,-1.1641949165584617,-2.3283898331169235,-0.009132634645402234,-0.0003189723230879795,0.0
8.496957007605971,10.052241137619175,1.7016960206944711,6.001009351515645,1.0309852358278995,2.061970471655799,-0.009088126402457868,-0.0009553624454929965,0.0
8.492101268561886,10.086785628696289,1.7016960206944711,10.001682252526138,-3.2802786410038247,-6.560557282007649,-0.008999326829185144,-0.0015870965726150453,0.0
8.484847255233856,10.120907166704967,1.7016960206944711,14.002355153536438,2.65590193589018,5.31180387178036,-0.008866668693690115,-0.0022110959241146777,0.0
8.475230320332251,10.154439459029522,1.7016960206944711,18.00302805454705,-4.702963307159468,-9.405926614318936,-0.008690798510450135,-0.0028243194153734796,0.0
8.463297332355772,10.187219084765552,1.7016960206944711,22.003700955557466,3.213576989021582,6.427153978043164,-0.008472573389505538,-0.003423778478340212,0.0
8.44910644717603,10.219086291157959,1.7016960206944711,26.004373856567753,-5.0930829634493024,-10.186165926898605,-0.008213056859297647,-0.00400655162642926,0.0
8.432726824612693,10.249885772162086,1.7016960206944711,30.00504675757813,2.581608096930662,5.163216193861324,-0.007913513683526427,-0.004569798692496509,0.0
8.40887786396345,10.28657419663893,1.9634954084936207,35.025833990771034,-4.570475973908092,-9.140951947816184,-0.011296500451180537,-0.00791748790273909,0.0
8.376448766497774,10.32801250589096,1.9634954084936207,41.06673555614674,1.8171068357772926,3.634213671554585,-0.010400547536044904,-0.009062347824046302,0.0
8.339838846008085,10.365807923044944,1.9634954084936207,47.107637121522124,-3.7010826023695604,-7.402165204739121,-0.009389086609007733,-0.010106561719105596,0.0
8.299454690620344,10.39954069390243,1.9634954084936207,53.14853868689753,-0.24579658076256516,-0.49159316152513033,-0.008273350909510811,-0.011038532595487198,0.0
8.255744804943085,10.428836183831526,1.9634954084936207,59.18944025227281,-2.022480623323092,-4.044961246646184,-0.007065731747916048,-0.011847910026668323,0.0
8.20919462899545,10.453369038442215,1.9634954084936207,65.23034181764825,-2.330550540751785,-4.66110108150357,-0.005779640888172078,-0.012525705103398276,0.0
8.160321146932244,10.47286679695755,1.9634954084936207,71.27124338302352,-0.659061321159083,-1.318122642318166,-0.004429361597368327,-0.013064390264122134,0.0
8.10966714544121,10.48711291815075,1.9634954084936207,77.31214494839905,-3.441183403852049,-6.882366807704098,-0.0030298900164158838,-0.013457982895737523,0.0
8.057795185578566,10.495949185242301,1.9634954084936207,83.35304651377436,-0.16294564259396793,-0.32589128518793586,-0.0015967686135798468,-0.013702111776226879,0.0
8.005281354991276,10.499277463048372,1.9634954084936207,89.39394807914988,-3.2430544780330157,-6.486108956066031,-0.00014591357053052016,-0.013794065621254589,0.0
7.952708869913625,10.497060787865745,1.9634954084936207,95.43484964452543,-0.6316208119134806,-1.2632416238269613,0.0013065619820531082,-0.013732823195562844,0.0
7.900661597994027,10.489323777989036,1.9634954084936207,101.47575120990075,-1.760513640549038,-3.521027281098076,0.002744526916185006,-0.01351906465477057,0.0
7.849717573887243,10.476152360301015,1.9634954084936207,107.51665277527614,-1.9455038012456565,-3.891007602491313,0.004152011258156503,-0.013155163991591985,0.0
7.80044257962758,10.457692815972534,1.9634954084936207,113.55755434065154,0.6467713121556931,1.2935426243113861,0.005513383550338183,-0.01264516267038081,0.0
7.753383861079131,10.434150155870437,1.9634954084936207,119.59845590602697,-3.5825639539214666,-7.165127907842933,0.00681352445344646,-0.011994724742811812,0.0
7.709064050247888,10.405785843716115,1.9634954084936207,125.6393574714024,3.036762938935368,6.073525877870736,0.00803799466124437,-0.011211073943175146,0.0
7.666811108062724,10.371755140872152,1.9634954084936207,131.86857023820943,-4.60984397528296,-9.21968795056592,0.009780439680604686,-0.010912514850402467,0.0
7.627346803309086,10.33218416198143,1.9634954084936207,138.2860942064483,5.917947707842627,11.835895415685254,0.010938876415802394,-0.009750946798440305,0.0
7.592552752531281,10.288450104880251,1.9634954084936207,144.70361817468697,-6.246335426595657,-12.492670853191314,0.011960222334321745,-0.008467175586923347,0.0
7.562865010096811,10.241101064032497,1.9634954084936207,151.1211421429257,7.333138079398399,14.666276158796798,0.012831677479316166,-0.007077290002042763,0.0
7.5386556358682215,10.190730438470391,1.9634954084936207,157.53866611116442,-5.459832939401152,-10.919665878802304,0.013542320391122981,-0.005598708702048109,0.0
7.5202280323850506,10.13796949505649,1.9634954084936207,163.95619007940323,5.968874685956397,11.937749371912794,0.014083244979806668,-0.004049961918950921,0.0
7.50781314248959,10.083479457169355,1.9634954084936207,170.37371404764198,-2.1982089434861685,-4.396417886972337,0.01444767214020197,-0.0024504592294999302,0.0
7.501566555049475,10.027943217960972,1.9634954084936207,176.79123801588068,2.2480354009726784,4.496070801945357,0.014631034710641557,-0.0008202463058123286,0.0
7.501566555049475,9.972056782039026,1.9634954084936207,183.20876198411952,2.2485402709590074,4.497080541918015,0.014631034710642024,0.0008202463058123286,0.0
7.50781314248959,9.916520542830643,1.9634954084936207,189.62628595235822,-2.1994101793496936,-4.398820358699387,0.014447672140201505,0.0024504592294999302,0.0
7.520228032385051,9.86203050494351,1.9634954084936207,196.0438099205968,5.9695016429245165,11.939003285849033,0.014083244979806668,0.004049961918951153,0.0
7.538655635868222,9.809269561529609,1.9634954084936207,202.4613338888356,-5.462439466686702,-10.924878933373405,0.013542320391122981,0.005598708702047876,0.0
7.562865010096812,9.758898935967503,1.9634954084936207,208.87885785707437,7.334565972391261,14.669131944782523,0.012831677479316166,0.007077290002042763,0.0
7.592552752531283,9.711549895119749,1.9634954084936207,215.29638182531315,-6.250501972485046,-12.501003944970092,0.011960222334321745,0.00846717558692358,0.0
7.627346803309087,9.66781583801857,1.9634954084936207,221.7139057935518,5.920331219133697,11.840662438267394,0.010938876415802394,0.009750946798440073,0.0
7.666811108062724,9.628244859127848,1.9634954084936207,228.13142976179057,-4.614866900811291,-9.229733801622581,0.009780439680604686,0.0109125148504027,0.0
7.709064050247889,9.594214156283885,1.9634954084936207,234.36064252859768,3.0395907332083905,6.079181466416781,0.00803799466124437,0.011211073943174913,0.0
7.753383861079131,9.565849844129563,1.9634954084936207,240.40154409397303,-3.588629557387603,-7.177259114775206,0.00681352445344646,0.011994724742811812,0.0
7.800442579627579,9.542307184027466,1.9634954084936207,246.44244565934838,0.6504863719260284,1.3009727438520569,0.005513383550338183,0.01264516267038081,0.0
7.849717573887243,9.523847639698985,1.9634954084936207,252.48334722472384,-1.95112687166884,-3.90225374333768,0.004152011258156503,0.013155163991591985,0.0
7.900661597994027,9.510676222010964,1.9634954084936207,258.52424879009925,-1.7574318794602486,-3.514863758920497,0.002744526916185006,0.013519064654770803,0.0
7.952708869913627,9.502939212134255,1.9634954084936207,264.56515035547477,-0.6349491533468212,-1.2698983066936425,0.0013065619820531082,0.013732823195562844,0.0
8.005281354991276,9.500722536951628,1.9634954084936207,270.6060519208501,-3.2420233273665575,-6.484046654733115,-0.00014591357053052016,0.013794065621254356,0.0
8.057795185578566,9.504050814757699,1.9634954084936207,276.64695348622564,-0.1627160786992331,-0.3254321573984662,-0.0015967686135798468,0.013702111776226879,0.0
8.10966714544121,9.51288708184925,1.9634954084936207,282.68785505160093,-3.442738445934756,-6.885476891869512,-0.0030298900164158838,0.013457982895737523,0.0
8.160321146932244,9.52713320304245,1.9634954084936207,288.7287566169765,-0.6553302380357354,-1.3106604760714708,-0.004429361597368327,0.013064390264122134,0.0
8.20919462899545,9.546630961557785,1.9634954084936207,294.76965818235175,-2.3339090083975704,-4.667818016795141,-0.005779640888172078,0.012525705103398276,0.0
8.255744804943085,9.571163816168474,1.9634954084936207,300.8105597477272,-2.0168572733240597,-4.0337145466481195,-0.007065731747916048,0.011847910026668323,0.0
8.299454690620344,9.60045930609757,1.9634954084936207,306.85146131310245,-0.24905072235177428,-0.49810144470354856,-0.008273350909510811,0.011038532595487198,0.0
8.339838846008085,9.634192076955056,1.9634954084936207,312.89236287847785,-3.6961057127590693,-7.392211425518139,-0.009389086609007733,0.010106561719105596,0.0
8.376448766497774,9.67198749410904,1.9634954084936207,318.93326444385326,1.8158423237128007,3.6316846474256015,-0.010400547536044904,0.009062347824046302,0.0
8.40887786396345,9.71342580336107,1.9634954084936207,324.97416600922895,-4.568130030547733,-9.136260061095467,-0.011296500451180537,0.00791748790273909,0.0
8.432726824612693,9.750114227837914,1.9634954084936207,329.99495324242184,2.582246475534265,5.16449295106853,-0.007913513683526427,0.004569798692496509,0.0
8.44910644717603,9.780913708842041,1.9634954084936207,333.9956261434322,-5.092655981647459,-10.185311963294918,-0.008213056859297647,0.00400655162642926,0.0
8.463297332355772,9.812780915234448,1.9634954084936207,337.99629904444254,3.2150544317372494,6.430108863474499,-0.008472573389505073,0.003423778478340212,0.0
8.475230320332251,9.845560540970478,1.9634954084936207,341.99697194545297,-4.703571027633655,-9.40714205526731,-0.0086907985104506,0.0028243194153734796,0.0
8.484847255233856,9.879092833295033,1.9634954084936207,345.9976448464636,2.657878371202125,5.31575674240425,-0.008866668693690115,0.0022110959241146777,0.0
8.492101268561886,9.913214371303711,1.9634954084936207,349.99831774747383,-3.2816367165945075,-6.563273433189015,-0.008999326829185144,0.0015870965726150453,0.0
8.496957007605971,9.947758862380823,1.9634954084936207,353.99899064848415,1.0330316958770742,2.0660633917541484,-0.009088126402457403,0.0009553624454929965,0.0
8.499390807736852,9.982557952632781,1.9634954084936207,357.99966354949464,-1.166012758708522,-2.332025517417044,-0.009132634645402699,0.0003189723230879795,0.0
8.499390807736852,10.017442047367217,1.9634954084936207,2.0003364505051704,-1.163387886758903,-2.326775773517806,-0.009132634645402234,-0.0003189723230879795,0.0
8.496957007605971,10.052241137619175,1.9634954084936207,6.001009351515645,1.0300309219950403,2.0600618439900806,-0.009088126402457868,-0.0009553624454929965,0.0
8.492101268561886,10.086785628696289,1.9634954084936207,10.001682252526138,-3.2797187301324193,-6.559437460264839,-0.008999326829185144,-0.0015870965726150453,0.0
8.484847255233856,10.120907166704967,1.9634954084936207,14.002355153536438,2.6549926954573864,5.309985390914773,-0.008866668693690115,-0.0022110959241146777,0.0
8.475230320332251,10.154439459029522,1.9634954084936207,18.00302805454705,-4.702797750185458,-9.405595500370916,-0.008690798510450135,-0.0028243194153734796,0.0
8.463297332355772,10.187219084765552,1.9634954084936207,22.003700955557466,3.2128986030892817,6.425797206178563,-0.008472573389505538,-0.003423778478340212,0.0
8.44910644717603,10.219086291157959,1.9634954084936207,26.004373856567753,-5.093436346833761,-10.186872693667523,-0.008213056859297647,-0.00400655162642926,0.0
8.432726824612693,10.249885772162086,1.9634954084936207,30.00504675757813,2.581284050809547,5.162568101619094,-0.007913513683526427,-0.004569798692496509,0.0
8.40887786396345,10.28657419663893,2.2252947962927703,35.025833990771034,-4.570969143464939,-9.141938286929879,-0.011296500451180537,-0.00791748790273909,0.0
8.376448766497774,10.32801250589096,2.2252947962927703,41.06673555614674,1.8172894948226739,3.6345789896453478,-0.010400547536044904,-0.009062347824046302,0.0
8.339838846008085,10.365807923044944,2.2252947962927703,47.107637121522124,-3.7020295207061227,-7.404059041412245,-0.009389086609007733,-0.010106561719105596,0.0
8.299454690620344,10.39954069390243,2.2252947962927703,53.14853868689753,-0.24532114629926483,-0.49064229259852965,-0.008273350909510811,-0.011038532595487198,0.0
8.255744804943085,10.428836183831526,2.2252947962927703,59.18944025227281,-2.023509975800549,-4.047019951601098,-0.007065731747916048,-0.011847910026668323,0.0
8.20919462899545,10.453369038442215,2.2252947962927703,65.23034181764825,-2.3300778146575425,-4.660155629315085,-0.005779640888172078,-0.012525705103398276,0.0
8.160321146932244,10.47286679695755,2.2252947962927703,71.27124338302352,-0.659793311450013,-1.319586622900026,-0.004429361597368327,-0.013064390264122134,0.0
8.10966714544121,10.48711291815075,2.2252947962927703,77.31214494839905,-3.4409364551161072,-6.8818729102322145,-0.0030298900164158838,-0.013457982895737523,0.0
8.057795185578566,10.495949185242301,2.2252947962927703,83.35304651377436,-0.16319185113986712,-0.32638370227973423,-0.0015967686135798468,-0.013702111776226879,0.0
8.005281354991276,10.499277463048372,2.2252947962927703,89.39394807914988,-3.243093770309027,-6.486187540618054,-0.00014591357053052016,-0.013794065621254589,0.0
7.952708869913625,10.497060787865745,2.2252947962927703,95.43484964452543,-0.6313768895325846,-1.2627537790651693,0.0013065619820531082,-0.013732823195562844,0.0
7.900661597994027,10.489323777989036,2.2252947962927703,101.47575120990075,-1.7607942285785816,-3.521588457157163,0.002744526916185006,-0.01351906465477057,0.0
7.849717573887243,10.476152360301015,2.2252947962927703,107.51665277527614,-1.9448751404710605,-3.889750280942121,0.004152011258156503,-0.013155163991591985,0.0
7.80044257962758,10.457692815972534,2.2252947962927703,113.55755434065154,0.646352200578203,1.292704401156406,0.005513383550338183,-0.01264516267038081,0.0
7.753383861079131,10.434150155870437,2.2252947962927703,119.59845590602697,-3.581724732019318,-7.163449464038636,0.00681352445344646,-0.011994724742811812,0.0
7.709064050247888,10.405785843716115,2.2252947962927703,125.6393574714024,3.0363496301787496,6.072699260357499,0.00803799466124437,-0.011211073943175146,0.0
7.666811108062724,10.371755140872152,2.2252947962927703,131.86857023820943,-4.6089958340104475,-9.217991668020895,0.009780439680604686,-0.010912514850402467,0.0
7.627346803309086,10.33218416198143,2.2252947962927703,138.2860942064483,5.917462600517739,11.834925201035478,0.010938876415802394,-0.009750946798440305,0.0
7.592552752531281,10.288450104880251,2.2252947962927703,144.70361817468697,-6.245429179316515,-12.49085835863303,0.011960222334321745,-0.008467175586923347,0.0
7.562865010096811,10.241101064032497,2.2252947962927703,151.1211421429257,7.332688396309935,14.66537679261987,0.012831677479316166,-0.007077290002042763,0.0
7.5386556358682215,10.190730438470391,2.2252947962927703,157.53866611116442,-5.459095330817653,-10.918190661635306,0.013542320391122981,-0.005598708702048109,0.0
7.5202280323850506,10.13796949505649,2.2252947962927703,163.95619007940323,5.968579883447387,11.937159766894775,0.014083244979806668,-0.004049961918950921,0.0
7.50781314248959,10.083479457169355,2.2252947962927703,170.37371404764198,-2.1978021367914646,-4.395604273582929,0.01444767214020197,-0.0024504592294999302,0.0
7.501566555049475,10.027943217960972,2.2252947962927703,176.79123801588068,2.2479318576707104,4.495863715341421,0.014631034710641557,-0.0008202463058123286,0.0
7.501566555049475,9.972056782039026,2.2252947962927703,183.20876198411952,2.2486215296779704,4.497243059355941,0.014631034710642024,0.0008202463058123286,0.0
7.50781314248959,9.916520542830643,2.2252947962927703,189.62628595235822,-2.199443097402114,-4.398886194804228,0.014447672140201505,0.0024504592294999302,0.0
7.520228032385051,9.86203050494351,2.2252947962927703,196.0438099205968,5.969436305321897,11.938872610643793,0.014083244979806668,0.004049961918951153,0.0
7.538655635868222,9.809269561529609,2.2252947962927703,202.4613338888356,-5.462655932012061,-10.925311864024122,0.013542320391122981,0.005598708702047876,0.0
7.562865010096812,9.758898935967503,2.2252947962927703,208.87885785707437,7.334638897621814,14.669277795243628,0.012831677479316166,0.007077290002042763,0.0
7.592552752531283,9.711549895119749,2.2252947962927703,215.29638182531315,-6.25112079205784,-12.50224158411568,0.011960222334321745,0.00846717558692358,0.0
7.627346803309087,9.66781583801857,2.2252947962927703,221.7139057935518,5.92071842840335,11.8414368568067,0.010938876415802394,0.009750946798440073,0.0
7.666811108062724,9.628244859127848,2.2252947962927703,228.13142976179057,-4.615857357080656,-9.231714714161312,0.009780439680604686,0.0109125148504027,0.0
7.709064050247889,9.594214156283885,2.2252947962927703,234.36064252859768,3.040212387643284,6.080424775286568,0.00803799466124437,0.011211073943174913,0.0
7.753383861079131,9.565849844129563,2.2252947962927703,240.40154409397303,-3.590010608406235,-7.18002121681247,0.00681352445344646,0.011994724742811812,0.0
7.800442579627579,9.542307184027466,2.2252947962927703,246.44244565934838,0.6514270176311698,1.3028540352623397,0.005513383550338183,0.01264516267038081,0.0
7.849717573887243,9.523847639698985,2.2252947962927703,252.48334722472384,-1.952556530067006,-3.905113060134012,0.004152011258156503,0.013155163991591985,0.0
7.900661597994027,9.510676222010964,2.2252947962927703,258.52424879009925,-1.7565844918446938,-3.5131689836893876,0.002744526916185006,0.013519064654770803,0.0
7.952708869913627,9.502939212134255,2.2252947962927703,264.56515035547477,-0.6359235882277435,-1.271847176455487,0.0013065619820531082,0.013732823195562844,0.0
8.005281354991276,9.500722536951628,2.2252947962927703,270.6060519208501,-3.2416852339137465,-6.483370467827493,-0.00014591357053052016,0.013794065621254356,0.0
8.057795185578566,9.504050814757699,2.2252947962927703,276.64695348622564,-0.1628783465029763,-0.3257566930059526,-0.0015967686135798468,0.013702111776226879,0.0
8.10966714544121,9.51288708184925,2.2252947962927703,282.68785505160093,-3.4430607597147564,-6.886121519429513,-0.0030298900164158838,0.013457982895737523,0.0
8.160321146932244,9.52713320304245,2.2252947962927703,288.7287566169765,-0.6546965824911828,-1.3093931649823656,-0.004429361597368327,0.013064390264122134,0.0
8.20919462899545,9.546630961557785,2.2252947962927703,294.76965818235175,-2.334665610446638,-4.669331220893276,-0.005779640888172078,0.012525705103398276,0.0
8.255744804943085,9.571163816168474,2.2252947962927703,300.8105597477272,-2.0158283447416774,-4.031656689483355,-0.007065731747916048,0.011847910026668323,0.0
8.299454690620344,9.60045930609757,2.2252947962927703,306.85146131310245,-0.24976642059564147,-0.49953284119128294,-0.008273350909510811,0.011038532595487198,0.0
8.339838846008085,9.634192076955056,2.2252947962927703,312.89236287847785,-3.6952309765582116,-7.390461953116423,-0.009389086609007733,0.010106561719105596,0.0
8.376448766497774,9.67198749410904,2.2252947962927703,318.93326444385326,1.815562127619925,3.63112425523985,-0.010400547536044904,0.009062347824046302,0.0
8.40887786396345,9.71342580336107,2.2252947962927703,324.97416600922895,-4.567764533175209,-9.135529066350419,-0.011296500451180537,0.00791748790273909,0.0
8.432726824612693,9.750114227837914,2.2252947962927703,329.99495324242184,2.582411589421388,5.164823178842776,-0.007913513683526427,0.004569798692496509,0.0
8.44910644717603,9.780913708842041,2.2252947962927703,333.9956261434322,-5.092574449968185,-10.18514889993637,-0.008213056859297647,0.00400655162642926,0.0
8.463297332355772,9.812780915234448,2.2252947962927703,337.99629904444254,3.2154517817537025,6.430903563507405,-0.008472573389505073,0.003423778478340212,0.0
8.475230320332251,9.845560540970478,2.2252947962927703,341.99697194545297,-4.703758555645967,-9.407517111291934,-0.0086907985104506,0.0028243194153734796,0.0
8.484847255233856,9.879092833295033,2.2252947962927703,345.9976448464636,2.6584095671966517,5.316819134393303,-0.008866668693690115,0.0022110959241146777,0.0
8.492101268561886,9.913214371303711,2.2252947962927703,349.99831774747383,-3.2820155729282856,-6.564031145856571,-0.008999326829185144,0.0015870965726150453,0.0
8.496957007605971,9.947758862380823,2.2252947962927703,353.99899064848415,1.03357899375975,2.0671579875195,-0.009088126402457403,0.0009553624454929965,0.0
8.499390807736852,9.982557952632781,2.2252947962927703,357.99966354949464,-1.1665076841955975,-2.333015368391195,-0.009132634645402699,0.0003189723230879795,0.0
8.499390807736852,10.017442047367217,2.2252947962927703,2.0003364505051704,-1.1629220380545866,-2.325844076109173,-0.009132634645402234,-0.0003189723230879795,0.0
8.496957007605971,10.052241137619175,2.2252947962927703,6.001009351515645,1.0294798556849847,2.0589597113699694,-0.009088126402457868,-0.0009553624454929965,0.0
8.492101268561886,10.086785628696289,2.2252947962927703,10.001682252526138,-3.2793955608092227,-6.558791121618445,-0.008999326829185144,-0.0015870965726150453,0.0
8.484847255233856,10.120907166704967,2.2252947962927703,14.002355153536438,2.6544676560179434,5.308935312035887,-0.008866668693690115,-0.0022110959241146777,0.0
8.475230320332251,10.154439459029522,2.2252947962927703,18.00302805454705,-4.702702254350625,-9.40540450870125,-0.008690798510450135,-0.0028243194153734796,0.0
8.463297332355772,10.187219084765552,2.2252947962927703,22.003700955557466,3.212506855569454,6.425013711138908,-0.008472573389505538,-0.003423778478340212,0.0
8.44910644717603,10.219086291157959,2.2252947962927703,26.004373856567753,-5.0936404471085925,-10.187280894217185,-0.008213056859297647,-0.00400655162642926,0.0
8.432726824612693,10.249885772162086,2.2252947962927703,30.00504675757813,2.5810968931749527,5.1621937863499054,-0.007913513683526427,-0.004569798692496509,0.0
8.40887786396345,10.28657419663893,2.4870941840919194,35.025833990771034,-4.570969143464772,-9.141938286929545,-0.011296500451180537,-0.00791748790273909,0.0
8.376448766497774,10.32801250589096,2.4870941840919194,41.06673555614674,1.8172894948233607,3.6345789896467213,-0.010400547536044904,-0.009062347824046302,0.0
8.339838846008085,10.365807923044944,2.4870941840919194,47.107637121522124,-3.702029520706302,-7.404059041412604,-0.009389086609007733,-0.010106561719105596,0.0
8.299454690620344,10.39954069390243,2.4870941840919194,53.14853868689753,-0.2453211462992436,-0.4906422925984872,-0.008273350909510811,-0.011038532595487198,0.0
8.255744804943085,10.428836183831526,2.4870941840919194,59.18944025227281,-2.023509975799893,-4.047019951599786,-0.007065731747916048,-0.011847910026668323,0.0
8.20919462899545,10.453369038442215,2.4870941840919194,65.23034181764825,-2.330077814657198,-4.660155629314396,-0.005779640888172078,-0.012525705103398276,0.0
8.160321146932244,10.47286679695755,2.4870941840919194,71.27124338302352,-0.6597933114497943,-1.3195866228995885,-0.004429361597368327,-0.013064390264122134,0.0
8.10966714544121,10.48711291815075,2.4870941840919194,77.31214494839905,-3.4409364551158,-6.8818729102316,-0.0030298900164158838,-0.013457982895737523,0.0
8.057795185578566,10.495949185242301,2.4870941840919194,83.35304651377436,-0.1631918511388595,-0.326383702277719,-0.0015967686135798468,-0.013702111776226879,0.0
8.005281354991276,10.499277463048372,2.4870941840919194,89.39394807914988,-3.2430937703075067,-6.486187540615013,-0.00014591357053052016,-0.013794065621254589,0.0
7.952708869913625,10.497060787865745,2.4870941840919194,95.43484964452543,-0.6313768895307881,-1.2627537790615762,0.0013065619820531082,-0.013732823195562844,0.0
7.900661597994027,10.489323777989036,2.4870941840919194,101.47575120990075,-1.7607942285776732,-3.5215884571553464,0.002744526916185006,-0.01351906465477057,0.0
7.849717573887243,10.476152360301015,2.4870941840919194,107.51665277527614,-1.9448751404703237,-3.8897502809406475,0.004152011258156503,-0.013155163991591985,0.0
7.80044257962758,10.457692815972534,2.4870941840919194,113.55755434065154,0.6463522005781073,1.2927044011562145,0.005513383550338183,-0.01264516267038081,0.0
7.753383861079131,10.434150155870437,2.4870941840919194,119.59845590602697,-3.5817247320193326,-7.163449464038665,0.00681352445344646,-0.011994724742811812,0.0
7.709064050247888,10.405785843716115,2.4870941840919194,125.6393574714024,3.0363496301782082,6.0726992603564165,0.00803799466124437,-0.011211073943175146,0.0
7.666811108062724,10.371755140872152,2.4870941840919194,131.86857023820943,-4.608995834011213,-9.217991668022426,0.009780439680604686,-0.010912514850402467,0.0
7.627346803309086,10.33218416198143,2.4870941840919194,138.2860942064483,5.917462600516633,11.834925201033267,0.010938876415802394,-0.009750946798440305,0.0
7.592552752531281,10.288450104880251,2.4870941840919194,144.70361817468697,-6.245429179318155,-12.49085835863631,0.011960222334321745,-0.008467175586923347,0.0
7.562865010096811,10.241101064032497,2.4870941840919194,151.1211421429257,7.332688396308216,14.665376792616431,0.012831677479316166,-0.007077290002042763,0.0
7.5386556358682215,10.190730438470391,2.4870941840919194,157.53866611116442,-5.45909533081927,-10.91819066163854,0.013542320391122981,-0.005598708702048109,0.0
7.5202280323850506,10.13796949505649,2.4870941840919194,163.95619007940323,5.96857988344606,11.93715976689212,0.014083244979806668,-0.004049961918950921,0.0
7.50781314248959,10.083479457169355,2.4870941840919194,170.37371404764198,-2.197802136792374,-4.395604273584748,0.01444767214020197,-0.0024504592294999302,0.0
7.501566555049475,10.027943217960972,2.4870941840919194,176.79123801588068,2.247931857670163,4.495863715340326,0.014631034710641557,-0.0008202463058123286,0.0
7.501566555049475,9.972056782039026,2.4870941840919194,183.20876198411952,2.2486215296775445,4.497243059355089,0.014631034710642024,0.0008202463058123286,0.0
7.50781314248959,9.916520542830643,2.4870941840919194,189.62628595235822,-2.199443097402429,-4.398886194804858,0.014447672140201505,0.0024504592294999302,0.0
7.520228032385051,9.86203050494351,2.4870941840919194,196.0438099205968,5.96943630532149,11.93887261064298,0.014083244979806668,0.004049961918951153,0.0
7.538655635868222,9.809269561529609,2.4870941840919194,202.4613338888356,-5.462655932012288,-10.925311864024575,0.013542320391122981,0.005598708702047876,0.0
7.562865010096812,9.758898935967503,2.4870941840919194,208.87885785707437,7.334638897621531,14.669277795243062,0.012831677479316166,0.007077290002042763,0.0
7.592552752531283,9.711549895119749,2.4870941840919194,215.29638182531315,-6.251120792058128,-12.502241584116256,0.011960222334321745,0.00846717558692358,0.0
7.627346803309087,9.66781583801857,2.4870941840919194,221.7139057935518,5.920718428403223,11.841436856806446,0.010938876415802394,0.009750946798440073,0.0
7.666811108062724,9.628244859127848,2.4870941840919194,228.13142976179057,-4.615857357080161,-9.231714714160322,0.009780439680604686,0.0109125148504027,0.0
7.709064050247889,9.594214156283885,2.4870941840919194,234.36064252859768,3.0402123876437526,6.080424775287505,0.00803799466124437,0.011211073943174913,0.0
7.753383861079131,9.565849844129563,2.4870941840919194,240.40154409397303,-3.5900106084059225,-7.180021216811845,0.00681352445344646,0.011994724742811812,0.0
7.800442579627579,9.542307184027466,2.4870941840919194,246.44244565934838,0.6514270176313707,1.3028540352627414,0.005513383550338183,0.01264516267038081,0.0
7.849717573887243,9.523847639698985,2.4870941840919194,252.48334722472384,-1.9525565300668841,-3.9051130601337682,0.004152011258156503,0.013155163991591985,0.0
7.900661597994027,9.510676222010964,2.4870941840919194,258.52424879009925,-1.7565844918444171,-3.5131689836888342,0.002744526916185006,0.013519064654770803,0.0
7.952708869913627,9.502939212134255,2.4870941840919194,264.56515035547477,-0.635923588227181,-1.271847176454362,0.0013065619820531082,0.013732823195562844,0.0
8.005281354991276,9.500722536951628,2.4870941840919194,270.6060519208501,-3.241685233913423,-6.483370467826846,-0.00014591357053052016,0.013794065621254356,0.0
8.057795185578566,9.504050814757699,2.4870941840919194,276.64695348622564,-0.16287834650350458,-0.32575669300700916,-0.0015967686135798468,0.013702111776226879,0.0
8.10966714544121,9.51288708184925,2.4870941840919194,282.68785505160093,-3.4430607597148697,-6.886121519429739,-0.0030298900164158838,0.013457982895737523,0.0
8.160321146932244,9.52713320304245,2.4870941840919194,288.7287566169765,-0.6546965824903498,-1.3093931649806996,-0.004429361597368327,0.013064390264122134,0.0
8.20919462899545,9.546630961557785,2.4870941840919194,294.76965818235175,-2.3346656104459287,-4.669331220891857,-0.005779640888172078,0.012525705103398276,0.0
8.255744804943085,9.571163816168474,2.4870941840919194,300.8105597477272,-2.0158283447415064,-4.031656689483013,-0.007065731747916048,0.011847910026668323,0.0
8.299454690620344,9.60045930609757,2.4870941840919194,306.85146131310245,-0.24976642059543286,-0.4995328411908657,-0.008273350909510811,0.011038532595487198,0.0
8.339838846008085,9.634192076955056,2.4870941840919194,312.89236287847785,-3.695230976558205,-7.39046195311641,-0.009389086609007733,0.010106561719105596,0.0
8.376448766497774,9.67198749410904,2.4870941840919194,318.93326444385326,1.8155621276199567,3.6311242552399134,-0.010400547536044904,0.009062347824046302,0.0
8.40887786396345,9.71342580336107,2.4870941840919194,324.97416600922895,-4.567764533175715,-9.13552906635143,-0.011296500451180537,0.00791748790273909,0.0
8.432726824612693,9.750114227837914,2.4870941840919194,329.99495324242184,2.5824115894210964,5.164823178842193,-0.007913513683526427,0.004569798692496509,0.0
8.44910644717603,9.780913708842041,2.4870941840919194,333.9956261434322,-5.092574449968607,-10.185148899937214,-0.008213056859297647,0.00400655162642926,0.0
8.463297332355772,9.812780915234448,2.4870941840919194,337.99629904444254,3.215451781753448,6.430903563506896,-0.008472573389505073,0.003423778478340212,0.0
8.475230320332251,9.845560540970478,2.4870941840919194,341.99697194545297,-4.703758555646325,-9.40751711129265,-0.0086907985104506,0.0028243194153734796,0.0
8.484847255233856,9.879092833295033,2.4870941840919194,345.9976448464636,2.6584095671966628,5.3168191343933255,-0.008866668693690115,0.0022110959241146777,0.0
8.492101268561886,9.913214371303711,2.4870941840919194,349.99831774747383,-3.2820155729285787,-6.564031145857157,-0.008999326829185144,0.0015870965726150453,0.0
8.496957007605971,9.947758862380823,2.4870941840919194,353.99899064848415,1.0335789937596718,2.0671579875193435,-0.009088126402457403,0.0009553624454929965,0.0
8.499390807736852,9.982557952632781,2.4870941840919194,357.99966354949464,-1.1665076841959523,-2.3330153683919046,-0.009132634645402699,0.0003189723230879795,0.0
8.499390807736852,10.017442047367217,2.4870941840919194,2.0003364505051704,-1.1629220380547092,-2.3258440761094183,-0.009132634645402234,-0.0003189723230879795,0.0
8.496957007605971,10.052241137619175,2.4870941840919194,6.001009351515645,1.0294798556846758,2.0589597113693516,-0.009088126402457868,-0.0009553624454929965,0.0
8.492101268561886,10.086785628696289,2.4870941840919194,10.001682252526138,-3.279395560809324,-6.558791121618648,-0.008999326829185144,-0.0015870965726150453,0.0
8.484847255233856,10.120907166704967,2.4870941840919194,14.002355153536438,2.6544676560179408,5.3089353120358815,-0.008866668693690115,-0.0022110959241146777,0.0
8.475230320332251,10.154439459029522,2.4870941840919194,18.00302805454705,-4.702702254350682,-9.405404508701364,-0.008690798510450135,-0.0028243194153734796,0.0
8.463297332355772,10.187219084765552,2.4870941840919194,22.003700955557466,3.212506855569791,6.425013711139582,-0.008472573389505538,-0.003423778478340212,0.0
8.44910644717603,10.219086291157959,2.4870941840919194,26.004373856567753,-5.093640447108227,-10.187280894216453,-0.008213056859297647,-0.00400655162642926,0.0
8.432726824612693,10.249885772162086,2.4870941840919194,30.00504675757813,2.5810968931756113,5.162193786351223,-0.007913513683526427,-0.004569798692496509,0.0
8.40887786396345,10.28657419663893,2.748893571891069,35.025833990771034,-4.570475973907725,-9.14095194781545,-0.011296500451180537,-0.00791748790273909,0.0
8.376448766497774,10.32801250589096,2.748893571891069,41.06673555614674,1.8171068357769031,3.6342136715538063,-0.010400547536044904,-0.009062347824046302,0.0
8.339838846008085,10.365807923044944,2.748893571891069,47.107637121522124,-3.7010826023692953,-7.402165204738591,-0.009389086609007733,-0.010106561719105596,0.0
8.299454690620344,10.39954069390243,2.748893571891069,53.14853868689753,-0.24579658076154295,-0.4915931615230859,-0.008273350909510811,-0.011038532595487198,0.0
8.255744804943085,10.428836183831526,2.748893571891069,59.18944025227281,-2.022480623321321,-4.044961246642642,-0.007065731747916048,-0.011847910026668323,0.0
8.20919462899545,10.453369038442215,2.748893571891069,65.23034181764825,-2.3305505407496,-4.6611010814992,-0.005779640888172078,-0.012525705103398276,0.0
8.160321146932244,10.47286679695755,2.748893571891069,71.27124338302352,-0.6590613211560467,-1.3181226423120933,-0.004429361597368327,-0.013064390264122134,0.0
8.10966714544121,10.48711291815075,2.748893571891069,77.31214494839905,-3.4411834038485867,-6.882366807697173,-0.0030298900164158838,-0.013457982895737523,0.0
8.057795185578566,10.495949185242301,2.748893571891069,83.35304651377436,-0.16294564259011207,-0.32589128518022414,-0.0015967686135798468,-0.013702111776226879,0.0
8.005281354991276,10.499277463048372,2.748893571891069,89.39394807914988,-3.243054478030173,-6.486108956060346,-0.00014591357053052016,-0.013794065621254589,0.0
7.952708869913625,10.497060787865745,2.748893571891069,95.43484964452543,-0.6316208119113016,-1.2632416238226032,0.0013065619820531082,-0.013732823195562844,0.0
7.900661597994027,10.489323777989036,2.748893571891069,101.47575120990075,-1.7605136405475625,-3.521027281095125,0.002744526916185006,-0.01351906465477057,0.0
7.849717573887243,10.476152360301015,2.748893571891069,107.51665277527614,-1.9455038012439088,-3.8910076024878175,0.004152011258156503,-0.013155163991591985,0.0
7.80044257962758,10.457692815972534,2.748893571891069,113.55755434065154,0.6467713121560947,1.2935426243121895,0.005513383550338183,-0.01264516267038081,0.0
7.753383861079131,10.434150155870437,2.748893571891069,119.59845590602697,-3.582563953920979,-7.165127907841958,0.00681352445344646,-0.011994724742811812,0.0
7.709064050247888,10.405785843716115,2.748893571891069,125.6393574714024,3.0367629389346416,6.073525877869283,0.00803799466124437,-0.011211073943175146,0.0
7.666811108062724,10.371755140872152,2.748893571891069,131.86857023820943,-4.609843975284366,-9.219687950568732,0.009780439680604686,-0.010912514850402467,0.0
7.627346803309086,10.33218416198143,2.748893571891069,138.2860942064483,5.917947707840292,11.835895415680584,0.010938876415802394,-0.009750946798440305,0.0
7.592552752531281,10.288450104880251,2.748893571891069,144.70361817468697,-6.2463354265974065,-12.492670853194813,0.011960222334321745,-0.008467175586923347,0.0
7.562865010096811,10.241101064032497,2.748893571891069,151.1211421429257,7.333138079396929,14.666276158793858,0.012831677479316166,-0.007077290002042763,0.0
7.5386556358682215,10.190730438470391,2.748893571891069,157.53866611116442,-5.459832939402448,-10.919665878804896,0.013542320391122981,-0.005598708702048109,0.0
7.5202280323850506,10.13796949505649,2.748893571891069,163.95619007940323,5.968874685955031,11.937749371910062,0.014083244979806668,-0.004049961918950921,0.0
7.50781314248959,10.083479457169355,2.748893571891069,170.37371404764198,-2.198208943486989,-4.396417886973978,0.01444767214020197,-0.0024504592294999302,0.0
7.501566555049475,10.027943217960972,2.748893571891069,176.79123801588068,2.248035400972169,4.496070801944338,0.014631034710641557,-0.0008202463058123286,0.0
7.501566555049475,9.972056782039026,2.748893571891069,183.20876198411952,2.248540270958526,4.497080541917052,0.014631034710642024,0.0008202463058123286,0.0
7.50781314248959,9.916520542830643,2.748893571891069,189.62628595235822,-2.1994101793499903,-4.398820358699981,0.014447672140201505,0.0024504592294999302,0.0
7.520228032385051,9.86203050494351,2.748893571891069,196.0438099205968,5.969501642924317,11.939003285848633,0.014083244979806668,0.004049961918951153,0.0
7.538655635868222,9.809269561529609,2.748893571891069,202.4613338888356,-5.462439466687059,-10.924878933374117,0.013542320391122981,0.005598708702047876,0.0
7.562865010096812,9.758898935967503,2.748893571891069,208.87885785707437,7.334565972391094,14.669131944782189,0.012831677479316166,0.007077290002042763,0.0
7.592552752531283,9.711549895119749,2.748893571891069,215.29638182531315,-6.250501972485636,-12.501003944971272,0.011960222334321745,0.00846717558692358,0.0
7.627346803309087,9.66781583801857,2.748893571891069,221.7139057935518,5.920331219133711,11.840662438267422,0.010938876415802394,0.009750946798440073,0.0
7.666811108062724,9.628244859127848,2.748893571891069,228.13142976179057,-4.6148669008117835,-9.229733801623567,0.009780439680604686,0.0109125148504027,0.0
7.709064050247889,9.594214156283885,2.748893571891069,234.36064252859768,3.0395907332088496,6.079181466417699,0.00803799466124437,0.011211073943174913,0.0
7.753383861079131,9.565849844129563,2.748893571891069,240.40154409397303,-3.588629557387547,-7.177259114775094,0.00681352445344646,0.011994724742811812,0.0
7.800442579627579,9.542307184027466,2.748893571891069,246.44244565934838,0.6504863719263643,1.3009727438527285,0.005513383550338183,0.01264516267038081,0.0
7.849717573887243,9.523847639698985,2.748893571891069,252.48334722472384,-1.9511268716686907,-3.9022537433373814,0.004152011258156503,0.013155163991591985,0.0
7.900661597994027,9.510676222010964,2.748893571891069,258.52424879009925,-1.7574318794600128,-3.5148637589200256,0.002744526916185006,0.013519064654770803,0.0
7.952708869913627,9.502939212134255,2.748893571891069,264.56515035547477,-0.6349491533471696,-1.2698983066943392,0.0013065619820531082,0.013732823195562844,0.0
8.005281354991276,9.500722536951628,2.748893571891069,270.6060519208501,-3.2420233273672787,-6.484046654734557,-0.00014591357053052016,0.013794065621254356,0.0
8.057795185578566,9.504050814757699,2.748893571891069,276.64695348622564,-0.16271607870037894,-0.32543215740075787,-0.0015967686135798468,0.013702111776226879,0.0
8.10966714544121,9.51288708184925,2.748893571891069,282.68785505160093,-3.442738445935321,-6.885476891870642,-0.0030298900164158838,0.013457982895737523,0.0
8.160321146932244,9.52713320304245,2.748893571891069,288.7287566169765,-0.6553302380352499,-1.3106604760704998,-0.004429361597368327,0.013064390264122134,0.0
8.20919462899545,9.546630961557785,2.748893571891069,294.76965818235175,-2.333909008397193,-4.667818016794386,-0.005779640888172078,0.012525705103398276,0.0
8.255744804943085,9.571163816168474,2.748893571891069,300.8105597477272,-2.016857273323816,-4.033714546647632,-0.007065731747916048,0.011847910026668323,0.0
8.299454690620344,9.60045930609757,2.748893571891069,306.85146131310245,-0.24905072235156206,-0.4981014447031241,-0.008273350909510811,0.011038532595487198,0.0
8.339838846008085,9.634192076955056,2.748893571891069,312.89236287847785,-3.6961057127588983,-7.392211425517797,-0.009389086609007733,0.010106561719105596,0.0
8.376448766497774,9.67198749410904,2.748893571891069,318.93326444385326,1.8158423237131298,3.6316846474262596,-0.010400547536044904,0.009062347824046302,0.0
8.40887786396345,9.71342580336107,2.748893571891069,324.97416600922895,-4.568130030547309,-9.136260061094617,-0.011296500451180537,0.00791748790273909,0.0
8.432726824612693,9.750114227837914,2.748893571891069,329.99495324242184,2.582246475534678,5.164492951069356,-0.007913513683526427,0.004569798692496509,0.0
8.44910644717603,9.780913708842041,2.748893571891069,333.9956261434322,-5.092655981646715,-10.18531196329343,-0.008213056859297647,0.00400655162642926,0.0
8.463297332355772,9.812780915234448,2.748893571891069,337.99629904444254,3.215054431737599,6.430108863475198,-0.008472573389505073,0.003423778478340212,0.0
8.475230320332251,9.845560540970478,2.748893571891069,341.99697194545297,-4.703571027633027,-9.407142055266053,-0.0086907985104506,0.0028243194153734796,0.0
8.484847255233856,9.879092833295033,2.748893571891069,345.9976448464636,2.6578783712024237,5.315756742404847,-0.008866668693690115,0.0022110959241146777,0.0
8.492101268561886,9.913214371303711,2.748893571891069,349.99831774747383,-3.2816367165942135,-6.563273433188427,-0.008999326829185144,0.0015870965726150453,0.0
8.496957007605971,9.947758862380823,2.748893571891069,353.99899064848415,1.0330316958771983,2.0660633917543967,-0.009088126402457403,0.0009553624454929965,0.0
8.499390807736852,9.982557952632781,2.748893571891069,357.99966354949464,-1.1660127587082276,-2.3320255174164553,-0.009132634645402699,0.0003189723230879795,0.0
8.499390807736852,10.017442047367217,2.748893571891069,2.0003364505051704,-1.1633878867587335,-2.326775773517467,-0.009132634645402234,-0.0003189723230879795,0.0
8.496957007605971,10.052241137619175,2.748893571891069,6.001009351515645,1.0300309219952448,2.0600618439904896,-0.009088126402457868,-0.0009553624454929965,0.0
8.492101268561886,10.086785628696289,2.748893571891069,10.001682252526138,-3.279718730132207,-6.559437460264414,-0.008999326829185144,-0.0015870965726150453,0.0
8.484847255233856,10.120907166704967,2.748893571891069,14.002355153536438,2.6549926954574667,5.3099853909149335,-0.008866668693690115,-0.0022110959241146777,0.0
8.475230320332251,10.154439459029522,2.748893571891069,18.00302805454705,-4.7027977501853755,-9.405595500370751,-0.008690798510450135,-0.0028243194153734796,0.0
8.463297332355772,10.187219084765552,2.748893571891069,22.003700955557466,3.2128986030896485,6.425797206179297,-0.008472573389505538,-0.003423778478340212,0.0
8.44910644717603,10.219086291157959,2.748893571891069,26.004373856567753,-5.093436346833345,-10.18687269366669,-0.008213056859297647,-0.00400655162642926,0.0
8.432726824612693,10.249885772162086,2.748893571891069,30.00504675757813,2.5812840508096118,5.1625681016192235,-0.007913513683526427,-0.004569798692496509,0.0
8.40887786396345,10.28657419663893,3.0106929596902186,35.025833990771034,-4.569621870882768,-9.139243741765537,-0.011296500451180537,-0.00791748790273909,0.0
8.376448766497774,10.32801250589096,3.0106929596902186,41.06673555614674,1.8167903899179743,3.6335807798359485,-0.010400547536044904,-0.009062347824046302,0.0
8.339838846008085,10.365807923044944,3.0106929596902186,47.107637121522124,-3.6994425397469217,-7.398885079493843,-0.009389086609007733,-0.010106561719105596,0.0
8.299454690620344,10.39954069390243,3.0106929596902186,53.14853868689753,-0.2466200753380515,-0.493240150676103,-0.008273350909510811,-0.011038532595487198,0.0
8.255744804943085,10.428836183831526,3.0106929596902186,59.18944025227281,-2.020697729383685,-4.04139545876737,-0.007065731747916048,-0.011847910026668323,0.0
8.20919462899545,10.453369038442215,3.0106929596902186,65.23034181764825,-2.3313693008403598,-4.6627386016807195,-0.005779640888172078,-0.012525705103398276,0.0
8.160321146932244,10.47286679695755,3.0106929596902186,71.27124338302352,-0.6577934376585969,-1.3155868753171938,-0.004429361597368327,-0.013064390264122134,0.0
8.10966714544121,10.48711291815075,3.0106929596902186,77.31214494839905,-3.441611076809696,-6.883222153619392,-0.0030298900164158838,-0.013457982895737523,0.0
8.057795185578566,10.495949185242301,3.0106929596902186,83.35304651377436,-0.16251913656535535,-0.3250382731307107,-0.0015967686135798468,-0.013702111776226879,0.0
8.005281354991276,10.499277463048372,3.0106929596902186,89.39394807914988,-3.2429863580547362,-6.4859727161094725,-0.00014591357053052016,-0.013794065621254589,0.0
7.952708869913625,10.497060787865745,3.0106929596902186,95.43484964452543,-0.6320432331028981,-1.2640864662057962,0.0013065619820531082,-0.013732823195562844,0.0
7.900661597994027,10.489323777989036,3.0106929596902186,101.47575120990075,-1.7600275851671612,-3.5200551703343224,0.002744526916185006,-0.01351906465477057,0.0
7.849717573887243,10.476152360301015,3.0106929596902186,107.51665277527614,-1.9465926181303699,-3.8931852362607398,0.004152011258156503,-0.013155163991591985,0.0
7.80044257962758,10.457692815972534,3.0106929596902186,113.55755434065154,0.6474972819639429,1.2949945639278857,0.005513383550338183,-0.01264516267038081,0.0
7.753383861079131,10.434150155870437,3.0106929596902186,119.59845590602697,-3.5840174932510473,-7.168034986502095,0.00681352445344646,-0.011994724742811812,0.0
7.709064050247888,10.405785843716115,3.0106929596902186,125.6393574714024,3.0374788391414453,6.074957678282891,0.00803799466124437,-0.011211073943175146,0.0
7.666811108062724,10.371755140872152,3.0106929596902186,131.86857023820943,-4.6113129883351744,-9.222625976670349,0.009780439680604686,-0.010912514850402467,0.0
7.627346803309086,10.33218416198143,3.0106929596902186,138.2860942064483,5.918787945285744,11.837575890571488,0.010938876415802394,-0.009750946798440305,0.0
7.592552752531281,10.288450104880251,3.0106929596902186,144.70361817468697,-6.24790511006412,-12.49581022012824,0.011960222334321745,-0.008467175586923347,0.0
7.562865010096811,10.241101064032497,3.0106929596902186,151.1211421429257,7.333916938471909,14.667833876943819,0.012831677479316166,-0.007077290002042763,0.0
7.5386556358682215,10.190730438470391,3.0106929596902186,157.53866611116442,-5.461110554648418,-10.922221109296837,0.013542320391122981,-0.005598708702048109,0.0
7.5202280323850506,10.13796949505649,3.0106929596902186,163.95619007940323,5.9693852641607235,11.938770528321447,0.014083244979806668,-0.004049961918950921,0.0
7.50781314248959,10.083479457169355,3.0106929596902186,170.37371404764198,-2.1989136069720057,-4.397827213944011,0.01444767214020197,-0.0024504592294999302,0.0
7.501566555049475,10.027943217960972,3.0106929596902186,176.79123801588068,2.2482146895610264,4.496429379122053,0.014631034710641557,-0.0008202463058123286,0.0
7.501566555049475,9.972056782039026,3.0106929596902186,183.20876198411952,2.248399466409381,4.496798932818762,0.014631034710642024,0.0008202463058123286,0.0
7.50781314248959,9.916520542830643,3.0106929596902186,189.62628595235822,-2.1993532306552024,-4.398706461310405,0.014447672140201505,0.0024504592294999302,0.0
7.520228032385051,9.86203050494351,3.0106929596902186,196.0438099205968,5.969614753590993,11.939229507181986,0.014083244979806668,0.004049961918951153,0.0
7.538655635868222,9.809269561529609,3.0106929596902186,202.4613338888356,-5.46206460886592,-10.92412921773184,0.013542320391122981,0.005598708702047876,0.0
7.562865010096812,9.758898935967503,3.0106929596902186,208.87885785707437,7.33443960826501,14.66887921653002,0.012831677479316166,0.007077290002042763,0.0
7.592552752531283,9.711549895119749,3.0106929596902186,215.29638182531315,-6.249430208677001,-12.498860417354003,0.011960222334321745,0.00846717558692358,0.0
7.627346803309087,9.66781583801857,3.0106929596902186,221.7139057935518,5.919660507465277,11.839321014930555,0.010938876415802394,0.009750946798440073,0.0
7.666811108062724,9.628244859127848,3.0106929596902186,228.13142976179057,-4.613151424419604,-9.226302848839207,0.009780439680604686,0.0109125148504027,0.0
7.709064050247889,9.594214156283885,3.0106929596902186,234.36064252859768,3.0385139665520553,6.077027933104111,0.00803799466124437,0.011211073943174913,0.0
7.753383861079131,9.565849844129563,3.0106929596902186,240.40154409397303,-3.5862375316563613,-7.1724750633127226,0.00681352445344646,0.011994724742811812,0.0
7.800442579627579,9.542307184027466,3.0106929596902186,246.44244565934838,0.6488571167322891,1.2977142334645781,0.005513383550338183,0.01264516267038081,0.0
7.849717573887243,9.523847639698985,3.0106929596902186,252.48334722472384,-1.948650630750815,-3.89730126150163,0.004152011258156503,0.013155163991591985,0.0
7.900661597994027,9.510676222010964,3.0106929596902186,258.52424879009925,-1.7588995812154982,-3.5177991624309963,0.002744526916185006,0.013519064654770803,0.0
7.952708869913627,9.502939212134255,3.0106929596902186,264.56515035547477,-0.633261360353637,-1.266522720707274,0.0013065619820531082,0.013732823195562844,0.0
8.005281354991276,9.500722536951628,3.0106929596902186,270.6060519208501,-3.2426088823161003,-6.485217764632201,-0.00014591357053052016,0.013794065621254356,0.0
8.057795185578566,9.504050814757699,3.0106929596902186,276.64695348622564,-0.16243497751382788,-0.32486995502765575,-0.0015967686135798468,0.013702111776226879,0.0
8.10966714544121,9.51288708184925,3.0106929596902186,282.68785505160093,-3.4421801496173976,-6.884360299234795,-0.0030298900164158838,0.013457982895737523,0.0
8.160321146932244,9.52713320304245,3.0106929596902186,288.7287566169765,-0.656427722114634,-1.312855444229268,-0.004429361597368327,0.013064390264122134,0.0
8.20919462899545,9.546630961557785,3.0106929596902186,294.76965818235175,-2.3325984957366726,-4.665196991473345,-0.005779640888172078,0.012525705103398276,0.0
8.255744804943085,9.571163816168474,3.0106929596902186,300.8105597477272,-2.0186393994624345,-4.037278798924869,-0.007065731747916048,0.011847910026668323,0.0
8.299454690620344,9.60045930609757,3.0106929596902186,306.85146131310245,-0.24781107576604985,-0.4956221515320997,-0.008273350909510811,0.011038532595487198,0.0
8.339838846008085,9.634192076955056,3.0106929596902186,312.89236287847785,-3.6976208021796024,-7.395241604359205,-0.009389086609007733,0.010106561719105596,0.0
8.376448766497774,9.67198749410904,3.0106929596902186,318.93326444385326,1.8163276200144711,3.6326552400289422,-0.010400547536044904,0.009062347824046302,0.0
8.40887786396345,9.71342580336107,3.0106929596902186,324.97416600922895,-4.568763132208123,-9.137526264416246,-0.011296500451180537,0.00791748790273909,0.0
8.432726824612693,9.750114227837914,3.0106929596902186,329.99495324242184,2.581960423688064,5.163920847376128,-0.007913513683526427,0.004569798692496509,0.0
8.44910644717603,9.780913708842041,3.0106929596902186,333.9956261434322,-5.092797279223782,-10.185594558447564,-0.008213056859297647,0.00400655162642926,0.0
8.463297332355772,9.812780915234448,3.0106929596902186,337.99629904444254,3.214366106848245,6.42873221369649,-0.008472573389505073,0.003423778478340212,0.0
8.475230320332251,9.845560540970478,3.0106929596902186,341.99697194545297,-4.70324633439424,-9.40649266878848,-0.0086907985104506,0.0028243194153734796,0.0
8.484847255233856,9.879092833295033,3.0106929596902186,345.9976448464636,2.656958190799372,5.313916381598744,-0.008866668693690115,0.0022110959241146777,0.0
8.492101268561886,9.913214371303711,3.0106929596902186,349.99831774747383,-3.2809806601996763,-6.5619613203993525,-0.008999326829185144,0.0015870965726150453,0.0
8.496957007605971,9.947758862380823,3.0106929596902186,353.99899064848415,1.032083602617403,2.064167205234806,-0.009088126402457403,0.0009553624454929965,0.0
8.499390807736852,9.982557952632781,3.0106929596902186,357.99966354949464,-1.1651556774576666,-2.330311354915333,-0.009132634645402699,0.0003189723230879795,0.0
8.499390807736852,10.017442047367217,3.0106929596902186,2.0003364505051704,-1.1641949165575394,-2.3283898331150787,-0.009132634645402234,-0.0003189723230879795,0.0
8.496957007605971,10.052241137619175,3.0106929596902186,6.001009351515645,1.0309852358287517,2.0619704716575034,-0.009088126402457868,-0.0009553624454929965,0.0
8.492101268561886,10.086785628696289,3.0106929596902186,10.001682252526138,-3.2802786410029143,-6.560557282005829,-0.008999326829185144,-0.0015870965726150453,0.0
8.484847255233856,10.120907166704967,3.0106929596902186,14.002355153536438,2.65590193589102,5.31180387178204,-0.008866668693690115,-0.0022110959241146777,0.0
8.475230320332251,10.154439459029522,3.0106929596902186,18.00302805454705,-4.702963307158559,-9.405926614317117,-0.008690798510450135,-0.0028243194153734796,0.0
8.463297332355772,10.187219084765552,3.0106929596902186,22.003700955557466,3.213576989021987,6.427153978043974,-0.008472573389505538,-0.003423778478340212,0.0
8.44910644717603,10.219086291157959,3.0106929596902186,26.004373856567753,-5.093082963448689,-10.186165926897377,-0.008213056859297647,-0.00400655162642926,0.0
8.432726824612693,10.249885772162086,3.0106929596902186,30.00504675757813,2.5816080969311748,5.1632161938623495,-0.007913513683526427,-0.004569798692496509,0.0
