x,y,u,v,w,p,fluid
0.20833333333333334,0.1875,0.9996992827902162,0.00027064548858368433,0.0,0.4688800692977954,1
0.625,0.1875,0.9995378611814267,-0.00012536604112852492,0.0,0.518999604261761,1
1.0416666666666667,0.1875,0.9997936582246318,-0.000104851298082172,0.0,0.5459032057266568,1
1.4583333333333335,0.1875,0.9999469680675487,-3.3127560688324474e-05,0.0,0.553389900156445,1
1.875,0.1875,0.999989073220503,-4.767077052199775e-06,0.0,0.5547418611352077,1
2.291666666666667,0.1875,0.9999890934897736,4.748834900252072e-06,0.0,0.55521103007261,1
2.7083333333333335,0.1875,0.9999739217588953,8.905722962653634e-06,0.0,0.5565596128396028,1
3.125,0.1875,0.9999523154718281,1.0539935251364799e-05,0.0,0.5595574035900582,1
3.541666666666667,0.1875,0.9999562707016644,-1.4099641932741936e-05,0.0,0.5645070342015968,1
3.9583333333333335,0.1875,0.9999160237755254,5.032187552336668e-05,0.0,0.5668456199793305,1
4.375,0.1875,1.0011221922673377,-0.0011358735180573003,0.0,0.5785030716140501,1
4.791666666666667,0.1875,1.0019007227344487,0.0004351960977898762,0.0,0.37981357542304617,1
5.208333333333334,0.1875,1.0020321072658378,-0.0005534421761263085,0.0,0.26171594920591107,1
5.625,0.1875,1.0018039747576606,0.0007587614333142876,0.0,0.041129031116739316,1
6.041666666666667,0.1875,1.000494114240766,0.0004201130316712656,0.0,-0.03894651040416759,1
6.458333333333334,0.1875,0.999914352062703,0.00010167292845414714,0.0,-0.04122334234422317,1
6.875,0.1875,0.9998037976004241,-2.1739124783635468e-06,0.0,-0.024671854187982983,1
7.291666666666667,0.1875,0.999830363656649,-2.1735538194886438e-05,0.0,-0.00852294241490252,1
7.708333333333334,0.1875,0.9998767881249445,-2.00464835558236e-05,0.0,0.0036008697038423785,1
8.125,0.1875,0.9999159001543425,-1.5154343299394741e-05,0.0,0.01201237009434792,1
8.541666666666668,0.1875,0.9999449431165519,-1.098432273518538e-05,0.0,0.017617510646754233,1
8.958333333333334,0.1875,0.9999659861116079,-7.95437305823926e-06,0.0,0.021188517335700673,1
9.375,0.1875,0.9999812782294926,-5.808533486338028e-06,0.0,0.023286492045447738,1
9.791666666666668,0.1875,0.9999924728781666,-4.266650664338763e-06,0.0,0.024308812420274495,1
10.208333333333334,0.1875,1.000000691627855,-3.13022447940252e-06,0.0,0.02454101235100581,1
10.625,0.1875,1.0000066941968597,-2.2720879320301955e-06,0.0,0.024193541111109676,1
11.041666666666668,0.1875,1.0000110099786828,-1.6121158318030903e-06,0.0,0.023425312874374257,1
11.458333333333334,0.1875,1.0000140221424452,-1.098831360786469e-06,0.0,0.022358544663981603,1
11.875,0.1875,1.000016018519204,-6.97907570518816e-07,0.0,0.021088289133519744,1
12.291666666666668,0.1875,1.0000172222110648,-3.854150094019293e-07,0.0,0.019688791463313517,1
12.708333333333334,0.1875,1.0000178103576065,-1.439167606593993e-07,0.0,0.01821792062274335,1
13.125,0.1875,1.0000179260332,3.9808524985831184e-08,0.0,0.016720398528908283,1
13.541666666666668,0.1875,1.000017686110161,1.7612174354586074e-07,0.0,0.015230248422732925,1
13.958333333333334,0.1875,1.0000171866929612,2.7335361440396894e-07,0.0,0.01377271350206842,1
14.375,0.1875,1.0000165070472598,3.3832747429030205e-07,0.0,0.012365799595863815,1
14.791666666666668,0.1875,1.0000157125695026,3.767022920734585e-07,0.0,0.011021538958799006,1
15.208333333333334,0.1875,1.0000148571206497,3.932014865756347e-07,0.0,0.009747038012087823,1
15.625,0.1875,1.0000139849220049,3.917771356403823e-07,0.0,0.008545352183828422,1
16.041666666666668,0.1875,1.0000131321292858,3.757361547794373e-07,0.0,0.007416217677927578,1
16.458333333333336,0.1875,1.0000123281225082,3.4786981785599517e-07,0.0,0.006356663969547548,1
16.875,0.1875,1.0000115964164702,3.106654273938427e-07,0.0,0.005361530593236985,1
17.291666666666668,0.1875,1.0000109546922862,2.668860413951972e-07,0.0,0.0044239278911635095,1
17.708333333333336,0.1875,1.0000104120467883,2.214947434911652e-07,0.0,0.003535748545559812,1
18.125,0.1875,1.0000099560335864,1.8891720413852562e-07,0.0,0.002688586759763424,1
18.541666666666668,0.1875,1.0000095105035833,2.120597434409478e-07,0.0,0.0018764096145109698,1
18.958333333333336,0.1875,1.0000086698653874,5.445145540626632e-07,0.0,0.0011035028292255568,1
19.375,0.1875,1.0000069327175636,1.0189186128943839e-06,0.0,0.00043143204991565395,1
19.791666666666668,0.1875,1.0000022768917112,3.1713247822827412e-06,0.0,-5.195009805129215e-05,1
0.20833333333333334,0.5625,1.0002094183278045,0.0003528144820114539,0.0,0.42828324601024276,1
0.625,0.5625,1.0020028253837596,-0.0016763219376969096,0.0,0.47535297663008863,1
1.0416666666666667,0.5625,1.0055580639455366,-0.0019838274464087594,0.0,0.4876216981673577,1
1.4583333333333335,0.5625,1.009603164189502,-0.0019327204906938867,0.0,0.4862210295720068,1
1.875,0.5625,1.0138400728843746,-0.0019562866099924045,0.0,0.4824502368853993,1
2.291666666666667,0.5625,1.0182878952717,-0.002046790022871648,0.0,0.4781319949717071,1
2.7083333333333335,0.5625,1.0230242031695445,-0.002188577969209399,0.0,0.47359362841704844,1
3.125,0.5625,1.0281507454591954,-0.002386418774756284,0.0,0.46901010026088946,1
3.541666666666667,0.5625,1.0338143774674053,-0.0027179694462304556,0.0,0.4653421823942698,1
3.9583333333333335,0.5625,1.0400286772020162,-0.002802455847593357,0.0,0.4550654162005618,1
4.375,0.5625,1.0481468578120456,-0.006675009986129601,0.0,0.5002495694803097,1
4.791666666666667,0.5625,1.0540551556395148,-4.3812898699338804e-05,0.0,0.3115058283738943,1
5.208333333333334,0.5625,1.0558878826882339,-0.001842133601555397,0.0,0.27605619035530377,1
5.625,0.5625,1.0536007943468069,0.004311151623082275,0.0,0.08748496494447802,1
6.041666666666667,0.5625,1.0469645001192451,0.004019262111446844,0.0,0.04789024019446871,1
6.458333333333334,0.5625,1.0404270329388563,0.0029080302708800096,0.0,0.05205276009026999,1
6.875,0.5625,1.0349382555751143,0.002230867388297162,0.0,0.058960627368935245,1
7.291666666666667,0.5625,1.0303746992564802,0.0018285143970677607,0.0,0.06306983878521996,1
7.708333333333334,0.5625,1.0265237902913267,0.0015537396279887196,0.0,0.0647128048690247,1
8.125,0.5625,1.0232247934433798,0.001344955881290688,0.0,0.0646083555860033,1
8.541666666666668,0.5625,1.020365333164696,0.0011762810371957243,0.0,0.06328899617532804,1
8.958333333333334,0.5625,1.017866224951651,0.0010350389629225905,0.0,0.06112163567835283,1
9.375,0.5625,1.0156699969278762,0.0009140404452993959,0.0,0.05836485890233184,1
9.791666666666668,0.5625,1.0137333726036455,0.0008087710780274854,0.0,0.05520840960659074,1
10.208333333333334,0.5625,1.0120225241853313,0.0007161987482819008,0.0,0.051796668642633235,1
10.625,0.5625,1.0105100921556263,0.0006341854535670472,0.0,0.04824225031156438,1
11.041666666666668,0.5625,1.0091732960106956,0.0005611626692917054,0.0,0.04463406560428035,1
11.458333333333334,0.5625,1.0079927151312225,0.0004959382279460341,0.0,0.04104237762836943,1
11.875,0.5625,1.0069514849221992,0.0004375754823751579,0.0,0.03752221414343369,1
12.291666666666668,0.5625,1.0060347548442383,0.00038531494264822547,0.0,0.034115856006479504,1
12.708333333333334,0.5625,1.0052293150987777,0.0003385221645723765,0.0,0.030854779927085234,1
13.125,0.5625,1.004523334114717,0.0002966525044955106,0.0,0.027761257318762788,1
13.541666666666668,0.5625,1.0039061700127063,0.0002592270479477632,0.0,0.02484971884815694,1
13.958333333333334,0.5625,1.0033682320098523,0.00022581610531160337,0.0,0.02212794510182903,1
14.375,0.5625,1.0029008757550644,0.0001960278862590039,0.0,0.019598117342331026,1
14.791666666666668,0.5625,1.0024963217929517,0.00016950073945923923,0.0,0.017257747086610545,1
15.208333333333334,0.5625,1.0021475898441137,0.00014589782230898016,0.0,0.015100495685431207,1
15.625,0.5625,1.0018484439873703,0.0001249034062272548,0.0,0.013116890307322313,1
16.041666666666668,0.5625,1.001593345505261,0.00010622025457441172,0.0,0.011294941363967725,1
16.458333333333336,0.5625,1.0013774113387552,8.956770719279139e-05,0.0,0.009620665469705404,1
16.875,0.5625,1.00119637695432,7.468030898067626e-05,0.0,0.008078519557456223,1
17.291666666666668,0.5625,1.001046563089203,6.13072720948955e-05,0.0,0.006651753371111276,1
17.708333333333336,0.5625,1.000924846579589,4.9214347656930886e-05,0.0,0.005322697467234102,1
18.125,0.5625,1.0008286365832628,3.819547273892371e-05,0.0,0.004073012897631152,1
18.541666666666668,0.5625,1.0007558690942122,2.80972209868561e-05,0.0,0.0028843530637706247,1
18.958333333333336,0.5625,1.0007049411839413,1.925104624441056e-05,0.0,0.0017350708477693753,1
19.375,0.5625,1.0006758829443547,1.0028235047328327e-05,0.0,0.0006515482200151047,1
19.791666666666668,0.5625,1.0006603109276795,1.236706612773926e-05,0.0,-0.00015469485336009497,1
0.20833333333333334,0.9375,1.0000714420853245,0.00010004010992461547,0.0,0.4159578969960773,1
0.625,0.9375,1.0017599451588208,-0.004557266682589285,0.0,0.47597432841673093,1
1.0416666666666667,0.9375,1.0053774882399549,-0.005558386180664367,0.0,0.4881311941136942,1
1.4583333333333335,0.9375,1.0094805055562082,-0.00569146756100871,0.0,0.48664536635375283,1
1.875,0.9375,1.0137771481438298,-0.005877735693912846,0.0,0.48286820185369594,1
2.291666666666667,0.9375,1.0182911812871975,-0.006191010916390902,0.0,0.4785578704883225,1
2.7083333333333335,0.9375,1.0231039250073342,-0.006638503531713174,0.0,0.4740404282875251,1
3.125,0.9375,1.0283214457499832,-0.0072461499411922235,0.0,0.46950673113530217,1
3.541666666666667,0.9375,1.0340948208809886,-0.008151544704988606,0.0,0.4659349586630192,1
3.9583333333333335,0.9375,1.0404425770269774,-0.008674730881005779,0.0,0.4559158903004711,1
4.375,0.9375,1.0487307470093645,-0.015568450484980022,0.0,0.5020797627408952,1
4.791666666666667,0.9375,1.0547052584352468,-0.0018449007268847369,0.0,0.3087107528402713,1
5.208333333333334,0.9375,1.0565209735276797,-0.003324643699994886,0.0,0.27619694569798253,1
5.625,0.9375,1.0541716350392765,0.009966445868212373,0.0,0.08515035980958724,1
6.041666666666667,0.9375,1.0473939054759578,0.010436589277872665,0.0,0.04687561725607466,1
6.458333333333334,0.9375,1.0407349531815444,0.008367480631667364,0.0,0.05175158126181726,1
6.875,0.9375,1.0351449344525532,0.006742333510885995,0.0,0.05896893957505297,1
7.291666666666667,0.9375,1.0305001211419982,0.005604580941060231,0.0,0.06321550592589247,1
7.708333333333334,0.9375,1.026586520168506,0.004765732029135068,0.0,0.06489809753626606,1
8.125,0.9375,1.0232403649574047,0.004113600333200797,0.0,0.06477266772183801,1
8.541666666666668,0.9375,1.0203459588979522,0.0035861162895168414,0.0,0.06339740501790726,1
8.958333333333334,0.9375,1.0178212637335482,0.0031466267502705267,0.0,0.0611571502438192,1
9.375,0.9375,1.0156066074941215,0.0027722484944683306,0.0,0.05832229696413977,1
9.791666666666668,0.9375,1.013657090628734,0.002448090099178228,0.0,0.055089953079745166,1
10.208333333333334,0.9375,1.0119376928524746,0.002164101302277315,0.0,0.05160886946924695,1
10.625,0.9375,1.0104201591709525,0.0019132520397013607,0.0,0.04799408933286237,1
11.041666666666668,0.9375,1.0090810127625094,0.0016904443813833465,0.0,0.04433570384298238,1
11.458333333333334,0.9375,1.0079002716431122,0.001491846315153277,0.0,0.04070434354113125,1
11.875,0.9375,1.0068606052377165,0.001314474348324147,0.0,0.037154865007198765,1
12.291666666666668,0.9375,1.0059467687633905,0.0011559259738105738,0.0,0.03372901795658936,1
12.708333333333334,0.9375,1.0051452157831928,0.0010142045865335083,0.0,0.0304575108081956,1
13.125,0.9375,1.0044438269378486,0.0008876029289612236,0.0,0.027361699158159197,1
13.541666666666668,0.9375,1.0038317155540417,0.0007746245607595538,0.0,0.024455018703778763,1
13.958333333333334,0.9375,1.0032990846825567,0.0006739305794349348,0.0,0.021744229363322317,1
14.375,0.9375,1.0028371187920038,0.000584303342872188,0.0,0.019230507958207882,1
14.791666666666668,0.9375,1.002437898931022,0.0005046217235005605,0.0,0.016910410262573863,1
15.208333333333334,0.9375,1.0020943338704755,0.0004338441465182087,0.0,0.014776714443060975,1
15.625,0.9375,1.0018001022567913,0.0003709968053267518,0.0,0.012819153710140146,1
16.041666666666668,0.9375,1.0015496025476458,0.0003151652275084032,0.0,0.011025043577477385,1
16.458333333333336,0.9375,1.0013379087165037,0.00026548793195042874,0.0,0.009379809104595082,1
16.875,0.9375,1.001160730571229,0.0002211513609006221,0.0,0.007867417726758268,1
17.291666666666668,0.9375,1.0010143781799798,0.00018138585073574742,0.0,0.006470726058298437,1
17.708333333333336,0.9375,1.0008957305488444,0.0001454634955838147,0.0,0.005171755226273767,1
18.125,0.9375,1.0008022095382363,0.000112704231350466,0.0,0.003951915567663521,1
18.541666666666668,0.9375,1.0007317701238487,8.247467599601578e-05,0.0,0.00279258150364964,1
18.958333333333336,0.9375,1.000682827905969,5.475670703166484e-05,0.0,0.0016717515209983829,1
19.375,0.9375,1.0006554216072014,2.5340658939483867e-05,0.0,0.0006156195553603662,1
19.791666666666668,0.9375,1.0006396577349783,2.5256942029621383e-05,0.0,-0.00021858725466821974,1
0.20833333333333334,1.3125,1.00002705358124,1.139400987678211e-05,0.0,0.41327722952155044,1
0.625,1.3125,1.0017059457719273,-0.007499276320681637,0.0,0.47841773604388604,1
1.0416666666666667,1.3125,1.0053864334851765,-0.009184604258250155,0.0,0.4901596761257019,1
1.4583333333333335,1.3125,1.009547988962482,-0.009503364998323428,0.0,0.48847515825549453,1
1.875,1.3125,1.0139131255289549,-0.00986143949576889,0.0,0.48460352607489027,1
2.291666666666667,1.3125,1.0185148753071664,-0.010411511743885021,0.0,0.48021400667076697,1
2.7083333333333335,1.3125,1.0234421555617244,-0.011184024281441123,0.0,0.47564008887513537,1
3.125,1.3125,1.0288087704817153,-0.012226351287977411,0.0,0.47110637792395654,1
3.541666666666667,1.3125,1.0347716444020234,-0.0137339675040418,0.0,0.4676149660902961,1
3.9583333333333335,1.3125,1.041354513561544,-0.014729870856443419,0.0,0.45798278276044396,1
4.375,1.3125,1.0499198463321027,-0.024681462986496074,0.0,0.5049988069151372,1
4.791666666666667,1.3125,1.0559891678938897,-0.0035713379135893343,0.0,0.3045535656836579,1
5.208333333333334,1.3125,1.0577505264570226,-0.004817572803016137,0.0,0.2761593859057867,1
5.625,1.3125,1.055260547997581,0.015814760224192127,0.0,0.08152764327849238,1
6.041666666666667,1.3125,1.0482181867444056,0.017026356656727422,0.0,0.0452605821429068,1
6.458333333333334,1.3125,1.0413234938303273,0.013975993940425075,0.0,0.05122338155686672,1
6.875,1.3125,1.0355320006695334,0.011377180903130939,0.0,0.05894986466107438,1
7.291666666666667,1.3125,1.030723706363172,0.009477530404750566,0.0,0.06343467852921127,1
7.708333333333334,1.3125,1.0266836417221326,0.008051081619305674,0.0,0.06518411480640947,1
8.125,1.3125,1.0232428092583628,0.00693653965087036,0.0,0.06501353844138862,1
8.541666666666668,1.3125,1.0202790978002407,0.006035482737824385,0.0,0.06352714091425758,1
8.958333333333334,1.3125,1.0177046501561682,0.005286488829503844,0.0,0.06114354077558645,1
9.375,1.3125,1.0154551483503969,0.004650128655810083,0.0,0.058155970701330835,1
9.791666666666668,1.3125,1.0134821916142855,0.004100436179279345,0.0,0.054775972795991563,1
10.208333333333334,1.3125,1.0117481665266863,0.0036198357997224207,0.0,0.05116088341266308,1
10.625,1.3125,1.0102228791729764,0.0031960564742674587,0.0,0.04743047096719943,1
11.041666666666668,1.3125,1.0088813653440118,0.0028202341609537334,0.0,0.04367705328454215,1
11.458333333333334,1.3125,1.007702465664941,0.0024857332545409954,0.0,0.03997186591284046,1
11.875,1.3125,1.0066678904617696,0.002187404856882783,0.0,0.03636930559225337,1
12.291666666666668,1.3125,1.005761597069431,0.0019211123452037532,0.0,0.03290995913223435,1
12.708333333333334,1.3125,1.0049693672430058,0.0016834227414120832,0.0,0.02962291639622903,1
13.125,1.3125,1.0042785137762382,0.0014714028554194945,0.0,0.02652763788921245,1
13.541666666666668,1.3125,1.003677671357381,0.0012824830566684538,0.0,0.023635524286900116,1
13.958333333333334,1.3125,1.0031566428272989,0.0011143655448910819,0.0,0.02095126744574083,1
14.375,1.3125,1.002706282134917,0.0009649623018270745,0.0,0.0184740274382311,1
14.791666666666668,1.3125,1.002318401762909,0.0008323529736106808,0.0,0.016198459955195633,1
15.208333333333334,1.3125,1.0019856966207512,0.0007147560782037694,0.0,0.014115608706483517,1
15.625,1.3125,1.001701679221208,0.000610508985424622,0.0,0.012213672013959868,1
16.041666666666668,1.3125,1.0014606228659533,0.0005180535052773097,0.0,0.010478651000385959,1
16.458333333333336,1.3125,1.0012575108708046,0.0004359248980563331,0.0,0.008894885920493695,1
16.875,1.3125,1.0010879907571688,0.0003627428283728179,0.0,0.007445488081594677,1
17.291666666666668,1.3125,1.0009483329805238,0.00029720353498021633,0.0,0.006112676416023002,1
17.708333333333336,1.3125,1.000835394355596,0.00023807344248007824,0.0,0.00487803340288427,1
18.125,1.3125,1.0007465869911343,0.0001841898228736881,0.0,0.0037226973141800284,1
18.541666666666668,1.3125,1.0006798621920283,0.00013443687785008533,0.0,0.0026278403690725535,1
18.958333333333336,1.3125,1.0006336341380968,8.844775113719331e-05,0.0,0.001571456420997742,1
19.375,1.3125,1.0006078786516805,3.949522266279452e-05,0.0,0.0005774294955600652,1
19.791666666666668,1.3125,1.000592929757722,3.874386845115444e-05,0.0,-0.00021625604133576162,1
0.20833333333333334,1.6875,1.0000128992846082,-2.456356923238682e-05,0.0,0.41424879551456,1
0.625,1.6875,1.0017247981430453,-0.010515030685744307,0.0,0.4824580102979218,1
1.0416666666666667,1.6875,1.0054889651796373,-0.01286903916825434,0.0,0.4934799656536804,1
1.4583333333333335,1.6875,1.0097284722697868,-0.013379886399318454,0.0,0.49149593733741415,1
1.875,1.6875,1.014189628356945,-0.013928581483318856,0.0,0.4874545498791253,1
2.291666666666667,1.6875,1.0189192450970408,-0.014742599622833408,0.0,0.48290454594329957,1
2.7083333333333335,1.6875,1.0240171289684206,-0.015875584115572293,0.0,0.478190428454781,1
3.125,1.6875,1.0296069822259417,-0.017395612813179778,0.0,0.4735799240495199,1
3.541666666666667,1.6875,1.0358507662195189,-0.019550698101112186,0.0,0.4700847639839496,1
3.9583333333333335,1.6875,1.0427757706802556,-0.021070226517181195,0.0,0.46091901059953144,1
4.375,1.6875,1.0517092350287685,-0.034090024732552876,0.0,0.507935947827041,1
4.791666666666667,1.6875,1.0578878586518106,-0.005185926833621419,0.0,0.2988388915911076,1
5.208333333333334,1.6875,1.059556244278202,-0.006289753653374211,0.0,0.27547493347396557,1
5.625,1.6875,1.0568571231904635,0.021957130666727085,0.0,0.0770052903650111,1
6.041666666666667,1.6875,1.0494543834442949,0.02388457711331714,0.0,0.04355310587246794,1
6.458333333333334,1.6875,1.042228529227076,0.019826265901642662,0.0,0.05081140150906907,1
6.875,1.6875,1.0361413048742847,0.016217754704036882,0.0,0.05911996538249583,1
7.291666666666667,1.6875,1.0310850730796823,0.013515030094913533,0.0,0.06386801514404934,1
7.708333333333334,1.6875,1.0268486185001984,0.011462449228040392,0.0,0.06566556529064846,1
8.125,1.6875,1.023258307850441,0.009853200844685698,0.0,0.0653955286994234,1
8.541666666666668,1.6875,1.0201840495184187,0.008552994354948718,0.0,0.0637208410106839,1
8.958333333333334,1.6875,1.0175298641468258,0.007474746926263853,0.0,0.06110616722254444,1
9.375,1.6875,1.0152245002813156,0.006561249663237666,0.0,0.05787713119233048,1
9.791666666666668,1.6875,1.0132140908727911,0.005774344702227337,0.0,0.05426623675910424,1
10.208333333333334,1.6875,1.0114568509489663,0.005088065787335366,0.0,0.050443405149520414,1
10.625,1.6875,1.0099194138215857,0.0044842785200597925,0.0,0.046535269833410914,1
11.041666666666668,1.6875,1.0085743659087738,0.003949917683132181,0.0,0.04263723452861384,1
11.458333333333334,1.6875,1.0073986116825435,0.003475238247079951,0.0,0.0388211460972215,1
11.875,1.6875,1.0063722935978605,0.0030527038233369346,0.0,0.03514038941621982,1
12.291666666666668,1.6875,1.0054780749092713,0.0026762742511510307,0.0,0.03163347854873496,1
12.708333333333334,1.6875,1.0047006568710026,0.002340943913488394,0.0,0.028326756486491012,1
13.125,1.6875,1.0040264465746618,0.002042439070400327,0.0,0.025236543385739996,1
13.541666666666668,1.6875,1.0034433216065461,0.0017770174901554211,0.0,0.02237091908660947,1
13.958333333333334,1.6875,1.002940457114611,0.0015413348310903507,0.0,0.019731240274855708,1
14.375,1.6875,1.0025081932992226,0.0013323550723510537,0.0,0.01731344742056722,1
14.791666666666668,1.6875,1.0021379292861003,0.001147290149561035,0.0,0.015109191632702119,1
15.208333333333334,1.6875,1.0018220344632718,0.0009835588702865115,0.0,0.013106800024939278,1
15.625,1.6875,1.001553771709576,0.0008387583312464237,0.0,0.011292091647987288,1
16.041666666666668,1.6875,1.001327229137079,0.0007106431948029606,0.0,0.009649053917060812,1
16.458333333333336,1.6875,1.0011372584316118,0.0005971096392321852,0.0,0.008160389232296283,1
16.875,1.6875,1.000979418837542,0.0004961818243136434,0.0,0.006807941458496125,1
17.291666666666668,1.6875,1.0008499264807837,0.0004059996592664566,0.0,0.00557301388062947,1
17.708333333333336,1.6875,1.0007456092655127,0.0003248075744329476,0.0,0.004436594394007416,1
18.125,1.6875,1.0006638680893563,0.0002509493774916181,0.0,0.003379503998893357,1
18.541666666666668,1.6875,1.0006026522425038,0.00018282390457892086,0.0,0.0023827628674093367,1
18.958333333333336,1.6875,1.0005603822419014,0.00011970897339602161,0.0,0.0014246838589653207,1
19.375,1.6875,1.0005369308955436,5.252014985337051e-05,0.0,0.0005249012240825469,1
19.791666666666668,1.6875,1.0005233622110294,5.138476192879269e-05,0.0,-0.00019660245420002775,1
0.20833333333333334,2.0625,1.0000084779189518,-4.380305223671499e-05,0.0,0.41696176490640846,1
0.625,2.0625,1.0017810868896522,-0.013631848248511746,0.0,0.48813246983399433,1
1.0416666666666667,2.0625,1.0056600838444747,-0.016631069197670895,0.0,0.49809150754176473,1
1.4583333333333335,2.0625,1.0100072208454967,-0.01734583605218622,0.0,0.49569911947751083,1
1.875,2.0625,1.0146035076865982,-0.018114330465990862,0.0,0.4913980182087508,1
2.291666666666667,2.0625,1.0195138742219587,-0.019232835588064948,0.0,0.48657791849652854,1
2.7083333333333335,2.0625,1.0248512514183084,-0.02077708311109904,0.0,0.4815930035935883,1
3.125,2.0625,1.0307491353355358,-0.022833077274543298,0.0,0.476754733096502,1
3.541666666666667,2.0625,1.0373697759118161,-0.025691215752296537,0.0,0.4730488967552832,1
3.9583333333333335,2.0625,1.0447389720913671,-0.027794489442232,0.0,0.46432941342690526,1
4.375,2.0625,1.0540973130410176,-0.043828386575793715,0.0,0.5096213448596483,1
4.791666666666667,2.0625,1.060367607615976,-0.006651591368549457,0.0,0.29145382730846037,1
5.208333333333334,2.0625,1.0618905382040054,-0.0076962737116295175,0.0,0.2737140180947956,1
5.625,2.0625,1.0589180330193217,0.028468114369879033,0.0,0.07223199539559137,1
6.041666666666667,2.0625,1.0510913484228057,0.031080075317976977,0.0,0.04251633499184861,1
6.458333333333334,2.0625,1.0434648686804193,0.025997868260277182,0.0,0.05102376055738333,1
6.875,2.0625,1.036998750286374,0.021344160817322905,0.0,0.059785945710527144,1
7.291666666666667,2.0625,1.0316105115383978,0.017788647469786433,0.0,0.06469474185634902,1
7.708333333333334,2.0625,1.0271024000297513,0.015058941332612569,0.0,0.06644223866530831,1
8.125,2.0625,1.0233004200602351,0.01290977029743718,0.0,0.06596718337434669,1
8.541666666666668,2.0625,1.0200671520386386,0.01117319862012183,0.0,0.06399205032230638,1
8.958333333333334,2.0625,1.0172972602580046,0.009736212097518977,0.0,0.06103336439411611,1
9.375,2.0625,1.014910597907944,0.008522608085584573,0.0,0.057455472297760435,1
9.791666666666668,2.0625,1.0128457911657867,0.007480680815446603,0.0,0.0535167995204542,1
10.208333333333334,2.0625,1.0110550601655435,0.006574903506098007,0.0,0.04940300948523389,1
10.625,2.0625,1.0095003484942153,0.005780374720796591,0.0,0.04524916182557271,1
11.041666666666668,2.0625,1.0081505714701988,0.005079163926128995,0.0,0.04115409882664607,1
11.458333333333334,2.0625,1.0069797233171371,0.004457934145576753,0.0,0.03718979049533586,1
11.875,2.0625,1.0059656003588286,0.003906404863010125,0.0,0.03340756922314766,1
12.291666666666668,2.0625,1.0050889459452619,0.0034163590027635722,0.0,0.0298424937884193,1
12.708333333333334,2.0625,1.004332874913183,0.0029809993246108857,0.0,0.026516587763760504,1
13.125,2.0625,1.003682479329509,0.002594528950802941,0.0,0.023441380443368007,1
13.541666666666668,2.0625,1.0031245501875552,0.00225187630861647,0.0,0.020619986534745293,1
13.958333333333334,2.0625,1.0026473727248786,0.0019485137714548696,0.0,0.018048853749000893,1
14.375,2.0625,1.0022405684272355,0.0016803374334934224,0.0,0.015719247307068765,1
14.791666666666668,2.0625,1.0018949668318777,0.001443586835931163,0.0,0.013618510566692539,1
15.208333333333334,2.0625,1.0016024967290167,0.001234790616898251,0.0,0.011731125066260034,1
15.625,2.0625,1.0013560905193388,0.0010507286516890377,0.0,0.010039587010746982,1
16.041666666666668,2.0625,1.0011495981541356,0.000888404318424331,0.0,0.00852511448613447,1
16.458333333333336,2.0625,1.0009777087759781,0.0007450225909107107,0.0,0.007168199123955184,1
16.875,2.0625,1.0008358792439007,0.0006179710862807585,0.0,0.0059490166678240215,1
17.291666666666668,2.0625,1.0007202693978727,0.0005048023797244272,0.0,0.004847711733026419,1
17.708333333333336,2.0625,1.0006276844014388,0.0004032168439486223,0.0,0.003844575178357775,1
18.125,2.0625,1.0005555249126896,0.00031105070579632194,0.0,0.002920132357387938,1
18.541666666666668,2.0625,1.0005017513424324,0.0002262130510296233,0.0,0.00205537597383303,1
18.958333333333336,2.0625,1.0004648082353311,0.00014761162304158224,0.0,0.0012293326488344311,1
19.375,2.0625,1.000444437324773,6.405753074291508e-05,0.0,0.00045572509712785055,1
19.791666666666668,2.0625,1.0004327463542695,6.258107013364401e-05,0.0,-0.00016765225108130366,1
0.20833333333333334,2.4375,1.0000072652168197,-5.797187407017734e-05,0.0,0.42081925335006726,1
0.625,2.4375,1.0018670106095027,-0.01688679835321634,0.0,0.4955999355433752,1
1.0416666666666667,2.4375,1.0059017050940693,-0.020498441388221395,0.0,0.504088890653483,1
1.4583333333333335,2.4375,1.01039604923813,-0.02143579689236782,0.0,0.5011583266756484,1
1.875,2.4375,1.0151784160236415,-0.02246515788992753,0.0,0.49647266059154016,1
2.291666666666667,2.4375,1.020335660853184,-0.023942858392418775,0.0,0.4912169307407678,1
2.7083333333333335,2.4375,1.0259942678036547,-0.02596344603858341,0.0,0.4857488646041691,1
3.125,2.4375,1.032294056206867,-0.0286246194352249,0.0,0.48041597958388244,1
3.541666666666667,2.4375,1.0393876990801956,-0.032242528696007966,0.0,0.47612412792075004,1
3.9583333333333335,2.4375,1.047290270615101,-0.03498776744137977,0.0,0.467685112415165,1
4.375,2.4375,1.05708367889501,-0.053871682883702046,0.0,0.5085667750892517,1
4.791666666666667,2.4375,1.0633857020060624,-0.007923380978607827,0.0,0.2822514565927422,1
5.208333333333334,2.4375,1.0646919816182474,-0.008970773282124925,0.0,0.2704104287743609,1
5.625,2.4375,1.0613867187152608,0.035392605218776685,0.0,0.06798418774719732,1
6.041666666666667,2.4375,1.0531119063669148,0.038646931718697375,0.0,0.04310233891487448,1
6.458333333333334,2.4375,1.0450494085327278,0.03255109167789038,0.0,0.05253434905316624,1
6.875,2.4375,1.0381378839165032,0.026830816108871586,0.0,0.06138282516918766,1
7.291666666666667,2.4375,1.0323362847610733,0.02237284629142961,0.0,0.06618570393087161,1
7.708333333333334,2.4375,1.0274755326536331,0.018906719765589386,0.0,0.06767463179221445,1
8.125,2.4375,1.0233902204329688,0.016160554835827713,0.0,0.06681324277913019,1
8.541666666666668,2.4375,1.0199394574307503,0.013938042003209573,0.0,0.06437146933521273,1
8.958333333333334,2.4375,1.0170091191281432,0.01210157578884484,0.0,0.060915951242416125,1
9.375,2.4375,1.0145089544211416,0.010555388745336368,0.0,0.05685202322855097,1
9.791666666666668,2.4375,1.01236813999818,0.009232959204413343,0.0,0.05246684720277763,1
10.208333333333334,2.4375,1.0105308373374782,0.00808785541248099,0.0,0.04796372633171771,1
10.625,2.4375,1.0089524151156333,0.007087243319338252,0.0,0.04348677619895044,1
11.041666666666668,2.4375,1.0075965179005282,0.0062074021435346745,0.0,0.03913778627397743,1
11.458333333333334,2.4375,1.006432922297587,0.00543069530897893,0.0,0.03498753226703685,1
11.875,2.4375,1.0054360287391466,0.004743558564419297,0.0,0.031083438173967998,1
12.291666666666668,2.4375,1.004583823978657,0.004135178557499185,0.0,0.027454944743794403,1
12.708333333333334,2.4375,1.0038571721426108,0.003596630350855917,0.0,0.024117461095171756,1
13.125,2.4375,1.003239325541314,0.0031203158904165285,0.0,0.021075426770459673,1
13.541666666666668,2.4375,1.0027155779920847,0.002699598390491385,0.0,0.018324784421950395,1
13.958333333333334,2.4375,1.0022730086219749,0.0023285638387906408,0.0,0.015855027196500497,1
14.375,2.4375,1.0019002824910537,0.00200186475181356,0.0,0.013650910423562675,1
14.791666666666668,2.4375,1.0015874869964179,0.0017146168987237033,0.0,0.011693877051479565,1
15.208333333333334,2.4375,1.001325991351932,0.0014623297270832279,0.0,0.009963228739711104,1
15.625,2.4375,1.0011083218007095,0.0012408577266144812,0.0,0.008437066003232681,1
16.041666666666668,2.4375,1.0009280485746888,0.0010463642757755015,0.0,0.0070930185369919505,1
16.458333333333336,2.4375,1.0007796826781146,0.0008752923810779187,0.0,0.0059087865845984236,1
16.875,2.4375,1.0006585817925506,0.0007243386724467688,0.0,0.004862514307910334,1
17.291666666666668,2.4375,1.0005608652996134,0.0005904284988985939,0.0,0.0039330167638627934,1
17.708333333333336,2.4375,1.0004833388555763,0.00047069102106872074,0.0,0.0030998837728873387,1
18.125,2.4375,1.0004234292796426,0.00036243868673823754,0.0,0.0023434832991380736,1
18.541666666666668,2.4375,1.0003791343327995,0.00026308673498087515,0.0,0.0016450341152205133,1
18.958333333333336,2.4375,1.0003489500484877,0.0001711525906849321,0.0,0.0009847881880777204,1
19.375,2.4375,1.0003324705024863,7.368197346835405e-05,0.0,0.00036926290677344477,1
19.791666666666668,2.4375,1.0003231460886457,7.187047306222869e-05,0.0,-0.00013077168011846948,1
0.20833333333333334,2.8125,1.0000077070491658,-7.144691306605925e-05,0.0,0.42565754601693506,1
0.625,2.8125,1.0019864148468756,-0.020327931185103267,0.0,0.5051014345155858,1
1.0416666666666667,2.8125,1.0062305474716897,-0.024508252954501646,0.0,0.5116200551694248,1
1.4583333333333335,2.8125,1.0109246592787628,-0.025695595681842702,0.0,0.5079865505346555,1
1.875,2.8125,1.01595908794596,-0.027040475007583685,0.0,0.5027336359429421,1
2.291666666666667,2.8125,1.0214451736715484,-0.02894653877390772,0.0,0.4967902762269817,1
2.7083333333333335,2.8125,1.0275205070091897,-0.031520311915936544,0.0,0.4905088054399489,1
3.125,2.8125,1.034323184034451,-0.034859972443042626,0.0,0.48426037333112315,1
3.541666666666667,2.8125,1.0419805140155523,-0.03928305125676632,0.0,0.4788075170187281,1
3.9583333333333335,2.8125,1.0504833121670771,-0.04271207759811548,0.0,0.47030786699332566,1
4.375,2.8125,1.060664389262369,-0.06412440956484397,0.0,0.5031657907242068,1
4.791666666666667,2.8125,1.0668876935938243,-0.008943448996338883,0.0,0.2710547365584729,1
5.208333333333334,2.8125,1.0678837209553496,-0.010022781541119314,0.0,0.26510458473386656,1
5.625,2.8125,1.0641919984836137,0.04274190031466486,0.0,0.06510350514452333,1
6.041666666666667,2.8125,1.055489854194943,0.046576897595543114,0.0,0.04639435521533465,1
6.458333333333334,2.8125,1.0469979979688335,0.03952004445490561,0.0,0.0561634192539574,1
6.875,2.8125,1.0395982235224346,0.032742032488296886,0.0,0.06448185644300096,1
7.291666666666667,2.8125,1.033308887148868,0.027343471888131687,0.0,0.0687233351012143,1
7.708333333333334,2.8125,1.0280099197788548,0.023079841698763176,0.0,0.06960617159273999,1
8.125,2.8125,1.0235587691181005,0.01967024949645746,0.0,0.06807402750433782,1
8.541666666666668,2.8125,1.0198191684552036,0.016899674641604797,0.0,0.06492137349983956,1
8.958333333333334,2.8125,1.0166715548848866,0.014610099836203367,0.0,0.060756227439339304,1
9.375,2.8125,1.014015826238401,0.012687168716113289,0.0,0.056023144262799106,1
9.791666666666668,2.8125,1.0117702593669913,0.0110489223986704,0.0,0.05103854439700268,1
10.208333333333334,2.8125,1.0098687885958415,0.009636788307425996,0.0,0.04602376103616347,1
10.625,2.8125,1.0082579197405876,0.008408672394731372,0.0,0.041131320570440694,1
11.041666666666668,2.8125,1.0068939263701386,0.007333874595892607,0.0,0.036464193623807054,1
11.458333333333334,2.8125,1.0057405752621755,0.006389474896781747,0.0,0.03208932668770525,1
11.875,2.8125,1.004767404408605,0.005557836947745632,0.0,0.02804705797901261,1
12.291666666666668,2.8125,1.0039484739681912,0.004824921854920252,0.0,0.02435777979347928,1
12.708333333333334,2.8125,1.0032614798767434,0.004179168387714379,0.0,0.02102682668288812,1
13.125,2.8125,1.002687125933492,0.0036107583433150534,0.0,0.01804822062743528,1
13.541666666666668,2.8125,1.0022086706810236,0.0031111384587983516,0.0,0.015407649523031468,1
13.958333333333334,2.8125,1.0018115881391891,0.0026727104911348325,0.0,0.013084890714938194,1
14.375,2.8125,1.0014833010362176,0.0022886300101260227,0.0,0.011055795805160586,1
14.791666666666668,2.8125,1.0012129600634587,0.001952674461601927,0.0,0.009293903590064137,1
15.208333333333334,2.8125,1.0009912531196337,0.00165915449416026,0.0,0.007771724278568686,1
15.625,2.8125,1.0008102354121622,0.0014028514924579786,0.0,0.0064617295066621595,1
16.041666666666668,2.8125,1.00066317562597,0.0011789702208186547,0.0,0.0053370797962022706,1
16.458333333333336,2.8125,1.0005444159650025,0.0009830994378014295,0.0,0.004372121106675541,1
16.875,2.8125,1.00044924532989,0.000811175984697177,0.0,0.0035426818334154918,1
17.291666666666668,2.8125,1.000373785654158,0.0006594497392887099,0.0,0.0028262014157100397,1
17.708333333333336,2.8125,1.0003148918031601,0.0005244480470110603,0.0,0.002201720892135002,1
18.125,2.8125,1.0002700657118357,0.00040294376155104565,0.0,0.0016497661031703045,1
18.541666666666668,2.8125,1.0002373874817845,0.00029185751908166466,0.0,0.0011522249845147508,1
18.958333333333336,2.8125,1.0002154457815702,0.00018929519198538426,0.0,0.0006912541999626499,1
19.375,2.8125,1.0002036852929497,8.09554029226827e-05,0.0,0.0002653437512836869,1
19.791666666666668,2.8125,1.0001972130346752,7.881404866926767e-05,0.0,-8.630853600666391e-05,1
0.20833333333333334,3.1875,1.0000114246019551,-8.866539913969648e-05,0.0,0.43153629030997614,1
0.625,3.1875,1.002152535854036,-0.02401854984365005,0.0,0.5169553434008511,1
1.0416666666666667,3.1875,1.0066783232930567,-0.028710562353174325,0.0,0.5208725124428276,1
1.4583333333333335,3.1875,1.0116428368617023,-0.030186049121026477,0.0,0.5163172148647089,1
1.875,3.1875,1.0170148666426957,-0.031915834171226606,0.0,0.5102263674137507,1
2.291666666666667,3.1875,1.022930408142311,-0.034332644112660286,0.0,0.503220000262069,1
2.7083333333333335,3.1875,1.0295315137178567,-0.03754300159875944,0.0,0.4956384897865818,1
3.125,3.1875,1.036940845037932,-0.04162809027056582,0.0,0.4878670113349011,1
3.541666666666667,3.1875,1.0452385670923903,-0.04687448026088857,0.0,0.4804670927267548,1
3.9583333333333335,3.1875,1.0543743004646329,-0.05099532696527352,0.0,0.4713830209716282,1
4.375,3.1875,1.0648283903339466,-0.07441281046589927,0.0,0.491829040260963,1
4.791666666666667,3.1875,1.070806036665971,-0.00963590369273444,0.0,0.2576751230817476,1
5.208333333333334,3.1875,1.0713732055420038,-0.010737203459066287,0.0,0.2573981477915376,1
5.625,3.1875,1.0672475921416498,0.05049192451709575,0.0,0.06442750881291064,1
6.041666666666667,3.1875,1.0581869819028689,0.054813352467422236,0.0,0.0535320873241289,1
6.458333333333334,3.1875,1.049321519233852,0.0469051765883731,0.0,0.06284353709829324,1
6.875,3.1875,1.0414225419948868,0.03912577687155099,0.0,0.06979139938406081,1
7.291666666666667,3.1875,1.0345845588902969,0.032774315035125984,0.0,0.0728220943078979,1
7.708333333333334,3.1875,1.0287604270368873,0.027659787852970755,0.0,0.07259112526883854,1
8.125,3.1875,1.0238500046808936,0.02351571905804014,0.0,0.06997299891697406,1
8.541666666666668,3.1875,1.0197348630157805,0.020123473176044356,0.0,0.06575841335705983,1
8.958333333333334,3.1875,1.016297302635608,0.017312957857437375,0.0,0.060584017956537915,1
9.375,3.1875,1.0134301232041898,0.014954927964986257,0.0,0.05492943445771515,1
9.791666666666668,3.1875,1.011040456754765,0.012952873138570575,0.0,0.04913944695891799,1
10.208333333333334,3.1875,1.0090501023751473,0.011235480203524878,0.0,0.0434526397155254,1
10.625,3.1875,1.0073940996745447,0.00975016489932341,0.0,0.03802793889531006,1
11.041666666666668,3.1875,1.0060186597349652,0.008457872070927096,0.0,0.032966030369076624,1
11.458333333333334,3.1875,1.0048790844074889,0.0073291112141851775,0.0,0.02832542794526285,1
11.875,3.1875,1.00393796570306,0.006341061232544486,0.0,0.024134120311320426,1
12.291666666666668,3.1875,1.0031637501480488,0.00547552896596472,0.0,0.020397972365057502,1
12.708333333333334,3.1875,1.002529645299885,0.004717550321915908,0.0,0.017106893599500413,1
13.125,3.1875,1.0020128025722426,0.004054453412502582,0.0,0.01423950495760578,1
13.541666666666668,3.1875,1.0015937038650224,0.0034752419534935406,0.0,0.01176677402367687,1
13.958333333333334,3.1875,1.0012556897383447,0.002970193998366598,0.0,0.009654899251631795,1
14.375,3.1875,1.00098458236422,0.002530601532462604,0.0,0.00786760396501696,1
14.791666666666668,3.1875,1.000768371283253,0.0021485997878852095,0.0,0.006367935431787943,1
15.208333333333334,3.1875,1.000596941789587,0.0018170519620376473,0.0,0.0051196338730037805,1
15.625,3.1875,1.0004618341731963,0.0015294668161902284,0.0,0.004088123870693165,1
16.041666666666668,3.1875,1.0003560275333443,0.0012799346803073644,0.0,0.0032411774528573823,1
16.458333333333336,3.1875,1.00027374517721,0.0010630727937021107,0.0,0.002549297332878172,1
16.875,3.1875,1.0002102804177082,0.0008739744843986842,0.0,0.001985867525085585,1
17.291666666666668,3.1875,1.0001618424475878,0.0007081591216008391,0.0,0.0015271162719850554,1
17.708333333333336,3.1875,1.0001254223192217,0.0005615212468926978,0.0,0.0011519327001207978,1
18.125,3.1875,1.0000986792876216,0.00043028277264282985,0.0,0.0008415775952310755,1
18.541666666666668,3.1875,1.0000798480415636,0.0003108770363386155,0.0,0.0005793215813160814,1
18.958333333333336,3.1875,1.0000676708388236,0.00020098268666450693,0.0,0.00035013985548380865,1
19.375,3.1875,1.0000614612322627,8.544099339366517e-05,0.0,0.00014426760190631714,1
19.791666666666668,3.1875,1.000058316130131,8.298408241348449e-05,0.0,-3.4563846973342285e-05,1
0.20833333333333334,3.5625,1.000026112291979,-0.0001224486037775219,0.0,0.43895735588788953,1
0.625,3.5625,1.0023948089868062,-0.028043593791589043,0.0,0.5315724783440661,1
1.0416666666666667,3.5625,1.0073002834737625,-0.033173654138685615,0.0,0.5320725831158323,1
1.4583333333333335,3.5625,1.0126300830937247,-0.034987839204974835,0.0,0.5262949676571369,1
1.875,3.5625,1.0184494033716844,-0.03718625914002391,0.0,0.5189675821179938,1
2.291666666666667,3.5625,1.024915088150466,-0.04020532279415128,0.0,0.5103561145806882,1
2.7083333333333335,3.5625,1.0321614175165004,-0.044133014364511,0.0,0.5007941145360152,1
3.125,3.5625,1.0402756538585818,-0.049009288400381476,0.0,0.49068565256905783,1
3.541666666666667,3.5625,1.0492641418762025,-0.055050871195425295,0.0,0.48035841943993784,1
3.9583333333333335,3.5625,1.0590171479357422,-0.05981880151916659,0.0,0.4700050740023512,1
4.375,3.5625,1.0695545919975809,-0.08448171645049576,0.0,0.473146628561025,1
4.791666666666667,3.5625,1.075059875784554,-0.00990163481565799,0.0,0.2419448728252729,1
5.208333333333334,3.5625,1.0750531930017715,-0.010975909820544489,0.0,0.24701369738852044,1
5.625,3.5625,1.0704526076849072,0.05858420972335168,0.0,0.0667158586250819,1
6.041666666666667,3.5625,1.0611502182764871,0.06324776694308971,0.0,0.06561891155623605,1
6.458333333333334,3.5625,1.0520210824555942,0.054665900753206834,0.0,0.0735649561540552,1
6.875,3.5625,1.0436527034664436,0.046005673311838524,0.0,0.07814343518545527,1
7.291666666666667,3.5625,1.0362274724889513,0.03873131126878721,0.0,0.07914367331389867,1
7.708333333333334,3.5625,1.0297957948684107,0.03273302014623894,0.0,0.07712549369320879,1
8.125,3.5625,1.0243237463329609,0.027786710567818007,0.0,0.07285277156877755,1
8.541666666666668,3.5625,1.0197294795743683,0.023690949248243783,0.0,0.06708723605106863,1
8.958333333333334,3.5625,1.015909595467735,0.020277181823565867,0.0,0.060483279293569406,1
9.375,3.5625,1.0127563978490124,0.017409043343742388,0.0,0.05355313374655815,1
9.791666666666668,3.5625,1.0101679563205122,0.014979054939781447,0.0,0.04667041060175376,1
10.208333333333334,3.5625,1.0080530122784617,0.01290406698177126,0.0,0.04009067666308756,1
10.625,3.5625,1.0063325476328684,0.011120398732736642,0.0,0.0339765939214962,1
11.041666666666668,3.5625,1.004939447701847,0.009579324121361095,0.0,0.028421298865185168,1
11.458333333333334,3.5625,1.0038172604620996,0.008243245474542468,0.0,0.023467599237335303,1
11.875,3.5625,1.0029186747493848,0.007082660947522478,0.0,0.01912271505941115,1
12.291666666666668,3.5625,1.0022040519612339,0.006073883759620801,0.0,0.015369237650605891,1
12.708333333333334,3.5625,1.0016401539658335,0.005197398087558722,0.0,0.0121732154369075,1
13.125,3.5625,1.0011990983398964,0.004436714164947392,0.0,0.009490171042389074,1
13.541666666666668,3.5625,1.0008575178157186,0.0037775925094238527,0.0,0.0072696423701203395,1
13.958333333333334,3.5625,1.0005958822123648,0.003207528199732056,0.0,0.005458639067183561,1
14.375,3.5625,1.0003979414674316,0.0027154106382615284,0.0,0.00400426007201983,1
14.791666666666668,3.5625,1.0002502566269935,0.0022912970112516965,0.0,0.0028556279372963507,1
15.208333333333334,3.5625,1.000141795483587,0.0019262563119904958,0.0,0.0019652491428429814,1
15.625,3.5625,1.0000635780151388,0.0016122550424243621,0.0,0.0012898885302748404,1
16.041666666666668,3.5625,1.0000083629230185,0.0013420660127819474,0.0,0.0007910380623629486,1
16.458333333333336,3.5625,0.9999703704810989,0.0011091887799141048,0.0,0.00043505559576116507,1
16.875,3.5625,0.9999450390906496,0.0009077750336548044,0.0,0.00019304506890284811,1
17.291666666666668,3.5625,0.9999288139649372,0.0007325553587571418,0.0,4.054265855258282e-05,1
17.708333333333336,3.5625,0.9999189667390967,0.0005787656285884465,0.0,-4.2934956288616056e-05,1
18.125,3.5625,0.9999134450688378,0.00044207662275284995,0.0,-7.442702164708524e-05,1
18.541666666666668,3.5625,0.9999107498472295,0.0003184570069513654,0.0,-6.818596435042002e-05,1
18.958333333333336,3.5625,0.9999098663178687,0.0002051573748941449,0.0,-3.518041658226791e-05,1
19.375,3.5625,0.9999100221522219,8.67147002959058e-05,0.0,7.082482966259135e-06,1
19.791666666666668,3.5625,0.9999106531778896,8.397304422707678e-05,0.0,2.3966842703011892e-05,1
0.20833333333333334,3.9375,1.0000770497764155,-0.00021529446566882272,0.0,0.4499035808766044,1
0.625,3.9375,1.0027817490190432,-0.032516804273776824,0.0,0.5495146286754555,1
1.0416666666666667,3.9375,1.0081975222789281,-0.03798956662874564,0.0,0.54551526065842,1
1.4583333333333335,3.9375,1.0140165949777664,-0.04020591180165608,0.0,0.5380910314790049,1
1.875,3.9375,1.0204190597494756,-0.04296779308786452,0.0,0.5289472871832183,1
2.291666666666667,3.9375,1.0275728546858078,-0.04668132058961251,0.0,0.5179726832775259,1
2.7083333333333335,3.9375,1.0355855362012587,-0.051390126361984936,0.0,0.5055243695535279,1
3.125,3.9375,1.044483150869469,-0.05706284231204889,0.0,0.49205895692607765,1
3.541666666666667,3.9375,1.0541693308723754,-0.06380451850192681,0.0,0.47768164815325737,1
3.9583333333333335,3.9375,1.064459140211854,-0.06910368807184615,0.0,0.46526583538481164,1
4.375,3.9375,1.0748100092117006,-0.09399631165390293,0.0,0.4460700797453619,1
4.791666666666667,3.9375,1.0795562915670236,-0.009613449140665196,0.0,0.22376426549778447,1
5.208333333333334,3.9375,1.0788042643181508,-0.01058125646742304,0.0,0.23385416399211606,1
5.625,3.9375,1.0736931835714172,0.06693005582701139,0.0,0.07257736868988633,1
6.041666666666667,3.9375,1.0643091685768762,0.07171968480174712,0.0,0.08361372084959859,1
6.458333333333334,3.9375,1.0550824098759728,0.062714287963932,0.0,0.0892964254306529,1
6.875,3.9375,1.046323733595067,0.0533716358442846,0.0,0.09045777595933224,1
7.291666666666667,3.9375,1.0383059396198058,0.045264071194055046,0.0,0.08849889486124296,1
7.708333333333334,3.9375,1.0311981145189901,0.03838581267069879,0.0,0.08387536743183882,1
8.125,3.9375,1.0250582343584456,0.03258465387032895,0.0,0.07721770865132202,1
8.541666666666668,3.9375,1.0198648264036823,0.027701913188023324,0.0,0.06924646051220354,1
8.958333333333334,3.9375,1.0155472417975706,0.023589939725418813,0.0,0.06063312925480276,1
9.375,3.9375,1.0120092690996088,0.020118338726843397,0.0,0.051928851084670956,1
9.791666666666668,3.9375,1.009145895819807,0.017176392884258172,0.0,0.04354356053669711,1
10.208333333333334,3.9375,1.0068540977444438,0.014672796943122533,0.0,0.03575420003552211,1
10.625,3.9375,1.0050389565555289,0.012533714022746636,0.0,0.028726373727105358,1
11.041666666666668,3.9375,1.0036164658004278,0.010700040449295008,0.0,0.02253956612308029,1
11.458333333333334,3.9375,1.0025142157625928,0.009124522696837244,0.0,0.01721058761458773,1
11.875,3.9375,1.0016708740573397,0.0077691184017116156,0.0,0.012713040750029733,1
12.291666666666668,3.9375,1.0010350938177774,0.006602789030230199,0.0,0.008992445870768091,1
12.708333333333334,3.9375,1.0005642388140608,0.0055997705161013964,0.0,0.005977542043788923,1
13.125,3.9375,1.000223135489379,0.004738284791744266,0.0,0.003588547588039892,1
13.541666666666668,3.9375,0.9999829446231202,0.003999616133638348,0.0,0.0017431191066794153,1
13.958333333333334,3.9375,0.9998201780347866,0.0033674665478654817,0.0,0.0003605899403072773,1
14.375,3.9375,0.9997158531989617,0.0028275113131283197,0.0,-0.000635094255914327,1
14.791666666666668,3.9375,0.9996547671310824,0.002367090154488056,0.0,-0.0013134498249793031,1
15.208333333333334,3.9375,0.9996248702099285,0.001974985427111161,0.0,-0.0017363259222846021,1
15.625,3.9375,0.9996167241627885,0.0016412530915560473,0.0,-0.0019574050754955466,1
16.041666666666668,3.9375,0.9996230326742714,0.001357083886934509,0.0,-0.00202219258604011,1
16.458333333333336,3.9375,0.999638236463079,0.0011146806947574437,0.0,-0.0019683710701729174,1
16.875,3.9375,0.999658166824412,0.0009071440459895426,0.0,-0.0018264122204519851,1
17.291666666666668,3.9375,0.9996797527749945,0.0007283616042856966,0.0,-0.001620353487725219,1
17.708333333333336,3.9375,0.9997007774478495,0.0005728996805080171,0.0,-0.0013686656430031484,1
18.125,3.9375,0.9997196798631073,0.00043589989968461154,0.0,-0.0010851455667905993,1
18.541666666666668,3.9375,0.999735395368766,0.0003129154733416696,0.0,-0.0007799387224743937,1
18.958333333333336,3.9375,0.9997472820541384,0.0002007960677794337,0.0,-0.0004582788150027408,1
19.375,3.9375,0.9997545631645068,8.438275715828788e-05,0.0,-0.00014399545255335946,1
19.791666666666668,3.9375,0.9997593676546372,8.141302309629826e-05,0.0,8.842150889133384e-05,1
0.20833333333333334,4.3125,1.000242623390674,-0.000503000316353297,0.0,0.47125152573821294,1
0.625,4.3125,1.003487280579293,-0.03758351921150359,0.0,0.5717008965484999,1
1.0416666666666667,4.3125,1.0095740882928412,-0.04327517456704555,0.0,0.5617096767126163,1
1.4583333333333335,4.3125,1.0160312035681756,-0.04596887304024933,0.0,0.5520148651604428,1
1.875,4.3125,1.023171030987974,-0.04939289482176115,0.0,0.5402130285689402,1
2.291666666666667,4.3125,1.0311547282181892,-0.053879961805586865,0.0,0.5258388107717852,1
2.7083333333333335,4.3125,1.0400370155705407,-0.05939695712686331,0.0,0.5093452257551191,1
3.125,4.3125,1.0497529032066848,-0.06580816362099418,0.0,0.4913173725513945,1
3.541666666666667,4.3125,1.0600766284353447,-0.07306811190164425,0.0,0.4717070325884501,1
3.9583333333333335,4.3125,1.0707390975499491,-0.07869714528076951,0.0,0.45640077772286286,1
4.375,4.3125,1.0805502968797842,-0.10254871594154759,0.0,0.4101074931945982,1
4.791666666666667,4.3125,1.0841937135170086,-0.008611773946512974,0.0,0.20316620058834145,1
5.208333333333334,4.3125,1.0824991872874106,-0.009381033531226933,0.0,0.21805755559268333,1
5.625,4.3125,1.0768454736618558,0.07541814782577885,0.0,0.08240558133881486,1
6.041666666666667,4.3125,1.0675743601172112,0.08002120848833329,0.0,0.10821406486276261,1
6.458333333333334,4.3125,1.0584696234846556,0.07091111007737094,0.0,0.1108803881584592,1
6.875,4.3125,1.0494559250109656,0.06116995100994017,0.0,0.10767631512105967,1
7.291666666666667,4.3125,1.0408859560877013,0.05239474263731016,0.0,0.10182595381900088,1
7.708333333333334,4.3125,1.0330599033012449,0.0446956313263545,0.0,0.09369360484754881,1
8.125,4.3125,1.026151293605693,0.038018476085665664,0.0,0.0837777264128242,1
8.541666666666668,4.3125,1.0202260332443656,0.032274892457583464,0.0,0.07276626462255914,1
8.958333333333334,4.3125,1.0152707808862802,0.027362513723821646,0.0,0.061366599449037926,1
9.375,4.3125,1.011219566554266,0.02317603305564251,0.0,0.050193455389818044,1
9.791666666666668,4.3125,1.0079761132574374,0.019614842474369898,0.0,0.03971689978013997,1
10.208333333333334,4.3125,1.0054309804019563,0.016587585190672462,0.0,0.03025227623593942,1
10.625,4.3125,1.0034736123147063,0.014014184123847239,0.0,0.02197508949978884,1
11.041666666666668,4.3125,1.0019999779529716,0.011826082953789662,0.0,0.014947626995461736,1
11.458333333333334,4.3125,1.0009167627513862,0.009965398908740482,0.0,0.009148365860381756,1
11.875,4.3125,1.0001430999386973,0.00838354625654059,0.0,0.004499008789538967,1
12.291666666666668,4.3125,0.9996107030818746,0.007039720562261511,0.0,0.000886833932122141,1
12.708333333333334,4.3125,0.9992630692452813,0.005899478939906867,0.0,-0.0018181389531746232,1
13.125,4.3125,0.9990542237881788,0.004933530270734661,0.0,-0.0037507028018973023,1
13.541666666666668,4.3125,0.998947308195058,0.00411676646751415,0.0,-0.005041901586933166,1
13.958333333333334,4.3125,0.9989131849034321,0.00342751710601433,0.0,-0.005813481557296473,1
14.375,4.3125,0.9989291472103266,0.0028469870316030974,0.0,-0.006174600657029869,1
14.791666666666668,4.3125,0.9989777701619107,0.0023588312414635,0.0,-0.006220195711833215,1
15.208333333333334,4.3125,0.99904590992768,0.0019488257807198906,0.0,-0.006030546463101883,1
15.625,4.3125,0.9991238455997863,0.0016046020759989663,0.0,-0.00567168228749823,1
16.041666666666668,4.3125,0.9992045519789909,0.0013154215014851219,0.0,-0.005196356288864201,1
16.458333333333336,4.3125,0.9992830904191281,0.00107197507534225,0.0,-0.00464537028624486,1
16.875,4.3125,0.9993561048650814,0.0008661993398718167,0.0,-0.00404908089847741,1
17.291666666666668,4.3125,0.9994214107649295,0.0006911036453514051,0.0,-0.003428957884238533,1
17.708333333333336,4.3125,0.9994776652060302,0.0005406064369108627,0.0,-0.0027991029253671093,1
18.125,4.3125,0.9995241077340496,0.00040938269356750325,0.0,-0.00216765672710207,1
18.541666666666668,4.3125,0.9995603577702641,0.0002926636907496985,0.0,-0.0015382723422328478,1
18.958333333333336,4.3125,0.9995863331700721,0.00018697197305563652,0.0,-0.0009081767557524884,1
19.375,4.3125,0.9996013823847878,7.810955897942726e-05,0.0,-0.00030501222077736195,1
19.791666666666668,4.3125,0.999610665728536,7.500717087070293e-05,0.0,0.00015733224825783366,1
0.20833333333333334,4.6875,1.0007607776350649,-0.0014060612396023676,0.0,0.525353628329599,1
0.625,4.6875,1.004983457810377,-0.04340106191615503,0.0,0.6001099920590247,1
1.0416666666666667,4.6875,1.0118918935550867,-0.04915335097483887,0.0,0.5819255736768388,1
1.4583333333333335,4.6875,1.0191226912463116,-0.05240981830255064,0.0,0.5689580658768192,1
1.875,4.6875,1.027134113024355,-0.056588073837957165,0.0,0.5532288488945072,1
2.291666666666667,4.6875,1.0360523346484647,-0.06189650975835659,0.0,0.5340191588483139,1
2.7083333333333335,4.6875,1.0458464402468675,-0.0681891628300682,0.0,0.5120083047887185,1
3.125,4.6875,1.0563298938733063,-0.07519536505425659,0.0,0.4880353686362514,1
3.541666666666667,4.6875,1.0671287401088205,-0.08269122478595635,0.0,0.4620260584021235,1
3.9583333333333335,4.6875,1.0778922664591892,-0.0883574283146201,0.0,0.4430220470609777,1
4.375,4.6875,1.0867250312279901,-0.10966800059615237,0.0,0.36552927253834994,1
4.791666666666667,4.6875,1.0888685670605205,-0.006700746514803263,0.0,0.1803988642320049,1
5.208333333333334,4.6875,1.0860095914173216,-0.0071939092778865055,0.0,0.2000399221557959,1
5.625,4.6875,1.0797803404129733,0.08392569173903289,0.0,0.09632774677013943,1
6.041666666666667,4.6875,1.0708368935760553,0.08790676891861136,0.0,0.1397385385953153,1
6.458333333333334,4.6875,1.0621192539192665,0.07906568830746971,0.0,0.13890472353347405,1
6.875,4.6875,1.0530454499215485,0.06929412500380996,0.0,0.1306618374418978,1
7.291666666666667,4.6875,1.0440219198359504,0.060104717751623044,0.0,0.12013439330198201,1
7.708333333333334,4.6875,1.0354780330154294,0.05171860185877937,0.0,0.10761324274447133,1
8.125,4.6875,1.0277191254759903,0.04419627106503138,0.0,0.09348457164014876,1
8.541666666666668,4.6875,1.0209251133232713,0.03754444274113305,0.0,0.07843406615702957,1
8.958333333333334,4.6875,1.0151693431252413,0.0317328837411004,0.0,0.06324930728425679,1
9.375,4.6875,1.010442361099485,0.026706039760365938,0.0,0.048661901560842685,1
9.791666666666668,4.6875,1.0066763039346776,0.022393395184605654,0.0,0.035254753146839235,1
10.208333333333334,4.6875,1.0037671700289021,0.018717872565013803,0.0,0.0234241582879526,1
10.625,4.6875,1.0015933108671384,0.015602001273142027,0.0,0.013381433072164035,1
11.041666666666668,4.6875,1.0000294649810155,0.012971998027670914,0.0,0.00517870504472368,1
11.458333333333334,4.6875,0.9989564184118374,0.010760119429139292,0.0,-0.001254081003174321,1
11.875,4.6875,0.9982668638627304,0.008905721362234161,0.0,-0.006070332020571277,1
12.291666666666668,4.6875,0.9978682640371601,0.007355442470626419,0.0,-0.009471927690869814,1
12.708333333333334,4.6875,0.9976835610192714,0.006062860199702685,0.0,-0.011681076887283998,1
13.125,4.6875,0.9976504838329106,0.0049878793893034035,0.0,-0.012919580846721923,1
13.541666666666668,4.6875,0.9977200553309056,0.004096027034007887,0.0,-0.01339491252520634,1
13.958333333333334,4.6875,0.9978547359019017,0.0033577549885317353,0.0,-0.013291928846284473,1
14.375,4.6875,0.9980264949115223,0.002747799964966319,0.0,-0.012768883856034575,1
14.791666666666668,4.6875,0.9982149848238113,0.0022446167306315384,0.0,-0.0119565091786886,1
15.208333333333334,4.6875,0.9984059096110218,0.0018298821941014987,0.0,-0.010959134205934081,1
15.625,4.6875,0.9985896240267453,0.0014880605833979686,0.0,-0.00985704432918269,1
16.041666666666668,4.6875,0.9987599668571505,0.0012060187049192516,0.0,-0.008709482302207408,1
16.458333333333336,4.6875,0.9989133127177674,0.0009726820015867274,0.0,-0.007557869406718954,1
16.875,4.6875,0.9990478179875777,0.0007787246698054168,0.0,-0.006428959234264388,1
17.291666666666668,4.6875,0.9991628332766989,0.0006162892455851093,0.0,-0.005337742620956625,1
17.708333333333336,4.6875,0.9992584549449107,0.0004787323387172033,0.0,-0.004290004111769633,1
18.125,4.6875,0.9993351905421448,0.0003603964789063063,0.0,-0.003284475562683158,1
18.541666666666668,4.6875,0.9993937102421837,0.0002563571424621686,0.0,-0.0023148575546192663,1
18.958333333333336,4.6875,0.9994347583465928,0.00016295736717272037,0.0,-0.0013673147909650486,1
19.375,4.6875,0.9994580013834639,6.766113861034589e-05,0.0,-0.0004695259203878512,1
19.791666666666668,4.6875,0.9994719150921036,6.457824435558061e-05,0.0,0.00022824925736549293,1
0.20833333333333334,5.0625,1.002338996962969,-0.0041958583781614225,0.0,0.6821607116785681,1
0.625,5.0625,1.0085835553818439,-0.0500317795126029,0.0,0.6403323489160557,1
1.0416666666666667,5.0625,1.0162706666800616,-0.05565862571698335,0.0,0.6103114449813919,1
1.4583333333333335,5.0625,1.0242351874390243,-0.05958033016571358,0.0,0.5921900615492321,1
1.875,5.0625,1.0330853260133823,-0.0645929662923488,0.0,0.5703866994710693,1
2.291666666666667,5.0625,1.042871848161452,-0.07072588669919302,0.0,0.544141331101697,1
2.7083333333333335,5.0625,1.053440546496518,-0.0776863094296148,0.0,0.5145500544524504,1
3.125,5.0625,1.0644571906704163,-0.08504830647552135,0.0,0.4828676570111846,1
3.541666666666667,5.0625,1.0753952990830722,-0.09240154254809395,0.0,0.44915949645887093,1
3.9583333333333335,5.0625,1.085839917659255,-0.09773444098615579,0.0,0.42548035960301,1
4.375,5.0625,1.0931645626941084,-0.11483265674795176,0.0,0.3134515850134498,1
4.791666666666667,5.0625,1.0933664480914693,-0.003646969469997893,0.0,0.15589750597392635,1
5.208333333333334,5.0625,1.0891000217933466,-0.0038348245758526196,0.0,0.18048260982646225,1
5.625,5.0625,1.0822555780021683,0.09233293235229657,0.0,0.11420798927052311,1
6.041666666666667,5.0625,1.073856031085838,0.09510822268318792,0.0,0.17802644891400182,1
6.458333333333334,5.0625,1.0658238406442875,0.0869390816316204,0.0,0.17349378281557945,1
6.875,5.0625,1.0569489211847007,0.07757458279129012,0.0,0.15992119109344471,1
7.291666666666667,5.0625,1.047649104628974,0.06831527194167272,0.0,0.14420948524008373,1
7.708333333333334,5.0625,1.0384605780035554,0.05946721977035013,0.0,0.1265761476282637,1
8.125,5.0625,1.0298216730187517,0.05120568442515416,0.0,0.10731265063904778,1
8.541666666666668,5.0625,1.0220458513237924,0.04364787984381751,0.0,0.08713791926166456,1
8.958333333333334,5.0625,1.0153231510848695,0.03686007003175199,0.0,0.06698045225517923,1
9.375,5.0625,1.0097332065362186,0.030864087386710246,0.0,0.04777052304230136,1
9.791666666666668,5.0625,1.005265402622454,0.025645822529006955,0.0,0.03029383068265557,1
10.208333333333334,5.0625,1.0018423637518725,0.021164400719028413,0.0,0.015109949454010186,1
10.625,5.0625,0.9993434404530781,0.017360977333187498,0.0,0.002527298024562381,1
11.041666666666668,5.0625,0.9976256943991577,0.01416645471352639,0.0,-0.007379619931382072,1
11.458333333333334,5.0625,0.9965408684646692,0.011507747996868895,0.0,-0.014726772318548796,1
11.875,5.0625,0.9959477561724457,0.009312492952048357,0.0,-0.01976562246005589,1
12.291666666666668,5.0625,0.9957201190958962,0.0075122840924412276,0.0,-0.022827975163369808,1
12.708333333333334,5.0625,0.9957507834361653,0.006044653387247937,0.0,-0.02427802885818143,1
13.125,5.0625,0.9959527838554785,0.004854055291527058,0.0,-0.02447532708437887,1
13.541666666666668,5.0625,0.9962584610685021,0.003892127291476976,0.0,-0.023749425805792916,1
13.958333333333334,5.0625,0.9966173248699496,0.003117464795950141,0.0,-0.02238519970110659,1
14.375,5.0625,0.9969933301383975,0.0024951023076209503,0.0,-0.020616719880681336,1
14.791666666666668,5.0625,0.9973620307774953,0.0019958428918871443,0.0,-0.01862733850409945,1
15.208333333333334,5.0625,0.9977079090363103,0.0015955332916845508,0.0,-0.016553766507688333,1
15.625,5.0625,0.9980220423218309,0.001274346555192085,0.0,-0.014492317932116383,1
16.041666666666668,5.0625,0.9983001712112947,0.0010161081852226252,0.0,-0.01250595617145639,1
16.458333333333336,5.0625,0.9985411679020003,0.0008076842250852445,0.0,-0.010631218541053693,1
16.875,5.0625,0.9987458671223699,0.0006384384055890702,0.0,-0.008884462994043657,1
17.291666666666668,5.0625,0.9989162040919197,0.0004997584774491521,0.0,-0.007267160057267293,1
17.708333333333336,5.0625,0.9990545997111415,0.0003846475486064674,0.0,-0.005770149096120758,1
18.125,5.0625,0.999163536926079,0.0002873757380849331,0.0,-0.004376885730874123,1
18.541666666666668,5.0625,0.999245272767893,0.00020314789486880984,0.0,-0.003066105618451459,1
18.958333333333336,5.0625,0.9993017551508296,0.00012838917522580928,0.0,-0.0018088411412564194,1
19.375,5.0625,0.9993332428459364,5.297167111483424e-05,0.0,-0.0006276436930017525,1
19.791666666666668,5.0625,0.99935169070033,5.014230481434596e-05,0.0,0.0002971349142482367,1
0.20833333333333334,5.4375,1.0064600511362265,-0.012115001667564032,0.0,1.1547323850538123,1
0.625,5.4375,1.0161218217293855,-0.05642833233408995,0.0,0.7325131142817902,1
1.0416666666666667,5.4375,1.022307988833382,-0.06174802345736803,0.0,0.6849596183439663,1
1.4583333333333335,5.4375,1.0287737078537775,-0.06647814822652054,0.0,0.6585190618709518,1
1.875,5.4375,1.0362886714645616,-0.07242374019816292,0.0,0.6265876879274384,1
2.291666666666667,5.4375,1.0448493064946107,-0.07940755425376836,0.0,0.5878370984594902,1
2.7083333333333335,5.4375,1.0542704086099288,-0.08699546228055172,0.0,0.542923371337517,1
3.125,5.4375,1.064251279141125,-0.09463691685945083,0.0,0.4924741189955698,1
3.541666666666667,5.4375,1.0743936137566636,-0.10178533088965944,0.0,0.4356725117024011,1
3.9583333333333335,5.4375,1.0845741616089293,-0.10691330243003301,0.0,0.3861200059531324,1
4.375,5.4375,1.0918353031894918,-0.11878100325750521,0.0,0.21002562500417624,1
4.791666666666667,5.4375,1.0929699007474292,-0.0009014576198188604,0.0,0.06594131055044115,1
5.208333333333334,5.4375,1.090946561648947,-0.0009195475689482435,0.0,0.09300163636338991,1
5.625,5.4375,1.0871455972560948,0.09899852271082486,0.0,0.07884082936227584,1
6.041666666666667,5.4375,1.0822609665380711,0.10039839219542662,0.0,0.18786903064062846,1
6.458333333333334,5.4375,1.0767968328704594,0.09379560381781618,0.0,0.19852336333582277,1
6.875,5.4375,1.0690274237565496,0.08569795632165456,0.0,0.19415443741914443,1
7.291666666666667,5.4375,1.0595809778965881,0.07706353458554642,0.0,0.18315608956866655,1
7.708333333333334,5.4375,1.0492931733462443,0.06824765518480452,0.0,0.16612382632524128,1
8.125,5.4375,1.0389201434638897,0.059535990391119384,0.0,0.14394291769565318,1
8.541666666666668,5.4375,1.0290772028101234,0.05117445999115082,0.0,0.1181623768009375,1
8.958333333333334,5.4375,1.0202150024366436,0.043359900435300656,0.0,0.09066901852164226,1
9.375,5.4375,1.012616297244107,0.0362340417502134,0.0,0.06335680785164736,1
9.791666666666668,5.4375,1.0064094118807225,0.029883088515148107,0.0,0.037871938035339274,1
10.208333333333334,5.4375,1.0015936578193365,0.02434204837165768,0.0,0.015453421188838525,1
10.625,5.4375,0.9980712956163764,0.01960248663183881,0.0,-0.003131865767573668,1
11.041666666666668,5.4375,0.9956809392230476,0.01562223761701946,0.0,-0.017575090812178853,1
11.458333333333334,5.4375,0.9942283117295228,0.0123356731783814,0.0,-0.027955755147163246,1
11.875,5.4375,0.993511636654032,0.009663376401485246,0.0,-0.03464167038234186,1
12.291666666666668,5.4375,0.9933403629657389,0.0075204203310265325,0.0,-0.038181102360187014,1
12.708333333333334,5.4375,0.9935471331411954,0.005822826084455028,0.0,-0.03920393143000358,1
13.125,5.4375,0.9939937743955267,0.004492105087871645,0.0,-0.03834211262010869,1
13.541666666666668,5.4375,0.9945725875188272,0.003458036192406259,0.0,-0.03617364324816473,1
13.958333333333334,5.4375,0.9952043663453183,0.002659977529956783,0.0,-0.03318952789152271,1
14.375,5.4375,0.9958344894216469,0.002047074063165737,0.0,-0.029780195795357133,1
14.791666666666668,5.4375,0.9964281833327593,0.0015777160411640265,0.0,-0.026236389445866953,1
15.208333333333334,5.4375,0.9969657543219345,0.0012185558193183812,0.0,-0.02275936635398452,1
15.625,5.4375,0.9974382887055563,0.0009433231259215856,0.0,-0.019475904769916206,1
16.041666666666668,5.4375,0.9978440741433456,0.0007316087205529214,0.0,-0.016454663149604535,1
16.458333333333336,5.4375,0.9981858105112149,0.0005677239371479025,0.0,-0.01372158604572594,1
16.875,5.4375,0.9984685610373585,0.000439693921925649,0.0,-0.01127306389744316,1
17.291666666666668,5.4375,0.9986983312959028,0.00033840645596941893,0.0,-0.009086336248491042,1
17.708333333333336,5.4375,0.9988811411357614,0.0002569146564707071,0.0,-0.007127155510665108,1
18.125,5.4375,0.9990224586583322,0.00018987936604852892,0.0,-0.005355011215344683,1
18.541666666666668,5.4375,0.9991268755153966,0.0001331068368718594,0.0,-0.0037267040978012514,1
18.958333333333336,5.4375,0.9991980536768448,8.35357415491249e-05,0.0,-0.002192964873682205,1
19.375,5.4375,0.9992372105639682,3.4244979271418905e-05,0.0,-0.0007648033331566404,1
19.791666666666668,5.4375,0.9992597060370088,3.202000117136081e-05,0.0,0.00035737678966994647,1
0.20833333333333334,5.8125,0.990039417949963,-0.008964523845062404,0.0,2.499410961813173,1
0.625,5.8125,0.9471289026525345,-0.029654939922661227,0.0,2.0107738884333726,1
1.0416666666666667,5.8125,0.8783822881054665,-0.032217013169803174,0.0,2.033950558944448,1
1.4583333333333335,5.8125,0.8039126665488555,-0.03480564623115305,0.0,2.1162292423566376,1
1.875,5.8125,0.7229874689519558,-0.03802703160595294,0.0,2.2160291784964623,1
2.291666666666667,5.8125,0.6343564322968352,-0.04174090138348007,0.0,2.322868511663049,1
2.7083333333333335,5.8125,0.5371997609420296,-0.04570010283559528,0.0,2.426484812311377,1
3.125,5.8125,0.43130244837621345,-0.04960747847345103,0.0,2.515643955093489,1
3.541666666666667,5.8125,0.317107810096667,-0.053167695977974064,0.0,2.5779163759742523,1
3.9583333333333335,5.8125,0.19607385099310376,-0.055762867215339997,0.0,2.617396728638562,1
4.375,5.8125,0.06705755482146067,-0.060351799339493584,0.0,2.474672835866962,1
4.791666666666667,5.8125,0.0,0.0,0.0,0.0,0
5.208333333333334,5.8125,0.0,0.0,0.0,0.0,0
5.625,5.8125,0.05638880171955483,0.0507499215477499,0.0,-1.8816239147449227,1
6.041666666666667,5.8125,0.16960718091514848,0.05114661972846052,0.0,-1.7446327285126861,1
6.458333333333334,5.8125,0.28022480108957143,0.04840923842855948,0.0,-1.6815873617138957,1
6.875,5.8125,0.3838281501684348,0.04483377574249951,0.0,-1.5979143073216204,1
7.291666666666667,5.8125,0.4789744236024863,0.04079787034805243,0.0,-1.4897791345525644,1
7.708333333333334,5.8125,0.5648467646391555,0.03648723658484875,0.0,-1.3632767837934512,1
8.125,5.8125,0.6410241937893459,0.03207244965024115,0.0,-1.225321331213356,1
8.541666666666668,5.8125,0.7074514698841229,0.027712098834899997,0.0,-1.0824891286604048,1
8.958333333333334,5.8125,0.764401659196112,0.023543071546289943,0.0,-0.940620479374062,1
9.375,5.8125,0.8124198685614548,0.019673316883062543,0.0,-0.8045579960769055,1
9.791666666666668,5.8125,0.8522550502791465,0.016178346663154944,0.0,-0.6779969232331043,1
10.208333333333334,5.8125,0.8847880033579076,0.013101311107932698,0.0,-0.5634484816693572,1
10.625,5.8125,0.9109628150167733,0.01045601938508441,0.0,-0.4623047032954773,1
11.041666666666668,5.8125,0.9317272844628388,0.008232003116186687,0.0,-0.37498206683283697,1
11.458333333333334,5.8125,0.9479857708737058,0.006400634653397111,0.0,-0.3011149740779918,1
11.875,5.8125,0.9605658026221198,0.004921393920360246,0.0,-0.23976921784859687,1
12.291666666666668,5.8125,0.970197993205836,0.0037475776054399145,0.0,-0.18964935221463908,1
12.708333333333334,5.8125,0.977507522792685,0.002830999023268925,0.0,-0.14928069557133447,1
13.125,5.8125,0.9830147194832609,0.002125477998482852,0.0,-0.11715468987132698,1
13.541666666666668,5.8125,0.987142058077505,0.0015891267362499232,0.0,-0.09183383336202353,1
13.958333333333334,5.8125,0.9902250651771788,0.0011855796531620134,0.0,-0.0720182811336634,1
14.375,5.8125,0.9925250323020387,0.0008843907590429724,0.0,-0.056579991198272325,1
14.791666666666668,5.8125,0.9942419576260656,0.0006608420330408526,0.0,-0.04457204908146024,1
15.208333333333334,5.8125,0.9955266564977437,0.0004953869519770145,0.0,-0.03522094571928832,1
15.625,5.8125,0.9964914331640327,0.0003729120479748207,0.0,-0.0279086611251515,1
16.041666666666668,5.8125,0.9972190581376036,0.0002819504283712896,0.0,-0.022149951041963805,1
16.458333333333336,5.8125,0.997770041430593,0.0002139345349697089,0.0,-0.017568661350392464,1
16.875,5.8125,0.9981883427562852,0.00016253665776059959,0.0,-0.013875472857454451,1
17.291666666666668,5.8125,0.9985057356145588,0.0001231169147373091,0.0,-0.010848343902970167,1
17.708333333333336,5.8125,0.998745064645324,9.227921321513125e-05,0.0,-0.008316102983294216,1
18.125,5.8125,0.9989226247849516,6.752491270147103e-05,0.0,-0.006145096373823736,1
18.541666666666668,5.8125,0.9990498531352998,4.6980602795462696e-05,0.0,-0.004228872874466424,1
18.958333333333336,5.8125,0.9991346210415004,2.9310513248306027e-05,0.0,-0.00247433156618337,1
19.375,5.8125,0.9991804763309506,1.1959247541932727e-05,0.0,-0.0008646139639222979,1
19.791666666666668,5.8125,0.9992060424721225,1.1050279545718612e-05,0.0,0.0003939113583364064,1
0.20833333333333334,6.1875,0.990039417949963,0.008964523845062404,0.0,2.499410961813173,1
0.625,6.1875,0.9471289026525345,0.029654939922661227,0.0,2.0107738884333726,1
1.0416666666666667,6.1875,0.8783822881054665,0.032217013169803174,0.0,2.033950558944448,1
1.4583333333333335,6.1875,0.8039126665488555,0.03480564623115305,0.0,2.1162292423566376,1
1.875,6.1875,0.7229874689519558,0.03802703160595294,0.0,2.2160291784964623,1
2.291666666666667,6.1875,0.6343564322968352,0.04174090138348007,0.0,2.322868511663049,1
2.7083333333333335,6.1875,0.5371997609420296,0.04570010283559528,0.0,2.426484812311377,1
3.125,6.1875,0.43130244837621345,0.04960747847345103,0.0,2.515643955093489,1
3.541666666666667,6.1875,0.317107810096667,0.053167695977974064,0.0,2.5779163759742523,1
3.9583333333333335,6.1875,0.19607385099310376,0.055762867215339997,0.0,2.617396728638562,1
4.375,6.1875,0.06705755482146067,0.060351799339493584,0.0,2.474672835866962,1
4.791666666666667,6.1875,0.0,0.0,0.0,0.0,0
5.208333333333334,6.1875,0.0,0.0,0.0,0.0,0
5.625,6.1875,0.05638880171955483,-0.0507499215477499,0.0,-1.8816239147449227,1
6.041666666666667,6.1875,0.16960718091514848,-0.05114661972846052,0.0,-1.7446327285126861,1
6.458333333333334,6.1875,0.28022480108957143,-0.04840923842855948,0.0,-1.6815873617138957,1
6.875,6.1875,0.3838281501684348,-0.04483377574249951,0.0,-1.5979143073216204,1
7.291666666666667,6.1875,0.4789744236024863,-0.04079787034805243,0.0,-1.4897791345525644,1
7.708333333333334,6.1875,0.5648467646391555,-0.03648723658484875,0.0,-1.3632767837934512,1
8.125,6.1875,0.6410241937893459,-0.03207244965024115,0.0,-1.225321331213356,1
8.541666666666668,6.1875,0.7074514698841229,-0.027712098834899997,0.0,-1.0824891286604048,1
8.958333333333334,6.1875,0.764401659196112,-0.023543071546289943,0.0,-0.940620479374062,1
9.375,6.1875,0.8124198685614548,-0.019673316883062543,0.0,-0.8045579960769055,1
9.791666666666668,6.1875,0.8522550502791465,-0.016178346663154944,0.0,-0.6779969232331043,1
10.208333333333334,6.1875,0.8847880033579076,-0.013101311107932698,0.0,-0.5634484816693572,1
10.625,6.1875,0.9109628150167733,-0.01045601938508441,0.0,-0.4623047032954773,1
11.041666666666668,6.1875,0.9317272844628388,-0.008232003116186687,0.0,-0.37498206683283697,1
11.458333333333334,6.1875,0.9479857708737058,-0.006400634653397111,0.0,-0.3011149740779918,1
11.875,6.1875,0.9605658026221198,-0.004921393920360246,0.0,-0.23976921784859687,1
12.291666666666668,6.1875,0.970197993205836,-0.0037475776054399145,0.0,-0.18964935221463908,1
12.708333333333334,6.1875,0.977507522792685,-0.002830999023268925,0.0,-0.14928069557133447,1
13.125,6.1875,0.9830147194832609,-0.002125477998482852,0.0,-0.11715468987132698,1
13.541666666666668,6.1875,0.987142058077505,-0.0015891267362499232,0.0,-0.09183383336202353,1
13.958333333333334,6.1875,0.9902250651771788,-0.0011855796531620134,0.0,-0.0720182811336634,1
14.375,6.1875,0.9925250323020387,-0.0008843907590429724,0.0,-0.056579991198272325,1
14.791666666666668,6.1875,0.9942419576260656,-0.0006608420330408526,0.0,-0.04457204908146024,1
15.208333333333334,6.1875,0.9955266564977437,-0.0004953869519770145,0.0,-0.03522094571928832,1
15.625,6.1875,0.9964914331640327,-0.0003729120479748207,0.0,-0.0279086611251515,1
16.041666666666668,6.1875,0.9972190581376036,-0.0002819504283712896,0.0,-0.022149951041963805,1
16.458333333333336,6.1875,0.997770041430593,-0.0002139345349697089,0.0,-0.017568661350392464,1
16.875,6.1875,0.9981883427562852,-0.00016253665776059959,0.0,-0.013875472857454451,1
17.291666666666668,6.1875,0.9985057356145588,-0.0001231169147373091,0.0,-0.010848343902970167,1
17.708333333333336,6.1875,0.998745064645324,-9.227921321513125e-05,0.0,-0.008316102983294216,1
18.125,6.1875,0.9989226247849516,-6.752491270147103e-05,0.0,-0.006145096373823736,1
18.541666666666668,6.1875,0.9990498531352998,-4.6980602795462696e-05,0.0,-0.004228872874466424,1
18.958333333333336,6.1875,0.9991346210415004,-2.9310513248306027e-05,0.0,-0.00247433156618337,1
19.375,6.1875,0.9991804763309506,-1.1959247541932727e-05,0.0,-0.0008646139639222979,1
19.791666666666668,6.1875,0.9992060424721225,-1.1050279545718612e-05,0.0,0.0003939113583364064,1
0.20833333333333334,6.5625,1.0064600511362265,0.012115001667564032,0.0,1.1547323850538123,1
0.625,6.5625,1.0161218217293855,0.05642833233408995,0.0,0.7325131142817902,1
1.0416666666666667,6.5625,1.022307988833382,0.06174802345736803,0.0,0.6849596183439663,1
1.4583333333333335,6.5625,1.0287737078537775,0.06647814822652054,0.0,0.6585190618709518,1
1.875,6.5625,1.0362886714645616,0.07242374019816292,0.0,0.6265876879274384,1
2.291666666666667,6.5625,1.0448493064946107,0.07940755425376836,0.0,0.5878370984594902,1
2.7083333333333335,6.5625,1.0542704086099288,0.08699546228055172,0.0,0.542923371337517,1
3.125,6.5625,1.064251279141125,0.09463691685945083,0.0,0.4924741189955698,1
3.541666666666667,6.5625,1.0743936137566636,0.10178533088965944,0.0,0.4356725117024011,1
3.9583333333333335,6.5625,1.0845741616089293,0.10691330243003301,0.0,0.3861200059531324,1
4.375,6.5625,1.0918353031894918,0.11878100325750521,0.0,0.21002562500417624,1
4.791666666666667,6.5625,1.0929699007474292,0.0009014576198188604,0.0,0.06594131055044115,1
5.208333333333334,6.5625,1.090946561648947,0.0009195475689482435,0.0,0.09300163636338991,1
5.625,6.5625,1.0871455972560948,-0.09899852271082486,0.0,0.07884082936227584,1
6.041666666666667,6.5625,1.0822609665380711,-0.10039839219542662,0.0,0.18786903064062846,1
6.458333333333334,6.5625,1.0767968328704594,-0.09379560381781618,0.0,0.19852336333582277,1
6.875,6.5625,1.0690274237565496,-0.08569795632165456,0.0,0.19415443741914443,1
7.291666666666667,6.5625,1.0595809778965881,-0.07706353458554642,0.0,0.18315608956866655,1
7.708333333333334,6.5625,1.0492931733462443,-0.06824765518480452,0.0,0.16612382632524128,1
8.125,6.5625,1.0389201434638897,-0.059535990391119384,0.0,0.14394291769565318,1
8.541666666666668,6.5625,1.0290772028101234,-0.05117445999115082,0.0,0.1181623768009375,1
8.958333333333334,6.5625,1.0202150024366436,-0.043359900435300656,0.0,0.09066901852164226,1
9.375,6.5625,1.012616297244107,-0.0362340417502134,0.0,0.06335680785164736,1
9.791666666666668,6.5625,1.0064094118807225,-0.029883088515148107,0.0,0.037871938035339274,1
10.208333333333334,6.5625,1.0015936578193365,-0.02434204837165768,0.0,0.015453421188838525,1
10.625,6.5625,0.9980712956163764,-0.01960248663183881,0.0,-0.003131865767573668,1
11.041666666666668,6.5625,0.9956809392230476,-0.01562223761701946,0.0,-0.017575090812178853,1
11.458333333333334,6.5625,0.9942283117295228,-0.0123356731783814,0.0,-0.027955755147163246,1
11.875,6.5625,0.993511636654032,-0.009663376401485246,0.0,-0.03464167038234186,1
12.291666666666668,6.5625,0.9933403629657389,-0.0075204203310265325,0.0,-0.038181102360187014,1
12.708333333333334,6.5625,0.9935471331411954,-0.005822826084455028,0.0,-0.03920393143000358,1
13.125,6.5625,0.9939937743955267,-0.004492105087871645,0.0,-0.03834211262010869,1
13.541666666666668,6.5625,0.9945725875188272,-0.003458036192406259,0.0,-0.03617364324816473,1
13.958333333333334,6.5625,0.9952043663453183,-0.002659977529956783,0.0,-0.03318952789152271,1
14.375,6.5625,0.9958344894216469,-0.002047074063165737,0.0,-0.029780195795357133,1
14.791666666666668,6.5625,0.9964281833327593,-0.0015777160411640265,0.0,-0.026236389445866953,1
15.208333333333334,6.5625,0.9969657543219345,-0.0012185558193183812,0.0,-0.02275936635398452,1
15.625,6.5625,0.9974382887055563,-0.0009433231259215856,0.0,-0.019475904769916206,1
16.041666666666668,6.5625,0.9978440741433456,-0.0007316087205529214,0.0,-0.016454663149604535,1
16.458333333333336,6.5625,0.9981858105112149,-0.0005677239371479025,0.0,-0.01372158604572594,1
16.875,6.5625,0.9984685610373585,-0.000439693921925649,0.0,-0.01127306389744316,1
17.291666666666668,6.5625,0.9986983312959028,-0.00033840645596941893,0.0,-0.009086336248491042,1
17.708333333333336,6.5625,0.9988811411357614,-0.0002569146564707071,0.0,-0.007127155510665108,1
18.125,6.5625,0.9990224586583322,-0.00018987936604852892,0.0,-0.005355011215344683,1
18.541666666666668,6.5625,0.9991268755153966,-0.0001331068368718594,0.0,-0.0037267040978012514,1
18.958333333333336,6.5625,0.9991980536768448,-8.35357415491249e-05,0.0,-0.002192964873682205,1
19.375,6.5625,0.9992372105639682,-3.4244979271418905e-05,0.0,-0.0007648033331566404,1
19.791666666666668,6.5625,0.9992597060370088,-3.202000117136081e-05,0.0,0.00035737678966994647,1
0.20833333333333334,6.9375,1.002338996962969,0.0041958583781614225,0.0,0.6821607116785681,1
0.625,6.9375,1.0085835553818439,0.0500317795126029,0.0,0.6403323489160557,1
1.0416666666666667,6.9375,1.0162706666800616,0.05565862571698335,0.0,0.6103114449813919,1
1.4583333333333335,6.9375,1.0242351874390243,0.05958033016571358,0.0,0.5921900615492321,1
1.875,6.9375,1.0330853260133823,0.0645929662923488,0.0,0.5703866994710693,1
2.291666666666667,6.9375,1.042871848161452,0.07072588669919302,0.0,0.544141331101697,1
2.7083333333333335,6.9375,1.053440546496518,0.0776863094296148,0.0,0.5145500544524504,1
3.125,6.9375,1.0644571906704163,0.08504830647552135,0.0,0.4828676570111846,1
3.541666666666667,6.9375,1.0753952990830722,0.09240154254809395,0.0,0.44915949645887093,1
3.9583333333333335,6.9375,1.085839917659255,0.09773444098615579,0.0,0.42548035960301,1
4.375,6.9375,1.0931645626941084,0.11483265674795176,0.0,0.3134515850134498,1
4.791666666666667,6.9375,1.0933664480914693,0.003646969469997893,0.0,0.15589750597392635,1
5.208333333333334,6.9375,1.0891000217933466,0.0038348245758526196,0.0,0.18048260982646225,1
5.625,6.9375,1.0822555780021683,-0.09233293235229657,0.0,0.11420798927052311,1
6.041666666666667,6.9375,1.073856031085838,-0.09510822268318792,0.0,0.17802644891400182,1
6.458333333333334,6.9375,1.0658238406442875,-0.0869390816316204,0.0,0.17349378281557945,1
6.875,6.9375,1.0569489211847007,-0.07757458279129012,0.0,0.15992119109344471,1
7.291666666666667,6.9375,1.047649104628974,-0.06831527194167272,0.0,0.14420948524008373,1
7.708333333333334,6.9375,1.0384605780035554,-0.05946721977035013,0.0,0.1265761476282637,1
8.125,6.9375,1.0298216730187517,-0.05120568442515416,0.0,0.10731265063904778,1
8.541666666666668,6.9375,1.0220458513237924,-0.04364787984381751,0.0,0.08713791926166456,1
8.958333333333334,6.9375,1.0153231510848695,-0.03686007003175199,0.0,0.06698045225517923,1
9.375,6.9375,1.0097332065362186,-0.030864087386710246,0.0,0.04777052304230136,1
9.791666666666668,6.9375,1.005265402622454,-0.025645822529006955,0.0,0.03029383068265557,1
10.208333333333334,6.9375,1.0018423637518725,-0.021164400719028413,0.0,0.015109949454010186,1
10.625,6.9375,0.9993434404530781,-0.017360977333187498,0.0,0.002527298024562381,1
11.041666666666668,6.9375,0.9976256943991577,-0.01416645471352639,0.0,-0.007379619931382072,1
11.458333333333334,6.9375,0.9965408684646692,-0.011507747996868895,0.0,-0.014726772318548796,1
11.875,6.9375,0.9959477561724457,-0.009312492952048357,0.0,-0.01976562246005589,1
12.291666666666668,6.9375,0.9957201190958962,-0.0075122840924412276,0.0,-0.022827975163369808,1
12.708333333333334,6.9375,0.9957507834361653,-0.006044653387247937,0.0,-0.02427802885818143,1
13.125,6.9375,0.9959527838554785,-0.004854055291527058,0.0,-0.02447532708437887,1
13.541666666666668,6.9375,0.9962584610685021,-0.003892127291476976,0.0,-0.023749425805792916,1
13.958333333333334,6.9375,0.9966173248699496,-0.003117464795950141,0.0,-0.02238519970110659,1
14.375,6.9375,0.9969933301383975,-0.0024951023076209503,0.0,-0.020616719880681336,1
14.791666666666668,6.9375,0.9973620307774953,-0.0019958428918871443,0.0,-0.01862733850409945,1
15.208333333333334,6.9375,0.9977079090363103,-0.0015955332916845508,0.0,-0.016553766507688333,1
15.625,6.9375,0.9980220423218309,-0.001274346555192085,0.0,-0.014492317932116383,1
16.041666666666668,6.9375,0.9983001712112947,-0.0010161081852226252,0.0,-0.01250595617145639,1
16.458333333333336,6.9375,0.9985411679020003,-0.0008076842250852445,0.0,-0.010631218541053693,1
16.875,6.9375,0.9987458671223699,-0.0006384384055890702,0.0,-0.008884462994043657,1
17.291666666666668,6.9375,0.9989162040919197,-0.0004997584774491521,0.0,-0.007267160057267293,1
17.708333333333336,6.9375,0.9990545997111415,-0.0003846475486064674,0.0,-0.005770149096120758,1
18.125,6.9375,0.999163536926079,-0.0002873757380849331,0.0,-0.004376885730874123,1
18.541666666666668,6.9375,0.999245272767893,-0.00020314789486880984,0.0,-0.003066105618451459,1
18.958333333333336,6.9375,0.9993017551508296,-0.00012838917522580928,0.0,-0.0018088411412564194,1
19.375,6.9375,0.9993332428459364,-5.297167111483424e-05,0.0,-0.0006276436930017525,1
19.791666666666668,6.9375,0.99935169070033,-5.014230481434596e-05,0.0,0.0002971349142482367,1
0.20833333333333334,7.3125,1.0007607776350649,0.0014060612396023676,0.0,0.525353628329599,1
0.625,7.3125,1.004983457810377,0.04340106191615503,0.0,0.6001099920590247,1
1.0416666666666667,7.3125,1.0118918935550867,0.04915335097483887,0.0,0.5819255736768388,1
1.4583333333333335,7.3125,1.0191226912463116,0.05240981830255064,0.0,0.5689580658768192,1
1.875,7.3125,1.027134113024355,0.056588073837957165,0.0,0.5532288488945072,1
2.291666666666667,7.3125,1.0360523346484647,0.06189650975835659,0.0,0.5340191588483139,1
2.7083333333333335,7.3125,1.0458464402468675,0.0681891628300682,0.0,0.5120083047887185,1
3.125,7.3125,1.0563298938733063,0.07519536505425659,0.0,0.4880353686362514,1
3.541666666666667,7.3125,1.0671287401088205,0.08269122478595635,0.0,0.4620260584021235,1
3.9583333333333335,7.3125,1.0778922664591892,0.0883574283146201,0.0,0.4430220470609777,1
4.375,7.3125,1.0867250312279901,0.10966800059615237,0.0,0.36552927253834994,1
4.791666666666667,7.3125,1.0888685670605205,0.006700746514803263,0.0,0.1803988642320049,1
5.208333333333334,7.3125,1.0860095914173216,0.0071939092778865055,0.0,0.2000399221557959,1
5.625,7.3125,1.0797803404129733,-0.08392569173903289,0.0,0.09632774677013943,1
6.041666666666667,7.3125,1.0708368935760553,-0.08790676891861136,0.0,0.1397385385953153,1
6.458333333333334,7.3125,1.0621192539192665,-0.07906568830746971,0.0,0.13890472353347405,1
6.875,7.3125,1.0530454499215485,-0.06929412500380996,0.0,0.1306618374418978,1
7.291666666666667,7.3125,1.0440219198359504,-0.060104717751623044,0.0,0.12013439330198201,1
7.708333333333334,7.3125,1.0354780330154294,-0.05171860185877937,0.0,0.10761324274447133,1
8.125,7.3125,1.0277191254759903,-0.04419627106503138,0.0,0.09348457164014876,1
8.541666666666668,7.3125,1.0209251133232713,-0.03754444274113305,0.0,0.07843406615702957,1
8.958333333333334,7.3125,1.0151693431252413,-0.0317328837411004,0.0,0.06324930728425679,1
9.375,7.3125,1.010442361099485,-0.026706039760365938,0.0,0.048661901560842685,1
9.791666666666668,7.3125,1.0066763039346776,-0.022393395184605654,0.0,0.035254753146839235,1
10.208333333333334,7.3125,1.0037671700289021,-0.018717872565013803,0.0,0.0234241582879526,1
10.625,7.3125,1.0015933108671384,-0.015602001273142027,0.0,0.013381433072164035,1
11.041666666666668,7.3125,1.0000294649810155,-0.012971998027670914,0.0,0.00517870504472368,1
11.458333333333334,7.3125,0.9989564184118374,-0.010760119429139292,0.0,-0.001254081003174321,1
11.875,7.3125,0.9982668638627304,-0.008905721362234161,0.0,-0.006070332020571277,1
12.291666666666668,7.3125,0.9978682640371601,-0.007355442470626419,0.0,-0.009471927690869814,1
12.708333333333334,7.3125,0.9976835610192714,-0.006062860199702685,0.0,-0.011681076887283998,1
13.125,7.3125,0.9976504838329106,-0.0049878793893034035,0.0,-0.012919580846721923,1
13.541666666666668,7.3125,0.9977200553309056,-0.004096027034007887,0.0,-0.01339491252520634,1
13.958333333333334,7.3125,0.9978547359019017,-0.0033577549885317353,0.0,-0.013291928846284473,1
14.375,7.3125,0.9980264949115223,-0.002747799964966319,0.0,-0.012768883856034575,1
14.791666666666668,7.3125,0.9982149848238113,-0.0022446167306315384,0.0,-0.0119565091786886,1
15.208333333333334,7.3125,0.9984059096110218,-0.0018298821941014987,0.0,-0.010959134205934081,1
15.625,7.3125,0.9985896240267453,-0.0014880605833979686,0.0,-0.00985704432918269,1
16.041666666666668,7.3125,0.9987599668571505,-0.0012060187049192516,0.0,-0.008709482302207408,1
16.458333333333336,7.3125,0.9989133127177674,-0.0009726820015867274,0.0,-0.007557869406718954,1
16.875,7.3125,0.9990478179875777,-0.0007787246698054168,0.0,-0.006428959234264388,1
17.291666666666668,7.3125,0.9991628332766989,-0.0006162892455851093,0.0,-0.005337742620956625,1
17.708333333333336,7.3125,0.9992584549449107,-0.0004787323387172033,0.0,-0.004290004111769633,1
18.125,7.3125,0.9993351905421448,-0.0003603964789063063,0.0,-0.003284475562683158,1
18.541666666666668,7.3125,0.9993937102421837,-0.0002563571424621686,0.0,-0.0023148575546192663,1
18.958333333333336,7.3125,0.9994347583465928,-0.00016295736717272037,0.0,-0.0013673147909650486,1
19.375,7.3125,0.9994580013834639,-6.766113861034589e-05,0.0,-0.0004695259203878512,1
19.791666666666668,7.3125,0.9994719150921036,-6.457824435558061e-05,0.0,0.00022824925736549293,1
0.20833333333333334,7.6875,1.000242623390674,0.000503000316353297,0.0,0.47125152573821294,1
0.625,7.6875,1.003487280579293,0.03758351921150359,0.0,0.5717008965484999,1
1.0416666666666667,7.6875,1.0095740882928412,0.04327517456704555,0.0,0.5617096767126163,1
1.4583333333333335,7.6875,1.0160312035681756,0.04596887304024933,0.0,0.5520148651604428,1
1.875,7.6875,1.023171030987974,0.04939289482176115,0.0,0.5402130285689402,1
2.291666666666667,7.6875,1.0311547282181892,0.053879961805586865,0.0,0.5258388107717852,1
2.7083333333333335,7.6875,1.0400370155705407,0.05939695712686331,0.0,0.5093452257551191,1
3.125,7.6875,1.0497529032066848,0.06580816362099418,0.0,0.4913173725513945,1
3.541666666666667,7.6875,1.0600766284353447,0.07306811190164425,0.0,0.4717070325884501,1
3.9583333333333335,7.6875,1.0707390975499491,0.07869714528076951,0.0,0.45640077772286286,1
4.375,7.6875,1.0805502968797842,0.10254871594154759,0.0,0.4101074931945982,1
4.791666666666667,7.6875,1.0841937135170086,0.008611773946512974,0.0,0.20316620058834145,1
5.208333333333334,7.6875,1.0824991872874106,0.009381033531226933,0.0,0.21805755559268333,1
5.625,7.6875,1.0768454736618558,-0.07541814782577885,0.0,0.08240558133881486,1
6.041666666666667,7.6875,1.0675743601172112,-0.08002120848833329,0.0,0.10821406486276261,1
6.458333333333334,7.6875,1.0584696234846556,-0.07091111007737094,0.0,0.1108803881584592,1
6.875,7.6875,1.0494559250109656,-0.06116995100994017,0.0,0.10767631512105967,1
7.291666666666667,7.6875,1.0408859560877013,-0.05239474263731016,0.0,0.10182595381900088,1
7.708333333333334,7.6875,1.0330599033012449,-0.0446956313263545,0.0,0.09369360484754881,1
8.125,7.6875,1.026151293605693,-0.038018476085665664,0.0,0.0837777264128242,1
8.541666666666668,7.6875,1.0202260332443656,-0.032274892457583464,0.0,0.07276626462255914,1
8.958333333333334,7.6875,1.0152707808862802,-0.027362513723821646,0.0,0.061366599449037926,1
9.375,7.6875,1.011219566554266,-0.02317603305564251,0.0,0.050193455389818044,1
9.791666666666668,7.6875,1.0079761132574374,-0.019614842474369898,0.0,0.03971689978013997,1
10.208333333333334,7.6875,1.0054309804019563,-0.016587585190672462,0.0,0.03025227623593942,1
10.625,7.6875,1.0034736123147063,-0.014014184123847239,0.0,0.02197508949978884,1
11.041666666666668,7.6875,1.0019999779529716,-0.011826082953789662,0.0,0.014947626995461736,1
11.458333333333334,7.6875,1.0009167627513862,-0.009965398908740482,0.0,0.009148365860381756,1
11.875,7.6875,1.0001430999386973,-0.00838354625654059,0.0,0.004499008789538967,1
12.291666666666668,7.6875,0.9996107030818746,-0.007039720562261511,0.0,0.000886833932122141,1
12.708333333333334,7.6875,0.9992630692452813,-0.005899478939906867,0.0,-0.0018181389531746232,1
13.125,7.6875,0.9990542237881788,-0.004933530270734661,0.0,-0.0037507028018973023,1
13.541666666666668,7.6875,0.998947308195058,-0.00411676646751415,0.0,-0.005041901586933166,1
13.958333333333334,7.6875,0.9989131849034321,-0.00342751710601433,0.0,-0.005813481557296473,1
14.375,7.6875,0.9989291472103266,-0.0028469870316030974,0.0,-0.006174600657029869,1
14.791666666666668,7.6875,0.9989777701619107,-0.0023588312414635,0.0,-0.006220195711833215,1
15.208333333333334,7.6875,0.99904590992768,-0.0019488257807198906,0.0,-0.006030546463101883,1
15.625,7.6875,0.9991238455997863,-0.0016046020759989663,0.0,-0.00567168228749823,1
16.041666666666668,7.6875,0.9992045519789909,-0.0013154215014851219,0.0,-0.005196356288864201,1
16.458333333333336,7.6875,0.9992830904191281,-0.00107197507534225,0.0,-0.00464537028624486,1
16.875,7.6875,0.9993561048650814,-0.0008661993398718167,0.0,-0.00404908089847741,1
17.291666666666668,7.6875,0.9994214107649295,-0.0006911036453514051,0.0,-0.003428957884238533,1
17.708333333333336,7.6875,0.9994776652060302,-0.0005406064369108627,0.0,-0.0027991029253671093,1
18.125,7.6875,0.9995241077340496,-0.00040938269356750325,0.0,-0.00216765672710207,1
18.541666666666668,7.6875,0.9995603577702641,-0.0002926636907496985,0.0,-0.0015382723422328478,1
18.958333333333336,7.6875,0.9995863331700721,-0.00018697197305563652,0.0,-0.0009081767557524884,1
19.375,7.6875,0.9996013823847878,-7.810955897942726e-05,0.0,-0.00030501222077736195,1
19.791666666666668,7.6875,0.999610665728536,-7.500717087070293e-05,0.0,0.00015733224825783366,1
0.20833333333333334,8.0625,1.0000770497764155,0.00021529446566882272,0.0,0.4499035808766044,1
0.625,8.0625,1.0027817490190432,0.032516804273776824,0.0,0.5495146286754555,1
1.0416666666666667,8.0625,1.0081975222789281,0.03798956662874564,0.0,0.54551526065842,1
1.4583333333333335,8.0625,1.0140165949777664,0.04020591180165608,0.0,0.5380910314790049,1
1.875,8.0625,1.0204190597494756,0.04296779308786452,0.0,0.5289472871832183,1
2.291666666666667,8.0625,1.0275728546858078,0.04668132058961251,0.0,0.5179726832775259,1
2.7083333333333335,8.0625,1.0355855362012587,0.051390126361984936,0.0,0.5055243695535279,1
3.125,8.0625,1.044483150869469,0.05706284231204889,0.0,0.49205895692607765,1
3.541666666666667,8.0625,1.0541693308723754,0.06380451850192681,0.0,0.47768164815325737,1
3.9583333333333335,8.0625,1.064459140211854,0.06910368807184615,0.0,0.46526583538481164,1
4.375,8.0625,1.0748100092117006,0.09399631165390293,0.0,0.4460700797453619,1
4.791666666666667,8.0625,1.0795562915670236,0.009613449140665196,0.0,0.22376426549778447,1
5.208333333333334,8.0625,1.0788042643181508,0.01058125646742304,0.0,0.23385416399211606,1
5.625,8.0625,1.0736931835714172,-0.06693005582701139,0.0,0.07257736868988633,1
6.041666666666667,8.0625,1.0643091685768762,-0.07171968480174712,0.0,0.08361372084959859,1
6.458333333333334,8.0625,1.0550824098759728,-0.062714287963932,0.0,0.0892964254306529,1
6.875,8.0625,1.046323733595067,-0.0533716358442846,0.0,0.09045777595933224,1
7.291666666666667,8.0625,1.0383059396198058,-0.045264071194055046,0.0,0.08849889486124296,1
7.708333333333334,8.0625,1.0311981145189901,-0.03838581267069879,0.0,0.08387536743183882,1
8.125,8.0625,1.0250582343584456,-0.03258465387032895,0.0,0.07721770865132202,1
8.541666666666668,8.0625,1.0198648264036823,-0.027701913188023324,0.0,0.06924646051220354,1
8.958333333333334,8.0625,1.0155472417975706,-0.023589939725418813,0.0,0.06063312925480276,1
9.375,8.0625,1.0120092690996088,-0.020118338726843397,0.0,0.051928851084670956,1
9.791666666666668,8.0625,1.009145895819807,-0.017176392884258172,0.0,0.04354356053669711,1
10.208333333333334,8.0625,1.0068540977444438,-0.014672796943122533,0.0,0.03575420003552211,1
10.625,8.0625,1.0050389565555289,-0.012533714022746636,0.0,0.028726373727105358,1
11.041666666666668,8.0625,1.0036164658004278,-0.010700040449295008,0.0,0.02253956612308029,1
11.458333333333334,8.0625,1.0025142157625928,-0.009124522696837244,0.0,0.01721058761458773,1
11.875,8.0625,1.0016708740573397,-0.0077691184017116156,0.0,0.012713040750029733,1
12.291666666666668,8.0625,1.0010350938177774,-0.006602789030230199,0.0,0.008992445870768091,1
12.708333333333334,8.0625,1.0005642388140608,-0.0055997705161013964,0.0,0.005977542043788923,1
13.125,8.0625,1.000223135489379,-0.004738284791744266,0.0,0.003588547588039892,1
13.541666666666668,8.0625,0.9999829446231202,-0.003999616133638348,0.0,0.0017431191066794153,1
13.958333333333334,8.0625,0.9998201780347866,-0.0033674665478654817,0.0,0.0003605899403072773,1
14.375,8.0625,0.9997158531989617,-0.0028275113131283197,0.0,-0.000635094255914327,1
14.791666666666668,8.0625,0.9996547671310824,-0.002367090154488056,0.0,-0.0013134498249793031,1
15.208333333333334,8.0625,0.9996248702099285,-0.001974985427111161,0.0,-0.0017363259222846021,1
15.625,8.0625,0.9996167241627885,-0.0016412530915560473,0.0,-0.0019574050754955466,1
16.041666666666668,8.0625,0.9996230326742714,-0.001357083886934509,0.0,-0.00202219258604011,1
16.458333333333336,8.0625,0.999638236463079,-0.0011146806947574437,0.0,-0.0019683710701729174,1
16.875,8.0625,0.999658166824412,-0.0009071440459895426,0.0,-0.0018264122204519851,1
17.291666666666668,8.0625,0.9996797527749945,-0.0007283616042856966,0.0,-0.001620353487725219,1
17.708333333333336,8.0625,0.9997007774478495,-0.0005728996805080171,0.0,-0.0013686656430031484,1
18.125,8.0625,0.9997196798631073,-0.00043589989968461154,0.0,-0.0010851455667905993,1
18.541666666666668,8.0625,0.999735395368766,-0.0003129154733416696,0.0,-0.0007799387224743937,1
18.958333333333336,8.0625,0.9997472820541384,-0.0002007960677794337,0.0,-0.0004582788150027408,1
19.375,8.0625,0.9997545631645068,-8.438275715828788e-05,0.0,-0.00014399545255335946,1
19.791666666666668,8.0625,0.9997593676546372,-8.141302309629826e-05,0.0,8.842150889133384e-05,1
0.20833333333333334,8.4375,1.000026112291979,0.0001224486037775219,0.0,0.43895735588788953,1
0.625,8.4375,1.0023948089868062,0.028043593791589043,0.0,0.5315724783440661,1
1.0416666666666667,8.4375,1.0073002834737625,0.033173654138685615,0.0,0.5320725831158323,1
1.4583333333333335,8.4375,1.0126300830937247,0.034987839204974835,0.0,0.5262949676571369,1
1.875,8.4375,1.0184494033716844,0.03718625914002391,0.0,0.5189675821179938,1
2.291666666666667,8.4375,1.024915088150466,0.04020532279415128,0.0,0.5103561145806882,1
2.7083333333333335,8.4375,1.0321614175165004,0.044133014364511,0.0,0.5007941145360152,1
3.125,8.4375,1.0402756538585818,0.049009288400381476,0.0,0.49068565256905783,1
3.541666666666667,8.4375,1.0492641418762025,0.055050871195425295,0.0,0.48035841943993784,1
3.9583333333333335,8.4375,1.0590171479357422,0.05981880151916659,0.0,0.4700050740023512,1
4.375,8.4375,1.0695545919975809,0.08448171645049576,0.0,0.473146628561025,1
4.791666666666667,8.4375,1.075059875784554,0.00990163481565799,0.0,0.2419448728252729,1
5.208333333333334,8.4375,1.0750531930017715,0.010975909820544489,0.0,0.24701369738852044,1
5.625,8.4375,1.0704526076849072,-0.05858420972335168,0.0,0.0667158586250819,1
6.041666666666667,8.4375,1.0611502182764871,-0.06324776694308971,0.0,0.06561891155623605,1
6.458333333333334,8.4375,1.0520210824555942,-0.054665900753206834,0.0,0.0735649561540552,1
6.875,8.4375,1.0436527034664436,-0.046005673311838524,0.0,0.07814343518545527,1
7.291666666666667,8.4375,1.0362274724889513,-0.03873131126878721,0.0,0.07914367331389867,1
7.708333333333334,8.4375,1.0297957948684107,-0.03273302014623894,0.0,0.07712549369320879,1
8.125,8.4375,1.0243237463329609,-0.027786710567818007,0.0,0.07285277156877755,1
8.541666666666668,8.4375,1.0197294795743683,-0.023690949248243783,0.0,0.06708723605106863,1
8.958333333333334,8.4375,1.015909595467735,-0.020277181823565867,0.0,0.060483279293569406,1
9.375,8.4375,1.0127563978490124,-0.017409043343742388,0.0,0.05355313374655815,1
9.791666666666668,8.4375,1.0101679563205122,-0.014979054939781447,0.0,0.04667041060175376,1
10.208333333333334,8.4375,1.0080530122784617,-0.01290406698177126,0.0,0.04009067666308756,1
10.625,8.4375,1.0063325476328684,-0.011120398732736642,0.0,0.0339765939214962,1
11.041666666666668,8.4375,1.004939447701847,-0.009579324121361095,0.0,0.028421298865185168,1
11.458333333333334,8.4375,1.0038172604620996,-0.008243245474542468,0.0,0.023467599237335303,1
11.875,8.4375,1.0029186747493848,-0.007082660947522478,0.0,0.01912271505941115,1
12.291666666666668,8.4375,1.0022040519612339,-0.006073883759620801,0.0,0.015369237650605891,1
12.708333333333334,8.4375,1.0016401539658335,-0.005197398087558722,0.0,0.0121732154369075,1
13.125,8.4375,1.0011990983398964,-0.004436714164947392,0.0,0.009490171042389074,1
13.541666666666668,8.4375,1.0008575178157186,-0.0037775925094238527,0.0,0.0072696423701203395,1
13.958333333333334,8.4375,1.0005958822123648,-0.003207528199732056,0.0,0.005458639067183561,1
14.375,8.4375,1.0003979414674316,-0.0027154106382615284,0.0,0.00400426007201983,1
14.791666666666668,8.4375,1.0002502566269935,-0.0022912970112516965,0.0,0.0028556279372963507,1
15.208333333333334,8.4375,1.000141795483587,-0.0019262563119904958,0.0,0.0019652491428429814,1
15.625,8.4375,1.0000635780151388,-0.0016122550424243621,0.0,0.0012898885302748404,1
16.041666666666668,8.4375,1.0000083629230185,-0.0013420660127819474,0.0,0.0007910380623629486,1
16.458333333333336,8.4375,0.9999703704810989,-0.0011091887799141048,0.0,0.00043505559576116507,1
16.875,8.4375,0.9999450390906496,-0.0009077750336548044,0.0,0.00019304506890284811,1
17.291666666666668,8.4375,0.9999288139649372,-0.0007325553587571418,0.0,4.054265855258282e-05,1
17.708333333333336,8.4375,0.9999189667390967,-0.0005787656285884465,0.0,-4.2934956288616056e-05,1
18.125,8.4375,0.9999134450688378,-0.00044207662275284995,0.0,-7.442702164708524e-05,1
18.541666666666668,8.4375,0.9999107498472295,-0.0003184570069513654,0.0,-6.818596435042002e-05,1
18.958333333333336,8.4375,0.9999098663178687,-0.0002051573748941449,0.0,-3.518041658226791e-05,1
19.375,8.4375,0.9999100221522219,-8.67147002959058e-05,0.0,7.082482966259135e-06,1
19.791666666666668,8.4375,0.9999106531778896,-8.397304422707678e-05,0.0,2.3966842703011892e-05,1
0.20833333333333334,8.8125,1.0000114246019551,8.866539913969648e-05,0.0,0.43153629030997614,1
0.625,8.8125,1.002152535854036,0.02401854984365005,0.0,0.5169553434008511,1
1.0416666666666667,8.8125,1.0066783232930567,0.028710562353174325,0.0,0.5208725124428276,1
1.4583333333333335,8.8125,1.0116428368617023,0.030186049121026477,0.0,0.5163172148647089,1
1.875,8.8125,1.0170148666426957,0.031915834171226606,0.0,0.5102263674137507,1
2.291666666666667,8.8125,1.022930408142311,0.034332644112660286,0.0,0.503220000262069,1
2.7083333333333335,8.8125,1.0295315137178567,0.03754300159875944,0.0,0.4956384897865818,1
3.125,8.8125,1.036940845037932,0.04162809027056582,0.0,0.4878670113349011,1
3.541666666666667,8.8125,1.0452385670923903,0.04687448026088857,0.0,0.4804670927267548,1
3.9583333333333335,8.8125,1.0543743004646329,0.05099532696527352,0.0,0.4713830209716282,1
4.375,8.8125,1.0648283903339466,0.07441281046589927,0.0,0.491829040260963,1
4.791666666666667,8.8125,1.070806036665971,0.00963590369273444,0.0,0.2576751230817476,1
5.208333333333334,8.8125,1.0713732055420038,0.010737203459066287,0.0,0.2573981477915376,1
5.625,8.8125,1.0672475921416498,-0.05049192451709575,0.0,0.06442750881291064,1
6.041666666666667,8.8125,1.0581869819028689,-0.054813352467422236,0.0,0.0535320873241289,1
6.458333333333334,8.8125,1.049321519233852,-0.0469051765883731,0.0,0.06284353709829324,1
6.875,8.8125,1.0414225419948868,-0.03912577687155099,0.0,0.06979139938406081,1
7.291666666666667,8.8125,1.0345845588902969,-0.032774315035125984,0.0,0.0728220943078979,1
7.708333333333334,8.8125,1.0287604270368873,-0.027659787852970755,0.0,0.07259112526883854,1
8.125,8.8125,1.0238500046808936,-0.02351571905804014,0.0,0.06997299891697406,1
8.541666666666668,8.8125,1.0197348630157805,-0.020123473176044356,0.0,0.06575841335705983,1
8.958333333333334,8.8125,1.016297302635608,-0.017312957857437375,0.0,0.060584017956537915,1
9.375,8.8125,1.0134301232041898,-0.014954927964986257,0.0,0.05492943445771515,1
9.791666666666668,8.8125,1.011040456754765,-0.012952873138570575,0.0,0.04913944695891799,1
10.208333333333334,8.8125,1.0090501023751473,-0.011235480203524878,0.0,0.0434526397155254,1
10.625,8.8125,1.0073940996745447,-0.00975016489932341,0.0,0.03802793889531006,1
11.041666666666668,8.8125,1.0060186597349652,-0.008457872070927096,0.0,0.032966030369076624,1
11.458333333333334,8.8125,1.0048790844074889,-0.0073291112141851775,0.0,0.02832542794526285,1
11.875,8.8125,1.00393796570306,-0.006341061232544486,0.0,0.024134120311320426,1
12.291666666666668,8.8125,1.0031637501480488,-0.00547552896596472,0.0,0.020397972365057502,1
12.708333333333334,8.8125,1.002529645299885,-0.004717550321915908,0.0,0.017106893599500413,1
13.125,8.8125,1.0020128025722426,-0.004054453412502582,0.0,0.01423950495760578,1
13.541666666666668,8.8125,1.0015937038650224,-0.0034752419534935406,0.0,0.01176677402367687,1
13.958333333333334,8.8125,1.0012556897383447,-0.002970193998366598,0.0,0.009654899251631795,1
14.375,8.8125,1.00098458236422,-0.002530601532462604,0.0,0.00786760396501696,1
14.791666666666668,8.8125,1.000768371283253,-0.0021485997878852095,0.0,0.006367935431787943,1
15.208333333333334,8.8125,1.000596941789587,-0.0018170519620376473,0.0,0.0051196338730037805,1
15.625,8.8125,1.0004618341731963,-0.0015294668161902284,0.0,0.004088123870693165,1
16.041666666666668,8.8125,1.0003560275333443,-0.0012799346803073644,0.0,0.0032411774528573823,1
16.458333333333336,8.8125,1.00027374517721,-0.0010630727937021107,0.0,0.002549297332878172,1
16.875,8.8125,1.0002102804177082,-0.0008739744843986842,0.0,0.001985867525085585,1
17.291666666666668,8.8125,1.0001618424475878,-0.0007081591216008391,0.0,0.0015271162719850554,1
17.708333333333336,8.8125,1.0001254223192217,-0.0005615212468926978,0.0,0.0011519327001207978,1
18.125,8.8125,1.0000986792876216,-0.00043028277264282985,0.0,0.0008415775952310755,1
18.541666666666668,8.8125,1.0000798480415636,-0.0003108770363386155,0.0,0.0005793215813160814,1
18.958333333333336,8.8125,1.0000676708388236,-0.00020098268666450693,0.0,0.00035013985548380865,1
19.375,8.8125,1.0000614612322627,-8.544099339366517e-05,0.0,0.00014426760190631714,1
19.791666666666668,8.8125,1.000058316130131,-8.298408241348449e-05,0.0,-3.4563846973342285e-05,1
0.20833333333333334,9.1875,1.0000077070491658,7.144691306605925e-05,0.0,0.42565754601693506,1
0.625,9.1875,1.0019864148468756,0.020327931185103267,0.0,0.5051014345155858,1
1.0416666666666667,9.1875,1.0062305474716897,0.024508252954501646,0.0,0.5116200551694248,1
1.4583333333333335,9.1875,1.0109246592787628,0.025695595681842702,0.0,0.5079865505346555,1
1.875,9.1875,1.01595908794596,0.027040475007583685,0.0,0.5027336359429421,1
2.291666666666667,9.1875,1.0214451736715484,0.02894653877390772,0.0,0.4967902762269817,1
2.7083333333333335,9.1875,1.0275205070091897,0.031520311915936544,0.0,0.4905088054399489,1
3.125,9.1875,1.034323184034451,0.034859972443042626,0.0,0.48426037333112315,1
3.541666666666667,9.1875,1.0419805140155523,0.03928305125676632,0.0,0.4788075170187281,1
3.9583333333333335,9.1875,1.0504833121670771,0.04271207759811548,0.0,0.47030786699332566,1
4.375,9.1875,1.060664389262369,0.06412440956484397,0.0,0.5031657907242068,1
4.791666666666667,9.1875,1.0668876935938243,0.008943448996338883,0.0,0.2710547365584729,1
5.208333333333334,9.1875,1.0678837209553496,0.010022781541119314,0.0,0.26510458473386656,1
5.625,9.1875,1.0641919984836137,-0.04274190031466486,0.0,0.06510350514452333,1
6.041666666666667,9.1875,1.055489854194943,-0.046576897595543114,0.0,0.04639435521533465,1
6.458333333333334,9.1875,1.0469979979688335,-0.03952004445490561,0.0,0.0561634192539574,1
6.875,9.1875,1.0395982235224346,-0.032742032488296886,0.0,0.06448185644300096,1
7.291666666666667,9.1875,1.033308887148868,-0.027343471888131687,0.0,0.0687233351012143,1
7.708333333333334,9.1875,1.0280099197788548,-0.023079841698763176,0.0,0.06960617159273999,1
8.125,9.1875,1.0235587691181005,-0.01967024949645746,0.0,0.06807402750433782,1
8.541666666666668,9.1875,1.0198191684552036,-0.016899674641604797,0.0,0.06492137349983956,1
8.958333333333334,9.1875,1.0166715548848866,-0.014610099836203367,0.0,0.060756227439339304,1
9.375,9.1875,1.014015826238401,-0.012687168716113289,0.0,0.056023144262799106,1
9.791666666666668,9.1875,1.0117702593669913,-0.0110489223986704,0.0,0.05103854439700268,1
10.208333333333334,9.1875,1.0098687885958415,-0.009636788307425996,0.0,0.04602376103616347,1
10.625,9.1875,1.0082579197405876,-0.008408672394731372,0.0,0.041131320570440694,1
11.041666666666668,9.1875,1.0068939263701386,-0.007333874595892607,0.0,0.036464193623807054,1
11.458333333333334,9.1875,1.0057405752621755,-0.006389474896781747,0.0,0.03208932668770525,1
11.875,9.1875,1.004767404408605,-0.005557836947745632,0.0,0.02804705797901261,1
12.291666666666668,9.1875,1.0039484739681912,-0.004824921854920252,0.0,0.02435777979347928,1
12.708333333333334,9.1875,1.0032614798767434,-0.004179168387714379,0.0,0.02102682668288812,1
13.125,9.1875,1.002687125933492,-0.0036107583433150534,0.0,0.01804822062743528,1
13.541666666666668,9.1875,1.0022086706810236,-0.0031111384587983516,0.0,0.015407649523031468,1
13.958333333333334,9.1875,1.0018115881391891,-0.0026727104911348325,0.0,0.013084890714938194,1
14.375,9.1875,1.0014833010362176,-0.0022886300101260227,0.0,0.011055795805160586,1
14.791666666666668,9.1875,1.0012129600634587,-0.001952674461601927,0.0,0.009293903590064137,1
15.208333333333334,9.1875,1.0009912531196337,-0.00165915449416026,0.0,0.007771724278568686,1
15.625,9.1875,1.0008102354121622,-0.0014028514924579786,0.0,0.0064617295066621595,1
16.041666666666668,9.1875,1.00066317562597,-0.0011789702208186547,0.0,0.0053370797962022706,1
16.458333333333336,9.1875,1.0005444159650025,-0.0009830994378014295,0.0,0.004372121106675541,1
16.875,9.1875,1.00044924532989,-0.000811175984697177,0.0,0.0035426818334154918,1
17.291666666666668,9.1875,1.000373785654158,-0.0006594497392887099,0.0,0.0028262014157100397,1
17.708333333333336,9.1875,1.0003148918031601,-0.0005244480470110603,0.0,0.002201720892135002,1
18.125,9.1875,1.0002700657118357,-0.00040294376155104565,0.0,0.0016497661031703045,1
18.541666666666668,9.1875,1.0002373874817845,-0.00029185751908166466,0.0,0.0011522249845147508,1
18.958333333333336,9.1875,1.0002154457815702,-0.00018929519198538426,0.0,0.0006912541999626499,1
19.375,9.1875,1.0002036852929497,-8.09554029226827e-05,0.0,0.0002653437512836869,1
19.791666666666668,9.1875,1.0001972130346752,-7.881404866926767e-05,0.0,-8.630853600666391e-05,1
0.20833333333333334,9.5625,1.0000072652168197,5.797187407017734e-05,0.0,0.42081925335006726,1
0.625,9.5625,1.0018670106095027,0.01688679835321634,0.0,0.4955999355433752,1
1.0416666666666667,9.5625,1.0059017050940693,0.020498441388221395,0.0,0.504088890653483,1
1.4583333333333335,9.5625,1.01039604923813,0.02143579689236782,0.0,0.5011583266756484,1
1.875,9.5625,1.0151784160236415,0.02246515788992753,0.0,0.49647266059154016,1
2.291666666666667,9.5625,1.020335660853184,0.023942858392418775,0.0,0.4912169307407678,1
2.7083333333333335,9.5625,1.0259942678036547,0.02596344603858341,0.0,0.4857488646041691,1
3.125,9.5625,1.032294056206867,0.0286246194352249,0.0,0.48041597958388244,1
3.541666666666667,9.5625,1.0393876990801956,0.032242528696007966,0.0,0.47612412792075004,1
3.9583333333333335,9.5625,1.047290270615101,0.03498776744137977,0.0,0.467685112415165,1
4.375,9.5625,1.05708367889501,0.053871682883702046,0.0,0.5085667750892517,1
4.791666666666667,9.5625,1.0633857020060624,0.007923380978607827,0.0,0.2822514565927422,1
5.208333333333334,9.5625,1.0646919816182474,0.008970773282124925,0.0,0.2704104287743609,1
5.625,9.5625,1.0613867187152608,-0.035392605218776685,0.0,0.06798418774719732,1
6.041666666666667,9.5625,1.0531119063669148,-0.038646931718697375,0.0,0.04310233891487448,1
6.458333333333334,9.5625,1.0450494085327278,-0.03255109167789038,0.0,0.05253434905316624,1
6.875,9.5625,1.0381378839165032,-0.026830816108871586,0.0,0.06138282516918766,1
7.291666666666667,9.5625,1.0323362847610733,-0.02237284629142961,0.0,0.06618570393087161,1
7.708333333333334,9.5625,1.0274755326536331,-0.018906719765589386,0.0,0.06767463179221445,1
8.125,9.5625,1.0233902204329688,-0.016160554835827713,0.0,0.06681324277913019,1
8.541666666666668,9.5625,1.0199394574307503,-0.013938042003209573,0.0,0.06437146933521273,1
8.958333333333334,9.5625,1.0170091191281432,-0.01210157578884484,0.0,0.060915951242416125,1
9.375,9.5625,1.0145089544211416,-0.010555388745336368,0.0,0.05685202322855097,1
9.791666666666668,9.5625,1.01236813999818,-0.009232959204413343,0.0,0.05246684720277763,1
10.208333333333334,9.5625,1.0105308373374782,-0.00808785541248099,0.0,0.04796372633171771,1
10.625,9.5625,1.0089524151156333,-0.007087243319338252,0.0,0.04348677619895044,1
11.041666666666668,9.5625,1.0075965179005282,-0.0062074021435346745,0.0,0.03913778627397743,1
11.458333333333334,9.5625,1.006432922297587,-0.00543069530897893,0.0,0.03498753226703685,1
11.875,9.5625,1.0054360287391466,-0.004743558564419297,0.0,0.031083438173967998,1
12.291666666666668,9.5625,1.004583823978657,-0.004135178557499185,0.0,0.027454944743794403,1
12.708333333333334,9.5625,1.0038571721426108,-0.003596630350855917,0.0,0.024117461095171756,1
13.125,9.5625,1.003239325541314,-0.0031203158904165285,0.0,0.021075426770459673,1
13.541666666666668,9.5625,1.0027155779920847,-0.002699598390491385,0.0,0.018324784421950395,1
13.958333333333334,9.5625,1.0022730086219749,-0.0023285638387906408,0.0,0.015855027196500497,1
14.375,9.5625,1.0019002824910537,-0.00200186475181356,0.0,0.013650910423562675,1
14.791666666666668,9.5625,1.0015874869964179,-0.0017146168987237033,0.0,0.011693877051479565,1
15.208333333333334,9.5625,1.001325991351932,-0.0014623297270832279,0.0,0.009963228739711104,1
15.625,9.5625,1.0011083218007095,-0.0012408577266144812,0.0,0.008437066003232681,1
16.041666666666668,9.5625,1.0009280485746888,-0.0010463642757755015,0.0,0.0070930185369919505,1
16.458333333333336,9.5625,1.0007796826781146,-0.0008752923810779187,0.0,0.0059087865845984236,1
16.875,9.5625,1.0006585817925506,-0.0007243386724467688,0.0,0.004862514307910334,1
17.291666666666668,9.5625,1.0005608652996134,-0.0005904284988985939,0.0,0.0039330167638627934,1
17.708333333333336,9.5625,1.0004833388555763,-0.00047069102106872074,0.0,0.0030998837728873387,1
18.125,9.5625,1.0004234292796426,-0.00036243868673823754,0.0,0.0023434832991380736,1
18.541666666666668,9.5625,1.0003791343327995,-0.00026308673498087515,0.0,0.0016450341152205133,1
18.958333333333336,9.5625,1.0003489500484877,-0.0001711525906849321,0.0,0.0009847881880777204,1
19.375,9.5625,1.0003324705024863,-7.368197346835405e-05,0.0,0.00036926290677344477,1
19.791666666666668,9.5625,1.0003231460886457,-7.187047306222869e-05,0.0,-0.00013077168011846948,1
0.20833333333333334,9.9375,1.0000084779189518,4.380305223671499e-05,0.0,0.41696176490640846,1
0.625,9.9375,1.0017810868896522,0.013631848248511746,0.0,0.48813246983399433,1
1.0416666666666667,9.9375,1.0056600838444747,0.016631069197670895,0.0,0.49809150754176473,1
1.4583333333333335,9.9375,1.0100072208454967,0.01734583605218622,0.0,0.49569911947751083,1
1.875,9.9375,1.0146035076865982,0.018114330465990862,0.0,0.4913980182087508,1
2.291666666666667,9.9375,1.0195138742219587,0.019232835588064948,0.0,0.48657791849652854,1
2.7083333333333335,9.9375,1.0248512514183084,0.02077708311109904,0.0,0.4815930035935883,1
3.125,9.9375,1.0307491353355358,0.022833077274543298,0.0,0.476754733096502,1
3.541666666666667,9.9375,1.0373697759118161,0.025691215752296537,0.0,0.4730488967552832,1
3.9583333333333335,9.9375,1.0447389720913671,0.027794489442232,0.0,0.46432941342690526,1
4.375,9.9375,1.0540973130410176,0.043828386575793715,0.0,0.5096213448596483,1
4.791666666666667,9.9375,1.060367607615976,0.006651591368549457,0.0,0.29145382730846037,1
5.208333333333334,9.9375,1.0618905382040054,0.0076962737116295175,0.0,0.2737140180947956,1
5.625,9.9375,1.0589180330193217,-0.028468114369879033,0.0,0.07223199539559137,1
6.041666666666667,9.9375,1.0510913484228057,-0.031080075317976977,0.0,0.04251633499184861,1
6.458333333333334,9.9375,1.0434648686804193,-0.025997868260277182,0.0,0.05102376055738333,1
6.875,9.9375,1.036998750286374,-0.021344160817322905,0.0,0.059785945710527144,1
7.291666666666667,9.9375,1.0316105115383978,-0.017788647469786433,0.0,0.06469474185634902,1
7.708333333333334,9.9375,1.0271024000297513,-0.015058941332612569,0.0,0.06644223866530831,1
8.125,9.9375,1.0233004200602351,-0.01290977029743718,0.0,0.06596718337434669,1
8.541666666666668,9.9375,1.0200671520386386,-0.01117319862012183,0.0,0.06399205032230638,1
8.958333333333334,9.9375,1.0172972602580046,-0.009736212097518977,0.0,0.06103336439411611,1
9.375,9.9375,1.014910597907944,-0.008522608085584573,0.0,0.057455472297760435,1
9.791666666666668,9.9375,1.0128457911657867,-0.007480680815446603,0.0,0.0535167995204542,1
10.208333333333334,9.9375,1.0110550601655435,-0.006574903506098007,0.0,0.04940300948523389,1
10.625,9.9375,1.0095003484942153,-0.005780374720796591,0.0,0.04524916182557271,1
11.041666666666668,9.9375,1.0081505714701988,-0.005079163926128995,0.0,0.04115409882664607,1
11.458333333333334,9.9375,1.0069797233171371,-0.004457934145576753,0.0,0.03718979049533586,1
11.875,9.9375,1.0059656003588286,-0.003906404863010125,0.0,0.03340756922314766,1
12.291666666666668,9.9375,1.0050889459452619,-0.0034163590027635722,0.0,0.0298424937884193,1
12.708333333333334,9.9375,1.004332874913183,-0.0029809993246108857,0.0,0.026516587763760504,1
13.125,9.9375,1.003682479329509,-0.002594528950802941,0.0,0.023441380443368007,1
13.541666666666668,9.9375,1.0031245501875552,-0.00225187630861647,0.0,0.020619986534745293,1
13.958333333333334,9.9375,1.0026473727248786,-0.0019485137714548696,0.0,0.018048853749000893,1
14.375,9.9375,1.0022405684272355,-0.0016803374334934224,0.0,0.015719247307068765,1
14.791666666666668,9.9375,1.0018949668318777,-0.001443586835931163,0.0,0.013618510566692539,1
15.208333333333334,9.9375,1.0016024967290167,-0.001234790616898251,0.0,0.011731125066260034,1
15.625,9.9375,1.0013560905193388,-0.0010507286516890377,0.0,0.010039587010746982,1
16.041666666666668,9.9375,1.0011495981541356,-0.000888404318424331,0.0,0.00852511448613447,1
16.458333333333336,9.9375,1.0009777087759781,-0.0007450225909107107,0.0,0.007168199123955184,1
16.875,9.9375,1.0008358792439007,-0.0006179710862807585,0.0,0.0059490166678240215,1
17.291666666666668,9.9375,1.0007202693978727,-0.0005048023797244272,0.0,0.004847711733026419,1
17.708333333333336,9.9375,1.0006276844014388,-0.0004032168439486223,0.0,0.003844575178357775,1
18.125,9.9375,1.0005555249126896,-0.00031105070579632194,0.0,0.002920132357387938,1
18.541666666666668,9.9375,1.0005017513424324,-0.0002262130510296233,0.0,0.00205537597383303,1
18.958333333333336,9.9375,1.0004648082353311,-0.00014761162304158224,0.0,0.0012293326488344311,1
19.375,9.9375,1.000444437324773,-6.405753074291508e-05,0.0,0.00045572509712785055,1
19.791666666666668,9.9375,1.0004327463542695,-6.258107013364401e-05,0.0,-0.00016765225108130366,1
0.20833333333333334,10.3125,1.0000128992846082,2.456356923238682e-05,0.0,0.41424879551456,1
0.625,10.3125,1.0017247981430453,0.010515030685744307,0.0,0.4824580102979218,1
1.0416666666666667,10.3125,1.0054889651796373,0.01286903916825434,0.0,0.4934799656536804,1
1.4583333333333335,10.3125,1.0097284722697868,0.013379886399318454,0.0,0.49149593733741415,1
1.875,10.3125,1.014189628356945,0.013928581483318856,0.0,0.4874545498791253,1
2.291666666666667,10.3125,1.0189192450970408,0.014742599622833408,0.0,0.48290454594329957,1
2.7083333333333335,10.3125,1.0240171289684206,0.015875584115572293,0.0,0.478190428454781,1
3.125,10.3125,1.0296069822259417,0.017395612813179778,0.0,0.4735799240495199,1
3.541666666666667,10.3125,1.0358507662195189,0.019550698101112186,0.0,0.4700847639839496,1
3.9583333333333335,10.3125,1.0427757706802556,0.021070226517181195,0.0,0.46091901059953144,1
4.375,10.3125,1.0517092350287685,0.034090024732552876,0.0,0.507935947827041,1
4.791666666666667,10.3125,1.0578878586518106,0.005185926833621419,0.0,0.2988388915911076,1
5.208333333333334,10.3125,1.059556244278202,0.006289753653374211,0.0,0.27547493347396557,1
5.625,10.3125,1.0568571231904635,-0.021957130666727085,0.0,0.0770052903650111,1
6.041666666666667,10.3125,1.0494543834442949,-0.02388457711331714,0.0,0.04355310587246794,1
6.458333333333334,10.3125,1.042228529227076,-0.019826265901642662,0.0,0.05081140150906907,1
6.875,10.3125,1.0361413048742847,-0.016217754704036882,0.0,0.05911996538249583,1
7.291666666666667,10.3125,1.0310850730796823,-0.013515030094913533,0.0,0.06386801514404934,1
7.708333333333334,10.3125,1.0268486185001984,-0.011462449228040392,0.0,0.06566556529064846,1
8.125,10.3125,1.023258307850441,-0.009853200844685698,0.0,0.0653955286994234,1
8.541666666666668,10.3125,1.0201840495184187,-0.008552994354948718,0.0,0.0637208410106839,1
8.958333333333334,10.3125,1.0175298641468258,-0.007474746926263853,0.0,0.06110616722254444,1
9.375,10.3125,1.0152245002813156,-0.006561249663237666,0.0,0.05787713119233048,1
9.791666666666668,10.3125,1.0132140908727911,-0.005774344702227337,0.0,0.05426623675910424,1
10.208333333333334,10.3125,1.0114568509489663,-0.005088065787335366,0.0,0.050443405149520414,1
10.625,10.3125,1.0099194138215857,-0.0044842785200597925,0.0,0.046535269833410914,1
11.041666666666668,10.3125,1.0085743659087738,-0.003949917683132181,0.0,0.04263723452861384,1
11.458333333333334,10.3125,1.0073986116825435,-0.003475238247079951,0.0,0.0388211460972215,1
11.875,10.3125,1.0063722935978605,-0.0030527038233369346,0.0,0.03514038941621982,1
12.291666666666668,10.3125,1.0054780749092713,-0.0026762742511510307,0.0,0.03163347854873496,1
12.708333333333334,10.3125,1.0047006568710026,-0.002340943913488394,0.0,0.028326756486491012,1
13.125,10.3125,1.0040264465746618,-0.002042439070400327,0.0,0.025236543385739996,1
13.541666666666668,10.3125,1.0034433216065461,-0.0017770174901554211,0.0,0.02237091908660947,1
13.958333333333334,10.3125,1.002940457114611,-0.0015413348310903507,0.0,0.019731240274855708,1
14.375,10.3125,1.0025081932992226,-0.0013323550723510537,0.0,0.01731344742056722,1
14.791666666666668,10.3125,1.0021379292861003,-0.001147290149561035,0.0,0.015109191632702119,1
15.208333333333334,10.3125,1.0018220344632718,-0.0009835588702865115,0.0,0.013106800024939278,1
15.625,10.3125,1.001553771709576,-0.0008387583312464237,0.0,0.011292091647987288,1
16.041666666666668,10.3125,1.001327229137079,-0.0007106431948029606,0.0,0.009649053917060812,1
16.458333333333336,10.3125,1.0011372584316118,-0.0005971096392321852,0.0,0.008160389232296283,1
16.875,10.3125,1.000979418837542,-0.0004961818243136434,0.0,0.006807941458496125,1
17.291666666666668,10.3125,1.0008499264807837,-0.0004059996592664566,0.0,0.00557301388062947,1
17.708333333333336,10.3125,1.0007456092655127,-0.0003248075744329476,0.0,0.004436594394007416,1
18.125,10.3125,1.0006638680893563,-0.0002509493774916181,0.0,0.003379503998893357,1
18.541666666666668,10.3125,1.0006026522425038,-0.00018282390457892086,0.0,0.0023827628674093367,1
18.958333333333336,10.3125,1.0005603822419014,-0.00011970897339602161,0.0,0.0014246838589653207,1
19.375,10.3125,1.0005369308955436,-5.252014985337051e-05,0.0,0.0005249012240825469,1
19.791666666666668,10.3125,1.0005233622110294,-5.138476192879269e-05,0.0,-0.00019660245420002775,1
0.20833333333333334,10.6875,1.00002705358124,-1.139400987678211e-05,0.0,0.41327722952155044,1
0.625,10.6875,1.0017059457719273,0.007499276320681637,0.0,0.47841773604388604,1
1.0416666666666667,10.6875,1.0053864334851765,0.009184604258250155,0.0,0.4901596761257019,1
1.4583333333333335,10.6875,1.009547988962482,0.009503364998323428,0.0,0.48847515825549453,1
1.875,10.6875,1.0139131255289549,0.00986143949576889,0.0,0.48460352607489027,1
2.291666666666667,10.6875,1.0185148753071664,0.010411511743885021,0.0,0.48021400667076697,1
2.7083333333333335,10.6875,1.0234421555617244,0.011184024281441123,0.0,0.47564008887513537,1
3.125,10.6875,1.0288087704817153,0.012226351287977411,0.0,0.47110637792395654,1
3.541666666666667,10.6875,1.0347716444020234,0.0137339675040418,0.0,0.4676149660902961,1
3.9583333333333335,10.6875,1.041354513561544,0.014729870856443419,0.0,0.45798278276044396,1
4.375,10.6875,1.0499198463321027,0.024681462986496074,0.0,0.5049988069151372,1
4.791666666666667,10.6875,1.0559891678938897,0.0035713379135893343,0.0,0.3045535656836579,1
5.208333333333334,10.6875,1.0577505264570226,0.004817572803016137,0.0,0.2761593859057867,1
5.625,10.6875,1.055260547997581,-0.015814760224192127,0.0,0.08152764327849238,1
6.041666666666667,10.6875,1.0482181867444056,-0.017026356656727422,0.0,0.0452605821429068,1
6.458333333333334,10.6875,1.0413234938303273,-0.013975993940425075,0.0,0.05122338155686672,1
6.875,10.6875,1.0355320006695334,-0.011377180903130939,0.0,0.05894986466107438,1
7.291666666666667,10.6875,1.030723706363172,-0.009477530404750566,0.0,0.06343467852921127,1
7.708333333333334,10.6875,1.0266836417221326,-0.008051081619305674,0.0,0.06518411480640947,1
8.125,10.6875,1.0232428092583628,-0.00693653965087036,0.0,0.06501353844138862,1
8.541666666666668,10.6875,1.0202790978002407,-0.006035482737824385,0.0,0.06352714091425758,1
8.958333333333334,10.6875,1.0177046501561682,-0.005286488829503844,0.0,0.06114354077558645,1
9.375,10.6875,1.0154551483503969,-0.004650128655810083,0.0,0.058155970701330835,1
9.791666666666668,10.6875,1.0134821916142855,-0.004100436179279345,0.0,0.054775972795991563,1
10.208333333333334,10.6875,1.0117481665266863,-0.0036198357997224207,0.0,0.05116088341266308,1
10.625,10.6875,1.0102228791729764,-0.0031960564742674587,0.0,0.04743047096719943,1
11.041666666666668,10.6875,1.0088813653440118,-0.0028202341609537334,0.0,0.04367705328454215,1
11.458333333333334,10.6875,1.007702465664941,-0.0024857332545409954,0.0,0.03997186591284046,1
11.875,10.6875,1.0066678904617696,-0.002187404856882783,0.0,0.03636930559225337,1
12.291666666666668,10.6875,1.005761597069431,-0.0019211123452037532,0.0,0.03290995913223435,1
12.708333333333334,10.6875,1.0049693672430058,-0.0016834227414120832,0.0,0.02962291639622903,1
13.125,10.6875,1.0042785137762382,-0.0014714028554194945,0.0,0.02652763788921245,1
13.541666666666668,10.6875,1.003677671357381,-0.0012824830566684538,0.0,0.023635524286900116,1
13.958333333333334,10.6875,1.0031566428272989,-0.0011143655448910819,0.0,0.02095126744574083,1
14.375,10.6875,1.002706282134917,-0.0009649623018270745,0.0,0.0184740274382311,1
14.791666666666668,10.6875,1.002318401762909,-0.0008323529736106808,0.0,0.016198459955195633,1
15.208333333333334,10.6875,1.0019856966207512,-0.0007147560782037694,0.0,0.014115608706483517,1
15.625,10.6875,1.001701679221208,-0.000610508985424622,0.0,0.012213672013959868,1
16.041666666666668,10.6875,1.0014606228659533,-0.0005180535052773097,0.0,0.010478651000385959,1
16.458333333333336,10.6875,1.0012575108708046,-0.0004359248980563331,0.0,0.008894885920493695,1
16.875,10.6875,1.0010879907571688,-0.0003627428283728179,0.0,0.007445488081594677,1
17.291666666666668,10.6875,1.0009483329805238,-0.00029720353498021633,0.0,0.006112676416023002,1
17.708333333333336,10.6875,1.000835394355596,-0.00023807344248007824,0.0,0.00487803340288427,1
18.125,10.6875,1.0007465869911343,-0.0001841898228736881,0.0,0.0037226973141800284,1
18.541666666666668,10.6875,1.0006798621920283,-0.00013443687785008533,0.0,0.0026278403690725535,1
18.958333333333336,10.6875,1.0006336341380968,-8.844775113719331e-05,0.0,0.001571456420997742,1
19.375,10.6875,1.0006078786516805,-3.949522266279452e-05,0.0,0.0005774294955600652,1
19.791666666666668,10.6875,1.000592929757722,-3.874386845115444e-05,0.0,-0.00021625604133576162,1
0.20833333333333334,11.0625,1.0000714420853245,-0.00010004010992461547,0.0,0.4159578969960773,1
0.625,11.0625,1.0017599451588208,0.004557266682589285,0.0,0.47597432841673093,1
1.0416666666666667,11.0625,1.0053774882399549,0.005558386180664367,0.0,0.4881311941136942,1
1.4583333333333335,11.0625,1.0094805055562082,0.00569146756100871,0.0,0.48664536635375283,1
1.875,11.0625,1.0137771481438298,0.005877735693912846,0.0,0.48286820185369594,1
2.291666666666667,11.0625,1.0182911812871975,0.006191010916390902,0.0,0.4785578704883225,1
2.7083333333333335,11.0625,1.0231039250073342,0.006638503531713174,0.0,0.4740404282875251,1
3.125,11.0625,1.0283214457499832,0.0072461499411922235,0.0,0.46950673113530217,1
3.541666666666667,11.0625,1.0340948208809886,0.008151544704988606,0.0,0.4659349586630192,1
3.9583333333333335,11.0625,1.0404425770269774,0.008674730881005779,0.0,0.4559158903004711,1
4.375,11.0625,1.0487307470093645,0.015568450484980022,0.0,0.5020797627408952,1
4.791666666666667,11.0625,1.0547052584352468,0.0018449007268847369,0.0,0.3087107528402713,1
5.208333333333334,11.0625,1.0565209735276797,0.003324643699994886,0.0,0.27619694569798253,1
5.625,11.0625,1.0541716350392765,-0.009966445868212373,0.0,0.08515035980958724,1
6.041666666666667,11.0625,1.0473939054759578,-0.010436589277872665,0.0,0.04687561725607466,1
6.458333333333334,11.0625,1.0407349531815444,-0.008367480631667364,0.0,0.05175158126181726,1
6.875,11.0625,1.0351449344525532,-0.006742333510885995,0.0,0.05896893957505297,1
7.291666666666667,11.0625,1.0305001211419982,-0.005604580941060231,0.0,0.06321550592589247,1
7.708333333333334,11.0625,1.026586520168506,-0.004765732029135068,0.0,0.06489809753626606,1
8.125,11.0625,1.0232403649574047,-0.004113600333200797,0.0,0.06477266772183801,1
8.541666666666668,11.0625,1.0203459588979522,-0.0035861162895168414,0.0,0.06339740501790726,1
8.958333333333334,11.0625,1.0178212637335482,-0.0031466267502705267,0.0,0.0611571502438192,1
9.375,11.0625,1.0156066074941215,-0.0027722484944683306,0.0,0.05832229696413977,1
9.791666666666668,11.0625,1.013657090628734,-0.002448090099178228,0.0,0.055089953079745166,1
10.208333333333334,11.0625,1.0119376928524746,-0.002164101302277315,0.0,0.05160886946924695,1
10.625,11.0625,1.0104201591709525,-0.0019132520397013607,0.0,0.04799408933286237,1
11.041666666666668,11.0625,1.0090810127625094,-0.0016904443813833465,0.0,0.04433570384298238,1
11.458333333333334,11.0625,1.0079002716431122,-0.001491846315153277,0.0,0.04070434354113125,1
11.875,11.0625,1.0068606052377165,-0.001314474348324147,0.0,0.037154865007198765,1
12.291666666666668,11.0625,1.0059467687633905,-0.0011559259738105738,0.0,0.03372901795658936,1
12.708333333333334,11.0625,1.0051452157831928,-0.0010142045865335083,0.0,0.0304575108081956,1
13.125,11.0625,1.0044438269378486,-0.0008876029289612236,0.0,0.027361699158159197,1
13.541666666666668,11.0625,1.0038317155540417,-0.0007746245607595538,0.0,0.024455018703778763,1
13.958333333333334,11.0625,1.0032990846825567,-0.0006739305794349348,0.0,0.021744229363322317,1
14.375,11.0625,1.0028371187920038,-0.000584303342872188,0.0,0.019230507958207882,1
14.791666666666668,11.0625,1.002437898931022,-0.0005046217235005605,0.0,0.016910410262573863,1
15.208333333333334,11.0625,1.0020943338704755,-0.0004338441465182087,0.0,0.014776714443060975,1
15.625,11.0625,1.0018001022567913,-0.0003709968053267518,0.0,0.012819153710140146,1
16.041666666666668,11.0625,1.0015496025476458,-0.0003151652275084032,0.0,0.011025043577477385,1
16.458333333333336,11.0625,1.0013379087165037,-0.00026548793195042874,0.0,0.009379809104595082,1
16.875,11.0625,1.001160730571229,-0.0002211513609006221,0.0,0.007867417726758268,1
17.291666666666668,11.0625,1.0010143781799798,-0.00018138585073574742,0.0,0.006470726058298437,1
17.708333333333336,11.0625,1.0008957305488444,-0.0001454634955838147,0.0,0.005171755226273767,1
18.125,11.0625,1.0008022095382363,-0.000112704231350466,0.0,0.003951915567663521,1
18.541666666666668,11.0625,1.0007317701238487,-8.247467599601578e-05,0.0,0.00279258150364964,1
18.958333333333336,11.0625,1.000682827905969,-5.475670703166484e-05,0.0,0.0016717515209983829,1
19.375,11.0625,1.0006554216072014,-2.5340658939483867e-05,0.0,0.0006156195553603662,1
19.791666666666668,11.0625,1.0006396577349783,-2.5256942029621383e-05,0.0,-0.00021858725466821974,1
0.20833333333333334,11.4375,1.0002094183278045,-0.0003528144820114539,0.0,0.42828324601024276,1
0.625,11.4375,1.0020028253837596,0.0016763219376969096,0.0,0.47535297663008863,1
1.0416666666666667,11.4375,1.0055580639455366,0.0019838274464087594,0.0,0.4876216981673577,1
1.4583333333333335,11.4375,1.009603164189502,0.0019327204906938867,0.0,0.4862210295720068,1
1.875,11.4375,1.0138400728843746,0.0019562866099924045,0.0,0.4824502368853993,1
2.291666666666667,11.4375,1.0182878952717,0.002046790022871648,0.0,0.4781319949717071,1
2.7083333333333335,11.4375,1.0230242031695445,0.002188577969209399,0.0,0.47359362841704844,1
3.125,11.4375,1.0281507454591954,0.002386418774756284,0.0,0.46901010026088946,1
3.541666666666667,11.4375,1.0338143774674053,0.0027179694462304556,0.0,0.4653421823942698,1
3.9583333333333335,11.4375,1.0400286772020162,0.002802455847593357,0.0,0.4550654162005618,1
4.375,11.4375,1.0481468578120456,0.006675009986129601,0.0,0.5002495694803097,1
4.791666666666667,11.4375,1.0540551556395148,4.3812898699338804e-05,0.0,0.3115058283738943,1
5.208333333333334,11.4375,1.0558878826882339,0.001842133601555397,0.0,0.27605619035530377,1
5.625,11.4375,1.0536007943468069,-0.004311151623082275,0.0,0.08748496494447802,1
6.041666666666667,11.4375,1.0469645001192451,-0.004019262111446844,0.0,0.04789024019446871,1
6.458333333333334,11.4375,1.0404270329388563,-0.0029080302708800096,0.0,0.05205276009026999,1
6.875,11.4375,1.0349382555751143,-0.002230867388297162,0.0,0.058960627368935245,1
7.291666666666667,11.4375,1.0303746992564802,-0.0018285143970677607,0.0,0.06306983878521996,1
7.708333333333334,11.4375,1.0265237902913267,-0.0015537396279887196,0.0,0.0647128048690247,1
8.125,11.4375,1.0232247934433798,-0.001344955881290688,0.0,0.0646083555860033,1
8.541666666666668,11.4375,1.020365333164696,-0.0011762810371957243,0.0,0.06328899617532804,1
8.958333333333334,11.4375,1.017866224951651,-0.0010350389629225905,0.0,0.06112163567835283,1
9.375,11.4375,1.0156699969278762,-0.0009140404452993959,0.0,0.05836485890233184,1
9.791666666666668,11.4375,1.0137333726036455,-0.0008087710780274854,0.0,0.05520840960659074,1
10.208333333333334,11.4375,1.0120225241853313,-0.0007161987482819008,0.0,0.051796668642633235,1
10.625,11.4375,1.0105100921556263,-0.0006341854535670472,0.0,0.04824225031156438,1
11.041666666666668,11.4375,1.0091732960106956,-0.0005611626692917054,0.0,0.04463406560428035,1
11.458333333333334,11.4375,1.0079927151312225,-0.0004959382279460341,0.0,0.04104237762836943,1
11.875,11.4375,1.0069514849221992,-0.0004375754823751579,0.0,0.03752221414343369,1
12.291666666666668,11.4375,1.0060347548442383,-0.00038531494264822547,0.0,0.034115856006479504,1
12.708333333333334,11.4375,1.0052293150987777,-0.0003385221645723765,0.0,0.030854779927085234,1
13.125,11.4375,1.004523334114717,-0.0002966525044955106,0.0,0.027761257318762788,1
13.541666666666668,11.4375,1.0039061700127063,-0.0002592270479477632,0.0,0.02484971884815694,1
13.958333333333334,11.4375,1.0033682320098523,-0.00022581610531160337,0.0,0.02212794510182903,1
14.375,11.4375,1.0029008757550644,-0.0001960278862590039,0.0,0.019598117342331026,1
14.791666666666668,11.4375,1.0024963217929517,-0.00016950073945923923,0.0,0.017257747086610545,1
15.208333333333334,11.4375,1.0021475898441137,-0.00014589782230898016,0.0,0.015100495685431207,1
15.625,11.4375,1.0018484439873703,-0.0001249034062272548,0.0,0.013116890307322313,1
16.041666666666668,11.4375,1.001593345505261,-0.00010622025457441172,0.0,0.011294941363967725,1
16.458333333333336,11.4375,1.0013774113387552,-8.956770719279139e-05,0.0,0.009620665469705404,1
16.875,11.4375,1.00119637695432,-7.468030898067626e-05,0.0,0.008078519557456223,1
17.291666666666668,11.4375,1.001046563089203,-6.13072720948955e-05,0.0,0.006651753371111276,1
17.708333333333336,11.4375,1.000924846579589,-4.9214347656930886e-05,0.0,0.005322697467234102,1
18.125,11.4375,1.0008286365832628,-3.819547273892371e-05,0.0,0.004073012897631152,1
18.541666666666668,11.4375,1.0007558690942122,-2.80972209868561e-05,0.0,0.0028843530637706247,1
18.958333333333336,11.4375,1.0007049411839413,-1.925104624441056e-05,0.0,0.0017350708477693753,1
19.375,11.4375,1.0006758829443547,-1.0028235047328327e-05,0.0,0.0006515482200151047,1
19.791666666666668,11.4375,1.0006603109276795,-1.236706612773926e-05,0.0,-0.00015469485336009497,1
0.20833333333333334,11.8125,0.9996992827902162,-0.00027064548858368433,0.0,0.4688800692977954,1
0.625,11.8125,0.9995378611814267,0.00012536604112852492,0.0,0.518999604261761,1
1.0416666666666667,11.8125,0.9997936582246318,0.000104851298082172,0.0,0.5459032057266568,1
1.4583333333333335,11.8125,0.9999469680675487,3.3127560688324474e-05,0.0,0.553389900156445,1
1.875,11.8125,0.999989073220503,4.767077052199775e-06,0.0,0.5547418611352077,1
2.291666666666667,11.8125,0.9999890934897736,-4.748834900252072e-06,0.0,0.55521103007261,1
2.7083333333333335,11.8125,0.9999739217588953,-8.905722962653634e-06,0.0,0.5565596128396028,1
3.125,11.8125,0.9999523154718281,-1.0539935251364799e-05,0.0,0.5595574035900582,1
3.541666666666667,11.8125,0.9999562707016644,1.4099641932741936e-05,0.0,0.5645070342015968,1
3.9583333333333335,11.8125,0.9999160237755254,-5.032187552336668e-05,0.0,0.5668456199793305,1
4.375,11.8125,1.0011221922673377,0.0011358735180573003,0.0,0.5785030716140501,1
4.791666666666667,11.8125,1.0019007227344487,-0.0004351960977898762,0.0,0.37981357542304617,1
5.208333333333334,11.8125,1.0020321072658378,0.0005534421761263085,0.0,0.26171594920591107,1
5.625,11.8125,1.0018039747576606,-0.0007587614333142876,0.0,0.041129031116739316,1
6.041666666666667,11.8125,1.000494114240766,-0.0004201130316712656,0.0,-0.03894651040416759,1
6.458333333333334,11.8125,0.999914352062703,-0.00010167292845414714,0.0,-0.04122334234422317,1
6.875,11.8125,0.9998037976004241,2.1739124783635468e-06,0.0,-0.024671854187982983,1
7.291666666666667,11.8125,0.999830363656649,2.1735538194886438e-05,0.0,-0.00852294241490252,1
7.708333333333334,11.8125,0.9998767881249445,2.00464835558236e-05,0.0,0.0036008697038423785,1
8.125,11.8125,0.9999159001543425,1.5154343299394741e-05,0.0,0.01201237009434792,1
8.541666666666668,11.8125,0.9999449431165519,1.098432273518538e-05,0.0,0.017617510646754233,1
8.958333333333334,11.8125,0.9999659861116079,7.95437305823926e-06,0.0,0.021188517335700673,1
9.375,11.8125,0.9999812782294926,5.808533486338028e-06,0.0,0.023286492045447738,1
9.791666666666668,11.8125,0.9999924728781666,4.266650664338763e-06,0.0,0.024308812420274495,1
10.208333333333334,11.8125,1.000000691627855,3.13022447940252e-06,0.0,0.02454101235100581,1
10.625,11.8125,1.0000066941968597,2.2720879320301955e-06,0.0,0.024193541111109676,1
11.041666666666668,11.8125,1.0000110099786828,1.6121158318030903e-06,0.0,0.023425312874374257,1
11.458333333333334,11.8125,1.0000140221424452,1.098831360786469e-06,0.0,0.022358544663981603,1
11.875,11.8125,1.000016018519204,6.97907570518816e-07,0.0,0.021088289133519744,1
12.291666666666668,11.8125,1.0000172222110648,3.854150094019293e-07,0.0,0.019688791463313517,1
12.708333333333334,11.8125,1.0000178103576065,1.439167606593993e-07,0.0,0.01821792062274335,1
13.125,11.8125,1.0000179260332,-3.9808524985831184e-08,0.0,0.016720398528908283,1
13.541666666666668,11.8125,1.000017686110161,-1.7612174354586074e-07,0.0,0.015230248422732925,1
13.958333333333334,11.8125,1.0000171866929612,-2.7335361440396894e-07,0.0,0.01377271350206842,1
14.375,11.8125,1.0000165070472598,-3.3832747429030205e-07,0.0,0.012365799595863815,1
14.791666666666668,11.8125,1.0000157125695026,-3.767022920734585e-07,0.0,0.011021538958799006,1
15.208333333333334,11.8125,1.0000148571206497,-3.932014865756347e-07,0.0,0.009747038012087823,1
15.625,11.8125,1.0000139849220049,-3.917771356403823e-07,0.0,0.008545352183828422,1
16.041666666666668,11.8125,1.0000131321292858,-3.757361547794373e-07,0.0,0.007416217677927578,1
16.458333333333336,11.8125,1.0000123281225082,-3.4786981785599517e-07,0.0,0.006356663969547548,1
16.875,11.8125,1.0000115964164702,-3.106654273938427e-07,0.0,0.005361530593236985,1
17.291666666666668,11.8125,1.0000109546922862,-2.668860413951972e-07,0.0,0.0044239278911635095,1
17.708333333333336,11.8125,1.0000104120467883,-2.214947434911652e-07,0.0,0.003535748545559812,1
18.125,11.8125,1.0000099560335864,-1.8891720413852562e-07,0.0,0.002688586759763424,1
18.541666666666668,11.8125,1.0000095105035833,-2.120597434409478e-07,0.0,0.0018764096145109698,1
18.958333333333336,11.8125,1.0000086698653874,-5.445145540626632e-07,0.0,0.0011035028292255568,1
19.375,11.8125,1.0000069327175636,-1.0189186128943839e-06,0.0,0.00043143204991565395,1
19.791666666666668,11.8125,1.0000022768917112,-3.1713247822827412e-06,0.0,-5.195009805129215e-05,1
