ISO-10303-21;
HEADER;
/* Generated by software containing ST-Developer
 * from STEP Tools, Inc. (www.steptools.com) 
 */
/* OPTION: using custom schema-name function */

FILE_DESCRIPTION(
/* description */ (''),
/* implementation_level */ '2;1');

FILE_NAME(
/* name */ '2010_30p30n_thik_te_igs.stp',
/* time_stamp */ '2011-11-28T14:37:57-05:00',
/* author */ (''),
/* organization */ (''),
/* preprocessor_version */ 'ST-DEVELOPER v11',
/* originating_system */ 'SIEMENS PLM Software NX 7.5',
/* authorisation */ '');

FILE_SCHEMA (('CONFIG_CONTROL_DESIGN'));
ENDSEC;

DATA;
#10=SHAPE_REPRESENTATION_RELATIONSHIP('None',
'relationship between 2010_30p30n_thik_te_igs-None and 2010_30p30n_thik
_te_igs-None',#94,#11);
#11=GEOMETRICALLY_BOUNDED_WIREFRAME_SHAPE_REPRESENTATION(
'2010_30p30n_thik_te_igs-None',(#95),#2282);
#12=CC_DESIGN_APPROVAL(#24,(#82));
#13=CC_DESIGN_APPROVAL(#25,(#84));
#14=CC_DESIGN_APPROVAL(#26,(#31));
#15=APPROVAL_PERSON_ORGANIZATION(#69,#24,#18);
#16=APPROVAL_PERSON_ORGANIZATION(#70,#25,#19);
#17=APPROVAL_PERSON_ORGANIZATION(#71,#26,#20);
#18=APPROVAL_ROLE('approver');
#19=APPROVAL_ROLE('approver');
#20=APPROVAL_ROLE('approver');
#21=APPROVAL_DATE_TIME(#39,#24);
#22=APPROVAL_DATE_TIME(#40,#25);
#23=APPROVAL_DATE_TIME(#41,#26);
#24=APPROVAL(#27,' ');
#25=APPROVAL(#28,' ');
#26=APPROVAL(#29,' ');
#27=APPROVAL_STATUS('not_yet_approved');
#28=APPROVAL_STATUS('not_yet_approved');
#29=APPROVAL_STATUS('not_yet_approved');
#30=CC_DESIGN_SECURITY_CLASSIFICATION(#31,(#84));
#31=SECURITY_CLASSIFICATION(' ',' ',#32);
#32=SECURITY_CLASSIFICATION_LEVEL('confidential');
#33=CC_DESIGN_DATE_AND_TIME_ASSIGNMENT(#37,#35,(#82));
#34=CC_DESIGN_DATE_AND_TIME_ASSIGNMENT(#38,#36,(#31));
#35=DATE_TIME_ROLE('creation_date');
#36=DATE_TIME_ROLE('classification_date');
#37=DATE_AND_TIME(#52,#42);
#38=DATE_AND_TIME(#53,#43);
#39=DATE_AND_TIME(#54,#44);
#40=DATE_AND_TIME(#55,#45);
#41=DATE_AND_TIME(#56,#46);
#42=LOCAL_TIME(0,0,0.,#47);
#43=LOCAL_TIME(0,0,0.,#48);
#44=LOCAL_TIME(0,0,0.,#49);
#45=LOCAL_TIME(0,0,0.,#50);
#46=LOCAL_TIME(0,0,0.,#51);
#47=COORDINATED_UNIVERSAL_TIME_OFFSET(0,0,.BEHIND.);
#48=COORDINATED_UNIVERSAL_TIME_OFFSET(0,0,.BEHIND.);
#49=COORDINATED_UNIVERSAL_TIME_OFFSET(0,0,.BEHIND.);
#50=COORDINATED_UNIVERSAL_TIME_OFFSET(0,0,.BEHIND.);
#51=COORDINATED_UNIVERSAL_TIME_OFFSET(0,0,.BEHIND.);
#52=CALENDAR_DATE(0,1,1);
#53=CALENDAR_DATE(0,1,1);
#54=CALENDAR_DATE(0,1,1);
#55=CALENDAR_DATE(0,1,1);
#56=CALENDAR_DATE(0,1,1);
#57=CC_DESIGN_PERSON_AND_ORGANIZATION_ASSIGNMENT(#65,#61,(#82,#84));
#58=CC_DESIGN_PERSON_AND_ORGANIZATION_ASSIGNMENT(#66,#62,(#86));
#59=CC_DESIGN_PERSON_AND_ORGANIZATION_ASSIGNMENT(#67,#63,(#84));
#60=CC_DESIGN_PERSON_AND_ORGANIZATION_ASSIGNMENT(#68,#64,(#31));
#61=PERSON_AND_ORGANIZATION_ROLE('creator');
#62=PERSON_AND_ORGANIZATION_ROLE('design_owner');
#63=PERSON_AND_ORGANIZATION_ROLE('design_supplier');
#64=PERSON_AND_ORGANIZATION_ROLE('classification_officer');
#65=PERSON_AND_ORGANIZATION(#79,#72);
#66=PERSON_AND_ORGANIZATION(#79,#73);
#67=PERSON_AND_ORGANIZATION(#79,#74);
#68=PERSON_AND_ORGANIZATION(#79,#75);
#69=PERSON_AND_ORGANIZATION(#79,#76);
#70=PERSON_AND_ORGANIZATION(#79,#77);
#71=PERSON_AND_ORGANIZATION(#79,#78);
#72=ORGANIZATION(' ',' ',' ');
#73=ORGANIZATION(' ',' ',' ');
#74=ORGANIZATION(' ',' ',' ');
#75=ORGANIZATION(' ',' ',' ');
#76=ORGANIZATION(' ',' ',' ');
#77=ORGANIZATION(' ',' ',' ');
#78=ORGANIZATION(' ',' ',' ');
#79=PERSON(' ',' ',' ',(' '),$,$);
#80=SHAPE_DEFINITION_REPRESENTATION(#81,#94);
#81=PRODUCT_DEFINITION_SHAPE('','',#82);
#82=PRODUCT_DEFINITION(' ','',#84,#83);
#83=DESIGN_CONTEXT('',#93,'design');
#84=PRODUCT_DEFINITION_FORMATION_WITH_SPECIFIED_SOURCE(' ',' ',#86,.NOT_KNOWN.);
#85=PRODUCT_RELATED_PRODUCT_CATEGORY('detail','',(#86));
#86=PRODUCT('2010_30p30n_thik_te_igs','2010_30p30n_thik_te_igs',' ',(#91));
#87=PRODUCT_CATEGORY_RELATIONSHIP(' ',' ',#89,#90);
#88=PRODUCT_CATEGORY_RELATIONSHIP('','',#90,#85);
#89=PRODUCT_CATEGORY('part',' ');
#90=PRODUCT_CATEGORY(' ','');
#91=MECHANICAL_CONTEXT(' ',#93,'mechanical');
#92=APPLICATION_PROTOCOL_DEFINITION('international standard',
'config_control_design',1994,#93);
#93=APPLICATION_CONTEXT(
'configuration controlled 3D designs of mechanical parts and assemblies');
#94=SHAPE_REPRESENTATION('2010_30p30n_thik_te_igs-None',(#107),#2282);
#95=GEOMETRIC_CURVE_SET('None',(#111,#96,#97,#98,#99,#100,#101,#102,#103,
#104,#105,#106));
#96=B_SPLINE_CURVE_WITH_KNOTS('1993_EXTENDED_SLAT-B_SPLINE-5',3,(#112,#113,
#114,#115,#116,#117),.UNSPECIFIED.,.F.,.F.,(4,2,4),(0.,0.1376247256301,1.),
 .UNSPECIFIED.);
#97=B_SPLINE_CURVE_WITH_KNOTS('1993_EXTENDED_SLAT-B_SPLINE-6',3,(#118,#119,
#120,#121),.UNSPECIFIED.,.F.,.F.,(4,4),(0.,1.),.UNSPECIFIED.);
#98=B_SPLINE_CURVE_WITH_KNOTS('1993_EXTENDED_SLAT-B_SPLINE-7',3,(#122,#123,
#124,#125,#126,#127,#128,#129,#130,#131,#132,#133,#134,#135,#136,#137,#138,
#139,#140,#141,#142,#143,#144,#145,#146,#147,#148,#149,#150,#151,#152,#153,
#154,#155,#156,#157,#158,#159,#160,#161,#162,#163,#164,#165,#166,#167,#168,
#169,#170,#171),.UNSPECIFIED.,.F.,.F.,(4,2,2,2,2,2,2,2,2,2,2,2,2,2,2,2,2,
2,2,2,2,2,2,2,4),(0.,0.0304546703829,0.06928084470597,0.07612648259472,0.1151502850596,
0.2086318776253,0.303084972643,0.3502458813662,0.4436228009132,0.5346758709666,
0.5789241171394,0.6640237406123,0.7435254180654,0.816211415047,0.8760331471514,
0.8959005422756,0.918381671367,0.9332067951746,0.948629674752,0.964054144392,
0.9705446121873,0.9746338511501,0.980291399357,0.9915442026332,1.),.UNSPECIFIED.);
#99=B_SPLINE_CURVE_WITH_KNOTS('1993_EXTENDED_SLAT-B_SPLINE-8',3,(#172,#173,
#174,#175,#176,#177,#178,#179,#180,#181,#182,#183,#184,#185,#186,#187,#188,
#189,#190,#191,#192,#193,#194,#195,#196,#197,#198,#199,#200,#201,#202,#203,
#204,#205,#206,#207,#208,#209,#210,#211,#212,#213,#214,#215,#216,#217,#218,
#219,#220,#221,#222,#223,#224,#225,#226,#227,#228,#229,#230,#231,#232,#233,
#234,#235,#236,#237,#238,#239,#240,#241,#242,#243,#244,#245,#246,#247),.UNSPECIFIED.,
 .F.,.F.,(4,2,2,2,2,2,2,2,2,2,2,2,2,2,2,2,2,2,2,2,2,2,2,2,2,2,2,2,2,2,2,
2,2,2,2,2,2,4),(0.,0.01162269720844,0.02329538923986,0.03499097547767,0.04790588116003,
0.05839992193457,0.07010780964346,0.08181543837281,0.0935243882331,0.1052336686598,
0.1169423612565,0.1286516548228,0.1403609230691,0.1530148741476,0.1666146148041,
0.1821414168524,0.2199282779645,0.2802690962368,0.3121110821439,0.3466573726684,
0.3811695806187,0.4521637048642,0.5248655446762,0.5615067121719,0.6346605053637,
0.7067084000103,0.7367046822806,0.7419699241367,0.7834989166398,0.7952044727409,
0.8226291305029,0.824487737911,0.8537990961384,0.8831441547399,0.9125295500171,
0.9419636933471,0.9714560101899,1.),.UNSPECIFIED.);
#100=B_SPLINE_CURVE_WITH_KNOTS('1993_EXTENDED_SLAT-B_SPLINE-9',3,(#248,#249,
#250,#251),.UNSPECIFIED.,.F.,.F.,(4,4),(0.,1.),.UNSPECIFIED.);
#101=B_SPLINE_CURVE_WITH_KNOTS('1993_EXTENDED_SLAT-B_SPLINE-10',3,(#252,
#253,#254,#255,#256,#257,#258,#259,#260,#261,#262,#263,#264,#265,#266,#267,
#268,#269,#270,#271,#272,#273,#274,#275,#276,#277,#278,#279,#280,#281,#282,
#283,#284,#285,#286,#287,#288,#289,#290,#291,#292,#293,#294,#295,#296,#297,
#298,#299,#300,#301,#302,#303,#304,#305),.UNSPECIFIED.,.F.,.F.,(4,2,2,2,
2,2,2,2,2,2,2,2,2,2,2,2,2,2,2,2,2,2,2,2,2,2,4),(0.,0.004835693084845,0.01615598865831,
0.03588272202557,0.06292090671934,0.09679895823968,0.1369656810195,0.1827630621977,
0.2334297418876,0.2881490631858,0.3460889926875,0.4063531350303,0.4679941262411,
0.5300423072251,0.5915026647962,0.6513649122525,0.7086286795309,0.762329031212,
0.8115589806943,0.8552977334999,0.892255819164,0.9232846979915,0.9490499773797,
0.9704760905188,0.980382498731,0.9901717481325,1.),.UNSPECIFIED.);
#102=B_SPLINE_CURVE_WITH_KNOTS('1993_EXTENDED_SLAT-B_SPLINE-11',3,(#306,
#307,#308,#309,#310,#311,#312,#313,#314,#315,#316,#317,#318,#319,#320,#321,
#322,#323,#324,#325,#326,#327,#328,#329,#330,#331,#332,#333,#334,#335,#336,
#337,#338,#339,#340,#341,#342,#343,#344,#345,#346,#347,#348,#349,#350,#351,
#352,#353,#354,#355,#356,#357,#358,#359,#360,#361,#362,#363,#364,#365,#366,
#367,#368,#369,#370,#371,#372,#373),.UNSPECIFIED.,.F.,.F.,(4,2,2,2,2,2,2,
2,2,2,2,2,2,2,2,2,2,2,2,2,2,2,2,2,2,2,2,2,2,2,2,2,2,4),(0.,0.009776432812628,
0.01963186149924,0.02978310064179,0.0405691513264,0.05230161226754,0.06519628122539,
0.07938159987598,0.09493058227763,0.1118782056858,0.1302299686264,0.1499646734728,
0.1710349269431,0.1933802356664,0.2169315315218,0.2416156804162,0.2940542620296,
0.3499852011503,0.4085993853822,0.4690311298676,0.5303842562165,0.5916598738334,
0.6517602591192,0.7097507082446,0.7647187641971,0.8157708587373,0.8620721336904,
0.9027886712713,0.9370943621671,0.9643740214432,0.9842692996392,0.9911692330763,
0.9956122564133,1.),.UNSPECIFIED.);
#103=B_SPLINE_CURVE_WITH_KNOTS('1993_EXTENDED_SLAT-B_SPLINE-12',3,(#374,
#375,#376,#377),.UNSPECIFIED.,.F.,.F.,(4,4),(0.,1.),.UNSPECIFIED.);
#104=B_SPLINE_CURVE_WITH_KNOTS('2010_EXTENDED_SLAT-B_SPLINE-1',3,(#378,#379,
#380,#381,#382,#383,#384,#385,#386,#387,#388,#389,#390,#391,#392,#393,#394,
#395,#396,#397,#398,#399,#400,#401,#402,#403,#404,#405,#406,#407,#408,#409,
#410,#411,#412,#413,#414,#415,#416,#417,#418,#419,#420,#421,#422,#423,#424,
#425,#426,#427,#428,#429,#430,#431,#432,#433,#434,#435,#436,#437,#438,#439,
#440,#441,#442,#443,#444,#445,#446,#447,#448,#449,#450,#451,#452,#453,#454,
#455,#456,#457,#458,#459,#460,#461,#462,#463,#464,#465,#466,#467,#468,#469,
#470,#471,#472,#473,#474,#475,#476,#477,#478,#479,#480,#481,#482,#483,#484,
#485,#486,#487,#488,#489,#490,#491,#492,#493,#494,#495,#496,#497,#498,#499,
#500,#501,#502,#503,#504,#505,#506,#507,#508,#509,#510,#511,#512,#513,#514,
#515,#516,#517,#518,#519,#520,#521,#522,#523,#524,#525,#526,#527,#528,#529,
#530,#531,#532,#533,#534,#535,#536,#537,#538,#539,#540,#541,#542,#543,#544,
#545,#546,#547,#548,#549,#550,#551,#552,#553,#554,#555),.UNSPECIFIED.,.F.,
 .F.,(4,2,2,2,2,2,2,2,2,2,2,2,2,2,2,2,2,2,2,2,2,2,2,2,2,2,2,2,2,2,2,2,2,
2,2,2,2,2,2,2,2,2,2,2,2,2,2,2,2,2,2,2,2,2,2,2,2,2,2,2,2,2,2,2,2,2,2,2,2,
2,2,2,2,2,2,2,2,2,2,2,2,2,2,2,2,2,2,2,4),(0.,0.003229177135367,0.006458354270052,
0.009687531403807,0.01348000761459,0.01750253608537,0.02186800403833,0.02643475013637,
0.03100149623608,0.03612484946961,0.04148822076148,0.04717693507853,0.05363528934682,
0.06009364361497,0.06711228662343,0.07435780225241,0.08194275467385,0.09029481715578,
0.09888040033593,0.1077947364792,0.1174822678812,0.1279545851066,0.1387648055475,
0.1497891105433,0.161370143183,0.1742868517188,0.1872035602543,0.2001202687915,
0.2143736235148,0.2291837165649,0.2439938096157,0.2601396952881,0.2762855809597,
0.2929897059223,0.3096938308848,0.3277330261353,0.3457722213852,0.3640392057801,
0.3826378122683,0.4020128750735,0.4213879378794,0.4407630006864,0.4606960622745,
0.4806291238641,0.5000041866694,0.5199372482611,0.5400945358188,0.5594695986229,
0.5794026602128,0.5987777230199,0.6173763295074,0.6361959553506,0.654794561838,
0.6728337570893,0.6903162086065,0.7077986601235,0.7245027850856,0.7406486707572,
0.7560187304595,0.7716094520992,0.7858628068214,0.7999000928352,0.8136003311319,
0.826517039669,0.8386588878433,0.8508007360176,0.8618250410117,0.8728493460071,
0.8830960524751,0.8927835838784,0.9019170760757,0.9102691385567,0.9186212010381,
0.926416561858,0.9334352048644,0.9404538478712,0.9469122021398,0.9533705564089,
0.9587339277025,0.9644226420189,0.9695459952526,0.9741127413514,0.97867948745,
0.9830449554039,0.987067483874,0.9902966610082,0.9940891372183,0.997318314353,
1.),.UNSPECIFIED.);
#105=B_SPLINE_CURVE_WITH_KNOTS('2010_EXTENDED_SLAT-B_SPLINE-2',3,(#556,#557,
#558,#559,#560,#561,#562,#563,#564,#565,#566,#567,#568,#569,#570,#571,#572,
#573,#574,#575,#576,#577,#578,#579,#580,#581,#582,#583,#584,#585,#586,#587,
#588,#589,#590,#591,#592,#593,#594,#595,#596,#597,#598,#599,#600,#601,#602,
#603,#604,#605,#606,#607,#608,#609,#610,#611,#612,#613,#614,#615,#616,#617,
#618,#619,#620,#621,#622,#623,#624,#625,#626,#627,#628,#629,#630,#631,#632,
#633,#634,#635,#636,#637,#638,#639,#640,#641,#642,#643,#644,#645,#646,#647,
#648,#649,#650,#651,#652,#653,#654,#655,#656,#657,#658,#659,#660,#661,#662,
#663,#664,#665,#666,#667,#668,#669,#670,#671,#672,#673,#674,#675,#676,#677,
#678,#679,#680,#681,#682,#683,#684,#685,#686,#687,#688,#689,#690,#691,#692,
#693,#694,#695,#696,#697,#698,#699,#700,#701,#702,#703,#704,#705,#706,#707,
#708,#709,#710,#711,#712,#713,#714,#715,#716,#717,#718,#719,#720,#721,#722,
#723,#724,#725,#726,#727,#728,#729,#730,#731,#732,#733,#734,#735,#736,#737,
#738,#739,#740,#741,#742,#743,#744,#745,#746,#747,#748,#749,#750,#751,#752,
#753,#754,#755,#756,#757,#758,#759,#760,#761,#762,#763,#764,#765,#766,#767,
#768,#769,#770,#771,#772,#773,#774,#775,#776,#777,#778,#779,#780,#781,#782,
#783,#784,#785,#786,#787,#788,#789,#790,#791,#792,#793,#794,#795,#796,#797,
#798,#799,#800,#801,#802,#803,#804,#805,#806,#807,#808,#809,#810,#811,#812,
#813,#814,#815,#816,#817,#818,#819,#820,#821,#822,#823,#824,#825,#826,#827,
#828,#829,#830,#831,#832,#833,#834,#835,#836,#837,#838,#839,#840,#841,#842,
#843,#844,#845,#846,#847,#848,#849,#850,#851,#852,#853,#854,#855,#856,#857,
#858,#859,#860,#861,#862,#863,#864,#865,#866,#867,#868,#869,#870,#871,#872,
#873,#874,#875,#876,#877,#878,#879,#880,#881,#882,#883,#884,#885,#886,#887,
#888,#889,#890,#891,#892,#893,#894,#895,#896,#897,#898,#899,#900,#901,#902,
#903,#904,#905,#906,#907,#908,#909,#910,#911,#912,#913,#914,#915,#916,#917,
#918,#919,#920,#921,#922,#923,#924,#925,#926,#927,#928,#929,#930,#931,#932,
#933,#934,#935,#936,#937,#938,#939,#940,#941,#942,#943,#944,#945,#946,#947,
#948,#949,#950,#951,#952,#953,#954,#955,#956,#957,#958,#959,#960,#961,#962,
#963,#964,#965,#966,#967,#968,#969,#970,#971,#972,#973,#974,#975,#976,#977,
#978,#979,#980,#981,#982,#983,#984,#985,#986,#987,#988,#989,#990,#991,#992,
#993,#994,#995,#996,#997,#998,#999,#1000,#1001,#1002,#1003,#1004,#1005,#1006,
#1007,#1008,#1009,#1010,#1011,#1012,#1013,#1014,#1015,#1016,#1017,#1018,
#1019,#1020,#1021,#1022,#1023,#1024,#1025,#1026,#1027,#1028,#1029,#1030,
#1031,#1032,#1033,#1034,#1035,#1036,#1037,#1038,#1039,#1040,#1041,#1042,
#1043,#1044,#1045,#1046,#1047,#1048,#1049,#1050,#1051,#1052,#1053,#1054,
#1055,#1056,#1057,#1058,#1059,#1060,#1061,#1062,#1063,#1064,#1065,#1066,
#1067,#1068,#1069,#1070,#1071,#1072,#1073,#1074,#1075,#1076,#1077,#1078,
#1079,#1080,#1081,#1082,#1083,#1084,#1085,#1086,#1087,#1088,#1089,#1090,
#1091,#1092,#1093,#1094,#1095,#1096,#1097,#1098,#1099,#1100,#1101,#1102,
#1103,#1104,#1105,#1106,#1107,#1108,#1109,#1110,#1111,#1112,#1113,#1114,
#1115,#1116,#1117,#1118,#1119,#1120,#1121,#1122,#1123,#1124,#1125,#1126,
#1127,#1128,#1129,#1130,#1131,#1132,#1133,#1134,#1135,#1136,#1137,#1138,
#1139,#1140,#1141,#1142,#1143,#1144,#1145,#1146,#1147,#1148,#1149,#1150,
#1151,#1152,#1153,#1154,#1155,#1156,#1157,#1158,#1159,#1160,#1161,#1162,
#1163,#1164,#1165,#1166,#1167,#1168,#1169,#1170,#1171,#1172,#1173,#1174,
#1175,#1176,#1177,#1178,#1179,#1180,#1181,#1182,#1183,#1184,#1185,#1186,
#1187,#1188,#1189,#1190,#1191,#1192,#1193,#1194,#1195,#1196,#1197,#1198,
#1199,#1200,#1201,#1202,#1203,#1204,#1205,#1206,#1207,#1208,#1209,#1210,
#1211,#1212,#1213,#1214,#1215,#1216,#1217,#1218,#1219,#1220,#1221,#1222,
#1223,#1224,#1225,#1226,#1227,#1228,#1229,#1230,#1231,#1232,#1233,#1234,
#1235,#1236,#1237,#1238,#1239,#1240,#1241,#1242,#1243,#1244,#1245,#1246,
#1247,#1248,#1249,#1250,#1251,#1252,#1253,#1254,#1255,#1256,#1257,#1258,
#1259,#1260,#1261,#1262,#1263,#1264,#1265,#1266,#1267,#1268,#1269,#1270,
#1271,#1272,#1273,#1274,#1275,#1276,#1277,#1278,#1279,#1280,#1281,#1282,
#1283,#1284,#1285,#1286,#1287,#1288,#1289,#1290,#1291,#1292,#1293,#1294,
#1295,#1296,#1297,#1298,#1299,#1300,#1301,#1302,#1303,#1304,#1305,#1306,
#1307,#1308,#1309,#1310,#1311,#1312,#1313,#1314,#1315,#1316,#1317,#1318,
#1319,#1320,#1321,#1322,#1323,#1324,#1325,#1326,#1327,#1328,#1329,#1330,
#1331,#1332,#1333,#1334,#1335,#1336,#1337,#1338,#1339,#1340,#1341,#1342,
#1343,#1344,#1345,#1346,#1347,#1348,#1349,#1350,#1351,#1352,#1353,#1354,
#1355,#1356,#1357,#1358,#1359,#1360,#1361,#1362,#1363,#1364,#1365,#1366,
#1367,#1368,#1369,#1370,#1371,#1372,#1373,#1374,#1375,#1376,#1377,#1378,
#1379,#1380,#1381,#1382,#1383,#1384,#1385,#1386,#1387,#1388,#1389,#1390,
#1391,#1392,#1393,#1394,#1395,#1396,#1397,#1398,#1399,#1400,#1401,#1402,
#1403,#1404,#1405,#1406,#1407,#1408,#1409,#1410,#1411,#1412,#1413,#1414,
#1415,#1416,#1417,#1418,#1419,#1420,#1421,#1422,#1423,#1424,#1425,#1426,
#1427,#1428,#1429,#1430,#1431,#1432,#1433,#1434,#1435,#1436,#1437,#1438,
#1439,#1440,#1441,#1442,#1443,#1444,#1445,#1446,#1447,#1448,#1449,#1450,
#1451,#1452,#1453,#1454,#1455,#1456,#1457,#1458,#1459,#1460,#1461,#1462,
#1463,#1464,#1465,#1466,#1467,#1468,#1469,#1470,#1471,#1472,#1473,#1474,
#1475,#1476,#1477,#1478,#1479,#1480,#1481,#1482,#1483,#1484,#1485,#1486,
#1487,#1488,#1489,#1490,#1491,#1492,#1493,#1494,#1495,#1496,#1497,#1498,
#1499,#1500,#1501,#1502,#1503,#1504,#1505,#1506,#1507,#1508,#1509,#1510,
#1511,#1512,#1513,#1514,#1515,#1516,#1517,#1518,#1519,#1520,#1521,#1522,
#1523,#1524,#1525,#1526,#1527,#1528,#1529,#1530,#1531,#1532,#1533,#1534,
#1535,#1536,#1537,#1538,#1539,#1540,#1541,#1542,#1543,#1544,#1545,#1546,
#1547,#1548,#1549,#1550,#1551,#1552,#1553,#1554,#1555,#1556,#1557,#1558,
#1559,#1560,#1561,#1562,#1563,#1564,#1565,#1566,#1567,#1568,#1569,#1570,
#1571,#1572,#1573,#1574,#1575,#1576,#1577,#1578,#1579,#1580,#1581,#1582,
#1583,#1584,#1585,#1586,#1587,#1588,#1589,#1590,#1591,#1592,#1593,#1594,
#1595,#1596,#1597,#1598,#1599,#1600,#1601,#1602,#1603,#1604,#1605,#1606,
#1607,#1608,#1609,#1610,#1611,#1612,#1613,#1614,#1615,#1616,#1617,#1618,
#1619,#1620,#1621,#1622,#1623,#1624,#1625,#1626,#1627,#1628,#1629,#1630,
#1631,#1632,#1633,#1634,#1635,#1636,#1637,#1638,#1639,#1640,#1641,#1642,
#1643,#1644,#1645,#1646,#1647,#1648,#1649,#1650,#1651,#1652,#1653,#1654,
#1655,#1656,#1657,#1658,#1659,#1660,#1661,#1662,#1663,#1664,#1665,#1666,
#1667,#1668,#1669,#1670,#1671,#1672,#1673,#1674,#1675,#1676,#1677,#1678,
#1679,#1680,#1681,#1682,#1683,#1684,#1685,#1686,#1687,#1688,#1689,#1690,
#1691,#1692,#1693,#1694,#1695,#1696,#1697,#1698,#1699,#1700,#1701,#1702,
#1703,#1704,#1705,#1706,#1707,#1708,#1709,#1710,#1711,#1712,#1713,#1714,
#1715,#1716,#1717,#1718,#1719,#1720,#1721,#1722,#1723,#1724,#1725,#1726,
#1727,#1728,#1729,#1730,#1731,#1732,#1733,#1734,#1735,#1736,#1737,#1738,
#1739,#1740,#1741,#1742,#1743,#1744,#1745,#1746,#1747,#1748,#1749,#1750,
#1751,#1752,#1753,#1754,#1755,#1756,#1757,#1758,#1759,#1760,#1761,#1762,
#1763,#1764,#1765,#1766,#1767,#1768,#1769,#1770,#1771,#1772,#1773,#1774,
#1775,#1776,#1777,#1778,#1779,#1780,#1781,#1782,#1783,#1784,#1785,#1786,
#1787,#1788,#1789,#1790,#1791,#1792,#1793,#1794,#1795,#1796,#1797,#1798,
#1799,#1800,#1801,#1802,#1803,#1804,#1805,#1806,#1807,#1808,#1809,#1810,
#1811,#1812,#1813,#1814,#1815,#1816,#1817,#1818,#1819,#1820,#1821,#1822,
#1823,#1824,#1825,#1826,#1827,#1828,#1829,#1830,#1831,#1832,#1833,#1834,
#1835,#1836,#1837,#1838,#1839,#1840,#1841,#1842,#1843,#1844,#1845,#1846,
#1847,#1848,#1849,#1850,#1851,#1852,#1853,#1854,#1855,#1856,#1857,#1858,
#1859,#1860,#1861,#1862,#1863,#1864,#1865,#1866,#1867,#1868,#1869,#1870,
#1871,#1872,#1873,#1874,#1875,#1876,#1877,#1878,#1879,#1880,#1881,#1882,
#1883,#1884,#1885,#1886,#1887,#1888,#1889,#1890,#1891,#1892,#1893,#1894,
#1895,#1896,#1897,#1898,#1899,#1900,#1901,#1902,#1903,#1904,#1905,#1906,
#1907,#1908,#1909,#1910,#1911,#1912,#1913,#1914,#1915,#1916,#1917,#1918,
#1919,#1920,#1921,#1922,#1923,#1924,#1925,#1926,#1927,#1928,#1929,#1930,
#1931,#1932,#1933,#1934,#1935,#1936,#1937,#1938,#1939,#1940,#1941,#1942,
#1943,#1944,#1945,#1946,#1947,#1948,#1949,#1950,#1951,#1952,#1953,#1954,
#1955,#1956,#1957,#1958,#1959,#1960,#1961,#1962,#1963,#1964,#1965,#1966,
#1967,#1968,#1969,#1970,#1971,#1972,#1973,#1974,#1975,#1976,#1977,#1978,
#1979,#1980,#1981,#1982,#1983,#1984,#1985,#1986,#1987,#1988,#1989,#1990,
#1991,#1992,#1993,#1994,#1995,#1996,#1997,#1998,#1999,#2000,#2001,#2002,
#2003,#2004,#2005,#2006,#2007,#2008,#2009,#2010,#2011,#2012,#2013,#2014,
#2015),.UNSPECIFIED.,.F.,.F.,(4,2,2,2,2,2,2,2,2,2,2,2,2,2,2,2,2,2,2,2,2,
2,2,2,2,2,2,2,2,2,2,2,2,2,2,2,2,2,2,2,2,2,2,2,2,2,2,2,2,2,2,2,2,2,2,2,2,
2,2,2,2,2,2,2,2,2,2,2,2,2,2,2,2,2,2,2,2,2,2,2,2,2,2,2,2,2,2,2,2,2,2,2,2,
2,2,2,2,2,2,2,2,2,2,2,2,2,2,2,2,2,2,2,2,2,2,2,2,2,2,2,2,2,2,2,2,2,2,2,2,
2,2,2,2,2,2,2,2,2,2,2,2,2,2,2,2,2,2,2,2,2,2,2,2,2,2,2,2,2,2,2,2,2,2,2,2,
2,2,2,2,2,2,2,2,2,2,2,2,2,2,2,2,2,2,2,2,2,2,2,2,2,2,2,2,2,2,2,2,2,2,2,2,
2,2,2,2,2,2,2,2,2,2,2,2,2,2,2,2,2,2,2,2,2,2,2,2,2,2,2,2,2,2,2,2,2,2,2,2,
2,2,2,2,2,2,2,2,2,2,2,2,2,2,2,2,2,2,2,2,2,2,2,2,2,2,2,2,2,2,2,2,2,2,2,2,
2,2,2,2,2,2,2,2,2,2,2,2,2,2,2,2,2,2,2,2,2,2,2,2,2,2,2,2,2,2,2,2,2,2,2,2,
2,2,2,2,2,2,2,2,2,2,2,2,2,2,2,2,2,2,2,2,2,2,2,2,2,2,2,2,2,2,2,2,2,2,2,2,
2,2,2,2,2,2,2,2,2,2,2,2,2,2,2,2,2,2,2,2,2,2,2,2,2,2,2,2,2,2,2,2,2,2,2,2,
2,2,2,2,2,2,2,2,2,2,2,2,2,2,2,2,2,2,2,2,2,2,2,2,2,2,2,2,2,2,2,2,2,2,2,2,
2,2,2,2,2,2,2,2,2,2,2,2,2,2,2,2,2,2,2,2,2,2,2,2,2,2,2,2,2,2,2,2,2,2,2,2,
2,2,2,2,2,2,2,2,2,2,2,2,2,2,2,2,2,2,2,2,2,2,2,2,2,2,2,2,2,2,2,2,2,2,2,2,
2,2,2,2,2,2,2,2,2,2,2,2,2,2,2,2,2,2,2,2,2,2,2,2,2,2,2,2,2,2,2,2,2,2,2,2,
2,2,2,2,2,2,2,2,2,2,2,2,2,2,2,2,2,2,2,2,2,2,2,2,2,2,2,2,2,2,2,2,2,2,2,2,
2,2,2,2,2,2,2,2,2,2,2,2,2,2,2,2,2,2,2,2,2,2,2,2,2,2,2,2,2,2,2,2,2,2,2,2,
2,2,2,2,2,2,2,2,2,2,2,2,2,2,2,2,2,2,2,2,2,2,2,2,2,2,2,2,2,2,2,2,2,2,2,2,
2,2,2,2,2,2,2,2,2,2,2,2,2,2,2,2,2,2,2,2,2,2,2,2,2,2,2,2,2,2,2,2,2,2,2,2,
2,2,2,2,2,2,2,2,2,2,2,2,2,2,2,2,2,2,2,2,2,2,2,2,2,2,2,2,2,2,2,2,2,2,2,2,
2,2,2,2,2,2,2,2,2,2,2,2,2,2,2,2,2,2,2,2,2,2,2,2,4),(0.,9.855091874721E-005,
0.0002414993710366,0.0004528447953014,0.0007529364244829,0.001166659735417,
0.00173752783469,0.002481538643506,0.003451929689461,0.004688695028215,0.006216729932996,
0.008085843448506,0.01032640067337,0.0129591096879,0.01601450291104,0.01948985066433,
0.02339244659479,0.02770333205228,0.0324123934203,0.03748339902573,0.04288421158276,
0.04857357266071,0.05448727825011,0.06059781291026,0.06683997406506,0.07315972612071,
0.07951685979515,0.08586564950701,0.0921534394556,0.09834976772872,0.1044310442209,
0.1103600354758,0.1161199180431,0.121694256507,0.127075809825,0.1322512545428,
0.1372241834861,0.1419879954605,0.1465524813141,0.150919883717,0.1550977607401,
0.1590926340585,0.1629186165809,0.1665865091621,0.1701060682967,0.1734914390343,
0.176748014657,0.1798962804843,0.1829503988005,0.1859094703536,0.1887948553221,
0.191616319271,0.1943933914941,0.1971296504127,0.1998410644252,0.2025329375506,
0.2052345809901,0.2079248461097,0.2106639940412,0.2134377400962,0.2162558620267,
0.2191033131341,0.2219951396867,0.2249291800987,0.2279023542815,0.2309048803502,
0.2339472081061,0.2370286674914,0.2401434082009,0.2432967021679,0.2464839756209,
0.2497057954919,0.2529621644098,0.2562473454592,0.2595706795164,0.2629280622217,
0.2663101648148,0.2697216525621,0.2731718754929,0.2766408880681,0.2801440156754,
0.2836667427305,0.287223948259,0.2908000804614,0.2943952536793,0.2980198356481,
0.3016640235387,0.30532781742,0.3090154116156,0.3127126677035,0.3164296767327,
0.320161319115,0.3239123411084,0.3276681219713,0.3314386024946,0.3352139956568,
0.3389991949689,0.3427992458509,0.3465992967329,0.3504042978926,0.3542092990522,
0.3580243579404,0.3618301803619,0.3656407941562,0.3694466165777,0.3732524389993,
0.3770499141995,0.3808325150062,0.3846151158128,0.3883929915343,0.3921524574967,
0.3959030500624,0.399638710268,0.4033594427973,0.4070662123715,0.4107556380183,
0.4144254897987,0.4180705681606,0.4217012734549,0.4253091625929,0.428889158107,
0.4324488565377,0.4359844784778,0.4394907682826,0.4429763111369,0.4464227903525,
0.4498444105435,0.4532411737932,0.4566042013329,0.4599374381643,0.4632306370588,
0.466499973445,0.469729268745,0.4729293088669,0.4760925059392,0.4792124289925,
0.4823085827579,0.4853615201298,0.4883767579391,0.491357329455,0.4942947682362,
0.4971988308582,0.5000598340938,0.5028916994513,0.5056750148007,0.5084250591043,
0.5111265957609,0.5137949228243,0.5164285813327,0.5190153048086,0.5215617516882,
0.5240750823027,0.5265456663607,0.5289719189495,0.5313635120713,0.5337124357666,
0.5360267053253,0.5387233253966,0.5414199454679,0.5441205119863,0.5468207313063,
0.5495266870286,0.552242273874,0.5549597191531,0.557686763793,0.5604195940897,
0.5631716395349,0.5659238858875,0.5686819521943,0.5714554295566,0.5742368267665,
0.5770166418119,0.579808193588,0.5826093053241,0.5854111979512,0.5882189959918,
0.5910231699765,0.5938320038254,0.5966372663754,0.5994389702358,0.6022395669797,
0.605033150403,0.607817251635,0.6105883963432,0.6133457652534,0.616093684481,
0.6188261188908,0.6215355816075,0.6242167882078,0.626888581679,0.6295260620894,
0.6321410053869,0.6347249485437,0.6372778917965,0.639802417363,0.6422927438062,
0.6447427200463,0.6471585165486,0.6495369758447,0.6518782212715,0.6541791559527,
0.6564335758671,0.6586509986424,0.6608281589751,0.6629618207873,0.6650522174775,
0.6670993976182,0.6691004957549,0.6710580147251,0.6729782496374,0.6748582767475,
0.676689501002,0.678489743663,0.6802435158081,0.6819536477599,0.6836327973178,
0.6852690052951,0.6868714688095,0.6884429689032,0.6899743983277,0.6914748724954,
0.6929507763262,0.6943930521627,0.6958070649779,0.6971938860021,0.6985588312856,
0.6998992687001,0.701224246956,0.7025247405548,0.7038097808702,0.7050832639035,
0.7063374014774,0.7075889870046,0.708829091181,0.7100627230245,0.7112963548675,
0.7125275093205,0.7137822409861,0.7150328657507,0.7162810853729,0.7175293049954,
0.7187864293447,0.7200346489667,0.7212870217696,0.722534779074,0.7237890891548,
0.7250391371073,0.7262868944119,0.727541204493,0.7287889617973,0.7300366420321,
0.7312909137802,0.7325385940148,0.7337928657627,0.7350405459976,0.7362948177459,
0.7375448656982,0.7387908299005,0.7400454466028,0.7412980497341,0.7425460382186,
0.7437986413501,0.7450512444818,0.7462980187916,0.7475496043188,0.7488030516258,
0.7500479541763,0.7513014014836,0.7525548487905,0.7538028180119,0.7550540385363,
0.7563069678941,0.7575531829005,0.7588044034246,0.7600573327826,0.761308553307,
0.7625600620003,0.763804810053,0.7650563187467,0.7663093824081,0.7675608911015,
0.7688123997951,0.7700594633016,0.7713119128852,0.7725643624691,0.7738154484917,
0.7750611039432,0.7763135535271,0.7775633129735,0.7788161463912,0.7800689798088,
0.7813218132262,0.7825678160176,0.783820649435,0.7850734828527,0.7863208354884,
0.7875681881237,0.7888224023705,0.7900697550063,0.7913239692528,0.7925713218883,
0.793822715322,0.7950724170597,0.7963282212113,0.7975779229486,0.7988268357269,
0.8000765374641,0.8013262392013,0.8025786887852,0.8038311383689,0.8050766780193,
0.8063291276033,0.8075815771869,0.8088340267705,0.8100849206234,0.8113346031237,
0.812584285624,0.8138339681246,0.8150840160767,0.8163336985773,0.8175903064925,
0.8188386031512,0.8200868998096,0.8213422635869,0.8225905602454,0.823838856904,
0.8250942206813,0.8263423632623,0.8275906599208,0.8288458896402,0.830094186299,
0.8313423866612,0.8325976163807,0.8338460478414,0.8350957303419,0.8363454128423,
0.8375954607948,0.8389839969064,0.8403656076941,0.8417472184819,0.8431240882809,
0.8445078723845,0.8458789507045,0.8472575479711,0.8486298881492,0.850003629032,
0.8513712312398,0.8527327377241,0.85409593824,0.8554531649711,0.8568054407967,
0.8581577166222,0.859506289624,0.8608559852267,0.8622000047895,0.8635422165625,
0.8648831201977,0.8662144697962,0.867554028124,0.8688829920487,0.8702150637353,
0.8715487406649,0.872880722112,0.8742144531173,0.8755384149238,0.8768766984473,
0.8782063676757,0.8795396119213,0.8808728561667,0.8822126298342,0.883552690568,
0.8848950993472,0.8862432622776,0.8875914252082,0.888943558805,0.8903010866204,
0.8916641284101,0.8930318888148,0.8944059096672,0.8957889639178,0.8971721745977,
0.8985712148494,0.8999653837103,0.9013750374283,0.9027973396679,0.9042196419077,
0.9056486722869,0.9070948931186,0.9085469534028,0.9100075480575,0.9114737773697,
0.9129522200275,0.914440387041,0.915943534469,0.9174413145547,0.9189650956759,
0.9204882140295,0.9220242047654,0.9235693088452,0.9251188098717,0.9266829037335,
0.9282471820259,0.929822364546,0.9314077699022,0.9329954784384,0.9345891868179,
0.9361865113766,0.9377892299064,0.9393979371294,0.9409983139944,0.9426048080029,
0.944212977157,0.9458149905454,0.9474170039338,0.9490082969619,0.9505946573313,
0.952178894667,0.9537494766316,0.9553067775207,0.956851181286,0.9583768701989,
0.9598874362103,0.9613829353706,0.9628515892869,0.96429654623,0.9657180876586,
0.96711650917,0.9684767083989,0.9698079135329,0.9711104020384,0.9723734216495,
0.9736061177416,0.9747929697475,0.9759454570146,0.9770504924429,0.978116731659,
0.9791443007885,0.9801265847177,0.9810569325954,0.9819490258004,0.982790788223,
0.9835890440393,0.9843494185239,0.9850527686606,0.9857207777609,0.9863386451073,
0.9869132907736,0.9874457674095,0.9879420222771,0.9883970333917,0.9888090097984,
0.9891934571949,0.9895357618121,0.98998218553,0.9903727129946,0.9907211431092,
0.9910274980574,0.9912993434184,0.9915429239492,0.9917588827264,0.9919466141527,
0.9921136074306,0.9922598807099,0.9923918094084,0.9925036170962,0.9926009406829,
0.9926844373218,0.9927610260589,0.9928234322249,0.9928793360688,0.9929278741979,
0.9929700521855,0.9930047222777,0.9930469002653,0.993088504376,0.9931231744682,
0.9931653524558,0.9931930885296,0.9932346926402,0.9932632823308,0.9932979524229,
0.9933326225152,0.9933612122056,0.9933889482794,0.9934166843532,0.9934513544455,
0.993473281737,0.9935010178108,0.9935287538846,0.9935506811762,0.9935784172501,
0.9935992193053,0.9936200213607,0.9936477574344,0.9936696847261,0.9936904867814,
0.9937112888367,0.9937320908921,0.9937528929474,0.993774820239,0.9937956222944,
0.9938094903313,0.9938302923866,0.9938441604235,0.9938649624788,0.9938868897705,
0.9939007578073,0.9939215598627,0.9939354278996,0.9939492959365,0.9939700979918,
0.9939839660287,0.9939978340656,0.9940133390022,0.9940272070391,0.9940480090944,
0.9940618771313,0.9940757451682,0.9940896132051,0.994103481242,0.9941189861786,
0.9941328542155,0.9941467222523,0.9941675243078,0.9941813923446,0.9941952603815,
0.9942091284184,0.9942299304738,0.9942437985107,0.9942593034472,0.9942801055026,
0.9942939735395,0.9943147755948,0.9943355776502,0.9943494456871,0.9943713729787,
0.994392175034,0.9944129770894,0.9944337791447,0.9944545812,0.9944753832554,
0.994497310547,0.9945181126023,0.9945319806392,0.9945458486761,0.9945666507314,
0.9945805187683,0.9945943868052,0.9946082548421,0.994622122879,0.9946319290619,
0.9946527311173,0.9946665991542,0.9946804671911,0.9946943352279,0.9947082032648,
0.9947220713017,0.9947359393386,0.9947498073755,0.9947653123121,0.994779180349,
0.9947930483859,0.9948069164228,0.9948207844597,0.9948346524966,0.9948485205335,
0.9948623885703,0.9948762566073,0.9948901246442,0.994903992681,0.9949259199727,
0.9949397880096,0.9949536560464,0.9949675240834,0.9949813921203,0.9950021941756,
0.9950160622125,0.9950299302494,0.995051857541,0.9950726595964,0.9950934616517,
0.995114263707,0.9951350657624,0.9951558678177,0.9951697358546,0.9951905379099,
0.9952113399653,0.9952268449019,0.9952407129388,0.9952615149941,0.995275383031,
0.9952961850863,0.9953100531232,0.9953239211601,0.995337789197,0.9953516572339,
0.9953735845255,0.9953874525624,0.9954013205993,0.9954151886362,0.9954290566731,
0.99544292471,0.9954567927468,0.9954706607837,0.995491462839,0.995505330876,
0.9955191989128,0.9955330669497,0.9955549942413,0.9955688622783,0.9955827303152,
0.9956035323705,0.9956174004074,0.9956382024627,0.9956520704996,0.995672872555,
0.9956867405918,0.9957086678835,0.9957294699388,0.9957502719941,0.9957710740495,
0.9957918761048,0.9958126781601,0.9958334802155,0.9958542822707,0.9958750843261,
0.9958970116177,0.9959247476915,0.9959455497468,0.9959732858206,0.9960010218944,
0.9960287579681,0.996056494042,0.9960772960973,0.9961119661895,0.99614055588,
0.9961682919538,0.9962029620459,0.9962376321382,0.996265368212,0.9963000383042,
0.9963353949995,0.9963769991102,0.9964116692024,0.9964532733131,0.9964948774238,
0.9965364815345,0.996578659522,0.9966202636327,0.9966618677434,0.9967034718541,
0.9967450759647,0.9967866800754,0.996828858063,0.9968704621737,0.9969120662843,
0.9969536703949,0.9969952745057,0.9970368786163,0.997078482727,0.9971200868377,
0.9971622648253,0.9972038689359,0.9972454730466,0.9972870771573,0.9973286812679,
0.9973702853786,0.9974118894893,0.9974534936,0.9974956715875,0.9975372756982,
0.9975788798089,0.9976204839196,0.9976620880302,0.9977036921409,0.9977452962516,
0.9977869003622,0.9978285044729,0.9978701085836,0.9979117126943,0.9979533168049,
0.9979949209156,0.9980370989032,0.9980787030138,0.9981203071245,0.9981688452536,
0.9982104493643,0.9982520534749,0.9982936575857,0.9983352616963,0.998376865807,
0.9984184699177,0.9984600740283,0.998501678139,0.9985432822496,0.9985848863603,
0.998626490471,0.9986680945817,0.9987096986924,0.998751302803,0.9987929069137,
0.9988345110243,0.998876115135,0.9989177192457,0.9989593233564,0.9990009274671,
0.9990425315777,0.9990841356884,0.9991257397991,0.9991673439098,0.9992089480204,
0.9992505521311,0.9992921562418,0.9993337603524,0.9993753644631,0.9994169685738,
0.9994585726845,0.9995007506719,0.9995423547826,0.9995839588933,0.999625563004,
0.9996671671146,0.9997087712253,0.999750375336,0.9997919794466,0.9998335835574,
0.999875187668,0.9999167917787,0.9999583958893,1.),.UNSPECIFIED.);
#106=B_SPLINE_CURVE_WITH_KNOTS('2010_EXTENDED_SLAT-B_SPLINE-3',3,(#2016,
#2017,#2018,#2019,#2020,#2021,#2022,#2023,#2024,#2025,#2026,#2027,#2028,
#2029,#2030,#2031,#2032,#2033,#2034,#2035,#2036,#2037,#2038,#2039,#2040,
#2041,#2042,#2043,#2044,#2045,#2046,#2047,#2048,#2049,#2050,#2051,#2052,
#2053,#2054,#2055,#2056,#2057,#2058,#2059,#2060,#2061,#2062,#2063,#2064,
#2065,#2066,#2067,#2068,#2069,#2070,#2071,#2072,#2073,#2074,#2075,#2076,
#2077,#2078,#2079,#2080,#2081,#2082,#2083,#2084,#2085,#2086,#2087,#2088,
#2089,#2090,#2091,#2092,#2093,#2094,#2095,#2096,#2097,#2098,#2099,#2100,
#2101,#2102,#2103,#2104,#2105,#2106,#2107,#2108,#2109,#2110,#2111,#2112,
#2113,#2114,#2115,#2116,#2117,#2118,#2119,#2120,#2121,#2122,#2123,#2124,
#2125,#2126,#2127,#2128,#2129,#2130,#2131,#2132,#2133,#2134,#2135,#2136,
#2137,#2138,#2139,#2140,#2141,#2142,#2143,#2144,#2145,#2146,#2147,#2148,
#2149,#2150,#2151,#2152,#2153,#2154,#2155,#2156,#2157,#2158,#2159,#2160,
#2161,#2162,#2163,#2164,#2165,#2166,#2167,#2168,#2169,#2170,#2171,#2172,
#2173,#2174,#2175,#2176,#2177,#2178,#2179,#2180,#2181,#2182,#2183,#2184,
#2185,#2186,#2187,#2188,#2189,#2190,#2191,#2192,#2193,#2194,#2195,#2196,
#2197,#2198,#2199,#2200,#2201,#2202,#2203,#2204,#2205,#2206,#2207,#2208,
#2209,#2210,#2211,#2212,#2213,#2214,#2215,#2216,#2217,#2218,#2219,#2220,
#2221,#2222,#2223,#2224,#2225,#2226,#2227,#2228,#2229,#2230,#2231,#2232,
#2233,#2234,#2235,#2236,#2237,#2238,#2239,#2240,#2241,#2242,#2243,#2244,
#2245,#2246,#2247,#2248,#2249,#2250,#2251,#2252,#2253,#2254,#2255,#2256,
#2257,#2258,#2259,#2260,#2261,#2262,#2263,#2264,#2265,#2266,#2267,#2268,
#2269,#2270,#2271,#2272,#2273,#2274,#2275,#2276,#2277,#2278,#2279,#2280,
#2281),.UNSPECIFIED.,.F.,.F.,(4,2,2,2,2,2,2,2,2,2,2,2,2,2,2,2,2,2,2,2,2,
2,2,2,2,2,2,2,2,2,2,2,2,2,2,2,2,2,2,2,2,2,2,2,2,2,2,2,2,2,2,2,2,2,2,2,2,
2,2,2,2,2,2,2,2,2,2,2,2,2,2,2,2,2,2,2,2,2,2,2,2,2,2,2,2,2,2,2,2,2,2,2,2,
2,2,2,2,2,2,2,2,2,2,2,2,2,2,2,2,2,2,2,2,2,2,2,2,2,2,2,2,2,2,2,2,2,2,2,2,
2,2,2,4),(0.,2.338196160056E-005,4.807606539071E-005,9.035302365465E-005,
0.0001338556547372,0.0001962262852327,0.0002730946124683,0.0003688443329143,
0.0004935855938438,0.000647322248203,0.0008432183096738,0.001092700831594,
0.001404553984031,0.001797658826594,0.002283924933424,0.002890505477243,
0.003638180034761,0.00455153962078,0.005655988713541,0.006971698605112,0.008519859939871,
0.01031193603168,0.01233477979298,0.01458126472516,0.01700132599581,0.01954054923058,
0.02213237564931,0.02470230583088,0.02717205679381,0.02971883770034,0.03264359665992,
0.03599828924037,0.03982314674033,0.04417007579064,0.04909423074245,0.05464024278101,
0.06085418246138,0.06777565781391,0.07542347178184,0.08381814710623,0.09294693581766,
0.1027896981265,0.1132999033969,0.1243978832238,0.1359920358635,0.1479653021192,
0.1601807259516,0.172495614029,0.1847543453567,0.1968103164498,0.2085186697596,
0.219762273358,0.2304293820702,0.2404451883352,0.2497700043495,0.258374500258,
0.2662222377274,0.2733407742447,0.2797452142706,0.2854702240689,0.2905609407167,
0.2956459209059,0.3011771131374,0.3071755092041,0.3136787362707,0.3207132206818,
0.3283175475212,0.3365143124115,0.3453372125309,0.3548189688987,0.3649860104227,
0.3758590654694,0.3874669518759,0.3998210600062,0.4129388366288,0.4268375509424,
0.4414884645383,0.4569071155626,0.4735638489222,0.490955372897,0.5090376357323,
0.5277646052991,0.5470803015103,0.566891240303,0.5871252826654,0.6076937153531,
0.6284935870669,0.6494213952913,0.6703722015206,0.6912442790567,0.7119317940709,
0.7323349398002,0.7523599616416,0.7729124660213,0.7936045605911,0.814080179466,
0.8339821374243,0.8526385693203,0.8703796732498,0.8868487196502,0.9018940640779,
0.9155648231097,0.9277272793189,0.9384422255205,0.9478010482005,0.9559029063504,
0.9628736892557,0.9688368688266,0.9739090447079,0.9782079323665,0.9818405250751,
0.9848949826008,0.9874587524252,0.9896059107595,0.9914049372777,0.9929036925394,
0.9941556902352,0.9951961420575,0.9960638956704,0.9967859898445,0.9973848602662,
0.9978833404378,0.998295558316,0.9986400876805,0.998923096361,0.9991610168248,
0.9993558365261,0.9995198952219,0.9996531929123,0.9997681072166,0.999860390233,
0.9999362950874,1.),.UNSPECIFIED.);
#107=AXIS2_PLACEMENT_3D('',#110,#108,#109);
#108=DIRECTION('',(0.,0.,1.));
#109=DIRECTION('',(1.,0.,0.));
#110=CARTESIAN_POINT('',(0.,0.,0.));
#111=CARTESIAN_POINT('',(0.,0.,0.));
#112=CARTESIAN_POINT('',(15.73008084297,0.5514732040464,0.));
#113=CARTESIAN_POINT('',(15.58679975617,0.5614672624038,0.));
#114=CARTESIAN_POINT('',(15.4434453687235,0.570258089987737,0.));
#115=CARTESIAN_POINT('',(14.4011549015401,0.625320212050738,0.));
#116=CARTESIAN_POINT('',(13.49875389333,0.6251798453981,0.));
#117=CARTESIAN_POINT('',(12.59999978542,0.5778359994292,0.));
#118=CARTESIAN_POINT('',(12.59999978542,0.5778359994292,0.));
#119=CARTESIAN_POINT('',(12.59999978542,0.2818799950182,0.));
#120=CARTESIAN_POINT('',(12.59999978542,-0.01407600939273,0.));
#121=CARTESIAN_POINT('',(12.59999978542,-0.3100320138037,0.));
#122=CARTESIAN_POINT('',(12.59999978542,-0.3100320138037,0.));
#123=CARTESIAN_POINT('',(12.47988637438,-0.3317204406769,0.));
#124=CARTESIAN_POINT('',(12.359936971067,-0.354302587413128,0.));
#125=CARTESIAN_POINT('',(12.0870945582991,-0.405836502508915,0.));
#126=CARTESIAN_POINT('',(11.9342094036023,-0.434832843067107,0.));
#127=CARTESIAN_POINT('',(11.7540286893683,-0.467072292759338,0.));
#128=CARTESIAN_POINT('',(11.7270128612343,-0.471855183241299,0.));
#129=CARTESIAN_POINT('',(11.5460165363144,-0.504036713112869,0.));
#130=CARTESIAN_POINT('',(11.3921497603308,-0.532063353193683,0.));
#131=CARTESIAN_POINT('',(10.8690829939452,-0.62385950225654,0.));
#132=CARTESIAN_POINT('',(10.4990291828744,-0.68292845806445,0.));
#133=CARTESIAN_POINT('',(9.75290957192509,-0.78644263881963,0.));
#134=CARTESIAN_POINT('',(9.37682125967564,-0.830729507804731,0.));
#135=CARTESIAN_POINT('',(8.8117434616915,-0.883931642059738,0.));
#136=CARTESIAN_POINT('',(8.62335815784442,-0.899454775021145,0.));
#137=CARTESIAN_POINT('',(8.06151617840251,-0.939431837290534,0.));
#138=CARTESIAN_POINT('',(7.6876082452058,-0.957730295671167,0.));
#139=CARTESIAN_POINT('',(6.94871784878403,-0.97958643223889,0.));
#140=CARTESIAN_POINT('',(6.58374483976879,-0.983499627594741,0.));
#141=CARTESIAN_POINT('',(6.04148096894318,-0.980801685725807,0.));
#142=CARTESIAN_POINT('',(5.86415319530536,-0.978566458071384,0.));
#143=CARTESIAN_POINT('',(5.34584900834059,-0.968526860764313,0.));
#144=CARTESIAN_POINT('',(5.00493348881213,-0.957486094308257,0.));
#145=CARTESIAN_POINT('',(4.34587308373593,-0.927834253268224,0.));
#146=CARTESIAN_POINT('',(4.02770551427704,-0.909768936880091,0.));
#147=CARTESIAN_POINT('',(3.41938991885153,-0.86570826652883,0.));
#148=CARTESIAN_POINT('',(3.12917819281271,-0.840525528361416,0.));
#149=CARTESIAN_POINT('',(2.60030236095035,-0.791341381593301,0.));
#150=CARTESIAN_POINT('',(2.36160555508814,-0.767919704615541,0.));
#151=CARTESIAN_POINT('',(2.04508883754219,-0.725425807510114,0.));
#152=CARTESIAN_POINT('',(1.9662980253685,-0.713896501414655,0.));
#153=CARTESIAN_POINT('',(1.79829276866392,-0.689766082410409,0.));
#154=CARTESIAN_POINT('',(1.70907069443033,-0.677223510186818,0.));
#155=CARTESIAN_POINT('',(1.56126266231405,-0.654685726626016,0.));
#156=CARTESIAN_POINT('',(1.50259111893062,-0.645277642744396,0.));
#157=CARTESIAN_POINT('',(1.38300147538854,-0.625454684329412,0.));
#158=CARTESIAN_POINT('',(1.32208817766562,-0.615014510628079,0.));
#159=CARTESIAN_POINT('',(1.20042549718844,-0.592856290912898,0.));
#160=CARTESIAN_POINT('',(1.1396761319809,-0.58113811326439,0.));
#161=CARTESIAN_POINT('',(1.05358465552928,-0.564222035859733,0.));
#162=CARTESIAN_POINT('',(1.02811475054517,-0.559178787296556,0.));
#163=CARTESIAN_POINT('',(0.986583344154837,-0.550010163763356,0.));
#164=CARTESIAN_POINT('',(0.970527208228866,-0.546235490396881,0.));
#165=CARTESIAN_POINT('',(0.934180385687475,-0.532188159436651,0.));
#166=CARTESIAN_POINT('',(0.914627331067561,-0.519978598738681,0.));
#167=CARTESIAN_POINT('',(0.861168069612475,-0.477276066634431,0.));
#168=CARTESIAN_POINT('',(0.832191590164599,-0.440643167424803,0.));
#169=CARTESIAN_POINT('',(0.798872910015969,-0.368222589278974,0.));
#170=CARTESIAN_POINT('',(0.7901978316787,-0.334488092952,0.));
#171=CARTESIAN_POINT('',(0.7886160537601,-0.3006360009313,0.));
#172=CARTESIAN_POINT('',(0.7886160537601,-0.3006360009313,0.));
#173=CARTESIAN_POINT('',(0.7870581236515,-0.2409019227556,0.));
#174=CARTESIAN_POINT('',(0.80015124735505,-0.180385129115152,0.));
#175=CARTESIAN_POINT('',(0.845975048694354,-0.0687833643254829,0.));
#176=CARTESIAN_POINT('',(0.878789954656358,-0.0177400837180058,0.));
#177=CARTESIAN_POINT('',(0.953971810072576,0.0763322488137473,0.));
#178=CARTESIAN_POINT('',(0.996357368169131,0.119345385692308,0.));
#179=CARTESIAN_POINT('',(1.09123117817257,0.203230706374835,0.));
#180=CARTESIAN_POINT('',(1.14431199291851,0.243412174517162,0.));
#181=CARTESIAN_POINT('',(1.24388999185993,0.311114325487363,0.));
#182=CARTESIAN_POINT('',(1.28975618556515,0.339596402441883,0.));
#183=CARTESIAN_POINT('',(1.38865059070945,0.396625536834485,0.));
#184=CARTESIAN_POINT('',(1.44189356335142,0.424799032454084,0.));
#185=CARTESIAN_POINT('',(1.54988516568229,0.478044405327706,0.));
#186=CARTESIAN_POINT('',(1.60463376203987,0.503116351176025,0.));
#187=CARTESIAN_POINT('',(1.71525630252534,0.550642366040307,0.));
#188=CARTESIAN_POINT('',(1.77113037294437,0.573096139326375,0.));
#189=CARTESIAN_POINT('',(1.88373505093901,0.615732454003799,0.));
#190=CARTESIAN_POINT('',(1.9404656826518,0.635914931255967,0.));
#191=CARTESIAN_POINT('',(2.05459541305408,0.674268107938325,0.));
#192=CARTESIAN_POINT('',(2.11199447804218,0.69243890831304,0.));
#193=CARTESIAN_POINT('',(2.22734040696531,0.726969956502067,0.));
#194=CARTESIAN_POINT('',(2.2852872988659,0.74333011133866,0.));
#195=CARTESIAN_POINT('',(2.40162445632068,0.774321785604637,0.));
#196=CARTESIAN_POINT('',(2.46001472091586,0.788953308771921,0.));
#197=CARTESIAN_POINT('',(2.58186641707587,0.818100851580571,0.));
#198=CARTESIAN_POINT('',(2.64535692061448,0.832512316400374,0.));
#199=CARTESIAN_POINT('',(2.77814672137874,0.856574565436946,0.));
#200=CARTESIAN_POINT('',(2.84752549591794,0.865789014785447,0.));
#201=CARTESIAN_POINT('',(2.99633602624286,0.882890395869478,0.));
#202=CARTESIAN_POINT('',(3.07579925613346,0.890404208775435,0.));
#203=CARTESIAN_POINT('',(3.34868792450166,0.915936246412357,0.));
#204=CARTESIAN_POINT('',(3.54216991421553,0.933570546180108,0.));
#205=CARTESIAN_POINT('',(4.04498183226759,0.974797083983534,0.));
#206=CARTESIAN_POINT('',(4.35452888088237,0.99566310510355,0.));
#207=CARTESIAN_POINT('',(4.82760842347995,1.0241896451113,0.));
#208=CARTESIAN_POINT('',(4.99105410053483,1.03343261059056,0.));
#209=CARTESIAN_POINT('',(5.33193518658574,1.05058601522687,0.));
#210=CARTESIAN_POINT('',(5.50937980794671,1.05831661565656,0.));
#211=CARTESIAN_POINT('',(5.86414107561934,1.07251642447788,0.));
#212=CARTESIAN_POINT('',(6.04145767547535,1.07898686980537,0.));
#213=CARTESIAN_POINT('',(6.58361192834876,1.09622625053455,0.));
#214=CARTESIAN_POINT('',(6.94853890237907,1.10430890847158,0.));
#215=CARTESIAN_POINT('',(7.68725612970522,1.11412780856753,0.));
#216=CARTESIAN_POINT('',(8.06104843262445,1.11570671528382,0.));
#217=CARTESIAN_POINT('',(8.62319547655735,1.112845031386,0.));
#218=CARTESIAN_POINT('',(8.81156693384141,1.11100170942064,0.));
#219=CARTESIAN_POINT('',(9.37598968811377,1.10289409385471,0.));
#220=CARTESIAN_POINT('',(9.75201030616523,1.09405474938337,0.));
#221=CARTESIAN_POINT('',(10.4981029511509,1.06890878438063,0.));
#222=CARTESIAN_POINT('',(10.8681789708988,1.0527170701135,0.));
#223=CARTESIAN_POINT('',(11.3921161685678,1.02560974093649,0.));
#224=CARTESIAN_POINT('',(11.5461031620177,1.0171305571273,0.));
#225=CARTESIAN_POINT('',(11.7270142401218,1.00548739096908,0.));
#226=CARTESIAN_POINT('',(11.7540250785862,1.00370491789738,0.));
#227=CARTESIAN_POINT('',(11.9940774850756,0.987805905141346,0.));
#228=CARTESIAN_POINT('',(12.2070961262417,0.973293427944198,0.));
#229=CARTESIAN_POINT('',(12.4800100268166,0.952717980913175,0.));
#230=CARTESIAN_POINT('',(12.5400109751339,0.94807147204739,0.));
#231=CARTESIAN_POINT('',(12.7405460847491,0.932027293078021,0.));
#232=CARTESIAN_POINT('',(12.8810257576369,0.919942769877505,0.));
#233=CARTESIAN_POINT('',(13.0309666656112,0.906406931582533,0.));
#234=CARTESIAN_POINT('',(13.0404831527651,0.905545092653543,0.));
#235=CARTESIAN_POINT('',(13.2000756169482,0.89103807151135,0.));
#236=CARTESIAN_POINT('',(13.3500813305807,0.876603205119443,0.));
#237=CARTESIAN_POINT('',(13.6500910365706,0.84601522022492,0.));
#238=CARTESIAN_POINT('',(13.8000948286568,0.829860145264449,0.));
#239=CARTESIAN_POINT('',(14.1001103667736,0.795768455423944,0.));
#240=CARTESIAN_POINT('',(14.2501218403161,0.77782942222623,0.));
#241=CARTESIAN_POINT('',(14.5501272252281,0.739827088623505,0.));
#242=CARTESIAN_POINT('',(14.7001206946289,0.719760313595327,0.));
#243=CARTESIAN_POINT('',(15.0001750966034,0.677934392959303,0.));
#244=CARTESIAN_POINT('',(15.1502355766154,0.656171980941234,0.));
#245=CARTESIAN_POINT('',(15.4449495848182,0.609486840923145,0.));
#246=CARTESIAN_POINT('',(15.58962181918,0.5846882342444,0.));
#247=CARTESIAN_POINT('',(15.73374474049,0.557045996189,0.));
#248=CARTESIAN_POINT('',(15.73374474049,0.557045996189,0.));
#249=CARTESIAN_POINT('',(15.73252344131,0.5551883988112,0.));
#250=CARTESIAN_POINT('',(15.73130214214,0.5533308014288,0.));
#251=CARTESIAN_POINT('',(15.73008084297,0.5514732040464,0.));
#252=CARTESIAN_POINT('',(20.30069160461,-2.627978771925,0.));
#253=CARTESIAN_POINT('',(20.29379701457,-2.622130945138,0.));
#254=CARTESIAN_POINT('',(20.2869026087342,-2.61628290742599,0.));
#255=CARTESIAN_POINT('',(20.2638696616881,-2.59674326188196,0.));
#256=CARTESIAN_POINT('',(20.2477326955261,-2.58304974119468,0.));
#257=CARTESIAN_POINT('',(20.2034873108876,-2.54548045545526,0.));
#258=CARTESIAN_POINT('',(20.1753876842088,-2.5215947006126,0.));
#259=CARTESIAN_POINT('',(20.1085001821377,-2.46528888892553,0.));
#260=CARTESIAN_POINT('',(20.0696109391453,-2.4329869300216,0.));
#261=CARTESIAN_POINT('',(19.9809315251216,-2.36153177135226,0.));
#262=CARTESIAN_POINT('',(19.9308724231718,-2.32271254501256,0.));
#263=CARTESIAN_POINT('',(19.8206949476544,-2.23889150172816,0.));
#264=CARTESIAN_POINT('',(19.7604342048605,-2.19407963560906,0.));
#265=CARTESIAN_POINT('',(19.6306695635084,-2.09925900319835,0.));
#266=CARTESIAN_POINT('',(19.5610541256389,-2.04940232397893,0.));
#267=CARTESIAN_POINT('',(19.4131749984608,-1.94616403102604,0.));
#268=CARTESIAN_POINT('',(19.3347787722134,-1.89297124197388,0.));
#269=CARTESIAN_POINT('',(19.1698781890426,-1.78512813405088,0.));
#270=CARTESIAN_POINT('',(19.0832268568843,-1.73070155021423,0.));
#271=CARTESIAN_POINT('',(18.902823523513,-1.62197961256306,0.));
#272=CARTESIAN_POINT('',(18.808953770736,-1.56788052338783,0.));
#273=CARTESIAN_POINT('',(18.6159283852417,-1.46026038912766,0.));
#274=CARTESIAN_POINT('',(18.5167117640603,-1.40684958522487,0.));
#275=CARTESIAN_POINT('',(18.3146929000105,-1.30133282277358,0.));
#276=CARTESIAN_POINT('',(18.2118605259777,-1.24928455531478,0.));
#277=CARTESIAN_POINT('',(18.0041911810997,-1.14755038990176,0.));
#278=CARTESIAN_POINT('',(17.8993454555256,-1.09788236858189,0.));
#279=CARTESIAN_POINT('',(17.6894815248756,-1.00156285655053,0.));
#280=CARTESIAN_POINT('',(17.5844743637419,-0.954887245968779,0.));
#281=CARTESIAN_POINT('',(17.3762622738041,-0.864908259259254,0.));
#282=CARTESIAN_POINT('',(17.2730814801824,-0.821548755583254,0.));
#283=CARTESIAN_POINT('',(17.0704653505398,-0.738489080388254,0.));
#284=CARTESIAN_POINT('',(16.9710618488021,-0.698711764881822,0.));
#285=CARTESIAN_POINT('',(16.7778285741911,-0.623251068329137,0.));
#286=CARTESIAN_POINT('',(16.6840368825807,-0.587466960670214,0.));
#287=CARTESIAN_POINT('',(16.5038186764445,-0.519895484989663,0.));
#288=CARTESIAN_POINT('',(16.4174290167407,-0.488023386833738,0.));
#289=CARTESIAN_POINT('',(16.2537692355101,-0.429796336973067,0.));
#290=CARTESIAN_POINT('',(16.1765567274466,-0.403222531846596,0.));
#291=CARTESIAN_POINT('',(16.0373333103376,-0.343741452512853,0.));
#292=CARTESIAN_POINT('',(15.9748214157387,-0.312454688300349,0.));
#293=CARTESIAN_POINT('',(15.8727174217335,-0.236866312146936,0.));
#294=CARTESIAN_POINT('',(15.831057215643,-0.195457937429647,0.));
#295=CARTESIAN_POINT('',(15.7640224201525,-0.112544362809067,0.));
#296=CARTESIAN_POINT('',(15.7370840345595,-0.0722471637152072,0.));
#297=CARTESIAN_POINT('',(15.7001671356144,0.00844254250777929,0.));
#298=CARTESIAN_POINT('',(15.6880964238529,0.0476760736897907,0.));
#299=CARTESIAN_POINT('',(15.6836866456046,0.106179460228881,0.));
#300=CARTESIAN_POINT('',(15.6842281248982,0.124841692706377,0.));
#301=CARTESIAN_POINT('',(15.6892831605577,0.161377962694902,0.));
#302=CARTESIAN_POINT('',(15.6937496651484,0.179258711603578,0.));
#303=CARTESIAN_POINT('',(15.706267449584,0.21382296297581,0.));
#304=CARTESIAN_POINT('',(15.71433294104,0.2305014115148,0.));
#305=CARTESIAN_POINT('',(15.72398686409,0.2461354415863,0.));
#306=CARTESIAN_POINT('',(15.72398686409,0.2461354415863,0.));
#307=CARTESIAN_POINT('',(15.73360443733,0.2618813452402,0.));
#308=CARTESIAN_POINT('',(15.7449040810321,0.276658105486741,0.));
#309=CARTESIAN_POINT('',(15.7702957094423,0.303755366499904,0.));
#310=CARTESIAN_POINT('',(15.7844095191658,0.316055055335277,0.));
#311=CARTESIAN_POINT('',(15.8152539351051,0.337920632526292,0.));
#312=CARTESIAN_POINT('',(15.832050369291,0.347393385151272,0.));
#313=CARTESIAN_POINT('',(15.8681100642402,0.363685133697973,0.));
#314=CARTESIAN_POINT('',(15.8874619035647,0.370301131111649,0.));
#315=CARTESIAN_POINT('',(15.9286117124206,0.381094158190684,0.));
#316=CARTESIAN_POINT('',(15.9504753252912,0.38500624676809,0.));
#317=CARTESIAN_POINT('',(15.9966590580028,0.390506053103983,0.));
#318=CARTESIAN_POINT('',(16.0210079758645,0.391825132345913,0.));
#319=CARTESIAN_POINT('',(16.0721371283174,0.392170936143442,0.));
#320=CARTESIAN_POINT('',(16.0989167815233,0.390954999955519,0.));
#321=CARTESIAN_POINT('',(16.1548515381778,0.386237844570616,0.));
#322=CARTESIAN_POINT('',(16.1839875178185,0.382528173352167,0.));
#323=CARTESIAN_POINT('',(16.2445632507124,0.372862068600028,0.));
#324=CARTESIAN_POINT('',(16.2759744872211,0.366733552735421,0.));
#325=CARTESIAN_POINT('',(16.3410169753862,0.352283330751778,0.));
#326=CARTESIAN_POINT('',(16.3746165396265,0.343821983693252,0.));
#327=CARTESIAN_POINT('',(16.4439270931252,0.324751836735899,0.));
#328=CARTESIAN_POINT('',(16.4796063906468,0.314029260108866,0.));
#329=CARTESIAN_POINT('',(16.5529226886764,0.290447623579555,0.));
#330=CARTESIAN_POINT('',(16.5905287685587,0.277493085474758,0.));
#331=CARTESIAN_POINT('',(16.667517020326,0.249435418141368,0.));
#332=CARTESIAN_POINT('',(16.706868957968,0.234249707591327,0.));
#333=CARTESIAN_POINT('',(16.7871585950247,0.201734767129235,0.));
#334=CARTESIAN_POINT('',(16.828067253928,0.184334083576915,0.));
#335=CARTESIAN_POINT('',(16.9112938911373,0.147442451834626,0.));
#336=CARTESIAN_POINT('',(16.9535850071942,0.127891219679879,0.));
#337=CARTESIAN_POINT('',(17.0848715251685,0.0650328713132242,0.));
#338=CARTESIAN_POINT('',(17.1729144420684,0.0197324327368268,0.));
#339=CARTESIAN_POINT('',(17.352641455749,-0.0779322570845194,0.));
#340=CARTESIAN_POINT('',(17.4441775434921,-0.130566024418083,0.));
#341=CARTESIAN_POINT('',(17.6293345677081,-0.242169965795015,0.));
#342=CARTESIAN_POINT('',(17.722844850275,-0.301322986079686,0.));
#343=CARTESIAN_POINT('',(17.9104758181082,-0.424937858410226,0.));
#344=CARTESIAN_POINT('',(18.0045255164022,-0.489507452760028,0.));
#345=CARTESIAN_POINT('',(18.1913026668357,-0.623468840188576,0.));
#346=CARTESIAN_POINT('',(18.2839880963121,-0.692919145783707,0.));
#347=CARTESIAN_POINT('',(18.4671378259983,-0.83441490650984,0.));
#348=CARTESIAN_POINT('',(18.5576047842845,-0.906456972290875,0.));
#349=CARTESIAN_POINT('',(18.7364706946019,-1.04957255319364,0.));
#350=CARTESIAN_POINT('',(18.8248760314745,-1.12063814382577,0.));
#351=CARTESIAN_POINT('',(18.9972002984955,-1.2619724860881,0.));
#352=CARTESIAN_POINT('',(19.08116777345,-1.33218162446442,0.));
#353=CARTESIAN_POINT('',(19.2432117929914,-1.47071223919628,0.));
#354=CARTESIAN_POINT('',(19.3213672791004,-1.53894138423033,0.));
#355=CARTESIAN_POINT('',(19.4706085560817,-1.67222444310189,0.));
#356=CARTESIAN_POINT('',(19.5418013394519,-1.73715828369151,0.));
#357=CARTESIAN_POINT('',(19.6759629595052,-1.86269607901896,0.));
#358=CARTESIAN_POINT('',(19.7390805842126,-1.9231406486701,0.));
#359=CARTESIAN_POINT('',(19.8563871203762,-2.03807410319373,0.));
#360=CARTESIAN_POINT('',(19.9107347199138,-2.09240196637955,0.));
#361=CARTESIAN_POINT('',(20.0107196985895,-2.19265303508548,0.));
#362=CARTESIAN_POINT('',(20.0563811918805,-2.23855273297545,0.));
#363=CARTESIAN_POINT('',(20.1384028903085,-2.32090198616139,0.));
#364=CARTESIAN_POINT('',(20.1747527554475,-2.35736169616152,0.));
#365=CARTESIAN_POINT('',(20.2375367775721,-2.42048734508005,0.));
#366=CARTESIAN_POINT('',(20.2639915332285,-2.44713282651921,0.));
#367=CARTESIAN_POINT('',(20.2996374981621,-2.48300304037695,0.));
#368=CARTESIAN_POINT('',(20.3088180171684,-2.49223839143438,0.));
#369=CARTESIAN_POINT('',(20.3239114393427,-2.50741924228357,0.));
#370=CARTESIAN_POINT('',(20.329823858546,-2.51336522342742,0.));
#371=CARTESIAN_POINT('',(20.3415793939287,-2.52517897102326,0.));
#372=CARTESIAN_POINT('',(20.34742245712,-2.53104679017,0.));
#373=CARTESIAN_POINT('',(20.3532693386,-2.536910802126,0.));
#374=CARTESIAN_POINT('',(20.3532693386,-2.536910802126,0.));
#375=CARTESIAN_POINT('',(20.33574342727,-2.567266792059,0.));
#376=CARTESIAN_POINT('',(20.31821751594,-2.597622781992,0.));
#377=CARTESIAN_POINT('',(20.30069160461,-2.627978771925,0.));
#378=CARTESIAN_POINT('',(0.3251716801595,0.1180862124955,0.));
#379=CARTESIAN_POINT('',(0.3251871631328,0.1180578527081,0.));
#380=CARTESIAN_POINT('',(0.325202027900202,0.118029158652297,0.));
#381=CARTESIAN_POINT('',(0.32523175311867,0.117971778446793,0.));
#382=CARTESIAN_POINT('',(0.325246613569737,0.117943092297093,0.));
#383=CARTESIAN_POINT('',(0.325277588149004,0.117886356910211,0.));
#384=CARTESIAN_POINT('',(0.325293702277203,0.11785830767303,0.));
#385=CARTESIAN_POINT('',(0.325323294089409,0.117794537825047,0.));
#386=CARTESIAN_POINT('',(0.325335821526606,0.117758332539792,0.));
#387=CARTESIAN_POINT('',(0.325374111776142,0.117690336478508,0.));
#388=CARTESIAN_POINT('',(0.325400631351952,0.117658946710381,0.));
#389=CARTESIAN_POINT('',(0.325439761106403,0.117585180365622,0.));
#390=CARTESIAN_POINT('',(0.325450992689525,0.11754209526415,0.));
#391=CARTESIAN_POINT('',(0.325486547915538,0.117460106721199,0.));
#392=CARTESIAN_POINT('',(0.325511451315964,0.117421487675307,0.));
#393=CARTESIAN_POINT('',(0.325559037626501,0.117343231392933,0.));
#394=CARTESIAN_POINT('',(0.325581720536611,0.117303594156452,0.));
#395=CARTESIAN_POINT('',(0.325625004191504,0.117216809486557,0.));
#396=CARTESIAN_POINT('',(0.325645014193173,0.11716933551667,0.));
#397=CARTESIAN_POINT('',(0.325697948396442,0.117078848835001,0.));
#398=CARTESIAN_POINT('',(0.325731433684116,0.117036149315645,0.));
#399=CARTESIAN_POINT('',(0.325785215909246,0.116939902632238,0.));
#400=CARTESIAN_POINT('',(0.325804589624753,0.116885854567756,0.));
#401=CARTESIAN_POINT('',(0.325854942734509,0.116775075628924,0.));
#402=CARTESIAN_POINT('',(0.325887137671905,0.116718971088661,0.));
#403=CARTESIAN_POINT('',(0.325950045707038,0.116606002293339,0.));
#404=CARTESIAN_POINT('',(0.325980758804776,0.116549138038279,0.));
#405=CARTESIAN_POINT('',(0.326039717088262,0.116427815742519,0.));
#406=CARTESIAN_POINT('',(0.326067517017309,0.116363126885748,0.));
#407=CARTESIAN_POINT('',(0.326136204668533,0.116238103635616,0.));
#408=CARTESIAN_POINT('',(0.326177486397254,0.116177977587936,0.));
#409=CARTESIAN_POINT('',(0.326247144335479,0.116047233445486,0.));
#410=CARTESIAN_POINT('',(0.32627482534736,0.115976255780795,0.));
#411=CARTESIAN_POINT('',(0.326339701244882,0.115830342992617,0.));
#412=CARTESIAN_POINT('',(0.326377575189822,0.115755733619633,0.));
#413=CARTESIAN_POINT('',(0.326462938852711,0.115609247763532,0.));
#414=CARTESIAN_POINT('',(0.326510667816613,0.115537506016305,0.));
#415=CARTESIAN_POINT('',(0.32659397027791,0.115383748394192,0.));
#416=CARTESIAN_POINT('',(0.326629008345682,0.115301444299148,0.));
#417=CARTESIAN_POINT('',(0.326709089738199,0.115133285069091,0.));
#418=CARTESIAN_POINT('',(0.32675473728346,0.115047741117469,0.));
#419=CARTESIAN_POINT('',(0.326855205315351,0.114872700169724,0.));
#420=CARTESIAN_POINT('',(0.326910469334264,0.114783444328802,0.));
#421=CARTESIAN_POINT('',(0.327007937647467,0.114594304566297,0.));
#422=CARTESIAN_POINT('',(0.32704966301616,0.114494170641258,0.));
#423=CARTESIAN_POINT('',(0.327146938380121,0.11429859437852,0.));
#424=CARTESIAN_POINT('',(0.327202745792487,0.114203284224542,0.));
#425=CARTESIAN_POINT('',(0.327310137631488,0.114004188815025,0.));
#426=CARTESIAN_POINT('',(0.327361366474275,0.113900218631601,0.));
#427=CARTESIAN_POINT('',(0.327473330603513,0.113682159642294,0.));
#428=CARTESIAN_POINT('',(0.327534480865757,0.113568286806396,0.));
#429=CARTESIAN_POINT('',(0.327655794457198,0.113340029002037,0.));
#430=CARTESIAN_POINT('',(0.327715957786395,0.113225644033576,0.));
#431=CARTESIAN_POINT('',(0.327836000335902,0.11299672020768,0.));
#432=CARTESIAN_POINT('',(0.327895879556212,0.112882181350245,0.));
#433=CARTESIAN_POINT('',(0.328024067649145,0.112642436967148,0.));
#434=CARTESIAN_POINT('',(0.32809260762116,0.112517354174812,0.));
#435=CARTESIAN_POINT('',(0.32822865097911,0.112260341046207,0.));
#436=CARTESIAN_POINT('',(0.328296009304653,0.112128334082107,0.));
#437=CARTESIAN_POINT('',(0.328431417915826,0.111864687565622,0.));
#438=CARTESIAN_POINT('',(0.328499468201456,0.111733048013237,0.));
#439=CARTESIAN_POINT('',(0.328642923993392,0.111458530941842,0.));
#440=CARTESIAN_POINT('',(0.328718439306598,0.111315710717217,0.));
#441=CARTESIAN_POINT('',(0.328869866074793,0.111030274564049,0.));
#442=CARTESIAN_POINT('',(0.328945777529781,0.110887658635505,0.));
#443=CARTESIAN_POINT('',(0.329097204639661,0.110595929667078,0.));
#444=CARTESIAN_POINT('',(0.329172615864531,0.110446762476039,0.));
#445=CARTESIAN_POINT('',(0.329323659540138,0.110148541098918,0.));
#446=CARTESIAN_POINT('',(0.329399291990877,0.109999486912837,0.));
#447=CARTESIAN_POINT('',(0.329558986465526,0.10969070911051,0.));
#448=CARTESIAN_POINT('',(0.329643239084064,0.109531084893602,0.));
#449=CARTESIAN_POINT('',(0.329808098206142,0.10920989163502,0.));
#450=CARTESIAN_POINT('',(0.329888704709681,0.109048322593346,0.));
#451=CARTESIAN_POINT('',(0.330062920994968,0.108729569240993,0.));
#452=CARTESIAN_POINT('',(0.33015668212212,0.108572466060925,0.));
#453=CARTESIAN_POINT('',(0.330330411450509,0.108247177784014,0.));
#454=CARTESIAN_POINT('',(0.330410098351261,0.108078843281231,0.));
#455=CARTESIAN_POINT('',(0.330581903781363,0.107739908815864,0.));
#456=CARTESIAN_POINT('',(0.33067440242093,0.107569507665385,0.));
#457=CARTESIAN_POINT('',(0.330856610965863,0.107227247351574,0.));
#458=CARTESIAN_POINT('',(0.330946320871229,0.107055388188242,0.));
#459=CARTESIAN_POINT('',(0.331127216714707,0.106712439477846,0.));
#460=CARTESIAN_POINT('',(0.33121840265282,0.106541349930783,0.));
#461=CARTESIAN_POINT('',(0.331400240411614,0.10619259969775,0.));
#462=CARTESIAN_POINT('',(0.331490801217354,0.106014891670982,0.));
#463=CARTESIAN_POINT('',(0.331671547791523,0.105659278505164,0.));
#464=CARTESIAN_POINT('',(0.331761733559954,0.105481373366114,0.));
#465=CARTESIAN_POINT('',(0.331944310894717,0.105133011839668,0.));
#466=CARTESIAN_POINT('',(0.332036570039273,0.104962486348851,0.));
#467=CARTESIAN_POINT('',(0.332217153871757,0.104613066140104,0.));
#468=CARTESIAN_POINT('',(0.332305288725352,0.104434071828869,0.));
#469=CARTESIAN_POINT('',(0.332493209976945,0.104079728872297,0.));
#470=CARTESIAN_POINT('',(0.332593116290075,0.103904443886594,0.));
#471=CARTESIAN_POINT('',(0.332782670673996,0.103557241620936,0.));
#472=CARTESIAN_POINT('',(0.332872566376791,0.103385457616974,0.));
#473=CARTESIAN_POINT('',(0.333052043255461,0.103035462100864,0.));
#474=CARTESIAN_POINT('',(0.333141540810726,0.102857207960463,0.));
#475=CARTESIAN_POINT('',(0.333324215125212,0.102508894469153,0.));
#476=CARTESIAN_POINT('',(0.333417218755984,0.102338745404008,0.));
#477=CARTESIAN_POINT('',(0.333590119198758,0.102000403345387,0.));
#478=CARTESIAN_POINT('',(0.333670391902367,0.101832405223103,0.));
#479=CARTESIAN_POINT('',(0.333844467993848,0.101500980143332,0.));
#480=CARTESIAN_POINT('',(0.333938420839452,0.101337631232867,0.));
#481=CARTESIAN_POINT('',(0.334113139992211,0.101006542858343,0.));
#482=CARTESIAN_POINT('',(0.334194048204929,0.100838877487009,0.));
#483=CARTESIAN_POINT('',(0.334358984667887,0.100511452715012,0.));
#484=CARTESIAN_POINT('',(0.334442845876097,0.100351607203367,0.));
#485=CARTESIAN_POINT('',(0.334609291951999,0.100037561012764,0.));
#486=CARTESIAN_POINT('',(0.3346918363315,0.0998833383741561,0.));
#487=CARTESIAN_POINT('',(0.334858342603527,0.0995756256705243,0.));
#488=CARTESIAN_POINT('',(0.334942304496054,0.0994221356055004,0.));
#489=CARTESIAN_POINT('',(0.335099722829131,0.099118460212805,0.));
#490=CARTESIAN_POINT('',(0.335173480558735,0.0989684319848327,0.));
#491=CARTESIAN_POINT('',(0.33532541532145,0.0986769609383123,0.));
#492=CARTESIAN_POINT('',(0.335403362288728,0.0985353987602838,0.));
#493=CARTESIAN_POINT('',(0.335546690700174,0.0982545160388049,0.));
#494=CARTESIAN_POINT('',(0.335612495958654,0.098115414635298,0.));
#495=CARTESIAN_POINT('',(0.335754636075866,0.0978402246782961,0.));
#496=CARTESIAN_POINT('',(0.335831108540683,0.0977042080496101,0.));
#497=CARTESIAN_POINT('',(0.335976821265286,0.0974434413384342,0.));
#498=CARTESIAN_POINT('',(0.336046119205244,0.0973187256462979,0.));
#499=CARTESIAN_POINT('',(0.336172387518259,0.0970653791204198,0.));
#500=CARTESIAN_POINT('',(0.336229528842073,0.0969368362965232,0.));
#501=CARTESIAN_POINT('',(0.336357594926864,0.0966907664766383,0.));
#502=CARTESIAN_POINT('',(0.336428155791986,0.096573049088696,0.));
#503=CARTESIAN_POINT('',(0.336557951920902,0.0963404202330506,0.));
#504=CARTESIAN_POINT('',(0.336617604115809,0.0962257333227868,0.));
#505=CARTESIAN_POINT('',(0.336730515784662,0.0960018591129754,0.));
#506=CARTESIAN_POINT('',(0.336783944082381,0.0958927546187427,0.));
#507=CARTESIAN_POINT('',(0.336889784257761,0.0956740033779434,0.));
#508=CARTESIAN_POINT('',(0.336942196135422,0.0955643566313767,0.));
#509=CARTESIAN_POINT('',(0.337048520087301,0.0953584238306082,0.));
#510=CARTESIAN_POINT('',(0.337101850076597,0.0952618369197198,0.));
#511=CARTESIAN_POINT('',(0.337208586187116,0.0950687030460473,0.));
#512=CARTESIAN_POINT('',(0.337261992308339,0.0949721560832631,0.));
#513=CARTESIAN_POINT('',(0.337359471377025,0.0947829928439129,0.));
#514=CARTESIAN_POINT('',(0.337403936934367,0.0946905796547882,0.));
#515=CARTESIAN_POINT('',(0.337493600246337,0.0945123861246497,0.));
#516=CARTESIAN_POINT('',(0.337538625624947,0.0944265190290978,0.));
#517=CARTESIAN_POINT('',(0.337629999018267,0.0942618324894318,0.));
#518=CARTESIAN_POINT('',(0.337676124120885,0.0941828908379653,0.));
#519=CARTESIAN_POINT('',(0.337758986268112,0.0940288365623007,0.));
#520=CARTESIAN_POINT('',(0.337796188890305,0.0939539741861821,0.));
#521=CARTESIAN_POINT('',(0.337870557871304,0.0938042474024166,0.));
#522=CARTESIAN_POINT('',(0.33790772423011,0.0937293829947697,0.));
#523=CARTESIAN_POINT('',(0.337984315227564,0.0935871220846079,0.));
#524=CARTESIAN_POINT('',(0.338023424218934,0.0935195604216087,0.));
#525=CARTESIAN_POINT('',(0.33809183896626,0.0933881136367165,0.));
#526=CARTESIAN_POINT('',(0.338121733234379,0.0933245329302251,0.));
#527=CARTESIAN_POINT('',(0.338181721450805,0.0931974706274601,0.));
#528=CARTESIAN_POINT('',(0.338211815399112,0.0931339890311865,0.));
#529=CARTESIAN_POINT('',(0.338273672098136,0.093014215388972,0.));
#530=CARTESIAN_POINT('',(0.338305109853567,0.0929577539545782,0.));
#531=CARTESIAN_POINT('',(0.338363790655678,0.0928424952476194,0.));
#532=CARTESIAN_POINT('',(0.338391033702357,0.0927836979750542,0.));
#533=CARTESIAN_POINT('',(0.338452971262937,0.0926829108169245,0.));
#534=CARTESIAN_POINT('',(0.338485619299276,0.0926397614809729,0.));
#535=CARTESIAN_POINT('',(0.33853900962462,0.0925433022354104,0.));
#536=CARTESIAN_POINT('',(0.338558909575393,0.0924895347583888,0.));
#537=CARTESIAN_POINT('',(0.338603111937171,0.092390605429919,0.));
#538=CARTESIAN_POINT('',(0.338626780267648,0.0923451193857658,0.));
#539=CARTESIAN_POINT('',(0.33867244227788,0.0922596254164537,0.));
#540=CARTESIAN_POINT('',(0.33869433853859,0.0922195592094809,0.));
#541=CARTESIAN_POINT('',(0.33874125640715,0.0921409443064599,0.));
#542=CARTESIAN_POINT('',(0.338766278014999,0.0921023956104116,0.));
#543=CARTESIAN_POINT('',(0.338802255747445,0.0920206201859921,0.));
#544=CARTESIAN_POINT('',(0.338813783198012,0.0919776745247056,0.));
#545=CARTESIAN_POINT('',(0.338851947696015,0.0919034401198145,0.));
#546=CARTESIAN_POINT('',(0.338877326635127,0.0918715006684946,0.));
#547=CARTESIAN_POINT('',(0.338915747760867,0.0918098013149136,0.));
#548=CARTESIAN_POINT('',(0.338930235885845,0.0917808539434365,0.));
#549=CARTESIAN_POINT('',(0.338959837275687,0.0917170951857284,0.));
#550=CARTESIAN_POINT('',(0.338974618724311,0.0916821417312662,0.));
#551=CARTESIAN_POINT('',(0.339004839073838,0.0916187195704253,0.));
#552=CARTESIAN_POINT('',(0.339019854223998,0.0915900588008527,0.));
#553=CARTESIAN_POINT('',(0.339049685531506,0.0915389597179099,0.));
#554=CARTESIAN_POINT('',(0.339064103808,0.09151629028726,0.));
#555=CARTESIAN_POINT('',(0.3390794802723,0.09149430019072,0.));
#556=CARTESIAN_POINT('',(0.3390794802723,0.09149430019072,0.));
#557=CARTESIAN_POINT('',(0.339020257647,0.09143294319718,0.));
#558=CARTESIAN_POINT('',(0.338959984354604,0.0913726146536817,0.));
#559=CARTESIAN_POINT('',(0.338811763674005,0.0912252814495469,0.));
#560=CARTESIAN_POINT('',(0.338723581678536,0.0911385029879259,0.));
#561=CARTESIAN_POINT('',(0.33851031954779,0.0909183295733976,0.));
#562=CARTESIAN_POINT('',(0.338387772717544,0.0907824966369508,0.));
#563=CARTESIAN_POINT('',(0.338086884329612,0.0904579125240162,0.));
#564=CARTESIAN_POINT('',(0.337906722038193,0.0902708911542449,0.));
#565=CARTESIAN_POINT('',(0.33747534882144,0.0898288081266339,0.));
#566=CARTESIAN_POINT('',(0.337223066680414,0.0895747978435541,0.));
#567=CARTESIAN_POINT('',(0.336628911222754,0.0889642206203902,0.));
#568=CARTESIAN_POINT('',(0.336289405508404,0.0886053459168669,0.));
#569=CARTESIAN_POINT('',(0.335496911368628,0.0877890100527293,0.));
#570=CARTESIAN_POINT('',(0.335040734813048,0.0873346604923673,0.));
#571=CARTESIAN_POINT('',(0.33399627462802,0.0862811586964976,0.));
#572=CARTESIAN_POINT('',(0.33341002772433,0.0856800111512357,0.));
#573=CARTESIAN_POINT('',(0.332071573191132,0.0843176446864777,0.));
#574=CARTESIAN_POINT('',(0.331317983506514,0.0835577831342307,0.));
#575=CARTESIAN_POINT('',(0.329631967525866,0.0818604689230107,0.));
#576=CARTESIAN_POINT('',(0.328699221093328,0.0809233373216994,0.));
#577=CARTESIAN_POINT('',(0.326620419362027,0.0788449917955478,0.));
#578=CARTESIAN_POINT('',(0.325473224130179,0.0777049159186594,0.));
#579=CARTESIAN_POINT('',(0.322943888092671,0.0752052486770198,0.));
#580=CARTESIAN_POINT('',(0.32156036282034,0.0738470580623411,0.));
#581=CARTESIAN_POINT('',(0.318540621927967,0.0709037824556382,0.));
#582=CARTESIAN_POINT('',(0.316902561568268,0.06932059155495,0.));
#583=CARTESIAN_POINT('',(0.313353180520172,0.0659107083395301,0.));
#584=CARTESIAN_POINT('',(0.311440211291858,0.0640857309596566,0.));
#585=CARTESIAN_POINT('',(0.307332204286982,0.0602051762715358,0.));
#586=CARTESIAN_POINT('',(0.305134536224836,0.0581523805705361,0.));
#587=CARTESIAN_POINT('',(0.300445843114538,0.053819498812684,0.));
#588=CARTESIAN_POINT('',(0.297951968061808,0.0515424952495784,0.));
#589=CARTESIAN_POINT('',(0.292675840636994,0.0467808131608298,0.));
#590=CARTESIAN_POINT('',(0.289890714547561,0.0442993302647264,0.));
#591=CARTESIAN_POINT('',(0.284067442340789,0.0391024915936857,0.));
#592=CARTESIAN_POINT('',(0.281029686815065,0.0363867044593102,0.));
#593=CARTESIAN_POINT('',(0.274718551929827,0.030748740980002,0.));
#594=CARTESIAN_POINT('',(0.27144500822448,0.0278267452222442,0.));
#595=CARTESIAN_POINT('',(0.264704010596672,0.0217715792608208,0.));
#596=CARTESIAN_POINT('',(0.261237791988894,0.0186370345274927,0.));
#597=CARTESIAN_POINT('',(0.254105675126264,0.0122165627654719,0.));
#598=CARTESIAN_POINT('',(0.2504390026931,0.0089314951948188,0.));
#599=CARTESIAN_POINT('',(0.242986666752427,0.00220347432592846,0.));
#600=CARTESIAN_POINT('',(0.239202012482749,-0.00124059679892541,0.));
#601=CARTESIAN_POINT('',(0.231506014984771,-0.00824253125705061,0.));
#602=CARTESIAN_POINT('',(0.227594647717175,-0.0118003666761169,0.));
#603=CARTESIAN_POINT('',(0.219699549796091,-0.0190057252659628,0.));
#604=CARTESIAN_POINT('',(0.215716075286364,-0.0226535295182762,0.));
#605=CARTESIAN_POINT('',(0.207704766181089,-0.0300000832305937,0.));
#606=CARTESIAN_POINT('',(0.203676995663342,-0.033698902330565,0.));
#607=CARTESIAN_POINT('',(0.195605208401116,-0.0411266842456203,0.));
#608=CARTESIAN_POINT('',(0.191561236482138,-0.0448556959487485,0.));
#609=CARTESIAN_POINT('',(0.183497153524336,-0.0523288310657423,0.));
#610=CARTESIAN_POINT('',(0.179477018134011,-0.0560729282208023,0.));
#611=CARTESIAN_POINT('',(0.171476718129431,-0.0635265933763777,0.));
#612=CARTESIAN_POINT('',(0.167496540592861,-0.0672361474981957,0.));
#613=CARTESIAN_POINT('',(0.159609749661981,-0.0746180255209412,0.));
#614=CARTESIAN_POINT('',(0.15570290835049,-0.0782901060883266,0.));
#615=CARTESIAN_POINT('',(0.147958620148468,-0.0855627763607881,0.));
#616=CARTESIAN_POINT('',(0.144121231686383,-0.0891634274998831,0.));
#617=CARTESIAN_POINT('',(0.136571276364587,-0.0963049266783346,0.));
#618=CARTESIAN_POINT('',(0.132857990132246,-0.0998450143736306,0.));
#619=CARTESIAN_POINT('',(0.125531035691088,-0.10681759866017,0.));
#620=CARTESIAN_POINT('',(0.121917546989837,-0.110250284055858,0.));
#621=CARTESIAN_POINT('',(0.11483110195488,-0.117030298089285,0.));
#622=CARTESIAN_POINT('',(0.111357368303587,-0.120376814280594,0.));
#623=CARTESIAN_POINT('',(0.104516057358194,-0.126939572252874,0.));
#624=CARTESIAN_POINT('',(0.101148963575905,-0.130156316792751,0.));
#625=CARTESIAN_POINT('',(0.0945764868028125,-0.136500551422491,0.));
#626=CARTESIAN_POINT('',(0.0913698493574416,-0.139626741490237,0.));
#627=CARTESIAN_POINT('',(0.085071488428445,-0.145745858694273,0.));
#628=CARTESIAN_POINT('',(0.0819801782429142,-0.148739213708175,0.));
#629=CARTESIAN_POINT('',(0.0759394572062647,-0.154612339843464,0.));
#630=CARTESIAN_POINT('',(0.072989545676544,-0.157491594162276,0.));
#631=CARTESIAN_POINT('',(0.0672287934204577,-0.163145542213896,0.));
#632=CARTESIAN_POINT('',(0.0644172982304814,-0.165919570144925,0.));
#633=CARTESIAN_POINT('',(0.0589040015901438,-0.171335966507547,0.));
#634=CARTESIAN_POINT('',(0.0562027053095777,-0.173978848048022,0.));
#635=CARTESIAN_POINT('',(0.0509380386819176,-0.179170911798619,0.));
#636=CARTESIAN_POINT('',(0.0483737699634191,-0.181719183151515,0.));
#637=CARTESIAN_POINT('',(0.0433539622645908,-0.186700463500771,0.));
#638=CARTESIAN_POINT('',(0.0408985806695019,-0.189133631954662,0.));
#639=CARTESIAN_POINT('',(0.036103302019369,-0.193908839591301,0.));
#640=CARTESIAN_POINT('',(0.0337629112270933,-0.196250382548725,0.));
#641=CARTESIAN_POINT('',(0.0291785033398098,-0.200836368902628,0.));
#642=CARTESIAN_POINT('',(0.0269344999407718,-0.20308082662874,0.));
#643=CARTESIAN_POINT('',(0.0225390561756015,-0.207480796050496,0.));
#644=CARTESIAN_POINT('',(0.0203875424830652,-0.209636234054105,0.));
#645=CARTESIAN_POINT('',(0.0161750351612803,-0.213873375063572,0.));
#646=CARTESIAN_POINT('',(0.0141137178221391,-0.215954756119387,0.));
#647=CARTESIAN_POINT('',(0.0100746383341002,-0.220043397708711,0.));
#648=CARTESIAN_POINT('',(0.00809668089564268,-0.222050465553431,0.));
#649=CARTESIAN_POINT('',(0.00420414713864801,-0.225995468258538,0.));
#650=CARTESIAN_POINT('',(0.00228965075330387,-0.227933482285427,0.));
#651=CARTESIAN_POINT('',(-0.00148044815731552,-0.231753208058772,0.));
#652=CARTESIAN_POINT('',(-0.00333609977642976,-0.233634870367588,0.));
#653=CARTESIAN_POINT('',(-0.00697372823682094,-0.237355204611274,0.));
#654=CARTESIAN_POINT('',(-0.00875620068758977,-0.239193392039307,0.));
#655=CARTESIAN_POINT('',(-0.0122826723070727,-0.242818219612005,0.));
#656=CARTESIAN_POINT('',(-0.0140265242128293,-0.244605003512351,0.));
#657=CARTESIAN_POINT('',(-0.0174741223078315,-0.248140419995572,0.));
#658=CARTESIAN_POINT('',(-0.0191779011402691,-0.249889020855277,0.));
#659=CARTESIAN_POINT('',(-0.022562411041967,-0.25335507076614,0.));
#660=CARTESIAN_POINT('',(-0.0242430829722346,-0.255072577088453,0.));
#661=CARTESIAN_POINT('',(-0.0275634107601222,-0.258498164357548,0.));
#662=CARTESIAN_POINT('',(-0.0292033064067881,-0.260206012864206,0.));
#663=CARTESIAN_POINT('',(-0.0324695043832069,-0.26360492745144,0.));
#664=CARTESIAN_POINT('',(-0.0340957949387069,-0.265296005112172,0.));
#665=CARTESIAN_POINT('',(-0.0373369417391294,-0.268665697034187,0.));
#666=CARTESIAN_POINT('',(-0.038951795921428,-0.270344313284382,0.));
#667=CARTESIAN_POINT('',(-0.0421912023990368,-0.273703976681945,0.));
#668=CARTESIAN_POINT('',(-0.0438157686206168,-0.275385010538806,0.));
#669=CARTESIAN_POINT('',(-0.047039270816909,-0.278757956835393,0.));
#670=CARTESIAN_POINT('',(-0.048638285920451,-0.280449793640688,0.));
#671=CARTESIAN_POINT('',(-0.0518661578544013,-0.283863420454158,0.));
#672=CARTESIAN_POINT('',(-0.0534950289886102,-0.285585196145827,0.));
#673=CARTESIAN_POINT('',(-0.056774674891529,-0.289049247796361,0.));
#674=CARTESIAN_POINT('',(-0.0584254664518049,-0.290791507998739,0.));
#675=CARTESIAN_POINT('',(-0.0617557444307889,-0.294301736930664,0.));
#676=CARTESIAN_POINT('',(-0.0634352673999213,-0.296069671022021,0.));
#677=CARTESIAN_POINT('',(-0.066806590604719,-0.299628853142698,0.));
#678=CARTESIAN_POINT('',(-0.068498336700169,-0.301420152318223,0.));
#679=CARTESIAN_POINT('',(-0.0719182536036867,-0.305021197934162,0.));
#680=CARTESIAN_POINT('',(-0.0736465811908401,-0.30683079680987,0.));
#681=CARTESIAN_POINT('',(-0.0770982816860426,-0.310504766347936,0.));
#682=CARTESIAN_POINT('',(-0.0788212139759392,-0.312369550939725,0.));
#683=CARTESIAN_POINT('',(-0.0822966304220388,-0.316117802066121,0.));
#684=CARTESIAN_POINT('',(-0.0840492022300877,-0.318001186035991,0.));
#685=CARTESIAN_POINT('',(-0.0875660202384718,-0.321791798035158,0.));
#686=CARTESIAN_POINT('',(-0.0893302108836181,-0.32369907790203,0.));
#687=CARTESIAN_POINT('',(-0.0928904262028301,-0.327531059119159,0.));
#688=CARTESIAN_POINT('',(-0.0946865628614898,-0.329455656256226,0.));
#689=CARTESIAN_POINT('',(-0.0983006988704102,-0.333330776091999,0.));
#690=CARTESIAN_POINT('',(-0.100118682272168,-0.335281313847786,0.));
#691=CARTESIAN_POINT('',(-0.103760174969658,-0.339216520486145,0.));
#692=CARTESIAN_POINT('',(-0.105583531878348,-0.341201330470104,0.));
#693=CARTESIAN_POINT('',(-0.109246215646266,-0.345201538688823,0.));
#694=CARTESIAN_POINT('',(-0.111085460825517,-0.347217011448494,0.));
#695=CARTESIAN_POINT('',(-0.11477806178268,-0.351274870086066,0.));
#696=CARTESIAN_POINT('',(-0.116631356042568,-0.353317311940796,0.));
#697=CARTESIAN_POINT('',(-0.120361354012243,-0.357421315425184,0.));
#698=CARTESIAN_POINT('',(-0.12223809372709,-0.359482844343471,0.));
#699=CARTESIAN_POINT('',(-0.126015448852361,-0.363624581107007,0.));
#700=CARTESIAN_POINT('',(-0.12791610448173,-0.365704752194499,0.));
#701=CARTESIAN_POINT('',(-0.131726792028674,-0.369890311627208,0.));
#702=CARTESIAN_POINT('',(-0.133636758112465,-0.371995760244936,0.));
#703=CARTESIAN_POINT('',(-0.137460699545974,-0.376247443439348,0.));
#704=CARTESIAN_POINT('',(-0.139374463846867,-0.378393867713413,0.));
#705=CARTESIAN_POINT('',(-0.143218805792658,-0.38271116460251,0.));
#706=CARTESIAN_POINT('',(-0.145149354814165,-0.384882062395639,0.));
#707=CARTESIAN_POINT('',(-0.149029205040563,-0.389235807558392,0.));
#708=CARTESIAN_POINT('',(-0.150978539656943,-0.391418625223302,0.));
#709=CARTESIAN_POINT('',(-0.154893256486121,-0.395804010642837,0.));
#710=CARTESIAN_POINT('',(-0.156858630974414,-0.398006585216452,0.));
#711=CARTESIAN_POINT('',(-0.160805164768315,-0.40244258765726,0.));
#712=CARTESIAN_POINT('',(-0.162786249922058,-0.404676081885086,0.));
#713=CARTESIAN_POINT('',(-0.166741254229089,-0.409171022433567,0.));
#714=CARTESIAN_POINT('',(-0.168715075601748,-0.411432554738017,0.));
#715=CARTESIAN_POINT('',(-0.172681290250883,-0.415978565184071,0.));
#716=CARTESIAN_POINT('',(-0.17467367527557,-0.418263050263041,0.));
#717=CARTESIAN_POINT('',(-0.178666974624894,-0.422847091807544,0.));
#718=CARTESIAN_POINT('',(-0.180667874303458,-0.425146661085557,0.));
#719=CARTESIAN_POINT('',(-0.184697892235874,-0.429760773377181,0.));
#720=CARTESIAN_POINT('',(-0.186727095003212,-0.432075242660486,0.));
#721=CARTESIAN_POINT('',(-0.190778347635434,-0.436732147997368,0.));
#722=CARTESIAN_POINT('',(-0.192800301996655,-0.439074667331324,0.));
#723=CARTESIAN_POINT('',(-0.196838614633264,-0.443786158619829,0.));
#724=CARTESIAN_POINT('',(-0.19885488579004,-0.446155205010188,0.));
#725=CARTESIAN_POINT('',(-0.202908267944671,-0.450908967666715,0.));
#726=CARTESIAN_POINT('',(-0.204945414498093,-0.453293653592384,0.));
#727=CARTESIAN_POINT('',(-0.209026804818904,-0.458079253468304,0.));
#728=CARTESIAN_POINT('',(-0.211071027371454,-0.460480185425039,0.));
#729=CARTESIAN_POINT('',(-0.215179853905726,-0.465287031162172,0.));
#730=CARTESIAN_POINT('',(-0.217244508370626,-0.467692902249758,0.));
#731=CARTESIAN_POINT('',(-0.221351372662489,-0.472550598731194,0.));
#732=CARTESIAN_POINT('',(-0.223393349560604,-0.47500262112247,0.));
#733=CARTESIAN_POINT('',(-0.227478926687019,-0.479916088494289,0.));
#734=CARTESIAN_POINT('',(-0.229522517150526,-0.482377541329984,0.));
#735=CARTESIAN_POINT('',(-0.233632182590672,-0.487303977367715,0.));
#736=CARTESIAN_POINT('',(-0.235698319362098,-0.489768909173032,0.));
#737=CARTESIAN_POINT('',(-0.239834021605483,-0.494712400927774,0.));
#738=CARTESIAN_POINT('',(-0.241903568552946,-0.497190976325631,0.));
#739=CARTESIAN_POINT('',(-0.246040102919526,-0.50217209585519,0.));
#740=CARTESIAN_POINT('',(-0.248107021229338,-0.504674697615599,0.));
#741=CARTESIAN_POINT('',(-0.252222235597821,-0.509700444083892,0.));
#742=CARTESIAN_POINT('',(-0.254270504703862,-0.512223610826228,0.));
#743=CARTESIAN_POINT('',(-0.258374955042543,-0.517279886921557,0.));
#744=CARTESIAN_POINT('',(-0.260431135866008,-0.519812996537754,0.));
#745=CARTESIAN_POINT('',(-0.264548059674121,-0.524880960328341,0.));
#746=CARTESIAN_POINT('',(-0.266608805112325,-0.527415812475537,0.));
#747=CARTESIAN_POINT('',(-0.270747953451258,-0.532482214333091,0.));
#748=CARTESIAN_POINT('',(-0.272826388312584,-0.535013738364598,0.));
#749=CARTESIAN_POINT('',(-0.276939970491411,-0.540128094973902,0.));
#750=CARTESIAN_POINT('',(-0.278974915969756,-0.542711089893701,0.));
#751=CARTESIAN_POINT('',(-0.283060316662802,-0.547864621445964,0.));
#752=CARTESIAN_POINT('',(-0.285110771877505,-0.550435158078429,0.));
#753=CARTESIAN_POINT('',(-0.289204053184836,-0.555587798891644,0.));
#754=CARTESIAN_POINT('',(-0.291246865859495,-0.558169913779106,0.));
#755=CARTESIAN_POINT('',(-0.295338459813708,-0.56332938369965,0.));
#756=CARTESIAN_POINT('',(-0.297387241093263,-0.565906738732733,0.));
#757=CARTESIAN_POINT('',(-0.301476647200883,-0.571079080190713,0.));
#758=CARTESIAN_POINT('',(-0.30351723615425,-0.573674095212567,0.));
#759=CARTESIAN_POINT('',(-0.307562424925721,-0.578881924672634,0.));
#760=CARTESIAN_POINT('',(-0.309567099914569,-0.581494680806788,0.));
#761=CARTESIAN_POINT('',(-0.313595333950145,-0.586710825610117,0.));
#762=CARTESIAN_POINT('',(-0.315618913593755,-0.589314198344883,0.));
#763=CARTESIAN_POINT('',(-0.319649589277349,-0.594528402819868,0.));
#764=CARTESIAN_POINT('',(-0.321656702844148,-0.5971392210654,0.));
#765=CARTESIAN_POINT('',(-0.325689671600884,-0.602346553549627,0.));
#766=CARTESIAN_POINT('',(-0.32771552679082,-0.604943067788321,0.));
#767=CARTESIAN_POINT('',(-0.331701807290617,-0.61017685423641,0.));
#768=CARTESIAN_POINT('',(-0.333662366361004,-0.612814024561866,0.));
#769=CARTESIAN_POINT('',(-0.33759709002896,-0.618061871762974,0.));
#770=CARTESIAN_POINT('',(-0.339571171255456,-0.620672611951171,0.));
#771=CARTESIAN_POINT('',(-0.343513196624794,-0.625898739916823,0.));
#772=CARTESIAN_POINT('',(-0.345481140767635,-0.628514127694277,0.));
#773=CARTESIAN_POINT('',(-0.349417957089555,-0.633739116387954,0.));
#774=CARTESIAN_POINT('',(-0.351386825038568,-0.636348720451838,0.));
#775=CARTESIAN_POINT('',(-0.355286595718566,-0.641576415254304,0.));
#776=CARTESIAN_POINT('',(-0.357217636701914,-0.644194402667793,0.));
#777=CARTESIAN_POINT('',(-0.361059380610507,-0.649435691105657,0.));
#778=CARTESIAN_POINT('',(-0.3629701207816,-0.652058965003799,0.));
#779=CARTESIAN_POINT('',(-0.366791253144804,-0.657289783987188,0.));
#780=CARTESIAN_POINT('',(-0.368701616435161,-0.659897350112525,0.));
#781=CARTESIAN_POINT('',(-0.372518899569452,-0.665098946324002,0.));
#782=CARTESIAN_POINT('',(-0.374425802668754,-0.667692988862538,0.));
#783=CARTESIAN_POINT('',(-0.378226097109901,-0.672876136196699,0.));
#784=CARTESIAN_POINT('',(-0.380119512302829,-0.675465222990286,0.));
#785=CARTESIAN_POINT('',(-0.383854251150306,-0.680662328520153,0.));
#786=CARTESIAN_POINT('',(-0.385695777088107,-0.683270201991442,0.));
#787=CARTESIAN_POINT('',(-0.389378084831161,-0.68846561529694,0.));
#788=CARTESIAN_POINT('',(-0.391218818750472,-0.691053189604736,0.));
#789=CARTESIAN_POINT('',(-0.394889460949398,-0.696209748092259,0.));
#790=CARTESIAN_POINT('',(-0.396719358426308,-0.69877873985045,0.));
#791=CARTESIAN_POINT('',(-0.400370877737403,-0.703907361255488,0.));
#792=CARTESIAN_POINT('',(-0.402192503751691,-0.706466987874821,0.));
#793=CARTESIAN_POINT('',(-0.405802463251437,-0.711585612983861,0.));
#794=CARTESIAN_POINT('',(-0.407590934015887,-0.714144514337532,0.));
#795=CARTESIAN_POINT('',(-0.411131553835636,-0.719258063826717,0.));
#796=CARTESIAN_POINT('',(-0.412883876802584,-0.72181259189241,0.));
#797=CARTESIAN_POINT('',(-0.416396994838102,-0.72689445244726,0.));
#798=CARTESIAN_POINT('',(-0.418157685546404,-0.729421857010808,0.));
#799=CARTESIAN_POINT('',(-0.421651435510607,-0.734470401007593,0.));
#800=CARTESIAN_POINT('',(-0.423384601109663,-0.7369914671954,0.));
#801=CARTESIAN_POINT('',(-0.426852166724987,-0.742002054317724,0.));
#802=CARTESIAN_POINT('',(-0.428586437212583,-0.74449166344098,0.));
#803=CARTESIAN_POINT('',(-0.431988794296551,-0.749494190738464,0.));
#804=CARTESIAN_POINT('',(-0.433657211787698,-0.75200688382609,0.));
#805=CARTESIAN_POINT('',(-0.436985331096903,-0.756997262613705,0.));
#806=CARTESIAN_POINT('',(-0.438644921033984,-0.759475025048059,0.));
#807=CARTESIAN_POINT('',(-0.441952217119046,-0.76441267855557,0.));
#808=CARTESIAN_POINT('',(-0.443599922642204,-0.766872569625624,0.));
#809=CARTESIAN_POINT('',(-0.446884706037966,-0.771773511548807,0.));
#810=CARTESIAN_POINT('',(-0.448521774158578,-0.774214569448087,0.));
#811=CARTESIAN_POINT('',(-0.451785718493939,-0.779068591912975,0.));
#812=CARTESIAN_POINT('',(-0.453412534452924,-0.781481594709994,0.));
#813=CARTESIAN_POINT('',(-0.456592356962859,-0.786325220422871,0.));
#814=CARTESIAN_POINT('',(-0.458145889684309,-0.788755497907332,0.));
#815=CARTESIAN_POINT('',(-0.461259406771347,-0.793570449392654,0.));
#816=CARTESIAN_POINT('',(-0.462819089495304,-0.7959553205258,0.));
#817=CARTESIAN_POINT('',(-0.46591025686513,-0.800718771953782,0.));
#818=CARTESIAN_POINT('',(-0.467441863943869,-0.803097272615623,0.));
#819=CARTESIAN_POINT('',(-0.47049649668378,-0.807818529325935,0.));
#820=CARTESIAN_POINT('',(-0.472019397703864,-0.810161366379238,0.));
#821=CARTESIAN_POINT('',(-0.475051986869395,-0.814825478044334,0.));
#822=CARTESIAN_POINT('',(-0.476561669728253,-0.81714675571782,0.));
#823=CARTESIAN_POINT('',(-0.479538162805892,-0.821778969332337,0.));
#824=CARTESIAN_POINT('',(-0.481005266512673,-0.824089716641001,0.));
#825=CARTESIAN_POINT('',(-0.483916342335828,-0.828681498080261,0.));
#826=CARTESIAN_POINT('',(-0.485360356327076,-0.830962506232624,0.));
#827=CARTESIAN_POINT('',(-0.488230955597667,-0.835511208292652,0.));
#828=CARTESIAN_POINT('',(-0.489657589844627,-0.8377788712406,0.));
#829=CARTESIAN_POINT('',(-0.492485571363979,-0.842285934213798,0.));
#830=CARTESIAN_POINT('',(-0.493886993645542,-0.844525286930595,0.));
#831=CARTESIAN_POINT('',(-0.496655628321932,-0.8489868237419,0.));
#832=CARTESIAN_POINT('',(-0.498023049460986,-0.851208878369863,0.));
#833=CARTESIAN_POINT('',(-0.500750067351823,-0.855622555276671,0.));
#834=CARTESIAN_POINT('',(-0.502109573312664,-0.857814233722098,0.));
#835=CARTESIAN_POINT('',(-0.504796432498165,-0.86217356969033,0.));
#836=CARTESIAN_POINT('',(-0.506123966309008,-0.864341115849181,0.));
#837=CARTESIAN_POINT('',(-0.508759308077746,-0.868654412724418,0.));
#838=CARTESIAN_POINT('',(-0.510067168779263,-0.870800131251997,0.));
#839=CARTESIAN_POINT('',(-0.512652672782081,-0.875066314436905,0.));
#840=CARTESIAN_POINT('',(-0.513930476594265,-0.87718668180753,0.));
#841=CARTESIAN_POINT('',(-0.516472524303315,-0.881406142043975,0.));
#842=CARTESIAN_POINT('',(-0.517736773762206,-0.883505231646992,0.));
#843=CARTESIAN_POINT('',(-0.520238348856094,-0.887670587231754,0.));
#844=CARTESIAN_POINT('',(-0.521475764486105,-0.889736798977069,0.));
#845=CARTESIAN_POINT('',(-0.523926790750313,-0.89384988717156,0.));
#846=CARTESIAN_POINT('',(-0.525140509126533,-0.895896699504725,0.));
#847=CARTESIAN_POINT('',(-0.527544016452618,-0.899955724555221,0.));
#848=CARTESIAN_POINT('',(-0.528733849866832,-0.901967910746869,0.));
#849=CARTESIAN_POINT('',(-0.531085935706437,-0.905975142096101,0.));
#850=CARTESIAN_POINT('',(-0.532248347380103,-0.907970093895918,0.));
#851=CARTESIAN_POINT('',(-0.534567319326987,-0.911928690978796,0.));
#852=CARTESIAN_POINT('',(-0.535723759400677,-0.913892406251395,0.));
#853=CARTESIAN_POINT('',(-0.537990829759461,-0.917799469457865,0.));
#854=CARTESIAN_POINT('',(-0.539101909150314,-0.919742556694207,0.));
#855=CARTESIAN_POINT('',(-0.541320035619344,-0.923590796213801,0.));
#856=CARTESIAN_POINT('',(-0.542426876111817,-0.925496068080095,0.));
#857=CARTESIAN_POINT('',(-0.544613942401946,-0.929288896777034,0.));
#858=CARTESIAN_POINT('',(-0.545694327123984,-0.931176361756497,0.));
#859=CARTESIAN_POINT('',(-0.547826381175483,-0.934925055962903,0.));
#860=CARTESIAN_POINT('',(-0.548878226371768,-0.936786185419211,0.));
#861=CARTESIAN_POINT('',(-0.550961805542684,-0.940475737365465,0.));
#862=CARTESIAN_POINT('',(-0.551993561717389,-0.942304147499006,0.));
#863=CARTESIAN_POINT('',(-0.554046071285713,-0.945932761598748,0.));
#864=CARTESIAN_POINT('',(-0.555066771309215,-0.947732995377993,0.));
#865=CARTESIAN_POINT('',(-0.55707271955615,-0.951311000660398,0.));
#866=CARTESIAN_POINT('',(-0.558058275384614,-0.953088599878604,0.));
#867=CARTESIAN_POINT('',(-0.56002384990026,-0.956612575827163,0.));
#868=CARTESIAN_POINT('',(-0.561003735765005,-0.958359026282411,0.));
#869=CARTESIAN_POINT('',(-0.563099761072614,-0.962154618006964,0.));
#870=CARTESIAN_POINT('',(-0.564211664813707,-0.964206097415782,0.));
#871=CARTESIAN_POINT('',(-0.566440145382918,-0.968306449041314,0.));
#872=CARTESIAN_POINT('',(-0.567556722211036,-0.970355321258029,0.));
#873=CARTESIAN_POINT('',(-0.569804980224581,-0.974448739012798,0.));
#874=CARTESIAN_POINT('',(-0.570936681123467,-0.976493273830633,0.));
#875=CARTESIAN_POINT('',(-0.573167285068671,-0.980599813032318,0.));
#876=CARTESIAN_POINT('',(-0.574266192312939,-0.982661815136399,0.));
#877=CARTESIAN_POINT('',(-0.576469371711002,-0.98678851470972,0.));
#878=CARTESIAN_POINT('',(-0.577573650302575,-0.988853208598899,0.));
#879=CARTESIAN_POINT('',(-0.579788864844309,-0.992988491620671,0.));
#880=CARTESIAN_POINT('',(-0.580899810500407,-0.995059075579992,0.));
#881=CARTESIAN_POINT('',(-0.58311692122365,-0.999204665362899,0.));
#882=CARTESIAN_POINT('',(-0.584223082498854,-1.00127967324288,0.));
#883=CARTESIAN_POINT('',(-0.586414582345097,-1.00545001109385,0.));
#884=CARTESIAN_POINT('',(-0.587499833556793,-1.0075453869595,0.));
#885=CARTESIAN_POINT('',(-0.589671201263004,-1.01174128166765,0.));
#886=CARTESIAN_POINT('',(-0.590757314708443,-1.01384180198986,0.));
#887=CARTESIAN_POINT('',(-0.592950271689057,-1.01805085964269,0.));
#888=CARTESIAN_POINT('',(-0.594057207286754,-1.02015934949687,0.));
#889=CARTESIAN_POINT('',(-0.596238025585926,-1.0243935464164,0.));
#890=CARTESIAN_POINT('',(-0.597311905868543,-1.02651925472743,0.));
#891=CARTESIAN_POINT('',(-0.599465837412617,-1.03077312135292,0.));
#892=CARTESIAN_POINT('',(-0.600545896921366,-1.03290127534285,0.));
#893=CARTESIAN_POINT('',(-0.60271215868192,-1.03716944368369,0.));
#894=CARTESIAN_POINT('',(-0.603798361535902,-1.03930945786151,0.));
#895=CARTESIAN_POINT('',(-0.60596157173974,-1.04360180291484,0.));
#896=CARTESIAN_POINT('',(-0.60703854397405,-1.04575415151129,0.));
#897=CARTESIAN_POINT('',(-0.609179196012164,-1.05006391909137,0.));
#898=CARTESIAN_POINT('',(-0.610242883028725,-1.05222133449434,0.));
#899=CARTESIAN_POINT('',(-0.612366070029137,-1.05654951253789,0.));
#900=CARTESIAN_POINT('',(-0.613425533373148,-1.05872029307335,0.));
#901=CARTESIAN_POINT('',(-0.615561202872019,-1.06306289735841,0.));
#902=CARTESIAN_POINT('',(-0.616637453939086,-1.06523469922188,0.));
#903=CARTESIAN_POINT('',(-0.618756572017732,-1.0695952796848,0.));
#904=CARTESIAN_POINT('',(-0.619799429638895,-1.07178406284822,0.));
#905=CARTESIAN_POINT('',(-0.621892214701606,-1.07616383937014,0.));
#906=CARTESIAN_POINT('',(-0.622942152411294,-1.07835482766395,0.));
#907=CARTESIAN_POINT('',(-0.625037883047145,-1.08273535823966,0.));
#908=CARTESIAN_POINT('',(-0.626083679573897,-1.08492489873791,0.));
#909=CARTESIAN_POINT('',(-0.628155574119312,-1.08931772301697,0.));
#910=CARTESIAN_POINT('',(-0.62918163651587,-1.09152102358953,0.));
#911=CARTESIAN_POINT('',(-0.631231606239738,-1.09592518933623,0.));
#912=CARTESIAN_POINT('',(-0.632255514648392,-1.09812605404502,0.));
#913=CARTESIAN_POINT('',(-0.634298945598543,-1.10252644426785,0.));
#914=CARTESIAN_POINT('',(-0.635318472056086,-1.10472596793893,0.));
#915=CARTESIAN_POINT('',(-0.63734229279476,-1.10913096637883,0.));
#916=CARTESIAN_POINT('',(-0.638346592935813,-1.11133643845258,0.));
#917=CARTESIAN_POINT('',(-0.640342109117099,-1.11574662776351,0.));
#918=CARTESIAN_POINT('',(-0.641333351624745,-1.11795133306015,0.));
#919=CARTESIAN_POINT('',(-0.643312920281766,-1.12235304343546,0.));
#920=CARTESIAN_POINT('',(-0.644301244909855,-1.12455004925015,0.));
#921=CARTESIAN_POINT('',(-0.646270193780516,-1.12893528106101,0.));
#922=CARTESIAN_POINT('',(-0.647250832454219,-1.1311235003348,0.));
#923=CARTESIAN_POINT('',(-0.649178945114057,-1.13550151831036,0.));
#924=CARTESIAN_POINT('',(-0.650126559733146,-1.13769125508435,0.));
#925=CARTESIAN_POINT('',(-0.652020111975896,-1.14206248704831,0.));
#926=CARTESIAN_POINT('',(-0.65296604421721,-1.14424398476476,0.));
#927=CARTESIAN_POINT('',(-0.654861821370674,-1.14859073043106,0.));
#928=CARTESIAN_POINT('',(-0.65581161419697,-1.15075600067788,0.));
#929=CARTESIAN_POINT('',(-0.657668791749402,-1.15508311357001,0.));
#930=CARTESIAN_POINT('',(-0.658576465872444,-1.15724483199356,0.));
#931=CARTESIAN_POINT('',(-0.660382087773894,-1.16154576928825,0.));
#932=CARTESIAN_POINT('',(-0.661280038269001,-1.16368498769726,0.));
#933=CARTESIAN_POINT('',(-0.663068488150757,-1.16795771199533,0.));
#934=CARTESIAN_POINT('',(-0.663959002628854,-1.17009121157268,0.));
#935=CARTESIAN_POINT('',(-0.665732818310113,-1.17432911464862,0.));
#936=CARTESIAN_POINT('',(-0.666616065274137,-1.17643353993061,0.));
#937=CARTESIAN_POINT('',(-0.668339083660904,-1.18063913163631,0.));
#938=CARTESIAN_POINT('',(-0.669179162088388,-1.18274017225003,0.));
#939=CARTESIAN_POINT('',(-0.670857379332835,-1.18691404041255,0.));
#940=CARTESIAN_POINT('',(-0.671695423078478,-1.18898690714492,0.));
#941=CARTESIAN_POINT('',(-0.673368481593804,-1.1931049886273,0.));
#942=CARTESIAN_POINT('',(-0.674203412081908,-1.19515023677168,0.));
#943=CARTESIAN_POINT('',(-0.675832371455649,-1.19923058313075,0.));
#944=CARTESIAN_POINT('',(-0.676626752177482,-1.20126554090766,0.));
#945=CARTESIAN_POINT('',(-0.678206784668337,-1.20530704340973,0.));
#946=CARTESIAN_POINT('',(-0.678992408905938,-1.2073135995952,0.));
#947=CARTESIAN_POINT('',(-0.680546267040023,-1.2112960079944,0.));
#948=CARTESIAN_POINT('',(-0.681314576458411,-1.21327183091659,0.));
#949=CARTESIAN_POINT('',(-0.682844505632946,-1.21719443430125,0.));
#950=CARTESIAN_POINT('',(-0.683606069179482,-1.21914123537859,0.));
#951=CARTESIAN_POINT('',(-0.685078399249597,-1.22301956547223,0.));
#952=CARTESIAN_POINT('',(-0.68578976894845,-1.22495086549119,0.));
#953=CARTESIAN_POINT('',(-0.687217486619476,-1.22877716860024,0.));
#954=CARTESIAN_POINT('',(-0.687933582554521,-1.23067226680998,0.));
#955=CARTESIAN_POINT('',(-0.68934248352932,-1.23443393092811,0.));
#956=CARTESIAN_POINT('',(-0.690035477298726,-1.23630042629858,0.));
#957=CARTESIAN_POINT('',(-0.691419881258425,-1.23999110634406,0.));
#958=CARTESIAN_POINT('',(-0.692111040255717,-1.24181538357372,0.));
#959=CARTESIAN_POINT('',(-0.693443792245847,-1.2454480304154,0.));
#960=CARTESIAN_POINT('',(-0.694086012521065,-1.24725616977415,0.));
#961=CARTESIAN_POINT('',(-0.69536100152893,-1.25083873892392,0.));
#962=CARTESIAN_POINT('',(-0.695993730143846,-1.25261318466818,0.));
#963=CARTESIAN_POINT('',(-0.697256466667638,-1.25612309051826,0.));
#964=CARTESIAN_POINT('',(-0.697886276362549,-1.25785862121444,0.));
#965=CARTESIAN_POINT('',(-0.699119249146362,-1.26129944565396,0.));
#966=CARTESIAN_POINT('',(-0.699722693598446,-1.26300463892066,0.));
#967=CARTESIAN_POINT('',(-0.70091383906364,-1.26638095708054,0.));
#968=CARTESIAN_POINT('',(-0.701501607637205,-1.26805205748476,0.));
#969=CARTESIAN_POINT('',(-0.702640822332768,-1.27136458252683,0.));
#970=CARTESIAN_POINT('',(-0.703192788250653,-1.27300582841991,0.));
#971=CARTESIAN_POINT('',(-0.704296682019784,-1.27624847763402,0.));
#972=CARTESIAN_POINT('',(-0.704848348921922,-1.27784997024623,0.));
#973=CARTESIAN_POINT('',(-0.705939975414121,-1.28102284013673,0.));
#974=CARTESIAN_POINT('',(-0.706479957858941,-1.28259421003186,0.));
#975=CARTESIAN_POINT('',(-0.70755192761077,-1.28570298905729,0.));
#976=CARTESIAN_POINT('',(-0.708083845577112,-1.28724042033787,0.));
#977=CARTESIAN_POINT('',(-0.709101809216631,-1.29028609071126,0.));
#978=CARTESIAN_POINT('',(-0.709588687237816,-1.29179405159643,0.));
#979=CARTESIAN_POINT('',(-0.710561863351731,-1.29478189797403,0.));
#980=CARTESIAN_POINT('',(-0.711048031893912,-1.2962618268275,0.));
#981=CARTESIAN_POINT('',(-0.712001611452106,-1.29918552593856,0.));
#982=CARTESIAN_POINT('',(-0.712469182713708,-1.3006292434461,0.));
#983=CARTESIAN_POINT('',(-0.713399635288322,-1.30347847752973,0.));
#984=CARTESIAN_POINT('',(-0.713862343786724,-1.30488405074141,0.));
#985=CARTESIAN_POINT('',(-0.714779216240109,-1.30766979403803,0.));
#986=CARTESIAN_POINT('',(-0.715233383124089,-1.30904996300718,0.));
#987=CARTESIAN_POINT('',(-0.716117948699332,-1.31177895589802,0.));
#988=CARTESIAN_POINT('',(-0.71654865819951,-1.31312767878992,0.));
#989=CARTESIAN_POINT('',(-0.717393776868755,-1.31579963676879,0.));
#990=CARTESIAN_POINT('',(-0.717808339014452,-1.31712282385055,0.));
#991=CARTESIAN_POINT('',(-0.718630971679327,-1.31974315830556,0.));
#992=CARTESIAN_POINT('',(-0.719039012853521,-1.3210403148101,0.));
#993=CARTESIAN_POINT('',(-0.719837552596719,-1.32360377794444,0.));
#994=CARTESIAN_POINT('',(-0.720228233178753,-1.32487002782807,0.));
#995=CARTESIAN_POINT('',(-0.72100169610126,-1.32737692317739,0.));
#996=CARTESIAN_POINT('',(-0.721384478467892,-1.32861756883142,0.));
#997=CARTESIAN_POINT('',(-0.72214149359025,-1.33107926753383,0.));
#998=CARTESIAN_POINT('',(-0.722515763706159,-1.33230030874261,0.));
#999=CARTESIAN_POINT('',(-0.72324216540645,-1.3347186586209,0.));
#1000=CARTESIAN_POINT('',(-0.723594607110979,-1.33591587413543,0.));
#1001=CARTESIAN_POINT('',(-0.724306372172992,-1.33828271872317,0.));
#1002=CARTESIAN_POINT('',(-0.724665425336218,-1.33945242864321,0.));
#1003=CARTESIAN_POINT('',(-0.725356855778688,-1.3417752364242,0.));
#1004=CARTESIAN_POINT('',(-0.725689613262824,-1.3429282211781,0.));
#1005=CARTESIAN_POINT('',(-0.726358912187707,-1.34521333449678,0.));
#1006=CARTESIAN_POINT('',(-0.726695311143645,-1.34634550516218,0.));
#1007=CARTESIAN_POINT('',(-0.727352916464823,-1.34859219817649,0.));
#1008=CARTESIAN_POINT('',(-0.727674287164683,-1.34970667240477,0.));
#1009=CARTESIAN_POINT('',(-0.728316196752476,-1.3519219351448,0.));
#1010=CARTESIAN_POINT('',(-0.72863670248867,-1.35302273325855,0.));
#1011=CARTESIAN_POINT('',(-0.729263405315402,-1.35520638953142,0.));
#1012=CARTESIAN_POINT('',(-0.729569757371919,-1.35628920330306,0.));
#1013=CARTESIAN_POINT('',(-0.730183952888157,-1.35844052267574,0.));
#1014=CARTESIAN_POINT('',(-0.730491735370131,-1.35950904540555,0.));
#1015=CARTESIAN_POINT('',(-0.731086113068101,-1.36164163365006,0.));
#1016=CARTESIAN_POINT('',(-0.731372873940703,-1.36270565282223,0.));
#1017=CARTESIAN_POINT('',(-0.731958486931903,-1.36481293062245,0.));
#1018=CARTESIAN_POINT('',(-0.732257089197933,-1.36585625908416,0.));
#1019=CARTESIAN_POINT('',(-0.732844753873438,-1.36794331810911,0.));
#1020=CARTESIAN_POINT('',(-0.733133834459123,-1.36898704353386,0.));
#1021=CARTESIAN_POINT('',(-0.733696808912469,-1.37106829723242,0.));
#1022=CARTESIAN_POINT('',(-0.733970817767915,-1.37210579452377,0.));
#1023=CARTESIAN_POINT('',(-0.734523925872161,-1.37417362526281,0.));
#1024=CARTESIAN_POINT('',(-0.734802991089287,-1.37520396783862,0.));
#1025=CARTESIAN_POINT('',(-0.735359916064588,-1.3772649586895,0.));
#1026=CARTESIAN_POINT('',(-0.735637775822764,-1.37829560696458,0.));
#1027=CARTESIAN_POINT('',(-0.736191291335805,-1.38035534571702,0.));
#1028=CARTESIAN_POINT('',(-0.736466950396188,-1.38138443516626,0.));
#1029=CARTESIAN_POINT('',(-0.736998629342247,-1.38346868914954,0.));
#1030=CARTESIAN_POINT('',(-0.737254172032513,-1.38452397562466,0.));
#1031=CARTESIAN_POINT('',(-0.737785552644747,-1.38662571698414,0.));
#1032=CARTESIAN_POINT('',(-0.738061321400037,-1.38767218946977,0.));
#1033=CARTESIAN_POINT('',(-0.738598381908431,-1.38976667423528,0.));
#1034=CARTESIAN_POINT('',(-0.738859700483084,-1.39081467968352,0.));
#1035=CARTESIAN_POINT('',(-0.739384341447111,-1.39291017870824,0.));
#1036=CARTESIAN_POINT('',(-0.739647663836486,-1.39395767228474,0.));
#1037=CARTESIAN_POINT('',(-0.740182099333777,-1.39605863227766,0.));
#1038=CARTESIAN_POINT('',(-0.74045325461893,-1.39711208799376,0.));
#1039=CARTESIAN_POINT('',(-0.740988567814535,-1.39921282705332,0.));
#1040=CARTESIAN_POINT('',(-0.741252761685128,-1.40026010126142,0.));
#1041=CARTESIAN_POINT('',(-0.741775653568182,-1.40235974642454,0.));
#1042=CARTESIAN_POINT('',(-0.742034330369522,-1.4034121227437,0.));
#1043=CARTESIAN_POINT('',(-0.742536545170492,-1.40551637153077,0.));
#1044=CARTESIAN_POINT('',(-0.742780135449307,-1.40656823156199,0.));
#1045=CARTESIAN_POINT('',(-0.743265588917635,-1.40867816562977,0.));
#1046=CARTESIAN_POINT('',(-0.743507436318929,-1.40973624329001,0.));
#1047=CARTESIAN_POINT('',(-0.744005057064764,-1.41184533391468,0.));
#1048=CARTESIAN_POINT('',(-0.744260780296698,-1.41289635866796,0.));
#1049=CARTESIAN_POINT('',(-0.744760554753634,-1.41499913506491,0.));
#1050=CARTESIAN_POINT('',(-0.745004626508299,-1.41605088184739,0.));
#1051=CARTESIAN_POINT('',(-0.745491091202134,-1.41816055784837,0.));
#1052=CARTESIAN_POINT('',(-0.745733468593324,-1.41921849052789,0.));
#1053=CARTESIAN_POINT('',(-0.746228565746589,-1.42132619931408,0.));
#1054=CARTESIAN_POINT('',(-0.746481224862919,-1.42237598915892,0.));
#1055=CARTESIAN_POINT('',(-0.746954741795636,-1.42448264804915,0.));
#1056=CARTESIAN_POINT('',(-0.747175601575312,-1.42553951665327,0.));
#1057=CARTESIAN_POINT('',(-0.747623037419885,-1.42765777243411,0.));
#1058=CARTESIAN_POINT('',(-0.747849637519751,-1.42871915398506,0.));
#1059=CARTESIAN_POINT('',(-0.748304340643254,-1.43083578704137,0.));
#1060=CARTESIAN_POINT('',(-0.748532429510482,-1.4318910414488,0.));
#1061=CARTESIAN_POINT('',(-0.74898541893359,-1.43400805950465,0.));
#1062=CARTESIAN_POINT('',(-0.749210296279556,-1.43506982808909,0.));
#1063=CARTESIAN_POINT('',(-0.749662882278889,-1.43718692683641,0.));
#1064=CARTESIAN_POINT('',(-0.749890569842438,-1.43824226151125,0.));
#1065=CARTESIAN_POINT('',(-0.750346481117123,-1.44035865291918,0.));
#1066=CARTESIAN_POINT('',(-0.750574701305919,-1.44141971042735,0.));
#1067=CARTESIAN_POINT('',(-0.751018116563871,-1.44354085968805,0.));
#1068=CARTESIAN_POINT('',(-0.751233352907416,-1.44460094266013,0.));
#1069=CARTESIAN_POINT('',(-0.751645648587466,-1.44672101922387,0.));
#1070=CARTESIAN_POINT('',(-0.751842765008873,-1.44778100179381,0.));
#1071=CARTESIAN_POINT('',(-0.752252834712157,-1.4499055369344,0.));
#1072=CARTESIAN_POINT('',(-0.752465888465926,-1.45097007012341,0.));
#1073=CARTESIAN_POINT('',(-0.752874508673956,-1.45310072881975,0.));
#1074=CARTESIAN_POINT('',(-0.753070102645313,-1.4541668490295,0.));
#1075=CARTESIAN_POINT('',(-0.753480606826725,-1.45629130020291,0.));
#1076=CARTESIAN_POINT('',(-0.753695443220241,-1.45734964539292,0.));
#1077=CARTESIAN_POINT('',(-0.754107091000855,-1.45947386431153,0.));
#1078=CARTESIAN_POINT('',(-0.754303832800062,-1.46053975140768,0.));
#1079=CARTESIAN_POINT('',(-0.754708683476061,-1.46266939786441,0.));
#1080=CARTESIAN_POINT('',(-0.754916792352856,-1.46373315722498,0.));
#1081=CARTESIAN_POINT('',(-0.755305558995775,-1.46586059028953,0.));
#1082=CARTESIAN_POINT('',(-0.755486339995636,-1.46692424135764,0.));
#1083=CARTESIAN_POINT('',(-0.755840934213648,-1.46905684499974,0.));
#1084=CARTESIAN_POINT('',(-0.756014717851527,-1.47012580219268,0.));
#1085=CARTESIAN_POINT('',(-0.756375909482228,-1.47226307609403,0.));
#1086=CARTESIAN_POINT('',(-0.75656333735724,-1.47333138948435,0.));
#1087=CARTESIAN_POINT('',(-0.756925353708811,-1.47546268433794,0.));
#1088=CARTESIAN_POINT('',(-0.757100021001547,-1.4765256525028,0.));
#1089=CARTESIAN_POINT('',(-0.75745866540576,-1.47865750953106,0.));
#1090=CARTESIAN_POINT('',(-0.757642698189059,-1.4797263889547,0.));
#1091=CARTESIAN_POINT('',(-0.758014331926544,-1.48186355514924,0.));
#1092=CARTESIAN_POINT('',(-0.758201932880728,-1.48293184192013,0.));
#1093=CARTESIAN_POINT('',(-0.758553896765753,-1.4850674984708,0.));
#1094=CARTESIAN_POINT('',(-0.758718357673132,-1.48613485185337,0.));
#1095=CARTESIAN_POINT('',(-0.759030811220984,-1.48827473376347,0.));
#1096=CARTESIAN_POINT('',(-0.759178759840822,-1.48934726852907,0.));
#1097=CARTESIAN_POINT('',(-0.759487006280305,-1.49149205785538,0.));
#1098=CARTESIAN_POINT('',(-0.759647320689705,-1.49256431003288,0.));
#1099=CARTESIAN_POINT('',(-0.759969964401862,-1.49470263185461,0.));
#1100=CARTESIAN_POINT('',(-0.760132278303044,-1.49576870383756,0.));
#1101=CARTESIAN_POINT('',(-0.760442855277226,-1.49790729054828,0.));
#1102=CARTESIAN_POINT('',(-0.76059105929541,-1.49897981395502,0.));
#1103=CARTESIAN_POINT('',(-0.760900456303238,-1.50112441864461,0.));
#1104=CARTESIAN_POINT('',(-0.761061666755923,-1.50219649732314,0.));
#1105=CARTESIAN_POINT('',(-0.761382015255925,-1.50433963337285,0.));
#1106=CARTESIAN_POINT('',(-0.761541155829861,-1.50541069014276,0.));
#1107=CARTESIAN_POINT('',(-0.761819570208727,-1.50755821132673,0.));
#1108=CARTESIAN_POINT('',(-0.761938834823492,-1.50863467692943,0.));
#1109=CARTESIAN_POINT('',(-0.762190995414517,-1.51077997883977,0.));
#1110=CARTESIAN_POINT('',(-0.762323814273941,-1.51184882494789,0.));
#1111=CARTESIAN_POINT('',(-0.762580977582468,-1.51399345822877,0.));
#1112=CARTESIAN_POINT('',(-0.762705272086156,-1.51506925157046,0.));
#1113=CARTESIAN_POINT('',(-0.762968806093591,-1.5172203705141,0.));
#1114=CARTESIAN_POINT('',(-0.763108063974242,-1.51829569387415,0.));
#1115=CARTESIAN_POINT('',(-0.76337130912812,-1.52044683188779,0.));
#1116=CARTESIAN_POINT('',(-0.7634953151367,-1.52152264427581,0.));
#1117=CARTESIAN_POINT('',(-0.763754040587909,-1.52367302873939,0.));
#1118=CARTESIAN_POINT('',(-0.763888760030539,-1.52474760081496,0.));
#1119=CARTESIAN_POINT('',(-0.764129985717673,-1.52689606160931,0.));
#1120=CARTESIAN_POINT('',(-0.764236590472,-1.52796993919877,0.));
#1121=CARTESIAN_POINT('',(-0.764445445311069,-1.53012270706946,0.));
#1122=CARTESIAN_POINT('',(-0.764547674599373,-1.5312015989686,0.));
#1123=CARTESIAN_POINT('',(-0.764756756141119,-1.53335897081111,0.));
#1124=CARTESIAN_POINT('',(-0.764863608394563,-1.53443745075448,0.));
#1125=CARTESIAN_POINT('',(-0.765063558450765,-1.53659450658203,0.));
#1126=CARTESIAN_POINT('',(-0.765156671101554,-1.53767308108342,0.));
#1127=CARTESIAN_POINT('',(-0.765357210681222,-1.53982417172371,0.));
#1128=CARTESIAN_POINT('',(-0.765464573721933,-1.54089669383803,0.));
#1129=CARTESIAN_POINT('',(-0.765676929828224,-1.54304784786969,0.));
#1130=CARTESIAN_POINT('',(-0.765781906773396,-1.54412648120506,0.));
#1131=CARTESIAN_POINT('',(-0.76598164949292,-1.54628245448667,0.));
#1132=CARTESIAN_POINT('',(-0.766076436715546,-1.54735979223474,0.));
#1133=CARTESIAN_POINT('',(-0.766238773127277,-1.54951915008077,0.));
#1134=CARTESIAN_POINT('',(-0.766306254746891,-1.55060117517793,0.));
#1135=CARTESIAN_POINT('',(-0.766448823738441,-1.55276466483812,0.));
#1136=CARTESIAN_POINT('',(-0.766523911110377,-1.55384612940114,0.));
#1137=CARTESIAN_POINT('',(-0.76667123541759,-1.55600926068539,0.));
#1138=CARTESIAN_POINT('',(-0.766743472352868,-1.55709092740661,0.));
#1139=CARTESIAN_POINT('',(-0.766891338023442,-1.55924811602495,0.));
#1140=CARTESIAN_POINT('',(-0.766966946118858,-1.56032363927105,0.));
#1141=CARTESIAN_POINT('',(-0.767112497386748,-1.56248094521557,0.));
#1142=CARTESIAN_POINT('',(-0.767182407231716,-1.56356272990616,0.));
#1143=CARTESIAN_POINT('',(-0.767336706448743,-1.56572550760455,0.));
#1144=CARTESIAN_POINT('',(-0.767421095820807,-1.56680650061235,0.));
#1145=CARTESIAN_POINT('',(-0.767537830003466,-1.56896655181415,0.));
#1146=CARTESIAN_POINT('',(-0.767570400878838,-1.57004559778425,0.));
#1147=CARTESIAN_POINT('',(-0.767649834945648,-1.5722029247447,0.));
#1148=CARTESIAN_POINT('',(-0.767696698137081,-1.57328120573505,0.));
#1149=CARTESIAN_POINT('',(-0.767784833537583,-1.57544398407843,0.));
#1150=CARTESIAN_POINT('',(-0.7678260735729,-1.57652848299814,0.));
#1151=CARTESIAN_POINT('',(-0.767912270996669,-1.57869137954937,0.));
#1152=CARTESIAN_POINT('',(-0.767957206813741,-1.57976977810089,0.));
#1153=CARTESIAN_POINT('',(-0.768042662689505,-1.58193268474871,0.));
#1154=CARTESIAN_POINT('',(-0.768083157097605,-1.58301719382055,0.));
#1155=CARTESIAN_POINT('',(-0.768173521221261,-1.58517994181714,0.));
#1156=CARTESIAN_POINT('',(-0.768223338433963,-1.58625818258537,0.));
#1157=CARTESIAN_POINT('',(-0.768294757342105,-1.58841911476326,0.));
#1158=CARTESIAN_POINT('',(-0.768316267110591,-1.58950180927533,0.));
#1159=CARTESIAN_POINT('',(-0.768351572004212,-1.59166577855465,0.));
#1160=CARTESIAN_POINT('',(-0.768365377519077,-1.59274705326258,0.));
#1161=CARTESIAN_POINT('',(-0.768380800174445,-1.59491500110846,0.));
#1162=CARTESIAN_POINT('',(-0.768382357468755,-1.59600167482488,0.));
#1163=CARTESIAN_POINT('',(-0.768402445058668,-1.59816958150793,0.));
#1164=CARTESIAN_POINT('',(-0.76842089283944,-1.59925081525304,0.));
#1165=CARTESIAN_POINT('',(-0.768442229011849,-1.60141276119497,0.));
#1166=CARTESIAN_POINT('',(-0.768445127219052,-1.60249347329012,0.));
#1167=CARTESIAN_POINT('',(-0.768460480564593,-1.60465542805524,0.));
#1168=CARTESIAN_POINT('',(-0.768472941739046,-1.60573667062912,0.));
#1169=CARTESIAN_POINT('',(-0.768510938332323,-1.60789927067134,0.));
#1170=CARTESIAN_POINT('',(-0.768536473751146,-1.60898062813968,0.));
#1171=CARTESIAN_POINT('',(-0.768525671592961,-1.6111454131247,0.));
#1172=CARTESIAN_POINT('',(-0.768489197846028,-1.61222883996494,0.));
#1173=CARTESIAN_POINT('',(-0.768432656742393,-1.61439577119908,0.));
#1174=CARTESIAN_POINT('',(-0.76841258938569,-1.61547927559299,0.));
#1175=CARTESIAN_POINT('',(-0.768369082931773,-1.61764030498702,0.));
#1176=CARTESIAN_POINT('',(-0.768345663047733,-1.61871782999572,0.));
#1177=CARTESIAN_POINT('',(-0.768299220860173,-1.6208788506965,0.));
#1178=CARTESIAN_POINT('',(-0.768276201483133,-1.62196234634892,0.));
#1179=CARTESIAN_POINT('',(-0.768228508274595,-1.6241293037849,0.));
#1180=CARTESIAN_POINT('',(-0.768203834443097,-1.62521276556845,0.));
#1181=CARTESIAN_POINT('',(-0.768160572696138,-1.62737983181656,0.));
#1182=CARTESIAN_POINT('',(-0.768141984780676,-1.62846343628112,0.));
#1183=CARTESIAN_POINT('',(-0.768082156920719,-1.63062876268847,0.));
#1184=CARTESIAN_POINT('',(-0.768040945142131,-1.6317104852977,0.));
#1185=CARTESIAN_POINT('',(-0.767935499476316,-1.63387167057723,0.));
#1186=CARTESIAN_POINT('',(-0.767871287922108,-1.63495113442161,0.));
#1187=CARTESIAN_POINT('',(-0.767749986267571,-1.63711043749791,0.));
#1188=CARTESIAN_POINT('',(-0.767692896167243,-1.63819027672983,0.));
#1189=CARTESIAN_POINT('',(-0.767573258674569,-1.64034966429308,0.));
#1190=CARTESIAN_POINT('',(-0.767510711282223,-1.64142921262443,0.));
#1191=CARTESIAN_POINT('',(-0.767400308071164,-1.64358941331741,0.));
#1192=CARTESIAN_POINT('',(-0.767352456554137,-1.64467006590959,0.));
#1193=CARTESIAN_POINT('',(-0.767239278926429,-1.6468300605617,0.));
#1194=CARTESIAN_POINT('',(-0.767173957928534,-1.6479094029124,0.));
#1195=CARTESIAN_POINT('',(-0.767062333215014,-1.65007539354107,0.));
#1196=CARTESIAN_POINT('',(-0.767016136894273,-1.65116204915904,0.));
#1197=CARTESIAN_POINT('',(-0.766862091441435,-1.65332376154581,0.));
#1198=CARTESIAN_POINT('',(-0.766754652104455,-1.65439884749353,0.));
#1199=CARTESIAN_POINT('',(-0.766553129032178,-1.65654992671523,0.));
#1200=CARTESIAN_POINT('',(-0.766459045296878,-1.6576259199892,0.));
#1201=CARTESIAN_POINT('',(-0.766278289540534,-1.65978473890417,0.));
#1202=CARTESIAN_POINT('',(-0.766191662495773,-1.66086756873874,0.));
#1203=CARTESIAN_POINT('',(-0.766008802411626,-1.6630262598264,0.));
#1204=CARTESIAN_POINT('',(-0.765912626194917,-1.66410212599266,0.));
#1205=CARTESIAN_POINT('',(-0.765717386473431,-1.66625358689648,0.));
#1206=CARTESIAN_POINT('',(-0.765618322968655,-1.66732918163405,0.));
#1207=CARTESIAN_POINT('',(-0.765441253806767,-1.66948841711694,0.));
#1208=CARTESIAN_POINT('',(-0.765363370541898,-1.67057206893952,0.));
#1209=CARTESIAN_POINT('',(-0.76515939808033,-1.67272857138925,0.));
#1210=CARTESIAN_POINT('',(-0.765033588754408,-1.67380144829125,0.));
#1211=CARTESIAN_POINT('',(-0.764775428359367,-1.67594628355723,0.));
#1212=CARTESIAN_POINT('',(-0.764643076484617,-1.67701824179147,0.));
#1213=CARTESIAN_POINT('',(-0.764380476533065,-1.67916852530686,0.));
#1214=CARTESIAN_POINT('',(-0.764250244223466,-1.68024685288388,0.));
#1215=CARTESIAN_POINT('',(-0.763986251266145,-1.68239702049341,0.));
#1216=CARTESIAN_POINT('',(-0.763852514079669,-1.68346886346197,0.));
#1217=CARTESIAN_POINT('',(-0.763598507320319,-1.68561409447552,0.));
#1218=CARTESIAN_POINT('',(-0.763478236709317,-1.68668748239494,0.));
#1219=CARTESIAN_POINT('',(-0.763223108502593,-1.68883857415084,0.));
#1220=CARTESIAN_POINT('',(-0.763088172573263,-1.68991626825048,0.));
#1221=CARTESIAN_POINT('',(-0.762826084833288,-1.69206692412754,0.));
#1222=CARTESIAN_POINT('',(-0.762698894822268,-1.69313987992351,0.));
#1223=CARTESIAN_POINT('',(-0.762393942617341,-1.69527967356713,0.));
#1224=CARTESIAN_POINT('',(-0.762216129873314,-1.69634650420661,0.));
#1225=CARTESIAN_POINT('',(-0.76187729074826,-1.69848261234933,0.));
#1226=CARTESIAN_POINT('',(-0.761716264367232,-1.69955188985257,0.));
#1227=CARTESIAN_POINT('',(-0.761377537197533,-1.70168817368066,0.));
#1228=CARTESIAN_POINT('',(-0.761199831546436,-1.70275517924989,0.));
#1229=CARTESIAN_POINT('',(-0.760839747943772,-1.70500977798868,0.));
#1230=CARTESIAN_POINT('',(-0.760659033453373,-1.70619763461081,0.));
#1231=CARTESIAN_POINT('',(-0.760289735728479,-1.70856599477703,0.));
#1232=CARTESIAN_POINT('',(-0.760101196234646,-1.70974650544647,0.));
#1233=CARTESIAN_POINT('',(-0.759739779915626,-1.71211016941567,0.));
#1234=CARTESIAN_POINT('',(-0.759566903090439,-1.71329332271542,0.));
#1235=CARTESIAN_POINT('',(-0.759167889050362,-1.71564643247818,0.));
#1236=CARTESIAN_POINT('',(-0.758941936633818,-1.71681642029424,0.));
#1237=CARTESIAN_POINT('',(-0.758508964596206,-1.71916577003757,0.));
#1238=CARTESIAN_POINT('',(-0.7583020457491,-1.72034514953455,0.));
#1239=CARTESIAN_POINT('',(-0.757866066954693,-1.72268865756514,0.));
#1240=CARTESIAN_POINT('',(-0.757637227749832,-1.72385282670121,0.));
#1241=CARTESIAN_POINT('',(-0.75717765420473,-1.72618735054349,0.));
#1242=CARTESIAN_POINT('',(-0.756946916353715,-1.72735770416006,0.));
#1243=CARTESIAN_POINT('',(-0.756480753524577,-1.72969199757159,0.));
#1244=CARTESIAN_POINT('',(-0.756245354573312,-1.73085594236777,0.));
#1245=CARTESIAN_POINT('',(-0.755759438312662,-1.7331819070111,0.));
#1246=CARTESIAN_POINT('',(-0.755508905817671,-1.73434392368095,0.));
#1247=CARTESIAN_POINT('',(-0.755004090936395,-1.73666167491925,0.));
#1248=CARTESIAN_POINT('',(-0.754749830309501,-1.73781741435637,0.));
#1249=CARTESIAN_POINT('',(-0.754237965136732,-1.74012278505805,0.));
#1250=CARTESIAN_POINT('',(-0.753980380546868,-1.74127242058717,0.));
#1251=CARTESIAN_POINT('',(-0.753448687088694,-1.74356935029804,0.));
#1252=CARTESIAN_POINT('',(-0.753174558059098,-1.74471663978684,0.));
#1253=CARTESIAN_POINT('',(-0.75262718260969,-1.74700614359848,0.));
#1254=CARTESIAN_POINT('',(-0.752353937586355,-1.74814835812964,0.));
#1255=CARTESIAN_POINT('',(-0.751786738227552,-1.75042319837805,0.));
#1256=CARTESIAN_POINT('',(-0.751492863071665,-1.75155584387457,0.));
#1257=CARTESIAN_POINT('',(-0.750918034500913,-1.75382444274507,0.));
#1258=CARTESIAN_POINT('',(-0.750637081086047,-1.75496039611905,0.));
#1259=CARTESIAN_POINT('',(-0.75004588517415,-1.75722136418425,0.));
#1260=CARTESIAN_POINT('',(-0.7497357249835,-1.75834640031076,0.));
#1261=CARTESIAN_POINT('',(-0.749113784827468,-1.7605968776213,0.));
#1262=CARTESIAN_POINT('',(-0.748802003728651,-1.76172231836291,0.));
#1263=CARTESIAN_POINT('',(-0.748180883663863,-1.76396900772797,0.));
#1264=CARTESIAN_POINT('',(-0.74787153994172,-1.76509025407698,0.));
#1265=CARTESIAN_POINT('',(-0.747210253972035,-1.76731845929896,0.));
#1266=CARTESIAN_POINT('',(-0.746858369581818,-1.76842543536092,0.));
#1267=CARTESIAN_POINT('',(-0.746183630409471,-1.77064699230515,0.));
#1268=CARTESIAN_POINT('',(-0.745860747668938,-1.77176156472417,0.));
#1269=CARTESIAN_POINT('',(-0.745179483995754,-1.77397110720624,0.));
#1270=CARTESIAN_POINT('',(-0.744821372382008,-1.77506616035439,0.));
#1271=CARTESIAN_POINT('',(-0.74411048135607,-1.77726533643475,0.));
#1272=CARTESIAN_POINT('',(-0.743757748434752,-1.77836947365906,0.));
#1273=CARTESIAN_POINT('',(-0.743035833055941,-1.78056276254429,0.));
#1274=CARTESIAN_POINT('',(-0.742666802759385,-1.78165196366003,0.));
#1275=CARTESIAN_POINT('',(-0.741915632632693,-1.78382859660633,0.));
#1276=CARTESIAN_POINT('',(-0.741533464164158,-1.78491601834313,0.));
#1277=CARTESIAN_POINT('',(-0.740770380696638,-1.78709285903294,0.));
#1278=CARTESIAN_POINT('',(-0.740389467763159,-1.78818227881358,0.));
#1279=CARTESIAN_POINT('',(-0.739600527323828,-1.7903496944383,0.));
#1280=CARTESIAN_POINT('',(-0.739192534903923,-1.79142770304477,0.));
#1281=CARTESIAN_POINT('',(-0.738377967338596,-1.7935857585843,0.));
#1282=CARTESIAN_POINT('',(-0.737971394758667,-1.79466580633485,0.));
#1283=CARTESIAN_POINT('',(-0.737148408037569,-1.79681327561349,0.));
#1284=CARTESIAN_POINT('',(-0.736732087796231,-1.79788073167894,0.));
#1285=CARTESIAN_POINT('',(-0.735861668633732,-1.80001351620583,0.));
#1286=CARTESIAN_POINT('',(-0.735407209764005,-1.80107869674458,0.));
#1287=CARTESIAN_POINT('',(-0.734528752588208,-1.80321373354192,0.));
#1288=CARTESIAN_POINT('',(-0.734104577042318,-1.80428351557042,0.));
#1289=CARTESIAN_POINT('',(-0.733201589559406,-1.80640316370451,0.));
#1290=CARTESIAN_POINT('',(-0.732722633790467,-1.80745296852983,0.));
#1291=CARTESIAN_POINT('',(-0.731783747069019,-1.80956075686415,0.));
#1292=CARTESIAN_POINT('',(-0.731323816116507,-1.81061874037314,0.));
#1293=CARTESIAN_POINT('',(-0.730379259438174,-1.81273003410085,0.));
#1294=CARTESIAN_POINT('',(-0.729894523803522,-1.81378329605746,0.));
#1295=CARTESIAN_POINT('',(-0.728902346364766,-1.81587914835242,0.));
#1296=CARTESIAN_POINT('',(-0.728394899717783,-1.81692173635587,0.));
#1297=CARTESIAN_POINT('',(-0.72738914463948,-1.81901382566725,0.));
#1298=CARTESIAN_POINT('',(-0.726890853778033,-1.82006333588769,0.));
#1299=CARTESIAN_POINT('',(-0.725843977545782,-1.82214258946281,0.));
#1300=CARTESIAN_POINT('',(-0.725295185746082,-1.82317222880483,0.));
#1301=CARTESIAN_POINT('',(-0.724218779032868,-1.82524237969843,0.));
#1302=CARTESIAN_POINT('',(-0.723691164119358,-1.82628289125001,0.));
#1303=CARTESIAN_POINT('',(-0.722598087908349,-1.82834788365141,0.));
#1304=CARTESIAN_POINT('',(-0.722032519720858,-1.82937230826106,0.));
#1305=CARTESIAN_POINT('',(-0.720893518617741,-1.83142178515752,0.));
#1306=CARTESIAN_POINT('',(-0.720320063327722,-1.83244682364425,0.));
#1307=CARTESIAN_POINT('',(-0.719171755967308,-1.83450210437534,0.));
#1308=CARTESIAN_POINT('',(-0.718596907684385,-1.8355323508451,0.));
#1309=CARTESIAN_POINT('',(-0.717389387754746,-1.83756314357455,0.));
#1310=CARTESIAN_POINT('',(-0.716756522822667,-1.83856357467052,0.));
#1311=CARTESIAN_POINT('',(-0.715515971110298,-1.84058606796558,0.));
#1312=CARTESIAN_POINT('',(-0.714908412832968,-1.84160820821415,0.));
#1313=CARTESIAN_POINT('',(-0.713645958939783,-1.84363229014522,0.));
#1314=CARTESIAN_POINT('',(-0.712990778368642,-1.84463405485369,0.));
#1315=CARTESIAN_POINT('',(-0.711675586055111,-1.84663414890571,0.));
#1316=CARTESIAN_POINT('',(-0.711015573774677,-1.84763247784789,0.));
#1317=CARTESIAN_POINT('',(-0.709683373605133,-1.84963791797378,0.));
#1318=CARTESIAN_POINT('',(-0.709011132817187,-1.85064499891406,0.));
#1319=CARTESIAN_POINT('',(-0.707626725243086,-1.85262594116255,0.));
#1320=CARTESIAN_POINT('',(-0.706914705627573,-1.85359990593007,0.));
#1321=CARTESIAN_POINT('',(-0.705509974654148,-1.8555783639936,0.));
#1322=CARTESIAN_POINT('',(-0.704817565587226,-1.85658307621526,0.));
#1323=CARTESIAN_POINT('',(-0.703362037599132,-1.85855386041784,0.));
#1324=CARTESIAN_POINT('',(-0.70259833996002,-1.85951950479785,0.));
#1325=CARTESIAN_POINT('',(-0.701098336471956,-1.86147147391303,0.));
#1326=CARTESIAN_POINT('',(-0.700362030623008,-1.86245779864821,0.));
#1327=CARTESIAN_POINT('',(-0.698841630541215,-1.86440060871044,0.));
#1328=CARTESIAN_POINT('',(-0.698057326723959,-1.86535693081226,0.));
#1329=CARTESIAN_POINT('',(-0.6964795734806,-1.86728081827165,0.));
#1330=CARTESIAN_POINT('',(-0.695686127532648,-1.86824838049223,0.));
#1331=CARTESIAN_POINT('',(-0.694084892581991,-1.8701786926253,0.));
#1332=CARTESIAN_POINT('',(-0.693277058601644,-1.87114140733254,0.));
#1333=CARTESIAN_POINT('',(-0.691616590059054,-1.87303717684099,0.));
#1334=CARTESIAN_POINT('',(-0.690763720090789,-1.87397002406233,0.));
#1335=CARTESIAN_POINT('',(-0.68908434063173,-1.8758660803147,0.));
#1336=CARTESIAN_POINT('',(-0.688257945526774,-1.8768293925919,0.));
#1337=CARTESIAN_POINT('',(-0.68653521991202,-1.87870607281559,0.));
#1338=CARTESIAN_POINT('',(-0.685638364196147,-1.87961895789813,0.));
#1339=CARTESIAN_POINT('',(-0.683865822515478,-1.88147628999228,0.));
#1340=CARTESIAN_POINT('',(-0.682990314593593,-1.88242090510654,0.));
#1341=CARTESIAN_POINT('',(-0.681180740648581,-1.88427103774501,0.));
#1342=CARTESIAN_POINT('',(-0.680246173875434,-1.88517606597986,0.));
#1343=CARTESIAN_POINT('',(-0.678400075386169,-1.88700267849683,0.));
#1344=CARTESIAN_POINT('',(-0.67748847333382,-1.88792419212243,0.));
#1345=CARTESIAN_POINT('',(-0.675604858137378,-1.88973694969561,0.));
#1346=CARTESIAN_POINT('',(-0.674632070994074,-1.89062739046312,0.));
#1347=CARTESIAN_POINT('',(-0.672697626480224,-1.89241914982184,0.));
#1348=CARTESIAN_POINT('',(-0.671735964452824,-1.89332046351329,0.));
#1349=CARTESIAN_POINT('',(-0.669772747880587,-1.89509575823676,0.));
#1350=CARTESIAN_POINT('',(-0.66877092487751,-1.89596944389496,0.));
#1351=CARTESIAN_POINT('',(-0.666756298273518,-1.8977158740356,0.));
#1352=CARTESIAN_POINT('',(-0.665743464789559,-1.89858858217759,0.));
#1353=CARTESIAN_POINT('',(-0.663699376352282,-1.90031833674234,0.));
#1354=CARTESIAN_POINT('',(-0.662668077178562,-1.90117533152876,0.));
#1355=CARTESIAN_POINT('',(-0.660580565602967,-1.90287852650611,0.));
#1356=CARTESIAN_POINT('',(-0.659524210044526,-1.90372454902556,0.));
#1357=CARTESIAN_POINT('',(-0.657407324672143,-1.90541198531518,0.));
#1358=CARTESIAN_POINT('',(-0.656346794380681,-1.90625339853015,0.));
#1359=CARTESIAN_POINT('',(-0.654186515311984,-1.90790018383031,0.));
#1360=CARTESIAN_POINT('',(-0.653086544684552,-1.90870526379533,0.));
#1361=CARTESIAN_POINT('',(-0.650888587595222,-1.91033306817364,0.));
#1362=CARTESIAN_POINT('',(-0.649790660340416,-1.9111558731889,0.));
#1363=CARTESIAN_POINT('',(-0.647559784896432,-1.91275603337274,0.));
#1364=CARTESIAN_POINT('',(-0.646426788148102,-1.91353332077807,0.));
#1365=CARTESIAN_POINT('',(-0.644162670380252,-1.91509979350078,0.));
#1366=CARTESIAN_POINT('',(-0.643031572628553,-1.91588901267964,0.));
#1367=CARTESIAN_POINT('',(-0.640733372795872,-1.91741896730523,0.));
#1368=CARTESIAN_POINT('',(-0.639566194843304,-1.91815958867739,0.));
#1369=CARTESIAN_POINT('',(-0.637243101511147,-1.91966702130968,0.));
#1370=CARTESIAN_POINT('',(-0.636087237473591,-1.92043391256436,0.));
#1371=CARTESIAN_POINT('',(-0.633731441102199,-1.92190696331401,0.));
#1372=CARTESIAN_POINT('',(-0.632531360241698,-1.92261288517226,0.));
#1373=CARTESIAN_POINT('',(-0.630147560194844,-1.92403777570733,0.));
#1374=CARTESIAN_POINT('',(-0.628963788462778,-1.9247566578948,0.));
#1375=CARTESIAN_POINT('',(-0.626561548414188,-1.92614497525462,0.));
#1376=CARTESIAN_POINT('',(-0.625342964771419,-1.92681421092198,0.));
#1377=CARTESIAN_POINT('',(-0.622914716775321,-1.92817184341095,0.));
#1378=CARTESIAN_POINT('',(-0.621705063047394,-1.92886025948488,0.));
#1379=CARTESIAN_POINT('',(-0.619255568889774,-1.9301693732149,0.));
#1380=CARTESIAN_POINT('',(-0.618015861733037,-1.93079031999745,0.));
#1381=CARTESIAN_POINT('',(-0.615552230852465,-1.93206251336894,0.));
#1382=CARTESIAN_POINT('',(-0.61432830712863,-1.93271375995787,0.));
#1383=CARTESIAN_POINT('',(-0.611860228865409,-1.93395559474429,0.));
#1384=CARTESIAN_POINT('',(-0.610616264514291,-1.93454655969289,0.));
#1385=CARTESIAN_POINT('',(-0.608130974023136,-1.93572348464516,0.));
#1386=CARTESIAN_POINT('',(-0.606889651658027,-1.9363094544847,0.));
#1387=CARTESIAN_POINT('',(-0.604394016645569,-1.93744883003776,0.));
#1388=CARTESIAN_POINT('',(-0.60313972360646,-1.93800227828248,0.));
#1389=CARTESIAN_POINT('',(-0.600635177453504,-1.93908850649059,0.));
#1390=CARTESIAN_POINT('',(-0.599384982706617,-1.93962142348562,0.));
#1391=CARTESIAN_POINT('',(-0.596886800201244,-1.94066286874934,0.));
#1392=CARTESIAN_POINT('',(-0.595638883177135,-1.94117156514573,0.));
#1393=CARTESIAN_POINT('',(-0.593144830156106,-1.94216304312003,0.));
#1394=CARTESIAN_POINT('',(-0.591898764999886,-1.94264600442723,0.));
#1395=CARTESIAN_POINT('',(-0.589416926223227,-1.94359375464131,0.));
#1396=CARTESIAN_POINT('',(-0.588181210866551,-1.94405869283946,0.));
#1397=CARTESIAN_POINT('',(-0.58570973557836,-1.94494976274806,0.));
#1398=CARTESIAN_POINT('',(-0.584474097499308,-1.94537623343459,0.));
#1399=CARTESIAN_POINT('',(-0.582013760088491,-1.94622077086663,0.));
#1400=CARTESIAN_POINT('',(-0.580789074579998,-1.94663887900743,0.));
#1401=CARTESIAN_POINT('',(-0.578352499872297,-1.94743980267549,0.));
#1402=CARTESIAN_POINT('',(-0.577140775597623,-1.9478231170037,0.));
#1403=CARTESIAN_POINT('',(-0.574732718880751,-1.94856995438745,0.));
#1404=CARTESIAN_POINT('',(-0.573536453553394,-1.94893369698501,0.));
#1405=CARTESIAN_POINT('',(-0.571157944667113,-1.9496372267794,0.));
#1406=CARTESIAN_POINT('',(-0.569975788026911,-1.94997730665384,0.));
#1407=CARTESIAN_POINT('',(-0.56762616203016,-1.95063580522066,0.));
#1408=CARTESIAN_POINT('',(-0.566458766500434,-1.95095448625312,0.));
#1409=CARTESIAN_POINT('',(-0.564150280193282,-1.95156176512961,0.));
#1410=CARTESIAN_POINT('',(-0.563009342560233,-1.95185094714611,0.));
#1411=CARTESIAN_POINT('',(-0.560748475985872,-1.95240989008737,0.));
#1412=CARTESIAN_POINT('',(-0.559628617635027,-1.95267993359643,0.));
#1413=CARTESIAN_POINT('',(-0.557407920186992,-1.95319161685743,0.));
#1414=CARTESIAN_POINT('',(-0.556307191931041,-1.95343374366854,0.));
#1415=CARTESIAN_POINT('',(-0.554139798724493,-1.95391434113313,0.));
#1416=CARTESIAN_POINT('',(-0.553073112310884,-1.95415270024443,0.));
#1417=CARTESIAN_POINT('',(-0.550957860251406,-1.95458725401007,0.));
#1418=CARTESIAN_POINT('',(-0.549909474407938,-1.95478432358526,0.));
#1419=CARTESIAN_POINT('',(-0.547852618101431,-1.95517552907341,0.));
#1420=CARTESIAN_POINT('',(-0.546844113207425,-1.95536950152198,0.));
#1421=CARTESIAN_POINT('',(-0.54485222253564,-1.95572967313355,0.));
#1422=CARTESIAN_POINT('',(-0.543868954940578,-1.95589651383924,0.));
#1423=CARTESIAN_POINT('',(-0.541940865179413,-1.95621039561907,0.));
#1424=CARTESIAN_POINT('',(-0.540996126968283,-1.95635796907494,0.));
#1425=CARTESIAN_POINT('',(-0.539138445355228,-1.95663892638689,0.));
#1426=CARTESIAN_POINT('',(-0.538225550178331,-1.95677262651875,0.));
#1427=CARTESIAN_POINT('',(-0.53643135540052,-1.95702445341294,0.));
#1428=CARTESIAN_POINT('',(-0.535550110675194,-1.95714296912385,0.));
#1429=CARTESIAN_POINT('',(-0.533825215586497,-1.95736498148496,0.));
#1430=CARTESIAN_POINT('',(-0.532981619971091,-1.95746890984913,0.));
#1431=CARTESIAN_POINT('',(-0.531338264151186,-1.95766510727965,0.));
#1432=CARTESIAN_POINT('',(-0.530538544542817,-1.95775770227053,0.));
#1433=CARTESIAN_POINT('',(-0.528970340545284,-1.95792348710294,0.));
#1434=CARTESIAN_POINT('',(-0.528201923927596,-1.95799731830396,0.));
#1435=CARTESIAN_POINT('',(-0.526708407355309,-1.95813994230279,0.));
#1436=CARTESIAN_POINT('',(-0.525983309456668,-1.95820878435074,0.));
#1437=CARTESIAN_POINT('',(-0.524570307560963,-1.95834058688757,0.));
#1438=CARTESIAN_POINT('',(-0.523882418184735,-1.95840366746419,0.));
#1439=CARTESIAN_POINT('',(-0.522537890656255,-1.95850907788052,0.));
#1440=CARTESIAN_POINT('',(-0.521881318592586,-1.95855225039232,0.));
#1441=CARTESIAN_POINT('',(-0.520617355871775,-1.95863372891252,0.));
#1442=CARTESIAN_POINT('',(-0.520009969584609,-1.9586721570712,0.));
#1443=CARTESIAN_POINT('',(-0.518825731464009,-1.95874740230648,0.));
#1444=CARTESIAN_POINT('',(-0.518248878862509,-1.95878420331384,0.));
#1445=CARTESIAN_POINT('',(-0.517138142439798,-1.95885008351444,0.));
#1446=CARTESIAN_POINT('',(-0.516604283436286,-1.95887953497331,0.));
#1447=CARTESIAN_POINT('',(-0.515573459249145,-1.95892573903688,0.));
#1448=CARTESIAN_POINT('',(-0.515076525629981,-1.95894323584619,0.));
#1449=CARTESIAN_POINT('',(-0.514119329248808,-1.95898325398314,0.));
#1450=CARTESIAN_POINT('',(-0.513659051476823,-1.95900531237765,0.));
#1451=CARTESIAN_POINT('',(-0.512769269055627,-1.95902968435145,0.));
#1452=CARTESIAN_POINT('',(-0.512339800957089,-1.95903323900019,0.));
#1453=CARTESIAN_POINT('',(-0.511516999011876,-1.95905665113821,0.));
#1454=CARTESIAN_POINT('',(-0.511123628501322,-1.95907512914511,0.));
#1455=CARTESIAN_POINT('',(-0.510373674540541,-1.95909254031638,0.));
#1456=CARTESIAN_POINT('',(-0.51001713059731,-1.95909315673065,0.));
#1457=CARTESIAN_POINT('',(-0.509328059538182,-1.95910361648214,0.));
#1458=CARTESIAN_POINT('',(-0.508995519598189,-1.95911284050725,0.));
#1459=CARTESIAN_POINT('',(-0.508366814956924,-1.95912711941271,0.));
#1460=CARTESIAN_POINT('',(-0.508070658750223,-1.95913252047186,0.));
#1461=CARTESIAN_POINT('',(-0.507388215244166,-1.9591396351756,0.));
#1462=CARTESIAN_POINT('',(-0.507001913041917,-1.95913972751037,0.));
#1463=CARTESIAN_POINT('',(-0.506277697067398,-1.95914117800016,0.));
#1464=CARTESIAN_POINT('',(-0.505939780799757,-1.95914237621557,0.));
#1465=CARTESIAN_POINT('',(-0.505300355017858,-1.95914269533424,0.));
#1466=CARTESIAN_POINT('',(-0.504998847585478,-1.95914202624044,0.));
#1467=CARTESIAN_POINT('',(-0.504432311026322,-1.95913441526216,0.));
#1468=CARTESIAN_POINT('',(-0.504167273524678,-1.95912824061411,0.));
#1469=CARTESIAN_POINT('',(-0.503666966383622,-1.95912551270373,0.));
#1470=CARTESIAN_POINT('',(-0.503431706599545,-1.9591279539836,0.));
#1471=CARTESIAN_POINT('',(-0.502985766288422,-1.95912239457606,0.));
#1472=CARTESIAN_POINT('',(-0.50277507345367,-1.95911545318937,0.));
#1473=CARTESIAN_POINT('',(-0.502377458042757,-1.95911058558514,0.));
#1474=CARTESIAN_POINT('',(-0.502190549308956,-1.9591117263191,0.));
#1475=CARTESIAN_POINT('',(-0.501841325869594,-1.95910522880339,0.));
#1476=CARTESIAN_POINT('',(-0.501678989764009,-1.95909871854074,0.));
#1477=CARTESIAN_POINT('',(-0.501372200918955,-1.95908838999789,0.));
#1478=CARTESIAN_POINT('',(-0.501227753640378,-1.95908435378678,0.));
#1479=CARTESIAN_POINT('',(-0.500956640295861,-1.95908350034963,0.));
#1480=CARTESIAN_POINT('',(-0.500829991768127,-1.95908584955245,0.));
#1481=CARTESIAN_POINT('',(-0.500589486525815,-1.95907508522277,0.));
#1482=CARTESIAN_POINT('',(-0.5004755933526,-1.95906346548165,0.));
#1483=CARTESIAN_POINT('',(-0.500264864250633,-1.95906139085087,0.));
#1484=CARTESIAN_POINT('',(-0.500168076072738,-1.95906797830131,0.));
#1485=CARTESIAN_POINT('',(-0.499987145643066,-1.95906809580886,0.));
#1486=CARTESIAN_POINT('',(-0.499902989462122,-1.95906320683339,0.));
#1487=CARTESIAN_POINT('',(-0.499746653895216,-1.95905650809586,0.));
#1488=CARTESIAN_POINT('',(-0.499674471587451,-1.95905435954524,0.));
#1489=CARTESIAN_POINT('',(-0.499535804311496,-1.95905544288982,0.));
#1490=CARTESIAN_POINT('',(-0.499469342053194,-1.95905824435243,0.));
#1491=CARTESIAN_POINT('',(-0.49934957690075,-1.95904714671288,0.));
#1492=CARTESIAN_POINT('',(-0.499296116235254,-1.95903624412773,0.));
#1493=CARTESIAN_POINT('',(-0.49919397109281,-1.95903425658579,0.));
#1494=CARTESIAN_POINT('',(-0.499145369352839,-1.95904122512105,0.));
#1495=CARTESIAN_POINT('',(-0.499055272758926,-1.95903528394553,0.));
#1496=CARTESIAN_POINT('',(-0.499013685243878,-1.95902487235713,0.));
#1497=CARTESIAN_POINT('',(-0.498935467230468,-1.95902487626493,0.));
#1498=CARTESIAN_POINT('',(-0.498898901247782,-1.95903274147234,0.));
#1499=CARTESIAN_POINT('',(-0.498832659278454,-1.95903045540787,0.));
#1500=CARTESIAN_POINT('',(-0.498802915460145,-1.95902326194513,0.));
#1501=CARTESIAN_POINT('',(-0.498736689264531,-1.95902064034275,0.));
#1502=CARTESIAN_POINT('',(-0.498700142471395,-1.95902809735069,0.));
#1503=CARTESIAN_POINT('',(-0.498627847850715,-1.9590292776182,0.));
#1504=CARTESIAN_POINT('',(-0.49859209591812,-1.95902318635972,0.));
#1505=CARTESIAN_POINT('',(-0.498526541935632,-1.95901258252965,0.));
#1506=CARTESIAN_POINT('',(-0.498496741347868,-1.95900797604521,0.));
#1507=CARTESIAN_POINT('',(-0.498430446217336,-1.9590080178176,0.));
#1508=CARTESIAN_POINT('',(-0.498393899580046,-1.95901488623291,0.));
#1509=CARTESIAN_POINT('',(-0.498333633987465,-1.95901442372733,0.));
#1510=CARTESIAN_POINT('',(-0.498309807529165,-1.95901114945999,0.));
#1511=CARTESIAN_POINT('',(-0.498250130647185,-1.9590009787135,0.));
#1512=CARTESIAN_POINT('',(-0.498214224855349,-1.95899308969528,0.));
#1513=CARTESIAN_POINT('',(-0.49815399837717,-1.95899764912804,0.));
#1514=CARTESIAN_POINT('',(-0.498129567201434,-1.95900450766831,0.));
#1515=CARTESIAN_POINT('',(-0.498075299326243,-1.95900818019076,0.));
#1516=CARTESIAN_POINT('',(-0.498045418060658,-1.9590025476899,0.));
#1517=CARTESIAN_POINT('',(-0.497985650643891,-1.95899097205107,0.));
#1518=CARTESIAN_POINT('',(-0.497955764492709,-1.9589850289131,0.));
#1519=CARTESIAN_POINT('',(-0.497901505531593,-1.95898926822991,0.));
#1520=CARTESIAN_POINT('',(-0.497877085028851,-1.95899680539388,0.));
#1521=CARTESIAN_POINT('',(-0.497828728401349,-1.95899862237725,0.));
#1522=CARTESIAN_POINT('',(-0.497804799584425,-1.95899329130863,0.));
#1523=CARTESIAN_POINT('',(-0.497757069848406,-1.9589871119,0.));
#1524=CARTESIAN_POINT('',(-0.497733268929311,-1.95898626356,0.));
#1525=CARTESIAN_POINT('',(-0.497679404403276,-1.95897819054817,0.));
#1526=CARTESIAN_POINT('',(-0.497649262681826,-1.95896942481463,0.));
#1527=CARTESIAN_POINT('',(-0.497601202354223,-1.95897569863281,0.));
#1528=CARTESIAN_POINT('',(-0.497582863022788,-1.95898317283716,0.));
#1529=CARTESIAN_POINT('',(-0.497540675547911,-1.95898849993731,0.));
#1530=CARTESIAN_POINT('',(-0.497516655074506,-1.95898327951815,0.));
#1531=CARTESIAN_POINT('',(-0.497468606721853,-1.95897271808332,0.));
#1532=CARTESIAN_POINT('',(-0.497444578842607,-1.95896737706764,0.));
#1533=CARTESIAN_POINT('',(-0.497402404628473,-1.95897292010478,0.));
#1534=CARTESIAN_POINT('',(-0.497384080409211,-1.95898064039519,0.));
#1535=CARTESIAN_POINT('',(-0.497341860695519,-1.95898537227836,0.));
#1536=CARTESIAN_POINT('',(-0.497317775263397,-1.95897900522498,0.));
#1537=CARTESIAN_POINT('',(-0.497275878140774,-1.95897235230979,0.));
#1538=CARTESIAN_POINT('',(-0.497258003354423,-1.9589709440909,0.));
#1539=CARTESIAN_POINT('',(-0.497222256382167,-1.95896817395301,0.));
#1540=CARTESIAN_POINT('',(-0.497204384196263,-1.958966812034,0.));
#1541=CARTESIAN_POINT('',(-0.497162481005271,-1.95896005108679,0.));
#1542=CARTESIAN_POINT('',(-0.497138382858845,-1.95895345767988,0.));
#1543=CARTESIAN_POINT('',(-0.497096192120454,-1.95895870540239,0.));
#1544=CARTESIAN_POINT('',(-0.49707789875458,-1.9589669749707,0.));
#1545=CARTESIAN_POINT('',(-0.497041527867095,-1.9589702298999,0.));
#1546=CARTESIAN_POINT('',(-0.497023487442898,-1.95896587518545,0.));
#1547=CARTESIAN_POINT('',(-0.496987573021795,-1.95896012632634,0.));
#1548=CARTESIAN_POINT('',(-0.496969699024891,-1.95895873218167,0.));
#1549=CARTESIAN_POINT('',(-0.496933953075162,-1.95895598025567,0.));
#1550=CARTESIAN_POINT('',(-0.496916081122338,-1.95895462247433,0.));
#1551=CARTESIAN_POINT('',(-0.496880162612856,-1.95894880088884,0.));
#1552=CARTESIAN_POINT('',(-0.496862116056198,-1.9589443370847,0.));
#1553=CARTESIAN_POINT('',(-0.496825761964339,-1.95894789078846,0.));
#1554=CARTESIAN_POINT('',(-0.496807493116445,-1.9589565965035,0.));
#1555=CARTESIAN_POINT('',(-0.496771128492346,-1.95895996285135,0.));
#1556=CARTESIAN_POINT('',(-0.496753071943921,-1.95895532130574,0.));
#1557=CARTESIAN_POINT('',(-0.496723165051145,-1.95895091823775,0.));
#1558=CARTESIAN_POINT('',(-0.49671125225527,-1.95895004576825,0.));
#1559=CARTESIAN_POINT('',(-0.496681434167145,-1.95894722244828,0.));
#1560=CARTESIAN_POINT('',(-0.496663510825655,-1.95894495052472,0.));
#1561=CARTESIAN_POINT('',(-0.496633694179036,-1.95894215282213,0.));
#1562=CARTESIAN_POINT('',(-0.496621782344164,-1.95894129743087,0.));
#1563=CARTESIAN_POINT('',(-0.496591871607371,-1.95893682605011,0.));
#1564=CARTESIAN_POINT('',(-0.496573807130621,-1.95893204360929,0.));
#1565=CARTESIAN_POINT('',(-0.496537463529858,-1.95893578356231,0.));
#1566=CARTESIAN_POINT('',(-0.496519225651773,-1.95894503964216,0.));
#1567=CARTESIAN_POINT('',(-0.496488702848085,-1.95894680523512,0.));
#1568=CARTESIAN_POINT('',(-0.49647669368332,-1.95894421946229,0.));
#1569=CARTESIAN_POINT('',(-0.496446772935502,-1.95893956624215,0.));
#1570=CARTESIAN_POINT('',(-0.496428912434584,-1.95893840440086,0.));
#1571=CARTESIAN_POINT('',(-0.496399093713261,-1.95893558646071,0.));
#1572=CARTESIAN_POINT('',(-0.496387152566131,-1.95893422420786,0.));
#1573=CARTESIAN_POINT('',(-0.496363284260959,-1.95893167701586,0.));
#1574=CARTESIAN_POINT('',(-0.496351357102918,-1.95893049207671,0.));
#1575=CARTESIAN_POINT('',(-0.496321503408916,-1.95892723085286,0.));
#1576=CARTESIAN_POINT('',(-0.496303558973484,-1.95892500513014,0.));
#1577=CARTESIAN_POINT('',(-0.49627381308941,-1.95892256833072,0.));
#1578=CARTESIAN_POINT('',(-0.496261957804655,-1.95892193300786,0.));
#1579=CARTESIAN_POINT('',(-0.496237859504991,-1.95891762704413,0.));
#1580=CARTESIAN_POINT('',(-0.496225616490083,-1.95891395640325,0.));
#1581=CARTESIAN_POINT('',(-0.496201236598275,-1.95891832081989,0.));
#1582=CARTESIAN_POINT('',(-0.496189282819225,-1.95892778868711,0.));
#1583=CARTESIAN_POINT('',(-0.496164918111372,-1.95893227219686,0.));
#1584=CARTESIAN_POINT('',(-0.496152688677406,-1.95892870807611,0.));
#1585=CARTESIAN_POINT('',(-0.496122513928202,-1.95892291875071,0.));
#1586=CARTESIAN_POINT('',(-0.496104768030798,-1.95892225403429,0.));
#1587=CARTESIAN_POINT('',(-0.496075012305153,-1.958919743659,0.));
#1588=CARTESIAN_POINT('',(-0.496063062220227,-1.958918365505,0.));
#1589=CARTESIAN_POINT('',(-0.4960391613941,-1.95891560406333,0.));
#1590=CARTESIAN_POINT('',(-0.4960272106529,-1.95891422077567,0.));
#1591=CARTESIAN_POINT('',(-0.496003407384967,-1.95891222274333,0.));
#1592=CARTESIAN_POINT('',(-0.495991554858233,-1.95891160799867,0.));
#1593=CARTESIAN_POINT('',(-0.49596745760314,-1.95890730947087,0.));
#1594=CARTESIAN_POINT('',(-0.49595521287478,-1.95890362568774,0.));
#1595=CARTESIAN_POINT('',(-0.495930835505777,-1.95890801006542,0.));
#1596=CARTESIAN_POINT('',(-0.495918886689123,-1.95891751667758,0.));
#1597=CARTESIAN_POINT('',(-0.495894510057811,-1.95892190682751,0.));
#1598=CARTESIAN_POINT('',(-0.495882265989261,-1.95891822820724,0.));
#1599=CARTESIAN_POINT('',(-0.495858166718126,-1.95891391390272,0.));
#1600=CARTESIAN_POINT('',(-0.495846311515538,-1.95891327821844,0.));
#1601=CARTESIAN_POINT('',(-0.495816566640645,-1.9589108527483,0.));
#1602=CARTESIAN_POINT('',(-0.495798623534255,-1.95890864483271,0.));
#1603=CARTESIAN_POINT('',(-0.495768766615575,-1.95890534260056,0.));
#1604=CARTESIAN_POINT('',(-0.495756836717131,-1.95890412240828,0.));
#1605=CARTESIAN_POINT('',(-0.495732976472691,-1.95890167852901,0.));
#1606=CARTESIAN_POINT('',(-0.495721046126695,-1.958900454842,0.));
#1607=CARTESIAN_POINT('',(-0.495697161486598,-1.95889782004614,0.));
#1608=CARTESIAN_POINT('',(-0.495685207192496,-1.95889640893729,0.));
#1609=CARTESIAN_POINT('',(-0.495655441757255,-1.95889382264257,0.));
#1610=CARTESIAN_POINT('',(-0.495637690766145,-1.95889311819543,0.));
#1611=CARTESIAN_POINT('',(-0.495607534215845,-1.95888747100731,0.));
#1612=CARTESIAN_POINT('',(-0.495595319178371,-1.95888401930287,0.));
#1613=CARTESIAN_POINT('',(-0.495570908559985,-1.95888814429047,0.));
#1614=CARTESIAN_POINT('',(-0.495558885455761,-1.95889707079727,0.));
#1615=CARTESIAN_POINT('',(-0.495528969335802,-1.95890417634223,0.));
#1616=CARTESIAN_POINT('',(-0.495510474236723,-1.95889764171869,0.));
#1617=CARTESIAN_POINT('',(-0.495480359783657,-1.95889234000412,0.));
#1618=CARTESIAN_POINT('',(-0.495468503525657,-1.95889170980487,0.));
#1619=CARTESIAN_POINT('',(-0.49543875165305,-1.95888917945625,0.));
#1620=CARTESIAN_POINT('',(-0.495420800424618,-1.95888680188163,0.));
#1621=CARTESIAN_POINT('',(-0.495384996764043,-1.95888330437475,0.));
#1622=CARTESIAN_POINT('',(-0.4953671443319,-1.9588821844425,0.));
#1623=CARTESIAN_POINT('',(-0.495337227798615,-1.95887755802343,0.));
#1624=CARTESIAN_POINT('',(-0.495325217857388,-1.95887497149171,0.));
#1625=CARTESIAN_POINT('',(-0.495294692706212,-1.95887671137237,0.));
#1626=CARTESIAN_POINT('',(-0.495276453057441,-1.95888592869447,0.));
#1627=CARTESIAN_POINT('',(-0.495240115709697,-1.95888977486787,0.));
#1628=CARTESIAN_POINT('',(-0.495222058758692,-1.95888512807845,0.));
#1629=CARTESIAN_POINT('',(-0.495186144734695,-1.95887938769467,0.));
#1630=CARTESIAN_POINT('',(-0.495168287661705,-1.95887829410033,0.));
#1631=CARTESIAN_POINT('',(-0.495132507466809,-1.95887493259933,0.));
#1632=CARTESIAN_POINT('',(-0.495114584344905,-1.95887266469266,0.));
#1633=CARTESIAN_POINT('',(-0.495078802419029,-1.95886927293234,0.));
#1634=CARTESIAN_POINT('',(-0.495060943615057,-1.95886814907867,0.));
#1635=CARTESIAN_POINT('',(-0.495025034784245,-1.95886249947218,0.));
#1636=CARTESIAN_POINT('',(-0.495006984757403,-1.95885797371935,0.));
#1637=CARTESIAN_POINT('',(-0.494970627852816,-1.95886147804115,0.));
#1638=CARTESIAN_POINT('',(-0.4949523598958,-1.95887020053489,0.));
#1639=CARTESIAN_POINT('',(-0.494915996348438,-1.95887358356822,0.));
#1640=CARTESIAN_POINT('',(-0.494897940019712,-1.95886894275109,0.));
#1641=CARTESIAN_POINT('',(-0.494868031887353,-1.958864524931,0.));
#1642=CARTESIAN_POINT('',(-0.494856118167427,-1.958863642303,0.));
#1643=CARTESIAN_POINT('',(-0.494832266536659,-1.958861415765,0.));
#1644=CARTESIAN_POINT('',(-0.494820328625818,-1.958860071855,0.));
#1645=CARTESIAN_POINT('',(-0.494790480970673,-1.95885680724086,0.));
#1646=CARTESIAN_POINT('',(-0.494772569787326,-1.95885493411714,0.));
#1647=CARTESIAN_POINT('',(-0.49474276244421,-1.95885191304257,0.));
#1648=CARTESIAN_POINT('',(-0.494730851408055,-1.95885073149229,0.));
#1649=CARTESIAN_POINT('',(-0.4947069137783,-1.95884798540367,0.));
#1650=CARTESIAN_POINT('',(-0.4946948871847,-1.95884642086533,0.));
#1651=CARTESIAN_POINT('',(-0.4946712724252,-1.95884476998133,0.));
#1652=CARTESIAN_POINT('',(-0.4946596842593,-1.95884468363567,0.));
#1653=CARTESIAN_POINT('',(-0.494634869774224,-1.95883898116059,0.));
#1654=CARTESIAN_POINT('',(-0.494621643455048,-1.95883336503118,0.));
#1655=CARTESIAN_POINT('',(-0.494604283499479,-1.9588413958459,0.));
#1656=CARTESIAN_POINT('',(-0.49459862131676,-1.95884988255411,0.));
#1657=CARTESIAN_POINT('',(-0.494576990583407,-1.95886301301597,0.));
#1658=CARTESIAN_POINT('',(-0.494556584690963,-1.95885267674458,0.));
#1659=CARTESIAN_POINT('',(-0.494525588772076,-1.95884562336771,0.));
#1660=CARTESIAN_POINT('',(-0.494513994111688,-1.95884551501486,0.));
#1661=CARTESIAN_POINT('',(-0.494490374591038,-1.95884384837333,0.));
#1662=CARTESIAN_POINT('',(-0.494478349730775,-1.95884229008466,0.));
#1663=CARTESIAN_POINT('',(-0.494454413395505,-1.958839547254,0.));
#1664=CARTESIAN_POINT('',(-0.494442501920495,-1.958838362712,0.));
#1665=CARTESIAN_POINT('',(-0.494418655629557,-1.95883594857667,0.));
#1666=CARTESIAN_POINT('',(-0.494406720813629,-1.95883471898334,0.));
#1667=CARTESIAN_POINT('',(-0.49438283116,-1.95883206625567,0.));
#1668=CARTESIAN_POINT('',(-0.4943708763223,-1.95883064312133,0.));
#1669=CARTESIAN_POINT('',(-0.4943470700748,-1.95882861606833,0.));
#1670=CARTESIAN_POINT('',(-0.494335218665,-1.95882801214967,0.));
#1671=CARTESIAN_POINT('',(-0.494311122155612,-1.95882372099121,0.));
#1672=CARTESIAN_POINT('',(-0.494298877056025,-1.95882003375141,0.));
#1673=CARTESIAN_POINT('',(-0.494274499683711,-1.95882441764572,0.));
#1674=CARTESIAN_POINT('',(-0.494262551327389,-1.95883392803828,0.));
#1675=CARTESIAN_POINT('',(-0.494238173827102,-1.95883831150948,0.));
#1676=CARTESIAN_POINT('',(-0.494225928613051,-1.95883462389124,0.));
#1677=CARTESIAN_POINT('',(-0.494201832453367,-1.95883033388967,0.));
#1678=CARTESIAN_POINT('',(-0.494189981507733,-1.95882973150633,0.));
#1679=CARTESIAN_POINT('',(-0.4941661739822,-1.958827700225,0.));
#1680=CARTESIAN_POINT('',(-0.4941542174023,-1.958826271327,0.));
#1681=CARTESIAN_POINT('',(-0.494130332511167,-1.958823634355,0.));
#1682=CARTESIAN_POINT('',(-0.494118404199933,-1.958822426281,0.));
#1683=CARTESIAN_POINT('',(-0.494094540137133,-1.95881995335133,0.));
#1684=CARTESIAN_POINT('',(-0.494082604385567,-1.95881868849567,0.));
#1685=CARTESIAN_POINT('',(-0.494058734375038,-1.95881616508733,0.));
#1686=CARTESIAN_POINT('',(-0.494046800116076,-1.95881490653466,0.));
#1687=CARTESIAN_POINT('',(-0.494022933067967,-1.95881242099933,0.));
#1688=CARTESIAN_POINT('',(-0.494011000278819,-1.95881119401668,0.));
#1689=CARTESIAN_POINT('',(-0.493987127328986,-1.95880860746801,0.));
#1690=CARTESIAN_POINT('',(-0.4939751871683,-1.958807247902,0.));
#1691=CARTESIAN_POINT('',(-0.493951334862847,-1.95880502753266,0.));
#1692=CARTESIAN_POINT('',(-0.493939422718081,-1.95880416672933,0.));
#1693=CARTESIAN_POINT('',(-0.493915493736529,-1.95880058265598,0.));
#1694=CARTESIAN_POINT('',(-0.493903476899744,-1.95879785938598,0.));
#1695=CARTESIAN_POINT('',(-0.493872964068779,-1.9587998011311,0.));
#1696=CARTESIAN_POINT('',(-0.493854761139004,-1.95880967947486,0.));
#1697=CARTESIAN_POINT('',(-0.493824248268484,-1.95881162054714,0.));
#1698=CARTESIAN_POINT('',(-0.493812231406649,-1.95880889685156,0.));
#1699=CARTESIAN_POINT('',(-0.493788302505733,-1.95880531414967,0.));
#1700=CARTESIAN_POINT('',(-0.493776390466653,-1.95880445514334,0.));
#1701=CARTESIAN_POINT('',(-0.493752537869519,-1.95880222980901,0.));
#1702=CARTESIAN_POINT('',(-0.493740597311467,-1.958800863481,0.));
#1703=CARTESIAN_POINT('',(-0.493716725448055,-1.95879829542128,0.));
#1704=CARTESIAN_POINT('',(-0.493704794142696,-1.95879709368957,0.));
#1705=CARTESIAN_POINT('',(-0.493674955264573,-1.95879390053171,0.));
#1706=CARTESIAN_POINT('',(-0.493657042384427,-1.95879181469129,0.));
#1707=CARTESIAN_POINT('',(-0.493627229092325,-1.95878907668829,0.));
#1708=CARTESIAN_POINT('',(-0.493615314844312,-1.95878817839314,0.));
#1709=CARTESIAN_POINT('',(-0.49359138839759,-1.95878463933637,0.));
#1710=CARTESIAN_POINT('',(-0.49357937619888,-1.95878199857474,0.));
#1711=CARTESIAN_POINT('',(-0.493548848124769,-1.95878366925721,0.));
#1712=CARTESIAN_POINT('',(-0.493530609498138,-1.95879291274217,0.));
#1713=CARTESIAN_POINT('',(-0.493494273647683,-1.95879679053549,0.));
#1714=CARTESIAN_POINT('',(-0.493476217197198,-1.95879215019673,0.));
#1715=CARTESIAN_POINT('',(-0.493440300714109,-1.95878636612466,0.));
#1716=CARTESIAN_POINT('',(-0.493422440681505,-1.95878522239133,0.));
#1717=CARTESIAN_POINT('',(-0.493386668865195,-1.958782004856,0.));
#1718=CARTESIAN_POINT('',(-0.493368757081491,-1.95877993105401,0.));
#1719=CARTESIAN_POINT('',(-0.493332944100529,-1.958776007119,0.));
#1720=CARTESIAN_POINT('',(-0.493315042903271,-1.958774156986,0.));
#1721=CARTESIAN_POINT('',(-0.493279249913844,-1.9587704921125,0.));
#1722=CARTESIAN_POINT('',(-0.493261358121675,-1.958768677372,0.));
#1723=CARTESIAN_POINT('',(-0.493231498296011,-1.95876534843875,0.));
#1724=CARTESIAN_POINT('',(-0.493219543653189,-1.95876393570125,0.));
#1725=CARTESIAN_POINT('',(-0.493189783115325,-1.958761388917,0.));
#1726=CARTESIAN_POINT('',(-0.493172040254855,-1.9587607474,0.));
#1727=CARTESIAN_POINT('',(-0.493135830256586,-1.9587537975015,0.));
#1728=CARTESIAN_POINT('',(-0.493117363118783,-1.95874748911996,0.));
#1729=CARTESIAN_POINT('',(-0.493087461600543,-1.95875471278789,0.));
#1730=CARTESIAN_POINT('',(-0.493075433845745,-1.95876360164843,0.));
#1731=CARTESIAN_POINT('',(-0.493051020224298,-1.95876770239098,0.));
#1732=CARTESIAN_POINT('',(-0.493038806221281,-1.95876425911818,0.));
#1733=CARTESIAN_POINT('',(-0.493008650629359,-1.95875861946814,0.));
#1734=CARTESIAN_POINT('',(-0.492990898748241,-1.95875790735686,0.));
#1735=CARTESIAN_POINT('',(-0.492961133838211,-1.95875532629763,0.));
#1736=CARTESIAN_POINT('',(-0.492949180289789,-1.95875392208537,0.));
#1737=CARTESIAN_POINT('',(-0.492919322100216,-1.95875060611443,0.));
#1738=CARTESIAN_POINT('',(-0.492901430299784,-1.95874879163557,0.));
#1739=CARTESIAN_POINT('',(-0.492871601186139,-1.958745724176,0.));
#1740=CARTESIAN_POINT('',(-0.49285966702167,-1.958744485638,0.));
#1741=CARTESIAN_POINT('',(-0.4928357930651,-1.95874189063167,0.));
#1742=CARTESIAN_POINT('',(-0.492823853273,-1.95874053416333,0.));
#1743=CARTESIAN_POINT('',(-0.492800001237333,-1.958738316057,0.));
#1744=CARTESIAN_POINT('',(-0.492788088993767,-1.958737454419,0.));
#1745=CARTESIAN_POINT('',(-0.492764159940108,-1.95873386975252,0.));
#1746=CARTESIAN_POINT('',(-0.492752143130016,-1.95873114672405,0.));
#1747=CARTESIAN_POINT('',(-0.492721630322966,-1.95873308861072,0.));
#1748=CARTESIAN_POINT('',(-0.492703427364134,-1.95874296657428,0.));
#1749=CARTESIAN_POINT('',(-0.492672914517215,-1.9587449081254,0.));
#1750=CARTESIAN_POINT('',(-0.492660897681907,-1.9587421848847,0.));
#1751=CARTESIAN_POINT('',(-0.492636968709633,-1.958738600902,0.));
#1752=CARTESIAN_POINT('',(-0.492625056572667,-1.95873774016,0.));
#1753=CARTESIAN_POINT('',(-0.4926012042424,-1.958735519577,0.));
#1754=CARTESIAN_POINT('',(-0.4925892640491,-1.958734159736,0.));
#1755=CARTESIAN_POINT('',(-0.492565391189433,-1.95873157395167,0.));
#1756=CARTESIAN_POINT('',(-0.492553458523067,-1.95873034800833,0.));
#1757=CARTESIAN_POINT('',(-0.492529591138971,-1.95872785963033,0.));
#1758=CARTESIAN_POINT('',(-0.492517656421243,-1.95872659719566,0.));
#1759=CARTESIAN_POINT('',(-0.492493787664271,-1.958724084394,0.));
#1760=CARTESIAN_POINT('',(-0.492481853625029,-1.958722834027,0.));
#1761=CARTESIAN_POINT('',(-0.492457984884263,-1.95872032151372,0.));
#1762=CARTESIAN_POINT('',(-0.492446050182741,-1.95871905936743,0.));
#1763=CARTESIAN_POINT('',(-0.492416215891884,-1.95871594781314,0.));
#1764=CARTESIAN_POINT('',(-0.492398317534002,-1.95871412031086,0.));
#1765=CARTESIAN_POINT('',(-0.49236847545081,-1.95871087013986,0.));
#1766=CARTESIAN_POINT('',(-0.492356535554369,-1.95870951558242,0.));
#1767=CARTESIAN_POINT('',(-0.492332683437081,-1.95870729878466,0.));
#1768=CARTESIAN_POINT('',(-0.492320771216233,-1.95870643654433,0.));
#1769=CARTESIAN_POINT('',(-0.492296842198925,-1.95870285177371,0.));
#1770=CARTESIAN_POINT('',(-0.492284825402464,-1.95870012924339,0.));
#1771=CARTESIAN_POINT('',(-0.492254312513307,-1.95870206997893,0.));
#1772=CARTESIAN_POINT('',(-0.492236109390576,-1.95871194487702,0.));
#1773=CARTESIAN_POINT('',(-0.492205596893348,-1.95871389258332,0.));
#1774=CARTESIAN_POINT('',(-0.492193580344731,-1.95871117446165,0.));
#1775=CARTESIAN_POINT('',(-0.492169650527984,-1.95870757547142,0.));
#1776=CARTESIAN_POINT('',(-0.492157737259853,-1.95870669460285,0.));
#1777=CARTESIAN_POINT('',(-0.492127925730431,-1.95870398795114,0.));
#1778=CARTESIAN_POINT('',(-0.492110013289569,-1.95870190992786,0.));
#1779=CARTESIAN_POINT('',(-0.492080171916611,-1.95869867238988,0.));
#1780=CARTESIAN_POINT('',(-0.492068238752789,-1.95869743759712,0.));
#1781=CARTESIAN_POINT('',(-0.492038406064745,-1.95869435455514,0.));
#1782=CARTESIAN_POINT('',(-0.492020506651255,-1.95869250827586,0.));
#1783=CARTESIAN_POINT('',(-0.491990664724593,-1.95868926088825,0.));
#1784=CARTESIAN_POINT('',(-0.491978725401693,-1.95868791653176,0.));
#1785=CARTESIAN_POINT('',(-0.491948908664945,-1.95868511724843,0.));
#1786=CARTESIAN_POINT('',(-0.491931047036369,-1.95868394312557,0.));
#1787=CARTESIAN_POINT('',(-0.491901126183328,-1.95867929171896,0.));
#1788=CARTESIAN_POINT('',(-0.491889117449594,-1.95867671261363,0.));
#1789=CARTESIAN_POINT('',(-0.491858593642187,-1.95867845912329,0.));
#1790=CARTESIAN_POINT('',(-0.491840353099503,-1.95868766836102,0.));
#1791=CARTESIAN_POINT('',(-0.491804015889329,-1.95869152237479,0.));
#1792=CARTESIAN_POINT('',(-0.491785959873365,-1.9586868902994,0.));
#1793=CARTESIAN_POINT('',(-0.491750043845329,-1.958681112855,0.));
#1794=CARTESIAN_POINT('',(-0.491732183833257,-1.958679967486,0.));
#1795=CARTESIAN_POINT('',(-0.491696411520795,-1.95867674659434,0.));
#1796=CARTESIAN_POINT('',(-0.491678499220404,-1.95867467107166,0.));
#1797=CARTESIAN_POINT('',(-0.491642687768776,-1.95867075393466,0.));
#1798=CARTESIAN_POINT('',(-0.491624788617538,-1.95866891232033,0.));
#1799=CARTESIAN_POINT('',(-0.491588990007062,-1.95866522361234,0.));
#1800=CARTESIAN_POINT('',(-0.491571090547824,-1.95866337651867,0.));
#1801=CARTESIAN_POINT('',(-0.491535279712167,-1.95865947034,0.));
#1802=CARTESIAN_POINT('',(-0.491517368335747,-1.95865741125499,0.));
#1803=CARTESIAN_POINT('',(-0.491481593559343,-1.95865414652966,0.));
#1804=CARTESIAN_POINT('',(-0.491463730159357,-1.95865294088934,0.));
#1805=CARTESIAN_POINT('',(-0.491427823371333,-1.95864732782103,0.));
#1806=CARTESIAN_POINT('',(-0.491409779983292,-1.95864292039302,0.));
#1807=CARTESIAN_POINT('',(-0.491373407344042,-1.95864614413749,0.));
#1808=CARTESIAN_POINT('',(-0.491355115424788,-1.9586544394047,0.));
#1809=CARTESIAN_POINT('',(-0.49131292344625,-1.95865966516709,0.));
#1810=CARTESIAN_POINT('',(-0.491288821416597,-1.95865300286418,0.));
#1811=CARTESIAN_POINT('',(-0.491246926233075,-1.95864638394718,0.));
#1812=CARTESIAN_POINT('',(-0.491229062237125,-1.95864516730482,0.));
#1813=CARTESIAN_POINT('',(-0.491187330319113,-1.95864145446737,0.));
#1814=CARTESIAN_POINT('',(-0.491163445976807,-1.95863866693718,0.));
#1815=CARTESIAN_POINT('',(-0.491115697129038,-1.958633433141,0.));
#1816=CARTESIAN_POINT('',(-0.491091832623576,-1.95863098687499,0.));
#1817=CARTESIAN_POINT('',(-0.4910440993293,-1.958626061105,0.));
#1818=CARTESIAN_POINT('',(-0.491020230540486,-1.95862358160101,0.));
#1819=CARTESIAN_POINT('',(-0.490972490259716,-1.95861841428064,0.));
#1820=CARTESIAN_POINT('',(-0.49094861876776,-1.95861572646427,0.));
#1821=CARTESIAN_POINT('',(-0.490906856865214,-1.95861178096199,0.));
#1822=CARTESIAN_POINT('',(-0.490888963152557,-1.958610333732,0.));
#1823=CARTESIAN_POINT('',(-0.490841196455383,-1.95860365005874,0.));
#1824=CARTESIAN_POINT('',(-0.490811290050827,-1.95859653068664,0.));
#1825=CARTESIAN_POINT('',(-0.490757014177086,-1.95859997758932,0.));
#1826=CARTESIAN_POINT('',(-0.490732593500105,-1.95860766115113,0.));
#1827=CARTESIAN_POINT('',(-0.490684252274402,-1.95860989526507,0.));
#1828=CARTESIAN_POINT('',(-0.49066033856341,-1.95860483108636,0.));
#1829=CARTESIAN_POINT('',(-0.490606591557547,-1.95859681659014,0.));
#1830=CARTESIAN_POINT('',(-0.49057677297361,-1.95859471124908,0.));
#1831=CARTESIAN_POINT('',(-0.490517115095991,-1.95858901180408,0.));
#1832=CARTESIAN_POINT('',(-0.49048727580231,-1.95858541770015,0.));
#1833=CARTESIAN_POINT('',(-0.490433566073643,-1.95858008297593,0.));
#1834=CARTESIAN_POINT('',(-0.490409695438671,-1.95857811542307,0.));
#1835=CARTESIAN_POINT('',(-0.490356001548848,-1.95857094352976,0.));
#1836=CARTESIAN_POINT('',(-0.4903261820537,-1.95856505296447,0.));
#1837=CARTESIAN_POINT('',(-0.490265875684751,-1.95856599699894,0.));
#1838=CARTESIAN_POINT('',(-0.490235387289291,-1.95857308591686,0.));
#1839=CARTESIAN_POINT('',(-0.490169104139552,-1.95857510647658,0.));
#1840=CARTESIAN_POINT('',(-0.490133323670064,-1.9585676686379,0.));
#1841=CARTESIAN_POINT('',(-0.490067697669091,-1.95855860550641,0.));
#1842=CARTESIAN_POINT('',(-0.490037856883209,-1.95855621806259,0.));
#1843=CARTESIAN_POINT('',(-0.489972217277719,-1.95854983693589,0.));
#1844=CARTESIAN_POINT('',(-0.489936420482809,-1.95854561750294,0.));
#1845=CARTESIAN_POINT('',(-0.489864804185533,-1.95853843944967,0.));
#1846=CARTESIAN_POINT('',(-0.489828984683167,-1.95853548082933,0.));
#1847=CARTESIAN_POINT('',(-0.489757423255688,-1.95852599797489,0.));
#1848=CARTESIAN_POINT('',(-0.489721681330576,-1.95851947374078,0.));
#1849=CARTESIAN_POINT('',(-0.489649414879943,-1.95851942659244,0.));
#1850=CARTESIAN_POINT('',(-0.489612886359957,-1.95852608425656,0.));
#1851=CARTESIAN_POINT('',(-0.489540620093293,-1.95852604133388,0.));
#1852=CARTESIAN_POINT('',(-0.489504878349646,-1.95851952126794,0.));
#1853=CARTESIAN_POINT('',(-0.489433316376533,-1.958510025881,0.));
#1854=CARTESIAN_POINT('',(-0.489397496147067,-1.95850705056,0.));
#1855=CARTESIAN_POINT('',(-0.489325881849538,-1.958499918441,0.));
#1856=CARTESIAN_POINT('',(-0.489290087781476,-1.95849576164299,0.));
#1857=CARTESIAN_POINT('',(-0.489218473485738,-1.95848862920933,0.));
#1858=CARTESIAN_POINT('',(-0.489182653258062,-1.95848565357367,0.));
#1859=CARTESIAN_POINT('',(-0.489111091279971,-1.95847615913029,0.));
#1860=CARTESIAN_POINT('',(-0.489075349529555,-1.95846964032256,0.));
#1861=CARTESIAN_POINT('',(-0.489003083281521,-1.95846959391566,0.));
#1862=CARTESIAN_POINT('',(-0.488966554787379,-1.95847624675434,0.));
#1863=CARTESIAN_POINT('',(-0.488894288266402,-1.95847621267492,0.));
#1864=CARTESIAN_POINT('',(-0.488858546246758,-1.95846970602695,0.));
#1865=CARTESIAN_POINT('',(-0.488786985078176,-1.95846017502099,0.));
#1866=CARTESIAN_POINT('',(-0.488751165929238,-1.958457150663,0.));
#1867=CARTESIAN_POINT('',(-0.488679548666491,-1.95845015223734,0.));
#1868=CARTESIAN_POINT('',(-0.488643750552681,-1.95844617816968,0.));
#1869=CARTESIAN_POINT('',(-0.488572147313691,-1.95843854658301,0.));
#1870=CARTESIAN_POINT('',(-0.488536342188509,-1.95843488906399,0.));
#1871=CARTESIAN_POINT('',(-0.48846473894818,-1.95842725753999,0.));
#1872=CARTESIAN_POINT('',(-0.488428940833033,-1.958423283535,0.));
#1873=CARTESIAN_POINT('',(-0.488357323574457,-1.95841628492067,0.));
#1874=CARTESIAN_POINT('',(-0.488321504431029,-1.95841326031134,0.));
#1875=CARTESIAN_POINT('',(-0.488249943247081,-1.95840372999604,0.));
#1876=CARTESIAN_POINT('',(-0.488214201206561,-1.95839722429008,0.));
#1877=CARTESIAN_POINT('',(-0.488141934742964,-1.95839718761864,0.));
#1878=CARTESIAN_POINT('',(-0.488105406328449,-1.95840383686138,0.));
#1879=CARTESIAN_POINT('',(-0.488033139864977,-1.95840380018992,0.));
#1880=CARTESIAN_POINT('',(-0.487997397824582,-1.95839729448397,0.));
#1881=CARTESIAN_POINT('',(-0.487925836640757,-1.95838776416734,0.));
#1882=CARTESIAN_POINT('',(-0.487890017497329,-1.95838473955667,0.));
#1883=CARTESIAN_POINT('',(-0.487818400238538,-1.95837774094633,0.));
#1884=CARTESIAN_POINT('',(-0.487782602123176,-1.95837376694666,0.));
#1885=CARTESIAN_POINT('',(-0.487710998883205,-1.95836613540866,0.));
#1886=CARTESIAN_POINT('',(-0.487675193758595,-1.95836247787034,0.));
#1887=CARTESIAN_POINT('',(-0.487603590518524,-1.95835484633701,0.));
#1888=CARTESIAN_POINT('',(-0.487567792403062,-1.958350872342,0.));
#1889=CARTESIAN_POINT('',(-0.487496175144633,-1.958343873717,0.));
#1890=CARTESIAN_POINT('',(-0.487460356001667,-1.958340849087,0.));
#1891=CARTESIAN_POINT('',(-0.487388794816559,-1.95833131882436,0.));
#1892=CARTESIAN_POINT('',(-0.487353052774419,-1.95832481319172,0.));
#1893=CARTESIAN_POINT('',(-0.487280786315337,-1.9583247763199,0.));
#1894=CARTESIAN_POINT('',(-0.487244257907064,-1.9583314252841,0.));
#1895=CARTESIAN_POINT('',(-0.487171991426856,-1.95833138936626,0.));
#1896=CARTESIAN_POINT('',(-0.487136249363878,-1.95832488467463,0.));
#1897=CARTESIAN_POINT('',(-0.487064688241467,-1.958315351581,0.));
#1898=CARTESIAN_POINT('',(-0.487028869182033,-1.958312323179,0.));
#1899=CARTESIAN_POINT('',(-0.486957251693771,-1.958305334929,0.));
#1900=CARTESIAN_POINT('',(-0.486921453264943,-1.95830137508099,0.));
#1901=CARTESIAN_POINT('',(-0.486849850881338,-1.95829370487933,0.));
#1902=CARTESIAN_POINT('',(-0.486814046926562,-1.95828999452567,0.));
#1903=CARTESIAN_POINT('',(-0.486742440490557,-1.95828250728634,0.));
#1904=CARTESIAN_POINT('',(-0.486706638009329,-1.95827873040067,0.));
#1905=CARTESIAN_POINT('',(-0.486635032678438,-1.95827119326266,0.));
#1906=CARTESIAN_POINT('',(-0.486599229828776,-1.95826743301033,0.));
#1907=CARTESIAN_POINT('',(-0.486527624129538,-1.958259912505,0.));
#1908=CARTESIAN_POINT('',(-0.486491821279962,-1.958256152252,0.));
#1909=CARTESIAN_POINT('',(-0.486420215949091,-1.95824861511534,0.));
#1910=CARTESIAN_POINT('',(-0.486384413467796,-1.95824483823167,0.));
#1911=CARTESIAN_POINT('',(-0.4863128070318,-1.95823735098767,0.));
#1912=CARTESIAN_POINT('',(-0.4862770030771,-1.95823364062733,0.));
#1913=CARTESIAN_POINT('',(-0.486205400693038,-1.95822597044366,0.));
#1914=CARTESIAN_POINT('',(-0.486169602263676,-1.95822201062033,0.));
#1915=CARTESIAN_POINT('',(-0.486097984777005,-1.95821502230266,0.));
#1916=CARTESIAN_POINT('',(-0.486062165719696,-1.95821199380834,0.));
#1917=CARTESIAN_POINT('',(-0.485990604591776,-1.95820246096614,0.));
#1918=CARTESIAN_POINT('',(-0.485954862521166,-1.95819595661826,0.));
#1919=CARTESIAN_POINT('',(-0.485882596061771,-1.95819591975618,0.));
#1920=CARTESIAN_POINT('',(-0.485846067682442,-1.95820256740984,0.));
#1921=CARTESIAN_POINT('',(-0.48577380114479,-1.95820253408516,0.));
#1922=CARTESIAN_POINT('',(-0.485738058996988,-1.95819603322659,0.));
#1923=CARTESIAN_POINT('',(-0.485666498101472,-1.95818648989274,0.));
#1924=CARTESIAN_POINT('',(-0.485630679353757,-1.95818344741747,0.));
#1925=CARTESIAN_POINT('',(-0.485553092820481,-1.95817591839774,0.));
#1926=CARTESIAN_POINT('',(-0.485511328493819,-1.95817127568826,0.));
#1927=CARTESIAN_POINT('',(-0.485433759224496,-1.95816296722258,0.));
#1928=CARTESIAN_POINT('',(-0.485397955274455,-1.95815925665079,0.));
#1929=CARTESIAN_POINT('',(-0.485326348847533,-1.95815176899967,0.));
#1930=CARTESIAN_POINT('',(-0.485290546370653,-1.95814799192034,0.));
#1931=CARTESIAN_POINT('',(-0.485218941022058,-1.95814045558201,0.));
#1932=CARTESIAN_POINT('',(-0.485183138150343,-1.95813669632299,0.));
#1933=CARTESIAN_POINT('',(-0.485111532512814,-1.95812917303032,0.));
#1934=CARTESIAN_POINT('',(-0.485075729747,-1.95812540899667,0.));
#1935=CARTESIAN_POINT('',(-0.485004124186924,-1.95811788220867,0.));
#1936=CARTESIAN_POINT('',(-0.484968321392662,-1.95811411945434,0.));
#1937=CARTESIAN_POINT('',(-0.484896715811738,-1.958106593603,0.));
#1938=CARTESIAN_POINT('',(-0.484860913025076,-1.95810283050599,0.));
#1939=CARTESIAN_POINT('',(-0.484789307449838,-1.95809530440366,0.));
#1940=CARTESIAN_POINT('',(-0.484753504661262,-1.95809154139834,0.));
#1941=CARTESIAN_POINT('',(-0.484681899084495,-1.95808401536334,0.));
#1942=CARTESIAN_POINT('',(-0.484646096296305,-1.95808025233366,0.));
#1943=CARTESIAN_POINT('',(-0.484574490719905,-1.95807272628066,0.));
#1944=CARTESIAN_POINT('',(-0.484538687931695,-1.95806896325734,0.));
#1945=CARTESIAN_POINT('',(-0.484467082355224,-1.95806143720901,0.));
#1946=CARTESIAN_POINT('',(-0.484431279566962,-1.958057674184,0.));
#1947=CARTESIAN_POINT('',(-0.484359673990467,-1.95805014813433,0.));
#1948=CARTESIAN_POINT('',(-0.484323871202233,-1.95804638510967,0.));
#1949=CARTESIAN_POINT('',(-0.484252265625767,-1.95803885906033,0.));
#1950=CARTESIAN_POINT('',(-0.484216462837533,-1.95803509603567,0.));
#1951=CARTESIAN_POINT('',(-0.484144857261038,-1.95802756998633,0.));
#1952=CARTESIAN_POINT('',(-0.484109054472776,-1.95802380696166,0.));
#1953=CARTESIAN_POINT('',(-0.484037448896338,-1.95801628091233,0.));
#1954=CARTESIAN_POINT('',(-0.484001646108162,-1.95801251788767,0.));
#1955=CARTESIAN_POINT('',(-0.483930040531695,-1.95800499183834,0.));
#1956=CARTESIAN_POINT('',(-0.483894237743405,-1.95800122881366,0.));
#1957=CARTESIAN_POINT('',(-0.483822632166938,-1.95799370276433,0.));
#1958=CARTESIAN_POINT('',(-0.483786829378762,-1.95798993973967,0.));
#1959=CARTESIAN_POINT('',(-0.483715223802324,-1.95798241369034,0.));
#1960=CARTESIAN_POINT('',(-0.483679421014062,-1.95797865066567,0.));
#1961=CARTESIAN_POINT('',(-0.4836078154376,-1.957971124616,0.));
#1962=CARTESIAN_POINT('',(-0.4835720126494,-1.957967361591,0.));
#1963=CARTESIAN_POINT('',(-0.4835004070729,-1.95795983554167,0.));
#1964=CARTESIAN_POINT('',(-0.4834646042846,-1.95795607251733,0.));
#1965=CARTESIAN_POINT('',(-0.483392998708271,-1.957948546467,0.));
#1966=CARTESIAN_POINT('',(-0.483357195920243,-1.95794478344099,0.));
#1967=CARTESIAN_POINT('',(-0.483285590343071,-1.95793725739566,0.));
#1968=CARTESIAN_POINT('',(-0.483249787553929,-1.95793349437634,0.));
#1969=CARTESIAN_POINT('',(-0.483178181980157,-1.95792596831301,0.));
#1970=CARTESIAN_POINT('',(-0.483142379195529,-1.957922205269,0.));
#1971=CARTESIAN_POINT('',(-0.4830707736091,-1.957914679272,0.));
#1972=CARTESIAN_POINT('',(-0.4830349708073,-1.957910916319,0.));
#1973=CARTESIAN_POINT('',(-0.482963365267871,-1.957903390074,0.));
#1974=CARTESIAN_POINT('',(-0.482927562530243,-1.95789962678199,0.));
#1975=CARTESIAN_POINT('',(-0.482855956815471,-1.95789210146266,0.));
#1976=CARTESIAN_POINT('',(-0.482820153838329,-1.95788833943534,0.));
#1977=CARTESIAN_POINT('',(-0.482748548778191,-1.95788081066167,0.));
#1978=CARTESIAN_POINT('',(-0.482712746695195,-1.95787704391534,0.));
#1979=CARTESIAN_POINT('',(-0.482641139191838,-1.957869528033,0.));
#1980=CARTESIAN_POINT('',(-0.482605333771476,-1.95786577889699,0.));
#1981=CARTESIAN_POINT('',(-0.482533735386071,-1.95785821490333,0.));
#1982=CARTESIAN_POINT('',(-0.482497942421029,-1.95785440004567,0.));
#1983=CARTESIAN_POINT('',(-0.482426310007358,-1.95784701560634,0.));
#1984=CARTESIAN_POINT('',(-0.482390470558729,-1.95784344602467,0.));
#1985=CARTESIAN_POINT('',(-0.482318965140167,-1.95783539148,0.));
#1986=CARTESIAN_POINT('',(-0.482283299170233,-1.957830906517,0.));
#1987=CARTESIAN_POINT('',(-0.482211319799092,-1.95782535283919,0.));
#1988=CARTESIAN_POINT('',(-0.482175006397884,-1.95782428412439,0.));
#1989=CARTESIAN_POINT('',(-0.48210431160847,-1.95780929440915,0.));
#1990=CARTESIAN_POINT('',(-0.48206996377923,-1.95779519633085,0.));
#1991=CARTESIAN_POINT('',(-0.481999268989816,-1.95778020661561,0.));
#1992=CARTESIAN_POINT('',(-0.481962955588608,-1.9577791379008,0.));
#1993=CARTESIAN_POINT('',(-0.481890976217467,-1.957773584223,0.));
#1994=CARTESIAN_POINT('',(-0.481855310247533,-1.95776909926,0.));
#1995=CARTESIAN_POINT('',(-0.481783804828971,-1.95776104471533,0.));
#1996=CARTESIAN_POINT('',(-0.481747965380343,-1.95775747513366,0.));
#1997=CARTESIAN_POINT('',(-0.481676332966671,-1.95775009069433,0.));
#1998=CARTESIAN_POINT('',(-0.481640540001629,-1.95774627583667,0.));
#1999=CARTESIAN_POINT('',(-0.481568941616224,-1.95773871184301,0.));
#2000=CARTESIAN_POINT('',(-0.481533136195862,-1.957734962707,0.));
#2001=CARTESIAN_POINT('',(-0.481461528692538,-1.95772744682466,0.));
#2002=CARTESIAN_POINT('',(-0.481425726609576,-1.95772368007833,0.));
#2003=CARTESIAN_POINT('',(-0.481354121549433,-1.95771615130467,0.));
#2004=CARTESIAN_POINT('',(-0.481318318572253,-1.95771238927734,0.));
#2005=CARTESIAN_POINT('',(-0.481246712857391,-1.95770486395801,0.));
#2006=CARTESIAN_POINT('',(-0.481210910119709,-1.95770110066599,0.));
#2007=CARTESIAN_POINT('',(-0.48113930458028,-1.95769357442099,0.));
#2008=CARTESIAN_POINT('',(-0.481103501778533,-1.957689811468,0.));
#2009=CARTESIAN_POINT('',(-0.481031896192129,-1.95768228547134,0.));
#2010=CARTESIAN_POINT('',(-0.480996093407471,-1.95767852242766,0.));
#2011=CARTESIAN_POINT('',(-0.480924487833805,-1.95767099636333,0.));
#2012=CARTESIAN_POINT('',(-0.480888685044795,-1.95766723334267,0.));
#2013=CARTESIAN_POINT('',(-0.480817079467293,-1.957659707301,0.));
#2014=CARTESIAN_POINT('',(-0.4807812766788,-1.95765594428,0.));
#2015=CARTESIAN_POINT('',(-0.4807454738913,-1.957652181248,0.));
#2016=CARTESIAN_POINT('',(-0.4807454738913,-1.957652181248,0.));
#2017=CARTESIAN_POINT('',(-0.480775969933,-1.957654628989,0.));
#2018=CARTESIAN_POINT('',(-0.480805398066245,-1.95766577387524,0.));
#2019=CARTESIAN_POINT('',(-0.480862355165444,-1.95769397625998,0.));
#2020=CARTESIAN_POINT('',(-0.480889684879467,-1.9577113304633,0.));
#2021=CARTESIAN_POINT('',(-0.48096876327408,-1.95774759050024,0.));
#2022=CARTESIAN_POINT('',(-0.481024043241157,-1.95775880287331,0.));
#2023=CARTESIAN_POINT('',(-0.481129854289351,-1.95779661126249,0.));
#2024=CARTESIAN_POINT('',(-0.481180201229866,-1.95782364384953,0.));
#2025=CARTESIAN_POINT('',(-0.481305439527988,-1.95788310183169,0.));
#2026=CARTESIAN_POINT('',(-0.4813815053574,-1.95791278099757,0.));
#2027=CARTESIAN_POINT('',(-0.481549714552851,-1.95798278818487,0.));
#2028=CARTESIAN_POINT('',(-0.481641485187303,-1.95802398789631,0.));
#2029=CARTESIAN_POINT('',(-0.481848942279863,-1.95811328157156,0.));
#2030=CARTESIAN_POINT('',(-0.48196496622115,-1.95816058318397,0.));
#2031=CARTESIAN_POINT('',(-0.482231260769246,-1.95827159255066,0.));
#2032=CARTESIAN_POINT('',(-0.482381263836573,-1.95833593129058,0.));
#2033=CARTESIAN_POINT('',(-0.482715520500327,-1.95848101549024,0.));
#2034=CARTESIAN_POINT('',(-0.482899630718865,-1.95856209835388,0.));
#2035=CARTESIAN_POINT('',(-0.483321249037227,-1.95873958895959,0.));
#2036=CARTESIAN_POINT('',(-0.483559554901023,-1.95883410160329,0.));
#2037=CARTESIAN_POINT('',(-0.484098030936916,-1.95905690837678,0.));
#2038=CARTESIAN_POINT('',(-0.484397292074756,-1.95918737117153,0.));
#2039=CARTESIAN_POINT('',(-0.485072011553137,-1.9594776011083,0.));
#2040=CARTESIAN_POINT('',(-0.485447815373228,-1.95963654041245,0.));
#2041=CARTESIAN_POINT('',(-0.486296225825734,-1.95999856218671,0.));
#2042=CARTESIAN_POINT('',(-0.486768543022634,-1.96020235656151,0.));
#2043=CARTESIAN_POINT('',(-0.487832144307967,-1.96064114348591,0.));
#2044=CARTESIAN_POINT('',(-0.488425095188216,-1.96087208383919,0.));
#2045=CARTESIAN_POINT('',(-0.48975172197577,-1.96140579819891,0.));
#2046=CARTESIAN_POINT('',(-0.490483916821213,-1.96171220767536,0.));
#2047=CARTESIAN_POINT('',(-0.492125611744492,-1.9623789931131,0.));
#2048=CARTESIAN_POINT('',(-0.493036738347567,-1.96273534358696,0.));
#2049=CARTESIAN_POINT('',(-0.495058922849334,-1.96353196693009,0.));
#2050=CARTESIAN_POINT('',(-0.496169543135433,-1.96397333782196,0.));
#2051=CARTESIAN_POINT('',(-0.498632333982814,-1.96492465024385,0.));
#2052=CARTESIAN_POINT('',(-0.499986427377735,-1.9654296184469,0.));
#2053=CARTESIAN_POINT('',(-0.502953748662196,-1.96653557502868,0.));
#2054=CARTESIAN_POINT('',(-0.504566999760349,-1.96713645419434,0.));
#2055=CARTESIAN_POINT('',(-0.508085759600051,-1.96842489556003,0.));
#2056=CARTESIAN_POINT('',(-0.509992547189439,-1.96910901676243,0.));
#2057=CARTESIAN_POINT('',(-0.514118142097181,-1.97055159073955,0.));
#2058=CARTESIAN_POINT('',(-0.516338777475845,-1.97130477301842,0.));
#2059=CARTESIAN_POINT('',(-0.521070343266545,-1.97289525787273,0.));
#2060=CARTESIAN_POINT('',(-0.523581832712544,-1.97373090344193,0.));
#2061=CARTESIAN_POINT('',(-0.528896762199205,-1.97545031155803,0.));
#2062=CARTESIAN_POINT('',(-0.531701781649719,-1.97632917969265,0.));
#2063=CARTESIAN_POINT('',(-0.537531815384224,-1.9781444114311,0.));
#2064=CARTESIAN_POINT('',(-0.540557081779219,-1.97907997062631,0.));
#2065=CARTESIAN_POINT('',(-0.546774841450193,-1.98093602716189,0.));
#2066=CARTESIAN_POINT('',(-0.549968234084722,-1.98185351460273,0.));
#2067=CARTESIAN_POINT('',(-0.556424217960236,-1.9836962995618,0.));
#2068=CARTESIAN_POINT('',(-0.559686872250827,-1.98462136512384,0.));
#2069=CARTESIAN_POINT('',(-0.566192698351484,-1.9864349361558,0.));
#2070=CARTESIAN_POINT('',(-0.569435801891431,-1.98732368446857,0.));
#2071=CARTESIAN_POINT('',(-0.575801338467393,-1.98904509797111,0.));
#2072=CARTESIAN_POINT('',(-0.578923547365332,-1.98987859886375,0.));
#2073=CARTESIAN_POINT('',(-0.585268545786489,-1.99155957711177,0.));
#2074=CARTESIAN_POINT('',(-0.588491435144917,-1.99240667957438,0.));
#2075=CARTESIAN_POINT('',(-0.595421607294893,-1.99420311872858,0.));
#2076=CARTESIAN_POINT('',(-0.59912979116608,-1.99514896951963,0.));
#2077=CARTESIAN_POINT('',(-0.607091199635923,-1.99717990913351,0.));
#2078=CARTESIAN_POINT('',(-0.611344416184579,-1.99826502733954,0.));
#2079=CARTESIAN_POINT('',(-0.62045415023134,-2.00055872903094,0.));
#2080=CARTESIAN_POINT('',(-0.625311677747786,-2.00176330200291,0.));
#2081=CARTESIAN_POINT('',(-0.63568995223461,-2.00433599083859,0.));
#2082=CARTESIAN_POINT('',(-0.64121072571911,-2.00570398733136,0.));
#2083=CARTESIAN_POINT('',(-0.652990938046369,-2.00859903480415,0.));
#2084=CARTESIAN_POINT('',(-0.659251115916642,-2.01012308462744,0.));
#2085=CARTESIAN_POINT('',(-0.672555840105245,-2.01338892038955,0.));
#2086=CARTESIAN_POINT('',(-0.679599602047703,-2.01513389739207,0.));
#2087=CARTESIAN_POINT('',(-0.694532354126735,-2.01884636157636,0.));
#2088=CARTESIAN_POINT('',(-0.702420973417208,-2.02081533682228,0.));
#2089=CARTESIAN_POINT('',(-0.719101220489944,-2.02495811924427,0.));
#2090=CARTESIAN_POINT('',(-0.727893393600585,-2.02712972194602,0.));
#2091=CARTESIAN_POINT('',(-0.746395171719242,-2.03172224197453,0.));
#2092=CARTESIAN_POINT('',(-0.756104229206896,-2.03414540784271,0.));
#2093=CARTESIAN_POINT('',(-0.776495751859879,-2.03912477071137,0.));
#2094=CARTESIAN_POINT('',(-0.787180683035216,-2.04167084972157,0.));
#2095=CARTESIAN_POINT('',(-0.809487152931954,-2.04697654200426,0.));
#2096=CARTESIAN_POINT('',(-0.821108885053104,-2.04973535772917,0.));
#2097=CARTESIAN_POINT('',(-0.84530479967438,-2.05528114208134,0.));
#2098=CARTESIAN_POINT('',(-0.857882384414067,-2.05805343692425,0.));
#2099=CARTESIAN_POINT('',(-0.883939434071685,-2.06355393415779,0.));
#2100=CARTESIAN_POINT('',(-0.897422220854666,-2.06626639885986,0.));
#2101=CARTESIAN_POINT('',(-0.925197297008164,-2.0715534261785,0.));
#2102=CARTESIAN_POINT('',(-0.939492689547553,-2.07411179346526,0.));
#2103=CARTESIAN_POINT('',(-0.968788804341165,-2.07894778142231,0.));
#2104=CARTESIAN_POINT('',(-0.983792486546856,-2.08120773659607,0.));
#2105=CARTESIAN_POINT('',(-1.01436413211909,-2.0852549086706,0.));
#2106=CARTESIAN_POINT('',(-1.02993450473796,-2.08702425129458,0.));
#2107=CARTESIAN_POINT('',(-1.06145547292424,-2.08990766659635,0.));
#2108=CARTESIAN_POINT('',(-1.07740738946625,-2.09100776279399,0.));
#2109=CARTESIAN_POINT('',(-1.10948039851853,-2.09233757359503,0.));
#2110=CARTESIAN_POINT('',(-1.12560181092601,-2.09256012816821,0.));
#2111=CARTESIAN_POINT('',(-1.15775609752019,-2.09192869287534,0.));
#2112=CARTESIAN_POINT('',(-1.17378904021489,-2.09107960749927,0.));
#2113=CARTESIAN_POINT('',(-1.20546854306656,-2.08807565208349,0.));
#2114=CARTESIAN_POINT('',(-1.2211171078233,-2.08594261209683,0.));
#2115=CARTESIAN_POINT('',(-1.25172463045864,-2.08039164644928,0.));
#2116=CARTESIAN_POINT('',(-1.26669046232432,-2.07701254211313,0.));
#2117=CARTESIAN_POINT('',(-1.29562098042002,-2.06892269281112,0.));
#2118=CARTESIAN_POINT('',(-1.30960182578273,-2.06427012992379,0.));
#2119=CARTESIAN_POINT('',(-1.33632363856066,-2.05383509349905,0.));
#2120=CARTESIAN_POINT('',(-1.34909142367893,-2.04812278531701,0.));
#2121=CARTESIAN_POINT('',(-1.37314963695561,-2.03573653686618,0.));
#2122=CARTESIAN_POINT('',(-1.38448267033476,-2.02914260633137,0.));
#2123=CARTESIAN_POINT('',(-1.40599531284007,-2.01575297051276,0.));
#2124=CARTESIAN_POINT('',(-1.41620055578113,-2.0090025702484,0.));
#2125=CARTESIAN_POINT('',(-1.4346277612421,-1.994518680879,0.));
#2126=CARTESIAN_POINT('',(-1.44294203079318,-1.98690141405735,0.));
#2127=CARTESIAN_POINT('',(-1.45885314032026,-1.97236237567675,0.));
#2128=CARTESIAN_POINT('',(-1.4664487662728,-1.96543835588838,0.));
#2129=CARTESIAN_POINT('',(-1.47993364408676,-1.95125137269573,0.));
#2130=CARTESIAN_POINT('',(-1.48591587022793,-1.9440796845542,0.));
#2131=CARTESIAN_POINT('',(-1.49658013924274,-1.92993666273754,0.));
#2132=CARTESIAN_POINT('',(-1.50133241027265,-1.92301740000059,0.));
#2133=CARTESIAN_POINT('',(-1.50940120394999,-1.90934184980736,0.));
#2134=CARTESIAN_POINT('',(-1.51281655679201,-1.90264614578863,0.));
#2135=CARTESIAN_POINT('',(-1.51823547768277,-1.88955655147851,0.));
#2136=CARTESIAN_POINT('',(-1.52035353808936,-1.88321141314232,0.));
#2137=CARTESIAN_POINT('',(-1.5235110484348,-1.87026922058067,0.));
#2138=CARTESIAN_POINT('',(-1.52455171111311,-1.86367245828282,0.));
#2139=CARTESIAN_POINT('',(-1.52586260355894,-1.84982997102076,0.));
#2140=CARTESIAN_POINT('',(-1.52605721372797,-1.8425780955679,0.));
#2141=CARTESIAN_POINT('',(-1.52566227178908,-1.82749296982646,0.));
#2142=CARTESIAN_POINT('',(-1.52500509527424,-1.81966235238979,0.));
#2143=CARTESIAN_POINT('',(-1.52311940807629,-1.80340475686138,0.));
#2144=CARTESIAN_POINT('',(-1.52184746816895,-1.79498305330133,0.));
#2145=CARTESIAN_POINT('',(-1.51853277259737,-1.77758547731085,0.));
#2146=CARTESIAN_POINT('',(-1.51643553621931,-1.76862053611264,0.));
#2147=CARTESIAN_POINT('',(-1.51232326471883,-1.74990683049212,0.));
#2148=CARTESIAN_POINT('',(-1.51032865081675,-1.740153400043,0.));
#2149=CARTESIAN_POINT('',(-1.50530219982471,-1.72010645538022,0.));
#2150=CARTESIAN_POINT('',(-1.50220166135695,-1.70983006431285,0.));
#2151=CARTESIAN_POINT('',(-1.49570134102576,-1.68852282721316,0.));
#2152=CARTESIAN_POINT('',(-1.49229679260816,-1.67749431399217,0.));
#2153=CARTESIAN_POINT('',(-1.48479202644482,-1.65474937023839,0.));
#2154=CARTESIAN_POINT('',(-1.48065884443355,-1.64304306906417,0.));
#2155=CARTESIAN_POINT('',(-1.47134608477498,-1.61907921015436,0.));
#2156=CARTESIAN_POINT('',(-1.46611246970119,-1.60684295921383,0.));
#2157=CARTESIAN_POINT('',(-1.45491572311978,-1.58168725711688,0.));
#2158=CARTESIAN_POINT('',(-1.44892717002699,-1.56877936809749,0.));
#2159=CARTESIAN_POINT('',(-1.43594794542878,-1.54238244925113,0.));
#2160=CARTESIAN_POINT('',(-1.42891690028379,-1.5289131002279,0.));
#2161=CARTESIAN_POINT('',(-1.41384019823634,-1.50141869024011,0.));
#2162=CARTESIAN_POINT('',(-1.40575837315823,-1.48741356912901,0.));
#2163=CARTESIAN_POINT('',(-1.38847773427181,-1.45891303271894,0.));
#2164=CARTESIAN_POINT('',(-1.37924075522697,-1.44444082470162,0.));
#2165=CARTESIAN_POINT('',(-1.35972489639567,-1.41496346950868,0.));
#2166=CARTESIAN_POINT('',(-1.34941672661828,-1.39997788668514,0.));
#2167=CARTESIAN_POINT('',(-1.32779688036941,-1.36951271129871,0.));
#2168=CARTESIAN_POINT('',(-1.31646108648801,-1.35405027538728,0.));
#2169=CARTESIAN_POINT('',(-1.29279211904222,-1.32261985745851,0.));
#2170=CARTESIAN_POINT('',(-1.28043780853641,-1.30666784321248,0.));
#2171=CARTESIAN_POINT('',(-1.25435126603632,-1.2737896579073,0.));
#2172=CARTESIAN_POINT('',(-1.24058804726314,-1.25688811844035,0.));
#2173=CARTESIAN_POINT('',(-1.21208099414634,-1.22265101459439,0.));
#2174=CARTESIAN_POINT('',(-1.19732068470705,-1.20532919450983,0.));
#2175=CARTESIAN_POINT('',(-1.16686049865397,-1.17030551003729,0.));
#2176=CARTESIAN_POINT('',(-1.15114658875057,-1.1526158755461,0.));
#2177=CARTESIAN_POINT('',(-1.11884976595013,-1.11688540967789,0.));
#2178=CARTESIAN_POINT('',(-1.10225584528797,-1.09885454401416,0.));
#2179=CARTESIAN_POINT('',(-1.0682401988433,-1.06251271220174,0.));
#2180=CARTESIAN_POINT('',(-1.05080884895303,-1.0442107604822,0.));
#2181=CARTESIAN_POINT('',(-1.01522042253407,-1.00740763348846,0.));
#2182=CARTESIAN_POINT('',(-0.997056197807825,-0.988913381546784,0.));
#2183=CARTESIAN_POINT('',(-0.960086346462332,-0.951782465087903,0.));
#2184=CARTESIAN_POINT('',(-0.941275306524523,-0.933151194734445,0.));
#2185=CARTESIAN_POINT('',(-0.903101517086675,-0.895827254526455,0.));
#2186=CARTESIAN_POINT('',(-0.883734787501418,-0.877138658414976,0.));
#2187=CARTESIAN_POINT('',(-0.844562585465619,-0.839782892345829,0.));
#2188=CARTESIAN_POINT('',(-0.824754628253223,-0.82111832965668,0.));
#2189=CARTESIAN_POINT('',(-0.784807515006424,-0.783899240470028,0.));
#2190=CARTESIAN_POINT('',(-0.764667071212915,-0.765346096917998,0.));
#2191=CARTESIAN_POINT('',(-0.724175547616738,-0.728426280322145,0.));
#2192=CARTESIAN_POINT('',(-0.703824260663912,-0.710059834599929,0.));
#2193=CARTESIAN_POINT('',(-0.663020244619797,-0.673595109325406,0.));
#2194=CARTESIAN_POINT('',(-0.642568184106546,-0.655496081413494,0.));
#2195=CARTESIAN_POINT('',(-0.601681192833926,-0.619644853834419,0.));
#2196=CARTESIAN_POINT('',(-0.581247709766775,-0.60189100249648,0.));
#2197=CARTESIAN_POINT('',(-0.540509858799534,-0.566803591805346,0.));
#2198=CARTESIAN_POINT('',(-0.52020757701328,-0.549467609749159,0.));
#2199=CARTESIAN_POINT('',(-0.479839622354003,-0.515281861774147,0.));
#2200=CARTESIAN_POINT('',(-0.459776537482655,-0.498429039179289,0.));
#2201=CARTESIAN_POINT('',(-0.418989435976449,-0.464438436295801,0.));
#2202=CARTESIAN_POINT('',(-0.398261930542952,-0.447304843342052,0.));
#2203=CARTESIAN_POINT('',(-0.356533950547183,-0.413082418590279,0.));
#2204=CARTESIAN_POINT('',(-0.335532578163603,-0.395994681171654,0.));
#2205=CARTESIAN_POINT('',(-0.293605877955917,-0.36217608990887,0.));
#2206=CARTESIAN_POINT('',(-0.272682053138385,-0.345443372660308,0.));
#2207=CARTESIAN_POINT('',(-0.231309935514234,-0.312586449714797,0.));
#2208=CARTESIAN_POINT('',(-0.210864743778377,-0.296458329662129,0.));
#2209=CARTESIAN_POINT('',(-0.171225484778758,-0.26524761655435,0.));
#2210=CARTESIAN_POINT('',(-0.152033194802182,-0.250162759281814,0.));
#2211=CARTESIAN_POINT('',(-0.114564760863691,-0.220765593818539,0.));
#2212=CARTESIAN_POINT('',(-0.09628986663682,-0.206451693512195,0.));
#2213=CARTESIAN_POINT('',(-0.0610477362136931,-0.17885364821903,0.));
#2214=CARTESIAN_POINT('',(-0.0440806916657103,-0.165569257137614,0.));
#2215=CARTESIAN_POINT('',(-0.0116023674143029,-0.140162891918211,0.));
#2216=CARTESIAN_POINT('',(0.00390796243870406,-0.128039705850316,0.));
#2217=CARTESIAN_POINT('',(0.0334769443923398,-0.104856775855725,0.));
#2218=CARTESIAN_POINT('',(0.0475387585578883,-0.0938010671121119,0.));
#2219=CARTESIAN_POINT('',(0.0741457262451428,-0.0729538258875493,0.));
#2220=CARTESIAN_POINT('',(0.0866870416394759,-0.063157395449744,0.));
#2221=CARTESIAN_POINT('',(0.11028733158242,-0.0447436286682117,0.));
#2222=CARTESIAN_POINT('',(0.121345085167169,-0.0361247242205877,0.));
#2223=CARTESIAN_POINT('',(0.142068364985663,-0.0199871003847675,0.));
#2224=CARTESIAN_POINT('',(0.151732969436738,-0.0124671983353297,0.));
#2225=CARTESIAN_POINT('',(0.169771604206044,0.00155301913754326,0.));
#2226=CARTESIAN_POINT('',(0.178144632677036,0.00805462442838201,0.));
#2227=CARTESIAN_POINT('',(0.193722378434776,0.02014937682284,0.));
#2228=CARTESIAN_POINT('',(0.200927008982871,0.0257426341143323,0.));
#2229=CARTESIAN_POINT('',(0.214309458728838,0.0361018193793183,0.));
#2230=CARTESIAN_POINT('',(0.220485168430478,0.0408704710019975,0.));
#2231=CARTESIAN_POINT('',(0.231896459307607,0.0497176824953842,0.));
#2232=CARTESIAN_POINT('',(0.237134635732208,0.0537928911550476,0.));
#2233=CARTESIAN_POINT('',(0.246829147800521,0.0613003558062703,0.));
#2234=CARTESIAN_POINT('',(0.251282928972362,0.0647359138587801,0.));
#2235=CARTESIAN_POINT('',(0.259509007165179,0.0710631747434674,0.));
#2236=CARTESIAN_POINT('',(0.263279937444852,0.0739566398090837,0.));
#2237=CARTESIAN_POINT('',(0.270249074159935,0.0792469560554842,0.));
#2238=CARTESIAN_POINT('',(0.273442915357235,0.0816495546214886,0.));
#2239=CARTESIAN_POINT('',(0.279327355742385,0.0860556426954365,0.));
#2240=CARTESIAN_POINT('',(0.282016374622168,0.0880612431251834,0.));
#2241=CARTESIAN_POINT('',(0.286977753785472,0.0917191017859817,0.));
#2242=CARTESIAN_POINT('',(0.289246814383422,0.0933758178667775,0.));
#2243=CARTESIAN_POINT('',(0.293432621370157,0.0963989869314637,0.));
#2244=CARTESIAN_POINT('',(0.295346841296151,0.0977689501062997,0.));
#2245=CARTESIAN_POINT('',(0.298860648766934,0.100273449604636,0.));
#2246=CARTESIAN_POINT('',(0.300459424216924,0.101409115816289,0.));
#2247=CARTESIAN_POINT('',(0.303405443460236,0.103476754488165,0.));
#2248=CARTESIAN_POINT('',(0.304750762032706,0.104411479061014,0.));
#2249=CARTESIAN_POINT('',(0.307211455471025,0.106126902426804,0.));
#2250=CARTESIAN_POINT('',(0.308327274671204,0.106906940304518,0.));
#2251=CARTESIAN_POINT('',(0.310389923529307,0.108313763605755,0.));
#2252=CARTESIAN_POINT('',(0.311334061188719,0.108944495919056,0.));
#2253=CARTESIAN_POINT('',(0.313056190383554,0.110111485136193,0.));
#2254=CARTESIAN_POINT('',(0.313835468552232,0.110645828778141,0.));
#2255=CARTESIAN_POINT('',(0.315276281988001,0.111600483597199,0.));
#2256=CARTESIAN_POINT('',(0.315935216724662,0.11202469372064,0.));
#2257=CARTESIAN_POINT('',(0.31712906146086,0.112822374807433,0.));
#2258=CARTESIAN_POINT('',(0.317666245522556,0.11319243070478,0.));
#2259=CARTESIAN_POINT('',(0.318658423824623,0.113852301908212,0.));
#2260=CARTESIAN_POINT('',(0.319111554274799,0.11414492101401,0.));
#2261=CARTESIAN_POINT('',(0.31994269183097,0.11468313055159,0.));
#2262=CARTESIAN_POINT('',(0.320320816632055,0.114928553322338,0.));
#2263=CARTESIAN_POINT('',(0.321010957931312,0.115373442078616,0.));
#2264=CARTESIAN_POINT('',(0.321322722416076,0.115573288944189,0.));
#2265=CARTESIAN_POINT('',(0.321891287528587,0.115949226826224,0.));
#2266=CARTESIAN_POINT('',(0.322148931636897,0.116124030041529,0.));
#2267=CARTESIAN_POINT('',(0.322623625875545,0.116432651881148,0.));
#2268=CARTESIAN_POINT('',(0.322839574604451,0.116568158502114,0.));
#2269=CARTESIAN_POINT('',(0.323235347383662,0.116820850631807,0.));
#2270=CARTESIAN_POINT('',(0.323415491567259,0.116937550666316,0.));
#2271=CARTESIAN_POINT('',(0.323744771218225,0.117144926519788,0.));
#2272=CARTESIAN_POINT('',(0.323893387625946,0.117236379143585,0.));
#2273=CARTESIAN_POINT('',(0.324162928660959,0.117417417329888,0.));
#2274=CARTESIAN_POINT('',(0.324284845671154,0.11750552097314,0.));
#2275=CARTESIAN_POINT('',(0.324509410479928,0.117657503381672,0.));
#2276=CARTESIAN_POINT('',(0.324611124545258,0.117722735856672,0.));
#2277=CARTESIAN_POINT('',(0.324799863415426,0.117835834835796,0.));
#2278=CARTESIAN_POINT('',(0.324886291416426,0.117884728699176,0.));
#2279=CARTESIAN_POINT('',(0.325040316939425,0.11798330618414,0.));
#2280=CARTESIAN_POINT('',(0.3251087083208,0.1180315997907,0.));
#2281=CARTESIAN_POINT('',(0.3251716801595,0.1180862124955,0.));
#2282=(
GEOMETRIC_REPRESENTATION_CONTEXT(3)
GLOBAL_UNCERTAINTY_ASSIGNED_CONTEXT((#2283))
GLOBAL_UNIT_ASSIGNED_CONTEXT((#2288,#2285,#2284))
REPRESENTATION_CONTEXT('2010_30p30n_thik_te_igs',
'TOP_LEVEL_ASSEMBLY_PART')
);
#2283=UNCERTAINTY_MEASURE_WITH_UNIT(LENGTH_MEASURE(7.8740157480315E-007),
#2288,'DISTANCE_ACCURACY_VALUE','Maximum Tolerance applied to model');
#2284=(
NAMED_UNIT(*)
SI_UNIT($,.STERADIAN.)
SOLID_ANGLE_UNIT()
);
#2285=(
CONVERSION_BASED_UNIT('DEGREE',#2286)
NAMED_UNIT(#2290)
PLANE_ANGLE_UNIT()
);
#2286=PLANE_ANGLE_MEASURE_WITH_UNIT(PLANE_ANGLE_MEASURE(0.0174532925),#2287);
#2287=(
NAMED_UNIT(*)
PLANE_ANGLE_UNIT()
SI_UNIT($,.RADIAN.)
);
#2288=(
CONVERSION_BASED_UNIT('INCH',#2291)
LENGTH_UNIT()
NAMED_UNIT(#2289)
);
#2289=DIMENSIONAL_EXPONENTS(1.,0.,0.,0.,0.,0.,0.);
#2290=DIMENSIONAL_EXPONENTS(0.,0.,0.,0.,0.,0.,0.);
#2291=LENGTH_MEASURE_WITH_UNIT(LENGTH_MEASURE(25.4),#2292);
#2292=(
LENGTH_UNIT()
NAMED_UNIT(*)
SI_UNIT(.MILLI.,.METRE.)
);
ENDSEC;
END-ISO-10303-21;
