$MeshFormat
2.2 0 8
$EndMeshFormat
$PhysicalNames
5
1 1 "inlet"
1 2 "outlet"
1 3 "far-field"
1 4 "airfoil"
2 5 "fluid"
$EndPhysicalNames
$Nodes
7727
1 0 0 0
2 20 0 0
3 20 16 0
4 0 16 0
5 6 8 0
6 7 8 0
7 0.399999999999712 0 0
8 0.7999999999993355 0 0
9 1.199999999998937 0 0
10 1.599999999998657 0 0
11 1.999999999998378 0 0
12 2.399999999998068 0 0
13 2.799999999997153 0 0
14 3.199999999995986 0 0
15 3.599999999994818 0 0
16 3.99999999999365 0 0
17 4.399999999992483 0 0
18 4.799999999991316 0 0
19 5.199999999990148 0 0
20 5.599999999988981 0 0
21 5.999999999987812 0 0
22 6.399999999986646 0 0
23 6.799999999985476 0 0
24 7.199999999984311 0 0
25 7.599999999983142 0 0
26 7.999999999982044 0 0
27 8.399999999982375 0 0
28 8.799999999982983 0 0
29 9.199999999983589 0 0
30 9.599999999984199 0 0
31 9.999999999984805 0 0
32 10.39999999998541 0 0
33 10.79999999998602 0 0
34 11.19999999998663 0 0
35 11.59999999998724 0 0
36 11.99999999998784 0 0
37 12.39999999998845 0 0
38 12.79999999998906 0 0
39 13.19999999998967 0 0
40 13.59999999999028 0 0
41 13.99999999999088 0 0
42 14.39999999999149 0 0
43 14.7999999999921 0 0
44 15.19999999999271 0 0
45 15.59999999999332 0 0
46 15.99999999999392 0 0
47 16.39999999999453 0 0
48 16.79999999999514 0 0
49 17.19999999999575 0 0
50 17.59999999999635 0 0
51 17.99999999999696 0 0
52 18.39999999999757 0 0
53 18.79999999999817 0 0
54 19.19999999999878 0 0
55 19.59999999999939 0 0
56 20 0.3999999999992459 0
57 20 0.7999999999983948 0
58 20 1.199999999997646 0
59 20 1.599999999997035 0
60 20 1.99999999999638 0
61 20 2.399999999995258 0
62 20 2.799999999994092 0
63 20 3.199999999992926 0
64 20 3.599999999991761 0
65 20 3.999999999990595 0
66 20 4.399999999989428 0
67 20 4.799999999988263 0
68 20 5.199999999987097 0
69 20 5.599999999985931 0
70 20 5.999999999984765 0
71 20 6.399999999983599 0
72 20 6.799999999982433 0
73 20 7.199999999981268 0
74 20 7.599999999980102 0
75 20 7.999999999979108 0
76 20 8.399999999979988 0
77 20 8.799999999981042 0
78 20 9.199999999982095 0
79 20 9.599999999983149 0
80 20 9.999999999984201 0
81 20 10.39999999998525 0
82 20 10.79999999998631 0
83 20 11.19999999998736 0
84 20 11.59999999998842 0
85 20 11.99999999998947 0
86 20 12.39999999999052 0
87 20 12.79999999999157 0
88 20 13.19999999999263 0
89 20 13.59999999999368 0
90 20 13.99999999999473 0
91 20 14.39999999999579 0
92 20 14.79999999999684 0
93 20 15.19999999999789 0
94 20 15.59999999999895 0
95 19.6 16 0
96 19.2 16 0
97 18.8 16 0
98 18.4 16 0
99 18 16 0
100 17.6 16 0
101 17.2 16 0
102 16.8 16 0
103 16.4 16 0
104 15.99999999999999 16 0
105 15.59999999999999 16 0
106 15.19999999999999 16 0
107 14.79999999999999 16 0
108 14.39999999999999 16 0
109 13.99999999999999 16 0
110 13.59999999999999 16 0
111 13.19999999999999 16 0
112 12.79999999999999 16 0
113 12.39999999999999 16 0
114 11.99999999999999 16 0
115 11.59999999999999 16 0
116 11.19999999999999 16 0
117 10.79999999999999 16 0
118 10.39999999999999 16 0
119 9.999999999999991 16 0
120 9.599999999999991 16 0
121 9.199999999999992 16 0
122 8.799999999999992 16 0
123 8.399999999999991 16 0
124 7.999999999999993 16 0
125 7.599999999999994 16 0
126 7.199999999999992 16 0
127 6.799999999999994 16 0
128 6.399999999999995 16 0
129 5.999999999999995 16 0
130 5.599999999999994 16 0
131 5.199999999999994 16 0
132 4.799999999999995 16 0
133 4.399999999999995 16 0
134 3.999999999999996 16 0
135 3.599999999999998 16 0
136 3.199999999999996 16 0
137 2.799999999999997 16 0
138 2.399999999999999 16 0
139 1.999999999999996 16 0
140 1.599999999999998 16 0
141 1.200000000000003 16 0
142 0.7999999999999972 16 0
143 0.3999999999999986 16 0
144 0 15.59999999999833 0
145 0 15.19999999999667 0
146 0 14.799999999995 0
147 0 14.39999999999334 0
148 0 13.99999999999202 0
149 0 13.59999999999445 0
150 0 13.19999999999722 0
151 0 12.8 0
152 0 12.40000000000277 0
153 0 12.00000000000555 0
154 0 11.60000000000832 0
155 0 11.20000000001109 0
156 0 10.80000000001387 0
157 0 10.40000000001664 0
158 0 10.00000000001942 0
159 0 9.60000000002219 0
160 0 9.200000000024964 0
161 0 8.800000000027737 0
162 0 8.400000000030513 0
163 0 8.000000000032939 0
164 0 7.600000000031622 0
165 0 7.200000000029958 0
166 0 6.800000000028295 0
167 0 6.40000000002663 0
168 0 6.000000000024965 0
169 0 5.600000000023302 0
170 0 5.200000000021635 0
171 0 4.800000000019972 0
172 0 4.400000000018307 0
173 0 4.000000000016644 0
174 0 3.60000000001498 0
175 0 3.200000000013315 0
176 0 2.80000000001165 0
177 0 2.400000000009985 0
178 0 2.000000000008322 0
179 0 1.600000000006656 0
180 0 1.200000000004994 0
181 0 0.8000000000033278 0
182 0 0.4000000000016648 0
183 6.992115042345229 8.001140237677365 0
184 6.984228449489777 8.002269164040873 0
185 6.976340262432863 8.003386941935039 0
186 6.968450533219866 8.004493733048918 0
187 6.960559295241068 8.005589721824704 0
188 6.952666584850382 8.006675051933254 0
189 6.944772436402334 8.007749876062846 0
190 6.936876884673287 8.008814351866926 0
191 6.928979962234515 8.009868589401165 0
192 6.921081697980357 8.010912744636265 0
193 6.913182124861979 8.01194693627207 0
194 6.905281268056426 8.012971293650379 0
195 6.89737915634012 8.013985905267832 0
196 6.88947581586859 8.014990915111886 0
197 6.881571272211497 8.015986405005755 0
198 6.873665543924478 8.016972459459312 0
199 6.86575865925997 8.017949180075039 0
200 6.857850636648287 8.018916655073662 0
201 6.849941496046172 8.019874953899146 0
202 6.842031258350038 8.020824142387394 0
203 6.834119940619257 8.021764281822211 0
204 6.82620755813482 8.02269542770172 0
205 6.818294127715964 8.023617628734154 0
206 6.810379665462977 8.024530926733831 0
207 6.802464185424538 8.025435356550284 0
208 6.794547699970441 8.026330945893472 0
209 6.786630221396418 8.027217715083118 0
210 6.778711761692353 8.028095677045018 0
211 6.770792330543655 8.02896483751578 0
212 6.762871937712974 8.029825194767852 0
213 6.754950594346287 8.030676739467019 0
214 6.74702830494877 8.03151945552457 0
215 6.739105080552587 8.032353318674367 0
216 6.731180925288609 8.033178297890887 0
217 6.72325584577219 8.033994354377784 0
218 6.715329848163437 8.034801441867348 0
219 6.707402937330045 8.035599506688277 0
220 6.699475117379945 8.036388487690667 0
221 6.691546391810598 8.037168315996954 0
222 6.683616762386225 8.03793890641556 0
223 6.675686232333402 8.038700168191646 0
224 6.667754804109047 8.039452006879333 0
225 6.659822477990104 8.040194320337443 0
226 6.651889256344913 8.040926998278184 0
227 6.643955139450711 8.041649922600493 0
228 6.636020128893615 8.042362966518862 0
229 6.628084223282154 8.043065978988157 0
230 6.620147422575901 8.043758806501636 0
231 6.612209725652662 8.044441294577721 0
232 6.604271132277824 8.045113280027458 0
233 6.596331643082152 8.045774590806579 0
234 6.58839125703932 8.046425044644604 0
235 6.580449971793503 8.047064426856583 0
236 6.57250778601742 8.047692526336615 0
237 6.564564699811979 8.048309130581295 0
238 6.556620712653667 8.048914017277035 0
239 6.548675824857009 8.049506953852106 0
240 6.540730035159286 8.050087683486549 0
241 6.532783342626545 8.050655924055881 0
242 6.524835748247829 8.051211407150321 0
243 6.51688725349835 8.051753853525803 0
244 6.508937860462108 8.052282971914101 0
245 6.500987571336828 8.052798452218861 0
246 6.493036387690161 8.05329994359416 0
247 6.48508431352245 8.053787109676389 0
248 6.477131354298795 8.054259605150556 0
249 6.469177516431144 8.054717070147964 0
250 6.461222807466187 8.055159128102558 0
251 6.453267234773334 8.055585357298336 0
252 6.445310807895089 8.05599533796704 0
253 6.437353539936139 8.056388645920181 0
254 6.429395444386393 8.056764839015459 0
255 6.421436537537674 8.057123456039383 0
256 6.413476837194381 8.057464002996065 0
257 6.4055163625365 8.057785953049997 0
258 6.397555138390124 8.058088784355576 0
259 6.389593190529038 8.058371953170376 0
260 6.381630548830822 8.058634891615988 0
261 6.373667247559765 8.058877006309858 0
262 6.365703322241523 8.05909766375888 0
263 6.357738814971327 8.059296201730325 0
264 6.349773773164625 8.059471946413378 0
265 6.34180824675894 8.059624192602506 0
266 6.333842294351316 8.059752201546624 0
267 6.32587598026644 8.059855198901861 0
268 6.317909373925232 8.059932372295984 0
269 6.309942553095568 8.059982859777026 0
270 6.301975606382105 8.060005762960287 0
271 6.294008629703305 8.060000144100014 0
272 6.286041727798839 8.059965015439563 0
273 6.278075019970085 8.059899335285319 0
274 6.270108635307518 8.05980200355849 0
275 6.262142720455912 8.059671856864025 0
276 6.254177435010882 8.059507662762895 0
277 6.246212957524381 8.059308113375796 0
278 6.238249486077667 8.059071817976566 0
279 6.230287241273731 8.058797294509107 0
280 6.22232646940282 8.05848295974976 0
281 6.214367446564883 8.058127117977893 0
282 6.206410478985484 8.057727947898407 0
283 6.198455914096508 8.057283486905838 0
284 6.190504141192867 8.056791612706153 0
285 6.182555599794915 8.056250022115897 0
286 6.174610791668592 8.055656205987848 0
287 6.166670285547046 8.055007418174071 0
288 6.158734733890561 8.054300639421516 0
289 6.15080488444374 8.053532532887093 0
290 6.142881606638372 8.052699390954984 0
291 6.134965912041323 8.051797068662042 0
292 6.127058989775482 8.050820901803803 0
293 6.119162243283633 8.049765601191323 0
294 6.111277355293518 8.048625107689814 0
295 6.103406359656494 8.047392440992226 0
296 6.095551738553379 8.046059474130088 0
297 6.087716572950056 8.044616602054933 0
298 6.079904752499797 8.043052354038952 0
299 6.072121261246818 8.041352854636104 0
300 6.064372652361318 8.039500938584 0
301 6.056667744468299 8.037475081101009 0
302 6.049018782508953 8.035247540076931 0
303 6.041443433936978 8.03278163849647 0
304 6.033968355891204 8.030027285667913 0
305 6.026636230214025 8.026913355665606 0
306 6.019520521996935 8.023334103916191 0
307 6.012761079145794 8.01912483647482 0
308 6.006656524854976 8.014021472788073 0
309 6.001917867702894 8.007655601047265 0
310 6.001917867770332 7.992344398820732 0
311 6.006656525050602 7.985978527013693 0
312 6.012761079461416 7.980875163301855 0
313 6.019520595878517 7.976665855163382 0
314 6.026636230688862 7.973086644116315 0
315 6.033968360395862 7.969972712557612 0
316 6.041443434345891 7.967218361362334 0
317 6.049018782945214 7.964752459789043 0
318 6.056667737803408 7.962524920740225 0
319 6.064372652839881 7.960499061296193 0
320 6.072121261735663 7.958647145252336 0
321 6.079904753070879 7.956947645841734 0
322 6.087716573601703 7.955383397820015 0
323 6.095551739269517 7.953940525743384 0
324 6.10340636052765 7.952607558865814 0
325 6.111277356136131 7.951374892183409 0
326 6.119162243527384 7.950234398774793 0
327 6.127058989178839 7.949179098272819 0
328 6.13496591302389 7.94820293122141 0
329 6.142881607602655 7.94730060893945 0
330 6.150804885429043 7.946467467013466 0
331 6.158734734153406 7.94569936055407 0
332 6.166670286596212 7.944992581736416 0
333 6.174610792750438 7.944343793927592 0
334 6.182555600895924 7.943749977805507 0
335 6.190504142361971 7.943208387217919 0
336 6.198455914921076 7.94271651304566 0
337 6.206410480255261 7.942272052034323 0
338 6.214367447914601 7.941872881958131 0
339 6.222326470744626 7.941517040193797 0
340 6.230287243590959 7.941202705405269 0
341 6.238249487533743 7.940928181976773 0
342 6.246212959048529 7.940691886582541 0
343 6.254177436616517 7.940492337200485 0
344 6.262142722066525 7.940328143106262 0
345 6.27010863696982 7.940197996417824 0
346 6.278075021686291 7.940100664697171 0
347 6.28604172953106 7.940034984549524 0
348 6.294008630604056 7.939999855897706 0
349 6.301975608246673 7.939994237041777 0
350 6.309942555897473 7.940017140235925 0
351 6.31790937589867 7.940067627719844 0
352 6.325875982313037 7.940144801121308 0
353 6.333842296376632 7.940247798482776 0
354 6.341808248897498 7.940375807435157 0
355 6.349773774632183 7.940528053616865 0
356 6.357738817151223 7.940703798320932 0
357 6.365703324489216 7.940902336300298 0
358 6.373667249851578 7.941122993756737 0
359 6.381630551684459 7.941365108474538 0
360 6.389593192947496 7.941628046912601 0
361 6.397555140790179 7.941911215732794 0
362 6.405516365419704 7.942214047063187 0
363 6.413476839698035 7.942535997108139 0
364 6.421436540045542 7.942876544070766 0
365 6.429395447035326 7.943235161106854 0
366 6.437353542529815 7.94361135420526 0
367 6.445310810820366 7.944004662180665 0
368 6.453267237385177 7.944414642838948 0
369 6.461222810246443 7.944840872049173 0
370 6.469177519361091 7.945282930017718 0
371 6.477131357233517 7.94574039502105 0
372 6.48508431656215 7.946212890507058 0
373 6.493036390745377 7.946700056595803 0
374 6.500987574440175 7.947201547979613 0
375 6.508937863486388 7.947717028284592 0
376 6.516887256489036 7.948246146675805 0
377 6.524835751167635 7.948788593051383 0
378 6.532783345521628 7.949344076148829 0
379 6.540730037853762 7.949912316708261 0
380 6.54867582760126 7.950493046350575 0
381 6.556620715452844 7.951085982934006 0
382 6.5645647026479 7.951690869636774 0
383 6.572507788661953 7.952307473870629 0
384 6.580449974275536 7.952935573341494 0
385 6.588391259475214 7.95357495555322 0
386 6.59633164554723 7.954225409397053 0
387 6.604271135140957 7.954886720212981 0
388 6.612209727597779 7.955558705588246 0
389 6.620147424981041 7.956241193706756 0
390 6.62808422565841 7.956934021220817 0
391 6.636020131405927 7.957637033705283 0
392 6.643955141670594 7.958350077600381 0
393 6.651889258546515 7.959073001923793 0
394 6.659822480096238 7.959805679858374 0
395 6.667754806209788 7.960547993318544 0
396 6.675686235057995 7.961299832068269 0
397 6.683616764382053 7.962061093777208 0
398 6.691546393221137 7.962831684140942 0
399 6.69947511893044 7.963611512462731 0
400 6.707402939758804 7.964400493554843 0
401 6.715329850117614 7.965198558330527 0
402 6.72325584750759 7.966005645799929 0
403 6.731180926352292 7.966821702219254 0
404 6.73910508217367 7.967646681495327 0
405 6.747028306475833 7.96848054463701 0
406 6.754950595855597 7.96932326069438 0
407 6.762871939411427 7.970174805415689 0
408 6.770792331481343 7.971035162586602 0
409 6.778711763169492 7.971904323117926 0
410 6.786630222195974 7.972782285005978 0
411 6.794547701336358 7.973669054260276 0
412 6.80246418673403 7.97456464359859 0
413 6.810379667616543 7.975469073513451 0
414 6.81829412934196 7.976382371454402 0
415 6.826207559209253 7.977304572424103 0
416 6.834119941721331 7.978235718308119 0
417 6.842031260376023 7.979175857854544 0
418 6.849941497053408 7.98012504622231 0
419 6.857850637654116 7.981083345048803 0
420 6.865758659139686 7.982050819910172 0
421 6.873665545399817 7.9830275407238 0
422 6.881571273015254 7.984013595094982 0
423 6.889475816672941 7.985009084989908 0
424 6.897379157119885 7.9860140948318 0
425 6.90528126887325 7.987028706455005 0
426 6.913182125637301 7.988053063828946 0
427 6.921081698651777 7.989087255452059 0
428 6.928979962899037 7.990131410687122 0
429 6.936876885294541 7.991185648216415 0
430 6.94477243696337 7.992250124013163 0
431 6.952666589011645 7.99332494863615 0
432 6.960559295636645 7.994410278229962 0
433 6.968450533573044 7.995506267000378 0
434 6.976340262702172 7.996613058102932 0
435 6.984228444037179 7.997730835182583 0
436 6.992115037072473 7.99885976156409 0
437 6.926164164817604 7.983090322783207 0
438 6.744107495193393 7.962402744348635 0
439 6.569160631039288 7.944904457187815 0
440 6.457550314777691 7.938339585361309 0
441 6.656490387025513 7.952568969495173 0
442 6.840044367329503 7.972084548851756 0
443 6.925051529520305 8.017622621717221 0
444 6.743001276624874 8.038175315489093 0
445 6.568828459706401 8.055118237536451 0
446 6.458127673608524 8.062149115660681 0
447 6.656406358343517 8.047590873290195 0
448 6.839109500717343 8.027672521652123 0
449 19.67901875965538 6.598368179236834 0
450 19.65534317144835 9.399648178104155 0
451 13.00407795283867 15.65567096560776 0
452 12.99999999998936 0.3464101615143003 0
453 11.04077941800519 15.61914194628396 0
454 11.03125095042835 0.3714191818213294 0
455 9.004458286625471 15.63657947952315 0
456 9.001576928878071 0.4141808376755926 0
457 4.173756177193524 0.3860988486984631 0
458 4.174274764542525 15.61451712920291 0
459 6.964724523196873 0.3830669026959019 0
460 6.962683308720153 15.61607977574244 0
461 0.3468855204188607 11.40005343523089 0
462 0.3464108769302972 4.599998194545937 0
463 15.0100125001105 15.65937055812028 0
464 15.01001250010404 0.3406294418794272 0
465 0.3468703633545843 9.800047716441242 0
466 0.3464178163736779 6.200002049998615 0
467 0.3465165025325387 8.200018206422287 0
468 19.67321121311359 11.39741543914569 0
469 19.6729203908819 4.599980208658923 0
470 16.6077907211793 15.6385250599438 0
471 16.59905946830622 0.3325622182857735 0
472 0.3463823959295385 13.0000675908439 0
473 0.3464107759472407 2.999920114849674 0
474 19.67398094952676 12.99926074669576 0
475 19.67807060666403 2.999003763126179 0
476 2.59999999999761 0.3464101615128739 0
477 2.599999999999998 15.65358983848623 0
478 19.66570265713912 8.198833517364111 0
479 5.461647904278592 15.61967288653437 0
480 5.78692307079241 0.3570705797000445 0
481 17.8 15.65358983848623 0
482 17.79999999999665 0.3464101615143003 0
483 0.3458688142920953 14.20097972418483 0
484 0.3457324398854532 1.799679939037579 0
485 19.67877245241252 1.799467102412902 0
486 19.67225764385196 14.20006921411828 0
487 1.387916358659994 15.64502965982758 0
488 1.396545321655383 0.3577469327815391 0
489 0.3464548126622606 7.400012008055005 0
490 8.184639253959434 0.3501884472384301 0
491 0.3464115479524199 5.40000010899187 0
492 0.346412817731831 3.799984052293675 0
493 19.6743528355068 12.19824803443628 0
494 19.66180497536926 10.19444181510197 0
495 18.64937262935345 0.3803464626414699 0
496 10.21891343038637 0.3012872040641973 0
497 13.79607719632777 0.3325266560515028 0
498 12.20796058988545 0.3491495569825759 0
499 15.7999999999935 0.3380579035269454 0
500 15.85893185754971 15.62128072091398 0
501 13.82964333018976 15.61739322745777 0
502 18.64937262934689 15.61965353737684 0
503 7.799999999999994 15.65358983848623 0
504 10.19999999999999 15.65358983848623 0
505 11.76671858814182 15.61306428892977 0
506 6.210453960878 15.63689899289889 0
507 3.432018705372969 15.61643607752626 0
508 19.67404923491249 3.799758187985315 0
509 19.67286925234199 7.400639095623177 0
510 4.999999999990732 0.3464101615127635 0
511 19.67550888120099 5.39956404536506 0
512 3.432657341116141 0.3864538168248819 0
513 0.3469734936309614 10.60006032751927 0
514 0.3466667502219108 9.000029222024178 0
515 0.3466274583538637 12.20003894462366 0
516 19.68034673706152 0.9999701314404571 0
517 19.67914043870226 14.99995949790902 0
518 0.3398308689314968 15.00405457347539 0
519 0.3394658790449013 1.000804712134702 0
520 0.6367302476267414 0.3622788989750965 0
521 0.6506946099115787 15.64964738499635 0
522 19.38351568785216 15.64240275925298 0
523 19.38351566341251 0.3575972396061358 0
524 0.3461087457755652 13.80057795701759 0
525 0.6920172136685043 14.00158360204178 0
526 0.6904473319754797 14.40424881039566 0
527 1.036911362679128 14.20434645719164 0
528 1.038199918380355 13.80195836814321 0
529 1.384151139459832 14.00279089272797 0
530 1.384923685308683 13.60137681709561 0
531 1.731320123912882 13.80137930618772 0
532 1.731711104617658 13.40072452565612 0
533 2.07822452706804 13.60061277006409 0
534 2.078585324818487 13.20037948420042 0
535 2.425020257743624 13.40031981579939 0
536 2.425677942737082 13.00024489697472 0
537 2.771874181289519 13.20018405851049 0
538 2.772759277346482 12.80016484823237 0
539 3.118825124291598 13.00008060283245 0
540 3.121462220397971 12.60008641004269 0
541 3.46846212073626 12.79996806612382 0
542 3.474104328810923 12.39982002434947 0
543 3.820074189575403 12.59973103949899 0
544 3.827490665935683 12.1992809831938 0
545 4.171279832633331 12.39944487406165 0
546 4.180296497548087 11.99878675080302 0
547 6.289974025142619 8.066817429265726 0
548 6.369858331332911 8.065480558435933 0
549 4.521521853902644 12.19908172378095 0
550 4.530847918448799 11.79785718033047 0
551 4.869948953968533 11.99820177924526 0
552 4.879073835924293 11.59572232017954 0
553 5.216258879296211 11.79739572644797 0
554 5.225164469015938 11.39426704487641 0
555 5.559568673543342 11.59719341339965 0
556 4.891368401008044 11.19103236914788 0
557 5.566492822117855 11.19296774576744 0
558 5.898312316113505 11.39938616957738 0
559 5.904897913457017 10.99554104508129 0
560 6.237475973515495 11.20104162290543 0
561 6.235277637747289 10.80303280019686 0
562 6.577855809065525 11.00266982941383 0
563 5.917791659553975 10.59485670354926 0
564 6.170830270921501 8.061700809576276 0
565 6.225904339834435 8.06491920578968 0
566 6.137707010528339 8.058769876816875 0
567 6.581291467954978 11.401196534829 0
568 6.924323159297786 11.20153681215957 0
569 6.918270773154476 10.80251858939015 0
570 7.269372952240177 11.00139642860096 0
571 7.263359294367303 10.60237357005478 0
572 7.61322632797008 10.79982760360453 0
573 7.606304012569692 10.40078447339743 0
574 7.958423296480813 10.59556632280636 0
575 7.951521004219581 10.18851368153118 0
576 8.303345783911857 10.38639416898211 0
577 8.296540936881863 9.968313455154119 0
578 8.651644877494485 10.18138432551354 0
579 8.652369229329617 9.770879607140486 0
580 9.001441749758673 9.982830518908752 0
581 9.002613026841278 9.57799270035232 0
582 9.350033647246898 9.786692263238592 0
583 9.350533522770492 9.384723469268017 0
584 9.697723678261186 9.590936178907191 0
585 9.697888215280592 9.19043628196841 0
586 10.04502021060765 9.394910392974779 0
587 10.04525297540745 8.99547732569677 0
588 10.39209986430565 9.198340236498666 0
589 10.39235085586214 8.799013030443648 0
590 10.73868326308981 8.999299742271049 0
591 10.7387133168042 8.599317883070093 0
592 11.08513468366693 8.799690668470525 0
593 11.08512089829101 8.399646229570303 0
594 10.73861574918653 8.199256118951288 0
595 11.43153917670558 8.599815898878452 0
596 11.43153897268502 8.199843447119759 0
597 11.77794984838052 8.399922776076387 0
598 11.77794782016999 7.999945366222052 0
599 12.1243571741275 8.199967836073162 0
600 12.12435578911295 7.799992030923825 0
601 12.12435742563445 8.599954220209632 0
602 12.47076650230921 8.399982482314005 0
603 12.4707664505879 8.799976757524107 0
604 12.81717623605422 8.599991321493544 0
605 12.8171761716084 8.999989252882061 0
606 13.1635862236048 8.799996069185818 0
607 13.16358618635226 9.199995682308739 0
608 10.04482438639332 9.795002825671467 0
609 13.50999632281488 8.999998383865192 0
610 13.50999629854783 8.599999992214492 0
611 13.50999630694769 9.399998435671389 0
612 13.85640646042805 8.799999641907885 0
613 13.85640645767446 8.399999931201334 0
614 9.697634463025373 8.790772422436698 0
615 14.20281661546112 8.599999989255682 0
616 14.2028166163325 8.199999990563754 0
617 8.654005726883835 10.58985271088572 0
618 14.54922674680439 8.399999980739864 0
619 14.54922676335437 7.999999987615313 0
620 13.16358611816472 9.599996854294449 0
621 13.50999628809844 9.79999884605056 0
622 13.16358608830612 9.999998087667439 0
623 13.50999629685317 10.19999925850762 0
624 13.16358612604047 10.39999903553842 0
625 13.50999637504551 10.59999955415062 0
626 13.16358637866077 10.79999921542868 0
627 13.5099967732195 10.99999907951219 0
628 13.85640664445997 10.79999958836373 0
629 13.16358691905308 11.19999834912502 0
630 14.89563689184 8.19999997411103 0
631 14.89563690859169 7.799999978088318 0
632 13.85640684453028 11.19999937728514 0
633 14.20281678343453 10.99999970845533 0
634 7.272085512824773 11.40067993767846 0
635 14.20281699963765 11.39999939535691 0
636 14.54922690064862 11.19999977224427 0
637 14.54922676014319 7.599999985663418 0
638 14.89563473681562 7.399998619130106 0
639 14.54922602106481 7.199999517964596 0
640 14.89563432700054 6.999998376547383 0
641 14.54922586348082 6.799999426617656 0
642 14.89563489297499 6.599998755751161 0
643 14.54922604581787 6.399999557566429 0
644 14.89563566215395 6.199999276229864 0
645 14.54922628287061 5.999999810176829 0
646 14.89563633429768 5.799999814034593 0
647 14.54922629673987 5.600000424452618 0
648 14.89563591149588 5.400000701564553 0
649 14.54922552914102 5.200002464844308 0
650 14.89563493501509 5.000003790741368 0
651 14.5492221371911 4.800010446464724 0
652 14.20281390908497 5.000006009251156 0
653 14.20280680815319 4.600021021539842 0
654 13.85640146660009 4.800010620567297 0
655 14.8956314056881 4.60001351903016 0
656 15.24204424049815 5.999998785777025 0
657 15.24204093996943 7.599996194401013 0
658 14.54922711777381 11.59999944947231 0
659 14.89563700345096 11.39999983812158 0
660 13.85638896100802 4.400034786320525 0
661 13.50999091676449 4.600010985861921 0
662 13.50998048248503 4.20003090537497 0
663 13.16357903250879 4.400013261066453 0
664 14.89563690962146 11.79999997340227 0
665 15.24204699998134 11.60000002801152 0
666 3.482003392896598 11.99959537748775 0
667 15.24204445362735 4.800004670121546 0
668 15.24204365698686 4.400012148823543 0
669 15.58845421270222 4.600002758010683 0
670 15.58846015096518 4.200011973787086 0
671 14.20281785079245 11.79999807380399 0
672 11.77794066589561 7.599954394640827 0
673 15.2420425645081 12.00000460281719 0
674 15.58845018846561 11.80000528311067 0
675 15.58845383255522 11.39999939064028 0
676 5.554691005818784 11.99872442316913 0
677 13.16356895673182 4.000028913803333 0
678 12.81716860840259 4.200010227096505 0
679 13.50992568494799 3.800119350377608 0
680 15.93486515078802 11.59999885548243 0
681 15.9348536440535 11.19999275130213 0
682 15.93485054118455 12.00000943200015 0
683 15.93486481738473 4.400000681616132 0
684 15.93488078412933 4.000020379618539 0
685 12.81713641030871 3.800036098384716 0
686 12.47074572203619 4.000010549444987 0
687 7.250308143213067 10.2061766433477 0
688 8.657166578735342 9.364701036026464 0
689 12.47070313947565 3.600018510839866 0
690 12.12432133241864 3.800006207744445 0
691 12.12434311997525 4.200003932189822 0
692 11.77792814911104 4.000005551763474 0
693 11.7779384185137 4.400001960444221 0
694 11.43152583861813 4.200006179587337 0
695 11.43150653139546 3.800022764471405 0
696 11.08510333086829 4.000024973896694 0
697 11.08512123116628 4.400003603354269 0
698 10.73870059389267 4.200018651441019 0
699 10.73871050347972 4.599999295051285 0
700 10.39230249590615 4.40000318606071 0
701 10.39227806405756 4.799964846209079 0
702 10.0458840208689 4.599965736764084 0
703 10.04582888774183 4.999873639329531 0
704 9.699479372631902 4.799879520588298 0
705 9.699379725647987 5.199681157843619 0
706 9.353140913993647 4.999665652020298 0
707 9.35297545096598 5.399252093842084 0
708 9.006988258436035 5.199262956261975 0
709 9.006747007239222 5.598517650479309 0
710 8.661312736727041 5.39871572419638 0
711 6.322327504751732 7.932975571751099 0
712 6.385708418486102 7.933605139904536 0
713 8.661074157459566 4.999375743110095 0
714 8.315898241474962 5.199177113792396 0
715 8.315061623802741 4.799630187347412 0
716 7.970093186281893 4.999814660071166 0
717 7.968862229776537 4.599925215512625 0
718 7.623787183004151 4.800350433247304 0
719 7.626257067546668 5.200780248429007 0
720 7.279439416498623 5.001446456289949 0
721 7.277153778698893 4.600619216929641 0
722 6.932120366773632 4.801386796514572 0
723 6.935603599519867 5.20324040976608 0
724 6.194054053112883 7.936076013090489 0
725 6.250149838378288 7.934359293148376 0
726 6.587226900226775 5.002283559447933 0
727 6.584609406469475 4.600990083805638 0
728 6.238836463849285 4.801284664816158 0
729 6.241846066186636 5.202889693222751 0
730 5.892365623132608 5.001103839832348 0
731 5.894937639156404 5.402898353095833 0
732 5.544203304746151 5.199381940623561 0
733 5.543982824974822 4.799938200501147 0
734 5.1969508548565 4.999205821320832 0
735 5.196988096950054 5.397968943078529 0
736 5.196720965232724 4.599674667792859 0
737 4.849866466721175 5.198812651591912 0
738 4.849048681086852 5.597963271461671 0
739 8.660975337331015 5.797679072362897 0
740 4.502918039690114 5.398887109156 0
741 4.502080664546175 5.797915318607927 0
742 10.04589083860156 4.200000827007914 0
743 4.156515654018329 5.598982831873148 0
744 4.156898417739626 5.9981480695424 0
745 4.156744100982767 5.19955572044182 0
746 4.501292384655203 6.196910282657107 0
747 4.159256026823931 6.396971065294339 0
748 3.810677292462262 5.799258088698618 0
749 11.08505559196313 3.600078310784748 0
750 16.28126419777769 11.79999250701731 0
751 16.28124572207313 12.20000183362238 0
752 16.28126986965589 4.200014162423812 0
753 16.28131734530642 3.800077825362055 0
754 15.9349463373897 3.600088516609228 0
755 4.505439286531557 6.593026810095826 0
756 4.167261525413304 6.795155136081651 0
757 16.28146113232432 3.400272761236064 0
758 4.514301353327689 12.59958801987041 0
759 12.81717622969888 10.99999874809326 0
760 12.81717677473512 11.39999812570613 0
761 12.47076507801606 11.1999968487539 0
762 12.47076285304199 11.59999736279255 0
763 12.12434728477277 11.3999883911306 0
764 12.12433267417104 11.7999989294677 0
765 11.77791279139375 11.59997184757982 0
766 11.77786584145902 12.00000576137926 0
767 12.12425613829816 12.20003405476344 0
768 11.77767639067867 12.40007945493957 0
769 11.43136083850624 12.20001687780904 0
770 11.43105342130827 12.60009802979097 0
771 11.08485897374784 12.40000804335592 0
772 12.12399319812306 12.60015660300309 0
773 16.28124415046655 4.599999568107717 0
774 12.12435531401932 7.399997124231968 0
775 4.516819578108983 6.986116248088086 0
776 4.184989679249289 7.196964408306227 0
777 3.822843380711819 6.999154152082618 0
778 3.835804840592374 7.408065264861794 0
779 4.234316010774623 7.633470041880041 0
780 3.831883444171066 7.815984646478919 0
781 4.158964286020106 8.032583304873194 0
782 3.818342798153878 8.212197796878398 0
783 4.845913261174536 6.791338489884094 0
784 6.090384593985183 7.947876516994214 0
785 6.138214626906636 7.941254451719768 0
786 6.050966255119045 7.957115719139829 0
787 3.473586223059734 8.00687881404793 0
788 3.473032673162344 8.404321060811377 0
789 15.93512854109084 3.200260230902229 0
790 11.08449711775639 12.80005812739116 0
791 10.73839795243847 12.59997733260203 0
792 16.62762325979881 11.99995954661521 0
793 16.62761941550367 12.39998169345858 0
794 16.28116535164124 12.60004387112916 0
795 16.62752370347452 12.80002309484256 0
796 16.62768299834809 4.00006876001269 0
797 16.2818164811836 3.000731095753306 0
798 16.28096367262721 13.00013128946603 0
799 14.89563682508796 8.599999959240357 0
800 13.1635833185426 4.800005386566228 0
801 9.699093291278354 5.599230234667298 0
802 4.154450230056144 8.41108155657659 0
803 10.73806463165876 12.99997223814009 0
804 10.39199232860892 12.79993124901134 0
805 3.124654912604496 8.203048912725407 0
806 3.126843646373099 8.601450707362794 0
807 10.73867962946145 4.999958534160477 0
808 16.97398013950065 12.59995438518794 0
809 16.97393379683349 12.99998164944661 0
810 2.42709814670563 12.60024931689873 0
811 10.39175330360732 13.19987383554686 0
812 10.04563815108136 12.99988548934038 0
813 15.93555728404042 2.800608268493487 0
814 3.46535898921818 13.20003289419036 0
815 11.08375736214883 13.2000855003961 0
816 10.39212272041142 12.39990240358811 0
817 10.04551848599829 13.39978805491414 0
818 9.699308708251047 13.19984692130078 0
819 4.477395424593422 8.228655803659993 0
820 2.777330775805668 8.401358550363543 0
821 2.779967311306702 8.800564156499815 0
822 2.775464130288513 8.001625403431582 0
823 3.131063769573889 8.999497077767787 0
824 2.783778965615375 9.199806006099312 0
825 3.136902611534937 9.398378249210923 0
826 2.788379895630156 9.599490713120872 0
827 12.12435122452456 10.99998842791805 0
828 8.31453709678259 4.399850257688216 0
829 11.77793638927258 7.199971804830859 0
830 12.12435427636717 6.999996681525632 0
831 4.503332099687067 8.599999999999362 0
832 16.28261811573252 2.601686561576675 0
833 16.62863627351145 2.801615661384218 0
834 17.32027564215652 12.79993230744182 0
835 17.32027744982116 13.19994635454682 0
836 14.20281631418433 6.19999990405257 0
837 14.54922681394736 10.79999993226157 0
838 15.58875972027198 3.000196604283742 0
839 15.58906292903176 2.600191938529704 0
840 3.143518018006696 9.798310438918755 0
841 2.792814299948404 9.999819060470605 0
842 16.62982857717274 2.403540365747071 0
843 16.97541236740785 2.602641134724363 0
844 15.24224191408056 2.800091463400872 0
845 9.699246592753932 13.59969346789549 0
846 9.352956348005506 13.39979253346213 0
847 9.353000053346396 12.99990289870221 0
848 9.006611609102128 13.19988257393404 0
849 9.006578680826241 12.79990395405555 0
850 8.660188485711545 12.99992411851796 0
851 8.660214600140513 13.3998600837013 0
852 8.31380092112329 13.19994075496169 0
853 15.24233953395209 2.399768448516795 0
854 14.89559294972286 2.600147839278569 0
855 8.313804402990165 13.59984653182735 0
856 7.967377616786982 13.39992856750218 0
857 2.435606904605687 9.400095626828195 0
858 14.89560001478489 2.19990004713468 0
859 14.54874642963104 2.400799982041895 0
860 2.42853167395524 8.20089410348211 0
861 2.427296003264113 7.800838515484274 0
862 11.08511637575053 9.199790886207694 0
863 12.47076542093382 7.199998592705332 0
864 12.470764938738 6.799998241628509 0
865 12.12435209783314 6.599994188014067 0
866 4.840900865090607 8.371725930569335 0
867 6.049789372021318 8.043794629441095 0
868 6.0898940246744 8.053121218158891 0
869 4.839784368201138 8.753754562886538 0
870 5.166217344931731 8.57002042816627 0
871 5.148764146854552 8.301084233986131 0
872 5.361668693245058 8.374053320496001 0
873 5.369326368052406 8.718058968203589 0
874 5.552679643381982 8.588750726984289 0
875 5.556572730383455 8.80018577774721 0
876 5.739056458490253 8.657875123284921 0
877 5.741509861777126 8.882933765700709 0
878 5.913102242594308 8.771848633074061 0
879 5.927551275810009 8.973477778414008 0
880 6.117670321961492 8.824237905923063 0
881 5.559871404743923 9.032819524905698 0
882 6.122288767233674 9.077428033547671 0
883 6.307703066753636 8.927213231258097 0
884 5.32736534508606 8.184045459223931 0
885 16.97695043337979 2.205702597375134 0
886 17.32180133802338 2.403112565581388 0
887 17.32096281767475 2.801188867941559 0
888 17.66713714162668 2.600898814514613 0
889 17.66693131854332 3.000293464760354 0
890 6.303844870678949 8.724854357488484 0
891 6.467334346959071 8.798583727229662 0
892 6.454020104242364 8.606053665721864 0
893 6.60721750023026 8.689962633381878 0
894 6.636033155741434 8.867045587579947 0
895 6.790774500941035 8.722421911271844 0
896 6.389947341592056 9.171813703519549 0
897 6.303894133541701 8.542844954926052 0
898 6.58742821403443 8.529318764335839 0
899 7.915442553589688 9.732997015008989 0
900 6.82088375539518 8.931150636816486 0
901 6.967017919368383 8.791159661137016 0
902 6.950835357997136 8.626455700883469 0
903 7.096794049079686 8.670436344697325 0
904 7.055708329517973 8.504860019334403 0
905 6.989155902374453 8.007468012370145 0
906 6.965251168096311 8.012887027606167 0
907 7.203114652005942 8.560515614584933 0
908 7.160155695114502 8.413401714193769 0
909 7.291844184896094 8.460334941018607 0
910 7.25463998654423 8.329595645472866 0
911 7.374788904127888 8.374728929377682 0
912 7.342247792436159 8.256631313345624 0
913 7.459664419598593 8.295756691770826 0
914 7.412150437089325 8.159723591724562 0
915 7.560749895128353 8.213989718959274 0
916 7.520584253171203 8.075651211960514 0
917 7.67001512540908 8.113944985615305 0
918 7.607824398151785 7.959855214017024 0
919 7.780188240176487 7.997121526386579 0
920 7.736462469298816 7.839248873716738 0
921 7.90617290929934 7.878755550295552 0
922 7.58564942547907 7.806219205952816 0
923 7.680523202512262 7.682798384164442 0
924 7.501764840553403 7.664298657429352 0
925 7.624204012779529 7.519596887766038 0
926 7.450382822306906 7.489398421366293 0
927 7.581441715413093 7.322368462287743 0
928 7.345154927396001 7.320063045902818 0
929 7.819293626094218 7.389416212390595 0
930 7.497010317737876 7.089433537026704 0
931 7.273138854999957 7.087436937710597 0
932 7.479675700021634 8.406387019635179 0
933 7.278052824815544 8.730496369104078 0
934 7.83352958730071 8.159933380470159 0
935 7.139353981302829 7.252540239790566 0
936 7.06224802556768 7.06808596302796 0
937 6.952061535764253 7.232170358574201 0
938 6.841552255399966 7.059891311572207 0
939 6.667371479630257 7.198932072901044 0
940 6.612385226225828 6.996029804417445 0
941 6.457633064092407 7.177719066362801 0
942 6.399422231566894 6.951025695537586 0
943 6.248816002561658 7.118341171886795 0
944 7.029479803830347 8.965274624354898 0
945 7.396065099652304 8.034956824675829 0
946 7.180081494417563 6.927540257473985 0
947 7.044661994538123 8.381498993911176 0
948 7.341823654144974 7.620456232406584 0
949 6.540740941037898 6.799593819685078 0
950 7.248223040640742 8.222080537603818 0
951 6.178681130935319 6.905722688804762 0
952 6.034776392618892 8.036852956360317 0
953 6.020427827701928 8.030455341617593 0
954 17.66761221347083 2.202309939074341 0
955 10.04546976657954 13.7996018287127 0
956 7.967328121991695 13.79984451915308 0
957 7.620843884552948 13.59984942135563 0
958 17.66574331044223 12.99977921788 0
959 17.66529864035935 12.59951686358505 0
960 17.66583075640815 13.39980842125356 0
961 17.32014537867597 13.59986232495273 0
962 17.66582308767008 13.79966209148965 0
963 2.42475864753851 13.80034682288656 0
964 6.574261212034422 7.355376873189239 0
965 5.702503110991264 8.508869297400773 0
966 6.066673360022433 8.047055294936643 0
967 8.66006814769883 12.5998744314683 0
968 9.006428734078165 12.39977805342673 0
969 7.62094272899526 13.19994434575184 0
970 7.274445945217345 13.39986804781858 0
971 7.274128834631271 13.79963534864728 0
972 6.927844290309922 13.59975003650318 0
973 6.928246636289268 13.19995651696158 0
974 6.581762765706781 13.39997761557749 0
975 6.581224847016537 13.79970451757965 0
976 6.235096571343757 13.59986620726339 0
977 3.149169535495135 10.19904068604271 0
978 2.795822375060268 10.40071210773629 0
979 3.498026784119569 9.994063888644185 0
980 6.033702683556978 7.095917591049698 0
981 6.127188004562363 7.317866012921462 0
982 5.931936223512583 7.270881567008439 0
983 5.99141202312842 7.451797190133507 0
984 5.843741398878741 7.413495396256931 0
985 6.170776456518761 7.448141576514593 0
986 5.894803656935007 7.544662691553993 0
987 5.775925656111496 7.52980365251005 0
988 5.838746088023228 7.652630268782159 0
989 6.006170615890221 7.978201402649698 0
990 6.020559216090899 7.968784498159362 0
991 5.717729243032259 7.628042535426863 0
992 5.994093394020824 7.994704749612985 0
993 5.181051661174386 8.07995029325693 0
994 5.757223373013656 7.721276018795899 0
995 5.932707793297444 7.637749088266831 0
996 5.648574380829995 7.525875685384759 0
997 6.07384174840873 7.950401297124909 0
998 6.105662066211353 7.945517623714313 0
999 6.106635720947702 8.054251384673009 0
1000 14.54844672145473 2.001034259659326 0
1001 14.20162961643554 2.20213422403106 0
1002 18.01078243794085 13.59970856155199 0
1003 18.01286735499722 2.400187853442084 0
1004 6.122545702878387 7.943340762439739 0
1005 6.121785128207006 8.057188897499687 0
1006 17.31983511253256 13.99954352600947 0
1007 9.699182350754317 13.99941313295163 0
1008 6.154504567554909 7.938528828228208 0
1009 16.63201683955642 2.007190272482637 0
1010 8.313804357043557 13.99967608525086 0
1011 6.233675975568493 13.99943356596394 0
1012 5.887967988447581 13.79969653674332 0
1013 6.154695304811366 8.061031710343775 0
1014 6.170369847274484 7.937691832604786 0
1015 6.186060839352587 8.063404455182484 0
1016 6.201890461044712 8.064365340159243 0
1017 6.209566349612913 7.935201923691105 0
1018 6.226111731633412 7.933608727707374 0
1019 6.242223933962443 8.06703633930303 0
1020 6.258598487126894 8.066593996512742 0
1021 6.266264251009297 7.933795775806546 0
1022 6.290151429727811 7.932831883276188 0
1023 18.01343415238087 2.000540900804363 0
1024 18.01157363756437 13.99967387915686 0
1025 6.274100763123378 8.066704548804704 0
1026 6.305975896716935 8.066929944421371 0
1027 6.330031521744493 8.066771114675806 0
1028 6.304730027800734 7.933853889863405 0
1029 6.338192114299552 7.934062899694066 0
1030 15.24230219704274 1.998699457300223 0
1031 6.345987405945709 8.066388966996952 0
1032 6.353501694270777 7.933587388398495 0
1033 6.36918631934146 7.934387141675456 0
1034 6.385676446750175 8.064724260028989 0
1035 6.417572981707485 8.063693750161157 0
1036 6.402016270607548 7.935366235026935 0
1037 6.424538744350637 7.935608512292124 0
1038 6.401629107808078 8.063963264104572 0
1039 6.433700284934297 8.063468655294562 0
1040 6.949321243609241 8.013965062665529 0
1041 2.080474368775969 8.000511560220268 0
1042 2.079736356807242 7.600410567613523 0
1043 1.731989296007791 13.00021447151824 0
1044 15.24204702003614 8.399999958944537 0
1045 15.24204676593314 8.799999907960387 0
1046 15.58845690424169 8.599999826678633 0
1047 15.5884567378006 8.999999888957177 0
1048 15.93485522539115 8.799996086655096 0
1049 15.9348486330364 9.199996313422837 0
1050 16.2812100177847 8.999984778931683 0
1051 16.28120986905862 8.599975949065986 0
1052 16.62752782436172 8.799957780220698 0
1053 16.62754703534148 8.399939987980087 0
1054 16.62749598899279 9.199965889245028 0
1055 16.97379953280099 8.599904067806612 0
1056 16.97382206628779 8.19985010699199 0
1057 17.31960745424247 8.399678791912482 0
1058 17.31935692975794 7.999499782453827 0
1059 16.97378777740837 7.799798814783212 0
1060 17.31845238203866 7.599366789488443 0
1061 16.97333114536783 7.399708539485466 0
1062 17.3179559776523 7.199367563529943 0
1063 16.9730227458763 6.999690288019022 0
1064 17.31819951711669 6.799451826695003 0
1065 16.97309262168664 6.599730043908663 0
1066 17.31870440927349 6.399566801864446 0
1067 17.66185583176025 6.999013164352538 0
1068 17.66255830767762 8.19878268612125 0
1069 17.66310400468588 8.599028008749684 0
1070 12.81717330647624 11.79999864732484 0
1071 16.62760140896853 11.59994490217541 0
1072 14.20281628078224 6.999999784794484 0
1073 12.81709175956899 3.4000562906717 0
1074 12.47059347049453 3.200020373346038 0
1075 12.81685611560286 3.00016016685945 0
1076 12.47034327816785 2.799982207059351 0
1077 12.81642421251502 2.600267565956655 0
1078 12.46987085976795 2.399725783918172 0
1079 12.81560373655994 2.200211671084146 0
1080 13.85640644377263 9.599999375750546 0
1081 16.97331109959999 6.199793498549195 0
1082 17.31920735508295 5.99968367651286 0
1083 9.005712872268623 5.997216343618831 0
1084 12.47076465386009 6.399998140175162 0
1085 12.12435259271883 6.199995802351356 0
1086 6.23711360876778 4.400517267009741 0
1087 6.583189550198367 4.200395151437724 0
1088 6.23619590019446 4.000181474356809 0
1089 6.582447020301698 3.800129514622172 0
1090 6.235752604318801 3.600041258320616 0
1091 6.582085563082235 3.399998291290368 0
1092 6.235549406166117 3.199956120948608 0
1093 6.581971866574027 2.999883682087129 0
1094 6.235503622304313 2.799847167046853 0
1095 5.889052344978337 2.999904134175623 0
1096 5.889044713384356 2.599811277418026 0
1097 5.542555988764451 2.799880908789579 0
1098 6.581980495336812 2.599739950450207 0
1099 6.92844679195778 2.799748998920793 0
1100 6.928544484302179 2.399513890649783 0
1101 7.275031843116271 2.599542537167143 0
1102 5.542543203661355 2.399873277285841 0
1103 5.196048715267505 2.599805646153739 0
1104 7.275274429031533 2.199072603560092 0
1105 7.621756108766563 2.39931539503421 0
1106 5.19591981535032 2.199528292550756 0
1107 4.849517577561415 2.399763943381893 0
1108 4.849633281249873 2.799886566598599 0
1109 4.503125177099428 2.599988844873545 0
1110 4.503261505795584 2.999954994883105 0
1111 4.156809462337439 2.800057518762278 0
1112 4.156627814059576 2.40030538815506 0
1113 3.810404095783288 2.600236623460112 0
1114 3.81046781797615 3.000059712488961 0
1115 3.464089068262122 2.800098976294096 0
1116 3.464099173510327 3.200016011589832 0
1117 3.117714599865629 2.999996250708777 0
1118 3.117704935707973 3.399991208775972 0
1119 2.771334965886483 3.199943391203797 0
1120 2.771299640942462 3.599980172625322 0
1121 2.771380477682793 2.799899083497205 0
1122 2.424934142050308 3.399923361717024 0
1123 2.424892970243091 3.799972697191231 0
1124 3.810261949813237 2.2007728790868 0
1125 2.771284855939839 3.999996091554797 0
1126 2.42487906428999 4.199990051879323 0
1127 6.928662340981963 1.999223293251878 0
1128 7.622259092804772 1.998496868505967 0
1129 7.968595363499466 2.199315440904972 0
1130 7.968061400228736 2.59968540820345 0
1131 8.314606732665215 2.39993494426132 0
1132 8.315301801353526 1.999909873026114 0
1133 8.660849708253487 2.200569261353097 0
1134 8.660597961718052 2.600205981662068 0
1135 9.006663039426144 2.400586846721081 0
1136 9.006459258276941 2.001411774926213 0
1137 9.352194322980182 2.200933166117712 0
1138 2.078507742449997 3.599935138538801 0
1139 3.810497107022768 3.400003189944235 0
1140 2.771287092867237 4.399989512533196 0
1141 2.42488033026662 4.599991316212554 0
1142 4.849231391843382 1.999442333724907 0
1143 2.078598713417285 3.199820940692734 0
1144 9.352913991333542 2.600354933033289 0
1145 9.698546575799236 2.400742366633324 0
1146 9.697147319964614 2.001217014294608 0
1147 10.04409659093774 2.201388634719099 0
1148 6.928676649532048 3.600029197265508 0
1149 2.426928142985932 7.400675151013123 0
1150 2.079435086826726 7.20029904834922 0
1151 2.426304084834531 7.000371914106312 0
1152 2.078757418138907 6.800075928175942 0
1153 2.078466120712475 4.39999416459812 0
1154 2.078472076443234 4.799995603455432 0
1155 2.424899139107119 4.999986682825341 0
1156 2.078485216429057 5.199997209282657 0
1157 15.24204125168792 6.799996468332442 0
1158 2.425462288826102 6.600090701421877 0
1159 12.81717583922351 9.799994328584248 0
1160 14.20278524714013 4.200063360582139 0
1161 15.24204566769446 9.199999723638131 0
1162 11.77793209950487 6.399981643616833 0
1163 2.441254871955139 10.20056070959321 0
1164 2.44243594727163 10.601065033898 0
1165 2.08998830776841 10.40070522742158 0
1166 2.090079215502519 10.80091152909106 0
1167 9.349875952665258 10.18985256464438 0
1168 7.962168626684615 10.99783314851278 0
1169 11.08498785524324 11.99993625379702 0
1170 12.12401793818556 2.599820333157927 0
1171 12.12361823249766 2.199293972899526 0
1172 11.77786450784795 2.39982453945601 0
1173 11.77769899587289 1.999588695804489 0
1174 14.8956358139805 12.20000147693108 0
1175 17.6640479825971 6.199359664228442 0
1176 17.66490591104094 5.799552418092553 0
1177 18.00931302310425 5.999130052485651 0
1178 18.01052012387673 5.599448167833754 0
1179 17.66547519445819 5.399718374529565 0
1180 18.01137605437366 5.199703396758173 0
1181 4.188393318747979 11.59639730762256 0
1182 5.542547551013125 1.999998982951116 0
1183 8.65915339531492 6.195198878667517 0
1184 9.003228950912991 6.395245386905771 0
1185 5.665520974329981 7.714118240058779 0
1186 5.709549702893403 7.794716079051225 0
1187 5.793395835826085 7.804481147741226 0
1188 5.746718521362269 7.863258443491047 0
1189 5.813693156705014 7.875893736749835 0
1190 5.775936715393094 7.914904268059754 0
1191 5.999802213290499 8.014601677257978 0
1192 5.821115470795275 7.924788527799826 0
1193 5.798065469201688 7.954713802938567 0
1194 5.860459621750904 7.877074032039681 0
1195 5.835153538553206 7.958686175906045 0
1196 5.817523772794048 7.987983464826842 0
1197 5.855609206900618 7.986865912419927 0
1198 5.864666423793643 7.960899214128011 0
1199 5.879782616671986 7.995288388912378 0
1200 5.864898008745207 8.011242097849662 0
1201 5.887163686512109 8.012274086574848 0
1202 5.876747786182603 8.027857467055586 0
1203 5.89427527207651 7.969130343738785 0
1204 5.778889957691034 7.989208323938464 0
1205 5.801107604472245 8.025608716191705 0
1206 5.752292613383346 8.025458019018238 0
1207 5.670864861572113 7.865177718568314 0
1208 5.775017849244561 8.067894699826271 0
1209 1.730793088095332 14.20222414921135 0
1210 16.97965643679004 1.811236560070135 0
1211 18.00395599451918 8.397903026562807 0
1212 18.00483198789325 8.798484531561291 0
1213 18.01024073311823 12.799374114971 0
1214 18.00908456457606 12.39862115487168 0
1215 6.13895312928282 9.357086089215441 0
1216 5.931991236497514 6.873968056572121 0
1217 5.725590582205259 8.06912019163153 0
1218 5.753105245352345 8.114401332505308 0
1219 5.80576103448939 8.10874560517629 0
1220 12.12330745310804 1.798175970512175 0
1221 5.886048811888649 14.19927770038396 0
1222 5.540973828957501 13.99971423568054 0
1223 10.04201733727134 1.802413348598458 0
1224 10.04553066203794 14.19938253842306 0
1225 4.514074236172749 8.971300288331658 0
1226 7.967331179473948 14.19986784904575 0
1227 6.579641064076732 14.19893135755898 0
1228 14.20074713302854 1.803327217393932 0
1229 5.782496966078374 8.158890550424791 0
1230 5.83861436514234 8.15504240081269 0
1231 5.722896646556933 8.165954241876321 0
1232 5.771803088125468 7.281300945212104 0
1233 1.732333728370764 7.000089013003865 0
1234 1.732236021399125 6.600044333780858 0
1235 1.732130785888646 3.399875970998173 0
1236 1.732265654850455 2.99969280082847 0
1237 17.66593539752117 4.999846808607034 0
1238 18.01217479919549 4.799879093376171 0
1239 5.542611826564379 3.199927077620584 0
1240 1.732060509612322 4.999998939005908 0
1241 12.81717571048419 6.599999533421353 0
1242 12.81717560648682 6.199999447001909 0
1243 13.50999629550095 8.19999996580696 0
1244 6.582388683066622 13.00004108533821 0
1245 10.04537536141515 2.600505341472163 0
1246 14.5489484683706 2.800539323046249 0
1247 16.62726120410266 6.399876864674681 0
1248 16.62737272995511 5.999912536238877 0
1249 16.62748055012615 7.19990095973791 0
1250 5.542560217326903 13.59991435370942 0
1251 5.19588352217506 13.80006888356787 0
1252 5.194528246359576 14.20019230680083 0
1253 4.849192019831348 14.00047313250465 0
1254 11.77793781195075 5.9999910979314 0
1255 11.43149628527712 6.199952719046274 0
1256 12.12435268971165 5.79999666226861 0
1257 6.928567943167946 12.80006917522129 0
1258 3.149743840230365 10.59927480256252 0
1259 2.441858895389102 11.00133243425492 0
1260 2.08886124186036 11.20089130807245 0
1261 1.739072802625952 11.0006162546829 0
1262 1.737979745908131 11.4005442001861 0
1263 1.733072296244676 7.80027048770239 0
1264 1.733553395146969 8.200294740266365 0
1265 11.77738720163429 1.598747691461799 0
1266 9.694457636986362 1.600622526474135 0
1267 9.699064997742454 14.3989250267965 0
1268 8.654454312964054 6.591696446321526 0
1269 8.998677078234493 6.792916919128425 0
1270 9.349092502168723 6.595858298695761 0
1271 9.346539793025688 6.993934008211269 0
1272 9.696196508819394 6.79659188657669 0
1273 8.993776255939661 7.18988760284409 0
1274 9.344721246984776 7.391518397343366 0
1275 8.991986717280856 7.585815305543386 0
1276 8.313900584875434 14.39933465186339 0
1277 4.848003511953992 14.40190247353389 0
1278 4.502773348887311 14.20062381285286 0
1279 8.313868880332873 6.392541564314264 0
1280 18.34362660895342 8.597108102806223 0
1281 18.34179075850718 8.196739403087252 0
1282 18.34543199322523 8.998200558775848 0
1283 18.0056677814545 9.199119177081267 0
1284 18.34516047384018 9.399101690306379 0
1285 18.00632438033874 9.599502719671458 0
1286 18.3476728214425 9.799481768788077 0
1287 18.00698988329763 9.999493387925591 0
1288 18.34759225403446 10.19900900895206 0
1289 18.0072017520075 10.39908589781643 0
1290 17.66531888142299 10.19978340278825 0
1291 18.34784355270143 10.59799888262584 0
1292 18.00766209211254 10.79849655981944 0
1293 18.34915095010592 10.99709292761713 0
1294 18.35469937277133 5.79895834254769 0
1295 18.35250758365556 6.198418734102884 0
1296 18.35660030713196 2.199664637299262 0
1297 18.35583486274301 2.599246679199568 0
1298 18.35793213839597 1.800322196903572 0
1299 18.35584269073745 13.79978385286812 0
1300 18.35743723236878 14.19991490928991 0
1301 18.35221136410992 12.59828199930753 0
1302 18.35721985769486 4.999770337256245 0
1303 18.35777359886675 4.599897883499298 0
1304 18.01271754882453 4.399956082954449 0
1305 18.3576448874054 4.199895512662565 0
1306 8.659741061938714 12.19962748768948 0
1307 9.006093792548942 11.99940243483682 0
1308 10.39100319989997 2.401326512683601 0
1309 5.812258248808442 8.203783189689219 0
1310 5.863812701487092 8.198260072167901 0
1311 5.886007808291918 8.155132533425643 0
1312 5.910073454179575 8.191456870915781 0
1313 5.927163884122245 8.153317841376408 0
1314 5.954284581166515 8.185848295596294 0
1315 5.936504820888326 8.223387785383508 0
1316 5.977455206536284 8.217147376938996 0
1317 5.960977608029198 8.15373464682313 0
1318 5.950047492686594 8.130307261075105 0
1319 5.972099494344533 8.134452310935703 0
1320 5.955334233846408 8.111706780297025 0
1321 5.976047337764491 8.111348173387515 0
1322 5.897683257411312 8.025556653272119 0
1323 5.938503330730153 8.112332460583733 0
1324 5.949204582077527 8.098398325686562 0
1325 5.902076578405952 8.010774352342009 0
1326 5.912123138223397 8.028541523531254 0
1327 5.919070254671483 8.01461167277759 0
1328 5.904536991510409 8.038908689629407 0
1329 5.918758652092006 8.037462340516079 0
1330 5.912351383930269 8.049274240285817 0
1331 5.963014977826363 8.255771237432439 0
1332 6.011786864716708 8.242988943587562 0
1333 5.923937114374461 8.047440098817379 0
1334 5.928890662693147 8.038919682482616 0
1335 5.933317533220102 8.045911613418037 0
1336 5.937152488583551 8.038470670461791 0
1337 5.941682516080716 8.044821149657681 0
1338 5.94515147211736 8.03785765954477 0
1339 5.949685122921998 8.044482815381587 0
1340 5.95308230013659 8.037275148335773 0
1341 5.957650298902676 8.043875523120265 0
1342 5.948560322952792 8.030715227286413 0
1343 5.956451080414624 8.030076417122908 0
1344 5.951904482143293 8.02351749353223 0
1345 5.959787912077244 8.022868984251671 0
1346 5.955240004461289 8.016299901672719 0
1347 5.983538036318214 8.148444377778821 0
1348 5.963110097838651 8.015646684232411 0
1349 5.958563251610926 8.009048741861658 0
1350 5.990184527830309 8.294887955406054 0
1351 6.039736482022477 8.281888963851383 0
1352 6.057130420765446 8.241933519245727 0
1353 6.085188729355907 8.271068035116203 0
1354 6.10098444934253 8.226415410168517 0
1355 6.125967696381371 8.258492165471925 0
1356 6.140764839108668 8.223644054588748 0
1357 6.16285250857017 8.248701084216995 0
1358 6.173757179524243 8.210731862668604 0
1359 6.196026107815822 8.23916130519806 0
1360 6.204813772588082 8.206348810129091 0
1361 6.226317016534296 8.229394209010602 0
1362 6.235625616525835 8.201499726662778 0
1363 6.254243214479059 8.22128453694358 0
1364 6.261393453168564 8.192395059867575 0
1365 6.280019717849322 8.213423966250458 0
1366 6.286767561898341 8.186144496479987 0
1367 6.304378468833392 8.205688769902848 0
1368 6.311933800758942 8.182034992217714 0
1369 6.326746540300584 8.199361305479437 0
1370 6.513757984374276 8.058549236791141 0
1371 6.490106451630386 8.060600215554892 0
1372 6.537489532771212 8.05649649599907 0
1373 6.332088054123416 8.177907980157659 0
1374 6.347538165961502 8.193312896790992 0
1375 6.35199434335907 8.171961596118058 0
1376 6.36630861814874 8.186897835002451 0
1377 6.370583608872903 8.16752529773207 0
1378 6.384591137543516 8.181601580281802 0
1379 6.389709531106019 8.161364310478181 0
1380 6.402573366334362 8.177241185900339 0
1381 6.406936350806021 8.16112129359729 0
1382 6.419038240274192 8.171955082350735 0
1383 6.421511937332284 8.154984462912999 0
1384 6.4325385896115 8.166176174327198 0
1385 6.434422553646144 8.152710629313042 0
1386 6.445945463696267 8.160035899127056 0
1387 6.451900228113705 8.148584152186558 0
1388 6.459625720410266 8.158254942298287 0
1389 6.462099800255289 8.145631673319354 0
1390 6.455028434395051 8.138644400460503 0
1391 6.463917962531049 8.135822915777851 0
1392 6.471142769240492 8.141997704442105 0
1393 6.472351442473442 8.132482367723384 0
1394 6.479471039552713 8.137615903203169 0
1395 6.480393125934893 8.129210015803757 0
1396 6.487154790474547 8.13392873166034 0
1397 6.487994303340142 8.125828966187964 0
1398 6.49451385949861 8.130682538911877 0
1399 6.4939167915773 8.139019480207956 0
1400 6.495274085562291 8.122890740837908 0
1401 6.501737682803318 8.127279918232956 0
1402 6.457566786578059 8.129755250683125 0
1403 6.502530317839721 8.119540546169301 0
1404 6.508986569121937 8.123899781875309 0
1405 6.609048769329224 8.050551827548254 0
1406 6.509717542987801 8.116029008479931 0
1407 6.515918879293991 8.120463548715422 0
1408 6.515336946227668 8.128414102339136 0
1409 6.481517649506384 8.121024806702717 0
1410 6.517236341662787 8.112788327292215 0
1411 6.52399529627224 8.117802400812201 0
1412 6.409067471757944 8.147954896811859 0
1413 6.524478199986238 8.109392963558527 0
1414 6.531057528971854 8.113433476811581 0
1415 6.457103068573534 8.17253270577644 0
1416 6.398475410441177 8.197476967441276 0
1417 6.34360725052983 8.215965960751888 0
1418 6.27278891932946 8.242272623119828 0
1419 6.376195227104001 8.15503275406876 0
1420 6.338825733694858 8.162749224242095 0
1421 6.531624390904943 8.105827209670876 0
1422 6.537899093059666 8.110230266573137 0
1423 6.537749321838214 8.118428530000555 0
1424 6.502285569496721 8.110720438865917 0
1425 6.538626361638991 8.102307890153787 0
1426 6.546300156158513 8.107461944243855 0
1427 6.29819555716602 8.169244193846895 0
1428 6.241615751364037 8.177573564014516 0
1429 6.546101817837359 8.098983343237158 0
1430 6.553208250580107 8.102400094483478 0
1431 6.187786675383707 8.184306723499791 0
1432 6.108047599533486 8.199028480145044 0
1433 6.448858647565699 8.131745370838594 0
1434 6.451750526038632 8.123538499757132 0
1435 6.443092745312926 8.125087505953593 0
1436 6.446466326407385 8.11730682721706 0
1437 6.438404893535177 8.118753324940579 0
1438 6.441713357646965 8.111087232545509 0
1439 6.434548353469385 8.112295922786256 0
1440 6.449449198138261 8.109675984514206 0
1441 6.553306630028388 8.095015730677009 0
1442 6.559764222551991 8.098624317565928 0
1443 6.559898515985392 8.105290352006113 0
1444 6.525600835006273 8.101827761592265 0
1445 6.025541942675362 8.340081996698839 0
1446 6.444553723765294 8.103563642733107 0
1447 6.452350410265081 8.102194470029893 0
1448 6.560547136367735 8.091836556618198 0
1449 6.566494118792287 8.095681263792024 0
1450 6.567965793487986 8.089011526832877 0
1451 6.573797124603855 8.092934518082277 0
1452 6.575017106454337 8.085698299765818 0
1453 6.580975342908944 8.089465544519566 0
1454 6.580573299330391 8.097583867506422 0
1455 6.581808943556135 8.081997625943261 0
1456 6.588037899471807 8.08608571666273 0
1457 5.967660346242662 8.022236689071754 0
1458 5.954286496502769 8.051125672160557 0
1459 5.962230936637894 8.050483588391167 0
1460 5.950677066047865 8.00978335118633 0
1461 5.954000841598928 8.002484936005974 0
1462 5.946091868161933 8.003333774078692 0
1463 5.949393434853945 7.995996115210785 0
1464 5.941498629399431 7.996853852712823 0
1465 5.944860730923716 7.989523520397525 0
1466 5.952643543407349 7.988756137021831 0
1467 5.948262166717377 7.982350106433879 0
1468 6.447440420551847 8.096106937011548 0
1469 6.455305491497473 8.094834951630281 0
1470 6.562457916198963 8.084397010226697 0
1471 6.473328960944674 8.061732317621136 0
1472 6.623928655530577 8.050080702404365 0
1473 6.546369254152045 8.091463370982508 0
1474 6.439658732315751 8.09741548983342 0
1475 5.961879988150963 8.001718728403475 0
1476 5.843545671853306 8.248813402588032 0
1477 5.931649642009128 8.054722393936872 0
1478 6.479650647352504 8.146701023208191 0
1479 5.96202360603633 8.351439919857889 0
1480 6.188310682845538 8.276167798355715 0
1481 5.936945748928996 7.990325966232707 0
1482 6.589326476216142 8.078582209416918 0
1483 6.595851612088211 8.0832138590924 0
1484 6.593644778288968 8.090758984434071 0
1485 5.958890116647641 8.057797031024108 0
1486 5.966785497385395 8.05706099055358 0
1487 5.970172978563411 8.049811591167074 0
1488 5.974738158088535 8.056385967420873 0
1489 5.97813993965185 8.049171251056123 0
1490 5.982700957879533 8.055740955435283 0
1491 5.979299292394669 8.062937613575331 0
1492 5.987265903552801 8.062291693954089 0
1493 5.986104308349021 8.048564569540012 0
1494 5.983869185324644 8.069500487630137 0
1495 5.991840640688982 8.068829617655089 0
1496 5.995226746016578 8.061652499486517 0
1497 5.999807325724825 8.06818364883503 0
1498 5.996421357758685 8.075377981955489 0
1499 6.004394470286297 8.074724073919333 0
1500 6.007776713378833 8.06754304184604 0
1501 6.012370963492895 8.074083903258867 0
1502 6.00899039356784 8.081291332616521 0
1503 6.016970881375735 8.080629813476929 0
1504 6.013606490340718 8.087861559818407 0
1505 6.021582600406473 8.087165386379475 0
1506 6.024935351881088 8.079961728515931 0
1507 6.029530735506264 8.086468376322902 0
1508 6.026204348675195 8.09368744394143 0
1509 6.034119241237347 8.092964441738273 0
1510 6.030801074505892 8.100162225357337 0
1511 6.03867844157736 8.099454990348224 0
1512 6.035330340784737 8.106647838853974 0
1513 6.043191843148898 8.105927833161779 0
1514 6.039864786597192 8.113059320661637 0
1515 6.04657619759799 8.098771888722299 0
1516 6.051063894608035 8.105296126572682 0
1517 6.054503142907923 8.09811618650545 0
1518 6.058999240298363 8.104697381574232 0
1519 6.062465431439528 8.097460964722204 0
1520 6.067002751290007 8.104041553023663 0
1521 6.063499334008492 8.111344990547501 0
1522 6.071562438140618 8.110613864232349 0
1523 6.075015892512093 8.103345747623308 0
1524 6.079601055663496 8.10986733532669 0
1525 6.08302820225994 8.102646342641473 0
1526 6.087492683386185 8.109204421875704 0
1527 6.09095783549618 8.101982195643469 0
1528 6.095435294844824 8.108565266666899 0
1529 6.09891576543832 8.101321616819957 0
1530 6.10344243328969 8.107913326870339 0
1531 6.106907509565751 8.100651191890622 0
1532 6.111476182015419 8.107242194499509 0
1533 6.068114495610898 8.117990539174849 0
1534 6.091861870486749 8.115824377960957 0
1535 6.114910238668871 8.099974965844218 0
1536 6.119502128029477 8.106560766574736 0
1537 6.116069885715324 8.11386519057268 0
1538 6.124104797752647 8.113180630539333 0
1539 6.127499535318865 8.105883566580797 0
1540 6.132089800784517 8.112498061482833 0
1541 6.135478956600593 8.10519147233779 0
1542 6.140054714174532 8.111791765133926 0
1543 6.143451318122862 8.104476470944299 0
1544 6.148019067304121 8.11105227644992 0
1545 6.144616246846746 8.118405610952017 0
1546 6.152566302287319 8.117632200668746 0
1547 6.155961215862875 8.11032621906409 0
1548 6.160502204779874 8.116851991427449 0
1549 6.163894553165719 8.109602167214224 0
1550 6.168405253432837 8.116127069329526 0
1551 6.171810575794582 8.108883814454986 0
1552 6.176293854522067 8.115406946861697 0
1553 6.179746134264786 8.108146032817356 0
1554 6.184258325467686 8.114621518556362 0
1555 6.18772686339705 8.107392479410368 0
1556 6.192274058536375 8.113803556747134 0
1557 6.195746795084176 8.106663846362313 0
1558 6.200342496457023 8.113061377376617 0
1559 6.203771864000107 8.105995825868341 0
1560 6.208365758244975 8.112476702339933 0
1561 6.211780023548796 8.105375773136101 0
1562 6.216364279712165 8.1119284302059 0
1563 6.219783771407268 8.104741935657314 0
1564 6.224380767409963 8.111201145297729 0
1565 6.212989505794329 8.119326287544517 0
1566 6.227805824508554 8.104048146040093 0
1567 6.23240804727805 8.110512615331519 0
1568 6.23584808338536 8.103323007721254 0
1569 6.24045096550605 8.109841310934907 0
1570 6.057921912315711 8.090896653498739 0
1571 6.149170115565695 8.125029662131366 0
1572 6.120712185451767 8.12051537255323 0
1573 6.02753842088454 8.107282849832821 0
1574 6.243960783101357 8.102536227596328 0
1575 6.248574454750994 8.109128370348717 0
1576 6.252220190139689 8.101653721945667 0
1577 6.256750761906403 8.108461896071113 0
1578 6.086419393055508 8.095438924901153 0
1579 6.260481700178518 8.101148820296658 0
1580 6.264967046094988 8.107907330235973 0
1581 6.261247668552793 8.115129984889821 0
1582 6.269354175290336 8.114496642431355 0
1583 6.273130259787554 8.107379966334662 0
1584 6.277373210599166 8.113855413099003 0
1585 6.281137114002428 8.106818687851693 0
1586 6.285260336016103 8.113195911568088 0
1587 6.288918664806021 8.106232836735499 0
1588 6.293018601512115 8.112515718371306 0
1589 6.296423994424225 8.105631067811848 0
1590 6.300743821949337 8.111712384128959 0
1591 6.304039559877181 8.104275173843584 0
1592 6.30857958920588 8.11089903170876 0
1593 6.312007370668344 8.103556471767213 0
1594 6.316502667156946 8.110190755335477 0
1595 6.31983184197701 8.102758178898252 0
1596 6.324473952639157 8.109544659398491 0
1597 6.327875770044209 8.102207774355156 0
1598 6.332485799527235 8.108964781905545 0
1599 6.265714532446341 8.121713652437164 0
1600 6.33590293511437 8.101686075879327 0
1601 6.340484720572003 8.108363030236225 0
1602 6.343910745721929 8.101112781064947 0
1603 6.348481755099901 8.107697332557674 0
1604 6.313068351177817 8.117512203685076 0
1605 6.35193322284487 8.100477984668654 0
1606 6.356492491024728 8.107031955745601 0
1607 6.353086037867918 8.114265723636727 0
1608 6.361092068366508 8.113599937171596 0
1609 6.364485863844266 8.106366357416368 0
1610 6.369089159573734 8.11292098027296 0
1611 6.372464348349788 8.105686814305779 0
1612 6.377071429540411 8.112238863873126 0
1613 6.380427429632346 8.104992275054734 0
1614 6.385007690593907 8.111512232097688 0
1615 6.388375226468357 8.104277723857578 0
1616 6.392991863346773 8.110858025348744 0
1617 6.396336465639139 8.103591543830719 0
1618 6.032882323714322 8.07928970220067 0
1619 6.167281096303936 8.102368487894404 0
1620 6.236957214813223 8.117058928103738 0
1621 6.188741917678493 8.121035717667738 0
1622 6.138873815980127 8.097908013908356 0
1623 6.110327976861992 8.093403722879962 0
1624 6.191157688001522 8.100191687096189 0
1625 6.215197020312677 8.098241578488057 0
1626 6.289496932966705 8.119516157294095 0
1627 6.172766052779129 8.122723255398849 0
1628 6.329086233278067 8.116233584809198 0
1629 6.015753270788892 8.06691818158701 0
1630 6.005598499590436 8.088525446381148 0
1631 5.975887331502663 8.070205468264637 0
1632 5.980469315681278 8.076727316131898 0
1633 6.400913305465998 8.110134865776359 0
1634 6.404275993939146 8.10288558162717 0
1635 6.357716086364599 8.120904612131651 0
1636 6.285077693599598 8.09987863017508 0
1637 6.367902169746948 8.099175182844853 0
1638 6.299214298078636 8.099688718371954 0
1639 6.383808863730604 8.097781494643309 0
1640 6.389695667049531 8.118188856401364 0
1641 6.231236336539271 8.096886882883229 0
1642 6.39971166409955 8.096348564916967 0
1643 6.407673805697048 8.095647658232817 0
1644 6.314927623255771 8.095686959046775 0
1645 6.011152595207847 8.060394749183708 0
1646 5.933847218178956 8.095535199604081 0
1647 5.970933802542421 8.015059415376049 0
1648 5.900638140123641 8.051623615897054 0
1649 6.460208116581947 8.10085755647807 0
1650 6.463137792364584 8.093546478536055 0
1651 6.431860193536361 8.118773320606838 0
1652 6.247427229942366 8.095165228153991 0
1653 6.339388979663882 8.094425258552812 0
1654 6.553161766892294 8.056090960226685 0
1655 6.450497780581058 8.088788365085319 0
1656 6.124215494274884 8.307522855822635 0
1657 6.468070264478722 8.099598094215333 0
1658 6.471038556486642 8.092265624978502 0
1659 6.476077893156382 8.098565469708049 0
1660 6.478959861838623 8.091060094540971 0
1661 6.37374210194514 8.119515629397828 0
1662 5.975469883154716 8.021623746328777 0
1663 6.019145225322513 8.059793671093392 0
1664 6.432816893907884 8.181789144678998 0
1665 6.246895698065899 5.605633647810184 0
1666 5.899483357366109 5.810379907722009 0
1667 16.63531761082715 1.614145524278487 0
1668 16.98387330396724 1.418798603310844 0
1669 14.54858520996141 1.600823732949973 0
1670 6.403320346493843 9.494929049591068 0
1671 6.596837001636855 8.075208004682542 0
1672 6.603400076457314 8.080050663465716 0
1673 18.01307466132873 14.3996661229925 0
1674 5.944100251680599 8.024283268201737 0
1675 6.112577415593758 8.121255311231113 0
1676 6.117237556680074 8.128061441807322 0
1677 6.10903990264787 8.128657736335724 0
1678 6.113673376519662 8.135688601072369 0
1679 6.105173474972838 8.136777714987687 0
1680 6.122014155734396 8.135052599490587 0
1681 6.118479213318381 8.143013830903879 0
1682 6.127264341980609 8.14230163044699 0
1683 6.349696241831932 8.12156274962636 0
1684 6.35431290686425 8.1282583146516 0
1685 6.346280113210015 8.128869359391736 0
1686 6.146845153661022 8.097200858025055 0
1687 6.142259514654304 8.090650227143023 0
1688 6.150181930958128 8.089966733885547 0
1689 6.065893263320937 8.090226304084293 0
1690 6.061321940125858 8.083652794688343 0
1691 6.069310847405697 8.082994538775093 0
1692 6.064723047470293 8.076369113871277 0
1693 6.072750674802423 8.075788327470235 0
1694 18.35250687670159 12.19724963183749 0
1695 18.00839899408633 11.19798809119607 0
1696 15.58845157343723 10.99999739783634 0
1697 15.93485595270941 10.79999461695187 0
1698 15.58845234302379 10.59999791766937 0
1699 15.93485254667318 10.39999508769561 0
1700 16.28125030699791 10.59998952250897 0
1701 8.3134100339567 12.39979332608436 0
1702 15.58845293580938 5.000000225590721 0
1703 10.39146157110507 13.9994315718126 0
1704 10.39166834519714 14.39914888640023 0
1705 10.73723171078923 14.19907932768997 0
1706 3.117693076654779 4.199990138798058 0
1707 1.732082920485503 5.39999943041491 0
1708 7.968176793355956 4.199962412352031 0
1709 8.314223448713676 3.99993739918377 0
1710 3.117697017217255 4.599972854899558 0
1711 7.96782668074272 3.799962293147921 0
1712 3.464098381999719 4.399980875345435 0
1713 12.12435644782846 8.999953113385184 0
1714 15.24213785270776 3.200126985859354 0
1715 8.660579470849976 4.199890488371471 0
1716 8.66045355500022 3.79996665032092 0
1717 2.424953343522537 5.399980383814416 0
1718 13.16306254334547 2.800574715402577 0
1719 11.43150782278984 7.399902651867262 0
1720 12.1243503537204 4.600001609945911 0
1721 13.85640477757212 5.200003620896705 0
1722 17.31980956114703 5.1998651896678 0
1723 16.28120482649557 8.199963532722887 0
1724 15.24201222034947 12.40003688504308 0
1725 14.89561521108479 12.60002769272776 0
1726 11.77793646774757 5.599990456592396 0
1727 16.9739182859803 11.79988112370217 0
1728 16.97335302311888 13.79985812356531 0
1729 16.97231825370361 14.19949381880656 0
1730 16.62588401874305 14.00008580228032 0
1731 16.62406923195742 14.40006181899287 0
1732 16.27836509808717 14.20059211635501 0
1733 16.97076629686228 14.59876013613855 0
1734 17.6646809925365 10.99909092562698 0
1735 18.01382636406512 1.602396126109065 0
1736 4.503792440808119 13.80022614915643 0
1737 6.582934376647171 12.60013242230211 0
1738 6.237216756936903 12.80005008297136 0
1739 15.24192995076583 12.80012396140463 0
1740 14.89554373709812 13.00011676735528 0
1741 14.54919944881341 12.80003435397292 0
1742 14.54914937527811 13.20009642494714 0
1743 14.2028062133693 13.00000503600684 0
1744 14.20279032006506 13.40000242040809 0
1745 14.549026207677 13.60023969296731 0
1746 14.2027736183635 13.79992959560062 0
1747 13.85649352710728 13.59984744986034 0
1748 13.85674460703425 13.99940494009254 0
1749 13.51036465499503 13.7993617192809 0
1750 14.54881706920535 14.00044301992033 0
1751 13.51008751962902 13.39984243506983 0
1752 13.16396491974729 13.59935055653391 0
1753 13.16517037270511 13.99725602418626 0
1754 12.81725807419965 13.80100764035893 0
1755 12.82019811202726 14.20336721727459 0
1756 12.46805446683247 14.0041635351397 0
1757 15.24172994561338 13.20034311926853 0
1758 12.46526818714945 14.41261837617294 0
1759 13.17147198801292 14.38634130630243 0
1760 12.11611568419893 14.20421874589235 0
1761 12.12016778898978 13.80225880126417 0
1762 13.1637144830531 13.19982887942297 0
1763 4.156859188898522 14.00007140846424 0
1764 4.15660285530728 14.399980678742 0
1765 3.810415152270903 14.20001824519179 0
1766 11.43059012561136 1.800877119843932 0
1767 2.438975290179409 11.40119376488283 0
1768 6.056713643642961 8.07708252531345 0
1769 1.385793393456292 6.800044666140879 0
1770 1.385712410994414 6.400016942330021 0
1771 6.059863317754413 8.118802977923997 0
1772 6.064753601029292 8.125777041207272 0
1773 6.05566251272397 8.126763055674362 0
1774 6.061406662227631 8.134703608149117 0
1775 6.050492519570618 8.135849566308046 0
1776 6.057436403135304 8.145792493357607 0
1777 6.043682367886952 8.14685034780652 0
1778 6.070597653585243 8.132093484638675 0
1779 6.010247528403966 8.095163013934453 0
1780 6.25763054050179 8.122413919465703 0
1781 6.262100977137623 8.128988052638846 0
1782 6.254116440267689 8.129742399791958 0
1783 6.258571895686609 8.136548267614847 0
1784 6.266730812671281 8.135572019170461 0
1785 6.250686891291338 8.137080586478149 0
1786 6.263062918936428 8.143672749238132 0
1787 6.118321350518355 8.09272091443539 0
1788 6.113729845297563 8.0861513927824 0
1789 6.105743592648682 8.086848482053027 0
1790 6.121727336165539 8.085474699815975 0
1791 7.021610950633823 7.398819177351001 0
1792 6.989821234586626 7.990851891204214 0
1793 6.965704002990496 7.988135386733553 0
1794 6.949703011470438 7.986486914259599 0
1795 6.466002640286056 8.085993903947474 0
1796 6.145588371631945 8.083414119780569 0
1797 6.153441995719306 8.082715933769856 0
1798 6.584906480219063 8.053995368084744 0
1799 6.271447393098331 8.142320148728079 0
1800 6.2683735189842 8.151016158662792 0
1801 6.258520553231754 8.152346089647157 0
1802 6.109123093425507 8.079588923661808 0
1803 6.101112302640402 8.080364856081234 0
1804 6.005666527934771 8.410048487750736 0
1805 6.460012584444806 8.121598547191168 0
1806 6.060034962080963 8.069658126058517 0
1807 6.05208118382618 8.070608993570684 0
1808 18.68442726485459 10.79610035202382 0
1809 18.69793278226288 2.398393876522454 0
1810 18.67793988483129 8.796874470036954 0
1811 18.69791894060385 5.997972360475136 0
1812 6.403111235269982 8.089183507778575 0
1813 6.411072469172609 8.088479385599204 0
1814 6.415562082885561 8.094952229855718 0
1815 6.419021640897423 8.087785920303062 0
1816 6.408808419197454 8.109416166584328 0
1817 6.405528910472158 8.116702245117807 0
1818 4.854682179421697 7.175080429239165 0
1819 6.48406533451408 8.097394274166348 0
1820 6.48686709714748 8.0898242188173 0
1821 6.002184982296571 8.095817490932278 0
1822 6.00685457229938 8.102547023713495 0
1823 6.074550768313514 6.621073684420644 0
1824 5.768485935394773 6.610575014836553 0
1825 6.05229053898019 8.159234242178346 0
1826 6.035734901009356 8.160673635443185 0
1827 6.067452210040654 8.155893214141894 0
1828 6.481771732745599 8.083494529181932 0
1829 6.489668675212585 8.082269575126567 0
1830 6.494786390269448 8.088633538165043 0
1831 6.497578985369608 8.081111626110713 0
1832 6.502688031948137 8.087438214163001 0
1833 6.505410949618281 8.079979309091691 0
1834 4.865331013708159 9.120987947677875 0
1835 4.530349853949663 9.354587652085829 0
1836 4.886602197147988 9.520893404161466 0
1837 4.543663897027484 9.75594346950545 0
1838 4.893178984973433 9.941957718321831 0
1839 4.555043912667351 10.16594613373968 0
1840 5.972471427185298 8.077480368864666 0
1841 6.57433587373916 8.077312849613456 0
1842 5.933523370310171 7.997737774532226 0
1843 5.928936435935828 7.99108612891532 0
1844 5.932485399220156 7.983756251108993 0
1845 16.27559039213876 14.60070596225425 0
1846 15.93147543576019 14.40133016673114 0
1847 18.68508973193114 11.19558750878769 0
1848 18.69437579668253 6.397257161214585 0
1849 18.69700661055962 2.798103149228813 0
1850 5.924504699045064 7.984311691969241 0
1851 5.928221474821482 7.977237016200506 0
1852 5.781376665395688 8.256755009019942 0
1853 6.014514501687583 8.053271920581137 0
1854 11.43188771218721 1.400468594390142 0
1855 3.810333093648252 14.59963809065005 0
1856 3.464047139750361 14.40027072217167 0
1857 14.19932670206311 1.401845197409991 0
1858 13.85215869347798 1.609753842093842 0
1859 5.907533865517459 8.063211121451578 0
1860 5.89170321792447 8.064668838400824 0
1861 5.977076017463249 8.083927520313273 0
1862 5.920757850690692 7.99180556165777 0
1863 6.350839691809552 8.135707590715365 0
1864 6.342831378209294 8.136156766310755 0
1865 1.033870898482399 14.61004736180329 0
1866 5.951280493750567 8.058507530881705 0
1867 5.955398246295102 8.065229695964799 0
1868 5.947429142040378 8.066198007707509 0
1869 6.358971282387101 8.134967647219169 0
1870 6.355451242187506 8.142643314262594 0
1871 12.10175126844768 14.60525462987795 0
1872 12.12130596917042 1.39397955365176 0
1873 10.7378217760039 14.59763830035484 0
1874 18.35846761843287 1.40043465482329 0
1875 18.35844858381234 14.60028672498926 0
1876 10.03911175263205 1.402884055769615 0
1877 9.687131641997222 1.19444031445748 0
1878 5.193306921937024 14.59998648367403 0
1879 7.96736811101262 14.60035787336453 0
1880 8.314477351931984 14.79801255265239 0
1881 6.510549099664408 8.086151683412165 0
1882 6.513238937455146 8.078820176352053 0
1883 5.978512973956192 8.014672577003484 0
1884 4.179789712573191 9.183017781350815 0
1885 4.845679666320413 14.80873307200484 0
1886 6.603889125282632 8.071800906679336 0
1887 6.610213384072702 8.075940903769339 0
1888 6.611237417621142 8.084712564049509 0
1889 8.636008537541276 7.384633681807518 0
1890 8.638644466658549 7.777252167652173 0
1891 1.386377819727956 8.00016076816993 0
1892 1.386682988133981 8.400167840402938 0
1893 1.385653166791028 5.199999895638531 0
1894 1.385643568163885 4.7999987568174 0
1895 1.389596343769639 11.20037715417395 0
1896 1.390039830554434 10.80040577314844 0
1897 1.388803418696836 11.600313630588 0
1898 1.385746160746998 3.199805998160205 0
1899 1.385890976896939 2.799573132567198 0
1900 1.732573442502606 2.599323163500643 0
1901 1.386187681826487 2.399153702761335 0
1902 1.733188482640188 2.198679150950586 0
1903 1.386723299011883 1.998479977449131 0
1904 1.734391586481745 1.797628124537861 0
1905 1.38775710970961 1.597385511546787 0
1906 1.736919608651772 1.396065848378625 0
1907 2.081717370079511 1.596821284981375 0
1908 1.385683740312242 3.599917452906199 0
1909 18.0129772825033 3.999960312146342 0
1910 18.35700496532171 3.799781166498321 0
1911 11.76300254684644 14.40154977869916 0
1912 8.659085176493258 11.79898444109926 0
1913 9.005445393023649 11.59848241338822 0
1914 9.352471794444737 11.79915452355927 0
1915 9.351943121359081 11.39812062401328 0
1916 9.6989327439902 11.59901638677585 0
1917 9.698557003360364 11.19803448311508 0
1918 10.04544515157631 11.39901938876557 0
1919 10.04521227526741 10.99822806333624 0
1920 10.3919775732647 11.19915053577362 0
1921 10.39185207337024 10.798608143216 0
1922 10.738501228135 10.99936418206206 0
1923 10.7384526163936 10.59909130997657 0
1924 17.3206431336335 3.200435676625376 0
1925 13.16358606236142 6.399999886760797 0
1926 13.16358604258238 6.799999834064771 0
1927 13.16358601493061 5.999999887618699 0
1928 15.58845189030153 10.19999840359499 0
1929 8.660191339219013 14.59863814867366 0
1930 17.32002405965869 4.799926871873454 0
1931 1.734253066627466 8.600283856779754 0
1932 1.387202119941008 8.800177182815183 0
1933 16.28123854956957 10.19999019192581 0
1934 10.39177754884619 2.800571937052251 0
1935 10.04568459424573 3.000248818126226 0
1936 3.474011692991654 7.202058528736984 0
1937 3.469397712543956 6.799803198861906 0
1938 9.006809322031568 3.999952838601658 0
1939 9.006761695829011 3.600016033328989 0
1940 16.28112119141471 6.199952552511009 0
1941 16.28116913835422 5.799968383704039 0
1942 17.66487837376948 9.399777556830539 0
1943 16.28687917168712 1.805921477661446 0
1944 16.29239860798215 1.410467577897057 0
1945 11.77785063595239 2.799960691466099 0
1946 5.197738053741265 13.40002855695234 0
1947 10.7378749724389 2.600944198737448 0
1948 9.344752919653402 7.789070123990385 0
1949 9.694843034191866 7.593931424193189 0
1950 6.92862210131112 12.40017022974859 0
1951 10.38743014878592 1.605766924949845 0
1952 16.62751238580418 10.39995286573042 0
1953 15.93296647637566 14.00098580558339 0
1954 11.08500813395581 10.799617834921 0
1955 11.08502765722139 10.3996337760639 0
1956 15.58674546602099 14.20197091400503 0
1957 15.58636660089462 14.60322027156154 0
1958 1.736364080984254 11.80041789303753 0
1959 1.387794239460553 12.00023852379374 0
1960 5.973565223346668 8.04258777695668 0
1961 5.217029213723511 9.715679490604764 0
1962 5.693735075294836 8.021200031666975 0
1963 5.660761652996863 8.074375341441577 0
1964 5.622599304004714 8.009595493971961 0
1965 6.055277323609433 8.063553376970752 0
1966 6.047421587564617 8.064468303473401 0
1967 6.157711074442497 9.689180525306387 0
1968 6.123150886305483 8.152473486611909 0
1969 6.135451142733808 8.149359122476678 0
1970 6.11119396320402 8.151923925353081 0
1971 6.274852252462805 8.134804992968533 0
1972 6.279790507236387 8.141407513968408 0
1973 6.518361247090681 8.084774917277478 0
1974 6.521076453928075 8.077661090149952 0
1975 6.526363883818206 8.083622773950788 0
1976 6.528895700005794 8.076476341767659 0
1977 12.4373093825691 14.816755877856 0
1978 2.084227531732141 1.194413110916444 0
1979 2.428119008826917 1.396328982948797 0
1980 2.426538378152065 1.798209461284787 0
1981 2.772009961624668 1.599004580412086 0
1982 6.14120001828096 8.125824097737871 0
1983 10.38503598209915 1.213634324130512 0
1984 6.491657219119898 9.825828182361235 0
1985 18.70244261192877 14.40007938080737 0
1986 18.68995362341935 12.39681647985408 0
1987 18.69366342126056 12.79814495733886 0
1988 18.67911779019257 9.599406349926667 0
1989 18.70304162970226 4.799901643812293 0
1990 18.70171780816442 3.999829432925357 0
1991 18.7022994254839 1.599945565038267 0
1992 2.774430365840012 1.193122840459756 0
1993 3.119548603463605 1.401716799272981 0
1994 6.02255875436703 8.052703116676339 0
1995 6.027163589255496 8.059231994427382 0
1996 5.951583436096794 8.072884726824018 0
1997 14.55089558966596 1.202890456912678 0
1998 8.307817248706439 6.78435706505 0
1999 6.027381622779856 8.144842222538854 0
2000 7.974652541149003 6.586819635458607 0
2001 7.976431811117725 6.19386919172454 0
2002 6.771286600532047 9.544928856603958 0
2003 4.905722900105178 10.35845145829231 0
2004 6.507957940715993 8.093827090757632 0
2005 5.942814269089542 8.073936853528426 0
2006 6.611146839429376 8.068524812036518 0
2007 6.617637837985814 8.072961909074236 0
2008 5.998720335953203 8.103097463187467 0
2009 6.00323881134726 8.109987875722986 0
2010 5.99411921672353 8.096437118964618 0
2011 18.7036808236677 1.199944040849436 0
2012 18.70337114260627 14.80017711172246 0
2013 5.902519842593164 8.08074125216358 0
2014 5.882336748177224 8.085114750828255 0
2015 5.870655308359221 8.064248450858845 0
2016 5.853236055901599 8.032784851707216 0
2017 6.597347446801088 8.066826580329312 0
2018 6.062604614074148 8.173101915237609 0
2019 5.983140478820475 8.020910135576965 0
2020 6.439705469910953 8.13332328856686 0
2021 6.104396113604069 8.073191611017165 0
2022 6.09647414771414 8.07393357329495 0
2023 6.11249617970844 8.072253124381927 0
2024 6.263973191650937 8.161761272489375 0
2025 5.183977837661348 7.00000000000039 0
2026 6.082287221415303 8.165729573549317 0
2027 6.5003034640819 8.073681364971234 0
2028 11.74827149617073 14.7990580004684 0
2029 1.389897387483916 1.195134858380909 0
2030 6.145687645035318 8.132634152376754 0
2031 6.153765721902337 8.131704022245152 0
2032 6.150452153846975 8.139530471097935 0
2033 6.158666522666154 8.138285732227338 0
2034 6.155915418638397 8.145641972092744 0
2035 6.166014946080773 8.144518880941732 0
2036 6.157376667435082 8.155697468037447 0
2037 6.171472688090478 8.15618377591796 0
2038 6.177301210007238 8.145717613900915 0
2039 6.183724932554694 8.155333536383019 0
2040 6.187903434831775 8.144395147195858 0
2041 6.19508247371269 8.152401401216922 0
2042 6.198736909076457 8.141064358748821 0
2043 6.205811244846814 8.15018744794555 0
2044 6.210669479878086 8.139699938672424 0
2045 6.215982952976643 8.148720004206965 0
2046 6.212424157496241 8.159130117915682 0
2047 6.220335599055955 8.140278893140351 0
2048 6.225259945658232 8.147649579886483 0
2049 6.228479325195 8.139320717955961 0
2050 6.233852140592039 8.146211906697026 0
2051 5.991610571041262 8.001974692271231 0
2052 5.98650032645077 7.996712771952454 0
2053 5.95583673565263 7.981595513346189 0
2054 5.95154911513187 7.97529532920637 0
2055 5.988363189716557 7.989168003221114 0
2056 5.980819986866656 7.99137971146563 0
2057 5.983037599005245 7.983553966873236 0
2058 5.975429439403531 7.98535782710825 0
2059 5.977574374628398 7.977690204369246 0
2060 5.984947017675982 7.97580506389775 0
2061 5.979470263995943 7.970031682847015 0
2062 6.413397713486582 8.115960543097536 0
2063 6.410458685451955 8.123373710833697 0
2064 18.01332839873525 1.200000000019438 0
2065 18.01276611857197 14.80193646698445 0
2066 13.84506718968115 1.227627780869319 0
2067 13.50606478748114 1.414954009920301 0
2068 5.96910453269181 8.084893484856478 0
2069 10.39230484541164 14.80000000000807 0
2070 3.463916305004556 14.79964513200415 0
2071 3.117815028249543 14.6018539233575 0
2072 5.920903012154797 8.110267392192634 0
2073 6.406531746698313 8.082126973026286 0
2074 6.398558245120534 8.08275774362361 0
2075 6.063269002583963 8.061293139008113 0
2076 5.916420885961152 7.984862981497725 0
2077 5.912309985770769 7.992327449126767 0
2078 6.472886765162448 8.10554266278783 0
2079 6.223921206376922 8.132338662491041 0
2080 6.204216679233884 8.133260554712404 0
2081 6.150803827641838 8.195625390954877 0
2082 5.978789240466555 8.00020252250115 0
2083 5.137274314490075 7.360986427844882 0
2084 4.87323034547043 7.513319102191798 0
2085 6.01793723825293 8.161918205784401 0
2086 6.48452208178232 8.075829412649551 0
2087 6.027805361780754 8.178455922421186 0
2088 6.15815672794008 8.089298442675684 0
2089 6.16128513366561 8.082097416981041 0
2090 6.166013238100039 8.088648888719327 0
2091 6.169085385001235 8.081519809580513 0
2092 6.173864132672284 8.087952187278521 0
2093 6.176992835216573 8.080791512333761 0
2094 6.181823950250994 8.087158707023146 0
2095 6.185090548738795 8.079745353830081 0
2096 6.189895402088454 8.086361770766556 0
2097 6.193302208516386 8.078864122625948 0
2098 6.198040395719893 8.085749705944618 0
2099 6.41652089591128 8.108630531775244 0
2100 6.093167881332374 8.081076481163825 0
2101 6.088606306245813 8.074618261529551 0
2102 6.338302889568437 8.129374991627545 0
2103 6.334872987460452 8.136417826182555 0
2104 6.006544564053357 8.053889322768912 0
2105 6.009851088094388 8.046787508356726 0
2106 6.330276240858707 8.130000366534219 0
2107 6.326865588855187 8.137144984955549 0
2108 6.322178513386554 8.130685396687445 0
2109 6.318722819897264 8.138161096078127 0
2110 6.323826490166345 8.145012675112548 0
2111 6.315128132137641 8.14594563148392 0
2112 6.310307804491079 8.138811108756061 0
2113 6.320304457931972 8.15411523680987 0
2114 6.306164895031628 8.146598265679822 0
2115 6.301900372981557 8.138943587273321 0
2116 6.295703666852216 8.146138322632227 0
2117 6.305900853198551 8.131852223017752 0
2118 6.077293213674805 8.082371893633944 0
2119 1.039413725998191 2.599525285513328 0
2120 6.048755680552036 8.077856562785996 0
2121 1.039229552235724 1.398213100957912 0
2122 1.038774450598346 13.40089100262394 0
2123 10.7384519196875 10.19892949650858 0
2124 18.69970415029098 3.599513156186934 0
2125 18.6886560453803 11.99568440956186 0
2126 11.08507756299067 9.999787325715744 0
2127 11.43150459049961 10.19987583965522 0
2128 11.43151987186884 9.799913668772437 0
2129 11.77794363735318 9.999987396194435 0
2130 12.81717570454397 5.799999753735928 0
2131 18.35643425677154 2.999293918053676 0
2132 15.24204581657114 10.39999950600069 0
2133 4.156047941743934 14.7982843824688 0
2134 16.62745928211829 9.99995716068651 0
2135 18.00886825396085 11.9980392271232 0
2136 13.50738231798166 1.806424616087804 0
2137 13.16136989842526 1.604425142110884 0
2138 13.15915887469829 1.207880939682531 0
2139 16.28117128252674 6.599959164995074 0
2140 7.274662944748384 12.60007612586087 0
2141 14.20281802569369 12.59999757150878 0
2142 13.85642372907199 12.7999710365142 0
2143 14.89562381778996 4.200036610008477 0
2144 9.352814274628184 14.19916716594398 0
2145 9.350130351480361 1.401326875270602 0
2146 6.238279200971551 12.40008900562107 0
2147 1.735290732301363 9.000270523125902 0
2148 1.387942271882673 9.200203429019313 0
2149 1.736641782942927 9.40029714027475 0
2150 1.388860289326082 9.600252975949669 0
2151 12.47067778937772 12.40004586835655 0
2152 9.353125048496182 3.8000095321734 0
2153 2.771345705780751 5.199956314430266 0
2154 2.771453874223967 5.599937615048079 0
2155 1.385671147252372 5.600002061144949 0
2156 3.117795355785847 5.399891076955504 0
2157 3.118147007887718 5.799782765931877 0
2158 18.70233507873786 5.199719946215376 0
2159 5.544577239031351 13.19998044981225 0
2160 2.425093173561819 5.799973876803709 0
2161 9.352663805626566 14.59845643204551 0
2162 9.698488101122836 14.79762917077756 0
2163 5.889725418956123 4.200096493125022 0
2164 8.660424049782684 3.400014946356429 0
2165 12.47039417120744 12.80022570768524 0
2166 12.12339915455881 13.00045260755608 0
2167 12.81710814502398 12.6000429419023 0
2168 3.464093177901399 4.799943460742231 0
2169 16.62750854635923 5.599952431392551 0
2170 11.43147747137482 6.599919783711368 0
2171 11.08498787141194 6.399829995345705 0
2172 11.08503361951196 5.99989488937078 0
2173 10.73844556922864 6.199684330385484 0
2174 10.73829744287613 6.599484962594481 0
2175 7.274917938501455 2.999787802570882 0
2176 7.621742609025775 4.000033033866417 0
2177 4.849706888795726 3.199931410428473 0
2178 1.386157799692414 7.600137787261005 0
2179 12.81717596928932 8.199999896840552 0
2180 4.503312587844267 3.399953074202194 0
2181 4.84976435247177 3.599928609818924 0
2182 4.503355814956746 3.799922847154783 0
2183 15.58845664973438 8.199999666891838 0
2184 2.771911659241204 1.999417979309067 0
2185 14.2028165964755 8.999999891271763 0
2186 3.810494141287051 4.599903934860466 0
2187 3.810511160784382 4.199950268898968 0
2188 4.156933128709342 4.399850351489115 0
2189 2.079289521085354 2.39907778609119 0
2190 4.156209138154487 2.001003158440031 0
2191 5.196119659213328 5.793990733318148 0
2192 16.28120663911914 5.399981202045133 0
2193 2.794375197031338 11.2018107732527 0
2194 16.62750556028772 10.79993259607039 0
2195 3.80996508662905 1.802071654505945 0
2196 4.155354381102377 1.602585780503704 0
2197 3.809338063357151 1.404662811088579 0
2198 4.153474212841925 1.206247649416806 0
2199 4.50098105956496 1.401189810731362 0
2200 15.93996487892317 1.599505019312638 0
2201 15.9488660429341 1.193350623257448 0
2202 9.69582813482109 7.993083329227838 0
2203 9.697451395398524 6.397691438039741 0
2204 10.39208690102582 3.200255229271787 0
2205 15.59101669336282 1.395268092264342 0
2206 1.732184090799203 6.200018906243923 0
2207 10.04582806774794 3.400100427252905 0
2208 9.353099167196385 3.400067708088168 0
2209 4.158075112617182 13.60006479290384 0
2210 12.1243525591221 5.39999722411907 0
2211 11.7779385318899 5.199993778079476 0
2212 5.200502123820353 12.9999375343044 0
2213 13.1635859122578 5.600000219098686 0
2214 13.50999625456913 6.599999952950277 0
2215 13.50999624840854 6.999999938261919 0
2216 13.16358609335552 7.199999901054028 0
2217 13.50999627393831 7.399999955938644 0
2218 10.73855231046521 5.799810435799195 0
2219 9.6991698461587 11.99951863333352 0
2220 13.85641238044554 12.39999061533425 0
2221 7.620853157602419 14.4001671154989 0
2222 7.619785034857102 14.80411992337046 0
2223 18.34969686265516 6.598223593778695 0
2224 18.69001757297478 6.797837024301012 0
2225 10.04495416818422 10.59706842613319 0
2226 3.117708271464156 14.20034674445752 0
2227 15.93485656228143 6.399994590461837 0
2228 15.93482768034784 5.599988465878547 0
2229 16.97378694190842 4.999943193636673 0
2230 10.39207037154128 11.59950478330137 0
2231 15.24204516292736 9.9999994729411 0
2232 14.89563651799348 10.19999985452663 0
2233 11.08506068840308 5.59992661938966 0
2234 7.272456759514307 14.59798960941178 0
2235 7.274348473399753 12.20014794206235 0
2236 9.351169649370373 10.99617584959606 0
2237 15.93484922251629 6.799989193005491 0
2238 12.81717562759125 5.400000230204385 0
2239 10.39187730637193 5.999485926422965 0
2240 18.3464911481006 6.998260868057423 0
2241 18.68499133767445 7.19835947575675 0
2242 18.3433763990143 7.398020491537129 0
2243 13.50999618888925 5.80000013790236 0
2244 8.657947335810931 11.3975524454147 0
2245 8.311803833199672 11.59864468565688 0
2246 10.04426001240693 7.796891482113285 0
2247 10.04360765205448 7.396963829856489 0
2248 10.39169629683298 7.598782589520946 0
2249 17.66657209735551 4.19997249874354 0
2250 4.505807297332179 13.40005479110556 0
2251 5.547219383221603 12.79987699854977 0
2252 10.73695998537711 2.202040679098616 0
2253 11.08502085022417 11.19971882138665 0
2254 16.97348651912176 10.59981651115478 0
2255 16.97383984729704 11.39985390214097 0
2256 17.31951656125141 11.59950280212473 0
2257 14.89563623939878 9.799999814619326 0
2258 14.54922663957566 9.999999941047026 0
2259 18.67951899877592 7.59789011003291 0
2260 9.346947354581534 8.187323355193662 0
2261 2.787931647157744 11.60138816608161 0
2262 2.434509850210417 11.80079239338066 0
2263 14.89506372954259 13.80080677330118 0
2264 1.734596140796701 12.20028721985862 0
2265 2.771434211859394 14.40190309258476 0
2266 2.772092800583126 14.80895834684863 0
2267 2.424871130595148 14.59999999999571 0
2268 14.89483117041573 14.20137770144742 0
2269 14.54876624789184 14.40046724313271 0
2270 14.8932086469919 14.60368606009161 0
2271 14.54760468373854 14.79944434495402 0
2272 14.20088828721403 14.59900764934055 0
2273 3.143133485204002 11.40046828450714 0
2274 1.386762730425171 12.40018394088809 0
2275 1.039274592460527 3.399888600073032 0
2276 1.039249564459904 3.799952591889661 0
2277 1.385657840905631 3.999965974527813 0
2278 1.039238769088469 4.199980517977177 0
2279 1.040835754365939 11.80017778421863 0
2280 1.039233785055331 4.999999263214175 0
2281 1.041697936113225 11.00024403224038 0
2282 1.041791338405047 10.60024884776178 0
2283 1.390101297301828 10.40038437108254 0
2284 1.041722906989778 10.20022741505006 0
2285 1.039285859299235 6.600015939070917 0
2286 1.039352341997835 7.000036436539021 0
2287 1.039267579985398 6.200008368809248 0
2288 1.040867377332134 9.400149046668952 0
2289 1.04001331185952 8.600104415315949 0
2290 1.039591010140999 7.800083597633687 0
2291 6.246276670284217 8.130356546686574 0
2292 6.402427002354342 8.124174011554402 0
2293 6.137680486755194 8.084129065200539 0
2294 6.141070879605286 8.076929162127586 0
2295 6.133145025479525 8.077625222166926 0
2296 6.476684328881125 8.077183603125018 0
2297 6.001961748258879 8.04739916819419 0
2298 6.005293879001432 8.040351762400876 0
2299 5.997433053954926 8.040965701583154 0
2300 6.00086824677308 8.034249586181529 0
2301 5.942810863522202 8.010670099036124 0
2302 5.980288401359954 8.028075651774062 0
2303 5.985059660234659 8.083226675411757 0
2304 5.973912023784884 8.09137355693592 0
2305 6.52371480224531 8.070624192423619 0
2306 6.473159279557885 8.166999344122305 0
2307 6.467845384488427 8.184781419546926 0
2308 6.485880181486751 8.179693574396387 0
2309 6.481955460858711 8.200432379453694 0
2310 6.502509806210812 8.193065693618246 0
2311 6.500755867606642 8.217353340357196 0
2312 6.527924308904197 8.202727250444973 0
2313 6.474289396512536 8.223234209804176 0
2314 6.521511426432223 8.239079166194582 0
2315 6.552769947302787 8.230453011994577 0
2316 6.559883292458026 8.201157376475559 0
2317 6.581416945799342 8.218597568917101 0
2318 6.584453820964129 8.188938230380586 0
2319 6.607517794268292 8.206350406193764 0
2320 6.704538394850925 8.04207287396008 0
2321 6.679968014070838 8.045811951474683 0
2322 6.611836154683646 8.177012367184139 0
2323 6.632419832477987 8.194829323740494 0
2324 6.638980970579042 8.167642020394059 0
2325 6.655139096535611 8.184290241629066 0
2326 6.792460700504419 8.033371950660332 0
2327 6.815502155959122 8.030490713197933 0
2328 6.767578646031983 8.035593081199664 0
2329 6.660069279298234 8.163374926749164 0
2330 6.675845223049695 8.174770919660407 0
2331 6.676703198686322 8.15290633937804 0
2332 6.694618045792675 8.166119179206049 0
2333 6.694027696681733 8.18794677630531 0
2334 6.71711277667821 8.176343945185625 0
2335 6.630410636617677 8.225150610003043 0
2336 6.69424349710121 8.144186498914799 0
2337 6.681431360970633 8.136666048934568 0
2338 6.698298408758436 8.13036516362177 0
2339 6.68380496099754 8.126106503047902 0
2340 6.714286127248081 8.204957174442422 0
2341 6.740520750593618 8.193874239799809 0
2342 6.737610623605182 8.22533819823655 0
2343 6.766670151897917 8.210364975051363 0
2344 6.764694589353319 8.245657583244821 0
2345 6.76736400227885 8.177284587278512 0
2346 6.794777682174805 8.193391693263028 0
2347 6.878809453532725 8.022578837366432 0
2348 6.902334525798983 8.019577087002101 0
2349 6.795864477476525 8.163083055084096 0
2350 6.818719829088795 8.178848871169022 0
2351 6.82118138820945 8.15424283088743 0
2352 6.840318721689241 8.165205530125659 0
2353 6.842061718233014 8.14063296118877 0
2354 6.859410011844032 8.153719094871359 0
2355 6.861454122087578 8.133725706804928 0
2356 6.877000226784155 8.144044185268807 0
2357 6.877143537807415 8.123722303140902 0
2358 6.892578389704486 8.134576987928613 0
2359 6.893364997382209 8.117413781086942 0
2360 6.906081276133603 8.124702853280528 0
2361 6.906523285702757 8.108414055377217 0
2362 6.917971590884591 8.116435647575486 0
2363 6.918258924356128 8.104472358409605 0
2364 6.928815492792786 8.109881248016173 0
2365 6.927837386423025 8.097344402805323 0
2366 6.938949311033841 8.10290513493289 0
2367 6.937791901464885 8.092359708218265 0
2368 6.93005808042317 8.087500671145889 0
2369 6.937498927457542 8.083223712516883 0
2370 6.945169409983177 8.086969826185859 0
2371 6.944358915818727 8.07852539592874 0
2372 6.951725364462654 8.08182643437495 0
2373 6.93041518574068 8.079058816827581 0
2374 6.950879603073354 8.073794548227685 0
2375 6.958031896200489 8.077037942825504 0
2376 6.958669847805909 8.08491390142202 0
2377 6.89496115098054 8.104177641949081 0
2378 6.957282150543623 8.069060973003454 0
2379 6.964494455617886 8.072307783696669 0
2380 6.862886013584122 8.116801621746317 0
2381 6.96371691919638 8.064329295554767 0
2382 6.971014499806993 8.06755231845381 0
2383 6.940509823171088 8.115269242281602 0
2384 6.908512866215153 8.140658825005577 0
2385 6.859983406186783 8.17605591916772 0
2386 6.950084522900733 8.065758084207623 0
2387 6.823243723883277 8.135039849794893 0
2388 6.970193268934833 8.059594081438263 0
2389 6.977537942935315 8.062790315469123 0
2390 6.978378858395413 8.070751196913413 0
2391 6.984933613654942 8.065970041223977 0
2392 6.985772640681915 8.073919046660709 0
2393 6.984040825633739 8.058021588679839 0
2394 6.991469133320534 8.061181530302392 0
2395 6.990510518585244 8.053237779660456 0
2396 6.997945517439646 8.056364297112829 0
2397 6.996923687261147 8.048433444639052 0
2398 7.004337168193609 8.05152541479471 0
2399 6.989557861070538 8.045328871709165 0
2400 6.77344383761642 8.151791981534954 0
2401 6.636778179530937 8.149277549839738 0
2402 6.995927076547216 8.040529488317187 0
2403 6.728145417155609 8.264486254721978 0
2404 6.862636358367808 8.025986504621304 0
2405 6.72009243023046 8.040889083516033 0
2406 6.998980478866352 8.064335624709646 0
2407 6.962889583745076 8.056379675487584 0
2408 6.923356355472544 8.082657094020924 0
2409 6.923473697957014 8.07495491363745 0
2410 6.916566431601824 8.07884473462571 0
2411 6.916782691655856 8.070850352187868 0
2412 6.909682692956872 8.074848797715191 0
2413 6.910203971169205 8.066435096665211 0
2414 6.902965776337457 8.070245068758583 0
2415 6.917258163278981 8.062703521082458 0
2416 6.903578678584258 8.061801693133683 0
2417 6.896408857402522 8.065540175362107 0
2418 6.896864464584661 8.057462301353382 0
2419 6.889742648631428 8.061093559423721 0
2420 6.889310224780454 8.068984564505252 0
2421 6.882634986173237 8.064644697833707 0
2422 6.882276877058342 8.072471075382095 0
2423 6.875553964954969 8.068259057369284 0
2424 6.875911559170273 8.060330835149994 0
2425 6.868817012559331 8.063971033918005 0
2426 6.868443572402549 8.07192721471381 0
2427 6.861699043369123 8.067621993390915 0
2428 6.862056289870162 8.059637573815129 0
2429 6.854953857490973 8.063286297153656 0
2430 6.854566808841121 8.071272077461437 0
2431 6.847835073641077 8.066934039773336 0
2432 6.847409867987804 8.074924677080867 0
2433 6.840699211189978 8.070577558722157 0
2434 6.840250511500043 8.078558094584032 0
2435 6.833558313313207 8.074211225560841 0
2436 6.833983564932825 8.066244616259162 0
2437 6.826865298653884 8.069885625909452 0
2438 6.82643081754863 8.07783235717698 0
2439 6.819732002608561 8.073515105710273 0
2440 6.819300320608743 8.081446224547832 0
2441 6.812596924801914 8.077149546563332 0
2442 6.812168925748692 8.085087533776454 0
2443 6.805439430964329 8.080799186624063 0
2444 6.804995001444249 8.088771913510602 0
2445 6.798240727200899 8.084464418147444 0
2446 6.798722145720564 8.076487425408517 0
2447 6.791543765801334 8.08012625446767 0
2448 6.790982676522582 8.0881332651878 0
2449 6.784389338842374 8.083728373765208 0
2450 6.784888010513513 8.075784087011609 0
2451 6.777794213833838 8.079369273876949 0
2452 6.777376819305013 8.08723652956265 0
2453 6.770757850068237 8.082943629935873 0
2454 6.770440320051781 8.090688234062236 0
2455 6.763738884806951 8.086612698969839 0
2456 6.763539823065523 8.094594032951186 0
2457 6.756656940458588 8.090369852003368 0
2458 6.756424483724492 8.098387110372453 0
2459 6.749503874327242 8.094137933514912 0
2460 6.749082449928419 8.102226584654247 0
2461 6.742475708398375 8.098053814810726 0
2462 6.74278495504803 8.089802083783377 0
2463 6.735720282335087 8.093402487960873 0
2464 6.74224735779873 8.107385750783722 0
2465 6.736027000875463 8.085388007983706 0
2466 6.728926522892586 8.088974860819384 0
2467 6.764058077784416 8.078699736753649 0
2468 6.729247744212181 8.081020330973388 0
2469 6.722148008811165 8.084648260912831 0
2470 6.736366614530006 8.077390309548276 0
2471 6.709244967664626 8.137284428925284 0
2472 6.721829501728773 8.092565618174293 0
2473 6.715056031520676 8.088284195345341 0
2474 6.715386953042021 8.080357622693761 0
2475 6.708292953153419 8.083987285526108 0
2476 6.820149547103345 8.065565722316913 0
2477 6.707950669212587 8.091933276771419 0
2478 6.701196550060368 8.087617523859342 0
2479 6.70154752935435 8.079675402062572 0
2480 6.694458242958657 8.083288395028971 0
2481 6.770259640133531 8.097933971626578 0
2482 6.755696802273983 8.106008412518179 0
2483 6.778218411242446 8.07146511139115 0
2484 6.785342331220929 8.067860234054752 0
2485 6.82597528665822 8.085742239491823 0
2486 6.811778966386215 8.093017837412731 0
2487 6.854140517383557 8.079280957954349 0
2488 6.804561143140649 8.096789304029693 0
2489 6.904078689589597 8.053823988926172 0
2490 6.729601531006499 8.07307978604908 0
2491 6.694819245704682 8.075337692133527 0
2492 6.687725189651117 8.078945543653315 0
2493 6.687363844500506 8.086908421759578 0
2494 6.680631590829901 8.082564410790479 0
2495 6.680268659864019 8.090526510256918 0
2496 6.673546175743086 8.086180486168775 0
2497 6.67326134665853 8.094092613262696 0
2498 6.666447582790715 8.089809034686931 0
2499 6.666236442227135 8.097686673784848 0
2500 6.659411101231072 8.093438221016248 0
2501 6.659696258740412 8.085499916556678 0
2502 6.65261628892085 8.089149981907488 0
2503 6.652360386174814 8.097102282389031 0
2504 6.652919493086218 8.081193848633816 0
2505 6.645540645033972 8.092808727671592 0
2506 6.645248532553205 8.100785414955533 0
2507 6.652126640997452 8.105077015854327 0
2508 6.660029858010752 8.077538095710382 0
2509 6.988615703515299 8.037435141529699 0
2510 6.736735607898429 8.069444091827659 0
2511 6.848235519109512 8.05895320743373 0
2512 6.897274935087733 8.049494308074658 0
2513 6.63845005628855 8.09647342067252 0
2514 6.638100151500977 8.104456942026653 0
2515 6.764320971390192 8.291897747050376 0
2516 6.681002099286433 8.074592788371692 0
2517 6.701890251849877 8.071762801563723 0
2518 6.546049591707075 8.267998332995504 0
2519 6.591658743691608 8.16690340721231 0
2520 6.823063104952031 8.205733077340433 0
2521 6.63144048004726 8.100116256160584 0
2522 6.630881781131059 8.10811286770743 0
2523 6.63767018006509 8.112459214102415 0
2524 6.630432392567139 8.116070020374766 0
2525 6.623753369632309 8.111530681548764 0
2526 6.623261851429229 8.119742679308747 0
2527 6.616542889447723 8.115245163194531 0
2528 6.616089388275363 8.123526498015215 0
2529 6.609327713694388 8.119141890174969 0
2530 6.700835644650686 8.095582030455031 0
2531 6.707592472570449 8.099910281054148 0
2532 6.778635127253794 8.06355781304352 0
2533 6.904453440654104 8.045819023063254 0
2534 6.653287261124952 8.073214447361901 0
2535 6.646162940060472 8.076884360713684 0
2536 6.64025401918472 8.049829712679859 0
2537 6.994944065212815 8.032698695369108 0
2538 7.002216091443382 8.035712878674369 0
2539 6.785791708795977 8.059962404496247 0
2540 6.695183122021654 8.067423394259611 0
2541 6.660404886896943 8.06943617199347 0
2542 6.608824271070727 8.12750446723893 0
2543 6.602080368666422 8.122791642449666 0
2544 6.982201661003444 8.042188911022077 0
2545 6.981255484807095 8.034294785800846 0
2546 6.974872549911774 8.039052236961021 0
2547 6.729954368678752 8.0651481076242 0
2548 6.501750192581349 8.274442650166195 0
2549 6.717746906205111 8.31375418855059 0
2550 6.60263518903085 8.114742203936288 0
2551 6.595377359752793 8.118208220200716 0
2552 6.594896043098808 8.126055948736985 0
2553 6.588129329478553 8.121752476262845 0
2554 6.587907903568319 8.129675068429945 0
2555 6.580700707655996 8.125480693988493 0
2556 6.580700308207428 8.1340949694457 0
2557 6.572662491100033 8.129172430803049 0
2558 6.57235829757213 8.138173877274792 0
2559 6.564006927537453 8.13284288462696 0
2560 6.563758217125498 8.143048090985122 0
2561 6.553964316238437 8.136086107369444 0
2562 6.554303615558553 8.148446219289777 0
2563 6.545228343121567 8.142369896140268 0
2564 6.543864840927855 8.153985184505551 0
2565 6.762248159351436 8.350817526090383 0
2566 6.820100650718999 8.315024631871294 0
2567 6.616648491020679 8.106316220637748 0
2568 6.897657855434976 8.041545537846917 0
2569 6.890473371151804 8.045186726068145 0
2570 6.679995605617467 8.098412906525965 0
2571 6.737120142186066 8.061480563413516 0
2572 6.743876460096868 8.065818170660584 0
2573 6.901837732919805 8.079428445102838 0
2574 6.631742550818214 8.092157806618319 0
2575 6.537380432053743 8.31425464827028 0
2576 6.488738723364241 8.329126769670655 0
2577 6.615761239556768 8.131985916268292 0
2578 6.70042583227775 8.103587214660282 0
2579 6.707155647314536 8.107934192121729 0
2580 6.811530436747199 8.100963633494722 0
2581 6.804209185519108 8.1049323289526 0
2582 6.951797572984034 8.106337430173461 0
2583 6.952828615993209 8.121913080644406 0
2584 6.965395703869936 8.112940091379514 0
2585 6.966689751683525 8.129948659317893 0
2586 6.98071527598173 8.118606859677284 0
2587 6.982775392555411 8.139093812166681 0
2588 6.998669394580366 8.128053165198004 0
2589 7.001391540782081 8.149795863687906 0
2590 6.980077678534927 8.159369603471347 0
2591 7.021137337454025 8.133517403093697 0
2592 7.022803064702744 8.162602140307191 0
2593 7.044520586541175 8.148172175580077 0
2594 7.042684211137217 8.122373533973569 0
2595 7.06439252514619 8.133478150841491 0
2596 7.059576529496393 8.106396552849738 0
2597 7.08438358535019 8.118120038350867 0
2598 7.078916932534479 8.092302894145368 0
2599 7.104630441749769 8.102808045759499 0
2600 7.09909971551747 8.080213116058054 0
2601 7.08064562121285 8.070306905913847 0
2602 7.096830321062255 8.060924772116035 0
2603 7.08325485291098 8.05443130181024 0
2604 7.094093600592812 8.045622819042105 0
2605 7.115263336244419 8.066162698880426 0
2606 7.065667196580822 8.067333400092281 0
2607 7.066771812293531 8.052139594956833 0
2608 7.049381341461634 8.178610279422285 0
2609 7.088463620553044 8.147389192613087 0
2610 7.040178573784413 8.102767408546786 0
2611 7.020260114910578 8.198836358932738 0
2612 7.055113648630703 8.218909243849842 0
2613 6.951513974964723 8.139472506692973 0
2614 6.930173571396734 8.071121993148736 0
2615 6.77905951089358 8.055655391019027 0
2616 6.771882013762818 8.059249482839476 0
2617 6.995033063625596 8.111076560807275 0
2618 6.702212783979556 8.063906071403899 0
2619 6.533993645902035 8.145746722426056 0
2620 6.695545031026613 8.059545835601551 0
2621 7.016160867961242 8.245986511127024 0
2622 6.973929480453807 8.031213720495614 0
2623 6.967600939194114 8.035919611226713 0
2624 6.646540310725044 8.068963711097419 0
2625 6.639422107872211 8.072599341903903 0
2626 6.637181455028989 8.120473063297476 0
2627 6.744306109458305 8.057892294536229 0
2628 6.750999794777429 8.062197873792336 0
2629 6.751432016577432 8.054264158948477 0
2630 6.573397612402681 8.120694067847019 0
2631 6.596094206815602 8.110549278996459 0
2632 6.904859218271835 8.037948053185781 0
2633 6.911529356374629 8.042090710666058 0
2634 6.91192860961093 8.034251880320205 0
2635 6.918637428223182 8.038086248528185 0
2636 6.980244426978719 8.026315230982606 0
2637 6.583051433215166 8.296602140625101 0
2638 6.59450993995932 8.132879848394793 0
2639 6.786289989280267 8.052149491966023 0
2640 6.792935882270402 8.056323911554893 0
2641 6.73029980688973 8.057203379408922 0
2642 6.723144295290735 8.060896599954006 0
2643 6.556863531849787 8.127211644710838 0
2644 6.890769115244305 8.037196440464388 0
2645 6.883661137435881 8.040946539914867 0
2646 6.531960079542086 8.16071097984344 0
2647 6.521416629467806 8.152193318443542 0
2648 6.817683172001594 8.394244585240148 0
2649 6.578242147927974 8.353719623701606 0
2650 6.695588034274932 8.370543289265575 0
2651 6.699942304532771 8.111671025879094 0
2652 6.706683923893017 8.116176223210774 0
2653 6.714130822722272 8.112292538932412 0
2654 6.811639946652002 8.109060953808905 0
2655 6.818458251344217 8.104827936810032 0
2656 6.803907076828943 8.113295170689451 0
2657 6.796475380377935 8.108938637027673 0
2658 6.795455693746259 8.117768556190711 0
2659 6.788441703484421 8.112838703395754 0
2660 6.786841864513173 8.122560311662374 0
2661 6.778776321483133 8.115594675884013 0
2662 6.797054606395361 8.129739879721571 0
2663 6.96673591755623 8.028180822784474 0
2664 6.960398168313358 8.032727694600785 0
2665 6.644510521818724 8.116848605834933 0
2666 6.643959754883396 8.124882021952651 0
2667 6.651476712769187 8.121351426552797 0
2668 6.650864426293914 8.12991090638643 0
2669 6.658680468695881 8.125908927110366 0
2670 6.708947051400934 8.068181259933281 0
2671 6.750606181066634 8.07013600928209 0
2672 6.709217055690162 8.060364135014193 0
2673 6.757703504190664 8.066510980774702 0
2674 6.62497373488856 8.095827329801851 0
2675 6.693384559128911 8.107209344501022 0
2676 6.688503231918774 8.063056975473739 0
2677 6.961199645631167 8.040578360496884 0
2678 6.953962315986582 8.037370725185504 0
2679 6.954762620725965 8.045252187434016 0
2680 6.947482216338509 8.042066564274883 0
2681 6.946661958832469 8.034199812679013 0
2682 6.940114684284577 8.038928425550417 0
2683 6.941154369597311 8.046712510062889 0
2684 6.939326853111575 8.031147276041324 0
2685 6.888862949501236 8.076539190090561 0
2686 6.88206534838343 8.08019873453491 0
2687 6.918175078240113 8.046287587470992 0
2688 6.565648207841602 8.156030901359152 0
2689 6.779580393290235 8.047763962707084 0
2690 6.62488866604827 8.087860950106942 0
2691 6.201561985635809 8.078465343239259 0
2692 6.206083465515974 8.085141623467223 0
2693 6.209823843881874 8.078109114773733 0
2694 6.214244193680249 8.084670771178493 0
2695 6.639957416169476 8.064925191303486 0
2696 6.646849882653396 8.06117100331924 0
2697 4.497475896924129 1.010143240743809 0
2698 4.843732554315133 1.190988852142766 0
2699 6.603166082116672 8.106869831084245 0
2700 5.825326989158839 8.314895254469594 0
2701 5.576509975819572 8.077943566772014 0
2702 5.535152896896511 7.998325130819878 0
2703 6.888793880567881 8.083557903781388 0
2704 6.88195899358215 8.087633298826884 0
2705 6.874853339017363 8.084179883685259 0
2706 6.875087900140697 8.09291427365106 0
2707 6.867771867972596 8.088035932179853 0
2708 6.882901453223647 8.10889288492379 0
2709 6.423358068732837 8.094214164587299 0
2710 6.427015731997502 8.087178869190277 0
2711 6.422511312262831 8.080773149185319 0
2712 6.430439150542011 8.080221831931444 0
2713 6.256062498753789 6.006171774898077 0
2714 6.597952364564305 5.807164484377837 0
2715 6.636585217670103 8.128498077350834 0
2716 6.658986037884458 8.117425847065816 0
2717 6.666331759110057 8.121582868268568 0
2718 6.632811216765465 8.068325440597716 0
2719 6.618400575289025 8.065220024875552 0
2720 5.921625606178928 8.421411211795361 0
2721 6.867213912601445 8.095943671496507 0
2722 6.860458839284476 8.091709118558665 0
2723 6.666232989107502 8.113473073294788 0
2724 5.176485342756354 6.575479838395655 0
2725 5.9756900848891 8.497068340475636 0
2726 6.067974886128882 8.473650742754499 0
2727 6.793394678026129 8.04854516279088 0
2728 6.800026807136804 8.052618779010853 0
2729 6.800429244403427 8.044667298458519 0
2730 6.807037535453241 8.048974824821034 0
2731 6.80670169314852 8.056931040997245 0
2732 6.813761727938317 8.053318083174524 0
2733 6.282844867151749 8.133881355260288 0
2734 6.128820211923124 8.16518960872892 0
2735 6.620814449751022 8.154871505587883 0
2736 1.03853892293325 0.9983370899144645 0
2737 6.78971522016558 8.104374900958231 0
2738 6.933703663778783 8.043612351164066 0
2739 6.935113771273685 8.051240003678428 0
2740 5.960292125936213 7.987883136949709 0
2741 6.713735466719692 8.120632765256124 0
2742 6.721476177977057 8.116811870869435 0
2743 6.721114826054053 8.125604372396996 0
2744 6.729654466986075 8.121505239003637 0
2745 6.728672775032274 8.132579525214229 0
2746 6.740522701680923 8.125716182989505 0
2747 6.738495533816453 8.139893111152713 0
2748 6.721517659673252 8.108399082536117 0
2749 7.059632372462062 8.268591715499454 0
2750 7.098381672944662 8.236744103231352 0
2751 7.644795537835261 6.390775059912227 0
2752 7.635254946438272 5.99911116336216 0
2753 7.297487116478695 6.20554110149482 0
2754 6.030714221163121 8.052164346805107 0
2755 6.688557792528803 8.210792920368787 0
2756 3.807800786351156 1.00886880889107 0
2757 15.58845726813915 1.000000000015977 0
2758 6.011755576131824 8.109424253737904 0
2759 6.008086593619337 8.117468735194043 0
2760 5.996707931247466 8.118397116181042 0
2761 6.005081512026205 8.129610510198225 0
2762 14.20310288183784 14.99783818416462 0
2763 13.84698244316761 14.79648616297753 0
2764 4.202493754533937 9.976771908202727 0
2765 4.203868488780454 10.38105862846683 0
2766 19.0312941583075 14.6005097945852 0
2767 19.02839661676707 12.59636247470371 0
2768 19.0176245986771 10.99432767967677 0
2769 19.03499230945613 1.399474561043268 0
2770 19.03495789275485 2.596475903630394 0
2771 19.04834161696095 4.999996325735324 0
2772 19.04054558577585 6.195004473543621 0
2773 19.02898443354933 6.998897978819335 0
2774 6.40858112468317 8.468004630066947 0
2775 6.328601236281678 8.438859985172936 0
2776 6.298045947655687 8.132088795799593 0
2777 6.398488436442106 7.348168240085077 0
2778 6.456436730594748 7.472467853459067 0
2779 6.587783263850557 7.512268784376331 0
2780 6.513711946581727 7.940889376870613 0
2781 6.48928047126012 7.939493266775598 0
2782 6.537502697715966 7.943397150862293 0
2783 6.496469264800017 7.574749070535333 0
2784 6.644318294303947 7.603321449160788 0
2785 6.558715869169732 7.68081326306059 0
2786 6.474398526387437 7.938815333886748 0
2787 6.415302718719467 7.569342546925258 0
2788 6.697380268278375 7.531254812528303 0
2789 6.720953949792394 7.619825504063 0
2790 6.785920937251505 7.559482311345898 0
2791 6.793842537155956 7.656784711094891 0
2792 6.791462020480067 7.966678112062438 0
2793 6.814937978915861 7.970197111317736 0
2794 6.767747608838342 7.963587870377232 0
2795 6.730772713106827 7.692215457490938 0
2796 6.819789940351033 7.723617547744086 0
2797 6.75567360453133 7.760058741901739 0
2798 6.695559680845737 7.95670303073131 0
2799 6.863592477965321 7.679271664424759 0
2800 6.867981717835393 7.745669031315929 0
2801 6.918182180072741 7.709690484873139 0
2802 6.915942382215365 7.770282387478424 0
2803 6.877628154065481 7.976421410638982 0
2804 6.902631010532016 7.9792307931702 0
2805 6.878957925064177 7.790949835864627 0
2806 6.928242032055381 7.812319502349142 0
2807 6.957865770999992 7.788669657708432 0
2808 6.957141423962668 7.830648234548352 0
2809 6.989221179837991 7.809604132713929 0
2810 6.988528711673204 7.849273957363382 0
2811 7.018538569983875 7.826792092754829 0
2812 7.021588910264192 7.79131284288523 0
2813 7.019961989569445 7.857878637959457 0
2814 7.043828376355966 7.842998636345542 0
2815 7.043921806370771 7.872982630470537 0
2816 7.068042480206146 7.857628553385979 0
2817 7.068449252760702 7.88272764270932 0
2818 7.090434381547036 7.871436014878149 0
2819 7.087096767091297 7.89902028701145 0
2820 7.112338384360511 7.885756438190328 0
2821 7.109309354537727 7.911016532808624 0
2822 7.088846150882804 7.925506483351889 0
2823 7.107411377757436 7.934149455873912 0
2824 7.09114854004027 7.942954500273069 0
2825 7.072407283717419 7.929803802471122 0
2826 7.077422364194131 7.950115752412124 0
2827 7.094300193265081 7.842431549945094 0
2828 7.103577965290765 7.954219814831071 0
2829 7.020943791739565 7.883255455597732 0
2830 7.13830073906469 7.904482591951036 0
2831 6.961799819980574 7.855758494480753 0
2832 6.886650047362307 7.832295017130235 0
2833 6.862151049021629 7.974785057748548 0
2834 6.68012416604965 7.955131762447893 0
2835 6.712738461466266 7.957716634647497 0
2836 7.123254648342659 7.945611933026388 0
2837 7.119678220637024 7.965176797187834 0
2838 7.139701868530162 7.959677671642584 0
2839 7.103355328088989 7.971969462822969 0
2840 7.116382089187777 7.982867233906751 0
2841 7.098885554733828 7.987401354697291 0
2842 7.112324547015843 7.999903646567516 0
2843 7.130821292001592 7.994667296291862 0
2844 7.090221365778005 7.976608706178192 0
2845 7.087793627196604 7.994773920910292 0
2846 7.077483299888613 7.983943984439522 0
2847 7.138603670892633 7.869395188315523 0
2848 7.171288768163181 7.885660683915212 0
2849 7.169442067057528 7.843859737133131 0
2850 7.207964027164825 7.8676859138056 0
2851 7.211703211949759 7.817204314252763 0
2852 7.153643123586757 7.793354328570617 0
2853 7.265312829886787 7.854016069586416 0
2854 7.126712046843907 8.013708511898656 0
2855 7.147753895975154 8.007467264107737 0
2856 7.202599481625292 7.909626796144462 0
2857 6.91852867397075 7.653377588933743 0
2858 6.975132498812053 7.679068999071299 0
2859 7.14122816501439 8.030260247862255 0
2860 7.166220875883813 8.024037577626387 0
2861 7.155868347892135 8.054504134676884 0
2862 7.19103322295571 8.043433802657475 0
2863 7.183410332026537 8.081940013456865 0
2864 7.225004888830637 8.070434371537722 0
2865 7.226708807818192 8.023207671868558 0
2866 7.168217916062364 7.999597654786038 0
2867 7.213132448609547 7.755203955044468 0
2868 7.15179274289798 7.728842048900482 0
2869 7.108699718770649 8.017286526790258 0
2870 7.214294453705537 8.116077940125447 0
2871 7.265074713374696 8.107599319851015 0
2872 7.165150464694712 8.119944060369887 0
2873 6.231235992404571 8.131671691409224 0
2874 7.091156138914568 7.964840982133784 0
2875 6.53419105628014 8.082207218213497 0
2876 6.536812423366986 8.075216195178152 0
2877 6.091885055875808 8.067494328792669 0
2878 6.084139362379428 8.068235827894274 0
2879 6.916363557992159 8.086468283264237 0
2880 6.881640058625713 8.361147866127853 0
2881 6.884475396037932 8.285557892299856 0
2882 6.156541084068669 8.075423436422613 0
2883 6.77017527723449 7.456766340831408 0
2884 6.81405426892627 8.045422236780123 0
2885 6.82085209729585 8.049709573149531 0
2886 19.01313860926466 10.59387070573534 0
2887 19.04429897475287 5.798974270179186 0
2888 19.03557034079494 2.19844516122587 0
2889 6.918547564629016 8.030165403578511 0
2890 2.42072594216202 14.99282032302361 0
2891 2.077434086417638 14.79859984789354 0
2892 2.073509771786062 15.19142427472295 0
2893 1.731326902929968 15.00084857915969 0
2894 9.346466215150873 1.011445644172782 0
2895 9.006059319278778 1.211429184035293 0
2896 9.352816060703624 14.99708206650141 0
2897 5.919605707338088 8.073928337069832 0
2898 6.532572742020873 8.134818293770943 0
2899 6.100567765348853 8.129539799527825 0
2900 6.096403670642588 8.137416217327658 0
2901 6.217975973760606 8.077781190424743 0
2902 6.222268027268975 8.084147463256347 0
2903 6.82095711593788 8.04205762638631 0
2904 6.827826160149902 8.045873019037497 0
2905 7.059864484522722 8.087540796491542 0
2906 7.041058132456303 8.083150053993007 0
2907 8.659766904815282 14.99718324865999 0
2908 5.933159296794373 8.031984005935293 0
2909 6.659045019338578 8.135165812087763 0
2910 16.30596695864324 1.018285043763115 0
2911 6.836242361950188 8.122979373165427 0
2912 6.986897307157644 7.871047295908648 0
2913 6.964945525379943 7.880814690234377 0
2914 6.363767001349556 8.141606253101234 0
2915 6.367097728422159 8.134145067487555 0
2916 6.360330918748049 8.14967001075404 0
2917 6.092076053828679 8.13016571444815 0
2918 6.087191909882908 8.13784642800781 0
2919 6.091730340315797 8.14455379018573 0
2920 6.407394347757524 8.130974049552414 0
2921 6.399209001125028 8.131750478855579 0
2922 6.415718032931772 8.130001628138013 0
2923 6.392892409613599 8.147963029158815 0
2924 6.380057127789822 8.140322180619368 0
2925 6.82773627116026 8.037003630559319 0
2926 6.835075702358876 8.042247515764716 0
2927 6.834718263964109 8.050275835677912 0
2928 6.841920923929973 8.04669362727059 0
2929 6.01760122296555 8.116540890717189 0
2930 6.959612149049741 8.024915178298267 0
2931 7.026464067771478 8.111604210703762 0
2932 3.123101778777366 1.00936321715808 0
2933 3.483876111774211 9.196548901015447 0
2934 5.916971255224898 7.999631185678977 0
2935 7.26931356590759 14.9908204323082 0
2936 6.924656739289198 14.79523406409938 0
2937 6.18187013156991 8.136746846551887 0
2938 6.903766227791249 8.097728270487634 0
2939 10.74372841037864 14.99131653050828 0
2940 6.066805060068944 7.554854129728563 0
2941 6.230985105392255 8.15558737556932 0
2942 6.673680733065642 7.675202337631799 0
2943 6.752076550991 8.133921139076556 0
2944 5.87595605374948 7.718744586647651 0
2945 5.967041576187833 7.703239495633067 0
2946 7.386237871262985 7.738155765566086 0
2947 6.531459366481523 8.090050411582803 0
2948 19.03153317818544 15.00133812454479 0
2949 19.02936652449965 12.99865670899202 0
2950 19.02063672236009 11.39434675042917 0
2951 19.03132155411593 14.2001174198694 0
2952 19.03556474263981 2.997232605049766 0
2953 19.04839454578785 4.599998916074165 0
2954 19.03256437801979 0.9986386509428713 0
2955 8.318182657321614 15.19248501088141 0
2956 6.178544430499327 8.094418580037425 0
2957 6.202623743980165 8.092333504473853 0
2958 6.035137396082193 8.058748230624847 0
2959 6.038704739285002 8.051978779626376 0
2960 6.031696467651746 8.065728131941047 0
2961 0.6928718276917559 6.800015187918312 0
2962 11.08178990035946 14.79748131750166 0
2963 10.73849448105101 9.798905057118873 0
2964 12.81012671851851 1.396520199926373 0
2965 12.80163713112798 0.9908502657900522 0
2966 16.28119435426775 9.799985217094875 0
2967 18.01304059990627 3.599933121308885 0
2968 12.46988997448717 13.20062515676202 0
2969 7.620688103069183 12.40000710159021 0
2970 7.620030224190923 11.9999633076719 0
2971 17.31991145972226 11.99969173796067 0
2972 14.54922652961012 9.59999987942996 0
2973 18.6960653708842 13.199325698821 0
2974 19.03067555587591 13.39961447757532 0
2975 1.738115797209044 9.800373348147007 0
2976 11.77794387566186 9.599968064290527 0
2977 2.082895363498537 8.800391453989322 0
2978 9.353155768579883 4.199948360332547 0
2979 7.621420373413991 3.599962835850256 0
2980 7.967740977253166 3.399936322608066 0
2981 10.73699634973035 13.79963309964596 0
2982 11.08127569026005 13.99969387431356 0
2983 13.510019556802 12.59996596217542 0
2984 13.51000493840432 12.19998679975244 0
2985 15.93771386898739 2.001194695156112 0
2986 4.849835827998755 3.999869513875947 0
2987 5.196276025990015 3.79991702441376 0
2988 7.289202828498372 5.80585592952853 0
2989 3.122187680325404 7.000762327078523 0
2990 3.119808048381402 6.599981126030512 0
2991 3.123273417097113 7.401806364155279 0
2992 3.466477363497012 6.399359090571121 0
2993 7.974354391977261 5.79795627415722 0
2994 3.464148836650438 2.001053912312538 0
2995 10.39222365454893 3.60010450600118 0
2996 13.16358612079862 7.599999921803933 0
2997 17.67014635486685 1.41259138357958 0
2998 17.66694258110935 1.027031560052441 0
2999 16.97388151396512 4.599976386182134 0
3000 11.43116478385612 2.600325314449857 0
3001 17.6650746909945 14.59773262645671 0
3002 17.66178165836362 14.9911031844971 0
3003 16.62683175624196 13.6001077559021 0
3004 15.58835131982428 12.60009245531371 0
3005 6.928197672025974 12.00036381831761 0
3006 10.39124138321315 7.198559811680029 0
3007 11.43144965277034 3.400071184181556 0
3008 11.08493100471617 3.200211755094319 0
3009 10.39207303933194 5.599699415900073 0
3010 15.58845248059753 9.799999032267657 0
3011 14.8941279744388 1.396837174246197 0
3012 10.04428445081653 6.598200169978307 0
3013 5.204477975176968 12.59961298349423 0
3014 4.160655411097068 13.19997148555584 0
3015 10.04522137324441 8.197103228158522 0
3016 11.08210989543083 1.603897947737543 0
3017 11.07796537983763 1.207063522993584 0
3018 11.42114909875833 1.004821659495483 0
3019 10.73836211688594 7.399357703594714 0
3020 11.43147993260041 10.99984036876188 0
3021 15.58730600979015 13.80108377732947 0
3022 15.93384674841371 13.60058974574809 0
3023 11.77793411659814 10.39995698016901 0
3024 12.12435434781427 10.19999312046179 0
3025 2.781576197130465 12.00061758479854 0
3026 6.667151579102544 8.073884075249605 0
3027 6.667580081215544 8.065716561879253 0
3028 6.660784907300511 8.061147546789751 0
3029 6.66811072547676 8.057521227394563 0
3030 6.639021789156748 8.08051271212333 0
3031 6.12631346896837 8.092039942686782 0
3032 6.67473961641082 8.062105494312743 0
3033 6.883356379737568 8.048808478445565 0
3034 6.876578788920642 8.044478342623309 0
3035 6.975778997433882 8.046935437618155 0
3036 5.967883565275039 8.070983524707133 0
3037 6.523034328049125 8.139583973672412 0
3038 6.512788334766819 8.144667134714318 0
3039 6.508886103158947 8.155862985832652 0
3040 6.942111994139047 8.054510349845746 0
3041 5.871603061285249 7.924256575762809 0
3042 5.99290639944846 8.034384501535719 0
3043 5.139004859356103 7.691078274283879 0
3044 4.885505382584022 7.771521471929906 0
3045 5.196793685587446 14.99289730419247 0
3046 5.53564364685716 14.79701227349948 0
3047 4.83020024091226 15.25620685565323 0
3048 6.050472138168317 8.057790408151458 0
3049 6.876876476751038 8.036691868889807 0
3050 6.869816481197251 8.040013354767259 0
3051 6.869476336932848 8.04802282617791 0
3052 6.862652704761189 8.043609368185182 0
3053 9.69482310375485 15.19192618610694 0
3054 9.660456725719653 0.7459118165186931 0
3055 6.278217014265516 8.12745327094061 0
3056 6.691651156920232 7.740979429537937 0
3057 6.617394020677004 7.949207829562235 0
3058 6.592012255929426 7.945885539026155 0
3059 6.63298884852921 7.951584393797074 0
3060 6.640124582633971 7.724868147518251 0
3061 6.648163562503402 7.776049644747313 0
3062 6.609117497020122 7.757956833942107 0
3063 6.614706662201994 7.791823918306266 0
3064 6.586060325224509 7.783191963085908 0
3065 6.661945169233978 7.808232157418983 0
3066 6.631061604307789 7.827420474577798 0
3067 6.572888695781414 7.752796703865545 0
3068 6.554678344119535 7.780417622919829 0
3069 6.570092230904964 7.810247300283196 0
3070 6.540471349250865 7.806439161123212 0
3071 6.551315286691305 7.831558945943472 0
3072 6.52909255804307 7.827372513379441 0
3073 6.516058742433011 7.809018196209081 0
3074 6.508099334858621 7.829749471534505 0
3075 6.495357359180447 7.809746291714964 0
3076 6.486841173117384 7.827252556910975 0
3077 6.474495909142114 7.809228156142503 0
3078 6.466341321071454 7.829289081642143 0
3079 6.453134162175939 7.810399881205713 0
3080 6.44656444440284 7.829265491786156 0
3081 6.432376710526552 7.81507268123042 0
3082 6.420339747614252 7.828993061604337 0
3083 6.413413264187795 7.813578753964425 0
3084 6.404602014437638 7.829565263584689 0
3085 6.394962661413107 7.812651535524712 0
3086 6.386307110871371 7.827248456563622 0
3087 6.37564023115098 7.812874688512492 0
3088 6.367262500508193 7.830375603428934 0
3089 6.356450262731006 7.81313824332709 0
3090 6.346087634227263 7.830655954255541 0
3091 6.338076187690735 7.813066165289611 0
3092 6.328128690438845 7.828347761514429 0
3093 6.319025068910026 7.813459166336277 0
3094 6.311185989155118 7.828990903267737 0
3095 6.301028208195707 7.813133122581815 0
3096 6.292725725024156 7.831585043684051 0
3097 6.282653384473994 7.813858976616585 0
3098 6.274782601795782 7.829007380542405 0
3099 6.264474813417785 7.813702067429277 0
3100 6.256927228388004 7.831495834563371 0
3101 6.245893306961404 7.81330346675824 0
3102 6.237830813137142 7.829765947130984 0
3103 6.22710398402227 7.81446780429123 0
3104 6.217513451648249 7.833489388995468 0
3105 6.208107885697616 7.814235451872426 0
3106 6.198837050233781 7.829726485353603 0
3107 6.189616992766512 7.815068719024655 0
3108 6.181046912046348 7.831906258251064 0
3109 6.253865199810029 7.79162661750731 0
3110 6.309724242905116 7.79619548767791 0
3111 6.363969109220013 7.793296512063675 0
3112 6.421359555397201 7.798616278652348 0
3113 6.198068876720241 7.79704529687775 0
3114 6.170708376420899 7.815604724623572 0
3115 6.162902646745692 7.830737901313425 0
3116 6.281727050148345 7.842109795600334 0
3117 6.246090815778689 7.844498189824549 0
3118 6.320742801285082 7.844462101420214 0
3119 6.413730959774082 7.842341344861048 0
3120 6.211279929732878 7.848342624848677 0
3121 6.356116769656438 7.844233384521797 0
3122 6.171407093777333 7.844919956111639 0
3123 6.156801525621303 7.845036704049576 0
3124 6.14675690739864 7.832838988987662 0
3125 6.142002372587241 7.848436742046788 0
3126 6.164299653408695 7.855100491946505 0
3127 6.131927894842748 7.836236239524984 0
3128 6.127321086287562 7.851001720146948 0
3129 6.455382462740802 7.844014809102067 0
3130 6.535973433905715 7.846868438354753 0
3131 6.551716706663921 7.849739946154465 0
3132 6.543585214313673 7.859056660096144 0
3133 6.554601482289066 7.861635562729351 0
3134 6.547845234304395 7.868917445338683 0
3135 6.538512037202357 7.867791939538931 0
3136 6.557088822406808 7.871141490506614 0
3137 6.550944416144976 7.877616485922344 0
3138 6.559448682499957 7.879452579600131 0
3139 6.553661980221973 7.885497941591322 0
3140 6.56174495140795 7.887288851474159 0
3141 6.567509294922407 7.881529948299418 0
3142 6.569593813647421 7.889125088870601 0
3143 6.556176086882677 7.893183413126799 0
3144 6.548216161087474 7.891478879868547 0
3145 6.575169650669648 7.883447740789409 0
3146 6.577393186957915 7.890873086581931 0
3147 6.58291066039641 7.884977576205882 0
3148 6.585088993687202 7.892540408948527 0
3149 6.590497732255309 7.886677505268964 0
3150 6.59285007500228 7.894448740373008 0
3151 6.598211415761836 7.88884871984847 0
3152 6.600608922861 7.896357586149525 0
3153 6.605926176225549 7.89082368398981 0
3154 6.608400725868438 7.898148583278278 0
3155 6.613788914016554 7.892502560405715 0
3156 6.616172062457946 7.899914456487292 0
3157 6.621399725264454 7.894267353768806 0
3158 6.623982475620839 7.90162760601352 0
3159 6.629431939076146 7.895857782692897 0
3160 6.631805736350731 7.903341831292011 0
3161 6.637086162520507 7.897638870338852 0
3162 6.639631282253314 7.905069727526469 0
3163 6.645078653622081 7.899342227215081 0
3164 6.647373319225945 7.90684019211681 0
3165 6.652600941203496 7.901047268704048 0
3166 6.655070909636565 7.908584112772943 0
3167 6.660246757743033 7.902771753056006 0
3168 6.117075713410728 7.838966085383239 0
3169 6.111064070180772 7.853889111494057 0
3170 6.121916889922939 7.82356453799928 0
3171 6.120608501890271 7.863859526348639 0
3172 6.662834989601401 7.910281737676904 0
3173 6.668015258394888 7.904359796351688 0
3174 6.657640413504346 7.895245468407408 0
3175 6.580521967463511 7.87799150089072 0
3176 6.670702355914647 7.911931453700083 0
3177 6.676103186262341 7.905854279795928 0
3178 6.102398880815553 7.840994690478432 0
3179 6.096145902537152 7.853169281743808 0
3180 6.678659284625676 7.913611206396791 0
3181 6.684236381643914 7.907515631225387 0
3182 6.682005300439482 7.898737042844575 0
3183 6.689988618183651 7.90192914989141 0
3184 6.692119392897677 7.909547104351587 0
3185 6.697811157254581 7.903719705230142 0
3186 6.695833509543099 7.895577834699618 0
3187 6.70357765649904 7.898252899596043 0
3188 6.705509463000491 7.905634261358051 0
3189 6.711014614655531 7.899914496144875 0
3190 6.708896631311952 7.892823083545684 0
3191 6.713175410854146 7.90735009315791 0
3192 6.718611417795845 7.901425464627805 0
3193 6.720896145481013 7.909012543565629 0
3194 6.726346605986017 7.902995643602422 0
3195 6.728670957052035 7.910712496834867 0
3196 6.734320772913606 7.904605689679359 0
3197 6.732514686036154 7.896057498237828 0
3198 6.736433915761038 7.912512491752601 0
3199 6.741808379597416 7.906704889325337 0
3200 6.744084064955221 7.914388591258576 0
3201 6.749232043809426 7.908737011332317 0
3202 6.751829677584749 7.916184979896621 0
3203 6.757165577960114 7.910311569687916 0
3204 6.753593618601164 7.902639341394925 0
3205 6.759745270703787 7.917887310884751 0
3206 6.765631160641993 7.911130974150576 0
3207 6.767758359115716 7.919528408011665 0
3208 6.773450621026059 7.913950988059693 0
3209 6.775528843964591 7.92141971358323 0
3210 6.780906625686606 7.915518508954425 0
3211 6.778449909690413 7.907890213838399 0
3212 6.783272354855556 7.923177401453055 0
3213 6.788628383953488 7.917243700641235 0
3214 6.791055766249049 7.924924299979963 0
3215 6.796428107243888 7.919037518064039 0
3216 6.798871443423563 7.926674832638279 0
3217 6.804260716761918 7.920813213727362 0
3218 6.801856038678506 7.913168665223103 0
3219 6.809683609149016 7.914970101234847 0
3220 6.807325951629694 7.907335632479794 0
3221 6.815123144318907 7.909143054021685 0
3222 6.817468743540555 7.916768387621513 0
3223 6.812787665786338 7.901455922546386 0
3224 6.822891667328987 7.910986550778301 0
3225 6.825270076321715 7.91853702201376 0
3226 6.8306762726826 7.912699303805706 0
3227 6.833091116040075 7.920256746424382 0
3228 6.838560338975445 7.914298055800789 0
3229 6.836190624178386 7.906097712706109 0
3230 6.840906091355113 7.921998867639254 0
3231 6.846346689281122 7.916141367317924 0
3232 6.848708373489193 7.923769391847626 0
3233 6.854166585296582 7.917883161949687 0
3234 6.856510464582549 7.925533386490723 0
3235 6.861984361940682 7.919652478502162 0
3236 6.859671070145177 7.911958064587765 0
3237 6.867490307036094 7.913808059189174 0
3238 6.869766086267473 7.92143160381988 0
3239 6.875218225393167 7.915587985503409 0
3240 6.877515665051128 7.923176268150371 0
3241 6.882909951958468 7.917246348256267 0
3242 6.885281633769126 7.924971020936241 0
3243 6.890596583763195 7.919136440640889 0
3244 6.893109439955268 7.926815920828568 0
3245 6.898648758768511 7.921141970229529 0
3246 6.900956676078434 7.928618393484694 0
3247 6.906424726090901 7.922805973661534 0
3248 6.908742890254551 7.930332948378855 0
3249 6.914139218347591 7.924427758031877 0
3250 6.916514042696981 7.932020806566875 0
3251 6.911715059011431 7.916592969114856 0
3252 6.888195561322028 7.911292280608917 0
3253 6.587454373866075 7.900228850591948 0
3254 6.921881456410349 7.926004132546447 0
3255 6.924316859771079 7.933798170485774 0
3256 6.088091248687288 7.841322961194217 0
3257 6.082764500458014 7.854150391458775 0
3258 6.09039009923735 7.865158628769535 0
3259 6.929754783110575 7.927949013299444 0
3260 6.932135251225175 7.935675552164556 0
3261 6.93759013807226 7.930075750399276 0
3262 6.939929686383863 7.937509369564152 0
3263 6.94528431842645 7.931891303867383 0
3264 6.947713524963717 7.939249562113248 0
3265 6.953101882998718 7.933331887518387 0
3266 6.95553378024222 7.940943406751892 0
3267 6.960971864179087 7.934977767096389 0
3268 6.963371495237628 7.942764811954525 0
3269 6.96888496159562 7.937113812132019 0
3270 6.971173250548532 7.944651930866852 0
3271 6.976591956093903 7.93907532472369 0
3272 6.978925317638137 7.94646987452132 0
3273 6.984262972181517 7.940899574616211 0
3274 6.986668845008476 7.948231035031393 0
3275 6.991956796786391 7.942582387892804 0
3276 6.99443606761145 7.949939196498986 0
3277 6.999728140318848 7.944183310176286 0
3278 7.002244162533451 7.951617508371943 0
3279 7.007580873360421 7.945791844020755 0
3280 7.010097537948456 7.953287343206309 0
3281 7.015459340799684 7.947462846830189 0
3282 7.017917928524801 7.955025949520541 0
3283 6.879881572398904 7.930838901512123 0
3284 6.073535128878937 7.843028597689727 0
3285 6.068807878281152 7.858299688030679 0
3286 6.079747553927189 7.825043064601502 0
3287 6.55074215748687 7.89908007010423 0
3288 6.542850864297689 7.897399431216444 0
3289 6.610821261138679 7.905612792441646 0
3290 6.835469915997586 7.927880192582776 0
3291 6.058232470013271 7.845978293973184 0
3292 6.053465536870463 7.859458861757709 0
3293 6.061141073272001 7.870384628291038 0
3294 6.04902345886703 7.870924385029483 0
3295 6.040586287822107 7.8628665573577 0
3296 6.037793282227343 7.873809275279723 0
3297 6.028621250898152 7.865851467450872 0
3298 6.026057030571453 7.878046721958425 0
3299 6.016878744097934 7.868884891514988 0
3300 6.01434257818571 7.881212707339334 0
3301 6.019136002284968 7.855758159887142 0
3302 6.046028480260599 7.880530843725976 0
3303 6.005161275413064 7.871782272823361 0
3304 6.002596473766858 7.88323947108062 0
3305 6.009453181430013 7.891001892078041 0
3306 6.000480752387547 7.893238670554021 0
3307 6.006746289550492 7.899461747022809 0
3308 5.998782385634001 7.902095196462498 0
3309 5.992364918355675 7.896688132395415 0
3310 5.990692805223015 7.905139155805132 0
3311 5.983794511537969 7.899823201529461 0
3312 5.982481345623264 7.908369432715646 0
3313 5.989346517313678 7.913460704975426 0
3314 5.98151897657974 7.91670053748532 0
3315 5.975001142711038 7.903157036513246 0
3316 5.988169550218416 7.9216021493875 0
3317 5.980602849353646 7.924748765101508 0
3318 5.976746885494787 7.89371071831274 0
3319 5.966395987313257 7.897491998555962 0
3320 5.968978726464973 7.887642641537309 0
3321 5.987027422537594 7.92959764717296 0
3322 5.994583099196125 7.926589185905243 0
3323 6.730967593576807 7.918401353030693 0
3324 5.993305855683799 7.934547223823679 0
3325 6.000894066333386 7.931587477306913 0
3326 6.903318181776987 7.93619726893455 0
3327 5.979568644562182 7.932640069234863 0
3328 5.973241105262654 7.927916303503443 0
3329 5.972157912114168 7.935683707841595 0
3330 5.965956654042733 7.930954214787116 0
3331 6.013768450482439 7.897678684818723 0
3332 7.023325121747501 7.949186422629844 0
3333 7.025742073402968 7.956779999775855 0
3334 7.020325326825386 7.962624145694115 0
3335 7.028137114752127 7.964383482739117 0
3336 6.926706832462573 7.941458675772219 0
3337 6.981933587782817 7.933667010466486 0
3338 6.804999431013166 7.899814125953913 0
3339 6.810318362473216 7.893714167032247 0
3340 6.649794868627317 7.914404422539951 0
3341 5.964727477282956 7.938652580021309 0
3342 5.95850099006576 7.933813568999118 0
3343 6.762155045321212 7.925557900731295 0
3344 7.022688187098837 7.970243695869931 0
3345 7.030491881504749 7.972014168607562 0
3346 6.865309171661691 7.906067414074127 0
3347 6.950116785362973 7.946789725315043 0
3348 7.031173847369168 7.950934559201643 0
3349 7.028765672524763 7.943335927041293 0
3350 6.496669322156194 7.845382817833221 0
3351 6.545344973630232 7.904966828417836 0
3352 6.537508827485077 7.90326724406102 0
3353 6.55319119795966 7.906687575568803 0
3354 6.981307541056458 7.953925002549571 0
3355 7.025022965127726 7.977869709798651 0
3356 7.032839399123247 7.979653425092533 0
3357 7.027334581471564 7.985522093243124 0
3358 7.035168330103401 7.987317526551245 0
3359 7.029624353250151 7.993256090117566 0
3360 7.03748398272098 7.995026697605341 0
3361 7.031853587574941 8.001165078003947 0
3362 7.039870116368953 8.002648287026037 0
3363 7.034332673064974 8.008529680435888 0
3364 7.042414201538691 8.010123769308986 0
3365 7.037335990361756 8.015890611208095 0
3366 7.040655066949853 7.981417150222914 0
3367 7.044944494835942 8.017530197616717 0
3368 7.039824256454287 8.023042071702847 0
3369 7.050231624785805 8.011810564216782 0
3370 6.634129284601587 7.889480439901803 0
3371 6.60373073906163 7.882568061215792 0
3372 6.785695299149497 7.930848398497426 0
3373 6.673322672551028 7.919575870395949 0
3374 5.957184283698652 7.941637862810157 0
3375 5.95076607692946 7.936759143272782 0
3376 5.952360930575506 7.928623444586179 0
3377 5.9445733280546 7.931266833991241 0
3378 5.945806759392469 7.922792236303335 0
3379 5.942867453757168 7.939854520094794 0
3380 6.935352290207644 7.922859555362946 0
3381 7.00498569164581 7.938330295531172 0
3382 5.999607079133235 7.939477258686397 0
3383 6.007178291134027 7.936572705714477 0
3384 7.030782904029363 8.014176430619784 0
3385 6.535023212223983 7.89574521892416 0
3386 6.52971956804531 7.901571109276036 0
3387 6.527296272148295 7.894077567021854 0
3388 6.521967294670017 7.8998484607137 0
3389 6.519609794179085 7.892326288501008 0
3390 6.514220113091842 7.898085520590781 0
3391 6.511901659869801 7.890517428658606 0
3392 6.50644977140031 7.896305394282092 0
3393 6.504108581932312 7.888715984291858 0
3394 6.498643824831319 7.894536054694267 0
3395 6.509646584517709 7.882895799779241 0
3396 6.496261000880623 7.886945726912249 0
3397 6.490815609468428 7.892781124782253 0
3398 6.488408789337957 7.885181944838394 0
3399 6.482997705137898 7.891039467440493 0
3400 6.485405955344477 7.898637636892862 0
3401 6.47759216554679 7.896903409804812 0
3402 6.47518165718098 7.889296781673232 0
3403 6.469768813176737 7.895162602734453 0
3404 6.467357887378714 7.887551523471789 0
3405 6.461925461164238 7.89342144645916 0
3406 6.459531785844934 7.885812631723153 0
3407 6.454133981324091 7.891750758984767 0
3408 6.451768347487317 7.88422345054556 0
3409 6.446362003118862 7.890118096003751 0
3410 6.448744492270329 7.897630227725408 0
3411 6.440962863571157 7.895959465454263 0
3412 6.438572044297668 7.888481088091638 0
3413 6.433166682648782 7.894275825488197 0
3414 6.430801854029323 7.886797489789409 0
3415 6.425367375037464 7.89255520144186 0
3416 6.508825439311776 7.90387390244001 0
3417 6.423120118262664 7.885039406702719 0
3418 6.417619140240942 7.890792555278193 0
3419 6.419946501029071 7.898340466255322 0
3420 6.412147762813442 7.896575251600936 0
3421 6.409826337508244 7.888999403152134 0
3422 6.404337489372269 7.894799502297596 0
3423 6.401999021407446 7.887198133315811 0
3424 6.396520730937088 7.893026454528872 0
3425 6.394156311392223 7.885407892663244 0
3426 6.388696320441975 7.891265169164468 0
3427 6.386304536372452 7.883643431327071 0
3428 6.380858148552634 7.88952561120502 0
3429 6.383279511667802 7.897112433376056 0
3430 6.375465388362472 7.895376148758758 0
3431 6.373047895901355 7.887780723375352 0
3432 6.36763981738616 7.893655499762056 0
3433 6.365234013448047 7.886048527269551 0
3434 6.359822765328058 7.891929305328784 0
3435 6.357419865419158 7.884317430856353 0
3436 6.352006097598386 7.890197594575502 0
3437 6.349615554464144 7.882580159622892 0
3438 6.344191404888941 7.888462644155527 0
3439 6.346602933242593 7.896065458427785 0
3440 6.338779292742016 7.894332675751153 0
3441 6.336382197428709 7.886728793114214 0
3442 6.330963495554961 7.892603507496523 0
3443 6.328582951219368 7.885001048294475 0
3444 6.323150505153004 7.890876223414222 0
3445 6.320775494175642 7.883284286029852 0
3446 6.315347453234457 7.889152305978055 0
3447 6.312969295381214 7.881571840303776 0
3448 6.307539322664991 7.887440788277626 0
3449 6.309926595277146 7.895005801575954 0
3450 6.302124244775955 7.893283971930231 0
3451 6.299737325501494 7.885714800853952 0
3452 6.294325945658614 7.891564211006806 0
3453 6.443388373503571 7.903467958763816 0
3454 6.291963453262968 7.883974666807104 0
3455 6.286539944401485 7.889827205575197 0
3456 6.284195784077845 7.882210022290868 0
3457 6.278747166980292 7.888077017691261 0
3458 6.281117332272235 7.895700381553365 0
3459 6.273305349543689 7.893962857278267 0
3460 6.270937724963806 7.886323811118643 0
3461 6.265495881798312 7.892221325253008 0
3462 6.263117538994942 7.884578693563443 0
3463 6.25768118977516 7.890483580051979 0
3464 6.260067145532659 7.898124441487726 0
3465 6.252254326057026 7.896384202111363 0
3466 6.249864694287069 7.888745696483978 0
3467 6.244447751913776 7.894631701872374 0
3468 6.242052034347719 7.887008666952686 0
3469 6.23664203243924 7.892886993262068 0
3470 6.234246907941265 7.885265992980866 0
3471 6.228837224216259 7.891141811579709 0
3472 6.472199088033401 7.902770033373281 0
3473 6.239038180333634 7.900517563808025 0
3474 6.226454309630917 7.883519749261641 0
3475 6.221039995947558 7.88939372925892 0
3476 6.532154215435749 7.909102117994041 0
3477 6.362254274645336 7.89952372647069 0
3478 6.398884271331783 7.900609995705204 0
3479 6.247465014408275 7.881131938574194 0
3480 6.223427791339974 7.897026039977583 0
3481 6.215628122466006 7.895279233777149 0
3482 6.213241218852945 7.887631723673245 0
3483 6.207820606701219 7.893533555023496 0
3484 6.205432387720959 7.885862225475918 0
3485 6.200008150413328 7.891783542669375 0
3486 6.19761130087749 7.884099398711067 0
3487 6.192192600946635 7.890038899867504 0
3488 6.194591881539774 7.897701659519807 0
3489 6.186781134282951 7.895957887216776 0
3490 6.370673575325705 7.880153043228338 0
3491 6.325544881591064 7.898440121916704 0
3492 6.210867490219156 7.879959824114353 0
3493 6.33402226939763 7.879111867572889 0
3494 6.851064099580989 7.93141148987537 0
3495 6.715401827567755 7.914932416150472 0
3496 6.634252245617906 7.910806739430078 0
3497 6.436247184357788 7.881070120918842 0
3498 6.965737008189068 7.950360311010828 0
3499 6.966636854038741 7.929762693838506 0
3500 6.472785582238484 7.881687197309384 0
3501 6.806687770853172 7.928427507527915 0
3502 6.268576949112502 7.878664698283623 0
3503 6.950436214507009 7.926309363468161 0
3504 7.004702465060021 7.959134201966569 0
3505 6.297403455639422 7.878135157206529 0
3506 6.681223566759412 7.921273319972916 0
3507 6.746464978554183 7.921999685112125 0
3508 6.231857695320279 7.877669685098501 0
3509 6.407535665560322 7.881381441377297 0
3510 6.39178837660728 7.877748530233008 0
3511 7.045356476845155 7.996720388594904 0
3512 7.035945176172165 7.966149349918277 0
3513 6.618748192825318 7.886018256435659 0
3514 7.052602542234418 8.019325516927003 0
3515 5.936178595805314 7.934023044047876 0
3516 5.934783993279989 7.942914430440335 0
3517 6.296714328200887 7.899131239385271 0
3518 6.210214738286608 7.901181313935226 0
3519 6.18918039930282 7.903612054064653 0
3520 6.181371132550191 7.901851229287882 0
3521 6.178973900073 7.894228273586187 0
3522 6.173560476861723 7.900116465639087 0
3523 6.171191763490897 7.892522178570873 0
3524 6.165808125923746 7.898431362532921 0
3525 6.163443815923833 7.890840625820482 0
3526 6.158088747227701 7.896794095779414 0
3527 6.155751573523107 7.889269085522288 0
3528 6.150443152386453 7.895231019463133 0
3529 6.15267518969204 7.902662931719171 0
3530 6.144891595098287 7.900948346803162 0
3531 6.189786538576986 7.882365980215338 0
3532 6.142867894423144 7.893640754458606 0
3533 6.137099372943822 7.899034498614386 0
3534 6.139397329063439 7.906708388578122 0
3535 6.131552175574523 7.904952209083178 0
3536 6.129122827827944 7.897324303203096 0
3537 6.123695982092411 7.903237261905852 0
3538 6.121254821966177 7.895702209092981 0
3539 6.115892189483745 7.901501226345742 0
3540 6.118251338993258 7.909045948740081 0
3541 6.110471340493703 7.907304310059154 0
3542 6.108110509709245 7.899751168412759 0
3543 6.102679168811642 7.905568629210714 0
3544 7.058040277201475 8.013546798797773 0
3545 6.414503502630781 7.904137438199117 0
3546 6.441605935899326 7.937166276302948 0
3547 6.801346263808284 7.93427264861903 0
3548 6.809150133334918 7.93600790407668 0
3549 6.483991706205326 7.790643027258241 0
3550 6.275707880182911 7.901583334339644 0
3551 7.060362009168502 8.021164279784372 0
3552 6.100286030277968 7.89795256141891 0
3553 6.094854754576255 7.903844674711736 0
3554 6.09728110344226 7.911432935216522 0
3555 6.08944687412512 7.909745113141638 0
3556 6.087033283432779 7.90204980667657 0
3557 6.081632781810505 7.907994331598951 0
3558 6.084074189049239 7.915651156779757 0
3559 6.076249990052201 7.91392345785177 0
3560 6.073825809065849 7.90627232913013 0
3561 6.068428341093798 7.91220543369062 0
3562 6.008449288820863 7.928693593764373 0
3563 6.014680362808582 7.933681952741571 0
3564 6.035423355274749 7.962485335796606 0
3565 6.168151205219742 7.905998216865063 0
3566 6.070870087395221 7.919858394774036 0
3567 6.063012890384675 7.918118984813433 0
3568 6.060613041851902 7.910494764043319 0
3569 6.055193797977459 7.916412937448269 0
3570 6.057560214199722 7.924020711117593 0
3571 6.04971947508257 7.922469528482201 0
3572 6.047440878465392 7.914632726575395 0
3573 7.017232076794746 7.976091919088277 0
3574 5.986957160105609 7.967931558689675 0
3575 6.563337380791815 7.854785952582472 0
3576 6.547787303396051 7.912553898724436 0
3577 6.555618718186449 7.914306208930563 0
3578 6.377914092298214 7.902935328593022 0
3579 6.183765227849458 7.909477993875088 0
3580 6.34119179857794 7.901919492685365 0
3581 7.06593930235992 8.015265400179867 0
3582 6.015928865552842 7.925854127382228 0
3583 6.112825281994338 7.914824209783985 0
3584 7.036613970241662 7.945108298405493 0
3585 7.03423616858687 7.937465992491541 0
3586 6.022089542732115 7.930823974106705 0
3587 6.10581328844046 7.89213294088216 0
3588 6.120569885279931 7.916578354014437 0
3589 6.254641168474432 7.904042944423727 0
3590 6.553161769671137 7.943909039932599 0
3591 7.054779928458851 8.026914448411617 0
3592 5.927100483008621 7.936700704101517 0
3593 5.926377395870972 7.946119535125206 0
3594 6.675973351341412 7.92718984130016 0
3595 6.683832336977504 7.928832290649519 0
3596 6.191586887811654 7.911318361953064 0
3597 7.06349330765223 8.007702483864314 0
3598 5.978343235900137 7.940634277232946 0
3599 5.963514217039671 7.946442368423382 0
3600 5.956176695209927 7.949313194042253 0
3601 6.005955911591002 7.944473572170743 0
3602 6.02323556026789 7.92304428451189 0
3603 6.803875861129947 7.941815426149337 0
3604 6.81165115675738 7.943548802056672 0
3605 6.020937866825568 7.938609737130355 0
3606 6.028369341918106 7.935756855742905 0
3607 6.195202551555726 7.876376169693138 0
3608 6.052180315284205 7.929847165426954 0
3609 6.126311128194841 7.889921574002303 0
3610 6.457166937530307 7.87825090544595 0
3611 6.187365382249006 7.874688061897388 0
3612 6.355081683300916 7.876682547513111 0
3613 6.493839550448772 7.879363161620915 0
3614 6.168786987227755 7.88491108436815 0
3615 6.857291889109742 7.904093942444423 0
3616 6.863193287130667 7.897938533014764 0
3617 6.854432788099606 7.895733093737885 0
3618 6.861154255656713 7.888754988040324 0
3619 6.851274404862385 7.88598018880288 0
3620 6.870140465537165 7.892225058982243 0
3621 6.859545944637916 7.877683736283058 0
3622 6.847452184445306 7.874513776634942 0
3623 6.422348479152904 7.90590198462036 0
3624 6.416921247520548 7.91172389262484 0
3625 6.424781077379397 7.91350939002162 0
3626 6.66805523887229 7.925549443900927 0
3627 6.858864114456297 7.933176047687856 0
3628 6.853422711399813 7.939052788722194 0
3629 6.861225568872146 7.940817030122526 0
3630 6.85578849599429 7.946691759038735 0
3631 6.84798298586896 7.944928425334513 0
3632 6.863599186999906 7.948462588423685 0
3633 7.026354777024897 7.935738373509739 0
3634 7.03180725439955 7.92988175095747 0
3635 7.024016693690665 7.928194020599229 0
3636 7.039791960641544 7.931428370393631 0
3637 7.037120272656137 7.923262019444977 0
3638 6.451214892049803 7.905143504628281 0
3639 6.445916922283651 7.910945647084098 0
3640 6.453719496301456 7.91261334227723 0
3641 5.933449313166564 7.951772734033894 0
3642 6.561022507710812 7.908415515728892 0
3643 6.563419619374596 7.916019398603769 0
3644 6.318399726247003 7.875698808075077 0
3645 6.818362076285947 7.895395211177889 0
3646 6.815637244414738 7.886946469699339 0
3647 6.805100258183505 7.885141553688561 0
3648 6.813483607392738 7.876986513829653 0
3649 6.801796356455956 7.873895087852181 0
3650 6.811050208846219 7.864461924934588 0
3651 6.797074647427754 7.861406719417195 0
3652 6.806601900644034 7.849273433549513 0
3653 6.788267573893361 7.87377134218308 0
3654 6.782738267505794 7.858923053313547 0
3655 6.774479788360594 7.87094526292885 0
3656 6.765661241388688 7.857501195806041 0
3657 6.778318759936171 7.841994811909307 0
3658 6.758319744970935 7.838577174719571 0
3659 6.747430517635481 7.853596294639347 0
3660 6.738920071412728 7.837930710426355 0
3661 6.727410456340975 7.854888107292841 0
3662 6.72022507121142 7.83718872558959 0
3663 6.707544573851818 7.853111889010167 0
3664 7.023832307572549 7.999319578188705 0
3665 6.67079319617365 7.933183687982405 0
3666 6.662779566348554 7.931624459055547 0
3667 6.550204775953086 7.920152883550217 0
3668 6.060082184594316 7.93167308411642 0
3669 7.045846653803902 7.925122214881558 0
3670 7.047660067428759 7.933573631900607 0
3671 7.068294802908647 8.02299815223174 0
3672 6.097937973095115 7.890190122758415 0
3673 5.962400491439684 7.954036624057677 0
3674 5.967104715548004 7.923402392896503 0
3675 7.073976589054991 8.016874536712255 0
3676 6.536993525536436 7.74978961238736 0
3677 5.929363219902354 7.927017875143976 0
3678 6.10351366778715 7.884665775275168 0
3679 6.192743091301537 7.868589013903133 0
3680 5.998318901191029 7.947363618816174 0
3681 6.806469272490872 7.949281896394567 0
3682 6.798682077152321 7.947630511981529 0
3683 5.915514918614038 7.940280653422708 0
3684 6.115126644660713 7.922282825082907 0
3685 6.005036192602267 7.952418108275134 0
3686 6.850345221164688 7.952566437771012 0
3687 6.842537831191462 7.950800260832624 0
3688 5.925263788724662 7.955241037004761 0
3689 6.186141804440879 7.917182596701817 0
3690 6.122788781207468 7.924100466704274 0
3691 6.524927332417765 7.88663163033731 0
3692 5.981180200293331 7.962237372584792 0
3693 6.18493524210847 7.867078740903192 0
3694 6.19007693650328 7.860629719306115 0
3695 7.042355401145837 7.915532937082721 0
3696 7.031235643599667 7.914858059767129 0
3697 6.816932526464787 7.937772165179767 0
3698 6.819378016902484 7.945346628234006 0
3699 6.568828572333052 7.910142841776588 0
3700 6.571215588611075 7.917718806954932 0
3701 6.565775138615333 7.923598218766152 0
3702 6.573432739621998 7.925225578102296 0
3703 6.578935281751878 7.919459494119731 0
3704 6.580990899363569 7.926986533881093 0
3705 6.586587898330939 7.921262503462088 0
3706 7.052581324520686 7.918324711487858 0
3707 6.005099009347037 7.90762323908128 0
3708 6.85763290862854 7.863927867919342 0
3709 6.871209822503015 7.870330340642727 0
3710 6.588607393717894 7.928940637558352 0
3711 6.594328313130527 7.923120124530276 0
3712 6.596457614123562 7.930924990848098 0
3713 6.602168460445449 7.924946588124266 0
3714 6.604450637058326 7.932724265706042 0
3715 6.610056975186881 7.926683555546674 0
3716 6.027087969732023 7.943346447834275 0
3717 6.03450740853827 7.940586407496043 0
3718 6.194018114097874 7.919190679412228 0
3719 6.054871857340165 7.937570238305146 0
3720 7.076476062734383 8.024694351498434 0
3721 7.07060378315848 8.031004062341417 0
3722 6.419333137095723 7.919526203385205 0
3723 6.411506311024613 7.917355862369302 0
3724 6.448526526516858 7.918319364152749 0
3725 6.456261336833688 7.919961656522078 0
3726 5.95590219236488 7.956471652372487 0
3727 5.960281765076006 7.962265933790303 0
3728 6.702584803112728 7.835957894509801 0
3729 6.691540128901357 7.850674106956292 0
3730 6.712584782156994 7.818446709763818 0
3731 6.042264265579551 7.920437921897189 0
3732 6.039977041106721 7.912732032863417 0
3733 6.045093735157311 7.906978883545924 0
3734 6.037397585006472 7.905404631074735 0
3735 6.739207136855399 7.868322788381229 0
3736 6.77827756723469 7.882587755482595 0
3737 6.767518653186297 7.880995998761607 0
3738 6.703128193001327 7.868324105845479 0
3739 6.684411820421801 7.86429432609363 0
3740 6.676578406484314 7.852030637881202 0
3741 6.671620409588973 7.865735741413104 0
3742 6.677338594917209 7.874587965496705 0
3743 6.667221350329177 7.875287066694516 0
3744 6.660637341827309 7.86738368671306 0
3745 6.657594666711987 7.876939746706829 0
3746 6.650435941119298 7.869414575319768 0
3747 6.653662729895629 7.858502433725659 0
3748 6.64269280957153 7.861668090545793 0
3749 6.672583249921051 7.883148234282901 0
3750 6.198217270030408 7.862403875868125 0
3751 5.932441249389962 7.960350392286341 0
3752 7.081934425597749 8.018339476224707 0
3753 7.079743188180219 8.010646722714915 0
3754 6.824586794370681 7.889245369840775 0
3755 6.427379503935152 7.92115751722883 0
3756 6.582740596443124 7.934498271921749 0
3757 6.681396916095496 7.883251120132828 0
3758 6.839046306262553 7.861575131057161 0
3759 6.853714899805707 7.846876082043265 0
3760 6.062647099664003 7.939499349197561 0
3761 6.771233360378923 7.890528070335428 0
3762 6.413380269145883 7.926253780560359 0
3763 6.042621283449345 7.89958053392273 0
3764 6.035065667938218 7.897951796235011 0
3765 6.05039915015738 7.90124391452416 0
3766 6.128371174836277 7.918398289525296 0
3767 6.130662290988724 7.926139649289134 0
3768 6.136262148733355 7.920149590599817 0
3769 7.039006434965178 7.952696317667913 0
3770 6.178366665038497 7.915318442067036 0
3771 6.180558977293503 7.923033913491445 0
3772 6.173008564067324 7.920960013332824 0
3773 6.824687074486325 7.939564188748328 0
3774 6.349030572756213 7.903675160470788 0
3775 6.343616626691505 7.909521846103853 0
3776 6.351486081033023 7.911331719154376 0
3777 6.346036486119002 7.917266757440048 0
3778 6.338185987897528 7.91520951332296 0
3779 6.260733592597335 7.876927940348027 0
3780 6.266215352979721 7.870973604489464 0
3781 6.258340533882157 7.869269785906991 0
3782 6.263853406247069 7.863229183556773 0
3783 6.271724400004382 7.865003628372662 0
3784 6.179555711407275 7.873045328442682 0
3785 6.224088192797358 7.875913008868855 0
3786 6.229479721852979 7.870121280377385 0
3787 6.221768170841487 7.868332786531619 0
3788 6.227125199811278 7.862632208302703 0
3789 6.234807860681991 7.864381882067447 0
3790 6.82706308395546 7.947193191872434 0
3791 6.821796176988165 7.952939107573188 0
3792 6.829326841845184 7.954917203814603 0
3793 6.068016303035003 7.933526477326119 0
3794 6.385695745417792 7.904684973301773 0
3795 6.380375540824661 7.910465767139056 0
3796 6.388081066461785 7.912286673831824 0
3797 6.382800749237285 7.918022763988539 0
3798 6.375184035493402 7.916118411384674 0
3799 6.390411468356281 7.920065193320115 0
3800 6.347285688531038 7.874939022833371 0
3801 6.352832398116353 7.869014485406695 0
3802 6.345008289412309 7.867271821963008 0
3803 6.360600205145188 7.870786542384272 0
3804 6.262456421791924 7.905761901323478 0
3805 6.257019437114089 7.911737329016714 0
3806 6.264859852132614 7.913372520718057 0
3807 6.449424201296877 7.876756460717548 0
3808 6.454826060980783 7.870682485211793 0
3809 6.447258994739312 7.869430643097518 0
3810 6.46259066912333 7.872255155241719 0
3811 6.689081175059457 7.923001489025024 0
3812 6.691605513195928 7.930523399724388 0
3813 6.696870655162694 7.924766881382347 0
3814 6.699300326589555 7.932313529109182 0
3815 6.686511856546037 7.936255075207804 0
3816 6.704610076682567 7.926568176956541 0
3817 6.706963006099659 7.934187018286744 0
3818 6.701669852585359 7.939880714541517 0
3819 6.709234551519952 7.941920310408547 0
3820 6.728811627480749 7.95996463925424 0
3821 6.714652859159777 7.936047253619076 0
3822 6.716944452947693 7.943670129163011 0
3823 6.7224063298133 7.937776125137194 0
3824 6.720075698610549 7.930167733872898 0
3825 6.727829802129097 7.931890539250517 0
3826 6.730111489121267 7.939449453996186 0
3827 6.735592075388789 7.933628710192194 0
3828 6.737789561435996 7.941162293015255 0
3829 6.743310118503109 7.935421458058613 0
3830 6.745487037956636 7.942999363972122 0
3831 6.751064858002177 7.937308948540849 0
3832 6.753216873619865 7.945059269209959 0
3833 6.758892659659804 7.939290084042796 0
3834 6.761113528996837 7.947362066404166 0
3835 6.766842231687214 7.941216827618434 0
3836 6.769312541338859 7.949286796947717 0
3837 6.111454238421889 7.886294890455173 0
3838 6.10932885694843 7.878691190123228 0
3839 6.117817830718481 7.87992430628196 0
3840 6.249214771699536 7.909967157417265 0
3841 6.86903685514983 7.942598317761509 0
3842 6.871418281968656 7.950240964446868 0
3843 6.865968241382387 7.956103715376692 0
3844 6.873772903625633 7.957673446186711 0
3845 6.879279710829652 7.952205661873736 0
3846 6.881814334114368 7.960686152427607 0
3847 6.887145778830505 7.954032181791669 0
3848 6.889628328523142 7.961463605708907 0
3849 6.894967566397781 7.955652118184879 0
3850 6.897410449152614 7.963296629846827 0
3851 6.902781105938907 7.957400687188589 0
3852 6.905242815212882 7.965110965317871 0
3853 6.91060339907444 7.959138149841924 0
3854 6.913114369133578 7.966794356561874 0
3855 6.91841072606679 7.960832697740225 0
3856 6.383946425835593 7.875982649129928 0
3857 6.389398016977401 7.870059626227581 0
3858 6.38157368375121 7.868308937589767 0
3859 6.386968634617888 7.862456840429909 0
3860 6.394838050266856 7.864017591304149 0
3861 6.379167092899724 7.860536684748382 0
3862 6.392128415689506 7.856117474417074 0
3863 6.840185560203283 7.943165924604807 0
3864 6.283511105174313 7.903313802380248 0
3865 6.278151150788169 7.909196176050046 0
3866 6.285892276549307 7.910943112384293 0
3867 6.280663434195984 7.916859938158759 0
3868 6.485997045420514 7.877592675942088 0
3869 6.491351712154104 7.871906932925222 0
3870 6.483613925968637 7.869890260243054 0
3871 6.499268852827808 7.873455402137805 0
3872 6.461475452563534 7.91436244709026 0
3873 6.463872271564496 7.92186909392805 0
3874 6.469217387484321 7.916227811210796 0
3875 6.774866135949356 7.942936567052566 0
3876 6.777536546231136 7.950676884751369 0
3877 6.892516850500596 7.947995162804688 0
3878 6.199429143523112 7.913082269380741 0
3879 6.202000469757726 7.920870357399281 0
3880 6.207254590014931 7.914705186383381 0
3881 6.310601335204042 7.873992364980703 0
3882 6.316023406574944 7.868125178706151 0
3883 6.308267717950966 7.866411405685605 0
3884 6.323827053595069 7.869817733012117 0
3885 6.39580979580612 7.913996460716428 0
3886 6.782843263518333 7.944499554647264 0
3887 6.107464267230207 7.920592675742438 0
3888 6.109834939741054 7.927932113750941 0
3889 6.102206516813503 7.926411880422364 0
3890 6.915954319791989 7.953214060968986 0
3891 6.923739710612359 7.95493822776279 0
3892 6.926187754835317 7.962507143050176 0
3893 6.931529587656997 7.956659153029813 0
3894 6.93396585965028 7.964176578874421 0
3895 6.939322243062668 7.958384719593683 0
3896 6.941730402806304 7.965887397455285 0
3897 6.947085108510466 7.960156048871808 0
3898 6.949501693033502 7.967613381405209 0
3899 6.95486963600834 7.961937764154079 0
3900 6.957312947548495 7.969383225711127 0
3901 6.962704742118254 7.963738514072425 0
3902 6.965108089052928 7.97146639286141 0
3903 6.970518499446072 7.96559441932379 0
3904 6.972965851781762 7.973371803288768 0
3905 6.978313862819451 7.96736776717696 0
3906 6.980853295022481 7.975187568286803 0
3907 6.986132632055062 7.969121930373651 0
3908 6.019732558348794 7.946299320327926 0
3909 5.969672162714514 7.951438374530589 0
3910 6.542382533358335 7.91838917612597 0
3911 6.544762744444136 7.92589936148864 0
3912 6.536966579650838 7.924114621473134 0
3913 6.552657764499672 7.927832113995867 0
3914 6.259415215481764 7.919480281209709 0
3915 6.592147197869398 7.915442168796375 0
3916 6.771531971919612 7.820789985244105 0
3917 5.99320747264196 7.875245758679296 0
3918 5.995873355986078 7.861311391463998 0
3919 6.460182898470913 7.864513027199452 0
3920 6.4680508111517 7.866452678143412 0
3921 6.468068394883945 7.843065338549116 0
3922 6.780510319344105 7.892572074858365 0
3923 6.35404246148249 7.919098066047992 0
3924 6.359327157842992 7.913017724047283 0
3925 6.755096768814536 7.952948765330184 0
3926 6.988511529433088 7.976680972342854 0
3927 6.993901980532904 7.970825877290769 0
3928 6.996277789047584 7.978400799675981 0
3929 7.001668100646914 7.972591569960615 0
3930 7.003985111030143 7.980279263204647 0
3931 6.612433329535948 7.934320703152331 0
3932 6.617945438769373 7.928350719085859 0
3933 6.620359000911408 7.935822583806436 0
3934 6.625820387655563 7.930036662309085 0
3935 6.615571318996777 7.9207626721895 0
3936 5.997458267447961 7.955238049705851 0
3937 6.003873951469574 7.959958793772829 0
3938 5.990800250516992 7.950799091784523 0
3939 6.785595496618711 7.952066168474361 0
3940 6.665611897391604 7.939330473194598 0
3941 6.657391734457196 7.93795852350523 0
3942 6.654753861622807 7.929891700192988 0
3943 6.649260281252666 7.936025676837289 0
3944 6.64685168872261 7.927981279486095 0
3945 6.641386694011356 7.933875930203556 0
3946 6.639062919257684 7.926065037068462 0
3947 6.673704968310195 7.940696112736989 0
3948 6.892427554255619 7.969236626686419 0
3949 6.471528380506498 7.923863256386807 0
3950 6.477144913238348 7.918139626768429 0
3951 6.479962963618922 7.926538350929382 0
3952 6.485031774873304 7.919694110038996 0
3953 6.269422547988791 7.857144746076626 0
3954 6.095636118408891 7.881032506538141 0
3955 6.089970489874003 7.888092538403929 0
3956 6.087080996940356 7.880313820573042 0
3957 6.082122795918476 7.886631164593673 0
3958 6.079856268761334 7.879230551562578 0
3959 6.074404827251279 7.88520793458924 0
3960 6.017246417707208 7.918039292696934 0
3961 6.02444350905961 7.9153073787372 0
3962 6.362155724654681 7.920435288939903 0
3963 6.288305965094747 7.918499816608795 0
3964 6.293713047131273 7.912527853009474 0
3965 6.296183775411542 7.919915515244014 0
3966 6.301486496945714 7.914126893251851 0
3967 6.012198000480931 7.958017029810666 0
3968 6.936510382297401 7.971502592618578 0
3969 6.255929651826625 7.861629660296519 0
3970 6.250454018015015 7.867672017318044 0
3971 7.038021470061492 7.90321911225231 0
3972 6.643496707298684 7.94181817137676 0
3973 7.084973795307549 8.025888084994319 0
3974 6.640044706998767 7.873014951462463 0
3975 6.631872537757545 7.864599825839638 0
3976 6.606870349682752 7.940524144191085 0
3977 5.940173794908487 7.956980945592868 0
3978 5.939392259088528 7.964721440830399 0
3979 6.496405465997673 7.865909160130572 0
3980 6.504708577634826 7.867333023779879 0
3981 6.232360690708031 7.857012261860697 0
3982 7.044421069514907 7.946910262394978 0
3983 7.046860268893468 7.954425100219256 0
3984 7.052341947277734 7.948555022159036 0
3985 7.054774136438096 7.956083329792635 0
3986 7.049224046327835 7.96201882624894 0
3987 7.05705035778197 7.963708689372371 0
3988 7.051572383372045 7.96959818213816 0
3989 7.059353950088978 7.971237499813367 0
3990 7.064915503973221 7.965228925792378 0
3991 7.053930744765154 7.97721189222091 0
3992 7.061788792637294 7.978859897495863 0
3993 7.056288818776974 7.984889801223421 0
3994 7.064095800804187 7.986721841385603 0
3995 7.058625012488287 7.992582239571974 0
3996 7.066350953349692 7.994442259287696 0
3997 5.972265984573788 7.972015714767839 0
3998 6.358438300576898 7.863153558381652 0
3999 6.400389125168179 7.8577238520778 0
4000 6.402862164848206 7.86590793120276 0
4001 6.408674550749102 7.859956067642607 0
4002 6.410939261780699 7.867889059485737 0
4003 6.41684017654052 7.86223624344264 0
4004 6.41889543468481 7.869910523030256 0
4005 6.424799067538661 7.864356776260604 0
4006 6.844864811787493 7.958437498838906 0
4007 6.85273670191408 7.960206673851909 0
4008 5.954510248409729 7.920849529182253 0
4009 5.948588447729496 7.913830298573902 0
4010 5.95683223616486 7.889495572401859 0
4011 5.963995254011452 7.875242169331188 0
4012 5.944406221086113 7.878477139699227 0
4013 5.948450254401884 7.860082170604412 0
4014 5.928364363986273 7.865859248949482 0
4015 5.931521926084244 7.84350281961081 0
4016 5.957021550618921 7.838695225137174 0
4017 5.936346225374568 7.815332997927575 0
4018 5.90726443837547 7.827730865936671 0
4019 5.968668725575274 7.803152977849061 0
4020 5.92651162532215 7.885602714500619 0
4021 5.845464463656306 7.836471493084691 0
4022 6.801396566957689 7.954997876338528 0
4023 6.761927374113892 7.889440955007112 0
4024 6.757342104375405 7.881454508814245 0
4025 6.752809349907815 7.889289493118731 0
4026 6.138760683983014 7.927711271221117 0
4027 6.144139582232825 7.921806515735968 0
4028 6.398077708458258 7.921438321662427 0
4029 6.026201831061358 7.951711785897949 0
4030 6.321410949416123 7.862314555749162 0
4031 6.329261645984414 7.863871429184085 0
4032 6.451259944114245 7.925463610922414 0
4033 6.443427565677037 7.924082499516713 0
4034 6.780415350133714 7.958214856135779 0
4035 6.438936935544535 7.843998336616256 0
4036 6.723710338465814 7.870159136882217 0
4037 6.729577344259023 7.880600272993669 0
4038 6.718688569345529 7.879787775980687 0
4039 6.342997771654831 7.844893359579386 0
4040 6.219580858630935 7.860818092663562 0
4041 6.214026295225226 7.866421263658805 0
4042 6.305465441193705 7.842958223674007 0
4043 5.924387625269951 7.963934308652559 0
4044 5.916466662612511 7.958897186539961 0
4045 5.915800192752606 7.969523431691311 0
4046 5.907606090483893 7.874160347047354 0
4047 6.277469102306796 7.858832571380046 0
4048 6.279620780114172 7.866844244724321 0
4049 6.285200597922616 7.86112833792691 0
4050 6.628123641372023 7.937517289059209 0
4051 6.210093095490111 7.922059416950701 0
4052 6.215194009809815 7.916240503308659 0
4053 6.568061679877461 7.931026081789128 0
4054 6.267627737254995 7.9208080013979 0
4055 6.035775079530275 7.932898678693942 0
4056 6.369232188335789 7.844547305779026 0
4057 6.702238223383031 7.918977384752144 0
4058 6.822282509722152 7.931959289094211 0
4059 6.076800722472925 7.892688285979003 0
4060 6.069027662757017 7.891005645580719 0
4061 6.77239637031158 7.935127221227374 0
4062 6.438069703518736 7.909295318904407 0
4063 7.018417938533506 7.933963345442604 0
4064 7.015940324641111 7.926214414291087 0
4065 6.482494960308015 7.912111180450947 0
4066 6.490321465883364 7.913697769345285 0
4067 6.492916563490716 7.920823688527531 0
4068 6.498098467106666 7.915363694550765 0
4069 6.500435593892375 7.922876483300826 0
4070 6.505827511428834 7.917226075960805 0
4071 6.508172249289101 7.924938700051944 0
4072 6.513608556319667 7.919072994158389 0
4073 6.51604924862928 7.926794018670908 0
4074 6.521410288685441 7.920812128415676 0
4075 6.523857615484555 7.92838038644553 0
4076 6.50145151574025 7.931464812874894 0
4077 6.49565212370123 7.907902266242083 0
4078 6.518982795039866 7.913215748906802 0
4079 6.936914779129304 7.950836295132818 0
4080 6.991508544520518 7.963210261552332 0
4081 6.177118772317786 7.865357921036656 0
4082 6.171685975293363 7.871390748222005 0
4083 6.566451959991184 7.902552674620645 0
4084 6.80911744566159 7.956640001250453 0
4085 7.088019251850428 8.012176126010838 0
4086 6.029687818654843 7.903281750142839 0
4087 6.574258596940752 7.904297464031075 0
4088 6.373826309019679 7.866578223560833 0
4089 6.371573606760245 7.858939226782966 0
4090 6.195528912832003 7.854284283828274 0
4091 6.287386665866221 7.868782823471475 0
4092 6.292862981523513 7.863192269037534 0
4093 7.027073167271841 8.093797742246686 0
4094 5.992147912011689 7.974324662186544 0
4095 6.171738960787077 8.627435209973257 0
4096 5.526875432824179 8.341986105713307 0
4097 6.217831259147317 7.923389695803903 0
4098 6.222910946914766 7.918010959941187 0
4099 6.220467582491468 7.910468750665366 0
4100 6.228227193883311 7.912231724929985 0
4101 6.230545997164683 7.919907218401345 0
4102 6.235980450782659 7.913991444022495 0
4103 6.238224486980799 7.921487491293267 0
4104 6.859970984444416 8.099912865087241 0
4105 6.853190191176838 8.095422503615318 0
4106 6.85264625544062 8.103615969865107 0
4107 6.845897474599413 8.099074113632511 0
4108 6.846455533954883 8.090969336690414 0
4109 6.839230929677008 8.094530271159483 0
4110 6.838554253651675 8.102606129454635 0
4111 6.832036934649993 8.097969907094608 0
4112 6.83124850913725 8.105788555266155 0
4113 6.102166616760485 7.863499904217734 0
4114 14.8910413358631 0.9972259796026453 0
4115 14.56835330566063 0.80878549375623 0
4116 14.89092308144683 15.00297884304935 0
4117 6.057247746550925 7.945344631121284 0
4118 6.048628959103164 7.943463685754354 0
4119 6.511979276060126 7.845200321498482 0
4120 6.443064150393213 7.634782911456684 0
4121 6.373296227688485 7.641858057077347 0
4122 6.339197121612026 7.573296113132303 0
4123 6.302645781666139 7.63830081708455 0
4124 6.330874677164751 7.694726463040482 0
4125 6.274843865524748 7.693551306901782 0
4126 6.237782935517242 7.64274845516438 0
4127 6.211823976508101 7.705083332843654 0
4128 6.176138088234083 7.655600464101094 0
4129 6.159892720395786 7.713284363795611 0
4130 6.118899897333697 7.666175276344557 0
4131 6.104080061367259 7.719371653063709 0
4132 6.135626388015927 7.758629366882931 0
4133 6.083241600329744 7.765176805974193 0
4134 6.055510656504954 7.728417767507842 0
4135 6.039150281846266 7.767068312954946 0
4136 5.907583998528915 7.897585773944052 0
4137 6.025980691068995 8.045685009738976 0
4138 6.668780158469723 7.9468644017823 0
4139 6.226272569878613 8.125005071921096 0
4140 6.765612266173108 7.897418238354707 0
4141 6.452242500608914 8.289738831332896 0
4142 6.436655893172053 8.336103653824633 0
4143 6.401798821580068 8.295716078887406 0
4144 6.603782025910187 6.200124137187832 0
4145 6.732243398800876 7.946910021180284 0
4146 6.629318382340765 7.874186874982212 0
4147 6.621557091342012 7.867076889284353 0
4148 6.623596163618935 7.856727448864432 0
4149 6.612466753781867 7.859680283668027 0
4150 6.615493103838221 7.846801860934757 0
4151 6.601954487966967 7.85138504912651 0
4152 6.60467206839026 7.83665948468129 0
4153 6.587778097846344 7.844154103386501 0
4154 6.601339999163759 7.865501618053559 0
4155 6.027497085736011 7.895454457707894 0
4156 5.966084955840629 7.907575417795673 0
4157 8.278715440921308 7.57313341717672 0
4158 6.959656216618587 7.976825327385468 0
4159 6.68899703929865 8.055163323745894 0
4160 7.434782092772546 7.883669292366523 0
4161 7.107592584719145 8.289395797387606 0
4162 6.301581242418068 8.12520903319373 0
4163 6.633768587403569 8.060922329971046 0
4164 6.844322817897716 7.895007689341381 0
4165 6.608265280903831 8.13648373237927 0
4166 6.190707512793383 8.135113672525707 0
4167 6.685410045440358 7.785205190181074 0
4168 6.721704880622529 7.887615271085487 0
4169 7.188475824889936 7.423723457430709 0
4170 6.427117142728847 8.144215251222375 0
4171 6.161536461335889 8.130558130903603 0
4172 6.975507284238138 7.980725040209991 0
4173 6.970556283530281 7.598770653097255 0
4174 7.045267640652155 7.661792286638701 0
4175 6.420378553275071 8.249116503993864 0
4176 6.422937378233237 7.856743035389535 0
4177 6.430892353189353 7.859035301973756 0
4178 6.432553126533176 7.866344596351426 0
4179 7.079770124640471 7.970980779783309 0
4180 6.518032470649147 8.166397160719267 0
4181 5.744760600942408 8.327967918658381 0
4182 7.060590314580823 7.949916862268971 0
4183 7.05779114963145 7.942154395562483 0
4184 6.67328544616443 8.117576902407484 0
4185 6.213829677645569 8.07126417434047 0
4186 6.426111601119132 8.073217007463892 0
4187 6.036443342916959 7.884635556543331 0
4188 6.946026359129146 8.026336657035255 0
4189 6.938440395557395 8.022606918261664 0
4190 6.931961825731186 8.028527627623943 0
4191 6.247930978932386 7.860284216938711 0
4192 6.435344547679111 8.086600720248155 0
4193 6.438526457268778 8.07893473640177 0
4194 5.875190110937468 9.504247011723738 0
4195 5.833139509856085 9.90232218582746 0
4196 5.965696939289346 8.09263294514685 0
4197 5.961050066309708 8.085678928310443 0
4198 5.947774175054468 8.080749559277878 0
4199 6.547264362739037 7.93305603910583 0
4200 7.111545924726139 7.761513310316245 0
4201 6.741184695082706 7.880787216792789 0
4202 6.678190837741229 8.275023600410778 0
4203 6.075964994543428 8.188416875931454 0
4204 6.377765485550815 7.923235673147806 0
4205 6.824192547160202 7.960581101990845 0
4206 6.173992427025238 7.751921561703417 0
4207 6.226495204016972 7.750210709272773 0
4208 5.990545881261889 8.103767915248842 0
4209 6.673070731950546 8.109716831378375 0
4210 6.581213370964524 8.143819410308277 0
4211 6.679706514930921 8.113666640780881 0
4212 6.935803088200062 8.058984137034892 0
4213 6.928246867717519 8.055227333501611 0
4214 6.868656184053616 7.964369615048042 0
4215 5.985730251413647 8.014409027108062 0
4216 6.930504374055905 7.84243632868313 0
4217 6.777694292357872 8.127504011614544 0
4218 6.768926113930328 8.12191129582969 0
4219 5.911674541568587 7.793282318294697 0
4220 6.005481966416205 8.020686905565324 0
4221 6.397172701791007 7.849056978544778 0
4222 6.832099385891223 7.768583932477903 0
4223 6.051564904505526 8.119090854252876 0
4224 6.787655708244871 7.886713783828247 0
4225 6.789325135695808 7.89521206807103 0
4226 5.938927225412584 8.066586010049127 0
4227 8.288752433537573 7.962918738990006 0
4228 8.639370787634006 8.17250243174588 0
4229 8.268913958285903 8.366063780556479 0
4230 8.648555871335788 8.567543366305992 0
4231 8.314909165847682 8.760369473042752 0
4232 6.752187209734796 8.121748741290318 0
4233 6.14662890368326 7.929017112683333 0
4234 6.151959363706592 7.923566131664444 0
4235 6.149588162313483 7.916024243497597 0
4236 6.157474121525086 7.917810119041372 0
4237 6.160238344491905 7.925922327266381 0
4238 6.172056905267715 8.074648818649539 0
4239 5.95912165900016 7.974621886137824 0
4240 6.501283927659232 7.858486427407515 0
4241 6.510561874680807 7.861461897579924 0
4242 6.513353473536646 7.869481591897635 0
4243 6.51727573528154 7.864067921413832 0
4244 6.521621148731099 7.870797475795928 0
4245 6.532862999479029 7.859385754160499 0
4246 5.986084270518308 8.097003665277445 0
4247 6.58995536237616 7.825238621017108 0
4248 6.748893347282197 8.148975993092312 0
4249 6.283329340219869 7.9251961643859 0
4250 6.339500989715922 8.143218638541626 0
4251 6.351606961339396 8.15055619238005 0
4252 5.382143120197876 7.52807798908781 0
4253 5.394248596001565 7.262659089892306 0
4254 5.361433746035839 7.747854490593288 0
4255 5.522734402986055 7.022209791083997 0
4256 5.996863831773548 8.02190178056067 0
4257 5.999424708606775 7.982786232621955 0
4258 6.131080675461167 7.862297759112352 0
4259 6.143863557056749 7.859749277062935 0
4260 6.127941241573064 7.870213946927831 0
4261 6.912033181090107 8.026642332301602 0
4262 6.723508535971424 8.053048262665161 0
4263 6.730527979816125 8.049242308646523 0
4264 6.302845052563415 7.742617819173046 0
4265 6.351404366611181 7.745243517981304 0
4266 6.380932602409651 7.706116205201919 0
4267 6.465982052035089 7.929715548256505 0
4268 6.066475010230603 7.882946023483111 0
4269 6.061331470351583 7.889558858365064 0
4270 6.063628952266328 7.897007831988124 0
4271 7.073463619615627 7.914611794127572 0
4272 6.186889912627285 7.851757759105658 0
4273 19.34279434297489 10.79219591088062 0
4274 19.35996217051119 5.997228450262117 0
4275 19.0445868639794 3.799867336627217 0
4276 19.35740234041714 2.398144084858771 0
4277 7.994948104144449 8.602394219489032 0
4278 8.003932189999896 8.937485493007152 0
4279 7.704635430542818 8.73335907659702 0
4280 7.701403304303829 9.07293352111995 0
4281 7.986745586762575 9.308236439506281 0
4282 7.669132574700809 9.409430673474239 0
4283 6.3786124144967 8.339096930195652 0
4284 6.348888611951795 8.298569015996028 0
4285 6.82617288690868 7.897651846512056 0
4286 6.221862506820188 8.181430489979542 0
4287 6.225889765304736 8.077374560338537 0
4288 6.230157280523592 8.083496973585948 0
4289 6.233599478721271 8.076787889969676 0
4290 6.237970394041767 8.082630450481734 0
4291 6.842554048283614 8.039002776294026 0
4292 6.849064497494545 8.043034964740727 0
4293 6.849257191323615 8.035170022567645 0
4294 7.097175404792115 7.999835850296553 0
4295 6.980302841506086 8.211508906751332 0
4296 6.969599308227048 8.264083357060933 0
4297 6.27700371305892 8.157857479116448 0
4298 6.194377096243817 7.588104412463585 0
4299 6.235246492199534 10.42161580244274 0
4300 6.290744108726198 7.856379929375164 0
4301 6.297956379858801 7.857128724061146 0
4302 6.83138102886431 7.96277944778964 0
4303 5.935965780567509 7.976799567710909 0
4304 6.695881766220626 8.051557039106457 0
4305 7.210438180395156 7.684760298184803 0
4306 6.259215163948735 7.84610672221627 0
4307 6.241740391756418 8.152509103717721 0
4308 6.374822860402805 8.26120971911039 0
4309 6.398175685836437 7.751116137473447 0
4310 6.70379704629976 7.947827038796826 0
4311 6.696613377414941 7.945096848214865 0
4312 6.894835038466505 7.499215968000589 0
4313 5.858560105697596 8.086363897407097 0
4314 5.846586504695378 8.059709893067373 0
4315 5.872939272910418 8.108154371457669 0
4316 6.32678401308986 7.856193861692949 0
4317 6.3348477023225 7.857863792592875 0
4318 6.30381563526729 7.92144506540896 0
4319 6.309219782702552 7.915833632471596 0
4320 6.306884478746847 7.908359397602178 0
4321 6.314679236318466 7.910116849311176 0
4322 6.317022260870973 7.917659597264448 0
4323 6.322502655522766 7.91178880701923 0
4324 6.324908691035048 7.919249926636462 0
4325 6.545008529527651 8.133235404409682 0
4326 6.93751798072566 8.230846504889401 0
4327 6.01866250725827 7.910240755677593 0
4328 6.211850425603466 8.130638601665691 0
4329 6.135588563992822 7.86907756193784 0
4330 6.132944286569996 7.876342276746183 0
4331 6.140555751403571 7.875023973699369 0
4332 6.99821404794716 7.986782035240513 0
4333 7.006504768735522 7.987641266040391 0
4334 5.884338111292926 8.499558400442119 0
4335 6.008694511728438 8.032994001877244 0
4336 6.804207759619644 7.962167607276903 0
4337 6.542448358034544 7.875939168942137 0
4338 6.534360612423471 7.875077146404743 0
4339 6.537510640820078 7.882355849576673 0
4340 6.61198249789806 7.870565378215971 0
4341 6.645229698106676 7.849401338079408 0
4342 6.723649740978574 8.144326158552126 0
4343 6.477677408481706 8.39801901487491 0
4344 6.008544235978631 7.965599835922218 0
4345 6.13760715469363 7.882309581586768 0
4346 6.145148006504994 7.881410100993223 0
4347 6.149260494545261 7.873386777953098 0
4348 6.870438435270658 8.453112310270813 0
4349 6.785739314660858 8.482126678531099 0
4350 6.124722857066994 7.931547422114513 0
4351 6.54209413046617 8.080826365598842 0
4352 6.544839547258371 8.073893052474611 0
4353 6.550070417905934 8.079881083683784 0
4354 6.552924604365648 8.072264916197245 0
4355 6.547570662349299 8.066792099624239 0
4356 7.022300984470851 7.920232581209037 0
4357 7.013224669655299 7.917994567684266 0
4358 7.020350338610919 7.911552759311967 0
4359 7.010154173721229 7.908665946808238 0
4360 7.003945834113827 7.916370725510927 0
4361 7.000396533498707 7.907329850274881 0
4362 6.99360717538298 7.916049907634362 0
4363 6.990655490717395 7.905715487517691 0
4364 6.983633922147185 7.912648376034572 0
4365 6.998925185267767 7.92359559897338 0
4366 6.980692562835427 7.903430850695663 0
4367 6.974021216351135 7.910740003141999 0
4368 6.997472895373325 7.897083676131116 0
4369 6.970650560516312 7.901316745226714 0
4370 6.96318543914694 7.910293917342569 0
4371 6.960387864170738 7.899408460437249 0
4372 6.952969326069459 7.906629524739142 0
4373 6.950152848372495 7.897456331620668 0
4374 6.94360709606732 7.904747304467265 0
4375 6.939859652361964 7.895839602906486 0
4376 6.934289288754152 7.904089137874824 0
4377 6.927803672838313 7.895680141845986 0
4378 6.936426258502999 7.883498012721148 0
4379 6.922399993934972 7.881259461076569 0
4380 6.914679116653879 7.892188748513754 0
4381 6.909139111340996 7.879912563917511 0
4382 6.902234532103265 7.890778297335581 0
4383 6.896136332848272 7.878692621381203 0
4384 6.903427388702082 7.866681591215326 0
4385 6.888755515494847 7.890622896369903 0
4386 6.977264106662404 7.918900113335554 0
4387 6.907909530126209 7.902851900223133 0
4388 6.896787564339684 7.900401018964271 0
4389 6.918587198541641 7.902649080629255 0
4390 6.985557340199481 7.92105157010741 0
4391 6.427343103528347 7.718034793047465 0
4392 6.136611345267411 8.070764119678909 0
4393 6.128744969976425 8.071254471587643 0
4394 6.14447718008329 8.069586351616765 0
4395 6.686798039678326 7.875810808352536 0
4396 6.68965074013242 7.884117178158662 0
4397 7.149108892306836 8.087248219566231 0
4398 6.834513951266139 7.841701199651631 0
4399 6.849228803871639 7.826697823060028 0
4400 6.825268483898698 7.821463667176612 0
4401 6.596883310412862 8.102895225501573 0
4402 6.604705796268612 8.098697963613324 0
4403 6.589708879767693 8.106630409164874 0
4404 5.981730294282151 7.865868630106476 0
4405 5.982776372434287 7.849563511810601 0
4406 6.172826181229352 8.13714104567179 0
4407 6.208582808121307 8.50118528079248 0
4408 6.214312089410231 8.366354105102833 0
4409 6.047900730437598 7.89391582781422 0
4410 6.901008871565836 7.908463880118981 0
4411 6.005755666748832 8.180382249323504 0
4412 6.819644436460413 8.112623844211273 0
4413 6.07064196046099 7.941447356758078 0
4414 6.075891732093373 7.935216059230934 0
4415 6.617528112799658 8.091962592619542 0
4416 6.744867596385589 8.050228344224504 0
4417 6.751937289012318 8.046543724828194 0
4418 6.758418364575512 8.050860222784873 0
4419 6.001667980037055 7.966764837559438 0
4420 5.90623856681923 7.963002374444944 0
4421 6.387897020087658 7.847922352372667 0
4422 6.968697151637475 7.917848886469994 0
4423 6.960707943041872 7.919087201522513 0
4424 6.030321347463513 7.920245244121668 0
4425 6.107497519970853 8.066147441457911 0
4426 6.104858962086741 7.933546057637045 0
4427 6.096958567461469 7.932492299736634 0
4428 6.094401133930359 7.924930603093781 0
4429 6.089062003659448 7.931054671776502 0
4430 6.112074550826039 7.935099050618987 0
4431 6.643252657889891 9.085096718731624 0
4432 7.082137563070025 8.042555418996592 0
4433 6.544385410968911 8.167380665610107 0
4434 6.13774410341504 8.133233367940178 0
4435 6.133293433179162 8.126546763895092 0
4436 6.055126486695668 7.878495837311537 0
4437 6.963184297812321 8.098564776127287 0
4438 6.982918613208466 8.105436649262391 0
4439 6.979168936434379 8.078712139607925 0
4440 6.986494646867823 8.081786898065625 0
4441 6.993256352349047 8.077141930761314 0
4442 6.993910568049718 8.085148250515248 0
4443 7.001033423473836 8.080797944932431 0
4444 7.001787564729694 8.090272364529005 0
4445 7.008956403118316 8.084514888986646 0
4446 7.007783043366807 8.075767543721996 0
4447 7.015736883457741 8.079129584877823 0
4448 7.014268466633885 8.070612662140276 0
4449 7.021888062573053 8.073363877798251 0
4450 7.020566840472139 8.065415800452632 0
4451 7.02803564400921 8.068266097817036 0
4452 7.026762284733673 8.060364947166734 0
4453 7.034205435673241 8.063298018831293 0
4454 7.032923830274719 8.055343539084628 0
4455 7.025492725128814 8.052422379125471 0
4456 7.040430351240843 8.05833148430577 0
4457 7.039041375582023 8.050294191068893 0
4458 7.046589089350551 8.053160059430851 0
4459 7.045033866365973 8.045191360076817 0
4460 7.037662482596838 8.042383468586898 0
4461 7.048147334671722 8.061426615981123 0
4462 7.043530096843406 8.037457216078716 0
4463 7.050881926045289 8.039986899749158 0
4464 7.013032302224648 8.06251267658781 0
4465 7.009893736120678 8.093042535334233 0
4466 7.029404256824915 8.076127039465179 0
4467 7.054306657908105 8.055942631768213 0
4468 7.036425793179468 8.034733799166949 0
4469 7.030290037184661 8.039250489514631 0
4470 7.029044601541971 8.030315780488294 0
4471 7.022815375054326 8.036285163085424 0
4472 7.021175876819003 8.028565943834014 0
4473 7.015441394917824 8.033641380673274 0
4474 7.01410807825423 8.025897697103439 0
4475 7.0167500577616 8.041506487331574 0
4476 7.001174239278901 8.027946417678296 0
4477 6.994010648178823 8.024998373111833 0
4478 7.00011301762407 8.02036558229095 0
4479 6.979981643710861 8.086706953292664 0
4480 6.972491894891478 8.083605189348875 0
4481 7.01941451269281 8.020946682102316 0
4482 7.01277567661915 8.018040403544274 0
4483 7.018618892592805 8.012930353835074 0
4484 7.011551507788152 8.010080171769857 0
4485 6.19211963507564 8.164989102744059 0
4486 5.896052440219443 7.999412474374418 0
4487 6.348401282343646 7.925964115284838 0
4488 6.709779136598056 8.154122050063441 0
4489 5.923155153284704 8.259058692326446 0
4490 5.941581189438667 7.948981716000816 0
4491 5.907859238381428 7.984433773607757 0
4492 4.637746166564183 7.698233125898405 0
4493 6.83389259763148 7.892884618555396 0
4494 6.831108874645045 7.882153576910669 0
4495 6.94632553436424 7.912868848287093 0
4496 6.677013465135776 7.891177799024489 0
4497 6.668968583607018 7.890675860170646 0
4498 7.988904878257732 6.949464364169172 0
4499 6.9422791062746 8.189890810150766 0
4500 6.901523490550702 8.209687595147058 0
4501 6.446368994454962 7.855118162747405 0
4502 6.758610908090915 8.043432755513077 0
4503 6.765341587700001 8.047283340893323 0
4504 6.073033282342856 7.870510315685138 0
4505 18.00384433436086 0.7447041210701351 0
4506 18.00682261349814 15.25560616913105 0
4507 7.144341336038017 7.93416201641428 0
4508 7.164105631429389 7.952988774134375 0
4509 6.479237682365826 8.069197711811485 0
4510 6.471577526109536 8.071053278519736 0
4511 5.94549179517527 7.961490614342644 0
4512 6.767001233063397 8.134690546095371 0
4513 6.847133275239228 7.966083995497855 0
4514 6.768967449507858 8.110944359425332 0
4515 6.776676694365449 8.106521416286807 0
4516 6.417969148671867 8.074727813555963 0
4517 6.222159307491845 7.847099249272607 0
4518 5.989483834787913 8.132565781108916 0
4519 6.862767190606668 8.035364141887982 0
4520 6.67561496489935 8.052999111325086 0
4521 6.668345803262417 8.049949377457246 0
4522 6.403979399313418 8.138667979880253 0
4523 6.27183845950668 8.173494572990109 0
4524 6.466084880022876 7.858494341971929 0
4525 6.473269341344838 7.861257745436788 0
4526 6.16594963671309 8.167524359755447 0
4527 6.153970732615996 8.174005965142531 0
4528 6.114414281559585 7.871882415174269 0
4529 6.348171561951244 7.85307454543014 0
4530 6.401981101345177 8.075683133698998 0
4531 6.393992747448434 8.076265607412498 0
4532 6.390590545850201 8.083420570981037 0
4533 6.386014896638383 8.076923646781236 0
4534 6.382674470740982 8.084171893675371 0
4535 6.378265132858961 8.077918344515183 0
4536 6.374789680111677 8.084927438729281 0
4537 6.37041436471505 8.078593835401165 0
4538 6.366878650394495 8.085593039411423 0
4539 6.362502928622483 8.079159204670596 0
4540 6.358936529483938 8.086190479127273 0
4541 6.354558336354199 8.079656610165108 0
4542 6.35096474190793 8.086731694689792 0
4543 6.346582988046814 8.080093754973806 0
4544 6.358216616041543 8.072675060665945 0
4545 7.382229144001125 9.191374761132057 0
4546 7.349729931031792 9.52652756471617 0
4547 6.211965598960246 7.858502379377031 0
4548 6.973510759635934 8.09180811178957 0
4549 7.00736825046212 7.924589315786026 0
4550 5.644489241044536 8.153553188656355 0
4551 6.903553224027053 9.953377147923723 0
4552 6.174121702950191 7.929397659587013 0
4553 6.183143511630962 7.930647916921731 0
4554 6.420931693438568 8.115152589949812 0
4555 6.423840701491669 8.107658502750652 0
4556 5.148168770604057 8.888022045770017 0
4557 5.267943350093476 9.236013014166256 0
4558 6.965073763518618 7.738381166367624 0
4559 7.021148202258125 7.73269089433164 0
4560 7.070191836222219 7.980294313486761 0
4561 5.921397735415471 8.027671132966216 0
4562 6.31136882427586 7.852280911099534 0
4563 6.33087724843949 8.252001763569531 0
4564 6.30262944414932 8.29296887824839 0
4565 7.202144671374904 8.165418232864493 0
4566 7.154764791292557 8.164985538456119 0
4567 6.774170695228056 7.900248512916444 0
4568 6.895885300552358 8.094101263742418 0
4569 6.903496749436106 8.088323268246063 0
4570 6.659876782577774 7.846323281710738 0
4571 5.971994199850478 8.100879411604708 0
4572 6.564993321926123 8.124064335744595 0
4573 6.558169056018383 8.119595429729657 0
4574 6.550081654408051 8.122262573880919 0
4575 6.566436891332842 8.11623497135378 0
4576 6.574748561317997 8.112928639043881 0
4577 6.799034023317915 7.828258673674877 0
4578 6.786371518794133 7.801539586435692 0
4579 6.855499590416114 7.968607935903258 0
4580 6.86721642039791 8.105503405029042 0
4581 2.780019037010616 15.25717274213352 0
4582 6.115768797157676 8.063964636659536 0
4583 6.018757448252064 7.891112806352681 0
4584 4.991416931677919 8.140046219277224 0
4585 6.137778112365584 8.180098844485091 0
4586 5.546514997331677 8.159066097275765 0
4587 5.938311377034982 8.08284858925219 0
4588 6.395885252293699 8.139343489370077 0
4589 6.391176514684879 8.132475043915644 0
4590 7.086247955376681 8.003779400549284 0
4591 7.076808461286793 8.003408104118337 0
4592 6.112546808321831 7.788592539874946 0
4593 6.144533795070878 7.79054473875996 0
4594 5.974376255632177 8.007807447126703 0
4595 13.18145357309541 0.7511609723882425 0
4596 6.695494370875997 7.877741566249149 0
4597 6.697820180512824 7.886675636662893 0
4598 6.704424103525657 7.878919781041794 0
4599 6.243177311656451 8.137406131753499 0
4600 6.930393985182337 7.866401810958373 0
4601 6.232552429033193 7.927326311291942 0
4602 6.240207837395591 7.92850222231398 0
4603 6.246228343008231 7.923415763011181 0
4604 6.392187595055486 7.927519132425548 0
4605 6.28794931377401 8.140452694258871 0
4606 6.284771513298482 8.148343878145836 0
4607 6.97762620116032 7.89314040475267 0
4608 6.555547236796674 8.063748901398194 0
4609 6.560867777773648 8.070691656130322 0
4610 6.564163292030604 8.063352229970894 0
4611 6.569112228146736 8.069946552192917 0
4612 6.946974884522932 8.096194159234624 0
4613 6.63329643384189 8.329812918957076 0
4614 6.63196460462924 8.405237312938519 0
4615 6.550213805943057 8.42307180948713 0
4616 6.082280669525449 7.799414312267283 0
4617 6.044156869243732 7.809838648815276 0
4618 6.886458535163779 7.902619011057812 0
4619 3.852037439185621 10.18785384462213 0
4620 3.852710431142355 10.59054358065172 0
4621 4.20131371501399 10.78702166115231 0
4622 3.849346593335615 10.99373836481288 0
4623 3.500125531902544 10.79624117658082 0
4624 3.495989935297676 11.19774490064655 0
4625 6.674591321301644 8.126885019061961 0
4626 6.371873694675928 8.140674352880026 0
4627 6.375190642125518 8.133356241600632 0
4628 10.39566498216543 15.25503352357635 0
4629 5.52513533141944 15.19300939273608 0
4630 5.876303912999681 14.99826865852445 0
4631 6.196395286244848 7.927934499876226 0
4632 6.925487773086266 8.033525269827704 0
4633 5.990257982180593 7.959748588483729 0
4634 5.983193366795915 7.954014292069889 0
4635 5.908648159728854 7.951305058958228 0
4636 5.896073935682914 7.955523733045627 0
4637 5.89996590524734 7.940939452195324 0
4638 5.907653337062207 7.9285074619741 0
4639 5.88079542211043 7.944489327499944 0
4640 6.526263637856996 8.130315817026215 0
4641 6.692814468870359 8.115017356723158 0
4642 6.188141197798425 8.071263569692245 0
4643 7.612293588199725 15.25590330192604 0
4644 2.785094436298149 0.743667948536976 0
4645 6.572537429540821 7.833858841293633 0
4646 6.796112470232131 7.889764851195103 0
4647 6.298490012027859 7.927967460627421 0
4648 6.736852114959291 8.115116597933913 0
4649 6.078639205708084 7.942754993638905 0
4650 6.065036881024406 7.947444723589741 0
4651 6.524476580907534 7.851889265844832 0
4652 7.056401752353095 8.064602144988456 0
4653 7.049486648215054 8.070055087852904 0
4654 7.058312811905361 8.074703738353243 0
4655 6.564355392157065 7.86489964703346 0
4656 6.572754728466839 7.859505223653048 0
4657 6.590726537549161 7.858337945315768 0
4658 6.590489370839107 7.868955488091206 0
4659 6.597022205777843 7.87469949714222 0
4660 4.827519335117759 0.7422745680263556 0
4661 5.19335467048501 0.9980542078095269 0
4662 5.194912384928745 1.39598909200555 0
4663 5.545789931271836 1.188218720952571 0
4664 5.564565827321845 0.7412910752172349 0
4665 5.888972745753509 1.000000000001419 0
4666 5.889916725371444 1.397501831535413 0
4667 6.236616183509605 1.201748117546692 0
4668 6.235778502273106 1.599744738011668 0
4669 6.581999953381265 1.400227072580805 0
4670 6.243436378197336 0.8105005737058877 0
4671 7.467685979979752 8.895414483934328 0
4672 6.550884276586173 8.11501942822256 0
4673 7.307171646649673 8.165390827643506 0
4674 5.919494846222044 8.058611801054116 0
4675 6.013966133615313 8.202781925084581 0
4676 6.488202009561448 8.163368160514038 0
4677 6.68387329115737 7.83706332794851 0
4678 6.93851298148333 8.316059416517085 0
4679 6.009436879222434 7.738745012768462 0
4680 6.024237777766883 7.688800788722872 0
4681 5.981551306694785 8.169706428529867 0
4682 6.001002966973086 7.783631997228722 0
4683 6.688433774566343 8.046138696529551 0
4684 6.750590523841745 7.874845678537632 0
4685 5.844147514544002 7.791495473995875 0
4686 6.317433627481647 8.339881877649793 0
4687 6.66356068874184 7.883909366855397 0
4688 6.655157417874089 7.886591094436147 0
4689 6.648555260527044 7.879052689983114 0
4690 6.646110866626741 7.886970487086161 0
4691 3.845869246063666 9.786822799068862 0
4692 6.715190544925851 8.581551641357674 0
4693 6.4572212295076 7.856322588278736 0
4694 5.345633434312959 8.021580431546234 0
4695 11.08512516843862 15.2000000000091 0
4696 6.728703285090965 8.112437579137271 0
4697 6.728377520059932 8.104609868307993 0
4698 6.241311242801905 8.075168850879898 0
4699 6.245571693708373 8.081659270877626 0
4700 6.248693032507952 8.074210432416589 0
4701 6.252542998043381 8.080747965279286 0
4702 6.887325225271939 8.09851745030184 0
4703 6.091765638859028 7.939564297333423 0
4704 7.088348018465801 7.716492369321764 0
4705 7.133648761592178 7.661728031953118 0
4706 7.0800556648809 7.586136586311522 0
4707 6.05911979916271 7.953915921474825 0
4708 6.92502383576082 15.1893908504978 0
4709 6.576859497778647 14.99698686446609 0
4710 6.694403121946597 8.465769911866145 0
4711 5.942228486200142 7.894391185507697 0
4712 5.928868146081819 7.903121195773572 0
4713 18.7061487217634 0.8000000000204297 0
4714 18.70614872174121 15.20000000002116 0
4715 6.627536300174123 8.141762648959238 0
4716 7.148898772439662 8.255251656662789 0
4717 6.207154524669315 8.126105951743895 0
4718 6.200126326729764 8.126593772855513 0
4719 6.465507855548453 8.066404731929 0
4720 6.459095401209739 8.070814058329557 0
4721 6.452004327420764 8.068119494685064 0
4722 6.452860655245917 8.076002797340129 0
4723 6.44551042063311 8.073260186985205 0
4724 6.445231303137879 8.065058054676435 0
4725 6.460621272873378 8.079240415147645 0
4726 5.908489436295554 6.25704846317187 0
4727 5.515213628722691 6.371077799964833 0
4728 6.993327966806285 8.017720602569693 0
4729 6.99869874724953 8.013343097561346 0
4730 6.048125955906457 8.192238646691012 0
4731 11.06215149877053 0.8092946904168457 0
4732 11.40893094423384 0.6070619239241541 0
4733 11.76158234277103 0.8061228447435405 0
4734 10.70257635303205 0.6471633455323744 0
4735 5.494785989700312 7.664988274945526 0
4736 5.508138946241989 7.810222331035514 0
4737 3.501507410026072 10.39496402878114 0
4738 6.612246414712217 8.061171027680441 0
4739 6.582491971285376 15.39597536940404 0
4740 6.054673950110685 8.575896805245671 0
4741 13.857444188762 15.19334834341608 0
4742 13.45405654160549 14.98872280091758 0
4743 14.20186136811227 15.39198381351719 0
4744 6.150408470164717 7.813997374421916 0
4745 5.243550186412071 7.895845642449849 0
4746 9.004232193995797 0.8323077301791568 0
4747 8.666151887391777 1.015711238656446 0
4748 8.662984270084912 1.404247503019233 0
4749 8.32377004034033 1.193993052165093 0
4750 8.347066541426987 0.7478309449141657 0
4751 7.97739941893354 0.999306939150179 0
4752 7.97157526992501 1.397578267873955 0
4753 7.622507469527932 1.188879561321712 0
4754 7.613929653882006 0.7394155765611923 0
4755 7.274613391808634 1.000000000003461 0
4756 7.275457625142772 1.397057740423037 0
4757 7.649925035750225 6.798555755233416 0
4758 1.393378181842091 0.785824651868095 0
4759 1.025976062771044 0.5953034530937119 0
4760 1.760760451831084 0.5970961576243603 0
4761 6.760899305314623 8.116899865692719 0
4762 6.00412903208409 7.844884017925886 0
4763 6.025540974223917 7.839667040835934 0
4764 6.006071844640974 7.824051057757902 0
4765 6.797143716153059 8.100544255353318 0
4766 6.043002764826918 7.848299087029488 0
4767 6.533686252662058 8.126145995536445 0
4768 6.938045926482323 7.911600381373811 0
4769 6.929980576683013 7.911644559340893 0
4770 6.567764255494009 8.107775121607679 0
4771 6.302507473271554 8.156278823038759 0
4772 7.017699902530735 8.004912624360777 0
4773 7.009626974661881 8.002485515625922 0
4774 7.08027891045657 7.961009752136553 0
4775 6.354213317563846 7.441916604049396 0
4776 6.314034397324616 8.131375065091424 0
4777 6.011116720349772 8.145107290514309 0
4778 6.620106436059401 7.876701458303956 0
4779 7.212610169489105 7.587936360061019 0
4780 6.757530787265808 7.792216900792802 0
4781 6.097922080752969 7.87217901176937 0
4782 8.269322552927902 7.192189087949041 0
4783 6.087348634727926 8.061285788654633 0
4784 6.079967310479328 8.062065194944443 0
4785 6.095036545199335 8.060321516177005 0
4786 7.127597283917551 7.835673200363235 0
4787 7.749425234868172 8.472278078990534 0
4788 7.016784431855819 7.898609888080831 0
4789 6.44956504359676 8.186020261498722 0
4790 6.437102736971547 8.199828769609653 0
4791 5.929570791738645 8.064708209190133 0
4792 5.940724625423436 8.055812566819995 0
4793 5.954676185600334 7.903344094662017 0
4794 6.253511504890763 7.853974655439853 0
4795 6.041817797207539 7.937974807883824 0
4796 6.039985787726487 7.945816472415352 0
4797 6.043677378989102 7.929465708427813 0
4798 6.125559822594649 7.877764463537929 0
4799 6.57270854655903 7.868596904411874 0
4800 6.659145291580447 8.109296016812712 0
4801 6.82626922143988 7.968432045853099 0
4802 6.440755644012794 7.759981899592298 0
4803 6.4704094392212 7.731721664315303 0
4804 6.735406580385283 7.88839619827152 0
4805 6.743440711880645 7.889944019225668 0
4806 8.658264125606863 8.965593220486971 0
4807 9.003996477914892 8.776260479370134 0
4808 6.55520346272454 7.936285431683628 0
4809 6.88811119674823 7.865711943764381 0
4810 6.581408834082002 8.117497736551822 0
4811 6.839609627122643 8.266888253541563 0
4812 6.027648133226908 7.965484069375752 0
4813 6.021340924660153 7.960119985086095 0
4814 6.027638618703247 8.033785279677781 0
4815 6.619463879225576 8.057308766939469 0
4816 5.701904026635207 8.239378143515479 0
4817 4.195255634313684 11.19239652635021 0
4818 6.907865359964379 7.972889700913517 0
4819 6.915675210814129 7.974393235787798 0
4820 6.712543038960539 7.873448670324746 0
4821 6.436672833422352 8.141907763275237 0
4822 6.430404269456415 8.135007743609929 0
4823 6.421365220650822 8.136437169694288 0
4824 6.424173755949418 8.128784577778179 0
4825 6.825060122907648 7.870663878422438 0
4826 6.783171741089042 7.901174179572562 0
4827 6.791570545168658 7.903390310204571 0
4828 7.067999875985318 7.943145197634777 0
4829 6.63545027888806 7.880796970522989 0
4830 9.358679214880297 15.39306062455587 0
4831 6.582593828183454 8.110023126632438 0
4832 6.95133896654897 7.873680521652057 0
4833 5.813890581804012 8.419140982386715 0
4834 6.669648593882919 8.138065849508331 0
4835 6.845305067059309 8.107303930538382 0
4836 6.618774475759181 8.084658052369399 0
4837 6.62386539581926 8.079383921455879 0
4838 6.609778881649274 8.09273244428617 0
4839 6.61292698481612 8.098905480283504 0
4840 6.627345946107605 7.882816997781473 0
4841 6.61168655785302 7.879544337799494 0
4842 6.52996994672924 7.868372297429064 0
4843 11.77745177466103 0.3832177695352094 0
4844 5.955275587229133 7.968349064686107 0
4845 19.03070425870935 0.6000673667180657 0
4846 19.0309965009229 15.39991026484353 0
4847 6.992451780463719 8.096749518647732 0
4848 6.589873108324181 8.098577260233514 0
4849 6.720908200878953 7.771690862035494 0
4850 9.004005111409441 9.177064739888605 0
4851 6.515364809783765 7.877063275333779 0
4852 6.912438917837665 8.174621724692557 0
4853 6.487284331439152 8.068106978545037 0
4854 6.530884023744161 8.177098989938029 0
4855 6.473891926825865 8.124317511761021 0
4856 6.475301673105882 8.116622467590282 0
4857 6.482240218857262 8.113322950256894 0
4858 6.46792906317969 8.119325020768491 0
4859 6.218544692552296 8.125733376270965 0
4860 7.287039548676089 7.720694056114407 0
4861 6.684997422821349 7.890664698912282 0
4862 8.653507941581898 15.39254379422989 0
4863 5.997259334374744 7.910423480073145 0
4864 6.003582236035105 7.915665424918938 0
4865 5.716870855783907 7.92437771077593 0
4866 6.042011921188543 8.039949901728352 0
4867 6.043045956050884 7.959542638740335 0
4868 6.03623030819519 7.953982828532437 0
4869 7.002202633397077 7.930923297785289 0
4870 6.994479191415218 7.929843269940848 0
4871 3.147078437413949 10.99972651057573 0
4872 6.433370608419718 8.125857724401333 0
4873 7.135788547486243 8.136832908582594 0
4874 7.061813751273772 7.93404680162463 0
4875 6.465887770664019 8.127228568999204 0
4876 6.462431962579268 8.114005237240393 0
4877 5.931980712861912 7.969451882512968 0
4878 5.949102567008301 7.945366578120058 0
4879 6.705949906356578 8.124424993017708 0
4880 6.518698595278561 7.934459027808084 0
4881 6.526592741367603 7.935677403428368 0
4882 6.565632051503511 8.077124969275614 0
4883 6.577171926588516 8.068817123768572 0
4884 6.572502447246171 8.062380484391014 0
4885 6.580938335123045 8.061331002084927 0
4886 6.584291932365 8.067364935097865 0
4887 6.49163028422941 7.85778711773316 0
4888 6.484659066602553 7.850970609621399 0
4889 1.739333148129452 15.3931471492583 0
4890 1.380024901143154 15.21765718774759 0
4891 1.021601138104586 15.41577270067489 0
4892 1.029212162899541 15.0158172577453 0
4893 7.016069871885342 7.997028007873098 0
4894 6.676825206922214 7.948019970133275 0
4895 6.918174475099256 8.022731935647158 0
4896 7.122289054898522 8.087055998707109 0
4897 6.058757311291467 8.045283670071951 0
4898 6.061434140990856 8.052843918246795 0
4899 6.069082862512237 8.054602288310717 0
4900 8.304831868837336 9.548970753304189 0
4901 6.545517732110756 7.883875283298189 0
4902 5.917330503715899 8.091749360055891 0
4903 9.737097547931159 15.61224406606748 0
4904 6.074277808303433 8.048752752351637 0
4905 6.081952214365998 8.050284763093451 0
4906 6.622670811031864 7.943227933158706 0
4907 5.984545750451197 7.945634205224959 0
4908 5.99191932141439 7.942458495565562 0
4909 7.099623005683162 9.370961527250222 0
4910 5.974393140081377 7.911969106667748 0
4911 3.492530089904969 9.595963187047992 0
4912 8.271588208715675 15.61221703916666 0
4913 7.025947548985862 8.008230183708188 0
4914 6.438155511690411 8.069468573100528 0
4915 6.446284269034881 8.081977465707274 0
4916 6.797293676592536 7.897691867168485 0
4917 2.123302720229982 15.61216838527483 0
4918 5.644368555061175 8.33230384425584 0
4919 6.097905836793467 7.946505709483835 0
4920 6.482028849033547 8.061280656393247 0
4921 6.495202861883282 8.067229963970249 0
4922 6.445835557312627 8.140334665278338 0
4923 6.588792431344875 7.878335214755753 0
4924 6.247245668647634 8.144196255506772 0
4925 6.114232103505699 8.056023863858544 0
4926 5.883665511644297 7.855316867568305 0
4927 6.521596332372159 7.780016266250352 0
4928 6.130290764437532 7.94236435755677 0
4929 6.132843418542365 7.934514383918104 0
4930 6.129656667642962 8.058016218395466 0
4931 6.574469659267328 8.170244492230601 0
4932 6.146039953139567 8.061323313295507 0
4933 6.146278298115807 7.940504053582527 0
4934 6.113881879807354 7.943182605437748 0
4935 6.162605703683348 7.938600981152542 0
4936 6.16579671828912 7.931660882632338 0
4937 6.162942748158192 8.061368616832917 0
4938 6.167283456045999 8.068110689386099 0
4939 6.250659941862658 8.161820979147178 0
4940 6.418286108565017 8.122429792990264 0
4941 6.178407706932401 7.937161281560652 0
4942 6.178454997147814 8.062093395886388 0
4943 5.985397485756526 8.003124984345863 0
4944 5.969971199736821 8.000939705927967 0
4945 6.193960698760695 8.063974637372798 0
4946 6.197083634996421 8.071598945479371 0
4947 7.07147422832751 8.009301323323275 0
4948 6.201903361804 7.935510167851488 0
4949 6.625477981011653 8.071582317527858 0
4950 7.00000900664837 8.072358547090897 0
4951 7.006603667708925 8.067486489403144 0
4952 6.082642312149993 7.94945847819195 0
4953 6.217657126538279 7.935067626770469 0
4954 6.602339178715345 8.08945963984819 0
4955 6.012711639953075 7.972373940080421 0
4956 7.021746195733321 7.991373864653775 0
4957 0.6765693640444761 15.21771850293965 0
4958 6.233801617564191 8.065307747345097 0
4959 6.250894986818498 8.066700219110174 0
4960 6.651860418669949 8.113132070140711 0
4961 6.258037603996624 7.933685317895367 0
4962 6.253465528624421 7.926412549897702 0
4963 6.266287477358309 8.066636547294436 0
4964 6.270162696673576 8.073520382751642 0
4965 6.277962724137887 8.073537477644992 0
4966 6.273839215246719 8.080323801397491 0
4967 6.281760716408901 8.080286687193524 0
4968 6.277501774323448 8.087003783208075 0
4969 6.26949003196187 8.087208754893668 0
4970 6.285570100499136 8.086848062785815 0
4971 6.289787338244706 8.080378566244395 0
4972 6.273053249744549 8.093899929842815 0
4973 6.293665375962895 8.08693594799661 0
4974 6.297896355625431 8.080551768779689 0
4975 6.302005032947422 8.087614900577382 0
4976 6.306051469587949 8.080879311945878 0
4977 6.310239119141944 8.088250626739075 0
4978 6.314192267091511 8.081080010835661 0
4979 6.264672294994877 8.094281829378488 0
4980 6.261716840667774 8.087362631127606 0
4981 6.318628171456506 8.088225594808165 0
4982 6.322406827234201 8.080989008768881 0
4983 6.326832206807472 8.087980872805892 0
4984 6.330523535349595 8.080771425172173 0
4985 6.318130219798049 8.073957168347661 0
4986 6.334928545894795 8.087632582542632 0
4987 6.338569392868164 8.080470395522388 0
4988 6.334265152405092 8.073645098052829 0
4989 6.305666412671691 8.095985399164695 0
4990 6.301973867099973 8.073809725782123 0
4991 6.262625059772969 8.07350135407815 0
4992 6.274107085210705 7.933892351380135 0
4993 6.282009544698625 8.066758189055486 0
4994 6.281897109216579 7.933211142992421 0
4995 6.319368886530089 7.925281402492597 0
4996 6.285903008018947 8.073625327892621 0
4997 6.297970436267864 8.066873586133426 0
4998 6.313991204203731 8.066944684621616 0
4999 5.861272168564787 15.3971916535308 0
5000 6.313074322431484 7.931974933329063 0
5001 6.311430654690382 7.92328814122925 0
5002 6.322024549486634 8.066885567576973 0
5003 6.326230301003009 8.07383656376572 0
5004 6.338015866061331 8.066605593117059 0
5005 6.072087647827106 8.061977042127285 0
5006 6.397285447411345 7.871837602667831 0
5007 6.330481030492587 7.933614512538028 0
5008 6.335198416041904 7.927716915918931 0
5009 6.345931231661921 7.933534832075949 0
5010 4.843454631949251 6.391145428809988 0
5011 6.361176837574772 7.933864558276964 0
5012 1.74356094953105 0.9949829476195737 0
5013 2.096694450602614 0.8011573659566762 0
5014 6.7144501636302 8.104202064531933 0
5015 6.377747037059146 8.065105458406205 0
5016 6.377256811683745 7.934680726623936 0
5017 4.191300167629748 9.575148041904503 0
5018 7.010309921293744 7.932320598115632 0
5019 6.310052487416357 8.073933474325717 0
5020 6.393658299080163 8.06432499308001 0
5021 6.426692248352634 7.871858236502505 0
5022 6.410878192797317 7.935215250827903 0
5023 6.406398143112217 7.929461249401657 0
5024 6.417732604788768 7.932424931050507 0
5025 6.409595856259931 8.063682509889006 0
5026 6.270226083617968 8.128255425432332 0
5027 6.425920713041776 8.064776262055268 0
5028 6.50737787110679 7.875203663525834 0
5029 6.433457051154702 7.936402080678929 0
5030 6.430058204797223 7.928853807910451 0
5031 6.362376813050163 8.127548855531256 0
5032 6.200662084312924 7.870352702273742 0
5033 6.466069326535309 7.937386864820366 0
5034 5.223404255999135 10.13308633039254 0
5035 5.240986497222643 10.5576139870466 0
5036 4.901150675474012 10.77739948018363 0
5037 6.560930232685726 8.056035576514727 0
5038 6.274069382077565 7.872747909755045 0
5039 6.481805766205181 7.939400065953855 0
5040 6.48564250956735 7.932637780991081 0
5041 6.49287393256224 7.932760715863028 0
5042 6.400318837792925 8.145430955003892 0
5043 4.846254043113596 5.996376046408906 0
5044 6.505846488378543 8.059217591578859 0
5045 6.510799439852536 8.065527870807159 0
5046 6.505511654815678 7.940014989390645 0
5047 5.997587967036246 8.089173188411706 0
5048 6.521702683189202 8.05784862345484 0
5049 6.853685823784706 8.087323781144764 0
5050 5.991218090890693 7.981791585497639 0
5051 2.429790445533105 0.9964026196383373 0
5052 4.552556085979426 10.57610044743478 0
5053 6.266156816793854 8.080380554407546 0
5054 6.529646890540339 8.057146070911635 0
5055 6.534494446568742 8.062881202673227 0
5056 5.970296057263484 7.979374295483822 0
5057 6.157074489567417 8.124195476061589 0
5058 8.993268955908245 7.981863672842216 0
5059 6.317588457063555 8.124099069288384 0
5060 6.325665424255558 8.123467509882085 0
5061 5.973896846698556 7.964510182772793 0
5062 6.470407344538872 7.87407577405293 0
5063 5.994696227466415 7.967470353247096 0
5064 6.216309658657815 7.874098143919451 0
5065 6.376145319817534 7.874238772608825 0
5066 6.848648809416943 8.050974335635857 0
5067 6.155014179837147 7.91019998548761 0
5068 6.702491472699723 8.056170332571577 0
5069 6.709368292094447 8.052748653129557 0
5070 6.012955196697897 8.039725893149894 0
5071 6.820502675562254 8.057618783396471 0
5072 6.370212796298341 7.921724006031294 0
5073 7.048469092117976 7.983151711858963 0
5074 6.162734055143083 7.911898373424563 0
5075 6.023734480195608 8.066318806126162 0
5076 6.186527150209071 8.093670685181504 0
5077 6.183152520798073 8.100911677084396 0
5078 6.409957338357341 8.075151654764138 0
5079 6.733279543643237 7.926035904097526 0
5080 6.367364043302335 7.914521532439079 0
5081 6.097759671620744 8.087563990026528 0
5082 6.162747212674597 8.09584645829899 0
5083 6.722819664524448 8.068806767795218 0
5084 5.998603808173232 8.054509616058859 0
5085 6.003185292092445 8.061028813029843 0
5086 6.792483473178365 8.064235532429176 0
5087 6.515884152953311 8.071648139128119 0
5088 6.748806388142053 7.929633075463475 0
5089 6.312309077782817 7.902565337476558 0
5090 6.364706363975464 7.907100558206633 0
5091 6.356869932095443 7.905409337809258 0
5092 6.304510166548855 7.900835747128377 0
5093 6.607728238286018 7.919026593163523 0
5094 6.724586006707886 7.945321045333264 0
5095 6.719146542352128 7.95135176486346 0
5096 6.133897119091827 7.912551457853259 0
5097 7.071737922550087 7.989018096611025 0
5098 6.080725606566173 8.075237037089371 0
5099 6.089803141545504 8.088249189199221 0
5100 6.403598464595643 7.915587750947876 0
5101 6.147201669601071 7.908473461000668 0
5102 6.218709638568086 8.091144771543853 0
5103 6.078694445221692 7.921579464155188 0
5104 6.414510609343397 8.081507482738994 0
5105 6.900334910819549 7.949734842649844 0
5106 6.948403181954674 8.049916174298025 0
5107 6.194573280676938 8.092972147017726 0
5108 6.199186954121086 8.0995145397525 0
5109 6.819873960252122 7.924361966206167 0
5110 7.055621690316691 8.006002093831993 0
5111 6.333701059898172 8.122819558030187 0
5112 6.078440976427894 8.096116446090472 0
5113 6.584396413253629 7.913652815789932 0
5114 5.964432391179937 8.078372143851794 0
5115 6.154783096421905 8.096523849379803 0
5116 6.841498579349334 8.054627777130978 0
5117 6.834361727164127 8.058268974157368 0
5118 6.855322249969518 8.055301332917622 0
5119 7.041393978837059 7.960286843052033 0
5120 7.043761220514235 7.967891735920785 0
5121 6.599923728219293 7.917240523035815 0
5122 6.597614703419608 7.909612764057481 0
5123 6.07213598973685 7.878741502932257 0
5124 6.972865614707736 8.023526379392555 0
5125 6.978918098527295 8.017594355975206 0
5126 6.226705601237088 8.090502634872136 0
5127 6.83708011247253 7.956681383794484 0
5128 6.037465617351724 8.085768526186559 0
5129 6.275459995016643 7.92231956818796 0
5130 6.406676627630361 7.9023714560652 0
5131 6.320118251958683 7.904268589117528 0
5132 6.327941268865906 7.905978754548146 0
5133 6.845625361109822 7.937286970077761 0
5134 6.681598715255284 7.942053319320717 0
5135 6.711599844039186 7.949592356740398 0
5136 6.83006158605358 7.933735649037953 0
5137 6.763267565611192 7.956459957533386 0
5138 6.755936475684964 7.960720968503406 0
5139 6.772273230261058 7.957087531176358 0
5140 6.900051308947837 7.971234732886309 0
5141 6.894731096692576 7.977643681799131 0
5142 6.886421732627164 7.975136758230157 0
5143 6.880210070683672 7.968966635742154 0
5144 6.873484838186795 7.970476656189114 0
5145 0.6929156947057754 7.200026821704718 0
5146 6.440644767962242 7.916774995339912 0
5147 6.644919407600899 8.108793210485761 0
5148 6.180757563512089 8.121939599329774 0
5149 6.174157257788147 7.878986978915435 0
5150 6.166357956834421 7.877277880100969 0
5151 6.16374095171572 7.869675617716451 0
5152 6.158264209164129 7.875452176076564 0
5153 6.155837748714504 7.867326919566822 0
5154 6.160994232177901 7.883227324395975 0
5155 5.943794388318815 7.976263604258092 0
5156 6.076117187456812 8.117100694546588 0
5157 6.748777065104839 8.109724865326942 0
5158 6.270290382130485 7.907472029852789 0
5159 6.651669764859176 7.945236470737217 0
5160 6.644637807171228 7.949599704965907 0
5161 6.944300346768586 7.973052566309577 0
5162 6.939168016934739 7.978595163703647 0
5163 6.709991828052296 7.920763174894764 0
5164 0.6928352465370924 3.599945642656201 0
5165 6.337091650764545 8.115591749275771 0
5166 6.244976750196011 8.116480638000894 0
5167 6.176576477728763 7.886605364087204 0
5168 6.722486344990476 8.076725949826386 0
5169 0.6761931938185615 0.7945541824603858 0
5170 6.687002401407979 8.094878868862144 0
5171 6.694100439182439 8.091245440433184 0
5172 6.911106187794683 7.937928871962241 0
5173 6.141742043375463 7.914290355094619 0
5174 6.967494842436764 7.979890633591247 0
5175 6.716263120753208 8.056632103662668 0
5176 6.8188804071088 8.089336831726333 0
5177 6.792027059719264 8.072170361281977 0
5178 6.799178960173654 8.068530275267182 0
5179 6.80588657650113 8.072841774812447 0
5180 6.806324588210279 8.064879776299547 0
5181 6.107977045144706 8.114566464595018 0
5182 6.983126301836437 8.050093722100947 0
5183 0.6942322925965576 10.40013923275917 0
5184 6.872090579753632 7.929064129738684 0
5185 6.49248550630727 8.074723694780181 0
5186 6.083947368614144 8.116420728676324 0
5187 6.080454909344839 8.123457242145296 0
5188 6.660282376562055 7.945649979478067 0
5189 6.151405532981756 8.103771070511268 0
5190 6.225200065882316 7.92582648098228 0
5191 6.851784959520817 7.91024334338544 0
5192 6.818539668249334 8.097147049777801 0
5193 6.330345689377791 7.913455131011657 0
5194 6.952037870188859 7.974719305987165 0
5195 6.102348420954081 8.094083858861916 0
5196 6.412213678922535 8.102183256307057 0
5197 6.052816289126303 7.908740910909807 0
5198 6.764038381072773 8.103019807415093 0
5199 7.042078845917866 7.939309336896837 0
5200 6.46437651181093 7.901023325478236 0
5201 6.04997228592273 8.091575643716428 0
5202 6.354431095944337 7.897800097180468 0
5203 6.958672023750654 7.92662465829264 0
5204 6.814499320324089 7.930186655336186 0
5205 6.435340998561789 7.922718962676951 0
5206 6.657574581418197 7.916159302543941 0
5207 6.626445046850844 7.909065299701162 0
5208 6.628859266905976 7.916643209269343 0
5209 6.983688736861597 7.983858063281533 0
5210 6.977391655626841 7.988401996863331 0
5211 6.441723822400405 7.875324524149498 0
5212 6.76448996998763 7.933335241792976 0
5213 6.77002900261707 7.927341187676957 0
5214 6.207197897523181 8.098863123232931 0
5215 6.255291547029199 7.882849729219357 0
5216 6.74105692276601 7.927817651334948 0
5217 6.375864049215438 8.098492925122162 0
5218 6.918913770435202 7.93968417968596 0
5219 6.756980412884092 8.082381510747421 0
5220 6.749861796555845 8.086082000483255 0
5221 6.7431273224996 8.081753324678013 0
5222 7.046117140079232 7.975509415687729 0
5223 6.716353989880778 7.894000704711798 0
5224 7.04299257687579 7.989073821434823 0
5225 6.786977191652832 8.044648781483083 0
5226 6.780902164372048 8.040288887601712 0
5227 6.231233907162491 7.898764021937978 0
5228 6.175967301216055 7.907714470623962 0
5229 7.009445406610873 7.974347859356827 0
5230 6.458799508884992 7.927056797665778 0
5231 6.883797818073401 8.033365106704977 0
5232 6.890781812598317 8.028720846421098 0
5233 6.740851196037611 7.898336125860294 0
5234 6.834770376525418 7.949021014749072 0
5235 6.872992926808373 7.908150808647704 0
5236 6.820600261512267 7.903342407185145 0
5237 6.538935947932051 8.094632175556542 0
5238 6.816653815681168 7.958543342682793 0
5239 6.645823765283549 8.084844086423226 0
5240 6.723179819309587 7.91665816582745 0
5241 6.725512837988988 7.92428395299601 0
5242 6.299102676230508 7.906664148734171 0
5243 6.323239632847065 8.095292856493968 0
5244 6.134998887757647 7.890410344887672 0
5245 6.331660808576228 7.871494628184701 0
5246 6.501750406952336 7.88109662304465 0
5247 6.317732794166194 7.896718063246503 0
5248 6.699923610889564 7.911383773525474 0
5249 5.940370475289365 7.983041670205475 0
5250 6.031907598124373 8.113972978292226 0
5251 6.036437462096276 8.122895384031766 0
5252 6.025300114649642 8.122320818384903 0
5253 6.038758219062911 8.134709927711555 0
5254 6.218662389599036 7.881751194537019 0
5255 6.812079020146811 7.922587971942331 0
5256 6.686760601323613 8.102697752197658 0
5257 0.6928486066578141 3.199879896782565 0
5258 6.813028148617262 8.069203417578843 0
5259 6.055438107746264 8.111928087679781 0
5260 6.771131076064611 8.075064702634744 0
5261 0.3464117327120118 4.199993378072716 0
5262 0.6928235150727151 4.399991426006939 0
5263 0.3441539505434883 1.399671816152852 0
5264 0.6915386424770664 1.599099135361024 0
5265 0.6924774699099354 1.999518881681487 0
5266 1.039410295830931 1.798766693866532 0
5267 0.6881866901754985 1.198446672830223 0
5268 0.3462248802394555 2.199788065826325 0
5269 0.692770603424911 2.39965793802843 0
5270 0.3463687682164339 2.599871636192142 0
5271 0.3464179078123296 3.399954951101735 0
5272 0.346413063860574 5.800000607819513 0
5273 0.6928273330994656 5.600000999827484 0
5274 0.6928226771474393 5.199999893979514 0
5275 0.3464111582052197 4.999999389358553 0
5276 6.793532845863744 7.932557484046556 0
5277 6.715714512695975 8.072447750875755 0
5278 6.022937457413343 8.100938169864364 0
5279 6.239275850243969 8.096096843988677 0
5280 19.67478455886781 12.5986878273448 0
5281 19.67488054959189 14.60023868055007 0
5282 19.65495902796636 9.799073635836518 0
5283 19.30717967697164 9.999999999983821 0
5284 19.30717967697164 9.59999999998313 0
5285 19.31143705292143 9.199617063930653 0
5286 19.67389794814088 11.79788464190971 0
5287 19.34841947267081 11.99634619876406 0
5288 19.65848327598319 8.999198367737446 0
5289 19.32192646158764 8.797243239269346 0
5290 19.66219297168736 8.598681724755982 0
5291 19.32704543541422 8.396815224203957 0
5292 19.33540397706354 7.998029260820172 0
5293 19.00317621607312 8.195567879828582 0
5294 6.33336380702548 7.900184153581987 0
5295 18.19999999999703 0.346410161514174 0
5296 12.5999999999888 0.3380785305677977 0
5297 12.42813098996132 0.7242784425108977 0
5298 15.40166875001155 0.335702407256618 0
5299 15.21972468993657 0.7259487258748599 0
5300 13.3978441395378 0.3516369474420152 0
5301 13.61583319756814 0.6707840151680617 0
5302 13.98228511188677 0.6423975590946029 0
5303 14.18050072903416 0.3303414142131059 0
5304 14.58795005570476 0.3958682153481283 0
5305 16.1958388246177 0.3441977029232821 0
5306 15.97539388886361 0.7365801209132248 0
5307 6.957928035471764 7.948557812426156 0
5308 7.797875950476053 0.346200277020597 0
5309 19.67289145554824 13.79997674450293 0
5310 19.67309832449806 13.39975911577192 0
5311 8.572101455105653 0.3624804199620986 0
5312 6.11357771156092 7.893942324111483 0
5313 6.987650302692743 8.029572385831012 0
5314 0.6928286076003373 3.999974601482728 0
5315 6.435563188931667 7.901781845085496 0
5316 11.43153009707963 9.39990062433132 0
5317 0.6923434484705037 13.60092305769684 0
5318 16.99701491283297 0.3268213937167315 0
5319 16.80149367874602 0.6480465336894862 0
5320 17.18600592570027 0.6491980358873497 0
5321 9.429431566591173 0.3608412776629584 0
5322 9.822753768189713 0.3422646800735544 0
5323 19.04074891885793 3.399245338017142 0
5324 17.39425025797127 0.3313004784331623 0
5325 10.39172290283321 9.997466687958088 0
5326 12.45857524360765 1.181778388956112 0
5327 12.12422010227567 0.9902940981766011 0
5328 12.46601777856094 1.594752866718232 0
5329 12.12223886353106 13.40106823709693 0
5330 11.77616131785128 13.20055724453824 0
5331 18.68689289956662 11.59539524887397 0
5332 11.77426601511818 13.60105317097552 0
5333 11.77067052711611 14.00161948559904 0
5334 11.42330874930653 14.20018986435351 0
5335 0.6926787180188974 13.20028111114268 0
5336 1.039105942487811 13.00029306658568 0
5337 0.6928091511176253 12.80006141309694 0
5338 19.0203389539176 7.399592108477042 0
5339 8.310082765912806 11.19698083307885 0
5340 7.033570769224344 7.958529044310841 0
5341 18.69763174367714 3.198821137822198 0
5342 14.20281654391369 9.799999783951709 0
5343 14.20281658417749 10.19999985533816 0
5344 4.503332099677269 14.99999999999899 0
5345 17.66462465132836 11.79890075273378 0
5346 18.7017247949909 13.99997415886513 0
5347 19.02968489275302 13.79993176350127 0
5348 12.47076515674779 5.59999941815602 0
5349 12.4707643360352 5.199999795530855 0
5350 14.89563656180528 10.5999998298208 0
5351 17.66685724339398 3.399979174262437 0
5352 17.32048660062767 3.60008994376393 0
5353 16.97426225747712 3.400408107349473 0
5354 18.01297144510723 3.199859326071807 0
5355 18.35613119351247 3.39953363765697 0
5356 1.039470431824681 12.60011623688874 0
5357 17.66875985115574 1.805603493001427 0
5358 16.97394933428268 12.19991606441197 0
5359 10.39182630983336 9.597438555797646 0
5360 13.1618790171023 2.002155211334277 0
5361 13.50845747553392 2.202915043580777 0
5362 17.66674882202718 3.799988040432401 0
5363 17.3203586715404 4.000026992354498 0
5364 12.12435470452979 9.799983125517794 0
5365 12.12435530162814 9.399966321769591 0
5366 11.40899145256206 14.99700914269697 0
5367 11.40331856990955 15.39232634368481 0
5368 16.62745878282898 9.599964020006375 0
5369 16.9736162601005 9.799929037813563 0
5370 16.97371183697842 9.399946353944991 0
5371 16.97370319697821 8.999925812719177 0
5372 12.46908880641177 13.60158352174964 0
5373 11.42690569622425 13.80049096999237 0
5374 13.51004861427391 12.99992100242033 0
5375 18.00281614408806 7.997903540417584 0
5376 17.66173255069518 7.798766683857574 0
5377 17.31947019077185 5.5997708232974 0
5378 7.966697013330021 12.19979463697701 0
5379 7.965942702665164 11.79955001019425 0
5380 7.967136816086295 12.59992015894279 0
5381 8.313660362970667 12.79990413115666 0
5382 16.62754327498038 5.199968414697549 0
5383 0.3464738096175884 7.80001437929409 0
5384 0.6930503813655469 8.000045847694397 0
5385 1.041419694650817 9.800191400530693 0
5386 0.6938864547754997 9.600101224622804 0
5387 15.92866433760509 14.800530169967 0
5388 15.58845726811764 15.00000000001575 0
5389 16.26969422161586 15.0010069324648 0
5390 2.086963619699551 9.600304413515801 0
5391 13.85428118117771 2.00444450187372 0
5392 13.85526412892232 2.40217358564295 0
5393 16.2812206707841 6.999965844443658 0
5394 15.93484180907017 7.19998395099115 0
5395 14.89563652013649 8.999999896698748 0
5396 13.16358522226841 5.200001670729427 0
5397 13.16342069322203 3.200201056151143 0
5398 13.50958408724481 3.000646561622638 0
5399 13.50981348623143 3.400290899295423 0
5400 13.85611225102271 3.200515953054023 0
5401 13.85627092589846 3.600239776195308 0
5402 14.20264248229462 3.400328542081724 0
5403 14.2027348281056 3.80015753736304 0
5404 14.54914568253855 3.600180322376859 0
5405 8.660191316595364 14.19931921865657 0
5406 1.382706954612305 14.40558456544544 0
5407 16.62096973083506 14.80071052412821 0
5408 16.969152586685 14.99775810340488 0
5409 16.61645435098574 15.20595704932845 0
5410 16.97511446436683 15.39653189930906 0
5411 16.25600438123242 15.40120977671993 0
5412 15.92033833489451 15.19691437074877 0
5413 14.54918642056282 4.000089362486051 0
5414 14.89561277988566 3.800089963677289 0
5415 15.24204679189406 4.0000325386558 0
5416 12.47076480251205 5.999998704513815 0
5417 9.352746837386135 12.19959368392753 0
5418 9.699291811016668 12.39976630892383 0
5419 12.81717466990693 5.000001675302007 0
5420 17.66510447855924 9.799846664997435 0
5421 16.62761428822517 4.400010778635167 0
5422 18.68009545057748 10.39745858110434 0
5423 16.2812511246001 10.99998632180318 0
5424 3.809610098205903 14.99829267255469 0
5425 3.464101615135445 15.19999999999729 0
5426 3.805187923796875 15.39184996319099 0
5427 4.150346909599383 15.19075155443742 0
5428 8.660196769919192 13.79966398907725 0
5429 9.006577478603223 13.59971927982368 0
5430 18.01322556805367 2.799920358926256 0
5431 17.66480313134862 12.19914706162995 0
5432 18.00857280461017 11.59775367951253 0
5433 9.698027230681062 10.79629281791537 0
5434 9.697636503499449 10.3942348232948 0
5435 16.62751147801723 7.599900715561922 0
5436 4.502438055268445 14.6014055552729 0
5437 12.81717586625029 7.399999482314457 0
5438 8.643451689538992 6.989384289901285 0
5439 5.889543795342009 13.39990938079806 0
5440 18.35973856022773 15.00000000002054 0
5441 15.24204704968514 7.999999968723145 0
5442 15.588442958757 7.79999138474738 0
5443 15.9348339831054 7.99998120344198 0
5444 9.353178927059304 4.599837027448345 0
5445 12.81703912585675 13.00012603841579 0
5446 17.33386315802593 1.234177696807969 0
5447 15.24204710661007 11.20000000001543 0
5448 9.006746424072229 3.200085624055079 0
5449 10.04565881786086 14.59936148485349 0
5450 13.85640643997311 9.99999948822974 0
5451 17.66113624384903 7.398867007650346 0
5452 11.43083938058371 2.200610939223855 0
5453 10.04589468389752 15.00000000000757 0
5454 6.928628251275548 1.199676926585242 0
5455 6.928203230295166 0.8000000000029339 0
5456 19.04821343644657 5.399955499037442 0
5457 16.28121708347265 7.399961657724266 0
5458 16.62780353619704 3.600254028915977 0
5459 5.893215536130551 12.59989368341653 0
5460 4.853455478427337 13.19997772641418 0
5461 14.54920930608755 4.400039053351898 0
5462 9.699472038577955 3.600052362088845 0
5463 14.20281828502957 12.19999728854072 0
5464 11.77712268020374 12.80025915442346 0
5465 14.549226681222 10.39999992742009 0
5466 15.24204390657975 5.200001206441882 0
5467 5.889323567196869 1.798827633032184 0
5468 6.235612743913768 1.999564080149948 0
5469 12.81396737561684 1.799448110607481 0
5470 14.20215085868708 2.601218122616958 0
5471 10.04367394330161 6.997445803751667 0
5472 13.8564387448334 13.1999443170037 0
5473 10.73821522856586 6.99931668624972 0
5474 7.621365283112349 3.199865366150901 0
5475 19.03469424176168 6.596048396016363 0
5476 13.85640643705309 7.199999980559808 0
5477 13.856406445478 7.599999981476666 0
5478 1.385358726094161 13.20058798927298 0
5479 9.699353637438501 2.800198865935229 0
5480 2.079326829955791 12.80023077404185 0
5481 12.8171758249968 10.19999710565753 0
5482 13.16349283183516 3.600122101447321 0
5483 14.89559974935627 3.000191545794891 0
5484 18.01001628401679 13.19956171333039 0
5485 3.464293911313696 5.59970624530933 0
5486 3.46411236898016 5.199875776607107 0
5487 13.39709776968554 15.65563353495585 0
5488 13.20521773265769 15.31902278387267 0
5489 12.81573437785459 15.31626392426231 0
5490 13.03758635083511 14.999866441747 0
5491 12.6064178693133 15.64310560331756 0
5492 12.41397695017791 15.24705035338664 0
5493 12.81717590949354 10.59999829117589 0
5494 9.006368763850578 1.603552982263475 0
5495 11.08511866518515 9.59995741672261 0
5496 11.43153563483862 8.999839219149433 0
5497 6.582800617753602 1.001729114626571 0
5498 6.590783419735732 0.6096213650275319 0
5499 6.222162803277253 0.3874881100920982 0
5500 15.4114907262767 15.65752069681972 0
5501 15.22462598854578 15.26741048821127 0
5502 7.27552546274933 1.798230395029952 0
5503 7.622804599263095 1.596484232564097 0
5504 6.928705148638278 1.599037150844109 0
5505 9.005923714174422 15.20255039265759 0
5506 2.078750923497405 6.40004005927417 0
5507 16.63740921473547 1.231610466839182 0
5508 17.3146820306423 15.18904725563488 0
5509 17.34931815011309 15.61209819748339 0
5510 12.46873090601856 1.998601395956622 0
5511 4.503397587940958 4.199836737528912 0
5512 4.156937656631682 3.999919398618395 0
5513 4.503407706637219 4.59966266946725 0
5514 6.231414063194011 14.39891570798364 0
5515 10.03216717001405 1.004450968539057 0
5516 1.041436321615492 11.4002230143577 0
5517 0.6941262843558121 11.20013573363499 0
5518 13.8564077868515 11.59999795459005 0
5519 11.43153149209857 4.599999842326613 0
5520 15.58858737017373 3.400127733176982 0
5521 9.352889705439519 13.79954935225557 0
5522 9.006534276959336 13.99943845640062 0
5523 12.8352929343847 14.64926729596266 0
5524 3.117723523335233 4.999936518248583 0
5525 16.97350464274523 10.9997666685176 0
5526 7.274649596320035 13.00001367823853 0
5527 16.28422416844915 2.203419182337006 0
5528 5.889099056601162 2.199632618556774 0
5529 15.93483971859413 9.999994104422644 0
5530 6.90428974855512 10.40045535856883 0
5531 10.73853622713739 11.39957089232507 0
5532 14.20281620709146 6.599999761237663 0
5533 13.85640628984821 6.399999943438667 0
5534 8.314265346210153 2.799957320744014 0
5535 18.69905339973511 13.5998385372699 0
5536 9.352397973087633 5.798406594470472 0
5537 4.609984320063536 15.64635088484107 0
5538 11.43149049032906 10.59984450707057 0
5539 11.43147654283093 6.999896297753864 0
5540 13.16358613629163 8.399999986145236 0
5541 8.660841100180416 4.599718450570291 0
5542 5.543111997662624 4.399892441281517 0
5543 16.28121661766242 4.999988481471495 0
5544 3.476927766437294 7.606260565801747 0
5545 2.995548013951028 15.64776830775123 0
5546 13.85641014155416 11.99999426312256 0
5547 13.50999938988547 11.79999459415594 0
5548 5.895418154783812 12.19966461320625 0
5549 6.238552474716752 12.00031143884867 0
5550 10.39227841964193 4.000035836253625 0
5551 3.464102112122357 3.599997539858914 0
5552 5.543020102089526 1.596470305380646 0
5553 15.9348409546106 5.199993787533112 0
5554 9.004356242784461 11.19651216939582 0
5555 9.003043978489394 10.79332110173165 0
5556 6.582987296649424 12.20028292278397 0
5557 10.6 15.65358983848621 0
5558 7.399999999999997 15.65358983848622 0
5559 13.8563476882642 4.000107619368931 0
5560 16.62809340157278 3.200720926897417 0
5561 6.591725159737313 5.4047185157931 0
5562 10.73852035723442 12.19990621231084 0
5563 2.425777604320413 2.199049738643463 0
5564 14.89537401744865 13.40034235830744 0
5565 5.889287636360209 3.800008805126768 0
5566 3.464081596284294 2.40035909164249 0
5567 18.19999999999998 15.65358983848623 0
5568 3.810465789513714 5.399541725909756 0
5569 1.739678921132928 10.60058866488376 0
5570 1.739321533534675 10.20047817843467 0
5571 6.930323585489487 4.40062753623338 0
5572 7.972162669610785 5.399475885604418 0
5573 9.699323408015953 12.79986068471357 0
5574 2.438935649630019 9.800128365424516 0
5575 5.195630537349217 1.798285200025495 0
5576 3.117694379311964 3.799997253500226 0
5577 9.694930363062968 7.195064224988777 0
5578 8.317446053375495 1.599280658819071 0
5579 8.661392442030836 1.801435598877496 0
5580 2.430385688838009 8.600672478071616 0
5581 2.081682259473698 8.400508032134905 0
5582 3.810465576060663 4.999760176387063 0
5583 5.196183773297216 3.399933444087546 0
5584 2.080150490459879 1.99824425774821 0
5585 5.89079167086447 4.600439748830892 0
5586 1.732056373132894 4.599995422178725 0
5587 4.999999999999996 15.65358983848622 0
5588 4.503304023061853 4.999347970904264 0
5589 1.732085338246907 3.799943936013802 0
5590 7.27527025515218 3.800055419734957 0
5591 12.20471793995932 15.63964838468746 0
5592 14.57318311856854 15.61737641007294 0
5593 1.732771003185526 7.400214094761382 0
5594 3.117745833385319 2.599986756457616 0
5595 4.156891446123149 4.79968013725833 0
5596 18.3561542613348 5.399466049012281 0
5597 3.819351078441555 8.602610749551697 0
5598 7.600779799861209 10.01177735261974 0
5599 7.622580936774145 4.400180766524068 0
5600 4.156877496822115 3.199999478634674 0
5601 15.24204465239777 5.599999625225498 0
5602 15.58844998260173 5.799997535856829 0
5603 3.815867491929628 6.598245469903365 0
5604 5.196114827644515 2.999901149938612 0
5605 2.425057306742549 2.999785568102722 0
5606 2.078561304479668 5.599993368963625 0
5607 14.89563688826339 10.99999991741556 0
5608 15.24203953019611 7.199995338129726 0
5609 3.124782500977232 7.803496743655836 0
5610 15.93483588502635 9.599994278917018 0
5611 16.62720817918376 6.799853860963168 0
5612 2.078479116072133 3.999974040013627 0
5613 2.771305468095703 4.799972199858249 0
5614 2.078846783715514 2.799539637570361 0
5615 1.732065032022886 4.19997744985749 0
5616 2.425288684468065 6.200005127834356 0
5617 1.039336700945579 2.999742720513141 0
5618 13.50914298464169 2.601401439254273 0
5619 4.850031066117684 4.799406259528038 0
5620 2.083629861561577 12.0004760238734 0
5621 7.27602942485891 4.20028260912746 0
5622 6.928502049632044 3.199896909141591 0
5623 4.148092868955044 0.8141974596519848 0
5624 3.804899073530926 0.6126998160533428 0
5625 3.810511543505076 3.799983659060778 0
5626 15.2420426244762 6.399997601924878 0
5627 5.196339787064813 4.199848532554949 0
5628 4.502808494406624 2.200150514414507 0
5629 1.732136865302234 5.80000434700659 0
5630 3.464101624797416 3.99998591717797 0
5631 1.385649114633637 4.399985579904933 0
5632 3.476921879810913 8.799819301901191 0
5633 3.827518972376945 8.994479628796709 0
5634 5.889104431510097 3.399969717383133 0
5635 14.20281623512225 5.800000350081334 0
5636 5.545106912445931 5.598198434403395 0
5637 13.16362694125195 12.7999445405283 0
5638 7.96966369670356 1.798510890282362 0
5639 11.08511185664022 4.799988287635246 0
5640 7.967310416346329 12.9999404701478 0
5641 4.156915367797109 3.599963607935843 0
5642 10.04475586741489 10.19572884468059 0
5643 6.927216804462528 13.99930205095449 0
5644 6.582001393686952 2.199645065177212 0
5645 2.42533389035949 2.599501275867176 0
5646 4.502122740657005 1.800442298559084 0
5647 12.81717597784751 9.399990510992087 0
5648 14.20281666081312 10.59999983531076 0
5649 7.283520616517412 5.403224300653241 0
5650 17.66385137995271 8.999464865229617 0
5651 13.85640646055019 14.40000000001339 0
5652 15.93481255562942 5.99998311239538 0
5653 7.621484737555964 2.79967704438054 0
5654 7.616736642092336 11.19979073293529 0
5655 2.084950380298866 9.200285303824675 0
5656 6.948935588511887 6.019567851698999 0
5657 6.964362865759372 6.491622157471161 0
5658 13.16358702133374 11.59999691328572 0
5659 2.432930769027196 9.000302504218823 0
5660 12.81717171410073 4.600005951430148 0
5661 3.11799577959363 13.40011427696867 0
5662 3.464324820221441 13.60007574061271 0
5663 7.620898434260914 12.79998364675534 0
5664 5.542903752117903 3.99995341548042 0
5665 12.81716125489263 12.20000566735797 0
5666 3.812355957222282 6.198573134924686 0
5667 9.699513615779049 4.399939722676264 0
5668 9.007013887164046 4.799620694654823 0
5669 2.772153571191523 6.400004287662767 0
5670 11.08510850191648 7.999736019852018 0
5671 11.77793972056643 4.799998099746388 0
5672 12.47073753996863 12.0000096030389 0
5673 2.775329821169095 7.601542906796107 0
5674 15.58844755832832 9.399998168719261 0
5675 6.58195725829879 1.79980747719374 0
5676 2.771297560951731 13.60018764909686 0
5677 2.771664876466764 2.399643372669717 0
5678 4.849955490165358 4.399716396791326 0
5679 13.50999594827954 5.400000728165283 0
5680 3.465974764048851 0.8097687176076029 0
5681 16.9734353855644 5.799838459154249 0
5682 12.47076584407527 7.999999104265505 0
5683 12.47076488564475 10.79999650618289 0
5684 9.00692974597753 4.399827976663188 0
5685 4.848151978870204 1.598282193539995 0
5686 16.9746683752129 3.0011683958204 0
5687 11.43152634369387 7.799877083806173 0
5688 15.93484561477265 4.799997583721643 0
5689 14.89531470563926 1.799303906250555 0
5690 2.773358400993438 6.800337603222756 0
5691 14.20239938170986 14.19987540801669 0
5692 3.117839793811364 2.200005402243776 0
5693 1.04045845997308 9.000126041074736 0
5694 0.6933833756822307 8.800066083268447 0
5695 8.316208562421906 5.996239863983568 0
5696 1.385890751171336 7.200077664638291 0
5697 13.85640645224564 9.199999258288493 0
5698 13.50999745581226 11.39999771132568 0
5699 6.570420297518206 10.60667849112651 0
5700 2.795882255826815 10.80122193008133 0
5701 16.62754255860832 7.999916145889323 0
5702 16.28124238003252 11.39997922425735 0
5703 12.47076080493647 4.400003718060707 0
5704 6.235540337537893 2.39970669313317 0
5705 2.774563591234252 7.20091604439535 0
5706 9.006451481578068 14.39897876069927 0
5707 14.2028154816117 5.400002251888916 0
5708 4.850978135385884 13.60013820661684 0
5709 18.6760828926303 9.198522433087726 0
5710 6.929322747588782 4.000253238070199 0
5711 5.542714690221016 3.599953185169693 0
5712 7.275025424890677 3.399932921785682 0
5713 3.118310826174627 1.800628630616548 0
5714 9.351126275589838 1.801510723224457 0
5715 11.43144339316279 11.799950135082 0
5716 13.85640634322749 6.799999923849933 0
5717 1.385703357591868 6.000008862049853 0
5718 2.07812314489588 14.00057908445856 0
5719 3.836136671480732 11.79830558269392 0
5720 7.620683027886 13.99976021179194 0
5721 18.35414309105954 13.39955448794112 0
5722 8.660481176304582 3.000073447631448 0
5723 9.00676082578536 2.800202383207977 0
5724 13.16358766866898 11.99999387021063 0
5725 16.97409867316683 3.800129561078133 0
5726 10.38950677636844 2.002850199788955 0
5727 13.85640645271742 7.999999973657443 0
5728 3.464389104429635 1.602629620038217 0
5729 9.351075212935509 6.197190044610228 0
5730 2.086720011784024 11.60071926390549 0
5731 7.967835032436565 2.999849315308349 0
5732 3.118816614330645 6.199757393982812 0
5733 3.465023210302943 1.205643912432711 0
5734 8.316578673203381 5.598203557404653 0
5735 10.04586429767518 3.80005013708681 0
5736 9.699503601284965 4.000000156894297 0
5737 17.66509471770038 10.59949733024452 0
5738 8.31277997026392 11.99939909795021 0
5739 12.47076576467833 7.599999109448142 0
5740 17.32355999586622 2.007135835396215 0
5741 9.6974750059135 9.992074583406167 0
5742 9.353064613890627 3.000140704973343 0
5743 15.93483535156579 7.59998007055815 0
5744 11.77789461570065 3.600017558462517 0
5745 12.12426268170237 3.4000035074723 0
5746 11.77792147953059 6.799960066575437 0
5747 15.58842060160851 12.20003106526008 0
5748 9.00630221768616 14.79881484153957 0
5749 9.698413279161008 5.998480307339689 0
5750 3.46512802445227 5.999406119903073 0
5751 2.089096629966139 10.00042504042279 0
5752 7.630125420098127 5.601067300289095 0
5753 14.54922721784075 11.9999992756749 0
5754 10.73865817132318 3.800069592845186 0
5755 17.32027249129009 12.39988655019573 0
5756 15.58844747122885 6.599994520598859 0
5757 17.66278473292923 6.599160152600147 0
5758 10.73833105621076 3.000431092587754 0
5759 15.93483624300447 8.399986044242734 0
5760 10.39169825798061 10.3978154847455 0
5761 10.73747529086035 13.3998817355475 0
5762 10.39144579464682 13.59970168769663 0
5763 2.078669173684732 6.000005947687729 0
5764 13.16259750669247 2.401109371473728 0
5765 10.73854772996467 3.400191747764162 0
5766 6.236173469762301 13.1999745234697 0
5767 8.314126860291916 3.599965340230038 0
5768 16.27975487780648 13.80043448884141 0
5769 11.43029293086718 13.00023946991516 0
5770 18.00738626574297 6.398829808784286 0
5771 11.43149750507598 5.799956712557144 0
5772 16.62755348529023 11.19993480099351 0
5773 14.54529758506542 15.19236791034643 0
5774 12.0411942321229 15.33467006249079 0
5775 9.352894920778258 12.5998009306249 0
5776 5.53890824018134 14.39914390453924 0
5777 18.3527233774082 12.99904049528498 0
5778 19.04821051603692 4.199991621041871 0
5779 1.039475971678425 7.400065859876124 0
5780 1.389923586502037 10.0003179481991 0
5781 10.04485599576777 6.198752094056772 0
5782 12.81717567872403 6.999999264198074 0
5783 11.43151024612531 5.399972669589585 0
5784 13.5116923970556 14.19706066498141 0
5785 11.77794729390004 8.799901984540014 0
5786 13.85640650022039 10.3999995966501 0
5787 11.08508873153718 5.199959434757702 0
5788 10.73861340489708 5.39987535880114 0
5789 13.50999628960196 7.799999967357304 0
5790 2.771825487610622 5.999910177877267 0
5791 12.12415766877551 2.999965126418691 0
5792 16.28121420438825 7.799960852673753 0
5793 9.350275008781237 10.59311722324704 0
5794 14.20281653342924 9.399999684679926 0
5795 6.941156692891525 5.607295248636296 0
5796 14.2028166084079 7.799999988816865 0
5797 18.6787271079954 9.999051004824551 0
5798 15.58816543807978 13.00024769696145 0
5799 11.77794549148721 1.200000000010316 0
5800 10.04550912908674 8.596591442199671 0
5801 15.58844223945263 6.1999943578358 0
5802 8.314145573713176 3.199966115479724 0
5803 9.69941701984952 3.200134814410786 0
5804 15.58844335205785 5.399996807754432 0
5805 13.50999400894658 5.000004729629318 0
5806 14.20281660309677 7.399999987406694 0
5807 15.5884434704613 6.999991619586099 0
5808 11.08259601252639 13.60002732380775 0
5809 13.16358612900856 7.999999900409027 0
5810 12.8171759625689 7.799999664500183 0
5811 13.85640582671723 5.600001200815034 0
5812 10.04568958977054 12.19973983136884 0
5813 3.810555959956087 13.80002858173122 0
5814 18.70279716432727 4.399919168335924 0
5815 16.97371569357977 13.39997119708399 0
5816 13.16360010102149 12.39998059938688 0
5817 18.00538092878831 6.798663486520505 0
5818 7.967433714814815 15.00000000000426 0
5819 15.58844067666997 7.399989759735586 0
5820 13.50999618990452 6.199999987437733 0
5821 6.738718030009737 7.920193217780808 0
5822 18.35973856024928 1.000000000019965 0
5823 7.273612989063722 14.19919701705097 0
5824 14.54922665642055 8.799999939432249 0
5825 4.86276962895827 12.39922219641976 0
5826 15.58933351839218 2.199641301084684 0
5827 9.001714549012146 10.38839307415518 0
5828 3.812096238431538 13.40002262024942 0
5829 3.117691453622037 14.99999999999671 0
5830 15.93478815296471 12.40004962443007 0
5831 12.47076292479741 4.80000187248381 0
5832 15.93464162855344 12.80014191245415 0
5833 15.5884984788762 3.800057649942286 0
5834 16.28052658088383 13.40026987572459 0
5835 10.39152502413881 6.399084338578651 0
5836 14.54922054328808 12.40000772058043 0
5837 10.04557646395435 11.79943084168743 0
5838 16.62727702729921 13.20007756085511 0
5839 5.891324363404118 12.99994751983628 0
5840 8.656158509108909 10.99466486084379 0
5841 10.39219587100439 5.19984503424689 0
5842 13.50999629903613 14.60000000001296 0
5843 10.04533585207458 5.79922439824464 0
5844 10.04567633481748 12.59984766115768 0
5845 18.70049796462532 1.999456931492014 0
5846 10.04565111117985 5.399592313372009 0
5847 18.70060334410788 5.599174411244517 0
5848 17.66627217488814 14.19929734581202 0
5849 11.08020744388731 14.39880374002085 0
5850 15.24204504828515 10.79999909479303 0
5851 15.2414375156684 1.595665546391819 0
5852 19.0349800860157 1.799449039604968 0
5853 6.92593247907115 14.39810586936461 0
5854 15.93641831410557 2.401123657862945 0
5855 17.66627650188808 4.599926538660888 0
5856 12.81692367043051 13.40037775987608 0
5857 11.08465364212666 2.800510906166502 0
5858 17.32000797187034 8.799903239970028 0
5859 8.307364118163804 10.79354867418493 0
5860 5.897363067898223 11.79939442165303 0
5861 17.3188560092719 14.39850285096934 0
5862 13.85640617411097 6.000000253954616 0
5863 11.43132128792868 3.000180582894793 0
5864 11.77783854314177 3.20002469063345 0
5865 3.815217066948286 12.99992528353002 0
5866 16.97351232680719 10.1998782544645 0
5867 12.12435140435524 4.999998729984251 0
5868 11.43152009647626 4.999985352022501 0
5869 16.97397854233645 4.200031725778883 0
5870 15.2374934898347 1.185113423369512 0
5871 7.273430361206107 11.80030409724763 0
5872 7.61882038874293 11.59989718164531 0
5873 10.73855161177136 11.79976066429965 0
5874 4.857421437392679 12.7997075762943 0
5875 6.92699818786936 11.60076635455045 0
5876 5.882746449940415 14.5986347207695 0
5877 6.238341822004115 11.60064980495703 0
5878 11.08501025831088 7.199785753366973 0
5879 13.85578969824855 2.801096155314423 0
5880 10.39120624548535 6.798681962138809 0
5881 16.97359231678855 5.399889751974371 0
5882 15.58988096467742 1.797973941238657 0
5883 11.08491080256176 6.799705579837018 0
5884 4.165091653037873 12.79976128329663 0
5885 15.24204492047187 9.599999559414105 0
5886 17.32664318344533 1.614923928694362 0
5887 5.20975901439763 12.19878863588423 0
5888 10.73851832602717 7.799341527512654 0
5889 11.08503252948188 7.599714569845603 0
5890 4.509455438435804 12.99984348042282 0
5891 17.31684640739566 14.7955239360509 0
5892 11.0841592705866 2.40107931897797 0
5893 5.550796844921558 12.39942688962002 0
5894 7.964537367030987 11.39898121449158 0
5895 11.08336534225469 2.002111850594337 0
5896 10.39179652122479 7.998408537867244 0
5897 10.73543200801503 1.80423951274854 0
5898 6.577843941807188 14.59791888383666 0
5899 6.582660953906549 11.80051692707045 0
5900 18.00349842348643 7.19850325520693 0
5901 6.16531071040484 7.919249755368906 0
5902 11.08500486518845 11.5998078365555 0
5903 17.31921659489684 11.19943860831011 0
5904 18.35177739147531 11.79638609516546 0
5905 10.39208851911389 11.99970745609271 0
5906 18.00238198090791 7.59821511985615 0
5907 14.8956360853116 9.39999979886456 0
5908 10.73316828005671 1.408806790219707 0
5909 10.39231766907481 8.398866996390749 0
5910 15.9343357105322 13.20031692324278 0
5911 9.696961777827873 8.39199256509616 0
5912 3.464095450224721 14.0001226389645 0
5913 17.66447435409698 11.3988435104413 0
5914 11.43146519627956 11.3998752284755 0
5915 14.2024541049223 3.000668110165422 0
5916 17.32018189779071 4.3999768355989 0
5917 6.44400262666995 7.882661819687756 0
5918 14.54922648689725 9.1999998483962 0
5919 3.117770063619712 13.80023270549118 0
5920 16.28117394365616 9.399981749602969 0
5921 15.58779912255998 13.40055857300151 0
5922 12.47076598674277 9.199977060451118 0
5923 17.31937640707296 10.39973547354725 0
5924 16.62754779786801 4.799981137121788 0
5925 2.771275892639393 14.00057176517976 0
5926 6.860538032768274 7.961978475499814 0
5927 15.24208163077789 3.600096610044325 0
5928 17.31967602686504 9.199877545127709 0
5929 6.222590256004691 15.20408526975175 0
5930 6.227959686954105 14.79913501755535 0
5931 11.77791887007701 11.199944054069 0
5932 18.35002343489413 11.39652728373406 0
5933 14.54906616643538 3.200342105403231 0
5934 17.31922664567894 10.79955758623354 0
5935 18.34096180733303 7.797577084330827 0
5936 11.42899655578935 13.40040894660419 0
5937 15.24136087530709 13.60080545993414 0
5938 11.77794477515613 9.199921554577678 0
5939 2.424784590101883 14.20056126324771 0
5940 2.078102916194058 14.40019381577842 0
5941 11.77792655663306 10.79994222571675 0
5942 10.73860737003329 9.399210964671392 0
5943 1.730197286741244 14.60306883288997 0
5944 2.775601582966798 12.40025822565892 0
5945 14.89560651112991 3.400144788954239 0
5946 1.04023582491402 12.20014507183591 0
5947 0.6935538157699895 12.00009695035898 0
5948 17.31956282593153 9.999863501622388 0
5949 1.385679571280398 12.80015111088028 0
5950 12.12435382132742 10.5999938151379 0
5951 1.380317952215896 14.81102969884846 0
5952 0.6858854467246814 14.80939886906147 0
5953 3.1354775860082 11.8002418890422 0
5954 15.24086493134343 14.00171686365082 0
5955 3.127628426665876 12.20016327290024 0
5956 2.429959712265783 12.20041510251423 0
5957 2.150473529202508 0.3794419033085982 0
5958 1.73315509796023 12.60021946341335 0
5959 2.080942488128228 12.40028177356871 0
5960 17.31965417767699 9.599900592446884 0
5961 19.67915663907086 1.399551524695634 0
5962 12.47076503842176 10.39999544679715 0
5963 11.41759526485542 14.59901530729009 0
5964 19.66957356130214 7.799474893837979 0
5965 15.23987686285686 14.40426058047249 0
5966 12.47076522099039 9.999991588862033 0
5967 12.47076550516035 9.599983822696146 0
5968 15.23724307480894 14.81359270723367 0
5969 7.399999999983729 0.3464101615127649 0
5970 5.399999999989562 0.3464101615127655 0
5971 4.608904459337299 0.3529376876244857 0
5972 19.67363901002187 4.199939661137051 0
5973 19.67549835443536 3.399271324445206 0
5974 2.995881609182148 0.3522573530919769 0
5975 19.67398467112956 4.999923999400718 0
5976 19.67700700912928 6.9998652667553 0
5977 6.642034534402692 7.912613541707215 0
5978 1.0392350998692 4.599992280418836 0
5979 0.344060624475656 14.60305132402861 0
5980 6.409056042192195 7.909912615702648 0
5981 6.491949876211436 8.096092134404213 0
5982 6.489278743757582 8.103322703281462 0
5983 6.496978531636901 8.102458925855046 0
5984 6.494041337058804 8.109759873808109 0
5985 6.505442479774921 8.102260115922018 0
5986 6.499843334571393 8.094925062050573 0
5987 6.512940996808334 8.099824674600193 0
5988 6.181970106029324 7.880667551745134 0
5989 6.099887942932835 8.115217457306406 0
5990 6.104378202802296 8.121956715290683 0
5991 0.6931965541137606 12.4000829075822 0
5992 6.618634360351264 7.90733681651808 0
5993 6.464973367775773 7.87993886454082 0
5994 0.3468057736057332 11.80004936226548 0
5995 0.3462522180324173 13.40030828611544 0
5996 0.3465025932524646 12.60004180935825 0
5997 6.974286800681577 7.931788355247074 0
5998 5.988451274174366 8.076027880997309 0
5999 6.267877345193651 7.899853117243351 0
6000 6.237237871167216 7.871848386041769 0
6001 0.6928228520467005 4.799996741253992 0
6002 6.09244611437501 7.896076682232277 0
6003 6.014982375199982 8.101795726243431 0
6004 6.018260133406613 8.094435216696926 0
6005 6.870184020729778 8.031965798041119 0
6006 6.855497614899663 8.031310208908094 0
6007 6.973527802660067 7.952146910262547 0
6008 6.117279900755241 7.929655907588989 0
6009 6.391089365346438 7.898855966433708 0
6010 0.3470095079247356 11.00006372340055 0
6011 0.6939405783553045 11.60012271334444 0
6012 6.203049378719808 7.87814830404583 0
6013 6.430181811322356 7.907622055398413 0
6014 6.432732977113277 7.915179706595023 0
6015 6.42776233968704 7.900079563048275 0
6016 6.76442075978131 8.070794536851958 0
6017 6.252888585513579 7.87523405616324 0
6018 6.160411917173908 7.904330827634789 0
6019 6.387204835156483 8.090601412959895 0
6020 6.184380126272942 7.888310659453023 0
6021 6.799617049664873 8.060570801177828 0
6022 0.3470043605788491 10.20006028771295 0
6023 0.6943051421710563 10.80014864955269 0
6024 6.571757086649194 8.100166606076971 0
6025 6.750233322290608 8.078092308659969 0
6026 6.118941221343996 7.888271509480078 0
6027 6.065482366265567 7.92578867180025 0
6028 7.066872420015362 7.97280265897577 0
6029 6.341818136172368 7.88084014375969 0
6030 1.039256469763446 5.800003846090846 0
6031 6.895498167602314 7.934418039493132 0
6032 6.887676589487798 7.93261224622923 0
6033 6.882272902197784 7.938512234280141 0
6034 6.37848710227358 7.881890488952925 0
6035 1.039241384241025 5.400000770025605 0
6036 6.920907766768471 7.968399425883615 0
6037 0.6928373681319636 6.000003655123443 0
6038 6.833099922327833 8.082162844641468 0
6039 7.047262007709229 8.024979509403787 0
6040 6.246837595285578 7.902283589056834 0
6041 7.020877923285532 7.941598305885213 0
6042 0.6941893454910143 10.00012787951949 0
6043 0.3468189905951662 9.400041547878832 0
6044 6.359932801939491 8.099839104458956 0
6045 6.042040115227207 8.092260463958553 0
6046 6.880635144253292 7.909714892741409 0
6047 6.040816982589831 8.078594399532172 0
6048 6.036241933794686 8.072166006231164 0
6049 6.256138091040286 8.093479096540195 0
6050 6.126057842967912 7.910809914238532 0
6051 6.747554602023855 7.950488896283872 0
6052 6.707630298781488 7.913180647395474 0
6053 0.3466140111589495 8.600026609967387 0
6054 0.693680234763337 9.200085527589657 0
6055 0.3464278818841434 6.60000514677189 0
6056 6.81417764741361 7.951049963031947 0
6057 6.070449320668837 8.096792815987008 0
6058 7.012938614819783 7.939911205970927 0
6059 6.777860868026469 7.929118274465742 0
6060 6.746904142109814 7.902193186869802 0
6061 6.37260579025772 7.908727776009671 0
6062 6.807251469329064 8.040891512433351 0
6063 6.800623322225086 8.036669402457719 0
6064 0.3464450361573225 7.000009860751363 0
6065 6.381713562742954 8.118829674231248 0
6066 5.989521319378463 8.041423689949429 0
6067 6.813417533229051 8.061252980393322 0
6068 6.175200367543515 8.101647969607086 0
6069 1.039497179333723 2.19918374655004 0
6070 6.370090665652244 7.901225058295561 0
6071 6.673891473203835 8.078227030515594 0
6072 6.148885100820985 8.076095604874837 0
6073 6.151905670521781 8.068594331078383 0
6074 6.986831487463711 8.021692088191983 0
6075 6.665411816676841 7.917883962784983 0
6076 6.694467520461075 7.917178664442959 0
6077 0.6929936133617658 7.600041419043003 0
6078 6.908146981639315 7.951479128236992 0
6079 7.012511923708188 7.960875030331273 0
6080 6.071429873200986 7.898646932735567 0
6081 6.06602185216137 7.904588232033871 0
6082 6.415369711444514 7.883220600823952 0
6083 6.202404931422249 7.899446766398449 0
6084 1.039762578309536 8.200095283950045 0
6085 6.861307851113922 8.075609468979376 0
6086 6.919216029967249 7.918602721579859 0
6087 0.6928581968650283 2.799766265313213 0
6088 6.780308165593604 7.936836140286973 0
6089 6.77696884977531 8.094808917279057 0
6090 6.783743549686184 8.091728124085977 0
6091 6.686587463871315 7.91538473711103 0
6092 6.253112318797136 8.115790155011711 0
6093 6.858161890513711 7.95433310405932 0
6094 6.480596136476149 7.88343787944418 0
6095 6.084598940212801 7.894310930422041 0
6096 6.079220235032641 7.900327102757044 0
6097 6.841102279231142 8.062601028912788 0
6098 6.678735737434012 7.934701721199599 0
6099 6.712331226507084 7.928382802304293 0
6100 6.71774411515455 7.922534892056273 0
6101 6.305173274170275 7.879858338258034 0
6102 6.362861461708085 7.878422493557247 0
6103 6.844153196993187 7.90859336134228 0
6104 6.849360121028194 7.90262315316687 0
6105 6.480024283231253 7.904507900023305 0
6106 6.7940055079305 7.9113707309178 0
6107 6.292612669958112 8.099361796985825 0
6108 6.337159518974912 7.86556083745853 0
6109 6.242589378176795 7.866074168473494 0
6110 6.245047457845779 7.873561011130086 0
6111 6.754270978439148 7.923790196924878 0
6112 6.510549114952373 7.933099919944119 0
6113 6.188555092809029 7.924755991162235 0
6114 6.223239698762157 8.097594324914112 0
6115 6.87446620742896 7.93672723988966 0
6116 6.598675477077617 7.938970797489224 0
6117 6.601274898633944 7.947113070380269 0
6118 6.590457643733665 7.936875553612809 0
6119 6.58425252511037 7.942033084833286 0
6120 6.576751805767325 7.939620643648713 0
6121 6.32621138386849 7.87740139519485 0
6122 6.942935212279162 7.924875468985956 0
6123 6.159349604183626 8.103070897743864 0
6124 6.95327847051571 8.029401964043934 0
6125 6.073352517984471 7.9275343786539 0
6126 7.047772783984876 8.004325125664156 0
6127 6.926156187398146 8.042196639305653 0
6128 7.031763135064943 8.021672514694194 0
6129 6.039952390922466 7.892509728472834 0
6130 6.629932945591536 8.124080184015829 0
6131 6.771512053701077 8.067170432865389 0
6132 6.764784455035484 8.062894021267372 0
6133 6.33949245184408 7.873203053628697 0
6134 6.694156518399468 7.937923346192198 0
6135 6.073872845293377 8.089568782877159 0
6136 6.291308268065864 7.90500109543433 0
6137 6.827674860731204 7.926121810893207 0
6138 6.624596760905111 8.103655350744425 0
6139 6.739906524039093 7.948580117563573 0
6140 6.734368126061478 7.954181465125385 0
6141 7.062702774048767 7.957624581559088 0
6142 7.070953048135593 7.958873659494775 0
6143 6.456558507422008 7.89930858082964 0
6144 6.756613316592004 7.931485907916045 0
6145 6.239651163505088 7.879414280129684 0
6146 6.832433164558425 7.94136634148599 0
6147 6.393465116507747 7.906433020333229 0
6148 6.094379065382529 8.094764924655689 0
6149 6.302842051026293 7.872286784225033 0
6150 7.061002686875335 8.000185404258929 0
6151 6.553856353563271 8.08676636315468 0
6152 6.459025386091211 7.906844444643808 0
6153 6.466822399677621 7.908604613449115 0
6154 6.053364937590607 8.084351096336466 0
6155 5.925398272794946 7.998682084922646 0
6156 5.930187840941542 8.005296917935812 0
6157 6.708629875249429 8.076068687109199 0
6158 6.827246384507067 8.061921597563275 0
6159 7.062529294975683 8.028932041424646 0
6160 7.064436308451524 8.036903560239782 0
6161 6.169026563201173 7.863886028539215 0
6162 6.173839112942108 7.856442045244806 0
6163 6.045403886911603 8.085062444537661 0
6164 6.288919487295566 7.897422989222536 0
6165 6.249526036041783 8.123121588326963 0
6166 6.474650505328826 7.910393527545978 0
6167 7.038311030651396 7.973782364648775 0
6168 0.6928486908414646 6.400007724685752 0
6169 6.384999887330109 7.925957118401303 0
6170 6.204815625651484 7.907098479318643 0
6171 6.136662485461152 8.119149443969638 0
6172 6.345086071904436 8.114928175143486 0
6173 6.604648804979143 8.064055633249554 0
6174 6.598542228787426 8.058941307745815 0
6175 6.86665994813211 7.934942183149351 0
6176 6.001003607429007 8.081941742634836 0
6177 6.716017616725908 8.064554769539185 0
6178 7.003239068560227 8.043565431067595 0
6179 7.010597928321296 8.046546625348883 0
6180 6.241666174869785 8.123737165871139 0
6181 6.122907475707103 8.099297584223338 0
6182 6.864306643354266 7.927300391927526 0
6183 6.666793821265224 8.08185643981466 0
6184 6.843267524609864 7.929644165321023 0
6185 6.117128172311935 8.078880165720145 0
6186 6.796070372976796 7.940135838278012 0
6187 6.968472792490264 8.043768939137017 0
6188 6.212609639966812 7.908800202539444 0
6189 6.743490918063689 8.073772369109431 0
6190 6.196986650989622 7.905364551160536 0
6191 6.688106601600822 8.070984392414942 0
6192 6.03192365334394 7.91191174919437 0
6193 0.6932233601513869 8.400059407769753 0
6194 6.83783130612648 7.935518079903352 0
6195 6.928635446107923 7.970013361662107 0
6196 6.341698308611811 8.122159650336792 0
6197 6.170589099776718 7.913524476009628 0
6198 6.905469459342346 8.030352103139977 0
6199 6.689265531395119 7.943462725423899 0
6200 6.028305723748107 8.072817199075251 0
6201 6.501036010563618 7.902106233287982 0
6202 6.234649467135066 8.089756541175191 0
6203 6.473927711139719 8.084799210505302 0
6204 6.272842091919815 7.915004705727585 0
6205 6.4878129580725 7.906225520719617 0
6206 6.493204562397414 7.900365526421332 0
6207 6.660104623672972 7.923841823104786 0
6208 6.788208013400344 7.938488258132731 0
6209 7.050820239750768 7.990810024812348 0
6210 7.053189461400429 7.998442186190013 0
6211 6.401230454682565 7.908164052010445 0
6212 6.65359566027421 8.065116184138944 0
6213 6.653419115742897 8.055885836432129 0
6214 6.693751579661896 8.09920010851822 0
6215 6.105073846758794 7.913116337262033 0
6216 6.218030383021341 7.902897503606572 0
6217 6.395145806720803 8.089873058183096 0
6218 6.21062777917626 8.091717517678745 0
6219 6.674288787486051 8.070204782913649 0
6220 6.699189395712249 8.120101824057567 0
6221 5.993030466399571 8.082582010368537 0
6222 6.130894839013924 8.098611555203503 0
6223 6.412630079215894 8.138010467979241 0
6224 6.134293774026991 8.091352171448898 0
6225 6.391763810302489 8.097078966398591 0
6226 6.397622258490202 8.117445953763962 0
6227 6.055757767284375 7.895345230336808 0
6228 6.081171255599108 7.929246029516721 0
6229 6.875211933701179 8.076164928369987 0
6230 6.379277653958573 8.091331516398755 0
6231 6.371348007883407 8.092033270979183 0
6232 6.431403323969824 8.093530227393749 0
6233 6.427203064798103 8.100447383926067 0
6234 6.876858072045211 7.944413831211657 0
6235 6.083529149772588 7.936787119491878 0
6236 6.020345111913721 8.073454938673358 0
6237 6.638754675522084 8.088495042484425 0
6238 6.790822464767857 7.946052780744546 0
6239 6.099723083933279 7.918970979191561 0
6240 6.522989008616857 8.090582718641061 0
6241 6.503441942002732 7.909653406934074 0
6242 6.827584551440552 8.053944630497007 0
6243 6.681402165013616 8.066595851041528 0
6244 6.481258054707173 8.105500244012637 0
6245 6.757333709666286 8.074435847178297 0
6246 6.044152303076643 8.071449799814838 0
6247 6.884674474696386 7.946198569018026 0
6248 6.898116588214038 8.033629064078283 0
6249 6.225835108161208 7.904628380562216 0
6250 6.179837320256264 8.073677122054999 0
6251 6.737541293277998 8.053411192193922 0
6252 6.081845492936143 8.088914225409656 0
6253 6.170652080400581 8.095156067802934 0
6254 6.058205095489357 7.902902100615475 0
6255 6.632098657821857 8.07606548189214 0
6256 6.335772866880721 7.907729258627801 0
6257 6.511213601138278 7.911447545438159 0
6258 6.772175662691489 8.051260002535431 0
6259 6.652255464174766 7.922081709372373 0
6260 6.772077293943892 8.042583942247635 0
6261 6.419933168930884 8.101412131962096 0
6262 6.099671078255742 8.066866272512428 0
6263 6.758075218619155 8.058625192178965 0
6264 6.394427999655496 8.124936965810015 0
6265 6.636657333807781 7.918428316097349 0
6266 6.042949641600434 8.058288273454901 0
6267 6.793560161186808 7.953497070683609 0
6268 6.241429373235071 7.908157964708252 0
6269 6.347423400112996 8.093881004552358 0
6270 6.644447875532712 7.92023757327061 0
6271 6.631949246551473 8.084173501397569 0
6272 6.017838217284889 8.046119097771742 0
6273 6.233624035593062 7.906381849994824 0
6274 6.129718478272126 8.084811408399126 0
6275 6.085240273716801 8.081744514670927 0
6276 6.039599888295053 8.065141457590032 0
6277 6.091912110135732 7.917339744818307 0
6278 6.243831862957919 7.915781946991517 0
6279 6.242560560195253 8.088932903001856 0
6280 6.681785165330443 8.058631747363696 0
6281 6.890087168563545 7.940296251555168 0
6282 6.363400896625182 8.092689116588556 0
6283 6.765112883730742 8.055028710416572 0
6284 6.897901248078867 7.942067731628608 0
6285 6.086546276334142 7.923307681486587 0
6286 5.938176933700398 8.004256822555265 0
6287 6.516595916201473 7.9056429584267 0
6288 6.251529193147658 7.917799171257347 0
6289 6.250468726099979 8.088289083333922 0
6290 6.905712327779497 7.943824356716764 0
6291 6.3554319321524 8.093301564014263 0
6292 6.911383971433755 8.050162952599509 0
6293 6.576628911188824 7.911885680000566 0
6294 6.868071628716769 8.079936806255287 0
6295 6.738164013180865 8.04483323312221 0
6296 6.046363590493451 8.051616056320256 0
6297 6.125148296081443 8.078250702679345 0
6298 6.029383147274579 7.927995317216782 0
6299 6.913525262596524 7.945575813154523 0
6300 6.921323296038101 7.947325040790478 0
6301 6.942315995066123 7.945040030729517 0
6302 6.120544283193118 8.071562150999423 0
6303 6.860914181293818 8.083630637593382 0
6304 6.539543787112228 7.931267451010434 0
6305 6.929099880329963 7.949079287398389 0
6306 5.934951847583901 8.011662238745135 0
6307 5.927067459107787 8.01288680061141 0
6308 5.931883442827712 8.018938680916539 0
6309 6.934513207550708 7.943262333466478 0
6310 6.944707987006177 7.952592898785369 0
6311 6.952502011386038 7.954359048665991 0
6312 6.960307811982141 7.95613427332998 0
6313 6.9681142456278 7.957922242804754 0
6314 5.990658095950548 8.05512476247665 0
6315 5.957214039296908 7.995186637661387 0
6316 5.994047055677511 8.047997917967049 0
6317 6.996900048691888 7.95739268067611 0
6318 6.9759067728557 7.959702905306871 0
6319 6.983706580001932 7.961459135592191 0
6320 6.999303588484596 7.964965874477007 0
6321 6.989092737643295 7.955676076914275 0
6322 7.014895634394747 7.968481626056816 0
6323 7.007092282298245 7.966730411180746 0
6324 7.011797237231933 7.98191295436505 0
6325 5.97228320490573 8.0287884067445 0
6326 6.99240353758686 8.06915112012482 0
6327 5.981558903294328 8.041951068415626 0
6328 5.971330690509434 8.063609451966729 0
6329 6.524366253957062 7.907386572470747 0
6330 6.558019631567717 7.921936525733669 0
6331 6.526778302437344 7.914937884687459 0
6332 6.890120615247284 8.053129210763613 0
6333 6.560491621936067 7.929662437857013 0
6334 6.976669082540532 8.054849724394469 0
6335 6.955639853278491 8.053151007002455 0
6336 6.883011892290513 8.056729891216214 0
6337 6.458204613537452 8.087510126489505 0
6338 5.966472432585325 8.008370120488042 0
6339 6.47820653568234 7.875829537810498 0
6340 6.013473052344787 7.941520384687463 0
6341 6.876250747735855 8.052394375517565 0
6342 6.563122470359909 7.937271743894824 0
6343 6.869149954130934 8.056000483444119 0
6344 7.052481290509355 8.047863400512405 0
6345 7.058339998792665 8.042456145838113 0
6346 6.855648667307277 8.047310979061741 0
6347 6.862384367161988 8.051647093933616 0
6348 6.012353323360751 7.949485020039707 0
6349 6.855814644398826 8.039299947558559 0
6350 6.971781405603254 8.075542118713019 0
6351 5.959993516233305 7.926274160550279 0
6352 6.969338873643448 8.051664017336693 0
6353 6.962047464301657 8.048464787458823 0
6354 6.44230983500771 8.089863861663991 0
6355 5.964360738182242 8.029437135320098 0
6356 5.963359029314121 8.064374708192847 0
6357 5.970913952678705 7.943591294612319 0
6358 6.539958459588825 7.910819642090371 0
6359 6.895933624776292 8.073618634782195 0
6360 6.894404285528804 8.0799202465659 0
6361 5.959820182709182 8.07186333647244 0
6362 6.534570874301043 7.916639178938448 0
6363 7.041667958603157 8.066469394270642 0
6364 5.965600144811345 8.043236216249245 0
6365 5.947386748406395 8.017082255024485 0
6366 6.529185155335165 7.922471631259716 0
6367 5.939590618720286 8.017949803238677 0
6368 6.531629934505679 7.929836757510883 0
6369 6.910927576822511 8.058251305772142 0
6370 7.031599713062843 8.047353578172604 0
6371 6.919140240183228 8.054701080888377 0
6372 7.024181159537836 8.044416438596944 0
6373 6.942929737187647 8.062403154771264 0
6374 6.558610797549282 7.900810584543554 0
6375 6.545214246824151 7.943796097476316 0
6376 6.545192051678122 8.056286434473705 0
6377 6.956465107281653 8.06108836441474 0
6378 6.436861482495079 8.104917888733576 0
6379 6.949271161661928 8.057804852921535 0
6380 6.508181082949339 8.131674473996606 0
6381 6.276401601006353 7.880431813444108 0
6382 6.981323685991367 8.009366993265065 0
6383 6.59306371151856 8.052898078828616 0
6384 6.589925999569591 8.061688499515229 0
6385 6.365740355675777 8.120216425020201 0
6386 6.973631430496124 8.01074309000861 0
6387 6.957512189252455 7.987777214290685 0
6388 6.956727638545498 8.01313199441049 0
6389 6.941491065225522 8.014799513274809 0
6390 5.961018036990112 8.036651379066711 0
6391 6.933590450350927 8.01590798576656 0
6392 6.631938049922873 8.049365574783534 0
6393 6.475839179451381 7.868293439871349 0
6394 6.910482991492803 7.980573563116899 0
6395 6.648769306715971 8.048386824996079 0
6396 6.894188648690034 8.021026174341966 0
6397 6.886370507339983 8.02174354320743 0
6398 6.909739544394669 8.083289118823496 0
6399 6.687881544195052 7.956036151542104 0
6400 6.704166804930009 7.955881499571962 0
6401 6.847711033599527 8.027423235228667 0
6402 6.712034180553368 8.041342044889447 0
6403 6.830927038044495 8.029023054099707 0
6404 6.729118311947889 8.040880208693004 0
6405 6.823091692660583 8.02971583798996 0
6406 6.751604269659463 8.038621563566744 0
6407 6.783476472853509 7.965585966023833 0
6408 6.714740854431035 8.096224722836361 0
6409 6.321064180928517 8.116841297066452 0
6410 6.452335628256233 7.862886538937724 0
6411 5.968963924872952 8.036008383009591 0
6412 6.497190256593973 7.939605898246596 0
6413 6.399665934319033 7.879545849740816 0
6414 6.128709345552541 8.11985305496038 0
6415 6.125377740790362 8.127258011587124 0
6416 5.976956342878592 8.035349724189562 0
6417 6.94368009634586 8.070395763064631 0
6418 6.449718079884921 7.937876042071743 0
6419 5.985078399491918 8.034687058236919 0
6420 6.56408136397655 7.894944383797737 0
6421 6.38643766426979 8.125587631461789 0
6422 5.989239558493013 8.026960792631069 0
6423 6.923511174796745 8.067315105433213 0
6424 7.019534900372688 7.983698564192523 0
6425 7.019282764458572 8.057460523997989 0
6426 6.617052650955704 8.141315067118672 0
6427 6.607386673391866 8.14738595392277 0
6428 6.588885406346684 8.114110207968192 0
6429 6.966009511747989 8.020784426379224 0
6430 5.974016359696257 7.920108636149768 0
6431 6.571910728062987 7.896705786672187 0
6432 7.165181342082267 8.320454946739249 0
6433 6.293917505066588 8.073676067349663 0
6434 7.119618109325586 8.032387933120017 0
6435 7.129344917526218 8.050107409789282 0
6436 7.102894030017905 8.033588424997527 0
6437 7.109674052461532 8.048132342990897 0
6438 6.368373453970509 7.872517924045521 0
6439 6.366137922661311 7.864928952461867 0
6440 6.807202885001573 8.031818022229929 0
6441 6.918262973135756 7.981845878545935 0
6442 6.579685446864103 7.898442022131138 0
6443 6.576669606270359 8.054565156578509 0
6444 6.589815266933937 7.907840310287957 0
6445 6.027241235105821 7.887245220997517 0
6446 6.53208527307622 8.097771058712219 0
6447 6.846952077970391 8.08293284876309 0
6448 6.58203983484122 7.906057857138769 0
6449 5.989591863270668 8.089762990681212 0
6450 6.555106648964475 7.723147027342293 0
6451 6.514206661580474 7.713367217434424 0
6452 6.153687207450513 7.93081658344417 0
6453 6.208520457632594 7.872239504006762 0
6454 6.635979962313728 7.939509288394005 0
6455 6.609818803597201 8.111153208486384 0
6456 6.952666466172328 8.089689546841702 0
6457 4.166419388217941 8.793748334101137 0
6458 6.595228564105175 7.902054382506067 0
6459 6.603023521030181 7.903846425779784 0
6460 6.290434581272038 8.157775766735764 0
6461 6.762120846623071 7.871250073324638 0
6462 6.673012311953235 7.898256932853984 0
6463 7.014073218910312 7.989422350555776 0
6464 6.775547522007941 7.964557863558465 0
6465 6.60541141894454 7.911389344086473 0
6466 5.597228571753941 7.917304877253072 0
6467 6.192830590773853 7.842946894468224 0
6468 6.281887514130863 7.874565742653218 0
6469 6.622840109443445 8.127791678427785 0
6470 6.922955704825124 8.089836616599221 0
6471 6.613209279843391 7.913161451445996 0
6472 7.067933675388926 7.951935210673948 0
6473 9.349010637881978 8.584974267216333 0
6474 6.878035664873926 7.903392922374344 0
6475 6.871333919726082 7.900519480162354 0
6476 7.01802536107144 8.049493618595376 0
6477 6.621044783328642 7.914885762985139 0
6478 6.33315003624627 7.849162097039849 0
6479 9.350511404713794 8.984038610024697 0
6480 6.626142551139979 8.063857981560068 0
6481 6.083087965699834 7.87149693161512 0
6482 6.488985432261225 7.865230937476897 0
6483 6.799508525168843 7.905461888657944 0
6484 6.661598980570616 8.053209268836154 0
6485 6.623417421640871 7.922488147835193 0
6486 5.604618647957974 10.30641106784428 0
6487 6.724017944756474 7.895276391269779 0
6488 5.975515019128854 7.956700045516735 0
6489 6.631263334188895 7.924249861172239 0
6490 6.840738489294417 7.88418776836517 0
6491 5.995857689080026 7.918565111008178 0
6492 3.489514830487361 11.59883912397268 0
6493 6.489277390139303 8.116945930854722 0
6494 6.839767227860951 8.086541050291581 0
6495 7.017497568695854 8.088100471308817 0
6496 6.465072461326174 8.106810762576476 0
6497 6.870927576646788 8.024173829692678 0
6498 6.71632196576888 8.048185192364246 0
6499 6.633656141781298 7.931867005750211 0
6500 6.786122118919785 7.909431274021498 0
6501 7.005451797301355 8.059468519563836 0
6502 6.87921446673043 8.099951392369748 0
6503 5.93599092379355 7.916794892969286 0
6504 6.370427204461603 8.126811497558258 0
6505 6.206240723950915 7.864354760306914 0
6506 7.056712289569881 8.034609753465958 0
6507 6.92735052086669 7.919250362365208 0
6508 7.035386983778239 8.07102690318813 0
6509 6.289656506357534 7.876375906301764 0
6510 6.965139710287815 8.080324115844448 0
6511 6.953009871782965 8.020861716464792 0
6512 6.64836179009748 7.831505336803708 0
6513 6.640352393819349 8.057569322471068 0
6514 6.18200608088029 7.858664865044608 0
6515 6.305116745982888 8.118136852855111 0
6516 6.469069161006336 8.078727349728901 0
6517 6.204931129327908 7.928246801559482 0
6518 6.741625500973546 8.167648011342139 0
6519 6.797707002005088 8.092491129466875 0
6520 6.142767797414973 7.867573115777645 0
6521 6.273755017543571 8.121003549790183 0
6522 6.806189182440684 8.142382238870676 0
6523 6.789375420526676 8.143639182585055 0
6524 5.898758353620071 8.104451197284577 0
6525 5.908794619859584 8.129354999881125 0
6526 6.697099892002561 8.043704279076254 0
6527 6.515426914089257 8.09207977621147 0
6528 6.068143071488628 8.069044352194023 0
6529 6.076302278923846 8.068724630286603 0
6530 6.650195578315251 7.89349986624115 0
6531 6.262571257121516 7.926978960919129 0
6532 6.342964669650272 8.087214040040678 0
6533 6.00219544619589 7.923652469036272 0
6534 6.767785417076467 7.904172958049559 0
6535 6.274965980410325 7.850323468181042 0
6536 5.965038368637085 7.994293276014348 0
6537 6.281664898978194 8.120253311521552 0
6538 6.009806297709837 7.920814021313991 0
6539 6.955882937768464 8.403963125554574 0
6540 6.839281617263216 7.964285611341131 0
6541 6.5657442416092 7.873640856794822 0
6542 6.21801184061357 8.064727386981639 0
6543 5.992926215437552 7.88694056392479 0
6544 6.845779305294593 7.799641205572854 0
6545 7.024027370857792 8.082422906767707 0
6546 6.43873838490326 7.860976601563644 0
6547 6.347191748902852 8.143353016531989 0
6548 6.387775028441576 8.222657835107645 0
6549 6.560802053707901 7.944560920522588 0
6550 6.659229261668079 8.101352621278405 0
6551 7.029323653797187 7.92320172930571 0
6552 6.164900037654975 8.123401594487625 0
6553 6.378415585550872 8.126086766312076 0
6554 6.205380286818584 8.071380635002377 0
6555 6.26148832971482 7.855355949789201 0
6556 5.973003833411067 7.993230044825864 0
6557 6.601295292698387 8.051697324877649 0
6558 6.721566287923533 8.10045290114104 0
6559 6.124362568113272 8.064580986713823 0
6560 6.220935674488183 8.118356883439157 0
6561 6.364015660495351 7.857598239615957 0
6562 6.295109336406359 7.870584892346711 0
6563 6.405239264745498 7.873695021225054 0
6564 6.36193384667098 8.065817682336538 0
6565 6.356848036901601 7.926572791421513 0
6566 6.614895301059866 7.941832005441984 0
6567 6.832611954221267 8.090091423103299 0
6568 6.383196712924346 8.133008576281185 0
6569 6.937200071121097 8.074927856562155 0
6570 6.153140410620798 7.881795876611023 0
6571 6.18536643402879 8.128605161088512 0
6572 6.720793301694873 7.958885204934589 0
6573 6.286000987709972 8.126532529053806 0
6574 6.053081559581006 7.887443348189111 0
6575 5.961091253747197 8.100914375892859 0
6576 7.462050931166489 8.659335815416899 0
6577 7.238702452424604 8.936753054567316 0
6578 7.009416771694828 8.038631721760709 0
6579 6.331876175233516 8.151916049785328 0
6580 6.326449837774001 8.163900090707912 0
6581 6.313104263303865 8.164442309140625 0
6582 6.666184817624224 8.105553729704331 0
6583 7.011806289161465 8.054547547444519 0
6584 6.749335494094961 7.957664026206773 0
6585 6.100410026122095 7.81240639088562 0
6586 6.609485905465384 7.948187079229465 0
6587 14.17809245161455 0.9772128777911936 0
6588 6.072872970639187 8.124309955445625 0
6589 6.331357772058225 8.142721081865117 0
6590 6.046950422766114 7.830877864053551 0
6591 6.35782337727908 8.159192398877437 0
6592 6.991302667575211 7.983314752349019 0
6593 6.735519678210924 8.101370085074466 0
6594 5.981648437144303 8.090246778813 0
6595 6.521687194468319 7.941799149120433 0
6596 7.032568274973309 8.084053802001216 0
6597 6.350261439810933 8.073054442767733 0
6598 6.825519055547844 8.093574427625734 0
6599 6.910490101461257 8.091821183986937 0
6600 6.573359653603792 7.848474022509723 0
6601 7.07978324560951 7.991341456460622 0
6602 10.73103626617172 1.018238508758221 0
6603 6.268189681292586 7.404921947496746 0
6604 6.540268893309211 7.889858691168765 0
6605 6.340487149451722 7.922475422239316 0
6606 6.394264472468769 7.934961059853333 0
6607 6.923423093653095 7.975855760499517 0
6608 5.574037071693985 10.7819612284914 0
6609 6.047634342057667 8.112336744134215 0
6610 5.940755731738265 8.031395518156341 0
6611 5.980905482630764 7.882251400334107 0
6612 6.331361345061965 8.094870903438297 0
6613 3.838827241008151 9.391135923991641 0
6614 5.948686962416708 7.954568774361912 0
6615 7.068885275282218 8.001910047128913 0
6616 6.283904077097876 7.852537992348605 0
6617 6.293796507228188 7.847912323501629 0
6618 6.45450994053529 8.115738888080273 0
6619 6.869688285335283 8.240932083615784 0
6620 6.486133461840407 8.141375576381241 0
6621 6.490467479239806 8.149596837550654 0
6622 6.664115724876367 7.95328757917636 0
6623 6.857607680861268 7.377235661641985 0
6624 6.011230037585193 7.912924379506135 0
6625 6.910794892422239 8.01918108231051 0
6626 0.3282613086819244 0.6121538302721832 0
6627 19.68363662340025 15.39210335729689 0
6628 19.6836366234049 0.607896642709694 0
6629 6.579834118745004 8.253158383079683 0
6630 6.623667362942329 8.264614714590124 0
6631 7.012056836727579 8.313991633193815 0
6632 6.045193600078159 7.951701127723638 0
6633 6.240058876449067 7.858708359647868 0
6634 6.828219975868616 7.90542847040398 0
6635 6.324529661816985 7.770084627969808 0
6636 5.906167178061988 7.973634492695759 0
6637 5.920261880079742 7.977561146751898 0
6638 6.413158205126225 7.875599866916628 0
6639 0.3290461233873728 15.38837326039112 0
6640 6.254733361205421 8.144233917515246 0
6641 6.614263701636478 7.670004038019885 0
6642 6.141781029523019 8.140508723390136 0
6643 5.620533639470441 7.803216478277101 0
6644 6.177117021192331 8.129518258640923 0
6645 5.936412409567057 8.025067745438744 0
6646 6.309541097620187 8.12469250449578 0
6647 6.517377180633209 7.884776487223805 0
6648 6.713880751697973 7.886952288512468 0
6649 16.99041370104736 1.00677151459443 0
6650 6.019840274517737 8.108269937293203 0
6651 6.264524159779964 8.329305737336066 0
6652 6.260551572878331 8.277408110472026 0
6653 6.300213054252342 6.387726195018539 0
6654 6.472909771781613 7.931581019760682 0
6655 6.414810813196015 7.854548118854202 0
6656 6.965368761607879 8.08853775906061 0
6657 8.997911489641135 8.37921865292782 0
6658 5.890518403259643 7.926374160756282 0
6659 6.204456533068283 10.05070096690639 0
6660 6.297288209138814 8.11881390912081 0
6661 6.080718144171123 8.148135006925152 0
6662 5.968078827250016 7.959303591518261 0
6663 6.377396001182785 7.851452928304157 0
6664 8.068047118371032 8.151978716329056 0
6665 7.008256089164637 8.030817527468564 0
6666 6.229018435518851 8.117595931415826 0
6667 6.096154723457698 8.122629060789455 0
6668 6.501005503234063 8.135147396344149 0
6669 6.501591887863615 8.169508354416402 0
6670 6.78848433073462 7.959468525249051 0
6671 6.79370879874717 8.040863370983137 0
6672 6.098697622654905 8.053361739457145 0
6673 4.542983301089107 7.365045678950414 0
6674 6.85247324514262 8.112350710848233 0
6675 6.224754519109508 7.855136097088576 0
6676 6.384708955131787 7.855699422211497 0
6677 6.429205021718566 7.850490614979909 0
6678 6.932755895165709 8.036284215102393 0
6679 5.188380868050237 6.185177847962978 0
6680 6.53956671323408 8.068377738422955 0
6681 6.342258027182875 8.073389127393053 0
6682 6.29129149184863 7.924916882642198 0
6683 5.587877093574512 8.243891096206292 0
6684 5.836316859945507 8.012817857566349 0
6685 6.438384056245115 7.930062315921289 0
6686 10.38725065511801 0.8416960124443938 0
6687 5.785609736767552 7.092596165034487 0
6688 5.888184969440875 7.882107085682982 0
6689 7.036613730124127 7.889403191514834 0
6690 6.367467226542523 8.157458894252564 0
6691 6.422031663349142 7.92715680408287 0
6692 6.87311632634022 8.112880028689705 0
6693 7.008786339503065 7.994879446209824 0
6694 6.757162918054579 7.895690966808735 0
6695 6.420982785516967 7.877494539328567 0
6696 5.895441075360164 7.984906826098895 0
6697 5.545416811265662 5.992334865342434 0
6698 6.04589407125634 8.126354286204871 0
6699 6.931300914975992 7.977251877596048 0
6700 6.986843691405776 8.08912017517544 0
6701 6.082127972899046 8.38839354756629 0
6702 6.152581418131835 8.431333141481892 0
6703 6.150733771261808 8.360941416623065 0
6704 7.182866548775708 8.21416755544147 0
6705 7.072614690047904 7.967018745236221 0
6706 6.510751450285607 8.108135677822167 0
6707 7.476700563599732 7.971436936769654 0
6708 6.130025190702616 8.134045595251145 0
6709 5.985785038424883 7.937585319709161 0
6710 6.836466898943925 8.034569613473538 0
6711 6.353976301793104 8.066118319387124 0
6712 5.977030581278221 7.948668748197905 0
6713 5.945773587745355 8.052157161740299 0
6714 7.307914941246235 7.489605219369421 0
6715 6.457312268794722 8.108160520518258 0
6716 6.021170382604869 8.0385591765152 0
6717 5.400979373556462 7.89691443267311 0
6718 6.300506664433431 7.864735836300186 0
6719 6.660461228811585 8.147250183394922 0
6720 6.847990953731544 7.973507036419957 0
6721 7.049749839093462 7.941369465794774 0
6722 6.529649455777617 7.942632488246574 0
6723 6.342692454699567 7.859659057179208 0
6724 7.049191438419513 8.032342154698284 0
6725 6.018119930868214 8.133512871713242 0
6726 5.967237371352125 7.915914711244094 0
6727 5.958770794615068 7.91358597738474 0
6728 6.577970561257176 7.946775498009378 0
6729 6.543503000849441 8.114207101357881 0
6730 6.673106040070842 8.101923004902304 0
6731 6.23502445500693 7.934625710298848 0
6732 6.996427364759208 7.993823799480651 0
6733 6.36877331484814 8.148287658898745 0
6734 5.236985432105575 10.98837435707546 0
6735 6.268899342898269 8.100832326371091 0
6736 6.522812903031135 7.879224500732894 0
6737 6.934997463286171 8.160525781346768 0
6738 6.896199896381262 8.155930840136152 0
6739 6.929555682596083 8.139251323690406 0
6740 6.631122290178469 7.843070616543361 0
6741 7.086865515304524 8.18468667229271 0
6742 8.320974919298282 9.147559402562301 0
6743 6.036495512247485 7.925193095667508 0
6744 6.582730223890398 8.0742947396042 0
6745 6.012717565047694 8.026588805958284 0
6746 12.08042416278012 14.99734798094884 0
6747 5.967868436138585 7.986800696404858 0
6748 6.406309581778904 7.850979652302048 0
6749 5.922016001105374 8.006599290175856 0
6750 5.913400923891587 8.008487079128709 0
6751 5.907860312809285 8.000609745911332 0
6752 6.80714047214464 7.968995575075216 0
6753 6.474868119922458 7.764118391453101 0
6754 6.503634103539018 7.748673043630877 0
6755 6.461309733075603 7.788038098100981 0
6756 6.921526160196469 7.911034756444556 0
6757 6.220645822664103 8.305111279651777 0
6758 5.981803368386513 8.104113310052771 0
6759 5.987169241446247 8.111928348626529 0
6760 7.33525783877432 6.560868692880184 0
6761 7.007133594004753 8.023063048171348 0
6762 6.293771910003779 8.125793308881667 0
6763 6.790268795807227 8.096263515140047 0
6764 5.82952408956834 8.03889572565132 0
6765 6.18634801149754 7.937056331756073 0
6766 6.034743049853336 8.044669263277372 0
6767 7.027438209507657 7.904777040958978 0
6768 6.19682308417894 8.120041872987608 0
6769 6.012877631910642 7.905129373024472 0
6770 6.436843769850984 7.853922602379382 0
6771 6.728595190171676 8.096830599219849 0
6772 6.130177767314073 7.883385682829475 0
6773 6.276233356001523 8.148139272540559 0
6774 6.837779812565508 7.899312983682233 0
6775 6.470324744360227 8.153337651291276 0
6776 16.40659948211107 0.6596421226283868 0
6777 6.263090769728849 7.737830954104587 0
6778 6.276592176463016 7.772288016160072 0
6779 6.498001904359231 8.059896586075215 0
6780 7.003646272048025 8.008020774144578 0
6781 6.238726120425715 8.130934530595542 0
6782 7.079260093777902 8.032993244989163 0
6783 7.089806872538126 8.034107034394006 0
6784 6.601421635350964 8.131097124410122 0
6785 6.503035513481753 8.06637094389494 0
6786 5.918821250866922 7.918052726512364 0
6787 8.065381545242236 7.385445562420222 0
6788 7.052662771587178 7.895030289329501 0
6789 6.018317439145041 7.953104501938374 0
6790 6.393232727910282 7.839346988293466 0
6791 6.6380480972462 7.946662784732491 0
6792 6.327449869172666 7.926539088259991 0
6793 6.153451758918427 7.857599903900801 0
6794 6.865179929473353 7.600086143202265 0
6795 7.29310945102774 9.840751014445903 0
6796 5.956264351867084 8.079336533542616 0
6797 6.825070101940839 8.10115806948051 0
6798 6.508106921981309 8.072672620919777 0
6799 6.233979417985126 8.12433388655276 0
6800 6.61366307192986 7.818859751740858 0
6801 7.010963645220574 8.116228698286696 0
6802 6.204052637544097 7.856208836657022 0
6803 7.117818038403104 8.160360603814059 0
6804 6.625067382075411 7.950329766260843 0
6805 6.204946470745245 8.119168972178887 0
6806 6.029395143533144 7.958761165964082 0
6807 6.42867029993943 7.879334019092643 0
6808 6.020992500604946 7.90165549643028 0
6809 6.726658167182998 7.952769023448536 0
6810 6.616698076416467 8.050142136802297 0
6811 19.67197025388016 10.59015197832341 0
6812 19.33603223844127 10.38405980549536 0
6813 19.34946350627257 12.39662228219562 0
6814 19.0013905688083 8.596674727199662 0
6815 19.67719771824224 5.798422249183062 0
6816 19.67875236079022 2.199240307774969 0
6817 19.02226843775928 11.79433677717997 0
6818 19.34565544020138 11.19499136048482 0
6819 19.35705082748767 2.797982632606308 0
6820 19.36063984052376 6.395698213057818 0
6821 18.67564083249584 7.996802579992057 0
6822 19.34346548126818 7.599347489261207 0
6823 6.532494749315292 7.88829748412858 0
6824 6.679908583805365 8.106107637180466 0
6825 6.209950873774275 8.064415639170626 0
6826 7.06578144467532 8.044913559152864 0
6827 6.936627727973601 8.066965538690335 0
6828 13.51121326073005 1.03365396156231 0
6829 6.52719323196118 8.123794995915306 0
6830 6.542411672831989 8.125367811784875 0
6831 7.326460477615717 7.798296363850977 0
6832 7.345607860049789 7.886466851731756 0
6833 7.280435463410158 7.922162545805358 0
6834 7.333747112443659 7.968071754412335 0
6835 7.266835431684825 7.986976066589758 0
6836 7.316158277833796 8.028947907938859 0
6837 7.215791605016961 7.980366901843198 0
6838 7.327765167216936 8.091056438145809 0
6839 6.943828079135622 7.856475568539701 0
6840 6.882960066623995 7.878176888640899 0
6841 6.874828296712341 7.852588136453091 0
6842 6.032802661050665 7.947088788435211 0
6843 7.858416640174243 7.710743361483969 0
6844 5.986288981166429 7.582500512125569 0
6845 6.859038583801937 8.107636914515188 0
6846 6.29033910734865 8.132678831487636 0
6847 5.965390922456725 7.858704524463477 0
6848 6.366155580639831 8.072245682247981 0
6849 6.51855782667919 8.104906570079482 0
6850 5.887132268167173 8.042990747492157 0
6851 5.86816419544661 8.044926752857489 0
6852 5.530124219034839 7.41824208327423 0
6853 6.169113840039245 8.129956024976682 0
6854 19.3557855288361 14.80122918551877 0
6855 19.35316182028284 14.40035456859756 0
6856 19.35275189020415 14.0000189771475 0
6857 19.35169597862659 13.59998770515905 0
6858 19.35162123248794 13.19921244249219 0
6859 19.35091006190073 12.79799590075906 0
6860 19.00565946350608 9.799976554521393 0
6861 19.00421746946682 9.399601062745539 0
6862 19.00064681568757 8.997951550091638 0
6863 19.3575354345578 1.599305314499816 0
6864 19.35813384411981 1.198525698206667 0
6865 19.35756339012384 3.198144746077545 0
6866 19.35825101404129 3.599353871510831 0
6867 19.35784961442256 3.999827718769148 0
6868 19.3574143626462 4.399962292828897 0
6869 19.35759901219976 4.799967603695208 0
6870 19.35837437093391 5.199802379808388 0
6871 19.35644091411413 6.798246426678572 0
6872 19.35084112752084 7.200143830190791 0
6873 19.34734820570766 11.5958868613189 0
6874 19.67227187502833 10.9957924481347 0
6875 19.67982251792252 6.197086855912292 0
6876 19.67854602255984 2.599061798059263 0
6877 19.02356317178626 12.1954038446546 0
6878 19.00642894775365 10.19854136589989 0
6879 19.35743866247381 1.998962400616028 0
6880 18.67760859925596 8.395595999767501 0
6881 19.36059259201463 5.598991148972542 0
6882 19.01078861502984 7.797445002905272 0
6883 6.837460231911078 8.111295987059282 0
6884 6.82866968424067 8.113803250695655 0
6885 19.36172631040237 0.79382023881936 0
6886 19.3616030166987 15.20620239057762 0
6887 5.84512703771382 8.114240679675351 0
6888 5.966871334736531 7.96677131253502 0
6889 7.336132828612973 8.583564299167158 0
6890 6.913165903342996 7.909116099433597 0
6891 6.557827253802298 8.077712367724144 0
6892 5.994859254755238 8.008930693176632 0
6893 17.57872825528944 0.6655472435051968 0
6894 6.896065993480502 7.913850866942875 0
6895 6.814161559964798 8.037797289852797 0
6896 6.943441855638313 8.507564088424743 0
6897 5.891332140417683 8.347983149022417 0
6898 6.896797568590666 7.850784924630201 0
6899 7.005827474382152 8.015324468283623 0
6900 6.350599089792325 7.861252396105532 0
6901 6.924380820327977 8.049479102262366 0
6902 6.5956509048403 7.88222579964624 0
6903 6.747697417061218 7.819410429141425 0
6904 6.729997041115878 7.803627068074446 0
6905 7.042350998039842 8.074678255464644 0
6906 7.04977559266995 8.080257081819434 0
6907 7.068681409351247 8.078437546999256 0
6908 7.095482152462567 8.023994213344336 0
6909 6.672178977046847 7.954196142484681 0
6910 5.759755705565791 7.952694669654602 0
6911 6.647985423445678 8.140634136166309 0
6912 6.604738275080102 7.874887645098893 0
6913 2.399579856560001 15.34360236526725 0
6914 12.8007663278714 0.6360977283572469 0
6915 15.59704891938888 0.6272578315175249 0
6916 15.59999999999999 15.35729322491159 0
6917 6.796412837141831 7.960769406015343 0
6918 5.19763787380627 0.6368671216033046 0
6919 5.20198328510736 15.35031171084086 0
6920 6.142027759717565 7.934640375100348 0
6921 6.100766642280659 7.939499174406873 0
6922 8.072735703418674 7.745788074033524 0
6923 6.736113921518964 8.037884074773912 0
6924 6.581588002356905 7.865166294395837 0
6925 6.93407453818684 7.98429008807625 0
6926 10.59665690442989 0.3026504243153619 0
6927 6.795786473401965 7.881857323749435 0
6928 4.546923325783523 10.98629471275832 0
6929 6.237621458875526 7.850842539800501 0
6930 6.802764839698911 7.893225313007662 0
6931 6.783676391759927 8.033692145816872 0
6932 6.217845367837869 7.85388382102265 0
6933 7.988686795065968 0.6411874768111954 0
6934 7.993924684177852 15.34511546337373 0
6935 5.989601577188548 8.019719071819086 0
6936 7.046735959387853 7.811486306452931 0
6937 7.060962891950032 7.770860585013502 0
6938 6.941966590062004 7.98547699742411 0
6939 6.665191948894672 7.897062621027231 0
6940 5.995378854543536 8.110027585384223 0
6941 6.039016028902488 8.684824025505909 0
6942 5.853878332159779 7.936803433200408 0
6943 5.481971828980066 6.714139463751653 0
6944 6.575359260042629 7.93253651926754 0
6945 6.056176973146473 7.633294871320055 0
6946 6.686434864978283 8.110384968111408 0
6947 6.164282400296983 8.074976767519262 0
6948 6.858628115767044 8.205971935234615 0
6949 18.38609906384868 0.6489325131948898 0
6950 18.38610050415993 15.35042532466324 0
6951 6.514837218902957 8.136396971122922 0
6952 5.609237681639199 7.24643824806253 0
6953 6.481893956693206 7.860747213596839 0
6954 5.697862841055072 6.857456956252516 0
6955 6.782320552190808 8.100309445850179 0
6956 6.749085878579635 7.882904854135811 0
6957 2.41196234900266 0.6480252832519887 0
6958 6.053943429176766 8.051444986240536 0
6959 6.570177839182303 7.937862006262259 0
6960 6.609453231563856 8.104388540821041 0
6961 6.044286055345326 8.118745627492881 0
6962 10.01466733967267 15.34292208976536 0
6963 10.08846865935948 0.6290834058441626 0
6964 7.005156829179649 7.872568794667158 0
6965 6.775366376393186 8.034896831661397 0
6966 6.854686745575362 7.975621684268575 0
6967 6.106312029790483 7.871596757989014 0
6968 6.111165518176736 7.865006632729886 0
6969 5.946839502274906 7.968652824102734 0
6970 6.374034269020212 8.071756018867292 0
6971 6.088156505346784 8.123070300202718 0
6972 6.365484612972219 7.927573390910195 0
6973 6.667895285856083 7.831551799134338 0
6974 6.685187364560486 7.815592701732307 0
6975 6.277099161366785 8.100377183968693 0
6976 6.270618265287521 7.927691883340255 0
6977 6.266909438696517 7.575799977442808 0
6978 5.918454185110207 7.950368694210173 0
6979 6.071168786544326 7.68487283050392 0
6980 6.368902724157072 7.85254081553485 0
6981 6.957653246594482 8.163165006924553 0
6982 5.97908967326009 8.096728791065003 0
6983 6.659539487574842 8.211561003114916 0
6984 6.654069526830765 8.242024636936568 0
6985 6.534495004424553 7.936788556868147 0
6986 7.054241186678585 7.928320506387045 0
6987 6.551603919081348 10.2097759915549 0
6988 6.628369952841053 8.056055914235397 0
6989 6.222043848569411 8.263586984524558 0
6990 7.076363411464856 7.977517167669623 0
6991 6.146893762990839 8.148414028302383 0
6992 6.132658301723783 8.06474364728744 0
6993 7.074182153318483 7.996420599069365 0
6994 6.237960555011597 8.162950792713534 0
6995 6.224464074373742 8.16655931047201 0
6996 10.77305959579757 15.34381636777278 0
6997 6.090566526903852 7.874003277540974 0
6998 6.997140745274642 7.936874950621251 0
6999 5.602960826694108 8.438397608802344 0
7000 6.518683164866474 8.064658910059364 0
7001 6.682959791633124 8.051748966087784 0
7002 6.899578600747079 8.026235085200485 0
7003 6.710177851307712 7.337544806079204 0
7004 5.865922324965063 8.131788170015446 0
7005 6.539657515902343 8.087349108024794 0
7006 6.796984527355242 8.225035593654914 0
7007 17.62652089052343 15.34028892904653 0
7008 6.605200094342388 8.15933522357015 0
7009 6.592855643185788 8.149694112373036 0
7010 6.507221437489464 7.649961300525911 0
7011 6.870407652078887 7.976908468703972 0
7012 6.300531633547789 8.232743012627868 0
7013 5.913917683524216 8.607794576970415 0
7014 6.925035193062552 8.025737704188035 0
7015 6.92936591696574 8.122860716034479 0
7016 6.918278043063953 8.128816280622216 0
7017 7.132187142988625 8.203629563263469 0
7018 7.068537309788042 7.900268081169457 0
7019 6.446425863477831 7.931138593673326 0
7020 7.041981826759949 8.030104732017376 0
7021 6.878776617154449 7.896153151983501 0
7022 7.233862859717657 15.34115683979214 0
7023 7.236424551378192 0.6539246201084357 0
7024 6.363170306486844 8.207983380376668 0
7025 6.673395638270795 8.045225014431464 0
7026 6.991663692144025 7.770928011023362 0
7027 6.41173011583168 7.672685399030625 0
7028 6.073512539329245 8.31383310576069 0
7029 5.999442654280088 7.974459236957102 0
7030 5.696567737436622 7.402526001783433 0
7031 7.24756872914018 8.155253765190208 0
7032 6.634911243551269 7.855075418847817 0
7033 6.294782199983525 8.138055790943453 0
7034 7.089757963847714 7.954226872430283 0
7035 6.987274220180616 8.014124716191208 0
7036 5.92887646513009 8.127056590253119 0
7037 5.877425141467533 7.814567700413223 0
7038 3.160541985884531 0.6603022106439035 0
7039 3.157875765018419 15.344275425481 0
7040 5.932860235332369 8.074356134716302 0
7041 5.92793204138037 8.084128809208101 0
7042 6.875587666132818 7.964434501118724 0
7043 5.605906769148342 7.631981171783978 0
7044 6.810835088662422 8.128039599858489 0
7045 6.213381316994168 7.928880440445848 0
7046 5.924130377157138 7.971541557161848 0
7047 6.434274973586689 7.873696365819923 0
7048 7.059735548570281 8.050442284647065 0
7049 7.062483888991026 8.058161270230839 0
7050 5.911684466114835 7.853314029822525 0
7051 6.760218082606828 8.125834317596931 0
7052 4.53864373903772 11.3932834027315 0
7053 13.54364760242714 15.34171423279691 0
7054 6.236037314728728 8.13809727909601 0
7055 6.736593214604897 7.961126110499842 0
7056 7.151937676890187 7.981309082647197 0
7057 6.629403821222167 8.131826704407816 0
7058 6.590693176653447 8.070693310516395 0
7059 6.453662703622173 8.082656644590259 0
7060 6.20419824997124 8.186232873735218 0
7061 6.205546363486703 8.171771604336101 0
7062 6.450788269367118 8.06138147205751 0
7063 6.381765167515383 8.071192234197294 0
7064 6.604569371674529 8.233574336556742 0
7065 6.154162921716698 8.282608953356572 0
7066 6.642440079219188 7.892741213404856 0
7067 6.6745140213036 8.193988054694815 0
7068 6.90424288015816 7.915745218572295 0
7069 5.999393294463697 8.157551256129386 0
7070 14.85511037668849 15.34458586632048 0
7071 14.86007500066279 0.6581360052197253 0
7072 5.554384901112777 9.591907588079081 0
7073 6.12127064262567 7.872723439465915 0
7074 6.929789032002212 8.06355771759679 0
7075 6.630410908719566 7.944753048270552 0
7076 7.131797424381798 7.976714666897244 0
7077 6.119440820709963 8.182033993159823 0
7078 6.098839117220972 8.18029425426416 0
7079 6.099547301219857 8.160927740882885 0
7080 6.313637983686986 7.860515794129822 0
7081 6.306001519834657 7.858810942445089 0
7082 4.453627666958995 15.34156528482673 0
7083 4.451149747505551 0.6611303609490196 0
7084 6.076756334477659 8.055693396521564 0
7085 5.924297853749431 8.020226155932995 0
7086 6.247651033380794 8.248455262307001 0
7087 6.221868499657056 8.071188378984679 0
7088 5.928985115641112 8.025855196183878 0
7089 6.759807874770355 8.036182590769336 0
7090 6.32093350159643 8.22125723305553 0
7091 5.939282499154318 0.6624167349410142 0
7092 7.170230604313189 7.920528786663324 0
7093 6.989489658471856 7.935391449920997 0
7094 6.380025740999199 8.199134063134222 0
7095 6.41798483469717 8.190359755693892 0
7096 6.996154586233784 8.006911503630693 0
7097 6.257442963261407 8.174032355372574 0
7098 6.44359381187719 8.173310837081685 0
7099 6.799372496242761 7.967807399714794 0
7100 7.016747471760802 8.100940478075147 0
7101 6.119142840293946 7.936908560763204 0
7102 6.178471973005075 8.168317779508184 0
7103 6.085392758446219 7.943291901427877 0
7104 5.912775970051298 9.210224249710542 0
7105 6.470048461458306 8.112177791828884 0
7106 6.692807900381749 7.869553061677928 0
7107 6.417902363063574 8.213867384009291 0
7108 6.445697614554909 8.223764472209414 0
7109 5.799999999999995 15.72673654209795 0
7110 6.378071241595046 8.418463525407509 0
7111 6.033237843860175 7.891479676089042 0
7112 6.832135833004862 7.971779339943678 0
7113 6.311441844335332 8.1534760532306 0
7114 6.293577782275261 8.260156008116573 0
7115 7.073781300617196 8.048675295049122 0
7116 6.101370304160681 8.146582633906005 0
7117 6.529973398053578 7.881087321368391 0
7118 6.20197846054208 8.160088357583229 0
7119 6.024414975407062 8.11370784137269 0
7120 6.496477272946994 8.11604760620205 0
7121 6.148215616528724 7.888117333542562 0
7122 6.221823247179422 8.155529277610091 0
7123 5.938383096829156 7.926383900515387 0
7124 6.19300372897918 8.127279706381822 0
7125 6.431419822572307 8.069103902462167 0
7126 6.946855329317616 7.979996860197327 0
7127 5.963150290249264 7.980665092435856 0
7128 6.641987963831395 7.881385284887327 0
7129 6.684632925408994 7.9491638166218 0
7130 6.418326041865067 8.144243738528766 0
7131 6.403079339995045 7.842251551831852 0
7132 6.66424027783433 7.857964548089573 0
7133 6.573354839708339 7.876224571380295 0
7134 7.927814227130805 8.344739517992652 0
7135 7.717214378525939 8.277118861898288 0
7136 6.318788914350782 7.855153444818336 0
7137 8.716716939192223 0.6719490404157193 0
7138 18.99999999999846 0.2689686968544008 0
7139 19.00000000000002 15.73103130317121 0
7140 6.579629813757164 8.155409270119625 0
7141 6.297839807288399 7.934986664987054 0
7142 6.126274213086281 7.604761571503684 0
7143 6.643140927496433 8.132209968025185 0
7144 6.636036075017992 8.137400951451006 0
7145 6.589359106141691 8.138248369129906 0
7146 6.373738729319381 7.772977226129374 0
7147 6.395690031165919 7.77853348917307 0
7148 6.957289405450041 7.889239837339275 0
7149 7.066724717801313 8.158467294149929 0
7150 6.761301367553773 7.904351771701468 0
7151 6.102737087170252 8.060109164334872 0
7152 16.19999999999996 15.7317438817153 0
7153 6.399602785601598 7.928728836424659 0
7154 6.488185979144837 7.926351934018093 0
7155 1.011805102158726 0.2625999120703183 0
7156 6.340371905374883 7.852930570364291 0
7157 6.67512988724157 7.435864485392472 0
7158 6.979727462796111 7.926425827699803 0
7159 6.915956727298724 7.86987375773184 0
7160 6.347665932632636 7.79856051057637 0
7161 11.39999999998692 0.26749539753653 0
7162 11.39998975875872 15.73062452195854 0
7163 6.048332169357939 7.935617894515437 0
7164 6.159442437732675 8.068060434095766 0
7165 17.00000000000002 15.73277423496822 0
7166 6.86326037466268 7.968072628036147 0
7167 9.288556347295078 0.6716873955092149 0
7168 6.597660461015511 0.2715121722196478 0
7169 6.597204403775404 15.73237367669693 0
7170 6.499519957058338 8.488497768609291 0
7171 6.389753162088028 8.070654918965703 0
7172 6.526582011143624 8.063783113975747 0
7173 3.800774712792349 15.73110250814191 0
7174 3.801112503520841 0.2708112446460538 0
7175 14.19999999999998 15.73332672220786 0
7176 6.384912310905136 7.796398323847612 0
7177 6.068524111086644 8.212146298121521 0
7178 6.281297308168315 8.093453563236825 0
7179 6.729884876591647 7.823320728599126 0
7180 7.094643954196656 7.806740959990814 0
7181 6.290854838725306 7.794709157842393 0
7182 6.27322893228188 7.79838852068116 0
7183 6.250292137053044 7.766149728206142 0
7184 6.23141706351331 7.778791443829826 0
7185 6.2051854227896 7.770385204740347 0
7186 6.606514271443576 8.056904864295682 0
7187 6.332762633829443 7.920774332898219 0
7188 6.331099546952811 7.794235341400826 0
7189 6.87722061414928 8.029382071287316 0
7190 6.107200504759283 7.828929245716003 0
7191 6.094855784372113 7.829597269395564 0
7192 6.224135991597358 7.509060132732646 0
7193 6.136494399449384 7.82260936258599 0
7194 6.129182896272272 7.805423603701299 0
7195 6.662785684855139 8.046079169360075 0
7196 7.006224611364177 7.900129935489353 0
7197 7.006252630919946 7.889285242161019 0
7198 6.991144521683655 7.88593558214948 0
7199 6.792627310514083 7.847918788697707 0
7200 6.728644287211893 7.889589126371657 0
7201 9.38667091506561 15.72910234308544 0
7202 5.033320793482154 7.931160361201273 0
7203 4.759395740328357 8.0085202551509 0
7204 6.025184946682034 7.908388613670549 0
7205 6.734339991223969 8.108183976247473 0
7206 6.748954261899127 7.895644285315432 0
7207 7.072666748958406 8.03950752346149 0
7208 6.875481250481762 9.190158131836203 0
7209 6.611123680099415 9.306120819690245 0
7210 6.724492866126558 8.046133534444836 0
7211 6.031410323344796 7.854737384156799 0
7212 3.842439497277174 11.39623696768313 0
7213 6.182144605458383 7.843909213768933 0
7214 6.971945099776088 7.924685416241052 0
7215 7.054251198821206 7.935892960253908 0
7216 7.062586883948581 7.922509668127942 0
7217 6.756029532002004 6.791606457096695 0
7218 6.987300031521517 6.848936673046203 0
7219 6.987565419348833 7.897023049304832 0
7220 6.854724254882289 8.024644773228744 0
7221 7.06951019268234 7.832257201224071 0
7222 7.108440642910425 8.342417932227951 0
7223 6.967989987553871 7.890886791685199 0
7224 6.946760714877484 7.888125648358954 0
7225 6.387902743125199 8.140223593777602 0
7226 6.178294293964778 7.801883972288909 0
7227 12.05979664521012 0.6513416173194795 0
7228 6.025779370944482 7.81710414194906 0
7229 6.062344964460686 7.814772943823315 0
7230 6.270187409336021 7.841292565340962 0
7231 5.463963826379106 8.090545278237286 0
7232 6.113640906923312 8.16549973187311 0
7233 7.110596761667122 8.129239093355572 0
7234 6.165537286043792 8.136393864757308 0
7235 6.008235681973227 7.860524146723074 0
7236 6.867039133164387 7.834766332279135 0
7237 6.719299809945944 8.13364933197764 0
7238 6.061857282154322 7.878235107564452 0
7239 6.626323101930502 7.889717986542223 0
7240 8.617644592018655 15.72619827495852 0
7241 6.822284618393489 7.854545916263111 0
7242 5.760186510694927 8.204952226905149 0
7243 1.783910278152862 0.2634231442116803 0
7244 6.592728492754322 7.718968339963546 0
7245 6.917164988185303 8.095226670713469 0
7246 6.702723907186938 8.048900261173817 0
7247 5.812250015564774 8.064034334434549 0
7248 6.06929407260113 8.14222400288067 0
7249 5.380529949165658 8.928678006457622 0
7250 6.045312274350182 8.172740872394268 0
7251 6.405781854481456 7.922636165823562 0
7252 6.751132360447083 8.412700398198671 0
7253 6.465453735206276 8.072978025608155 0
7254 6.69157324931632 8.123589252284903 0
7255 6.189669193488584 7.931210425216632 0
7256 6.645928714342069 8.054579153654547 0
7257 11.71780962119289 15.19418071772562 0
7258 6.356451533997584 7.855340908272495 0
7259 7.260724775393122 7.789105881376348 0
7260 1.774527045991881 15.72569764083718 0
7261 6.842844900742077 7.902047979545535 0
7262 6.954157174299309 7.915002286270624 0
7263 7.124490575513445 7.925849302259389 0
7264 6.48943270266515 8.970256532059427 0
7265 6.347067977282578 6.703492746411088 0
7266 7.422233042971037 8.500203443315236 0
7267 7.269580469666836 8.05038907508737 0
7268 6.838243272929003 8.569627517746472 0
7269 6.520339425255434 8.097470065346382 0
7270 6.135823103663463 8.539566387224722 0
7271 5.892376660646944 8.235332035576047 0
7272 6.526450503554145 8.363638373200917 0
7273 7.112654782796561 7.860938478338466 0
7274 6.242672363328577 7.934866632348534 0
7275 6.558483857491215 8.169841652223706 0
7276 6.397742748915534 8.070146777854855 0
7277 6.255464074778436 8.073544770289997 0
7278 6.67977933277322 8.120137019312232 0
7279 6.175019347267853 8.067968531142224 0
7280 5.701645738274577 8.114839576071697 0
7281 5.942004810360324 7.78506622120625 0
7282 5.923656543227602 7.752251097396604 0
7283 5.969678016055587 7.76131171456332 0
7284 6.665659432465815 8.129521695207398 0
7285 6.439931314012727 7.868137282886588 0
7286 6.914423157333229 7.855113361491418 0
7287 6.909212668644098 7.833602841690016 0
7288 6.501446992996868 8.144998119988401 0
7289 6.08391732660518 8.130618018874882 0
7290 6.078153180608938 8.136726278714711 0
7291 7.035657367953796 8.028073641053684 0
7292 6.521072101723179 8.125051636778945 0
7293 6.824618196624678 8.107640331292727 0
7294 5.833715762329516 8.086715238555096 0
7295 5.883350090626188 7.764745026759091 0
7296 5.823623198697604 7.735671488763647 0
7297 6.971329117501162 8.181431261798631 0
7298 6.844739992562333 8.115312717926171 0
7299 6.850223224272734 8.123434074613407 0
7300 6.885724220094087 8.182063159856774 0
7301 5.981710432619399 8.121747986681248 0
7302 7.791708414959472 7.572371248239943 0
7303 5.957993740255239 8.092819016311166 0
7304 6.965058222840224 7.923386620855385 0
7305 7.56356548007682 8.512977220383577 0
7306 6.911240705499338 8.099532507794974 0
7307 6.954600694234514 7.981444484181801 0
7308 7.04932702104012 7.908411488564366 0
7309 6.812091691173844 8.117721696424503 0
7310 6.014043006293975 8.124444236992186 0
7311 6.286011355813105 8.382873504267476 0
7312 6.971634659365798 7.985636477485786 0
7313 6.758652959685307 8.160840394882717 0
7314 6.149036271329982 7.86512719885226 0
7315 7.00447954365351 8.10138502594668 0
7316 7.036153729214522 8.077807210822437 0
7317 6.811829405946878 7.963795968401401 0
7318 13.20723652192354 14.72008107805509 0
7319 6.102461093416755 7.877782995560834 0
7320 6.741977576002945 7.95574056000468 0
7321 7.192007231029145 8.007645814832472 0
7322 5.994940884715693 7.988238302585619 0
7323 6.877934960230488 7.887539285226068 0
7324 6.542144096909134 7.937909369615973 0
7325 6.785931069770007 8.132285108336239 0
7326 6.778689170666874 8.137982166033231 0
7327 6.145248272713585 7.530540184284971 0
7328 6.284425563985039 8.168791903634432 0
7329 6.052304334274192 7.950285421759522 0
7330 7.014041154750061 7.5132154840096 0
7331 6.197364918103325 8.132592771598663 0
7332 6.72493217885977 8.159740185140217 0
7333 6.0214882917516 7.884405257732872 0
7334 6.143459402500595 8.161672473766913 0
7335 5.944745680158963 8.089021460249466 0
7336 6.167886643102822 7.925320094023871 0
7337 7.379846835828127 6.881860472933308 0
7338 6.926438808091984 7.905022837314508 0
7339 5.886122765622833 8.283854854605508 0
7340 6.492703385165419 8.24149576029777 0
7341 7.181177330963354 7.978058179486702 0
7342 6.229626128543135 8.07110079944184 0
7343 6.971356252982371 8.017069719738211 0
7344 6.459409272830482 8.203010252020428 0
7345 6.028340030845502 8.131745706854279 0
7346 6.619202427728919 7.834562437695613 0
7347 6.454169260142629 7.932170781459222 0
7348 5.881813552651566 7.904954230955257 0
7349 6.73551536238249 8.152125540869616 0
7350 6.028968239098758 7.794621511355158 0
7351 6.710459263809615 8.232580871269509 0
7352 6.967742008866614 8.146209917714691 0
7353 6.373329625546461 7.928455609194119 0
7354 6.997798890833402 8.175402056655807 0
7355 6.91777408351092 8.01633501005883 0
7356 7.588373788788204 8.363079577582649 0
7357 5.886484475929411 8.125776254412889 0
7358 6.445312941488849 7.862796566681968 0
7359 1.005378652722834 15.74800217207251 0
7360 6.342920255390691 8.151835734502608 0
7361 6.464118166908168 7.850832410784417 0
7362 6.622551961956626 8.135400645594592 0
7363 6.531579328994955 8.069561516137519 0
7364 6.893703305174366 7.907325411538571 0
7365 6.405706241666242 8.069750566397936 0
7366 6.868552122786765 7.882595206299607 0
7367 6.427801844451063 8.11371294295069 0
7368 6.588799737589503 6.555814394999931 0
7369 7.930897307375495 8.029141089314283 0
7370 8.054778191249243 7.953665576223528 0
7371 5.939003293705162 8.297156671019446 0
7372 6.945944980759956 8.019752885025346 0
7373 6.70644561298314 7.886389458848873 0
7374 6.711196415302567 7.881099594941714 0
7375 5.992168395916218 7.648946594697461 0
7376 6.24504289131968 7.853655088746361 0
7377 6.091009554528812 8.204442431007848 0
7378 6.465214778032607 8.253349054472974 0
7379 6.713816740000194 8.128452174799573 0
7380 6.109978066435116 8.142797341244602 0
7381 6.639247819713234 7.952776608491138 0
7382 6.304239176408636 7.502781426158492 0
7383 6.941064869285944 8.127510554020995 0
7384 6.28940889807359 8.093028814102691 0
7385 6.26708569558412 7.850023138339681 0
7386 7.097343837609448 8.013649687227975 0
7387 6.959086809918734 8.092067641171926 0
7388 6.50264812988468 7.792578324490238 0
7389 6.819883004948841 8.035464573646934 0
7390 6.487396863703256 8.10974657198742 0
7391 6.692116265012396 7.950275459209107 0
7392 6.425659384439204 8.121301808480636 0
7393 6.13980801495009 8.065048999370681 0
7394 6.362026903062683 8.233144280649595 0
7395 6.572521581452183 8.147296310009393 0
7396 7.752612931622158 7.126300294940505 0
7397 6.00408984696978 8.027883060863868 0
7398 5.98534760269135 7.891882803299302 0
7399 6.123755751535149 7.883842235737124 0
7400 5.981513641248864 7.828968794611145 0
7401 6.923589095595736 8.060700951700488 0
7402 7.081527061832606 7.998403630809616 0
7403 6.685735672404108 8.11809857979541 0
7404 6.277679266111973 7.928356642349859 0
7405 5.578977263778214 7.72490529922018 0
7406 6.840164802143147 8.186513498817547 0
7407 5.654711979876382 9.274911593920308 0
7408 7.132496336460386 8.109923771013337 0
7409 6.066974007111743 7.954346725620142 0
7410 6.843415918977585 8.032466023957527 0
7411 5.919690641890829 7.930111884230932 0
7412 6.569191259360259 8.082689379766149 0
7413 6.734386001416175 7.737586626687963 0
7414 6.930724844403623 8.021864382322542 0
7415 6.927423351513245 8.267612624865484 0
7416 5.936317819236105 8.060269613967948 0
7417 6.516122609179536 7.856321878753673 0
7418 6.771085435999014 8.103818732660685 0
7419 6.649315858217777 8.15335403647993 0
7420 6.527747601793704 7.874911748346204 0
7421 5.728958643164245 7.980227128488743 0
7422 19.70717967697179 0.2928203230278152 0
7423 19.70717967697262 15.70717967697232 0
7424 0.2928203230272733 15.70717967697228 0
7425 0.292820323026975 0.2928203230274983 0
7426 6.303576285303942 7.851784960109727 0
7427 6.706817486830534 7.798912506357428 0
7428 5.497998174037873 7.921593867005718 0
7429 6.982772343847532 7.991593991329832 0
7430 5.965486727504516 7.973715026292734 0
7431 7.199961938096521 8.268310068384038 0
7432 6.799040490736979 8.030608242923382 0
7433 6.70245624401692 7.891867189214482 0
7434 7.02518316826502 8.023625780597385 0
7435 6.819329872306702 7.965584907225137 0
7436 6.301902088032132 7.774390823336814 0
7437 12.70797999916428 15.00584077864292 0
7438 6.870773618069942 7.815374602709062 0
7439 5.672207651266564 7.968424015878254 0
7440 6.413693373245072 8.069370018110982 0
7441 6.855676734429909 7.776339755647237 0
7442 6.972572327750705 8.101434165964649 0
7443 6.232097275115166 7.84205265919835 0
7444 5.926763163181183 8.032204724408999 0
7445 6.424874073324906 7.840666452277919 0
7446 6.559628650748059 8.112443730353847 0
7447 6.662449836995534 7.890500206979874 0
7448 6.507182577406092 8.138908674065167 0
7449 4.449484618306193 7.918298873520175 0
7450 6.961839548559132 7.982861282970566 0
7451 7.001986504188991 7.992625309394275 0
7452 6.507728041256484 7.85304454738834 0
7453 6.479297416220509 7.933500728541593 0
7454 6.25908080590675 8.080331873212547 0
7455 6.549965914970283 8.128418536913459 0
7456 6.691397514017162 7.890559231328401 0
7457 5.917438944946839 8.021865167691047 0
7458 6.49542780807601 7.926956983327106 0
7459 6.54776189988089 8.183490049164163 0
7460 6.821972367782347 7.881196002626914 0
7461 6.542103870866134 8.061922364449988 0
7462 6.320896474747046 8.172062410196698 0
7463 6.822952603803916 8.121962094798567 0
7464 6.522637201118906 7.84060086711162 0
7465 6.954434131598815 7.921354131084929 0
7466 6.430648349151665 8.106530826940354 0
7467 6.399769655985967 8.153225379798453 0
7468 6.987164657390555 7.928481505988396 0
7469 6.738015417826515 7.893203312368644 0
7470 6.161979920431383 7.800187213943996 0
7471 6.171097303431149 7.781513907885329 0
7472 6.583928505665461 8.103633092545639 0
7473 6.201516676177737 7.848502499106174 0
7474 6.442869529687388 8.148610381844453 0
7475 6.586618822294759 8.092489944099407 0
7476 6.333654461932511 7.839452276859909 0
7477 5.957403578404387 10.25548053875381 0
7478 6.813224958397479 7.798030665027119 0
7479 5.99772267958916 8.142655843145929 0
7480 7.134420963358012 8.069197013967587 0
7481 6.480360832014373 8.156000603337292 0
7482 16.62837660705663 0.9128711363029197 0
7483 6.750521465613216 7.963763001441162 0
7484 6.134453161671019 8.139889687901025 0
7485 6.421137528858774 8.069035972594872 0
7486 6.348734557758835 7.779066289353559 0
7487 5.938184763849098 8.050302854290496 0
7488 6.872787781753377 8.099990515832987 0
7489 6.149236341484038 7.934832590493917 0
7490 6.597755688633909 8.096050999996141 0
7491 6.109463797405354 8.059995991705446 0
7492 6.761706618550431 8.109471321548124 0
7493 6.028860067312146 8.039902573383028 0
7494 6.650129060246896 7.953034269502094 0
7495 5.944571095688908 8.060047542990084 0
7496 6.836475063460618 7.873727950348567 0
7497 6.594895530527499 7.805872310886667 0
7498 14.29670885448814 0.6331851523684104 0
7499 5.961523329231646 7.920005354251574 0
7500 6.960122067844501 8.018516068631788 0
7501 6.562453298311842 7.843685688151227 0
7502 6.875184468052769 8.105587596928318 0
7503 6.056879206905867 8.057385165723529 0
7504 5.966323827164341 8.109049776311094 0
7505 6.341891462367403 7.928887531667813 0
7506 7.397380545703607 7.94892033199122 0
7507 7.518398425184857 7.889117709729996 0
7508 6.250320390294051 8.151571478481863 0
7509 6.380338180278976 7.840037326863191 0
7510 6.476793455847933 8.11060361438561 0
7511 7.238092661125141 7.897571713978158 0
7512 5.996797741245932 8.029047368836666 0
7513 6.5468186041657 8.084938184175412 0
7514 6.524714146890728 7.862267318796632 0
7515 7.026517505206735 7.894520772302522 0
7516 5.804734280485214 8.543719814312892 0
7517 5.91294704240658 7.978126307731223 0
7518 6.875690307825346 8.162474378469504 0
7519 7.587993736276786 9.701441270627862 0
7520 6.064162108009238 7.831940152828256 0
7521 6.141804765830441 7.887251403460814 0
7522 6.598967470964771 8.139326805827697 0
7523 6.480043357785548 7.84007351492075 0
7524 6.584685374206047 7.948411018761675 0
7525 5.93942649992063 7.971401986144839 0
7526 6.236693070177124 8.071027014223377 0
7527 6.790535711105993 7.768401597755973 0
7528 5.993113868415736 7.809063894140477 0
7529 6.040413037148946 8.215629699782513 0
7530 5.952135119584856 7.962020541876855 0
7531 6.036446702587579 7.918019639402262 0
7532 6.981379802695909 8.095209262355407 0
7533 6.125619910614224 7.937965564423378 0
7534 6.754151815265379 8.113220785795875 0
7535 6.889004545051355 8.09070893402227 0
7536 6.903979786282283 8.242295735360841 0
7537 6.090884168636951 8.153338007462082 0
7538 5.882921050441116 7.961290230264253 0
7539 6.297328853461968 8.093190154053815 0
7540 6.015066709082797 7.964976844456482 0
7541 5.532116092649572 7.546888368135587 0
7542 6.576894256106749 8.105351742235502 0
7543 5.986265787715206 8.192187119206386 0
7544 6.220208941848486 7.929317177899425 0
7545 6.549274322805607 7.939142506081079 0
7546 6.181653133967826 8.067580351300045 0
7547 7.124984723821858 8.817501020561727 0
7548 6.538602371818707 8.130604663643812 0
7549 6.417365323807787 7.776925831188706 0
7550 6.581241145497257 7.85512475976148 0
7551 6.217506784257727 7.795614439210171 0
7552 6.439568658356977 8.061990400860283 0
7553 6.376314777344048 8.146579633262501 0
7554 5.952925859852419 8.086470506519124 0
7555 6.896467161359761 8.086347018647611 0
7556 5.961217857316306 7.968817426068194 0
7557 6.437716854832646 7.791505778328411 0
7558 6.775485014915461 8.100674108549615 0
7559 7.104209979271631 7.493376702109435 0
7560 6.083170163377859 8.056478338301854 0
7561 6.760013585727664 8.146044010936384 0
7562 6.678539309277744 8.233773256563975 0
7563 6.077199208156677 8.129440995963838 0
7564 6.005747134842625 7.971507569850482 0
7565 6.745643890613614 8.115471508398969 0
7566 6.906784588538004 8.024062981241434 0
7567 6.519904485037823 8.132817576078802 0
7568 5.448491081740465 7.985202563247024 0
7569 5.478440827341657 9.918335415726416 0
7570 6.161271335191704 7.862717792333958 0
7571 13.82649824229613 0.9103352388970976 0
7572 6.433835337779511 8.099198883070255 0
7573 5.981425076399299 8.008226312524545 0
7574 5.942070437881068 7.906296333497295 0
7575 6.565135639894575 8.101507532209743 0
7576 6.88632369897541 7.96664433584834 0
7577 5.758106142319355 9.07425817493653 0
7578 6.798716818606209 8.259716988596848 0
7579 10.40582115763354 0.5400709762430782 0
7580 6.698744530814539 7.951190182720667 0
7581 6.404617191146157 7.796117368725144 0
7582 6.991946709931199 7.923804370528879 0
7583 7.037692988920648 8.091017869587885 0
7584 6.159558068231962 7.933032401159442 0
7585 6.745992069888598 8.043840247272755 0
7586 6.954740374484924 8.096575526613918 0
7587 6.640157663864825 7.886702086437657 0
7588 6.461261849716094 7.93315005906077 0
7589 6.465463836211973 8.059701595834742 0
7590 6.940758586144285 7.918337896683568 0
7591 7.195003925352081 7.946440848676932 0
7592 7.233016903633334 7.93987282982754 0
7593 6.421111649249362 7.848957913272523 0
7594 6.977040368645871 7.88140061212091 0
7595 6.473944760916067 7.852038820298915 0
7596 6.130095431333533 8.201852942498386 0
7597 6.107448820242429 7.939368902362993 0
7598 6.229796372655217 7.850375261042775 0
7599 6.783385740620449 8.107795138651522 0
7600 6.25156314547938 8.437058466725089 0
7601 6.462104781750369 7.686624097505161 0
7602 17.3541347483146 0.9167010513850923 0
7603 6.714835485033413 7.863907206320127 0
7604 6.014883647644798 8.0335513279725 0
7605 6.433131634929532 8.074464075023281 0
7606 6.610813206193602 7.886525227526693 0
7607 6.883396041138742 8.027158080997451 0
7608 5.463110308550299 8.237059197821008 0
7609 5.966975539023712 8.119840538833504 0
7610 6.754602481534263 7.864354629777088 0
7611 6.496878943225902 7.773656665992156 0
7612 6.549287600191788 8.060708302244748 0
7613 6.418283791581358 8.383293495756092 0
7614 5.988667556553069 8.008512462428232 0
7615 6.059629308630903 7.88345457639976 0
7616 5.489641430306516 8.453141400157135 0
7617 6.916950953616549 8.153980520225668 0
7618 6.255979655258797 8.086452361545039 0
7619 6.531010790306451 8.119691856613416 0
7620 6.907343955757914 7.910608864614759 0
7621 6.831107822691328 8.234102151725317 0
7622 6.831918862644081 7.900957115398962 0
7623 6.235157267712947 7.798760754319355 0
7624 7.190453922115474 6.748982347028501 0
7625 6.089120818766349 7.478319282766758 0
7626 6.440621351239863 8.084334474413325 0
7627 6.04470275127559 7.887876660002678 0
7628 7.103534180169086 8.006698936708359 0
7629 7.391415489414428 7.82319288693586 0
7630 7.468923217173296 7.801996396659344 0
7631 6.217643642933844 8.133880296416688 0
7632 6.972075511536756 7.991029330030806 0
7633 6.362600886208989 7.850687441128381 0
7634 6.04232253456833 8.04640172607869 0
7635 5.993033765442048 8.014413623218662 0
7636 7.061014137885403 7.909950392669439 0
7637 6.105809914142132 8.347879131243676 0
7638 6.933724509101971 7.916669053518965 0
7639 6.417626856809074 7.938250515584546 0
7640 6.764556062827843 8.041105090235998 0
7641 6.348519923457605 8.159221285534574 0
7642 7.979103106828849 7.208563104373908 0
7643 6.86761745221283 7.971167117775858 0
7644 7.047580480880424 8.091414558761276 0
7645 6.179176508782811 7.850723004671222 0
7646 6.212822245384355 8.125083130835563 0
7647 6.433041463434538 7.832733873707539 0
7648 6.584453598664952 7.872821068980222 0
7649 6.079616745203841 7.863923191111849 0
7650 6.348613741213276 8.381017459059956 0
7651 6.613304118155055 8.055012064672372 0
7652 6.688685717076117 7.895760808208548 0
7653 6.174132887737026 8.317837183186326 0
7654 6.803570994635374 8.121348515180348 0
7655 7.024512575535666 8.016577540513142 0
7656 6.787987126201145 8.03828181284967 0
7657 6.136783393397471 7.85661954009475 0
7658 7.980138364777568 7.563690089555427 0
7659 6.372789507689482 7.511693782097053 0
7660 6.929912036539537 8.047928325720809 0
7661 6.16845667081399 8.183418680254904 0
7662 6.821180393251461 7.971619488235809 0
7663 5.997703676183454 7.961593235606095 0
7664 5.903990371557169 7.99262144640705 0
7665 6.380071727432188 7.929132716776032 0
7666 6.808219268721201 7.267030575785376 0
7667 6.772212680539312 7.907715468819602 0
7668 6.246544947015817 7.92929142564012 0
7669 7.089203392015719 8.019439602966386 0
7670 6.203906468470111 7.840712199509784 0
7671 6.198160300440024 7.735794966123615 0
7672 6.3060830403399 7.927534216408832 0
7673 7.066291871756539 9.645206107440226 0
7674 7.065020705475797 8.312914429964852 0
7675 7.093642712322762 8.007201866381763 0
7676 6.010987258014609 7.805694520486264 0
7677 6.680038297950677 8.321909639690233 0
7678 6.539878558184932 8.136565410606249 0
7679 6.948189726317327 7.919778944134407 0
7680 6.565010506012317 8.182734360094924 0
7681 6.634977993823751 8.054800129753907 0
7682 6.526520970332699 8.095598890953841 0
7683 6.24040743996622 8.143685348789935 0
7684 6.138238422194689 7.863010884931821 0
7685 5.654171682882904 7.917026705543857 0
7686 6.69424787838012 7.86158656629445 0
7687 7.26440541110603 7.654157337035331 0
7688 6.437095012482503 8.092143865290895 0
7689 6.708494334652689 8.046502664242029 0
7690 6.498040303209423 8.157413826713984 0
7691 6.971758449897703 7.868662595293355 0
7692 6.881948948332175 8.094240063286421 0
7693 6.992998830088618 8.011839801653519 0
7694 6.515239973987141 8.181887832857788 0
7695 6.616288934099513 8.079395882121325 0
7696 5.90127810847385 7.915094870828411 0
7697 7.085975547987395 7.985488398072355 0
7698 5.910298849591761 8.018306074790454 0
7699 6.553357768096364 8.159157135379143 0
7700 5.849936076420873 7.907700778105816 0
7701 5.701696735098594 8.405335930300811 0
7702 5.408696356912316 8.544733895943732 0
7703 6.619447394724061 8.099335119908339 0
7704 7.072100778767734 8.058507961342194 0
7705 6.298286507151604 7.266519568007253 0
7706 6.916405788129537 7.913836636643218 0
7707 5.917198061555955 7.694514966808732 0
7708 6.066910560098177 7.87581268934121 0
7709 6.761392805343762 7.964225703994642 0
7710 6.898658832467111 7.808667915855987 0
7711 6.689596589155236 8.131846086463623 0
7712 7.152719249942303 9.127573739405998 0
7713 6.975353998151801 8.10955443631801 0
7714 6.636316976712417 7.808981880599153 0
7715 6.568767897242985 7.609431243163275 0
7716 6.578475337026237 7.872140477095529 0
7717 5.995626321649799 7.978490174829199 0
7718 5.878782607540672 7.976396819260374 0
7719 6.383845302680446 8.148580916894204 0
7720 7.079733420618083 7.939002869790295 0
7721 6.817540595504055 7.839048578063148 0
7722 7.072898133066204 7.973216695234543 0
7723 7.08218550030278 7.978971259559451 0
7724 6.553892111846738 8.108985530211164 0
7725 6.056741348948622 7.791816782895296 0
7726 6.544682156604638 8.119895337749307 0
7727 6.770687812152312 7.722994349395064 0
$EndNodes
$Elements
15454
1 1 2 3 1 1 7
2 1 2 3 1 7 8
3 1 2 3 1 8 9
4 1 2 3 1 9 10
5 1 2 3 1 10 11
6 1 2 3 1 11 12
7 1 2 3 1 12 13
8 1 2 3 1 13 14
9 1 2 3 1 14 15
10 1 2 3 1 15 16
11 1 2 3 1 16 17
12 1 2 3 1 17 18
13 1 2 3 1 18 19
14 1 2 3 1 19 20
15 1 2 3 1 20 21
16 1 2 3 1 21 22
17 1 2 3 1 22 23
18 1 2 3 1 23 24
19 1 2 3 1 24 25
20 1 2 3 1 25 26
21 1 2 3 1 26 27
22 1 2 3 1 27 28
23 1 2 3 1 28 29
24 1 2 3 1 29 30
25 1 2 3 1 30 31
26 1 2 3 1 31 32
27 1 2 3 1 32 33
28 1 2 3 1 33 34
29 1 2 3 1 34 35
30 1 2 3 1 35 36
31 1 2 3 1 36 37
32 1 2 3 1 37 38
33 1 2 3 1 38 39
34 1 2 3 1 39 40
35 1 2 3 1 40 41
36 1 2 3 1 41 42
37 1 2 3 1 42 43
38 1 2 3 1 43 44
39 1 2 3 1 44 45
40 1 2 3 1 45 46
41 1 2 3 1 46 47
42 1 2 3 1 47 48
43 1 2 3 1 48 49
44 1 2 3 1 49 50
45 1 2 3 1 50 51
46 1 2 3 1 51 52
47 1 2 3 1 52 53
48 1 2 3 1 53 54
49 1 2 3 1 54 55
50 1 2 3 1 55 2
51 1 2 2 2 2 56
52 1 2 2 2 56 57
53 1 2 2 2 57 58
54 1 2 2 2 58 59
55 1 2 2 2 59 60
56 1 2 2 2 60 61
57 1 2 2 2 61 62
58 1 2 2 2 62 63
59 1 2 2 2 63 64
60 1 2 2 2 64 65
61 1 2 2 2 65 66
62 1 2 2 2 66 67
63 1 2 2 2 67 68
64 1 2 2 2 68 69
65 1 2 2 2 69 70
66 1 2 2 2 70 71
67 1 2 2 2 71 72
68 1 2 2 2 72 73
69 1 2 2 2 73 74
70 1 2 2 2 74 75
71 1 2 2 2 75 76
72 1 2 2 2 76 77
73 1 2 2 2 77 78
74 1 2 2 2 78 79
75 1 2 2 2 79 80
76 1 2 2 2 80 81
77 1 2 2 2 81 82
78 1 2 2 2 82 83
79 1 2 2 2 83 84
80 1 2 2 2 84 85
81 1 2 2 2 85 86
82 1 2 2 2 86 87
83 1 2 2 2 87 88
84 1 2 2 2 88 89
85 1 2 2 2 89 90
86 1 2 2 2 90 91
87 1 2 2 2 91 92
88 1 2 2 2 92 93
89 1 2 2 2 93 94
90 1 2 2 2 94 3
91 1 2 3 3 3 95
92 1 2 3 3 95 96
93 1 2 3 3 96 97
94 1 2 3 3 97 98
95 1 2 3 3 98 99
96 1 2 3 3 99 100
97 1 2 3 3 100 101
98 1 2 3 3 101 102
99 1 2 3 3 102 103
100 1 2 3 3 103 104
101 1 2 3 3 104 105
102 1 2 3 3 105 106
103 1 2 3 3 106 107
104 1 2 3 3 107 108
105 1 2 3 3 108 109
106 1 2 3 3 109 110
107 1 2 3 3 110 111
108 1 2 3 3 111 112
109 1 2 3 3 112 113
110 1 2 3 3 113 114
111 1 2 3 3 114 115
112 1 2 3 3 115 116
113 1 2 3 3 116 117
114 1 2 3 3 117 118
115 1 2 3 3 118 119
116 1 2 3 3 119 120
117 1 2 3 3 120 121
118 1 2 3 3 121 122
119 1 2 3 3 122 123
120 1 2 3 3 123 124
121 1 2 3 3 124 125
122 1 2 3 3 125 126
123 1 2 3 3 126 127
124 1 2 3 3 127 128
125 1 2 3 3 128 129
126 1 2 3 3 129 130
127 1 2 3 3 130 131
128 1 2 3 3 131 132
129 1 2 3 3 132 133
130 1 2 3 3 133 134
131 1 2 3 3 134 135
132 1 2 3 3 135 136
133 1 2 3 3 136 137
134 1 2 3 3 137 138
135 1 2 3 3 138 139
136 1 2 3 3 139 140
137 1 2 3 3 140 141
138 1 2 3 3 141 142
139 1 2 3 3 142 143
140 1 2 3 3 143 4
141 1 2 1 4 4 144
142 1 2 1 4 144 145
143 1 2 1 4 145 146
144 1 2 1 4 146 147
145 1 2 1 4 147 148
146 1 2 1 4 148 149
147 1 2 1 4 149 150
148 1 2 1 4 150 151
149 1 2 1 4 151 152
150 1 2 1 4 152 153
151 1 2 1 4 153 154
152 1 2 1 4 154 155
153 1 2 1 4 155 156
154 1 2 1 4 156 157
155 1 2 1 4 157 158
156 1 2 1 4 158 159
157 1 2 1 4 159 160
158 1 2 1 4 160 161
159 1 2 1 4 161 162
160 1 2 1 4 162 163
161 1 2 1 4 163 164
162 1 2 1 4 164 165
163 1 2 1 4 165 166
164 1 2 1 4 166 167
165 1 2 1 4 167 168
166 1 2 1 4 168 169
167 1 2 1 4 169 170
168 1 2 1 4 170 171
169 1 2 1 4 171 172
170 1 2 1 4 172 173
171 1 2 1 4 173 174
172 1 2 1 4 174 175
173 1 2 1 4 175 176
174 1 2 1 4 176 177
175 1 2 1 4 177 178
176 1 2 1 4 178 179
177 1 2 1 4 179 180
178 1 2 1 4 180 181
179 1 2 1 4 181 182
180 1 2 1 4 182 1
181 1 2 4 5 6 183
182 1 2 4 5 183 184
183 1 2 4 5 184 185
184 1 2 4 5 185 186
185 1 2 4 5 186 187
186 1 2 4 5 187 188
187 1 2 4 5 188 189
188 1 2 4 5 189 190
189 1 2 4 5 190 191
190 1 2 4 5 191 192
191 1 2 4 5 192 193
192 1 2 4 5 193 194
193 1 2 4 5 194 195
194 1 2 4 5 195 196
195 1 2 4 5 196 197
196 1 2 4 5 197 198
197 1 2 4 5 198 199
198 1 2 4 5 199 200
199 1 2 4 5 200 201
200 1 2 4 5 201 202
201 1 2 4 5 202 203
202 1 2 4 5 203 204
203 1 2 4 5 204 205
204 1 2 4 5 205 206
205 1 2 4 5 206 207
206 1 2 4 5 207 208
207 1 2 4 5 208 209
208 1 2 4 5 209 210
209 1 2 4 5 210 211
210 1 2 4 5 211 212
211 1 2 4 5 212 213
212 1 2 4 5 213 214
213 1 2 4 5 214 215
214 1 2 4 5 215 216
215 1 2 4 5 216 217
216 1 2 4 5 217 218
217 1 2 4 5 218 219
218 1 2 4 5 219 220
219 1 2 4 5 220 221
220 1 2 4 5 221 222
221 1 2 4 5 222 223
222 1 2 4 5 223 224
223 1 2 4 5 224 225
224 1 2 4 5 225 226
225 1 2 4 5 226 227
226 1 2 4 5 227 228
227 1 2 4 5 228 229
228 1 2 4 5 229 230
229 1 2 4 5 230 231
230 1 2 4 5 231 232
231 1 2 4 5 232 233
232 1 2 4 5 233 234
233 1 2 4 5 234 235
234 1 2 4 5 235 236
235 1 2 4 5 236 237
236 1 2 4 5 237 238
237 1 2 4 5 238 239
238 1 2 4 5 239 240
239 1 2 4 5 240 241
240 1 2 4 5 241 242
241 1 2 4 5 242 243
242 1 2 4 5 243 244
243 1 2 4 5 244 245
244 1 2 4 5 245 246
245 1 2 4 5 246 247
246 1 2 4 5 247 248
247 1 2 4 5 248 249
248 1 2 4 5 249 250
249 1 2 4 5 250 251
250 1 2 4 5 251 252
251 1 2 4 5 252 253
252 1 2 4 5 253 254
253 1 2 4 5 254 255
254 1 2 4 5 255 256
255 1 2 4 5 256 257
256 1 2 4 5 257 258
257 1 2 4 5 258 259
258 1 2 4 5 259 260
259 1 2 4 5 260 261
260 1 2 4 5 261 262
261 1 2 4 5 262 263
262 1 2 4 5 263 264
263 1 2 4 5 264 265
264 1 2 4 5 265 266
265 1 2 4 5 266 267
266 1 2 4 5 267 268
267 1 2 4 5 268 269
268 1 2 4 5 269 270
269 1 2 4 5 270 271
270 1 2 4 5 271 272
271 1 2 4 5 272 273
272 1 2 4 5 273 274
273 1 2 4 5 274 275
274 1 2 4 5 275 276
275 1 2 4 5 276 277
276 1 2 4 5 277 278
277 1 2 4 5 278 279
278 1 2 4 5 279 280
279 1 2 4 5 280 281
280 1 2 4 5 281 282
281 1 2 4 5 282 283
282 1 2 4 5 283 284
283 1 2 4 5 284 285
284 1 2 4 5 285 286
285 1 2 4 5 286 287
286 1 2 4 5 287 288
287 1 2 4 5 288 289
288 1 2 4 5 289 290
289 1 2 4 5 290 291
290 1 2 4 5 291 292
291 1 2 4 5 292 293
292 1 2 4 5 293 294
293 1 2 4 5 294 295
294 1 2 4 5 295 296
295 1 2 4 5 296 297
296 1 2 4 5 297 298
297 1 2 4 5 298 299
298 1 2 4 5 299 300
299 1 2 4 5 300 301
300 1 2 4 5 301 302
301 1 2 4 5 302 303
302 1 2 4 5 303 304
303 1 2 4 5 304 305
304 1 2 4 5 305 306
305 1 2 4 5 306 307
306 1 2 4 5 307 308
307 1 2 4 5 308 309
308 1 2 4 5 309 5
309 1 2 4 6 5 310
310 1 2 4 6 310 311
311 1 2 4 6 311 312
312 1 2 4 6 312 313
313 1 2 4 6 313 314
314 1 2 4 6 314 315
315 1 2 4 6 315 316
316 1 2 4 6 316 317
317 1 2 4 6 317 318
318 1 2 4 6 318 319
319 1 2 4 6 319 320
320 1 2 4 6 320 321
321 1 2 4 6 321 322
322 1 2 4 6 322 323
323 1 2 4 6 323 324
324 1 2 4 6 324 325
325 1 2 4 6 325 326
326 1 2 4 6 326 327
327 1 2 4 6 327 328
328 1 2 4 6 328 329
329 1 2 4 6 329 330
330 1 2 4 6 330 331
331 1 2 4 6 331 332
332 1 2 4 6 332 333
333 1 2 4 6 333 334
334 1 2 4 6 334 335
335 1 2 4 6 335 336
336 1 2 4 6 336 337
337 1 2 4 6 337 338
338 1 2 4 6 338 339
339 1 2 4 6 339 340
340 1 2 4 6 340 341
341 1 2 4 6 341 342
342 1 2 4 6 342 343
343 1 2 4 6 343 344
344 1 2 4 6 344 345
345 1 2 4 6 345 346
346 1 2 4 6 346 347
347 1 2 4 6 347 348
348 1 2 4 6 348 349
349 1 2 4 6 349 350
350 1 2 4 6 350 351
351 1 2 4 6 351 352
352 1 2 4 6 352 353
353 1 2 4 6 353 354
354 1 2 4 6 354 355
355 1 2 4 6 355 356
356 1 2 4 6 356 357
357 1 2 4 6 357 358
358 1 2 4 6 358 359
359 1 2 4 6 359 360
360 1 2 4 6 360 361
361 1 2 4 6 361 362
362 1 2 4 6 362 363
363 1 2 4 6 363 364
364 1 2 4 6 364 365
365 1 2 4 6 365 366
366 1 2 4 6 366 367
367 1 2 4 6 367 368
368 1 2 4 6 368 369
369 1 2 4 6 369 370
370 1 2 4 6 370 371
371 1 2 4 6 371 372
372 1 2 4 6 372 373
373 1 2 4 6 373 374
374 1 2 4 6 374 375
375 1 2 4 6 375 376
376 1 2 4 6 376 377
377 1 2 4 6 377 378
378 1 2 4 6 378 379
379 1 2 4 6 379 380
380 1 2 4 6 380 381
381 1 2 4 6 381 382
382 1 2 4 6 382 383
383 1 2 4 6 383 384
384 1 2 4 6 384 385
385 1 2 4 6 385 386
386 1 2 4 6 386 387
387 1 2 4 6 387 388
388 1 2 4 6 388 389
389 1 2 4 6 389 390
390 1 2 4 6 390 391
391 1 2 4 6 391 392
392 1 2 4 6 392 393
393 1 2 4 6 393 394
394 1 2 4 6 394 395
395 1 2 4 6 395 396
396 1 2 4 6 396 397
397 1 2 4 6 397 398
398 1 2 4 6 398 399
399 1 2 4 6 399 400
400 1 2 4 6 400 401
401 1 2 4 6 401 402
402 1 2 4 6 402 403
403 1 2 4 6 403 404
404 1 2 4 6 404 405
405 1 2 4 6 405 406
406 1 2 4 6 406 407
407 1 2 4 6 407 408
408 1 2 4 6 408 409
409 1 2 4 6 409 410
410 1 2 4 6 410 411
411 1 2 4 6 411 412
412 1 2 4 6 412 413
413 1 2 4 6 413 414
414 1 2 4 6 414 415
415 1 2 4 6 415 416
416 1 2 4 6 416 417
417 1 2 4 6 417 418
418 1 2 4 6 418 419
419 1 2 4 6 419 420
420 1 2 4 6 420 421
421 1 2 4 6 421 422
422 1 2 4 6 422 423
423 1 2 4 6 423 424
424 1 2 4 6 424 425
425 1 2 4 6 425 426
426 1 2 4 6 426 427
427 1 2 4 6 427 428
428 1 2 4 6 428 429
429 1 2 4 6 429 430
430 1 2 4 6 430 431
431 1 2 4 6 431 432
432 1 2 4 6 432 433
433 1 2 4 6 433 434
434 1 2 4 6 434 435
435 1 2 4 6 435 436
436 1 2 4 6 436 6
437 2 2 5 1 3132 3133 3134
438 2 2 5 1 2339 2337 4625
439 2 2 5 1 4385 4388 4618
440 2 2 5 1 1431 4485 7061
441 2 2 5 1 2778 2779 2783
442 2 2 5 1 3130 3131 3132
443 2 2 5 1 4394 4932 6073
444 2 2 5 1 2924 4626 4627
445 2 2 5 1 4169 928 6714
446 2 2 5 1 6295 4263 6404
447 2 2 5 1 222 221 4683
448 2 2 5 1 1823 1824 4726
449 2 2 5 1 2845 4590 7402
450 2 2 5 1 3730 3728 6974
451 2 2 5 1 2020 4821 4822
452 2 2 5 1 4281 899 4282
453 2 2 5 1 4222 2800 7441
454 2 2 5 1 872 871 884
455 2 2 5 1 4413 997 4650
456 2 2 5 1 479 4629 4999
457 2 2 5 1 4312 4173 6794
458 2 2 5 1 1366 1364 4523
459 2 2 5 1 2774 897 2775
460 2 2 5 1 1354 1432 7596
461 2 2 5 1 2324 2401 7419
462 2 2 5 1 1317 1318 1319
463 2 2 5 1 2912 2810 6964
464 2 2 5 1 2598 2905 6907
465 2 2 5 1 892 897 2774
466 2 2 5 1 447 6213 6395
467 2 2 5 1 4249 1022 4994
468 2 2 5 1 4698 1019 4700
469 2 2 5 1 4518 1319 7301
470 2 2 5 1 477 138 4917
471 2 2 5 1 2014 2013 6524
472 2 2 5 1 6307 1327 6749
473 2 2 5 1 4389 4377 7338
474 2 2 5 1 4504 3958 5123
475 2 2 5 1 2735 2322 7008
476 2 2 5 1 3350 4240 4887
477 2 2 5 1 3043 4252 4254
478 2 2 5 1 1424 5983 5985
479 2 2 5 1 4349 4348 7268
480 2 2 5 1 724 4631 4948
481 2 2 5 1 4519 2404 6005
482 2 2 5 1 6295 6404 6923
483 2 2 5 1 870 871 872
484 2 2 5 1 7217 5657 7218
485 2 2 5 1 4847 4444 7315
486 2 2 5 1 4036 3735 4037
487 2 2 5 1 6451 4803 7601
488 2 2 5 1 2787 2783 4120
489 2 2 5 1 1188 1187 1189
490 2 2 5 1 4614 898 4615
491 2 2 5 1 4980 4979 6049
492 2 2 5 1 2339 4625 7278
493 2 2 5 1 1022 4249 6682
494 2 2 5 1 3072 3071 3130
495 2 2 5 1 4096 872 7608
496 2 2 5 1 4867 4868 6632
497 2 2 5 1 4348 6896 7268
498 2 2 5 1 4076 5046 6412
499 2 2 5 1 3590 4808 6549
500 2 2 5 1 3956 3958 6481
501 2 2 5 1 5297 2965 5326
502 2 2 5 1 4773 6 6693
503 2 2 5 1 6384 2017 7058
504 2 2 5 1 997 4413 4649
505 2 2 5 1 4207 4127 6777
506 2 2 5 1 4113 3169 6968
507 2 2 5 1 6636 4491 6696
508 2 2 5 1 4605 2116 4606
509 2 2 5 1 1471 4509 4510
510 2 2 5 1 1860 2015 6850
511 2 2 5 1 3956 6481 6997
512 2 2 5 1 4878 3600 6614
513 2 2 5 1 6474 6475 7021
514 2 2 5 1 5022 3762 5024
515 2 2 5 1 899 4281 4900
516 2 2 5 1 3070 3069 3071
517 2 2 5 1 5983 1424 5984
518 2 2 5 1 423 422 5142
519 2 2 5 1 124 503 4912
520 2 2 5 1 3054 5321 5322
521 2 2 5 1 3123 3122 3126
522 2 2 5 1 2201 2757 5306
523 2 2 5 1 4849 4780 6904
524 2 2 5 1 2774 2775 7110
525 2 2 5 1 4583 4155 6808
526 2 2 5 1 2777 964 2778
527 2 2 5 1 4700 1019 4959
528 2 2 5 1 4808 6342 6549
529 2 2 5 1 898 4614 4710
530 2 2 5 1 1190 1189 1192
531 2 2 5 1 2353 2911 7299
532 2 2 5 1 5411 500 5412
533 2 2 5 1 4327 6769 6808
534 2 2 5 1 4154 4340 6912
535 2 2 5 1 4297 4606 6460
536 2 2 5 1 4011 4404 6611
537 2 2 5 1 3058 6116 6117
538 2 2 5 1 2361 2377 2938
539 2 2 5 1 3069 4247 4645
540 2 2 5 1 4762 4405 7400
541 2 2 5 1 4406 2035 7234
542 2 2 5 1 3096 4042 6617
543 2 2 5 1 2617 4438 4847
544 2 2 5 1 2353 2387 2911
545 2 2 5 1 1197 1195 1198
546 2 2 5 1 988 986 995
547 2 2 5 1 4255 6687 6952
548 2 2 5 1 4552 1014 4936
549 2 2 5 1 3043 2083 4252
550 2 2 5 1 3663 3738 7686
551 2 2 5 1 4623 1258 4737
552 2 2 5 1 3737 3736 3761
553 2 2 5 1 1317 1313 1318
554 2 2 5 1 2924 4627 6568
555 2 2 5 1 4624 2273 4871
556 2 2 5 1 908 904 947
557 2 2 5 1 3062 3061 3063
558 2 2 5 1 2938 2377 4568
559 2 2 5 1 4173 2857 6794
560 2 2 5 1 930 4757 7396
561 2 2 5 1 3060 3056 3061
562 2 2 5 1 5033 4267 6654
563 2 2 5 1 6507 6086 6756
564 2 2 5 1 4769 6507 6756
565 2 2 5 1 4750 490 5311
566 2 2 5 1 4550 1231 4816
567 2 2 5 1 1368 1427 6581
568 2 2 5 1 5719 6492 7212
569 2 2 5 1 479 4999 7109
570 2 2 5 1 4868 4796 6632
571 2 2 5 1 4679 2945 4680
572 2 2 5 1 3974 3746 4689
573 2 2 5 1 2345 6518 7313
574 2 2 5 1 2942 2795 3056
575 2 2 5 1 4444 4465 7315
576 2 2 5 1 892 890 897
577 2 2 5 1 3710 3712 6118
578 2 2 5 1 4618 3252 6046
579 2 2 5 1 2598 2596 2905
580 2 2 5 1 1322 1201 1325
581 2 2 5 1 6116 3058 6118
582 2 2 5 1 2806 2808 4216
583 2 2 5 1 784 4703 4919
584 2 2 5 1 4888 4887 6953
585 2 2 5 1 2839 2841 2844
586 2 2 5 1 4779 4706 7559
587 2 2 5 1 1417 4563 7090
588 2 2 5 1 947 904 6539
589 2 2 5 1 3762 5022 5023
590 2 2 5 1 4588 2923 7225
591 2 2 5 1 2573 4569 7555
592 2 2 5 1 4680 2945 7375
593 2 2 5 1 3118 4316 7136
594 2 2 5 1 4125 4124 4264
595 2 2 5 1 7192 6603 7382
596 2 2 5 1 1373 1368 7462
597 2 2 5 1 3112 7549 7557
598 2 2 5 1 876 965 7516
599 2 2 5 1 2361 2359 2377
600 2 2 5 1 2808 2810 2831
601 2 2 5 1 2357 2355 2380
602 2 2 5 1 2353 2351 2387
603 2 2 5 1 2786 5033 6654
604 2 2 5 1 2813 2815 2829
605 2 2 5 1 4038 4037 4168
606 2 2 5 1 4136 4712 6786
607 2 2 5 1 3171 4258 4260
608 2 2 5 1 983 2940 6844
609 2 2 5 1 2561 4325 7455
610 2 2 5 1 4019 4682 7528
611 2 2 5 1 3211 4567 4826
612 2 2 5 1 2349 2345 2400
613 2 2 5 1 2796 2800 4222
614 2 2 5 1 1427 4771 6581
615 2 2 5 1 4302 6540 7112
616 2 2 5 1 948 4860 7687
617 2 2 5 1 2321 222 4683
618 2 2 5 1 4932 1013 6073
619 2 2 5 1 2042 2040 4166
620 2 2 5 1 1201 1199 4486
621 2 2 5 1 6769 3331 6808
622 2 2 5 1 1360 1358 1431
623 2 2 5 1 4528 3171 7073
624 2 2 5 1 4310 5135 6400
625 2 2 5 1 2800 2802 2805
626 2 2 5 1 4306 3100 7230
627 2 2 5 1 2322 2318 2519
628 2 2 5 1 2336 2331 2337
629 2 2 5 1 2610 2931 4093
630 2 2 5 1 3331 4583 6808
631 2 2 5 1 3513 4778 4840
632 2 2 5 1 4259 3125 6793
633 2 2 5 1 4029 4868 6806
634 2 2 5 1 4868 4029 6842
635 2 2 5 1 1364 1362 1428
636 2 2 5 1 2596 2594 2610
637 2 2 5 1 872 884 7608
638 2 2 5 1 3974 4689 7128
639 2 2 5 1 2594 2591 2931
640 2 2 5 1 2038 2035 4406
641 2 2 5 1 4559 2812 7026
642 2 2 5 1 908 947 7222
643 2 2 5 1 4247 4153 4645
644 2 2 5 1 1648 1860 6850
645 2 2 5 1 1368 1366 1427
646 2 2 5 1 2929 5252 7310
647 2 2 5 1 2359 2357 2708
648 2 2 5 1 1358 1356 2081
649 2 2 5 1 935 928 4169
650 2 2 5 1 6664 4229 7134
651 2 2 5 1 5299 2757 5870
652 2 2 5 1 5388 5501 5968
653 2 2 5 1 1375 1373 1420
654 2 2 5 1 4121 4120 7027
655 2 2 5 1 1362 1360 4286
656 2 2 5 1 2324 2322 2735
657 2 2 5 1 1823 4726 6653
658 2 2 5 1 1318 1320 7609
659 2 2 5 1 4979 1579 6049
660 2 2 5 1 1379 1377 1419
661 2 2 5 1 2828 2839 2874
662 2 2 5 1 504 119 4903
663 2 2 5 1 1383 1381 1412
664 2 2 5 1 6522 2349 6523
665 2 2 5 1 1385 1383 4170
666 2 2 5 1 1389 1387 1390
667 2 2 5 1 948 2946 4860
668 2 2 5 1 2602 2601 2603
669 2 2 5 1 1347 1319 4518
670 2 2 5 1 4385 4382 4388
671 2 2 5 1 2784 2789 2942
672 2 2 5 1 480 4664 5970
673 2 2 5 1 986 983 6844
674 2 2 5 1 2377 2708 4702
675 2 2 5 1 2789 2791 2795
676 2 2 5 1 870 866 871
677 2 2 5 1 876 874 965
678 2 2 5 1 1329 1326 4561
679 2 2 5 1 3696 4356 4358
680 2 2 5 1 4035 3129 4501
681 2 2 5 1 4684 3735 7610
682 2 2 5 1 982 981 983
683 2 2 5 1 4596 3738 4598
684 2 2 5 1 1193 1192 1195
685 2 2 5 1 6427 7008 7009
686 2 2 5 1 2013 4902 6524
687 2 2 5 1 4154 4149 4340
688 2 2 5 1 5159 441 7494
689 2 2 5 1 510 4660 5971
690 2 2 5 1 5537 3047 5587
691 2 2 5 1 1389 1390 1391
692 2 2 5 1 2042 4166 7331
693 2 2 5 1 3294 3293 4436
694 2 2 5 1 4500 6948 7300
695 2 2 5 1 4229 4277 7134
696 2 2 5 1 2810 2813 6964
697 2 2 5 1 1186 994 1187
698 2 2 5 1 2034 2036 6991
699 2 2 5 1 4380 4377 4389
700 2 2 5 1 3096 3094 4042
701 2 2 5 1 4766 4763 6590
702 2 2 5 1 4642 1015 4945
703 2 2 5 1 5153 4347 7314
704 2 2 5 1 5321 3054 7167
705 2 2 5 1 4296 2621 6631
706 2 2 5 1 3741 3739 3742
707 2 2 5 1 2931 2591 6801
708 2 2 5 1 4117 3760 4650
709 2 2 5 1 3516 3379 4490
710 2 2 5 1 4039 3121 4529
711 2 2 5 1 2351 2349 6522
712 2 2 5 1 1888 4415 4838
713 2 2 5 1 5152 4347 5153
714 2 2 5 1 3743 3742 3749
715 2 2 5 1 4332 1792 6592
716 2 2 5 1 7527 2797 7727
717 2 2 5 1 5041 4076 6412
718 2 2 5 1 890 880 4095
719 2 2 5 1 1478 6621 7481
720 2 2 5 1 3286 4616 6585
721 2 2 5 1 4595 452 5300
722 2 2 5 1 3132 3131 3133
723 2 2 5 1 1792 4332 6732
724 2 2 5 1 4585 2734 7334
725 2 2 5 1 2020 4822 4872
726 2 2 5 1 983 981 7625
727 2 2 5 1 981 985 7625
728 2 2 5 1 4402 4838 4839
729 2 2 5 1 3179 3169 4113
730 2 2 5 1 2617 2586 4438
731 2 2 5 1 1333 1329 1334
732 2 2 5 1 477 4581 5545
733 2 2 5 1 4644 476 5974
734 2 2 5 1 948 924 2946
735 2 2 5 1 4316 3118 6478
736 2 2 5 1 3320 4011 6611
737 2 2 5 1 3108 6467 7213
738 2 2 5 1 4658 4154 4659
739 2 2 5 1 2784 2942 6641
740 2 2 5 1 4415 1888 4836
741 2 2 5 1 7218 5657 7624
742 2 2 5 1 2865 6835 7267
743 2 2 5 1 2083 2025 4253
744 2 2 5 1 1258 4623 4871
745 2 2 5 1 5308 4754 5969
746 2 2 5 1 4643 503 5558
747 2 2 5 1 4813 4029 6806
748 2 2 5 1 3298 4187 6445
749 2 2 5 1 2842 2869 7628
750 2 2 5 1 1961 1836 4557
751 2 2 5 1 4569 2573 6398
752 2 2 5 1 1377 6591 6690
753 2 2 5 1 2778 964 2779
754 2 2 5 1 4042 3118 4562
755 2 2 5 1 4505 482 5295
756 2 2 5 1 481 4506 5567
757 2 2 5 1 2810 2912 7691
758 2 2 5 1 4713 495 4845
759 2 2 5 1 502 4714 4846
760 2 2 5 1 504 4628 5557
761 2 2 5 1 4485 1431 7102
762 2 2 5 1 3130 3071 3131
763 2 2 5 1 1319 1318 7609
764 2 2 5 1 3938 3936 4633
765 2 2 5 1 1312 1311 1313
766 2 2 5 1 2738 6127 6678
767 2 2 5 1 3076 3074 3350
768 2 2 5 1 912 910 950
769 2 2 5 1 4123 4121 4124
770 2 2 5 1 984 983 986
771 2 2 5 1 3149 3147 4923
772 2 2 5 1 4286 1360 7060
773 2 2 5 1 4240 3350 7452
774 2 2 5 1 6470 2365 7245
775 2 2 5 1 3080 3078 3129
776 2 2 5 1 2742 2748 4696
777 2 2 5 1 3298 3296 4187
778 2 2 5 1 1792 5209 6592
779 2 2 5 1 3731 3571 4797
780 2 2 5 1 3084 3082 3119
781 2 2 5 1 6492 4624 7212
782 2 2 5 1 4611 1841 4882
783 2 2 5 1 6151 4353 6891
784 2 2 5 1 2464 5157 7565
785 2 2 5 1 5209 1792 7429
786 2 2 5 1 4847 4438 7532
787 2 2 5 1 4131 4129 4132
788 2 2 5 1 3120 4547 6802
789 2 2 5 1 937 935 1791
790 2 2 5 1 2874 2844 4179
791 2 2 5 1 2819 2822 4271
792 2 2 5 1 3090 3088 3121
793 2 2 5 1 3296 3294 3302
794 2 2 5 1 4301 4300 6617
795 2 2 5 1 5141 423 5142
796 2 2 5 1 3958 4504 6481
797 2 2 5 1 4357 4064 4549
798 2 2 5 1 4608 1654 5037
799 2 2 5 1 4382 4380 4387
800 2 2 5 1 2812 4559 6937
801 2 2 5 1 1412 4522 6223
802 2 2 5 1 3661 3659 3735
803 2 2 5 1 3134 3133 3136
804 2 2 5 1 3094 3092 3118
805 2 2 5 1 3104 3120 7670
806 2 2 5 1 1199 1197 7718
807 2 2 5 1 4872 4824 7392
808 2 2 5 1 2630 2557 4572
809 2 2 5 1 6694 4140 7150
810 2 2 5 1 3741 3742 3743
811 2 2 5 1 3169 3128 3171
812 2 2 5 1 6994 1428 6995
813 2 2 5 1 3182 4496 4861
814 2 2 5 1 3098 3096 3116
815 2 2 5 1 2822 2823 2824
816 2 2 5 1 2826 4828 7720
817 2 2 5 1 4487 1032 5009
818 2 2 5 1 441 5159 5188
819 2 2 5 1 500 5411 7152
820 2 2 5 1 3600 3726 6614
821 2 2 5 1 4563 1417 7394
822 2 2 5 1 1791 4169 7559
823 2 2 5 1 4247 3069 7497
824 2 2 5 1 6450 2785 7244
825 2 2 5 1 5030 1037 6691
826 2 2 5 1 2040 2038 2937
827 2 2 5 1 4948 4631 6517
828 2 2 5 1 3061 3056 4167
829 2 2 5 1 4402 4839 6960
830 2 2 5 1 4036 4037 4038
831 2 2 5 1 4829 3370 4840
832 2 2 5 1 3129 3921 7361
833 2 2 5 1 4712 4711 7574
834 2 2 5 1 3102 3100 3117
835 2 2 5 1 6127 4632 6678
836 2 2 5 1 5135 2835 6400
837 2 2 5 1 3174 4688 7447
838 2 2 5 1 3257 3179 3258
839 2 2 5 1 5013 4760 5957
840 2 2 5 1 4008 4009 6727
841 2 2 5 1 4490 3379 4878
842 2 2 5 1 3043 4745 7202
843 2 2 5 1 4648 2464 7565
844 2 2 5 1 2944 988 7707
845 2 2 5 1 3068 3064 3069
846 2 2 5 1 1437 1435 4872
847 2 2 5 1 4037 3735 4201
848 2 2 5 1 2026 6661 7537
849 2 2 5 1 4750 5311 7137
850 2 2 5 1 2355 2353 7299
851 2 2 5 1 4854 2312 7694
852 2 2 5 1 4493 4164 6774
853 2 2 5 1 4388 4387 4410
854 2 2 5 1 3683 4635 4637
855 2 2 5 1 1197 1198 7718
856 2 2 5 1 4567 3922 4826
857 2 2 5 1 2831 2810 7691
858 2 2 5 1 4376 4768 4769
859 2 2 5 1 4781 3954 6997
860 2 2 5 1 988 995 7707
861 2 2 5 1 5137 2794 7709
862 2 2 5 1 7145 2638 7522
863 2 2 5 1 4356 3696 6551
864 2 2 5 1 6540 442 7112
865 2 2 5 1 3655 3653 3736
866 2 2 5 1 6694 3204 7206
867 2 2 5 1 3743 3749 4687
868 2 2 5 1 941 939 964
869 2 2 5 1 6687 1232 6952
870 2 2 5 1 3115 3108 3122
871 2 2 5 1 3647 4646 6927
872 2 2 5 1 2004 5985 5986
873 2 2 5 1 4823 2922 4824
874 2 2 5 1 3292 3285 3293
875 2 2 5 1 3319 4156 4793
876 2 2 5 1 4802 6755 7557
877 2 2 5 1 4130 6945 7142
878 2 2 5 1 4778 4146 4840
879 2 2 5 1 4029 4813 6789
880 2 2 5 1 4886 6384 7058
881 2 2 5 1 3113 7226 7471
882 2 2 5 1 3258 4113 4781
883 2 2 5 1 4436 3293 7238
884 2 2 5 1 520 4759 5169
885 2 2 5 1 4527 4585 7334
886 2 2 5 1 2609 6741 7149
887 2 2 5 1 2561 2563 4325
888 2 2 5 1 3304 3300 3305
889 2 2 5 1 3070 3073 4927
890 2 2 5 1 4688 3174 6530
891 2 2 5 1 5046 4076 6112
892 2 2 5 1 4370 4423 7262
893 2 2 5 1 4314 2016 6851
894 2 2 5 1 2604 2603 4432
895 2 2 5 1 4037 4201 4804
896 2 2 5 1 5233 4805 7206
897 2 2 5 1 2075 4898 4899
898 2 2 5 1 2621 2749 6631
899 2 2 5 1 1189 1187 4021
900 2 2 5 1 4610 445 4884
901 2 2 5 1 1314 1313 1317
902 2 2 5 1 3132 3134 3135
903 2 2 5 1 2321 4520 7025
904 2 2 5 1 2838 4508 7056
905 2 2 5 1 1356 1354 7596
906 2 2 5 1 3080 3129 4035
907 2 2 5 1 4838 4402 4954
908 2 2 5 1 6174 2017 6384
909 2 2 5 1 1207 6466 6643
910 2 2 5 1 4173 4312 7330
911 2 2 5 1 3749 4497 4687
912 2 2 5 1 4616 3286 7229
913 2 2 5 1 4155 4583 6445
914 2 2 5 1 1005 4582 4925
915 2 2 5 1 6928 556 7052
916 2 2 5 1 1196 1195 1197
917 2 2 5 1 6395 6213 7256
918 2 2 5 1 3740 4570 6973
919 2 2 5 1 1651 4872 7392
920 2 2 5 1 4817 6928 7052
921 2 2 5 1 2600 2598 2601
922 2 2 5 1 4671 933 6576
923 2 2 5 1 922 918 7507
924 2 2 5 1 2778 2783 2787
925 2 2 5 1 3375 3374 4878
926 2 2 5 1 2367 2365 2368
927 2 2 5 1 2826 4774 6142
928 2 2 5 1 4595 5300 5301
929 2 2 5 1 481 100 5509
930 2 2 5 1 903 902 904
931 2 2 5 1 6006 4293 6401
932 2 2 5 1 4295 4499 7297
933 2 2 5 1 3056 2795 7413
934 2 2 5 1 2922 4823 6223
935 2 2 5 1 387 386 6117
936 2 2 5 1 2844 2841 7697
937 2 2 5 1 4509 1471 4920
938 2 2 5 1 4343 2774 7613
939 2 2 5 1 1192 1189 7700
940 2 2 5 1 4136 4020 4712
941 2 2 5 1 4254 4252 4735
942 2 2 5 1 4216 2808 6839
943 2 2 5 1 3761 3736 3922
944 2 2 5 1 4919 4703 6921
945 2 2 5 1 1470 6151 6891
946 2 2 5 1 4774 2826 7034
947 2 2 5 1 2116 4605 7033
948 2 2 5 1 3090 3121 4039
949 2 2 5 1 1644 4977 4981
950 2 2 5 1 2661 4514 4515
951 2 2 5 1 1014 4552 4941
952 2 2 5 1 2596 2610 7644
953 2 2 5 1 891 890 892
954 2 2 5 1 1322 1325 7698
955 2 2 5 1 4382 4387 4388
956 2 2 5 1 2828 2874 7034
957 2 2 5 1 3117 4306 4794
958 2 2 5 1 2404 4519 6006
959 2 2 5 1 2329 2324 7419
960 2 2 5 1 4559 4704 6937
961 2 2 5 1 1186 1187 1188
962 2 2 5 1 3661 3735 4036
963 2 2 5 1 1332 1316 4675
964 2 2 5 1 4123 4124 4125
965 2 2 5 1 4871 2193 5700
966 2 2 5 1 4141 4143 4175
967 2 2 5 1 6539 4678 6631
968 2 2 5 1 3070 3071 3072
969 2 2 5 1 2787 4120 4121
970 2 2 5 1 1037 5024 6691
971 2 2 5 1 2046 6995 7061
972 2 2 5 1 4131 4132 4133
973 2 2 5 1 4757 4498 7396
974 2 2 5 1 2273 4624 6492
975 2 2 5 1 3094 3118 4042
976 2 2 5 1 2708 2357 6692
977 2 2 5 1 4731 454 4732
978 2 2 5 1 453 4695 5367
979 2 2 5 1 2464 4648 7205
980 2 2 5 1 6947 2882 7164
981 2 2 5 1 3258 3179 4113
982 2 2 5 1 893 892 898
983 2 2 5 1 3108 3106 6467
984 2 2 5 1 4255 2025 6943
985 2 2 5 1 6360 2573 7555
986 2 2 5 1 4702 2708 6502
987 2 2 5 1 3204 6060 7206
988 2 2 5 1 1333 1334 1335
989 2 2 5 1 4725 1795 6337
990 2 2 5 1 1841 4611 4883
991 2 2 5 1 3117 3100 4306
992 2 2 5 1 3737 3761 4023
993 2 2 5 1 987 986 988
994 2 2 5 1 2603 2601 7704
995 2 2 5 1 3302 3294 4436
996 2 2 5 1 1310 1230 1311
997 2 2 5 1 980 943 981
998 2 2 5 1 3760 4413 4650
999 2 2 5 1 2898 3037 4640
1000 2 2 5 1 950 4565 7031
1001 2 2 5 1 3761 3922 4567
1002 2 2 5 1 3296 3302 4187
1003 2 2 5 1 2084 2083 3043
1004 2 2 5 1 985 6603 7192
1005 2 2 5 1 3109 6778 7182
1006 2 2 5 1 3293 3285 4504
1007 2 2 5 1 2783 2779 7715
1008 2 2 5 1 4692 898 4710
1009 2 2 5 1 4548 4437 6656
1010 2 2 5 1 1320 1323 1324
1011 2 2 5 1 4742 5488 5490
1012 2 2 5 1 3286 6585 7191
1013 2 2 5 1 3171 3128 4258
1014 2 2 5 1 4179 2844 7723
1015 2 2 5 1 4133 4132 4592
1016 2 2 5 1 4340 4778 4841
1017 2 2 5 1 881 4557 7249
1018 2 2 5 1 4308 4284 4563
1019 2 2 5 1 4250 6579 6589
1020 2 2 5 1 4704 4200 6937
1021 2 2 5 1 1791 935 4169
1022 2 2 5 1 1377 1375 6591
1023 2 2 5 1 1391 1390 1402
1024 2 2 5 1 4301 6617 7426
1025 2 2 5 1 2822 2824 7720
1026 2 2 5 1 4954 4402 7490
1027 2 2 5 1 3305 3300 4583
1028 2 2 5 1 2805 2802 7710
1029 2 2 5 1 2336 2337 7711
1030 2 2 5 1 1366 4523 7328
1031 2 2 5 1 6436 6434 6437
1032 2 2 5 1 3938 4633 4634
1033 2 2 5 1 3121 3088 4056
1034 2 2 5 1 4132 4129 4206
1035 2 2 5 1 4387 4380 4389
1036 2 2 5 1 3063 3061 7714
1037 2 2 5 1 5138 5137 7709
1038 2 2 5 1 1200 1199 1201
1039 2 2 5 1 2337 2331 4834
1040 2 2 5 1 1313 1311 6525
1041 2 2 5 1 4127 4125 6777
1042 2 2 5 1 914 4673 6838
1043 2 2 5 1 1431 1358 7661
1044 2 2 5 1 4600 7159 7286
1045 2 2 5 1 3736 3653 4224
1046 2 2 5 1 2796 4222 7527
1047 2 2 5 1 907 904 908
1048 2 2 5 1 6486 563 6608
1049 2 2 5 1 4264 4124 4265
1050 2 2 5 1 4168 4037 7200
1051 2 2 5 1 4764 4762 7400
1052 2 2 5 1 4788 7196 7197
1053 2 2 5 1 2825 2822 7720
1054 2 2 5 1 2819 2821 2822
1055 2 2 5 1 1188 1189 1190
1056 2 2 5 1 1195 1192 6942
1057 2 2 5 1 2630 4572 4575
1058 2 2 5 1 4938 6947 7164
1059 2 2 5 1 3129 3078 3921
1060 2 2 5 1 4521 224 7025
1061 2 2 5 1 4805 5233 7469
1062 2 2 5 1 3293 4504 7708
1063 2 2 5 1 4370 4422 4423
1064 2 2 5 1 224 4521 7195
1065 2 2 5 1 3350 3074 4119
1066 2 2 5 1 386 3058 6117
1067 2 2 5 1 3571 3608 4797
1068 2 2 5 1 4114 5299 5870
1069 2 2 5 1 5501 4116 5968
1070 2 2 5 1 6503 3677 6786
1071 2 2 5 1 2845 4294 4590
1072 2 2 5 1 4682 4019 7283
1073 2 2 5 1 1379 1419 7719
1074 2 2 5 1 7351 4202 7562
1075 2 2 5 1 1471 4510 4719
1076 2 2 5 1 7348 3041 7700
1077 2 2 5 1 4522 1412 5042
1078 2 2 5 1 4675 1316 7543
1079 2 2 5 1 2312 4854 7459
1080 2 2 5 1 1818 2025 2083
1081 2 2 5 1 3126 3122 6162
1082 2 2 5 1 3170 6585 7194
1083 2 2 5 1 4376 4374 4768
1084 2 2 5 1 4520 2321 7001
1085 2 2 5 1 1032 4487 6565
1086 2 2 5 1 4977 1644 4989
1087 2 2 5 1 4975 4989 7539
1088 2 2 5 1 2841 2845 7697
1089 2 2 5 1 3655 3736 3737
1090 2 2 5 1 2897 4674 4791
1091 2 2 5 1 1321 4571 6758
1092 2 2 5 1 2795 2791 7727
1093 2 2 5 1 2345 2341 6518
1094 2 2 5 1 3068 3069 3070
1095 2 2 5 1 477 4917 6913
1096 2 2 5 1 7305 932 7356
1097 2 2 5 1 4496 3182 6462
1098 2 2 5 1 4300 6616 6617
1099 2 2 5 1 5035 6486 6608
1100 2 2 5 1 6 4773 6780
1101 2 2 5 1 4143 4284 4308
1102 2 2 5 1 6749 1327 6750
1103 2 2 5 1 4642 4945 4946
1104 2 2 5 1 4551 687 5530
1105 2 2 5 1 3115 3122 3123
1106 2 2 5 1 4648 2744 4696
1107 2 2 5 1 4593 4132 7471
1108 2 2 5 1 4340 4147 4778
1109 2 2 5 1 2082 4594 4944
1110 2 2 5 1 6834 945 6836
1111 2 2 5 1 4708 460 4739
1112 2 2 5 1 459 5455 5498
1113 2 2 5 1 4559 4174 4704
1114 2 2 5 1 3041 6942 7700
1115 2 2 5 1 2910 2201 5306
1116 2 2 5 1 2905 2596 7644
1117 2 2 5 1 4610 4608 5037
1118 2 2 5 1 4124 4121 4266
1119 2 2 5 1 6680 2876 7363
1120 2 2 5 1 2619 2898 7678
1121 2 2 5 1 5985 5983 5986
1122 2 2 5 1 2471 2338 4879
1123 2 2 5 1 445 4610 5037
1124 2 2 5 1 1326 1322 7698
1125 2 2 5 1 941 964 2777
1126 2 2 5 1 949 7265 7368
1127 2 2 5 1 3292 3293 3294
1128 2 2 5 1 3971 6767 7515
1129 2 2 5 1 6475 3620 7021
1130 2 2 5 1 6693 6 7451
1131 2 2 5 1 4253 2025 4255
1132 2 2 5 1 138 139 4917
1133 2 2 5 1 2853 6832 6833
1134 2 2 5 1 4260 4258 4329
1135 2 2 5 1 2040 2937 4166
1136 2 2 5 1 6006 6401 7220
1137 2 2 5 1 4016 4405 6847
1138 2 2 5 1 3130 3132 4245
1139 2 2 5 1 2026 1827 6661
1140 2 2 5 1 4202 4613 6630
1141 2 2 5 1 6936 7180 7221
1142 2 2 5 1 4659 4154 6912
1143 2 2 5 1 6991 2036 7334
1144 2 2 5 1 2746 4648 7565
1145 2 2 5 1 4347 6520 7314
1146 2 2 5 1 3745 3743 4687
1147 2 2 5 1 2610 4093 7583
1148 2 2 5 1 4664 480 7091
1149 2 2 5 1 2601 2606 7704
1150 2 2 5 1 3730 6974 7427
1151 2 2 5 1 4364 4362 4390
1152 2 2 5 1 2924 7225 7719
1153 2 2 5 1 4492 779 6673
1154 2 2 5 1 3302 4436 6574
1155 2 2 5 1 3062 3063 3064
1156 2 2 5 1 2044 2042 2080
1157 2 2 5 1 3756 3710 6118
1158 2 2 5 1 3712 6116 6118
1159 2 2 5 1 3304 3305 3306
1160 2 2 5 1 3125 3123 6793
1161 2 2 5 1 4370 4367 4422
1162 2 2 5 1 4837 2007 4949
1163 2 2 5 1 4569 6398 6599
1164 2 2 5 1 5 309 6892
1165 2 2 5 1 3060 3061 3062
1166 2 2 5 1 5598 6795 7519
1167 2 2 5 1 5153 6793 7570
1168 2 2 5 1 945 6834 7506
1169 2 2 5 1 2338 2336 7711
1170 2 2 5 1 4319 4322 5001
1171 2 2 5 1 2802 2806 7710
1172 2 2 5 1 441 5188 6622
1173 2 2 5 1 2007 4837 7695
1174 2 2 5 1 5297 5326 5327
1175 2 2 5 1 3306 3309 6543
1176 2 2 5 1 1383 1412 7130
1177 2 2 5 1 2942 3056 3060
1178 2 2 5 1 3252 4618 7364
1179 2 2 5 1 6005 2404 6497
1180 2 2 5 1 4295 4326 4499
1181 2 2 5 1 3120 3104 4517
1182 2 2 5 1 3306 3305 3307
1183 2 2 5 1 4095 880 6941
1184 2 2 5 1 4486 1199 6696
1185 2 2 5 1 2028 6746 7257
1186 2 2 5 1 2797 4780 4849
1187 2 2 5 1 4645 4153 6600
1188 2 2 5 1 4572 4573 4575
1189 2 2 5 1 2938 4568 4569
1190 2 2 5 1 4360 4357 4549
1191 2 2 5 1 512 5624 5680
1192 2 2 5 1 507 5425 5426
1193 2 2 5 1 4340 4841 6912
1194 2 2 5 1 4037 4804 7200
1195 2 2 5 1 123 124 4912
1196 2 2 5 1 1977 5492 6746
1197 2 2 5 1 3169 3171 6968
1198 2 2 5 1 4597 3186 7456
1199 2 2 5 1 4009 4793 6727
1200 2 2 5 1 4372 4370 7262
1201 2 2 5 1 2965 5297 6914
1202 2 2 5 1 6403 2925 6405
1203 2 2 5 1 6838 2871 7267
1204 2 2 5 1 3171 4528 6968
1205 2 2 5 1 6434 6435 6437
1206 2 2 5 1 4181 2700 4833
1207 2 2 5 1 2852 4786 7180
1208 2 2 5 1 5035 6608 6734
1209 2 2 5 1 3043 4254 4745
1210 2 2 5 1 4565 950 6704
1211 2 2 5 1 2789 2795 2942
1212 2 2 5 1 4696 2748 4697
1213 2 2 5 1 2661 4218 4514
1214 2 2 5 1 4845 495 7138
1215 2 2 5 1 502 4846 7139
1216 2 2 5 1 2081 1356 7596
1217 2 2 5 1 3318 6611 7398
1218 2 2 5 1 2051 5 6892
1219 2 2 5 1 2826 6142 6472
1220 2 2 5 1 5957 4760 7243
1221 2 2 5 1 4659 3371 6902
1222 2 2 5 1 1189 1194 7700
1223 2 2 5 1 3147 3175 4923
1224 2 2 5 1 6948 2385 7300
1225 2 2 5 1 4549 4064 5018
1226 2 2 5 1 2898 4640 4767
1227 2 2 5 1 4374 4372 4495
1228 2 2 5 1 6652 1418 7114
1229 2 2 5 1 4575 4573 7446
1230 2 2 5 1 5971 4660 7083
1231 2 2 5 1 3047 5537 7082
1232 2 2 5 1 4132 4206 7471
1233 2 2 5 1 4824 2922 4940
1234 2 2 5 1 4912 503 6934
1235 2 2 5 1 4841 3371 6912
1236 2 2 5 1 2774 4343 7170
1237 2 2 5 1 897 4095 4407
1238 2 2 5 1 4646 3647 6930
1239 2 2 5 1 2794 5137 5139
1240 2 2 5 1 1332 4675 7529
1241 2 2 5 1 926 924 948
1242 2 2 5 1 6466 4736 6643
1243 2 2 5 1 3135 3134 4337
1244 2 2 5 1 950 910 7431
1245 2 2 5 1 4657 4154 4658
1246 2 2 5 1 422 2803 5142
1247 2 2 5 1 6142 4774 6705
1248 2 2 5 1 979 4619 4737
1249 2 2 5 1 3204 6694 7150
1250 2 2 5 1 4175 4143 4308
1251 2 2 5 1 6793 5153 7314
1252 2 2 5 1 5036 5035 6734
1253 2 2 5 1 3371 4659 6912
1254 2 2 5 1 6850 2015 6851
1255 2 2 5 1 4117 4650 4707
1256 2 2 5 1 2911 2387 7463
1257 2 2 5 1 4167 3056 4849
1258 2 2 5 1 4594 2082 7573
1259 2 2 5 1 4513 442 6540
1260 2 2 5 1 4437 2582 7586
1261 2 2 5 1 904 902 6896
1262 2 2 5 1 4349 4692 4710
1263 2 2 5 1 1203 4420 6636
1264 2 2 5 1 2365 2363 7245
1265 2 2 5 1 4654 2606 6907
1266 2 2 5 1 6783 3973 6908
1267 2 2 5 1 3914 4962 6288
1268 2 2 5 1 3061 3065 7714
1269 2 2 5 1 4213 6371 6901
1270 2 2 5 1 6382 5125 6386
1271 2 2 5 1 2923 1379 7719
1272 2 2 5 1 501 4741 4743
1273 2 2 5 1 7549 4802 7557
1274 2 2 5 1 2937 2038 4406
1275 2 2 5 1 2610 2594 2931
1276 2 2 5 1 579 577 4900
1277 2 2 5 1 883 880 890
1278 2 2 5 1 2806 2807 2808
1279 2 2 5 1 3683 4637 4638
1280 2 2 5 1 3381 4869 5018
1281 2 2 5 1 3742 3739 4395
1282 2 2 5 1 4169 4779 7559
1283 2 2 5 1 1385 4170 4821
1284 2 2 5 1 4343 4615 7170
1285 2 2 5 1 3134 3136 3137
1286 2 2 5 1 4604 712 6169
1287 2 2 5 1 4146 3974 4829
1288 2 2 5 1 4601 1018 5190
1289 2 2 5 1 1428 4286 6995
1290 2 2 5 1 4619 979 4691
1291 2 2 5 1 2853 6831 6832
1292 2 2 5 1 1593 1591 4989
1293 2 2 5 1 4167 4849 7427
1294 2 2 5 1 5252 6725 7310
1295 2 2 5 1 5306 2757 6915
1296 2 2 5 1 4277 4278 4279
1297 2 2 5 1 2047 2044 7631
1298 2 2 5 1 119 120 4903
1299 2 2 5 1 2366 2365 2367
1300 2 2 5 1 1428 1362 4286
1301 2 2 5 1 4584 866 7203
1302 2 2 5 1 4560 2846 5097
1303 2 2 5 1 4523 1364 7097
1304 2 2 5 1 2364 2363 2365
1305 2 2 5 1 3729 3663 7686
1306 2 2 5 1 482 4505 6893
1307 2 2 5 1 2362 2361 2363
1308 2 2 5 1 4989 1638 7539
1309 2 2 5 1 5188 4138 6622
1310 2 2 5 1 3245 6894 7068
1311 2 2 5 1 3134 3137 4337
1312 2 2 5 1 4120 2783 7010
1313 2 2 5 1 4774 4179 6705
1314 2 2 5 1 3186 4597 7433
1315 2 2 5 1 6757 4408 7653
1316 2 2 5 1 3382 3680 4908
1317 2 2 5 1 4885 1798 6384
1318 2 2 5 1 6371 4213 7401
1319 2 2 5 1 1190 1192 1193
1320 2 2 5 1 2360 2359 2361
1321 2 2 5 1 3100 3098 7230
1322 2 2 5 1 2791 2796 7727
1323 2 2 5 1 3071 3069 4645
1324 2 2 5 1 4869 4549 5018
1325 2 2 5 1 6213 447 6484
1326 2 2 5 1 945 914 6838
1327 2 2 5 1 869 866 870
1328 2 2 5 1 2401 2735 4715
1329 2 2 5 1 2358 2357 2359
1330 2 2 5 1 4654 2905 6906
1331 2 2 5 1 4793 4009 7574
1332 2 2 5 1 7265 6653 7368
1333 2 2 5 1 2808 2831 6839
1334 2 2 5 1 901 895 902
1335 2 2 5 1 2044 4328 7631
1336 2 2 5 1 2356 2355 2357
1337 2 2 5 1 5592 4743 5773
1338 2 2 5 1 2401 2324 2735
1339 2 2 5 1 5055 6680 7363
1340 2 2 5 1 2354 2353 2355
1341 2 2 5 1 2839 2840 2841
1342 2 2 5 1 2808 2809 2810
1343 2 2 5 1 2352 2351 2353
1344 2 2 5 1 1353 1352 1354
1345 2 2 5 1 442 4513 6720
1346 2 2 5 1 2357 2380 6692
1347 2 2 5 1 2350 2349 2351
1348 2 2 5 1 928 926 6714
1349 2 2 5 1 2810 2811 2813
1350 2 2 5 1 4223 1773 6698
1351 2 2 5 1 6700 4847 7532
1352 2 2 5 1 4023 3761 4140
1353 2 2 5 1 2744 2742 4696
1354 2 2 5 1 4232 2746 7565
1355 2 2 5 1 1329 4561 7444
1356 2 2 5 1 1970 1968 7232
1357 2 2 5 1 991 988 994
1358 2 2 5 1 1202 1201 1322
1359 2 2 5 1 1040 6388 6511
1360 2 2 5 1 2779 2784 7715
1361 2 2 5 1 3077 3079 6755
1362 2 2 5 1 4683 221 6526
1363 2 2 5 1 6945 4130 6979
1364 2 2 5 1 424 423 5141
1365 2 2 5 1 319 318 4707
1366 2 2 5 1 4367 4364 4386
1367 2 2 5 1 4582 1005 6559
1368 2 2 5 1 1961 4557 7072
1369 2 2 5 1 898 892 7170
1370 2 2 5 1 687 4551 6795
1371 2 2 5 1 2346 2345 2349
1372 2 2 5 1 6342 439 6549
1373 2 2 5 1 1387 1386 7474
1374 2 2 5 1 1644 4981 5243
1375 2 2 5 1 914 912 4673
1376 2 2 5 1 5095 2835 5135
1377 2 2 5 1 4194 4195 7072
1378 2 2 5 1 2600 2601 2602
1379 2 2 5 1 4821 4170 4822
1380 2 2 5 1 5492 1977 7437
1381 2 2 5 1 870 872 7702
1382 2 2 5 1 7055 6140 7320
1383 2 2 5 1 4507 2830 7092
1384 2 2 5 1 2897 1859 4674
1385 2 2 5 1 3064 3063 7497
1386 2 2 5 1 4742 5490 7318
1387 2 2 5 1 4277 4279 4787
1388 2 2 5 1 4579 2833 6966
1389 2 2 5 1 3119 3082 7445
1390 2 2 5 1 7056 4508 7341
1391 2 2 5 1 6398 2879 6599
1392 2 2 5 1 4725 6337 7059
1393 2 2 5 1 1355 1354 1356
1394 2 2 5 1 2007 2719 4949
1395 2 2 5 1 1968 2734 7232
1396 2 2 5 1 2661 4515 7599
1397 2 2 5 1 2349 2400 6523
1398 2 2 5 1 4170 1383 7130
1399 2 2 5 1 3641 3516 4490
1400 2 2 5 1 6426 2735 6427
1401 2 2 5 1 2815 2817 6788
1402 2 2 5 1 458 5426 5427
1403 2 2 5 1 457 5623 5624
1404 2 2 5 1 6572 5095 6809
1405 2 2 5 1 6975 4972 7178
1406 2 2 5 1 7072 4195 7569
1407 2 2 5 1 4432 2603 7115
1408 2 2 5 1 1358 2081 7661
1409 2 2 5 1 2833 4579 7166
1410 2 2 5 1 1375 1420 7641
1411 2 2 5 1 4763 4766 7211
1412 2 2 5 1 916 914 945
1413 2 2 5 1 1364 1428 7097
1414 2 2 5 1 6118 3058 6119
1415 2 2 5 1 7010 6451 7601
1416 2 2 5 1 4778 3513 4841
1417 2 2 5 1 4891 521 4957
1418 2 2 5 1 6642 1969 7484
1419 2 2 5 1 6060 5233 7206
1420 2 2 5 1 980 981 982
1421 2 2 5 1 2557 2559 4572
1422 2 2 5 1 5545 4581 7039
1423 2 2 5 1 4644 5974 7038
1424 2 2 5 1 4921 2027 5185
1425 2 2 5 1 4264 4265 6635
1426 2 2 5 1 438 7055 7320
1427 2 2 5 1 840 825 4911
1428 2 2 5 1 4895 4261 6625
1429 2 2 5 1 2780 5046 6112
1430 2 2 5 1 3379 3375 4878
1431 2 2 5 1 4949 2719 6480
1432 2 2 5 1 1325 1201 4486
1433 2 2 5 1 100 101 5509
1434 2 2 5 1 1328 1326 1329
1435 2 2 5 1 6752 412 7099
1436 2 2 5 1 6590 4763 7228
1437 2 2 5 1 4362 4360 4365
1438 2 2 5 1 6746 5774 7257
1439 2 2 5 1 5985 2004 5987
1440 2 2 5 1 4513 4579 6720
1441 2 2 5 1 6659 1984 6987
1442 2 2 5 1 2559 2643 4572
1443 2 2 5 1 2813 2814 2815
1444 2 2 5 1 1435 2020 4872
1445 2 2 5 1 1191 4220 4256
1446 2 2 5 1 909 908 910
1447 2 2 5 1 2858 4174 4559
1448 2 2 5 1 2871 4673 7031
1449 2 2 5 1 4568 2377 4702
1450 2 2 5 1 5042 1412 7467
1451 2 2 5 1 2796 2799 2800
1452 2 2 5 1 1335 1334 1336
1453 2 2 5 1 1360 1431 7060
1454 2 2 5 1 1311 1230 7004
1455 2 2 5 1 1357 1356 1358
1456 2 2 5 1 4828 2825 7720
1457 2 2 5 1 3975 3974 4146
1458 2 2 5 1 3709 3708 6841
1459 2 2 5 1 1482 6744 7058
1460 2 2 5 1 1636 6975 7178
1461 2 2 5 1 4759 520 7155
1462 2 2 5 1 4822 4824 4872
1463 2 2 5 1 4840 3370 7239
1464 2 2 5 1 1651 1437 4872
1465 2 2 5 1 5598 687 6795
1466 2 2 5 1 2828 2837 2839
1467 2 2 5 1 5252 5251 7345
1468 2 2 5 1 1320 1324 6575
1469 2 2 5 1 4618 6046 6474
1470 2 2 5 1 2377 2359 2708
1471 2 2 5 1 318 786 4707
1472 2 2 5 1 210 6931 6965
1473 2 2 5 1 4907 3598 6709
1474 2 2 5 1 1834 4556 4557
1475 2 2 5 1 2488 2581 4765
1476 2 2 5 1 4174 4173 4706
1477 2 2 5 1 3068 3070 4927
1478 2 2 5 1 4168 5223 6648
1479 2 2 5 1 2829 2815 6689
1480 2 2 5 1 4567 3211 7667
1481 2 2 5 1 2367 2368 2369
1482 2 2 5 1 4739 506 5929
1483 2 2 5 1 6830 4574 7455
1484 2 2 5 1 2318 2316 7680
1485 2 2 5 1 4658 4659 4923
1486 2 2 5 1 1834 869 4556
1487 2 2 5 1 910 908 6432
1488 2 2 5 1 3954 3956 6997
1489 2 2 5 1 2602 2603 2604
1490 2 2 5 1 2719 4815 6480
1491 2 2 5 1 982 983 984
1492 2 2 5 1 5969 4754 7023
1493 2 2 5 1 4643 5558 7022
1494 2 2 5 1 3749 3742 3757
1495 2 2 5 1 4783 868 4785
1496 2 2 5 1 1334 1329 7444
1497 2 2 5 1 2839 2844 2874
1498 2 2 5 1 4501 3129 4693
1499 2 2 5 1 994 988 7296
1500 2 2 5 1 1359 1358 1360
1501 2 2 5 1 4187 3302 7627
1502 2 2 5 1 504 4903 6962
1503 2 2 5 1 3361 3363 4913
1504 2 2 5 1 5160 5159 7494
1505 2 2 5 1 1352 1332 7529
1506 2 2 5 1 439 6120 6728
1507 2 2 5 1 779 4492 7449
1508 2 2 5 1 2559 2561 2643
1509 2 2 5 1 2796 7527 7727
1510 2 2 5 1 6720 4579 6966
1511 2 2 5 1 7185 3113 7471
1512 2 2 5 1 3820 6572 6809
1513 2 2 5 1 4574 6830 7726
1514 2 2 5 1 4342 2471 7237
1515 2 2 5 1 4757 930 7337
1516 2 2 5 1 2819 4271 7018
1517 2 2 5 1 5063 4419 7029
1518 2 2 5 1 3121 4056 7633
1519 2 2 5 1 2800 2801 2802
1520 2 2 5 1 1310 1311 1312
1521 2 2 5 1 6357 3598 6712
1522 2 2 5 1 2775 897 7600
1523 2 2 5 1 2601 2598 6907
1524 2 2 5 1 3037 2647 3038
1525 2 2 5 1 2332 2331 2336
1526 2 2 5 1 6548 7024 7094
1527 2 2 5 1 2319 2318 2322
1528 2 2 5 1 2330 2329 2331
1529 2 2 5 1 2323 2322 2324
1530 2 2 5 1 2325 2324 2329
1531 2 2 5 1 4200 2852 7180
1532 2 2 5 1 4514 5198 7418
1533 2 2 5 1 6759 2760 7301
1534 2 2 5 1 6454 6791 7075
1535 2 2 5 1 3350 4119 7452
1536 2 2 5 1 4038 4168 6648
1537 2 2 5 1 4606 4297 6773
1538 2 2 5 1 4886 4885 6384
1539 2 2 5 1 1361 1360 1362
1540 2 2 5 1 2945 995 7375
1541 2 2 5 1 4260 4329 4330
1542 2 2 5 1 3374 3600 4878
1543 2 2 5 1 6936 6937 7180
1544 2 2 5 1 4557 881 7407
1545 2 2 5 1 2317 2316 2318
1546 2 2 5 1 2367 2370 4612
1547 2 2 5 1 7153 4028 7251
1548 2 2 5 1 4647 1022 6682
1549 2 2 5 1 1258 4871 5700
1550 2 2 5 1 2273 2193 4871
1551 2 2 5 1 470 5409 5410
1552 2 2 5 1 6436 2604 6783
1553 2 2 5 1 4506 481 7007
1554 2 2 5 1 6223 4823 7130
1555 2 2 5 1 4094 5063 7029
1556 2 2 5 1 4639 3041 6658
1557 2 2 5 1 6511 6388 7500
1558 2 2 5 1 3211 4826 6500
1559 2 2 5 1 439 6342 6959
1560 2 2 5 1 4119 3074 7464
1561 2 2 5 1 7008 2519 7009
1562 2 2 5 1 2588 2586 2617
1563 2 2 5 1 4500 6619 6948
1564 2 2 5 1 2322 2519 7008
1565 2 2 5 1 1363 1362 1364
1566 2 2 5 1 4884 445 6443
1567 2 2 5 1 2581 2657 4765
1568 2 2 5 1 4975 4977 4989
1569 2 2 5 1 2846 4560 6990
1570 2 2 5 1 248 247 4920
1571 2 2 5 1 2835 5095 6572
1572 2 2 5 1 2326 6063 6671
1573 2 2 5 1 4552 4936 7336
1574 2 2 5 1 480 21 5499
1575 2 2 5 1 4337 3137 4901
1576 2 2 5 1 4431 896 7264
1577 2 2 5 1 2049 2047 2079
1578 2 2 5 1 4193 4723 4915
1579 2 2 5 1 1454 7472 7542
1580 2 2 5 1 1194 6688 7348
1581 2 2 5 1 912 950 4673
1582 2 2 5 1 4818 2804 5140
1583 2 2 5 1 2403 4202 7351
1584 2 2 5 1 1365 1364 1366
1585 2 2 5 1 1386 1385 7474
1586 2 2 5 1 3976 6566 6586
1587 2 2 5 1 3744 3743 3745
1588 2 2 5 1 6758 4571 6982
1589 2 2 5 1 5198 4514 7492
1590 2 2 5 1 4895 6625 7355
1591 2 2 5 1 933 4671 6577
1592 2 2 5 1 2363 2361 7306
1593 2 2 5 1 5557 4628 6996
1594 2 2 5 1 5148 6571 6644
1595 2 2 5 1 6852 6952 7030
1596 2 2 5 1 4732 454 7161
1597 2 2 5 1 453 5367 7162
1598 2 2 5 1 4898 2075 7503
1599 2 2 5 1 6345 6826 7048
1600 2 2 5 1 2822 2821 2823
1601 2 2 5 1 4420 1203 4636
1602 2 2 5 1 3171 4260 7073
1603 2 2 5 1 4547 3120 6932
1604 2 2 5 1 1367 1366 1368
1605 2 2 5 1 4387 4389 6890
1606 2 2 5 1 7108 4790 7344
1607 2 2 5 1 4374 4495 4768
1608 2 2 5 1 3106 3104 7670
1609 2 2 5 1 4623 4624 4871
1610 2 2 5 1 4822 4170 4823
1611 2 2 5 1 5023 7153 7251
1612 2 2 5 1 1258 977 4737
1613 2 2 5 1 2784 2788 2789
1614 2 2 5 1 4499 4326 4500
1615 2 2 5 1 1203 6636 6696
1616 2 2 5 1 1369 1368 1373
1617 2 2 5 1 4813 3967 6789
1618 2 2 5 1 6622 4138 6909
1619 2 2 5 1 786 4867 6632
1620 2 2 5 1 4682 4135 7350
1621 2 2 5 1 3116 3096 6617
1622 2 2 5 1 1351 1332 1352
1623 2 2 5 1 2584 2582 4437
1624 2 2 5 1 4297 6460 7328
1625 2 2 5 1 712 4604 6606
1626 2 2 5 1 2595 2594 2596
1627 2 2 5 1 21 22 5499
1628 2 2 5 1 4980 6049 7618
1629 2 2 5 1 2881 2566 4811
1630 2 2 5 1 5253 5251 6698
1631 2 2 5 1 4175 4308 6548
1632 2 2 5 1 1374 1373 1375
1633 2 2 5 1 988 2944 7296
1634 2 2 5 1 6689 2815 6788
1635 2 2 5 1 4149 4147 4340
1636 2 2 5 1 952 4866 6766
1637 2 2 5 1 4592 4132 4593
1638 2 2 5 1 1376 1375 1377
1639 2 2 5 1 4598 3738 4820
1640 2 2 5 1 4147 4146 4778
1641 2 2 5 1 2757 5299 6915
1642 2 2 5 1 5501 5388 6916
1643 2 2 5 1 1317 1319 1347
1644 2 2 5 1 1418 6652 7086
1645 2 2 5 1 5140 2804 5141
1646 2 2 5 1 3084 3119 7131
1647 2 2 5 1 1378 1377 1379
1648 2 2 5 1 4657 4658 6924
1649 2 2 5 1 1391 1402 4875
1650 2 2 5 1 4151 4149 4154
1651 2 2 5 1 6120 439 6959
1652 2 2 5 1 4981 4983 5243
1653 2 2 5 1 7135 4787 7356
1654 2 2 5 1 4254 4735 4736
1655 2 2 5 1 6894 4410 7068
1656 2 2 5 1 1380 1379 1381
1657 2 2 5 1 3149 4923 6902
1658 2 2 5 1 4558 2858 4559
1659 2 2 5 1 4315 2014 6524
1660 2 2 5 1 35 36 4843
1661 2 2 5 1 1382 1381 1383
1662 2 2 5 1 6024 1454 7542
1663 2 2 5 1 7233 2599 7408
1664 2 2 5 1 1384 1383 1385
1665 2 2 5 1 2471 4879 7379
1666 2 2 5 1 1193 1195 1196
1667 2 2 5 1 1388 1387 1389
1668 2 2 5 1 488 4758 4759
1669 2 2 5 1 4908 4907 6709
1670 2 2 5 1 4723 4193 4914
1671 2 2 5 1 454 4731 4734
1672 2 2 5 1 4618 4388 7364
1673 2 2 5 1 3038 3039 7288
1674 2 2 5 1 6062 6440 6895
1675 2 2 5 1 4885 4884 6443
1676 2 2 5 1 5984 6493 7390
1677 2 2 5 1 1022 4647 7141
1678 2 2 5 1 1312 1313 1314
1679 2 2 5 1 4677 3740 6973
1680 2 2 5 1 1018 4601 6731
1681 2 2 5 1 4517 3104 7443
1682 2 2 5 1 6436 6783 6908
1683 2 2 5 1 2868 4704 4705
1684 2 2 5 1 5251 5253 7345
1685 2 2 5 1 4655 4799 6541
1686 2 2 5 1 2356 2358 6738
1687 2 2 5 1 2331 2329 6719
1688 2 2 5 1 4025 4805 6956
1689 2 2 5 1 6780 4484 6899
1690 2 2 5 1 311 310 4257
1691 2 2 5 1 4056 3088 7509
1692 2 2 5 1 4278 4231 6742
1693 2 2 5 1 4909 2002 7208
1694 2 2 5 1 4515 6955 7599
1695 2 2 5 1 2777 2778 4775
1696 2 2 5 1 4957 518 5952
1697 2 2 5 1 6539 904 6896
1698 2 2 5 1 937 1791 6623
1699 2 2 5 1 4688 4687 7447
1700 2 2 5 1 4021 1187 4685
1701 2 2 5 1 6493 5984 7120
1702 2 2 5 1 7107 4790 7108
1703 2 2 5 1 2789 2790 2791
1704 2 2 5 1 1354 1352 7177
1705 2 2 5 1 4628 504 6962
1706 2 2 5 1 2108 2109 4776
1707 2 2 5 1 7317 5238 7435
1708 2 2 5 1 4962 4603 6288
1709 2 2 5 1 4804 4201 4805
1710 2 2 5 1 2593 2591 2594
1711 2 2 5 1 6480 4815 6988
1712 2 2 5 1 4995 5000 5001
1713 2 2 5 1 1392 1391 1393
1714 2 2 5 1 6585 3170 7190
1715 2 2 5 1 4229 4231 4277
1716 2 2 5 1 6836 6838 7267
1717 2 2 5 1 4723 4722 4915
1718 2 2 5 1 4793 4156 6727
1719 2 2 5 1 6106 4827 6483
1720 2 2 5 1 6953 4525 7595
1721 2 2 5 1 521 4891 7359
1722 2 2 5 1 2825 4828 4874
1723 2 2 5 1 2880 2566 2881
1724 2 2 5 1 4633 3936 7663
1725 2 2 5 1 4248 6518 7349
1726 2 2 5 1 1330 1329 1333
1727 2 2 5 1 2044 2080 4328
1728 2 2 5 1 4138 4894 6909
1729 2 2 5 1 4830 455 5505
1730 2 2 5 1 4673 950 7031
1731 2 2 5 1 2804 424 5141
1732 2 2 5 1 3304 3306 6543
1733 2 2 5 1 6128 4470 7434
1734 2 2 5 1 4322 4995 5001
1735 2 2 5 1 4318 4319 5001
1736 2 2 5 1 2563 2619 7678
1737 2 2 5 1 2826 2824 7034
1738 2 2 5 1 4620 4623 4737
1739 2 2 5 1 892 2774 7170
1740 2 2 5 1 4505 5295 6949
1741 2 2 5 1 5567 4506 6950
1742 2 2 5 1 4470 6128 7291
1743 2 2 5 1 872 4096 7616
1744 2 2 5 1 902 895 7268
1745 2 2 5 1 4345 5244 6772
1746 2 2 5 1 2793 7317 7435
1747 2 2 5 1 2657 2659 2737
1748 2 2 5 1 1390 1387 4922
1749 2 2 5 1 4512 2943 7051
1750 2 2 5 1 6955 4515 7558
1751 2 2 5 1 1475 4944 6338
1752 2 2 5 1 4390 4362 7582
1753 2 2 5 1 3967 4813 7540
1754 2 2 5 1 2343 2341 2345
1755 2 2 5 1 2943 2746 4232
1756 2 2 5 1 1320 1318 1323
1757 2 2 5 1 2830 4507 7263
1758 2 2 5 1 1197 1199 1200
1759 2 2 5 1 4175 7108 7378
1760 2 2 5 1 6063 2326 7432
1761 2 2 5 1 2041 2040 2042
1762 2 2 5 1 6840 7323 7366
1763 2 2 5 1 4655 4656 4799
1764 2 2 5 1 875 874 876
1765 2 2 5 1 1191 308 4220
1766 2 2 5 1 4558 4559 7026
1767 2 2 5 1 3122 3108 7213
1768 2 2 5 1 2039 2038 2040
1769 2 2 5 1 984 986 987
1770 2 2 5 1 7225 2923 7719
1771 2 2 5 1 2650 4613 7677
1772 2 2 5 1 4826 4827 6500
1773 2 2 5 1 4790 4789 7344
1774 2 2 5 1 2043 2042 2044
1775 2 2 5 1 1653 4986 6532
1776 2 2 5 1 2874 4179 4774
1777 2 2 5 1 4499 4500 4852
1778 2 2 5 1 3120 6802 7473
1779 2 2 5 1 947 6539 6631
1780 2 2 5 1 4631 724 7255
1781 2 2 5 1 4265 4309 7146
1782 2 2 5 1 2785 6641 7244
1783 2 2 5 1 3324 3382 4908
1784 2 2 5 1 36 498 4843
1785 2 2 5 1 1325 4486 6751
1786 2 2 5 1 4625 2337 4834
1787 2 2 5 1 6741 2609 6803
1788 2 2 5 1 2109 2112 4776
1789 2 2 5 1 1818 2083 2084
1790 2 2 5 1 2045 2044 2047
1791 2 2 5 1 977 979 4737
1792 2 2 5 1 266 265 5004
1793 2 2 5 1 3708 3759 6841
1794 2 2 5 1 3745 4687 4688
1795 2 2 5 1 6579 4250 7360
1796 2 2 5 1 1836 1834 4557
1797 2 2 5 1 4490 4878 6614
1798 2 2 5 1 2815 2816 2817
1799 2 2 5 1 4347 5152 6570
1800 2 2 5 1 3120 4517 6932
1801 2 2 5 1 503 4643 6934
1802 2 2 5 1 4754 5308 6933
1803 2 2 5 1 2824 2823 2828
1804 2 2 5 1 4821 2020 4922
1805 2 2 5 1 4865 6910 7421
1806 2 2 5 1 2898 2619 3037
1807 2 2 5 1 3069 3064 7497
1808 2 2 5 1 6405 2925 7389
1809 2 2 5 1 4675 2087 4730
1810 2 2 5 1 2923 4588 5042
1811 2 2 5 1 5657 7217 7368
1812 2 2 5 1 1646 4587 7335
1813 2 2 5 1 3593 3516 3641
1814 2 2 5 1 4705 4706 4779
1815 2 2 5 1 4386 4364 4390
1816 2 2 5 1 4527 4526 7661
1817 2 2 5 1 4253 4255 6952
1818 2 2 5 1 1015 4642 7546
1819 2 2 5 1 4890 487 4891
1820 2 2 5 1 4758 488 4760
1821 2 2 5 1 4265 4266 4309
1822 2 2 5 1 996 6852 7030
1823 2 2 5 1 2829 4788 7197
1824 2 2 5 1 6766 4866 7634
1825 2 2 5 1 3954 4781 7319
1826 2 2 5 1 4787 7305 7356
1827 2 2 5 1 2662 6522 6523
1828 2 2 5 1 2746 2744 4648
1829 2 2 5 1 4673 2871 6838
1830 2 2 5 1 688 579 4900
1831 2 2 5 1 577 899 4900
1832 2 2 5 1 4822 4823 4824
1833 2 2 5 1 4718 6768 6805
1834 2 2 5 1 4944 4594 6338
1835 2 2 5 1 4606 2116 6460
1836 2 2 5 1 2659 2661 7599
1837 2 2 5 1 3074 3072 7464
1838 2 2 5 1 4717 4718 6805
1839 2 2 5 1 4367 4386 4422
1840 2 2 5 1 6995 4286 7061
1841 2 2 5 1 3740 3739 3741
1842 2 2 5 1 1420 1373 6580
1843 2 2 5 1 1194 7348 7700
1844 2 2 5 1 1185 994 1186
1845 2 2 5 1 583 581 4850
1846 2 2 5 1 3748 3746 3974
1847 2 2 5 1 4592 4593 7194
1848 2 2 5 1 1644 1593 4989
1849 2 2 5 1 1591 1638 4989
1850 2 2 5 1 2785 6450 6451
1851 2 2 5 1 2048 2047 2049
1852 2 2 5 1 4581 477 6913
1853 2 2 5 1 831 819 866
1854 2 2 5 1 3731 4797 6743
1855 2 2 5 1 4739 460 7169
1856 2 2 5 1 459 5498 7168
1857 2 2 5 1 1427 1366 7328
1858 2 2 5 1 3652 4577 7721
1859 2 2 5 1 455 4862 5505
1860 2 2 5 1 4995 711 5000
1861 2 2 5 1 2619 2647 3037
1862 2 2 5 1 1416 6548 7094
1863 2 2 5 1 4153 4657 7550
1864 2 2 5 1 4256 6422 6935
1865 2 2 5 1 1381 1379 7467
1866 2 2 5 1 4619 4620 4737
1867 2 2 5 1 2841 2842 4294
1868 2 2 5 1 2075 4899 5005
1869 2 2 5 1 6835 2865 6837
1870 2 2 5 1 4299 6659 6987
1871 2 2 5 1 897 890 4095
1872 2 2 5 1 4777 2761 6725
1873 2 2 5 1 891 892 893
1874 2 2 5 1 3037 3038 6951
1875 2 2 5 1 1970 7079 7116
1876 2 2 5 1 883 890 891
1877 2 2 5 1 1393 1391 4875
1878 2 2 5 1 4407 4095 7270
1879 2 2 5 1 901 902 903
1880 2 2 5 1 4834 2331 6719
1881 2 2 5 1 3749 3757 4496
1882 2 2 5 1 2946 924 7630
1883 2 2 5 1 2316 2312 7459
1884 2 2 5 1 4915 1655 6354
1885 2 2 5 1 4336 6752 7099
1886 2 2 5 1 1188 1190 4865
1887 2 2 5 1 3675 3581 4947
1888 2 2 5 1 4931 2688 7140
1889 2 2 5 1 5243 4983 6612
1890 2 2 5 1 4577 4400 7721
1891 2 2 5 1 6386 5125 7343
1892 2 2 5 1 3090 4039 7476
1893 2 2 5 1 4126 4125 4127
1894 2 2 5 1 4164 4493 6490
1895 2 2 5 1 4514 4218 4761
1896 2 2 5 1 903 904 907
1897 2 2 5 1 4252 2083 4253
1898 2 2 5 1 5011 1032 6565
1899 2 2 5 1 6744 4886 7058
1900 2 2 5 1 2800 2805 7441
1901 2 2 5 1 4216 4600 7286
1902 2 2 5 1 4795 4118 4796
1903 2 2 5 1 1795 4725 6516
1904 2 2 5 1 2406 2396 6501
1905 2 2 5 1 4889 487 4890
1906 2 2 5 1 6835 6836 7267
1907 2 2 5 1 4282 899 7519
1908 2 2 5 1 4736 4735 7405
1909 2 2 5 1 2334 2332 4488
1910 2 2 5 1 2358 2384 6738
1911 2 2 5 1 915 917 7135
1912 2 2 5 1 3735 3659 7610
1913 2 2 5 1 5001 5000 7672
1914 2 2 5 1 4792 1477 7487
1915 2 2 5 1 7060 1431 7061
1916 2 2 5 1 2082 4943 7573
1917 2 2 5 1 884 871 993
1918 2 2 5 1 406 5138 7709
1919 2 2 5 1 2657 2737 4765
1920 2 2 5 1 4312 1791 7330
1921 2 2 5 1 3688 3641 3751
1922 2 2 5 1 6791 3059 7075
1923 2 2 5 1 2315 2312 2316
1924 2 2 5 1 5000 1028 7672
1925 2 2 5 1 4305 2868 4705
1926 2 2 5 1 4529 3121 7258
1927 2 2 5 1 1371 4853 4920
1928 2 2 5 1 4892 1865 5951
1929 2 2 5 1 3300 3298 7333
1930 2 2 5 1 6725 5252 7345
1931 2 2 5 1 6931 5226 6965
1932 2 2 5 1 3104 3102 7443
1933 2 2 5 1 4895 443 7014
1934 2 2 5 1 481 5509 7007
1935 2 2 5 1 2801 2858 4558
1936 2 2 5 1 2611 4295 7354
1937 2 2 5 1 2630 4576 4810
1938 2 2 5 1 476 4644 6957
1939 2 2 5 1 4950 4441 6326
1940 2 2 5 1 3088 3086 7509
1941 2 2 5 1 3680 3938 4908
1942 2 2 5 1 452 4595 6914
1943 2 2 5 1 2863 2872 4397
1944 2 2 5 1 5138 406 7483
1945 2 2 5 1 4853 4921 5185
1946 2 2 5 1 4365 4360 4549
1947 2 2 5 1 4134 4133 4135
1948 2 2 5 1 2337 2339 7711
1949 2 2 5 1 896 4431 7209
1950 2 2 5 1 4527 2081 4585
1951 2 2 5 1 1604 5059 6646
1952 2 2 5 1 979 840 4911
1953 2 2 5 1 825 2933 4911
1954 2 2 5 1 4404 4011 6847
1955 2 2 5 1 5409 470 5411
1956 2 2 5 1 6119 3058 7524
1957 2 2 5 1 505 5367 7257
1958 2 2 5 1 7321 2866 7341
1959 2 2 5 1 2945 4679 7283
1960 2 2 5 1 3921 3078 7523
1961 2 2 5 1 4146 4829 4840
1962 2 2 5 1 878 876 7013
1963 2 2 5 1 4892 4957 5952
1964 2 2 5 1 1818 783 2025
1965 2 2 5 1 6945 2940 7142
1966 2 2 5 1 1426 4672 6729
1967 2 2 5 1 7208 2002 7209
1968 2 2 5 1 3123 3126 6793
1969 2 2 5 1 5985 5987 6706
1970 2 2 5 1 3746 3745 4689
1971 2 2 5 1 4572 2643 4573
1972 2 2 5 1 6795 4546 7519
1973 2 2 5 1 2599 4896 7408
1974 2 2 5 1 4678 4296 6631
1975 2 2 5 1 2507 4800 4960
1976 2 2 5 1 2063 2062 4940
1977 2 2 5 1 884 993 4694
1978 2 2 5 1 6576 933 6889
1979 2 2 5 1 3073 3072 3074
1980 2 2 5 1 5624 512 7174
1981 2 2 5 1 507 5426 7173
1982 2 2 5 1 3922 4225 4826
1983 2 2 5 1 964 939 7003
1984 2 2 5 1 4962 3914 6531
1985 2 2 5 1 4855 1393 4875
1986 2 2 5 1 4769 4768 7638
1987 2 2 5 1 6778 3109 7183
1988 2 2 5 1 4932 4394 7393
1989 2 2 5 1 2804 4818 6394
1990 2 2 5 1 3938 4634 4907
1991 2 2 5 1 3092 3090 7476
1992 2 2 5 1 4726 1824 4727
1993 2 2 5 1 7013 876 7516
1994 2 2 5 1 4280 4545 4671
1995 2 2 5 1 4019 7281 7283
1996 2 2 5 1 3082 3081 7647
1997 2 2 5 1 6600 4153 7550
1998 2 2 5 1 3363 3384 4913
1999 2 2 5 1 3664 3361 4913
2000 2 2 5 1 6422 4256 7512
2001 2 2 5 1 4585 2081 7596
2002 2 2 5 1 2842 2854 2869
2003 2 2 5 1 1798 4885 6443
2004 2 2 5 1 4851 3395 5028
2005 2 2 5 1 4632 4190 6678
2006 2 2 5 1 3307 3305 3331
2007 2 2 5 1 6554 1016 6825
2008 2 2 5 1 2597 2596 2598
2009 2 2 5 1 4128 4127 4129
2010 2 2 5 1 3922 4224 4225
2011 2 2 5 1 4986 4987 6532
2012 2 2 5 1 2606 2601 6907
2013 2 2 5 1 3078 3076 7523
2014 2 2 5 1 4882 1841 7412
2015 2 2 5 1 4880 2780 6112
2016 2 2 5 1 3645 4285 5236
2017 2 2 5 1 387 6117 6586
2018 2 2 5 1 931 928 935
2019 2 2 5 1 2905 4654 6907
2020 2 2 5 1 2913 4832 7691
2021 2 2 5 1 3598 4907 6712
2022 2 2 5 1 1402 1805 4875
2023 2 2 5 1 4024 4023 4025
2024 2 2 5 1 4295 7297 7354
2025 2 2 5 1 4515 4514 7418
2026 2 2 5 1 2824 2826 7720
2027 2 2 5 1 4983 4986 6612
2028 2 2 5 1 6604 3385 6823
2029 2 2 5 1 2112 2115 2117
2030 2 2 5 1 6792 4324 7187
2031 2 2 5 1 2025 2724 6943
2032 2 2 5 1 6679 2191 6697
2033 2 2 5 1 3081 3080 7647
2034 2 2 5 1 4141 4175 7378
2035 2 2 5 1 4308 4563 7394
2036 2 2 5 1 581 688 4850
2037 2 2 5 1 4772 3664 4913
2038 2 2 5 1 688 4806 4850
2039 2 2 5 1 997 4649 4952
2040 2 2 5 1 3664 4772 4893
2041 2 2 5 1 911 910 912
2042 2 2 5 1 1218 1208 1219
2043 2 2 5 1 3751 3641 3977
2044 2 2 5 1 3075 3074 3076
2045 2 2 5 1 1231 4550 7280
2046 2 2 5 1 4122 4121 4123
2047 2 2 5 1 1230 1219 6887
2048 2 2 5 1 7446 4672 7724
2049 2 2 5 1 506 4999 5929
2050 2 2 5 1 4421 6663 7509
2051 2 2 5 1 1791 4312 6623
2052 2 2 5 1 3124 3123 3125
2053 2 2 5 1 1017 4948 6517
2054 2 2 5 1 1197 1200 6684
2055 2 2 5 1 4243 7417 7514
2056 2 2 5 1 3077 3076 3078
2057 2 2 5 1 4960 2665 5147
2058 2 2 5 1 4557 4556 7249
2059 2 2 5 1 3044 3043 7202
2060 2 2 5 1 4796 4868 6842
2061 2 2 5 1 4157 1890 4227
2062 2 2 5 1 3767 4026 4929
2063 2 2 5 1 4879 2338 6220
2064 2 2 5 1 4858 4855 4875
2065 2 2 5 1 4020 4711 4712
2066 2 2 5 1 4746 456 7167
2067 2 2 5 1 3079 3078 3080
2068 2 2 5 1 4831 4403 6428
2069 2 2 5 1 4845 523 6885
2070 2 2 5 1 522 4846 6886
2071 2 2 5 1 2566 2515 7578
2072 2 2 5 1 5017 4691 6613
2073 2 2 5 1 2020 1433 4922
2074 2 2 5 1 6750 1325 6751
2075 2 2 5 1 2947 5237 6446
2076 2 2 5 1 4219 7037 7295
2077 2 2 5 1 4303 1851 4877
2078 2 2 5 1 3312 3314 4910
2079 2 2 5 1 247 1371 4920
2080 2 2 5 1 1471 248 4920
2081 2 2 5 1 3753 3675 4947
2082 2 2 5 1 3836 3876 5139
2083 2 2 5 1 6486 4195 7477
2084 2 2 5 1 3072 3130 7464
2085 2 2 5 1 392 5160 7494
2086 2 2 5 1 3306 3307 3308
2087 2 2 5 1 4135 4133 7725
2088 2 2 5 1 4242 4851 5028
2089 2 2 5 1 556 5036 6734
2090 2 2 5 1 4785 868 6672
2091 2 2 5 1 7309 4412 7463
2092 2 2 5 1 6128 7434 7655
2093 2 2 5 1 3755 5030 6691
2094 2 2 5 1 6656 4437 7387
2095 2 2 5 1 4186 5027 7125
2096 2 2 5 1 3083 3082 3084
2097 2 2 5 1 304 952 4814
2098 2 2 5 1 3564 315 4812
2099 2 2 5 1 7271 4489 7339
2100 2 2 5 1 4951 2406 6501
2101 2 2 5 1 520 5169 6626
2102 2 2 5 1 893 898 4692
2103 2 2 5 1 6062 6063 6440
2104 2 2 5 1 965 874 6999
2105 2 2 5 1 936 935 937
2106 2 2 5 1 5587 3047 6919
2107 2 2 5 1 4660 510 6918
2108 2 2 5 1 6603 4775 7382
2109 2 2 5 1 4712 6503 6786
2110 2 2 5 1 1889 4157 4782
2111 2 2 5 1 4827 4916 6483
2112 2 2 5 1 3085 3084 3086
2113 2 2 5 1 4497 4496 6462
2114 2 2 5 1 2463 6593 6771
2115 2 2 5 1 1229 1219 1230
2116 2 2 5 1 6129 4187 7627
2117 2 2 5 1 2822 2825 4271
2118 2 2 5 1 4130 4129 4131
2119 2 2 5 1 1394 1393 1395
2120 2 2 5 1 6180 6781 6799
2121 2 2 5 1 501 4743 7175
2122 2 2 5 1 2899 2917 6667
2123 2 2 5 1 429 6925 6938
2124 2 2 5 1 4648 4696 7205
2125 2 2 5 1 3087 3086 3088
2126 2 2 5 1 3295 3294 3296
2127 2 2 5 1 2037 2035 2038
2128 2 2 5 1 252 4724 7552
2129 2 2 5 1 5011 6565 6972
2130 2 2 5 1 1219 1208 7247
2131 2 2 5 1 4443 4441 4950
2132 2 2 5 1 2937 4406 6644
2133 2 2 5 1 4810 4576 4831
2134 2 2 5 1 4164 3617 6104
2135 2 2 5 1 4424 3961 6192
2136 2 2 5 1 4501 4693 6410
2137 2 2 5 1 4242 4244 4851
2138 2 2 5 1 3089 3088 3090
2139 2 2 5 1 1314 4681 7543
2140 2 2 5 1 4798 3839 7073
2141 2 2 5 1 4984 4982 5003
2142 2 2 5 1 3130 4245 4651
2143 2 2 5 1 1483 1672 4954
2144 2 2 5 1 4800 6550 6582
2145 2 2 5 1 831 866 869
2146 2 2 5 1 4679 4135 4682
2147 2 2 5 1 6779 5044 6785
2148 2 2 5 1 4400 4577 7478
2149 2 2 5 1 6566 3057 6586
2150 2 2 5 1 1805 4858 4875
2151 2 2 5 1 4257 310 7322
2152 2 2 5 1 3127 3125 3128
2153 2 2 5 1 4888 6953 7595
2154 2 2 5 1 7535 2703 7555
2155 2 2 5 1 3091 3090 3092
2156 2 2 5 1 4383 4382 4385
2157 2 2 5 1 866 819 7203
2158 2 2 5 1 3384 6128 7655
2159 2 2 5 1 6478 3118 7476
2160 2 2 5 1 4129 4127 7671
2161 2 2 5 1 4550 4816 6683
2162 2 2 5 1 1443 4770 7446
2163 2 2 5 1 2940 983 7625
2164 2 2 5 1 1402 1390 1433
2165 2 2 5 1 4156 3315 4910
2166 2 2 5 1 4639 1198 6942
2167 2 2 5 1 4133 4592 4616
2168 2 2 5 1 3662 3661 3663
2169 2 2 5 1 5041 5040 7154
2170 2 2 5 1 238 237 5037
2171 2 2 5 1 4381 4380 4382
2172 2 2 5 1 6571 2937 6644
2173 2 2 5 1 1324 1323 1646
2174 2 2 5 1 1187 994 7296
2175 2 2 5 1 995 2945 7707
2176 2 2 5 1 3728 3663 3729
2177 2 2 5 1 6621 4676 7481
2178 2 2 5 1 982 1232 6687
2179 2 2 5 1 4350 3767 4929
2180 2 2 5 1 4445 4443 4446
2181 2 2 5 1 4125 4264 6777
2182 2 2 5 1 3093 3092 3094
2183 2 2 5 1 3660 3659 3661
2184 2 2 5 1 5036 556 6928
2185 2 2 5 1 4325 6830 7455
2186 2 2 5 1 1191 4256 7635
2187 2 2 5 1 4777 7069 7479
2188 2 2 5 1 920 918 922
2189 2 2 5 1 3098 3116 7230
2190 2 2 5 1 4036 4038 4820
2191 2 2 5 1 4020 4012 4711
2192 2 2 5 1 6550 2499 6582
2193 2 2 5 1 6618 1440 6715
2194 2 2 5 1 4166 2937 6571
2195 2 2 5 1 4926 4046 6688
2196 2 2 5 1 4691 979 4911
2197 2 2 5 1 1579 4979 6735
2198 2 2 5 1 4853 4509 4920
2199 2 2 5 1 7231 4586 7608
2200 2 2 5 1 4190 4632 7014
2201 2 2 5 1 2868 2852 4200
2202 2 2 5 1 446 4719 4720
2203 2 2 5 1 7009 7145 7522
2204 2 2 5 1 3076 3350 7523
2205 2 2 5 1 4779 4169 6714
2206 2 2 5 1 4945 1016 4946
2207 2 2 5 1 981 943 7705
2208 2 2 5 1 2471 4342 4488
2209 2 2 5 1 4010 3319 4793
2210 2 2 5 1 3095 3094 3096
2211 2 2 5 1 456 4746 7137
2212 2 2 5 1 3168 3128 3169
2213 2 2 5 1 4590 3753 4591
2214 2 2 5 1 2369 2368 2373
2215 2 2 5 1 924 922 7630
2216 2 2 5 1 2555 2557 2630
2217 2 2 5 1 1412 1381 7467
2218 2 2 5 1 1031 6597 6681
2219 2 2 5 1 5970 4664 6918
2220 2 2 5 1 4629 479 6919
2221 2 2 5 1 3086 3084 6790
2222 2 2 5 1 4811 2566 7578
2223 2 2 5 1 3197 4804 7469
2224 2 2 5 1 6942 1192 7700
2225 2 2 5 1 5244 3609 6772
2226 2 2 5 1 6161 3126 6162
2227 2 2 5 1 3757 4396 4861
2228 2 2 5 1 3097 3096 3098
2229 2 2 5 1 779 776 6673
2230 2 2 5 1 6922 4227 7370
2231 2 2 5 1 5160 392 7381
2232 2 2 5 1 5040 3951 7154
2233 2 2 5 1 5223 4168 6487
2234 2 2 5 1 987 988 991
2235 2 2 5 1 4837 4836 7695
2236 2 2 5 1 2519 2318 4931
2237 2 2 5 1 4743 5592 7175
2238 2 2 5 1 4573 4672 7446
2239 2 2 5 1 2016 4314 6764
2240 2 2 5 1 5030 3755 5205
2241 2 2 5 1 4552 4553 4941
2242 2 2 5 1 2336 2338 2471
2243 2 2 5 1 4483 4772 4913
2244 2 2 5 1 4820 3738 7603
2245 2 2 5 1 2794 5139 6464
2246 2 2 5 1 4578 4780 7527
2247 2 2 5 1 4483 4913 7655
2248 2 2 5 1 3110 6635 7188
2249 2 2 5 1 4256 6935 7635
2250 2 2 5 1 4408 6703 7653
2251 2 2 5 1 1433 1390 4922
2252 2 2 5 1 2108 4776 5059
2253 2 2 5 1 4277 4231 4278
2254 2 2 5 1 4810 4831 6428
2255 2 2 5 1 3128 3125 7657
2256 2 2 5 1 6440 2327 6895
2257 2 2 5 1 2806 2802 2807
2258 2 2 5 1 4181 4833 7701
2259 2 2 5 1 3980 4242 5028
2260 2 2 5 1 4804 3197 7200
2261 2 2 5 1 3099 3098 3100
2262 2 2 5 1 2717 2716 2723
2263 2 2 5 1 2669 2667 2716
2264 2 2 5 1 1027 4988 5003
2265 2 2 5 1 4729 6780 6899
2266 2 2 5 1 3178 3169 3179
2267 2 2 5 1 4405 4016 7400
2268 2 2 5 1 6220 2338 7254
2269 2 2 5 1 6611 6543 7398
2270 2 2 5 1 2643 2561 7455
2271 2 2 5 1 6706 5987 6849
2272 2 2 5 1 312 989 4955
2273 2 2 5 1 4056 6980 7633
2274 2 2 5 1 1327 6307 7085
2275 2 2 5 1 6952 1232 7030
2276 2 2 5 1 4328 2080 4717
2277 2 2 5 1 7044 7309 7463
2278 2 2 5 1 3258 6481 7649
2279 2 2 5 1 3308 3707 4863
2280 2 2 5 1 265 1031 5004
2281 2 2 5 1 1027 266 5004
2282 2 2 5 1 2555 2630 4810
2283 2 2 5 1 2667 2665 4960
2284 2 2 5 1 2013 1859 2897
2285 2 2 5 1 2817 2818 2819
2286 2 2 5 1 4185 6554 6825
2287 2 2 5 1 4985 4998 5002
2288 2 2 5 1 3297 3296 3298
2289 2 2 5 1 4242 4243 4244
2290 2 2 5 1 2866 7056 7341
2291 2 2 5 1 4571 1321 7504
2292 2 2 5 1 1005 4930 6559
2293 2 2 5 1 4672 1426 7724
2294 2 2 5 1 6896 902 7268
2295 2 2 5 1 3101 3100 3102
2296 2 2 5 1 4761 4232 7534
2297 2 2 5 1 3758 4825 7241
2298 2 2 5 1 1314 1317 4681
2299 2 2 5 1 4447 4446 4448
2300 2 2 5 1 5139 4034 6464
2301 2 2 5 1 1200 2016 6684
2302 2 2 5 1 2845 2841 4294
2303 2 2 5 1 5143 3846 7576
2304 2 2 5 1 4724 252 7062
2305 2 2 5 1 3549 3077 6755
2306 2 2 5 1 2000 4498 4757
2307 2 2 5 1 1777 1999 5253
2308 2 2 5 1 4591 3753 4947
2309 2 2 5 1 873 870 7702
2310 2 2 5 1 4988 1027 5004
2311 2 2 5 1 4915 6354 7626
2312 2 2 5 1 4652 2606 4654
2313 2 2 5 1 6701 1445 7028
2314 2 2 5 1 3948 5140 5141
2315 2 2 5 1 4979 4972 6735
2316 2 2 5 1 3256 3179 3257
2317 2 2 5 1 5041 7154 7458
2318 2 2 5 1 3663 3661 7603
2319 2 2 5 1 3103 3102 3104
2320 2 2 5 1 2084 3043 3044
2321 2 2 5 1 1200 1201 1202
2322 2 2 5 1 7014 443 7414
2323 2 2 5 1 4842 4244 7514
2324 2 2 5 1 1395 1393 4855
2325 2 2 5 1 4043 3751 4877
2326 2 2 5 1 3067 3064 3068
2327 2 2 5 1 6616 3116 6617
2328 2 2 5 1 1674 6610 6645
2329 2 2 5 1 4365 4549 4869
2330 2 2 5 1 4858 1805 4876
2331 2 2 5 1 2488 4765 6519
2332 2 2 5 1 2716 2667 4960
2333 2 2 5 1 1318 1313 7036
2334 2 2 5 1 5412 500 6916
2335 2 2 5 1 4883 4611 4884
2336 2 2 5 1 907 908 909
2337 2 2 5 1 4024 4684 6461
2338 2 2 5 1 4890 4892 5951
2339 2 2 5 1 4727 2724 6679
2340 2 2 5 1 4279 4671 6576
2341 2 2 5 1 2817 2819 7018
2342 2 2 5 1 4279 4280 4671
2343 2 2 5 1 3751 3978 4877
2344 2 2 5 1 3105 3104 3106
2345 2 2 5 1 3581 3597 4947
2346 2 2 5 1 6663 4421 6676
2347 2 2 5 1 3738 3663 7603
2348 2 2 5 1 6750 1327 7698
2349 2 2 5 1 6435 2605 6437
2350 2 2 5 1 867 6296 7634
2351 2 2 5 1 6512 3066 7714
2352 2 2 5 1 1677 2899 5990
2353 2 2 5 1 2630 4575 4576
2354 2 2 5 1 4691 4911 6613
2355 2 2 5 1 1322 1326 1328
2356 2 2 5 1 6413 5006 6563
2357 2 2 5 1 3310 3308 4863
2358 2 2 5 1 2367 2369 2370
2359 2 2 5 1 4780 2797 7527
2360 2 2 5 1 2925 6403 6710
2361 2 2 5 1 4616 4592 6585
2362 2 2 5 1 4363 4362 4364
2363 2 2 5 1 4866 867 7634
2364 2 2 5 1 2839 2837 2840
2365 2 2 5 1 3284 3257 3285
2366 2 2 5 1 4685 1187 7296
2367 2 2 5 1 4600 4216 6839
2368 2 2 5 1 897 4407 7600
2369 2 2 5 1 4361 4360 4362
2370 2 2 5 1 4812 4813 6806
2371 2 2 5 1 4366 4364 4367
2372 2 2 5 1 3299 3298 3300
2373 2 2 5 1 3757 4395 4396
2374 2 2 5 1 980 982 6687
2375 2 2 5 1 3102 3117 7443
2376 2 2 5 1 3107 3106 3108
2377 2 2 5 1 4369 4367 4370
2378 2 2 5 1 2406 4950 6326
2379 2 2 5 1 4035 4501 6770
2380 2 2 5 1 4371 4370 4372
2381 2 2 5 1 1472 6392 6988
2382 2 2 5 1 3118 3092 7476
2383 2 2 5 1 2617 4847 7315
2384 2 2 5 1 4373 4372 4374
2385 2 2 5 1 4563 7012 7090
2386 2 2 5 1 4807 6473 6479
2387 2 2 5 1 4157 4227 6922
2388 2 2 5 1 2785 7010 7715
2389 2 2 5 1 4446 4443 4950
2390 2 2 5 1 5426 458 7173
2391 2 2 5 1 457 5624 7174
2392 2 2 5 1 4611 4610 4884
2393 2 2 5 1 1969 6642 6991
2394 2 2 5 1 4375 4374 4376
2395 2 2 5 1 3257 3258 7649
2396 2 2 5 1 1865 4892 5952
2397 2 2 5 1 4850 4807 6479
2398 2 2 5 1 5004 1031 6681
2399 2 2 5 1 2062 4554 4940
2400 2 2 5 1 2922 2063 4940
2401 2 2 5 1 3948 5141 5142
2402 2 2 5 1 4800 2716 4960
2403 2 2 5 1 3135 4337 4338
2404 2 2 5 1 6160 6345 6506
2405 2 2 5 1 2081 4527 7661
2406 2 2 5 1 4938 4238 6947
2407 2 2 5 1 2824 2828 7034
2408 2 2 5 1 4829 3974 7128
2409 2 2 5 1 1771 4223 5259
2410 2 2 5 1 940 939 941
2411 2 2 5 1 4151 4154 4657
2412 2 2 5 1 2049 2079 2873
2413 2 2 5 1 3654 3653 3655
2414 2 2 5 1 2366 2367 4612
2415 2 2 5 1 6884 2911 7463
2416 2 2 5 1 3114 3108 3115
2417 2 2 5 1 2312 2310 7694
2418 2 2 5 1 877 876 878
2419 2 2 5 1 4612 2370 6456
2420 2 2 5 1 6607 6195 6699
2421 2 2 5 1 3645 3754 4285
2422 2 2 5 1 3308 3307 3707
2423 2 2 5 1 2691 2097 4946
2424 2 2 5 1 2097 4642 4946
2425 2 2 5 1 4853 1371 4921
2426 2 2 5 1 1396 1395 1397
2427 2 2 5 1 2364 2365 2366
2428 2 2 5 1 1347 4518 7479
2429 2 2 5 1 2310 2308 6669
2430 2 2 5 1 3302 6574 7627
2431 2 2 5 1 4818 4819 6394
2432 2 2 5 1 3312 3310 3313
2433 2 2 5 1 4613 2637 6630
2434 2 2 5 1 895 893 4692
2435 2 2 5 1 1389 1391 1392
2436 2 2 5 1 6518 4248 7313
2437 2 2 5 1 3291 3285 3292
2438 2 2 5 1 3846 5143 7042
2439 2 2 5 1 2362 2363 2364
2440 2 2 5 1 6687 4255 6954
2441 2 2 5 1 6837 2865 7321
2442 2 2 5 1 1784 1781 5026
2443 2 2 5 1 3980 4241 4242
2444 2 2 5 1 2368 2365 6470
2445 2 2 5 1 4023 4140 6694
2446 2 2 5 1 1889 1890 4157
2447 2 2 5 1 1017 6517 7045
2448 2 2 5 1 2321 4683 7001
2449 2 2 5 1 2360 2361 2362
2450 2 2 5 1 1313 6525 7036
2451 2 2 5 1 1971 1784 5026
2452 2 2 5 1 6512 4341 6740
2453 2 2 5 1 923 922 924
2454 2 2 5 1 6006 4519 6349
2455 2 2 5 1 4293 6006 6349
2456 2 2 5 1 4865 1190 6910
2457 2 2 5 1 2358 2359 2360
2458 2 2 5 1 998 4919 6921
2459 2 2 5 1 4794 4306 6555
2460 2 2 5 1 3137 3136 3138
2461 2 2 5 1 6735 4972 6975
2462 2 2 5 1 3065 3061 4167
2463 2 2 5 1 1419 1377 6690
2464 2 2 5 1 6585 4592 7194
2465 2 2 5 1 2356 2357 2358
2466 2 2 5 1 2808 2807 2809
2467 2 2 5 1 5059 4776 6646
2468 2 2 5 1 302 867 4866
2469 2 2 5 1 1793 5174 7312
2470 2 2 5 1 786 317 4867
2471 2 2 5 1 5774 505 7257
2472 2 2 5 1 2354 2355 2356
2473 2 2 5 1 4520 4521 7025
2474 2 2 5 1 1432 1354 7377
2475 2 2 5 1 3696 4358 6767
2476 2 2 5 1 934 6664 7134
2477 2 2 5 1 2352 2353 2354
2478 2 2 5 1 4396 4597 7456
2479 2 2 5 1 2387 2351 6522
2480 2 2 5 1 5623 457 7083
2481 2 2 5 1 458 5427 7082
2482 2 2 5 1 4445 4446 4447
2483 2 2 5 1 4140 3761 4567
2484 2 2 5 1 2507 4960 5147
2485 2 2 5 1 4914 1039 7552
2486 2 2 5 1 2350 2351 2352
2487 2 2 5 1 3133 3575 4655
2488 2 2 5 1 5137 3836 5139
2489 2 2 5 1 3876 4034 5139
2490 2 2 5 1 3303 3300 3304
2491 2 2 5 1 2810 2809 2811
2492 2 2 5 1 2112 2114 2115
2493 2 2 5 1 1351 1352 1353
2494 2 2 5 1 4781 4113 6967
2495 2 2 5 1 583 4850 6479
2496 2 2 5 1 4770 4575 7446
2497 2 2 5 1 1402 1433 1434
2498 2 2 5 1 4562 3118 7136
2499 2 2 5 1 2346 2349 2350
2500 2 2 5 1 4863 3707 4864
2501 2 2 5 1 4339 4337 4901
2502 2 2 5 1 4281 4278 6742
2503 2 2 5 1 4915 4722 7059
2504 2 2 5 1 3041 4639 6942
2505 2 2 5 1 3285 3257 7649
2506 2 2 5 1 6689 3971 7515
2507 2 2 5 1 4000 4001 4002
2508 2 2 5 1 4396 4596 4597
2509 2 2 5 1 4827 6106 6500
2510 2 2 5 1 4005 4178 5021
2511 2 2 5 1 3745 4688 4689
2512 2 2 5 1 4502 4417 6406
2513 2 2 5 1 4833 2700 6897
2514 2 2 5 1 2604 6436 6437
2515 2 2 5 1 2370 2369 2371
2516 2 2 5 1 6837 7321 7341
2517 2 2 5 1 1906 2029 5012
2518 2 2 5 1 4294 2842 7628
2519 2 2 5 1 4570 3740 7132
2520 2 2 5 1 6396 5232 6397
2521 2 2 5 1 1333 1477 4674
2522 2 2 5 1 2806 4216 7287
2523 2 2 5 1 4448 4446 4951
2524 2 2 5 1 5984 1424 7120
2525 2 2 5 1 4801 4302 7112
2526 2 2 5 1 4206 4129 7671
2527 2 2 5 1 1181 5719 7212
2528 2 2 5 1 4988 4984 5003
2529 2 2 5 1 4982 4985 5003
2530 2 2 5 1 2796 2791 2799
2531 2 2 5 1 1672 1888 4954
2532 2 2 5 1 1484 1483 4954
2533 2 2 5 1 2000 1998 4498
2534 2 2 5 1 6664 934 7369
2535 2 2 5 1 1335 1336 1337
2536 2 2 5 1 1336 1334 2908
2537 2 2 5 1 2742 2653 2748
2538 2 2 5 1 4005 4177 4178
2539 2 2 5 1 4910 3314 6430
2540 2 2 5 1 4985 5002 5003
2541 2 2 5 1 6986 4874 7215
2542 2 2 5 1 2599 2598 2600
2543 2 2 5 1 5237 2947 7005
2544 2 2 5 1 4800 2507 6550
2545 2 2 5 1 5657 6760 7624
2546 2 2 5 1 4280 4282 4545
2547 2 2 5 1 2813 2829 6964
2548 2 2 5 1 4203 2026 7078
2549 2 2 5 1 2396 2398 6501
2550 2 2 5 1 1353 1354 1355
2551 2 2 5 1 4464 4448 4951
2552 2 2 5 1 7416 4792 7495
2553 2 2 5 1 869 870 4556
2554 2 2 5 1 990 313 4955
2555 2 2 5 1 4561 1326 7457
2556 2 2 5 1 2308 2306 4676
2557 2 2 5 1 4741 501 7053
2558 2 2 5 1 490 4750 6933
2559 2 2 5 1 2704 7535 7692
2560 2 2 5 1 4595 5301 6828
2561 2 2 5 1 4848 1454 7475
2562 2 2 5 1 942 941 943
2563 2 2 5 1 3659 3656 7610
2564 2 2 5 1 4115 5304 7071
2565 2 2 5 1 5592 5773 7070
2566 2 2 5 1 871 866 4584
2567 2 2 5 1 4379 4377 4380
2568 2 2 5 1 4258 3128 7657
2569 2 2 5 1 4703 784 7103
2570 2 2 5 1 4690 4688 6530
2571 2 2 5 1 3860 4000 5006
2572 2 2 5 1 4613 2650 4614
2573 2 2 5 1 506 4739 7169
2574 2 2 5 1 4238 4938 7279
2575 2 2 5 1 5203 4423 7304
2576 2 2 5 1 6250 4238 7279
2577 2 2 5 1 3658 3656 3659
2578 2 2 5 1 4497 6462 6939
2579 2 2 5 1 775 783 1818
2580 2 2 5 1 4568 4702 7535
2581 2 2 5 1 4423 5203 7465
2582 2 2 5 1 5018 4063 6058
2583 2 2 5 1 4260 4330 4798
2584 2 2 5 1 4330 4329 4331
2585 2 2 5 1 2813 2811 2814
2586 2 2 5 1 2872 4566 4873
2587 2 2 5 1 5425 507 7039
2588 2 2 5 1 512 5680 7038
2589 2 2 5 1 495 4713 6949
2590 2 2 5 1 4714 502 6950
2591 2 2 5 1 2723 2716 4800
2592 2 2 5 1 4978 4976 5019
2593 2 2 5 1 2380 4580 6692
2594 2 2 5 1 237 445 5037
2595 2 2 5 1 1654 238 5037
2596 2 2 5 1 6383 6174 6384
2597 2 2 5 1 941 2777 7705
2598 2 2 5 1 3871 5028 5246
2599 2 2 5 1 4224 3653 6927
2600 2 2 5 1 4034 6407 6464
2601 2 2 5 1 3636 3670 5199
2602 2 2 5 1 2361 2938 7306
2603 2 2 5 1 1565 4717 6805
2604 2 2 5 1 1394 1395 1396
2605 2 2 5 1 4944 1475 6536
2606 2 2 5 1 6824 5256 6946
2607 2 2 5 1 3054 5322 6963
2608 2 2 5 1 943 941 7705
2609 2 2 5 1 3756 6118 6119
2610 2 2 5 1 5008 6792 7187
2611 2 2 5 1 5455 459 7023
2612 2 2 5 1 460 4708 7022
2613 2 2 5 1 6427 2735 7008
2614 2 2 5 1 4722 4725 7059
2615 2 2 5 1 3951 5040 7453
2616 2 2 5 1 6597 1031 6711
2617 2 2 5 1 4105 4107 4108
2618 2 2 5 1 2880 2881 4678
2619 2 2 5 1 4388 4410 7364
2620 2 2 5 1 4695 453 6996
2621 2 2 5 1 4171 2031 5057
2622 2 2 5 1 2343 2345 2346
2623 2 2 5 1 4913 3384 7655
2624 2 2 5 1 4042 4562 7426
2625 2 2 5 1 4689 4688 4690
2626 2 2 5 1 3860 3999 4000
2627 2 2 5 1 1454 4848 7472
2628 2 2 5 1 6117 3976 6586
2629 2 2 5 1 6389 4189 6391
2630 2 2 5 1 3137 3139 4901
2631 2 2 5 1 4998 4985 5019
2632 2 2 5 1 2703 6360 7555
2633 2 2 5 1 884 4694 7231
2634 2 2 5 1 3649 3647 6927
2635 2 2 5 1 6883 2911 6884
2636 2 2 5 1 4025 4023 6694
2637 2 2 5 1 2400 2345 7313
2638 2 2 5 1 3978 4511 6969
2639 2 2 5 1 1627 5148 6644
2640 2 2 5 1 297 868 4905
2641 2 2 5 1 6826 2607 7048
2642 2 2 5 1 5187 6971 7289
2643 2 2 5 1 4838 4415 4839
2644 2 2 5 1 5031 6385 6504
2645 2 2 5 1 4950 2406 4951
2646 2 2 5 1 2027 6785 6798
2647 2 2 5 1 1424 5985 6706
2648 2 2 5 1 4327 6808 7204
2649 2 2 5 1 5198 2481 7418
2650 2 2 5 1 2033 2031 4171
2651 2 2 5 1 3139 3144 4901
2652 2 2 5 1 4225 4646 4916
2653 2 2 5 1 4788 2829 7515
2654 2 2 5 1 2398 6179 6583
2655 2 2 5 1 4580 2380 6845
2656 2 2 5 1 2485 6567 6598
2657 2 2 5 1 4339 6604 6823
2658 2 2 5 1 1355 1356 1357
2659 2 2 5 1 4687 4497 7447
2660 2 2 5 1 4220 307 6745
2661 2 2 5 1 2662 6523 7325
2662 2 2 5 1 4359 4357 4360
2663 2 2 5 1 3331 3305 4583
2664 2 2 5 1 3975 4146 4147
2665 2 2 5 1 3593 3641 3688
2666 2 2 5 1 938 937 7666
2667 2 2 5 1 300 966 4897
2668 2 2 5 1 2553 2555 4810
2669 2 2 5 1 5327 1872 5799
2670 2 2 5 1 4897 966 4898
2671 2 2 5 1 315 314 4812
2672 2 2 5 1 305 304 4814
2673 2 2 5 1 2861 4397 7480
2674 2 2 5 1 4438 2586 7713
2675 2 2 5 1 4647 1028 7141
2676 2 2 5 1 4626 2924 7553
2677 2 2 5 1 4925 4582 7491
2678 2 2 5 1 2934 1862 6155
2679 2 2 5 1 4946 1016 6554
2680 2 2 5 1 4002 4003 4004
2681 2 2 5 1 3318 3320 6611
2682 2 2 5 1 523 6628 6885
2683 2 2 5 1 6627 522 6886
2684 2 2 5 1 3653 3649 6927
2685 2 2 5 1 4890 4891 4892
2686 2 2 5 1 5027 4186 7485
2687 2 2 5 1 6541 4799 7133
2688 2 2 5 1 4577 3652 7199
2689 2 2 5 1 6512 3065 6973
2690 2 2 5 1 2010 4246 6449
2691 2 2 5 1 6559 4930 6992
2692 2 2 5 1 2717 2723 4184
2693 2 2 5 1 1026 4990 4997
2694 2 2 5 1 3562 6533 6538
2695 2 2 5 1 2869 6434 6436
2696 2 2 5 1 4561 7085 7088
2697 2 2 5 1 4046 4926 7050
2698 2 2 5 1 2909 6719 6911
2699 2 2 5 1 4230 4228 6657
2700 2 2 5 1 4865 7421 7439
2701 2 2 5 1 4184 2723 4209
2702 2 2 5 1 4877 1851 7046
2703 2 2 5 1 990 4955 7540
2704 2 2 5 1 3909 6357 6712
2705 2 2 5 1 1972 1971 2733
2706 2 2 5 1 6988 6392 7681
2707 2 2 5 1 3749 4496 4497
2708 2 2 5 1 4496 3757 4861
2709 2 2 5 1 4805 4025 7206
2710 2 2 5 1 3839 4528 7073
2711 2 2 5 1 3871 3980 5028
2712 2 2 5 1 6250 7279 7546
2713 2 2 5 1 4141 4142 4143
2714 2 2 5 1 2027 4921 6785
2715 2 2 5 1 4711 4010 4793
2716 2 2 5 1 1309 1230 1310
2717 2 2 5 1 470 5410 7165
2718 2 2 5 1 4727 6679 6697
2719 2 2 5 1 1693 6528 6529
2720 2 2 5 1 5252 2929 7119
2721 2 2 5 1 4039 4529 7156
2722 2 2 5 1 1888 4838 4954
2723 2 2 5 1 4220 6745 7397
2724 2 2 5 1 6593 4697 6771
2725 2 2 5 1 4587 1646 7041
2726 2 2 5 1 6707 945 7506
2727 2 2 5 1 1781 1599 5026
2728 2 2 5 1 6811 4273 6812
2729 2 2 5 1 4273 2886 6812
2730 2 2 5 1 4745 4254 6717
2731 2 2 5 1 1978 5012 5013
2732 2 2 5 1 1198 1195 6942
2733 2 2 5 1 2748 2653 5014
2734 2 2 5 1 2733 1971 3055
2735 2 2 5 1 1978 5013 5051
2736 2 2 5 1 2841 2840 2842
2737 2 2 5 1 1484 4954 7490
2738 2 2 5 1 939 938 7666
2739 2 2 5 1 4573 2643 4574
2740 2 2 5 1 5304 4115 7498
2741 2 2 5 1 6741 2608 7149
2742 2 2 5 1 3309 3308 3310
2743 2 2 5 1 4826 4225 4827
2744 2 2 5 1 7115 6826 7207
2745 2 2 5 1 3783 4047 4048
2746 2 2 5 1 7069 1347 7479
2747 2 2 5 1 2613 6737 6739
2748 2 2 5 1 1357 1358 1359
2749 2 2 5 1 2082 4944 6556
2750 2 2 5 1 1472 4815 6810
2751 2 2 5 1 2591 2588 6801
2752 2 2 5 1 1324 1646 7335
2753 2 2 5 1 4143 4283 4284
2754 2 2 5 1 4310 6400 7580
2755 2 2 5 1 7024 6548 7394
2756 2 2 5 1 5006 4000 6563
2757 2 2 5 1 4227 4228 4229
2758 2 2 5 1 3738 4596 7106
2759 2 2 5 1 4002 4001 4003
2760 2 2 5 1 4093 2931 7100
2761 2 2 5 1 2109 2111 2112
2762 2 2 5 1 6781 2873 6799
2763 2 2 5 1 1476 7271 7339
2764 2 2 5 1 6803 2609 7233
2765 2 2 5 1 2784 2779 2788
2766 2 2 5 1 3619 3617 4164
2767 2 2 5 1 1978 1906 5012
2768 2 2 5 1 2029 4758 5012
2769 2 2 5 1 2529 2543 2550
2770 2 2 5 1 1837 2764 5017
2771 2 2 5 1 2112 2117 4776
2772 2 2 5 1 2117 2115 2776
2773 2 2 5 1 1194 1189 4021
2774 2 2 5 1 874 873 7702
2775 2 2 5 1 4626 2915 4627
2776 2 2 5 1 6601 2846 7697
2777 2 2 5 1 4544 6597 6711
2778 2 2 5 1 1636 7178 7384
2779 2 2 5 1 4439 4480 6350
2780 2 2 5 1 1477 4792 7416
2781 2 2 5 1 3751 3977 3978
2782 2 2 5 1 3977 3641 4490
2783 2 2 5 1 3133 3131 3575
2784 2 2 5 1 3741 3743 3744
2785 2 2 5 1 6621 7288 7690
2786 2 2 5 1 3748 3974 3975
2787 2 2 5 1 3311 3310 3312
2788 2 2 5 1 4601 4602 6731
2789 2 2 5 1 4803 6451 6754
2790 2 2 5 1 2669 2716 2717
2791 2 2 5 1 1799 1784 1971
2792 2 2 5 1 4758 4760 5012
2793 2 2 5 1 4876 6618 6715
2794 2 2 5 1 6925 5162 6938
2795 2 2 5 1 951 943 980
2796 2 2 5 1 6435 2861 7480
2797 2 2 5 1 319 4707 7409
2798 2 2 5 1 873 874 875
2799 2 2 5 1 2800 2799 2801
2800 2 2 5 1 2915 1869 5031
2801 2 2 5 1 4296 4678 7415
2802 2 2 5 1 3651 3649 3653
2803 2 2 5 1 3381 5018 6058
2804 2 2 5 1 4064 4063 5018
2805 2 2 5 1 4525 4524 7595
2806 2 2 5 1 4859 1565 6560
2807 2 2 5 1 3136 3133 4655
2808 2 2 5 1 4976 4990 5019
2809 2 2 5 1 4985 4978 5019
2810 2 2 5 1 4655 3575 4656
2811 2 2 5 1 4338 4337 4339
2812 2 2 5 1 4279 4278 4280
2813 2 2 5 1 4987 4543 6532
2814 2 2 5 1 5028 3395 5246
2815 2 2 5 1 4153 4151 4657
2816 2 2 5 1 3315 3312 4910
2817 2 2 5 1 4505 2998 6893
2818 2 2 5 1 4921 6779 6785
2819 2 2 5 1 3688 3751 4043
2820 2 2 5 1 6260 2328 6965
2821 2 2 5 1 995 986 6844
2822 2 2 5 1 444 6295 6923
2823 2 2 5 1 6407 4034 6670
2824 2 2 5 1 4990 1026 5019
2825 2 2 5 1 4195 6486 7569
2826 2 2 5 1 2548 4141 7378
2827 2 2 5 1 446 4720 4721
2828 2 2 5 1 2593 2594 2595
2829 2 2 5 1 1359 1360 1361
2830 2 2 5 1 2319 2322 2323
2831 2 2 5 1 2330 2331 2332
2832 2 2 5 1 2373 2368 2408
2833 2 2 5 1 298 297 4905
2834 2 2 5 1 2325 2329 2330
2835 2 2 5 1 2323 2324 2325
2836 2 2 5 1 2317 2318 2319
2837 2 2 5 1 5987 2004 6527
2838 2 2 5 1 4076 5041 7458
2839 2 2 5 1 5389 5409 5411
2840 2 2 5 1 1392 1393 1394
2841 2 2 5 1 4806 688 6742
2842 2 2 5 1 317 316 4867
2843 2 2 5 1 303 302 4866
2844 2 2 5 1 5367 505 7162
2845 2 2 5 1 1033 5011 6972
2846 2 2 5 1 2861 2863 4397
2847 2 2 5 1 1884 5633 6457
2848 2 2 5 1 1397 1395 1409
2849 2 2 5 1 4447 4448 4449
2850 2 2 5 1 3664 4893 4956
2851 2 2 5 1 4717 2080 4718
2852 2 2 5 1 741 738 5043
2853 2 2 5 1 2950 6818 6873
2854 2 2 5 1 3066 6800 7714
2855 2 2 5 1 509 6822 6872
2856 2 2 5 1 6813 5280 6859
2857 2 2 5 1 6814 5289 6862
2858 2 2 5 1 2952 6819 6865
2859 2 2 5 1 5475 6820 6871
2860 2 2 5 1 4974 4971 6433
2861 2 2 5 1 1281 6821 6880
2862 2 2 5 1 2125 6817 6877
2863 2 2 5 1 6816 61 6876
2864 2 2 5 1 6811 82 6874
2865 2 2 5 1 6815 70 6875
2866 2 2 5 1 4833 4334 7516
2867 2 2 5 1 7140 2688 7395
2868 2 2 5 1 4711 4793 7574
2869 2 2 5 1 1889 4782 5438
2870 2 2 5 1 4377 4376 7338
2871 2 2 5 1 2914 1869 2915
2872 2 2 5 1 926 948 6714
2873 2 2 5 1 2080 2042 7331
2874 2 2 5 1 2334 4488 7332
2875 2 2 5 1 913 912 914
2876 2 2 5 1 5326 1872 5327
2877 2 2 5 1 4733 5327 5799
2878 2 2 5 1 3135 4338 4842
2879 2 2 5 1 4365 4869 4870
2880 2 2 5 1 1948 2260 5058
2881 2 2 5 1 4328 4859 7631
2882 2 2 5 1 1396 1397 1398
2883 2 2 5 1 4883 4884 4885
2884 2 2 5 1 4203 7078 7377
2885 2 2 5 1 5097 2846 6601
2886 2 2 5 1 4284 4283 4686
2887 2 2 5 1 2819 2820 2821
2888 2 2 5 1 6610 2908 6645
2889 2 2 5 1 7202 4584 7203
2890 2 2 5 1 4576 4575 4770
2891 2 2 5 1 4767 1423 6830
2892 2 2 5 1 3922 3736 4224
2893 2 2 5 1 4048 4049 4091
2894 2 2 5 1 4133 4616 7725
2895 2 2 5 1 4923 4659 6902
2896 2 2 5 1 3113 7185 7551
2897 2 2 5 1 1361 1362 1363
2898 2 2 5 1 4671 4545 6577
2899 2 2 5 1 323 784 4919
2900 2 2 5 1 4911 2933 6613
2901 2 2 5 1 1818 2084 6673
2902 2 2 5 1 4256 4220 7397
2903 2 2 5 1 2764 4691 5017
2904 2 2 5 1 4021 4685 7037
2905 2 2 5 1 2915 5031 6504
2906 2 2 5 1 3679 3750 5032
2907 2 2 5 1 3136 4655 6541
2908 2 2 5 1 2873 2079 4139
2909 2 2 5 1 4870 4869 6998
2910 2 2 5 1 3938 4907 4908
2911 2 2 5 1 456 5321 7167
2912 2 2 5 1 3312 3313 3314
2913 2 2 5 1 3313 3310 4863
2914 2 2 5 1 4048 4047 4049
2915 2 2 5 1 415 4801 7112
2916 2 2 5 1 3137 3138 3139
2917 2 2 5 1 1999 4777 6725
2918 2 2 5 1 6760 4757 7337
2919 2 2 5 1 4564 6652 7114
2920 2 2 5 1 4514 4761 7492
2921 2 2 5 1 3783 4048 5038
2922 2 2 5 1 998 6921 7597
2923 2 2 5 1 4997 4990 6433
2924 2 2 5 1 4266 4121 7027
2925 2 2 5 1 4583 3300 7333
2926 2 2 5 1 4615 4343 7272
2927 2 2 5 1 1402 1434 1805
2928 2 2 5 1 1434 1433 1435
2929 2 2 5 1 4362 4365 7582
2930 2 2 5 1 301 300 4897
2931 2 2 5 1 4118 4795 7163
2932 2 2 5 1 5174 1793 7450
2933 2 2 5 1 4904 298 4905
2934 2 2 5 1 4498 1998 4782
2935 2 2 5 1 2722 5049 6303
2936 2 2 5 1 2899 2900 2917
2937 2 2 5 1 5002 1027 5003
2938 2 2 5 1 2370 2371 2372
2939 2 2 5 1 1333 1335 1477
2940 2 2 5 1 1363 1364 1365
2941 2 2 5 1 1337 1336 1338
2942 2 2 5 1 3661 4036 7603
2943 2 2 5 1 1389 1392 6775
2944 2 2 5 1 1835 1837 5017
2945 2 2 5 1 755 746 5010
2946 2 2 5 1 2315 2316 2317
2947 2 2 5 1 5142 2803 5143
2948 2 2 5 1 1322 1328 6850
2949 2 2 5 1 4863 4864 6491
2950 2 2 5 1 4971 4996 6433
2951 2 2 5 1 2380 2355 7299
2952 2 2 5 1 4330 4331 4345
2953 2 2 5 1 5024 3762 6691
2954 2 2 5 1 5010 746 5043
2955 2 2 5 1 6702 4408 7600
2956 2 2 5 1 2758 1822 6003
2957 2 2 5 1 3729 3740 4677
2958 2 2 5 1 4543 4987 6681
2959 2 2 5 1 3756 6119 6120
2960 2 2 5 1 1677 1679 2899
2961 2 2 5 1 6107 1636 7384
2962 2 2 5 1 868 4783 7560
2963 2 2 5 1 4108 4107 4109
2964 2 2 5 1 4696 4697 7205
2965 2 2 5 1 5389 5411 5412
2966 2 2 5 1 1275 1948 5058
2967 2 2 5 1 1219 7247 7294
2968 2 2 5 1 746 741 5043
2969 2 2 5 1 738 2191 5043
2970 2 2 5 1 1972 2733 4605
2971 2 2 5 1 4839 2567 6960
2972 2 2 5 1 4815 1472 6988
2973 2 2 5 1 327 1004 4928
2974 2 2 5 1 4967 4965 4996
2975 2 2 5 1 2722 4105 5049
2976 2 2 5 1 4004 4003 4005
2977 2 2 5 1 7535 4702 7692
2978 2 2 5 1 6501 2398 6583
2979 2 2 5 1 991 994 1185
2980 2 2 5 1 4899 966 4904
2981 2 2 5 1 2924 6568 7225
2982 2 2 5 1 299 298 4904
2983 2 2 5 1 4053 6944 6959
2984 2 2 5 1 1398 1397 1400
2985 2 2 5 1 1365 1366 1367
2986 2 2 5 1 4309 4391 4802
2987 2 2 5 1 4252 4253 6852
2988 2 2 5 1 4898 966 4899
2989 2 2 5 1 4892 4891 4957
2990 2 2 5 1 2015 4314 6851
2991 2 2 5 1 4971 4967 4996
2992 2 2 5 1 7102 1431 7661
2993 2 2 5 1 3111 7146 7176
2994 2 2 5 1 4184 4209 4211
2995 2 2 5 1 879 882 7104
2996 2 2 5 1 4041 3787 5064
2997 2 2 5 1 3319 3315 4156
2998 2 2 5 1 437 6607 6699
2999 2 2 5 1 1654 4608 7612
3000 2 2 5 1 329 785 4933
3001 2 2 5 1 4139 4859 6560
3002 2 2 5 1 5244 4345 7521
3003 2 2 5 1 1771 1773 4223
3004 2 2 5 1 4573 4574 4672
3005 2 2 5 1 2943 4232 7051
3006 2 2 5 1 4105 4108 5049
3007 2 2 5 1 4990 4974 6433
3008 2 2 5 1 2933 5633 6613
3009 2 2 5 1 1821 2010 5047
3010 2 2 5 1 2815 2814 2816
3011 2 2 5 1 4827 4225 4916
3012 2 2 5 1 4178 4177 6546
3013 2 2 5 1 884 7231 7608
3014 2 2 5 1 6345 6160 6826
3015 2 2 5 1 1992 1979 5051
3016 2 2 5 1 7184 3109 7623
3017 2 2 5 1 4949 2718 6255
3018 2 2 5 1 4837 4949 6255
3019 2 2 5 1 1367 1368 1369
3020 2 2 5 1 2550 2543 2551
3021 2 2 5 1 2117 2776 4162
3022 2 2 5 1 5049 2487 6303
3023 2 2 5 1 3978 3977 4511
3024 2 2 5 1 2760 4518 7301
3025 2 2 5 1 2655 2580 5192
3026 2 2 5 1 6444 5113 6448
3027 2 2 5 1 331 1008 4935
3028 2 2 5 1 4765 2737 6763
3029 2 2 5 1 4449 4448 4450
3030 2 2 5 1 4674 1477 4791
3031 2 2 5 1 7158 5997 7214
3032 2 2 5 1 4524 7361 7595
3033 2 2 5 1 3357 3359 4956
3034 2 2 5 1 3359 3664 4956
3035 2 2 5 1 1328 1329 1330
3036 2 2 5 1 306 953 6745
3037 2 2 5 1 4916 3338 6483
3038 2 2 5 1 3055 1971 5026
3039 2 2 5 1 488 4759 7155
3040 2 2 5 1 3509 6413 6563
3041 2 2 5 1 4697 2748 6558
3042 2 2 5 1 324 323 4919
3043 2 2 5 1 7258 3121 7633
3044 2 2 5 1 4721 4720 4722
3045 2 2 5 1 2373 2408 2409
3046 2 2 5 1 4965 4993 4996
3047 2 2 5 1 4231 4806 6742
3048 2 2 5 1 5210 5209 7429
3049 2 2 5 1 1026 4998 5019
3050 2 2 5 1 1409 1395 4855
3051 2 2 5 1 1379 2923 7467
3052 2 2 5 1 4805 4201 6956
3053 2 2 5 1 6548 1416 7107
3054 2 2 5 1 518 4957 6639
3055 2 2 5 1 1369 1373 1374
3056 2 2 5 1 4715 2735 6426
3057 2 2 5 1 4966 4969 5053
3058 2 2 5 1 4883 4885 4886
3059 2 2 5 1 4986 1653 6612
3060 2 2 5 1 321 997 4952
3061 2 2 5 1 2553 4810 6428
3062 2 2 5 1 4088 3858 5065
3063 2 2 5 1 4091 4049 4092
3064 2 2 5 1 480 5499 7091
3065 2 2 5 1 6897 7339 7371
3066 2 2 5 1 4137 6716 7493
3067 2 2 5 1 6533 4864 6538
3068 2 2 5 1 4139 2079 4859
3069 2 2 5 1 4223 6698 6961
3070 2 2 5 1 4424 6192 7531
3071 2 2 5 1 6385 1661 6504
3072 2 2 5 1 3314 3313 3316
3073 2 2 5 1 6345 4463 6506
3074 2 2 5 1 328 327 4928
3075 2 2 5 1 4195 6659 7477
3076 2 2 5 1 6394 4819 6441
3077 2 2 5 1 3139 3138 3140
3078 2 2 5 1 1979 1978 5051
3079 2 2 5 1 4644 1992 5051
3080 2 2 5 1 4004 4005 5021
3081 2 2 5 1 784 322 4952
3082 2 2 5 1 336 724 4948
3083 2 2 5 1 1434 1435 1436
3084 2 2 5 1 1435 1433 2020
3085 2 2 5 1 3971 6689 6788
3086 2 2 5 1 6528 5005 6529
3087 2 2 5 1 3727 4844 7530
3088 2 2 5 1 4446 4950 4951
3089 2 2 5 1 2372 2371 2374
3090 2 2 5 1 2649 4613 4614
3091 2 2 5 1 1337 1338 1339
3092 2 2 5 1 1571 1546 5057
3093 2 2 5 1 1374 1375 1376
3094 2 2 5 1 5143 2803 5144
3095 2 2 5 1 330 329 4933
3096 2 2 5 1 3744 3745 3746
3097 2 2 5 1 4345 4331 4346
3098 2 2 5 1 4734 4731 6602
3099 2 2 5 1 4870 6998 7093
3100 2 2 5 1 3510 3857 5006
3101 2 2 5 1 3857 3860 5006
3102 2 2 5 1 338 1017 4953
3103 2 2 5 1 3223 3645 5236
3104 2 2 5 1 332 331 4935
3105 2 2 5 1 6663 4056 7509
3106 2 2 5 1 1398 1400 1401
3107 2 2 5 1 4969 4980 5053
3108 2 2 5 1 4964 4966 5053
3109 2 2 5 1 526 5952 5979
3110 2 2 5 1 2548 2576 4141
3111 2 2 5 1 4937 564 4938
3112 2 2 5 1 4991 4964 5053
3113 2 2 5 1 4650 997 7409
3114 2 2 5 1 4325 2563 7678
3115 2 2 5 1 7288 3039 7690
3116 2 2 5 1 6179 4475 6476
3117 2 2 5 1 2579 2531 5014
3118 2 2 5 1 2653 2579 5014
3119 2 2 5 1 4963 4964 4991
3120 2 2 5 1 1376 1377 1378
3121 2 2 5 1 4961 725 4962
3122 2 2 5 1 2921 4589 6264
3123 2 2 5 1 2550 2551 2631
3124 2 2 5 1 2551 2543 2552
3125 2 2 5 1 1546 1548 5057
3126 2 2 5 1 2031 1571 5057
3127 2 2 5 1 2013 2897 4902
3128 2 2 5 1 337 336 4948
3129 2 2 5 1 4450 4448 4464
3130 2 2 5 1 4449 4450 4451
3131 2 2 5 1 2052 2051 4943
3132 2 2 5 1 4965 1025 4993
3133 2 2 5 1 6485 5208 6489
3134 2 2 5 1 4722 4720 4725
3135 2 2 5 1 4721 4722 4723
3136 2 2 5 1 2373 2409 2614
3137 2 2 5 1 2409 2408 2410
3138 2 2 5 1 2382 2390 6350
3139 2 2 5 1 339 338 4953
3140 2 2 5 1 2106 5060 5111
3141 2 2 5 1 2584 4437 7442
3142 2 2 5 1 1409 4855 4856
3143 2 2 5 1 999 294 4925
3144 2 2 5 1 325 998 4934
3145 2 2 5 1 6471 5992 6477
3146 2 2 5 1 4906 3057 6566
3147 2 2 5 1 526 1865 5952
3148 2 2 5 1 5952 518 5979
3149 2 2 5 1 1775 5253 6698
3150 2 2 5 1 4219 4018 7037
3151 2 2 5 1 1982 4435 6171
3152 2 2 5 1 6458 3152 6459
3153 2 2 5 1 4339 4901 6604
3154 2 2 5 1 2938 4569 6599
3155 2 2 5 1 3357 4956 6424
3156 2 2 5 1 5012 4760 5013
3157 2 2 5 1 5059 1604 6409
3158 2 2 5 1 343 725 4961
3159 2 2 5 1 3314 3316 3317
3160 2 2 5 1 3139 3140 3143
3161 2 2 5 1 3140 3138 3141
3162 2 2 5 1 1436 1435 1437
3163 2 2 5 1 2372 2374 2375
3164 2 2 5 1 1339 1338 1340
3165 2 2 5 1 344 343 4961
3166 2 2 5 1 293 1005 4925
3167 2 2 5 1 1004 326 4934
3168 2 2 5 1 1869 1684 5031
3169 2 2 5 1 1684 1635 5031
3170 2 2 5 1 4346 4331 4347
3171 2 2 5 1 1378 1379 1380
3172 2 2 5 1 989 4257 7029
3173 2 2 5 1 2529 2550 6455
3174 2 2 5 1 2379 2382 6350
3175 2 2 5 1 2390 4439 6350
3176 2 2 5 1 5060 5059 6409
3177 2 2 5 1 5060 1628 5111
3178 2 2 5 1 2106 2108 5060
3179 2 2 5 1 1205 1196 6684
3180 2 2 5 1 1401 1400 1403
3181 2 2 5 1 3502 3780 5038
3182 2 2 5 1 3780 3783 5038
3183 2 2 5 1 347 346 4994
3184 2 2 5 1 2929 2758 6650
3185 2 2 5 1 3510 5006 6413
3186 2 2 5 1 2550 2631 2699
3187 2 2 5 1 2551 2552 2553
3188 2 2 5 1 3810 3920 5062
3189 2 2 5 1 4148 4150 6740
3190 2 2 5 1 4451 4450 4452
3191 2 2 5 1 5492 5774 6746
3192 2 2 5 1 4721 4723 4724
3193 2 2 5 1 2410 2408 2879
3194 2 2 5 1 2409 2410 2411
3195 2 2 5 1 1225 1884 6457
3196 2 2 5 1 5014 2531 6408
3197 2 2 5 1 4856 4855 4858
3198 2 2 5 1 1409 4856 4857
3199 2 2 5 1 2799 2791 6794
3200 2 2 5 1 1005 292 4930
3201 2 2 5 1 269 268 4998
3202 2 2 5 1 3317 3316 3321
3203 2 2 5 1 3140 3141 3142
3204 2 2 5 1 3139 3143 3144
3205 2 2 5 1 1436 1437 1438
3206 2 2 5 1 351 350 5000
3207 2 2 5 1 2375 2374 2378
3208 2 2 5 1 2372 2375 2376
3209 2 2 5 1 6327 6416 6419
3210 2 2 5 1 1340 1338 1342
3211 2 2 5 1 1339 1340 1341
3212 2 2 5 1 346 4992 4994
3213 2 2 5 1 1838 1961 5034
3214 2 2 5 1 5387 5389 5412
3215 2 2 5 1 5388 5387 5412
3216 2 2 5 1 1401 1403 1404
3217 2 2 5 1 879 878 880
3218 2 2 5 1 3253 6444 6448
3219 2 2 5 1 5064 3785 5254
3220 2 2 5 1 5031 1635 6385
3221 2 2 5 1 2699 2631 4401
3222 2 2 5 1 4621 2765 5052
3223 2 2 5 1 3502 5038 6381
3224 2 2 5 1 4451 4452 4453
3225 2 2 5 1 2060 4094 5050
3226 2 2 5 1 353 352 5007
3227 2 2 5 1 4724 4723 4914
3228 2 2 5 1 2411 2410 2412
3229 2 2 5 1 6335 6377 6379
3230 2 2 5 1 3492 5064 5254
3231 2 2 5 1 3787 3785 5064
3232 2 2 5 1 3317 3321 3327
3233 2 2 5 1 3321 3316 3322
3234 2 2 5 1 3142 3141 3145
3235 2 2 5 1 3144 3143 3287
3236 2 2 5 1 1438 1437 1439
3237 2 2 5 1 1436 1438 1440
3238 2 2 5 1 2378 2374 2386
3239 2 2 5 1 2375 2378 2379
3240 2 2 5 1 1340 1342 1343
3241 2 2 5 1 1339 1341 1458
3242 2 2 5 1 2765 1839 5052
3243 2 2 5 1 2057 2060 5050
3244 2 2 5 1 5065 3856 6034
3245 2 2 5 1 1404 1403 1406
3246 2 2 5 1 2699 4401 4402
3247 2 2 5 1 4401 2631 4403
3248 2 2 5 1 4453 4452 4454
3249 2 2 5 1 6438 3803 6439
3250 2 2 5 1 2411 2412 2413
3251 2 2 5 1 3490 5065 6034
3252 2 2 5 1 3858 3856 5065
3253 2 2 5 1 3321 3322 3324
3254 2 2 5 1 3317 3327 3328
3255 2 2 5 1 3144 3287 3288
3256 2 2 5 1 3142 3145 3146
3257 2 2 5 1 1440 1438 1446
3258 2 2 5 1 1439 1437 1651
3259 2 2 5 1 2379 2378 2381
3260 2 2 5 1 1343 1342 1344
3261 2 2 5 1 1458 1341 1459
3262 2 2 5 1 2003 5036 5052
3263 2 2 5 1 4469 6370 6372
3264 2 2 5 1 1406 1403 1424
3265 2 2 5 1 1404 1406 1407
3266 2 2 5 1 4401 4403 4848
3267 2 2 5 1 4454 4452 4455
3268 2 2 5 1 4453 4454 4456
3269 2 2 5 1 6226 2292 6264
3270 2 2 5 1 2413 2412 2414
3271 2 2 5 1 2411 2413 2415
3272 2 2 5 1 2301 6365 6367
3273 2 2 5 1 3328 3327 3329
3274 2 2 5 1 3324 3322 3325
3275 2 2 5 1 3288 3287 3351
3276 2 2 5 1 3146 3145 3147
3277 2 2 5 1 1440 1446 1447
3278 2 2 5 1 2379 2381 2382
3279 2 2 5 1 1344 1342 1674
3280 2 2 5 1 1343 1344 1345
3281 2 2 5 1 1458 1459 1485
3282 2 2 5 1 1640 6226 6264
3283 2 2 5 1 2292 2921 6264
3284 2 2 5 1 1407 1406 1410
3285 2 2 5 1 1404 1407 1408
3286 2 2 5 1 1542 1545 6171
3287 2 2 5 1 4456 4454 4457
3288 2 2 5 1 1572 6414 6415
3289 2 2 5 1 2059 2058 5056
3290 2 2 5 1 2413 2414 2416
3291 2 2 5 1 2414 2412 2573
3292 2 2 5 1 1540 1542 6171
3293 2 2 5 1 1545 1982 6171
3294 2 2 5 1 3329 3327 3598
3295 2 2 5 1 3324 3325 3382
3296 2 2 5 1 3328 3329 3330
3297 2 2 5 1 3351 3287 3353
3298 2 2 5 1 3146 3147 3148
3299 2 2 5 1 3147 3145 3175
3300 2 2 5 1 3288 3351 3352
3301 2 2 5 1 6331 6362 6366
3302 2 2 5 1 1447 1446 1468
3303 2 2 5 1 2382 2381 2388
3304 2 2 5 1 1458 1485 1866
3305 2 2 5 1 1485 1459 1486
3306 2 2 5 1 1345 1344 1346
3307 2 2 5 1 2108 5059 5060
3308 2 2 5 1 1407 1410 1411
3309 2 2 5 1 6187 6352 6353
3310 2 2 5 1 4456 4457 4458
3311 2 2 5 1 2416 2414 2417
3312 2 2 5 1 3810 5062 5993
3313 2 2 5 1 5062 3500 5993
3314 2 2 5 1 3330 3329 3341
3315 2 2 5 1 3382 3325 3383
3316 2 2 5 1 3328 3330 3674
3317 2 2 5 1 3148 3147 3149
3318 2 2 5 1 3288 3352 3385
3319 2 2 5 1 3351 3353 3576
3320 2 2 5 1 1468 1446 1474
3321 2 2 5 1 1447 1468 1469
3322 2 2 5 1 2388 2381 2407
3323 2 2 5 1 2382 2388 2389
3324 2 2 5 1 1486 1459 1487
3325 2 2 5 1 1866 1485 1867
3326 2 2 5 1 1345 1346 1348
3327 2 2 5 1 2061 3997 5061
3328 2 2 5 1 1411 1410 1413
3329 2 2 5 1 3052 6346 6349
3330 2 2 5 1 4458 4457 4459
3331 2 2 5 1 4456 4458 4461
3332 2 2 5 1 2416 2417 2418
3333 2 2 5 1 3500 5062 6339
3334 2 2 5 1 3382 3383 3601
3335 2 2 5 1 3330 3341 3342
3336 2 2 5 1 3383 3325 3562
3337 2 2 5 1 3385 3352 3386
3338 2 2 5 1 3148 3149 3150
3339 2 2 5 1 3576 3353 3577
3340 2 2 5 1 1469 1468 1655
3341 2 2 5 1 1447 1469 1649
3342 2 2 5 1 2382 2389 2390
3343 2 2 5 1 1348 1346 1349
3344 2 2 5 1 1486 1487 1488
3345 2 2 5 1 1866 1867 1868
3346 2 2 5 1 1345 1348 1457
3347 2 2 5 1 6094 3500 6339
3348 2 2 5 1 3574 4633 5063
3349 2 2 5 1 3383 3563 6340
3350 2 2 5 1 1411 1413 1414
3351 2 2 5 1 4519 3052 6349
3352 2 2 5 1 2393 2389 6334
3353 2 2 5 1 2389 2388 6334
3354 2 2 5 1 4461 4458 4467
3355 2 2 5 1 4459 4457 4460
3356 2 2 5 1 2416 2418 2489
3357 2 2 5 1 2418 2417 2419
3358 2 2 5 1 3382 3601 3680
3359 2 2 5 1 3342 3341 3374
3360 2 2 5 1 3383 3562 3563
3361 2 2 5 1 3386 3352 3476
3362 2 2 5 1 3576 3577 3667
3363 2 2 5 1 3150 3149 3151
3364 2 2 5 1 3148 3150 3253
3365 2 2 5 1 3577 3353 3642
3366 2 2 5 1 3385 3386 3387
3367 2 2 5 1 2512 2418 6332
3368 2 2 5 1 1649 1469 1650
3369 2 2 5 1 2390 2389 2391
3370 2 2 5 1 1868 1867 1996
3371 2 2 5 1 1349 1346 1460
3372 2 2 5 1 1488 1487 1489
3373 2 2 5 1 1457 1348 1647
3374 2 2 5 1 1414 1413 1421
3375 2 2 5 1 4459 4460 4462
3376 2 2 5 1 2489 2418 2512
3377 2 2 5 1 2419 2417 2420
3378 2 2 5 1 3601 3383 6340
3379 2 2 5 1 3374 3341 3599
3380 2 2 5 1 3563 3562 3582
3381 2 2 5 1 3342 3374 3375
3382 2 2 5 1 3680 3601 3685
3383 2 2 5 1 3576 3667 3910
3384 2 2 5 1 3150 3151 3152
3385 2 2 5 1 3387 3386 3388
3386 2 2 5 1 3577 3642 3643
3387 2 2 5 1 1649 1650 1657
3388 2 2 5 1 2390 2391 2392
3389 2 2 5 1 2391 2389 2393
3390 2 2 5 1 1489 1487 1960
3391 2 2 5 1 1349 1460 1461
3392 2 2 5 1 1457 1647 1662
3393 2 2 5 1 1488 1489 1490
3394 2 2 5 1 1421 1413 1444
3395 2 2 5 1 1414 1421 1422
3396 2 2 5 1 2418 2419 6332
3397 2 2 5 1 4462 4460 4468
3398 2 2 5 1 4459 4462 4463
3399 2 2 5 1 2489 2512 2533
3400 2 2 5 1 2419 2420 2421
3401 2 2 5 1 3563 3582 3586
3402 2 2 5 1 3680 3685 3936
3403 2 2 5 1 3342 3375 3376
3404 2 2 5 1 3374 3599 3600
3405 2 2 5 1 3643 3642 3699
3406 2 2 5 1 3910 3667 3911
3407 2 2 5 1 3152 3151 3153
3408 2 2 5 1 3387 3388 3389
3409 2 2 5 1 1657 1650 1658
3410 2 2 5 1 2390 2392 4439
3411 2 2 5 1 2391 2393 2394
3412 2 2 5 1 2118 5098 6275
3413 2 2 5 1 1662 1647 1883
3414 2 2 5 1 1349 1461 1475
3415 2 2 5 1 1490 1489 1493
3416 2 2 5 1 1461 1460 1462
3417 2 2 5 1 1488 1490 1491
3418 2 2 5 1 5066 2511 5116
3419 2 2 5 1 2436 5117 6097
3420 2 2 5 1 6158 5071 6242
3421 2 2 5 1 1414 1422 1423
3422 2 2 5 1 5117 5116 6097
3423 2 2 5 1 1422 1421 1425
3424 2 2 5 1 2511 5066 5118
3425 2 2 5 1 3511 5224 6209
3426 2 2 5 1 3565 5074 6018
3427 2 2 5 1 2672 2618 5068
3428 2 2 5 1 5074 5067 6018
3429 2 2 5 1 2090 2092 6253
3430 2 2 5 1 5116 2511 6097
3431 2 2 5 1 1995 2960 5075
3432 2 2 5 1 1461 1463 6315
3433 2 2 5 1 3511 6209 6210
3434 2 2 5 1 6079 6322 6323
3435 2 2 5 1 2672 5068 5069
3436 2 2 5 1 4468 4460 4469
3437 2 2 5 1 6066 2299 6316
3438 2 2 5 1 5067 3529 6018
3439 2 2 5 1 2428 2429 5118
3440 2 2 5 1 2476 5071 6158
3441 2 2 5 1 6252 2118 6275
3442 2 2 5 1 1624 5076 5107
3443 2 2 5 1 6126 3511 6210
3444 2 2 5 1 2731 2732 6067
3445 2 2 5 1 1578 5099 6148
3446 2 2 5 1 2118 1693 5098
3447 2 2 5 1 2956 5077 6068
3448 2 2 5 1 2421 2420 2422
3449 2 2 5 1 3442 3440 5294
3450 2 2 5 1 5131 3491 5132
3451 2 2 5 1 2532 2483 6131
3452 2 2 5 1 5102 5126 6114
3453 2 2 5 1 5180 2731 6067
3454 2 2 5 1 3366 5073 5224
3455 2 2 5 1 3529 5067 5101
3456 2 2 5 1 2429 2511 5118
3457 2 2 5 1 2533 2512 2568
3458 2 2 5 1 5117 6158 6242
3459 2 2 5 1 5117 2436 6158
3460 2 2 5 1 5224 5073 6209
3461 2 2 5 1 5120 5222 6167
3462 2 2 5 1 5073 3366 5222
3463 2 2 5 1 2692 2694 6218
3464 2 2 5 1 5099 5081 6148
3465 2 2 5 1 3825 3824 5241
3466 2 2 5 1 3687 5127 5234
3467 2 2 5 1 3534 5101 5173
3468 2 2 5 1 5115 5082 6123
3469 2 2 5 1 5075 2960 6200
3470 2 2 5 1 3491 5131 5247
3471 2 2 5 1 5256 5170 6214
3472 2 2 5 1 3198 3200 5821
3473 2 2 5 1 3534 3530 5101
3474 2 2 5 1 2618 2620 5068
3475 2 2 5 1 3530 3529 5101
3476 2 2 5 1 5090 3477 6070
3477 2 2 5 1 5082 1619 6123
3478 2 2 5 1 2882 1797 6072
3479 2 2 5 1 2956 5076 5077
3480 2 2 5 1 4837 6255 6271
3481 2 2 5 1 1624 5107 5108
3482 2 2 5 1 5222 3366 6167
3483 2 2 5 1 1559 1557 5108
3484 2 2 5 1 1663 1995 5075
3485 2 2 5 1 2731 5180 6021
3486 2 2 5 1 3936 3685 3937
3487 2 2 5 1 3563 3586 3605
3488 2 2 5 1 5132 3491 5294
3489 2 2 5 1 3202 3205 6111
3490 2 2 5 1 5277 2670 6177
3491 2 2 5 1 5126 1641 6114
3492 2 2 5 1 5081 1789 5195
3493 2 2 5 1 5110 6126 6210
3494 2 2 5 1 3863 6146 6194
3495 2 2 5 1 3586 3582 3602
3496 2 2 5 1 3600 3599 3673
3497 2 2 5 1 3765 6227 6254
3498 2 2 5 1 2958 2959 6266
3499 2 2 5 1 3680 3936 3938
3500 2 2 5 1 3699 3642 4083
3501 2 2 5 1 1625 5102 6114
3502 2 2 5 1 4540 6282 6291
3503 2 2 5 1 5074 3565 6197
3504 2 2 5 1 3387 3389 3691
3505 2 2 5 1 3911 3667 3913
3506 2 2 5 1 3153 3151 3371
3507 2 2 5 1 3910 3911 3912
3508 2 2 5 1 3152 3153 3154
3509 2 2 5 1 3389 3388 3390
3510 2 2 5 1 5146 5205 6014
3511 2 2 5 1 3643 3699 3700
3512 2 2 5 1 1501 1629 6236
3513 2 2 5 1 5241 3824 6100
3514 2 2 5 1 4054 3806 6204
3515 2 2 5 1 1658 1650 1795
3516 2 2 5 1 5131 5089 5247
3517 2 2 5 1 5184 6115 6175
3518 2 2 5 1 5108 2957 5214
3519 2 2 5 1 2672 5069 5175
3520 2 2 5 1 6061 5090 6070
3521 2 2 5 1 1803 1789 5081
3522 2 2 5 1 2298 4335 5070
3523 2 2 5 1 1657 1658 1659
3524 2 2 5 1 2680 2679 5106
3525 2 2 5 1 5072 3962 5080
3526 2 2 5 1 5076 1624 5077
3527 2 2 5 1 6228 5103 6285
3528 2 2 5 1 1883 1647 4594
3529 2 2 5 1 1461 1462 1463
3530 2 2 5 1 2394 2393 2395
3531 2 2 5 1 1491 1490 1492
3532 2 2 5 1 2709 6233 6261
3533 2 2 5 1 5901 5074 6197
3534 2 2 5 1 5078 4516 5104
3535 2 2 5 1 3687 4006 5127
3536 2 2 5 1 3569 3572 5197
3537 2 2 5 1 6146 5136 6194
3538 2 2 5 1 4439 2392 4440
3539 2 2 5 1 1662 1883 2019
3540 2 2 5 1 3768 3766 5096
3541 2 2 5 1 5214 2957 6218
3542 2 2 5 1 1974 1882 5087
3543 2 2 5 1 5205 3755 6014
3544 2 2 5 1 3772 5901 6197
3545 2 2 5 1 6227 4270 6254
3546 2 2 5 1 3491 3442 5294
3547 2 2 5 1 1462 1460 2301
3548 2 2 5 1 6150 5110 6210
3549 2 2 5 1 1557 1624 5108
3550 2 2 5 1 5111 5165 6196
3551 2 2 5 1 2675 5256 6214
3552 2 2 5 1 5096 3534 5173
3553 2 2 5 1 5129 4054 6204
3554 2 2 5 1 1544 1543 5189
3555 2 2 5 1 3507 5088 5216
3556 2 2 5 1 4534 6019 6230
3557 2 2 5 1 2534 2624 6212
3558 2 2 5 1 2489 2533 6292
3559 2 2 5 1 5099 1578 6252
3560 2 2 5 1 3822 3823 5094
3561 2 2 5 1 1598 1601 5165
3562 2 2 5 1 5079 3323 5821
3563 2 2 5 1 3512 5119 5120
3564 2 2 5 1 2483 5260 6131
3565 2 2 5 1 3440 3580 5294
3566 2 2 5 1 6016 2673 6132
3567 2 2 5 1 2092 2956 6253
3568 2 2 5 1 3512 5120 6167
3569 2 2 5 1 5089 3449 5247
3570 2 2 5 1 5084 6314 6316
3571 2 2 5 1 1686 1688 5115
3572 2 2 5 1 3822 5094 5095
3573 2 2 5 1 1814 2709 6261
3574 2 2 5 1 3323 5079 5241
3575 2 2 5 1 1628 1598 5165
3576 2 2 5 1 1652 6279 6289
3577 2 2 5 1 3690 4350 6008
3578 2 2 5 1 5079 3825 5241
3579 2 2 5 1 6136 3864 6164
3580 2 2 5 1 3200 3507 5821
3581 2 2 5 1 3631 3863 5133
3582 2 2 5 1 2690 4837 6271
3583 2 2 5 1 5071 2476 6067
3584 2 2 5 1 2636 5125 6074
3585 2 2 5 1 3449 5089 5092
3586 2 2 5 1 1496 5084 5085
3587 2 2 5 1 1422 1425 1426
3588 2 2 5 1 3525 3527 5154
3589 2 2 5 1 3776 3774 5091
3590 2 2 5 1 5180 5178 6021
3591 2 2 5 1 5165 6172 6196
3592 2 2 5 1 4070 6241 6257
3593 2 2 5 1 5076 2096 5107
3594 2 2 5 1 2616 2532 6131
3595 2 2 5 1 2683 2680 5106
3596 2 2 5 1 5127 3792 5234
3597 2 2 5 1 6131 6016 6132
3598 2 2 5 1 5163 4057 6052
3599 2 2 5 1 1815 1813 5104
3600 2 2 5 1 2022 2877 6262
3601 2 2 5 1 4057 3813 6076
3602 2 2 5 1 3565 5228 6197
3603 2 2 5 1 3821 3817 6099
3604 2 2 5 1 2732 5071 6067
3605 2 2 5 1 5083 5277 6177
3606 2 2 5 1 6282 6044 6291
3607 2 2 5 1 5184 3283 6115
3608 2 2 5 1 5096 3766 6050
3609 2 2 5 1 5080 3924 5090
3610 2 2 5 1 4057 5248 6052
3611 2 2 5 1 3864 3458 6164
3612 2 2 5 1 3597 5110 6150
3613 2 2 5 1 2928 5066 5116
3614 2 2 5 1 5133 3863 6194
3615 2 2 5 1 1813 2073 5104
3616 2 2 5 1 6279 4699 6289
3617 2 2 5 1 1530 1532 5181
3618 2 2 5 1 3572 3733 5197
3619 2 2 5 1 1645 1500 5085
3620 2 2 5 1 3343 5212 6144
3621 2 2 5 1 3994 4560 5097
3622 2 2 5 1 1578 5112 6252
3623 2 2 5 1 1525 1523 5112
3624 2 2 5 1 5384 5383 6077
3625 2 2 5 1 5107 2957 5108
3626 2 2 5 1 3420 3545 5130
3627 2 2 5 1 5248 4057 6076
3628 2 2 5 1 3323 3198 5821
3629 2 2 5 1 2482 2458 5198
3630 2 2 5 1 2094 2096 5076
3631 2 2 5 1 3884 5245 6121
3632 2 2 5 1 5082 2090 6253
3633 2 2 5 1 3798 5080 6061
3634 2 2 5 1 3495 5163 6052
3635 2 2 5 1 1543 1686 5189
3636 2 2 5 1 1522 1524 5156
3637 2 2 5 1 1520 1519 6057
3638 2 2 5 1 3614 3525 5154
3639 2 2 5 1 3205 3343 6111
3640 2 2 5 1 3962 3924 5080
3641 2 2 5 1 3768 5096 5173
3642 2 2 5 1 3813 3811 6076
3643 2 2 5 1 3594 3595 6098
3644 2 2 5 1 5163 3495 6100
3645 2 2 5 1 2960 6048 6200
3646 2 2 5 1 2104 1645 5085
3647 2 2 5 1 3233 3231 5191
3648 2 2 5 1 3766 3588 6050
3649 2 2 5 1 3723 5100 5980
3650 2 2 5 1 5089 4320 5092
3651 2 2 5 1 2290 5384 6077
3652 2 2 5 1 3517 5092 5242
3653 2 2 5 1 3559 3558 5103
3654 2 2 5 1 1429 1425 5237
3655 2 2 5 1 2458 2456 5198
3656 2 2 5 1 3843 5926 6093
3657 2 2 5 1 5149 3614 5150
3658 2 2 5 1 3580 3775 6256
3659 2 2 5 1 1832 2004 5986
3660 2 2 5 1 3517 5242 6136
3661 2 2 5 1 4058 5109 6137
3662 2 2 5 1 1634 1643 5196
3663 2 2 5 1 1675 1677 5990
3664 2 2 5 1 1532 1537 5181
3665 2 2 5 1 3030 5239 6237
3666 2 2 5 1 3497 5211 5917
3667 2 2 5 1 1632 1494 5998
3668 2 2 5 1 5136 4058 6137
3669 2 2 5 1 2455 2457 5219
3670 2 2 5 1 4062 3639 5146
3671 2 2 5 1 1504 1505 6004
3672 2 2 5 1 2486 2442 5176
3673 2 2 5 1 3827 5079 5216
3674 2 2 5 1 2480 2478 5171
3675 2 2 5 1 4429 4703 6235
3676 2 2 5 1 3628 3631 5133
3677 2 2 5 1 2957 2692 6218
3678 2 2 5 1 3548 3501 5204
3679 2 2 5 1 5213 3209 6059
3680 2 2 5 1 1547 1544 5189
3681 2 2 5 1 5083 2490 5168
3682 2 2 5 1 3035 2544 5182
3683 2 2 5 1 3507 3202 6111
3684 2 2 5 1 1554 1621 5148
3685 2 2 5 1 2431 2433 6097
3686 2 2 5 1 1688 2088 5115
3687 2 2 5 1 2665 2523 5147
3688 2 2 5 1 5150 3614 5154
3689 2 2 5 1 1516 1518 5259
3690 2 2 5 1 2073 5078 5104
3691 2 2 5 1 3236 3233 5191
3692 2 2 5 1 6217 1642 6225
3693 2 2 5 1 5081 5195 6148
3694 2 2 5 1 2422 2420 2685
3695 2 2 5 1 3568 3569 5197
3696 2 2 5 1 3874 6153 6166
3697 2 2 5 1 2501 2508 6183
3698 2 2 5 1 3829 3827 5216
3699 2 2 5 1 2539 2640 5086
3700 2 2 5 1 5170 2493 5171
3701 2 2 5 1 5204 3501 5255
3702 2 2 5 1 2960 2958 6276
3703 2 2 5 1 4062 5146 6014
3704 2 2 5 1 3560 6080 6096
3705 2 2 5 1 3240 3283 5184
3706 2 2 5 1 5111 1628 5165
3707 2 2 5 1 2495 2493 5170
3708 2 2 5 1 1840 2068 5114
3709 2 2 5 1 5080 5090 6061
3710 2 2 5 1 3924 3776 5091
3711 2 2 5 1 5098 2101 6275
3712 2 2 5 1 2568 2512 2569
3713 2 2 5 1 3904 4172 5174
3714 2 2 5 1 3495 5240 6100
3715 2 2 5 1 3348 3769 5340
3716 2 2 5 1 3499 3267 5203
3717 2 2 5 1 2493 2480 5171
3718 2 2 5 1 2547 2490 5083
3719 2 2 5 1 3604 3698 6056
3720 2 2 5 1 5164 2276 5314
3721 2 2 5 1 3235 3238 6182
3722 2 2 5 1 3823 3826 5094
3723 2 2 5 1 4101 4601 5190
3724 2 2 5 1 3166 3172 5206
3725 2 2 5 1 1503 1501 6236
3726 2 2 5 1 1530 5181 5989
3727 2 2 5 1 1531 1529 5195
3728 2 2 5 1 492 5164 5314
3729 2 2 5 1 1519 1689 6057
3730 2 2 5 1 2694 5102 6218
3731 2 2 5 1 5156 1524 5186
3732 2 2 5 1 5191 6103 6104
3733 2 2 5 1 3422 3420 5130
3734 2 2 5 1 2421 2422 2423
3735 2 2 5 1 1481 1844 5249
3736 2 2 5 1 2533 2568 2632
3737 2 2 5 1 3705 3703 5113
3738 2 2 5 1 3477 5090 5091
3739 2 2 5 1 3638 6143 6152
3740 2 2 5 1 1464 1462 6286
3741 2 2 5 1 5101 4235 5173
3742 2 2 5 1 3030 2535 5239
3743 2 2 5 1 5181 1675 5990
3744 2 2 5 1 5110 3369 6126
3745 2 2 5 1 1500 1497 5085
3746 2 2 5 1 1601 1603 6172
3747 2 2 5 1 5211 3807 5917
3748 2 2 5 1 1797 1796 6072
3749 2 2 5 1 6019 1639 6230
3750 2 2 5 1 1569 1575 5166
3751 2 2 5 1 1643 1814 5196
3752 2 2 5 1 4468 4469 4470
3753 2 2 5 1 1779 1504 6004
3754 2 2 5 1 2956 6068 6253
3755 2 2 5 1 6115 3841 6175
3756 2 2 5 1 1660 1658 6203
3757 2 2 5 1 3214 3216 5276
3758 2 2 5 1 2433 2436 6097
3759 2 2 5 1 6207 3942 6259
3760 2 2 5 1 2446 5178 5179
3761 2 2 5 1 3902 3904 5174
3762 2 2 5 1 3290 5136 6137
3763 2 2 5 1 2486 5176 5192
3764 2 2 5 1 5245 3493 6121
3765 2 2 5 1 5242 3964 6136
3766 2 2 5 1 5165 1601 6172
3767 2 2 5 1 5086 2640 6021
3768 2 2 5 1 4098 4101 5190
3769 2 2 5 1 3773 5136 6146
3770 2 2 5 1 6000 6110 6145
3771 2 2 5 1 2674 2521 6138
3772 2 2 5 1 5084 2104 5085
3773 2 2 5 1 2479 2517 6157
3774 2 2 5 1 5091 3774 5202
3775 2 2 5 1 2624 2696 6212
3776 2 2 5 1 2517 2670 6157
3777 2 2 5 1 1577 1581 6092
3778 2 2 5 1 3270 3272 6007
3779 2 2 5 1 3521 3523 5167
3780 2 2 5 1 2545 2636 5313
3781 2 2 5 1 6080 3560 6081
3782 2 2 5 1 2027 1831 5185
3783 2 2 5 1 3333 3348 5340
3784 2 2 5 1 2442 2440 5176
3785 2 2 5 1 3026 3027 6219
3786 2 2 5 1 3267 3265 5203
3787 2 2 5 1 2672 5175 6177
3788 2 2 5 1 5126 4288 6202
3789 2 2 5 1 2459 2462 5220
3790 2 2 5 1 3216 3547 5276
3791 2 2 5 1 1623 1531 5195
3792 2 2 5 1 2711 1815 5104
3793 2 2 5 1 3436 3434 5202
3794 2 2 5 1 3778 5193 6256
3795 2 2 5 1 2098 2957 5107
3796 2 2 5 1 3600 3673 3726
3797 2 2 5 1 3532 3533 5244
3798 2 2 5 1 3207 3209 5213
3799 2 2 5 1 3817 3816 6099
3800 2 2 5 1 4061 5213 6059
3801 2 2 5 1 3665 3594 6098
3802 2 2 5 1 3689 3718 6113
3803 2 2 5 1 3711 3915 5121
3804 2 2 5 1 3863 3687 5234
3805 2 2 5 1 1686 5115 5189
3806 2 2 5 1 3544 3369 5110
3807 2 2 5 1 1552 1554 5148
3808 2 2 5 1 3632 3843 6093
3809 2 2 5 1 3639 3724 5146
3810 2 2 5 1 3498 3270 6007
3811 2 2 5 1 1568 1641 5279
3812 2 2 5 1 3389 3390 3391
3813 2 2 5 1 2446 5177 5178
3814 2 2 5 1 3937 3685 3967
3815 2 2 5 1 5092 4320 5242
3816 2 2 5 1 3588 3540 6050
3817 2 2 5 1 4269 4270 6227
3818 2 2 5 1 5119 3986 5120
3819 2 2 5 1 3602 3582 3960
3820 2 2 5 1 2019 1883 4215
3821 2 2 5 1 3550 3865 5158
3822 2 2 5 1 3684 3690 6008
3823 2 2 5 1 6084 2289 6193
3824 2 2 5 1 6233 4555 6261
3825 2 2 5 1 5145 489 6064
3826 2 2 5 1 4059 3957 6095
3827 2 2 5 1 5088 3507 6111
3828 2 2 5 1 1574 1568 5279
3829 2 2 5 1 1518 1521 5259
3830 2 2 5 1 5191 3231 6103
3831 2 2 5 1 3195 3323 5240
3832 2 2 5 1 3283 3242 6032
3833 2 2 5 1 5167 5149 5988
3834 2 2 5 1 3552 3553 6002
3835 2 2 5 1 1830 1832 5986
3836 2 2 5 1 3911 3913 4199
3837 2 2 5 1 3824 6099 6100
3838 2 2 5 1 3162 3164 5977
3839 2 2 5 1 3517 3450 5092
3840 2 2 5 1 3812 3814 6134
3841 2 2 5 1 519 5169 5267
3842 2 2 5 1 2620 4304 5068
3843 2 2 5 1 3496 3162 5977
3844 2 2 5 1 5193 5132 6256
3845 2 2 5 1 3614 5149 5167
3846 2 2 5 1 1659 1658 1660
3847 2 2 5 1 1831 1829 5185
3848 2 2 5 1 5119 3512 5340
3849 2 2 5 1 5201 1515 6045
3850 2 2 5 1 3605 3586 3606
3851 2 2 5 1 5264 2121 5266
3852 2 2 5 1 3533 3536 5244
3853 2 2 5 1 3538 5312 6026
3854 2 2 5 1 3982 3584 5199
3855 2 2 5 1 3643 3700 3701
3856 2 2 5 1 3193 3195 5240
3857 2 2 5 1 2645 3049 5231
3858 2 2 5 1 1536 1535 6181
3859 2 2 5 1 3154 3153 3155
3860 2 2 5 1 6111 3343 6144
3861 2 2 5 1 2121 5264 5267
3862 2 2 5 1 1528 1530 5989
3863 2 2 5 1 3523 3614 5167
3864 2 2 5 1 3248 3250 5172
3865 2 2 5 1 2287 2285 6168
3866 2 2 5 1 3843 4214 5926
3867 2 2 5 1 2121 1905 5266
3868 2 2 5 1 5269 5265 6069
3869 2 2 5 1 3673 3599 3909
3870 2 2 5 1 5980 5100 6211
3871 2 2 5 1 3681 3604 6056
3872 2 2 5 1 3699 4083 4087
3873 2 2 5 1 4416 2627 6251
3874 2 2 5 1 4440 2392 4441
3875 2 2 5 1 3957 3955 6095
3876 2 2 5 1 2468 2469 5168
3877 2 2 5 1 1844 4303 5249
3878 2 2 5 1 1657 1659 2078
3879 2 2 5 1 2280 5274 6001
3880 2 2 5 1 2484 5086 5177
3881 2 2 5 1 4470 4469 4471
3882 2 2 5 1 473 5257 5271
3883 2 2 5 1 3609 3538 6026
3884 2 2 5 1 5273 6030 6037
3885 2 2 5 1 2303 1632 5998
3886 2 2 5 1 5384 2290 6084
3887 2 2 5 1 4473 4471 4475
3888 2 2 5 1 3849 3877 5105
3889 2 2 5 1 4032 3725 5230
3890 2 2 5 1 6080 4059 6096
3891 2 2 5 1 1905 1903 5266
3892 2 2 5 1 5093 3713 5121
3893 2 2 5 1 3485 3483 6083
3894 2 2 5 1 5212 3343 5213
3895 2 2 5 1 2728 2731 6021
3896 2 2 5 1 5121 3915 5122
3897 2 2 5 1 6030 2287 6037
3898 2 2 5 1 3539 3542 5312
3899 2 2 5 1 2640 2728 6021
3900 2 2 5 1 1788 1802 6185
3901 2 2 5 1 3439 3436 5202
3902 2 2 5 1 1463 1462 1464
3903 2 2 5 1 3434 3477 5202
3904 2 2 5 1 5167 5988 6020
3905 2 2 5 1 6284 3326 6290
3906 2 2 5 1 1494 1495 5998
3907 2 2 5 1 3607 5032 6012
3908 2 2 5 1 5112 1523 6057
3909 2 2 5 1 5383 489 6077
3910 2 2 5 1 2882 6072 6073
3911 2 2 5 1 3176 3373 6075
3912 2 2 5 1 1641 5126 6202
3913 2 2 5 1 2620 4159 4304
3914 2 2 5 1 3521 5167 6020
3915 2 2 5 1 5164 492 5271
3916 2 2 5 1 2441 2443 5179
3917 2 2 5 1 2395 2393 5182
3918 2 2 5 1 3811 3506 6091
3919 2 2 5 1 1555 1553 5077
3920 2 2 5 1 2119 5617 6087
3921 2 2 5 1 3779 3462 5215
3922 2 2 5 1 5257 5164 5271
3923 2 2 5 1 3507 5216 5821
3924 2 2 5 1 5221 2470 6189
3925 2 2 5 1 5161 3898 5194
3926 2 2 5 1 2450 2484 5177
3927 2 2 5 1 514 5694 6054
3928 2 2 5 1 2502 2505 5239
3929 2 2 5 1 2504 2502 5239
3930 2 2 5 1 2278 5262 5314
3931 2 2 5 1 3403 3472 5200
3932 2 2 5 1 3824 3821 6099
3933 2 2 5 1 2430 2427 6085
3934 2 2 5 1 6258 2616 6283
3935 2 2 5 1 2394 2395 2396
3936 2 2 5 1 5273 5274 6035
3937 2 2 5 1 6030 5273 6035
3938 2 2 5 1 1491 1492 1494
3939 2 2 5 1 2878 2101 5098
3940 2 2 5 1 2276 2278 5314
3941 2 2 5 1 1609 1606 6044
3942 2 2 5 1 3578 6061 6070
3943 2 2 5 1 1507 1618 5128
3944 2 2 5 1 1816 1634 5196
3945 2 2 5 1 1559 5108 5214
3946 2 2 5 1 3959 4268 5123
3947 2 2 5 1 5262 2278 5978
3948 2 2 5 1 3610 3810 5993
3949 2 2 5 1 1426 1425 1429
3950 2 2 5 1 3948 3850 5140
3951 2 2 5 1 3266 3268 5307
3952 2 2 5 1 3347 3266 5307
3953 2 2 5 1 5189 5115 6123
3954 2 2 5 1 1820 1830 5981
3955 2 2 5 1 2506 2507 5147
3956 2 2 5 1 3429 3426 6009
3957 2 2 5 1 3854 3855 6036
3958 2 2 5 1 3431 3490 6034
3959 2 2 5 1 3715 3713 5093
3960 2 2 5 1 1658 1795 6203
3961 2 2 5 1 3644 3884 6121
3962 2 2 5 1 5179 5178 5180
3963 2 2 5 1 3697 3548 5204
3964 2 2 5 1 3725 3873 5230
3965 2 2 5 1 2030 1571 2031
3966 2 2 5 1 3612 3803 6102
3967 2 2 5 1 5274 2280 6035
3968 2 2 5 1 3237 3346 5235
3969 2 2 5 1 4303 5155 5249
3970 2 2 5 1 2690 4415 4836
3971 2 2 5 1 3242 3244 6032
3972 2 2 5 1 3822 5095 5135
3973 2 2 5 1 2478 2530 5171
3974 2 2 5 1 6059 3372 6088
3975 2 2 5 1 5090 3924 5091
3976 2 2 5 1 2509 2545 5313
3977 2 2 5 1 1662 2019 2302
3978 2 2 5 1 465 5386 6042
3979 2 2 5 1 5245 6108 6133
3980 2 2 5 1 1505 1508 6004
3981 2 2 5 1 3415 3413 6015
3982 2 2 5 1 5262 5978 6001
3983 2 2 5 1 5978 2280 6001
3984 2 2 5 1 3283 6032 6033
3985 2 2 5 1 1663 1994 1995
3986 2 2 5 1 2670 2672 6177
3987 2 2 5 1 3713 3711 5121
3988 2 2 5 1 4059 6095 6096
3989 2 2 5 1 3373 3626 6075
3990 2 2 5 1 3489 3521 6020
3991 2 2 5 1 489 5145 6077
3992 2 2 5 1 1802 2023 6185
3993 2 2 5 1 5223 3190 6648
3994 2 2 5 1 3556 3557 6096
3995 2 2 5 1 5130 3545 5980
3996 2 2 5 1 5169 2736 5267
3997 2 2 5 1 489 165 6064
3998 2 2 5 1 5197 3765 6254
3999 2 2 5 1 2469 2474 5168
4000 2 2 5 1 5177 5086 5178
4001 2 2 5 1 4982 4978 4985
4002 2 2 5 1 1606 1605 6044
4003 2 2 5 1 6110 3479 6145
4004 2 2 5 1 1611 1637 5217
4005 2 2 5 1 3584 3585 5199
4006 2 2 5 1 3550 5158 5999
4007 2 2 5 1 1982 1571 2030
4008 2 2 5 1 2073 4530 5078
4009 2 2 5 1 3196 3197 5233
4010 2 2 5 1 6043 514 6054
4011 2 2 5 1 5170 5171 6214
4012 2 2 5 1 2460 2482 5157
4013 2 2 5 1 3906 3926 5209
4014 2 2 5 1 4429 6228 6285
4015 2 2 5 1 6153 3472 6166
4016 2 2 5 1 2620 2676 4159
4017 2 2 5 1 3464 3461 5999
4018 2 2 5 1 3189 3190 5223
4019 2 2 5 1 2670 2618 2672
4020 2 2 5 1 3781 3779 6017
4021 2 2 5 1 1581 1780 6092
4022 2 2 5 1 1995 2754 2958
4023 2 2 5 1 3579 3770 5228
4024 2 2 5 1 2119 5269 6069
4025 2 2 5 1 2292 2063 2920
4026 2 2 5 1 2441 5179 5258
4027 2 2 5 1 3255 3336 5218
4028 2 2 5 1 2642 2547 5083
4029 2 2 5 1 2928 4291 4292
4030 2 2 5 1 3444 3491 5247
4031 2 2 5 1 4539 4540 4541
4032 2 2 5 1 3462 3463 5215
4033 2 2 5 1 2636 5124 5125
4034 2 2 5 1 513 5183 6023
4035 2 2 5 1 2736 2121 5267
4036 2 2 5 1 3970 3781 6017
4037 2 2 5 1 3991 5073 5222
4038 2 2 5 1 1517 1515 5201
4039 2 2 5 1 3565 3522 5228
4040 2 2 5 1 3446 3444 5247
4041 2 2 5 1 2100 1803 5081
4042 2 2 5 1 6057 1689 6135
4043 2 2 5 1 1595 1644 5243
4044 2 2 5 1 4310 3819 5135
4045 2 2 5 1 2877 2101 2878
4046 2 2 5 1 4302 3792 5127
4047 2 2 5 1 3804 3464 5999
4048 2 2 5 1 1829 2086 5185
4049 2 2 5 1 3482 3492 5254
4050 2 2 5 1 3726 3673 3727
4051 2 2 5 1 5220 2462 5221
4052 2 2 5 1 3983 3986 5119
4053 2 2 5 1 5694 514 6053
4054 2 2 5 1 2633 2634 2635
4055 2 2 5 1 2088 5082 5115
4056 2 2 5 1 5386 6043 6054
4057 2 2 5 1 3156 3158 5992
4058 2 2 5 1 2961 5145 6064
4059 2 2 5 1 2298 2300 4335
4060 2 2 5 1 3467 3465 6040
4061 2 2 5 1 3624 3723 5980
4062 2 2 5 1 4084 3681 6056
4063 2 2 5 1 5240 3323 5241
4064 2 2 5 1 2490 2468 5168
4065 2 2 5 1 3411 3453 5315
4066 2 2 5 1 5219 5220 6025
4067 2 2 5 1 3483 3518 6083
4068 2 2 5 1 2093 2091 4238
4069 2 2 5 1 5228 3770 6197
4070 2 2 5 1 1494 1492 1495
4071 2 2 5 1 2719 4738 4815
4072 2 2 5 1 5982 5983 5984
4073 2 2 5 1 3538 3539 5312
4074 2 2 5 1 4292 4291 4293
4075 2 2 5 1 5156 5186 5187
4076 2 2 5 1 5269 2119 6087
4077 2 2 5 1 5263 519 5267
4078 2 2 5 1 3672 3552 6002
4079 2 2 5 1 2541 2534 6212
4080 2 2 5 1 4262 2642 5175
4081 2 2 5 1 3940 3665 3947
4082 2 2 5 1 2641 2547 2642
4083 2 2 5 1 1806 1965 2075
4084 2 2 5 1 5926 4007 6093
4085 2 2 5 1 5158 3804 5999
4086 2 2 5 1 6022 465 6042
4087 2 2 5 1 2625 2535 3030
4088 2 2 5 1 4236 5074 5901
4089 2 2 5 1 3698 3791 6056
4090 2 2 5 1 4481 4474 4482
4091 2 2 5 1 5264 5263 5267
4092 2 2 5 1 2534 2504 2535
4093 2 2 5 1 3453 4062 5315
4094 2 2 5 1 3769 5119 5340
4095 2 2 5 1 3940 4138 5188
4096 2 2 5 1 2021 1803 2022
4097 2 2 5 1 3231 3228 6103
4098 2 2 5 1 6101 3505 6149
4099 2 2 5 1 3553 3556 6002
4100 2 2 5 1 5159 3941 5188
4101 2 2 5 1 4516 2711 5104
4102 2 2 5 1 3733 3763 3765
4103 2 2 5 1 1515 1511 6045
4104 2 2 5 1 5386 465 6043
4105 2 2 5 1 5183 6022 6042
4106 2 2 5 1 6105 3400 6205
4107 2 2 5 1 2902 4288 5126
4108 2 2 5 1 3771 3689 6113
4109 2 2 5 1 2492 2516 6191
4110 2 2 5 1 3884 4031 5245
4111 2 2 5 1 4986 4984 4987
4112 2 2 5 1 4819 3854 6036
4113 2 2 5 1 2738 2683 2739
4114 2 2 5 1 1534 1528 5989
4115 2 2 5 1 3613 3871 5246
4116 2 2 5 1 3158 5207 5992
4117 2 2 5 1 1976 1974 2305
4118 2 2 5 1 3733 3765 5197
4119 2 2 5 1 1796 2293 2294
4120 2 2 5 1 1965 1966 3048
4121 2 2 5 1 2539 2639 2640
4122 2 2 5 1 1498 6176 6221
4123 2 2 5 1 2633 2635 2687
4124 2 2 5 1 2574 2521 2674
4125 2 2 5 1 2092 2091 2093
4126 2 2 5 1 3834 3836 5137
4127 2 2 5 1 1975 1974 1976
4128 2 2 5 1 6055 2961 6064
4129 2 2 5 1 5206 3172 6075
4130 2 2 5 1 2709 1815 2710
4131 2 2 5 1 6143 5200 6152
4132 2 2 5 1 2956 2094 5076
4133 2 2 5 1 2739 2683 3040
4134 2 2 5 1 461 5517 6011
4135 2 2 5 1 3826 4145 5094
4136 2 2 5 1 4188 2684 4189
4137 2 2 5 1 3542 3587 5312
4138 2 2 5 1 6278 3840 6288
4139 2 2 5 1 6170 3518 6188
4140 2 2 5 1 2298 2299 2300
4141 2 2 5 1 5088 3829 5216
4142 2 2 5 1 3724 4033 5146
4143 2 2 5 1 2629 2627 4416
4144 2 2 5 1 4609 4611 4882
4145 2 2 5 1 4983 4982 4984
4146 2 2 5 1 4472 4471 4473
4147 2 2 5 1 2568 2569 2644
4148 2 2 5 1 3939 3886 6238
4149 2 2 5 1 3578 3794 3795
4150 2 2 5 1 3522 3520 5228
4151 2 2 5 1 6234 6033 6247
4152 2 2 5 1 4553 3771 6113
4153 2 2 5 1 1820 1660 1828
4154 2 2 5 1 3794 3429 6009
4155 2 2 5 1 4609 4610 4611
4156 2 2 5 1 2397 2395 2399
4157 2 2 5 1 5947 5994 6011
4158 2 2 5 1 4321 5089 5131
4159 2 2 5 1 5102 2902 5126
4160 2 2 5 1 3932 3715 3935
4161 2 2 5 1 473 176 5270
4162 2 2 5 1 3050 3034 3051
4163 2 2 5 1 3480 3471 5227
4164 2 2 5 1 3961 3960 4327
4165 2 2 5 1 6010 513 6023
4166 2 2 5 1 1483 1671 1672
4167 2 2 5 1 3887 3684 3888
4168 2 2 5 1 3570 3567 6027
4169 2 2 5 1 2521 2514 2522
4170 2 2 5 1 2098 2097 2691
4171 2 2 5 1 3701 3700 3702
4172 2 2 5 1 2626 2523 2665
4173 2 2 5 1 3816 4057 5163
4174 2 2 5 1 2690 4836 4837
4175 2 2 5 1 3815 3812 6134
4176 2 2 5 1 2628 2627 2629
4177 2 2 5 1 1689 1691 6135
4178 2 2 5 1 4067 4068 4069
4179 2 2 5 1 3458 3455 6164
4180 2 2 5 1 3581 3544 3597
4181 2 2 5 1 2023 2021 4425
4182 2 2 5 1 6047 2120 6163
4183 2 2 5 1 3435 3612 6102
4184 2 2 5 1 4354 4608 4609
4185 2 2 5 1 3238 5184 6182
4186 2 2 5 1 3394 6201 6206
4187 2 2 5 1 5183 513 6022
4188 2 2 5 1 5517 6010 6023
4189 2 2 5 1 4199 3913 4808
4190 2 2 5 1 3668 3570 6027
4191 2 2 5 1 2102 1864 2103
4192 2 2 5 1 1575 1577 6092
4193 2 2 5 1 3514 3591 6039
4194 2 2 5 1 3995 3994 3996
4195 2 2 5 1 2096 2098 5107
4196 2 2 5 1 4539 4541 4544
4197 2 2 5 1 1618 1506 6200
4198 2 2 5 1 2421 2423 2424
4199 2 2 5 1 2508 3026 6183
4200 2 2 5 1 3199 5233 6060
4201 2 2 5 1 1973 1882 1974
4202 2 2 5 1 5207 3496 5208
4203 2 2 5 1 3185 3188 5248
4204 2 2 5 1 3826 3828 4145
4205 2 2 5 1 1995 2958 2960
4206 2 2 5 1 2422 2685 2686
4207 2 2 5 1 2920 2063 2922
4208 2 2 5 1 3995 6150 6210
4209 2 2 5 1 4061 5212 5213
4210 2 2 5 1 6076 3811 6091
4211 2 2 5 1 2681 2684 4188
4212 2 2 5 1 2535 2504 5239
4213 2 2 5 1 3988 3991 5222
4214 2 2 5 1 1690 1570 6154
4215 2 2 5 1 2545 2544 2546
4216 2 2 5 1 3823 3825 3826
4217 2 2 5 1 515 5947 5991
4218 2 2 5 1 3040 2683 5106
4219 2 2 5 1 3968 5161 5162
4220 2 2 5 1 2533 2632 2633
4221 2 2 5 1 3217 3219 5255
4222 2 2 5 1 4189 2684 4190
4223 2 2 5 1 1663 1853 1994
4224 2 2 5 1 4977 4978 4981
4225 2 2 5 1 2670 5277 6157
4226 2 2 5 1 3884 4030 4031
4227 2 2 5 1 3566 3559 5103
4228 2 2 5 1 1686 1687 1688
4229 2 2 5 1 5109 5204 5255
4230 2 2 5 1 6265 5977 6270
4231 2 2 5 1 3898 3900 5194
4232 2 2 5 1 3487 3489 6020
4233 2 2 5 1 2539 2615 2639
4234 2 2 5 1 3710 3705 3711
4235 2 2 5 1 4022 3681 4084
4236 2 2 5 1 3154 3155 3156
4237 2 2 5 1 5994 461 6011
4238 2 2 5 1 3795 3798 6061
4239 2 2 5 1 3638 3410 6143
4240 2 2 5 1 3798 5072 5080
4241 2 2 5 1 3943 3941 5159
4242 2 2 5 1 3895 3893 4079
4243 2 2 5 1 3806 3804 5158
4244 2 2 5 1 6003 1779 6004
4245 2 2 5 1 3612 3801 3803
4246 2 2 5 1 3419 3415 6015
4247 2 2 5 1 2305 1974 5087
4248 2 2 5 1 3560 3561 6081
4249 2 2 5 1 4513 4007 4579
4250 2 2 5 1 2062 2099 4554
4251 2 2 5 1 3671 3581 3675
4252 2 2 5 1 2102 2106 5111
4253 2 2 5 1 3931 3715 3932
4254 2 2 5 1 2396 2395 2397
4255 2 2 5 1 6191 2516 6243
4256 2 2 5 1 3963 3866 3964
4257 2 2 5 1 3222 5109 5255
4258 2 2 5 1 5109 4058 5204
4259 2 2 5 1 3774 3439 5202
4260 2 2 5 1 5195 1529 6148
4261 2 2 5 1 3026 2541 3027
4262 2 2 5 1 3412 3497 5917
4263 2 2 5 1 2505 2503 2506
4264 2 2 5 1 3605 3606 3716
4265 2 2 5 1 2727 2639 5225
4266 2 2 5 1 1578 1525 5112
4267 2 2 5 1 3682 3681 4022
4268 2 2 5 1 1523 1520 6057
4269 2 2 5 1 3896 3895 3897
4270 2 2 5 1 3406 3610 5993
4271 2 2 5 1 4552 3771 4553
4272 2 2 5 1 2443 2446 5179
4273 2 2 5 1 1637 1609 6044
4274 2 2 5 1 2732 2884 2885
4275 2 2 5 1 2501 2504 2508
4276 2 2 5 1 2578 2531 2579
4277 2 2 5 1 5216 5079 5821
4278 2 2 5 1 2624 2535 2625
4279 2 2 5 1 2705 2706 2707
4280 2 2 5 1 6228 4429 6235
4281 2 2 5 1 3823 3824 3825
4282 2 2 5 1 1538 1539 1540
4283 2 2 5 1 1530 1531 1532
4284 2 2 5 1 3583 3540 3588
4285 2 2 5 1 3826 3827 3828
4286 2 2 5 1 2105 2104 2297
4287 2 2 5 1 3946 6265 6270
4288 2 2 5 1 4483 4482 4484
4289 2 2 5 1 5274 5275 6001
4290 2 2 5 1 4392 2295 4393
4291 2 2 5 1 5517 461 6010
4292 2 2 5 1 5128 1618 6047
4293 2 2 5 1 2523 2514 5147
4294 2 2 5 1 1463 1464 1465
4295 2 2 5 1 2545 2622 2636
4296 2 2 5 1 3567 3566 6027
4297 2 2 5 1 3036 1840 5114
4298 2 2 5 1 3550 3864 3865
4299 2 2 5 1 6071 3026 6219
4300 2 2 5 1 2695 2625 2718
4301 2 2 5 1 3779 5215 6017
4302 2 2 5 1 3941 3940 5188
4303 2 2 5 1 2297 2104 5084
4304 2 2 5 1 2902 2901 4287
4305 2 2 5 1 3711 3705 3915
4306 2 2 5 1 1611 1609 1637
4307 2 2 5 1 2439 2441 5258
4308 2 2 5 1 5219 2457 5220
4309 2 2 5 1 2652 2579 2653
4310 2 2 5 1 1613 1611 5217
4311 2 2 5 1 4699 4700 4701
4312 2 2 5 1 176 177 5270
4313 2 2 5 1 5265 5266 6069
4314 2 2 5 1 1819 1660 1820
4315 2 2 5 1 2094 2095 2096
4316 2 2 5 1 2506 2503 2507
4317 2 2 5 1 5988 3531 6020
4318 2 2 5 1 1659 1660 1819
4319 2 2 5 1 1631 1494 1632
4320 2 2 5 1 3933 3932 3934
4321 2 2 5 1 2440 2485 5176
4322 2 2 5 1 3424 3422 3478
4323 2 2 5 1 3160 3496 5207
4324 2 2 5 1 2488 2486 2580
4325 2 2 5 1 4531 4532 4533
4326 2 2 5 1 2508 2504 2534
4327 2 2 5 1 4783 2878 4784
4328 2 2 5 1 2484 2539 5086
4329 2 2 5 1 3219 3222 5255
4330 2 2 5 1 3551 3544 3581
4331 2 2 5 1 3968 3896 5161
4332 2 2 5 1 1652 1574 5279
4333 2 2 5 1 3902 3903 3904
4334 2 2 5 1 4236 4235 5067
4335 2 2 5 1 3437 3438 6029
4336 2 2 5 1 3966 3964 5242
4337 2 2 5 1 3265 3503 5203
4338 2 2 5 1 3923 3776 3924
4339 2 2 5 1 3846 3847 3848
4340 2 2 5 1 3914 3806 4054
4341 2 2 5 1 1537 1675 5181
4342 2 2 5 1 1455 1452 1841
4343 2 2 5 1 2524 2523 2626
4344 2 2 5 1 1787 1623 1788
4345 2 2 5 1 3954 3672 3955
4346 2 2 5 1 171 462 5275
4347 2 2 5 1 2476 2439 5258
4348 2 2 5 1 3879 3878 3880
4349 2 2 5 1 4418 4502 4503
4350 2 2 5 1 3959 4059 4060
4351 2 2 5 1 2546 2544 3035
4352 2 2 5 1 3612 3800 3801
4353 2 2 5 1 5134 3815 6199
4354 2 2 5 1 3852 4818 5140
4355 2 2 5 1 5991 5337 5996
4356 2 2 5 1 3602 3960 3961
4357 2 2 5 1 4192 2712 4193
4358 2 2 5 1 2470 2490 2510
4359 2 2 5 1 2678 2677 2679
4360 2 2 5 1 4098 4100 4101
4361 2 2 5 1 2464 2460 5157
4362 2 2 5 1 3578 3795 6061
4363 2 2 5 1 1788 1623 1789
4364 2 2 5 1 4205 3792 4302
4365 2 2 5 1 1527 1525 1578
4366 2 2 5 1 2739 4212 4213
4367 2 2 5 1 3935 3715 5093
4368 2 2 5 1 3701 3702 4053
4369 2 2 5 1 3050 4519 6005
4370 2 2 5 1 4065 6105 6205
4371 2 2 5 1 1634 1617 1642
4372 2 2 5 1 3906 3905 3907
4373 2 2 5 1 3363 3365 3384
4374 2 2 5 1 1442 1448 1449
4375 2 2 5 1 3180 3181 6091
4376 2 2 5 1 3510 3856 3857
4377 2 2 5 1 5335 472 5337
4378 2 2 5 1 3818 3817 3819
4379 2 2 5 1 3733 3734 3763
4380 2 2 5 1 1634 1642 1643
4381 2 2 5 1 1465 1481 5249
4382 2 2 5 1 3625 3623 6013
4383 2 2 5 1 2454 2452 6089
4384 2 2 5 1 1608 1609 1610
4385 2 2 5 1 4290 4289 4698
4386 2 2 5 1 2290 1891 6084
4387 2 2 5 1 3866 3864 6136
4388 2 2 5 1 1473 1429 5237
4389 2 2 5 1 5067 4235 5101
4390 2 2 5 1 1539 1536 6181
4391 2 2 5 1 1820 1829 1830
4392 2 2 5 1 3632 3841 3842
4393 2 2 5 1 3831 3829 5088
4394 2 2 5 1 2509 2399 2544
4395 2 2 5 1 2073 1812 2074
4396 2 2 5 1 3882 3881 3883
4397 2 2 5 1 2875 1976 2876
4398 2 2 5 1 3671 3720 3721
4399 2 2 5 1 1663 1645 1853
4400 2 2 5 1 4288 4287 4289
4401 2 2 5 1 3391 3390 3392
4402 2 2 5 1 1607 1608 1635
4403 2 2 5 1 3986 3988 5120
4404 2 2 5 1 2062 1816 2099
4405 2 2 5 1 3947 3665 6098
4406 2 2 5 1 1522 1523 1524
4407 2 2 5 1 3478 3422 5130
4408 2 2 5 1 3994 3992 4560
4409 2 2 5 1 6188 3518 6216
4410 2 2 5 1 1590 1591 1592
4411 2 2 5 1 5077 1553 6068
4412 2 2 5 1 1688 1796 1797
4413 2 2 5 1 1554 1555 1556
4414 2 2 5 1 1830 1831 1832
4415 2 2 5 1 1629 1500 1645
4416 2 2 5 1 3473 3467 6040
4417 2 2 5 1 3396 3613 5246
4418 2 2 5 1 3716 3606 3717
4419 2 2 5 1 4319 4321 4322
4420 2 2 5 1 2102 5111 6196
4421 2 2 5 1 3873 4267 5230
4422 2 2 5 1 473 5270 6087
4423 2 2 5 1 3465 3589 6040
4424 2 2 5 1 3355 3356 3357
4425 2 2 5 1 478 5290 5291
4426 2 2 5 1 2875 2876 4351
4427 2 2 5 1 3855 3890 3891
4428 2 2 5 1 5947 515 5994
4429 2 2 5 1 3855 3891 3892
4430 2 2 5 1 3628 3630 3631
4431 2 2 5 1 3873 3949 4267
4432 2 2 5 1 1526 1534 5186
4433 2 2 5 1 3972 3943 5159
4434 2 2 5 1 1495 1492 1496
4435 2 2 5 1 2469 2473 2474
4436 2 2 5 1 3996 3994 5097
4437 2 2 5 1 1569 1574 1575
4438 2 2 5 1 4158 3902 5174
4439 2 2 5 1 3580 3439 3774
4440 2 2 5 1 3335 3333 5340
4441 2 2 5 1 177 5268 5270
4442 2 2 5 1 1627 1552 5148
4443 2 2 5 1 3615 3236 5191
4444 2 2 5 1 6037 2287 6168
4445 2 2 5 1 3904 3905 3906
4446 2 2 5 1 4063 3633 6041
4447 2 2 5 1 3942 3941 3943
4448 2 2 5 1 3449 3446 5247
4449 2 2 5 1 3865 3864 3866
4450 2 2 5 1 1833 1831 2027
4451 2 2 5 1 3334 3333 3335
4452 2 2 5 1 1481 1843 1844
4453 2 2 5 1 3561 3559 3566
4454 2 2 5 1 3557 3560 6096
4455 2 2 5 1 3900 3902 4158
4456 2 2 5 1 3965 3964 3966
4457 2 2 5 1 3889 4426 4427
4458 2 2 5 1 1576 1574 1652
4459 2 2 5 1 3698 3697 3773
4460 2 2 5 1 3027 2541 3028
4461 2 2 5 1 1519 1517 1570
4462 2 2 5 1 1481 1842 1843
4463 2 2 5 1 478 5291 5292
4464 2 2 5 1 3560 3559 3561
4465 2 2 5 1 1552 1553 1554
4466 2 2 5 1 3482 3484 3492
4467 2 2 5 1 2096 2097 2098
4468 2 2 5 1 5335 5317 5995
4469 2 2 5 1 2645 3033 3034
4470 2 2 5 1 2651 2579 2652
4471 2 2 5 1 1692 1768 1806
4472 2 2 5 1 3391 3392 3393
4473 2 2 5 1 2728 2727 2729
4474 2 2 5 1 3457 3459 3460
4475 2 2 5 1 3808 3807 3809
4476 2 2 5 1 1558 1559 1560
4477 2 2 5 1 2487 2430 6085
4478 2 2 5 1 3958 3959 5123
4479 2 2 5 1 177 178 5268
4480 2 2 5 1 3604 3548 3697
4481 2 2 5 1 2901 2693 4185
4482 2 2 5 1 3594 3506 3595
4483 2 2 5 1 4076 4071 6112
4484 2 2 5 1 5083 5168 5277
4485 2 2 5 1 3508 3474 3785
4486 2 2 5 1 1886 1671 2017
4487 2 2 5 1 1475 1461 6315
4488 2 2 5 1 3579 3689 3770
4489 2 2 5 1 4061 3835 5212
4490 2 2 5 1 3945 3943 3972
4491 2 2 5 1 3423 3422 3424
4492 2 2 5 1 3850 3849 3851
4493 2 2 5 1 3545 3624 5980
4494 2 2 5 1 3448 3446 3449
4495 2 2 5 1 3603 3548 3604
4496 2 2 5 1 3867 3866 3963
4497 2 2 5 1 163 164 5383
4498 2 2 5 1 5384 6084 6193
4499 2 2 5 1 4074 4072 4078
4500 2 2 5 1 2635 2889 4632
4501 2 2 5 1 4235 4027 5173
4502 2 2 5 1 3718 4631 6113
4503 2 2 5 1 2291 1785 4599
4504 2 2 5 1 4323 5131 5132
4505 2 2 5 1 3361 3362 3363
4506 2 2 5 1 515 5991 5996
4507 2 2 5 1 3908 3716 4029
4508 2 2 5 1 1594 1595 1596
4509 2 2 5 1 3154 3156 3289
4510 2 2 5 1 2570 2495 5170
4511 2 2 5 1 4537 4538 4539
4512 2 2 5 1 3900 3901 3902
4513 2 2 5 1 3812 3811 3813
4514 2 2 5 1 2527 2528 2529
4515 2 2 5 1 2514 2506 5147
4516 2 2 5 1 2686 2685 2703
4517 2 2 5 1 3628 3629 3630
4518 2 2 5 1 3631 3687 3863
4519 2 2 5 1 5225 2689 5226
4520 2 2 5 1 2645 2569 3033
4521 2 2 5 1 5694 5693 6054
4522 2 2 5 1 1456 1455 1482
4523 2 2 5 1 3456 3455 3457
4524 2 2 5 1 1689 1690 1691
4525 2 2 5 1 3572 3731 3732
4526 2 2 5 1 2394 2396 2406
4527 2 2 5 1 3712 3711 3713
4528 2 2 5 1 3852 3854 4818
4529 2 2 5 1 3367 3514 6039
4530 2 2 5 1 3569 3570 3571
4531 2 2 5 1 3889 4428 6239
4532 2 2 5 1 3798 4204 5072
4533 2 2 5 1 3027 3029 3032
4534 2 2 5 1 3925 3834 5137
4535 2 2 5 1 173 492 5261
4536 2 2 5 1 466 168 5272
4537 2 2 5 1 484 179 5263
4538 2 2 5 1 175 473 5271
4539 2 2 5 1 2497 2495 2570
4540 2 2 5 1 2639 2689 5225
4541 2 2 5 1 3830 3829 3831
4542 2 2 5 1 3684 3588 3690
4543 2 2 5 1 2022 1803 2100
4544 2 2 5 1 2492 2480 2493
4545 2 2 5 1 3463 3466 5215
4546 2 2 5 1 3406 3408 3610
4547 2 2 5 1 5275 462 6001
4548 2 2 5 1 3207 3206 3208
4549 2 2 5 1 3889 3888 4426
4550 2 2 5 1 3970 6017 6110
4551 2 2 5 1 5982 5981 5983
4552 2 2 5 1 3475 3482 5254
4553 2 2 5 1 3431 3432 3433
4554 2 2 5 1 3775 3776 3777
4555 2 2 5 1 4098 4099 4100
4556 2 2 5 1 3444 3442 3491
4557 2 2 5 1 4233 4027 4234
4558 2 2 5 1 5172 3250 5218
4559 2 2 5 1 3520 3579 5228
4560 2 2 5 1 2088 2089 2090
4561 2 2 5 1 1546 1544 1547
4562 2 2 5 1 4535 4534 4536
4563 2 2 5 1 2525 2527 2567
4564 2 2 5 1 2468 2466 2469
4565 2 2 5 1 2108 2107 2109
4566 2 2 5 1 5257 473 6087
4567 2 2 5 1 3489 3519 3520
4568 2 2 5 1 3595 3815 6098
4569 2 2 5 1 3805 3804 3806
4570 2 2 5 1 3983 3985 3986
4571 2 2 5 1 3345 3335 3512
4572 2 2 5 1 1620 1569 5166
4573 2 2 5 1 2479 2478 2480
4574 2 2 5 1 4071 4070 4072
4575 2 2 5 1 2022 2101 2877
4576 2 2 5 1 4028 3885 5100
4577 2 2 5 1 3452 3450 3517
4578 2 2 5 1 2094 2093 2095
4579 2 2 5 1 3528 3529 3530
4580 2 2 5 1 5617 5257 6087
4581 2 2 5 1 484 5263 5264
4582 2 2 5 1 147 483 5979
4583 2 2 5 1 3972 5159 5160
4584 2 2 5 1 3795 3797 3798
4585 2 2 5 1 3843 3844 4214
4586 2 2 5 1 3367 3369 3514
4587 2 2 5 1 3889 4427 4428
4588 2 2 5 1 2424 2423 2425
4589 2 2 5 1 1840 1861 2068
4590 2 2 5 1 1588 1589 1590
4591 2 2 5 1 2885 2903 2904
4592 2 2 5 1 1568 1566 1641
4593 2 2 5 1 3495 3193 5240
4594 2 2 5 1 1603 1606 1607
4595 2 2 5 1 2465 2470 5221
4596 2 2 5 1 3391 3393 3395
4597 2 2 5 1 3501 3217 5255
4598 2 2 5 1 1603 1607 6172
4599 2 2 5 1 1813 1812 2073
4600 2 2 5 1 2073 2074 4530
4601 2 2 5 1 170 171 5275
4602 2 2 5 1 2456 2481 5198
4603 2 2 5 1 2571 2547 2641
4604 2 2 5 1 3993 3992 3994
4605 2 2 5 1 5386 5385 6042
4606 2 2 5 1 3457 3455 3458
4607 2 2 5 1 3915 3705 5113
4608 2 2 5 1 4138 3947 4894
4609 2 2 5 1 3428 3426 3429
4610 2 2 5 1 3875 3835 4061
4611 2 2 5 1 4172 3906 5209
4612 2 2 5 1 1556 1557 1558
4613 2 2 5 1 5266 1903 6069
4614 2 2 5 1 3589 3804 3805
4615 2 2 5 1 2580 2486 5192
4616 2 2 5 1 3462 3461 3463
4617 2 2 5 1 1495 1497 1498
4618 2 2 5 1 3489 3520 3521
4619 2 2 5 1 3268 3498 5307
4620 2 2 5 1 3451 3450 3452
4621 2 2 5 1 3834 3835 3836
4622 2 2 5 1 483 526 5979
4623 2 2 5 1 2102 2103 2106
4624 2 2 5 1 2467 2455 5219
4625 2 2 5 1 3809 3807 5211
4626 2 2 5 1 1615 1613 1639
4627 2 2 5 1 2510 2547 2571
4628 2 2 5 1 3471 3469 5227
4629 2 2 5 1 2732 2885 5071
4630 2 2 5 1 5151 5152 5153
4631 2 2 5 1 3894 3893 3895
4632 2 2 5 1 2441 2440 2442
4633 2 2 5 1 2690 2674 4415
4634 2 2 5 1 5128 6047 6163
4635 2 2 5 1 1430 1429 1441
4636 2 2 5 1 3205 3203 3206
4637 2 2 5 1 3463 3465 3466
4638 2 2 5 1 3572 3732 3733
4639 2 2 5 1 3409 3410 3411
4640 2 2 5 1 1570 1517 5201
4641 2 2 5 1 478 5292 5964
4642 2 2 5 1 2501 2502 2504
4643 2 2 5 1 1499 1497 1500
4644 2 2 5 1 3626 3665 3666
4645 2 2 5 1 3447 3446 3448
4646 2 2 5 1 3278 3277 3279
4647 2 2 5 1 4476 4477 4478
4648 2 2 5 1 3399 3397 3400
4649 2 2 5 1 2513 2506 2514
4650 2 2 5 1 3556 3555 3557
4651 2 2 5 1 5261 492 5314
4652 2 2 5 1 4332 3930 4333
4653 2 2 5 1 1537 1538 1572
4654 2 2 5 1 3818 3819 4310
4655 2 2 5 1 1575 1574 1576
4656 2 2 5 1 3585 3633 3634
4657 2 2 5 1 3435 3434 3436
4658 2 2 5 1 1630 1504 1779
4659 2 2 5 1 2428 2427 2429
4660 2 2 5 1 2459 2458 2460
4661 2 2 5 1 3542 3552 3587
4662 2 2 5 1 2431 2432 2433
4663 2 2 5 1 2441 2442 2443
4664 2 2 5 1 1526 1525 1527
4665 2 2 5 1 3363 3364 3365
4666 2 2 5 1 3474 3471 3475
4667 2 2 5 1 3326 3248 5172
4668 2 2 5 1 2538 2537 4476
4669 2 2 5 1 3441 3493 6029
4670 2 2 5 1 3425 3424 3426
4671 2 2 5 1 3795 3796 3797
4672 2 2 5 1 3579 3596 3689
4673 2 2 5 1 4069 4070 4071
4674 2 2 5 1 3944 3943 3945
4675 2 2 5 1 3160 3162 3496
4676 2 2 5 1 4073 4072 4074
4677 2 2 5 1 2447 2449 2450
4678 2 2 5 1 2090 2089 2091
4679 2 2 5 1 2644 2569 2645
4680 2 2 5 1 4894 3947 5134
4681 2 2 5 1 3925 5137 5138
4682 2 2 5 1 3719 3760 4117
4683 2 2 5 1 4319 3966 4320
4684 2 2 5 1 493 86 5280
4685 2 2 5 1 478 76 5290
4686 2 2 5 1 3595 3506 3811
4687 2 2 5 1 1554 1556 1621
4688 2 2 5 1 1516 1515 1517
4689 2 2 5 1 1465 1464 1481
4690 2 2 5 1 1596 1598 1628
4691 2 2 5 1 2450 2451 2483
4692 2 2 5 1 4101 4102 4103
4693 2 2 5 1 92 517 5281
4694 2 2 5 1 3719 3668 3760
4695 2 2 5 1 474 88 5310
4696 2 2 5 1 85 493 5286
4697 2 2 5 1 2444 2442 2486
4698 2 2 5 1 3607 3679 5032
4699 2 2 5 1 1430 1442 1443
4700 2 2 5 1 80 494 5282
4701 2 2 5 1 3769 3584 3982
4702 2 2 5 1 2707 2721 2722
4703 2 2 5 1 1511 1509 6045
4704 2 2 5 1 5248 3188 6052
4705 2 2 5 1 3988 3989 3991
4706 2 2 5 1 1601 1602 1603
4707 2 2 5 1 5337 472 5996
4708 2 2 5 1 3239 3237 5235
4709 2 2 5 1 1567 1566 1568
4710 2 2 5 1 3441 3442 3443
4711 2 2 5 1 1789 1623 5195
4712 2 2 5 1 3180 3177 3181
4713 2 2 5 1 3775 3774 3776
4714 2 2 5 1 3372 3214 5276
4715 2 2 5 1 3818 4310 4311
4716 2 2 5 1 3773 4058 5136
4717 2 2 5 1 3221 3223 5236
4718 2 2 5 1 43 464 5304
4719 2 2 5 1 1466 1465 1467
4720 2 2 5 1 3631 3686 3687
4721 2 2 5 1 2492 2493 2494
4722 2 2 5 1 3693 3611 3784
4723 2 2 5 1 3433 3435 6102
4724 2 2 5 1 3958 3957 3959
4725 2 2 5 1 3255 3254 3259
4726 2 2 5 1 2433 2432 2434
4727 2 2 5 1 2447 2450 5177
4728 2 2 5 1 2007 2006 2719
4729 2 2 5 1 3969 3781 3970
4730 2 2 5 1 2436 2435 2437
4731 2 2 5 1 1601 1600 1602
4732 2 2 5 1 3937 3967 4344
4733 2 2 5 1 3443 3442 3444
4734 2 2 5 1 3608 3570 3668
4735 2 2 5 1 3361 3360 3362
4736 2 2 5 1 178 484 5268
4737 2 2 5 1 3724 4032 4033
4738 2 2 5 1 3536 3609 5244
4739 2 2 5 1 4981 4978 4982
4740 2 2 5 1 1614 1613 1615
4741 2 2 5 1 2469 2472 2473
4742 2 2 5 1 1504 1503 1505
4743 2 2 5 1 2450 2483 2484
4744 2 2 5 1 3266 3265 3267
4745 2 2 5 1 3234 3233 3235
4746 2 2 5 1 147 148 483
4747 2 2 5 1 3848 3849 3850
4748 2 2 5 1 2645 3034 3049
4749 2 2 5 1 5183 2282 6023
4750 2 2 5 1 3780 3782 3783
4751 2 2 5 1 3942 3943 3944
4752 2 2 5 1 3814 3816 3817
4753 2 2 5 1 5286 493 5287
4754 2 2 5 1 3585 3634 3636
4755 2 2 5 1 2498 2500 2501
4756 2 2 5 1 5282 494 5283
4757 2 2 5 1 2479 2491 2517
4758 2 2 5 1 2469 2466 2472
4759 2 2 5 1 1521 1522 1533
4760 2 2 5 1 4351 4352 4353
4761 2 2 5 1 3541 3540 3583
4762 2 2 5 1 3272 3273 3274
4763 2 2 5 1 2681 2682 2684
4764 2 2 5 1 2525 2526 2527
4765 2 2 5 1 2712 2711 4186
4766 2 2 5 1 3240 3242 3283
4767 2 2 5 1 3760 3793 4413
4768 2 2 5 1 4322 4321 4323
4769 2 2 5 1 3463 3461 3464
4770 2 2 5 1 4081 3784 4082
4771 2 2 5 1 462 172 5261
4772 2 2 5 1 3773 3697 4058
4773 2 2 5 1 90 486 5309
4774 2 2 5 1 169 491 5272
4775 2 2 5 1 180 519 5263
4776 2 2 5 1 492 174 5271
4777 2 2 5 1 5303 42 5304
4778 2 2 5 1 3181 3177 3182
4779 2 2 5 1 3626 3594 3665
4780 2 2 5 1 5288 5289 5290
4781 2 2 5 1 3184 3183 3185
4782 2 2 5 1 1817 1816 2062
4783 2 2 5 1 6165 2291 6180
4784 2 2 5 1 3872 3640 6152
4785 2 2 5 1 1508 1507 1509
4786 2 2 5 1 2294 2295 4392
4787 2 2 5 1 3398 3397 3399
4788 2 2 5 1 5220 5221 6025
4789 2 2 5 1 3164 3166 3340
4790 2 2 5 1 5989 5181 5990
4791 2 2 5 1 3506 3180 6091
4792 2 2 5 1 3585 3636 5199
4793 2 2 5 1 1532 1536 1537
4794 2 2 5 1 3508 3785 3786
4795 2 2 5 1 3528 3530 3532
4796 2 2 5 1 3535 3534 5096
4797 2 2 5 1 4478 4728 4729
4798 2 2 5 1 3393 3394 3396
4799 2 2 5 1 3639 3640 3724
4800 2 2 5 1 3876 3886 3939
4801 2 2 5 1 3264 3265 3266
4802 2 2 5 1 1516 1517 1518
4803 2 2 5 1 2465 2463 2466
4804 2 2 5 1 4322 4323 4324
4805 2 2 5 1 3191 3189 3192
4806 2 2 5 1 1550 1551 1552
4807 2 2 5 1 3724 3725 4032
4808 2 2 5 1 31 496 5322
4809 2 2 5 1 3775 3777 3778
4810 2 2 5 1 3431 3433 3490
4811 2 2 5 1 2455 2456 2457
4812 2 2 5 1 1616 1617 1633
4813 2 2 5 1 3412 3411 3413
4814 2 2 5 1 3438 3441 6029
4815 2 2 5 1 3279 3277 3381
4816 2 2 5 1 2451 2452 2453
4817 2 2 5 1 3892 3893 3894
4818 2 2 5 1 5166 1575 6092
4819 2 2 5 1 3235 3233 3236
4820 2 2 5 1 1545 1544 1546
4821 2 2 5 1 3344 3335 3345
4822 2 2 5 1 3769 3983 5119
4823 2 2 5 1 1548 1547 1549
4824 2 2 5 1 467 163 5383
4825 2 2 5 1 3221 3220 3223
4826 2 2 5 1 3597 3544 5110
4827 2 2 5 1 3632 3842 3843
4828 2 2 5 1 3536 3537 3538
4829 2 2 5 1 2522 2514 2523
4830 2 2 5 1 41 42 5303
4831 2 2 5 1 1783 1781 1784
4832 2 2 5 1 2461 2460 2464
4833 2 2 5 1 3850 3851 3852
4834 2 2 5 1 3539 3537 3540
4835 2 2 5 1 1451 1450 1452
4836 2 2 5 1 3780 3779 3781
4837 2 2 5 1 2053 2054 4239
4838 2 2 5 1 5290 5289 5291
4839 2 2 5 1 3484 3485 3486
4840 2 2 5 1 164 165 489
4841 2 2 5 1 3248 3249 3250
4842 2 2 5 1 3240 3241 3242
4843 2 2 5 1 1643 1642 1812
4844 2 2 5 1 3272 3354 6007
4845 2 2 5 1 4063 6041 6058
4846 2 2 5 1 4051 3880 4052
4847 2 2 5 1 2494 2493 2495
4848 2 2 5 1 2429 2431 2511
4849 2 2 5 1 3227 3226 3228
4850 2 2 5 1 2429 2427 2430
4851 2 2 5 1 450 5285 5288
4852 2 2 5 1 3933 4050 4906
4853 2 2 5 1 491 170 5275
4854 2 2 5 1 178 179 484
4855 2 2 5 1 180 181 519
4856 2 2 5 1 169 170 491
4857 2 2 5 1 171 172 462
4858 2 2 5 1 167 168 466
4859 2 2 5 1 173 174 492
4860 2 2 5 1 175 176 473
4861 2 2 5 1 145 146 518
4862 2 2 5 1 2021 2022 6262
4863 2 2 5 1 3482 3483 3484
4864 2 2 5 1 3512 3335 5340
4865 2 2 5 1 3819 3822 5135
4866 2 2 5 1 3222 3221 3224
4867 2 2 5 1 3049 3034 3050
4868 2 2 5 1 3983 3984 3985
4869 2 2 5 1 1533 1522 5156
4870 2 2 5 1 3952 3950 4065
4871 2 2 5 1 3450 3449 5092
4872 2 2 5 1 3772 3771 4552
4873 2 2 5 1 3816 5163 6099
4874 2 2 5 1 1532 1535 1536
4875 2 2 5 1 5318 49 5324
4876 2 2 5 1 5262 5261 5314
4877 2 2 5 1 3937 4344 4419
4878 2 2 5 1 5320 5318 5324
4879 2 2 5 1 5272 491 5273
4880 2 2 5 1 2663 2664 2930
4881 2 2 5 1 3453 3639 4062
4882 2 2 5 1 462 5261 5262
4883 2 2 5 1 3786 3785 3787
4884 2 2 5 1 3693 3784 4081
4885 2 2 5 1 3413 3411 5315
4886 2 2 5 1 3411 3410 3453
4887 2 2 5 1 4354 4355 4608
4888 2 2 5 1 1596 1597 1598
4889 2 2 5 1 1582 1583 1584
4890 2 2 5 1 3571 3570 3608
4891 2 2 5 1 3482 3481 3483
4892 2 2 5 1 5288 5285 5289
4893 2 2 5 1 3244 3243 3245
4894 2 2 5 1 3451 3454 3505
4895 2 2 5 1 2447 2448 2449
4896 2 2 5 1 3340 3166 5206
4897 2 2 5 1 3880 6170 6188
4898 2 2 5 1 498 37 5296
4899 2 2 5 1 2622 2623 2663
4900 2 2 5 1 3873 3872 3874
4901 2 2 5 1 45 499 5298
4902 2 2 5 1 3678 3672 3954
4903 2 2 5 1 2053 1467 2054
4904 2 2 5 1 52 495 5295
4905 2 2 5 1 40 497 5300
4906 2 2 5 1 3508 6000 6145
4907 2 2 5 1 5102 1625 6218
4908 2 2 5 1 2457 2456 2458
4909 2 2 5 1 3193 3192 3194
4910 2 2 5 1 1624 1555 5077
4911 2 2 5 1 3202 3201 3203
4912 2 2 5 1 47 471 5305
4913 2 2 5 1 3192 3189 5223
4914 2 2 5 1 3933 3934 4050
4915 2 2 5 1 2479 2480 2491
4916 2 2 5 1 3557 3555 3558
4917 2 2 5 1 3723 3722 3762
4918 2 2 5 1 1780 1781 1782
4919 2 2 5 1 3986 3987 3988
4920 2 2 5 1 2460 2458 2482
4921 2 2 5 1 1510 1512 1573
4922 2 2 5 1 77 5288 5290
4923 2 2 5 1 3502 3462 3779
4924 2 2 5 1 75 76 478
4925 2 2 5 1 3767 3768 4026
4926 2 2 5 1 1633 1617 1634
4927 2 2 5 1 3542 3543 3552
4928 2 2 5 1 450 79 5282
4929 2 2 5 1 87 474 5280
4930 2 2 5 1 89 5309 5310
4931 2 2 5 1 76 77 5290
4932 2 2 5 1 3538 3537 3539
4933 2 2 5 1 486 91 5281
4934 2 2 5 1 468 84 5286
4935 2 2 5 1 2904 2926 2927
4936 2 2 5 1 78 450 5288
4937 2 2 5 1 3406 3407 3408
4938 2 2 5 1 472 5335 5995
4939 2 2 5 1 4509 2296 4510
4940 2 2 5 1 3156 3157 3158
4941 2 2 5 1 498 5296 5297
4942 2 2 5 1 3851 5105 6078
4943 2 2 5 1 1610 1609 1611
4944 2 2 5 1 3176 3173 3177
4945 2 2 5 1 5300 497 5301
4946 2 2 5 1 1513 1515 1516
4947 2 2 5 1 148 149 524
4948 2 2 5 1 3042 2299 6066
4949 2 2 5 1 3230 3228 3231
4950 2 2 5 1 3466 3467 3468
4951 2 2 5 1 2439 2440 2441
4952 2 2 5 1 3463 3464 3465
4953 2 2 5 1 5282 5283 5284
4954 2 2 5 1 2478 2477 2530
4955 2 2 5 1 3963 3964 3965
4956 2 2 5 1 3959 4060 4268
4957 2 2 5 1 5292 5291 5293
4958 2 2 5 1 3704 3705 3710
4959 2 2 5 1 3421 3420 3422
4960 2 2 5 1 3486 3485 3487
4961 2 2 5 1 1509 1507 5128
4962 2 2 5 1 42 43 5304
4963 2 2 5 1 3396 3397 3398
4964 2 2 5 1 3185 3187 3188
4965 2 2 5 1 3164 3165 3166
4966 2 2 5 1 3956 3955 3957
4967 2 2 5 1 3427 3426 3428
4968 2 2 5 1 1581 1580 1582
4969 2 2 5 1 1550 1552 1627
4970 2 2 5 1 164 489 5383
4971 2 2 5 1 5120 3988 5222
4972 2 2 5 1 3470 3469 3471
4973 2 2 5 1 1672 1671 1886
4974 2 2 5 1 3425 3426 3427
4975 2 2 5 1 3624 3722 3723
4976 2 2 5 1 3405 3403 5200
4977 2 2 5 1 3343 3207 5213
4978 2 2 5 1 1691 1692 1693
4979 2 2 5 1 2402 2399 2509
4980 2 2 5 1 3240 3239 3241
4981 2 2 5 1 3223 3220 3338
4982 2 2 5 1 3628 3627 3629
4983 2 2 5 1 50 482 5324
4984 2 2 5 1 85 86 493
4985 2 2 5 1 89 90 5309
4986 2 2 5 1 92 93 517
4987 2 2 5 1 78 79 450
4988 2 2 5 1 80 81 494
4989 2 2 5 1 87 88 474
4990 2 2 5 1 90 91 486
4991 2 2 5 1 83 84 468
4992 2 2 5 1 172 173 5261
4993 2 2 5 1 3873 3874 3949
4994 2 2 5 1 168 169 5272
4995 2 2 5 1 3724 3640 3725
4996 2 2 5 1 179 180 5263
4997 2 2 5 1 1548 1549 1550
4998 2 2 5 1 174 175 5271
4999 2 2 5 1 2475 2473 2477
5000 2 2 5 1 1505 1503 1506
5001 2 2 5 1 3198 3196 3199
5002 2 2 5 1 3261 3259 3380
5003 2 2 5 1 3228 3226 3229
5004 2 2 5 1 3348 3584 3769
5005 2 2 5 1 3217 3218 3219
5006 2 2 5 1 3203 3201 3204
5007 2 2 5 1 165 166 6064
5008 2 2 5 1 3769 3982 3983
5009 2 2 5 1 1501 1500 1629
5010 2 2 5 1 3487 3485 3488
5011 2 2 5 1 1683 1684 1685
5012 2 2 5 1 1672 1887 1888
5013 2 2 5 1 3803 3801 3998
5014 2 2 5 1 3185 3183 3186
5015 2 2 5 1 450 5282 5284
5016 2 2 5 1 2122 528 5317
5017 2 2 5 1 5238 4084 6056
5018 2 2 5 1 497 41 5303
5019 2 2 5 1 5149 3784 5988
5020 2 2 5 1 1430 1441 1442
5021 2 2 5 1 2494 2496 6071
5022 2 2 5 1 5334 2982 5373
5023 2 2 5 1 3160 3159 3161
5024 2 2 5 1 3613 3869 3871
5025 2 2 5 1 3404 3403 3405
5026 2 2 5 1 1463 1465 1466
5027 2 2 5 1 3418 3419 3420
5028 2 2 5 1 2488 2580 2581
5029 2 2 5 1 3224 3221 5236
5030 2 2 5 1 3733 3732 3734
5031 2 2 5 1 484 5264 5265
5032 2 2 5 1 1821 1779 1822
5033 2 2 5 1 4699 4698 4700
5034 2 2 5 1 1502 1503 1504
5035 2 2 5 1 3712 3713 3714
5036 2 2 5 1 3417 3418 6082
5037 2 2 5 1 1560 1562 1565
5038 2 2 5 1 3613 3868 3869
5039 2 2 5 1 3344 3355 3573
5040 2 2 5 1 2889 4261 4895
5041 2 2 5 1 3521 3520 3522
5042 2 2 5 1 3428 3430 3431
5043 2 2 5 1 1453 1452 1455
5044 2 2 5 1 1512 1513 1514
5045 2 2 5 1 2928 2926 4291
5046 2 2 5 1 3553 3554 3555
5047 2 2 5 1 3939 6238 6267
5048 2 2 5 1 2425 2423 2426
5049 2 2 5 1 3346 3236 3615
5050 2 2 5 1 1590 1589 1591
5051 2 2 5 1 2902 4287 4288
5052 2 2 5 1 1587 1585 1636
5053 2 2 5 1 1612 1611 1613
5054 2 2 5 1 490 27 5311
5055 2 2 5 1 4082 3784 5149
5056 2 2 5 1 3237 3236 3346
5057 2 2 5 1 464 44 5298
5058 2 2 5 1 3402 3403 3404
5059 2 2 5 1 3469 3467 3473
5060 2 2 5 1 3225 3224 3226
5061 2 2 5 1 499 46 5305
5062 2 2 5 1 28 456 5311
5063 2 2 5 1 482 51 5295
5064 2 2 5 1 38 452 5296
5065 2 2 5 1 471 48 5318
5066 2 2 5 1 3166 3167 3172
5067 2 2 5 1 452 39 5300
5068 2 2 5 1 5321 30 5322
5069 2 2 5 1 456 29 5321
5070 2 2 5 1 3445 3446 3447
5071 2 2 5 1 3164 3163 3165
5072 2 2 5 1 1510 1509 1511
5073 2 2 5 1 5496 5785 5938
5074 2 2 5 1 3272 3271 3273
5075 2 2 5 1 88 89 5310
5076 2 2 5 1 2122 5317 5335
5077 2 2 5 1 608 586 5359
5078 2 2 5 1 84 85 5286
5079 2 2 5 1 86 87 5280
5080 2 2 5 1 91 92 5281
5081 2 2 5 1 2453 2454 2455
5082 2 2 5 1 2692 2691 2693
5083 2 2 5 1 79 80 5282
5084 2 2 5 1 3531 3487 6020
5085 2 2 5 1 5316 862 5496
5086 2 2 5 1 77 78 5288
5087 2 2 5 1 3214 3213 3215
5088 2 2 5 1 5495 2963 5942
5089 2 2 5 1 5325 608 5359
5090 2 2 5 1 467 5383 5384
5091 2 2 5 1 3268 3267 3269
5092 2 2 5 1 3466 3468 3479
5093 2 2 5 1 26 27 490
5094 2 2 5 1 3357 3358 3359
5095 2 2 5 1 1788 1789 1802
5096 2 2 5 1 1768 1690 6154
5097 2 2 5 1 3527 3526 3528
5098 2 2 5 1 3523 3522 3524
5099 2 2 5 1 27 28 5311
5100 2 2 5 1 1911 2028 5963
5101 2 2 5 1 3612 3437 3800
5102 2 2 5 1 3214 3215 3216
5103 2 2 5 1 1840 1632 1861
5104 2 2 5 1 3420 3419 3545
5105 2 2 5 1 2731 2730 2732
5106 2 2 5 1 5333 5334 5373
5107 2 2 5 1 2475 2477 2478
5108 2 2 5 1 3232 3233 3234
5109 2 2 5 1 3547 3501 3548
5110 2 2 5 1 2437 2439 2476
5111 2 2 5 1 3717 3606 4055
5112 2 2 5 1 3928 3929 3930
5113 2 2 5 1 3333 3332 3348
5114 2 2 5 1 862 5316 5495
5115 2 2 5 1 2086 4853 5185
5116 2 2 5 1 36 37 498
5117 2 2 5 1 33 34 454
5118 2 2 5 1 47 48 471
5119 2 2 5 1 54 55 523
5120 2 2 5 1 40 41 497
5121 2 2 5 1 28 29 456
5122 2 2 5 1 31 32 496
5123 2 2 5 1 38 39 452
5124 2 2 5 1 43 44 464
5125 2 2 5 1 45 46 499
5126 2 2 5 1 3502 3779 3780
5127 2 2 5 1 1872 5326 5328
5128 2 2 5 1 3454 3455 3456
5129 2 2 5 1 50 51 482
5130 2 2 5 1 52 53 495
5131 2 2 5 1 3209 3210 3212
5132 2 2 5 1 30 31 5322
5133 2 2 5 1 3278 3280 3504
5134 2 2 5 1 3698 3773 3790
5135 2 2 5 1 5947 5946 5991
5136 2 2 5 1 1806 1807 1965
5137 2 2 5 1 74 75 5964
5138 2 2 5 1 3268 3269 3270
5139 2 2 5 1 1760 1911 5333
5140 2 2 5 1 5178 5086 6021
5141 2 2 5 1 4051 4052 4097
5142 2 2 5 1 499 5305 5306
5143 2 2 5 1 464 5298 5299
5144 2 2 5 1 3807 3408 5917
5145 2 2 5 1 1481 1464 1842
5146 2 2 5 1 2904 2903 2925
5147 2 2 5 1 3176 3177 3180
5148 2 2 5 1 3834 3833 3835
5149 2 2 5 1 2952 5323 5341
5150 2 2 5 1 471 5318 5319
5151 2 2 5 1 3260 3259 3261
5152 2 2 5 1 3440 3439 3580
5153 2 2 5 1 5326 2964 5328
5154 2 2 5 1 2278 5631 5978
5155 2 2 5 1 3272 3274 3354
5156 2 2 5 1 3199 3196 5233
5157 2 2 5 1 3819 3817 3821
5158 2 2 5 1 5370 1054 5371
5159 2 2 5 1 3193 3194 3195
5160 2 2 5 1 3207 3208 3209
5161 2 2 5 1 3156 3155 3157
5162 2 2 5 1 586 588 5359
5163 2 2 5 1 3884 3882 4030
5164 2 2 5 1 3832 3833 3834
5165 2 2 5 1 49 50 5324
5166 2 2 5 1 3161 3159 3370
5167 2 2 5 1 1450 1448 1470
5168 2 2 5 1 1441 1429 1473
5169 2 2 5 1 48 49 5318
5170 2 2 5 1 2509 2544 2545
5171 2 2 5 1 1603 1602 1605
5172 2 2 5 1 483 148 524
5173 2 2 5 1 3991 3992 3993
5174 2 2 5 1 5981 1830 5986
5175 2 2 5 1 3437 3436 3438
5176 2 2 5 1 3230 3231 3232
5177 2 2 5 1 3268 3270 3498
5178 2 2 5 1 1160 5413 5461
5179 2 2 5 1 2131 1849 5341
5180 2 2 5 1 1560 1559 1561
5181 2 2 5 1 3469 3473 5227
5182 2 2 5 1 2671 2628 2673
5183 2 2 5 1 2885 2884 2903
5184 2 2 5 1 1849 2952 5341
5185 2 2 5 1 2633 2632 2634
5186 2 2 5 1 3487 3488 3489
5187 2 2 5 1 5368 1054 5370
5188 2 2 5 1 2453 2455 2467
5189 2 2 5 1 5333 1911 5334
5190 2 2 5 1 3365 3367 3368
5191 2 2 5 1 44 45 5298
5192 2 2 5 1 37 38 5296
5193 2 2 5 1 862 5495 5942
5194 2 2 5 1 39 40 5300
5195 2 2 5 1 608 5325 5642
5196 2 2 5 1 2133 5344 5427
5197 2 2 5 1 2498 2497 2499
5198 2 2 5 1 3780 3781 3782
5199 2 2 5 1 1160 5403 5413
5200 2 2 5 1 51 52 5295
5201 2 2 5 1 5273 491 5274
5202 2 2 5 1 2143 5414 5415
5203 2 2 5 1 29 30 5321
5204 2 2 5 1 3189 3187 3190
5205 2 2 5 1 2974 5347 5535
5206 2 2 5 1 5808 815 5936
5207 2 2 5 1 46 47 5305
5208 2 2 5 1 5872 5654 5894
5209 2 2 5 1 146 147 5979
5210 2 2 5 1 3828 3829 3830
5211 2 2 5 1 528 525 5317
5212 2 2 5 1 3589 3464 3804
5213 2 2 5 1 3569 3571 3572
5214 2 2 5 1 1582 1580 1583
5215 2 2 5 1 5329 1761 5332
5216 2 2 5 1 1761 1760 5333
5217 2 2 5 1 3523 3524 3525
5218 2 2 5 1 2484 2483 2532
5219 2 2 5 1 2982 5334 5849
5220 2 2 5 1 3438 3436 3439
5221 2 2 5 1 608 5642 5741
5222 2 2 5 1 5301 497 5302
5223 2 2 5 1 862 592 5496
5224 2 2 5 1 1049 1050 5920
5225 2 2 5 1 3587 3552 3672
5226 2 2 5 1 2143 5413 5414
5227 2 2 5 1 1586 1588 1626
5228 2 2 5 1 3244 3245 3246
5229 2 2 5 1 5345 2135 5431
5230 2 2 5 1 5403 1160 5559
5231 2 2 5 1 592 595 5496
5232 2 2 5 1 5681 2169 5881
5233 2 2 5 1 1080 5342 5450
5234 2 2 5 1 5354 2131 5355
5235 2 2 5 1 5328 2964 5469
5236 2 2 5 1 2967 5354 5355
5237 2 2 5 1 1761 5329 5372
5238 2 2 5 1 6170 3878 6190
5239 2 2 5 1 2681 2680 2682
5240 2 2 5 1 2732 2730 2884
5241 2 2 5 1 1054 1052 5371
5242 2 2 5 1 3274 3273 3275
5243 2 2 5 1 4318 3966 4319
5244 2 2 5 1 5642 5434 5741
5245 2 2 5 1 5543 5553 5688
5246 2 2 5 1 1080 5697 5794
5247 2 2 5 1 5469 1079 5510
5248 2 2 5 1 1695 5432 5913
5249 2 2 5 1 1167 5434 5793
5250 2 2 5 1 5785 1713 5938
5251 2 2 5 1 3219 3218 3220
5252 2 2 5 1 1756 1761 5372
5253 2 2 5 1 5401 5403 5559
5254 2 2 5 1 5316 5496 5938
5255 2 2 5 1 1052 1055 5371
5256 2 2 5 1 2028 5366 5963
5257 2 2 5 1 2896 5505 5748
5258 2 2 5 1 5610 3010 5674
5259 2 2 5 1 5331 5904 5932
5260 2 2 5 1 1543 1541 1622
5261 2 2 5 1 3927 3907 4080
5262 2 2 5 1 5434 1167 5741
5263 2 2 5 1 5793 5555 5827
5264 2 2 5 1 2446 2445 2447
5265 2 2 5 1 5413 2143 5461
5266 2 2 5 1 1167 5793 5827
5267 2 2 5 1 5336 5356 5949
5268 2 2 5 1 2131 5341 5355
5269 2 2 5 1 1814 1813 1815
5270 2 2 5 1 1542 1544 1545
5271 2 2 5 1 2967 5351 5354
5272 2 2 5 1 450 5284 5285
5273 2 2 5 1 5360 1079 5469
5274 2 2 5 1 5342 1080 5794
5275 2 2 5 1 3488 3485 6083
5276 2 2 5 1 1498 1497 1499
5277 2 2 5 1 3851 3849 5105
5278 2 2 5 1 617 5840 5859
5279 2 2 5 1 5352 5363 5725
5280 2 2 5 1 5904 5432 5932
5281 2 2 5 1 679 5401 5559
5282 2 2 5 1 1754 1756 5372
5283 2 2 5 1 3248 3247 3249
5284 2 2 5 1 5351 2967 5362
5285 2 2 5 1 5409 5408 5410
5286 2 2 5 1 2498 2501 6183
5287 2 2 5 1 1689 1570 1690
5288 2 2 5 1 5342 5343 5450
5289 2 2 5 1 1495 1496 1497
5290 2 2 5 1 3846 3845 3847
5291 2 2 5 1 3222 3224 3225
5292 2 2 5 1 790 770 5769
5293 2 2 5 1 3524 3522 3565
5294 2 2 5 1 1581 1582 1599
5295 2 2 5 1 4269 4060 4270
5296 2 2 5 1 1910 2967 5355
5297 2 2 5 1 484 5265 5268
5298 2 2 5 1 1256 2210 5348
5299 2 2 5 1 5365 1713 5922
5300 2 2 5 1 2971 5345 5431
5301 2 2 5 1 5358 2971 5755
5302 2 2 5 1 5432 5345 5913
5303 2 2 5 1 5265 5264 5266
5304 2 2 5 1 2999 2229 5924
5305 2 2 5 1 2437 2435 2438
5306 2 2 5 1 5350 837 5465
5307 2 2 5 1 1752 1754 5856
5308 2 2 5 1 1071 5702 5772
5309 2 2 5 1 1713 5365 5938
5310 2 2 5 1 2238 5349 5419
5311 2 2 5 1 5407 5408 5409
5312 2 2 5 1 5343 5648 5786
5313 2 2 5 1 4603 6278 6288
5314 2 2 5 1 5807 5394 5819
5315 2 2 5 1 5450 5343 5786
5316 2 2 5 1 1049 5610 5674
5317 2 2 5 1 1811 1294 5847
5318 2 2 5 1 2131 5354 5430
5319 2 2 5 1 5840 5339 5859
5320 2 2 5 1 5361 5391 5392
5321 2 2 5 1 2678 2680 2681
5322 2 2 5 1 5332 1761 5333
5323 2 2 5 1 3184 3185 5248
5324 2 2 5 1 3185 3186 3187
5325 2 2 5 1 1625 5214 6218
5326 2 2 5 1 679 5399 5401
5327 2 2 5 1 5374 1762 5637
5328 2 2 5 1 617 5555 5840
5329 2 2 5 1 1426 1429 1430
5330 2 2 5 1 2425 2426 2427
5331 2 2 5 1 2135 5345 5432
5332 2 2 5 1 2896 4830 5505
5333 2 2 5 1 1256 5348 5416
5334 2 2 5 1 1451 1454 6024
5335 2 2 5 1 2124 1910 5355
5336 2 2 5 1 2229 5382 5924
5337 2 2 5 1 2238 5348 5349
5338 2 2 5 1 5447 5607 5850
5339 2 2 5 1 2517 2618 2670
5340 2 2 5 1 5555 617 5827
5341 2 2 5 1 5319 5318 5320
5342 2 2 5 1 1300 1299 5346
5343 2 2 5 1 3238 3237 3239
5344 2 2 5 1 1079 5360 5764
5345 2 2 5 1 5885 2257 5907
5346 2 2 5 1 800 5396 5419
5347 2 2 5 1 1757 5921 5937
5348 2 2 5 1 5778 2953 5814
5349 2 2 5 1 5543 2192 5553
5350 2 2 5 1 2074 1812 6217
5351 2 2 5 1 2427 2426 6085
5352 2 2 5 1 2086 2296 4509
5353 2 2 5 1 1023 954 5357
5354 2 2 5 1 5352 5351 5362
5355 2 2 5 1 5451 5900 5906
5356 2 2 5 1 1296 1298 5845
5357 2 2 5 1 5424 2133 5427
5358 2 2 5 1 5548 5459 5893
5359 2 2 5 1 1248 2169 5681
5360 2 2 5 1 2996 5789 5809
5361 2 2 5 1 5826 1030 5882
5362 2 2 5 1 5508 5408 5891
5363 2 2 5 1 3525 3524 3526
5364 2 2 5 1 5328 5469 5510
5365 2 2 5 1 808 5358 5755
5366 2 2 5 1 5784 5651 5842
5367 2 2 5 1 1762 5445 5637
5368 2 2 5 1 5505 2907 5748
5369 2 2 5 1 5348 2210 5349
5370 2 2 5 1 5399 679 5482
5371 2 2 5 1 2953 1989 5814
5372 2 2 5 1 5379 2245 5738
5373 2 2 5 1 5473 3006 5880
5374 2 2 5 1 2470 2468 2490
5375 2 2 5 1 1751 1762 5374
5376 2 2 5 1 3417 3415 3418
5377 2 2 5 1 773 5543 5688
5378 2 2 5 1 5378 1701 5380
5379 2 2 5 1 2122 5335 5336
5380 2 2 5 1 2973 2974 5535
5381 2 2 5 1 1009 842 5527
5382 2 2 5 1 5421 2999 5924
5383 2 2 5 1 3433 3434 3435
5384 2 2 5 1 670 668 5415
5385 2 2 5 1 2216 5437 5782
5386 2 2 5 1 5396 2238 5419
5387 2 2 5 1 1754 5372 5856
5388 2 2 5 1 5344 2133 5436
5389 2 2 5 1 1912 1306 5738
5390 2 2 5 1 5361 5392 5618
5391 2 2 5 1 5721 5484 5777
5392 2 2 5 1 5380 5640 5663
5393 2 2 5 1 1738 5766 5839
5394 2 2 5 1 3607 3531 3611
5395 2 2 5 1 5783 5787 5868
5396 2 2 5 1 668 2143 5415
5397 2 2 5 1 5343 5465 5648
5398 2 2 5 1 5375 1068 5376
5399 2 2 5 1 1668 1667 5507
5400 2 2 5 1 5855 1930 5916
5401 2 2 5 1 5347 5346 5535
5402 2 2 5 1 2971 5431 5755
5403 2 2 5 1 770 5464 5769
5404 2 2 5 1 3719 4117 4118
5405 2 2 5 1 5655 2977 5659
5406 2 2 5 1 1058 1060 5376
5407 2 2 5 1 5353 5352 5725
5408 2 2 5 1 2232 5350 5465
5409 2 2 5 1 5966 5364 5967
5410 2 2 5 1 837 5350 5607
5411 2 2 5 1 5463 2220 5546
5412 2 2 5 1 2973 5535 5721
5413 2 2 5 1 2142 1743 5472
5414 2 2 5 1 5446 2997 5886
5415 2 2 5 1 5352 5362 5363
5416 2 2 5 1 2012 4714 5440
5417 2 2 5 1 5331 2125 5904
5418 2 2 5 1 1721 5707 5811
5419 2 2 5 1 5654 1168 5894
5420 2 2 5 1 5789 1243 5809
5421 2 2 5 1 5607 5350 5850
5422 2 2 5 1 968 1307 5417
5423 2 2 5 1 5385 2150 5780
5424 2 2 5 1 2241 2773 5338
5425 2 2 5 1 3002 5508 5891
5426 2 2 5 1 1985 1300 5346
5427 2 2 5 1 5397 5399 5482
5428 2 2 5 1 5302 497 5303
5429 2 2 5 1 671 5463 5546
5430 2 2 5 1 1291 1288 5422
5431 2 2 5 1 976 1012 5439
5432 2 2 5 1 2210 2211 5867
5433 2 2 5 1 3952 4066 4067
5434 2 2 5 1 5766 5439 5839
5435 2 2 5 1 5496 595 5785
5436 2 2 5 1 5417 5418 5775
5437 2 2 5 1 2963 5359 5942
5438 2 2 5 1 5727 5477 5796
5439 2 2 5 1 976 5439 5766
5440 2 2 5 1 5658 5547 5724
5441 2 2 5 1 5418 5573 5775
5442 2 2 5 1 1211 1068 5375
5443 2 2 5 1 5465 837 5648
5444 2 2 5 1 2284 5385 5780
5445 2 2 5 1 5274 491 5275
5446 2 2 5 1 5380 1701 5381
5447 2 2 5 1 5356 2274 5949
5448 2 2 5 1 1667 1944 5507
5449 2 2 5 1 1735 1023 5357
5450 2 2 5 1 3791 3792 4205
5451 2 2 5 1 5339 1168 5859
5452 2 2 5 1 5874 5460 5890
5453 2 2 5 1 5610 1049 5920
5454 2 2 5 1 1731 1733 5407
5455 2 2 5 1 1935 2207 5803
5456 2 2 5 1 1178 1180 5596
5457 2 2 5 1 2249 5855 5916
5458 2 2 5 1 3270 3269 3271
5459 2 2 5 1 768 772 5464
5460 2 2 5 1 676 555 5860
5461 2 2 5 1 1696 675 5447
5462 2 2 5 1 815 790 5769
5463 2 2 5 1 5449 2069 5453
5464 2 2 5 1 2980 5731 5802
5465 2 2 5 1 5702 5423 5772
5466 2 2 5 1 4713 2011 5822
5467 2 2 5 1 2202 3015 5911
5468 2 2 5 1 1942 1285 5420
5469 2 2 5 1 5825 551 5887
5470 2 2 5 1 2183 5441 5442
5471 2 2 5 1 1062 1067 5451
5472 2 2 5 1 1180 1302 5596
5473 2 2 5 1 2139 1247 5611
5474 2 2 5 1 5701 1723 5792
5475 2 2 5 1 5826 2985 5854
5476 2 2 5 1 5834 3022 5910
5477 2 2 5 1 1045 1161 5395
5478 2 2 5 1 808 793 5358
5479 2 2 5 1 681 1697 5423
5480 2 2 5 1 5371 1055 5858
5481 2 2 5 1 2977 5580 5659
5482 2 2 5 1 1228 1001 5391
5483 2 2 5 1 5380 5381 5640
5484 2 2 5 1 5547 5658 5698
5485 2 2 5 1 75 478 5964
5486 2 2 5 1 5354 889 5430
5487 2 2 5 1 1012 1250 5439
5488 2 2 5 1 5360 5361 5764
5489 2 2 5 1 3414 3413 3415
5490 2 2 5 1 5346 1299 5535
5491 2 2 5 1 1943 1009 5527
5492 2 2 5 1 4669 4667 5497
5493 2 2 5 1 5437 863 5782
5494 2 2 5 1 2147 2977 5655
5495 2 2 5 1 532 530 5478
5496 2 2 5 1 5364 2976 5365
5497 2 2 5 1 1171 1220 5510
5498 2 2 5 1 5410 5408 5508
5499 2 2 5 1 5376 1060 5451
5500 2 2 5 1 759 761 5683
5501 2 2 5 1 1721 5679 5805
5502 2 2 5 1 5871 3005 5875
5503 2 2 5 1 3009 5843 5846
5504 2 2 5 1 5739 5437 5810
5505 2 2 5 1 2129 2976 5364
5506 2 2 5 1 1278 1277 5436
5507 2 2 5 1 5334 1911 5963
5508 2 2 5 1 1277 1885 5436
5509 2 2 5 1 1294 5596 5847
5510 2 2 5 1 2966 1933 5529
5511 2 2 5 1 1161 5885 5907
5512 2 2 5 1 1085 1256 5416
5513 2 2 5 1 1540 1539 1541
5514 2 2 5 1 1297 2131 5430
5515 2 2 5 1 1950 1737 5556
5516 2 2 5 1 4669 5454 5504
5517 2 2 5 1 1060 1062 5451
5518 2 2 5 1 2225 5642 5760
5519 2 2 5 1 5451 1067 5900
5520 2 2 5 1 2224 1848 5475
5521 2 2 5 1 5539 2170 5746
5522 2 2 5 1 5394 5743 5819
5523 2 2 5 1 5361 2136 5391
5524 2 2 5 1 5379 5872 5894
5525 2 2 5 1 5391 1001 5392
5526 2 2 5 1 967 850 5381
5527 2 2 5 1 1068 1058 5376
5528 2 2 5 1 2069 4628 5453
5529 2 2 5 1 5570 2975 5751
5530 2 2 5 1 772 2166 5464
5531 2 2 5 1 1809 1296 5845
5532 2 2 5 1 634 5871 5875
5533 2 2 5 1 1855 2133 5424
5534 2 2 5 1 2455 2454 2456
5535 2 2 5 1 1743 1744 5472
5536 2 2 5 1 621 1080 5450
5537 2 2 5 1 842 832 5527
5538 2 2 5 1 1176 1082 5377
5539 2 2 5 1 1172 3000 5452
5540 2 2 5 1 1306 1701 5738
5541 2 2 5 1 1307 1914 5417
5542 2 2 5 1 1697 1700 5423
5543 2 2 5 1 5679 1721 5811
5544 2 2 5 1 1845 1731 5407
5545 2 2 5 1 5407 1733 5408
5546 2 2 5 1 2065 1875 5440
5547 2 2 5 1 5323 2124 5341
5548 2 2 5 1 5697 2185 5794
5549 2 2 5 1 5418 5812 5844
5550 2 2 5 1 5373 5808 5936
5551 2 2 5 1 1875 2012 5440
5552 2 2 5 1 652 649 5707
5553 2 2 5 1 5348 2130 5416
5554 2 2 5 1 5390 857 5574
5555 2 2 5 1 5454 4756 5504
5556 2 2 5 1 2135 1214 5431
5557 2 2 5 1 5454 4669 5497
5558 2 2 5 1 3819 3821 3822
5559 2 2 5 1 648 650 5466
5560 2 2 5 1 1704 2069 5449
5561 2 2 5 1 889 888 5430
5562 2 2 5 1 1054 5368 5920
5563 2 2 5 1 2773 2224 5475
5564 2 2 5 1 1808 1291 5422
5565 2 2 5 1 2225 1919 5433
5566 2 2 5 1 5522 2144 5706
5567 2 2 5 1 5378 5379 5738
5568 2 2 5 1 798 5834 5910
5569 2 2 5 1 1285 1287 5420
5570 2 2 5 1 1224 1704 5449
5571 2 2 5 1 5853 2936 5898
5572 2 2 5 1 749 5754 5765
5573 2 2 5 1 850 852 5381
5574 2 2 5 1 5640 969 5663
5575 2 2 5 1 1220 5328 5510
5576 2 2 5 1 1998 1268 5438
5577 2 2 5 1 1736 2250 5708
5578 2 2 5 1 1751 5374 5472
5579 2 2 5 1 1759 5784 5842
5580 2 2 5 1 5462 2207 5735
5581 2 2 5 1 5405 5522 5706
5582 2 2 5 1 5539 5878 5883
5583 2 2 5 1 1002 5484 5721
5584 2 2 5 1 1926 2216 5782
5585 2 2 5 1 863 5437 5739
5586 2 2 5 1 1272 5471 5577
5587 2 2 5 1 2985 5527 5854
5588 2 2 5 1 2183 5442 5443
5589 2 2 5 1 1074 689 5745
5590 2 2 5 1 5732 5669 5790
5591 2 2 5 1 4756 5502 5504
5592 2 2 5 1 658 664 5753
5593 2 2 5 1 1885 5344 5436
5594 2 2 5 1 5268 5265 5269
5595 2 2 5 1 1268 1269 5438
5596 2 2 5 1 1701 5378 5738
5597 2 2 5 1 791 816 5562
5598 2 2 5 1 5393 2139 5611
5599 2 2 5 1 5437 2996 5810
5600 2 2 5 1 5443 1723 5759
5601 2 2 5 1 1043 532 5478
5602 2 2 5 1 1061 1059 5435
5603 2 2 5 1 2174 5473 5880
5604 2 2 5 1 1596 1595 1597
5605 2 2 5 1 1737 2146 5556
5606 2 2 5 1 5601 5466 5804
5607 2 2 5 1 5353 5560 5686
5608 2 2 5 1 1084 1085 5416
5609 2 2 5 1 5432 1695 5932
5610 2 2 5 1 3282 3281 3332
5611 2 2 5 1 5428 851 5429
5612 2 2 5 1 626 759 5493
5613 2 2 5 1 675 665 5447
5614 2 2 5 1 684 670 5833
5615 2 2 5 1 1071 750 5702
5616 2 2 5 1 771 791 5562
5617 2 2 5 1 958 1213 5484
5618 2 2 5 1 2183 1044 5441
5619 2 2 5 1 1924 5353 5686
5620 2 2 5 1 5374 2142 5472
5621 2 2 5 1 2207 5462 5803
5622 2 2 5 1 2225 5433 5434
5623 2 2 5 1 3006 2247 5471
5624 2 2 5 1 2966 5529 5610
5625 2 2 5 1 2973 5721 5777
5626 2 2 5 1 2985 5826 5882
5627 2 2 5 1 4756 4753 5503
5628 2 2 5 1 5377 5681 5881
5629 2 2 5 1 5455 5497 5498
5630 2 2 5 1 793 792 5358
5631 2 2 5 1 638 640 5608
5632 2 2 5 1 5813 5662 5828
5633 2 2 5 1 4667 4670 5497
5634 2 2 5 1 5398 5618 5879
5635 2 2 5 1 618 799 5824
5636 2 2 5 1 859 1246 5470
5637 2 2 5 1 1879 1880 5818
5638 2 2 5 1 657 638 5608
5639 2 2 5 1 703 5841 5846
5640 2 2 5 1 1701 967 5381
5641 2 2 5 1 2243 2213 5679
5642 2 2 5 1 2220 2984 5546
5643 2 2 5 1 1177 1295 5770
5644 2 2 5 1 2207 2995 5735
5645 2 2 5 1 2258 2232 5465
5646 2 2 5 1 2978 5444 5684
5647 2 2 5 1 5502 4756 5503
5648 2 2 5 1 5336 5335 5337
5649 2 2 5 1 1990 5778 5814
5650 2 2 5 1 5767 2980 5802
5651 2 2 5 1 611 609 5697
5652 2 2 5 1 2995 5550 5735
5653 2 2 5 1 530 2122 5478
5654 2 2 5 1 5357 954 5740
5655 2 2 5 1 2229 1722 5881
5656 2 2 5 1 2250 5460 5708
5657 2 2 5 1 5616 5506 5763
5658 2 2 5 1 1133 1132 5579
5659 2 2 5 1 1173 1172 5452
5660 2 2 5 1 5341 2124 5355
5661 2 2 5 1 1264 1041 5581
5662 2 2 5 1 1168 5339 5894
5663 2 2 5 1 761 827 5683
5664 2 2 5 1 1132 5578 5579
5665 2 2 5 1 3246 3248 3326
5666 2 2 5 1 4753 4752 5503
5667 2 2 5 1 960 958 5484
5668 2 2 5 1 1302 2158 5596
5669 2 2 5 1 5397 1718 5398
5670 2 2 5 1 1249 5393 5611
5671 2 2 5 1 2245 1912 5738
5672 2 2 5 1 1179 1176 5377
5673 2 2 5 1 1938 2978 5684
5674 2 2 5 1 624 626 5493
5675 2 2 5 1 650 667 5466
5676 2 2 5 1 689 690 5745
5677 2 2 5 1 770 768 5464
5678 2 2 5 1 5429 846 5521
5679 2 2 5 1 1070 5658 5724
5680 2 2 5 1 1764 1278 5436
5681 2 2 5 1 5387 1845 5389
5682 2 2 5 1 2214 5533 5716
5683 2 2 5 1 2996 2217 5789
5684 2 2 5 1 5503 4752 5638
5685 2 2 5 1 5642 5325 5760
5686 2 2 5 1 955 817 5762
5687 2 2 5 1 1288 1286 5797
5688 2 2 5 1 2208 5448 5742
5689 2 2 5 1 1740 1757 5564
5690 2 2 5 1 534 1043 5480
5691 2 2 5 1 812 5573 5844
5692 2 2 5 1 1148 5622 5712
5693 2 2 5 1 5471 2247 5577
5694 2 2 5 1 5393 1249 5457
5695 2 2 5 1 5706 2161 5748
5696 2 2 5 1 5435 5701 5792
5697 2 2 5 1 5602 5652 5801
5698 2 2 5 1 2259 2241 5338
5699 2 2 5 1 651 653 5461
5700 2 2 5 1 1078 1171 5510
5701 2 2 5 1 1269 1273 5438
5702 2 2 5 1 5644 5468 5675
5703 2 2 5 1 1102 1182 5528
5704 2 2 5 1 670 5415 5833
5705 2 2 5 1 848 846 5429
5706 2 2 5 1 635 671 5518
5707 2 2 5 1 1003 1297 5430
5708 2 2 5 1 2126 2963 5495
5709 2 2 5 1 518 146 5979
5710 2 2 5 1 729 726 5561
5711 2 2 5 1 1182 5467 5528
5712 2 2 5 1 1762 1752 5856
5713 2 2 5 1 2215 2214 5716
5714 2 2 5 1 1875 1300 1985
5715 2 2 5 1 1858 1228 5391
5716 2 2 5 1 1001 859 5470
5717 2 2 5 1 2130 1242 5416
5718 2 2 5 1 2975 5390 5751
5719 2 2 5 1 5573 5418 5844
5720 2 2 5 1 1924 5352 5353
5721 2 2 5 1 3198 3199 3200
5722 2 2 5 1 843 887 5686
5723 2 2 5 1 962 960 1002
5724 2 2 5 1 1070 5665 5672
5725 2 2 5 1 1989 1303 5814
5726 2 2 5 1 5487 451 5488
5727 2 2 5 1 529 1209 5406
5728 2 2 5 1 5662 814 5828
5729 2 2 5 1 2141 1743 2142
5730 2 2 5 1 5896 594 5909
5731 2 2 5 1 631 657 5441
5732 2 2 5 1 829 5539 5746
5733 2 2 5 1 1075 1718 5397
5734 2 2 5 1 1127 5644 5675
5735 2 2 5 1 1144 1145 5479
5736 2 2 5 1 1257 2140 5526
5737 2 2 5 1 1271 1272 5577
5738 2 2 5 1 1286 1988 5797
5739 2 2 5 1 1298 1991 5845
5740 2 2 5 1 1696 5447 5850
5741 2 2 5 1 1933 1699 5529
5742 2 2 5 1 1727 2256 2971
5743 2 2 5 1 1897 2279 5516
5744 2 2 5 1 1909 2249 5362
5745 2 2 5 1 1919 1917 5433
5746 2 2 5 1 2951 1985 5346
5747 2 2 5 1 2954 2011 4713
5748 2 2 5 1 2211 5671 5867
5749 2 2 5 1 2242 2241 2259
5750 2 2 5 1 5353 5458 5560
5751 2 2 5 1 5394 5393 5457
5752 2 2 5 1 5428 5429 5522
5753 2 2 5 1 5518 5547 5698
5754 2 2 5 1 5608 5807 5819
5755 2 2 5 1 111 451 5487
5756 2 2 5 1 1096 1102 5528
5757 2 2 5 1 1977 1758 5523
5758 2 2 5 1 2168 5486 5524
5759 2 2 5 1 5445 1762 5856
5760 2 2 5 1 5474 2175 5653
5761 2 2 5 1 2150 2975 5780
5762 2 2 5 1 1243 610 5540
5763 2 2 5 1 748 5485 5568
5764 2 2 5 1 5462 5735 5736
5765 2 2 5 1 5632 5597 5633
5766 2 2 5 1 796 753 5458
5767 2 2 5 1 2161 2896 5748
5768 2 2 5 1 678 5660 5703
5769 2 2 5 1 2001 2993 5695
5770 2 2 5 1 4752 5578 5638
5771 2 2 5 1 887 1924 5686
5772 2 2 5 1 5903 5525 5934
5773 2 2 5 1 1665 729 5561
5774 2 2 5 1 1563 1561 1625
5775 2 2 5 1 5582 2186 5595
5776 2 2 5 1 536 534 5480
5777 2 2 5 1 649 647 5707
5778 2 2 5 1 5572 714 5734
5779 2 2 5 1 5599 721 5621
5780 2 2 5 1 5486 2156 5524
5781 2 2 5 1 2993 2752 5752
5782 2 2 5 1 5493 759 5683
5783 2 2 5 1 1041 860 5581
5784 2 2 5 1 5389 1845 5407
5785 2 2 5 1 5492 5591 5774
5786 2 2 5 1 1700 1933 1952
5787 2 2 5 1 2770 1809 2888
5788 2 2 5 1 5720 2221 5823
5789 2 2 5 1 5362 2249 5363
5790 2 2 5 1 117 118 5557
5791 2 2 5 1 602 599 5682
5792 2 2 5 1 1145 1245 5479
5793 2 2 5 1 2012 2948 4714
5794 2 2 5 1 110 111 5487
5795 2 2 5 1 1002 960 5484
5796 2 2 5 1 1722 1179 5377
5797 2 2 5 1 653 1160 5461
5798 2 2 5 1 2768 1808 2886
5799 2 2 5 1 2122 5336 5478
5800 2 2 5 1 2991 5673 5705
5801 2 2 5 1 5485 5486 5568
5802 2 2 5 1 5441 657 5442
5803 2 2 5 1 2156 2153 5524
5804 2 2 5 1 1302 1303 1989
5805 2 2 5 1 1727 2971 5358
5806 2 2 5 1 118 504 5557
5807 2 2 5 1 605 607 5647
5808 2 2 5 1 2160 5616 5763
5809 2 2 5 1 1924 5351 5352
5810 2 2 5 1 3005 1950 5556
5811 2 2 5 1 1063 1061 1249
5812 2 2 5 1 5484 1213 5777
5813 2 2 5 1 1944 2201 2910
5814 2 2 5 1 112 113 5491
5815 2 2 5 1 610 606 5540
5816 2 2 5 1 655 651 5461
5817 2 2 5 1 1721 652 5707
5818 2 2 5 1 764 762 5672
5819 2 2 5 1 815 5769 5936
5820 2 2 5 1 855 851 5428
5821 2 2 5 1 5476 1072 5806
5822 2 2 5 1 1073 5397 5482
5823 2 2 5 1 1242 1084 5416
5824 2 2 5 1 1136 1133 5579
5825 2 2 5 1 1159 5966 5967
5826 2 2 5 1 2170 1162 5746
5827 2 2 5 1 1237 1179 1722
5828 2 2 5 1 5467 1182 5552
5829 2 2 5 1 1267 1224 5449
5830 2 2 5 1 1744 1747 5472
5831 2 2 5 1 2136 1858 5391
5832 2 2 5 1 1983 1876 5515
5833 2 2 5 1 1926 2214 2215
5834 2 2 5 1 2985 1943 5527
5835 2 2 5 1 2012 1985 2766
5836 2 2 5 1 2128 2126 5495
5837 2 2 5 1 5360 2136 5361
5838 2 2 5 1 2149 2147 5655
5839 2 2 5 1 2152 5462 5736
5840 2 2 5 1 2211 5783 5868
5841 2 2 5 1 2217 5476 5477
5842 2 2 5 1 4748 2895 5494
5843 2 2 5 1 5373 2982 5808
5844 2 2 5 1 5397 5398 5399
5845 2 2 5 1 5492 5491 5591
5846 2 2 5 1 5679 5396 5805
5847 2 2 5 1 106 463 5500
5848 2 2 5 1 3008 5857 5863
5849 2 2 5 1 5722 1134 5723
5850 2 2 5 1 1944 2910 5507
5851 2 2 5 1 5476 2215 5716
5852 2 2 5 1 1944 1943 2200
5853 2 2 5 1 2980 5474 5731
5854 2 2 5 1 5547 2984 5724
5855 2 2 5 1 858 1000 5689
5856 2 2 5 1 2064 1735 2997
5857 2 2 5 1 1050 1054 5920
5858 2 2 5 1 1283 1285 1942
5859 2 2 5 1 3001 2065 3002
5860 2 2 5 1 5732 2157 5750
5861 2 2 5 1 767 764 5672
5862 2 2 5 1 1930 1722 2229
5863 2 2 5 1 4144 2714 5656
5864 2 2 5 1 1700 2194 5423
5865 2 2 5 1 672 598 5687
5866 2 2 5 1 773 752 5421
5867 2 2 5 1 787 805 5609
5868 2 2 5 1 1158 1152 5506
5869 2 2 5 1 2964 2137 5469
5870 2 2 5 1 5664 2987 5711
5871 2 2 5 1 1131 1134 5534
5872 2 2 5 1 1885 3045 3047
5873 2 2 5 1 5444 2978 5667
5874 2 2 5 1 753 757 5458
5875 2 2 5 1 5812 816 5844
5876 2 2 5 1 1939 2164 5448
5877 2 2 5 1 5426 5424 5427
5878 2 2 5 1 1137 1136 5714
5879 2 2 5 1 2206 1770 5717
5880 2 2 5 1 1876 1877 5515
5881 2 2 5 1 5468 5644 5704
5882 2 2 5 1 1909 1304 2249
5883 2 2 5 1 2137 5360 5469
5884 2 2 5 1 2967 1909 5362
5885 2 2 5 1 5481 624 5493
5886 2 2 5 1 5435 1059 5701
5887 2 2 5 1 1250 1946 2159
5888 2 2 5 1 2769 2011 2954
5889 2 2 5 1 4506 2065 5440
5890 2 2 5 1 3269 3267 3499
5891 2 2 5 1 1080 611 5697
5892 2 2 5 1 5502 1127 5504
5893 2 2 5 1 1940 1247 2139
5894 2 2 5 1 5620 1958 5730
5895 2 2 5 1 2157 5485 5750
5896 2 2 5 1 2157 5732 5790
5897 2 2 5 1 5511 2188 5512
5898 2 2 5 1 2262 5620 5730
5899 2 2 5 1 2286 5696 5779
5900 2 2 5 1 5580 2977 5581
5901 2 2 5 1 4144 5656 5657
5902 2 2 5 1 5425 5424 5426
5903 2 2 5 1 105 106 5500
5904 2 2 5 1 1926 2215 2216
5905 2 2 5 1 745 5582 5595
5906 2 2 5 1 1052 1053 1055
5907 2 2 5 1 5583 2177 5604
5908 2 2 5 1 2188 2187 5512
5909 2 2 5 1 3246 3247 3248
5910 2 2 5 1 762 1070 5672
5911 2 2 5 1 2997 1735 5357
5912 2 2 5 1 2146 1738 5459
5913 2 2 5 1 4275 2124 5323
5914 2 2 5 1 2138 2965 4595
5915 2 2 5 1 2176 5599 5621
5916 2 2 5 1 1846 1845 5387
5917 2 2 5 1 2143 655 5461
5918 2 2 5 1 5673 1149 5705
5919 2 2 5 1 1250 2159 5439
5920 2 2 5 1 1931 1264 5581
5921 2 2 5 1 2907 1929 5748
5922 2 2 5 1 1952 1933 2134
5923 2 2 5 1 2993 5572 5734
5924 2 2 5 1 5754 2995 5765
5925 2 2 5 1 694 693 5519
5926 2 2 5 1 846 845 5521
5927 2 2 5 1 5513 5588 5595
5928 2 2 5 1 664 1174 5753
5929 2 2 5 1 797 832 833
5930 2 2 5 1 5578 1132 5638
5931 2 2 5 1 1885 3047 5344
5932 2 2 5 1 502 98 5567
5933 2 2 5 1 673 665 674
5934 2 2 5 1 1069 1068 1211
5935 2 2 5 1 5590 1148 5712
5936 2 2 5 1 5552 1182 5575
5937 2 2 5 1 1277 1878 1885
5938 2 2 5 1 1287 1289 1290
5939 2 2 5 1 2984 2983 5816
5940 2 2 5 1 107 108 5592
5941 2 2 5 1 660 662 5559
5942 2 2 5 1 1895 1897 5516
5943 2 2 5 1 1914 2219 5417
5944 2 2 5 1 5268 5269 5270
5945 2 2 5 1 758 5874 5890
5946 2 2 5 1 841 1163 5574
5947 2 2 5 1 1703 955 5762
5948 2 2 5 1 1720 5831 5867
5949 2 2 5 1 1855 1764 2133
5950 2 2 5 1 5316 2128 5495
5951 2 2 5 1 2168 2186 5582
5952 2 2 5 1 700 742 5550
5953 2 2 5 1 726 723 5561
5954 2 2 5 1 1760 1871 1911
5955 2 2 5 1 1990 2124 4275
5956 2 2 5 1 5486 2168 5582
5957 2 2 5 1 5488 451 5489
5958 2 2 5 1 599 600 5682
5959 2 2 5 1 620 622 1159
5960 2 2 5 1 623 621 5450
5961 2 2 5 1 622 624 5481
5962 2 2 5 1 630 631 5441
5963 2 2 5 1 667 1702 5466
5964 2 2 5 1 1725 1739 1740
5965 2 2 5 1 1727 2255 2256
5966 2 2 5 1 2140 2235 2969
5967 2 2 5 1 2237 5394 5807
5968 2 2 5 1 2272 5651 5691
5969 2 2 5 1 5695 2993 5734
5970 2 2 5 1 5489 5491 5492
5971 2 2 5 1 5500 463 5501
5972 2 2 5 1 769 768 770
5973 2 2 5 1 5574 1163 5751
5974 2 2 5 1 1766 1173 5452
5975 2 2 5 1 1257 1737 1950
5976 2 2 5 1 2459 2460 2461
5977 2 2 5 1 5625 1139 5641
5978 2 2 5 1 2146 5549 5556
5979 2 2 5 1 4743 2762 5773
5980 2 2 5 1 727 1087 5571
5981 2 2 5 1 733 5542 5585
5982 2 2 5 1 835 834 958
5983 2 2 5 1 1053 1723 5701
5984 2 2 5 1 1104 1127 5502
5985 2 2 5 1 1280 1211 1281
5986 2 2 5 1 1752 1753 1754
5987 2 2 5 1 1955 2126 2127
5988 2 2 5 1 4748 5494 5579
5989 2 2 5 1 857 5655 5659
5990 2 2 5 1 2288 5385 5386
5991 2 2 5 1 752 753 796
5992 2 2 5 1 805 822 5609
5993 2 2 5 1 1094 1096 5704
5994 2 2 5 1 1175 1176 1177
5995 2 2 5 1 1723 5443 5792
5996 2 2 5 1 1953 1846 1956
5997 2 2 5 1 2261 2193 2273
5998 2 2 5 1 5724 2984 5816
5999 2 2 5 1 5812 5837 5905
6000 2 2 5 1 136 137 5545
6001 2 2 5 1 5489 451 5491
6002 2 2 5 1 640 1157 5608
6003 2 2 5 1 648 5466 5601
6004 2 2 5 1 656 5602 5801
6005 2 2 5 1 674 665 675
6006 2 2 5 1 667 669 1702
6007 2 2 5 1 742 5667 5736
6008 2 2 5 1 752 796 5421
6009 2 2 5 1 772 2151 2165
6010 2 2 5 1 797 789 813
6011 2 2 5 1 792 1727 5358
6012 2 2 5 1 797 833 5560
6013 2 2 5 1 800 5419 5660
6014 2 2 5 1 804 803 811
6015 2 2 5 1 809 834 835
6016 2 2 5 1 812 818 5573
6017 2 2 5 1 835 958 960
6018 2 2 5 1 843 886 887
6019 2 2 5 1 888 1003 5430
6020 2 2 5 1 961 960 962
6021 2 2 5 1 968 967 1306
6022 2 2 5 1 968 5417 5775
6023 2 2 5 1 5392 1001 5470
6024 2 2 5 1 1298 1023 1735
6025 2 2 5 1 1053 1051 1723
6026 2 2 5 1 1055 1057 5858
6027 2 2 5 1 1081 1247 1248
6028 2 2 5 1 1171 1172 1173
6029 2 2 5 1 1180 1179 1237
6030 2 2 5 1 1281 1211 5375
6031 2 2 5 1 1213 1301 5777
6032 2 2 5 1 1224 1703 1704
6033 2 2 5 1 1669 1228 1857
6034 2 2 5 1 1927 1242 2130
6035 2 2 5 1 1272 3012 5471
6036 2 2 5 1 1282 1810 5709
6037 2 2 5 1 1287 1290 5420
6038 2 2 5 1 1292 1291 1293
6039 2 2 5 1 1293 1808 1847
6040 2 2 5 1 1295 1811 1848
6041 2 2 5 1 1673 1300 1875
6042 2 2 5 1 1301 1986 1987
6043 2 2 5 1 1302 1989 2158
6044 2 2 5 1 1667 1943 1944
6045 2 2 5 1 1697 1696 1698
6046 2 2 5 1 1700 1952 2194
6047 2 2 5 1 5466 1702 5804
6048 2 2 5 1 1715 1938 5684
6049 2 2 5 1 1731 1729 1733
6050 2 2 5 1 1874 1735 2064
6051 2 2 5 1 1742 1740 5564
6052 2 2 5 1 2886 1808 5422
6053 2 2 5 1 2887 1811 5847
6054 2 2 5 1 1957 1846 5387
6055 2 2 5 1 2223 1848 2224
6056 2 2 5 1 1848 2772 5475
6057 2 2 5 1 1875 1985 2012
6058 2 2 5 1 1910 1909 2967
6059 2 2 5 1 1928 2132 2231
6060 2 2 5 1 2134 1933 2966
6061 2 2 5 1 1940 2227 5652
6062 2 2 5 1 2169 1941 2192
6063 2 2 5 1 1955 2127 5538
6064 2 2 5 1 2012 2766 2948
6065 2 2 5 1 2138 2964 2965
6066 2 2 5 1 2140 2969 5663
6067 2 2 5 1 2141 2220 5463
6068 2 2 5 1 2146 5459 5548
6069 2 2 5 1 2975 2149 5390
6070 2 2 5 1 2158 2771 5456
6071 2 2 5 1 2162 5449 5453
6072 2 2 5 1 2183 5443 5759
6073 2 2 5 1 2192 2228 5553
6074 2 2 5 1 5382 2229 5881
6075 2 2 5 1 2231 2232 2257
6076 2 2 5 1 5459 2251 5893
6077 2 2 5 1 5343 2258 5465
6078 2 2 5 1 4889 2892 4917
6079 2 2 5 1 2955 2907 4862
6080 2 2 5 1 2939 2962 4695
6081 2 2 5 1 2968 5445 5856
6082 2 2 5 1 5403 5404 5413
6083 2 2 5 1 5410 5508 5509
6084 2 2 5 1 5420 5948 5960
6085 2 2 5 1 5933 5483 5945
6086 2 2 5 1 5565 5664 5711
6087 2 2 5 1 5757 5770 5817
6088 2 2 5 1 1276 1010 5405
6089 2 2 5 1 1180 1238 1302
6090 2 2 5 1 1700 1699 1933
6091 2 2 5 1 2067 1858 2136
6092 2 2 5 1 2225 5434 5642
6093 2 2 5 1 1045 1044 1046
6094 2 2 5 1 1152 1234 5506
6095 2 2 5 1 5497 4670 5498
6096 2 2 5 1 5405 5428 5522
6097 2 2 5 1 1045 1047 1161
6098 2 2 5 1 1174 1724 1725
6099 2 2 5 1 2147 1931 2977
6100 2 2 5 1 757 797 5560
6101 2 2 5 1 1765 1764 1855
6102 2 2 5 1 2978 2152 5736
6103 2 2 5 1 125 126 5558
6104 2 2 5 1 888 954 1003
6105 2 2 5 1 1007 1224 1267
6106 2 2 5 1 1667 1009 1943
6107 2 2 5 1 102 103 470
6108 2 2 5 1 1929 1276 5405
6109 2 2 5 1 1918 1917 1919
6110 2 2 5 1 5667 2978 5736
6111 2 2 5 1 5529 3010 5610
6112 2 2 5 1 1171 1173 1220
6113 2 2 5 1 4666 5467 5552
6114 2 2 5 1 731 1666 5636
6115 2 2 5 1 1296 1023 1298
6116 2 2 5 1 1096 5528 5704
6117 2 2 5 1 1736 2209 2250
6118 2 2 5 1 1741 1740 1742
6119 2 2 5 1 5651 1748 5691
6120 2 2 5 1 1849 1809 2770
6121 2 2 5 1 2216 2217 2996
6122 2 2 5 1 2991 5609 5673
6123 2 2 5 1 545 544 546
6124 2 2 5 1 555 554 557
6125 2 2 5 1 630 619 631
6126 2 2 5 1 5544 787 5609
6127 2 2 5 1 1055 1053 1056
6128 2 2 5 1 1732 1845 1846
6129 2 2 5 1 1956 1846 1957
6130 2 2 5 1 1928 2231 3010
6131 2 2 5 1 2127 3023 5538
6132 2 2 5 1 5443 5442 5743
6133 2 2 5 1 662 679 5559
6134 2 2 5 1 780 787 5544
6135 2 2 5 1 1856 1855 2070
6136 2 2 5 1 2070 1855 5424
6137 2 2 5 1 2066 1858 2067
6138 2 2 5 1 451 112 5491
6139 2 2 5 1 1241 1084 1242
6140 2 2 5 1 1955 2123 2126
6141 2 2 5 1 2766 1985 2951
6142 2 2 5 1 1991 2011 2769
6143 2 2 5 1 2936 2935 4708
6144 2 2 5 1 2969 5380 5663
6145 2 2 5 1 634 570 5654
6146 2 2 5 1 715 828 5541
6147 2 2 5 1 1172 1945 3000
6148 2 2 5 1 1265 1173 1766
6149 2 2 5 1 1263 2178 5593
6150 2 2 5 1 1705 2981 2982
6151 2 2 5 1 3004 1724 5747
6152 2 2 5 1 1744 1745 1746
6153 2 2 5 1 1750 2268 2269
6154 2 2 5 1 2188 5513 5595
6155 2 2 5 1 572 571 573
6156 2 2 5 1 574 573 575
6157 2 2 5 1 1044 630 5441
6158 2 2 5 1 1024 1002 1299
6159 2 2 5 1 1052 1051 1053
6160 2 2 5 1 1294 1178 5596
6161 2 2 5 1 1728 1729 1730
6162 2 2 5 1 2140 1950 2235
6163 2 2 5 1 2166 5329 5330
6164 2 2 5 1 5390 5574 5751
6165 2 2 5 1 533 532 534
6166 2 2 5 1 5580 821 5659
6167 2 2 5 1 1060 1061 1062
6168 2 2 5 1 1877 3054 5515
6169 2 2 5 1 5332 5333 5373
6170 2 2 5 1 1913 2244 5554
6171 2 2 5 1 5518 671 5546
6172 2 2 5 1 690 5744 5745
6173 2 2 5 1 852 855 856
6174 2 2 5 1 1003 1023 1296
6175 2 2 5 1 1050 1051 1052
6176 2 2 5 1 1723 1051 5759
6177 2 2 5 1 1212 1211 1280
6178 2 2 5 1 1272 2203 3012
6179 2 2 5 1 2133 1764 5436
6180 2 2 5 1 1920 1919 1921
6181 2 2 5 1 1987 2949 2973
6182 2 2 5 1 3009 2239 5843
6183 2 2 5 1 5718 5939 5940
6184 2 2 5 1 501 110 5487
6185 2 2 5 1 531 530 532
6186 2 2 5 1 759 629 760
6187 2 2 5 1 822 820 860
6188 2 2 5 1 821 823 824
6189 2 2 5 1 973 1257 5526
6190 2 2 5 1 1085 1254 1256
6191 2 2 5 1 1279 1268 1998
6192 2 2 5 1 1877 2894 3054
6193 2 2 5 1 2933 5632 5633
6194 2 2 5 1 4662 5552 5575
6195 2 2 5 1 4663 4666 5552
6196 2 2 5 1 5602 5601 5804
6197 2 2 5 1 971 5720 5823
6198 2 2 5 1 1273 1274 1275
6199 2 2 5 1 1287 1288 1289
6200 2 2 5 1 1290 1289 5737
6201 2 2 5 1 1292 1293 1695
6202 2 2 5 1 131 132 5587
6203 2 2 5 1 570 572 5654
6204 2 2 5 1 5588 745 5595
6205 2 2 5 1 857 5390 5655
6206 2 2 5 1 1088 2163 5565
6207 2 2 5 1 5575 1142 5685
6208 2 2 5 1 1142 5628 5646
6209 2 2 5 1 1239 5583 5604
6210 2 2 5 1 1250 1251 1946
6211 2 2 5 1 1879 1276 1880
6212 2 2 5 1 1725 1740 1741
6213 2 2 5 1 1747 1748 1749
6214 2 2 5 1 3023 2129 3024
6215 2 2 5 1 2137 2136 5360
6216 2 2 5 1 5542 2163 5585
6217 2 2 5 1 2188 5511 5513
6218 2 2 5 1 5628 2190 5646
6219 2 2 5 1 2935 2222 4643
6220 2 2 5 1 5511 2986 5678
6221 2 2 5 1 5498 4670 5499
6222 2 2 5 1 5731 5534 5802
6223 2 2 5 1 690 691 692
6224 2 2 5 1 702 703 704
6225 2 2 5 1 1062 1063 1064
6226 2 2 5 1 1062 1064 1067
6227 2 2 5 1 1715 1716 1938
6228 2 2 5 1 2221 1879 2222
6229 2 2 5 1 1929 5405 5706
6230 2 2 5 1 5565 2163 5664
6231 2 2 5 1 687 571 5530
6232 2 2 5 1 590 591 592
6233 2 2 5 1 721 5571 5621
6234 2 2 5 1 833 832 842
6235 2 2 5 1 1299 1002 5721
6236 2 2 5 1 1057 1058 1068
6237 2 2 5 1 1935 2204 2207
6238 2 2 5 1 2265 2266 2267
6239 2 2 5 1 2267 2890 2891
6240 2 2 5 1 4746 2895 4747
6241 2 2 5 1 539 538 540
6242 2 2 5 1 543 544 545
6243 2 2 5 1 553 554 555
6244 2 2 5 1 653 660 1160
6245 2 2 5 1 778 780 5544
6246 2 2 5 1 1075 1077 1718
6247 2 2 5 1 2175 1101 5653
6248 2 2 5 1 1110 2180 5600
6249 2 2 5 1 1129 1128 5638
6250 2 2 5 1 1253 1736 5708
6251 2 2 5 1 2069 2939 4628
6252 2 2 5 1 5413 5404 5414
6253 2 2 5 1 5703 5660 5831
6254 2 2 5 1 5458 757 5560
6255 2 2 5 1 759 760 761
6256 2 2 5 1 5448 5723 5742
6257 2 2 5 1 5512 5625 5641
6258 2 2 5 1 641 639 1072
6259 2 2 5 1 640 642 1157
6260 2 2 5 1 643 641 5532
6261 2 2 5 1 680 675 681
6262 2 2 5 1 5396 800 5805
6263 2 2 5 1 1125 1120 5576
6264 2 2 5 1 5504 1127 5675
6265 2 2 5 1 1145 1146 1147
6266 2 2 5 1 1857 1228 1858
6267 2 2 5 1 1302 1238 1303
6268 2 2 5 1 1925 1242 1927
6269 2 2 5 1 1269 1271 1273
6270 2 2 5 1 1272 1270 2203
6271 2 2 5 1 1847 2950 5331
6272 2 2 5 1 1959 1958 2264
6273 2 2 5 1 1987 1986 2767
6274 2 2 5 1 2891 2892 2893
6275 2 2 5 1 713 715 5541
6276 2 2 5 1 1708 717 5599
6277 2 2 5 1 777 1937 5603
6278 2 2 5 1 1177 1176 1178
6279 2 2 5 1 1699 1928 5529
6280 2 2 5 1 1754 1753 1755
6281 2 2 5 1 1760 1758 1871
6282 2 2 5 1 2129 2128 2976
6283 2 2 5 1 2181 2177 5583
6284 2 2 5 1 789 754 5520
6285 2 2 5 1 812 817 818
6286 2 2 5 1 845 1007 5521
6287 2 2 5 1 1145 1137 1146
6288 2 2 5 1 2162 1267 5449
6289 2 2 5 1 1914 1915 1916
6290 2 2 5 1 2166 2968 5329
6291 2 2 5 1 2248 2247 3006
6292 2 2 5 1 2772 2887 4274
6293 2 2 5 1 541 540 542
6294 2 2 5 1 736 734 5619
6295 2 2 5 1 824 825 826
6296 2 2 5 1 824 826 857
6297 2 2 5 1 826 841 5574
6298 2 2 5 1 977 840 979
6299 2 2 5 1 858 854 859
6300 2 2 5 1 864 1084 1241
6301 2 2 5 1 1728 1006 1729
6302 2 2 5 1 1081 1065 1247
6303 2 2 5 1 1730 1729 1731
6304 2 2 5 1 3024 2129 5364
6305 2 2 5 1 4751 4749 4752
6306 2 2 5 1 5369 5368 5370
6307 2 2 5 1 5394 5457 5743
6308 2 2 5 1 5477 5727 5789
6309 2 2 5 1 479 131 5587
6310 2 2 5 1 558 557 559
6311 2 2 5 1 592 591 593
6312 2 2 5 1 604 602 2179
6313 2 2 5 1 640 641 642
6314 2 2 5 1 665 659 5447
6315 2 2 5 1 1048 1046 5759
6316 2 2 5 1 1128 5503 5638
6317 2 2 5 1 2200 1943 2985
6318 2 2 5 1 1957 5387 5388
6319 2 2 5 1 2064 2998 4505
6320 2 2 5 1 5434 5433 5793
6321 2 2 5 1 5791 5745 5864
6322 2 2 5 1 534 532 1043
6323 2 2 5 1 751 793 794
6324 2 2 5 1 818 817 845
6325 2 2 5 1 826 825 840
6326 2 2 5 1 5571 1087 5710
6327 2 2 5 1 5551 1139 5625
6328 2 2 5 1 1165 5569 5570
6329 2 2 5 1 1213 1214 1301
6330 2 2 5 1 1283 1284 1285
6331 2 2 5 1 1697 1699 1700
6332 2 2 5 1 2155 1707 5629
6333 2 2 5 1 1897 1958 1959
6334 2 2 5 1 5479 1935 5803
6335 2 2 5 1 5563 2189 5584
6336 2 2 5 1 5758 3008 5765
6337 2 2 5 1 5576 5551 5630
6338 2 2 5 1 722 727 5571
6339 2 2 5 1 1140 1710 5613
6340 2 2 5 1 1770 2287 5717
6341 2 2 5 1 453 117 5557
6342 2 2 5 1 5548 676 5860
6343 2 2 5 1 854 844 5483
6344 2 2 5 1 1007 1267 2144
6345 2 2 5 1 1247 1065 5611
6346 2 2 5 1 1245 1935 5479
6347 2 2 5 1 1948 1274 1949
6348 2 2 5 1 111 112 451
6349 2 2 5 1 545 546 549
6350 2 2 5 1 572 573 574
6351 2 2 5 1 635 633 636
6352 2 2 5 1 664 659 665
6353 2 2 5 1 749 696 5754
6354 2 2 5 1 700 701 702
6355 2 2 5 1 772 767 2151
6356 2 2 5 1 820 806 821
6357 2 2 5 1 974 975 976
6358 2 2 5 1 1106 1142 5575
6359 2 2 5 1 1163 1164 1165
6360 2 2 5 1 2272 2271 2762
6361 2 2 5 1 5572 2993 5752
6362 2 2 5 1 126 460 5558
6363 2 2 5 1 132 5537 5587
6364 2 2 5 1 133 458 5537
6365 2 2 5 1 137 477 5545
6366 2 2 5 1 576 575 577
6367 2 2 5 1 580 579 581
6368 2 2 5 1 584 583 585
6369 2 2 5 1 1177 1178 1294
6370 2 2 5 1 1234 2206 5506
6371 2 2 5 1 1705 1703 2981
6372 2 2 5 1 1711 1708 2176
6373 2 2 5 1 730 733 5585
6374 2 2 5 1 792 1071 1727
6375 2 2 5 1 795 793 808
6376 2 2 5 1 828 1708 1709
6377 2 2 5 1 958 834 959
6378 2 2 5 1 5494 1136 5579
6379 2 2 5 1 1147 1146 1223
6380 2 2 5 1 1174 1725 5836
6381 2 2 5 1 1286 1284 1988
6382 2 2 5 1 1307 1912 1913
6383 2 2 5 1 1669 1997 3011
6384 2 2 5 1 1673 2065 3001
6385 2 2 5 1 1898 2275 5617
6386 2 2 5 1 1932 1931 2147
6387 2 2 5 1 2150 2149 2975
6388 2 2 5 1 2223 2224 2240
6389 2 2 5 1 5403 5402 5404
6390 2 2 5 1 713 710 714
6391 2 2 5 1 861 860 1041
6392 2 2 5 1 1151 1152 1158
6393 2 2 5 1 1754 1755 1756
6394 2 2 5 1 1980 5563 5584
6395 2 2 5 1 580 581 582
6396 2 2 5 1 970 971 972
6397 2 2 5 1 1142 1107 5628
6398 2 2 5 1 1236 1900 5614
6399 2 2 5 1 1273 1275 1889
6400 2 2 5 1 1951 1876 1983
6401 2 2 5 1 1922 1921 1923
6402 2 2 5 1 1921 2225 5760
6403 2 2 5 1 2220 2142 2983
6404 2 2 5 1 2285 2286 2961
6405 2 2 5 1 4668 4667 4669
6406 2 2 5 1 5590 5621 5710
6407 2 2 5 1 543 542 544
6408 2 2 5 1 570 569 571
6409 2 2 5 1 624 625 626
6410 2 2 5 1 704 705 706
6411 2 2 5 1 718 721 5599
6412 2 2 5 1 740 741 743
6413 2 2 5 1 761 762 763
6414 2 2 5 1 774 830 863
6415 2 2 5 1 1064 1065 1066
6416 2 2 5 1 1073 1074 1075
6417 2 2 5 1 2163 1086 5585
6418 2 2 5 1 1245 1934 1935
6419 2 2 5 1 1251 1252 1253
6420 2 2 5 1 1257 1950 2140
6421 2 2 5 1 1767 1259 2193
6422 2 2 5 1 2193 1259 5700
6423 2 2 5 1 1730 1731 1732
6424 2 2 5 1 1896 1895 2281
6425 2 2 5 1 2977 1931 5581
6426 2 2 5 1 3011 1997 4114
6427 2 2 5 1 2146 5548 5549
6428 2 2 5 1 2243 5679 5811
6429 2 2 5 1 2971 2256 5345
6430 2 2 5 1 2752 2751 2753
6431 2 2 5 1 5948 5369 5960
6432 2 2 5 1 856 855 956
6433 2 2 5 1 888 886 954
6434 2 2 5 1 1706 1125 5576
6435 2 2 5 1 1239 5634 5711
6436 2 2 5 1 1877 1266 2145
6437 2 2 5 1 545 549 758
6438 2 2 5 1 550 546 1181
6439 2 2 5 1 571 569 5530
6440 2 2 5 1 573 571 687
6441 2 2 5 1 577 575 899
6442 2 2 5 1 576 578 617
6443 2 2 5 1 581 579 688
6444 2 2 5 1 580 582 1167
6445 2 2 5 1 587 585 614
6446 2 2 5 1 590 592 862
6447 2 2 5 1 598 596 5687
6448 2 2 5 1 597 599 601
6449 2 2 5 1 2179 602 5682
6450 2 2 5 1 603 604 605
6451 2 2 5 1 605 606 607
6452 2 2 5 1 607 609 611
6453 2 2 5 1 609 612 5697
6454 2 2 5 1 631 619 637
6455 2 2 5 1 622 621 623
6456 2 2 5 1 624 623 625
6457 2 2 5 1 638 637 639
6458 2 2 5 1 640 639 641
6459 2 2 5 1 642 641 643
6460 2 2 5 1 641 1072 5532
6461 2 2 5 1 644 643 645
6462 2 2 5 1 646 645 647
6463 2 2 5 1 648 647 649
6464 2 2 5 1 650 655 667
6465 2 2 5 1 651 652 653
6466 2 2 5 1 668 655 2143
6467 2 2 5 1 671 658 5753
6468 2 2 5 1 662 663 677
6469 2 2 5 1 1174 673 1724
6470 2 2 5 1 674 680 682
6471 2 2 5 1 681 675 1696
6472 2 2 5 1 677 678 685
6473 2 2 5 1 679 677 5482
6474 2 2 5 1 683 752 773
6475 2 2 5 1 697 694 5519
6476 2 2 5 1 695 696 749
6477 2 2 5 1 699 697 5639
6478 2 2 5 1 701 699 807
6479 2 2 5 1 700 702 742
6480 2 2 5 1 704 706 5444
6481 2 2 5 1 707 705 801
6482 2 2 5 1 706 708 5668
6483 2 2 5 1 713 714 715
6484 2 2 5 1 717 718 5599
6485 2 2 5 1 828 717 1708
6486 2 2 5 1 727 728 1086
6487 2 2 5 1 731 729 1665
6488 2 2 5 1 730 732 733
6489 2 2 5 1 738 735 2191
6490 2 2 5 1 740 743 745
6491 2 2 5 1 747 746 755
6492 2 2 5 1 3007 749 3008
6493 2 2 5 1 756 755 775
6494 2 2 5 1 762 760 1070
6495 2 2 5 1 769 771 1169
6496 2 2 5 1 803 790 815
6497 2 2 5 1 791 804 816
6498 2 2 5 1 799 1044 1045
6499 2 2 5 1 802 819 831
6500 2 2 5 1 821 806 823
6501 2 2 5 1 817 811 5762
6502 2 2 5 1 813 838 839
6503 2 2 5 1 818 846 847
6504 2 2 5 1 828 1715 5541
6505 2 2 5 1 1714 838 5520
6506 2 2 5 1 847 848 849
6507 2 2 5 1 851 848 5429
6508 2 2 5 1 849 850 967
6509 2 2 5 1 1246 854 5483
6510 2 2 5 1 956 855 1010
6511 2 2 5 1 858 859 1000
6512 2 2 5 1 1084 865 1085
6513 2 2 5 1 1007 955 1224
6514 2 2 5 1 970 972 973
6515 2 2 5 1 973 974 1244
6516 2 2 5 1 978 977 1258
6517 2 2 5 1 1000 1001 1228
6518 2 2 5 1 1007 2144 5521
6519 2 2 5 1 1150 1042 5593
6520 2 2 5 1 1045 1046 1047
6521 2 2 5 1 1047 1048 1049
6522 2 2 5 1 1075 1074 1076
6523 2 2 5 1 1078 1170 1171
6524 2 2 5 1 1183 1083 1184
6525 2 2 5 1 1087 1086 1088
6526 2 2 5 1 1089 1088 1090
6527 2 2 5 1 1093 1099 5622
6528 2 2 5 1 1239 1095 5634
6529 2 2 5 1 1096 1097 1102
6530 2 2 5 1 1128 1104 5502
6531 2 2 5 1 1105 1129 1130
6532 2 2 5 1 1106 1107 1142
6533 2 2 5 1 1107 1109 5628
6534 2 2 5 1 1120 1118 5576
6535 2 2 5 1 1130 1131 5534
6536 2 2 5 1 1131 1133 1134
6537 2 2 5 1 1135 1137 1144
6538 2 2 5 1 1146 1137 5714
6539 2 2 5 1 1141 1140 5613
6540 2 2 5 1 1145 1147 1245
6541 2 2 5 1 1223 1146 1266
6542 2 2 5 1 1268 1184 1269
6543 2 2 5 1 1243 5540 5809
6544 2 2 5 1 1876 1266 1877
6545 2 2 5 1 1269 1270 1271
6546 2 2 5 1 1273 1271 1274
6547 2 2 5 1 1273 1889 5438
6548 2 2 5 1 1275 1274 1948
6549 2 2 5 1 1307 1306 1912
6550 2 2 5 1 1699 1698 1928
6551 2 2 5 1 1709 1708 1711
6552 2 2 5 1 1711 2176 2979
6553 2 2 5 1 5618 1718 5764
6554 2 2 5 1 1725 1724 1739
6555 2 2 5 1 1736 1763 2209
6556 2 2 5 1 1740 1739 1757
6557 2 2 5 1 1746 1745 1750
6558 2 2 5 1 1747 1749 1751
6559 2 2 5 1 1750 2263 2268
6560 2 2 5 1 1751 1752 1762
6561 2 2 5 1 1755 1753 1759
6562 2 2 5 1 1758 1755 5523
6563 2 2 5 1 2285 1769 2286
6564 2 2 5 1 1896 2282 2283
6565 2 2 5 1 1913 1912 2244
6566 2 2 5 1 1915 1913 5554
6567 2 2 5 1 1914 1916 2219
6568 2 2 5 1 1917 1915 2236
6569 2 2 5 1 1921 1919 2225
6570 2 2 5 1 1955 1923 2123
6571 2 2 5 1 1938 2152 2978
6572 2 2 5 1 2208 1939 5448
6573 2 2 5 1 1980 1981 2184
6574 2 2 5 1 4114 1997 4115
6575 2 2 5 1 2126 2123 2963
6576 2 2 5 1 2213 2130 2238
6577 2 2 5 1 2896 2162 3053
6578 2 2 5 1 5448 2164 5722
6579 2 2 5 1 2166 2165 2968
6580 2 2 5 1 2166 5330 5464
6581 2 2 5 1 2218 2173 2239
6582 2 2 5 1 5622 2175 5712
6583 2 2 5 1 2180 2177 2181
6584 2 2 5 1 2182 2181 2986
6585 2 2 5 1 2182 5512 5641
6586 2 2 5 1 5512 2187 5625
6587 2 2 5 1 2196 2195 2197
6588 2 2 5 1 2201 2205 2757
6589 2 2 5 1 2207 2204 2995
6590 2 2 5 1 5533 2214 5820
6591 2 2 5 1 2218 2239 3009
6592 2 2 5 1 2220 2983 2984
6593 2 2 5 1 3010 2231 5885
6594 2 2 5 1 2244 2245 5339
6595 2 2 5 1 2269 2268 2270
6596 2 2 5 1 2271 2270 4116
6597 2 2 5 1 2283 2282 2284
6598 2 2 5 1 2763 4741 4742
6599 2 2 5 1 2894 2895 4746
6600 2 2 5 1 2963 5325 5359
6601 2 2 5 1 3018 3017 4731
6602 2 2 5 1 4666 4667 4668
6603 2 2 5 1 4695 5366 5367
6604 2 2 5 1 4747 4749 4750
6605 2 2 5 1 5578 4748 5579
6606 2 2 5 1 5399 5400 5401
6607 2 2 5 1 5401 5402 5403
6608 2 2 5 1 5528 5468 5704
6609 2 2 5 1 106 107 463
6610 2 2 5 1 662 677 679
6611 2 2 5 1 747 755 756
6612 2 2 5 1 774 829 830
6613 2 2 5 1 1263 1041 1264
6614 2 2 5 1 1307 1913 1914
6615 2 2 5 1 2168 1712 2186
6616 2 2 5 1 1756 1755 1758
6617 2 2 5 1 2213 2238 5396
6618 2 2 5 1 4662 5575 5685
6619 2 2 5 1 132 133 5537
6620 2 2 5 1 5591 505 5774
6621 2 2 5 1 529 528 530
6622 2 2 5 1 757 789 797
6623 2 2 5 1 853 844 854
6624 2 2 5 1 1075 1076 1077
6625 2 2 5 1 1899 1898 5617
6626 2 2 5 1 1948 2202 2260
6627 2 2 5 1 2148 2149 2150
6628 2 2 5 1 2979 2176 5590
6629 2 2 5 1 5330 5329 5332
6630 2 2 5 1 535 534 536
6631 2 2 5 1 553 552 554
6632 2 2 5 1 560 561 562
6633 2 2 5 1 567 562 568
6634 2 2 5 1 574 575 576
6635 2 2 5 1 576 577 578
6636 2 2 5 1 586 587 588
6637 2 2 5 1 607 620 5647
6638 2 2 5 1 620 621 622
6639 2 2 5 1 1159 622 5481
6640 2 2 5 1 799 630 1044
6641 2 2 5 1 651 649 652
6642 2 2 5 1 654 652 1721
6643 2 2 5 1 669 670 683
6644 2 2 5 1 752 684 753
6645 2 2 5 1 717 716 718
6646 2 2 5 1 718 719 720
6647 2 2 5 1 775 755 783
6648 2 2 5 1 771 790 791
6649 2 2 5 1 778 779 780
6650 2 2 5 1 780 781 782
6651 2 2 5 1 788 5597 5632
6652 2 2 5 1 836 5532 5533
6653 2 2 5 1 859 854 1246
6654 2 2 5 1 969 5526 5663
6655 2 2 5 1 1024 1300 1673
6656 2 2 5 1 1057 1056 1058
6657 2 2 5 1 1249 1061 5435
6658 2 2 5 1 1126 1141 1153
6659 2 2 5 1 1154 1156 1240
6660 2 2 5 1 1253 1277 1278
6661 2 2 5 1 1303 1304 1305
6662 2 2 5 1 2713 1665 2714
6663 2 2 5 1 1710 5524 5613
6664 2 2 5 1 1894 1893 2280
6665 2 2 5 1 1937 1936 2989
6666 2 2 5 1 2001 2000 2751
6667 2 2 5 1 5590 2176 5621
6668 2 2 5 1 2257 2232 2258
6669 2 2 5 1 2969 2235 2970
6670 2 2 5 1 2237 5393 5394
6671 2 2 5 1 4695 2962 5366
6672 2 2 5 1 5627 2987 5664
6673 2 2 5 1 5429 5521 5522
6674 2 2 5 1 685 689 1073
6675 2 2 5 1 2180 2181 2182
6676 2 2 5 1 2698 2697 4660
6677 2 2 5 1 114 115 505
6678 2 2 5 1 135 136 507
6679 2 2 5 1 530 528 2122
6680 2 2 5 1 616 5727 5796
6681 2 2 5 1 645 643 836
6682 2 2 5 1 695 694 696
6683 2 2 5 1 733 736 5542
6684 2 2 5 1 844 1714 5483
6685 2 2 5 1 850 848 851
6686 2 2 5 1 1012 1011 1221
6687 2 2 5 1 1042 1263 5593
6688 2 2 5 1 1090 1088 5565
6689 2 2 5 1 1089 1091 1148
6690 2 2 5 1 1091 1093 5622
6691 2 2 5 1 1093 1094 1098
6692 2 2 5 1 1097 1095 1239
6693 2 2 5 1 1130 1129 1131
6694 2 2 5 1 1131 1132 1133
6695 2 2 5 1 1895 1262 1897
6696 2 2 5 1 1900 1899 1901
6697 2 2 5 1 2771 1989 2953
6698 2 2 5 1 2963 2123 5325
6699 2 2 5 1 2127 2128 2129
6700 2 2 5 1 2196 2197 2198
6701 2 2 5 1 2267 2266 2890
6702 2 2 5 1 5569 2283 5570
6703 2 2 5 1 5542 5627 5664
6704 2 2 5 1 5551 5625 5630
6705 2 2 5 1 650 651 655
6706 2 2 5 1 683 670 684
6707 2 2 5 1 697 5519 5639
6708 2 2 5 1 728 729 730
6709 2 2 5 1 787 788 805
6710 2 2 5 1 1213 959 1214
6711 2 2 5 1 1006 5848 5861
6712 2 2 5 1 2177 1108 5604
6713 2 2 5 1 2994 1124 5566
6714 2 2 5 1 1148 5590 5710
6715 2 2 5 1 1149 1150 1151
6716 2 2 5 1 1301 1214 1694
6717 2 2 5 1 1263 1264 1891
6718 2 2 5 1 1902 1904 5584
6719 2 2 5 1 2986 2181 2987
6720 2 2 5 1 2186 2187 2188
6721 2 2 5 1 682 680 750
6722 2 2 5 1 751 750 792
6723 2 2 5 1 818 845 846
6724 2 2 5 1 839 838 844
6725 2 2 5 1 973 972 974
6726 2 2 5 1 976 1011 1012
6727 2 2 5 1 1000 1669 5689
6728 2 2 5 1 1091 1092 1093
6729 2 2 5 1 1099 1098 1100
6730 2 2 5 1 1101 1104 1105
6731 2 2 5 1 1106 1103 1107
6732 2 2 5 1 1105 1104 1128
6733 2 2 5 1 1113 1114 1115
6734 2 2 5 1 1115 1116 1117
6735 2 2 5 1 1121 5645 5677
6736 2 2 5 1 1144 1137 1145
6737 2 2 5 1 1143 1236 5614
6738 2 2 5 1 1271 1270 1272
6739 2 2 5 1 1292 1695 1734
6740 2 2 5 1 1295 1294 1811
6741 2 2 5 1 1295 2223 5770
6742 2 2 5 1 1743 1742 1744
6743 2 2 5 1 1907 1980 5584
6744 2 2 5 1 1938 1939 2152
6745 2 2 5 1 1993 1992 2932
6746 2 2 5 1 2190 2196 5646
6747 2 2 5 1 2196 2198 2199
6748 2 2 5 1 2198 2756 5623
6749 2 2 5 1 2246 2247 2248
6750 2 2 5 1 2276 2277 2278
6751 2 2 5 1 535 536 537
6752 2 2 5 1 551 552 553
6753 2 2 5 1 5530 569 5699
6754 2 2 5 1 597 598 599
6755 2 2 5 1 603 602 604
6756 2 2 5 1 621 611 1080
6757 2 2 5 1 618 619 630
6758 2 2 5 1 631 638 657
6759 2 2 5 1 658 636 659
6760 2 2 5 1 653 652 654
6761 2 2 5 1 660 654 661
6762 2 2 5 1 718 716 719
6763 2 2 5 1 730 731 732
6764 2 2 5 1 733 732 734
6765 2 2 5 1 737 738 740
6766 2 2 5 1 743 744 748
6767 2 2 5 1 826 840 841
6768 2 2 5 1 841 977 978
6769 2 2 5 1 1049 1048 1050
6770 2 2 5 1 1077 1078 1079
6771 2 2 5 1 1140 1125 1706
6772 2 2 5 1 1155 1141 5613
6773 2 2 5 1 1234 1770 2206
6774 2 2 5 1 1240 1707 1893
6775 2 2 5 1 1279 1998 2000
6776 2 2 5 1 2176 1708 5599
6777 2 2 5 1 1897 1959 2279
6778 2 2 5 1 1901 1899 2119
6779 2 2 5 1 1900 1901 1902
6780 2 2 5 1 2189 1902 5584
6781 2 2 5 1 1907 1906 1978
6782 2 2 5 1 1907 1978 1979
6783 2 2 5 1 5485 2156 5486
6784 2 2 5 1 2159 2212 2251
6785 2 2 5 1 2275 5257 5617
6786 2 2 5 1 4755 4753 4756
6787 2 2 5 1 5455 5454 5497
6788 2 2 5 1 503 125 5558
6789 2 2 5 1 507 136 5545
6790 2 2 5 1 560 559 561
6791 2 2 5 1 607 611 620
6792 2 2 5 1 646 647 648
6793 2 2 5 1 667 655 668
6794 2 2 5 1 1058 1059 1060
6795 2 2 5 1 1113 1111 1114
6796 2 2 5 1 1115 1114 1116
6797 2 2 5 1 1116 1139 5551
6798 2 2 5 1 1178 1179 1180
6799 2 2 5 1 1261 1262 1895
6800 2 2 5 1 1767 2261 2262
6801 2 2 5 1 1991 1874 2011
6802 2 2 5 1 1922 1923 1954
6803 2 2 5 1 1932 2147 2148
6804 2 2 5 1 4751 4752 4753
6805 2 2 5 1 128 129 506
6806 2 2 5 1 130 131 479
6807 2 2 5 1 529 530 531
6808 2 2 5 1 538 536 810
6809 2 2 5 1 544 542 666
6810 2 2 5 1 662 661 663
6811 2 2 5 1 681 1696 1697
6812 2 2 5 1 756 777 5603
6813 2 2 5 1 805 820 822
6814 2 2 5 1 822 860 861
6815 2 2 5 1 824 823 825
6816 2 2 5 1 844 838 1714
6817 2 2 5 1 841 840 977
6818 2 2 5 1 845 955 1007
6819 2 2 5 1 956 1010 1226
6820 2 2 5 1 1112 1113 1124
6821 2 2 5 1 1113 1115 5566
6822 2 2 5 1 1117 1119 1121
6823 2 2 5 1 1119 1118 1120
6824 2 2 5 1 1118 5551 5576
6825 2 2 5 1 1123 1120 1125
6826 2 2 5 1 1122 1138 1143
6827 2 2 5 1 2190 1124 2195
6828 2 2 5 1 2195 1124 2994
6829 2 2 5 1 1131 1129 1132
6830 2 2 5 1 1140 1706 1710
6831 2 2 5 1 1154 1141 1155
6832 2 2 5 1 1154 1240 5586
6833 2 2 5 1 1158 5669 5690
6834 2 2 5 1 1234 1769 1770
6835 2 2 5 1 1263 1891 2178
6836 2 2 5 1 1274 1271 5577
6837 2 2 5 1 1710 1712 2168
6838 2 2 5 1 1717 2153 2154
6839 2 2 5 1 1770 2285 2287
6840 2 2 5 1 1904 1907 5584
6841 2 2 5 1 1907 1979 1980
6842 2 2 5 1 2276 1908 2277
6843 2 2 5 1 1917 2236 5433
6844 2 2 5 1 2991 1936 5544
6845 2 2 5 1 2202 1949 2246
6846 2 2 5 1 1981 1992 1993
6847 2 2 5 1 2932 1992 4644
6848 2 2 5 1 2029 2121 2736
6849 2 2 5 1 2238 2130 5348
6850 2 2 5 1 2138 2137 2964
6851 2 2 5 1 2154 2153 2156
6852 2 2 5 1 5524 2153 5613
6853 2 2 5 1 2257 2972 5907
6854 2 2 5 1 5623 2756 5624
6855 2 2 5 1 2896 3053 4830
6856 2 2 5 1 2998 2997 5446
6857 2 2 5 1 4749 4748 5578
6858 2 2 5 1 780 782 787
6859 2 2 5 1 1117 1118 1119
6860 2 2 5 1 1153 1154 5586
6861 2 2 5 1 1769 1233 5696
6862 2 2 5 1 1666 2713 4726
6863 2 2 5 1 1893 1707 2155
6864 2 2 5 1 1717 2154 2160
6865 2 2 5 1 5398 1718 5618
6866 2 2 5 1 2264 1958 5620
6867 2 2 5 1 2234 2222 2935
6868 2 2 5 1 5669 2990 5690
6869 2 2 5 1 2994 5713 5728
6870 2 2 5 1 5841 3009 5846
6871 2 2 5 1 527 528 529
6872 2 2 5 1 836 643 5532
6873 2 2 5 1 644 645 646
6874 2 2 5 1 791 803 804
6875 2 2 5 1 1078 1076 1170
6876 2 2 5 1 1105 1128 1129
6877 2 2 5 1 1124 1113 5566
6878 2 2 5 1 2145 1266 5714
6879 2 2 5 1 1293 1291 1808
6880 2 2 5 1 1752 1749 1753
6881 2 2 5 1 1848 1811 2772
6882 2 2 5 1 2275 1908 2276
6883 2 2 5 1 1980 2184 5563
6884 2 2 5 1 2029 2736 4758
6885 2 2 5 1 2173 2171 2174
6886 2 2 5 1 2972 2258 5342
6887 2 2 5 1 2284 2282 5183
6888 2 2 5 1 810 536 5480
6889 2 2 5 1 549 550 551
6890 2 2 5 1 570 571 572
6891 2 2 5 1 899 575 5598
6892 2 2 5 1 609 610 612
6893 2 2 5 1 627 625 628
6894 2 2 5 1 626 627 629
6895 2 2 5 1 626 629 759
6896 2 2 5 1 632 628 633
6897 2 2 5 1 677 663 678
6898 2 2 5 1 685 678 686
6899 2 2 5 1 683 684 752
6900 2 2 5 1 685 1073 5482
6901 2 2 5 1 696 697 698
6902 2 2 5 1 698 699 700
6903 2 2 5 1 807 699 5639
6904 2 2 5 1 742 702 5667
6905 2 2 5 1 704 703 705
6906 2 2 5 1 708 707 709
6907 2 2 5 1 710 709 739
6908 2 2 5 1 721 720 722
6909 2 2 5 1 730 729 731
6910 2 2 5 1 737 735 738
6911 2 2 5 1 740 745 5588
6912 2 2 5 1 743 741 744
6913 2 2 5 1 744 747 5666
6914 2 2 5 1 756 776 777
6915 2 2 5 1 763 762 764
6916 2 2 5 1 802 781 819
6917 2 2 5 1 805 806 820
6918 2 2 5 1 843 842 885
6919 2 2 5 1 885 1009 1210
6920 2 2 5 1 887 889 1924
6921 2 2 5 1 1107 1103 1108
6922 2 2 5 1 1153 1141 1154
6923 2 2 5 1 1154 1155 1156
6924 2 2 5 1 2153 1155 5613
6925 2 2 5 1 1183 1184 1268
6926 2 2 5 1 5740 1210 5886
6927 2 2 5 1 1898 1235 1908
6928 2 2 5 1 1256 1726 2210
6929 2 2 5 1 1279 2001 5695
6930 2 2 5 1 1669 1857 1997
6931 2 2 5 1 1711 2979 2980
6932 2 2 5 1 1854 1766 3016
6933 2 2 5 1 1902 1903 1904
6934 2 2 5 1 1904 1905 1906
6935 2 2 5 1 1904 1906 1907
6936 2 2 5 1 2277 1908 5589
6937 2 2 5 1 2157 2156 5485
6938 2 2 5 1 4759 2736 5169
6939 2 2 5 1 2936 4708 4709
6940 2 2 5 1 5378 2970 5379
6941 2 2 5 1 2991 5544 5609
6942 2 2 5 1 4667 4665 4670
6943 2 2 5 1 5615 5586 5631
6944 2 2 5 1 803 815 5761
6945 2 2 5 1 974 972 975
6946 2 2 5 1 1094 1092 1095
6947 2 2 5 1 1093 1098 1099
6948 2 2 5 1 1111 1110 5600
6949 2 2 5 1 1112 1124 2190
6950 2 2 5 1 1122 1123 1138
6951 2 2 5 1 1143 1138 1235
6952 2 2 5 1 1295 1848 2223
6953 2 2 5 1 1900 1902 2189
6954 2 2 5 1 2199 2198 2697
6955 2 2 5 1 2698 4660 4661
6956 2 2 5 1 5589 5612 5615
6957 2 2 5 1 690 686 691
6958 2 2 5 1 702 701 703
6959 2 2 5 1 753 754 757
6960 2 2 5 1 833 842 843
6961 2 2 5 1 1087 1088 1089
6962 2 2 5 1 1089 1090 1091
6963 2 2 5 1 1122 1120 1123
6964 2 2 5 1 1136 5494 5714
6965 2 2 5 1 5589 1138 5612
6966 2 2 5 1 1143 1235 1236
6967 2 2 5 1 1266 1146 5714
6968 2 2 5 1 1233 1150 5593
6969 2 2 5 1 1152 1233 1234
6970 2 2 5 1 1153 5586 5615
6971 2 2 5 1 1717 1155 2153
6972 2 2 5 1 1240 1156 1707
6973 2 2 5 1 1158 5506 5616
6974 2 2 5 1 1236 1898 1899
6975 2 2 5 1 1261 1895 1896
6976 2 2 5 1 1892 1264 1931
6977 2 2 5 1 1880 1276 1929
6978 2 2 5 1 1928 1698 2132
6979 2 2 5 1 1715 1709 1716
6980 2 2 5 1 2186 1712 2187
6981 2 2 5 1 2281 1895 5516
6982 2 2 5 1 1896 2281 2282
6983 2 2 5 1 1900 2189 5614
6984 2 2 5 1 1902 1901 1903
6985 2 2 5 1 1904 1903 1905
6986 2 2 5 1 1906 1905 2029
6987 2 2 5 1 2244 1912 2245
6988 2 2 5 1 2236 1915 5554
6989 2 2 5 1 1937 2992 5603
6990 2 2 5 1 2895 2145 5494
6991 2 2 5 1 2987 2181 5583
6992 2 2 5 1 2182 2986 5511
6993 2 2 5 1 5692 2184 5713
6994 2 2 5 1 2275 5164 5257
6995 2 2 5 1 4758 2736 4759
6996 2 2 5 1 4747 2895 4748
6997 2 2 5 1 5645 5563 5677
6998 2 2 5 1 689 686 690
6999 2 2 5 1 1083 709 5536
7000 2 2 5 1 722 723 726
7001 2 2 5 1 734 735 737
7002 2 2 5 1 856 956 957
7003 2 2 5 1 1088 1086 2163
7004 2 2 5 1 1096 1095 1097
7005 2 2 5 1 1102 1097 1103
7006 2 2 5 1 1109 1110 1111
7007 2 2 5 1 1135 1136 1137
7008 2 2 5 1 1254 1162 1255
7009 2 2 5 1 1896 2283 5569
7010 2 2 5 1 1981 1979 1992
7011 2 2 5 1 4663 4661 4664
7012 2 2 5 1 5336 5337 5356
7013 2 2 5 1 582 583 584
7014 2 2 5 1 584 585 586
7015 2 2 5 1 769 770 771
7016 2 2 5 1 1169 771 5562
7017 2 2 5 1 961 962 1006
7018 2 2 5 1 1101 1100 1104
7019 2 2 5 1 1112 1111 1113
7020 2 2 5 1 1954 1923 1955
7021 2 2 5 1 2180 2182 5641
7022 2 2 5 1 5652 2227 5801
7023 2 2 5 1 4663 4664 4665
7024 2 2 5 1 4747 4748 4749
7025 2 2 5 1 609 606 610
7026 2 2 5 1 615 613 616
7027 2 2 5 1 618 616 619
7028 2 2 5 1 622 623 624
7029 2 2 5 1 636 633 837
7030 2 2 5 1 635 658 671
7031 2 2 5 1 663 661 800
7032 2 2 5 1 692 693 694
7033 2 2 5 1 696 694 697
7034 2 2 5 1 698 697 699
7035 2 2 5 1 700 699 701
7036 2 2 5 1 706 707 708
7037 2 2 5 1 708 713 5668
7038 2 2 5 1 715 717 828
7039 2 2 5 1 739 1083 1183
7040 2 2 5 1 745 743 5568
7041 2 2 5 1 1936 778 5544
7042 2 2 5 1 863 830 864
7043 2 2 5 1 843 885 886
7044 2 2 5 1 861 1042 1149
7045 2 2 5 1 885 1210 5740
7046 2 2 5 1 1163 978 1164
7047 2 2 5 1 1042 1041 1263
7048 2 2 5 1 1152 1150 1233
7049 2 2 5 1 1255 1162 2170
7050 2 2 5 1 1166 1259 1260
7051 2 2 5 1 1166 1260 1261
7052 2 2 5 1 1183 1268 1279
7053 2 2 5 1 1210 1667 1668
7054 2 2 5 1 1240 1894 5586
7055 2 2 5 1 1891 1264 1892
7056 2 2 5 1 1710 1706 1712
7057 2 2 5 1 1741 1742 1743
7058 2 2 5 1 2178 1891 2290
7059 2 2 5 1 2989 1936 2991
7060 2 2 5 1 2192 1941 2228
7061 2 2 5 1 1980 1979 1981
7062 2 2 5 1 2165 2151 2167
7063 2 2 5 1 2152 2208 5462
7064 2 2 5 1 2968 2165 5445
7065 2 2 5 1 2269 2271 2272
7066 2 2 5 1 2987 5583 5711
7067 2 2 5 1 5603 2992 5666
7068 2 2 5 1 4662 4661 4663
7069 2 2 5 1 4755 4756 5454
7070 2 2 5 1 5467 5468 5528
7071 2 2 5 1 531 532 533
7072 2 2 5 1 1099 2175 5622
7073 2 2 5 1 5566 1115 5594
7074 2 2 5 1 1117 1116 1118
7075 2 2 5 1 1236 1899 1900
7076 2 2 5 1 2029 1905 2121
7077 2 2 5 1 2246 1949 2247
7078 2 2 5 1 3006 5471 5880
7079 2 2 5 1 95 96 522
7080 2 2 5 1 97 98 502
7081 2 2 5 1 99 100 481
7082 2 2 5 1 109 110 501
7083 2 2 5 1 116 117 453
7084 2 2 5 1 118 119 504
7085 2 2 5 1 124 125 503
7086 2 2 5 1 126 127 460
7087 2 2 5 1 133 134 458
7088 2 2 5 1 137 138 477
7089 2 2 5 1 142 143 521
7090 2 2 5 1 529 531 1209
7091 2 2 5 1 533 535 963
7092 2 2 5 1 539 541 814
7093 2 2 5 1 554 552 556
7094 2 2 5 1 553 555 676
7095 2 2 5 1 561 559 563
7096 2 2 5 1 560 562 567
7097 2 2 5 1 568 570 634
7098 2 2 5 1 572 574 1168
7099 2 2 5 1 634 5654 5872
7100 2 2 5 1 644 646 656
7101 2 2 5 1 664 673 1174
7102 2 2 5 1 718 720 721
7103 2 2 5 1 721 722 5571
7104 2 2 5 1 722 726 727
7105 2 2 5 1 733 734 736
7106 2 2 5 1 5542 736 5627
7107 2 2 5 1 736 5619 5678
7108 2 2 5 1 744 741 746
7109 2 2 5 1 745 5568 5582
7110 2 2 5 1 747 5603 5666
7111 2 2 5 1 777 776 778
7112 2 2 5 1 777 1936 1937
7113 2 2 5 1 780 779 781
7114 2 2 5 1 799 1045 5395
7115 2 2 5 1 812 811 817
7116 2 2 5 1 856 957 969
7117 2 2 5 1 861 1041 1042
7118 2 2 5 1 970 957 971
7119 2 2 5 1 1011 975 1227
7120 2 2 5 1 1012 1222 1250
7121 2 2 5 1 1149 1042 1150
7122 2 2 5 1 1073 1075 5397
7123 2 2 5 1 1091 1090 1092
7124 2 2 5 1 1093 1092 1094
7125 2 2 5 1 1094 1095 1096
7126 2 2 5 1 1099 1101 2175
7127 2 2 5 1 1104 1100 1127
7128 2 2 5 1 1102 1103 1106
7129 2 2 5 1 1108 1103 5604
7130 2 2 5 1 1182 1106 5575
7131 2 2 5 1 1110 1108 2177
7132 2 2 5 1 1109 1111 1112
7133 2 2 5 1 1116 1114 1139
7134 2 2 5 1 1115 1117 5594
7135 2 2 5 1 1118 1116 5551
7136 2 2 5 1 1123 1125 1126
7137 2 2 5 1 1126 1125 1140
7138 2 2 5 1 1151 1150 1152
7139 2 2 5 1 1156 1155 1717
7140 2 2 5 1 1166 1261 5569
7141 2 2 5 1 1171 1170 1172
7142 2 2 5 1 1226 1879 2221
7143 2 2 5 1 1234 1233 1769
7144 2 2 5 1 1240 1893 1894
7145 2 2 5 1 1277 1252 1878
7146 2 2 5 1 1260 1259 1767
7147 2 2 5 1 1897 1262 1958
7148 2 2 5 1 1666 1665 2713
7149 2 2 5 1 1704 1873 2069
7150 2 2 5 1 1706 5576 5630
7151 2 2 5 1 1710 2168 5524
7152 2 2 5 1 1737 1738 2146
7153 2 2 5 1 1767 2193 2261
7154 2 2 5 1 1856 2071 2226
7155 2 2 5 1 2119 1899 5617
7156 2 2 5 1 1918 1919 1920
7157 2 2 5 1 1937 2989 2990
7158 2 2 5 1 2235 1950 3005
7159 2 2 5 1 2182 5511 5512
7160 2 2 5 1 2190 2195 2196
7161 2 2 5 1 2198 2197 2756
7162 2 2 5 1 2697 2198 5623
7163 2 2 5 1 2199 2697 2698
7164 2 2 5 1 2251 2212 3013
7165 2 2 5 1 2275 2276 5164
7166 2 2 5 1 2698 4661 4662
7167 2 2 5 1 2752 2753 2988
7168 2 2 5 1 2969 5378 5380
7169 2 2 5 1 2980 2979 5474
7170 2 2 5 1 2986 2987 5627
7171 2 2 5 1 3045 3046 4629
7172 2 2 5 1 4629 4630 4999
7173 2 2 5 1 4662 4663 5552
7174 2 2 5 1 4663 4665 4666
7175 2 2 5 1 4666 4668 5467
7176 2 2 5 1 5467 4668 5468
7177 2 2 5 1 4752 4749 5578
7178 2 2 5 1 4751 4753 4754
7179 2 2 5 1 600 672 774
7180 2 2 5 1 695 749 3007
7181 2 2 5 1 850 851 852
7182 2 2 5 1 864 865 1084
7183 2 2 5 1 968 1306 1307
7184 2 2 5 1 1121 1119 5605
7185 2 2 5 1 1220 1872 5328
7186 2 2 5 1 1236 1235 1898
7187 2 2 5 1 1926 1925 2214
7188 2 2 5 1 1927 2130 2213
7189 2 2 5 1 568 569 570
7190 2 2 5 1 595 596 597
7191 2 2 5 1 667 668 669
7192 2 2 5 1 838 789 5520
7193 2 2 5 1 1012 1221 1222
7194 2 2 5 1 1055 1056 1057
7195 2 2 5 1 1103 1097 5604
7196 2 2 5 1 1250 1222 1251
7197 2 2 5 1 1248 1247 1940
7198 2 2 5 1 1255 2170 2171
7199 2 2 5 1 1261 1896 5569
7200 2 2 5 1 1297 1849 2131
7201 2 2 5 1 1847 1808 2768
7202 2 2 5 1 2288 2150 5385
7203 2 2 5 1 2172 2171 2173
7204 2 2 5 1 2269 2270 2271
7205 2 2 5 1 2961 2286 5145
7206 2 2 5 1 2714 5561 5795
7207 2 2 5 1 5568 5486 5582
7208 2 2 5 1 140 141 487
7209 2 2 5 1 533 534 535
7210 2 2 5 1 597 596 598
7211 2 2 5 1 599 598 600
7212 2 2 5 1 601 603 1713
7213 2 2 5 1 631 637 638
7214 2 2 5 1 638 639 640
7215 2 2 5 1 642 643 644
7216 2 2 5 1 728 726 729
7217 2 2 5 1 727 1086 1087
7218 2 2 5 1 744 746 747
7219 2 2 5 1 765 764 766
7220 2 2 5 1 766 767 768
7221 2 2 5 1 805 788 806
7222 2 2 5 1 857 826 5574
7223 2 2 5 1 1109 1108 1110
7224 2 2 5 1 1119 1120 1122
7225 2 2 5 1 1744 1746 1747
7226 2 2 5 1 1750 1745 2263
7227 2 2 5 1 1770 1769 2285
7228 2 2 5 1 1898 1908 2275
7229 2 2 5 1 5629 2206 5717
7230 2 2 5 1 2241 2224 2773
7231 2 2 5 1 2272 2762 2763
7232 2 2 5 1 2698 4662 5685
7233 2 2 5 1 2770 2888 4276
7234 2 2 5 1 2986 5627 5678
7235 2 2 5 1 4750 4749 4751
7236 2 2 5 1 4754 4753 4755
7237 2 2 5 1 5448 5722 5723
7238 2 2 5 1 1135 1133 1136
7239 2 2 5 1 1245 1147 1308
7240 2 2 5 1 2277 5615 5631
7241 2 2 5 1 5491 113 5591
7242 2 2 5 1 722 720 723
7243 2 2 5 1 731 1665 1666
7244 2 2 5 1 792 750 1071
7245 2 2 5 1 756 775 776
7246 2 2 5 1 835 960 961
7247 2 2 5 1 958 959 1213
7248 2 2 5 1 1148 1091 5622
7249 2 2 5 1 1126 1140 1141
7250 2 2 5 1 1226 1276 1879
7251 2 2 5 1 5422 1288 5797
7252 2 2 5 1 2152 1939 2208
7253 2 2 5 1 2148 2147 2149
7254 2 2 5 1 2988 2753 5656
7255 2 2 5 1 4666 4665 4667
7256 2 2 5 1 5756 5626 5801
7257 2 2 5 1 1066 1081 1082
7258 2 2 5 1 1097 1239 5604
7259 2 2 5 1 5600 2180 5641
7260 2 2 5 1 2997 5357 5886
7261 2 2 5 1 4733 4732 4843
7262 2 2 5 1 121 122 455
7263 2 2 5 1 674 675 680
7264 2 2 5 1 676 5548 5893
7265 2 2 5 1 772 2165 2166
7266 2 2 5 1 797 813 832
7267 2 2 5 1 804 811 812
7268 2 2 5 1 1224 955 1703
7269 2 2 5 1 969 957 970
7270 2 2 5 1 1107 1108 1109
7271 2 2 5 1 1117 1121 5594
7272 2 2 5 1 1128 5502 5503
7273 2 2 5 1 1938 1716 1939
7274 2 2 5 1 1927 2213 2243
7275 2 2 5 1 2144 2161 5706
7276 2 2 5 1 2763 2762 4741
7277 2 2 5 1 2969 2970 5378
7278 2 2 5 1 549 546 550
7279 2 2 5 1 601 599 602
7280 2 2 5 1 612 613 615
7281 2 2 5 1 663 800 5660
7282 2 2 5 1 829 672 1719
7283 2 2 5 1 1000 859 1001
7284 2 2 5 1 1122 1143 5605
7285 2 2 5 1 1235 1138 5589
7286 2 2 5 1 1151 1158 5690
7287 2 2 5 1 5612 1153 5615
7288 2 2 5 1 1165 1164 1166
7289 2 2 5 1 1223 1876 1951
7290 2 2 5 1 1736 1278 1763
7291 2 2 5 1 1732 1731 1845
7292 2 2 5 1 1767 2262 5730
7293 2 2 5 1 1937 2990 2992
7294 2 2 5 1 2752 2988 5752
7295 2 2 5 1 578 577 579
7296 2 2 5 1 588 587 589
7297 2 2 5 1 590 589 591
7298 2 2 5 1 648 649 650
7299 2 2 5 1 791 790 803
7300 2 2 5 1 1066 1082 1175
7301 2 2 5 1 1142 5646 5685
7302 2 2 5 1 1251 1222 1252
7303 2 2 5 1 1241 1242 1925
7304 2 2 5 1 1719 672 5687
7305 2 2 5 1 692 691 693
7306 2 2 5 1 706 705 707
7307 2 2 5 1 707 801 5536
7308 2 2 5 1 740 738 741
7309 2 2 5 1 778 776 779
7310 2 2 5 1 777 778 1936
7311 2 2 5 1 782 781 802
7312 2 2 5 1 813 789 838
7313 2 2 5 1 809 808 834
7314 2 2 5 1 849 967 968
7315 2 2 5 1 5381 852 5640
7316 2 2 5 1 1085 865 1162
7317 2 2 5 1 1306 967 1701
7318 2 2 5 1 1119 1122 5605
7319 2 2 5 1 1126 1153 5612
7320 2 2 5 1 5605 1143 5614
7321 2 2 5 1 1166 1164 1259
7322 2 2 5 1 1223 1266 1876
7323 2 2 5 1 1289 1291 1292
7324 2 2 5 1 1947 1308 2252
7325 2 2 5 1 1880 2955 5818
7326 2 2 5 1 1914 1913 1915
7327 2 2 5 1 2226 2071 2265
7328 2 2 5 1 2154 2156 2157
7329 2 2 5 1 2169 2192 5382
7330 2 2 5 1 2189 5563 5645
7331 2 2 5 1 2195 2994 5728
7332 2 2 5 1 2262 2261 3025
7333 2 2 5 1 2278 2277 5631
7334 2 2 5 1 2277 5589 5615
7335 2 2 5 1 2994 5692 5713
7336 2 2 5 1 1765 1855 1856
7337 2 2 5 1 537 538 539
7338 2 2 5 1 541 542 543
7339 2 2 5 1 558 559 560
7340 2 2 5 1 612 610 613
7341 2 2 5 1 714 710 5734
7342 2 2 5 1 716 714 5572
7343 2 2 5 1 841 978 1163
7344 2 2 5 1 853 858 1030
7345 2 2 5 1 1081 1248 5681
7346 2 2 5 1 1102 1106 1182
7347 2 2 5 1 1165 5570 5751
7348 2 2 5 1 3019 3006 5473
7349 2 2 5 1 4669 5504 5675
7350 2 2 5 1 4709 4708 4739
7351 2 2 5 1 607 606 609
7352 2 2 5 1 654 1721 5805
7353 2 2 5 1 715 714 716
7354 2 2 5 1 727 726 728
7355 2 2 5 1 747 756 5603
7356 2 2 5 1 828 1709 1715
7357 2 2 5 1 5532 1072 5716
7358 2 2 5 1 1099 1100 1101
7359 2 2 5 1 1165 1166 5569
7360 2 2 5 1 5459 1738 5839
7361 2 2 5 1 2212 1946 5460
7362 2 2 5 1 2134 5368 5369
7363 2 2 5 1 1110 2177 2180
7364 2 2 5 1 1920 1921 1922
7365 2 2 5 1 2289 5693 5694
7366 2 2 5 1 2988 5649 5752
7367 2 2 5 1 5888 3019 5889
7368 2 2 5 1 104 105 500
7369 2 2 5 1 582 581 583
7370 2 2 5 1 1046 1044 2183
7371 2 2 5 1 1149 1151 5705
7372 2 2 5 1 1908 1235 5589
7373 2 2 5 1 1697 1698 1699
7374 2 2 5 1 1717 2160 5606
7375 2 2 5 1 1751 1749 1752
7376 2 2 5 1 5526 2140 5663
7377 2 2 5 1 5593 2178 5696
7378 2 2 5 1 2221 2222 2234
7379 2 2 5 1 708 709 710
7380 2 2 5 1 713 5541 5668
7381 2 2 5 1 1282 1280 1810
7382 2 2 5 1 2001 2752 2993
7383 2 2 5 1 3018 4731 4732
7384 2 2 5 1 3018 4732 4733
7385 2 2 5 1 578 579 580
7386 2 2 5 1 588 589 590
7387 2 2 5 1 1138 1123 5612
7388 2 2 5 1 5506 2206 5763
7389 2 2 5 1 3906 3907 3926
7390 2 2 5 1 537 536 538
7391 2 2 5 1 539 540 541
7392 2 2 5 1 593 594 5670
7393 2 2 5 1 606 604 5540
7394 2 2 5 1 632 635 5518
7395 2 2 5 1 5444 706 5668
7396 2 2 5 1 732 731 5636
7397 2 2 5 1 825 823 2933
7398 2 2 5 1 1123 1126 5612
7399 2 2 5 1 1233 5593 5696
7400 2 2 5 1 1297 1296 1809
7401 2 2 5 1 1733 1729 5861
7402 2 2 5 1 1945 5791 5864
7403 2 2 5 1 1993 2932 5733
7404 2 2 5 1 5513 5511 5678
7405 2 2 5 1 561 563 4299
7406 2 2 5 1 973 1244 1257
7407 2 2 5 1 976 975 1011
7408 2 2 5 1 1220 1265 1872
7409 2 2 5 1 2894 2145 2895
7410 2 2 5 1 98 99 5567
7411 2 2 5 1 584 586 608
7412 2 2 5 1 593 591 594
7413 2 2 5 1 596 593 5670
7414 2 2 5 1 600 598 672
7415 2 2 5 1 601 602 603
7416 2 2 5 1 613 610 1243
7417 2 2 5 1 620 611 621
7418 2 2 5 1 612 615 2185
7419 2 2 5 1 615 618 5824
7420 2 2 5 1 618 630 799
7421 2 2 5 1 620 1159 5647
7422 2 2 5 1 626 625 627
7423 2 2 5 1 627 628 632
7424 2 2 5 1 632 633 635
7425 2 2 5 1 837 633 5648
7426 2 2 5 1 635 636 658
7427 2 2 5 1 650 649 651
7428 2 2 5 1 653 654 660
7429 2 2 5 1 658 659 664
7430 2 2 5 1 660 661 662
7431 2 2 5 1 1160 660 5559
7432 2 2 5 1 664 665 673
7433 2 2 5 1 774 672 829
7434 2 2 5 1 682 750 751
7435 2 2 5 1 5747 682 5830
7436 2 2 5 1 753 684 754
7437 2 2 5 1 685 686 689
7438 2 2 5 1 1073 689 1074
7439 2 2 5 1 693 691 1720
7440 2 2 5 1 692 694 695
7441 2 2 5 1 5519 693 5671
7442 2 2 5 1 709 707 5536
7443 2 2 5 1 708 710 713
7444 2 2 5 1 739 709 1083
7445 2 2 5 1 715 716 717
7446 2 2 5 1 5649 719 5752
7447 2 2 5 1 728 730 5585
7448 2 2 5 1 734 732 735
7449 2 2 5 1 734 737 5619
7450 2 2 5 1 737 740 5588
7451 2 2 5 1 751 792 793
7452 2 2 5 1 757 754 789
7453 2 2 5 1 761 763 827
7454 2 2 5 1 766 764 767
7455 2 2 5 1 768 767 772
7456 2 2 5 1 774 863 5739
7457 2 2 5 1 794 793 795
7458 2 2 5 1 795 808 809
7459 2 2 5 1 811 803 5761
7460 2 2 5 1 5661 814 5662
7461 2 2 5 1 845 817 955
7462 2 2 5 1 864 830 865
7463 2 2 5 1 833 843 5686
7464 2 2 5 1 839 844 853
7465 2 2 5 1 885 842 1009
7466 2 2 5 1 853 854 858
7467 2 2 5 1 1030 858 5689
7468 2 2 5 1 887 886 888
7469 2 2 5 1 887 888 889
7470 2 2 5 1 1924 889 5351
7471 2 2 5 1 1214 959 5431
7472 2 2 5 1 962 1002 1024
7473 2 2 5 1 969 970 5526
7474 2 2 5 1 1003 1296 1297
7475 2 2 5 1 1210 1009 1667
7476 2 2 5 1 1226 1010 1276
7477 2 2 5 1 1024 1299 1300
7478 2 2 5 1 1051 1048 5759
7479 2 2 5 1 1050 1052 1054
7480 2 2 5 1 1056 1053 5701
7481 2 2 5 1 1058 1056 1059
7482 2 2 5 1 1057 1068 1069
7483 2 2 5 1 1060 1059 1061
7484 2 2 5 1 1062 1061 1063
7485 2 2 5 1 1064 1063 1065
7486 2 2 5 1 1063 1249 5611
7487 2 2 5 1 1066 1065 1081
7488 2 2 5 1 1066 1175 5757
7489 2 2 5 1 1069 1211 1212
7490 2 2 5 1 1077 1076 1078
7491 2 2 5 1 1079 1078 5510
7492 2 2 5 1 1083 5536 5729
7493 2 2 5 1 1085 1162 1254
7494 2 2 5 1 1098 1094 5704
7495 2 2 5 1 1114 1111 5600
7496 2 2 5 1 5594 1121 5677
7497 2 2 5 1 1121 5605 5645
7498 2 2 5 1 1132 1129 5638
7499 2 2 5 1 1134 1135 5723
7500 2 2 5 1 5534 1134 5722
7501 2 2 5 1 1163 1165 5751
7502 2 2 5 1 1220 1173 1265
7503 2 2 5 1 1175 1177 5770
7504 2 2 5 1 1178 1176 1179
7505 2 2 5 1 1177 1294 1295
7506 2 2 5 1 1212 1280 1282
7507 2 2 5 1 1694 1214 2135
7508 2 2 5 1 1223 1951 5726
7509 2 2 5 1 1237 1722 1930
7510 2 2 5 1 1303 1238 1304
7511 2 2 5 1 1257 1244 1737
7512 2 2 5 1 1245 1308 1934
7513 2 2 5 1 1248 1940 1941
7514 2 2 5 1 1253 1278 1736
7515 2 2 5 1 1256 1254 1726
7516 2 2 5 1 1255 2171 2172
7517 2 2 5 1 2144 1267 2161
7518 2 2 5 1 2161 1267 2162
7519 2 2 5 1 1279 2000 2001
7520 2 2 5 1 1283 1282 1284
7521 2 2 5 1 1283 1942 5650
7522 2 2 5 1 1285 1284 1286
7523 2 2 5 1 1287 1286 1288
7524 2 2 5 1 1289 1288 1291
7525 2 2 5 1 1297 1809 1849
7526 2 2 5 1 1305 1304 1909
7527 2 2 5 1 1668 5446 5886
7528 2 2 5 1 1704 1705 1873
7529 2 2 5 1 1712 1706 5630
7530 2 2 5 1 1939 1716 2164
7531 2 2 5 1 1720 5703 5831
7532 2 2 5 1 1725 1741 5836
7533 2 2 5 1 2210 1726 2211
7534 2 2 5 1 1728 1730 3003
7535 2 2 5 1 1732 1846 1953
7536 2 2 5 1 1733 5861 5891
7537 2 2 5 1 1744 1742 1745
7538 2 2 5 1 1748 1746 5691
7539 2 2 5 1 1756 1760 1761
7540 2 2 5 1 1847 2768 2950
7541 2 2 5 1 1854 3016 3017
7542 2 2 5 1 1857 1858 2066
7543 2 2 5 1 2069 1873 2939
7544 2 2 5 1 1877 2145 2894
7545 2 2 5 1 1880 1929 2907
7546 2 2 5 1 1918 1920 2230
7547 2 2 5 1 1922 1954 2253
7548 2 2 5 1 1929 5706 5748
7549 2 2 5 1 1930 2229 2999
7550 2 2 5 1 1935 1934 2204
7551 2 2 5 1 1944 2200 2201
7552 2 2 5 1 1948 1949 2202
7553 2 2 5 1 1953 1956 3021
7554 2 2 5 1 1987 2767 2949
7555 2 2 5 1 1990 4275 5778
7556 2 2 5 1 1991 2769 5852
7557 2 2 5 1 2001 2751 2752
7558 2 2 5 1 2064 2997 2998
7559 2 2 5 1 3002 2065 4506
7560 2 2 5 1 2265 2071 2266
7561 2 2 5 1 2127 2129 3023
7562 2 2 5 1 2976 2128 5316
7563 2 2 5 1 2237 2139 5393
7564 2 2 5 1 2141 2142 2220
7565 2 2 5 1 2163 5542 5664
7566 2 2 5 1 2165 2167 5445
7567 2 2 5 1 2172 2173 2218
7568 2 2 5 1 2175 5474 5712
7569 2 2 5 1 5696 2178 5779
7570 2 2 5 1 2186 2188 5595
7571 2 2 5 1 2194 2254 5525
7572 2 2 5 1 2202 2246 3015
7573 2 2 5 1 2250 2209 3014
7574 2 2 5 1 2240 2224 2241
7575 2 2 5 1 2236 5554 5555
7576 2 2 5 1 5460 2250 5890
7577 2 2 5 1 2257 2258 2972
7578 2 2 5 1 5342 2258 5343
7579 2 2 5 1 2762 2271 5773
7580 2 2 5 1 2272 2763 5651
7581 2 2 5 1 2713 2714 4144
7582 2 2 5 1 2973 2949 2974
7583 2 2 5 1 5368 2966 5920
7584 2 2 5 1 5329 2968 5372
7585 2 2 5 1 5907 2972 5918
7586 2 2 5 1 5546 2984 5547
7587 2 2 5 1 5857 3000 5863
7588 2 2 5 1 4830 3053 4903
7589 2 2 5 1 4755 5454 5455
7590 2 2 5 1 5389 5407 5409
7591 2 2 5 1 5444 5668 5684
7592 2 2 5 1 5621 5571 5710
7593 2 2 5 1 5605 5614 5645
7594 2 2 5 1 683 773 5688
7595 2 2 5 1 847 846 848
7596 2 2 5 1 2893 2892 4889
7597 2 2 5 1 533 963 5718
7598 2 2 5 1 1227 975 5643
7599 2 2 5 1 1134 1133 1135
7600 2 2 5 1 1986 1694 2125
7601 2 2 5 1 2127 2126 2128
7602 2 2 5 1 5614 2189 5645
7603 2 2 5 1 4862 2907 5505
7604 2 2 5 1 551 550 552
7605 2 2 5 1 555 557 558
7606 2 2 5 1 568 562 569
7607 2 2 5 1 584 608 5741
7608 2 2 5 1 592 593 595
7609 2 2 5 1 595 593 596
7610 2 2 5 1 669 668 670
7611 2 2 5 1 766 768 769
7612 2 2 5 1 1050 1048 1051
7613 2 2 5 1 1175 1082 1176
7614 2 2 5 1 1737 1244 1738
7615 2 2 5 1 1946 1251 5708
7616 2 2 5 1 1763 1278 1764
7617 2 2 5 1 1305 1909 1910
7618 2 2 5 1 2253 1954 3020
7619 2 2 5 1 2281 5516 5517
7620 2 2 5 1 2768 2886 4273
7621 2 2 5 1 5533 5532 5716
7622 2 2 5 1 5634 5565 5711
7623 2 2 5 1 1745 1742 5564
7624 2 2 5 1 2148 2150 2288
7625 2 2 5 1 2891 2890 2892
7626 2 2 5 1 2951 5346 5347
7627 2 2 5 1 2994 5566 5692
7628 2 2 5 1 5400 5879 5915
7629 2 2 5 1 787 782 788
7630 2 2 5 1 1000 1228 1669
7631 2 2 5 1 1707 1156 5606
7632 2 2 5 1 1157 5626 5756
7633 2 2 5 1 2714 1665 5561
7634 2 2 5 1 1756 1758 1760
7635 2 2 5 1 1892 1932 2289
7636 2 2 5 1 5586 1894 5631
7637 2 2 5 1 1990 1910 2124
7638 2 2 5 1 1087 1089 5710
7639 2 2 5 1 2965 2964 5326
7640 2 2 5 1 5588 5513 5619
7641 2 2 5 1 561 4299 5699
7642 2 2 5 1 849 848 850
7643 2 2 5 1 1941 1940 5652
7644 2 2 5 1 1940 2139 2227
7645 2 2 5 1 5401 5400 5402
7646 2 2 5 1 572 1168 5654
7647 2 2 5 1 586 585 587
7648 2 2 5 1 605 604 606
7649 2 2 5 1 615 616 618
7650 2 2 5 1 763 764 765
7651 2 2 5 1 771 770 790
7652 2 2 5 1 1253 1252 1277
7653 2 2 5 1 1889 1275 1890
7654 2 2 5 1 1854 3017 3018
7655 2 2 5 1 2939 1873 2962
7656 2 2 5 1 2184 1981 5713
7657 2 2 5 1 2218 3009 5788
7658 2 2 5 1 2248 3006 3019
7659 2 2 5 1 5656 2714 5795
7660 2 2 5 1 2990 2989 5690
7661 2 2 5 1 3850 3852 5140
7662 2 2 5 1 463 107 5592
7663 2 2 5 1 1172 1170 1945
7664 2 2 5 1 3280 3281 3282
7665 2 2 5 1 743 748 5568
7666 2 2 5 1 748 744 5666
7667 2 2 5 1 2187 1712 5630
7668 2 2 5 1 1856 2070 2071
7669 2 2 5 1 1892 1931 1932
7670 2 2 5 1 1953 3021 3022
7671 2 2 5 1 3053 2162 5453
7672 2 2 5 1 2216 2996 5437
7673 2 2 5 1 2890 2266 4581
7674 2 2 5 1 5145 2286 5779
7675 2 2 5 1 5566 5594 5692
7676 2 2 5 1 1139 1114 5600
7677 2 2 5 1 1167 582 5741
7678 2 2 5 1 5460 1946 5708
7679 2 2 5 1 3020 1954 5538
7680 2 2 5 1 5861 3001 5891
7681 2 2 5 1 5549 5877 5899
7682 2 2 5 1 1181 546 5719
7683 2 2 5 1 596 5670 5687
7684 2 2 5 1 500 105 5500
7685 2 2 5 1 1727 1071 2255
7686 2 2 5 1 1755 1759 5523
7687 2 2 5 1 2230 1920 5531
7688 2 2 5 1 2172 2218 2233
7689 2 2 5 1 5665 1070 5724
7690 2 2 5 1 2286 1769 5696
7691 2 2 5 1 4629 3046 4630
7692 2 2 5 1 1086 728 5585
7693 2 2 5 1 1065 1063 5611
7694 2 2 5 1 1109 1112 5628
7695 2 2 5 1 1934 1308 1947
7696 2 2 5 1 3004 5747 5830
7697 2 2 5 1 1047 1046 1048
7698 2 2 5 1 1704 1703 1705
7699 2 2 5 1 1763 1764 1765
7700 2 2 5 1 2983 5374 5637
7701 2 2 5 1 5488 5489 5490
7702 2 2 5 1 737 5588 5619
7703 2 2 5 1 799 5395 5824
7704 2 2 5 1 1269 1184 1270
7705 2 2 5 1 5713 1993 5728
7706 2 2 5 1 2983 2142 5374
7707 2 2 5 1 3951 3950 3952
7708 2 2 5 1 704 5444 5667
7709 2 2 5 1 5728 1993 5733
7710 2 2 5 1 5625 2187 5630
7711 2 2 5 1 719 716 5572
7712 2 2 5 1 5561 723 5795
7713 2 2 5 1 5627 736 5678
7714 2 2 5 1 806 788 5632
7715 2 2 5 1 852 851 855
7716 2 2 5 1 974 976 5766
7717 2 2 5 1 1090 5565 5634
7718 2 2 5 1 1101 1105 5653
7719 2 2 5 1 1139 5600 5641
7720 2 2 5 1 1156 1717 5606
7721 2 2 5 1 1251 1253 5708
7722 2 2 5 1 1261 1260 1262
7723 2 2 5 1 1301 1694 1986
7724 2 2 5 1 1885 1878 3045
7725 2 2 5 1 1916 1915 1917
7726 2 2 5 1 2159 1946 2212
7727 2 2 5 1 2067 2136 2137
7728 2 2 5 1 5563 2184 5677
7729 2 2 5 1 4668 4669 5675
7730 2 2 5 1 2772 1811 2887
7731 2 2 5 1 2298 2297 2299
7732 2 2 5 1 2893 4889 4890
7733 2 2 5 1 5619 5513 5678
7734 2 2 5 1 761 760 762
7735 2 2 5 1 1747 1746 1748
7736 2 2 5 1 2134 2966 5368
7737 2 2 5 1 2227 2139 2237
7738 2 2 5 1 2999 5421 5869
7739 2 2 5 1 604 2179 5540
7740 2 2 5 1 818 847 5573
7741 2 2 5 1 2239 2173 5835
7742 2 2 5 1 2227 2237 5756
7743 2 2 5 1 2989 2991 5705
7744 2 2 5 1 1112 2190 5628
7745 2 2 5 1 678 663 5660
7746 2 2 5 1 1285 1286 1287
7747 2 2 5 1 1673 1875 2065
7748 2 2 5 1 1916 1917 1918
7749 2 2 5 1 5457 5435 5792
7750 2 2 5 1 5521 2144 5522
7751 2 2 5 1 5624 2756 5680
7752 2 2 5 1 677 685 5482
7753 2 2 5 1 970 973 5526
7754 2 2 5 1 2249 1304 5855
7755 2 2 5 1 1748 5651 5784
7756 2 2 5 1 2155 5629 5717
7757 2 2 5 1 2990 5669 5732
7758 2 2 5 1 5477 5476 5806
7759 2 2 5 1 3045 1878 3046
7760 2 2 5 1 723 5649 5795
7761 2 2 5 1 835 961 5815
7762 2 2 5 1 1180 1237 1238
7763 2 2 5 1 1249 5435 5457
7764 2 2 5 1 1747 1751 5472
7765 2 2 5 1 2148 2288 5693
7766 2 2 5 1 2161 2162 2896
7767 2 2 5 1 2932 5680 5733
7768 2 2 5 1 5729 5536 5749
7769 2 2 5 1 5555 5554 5840
7770 2 2 5 1 5594 5677 5692
7771 2 2 5 1 1260 1767 5730
7772 2 2 5 1 2263 1745 5564
7773 2 2 5 1 5468 4668 5675
7774 2 2 5 1 961 1006 1728
7775 2 2 5 1 5753 1174 5836
7776 2 2 5 1 1739 1724 3004
7777 2 2 5 1 5361 5618 5764
7778 2 2 5 1 114 505 5591
7779 2 2 5 1 1911 1871 2028
7780 2 2 5 1 720 719 5649
7781 2 2 5 1 5658 629 5698
7782 2 2 5 1 794 795 798
7783 2 2 5 1 1212 1282 1283
7784 2 2 5 1 1305 1910 1990
7785 2 2 5 1 5541 1715 5684
7786 2 2 5 1 2208 5742 5803
7787 2 2 5 1 539 814 5661
7788 2 2 5 1 693 1720 5671
7789 2 2 5 1 5485 748 5750
7790 2 2 5 1 1746 1750 5691
7791 2 2 5 1 5656 2753 5657
7792 2 2 5 1 1959 2264 2274
7793 2 2 5 1 2217 2215 5476
7794 2 2 5 1 5770 2223 5817
7795 2 2 5 1 5680 2756 5733
7796 2 2 5 1 3013 5825 5887
7797 2 2 5 1 1095 1092 5634
7798 2 2 5 1 582 584 5741
7799 2 2 5 1 595 597 5785
7800 2 2 5 1 619 616 5796
7801 2 2 5 1 5648 628 5786
7802 2 2 5 1 698 700 5550
7803 2 2 5 1 702 704 5667
7804 2 2 5 1 723 720 5649
7805 2 2 5 1 5550 742 5735
7806 2 2 5 1 5536 801 5749
7807 2 2 5 1 829 1719 5539
7808 2 2 5 1 1072 5476 5716
7809 2 2 5 1 1074 5745 5791
7810 2 2 5 1 1158 5616 5669
7811 2 2 5 1 5583 1239 5711
7812 2 2 5 1 1241 1925 1926
7813 2 2 5 1 1265 1766 1854
7814 2 2 5 1 2203 1270 5729
7815 2 2 5 1 1669 3011 5689
7816 2 2 5 1 1705 2982 5849
7817 2 2 5 1 1741 1743 2141
7818 2 2 5 1 1871 1758 1977
7819 2 2 5 1 2222 1879 5818
7820 2 2 5 1 1981 1993 5713
7821 2 2 5 1 2067 2137 2138
7822 2 2 5 1 2164 5767 5802
7823 2 2 5 1 2196 2199 5646
7824 2 2 5 1 2199 2698 5685
7825 2 2 5 1 5349 2210 5867
7826 2 2 5 1 2216 2215 2217
7827 2 2 5 1 5417 2219 5418
7828 2 2 5 1 5602 2228 5652
7829 2 2 5 1 2236 5555 5793
7830 2 2 5 1 2269 2272 5691
7831 2 2 5 1 4741 2762 4743
7832 2 2 5 1 2972 5342 5794
7833 2 2 5 1 2979 5590 5712
7834 2 2 5 1 5399 5398 5400
7835 2 2 5 1 2231 2132 2232
7836 2 2 5 1 5668 5541 5684
7837 2 2 5 1 2151 767 5672
7838 2 2 5 1 2933 823 5632
7839 2 2 5 1 1248 1941 2169
7840 2 2 5 1 1707 5606 5629
7841 2 2 5 1 2070 5424 5425
7842 2 2 5 1 2975 5570 5780
7843 2 2 5 1 1711 2980 5767
7844 2 2 5 1 2194 1952 2254
7845 2 2 5 1 587 614 5800
7846 2 2 5 1 636 837 5607
7847 2 2 5 1 823 806 5632
7848 2 2 5 1 1011 1227 5514
7849 2 2 5 1 1147 1223 5726
7850 2 2 5 1 1298 1874 1991
7851 2 2 5 1 3003 1730 5768
7852 2 2 5 1 754 684 5833
7853 2 2 5 1 1151 5690 5705
7854 2 2 5 1 2992 5732 5750
7855 2 2 5 1 5682 5739 5810
7856 2 2 5 1 1105 1130 5653
7857 2 2 5 1 860 820 5580
7858 2 2 5 1 1298 1735 1874
7859 2 2 5 1 860 5580 5581
7860 2 2 5 1 1092 1090 5634
7861 2 2 5 1 5677 2184 5692
7862 2 2 5 1 2240 2241 2242
7863 2 2 5 1 5690 2989 5705
7864 2 2 5 1 5669 5616 5790
7865 2 2 5 1 2197 2195 5728
7866 2 2 5 1 816 5812 5905
7867 2 2 5 1 1958 1262 5730
7868 2 2 5 1 1928 3010 5529
7869 2 2 5 1 1932 2148 5693
7870 2 2 5 1 2158 1989 2771
7871 2 2 5 1 1184 1083 5729
7872 2 2 5 1 2232 2132 5350
7873 2 2 5 1 2201 2200 2205
7874 2 2 5 1 527 525 528
7875 2 2 5 1 526 527 1865
7876 2 2 5 1 5609 822 5673
7877 2 2 5 1 975 972 5643
7878 2 2 5 1 1221 1011 5514
7879 2 2 5 1 1089 1148 5710
7880 2 2 5 1 1226 2221 5720
7881 2 2 5 1 2756 2197 5733
7882 2 2 5 1 2234 2936 5853
7883 2 2 5 1 5570 2283 5780
7884 2 2 5 1 1003 954 1023
7885 2 2 5 1 633 628 5648
7886 2 2 5 1 1072 639 5806
7887 2 2 5 1 1259 1164 5700
7888 2 2 5 1 2170 5539 5883
7889 2 2 5 1 2234 2935 2936
7890 2 2 5 1 1750 2269 5691
7891 2 2 5 1 5649 2988 5795
7892 2 2 5 1 1046 2183 5759
7893 2 2 5 1 2289 1932 5693
7894 2 2 5 1 5674 3010 5885
7895 2 2 5 1 3016 5895 5897
7896 2 2 5 1 5404 5933 5945
7897 2 2 5 1 2213 5396 5679
7898 2 2 5 1 5421 796 5869
7899 2 2 5 1 978 1258 5700
7900 2 2 5 1 562 561 5699
7901 2 2 5 1 2191 735 5636
7902 2 2 5 1 1270 1184 5729
7903 2 2 5 1 5626 656 5801
7904 2 2 5 1 3046 1878 5776
7905 2 2 5 1 1954 1955 5538
7906 2 2 5 1 527 529 5406
7907 2 2 5 1 1164 978 5700
7908 2 2 5 1 2992 2990 5732
7909 2 2 5 1 5939 2267 5940
7910 2 2 5 1 861 1149 5673
7911 2 2 5 1 972 971 5643
7912 2 2 5 1 5351 889 5354
7913 2 2 5 1 1077 1079 5764
7914 2 2 5 1 1262 1260 5730
7915 2 2 5 1 1949 1274 5577
7916 2 2 5 1 5646 2199 5685
7917 2 2 5 1 1127 1100 5644
7918 2 2 5 1 5937 3021 5954
7919 2 2 5 1 1135 1144 5723
7920 2 2 5 1 5683 5950 5962
7921 2 2 5 1 710 739 5734
7922 2 2 5 1 886 885 5740
7923 2 2 5 1 2954 4713 4845
7924 2 2 5 1 5474 2979 5712
7925 2 2 5 1 1157 642 5626
7926 2 2 5 1 113 114 5591
7927 2 2 5 1 549 551 5825
7928 2 2 5 1 555 558 5860
7929 2 2 5 1 637 5796 5806
7930 2 2 5 1 656 5601 5602
7931 2 2 5 1 669 683 5688
7932 2 2 5 1 690 692 5744
7933 2 2 5 1 739 5695 5734
7934 2 2 5 1 830 829 5746
7935 2 2 5 1 961 1728 5815
7936 2 2 5 1 1006 962 5848
7937 2 2 5 1 1100 1098 5644
7938 2 2 5 1 5535 1299 5721
7939 2 2 5 1 2252 1308 5726
7940 2 2 5 1 1716 1709 5767
7941 2 2 5 1 1734 5903 5934
7942 2 2 5 1 1849 2770 2952
7943 2 2 5 1 2011 1874 5822
7944 2 2 5 1 1923 1921 5760
7945 2 2 5 1 2247 1949 5577
7946 2 2 5 1 5494 2145 5714
7947 2 2 5 1 5665 2151 5672
7948 2 2 5 1 5382 2192 5543
7949 2 2 5 1 2197 5728 5733
7950 2 2 5 1 5837 2230 5905
7951 2 2 5 1 2248 3019 5888
7952 2 2 5 1 4714 2948 4846
7953 2 2 5 1 2955 4862 4912
7954 2 2 5 1 2988 5656 5795
7955 2 2 5 1 5458 5353 5725
7956 2 2 5 1 5357 5740 5886
7957 2 2 5 1 5743 5457 5792
7958 2 2 5 1 1607 1635 1683
7959 2 2 5 1 2228 1941 5652
7960 2 2 5 1 5445 2167 5637
7961 2 2 5 1 3015 5800 5911
7962 2 2 5 1 834 808 5755
7963 2 2 5 1 811 5761 5762
7964 2 2 5 1 820 821 5580
7965 2 2 5 1 1281 5375 5935
7966 2 2 5 1 531 533 5718
7967 2 2 5 1 686 678 5703
7968 2 2 5 1 5644 1098 5704
7969 2 2 5 1 1289 1292 5737
7970 2 2 5 1 5553 1702 5688
7971 2 2 5 1 2995 2204 5765
7972 2 2 5 1 537 539 5661
7973 2 2 5 1 956 1226 5720
7974 2 2 5 1 2283 2284 5780
7975 2 2 5 1 2996 5809 5810
7976 2 2 5 1 822 861 5673
7977 2 2 5 1 1718 1077 5764
7978 2 2 5 1 5878 1719 5889
7979 2 2 5 1 5474 5653 5731
7980 2 2 5 1 612 2185 5697
7981 2 2 5 1 2203 5729 5749
7982 2 2 5 1 5443 5743 5792
7983 2 2 5 1 1209 531 5718
7984 2 2 5 1 569 562 5699
7985 2 2 5 1 735 732 5636
7986 2 2 5 1 971 957 5720
7987 2 2 5 1 1308 1147 5726
7988 2 2 5 1 1709 1711 5767
7989 2 2 5 1 2167 2151 5665
7990 2 2 5 1 2172 2233 5771
7991 2 2 5 1 617 578 5827
7992 2 2 5 1 3008 749 5765
7993 2 2 5 1 5405 1010 5428
7994 2 2 5 1 5878 5473 5883
7995 2 2 5 1 1865 527 5406
7996 2 2 5 1 853 1030 5826
7997 2 2 5 1 3008 5758 5857
7998 2 2 5 1 5725 5363 5869
7999 2 2 5 1 637 619 5796
8000 2 2 5 1 1702 669 5688
8001 2 2 5 1 682 751 5830
8002 2 2 5 1 5560 833 5686
8003 2 2 5 1 2164 1716 5767
8004 2 2 5 1 2525 2524 2526
8005 2 2 5 1 5452 3000 5892
8006 2 2 5 1 3839 3838 4528
8007 2 2 5 1 2160 2154 5790
8008 2 2 5 1 5666 2992 5750
8009 2 2 5 1 5707 5635 5811
8010 2 2 5 1 5359 588 5942
8011 2 2 5 1 1726 1254 5771
8012 2 2 5 1 5418 2219 5812
8013 2 2 5 1 2972 5794 5918
8014 2 2 5 1 99 481 5567
8015 2 2 5 1 1067 5757 5817
8016 2 2 5 1 2206 5629 5763
8017 2 2 5 1 751 794 5830
8018 2 2 5 1 1284 1282 5709
8019 2 2 5 1 3624 3623 3625
8020 2 2 5 1 576 617 5859
8021 2 2 5 1 1255 2172 5771
8022 2 2 5 1 1880 2907 2955
8023 2 2 5 1 5606 2160 5763
8024 2 2 5 1 2217 5477 5789
8025 2 2 5 1 821 824 5659
8026 2 2 5 1 1241 1926 5782
8027 2 2 5 1 1702 5553 5804
8028 2 2 5 1 623 5450 5786
8029 2 2 5 1 5447 659 5607
8030 2 2 5 1 800 661 5805
8031 2 2 5 1 681 5423 5702
8032 2 2 5 1 5761 815 5808
8033 2 2 5 1 1254 1255 5771
8034 2 2 5 1 1934 1947 5758
8035 2 2 5 1 5616 2160 5790
8036 2 2 5 1 2221 2234 5823
8037 2 2 5 1 5781 2239 5835
8038 2 2 5 1 1987 2973 5777
8039 2 2 5 1 5848 3001 5861
8040 2 2 5 1 632 5518 5698
8041 2 2 5 1 748 5666 5750
8042 2 2 5 1 1067 1064 5757
8043 2 2 5 1 639 637 5806
8044 2 2 5 1 824 857 5659
8045 2 2 5 1 1922 2253 5531
8046 2 2 5 1 5390 2149 5655
8047 2 2 5 1 5533 5820 5862
8048 2 2 5 1 656 646 5601
8049 2 2 5 1 4581 2266 5829
8050 2 2 5 1 625 623 5786
8051 2 2 5 1 1519 1570 1689
8052 2 2 5 1 2178 2290 5779
8053 2 2 5 1 719 5572 5752
8054 2 2 5 1 5843 801 5846
8055 2 2 5 1 580 1167 5827
8056 2 2 5 1 1070 760 5658
8057 2 2 5 1 5651 2763 5842
8058 2 2 5 1 546 544 5719
8059 2 2 5 1 2123 1923 5760
8060 2 2 5 1 661 654 5805
8061 2 2 5 1 5635 836 5862
8062 2 2 5 1 5325 2123 5760
8063 2 2 5 1 2214 1925 5820
8064 2 2 5 1 659 636 5607
8065 2 2 5 1 2154 2157 5790
8066 2 2 5 1 537 5661 5676
8067 2 2 5 1 1010 855 5428
8068 2 2 5 1 5462 2208 5803
8069 2 2 5 1 963 535 5676
8070 2 2 5 1 782 802 5597
8071 2 2 5 1 957 956 5720
8072 2 2 5 1 5831 5349 5867
8073 2 2 5 1 856 969 5640
8074 2 2 5 1 5671 2211 5868
8075 2 2 5 1 646 648 5601
8076 2 2 5 1 647 5635 5707
8077 2 2 5 1 798 795 5838
8078 2 2 5 1 1059 1056 5701
8079 2 2 5 1 1064 1066 5757
8080 2 2 5 1 2255 1071 5772
8081 2 2 5 1 1872 1265 5799
8082 2 2 5 1 1730 1732 5768
8083 2 2 5 1 1920 1922 5531
8084 2 2 5 1 2204 5758 5765
8085 2 2 5 1 2233 2218 5788
8086 2 2 5 1 5820 2243 5862
8087 2 2 5 1 2245 5379 5894
8088 2 2 5 1 2982 2981 5808
8089 2 2 5 1 5815 3003 5838
8090 2 2 5 1 5788 3009 5841
8091 2 2 5 1 3018 4733 5799
8092 2 2 5 1 5618 5392 5879
8093 2 2 5 1 5743 5442 5819
8094 2 2 5 1 5665 5724 5816
8095 2 2 5 1 5745 5744 5864
8096 2 2 5 1 1301 1987 5777
8097 2 2 5 1 5400 5398 5879
8098 2 2 5 1 788 782 5597
8099 2 2 5 1 5629 5606 5763
8100 2 2 5 1 544 666 5719
8101 2 2 5 1 3012 2203 5781
8102 2 2 5 1 1130 5534 5731
8103 2 2 5 1 1584 1583 1585
8104 2 2 5 1 1728 3003 5815
8105 2 2 5 1 2169 5382 5881
8106 2 2 5 1 1144 5479 5742
8107 2 2 5 1 5796 5477 5806
8108 2 2 5 1 1741 2141 5836
8109 2 2 5 1 739 1183 5695
8110 2 2 5 1 5735 742 5736
8111 2 2 5 1 3587 3672 3678
8112 2 2 5 1 809 835 5815
8113 2 2 5 1 1878 1252 5776
8114 2 2 5 1 1925 1927 5820
8115 2 2 5 1 769 1169 5715
8116 2 2 5 1 758 549 5825
8117 2 2 5 1 5834 798 5838
8118 2 2 5 1 5941 3023 5950
8119 2 2 5 1 4601 4103 4602
8120 2 2 5 1 2204 1934 5758
8121 2 2 5 1 5811 5635 5862
8122 2 2 5 1 760 629 5658
8123 2 2 5 1 644 656 5626
8124 2 2 5 1 645 836 5635
8125 2 2 5 1 696 698 5754
8126 2 2 5 1 703 701 5841
8127 2 2 5 1 807 5639 5787
8128 2 2 5 1 5573 847 5775
8129 2 2 5 1 852 856 5640
8130 2 2 5 1 1161 1047 5674
8131 2 2 5 1 1945 1170 5791
8132 2 2 5 1 1183 1279 5695
8133 2 2 5 1 2227 5756 5801
8134 2 2 5 1 2983 5637 5816
8135 2 2 5 1 5742 5479 5803
8136 2 2 5 1 5757 1175 5770
8137 2 2 5 1 647 645 5635
8138 2 2 5 1 628 625 5786
8139 2 2 5 1 3014 2209 5828
8140 2 2 5 1 750 680 5702
8141 2 2 5 1 847 849 5775
8142 2 2 5 1 5463 671 5753
8143 2 2 5 1 5382 5543 5924
8144 2 2 5 1 600 774 5739
8145 2 2 5 1 5912 2226 5919
8146 2 2 5 1 796 5458 5725
8147 2 2 5 1 1227 5853 5898
8148 2 2 5 1 3014 5865 5884
8149 2 2 5 1 863 864 5782
8150 2 2 5 1 1047 1049 5674
8151 2 2 5 1 1076 1074 5791
8152 2 2 5 1 1265 1854 5799
8153 2 2 5 1 5851 3011 5870
8154 2 2 5 1 1170 1076 5791
8155 2 2 5 1 2981 5761 5808
8156 2 2 5 1 535 537 5676
8157 2 2 5 1 575 573 5598
8158 2 2 5 1 849 968 5775
8159 2 2 5 1 5919 2226 5925
8160 2 2 5 1 5715 5902 5914
8161 2 2 5 1 3492 3484 6012
8162 2 2 5 1 5787 5639 5868
8163 2 2 5 1 4643 2222 5818
8164 2 2 5 1 5682 600 5739
8165 2 2 5 1 1732 1953 5768
8166 2 2 5 1 2173 2174 5835
8167 2 2 5 1 2235 3005 5871
8168 2 2 5 1 809 5815 5838
8169 2 2 5 1 5550 2995 5754
8170 2 2 5 1 5518 5546 5547
8171 2 2 5 1 1212 1283 5650
8172 2 2 5 1 1724 673 5747
8173 2 2 5 1 1854 3018 5799
8174 2 2 5 1 5534 5722 5802
8175 2 2 5 1 5676 5919 5925
8176 2 2 5 1 1953 3022 5768
8177 2 2 5 1 1714 5927 5945
8178 2 2 5 1 1720 691 5703
8179 2 2 5 1 1749 1748 5784
8180 2 2 5 1 3013 2212 5874
8181 2 2 5 1 2271 4116 5773
8182 2 2 5 1 589 587 5800
8183 2 2 5 1 629 627 5698
8184 2 2 5 1 705 703 5846
8185 2 2 5 1 864 1241 5782
8186 2 2 5 1 954 886 5740
8187 2 2 5 1 5653 1130 5731
8188 2 2 5 1 1292 1734 5737
8189 2 2 5 1 1695 1293 5932
8190 2 2 5 1 2981 1703 5762
8191 2 2 5 1 5903 1734 5913
8192 2 2 5 1 2888 1809 5845
8193 2 2 5 1 5423 2194 5772
8194 2 2 5 1 2228 5602 5804
8195 2 2 5 1 5783 2233 5787
8196 2 2 5 1 5433 2236 5793
8197 2 2 5 1 5554 2244 5840
8198 2 2 5 1 3015 5896 5909
8199 2 2 5 1 5419 5349 5831
8200 2 2 5 1 795 809 5838
8201 2 2 5 1 2070 5425 5829
8202 2 2 5 1 5722 2164 5802
8203 2 2 5 1 695 3007 5744
8204 2 2 5 1 5166 6165 6180
8205 2 2 5 1 568 634 5875
8206 2 2 5 1 642 644 5626
8207 2 2 5 1 1988 1284 5709
8208 2 2 5 1 1947 2252 5892
8209 2 2 5 1 1918 2230 5837
8210 2 2 5 1 573 687 5598
8211 2 2 5 1 3212 3210 3213
8212 2 2 5 1 5845 1991 5852
8213 2 2 5 1 2071 2070 5829
8214 2 2 5 1 2223 2240 5817
8215 2 2 5 1 765 766 5715
8216 2 2 5 1 5787 2233 5788
8217 2 2 5 1 1162 865 5746
8218 2 2 5 1 5865 543 5884
8219 2 2 5 1 5892 2252 5895
8220 2 2 5 1 692 695 5744
8221 2 2 5 1 1222 1221 5776
8222 2 2 5 1 1874 2064 5822
8223 2 2 5 1 5860 558 5877
8224 2 2 5 1 5556 5549 5899
8225 2 2 5 1 5520 754 5833
8226 2 2 5 1 5473 2174 5883
8227 2 2 5 1 1734 1695 5913
8228 2 2 5 1 627 632 5698
8229 2 2 5 1 674 682 5747
8230 2 2 5 1 2194 5525 5772
8231 2 2 5 1 3001 3002 5891
8232 2 2 5 1 5689 3011 5851
8233 2 2 5 1 551 553 5887
8234 2 2 5 1 578 580 5827
8235 2 2 5 1 5723 1144 5742
8236 2 2 5 1 1757 5798 5921
8237 2 2 5 1 1927 2243 5820
8238 2 2 5 1 2174 2171 5883
8239 2 2 5 1 5895 2252 5897
8240 2 2 5 1 1069 1212 5650
8241 2 2 5 1 1722 5377 5881
8242 2 2 5 1 5921 3021 5937
8243 2 2 5 1 545 758 5884
8244 2 2 5 1 1161 5674 5885
8245 2 2 5 1 2254 1952 5866
8246 2 2 5 1 865 830 5746
8247 2 2 5 1 2209 5813 5828
8248 2 2 5 1 814 541 5865
8249 2 2 5 1 2185 615 5824
8250 2 2 5 1 1057 1069 5858
8251 2 2 5 1 839 5826 5854
8252 2 2 5 1 2203 5749 5781
8253 2 2 5 1 5761 2981 5762
8254 2 2 5 1 558 560 5877
8255 2 2 5 1 5643 971 5823
8256 2 2 5 1 5776 1221 5876
8257 2 2 5 1 2251 5459 5839
8258 2 2 5 1 801 705 5846
8259 2 2 5 1 3486 3487 3531
8260 2 2 5 1 1930 2999 5916
8261 2 2 5 1 3000 1945 5863
8262 2 2 5 1 698 5550 5754
8263 2 2 5 1 839 853 5826
8264 2 2 5 1 2167 5665 5816
8265 2 2 5 1 5519 5671 5868
8266 2 2 5 1 2244 5339 5840
8267 2 2 5 1 5871 634 5872
8268 2 2 5 1 5464 5330 5769
8269 2 2 5 1 1759 1753 5784
8270 2 2 5 1 1168 574 5859
8271 2 2 5 1 2209 1763 5813
8272 2 2 5 1 5540 2179 5809
8273 2 2 5 1 1713 603 5922
8274 2 2 5 1 691 686 5703
8275 2 2 5 1 804 812 5844
8276 2 2 5 1 1252 1222 5776
8277 2 2 5 1 1916 1918 5837
8278 2 2 5 1 5596 2158 5847
8279 2 2 5 1 2260 2202 5911
8280 2 2 5 1 2205 5851 5870
8281 2 2 5 1 2230 5531 5873
8282 2 2 5 1 3019 5878 5889
8283 2 2 5 1 5660 5419 5831
8284 2 2 5 1 3569 3567 3570
8285 2 2 5 1 3046 5776 5876
8286 2 2 5 1 3016 1766 5895
8287 2 2 5 1 2266 2071 5829
8288 2 2 5 1 5900 2242 5906
8289 2 2 5 1 680 681 5702
8290 2 2 5 1 701 807 5841
8291 2 2 5 1 1244 974 5766
8292 2 2 5 1 1738 1244 5766
8293 2 2 5 1 5372 2968 5856
8294 2 2 5 1 807 5787 5788
8295 2 2 5 1 1030 5689 5851
8296 2 2 5 1 2219 1916 5837
8297 2 2 5 1 5376 5451 5906
8298 2 2 5 1 5953 666 5955
8299 2 2 5 1 2159 2251 5839
8300 2 2 5 1 5553 2228 5804
8301 2 2 5 1 1449 1448 1450
8302 2 2 5 1 5676 5661 5919
8303 2 2 5 1 1952 2134 5866
8304 2 2 5 1 5525 2255 5772
8305 2 2 5 1 1221 5514 5876
8306 2 2 5 1 5562 816 5905
8307 2 2 5 1 836 5533 5862
8308 2 2 5 1 5715 1169 5902
8309 2 2 5 1 5671 1720 5867
8310 2 2 5 1 1763 1765 5813
8311 2 2 5 1 3409 3411 3412
8312 2 2 5 1 1030 5851 5882
8313 2 2 5 1 1698 1696 5850
8314 2 2 5 1 5527 832 5854
8315 2 2 5 1 3021 1956 5954
8316 2 2 5 1 3475 3471 3480
8317 2 2 5 1 5744 3007 5864
8318 2 2 5 1 794 798 5832
8319 2 2 5 1 605 5647 5922
8320 2 2 5 1 2141 5463 5836
8321 2 2 5 1 758 5825 5874
8322 2 2 5 1 526 525 527
8323 2 2 5 1 5431 959 5755
8324 2 2 5 1 5402 5400 5915
8325 2 2 5 1 5771 2233 5783
8326 2 2 5 1 5439 2159 5839
8327 2 2 5 1 613 1243 5727
8328 2 2 5 1 813 839 5854
8329 2 2 5 1 5828 814 5865
8330 2 2 5 1 1951 1983 5908
8331 2 2 5 1 5877 567 5899
8332 2 2 5 1 673 674 5747
8333 2 2 5 1 766 769 5715
8334 2 2 5 1 832 813 5854
8335 2 2 5 1 5727 1243 5789
8336 2 2 5 1 1753 1749 5784
8337 2 2 5 1 5350 2132 5850
8338 2 2 5 1 2134 5369 5866
8339 2 2 5 1 3019 5473 5878
8340 2 2 5 1 5879 5470 5915
8341 2 2 5 1 5758 1947 5857
8342 2 2 5 1 594 591 5909
8343 2 2 5 1 5637 2167 5816
8344 2 2 5 1 1719 5687 5889
8345 2 2 5 1 3857 3856 3858
8346 2 2 5 1 816 804 5844
8347 2 2 5 1 807 5788 5841
8348 2 2 5 1 5825 3013 5874
8349 2 2 5 1 2231 2257 5885
8350 2 2 5 1 5756 2237 5807
8351 2 2 5 1 3014 5828 5865
8352 2 2 5 1 5478 5336 5949
8353 2 2 5 1 2211 1726 5783
8354 2 2 5 1 2132 1698 5850
8355 2 2 5 1 1856 2226 5912
8356 2 2 5 1 2064 4505 5822
8357 2 2 5 1 5408 1733 5891
8358 2 2 5 1 3007 3008 5863
8359 2 2 5 1 574 576 5859
8360 2 2 5 1 588 590 5942
8361 2 2 5 1 616 613 5727
8362 2 2 5 1 1726 5771 5783
8363 2 2 5 1 2246 2248 5896
8364 2 2 5 1 2763 4742 5842
8365 2 2 5 1 2757 2205 5870
8366 2 2 5 1 5749 801 5843
8367 2 2 5 1 5339 2245 5894
8368 2 2 5 1 3243 3241 3252
8369 2 2 5 1 5395 1161 5907
8370 2 2 5 1 5662 5912 5919
8371 2 2 5 1 1304 1238 5855
8372 2 2 5 1 3799 3796 3885
8373 2 2 5 1 567 568 5875
8374 2 2 5 1 2212 5460 5874
8375 2 2 5 1 2226 2265 5925
8376 2 2 5 1 2936 4709 5898
8377 2 2 5 1 3005 5556 5899
8378 2 2 5 1 3262 3263 3264
8379 2 2 5 1 5549 5548 5860
8380 2 2 5 1 3012 5781 5835
8381 2 2 5 1 540 5944 5955
8382 2 2 5 1 5800 3015 5909
8383 2 2 5 1 5830 794 5832
8384 2 2 5 1 2462 2463 2465
8385 2 2 5 1 541 543 5865
8386 2 2 5 1 962 1024 5848
8387 2 2 5 1 560 567 5877
8388 2 2 5 1 1246 5483 5933
8389 2 2 5 1 5835 2174 5880
8390 2 2 5 1 543 545 5884
8391 2 2 5 1 773 5421 5924
8392 2 2 5 1 959 834 5755
8393 2 2 5 1 1238 1237 5855
8394 2 2 5 1 1673 3001 5848
8395 2 2 5 1 3000 5857 5892
8396 2 2 5 1 5869 5363 5916
8397 2 2 5 1 5463 5753 5836
8398 2 2 5 1 5370 5371 5928
8399 2 2 5 1 1757 1739 5798
8400 2 2 5 1 5375 5376 5906
8401 2 2 5 1 5549 5860 5877
8402 2 2 5 1 657 5608 5819
8403 2 2 5 1 5415 5414 5927
8404 2 2 5 1 5670 5888 5889
8405 2 2 5 1 1614 1616 1640
8406 2 2 5 1 827 5941 5950
8407 2 2 5 1 5884 758 5890
8408 2 2 5 1 1169 5562 5873
8409 2 2 5 1 5564 1757 5937
8410 2 2 5 1 5863 1945 5864
8411 2 2 5 1 2239 5781 5843
8412 2 2 5 1 2243 5811 5862
8413 2 2 5 1 5365 2976 5938
8414 2 2 5 1 5538 3023 5941
8415 2 2 5 1 3011 4114 5870
8416 2 2 5 1 2179 5682 5810
8417 2 2 5 1 2200 2985 5882
8418 2 2 5 1 3433 3432 3434
8419 2 2 5 1 2135 5432 5904
8420 2 2 5 1 5662 5813 5912
8421 2 2 5 1 5812 2219 5837
8422 2 2 5 1 1237 1930 5855
8423 2 2 5 1 1210 1668 5886
8424 2 2 5 1 5539 1719 5878
8425 2 2 5 1 2171 2170 5883
8426 2 2 5 1 5768 3022 5834
8427 2 2 5 1 5823 2234 5853
8428 2 2 5 1 597 601 5785
8429 2 2 5 1 5608 1157 5807
8430 2 2 5 1 3250 3254 3255
8431 2 2 5 1 765 5914 5931
8432 2 2 5 1 5392 5470 5879
8433 2 2 5 1 5670 594 5888
8434 2 2 5 1 796 5725 5869
8435 2 2 5 1 1729 1006 5861
8436 2 2 5 1 1067 5817 5900
8437 2 2 5 1 1739 3004 5798
8438 2 2 5 1 5452 5892 5895
8439 2 2 5 1 5639 5519 5868
8440 2 2 5 1 4630 3046 5876
8441 2 2 5 1 5781 5749 5843
8442 2 2 5 1 5377 1082 5681
8443 2 2 5 1 2274 5356 5946
8444 2 2 5 1 3666 3665 3940
8445 2 2 5 1 5442 657 5819
8446 2 2 5 1 5718 963 5939
8447 2 2 5 1 2970 2235 5871
8448 2 2 5 1 666 542 5955
8449 2 2 5 1 553 676 5887
8450 2 2 5 1 1069 5650 5858
8451 2 2 5 1 5525 2254 5934
8452 2 2 5 1 1766 5452 5895
8453 2 2 5 1 5798 3004 5832
8454 2 2 5 1 1024 1673 5848
8455 2 2 5 1 5809 2179 5810
8456 2 2 5 1 5531 2253 5902
8457 2 2 5 1 3004 5830 5832
8458 2 2 5 1 5471 3012 5880
8459 2 2 5 1 3012 5835 5880
8460 2 2 5 1 5927 5414 5945
8461 2 2 5 1 5687 5670 5889
8462 2 2 5 1 601 1713 5785
8463 2 2 5 1 2250 3014 5890
8464 2 2 5 1 3205 3206 3207
8465 2 2 5 1 2252 5726 5897
8466 2 2 5 1 2205 2200 5882
8467 2 2 5 1 3227 3228 3230
8468 2 2 5 1 2251 3013 5893
8469 2 2 5 1 3015 2246 5896
8470 2 2 5 1 5800 614 5911
8471 2 2 5 1 1157 5756 5807
8472 2 2 5 1 5514 1227 5898
8473 2 2 5 1 1227 5643 5853
8474 2 2 5 1 5849 5334 5963
8475 2 2 5 1 5954 1956 5965
8476 2 2 5 1 5726 1951 5897
8477 2 2 5 1 2888 5845 5852
8478 2 2 5 1 589 5800 5909
8479 2 2 5 1 5364 5365 5967
8480 2 2 5 1 1714 5520 5927
8481 2 2 5 1 5914 3020 5931
8482 2 2 5 1 5470 1246 5915
8483 2 2 5 1 765 5715 5914
8484 2 2 5 1 1303 1305 5814
8485 2 2 5 1 540 538 5944
8486 2 2 5 1 5873 5531 5902
8487 2 2 5 1 5794 2185 5918
8488 2 2 5 1 5379 2970 5872
8489 2 2 5 1 2999 5869 5916
8490 2 2 5 1 2267 2891 5940
8491 2 2 5 1 5363 2249 5916
8492 2 2 5 1 5902 2253 5914
8493 2 2 5 1 3017 3016 5908
8494 2 2 5 1 2125 1694 5904
8495 2 2 5 1 3003 5768 5834
8496 2 2 5 1 5456 2887 5847
8497 2 2 5 1 2262 3025 5956
8498 2 2 5 1 5928 1942 5960
8499 2 2 5 1 3725 3872 3873
8500 2 2 5 1 5965 1957 5968
8501 2 2 5 1 2248 5888 5896
8502 2 2 5 1 2158 5456 5847
8503 2 2 5 1 3014 5884 5890
8504 2 2 5 1 5345 2256 5913
8505 2 2 5 1 3007 5863 5864
8506 2 2 5 1 1169 5873 5902
8507 2 2 5 1 5832 798 5910
8508 2 2 5 1 2962 1873 5849
8509 2 2 5 1 1873 1705 5849
8510 2 2 5 1 1956 1957 5965
8511 2 2 5 1 3025 5953 5955
8512 2 2 5 1 5395 5907 5918
8513 2 2 5 1 827 763 5931
8514 2 2 5 1 3949 3950 3951
8515 2 2 5 1 3196 3194 3197
8516 2 2 5 1 5661 5662 5919
8517 2 2 5 1 5414 5404 5945
8518 2 2 5 1 3003 5834 5838
8519 2 2 5 1 3162 3163 3164
8520 2 2 5 1 5370 5928 5960
8521 2 2 5 1 1567 1569 1620
8522 2 2 5 1 5813 1765 5912
8523 2 2 5 1 5875 3005 5899
8524 2 2 5 1 5543 773 5924
8525 2 2 5 1 1594 1593 1595
8526 2 2 5 1 5876 5514 5930
8527 2 2 5 1 5857 1947 5892
8528 2 2 5 1 1524 1523 1525
8529 2 2 5 1 3278 3279 3280
8530 2 2 5 1 603 605 5922
8531 2 2 5 1 2966 5610 5920
8532 2 2 5 1 5420 1290 5948
8533 2 2 5 1 591 589 5909
8534 2 2 5 1 3016 5897 5908
8535 2 2 5 1 5922 5647 5967
8536 2 2 5 1 5406 1209 5943
8537 2 2 5 1 2962 5849 5963
8538 2 2 5 1 1847 5331 5932
8539 2 2 5 1 5897 1951 5908
8540 2 2 5 1 1865 5406 5951
8541 2 2 5 1 3837 3838 3839
8542 2 2 5 1 1082 1081 5681
8543 2 2 5 1 1305 1990 5814
8544 2 2 5 1 2185 5824 5918
8545 2 2 5 1 5851 2205 5882
8546 2 2 5 1 2253 3020 5914
8547 2 2 5 1 5898 4709 5930
8548 2 2 5 1 3013 5887 5893
8549 2 2 5 1 5650 1942 5928
8550 2 2 5 1 2254 5866 5923
8551 2 2 5 1 5643 5823 5853
8552 2 2 5 1 2242 2259 5935
8553 2 2 5 1 5887 676 5893
8554 2 2 5 1 1765 1856 5912
8555 2 2 5 1 3764 4086 4155
8556 2 2 5 1 5888 594 5896
8557 2 2 5 1 2230 5873 5905
8558 2 2 5 1 4709 4739 5929
8559 2 2 5 1 5371 5858 5928
8560 2 2 5 1 5833 5415 5927
8561 2 2 5 1 5798 5832 5910
8562 2 2 5 1 2425 2427 2428
8563 2 2 5 1 2970 5871 5872
8564 2 2 5 1 1556 1555 1557
8565 2 2 5 1 1694 2135 5904
8566 2 2 5 1 763 765 5931
8567 2 2 5 1 4999 4630 5929
8568 2 2 5 1 567 5875 5899
8569 2 2 5 1 3025 2261 5953
8570 2 2 5 1 5798 5910 5921
8571 2 2 5 1 963 5676 5925
8572 2 2 5 1 3289 3156 5992
8573 2 2 5 1 5514 5898 5930
8574 2 2 5 1 3536 3538 3609
8575 2 2 5 1 5950 3024 5962
8576 2 2 5 1 2255 5525 5903
8577 2 2 5 1 1293 1847 5932
8578 2 2 5 1 1159 5481 5966
8579 2 2 5 1 9 10 488
8580 2 2 5 1 2279 5946 5947
8581 2 2 5 1 4476 2537 4477
8582 2 2 5 1 5858 5650 5928
8583 2 2 5 1 3457 3458 3459
8584 2 2 5 1 5369 5370 5960
8585 2 2 5 1 5332 5373 5936
8586 2 2 5 1 5493 5683 5962
8587 2 2 5 1 5824 5395 5918
8588 2 2 5 1 4630 5876 5930
8589 2 2 5 1 1959 2274 5946
8590 2 2 5 1 3786 3788 3789
8591 2 2 5 1 1957 5388 5968
8592 2 2 5 1 3523 3525 3614
8593 2 2 5 1 5944 3025 5955
8594 2 2 5 1 1290 5737 5923
8595 2 2 5 1 1510 1511 1512
8596 2 2 5 1 2240 2242 5900
8597 2 2 5 1 2256 5903 5913
8598 2 2 5 1 4534 4532 6019
8599 2 2 5 1 3795 3794 3796
8600 2 2 5 1 2256 2255 5903
8601 2 2 5 1 590 862 5942
8602 2 2 5 1 3209 3208 3210
8603 2 2 5 1 2891 2893 5943
8604 2 2 5 1 5520 5833 5927
8605 2 2 5 1 5683 827 5950
8606 2 2 5 1 3022 3021 5921
8607 2 2 5 1 5620 5956 5959
8608 2 2 5 1 5873 5562 5905
8609 2 2 5 1 5404 5402 5933
8610 2 2 5 1 2265 2267 5939
8611 2 2 5 1 3020 5538 5941
8612 2 2 5 1 3412 3414 3497
8613 2 2 5 1 5330 5332 5936
8614 2 2 5 1 5910 3022 5921
8615 2 2 5 1 538 810 5944
8616 2 2 5 1 5958 2264 5959
8617 2 2 5 1 4709 5929 5930
8618 2 2 5 1 5956 810 5959
8619 2 2 5 1 5817 2240 5900
8620 2 2 5 1 3434 3432 3477
8621 2 2 5 1 5483 1714 5945
8622 2 2 5 1 11 12 5957
8623 2 2 5 1 1942 5420 5960
8624 2 2 5 1 2263 5564 5937
8625 2 2 5 1 1466 1467 2053
8626 2 2 5 1 3160 3161 3162
8627 2 2 5 1 2976 5316 5938
8628 2 2 5 1 3158 3159 3160
8629 2 2 5 1 5365 5922 5967
8630 2 2 5 1 3869 3868 3870
8631 2 2 5 1 2274 2264 5958
8632 2 2 5 1 1209 5718 5940
8633 2 2 5 1 5906 2242 5935
8634 2 2 5 1 2254 5923 5934
8635 2 2 5 1 2263 5937 5954
8636 2 2 5 1 5940 2891 5943
8637 2 2 5 1 3928 3930 4332
8638 2 2 5 1 483 525 526
8639 2 2 5 1 525 524 5317
8640 2 2 5 1 5769 5330 5936
8641 2 2 5 1 2264 5620 5959
8642 2 2 5 1 1043 5478 5949
8643 2 2 5 1 5737 1734 5934
8644 2 2 5 1 5923 5866 5948
8645 2 2 5 1 5406 5943 5951
8646 2 2 5 1 827 5931 5941
8647 2 2 5 1 3164 3340 5977
8648 2 2 5 1 3475 3480 3481
8649 2 2 5 1 3397 3394 6206
8650 2 2 5 1 3025 5944 5956
8651 2 2 5 1 3852 3851 3853
8652 2 2 5 1 1508 1509 1510
8653 2 2 5 1 5929 4630 5930
8654 2 2 5 1 7 8 520
8655 2 2 5 1 1562 1563 1564
8656 2 2 5 1 2279 1959 5946
8657 2 2 5 1 5375 5906 5935
8658 2 2 5 1 5480 5958 5959
8659 2 2 5 1 5915 1246 5933
8660 2 2 5 1 2261 2273 5953
8661 2 2 5 1 5620 2262 5956
8662 2 2 5 1 1209 5940 5943
8663 2 2 5 1 3438 3439 3440
8664 2 2 5 1 2268 2263 5954
8665 2 2 5 1 963 5925 5939
8666 2 2 5 1 3023 3024 5950
8667 2 2 5 1 3418 3420 3421
8668 2 2 5 1 5925 2265 5939
8669 2 2 5 1 3024 5364 5966
8670 2 2 5 1 3545 3623 3624
8671 2 2 5 1 542 540 5955
8672 2 2 5 1 4579 4007 5926
8673 2 2 5 1 5480 1043 5958
8674 2 2 5 1 5931 3020 5941
8675 2 2 5 1 3468 3467 3469
8676 2 2 5 1 4186 2711 4516
8677 2 2 5 1 5402 5915 5933
8678 2 2 5 1 1290 5923 5948
8679 2 2 5 1 2893 4890 5951
8680 2 2 5 1 1616 1615 1617
8681 2 2 5 1 3537 3535 6050
8682 2 2 5 1 3402 3404 3500
8683 2 2 5 1 5866 5369 5948
8684 2 2 5 1 3777 3776 3923
8685 2 2 5 1 5949 2274 5958
8686 2 2 5 1 3536 3535 3537
8687 2 2 5 1 1521 1533 1771
8688 2 2 5 1 810 5480 5959
8689 2 2 5 1 2618 2540 2620
8690 2 2 5 1 1043 5949 5958
8691 2 2 5 1 3235 3236 3237
8692 2 2 5 1 3210 3208 3211
8693 2 2 5 1 3718 3878 3879
8694 2 2 5 1 3032 3029 4520
8695 2 2 5 1 2268 5954 5965
8696 2 2 5 1 5923 5737 5934
8697 2 2 5 1 5366 2962 5963
8698 2 2 5 1 1832 1831 1833
8699 2 2 5 1 5943 2893 5951
8700 2 2 5 1 3475 3481 3482
8701 2 2 5 1 2270 5965 5968
8702 2 2 5 1 5130 5980 6211
8703 2 2 5 1 3373 3506 3594
8704 2 2 5 1 5481 5493 5962
8705 2 2 5 1 3195 3196 3198
8706 2 2 5 1 1449 1450 1451
8707 2 2 5 1 4323 4321 5131
8708 2 2 5 1 1552 1551 1553
8709 2 2 5 1 3396 3394 3397
8710 2 2 5 1 5944 810 5956
8711 2 2 5 1 3200 3201 3202
8712 2 2 5 1 2270 2268 5965
8713 2 2 5 1 6109 3970 6110
8714 2 2 5 1 1780 1599 1781
8715 2 2 5 1 1586 1585 1587
8716 2 2 5 1 1560 1561 1562
8717 2 2 5 1 1832 1881 2004
8718 2 2 5 1 3202 3203 3205
8719 2 2 5 1 3528 3526 3529
8720 2 2 5 1 3514 3369 3544
8721 2 2 5 1 59 60 485
8722 2 2 5 1 3832 3834 3925
8723 2 2 5 1 4116 2270 5968
8724 2 2 5 1 5631 1894 5978
8725 2 2 5 1 1505 1507 1508
8726 2 2 5 1 1508 1510 5278
8727 2 2 5 1 1532 1531 1535
8728 2 2 5 1 58 59 5961
8729 2 2 5 1 5647 1159 5967
8730 2 2 5 1 2498 2499 2500
8731 2 2 5 1 3191 3192 3193
8732 2 2 5 1 1530 1529 1531
8733 2 2 5 1 3525 3526 3527
8734 2 2 5 1 5962 3024 5966
8735 2 2 5 1 2088 2090 5082
8736 2 2 5 1 3188 3189 3191
8737 2 2 5 1 3425 3427 3510
8738 2 2 5 1 26 490 5308
8739 2 2 5 1 3242 3243 3244
8740 2 2 5 1 6341 2424 6343
8741 2 2 5 1 509 74 5964
8742 2 2 5 1 3280 3279 3281
8743 2 2 5 1 3604 3697 3698
8744 2 2 5 1 3610 3807 3808
8745 2 2 5 1 3188 3187 3189
8746 2 2 5 1 3412 3413 3414
8747 2 2 5 1 3533 3534 3535
8748 2 2 5 1 1588 1587 1589
8749 2 2 5 1 1540 1541 1542
8750 2 2 5 1 5946 5356 5991
8751 2 2 5 1 3876 3875 3886
8752 2 2 5 1 3172 3173 3176
8753 2 2 5 1 3508 3786 6000
8754 2 2 5 1 3928 3927 3929
8755 2 2 5 1 3453 3410 3638
8756 2 2 5 1 2475 2478 2479
8757 2 2 5 1 2496 2495 2497
8758 2 2 5 1 1569 1568 1574
8759 2 2 5 1 3217 3215 3218
8760 2 2 5 1 3212 3213 3214
8761 2 2 5 1 3404 3405 3406
8762 2 2 5 1 4097 4098 5190
8763 2 2 5 1 2492 2494 2516
8764 2 2 5 1 3200 3199 3201
8765 2 2 5 1 57 58 516
8766 2 2 5 1 3702 3700 3703
8767 2 2 5 1 3438 3440 3441
8768 2 2 5 1 5481 5962 5966
8769 2 2 5 1 1863 1684 1869
8770 2 2 5 1 2728 2729 2730
8771 2 2 5 1 5294 3580 6256
8772 2 2 5 1 1577 1576 1579
8773 2 2 5 1 3445 3444 3446
8774 2 2 5 1 4481 4482 4483
8775 2 2 5 1 3494 3234 3627
8776 2 2 5 1 3266 3267 3268
8777 2 2 5 1 3572 3571 3731
8778 2 2 5 1 3264 3263 3265
8779 2 2 5 1 1830 1829 1831
8780 2 2 5 1 3158 3157 3159
8781 2 2 5 1 3486 3531 3607
8782 2 2 5 1 1545 1571 1982
8783 2 2 5 1 1844 1851 4303
8784 2 2 5 1 3460 3459 3461
8785 2 2 5 1 2958 2754 2959
8786 2 2 5 1 3274 3275 3276
8787 2 2 5 1 3553 3555 3556
8788 2 2 5 1 1518 1517 1519
8789 2 2 5 1 3219 3220 3221
8790 2 2 5 1 4006 4007 4513
8791 2 2 5 1 12 13 476
8792 2 2 5 1 3855 3892 6036
8793 2 2 5 1 3222 3225 5109
8794 2 2 5 1 3260 3261 3262
8795 2 2 5 1 3635 3633 4063
8796 2 2 5 1 3483 3481 3518
8797 2 2 5 1 4069 4068 4070
8798 2 2 5 1 3212 3214 3372
8799 2 2 5 1 1631 1632 1840
8800 2 2 5 1 2106 2107 2108
8801 2 2 5 1 4026 4027 4233
8802 2 2 5 1 3255 3259 3260
8803 2 2 5 1 3363 3362 3364
8804 2 2 5 1 1586 1587 1588
8805 2 2 5 1 4537 4536 4538
8806 2 2 5 1 3954 3955 3956
8807 2 2 5 1 3282 3332 3333
8808 2 2 5 1 3235 3237 3238
8809 2 2 5 1 3406 3405 3407
8810 2 2 5 1 4322 4324 4995
8811 2 2 5 1 3242 3241 3243
8812 2 2 5 1 1542 1543 1544
8813 2 2 5 1 5215 3479 6017
8814 2 2 5 1 4602 4103 4603
8815 2 2 5 1 3874 3872 6153
8816 2 2 5 1 2435 2434 6038
8817 2 2 5 1 3157 3155 3513
8818 2 2 5 1 3634 3633 3635
8819 2 2 5 1 3767 3766 3768
8820 2 2 5 1 1581 1599 1780
8821 2 2 5 1 2443 2445 2446
8822 2 2 5 1 1521 1520 1522
8823 2 2 5 1 3359 3358 3360
8824 2 2 5 1 2086 4509 4853
8825 2 2 5 1 1631 1840 3036
8826 2 2 5 1 2023 4425 4582
8827 2 2 5 1 1562 1561 1563
8828 2 2 5 1 3956 3957 3958
8829 2 2 5 1 1894 2280 5978
8830 2 2 5 1 25 26 5308
8831 2 2 5 1 4795 4055 4797
8832 2 2 5 1 2678 2679 2680
8833 2 2 5 1 4234 4027 4235
8834 2 2 5 1 65 66 5972
8835 2 2 5 1 2636 2622 5124
8836 2 2 5 1 3255 3260 3336
8837 2 2 5 1 3540 3537 6050
8838 2 2 5 1 3225 3226 3227
8839 2 2 5 1 4353 4352 4354
8840 2 2 5 1 3578 3429 3794
8841 2 2 5 1 3605 3716 3908
8842 2 2 5 1 2465 2466 2468
8843 2 2 5 1 2451 2453 5260
8844 2 2 5 1 3441 3443 3493
8845 2 2 5 1 1850 1843 1862
8846 2 2 5 1 3393 3392 3394
8847 2 2 5 1 19 20 5970
8848 2 2 5 1 23 24 459
8849 2 2 5 1 1528 1527 1529
8850 2 2 5 1 14 15 512
8851 2 2 5 1 17 18 5971
8852 2 2 5 1 5151 5150 5152
8853 2 2 5 1 24 25 5969
8854 2 2 5 1 18 19 510
8855 2 2 5 1 20 21 480
8856 2 2 5 1 64 65 508
8857 2 2 5 1 16 17 457
8858 2 2 5 1 63 64 5973
8859 2 2 5 1 62 63 475
8860 2 2 5 1 13 14 5974
8861 2 2 5 1 66 67 469
8862 2 2 5 1 5219 6025 6245
8863 2 2 5 1 67 68 5975
8864 2 2 5 1 68 69 511
8865 2 2 5 1 71 72 449
8866 2 2 5 1 72 73 5976
8867 2 2 5 1 73 74 509
8868 2 2 5 1 2443 2442 2444
8869 2 2 5 1 3607 3611 3679
8870 2 2 5 1 1499 1500 1501
8871 2 2 5 1 2292 2920 2921
8872 2 2 5 1 2517 2540 2618
8873 2 2 5 1 1592 1591 1593
8874 2 2 5 1 3166 3165 3167
8875 2 2 5 1 2437 2438 2439
8876 2 2 5 1 3466 3479 5215
8877 2 2 5 1 3896 3897 3898
8878 2 2 5 1 1513 1511 1515
8879 2 2 5 1 3520 3519 3579
8880 2 2 5 1 1597 1595 5243
8881 2 2 5 1 3760 3668 3793
8882 2 2 5 1 3898 3897 3899
8883 2 2 5 1 3568 3567 3569
8884 2 2 5 1 3282 3333 3334
8885 2 2 5 1 12 476 5957
8886 2 2 5 1 3396 3398 3613
8887 2 2 5 1 3792 3790 5234
8888 2 2 5 1 3690 3767 4350
8889 2 2 5 1 2664 2677 2678
8890 2 2 5 1 3547 3548 3603
8891 2 2 5 1 2054 1467 5155
8892 2 2 5 1 1526 1528 1534
8893 2 2 5 1 2483 2451 5260
8894 2 2 5 1 3786 3787 3788
8895 2 2 5 1 3195 3198 3323
8896 2 2 5 1 1881 1882 1973
8897 2 2 5 1 3631 3630 3686
8898 2 2 5 1 3587 3678 3837
8899 2 2 5 1 5517 5516 6011
8900 2 2 5 1 3201 3199 6060
8901 2 2 5 1 3270 3271 3272
8902 2 2 5 1 3264 3266 3347
8903 2 2 5 1 3216 3217 3501
8904 2 2 5 1 483 524 525
8905 2 2 5 1 516 58 5961
8906 2 2 5 1 1844 1850 1851
8907 2 2 5 1 2511 2431 6097
8908 2 2 5 1 3468 3469 3470
8909 2 2 5 1 1691 1690 1692
8910 2 2 5 1 3262 3261 3263
8911 2 2 5 1 2429 2430 2431
8912 2 2 5 1 2501 2500 2502
8913 2 2 5 1 4541 4540 4542
8914 2 2 5 1 2491 2480 2492
8915 2 2 5 1 2450 2449 2451
8916 2 2 5 1 3983 3982 3984
8917 2 2 5 1 3608 3668 3719
8918 2 2 5 1 1535 1531 1623
8919 2 2 5 1 2279 5947 6011
8920 2 2 5 1 1512 1511 1513
8921 2 2 5 1 3704 3703 3705
8922 2 2 5 1 3195 3194 3196
8923 2 2 5 1 3431 3430 3432
8924 2 2 5 1 3227 3230 3290
8925 2 2 5 1 5272 5273 6037
8926 2 2 5 1 59 485 5961
8927 2 2 5 1 1603 1605 1606
8928 2 2 5 1 4026 3768 4027
8929 2 2 5 1 3718 3596 3878
8930 2 2 5 1 3200 3202 3507
8931 2 2 5 1 5179 5180 5258
8932 2 2 5 1 1502 1501 1503
8933 2 2 5 1 3373 3180 3506
8934 2 2 5 1 3167 3165 3174
8935 2 2 5 1 2510 2571 2572
8936 2 2 5 1 5356 5337 5991
8937 2 2 5 1 3348 3349 3584
8938 2 2 5 1 3273 3271 3337
8939 2 2 5 1 3460 3461 3462
8940 2 2 5 1 3855 3853 3890
8941 2 2 5 1 1692 1690 1768
8942 2 2 5 1 3191 3193 3495
8943 2 2 5 1 3249 3247 3251
8944 2 2 5 1 2545 2546 2622
8945 2 2 5 1 1598 1597 1600
8946 2 2 5 1 2484 2532 2539
8947 2 2 5 1 5317 524 5995
8948 2 2 5 1 1567 1568 1569
8949 2 2 5 1 2439 2438 2440
8950 2 2 5 1 1822 1779 6003
8951 2 2 5 1 3717 4795 4796
8952 2 2 5 1 1537 1572 1675
8953 2 2 5 1 1466 2053 2740
8954 2 2 5 1 3359 3360 3361
8955 2 2 5 1 3844 3845 3846
8956 2 2 5 1 2456 2454 2481
8957 2 2 5 1 3610 3408 3807
8958 2 2 5 1 1502 1504 1630
8959 2 2 5 1 1542 1541 1543
8960 2 2 5 1 3587 3837 5312
8961 2 2 5 1 3725 3640 3872
8962 2 2 5 1 3798 3797 4204
8963 2 2 5 1 2459 2461 2462
8964 2 2 5 1 3553 3543 3554
8965 2 2 5 1 3955 3672 6002
8966 2 2 5 1 3770 3771 3772
8967 2 2 5 1 1483 1482 1671
8968 2 2 5 1 3826 3825 3827
8969 2 2 5 1 3782 3781 3969
8970 2 2 5 1 1449 1451 6024
8971 2 2 5 1 3589 3805 3840
8972 2 2 5 1 1602 1600 1653
8973 2 2 5 1 1535 1623 1787
8974 2 2 5 1 3232 3234 3494
8975 2 2 5 1 2440 2438 2485
8976 2 2 5 1 1584 1585 1586
8977 2 2 5 1 3276 3277 3278
8978 2 2 5 1 1451 1453 1454
8979 2 2 5 1 462 5262 6001
8980 2 2 5 1 3403 3401 3472
8981 2 2 5 1 2447 2445 2448
8982 2 2 5 1 1499 1501 1502
8983 2 2 5 1 3896 3898 5161
8984 2 2 5 1 3399 3400 3401
8985 2 2 5 1 1543 1622 1686
8986 2 2 5 1 3493 5245 6133
8987 2 2 5 1 3580 3774 3775
8988 2 2 5 1 2710 1815 2711
8989 2 2 5 1 3552 3543 3553
8990 2 2 5 1 4319 4320 4321
8991 2 2 5 1 3176 3180 3373
8992 2 2 5 1 3836 3835 3875
8993 2 2 5 1 3926 3927 3928
8994 2 2 5 1 3484 3486 6012
8995 2 2 5 1 2682 2680 2683
8996 2 2 5 1 3545 3419 3623
8997 2 2 5 1 1881 1833 1882
8998 2 2 5 1 476 13 5974
8999 2 2 5 1 1688 1797 2088
9000 2 2 5 1 3451 3452 3454
9001 2 2 5 1 1614 1615 1616
9002 2 2 5 1 3698 3790 3791
9003 2 2 5 1 3584 3349 3585
9004 2 2 5 1 3714 3715 3931
9005 2 2 5 1 3632 3629 3841
9006 2 2 5 1 3879 3880 4051
9007 2 2 5 1 3797 3796 3799
9008 2 2 5 1 3603 3604 3681
9009 2 2 5 1 3461 3459 5999
9010 2 2 5 1 3435 3437 3612
9011 2 2 5 1 3355 3345 3356
9012 2 2 5 1 3219 3221 3222
9013 2 2 5 1 3892 3891 3893
9014 2 2 5 1 2431 2430 2432
9015 2 2 5 1 3265 3263 3503
9016 2 2 5 1 3399 3401 3402
9017 2 2 5 1 3470 3471 3474
9018 2 2 5 1 3027 3028 3029
9019 2 2 5 1 3644 3881 3882
9020 2 2 5 1 4071 4072 4073
9021 2 2 5 1 3181 3183 3184
9022 2 2 5 1 3832 3831 3833
9023 2 2 5 1 1522 1520 1523
9024 2 2 5 1 2105 2298 5070
9025 2 2 5 1 4069 4071 4076
9026 2 2 5 1 3392 3390 3416
9027 2 2 5 1 3466 3465 3467
9028 2 2 5 1 3402 3401 3403
9029 2 2 5 1 1564 1566 1567
9030 2 2 5 1 3334 3335 3344
9031 2 2 5 1 25 5308 5969
9032 2 2 5 1 3465 3464 3589
9033 2 2 5 1 3445 3447 3644
9034 2 2 5 1 508 65 5972
9035 2 2 5 1 66 469 5972
9036 2 2 5 1 459 24 5969
9037 2 2 5 1 64 508 5973
9038 2 2 5 1 3409 3407 3410
9039 2 2 5 1 68 511 5975
9040 2 2 5 1 73 509 5976
9041 2 2 5 1 20 480 5970
9042 2 2 5 1 3181 3182 3183
9043 2 2 5 1 457 17 5971
9044 2 2 5 1 162 163 467
9045 2 2 5 1 18 510 5971
9046 2 2 5 1 510 19 5970
9047 2 2 5 1 475 63 5973
9048 2 2 5 1 14 512 5974
9049 2 2 5 1 2282 2281 6023
9050 2 2 5 1 469 67 5975
9051 2 2 5 1 449 72 5976
9052 2 2 5 1 3238 3240 5184
9053 2 2 5 1 6108 3802 6133
9054 2 2 5 1 3585 3349 3633
9055 2 2 5 1 1456 1483 1484
9056 2 2 5 1 4880 4075 4881
9057 2 2 5 1 1550 1549 1551
9058 2 2 5 1 3770 3689 3771
9059 2 2 5 1 3489 3488 3519
9060 2 2 5 1 3454 3452 3455
9061 2 2 5 1 6095 3556 6096
9062 2 2 5 1 1639 1613 5217
9063 2 2 5 1 3533 3535 3536
9064 2 2 5 1 3965 4318 4647
9065 2 2 5 1 1592 1594 1604
9066 2 2 5 1 3430 3429 3578
9067 2 2 5 1 3930 3929 5229
9068 2 2 5 1 4236 5067 5074
9069 2 2 5 1 1442 1441 1448
9070 2 2 5 1 2453 2452 2454
9071 2 2 5 1 3852 3853 3854
9072 2 2 5 1 2695 2718 4163
9073 2 2 5 1 3443 3444 3445
9074 2 2 5 1 1564 1563 1566
9075 2 2 5 1 2530 2477 2531
9076 2 2 5 1 2510 2490 2547
9077 2 2 5 1 3791 3790 3792
9078 2 2 5 1 3250 3249 3254
9079 2 2 5 1 4237 4236 5901
9080 2 2 5 1 1558 1557 1559
9081 2 2 5 1 2453 2467 5260
9082 2 2 5 1 1545 1546 1571
9083 2 2 5 1 5717 2287 6030
9084 2 2 5 1 1683 1635 1684
9085 2 2 5 1 2280 1893 6035
9086 2 2 5 1 3800 3437 6029
9087 2 2 5 1 3902 3901 3903
9088 2 2 5 1 3448 3449 3450
9089 2 2 5 1 3793 3668 6027
9090 2 2 5 1 4006 3686 4007
9091 2 2 5 1 3923 3924 3962
9092 2 2 5 1 1612 1613 1614
9093 2 2 5 1 2534 2535 2624
9094 2 2 5 1 2640 2639 2727
9095 2 2 5 1 3542 3541 3543
9096 2 2 5 1 3238 3239 3240
9097 2 2 5 1 1510 1573 5278
9098 2 2 5 1 3162 3161 3163
9099 2 2 5 1 1524 1525 1526
9100 2 2 5 1 2494 2495 2496
9101 2 2 5 1 2443 2444 2445
9102 2 2 5 1 3561 3567 3568
9103 2 2 5 1 3557 3559 3560
9104 2 2 5 1 3441 3440 3442
9105 2 2 5 1 2578 2579 2651
9106 2 2 5 1 3898 3899 3900
9107 2 2 5 1 2705 2704 2706
9108 2 2 5 1 1554 1553 1555
9109 2 2 5 1 1551 1549 1619
9110 2 2 5 1 2505 2506 2513
9111 2 2 5 1 2098 2692 2957
9112 2 2 5 1 156 157 513
9113 2 2 5 1 158 159 465
9114 2 2 5 1 160 161 514
9115 2 2 5 1 3900 4158 5194
9116 2 2 5 1 150 151 472
9117 2 2 5 1 154 155 461
9118 2 2 5 1 149 150 5995
9119 2 2 5 1 152 153 515
9120 2 2 5 1 3985 3984 4182
9121 2 2 5 1 153 154 5994
9122 2 2 5 1 4426 3888 4430
9123 2 2 5 1 1675 1676 1677
9124 2 2 5 1 3613 3398 3868
9125 2 2 5 1 2527 2526 2528
9126 2 2 5 1 4772 4484 4773
9127 2 2 5 1 4354 4352 4355
9128 2 2 5 1 151 152 5996
9129 2 2 5 1 524 149 5995
9130 2 2 5 1 3603 3681 3682
9131 2 2 5 1 5516 2279 6011
9132 2 2 5 1 3786 3789 6000
9133 2 2 5 1 3521 3522 3523
9134 2 2 5 1 2719 2006 4738
9135 2 2 5 1 3344 3345 3355
9136 2 2 5 1 1470 1448 6151
9137 2 2 5 1 3635 4063 4064
9138 2 2 5 1 3232 3231 3233
9139 2 2 5 1 3689 3596 3718
9140 2 2 5 1 3172 3167 3173
9141 2 2 5 1 4067 4066 4068
9142 2 2 5 1 3633 3349 6041
9143 2 2 5 1 1887 1886 2006
9144 2 2 5 1 3367 3364 3369
9145 2 2 5 1 3414 3415 3417
9146 2 2 5 1 2739 3040 4212
9147 2 2 5 1 3362 3360 3511
9148 2 2 5 1 2707 2706 2721
9149 2 2 5 1 3448 3450 3451
9150 2 2 5 1 1491 1494 1631
9151 2 2 5 1 3246 3245 3247
9152 2 2 5 1 2098 2691 2692
9153 2 2 5 1 3687 3686 4006
9154 2 2 5 1 1507 1506 1618
9155 2 2 5 1 3435 3436 3437
9156 2 2 5 1 1691 1693 2118
9157 2 2 5 1 1497 1496 5085
9158 2 2 5 1 1518 1520 1521
9159 2 2 5 1 3359 3361 3664
9160 2 2 5 1 3690 3588 3766
9161 2 2 5 1 2694 2693 2901
9162 2 2 5 1 1451 1452 1453
9163 2 2 5 1 4535 4536 4537
9164 2 2 5 1 3710 3711 3712
9165 2 2 5 1 1861 1632 2303
9166 2 2 5 1 3276 3275 3277
9167 2 2 5 1 5385 2284 6042
9168 2 2 5 1 3639 3638 3640
9169 2 2 5 1 3944 3945 3946
9170 2 2 5 1 2438 2435 6038
9171 2 2 5 1 1787 1788 1790
9172 2 2 5 1 5240 5241 6100
9173 2 2 5 1 2530 2531 2578
9174 2 2 5 1 3823 3821 3824
9175 2 2 5 1 4073 4074 4075
9176 2 2 5 1 3848 3850 3948
9177 2 2 5 1 4533 4534 4535
9178 2 2 5 1 1557 1555 1624
9179 2 2 5 1 2521 2522 6138
9180 2 2 5 1 3679 3611 3693
9181 2 2 5 1 2644 2645 5231
9182 2 2 5 1 466 5272 6037
9183 2 2 5 1 2105 2297 2298
9184 2 2 5 1 3408 3407 3409
9185 2 2 5 1 4073 4075 4880
9186 2 2 5 1 3402 3500 6094
9187 2 2 5 1 4098 4052 4099
9188 2 2 5 1 6241 3416 6257
9189 2 2 5 1 3991 3993 5073
9190 2 2 5 1 3539 3540 3541
9191 2 2 5 1 1685 1863 1864
9192 2 2 5 1 1575 1576 1577
9193 2 2 5 1 5152 5150 5154
9194 2 2 5 1 3926 3907 3927
9195 2 2 5 1 1802 1789 1803
9196 2 2 5 1 3050 3051 3052
9197 2 2 5 1 3474 3475 5254
9198 2 2 5 1 2451 2449 2452
9199 2 2 5 1 3630 3629 3632
9200 2 2 5 1 1887 2006 2007
9201 2 2 5 1 1782 1783 1785
9202 2 2 5 1 3533 3530 3534
9203 2 2 5 1 3722 3625 3755
9204 2 2 5 1 2502 2503 2505
9205 2 2 5 1 3904 3906 4172
9206 2 2 5 1 3940 3947 4138
9207 2 2 5 1 3453 3638 3639
9208 2 2 5 1 3959 3957 4059
9209 2 2 5 1 3348 3332 3349
9210 2 2 5 1 1691 2118 6135
9211 2 2 5 1 3671 3675 3720
9212 2 2 5 1 166 167 6055
9213 2 2 5 1 3830 3831 3832
9214 2 2 5 1 3991 3989 3992
9215 2 2 5 1 1546 1547 1548
9216 2 2 5 1 1672 1886 1887
9217 2 2 5 1 4172 5209 5210
9218 2 2 5 1 4533 4532 4534
9219 2 2 5 1 3358 3366 5224
9220 2 2 5 1 1528 1529 1530
9221 2 2 5 1 3428 3429 3430
9222 2 2 5 1 3814 3813 3816
9223 2 2 5 1 2481 2454 6089
9224 2 2 5 1 3986 3985 3987
9225 2 2 5 1 2502 2500 2503
9226 2 2 5 1 2675 2651 4641
9227 2 2 5 1 3539 3541 3542
9228 2 2 5 1 155 156 6010
9229 2 2 5 1 3205 3207 3343
9230 2 2 5 1 2513 2514 2521
9231 2 2 5 1 2457 2458 2459
9232 2 2 5 1 3510 3427 3856
9233 2 2 5 1 3993 3994 3995
9234 2 2 5 1 4082 5149 5150
9235 2 2 5 1 1537 1536 1538
9236 2 2 5 1 2444 2486 2488
9237 2 2 5 1 3358 3356 3366
9238 2 2 5 1 1807 1768 2120
9239 2 2 5 1 3269 3499 5997
9240 2 2 5 1 1782 1781 1783
9241 2 2 5 1 3644 3447 3881
9242 2 2 5 1 3460 3462 3502
9243 2 2 5 1 1502 1630 6176
9244 2 2 5 1 2432 2430 2487
9245 2 2 5 1 2465 2468 2470
9246 2 2 5 1 3816 3813 4057
9247 2 2 5 1 1577 1579 1580
9248 2 2 5 1 3216 3501 3547
9249 2 2 5 1 3421 3422 3423
9250 2 2 5 1 5693 2288 6054
9251 2 2 5 1 4413 4414 4649
9252 2 2 5 1 3494 3628 5133
9253 2 2 5 1 1630 1821 5047
9254 2 2 5 1 3470 3474 3508
9255 2 2 5 1 4071 4073 6112
9256 2 2 5 1 2474 2473 2475
9257 2 2 5 1 2496 2497 2498
9258 2 2 5 1 1595 1593 1644
9259 2 2 5 1 3216 3215 3217
9260 2 2 5 1 3843 3842 3844
9261 2 2 5 1 3836 3875 3876
9262 2 2 5 1 3484 3483 3485
9263 2 2 5 1 3900 3899 3901
9264 2 2 5 1 1685 1864 2102
9265 2 2 5 1 3418 3415 3419
9266 2 2 5 1 3965 3966 4318
9267 2 2 5 1 1526 1527 1528
9268 2 2 5 1 4234 4235 4236
9269 2 2 5 1 3865 3866 3867
9270 2 2 5 1 3532 3530 3533
9271 2 2 5 1 1802 1803 2021
9272 2 2 5 1 3557 3558 3559
9273 2 2 5 1 3814 3817 3818
9274 2 2 5 1 3799 3885 4028
9275 2 2 5 1 3579 3519 3596
9276 2 2 5 1 3518 3481 6216
9277 2 2 5 1 1610 1612 1661
9278 2 2 5 1 3244 6031 6032
9279 2 2 5 1 1607 1606 1608
9280 2 2 5 1 3764 3734 4086
9281 2 2 5 1 3949 3874 3950
9282 2 2 5 1 3702 3703 3704
9283 2 2 5 1 3952 4065 4066
9284 2 2 5 1 3158 3160 5207
9285 2 2 5 1 1782 1785 2291
9286 2 2 5 1 5146 4033 5205
9287 2 2 5 1 3413 5315 6015
9288 2 2 5 1 4478 4477 4728
9289 2 2 5 1 2281 5517 6023
9290 2 2 5 1 4541 4542 4543
9291 2 2 5 1 3690 3766 3767
9292 2 2 5 1 5245 4031 6108
9293 2 2 5 1 3373 3594 3626
9294 2 2 5 1 3459 3458 3550
9295 2 2 5 1 4483 4484 4772
9296 2 2 5 1 1817 2062 2063
9297 2 2 5 1 3988 3987 3989
9298 2 2 5 1 3365 3364 3367
9299 2 2 5 1 3477 5091 5202
9300 2 2 5 1 1538 1536 1539
9301 2 2 5 1 3423 3424 3425
9302 2 2 5 1 2433 2435 2436
9303 2 2 5 1 2635 2634 2889
9304 2 2 5 1 2462 2461 2463
9305 2 2 5 1 1592 1593 1594
9306 2 2 5 1 3209 3212 6059
9307 2 2 5 1 1591 1589 1638
9308 2 2 5 1 3854 3853 3855
9309 2 2 5 1 3514 3544 3551
9310 2 2 5 1 3837 3678 3838
9311 2 2 5 1 3989 3987 3990
9312 2 2 5 1 4418 4417 4502
9313 2 2 5 1 1686 1622 1687
9314 2 2 5 1 2537 2509 5313
9315 2 2 5 1 3717 4055 4795
9316 2 2 5 1 3486 3607 6012
9317 2 2 5 1 3844 3842 3845
9318 2 2 5 1 2155 5717 6030
9319 2 2 5 1 1598 1600 1601
9320 2 2 5 1 2155 6030 6035
9321 2 2 5 1 1820 1828 1829
9322 2 2 5 1 1893 2155 6035
9323 2 2 5 1 3624 3625 3722
9324 2 2 5 1 3610 3808 3810
9325 2 2 5 1 4609 4608 4610
9326 2 2 5 1 1832 1833 1881
9327 2 2 5 1 3589 3840 6040
9328 2 2 5 1 1633 1634 1816
9329 2 2 5 1 3992 3989 6028
9330 2 2 5 1 1787 1790 3031
9331 2 2 5 1 1577 1580 1581
9332 2 2 5 1 3822 3821 3823
9333 2 2 5 1 3814 3818 6134
9334 2 2 5 1 2402 2509 2537
9335 2 2 5 1 3801 3800 3802
9336 2 2 5 1 2921 2920 4522
9337 2 2 5 1 1518 1519 1520
9338 2 2 5 1 1903 1901 6069
9339 2 2 5 1 157 158 6022
9340 2 2 5 1 472 151 5996
9341 2 2 5 1 150 472 5995
9342 2 2 5 1 515 153 5994
9343 2 2 5 1 154 461 5994
9344 2 2 5 1 152 515 5996
9345 2 2 5 1 4520 3029 4521
9346 2 2 5 1 2927 2928 5116
9347 2 2 5 1 1814 1815 2709
9348 2 2 5 1 2120 1768 6154
9349 2 2 5 1 1844 1843 1850
9350 2 2 5 1 3785 3474 5254
9351 2 2 5 1 5145 5779 6077
9352 2 2 5 1 3904 3903 3905
9353 2 2 5 1 2682 2683 2738
9354 2 2 5 1 3550 3458 3864
9355 2 2 5 1 3228 3229 6103
9356 2 2 5 1 3626 3666 6207
9357 2 2 5 1 4321 4320 5089
9358 2 2 5 1 3714 3713 3715
9359 2 2 5 1 4239 2054 4844
9360 2 2 5 1 1630 1779 1821
9361 2 2 5 1 3494 3627 3628
9362 2 2 5 1 1891 1892 6084
9363 2 2 5 1 4268 4060 4269
9364 2 2 5 1 3828 3827 3829
9365 2 2 5 1 2510 2572 6189
9366 2 2 5 1 3395 3393 5246
9367 2 2 5 1 3799 4028 4604
9368 2 2 5 1 6017 3479 6110
9369 2 2 5 1 2294 4392 4394
9370 2 2 5 1 156 513 6010
9371 2 2 5 1 461 155 6010
9372 2 2 5 1 3881 6101 6149
9373 2 2 5 1 1853 1645 2104
9374 2 2 5 1 3421 3423 3509
9375 2 2 5 1 4082 5150 5151
9376 2 2 5 1 4470 4471 4472
9377 2 2 5 1 2694 2901 2902
9378 2 2 5 1 3791 4205 5238
9379 2 2 5 1 3765 3763 4409
9380 2 2 5 1 2578 2651 2675
9381 2 2 5 1 2572 2671 6189
9382 2 2 5 1 3393 3396 5246
9383 2 2 5 1 2433 2434 2435
9384 2 2 5 1 2928 4292 5066
9385 2 2 5 1 2284 5183 6042
9386 2 2 5 1 4429 4427 4703
9387 2 2 5 1 4101 4100 4102
9388 2 2 5 1 3357 3356 3358
9389 2 2 5 1 1688 1687 1796
9390 2 2 5 1 2402 2537 2538
9391 2 2 5 1 3964 3866 6136
9392 2 2 5 1 2522 2523 2524
9393 2 2 5 1 6047 1618 6048
9394 2 2 5 1 3989 3990 6028
9395 2 2 5 1 3867 3963 4249
9396 2 2 5 1 3857 3858 3859
9397 2 2 5 1 3931 3932 3933
9398 2 2 5 1 3796 3794 6147
9399 2 2 5 1 3188 3191 6052
9400 2 2 5 1 1453 1455 1456
9401 2 2 5 1 3794 6009 6147
9402 2 2 5 1 2889 2634 4261
9403 2 2 5 1 2664 2623 2677
9404 2 2 5 1 3290 3230 6184
9405 2 2 5 1 3805 3806 3914
9406 2 2 5 1 3561 3566 3567
9407 2 2 5 1 3644 3882 3884
9408 2 2 5 1 6000 6109 6110
9409 2 2 5 1 3511 3360 5224
9410 2 2 5 1 158 465 6022
9411 2 2 5 1 3777 3923 4487
9412 2 2 5 1 3806 5158 6204
9413 2 2 5 1 513 157 6022
9414 2 2 5 1 1975 1976 2875
9415 2 2 5 1 3718 3879 4631
9416 2 2 5 1 2629 4416 4417
9417 2 2 5 1 3857 3859 3860
9418 2 2 5 1 1610 1611 1612
9419 2 2 5 1 4818 3854 4819
9420 2 2 5 1 3551 3581 3671
9421 2 2 5 1 2718 2625 6255
9422 2 2 5 1 3894 3895 3896
9423 2 2 5 1 3583 3588 3684
9424 2 2 5 1 1643 1812 1813
9425 2 2 5 1 1806 1768 1807
9426 2 2 5 1 4772 4773 4893
9427 2 2 5 1 1973 1974 1975
9428 2 2 5 1 167 466 6055
9429 2 2 5 1 3459 3550 5999
9430 2 2 5 1 2396 2397 2398
9431 2 2 5 1 5258 5180 6067
9432 2 2 5 1 1643 1813 1814
9433 2 2 5 1 1629 1645 1663
9434 2 2 5 1 2106 2103 2107
9435 2 2 5 1 4413 3793 4414
9436 2 2 5 1 159 160 6043
9437 2 2 5 1 4145 6139 6140
9438 2 2 5 1 4560 3992 6028
9439 2 2 5 1 1505 1506 1507
9440 2 2 5 1 2681 4188 6124
9441 2 2 5 1 2397 2399 2402
9442 2 2 5 1 3887 3888 3889
9443 2 2 5 1 4428 4427 4429
9444 2 2 5 1 2088 1797 2089
9445 2 2 5 1 2089 1797 2882
9446 2 2 5 1 2446 2447 5177
9447 2 2 5 1 2285 2961 6168
9448 2 2 5 1 1642 1617 6225
9449 2 2 5 1 1685 1684 1863
9450 2 2 5 1 2539 2532 2615
9451 2 2 5 1 1675 1572 1676
9452 2 2 5 1 3408 3409 5917
9453 2 2 5 1 3360 3358 5224
9454 2 2 5 1 3050 3052 4519
9455 2 2 5 1 2092 2094 2956
9456 2 2 5 1 2692 2693 2694
9457 2 2 5 1 160 514 6043
9458 2 2 5 1 3602 3961 4424
9459 2 2 5 1 465 159 6043
9460 2 2 5 1 2904 2925 2926
9461 2 2 5 1 1608 1606 1609
9462 2 2 5 1 2086 1828 2296
9463 2 2 5 1 3583 3684 3887
9464 2 2 5 1 2710 2712 4192
9465 2 2 5 1 1829 1828 2086
9466 2 2 5 1 2622 2546 2623
9467 2 2 5 1 2288 5386 6054
9468 2 2 5 1 4101 4103 4601
9469 2 2 5 1 162 467 6053
9470 2 2 5 1 3535 5096 6050
9471 2 2 5 1 4097 4052 4098
9472 2 2 5 1 2467 5219 6245
9473 2 2 5 1 6027 3566 6125
9474 2 2 5 1 2572 2627 2628
9475 2 2 5 1 3827 3825 5079
9476 2 2 5 1 2090 2091 2092
9477 2 2 5 1 3704 3710 3756
9478 2 2 5 1 166 6055 6064
9479 2 2 5 1 3399 3402 6094
9480 2 2 5 1 1456 1482 1483
9481 2 2 5 1 514 161 6053
9482 2 2 5 1 5312 3837 6026
9483 2 2 5 1 2639 2615 2689
9484 2 2 5 1 2927 2926 2928
9485 2 2 5 1 1462 2301 6286
9486 2 2 5 1 4022 4084 4336
9487 2 2 5 1 2517 2491 2540
9488 2 2 5 1 3524 3565 6018
9489 2 2 5 1 1629 1663 5075
9490 2 2 5 1 3849 3847 3877
9491 2 2 5 1 161 162 6053
9492 2 2 5 1 4234 4236 4237
9493 2 2 5 1 2572 2571 2627
9494 2 2 5 1 1975 2875 2947
9495 2 2 5 1 2092 2093 2094
9496 2 2 5 1 1796 1687 2293
9497 2 2 5 1 3398 3399 6094
9498 2 2 5 1 3426 3424 6009
9499 2 2 5 1 3514 3551 3591
9500 2 2 5 1 3591 3551 6159
9501 2 2 5 1 1499 1502 6176
9502 2 2 5 1 2678 2681 6124
9503 2 2 5 1 5315 4062 6013
9504 2 2 5 1 2300 2299 3042
9505 2 2 5 1 3867 4249 5129
9506 2 2 5 1 2508 2541 3026
9507 2 2 5 1 3595 3812 3815
9508 2 2 5 1 3812 3813 3814
9509 2 2 5 1 3666 3941 3942
9510 2 2 5 1 6025 5221 6189
9511 2 2 5 1 3876 3939 4034
9512 2 2 5 1 3529 3526 6018
9513 2 2 5 1 2522 2524 2525
9514 2 2 5 1 5175 2642 6177
9515 2 2 5 1 3714 3931 3976
9516 2 2 5 1 3172 3176 6075
9517 2 2 5 1 2641 2642 4262
9518 2 2 5 1 2289 5694 6193
9519 2 2 5 1 2640 2727 2728
9520 2 2 5 1 1521 1771 5259
9521 2 2 5 1 3349 3332 6041
9522 2 2 5 1 4987 4984 4988
9523 2 2 5 1 4288 4289 4290
9524 2 2 5 1 6000 3789 6109
9525 2 2 5 1 6029 3493 6133
9526 2 2 5 1 3763 3734 3764
9527 2 2 5 1 5184 6175 6182
9528 2 2 5 1 4351 2876 4352
9529 2 2 5 1 3409 3412 5917
9530 2 2 5 1 2686 2704 2705
9531 2 2 5 1 2728 2730 2731
9532 2 2 5 1 2097 2095 4642
9533 2 2 5 1 2624 2625 2695
9534 2 2 5 1 2622 2663 5124
9535 2 2 5 1 1638 1589 6107
9536 2 2 5 1 1901 2119 6069
9537 2 2 5 1 3595 3811 3812
9538 2 2 5 1 1817 2063 2292
9539 2 2 5 1 2508 2534 2541
9540 2 2 5 1 3181 3184 6091
9541 2 2 5 1 2694 2902 5102
9542 2 2 5 1 3561 3568 6081
9543 2 2 5 1 4539 4538 4540
9544 2 2 5 1 2663 2623 2664
9545 2 2 5 1 3451 3505 6101
9546 2 2 5 1 5109 3225 6137
9547 2 2 5 1 1819 1820 5981
9548 2 2 5 1 5779 2290 6077
9549 2 2 5 1 3191 3495 6052
9550 2 2 5 1 3894 3896 3968
9551 2 2 5 1 5071 2885 6242
9552 2 2 5 1 3566 5103 6125
9553 2 2 5 1 4324 4323 5193
9554 2 2 5 1 4320 3966 5242
9555 2 2 5 1 1892 2289 6084
9556 2 2 5 1 2516 2494 6071
9557 2 2 5 1 2710 2711 2712
9558 2 2 5 1 4068 4066 4077
9559 2 2 5 1 4145 3828 6139
9560 2 2 5 1 1995 1994 2754
9561 2 2 5 1 1467 1465 5249
9562 2 2 5 1 2574 2674 2690
9563 2 2 5 1 2615 2532 2616
9564 2 2 5 1 4531 2074 4532
9565 2 2 5 1 2513 2521 2574
9566 2 2 5 1 5270 5269 6087
9567 2 2 5 1 3526 3524 6018
9568 2 2 5 1 3271 3269 5997
9569 2 2 5 1 3815 6134 6199
9570 2 2 5 1 2624 2695 2696
9571 2 2 5 1 3504 3280 6079
9572 2 2 5 1 1853 2104 2105
9573 2 2 5 1 3835 3833 5212
9574 2 2 5 1 5276 6186 6208
9575 2 2 5 1 3368 3367 6039
9576 2 2 5 1 3848 3847 3849
9577 2 2 5 1 2096 2095 2097
9578 2 2 5 1 3337 3271 5997
9579 2 2 5 1 4027 3768 5173
9580 2 2 5 1 3868 3398 6094
9581 2 2 5 1 5200 3472 6153
9582 2 2 5 1 2294 2293 2295
9583 2 2 5 1 2485 2438 6038
9584 2 2 5 1 3250 3255 5218
9585 2 2 5 1 2664 2678 6124
9586 2 2 5 1 4205 4302 4801
9587 2 2 5 1 4554 2099 4555
9588 2 2 5 1 3853 3851 6078
9589 2 2 5 1 3234 3235 6182
9590 2 2 5 1 5103 3558 6285
9591 2 2 5 1 5196 1814 6261
9592 2 2 5 1 4536 4534 6230
9593 2 2 5 1 1965 1807 1966
9594 2 2 5 1 2572 2628 2671
9595 2 2 5 1 2877 4783 4785
9596 2 2 5 1 3666 3940 3941
9597 2 2 5 1 1633 1816 1817
9598 2 2 5 1 2022 2100 2101
9599 2 2 5 1 2629 4417 4418
9600 2 2 5 1 2644 5231 5232
9601 2 2 5 1 4065 3950 6166
9602 2 2 5 1 3225 3227 6137
9603 2 2 5 1 2620 2540 2676
9604 2 2 5 1 3833 3831 6144
9605 2 2 5 1 4061 6059 6088
9606 2 2 5 1 2877 2878 4783
9607 2 2 5 1 2120 6154 6163
9608 2 2 5 1 4414 3793 6125
9609 2 2 5 1 3623 3419 6015
9610 2 2 5 1 2457 2459 5220
9611 2 2 5 1 3445 3644 6121
9612 2 2 5 1 1802 2021 2023
9613 2 2 5 1 4983 4984 4986
9614 2 2 5 1 4409 3763 6129
9615 2 2 5 1 3362 3511 6126
9616 2 2 5 1 4530 2074 4531
9617 2 2 5 1 6055 466 6168
9618 2 2 5 1 2961 6055 6168
9619 2 2 5 1 1819 5981 5982
9620 2 2 5 1 4472 4474 4481
9621 2 2 5 1 6105 4065 6166
9622 2 2 5 1 3252 3241 6046
9623 2 2 5 1 2686 2703 2704
9624 2 2 5 1 1629 5075 6236
9625 2 2 5 1 3400 3397 6206
9626 2 2 5 1 1524 1526 5186
9627 2 2 5 1 4649 4414 6235
9628 2 2 5 1 3503 3263 6122
9629 2 2 5 1 2570 5170 5256
9630 2 2 5 1 4981 4982 4983
9631 2 2 5 1 2099 1816 5196
9632 2 2 5 1 3244 3246 6031
9633 2 2 5 1 1498 1499 6176
9634 2 2 5 1 3863 5234 6146
9635 2 2 5 1 4532 2074 6217
9636 2 2 5 1 2398 6178 6179
9637 2 2 5 1 4290 4698 4699
9638 2 2 5 1 1640 1616 6226
9639 2 2 5 1 6099 5163 6100
9640 2 2 5 1 3885 3796 6147
9641 2 2 5 1 6172 1683 6196
9642 2 2 5 1 5155 1467 5249
9643 2 2 5 1 2522 2525 6138
9644 2 2 5 1 4304 4159 4683
9645 2 2 5 1 6083 6170 6190
9646 2 2 5 1 5260 2467 6016
9647 2 2 5 1 1641 1566 6114
9648 2 2 5 1 3332 3281 6041
9649 2 2 5 1 3815 5134 6098
9650 2 2 5 1 3500 3404 5993
9651 2 2 5 1 2426 2423 6229
9652 2 2 5 1 6274 1790 6297
9653 2 2 5 1 2641 4262 4263
9654 2 2 5 1 4058 3697 5204
9655 2 2 5 1 3878 3596 6190
9656 2 2 5 1 3424 3478 6009
9657 2 2 5 1 6041 3281 6058
9658 2 2 5 1 4060 4059 6080
9659 2 2 5 1 3615 5191 6104
9660 2 2 5 1 3790 3773 6146
9661 2 2 5 1 1529 1527 6148
9662 2 2 5 1 3517 6136 6164
9663 2 2 5 1 1509 5128 6045
9664 2 2 5 1 5260 6016 6131
9665 2 2 5 1 2958 6266 6276
9666 2 2 5 1 3232 3494 6184
9667 2 2 5 1 2687 2635 6127
9668 2 2 5 1 1570 5201 6154
9669 2 2 5 1 2476 5258 6067
9670 2 2 5 1 3828 3830 6139
9671 2 2 5 1 3477 3432 6070
9672 2 2 5 1 3837 3839 6026
9673 2 2 5 1 2642 5083 6177
9674 2 2 5 1 3279 3381 6058
9675 2 2 5 1 3888 3684 6008
9676 2 2 5 1 3490 3433 6102
9677 2 2 5 1 6239 4428 6277
9678 2 2 5 1 3630 3632 6093
9679 2 2 5 1 2930 2664 6124
9680 2 2 5 1 4073 4880 6112
9681 2 2 5 1 3184 5248 6076
9682 2 2 5 1 3891 6300 6305
9683 2 2 5 1 4323 5132 5193
9684 2 2 5 1 3895 4079 6310
9685 2 2 5 1 1535 1787 6181
9686 2 2 5 1 3950 3874 6166
9687 2 2 5 1 3428 3431 6034
9688 2 2 5 1 4472 4473 4474
9689 2 2 5 1 3791 5238 6056
9690 2 2 5 1 3404 3406 5993
9691 2 2 5 1 2673 2628 6263
9692 2 2 5 1 2449 2448 6090
9693 2 2 5 1 6053 467 6193
9694 2 2 5 1 3797 3799 6169
9695 2 2 5 1 2462 2465 5221
9696 2 2 5 1 5134 3947 6098
9697 2 2 5 1 1607 1683 6172
9698 2 2 5 1 5212 3833 6144
9699 2 2 5 1 2754 1994 4137
9700 2 2 5 1 3881 3447 6101
9701 2 2 5 1 1812 1642 6217
9702 2 2 5 1 4100 6249 6273
9703 2 2 5 1 3831 5088 6144
9704 2 2 5 1 4430 3888 6008
9705 2 2 5 1 3800 6029 6133
9706 2 2 5 1 3263 3261 6122
9707 2 2 5 1 3985 4182 6141
9708 2 2 5 1 4738 2006 6173
9709 2 2 5 1 3867 5129 6204
9710 2 2 5 1 1551 1619 6068
9711 2 2 5 1 6062 2729 6063
9712 2 2 5 1 3832 3925 6051
9713 2 2 5 1 3392 3416 6201
9714 2 2 5 1 2616 6131 6132
9715 2 2 5 1 6132 2673 6263
9716 2 2 5 1 3204 3201 6060
9717 2 2 5 1 3281 3279 6058
9718 2 2 5 1 3763 3764 6129
9719 2 2 5 1 6208 6186 6238
9720 2 2 5 1 4072 4070 6257
9721 2 2 5 1 2470 2510 6189
9722 2 2 5 1 5105 6284 6290
9723 2 2 5 1 3280 3282 6079
9724 2 2 5 1 5694 6053 6193
9725 2 2 5 1 3640 3638 6152
9726 2 2 5 1 6212 2696 6213
9727 2 2 5 1 3880 3878 6170
9728 2 2 5 1 3872 6152 6153
9729 2 2 5 1 6147 3478 6211
9730 2 2 5 1 3212 3372 6059
9731 2 2 5 1 2635 4632 6127
9732 2 2 5 1 2475 2479 6157
9733 2 2 5 1 4288 4290 6202
9734 2 2 5 1 3611 3531 5988
9735 2 2 5 1 1495 1498 5998
9736 2 2 5 1 2533 2633 6292
9737 2 2 5 1 3799 4604 6169
9738 2 2 5 1 3955 6002 6095
9739 2 2 5 1 2927 5116 5117
9740 2 2 5 1 5206 6207 6259
9741 2 2 5 1 3184 6076 6091
9742 2 2 5 1 3666 3942 6207
9743 2 2 5 1 4270 6080 6081
9744 2 2 5 1 3541 3583 6215
9745 2 2 5 1 3282 3334 6079
9746 2 2 5 1 6002 3556 6095
9747 2 2 5 1 3793 6027 6125
9748 2 2 5 1 5313 2636 6074
9749 2 2 5 1 6075 3626 6207
9750 2 2 5 1 3261 3380 6122
9751 2 2 5 1 5112 6057 6135
9752 2 2 5 1 3227 3290 6137
9753 2 2 5 1 2006 1886 6173
9754 2 2 5 1 3364 3362 6126
9755 2 2 5 1 3890 3853 6078
9756 2 2 5 1 3883 3881 6149
9757 2 2 5 1 5099 6252 6275
9758 2 2 5 1 6048 1618 6200
9759 2 2 5 1 3830 3832 6051
9760 2 2 5 1 5201 6045 6163
9761 2 2 5 1 4536 6230 6231
9762 2 2 5 1 3802 3800 6133
9763 2 2 5 1 6013 3623 6015
9764 2 2 5 1 1553 1551 6068
9765 2 2 5 1 3369 3364 6126
9766 2 2 5 1 4977 4976 4978
9767 2 2 5 1 2525 2567 6138
9768 2 2 5 1 3230 3232 6184
9769 2 2 5 1 6019 6217 6225
9770 2 2 5 1 3283 6033 6115
9771 2 2 5 1 466 6037 6168
9772 2 2 5 1 5100 3885 6211
9773 2 2 5 1 4204 3797 6169
9774 2 2 5 1 3418 3421 6082
9775 2 2 5 1 1547 5189 6123
9776 2 2 5 1 2100 5081 5099
9777 2 2 5 1 6009 3478 6147
9778 2 2 5 1 5983 5981 5986
9779 2 2 5 1 3470 3508 6145
9780 2 2 5 1 6159 3721 6160
9781 2 2 5 1 1630 5047 6176
9782 2 2 5 1 3027 3032 6219
9783 2 2 5 1 3885 6147 6211
9784 2 2 5 1 5279 1641 6202
9785 2 2 5 1 3246 3326 6031
9786 2 2 5 1 4270 4060 6080
9787 2 2 5 1 1579 1576 6049
9788 2 2 5 1 1780 1782 6165
9789 2 2 5 1 2436 2437 6158
9790 2 2 5 1 3241 3239 6046
9791 2 2 5 1 1539 6181 6222
9792 2 2 5 1 1782 2291 6165
9793 2 2 5 1 5315 6013 6015
9794 2 2 5 1 3551 3671 6159
9795 2 2 5 1 1619 5082 6253
9796 2 2 5 1 6071 2496 6183
9797 2 2 5 1 5136 3290 6194
9798 2 2 5 1 6025 2671 6245
9799 2 2 5 1 3818 4311 6134
9800 2 2 5 1 1541 1539 6222
9801 2 2 5 1 3479 3468 6145
9802 2 2 5 1 3770 3772 6197
9803 2 2 5 1 3494 5133 6184
9804 2 2 5 1 6089 2452 6090
9805 2 2 5 1 3784 3611 5988
9806 2 2 5 1 1527 1578 6148
9807 2 2 5 1 4007 3686 6093
9808 2 2 5 1 6116 3976 6117
9809 2 2 5 1 3554 3543 6215
9810 2 2 5 1 6013 4062 6014
9811 2 2 5 1 3894 3968 6195
9812 2 2 5 1 1589 1587 6107
9813 2 2 5 1 6176 5047 6221
9814 2 2 5 1 3480 5227 6249
9815 2 2 5 1 3290 6184 6194
9816 2 2 5 1 6092 1780 6165
9817 2 2 5 1 3755 3625 6014
9818 2 2 5 1 3239 5235 6046
9819 2 2 5 1 1622 1541 6222
9820 2 2 5 1 1625 1561 5214
9821 2 2 5 1 3394 3392 6201
9822 2 2 5 1 2671 2673 6245
9823 2 2 5 1 467 5384 6193
9824 2 2 5 1 6173 2017 6174
9825 2 2 5 1 6032 6031 6281
9826 2 2 5 1 4068 4077 6241
9827 2 2 5 1 6155 1842 6156
9828 2 2 5 1 3427 3428 6034
9829 2 2 5 1 3856 3427 6034
9830 2 2 5 1 5278 6003 6004
9831 2 2 5 1 2877 4785 6262
9832 2 2 5 1 5168 2474 5277
9833 2 2 5 1 3481 3480 6216
9834 2 2 5 1 6154 5201 6163
9835 2 2 5 1 3493 3443 6121
9836 2 2 5 1 4261 2634 6198
9837 2 2 5 1 1790 1788 6185
9838 2 2 5 1 3519 3488 6190
9839 2 2 5 1 3405 5200 6143
9840 2 2 5 1 3775 3778 6256
9841 2 2 5 1 3421 3509 6082
9842 2 2 5 1 6205 3400 6206
9843 2 2 5 1 1614 1640 6065
9844 2 2 5 1 4477 2537 5313
9845 2 2 5 1 2496 2498 6183
9846 2 2 5 1 3942 3944 6259
9847 2 2 5 1 3543 3541 6215
9848 2 2 5 1 3468 3470 6145
9849 2 2 5 1 3558 6277 6285
9850 2 2 5 1 3583 3887 6215
9851 2 2 5 1 3026 6071 6183
9852 2 2 5 1 3448 3451 6101
9853 2 2 5 1 5088 6111 6144
9854 2 2 5 1 3447 3448 6101
9855 2 2 5 1 3995 3996 6150
9856 2 2 5 1 3488 6083 6190
9857 2 2 5 1 3596 3519 6190
9858 2 2 5 1 6249 5227 6273
9859 2 2 5 1 1508 5278 6004
9860 2 2 5 1 3865 3867 6204
9861 2 2 5 1 6045 5128 6163
9862 2 2 5 1 4052 3880 6188
9863 2 2 5 1 2616 6132 6283
9864 2 2 5 1 1587 1636 6107
9865 2 2 5 1 1620 5166 6180
9866 2 2 5 1 2452 2449 6090
9867 2 2 5 1 3830 6051 6139
9868 2 2 5 1 3366 3356 6167
9869 2 2 5 1 2671 6025 6189
9870 2 2 5 1 5276 3547 6186
9871 2 2 5 1 3558 3555 6277
9872 2 2 5 1 3686 3630 6093
9873 2 2 5 1 6083 3518 6170
9874 2 2 5 1 3944 3946 6270
9875 2 2 5 1 3254 3249 6086
9876 2 2 5 1 3478 5130 6211
9877 2 2 5 1 3671 3721 6159
9878 2 2 5 1 3712 3714 6116
9879 2 2 5 1 5166 6092 6165
9880 2 2 5 1 3496 5977 6265
9881 2 2 5 1 2426 6229 6294
9882 2 2 5 1 1605 1602 6269
9883 2 2 5 1 2474 2475 6157
9884 2 2 5 1 5234 3790 6146
9885 2 2 5 1 1652 5279 6279
9886 2 2 5 1 3841 3629 6175
9887 2 2 5 1 3603 3682 6186
9888 2 2 5 1 2437 2476 6158
9889 2 2 5 1 2730 2729 6062
9890 2 2 5 1 1561 1559 5214
9891 2 2 5 1 5217 1637 6231
9892 2 2 5 1 6200 1506 6236
9893 2 2 5 1 2398 2397 6178
9894 2 2 5 1 3443 3445 6121
9895 2 2 5 1 3892 3894 6195
9896 2 2 5 1 6209 3995 6210
9897 2 2 5 1 3990 3987 6141
9898 2 2 5 1 3842 3841 6234
9899 2 2 5 1 1448 1441 6151
9900 2 2 5 1 3345 3512 6167
9901 2 2 5 1 3401 3400 6105
9902 2 2 5 1 6016 2467 6245
9903 2 2 5 1 1661 1612 6065
9904 2 2 5 1 4542 4540 6291
9905 2 2 5 1 3841 6115 6234
9906 2 2 5 1 2634 2632 6198
9907 2 2 5 1 5171 2530 6214
9908 2 2 5 1 3627 3234 6182
9909 2 2 5 1 3049 3050 6005
9910 2 2 5 1 5158 3865 6204
9911 2 2 5 1 1886 2017 6173
9912 2 2 5 1 1576 1652 6049
9913 2 2 5 1 3215 3213 6106
9914 2 2 5 1 3987 3985 6141
9915 2 2 5 1 5998 1498 6221
9916 2 2 5 1 4728 4477 6074
9917 2 2 5 1 5112 6135 6252
9918 2 2 5 1 6184 5133 6194
9919 2 2 5 1 6152 5200 6153
9920 2 2 5 1 6115 6033 6234
9921 2 2 5 1 6134 4311 6199
9922 2 2 5 1 3625 6013 6014
9923 2 2 5 1 3714 3976 6116
9924 2 2 5 1 5206 6075 6207
9925 2 2 5 1 3472 6105 6166
9926 2 2 5 1 2632 2568 6248
9927 2 2 5 1 1966 1807 6246
9928 2 2 5 1 3249 3251 6086
9929 2 2 5 1 3629 3627 6175
9930 2 2 5 1 3218 3215 6106
9931 2 2 5 1 2904 2927 6242
9932 2 2 5 1 1862 1843 6155
9933 2 2 5 1 1787 3031 6181
9934 2 2 5 1 3547 3603 6186
9935 2 2 5 1 6246 6048 6276
9936 2 2 5 1 1622 6222 6224
9937 2 2 5 1 2399 2395 5182
9938 2 2 5 1 2303 5998 6221
9939 2 2 5 1 4538 4536 6231
9940 2 2 5 1 2615 2616 6258
9941 2 2 5 1 1637 6044 6282
9942 2 2 5 1 3356 3345 6167
9943 2 2 5 1 5113 3703 6293
9944 2 2 5 1 6019 4532 6217
9945 2 2 5 1 4414 6125 6228
9946 2 2 5 1 1843 1842 6155
9947 2 2 5 1 4070 4068 6241
9948 2 2 5 1 1615 1639 6225
9949 2 2 5 1 1617 1615 6225
9950 2 2 5 1 1639 6019 6225
9951 2 2 5 1 6036 3892 6195
9952 2 2 5 1 3472 3401 6105
9953 2 2 5 1 1549 1547 6123
9954 2 2 5 1 6255 3030 6271
9955 2 2 5 1 4099 4052 6188
9956 2 2 5 1 3765 4409 6227
9957 2 2 5 1 3410 3407 6143
9958 2 2 5 1 6132 6263 6283
9959 2 2 5 1 3262 6301 6309
9960 2 2 5 1 6238 3682 6267
9961 2 2 5 1 3384 3365 6128
9962 2 2 5 1 6047 6048 6246
9963 2 2 5 1 2578 2675 6214
9964 2 2 5 1 6088 3372 6208
9965 2 2 5 1 6068 1619 6253
9966 2 2 5 1 6175 3627 6182
9967 2 2 5 1 2505 2513 6237
9968 2 2 5 1 5239 2505 6237
9969 2 2 5 1 1506 1503 6236
9970 2 2 5 1 2516 6071 6219
9971 2 2 5 1 4699 4701 6289
9972 2 2 5 1 2568 2644 6248
9973 2 2 5 1 3430 3578 6070
9974 2 2 5 1 2402 2538 6178
9975 2 2 5 1 1441 1473 6151
9976 2 2 5 1 1807 2120 6246
9977 2 2 5 1 2544 2399 5182
9978 2 2 5 1 3568 5197 6254
9979 2 2 5 1 2884 2730 6062
9980 2 2 5 1 5277 2474 6157
9981 2 2 5 1 6307 6306 6308
9982 2 2 5 1 4066 4065 6205
9983 2 2 5 1 3365 3368 6128
9984 2 2 5 1 6230 5217 6231
9985 2 2 5 1 1975 2947 6240
9986 2 2 5 1 3886 3875 6088
9987 2 2 5 1 2676 6191 6243
9988 2 2 5 1 6216 3480 6249
9989 2 2 5 1 6031 3326 6284
9990 2 2 5 1 2491 2492 6191
9991 2 2 5 1 6352 2407 6353
9992 2 2 5 1 3028 2541 6212
9993 2 2 5 1 4102 4100 6273
9994 2 2 5 1 6201 4077 6206
9995 2 2 5 1 2530 2578 6214
9996 2 2 5 1 3407 3405 6143
9997 2 2 5 1 2927 5117 6242
9998 2 2 5 1 3845 6234 6247
9999 2 2 5 1 1619 1549 6123
10000 2 2 5 1 4975 4976 4977
10001 2 2 5 1 6222 3031 6224
10002 2 2 5 1 4077 4066 6205
10003 2 2 5 1 3845 3842 6234
10004 2 2 5 1 6040 3840 6268
10005 2 2 5 1 4976 4974 4990
10006 2 2 5 1 4099 6188 6216
10007 2 2 5 1 2513 2574 6237
10008 2 2 5 1 1687 1622 6224
10009 2 2 5 1 3432 3430 6070
10010 2 2 5 1 6081 3568 6254
10011 2 2 5 1 2546 3035 6187
10012 2 2 5 1 6125 5103 6228
10013 2 2 5 1 4077 6201 6241
10014 2 2 5 1 2293 1687 6224
10015 2 2 5 1 3028 6212 6213
10016 2 2 5 1 3886 6208 6238
10017 2 2 5 1 4086 3734 6192
10018 2 2 5 1 3875 4061 6088
10019 2 2 5 1 2920 2922 6223
10020 2 2 5 1 1639 5217 6230
10021 2 2 5 1 1612 1614 6065
10022 2 2 5 1 1796 2294 6072
10023 2 2 5 1 2397 2402 6178
10024 2 2 5 1 6266 2959 6296
10025 2 2 5 1 5132 5294 6256
10026 2 2 5 1 2095 2093 6250
10027 2 2 5 1 2673 6016 6245
10028 2 2 5 1 6072 4394 6073
10029 2 2 5 1 1493 6066 6316
10030 2 2 5 1 1994 1853 6272
10031 2 2 5 1 2885 2904 6242
10032 2 2 5 1 3455 3452 6164
10033 2 2 5 1 6201 3416 6241
10034 2 2 5 1 2423 2422 6229
10035 2 2 5 1 1966 6246 6276
10036 2 2 5 1 2677 2623 6187
10037 2 2 5 1 3886 6088 6208
10038 2 2 5 1 6181 3031 6222
10039 2 2 5 1 4522 2920 6223
10040 2 2 5 1 4425 2021 6262
10041 2 2 5 1 2627 2571 6251
10042 2 2 5 1 2093 4238 6250
10043 2 2 5 1 3993 3995 6209
10044 2 2 5 1 2294 4394 6072
10045 2 2 5 1 3032 4520 6280
10046 2 2 5 1 4099 6216 6249
10047 2 2 5 1 6281 6031 6284
10048 2 2 5 1 3030 6237 6271
10049 2 2 5 1 4100 4099 6249
10050 2 2 5 1 1973 1975 6240
10051 2 2 5 1 5073 3993 6209
10052 2 2 5 1 2644 5232 6248
10053 2 2 5 1 3700 3699 6293
10054 2 2 5 1 4270 6081 6254
10055 2 2 5 1 1828 1660 6203
10056 2 2 5 1 2078 1659 6244
10057 2 2 5 1 4642 2095 6250
10058 2 2 5 1 1817 2292 6226
10059 2 2 5 1 3734 3732 6192
10060 2 2 5 1 2120 6047 6246
10061 2 2 5 1 2641 4263 6251
10062 2 2 5 1 1563 1625 6114
10063 2 2 5 1 1616 1633 6226
10064 2 2 5 1 5208 3496 6265
10065 2 2 5 1 3372 5276 6208
10066 2 2 5 1 2571 2641 6251
10067 2 2 5 1 2540 2491 6191
10068 2 2 5 1 2709 6232 6233
10069 2 2 5 1 3048 1966 6266
10070 2 2 5 1 3452 3517 6164
10071 2 2 5 1 1842 1464 6286
10072 2 2 5 1 6263 4418 6283
10073 2 2 5 1 4078 4072 6257
10074 2 2 5 1 4137 1994 6272
10075 2 2 5 1 2623 2546 6187
10076 2 2 5 1 5075 6200 6236
10077 2 2 5 1 3682 4022 6267
10078 2 2 5 1 2676 2540 6191
10079 2 2 5 1 2689 2615 6258
10080 2 2 5 1 4477 5313 6074
10081 2 2 5 1 2295 6274 6297
10082 2 2 5 1 4414 6228 6235
10083 2 2 5 1 4103 4102 6278
10084 2 2 5 1 6219 3032 6243
10085 2 2 5 1 6135 2118 6252
10086 2 2 5 1 6297 6185 6302
10087 2 2 5 1 6048 2960 6276
10088 2 2 5 1 2628 2629 6263
10089 2 2 5 1 4603 4103 6278
10090 2 2 5 1 1602 1653 6269
10091 2 2 5 1 2625 3030 6255
10092 2 2 5 1 6198 2632 6248
10093 2 2 5 1 6299 5218 6300
10094 2 2 5 1 6247 6033 6281
10095 2 2 5 1 3905 6318 6319
10096 2 2 5 1 1633 1817 6226
10097 2 2 5 1 6186 3682 6238
10098 2 2 5 1 3699 4087 6293
10099 2 2 5 1 3031 1790 6274
10100 2 2 5 1 5226 2689 6260
10101 2 2 5 1 3887 3889 6239
10102 2 2 5 1 6268 4102 6273
10103 2 2 5 1 3340 5206 6259
10104 2 2 5 1 1853 2105 6272
10105 2 2 5 1 1566 1563 6114
10106 2 2 5 1 4077 6205 6206
10107 2 2 5 1 1683 1685 6196
10108 2 2 5 1 2516 6219 6243
10109 2 2 5 1 2295 2293 6274
10110 2 2 5 1 3554 6239 6277
10111 2 2 5 1 3847 3845 6247
10112 2 2 5 1 2629 4418 6263
10113 2 2 5 1 3473 6040 6268
10114 2 2 5 1 6277 4428 6285
10115 2 2 5 1 6224 3031 6274
10116 2 2 5 1 3554 6215 6239
10117 2 2 5 1 6229 2705 6294
10118 2 2 5 1 4416 6251 6295
10119 2 2 5 1 3473 6268 6273
10120 2 2 5 1 3840 3805 6288
10121 2 2 5 1 6078 5105 6290
10122 2 2 5 1 4503 6258 6283
10123 2 2 5 1 1605 6269 6291
10124 2 2 5 1 5227 3473 6273
10125 2 2 5 1 2574 2690 6271
10126 2 2 5 1 4555 2099 6261
10127 2 2 5 1 6268 3840 6278
10128 2 2 5 1 2105 5070 6272
10129 2 2 5 1 3877 3847 6247
10130 2 2 5 1 3555 3554 6277
10131 2 2 5 1 2099 5196 6261
10132 2 2 5 1 3416 3390 6287
10133 2 2 5 1 1685 2102 6196
10134 2 2 5 1 2296 1828 6203
10135 2 2 5 1 6185 2023 6302
10136 2 2 5 1 3262 3264 6301
10137 2 2 5 1 4159 2676 6280
10138 2 2 5 1 5105 3877 6284
10139 2 2 5 1 6259 3944 6270
10140 2 2 5 1 3890 6299 6300
10141 2 2 5 1 2293 6224 6274
10142 2 2 5 1 6156 1842 6286
10143 2 2 5 1 4540 4538 6282
10144 2 2 5 1 6215 3887 6239
10145 2 2 5 1 3390 3388 6287
10146 2 2 5 1 5172 5218 6299
10147 2 2 5 1 4428 4429 6285
10148 2 2 5 1 3877 6247 6281
10149 2 2 5 1 2422 2686 6229
10150 2 2 5 1 6033 6032 6281
10151 2 2 5 1 4290 4699 6279
10152 2 2 5 1 4102 6268 6278
10153 2 2 5 1 4078 6257 6287
10154 2 2 5 1 6258 4503 6260
10155 2 2 5 1 1819 5982 6244
10156 2 2 5 1 2686 2705 6229
10157 2 2 5 1 6243 3032 6280
10158 2 2 5 1 4055 3606 6298
10159 2 2 5 1 2689 6258 6260
10160 2 2 5 1 2709 2710 6232
10161 2 2 5 1 2676 6243 6280
10162 2 2 5 1 6300 3336 6305
10163 2 2 5 1 4418 4503 6283
10164 2 2 5 1 3893 3891 6305
10165 2 2 5 1 1659 1819 6244
10166 2 2 5 1 1790 6185 6297
10167 2 2 5 1 5977 3340 6270
10168 2 2 5 1 3805 3914 6288
10169 2 2 5 1 6257 3416 6287
10170 2 2 5 1 3586 3602 6298
10171 2 2 5 1 5279 6202 6279
10172 2 2 5 1 2710 4192 6232
10173 2 2 5 1 6269 4542 6291
10174 2 2 5 1 3606 3586 6298
10175 2 2 5 1 2633 2687 6292
10176 2 2 5 1 3326 5172 6290
10177 2 2 5 1 6237 2574 6271
10178 2 2 5 1 6231 1637 6282
10179 2 2 5 1 6202 4290 6279
10180 2 2 5 1 2705 2707 6294
10181 2 2 5 1 3703 3700 6293
10182 2 2 5 1 3336 3260 6309
10183 2 2 5 1 6266 1966 6276
10184 2 2 5 1 5084 1496 6314
10185 2 2 5 1 6301 4079 6309
10186 2 2 5 1 6305 3336 6309
10187 2 2 5 1 1490 1493 6314
10188 2 2 5 1 6044 1605 6291
10189 2 2 5 1 4538 6231 6282
10190 2 2 5 1 3877 6281 6284
10191 2 2 5 1 6085 2426 6294
10192 2 2 5 1 6049 1652 6289
10193 2 2 5 1 3891 3890 6300
10194 2 2 5 1 3340 6259 6270
10195 2 2 5 1 1492 1490 6314
10196 2 2 5 1 6314 1493 6316
10197 2 2 5 1 6294 2707 6303
10198 2 2 5 1 5218 3336 6300
10199 2 2 5 1 2101 2100 6275
10200 2 2 5 1 6251 4263 6295
10201 2 2 5 1 4079 6301 6310
10202 2 2 5 1 4393 2295 6297
10203 2 2 5 1 2100 5099 6275
10204 2 2 5 1 3602 4424 6298
10205 2 2 5 1 6085 6294 6303
10206 2 2 5 1 6078 6290 6299
10207 2 2 5 1 6290 5172 6299
10208 2 2 5 1 3890 6078 6299
10209 2 2 5 1 2023 4582 6302
10210 2 2 5 1 1486 1488 6328
10211 2 2 5 1 3264 3347 6301
10212 2 2 5 1 3278 3504 6317
10213 2 2 5 1 6156 6306 6307
10214 2 2 5 1 4393 6297 6302
10215 2 2 5 1 2707 2722 6303
10216 2 2 5 1 4975 4974 4976
10217 2 2 5 1 3912 3911 6304
10218 2 2 5 1 6322 5229 6323
10219 2 2 5 1 3048 6266 6296
10220 2 2 5 1 3907 3905 6319
10221 2 2 5 1 1463 1466 6315
10222 2 2 5 1 2487 6085 6303
10223 2 2 5 1 2299 2297 6316
10224 2 2 5 1 3897 3895 6310
10225 2 2 5 1 3911 4199 6304
10226 2 2 5 1 6312 3498 6313
10227 2 2 5 1 4079 3893 6305
10228 2 2 5 1 3347 5307 6311
10229 2 2 5 1 3903 6313 6318
10230 2 2 5 1 3929 6320 6323
10231 2 2 5 1 3260 3262 6309
10232 2 2 5 1 3901 6312 6313
10233 2 2 5 1 5307 3498 6312
10234 2 2 5 1 3573 5229 6322
10235 2 2 5 1 3276 6317 6321
10236 2 2 5 1 4079 6305 6309
10237 2 2 5 1 6079 3334 6322
10238 2 2 5 1 6311 5307 6312
10239 2 2 5 1 3344 3573 6322
10240 2 2 5 1 5229 3573 6324
10241 2 2 5 1 6156 6286 6306
10242 2 2 5 1 3899 3897 6311
10243 2 2 5 1 3930 5229 6324
10244 2 2 5 1 6318 3354 6319
10245 2 2 5 1 6286 2301 6306
10246 2 2 5 1 6310 3347 6311
10247 2 2 5 1 3354 3274 6321
10248 2 2 5 1 3905 3903 6318
10249 2 2 5 1 3897 6310 6311
10250 2 2 5 1 3929 3927 6320
10251 2 2 5 1 3903 3901 6313
10252 2 2 5 1 6313 6007 6318
10253 2 2 5 1 3498 6007 6313
10254 2 2 5 1 3901 3899 6312
10255 2 2 5 1 3899 6311 6312
10256 2 2 5 1 1496 1492 6314
10257 2 2 5 1 6301 3347 6310
10258 2 2 5 1 3927 4080 6320
10259 2 2 5 1 3274 3276 6321
10260 2 2 5 1 6320 3504 6323
10261 2 2 5 1 1466 2740 6315
10262 2 2 5 1 2297 5084 6316
10263 2 2 5 1 6317 4080 6321
10264 2 2 5 1 3276 3278 6317
10265 2 2 5 1 6317 3504 6320
10266 2 2 5 1 6007 3354 6318
10267 2 2 5 1 4080 3907 6319
10268 2 2 5 1 3504 6079 6323
10269 2 2 5 1 3334 3344 6322
10270 2 2 5 1 6319 3354 6321
10271 2 2 5 1 4080 6317 6320
10272 2 2 5 1 1457 1662 6325
10273 2 2 5 1 5229 3929 6323
10274 2 2 5 1 4333 3930 6324
10275 2 2 5 1 4080 6319 6321
10276 2 2 5 1 4633 3692 4634
10277 2 2 5 1 1662 2302 6325
10278 2 2 5 1 4973 4974 4975
10279 2 2 5 1 4623 4622 4624
10280 2 2 5 1 4078 6329 6331
10281 2 2 5 1 2392 2391 6326
10282 2 2 5 1 2391 2394 6326
10283 2 2 5 1 2394 2406 6326
10284 2 2 5 1 6365 1674 6367
10285 2 2 5 1 1489 1960 6327
10286 2 2 5 1 4441 2392 6326
10287 2 2 5 1 1493 1489 6327
10288 2 2 5 1 6066 1493 6327
10289 2 2 5 1 6370 4455 6372
10290 2 2 5 1 3692 2061 5061
10291 2 2 5 1 4094 3574 5063
10292 2 2 5 1 3574 3692 4633
10293 2 2 5 1 1631 3036 6328
10294 2 2 5 1 1488 1491 6328
10295 2 2 5 1 4969 4979 4980
10296 2 2 5 1 4973 4971 4974
10297 2 2 5 1 3386 3476 6329
10298 2 2 5 1 4620 4622 4623
10299 2 2 5 1 4622 4621 4817
10300 2 2 5 1 4078 6287 6329
10301 2 2 5 1 3388 3386 6329
10302 2 2 5 1 6329 3476 6331
10303 2 2 5 1 3667 3577 6330
10304 2 2 5 1 2569 2512 6332
10305 2 2 5 1 3577 3643 6330
10306 2 2 5 1 1491 1631 6328
10307 2 2 5 1 3643 3701 6330
10308 2 2 5 1 6287 3388 6329
10309 2 2 5 1 6346 4292 6349
10310 2 2 5 1 3051 6341 6343
10311 2 2 5 1 3913 3667 6330
10312 2 2 5 1 4074 4078 6331
10313 2 2 5 1 1343 1345 6355
10314 2 2 5 1 3033 2569 6332
10315 2 2 5 1 3913 6330 6333
10316 2 2 5 1 6330 3701 6333
10317 2 2 5 1 3574 2061 3692
10318 2 2 5 1 3997 2059 5056
10319 2 2 5 1 2060 3574 4094
10320 2 2 5 1 1469 1655 6337
10321 2 2 5 1 5182 2393 6334
10322 2 2 5 1 4969 4972 4979
10323 2 2 5 1 4970 4971 4973
10324 2 2 5 1 4620 4621 4622
10325 2 2 5 1 2421 2424 6336
10326 2 2 5 1 1650 1469 6337
10327 2 2 5 1 3868 6094 6339
10328 2 2 5 1 3563 3605 6340
10329 2 2 5 1 3601 6340 6348
10330 2 2 5 1 4808 3913 6333
10331 2 2 5 1 1348 1349 6338
10332 2 2 5 1 3701 4053 6333
10333 2 2 5 1 1647 1348 6338
10334 2 2 5 1 3051 3034 6341
10335 2 2 5 1 6336 2424 6341
10336 2 2 5 1 3035 5182 6334
10337 2 2 5 1 4594 1647 6338
10338 2 2 5 1 5106 2679 6335
10339 2 2 5 1 2419 2421 6336
10340 2 2 5 1 1795 1650 6337
10341 2 2 5 1 2424 2425 6343
10342 2 2 5 1 5066 4292 6346
10343 2 2 5 1 1349 1475 6338
10344 2 2 5 1 3870 3868 6339
10345 2 2 5 1 3605 3908 6340
10346 2 2 5 1 3033 6332 6336
10347 2 2 5 1 6332 2419 6336
10348 2 2 5 1 3033 6336 6341
10349 2 2 5 1 4458 4459 6344
10350 2 2 5 1 1459 1341 6364
10351 2 2 5 1 3051 6343 6347
10352 2 2 5 1 3685 3601 6348
10353 2 2 5 1 4467 4458 6344
10354 2 2 5 1 3034 3033 6341
10355 2 2 5 1 6344 4463 6345
10356 2 2 5 1 3052 3051 6347
10357 2 2 5 1 2061 2059 3997
10358 2 2 5 1 2060 2061 3574
10359 2 2 5 1 6340 3908 6348
10360 2 2 5 1 4969 4968 4972
10361 2 2 5 1 4970 4967 4971
10362 2 2 5 1 4620 2765 4621
10363 2 2 5 1 3674 3330 6351
10364 2 2 5 1 2425 2428 6343
10365 2 2 5 1 4459 4463 6344
10366 2 2 5 1 5118 5066 6346
10367 2 2 5 1 6333 4053 6342
10368 2 2 5 1 6343 2428 6347
10369 2 2 5 1 4808 6333 6342
10370 2 2 5 1 3330 3342 6351
10371 2 2 5 1 5118 6346 6347
10372 2 2 5 1 6346 3052 6347
10373 2 2 5 1 2428 5118 6347
10374 2 2 5 1 3967 3685 6348
10375 2 2 5 1 2685 6359 6360
10376 2 2 5 1 4292 4293 6349
10377 2 2 5 1 6187 3035 6352
10378 2 2 5 1 2677 6187 6353
10379 2 2 5 1 6335 2679 6353
10380 2 2 5 1 2407 6335 6353
10381 2 2 5 1 2388 2407 6352
10382 2 2 5 1 3342 3376 6351
10383 2 2 5 1 6334 2388 6352
10384 2 2 5 1 3287 3143 6374
10385 2 2 5 1 3035 6334 6352
10386 2 2 5 1 2679 2677 6353
10387 2 2 5 1 2060 2059 2061
10388 2 2 5 1 6377 2386 6379
10389 2 2 5 1 1468 1474 6354
10390 2 2 5 1 1345 1457 6355
10391 2 2 5 1 1655 1468 6354
10392 2 2 5 1 4968 4967 4970
10393 2 2 5 1 4966 4968 4969
10394 2 2 5 1 2003 5035 5036
10395 2 2 5 1 4619 2765 4620
10396 2 2 5 1 2764 4619 4691
10397 2 2 5 1 3329 3598 6357
10398 2 2 5 1 3909 3599 6357
10399 2 2 5 1 6328 3036 6356
10400 2 2 5 1 3341 3329 6357
10401 2 2 5 1 1485 1486 6356
10402 2 2 5 1 6369 6292 6371
10403 2 2 5 1 2414 2573 6359
10404 2 2 5 1 1867 1485 6356
10405 2 2 5 1 3352 3351 6358
10406 2 2 5 1 2685 2420 6359
10407 2 2 5 1 2417 2414 6359
10408 2 2 5 1 3351 3576 6358
10409 2 2 5 1 1457 6325 6355
10410 2 2 5 1 6359 2573 6360
10411 2 2 5 1 3576 3910 6358
10412 2 2 5 1 1486 6328 6356
10413 2 2 5 1 3599 3341 6357
10414 2 2 5 1 6362 3912 6366
10415 2 2 5 1 3476 3352 6358
10416 2 2 5 1 3036 5114 6361
10417 2 2 5 1 2420 2417 6359
10418 2 2 5 1 6356 3036 6361
10419 2 2 5 1 1344 1674 6365
10420 2 2 5 1 2057 2059 2060
10421 2 2 5 1 1487 1459 6364
10422 2 2 5 1 6358 3910 6362
10423 2 2 5 1 2301 1460 6365
10424 2 2 5 1 4966 4967 4968
10425 2 2 5 1 2003 5034 5035
10426 2 2 5 1 2764 2765 4619
10427 2 2 5 1 2703 2685 6360
10428 2 2 5 1 1346 1344 6365
10429 2 2 5 1 3476 6358 6362
10430 2 2 5 1 1867 6356 6361
10431 2 2 5 1 4074 6331 6366
10432 2 2 5 1 6306 2301 6367
10433 2 2 5 1 1996 1867 6361
10434 2 2 5 1 4453 4456 6363
10435 2 2 5 1 3910 3912 6362
10436 2 2 5 1 6331 3476 6362
10437 2 2 5 1 2415 2413 6369
10438 2 2 5 1 4881 4075 6368
10439 2 2 5 1 4454 4455 6370
10440 2 2 5 1 2489 6292 6369
10441 2 2 5 1 4456 4461 6363
10442 2 2 5 1 2413 2416 6369
10443 2 2 5 1 1960 1487 6364
10444 2 2 5 1 4469 4460 6370
10445 2 2 5 1 1460 1346 6365
10446 2 2 5 1 4457 4454 6370
10447 2 2 5 1 2415 6369 6371
10448 2 2 5 1 4075 4074 6366
10449 2 2 5 1 4471 4469 6372
10450 2 2 5 1 6308 6306 6367
10451 2 2 5 1 3912 6304 6368
10452 2 2 5 1 2416 2489 6369
10453 2 2 5 1 6366 3912 6368
10454 2 2 5 1 2057 2058 2059
10455 2 2 5 1 4460 4457 6370
10456 2 2 5 1 4966 4965 4967
10457 2 2 5 1 1839 2003 5052
10458 2 2 5 1 2764 1839 2765
10459 2 2 5 1 2003 1838 5034
10460 2 2 5 1 6292 2687 6371
10461 2 2 5 1 4075 6366 6368
10462 2 2 5 1 4083 3642 6374
10463 2 2 5 1 3353 3287 6374
10464 2 2 5 1 4475 4471 6372
10465 2 2 5 1 4212 3040 6373
10466 2 2 5 1 355 354 5009
10467 2 2 5 1 3642 3353 6374
10468 2 2 5 1 6567 4111 6598
10469 2 2 5 1 2378 2386 6377
10470 2 2 5 1 2082 2052 4943
10471 2 2 5 1 2057 2056 2058
10472 2 2 5 1 2055 2057 5050
10473 2 2 5 1 1438 1439 6378
10474 2 2 5 1 4964 4965 4966
10475 2 2 5 1 1839 1838 2003
10476 2 2 5 1 1837 1839 2764
10477 2 2 5 1 6335 2407 6377
10478 2 2 5 1 2381 2378 6377
10479 2 2 5 1 1446 1438 6378
10480 2 2 5 1 1380 1381 1382
10481 2 2 5 1 5106 6335 6379
10482 2 2 5 1 2386 6373 6379
10483 2 2 5 1 6373 3040 6379
10484 2 2 5 1 2407 2381 6377
10485 2 2 5 1 1401 1404 6380
10486 2 2 5 1 1474 1446 6378
10487 2 2 5 1 3040 5106 6379
10488 2 2 5 1 3456 3457 6381
10489 2 2 5 1 3460 3502 6381
10490 2 2 5 1 1404 1408 6380
10491 2 2 5 1 291 566 4930
10492 2 2 5 1 357 356 5011
10493 2 2 5 1 1635 1608 6385
10494 2 2 5 1 1610 1661 6385
10495 2 2 5 1 2056 2052 2082
10496 2 2 5 1 2055 2056 2057
10497 2 2 5 1 2025 783 2724
10498 2 2 5 1 4964 1025 4965
10499 2 2 5 1 1838 1836 1961
10500 2 2 5 1 1837 1838 1839
10501 2 2 5 1 3457 3460 6381
10502 2 2 5 1 1341 1340 6390
10503 2 2 5 1 5062 3920 6393
10504 2 2 5 1 6339 5062 6393
10505 2 2 5 1 359 358 5016
10506 2 2 5 1 2410 2879 6398
10507 2 2 5 1 3978 6969 7525
10508 2 2 5 1 1340 1343 6390
10509 2 2 5 1 1608 1610 6385
10510 2 2 5 1 2412 2410 6398
10511 2 2 5 1 3810 3919 3920
10512 2 2 5 1 2374 2371 6417
10513 2 2 5 1 1343 6355 6390
10514 2 2 5 1 4451 4453 6508
10515 2 2 5 1 4202 6630 6984
10516 2 2 5 1 2531 2477 6408
10517 2 2 5 1 2473 2472 6408
10518 2 2 5 1 1628 5060 6409
10519 2 2 5 1 1596 1628 6409
10520 2 2 5 1 1604 1594 6409
10521 2 2 5 1 6364 1341 6390
10522 2 2 5 1 3870 6339 6393
10523 2 2 5 1 1020 4963 4991
10524 2 2 5 1 3425 3510 6413
10525 2 2 5 1 3509 3423 6413
10526 2 2 5 1 566 290 4932
10527 2 2 5 1 4767 4640 6829
10528 2 2 5 1 366 365 5029
10529 2 2 5 1 2573 2412 6398
10530 2 2 5 1 6390 6355 6411
10531 2 2 5 1 6416 2302 6419
10532 2 2 5 1 368 367 6418
10533 2 2 5 1 1382 1383 1384
10534 2 2 5 1 2055 2052 2056
10535 2 2 5 1 6414 4435 6415
10536 2 2 5 1 1572 1538 6414
10537 2 2 5 1 1540 6171 6414
10538 2 2 5 1 6171 4435 6414
10539 2 2 5 1 6364 6390 6411
10540 2 2 5 1 4453 6363 6508
10541 2 2 5 1 4724 4914 7552
10542 2 2 5 1 4963 1025 4964
10543 2 2 5 1 1837 1836 1838
10544 2 2 5 1 370 369 5033
10545 2 2 5 1 4998 268 5002
10546 2 2 5 1 2477 2473 6408
10547 2 2 5 1 2781 5040 5041
10548 2 2 5 1 1594 1596 6409
10549 2 2 5 1 372 371 5039
10550 2 2 5 1 350 1028 5000
10551 2 2 5 1 6355 6325 6411
10552 2 2 5 1 1982 4434 4435
10553 2 2 5 1 1960 6364 6411
10554 2 2 5 1 289 1013 4932
10555 2 2 5 1 6066 6327 6419
10556 2 2 5 1 375 374 5046
10557 2 2 5 1 547 4997 6433
10558 2 2 5 1 4083 6374 6420
10559 2 2 5 1 2386 2374 6417
10560 2 2 5 1 243 242 5048
10561 2 2 5 1 4993 547 4996
10562 2 2 5 1 4640 3037 7567
10563 2 2 5 1 2614 2409 6423
10564 2 2 5 1 1640 6264 6421
10565 2 2 5 1 6264 4589 6421
10566 2 2 5 1 6411 6325 6416
10567 2 2 5 1 3423 3425 6413
10568 2 2 5 1 3143 3140 6420
10569 2 2 5 1 1960 6411 6416
10570 2 2 5 1 4450 4464 6425
10571 2 2 5 1 380 379 6375
10572 2 2 5 1 3355 3357 6424
10573 2 2 5 1 6324 3573 6424
10574 2 2 5 1 1384 1385 1386
10575 2 2 5 1 2409 2411 6423
10576 2 2 5 1 1013 288 4937
10577 2 2 5 1 3140 3142 6420
10578 2 2 5 1 352 711 5007
10579 2 2 5 1 1538 1540 6414
10580 2 2 5 1 1676 1572 6415
10581 2 2 5 1 6325 2302 6416
10582 2 2 5 1 3810 3808 3919
10583 2 2 5 1 6327 1960 6416
10584 2 2 5 1 2921 4588 4589
10585 2 2 5 1 4245 3135 4842
10586 2 2 5 1 234 233 6383
10587 2 2 5 1 4452 4450 6425
10588 2 2 5 1 186 185 6386
10589 2 2 5 1 188 187 6388
10590 2 2 5 1 6641 2785 7715
10591 2 2 5 1 191 190 6391
10592 2 2 5 1 287 564 4937
10593 2 2 5 1 6373 2386 6417
10594 2 2 5 1 354 1029 5009
10595 2 2 5 1 197 196 6397
10596 2 2 5 1 1386 1387 1388
10597 2 2 5 1 4613 4202 7677
10598 2 2 5 1 398 397 6399
10599 2 2 5 1 2302 2019 6422
10600 2 2 5 1 400 399 6400
10601 2 2 5 1 202 201 6401
10602 2 2 5 1 217 216 6404
10603 2 2 5 1 205 204 6405
10604 2 2 5 1 214 213 6406
10605 2 2 5 1 410 409 6407
10606 2 2 5 1 5013 5957 6957
10607 2 2 5 1 5124 2663 6429
10608 2 2 5 1 333 1014 4941
10609 2 2 5 1 564 286 4942
10610 2 2 5 1 3042 6066 6419
10611 2 2 5 1 6374 3143 6420
10612 2 2 5 1 3328 3674 6430
10613 2 2 5 1 4000 3999 4001
10614 2 2 5 1 356 1032 5011
10615 2 2 5 1 4773 4484 6780
10616 2 2 5 1 2631 2551 6428
10617 2 2 5 1 285 1015 4942
10618 2 2 5 1 6065 1640 6421
10619 2 2 5 1 3055 5026 6521
10620 2 2 5 1 3314 3317 6430
10621 2 2 5 1 7339 4489 7371
10622 2 2 5 1 1015 284 4945
10623 2 2 5 1 5029 1037 5030
10624 2 2 5 1 2551 2553 6428
10625 2 2 5 1 2411 2415 6423
10626 2 2 5 1 4109 4110 4111
10627 2 2 5 1 358 1033 5016
10628 2 2 5 1 3573 3355 6424
10629 2 2 5 1 2722 4104 4105
10630 2 2 5 1 5022 1036 5023
10631 2 2 5 1 283 1016 4945
10632 2 2 5 1 4087 4083 6431
10633 2 2 5 1 992 2052 2055
10634 2 2 5 1 5236 4285 6634
10635 2 2 5 1 4088 6438 6439
10636 2 2 5 1 6102 3803 6438
10637 2 2 5 1 4455 4452 6425
10638 2 2 5 1 4088 5065 6438
10639 2 2 5 1 5065 3490 6438
10640 2 2 5 1 6419 2302 6422
10641 2 2 5 1 4083 6420 6431
10642 2 2 5 1 3370 4829 7587
10643 2 2 5 1 3395 4851 6647
10644 2 2 5 1 1884 1835 5017
10645 2 2 5 1 1835 1836 1837
10646 2 2 5 1 4175 7107 7108
10647 2 2 5 1 5050 4257 7322
10648 2 2 5 1 6491 4864 6533
10649 2 2 5 1 6515 1604 6646
10650 2 2 5 1 3148 3253 6442
10651 2 2 5 1 2781 5039 5040
10652 2 2 5 1 1029 5007 5008
10653 2 2 5 1 1014 4935 4936
10654 2 2 5 1 785 4928 4929
10655 2 2 5 1 4201 3735 4684
10656 2 2 5 1 565 279 4958
10657 2 2 5 1 4867 3564 4868
10658 2 2 5 1 4228 5058 6657
10659 2 2 5 1 5044 1370 5045
10660 2 2 5 1 4627 2915 6504
10661 2 2 5 1 3042 6419 6422
10662 2 2 5 1 278 1019 4958
10663 2 2 5 1 5054 1372 5055
10664 2 2 5 1 4812 990 4813
10665 2 2 5 1 185 184 6382
10666 2 2 5 1 431 430 1794
10667 2 2 5 1 426 425 6394
10668 2 2 5 1 190 189 6389
10669 2 2 5 1 198 197 2347
10670 2 2 5 1 428 427 437
10671 2 2 5 1 192 191 443
10672 2 2 5 1 184 183 905
10673 2 2 5 1 196 195 6396
10674 2 2 5 1 433 432 1793
10675 2 2 5 1 212 211 2328
10676 2 2 5 1 411 410 2792
10677 2 2 5 1 422 421 2803
10678 2 2 5 1 389 388 3057
10679 2 2 5 1 200 199 2404
10680 2 2 5 1 436 435 1792
10681 2 2 5 1 187 186 906
10682 2 2 5 1 227 226 6395
10683 2 2 5 1 204 203 6403
10684 2 2 5 1 232 231 1405
10685 2 2 5 1 391 390 3059
10686 2 2 5 1 417 416 442
10687 2 2 5 1 218 217 2405
10688 2 2 5 1 223 222 2321
10689 2 2 5 1 209 208 2326
10690 2 2 5 1 189 188 1040
10691 2 2 5 1 408 407 2794
10692 2 2 5 1 206 205 2327
10693 2 2 5 1 229 228 6392
10694 2 2 5 1 228 227 2536
10695 2 2 5 1 399 398 2798
10696 2 2 5 1 219 218 6402
10697 2 2 5 1 403 402 3820
10698 2 2 5 1 226 225 447
10699 2 2 5 1 240 239 6376
10700 2 2 5 1 386 385 3058
10701 2 2 5 1 394 393 441
10702 2 2 5 1 235 234 1798
10703 2 2 5 1 220 219 2320
10704 2 2 5 1 241 240 1372
10705 2 2 5 1 237 236 445
10706 2 2 5 1 242 241 5054
10707 2 2 5 1 245 244 5044
10708 2 2 5 1 414 413 2793
10709 2 2 5 1 381 380 3590
10710 2 2 5 1 379 378 2782
10711 2 2 5 1 383 382 439
10712 2 2 5 1 374 373 6412
10713 2 2 5 1 244 243 1370
10714 2 2 5 1 239 238 1654
10715 2 2 5 1 230 229 1472
10716 2 2 5 1 376 375 2780
10717 2 2 5 1 401 400 2835
10718 2 2 5 1 247 246 1371
10719 2 2 5 1 397 396 2834
10720 2 2 5 1 373 372 2781
10721 2 2 5 1 257 256 5025
10722 2 2 5 1 215 214 444
10723 2 2 5 1 369 368 440
10724 2 2 5 1 367 366 3546
10725 2 2 5 1 420 419 2833
10726 2 2 5 1 249 248 1471
10727 2 2 5 1 371 370 2786
10728 2 2 5 1 405 404 438
10729 2 2 5 1 203 202 448
10730 2 2 5 1 365 364 1037
10731 2 2 5 1 251 250 446
10732 2 2 5 1 425 424 2804
10733 2 2 5 1 254 253 1039
10734 2 2 5 1 362 361 1036
10735 2 2 5 1 195 194 2348
10736 2 2 5 1 255 254 5027
10737 2 2 5 1 260 259 1034
10738 2 2 5 1 363 362 5022
10739 2 2 5 1 256 255 1035
10740 2 2 5 1 262 261 548
10741 2 2 5 1 259 258 5020
10742 2 2 5 1 358 357 1033
10743 2 2 5 1 258 257 1038
10744 2 2 5 1 265 264 1031
10745 2 2 5 1 360 359 712
10746 2 2 5 1 354 353 1029
10747 2 2 5 1 356 355 1032
10748 2 2 5 1 261 260 5015
10749 2 2 5 1 350 349 1028
10750 2 2 5 1 352 351 711
10751 2 2 5 1 268 267 5002
10752 2 2 5 1 267 266 1027
10753 2 2 5 1 270 269 1026
10754 2 2 5 1 346 345 4992
10755 2 2 5 1 272 271 547
10756 2 2 5 1 274 273 1025
10757 2 2 5 1 432 431 6387
10758 2 2 5 1 271 270 4997
10759 2 2 5 1 273 272 4993
10760 2 2 5 1 348 347 1022
10761 2 2 5 1 345 344 1021
10762 2 2 5 1 275 274 4963
10763 2 2 5 1 276 275 1020
10764 2 2 5 1 340 339 1018
10765 2 2 5 1 343 342 725
10766 2 2 5 1 277 276 4959
10767 2 2 5 1 278 277 1019
10768 2 2 5 1 279 278 4958
10769 2 2 5 1 280 279 565
10770 2 2 5 1 338 337 1017
10771 2 2 5 1 283 282 1016
10772 2 2 5 1 285 284 1015
10773 2 2 5 1 284 283 4945
10774 2 2 5 1 336 335 724
10775 2 2 5 1 334 333 4941
10776 2 2 5 1 286 285 4942
10777 2 2 5 1 287 286 564
10778 2 2 5 1 333 332 1014
10779 2 2 5 1 288 287 4937
10780 2 2 5 1 289 288 1013
10781 2 2 5 1 331 330 1008
10782 2 2 5 1 290 289 4932
10783 2 2 5 1 291 290 566
10784 2 2 5 1 329 328 785
10785 2 2 5 1 292 291 4930
10786 2 2 5 1 293 292 1005
10787 2 2 5 1 327 326 1004
10788 2 2 5 1 294 293 4925
10789 2 2 5 1 326 325 4934
10790 2 2 5 1 295 294 999
10791 2 2 5 1 325 324 998
10792 2 2 5 1 323 322 784
10793 2 2 5 1 297 296 868
10794 2 2 5 1 322 321 4952
10795 2 2 5 1 321 320 997
10796 2 2 5 1 300 299 966
10797 2 2 5 1 302 301 867
10798 2 2 5 1 318 317 786
10799 2 2 5 1 365 1037 5029
10800 2 2 5 1 304 303 952
10801 2 2 5 1 316 315 3564
10802 2 2 5 1 4806 4807 4850
10803 2 2 5 1 1982 2030 4434
10804 2 2 5 1 3915 5113 6444
10805 2 2 5 1 4403 2631 6428
10806 2 2 5 1 3861 3858 4088
10807 2 2 5 1 1019 277 4959
10808 2 2 5 1 306 305 953
10809 2 2 5 1 314 313 990
10810 2 2 5 1 1798 6383 6384
10811 2 2 5 1 440 368 6418
10812 2 2 5 1 276 1020 4959
10813 2 2 5 1 313 312 4955
10814 2 2 5 1 6420 3142 6431
10815 2 2 5 1 3071 4645 7501
10816 2 2 5 1 5122 6458 6459
10817 2 2 5 1 4433 7275 7459
10818 2 2 5 1 2663 2930 6429
10819 2 2 5 1 4087 6431 6442
10820 2 2 5 1 4955 4344 7540
10821 2 2 5 1 1020 275 4963
10822 2 2 5 1 345 1021 4992
10823 2 2 5 1 274 1025 4963
10824 2 2 5 1 369 440 5033
10825 2 2 5 1 312 311 989
10826 2 2 5 1 308 307 4220
10827 2 2 5 1 4211 6824 6946
10828 2 2 5 1 1025 273 4993
10829 2 2 5 1 5237 1425 6446
10830 2 2 5 1 1421 1444 6446
10831 2 2 5 1 3317 3328 6430
10832 2 2 5 1 272 547 4993
10833 2 2 5 1 2487 5049 6447
10834 2 2 5 1 371 2786 5039
10835 2 2 5 1 2432 2487 6447
10836 2 2 5 1 3142 3146 6431
10837 2 2 5 1 547 271 4997
10838 2 2 5 1 2781 372 5039
10839 2 2 5 1 2786 370 5033
10840 2 2 5 1 3546 366 5029
10841 2 2 5 1 367 3546 6418
10842 2 2 5 1 1033 357 5011
10843 2 2 5 1 712 359 5016
10844 2 2 5 1 1032 355 5009
10845 2 2 5 1 1029 353 5007
10846 2 2 5 1 711 351 5000
10847 2 2 5 1 1026 269 4998
10848 2 2 5 1 1022 347 4994
10849 2 2 5 1 1021 344 4961
10850 2 2 5 1 1018 339 4953
10851 2 2 5 1 1017 337 4948
10852 2 2 5 1 1014 332 4935
10853 2 2 5 1 1008 330 4933
10854 2 2 5 1 270 1026 4997
10855 2 2 5 1 785 328 4928
10856 2 2 5 1 998 324 4919
10857 2 2 5 1 966 299 4904
10858 2 2 5 1 5113 6293 6448
10859 2 2 5 1 867 301 4897
10860 2 2 5 1 5046 374 6412
10861 2 2 5 1 3934 6485 6489
10862 2 2 5 1 5047 2010 6449
10863 2 2 5 1 952 303 4866
10864 2 2 5 1 316 3564 4867
10865 2 2 5 1 2780 375 5046
10866 2 2 5 1 2781 5041 6412
10867 2 2 5 1 5063 4633 7663
10868 2 2 5 1 5049 4108 6447
10869 2 2 5 1 6221 5047 6449
10870 2 2 5 1 1370 243 5048
10871 2 2 5 1 3350 4888 7523
10872 2 2 5 1 5048 242 5054
10873 2 2 5 1 267 1027 5002
10874 2 2 5 1 4996 547 6433
10875 2 2 5 1 4706 4173 7330
10876 2 2 5 1 3935 6471 6477
10877 2 2 5 1 379 2782 6375
10878 2 2 5 1 953 305 4814
10879 2 2 5 1 314 990 4812
10880 2 2 5 1 3590 380 6375
10881 2 2 5 1 3055 6521 6537
10882 2 2 5 1 4927 3073 7388
10883 2 2 5 1 2863 2870 2872
10884 2 2 5 1 4233 4234 6452
10885 2 2 5 1 2550 2699 6455
10886 2 2 5 1 1798 234 6383
10887 2 2 5 1 185 6382 6386
10888 2 2 5 1 906 186 6386
10889 2 2 5 1 548 261 5015
10890 2 2 5 1 187 906 6388
10891 2 2 5 1 1040 188 6388
10892 2 2 5 1 260 1034 5015
10893 2 2 5 1 190 6389 6391
10894 2 2 5 1 443 191 6391
10895 2 2 5 1 1034 259 5020
10896 2 2 5 1 258 1038 5020
10897 2 2 5 1 6012 5032 6453
10898 2 2 5 1 362 1036 5022
10899 2 2 5 1 1038 257 5025
10900 2 2 5 1 196 6396 6397
10901 2 2 5 1 2347 197 6397
10902 2 2 5 1 5064 3492 6453
10903 2 2 5 1 4041 5064 6453
10904 2 2 5 1 397 2834 6399
10905 2 2 5 1 256 1035 5025
10906 2 2 5 1 2798 398 6399
10907 2 2 5 1 399 2798 6400
10908 2 2 5 1 2835 400 6400
10909 2 2 5 1 448 202 6401
10910 2 2 5 1 1035 255 5027
10911 2 2 5 1 2405 217 6404
10912 2 2 5 1 204 6403 6405
10913 2 2 5 1 2327 205 6405
10914 2 2 5 1 444 214 6406
10915 2 2 5 1 2792 410 6407
10916 2 2 5 1 254 1039 5027
10917 2 2 5 1 6431 3146 6442
10918 2 2 5 1 2567 2527 6455
10919 2 2 5 1 3490 6102 6438
10920 2 2 5 1 802 831 6457
10921 2 2 5 1 5633 5597 6457
10922 2 2 5 1 3803 3998 6439
10923 2 2 5 1 3253 3150 6458
10924 2 2 5 1 309 308 1191
10925 2 2 5 1 373 2781 6412
10926 2 2 5 1 244 1370 5044
10927 2 2 5 1 241 1372 5054
10928 2 2 5 1 2921 4522 4588
10929 2 2 5 1 1372 240 6376
10930 2 2 5 1 239 1654 6376
10931 2 2 5 1 1821 2008 2010
10932 2 2 5 1 184 905 6382
10933 2 2 5 1 1793 432 6387
10934 2 2 5 1 431 1794 6387
10935 2 2 5 1 189 1040 6389
10936 2 2 5 1 1472 229 6392
10937 2 2 5 1 228 2536 6392
10938 2 2 5 1 2536 227 6395
10939 2 2 5 1 6442 3253 6448
10940 2 2 5 1 425 2804 6394
10941 2 2 5 1 226 447 6395
10942 2 2 5 1 195 2348 6396
10943 2 2 5 1 2789 2788 2790
10944 2 2 5 1 2320 219 6402
10945 2 2 5 1 218 2405 6402
10946 2 2 5 1 203 448 6403
10947 2 2 5 1 4333 6324 6463
10948 2 2 5 1 4796 4118 6632
10949 2 2 5 1 2604 4432 6783
10950 2 2 5 1 989 311 4257
10951 2 2 5 1 3146 3148 6442
10952 2 2 5 1 3152 3154 6459
10953 2 2 5 1 4040 3787 4041
10954 2 2 5 1 4048 4091 6468
10955 2 2 5 1 4225 4224 4646
10956 2 2 5 1 3934 6489 6499
10957 2 2 5 1 6140 3820 6809
10958 2 2 5 1 2555 2556 2557
10959 2 2 5 1 2925 2903 7389
10960 2 2 5 1 3182 3177 6462
10961 2 2 5 1 207 206 6440
10962 2 2 5 1 5122 3915 6444
10963 2 2 5 1 427 426 6441
10964 2 2 5 1 6602 1983 6686
10965 2 2 5 1 4944 6536 6556
10966 2 2 5 1 1799 1971 1972
10967 2 2 5 1 3871 3979 3980
10968 2 2 5 1 1773 1775 6698
10969 2 2 5 1 437 427 6441
10970 2 2 5 1 426 6394 6441
10971 2 2 5 1 4050 3934 6499
10972 2 2 5 1 206 2327 6440
10973 2 2 5 1 6179 6476 6583
10974 2 2 5 1 236 235 6443
10975 2 2 5 1 3839 4798 7399
10976 2 2 5 1 2780 4880 6595
10977 2 2 5 1 445 236 6443
10978 2 2 5 1 1823 6653 7265
10979 2 2 5 1 235 1798 6443
10980 2 2 5 1 1425 1421 6446
10981 2 2 5 1 4676 2306 7481
10982 2 2 5 1 2434 2432 6447
10983 2 2 5 1 4265 4124 4266
10984 2 2 5 1 5038 4048 6468
10985 2 2 5 1 6293 4087 6448
10986 2 2 5 1 7160 7188 7486
10987 2 2 5 1 2303 6221 6449
10988 2 2 5 1 6381 5038 6468
10989 2 2 5 1 6444 3253 6458
10990 2 2 5 1 5311 456 7137
10991 2 2 5 1 2260 5911 6473
10992 2 2 5 1 4087 6442 6448
10993 2 2 5 1 3125 4259 7657
10994 2 2 5 1 4465 6495 7100
10995 2 2 5 1 4234 4237 6452
10996 2 2 5 1 4475 6372 6476
10997 2 2 5 1 6785 5045 6798
10998 2 2 5 1 6402 2405 6498
10999 2 2 5 1 5992 5207 6477
11000 2 2 5 1 2718 4949 6480
11001 2 2 5 1 1890 1275 5058
11002 2 2 5 1 585 583 6479
11003 2 2 5 1 4109 4107 4110
11004 2 2 5 1 3258 4781 6997
11005 2 2 5 1 1033 6972 7353
11006 2 2 5 1 3492 6012 6453
11007 2 2 5 1 2722 2721 4104
11008 2 2 5 1 3945 3972 6454
11009 2 2 5 1 4139 6560 6666
11010 2 2 5 1 992 2051 2052
11011 2 2 5 1 3338 3220 6483
11012 2 2 5 1 3218 6106 6483
11013 2 2 5 1 2567 4839 7703
11014 2 2 5 1 4521 3029 6484
11015 2 2 5 1 3028 6213 6484
11016 2 2 5 1 2527 2529 6455
11017 2 2 5 1 3729 3739 3740
11018 2 2 5 1 3313 4863 6491
11019 2 2 5 1 5597 802 6457
11020 2 2 5 1 3757 3742 4395
11021 2 2 5 1 3150 3152 6458
11022 2 2 5 1 4956 4893 6463
11023 2 2 5 1 4464 4951 6501
11024 2 2 5 1 4445 4447 6495
11025 2 2 5 1 7095 4790 7107
11026 2 2 5 1 1181 4817 7052
11027 2 2 5 1 4455 6425 6476
11028 2 2 5 1 783 755 5010
11029 2 2 5 1 310 5 992
11030 2 2 5 1 3691 6647 6736
11031 2 2 5 1 5121 5122 6465
11032 2 2 5 1 3192 5223 6487
11033 2 2 5 1 3197 3194 6487
11034 2 2 5 1 5093 5121 6465
11035 2 2 5 1 4093 6495 6545
11036 2 2 5 1 1835 1834 1836
11037 2 2 5 1 1225 1835 1884
11038 2 2 5 1 6407 409 6464
11039 2 2 5 1 4634 3692 6488
11040 2 2 5 1 3679 3694 3750
11041 2 2 5 1 5208 6265 6489
11042 2 2 5 1 6295 444 7585
11043 2 2 5 1 1512 1514 5250
11044 2 2 5 1 1573 1512 5250
11045 2 2 5 1 3065 4167 6974
11046 2 2 5 1 4832 2913 7148
11047 2 2 5 1 2582 2366 4612
11048 2 2 5 1 4002 4004 6638
11049 2 2 5 1 4000 4002 6563
11050 2 2 5 1 7116 7079 7537
11051 2 2 5 1 408 2794 6464
11052 2 2 5 1 5719 666 6492
11053 2 2 5 1 5953 2273 6492
11054 2 2 5 1 6038 2434 6494
11055 2 2 5 1 5093 6465 6471
11056 2 2 5 1 1884 5017 6613
11057 2 2 5 1 2408 2368 6470
11058 2 2 5 1 2792 6407 6670
11059 2 2 5 1 1649 1657 6496
11060 2 2 5 1 4262 5175 6498
11061 2 2 5 1 5122 6444 6458
11062 2 2 5 1 4807 4230 6657
11063 2 2 5 1 2914 2915 4626
11064 2 2 5 1 3210 3211 6500
11065 2 2 5 1 6106 3213 6500
11066 2 2 5 1 3316 3313 6491
11067 2 2 5 1 3154 3289 6459
11068 2 2 5 1 4105 4106 4107
11069 2 2 5 1 4961 4962 6531
11070 2 2 5 1 2529 2542 2543
11071 2 2 5 1 3935 5093 6471
11072 2 2 5 1 918 916 6707
11073 2 2 5 1 4806 4230 4807
11074 2 2 5 1 3591 6159 6506
11075 2 2 5 1 992 5 2051
11076 2 2 5 1 3254 6086 6507
11077 2 2 5 1 3380 3259 6507
11078 2 2 5 1 3177 3173 6462
11079 2 2 5 1 3859 3858 3861
11080 2 2 5 1 2830 2848 7092
11081 2 2 5 1 2724 5010 6679
11082 2 2 5 1 6424 4956 6463
11083 2 2 5 1 6324 6424 6463
11084 2 2 5 1 4475 6179 6578
11085 2 2 5 1 4227 1890 4228
11086 2 2 5 1 3505 3454 6509
11087 2 2 5 1 6124 4188 6511
11088 2 2 5 1 4495 4372 7262
11089 2 2 5 1 6490 4494 7496
11090 2 2 5 1 2376 2375 6510
11091 2 2 5 1 2695 4163 6513
11092 2 2 5 1 35 4843 7161
11093 2 2 5 1 3934 3932 6485
11094 2 2 5 1 4334 2725 7013
11095 2 2 5 1 6350 4480 6510
11096 2 2 5 1 2379 6350 6510
11097 2 2 5 1 4781 6967 7319
11098 2 2 5 1 4123 4125 4126
11099 2 2 5 1 3377 3375 3379
11100 2 2 5 1 6667 2917 6971
11101 2 2 5 1 409 408 6464
11102 2 2 5 1 1397 1409 6493
11103 2 2 5 1 6465 3289 6471
11104 2 2 5 1 3456 6381 6468
11105 2 2 5 1 1590 1592 6515
11106 2 2 5 1 2075 5005 6528
11107 2 2 5 1 5005 4784 6529
11108 2 2 5 1 4510 2296 6516
11109 2 2 5 1 6203 1795 6516
11110 2 2 5 1 5026 1599 6521
11111 2 2 5 1 7183 3109 7184
11112 2 2 5 1 880 878 6941
11113 2 2 5 1 909 910 911
11114 2 2 5 1 4631 3879 6517
11115 2 2 5 1 3932 3935 6485
11116 2 2 5 1 3223 3339 3645
11117 2 2 5 1 2691 4946 6554
11118 2 2 5 1 6468 4091 6509
11119 2 2 5 1 2723 4800 6582
11120 2 2 5 1 2879 2408 6470
11121 2 2 5 1 2448 2445 6519
11122 2 2 5 1 2444 2488 6519
11123 2 2 5 1 1599 1582 6521
11124 2 2 5 1 6725 2761 7310
11125 2 2 5 1 2751 2000 4757
11126 2 2 5 1 3289 5992 6471
11127 2 2 5 1 198 2347 6497
11128 2 2 5 1 2404 199 6497
11129 2 2 5 1 2004 1881 6527
11130 2 2 5 1 1973 6240 6527
11131 2 2 5 1 5098 1693 6529
11132 2 2 5 1 1693 1692 6528
11133 2 2 5 1 1806 2075 6528
11134 2 2 5 1 4784 2878 6529
11135 2 2 5 1 3165 3163 6530
11136 2 2 5 1 5122 6459 6465
11137 2 2 5 1 2666 2665 2667
11138 2 2 5 1 2553 2554 2555
11139 2 2 5 1 6454 4050 6499
11140 2 2 5 1 3945 6454 6499
11141 2 2 5 1 4694 4745 6717
11142 2 2 5 1 6703 1656 7653
11143 2 2 5 1 5911 614 6473
11144 2 2 5 1 281 280 6542
11145 2 2 5 1 6553 6421 6568
11146 2 2 5 1 6149 3505 6562
11147 2 2 5 1 1400 1397 6493
11148 2 2 5 1 6269 1653 6532
11149 2 2 5 1 4543 4542 6532
11150 2 2 5 1 3562 3325 6533
11151 2 2 5 1 4191 3970 6109
11152 2 2 5 1 3969 3970 4191
11153 2 2 5 1 4127 4207 7671
11154 2 2 5 1 4439 4479 4480
11155 2 2 5 1 1475 6315 6536
11156 2 2 5 1 6473 614 6479
11157 2 2 5 1 1586 1626 6537
11158 2 2 5 1 6372 4455 6476
11159 2 2 5 1 2606 4652 7049
11160 2 2 5 1 2039 2040 2041
11161 2 2 5 1 4437 4548 7442
11162 2 2 5 1 3582 3562 6538
11163 2 2 5 1 5207 5208 6477
11164 2 2 5 1 614 585 6479
11165 2 2 5 1 4868 3564 6806
11166 2 2 5 1 5211 7047 7285
11167 2 2 5 1 4163 2718 6480
11168 2 2 5 1 377 6595 6722
11169 2 2 5 1 4302 5127 6540
11170 2 2 5 1 4006 4513 6540
11171 2 2 5 1 3306 3308 3309
11172 2 2 5 1 6614 3726 7530
11173 2 2 5 1 4736 6466 7428
11174 2 2 5 1 3737 4023 4024
11175 2 2 5 1 4844 6969 7530
11176 2 2 5 1 4859 4328 7646
11177 2 2 5 1 3220 3218 6483
11178 2 2 5 1 2041 2042 2043
11179 2 2 5 1 4131 4133 4134
11180 2 2 5 1 4442 4441 4443
11181 2 2 5 1 3029 3028 6484
11182 2 2 5 1 1194 4021 4926
11183 2 2 5 1 2910 5306 6776
11184 2 2 5 1 2777 4775 6603
11185 2 2 5 1 3636 3669 3670
11186 2 2 5 1 4410 4387 7620
11187 2 2 5 1 221 220 6526
11188 2 2 5 1 1316 1314 7543
11189 2 2 5 1 4782 1998 5438
11190 2 2 5 1 6459 3289 6465
11191 2 2 5 1 4817 1181 7212
11192 2 2 5 1 6738 2384 7617
11193 2 2 5 1 3065 6512 7714
11194 2 2 5 1 4093 6545 6596
11195 2 2 5 1 523 4845 7138
11196 2 2 5 1 4846 522 7139
11197 2 2 5 1 3752 3675 3753
11198 2 2 5 1 3371 4841 7606
11199 2 2 5 1 3350 4887 4888
11200 2 2 5 1 2507 2503 6550
11201 2 2 5 1 2500 2499 6550
11202 2 2 5 1 6731 4602 7274
11203 2 2 5 1 4285 4493 7622
11204 2 2 5 1 4081 4082 6161
11205 2 2 5 1 4082 5151 6161
11206 2 2 5 1 6476 6425 6583
11207 2 2 5 1 4108 4109 6494
11208 2 2 5 1 4651 4245 7514
11209 2 2 5 1 1550 1627 6552
11210 2 2 5 1 5035 5034 6486
11211 2 2 5 1 3376 4008 6351
11212 2 2 5 1 4185 2693 6554
11213 2 2 5 1 2043 2044 2045
11214 2 2 5 1 2056 2082 6556
11215 2 2 5 1 4244 4243 7514
11216 2 2 5 1 3194 3192 6487
11217 2 2 5 1 6466 1207 7685
11218 2 2 5 1 3456 6468 6509
11219 2 2 5 1 1821 1822 2008
11220 2 2 5 1 3692 5061 6488
11221 2 2 5 1 6107 7384 7539
11222 2 2 5 1 4031 4317 6108
11223 2 2 5 1 6302 4582 6559
11224 2 2 5 1 1565 1562 6560
11225 2 2 5 1 6265 3946 6489
11226 2 2 5 1 263 262 6564
11227 2 2 5 1 4269 6227 6574
11228 2 2 5 1 3132 3135 4245
11229 2 2 5 1 6603 981 7705
11230 2 2 5 1 1590 6515 6660
11231 2 2 5 1 6833 6834 6835
11232 2 2 5 1 7216 3706 7636
11233 2 2 5 1 263 6564 6711
11234 2 2 5 1 3324 4908 6709
11235 2 2 5 1 4504 3285 7649
11236 2 2 5 1 2305 5087 7000
11237 2 2 5 1 5057 1548 6552
11238 2 2 5 1 4171 5057 6552
11239 2 2 5 1 3322 3316 6491
11240 2 2 5 1 2045 2047 2048
11241 2 2 5 1 4331 4329 6520
11242 2 2 5 1 4473 4475 6578
11243 2 2 5 1 4487 3923 6565
11244 2 2 5 1 6489 3946 6499
11245 2 2 5 1 3933 4906 6566
11246 2 2 5 1 3976 3931 6566
11247 2 2 5 1 1409 4857 6493
11248 2 2 5 1 4771 1427 6460
11249 2 2 5 1 666 5953 6492
11250 2 2 5 1 6447 4108 6494
11251 2 2 5 1 2068 4197 5114
11252 2 2 5 1 2524 2626 6130
11253 2 2 5 1 2526 2524 6130
11254 2 2 5 1 4254 4736 6717
11255 2 2 5 1 4717 1565 7646
11256 2 2 5 1 4014 4012 4020
11257 2 2 5 1 1657 2078 6496
11258 2 2 5 1 6404 4263 7210
11259 2 2 5 1 5175 5069 6498
11260 2 2 5 1 455 4830 7201
11261 2 2 5 1 6046 5235 6474
11262 2 2 5 1 4672 4574 7726
11263 2 2 5 1 3946 3945 6499
11264 2 2 5 1 5152 5154 6570
11265 2 2 5 1 4635 3683 6978
11266 2 2 5 1 4140 4567 6534
11267 2 2 5 1 6149 6562 6718
11268 2 2 5 1 3213 3210 6500
11269 2 2 5 1 925 924 926
11270 2 2 5 1 6174 6383 6557
11271 2 2 5 1 4864 3707 6624
11272 2 2 5 1 6537 1626 6573
11273 2 2 5 1 6003 5278 6650
11274 2 2 5 1 3935 6477 6485
11275 2 2 5 1 6179 6178 6578
11276 2 2 5 1 3788 3787 4040
11277 2 2 5 1 381 3590 6549
11278 2 2 5 1 439 382 6549
11279 2 2 5 1 2403 2549 4202
11280 2 2 5 1 199 198 6497
11281 2 2 5 1 6453 5032 6505
11282 2 2 5 1 831 1225 6457
11283 2 2 5 1 6383 233 6557
11284 2 2 5 1 6716 4814 7493
11285 2 2 5 1 2037 2038 2039
11286 2 2 5 1 3990 6141 6142
11287 2 2 5 1 2785 6451 7010
11288 2 2 5 1 5032 3750 6505
11289 2 2 5 1 1336 2908 6610
11290 2 2 5 1 6051 3925 6584
11291 2 2 5 1 6159 6160 6506
11292 2 2 5 1 232 1405 6557
11293 2 2 5 1 2332 2336 4488
11294 2 2 5 1 4115 1997 6587
11295 2 2 5 1 1857 2066 6587
11296 2 2 5 1 3259 3254 6507
11297 2 2 5 1 3998 3801 6900
11298 2 2 5 1 2048 2049 2050
11299 2 2 5 1 388 387 6586
11300 2 2 5 1 2581 2656 2657
11301 2 2 5 1 2084 4492 6673
11302 2 2 5 1 965 4833 7516
11303 2 2 5 1 2303 6449 6594
11304 2 2 5 1 4941 4553 6765
11305 2 2 5 1 4256 7397 7512
11306 2 2 5 1 2802 2801 4558
11307 2 2 5 1 4782 6787 7642
11308 2 2 5 1 2434 6447 6494
11309 2 2 5 1 4046 4020 4136
11310 2 2 5 1 2595 2596 2597
11311 2 2 5 1 3138 3136 6541
11312 2 2 5 1 6038 6494 6567
11313 2 2 5 1 1479 6897 7371
11314 2 2 5 1 4591 4947 6615
11315 2 2 5 1 3307 3331 6769
11316 2 2 5 1 2869 6436 6908
11317 2 2 5 1 5209 3926 6592
11318 2 2 5 1 3928 4332 6592
11319 2 2 5 1 3454 3456 6509
11320 2 2 5 1 3871 3869 3979
11321 2 2 5 1 6581 4771 7113
11322 2 2 5 1 4929 4026 6920
11323 2 2 5 1 2369 2373 6569
11324 2 2 5 1 2375 2379 6510
11325 2 2 5 1 2463 2461 6593
11326 2 2 5 1 2930 6124 6511
11327 2 2 5 1 4782 4157 6787
11328 2 2 5 1 1841 4883 6744
11329 2 2 5 1 1621 6768 7124
11330 2 2 5 1 4882 1470 6891
11331 2 2 5 1 401 2835 6572
11332 2 2 5 1 3820 402 6572
11333 2 2 5 1 6408 2472 6558
11334 2 2 5 1 4947 3597 6615
11335 2 2 5 1 6630 2335 6984
11336 2 2 5 1 3322 6491 6533
11337 2 2 5 1 1664 4790 7095
11338 2 2 5 1 4544 4541 6597
11339 2 2 5 1 2838 7056 7076
11340 2 2 5 1 377 376 6595
11341 2 2 5 1 5176 2485 6598
11342 2 2 5 1 1019 4698 7526
11343 2 2 5 1 6065 6421 6553
11344 2 2 5 1 2696 2695 6513
11345 2 2 5 1 6477 5208 6485
11346 2 2 5 1 3338 4916 6930
11347 2 2 5 1 2335 6630 7064
11348 2 2 5 1 3223 3338 3339
11349 2 2 5 1 2260 6473 6657
11350 2 2 5 1 6449 4246 6594
11351 2 2 5 1 6661 7248 7290
11352 2 2 5 1 4701 4700 7277
11353 2 2 5 1 4041 6453 6505
11354 2 2 5 1 4731 3017 6602
11355 2 2 5 1 5908 1983 6602
11356 2 2 5 1 6028 3990 6705
11357 2 2 5 1 1533 5156 6588
11358 2 2 5 1 5156 5187 6588
11359 2 2 5 1 3070 3072 3073
11360 2 2 5 1 1516 5259 6609
11361 2 2 5 1 1514 1513 6609
11362 2 2 5 1 3288 3385 6604
11363 2 2 5 1 3778 3777 6605
11364 2 2 5 1 4295 4296 4326
11365 2 2 5 1 5259 4223 6609
11366 2 2 5 1 5043 2191 6679
11367 2 2 5 1 1028 4647 7672
11368 2 2 5 1 563 559 6608
11369 2 2 5 1 4770 1443 7575
11370 2 2 5 1 4934 4430 7101
11371 2 2 5 1 4346 4347 6570
11372 2 2 5 1 1592 1604 6515
11373 2 2 5 1 2296 6203 6516
11374 2 2 5 1 1674 1342 6610
11375 2 2 5 1 1653 1600 6612
11376 2 2 5 1 1597 5243 6612
11377 2 2 5 1 3513 4840 7239
11378 2 2 5 1 2872 4565 4566
11379 2 2 5 1 3879 4051 6517
11380 2 2 5 1 3564 4812 6806
11381 2 2 5 1 7295 4685 7296
11382 2 2 5 1 4987 4988 6681
11383 2 2 5 1 2657 2658 2659
11384 2 2 5 1 3597 6150 6615
11385 2 2 5 1 220 2320 6526
11386 2 2 5 1 4894 2834 6909
11387 2 2 5 1 4347 4331 6520
11388 2 2 5 1 454 4734 6926
11389 2 2 5 1 2445 2444 6519
11390 2 2 5 1 3820 6140 7055
11391 2 2 5 1 2485 6038 6567
11392 2 2 5 1 4627 6553 6568
11393 2 2 5 1 1582 1584 6521
11394 2 2 5 1 3044 7202 7203
11395 2 2 5 1 4901 3144 6604
11396 2 2 5 1 5045 5087 6798
11397 2 2 5 1 2869 2854 6434
11398 2 2 5 1 4327 3960 6624
11399 2 2 5 1 1338 1336 6610
11400 2 2 5 1 4189 6389 7372
11401 2 2 5 1 1881 1973 6527
11402 2 2 5 1 1692 1806 6528
11403 2 2 5 1 2878 5098 6529
11404 2 2 5 1 2734 4585 7077
11405 2 2 5 1 1436 1440 6618
11406 2 2 5 1 3174 3165 6530
11407 2 2 5 1 1021 4961 6531
11408 2 2 5 1 5169 519 6626
11409 2 2 5 1 181 182 6626
11410 2 2 5 1 93 94 6627
11411 2 2 5 1 56 57 6628
11412 2 2 5 1 7009 4210 7145
11413 2 2 5 1 281 6542 6825
11414 2 2 5 1 3301 4763 7211
11415 2 2 5 1 360 712 6606
11416 2 2 5 1 1036 361 6606
11417 2 2 5 1 2010 4208 4246
11418 2 2 5 1 4215 7573 7614
11419 2 2 5 1 4930 566 6992
11420 2 2 5 1 3914 4054 6531
11421 2 2 5 1 4155 6445 7111
11422 2 2 5 1 2077 1862 2934
11423 2 2 5 1 4271 2825 7216
11424 2 2 5 1 1775 1777 5253
11425 2 2 5 1 6777 4264 6778
11426 2 2 5 1 4719 446 7589
11427 2 2 5 1 4804 4805 7469
11428 2 2 5 1 6521 1584 6537
11429 2 2 5 1 4182 3984 4183
11430 2 2 5 1 6890 6756 7706
11431 2 2 5 1 1649 6496 6715
11432 2 2 5 1 4768 4495 7590
11433 2 2 5 1 2761 4777 7479
11434 2 2 5 1 4605 2733 6846
11435 2 2 5 1 1004 4934 7101
11436 2 2 5 1 4526 7102 7661
11437 2 2 5 1 3224 5236 6634
11438 2 2 5 1 3229 3226 6634
11439 2 2 5 1 4304 4683 6526
11440 2 2 5 1 1680 1676 6415
11441 2 2 5 1 1330 1333 4674
11442 2 2 5 1 2448 6519 6763
11443 2 2 5 1 3808 3809 6410
11444 2 2 5 1 4542 6269 6532
11445 2 2 5 1 3325 3322 6533
11446 2 2 5 1 6399 2834 7129
11447 2 2 5 1 6821 5293 6880
11448 2 2 5 1 6817 5287 6877
11449 2 2 5 1 4276 6816 6876
11450 2 2 5 1 4273 6811 6874
11451 2 2 5 1 4274 6815 6875
11452 2 2 5 1 5989 5990 6667
11453 2 2 5 1 6822 5338 6872
11454 2 2 5 1 2767 6813 6859
11455 2 2 5 1 1810 6814 6862
11456 2 2 5 1 6819 475 6865
11457 2 2 5 1 6820 449 6871
11458 2 2 5 1 4309 4266 4391
11459 2 2 5 1 6818 468 6873
11460 2 2 5 1 5633 1884 6613
11461 2 2 5 1 3057 4906 6804
11462 2 2 5 1 6315 2740 6536
11463 2 2 5 1 4502 6406 7089
11464 2 2 5 1 4876 1805 6618
11465 2 2 5 1 1777 1826 1999
11466 2 2 5 1 3115 3124 4744
11467 2 2 5 1 6841 2832 6898
11468 2 2 5 1 1584 1586 6537
11469 2 2 5 1 868 296 6672
11470 2 2 5 1 4227 4229 6664
11471 2 2 5 1 3919 3808 6410
11472 2 2 5 1 6367 1674 6645
11473 2 2 5 1 6599 2879 7245
11474 2 2 5 1 2787 4121 4122
11475 2 2 5 1 3982 5199 6721
11476 2 2 5 1 394 441 6622
11477 2 2 5 1 3883 6149 6718
11478 2 2 5 1 3391 3395 6647
11479 2 2 5 1 3691 3389 6647
11480 2 2 5 1 6024 4770 7575
11481 2 2 5 1 2792 6670 6917
11482 2 2 5 1 1668 5507 6649
11483 2 2 5 1 3960 3582 6538
11484 2 2 5 1 1661 6065 6553
11485 2 2 5 1 2659 2660 2661
11486 2 2 5 1 295 999 6672
11487 2 2 5 1 6760 7337 7624
11488 2 2 5 1 4857 6244 7390
11489 2 2 5 1 3505 6509 6562
11490 2 2 5 1 3656 3655 6461
11491 2 2 5 1 4511 6614 7530
11492 2 2 5 1 5226 6260 6965
11493 2 2 5 1 4267 3949 6654
11494 2 2 5 1 6155 6156 6749
11495 2 2 5 1 4734 6602 6686
11496 2 2 5 1 5148 1621 6571
11497 2 2 5 1 1225 869 1834
11498 2 2 5 1 6515 4162 6660
11499 2 2 5 1 2348 194 6625
11500 2 2 5 1 3301 4762 4763
11501 2 2 5 1 6473 4807 6657
11502 2 2 5 1 5127 4006 6540
11503 2 2 5 1 6713 1866 7495
11504 2 2 5 1 4473 6578 6665
11505 2 2 5 1 2661 4217 4218
11506 2 2 5 1 3783 3953 4047
11507 2 2 5 1 1626 1588 6660
11508 2 2 5 1 5125 6382 7035
11509 2 2 5 1 2748 5014 6558
11510 2 2 5 1 2328 6260 7640
11511 2 2 5 1 4770 6024 7542
11512 2 2 5 1 4642 6250 7546
11513 2 2 5 1 2371 2369 6569
11514 2 2 5 1 3141 3138 6541
11515 2 2 5 1 3673 3909 6662
11516 2 2 5 1 1638 6107 7539
11517 2 2 5 1 4229 4230 4231
11518 2 2 5 1 3726 3727 7530
11519 2 2 5 1 1567 1620 6666
11520 2 2 5 1 1477 1335 7487
11521 2 2 5 1 3990 6142 6705
11522 2 2 5 1 7010 2783 7715
11523 2 2 5 1 6494 4109 6567
11524 2 2 5 1 4242 4241 4243
11525 2 2 5 1 6638 4004 6695
11526 2 2 5 1 5014 6408 6558
11527 2 2 5 1 4034 3939 6670
11528 2 2 5 1 4004 5021 6695
11529 2 2 5 1 2879 6470 7245
11530 2 2 5 1 6063 2729 6671
11531 2 2 5 1 2727 5225 6671
11532 2 2 5 1 4226 7416 7495
11533 2 2 5 1 6974 4167 7427
11534 2 2 5 1 4449 4451 4466
11535 2 2 5 1 1984 2002 4551
11536 2 2 5 1 6534 4567 7667
11537 2 2 5 1 4190 2684 6678
11538 2 2 5 1 2682 2738 6678
11539 2 2 5 1 1196 1197 6684
11540 2 2 5 1 6778 7181 7182
11541 2 2 5 1 1984 4551 6987
11542 2 2 5 1 4551 2002 7673
11543 2 2 5 1 4487 5009 7505
11544 2 2 5 1 2305 7000 7172
11545 2 2 5 1 4860 2946 6831
11546 2 2 5 1 6397 5232 7607
11547 2 2 5 1 4466 4451 6508
11548 2 2 5 1 2557 2558 2559
11549 2 2 5 1 6576 7266 7305
11550 2 2 5 1 4597 4596 4598
11551 2 2 5 1 4352 2876 6680
11552 2 2 5 1 3182 4861 7652
11553 2 2 5 1 4423 4422 7304
11554 2 2 5 1 280 565 6542
11555 2 2 5 1 4551 5530 6987
11556 2 2 5 1 4396 4395 4596
11557 2 2 5 1 4707 4650 7409
11558 2 2 5 1 4249 3963 6682
11559 2 2 5 1 3965 4647 6682
11560 2 2 5 1 3546 5029 6685
11561 2 2 5 1 4716 6704 7431
11562 2 2 5 1 2725 4740 7013
11563 2 2 5 1 1225 1834 1835
11564 2 2 5 1 1392 1478 6775
11565 2 2 5 1 4012 4010 4711
11566 2 2 5 1 2503 2500 6550
11567 2 2 5 1 2036 4527 7334
11568 2 2 5 1 3115 3123 3124
11569 2 2 5 1 4109 4111 6567
11570 2 2 5 1 916 945 6707
11571 2 2 5 1 917 934 7135
11572 2 2 5 1 3055 6537 6573
11573 2 2 5 1 382 381 6549
11574 2 2 5 1 1548 1550 6552
11575 2 2 5 1 6417 2371 6569
11576 2 2 5 1 1218 1219 1229
11577 2 2 5 1 6036 6195 6607
11578 2 2 5 1 4953 1017 7045
11579 2 2 5 1 2693 2691 6554
11580 2 2 5 1 3762 3722 6691
11581 2 2 5 1 5235 3346 6475
11582 2 2 5 1 2919 7116 7537
11583 2 2 5 1 781 779 7449
11584 2 2 5 1 2068 1861 2304
11585 2 2 5 1 882 880 883
11586 2 2 5 1 2058 2056 6556
11587 2 2 5 1 2853 6833 7511
11588 2 2 5 1 3709 6840 7366
11589 2 2 5 1 2733 3055 6573
11590 2 2 5 1 6558 2472 6771
11591 2 2 5 1 4869 3381 6998
11592 2 2 5 1 4880 4881 6595
11593 2 2 5 1 3679 3693 3694
11594 2 2 5 1 4393 6302 6559
11595 2 2 5 1 1666 4726 6697
11596 2 2 5 1 2191 5636 6697
11597 2 2 5 1 1562 1564 6560
11598 2 2 5 1 3292 3295 4766
11599 2 2 5 1 4091 4092 6562
11600 2 2 5 1 5990 2899 6667
11601 2 2 5 1 6195 3968 6699
11602 2 2 5 1 1198 4639 7538
11603 2 2 5 1 3883 6718 7081
11604 2 2 5 1 4213 4212 7074
11605 2 2 5 1 4657 6924 7550
11606 2 2 5 1 6227 4409 6574
11607 2 2 5 1 894 893 895
11608 2 2 5 1 4701 7277 7454
11609 2 2 5 1 233 232 6557
11610 2 2 5 1 2373 2614 6569
11611 2 2 5 1 1406 1424 6706
11612 2 2 5 1 4921 1371 6779
11613 2 2 5 1 1861 2303 6594
11614 2 2 5 1 4089 4088 6439
11615 2 2 5 1 4209 2723 6582
11616 2 2 5 1 3598 3327 6709
11617 2 2 5 1 3321 3324 6709
11618 2 2 5 1 4679 4682 7283
11619 2 2 5 1 1458 1866 6713
11620 2 2 5 1 6496 4876 6715
11621 2 2 5 1 4383 4385 6840
11622 2 2 5 1 6495 4093 7100
11623 2 2 5 1 5523 5490 7437
11624 2 2 5 1 1440 1447 6715
11625 2 2 5 1 931 935 936
11626 2 2 5 1 4137 6272 6716
11627 2 2 5 1 1337 1339 6713
11628 2 2 5 1 2724 4727 6943
11629 2 2 5 1 3923 3962 6565
11630 2 2 5 1 3337 5997 7158
11631 2 2 5 1 3931 3933 6566
11632 2 2 5 1 6522 2662 7044
11633 2 2 5 1 3861 4088 4089
11634 2 2 5 1 5027 1039 7125
11635 2 2 5 1 1805 1434 6618
11636 2 2 5 1 2720 4833 6897
11637 2 2 5 1 4586 6683 7608
11638 2 2 5 1 6971 2917 7289
11639 2 2 5 1 985 981 6603
11640 2 2 5 1 1804 1445 6701
11641 2 2 5 1 6564 4544 6711
11642 2 2 5 1 2881 4811 6619
11643 2 2 5 1 4389 6756 6890
11644 2 2 5 1 5499 22 7168
11645 2 2 5 1 7590 3380 7638
11646 2 2 5 1 262 548 6564
11647 2 2 5 1 6647 4851 6736
11648 2 2 5 1 1186 1188 1207
11649 2 2 5 1 1422 1426 6729
11650 2 2 5 1 2499 2497 6730
11651 2 2 5 1 6421 4589 6568
11652 2 2 5 1 3292 3294 3295
11653 2 2 5 1 2834 4894 7129
11654 2 2 5 1 1031 264 6711
11655 2 2 5 1 6729 4672 7726
11656 2 2 5 1 554 556 6734
11657 2 2 5 1 5154 3527 6570
11658 2 2 5 1 3909 6488 6662
11659 2 2 5 1 6651 4408 6757
11660 2 2 5 1 1580 1579 6735
11661 2 2 5 1 6504 1661 6553
11662 2 2 5 1 6703 6701 7637
11663 2 2 5 1 4231 4230 4806
11664 2 2 5 1 6595 4881 6722
11665 2 2 5 1 4140 6534 7150
11666 2 2 5 1 5278 1573 6650
11667 2 2 5 1 1207 1188 4865
11668 2 2 5 1 4819 6036 6607
11669 2 2 5 1 2115 2116 7033
11670 2 2 5 1 4498 4782 7642
11671 2 2 5 1 6178 2538 6578
11672 2 2 5 1 4797 4055 6743
11673 2 2 5 1 6298 4424 6743
11674 2 2 5 1 4126 4127 4128
11675 2 2 5 1 1482 1455 6744
11676 2 2 5 1 6701 7028 7637
11677 2 2 5 1 6698 5251 6961
11678 2 2 5 1 2028 1871 6746
11679 2 2 5 1 2611 2621 4295
11680 2 2 5 1 402 401 6572
11681 2 2 5 1 340 1018 6731
11682 2 2 5 1 6519 4765 6763
11683 2 2 5 1 4229 4228 4230
11684 2 2 5 1 2774 7110 7613
11685 2 2 5 1 6073 1013 7164
11686 2 2 5 1 4564 6651 6652
11687 2 2 5 1 1471 4719 7589
11688 2 2 5 1 6509 4091 6562
11689 2 2 5 1 4285 3754 4493
11690 2 2 5 1 5022 5024 7639
11691 2 2 5 1 5024 1037 7639
11692 2 2 5 1 1315 1314 1316
11693 2 2 5 1 2782 378 6722
11694 2 2 5 1 417 442 6720
11695 2 2 5 1 3762 5023 7251
11696 2 2 5 1 4874 6986 7216
11697 2 2 5 1 413 412 6752
11698 2 2 5 1 2341 2334 6518
11699 2 2 5 1 2529 2528 2542
11700 2 2 5 1 1984 1670 2002
11701 2 2 5 1 3778 6605 7187
11702 2 2 5 1 2754 4137 6766
11703 2 2 5 1 2559 2560 2561
11704 2 2 5 1 5087 5045 7000
11705 2 2 5 1 4043 4877 7046
11706 2 2 5 1 5232 6396 7002
11707 2 2 5 1 4593 4744 7194
11708 2 2 5 1 1423 4767 7619
11709 2 2 5 1 1621 1556 6768
11710 2 2 5 1 3683 4638 7411
11711 2 2 5 1 7185 7184 7551
11712 2 2 5 1 6597 4543 6681
11713 2 2 5 1 3925 5138 6584
11714 2 2 5 1 5319 5320 6649
11715 2 2 5 1 6562 4092 6718
11716 2 2 5 1 383 439 6728
11717 2 2 5 1 2466 2463 6771
11718 2 2 5 1 334 4941 6765
11719 2 2 5 1 144 145 6639
11720 2 2 5 1 724 335 6765
11721 2 2 5 1 471 5319 6776
11722 2 2 5 1 5306 5305 6776
11723 2 2 5 1 3709 4809 6840
11724 2 2 5 1 436 1792 6732
11725 2 2 5 1 6538 4864 6624
11726 2 2 5 1 1997 1857 6587
11727 2 2 5 1 4250 6547 7360
11728 2 2 5 1 711 4995 6792
11729 2 2 5 1 1977 5523 7437
11730 2 2 5 1 4257 5050 7717
11731 2 2 5 1 5056 2058 6747
11732 2 2 5 1 6120 6119 6728
11733 2 2 5 1 3801 3802 6900
11734 2 2 5 1 1036 6606 7153
11735 2 2 5 1 6425 4464 6583
11736 2 2 5 1 4726 4727 6697
11737 2 2 5 1 1999 2085 4777
11738 2 2 5 1 6573 6762 6846
11739 2 2 5 1 3309 3310 3311
11740 2 2 5 1 4350 4929 7533
11741 2 2 5 1 6180 2291 6781
11742 2 2 5 1 6695 5021 6807
11743 2 2 5 1 2561 2562 2563
11744 2 2 5 1 5211 3497 7047
11745 2 2 5 1 3908 4029 6789
11746 2 2 5 1 3967 6348 6789
11747 2 2 5 1 4684 4024 6956
11748 2 2 5 1 4474 4473 6665
11749 2 2 5 1 4719 4510 7253
11750 2 2 5 1 6441 4819 6607
11751 2 2 5 1 4704 4174 4705
11752 2 2 5 1 4030 3882 7080
11753 2 2 5 1 3057 388 6586
11754 2 2 5 1 6884 4412 7293
11755 2 2 5 1 6666 1620 6799
11756 2 2 5 1 5087 1882 6798
11757 2 2 5 1 1833 2027 6798
11758 2 2 5 1 6399 7129 7391
11759 2 2 5 1 6661 1827 7248
11760 2 2 5 1 5144 4214 7042
11761 2 2 5 1 2563 2564 2619
11762 2 2 5 1 4627 6504 6553
11763 2 2 5 1 2654 2580 2655
11764 2 2 5 1 1560 1565 6805
11765 2 2 5 1 4904 4905 7084
11766 2 2 5 1 3497 3414 6807
11767 2 2 5 1 5095 5094 6809
11768 2 2 5 1 4145 6140 6809
11769 2 2 5 1 5007 711 6792
11770 2 2 5 1 6908 3973 7669
11771 2 2 5 1 493 5280 6813
11772 2 2 5 1 81 82 6811
11773 2 2 5 1 5291 5289 6814
11774 2 2 5 1 69 70 6815
11775 2 2 5 1 60 61 6816
11776 2 2 5 1 2125 5331 6817
11777 2 2 5 1 2950 2768 6818
11778 2 2 5 1 509 5964 6822
11779 2 2 5 1 2952 2770 6819
11780 2 2 5 1 5475 2772 6820
11781 2 2 5 1 1281 5935 6821
11782 2 2 5 1 1473 5237 7005
11783 2 2 5 1 2817 2816 2818
11784 2 2 5 1 6542 4185 6825
11785 2 2 5 1 4136 6786 7696
11786 2 2 5 1 6296 867 6958
11787 2 2 5 1 6757 1480 6989
11788 2 2 5 1 1484 4848 7475
11789 2 2 5 1 1328 1648 6850
11790 2 2 5 1 1398 1401 6668
11791 2 2 5 1 3385 3387 6823
11792 2 2 5 1 145 518 6639
11793 2 2 5 1 3926 3928 6592
11794 2 2 5 1 4836 1888 7695
11795 2 2 5 1 4212 6373 6827
11796 2 2 5 1 2138 4595 6828
11797 2 2 5 1 2066 2067 6828
11798 2 2 5 1 1401 6380 6668
11799 2 2 5 1 4848 1484 7490
11800 2 2 5 1 1371 246 6779
11801 2 2 5 1 245 5044 6779
11802 2 2 5 1 2619 2646 2647
11803 2 2 5 1 4029 3716 6842
11804 2 2 5 1 3717 4796 6842
11805 2 2 5 1 4228 1890 5058
11806 2 2 5 1 6415 4435 6708
11807 2 2 5 1 3869 3870 6482
11808 2 2 5 1 2461 2464 6593
11809 2 2 5 1 3515 3379 3516
11810 2 2 5 1 1337 6713 7487
11811 2 2 5 1 7208 944 7712
11812 2 2 5 1 4697 6593 7205
11813 2 2 5 1 4728 7035 7693
11814 2 2 5 1 1194 4926 6688
11815 2 2 5 1 1016 282 6825
11816 2 2 5 1 4697 6558 6771
11817 2 2 5 1 2009 1822 2758
11818 2 2 5 1 5187 5186 6971
11819 2 2 5 1 3920 4525 6393
11820 2 2 5 1 5292 5293 6882
11821 2 2 5 1 4539 4544 6848
11822 2 2 5 1 3073 3074 3075
11823 2 2 5 1 1444 1413 6849
11824 2 2 5 1 6944 6120 6959
11825 2 2 5 1 4541 4543 6597
11826 2 2 5 1 5192 5176 6598
11827 2 2 5 1 4873 6803 7233
11828 2 2 5 1 915 914 916
11829 2 2 5 1 3977 4490 6614
11830 2 2 5 1 6344 6345 7048
11831 2 2 5 1 6763 2737 6955
11832 2 2 5 1 6445 4583 7333
11833 2 2 5 1 83 468 6874
11834 2 2 5 1 5286 5287 6873
11835 2 2 5 1 71 449 6875
11836 2 2 5 1 62 475 6876
11837 2 2 5 1 2767 1986 6877
11838 2 2 5 1 2886 5422 6878
11839 2 2 5 1 1810 1280 6880
11840 2 2 5 1 4276 2888 6879
11841 2 2 5 1 4274 2887 6881
11842 2 2 5 1 6454 3972 6791
11843 2 2 5 1 4797 3608 7163
11844 2 2 5 1 389 3057 6804
11845 2 2 5 1 3059 390 6804
11846 2 2 5 1 906 6429 7500
11847 2 2 5 1 900 895 901
11848 2 2 5 1 2588 2617 6801
11849 2 2 5 1 2259 5338 6882
11850 2 2 5 1 4353 4354 6891
11851 2 2 5 1 4609 4882 6891
11852 2 2 5 1 6702 6701 6703
11853 2 2 5 1 5320 5324 6893
11854 2 2 5 1 1405 231 6810
11855 2 2 5 1 230 1472 6810
11856 2 2 5 1 4569 4568 7555
11857 2 2 5 1 6388 906 7500
11858 2 2 5 1 3245 3243 6894
11859 2 2 5 1 6795 4551 7673
11860 2 2 5 1 1863 1869 1870
11861 2 2 5 1 3017 5908 6602
11862 2 2 5 1 376 2780 6595
11863 2 2 5 1 2370 2372 6456
11864 2 2 5 1 4955 989 7564
11865 2 2 5 1 4760 488 7243
11866 2 2 5 1 3617 3615 6104
11867 2 2 5 1 1513 1516 6609
11868 2 2 5 1 3144 3288 6604
11869 2 2 5 1 4841 3513 7606
11870 2 2 5 1 4939 1428 6994
11871 2 2 5 1 3777 4487 6605
11872 2 2 5 1 3376 3375 3377
11873 2 2 5 1 7029 4257 7717
11874 2 2 5 1 4926 4018 7050
11875 2 2 5 1 2903 2884 6895
11876 2 2 5 1 4025 6694 7206
11877 2 2 5 1 3075 3076 3077
11878 2 2 5 1 5030 5205 6685
11879 2 2 5 1 2649 4614 4615
11880 2 2 5 1 2857 2799 6794
11881 2 2 5 1 6723 4529 6900
11882 2 2 5 1 6530 3163 7066
11883 2 2 5 1 3346 3615 3616
11884 2 2 5 1 6371 2687 6901
11885 2 2 5 1 3371 3151 6902
11886 2 2 5 1 6560 1564 6666
11887 2 2 5 1 4134 4135 4679
11888 2 2 5 1 2002 4909 7673
11889 2 2 5 1 3038 7288 7448
11890 2 2 5 1 4726 2713 6653
11891 2 2 5 1 559 557 6608
11892 2 2 5 1 2827 4786 7273
11893 2 2 5 1 6082 3509 6638
11894 2 2 5 1 776 775 6673
11895 2 2 5 1 4128 4129 4130
11896 2 2 5 1 361 360 6606
11897 2 2 5 1 4905 868 7560
11898 2 2 5 1 3077 3078 3079
11899 2 2 5 1 2859 2861 6435
11900 2 2 5 1 4917 2892 6913
11901 2 2 5 1 2890 4581 6913
11902 2 2 5 1 7214 3499 7304
11903 2 2 5 1 6576 6889 7266
11904 2 2 5 1 6361 5114 6796
11905 2 2 5 1 2372 2376 6456
11906 2 2 5 1 4511 3977 6614
11907 2 2 5 1 1342 1338 6610
11908 2 2 5 1 5297 5296 6914
11909 2 2 5 1 3635 4064 4356
11910 2 2 5 1 499 5306 6915
11911 2 2 5 1 5299 5298 6915
11912 2 2 5 1 5500 5501 6916
11913 2 2 5 1 6039 3591 6724
11914 2 2 5 1 4022 4336 6917
11915 2 2 5 1 6985 6304 7324
11916 2 2 5 1 4703 4427 6921
11917 2 2 5 1 1600 1597 6612
11918 2 2 5 1 4545 4282 4546
11919 2 2 5 1 4617 6590 7228
11920 2 2 5 1 6109 3789 6633
11921 2 2 5 1 2704 2703 7535
11922 2 2 5 1 875 876 877
11923 2 2 5 1 2304 1861 6594
11924 2 2 5 1 3809 7285 7358
11925 2 2 5 1 437 6441 6607
11926 2 2 5 1 3948 5142 7576
11927 2 2 5 1 6793 3126 7570
11928 2 2 5 1 1870 1869 2914
11929 2 2 5 1 4547 4041 6505
11930 2 2 5 1 5052 5036 6928
11931 2 2 5 1 496 32 6926
11932 2 2 5 1 33 454 6926
11933 2 2 5 1 3079 3080 3081
11934 2 2 5 1 3756 6120 6944
11935 2 2 5 1 4817 4621 6928
11936 2 2 5 1 4464 6501 6583
11937 2 2 5 1 6051 6584 7320
11938 2 2 5 1 5097 6601 6993
11939 2 2 5 1 1434 1436 6618
11940 2 2 5 1 6474 5235 6475
11941 2 2 5 1 457 5971 7083
11942 2 2 5 1 5537 458 7082
11943 2 2 5 1 3783 3782 3953
11944 2 2 5 1 6578 2538 6665
11945 2 2 5 1 4907 4634 6712
11946 2 2 5 1 6150 3996 6615
11947 2 2 5 1 4751 4754 6933
11948 2 2 5 1 4643 5818 6934
11949 2 2 5 1 2955 4912 6934
11950 2 2 5 1 2758 6003 6650
11951 2 2 5 1 2926 2925 6710
11952 2 2 5 1 443 4895 7355
11953 2 2 5 1 3167 3174 6939
11954 2 2 5 1 2724 783 5010
11955 2 2 5 1 4825 3758 7496
11956 2 2 5 1 3081 3082 3083
11957 2 2 5 1 1204 1196 1205
11958 2 2 5 1 1470 4882 7412
11959 2 2 5 1 210 209 6931
11960 2 2 5 1 4096 4918 6999
11961 2 2 5 1 2868 4200 4704
11962 2 2 5 1 6969 4511 7530
11963 2 2 5 1 430 429 6938
11964 2 2 5 1 3704 3756 6944
11965 2 2 5 1 4053 3702 6944
11966 2 2 5 1 831 869 1225
11967 2 2 5 1 5256 2675 6946
11968 2 2 5 1 3802 6723 6900
11969 2 2 5 1 4238 2091 6947
11970 2 2 5 1 2089 2882 6947
11971 2 2 5 1 1851 1850 6637
11972 2 2 5 1 6422 2019 6935
11973 2 2 5 1 395 394 6622
11974 2 2 5 1 2834 396 6909
11975 2 2 5 1 4891 487 7359
11976 2 2 5 1 5822 4505 6949
11977 2 2 5 1 4506 5440 6950
11978 2 2 5 1 6404 216 6923
11979 2 2 5 1 5058 2260 6657
11980 2 2 5 1 3083 3084 3085
11981 2 2 5 1 6642 2032 6991
11982 2 2 5 1 4893 4773 6693
11983 2 2 5 1 4303 4877 7525
11984 2 2 5 1 6652 6757 6989
11985 2 2 5 1 2726 1804 6701
11986 2 2 5 1 4493 6774 7622
11987 2 2 5 1 4183 3984 6721
11988 2 2 5 1 215 444 6923
11989 2 2 5 1 4040 4041 4547
11990 2 2 5 1 4474 6665 6761
11991 2 2 5 1 2404 6006 7220
11992 2 2 5 1 5123 4268 7708
11993 2 2 5 1 4700 4959 7277
11994 2 2 5 1 4528 3838 6967
11995 2 2 5 1 2117 4162 6646
11996 2 2 5 1 2651 2652 6220
11997 2 2 5 1 4641 2651 6220
11998 2 2 5 1 2626 2665 2666
11999 2 2 5 1 519 181 6626
12000 2 2 5 1 517 93 6627
12001 2 2 5 1 57 516 6628
12002 2 2 5 1 2751 4757 6760
12003 2 2 5 1 5453 4628 6962
12004 2 2 5 1 4903 3053 6962
12005 2 2 5 1 2553 2552 2554
12006 2 2 5 1 4111 4110 4112
12007 2 2 5 1 920 922 923
12008 2 2 5 1 4119 4651 7417
12009 2 2 5 1 2911 6883 7298
12010 2 2 5 1 3037 6951 7567
12011 2 2 5 1 3085 3086 3087
12012 2 2 5 1 4045 6637 7517
12013 2 2 5 1 3062 3064 3067
12014 2 2 5 1 4844 2054 6969
12015 2 2 5 1 4897 4898 6958
12016 2 2 5 1 194 193 6625
12017 2 2 5 1 5142 5143 7576
12018 2 2 5 1 1636 1585 6975
12019 2 2 5 1 4776 2117 6646
12020 2 2 5 1 211 210 6965
12021 2 2 5 1 3124 3125 3127
12022 2 2 5 1 4957 521 6639
12023 2 2 5 1 4916 4646 6930
12024 2 2 5 1 3087 3088 3089
12025 2 2 5 1 2612 2608 6741
12026 2 2 5 1 688 4900 6742
12027 2 2 5 1 4768 7590 7638
12028 2 2 5 1 4877 3978 7525
12029 2 2 5 1 3226 3224 6634
12030 2 2 5 1 2848 2850 2856
12031 2 2 5 1 5530 5699 6987
12032 2 2 5 1 6556 6536 6747
12033 2 2 5 1 5232 5231 7607
12034 2 2 5 1 4843 498 7227
12035 2 2 5 1 3739 3729 7686
12036 2 2 5 1 4678 2881 7415
12037 2 2 5 1 2741 2653 2742
12038 2 2 5 1 2401 4715 7144
12039 2 2 5 1 4577 4578 7478
12040 2 2 5 1 4628 2939 6996
12041 2 2 5 1 3381 3277 6998
12042 2 2 5 1 4439 4440 4479
12043 2 2 5 1 2828 2836 2837
12044 2 2 5 1 4461 4653 6363
12045 2 2 5 1 1864 1863 6547
12046 2 2 5 1 4683 4159 7001
12047 2 2 5 1 6280 4520 7001
12048 2 2 5 1 3089 3090 3091
12049 2 2 5 1 5411 470 7152
12050 2 2 5 1 1534 5989 6667
12051 2 2 5 1 2647 2646 4180
12052 2 2 5 1 6417 6569 6827
12053 2 2 5 1 6462 3173 6939
12054 2 2 5 1 4902 2897 7041
12055 2 2 5 1 4792 6713 7495
12056 2 2 5 1 4597 7373 7433
12057 2 2 5 1 2947 2875 7005
12058 2 2 5 1 5509 5508 7007
12059 2 2 5 1 3002 4506 7007
12060 2 2 5 1 4862 455 7240
12061 2 2 5 1 2833 419 6966
12062 2 2 5 1 2049 2873 7054
12063 2 2 5 1 2882 6073 7164
12064 2 2 5 1 3802 6108 6723
12065 2 2 5 1 4334 7013 7516
12066 2 2 5 1 6833 6832 6834
12067 2 2 5 1 4105 4104 4106
12068 2 2 5 1 4381 4382 4383
12069 2 2 5 1 5199 3670 6721
12070 2 2 5 1 4801 415 7662
12071 2 2 5 1 446 4721 7062
12072 2 2 5 1 4632 2889 7014
12073 2 2 5 1 4936 4237 7336
12074 2 2 5 1 2699 4402 6960
12075 2 2 5 1 6649 5507 7482
12076 2 2 5 1 6992 566 7393
12077 2 2 5 1 4563 4284 4564
12078 2 2 5 1 4675 4730 7529
12079 2 2 5 1 6573 1626 6762
12080 2 2 5 1 3996 5097 6993
12081 2 2 5 1 6582 2499 6730
12082 2 2 5 1 6826 6160 7207
12083 2 2 5 1 434 5210 7429
12084 2 2 5 1 4637 4639 6658
12085 2 2 5 1 6141 4182 6472
12086 2 2 5 1 6463 4893 6693
12087 2 2 5 1 3660 3661 3662
12088 2 2 5 1 3091 3092 3093
12089 2 2 5 1 2935 4643 7022
12090 2 2 5 1 4754 4755 7023
12091 2 2 5 1 6308 6367 6645
12092 2 2 5 1 3311 3312 3315
12093 2 2 5 1 3662 3663 3728
12094 2 2 5 1 6402 6498 7689
12095 2 2 5 1 1786 1784 1799
12096 2 2 5 1 4202 6984 7562
12097 2 2 5 1 3984 3982 6721
12098 2 2 5 1 1783 1784 1786
12099 2 2 5 1 5045 1370 7000
12100 2 2 5 1 1412 6223 7130
12101 2 2 5 1 5205 4033 6685
12102 2 2 5 1 2313 7108 7344
12103 2 2 5 1 3389 3391 6647
12104 2 2 5 1 3591 6506 6724
12105 2 2 5 1 4092 4301 6718
12106 2 2 5 1 3229 6774 7261
12107 2 2 5 1 3728 3729 4677
12108 2 2 5 1 5446 1668 6649
12109 2 2 5 1 3127 3128 3168
12110 2 2 5 1 224 223 7025
12111 2 2 5 1 2932 4644 7038
12112 2 2 5 1 4581 5829 7039
12113 2 2 5 1 7035 905 7693
12114 2 2 5 1 4157 6922 7658
12115 2 2 5 1 4213 7074 7401
12116 2 2 5 1 1013 4937 7164
12117 2 2 5 1 4595 2965 6914
12118 2 2 5 1 3175 3145 7133
12119 2 2 5 1 3093 3094 3095
12120 2 2 5 1 3949 3951 6654
12121 2 2 5 1 6368 6304 6985
12122 2 2 5 1 7340 2548 7378
12123 2 2 5 1 6156 6307 6749
12124 2 2 5 1 5144 2803 7011
12125 2 2 5 1 4634 6488 6712
12126 2 2 5 1 550 1181 7052
12127 2 2 5 1 556 552 7052
12128 2 2 5 1 4832 7148 7224
12129 2 2 5 1 6497 2347 7189
12130 2 2 5 1 4395 3739 7106
12131 2 2 5 1 4690 6530 7066
12132 2 2 5 1 2880 4678 6539
12133 2 2 5 1 2803 421 7011
12134 2 2 5 1 4291 2926 6710
12135 2 2 5 1 420 2833 7011
12136 2 2 5 1 7297 2590 7354
12137 2 2 5 1 1671 1482 7058
12138 2 2 5 1 4031 4316 4317
12139 2 2 5 1 1039 4914 7125
12140 2 2 5 1 4419 5063 7663
12141 2 2 5 1 5488 4742 7053
12142 2 2 5 1 2050 2049 7054
12143 2 2 5 1 3161 3370 7066
12144 2 2 5 1 5044 5045 6785
12145 2 2 5 1 3247 3245 7068
12146 2 2 5 1 785 4929 6920
12147 2 2 5 1 7188 6635 7486
12148 2 2 5 1 4191 6109 6633
12149 2 2 5 1 6248 5232 7002
12150 2 2 5 1 463 5592 7070
12151 2 2 5 1 5304 464 7071
12152 2 2 5 1 4999 506 7109
12153 2 2 5 1 5657 2753 6760
12154 2 2 5 1 3095 3096 3097
12155 2 2 5 1 4379 4380 4381
12156 2 2 5 1 1588 1590 6660
12157 2 2 5 1 4935 1008 7584
12158 2 2 5 1 6569 2614 6827
12159 2 2 5 1 5344 3047 7082
12160 2 2 5 1 4660 2697 7083
12161 2 2 5 1 6753 3549 6755
12162 2 2 5 1 3634 3635 6551
12163 2 2 5 1 6768 4718 7124
12164 2 2 5 1 4356 4064 4357
12165 2 2 5 1 2901 4185 7087
12166 2 2 5 1 6169 712 7665
12167 2 2 5 1 3658 3659 3660
12168 2 2 5 1 3727 3673 6662
12169 2 2 5 1 1969 1682 7484
12170 2 2 5 1 2942 3060 6641
12171 2 2 5 1 6605 5008 7187
12172 2 2 5 1 3295 3296 3297
12173 2 2 5 1 2538 4476 6665
12174 2 2 5 1 3168 3169 3178
12175 2 2 5 1 4665 4664 7091
12176 2 2 5 1 5499 4670 7091
12177 2 2 5 1 1564 1567 6666
12178 2 2 5 1 4707 786 7329
12179 2 2 5 1 1771 1533 1772
12180 2 2 5 1 3273 3337 7093
12181 2 2 5 1 1620 6180 6799
12182 2 2 5 1 4988 5004 6681
12183 2 2 5 1 1626 6660 6762
12184 2 2 5 1 4188 4189 7372
12185 2 2 5 1 4929 4928 7533
12186 2 2 5 1 4398 3758 7241
12187 2 2 5 1 4858 4876 7105
12188 2 2 5 1 4435 4434 6708
12189 2 2 5 1 6008 4350 7101
12190 2 2 5 1 501 5487 7053
12191 2 2 5 1 7146 7147 7176
12192 2 2 5 1 130 479 7109
12193 2 2 5 1 506 129 7109
12194 2 2 5 1 4440 4441 4442
12195 2 2 5 1 6493 4857 7390
12196 2 2 5 1 4444 4443 4445
12197 2 2 5 1 3097 3098 3099
12198 2 2 5 1 4568 7535 7555
12199 2 2 5 1 6598 4111 6797
12200 2 2 5 1 403 3820 7055
12201 2 2 5 1 438 404 7055
12202 2 2 5 1 251 446 7062
12203 2 2 5 1 4787 4279 7305
12204 2 2 5 1 5190 1018 7544
12205 2 2 5 1 3939 6267 6670
12206 2 2 5 1 2112 2111 2114
12207 2 2 5 1 412 411 7099
12208 2 2 5 1 3979 3869 6482
12209 2 2 5 1 6606 4604 7153
12210 2 2 5 1 4544 6564 6848
12211 2 2 5 1 2729 2727 6671
12212 2 2 5 1 3528 3532 7121
12213 2 2 5 1 5016 1033 7353
12214 2 2 5 1 6608 557 6734
12215 2 2 5 1 1424 1403 7120
12216 2 2 5 1 2115 2114 2116
12217 2 2 5 1 2310 6669 7694
12218 2 2 5 1 416 415 7112
12219 2 2 5 1 936 937 938
12220 2 2 5 1 1443 7446 7724
12221 2 2 5 1 2053 4239 7127
12222 2 2 5 1 4894 5134 7129
12223 2 2 5 1 4607 7198 7219
12224 2 2 5 1 4092 4300 4301
12225 2 2 5 1 4482 4474 6761
12226 2 2 5 1 6406 213 7089
12227 2 2 5 1 296 295 6672
12228 2 2 5 1 2597 2598 2599
12229 2 2 5 1 2684 2682 6678
12230 2 2 5 1 4747 4750 7137
12231 2 2 5 1 54 523 7138
12232 2 2 5 1 495 53 7138
12233 2 2 5 1 97 502 7139
12234 2 2 5 1 522 96 7139
12235 2 2 5 1 1961 7072 7569
12236 2 2 5 1 6445 4187 7111
12237 2 2 5 1 4938 564 7279
12238 2 2 5 1 5010 5043 6679
12239 2 2 5 1 1444 6849 7269
12240 2 2 5 1 3099 3100 3101
12241 2 2 5 1 4832 2831 7691
12242 2 2 5 1 5490 5523 7318
12243 2 2 5 1 3206 3203 7150
12244 2 2 5 1 4775 2778 7659
12245 2 2 5 1 4425 6262 7151
12246 2 2 5 1 2103 1864 4250
12247 2 2 5 1 470 103 7152
12248 2 2 5 1 104 500 7152
12249 2 2 5 1 3951 3952 7154
12250 2 2 5 1 212 2328 7089
12251 2 2 5 1 9 488 7155
12252 2 2 5 1 520 8 7155
12253 2 2 5 1 2934 6749 6750
12254 2 2 5 1 454 34 7161
12255 2 2 5 1 505 115 7162
12256 2 2 5 1 116 453 7162
12257 2 2 5 1 3719 4118 7163
12258 2 2 5 1 895 4692 7268
12259 2 2 5 1 7266 932 7305
12260 2 2 5 1 4851 4244 6736
12261 2 2 5 1 3960 6538 6624
12262 2 2 5 1 102 470 7165
12263 2 2 5 1 905 183 7096
12264 2 2 5 1 4579 5926 7166
12265 2 2 5 1 2779 964 7157
12266 2 2 5 1 3054 2894 7167
12267 2 2 5 1 460 127 7169
12268 2 2 5 1 128 506 7169
12269 2 2 5 1 23 459 7168
12270 2 2 5 1 4162 6515 6646
12271 2 2 5 1 135 507 7173
12272 2 2 5 1 458 134 7173
12273 2 2 5 1 512 15 7174
12274 2 2 5 1 16 457 7174
12275 2 2 5 1 4355 4352 6680
12276 2 2 5 1 2586 2584 7713
12277 2 2 5 1 5592 108 7175
12278 2 2 5 1 109 501 7175
12279 2 2 5 1 3178 3179 3256
12280 2 2 5 1 4972 4968 7178
12281 2 2 5 1 4405 4404 6847
12282 2 2 5 1 3509 6563 6638
12283 2 2 5 1 2400 4512 7326
12284 2 2 5 1 3720 3675 3752
12285 2 2 5 1 4324 5193 7187
12286 2 2 5 1 5231 3049 7189
12287 2 2 5 1 2934 6155 6749
12288 2 2 5 1 3963 3965 6682
12289 2 2 5 1 1983 5515 6686
12290 2 2 5 1 4410 6894 7364
12291 2 2 5 1 3066 6512 6740
12292 2 2 5 1 2567 6455 6960
12293 2 2 5 1 5029 5030 6685
12294 2 2 5 1 953 4814 6716
12295 2 2 5 1 1021 6531 6976
12296 2 2 5 1 4744 7193 7194
12297 2 2 5 1 4622 4817 7212
12298 2 2 5 1 348 1022 7141
12299 2 2 5 1 4209 6730 6824
12300 2 2 5 1 3131 3071 7501
12301 2 2 5 1 1028 349 7141
12302 2 2 5 1 3101 3102 3103
12303 2 2 5 1 225 224 7195
12304 2 2 5 1 1331 1316 1332
12305 2 2 5 1 6986 3706 7216
12306 2 2 5 1 1008 6452 7584
12307 2 2 5 1 4597 4598 7373
12308 2 2 5 1 3676 3068 4927
12309 2 2 5 1 3546 6685 7019
12310 2 2 5 1 4344 3967 7540
12311 2 2 5 1 3059 6804 7075
12312 2 2 5 1 6584 438 7320
12313 2 2 5 1 6498 5069 7689
12314 2 2 5 1 5054 5055 7172
12315 2 2 5 1 4762 3301 7235
12316 2 2 5 1 3370 3159 7239
12317 2 2 5 1 3157 3513 7239
12318 2 2 5 1 488 10 7243
12319 2 2 5 1 11 5957 7243
12320 2 2 5 1 6587 2066 7571
12321 2 2 5 1 6005 6497 7189
12322 2 2 5 1 4959 1020 7277
12323 2 2 5 1 4030 7080 7136
12324 2 2 5 1 6506 4463 6724
12325 2 2 5 1 5069 5068 7246
12326 2 2 5 1 4953 7045 7544
12327 2 2 5 1 3723 3762 7251
12328 2 2 5 1 4028 5100 7251
12329 2 2 5 1 997 320 7409
12330 2 2 5 1 6531 4054 6976
12331 2 2 5 1 6113 4631 7255
12332 2 2 5 1 5366 2028 7257
12333 2 2 5 1 4694 993 4745
12334 2 2 5 1 3532 5244 7521
12335 2 2 5 1 6103 3229 7261
12336 2 2 5 1 6672 999 7151
12337 2 2 5 1 2848 2856 7092
12338 2 2 5 1 4883 4886 6744
12339 2 2 5 1 4333 6463 6693
12340 2 2 5 1 4809 3709 6841
12341 2 2 5 1 507 5545 7039
12342 2 2 5 1 5974 512 7038
12343 2 2 5 1 2482 7492 7534
12344 2 2 5 1 4123 4126 6977
12345 2 2 5 1 4545 4546 4909
12346 2 2 5 1 1368 6581 7462
12347 2 2 5 1 3297 3298 3299
12348 2 2 5 1 3103 3104 3105
12349 2 2 5 1 4226 2005 7040
12350 2 2 5 1 3722 3755 6691
12351 2 2 5 1 4839 4415 7703
12352 2 2 5 1 6488 5061 6662
12353 2 2 5 1 4644 5051 6957
12354 2 2 5 1 6686 6963 7579
12355 2 2 5 1 6401 201 7220
12356 2 2 5 1 4131 4134 6979
12357 2 2 5 1 4809 6841 6898
12358 2 2 5 1 1646 4902 7041
12359 2 2 5 1 4900 4281 6742
12360 2 2 5 1 7037 4685 7295
12361 2 2 5 1 4309 4802 7549
12362 2 2 5 1 1407 1411 7292
12363 2 2 5 1 3256 3257 3284
12364 2 2 5 1 1682 1680 6708
12365 2 2 5 1 3417 6082 6695
12366 2 2 5 1 6213 2696 7256
12367 2 2 5 1 1416 7095 7107
12368 2 2 5 1 200 2404 7220
12369 2 2 5 1 775 1818 6673
12370 2 2 5 1 5125 5124 7343
12371 2 2 5 1 2055 5050 7322
12372 2 2 5 1 4214 5144 7643
12373 2 2 5 1 5174 4172 7312
12374 2 2 5 1 4336 4084 7317
12375 2 2 5 1 5842 4742 7318
12376 2 2 5 1 5523 1759 7318
12377 2 2 5 1 3678 3954 7319
12378 2 2 5 1 725 342 7274
12379 2 2 5 1 2528 2526 6469
12380 2 2 5 1 6140 6139 7320
12381 2 2 5 1 4641 7254 7403
12382 2 2 5 1 6082 6638 6695
12383 2 2 5 1 4411 4681 7069
12384 2 2 5 1 1785 1783 6640
12385 2 2 5 1 5636 1666 6697
12386 2 2 5 1 4031 4030 4316
12387 2 2 5 1 4237 5901 7336
12388 2 2 5 1 3772 4552 7336
12389 2 2 5 1 5299 4114 7071
12390 2 2 5 1 4116 5501 7070
12391 2 2 5 1 4512 2400 7561
12392 2 2 5 1 7172 5055 7363
12393 2 2 5 1 4740 4095 6941
12394 2 2 5 1 3105 3106 3107
12395 2 2 5 1 4346 6570 7121
12396 2 2 5 1 5056 6747 7127
12397 2 2 5 1 4194 1967 4195
12398 2 2 5 1 3968 5162 6699
12399 2 2 5 1 4798 4330 6772
12400 2 2 5 1 4816 1231 7242
12401 2 2 5 1 4361 4362 4363
12402 2 2 5 1 3693 4081 6514
12403 2 2 5 1 938 939 940
12404 2 2 5 1 142 521 7359
12405 2 2 5 1 487 141 7359
12406 2 2 5 1 927 926 928
12407 2 2 5 1 6665 4476 6761
12408 2 2 5 1 2876 1976 7363
12409 2 2 5 1 4363 4364 4366
12410 2 2 5 1 1996 6361 6796
12411 2 2 5 1 6039 6724 7020
12412 2 2 5 1 2383 2366 2582
12413 2 2 5 1 1410 1406 6706
12414 2 2 5 1 2035 2033 7234
12415 2 2 5 1 5053 4980 7454
12416 2 2 5 1 3616 3615 3617
12417 2 2 5 1 4720 4719 7253
12418 2 2 5 1 3038 2647 3039
12419 2 2 5 1 4366 4367 4369
12420 2 2 5 1 1778 1772 6588
12421 2 2 5 1 6517 4051 7045
12422 2 2 5 1 6713 4792 7487
12423 2 2 5 1 6439 3998 6561
12424 2 2 5 1 3327 3321 6709
12425 2 2 5 1 6244 5982 7390
12426 2 2 5 1 6848 548 6970
12427 2 2 5 1 6142 6141 6472
12428 2 2 5 1 3737 4024 6461
12429 2 2 5 1 6026 3839 7399
12430 2 2 5 1 4408 6702 6703
12431 2 2 5 1 4369 4370 4371
12432 2 2 5 1 6563 4002 6638
12433 2 2 5 1 2415 6371 7401
12434 2 2 5 1 4692 4349 7268
12435 2 2 5 1 5157 7534 7565
12436 2 2 5 1 1339 1458 6713
12437 2 2 5 1 1229 1230 1309
12438 2 2 5 1 1450 1470 7412
12439 2 2 5 1 1841 1452 7412
12440 2 2 5 1 4371 4372 4373
12441 2 2 5 1 6565 3962 6972
12442 2 2 5 1 4482 6761 6899
12443 2 2 5 1 2900 1679 7116
12444 2 2 5 1 4591 6993 7402
12445 2 2 5 1 55 2 7422
12446 2 2 5 1 2 56 7422
12447 2 2 5 1 4 144 7424
12448 2 2 5 1 94 3 7423
12449 2 2 5 1 3 95 7423
12450 2 2 5 1 143 4 7424
12451 2 2 5 1 182 1 7425
12452 2 2 5 1 1 7 7425
12453 2 2 5 1 1426 1430 7724
12454 2 2 5 1 3117 4794 7376
12455 2 2 5 1 2107 2103 6589
12456 2 2 5 1 4139 6666 6799
12457 2 2 5 1 3067 3068 3676
12458 2 2 5 1 3187 3186 7433
12459 2 2 5 1 4470 4472 7434
12460 2 2 5 1 6917 4336 7099
12461 2 2 5 1 6993 6601 7402
12462 2 2 5 1 5238 4205 7435
12463 2 2 5 1 264 263 6711
12464 2 2 5 1 3740 3741 7132
12465 2 2 5 1 4393 6559 6992
12466 2 2 5 1 1447 1649 6715
12467 2 2 5 1 6138 2567 7703
12468 2 2 5 1 4415 2674 7703
12469 2 2 5 1 4373 4374 4375
12470 2 2 5 1 5489 5492 7437
12471 2 2 5 1 1888 1887 7695
12472 2 2 5 1 6272 5070 6716
12473 2 2 5 1 3107 3108 3114
12474 2 2 5 1 7417 4651 7514
12475 2 2 5 1 2784 6641 7715
12476 2 2 5 1 2581 2580 2654
12477 2 2 5 1 4359 4360 4361
12478 2 2 5 1 6745 4335 7397
12479 2 2 5 1 4375 4376 4377
12480 2 2 5 1 3284 3285 3291
12481 2 2 5 1 459 5969 7023
12482 2 2 5 1 5558 460 7022
12483 2 2 5 1 3208 3206 7667
12484 2 2 5 1 3937 4419 7663
12485 2 2 5 1 4069 4076 7458
12486 2 2 5 1 2739 4213 7660
12487 2 2 5 1 3047 3045 6919
12488 2 2 5 1 4661 4660 6918
12489 2 2 5 1 911 912 913
12490 2 2 5 1 4501 6410 7358
12491 2 2 5 1 6403 448 6710
12492 2 2 5 1 435 434 7429
12493 2 2 5 1 2897 4791 7040
12494 2 2 5 1 6260 4503 7640
12495 2 2 5 1 1456 1484 7475
12496 2 2 5 1 1454 1453 7475
12497 2 2 5 1 3654 3655 3656
12498 2 2 5 1 6635 3110 7436
12499 2 2 5 1 4422 4386 7214
12500 2 2 5 1 192 443 7355
12501 2 2 5 1 4332 4333 7451
12502 2 2 5 1 4226 4791 7416
12503 2 2 5 1 4802 6753 6755
12504 2 2 5 1 5039 2786 7453
12505 2 2 5 1 1411 1414 7619
12506 2 2 5 1 6049 6289 7618
12507 2 2 5 1 1534 6667 6971
12508 2 2 5 1 4401 4848 7490
12509 2 2 5 1 3707 3307 6769
12510 2 2 5 1 3513 3155 7606
12511 2 2 5 1 3153 3371 7606
12512 2 2 5 1 2712 4186 7605
12513 2 2 5 1 5303 5304 7498
12514 2 2 5 1 4085 3753 4590
12515 2 2 5 1 2519 4931 7140
12516 2 2 5 1 6623 2883 7003
12517 2 2 5 1 2075 1965 7503
12518 2 2 5 1 4305 4705 4779
12519 2 2 5 1 2798 6399 7391
12520 2 2 5 1 4416 6295 7585
12521 2 2 5 1 4680 6945 6979
12522 2 2 5 1 4576 4770 7542
12523 2 2 5 1 6192 3732 7531
12524 2 2 5 1 407 406 7709
12525 2 2 5 1 3846 3848 7576
12526 2 2 5 1 1443 1442 7575
12527 2 2 5 1 1449 6024 7575
12528 2 2 5 1 4843 4732 7161
12529 2 2 5 1 4215 1883 7573
12530 2 2 5 1 4327 6624 6769
12531 2 2 5 1 4738 7186 7651
12532 2 2 5 1 391 3059 7381
12533 2 2 5 1 3141 6541 7133
12534 2 2 5 1 4185 6542 7087
12535 2 2 5 1 3346 3616 6475
12536 2 2 5 1 1964 6466 7439
12537 2 2 5 1 3299 3300 3303
12538 2 2 5 1 5055 1372 7461
12539 2 2 5 1 4386 4390 7158
12540 2 2 5 1 418 417 6720
12541 2 2 5 1 487 4889 7260
12542 2 2 5 1 121 455 7201
12543 2 2 5 1 3376 3378 4008
12544 2 2 5 1 3042 6422 7512
12545 2 2 5 1 253 252 7552
12546 2 2 5 1 2750 2612 6741
12547 2 2 5 1 393 392 7494
12548 2 2 5 1 4463 4462 6724
12549 2 2 5 1 378 377 6722
12550 2 2 5 1 2068 4196 4197
12551 2 2 5 1 6380 1408 6951
12552 2 2 5 1 7085 4561 7457
12553 2 2 5 1 7454 4980 7618
12554 2 2 5 1 6534 3206 7150
12555 2 2 5 1 2326 208 7432
12556 2 2 5 1 2583 2582 2584
12557 2 2 5 1 3114 3115 4744
12558 2 2 5 1 4214 3844 7042
12559 2 2 5 1 1029 5008 7505
12560 2 2 5 1 4560 6028 7722
12561 2 2 5 1 4385 7021 7323
12562 2 2 5 1 1678 1676 1680
12563 2 2 5 1 1473 7005 7513
12564 2 2 5 1 4195 1967 6659
12565 2 2 5 1 363 5022 7639
12566 2 2 5 1 1037 364 7639
12567 2 2 5 1 6430 3674 6726
12568 2 2 5 1 2032 2031 2033
12569 2 2 5 1 1423 1422 6729
12570 2 2 5 1 1967 1984 6659
12571 2 2 5 1 2497 2570 6730
12572 2 2 5 1 4286 7060 7061
12573 2 2 5 1 395 6622 6909
12574 2 2 5 1 428 437 6925
12575 2 2 5 1 3651 3653 3654
12576 2 2 5 1 433 1793 7632
12577 2 2 5 1 6568 4589 7225
12578 2 2 5 1 446 250 7589
12579 2 2 5 1 249 1471 7589
12580 2 2 5 1 405 438 7483
12581 2 2 5 1 6662 5061 6888
12582 2 2 5 1 2585 2584 2586
12583 2 2 5 1 384 383 6728
12584 2 2 5 1 3058 385 7524
12585 2 2 5 1 4209 6582 6730
12586 2 2 5 1 207 6440 7432
12587 2 2 5 1 3727 6662 6888
12588 2 2 5 1 1400 6493 7120
12589 2 2 5 1 4791 1477 7416
12590 2 2 5 1 341 340 6731
12591 2 2 5 1 557 554 6734
12592 2 2 5 1 2010 2008 4208
12593 2 2 5 1 940 941 942
12594 2 2 5 1 4910 6430 6726
12595 2 2 5 1 1583 1580 6735
12596 2 2 5 1 4092 4049 4300
12597 2 2 5 1 6 436 6732
12598 2 2 5 1 2655 5192 6797
12599 2 2 5 1 4461 4467 4652
12600 2 2 5 1 4050 6454 7075
12601 2 2 5 1 3117 6929 7443
12602 2 2 5 1 2587 2586 2588
12603 2 2 5 1 5162 5161 7126
12604 2 2 5 1 3291 3292 4766
12605 2 2 5 1 3870 6393 6953
12606 2 2 5 1 3417 6695 6807
12607 2 2 5 1 3782 3969 6555
12608 2 2 5 1 4211 4209 6824
12609 2 2 5 1 1772 1533 6588
12610 2 2 5 1 4598 4820 7374
12611 2 2 5 1 2759 2758 2929
12612 2 2 5 1 5319 6649 7482
12613 2 2 5 1 6440 6063 7432
12614 2 2 5 1 2726 6702 7270
12615 2 2 5 1 310 992 7322
12616 2 2 5 1 4232 4761 7051
12617 2 2 5 1 6564 548 6848
12618 2 2 5 1 4055 6298 6743
12619 2 2 5 1 2589 2588 2591
12620 2 2 5 1 1325 6750 7698
12621 2 2 5 1 1455 1841 6744
12622 2 2 5 1 2706 6502 7488
12623 2 2 5 1 3592 3516 3593
12624 2 2 5 1 2543 2542 6784
12625 2 2 5 1 6488 3909 6712
12626 2 2 5 1 3789 3788 3981
12627 2 2 5 1 6526 2320 7246
12628 2 2 5 1 1871 1977 6746
12629 2 2 5 1 4262 6498 7210
12630 2 2 5 1 4876 6496 7105
12631 2 2 5 1 4162 2776 6762
12632 2 2 5 1 2536 6395 7256
12633 2 2 5 1 2600 2602 2605
12634 2 2 5 1 307 306 6745
12635 2 2 5 1 6406 4417 7585
12636 2 2 5 1 2668 2667 2669
12637 2 2 5 1 4476 4478 6761
12638 2 2 5 1 6090 2448 6763
12639 2 2 5 1 4118 4117 7329
12640 2 2 5 1 6670 6267 6917
12641 2 2 5 1 1215 1967 4194
12642 2 2 5 1 2030 2031 2032
12643 2 2 5 1 2109 2107 2110
12644 2 2 5 1 3860 3862 3999
12645 2 2 5 1 1350 1332 1351
12646 2 2 5 1 4499 4852 6737
12647 2 2 5 1 4664 4661 6918
12648 2 2 5 1 3045 4629 6919
12649 2 2 5 1 1850 1862 2076
12650 2 2 5 1 429 428 6925
12651 2 2 5 1 5192 6598 6797
12652 2 2 5 1 5016 7353 7665
12653 2 2 5 1 6481 3258 6997
12654 2 2 5 1 4330 4345 6772
12655 2 2 5 1 2793 413 6752
12656 2 2 5 1 2845 6601 7697
12657 2 2 5 1 4304 6526 7246
12658 2 2 5 1 3656 6461 7610
12659 2 2 5 1 453 5557 6996
12660 2 2 5 1 2819 2818 2820
12661 2 2 5 1 4814 952 7493
12662 2 2 5 1 7079 1970 7232
12663 2 2 5 1 4582 4425 7491
12664 2 2 5 1 4447 4449 6545
12665 2 2 5 1 1410 6706 6849
12666 2 2 5 1 2734 7077 7232
12667 2 2 5 1 4484 4482 6899
12668 2 2 5 1 2959 2754 6766
12669 2 2 5 1 5302 6587 7571
12670 2 2 5 1 4848 4403 7472
12671 2 2 5 1 867 4897 6958
12672 2 2 5 1 335 334 6765
12673 2 2 5 1 6544 2805 7438
12674 2 2 5 1 3636 3634 3637
12675 2 2 5 1 3303 3304 3917
12676 2 2 5 1 6591 1375 7641
12677 2 2 5 1 1556 1558 6768
12678 2 2 5 1 4740 6941 7013
12679 2 2 5 1 2720 4334 4833
12680 2 2 5 1 4599 1785 4924
12681 2 2 5 1 2526 6130 6469
12682 2 2 5 1 2854 2859 6434
12683 2 2 5 1 6570 3527 7121
12684 2 2 5 1 3721 3720 6782
12685 2 2 5 1 2472 2466 6771
12686 2 2 5 1 3206 6534 7667
12687 2 2 5 1 2652 2653 2741
12688 2 2 5 1 1656 6703 7637
12689 2 2 5 1 6730 2570 6824
12690 2 2 5 1 6762 2776 6846
12691 2 2 5 1 6486 5034 7569
12692 2 2 5 1 5305 471 6776
12693 2 2 5 1 4148 4147 4149
12694 2 2 5 1 6495 4447 6545
12695 2 2 5 1 4035 6677 7445
12696 2 2 5 1 548 5015 6970
12697 2 2 5 1 1396 1398 1399
12698 2 2 5 1 7078 1432 7377
12699 2 2 5 1 2555 2554 2556
12700 2 2 5 1 6973 3065 6974
12701 2 2 5 1 5008 5007 6792
12702 2 2 5 1 4111 4112 6797
12703 2 2 5 1 5005 4899 7084
12704 2 2 5 1 4784 5005 7084
12705 2 2 5 1 4397 2872 7408
12706 2 2 5 1 2306 1388 6775
12707 2 2 5 1 3655 3737 6461
12708 2 2 5 1 6460 1427 7328
12709 2 2 5 1 5997 3499 7214
12710 2 2 5 1 1677 1676 1678
12711 2 2 5 1 6836 945 6838
12712 2 2 5 1 4828 2826 6472
12713 2 2 5 1 6704 950 7431
12714 2 2 5 1 4107 4106 4835
12715 2 2 5 1 2291 4599 6781
12716 2 2 5 1 2832 6841 7236
12717 2 2 5 1 2400 7313 7561
12718 2 2 5 1 7573 4943 7614
12719 2 2 5 1 2873 4139 6799
12720 2 2 5 1 4521 6484 7195
12721 2 2 5 1 246 245 6779
12722 2 2 5 1 6768 1558 6805
12723 2 2 5 1 2387 6522 7044
12724 2 2 5 1 2798 7391 7580
12725 2 2 5 1 4307 4939 6994
12726 2 2 5 1 4728 6074 7035
12727 2 2 5 1 2552 2543 6784
12728 2 2 5 1 6348 3908 6789
12729 2 2 5 1 4615 898 7170
12730 2 2 5 1 1206 1205 1208
12731 2 2 5 1 4005 4176 4177
12732 2 2 5 1 4353 6151 7513
12733 2 2 5 1 1827 1776 7248
12734 2 2 5 1 3860 3859 3862
12735 2 2 5 1 6641 3060 7244
12736 2 2 5 1 3972 5160 6791
12737 2 2 5 1 6939 3174 7447
12738 2 2 5 1 6686 5515 6963
12739 2 2 5 1 4995 4324 6792
12740 2 2 5 1 2852 2849 4786
12741 2 2 5 1 4786 2827 7180
12742 2 2 5 1 3882 3883 7080
12743 2 2 5 1 917 916 918
12744 2 2 5 1 2930 6511 7500
12745 2 2 5 1 7186 1405 7651
12746 2 2 5 1 6552 1627 6853
12747 2 2 5 1 4933 785 6920
12748 2 2 5 1 1882 1833 6798
12749 2 2 5 1 4430 4934 7597
12750 2 2 5 1 4268 7238 7708
12751 2 2 5 1 942 943 951
12752 2 2 5 1 2717 4184 4625
12753 2 2 5 1 4150 4149 4151
12754 2 2 5 1 5293 6821 6882
12755 2 2 5 1 6813 2767 6877
12756 2 2 5 1 6812 2886 6878
12757 2 2 5 1 6814 1810 6880
12758 2 2 5 1 6815 4274 6881
12759 2 2 5 1 5287 6817 6873
12760 2 2 5 1 468 6818 6874
12761 2 2 5 1 6816 4276 6879
12762 2 2 5 1 449 6820 6875
12763 2 2 5 1 475 6819 6876
12764 2 2 5 1 4859 2079 7631
12765 2 2 5 1 6498 2405 7210
12766 2 2 5 1 6737 2613 6981
12767 2 2 5 1 6513 2536 7256
12768 2 2 5 1 929 6787 7658
12769 2 2 5 1 1558 1560 6805
12770 2 2 5 1 2600 2605 4896
12771 2 2 5 1 6418 3546 7019
12772 2 2 5 1 5338 6822 6882
12773 2 2 5 1 3414 3417 6807
12774 2 2 5 1 6753 4803 6754
12775 2 2 5 1 2592 2591 2593
12776 2 2 5 1 5388 5412 6916
12777 2 2 5 1 4155 4086 6808
12778 2 2 5 1 4249 4994 7404
12779 2 2 5 1 5094 4145 6809
12780 2 2 5 1 4152 4151 4153
12781 2 2 5 1 390 389 6804
12782 2 2 5 1 3764 4155 7111
12783 2 2 5 1 494 6811 6812
12784 2 2 5 1 494 81 6811
12785 2 2 5 1 5283 494 6812
12786 2 2 5 1 5287 493 6813
12787 2 2 5 1 5293 5291 6814
12788 2 2 5 1 511 69 6815
12789 2 2 5 1 485 60 6816
12790 2 2 5 1 5331 2950 6817
12791 2 2 5 1 2768 4273 6818
12792 2 2 5 1 5964 5292 6822
12793 2 2 5 1 2770 4276 6819
12794 2 2 5 1 2772 4274 6820
12795 2 2 5 1 5935 2259 6821
12796 2 2 5 1 2743 2742 2744
12797 2 2 5 1 3622 6490 7496
12798 2 2 5 1 4376 4769 7338
12799 2 2 5 1 1202 1322 6850
12800 2 2 5 1 231 230 6810
12801 2 2 5 1 6761 4478 6899
12802 2 2 5 1 4934 998 7597
12803 2 2 5 1 6630 6629 7064
12804 2 2 5 1 4386 7158 7214
12805 2 2 5 1 2376 6510 6656
12806 2 2 5 1 6619 4500 7536
12807 2 2 5 1 1476 1310 7271
12808 2 2 5 1 7313 4248 7561
12809 2 2 5 1 5498 5499 7168
12810 2 2 5 1 1185 1186 6643
12811 2 2 5 1 3387 3691 6823
12812 2 2 5 1 6955 2737 7599
12813 2 2 5 1 2570 5256 6824
12814 2 2 5 1 5322 496 6963
12815 2 2 5 1 6840 4385 7323
12816 2 2 5 1 7047 4178 7285
12817 2 2 5 1 6637 4045 7046
12818 2 2 5 1 6660 4162 6762
12819 2 2 5 1 2067 2138 6828
12820 2 2 5 1 6970 5015 7063
12821 2 2 5 1 444 6406 7585
12822 2 2 5 1 6502 2706 7692
12823 2 2 5 1 6373 6417 6827
12824 2 2 5 1 2008 1822 2009
12825 2 2 5 1 282 281 6825
12826 2 2 5 1 3716 3717 6842
12827 2 2 5 1 4201 4684 6956
12828 2 2 5 1 6617 4042 7426
12829 2 2 5 1 4802 4391 4803
12830 2 2 5 1 4702 6502 7692
12831 2 2 5 1 2790 4312 6794
12832 2 2 5 1 3175 7133 7716
12833 2 2 5 1 2943 4512 7561
12834 2 2 5 1 6728 6119 7524
12835 2 2 5 1 1863 1870 6547
12836 2 2 5 1 4143 4142 4283
12837 2 2 5 1 2688 4931 7275
12838 2 2 5 1 2333 2332 2334
12839 2 2 5 1 2801 2857 2858
12840 2 2 5 1 6484 447 7195
12841 2 2 5 1 455 122 7240
12842 2 2 5 1 4141 2576 4142
12843 2 2 5 1 6536 2740 6747
12844 2 2 5 1 877 878 879
12845 2 2 5 1 2725 1804 2726
12846 2 2 5 1 6108 4317 6723
12847 2 2 5 1 438 6584 7483
12848 2 2 5 1 6958 4898 7503
12849 2 2 5 1 6718 4301 7081
12850 2 2 5 1 3377 3379 3515
12851 2 2 5 1 5186 1534 6971
12852 2 2 5 1 4180 2646 4854
12853 2 2 5 1 4537 4539 6848
12854 2 2 5 1 4104 2721 4580
12855 2 2 5 1 5295 495 6949
12856 2 2 5 1 502 5567 6950
12857 2 2 5 1 7262 7465 7679
12858 2 2 5 1 1413 1410 6849
12859 2 2 5 1 566 4932 7393
12860 2 2 5 1 5225 5226 7656
12861 2 2 5 1 418 6720 6966
12862 2 2 5 1 2032 2034 6991
12863 2 2 5 1 1205 6684 6764
12864 2 2 5 1 6854 517 6886
12865 2 2 5 1 516 6864 6885
12866 2 2 5 1 3998 6900 7258
12867 2 2 5 1 5250 1514 5251
12868 2 2 5 1 4733 4843 7227
12869 2 2 5 1 6860 5283 6878
12870 2 2 5 1 6870 511 6881
12871 2 2 5 1 6863 485 6879
12872 2 2 5 1 6739 2384 7016
12873 2 2 5 1 6574 4409 7627
12874 2 2 5 1 2058 6556 6747
12875 2 2 5 1 4554 7367 7392
12876 2 2 5 1 5008 6605 7505
12877 2 2 5 1 4467 6344 7048
12878 2 2 5 1 6861 5709 6862
12879 2 2 5 1 5285 6861 6862
12880 2 2 5 1 6854 2766 6855
12881 2 2 5 1 5281 6854 6855
12882 2 2 5 1 6865 5973 6866
12883 2 2 5 1 5323 6865 6866
12884 2 2 5 1 5281 517 6854
12885 2 2 5 1 6858 2949 6859
12886 2 2 5 1 6855 2951 6856
12887 2 2 5 1 6856 5347 6857
12888 2 2 5 1 6857 2974 6858
12889 2 2 5 1 5797 1988 6860
12890 2 2 5 1 5347 2974 6857
12891 2 2 5 1 2766 2951 6855
12892 2 2 5 1 2951 5347 6856
12893 2 2 5 1 2974 2949 6858
12894 2 2 5 1 2949 2767 6859
12895 2 2 5 1 5338 2773 6872
12896 2 2 5 1 5285 5284 6861
12897 2 2 5 1 5709 1810 6862
12898 2 2 5 1 2773 5475 6871
12899 2 2 5 1 2773 6871 6872
12900 2 2 5 1 5456 2771 6870
12901 2 2 5 1 2771 2953 6869
12902 2 2 5 1 6867 5972 6868
12903 2 2 5 1 2771 6869 6870
12904 2 2 5 1 6866 508 6867
12905 2 2 5 1 5972 469 6868
12906 2 2 5 1 508 5972 6867
12907 2 2 5 1 5323 2952 6865
12908 2 2 5 1 5973 508 6866
12909 2 2 5 1 5961 6863 6864
12910 2 2 5 1 5961 485 6863
12911 2 2 5 1 516 5961 6864
12912 2 2 5 1 2948 2766 6854
12913 2 2 5 1 486 5281 6855
12914 2 2 5 1 486 6855 6856
12915 2 2 5 1 5309 486 6856
12916 2 2 5 1 5309 6856 6857
12917 2 2 5 1 474 5310 6858
12918 2 2 5 1 5310 6857 6858
12919 2 2 5 1 5310 5309 6857
12920 2 2 5 1 474 6858 6859
12921 2 2 5 1 5280 474 6859
12922 2 2 5 1 5284 5283 6860
12923 2 2 5 1 1988 5709 6861
12924 2 2 5 1 5289 5285 6862
12925 2 2 5 1 5852 2769 6863
12926 2 2 5 1 6863 2769 6864
12927 2 2 5 1 2769 2954 6864
12928 2 2 5 1 5778 6867 6868
12929 2 2 5 1 4275 5323 6866
12930 2 2 5 1 5778 4275 6867
12931 2 2 5 1 2953 5778 6868
12932 2 2 5 1 4275 6866 6867
12933 2 2 5 1 475 5973 6865
12934 2 2 5 1 469 5975 6869
12935 2 2 5 1 6869 5975 6870
12936 2 2 5 1 5975 511 6870
12937 2 2 5 1 449 5976 6871
12938 2 2 5 1 6871 5976 6872
12939 2 2 5 1 5976 509 6872
12940 2 2 5 1 2953 6868 6869
12941 2 2 5 1 6868 469 6869
12942 2 2 5 1 5284 6860 6861
12943 2 2 5 1 6860 1988 6861
12944 2 2 5 1 2899 1679 2900
12945 2 2 5 1 1583 6735 6975
12946 2 2 5 1 5797 6860 6878
12947 2 2 5 1 5456 6870 6881
12948 2 2 5 1 5852 6863 6879
12949 2 2 5 1 6090 6763 6955
12950 2 2 5 1 468 5286 6873
12951 2 2 5 1 82 83 6874
12952 2 2 5 1 70 71 6875
12953 2 2 5 1 61 62 6876
12954 2 2 5 1 1986 2125 6877
12955 2 2 5 1 5422 5797 6878
12956 2 2 5 1 1280 1281 6880
12957 2 2 5 1 2888 5852 6879
12958 2 2 5 1 2887 5456 6881
12959 2 2 5 1 6649 5320 7602
12960 2 2 5 1 2948 6854 6886
12961 2 2 5 1 6864 2954 6885
12962 2 2 5 1 6888 7430 7556
12963 2 2 5 1 4005 4003 4176
12964 2 2 5 1 2648 2566 2880
12965 2 2 5 1 4461 4652 4653
12966 2 2 5 1 2954 4845 6885
12967 2 2 5 1 4846 2948 6886
12968 2 2 5 1 5061 3997 6888
12969 2 2 5 1 5253 1999 7345
12970 2 2 5 1 6745 953 7604
12971 2 2 5 1 1680 6415 6708
12972 2 2 5 1 2018 1827 2026
12973 2 2 5 1 6434 2859 6435
12974 2 2 5 1 4354 4609 6891
12975 2 2 5 1 982 984 1232
12976 2 2 5 1 2602 2604 6437
12977 2 2 5 1 6244 4857 7510
12978 2 2 5 1 4808 3590 7545
12979 2 2 5 1 7459 7275 7680
12980 2 2 5 1 1664 4789 4790
12981 2 2 5 1 7021 3620 7323
12982 2 2 5 1 5324 482 6893
12983 2 2 5 1 3694 3693 6514
12984 2 2 5 1 2599 2600 4896
12985 2 2 5 1 2832 7438 7710
12986 2 2 5 1 6853 4406 7234
12987 2 2 5 1 2626 2715 6130
12988 2 2 5 1 2944 7295 7296
12989 2 2 5 1 1868 4226 7495
12990 2 2 5 1 2340 2334 2341
12991 2 2 5 1 4625 4834 7284
12992 2 2 5 1 2786 6654 7453
12993 2 2 5 1 3917 3304 6543
12994 2 2 5 1 3243 3252 6894
12995 2 2 5 1 923 924 925
12996 2 2 5 1 2745 2744 2746
12997 2 2 5 1 6724 4462 7020
12998 2 2 5 1 2315 2317 6629
12999 2 2 5 1 6645 2908 7088
13000 2 2 5 1 4918 4096 6683
13001 2 2 5 1 4206 7185 7471
13002 2 2 5 1 6835 6834 6836
13003 2 2 5 1 5957 476 6957
13004 2 2 5 1 4786 2847 7273
13005 2 2 5 1 5308 490 6933
13006 2 2 5 1 2782 6985 7324
13007 2 2 5 1 4411 4675 7543
13008 2 2 5 1 7077 4585 7596
13009 2 2 5 1 2858 4173 4174
13010 2 2 5 1 4044 4043 4045
13011 2 2 5 1 1967 1670 1984
13012 2 2 5 1 6542 565 7087
13013 2 2 5 1 2884 6062 6895
13014 2 2 5 1 3368 6039 7020
13015 2 2 5 1 2342 2341 2343
13016 2 2 5 1 2747 2746 2943
13017 2 2 5 1 4550 1963 7280
13018 2 2 5 1 4802 4803 6753
13019 2 2 5 1 2702 2701 7231
13020 2 2 5 1 4110 4107 4835
13021 2 2 5 1 3635 4356 6551
13022 2 2 5 1 1774 1772 1778
13023 2 2 5 1 4089 6439 6561
13024 2 2 5 1 934 7134 7135
13025 2 2 5 1 6342 4053 6959
13026 2 2 5 1 4280 4281 4282
13027 2 2 5 1 4480 4479 4548
13028 2 2 5 1 6496 2078 7105
13029 2 2 5 1 1868 1996 2005
13030 2 2 5 1 1825 1776 1827
13031 2 2 5 1 4478 4729 6899
13032 2 2 5 1 7084 4905 7560
13033 2 2 5 1 6624 3707 6769
13034 2 2 5 1 2687 6127 6901
13035 2 2 5 1 3151 3149 6902
13036 2 2 5 1 4422 7214 7304
13037 2 2 5 1 6510 4480 6656
13038 2 2 5 1 6967 3838 7319
13039 2 2 5 1 309 1191 6892
13040 2 2 5 1 7087 565 7342
13041 2 2 5 1 6702 4407 7270
13042 2 2 5 1 6429 906 7343
13043 2 2 5 1 7472 4831 7542
13044 2 2 5 1 6685 4033 7019
13045 2 2 5 1 882 1215 7104
13046 2 2 5 1 6787 4157 7658
13047 2 2 5 1 906 6386 7343
13048 2 2 5 1 6235 4703 7103
13049 2 2 5 1 1655 4915 7059
13050 2 2 5 1 2737 2659 7599
13051 2 2 5 1 4727 1824 6943
13052 2 2 5 1 2565 2515 2566
13053 2 2 5 1 2713 4144 6653
13054 2 2 5 1 6391 4189 7414
13055 2 2 5 1 3619 4164 6490
13056 2 2 5 1 3809 5211 7285
13057 2 2 5 1 2906 6906 7644
13058 2 2 5 1 4189 4190 7414
13059 2 2 5 1 6392 2536 7681
13060 2 2 5 1 2892 2890 6913
13061 2 2 5 1 3497 6807 7047
13062 2 2 5 1 4207 7183 7184
13063 2 2 5 1 3920 4524 4525
13064 2 2 5 1 2721 2706 7488
13065 2 2 5 1 6680 5055 7461
13066 2 2 5 1 396 395 6909
13067 2 2 5 1 5296 452 6914
13068 2 2 5 1 5298 499 6915
13069 2 2 5 1 500 5500 6916
13070 2 2 5 1 6650 1573 7119
13071 2 2 5 1 725 7274 7668
13072 2 2 5 1 6267 4022 6917
13073 2 2 5 1 4730 2087 7250
13074 2 2 5 1 6074 5125 7035
13075 2 2 5 1 3616 3620 6475
13076 2 2 5 1 479 5587 6919
13077 2 2 5 1 510 5970 6918
13078 2 2 5 1 4432 6782 6783
13079 2 2 5 1 4825 4494 7460
13080 2 2 5 1 6192 3961 7204
13081 2 2 5 1 4026 4233 6920
13082 2 2 5 1 4349 4710 7252
13083 2 2 5 1 4785 6672 7151
13084 2 2 5 1 4427 4426 6921
13085 2 2 5 1 4952 4649 7103
13086 2 2 5 1 5015 1034 7063
13087 2 2 5 1 5509 101 7165
13088 2 2 5 1 915 7135 7356
13089 2 2 5 1 6161 5151 7570
13090 2 2 5 1 140 487 7260
13091 2 2 5 1 3920 3919 4524
13092 2 2 5 1 4049 4047 6616
13093 2 2 5 1 4279 6576 7305
13094 2 2 5 1 6579 1420 6580
13095 2 2 5 1 3747 3746 3748
13096 2 2 5 1 1646 2072 4902
13097 2 2 5 1 1388 1389 6775
13098 2 2 5 1 4095 4740 7270
13099 2 2 5 1 6937 4200 7180
13100 2 2 5 1 6625 193 7355
13101 2 2 5 1 2749 2612 2750
13102 2 2 5 1 4605 6846 7033
13103 2 2 5 1 4537 6848 6970
13104 2 2 5 1 216 215 6923
13105 2 2 5 1 6990 4560 7722
13106 2 2 5 1 1868 2005 4226
13107 2 2 5 1 1208 1205 7247
13108 2 2 5 1 951 980 1216
13109 2 2 5 1 32 33 6926
13110 2 2 5 1 1859 1330 4674
13111 2 2 5 1 4621 5052 6928
13112 2 2 5 1 4156 4910 6726
13113 2 2 5 1 4182 4183 4828
13114 2 2 5 1 4434 2030 6642
13115 2 2 5 1 3130 4651 7464
13116 2 2 5 1 6520 4329 7684
13117 2 2 5 1 1415 1388 2306
13118 2 2 5 1 2701 1963 4550
13119 2 2 5 1 2851 2849 2852
13120 2 2 5 1 2873 6781 7054
13121 2 2 5 1 2825 4874 7216
13122 2 2 5 1 7285 6546 7358
13123 2 2 5 1 1230 6887 7004
13124 2 2 5 1 6122 3380 7590
13125 2 2 5 1 4750 4751 6933
13126 2 2 5 1 5818 2955 6934
13127 2 2 5 1 4291 6710 7410
13128 2 2 5 1 1964 2702 6466
13129 2 2 5 1 2019 4215 6935
13130 2 2 5 1 2917 2900 2918
13131 2 2 5 1 948 4779 6714
13132 2 2 5 1 2906 6596 7316
13133 2 2 5 1 930 928 931
13134 2 2 5 1 2109 2110 2111
13135 2 2 5 1 6752 4336 7317
13136 2 2 5 1 2832 7236 7438
13137 2 2 5 1 4495 7262 7679
13138 2 2 5 1 4649 6235 7103
13139 2 2 5 1 6632 4118 7329
13140 2 2 5 1 3173 3167 6939
13141 2 2 5 1 3339 3338 6930
13142 2 2 5 1 4603 4962 7668
13143 2 2 5 1 4799 4656 6924
13144 2 2 5 1 6307 6308 7085
13145 2 2 5 1 4338 4339 7117
13146 2 2 5 1 1428 4939 7097
13147 2 2 5 1 4616 7229 7725
13148 2 2 5 1 4207 6777 7183
13149 2 2 5 1 3116 6535 7230
13150 2 2 5 1 209 2326 6931
13151 2 2 5 1 2941 6994 6995
13152 2 2 5 1 1309 1310 1476
13153 2 2 5 1 2308 4676 6669
13154 2 2 5 1 4820 4038 7374
13155 2 2 5 1 4449 4466 6545
13156 2 2 5 1 6129 3764 7111
13157 2 2 5 1 7534 4232 7565
13158 2 2 5 1 4081 6161 6162
13159 2 2 5 1 4693 3919 6410
13160 2 2 5 1 4873 7233 7408
13161 2 2 5 1 6732 4332 7451
13162 2 2 5 1 1794 430 6938
13163 2 2 5 1 3702 3704 6944
13164 2 2 5 1 4250 1864 6547
13165 2 2 5 1 2791 2790 6794
13166 2 2 5 1 7578 7006 7621
13167 2 2 5 1 900 944 7208
13168 2 2 5 1 5114 4197 6796
13169 2 2 5 1 1771 1772 1773
13170 2 2 5 1 2675 4641 6946
13171 2 2 5 1 2091 2089 6947
13172 2 2 5 1 2626 2666 2715
13173 2 2 5 1 4171 6853 7234
13174 2 2 5 1 6829 1411 7619
13175 2 2 5 1 4259 6793 7314
13176 2 2 5 1 2872 2870 4565
13177 2 2 5 1 2849 2847 4786
13178 2 2 5 1 6747 2740 7127
13179 2 2 5 1 2790 2883 4312
13180 2 2 5 1 3695 3637 3696
13181 2 2 5 1 2842 2843 2854
13182 2 2 5 1 2387 7044 7463
13183 2 2 5 1 7093 3337 7468
13184 2 2 5 1 3969 4191 4794
13185 2 2 5 1 2307 2306 2308
13186 2 2 5 1 4442 4443 4444
13187 2 2 5 1 4713 5822 6949
13188 2 2 5 1 5440 4714 6950
13189 2 2 5 1 7063 1034 7171
13190 2 2 5 1 4244 4842 7420
13191 2 2 5 1 6644 4406 6853
13192 2 2 5 1 6683 4096 7608
13193 2 2 5 1 4213 6901 7660
13194 2 2 5 1 3696 3637 6551
13195 2 2 5 1 2536 6513 7681
13196 2 2 5 1 6160 3721 7207
13197 2 2 5 1 6418 7019 7347
13198 2 2 5 1 6849 5987 7269
13199 2 2 5 1 5446 6649 7602
13200 2 2 5 1 2557 2556 2558
13201 2 2 5 1 1411 6829 7292
13202 2 2 5 1 6173 6174 7186
13203 2 2 5 1 2309 2308 2310
13204 2 2 5 1 6089 6090 6955
13205 2 2 5 1 6963 496 7579
13206 2 2 5 1 6584 5138 7483
13207 2 2 5 1 4086 6192 7204
13208 2 2 5 1 1312 1314 1315
13209 2 2 5 1 4212 6827 7074
13210 2 2 5 1 5233 3197 7469
13211 2 2 5 1 1205 6764 7247
13212 2 2 5 1 5051 5013 6957
13213 2 2 5 1 6804 4906 7075
13214 2 2 5 1 4115 6587 7498
13215 2 2 5 1 3048 6296 6958
13216 2 2 5 1 3752 3753 4085
13217 2 2 5 1 1217 1208 1218
13218 2 2 5 1 1317 1347 4681
13219 2 2 5 1 4939 2024 7097
13220 2 2 5 1 2778 2787 7659
13221 2 2 5 1 2311 2310 2312
13222 2 2 5 1 4187 6129 7111
13223 2 2 5 1 2755 6983 7067
13224 2 2 5 1 4164 6104 7261
13225 2 2 5 1 437 6699 6925
13226 2 2 5 1 3750 3694 4090
13227 2 2 5 1 3053 5453 6962
13228 2 2 5 1 5515 3054 6963
13229 2 2 5 1 4171 6552 6853
13230 2 2 5 1 2733 6573 6846
13231 2 2 5 1 2649 2637 4613
13232 2 2 5 1 4738 6173 7186
13233 2 2 5 1 2821 2830 7263
13234 2 2 5 1 4924 4307 7683
13235 2 2 5 1 3980 4240 4241
13236 2 2 5 1 4013 4016 6847
13237 2 2 5 1 953 6716 7604
13238 2 2 5 1 1852 4816 7242
13239 2 2 5 1 1193 1196 1204
13240 2 2 5 1 1852 4181 4816
13241 2 2 5 1 2314 2312 2315
13242 2 2 5 1 3059 6791 7381
13243 2 2 5 1 4045 4043 7046
13244 2 2 5 1 2054 5155 6969
13245 2 2 5 1 2666 2667 2668
13246 2 2 5 1 6726 3674 7499
13247 2 2 5 1 2821 2820 2830
13248 2 2 5 1 341 6731 7274
13249 2 2 5 1 4992 1021 6976
13250 2 2 5 1 3844 3846 7042
13251 2 2 5 1 419 418 6966
13252 2 2 5 1 7006 2520 7621
13253 2 2 5 1 7415 2881 7536
13254 2 2 5 1 4535 4537 6970
13255 2 2 5 1 4590 4294 7675
13256 2 2 5 1 4588 4522 5042
13257 2 2 5 1 6400 2798 7580
13258 2 2 5 1 4003 4001 6655
13259 2 2 5 1 4014 4020 4046
13260 2 2 5 1 3962 5072 6972
13261 2 2 5 1 4881 6368 6985
13262 2 2 5 1 4940 4554 7392
13263 2 2 5 1 2328 211 6965
13264 2 2 5 1 3971 6788 7308
13265 2 2 5 1 3980 3979 4240
13266 2 2 5 1 1585 1583 6975
13267 2 2 5 1 4054 5129 6976
13268 2 2 5 1 7421 1962 7439
13269 2 2 5 1 2575 2518 2637
13270 2 2 5 1 4013 4015 4016
13271 2 2 5 1 1670 896 7209
13272 2 2 5 1 2637 2518 6629
13273 2 2 5 1 3859 3861 6676
13274 2 2 5 1 4716 2750 7017
13275 2 2 5 1 1783 1786 6640
13276 2 2 5 1 2941 2050 4307
13277 2 2 5 1 4480 4548 6656
13278 2 2 5 1 6455 2699 6960
13279 2 2 5 1 4529 6723 7156
13280 2 2 5 1 1648 1330 1859
13281 2 2 5 1 4764 7400 7528
13282 2 2 5 1 4117 4707 7329
13283 2 2 5 1 2068 2304 4196
13284 2 2 5 1 4492 3044 7203
13285 2 2 5 1 1627 6644 6853
13286 2 2 5 1 7181 6778 7436
13287 2 2 5 1 1394 1396 6620
13288 2 2 5 1 4591 6615 6993
13289 2 2 5 1 891 893 894
13290 2 2 5 1 4586 4550 6683
13291 2 2 5 1 1681 1680 1682
13292 2 2 5 1 4344 4955 7564
13293 2 2 5 1 6467 3106 7670
13294 2 2 5 1 4564 4686 6651
13295 2 2 5 1 2782 6722 6985
13296 2 2 5 1 4844 3727 7556
13297 2 2 5 1 1999 1826 2085
13298 2 2 5 1 4237 4936 7584
13299 2 2 5 1 1972 4605 4606
13300 2 2 5 1 6198 6248 7002
13301 2 2 5 1 913 914 915
13302 2 2 5 1 3953 3782 6555
13303 2 2 5 1 7105 2078 7510
13304 2 2 5 1 7127 4239 7430
13305 2 2 5 1 6831 2853 7259
13306 2 2 5 1 919 918 920
13307 2 2 5 1 3368 7020 7291
13308 2 2 5 1 5699 4299 6987
13309 2 2 5 1 2776 2115 7033
13310 2 2 5 1 3789 3981 6633
13311 2 2 5 1 6543 3309 7398
13312 2 2 5 1 4392 4393 6992
13313 2 2 5 1 7085 6308 7088
13314 2 2 5 1 6777 6778 7183
13315 2 2 5 1 2701 4586 7231
13316 2 2 5 1 2657 2656 2658
13317 2 2 5 1 6710 448 7410
13318 2 2 5 1 4161 2750 4716
13319 2 2 5 1 2939 4695 6996
13320 2 2 5 1 2898 4767 7548
13321 2 2 5 1 2828 2823 2836
13322 2 2 5 1 3277 3275 6998
13323 2 2 5 1 6911 6719 7419
13324 2 2 5 1 4917 139 7260
13325 2 2 5 1 3645 3339 3646
13326 2 2 5 1 4419 4344 7564
13327 2 2 5 1 4178 6546 7285
13328 2 2 5 1 1034 5020 7171
13329 2 2 5 1 3670 3669 6986
13330 2 2 5 1 4159 6280 7001
13331 2 2 5 1 2613 6739 7383
13332 2 2 5 1 1399 1398 6668
13333 2 2 5 1 4307 2050 7683
13334 2 2 5 1 4355 7461 7612
13335 2 2 5 1 4431 900 7208
13336 2 2 5 1 4903 120 7201
13337 2 2 5 1 3645 3646 3754
13338 2 2 5 1 1565 4859 7646
13339 2 2 5 1 123 4912 7240
13340 2 2 5 1 2867 2852 2868
13341 2 2 5 1 4769 6756 7338
13342 2 2 5 1 7180 2827 7221
13343 2 2 5 1 6716 5070 7604
13344 2 2 5 1 2637 6629 6630
13345 2 2 5 1 4604 4028 7153
13346 2 2 5 1 879 880 882
13347 2 2 5 1 2875 4351 7005
13348 2 2 5 1 712 5016 7665
13349 2 2 5 1 4016 4017 4019
13350 2 2 5 1 6527 6240 7269
13351 2 2 5 1 1850 2076 6637
13352 2 2 5 1 2034 2033 2035
13353 2 2 5 1 5508 3002 7007
13354 2 2 5 1 2482 5198 7492
13355 2 2 5 1 1370 5048 7000
13356 2 2 5 1 2929 6650 7119
13357 2 2 5 1 7439 6466 7685
13358 2 2 5 1 4246 4208 6758
13359 2 2 5 1 4791 4226 7040
13360 2 2 5 1 2914 4626 6733
13361 2 2 5 1 4198 1996 6796
13362 2 2 5 1 565 4958 7342
13363 2 2 5 1 4528 6967 6968
13364 2 2 5 1 2542 2528 2577
13365 2 2 5 1 903 907 933
13366 2 2 5 1 6396 2348 7002
13367 2 2 5 1 4425 7151 7491
13368 2 2 5 1 2889 4895 7014
13369 2 2 5 1 4923 3175 7648
13370 2 2 5 1 517 6627 6886
13371 2 2 5 1 6628 516 6885
13372 2 2 5 1 4535 6970 7063
13373 2 2 5 1 3788 4040 6675
13374 2 2 5 1 4795 4797 7163
13375 2 2 5 1 421 420 7011
13376 2 2 5 1 4033 4032 7019
13377 2 2 5 1 3616 3618 3620
13378 2 2 5 1 7143 6911 7144
13379 2 2 5 1 4462 4468 7020
13380 2 2 5 1 899 5598 7519
13381 2 2 5 1 2726 6701 6702
13382 2 2 5 1 4024 4025 6956
13383 2 2 5 1 1018 4953 7544
13384 2 2 5 1 2103 4250 6589
13385 2 2 5 1 1968 1682 1969
13386 2 2 5 1 4186 7125 7605
13387 2 2 5 1 4899 4904 7084
13388 2 2 5 1 4493 4494 6490
13389 2 2 5 1 4708 2935 7022
13390 2 2 5 1 4755 5455 7023
13391 2 2 5 1 4789 1664 7098
13392 2 2 5 1 7302 929 7658
13393 2 2 5 1 7088 2908 7444
13394 2 2 5 1 384 6728 7524
13395 2 2 5 1 4563 4564 7114
13396 2 2 5 1 3621 3708 3709
13397 2 2 5 1 3648 3650 4825
13398 2 2 5 1 6906 2905 7644
13399 2 2 5 1 4295 2621 4296
13400 2 2 5 1 4163 6480 6988
13401 2 2 5 1 4260 4798 7073
13402 2 2 5 1 7171 5020 7276
13403 2 2 5 1 6727 6726 7499
13404 2 2 5 1 4271 7216 7636
13405 2 2 5 1 6755 3079 7557
13406 2 2 5 1 6547 4251 7360
13407 2 2 5 1 6743 4424 7531
13408 2 2 5 1 3376 3377 3378
13409 2 2 5 1 223 2321 7025
13410 2 2 5 1 4403 4831 7472
13411 2 2 5 1 1677 1678 1679
13412 2 2 5 1 4681 1347 7069
13413 2 2 5 1 3688 4043 4044
13414 2 2 5 1 2659 2658 2660
13415 2 2 5 1 4933 6920 7489
13416 2 2 5 1 907 909 6889
13417 2 2 5 1 5143 5144 7042
13418 2 2 5 1 4175 6548 7107
13419 2 2 5 1 5680 2932 7038
13420 2 2 5 1 5829 5425 7039
13421 2 2 5 1 6696 4491 7664
13422 2 2 5 1 2959 6766 7634
13423 2 2 5 1 933 6577 7547
13424 2 2 5 1 4210 7009 7140
13425 2 2 5 1 2113 2110 6579
13426 2 2 5 1 6833 6835 7592
13427 2 2 5 1 6717 4736 7428
13428 2 2 5 1 6382 905 7035
13429 2 2 5 1 6998 3275 7093
13430 2 2 5 1 2661 2660 4217
13431 2 2 5 1 4047 3953 6535
13432 2 2 5 1 5487 5488 7053
13433 2 2 5 1 2792 6917 7099
13434 2 2 5 1 2854 2855 2859
13435 2 2 5 1 2581 2654 2656
13436 2 2 5 1 2036 2035 2037
13437 2 2 5 1 3145 3141 7133
13438 2 2 5 1 3918 4405 4762
13439 2 2 5 1 4218 4217 4512
13440 2 2 5 1 2605 2602 6437
13441 2 2 5 1 1656 7065 7653
13442 2 2 5 1 6741 6803 7017
13443 2 2 5 1 5021 4178 7047
13444 2 2 5 1 4126 4298 6977
13445 2 2 5 1 4051 4097 7045
13446 2 2 5 1 1793 7312 7632
13447 2 2 5 1 4018 4926 7037
13448 2 2 5 1 4207 7184 7185
13449 2 2 5 1 6911 2401 7144
13450 2 2 5 1 6653 4144 7368
13451 2 2 5 1 724 6765 7255
13452 2 2 5 1 4269 6574 7615
13453 2 2 5 1 2909 4834 6719
13454 2 2 5 1 552 550 7052
13455 2 2 5 1 7134 4787 7135
13456 2 2 5 1 6800 3066 7346
13457 2 2 5 1 4742 4741 7053
13458 2 2 5 1 6174 6557 7186
13459 2 2 5 1 7080 3883 7081
13460 2 2 5 1 2024 1800 4297
13461 2 2 5 1 4823 4170 7130
13462 2 2 5 1 4962 725 7668
13463 2 2 5 1 4046 4136 6688
13464 2 2 5 1 4608 4355 7612
13465 2 2 5 1 1860 1859 2013
13466 2 2 5 1 3637 3634 6551
13467 2 2 5 1 6800 3063 7714
13468 2 2 5 1 4721 4724 7062
13469 2 2 5 1 3636 3637 3669
13470 2 2 5 1 1573 5250 7119
13471 2 2 5 1 6482 3870 6953
13472 2 2 5 1 404 403 7055
13473 2 2 5 1 5161 5194 7126
13474 2 2 5 1 2017 1671 7058
13475 2 2 5 1 4114 4115 7071
13476 2 2 5 1 5773 4116 7070
13477 2 2 5 1 6337 1655 7059
13478 2 2 5 1 4218 4512 7051
13479 2 2 5 1 4134 4680 6979
13480 2 2 5 1 4280 4278 4281
13481 2 2 5 1 784 4952 7103
13482 2 2 5 1 4533 4535 7063
13483 2 2 5 1 6938 5162 7126
13484 2 2 5 1 4809 4383 6840
13485 2 2 5 1 870 873 4556
13486 2 2 5 1 6888 3997 7430
13487 2 2 5 1 252 251 7062
13488 2 2 5 1 4887 3979 6482
13489 2 2 5 1 7396 4498 7642
13490 2 2 5 1 7000 5048 7172
13491 2 2 5 1 3163 3161 7066
13492 2 2 5 1 6786 4638 7696
13493 2 2 5 1 6587 5302 7498
13494 2 2 5 1 4589 4588 7225
13495 2 2 5 1 1420 6579 7360
13496 2 2 5 1 3251 3247 7068
13497 2 2 5 1 139 140 7260
13498 2 2 5 1 6945 4680 7375
13499 2 2 5 1 1514 6609 6961
13500 2 2 5 1 3499 5203 7304
13501 2 2 5 1 6508 6363 6905
13502 2 2 5 1 2654 2655 4412
13503 2 2 5 1 5501 463 7070
13504 2 2 5 1 464 5299 7071
13505 2 2 5 1 5251 1514 6961
13506 2 2 5 1 7012 4563 7114
13507 2 2 5 1 4693 3129 7361
13508 2 2 5 1 5203 3503 7465
13509 2 2 5 1 2559 2558 2560
13510 2 2 5 1 2076 1862 2077
13511 2 2 5 1 3861 4089 6663
13512 2 2 5 1 4906 4050 7075
13513 2 2 5 1 2009 2758 2759
13514 2 2 5 1 5427 5344 7082
13515 2 2 5 1 2697 5623 7083
13516 2 2 5 1 7217 949 7368
13517 2 2 5 1 4328 4717 7646
13518 2 2 5 1 2614 6423 7074
13519 2 2 5 1 4852 6738 7617
13520 2 2 5 1 4689 4690 7128
13521 2 2 5 1 3647 3339 6930
13522 2 2 5 1 5020 1038 7276
13523 2 2 5 1 3657 3916 4577
13524 2 2 5 1 5410 5509 7165
13525 2 2 5 1 4287 2901 7087
13526 2 2 5 1 4263 4262 7210
13527 2 2 5 1 4313 2014 4315
13528 2 2 5 1 4378 4600 4832
13529 2 2 5 1 6151 1473 7513
13530 2 2 5 1 7308 6788 7636
13531 2 2 5 1 1999 6725 7345
13532 2 2 5 1 925 926 927
13533 2 2 5 1 2561 2560 2562
13534 2 2 5 1 6920 4233 7489
13535 2 2 5 1 4566 4565 6704
13536 2 2 5 1 894 895 900
13537 2 2 5 1 1392 1394 1478
13538 2 2 5 1 4182 4828 6472
13539 2 2 5 1 993 871 4584
13540 2 2 5 1 7342 4958 7526
13541 2 2 5 1 3197 6487 7200
13542 2 2 5 1 2563 2562 2564
13543 2 2 5 1 4407 6702 7600
13544 2 2 5 1 2753 2751 6760
13545 2 2 5 1 7549 3112 7581
13546 2 2 5 1 122 123 7240
13547 2 2 5 1 4670 4665 7091
13548 2 2 5 1 882 883 896
13549 2 2 5 1 2872 4873 7408
13550 2 2 5 1 3918 4762 7235
13551 2 2 5 1 213 212 7089
13552 2 2 5 1 1646 1323 2072
13553 2 2 5 1 2934 6750 6751
13554 2 2 5 1 2619 2564 2646
13555 2 2 5 1 3275 3273 7093
13556 2 2 5 1 2554 2552 2638
13557 2 2 5 1 6505 3750 6802
13558 2 2 5 1 6523 2400 7326
13559 2 2 5 1 1216 980 6687
13560 2 2 5 1 1215 4194 7104
13561 2 2 5 1 4384 4383 4809
13562 2 2 5 1 4430 6008 7101
13563 2 2 5 1 2005 1996 4198
13564 2 2 5 1 4856 4858 7105
13565 2 2 5 1 7078 2026 7079
13566 2 2 5 1 183 6 7096
13567 2 2 5 1 6452 4237 7584
13568 2 2 5 1 2079 2047 7631
13569 2 2 5 1 129 130 7109
13570 2 2 5 1 7089 2328 7640
13571 2 2 5 1 6525 1311 7357
13572 2 2 5 1 6579 2110 6589
13573 2 2 5 1 4156 6726 6727
13574 2 2 5 1 4163 6988 7681
13575 2 2 5 1 4924 1785 6640
13576 2 2 5 1 2649 4615 7272
13577 2 2 5 1 4267 5033 7588
13578 2 2 5 1 4533 7063 7171
13579 2 2 5 1 411 2792 7099
13580 2 2 5 1 6601 2845 7402
13581 2 2 5 1 4008 6727 7499
13582 2 2 5 1 2652 4879 6220
13583 2 2 5 1 2706 2704 7692
13584 2 2 5 1 4524 3919 4693
13585 2 2 5 1 1870 4251 6547
13586 2 2 5 1 7276 1038 7365
13587 2 2 5 1 6972 5072 7353
13588 2 2 5 1 3721 6782 7207
13589 2 2 5 1 2741 2742 2743
13590 2 2 5 1 2110 2107 6589
13591 2 2 5 1 3515 3516 3592
13592 2 2 5 1 6304 4199 7324
13593 2 2 5 1 4420 4045 6636
13594 2 2 5 1 5226 6931 7656
13595 2 2 5 1 3720 3752 3973
13596 2 2 5 1 4432 7115 7207
13597 2 2 5 1 900 901 944
13598 2 2 5 1 6692 4580 7502
13599 2 2 5 1 2336 2471 4488
13600 2 2 5 1 3549 6753 7611
13601 2 2 5 1 6740 4150 7346
13602 2 2 5 1 440 6418 7347
13603 2 2 5 1 6778 4264 7436
13604 2 2 5 1 6921 4426 7597
13605 2 2 5 1 2807 2802 4558
13606 2 2 5 1 2864 2862 2865
13607 2 2 5 1 4385 4618 7021
13608 2 2 5 1 6128 3368 7291
13609 2 2 5 1 2652 2741 4879
13610 2 2 5 1 7121 3532 7521
13611 2 2 5 1 1403 1400 7120
13612 2 2 5 1 4992 6976 7404
13613 2 2 5 1 3527 3528 7121
13614 2 2 5 1 896 883 7264
13615 2 2 5 1 442 416 7112
13616 2 2 5 1 4297 1800 6773
13617 2 2 5 1 1870 2914 2916
13618 2 2 5 1 4355 6680 7461
13619 2 2 5 1 4647 4318 7672
13620 2 2 5 1 7020 4468 7291
13621 2 2 5 1 6835 6837 7592
13622 2 2 5 1 6852 996 7541
13623 2 2 5 1 5327 4733 7227
13624 2 2 5 1 5297 5327 7227
13625 2 2 5 1 1870 2916 4251
13626 2 2 5 1 1799 1972 6773
13627 2 2 5 1 2859 2860 2861
13628 2 2 5 1 7281 7282 7283
13629 2 2 5 1 2740 2053 7127
13630 2 2 5 1 6976 5129 7404
13631 2 2 5 1 6841 3759 7236
13632 2 2 5 1 2364 2366 2383
13633 2 2 5 1 5134 6199 7129
13634 2 2 5 1 4497 6939 7447
13635 2 2 5 1 987 991 996
13636 2 2 5 1 6198 7002 7566
13637 2 2 5 1 6555 4306 7385
13638 2 2 5 1 6240 2947 7682
13639 2 2 5 1 120 121 7201
13640 2 2 5 1 3676 4927 6754
13641 2 2 5 1 1315 1316 1331
13642 2 2 5 1 6699 5162 6925
13643 2 2 5 1 7079 2026 7537
13644 2 2 5 1 4148 6740 7032
13645 2 2 5 1 2358 2360 2384
13646 2 2 5 1 6684 2016 6764
13647 2 2 5 1 1479 2720 6897
13648 2 2 5 1 4358 4357 4359
13649 2 2 5 1 4607 7223 7594
13650 2 2 5 1 4392 6992 7393
13651 2 2 5 1 6822 5292 6882
13652 2 2 5 1 5283 6812 6878
13653 2 2 5 1 5287 6813 6877
13654 2 2 5 1 5293 6814 6880
13655 2 2 5 1 511 6815 6881
13656 2 2 5 1 485 6816 6879
13657 2 2 5 1 6817 2950 6873
13658 2 2 5 1 6818 4273 6874
13659 2 2 5 1 6819 4276 6876
13660 2 2 5 1 6820 4274 6875
13661 2 2 5 1 1200 1202 2016
13662 2 2 5 1 4122 4123 6977
13663 2 2 5 1 4746 4747 7137
13664 2 2 5 1 4646 4224 6927
13665 2 2 5 1 4656 3575 6600
13666 2 2 5 1 6774 3229 7622
13667 2 2 5 1 6821 2259 6882
13668 2 2 5 1 2352 2354 2385
13669 2 2 5 1 3646 3339 3647
13670 2 2 5 1 7019 4032 7347
13671 2 2 5 1 53 54 7138
13672 2 2 5 1 96 97 7139
13673 2 2 5 1 4130 4131 6979
13674 2 2 5 1 4625 4184 7278
13675 2 2 5 1 2931 6801 7100
13676 2 2 5 1 3048 6958 7503
13677 2 2 5 1 2346 2350 2520
13678 2 2 5 1 2811 2809 2812
13679 2 2 5 1 7002 2348 7566
13680 2 2 5 1 4618 6474 7021
13681 2 2 5 1 3203 3204 7150
13682 2 2 5 1 6262 4785 7151
13683 2 2 5 1 103 104 7152
13684 2 2 5 1 4184 4211 7278
13685 2 2 5 1 6890 3251 7620
13686 2 2 5 1 349 348 7141
13687 2 2 5 1 6546 4177 6770
13688 2 2 5 1 3952 4067 7154
13689 2 2 5 1 3080 4035 7647
13690 2 2 5 1 1786 1800 1801
13691 2 2 5 1 5023 1036 7153
13692 2 2 5 1 8 9 7155
13693 2 2 5 1 1786 1799 1800
13694 2 2 5 1 2947 6446 7682
13695 2 2 5 1 4317 4316 6478
13696 2 2 5 1 4638 4637 6658
13697 2 2 5 1 4467 7048 7049
13698 2 2 5 1 6401 4293 7410
13699 2 2 5 1 4937 4938 7164
13700 2 2 5 1 6969 5155 7525
13701 2 2 5 1 34 35 7161
13702 2 2 5 1 115 116 7162
13703 2 2 5 1 6615 3996 6993
13704 2 2 5 1 3608 3719 7163
13705 2 2 5 1 7198 4607 7594
13706 2 2 5 1 4510 6516 7253
13707 2 2 5 1 7367 1651 7392
13708 2 2 5 1 3691 6736 7117
13709 2 2 5 1 4465 4445 6495
13710 2 2 5 1 101 102 7165
13711 2 2 5 1 4356 4357 4358
13712 2 2 5 1 5926 4214 7166
13713 2 2 5 1 4833 965 7701
13714 2 2 5 1 2894 4746 7167
13715 2 2 5 1 2084 3044 4492
13716 2 2 5 1 6787 929 7642
13717 2 2 5 1 7126 5194 7307
13718 2 2 5 1 2305 7172 7363
13719 2 2 5 1 22 23 7168
13720 2 2 5 1 127 128 7169
13721 2 2 5 1 4531 4533 7171
13722 2 2 5 1 5250 5251 5252
13723 2 2 5 1 1851 6637 7046
13724 2 2 5 1 134 135 7173
13725 2 2 5 1 15 16 7174
13726 2 2 5 1 108 109 7175
13727 2 2 5 1 3621 3709 7366
13728 2 2 5 1 1353 1355 1656
13729 2 2 5 1 6127 2738 7660
13730 2 2 5 1 4240 3979 4887
13731 2 2 5 1 4968 4970 7178
13732 2 2 5 1 1038 5025 7365
13733 2 2 5 1 6518 2334 7332
13734 2 2 5 1 915 916 917
13735 2 2 5 1 5193 3778 7187
13736 2 2 5 1 7300 2385 7518
13737 2 2 5 1 3049 6005 7189
13738 2 2 5 1 4378 4377 4379
13739 2 2 5 1 2005 4587 7040
13740 2 2 5 1 3657 3656 3658
13741 2 2 5 1 4001 3999 6748
13742 2 2 5 1 995 6844 7375
13743 2 2 5 1 2814 2811 6936
13744 2 2 5 1 6450 3676 6451
13745 2 2 5 1 2116 4771 6460
13746 2 2 5 1 5048 5054 7172
13747 2 2 5 1 4830 4903 7201
13748 2 2 5 1 4378 4832 7224
13749 2 2 5 1 4636 1203 7538
13750 2 2 5 1 3961 4327 7204
13751 2 2 5 1 2077 2934 6751
13752 2 2 5 1 2874 4774 7034
13753 2 2 5 1 6393 4525 6953
13754 2 2 5 1 4777 2085 7069
13755 2 2 5 1 6636 4045 7517
13756 2 2 5 1 3183 3182 7652
13757 2 2 5 1 6557 1405 7186
13758 2 2 5 1 3975 4147 4148
13759 2 2 5 1 4578 3916 4780
13760 2 2 5 1 4651 4119 7464
13761 2 2 5 1 3648 4825 7460
13762 2 2 5 1 4835 4106 6674
13763 2 2 5 1 4566 6704 7017
13764 2 2 5 1 2646 4433 4854
13765 2 2 5 1 1204 1205 1206
13766 2 2 5 1 7005 4351 7513
13767 2 2 5 1 7282 2944 7707
13768 2 2 5 1 447 225 7195
13769 2 2 5 1 4287 7087 7342
13770 2 2 5 1 4624 4622 7212
13771 2 2 5 1 2797 4849 7413
13772 2 2 5 1 3618 3617 3619
13773 2 2 5 1 6674 2380 7299
13774 2 2 5 1 6648 3190 7373
13775 2 2 5 1 415 414 7662
13776 2 2 5 1 6631 2749 7674
13777 2 2 5 1 3622 3619 6490
13778 2 2 5 1 2760 6759 6940
13779 2 2 5 1 7365 5025 7440
13780 2 2 5 1 4166 6571 7124
13781 2 2 5 1 3670 6986 7215
13782 2 2 5 1 5194 4158 7307
13783 2 2 5 1 2837 2836 2838
13784 2 2 5 1 2405 6404 7210
13785 2 2 5 1 2861 2862 2863
13786 2 2 5 1 498 5297 7227
13787 2 2 5 1 4246 6758 6982
13788 2 2 5 1 201 200 7220
13789 2 2 5 1 7492 4761 7534
13790 2 2 5 1 6995 2046 7122
13791 2 2 5 1 2113 6580 6581
13792 2 2 5 1 6574 4436 7615
13793 2 2 5 1 6467 4272 7213
13794 2 2 5 1 4958 1019 7526
13795 2 2 5 1 4444 4445 4465
13796 2 2 5 1 4531 7171 7276
13797 2 2 5 1 4861 4396 7456
13798 2 2 5 1 4652 4467 7049
13799 2 2 5 1 5231 7189 7607
13800 2 2 5 1 3657 4577 7199
13801 2 2 5 1 3616 3617 3618
13802 2 2 5 1 4412 6884 7463
13803 2 2 5 1 4499 6737 6981
13804 2 2 5 1 1357 1359 1480
13805 2 2 5 1 7072 4557 7407
13806 2 2 5 1 2919 2900 7116
13807 2 2 5 1 2033 4171 7234
13808 2 2 5 1 2036 4526 4527
13809 2 2 5 1 3159 3157 7239
13810 2 2 5 1 4912 4862 7240
13811 2 2 5 1 1331 1332 1350
13812 2 2 5 1 6807 5021 7047
13813 2 2 5 1 10 11 7243
13814 2 2 5 1 7324 4199 7545
13815 2 2 5 1 2941 6995 7122
13816 2 2 5 1 4221 3862 4421
13817 2 2 5 1 2801 2799 2857
13818 2 2 5 1 4554 4555 7367
13819 2 2 5 1 440 7347 7588
13820 2 2 5 1 6432 908 7222
13821 2 2 5 1 918 6707 7507
13822 2 2 5 1 5069 7246 7689
13823 2 2 5 1 6605 4487 7505
13824 2 2 5 1 4081 6162 6514
13825 2 2 5 1 2330 2332 2333
13826 2 2 5 1 2319 2323 2335
13827 2 2 5 1 1860 2014 2015
13828 2 2 5 1 1801 2024 4939
13829 2 2 5 1 4504 5123 7708
13830 2 2 5 1 5068 4304 7246
13831 2 2 5 1 7074 6423 7401
13832 2 2 5 1 4725 4720 7253
13833 2 2 5 1 2383 2582 2583
13834 2 2 5 1 1678 1680 1681
13835 2 2 5 1 7045 4097 7544
13836 2 2 5 1 5100 3723 7251
13837 2 2 5 1 3062 3067 7244
13838 2 2 5 1 2542 4165 6784
13839 2 2 5 1 3380 6507 7638
13840 2 2 5 1 944 901 7547
13841 2 2 5 1 2078 6244 7510
13842 2 2 5 1 2842 2840 2843
13843 2 2 5 1 7101 4350 7533
13844 2 2 5 1 4090 3694 4272
13845 2 2 5 1 6967 4113 6968
13846 2 2 5 1 4553 6113 7255
13847 2 2 5 1 3229 6634 7622
13848 2 2 5 1 2032 2033 2034
13849 2 2 5 1 910 6432 7431
13850 2 2 5 1 3318 3315 3319
13851 2 2 5 1 7142 2940 7327
13852 2 2 5 1 5367 5366 7257
13853 2 2 5 1 2860 2855 2866
13854 2 2 5 1 3918 3917 4404
13855 2 2 5 1 1215 1670 1967
13856 2 2 5 1 4488 4342 7332
13857 2 2 5 1 2583 2584 2585
13858 2 2 5 1 4479 4440 6700
13859 2 2 5 1 4889 4917 7260
13860 2 2 5 1 4828 4183 4874
13861 2 2 5 1 1786 1801 6640
13862 2 2 5 1 6104 6103 7261
13863 2 2 5 1 7129 6199 7391
13864 2 2 5 1 2577 2528 6469
13865 2 2 5 1 1794 7126 7307
13866 2 2 5 1 6722 4881 6985
13867 2 2 5 1 2585 2586 2587
13868 2 2 5 1 6308 6645 7088
13869 2 2 5 1 5210 434 7632
13870 2 2 5 1 4494 4825 7496
13871 2 2 5 1 6451 3676 6754
13872 2 2 5 1 1681 1968 1970
13873 2 2 5 1 1363 1365 1418
13874 2 2 5 1 4329 4258 7684
13875 2 2 5 1 7292 4640 7567
13876 2 2 5 1 4008 3378 4009
13877 2 2 5 1 2587 2588 2589
13878 2 2 5 1 4300 4049 6616
13879 2 2 5 1 6389 1040 7372
13880 2 2 5 1 564 4942 7279
13881 2 2 5 1 6487 4168 7200
13882 2 2 5 1 3648 3647 3649
13883 2 2 5 1 6790 4421 7509
13884 2 2 5 1 6782 4432 7207
13885 2 2 5 1 3311 3315 3318
13886 2 2 5 1 2002 1670 7209
13887 2 2 5 1 5025 1035 7440
13888 2 2 5 1 3621 3619 3622
13889 2 2 5 1 2589 2591 2592
13890 2 2 5 1 3650 3649 3651
13891 2 2 5 1 3708 3622 3758
13892 2 2 5 1 3999 3862 4221
13893 2 2 5 1 6609 4223 6961
13894 2 2 5 1 4829 7128 7587
13895 2 2 5 1 4530 4531 7276
13896 2 2 5 1 7178 4970 7384
13897 2 2 5 1 4849 3056 7413
13898 2 2 5 1 3759 3758 4398
13899 2 2 5 1 1020 4991 7277
13900 2 2 5 1 342 341 7274
13901 2 2 5 1 1369 1374 1417
13902 2 2 5 1 4744 4593 7470
13903 2 2 5 1 927 928 930
13904 2 2 5 1 4399 4398 4400
13905 2 2 5 1 6654 3951 7453
13906 2 2 5 1 4779 948 7687
13907 2 2 5 1 2024 4523 7097
13908 2 2 5 1 6516 4725 7253
13909 2 2 5 1 4196 2304 4571
13910 2 2 5 1 3744 3746 3747
13911 2 2 5 1 4339 6823 7117
13912 2 2 5 1 2863 2864 2870
13913 2 2 5 1 4856 7105 7510
13914 2 2 5 1 2867 4305 4860
13915 2 2 5 1 1378 1380 1416
13916 2 2 5 1 4545 4909 7712
13917 2 2 5 1 4468 4470 7291
13918 2 2 5 1 1382 1384 1664
13919 2 2 5 1 1408 1407 7292
13920 2 2 5 1 1386 1388 1415
13921 2 2 5 1 1396 1399 6620
13922 2 2 5 1 7440 1035 7485
13923 2 2 5 1 7367 4555 7466
13924 2 2 5 1 1328 1330 1648
13925 2 2 5 1 4547 6505 6802
13926 2 2 5 1 4177 4176 6677
13927 2 2 5 1 1350 1351 1445
13928 2 2 5 1 4440 4442 6700
13929 2 2 5 1 2015 4313 4314
13930 2 2 5 1 4259 6520 7684
13931 2 2 5 1 2323 2325 6983
13932 2 2 5 1 4718 2080 7331
13933 2 2 5 1 7307 4158 7450
13934 2 2 5 1 7154 4067 7458
13935 2 2 5 1 3917 6543 6611
13936 2 2 5 1 4686 4283 7650
13937 2 2 5 1 4501 6546 6770
13938 2 2 5 1 5320 6893 7602
13939 2 2 5 1 3592 3593 3683
13940 2 2 5 1 2790 2788 2883
13941 2 2 5 1 2314 2518 2548
13942 2 2 5 1 4148 4149 4150
13943 2 2 5 1 4348 2880 6539
13944 2 2 5 1 2542 2577 4165
13945 2 2 5 1 2881 6619 7536
13946 2 2 5 1 1359 1361 6989
13947 2 2 5 1 2908 1334 7444
13948 2 2 5 1 4268 4269 7615
13949 2 2 5 1 6571 1621 7124
13950 2 2 5 1 6 6732 7451
13951 2 2 5 1 4614 2650 4710
13952 2 2 5 1 4150 4151 4152
13953 2 2 5 1 7373 3190 7433
13954 2 2 5 1 3969 4794 6555
13955 2 2 5 1 3060 3062 7244
13956 2 2 5 1 3674 6351 7499
13957 2 2 5 1 2855 2843 7056
13958 2 2 5 1 2309 2311 2313
13959 2 2 5 1 6846 2776 7033
13960 2 2 5 1 4493 3754 4494
13961 2 2 5 1 7166 4214 7643
13962 2 2 5 1 6427 7009 7522
13963 2 2 5 1 7049 2607 7704
13964 2 2 5 1 4172 5210 7312
13965 2 2 5 1 4152 4153 4247
13966 2 2 5 1 2725 2726 4740
13967 2 2 5 1 6626 182 7425
13968 2 2 5 1 6627 94 7423
13969 2 2 5 1 56 6628 7422
13970 2 2 5 1 4084 5238 7317
13971 2 2 5 1 7248 1778 7290
13972 2 2 5 1 4530 7276 7365
13973 2 2 5 1 2668 2669 2909
13974 2 2 5 1 1759 5842 7318
13975 2 2 5 1 3838 3678 7319
13976 2 2 5 1 4044 4420 4635
13977 2 2 5 1 2048 2050 2941
13978 2 2 5 1 3320 3319 4010
13979 2 2 5 1 2039 2041 4485
13980 2 2 5 1 6139 6051 7320
13981 2 2 5 1 1415 2307 4789
13982 2 2 5 1 1190 1193 6910
13983 2 2 5 1 6964 2829 7197
13984 2 2 5 1 7117 6736 7420
13985 2 2 5 1 2865 2862 7321
13986 2 2 5 1 2592 2593 2608
13987 2 2 5 1 2030 2032 6642
13988 2 2 5 1 4017 4015 4018
13989 2 2 5 1 992 2055 7322
13990 2 2 5 1 6387 1794 7307
13991 2 2 5 1 2066 6828 7571
13992 2 2 5 1 6827 2614 7074
13993 2 2 5 1 3747 4341 4570
13994 2 2 5 1 2043 2045 2046
13995 2 2 5 1 5250 5252 7119
13996 2 2 5 1 1206 1208 1217
13997 2 2 5 1 4831 4576 7542
13998 2 2 5 1 6 6780 7096
13999 2 2 5 1 2548 2575 2576
14000 2 2 5 1 2805 6544 7441
14001 2 2 5 1 2327 6405 7389
14002 2 2 5 1 4293 4291 7410
14003 2 2 5 1 4653 4652 4654
14004 2 2 5 1 1825 1827 2018
14005 2 2 5 1 4842 4338 7420
14006 2 2 5 1 5901 3772 7336
14007 2 2 5 1 6354 4192 7626
14008 2 2 5 1 4590 4591 7402
14009 2 2 5 1 7100 6801 7315
14010 2 2 5 1 2918 2919 6661
14011 2 2 5 1 6591 2916 6690
14012 2 2 5 1 7048 2607 7049
14013 2 2 5 1 2743 2744 2745
14014 2 2 5 1 917 918 919
14015 2 2 5 1 4272 3694 6514
14016 2 2 5 1 1432 7077 7596
14017 2 2 5 1 2565 2566 2648
14018 2 2 5 1 2903 6895 7389
14019 2 2 5 1 4289 4287 7342
14020 2 2 5 1 2333 2334 2340
14021 2 2 5 1 5124 6429 7343
14022 2 2 5 1 2858 2857 4173
14023 2 2 5 1 4011 4010 4012
14024 2 2 5 1 6375 2782 7324
14025 2 2 5 1 2648 2880 4348
14026 2 2 5 1 6704 4716 7017
14027 2 2 5 1 1232 984 7030
14028 2 2 5 1 6507 4769 7638
14029 2 2 5 1 6780 4729 7096
14030 2 2 5 1 3186 3183 7652
14031 2 2 5 1 6808 4086 7204
14032 2 2 5 1 7277 4991 7454
14033 2 2 5 1 3971 3696 6767
14034 2 2 5 1 4032 5230 7347
14035 2 2 5 1 1035 5027 7485
14036 2 2 5 1 2018 2026 4203
14037 2 2 5 1 2669 2717 7284
14038 2 2 5 1 6723 4317 7156
14039 2 2 5 1 4943 2051 7614
14040 2 2 5 1 4016 4019 7400
14041 2 2 5 1 7229 4617 7725
14042 2 2 5 1 2340 2341 2342
14043 2 2 5 1 2745 2746 2747
14044 2 2 5 1 6832 6831 7629
14045 2 2 5 1 6545 4466 6596
14046 2 2 5 1 3119 6655 6748
14047 2 2 5 1 5072 4204 7353
14048 2 2 5 1 2595 2597 2609
14049 2 2 5 1 7279 4942 7546
14050 2 2 5 1 4193 4915 7626
14051 2 2 5 1 3750 4090 6802
14052 2 2 5 1 4391 4266 7027
14053 2 2 5 1 2342 2343 2344
14054 2 2 5 1 2747 2943 4248
14055 2 2 5 1 141 142 7359
14056 2 2 5 1 2342 2344 2403
14057 2 2 5 1 1040 6511 7372
14058 2 2 5 1 4555 6233 7466
14059 2 2 5 1 2745 2747 4342
14060 2 2 5 1 4517 6675 6932
14061 2 2 5 1 2607 7115 7704
14062 2 2 5 1 1976 2305 7363
14063 2 2 5 1 3981 3788 6675
14064 2 2 5 1 4834 2909 7284
14065 2 2 5 1 920 923 6843
14066 2 2 5 1 4824 4940 7392
14067 2 2 5 1 2481 6089 7558
14068 2 2 5 1 193 192 7355
14069 2 2 5 1 2696 6513 7256
14070 2 2 5 1 5078 4530 7365
14071 2 2 5 1 1823 1216 1824
14072 2 2 5 1 4442 4444 4847
14073 2 2 5 1 4158 5174 7450
14074 2 2 5 1 4013 4012 4014
14075 2 2 5 1 786 6632 7329
14076 2 2 5 1 1773 1772 1774
14077 2 2 5 1 2333 2340 2755
14078 2 2 5 1 2018 4203 4730
14079 2 2 5 1 2376 6656 7387
14080 2 2 5 1 4564 4284 4686
14081 2 2 5 1 2749 2750 4161
14082 2 2 5 1 1439 1651 7367
14083 2 2 5 1 2668 2909 6911
14084 2 2 5 1 2648 4348 4349
14085 2 2 5 1 4909 7208 7712
14086 2 2 5 1 4166 7124 7331
14087 2 2 5 1 4574 2643 7455
14088 2 2 5 1 1773 1774 1775
14089 2 2 5 1 414 2793 7662
14090 2 2 5 1 6904 3730 7427
14091 2 2 5 1 2944 7282 7295
14092 2 2 5 1 1218 1229 1231
14093 2 2 5 1 6511 4188 7372
14094 2 2 5 1 4635 4636 4637
14095 2 2 5 1 7254 2339 7403
14096 2 2 5 1 2851 2852 2867
14097 2 2 5 1 2701 4550 4586
14098 2 2 5 1 3731 6743 7531
14099 2 2 5 1 917 919 934
14100 2 2 5 1 2897 7040 7041
14101 2 2 5 1 2116 2114 4771
14102 2 2 5 1 4009 3378 6503
14103 2 2 5 1 4318 5001 7672
14104 2 2 5 1 931 936 946
14105 2 2 5 1 6351 4008 7499
14106 2 2 5 1 4126 4128 4298
14107 2 2 5 1 7185 4206 7671
14108 2 2 5 1 1206 1217 1962
14109 2 2 5 1 2085 2087 4411
14110 2 2 5 1 4994 4992 7404
14111 2 2 5 1 4199 4808 7545
14112 2 2 5 1 4970 4973 7384
14113 2 2 5 1 2009 2759 2760
14114 2 2 5 1 1365 1367 7012
14115 2 2 5 1 4152 4247 6800
14116 2 2 5 1 3747 3748 4341
14117 2 2 5 1 3720 3973 6782
14118 2 2 5 1 2592 2608 2611
14119 2 2 5 1 1852 1476 2700
14120 2 2 5 1 6774 4164 7261
14121 2 2 5 1 2111 2110 2113
14122 2 2 5 1 3669 3695 3706
14123 2 2 5 1 392 391 7381
14124 2 2 5 1 6387 7307 7450
14125 2 2 5 1 2945 7282 7707
14126 2 2 5 1 1415 2306 2307
14127 2 2 5 1 5982 5984 7390
14128 2 2 5 1 4192 6354 7688
14129 2 2 5 1 6199 4311 7391
14130 2 2 5 1 2403 2515 2549
14131 2 2 5 1 4394 4392 7393
14132 2 2 5 1 4112 4110 6883
14133 2 2 5 1 4335 2300 7397
14134 2 2 5 1 4106 4104 6845
14135 2 2 5 1 2818 2816 2827
14136 2 2 5 1 3695 3696 3971
14137 2 2 5 1 1335 1337 7487
14138 2 2 5 1 4044 4045 4420
14139 2 2 5 1 1186 1207 6643
14140 2 2 5 1 5987 6527 7269
14141 2 2 5 1 2549 2565 2650
14142 2 2 5 1 3609 6026 7399
14143 2 2 5 1 4744 3124 7193
14144 2 2 5 1 3075 3077 3549
14145 2 2 5 1 5078 7365 7440
14146 2 2 5 1 4873 4566 6803
14147 2 2 5 1 1310 1312 7271
14148 2 2 5 1 3862 3859 6676
14149 2 2 5 1 6766 4137 7493
14150 2 2 5 1 4763 4762 4764
14151 2 2 5 1 2307 2308 2309
14152 2 2 5 1 4701 7454 7618
14153 2 2 5 1 6758 4208 6759
14154 2 2 5 1 4134 4679 4680
14155 2 2 5 1 4705 4174 4706
14156 2 2 5 1 5129 4249 7404
14157 2 2 5 1 1350 1445 1479
14158 2 2 5 1 1354 7177 7377
14159 2 2 5 1 3081 3083 3112
14160 2 2 5 1 2309 2310 2311
14161 2 2 5 1 1775 1776 1777
14162 2 2 5 1 4902 2072 6524
14163 2 2 5 1 875 877 881
14164 2 2 5 1 4816 4181 4918
14165 2 2 5 1 4312 2883 6623
14166 2 2 5 1 2830 2847 2848
14167 2 2 5 1 4404 3917 6611
14168 2 2 5 1 7466 6233 7572
14169 2 2 5 1 2575 2637 2649
14170 2 2 5 1 6423 2415 7401
14171 2 2 5 1 2311 2312 2314
14172 2 2 5 1 3515 3592 3677
14173 2 2 5 1 6546 4501 7358
14174 2 2 5 1 6593 2464 7205
14175 2 2 5 1 1777 1825 1826
14176 2 2 5 1 3087 3089 3111
14177 2 2 5 1 7066 3370 7587
14178 2 2 5 1 4016 4015 4017
14179 2 2 5 1 1452 1450 7412
14180 2 2 5 1 2587 2589 2590
14181 2 2 5 1 4914 4193 7605
14182 2 2 5 1 4176 4003 6655
14183 2 2 5 1 2314 2315 2518
14184 2 2 5 1 4381 4383 4384
14185 2 2 5 1 3110 7181 7436
14186 2 2 5 1 2793 6752 7317
14187 2 2 5 1 2831 4832 6839
14188 2 2 5 1 320 319 7409
14189 2 2 5 1 3662 3728 3730
14190 2 2 5 1 7311 4686 7650
14191 2 2 5 1 1439 7367 7466
14192 2 2 5 1 2854 2843 2855
14193 2 2 5 1 3127 3168 3170
14194 2 2 5 1 4780 3916 6903
14195 2 2 5 1 2583 2585 2613
14196 2 2 5 1 3093 3095 3110
14197 2 2 5 1 523 55 7422
14198 2 2 5 1 521 143 7424
14199 2 2 5 1 95 522 7423
14200 2 2 5 1 7 520 7425
14201 2 2 5 1 6375 7324 7545
14202 2 2 5 1 2304 6594 6982
14203 2 2 5 1 4924 6640 7508
14204 2 2 5 1 6946 4641 7403
14205 2 2 5 1 6633 3981 6929
14206 2 2 5 1 4289 7342 7526
14207 2 2 5 1 1374 1376 7024
14208 2 2 5 1 4326 7415 7536
14209 2 2 5 1 4190 7014 7414
14210 2 2 5 1 7442 4548 7532
14211 2 2 5 1 2912 6964 7198
14212 2 2 5 1 5033 440 7588
14213 2 2 5 1 6830 1423 7726
14214 2 2 5 1 4466 6508 7316
14215 2 2 5 1 3997 5056 7430
14216 2 2 5 1 4047 6535 6616
14217 2 2 5 1 2823 2821 7263
14218 2 2 5 1 3099 3101 3109
14219 2 2 5 1 3190 3187 7433
14220 2 2 5 1 6524 2072 6525
14221 2 2 5 1 1321 7301 7609
14222 2 2 5 1 4472 4481 7434
14223 2 2 5 1 4205 4801 7435
14224 2 2 5 1 6844 2940 6945
14225 2 2 5 1 448 6401 7410
14226 2 2 5 1 2941 4307 6994
14227 2 2 5 1 4412 2655 7293
14228 2 2 5 1 2838 2836 4507
14229 2 2 5 1 4928 1004 7533
14230 2 2 5 1 5490 5489 7437
14231 2 2 5 1 7133 4799 7716
14232 2 2 5 1 443 6391 7414
14233 2 2 5 1 4299 563 7477
14234 2 2 5 1 4681 4411 7543
14235 2 2 5 1 4516 5078 7440
14236 2 2 5 1 4085 7386 7669
14237 2 2 5 1 2638 2552 6784
14238 2 2 5 1 3297 3299 3301
14239 2 2 5 1 2611 2612 2621
14240 2 2 5 1 4596 4395 7106
14241 2 2 5 1 1423 6729 7726
14242 2 2 5 1 208 207 7432
14243 2 2 5 1 1648 1859 1860
14244 2 2 5 1 3256 3284 3286
14245 2 2 5 1 7044 2662 7654
14246 2 2 5 1 2848 2849 2850
14247 2 2 5 1 7146 3111 7486
14248 2 2 5 1 3105 3107 3113
14249 2 2 5 1 6162 3122 7645
14250 2 2 5 1 7147 7549 7581
14251 2 2 5 1 6781 4599 7054
14252 2 2 5 1 911 913 932
14253 2 2 5 1 1792 435 7429
14254 2 2 5 1 4361 4363 4368
14255 2 2 5 1 919 920 921
14256 2 2 5 1 7347 5230 7588
14257 2 2 5 1 1962 1963 1964
14258 2 2 5 1 1681 1682 1968
14259 2 2 5 1 4366 4369 4607
14260 2 2 5 1 4161 4716 6432
14261 2 2 5 1 4816 4918 6683
14262 2 2 5 1 3067 3676 6450
14263 2 2 5 1 6801 2617 7315
14264 2 2 5 1 4375 4377 4378
14265 2 2 5 1 3654 3656 3657
14266 2 2 5 1 4165 6426 6427
14267 2 2 5 1 3039 2647 4180
14268 2 2 5 1 1008 4933 7489
14269 2 2 5 1 4874 4183 7215
14270 2 2 5 1 2558 2556 4210
14271 2 2 5 1 2867 2868 4305
14272 2 2 5 1 999 4925 7491
14273 2 2 5 1 2605 6435 7480
14274 2 2 5 1 2911 7298 7299
14275 2 2 5 1 7397 2300 7512
14276 2 2 5 1 7384 4973 7539
14277 2 2 5 1 905 7096 7693
14278 2 2 5 1 6776 5319 7482
14279 2 2 5 1 7353 4204 7665
14280 2 2 5 1 5507 2910 7482
14281 2 2 5 1 940 942 949
14282 2 2 5 1 1479 1804 2720
14283 2 2 5 1 3291 4766 6590
14284 2 2 5 1 1968 1969 2734
14285 2 2 5 1 1315 1331 4489
14286 2 2 5 1 7080 4562 7136
14287 2 2 5 1 4093 6596 7583
14288 2 2 5 1 2850 2851 2853
14289 2 2 5 1 4991 5053 7454
14290 2 2 5 1 1964 2701 2702
14291 2 2 5 1 3303 3917 3918
14292 2 2 5 1 2034 2035 2036
14293 2 2 5 1 925 927 929
14294 2 2 5 1 3669 3637 3695
14295 2 2 5 1 5040 5039 7453
14296 2 2 5 1 6233 6232 7572
14297 2 2 5 1 6765 4553 7255
14298 2 2 5 1 7430 4239 7556
14299 2 2 5 1 6671 5225 7656
14300 2 2 5 1 2720 2725 4334
14301 2 2 5 1 4516 7440 7485
14302 2 2 5 1 4067 4069 7458
14303 2 2 5 1 4040 4547 6932
14304 2 2 5 1 4766 3295 7211
14305 2 2 5 1 4192 4193 7626
14306 2 2 5 1 991 1185 7043
14307 2 2 5 1 2076 2077 4491
14308 2 2 5 1 2113 6581 7113
14309 2 2 5 1 7391 4311 7580
14310 2 2 5 1 882 896 1215
14311 2 2 5 1 6594 4246 6982
14312 2 2 5 1 2760 2761 4518
14313 2 2 5 1 894 900 4431
14314 2 2 5 1 2646 2564 4433
14315 2 2 5 1 4277 4787 7134
14316 2 2 5 1 1215 896 1670
14317 2 2 5 1 2036 2037 4526
14318 2 2 5 1 6452 1008 7489
14319 2 2 5 1 7124 4718 7331
14320 2 2 5 1 2562 2560 2688
14321 2 2 5 1 2024 4297 4523
14322 2 2 5 1 2113 6579 6580
14323 2 2 5 1 1793 6387 7450
14324 2 2 5 1 1309 1476 1852
14325 2 2 5 1 4142 2576 4343
14326 2 2 5 1 2859 2855 2860
14327 2 2 5 1 1419 6690 6733
14328 2 2 5 1 6378 1439 7466
14329 2 2 5 1 2830 2820 2847
14330 2 2 5 1 951 1216 1823
14331 2 2 5 1 3039 4180 6669
14332 2 2 5 1 4144 5657 7368
14333 2 2 5 1 496 6926 7579
14334 2 2 5 1 1860 2013 2014
14335 2 2 5 1 3658 3660 6903
14336 2 2 5 1 2660 2658 2662
14337 2 2 5 1 1453 1456 7475
14338 2 2 5 1 2918 2900 2919
14339 2 2 5 1 1408 7292 7567
14340 2 2 5 1 2085 1826 2087
14341 2 2 5 1 7507 4160 7630
14342 2 2 5 1 4387 6890 7620
14343 2 2 5 1 6708 4434 7484
14344 2 2 5 1 4313 4315 6887
14345 2 2 5 1 4577 3916 4578
14346 2 2 5 1 4832 4600 6839
14347 2 2 5 1 2584 7442 7713
14348 2 2 5 1 1202 6850 6851
14349 2 2 5 1 1372 6376 7461
14350 2 2 5 1 4486 6696 7664
14351 2 2 5 1 4508 4507 7092
14352 2 2 5 1 4186 4516 7485
14353 2 2 5 1 7011 2833 7643
14354 2 2 5 1 4233 6452 7489
14355 2 2 5 1 5151 5153 7570
14356 2 2 5 1 4402 4401 7490
14357 2 2 5 1 6829 4640 7292
14358 2 2 5 1 7572 6232 7688
14359 2 2 5 1 1866 1868 7495
14360 2 2 5 1 7434 4481 7655
14361 2 2 5 1 6652 6651 6757
14362 2 2 5 1 4348 6539 6896
14363 2 2 5 1 5302 5303 7498
14364 2 2 5 1 406 405 7483
14365 2 2 5 1 4571 2304 6982
14366 2 2 5 1 4384 4809 6898
14367 2 2 5 1 1203 6696 7718
14368 2 2 5 1 2708 6692 7502
14369 2 2 5 1 2717 4625 7284
14370 2 2 5 1 1965 3048 7503
14371 2 2 5 1 4112 6883 6884
14372 2 2 5 1 2518 2315 6629
14373 2 2 5 1 3063 6800 7497
14374 2 2 5 1 883 891 7264
14375 2 2 5 1 2861 2860 2862
14376 2 2 5 1 6738 7300 7518
14377 2 2 5 1 6378 7466 7572
14378 2 2 5 1 5009 1029 7505
14379 2 2 5 1 4857 4856 7510
14380 2 2 5 1 4365 4870 7582
14381 2 2 5 1 2005 4198 4587
14382 2 2 5 1 4345 4346 7521
14383 2 2 5 1 4196 4571 6575
14384 2 2 5 1 2300 3042 7512
14385 2 2 5 1 6788 7018 7636
14386 2 2 5 1 4351 4353 7513
14387 2 2 5 1 6577 4545 7712
14388 2 2 5 1 2838 4507 4508
14389 2 2 5 1 144 6639 7424
14390 2 2 5 1 4165 2577 6426
14391 2 2 5 1 1321 6758 6759
14392 2 2 5 1 4658 4923 7648
14393 2 2 5 1 441 393 7494
14394 2 2 5 1 2046 7061 7118
14395 2 2 5 1 5155 4303 7525
14396 2 2 5 1 4942 1015 7546
14397 2 2 5 1 6429 2930 7500
14398 2 2 5 1 4698 4289 7526
14399 2 2 5 1 2348 6625 7566
14400 2 2 5 1 2760 2759 2761
14401 2 2 5 1 6658 3041 7348
14402 2 2 5 1 3732 3731 7531
14403 2 2 5 1 4251 2916 6591
14404 2 2 5 1 4358 4359 4788
14405 2 2 5 1 4676 6621 7690
14406 2 2 5 1 4973 4975 7539
14407 2 2 5 1 1480 6757 7653
14408 2 2 5 1 4378 4379 4600
14409 2 2 5 1 819 781 7449
14410 2 2 5 1 6786 3677 7411
14411 2 2 5 1 3657 3658 3916
14412 2 2 5 1 3646 3647 3648
14413 2 2 5 1 7461 6376 7612
14414 2 2 5 1 4097 5190 7544
14415 2 2 5 1 385 384 7524
14416 2 2 5 1 1801 1800 2024
14417 2 2 5 1 2863 2862 2864
14418 2 2 5 1 3126 6161 7570
14419 2 2 5 1 2866 2855 7056
14420 2 2 5 1 4090 4272 6467
14421 2 2 5 1 4813 990 7540
14422 2 2 5 1 6232 4192 7688
14423 2 2 5 1 1479 1445 1804
14424 2 2 5 1 4371 4373 7148
14425 2 2 5 1 5050 4094 7717
14426 2 2 5 1 4210 7140 7395
14427 2 2 5 1 2015 2014 4313
14428 2 2 5 1 4239 4844 7556
14429 2 2 5 1 3618 3619 3621
14430 2 2 5 1 2611 2608 2612
14431 2 2 5 1 7274 4602 7668
14432 2 2 5 1 2720 1804 2725
14433 2 2 5 1 4783 4784 7560
14434 2 2 5 1 1962 1217 1963
14435 2 2 5 1 5034 1961 7569
14436 2 2 5 1 4735 4252 7541
14437 2 2 5 1 2621 2612 2749
14438 2 2 5 1 4221 4421 6790
14439 2 2 5 1 1964 1963 2701
14440 2 2 5 1 3318 3319 3320
14441 2 2 5 1 4870 7093 7468
14442 2 2 5 1 3918 4404 4405
14443 2 2 5 1 4261 6198 7566
14444 2 2 5 1 2850 2849 2851
14445 2 2 5 1 7303 1324 7554
14446 2 2 5 1 5301 5302 7571
14447 2 2 5 1 5157 2482 7534
14448 2 2 5 1 2870 2864 2871
14449 2 2 5 1 1883 4594 7573
14450 2 2 5 1 1474 6378 7572
14451 2 2 5 1 2848 2847 2849
14452 2 2 5 1 6999 4918 7701
14453 2 2 5 1 6456 2376 7387
14454 2 2 5 1 1442 1449 7575
14455 2 2 5 1 3848 3948 7576
14456 2 2 5 1 3648 3649 3650
14457 2 2 5 1 6924 4658 7648
14458 2 2 5 1 3621 3622 3708
14459 2 2 5 1 1775 1774 1776
14460 2 2 5 1 6535 3116 6616
14461 2 2 5 1 2385 6948 7406
14462 2 2 5 1 1852 2700 4181
14463 2 2 5 1 2403 2344 2515
14464 2 2 5 1 3650 3651 3652
14465 2 2 5 1 3708 3758 3759
14466 2 2 5 1 3759 4398 4399
14467 2 2 5 1 4635 4420 4636
14468 2 2 5 1 4399 4400 6544
14469 2 2 5 1 4017 4018 4219
14470 2 2 5 1 4311 4310 7580
14471 2 2 5 1 4570 4341 6512
14472 2 2 5 1 2548 2518 2575
14473 2 2 5 1 1405 6810 7651
14474 2 2 5 1 4411 2087 4675
14475 2 2 5 1 4255 6943 6954
14476 2 2 5 1 1777 1776 1825
14477 2 2 5 1 4745 993 7202
14478 2 2 5 1 933 907 6889
14479 2 2 5 1 3320 4010 4011
14480 2 2 5 1 2549 2515 2565
14481 2 2 5 1 4637 4636 4639
14482 2 2 5 1 4036 4820 7603
14483 2 2 5 1 4011 4012 4013
14484 2 2 5 1 4013 4014 4015
14485 2 2 5 1 4417 4416 7585
14486 2 2 5 1 6619 4811 7621
14487 2 2 5 1 3590 6375 7545
14488 2 2 5 1 5230 4267 7588
14489 2 2 5 1 2549 2650 7677
14490 2 2 5 1 6410 3809 7358
14491 2 2 5 1 2837 2838 7076
14492 2 2 5 1 4936 4935 7584
14493 2 2 5 1 4426 4430 7597
14494 2 2 5 1 1039 253 7552
14495 2 2 5 1 6086 3251 7706
14496 2 2 5 1 6544 4400 7478
14497 2 2 5 1 6690 2916 6733
14498 2 2 5 1 2998 5446 7602
14499 2 2 5 1 1474 7572 7688
14500 2 2 5 1 5070 4335 7604
14501 2 2 5 1 4193 2712 7605
14502 2 2 5 1 3155 3153 7606
14503 2 2 5 1 6289 4701 7618
14504 2 2 5 1 1414 1423 7619
14505 2 2 5 1 6461 4684 7610
14506 2 2 5 1 4730 4203 7177
14507 2 2 5 1 3111 7160 7486
14508 2 2 5 1 4815 4738 7651
14509 2 2 5 1 7523 4888 7595
14510 2 2 5 1 250 249 7589
14511 2 2 5 1 4409 6129 7627
14512 2 2 5 1 6363 4653 6905
14513 2 2 5 1 6823 3691 7117
14514 2 2 5 1 6900 4529 7258
14515 2 2 5 1 6296 2959 7634
14516 2 2 5 1 4316 4030 7136
14517 2 2 5 1 6620 1399 6621
14518 2 2 5 1 4503 4502 7640
14519 2 2 5 1 6596 2906 7583
14520 2 2 5 1 4481 4483 7655
14521 2 2 5 1 2738 2739 7660
14522 2 2 5 1 6513 4163 7681
14523 2 2 5 1 3936 3937 7663
14524 2 2 5 1 4204 6169 7665
14525 2 2 5 1 3211 3208 7667
14526 2 2 5 1 4602 4603 7668
14527 2 2 5 1 3503 6122 7679
14528 2 2 5 1 6446 1444 7682
14529 2 2 5 1 6354 1474 7688
14530 2 2 5 1 4729 4728 7693
14531 2 2 5 1 1887 2007 7695
14532 2 2 5 1 2674 6138 7703
14533 2 2 5 1 1430 1443 7724
14534 2 2 5 1 6600 3575 7501
14535 2 2 5 1 3593 3688 6978
14536 2 2 5 1 434 433 7632
14537 2 2 5 1 4421 3862 6676
14538 2 2 5 1 364 363 7639
14539 2 2 5 1 563 6486 7477
14540 2 2 5 1 6380 6951 7448
14541 2 2 5 1 6376 1654 7612
14542 2 2 5 1 984 987 7030
14543 2 2 5 1 2347 6397 7607
14544 2 2 5 1 7197 4368 7198
14545 2 2 5 1 6791 5160 7381
14546 2 2 5 1 2777 6603 7705
14547 2 2 5 1 6990 4179 7723
14548 2 2 5 1 4767 6829 7619
14549 2 2 5 1 4183 6721 7215
14550 2 2 5 1 4298 7142 7327
14551 2 2 5 1 4939 4307 7508
14552 2 2 5 1 4317 6478 7156
14553 2 2 5 1 1478 1394 6620
14554 2 2 5 1 4562 7080 7081
14555 2 2 5 1 6577 944 7547
14556 2 2 5 1 4191 6633 7376
14557 2 2 5 1 4431 7208 7209
14558 2 2 5 1 2794 407 7709
14559 2 2 5 1 7269 6240 7682
14560 2 2 5 1 2320 6402 7689
14561 2 2 5 1 6740 4341 7032
14562 2 2 5 1 4931 2318 7680
14563 2 2 5 1 4784 7084 7560
14564 2 2 5 1 520 6626 7425
14565 2 2 5 1 522 6627 7423
14566 2 2 5 1 6628 523 7422
14567 2 2 5 1 7065 1480 7653
14568 2 2 5 1 6796 4197 7554
14569 2 2 5 1 1445 1351 7028
14570 2 2 5 1 4326 4296 7415
14571 2 2 5 1 6983 2755 7562
14572 2 2 5 1 6520 4259 7314
14573 2 2 5 1 2918 6661 7290
14574 2 2 5 1 4761 4218 7051
14575 2 2 5 1 1323 1318 7036
14576 2 2 5 1 4104 4580 6845
14577 2 2 5 1 4208 2008 6940
14578 2 2 5 1 2750 6741 7017
14579 2 2 5 1 4612 6456 7586
14580 2 2 5 1 1193 1204 6910
14581 2 2 5 1 6629 2317 7064
14582 2 2 5 1 2638 6784 7522
14583 2 2 5 1 6561 3998 7258
14584 2 2 5 1 2917 2918 7289
14585 2 2 5 1 4358 4788 6767
14586 2 2 5 1 6590 4617 7229
14587 2 2 5 1 4561 7088 7444
14588 2 2 5 1 1681 1970 7380
14589 2 2 5 1 3683 3593 6978
14590 2 2 5 1 3669 3706 6986
14591 2 2 5 1 7146 4309 7147
14592 2 2 5 1 6089 6955 7558
14593 2 2 5 1 3861 6663 6676
14594 2 2 5 1 2909 2669 7284
14595 2 2 5 1 6837 7591 7592
14596 2 2 5 1 4641 6220 7254
14597 2 2 5 1 7077 7078 7232
14598 2 2 5 1 6669 4180 7694
14599 2 2 5 1 4896 2605 7480
14600 2 2 5 1 6964 7197 7198
14601 2 2 5 1 2384 6739 7617
14602 2 2 5 1 4338 7117 7420
14603 2 2 5 1 4499 6981 7297
14604 2 2 5 1 4177 6677 6770
14605 2 2 5 1 2916 2914 6733
14606 2 2 5 1 7003 2883 7157
14607 2 2 5 1 1794 6938 7126
14608 2 2 5 1 4089 6561 6980
14609 2 2 5 1 4335 6745 7604
14610 2 2 5 1 4860 6831 7259
14611 2 2 5 1 3620 3618 7366
14612 2 2 5 1 6655 4001 6748
14613 2 2 5 1 964 7003 7157
14614 2 2 5 1 4110 4835 6883
14615 2 2 5 1 4307 4924 7508
14616 2 2 5 1 3251 7068 7620
14617 2 2 5 1 4849 6904 7427
14618 2 2 5 1 2344 2343 7006
14619 2 2 5 1 2360 2362 7016
14620 2 2 5 1 2008 2009 6940
14621 2 2 5 1 2314 2548 7340
14622 2 2 5 1 7029 4419 7564
14623 2 2 5 1 989 7029 7564
14624 2 2 5 1 5056 7127 7430
14625 2 2 5 1 7223 2913 7594
14626 2 2 5 1 947 6631 7674
14627 2 2 5 1 6984 6983 7562
14628 2 2 5 1 6580 1373 7462
14629 2 2 5 1 7054 4599 7683
14630 2 2 5 1 4580 7488 7502
14631 2 2 5 1 6739 7015 7383
14632 2 2 5 1 4011 4013 6847
14633 2 2 5 1 6639 521 7424
14634 2 2 5 1 1801 4939 7508
14635 2 2 5 1 2306 6775 7481
14636 2 2 5 1 4018 4015 7050
14637 2 2 5 1 2829 6689 7515
14638 2 2 5 1 1972 4606 6773
14639 2 2 5 1 2339 7254 7711
14640 2 2 5 1 2582 4612 7586
14641 2 2 5 1 6782 3973 6783
14642 2 2 5 1 2343 2346 7006
14643 2 2 5 1 2362 2364 7015
14644 2 2 5 1 2867 4860 7259
14645 2 2 5 1 3999 4221 6748
14646 2 2 5 1 3298 6445 7333
14647 2 2 5 1 4120 7010 7601
14648 2 2 5 1 6548 4308 7394
14649 2 2 5 1 6887 4315 7004
14650 2 2 5 1 1351 1353 7028
14651 2 2 5 1 6894 3252 7364
14652 2 2 5 1 4656 6600 7550
14653 2 2 5 1 1800 1799 6773
14654 2 2 5 1 2309 2313 7344
14655 2 2 5 1 4294 7628 7675
14656 2 2 5 1 3251 6890 7706
14657 2 2 5 1 2085 4411 7069
14658 2 2 5 1 2350 2352 7406
14659 2 2 5 1 7198 4368 7219
14660 2 2 5 1 2608 2593 7149
14661 2 2 5 1 2809 2807 7026
14662 2 2 5 1 2016 1202 6851
14663 2 2 5 1 2114 2111 7113
14664 2 2 5 1 6764 4314 7247
14665 2 2 5 1 3067 6450 7244
14666 2 2 5 1 4570 6512 6973
14667 2 2 5 1 4035 7445 7647
14668 2 2 5 1 879 7104 7577
14669 2 2 5 1 6514 6162 7645
14670 2 2 5 1 6977 4298 7192
14671 2 2 5 1 2811 2812 6936
14672 2 2 5 1 2840 2837 7076
14673 2 2 5 1 1824 1216 6954
14674 2 2 5 1 2734 1969 7334
14675 2 2 5 1 3748 3975 7032
14676 2 2 5 1 4264 6635 7436
14677 2 2 5 1 6784 4165 7522
14678 2 2 5 1 6668 6380 7448
14679 2 2 5 1 4638 6786 7411
14680 2 2 5 1 4207 7185 7671
14681 2 2 5 1 4852 4500 7300
14682 2 2 5 1 4160 6707 7506
14683 2 2 5 1 6754 4927 7611
14684 2 2 5 1 7151 999 7491
14685 2 2 5 1 2050 7054 7683
14686 2 2 5 1 1415 4789 7098
14687 2 2 5 1 6508 6905 7316
14688 2 2 5 1 2607 6826 7115
14689 2 2 5 1 4341 3748 7032
14690 2 2 5 1 6674 4106 6845
14691 2 2 5 1 6028 6705 7722
14692 2 2 5 1 2906 6905 6906
14693 2 2 5 1 7018 4271 7636
14694 2 2 5 1 6456 7387 7586
14695 2 2 5 1 2515 2344 7578
14696 2 2 5 1 6478 4039 7156
14697 2 2 5 1 4400 4398 7721
14698 2 2 5 1 7254 2338 7711
14699 2 2 5 1 7056 2843 7076
14700 2 2 5 1 4197 4196 7303
14701 2 2 5 1 3747 4570 7132
14702 2 2 5 1 7061 4485 7118
14703 2 2 5 1 1355 1357 7065
14704 2 2 5 1 7043 1185 7405
14705 2 2 5 1 6737 4852 7617
14706 2 2 5 1 4798 6772 7399
14707 2 2 5 1 1185 6643 7405
14708 2 2 5 1 3754 3646 7460
14709 2 2 5 1 4922 1387 7474
14710 2 2 5 1 1774 1778 7248
14711 2 2 5 1 921 920 6843
14712 2 2 5 1 6469 6130 7057
14713 2 2 5 1 2317 2319 7064
14714 2 2 5 1 2325 2330 7067
14715 2 2 5 1 930 931 7337
14716 2 2 5 1 4617 7350 7725
14717 2 2 5 1 7077 1432 7078
14718 2 2 5 1 6905 4653 6906
14719 2 2 5 1 6659 4299 7477
14720 2 2 5 1 4283 7613 7650
14721 2 2 5 1 6736 4244 7420
14722 2 2 5 1 6832 4160 7506
14723 2 2 5 1 2384 2360 7016
14724 2 2 5 1 4677 6973 6974
14725 2 2 5 1 2745 4342 7237
14726 2 2 5 1 1324 7335 7554
14727 2 2 5 1 2759 2929 7310
14728 2 2 5 1 4128 4130 7142
14729 2 2 5 1 1361 1363 7086
14730 2 2 5 1 1216 6687 6954
14731 2 2 5 1 4799 6924 7716
14732 2 2 5 1 6941 878 7013
14733 2 2 5 1 2836 2823 7263
14734 2 2 5 1 6803 4566 7017
14735 2 2 5 1 901 903 7547
14736 2 2 5 1 2342 2403 7351
14737 2 2 5 1 4198 6796 7554
14738 2 2 5 1 4794 4191 7376
14739 2 2 5 1 1367 1369 7090
14740 2 2 5 1 2520 2350 7406
14741 2 2 5 1 1682 6708 7484
14742 2 2 5 1 2356 6738 7518
14743 2 2 5 1 7192 4298 7327
14744 2 2 5 1 4502 7089 7640
14745 2 2 5 1 2850 2853 7511
14746 2 2 5 1 1376 1378 7094
14747 2 2 5 1 7230 6535 7385
14748 2 2 5 1 1380 1382 7095
14749 2 2 5 1 6756 6086 7706
14750 2 2 5 1 4442 4847 6700
14751 2 2 5 1 4044 4635 6978
14752 2 2 5 1 2807 4558 7026
14753 2 2 5 1 1384 1386 7098
14754 2 2 5 1 2037 2039 7102
14755 2 2 5 1 6675 4040 6932
14756 2 2 5 1 891 894 7264
14757 2 2 5 1 4780 6903 6904
14758 2 2 5 1 2593 2595 7149
14759 2 2 5 1 2018 4730 7250
14760 2 2 5 1 2648 4349 7252
14761 2 2 5 1 6643 4736 7405
14762 2 2 5 1 2385 2354 7518
14763 2 2 5 1 7628 7386 7675
14764 2 2 5 1 7040 4587 7041
14765 2 2 5 1 4565 2870 7031
14766 2 2 5 1 6756 4389 7338
14767 2 2 5 1 3089 3091 7160
14768 2 2 5 1 6733 4626 7553
14769 2 2 5 1 921 6843 6922
14770 2 2 5 1 3758 3622 7496
14771 2 2 5 1 7177 4203 7377
14772 2 2 5 1 6936 2812 6937
14773 2 2 5 1 1312 1315 7271
14774 2 2 5 1 6772 3609 7399
14775 2 2 5 1 6544 4222 7441
14776 2 2 5 1 2041 2043 7118
14777 2 2 5 1 2333 2755 7067
14778 2 2 5 1 1480 1359 6989
14779 2 2 5 1 4112 6884 7293
14780 2 2 5 1 4740 2726 7270
14781 2 2 5 1 3309 3311 7398
14782 2 2 5 1 6738 4852 7300
14783 2 2 5 1 2335 2323 6983
14784 2 2 5 1 3677 6503 7123
14785 2 2 5 1 6895 2327 7389
14786 2 2 5 1 2045 2048 7122
14787 2 2 5 1 3741 3744 7132
14788 2 2 5 1 6625 4261 7566
14789 2 2 5 1 1399 6668 7288
14790 2 2 5 1 6635 4265 7486
14791 2 2 5 1 903 933 7547
14792 2 2 5 1 4222 6544 7478
14793 2 2 5 1 3921 7523 7595
14794 2 2 5 1 993 4584 7202
14795 2 2 5 1 4333 6693 7451
14796 2 2 5 1 4152 6800 7346
14797 2 2 5 1 2326 6671 7656
14798 2 2 5 1 6707 4160 7507
14799 2 2 5 1 996 991 7043
14800 2 2 5 1 1385 4821 7474
14801 2 2 5 1 4500 4326 7536
14802 2 2 5 1 6588 5187 7563
14803 2 2 5 1 2775 7311 7650
14804 2 2 5 1 2788 2779 7157
14805 2 2 5 1 6893 2998 7602
14806 2 2 5 1 1419 6733 7553
14807 2 2 5 1 6596 4466 7316
14808 2 2 5 1 3095 3097 7181
14809 2 2 5 1 6466 2702 7428
14810 2 2 5 1 6828 5301 7571
14811 2 2 5 1 7015 6739 7016
14812 2 2 5 1 4379 4381 7159
14813 2 2 5 1 3651 3654 7199
14814 2 2 5 1 1656 1355 7065
14815 2 2 5 1 3168 3178 7190
14816 2 2 5 1 4359 4361 7196
14817 2 2 5 1 6721 3670 7215
14818 2 2 5 1 2816 2814 7221
14819 2 2 5 1 3085 3087 7176
14820 2 2 5 1 4653 4654 6906
14821 2 2 5 1 3660 3662 7179
14822 2 2 5 1 7325 6523 7326
14823 2 2 5 1 3091 3093 7188
14824 2 2 5 1 7301 1319 7609
14825 2 2 5 1 3124 3127 7193
14826 2 2 5 1 4825 3650 7241
14827 2 2 5 1 3688 4044 6978
14828 2 2 5 1 4556 873 7249
14829 2 2 5 1 938 940 7217
14830 2 2 5 1 4161 6432 7222
14831 2 2 5 1 7108 2313 7378
14832 2 2 5 1 3295 3297 7211
14833 2 2 5 1 7470 4593 7471
14834 2 2 5 1 1217 1218 7280
14835 2 2 5 1 931 946 7337
14836 2 2 5 1 4039 6478 7476
14837 2 2 5 1 873 875 7249
14838 2 2 5 1 1418 1365 7012
14839 2 2 5 1 2592 2611 7354
14840 2 2 5 1 4763 4764 7228
14841 2 2 5 1 4014 4046 7050
14842 2 2 5 1 7238 4268 7615
14843 2 2 5 1 3086 6790 7509
14844 2 2 5 1 6688 4136 7348
14845 2 2 5 1 6575 4571 7504
14846 2 2 5 1 7361 3921 7595
14847 2 2 5 1 6889 909 7266
14848 2 2 5 1 4526 2037 7102
14849 2 2 5 1 4465 7100 7315
14850 2 2 5 1 3097 3099 7182
14851 2 2 5 1 3916 3658 6903
14852 2 2 5 1 7222 947 7674
14853 2 2 5 1 2335 6983 6984
14854 2 2 5 1 3073 3075 7388
14855 2 2 5 1 987 996 7030
14856 2 2 5 1 952 6766 7493
14857 2 2 5 1 6897 2700 7339
14858 2 2 5 1 6788 2817 7018
14859 2 2 5 1 6981 2590 7297
14860 2 2 5 1 6901 6127 7660
14861 2 2 5 1 2009 2760 6940
14862 2 2 5 1 2597 2599 7233
14863 2 2 5 1 6503 3378 7123
14864 2 2 5 1 7081 4301 7426
14865 2 2 5 1 1206 1962 7421
14866 2 2 5 1 4562 7081 7426
14867 2 2 5 1 936 938 7218
14868 2 2 5 1 909 911 7266
14869 2 2 5 1 6640 1801 7508
14870 2 2 5 1 4315 6524 7357
14871 2 2 5 1 2668 6911 7143
14872 2 2 5 1 1417 1374 7024
14873 2 2 5 1 3178 3256 7191
14874 2 2 5 1 4346 7121 7521
14875 2 2 5 1 3039 6669 7690
14876 2 2 5 1 2051 6892 7614
14877 2 2 5 1 1218 1231 7280
14878 2 2 5 1 6852 4253 6952
14879 2 2 5 1 2072 1323 7036
14880 2 2 5 1 2743 2745 7237
14881 2 2 5 1 4243 4241 7417
14882 2 2 5 1 4160 6832 7629
14883 2 2 5 1 4211 6946 7403
14884 2 2 5 1 6924 7648 7716
14885 2 2 5 1 3953 6555 7385
14886 2 2 5 1 4926 4021 7037
14887 2 2 5 1 1350 1479 7371
14888 2 2 5 1 4019 4017 7281
14889 2 2 5 1 2814 6936 7221
14890 2 2 5 1 7078 7079 7232
14891 2 2 5 1 6634 4285 7622
14892 2 2 5 1 4363 4366 7219
14893 2 2 5 1 1444 7269 7682
14894 2 2 5 1 2700 1476 7339
14895 2 2 5 1 6663 4089 6980
14896 2 2 5 1 2910 6776 7482
14897 2 2 5 1 2556 2554 7145
14898 2 2 5 1 2587 2590 7352
14899 2 2 5 1 965 6999 7701
14900 2 2 5 1 4369 4371 7223
14901 2 2 5 1 6705 4179 7722
14902 2 2 5 1 6759 4208 6940
14903 2 2 5 1 3727 6888 7556
14904 2 2 5 1 2655 6797 7293
14905 2 2 5 1 7115 2603 7704
14906 2 2 5 1 6130 2715 7057
14907 2 2 5 1 1229 1309 7242
14908 2 2 5 1 3107 3114 7226
14909 2 2 5 1 2346 2520 7006
14910 2 2 5 1 2364 2383 7015
14911 2 2 5 1 4373 4375 7224
14912 2 2 5 1 3377 3515 7123
14913 2 2 5 1 2583 2613 7383
14914 2 2 5 1 6905 2906 7316
14915 2 2 5 1 6525 2072 7036
14916 2 2 5 1 4580 2721 7488
14917 2 2 5 1 4767 6830 7548
14918 2 2 5 1 4715 6426 7362
14919 2 2 5 1 4524 4693 7361
14920 2 2 5 1 3299 3303 7235
14921 2 2 5 1 2938 6599 7306
14922 2 2 5 1 3119 6748 7131
14923 2 2 5 1 7468 4390 7582
14924 2 2 5 1 6951 1408 7567
14925 2 2 5 1 4245 4842 7514
14926 2 2 5 1 6983 2325 7067
14927 2 2 5 1 2352 2385 7406
14928 2 2 5 1 4734 6686 7579
14929 2 2 5 1 2715 2666 7143
14930 2 2 5 1 1353 1656 7028
14931 2 2 5 1 6623 7003 7666
14932 2 2 5 1 4241 4240 7452
14933 2 2 5 1 2812 2809 7026
14934 2 2 5 1 6575 1324 7303
14935 2 2 5 1 6696 1199 7718
14936 2 2 5 1 6989 1361 7086
14937 2 2 5 1 4645 6600 7501
14938 2 2 5 1 4150 4152 7346
14939 2 2 5 1 4491 6636 7517
14940 2 2 5 1 2864 2865 7267
14941 2 2 5 1 4252 6852 7541
14942 2 2 5 1 4492 7203 7449
14943 2 2 5 1 4587 4198 7335
14944 2 2 5 1 4821 4922 7474
14945 2 2 5 1 7287 2832 7710
14946 2 2 5 1 4272 6514 7645
14947 2 2 5 1 2806 7287 7710
14948 2 2 5 1 3975 4148 7032
14949 2 2 5 1 4854 4433 7459
14950 2 2 5 1 4694 6717 7568
14951 2 2 5 1 3575 3131 7501
14952 2 2 5 1 3515 3677 7123
14953 2 2 5 1 2856 2850 7511
14954 2 2 5 1 1962 1964 7439
14955 2 2 5 1 1321 6759 7301
14956 2 2 5 1 4508 7092 7591
14957 2 2 5 1 1416 1380 7095
14958 2 2 5 1 4710 2650 7252
14959 2 2 5 1 1664 1384 7098
14960 2 2 5 1 7247 4314 7294
14961 2 2 5 1 2923 5042 7467
14962 2 2 5 1 4038 6648 7374
14963 2 2 5 1 6943 1824 6954
14964 2 2 5 1 4507 2836 7263
14965 2 2 5 1 7282 2945 7283
14966 2 2 5 1 7158 4390 7468
14967 2 2 5 1 6633 6929 7376
14968 2 2 5 1 6790 3084 7131
14969 2 2 5 1 4096 6999 7616
14970 2 2 5 1 2111 2113 7113
14971 2 2 5 1 2820 2818 7273
14972 2 2 5 1 4600 4379 7159
14973 2 2 5 1 6948 2520 7406
14974 2 2 5 1 2843 2840 7076
14975 2 2 5 1 6837 7341 7591
14976 2 2 5 1 2870 2871 7031
14977 2 2 5 1 7226 7470 7471
14978 2 2 5 1 3618 3621 7366
14979 2 2 5 1 6753 6754 7611
14980 2 2 5 1 6834 6832 7506
14981 2 2 5 1 4215 7614 7635
14982 2 2 5 1 2606 7049 7704
14983 2 2 5 1 3378 3377 7123
14984 2 2 5 1 4546 4282 7519
14985 2 2 5 1 942 951 7265
14986 2 2 5 1 4227 6664 7370
14987 2 2 5 1 7193 3170 7194
14988 2 2 5 1 2087 1826 7250
14989 2 2 5 1 3311 3318 7398
14990 2 2 5 1 6677 4035 6770
14991 2 2 5 1 6481 4504 7649
14992 2 2 5 1 1357 1480 7065
14993 2 2 5 1 7012 1367 7090
14994 2 2 5 1 7196 4368 7197
14995 2 2 5 1 4523 4297 7328
14996 2 2 5 1 1327 7457 7698
14997 2 2 5 1 3652 3651 7199
14998 2 2 5 1 7298 6674 7299
14999 2 2 5 1 4408 6651 7311
15000 2 2 5 1 4896 4397 7408
15001 2 2 5 1 2319 2335 7064
15002 2 2 5 1 4485 2041 7118
15003 2 2 5 1 2330 2333 7067
15004 2 2 5 1 6651 4686 7311
15005 2 2 5 1 6844 6945 7375
15006 2 2 5 1 4548 4479 7532
15007 2 2 5 1 4730 7177 7529
15008 2 2 5 1 1320 6575 7504
15009 2 2 5 1 7457 1326 7698
15010 2 2 5 1 4788 4359 7196
15011 2 2 5 1 2046 2045 7122
15012 2 2 5 1 6977 7192 7382
15013 2 2 5 1 6830 4325 7548
15014 2 2 5 1 4546 6795 7673
15015 2 2 5 1 4343 2576 7272
15016 2 2 5 1 1315 4489 7271
15017 2 2 5 1 7281 4219 7282
15018 2 2 5 1 4015 4014 7050
15019 2 2 5 1 7024 1376 7094
15020 2 2 5 1 1363 1418 7086
15021 2 2 5 1 7614 6892 7635
15022 2 2 5 1 4434 6642 7484
15023 2 2 5 1 1004 7101 7533
15024 2 2 5 1 3284 3291 7520
15025 2 2 5 1 894 4431 7264
15026 2 2 5 1 4202 2549 7677
15027 2 2 5 1 1311 7004 7357
15028 2 2 5 1 3730 6904 7179
15029 2 2 5 1 4210 2556 7145
15030 2 2 5 1 7004 4315 7357
15031 2 2 5 1 923 925 7302
15032 2 2 5 1 1369 1417 7090
15033 2 2 5 1 2666 2668 7143
15034 2 2 5 1 4639 4636 7538
15035 2 2 5 1 2362 7015 7016
15036 2 2 5 1 6535 3953 7385
15037 2 2 5 1 4090 6467 7473
15038 2 2 5 1 6775 1478 7481
15039 2 2 5 1 4771 2114 7113
15040 2 2 5 1 7147 4309 7549
15041 2 2 5 1 3646 3648 7460
15042 2 2 5 1 1378 1416 7094
15043 2 2 5 1 1382 1664 7095
15044 2 2 5 1 4909 4546 7673
15045 2 2 5 1 7116 1679 7380
15046 2 2 5 1 1386 1415 7098
15047 2 2 5 1 6797 4112 7293
15048 2 2 5 1 7438 2805 7710
15049 2 2 5 1 4433 2564 7699
15050 2 2 5 1 6904 6903 7179
15051 2 2 5 1 2039 4485 7102
15052 2 2 5 1 7407 881 7577
15053 2 2 5 1 2688 2560 7395
15054 2 2 5 1 6637 2076 7517
15055 2 2 5 1 6669 4676 7690
15056 2 2 5 1 4165 6427 7522
15057 2 2 5 1 2554 2638 7145
15058 2 2 5 1 4298 4128 7142
15059 2 2 5 1 3114 4744 7470
15060 2 2 5 1 2595 2609 7149
15061 2 2 5 1 7189 2347 7607
15062 2 2 5 1 925 929 7302
15063 2 2 5 1 6748 4221 7131
15064 2 2 5 1 4122 6977 7382
15065 2 2 5 1 2043 2046 7118
15066 2 2 5 1 7386 6908 7669
15067 2 2 5 1 7282 4219 7295
15068 2 2 5 1 2048 2941 7122
15069 2 2 5 1 2354 2356 7518
15070 2 2 5 1 4314 4313 7294
15071 2 2 5 1 3744 3747 7132
15072 2 2 5 1 7278 4211 7403
15073 2 2 5 1 2380 6674 6845
15074 2 2 5 1 2761 2759 7310
15075 2 2 5 1 4305 4779 7687
15076 2 2 5 1 4119 7417 7452
15077 2 2 5 1 1776 1774 7248
15078 2 2 5 1 2860 2866 7321
15079 2 2 5 1 4391 7027 7601
15080 2 2 5 1 4196 6575 7303
15081 2 2 5 1 4221 6790 7131
15082 2 2 5 1 1969 6991 7334
15083 2 2 5 1 6621 1399 7288
15084 2 2 5 1 6652 6989 7086
15085 2 2 5 1 996 7043 7541
15086 2 2 5 1 3111 3089 7160
15087 2 2 5 1 2609 2597 7233
15088 2 2 5 1 7009 2519 7140
15089 2 2 5 1 2883 2788 7157
15090 2 2 5 1 2576 2575 7272
15091 2 2 5 1 7337 946 7624
15092 2 2 5 1 1963 1217 7280
15093 2 2 5 1 3759 4399 7236
15094 2 2 5 1 4381 4384 7159
15095 2 2 5 1 2662 2658 7654
15096 2 2 5 1 7213 4272 7645
15097 2 2 5 1 2827 2816 7221
15098 2 2 5 1 1231 1229 7242
15099 2 2 5 1 3110 3095 7181
15100 2 2 5 1 1309 1852 7242
15101 2 2 5 1 3170 3168 7190
15102 2 2 5 1 3654 3657 7199
15103 2 2 5 1 6810 4815 7651
15104 2 2 5 1 2847 2820 7273
15105 2 2 5 1 2856 7511 7592
15106 2 2 5 1 3083 3085 7581
15107 2 2 5 1 4361 4368 7196
15108 2 2 5 1 937 6623 7666
15109 2 2 5 1 3087 3111 7176
15110 2 2 5 1 4397 4896 7480
15111 2 2 5 1 2650 2565 7252
15112 2 2 5 1 3662 3730 7179
15113 2 2 5 1 4179 6990 7722
15114 2 2 5 1 2853 2851 7259
15115 2 2 5 1 3093 3110 7188
15116 2 2 5 1 946 936 7218
15117 2 2 5 1 1826 1825 7250
15118 2 2 5 1 3127 3170 7193
15119 2 2 5 1 940 949 7217
15120 2 2 5 1 2656 2654 7309
15121 2 2 5 1 3075 3549 7388
15122 2 2 5 1 6831 2946 7629
15123 2 2 5 1 3103 3105 7551
15124 2 2 5 1 4811 7578 7621
15125 2 2 5 1 6800 4247 7497
15126 2 2 5 1 3297 3301 7211
15127 2 2 5 1 875 881 7249
15128 2 2 5 1 3099 3109 7182
15129 2 2 5 1 4599 4924 7683
15130 2 2 5 1 951 1823 7265
15131 2 2 5 1 6903 3660 7179
15132 2 2 5 1 7237 2471 7379
15133 2 2 5 1 6426 2577 7362
15134 2 2 5 1 2076 4491 7517
15135 2 2 5 1 4399 6544 7438
15136 2 2 5 1 3256 3286 7191
15137 2 2 5 1 4803 4391 7601
15138 2 2 5 1 911 932 7266
15139 2 2 5 1 6981 2613 7352
15140 2 2 5 1 4479 6700 7532
15141 2 2 5 1 4366 4607 7219
15142 2 2 5 1 4438 7442 7532
15143 2 2 5 1 6926 4734 7579
15144 2 2 5 1 3079 3081 7557
15145 2 2 5 1 3303 3918 7235
15146 2 2 5 1 7262 4423 7465
15147 2 2 5 1 2797 7413 7727
15148 2 2 5 1 6599 7245 7306
15149 2 2 5 1 913 915 7356
15150 2 2 5 1 7591 2856 7592
15151 2 2 5 1 4375 4378 7224
15152 2 2 5 1 3650 3652 7241
15153 2 2 5 1 4161 7222 7674
15154 2 2 5 1 7288 6668 7448
15155 2 2 5 1 1417 7024 7394
15156 2 2 5 1 4017 4219 7281
15157 2 2 5 1 1418 7012 7114
15158 2 2 5 1 7323 3620 7366
15159 2 2 5 1 1679 1678 7380
15160 2 2 5 1 7246 2320 7689
15161 2 2 5 1 4368 4363 7219
15162 2 2 5 1 2871 2864 7267
15163 2 2 5 1 2869 6908 7386
15164 2 2 5 1 4607 4369 7223
15165 2 2 5 1 4617 7228 7350
15166 2 2 5 1 3113 3107 7226
15167 2 2 5 1 2846 6990 7723
15168 2 2 5 1 3301 3299 7235
15169 2 2 5 1 7417 4241 7452
15170 2 2 5 1 3112 3083 7581
15171 2 2 5 1 4494 3754 7460
15172 2 2 5 1 2818 2827 7273
15173 2 2 5 1 7538 1203 7718
15174 2 2 5 1 6935 4215 7635
15175 2 2 5 1 6648 7373 7374
15176 2 2 5 1 6802 4090 7473
15177 2 2 5 1 3706 3695 7308
15178 2 2 5 1 2851 2867 7259
15179 2 2 5 1 3291 6590 7520
15180 2 2 5 1 4870 7468 7582
15181 2 2 5 1 4306 7230 7385
15182 2 2 5 1 6843 923 7302
15183 2 2 5 1 2313 2311 7340
15184 2 2 5 1 6892 1191 7635
15185 2 2 5 1 4371 7148 7223
15186 2 2 5 1 7330 1791 7559
15187 2 2 5 1 2520 6948 7621
15188 2 2 5 1 4217 2660 7325
15189 2 2 5 1 4056 6663 6980
15190 2 2 5 1 4789 2307 7344
15191 2 2 5 1 7465 3503 7679
15192 2 2 5 1 1825 2018 7250
15193 2 2 5 1 6524 6525 7357
15194 2 2 5 1 922 7507 7630
15195 2 2 5 1 4512 4217 7326
15196 2 2 5 1 3286 3284 7520
15197 2 2 5 1 3105 3113 7551
15198 2 2 5 1 3973 3752 7669
15199 2 2 5 1 6432 4716 7431
15200 2 2 5 1 2787 4122 7659
15201 2 2 5 1 2565 2648 7252
15202 2 2 5 1 3081 3112 7557
15203 2 2 5 1 949 942 7265
15204 2 2 5 1 4436 7238 7615
15205 2 2 5 1 6581 6580 7462
15206 2 2 5 1 7148 4373 7224
15207 2 2 5 1 4194 7072 7407
15208 2 2 5 1 3101 3103 7623
15209 2 2 5 1 2313 7340 7378
15210 2 2 5 1 7418 2481 7558
15211 2 2 5 1 2654 4412 7309
15212 2 2 5 1 877 879 7577
15213 2 2 5 1 934 919 7369
15214 2 2 5 1 3109 3101 7623
15215 2 2 5 1 2793 7435 7662
15216 2 2 5 1 4313 6887 7294
15217 2 2 5 1 7456 3186 7652
15218 2 2 5 1 4342 2747 7349
15219 2 2 5 1 2575 2649 7272
15220 2 2 5 1 2755 2340 7351
15221 2 2 5 1 6931 2326 7656
15222 2 2 5 1 4835 6674 7298
15223 2 2 5 1 2862 2860 7321
15224 2 2 5 1 4879 2741 7379
15225 2 2 5 1 3337 7158 7468
15226 2 2 5 1 3695 3971 7308
15227 2 2 5 1 4094 7029 7717
15228 2 2 5 1 3752 4085 7669
15229 2 2 5 1 881 877 7577
15230 2 2 5 1 2077 6751 7664
15231 2 2 5 1 4384 6898 7286
15232 2 2 5 1 921 6922 7370
15233 2 2 5 1 6664 7369 7370
15234 2 2 5 1 7104 4194 7407
15235 2 2 5 1 932 913 7356
15236 2 2 5 1 2743 7237 7379
15237 2 2 5 1 7528 4682 7676
15238 2 2 5 1 2590 2589 7354
15239 2 2 5 1 7332 4342 7349
15240 2 2 5 1 2613 2585 7352
15241 2 2 5 1 2560 2558 7395
15242 2 2 5 1 4085 4590 7675
15243 2 2 5 1 1331 1350 7371
15244 2 2 5 1 4518 2761 7479
15245 2 2 5 1 2585 2587 7352
15246 2 2 5 1 919 921 7369
15247 2 2 5 1 4690 7066 7587
15248 2 2 5 1 927 930 7396
15249 2 2 5 1 2589 2592 7354
15250 2 2 5 1 4283 4142 7613
15251 2 2 5 1 7160 3091 7188
15252 2 2 5 1 2741 2743 7379
15253 2 2 5 1 4142 4343 7613
15254 2 2 5 1 6739 6737 7617
15255 2 2 5 1 2660 2662 7325
15256 2 2 5 1 4180 4854 7694
15257 2 2 5 1 3066 6740 7346
15258 2 2 5 1 7236 4399 7438
15259 2 2 5 1 2311 2314 7340
15260 2 2 5 1 1678 1681 7380
15261 2 2 5 1 4489 1331 7371
15262 2 2 5 1 2307 2309 7344
15263 2 2 5 1 4248 2943 7561
15264 2 2 5 1 2747 4248 7349
15265 2 2 5 1 2340 2342 7351
15266 2 2 5 1 929 927 7396
15267 2 2 5 1 7181 3097 7182
15268 2 2 5 1 7110 2775 7650
15269 2 2 5 1 7057 2715 7144
15270 2 2 5 1 4735 7043 7405
15271 2 2 5 1 4009 6503 7574
15272 2 2 5 1 6767 4788 7515
15273 2 2 5 1 1204 1206 7421
15274 2 2 5 1 7190 3178 7191
15275 2 2 5 1 6502 2708 7502
15276 2 2 5 1 3677 3592 7411
15277 2 2 5 1 944 6577 7712
15278 2 2 5 1 6883 4835 7298
15279 2 2 5 1 5144 7011 7643
15280 2 2 5 1 938 7217 7218
15281 2 2 5 1 4638 6658 7696
15282 2 2 5 1 6999 874 7616
15283 2 2 5 1 2383 2583 7383
15284 2 2 5 1 7386 4085 7675
15285 2 2 5 1 3592 3683 7411
15286 2 2 5 1 2562 2688 7699
15287 2 2 5 1 7335 4198 7554
15288 2 2 5 1 7125 4914 7605
15289 2 2 5 1 2658 2656 7654
15290 2 2 5 1 6922 6843 7658
15291 2 2 5 1 5187 7289 7563
15292 2 2 5 1 6585 7190 7191
15293 2 2 5 1 7043 4735 7541
15294 2 2 5 1 7159 4384 7286
15295 2 2 5 1 7629 2946 7630
15296 2 2 5 1 6929 3981 7598
15297 2 2 5 1 2564 2562 7699
15298 2 2 5 1 2577 6469 7362
15299 2 2 5 1 2558 4210 7395
15300 2 2 5 1 7229 3286 7520
15301 2 2 5 1 6719 2329 7419
15302 2 2 5 1 4860 4305 7687
15303 2 2 5 1 6675 4517 7598
15304 2 2 5 1 7369 921 7370
15305 2 2 5 1 7068 4410 7620
15306 2 2 5 1 4265 7146 7486
15307 2 2 5 1 7373 4598 7374
15308 2 2 5 1 7613 7110 7650
15309 2 2 5 1 2715 7143 7144
15310 2 2 5 1 1327 7085 7457
15311 2 2 5 1 7553 2924 7719
15312 2 2 5 1 4918 4181 7701
15313 2 2 5 1 7128 4690 7587
15314 2 2 5 1 6898 2832 7287
15315 2 2 5 1 6951 3038 7448
15316 2 2 5 1 7104 7407 7577
15317 2 2 5 1 7445 6677 7593
15318 2 2 5 1 2344 7006 7578
15319 2 2 5 1 1778 6588 7563
15320 2 2 5 1 6677 4176 7593
15321 2 2 5 1 2401 6911 7419
15322 2 2 5 1 7443 6929 7598
15323 2 2 5 1 6590 7229 7520
15324 2 2 5 1 7341 4508 7591
15325 2 2 5 1 6887 1219 7294
15326 2 2 5 1 6655 3119 7593
15327 2 2 5 1 4491 2077 7664
15328 2 2 5 1 3085 7176 7581
15329 2 2 5 1 6910 1204 7421
15330 2 2 5 1 7286 6898 7287
15331 2 2 5 1 3981 6675 7598
15332 2 2 5 1 7096 4729 7693
15333 2 2 5 1 7226 3114 7470
15334 2 2 5 1 1970 7116 7380
15335 2 2 5 1 1207 4865 7685
15336 2 2 5 1 7289 7290 7563
15337 2 2 5 1 4176 6655 7593
15338 2 2 5 1 2339 7278 7403
15339 2 2 5 1 6980 6561 7633
15340 2 2 5 1 4122 7382 7659
15341 2 2 5 1 3122 7213 7645
15342 2 2 5 1 2702 7231 7568
15343 2 2 5 1 2688 7275 7699
15344 2 2 5 1 2833 7166 7643
15345 2 2 5 1 7350 4135 7725
15346 2 2 5 1 7289 2918 7290
15347 2 2 5 1 4715 7057 7144
15348 2 2 5 1 4197 7303 7554
15349 2 2 5 1 2749 4161 7674
15350 2 2 5 1 7015 2383 7383
15351 2 2 5 1 6561 7258 7633
15352 2 2 5 1 6469 7057 7362
15353 2 2 5 1 7312 5210 7632
15354 2 2 5 1 6948 6619 7621
15355 2 2 5 1 2590 6981 7352
15356 2 2 5 1 7028 1656 7637
15357 2 2 5 1 4515 7418 7558
15358 2 2 5 1 6924 4656 7550
15359 2 2 5 1 3706 7308 7636
15360 2 2 5 1 4217 7325 7326
15361 2 2 5 1 3103 7551 7623
15362 2 2 5 1 7488 6502 7502
15363 2 2 5 1 2656 7309 7654
15364 2 2 5 1 7245 2363 7306
15365 2 2 5 1 4251 6591 7641
15366 2 2 5 1 7478 4578 7527
15367 2 2 5 1 7388 3549 7611
15368 2 2 5 1 6929 3117 7376
15369 2 2 5 1 6518 7332 7349
15370 2 2 5 1 7203 819 7449
15371 2 2 5 1 6658 7348 7696
15372 2 2 5 1 6503 4712 7574
15373 2 2 5 1 7092 2856 7591
15374 2 2 5 1 4216 7286 7287
15375 2 2 5 1 7697 2846 7723
15376 2 2 5 1 6122 7590 7679
15377 2 2 5 1 7590 4495 7679
15378 2 2 5 1 4927 7388 7611
15379 2 2 5 1 7504 1321 7609
15380 2 2 5 1 3119 7445 7593
15381 2 2 5 1 7348 4136 7696
15382 2 2 5 1 6661 2919 7537
15383 2 2 5 1 7275 4931 7680
15384 2 2 5 1 7290 1778 7563
15385 2 2 5 1 929 7396 7642
15386 2 2 5 1 7511 6833 7592
15387 2 2 5 1 6751 4486 7664
15388 2 2 5 1 2869 7386 7628
15389 2 2 5 1 7428 2702 7568
15390 2 2 5 1 7027 4120 7601
15391 2 2 5 1 7275 4433 7699
15392 2 2 5 1 7435 4801 7662
15393 2 2 5 1 4160 7629 7630
15394 2 2 5 1 7057 4715 7362
15395 2 2 5 1 4517 7443 7598
15396 2 2 5 1 4861 7456 7652
15397 2 2 5 1 6843 7302 7658
15398 2 2 5 1 7583 2906 7644
15399 2 2 5 1 7360 4251 7641
15400 2 2 5 1 4764 7528 7676
15401 2 2 5 1 2912 7198 7594
15402 2 2 5 1 7228 4764 7676
15403 2 2 5 1 985 7192 7327
15404 2 2 5 1 7327 2940 7625
15405 2 2 5 1 7648 3175 7716
15406 2 2 5 1 4865 7439 7685
15407 2 2 5 1 7177 1352 7529
15408 2 2 5 1 7616 874 7702
15409 2 2 5 1 7413 2795 7727
15410 2 2 5 1 7594 2913 7691
15411 2 2 5 1 7350 7228 7676
15412 2 2 5 1 2316 7459 7680
15413 2 2 5 1 1320 7504 7609
15414 2 2 5 1 4706 7330 7559
15415 2 2 5 1 7238 3293 7708
15416 2 2 5 1 7309 7044 7654
15417 2 2 5 1 4398 7241 7721
15418 2 2 5 1 1198 7538 7718
15419 2 2 5 1 2912 7594 7691
15420 2 2 5 1 7148 2913 7223
15421 2 2 5 1 4682 7350 7676
15422 2 2 5 1 7003 939 7666
15423 2 2 5 1 4408 7311 7600
15424 2 2 5 1 7657 4259 7684
15425 2 2 5 1 7473 6467 7670
15426 2 2 5 1 7400 4019 7528
15427 2 2 5 1 7387 4437 7586
15428 2 2 5 1 7548 4325 7678
15429 2 2 5 1 4258 7657 7684
15430 2 2 5 1 1419 7553 7719
15431 2 2 5 1 7442 4438 7713
15432 2 2 5 1 2898 7548 7678
15433 2 2 5 1 3738 7106 7686
15434 2 2 5 1 985 7327 7625
15435 2 2 5 1 7311 2775 7600
15436 2 2 5 1 7241 3652 7721
15437 2 2 5 1 4222 7478 7527
15438 2 2 5 1 7176 7147 7581
15439 2 2 5 1 7106 3739 7686
15440 2 2 5 1 7231 4694 7568
15441 2 2 5 1 7382 4775 7659
15442 2 2 5 1 1420 7360 7641
15443 2 2 5 1 6717 7428 7568
15444 2 2 5 1 7445 3082 7647
15445 2 2 5 1 3120 7473 7670
15446 2 2 5 1 7551 7184 7623
15447 2 2 5 1 2844 7697 7723
15448 2 2 5 1 946 7218 7624
15449 2 2 5 1 2755 7351 7562
15450 2 2 5 1 2610 7583 7644
15451 2 2 5 1 872 7616 7702
15452 2 2 5 1 1478 6620 6621
15453 2 2 5 1 3728 4677 6974
15454 2 2 5 1 4887 6482 6953
$EndElements
