x,y,u,v,p,fluid
0.0008333333333333333,0.0004166666666666667,0.0003688343896412746,6.558280517936269e-05,0.024834501752842766,1
0.0024999999999999996,0.0004166666666666667,0.00018609038433367516,2.578919747443705e-05,0.019215165992345892,1
0.004166666666666667,0.0004166666666666667,0.00011481714665763926,9.847421363580923e-06,0.017720396323681935,1
0.005833333333333333,0.0004166666666666667,8.653476565106936e-05,4.293769139704038e-06,0.017130218797571765,1
0.0075,0.0004166666666666667,7.385013885538938e-05,2.0485442581359494e-06,0.01678547850329898,1
0.009166666666666667,0.0004166666666666667,6.773782615435447e-05,1.0076120923814947e-06,0.01651832973741802,1
0.010833333333333332,0.0004166666666666667,6.474058900483322e-05,4.910064823791301e-07,0.016275467281122,1
0.012499999999999999,0.0004166666666666667,6.329772753768496e-05,2.3042425119500026e-07,0.01603800243409459,1
0.014166666666666666,0.0004166666666666667,6.263483525106507e-05,1.0102189211492872e-07,0.015799488332841678,1
0.01583333333333333,0.0004166666666666667,6.235434699464182e-05,3.922223609668536e-08,0.015558276201070354,1
0.017499999999999998,0.0004166666666666667,6.225276959911501e-05,1.1566461666741967e-08,0.015314470863874443,1
0.019166666666666665,0.0004166666666666667,6.222867755270246e-05,4.795615395351395e-10,0.015068679931478774,1
0.020833333333333332,0.0004166666666666667,6.223381889962918e-05,-3.0502350029010027e-09,0.014821530618968666,1
0.0225,0.0004166666666666667,6.224683618713864e-05,-3.4584087518272323e-09,0.014573518432639059,1
0.024166666666666666,0.0004166666666666667,6.22593812730491e-05,-2.8141342034022995e-09,0.014324988407940708,1
0.025833333333333333,0.0004166666666666667,6.226898358244629e-05,-1.9870204952073397e-09,0.014076162128674324,1
0.027499999999999997,0.0004166666666666667,6.227553231170221e-05,-1.2873441327825403e-09,0.013827174119276387,1
0.029166666666666664,0.0004166666666666667,6.22796732392765e-05,-7.83119654385224e-10,0.013578102095340135,1
0.03083333333333333,0.0004166666666666667,6.228214341664738e-05,-4.5196903105573823e-10,0.013328988877810834,1
0.0325,0.0004166666666666667,6.228354412745438e-05,-2.483863724525938e-10,0.013079856929704124,1
0.034166666666666665,0.0004166666666666667,6.228430051315986e-05,-1.2980648028864625e-10,0.01283071739335084,1
0.03583333333333333,0.0004166666666666667,6.228468824647336e-05,-6.406017645705054e-11,0.012581575415453386,1
0.0375,0.0004166666666666667,6.228487512153484e-05,-2.93773542592031e-11,0.012332433135452743,1
0.03916666666666666,0.0004166666666666667,6.228495801836542e-05,-1.2071060995166789e-11,0.01208329128312146,1
0.04083333333333333,0.0004166666666666667,6.228499019355263e-05,-4.0165325749840375e-12,0.01183414998851058,1
0.042499999999999996,0.0004166666666666667,6.228499948319363e-05,-6.282879071268698e-13,0.011585009166907535,1
0.04416666666666667,0.0004166666666666667,6.22849996252311e-05,5.572692013100818e-13,0.01133586868605667,1
0.04583333333333333,0.0004166666666666667,6.228499691402785e-05,7.983324760575075e-13,0.011086728428731861,1
0.047499999999999994,0.0004166666666666667,6.228499393111953e-05,6.931217466391887e-13,0.010837588308661276,1
0.049166666666666664,0.0004166666666666667,6.228499153533537e-05,5.047703913295746e-13,0.010588448268316513,1
0.05083333333333333,0.0004166666666666667,6.228498985931329e-05,3.3324071420199834e-13,0.010339308272035297,1
0.0525,0.0004166666666666667,6.228498878179813e-05,2.0551691292193085e-13,0.010090168298932606,1
0.05416666666666666,0.0004166666666666667,6.228498813071618e-05,1.2002407436970216e-13,0.009841028337375069,1
0.05583333333333333,0.0004166666666666667,6.228498775714305e-05,6.67624597329741e-14,0.00959188838119264,1
0.057499999999999996,0.0004166666666666667,6.228498755282519e-05,3.539639017707512e-14,0.0093427484272826,1
0.059166666666666666,0.0004166666666666667,6.22849874464003e-05,1.7815998080559146e-14,0.009093608474182396,1
0.06083333333333333,0.0004166666666666667,6.228498739392095e-05,8.423662549522328e-15,0.008844468521261932,1
0.06249999999999999,0.0004166666666666667,6.228498736976199e-05,3.6558561561715824e-15,0.008595328568288117,1
0.06416666666666666,0.0004166666666666667,6.228498735969604e-05,1.3772032480010446e-15,0.008346188615201892,1
0.06583333333333333,0.0004166666666666667,6.228498735619701e-05,3.7234646350945903e-16,0.00809704866201067,1
0.06749999999999999,0.0004166666666666667,6.22849873554881e-05,-1.7943810937813704e-17,0.007847908708740465,1
0.06916666666666667,0.0004166666666666667,6.228498735579133e-05,-1.3372679653332136e-16,0.007598768755417058,1
0.07083333333333333,0.0004166666666666667,6.228498735634084e-05,-1.4107527693945379e-16,0.00734962880206032,1
0.0725,0.0004166666666666667,6.228498735685466e-05,-1.1581101081441738e-16,0.007100488848683765,1
0.07416666666666666,0.0004166666666666667,6.228498735726434e-05,-8.894168225787577e-17,0.006851348895295792,1
0.07583333333333332,0.0004166666666666667,6.228498735758344e-05,-7.057921488366486e-17,0.006602208941901167,1
0.0775,0.0004166666666666667,6.228498735784749e-05,-6.144896687633685e-17,0.00635306898850216,1
0.07916666666666666,0.0004166666666666667,6.22849873580848e-05,-5.721723362228828e-17,0.006103929035099236,1
0.08083333333333333,0.0004166666666666667,6.228498735829699e-05,-4.888417240217403e-17,0.00585478908169146,1
0.08249999999999999,0.0004166666666666667,6.228498735843633e-05,-2.078583791461476e-17,0.0056056491282766956,1
0.08416666666666667,0.0004166666666666667,6.228498735837227e-05,5.2824104507490694e-17,0.00535650917485187,1
0.08583333333333333,0.0004166666666666667,6.228498735784155e-05,2.1254704080752229e-16,0.0051073692214134965,1
0.0875,0.0004166666666666667,6.228498735638304e-05,5.167392602719959e-16,0.0048582292679589635,1
0.08916666666666666,0.0004166666666666667,6.228498735326656e-05,1.0415068871483085e-15,0.004609089314489173,1
0.09083333333333332,0.0004166666666666667,6.228498734743824e-05,1.8726256240615105e-15,0.004359949361013225,1
0.0925,0.0004166666666666667,6.228498733752968e-05,3.0816654683650734e-15,0.004110809407555965,1
0.09416666666666666,0.0004166666666666667,6.228498732200913e-05,4.678603700746147e-15,0.0038616694541690833,1
0.09583333333333333,0.0004166666666666667,6.228498729959303e-05,6.5294867271188135e-15,0.0036125295009458444,1
0.09749999999999999,0.0004166666666666667,6.228498727007197e-05,8.231133206190352e-15,0.0033633895480383704,1
0.09916666666666667,0.0004166666666666667,6.228498723572843e-05,8.940681217694489e-15,0.003114249595674533,1
0.10083333333333333,0.0004166666666666667,6.228498720351294e-05,7.167042344804433e-15,0.0028651096441688903,1
0.1025,0.0004166666666666667,6.228498718810665e-05,5.360543629975268e-16,0.0026159696939192572,1
0.10416666666666666,0.0004166666666666667,6.22849872158118e-05,-1.4388637732679868e-14,0.0023668297453791984,1
0.10583333333333332,0.0004166666666666667,6.22849873289387e-05,-4.217480011204992e-14,0.0021176897989735603,1
0.1075,0.0004166666666666667,6.228498759019548e-05,-8.845353364171851e-14,0.0018685498549597646,1
0.10916666666666666,0.0004166666666666667,6.22849880859762e-05,-1.5943678734083237e-13,0.0016194099132020247,1
0.11083333333333333,0.0004166666666666667,6.228498892687208e-05,-2.61011161465854e-13,0.0013702699728430432,1
0.11249999999999999,0.0004166666666666667,6.228499024365968e-05,-3.9738266045921385e-13,0.0011211300318654997,1
0.11416666666666665,0.0004166666666666667,6.228499217815191e-05,-5.698634361394845e-13,0.0008719900865329446,1
0.11583333333333333,0.0004166666666666667,6.22849948757757e-05,-7.789484299046539e-13,0.0006228501305974941,1
0.1175,0.0004166666666666667,6.228499851369018e-05,-1.0400088016924146e-12,0.0003737101531800122,1
0.11916666666666666,0.0004166666666666667,6.228500341657073e-05,-1.4114314442071908e-12,0.00012457013094378623,1
0.0008333333333333333,0.00125,0.0004675210964959768,0.00014740506211073697,0.022583112302031423,1
0.0024999999999999996,0.00125,0.0003797772181663618,7.921088236166996e-05,0.019414570362415708,1
0.004166666666666667,0.00125,0.00028977314439849837,3.706439219829769e-05,0.01796672068584147,1
0.005833333333333333,0.00125,0.00023610216744054783,1.805347728724751e-05,0.01727513647116909,1
0.0075,0.00125,0.00020711600531427558,9.124230571568595e-06,0.01686451306858623,1
0.009166666666666667,0.00125,0.00019179108448044813,4.65054254638002e-06,0.01656067704197046,1
0.010833333333333332,0.00125,0.0001838178985090929,2.3332875888188547e-06,0.016297714119127116,1
0.012499999999999999,0.00125,0.0001797779578309613,1.1295442173952147e-06,0.016049339467779034,1
0.014166666666666666,0.00125,0.00017781270703434105,5.159734675347676e-07,0.0158050190291046,1
0.01583333333333333,0.00125,0.0001769128775768443,2.1442951763683946e-07,0.015560810540252433,1
0.017499999999999998,0.00125,0.0001765385649681892,7.430418221756089e-08,0.01531552392451759,1
0.019166666666666665,0.00125,0.00017640886532756104,1.4637684509066512e-08,0.01506904325580605,1
0.020833333333333332,0.00125,0.00017638339071742988,-7.0417263702504194e-09,0.014821600310576829,1
0.0225,0.00125,0.00017639576308309187,-1.2161743970242245e-08,0.014573481878054875,1
0.024166666666666666,0.00125,0.00017641705982822343,-1.1031714506022392e-08,0.014324927265558871,1
0.025833333333333333,0.00125,0.0001764363582139813,-8.21978777012852e-09,0.014076107051098036,1
0.027499999999999997,0.00125,0.00017645072766521436,-5.5136671023832e-09,0.013827133226869626,1
0.029166666666666664,0.00125,0.00017646036097559352,-3.4439156615222447e-09,0.013578074733811446,1
0.03083333333333333,0.00125,0.00017646637506779796,-2.0333078115707463e-09,0.013328971822375324,1
0.0325,0.00125,0.0001764699241436387,-1.1419409158503761e-09,0.013079846878934601,1
0.034166666666666665,0.00125,0.00017647191642251712,-6.105842288724965e-10,0.012830711759162882,1
0.03583333333333333,0.00125,0.00017647298113843314,-3.095070426414792e-10,0.012581572408869935,1
0.0375,0.00125,0.00017647352053916582,-1.4706838515836428e-10,0.012332431614834428,1
0.03916666666666666,0.00125,0.00017647377666705398,-6.389238947629322e-11,0.012083290562570768,1
0.04083333333333333,0.00125,0.00017647388783151476,-2.3865028121765245e-11,0.011834149676676198,1
0.042499999999999996,0.00125,0.0001764739292843298,-6.151020419723644e-12,0.0115850090512024,1
0.04416666666666667,0.00125,0.00017647393991683825,6.927287490066668e-13,0.011335868656834698,1
0.04583333333333333,0.00125,0.00017647393865888165,2.6474528762602275e-12,0.011086728432663546,1
0.047499999999999994,0.00125,0.00017647393401909128,2.655350738836216e-12,0.010837588321938532,1
0.049166666666666664,0.00125,0.0001764739293789899,2.060484225424093e-12,0.010588448281483396,1
0.05083333333333333,0.00125,0.0001764739257823193,1.4138732887216494e-12,0.010339308282203941,1
0.0525,0.00125,0.00017647392331575986,8.969217325416135e-13,0.010090168305890247,1
0.05416666666666666,0.00125,0.0001764739217516048,5.36237811712119e-13,0.00984102834177998,1
0.05583333333333333,0.00125,0.0001764739208166661,3.048046680991835e-13,0.009591888383822359,1
0.057499999999999996,0.00125,0.00017647392028529758,1.6519734893925936e-13,0.009342748428775909,1
0.059166666666666666,0.00125,0.00017647391999730662,8.522295316141092e-14,0.00909360847499137,1
0.06083333333333333,0.00125,0.00017647391984871216,4.1553644656674687e-14,0.008844468521679359,1
0.06249999999999999,0.00125,0.00017647391977623094,1.8845952672723433e-14,0.008595328568491887,1
0.06416666666666666,0.00125,0.00017647391974333332,7.668867717070892e-15,0.008346188615294561,1
0.06583333333333333,0.00125,0.00017647391972992743,2.5331425274797443e-15,0.008097048662048594,1
0.06749999999999999,0.00125,0.0001764739197254865,3.961627304304882e-16,0.007847908708753154,1
0.06916666666666667,0.00125,0.00017647391972478588,-3.491794975700261e-16,0.007598768755419144,1
0.07083333333333333,0.00125,0.00017647391972540073,-5.078664131943678e-16,0.007349628802058598,1
0.0725,0.00125,0.000176473919726311,-4.610122686004057e-16,0.007100488848681089,1
0.07416666666666666,0.00125,0.00017647391972716012,-3.7297340636683237e-16,0.00685134889529316,1
0.07583333333333332,0.00125,0.00017647391972787574,-3.0378751862115e-16,0.0066022089418987925,1
0.0775,0.00125,0.00017647391972848268,-2.637639734874685e-16,0.006353068988500033,1
0.07916666666666666,0.00125,0.00017647391972900662,-2.3562804173680005e-16,0.006103929035097458,1
0.08083333333333333,0.00125,0.00017647391972941005,-1.7833032387500378e-16,0.005854789081690525,1
0.08249999999999999,0.00125,0.00017647391972952606,-1.9009330272669883e-17,0.005605649128277831,1
0.08416666666666667,0.00125,0.00017647391972896927,3.615211061910906e-16,0.005356509174857515,1
0.08583333333333333,0.00125,0.00017647391972701456,1.1466759551495068e-15,0.005107369221427898,1
0.0875,0.00125,0.00017647391972244926,2.5946064789602514e-15,0.0048582292679888546,1
0.08916666666666666,0.00125,0.00017647391971342813,5.0324223266892764e-15,0.0046090893145443,1
0.09083333333333332,0.00125,0.00017647391969739925,8.810225994375918e-15,0.004359949361106293,1
0.0925,0.00125,0.00017647391967122892,1.4183515347913973e-14,0.004110809407701262,1
0.09416666666666666,0.00125,0.0001764739196317332,2.10849847837876e-14,0.003861669454378577,1
0.09583333333333333,0.00125,0.00017647391957691525,2.8740241523633424e-14,0.0036125295012211897,1
0.09749999999999999,0.00125,0.00017647391950829206,3.509263976362132e-14,0.0033633895483568474,1
0.09916666666666667,0.00125,0.0001764739194347337,3.603020202769279e-14,0.003114249595966908,1
0.10083333333333333,0.00125,0.00017647391937819208,2.44560021862378e-14,0.0028651096442876105,1
0.1025,0.00125,0.000176473919381568,-1.0737769927090157e-14,0.00261596969359638,1
0.10416666666666666,0.00125,0.00017647391951825046,-8.530861038894518e-14,0.0023668297441800964,1
0.10583333333333332,0.00125,0.00017647391990272056,-2.200532867072585e-13,0.0021176897962443377,1
0.1075,0.00125,0.00017647392070060163,-4.401438809253086e-13,0.0018685498497877614,1
0.10916666666666666,0.00125,0.00017647392213487173,-7.727717287800782e-13,0.0016194099044030013,1
0.11083333333333333,0.00125,0.0001764739244840515,-1.2427140086769992e-12,0.0013702699590001813,1
0.11249999999999999,0.00125,0.00017647392806703285,-1.8655643259524315e-12,0.0011211300114470227,1
0.11416666666666665,0.00125,0.0001764739332090605,-2.6399417264637934e-12,0.0008719900581098388,1
0.11583333333333333,0.00125,0.0001764739401838852,-3.5450943689444134e-12,0.000622850093197698,1
0.1175,0.00125,0.00017647394911190521,-4.556830017950965e-12,0.0003737101073639982,1
0.11916666666666666,0.00125,0.0001764739596542937,-5.61724465027107e-12,0.00012457008781816212,1
0.0008333333333333333,0.0020833333333333333,0.0005060117688295621,0.00016063862944796755,0.020923254929021192,1
0.0024999999999999996,0.0020833333333333333,0.00047738060357462524,0.00012416483681671522,0.01918935182724664,1
0.004166666666666667,0.0020833333333333333,0.00041015666731072714,7.072444275913321e-05,0.018026073095472432,1
0.005833333333333333,0.0020833333333333333,0.00035606094042211665,3.8276778649692504e-05,0.017350684475270845,1
0.0075,0.0020833333333333333,0.00032186183027796227,2.0493565344336976e-05,0.01691733353718818,1
0.009166666666666667,0.0020833333333333333,0.00030209276100163574,1.0828202828688622e-05,0.01659308218365003,1
0.010833333333333332,0.0020833333333333333,0.00029120702636009985,5.585087612955813e-06,0.016316467870198574,1
0.012499999999999999,0.0020833333333333333,0.0002854491380247693,2.7766586999893152e-06,0.016059745835733042,1
0.014166666666666666,0.0020833333333333333,0.0002825337902354049,1.3091582779329838e-06,0.01581056456890483,1
0.01583333333333333,0.0020833333333333333,0.0002811360922230959,5.700084421415014e-07,0.015563635480262811,1
0.017499999999999998,0.0020833333333333333,0.00028051519284217984,2.163312524984768e-07,0.015316885211576026,1
0.019166666666666665,0.0020833333333333333,0.0002802716015716408,5.9256069811740476e-08,0.015069651063191962,1
0.020833333333333332,0.0020833333333333333,0.0002801986265996467,-2.435320610279424e-09,0.014821840724182883,1
0.0225,0.0020833333333333333,0.00028019462151702,-2.095179124793623e-08,0.014573554880313217,1
0.024166666666666666,0.0020833333333333333,0.00028021283340123806,-2.199598190312415e-08,0.01432493234359402,1
0.025833333333333333,0.0020833333333333333,0.00028023383793279787,-1.7406979031886636e-08,0.014076090019948367,1
0.027499999999999997,0.0020833333333333333,0.00028025101157677467,-1.2098023445521623e-08,0.013827113169035909,1
0.029166666666666664,0.0020833333333333333,0.000280263161008001,-7.750930121082354e-09,0.013578058224673013,1
0.03083333333333333,0.0020833333333333333,0.00028027103917502023,-4.672422963861685e-09,0.013328960103337823,1
0.0325,0.0020833333333333333,0.0002802758335536909,-2.674553019288428e-09,0.013079839263615884,1
0.034166666666666665,0.0020833333333333333,0.0002802786010470572,-1.457858247870335e-09,0.012830707117613386,1
0.03583333333333333,0.0020833333333333333,0.00028028012204512904,-7.550900175615992e-10,0.012581569726239986,1
0.0375,0.0020833333333333333,0.00028028091692450143,-3.686254627965067e-10,0.012332430138749925,1
0.03916666666666666,0.0020833333333333333,0.0002802813092183016,-1.6654615602791586e-10,0.012083289790166521,1
0.04083333333333333,0.0020833333333333333,0.00028028148915794414,-6.676331328827149e-11,0.011834149294825458,1
0.042499999999999996,0.0020833333333333333,0.0002802815631467938,-2.0973567620005303e-11,0.011585008875590094,1
0.04416666666666667,0.0020833333333333333,0.0002802815878253155,-2.1402391539199743e-12,0.011335868584313787,1
0.04583333333333333,0.0020833333333333333,0.000280281591758654,4.1427297082173595e-12,0.011086728408147343,1
0.047499999999999994,0.0020833333333333333,0.00028028158841879346,5.1498992848276994e-12,0.010837588317707937,1
0.049166666666666664,0.0020833333333333333,0.00028028158358722375,4.301771166893151e-12,0.010588448284450751,1
0.05083333333333333,0.0020833333333333333,0.0002802815793829499,3.073058470855268e-12,0.01033930828671638,1
0.0525,0.0020833333333333333,0.00028028157631739404,2.003794148877909e-12,0.010090168309860717,1
0.05416666666666666,0.0020833333333333333,0.0002802815742916878,1.2242960286730493e-12,0.009841028344689471,1
0.05583333333333333,0.0020833333333333333,0.0002802815730413268,7.093963863095467e-13,0.00959188838575084,1
0.057499999999999996,0.0020833333333333333,0.0002802815723104121,3.917473443726409e-13,0.00934274842996919,1
0.059166666666666666,0.0020833333333333333,0.00028028157190334755,2.0620084139014553e-13,0.009093608475690646,1
0.06083333333333333,0.0020833333333333333,0.0002802815716871517,1.0297108836514561e-13,0.008844468522069944,1
0.06249999999999999,0.0020833333333333333,0.0002802815715780486,4.8220585391567503e-14,0.00859532856870013,1
0.06416666666666666,0.0020833333333333333,0.0002802815715262498,2.0642296370871028e-14,0.008346188615400207,1
0.06583333333333333,0.0020833333333333333,0.0002802815715036128,7.581041929823508e-15,0.008097048662099138,1
0.06749999999999999,0.0020833333333333333,0.0002802815714949724,1.888968245955325e-15,0.007847908708775496,1
0.06916666666666667,0.0020833333333333333,0.0002802815714925557,-2.832429942903079e-16,0.0075987687554278285,1
0.07083333333333333,0.0020833333333333333,0.0002802815714926055,-9.061048341852986e-16,0.007349628802061067,1
0.0725,0.0020833333333333333,0.0002802815714934412,-9.356887731044842e-16,0.00710048884868099,1
0.07416666666666666,0.0020833333333333333,0.00028028157149439766,-8.01072360740557e-16,0.006851348895292142,1
0.07583333333333332,0.0020833333333333333,0.0002802815714952699,-6.695792977382948e-16,0.006602208941897571,1
0.0775,0.0020833333333333333,0.0002802815714960258,-5.793720906555681e-16,0.00635306898849897,1
0.07916666666666666,0.0020833333333333333,0.00028028157149665307,-4.956719916882951e-16,0.006103929035096929,1
0.08083333333333333,0.0020833333333333333,0.00028028157149705764,-3.223336739464454e-16,0.005854789081691204,1
0.08249999999999999,0.0020833333333333333,0.00028028157149696505,1.1327945566937327e-16,0.005605649128280983,1
0.08416666666666667,0.0020833333333333333,0.0002802815714957955,1.0924594103774058e-15,0.005356509174865339,1
0.08583333333333333,0.0020833333333333333,0.00028028157149250367,3.039116148234518e-15,0.00510736922144386,1
0.0875,0.0020833333333333333,0.0002802815714853965,6.538556377882678e-15,0.004858229268017974,1
0.08916666666666666,0.0020833333333333333,0.00028028157147197186,1.2311341263702246e-14,0.004609089314593128,1
0.09083333333333332,0.0020833333333333333,0.00028028157144888513,2.1089014057065222e-14,0.004359949361182203,1
0.0925,0.0020833333333333333,0.00028028157141222614,3.3319401684165884e-14,0.004110809407810432,1
0.09416666666666666,0.0020833333333333333,0.0002802815713583989,4.861066707451531e-14,0.003861669454521806,1
0.09583333333333333,0.0020833333333333333,0.0002802815712860161,6.481503179795867e-14,0.0036125295013864325,1
0.09749999999999999,0.0020833333333333333,0.0002802815711993225,7.66763867764381e-14,0.0033633895485072904,1
0.09916666666666667,0.0020833333333333333,0.0002802815711137036,7.403521017100982e-14,0.003114249596023526,1
0.10083333333333333,0.0020833333333333333,0.0002802815710637417,3.9702654414186735e-14,0.0028651096441055664,1
0.1025,0.0020833333333333333,0.00028028157111398456,-5.279387468048701e-14,0.00261596969293793,1
0.10416666666666666,0.0020833333333333333,0.0002802815713718206,-2.405117369568961e-13,0.002366829742683681,1
0.10583333333333332,0.0020833333333333333,0.00028028157200147105,-5.719103713604462e-13,0.0021176897933963754,1
0.1075,0.0020833333333333333,0.0002802815732364742,-1.104728762557923e-12,0.0018685498449102565,1
0.10916666666666666,0.0020833333333333333,0.00028028157538601624,-1.9000927815617764e-12,0.0016194098966665535,1
0.11083333333333333,0.0020833333333333333,0.00028028157882901186,-3.0114806129524855e-12,0.0013702699474831509,1
0.11249999999999999,0.0020833333333333333,0.000280281583987491,-4.467528040862825e-12,0.0011211299952646153,1
0.11416666666666665,0.0020833333333333333,0.00028028159126774674,-6.249119703523967e-12,0.000871990036653589,1
0.11583333333333333,0.0020833333333333333,0.0002802816009486401,-8.26377537219111e-12,0.0006228500666238875,1
0.1175,0.0020833333333333333,0.000280281612963679,-1.0309678418270216e-11,0.0003737100780663525,1
0.11916666666666666,0.0020833333333333333,0.00028028162648251426,-1.1895008008296592e-11,0.00012457006550090213,1
0.0008333333333333333,0.002916666666666667,0.0005191036808581437,0.00014808090460411468,0.019733473530282913,1
0.0024999999999999996,0.002916666666666667,0.0005245428980378451,0.00014831853569818577,0.018822572878535167,1
0.004166666666666667,0.002916666666666667,0.0004883130554731176,9.829763329197542e-05,0.01796603846070943,1
0.005833333333333333,0.002916666666666667,0.00044738179731627567,5.821708063957652e-05,0.017367428690780853,1
0.0075,0.002916666666666667,0.00041687921419543026,3.290410998695293e-05,0.01694393739592325,1
0.009166666666666667,0.002916666666666667,0.00039747085257802557,1.800637363293827e-05,0.016614213808182773,1
0.010833333333333332,0.002916666666666667,0.00038610428596006147,9.533067438456141e-06,0.01633061460361773,1
0.012499999999999999,0.002916666666666667,0.0003798180896624937,4.850721190938117e-06,0.016068468914957862,1
0.014166666666666666,0.002916666666666667,0.00037651309098856334,2.345269018631565e-06,0.015815653644297156,1
0.01583333333333333,0.002916666666666667,0.0003748667435950377,1.0559204043602821e-06,0.01556646929615649,1
0.017499999999999998,0.002916666666666667,0.0003740996625471088,4.2440950470218817e-07,0.015318392827657465,1
0.019166666666666665,0.002916666666666667,0.00037377517408677485,1.3521768304451307e-07,0.015070413943930366,1
0.020833333333333332,0.002916666666666667,0.00037365980034090925,1.577742508684159e-08,0.014822204007790593,1
0.0225,0.002916666666666667,0.0003736348328271242,-2.4678238739223296e-08,0.014573713654794616,1
0.024166666666666666,0.002916666666666667,0.00037364341926392935,-3.166869492340953e-08,0.014324992361992557,1
0.025833333333333333,0.002916666666666667,0.0003736604605259553,-2.6757162804485534e-08,0.01407610611942785,1
0.027499999999999997,0.002916666666666667,0.0003736763078655337,-1.9258331450496805e-08,0.013827112092403657,1
0.029166666666666664,0.002916666666666667,0.00037368824250201196,-1.2632655968337423e-08,0.013578052076157674,1
0.03083333333333333,0.002916666666666667,0.0003736962974633586,-7.757261299543244e-09,0.013328953760849497,1
0.0325,0.002916666666666667,0.00037370135014978497,-4.513247232132939e-09,0.01307983428002679,1
0.034166666666666665,0.002916666666666667,0.0003737043433568758,-2.4995142636701935e-09,0.012830703669651049,1
0.03583333333333333,0.002916666666666667,0.00037370602947054207,-1.3169898708216317e-09,0.012581567525089859,1
0.0375,0.002916666666666667,0.00037370693376085923,-6.56310454343819e-10,0.0123324288160413,1
0.03916666666666666,0.002916666666666667,0.00037370739374018003,-3.04997724943496e-10,0.01208328903529398,1
0.04083333333333333,0.002916666666666667,0.0003737076133042229,-1.2806358706206236e-10,0.011834148884563985,1
0.042499999999999996,0.002916666666666667,0.0003737077093659132,-4.469856373335892e-11,0.011585008663724734,1
0.04416666666666667,0.002916666666666667,0.00037370774574772576,-8.945410122368858e-12,0.011335868481187951,1
0.04583333333333333,0.002916666666666667,0.00037370775555371717,4.078235641172618e-12,0.011086728361799416,1
0.047499999999999994,0.002916666666666667,0.0003737077549701705,7.176096956720444e-12,0.010837588299143773,1
0.049166666666666664,0.002916666666666667,0.000373707751320593,6.516147141688845e-12,0.010588448278618715,1
0.05083333333333333,0.002916666666666667,0.0003737077475476874,4.8472721074426175e-12,0.010339308286108658,1
0.0525,0.002916666666666667,0.00037370774458551974,3.2434421408652706e-12,0.010090168310992695,1
0.05416666666666666,0.002916666666666667,0.00037370774253917287,2.0206744982689415e-12,0.009841028346099592,1
0.05583333333333333,0.002916666666666667,0.00037370774123477357,1.1903980598682857e-12,0.0095918883869283,1
0.057499999999999996,0.002916666666666667,0.0003737077404517703,6.677046601428569e-13,0.009342748430810009,1
0.059166666666666666,0.002916666666666667,0.00037370774000496326,3.57179355357921e-13,0.009093608476238961,1
0.06083333333333333,0.002916666666666667,0.0003737077397617681,1.816882348654344e-13,0.008844468522405268,1
0.06249999999999999,0.002916666666666667,0.00037370773963565327,8.711246573170871e-14,0.00859532856889483,1
0.06416666666666666,0.002916666666666667,0.0003737077395737318,3.861052984385721e-14,0.008346188615508121,1
0.06583333333333333,0.002916666666666667,0.0003737077395453591,1.5117479836962143e-14,0.00809704866215626,1
0.06749999999999999,0.002916666666666667,0.0003737077395336157,4.5443729697233366e-15,0.007847908708804252,1
0.06916666666666667,0.002916666666666667,0.00037370773952959916,2.7803005125959333e-16,0.007598768755441437,1
0.07083333333333333,0.002916666666666667,0.00037370773952887003,-1.1275477865778713e-15,0.007349628802066929,1
0.0725,0.002916666666666667,0.000373707739529355,-1.3744637112023068e-15,0.007100488848683088,1
0.07416666666666666,0.002916666666666667,0.0003737077395301711,-1.2486625407740287e-15,0.006851348895292541,1
0.07583333333333332,0.002916666666666667,0.00037370773953099436,-1.0698884328832913e-15,0.006602208941897338,1
0.0775,0.002916666666666667,0.00037370773953172495,-9.222994154002908e-16,0.006353068988498744,1
0.07916666666666666,0.002916666666666667,0.0003737077395323025,-7.550526415554946e-16,0.006103929035097292,1
0.08083333333333333,0.002916666666666667,0.00037370773953258364,-4.0577074247571635e-16,0.0058547890816929675,1
0.08249999999999999,0.002916666666666667,0.00037370773953222856,4.205731488472884e-16,0.005605649128285461,1
0.08416666666666667,0.002916666666666667,0.00037370773953056486,2.2018308344411847e-15,0.0053565091748746,1
0.08583333333333333,0.002916666666666667,0.0003737077395264234,5.646424882564285e-15,0.005107369221460941,1
0.0875,0.002916666666666667,0.00037370773951796166,1.1715834300041707e-14,0.004858229268046966,1
0.08916666666666666,0.002916666666666667,0.00037370773950253053,2.1561919737846508e-14,0.004609089314638865,1
0.09083333333333332,0.002916666666666667,0.0003737077394767073,3.6293347066127375e-14,0.0043599493612492095,1
0.0925,0.002916666666666667,0.0003737077394366996,5.6448408599641786e-14,0.004110809407900573,1
0.09416666666666666,0.002916666666666667,0.00037370773937944307,8.102359770361833e-14,0.0038616694546298636,1
0.09583333333333333,0.002916666666666667,0.00037370773930483407,1.058980849656335e-13,0.0036125295014927334,1
0.09749999999999999,0.002916666666666667,0.0003737077392196422,1.2153621397572994e-13,0.0033633895485664592,1
0.09916666666666667,0.002916666666666667,0.0003737077391436706,1.0997071999868477e-13,0.003114249595948661,1
0.10083333333333333,0.002916666666666667,0.0003737077391186039,4.1281371490650784e-14,0.002865109643747413,1
0.1025,0.002916666666666667,0.00037370773921951105,-1.2994761377414794e-13,0.0026159696920649194,1
0.10416666666666666,0.002916666666666667,0.0003737077395685772,-4.66809081239677e-13,0.002366829740951122,1
0.10583333333333332,0.002916666666666667,0.0003737077403495808,-1.0509400377391594e-12,0.0021176897903330757,1
0.1075,0.002916666666666667,0.0003737077418199141,-1.9783671936533123e-12,0.0018685498399141163,1
0.10916666666666666,0.002916666666666667,0.0003737077443152413,-3.3488888940169017e-12,0.0016194098890301603,1
0.11083333333333333,0.002916666666666667,0.0003737077482396891,-5.246406157352564e-12,0.0013702699364664503,1
0.11249999999999999,0.002916666666666667,0.0003737077540316864,-7.70784078863847e-12,0.001121129980239832,1
0.11416666666666665,0.002916666666666667,0.00037370776209091975,-1.0678551459816664e-11,0.0008719900173649517,1
0.11583333333333333,0.002916666666666667,0.00037370777264123314,-1.3949946916911781e-11,0.0006228500436684009,1
0.1175,0.002916666666666667,0.00037370778548634354,-1.7053581525427472e-11,0.00037371005395435446,1
0.11916666666666666,0.002916666666666667,0.00037370779967451956,-1.9004610423063945e-11,0.00012457004494932937,1
0.0008333333333333333,0.0037500000000000003,0.0005219868891370729,0.0001275356196065064,0.01888576207166436,1
0.0024999999999999996,0.0037500000000000003,0.0005459029481694125,0.00015418618258977355,0.01844234845195792,1
0.004166666666666667,0.0037500000000000003,0.0005371457130379255,0.00011492352524849476,0.017843503415190348,1
0.005833333333333333,0.0037500000000000003,0.0005143992950369456,7.343002676196819e-05,0.01734240883542372,1
0.0075,0.0037500000000000003,0.0004931090049361547,4.358760047537944e-05,0.016948570367387256,1
0.009166666666666667,0.0037500000000000003,0.00047785474405586374,2.4654194393359562e-05,0.016624765030665616,1
0.010833333333333332,0.0037500000000000003,0.0004682405447398861,1.3375629645005691e-05,0.016339968775207922,1
0.012499999999999999,0.0037500000000000003,0.00046264536752559446,6.9488457403182885e-06,0.016075183423483824,1
0.014166666666666666,0.0037500000000000003,0.0004595826076856667,3.4310237261804906e-06,0.015820010049128457,1
0.01583333333333333,0.0037500000000000003,0.0004579987554653463,1.5852655037344278e-06,0.015569116113369422,1
0.017499999999999998,0.0037500000000000003,0.0004572292852147883,6.633400545715357e-07,0.015319919710516529,1
0.019166666666666665,0.0037500000000000003,0.00045688441604853055,2.3096594647103414e-07,0.015071254236617388,1
0.020833333333333332,0.0037500000000000003,0.0004567481286555193,4.5859731098735135e-08,0.014822644752150884,1
0.0225,0.0037500000000000003,0.00045670686537220995,-2.1645146203945393e-08,0.014573933175327552,1
0.024166666666666666,0.0037500000000000003,0.0004567042513265822,-3.768798304743745e-08,0.0143250940445158,1
0.025833333333333333,0.0037500000000000003,0.000456714198409345,-3.423204707480248e-08,0.014076148676121334,1
0.027499999999999997,0.0037500000000000003,0.0004567258089324316,-2.5512378512670164e-08,0.013827126849995748,1
0.029166666666666664,0.0037500000000000003,0.0004567353379219888,-1.711042192384256e-08,0.013578054933572444,1
0.03083333333333333,0.0037500000000000003,0.000456742091677638,-1.0683853841900554e-08,0.013328952297226294,1
0.0325,0.0037500000000000003,0.0004567464759087595,-6.305113463722425e-09,0.013079831806945571,1
0.034166666666666665,0.0037500000000000003,0.00045674914599453016,-3.5392944628726333e-09,0.012830701437704942,1
0.03583333333333333,0.0037500000000000003,0.0004567506881481925,-1.8913433359596013e-09,0.01258156586731813,1
0.0375,0.0037500000000000003,0.0004567515361343003,-9.580952016498299e-10,0.01233242770699031,1
0.03916666666666666,0.0037500000000000003,0.00045675197953167976,-4.5490132779231614e-10,0.012083288344252987,1
0.04083333333333333,0.0037500000000000003,0.0004567521985114061,-1.9743186885828317e-10,0.011834148477505113,1
0.042499999999999996,0.0037500000000000003,0.00045675229906370457,-7.363727632064237e-11,0.011585008435601951,1
0.04416666666666667,0.0037500000000000003,0.0004567523404952451,-1.891337411725658e-11,0.01133586835944856,1
0.04583333333333333,0.0037500000000000003,0.00045675235438669934,2.1974767667659657e-12,0.011086728300257066,1
0.047499999999999994,0.0037500000000000003,0.0004567523566732622,8.205347721795045e-12,0.010837588269894567,1
0.049166666666666664,0.0037500000000000003,0.00045675235487705975,8.209786428708755e-12,0.01058844826586804,1
0.05083333333333333,0.0037500000000000003,0.0004567523522285544,6.3643382483727965e-12,0.010339308281291166,1
0.0525,0.0037500000000000003,0.0004567523499138936,4.364790197341906e-12,0.010090168309692851,1
0.05416666666666666,0.0037500000000000003,0.0004567523482228973,2.7679979899050522e-12,0.009841028346170632,1
0.05583333333333333,0.0037500000000000003,0.00045675234710420144,1.6546220635287369e-12,0.009591888387403286,1
0.057499999999999996,0.0037500000000000003,0.00045675234641306777,9.40549112796865e-13,0.009342748431301699,1
0.059166666666666666,0.0037500000000000003,0.0004567523460086926,5.099259550420074e-13,0.009093608476625045,1
0.06083333333333333,0.0037500000000000003,0.0004567523457832411,2.632649573278788e-13,0.008844468522672136,1
0.06249999999999999,0.0037500000000000003,0.000456752345663326,1.2855077665439746e-13,0.00859532856906519,1
0.06416666666666666,0.0037500000000000003,0.0004567523456026839,5.845406308697412e-14,0.008346188615610664,1
0.06583333333333333,0.0037500000000000003,0.00045675234557380313,2.3900629222444413e-14,0.008097048662215021,1
0.06749999999999999,0.0037500000000000003,0.0004567523455611224,7.973278706635143e-15,0.007847908708836419,1
0.06916666666666667,0.0037500000000000003,0.0004567523455562487,1.2942419298462013e-15,0.0075987687554582295,1
0.07083333333333333,0.0037500000000000003,0.00045675234555487643,-1.093026215053788e-15,0.00734962880207523,1
0.0725,0.0037500000000000003,0.00045675234555492164,-1.6739976603425132e-15,0.00710048884868688,1
0.07416666666666666,0.0037500000000000003,0.00045675234555544704,-1.6198275169892443e-15,0.006851348895294091,1
0.07583333333333332,0.0037500000000000003,0.00045675234555606965,-1.421810996673986e-15,0.0066022089418979355,1
0.0775,0.0037500000000000003,0.0004567523455566401,-1.2209831568161315e-15,0.006353068988499213,1
0.07916666666666666,0.0037500000000000003,0.00045675234555706077,-9.554203344809552e-16,0.006103929035098351,1
0.08083333333333333,0.0037500000000000003,0.0004567523455571654,-3.9817138059186944e-16,0.00585478908169549,1
0.08249999999999999,0.0037500000000000003,0.0004567523455566102,8.681859355365221e-16,0.005605649128290731,1
0.08416666666666667,0.0037500000000000003,0.00045675234555475315,3.5146209645663073e-15,0.005356509174884454,1
0.08583333333333333,0.0037500000000000003,0.0004567523455505147,8.523650026512555e-15,0.005107369221477917,1
0.0875,0.0037500000000000003,0.00045675234554223886,1.720746649207964e-14,0.004858229268074189,1
0.08916666666666666,0.0037500000000000003,0.00045675234552761324,3.109861271107753e-14,0.0046090893146795405,1
0.09083333333333332,0.0037500000000000003,0.0004567523455037618,5.1593923408629594e-14,0.004359949361305351,1
0.0925,0.0037500000000000003,0.00045675234546770397,7.918057145101657e-14,0.004110809407970487,1
0.09416666666666666,0.0037500000000000003,0.0004567523454174719,1.1203581647965761e-13,0.0038616694547037745,1
0.09583333333333333,0.0037500000000000003,0.0004567523453542796,1.437865588894357e-13,0.00361252950154583,1
0.09749999999999999,0.0037500000000000003,0.0004567523452862174,1.6027483682576619e-13,0.00336338954854877,1
0.09916666666666667,0.0037500000000000003,0.0004567523452339501,1.353516244260605e-13,0.003114249595771433,1
0.10083333333333333,0.0037500000000000003,0.00045675234523874855,2.603460015522413e-14,0.0028651096432662834,1
0.1025,0.0037500000000000003,0.0004567523453727115,-2.321359040148831e-13,0.0026159696910631153,1
0.10416666666666666,0.0037500000000000003,0.0004567523457508668,-7.282314880324019e-13,0.0023668297391173567,1
0.10583333333333332,0.0037500000000000003,0.00045675234654352537,-1.5763487095249616e-12,0.0021176897872554634,1
0.1075,0.0037500000000000003,0.00045675234798574373,-2.9092343391587118e-12,0.0018685498350855124,1
0.10916666666666666,0.0037500000000000003,0.0004567523503795046,-4.862565742742734e-12,0.001619409881882935,1
0.11083333333333333,0.0037500000000000003,0.00045675235408197673,-7.546189218859572e-12,0.0013702699264523518,1
0.11249999999999999,0.0037500000000000003,0.0004567523594707603,-1.0998448161298045e-11,0.0011211299669769428,1
0.11416666666666665,0.0037500000000000003,0.0004567523668732488,-1.5118804986374833e-11,0.0008719900008826994,1
0.11583333333333333,0.0037500000000000003,0.00045675237644156135,-1.9569006351639065e-11,0.0006228500247925366,1
0.1175,0.0037500000000000003,0.0004567523879574107,-2.3615001908150216e-11,0.0003737100348574516,1
0.11916666666666666,0.0037500000000000003,0.00045675240063411084,-2.587562802720788e-11,0.00012457002753362396,1
0.0008333333333333333,0.004583333333333333,0.0005211602156874578,0.000105962067194241,0.0182801355177034,1
0.0024999999999999996,0.004583333333333333,0.0005544787288363466,0.00014714244891142478,0.01810103129715783,1
0.004166666666666667,0.004583333333333333,0.0005667925280099182,0.00012018897690580118,0.01769779721938328,1
0.005833333333333333,0.004583333333333333,0.0005622968431418685,8.178562653917665e-05,0.017292418309658733,1
0.0075,0.004583333333333333,0.0005526929330178157,5.067910081059283e-05,0.016937280713506742,1
0.009166666666666667,0.004583333333333333,0.0005439959547005135,2.953831365694271e-05,0.01662667757373283,1
0.010833333333333332,0.004583333333333333,0.0005378187351927021,1.6387219793317103e-05,0.01634502159959896,1
0.012499999999999999,0.004583333333333333,0.0005339433972693645,8.672513160821505e-06,0.016079905706184363,1
0.014166666666666666,0.004583333333333333,0.0005317025270970888,4.359171311779021e-06,0.015823523725462616,1
0.01583333333333333,0.004583333333333333,0.0005304883075856852,2.0561537839979137e-06,0.015571457655744901,1
0.017499999999999998,0.004583333333333333,0.0005298698331584103,8.864241132245222e-07,0.015321372883568725,1
0.019166666666666665,0.004583333333333333,0.0005295760263531209,3.2721987359163674e-07,0.015072107800250204,1
0.020833333333333332,0.004583333333333333,0.0005294489638558538,8.128074911723516e-08,0.014823122392834703,1
0.0225,0.004583333333333333,0.0005294020602067149,-1.2982697998350874e-08,0.014574188300895916,1
0.024166666666666666,0.004583333333333333,0.0005293905015405567,-3.926407536004043e-08,0.014325223238744836,1
0.025833333333333333,0.004583333333333333,0.0005293924959011835,-3.8626676456937504e-08,0.014076210002521173,1
0.027499999999999997,0.004583333333333333,0.0005293982438998718,-2.9797010017998036e-08,0.013827153461092792,1
0.029166666666666664,0.004583333333333333,0.0005294038692401023,-2.0402955312336163e-08,0.01357806485103529,1
0.03083333333333333,0.004583333333333333,0.0005294081987764949,-1.2932966474232194e-08,0.013328954830941923,1
0.0325,0.004583333333333333,0.0005294111589026123,-7.728179450797882e-09,0.013079831489296917,1
0.034166666666666665,0.004583333333333333,0.0005294130329896772,-4.388314893600763e-09,0.012830700309041222,1
0.03583333333333333,0.004583333333333333,0.0005294141516314012,-2.372720598431712e-09,0.01258156474041442,1
0.0375,0.004583333333333333,0.0005294147861490358,-1.2179698102874869e-09,0.01233242683290368,1
0.03916666666666666,0.004583333333333333,0.0005294151288462953,-5.880740386008532e-10,0.012083287744046128,1
0.04083333333333333,0.004583333333333333,0.0005294153045509316,-2.6160133940538083e-10,0.011834148096367972,1
0.042499999999999996,0.004583333333333333,0.0005294153892726422,-1.0210481038529288e-10,0.011585008207527142,1
0.04416666666666667,0.004583333333333333,0.000529415426897776,-2.997417720766404e-11,0.01133586822975297,1
0.04583333333333333,0.004583333333333333,0.0005294154415449909,-1.0110546967649093e-12,0.011086728230034504,1
0.047499999999999994,0.004583333333333333,0.0005294154458222499,8.131968260127128e-12,0.010837588233751161,1
0.049166666666666664,0.004583333333333333,0.0005294154459498934,9.117445297881059e-12,0.010588448248302663,1
0.05083333333333333,0.004583333333333333,0.0005294154447730151,7.369371251181678e-12,0.01033930827337593,1
0.0525,0.004583333333333333,0.0005294154434603226,5.173433881985746e-12,0.010090168306518215,1
0.05416666666666666,0.004583333333333333,0.0005294154424016464,3.3341905146078883e-12,0.009841028345163826,1
0.05583333333333333,0.004583333333333333,0.0005294154416594786,2.0188613214762866e-12,0.009591888387287459,1
0.057499999999999996,0.004583333333333333,0.0005294154411816315,1.1608002271447458e-12,0.009342748431484915,1
0.059166666666666666,0.004583333333333333,0.0005294154408924772,6.36439452071925e-13,0.009093608476858642,1
0.06083333333333333,0.004583333333333333,0.0005294154407262663,3.3258255658216324e-13,0.00884446852286863,1
0.06249999999999999,0.004583333333333333,0.0005294154406351238,1.6476190513084282e-13,0.008595328569206164,1
0.06416666666666666,0.004583333333333333,0.0005294154405874635,7.639415313890795e-14,0.008346188615702974,1
0.06583333333333333,0.004583333333333333,0.000529415440563821,3.222237813443959e-14,0.008097048662271712,1
0.06749999999999999,0.004583333333333333,0.0005294154405528365,1.1484285940923599e-14,0.00784790870886948,1
0.06916666666666667,0.004583333333333333,0.0005294154405481945,2.5410298706857223e-15,0.007598768755476628,1
0.07083333333333333,0.004583333333333333,0.0005294154405465477,-8.304972338994654e-16,0.007349628802085014,1
0.0725,0.004583333333333333,0.000529415440546212,-1.791313259772078e-15,0.007100488848691817,1
0.07416666666666666,0.004583333333333333,0.0005294154405463882,-1.8531897901188656e-15,0.006851348895296477,1
0.07583333333333332,0.004583333333333333,0.0005294154405467187,-1.6650006053242845e-15,0.006602208941899161,1
0.0775,0.004583333333333333,0.0005294154405470414,-1.4244288827098821e-15,0.006353068988500199,1
0.07916666666666666,0.004583333333333333,0.0005294154405472465,-1.0648905160809798e-15,0.006103929035099879,1
0.08083333333333333,0.004583333333333333,0.0005294154405471804,-3.079293868792013e-16,0.005854789081698441,1
0.08249999999999999,0.004583333333333333,0.0005294154405465635,1.3640716442252814e-15,0.005605649128296286,1
0.08416666666666667,0.004583333333333333,0.0005294154405449047,4.7767343376398534e-15,0.005356509174894194,1
0.08583333333333333,0.004583333333333333,0.0005294154405414107,1.1127791981979059e-14,0.005107369221493872,1
0.0875,0.004583333333333333,0.000529415440534907,2.199312726260707e-14,0.00485822926809862,1
0.08916666666666666,0.004583333333333333,0.0005294154405238172,3.917067478166364e-14,0.004609089314714316,1
0.09083333333333332,0.004583333333333333,0.0005294154405062889,6.421164202703279e-14,0.004359949361350588,1
0.0925,0.004583333333333333,0.0005294154404806108,9.743081924096349e-14,0.004110809408022064,1
0.09416666666666666,0.004583333333333333,0.0005294154404461284,1.36142834796546e-13,0.0038616694547492047,1
0.09583333333333333,0.004583333333333333,0.0005294154404049385,1.718706241536423e-13,0.0036125295015579555,1
0.09749999999999999,0.004583333333333333,0.0005294154403646817,1.8635034873856684e-13,0.0033633895484769037,1
0.09916666666666667,0.004583333333333333,0.0005294154403427381,1.4638159570393257e-13,0.0031142495955299157,1
0.10083333333333333,0.004583333333333333,0.0005294154403720074,-2.0291596617282366e-15,0.0028651096427213226,1
0.1025,0.004583333333333333,0.0005294154405081014,-3.391007411505758e-13,0.0026159696900175263,1
0.10416666666666666,0.004583333333333333,0.0005294154408377241,-9.751555448519862e-13,0.002366829737297161,1
0.10583333333333332,0.004583333333333333,0.0005294154414868331,-2.0503084335548617e-12,0.0021176897843074955,1
0.1075,0.004583333333333333,0.0005294154426261596,-3.726047064137468e-12,0.0018685498305891367,1
0.10916666666666666,0.004583333333333333,0.0005294154444709469,-6.1650271098606294e-12,0.001619409875389017,1
0.11083333333333333,0.004583333333333333,0.0005294154472701014,-9.494541141774755e-12,0.0013702699175639674,1
0.11249999999999999,0.004583333333333333,0.0005294154512785118,-1.3748693212767182e-11,0.0011211299554896715,1
0.11416666666666665,0.004583333333333333,0.0005294154567048546,-1.8782975494150005e-11,0.0008719899870031038,1
0.11583333333333333,0.004583333333333333,0.0005294154636278383,-2.415048397027466e-11,0.0006228500094321401,1
0.1175,0.004583333333333333,0.00052941547188793,-2.8921494827701777e-11,0.0003737100198844397,1
0.11916666666666666,0.004583333333333333,0.0005294154810128609,-3.146995063771106e-11,0.0001245700139850324,1
0.0008333333333333333,0.005416666666666667,0.0005193028766917994,8.573052100461243e-05,0.017845572030443003,1
0.0024999999999999996,0.005416666666666667,0.0005570118483555913,0.000131860252694713,0.017815600698120927,1
0.004166666666666667,0.005416666666666667,0.0005843557224380982,0.00011564233649447367,0.017553265090180733,1
0.005833333333333333,0.005416666666666667,0.0005958374987832219,8.28392212119673e-05,0.017231268472484157,1
0.0075,0.005416666666666667,0.0005982053595757986,5.3243530803540246e-05,0.016916286976439123,1
0.009166666666666667,0.005416666666666667,0.0005971313382053123,3.1859383507889516e-05,0.01662245175196428,1
0.010833333333333332,0.005416666666666667,0.0005953858337557016,1.802751192108138e-05,0.01634666839010611,1
0.012499999999999999,0.005416666666666667,0.000593933230587708,9.696191578722823e-06,0.016082885899101527,1
0.014166666666666666,0.005416666666666667,0.0005929495462534299,4.9477701471545646e-06,0.01582620828575245,1
0.01583333333333333,0.005416666666666667,0.0005923528917713695,2.37299194535438e-06,0.015573437407258901,1
0.017499999999999998,0.005416666666666667,0.000592017577795212,1.0464801535842558e-06,0.015322688513248313,1
0.019166666666666665,0.005416666666666667,0.0005918409147245727,4.023987711961821e-07,0.015072923236797396,1
0.020833333333333332,0.005416666666666667,0.0005917537378758435,1.1322152451075256e-07,0.014823600878351101,1
0.0225,0.005416666666666667,0.0005917139965062548,-1.6009640280584758e-09,0.014574455853742813,1
0.024166666666666666,0.005416666666666667,0.0005916978951429698,-3.681579460868767e-08,0.014325365853611662,1
0.025833333333333333,0.005416666666666667,0.0005916927438755089,-3.949650379114385e-08,0.014076282010313076,1
0.027499999999999997,0.005416666666666667,0.0005916921428404203,-3.150066448364508e-08,0.013827187505673582,1
0.029166666666666664,0.005416666666666667,0.0005916930869693186,-2.1984035411061775e-08,0.013578079531952078,1
0.03083333333333333,0.005416666666666667,0.000591694298789636,-1.4122564730419516e-08,0.013328960235995438,1
0.0325,0.005416666666666667,0.0005916953225364229,-8.530517646708484e-09,0.013079832815134959,1
0.034166666666666665,0.005416666666666667,0.000591696059067769,-4.8912859031317926e-09,0.012830700076247786,1
0.03583333333333333,0.005416666666666667,0.0005916965419073691,-2.67049025090313e-09,0.012581564077607073,1
0.0375,0.005416666666666667,0.0005916968381804424,-1.3855955117878478e-09,0.012332426185469396,1
0.03916666666666666,0.005416666666666667,0.0005916970104092123,-6.779113517134015e-10,0.012083287246308668,1
0.04083333333333333,0.005416666666666667,0.0005916971057062303,-3.0726485336355494e-10,0.011834147756353147,1
0.042499999999999996,0.005416666666666667,0.0005916971558720429,-1.238850579851139e-10,0.011585007992398472,1
0.04416666666666667,0.005416666666666667,0.0005916971808496046,-3.949527721245611e-11,0.01133586810139159,1
0.04583333333333333,0.005416666666666667,0.0005916971924467595,-4.612139489841839e-12,0.011086728157227532,1
0.047499999999999994,0.005416666666666667,0.0005916971973148367,7.160385031219882e-12,0.0108375881944506,1
0.049166666666666664,0.005416666666666667,0.0005916971990199449,9.172652679545422e-12,0.010588448228100802,1
0.05083333333333333,0.005416666666666667,0.0005916971993702644,7.727443324848201e-12,0.010339308263574822,1
0.0525,0.005416666666666667,0.0005916971992261672,5.543756614282553e-12,0.010090168302111732,1
0.05416666666666666,0.005416666666666667,0.0005916971989630158,3.62478149311291e-12,0.009841028343402908,1
0.05583333333333333,0.005416666666666667,0.0005916971987227543,2.2194849544406628e-12,0.009591888386733765,1
0.057499999999999996,0.005416666666666667,0.0005916971985437136,1.2886204251147698e-12,0.009342748431425804,1
0.059166666666666666,0.005416666666666667,0.0005916971984238095,7.131482999013065e-13,0.009093608476964402,1
0.06083333333333333,0.005416666666666667,0.0005916971983490479,3.7635991882288063e-13,0.008844468523001145,1
0.06249999999999999,0.005416666666666667,0.0005916971983049516,1.886039008358228e-13,0.00859532856931711,1
0.06416666666666666,0.005416666666666667,0.0005916971982801692,8.877350620068198e-14,0.008346188615782403,1
0.06583333333333333,0.005416666666666667,0.0005916971982668719,3.8313105312096894e-14,0.008097048662323662,1
0.06749999999999999,0.005416666666666667,0.0005916971982600778,1.4282920957392428e-14,0.00784790870890136,1
0.06916666666666667,0.005416666666666667,0.0005916971982568015,3.7015187866770264e-15,0.0075987687554952095,1
0.07083333333333333,0.005416666666666667,0.0005916971982553414,-4.3768684993101253e-16,0.0073496288020953645,1
0.0725,0.005416666666666667,0.0005916971982547724,-1.7318723618273764e-15,0.007100488848697343,1
0.07416666666666666,0.005416666666666667,0.0005916971982546123,-1.92069825622218e-15,0.006851348895299357,1
0.07583333333333332,0.005416666666666667,0.0005916971982546154,-1.7641918411606207e-15,0.006602208941900782,1
0.0775,0.005416666666666667,0.0005916971982546499,-1.5038050453260076e-15,0.006353068988501509,1
0.07916666666666666,0.005416666666666667,0.0005916971982546231,-1.0747198888323698e-15,0.006103929035101657,1
0.08083333333333333,0.005416666666666667,0.0005916971982544311,-1.6908829780360016e-16,0.0058547890817015205,1
0.08249999999999999,0.005416666666666667,0.0005916971982539181,1.790224500351206e-15,0.005605649128301701,1
0.08416666666666667,0.005416666666666667,0.0005916971982528433,5.717560860324199e-15,0.005356509174903256,1
0.08583333333333333,0.005416666666666667,0.0005916971982508526,1.2929357569116304e-14,0.005107369221508134,1
0.0875,0.005416666666666667,0.0005916971982474693,2.51350185935268e-14,0.004858229268119619,1
0.08916666666666666,0.005416666666666667,0.0005916971982421293,4.42437249397956e-14,0.004609089314742891,1
0.09083333333333332,0.005416666666666667,0.0005916971982343023,7.181609038151126e-14,0.004359949361385561,1
0.0925,0.005416666666666667,0.0005916971982237682,1.0793242887754464e-13,0.004110809408057915,1
0.09416666666666666,0.005416666666666667,0.0005916971982111343,1.4919940124266812e-13,0.0038616694547723486,1
0.09583333333333333,0.005416666666666667,0.0005916971981987058,1.8562322845394744e-13,0.0036125295015412406,1
0.09749999999999999,0.005416666666666667,0.0005916971981918195,1.9616937016947795e-13,0.0033633895483720882,1
0.09916666666666667,0.005416666666666667,0.0005916971982007251,1.4308156992874745e-13,0.0031142495952582827,1
0.10083333333333333,0.005416666666666667,0.0005916971982430242,-3.451329529349141e-14,0.00286510964216356,1
0.1025,0.005416666666666667,0.0005916971983465447,-4.264238711735002e-13,0.0026159696890001973,1
0.10416666666666666,0.005416666666666667,0.0005916971985524991,-1.1556208657881326e-12,0.002366829735585877,1
0.10583333333333332,0.005416666666666667,0.0005916971989180881,-2.3771921389754547e-12,0.0021176897816070875,1
0.1075,0.005416666666666667,0.0005916971995173648,-4.2684650230951156e-12,0.0018685498265585691,1
0.10916666666666666,0.005416666666666667,0.0005916972004390553,-7.005848078923104e-12,0.0016194098696810046,1
0.11083333333333333,0.005416666666666667,0.0005916972017793443,-1.0723441891283454e-11,0.0013702699099017931,1
0.11249999999999999,0.005416666666666667,0.000591697203627521,-1.5448086017169054e-11,0.001121129945795554,1
0.11416666666666665,0.005416666666666667,0.0005916972060433191,-2.100465309498217e-11,0.0008719899755895406,1
0.11583333333333333,0.005416666666666667,0.0005916972090295367,-2.6883407015988526e-11,0.0006228499972413557,1
0.1175,0.005416666666666667,0.0005916972125179788,-3.2062838705789305e-11,0.0003737100086559353,1
0.11916666666666666,0.005416666666666667,0.0005916972163940955,-3.482913058252079e-11,0.00012457000531775395,1
0.0008333333333333333,0.00625,0.0005174446948977239,6.73567352098508e-05,0.017533764598169112,1
0.0024999999999999996,0.00625,0.0005569208275949046,0.0001116414863089883,0.017587836275726486,1
0.004166666666666667,0.00625,0.0005945154870128784,0.00010339183612995806,0.017423738165982892,1
0.005833333333333333,0.00625,0.0006188955575196779,7.71587981505214e-05,0.01716922132531691,1
0.0075,0.00625,0.0006321583524051471,5.110862602596319e-05,0.016891102065249748,1
0.009166666666666667,0.00625,0.0006386864644244986,3.126724296103399e-05,0.01661464786890979,1
0.010833333333333332,0.00625,0.0006416856878375637,1.799279298620969e-05,0.016345973029205353,1
0.012499999999999999,0.00625,0.000642977966954088,9.811072539329193e-06,0.01608450297773316,1
0.014166666666666666,0.00625,0.0006434887527251214,5.0693384681704875e-06,0.015828155742704082,1
0.01583333333333333,0.00625,0.0006436604465949822,2.463903930438214e-06,0.015575042053397277,1
0.017499999999999998,0.00625,0.0006436957720199563,1.1055624440921442e-06,0.015323825096028785,1
0.019166666666666665,0.00625,0.0006436835780114379,4.3774502026712243e-07,0.015073660039632866,1
0.020833333333333332,0.00625,0.0006436602765505263,1.3311443026012502e-07,0.01482404916233952,1
0.0225,0.00625,0.0006436390061449085,9.012017825814379e-09,0.014574714730387881,1
0.024166666666666666,0.00625,0.0006436231897190195,-3.1469881875614746e-08,0.0143255084871195,1
0.025833333333333333,0.00625,0.000643612623215791,-3.6983531179454354e-08,0.014076356715688534,1
0.027499999999999997,0.00625,0.0006436060541801477,-3.042860172930058e-08,0.013827224470083797,1
0.029166666666666664,0.00625,0.0006436021943677919,-2.159825643656332e-08,0.013578096547427948,1
0.03083333333333333,0.00625,0.0006436000370750982,-1.4035607516770458e-08,0.013328967272089945,1
0.0325,0.00625,0.0006435988894216124,-8.555521510860513e-09,0.013079835189421008,1
0.034166666666666665,0.00625,0.0006435983110218738,-4.9453478426481525e-09,0.012830700477064479,1
0.03583333333333333,0.00625,0.0006435980382162255,-2.7214452871926688e-09,0.012581563778280186,1
0.0375,0.00625,0.0006435979210279404,-1.42418286970592e-09,0.012332425736598226,1
0.03916666666666666,0.00625,0.0006435978782167973,-7.04032807176516e-10,0.012083286851674823,1
0.04083333333333333,0.00625,0.0006435978679939872,-3.236805017149676e-10,0.011834147466837221,1
0.042499999999999996,0.00625,0.0006435978701331347,-1.3362188953637927e-10,0.011585007800196346,1
0.04416666666666667,0.00625,0.0006435978756087831,-4.498505062428907e-11,0.011335867982296022,1
0.04583333333333333,0.00625,0.0006435978808828258,-7.557964829086077e-12,0.011086728087363502,1
0.047499999999999994,0.00625,0.0006435978849069892,5.660090060374593e-12,0.010837588155521582,1
0.049166666666666664,0.00625,0.0006435978876419542,8.452911162634429e-12,0.010588448207389033,1
0.05083333333333333,0.00625,0.0006435978893680003,7.409001952258782e-12,0.010339308253109917,1
0.0525,0.00625,0.0006435978903964424,5.420025454066092e-12,0.010090168297143577,1
0.05416666666666666,0.00625,0.0006435978909794648,3.588577078847974e-12,0.009841028341238029,1
0.05583333333333333,0.00625,0.0006435978912946316,2.2182366369352014e-12,0.009591888385915414,1
0.057499999999999996,0.00625,0.0006435978914567191,1.2983453133417875e-12,0.009342748431204336,1
0.059166666666666666,0.00625,0.0006435978915354077,7.240311543623261e-13,0.009093608476975705,1
0.06083333333333333,0.00625,0.0006435978915708468,3.8513842612351707e-13,0.008844468523081267,1
0.06249999999999999,0.00625,0.0006435978915850797,1.9475703165636724e-13,0.008595328569400337,1
0.06416666666666666,0.00625,0.0006435978915896315,9.273567514569623e-14,0.008346188615847903,1
0.06583333333333333,0.00625,0.0006435978915902061,4.071224826441624e-14,0.008097048662369039,1
0.06749999999999999,0.00625,0.0006435978915894398,1.5663872465742175e-14,0.007847908708930394,1
0.06916666666666667,0.00625,0.0006435978915884366,4.460439802368077e-15,0.007598768755512729,1
0.07083333333333333,0.00625,0.0006435978915875813,-3.891894874541306e-17,0.0073496288021054415,1
0.0725,0.00625,0.0006435978915869521,-1.5316269870021494e-15,0.007100488848702919,1
0.07416666666666666,0.00625,0.0006435978915865135,-1.821653314893119e-15,0.006851348895302392,1
0.07583333333333332,0.00625,0.000643597891586199,-1.7075238389920092e-15,0.00660220894190257,1
0.0775,0.00625,0.0006435978915859447,-1.45054896782207e-15,0.006353068988502946,1
0.07916666666666666,0.00625,0.0006435978915857018,-9.93129618848305e-16,0.006103929035103475,1
0.08083333333333333,0.00625,0.0006435978915854442,-2.591348683057666e-17,0.005854789081704464,1
0.08249999999999999,0.00625,0.0006435978915851821,2.0346471987173395e-15,0.005605649128306632,1
0.08416666666666667,0.00625,0.0006435978915849863,6.108552199898042e-15,0.005356509174911218,1
0.08583333333333333,0.00625,0.0006435978915850314,1.3511264123207102e-14,0.005107369221520269,1
0.0875,0.00625,0.0006435978915856555,2.5932633552119376e-14,0.004858229268136881,1
0.08916666666666666,0.00625,0.0006435978915874387,4.522445091434128e-14,0.00460908931476541,1
0.09083333333333332,0.00625,0.0006435978915912857,7.282531345357133e-14,0.00435994936141143,1
0.0925,0.00625,0.0006435978915984834,1.0859132160624506e-13,0.004110809408081125,1
0.09416666666666666,0.00625,0.000643597891610683,1.4875763341791435e-13,0.003861669454779611,1
0.09583333333333333,0.00625,0.0006435978916297159,1.8276272295560888e-13,0.003612529501507349,1
0.09749999999999999,0.00625,0.0006435978916571243,1.887688733752094e-13,0.003363389548253752,1
0.09916666666666667,0.00625,0.0006435978916932472,1.2796784681770818e-13,0.0031142495949866215,1
0.10083333333333333,0.00625,0.000643597891735709,-6.177998555093507e-14,0.0028651096416363476,1
0.1025,0.00625,0.0006435978917772598,-4.716927467700398e-13,0.002615969688070562,1
0.10416666666666666,0.00625,0.0006435978918029466,-1.2261726307521398e-12,0.00236682973405987,1
0.10583333333333332,0.00625,0.0006435978917865557,-2.4812395029191654e-12,0.002117689779245254,1
0.1075,0.00625,0.0006435978916867017,-4.414129019050092e-12,0.0018685498230916512,1
0.10916666666666666,0.00625,0.0006435978914434106,-7.199383829887418e-12,0.0016194098648471818,1
0.11083333333333333,0.00625,0.0006435978909764923,-1.0966591552666346e-11,0.0013702699035160004,1
0.11249999999999999,0.00625,0.0006435978901880746,-1.5734815835970936e-11,0.0011211299378628286,1
0.11416666666666665,0.00625,0.0006435978889741209,-2.1318845439631434e-11,0.0008719899664725453,1
0.11583333333333333,0.00625,0.0006435978872555413,-2.7203033651570944e-11,0.0006228499878785603,1
0.1175,0.00625,0.0006435978850486571,-3.238399108520407e-11,0.0003737100007738381,1
0.11916666666666666,0.00625,0.0006435978825738921,-3.5208654048274634e-11,0.00012457000162953996,1
0.0008333333333333333,0.007083333333333334,0.0005159270446348166,5.067086544358056e-05,0.017312660081238742,1
0.0024999999999999996,0.007083333333333334,0.0005558971416185559,8.860424123479857e-05,0.017413935928448386,1
0.004166666666666667,0.007083333333333334,0.0006002391443697278,8.546075011957497e-05,0.017316436848124804,1
0.005833333333333333,0.007083333333333334,0.0006343990871466186,6.581987751905936e-05,0.01711338799816788,1
0.0075,0.007083333333333334,0.000656737158759196,4.464711340840191e-05,0.01686618166312733,1
0.009166666666666667,0.007083333333333334,0.0006700554396899815,2.7805559103526808e-05,0.01660557775723592,1
0.010833333333333332,0.007083333333333334,0.000677523164925806,1.6221002519272123e-05,0.016343991522852184,1
0.012499999999999999,0.007083333333333334,0.0006815091211749185,8.943745323448357e-06,0.016085176802322965,1
0.014166666666666666,0.007083333333333334,0.0006835366085579408,4.667529107023433e-06,0.01582949580164538,1
0.01583333333333333,0.007083333333333334,0.000684511854154922,2.2922435581642533e-06,0.015576283936303448,1
0.017499999999999998,0.007083333333333334,0.0006849469412015825,1.0420165805487994e-06,0.01532475668257642,1
0.019166666666666665,0.007083333333333334,0.0006851190542114591,4.2133138313134714e-07,0.015074286537003252,1
0.020833333333333332,0.007083333333333334,0.0006851718364303744,1.3478768839393754e-07,0.014824440996598739,1
0.0225,0.007083333333333334,0.000685176049980279,1.5867187548554424e-08,0.014574946313552216,1
0.024166666666666666,0.007083333333333334,0.0006851643249520766,-2.4554324552649598e-08,0.014325638949759025,1
0.025833333333333333,0.007083333333333334,0.000685150295928255,-3.160132497731187e-08,0.014076426675217484,1
0.027499999999999997,0.007083333333333334,0.0006851386961234162,-2.6726387690391844e-08,0.013827260052687567,1
0.029166666666666664,0.007083333333333334,0.0006851304438461772,-1.924442567799236e-08,0.01357811353197382,1
0.03083333333333333,0.007083333333333334,0.00068512507360453,-1.2625671104955136e-08,0.01332897470230501,1
0.0325,0.007083333333333334,0.0006851217966189842,-7.753138406884576e-09,0.013079838001193502,1
0.034166666666666665,0.007083333333333334,0.0006851199006015482,-4.510522359322923e-09,0.012830701230899239,1
0.03583333333333333,0.007083333333333334,0.000685118856210059,-2.4976722017827885e-09,0.01258156372683746,1
0.0375,0.007083333333333334,0.0006851183090864795,-1.3158000229300727e-09,0.012332425447606078,1
0.03916666666666666,0.007083333333333334,0.0006851180382851067,-6.556093961064387e-10,0.012083286553910146,1
0.04083333333333333,0.007083333333333334,0.0006851179135824319,-3.0464117027982583e-10,0.011834147233017862,1
0.042499999999999996,0.007083333333333334,0.0006851178619760405,-1.2792759898106838e-10,0.011585007638490578,1
0.04416666666666667,0.007083333333333334,0.0006851178445142694,-4.468627991447494e-11,0.011335867879079038,1
0.04583333333333333,0.007083333333333334,0.0006851178415042513,-8.988747838955443e-12,0.01108672802531932,1
0.047499999999999994,0.007083333333333334,0.0006851178436209618,4.020436113003222e-12,0.010837588120119698,1
0.049166666666666664,0.007083333333333334,0.0006851178468388834,7.116121852508177e-12,0.010588448188133892,1
0.05083333333333333,0.007083333333333334,0.0006851178496734116,6.4655040246191946e-12,0.010339308243136062,1
0.0525,0.007083333333333334,0.0006851178517529935,4.809511507550917e-12,0.01009016829225976,1
0.05416666666666666,0.007083333333333334,0.0006851178531327767,3.217688298235853e-12,0.009841028339013838,1
0.05583333333333333,0.007083333333333334,0.0006851178539871168,2.0043720118044407e-12,0.009591888385007094,1
0.057499999999999996,0.007083333333333334,0.0006851178544878812,1.1807840269464138e-12,0.009342748430903764,1
0.059166666666666666,0.007083333333333334,0.0006851178547674823,6.624476170532197e-13,0.00909360847692905,1
0.06083333333333333,0.007083333333333334,0.0006851178549163745,3.5455634080304433e-13,0.00884446852312295,1
0.06249999999999999,0.007083333333333334,0.0006851178549917391,1.8054017592260171e-13,0.008595328569459748,1
0.06416666666666666,0.007083333333333334,0.000685117855027657,8.671771210283595e-14,0.00834618861589942,1
0.06583333333333333,0.007083333333333334,0.0006851178550434415,3.85506462034025e-14,0.00809704866240658,1
0.06749999999999999,0.007083333333333334,0.0006851178550495274,1.5165536368933776e-14,0.007847908708955234,1
0.06916666666666667,0.007083333333333334,0.0006851178550512785,4.584823196052487e-15,0.007598768755528114,1
0.07083333333333333,0.007083333333333334,0.0006851178550512968,2.552091506866841e-16,0.007349628802114497,1
0.0725,0.007083333333333334,0.0006851178550507517,-1.2385874960960523e-15,0.00710048884870805,1
0.07416666666666666,0.007083333333333334,0.00068511785505011,-1.5744883553890133e-15,0.006851348895305265,1
0.07583333333333332,0.007083333333333334,0.0006851178550495195,-1.5022116545661357e-15,0.0066022089419043055,1
0.0775,0.007083333333333334,0.0006851178550490069,-1.2724006676194606e-15,0.006353068988504334,1
0.07916666666666666,0.007083333333333334,0.0006851178550485834,-8.38090381761886e-16,0.006103929035105152,1
0.08083333333333333,0.007083333333333334,0.000685117855048316,8.147413512016822e-17,0.005854789081707056,1
0.08249999999999999,0.007083333333333334,0.0006851178550483956,2.0184851747031756e-15,0.005605649128310824,1
0.08416666666666667,0.007083333333333334,0.0006851178550492228,5.809089923787016e-15,0.005356509174917797,1
0.08583333333333333,0.007083333333333334,0.0006851178550515155,1.2641867415349168e-14,0.005107369221530031,1
0.0875,0.007083333333333334,0.0006851178550564345,2.4030486844735602e-14,0.0048582292681503625,1
0.08916666666666666,0.007083333333333334,0.0006851178550656893,4.1607434635667936e-14,0.004609089314782324,1
0.09083333333333332,0.007083333333333334,0.0006851178550815581,6.658444412029762e-14,0.004359949361429625,1
0.0925,0.007083333333333334,0.0006851178551066904,9.86671194453197e-14,0.004110809408094893,1
0.09416666666666666,0.007083333333333334,0.0006851178551434959,1.3417924864094226e-13,0.0038616694547770735,1
0.09583333333333333,0.007083333333333334,0.000685117855192835,1.6315506253917701e-13,0.003612529501466769,1
0.09749999999999999,0.007083333333333334,0.0006851178552516586,1.6526058174194608e-13,0.0033633895481386725,1
0.09916666666666667,0.007083333333333334,0.0006851178553092131,1.0463739201290113e-13,0.003114249594740035,1
0.10083333333333333,0.007083333333333334,0.0006851178553415021,-7.582491122567718e-14,0.0028651096411747537,1
0.1025,0.007083333333333334,0.0006851178553040232,-4.596837277376242e-13,0.002615969687275454,1
0.10416666666666666,0.007083333333333334,0.0006851178551229534,-1.1604901862508104e-12,0.002366829732777565,1
0.10583333333333332,0.007083333333333334,0.0006851178546855966,-2.320048190961497e-12,0.0021176897772890555,1
0.1075,0.007083333333333334,0.0006851178538320611,-4.098625580430586e-12,0.0018685498202565115,1
0.10916666666666666,0.007083333333333334,0.0006851178523512129,-6.652817680787463e-12,0.0016194098609422075,1
0.11083333333333333,0.007083333333333334,0.0006851178499854244,-1.0096804384017069e-11,0.0013702698984234796,1
0.11249999999999999,0.007083333333333334,0.0006851178464505446,-1.4442954225373715e-11,0.0011211299316342092,1
0.11416666666666665,0.007083333333333334,0.0006851178414803856,-1.951865070923781e-11,0.0008719899594731457,1
0.11583333333333333,0.007083333333333334,0.0006851178349095615,-2.4858526476931104e-11,0.0006228499809965467,1
0.1175,0.007083333333333334,0.0006851178268118346,-2.95761927354879e-11,0.00037370999570817944,1
0.11916666666666666,0.007083333333333334,0.000685117817685355,-3.2215830209678656e-11,0.0001245700020228196,1
0.0008333333333333333,0.007916666666666667,0.0005148226239789541,3.529603113669523e-05,0.017161424902716767,1
0.0024999999999999996,0.007916666666666667,0.0005547524319957997,6.402912304139145e-05,0.01728886540558798,1
0.004166666666666667,0.007916666666666667,0.0006033522549830937,6.356495544374909e-05,0.017234763021472886,1
0.005833333333333333,0.007916666666666667,0.000644440693980643,5.009148130766524e-05,0.017068425068780164,1
0.0075,0.007916666666666667,0.0006736892676315428,3.458218698805735e-05,0.016844875152464963,1
0.009166666666666667,0.007916666666666667,0.0006924565379540871,2.1827709897206448e-05,0.01659714251353467,1
0.010833333333333332,0.007916666666666667,0.0007036541638194159,1.2866176175015914e-05,0.01634165357279026,1
0.012499999999999999,0.007916666666666667,0.0007099575683732642,7.153891266224088e-06,0.016085301832792224,1
0.014166666666666666,0.007916666666666667,0.0007133218998289189,3.761473744909248e-06,0.015830363252301756,1
0.01583333333333333,0.007916666666666667,0.0007150204082570057,1.8614219077445092e-06,0.015577186590611587,1
0.017499999999999998,0.007916666666666667,0.0007158227692911489,8.541141905666577e-07,0.015325467260808115,1
0.019166666666666665,0.007916666666666667,0.0007161682951124283,3.5041435753543526e-07,0.015074778226942408,1
0.020833333333333332,0.007916666666666667,0.0007162951970960356,1.1586261272853683e-07,0.014824754823614407,1
0.0225,0.007916666666666667,0.0007163260660170746,1.7251027742130417e-08,0.014575134854025864,1
0.024166666666666666,0.007916666666666667,0.00071632029325014,-1.7189267177651696e-08,0.014325746740152249,1
0.025833333333333333,0.007916666666666667,0.0007163044549863004,-2.4032738521719975e-08,0.014076485375639653,1
0.027499999999999997,0.007916666666666667,0.0007162890396611283,-2.0787409140643753e-08,0.013827290435913341,1
0.029166666666666664,0.007916666666666667,0.0007162772009435958,-1.513790684201885e-08,0.01357812835704716,1
0.03083333333333333,0.007916666666666667,0.0007162691162565682,-1.0004725603544811e-08,0.013328981397062843,1
0.0325,0.007916666666666667,0.0007162640015947236,-6.178260213133242e-09,0.013079840682697295,1
0.034166666666666665,0.007916666666666667,0.0007162609503087527,-3.6117488496610765e-09,0.012830702070849891,1
0.03583333333333333,0.007916666666666667,0.0007162592203279911,-2.0092595860400835e-09,0.012581563809173439,1
0.0375,0.007916666666666667,0.0007162582863915484,-1.063682627580418e-09,0.012332425277189654,1
0.03916666666666666,0.007916666666666667,0.0007162578078049416,-5.330328017398313e-10,0.012083286343474565,1
0.04083333333333333,0.007916666666666667,0.000716257577215472,-2.49571692438576e-10,0.011834147057314367,1
0.042499999999999996,0.007916666666666667,0.0007162574749423731,-1.0605733161887797e-10,0.011585007512857608,1
0.04416666666666667,0.007916666666666667,0.0007162574352286812,-3.7968815913568816e-11,0.011335867797045663,1
0.04583333333333333,0.007916666666666667,0.0007162574237277945,-8.450759453107872e-12,0.011086727975119285,1
0.047499999999999994,0.007916666666666667,0.0007162574235027633,2.5366080662307903e-12,0.010837588090996775,1
0.049166666666666664,0.007916666666666667,0.0007162574267977333,5.343504132271104e-12,0.01058844817205288,1
0.05083333333333333,0.007916666666666667,0.0007162574304342192,5.00261468469392e-12,0.010339308234672974,1
0.0525,0.007916666666666667,0.0007162574333574532,3.770992975856326e-12,0.0100901682880372,1
0.05416666666666666,0.007916666666666667,0.0007162574354034703,2.543306730787384e-12,0.009841028337041733,1
0.05583333333333333,0.007916666666666667,0.0007162574367194161,1.5936106428940921e-12,0.009591888384168721,1
0.057499999999999996,0.007916666666666667,0.0007162574375149861,9.433782739167959e-13,0.009342748430601582,1
0.059166666666666666,0.007916666666666667,0.0007162574379718316,5.316301792527371e-13,0.009093608476859217,1
0.06083333333333333,0.007916666666666667,0.0007162574382220247,2.858311438085146e-13,0.008844468523140058,1
0.06249999999999999,0.007916666666666667,0.0007162574383526286,1.462809566591905e-13,0.008595328569499676,1
0.06416666666666666,0.007916666666666667,0.00071625743841726,7.070232761207153e-14,0.008346188615937384,1
0.06583333333333333,0.007916666666666667,0.0007162574384471882,3.1709718937115225e-14,0.008097048662435432,1
0.06749999999999999,0.007916666666666667,0.0007162574384597842,1.2665426054810243e-14,0.007847908708974826,1
0.06916666666666667,0.007916666666666667,0.000716257438464246,3.978327550379341e-15,0.007598768755540482,1
0.07083333333333333,0.007916666666666667,0.0007162574384651965,3.773780105833221e-16,0.007349628802121892,1
0.0725,0.007916666666666667,0.0007162574384648149,-8.973302643134377e-16,0.007100488848712307,1
0.07416666666666666,0.007916666666666667,0.0007162574384640427,-1.2087681982665175e-15,0.0068513488953076875,1
0.07583333333333332,0.007916666666666667,0.0007162574384632371,-1.169885650727001e-15,0.006602208941905793,1
0.0775,0.007916666666666667,0.0007162574384625175,-9.886115951725272e-16,0.00635306898850552,1
0.07916666666666666,0.007916666666666667,0.000716257438461958,-6.305637948800766e-16,0.006103929035106543,1
0.08083333333333333,0.007916666666666667,0.000716257438461717,1.2817543075265912e-16,0.0058547890817091325,1
0.08249999999999999,0.007916666666666667,0.0007162574384621536,1.713661483678774e-15,0.005605649128314093,1
0.08416666666666667,0.007916666666666667,0.0007162574384639668,4.793774267828815e-15,0.005356509174922819,1
0.08583333333333333,0.007916666666666667,0.0007162574384683611,1.0313652083930728e-14,0.005107369221537325,1
0.0875,0.007916666666666667,0.0007162574384772216,1.9468895102773703e-14,0.004858229268160187,1
0.08916666666666666,0.007916666666666667,0.0007162574384932386,3.3533065038997e-14,0.004609089314794226,1
0.09083333333333332,0.007916666666666667,0.0007162574385198544,5.3416459109229544e-14,0.0043599493614416285,1
0.0925,0.007916666666666667,0.0007162574385608202,7.878594089933744e-14,0.004110809408102195,1
0.09416666666666666,0.007916666666666667,0.0007162574386190306,1.0655244086981298e-13,0.003861669454770075,1
0.09583333333333333,0.007916666666666667,0.0007162574386941829,1.285362563508058e-13,0.0036125295014283196,1
0.09749999999999999,0.007916666666666667,0.000716257438778707,1.2820551385198362e-13,0.0033633895480404703,1
0.09916666666666667,0.007916666666666667,0.000716257438851395,7.657117710241114e-14,0.0031142495945383334,1
0.10083333333333333,0.007916666666666667,0.000716257438868295,-7.23532049492729e-14,0.002865109640805778,1
0.1025,0.007916666666666667,0.0007162574387509094,-3.857232401527934e-13,0.002615969686650097,1
0.10416666666666666,0.007916666666666667,0.0007162574383721317,-9.54526944418964e-13,0.0023668297317816296,1
0.10583333333333332,0.007916666666666667,0.0007162574375415545,-1.8920444520519744e-12,0.0021176897757855823,1
0.1075,0.007916666666666667,0.0007162574359934858,-3.3258272732758533e-12,0.0018685498180979643,1
0.10916666666666666,0.007916666666666667,0.000716257433382687,-5.379792534506362e-12,0.0016194098579964283,1
0.11083333333333333,0.007916666666666667,0.0007162574292950907,-8.143137199082731e-12,0.001370269894620221,1
0.11249999999999999,0.007916666666666667,0.0007162574232830941,-1.1623183188630325e-11,0.0011211299270410685,1
0.11416666666666665,0.007916666666666667,0.0007162574149375219,-1.5680556250276276e-11,0.0008719899544140312,1
0.11583333333333333,0.007916666666666667,0.0007162574040106781,-1.99477869258003e-11,0.000622849976241734,1
0.1175,0.007916666666666667,0.000716257390604434,-2.3734946760489528e-11,0.00037370999279612776,1
0.11916666666666666,0.007916666666666667,0.0007162573754239921,-2.5903615568830034e-11,0.00012457000484678124,1
0.0008333333333333333,0.00875,0.0005141145550147826,2.0827441639826844e-05,0.017066937491213255,1
0.0024999999999999996,0.00875,0.0005538607011507436,3.865973546185652e-05,0.017208197111262223,1
0.004166666666666667,0.00875,0.0006049391269117052,3.9095218649156226e-05,0.017180100864737414,1
0.005833333333333333,0.00875,0.0006504289871361678,3.127206849125209e-05,0.01703720827633537,1
0.0075,0.00875,0.0006842992409970697,2.184218604856952e-05,0.01682951715958208,1
0.009166666666666667,0.00875,0.0007068472834880087,1.391005442995262e-05,0.01659076547699707,1
0.010833333333333332,0.00875,0.0007207048188170992,8.2562510450602e-06,0.016339690771920514,1
0.012499999999999999,0.00875,0.0007286958180740469,4.616614490781782e-06,0.016085201482509873,1
0.014166666666666666,0.00875,0.0007330499501563588,2.439518751368312e-06,0.015830874270625073,1
0.01583333333333333,0.00875,0.0007352915713630062,1.213312083918406e-06,0.01557777410849272,1
0.017499999999999998,0.00875,0.0007363734486429319,5.601048573583422e-07,0.0153259467521815,1
0.019166666666666665,0.00875,0.0007368529403642284,2.319149194557941e-07,0.015075116747117067,1
0.020833333333333332,0.00875,0.0007370382970483997,7.823271691889104e-08,0.014824973884405897,1
0.0225,0.00875,0.0007370910152534901,1.3087360487009013e-08,0.014575267904512225,1
0.024166666666666666,0.00875,0.0007370908264642835,-1.004482185189003e-08,0.014325823477500282,1
0.025833333333333333,0.00875,0.0007370742695991001,-1.4979619335978064e-08,0.01407652758071668,1
0.027499999999999997,0.00875,0.000737056334748724,-1.3165440552334992e-08,0.013827312523152026,1
0.029166666666666664,0.00875,0.0007370419786862108,-9.662485407519793e-09,0.013578139280168282,1
0.03083333333333333,0.00875,0.000737031939108663,-6.418014750394381e-09,0.013328986422581672,1
0.0325,0.00875,0.0007370254805636095,-3.978367617216121e-09,0.013079842759250787,1
0.034166666666666665,0.00875,0.0007370215750639108,-2.333248610762556e-09,0.012830702770472675,1
0.03583333333333333,0.00875,0.0007370193335326655,-1.302003821501442e-09,0.012581563926307437,1
0.0375,0.00875,0.0007370181085662905,-6.914869832697393e-10,0.012332425187947303,1
0.03916666666666666,0.00875,0.0007370174723246143,-3.478143045599347e-10,0.012083286210384151,1
0.04083333333333333,0.00875,0.0007370171606337045,-1.6364999994045463e-10,0.01183414694045727,1
0.042499999999999996,0.00875,0.0007370170190922744,-7.007175952413588e-11,0.011585007427177987,1
0.04416666666666667,0.00875,0.0007370169618348707,-2.5468840244910853e-11,0.01133586774018187,1
0.04583333333333333,0.00875,0.0007370169434306359,-5.998174320226511e-12,0.011086727939886494,1
0.047499999999999994,0.00875,0.0007370169411333044,1.345204279419146e-12,0.010837588070326707,1
0.049166666666666664,0.00875,0.0007370169443089223,3.2996139751406564e-12,0.010588448160523808,1
0.05083333333333333,0.00875,0.00073701694845198,3.156733067948298e-12,0.010339308228545068,1
0.0525,0.00875,0.0007370169519592736,2.401610721674274e-12,0.010090168284945194,1
0.05416666666666666,0.00875,0.0007370169544812866,1.628673941430695e-12,0.009841028335576518,1
0.05583333333333333,0.00875,0.0007370169561327139,1.0245568346256871e-12,0.009591888383531985,1
0.057499999999999996,0.00875,0.000737016957145038,6.084850557052424e-13,0.0093427484303621,1
0.059166666666666666,0.00875,0.0007370169577333941,3.439227516650183e-13,0.00909360847679539,1
0.06083333333333333,0.00875,0.0007370169580593552,1.8546153311938146e-13,0.00884446852314444,1
0.06249999999999999,0.00875,0.0007370169582315983,9.522707978144223e-14,0.00859532856952399,1
0.06416666666666666,0.00875,0.0007370169583180544,4.621242167732631e-14,0.008346188615962357,1
0.06583333333333333,0.00875,0.0007370169583588389,2.0843254107587135e-14,0.008097048662455008,1
0.06749999999999999,0.00875,0.000737016958376497,8.404815006268259e-15,0.007847908708988362,1
0.06916666666666667,0.00875,0.0007370169583831103,2.7013257562818252e-15,0.007598768755549135,1
0.07083333333333333,0.00875,0.0007370169583848331,3.1783081712172634e-16,0.00734962880212712,1
0.0725,0.00875,0.0007370169583846176,-5.391814923080807e-16,0.007100488848715346,1
0.07416666666666666,0.00875,0.000737016958383773,-7.585807449580088e-16,0.006851348895309437,1
0.07583333333333332,0.00875,0.0007370169583828217,-7.416160914409292e-16,0.006602208941906876,1
0.0775,0.00875,0.0007370169583819587,-6.256074500659458e-16,0.006353068988506382,1
0.07916666666666666,0.00875,0.0007370169583813107,-3.8992755320702724e-16,0.006103929035107532,1
0.08083333333333333,0.00875,0.000737016958381107,1.0989818201585807e-16,0.005854789081710574,1
0.08249999999999999,0.00875,0.0007370169583818363,1.1489223210455487e-15,0.0056056491283163245,1
0.08416666666666667,0.00875,0.000737016958384424,3.15803287537424e-15,0.005356509174926192,1
0.08583333333333333,0.00875,0.0007370169583904388,6.744900172208518e-15,0.005107369221542148,1
0.0875,0.00875,0.0007370169584023035,1.2674903394126301e-14,0.004858229268166558,1
0.08916666666666666,0.00875,0.0007370169584234279,2.1756328445633033e-14,0.004609089314801727,1
0.09083333333333332,0.00875,0.0007370169584580955,3.455147161423779e-14,0.004359949361448769,1
0.0925,0.00875,0.0007370169585108248,5.0803259055591743e-14,0.004110809408105531,1
0.09416666666666666,0.00875,0.0007370169585847775,6.84534838741005e-14,0.0038616694547628947,1
0.09583333333333333,0.00875,0.000737016958678632,8.213197132228481e-14,0.00361252950139882,1
0.09749999999999999,0.00875,0.0007370169587812246,8.105142506289142e-14,0.003363389547969381,1
0.09916666666666667,0.00875,0.0007370169588632524,4.636731581576568e-14,0.0031142495943960497,1
0.10083333333333333,0.00875,0.0007370169588655195,-5.173290757061231e-14,0.002865109640548991,1
0.1025,0.00875,0.0007370169586837262,-2.5675416350264713e-13,0.002615969686219504,1
0.10416666666666666,0.00875,0.0007370169581505188,-6.275036113034466e-13,0.002366829731101615,1
0.10583333333333332,0.00875,0.0007370169570170703,-1.2370549509333864e-12,0.002117689774766315,1
0.1075,0.00875,0.0007370169549384783,-2.1674864124746507e-12,0.0018685498166440702,1
0.10916666666666666,0.00875,0.0007370169514694946,-3.498242155137205e-12,0.0016194098560250662,1
0.11083333333333333,0.00875,0.0007370169460797988,-5.286041630904511e-12,0.001370269892093281,1
0.11249999999999999,0.00875,0.0007370169382005223,-7.534642293610678e-12,0.0011211299240181524,1
0.11416666666666665,0.00875,0.0007370169273155775,-1.0153838657730661e-11,0.0008719899511378202,1
0.11583333333333333,0.00875,0.0007370169131116129,-1.2909100277053585e-11,0.0006228499732861151,1
0.1175,0.00875,0.0007370168956983643,-1.5363887084915693e-11,0.0003737099913455164,1
0.11916666666666666,0.00875,0.0007370168759158745,-1.6793209465110448e-11,0.00012457000816938868,1
0.0008333333333333333,0.009583333333333334,0.0005137701641324355,6.885082066217771e-06,0.017021521761438133,1
0.0024999999999999996,0.009583333333333334,0.0005533842681661385,1.2921969950633652e-05,0.017168814859230774,1
0.004166666666666667,0.009583333333333334,0.0006056000093966704,1.3185900664632324e-05,0.017152895247445076,1
0.005833333333333333,0.009583333333333334,0.0006532223664248472,1.0625277849456143e-05,0.017021357948667337,1
0.0075,0.009583333333333334,0.0006894014940342179,7.464285955229159e-06,0.01682155710577671,1
0.009166666666666667,0.009583333333333334,0.0007138797132672705,4.774823661297186e-06,0.01658737741154286,1
0.010833333333333332,0.009583333333333334,0.0007291172510777382,2.8439452439366265e-06,0.016338597678862775,1
0.012499999999999999,0.009583333333333334,0.0007379946169851063,1.5947377097474514e-06,0.016085099530818155,1
0.014166666666666666,0.009583333333333334,0.0007428736841861005,8.447958907496221e-07,0.015831110888777925,1
0.01583333333333333,0.009583333333333334,0.0007454057044180635,4.2121422523190446e-07,0.015578064221383851,1
0.017499999999999998,0.009583333333333334,0.0007466381827193774,1.950249254250722e-07,0.015326188600173795,1
0.019166666666666665,0.009583333333333334,0.0007471904566355432,8.111203265783701e-08,0.015075289458342581,1
0.020833333333333332,0.009583333333333334,0.0007474079259298323,2.7622614486661186e-08,0.014825086512523959,1
0.0225,0.009583333333333334,0.000747472886904693,4.8578729436486976e-09,0.014575336723999495,1
0.024166666666666666,0.009583333333333334,0.0007474760238379316,-3.289406324450868e-09,0.01432586334097759,1
0.025833333333333333,0.009583333333333334,0.0007474592778293355,-5.083597973606496e-09,0.014076549625488004,1
0.027499999999999997,0.009583333333333334,0.0007474401001946354,-4.505219376516357e-09,0.013827324132146088,1
0.029166666666666664,0.009583333333333334,0.0007474244502999321,-3.319727975105197e-09,0.013578145064785134,1
0.03083333333333333,0.009583333333333334,0.000747413389588548,-2.2106277169179524e-09,0.013328989111282346,1
0.0325,0.009583333333333334,0.000747406222478707,-1.372927203503085e-09,0.01307984388861362,1
0.034166666666666665,0.009583333333333334,0.0007474018636123284,-8.065059857869952e-10,0.01283070316474256,1
0.03583333333333333,0.009583333333333334,0.0007473993491255187,-4.5073741904102255e-10,0.012581564004961092,1
0.0375,0.009583333333333334,0.0007473979681179013,-2.3976638961557426e-10,0.012332425151378845,1
0.03916666666666666,0.009583333333333334,0.0007473972469374515,-1.20823835262372e-10,0.012083286146367245,1
0.04083333333333333,0.009583333333333334,0.0007473968913186018,-5.6985589561153125e-11,0.011834146882282513,1
0.042499999999999996,0.009583333333333334,0.0007473967283675573,-2.4489932650429354e-11,0.011585007383831732,1
0.04416666666666667,0.009583333333333334,0.0007473966614556593,-8.966016327097132e-12,0.01133586771112172,1
0.04583333333333333,0.009583333333333334,0.0007473966391907624,-2.1664322382780996e-12,0.011086727921744238,1
0.047499999999999994,0.009583333333333334,0.000747396635686458,4.142801121585096e-13,0.0108375880596102,1
0.049166666666666664,0.009583333333333334,0.0007473966387434672,1.114224553492776e-12,0.010588448154510655,1
0.05083333333333333,0.009583333333333334,0.0007473966431282852,1.078184577585043e-12,0.01033930822533181,1
0.0525,0.009583333333333334,0.0007473966469329822,8.241639065102378e-13,0.010090168283314318,1
0.05416666666666666,0.009583333333333334,0.0007473966497022604,5.604751867698292e-13,0.00984102833479795,1
0.05583333333333333,0.009583333333333334,0.0007473966515297774,3.5328340338458323e-13,0.00959188838318994,1
0.057499999999999996,0.009583333333333334,0.0007473966526566572,2.1015652190811476e-13,0.009342748430230844,1
0.059166666666666666,0.009583333333333334,0.0007473966533148871,1.1895836846753208e-13,0.009093608476758278,1
0.06083333333333333,0.009583333333333334,0.0007473966536812908,6.42434935017166e-14,0.00884446852314454,1
0.06249999999999999,0.009583333333333334,0.000747396653875858,3.3040071567008944e-14,0.008595328569535482,1
0.06416666666666666,0.009583333333333334,0.0007473966539740696,1.6065660771823207e-14,0.008346188615974763,1
0.06583333333333333,0.009583333333333334,0.000747396654020733,7.266069507196159e-15,0.008097048662464912,1
0.06749999999999999,0.009583333333333334,0.000747396654041152,2.943446826715311e-15,0.00784790870899528,1
0.06916666666666667,0.009583333333333334,0.0007473966540489515,9.56298765321256e-16,0.007598768755553589,1
0.07083333333333333,0.009583333333333334,0.0007473966540511093,1.2256698515436163e-16,0.007349628802129827,1
0.0725,0.009583333333333334,0.0007473966540509958,-1.7938575287262098e-16,0.007100488848716927,1
0.07416666666666666,0.009583333333333334,0.0007473966540501203,-2.584065356539623e-16,0.006851348895310353,1
0.07583333333333332,0.009583333333333334,0.0007473966540490959,-2.539089995915436e-16,0.006602208941907449,1
0.0775,0.009583333333333334,0.0007473966540481602,-2.1396808785148223e-16,0.006353068988506834,1
0.07916666666666666,0.009583333333333334,0.0007473966540474685,-1.3175074760053368e-16,0.006103929035108045,1
0.08083333333333333,0.009583333333333334,0.0007473966540472901,4.266991977256086e-17,0.005854789081711311,1
0.08249999999999999,0.009583333333333334,0.0007473966540481841,4.043620710949571e-16,0.005605649128317454,1
0.08416666666666667,0.009583333333333334,0.0007473966540511973,1.1021809335283081e-15,0.005356509174927882,1
0.08583333333333333,0.009583333333333334,0.0007473966540580928,2.345630294262579e-15,0.005107369221544536,1
0.0875,0.009583333333333334,0.0007473966540715801,4.398091228546764e-15,0.0048582292681696735,1
0.08916666666666666,0.009583333333333334,0.0007473966540954488,7.536445979071373e-15,0.004609089314805325,1
0.09083333333333332,0.009583333333333334,0.0007473966541344228,1.1950568490058965e-14,0.004359949361452051,1
0.0925,0.009583333333333334,0.0007473966541934128,1.7544426176283523e-14,0.0041108094081067055,1
0.09416666666666666,0.009583333333333334,0.0007473966542756931,2.3595740123824425e-14,0.0038616694547585215,1
0.09583333333333333,0.009583333333333334,0.0007473966543793514,2.8233424595022675e-14,0.0036125295013828967,1
0.09749999999999999,0.009583333333333334,0.0007473966544912385,2.771014959887604e-14,0.003363389547932175,1
0.09916666666666667,0.009583333333333334,0.0007473966545776433,1.5492253129650865e-14,0.0031142495943226444,1
0.10083333333333333,0.009583333333333334,0.000747396654571144,-1.8741839172691754e-14,0.0028651096404172377,1
0.1025,0.009583333333333334,0.0007473966543535533,-9.005336561529777e-14,0.0026159696859998824,1
0.10416666666666666,0.009583333333333334,0.000747396653735899,-2.1877371228959566e-13,0.0023668297307564193,1
0.10583333333333332,0.009583333333333334,0.0007473966524380647,-4.301434727040458e-13,0.002117689774251005,1
0.1075,0.009583333333333334,0.0007473966500728195,-7.524792210265021e-13,0.0018685498159117817,1
0.10916666666666666,0.009583333333333334,0.0007473966461415827,-1.2131391356852828e-12,0.001619409855035899,1
0.11083333333333333,0.009583333333333334,0.0007473966400521468,-1.8315788446471683e-12,0.001370269890830806,1
0.11249999999999999,0.009583333333333334,0.0007473966311711011,-2.6089440544769623e-12,0.001121129922516739,1
0.11416666666666665,0.009583333333333334,0.0007473966189250924,-3.5140601997086383e-12,0.0008719899495276767,1
0.11583333333333333,0.009583333333333334,0.0007473966029641356,-4.4664180954585744e-12,0.0006228499718750322,1
0.1175,0.009583333333333334,0.0007473965833977726,-5.316763443656166e-12,0.00037370999078104657,1
0.11916666666666666,0.009583333333333334,0.000747396561131921,-5.816162416572125e-12,0.0001245700103138142,1
0.0008333333333333333,0.010416666666666668,0.0005137701641324355,-6.885082066217731e-06,0.017021521761438133,1
0.0024999999999999996,0.010416666666666668,0.0005533842681661385,-1.2921969950633706e-05,0.017168814859230774,1
0.004166666666666667,0.010416666666666668,0.0006056000093966704,-1.3185900664632297e-05,0.01715289524744508,1
0.005833333333333333,0.010416666666666668,0.0006532223664248472,-1.0625277849456155e-05,0.017021357948667333,1
0.0075,0.010416666666666668,0.0006894014940342179,-7.464285955229111e-06,0.016821557105776715,1
0.009166666666666667,0.010416666666666668,0.0007138797132672705,-4.774823661297183e-06,0.016587377411542856,1
0.010833333333333332,0.010416666666666668,0.0007291172510777382,-2.8439452439366773e-06,0.016338597678862775,1
0.012499999999999999,0.010416666666666668,0.0007379946169851064,-1.5947377097474505e-06,0.01608509953081816,1
0.014166666666666666,0.010416666666666668,0.0007428736841861006,-8.447958907496197e-07,0.015831110888777925,1
0.01583333333333333,0.010416666666666668,0.0007454057044180635,-4.2121422523186545e-07,0.015578064221383851,1
0.017499999999999998,0.010416666666666668,0.0007466381827193774,-1.950249254250887e-07,0.015326188600173795,1
0.019166666666666665,0.010416666666666668,0.0007471904566355433,-8.111203265792973e-08,0.015075289458342581,1
0.020833333333333332,0.010416666666666668,0.0007474079259298324,-2.762261448662565e-08,0.014825086512523959,1
0.0225,0.010416666666666668,0.0007474728869046931,-4.857872943700196e-09,0.014575336723999497,1
0.024166666666666666,0.010416666666666668,0.0007474760238379316,3.2894063244424164e-09,0.014325863340977588,1
0.025833333333333333,0.010416666666666668,0.0007474592778293355,5.083597973613491e-09,0.014076549625488004,1
0.027499999999999997,0.010416666666666668,0.0007474401001946353,4.505219376561214e-09,0.013827324132146088,1
0.029166666666666664,0.010416666666666668,0.000747424450299932,3.319727975095215e-09,0.013578145064785135,1
0.03083333333333333,0.010416666666666668,0.000747413389588548,2.2106277169318047e-09,0.013328989111282344,1
0.0325,0.010416666666666668,0.000747406222478707,1.3729272034997287e-09,0.013079843888613621,1
0.034166666666666665,0.010416666666666668,0.0007474018636123284,8.065059858095942e-10,0.01283070316474256,1
0.03583333333333333,0.010416666666666668,0.0007473993491255187,4.5073741903858263e-10,0.012581564004961092,1
0.0375,0.010416666666666668,0.0007473979681179013,2.3976638961246287e-10,0.012332425151378845,1
0.03916666666666666,0.010416666666666668,0.0007473972469374515,1.2082383523077096e-10,0.012083286146367245,1
0.04083333333333333,0.010416666666666668,0.0007473968913186018,5.698558958317587e-11,0.011834146882282513,1
0.042499999999999996,0.010416666666666668,0.0007473967283675573,2.448993262958253e-11,0.011585007383831732,1
0.04416666666666667,0.010416666666666668,0.0007473966614556593,8.966016309900271e-12,0.011335867711121722,1
0.04583333333333333,0.010416666666666668,0.0007473966391907623,2.1664322618069093e-12,0.01108672792174424,1
0.047499999999999994,0.010416666666666668,0.0007473966356864579,-4.142800495800115e-13,0.0108375880596102,1
0.049166666666666664,0.010416666666666668,0.0007473966387434672,-1.1142244964611964e-12,0.010588448154510656,1
0.05083333333333333,0.010416666666666668,0.0007473966431282853,-1.0781845555648305e-12,0.010339308225331809,1
0.0525,0.010416666666666668,0.0007473966469329822,-8.241639369909577e-13,0.010090168283314318,1
0.05416666666666666,0.010416666666666668,0.0007473966497022605,-5.604751998361148e-13,0.009841028334797951,1
0.05583333333333333,0.010416666666666668,0.0007473966515297775,-3.532833335740192e-13,0.009591888383189941,1
0.057499999999999996,0.010416666666666668,0.0007473966526566572,-2.1015653672480838e-13,0.009342748430230844,1
0.059166666666666666,0.010416666666666668,0.0007473966533148871,-1.1895837894664253e-13,0.009093608476758278,1
0.06083333333333333,0.010416666666666668,0.0007473966536812908,-6.42434888842763e-14,0.00884446852314454,1
0.06249999999999999,0.010416666666666668,0.000747396653875858,-3.304004615067686e-14,0.00859532856953548,1
0.06416666666666666,0.010416666666666668,0.0007473966539740696,-1.6065610010872305e-14,0.008346188615974762,1
0.06583333333333333,0.010416666666666668,0.000747396654020733,-7.266044448352397e-15,0.008097048662464912,1
0.06749999999999999,0.010416666666666668,0.0007473966540411521,-2.9434530294789688e-15,0.00784790870899528,1
0.06916666666666667,0.010416666666666668,0.0007473966540489516,-9.563124823497266e-16,0.007598768755553589,1
0.07083333333333333,0.010416666666666668,0.0007473966540511094,-1.2263920299535715e-16,0.007349628802129827,1
0.0725,0.010416666666666668,0.0007473966540509959,1.7935890764609178e-16,0.007100488848716927,1
0.07416666666666666,0.010416666666666668,0.0007473966540501203,2.582929725957642e-16,0.006851348895310355,1
0.07583333333333332,0.010416666666666668,0.0007473966540490959,2.538563442461174e-16,0.006602208941907448,1
0.0775,0.010416666666666668,0.00074739665404816,2.1399955268086096e-16,0.006353068988506834,1
0.07916666666666666,0.010416666666666668,0.0007473966540474684,1.318154000622356e-16,0.006103929035108044,1
0.08083333333333333,0.010416666666666668,0.0007473966540472901,-4.262334905579003e-17,0.005854789081711311,1
0.08249999999999999,0.010416666666666668,0.0007473966540481841,-4.0438673321544216e-16,0.005605649128317454,1
0.08416666666666667,0.010416666666666668,0.0007473966540511973,-1.1021547072922049e-15,0.005356509174927882,1
0.08583333333333333,0.010416666666666668,0.0007473966540580928,-2.3456270800142286e-15,0.005107369221544536,1
0.0875,0.010416666666666668,0.0007473966540715801,-4.398033509452997e-15,0.0048582292681696735,1
0.08916666666666666,0.010416666666666668,0.000747396654095449,-7.536357492303022e-15,0.004609089314805325,1
0.09083333333333332,0.010416666666666668,0.0007473966541344228,-1.1950575844169046e-14,0.004359949361452051,1
0.0925,0.010416666666666668,0.0007473966541934128,-1.7544486250547374e-14,0.0041108094081067055,1
0.09416666666666666,0.010416666666666668,0.0007473966542756931,-2.3595702275926946e-14,0.003861669454758521,1
0.09583333333333333,0.010416666666666668,0.0007473966543793514,-2.8233359293903214e-14,0.0036125295013828967,1
0.09749999999999999,0.010416666666666668,0.0007473966544912385,-2.7710133814608395e-14,0.0033633895479321754,1
0.09916666666666667,0.010416666666666668,0.0007473966545776433,-1.5492242849087948e-14,0.0031142495943226444,1
0.10083333333333333,0.010416666666666668,0.000747396654571144,1.8741819224536195e-14,0.0028651096404172377,1
0.1025,0.010416666666666668,0.0007473966543535534,9.00534289253141e-14,0.002615969685999882,1
0.10416666666666666,0.010416666666666668,0.000747396653735899,2.1877372579883788e-13,0.0023668297307564198,1
0.10583333333333332,0.010416666666666668,0.0007473966524380646,4.301433948338043e-13,0.0021176897742510056,1
0.1075,0.010416666666666668,0.0007473966500728194,7.524791933526265e-13,0.0018685498159117814,1
0.10916666666666666,0.010416666666666668,0.0007473966461415827,1.213139113329107e-12,0.001619409855035899,1
0.11083333333333333,0.010416666666666668,0.0007473966400521468,1.8315788223949004e-12,0.001370269890830806,1
0.11249999999999999,0.010416666666666668,0.0007473966311711011,2.6089440276283804e-12,0.001121129922516739,1
0.11416666666666665,0.010416666666666668,0.0007473966189250924,3.5140602482955344e-12,0.0008719899495276764,1
0.11583333333333333,0.010416666666666668,0.0007473966029641358,4.466418071810709e-12,0.0006228499718750326,1
0.1175,0.010416666666666668,0.0007473965833977727,5.316763438595206e-12,0.00037370999078104684,1
0.11916666666666666,0.010416666666666668,0.0007473965611319209,5.816162393419842e-12,0.00012457001031381467,1
0.0008333333333333333,0.011250000000000001,0.0005141145550147826,-2.0827441639826823e-05,0.01706693749121325,1
0.0024999999999999996,0.011250000000000001,0.0005538607011507436,-3.865973546185653e-05,0.017208197111262223,1
0.004166666666666667,0.011250000000000001,0.000604939126911705,-3.90952186491562e-05,0.017180100864737414,1
0.005833333333333333,0.011250000000000001,0.0006504289871361677,-3.127206849125209e-05,0.01703720827633537,1
0.0075,0.011250000000000001,0.0006842992409970698,-2.1842186048569537e-05,0.01682951715958208,1
0.009166666666666667,0.011250000000000001,0.0007068472834880089,-1.3910054429952623e-05,0.01659076547699707,1
0.010833333333333332,0.011250000000000001,0.0007207048188170994,-8.256251045060247e-06,0.016339690771920514,1
0.012499999999999999,0.011250000000000001,0.000728695818074047,-4.6166144907818044e-06,0.01608520148250987,1
0.014166666666666666,0.011250000000000001,0.0007330499501563589,-2.439518751368279e-06,0.01583087427062507,1
0.01583333333333333,0.011250000000000001,0.0007352915713630063,-1.2133120839183813e-06,0.01557777410849272,1
0.017499999999999998,0.011250000000000001,0.0007363734486429319,-5.601048573583242e-07,0.0153259467521815,1
0.019166666666666665,0.011250000000000001,0.0007368529403642283,-2.319149194558701e-07,0.015075116747117067,1
0.020833333333333332,0.011250000000000001,0.0007370382970483997,-7.82327169189166e-08,0.014824973884405897,1
0.0225,0.011250000000000001,0.0007370910152534903,-1.3087360487006955e-08,0.014575267904512227,1
0.024166666666666666,0.011250000000000001,0.0007370908264642835,1.0044821851886462e-08,0.014325823477500282,1
0.025833333333333333,0.011250000000000001,0.0007370742695991001,1.4979619335958857e-08,0.014076527580716681,1
0.027499999999999997,0.011250000000000001,0.0007370563347487241,1.3165440552359433e-08,0.013827312523152026,1
0.029166666666666664,0.011250000000000001,0.0007370419786862108,9.662485407532659e-09,0.013578139280168282,1
0.03083333333333333,0.011250000000000001,0.000737031939108663,6.418014750424419e-09,0.013328986422581674,1
0.0325,0.011250000000000001,0.0007370254805636095,3.978367617226342e-09,0.013079842759250787,1
0.034166666666666665,0.011250000000000001,0.0007370215750639108,2.3332486107652283e-09,0.012830702770472673,1
0.03583333333333333,0.011250000000000001,0.0007370193335326655,1.3020038215042043e-09,0.012581563926307437,1
0.0375,0.011250000000000001,0.0007370181085662905,6.914869832694442e-10,0.012332425187947303,1
0.03916666666666666,0.011250000000000001,0.0007370174723246143,3.4781430453098095e-10,0.012083286210384153,1
0.04083333333333333,0.011250000000000001,0.0007370171606337044,1.6364999995744303e-10,0.011834146940457268,1
0.042499999999999996,0.011250000000000001,0.0007370170190922744,7.007175950397433e-11,0.011585007427177987,1
0.04416666666666667,0.011250000000000001,0.0007370169618348707,2.5468840250475045e-11,0.01133586774018187,1
0.04583333333333333,0.011250000000000001,0.0007370169434306358,5.998174379501101e-12,0.011086727939886496,1
0.047499999999999994,0.011250000000000001,0.0007370169411333044,-1.345204250273427e-12,0.010837588070326705,1
0.049166666666666664,0.011250000000000001,0.0007370169443089223,-3.299613941613724e-12,0.010588448160523806,1
0.05083333333333333,0.011250000000000001,0.00073701694845198,-3.156733065728781e-12,0.010339308228545068,1
0.0525,0.011250000000000001,0.0007370169519592736,-2.4016107371685533e-12,0.010090168284945194,1
0.05416666666666666,0.011250000000000001,0.0007370169544812866,-1.628673959339057e-12,0.009841028335576518,1
0.05583333333333333,0.011250000000000001,0.0007370169561327139,-1.0245567644051779e-12,0.009591888383531984,1
0.057499999999999996,0.011250000000000001,0.000737016957145038,-6.084850633054765e-13,0.0093427484303621,1
0.059166666666666666,0.011250000000000001,0.0007370169577333941,-3.4392276089471727e-13,0.00909360847679539,1
0.06083333333333333,0.011250000000000001,0.0007370169580593552,-1.8546151666950792e-13,0.00884446852314444,1
0.06249999999999999,0.011250000000000001,0.0007370169582315983,-9.522705525998808e-14,0.008595328569523992,1
0.06416666666666666,0.011250000000000001,0.0007370169583180543,-4.621238379672541e-14,0.008346188615962357,1
0.06583333333333333,0.011250000000000001,0.000737016958358839,-2.0843257477978664e-14,0.008097048662455008,1
0.06749999999999999,0.011250000000000001,0.0007370169583764971,-8.404798209240985e-15,0.007847908708988362,1
0.06916666666666667,0.011250000000000001,0.0007370169583831103,-2.701356064902862e-15,0.007598768755549134,1
0.07083333333333333,0.011250000000000001,0.0007370169583848331,-3.178607523951518e-16,0.0073496288021271195,1
0.0725,0.011250000000000001,0.0007370169583846176,5.391020899816297e-16,0.007100488848715346,1
0.07416666666666666,0.011250000000000001,0.000737016958383773,7.585255864452518e-16,0.006851348895309439,1
0.07583333333333332,0.011250000000000001,0.0007370169583828217,7.415484513647813e-16,0.006602208941906879,1
0.0775,0.011250000000000001,0.0007370169583819587,6.256672295554193e-16,0.006353068988506382,1
0.07916666666666666,0.011250000000000001,0.0007370169583813106,3.8996512628388857e-16,0.006103929035107532,1
0.08083333333333333,0.011250000000000001,0.0007370169583811068,-1.0985619945524037e-16,0.005854789081710573,1
0.08249999999999999,0.011250000000000001,0.0007370169583818362,-1.148918352660557e-15,0.005605649128316325,1
0.08416666666666667,0.011250000000000001,0.000737016958384424,-3.1580307083615616e-15,0.005356509174926192,1
0.08583333333333333,0.011250000000000001,0.0007370169583904388,-6.744913394442522e-15,0.005107369221542147,1
0.0875,0.011250000000000001,0.0007370169584023035,-1.267485520776818e-14,0.004858229268166556,1
0.08916666666666666,0.011250000000000001,0.0007370169584234279,-2.17562925434092e-14,0.004609089314801726,1
0.09083333333333332,0.011250000000000001,0.0007370169584580956,-3.455145529269043e-14,0.004359949361448768,1
0.0925,0.011250000000000001,0.0007370169585108249,-5.080328934481503e-14,0.004110809408105532,1
0.09416666666666666,0.011250000000000001,0.0007370169585847776,-6.845343375724821e-14,0.003861669454762895,1
0.09583333333333333,0.011250000000000001,0.000737016958678632,-8.213190273460631e-14,0.00361252950139882,1
0.09749999999999999,0.011250000000000001,0.0007370169587812246,-8.105142277721902e-14,0.003363389547969381,1
0.09916666666666667,0.011250000000000001,0.0007370169588632524,-4.636729764205424e-14,0.0031142495943960492,1
0.10083333333333333,0.011250000000000001,0.0007370169588655195,5.173287217804007e-14,0.0028651096405489913,1
0.1025,0.011250000000000001,0.0007370169586837262,2.567541899017724e-13,0.0026159696862195023,1
0.10416666666666666,0.011250000000000001,0.0007370169581505191,6.27503656867704e-13,0.0023668297311016154,1
0.10583333333333332,0.011250000000000001,0.0007370169570170704,1.2370549029222908e-12,0.0021176897747663156,1
0.1075,0.011250000000000001,0.0007370169549384783,2.1674863800376984e-12,0.0018685498166440713,1
0.10916666666666666,0.011250000000000001,0.0007370169514694946,3.4982421274094643e-12,0.001619409856025066,1
0.11083333333333333,0.011250000000000001,0.0007370169460797988,5.286041606357882e-12,0.0013702698920932809,1
0.11249999999999999,0.011250000000000001,0.0007370169382005224,7.53464225324654e-12,0.0011211299240181521,1
0.11416666666666665,0.011250000000000001,0.0007370169273155775,1.0153838692472331e-11,0.0008719899511378193,1
0.11583333333333333,0.011250000000000001,0.0007370169131116129,1.2909100258756484e-11,0.0006228499732861158,1
0.1175,0.011250000000000001,0.0007370168956983643,1.536388709887577e-11,0.0003737099913455164,1
0.11916666666666666,0.011250000000000001,0.0007370168759158745,1.6793209455307346e-11,0.00012457000816938922,1
0.0008333333333333333,0.012083333333333335,0.0005148226239789541,-3.529603113669522e-05,0.017161424902716767,1
0.0024999999999999996,0.012083333333333335,0.0005547524319957997,-6.402912304139143e-05,0.01728886540558798,1
0.004166666666666667,0.012083333333333335,0.0006033522549830936,-6.356495544374908e-05,0.01723476302147289,1
0.005833333333333333,0.012083333333333335,0.000644440693980643,-5.0091481307665244e-05,0.017068425068780164,1
0.0075,0.012083333333333335,0.0006736892676315428,-3.458218698805742e-05,0.016844875152464963,1
0.009166666666666667,0.012083333333333335,0.0006924565379540871,-2.182770989720647e-05,0.01659714251353467,1
0.010833333333333332,0.012083333333333335,0.0007036541638194159,-1.2866176175015943e-05,0.01634165357279026,1
0.012499999999999999,0.012083333333333335,0.0007099575683732642,-7.15389126622411e-06,0.016085301832792224,1
0.014166666666666666,0.012083333333333335,0.0007133218998289189,-3.7614737449092085e-06,0.015830363252301756,1
0.01583333333333333,0.012083333333333335,0.0007150204082570057,-1.8614219077445073e-06,0.015577186590611585,1
0.017499999999999998,0.012083333333333335,0.0007158227692911491,-8.541141905666571e-07,0.015325467260808114,1
0.019166666666666665,0.012083333333333335,0.0007161682951124285,-3.504143575354385e-07,0.01507477822694241,1
0.020833333333333332,0.012083333333333335,0.0007162951970960356,-1.1586261272858905e-07,0.014824754823614405,1
0.0225,0.012083333333333335,0.0007163260660170746,-1.7251027742123015e-08,0.014575134854025864,1
0.024166666666666666,0.012083333333333335,0.00071632029325014,1.7189267177646137e-08,0.014325746740152249,1
0.025833333333333333,0.012083333333333335,0.0007163044549863004,2.40327385217075e-08,0.014076485375639653,1
0.027499999999999997,0.012083333333333335,0.0007162890396611283,2.0787409140612155e-08,0.01382729043591334,1
0.029166666666666664,0.012083333333333335,0.0007162772009435959,1.513790684206768e-08,0.01357812835704716,1
0.03083333333333333,0.012083333333333335,0.0007162691162565683,1.000472560358707e-08,0.013328981397062845,1
0.0325,0.012083333333333335,0.0007162640015947238,6.178260213137953e-09,0.013079840682697295,1
0.034166666666666665,0.012083333333333335,0.0007162609503087527,3.6117488496991194e-09,0.012830702070849891,1
0.03583333333333333,0.012083333333333335,0.000716259220327991,2.0092595860525313e-09,0.01258156380917344,1
0.0375,0.012083333333333335,0.0007162582863915484,1.0636826275636133e-09,0.012332425277189654,1
0.03916666666666666,0.012083333333333335,0.0007162578078049416,5.330328017411155e-10,0.012083286343474565,1
0.04083333333333333,0.012083333333333335,0.000716257577215472,2.4957169241855475e-10,0.011834147057314367,1
0.042499999999999996,0.012083333333333335,0.000716257474942373,1.0605733161405164e-10,0.01158500751285761,1
0.04416666666666667,0.012083333333333335,0.0007162574352286811,3.7968815934205926e-11,0.011335867797045665,1
0.04583333333333333,0.012083333333333335,0.0007162574237277945,8.450759514755331e-12,0.011086727975119283,1
0.047499999999999994,0.012083333333333335,0.0007162574235027633,-2.5366080395503793e-12,0.010837588090996775,1
0.049166666666666664,0.012083333333333335,0.0007162574267977332,-5.343504123091868e-12,0.01058844817205288,1
0.05083333333333333,0.012083333333333335,0.0007162574304342192,-5.002614681480107e-12,0.010339308234672972,1
0.0525,0.012083333333333335,0.0007162574333574532,-3.770992986763603e-12,0.0100901682880372,1
0.05416666666666666,0.012083333333333335,0.0007162574354034703,-2.5433067196867064e-12,0.009841028337041733,1
0.05583333333333333,0.012083333333333335,0.0007162574367194163,-1.5936106345465218e-12,0.009591888384168717,1
0.057499999999999996,0.012083333333333335,0.0007162574375149864,-9.433782607290917e-13,0.009342748430601582,1
0.059166666666666666,0.012083333333333335,0.0007162574379718316,-5.316301909904466e-13,0.009093608476859218,1
0.06083333333333333,0.012083333333333335,0.0007162574382220247,-2.8583111114111153e-13,0.00884446852314006,1
0.06249999999999999,0.012083333333333335,0.0007162574383526286,-1.4628092529572064e-13,0.008595328569499674,1
0.06416666666666666,0.012083333333333335,0.00071625743841726,-7.070234536865719e-14,0.008346188615937384,1
0.06583333333333333,0.012083333333333335,0.0007162574384471883,-3.170970313052188e-14,0.00809704866243543,1
0.06749999999999999,0.012083333333333335,0.0007162574384597842,-1.2665389108789215e-14,0.007847908708974826,1
0.06916666666666667,0.012083333333333335,0.0007162574384642461,-3.9783501809517556e-15,0.007598768755540482,1
0.07083333333333333,0.012083333333333335,0.0007162574384651965,-3.7742454511780306e-16,0.007349628802121892,1
0.0725,0.012083333333333335,0.000716257438464815,8.972437261129665e-16,0.007100488848712308,1
0.07416666666666666,0.012083333333333335,0.0007162574384640427,1.208734944187795e-15,0.006851348895307689,1
0.07583333333333332,0.012083333333333335,0.000716257438463237,1.1698742087415971e-15,0.006602208941905795,1
0.0775,0.012083333333333335,0.0007162574384625173,9.886277620396348e-16,0.0063530689885055195,1
0.07916666666666666,0.012083333333333335,0.000716257438461958,6.306211701767332e-16,0.006103929035106541,1
0.08083333333333333,0.012083333333333335,0.000716257438461717,-1.281629737879024e-16,0.005854789081709132,1
0.08249999999999999,0.012083333333333335,0.0007162574384621536,-1.7136328491742483e-15,0.005605649128314093,1
0.08416666666666667,0.012083333333333335,0.0007162574384639668,-4.793794485533953e-15,0.005356509174922819,1
0.08583333333333333,0.012083333333333335,0.0007162574384683611,-1.0313667302139009e-14,0.005107369221537325,1
0.0875,0.012083333333333335,0.0007162574384772217,-1.9468885973059343e-14,0.004858229268160186,1
0.08916666666666666,0.012083333333333335,0.0007162574384932388,-3.3533048867189085e-14,0.004609089314794224,1
0.09083333333333332,0.012083333333333335,0.0007162574385198544,-5.3416441347283415e-14,0.0043599493614416285,1
0.0925,0.012083333333333335,0.0007162574385608203,-7.878594046577724e-14,0.004110809408102197,1
0.09416666666666666,0.012083333333333335,0.0007162574386190307,-1.0655239905050372e-13,0.0038616694547700756,1
0.09583333333333333,0.012083333333333335,0.000716257438694183,-1.2853618072160071e-13,0.0036125295014283187,1
0.09749999999999999,0.012083333333333335,0.0007162574387787071,-1.282055243340564e-13,0.003363389548040471,1
0.09916666666666667,0.012083333333333335,0.0007162574388513952,-7.657115227972863e-14,0.0031142495945383326,1
0.10083333333333333,0.012083333333333335,0.0007162574388682951,7.235317696940787e-14,0.002865109640805779,1
0.1025,0.012083333333333335,0.0007162574387509094,3.8572322997277305e-13,0.0026159696866500954,1
0.10416666666666666,0.012083333333333335,0.0007162574383721318,9.545269746166337e-13,0.0023668297317816288,1
0.10583333333333332,0.012083333333333335,0.0007162574375415545,1.892044451637397e-12,0.002117689775785584,1
0.1075,0.012083333333333335,0.0007162574359934858,3.3258272612120978e-12,0.0018685498180979648,1
0.10916666666666666,0.012083333333333335,0.000716257433382687,5.379792500455238e-12,0.0016194098579964287,1
0.11083333333333333,0.012083333333333335,0.0007162574292950907,8.143137168081181e-12,0.0013702698946202203,1
0.11249999999999999,0.012083333333333335,0.000716257423283094,1.1623183148434889e-11,0.0011211299270410693,1
0.11416666666666665,0.012083333333333335,0.0007162574149375219,1.568055625019618e-11,0.0008719899544140295,1
0.11583333333333333,0.012083333333333335,0.0007162574040106781,1.9947786944714145e-11,0.000622849976241735,1
0.1175,0.012083333333333335,0.000716257390604434,2.3734946779693266e-11,0.0003737099927961282,1
0.11916666666666666,0.012083333333333335,0.0007162573754239921,2.5903615567188403e-11,0.00012457000484678192,1
0.0008333333333333333,0.012916666666666668,0.0005159270446348166,-5.067086544358056e-05,0.017312660081238742,1
0.0024999999999999996,0.012916666666666668,0.0005558971416185558,-8.860424123479852e-05,0.01741393592844839,1
0.004166666666666667,0.012916666666666668,0.0006002391443697278,-8.546075011957499e-05,0.017316436848124804,1
0.005833333333333333,0.012916666666666668,0.0006343990871466186,-6.581987751905934e-05,0.01711338799816788,1
0.0075,0.012916666666666668,0.000656737158759196,-4.464711340840197e-05,0.01686618166312733,1
0.009166666666666667,0.012916666666666668,0.0006700554396899816,-2.7805559103526862e-05,0.01660557775723592,1
0.010833333333333332,0.012916666666666668,0.0006775231649258061,-1.6221002519272147e-05,0.016343991522852184,1
0.012499999999999999,0.012916666666666668,0.0006815091211749185,-8.94374532344834e-06,0.016085176802322965,1
0.014166666666666666,0.012916666666666668,0.0006835366085579408,-4.6675291070234285e-06,0.01582949580164538,1
0.01583333333333333,0.012916666666666668,0.000684511854154922,-2.2922435581642597e-06,0.01557628393630345,1
0.017499999999999998,0.012916666666666668,0.0006849469412015825,-1.042016580548843e-06,0.01532475668257642,1
0.019166666666666665,0.012916666666666668,0.0006851190542114592,-4.213313831312918e-07,0.015074286537003252,1
0.020833333333333332,0.012916666666666668,0.0006851718364303744,-1.3478768839395723e-07,0.014824440996598739,1
0.0225,0.012916666666666668,0.000685176049980279,-1.5867187548579028e-08,0.014574946313552216,1
0.024166666666666666,0.012916666666666668,0.0006851643249520766,2.4554324552633703e-08,0.014325638949759025,1
0.025833333333333333,0.012916666666666668,0.0006851502959282549,3.160132497731817e-08,0.014076426675217484,1
0.027499999999999997,0.012916666666666668,0.0006851386961234161,2.672638769037681e-08,0.013827260052687567,1
0.029166666666666664,0.012916666666666668,0.0006851304438461772,1.9244425678015864e-08,0.013578113531973822,1
0.03083333333333333,0.012916666666666668,0.00068512507360453,1.2625671104986463e-08,0.013328974702305011,1
0.0325,0.012916666666666668,0.0006851217966189842,7.75313840690273e-09,0.013079838001193504,1
0.034166666666666665,0.012916666666666668,0.0006851199006015481,4.510522359381304e-09,0.012830701230899237,1
0.03583333333333333,0.012916666666666668,0.000685118856210059,2.4976722017949257e-09,0.01258156372683746,1
0.0375,0.012916666666666668,0.0006851183090864795,1.3158000228999137e-09,0.01233242544760608,1
0.03916666666666666,0.012916666666666668,0.0006851180382851068,6.55609396101502e-10,0.012083286553910146,1
0.04083333333333333,0.012916666666666668,0.000685117913582432,3.046411702598499e-10,0.01183414723301786,1
0.042499999999999996,0.012916666666666668,0.0006851178619760405,1.279275989998475e-10,0.01158500763849058,1
0.04416666666666667,0.012916666666666668,0.0006851178445142694,4.4686279944731185e-11,0.011335867879079038,1
0.04583333333333333,0.012916666666666668,0.0006851178415042513,8.988747878457498e-12,0.01108672802531932,1
0.047499999999999994,0.012916666666666668,0.0006851178436209618,-4.020436070798446e-12,0.010837588120119698,1
0.049166666666666664,0.012916666666666668,0.0006851178468388834,-7.116121859619657e-12,0.010588448188133894,1
0.05083333333333333,0.012916666666666668,0.0006851178496734117,-6.4655040219450465e-12,0.010339308243136062,1
0.0525,0.012916666666666668,0.0006851178517529935,-4.809511510730014e-12,0.01009016829225976,1
0.05416666666666666,0.012916666666666668,0.0006851178531327767,-3.217688258597987e-12,0.009841028339013838,1
0.05583333333333333,0.012916666666666668,0.0006851178539871168,-2.00437209390836e-12,0.009591888385007094,1
0.057499999999999996,0.012916666666666668,0.0006851178544878813,-1.1807840159599303e-12,0.009342748430903764,1
0.059166666666666666,0.012916666666666668,0.0006851178547674824,-6.624475925142696e-13,0.009093608476929051,1
0.06083333333333333,0.012916666666666668,0.0006851178549163745,-3.5455630308651423e-13,0.00884446852312295,1
0.06249999999999999,0.012916666666666668,0.0006851178549917393,-1.8054015943434435e-13,0.00859532856945975,1
0.06416666666666666,0.012916666666666668,0.0006851178550276571,-8.671774998572525e-14,0.008346188615899417,1
0.06583333333333333,0.012916666666666668,0.0006851178550434416,-3.855061510981578e-14,0.00809704866240658,1
0.06749999999999999,0.012916666666666668,0.0006851178550495276,-1.5165536328069077e-14,0.007847908708955232,1
0.06916666666666667,0.012916666666666668,0.0006851178550512788,-4.58481849650923e-15,0.007598768755528114,1
0.07083333333333333,0.012916666666666668,0.000685117855051297,-2.552490155057686e-16,0.007349628802114497,1
0.0725,0.012916666666666668,0.0006851178550507518,1.2385184123677906e-15,0.007100488848708051,1
0.07416666666666666,0.012916666666666668,0.00068511785505011,1.5744826915808581e-15,0.006851348895305267,1
0.07583333333333332,0.012916666666666668,0.0006851178550495196,1.5022199768531417e-15,0.006602208941904307,1
0.0775,0.012916666666666668,0.0006851178550490069,1.2723989426579817e-15,0.006353068988504334,1
0.07916666666666666,0.012916666666666668,0.0006851178550485834,8.381527991892434e-16,0.006103929035105152,1
0.08083333333333333,0.012916666666666668,0.000685117855048316,-8.147323976740268e-17,0.005854789081707055,1
0.08249999999999999,0.012916666666666668,0.0006851178550483956,-2.0184701870507774e-15,0.005605649128310823,1
0.08416666666666667,0.012916666666666668,0.0006851178550492228,-5.809105272618156e-15,0.005356509174917796,1
0.08583333333333333,0.012916666666666668,0.0006851178550515155,-1.2641873500409473e-14,0.005107369221530031,1
0.0875,0.012916666666666668,0.0006851178550564345,-2.403050849385635e-14,0.004858229268150361,1
0.08916666666666666,0.012916666666666668,0.0006851178550656894,-4.160744218032905e-14,0.004609089314782321,1
0.09083333333333332,0.012916666666666668,0.0006851178550815582,-6.658439946032808e-14,0.004359949361429624,1
0.0925,0.012916666666666668,0.0006851178551066906,-9.866713073058334e-14,0.0041108094080948955,1
0.09416666666666666,0.012916666666666668,0.000685117855143496,-1.341792071019146e-13,0.003861669454777073,1
0.09583333333333333,0.012916666666666668,0.000685117855192835,-1.6315499059111192e-13,0.0036125295014667676,1
0.09749999999999999,0.012916666666666668,0.0006851178552516587,-1.6526060290896257e-13,0.0033633895481386734,1
0.09916666666666667,0.012916666666666668,0.0006851178553092133,-1.0463738753857742e-13,0.0031142495947400345,1
0.10083333333333333,0.012916666666666668,0.0006851178553415022,7.58249269010306e-14,0.0028651096411747546,1
0.1025,0.012916666666666668,0.0006851178553040232,4.596837316797636e-13,0.0026159696872754537,1
0.10416666666666666,0.012916666666666668,0.0006851178551229535,1.1604901405278927e-12,0.002366829732777564,1
0.10583333333333332,0.012916666666666668,0.0006851178546855967,2.3200482445858963e-12,0.0021176897772890568,1
0.1075,0.012916666666666668,0.0006851178538320611,4.098625572639753e-12,0.001868549820256512,1
0.10916666666666666,0.012916666666666668,0.000685117852351213,6.652817657804503e-12,0.0016194098609422078,1
0.11083333333333333,0.012916666666666668,0.0006851178499854246,1.0096804359027556e-11,0.0013702698984234796,1
0.11249999999999999,0.012916666666666668,0.0006851178464505447,1.4442954178817914e-11,0.0011211299316342097,1
0.11416666666666665,0.012916666666666668,0.0006851178414803858,1.951865067345525e-11,0.0008719899594731442,1
0.11583333333333333,0.012916666666666668,0.0006851178349095615,2.4858526540396407e-11,0.0006228499809965471,1
0.1175,0.012916666666666668,0.0006851178268118346,2.9576192734894296e-11,0.0003737099957081797,1
0.11916666666666666,0.012916666666666668,0.0006851178176853551,3.221583023577229e-11,0.00012457000202282045,1
0.0008333333333333333,0.01375,0.0005174446948977239,-6.735673520985077e-05,0.017533764598169112,1
0.0024999999999999996,0.01375,0.0005569208275949045,-0.00011164148630898825,0.017587836275726482,1
0.004166666666666667,0.01375,0.0005945154870128783,-0.00010339183612995809,0.017423738165982892,1
0.005833333333333333,0.01375,0.0006188955575196779,-7.715879815052138e-05,0.01716922132531691,1
0.0075,0.01375,0.0006321583524051471,-5.110862602596326e-05,0.016891102065249748,1
0.009166666666666667,0.01375,0.0006386864644244986,-3.126724296103407e-05,0.01661464786890979,1
0.010833333333333332,0.01375,0.0006416856878375637,-1.7992792986209696e-05,0.016345973029205353,1
0.012499999999999999,0.01375,0.000642977966954088,-9.811072539329188e-06,0.01608450297773316,1
0.014166666666666666,0.01375,0.0006434887527251215,-5.0693384681705044e-06,0.01582815574270408,1
0.01583333333333333,0.01375,0.0006436604465949823,-2.463903930438215e-06,0.015575042053397277,1
0.017499999999999998,0.01375,0.0006436957720199563,-1.1055624440921544e-06,0.015323825096028785,1
0.019166666666666665,0.01375,0.0006436835780114378,-4.37745020267079e-07,0.015073660039632867,1
0.020833333333333332,0.01375,0.0006436602765505263,-1.331144302601237e-07,0.014824049162339517,1
0.0225,0.01375,0.0006436390061449085,-9.012017825841406e-09,0.014574714730387883,1
0.024166666666666666,0.01375,0.0006436231897190195,3.14698818755986e-08,0.014325508487119498,1
0.025833333333333333,0.01375,0.000643612623215791,3.69835311794402e-08,0.014076356715688533,1
0.027499999999999997,0.01375,0.0006436060541801477,3.0428601729300777e-08,0.013827224470083797,1
0.029166666666666664,0.01375,0.0006436021943677919,2.159825643658053e-08,0.013578096547427946,1
0.03083333333333333,0.01375,0.0006436000370750982,1.4035607516814315e-08,0.013328967272089943,1
0.0325,0.01375,0.0006435988894216123,8.55552151090164e-09,0.01307983518942101,1
0.034166666666666665,0.01375,0.0006435983110218738,4.9453478426584435e-09,0.012830700477064479,1
0.03583333333333333,0.01375,0.0006435980382162255,2.721445287193933e-09,0.012581563778280186,1
0.0375,0.01375,0.0006435979210279404,1.424182869685073e-09,0.012332425736598226,1
0.03916666666666666,0.01375,0.0006435978782167973,7.040328071652523e-10,0.012083286851674823,1
0.04083333333333333,0.01375,0.0006435978679939871,3.2368050171213697e-10,0.011834147466837223,1
0.042499999999999996,0.01375,0.0006435978701331345,1.3362188958290683e-10,0.011585007800196346,1
0.04416666666666667,0.01375,0.000643597875608783,4.4985050661936186e-11,0.011335867982296022,1
0.04583333333333333,0.01375,0.0006435978808828258,7.55796484046995e-12,0.011086728087363502,1
0.047499999999999994,0.01375,0.0006435978849069892,-5.660090039422987e-12,0.010837588155521582,1
0.049166666666666664,0.01375,0.0006435978876419542,-8.452911147842883e-12,0.010588448207389033,1
0.05083333333333333,0.01375,0.0006435978893680003,-7.409001959749623e-12,0.010339308253109915,1
0.0525,0.01375,0.0006435978903964424,-5.420025451335245e-12,0.010090168297143577,1
0.05416666666666666,0.01375,0.0006435978909794648,-3.5885770915725688e-12,0.009841028341238027,1
0.05583333333333333,0.01375,0.0006435978912946317,-2.2182366933016608e-12,0.009591888385915414,1
0.057499999999999996,0.01375,0.0006435978914567191,-1.2983453204393035e-12,0.009342748431204336,1
0.059166666666666666,0.01375,0.0006435978915354077,-7.24031108222523e-13,0.009093608476975707,1
0.06083333333333333,0.01375,0.0006435978915708468,-3.85138393490861e-13,0.008844468523081267,1
0.06249999999999999,0.01375,0.0006435978915850798,-1.9475704819675821e-13,0.008595328569400339,1
0.06416666666666666,0.01375,0.0006435978915896315,-9.273566793929387e-14,0.008346188615847905,1
0.06583333333333333,0.01375,0.0006435978915902061,-4.0712267169198023e-14,0.008097048662369037,1
0.06749999999999999,0.01375,0.00064359789158944,-1.5663908010502455e-14,0.007847908708930394,1
0.06916666666666667,0.01375,0.0006435978915884366,-4.4604112153464725e-15,0.007598768755512728,1
0.07083333333333333,0.01375,0.0006435978915875814,3.889200878790464e-17,0.007349628802105442,1
0.0725,0.01375,0.0006435978915869523,1.5316084831695705e-15,0.007100488848702921,1
0.07416666666666666,0.01375,0.0006435978915865135,1.8216624166010315e-15,0.006851348895302394,1
0.07583333333333332,0.01375,0.0006435978915861988,1.7075324811709697e-15,0.006602208941902572,1
0.0775,0.01375,0.0006435978915859445,1.4505639270627495e-15,0.006353068988502946,1
0.07916666666666666,0.01375,0.0006435978915857016,9.931820035495531e-16,0.006103929035103472,1
0.08083333333333333,0.01375,0.0006435978915854442,2.5901402294586576e-17,0.0058547890817044635,1
0.08249999999999999,0.01375,0.0006435978915851821,-2.0346415493631447e-15,0.005605649128306631,1
0.08416666666666667,0.01375,0.0006435978915849863,-6.108576206895073e-15,0.005356509174911218,1
0.08583333333333333,0.01375,0.0006435978915850314,-1.3511270108088752e-14,0.005107369221520269,1
0.0875,0.01375,0.0006435978915856557,-2.5932679698570215e-14,0.00485822926813688,1
0.08916666666666666,0.01375,0.000643597891587439,-4.522449499100043e-14,0.004609089314765409,1
0.09083333333333332,0.01375,0.0006435978915912859,-7.282528701277735e-14,0.004359949361411428,1
0.0925,0.01375,0.0006435978915984835,-1.0859128094827426e-13,0.004110809408081128,1
0.09416666666666666,0.01375,0.0006435978916106831,-1.487575940154709e-13,0.0038616694547796105,1
0.09583333333333333,0.01375,0.0006435978916297161,-1.827626899830863e-13,0.003612529501507347,1
0.09749999999999999,0.01375,0.0006435978916571245,-1.8876886158555727e-13,0.003363389548253754,1
0.09916666666666667,0.01375,0.0006435978916932473,-1.2796784265972792e-13,0.003114249594986621,1
0.10083333333333333,0.01375,0.000643597891735709,6.178001556120032e-14,0.002865109641636348,1
0.1025,0.01375,0.0006435978917772599,4.716927197411435e-13,0.0026159696880705607,1
0.10416666666666666,0.01375,0.0006435978918029467,1.2261725904729397e-12,0.0023668297340598697,1
0.10583333333333332,0.01375,0.0006435978917865559,2.4812395465868854e-12,0.0021176897792452546,1
0.1075,0.01375,0.0006435978916867018,4.414129027389885e-12,0.0018685498230916519,1
0.10916666666666666,0.01375,0.0006435978914434107,7.199383826693252e-12,0.0016194098648471822,1
0.11083333333333333,0.01375,0.0006435978909764925,1.0966591515881763e-11,0.0013702699035160006,1
0.11249999999999999,0.01375,0.0006435978901880748,1.573481582138103e-11,0.0011211299378628295,1
0.11416666666666665,0.01375,0.000643597888974121,2.13188453801515e-11,0.0008719899664725448,1
0.11583333333333333,0.01375,0.0006435978872555415,2.7203033689184216e-11,0.0006228499878785595,1
0.1175,0.01375,0.0006435978850486573,3.2383991107420685e-11,0.0003737100007738388,1
0.11916666666666666,0.01375,0.0006435978825738922,3.520865409111912e-11,0.00012457000162954026,1
0.0008333333333333333,0.014583333333333334,0.0005193028766917994,-8.57305210046124e-05,0.017845572030443003,1
0.0024999999999999996,0.014583333333333334,0.0005570118483555913,-0.00013186025269471297,0.01781560069812093,1
0.004166666666666667,0.014583333333333334,0.0005843557224380983,-0.0001156423364944737,0.017553265090180733,1
0.005833333333333333,0.014583333333333334,0.0005958374987832219,-8.283922121196731e-05,0.017231268472484157,1
0.0075,0.014583333333333334,0.0005982053595757987,-5.3243530803540273e-05,0.01691628697643912,1
0.009166666666666667,0.014583333333333334,0.0005971313382053123,-3.185938350788958e-05,0.016622451751964275,1
0.010833333333333332,0.014583333333333334,0.0005953858337557016,-1.8027511921081377e-05,0.016346668390106112,1
0.012499999999999999,0.014583333333333334,0.0005939332305877079,-9.696191578722855e-06,0.016082885899101527,1
0.014166666666666666,0.014583333333333334,0.0005929495462534299,-4.947770147154576e-06,0.01582620828575245,1
0.01583333333333333,0.014583333333333334,0.0005923528917713695,-2.3729919453543875e-06,0.015573437407258903,1
0.017499999999999998,0.014583333333333334,0.000592017577795212,-1.0464801535842265e-06,0.015322688513248315,1
0.019166666666666665,0.014583333333333334,0.0005918409147245727,-4.023987711961392e-07,0.015072923236797394,1
0.020833333333333332,0.014583333333333334,0.0005917537378758435,-1.1322152451074565e-07,0.014823600878351101,1
0.0225,0.014583333333333334,0.0005917139965062547,1.6009640280458178e-09,0.014574455853742813,1
0.024166666666666666,0.014583333333333334,0.0005916978951429697,3.6815794608666584e-08,0.01432536585361166,1
0.025833333333333333,0.014583333333333334,0.0005916927438755087,3.949650379111577e-08,0.014076282010313076,1
0.027499999999999997,0.014583333333333334,0.0005916921428404202,3.150066448362926e-08,0.013827187505673582,1
0.029166666666666664,0.014583333333333334,0.0005916930869693185,2.198403541109027e-08,0.013578079531952078,1
0.03083333333333333,0.014583333333333334,0.000591694298789636,1.4122564730453973e-08,0.013328960235995436,1
0.0325,0.014583333333333334,0.000591695322536423,8.530517646743732e-09,0.013079832815134959,1
0.034166666666666665,0.014583333333333334,0.000591696059067769,4.891285903126522e-09,0.012830700076247785,1
0.03583333333333333,0.014583333333333334,0.0005916965419073691,2.670490250894912e-09,0.012581564077607073,1
0.0375,0.014583333333333334,0.0005916968381804424,1.3855955117763206e-09,0.012332426185469397,1
0.03916666666666666,0.014583333333333334,0.0005916970104092123,6.779113517167693e-10,0.012083287246308668,1
0.04083333333333333,0.014583333333333334,0.0005916971057062303,3.072648533695046e-10,0.011834147756353148,1
0.042499999999999996,0.014583333333333334,0.0005916971558720429,1.2388505804072086e-10,0.011585007992398472,1
0.04416666666666667,0.014583333333333334,0.0005916971808496046,3.949527724137597e-11,0.01133586810139159,1
0.04583333333333333,0.014583333333333334,0.0005916971924467595,4.612139495581059e-12,0.011086728157227532,1
0.047499999999999994,0.014583333333333334,0.0005916971973148367,-7.160385022753173e-12,0.0108375881944506,1
0.049166666666666664,0.014583333333333334,0.000591697199019945,-9.172652666004352e-12,0.010588448228100802,1
0.05083333333333333,0.014583333333333334,0.0005916971993702644,-7.727443335293942e-12,0.010339308263574822,1
0.0525,0.014583333333333334,0.0005916971992261672,-5.543756604981024e-12,0.010090168302111733,1
0.05416666666666666,0.014583333333333334,0.0005916971989630157,-3.6247815395119156e-12,0.009841028343402907,1
0.05583333333333333,0.014583333333333334,0.0005916971987227542,-2.2194849538513042e-12,0.009591888386733765,1
0.057499999999999996,0.014583333333333334,0.0005916971985437134,-1.2886204451922066e-12,0.009342748431425806,1
0.059166666666666666,0.014583333333333334,0.0005916971984238095,-7.131482784931505e-13,0.009093608476964402,1
0.06083333333333333,0.014583333333333334,0.000591697198349048,-3.7635990340800943e-13,0.008844468523001145,1
0.06249999999999999,0.014583333333333334,0.0005916971983049517,-1.8860391102954203e-13,0.00859532856931711,1
0.06416666666666666,0.014583333333333334,0.0005916971982801693,-8.877350327474579e-14,0.008346188615782403,1
0.06583333333333333,0.014583333333333334,0.0005916971982668719,-3.831314297237851e-14,0.008097048662323664,1
0.06749999999999999,0.014583333333333334,0.0005916971982600778,-1.4282938585506345e-14,0.00784790870890136,1
0.06916666666666667,0.014583333333333334,0.0005916971982568015,-3.701500043488386e-15,0.007598768755495209,1
0.07083333333333333,0.014583333333333334,0.0005916971982553414,4.3765797521118834e-16,0.0073496288020953645,1
0.0725,0.014583333333333334,0.0005916971982547724,1.731904604657096e-15,0.0071004888486973445,1
0.07416666666666666,0.014583333333333334,0.0005916971982546123,1.9207055431392014e-15,0.006851348895299359,1
0.07583333333333332,0.014583333333333334,0.0005916971982546154,1.7642391368373208e-15,0.006602208941900785,1
0.0775,0.014583333333333334,0.0005916971982546499,1.5038218266606458e-15,0.006353068988501508,1
0.07916666666666666,0.014583333333333334,0.0005916971982546231,1.0747349178231079e-15,0.006103929035101655,1
0.08083333333333333,0.014583333333333334,0.0005916971982544311,1.6906814713371422e-16,0.0058547890817015205,1
0.08249999999999999,0.014583333333333334,0.0005916971982539182,-1.7902472260631612e-15,0.0056056491283017,1
0.08416666666666667,0.014583333333333334,0.0005916971982528434,-5.7175788060353795e-15,0.005356509174903255,1
0.08583333333333333,0.014583333333333334,0.0005916971982508526,-1.2929376473553874e-14,0.0051073692215081335,1
0.0875,0.014583333333333334,0.0005916971982474694,-2.513508117060425e-14,0.004858229268119618,1
0.08916666666666666,0.014583333333333334,0.0005916971982421293,-4.424377808110054e-14,0.004609089314742889,1
0.09083333333333332,0.014583333333333334,0.0005916971982343023,-7.181606809455819e-14,0.00435994936138556,1
0.0925,0.014583333333333334,0.0005916971982237683,-1.079323502246234e-13,0.004110809408057916,1
0.09416666666666666,0.014583333333333334,0.0005916971982111343,-1.4919937506537158e-13,0.0038616694547723486,1
0.09583333333333333,0.014583333333333334,0.0005916971981987059,-1.8562324254764605e-13,0.003612529501541239,1
0.09749999999999999,0.014583333333333334,0.0005916971981918195,-1.961693127702464e-13,0.0033633895483720895,1
0.09916666666666667,0.014583333333333334,0.0005916971982007251,-1.4308155806355467e-13,0.0031142495952582823,1
0.10083333333333333,0.014583333333333334,0.0005916971982430243,3.451331852008218e-14,0.0028651096421635604,1
0.1025,0.014583333333333334,0.0005916971983465447,4.264238160166084e-13,0.002615969689000197,1
0.10416666666666666,0.014583333333333334,0.0005916971985524991,1.1556208541743409e-12,0.002366829735585877,1
0.10583333333333332,0.014583333333333334,0.0005916971989180881,2.3771921493323755e-12,0.0021176897816070875,1
0.1075,0.014583333333333334,0.0005916971995173648,4.268465048023338e-12,0.0018685498265585696,1
0.10916666666666666,0.014583333333333334,0.0005916972004390553,7.005848094219257e-12,0.001619409869681005,1
0.11083333333333333,0.014583333333333334,0.0005916972017793443,1.0723441840980039e-11,0.0013702699099017938,1
0.11249999999999999,0.014583333333333334,0.0005916972036275211,1.5448086028153528e-11,0.0011211299457955539,1
0.11416666666666665,0.014583333333333334,0.0005916972060433192,2.1004653040344587e-11,0.0008719899755895408,1
0.11583333333333333,0.014583333333333334,0.0005916972090295367,2.6883407023039417e-11,0.0006228499972413552,1
0.1175,0.014583333333333334,0.0005916972125179789,3.206283874997943e-11,0.00037371000865593504,1
0.11916666666666666,0.014583333333333334,0.0005916972163940955,3.482913060934201e-11,0.00012457000531775433,1
0.0008333333333333333,0.015416666666666667,0.0005211602156874578,-0.000105962067194241,0.0182801355177034,1
0.0024999999999999996,0.015416666666666667,0.0005544787288363466,-0.00014714244891142475,0.018101031297157826,1
0.004166666666666667,0.015416666666666667,0.0005667925280099183,-0.0001201889769058012,0.017697797219383284,1
0.005833333333333333,0.015416666666666667,0.0005622968431418685,-8.178562653917668e-05,0.017292418309658733,1
0.0075,0.015416666666666667,0.0005526929330178158,-5.067910081059283e-05,0.016937280713506742,1
0.009166666666666667,0.015416666666666667,0.0005439959547005135,-2.953831365694274e-05,0.01662667757373283,1
0.010833333333333332,0.015416666666666667,0.0005378187351927021,-1.6387219793317103e-05,0.016345021599598955,1
0.012499999999999999,0.015416666666666667,0.0005339433972693644,-8.67251316082152e-06,0.016079905706184363,1
0.014166666666666666,0.015416666666666667,0.0005317025270970886,-4.359171311779038e-06,0.015823523725462616,1
0.01583333333333333,0.015416666666666667,0.0005304883075856852,-2.0561537839979417e-06,0.015571457655744901,1
0.017499999999999998,0.015416666666666667,0.0005298698331584102,-8.864241132244746e-07,0.015321372883568725,1
0.019166666666666665,0.015416666666666667,0.0005295760263531208,-3.2721987359158666e-07,0.015072107800250204,1
0.020833333333333332,0.015416666666666667,0.0005294489638558538,-8.128074911722583e-08,0.014823122392834703,1
0.0225,0.015416666666666667,0.0005294020602067149,1.2982697998346429e-08,0.014574188300895916,1
0.024166666666666666,0.015416666666666667,0.0005293905015405567,3.926407536000847e-08,0.014325223238744836,1
0.025833333333333333,0.015416666666666667,0.0005293924959011835,3.862667645693458e-08,0.014076210002521171,1
0.027499999999999997,0.015416666666666667,0.0005293982438998717,2.979701001797805e-08,0.01382715346109279,1
0.029166666666666664,0.015416666666666667,0.0005294038692401023,2.040295531235419e-08,0.01357806485103529,1
0.03083333333333333,0.015416666666666667,0.0005294081987764949,1.2932966474221288e-08,0.013328954830941922,1
0.0325,0.015416666666666667,0.0005294111589026123,7.728179450823447e-09,0.013079831489296917,1
0.034166666666666665,0.015416666666666667,0.0005294130329896772,4.3883148935892084e-09,0.012830700309041222,1
0.03583333333333333,0.015416666666666667,0.0005294141516314012,2.3727205984266183e-09,0.012581564740414422,1
0.0375,0.015416666666666667,0.0005294147861490358,1.2179698102856965e-09,0.012332426832903684,1
0.03916666666666666,0.015416666666666667,0.0005294151288462952,5.880740386345197e-10,0.01208328774404613,1
0.04083333333333333,0.015416666666666667,0.0005294153045509314,2.616013394210357e-10,0.011834148096367972,1
0.042499999999999996,0.015416666666666667,0.0005294153892726422,1.0210481040625531e-10,0.011585008207527142,1
0.04416666666666667,0.015416666666666667,0.0005294154268977759,2.997417724081228e-11,0.011335868229752973,1
0.04583333333333333,0.015416666666666667,0.0005294154415449908,1.011054699530817e-12,0.011086728230034504,1
0.047499999999999994,0.015416666666666667,0.0005294154458222498,-8.131968243737302e-12,0.010837588233751163,1
0.049166666666666664,0.015416666666666667,0.0005294154459498934,-9.117445317299819e-12,0.010588448248302663,1
0.05083333333333333,0.015416666666666667,0.0005294154447730151,-7.369371244801357e-12,0.01033930827337593,1
0.0525,0.015416666666666667,0.0005294154434603226,-5.173433878831773e-12,0.010090168306518214,1
0.05416666666666666,0.015416666666666667,0.0005294154424016464,-3.3341905342798172e-12,0.009841028345163826,1
0.05583333333333333,0.015416666666666667,0.0005294154416594786,-2.0188613234185374e-12,0.009591888387287459,1
0.057499999999999996,0.015416666666666667,0.0005294154411816315,-1.1608002615271013e-12,0.009342748431484919,1
0.059166666666666666,0.015416666666666667,0.0005294154408924772,-6.364394490017327e-13,0.009093608476858642,1
0.06083333333333333,0.015416666666666667,0.0005294154407262663,-3.325825616470896e-13,0.008844468522868631,1
0.06249999999999999,0.015416666666666667,0.0005294154406351239,-1.647619029265032e-13,0.008595328569206166,1
0.06416666666666666,0.015416666666666667,0.0005294154405874635,-7.639414221309814e-14,0.008346188615702974,1
0.06583333333333333,0.015416666666666667,0.000529415440563821,-3.2222382211289894e-14,0.008097048662271712,1
0.06749999999999999,0.015416666666666667,0.0005294154405528364,-1.1484306960134578e-14,0.00784790870886948,1
0.06916666666666667,0.015416666666666667,0.0005294154405481945,-2.5410510845050335e-15,0.007598768755476626,1
0.07083333333333333,0.015416666666666667,0.0005294154405465478,8.30500741137253e-16,0.007349628802085014,1
0.0725,0.015416666666666667,0.000529415440546212,1.7913515770668687e-15,0.007100488848691818,1
0.07416666666666666,0.015416666666666667,0.0005294154405463882,1.853193456948398e-15,0.006851348895296479,1
0.07583333333333332,0.015416666666666667,0.0005294154405467188,1.6650559871675616e-15,0.006602208941899162,1
0.0775,0.015416666666666667,0.0005294154405470414,1.4244300290836668e-15,0.006353068988500199,1
0.07916666666666666,0.015416666666666667,0.0005294154405472466,1.0648667634166267e-15,0.006103929035099876,1
0.08083333333333333,0.015416666666666667,0.0005294154405471805,3.07932317576113e-16,0.005854789081698441,1
0.08249999999999999,0.015416666666666667,0.0005294154405465635,-1.3640959543453556e-15,0.005605649128296286,1
0.08416666666666667,0.015416666666666667,0.0005294154405449047,-4.776741637899661e-15,0.005356509174894194,1
0.08583333333333333,0.015416666666666667,0.0005294154405414107,-1.1127820568011861e-14,0.005107369221493872,1
0.0875,0.015416666666666667,0.000529415440534907,-2.1993166663939752e-14,0.004858229268098619,1
0.08916666666666666,0.015416666666666667,0.0005294154405238172,-3.9170716614290666e-14,0.004609089314714315,1
0.09083333333333332,0.015416666666666667,0.0005294154405062889,-6.421162593481339e-14,0.004359949361350585,1
0.0925,0.015416666666666667,0.0005294154404806108,-9.743073177881936e-14,0.004110809408022064,1
0.09416666666666666,0.015416666666666667,0.0005294154404461284,-1.3614284641746208e-13,0.0038616694547492034,1
0.09583333333333333,0.015416666666666667,0.0005294154404049385,-1.7187062872041978e-13,0.0036125295015579546,1
0.09749999999999999,0.015416666666666667,0.0005294154403646817,-1.8635030298128927e-13,0.0033633895484769046,1
0.09916666666666667,0.015416666666666667,0.0005294154403427381,-1.4638158835466593e-13,0.0031142495955299152,1
0.10083333333333333,0.015416666666666667,0.0005294154403720074,2.0291809756663463e-15,0.0028651096427213226,1
0.1025,0.015416666666666667,0.0005294154405081016,3.3910069186065974e-13,0.0026159696900175267,1
0.10416666666666666,0.015416666666666667,0.0005294154408377241,9.751555333202526e-13,0.002366829737297161,1
0.10583333333333332,0.015416666666666667,0.0005294154414868331,2.05030842085612e-12,0.0021176897843074955,1
0.1075,0.015416666666666667,0.0005294154426261597,3.7260470833520255e-12,0.0018685498305891367,1
0.10916666666666666,0.015416666666666667,0.0005294154444709471,6.165027113481021e-12,0.0016194098753890172,1
0.11083333333333333,0.015416666666666667,0.0005294154472701015,9.494541137801258e-12,0.001370269917563968,1
0.11249999999999999,0.015416666666666667,0.0005294154512785119,1.374869321089288e-11,0.0011211299554896722,1
0.11416666666666665,0.015416666666666667,0.0005294154567048546,1.8782975476064922e-11,0.0008719899870031038,1
0.11583333333333333,0.015416666666666667,0.0005294154636278383,2.4150483977863468e-11,0.0006228500094321392,1
0.1175,0.015416666666666667,0.00052941547188793,2.892149484395402e-11,0.0003737100198844396,1
0.11916666666666666,0.015416666666666667,0.000529415481012861,3.146995064581568e-11,0.00012457001398503251,1
0.0008333333333333333,0.01625,0.0005219868891370729,-0.00012753561960650637,0.01888576207166436,1
0.0024999999999999996,0.01625,0.0005459029481694125,-0.00015418618258977355,0.01844234845195792,1
0.004166666666666667,0.01625,0.0005371457130379255,-0.00011492352524849475,0.017843503415190348,1
0.005833333333333333,0.01625,0.0005143992950369456,-7.343002676196822e-05,0.01734240883542372,1
0.0075,0.01625,0.0004931090049361546,-4.358760047537945e-05,0.016948570367387256,1
0.009166666666666667,0.01625,0.0004778547440558637,-2.4654194393359562e-05,0.016624765030665616,1
0.010833333333333332,0.01625,0.0004682405447398861,-1.3375629645005696e-05,0.016339968775207922,1
0.012499999999999999,0.01625,0.0004626453675255944,-6.9488457403182775e-06,0.016075183423483824,1
0.014166666666666666,0.01625,0.0004595826076856666,-3.431023726180517e-06,0.015820010049128454,1
0.01583333333333333,0.01625,0.00045799875546534614,-1.585265503734451e-06,0.015569116113369426,1
0.017499999999999998,0.01625,0.00045722928521478817,-6.633400545714924e-07,0.015319919710516529,1
0.019166666666666665,0.01625,0.0004568844160485305,-2.3096594647100646e-07,0.015071254236617386,1
0.020833333333333332,0.01625,0.0004567481286555193,-4.5859731098722324e-08,0.014822644752150883,1
0.0225,0.01625,0.0004567068653722099,2.1645146203947597e-08,0.014573933175327552,1
0.024166666666666666,0.01625,0.00045670425132658216,3.768798304740978e-08,0.0143250940445158,1
0.025833333333333333,0.01625,0.00045671419840934493,3.4232047074822566e-08,0.014076148676121334,1
0.027499999999999997,0.01625,0.0004567258089324315,2.551237851267067e-08,0.01382712684999575,1
0.029166666666666664,0.01625,0.0004567353379219887,1.7110421923833303e-08,0.01357805493357244,1
0.03083333333333333,0.01625,0.0004567420916776379,1.068385384185628e-08,0.013328952297226294,1
0.0325,0.01625,0.0004567464759087595,6.305113463735502e-09,0.013079831806945571,1
0.034166666666666665,0.01625,0.00045674914599453016,3.5392944628546976e-09,0.012830701437704942,1
0.03583333333333333,0.01625,0.0004567506881481925,1.891343335964355e-09,0.012581565867318132,1
0.0375,0.01625,0.0004567515361343002,9.580952016682599e-10,0.01233242770699031,1
0.03916666666666666,0.01625,0.00045675197953167965,4.549013278344688e-10,0.012083288344252987,1
0.04083333333333333,0.01625,0.0004567521985114061,1.974318688725588e-10,0.011834148477505113,1
0.042499999999999996,0.01625,0.00045675229906370457,7.363727631470646e-11,0.011585008435601951,1
0.04416666666666667,0.01625,0.00045675234049524517,1.8913374141405526e-11,0.011335868359448558,1
0.04583333333333333,0.01625,0.0004567523543866994,-2.197476761564313e-12,0.011086728300257065,1
0.047499999999999994,0.01625,0.00045675235667326226,-8.20534771601608e-12,0.010837588269894567,1
0.049166666666666664,0.01625,0.00045675235487705975,-8.209786447620973e-12,0.01058844826586804,1
0.05083333333333333,0.01625,0.0004567523522285544,-6.3643382281655456e-12,0.010339308281291166,1
0.0525,0.01625,0.0004567523499138936,-4.3647901933928215e-12,0.010090168309692851,1
0.05416666666666666,0.01625,0.00045675234822289723,-2.767997996891225e-12,0.00984102834617063,1
0.05583333333333333,0.01625,0.0004567523471042015,-1.6546220972383364e-12,0.009591888387403285,1
0.057499999999999996,0.01625,0.00045675234641306777,-9.405491095091475e-13,0.0093427484313017,1
0.059166666666666666,0.01625,0.00045675234600869256,-5.099259802112974e-13,0.009093608476625046,1
0.06083333333333333,0.01625,0.0004567523457832411,-2.632649681008638e-13,0.008844468522672134,1
0.06249999999999999,0.01625,0.000456752345663326,-1.2855076612270288e-13,0.008595328569065192,1
0.06416666666666666,0.01625,0.0004567523456026839,-5.845403620281188e-14,0.008346188615610666,1
0.06583333333333333,0.01625,0.00045675234557380313,-2.390061919047767e-14,0.008097048662215023,1
0.06749999999999999,0.01625,0.0004567523455611224,-7.973304007573105e-15,0.007847908708836419,1
0.06916666666666667,0.01625,0.0004567523455562487,-1.294292832741002e-15,0.007598768755458229,1
0.07083333333333333,0.01625,0.00045675234555487643,1.093047576399061e-15,0.00734962880207523,1
0.0725,0.01625,0.00045675234555492164,1.6740081106657892e-15,0.007100488848686879,1
0.07416666666666666,0.01625,0.00045675234555544704,1.6198516595403013e-15,0.0068513488952940925,1
0.07583333333333332,0.01625,0.0004567523455560697,1.4218413231279617e-15,0.006602208941897936,1
0.0775,0.01625,0.0004567523455566401,1.2209899524078277e-15,0.006353068988499214,1
0.07916666666666666,0.01625,0.00045675234555706077,9.553742934881609e-16,0.006103929035098349,1
0.08083333333333333,0.01625,0.00045675234555716545,3.981750779581233e-16,0.005854789081695489,1
0.08249999999999999,0.01625,0.0004567523455566103,-8.681865917905506e-16,0.00560564912829073,1
0.08416666666666667,0.01625,0.00045675234555475326,-3.5146287820690704e-15,0.005356509174884454,1
0.08583333333333333,0.01625,0.0004567523455505147,-8.523651201701734e-15,0.005107369221477918,1
0.0875,0.01625,0.00045675234554223886,-1.7207493556998782e-14,0.00485822926807419,1
0.08916666666666666,0.01625,0.0004567523455276132,-3.109861148565666e-14,0.00460908931467954,1
0.09083333333333332,0.01625,0.0004567523455037617,-5.159394681519206e-14,0.004359949361305349,1
0.0925,0.01625,0.00045675234546770397,-7.918051221225827e-14,0.004110809407970486,1
0.09416666666666666,0.01625,0.000456752345417472,-1.120358451111068e-13,0.003861669454703774,1
0.09583333333333333,0.01625,0.0004567523453542796,-1.4378655259437693e-13,0.0036125295015458285,1
0.09749999999999999,0.01625,0.0004567523452862174,-1.6027479712478944e-13,0.00336338954854877,1
0.09916666666666667,0.01625,0.00045675234523395014,-1.3535161425695323e-13,0.003114249595771433,1
0.10083333333333333,0.01625,0.00045675234523874855,-2.6034595068449865e-14,0.0028651096432662834,1
0.1025,0.01625,0.0004567523453727115,2.321358766830899e-13,0.0026159696910631157,1
0.10416666666666666,0.01625,0.0004567523457508668,7.282314815523719e-13,0.0023668297391173563,1
0.10583333333333332,0.01625,0.00045675234654352537,1.5763486806223409e-12,0.0021176897872554634,1
0.1075,0.01625,0.0004567523479857438,2.9092343406481692e-12,0.001868549835085512,1
0.10916666666666666,0.01625,0.00045675235037950465,4.8625657298639895e-12,0.0016194098818829352,1
0.11083333333333333,0.01625,0.0004567523540819768,7.546189249203368e-12,0.0013702699264523525,1
0.11249999999999999,0.01625,0.0004567523594707603,1.0998448181987449e-11,0.001121129966976943,1
0.11416666666666665,0.01625,0.0004567523668732488,1.5118804971934137e-11,0.0008719900008826998,1
0.11583333333333333,0.01625,0.00045675237644156135,1.9569006334380982e-11,0.0006228500247925357,1
0.1175,0.01625,0.0004567523879574107,2.3615001925710207e-11,0.0003737100348574515,1
0.11916666666666666,0.01625,0.0004567524006341109,2.5875628033024658e-11,0.00012457002753362423,1
0.0008333333333333333,0.017083333333333336,0.0005191036808581437,-0.00014808090460411468,0.019733473530282913,1
0.0024999999999999996,0.017083333333333336,0.0005245428980378451,-0.00014831853569818577,0.018822572878535167,1
0.004166666666666667,0.017083333333333336,0.0004883130554731176,-9.82976332919754e-05,0.01796603846070943,1
0.005833333333333333,0.017083333333333336,0.00044738179731627567,-5.8217080639576575e-05,0.01736742869078085,1
0.0075,0.017083333333333336,0.0004168792141954303,-3.290410998695293e-05,0.01694393739592325,1
0.009166666666666667,0.017083333333333336,0.00039747085257802557,-1.8006373632938262e-05,0.01661421380818277,1
0.010833333333333332,0.017083333333333336,0.0003861042859600614,-9.533067438456129e-06,0.01633061460361773,1
0.012499999999999999,0.017083333333333336,0.00037981808966249366,-4.850721190938121e-06,0.016068468914957862,1
0.014166666666666666,0.017083333333333336,0.00037651309098856334,-2.34526901863158e-06,0.015815653644297156,1
0.01583333333333333,0.017083333333333336,0.0003748667435950376,-1.055920404360283e-06,0.015566469296156491,1
0.017499999999999998,0.017083333333333336,0.00037409966254710867,-4.244095047021653e-07,0.015318392827657465,1
0.019166666666666665,0.017083333333333336,0.00037377517408677475,-1.3521768304451068e-07,0.015070413943930366,1
0.020833333333333332,0.017083333333333336,0.00037365980034090925,-1.577742508683468e-08,0.014822204007790591,1
0.0225,0.017083333333333336,0.0003736348328271242,2.4678238739233206e-08,0.014573713654794616,1
0.024166666666666666,0.017083333333333336,0.0003736434192639294,3.166869492340678e-08,0.014324992361992557,1
0.025833333333333333,0.017083333333333336,0.0003736604605259553,2.6757162804489954e-08,0.01407610611942785,1
0.027499999999999997,0.017083333333333336,0.0003736763078655337,1.9258331450515208e-08,0.013827112092403655,1
0.029166666666666664,0.017083333333333336,0.00037368824250201196,1.263265596830327e-08,0.013578052076157674,1
0.03083333333333333,0.017083333333333336,0.0003736962974633586,7.757261299501061e-09,0.013328953760849497,1
0.0325,0.017083333333333336,0.00037370135014978497,4.513247232131748e-09,0.01307983428002679,1
0.034166666666666665,0.017083333333333336,0.0003737043433568758,2.4995142636672777e-09,0.01283070366965105,1
0.03583333333333333,0.017083333333333336,0.000373706029470542,1.3169898708254845e-09,0.012581567525089857,1
0.0375,0.017083333333333336,0.00037370693376085923,6.563104543740874e-10,0.012332428816041302,1
0.03916666666666666,0.017083333333333336,0.00037370739374018003,3.04997724963471e-10,0.01208328903529398,1
0.04083333333333333,0.017083333333333336,0.000373707613304223,1.2806358707040895e-10,0.011834148884563985,1
0.042499999999999996,0.017083333333333336,0.0003737077093659132,4.469856373473513e-11,0.011585008663724736,1
0.04416666666666667,0.017083333333333336,0.00037370774574772576,8.945410119887275e-12,0.011335868481187951,1
0.04583333333333333,0.017083333333333336,0.0003737077555537172,-4.078235611359093e-12,0.011086728361799416,1
0.047499999999999994,0.017083333333333336,0.0003737077549701705,-7.17609697118838e-12,0.010837588299143771,1
0.049166666666666664,0.017083333333333336,0.00037370775132059296,-6.516147132739559e-12,0.010588448278618717,1
0.05083333333333333,0.017083333333333336,0.0003737077475476874,-4.8472721074012545e-12,0.010339308286108656,1
0.0525,0.017083333333333336,0.0003737077445855198,-3.2434421351599313e-12,0.010090168310992693,1
0.05416666666666666,0.017083333333333336,0.000373707742539173,-2.020674510500983e-12,0.009841028346099592,1
0.05583333333333333,0.017083333333333336,0.0003737077412347736,-1.1903980924637343e-12,0.009591888386928302,1
0.057499999999999996,0.017083333333333336,0.00037370774045177035,-6.677046397664477e-13,0.00934274843081001,1
0.059166666666666666,0.017083333333333336,0.00037370774000496326,-3.571793762402044e-13,0.009093608476238961,1
0.06083333333333333,0.017083333333333336,0.00037370773976176815,-1.8168824868352283e-13,0.00884446852240527,1
0.06249999999999999,0.017083333333333336,0.0003737077396356533,-8.711244494804411e-14,0.008595328568894833,1
0.06416666666666666,0.017083333333333336,0.0003737077395737318,-3.8610511699137205e-14,0.00834618861550812,1
0.06583333333333333,0.017083333333333336,0.0003737077395453591,-1.5117464948418072e-14,0.008097048662156261,1
0.06749999999999999,0.017083333333333336,0.00037370773953361564,-4.544403814887558e-15,0.00784790870880425,1
0.06916666666666667,0.017083333333333336,0.00037370773952959916,-2.7806451210375137e-16,0.007598768755441436,1
0.07083333333333333,0.017083333333333336,0.00037370773952887003,1.1275495973324286e-15,0.007349628802066929,1
0.0725,0.017083333333333336,0.000373707739529355,1.3744668940603982e-15,0.007100488848683088,1
0.07416666666666666,0.017083333333333336,0.0003737077395301711,1.248690953645937e-15,0.006851348895292542,1
0.07583333333333332,0.017083333333333336,0.0003737077395309944,1.0698905865597697e-15,0.006602208941897337,1
0.0775,0.017083333333333336,0.00037370773953172495,9.223149928703754e-16,0.006353068988498744,1
0.07916666666666666,0.017083333333333336,0.0003737077395323025,7.55028098791348e-16,0.0061039290350972915,1
0.08083333333333333,0.017083333333333336,0.00037370773953258364,4.057524198891623e-16,0.0058547890816929675,1
0.08249999999999999,0.017083333333333336,0.00037370773953222856,-4.205783302180788e-16,0.005605649128285461,1
0.08416666666666667,0.017083333333333336,0.00037370773953056486,-2.2018267939251205e-15,0.0053565091748746,1
0.08583333333333333,0.017083333333333336,0.00037370773952642337,-5.646403238252921e-15,0.005107369221460941,1
0.0875,0.017083333333333336,0.00037370773951796155,-1.171584534087759e-14,0.004858229268046966,1
0.08916666666666666,0.017083333333333336,0.00037370773950253053,-2.1561902829863715e-14,0.004609089314638864,1
0.09083333333333332,0.017083333333333336,0.0003737077394767072,-3.6293372676976146e-14,0.004359949361249208,1
0.0925,0.017083333333333336,0.0003737077394366996,-5.6448411097823944e-14,0.004110809407900571,1
0.09416666666666666,0.017083333333333336,0.000373707739379443,-8.102358716961131e-14,0.0038616694546298627,1
0.09583333333333333,0.017083333333333336,0.000373707739304834,-1.058981023738182e-13,0.0036125295014927325,1
0.09749999999999999,0.017083333333333336,0.0003737077392196422,-1.215361789518623e-13,0.0033633895485664592,1
0.09916666666666667,0.017083333333333336,0.00037370773914367067,-1.0997071295742708e-13,0.0031142495959486606,1
0.10083333333333333,0.017083333333333336,0.00037370773911860397,-4.128136906485828e-14,0.002865109643747413,1
0.1025,0.017083333333333336,0.00037370773921951105,1.2994761480695092e-13,0.0026159696920649202,1
0.10416666666666666,0.017083333333333336,0.0003737077395685772,4.66809063249585e-13,0.0023668297409511216,1
0.10583333333333332,0.017083333333333336,0.0003737077403495808,1.050940025576609e-12,0.0021176897903330766,1
0.1075,0.017083333333333336,0.0003737077418199141,1.9783671745132633e-12,0.001868549839914116,1
0.10916666666666666,0.017083333333333336,0.0003737077443152413,3.3488888776896263e-12,0.0016194098890301605,1
0.11083333333333333,0.017083333333333336,0.0003737077482396891,5.24640618429551e-12,0.0013702699364664505,1
0.11249999999999999,0.017083333333333336,0.00037370775403168646,7.707840812216378e-12,0.001121129980239832,1
0.11416666666666665,0.017083333333333336,0.0003737077620909198,1.0678551458852892e-11,0.0008719900173649521,1
0.11583333333333333,0.017083333333333336,0.00037370777264123314,1.394994689709516e-11,0.0006228500436684007,1
0.1175,0.017083333333333336,0.00037370778548634354,1.705358153906443e-11,0.0003737100539543539,1
0.11916666666666666,0.017083333333333336,0.00037370779967451956,1.9004610433927444e-11,0.00012457004494932978,1
0.0008333333333333333,0.017916666666666668,0.0005060117688295621,-0.00016063862944796755,0.020923254929021196,1
0.0024999999999999996,0.017916666666666668,0.0004773806035746253,-0.00012416483681671522,0.01918935182724664,1
0.004166666666666667,0.017916666666666668,0.00041015666731072714,-7.072444275913321e-05,0.018026073095472432,1
0.005833333333333333,0.017916666666666668,0.0003560609404221167,-3.8276778649692545e-05,0.01735068447527085,1
0.0075,0.017916666666666668,0.00032186183027796216,-2.0493565344336966e-05,0.01691733353718818,1
0.009166666666666667,0.017916666666666668,0.00030209276100163563,-1.0828202828688609e-05,0.01659308218365003,1
0.010833333333333332,0.017916666666666668,0.0002912070263600998,-5.5850876129558086e-06,0.016316467870198574,1
0.012499999999999999,0.017916666666666668,0.00028544913802476936,-2.776658699989333e-06,0.016059745835733046,1
0.014166666666666666,0.017916666666666668,0.0002825337902354049,-1.3091582779329846e-06,0.015810564568904832,1
0.01583333333333333,0.017916666666666668,0.0002811360922230959,-5.700084421414908e-07,0.015563635480262813,1
0.017499999999999998,0.017916666666666668,0.00028051519284217984,-2.16331252498464e-07,0.015316885211576025,1
0.019166666666666665,0.017916666666666668,0.0002802716015716408,-5.925606981175544e-08,0.015069651063191962,1
0.020833333333333332,0.017916666666666668,0.0002801986265996467,2.4353206102815618e-09,0.014821840724182883,1
0.0225,0.017916666666666668,0.0002801946215170201,2.0951791247937678e-08,0.014573554880313219,1
0.024166666666666666,0.017916666666666668,0.00028021283340123806,2.1995981903144113e-08,0.014324932343594022,1
0.025833333333333333,0.017916666666666668,0.00028023383793279787,1.740697903188429e-08,0.014076090019948367,1
0.027499999999999997,0.017916666666666668,0.00028025101157677467,1.2098023445531238e-08,0.013827113169035909,1
0.029166666666666664,0.017916666666666668,0.000280263161008001,7.750930121041306e-09,0.013578058224673013,1
0.03083333333333333,0.017916666666666668,0.00028027103917502023,4.672422963845445e-09,0.013328960103337825,1
0.0325,0.017916666666666668,0.0002802758335536908,2.6745530192774464e-09,0.013079839263615882,1
0.034166666666666665,0.017916666666666668,0.0002802786010470572,1.457858247876112e-09,0.012830707117613386,1
0.03583333333333333,0.017916666666666668,0.00028028012204512904,7.550900175688105e-10,0.012581569726239987,1
0.0375,0.017916666666666668,0.00028028091692450143,3.6862546281422947e-10,0.012332430138749927,1
0.03916666666666666,0.017916666666666668,0.0002802813092183016,1.665461560300858e-10,0.012083289790166523,1
0.04083333333333333,0.017916666666666668,0.00028028148915794414,6.676331330392648e-11,0.01183414929482546,1
0.042499999999999996,0.017916666666666668,0.0002802815631467938,2.097356762961165e-11,0.011585008875590094,1
0.04416666666666667,0.017916666666666668,0.0002802815878253155,2.140239150796014e-12,0.011335868584313787,1
0.04583333333333333,0.017916666666666668,0.0002802815917586541,-4.1427296960839035e-12,0.011086728408147343,1
0.047499999999999994,0.017916666666666668,0.0002802815884187935,-5.1498992896441476e-12,0.010837588317707937,1
0.049166666666666664,0.017916666666666668,0.00028028158358722375,-4.3017711448074064e-12,0.010588448284450751,1
0.05083333333333333,0.017916666666666668,0.0002802815793829499,-3.0730584904176152e-12,0.01033930828671638,1
0.0525,0.017916666666666668,0.00028028157631739404,-2.0037941542101186e-12,0.010090168309860717,1
0.05416666666666666,0.017916666666666668,0.0002802815742916878,-1.2242960415424786e-12,0.009841028344689471,1
0.05583333333333333,0.017916666666666668,0.0002802815730413268,-7.093963939059126e-13,0.00959188838575084,1
0.057499999999999996,0.017916666666666668,0.0002802815723104121,-3.9174733869825023e-13,0.009342748429969192,1
0.059166666666666666,0.017916666666666668,0.00028028157190334755,-2.0620084475281725e-13,0.009093608475690648,1
0.06083333333333333,0.017916666666666668,0.0002802815716871516,-1.0297109791985717e-13,0.008844468522069946,1
0.06249999999999999,0.017916666666666668,0.0002802815715780486,-4.822056381126595e-14,0.00859532856870013,1
0.06416666666666666,0.017916666666666668,0.00028028157152624973,-2.0642286325642308e-14,0.00834618861540021,1
0.06583333333333333,0.017916666666666668,0.00028028157150361283,-7.581036337746503e-15,0.008097048662099138,1
0.06749999999999999,0.017916666666666668,0.0002802815714949724,-1.8889904677175105e-15,0.007847908708775497,1
0.06916666666666667,0.017916666666666668,0.0002802815714925557,2.8321635836623836e-16,0.007598768755427828,1
0.07083333333333333,0.017916666666666668,0.0002802815714926055,9.06107599111099e-16,0.007349628802061067,1
0.0725,0.017916666666666668,0.0002802815714934411,9.35697712912648e-16,0.00710048884868099,1
0.07416666666666666,0.017916666666666668,0.00028028157149439766,8.010897218697011e-16,0.006851348895292143,1
0.07583333333333332,0.017916666666666668,0.0002802815714952699,6.695814219877995e-16,0.006602208941897572,1
0.0775,0.017916666666666668,0.0002802815714960258,5.793696250825301e-16,0.00635306898849897,1
0.07916666666666666,0.017916666666666668,0.00028028157149665307,4.956574505163596e-16,0.006103929035096928,1
0.08083333333333333,0.017916666666666668,0.00028028157149705764,3.223187788949039e-16,0.005854789081691204,1
0.08249999999999999,0.017916666666666668,0.00028028157149696505,-1.132826420298005e-16,0.005605649128280982,1
0.08416666666666667,0.017916666666666668,0.0002802815714957955,-1.0924476399886992e-15,0.005356509174865339,1
0.08583333333333333,0.017916666666666668,0.0002802815714925037,-3.039102412263065e-15,0.005107369221443859,1
0.0875,0.017916666666666668,0.0002802815714853965,-6.5385493685783e-15,0.0048582292680179745,1
0.08916666666666666,0.017916666666666668,0.0002802815714719719,-1.2311343842593886e-14,0.004609089314593127,1
0.09083333333333332,0.017916666666666668,0.00028028157144888513,-2.1089022409311346e-14,0.004359949361182202,1
0.0925,0.017916666666666668,0.00028028157141222614,-3.3319412617956786e-14,0.004110809407810431,1
0.09416666666666666,0.017916666666666668,0.0002802815713583989,-4.861064728706325e-14,0.003861669454521805,1
0.09583333333333333,0.017916666666666668,0.0002802815712860161,-6.481505360225718e-14,0.0036125295013864312,1
0.09749999999999999,0.017916666666666668,0.0002802815711993225,-7.667636936834637e-14,0.00336338954850729,1
0.09916666666666667,0.017916666666666668,0.0002802815711137036,-7.403520459514015e-14,0.0031142495960235256,1
0.10083333333333333,0.017916666666666668,0.0002802815710637417,-3.970265852457329e-14,0.002865109644105566,1
0.1025,0.017916666666666668,0.0002802815711139846,5.2793886336994483e-14,0.0026159696929379302,1
0.10416666666666666,0.017916666666666668,0.0002802815713718206,2.4051172477919027e-13,0.002366829742683681,1
0.10583333333333332,0.017916666666666668,0.00028028157200147105,5.719103674902029e-13,0.0021176897933963754,1
0.1075,0.017916666666666668,0.00028028157323647414,1.1047287431358135e-12,0.0018685498449102563,1
0.10916666666666666,0.017916666666666668,0.00028028157538601613,1.900092775341409e-12,0.001619409896666554,1
0.11083333333333333,0.017916666666666668,0.0002802815788290118,3.011480624619444e-12,0.0013702699474831509,1
0.11249999999999999,0.017916666666666668,0.000280281583987491,4.467528047055281e-12,0.0011211299952646149,1
0.11416666666666665,0.017916666666666668,0.00028028159126774674,6.249119713231623e-12,0.0008719900366535895,1
0.11583333333333333,0.017916666666666668,0.0002802816009486401,8.263775357405576e-12,0.0006228500666238872,1
0.1175,0.017916666666666668,0.00028028161296367906,1.0309678426649801e-11,0.000373710078066352,1
0.11916666666666666,0.017916666666666668,0.00028028162648251426,1.1895008018646563e-11,0.00012457006550090237,1
0.0008333333333333333,0.018750000000000003,0.00046752109649597683,-0.00014740506211073694,0.022583112302031427,1
0.0024999999999999996,0.018750000000000003,0.0003797772181663619,-7.921088236166994e-05,0.019414570362415708,1
0.004166666666666667,0.018750000000000003,0.0002897731443984984,-3.7064392198297706e-05,0.01796672068584147,1
0.005833333333333333,0.018750000000000003,0.00023610216744054783,-1.805347728724752e-05,0.01727513647116909,1
0.0075,0.018750000000000003,0.00020711600531427558,-9.124230571568587e-06,0.016864513068586228,1
0.009166666666666667,0.018750000000000003,0.00019179108448044816,-4.6505425463800075e-06,0.016560677041970458,1
0.010833333333333332,0.018750000000000003,0.0001838178985090929,-2.3332875888188734e-06,0.016297714119127112,1
0.012499999999999999,0.018750000000000003,0.0001797779578309613,-1.1295442173952156e-06,0.016049339467779034,1
0.014166666666666666,0.018750000000000003,0.00017781270703434105,-5.159734675347623e-07,0.015805019029104604,1
0.01583333333333333,0.018750000000000003,0.0001769128775768443,-2.1442951763682993e-07,0.015560810540252433,1
0.017499999999999998,0.018750000000000003,0.00017653856496818924,-7.430418221756519e-08,0.01531552392451759,1
0.019166666666666665,0.018750000000000003,0.00017640886532756107,-1.4637684509073498e-08,0.01506904325580605,1
0.020833333333333332,0.018750000000000003,0.00017638339071742988,7.041726370248332e-09,0.014821600310576829,1
0.0225,0.018750000000000003,0.00017639576308309187,1.2161743970246035e-08,0.014573481878054873,1
0.024166666666666666,0.018750000000000003,0.00017641705982822346,1.1031714506040032e-08,0.014324927265558871,1
0.025833333333333333,0.018750000000000003,0.00017643635821398132,8.219787770123375e-09,0.014076107051098036,1
0.027499999999999997,0.018750000000000003,0.00017645072766521439,5.5136671023848655e-09,0.013827133226869626,1
0.029166666666666664,0.018750000000000003,0.00017646036097559352,3.4439156614975707e-09,0.013578074733811446,1
0.03083333333333333,0.018750000000000003,0.00017646637506779793,2.0333078115673495e-09,0.013328971822375324,1
0.0325,0.018750000000000003,0.00017646992414363868,1.1419409158430014e-09,0.013079846878934603,1
0.034166666666666665,0.018750000000000003,0.0001764719164225171,6.10584228873304e-10,0.012830711759162882,1
0.03583333333333333,0.018750000000000003,0.00017647298113843309,3.095070426530489e-10,0.012581572408869937,1
0.0375,0.018750000000000003,0.00017647352053916582,1.4706838516590966e-10,0.012332431614834428,1
0.03916666666666666,0.018750000000000003,0.00017647377666705393,6.389238947649313e-11,0.012083290562570768,1
0.04083333333333333,0.018750000000000003,0.00017647388783151473,2.386502812663718e-11,0.011834149676676196,1
0.042499999999999996,0.018750000000000003,0.00017647392928432981,6.151020425276237e-12,0.011585009051202402,1
0.04416666666666667,0.018750000000000003,0.00017647393991683828,-6.927287439854424e-13,0.011335868656834698,1
0.04583333333333333,0.018750000000000003,0.00017647393865888168,-2.647452887239181e-12,0.011086728432663544,1
0.047499999999999994,0.018750000000000003,0.0001764739340190913,-2.6553507342423604e-12,0.010837588321938534,1
0.049166666666666664,0.018750000000000003,0.00017647392937898993,-2.0604842120139192e-12,0.010588448281483396,1
0.05083333333333333,0.018750000000000003,0.00017647392578231937,-1.413873296594538e-12,0.010339308282203941,1
0.0525,0.018750000000000003,0.00017647392331575988,-8.969217395424765e-13,0.010090168305890245,1
0.05416666666666666,0.018750000000000003,0.0001764739217516048,-5.362378155530622e-13,0.00984102834177998,1
0.05583333333333333,0.018750000000000003,0.0001764739208166661,-3.048046660502252e-13,0.00959188838382236,1
0.057499999999999996,0.018750000000000003,0.00017647392028529758,-1.651973480753844e-13,0.00934274842877591,1
0.059166666666666666,0.018750000000000003,0.00017647391999730662,-8.522295908621663e-14,0.00909360847499137,1
0.06083333333333333,0.018750000000000003,0.00017647391984871216,-4.155364701388132e-14,0.008844468521679359,1
0.06249999999999999,0.018750000000000003,0.00017647391977623094,-1.8845932301843335e-14,0.008595328568491887,1
0.06416666666666666,0.018750000000000003,0.00017647391974333332,-7.668867866785386e-15,0.00834618861529456,1
0.06583333333333333,0.018750000000000003,0.00017647391972992743,-2.533149094468255e-15,0.008097048662048594,1
0.06749999999999999,0.018750000000000003,0.0001764739197254865,-3.961701097835302e-16,0.007847908708753154,1
0.06916666666666667,0.018750000000000003,0.00017647391972478585,3.4916792960704964e-16,0.007598768755419143,1
0.07083333333333333,0.018750000000000003,0.00017647391972540073,5.078708742134915e-16,0.007349628802058598,1
0.0725,0.018750000000000003,0.00017647391972631097,4.610148296988658e-16,0.00710048884868109,1
0.07416666666666666,0.018750000000000003,0.00017647391972716014,3.729802958068447e-16,0.00685134889529316,1
0.07583333333333332,0.018750000000000003,0.00017647391972787574,3.0379802438530005e-16,0.0066022089418987925,1
0.0775,0.018750000000000003,0.00017647391972848268,2.637547247250629e-16,0.006353068988500033,1
0.07916666666666666,0.018750000000000003,0.00017647391972900662,2.3561466322320795e-16,0.006103929035097457,1
0.08083333333333333,0.018750000000000003,0.00017647391972941005,1.7832723666419412e-16,0.005854789081690525,1
0.08249999999999999,0.018750000000000003,0.000176473919729526,1.9011035769874698e-17,0.00560564912827783,1
0.08416666666666667,0.018750000000000003,0.00017647391972896924,-3.615191184907721e-16,0.0053565091748575145,1
0.08583333333333333,0.018750000000000003,0.00017647391972701456,-1.146673192318077e-15,0.005107369221427898,1
0.0875,0.018750000000000003,0.00017647391972244926,-2.5945964599440578e-15,0.004858229267988854,1
0.08916666666666666,0.018750000000000003,0.00017647391971342813,-5.032422527783369e-15,0.0046090893145443,1
0.09083333333333332,0.018750000000000003,0.00017647391969739925,-8.810232737288843e-15,0.004359949361106292,1
0.0925,0.018750000000000003,0.00017647391967122892,-1.4183523758762117e-14,0.00411080940770126,1
0.09416666666666666,0.018750000000000003,0.0001764739196317332,-2.1084975190555417e-14,0.0038616694543785763,1
0.09583333333333333,0.018750000000000003,0.00017647391957691525,-2.874025077787153e-14,0.003612529501221189,1
0.09749999999999999,0.018750000000000003,0.00017647391950829206,-3.509263256011406e-14,0.003363389548356847,1
0.09916666666666667,0.018750000000000003,0.00017647391943473371,-3.6030199414122384e-14,0.0031142495959669077,1
0.10083333333333333,0.018750000000000003,0.0001764739193781921,-2.4456003335517794e-14,0.0028651096442876105,1
0.1025,0.018750000000000003,0.000176473919381568,1.0737775589091317e-14,0.0026159696935963805,1
0.10416666666666666,0.018750000000000003,0.00017647391951825046,8.530860545690714e-14,0.0023668297441800964,1
0.10583333333333332,0.018750000000000003,0.00017647391990272058,2.2005328697228814e-13,0.002117689796244338,1
0.1075,0.018750000000000003,0.0001764739207006016,4.4014387065394716e-13,0.0018685498497877614,1
0.10916666666666666,0.018750000000000003,0.0001764739221348717,7.727717367534597e-13,0.0016194099044030015,1
0.11083333333333333,0.018750000000000003,0.0001764739244840515,1.2427140072659157e-12,0.001370269959000181,1
0.11249999999999999,0.018750000000000003,0.00017647392806703285,1.8655643244858096e-12,0.0011211300114470225,1
0.11416666666666665,0.018750000000000003,0.0001764739332090605,2.639941730472743e-12,0.000871990058109839,1
0.11583333333333333,0.018750000000000003,0.0001764739401838852,3.545094362077212e-12,0.0006228500931976981,1
0.1175,0.018750000000000003,0.0001764739491119052,4.5568300171218e-12,0.00037371010736399765,1
0.11916666666666666,0.018750000000000003,0.0001764739596542937,5.617244659762025e-12,0.00012457008781816226,1
0.0008333333333333333,0.019583333333333335,0.0003688343896412746,-6.558280517936267e-05,0.024834501752842766,1
0.0024999999999999996,0.019583333333333335,0.00018609038433367516,-2.5789197474437054e-05,0.019215165992345892,1
0.004166666666666667,0.019583333333333335,0.00011481714665763926,-9.847421363580918e-06,0.017720396323681935,1
0.005833333333333333,0.019583333333333335,8.653476565106937e-05,-4.293769139704043e-06,0.017130218797571765,1
0.0075,0.019583333333333335,7.385013885538938e-05,-2.0485442581359477e-06,0.016785478503298975,1
0.009166666666666667,0.019583333333333335,6.773782615435447e-05,-1.0076120923814932e-06,0.01651832973741802,1
0.010833333333333332,0.019583333333333335,6.474058900483322e-05,-4.910064823791337e-07,0.016275467281122,1
0.012499999999999999,0.019583333333333335,6.329772753768495e-05,-2.3042425119500033e-07,0.016038002434094586,1
0.014166666666666666,0.019583333333333335,6.263483525106506e-05,-1.010218921149253e-07,0.015799488332841678,1
0.01583333333333333,0.019583333333333335,6.235434699464185e-05,-3.922223609668131e-08,0.015558276201070354,1
0.017499999999999998,0.019583333333333335,6.225276959911501e-05,-1.1566461666748738e-08,0.015314470863874441,1
0.019166666666666665,0.019583333333333335,6.222867755270245e-05,-4.795615395330331e-10,0.015068679931478774,1
0.020833333333333332,0.019583333333333335,6.223381889962918e-05,3.050235002896144e-09,0.014821530618968666,1
0.0225,0.019583333333333335,6.224683618713863e-05,3.458408751834974e-09,0.014573518432639059,1
0.024166666666666666,0.019583333333333335,6.22593812730491e-05,2.8141342034002634e-09,0.014324988407940708,1
0.025833333333333333,0.019583333333333335,6.22689835824463e-05,1.9870204952115856e-09,0.014076162128674324,1
0.027499999999999997,0.019583333333333335,6.227553231170221e-05,1.2873441327773493e-09,0.013827174119276387,1
0.029166666666666664,0.019583333333333335,6.227967323927649e-05,7.831196543841784e-10,0.013578102095340135,1
0.03083333333333333,0.019583333333333335,6.228214341664737e-05,4.519690310487062e-10,0.013328988877810833,1
0.0325,0.019583333333333335,6.228354412745437e-05,2.4838637245717746e-10,0.013079856929704124,1
0.034166666666666665,0.019583333333333335,6.228430051315984e-05,1.29806480283875e-10,0.01283071739335084,1
0.03583333333333333,0.019583333333333335,6.228468824647336e-05,6.406017646597799e-11,0.012581575415453386,1
0.0375,0.019583333333333335,6.228487512153484e-05,2.937735425705726e-11,0.012332433135452745,1
0.03916666666666666,0.019583333333333335,6.228495801836542e-05,1.2071061002003732e-11,0.012083291283121462,1
0.04083333333333333,0.019583333333333335,6.228499019355263e-05,4.016532567197645e-12,0.011834149988510581,1
0.042499999999999996,0.019583333333333335,6.228499948319363e-05,6.282879099162499e-13,0.011585009166907535,1
0.04416666666666667,0.019583333333333335,6.22849996252311e-05,-5.572692017543661e-13,0.01133586868605667,1
0.04583333333333333,0.019583333333333335,6.228499691402785e-05,-7.983324761055559e-13,0.011086728428731861,1
0.047499999999999994,0.019583333333333335,6.228499393111953e-05,-6.931217457796425e-13,0.010837588308661276,1
0.049166666666666664,0.019583333333333335,6.228499153533538e-05,-5.047703890497035e-13,0.010588448268316512,1
0.05083333333333333,0.019583333333333335,6.22849898593133e-05,-3.332407150787146e-13,0.010339308272035297,1
0.0525,0.019583333333333335,6.228498878179813e-05,-2.055169173172509e-13,0.010090168298932604,1
0.05416666666666666,0.019583333333333335,6.228498813071618e-05,-1.2002407081346242e-13,0.009841028337375067,1
0.05583333333333333,0.019583333333333335,6.228498775714305e-05,-6.676246226119203e-14,0.00959188838119264,1
0.057499999999999996,0.019583333333333335,6.228498755282519e-05,-3.53963848776792e-14,0.0093427484272826,1
0.059166666666666666,0.019583333333333335,6.22849874464003e-05,-1.7816005163109475e-14,0.009093608474182398,1
0.06083333333333333,0.019583333333333335,6.228498739392094e-05,-8.423660226157407e-15,0.008844468521261932,1
0.06249999999999999,0.019583333333333335,6.2284987369762e-05,-3.655852837541388e-15,0.008595328568288119,1
0.06416666666666666,0.019583333333333335,6.228498735969607e-05,-1.377197054930054e-15,0.008346188615201894,1
0.06583333333333333,0.019583333333333335,6.228498735619703e-05,-3.72353882596573e-16,0.00809704866201067,1
0.06749999999999999,0.019583333333333335,6.22849873554881e-05,1.7945050432685364e-17,0.007847908708740466,1
0.06916666666666667,0.019583333333333335,6.228498735579133e-05,1.3372286921549785e-16,0.007598768755417058,1
0.07083333333333333,0.019583333333333335,6.228498735634084e-05,1.4107826891578115e-16,0.007349628802060319,1
0.0725,0.019583333333333335,6.228498735685466e-05,1.1580693643988255e-16,0.007100488848683765,1
0.07416666666666666,0.019583333333333335,6.228498735726432e-05,8.894470672690289e-17,0.0068513488952957925,1
0.07583333333333332,0.019583333333333335,6.228498735758346e-05,7.05832717759587e-17,0.006602208941901168,1
0.0775,0.019583333333333335,6.22849873578475e-05,6.144695718221639e-17,0.00635306898850216,1
0.07916666666666666,0.019583333333333335,6.22849873580848e-05,5.721148902831225e-17,0.006103929035099236,1
0.08083333333333333,0.019583333333333335,6.228498735829697e-05,4.8887870743480504e-17,0.005854789081691459,1
0.08249999999999999,0.019583333333333335,6.228498735843633e-05,2.0785952148691772e-17,0.005605649128276695,1
0.08416666666666667,0.019583333333333335,6.228498735837227e-05,-5.282728155455141e-17,0.00535650917485187,1
0.08583333333333333,0.019583333333333335,6.228498735784155e-05,-2.1254545531885248e-16,0.005107369221413496,1
0.0875,0.019583333333333335,6.228498735638306e-05,-5.167368104639525e-16,0.0048582292679589635,1
0.08916666666666666,0.019583333333333335,6.228498735326657e-05,-1.0415050849253684e-15,0.004609089314489172,1
0.09083333333333332,0.019583333333333335,6.228498734743824e-05,-1.872630415821047e-15,0.004359949361013224,1
0.0925,0.019583333333333335,6.228498733752966e-05,-3.0816650581491224e-15,0.004110809407555964,1
0.09416666666666666,0.019583333333333335,6.228498732200912e-05,-4.678606479699683e-15,0.003861669454169082,1
0.09583333333333333,0.019583333333333335,6.228498729959302e-05,-6.529484615125518e-15,0.0036125295009458436,1
0.09749999999999999,0.019583333333333335,6.228498727007196e-05,-8.231134799200967e-15,0.00336338954803837,1
0.09916666666666667,0.019583333333333335,6.228498723572843e-05,-8.940677626381467e-15,0.0031142495956745326,1
0.10083333333333333,0.019583333333333335,6.228498720351294e-05,-7.167045193521287e-15,0.0028651096441688903,1
0.1025,0.019583333333333335,6.228498718810665e-05,-5.360490784954755e-16,0.0026159696939192572,1
0.10416666666666666,0.019583333333333335,6.22849872158118e-05,1.43886328905971e-14,0.0023668297453791984,1
0.10583333333333332,0.019583333333333335,6.22849873289387e-05,4.2174805318666463e-14,0.0021176897989735603,1
0.1075,0.019583333333333335,6.228498759019548e-05,8.845352669890539e-14,0.0018685498549597646,1
0.10916666666666666,0.019583333333333335,6.22849880859762e-05,1.5943679000663987e-13,0.0016194099132020247,1
0.11083333333333333,0.019583333333333335,6.228498892687208e-05,2.6101116024985637e-13,0.0013702699728430432,1
0.11249999999999999,0.019583333333333335,6.228499024365968e-05,3.9738266344142543e-13,0.0011211300318654997,1
0.11416666666666665,0.019583333333333335,6.228499217815191e-05,5.698634346537294e-13,0.0008719900865329449,1
0.11583333333333333,0.019583333333333335,6.228499487577572e-05,7.789484340186813e-13,0.0006228501305974939,1
0.1175,0.019583333333333335,6.228499851369019e-05,1.040008795864138e-12,0.0003737101531800118,1
0.11916666666666666,0.019583333333333335,6.228500341657073e-05,1.4114314468409746e-12,0.00012457013094378626,1
