x,y,u,v,p,fluid
0.2819931810009853,0.21298585180349722,-0.00889751306129746,-0.0017239957079879771,0.013731982406696343,1
0.26187027810048846,0.21951618517024965,-0.010072745402089234,0.0018060265622091632,0.010254659836054926,1
0.25371310254905566,0.22579410745811118,-0.006244091085972652,0.0038409565351459236,0.008388664819496782,1
0.24747575559845642,0.23167381498701978,-0.0018500554703095745,0.0029784612658167696,0.006184483597447519,1
0.24151323630925337,0.23703346132449554,0.003242696118556818,-0.0004976311223804741,0.0032478160136545,1
0.23536095529941478,0.24176577280307482,0.01044118612280834,-0.005208650920740047,-0.00029239647855147964,1
0.22888258534336156,0.24577728007490754,0.02058512273542367,-0.0094788223857288,-0.004096273430600904,1
0.22206818662813813,0.2489892057237698,0.03377862621889532,-0.01184668568637958,-0.0076803622023495464,1
0.21496718780191396,0.251338641472911,0.04969227840856969,-0.011126228404029999,-0.010369060242717571,1
0.20766027066846024,0.2527796278215329,0.0676928938064918,-0.0062931938439246575,-0.011300936653195209,1
0.2002448750616187,0.2532839912857824,0.08682961691760524,0.0035546426705488528,-0.00952419175794577,1
0.1928259797923348,0.2528418727064837,0.10572746309215514,0.019059494714522514,-0.0041447105383045696,1
0.18550879464278225,0.2514619144500199,0.12240489851067164,0.04019025839775094,0.00547175959705985,1
0.1783915064160667,0.24917109624927022,0.13440526237531342,0.06559961179659417,0.01930851626547376,1
0.1715562619800925,0.24601422864822398,0.139968036595458,0.09229928598809437,0.03614453201425854,1
0.16505519116028028,0.2420531345613333,0.13921542896546707,0.11555251800568954,0.054153846604030796,1
0.16032011499444432,0.23779448005258777,0.12752990257328448,0.12264491017096792,0.07053862664030261,1
0.15714678287388054,0.23333874495206064,0.10205517677808869,0.11387686187123604,0.08155969000734534,1
0.15435561500520495,0.22869908464105998,0.07926185679149918,0.10466318449279594,0.09462084344995089,1
0.1519748394739903,0.22388027258426058,0.05788331769846578,0.09163658465306553,0.1076166880386616,1
0.150028460563616,0.21890082147124051,0.03927876335785643,0.07489264025774059,0.11906125031922891,1
0.14853606546620696,0.21378804849735514,0.024553899110810667,0.055457592109854396,0.1281271893377342,1
0.14751265499471683,0.20857502769218988,0.014197311120098841,0.03444090207489266,0.13422527302444523,1
0.14696850862073682,0.2032985093248159,0.008420167515740637,0.012959767874511072,0.13712276696398046,1
0.14690908980890932,0.19799734428359578,0.007795903981870939,-0.009069044570183636,0.13730381537375483,1
0.14733499506702596,0.19271115755258805,0.012405762315932186,-0.030454346524494778,0.13485580925621035,1
0.14824194835824062,0.18747910628714815,0.021565935623633917,-0.05133127412350451,0.129298576054778,1
0.1496208410487721,0.18233858722331736,0.03500967184269005,-0.07073595761317233,0.120787686622903,1
0.15145781612070794,0.1773237407649497,0.052272921830781485,-0.08759022891665809,0.10986935873781957,1
0.1537343937120145,0.1724635259299796,0.07232954109693703,-0.10087921912355541,0.09733420369730794,1
0.15642763275038765,0.1677789702999415,0.0939315766660236,-0.11048518730895475,0.08461657278962066,1
0.15951031968162052,0.16327882368450658,0.11833407434018646,-0.11966595002032711,0.0737410958534081,1
0.1641840272953846,0.1589127278214928,0.12979627177419215,-0.11292181908514008,0.05732554676925737,1
0.17066432869900644,0.15477284211370204,0.13076381648320512,-0.08991587361431438,0.03910464048284399,1
0.17750066367518072,0.1514475911082405,0.12584010950296476,-0.06385133296483955,0.021880470130236546,1
0.18464184960563867,0.14900371452596867,0.114921369305155,-0.03926266565462598,0.007565384812333538,1
0.19200341327502868,0.14749022481639462,0.09971076307819096,-0.01889803878722439,-0.002563002513647505,1
0.19948307370072135,0.1469374676782792,0.08247898519828169,-0.0039004522763402944,-0.008467557418565556,1
0.2069704410760496,0.1473565253425114,0.06496122028090977,0.005796598936571138,-0.010742186958447569,1
0.2143546248892623,0.14873899613712688,0.04833787319225563,0.010799927911317377,-0.010229143311259412,1
0.2215317239358136,0.1510571617221292,0.033457196049921055,0.011898161957868117,-0.007843075220801226,1
0.22841408054779758,0.1542645333942842,0.02093538256705788,0.00997588788859669,-0.004436280911099196,1
0.23494460810989418,0.15829674732318852,0.011160508717931238,0.006074658943292831,-0.0006994892435957041,1
0.2411243797582979,0.16307274818955403,0.004151963965355245,0.0015370829471252163,0.0028548881840463765,1
0.24707845996149935,0.16849613594612908,-0.0008529184720830409,-0.0019792875866163416,0.005844053055624956,1
0.25325594370758414,0.17445635152175662,-0.005243118146647482,-0.0028878672594623398,0.008106259901564808,1
0.2612909424238965,0.18082855831588784,-0.008984265164984325,-0.0007305370817725053,0.010037589239534564,1
0.28171234348261703,0.18746622392532356,-0.007071615031413866,0.0031292330922000405,0.01370936824870134,1
0.29649726337348875,0.19097182615483574,-0.007427226155221682,0.004847542245074161,0.015616693438862524,1
0.2965475199993031,0.19220923499301257,-0.00865546560219754,0.004451464098482743,0.015343915346596017,1
0.2965904112072133,0.1934458782886267,-0.009738996367187962,0.00387889425975886,0.01532390179217635,1
0.29662592819881006,0.19468188069012543,-0.010660853243101438,0.0033054961474169252,0.015356191135740188,1
0.29665406369074176,0.19591736515859515,-0.011419349295217544,0.002752585455738637,0.015370701206851627,1
0.2966748119148343,0.19715245329159756,-0.012014941904354346,0.0022054456565066597,0.01537504203939339,1
0.2966881686182658,0.19838726564326756,-0.012447374630857764,0.0016587069302171382,0.015377909912277192,1
0.2966941310636128,0.1996219220417136,-0.01271621184986236,0.001112432057442069,0.015380059648443571,1
0.29669269802899273,0.20085654190448676,-0.012821090621819487,0.0005666238464769955,0.015380650224364642,1
0.2966838698080981,0.2020912445529874,-0.012761714054213334,2.0783211171979362e-05,0.01537966483779367,1
0.2966676482101099,0.20332614952650357,-0.012537866943851294,-0.0005251448599007081,0.015377891967161956,1
0.2966440365597338,0.2045613768969928,-0.012149551912582903,-0.001071054514327738,0.01537447275539593,1
0.29661303969706815,0.20579704758514664,-0.011596581093365154,-0.0016227505760479574,0.01536022422695533,1
0.2965746639775216,0.20703328367877197,-0.010877909937135593,-0.0021959659436127433,0.01532719199785035,1
0.2965289172715701,0.2082702087542281,-0.009994962316081659,-0.002767860221494504,0.015350142844269853,1
0.29647580896466197,0.20950794820186242,-0.008966285119268166,-0.0031513060474892673,0.01564169256806247,1
0.3388643479879387,0.22132640016911362,0.04686990971656739,-0.012103464703274192,0.021757477576920186,1
0.2882779318214765,0.22760687206204164,0.025339865959624328,-0.01328834068632248,0.014488653072897812,1
0.27028415752356166,0.23362562768866882,0.02517107135727839,-0.009305940890902272,0.01068103699441922,1
0.2589633335689835,0.2392576235548839,0.03419107930259961,-0.009801467336353785,0.008211660904541411,1
0.249823603167633,0.24438984783635184,0.04694048525932041,-0.013183278783217236,0.0056885518581974905,1
0.24145617397363958,0.2489207737147434,0.06397967738885146,-0.017438459334293648,0.0026947437333535752,1
0.23331206549484065,0.25276135219466594,0.08641415691385462,-0.02020743111592066,-0.0005690838409175763,1
0.22516683022176287,0.25583633916512244,0.11392774034091506,-0.018876895773272128,-0.003651531544015167,1
0.21694251517941102,0.25808558096103495,0.14503646809930099,-0.011211609870096251,-0.005884695736606405,1
0.20863449558231478,0.25946510756371866,0.17738259485675645,0.00431935678079788,-0.006416052270029212,1
0.2002756219072458,0.25994795832339684,0.20791944721202987,0.028260594476912412,-0.00432651729209329,1
0.19191503990952266,0.2595246975321251,0.23317588105682815,0.05977172342638137,0.0012019662802851693,1
0.18360238828981976,0.2582035963916664,0.24974016021612247,0.09618910395240128,0.01068289586149447,1
0.17537214920587402,0.25601047346139244,0.2552784645637388,0.13292237703405252,0.023938839125880573,1
0.16722303488327192,0.2529882005177305,0.2502345795343831,0.16455615352325048,0.03951142601630497,1
0.15908356727691722,0.24919589619629362,0.23783090743364108,0.1865624283908404,0.05585687127654803,1
0.15350403643413085,0.2443095270775587,0.21648869334630652,0.18985835867801423,0.07150572478942564,1
0.1504648840644591,0.23855294391089915,0.1836633613049042,0.17974661692500665,0.08177343755608305,1
0.14779195220924993,0.23283722387303224,0.152020828782298,0.1666659778250025,0.09316441410988929,1
0.14551214718333952,0.2271017811050522,0.12157686360945098,0.14778355133873122,0.10451652367220429,1
0.14364837965703636,0.22131954593477782,0.09418248969545558,0.12276660797833659,0.11468714885972468,1
0.1422193593766667,0.21548411298180986,0.07159901533220082,0.09253850113791429,0.12288205744866139,1
0.1412394221593267,0.209602079064271,0.055083161267173594,0.05854554615599217,0.12842615861560036,1
0.14071839466130615,0.20368807024001317,0.04557401826770712,0.02260450159415744,0.13092377917875342,1
0.14066150051408302,0.19776118750482716,0.04437832220803677,-0.015757469012961395,0.13109191644155582,1
0.14106931007291498,0.1918421581926414,0.05180021950694071,-0.05190466560683715,0.12903115879314,1
0.14193773491560205,0.18595072826328826,0.06635497615930962,-0.08611810711889614,0.12401363451572013,1
0.14325806721391451,0.1801029102394702,0.0870743774431476,-0.11681829563519207,0.11631876918864686,1
0.14501706309270496,0.17430765420066638,0.11275242505509529,-0.14254983860513887,0.10658558756640567,1
0.14719706801752785,0.16856231041172032,0.14171204828990805,-0.1623390188613639,0.09558007160750148,1
0.14977618098200837,0.16284579189693102,0.17217883374527587,-0.17642325384364604,0.08442115686418299,1
0.15272845254056133,0.15710733488815368,0.20424080281327878,-0.1875600565331422,0.07429192553587716,1
0.15825238060755237,0.15215258668751544,0.2254912020121432,-0.18468664298543075,0.05864844226059968,1
0.16637059759442163,0.1481894667062232,0.23817600319988871,-0.1627143006339387,0.04202893982746319,1
0.17450121546409667,0.14500621551689763,0.24368939241475968,-0.1310474692612986,0.02600735346844024,1
0.1827248836443606,0.1426667003236766,0.23880198306115652,-0.09434527902759736,0.012262651911780205,1
0.19104416545726827,0.14121783910748492,0.22320739134749656,-0.058142901824602536,0.0022836949405230455,1
0.1994219461857295,0.14068868497166606,0.1992940538067976,-0.026947916270571227,-0.003734665630524691,1
0.20780369719769637,0.14108984870086397,0.17035842293284847,-0.0032445569684948724,-0.0062654170654421835,1
0.2161338299113805,0.1424132860093927,0.13965528808673391,0.012237531737300161,-0.006083315198286382,1
0.2243717140728587,0.14463245892270538,0.11001990669771854,0.020033217800109582,-0.00407976407899944,1
0.23251268933350788,0.14770286413972633,0.0836861733059801,0.02157500233890487,-0.0011049344022167867,1
0.24062326576932516,0.15156290433094183,0.06214195667819256,0.018975483705932144,0.0021499331955102596,1
0.2489128444947288,0.15613505884024245,0.045793362426583537,0.014774854271576527,0.0051854665918662154,1
0.25790903323540837,0.16132727926645715,0.03360680623648382,0.01141523043630874,0.007754781575478755,1
0.2689901386505639,0.16703446356994187,0.025280192268972174,0.011266225589752881,0.01031593230648117,1
0.28664067055705056,0.17313964387765113,0.026212593143035895,0.01593739417048837,0.01430415106004224,1
0.3381013710860652,0.1795136851659506,0.049088170625208774,0.014720989469380268,0.02171034098691634,1
0.37487553418891156,0.18363873824894858,0.06485354544200514,0.013193040644762856,0.025479467554519485,1
0.3749263256158531,0.1858844770287759,0.06139101624175418,0.011699449610085283,0.025498009306169658,1
0.3749696699658493,0.18812739354693772,0.058346265923248056,0.010183202259101552,0.025508262503285143,1
0.37500555990917284,0.1903679428063427,0.05574471270197862,0.008639410049999385,0.025516872600640148,1
0.37503398937680743,0.19260657593711836,0.05360575873261382,0.007072541436355387,0.025524893504553652,1
0.3750549535613088,0.19484374094005066,0.05194650047814074,0.005487908508545364,0.025531787539874857,1
0.3750684489176474,0.1970798834215373,0.05078123901513776,0.003890286642368055,0.025537372155098974,1
0.37507447316379455,0.1993154473220165,0.05012111509822526,0.002284346053712896,0.025541553468032805,1
0.37507302528106534,0.20155087563986762,0.04997397851903446,0.0006738008747210247,0.025543428043675258,1
0.37506410551428104,0.20378661115278357,0.050343560530572706,-0.0009364733665052234,0.02554194787264685,1
0.3750477153717675,0.2060230971385241,0.0512261516477838,-0.0025402901995406958,0.025537815723767333,1
0.37502385762506774,0.20826077809702848,0.05261414337331138,-0.004134324690011422,0.02553220264942217,1
0.37499253630851054,0.2105001004758521,0.05449652722941781,-0.0057137937414853636,0.025525360556895183,1
0.3749537567185529,0.21274151340087302,0.05685925632416518,-0.007273386022991038,0.02551765681911382,1
0.3749075254129211,0.2149854694142963,0.05968561620160762,-0.008807464023401164,0.025509219813247885,1
0.37485385020954837,0.21723242522197772,0.06295191433826224,-0.010315344976583176,0.02549642902755267,1
0.39592520156690697,0.22969476738000622,0.10798804879974745,-0.017380322121309476,0.02704634224868473,1
0.3147130910570114,0.2357059859995852,0.07878060963237879,-0.0305815299130796,0.019870635738176746,1
0.2868628965810942,0.2414607794352544,0.07382734865343377,-0.026006374740093475,0.01402600105527996,1
0.27045423892054743,0.24684362877558993,0.08421198426798417,-0.024026355799467172,0.010720772411145593,1
0.2581359291095801,0.25174796854071574,0.1025570821550426,-0.024635405719966905,0.008232864217237006,1
0.24755274517975556,0.25607736232448,0.12607240548283677,-0.025379505085133508,0.005577891266303064,1
0.23774252772125165,0.25974697277652564,0.1550073331279874,-0.0237528802662038,0.0028014137669294024,1
0.22826617271622485,0.26268501698135566,0.18832922052139603,-0.017024140595408202,0.00032925022839042095,1
0.2189182962263413,0.2648340700050499,0.22362007618556295,-0.0030320270809156605,-0.0011809332600820105,1
0.2096089470570213,0.266152142047473,0.2575366355547083,0.019240673136696876,-0.0008975274910191241,1
0.20030637593580475,0.2666134821644232,0.28626078603162197,0.04930451568529558,0.0020359181173960185,1
0.19100388806507543,0.2662090773478166,0.3061164206267267,0.08491083636554345,0.008293583237531198,1
0.1816955436430822,0.2649468282847507,0.3143708172820653,0.12201535817587321,0.018148258760924556,1
0.1723521101125098,0.26285139525932205,0.31016748852702897,0.15517265742998143,0.031239464789716967,1
0.16288884623349822,0.2599637199274663,0.2953838912027879,0.1790383714611821,0.046234822388981696,1
0.15311061993222377,0.25634024084602697,0.2742182037849978,0.19100411970777342,0.061211813398627364,1
0.14668566221178925,0.2508267683768539,0.2497899476687184,0.18931671308664322,0.07204169501266351,1
0.14378108923240485,0.24376862242510164,0.2224589366846811,0.1834283851471442,0.08228647587783208,1
0.14122664680769212,0.23697639870525047,0.1926188526489776,0.1714626036038348,0.0924617333092685,1
0.1390479767816969,0.23032402643131752,0.16327370159013863,0.15333296899872603,0.1024633419536748,1
0.13726692840398494,0.22373878990435067,0.13629792900805873,0.12857870440204994,0.1114889156394521,1
0.13590135253865682,0.21718052672315283,0.11356144201753199,0.09783179370627222,0.11882126232859484,1
0.13496493077204336,0.21062933648601379,0.09662730587057519,0.06243432073207721,0.12378356436207215,1
0.13446704294975756,0.20407770830256855,0.08675862093049652,0.02442062167828742,0.12589567619453035,1
0.1344126756736117,0.19752498402285337,0.08535383893279279,-0.016946435202611167,0.12604299900315086,1
0.13480237343736506,0.19097298524024497,0.09284136014814875,-0.055391526528008335,0.12433435635753787,1
0.1356322332821779,0.18442203793361392,0.10762351431176992,-0.09129268733751622,0.11986886419334902,1
0.13689394306756092,0.17786675879897612,0.1284427619844352,-0.12285426048499735,0.11298418713031998,1
0.13857486266944843,0.17129088984772825,0.15378427073486464,-0.14866888056503977,0.10433162123760563,1
0.14065814662438195,0.16466014264407652,0.18184113272526217,-0.1680202748821567,0.09461490930992908,1
0.143122905906311,0.1579112612026351,0.21077141742895955,-0.18125426446753487,0.0846278227666147,1
0.14594440557222266,0.15093386245228627,0.23783791441702753,-0.18841530899182216,0.07454140912191691,1
0.15231990156814193,0.14539149694441744,0.2623712767941891,-0.19069338174208408,0.06361004190960254,1
0.16207617680494388,0.1416050338374251,0.28390395785739403,-0.17891501004760063,0.048228324874185956,1
0.17150123615034735,0.13856369937185076,0.2991148554619098,-0.15469603034801307,0.03273479940328843,1
0.1808075557254736,0.13632848957926041,0.30373507488526313,-0.12088031663151828,0.019145852463447757,1
0.19008472973143264,0.1349442246942846,0.29593688374232874,-0.083163048908851,0.008813305246266653,1
0.19936080654114002,0.1344386623119802,0.2766778660872103,-0.04714026910308205,0.002126538003927197,1
0.20863711706051769,0.1348219406095237,0.2487506818084351,-0.01684590790734164,-0.001159162312396529,1
0.21791337310202216,0.136086373571618,0.21580220933525762,0.005535102544960705,-0.0016974275255960255,1
0.22721221247821824,0.1382066063048675,0.18155944846736227,0.019560732074915096,-0.00033341878532147537,1
0.236611966834068,0.1411401243058837,0.14928262756275312,0.026260451369922447,0.002095268658327594,1
0.2463027369743099,0.1448280966233728,0.12136283911084625,0.027800996137781163,0.004902844930387687,1
0.2567022639202558,0.14919651908759332,0.09881098576719735,0.026960346784353835,0.007613943757248434,1
0.2687408383666638,0.1541576072090048,0.0814125986461503,0.026452884608225813,0.01017544806120985,1
0.2847269113494147,0.1596113596795149,0.07222813562131351,0.02898470907160374,0.013666411536885375,1
0.3120022125109961,0.16544714614823305,0.07846462613724157,0.0340609096088943,0.01982179780277811,1
0.39460502447862617,0.1715449807433369,0.10863953317042233,0.019487868724887746,0.026861415812737568,1
0.4551048643615068,0.1761324648307469,0.12861496565420294,0.015314638952452497,0.030250774377821775,1
0.45515394826349326,0.17941052924020331,0.12376416868319857,0.013574511490226478,0.03028024513909769,1
0.4551958350844003,0.1826835855571069,0.11945442993410213,0.011780375472528531,0.030294246604282725,1
0.45523051791349417,0.18595243997726843,0.11574430970604516,0.009919040535887134,0.030307093358186973,1
0.45525799102857245,0.18921789244899875,0.11268676460607525,0.008002228859466913,0.03031980017512487,1
0.45527824989694604,0.19248073787267478,0.11032842928313881,0.0060426471864626335,0.03033100684697057,1
0.4552912911761576,0.19574176728639872,0.10870839246586382,0.0040516548286977745,0.030340431392985964,1
0.4552971127145789,0.1990017690410729,0.10785738338222658,0.0020403634950675,0.03034763561727516,1
0.4552957135517245,0.20226152996808158,0.10779688857345605,1.549526163400018e-05,0.030349958535865383,1
0.45528709391844857,0.20552183654284578,0.10853214124555646,-0.0020040157309357412,0.03034666621881145,1
0.45527125523685696,0.2087834760473691,0.11004712535733104,-0.004008800448189308,0.030340234945939088,1
0.45524820012014794,0.21204723773504225,0.11231597931012449,-0.005988974815859725,0.030331883116304116,1
0.45521793237209635,0.21531391400077518,0.11530374102026371,-0.007932445907276544,0.030322239064330552,1
0.4551804569864737,0.21858430155980535,0.11896701250355075,-0.009824988339904018,0.03031275298653113,1
0.45513578014621553,0.22185920263834982,0.12325531177029024,-0.011655742506211979,0.03030072558037765,1
0.4550839092223771,0.2251394261794386,0.12811223638227534,-0.013447784937791448,0.030267332684834877,1
0.4530503364598567,0.23807256188836046,0.15910174081905867,-0.01766762690832147,0.029070580970646156,1
0.34116048587824627,0.2438088486341453,0.13304495857268683,-0.040322898532826584,0.024594474737861104,1
0.30344565439216514,0.2492978304543726,0.1268038571728618,-0.03889924989253866,0.017697639183726712,1
0.2819470799838553,0.2544309119042534,0.13753058836705115,-0.03529796292119939,0.013454937919251715,1
0.2664494821428028,0.25910717547362505,0.15869011062638577,-0.03267819762625924,0.010765650457826265,1
0.2536502093739297,0.26323499918706994,0.18515911168795007,-0.029510266819705377,0.008375707881420216,1
0.24217366331126067,0.266733655067609,0.21588567209584542,-0.023429918856087927,0.0061098777660379,1
0.23136600734603036,0.26953478227868416,0.249273067524703,-0.012078681313450272,0.004341723841661482,1
0.22089440244982672,0.2715836697239746,0.28246697243180335,0.006199235951344511,0.003684923997434949,1
0.2105835625966554,0.27284030240346197,0.31191338095356436,0.031746286271170286,0.004893214551029968,1
0.20033713518403393,0.27328013730092043,0.3339468709671718,0.06328955397431904,0.008692120519792415,1
0.19009258266139056,0.27289458370273634,0.34552293245166665,0.09788463870354203,0.015550534401513279,1
0.17978838455926627,0.27169117213111704,0.3450378120009756,0.13117053483678676,0.025463745468605765,1
0.1693315901828999,0.26969340623626104,0.332901547674722,0.15793759532444668,0.03795522546298729,1
0.15855399692758013,0.2669403026088076,0.3115246519114682,0.17334969589891838,0.052116081337452366,1
0.1471367962591296,0.2634856336871636,0.28537327360628995,0.17582499329906506,0.06560232393743701,1
0.1398657743106787,0.2573454565034257,0.26196358520978996,0.1701517327392681,0.07159970843575648,1
0.13709600357527346,0.24898530823061424,0.24259400900474878,0.1683181602730557,0.08186229852887399,1
0.13466019461187495,0.24111629654754613,0.21708445271065824,0.1583594720578874,0.09107491404322811,1
0.13258275402724776,0.23354679633207925,0.1915620883144963,0.14254304472556495,0.10007269732024647,1
0.1308844869076296,0.22615840928071618,0.16766521081705488,0.120263915712103,0.10820347376247699,1
0.12958239556917558,0.2188771955791529,0.14723621781666296,0.09201417773138212,0.11483108430291182,1
0.12868951352924105,0.21165674548847352,0.13188774373722773,0.058985964786451996,0.11932485870443241,1
0.12821477732633563,0.20446740332798782,0.12292964854905225,0.023244616707761755,0.12117799965591762,1
0.12816293818712107,0.1972887460431604,0.12149622853803531,-0.016003556527522906,0.12131177675355814,1
0.1285345149164191,0.19010368442986514,0.12804476427139347,-0.05226846949311404,0.11983320280971205,1
0.12932578874692185,0.18289311900914063,0.14124608209250414,-0.08592499465566461,0.11580596460250395,1
0.13052884022934388,0.17563026347719018,0.15982573572186218,-0.11512510251642846,0.10958710208945434,1
0.13213162758566607,0.16827364098222872,0.18221094187996367,-0.13857410759824138,0.10179048321777096,1
0.13411810530385176,0.16075730654838882,0.20660981909262374,-0.15569050683179642,0.09304951250381813,1
0.13646838112726833,0.1529758036415753,0.2313785444230085,-0.16695562136862632,0.08400335489852796,1
0.13915890896807573,0.1447590708500361,0.2507493560893982,-0.17000313124939836,0.07390125274647763,1
0.14638686535242945,0.13862977220219774,0.27450629229438334,-0.17639557573234987,0.06784142326246428,1
0.15778127612305462,0.13501986517222633,0.3012495489406285,-0.17440203360164655,0.05384193551574238,1
0.16850087710367398,0.13212036774268338,0.32316473776517574,-0.15859577723608534,0.03915565372212879,1
0.1788899642771049,0.12998940767172984,0.3357302949520859,-0.13086203849104888,0.02614105512435041,1
0.18912515574787067,0.12866970623336302,0.33647315064339545,-0.09646399624774189,0.015721266321667097,1
0.19929965793863338,0.1281877239261067,0.32502407644565473,-0.06088051682234244,0.008439690804005289,1
0.2094706575089292,0.1285531256290703,0.30311585770138993,-0.02861287228622028,0.004330337216179141,1
0.21969316296496214,0.12975858412560465,0.2739059985207337,-0.002645313378469751,0.0029274596610307296,1
0.23005307538003736,0.13177992911325684,0.24111729723197006,0.015775661100621008,0.003499654618183899,1
0.24071171166977567,0.13457663629166355,0.20832841723591342,0.027058140626050338,0.005274656708862897,1
0.25198275612343596,0.13809263915490141,0.1783987633241533,0.0329603480170824,0.007602876991995645,1
0.26449229388758405,0.14225743548586894,0.15287075100758324,0.03598967021580061,0.010068716118297042,1
0.2795733757065773,0.14698745049586232,0.13303539065710063,0.03878054649997409,0.01290679171054685,1
0.30046506169972154,0.15218760594491734,0.12357004373512395,0.04272183987655882,0.017441187594130964,1
0.3373691159816659,0.1577530221984822,0.13110371702936233,0.04381882622615452,0.024665827733463406,1
0.4511480009381226,0.16357073059263916,0.15737994285787105,0.018974940094005587,0.028771790839013392,1
0.5358349790318462,0.16857933790704005,0.17589223081323666,0.014214449917373917,0.02989226107014657,1
0.5358819780380782,0.17289620122463942,0.17075243787416905,0.012751878890808192,0.02985285496610639,1
0.5359220855766744,0.17720584389053337,0.16610594083581762,0.01104320367080078,0.029869976298738637,1
0.5359552950736802,0.18150942759316538,0.16206119620307477,0.009238433327045025,0.029899469269128433,1
0.5359816010857524,0.18580810536695241,0.1587088966480642,0.0073733863418955084,0.029922332773423432,1
0.536000999301108,0.19010302325407807,0.15612840928355437,0.005450624791184921,0.02993960486744239,1
0.5360134865402018,0.1943953219468975,0.15438767224091202,0.0034812041457976963,0.029953642282415163,1
0.5360190607562606,0.19868613841562785,0.15354047049688208,0.0014816834001073476,0.029963979971096746,1
0.5360177210356223,0.20297660752578034,0.15362384323827505,-0.0005395371819996711,0.029966663856045926,1
0.5360094675978693,0.2072678636497959,0.15463954123231263,-0.0025485325678668417,0.029961603030688334,1
0.5359943017958296,0.21156104227735845,0.1565557167597956,-0.004536145594219749,0.02995269372942015,1
0.5359722261153135,0.21585728162873338,0.15932315685388707,-0.006485674710570373,0.029940462364763467,1
0.5359432441747104,0.22015772427565233,0.16287759359653686,-0.00838588376392382,0.029922422506516597,1
0.5359073607244424,0.22446351877418097,0.1671422812342364,-0.010234603260123423,0.029897307934556604,1
0.5358645816460995,0.22877582131405755,0.1720277075851487,-0.01199518916351452,0.02988491383470737,1
0.5358149139515216,0.23309579738923292,0.17742410292716887,-0.013509010080829465,0.029932711335968372,1
0.5102049292469318,0.24645467659979584,0.1980177581926161,-0.015581918374590444,0.02900391628992812,1
0.36761438431066434,0.25191370382292305,0.1805946987229214,-0.04310191867112992,0.027897571602092143,1
0.32003077698328225,0.25713599907420365,0.17666046682015119,-0.046917272068013265,0.02121967122952848,1
0.29344114621336476,0.2620190038566735,0.18819280322373505,-0.043335854943720255,0.016322778681203284,1
0.27476385455584285,0.26646710772645354,0.20949053076880075,-0.03800358899662419,0.013316860849872282,1
0.2597482940160828,0.2703933643755975,0.23608823268005932,-0.03137206774247366,0.011141125419875535,1
0.24660528067127854,0.27372109697751135,0.265441429314082,-0.02161014593005887,0.009376580368215925,1
0.23446620158497655,0.27638534221138433,0.29562308474641313,-0.00690372248181819,0.008301618841091051,1
0.22287074969511994,0.2783340926783616,0.3237708634952319,0.013837321585783746,0.008449688531557633,1
0.21155830075544604,0.27952930421594124,0.34658946338075863,0.04041144660227173,0.010457459537864248,1
0.20036789834441773,0.2799476403442026,0.3609641706370042,0.07110330392471746,0.014894886066443484,1
0.18918116244997793,0.2795809323085864,0.36466612201021836,0.10276192842589758,0.022039140663303883,1
0.17788099224523396,0.2784363407564625,0.357089090377208,0.1312161162922381,0.031662456106126446,1
0.16631071850076115,0.27653621399475126,0.33951679205923696,0.1518889868791206,0.04321127968152569,1
0.15421867417555418,0.2739176472626464,0.3144524755438756,0.1605225129101236,0.056229806227434176,1
0.14116236235868787,0.27063175643169984,0.28617721846814764,0.15581593604106656,0.06831892468204577,1
0.1330448357675078,0.26386514887051793,0.2655923213242549,0.1482200541756309,0.07079648965806477,1
0.13040999949317283,0.25420271072624423,0.2540373351226055,0.1493467886519228,0.08092355741911567,1
0.12809291013096696,0.24525671911385546,0.23320157173704423,0.14120916408128045,0.08923626670232344,1
0.12611675548753057,0.2367699529445649,0.21198463909856669,0.12784946119544155,0.09743733329934072,1
0.12450130659259677,0.22857830874738705,0.19166112971017887,0.1083529922695661,0.10484091932949119,1
0.12326272346211005,0.22057405645286368,0.17407355598456165,0.08321010323726587,0.11088825836403676,1
0.12241339535963794,0.2126842692464171,0.16078029089882925,0.053480374465627034,0.11500499920466056,1
0.12196181772243701,0.20485714160824536,0.1530282199699039,0.021181022954448386,0.11668586911185803,1
0.12191250745434123,0.1970524818589993,0.1516327964689743,-0.014427229589203467,0.11681143288211168,1
0.12226595778137486,0.18923428672741974,0.15703535276832553,-0.047264883583789455,0.11548209933428687,1
0.12301863331763806,0.18136402773725802,0.1682405200522279,-0.07765129919903771,0.11180319254450628,1
0.12416300541266086,0.17339351096138056,0.18405702670437993,-0.10376270639235254,0.10613380317005117,1
0.1256876272719529,0.16525603377358322,0.2029598055817488,-0.12441587099581151,0.09903756059776549,1
0.12757724778540405,0.1568539833783036,0.22315849895280782,-0.13903748797631657,0.09107790299356856,1
0.1298129624809485,0.1480396831264886,0.24334009308059798,-0.14840491988864352,0.08291434046071089,1
0.13237239954762137,0.13858335758648524,0.2550265472048326,-0.14830144220858962,0.07294720962864246,1
0.14045343787861758,0.13186760155345192,0.27612655233070754,-0.1567307096687701,0.07050859877814164,1
0.15348602808659395,0.1284341639246411,0.3052558326161283,-0.16228394778692612,0.05783487126555565,1
0.16550023716193918,0.1256764328857064,0.33104264251170934,-0.15334931633676172,0.044299648696979,1
0.17697217500566095,0.1236496718101411,0.34919772231091906,-0.13163434131090795,0.03221711207954141,1
0.1881654770808942,0.12239450326241301,0.3570612880559974,-0.10182517783763223,0.02205227260019374,1
0.1992385025327605,0.12193609006384672,0.3533064019183104,-0.06881310865441193,0.01446553442156687,1
0.21030428932804368,0.12228362347615276,0.3386713516580979,-0.037009453661254625,0.00972237980266478,1
0.2214731382808148,0.12343013532816993,0.31556664780676824,-0.009695507180998689,0.007542807748513418,1
0.2328942085584947,0.12535264049451017,0.28726659527068893,0.011393804974768705,0.007341856859340369,1
0.244811795943765,0.12801260485360452,0.25718869438439024,0.026129491514950507,0.008455036856072384,1
0.25766316188415833,0.13135672323620687,0.22825178155456113,0.03574887348218863,0.010308708477348046,1
0.27228273791705454,0.13531798305222034,0.2023654998750328,0.042275411786277715,0.012602064335687923,1
0.29040638363809557,0.13981698229377995,0.1823271903627432,0.047678846880163,0.015834123411186965,1
0.3162040344826186,0.14476346426530612,0.17191927915889874,0.051102496952436134,0.021075522530279462,1
0.3627389036933872,0.15005802341952126,0.1768671390716235,0.046115671533494336,0.028007885929152074,1
0.5077091081365432,0.15559392346569734,0.19377182636035292,0.01630699155521623,0.02866555969096142,1
0.616772026677756,0.1610068502895471,0.20816353846483907,0.011876549985689133,0.027867720640864433,1
0.6168168250066297,0.16636518414773632,0.20316300712874444,0.010808929150019502,0.0278107215489586,1
0.6168550545207848,0.17171407518480716,0.19856448383509515,0.009377751770969497,0.027835138152959786,1
0.6168867089695357,0.17705504212624867,0.19451546812340387,0.007832491011178278,0.027874499871251176,1
0.6169117831772765,0.18238959262640653,0.1911383435135044,0.0062219737378399545,0.02790360506612607,1
0.6169302730442796,0.1877192253944692,0.18854277882363207,0.0045421598540386614,0.027924739346876722,1
0.6169421755473633,0.19304543229568,0.18682468482018894,0.0028043541234400904,0.027941063848644834,1
0.6169474887404234,0.1983697004336364,0.18606057440877793,0.0010285829514400653,0.027951932409073964,1
0.6169462117547418,0.20369351421945078,0.18630233222176812,-0.000771306478145659,0.027953721412827696,1
0.6169383447990937,0.20901835743346356,0.1875461410408016,-0.002555782800603962,0.02794669100118878,1
0.616923889159778,0.2143457152852687,0.18974499418175583,-0.00431205799179979,0.02793446008997358,1
0.616902847200324,0.2196770764776142,0.1928269506557724,-0.0060187830472338225,0.027917276193651502,1
0.6168752223612035,0.2250139352800099,0.19669986761928995,-0.007665396045580299,0.027891425621726574,1
0.6168410191591692,0.2303577936176189,0.20125704847325215,-0.009258851840067396,0.02785406971392848,1
0.6168002431865955,0.23571016318141097,0.20637744621486528,-0.010746986710371161,0.027833459815079294,1
0.6167529011104463,0.2410725675653353,0.21191024143160872,-0.011848359077911562,0.027906340898111812,1
0.5673754625147329,0.25483912909252393,0.22589724931221433,-0.013100869801513293,0.027966810804264174,1
0.39407215112940497,0.26001974419471185,0.21891683320284475,-0.04153694381945321,0.02981998285427968,1
0.3366174085083049,0.26497488081980647,0.2192196645098442,-0.05048847438423892,0.024229579612876688,1
0.3049360369129914,0.26960764010342064,0.23170675103563276,-0.048321975804098645,0.019182273044228697,1
0.2830788012483962,0.2738275483349491,0.25214385299124015,-0.04141463505731824,0.015925974313765506,1
0.26584682723087605,0.2775522561305741,0.2770789603728661,-0.03211754793448935,0.013895514184443838,1
0.2510372545971131,0.280709101093656,0.3033206449922826,-0.01964460295943529,0.012575115318461425,1
0.23756666657109174,0.28323650041941334,0.3288198014028487,-0.0027756362859363173,0.012114564807146542,1
0.2248472805400361,0.2850851427366699,0.3509763286424445,0.019075092461696388,0.012943214588217603,1
0.212533132963342,0.2862189514269971,0.36696686078152096,0.04533360749134817,0.01556883949048574,1
0.20039866451248736,0.2866157952628193,0.37432120731522617,0.07409750081790457,0.020412565321911467,1
0.18826965415517363,0.2862679271105829,0.3715465929356069,0.1022812831050357,0.02759982938203634,1
0.175973422160911,0.2851821380362377,0.3587694637628818,0.12610318193122302,0.036748562519648274,1
0.16328958174034872,0.2833796222023787,0.3378265168385678,0.14171000921096727,0.04723252882475937,1
0.14988300055912004,0.28089555660383525,0.31111386517318884,0.14540398646981295,0.058970794947443776,1
0.13518748649751833,0.2777784078130205,0.28231238124855357,0.1357765536844357,0.06988754551011152,1
0.12622313823621648,0.2703855667051055,0.26480984361209087,0.12815325669742603,0.06991161074357397,1
0.12372331870450591,0.2594206412876965,0.26056806256130355,0.13134747885069256,0.07983324671054985,1
0.12152500250119047,0.24939753455178254,0.24428596214657056,0.12461407153547209,0.0872819721561884,1
0.11965016862357687,0.23999340282361145,0.22730713876205083,0.11346668587819561,0.09482470406679201,1
0.11811756040888835,0.23099842273804777,0.2104732540258467,0.09651293613862683,0.10161651313371173,1
0.11694249961954843,0.22227106547007985,0.1956916329285936,0.07433097770637401,0.10717749539896665,1
0.1161367337907678,0.21371188196948368,0.18443710375817013,0.04785815368672676,0.11098239045188145,1
0.11570831874163183,0.20524691350711544,0.1778703852626636,0.019030286363787816,0.11253948103157833,1
0.11566153776745748,0.1968161973025507,0.17653254423227965,-0.012800763610368035,0.1126595292733577,1
0.11599685859052664,0.18836481384625536,0.1808321143005816,-0.04214661173610065,0.11143507701530635,1
0.1167109286556454,0.17983480331075308,0.19006754676956794,-0.06925873469781596,0.10804190270340137,1
0.11779660883510083,0.17115656106060886,0.20314654684981692,-0.09237319667165571,0.10283373891177088,1
0.1192430450824401,0.1622381540831706,0.2186232849321259,-0.11041693838327568,0.09632917728385798,1
0.12103577707373328,0.152950294278933,0.2346536754792998,-0.12273902509368977,0.08901917170790766,1
0.1231568824212232,0.14310307206130168,0.25032333017260444,-0.1305748547091056,0.08170579082370073,1
0.12558515464673375,0.13240697503685644,0.2547874130260044,-0.12818244355175787,0.07195870856654348,1
0.13451972513644017,0.12510510579188108,0.2728952622258165,-0.1367020654360771,0.0720602978916195,1
0.149190520541593,0.12184806478485218,0.30276996737528555,-0.1475388753598764,0.06051262127194586,1
0.16249938360038563,0.11923203927585063,0.33038424785117537,-0.1436894678673673,0.04829794419040829,1
0.17505423345003177,0.11730943253479945,0.35211287451480405,-0.12710125897212182,0.03728483715329271,1
0.18720571724802407,0.1161187695591756,0.3653203002165417,-0.1018542136571824,0.027569959140661286,1
0.1991773418384098,0.11568391558508226,0.3680499326561796,-0.07212029252346924,0.019918607467720926,1
0.2111379920351695,0.11601358819517811,0.36028204583099266,-0.04198105948721288,0.014757679696721836,1
0.22325325654034298,0.11710117831484422,0.343707939407225,-0.014717286109907714,0.011960236405312658,1
0.23573554769122707,0.1189248859603921,0.3210090857039089,0.007702219637502933,0.011088520409709667,1
0.24891213452688615,0.12144816627924415,0.29519443926916716,0.024757240820937852,0.01160316307817096,1
0.26334385059888105,0.12462047178614422,0.268964576392413,0.03718117506294159,0.013035369771750264,1
0.28007347566756235,0.12837826898223098,0.2444094617969287,0.046399254300251554,0.015235204478202381,1
0.3012397119139237,0.13264630205283495,0.22474044448765196,0.05314182169130282,0.018768551493385948,1
0.3319435374968107,0.13733907247329502,0.21319632297947616,0.054621282297848836,0.02415913404811195,1
0.38811042084701186,0.14236250007750365,0.21345216703240383,0.04393305526960891,0.029913166577534702,1
0.564280062910363,0.14761572753621008,0.2192692908674041,0.01347467138774397,0.02764998525364229,1
0.6978144472278621,0.1534245039604312,0.22933947166442623,0.009647578272359457,0.02557974751179312,1
0.6978569975321454,0.15982566785156374,0.22492492926151175,0.008901177377278193,0.025536318086209164,1
0.69789330863704,0.16621516227293653,0.22076248578780847,0.007776185459748937,0.025562057592853252,1
0.6979233746123533,0.17259486370664273,0.21703021306722406,0.006520525132167494,0.025599185306141595,1
0.6979471905477935,0.17896663514166908,0.21388188447494366,0.0051831623829373605,0.025626686113484915,1
0.6979647525538367,0.1853323286650784,0.21145896068397188,0.0037624069230215986,0.02564672337837063,1
0.6979760577623055,0.19169378802289896,0.20988660389586464,0.002273156915456656,0.025661850361836446,1
0.697981104326873,0.1980528511579441,0.20926490552683708,0.000739022774342375,0.025671236061590195,1
0.6979798914233556,0.20441135273158545,0.20966011442445043,-0.0008203242408097682,0.02567178315883546,1
0.6979724192498208,0.21077112663645783,0.2110625081753956,-0.0023613969280657215,0.02566386415857175,1
0.697958689026619,0.2171340085070727,0.2134100886089612,-0.0038667160240778253,0.025650569314271867,1
0.69793870299611,0.22350183823519967,0.21660775538599894,-0.005310700744707675,0.025632154846338722,1
0.6979124644223758,0.2298764624970439,0.2205347780647764,-0.006679725639052732,0.025605378111186985,1
0.6978799775905905,0.23625973729914101,0.225053760900317,-0.007979754614262287,0.025567389687143668,1
0.6978412478063948,0.24265353055014502,0.23001371366567808,-0.009157322666258433,0.025542801324788224,1
0.6977962813950015,0.2490597246656869,0.23523397440030092,-0.00992118735191477,0.02560159536603779,1
0.6245555920170067,0.2632249889391393,0.24456158433870057,-0.010853069023528103,0.02657959575554756,1
0.4205324054023358,0.26812654666422936,0.24781945533475142,-0.03774289866011985,0.030692590155064356,1
0.3532050616521642,0.2728142453849175,0.2529907253130021,-0.0505788153380257,0.026538272800095075,1
0.3164315089427478,0.2771966601296214,0.26646327688270033,-0.05065197006456724,0.021825668670325517,1
0.2913941660122242,0.28118835902263883,0.28577502138336464,-0.043362503599834866,0.01850793951859354,1
0.27194569525995144,0.2847115409143506,0.308149794838868,-0.0323790332990558,0.016596584912173223,1
0.2554694998105794,0.2876975329557955,0.330574270114106,-0.01814746060327961,0.015651828042936657,1
0.2406673404922684,0.29008812031530873,0.3510419177887952,-8.807767262289441e-05,0.015705207260608187,1
0.22682395446109196,0.2918366814866656,0.3673386175607408,0.02195648206392633,0.017076382055026384,1
0.21350803888631736,0.29290910449732394,0.3771679701530195,0.04717604353543756,0.020148927715090793,1
0.2004294330426322,0.2932844621301499,0.37865977081268754,0.07363883546865375,0.02521294748539887,1
0.18735807680421976,0.2929554285213701,0.3709046243170836,0.09845312428389187,0.032281209039451066,1
0.1740657134738143,0.2919284254611515,0.3545170000072819,0.1182689105856436,0.04087559768700463,1
0.16026824026109646,0.29022349413430293,0.33166728435838194,0.1299091363362467,0.0502952573741444,1
0.14554705970455595,0.2878738960427546,0.30456312633054017,0.13017410680966193,0.06075138200479821,1
0.12921228028516107,0.28492545433307076,0.2759418102757979,0.117279064851318,0.07078017446997019,1
0.11940087456423426,0.2769065256768213,0.2611841692561801,0.11087203622539189,0.06903307069746567,1
0.117036124945839,0.2646389721437065,0.2637991131469493,0.11555516039057605,0.07876085599442051,1
0.11495661620525754,0.2535386517704826,0.25186361290966525,0.10983254482153836,0.08538728307950688,1
0.11318312500106828,0.24321708038663925,0.23893831966824325,0.10059127391798056,0.09237400116931373,1
0.11173337123263286,0.2334187046696667,0.2253882538523745,0.08582974054458747,0.09863883583971092,1
0.1106218411856628,0.22396819117705963,0.21324036690222742,0.06627172355674642,0.10378686890420327,1
0.10985964243593631,0.21473956505695438,0.20388625573324476,0.04273204662741573,0.10732902135168933,1
0.10945439223893835,0.20563671205282794,0.198410078244474,0.017053290579113835,0.10879162541173357,1
0.10941014079422323,0.1965798965948191,0.19713286900374738,-0.011317346517185212,0.10890787582625075,1
0.10972733037439628,0.18749528146278616,0.20042474245126757,-0.03748120730918427,0.10776228741843501,1
0.11040279085908818,0.17830547387616175,0.20782566567485639,-0.061625039138196384,0.10460878890719656,1
0.1114297717334411,0.1689194563736394,0.21832827205439398,-0.0820593154339286,0.09979293213952782,1
0.11279801012657094,0.15922006237057176,0.23056698834391717,-0.09782610250705057,0.0937997173174429,1
0.1144938340058936,0.14904632329621978,0.24259404597249593,-0.10814074647943574,0.0870416890830123,1
0.11650029923069816,0.13816608783938464,0.253932966049117,-0.11482297879637186,0.0805396065101476,1
0.1187973588145795,0.12623009114061254,0.2516319993895362,-0.11073561205471034,0.07101912424858052,1
0.12858579800345754,0.11834236569476904,0.267042572390676,-0.11803456298645956,0.07294290724173134,1
0.14489481401536017,0.11526166055652383,0.2968898057280151,-0.13244079361155514,0.062254473323137535,1
0.15949836379906093,0.1127872886627315,0.3250341879631562,-0.1321648126433145,0.051386213291037916,1
0.17313617216780317,0.11096879747301017,0.3488721683058108,-0.11967384404207213,0.04145073467381552,1
0.18624589321314983,0.10984261604811654,0.3658756391166272,-0.09847070411220529,0.03227691303136284,1
0.199116176951794,0.1094313125500727,0.3736942078721285,-0.07203432071747909,0.024727361190774157,1
0.21197175084411798,0.10974313098871857,0.3717865958397982,-0.04404485339892073,0.019328585674388114,1
0.22503348730398762,0.11077182130915733,0.36124810716466127,-0.01762976824105678,0.016071832512858375,1
0.2385770473662693,0.11249676824310828,0.34417542409991164,0.005174152713000324,0.014653583503249431,1
0.25301266856037286,0.11488341479855899,0.3230817648078973,0.023581371776526715,0.014658826475066316,1
0.2690247526264902,0.11788396738624002,0.30031333694621964,0.03787159897856172,0.01573103486580821,1
0.28786442931307527,0.12143836260060346,0.27799932995419663,0.04876304432651164,0.017853737842825394,1
0.3120732680945286,0.1254754709596121,0.2589724065660193,0.055623566681307454,0.021479621836807104,1
0.347683402304909,0.1299145100215292,0.24597739177961778,0.05440821580742693,0.026505261335839945,1
0.413483056536558,0.13466663746845683,0.24076339131941712,0.03956380137040091,0.030751442325504787,1
0.6208569608998393,0.13963669343563143,0.23581552756782068,0.011023231093179119,0.02631575321568629,1
0.7789177959682556,0.1458364571767048,0.24239891746750258,0.00780200183018326,0.023464725182110346,1
0.7789580752381401,0.1532812368272038,0.23906898752747152,0.007303923756249491,0.023438405451400305,1
0.7789924483058199,0.16071211792518458,0.2357614496587797,0.006456125663778986,0.023460922966489942,1
0.7790209095610129,0.16813133510026992,0.23268511143249912,0.005460677462679347,0.023490933202519382,1
0.7790434543583757,0.17554110706447512,0.23002924503383196,0.004361549249426024,0.023513612874108043,1
0.7790600790181403,0.18294363966901278,0.22797088978011812,0.003163571188286133,0.023530473623319684,1
0.7790707808269067,0.1903411289254116,0.2266671934903919,0.0018867155539865049,0.023543145183331643,1
0.7790755580379339,0.1977357639993012,0.22624341300839915,0.0005584496962424857,0.023550667125638792,1
0.7790744098715043,0.2051297301852958,0.2267797670285502,-0.0007960853960193864,0.023550364033069798,1
0.7790673365150097,0.2125252118711607,0.22826045735683922,-0.0021290692996647066,0.023542625123453183,1
0.7790543391229463,0.21992439549948836,0.23060835207603533,-0.0034182251605205135,0.023530106441840264,1
0.7790354198167458,0.2273294725350483,0.23370354840685417,-0.004633820627590484,0.023513166972792793,1
0.7790105816843355,0.23474264244599627,0.23739402225569398,-0.005757213285820797,0.023489551090665868,1
0.7789798287797579,0.24216611570728358,0.2415079243545414,-0.006787925118460159,0.02345709887037819,1
0.778943166122441,0.24960211683457453,0.24586048281292408,-0.0076777570182425545,0.023433668710336357,1
0.7789005996963544,0.2570528874572069,0.25024255557133096,-0.008182373412170294,0.023471305761099463,1
0.6817419458290291,0.27161176162364953,0.25568154877959876,-0.008929210146936341,0.025111452092724505,1
0.44699435358689016,0.2762338681086165,0.2679900805414235,-0.03303537112066825,0.030865057856806086,1
0.3697934385456689,0.28065395199583937,0.27792216886494414,-0.04824211539934854,0.028132641015060873,1
0.3279274062099295,0.2847859608868234,0.2924753826525223,-0.05082371934421129,0.02409117939724002,1
0.29970984458249583,0.28854944749367206,0.3106444578591477,-0.04413589876301594,0.020929655653991203,1
0.2780448198123358,0.29187112682342276,0.33018095989374413,-0.03244089238027221,0.019165695373551925,1
0.25990195621972845,0.29468629781544636,0.34873838079719216,-0.017290646947448196,0.018541727078143708,1
0.24376817902146342,0.2969401039487943,0.3644578415799023,0.0012157942235514266,0.01901441802833224,1
0.22880074204315254,0.2985886084578419,0.3755345411584986,0.022869063408459785,0.02080399838158554,1
0.2144830036581097,0.29959966140923966,0.3801722408546349,0.046711131676103954,0.024183424197812615,1
0.20046020346168877,0.2999535383929316,0.3770092289834245,0.07086250049974373,0.029332163042616738,1
0.18644644431224708,0.29964333445691865,0.36557137042114723,0.0926679189857586,0.03618182984100073,1
0.17215789463250034,0.29867510242774287,0.3467741417593484,0.10917849737764111,0.04420306410206323,1
0.15724673738979214,0.29706773164772143,0.3229817277495116,0.11779872918155751,0.052620705570799044,1
0.1412109106184187,0.29485257061323733,0.29620105513578165,0.1157660694281276,0.061863372187781124,1
0.12323682066885194,0.2920728039539166,0.267961770490736,0.10066392299720126,0.07129604974997308,1
0.11257817736747086,0.28342789902671933,0.255490032873751,0.0961830983886523,0.06819939599510827,1
0.11034853307237666,0.2698576136673627,0.2645962753382343,0.10200546477857263,0.07778359435642887,1
0.10838785426413655,0.25768000581915407,0.2568082319482117,0.09697533684565554,0.0836364782212997,1
0.10671571967807215,0.24644093824933394,0.2477437829089986,0.08936237831590493,0.09014761073653017,1
0.1053488287651392,0.2358391205359821,0.23727311662450826,0.07646277973541031,0.0959505590347875,1
0.10430083433386901,0.2256654104358339,0.2275760914860806,0.059184656525658935,0.1007432781821974,1
0.10358220529976755,0.21576730475561162,0.2199723431933244,0.03821569338372509,0.1040599907621902,1
0.10320012114071436,0.20602653207670793,0.21548823649896132,0.015303241986644393,0.10544682393965685,1
0.10315839934622985,0.19634358286605927,0.21426928033959827,-0.01001659148241698,0.10556051360243866,1
0.10345745678007819,0.18662570117818447,0.21664587200133964,-0.03337886902136759,0.10447773814485697,1
0.10409430545846972,0.1767760601693001,0.22235596031186078,-0.05491240446673456,0.10152961037721135,1
0.10506258279930962,0.16668222806389063,0.23045575008600067,-0.07300619546832429,0.09705210413526695,1
0.10635261594774081,0.15620180244044715,0.23964953708851067,-0.08682460307852057,0.09150846893650151,1
0.10795151935651022,0.14514213056844513,0.24785451017095378,-0.09541196205824046,0.08522556785399554,1
0.10984332441836679,0.13322881316354793,0.2550469943616884,-0.10126030049048124,0.07948765086991813,1
0.11200913962244,0.12005282198742463,0.2463612228558956,-0.0958590343612819,0.07015773241204237,1
0.12265170567287602,0.11157943732631491,0.25951553935472893,-0.10117561431657916,0.07344762044041042,1
0.14059895157001032,0.10867501726476543,0.2890712178003717,-0.11800696625696053,0.06333869470132666,1
0.15649721209099365,0.10634225477721863,0.31698265327039715,-0.12014447255135803,0.053762875867603546,1
0.17121801505310663,0.10462784561283056,0.3419435357731367,-0.110830295880719,0.044846442853438744,1
0.18528601752071855,0.10356612475561178,0.36154374559817726,-0.09302870922342933,0.03624262638115347,1
0.1990550086857304,0.10317836404985598,0.3731970892465444,-0.06961254895450644,0.028900742263427783,1
0.21280555481361224,0.10347233414292836,0.3760279111302812,-0.04387111625825019,0.023398872403042833,1
0.22681380820208313,0.10444214384325769,0.37066869823846826,-0.018716306887201287,0.019817303597539648,1
0.24141867460840594,0.10606836194008243,0.35869999908810113,0.003839156737227889,0.0179689732322726,1
0.25711335604800517,0.10831841764539292,0.3421418355138559,0.022831974720701555,0.01755212424188113,1
0.2747058194467125,0.11114726757263452,0.32296000085498,0.038137456207680734,0.01831501424071745,1
0.29565554629119084,0.11449831072805448,0.3032681047542715,0.04967314088248478,0.02032304856225577,1
0.3229069921857099,0.11830452872482365,0.28476478881071815,0.05566395248108904,0.02379970097040468,1
0.36342352498126557,0.122489825932189,0.27010748208346264,0.051623618601305155,0.02811013763406163,1
0.43885645727366707,0.12697054281016482,0.2595056920611634,0.03436806154567844,0.030893938583104578,1
0.6774377208068822,0.13165711468921537,0.24513102324726746,0.008981303362795486,0.024910695928315633,1
0.8600595420281797,0.1382448179314886,0.24940399481324882,0.0063027465305983705,0.021530710473325977,1
0.8600975377038613,0.14673370835432906,0.24766863051174606,0.006003913986635516,0.02151702081445878,1
0.8601299620198419,0.15520646967715093,0.2456419131356674,0.005393082491601618,0.021534717266440555,1
0.8601568096857523,0.1636656949123251,0.24356694143773208,0.0046182374910257165,0.02155722182505227,1
0.8601780763211379,0.17211395872857183,0.2416726329014576,0.00371751117125628,0.021574842117095483,1
0.8601937584561293,0.18055382097373487,0.24017490979102266,0.0027027794515214107,0.02158837456499651,1
0.8602038535320371,0.1889878301563346,0.23926523530658803,0.0015990296778963535,0.02159864974871088,1
0.8602083599017442,0.19741852689567038,0.23909509873790757,0.0004375718200608877,0.021604631508004495,1
0.8602072768299738,0.20584844735006905,0.2397576051933952,-0.0007512288635411196,0.021603964030618192,1
0.8602006044934558,0.2142801266328179,0.24123076042418828,-0.0019149384234019885,0.021597025725264823,1
0.8601883439808474,0.2227161022251813,0.24342249167164537,-0.0030265005207336664,0.02158614842075153,1
0.8601704972925643,0.231158917395977,0.24618652912891462,-0.004052232990809708,0.021571798197676736,1
0.8601470673404796,0.23961112463717785,0.2493368159791053,-0.004968273460539445,0.021552659045668485,1
0.8601180579474603,0.24807528912504834,0.2526632991771076,-0.005766419821247502,0.021527414112403814,1
0.8600834738466232,0.2565539922164789,0.25594283332612155,-0.006405295140367552,0.021507895434917833,1
0.8600433206807525,0.26504983499044926,0.2589344428815185,-0.006702522028925061,0.021528657479623296,1
0.7389325661621841,0.27999916002287345,0.26061617010055355,-0.007291228183349437,0.023664877354596887,1
0.47345750723595126,0.2843415588791062,0.2803728737656052,-0.02815209352322713,0.0306140182094876,1
0.38638234686030287,0.2884939097576631,0.2945858114386299,-0.04437340609348527,0.02910506117287489,1
0.3394236239141465,0.2923754731884547,0.3102908578854978,-0.04932383743035809,0.025900329566270724,1
0.30802576470416254,0.2959107497874488,0.327537336831718,-0.04393333067446461,0.02308616165316649,1
0.28414414524152376,0.29903094853596496,0.34437417489754063,-0.032391206930134225,0.02152786661456345,1
0.26433458025997153,0.30167532698322974,0.35939262633838304,-0.01702459598145571,0.02118759905577356,1
0.24686914954257685,0.3037923792473959,0.3709580649246896,0.0013759271126991598,0.02200253554574908,1
0.2307776214172435,0.3053408489544058,0.377642205280699,0.022275249798976778,0.024111358306248193,1
0.2154580161581186,0.30629054584924903,0.37808783653843736,0.04461734081136057,0.02769345066002544,1
0.2004909754149522,0.30662294717460137,0.3713460166863633,0.06660725826211683,0.032837120796065856,1
0.1855347670910965,0.3063315685341471,0.3572587272330577,0.08582374684319319,0.039416066800369735,1
0.17024998679855527,0.30542209410160825,0.33691090002626634,0.09966081135336055,0.04688281111940176,1
0.15422510503263917,0.30391226246945097,0.31277350558752226,0.10600330257872602,0.05439206062283609,1
0.13687459612652864,0.3018315113906495,0.28668905708129055,0.10249147533016294,0.0625139833087262,1
0.11726116242028371,0.2992203911622193,0.2587779923269137,0.08582005431101122,0.07161290237174595,1
0.10575514084215298,0.2899495967187769,0.24818863127378718,0.0836497352256011,0.06743188142001379,1
0.10366062603221285,0.27507650113037607,0.26349575406419146,0.0904042235807405,0.07693037623648616,1
0.10181879211416799,0.2618215491380578,0.25969365221287566,0.08582029160500604,0.08206360187688247,1
0.10024802304649386,0.24966494132288253,0.2543154822547522,0.07960146464193378,0.08816548997804548,1
0.09896400002090142,0.23825964493140966,0.24675148757367965,0.06828366933837446,0.09355983600709142,1
0.09797954386740663,0.22736270584644727,0.23934547366850578,0.05298380764250495,0.09804383445207368,1
0.09730448583361236,0.21679509067723518,0.23336064233842685,0.03425914993495088,0.101164434706968,1
0.0969455682288297,0.20641636966563312,0.22978399670601768,0.013763791741493087,0.1024883804800462,1
0.09690637613421536,0.19610725848671243,0.228619551881151,-0.008885655043213963,0.10260045452814001,1
0.0971873010367206,0.1857560817618154,0.23015833855937323,-0.029797024013356058,0.10156984016094554,1
0.09778553685557671,0.17524657780357175,0.23430260342106113,-0.049047777749928016,0.09880054047735569,1
0.09869510841304804,0.16444489945531837,0.24015213583866057,-0.06510491720874541,0.09461788054476178,1
0.09990693198103164,0.15318340680797077,0.24646651050368695,-0.07726012884813768,0.08947323234627357,1
0.1014089071371674,0.14123776026277465,0.25101674482787023,-0.08436339839415322,0.08360186692236882,1
0.1031860388084273,0.12829130797862798,0.254217131450637,-0.08963210333097554,0.07857482003063156,1
0.10522058807734112,0.11387525039354889,0.23945440357313008,-0.08315776445997167,0.0693865382098659,1
0.11671748335701455,0.10481636081706909,0.25074876394834356,-0.08607941215525548,0.07375045738331437,1
0.13630296467809946,0.10208818316496575,0.2800183637881861,-0.10461305614048827,0.06396743470826653,1
0.15349595396387408,0.09989699235464505,0.30728206405398517,-0.1083087760449292,0.05559690184888386,1
0.16929978003850274,0.09828663623487924,0.332738289737149,-0.10142998213051611,0.04760590398394714,1
0.18432609964693294,0.09728935764519162,0.3540573913083592,-0.08642370919705858,0.03956181147481337,1
0.198993837655669,0.09692513299919067,0.36852185101643786,-0.06565892897667562,0.032485877862701434,1
0.21363939567381585,0.0972012598528736,0.37505596750442544,-0.04207892631665321,0.02697263477555895,1
0.2285942024268139,0.0981122056749546,0.37394192661997977,-0.018368555929641765,0.02316932493320013,1
0.24426040489450102,0.09963972252821117,0.3663262899707531,0.003524657097502698,0.02098705397977761,1
0.2612141662210098,0.10175322407903509,0.35377921035565135,0.022508985633641874,0.020223141759680388,1
0.28038701621744166,0.10441041366163818,0.33789207183551784,0.03807905164429331,0.020717590238648737,1
0.30344678982140666,0.1075581461273681,0.3203226971813321,0.04934934833645307,0.022527423291131176,1
0.33374084355194694,0.11113350224549477,0.3024244600624945,0.0538234046890129,0.025639846378652097,1
0.3791638379257143,0.1150650520925675,0.2860808381185921,0.04724060319974596,0.02907694502402784,1
0.46423040432413026,0.1192742824476647,0.27062738719607043,0.0290871476486102,0.030626117641202436,1
0.7340211315686911,0.12367716209302428,0.24859674161902756,0.00727847294220924,0.023526575331315656,1
0.9412270444922264,0.130650768911554,0.2517221872983941,0.005072305129419435,0.019741399512401028,1
0.9412627491183825,0.1401841020765226,0.2520546045561801,0.004936185915294305,0.019735985971276352,1
0.9412932183223595,0.14969907464602014,0.25170865518158514,0.004524009940865288,0.019749012493593128,1
0.9413184471339073,0.1591986381673962,0.25096377576478257,0.003933791111843262,0.019765216253478143,1
0.9413384314375883,0.16868572341731436,0.25009010091599254,0.003198060467061776,0.01977861118340713,1
0.9413531679734799,0.17816324439067482,0.249343532185905,0.0023346766370001206,0.019789375062265347,1
0.9413626543377027,0.18763410224282592,0.24895045305404132,0.0013728497881456967,0.019797738984018355,1
0.9413668889827801,0.1971011891961298,0.24908823143863487,0.00034742321205068314,0.019802629817996433,1
0.9413658712179639,0.2065673924218047,0.24986060551840875,-0.0007062923176213171,0.019801940813119877,1
0.94135960120927,0.21603559790775437,0.2512394036444911,-0.0017312678678858863,0.019796033479173036,1
0.9413480799794884,0.22550869432314863,0.2531186785084214,-0.002695852753796219,0.01978699420393823,1
0.941331309408003,0.23498957689041253,0.2553253513721181,-0.003562831246927242,0.019775372525334546,1
0.9413092922304985,0.24448115127536185,0.25763806323338784,-0.004303844360018467,0.019760597220662215,1
0.941282032038537,0.25398633750629385,0.2598067927370119,-0.004903749763857507,0.019742123392374956,1
0.9412495332788656,0.26350807393294606,0.2615676912315304,-0.005327902944791688,0.019727241332593057,1
0.9412118012528604,0.27304932123657877,0.26264530469445335,-0.005453914217124821,0.019736467869179947,1
0.7961262383791584,0.2883870060018808,0.260445882199818,-0.005901646787731421,0.02227370121885034,1
0.4999215492293757,0.29244952181751477,0.28592386931199815,-0.023481535650601928,0.030132335205754777,1
0.40297165686797554,0.29633405736057367,0.303789246354476,-0.039649437266758736,0.02958987120503718,1
0.35092008907833677,0.29996514885690334,0.320672416046517,-0.04658875381273862,0.027241629733817798,1
0.3163418747236424,0.3032722201799048,0.3371335073745895,-0.04290259622168802,0.024909695634791677,1
0.2902436309105607,0.30619095834943055,0.35192942576849123,-0.03219774269839465,0.023629814290491255,1
0.26876733957761617,0.30866456944628307,0.36395835616293687,-0.017202201918319678,0.02355082763044208,1
0.24997022752252118,0.3106448919998862,0.3720835538167045,0.0006794722348841747,0.024649944756905774,1
0.23275457598654947,0.31209334628815566,0.3752217865039355,0.0206012451929088,0.027005069899088,1
0.21643306790163555,0.3129816995922967,0.3723854979427769,0.04143063839642281,0.03071847353511694,1
0.2005217486312994,0.31329262971268473,0.3629555291423035,0.06146118875191511,0.035804214274738205,1
0.1846230530864877,0.31302007246161556,0.3470029585913805,0.0784825176243507,0.04209399165287012,1
0.16834200603935748,0.3121693436632379,0.32569498355309934,0.09016837334765702,0.04904602170122123,1
0.1512033672055858,0.31075703219914713,0.30155502223567276,0.09478913235624971,0.05575431753430475,1
0.13253814806447345,0.3088106671382227,0.27633388838788225,0.0903846616421074,0.06284869807109678,1
0.1112853455872208,0.3063681680561467,0.24858557892813013,0.07251768013636935,0.07182887359302881,1
0.09893183373821712,0.29647155303935724,0.23959240951797994,0.07285333008930961,0.06674250250891582,1
0.09697246522665658,0.28029558661842247,0.26085980314352536,0.08041388848886742,0.07620417270909156,1
0.09524948626030902,0.2659632461029771,0.2609275619589163,0.07608845666128723,0.08067517540460777,1
0.09378008834532567,0.25288906306883124,0.25908166992656817,0.07106828524713833,0.08642370654186056,1
0.092578936073379,0.2406802584937252,0.25428531940474935,0.06110314927882658,0.0914557642882885,1
0.09165801945710113,0.2290600640720567,0.24903757821178782,0.04752887786960323,0.09567005663817187,1
0.09102653285912425,0.2178229148287549,0.24456290500457387,0.030773775656272585,0.09861878024338722,1
0.09069078190735477,0.20680622180265754,0.24182398340747852,0.01240142954912615,0.09988961878585659,1
0.09065411951800112,0.19587092528476818,0.240710299983467,-0.007898450403655296,0.10000084410824817,1
0.09091691182714422,0.1848864299655828,0.2414745833108636,-0.026655539885836976,0.09901455224450266,1
0.09147653446832275,0.17371703875973818,0.24415625416625533,-0.04390130023493063,0.0964023738880482,1
0.0923273992443641,0.16220748835164456,0.24788265166576692,-0.05817887399050372,0.09247815277596906,1
0.09346101084969151,0.15016490011564534,0.251452152872466,-0.06890746670801677,0.08768846329803606,1
0.09486605292769723,0.13733324554703782,0.25249660480224767,-0.07473289020550454,0.08217466091012088,1
0.0965285024156364,0.12335361679573492,0.25181956152344265,-0.07961911376705423,0.07780101898699542,1
0.09843177084611769,0.10769743702570356,0.23123564040315087,-0.07222886800878622,0.06870990619717028,1
0.11078315692459395,0.09805316564892926,0.24094966916261407,-0.07255197399991814,0.07394998598890434,1
0.13200687687578985,0.09550119434400994,0.2700657222567586,-0.09233523262577849,0.06428588875817774,1
0.15049460873625967,0.09345154288199671,0.2964842442956483,-0.0969681379533233,0.05702539680749797,1
0.16738148084509968,0.09194521469772243,0.3220638757949678,-0.09195645098335353,0.049850093902660285,1
0.1833661468837627,0.09101236239803892,0.3444838680694535,-0.07922879717859849,0.042332251156381326,1
0.1989326643361758,0.09067166791011165,0.3609656221577056,-0.06075070923404562,0.03554554891006416,1
0.2144732670578974,0.09092995600160463,0.37032364430600334,-0.039173726281636664,0.030076685355108962,1
0.23037465710478378,0.09178205257376415,0.3725750321442126,-0.01696961613707181,0.026124224867712723,1
0.2471022196085728,0.09321089212107432,0.36850905298565606,0.003989599671805225,0.02368068491509711,1
0.26531507602111665,0.09518787101463257,0.3593070562216012,0.022503627746993157,0.022626250027626284,1
0.28606831727213766,0.09767343608904691,0.3461881948624605,0.03768497406821861,0.02286200851294046,1
0.311238133395507,0.100617892411123,0.3302669259591892,0.0480036971909067,0.024387538094671615,1
0.34457479369104954,0.10396241038749747,0.31273485833814546,0.05062018915098231,0.02699851424151505,1
0.39490429526777765,0.10764021013996089,0.2946765266572562,0.041994335225795744,0.02955189524958924,1
0.4896047550826092,0.11157789963507805,0.27508918934327015,0.02410234395568707,0.030142608497284906,1
0.7906064405718689,0.11569694178804871,0.24730245018110755,0.005858363983383132,0.022192627766518567,1
1.0224126624966077,0.12305502499776193,0.2503272688304182,0.0040508450111717935,0.01805192404894715,1
1.0224460713577492,0.1336330343502699,0.25314638726624744,0.004045205890310284,0.018052101499243915,1
1.022474581426723,0.14419045096395974,0.2548407178443801,0.0037974608223602145,0.018061267666665326,1
1.0224981880535167,0.15473058502519269,0.2557260410617117,0.0033612672123375055,0.01807262182580938,1
1.0225168873878874,0.1652567235219465,0.25611283833218357,0.0027637027143868663,0.018082805448098795,1
1.0225306763799566,0.17577213469899636,0.2562958481047661,0.002027112509979885,0.01809149620253581,1
1.02253955278073,0.18628007246091913,0.256535045013407,0.0011838730644341054,0.018098490646205775,1
1.0225435151424627,0.19678378073526495,0.25703170227676897,0.0002718231652796719,0.018102702509433497,1
1.0225425628188833,0.20728649780807396,0.2578966753654621,-0.0006691710580603421,0.018102227631144552,1
1.022536695965333,0.21779146064378888,0.25909588878735423,-0.0015778011063337625,0.018097410376643336,1
1.0225259155386879,0.22830190920147944,0.2605116335870079,-0.0024181930137484138,0.018090144179657357,1
1.022510223297243,0.2388210907593888,0.26194502321864815,-0.0031502091803695506,0.018081036620953436,1
1.0224896218004045,0.24935226425972834,0.2631399355660854,-0.003742089104349142,0.018070074431097767,1
1.022464114408299,0.2598987046858395,0.2638067733894917,-0.004173233941834322,0.01805735874142966,1
1.0224337052812054,0.27046370748392984,0.26364100083735026,-0.00441548710776175,0.01804688490324185,1
1.0223983993788464,0.2810505930418512,0.26233172129015464,-0.004400700856005874,0.018048392811916784,1
0.8533221689423153,0.29677518318290896,0.25603691468903883,-0.004728077156095284,0.02094311536482015,1
0.5263862647119999,0.30055769109724473,0.2855207936763135,-0.019212185494099147,0.029543428442715715,1
0.4195612778880982,0.30417435194871595,0.30636816644711884,-0.03455019645421043,0.02972454362231901,1
0.3624167493218281,0.30755495331177457,0.3245074747939817,-0.042980756176850786,0.028158044057521592,1
0.32465813673493665,0.3106338251164258,0.34056417489018737,-0.04115862750548587,0.026369644814265555,1
0.29634324645108906,0.3133511206152829,0.3539107985389162,-0.03177738164315744,0.025427897001385792,1
0.2732002096416488,0.3156539865259309,0.36361571612964755,-0.017643437796502716,0.025610128901406418,1
0.25307139415339874,0.31749760064607807,0.36902860140071386,-0.0005982901255995943,0.02695352696079703,1
0.23473159292792994,0.31884605666033017,0.36940800737804447,0.018203184153929425,0.029504845280680026,1
0.21740815230259444,0.3196730774423058,0.36407044644424175,0.03755382560737469,0.033304860611159684,1
0.2005525228999318,0.3199625403203925,0.3526603125583651,0.0558251084228833,0.03830727253572675,1
0.18371130846739248,0.3197088009826918,0.33541879900549953,0.07098743181384015,0.044311923609400956,1
0.16643396477395975,0.3189168071947915,0.31354177547309353,0.08093682617238568,0.0507989229216418,1
0.14818154233132758,0.3176019991061016,0.2895698491770079,0.08424335162969412,0.05681705250387258,1
0.1282015905905527,0.3157899989751889,0.2652610148129523,0.07936849801650252,0.06296910838436108,1
0.10530940012961319,0.31351609880009595,0.23747795932256674,0.06053317442069241,0.0719923885987465,1
0.09210830740835568,0.3029937189037725,0.22993185195661747,0.06345381649352484,0.0661367341820323,1
0.0902840970798973,0.2855148339045283,0.25694801715308757,0.07173529152419562,0.07559471228598502,1
0.08867997986427208,0.270105069502103,0.2608144676972899,0.06752650284691566,0.07946402171046124,1
0.0873119565853537,0.2561132830442139,0.26236443074495847,0.06353914138947628,0.08490638156969937,1
0.08619367652888969,0.2431009462079492,0.260225227102525,0.05474219483945835,0.08961826131975245,1
0.08533629981475041,0.23075747471835723,0.2570263630491968,0.0426845424949049,0.09359648716144409,1
0.08474838455485749,0.21885077095959754,0.2539724927168562,0.027673126424492708,0.09639428642932818,1
0.08443580009552092,0.20719608612432286,0.25201328408309626,0.01118290038928311,0.09762011569162801,1
0.08440166738946778,0.1956345846925162,0.25094693266758483,-0.007028984532264021,0.09773114375115627,1
0.08464632724346055,0.18401675107256169,0.25098939543552645,-0.023875213564385052,0.09678281368737841,1
0.08516733684893238,0.1721874523843053,0.25229338444786065,-0.03934525642746626,0.09430907423189203,1
0.08595949464061015,0.15997000857828417,0.2540017873045015,-0.052056966137249625,0.09061184280575701,1
0.08701489316288884,0.14714630138000143,0.25493431490429397,-0.061551292574073116,0.08613699236528649,1
0.08832299927766128,0.13342861181311697,0.2526054815548454,-0.06627482046807974,0.08093462962877276,1
0.08987076073744334,0.1184157733589363,0.24812527951167304,-0.07092920065824072,0.07715368224482527,1
0.09164273788277329,0.10151942734195527,0.22194272009756852,-0.06273586734580351,0.06812762123710145,1
0.10484874580709458,0.09128987396744075,0.2302134772403606,-0.06038821638441378,0.07409528283431437,1
0.1277107061161262,0.08891407832845569,0.259354075237279,-0.08112141385901835,0.06439739611660115,1
0.14749319131756541,0.0870059383775493,0.2848610637884695,-0.08624203143732533,0.0581538074187664,1
0.16546312815029704,0.08560361629820462,0.31036799163137263,-0.08267170238245107,0.05168014357008449,1
0.18240616493399317,0.08473517630382323,0.3334683610962745,-0.07180286547119911,0.044643115665153624,1
0.19887148909904587,0.08441800679023502,0.3513712893547924,-0.05529046276280333,0.03814469707267737,1
0.2153071639844365,0.08465846005297357,0.3628375801227488,-0.03554582215851615,0.03274843263250362,1
0.23215516220944357,0.08545172018765367,0.36767929834689056,-0.014852243769101131,0.028693710713213347,1
0.24994410436417505,0.08678190326409858,0.36639312340872515,0.004987069408387519,0.026040015291689412,1
0.2694160678276824,0.08862238666195629,0.3598294761515527,0.022662053847761578,0.0247333999957005,1
0.2917497032859472,0.09093635777058222,0.348813778770125,0.036917881838602916,0.02470059474669056,1
0.3190295574254823,0.09367756702762567,0.33402528089547845,0.04581328898844976,0.025877530547412868,1
0.35540882202009844,0.09679126677484691,0.31648463197232296,0.046470323115577715,0.027925494980787294,1
0.4106448647850318,0.10021531527383204,0.2966925248230012,0.036395874910860375,0.029679041444114478,1
0.514979412603638,0.10388142377727327,0.27377772330195355,0.019590935245276987,0.02956493176699919,1
0.8471931554742905,0.10771652320924713,0.242116439804891,0.004676044869413401,0.020912381352966223,1
1.103611505513049,0.11545804374899235,0.24594114403500839,0.0031934333282594434,0.016431734861245478,1
1.103642615474331,0.12708089968796688,0.2516043684007193,0.003288972204681973,0.01643594426907528,1
1.1036691637337341,0.13868093028276035,0.25565108329616504,0.0031752622329835126,0.0164422992982587,1
1.10369114596164,0.15026180443293347,0.2584317037358177,0.0028672349992103835,0.016450216450284043,1
1.1037085585731041,0.1618271654114885,0.2602941889977911,0.002386428098776611,0.0164581829859499,1
1.1037213987283858,0.17338063578639568,0.26156899214244655,0.00175801687877639,0.01646549050261952,1
1.103729664333466,0.18492582228448665,0.26254652379217736,0.0010163694204549298,0.016471628862487122,1
1.103733354040338,0.19646632061130978,0.26344842135906144,0.00020162528207914496,0.016475514486515127,1
1.1037324672473001,0.2080057202404457,0.2643879471780485,-0.0006422945885927855,0.016475416782701615,1
1.1037270040989342,0.21954760918552946,0.26532575316214635,-0.001450356244170051,0.016471662374480018,1
1.1037169654862236,0.23109557876828077,0.2661355294803575,-0.0021829900618991036,0.016465983804859273,1
1.103702353046314,0.24265322839564377,0.2665950501058088,-0.0027979012710354348,0.016459023597132385,1
1.1036831691622364,0.2542241703593527,0.26641573916026184,-0.003261196534589173,0.01645116973991068,1
1.1036594169626142,0.26581203467125897,0.2652707687164649,-0.003548598742849814,0.016443033387882014,1
1.1036311003210126,0.27742047394790176,0.26281689662237223,-0.0036383722041412924,0.016436264077681666,1
1.1035982238555142,0.28905316835817035,0.2587083581079342,-0.003509986525393526,0.016432544020817032,1
0.9105198174811695,0.30516361231690875,0.24809555089010069,-0.003741598634668795,0.019667008618006392,1
0.5528515029460724,0.30866602053578407,0.27994496586699297,-0.015421152327543094,0.0289200155160236,1
0.43615114462429216,0.31201476266285866,0.30306113560791054,-0.02939956168988385,0.02962801216709903,1
0.37391356607307397,0.3151448610891105,0.3225319264321796,-0.03877969792945504,0.028718673284128186,1
0.33297452229135543,0.31799553941583214,0.3386480365678608,-0.038795487562395856,0.027474715389350098,1
0.3024429687125682,0.32051140815777307,0.35112406880814356,-0.031041707778212215,0.026904826012252733,1
0.27763317151417577,0.32264354836232656,0.3592573309425779,-0.018161063322119534,0.02735925156957214,1
0.25617263477447905,0.3243504727898735,0.36266436369130217,-0.00221335200904527,0.028921975606184668,1
0.2367086621771052,0.32559894569529524,0.36098801911866407,0.01536581430468261,0.0316373139189549,1
0.21838326417055456,0.3263646437807739,0.3538017843069148,0.03328154913472371,0.03549939611541173,1
0.2005832980544943,0.32663264294135674,0.34096353699499077,0.04996609871351844,0.040412574391926005,1
0.182799538096333,0.3263977184249168,0.3228478751189688,0.06354058850637644,0.04615075976230623,1
0.16452587275294608,0.32566445021491874,0.3006508883159458,0.07207600760230157,0.052225590223858386,1
0.14515964477806592,0.3244471306438647,0.27690591518004654,0.07436508166026315,0.057661589405358676,1
0.12386494236843401,0.32276947686388674,0.25349384482999343,0.0693276953797462,0.0629480336775856,1
0.0993333489077471,0.3206641560504919,0.2254876118079326,0.049686908981374844,0.07212266327150585,1
0.08528460098357259,0.3095160569092325,0.2193849916337552,0.05518922441959051,0.06561521476509043,1
0.0835955573430995,0.29073421509039066,0.25195404865788895,0.06412186292834009,0.075085316894739,1
0.08211030646360014,0.27424699819127746,0.259588812195843,0.05992411793786194,0.07841680191821927,1
0.08084365986930792,0.259337585246533,0.26441248240091114,0.05682479008659901,0.08359260803958325,1
0.0798082525738556,0.24552169625113135,0.2648423332534844,0.04904901092344263,0.08802384845294961,1
0.07901441555754274,0.2324549295645044,0.26360160599101556,0.03833544839082335,0.09179573903971877,1
0.07847007120660503,0.2198786541113764,0.2618943296443792,0.02488349017078252,0.09446140638109593,1
0.07818065292080262,0.20758596075282942,0.26066529127446214,0.01007981709595412,0.095649374402892,1
0.078149049859522,0.1953982378481538,0.2596431578377013,-0.006254991133026974,0.09576077866664436,1
0.07837557751845228,0.18314704927578423,0.2590090767712462,-0.02138804615987003,0.094844849959751,1
0.07885797451468887,0.17065782607580737,0.25900616685943867,-0.035269721886737236,0.09249278648538978,1
0.07959142562198743,0.15773247103475277,0.2587841803883579,-0.046592356291605116,0.08899464642722654,1
0.08056861075915885,0.14412762551043884,0.2571665531093094,-0.055006922922104136,0.08479685426108877,1
0.08177977931349602,0.1295238788295503,0.25158326349146604,-0.05878162247096584,0.07986654375366666,1
0.08321284889326502,0.11347780371522871,0.24333704702202422,-0.06331729681321886,0.07661449609112293,1
0.08485352735682265,0.09534125607650562,0.21175817730257862,-0.05441536671242339,0.0676362544508901,1
0.09891426488380908,0.084526502730141,0.21856922231656836,-0.04941750708495782,0.07420599146650732,1
0.12341446633185241,0.08232685648072172,0.24791406912882902,-0.07087026733633024,0.06437694740406859,1
0.14449171339806652,0.0805602039464012,0.27251937874994664,-0.07615248795285529,0.0590612497036246,1
0.16354473038741904,0.0792618689148049,0.29787412329686397,-0.07370641368754663,0.053178028989140445,1
0.18144615832176433,0.07845782894529547,0.32137798627881736,-0.0643642237512281,0.04657133348270137,1
0.19881031223971174,0.07816417983994256,0.340262688984766,-0.049553352952801756,0.04034398346050186,1
0.2161410825000236,0.07838680173939594,0.35326551205332407,-0.031488345643352136,0.03502852347070188,1
0.23393570981537296,0.0791212366943367,0.360033003298609,-0.01229127833809369,0.030898443037528298,1
0.2527860478677548,0.08035278150584162,0.3608203955420254,0.0062877467752402594,0.02806824037065965,1
0.2735171279440523,0.08205679294867785,0.3561814121256602,0.022814121725875124,0.02653197428051508,1
0.2974311594310182,0.08419919628934688,0.3465100006406637,0.035731838073893366,0.026215541013328153,1
0.3268210471236532,0.08673718314921594,0.3323245619684865,0.0429150967243904,0.027007865747847002,1
0.36624291330367004,0.08962008149201578,0.3143573753099102,0.04169267445552588,0.02849301052758247,1
0.4263855231785611,0.09279037848438104,0.29285773828593453,0.030789526690414036,0.029580643258019387,1
0.5403543086815773,0.09618487556194018,0.26749538439509885,0.01562010432534847,0.028962769913971634,1
0.903780940648349,0.09973595369014704,0.23374087921078107,0.003694123150418166,0.019679510282900596,1
1.1848202980313505,0.10786013162268411,0.2391214201707132,0.0024643685161899035,0.014861645105176723,1
1.1848491069234097,0.12052796232817724,0.24792449692455998,0.0026343958225641386,0.014869134757110995,1
1.184873691522336,0.1331707347432765,0.25458676375180367,0.0026280440834404754,0.014873826665575636,1
1.1848940478190564,0.1457924765354821,0.25949055070497906,0.0024265746687963737,0.014879626345125737,1
1.1849101724939957,0.15839718731718877,0.2630170036809157,0.0020456870034329597,0.014886313586723722,1
1.1849220629176909,0.17098884403366624,0.26552759181184754,0.0015117290321469178,0.014892894844812406,1
1.1849297171510955,0.18357140628786517,0.2673384387935876,0.0008598615065054751,0.014898648718060676,1
1.1849331339460345,0.19614882161705885,0.26868660598342614,0.00013173660431369457,0.01490250459621739,1
1.1849323127452898,0.20872503073598503,0.2696820115060576,-0.000625266391680087,0.014902887795041722,1
1.1849272536828277,0.22130397276111266,0.2702811105617241,-0.0013431368077569076,0.014900103939788066,1
1.184917957583599,0.2338895904304472,0.2703531170172132,-0.0019792590349532705,0.014895742194486354,1
1.1849044259635524,0.2464858353334065,0.269656287756364,-0.0024900535850535437,0.014890460872159098,1
1.184886661029347,0.25909667316520807,0.26787346619696406,-0.002840820834060012,0.014884924597978494,1
1.1848646656779638,0.2717260890204045,0.2646445364042451,-0.003005462736320171,0.01488012510791713,1
1.1848384434962622,0.2843780927403929,0.2595909828944871,-0.002968841952085371,0.014876057514568828,1
1.1848079987603255,0.2970567243299371,0.25233373249849256,-0.0027517384751610786,0.014868512655391363,1
0.9677188032883572,0.3135522375705212,0.23720657233847725,-0.002916835349254,0.01843618188695565,1
0.5793171550542254,0.3167744767756503,0.26989971213100594,-0.01212728634585805,0.02830077128193872,1
0.4527412088631466,0.31985526671723397,0.2944982318112295,-0.024414270854630823,0.029393848228329394,1
0.38541051030037554,0.32273485302291566,0.3153077976776156,-0.03420071593335223,0.02899958200127832,1
0.3412910096280904,0.32535734381178183,0.3319528460444374,-0.03588612020474391,0.0282577270919352,1
0.30854277973821337,0.327671799897951,0.3441560456632133,-0.029912761155485707,0.028065574047226028,1
0.28206621034235263,0.32963323153662316,0.3514726499730045,-0.018573572405835712,0.02880095787073142,1
0.2592739377888413,0.33120348280532363,0.35356418696919395,-0.003953308719329214,0.030571300068416844,1
0.23868577572452757,0.332351986035636,0.35045887309804374,0.012314452432220686,0.033431772785998695,1
0.21935839935970652,0.33305637015755046,0.34197153105017863,0.02882765621914046,0.037345915249077266,1
0.20061407396193545,0.3333029087391016,0.32813757502950547,0.044059389628849636,0.04217740510311829,1
0.18188774585787496,0.33308679629055116,0.30944500449599543,0.05625478597590436,0.04767724164568318,1
0.16261773773864482,0.3324122452735042,0.28708062189830047,0.06362383123138156,0.0533924141670729,1
0.14213768591669831,0.33129240105528873,0.26355266543065486,0.06511350613106731,0.05834797346379316,1
0.11952821804526563,0.3297490772309621,0.24098907400854125,0.060141284028205795,0.06284016176909757,1
0.09335720966764996,0.32781231858099935,0.21259852727048453,0.03985011856938281,0.07222256468226042,1
0.07846074480488231,0.3160385380547272,0.2080918632711809,0.047861093145351585,0.06517526462316665,1
0.07690687399488162,0.29595370834297674,0.24602682304715465,0.05737379448465361,0.0746566718803834,1
0.07554049251252784,0.2783890154921264,0.257434610952588,0.05311136009285947,0.077517887664833,1
0.07437522368596441,0.2625619569702099,0.2654216683126629,0.0507695872311144,0.08246015364111704,1
0.0734226890993695,0.2479424991869227,0.268349229410083,0.04389885317699953,0.0866486776060963,1
0.07269239121866493,0.2341524220232205,0.26899056909704,0.034386853499789795,0.09024110648773837,1
0.07219161714678948,0.22090656030040615,0.2685672058870043,0.022344494144412235,0.09279199195756536,1
0.07192536462246525,0.20797584417737322,0.26802478141756364,0.009069053561685395,0.09394868928534122,1
0.07189629115780212,0.19516188566754272,0.26704397542291697,-0.00555829102925146,0.09406099249801193,1
0.07210468695312412,0.1822773279456054,0.2657735225236643,-0.019138105666042765,0.09317235443336423,1
0.07254847193754052,0.16912816576716386,0.26452383823767545,-0.03158384174899688,0.09092643509898737,1
0.07322321697371578,0.1554948844297885,0.26244532348783145,-0.04166342081411719,0.08760204744154239,1
0.07412218895292502,0.14110888436123992,0.2583484982559053,-0.049121042970833056,0.0836449432031458,1
0.07523641921024454,0.12561906221655966,0.24961820148337902,-0.05208338193700278,0.07895312434243425,1
0.07655479442390405,0.1085397282907844,0.237611090075145,-0.056582653916156855,0.07616305472583942,1
0.0780641689348056,0.08916295022585985,0.20082474795221178,-0.04706567167147375,0.06723026076489871,1
0.09297972574113554,0.0777630651417414,0.20599660383193,-0.03951448132705763,0.07428535987454048,1
0.11911816850110282,0.07573954563306436,0.2357059362566586,-0.061467968192255217,0.06428106357809772,1
0.14149018427321566,0.0741143595507267,0.2594609886493744,-0.066674489736337,0.059806564155209685,1
0.161626294305832,0.07291999485925293,0.2846569333094203,-0.06511424974018365,0.0544097513774773,1
0.18048613068213065,0.07218034409153046,0.3083866177436879,-0.05704060839372064,0.04818159037132402,1
0.19874913399588284,0.07191021135909005,0.32792898122590586,-0.04372541141106911,0.04219728779868966,1
0.21697501942708874,0.07211500495843189,0.34200839625409274,-0.02722000463607216,0.03695672988912487,1
0.2357162935752905,0.07279062466065532,0.3501298413556028,-0.009511125798066651,0.03276345024969335,1
0.2556280411299079,0.07392354718239838,0.3523443928002125,0.0076832800845458024,0.029777084364966674,1
0.2776182455628496,0.07549110717686439,0.34890634961858946,0.02279385497618052,0.02801874494714799,1
0.30311267414032095,0.07746196536170821,0.3398738288705402,0.03408246925722931,0.027409576503893234,1
0.33461259111707653,0.07979675090651303,0.3257010523036228,0.03941667457147101,0.027812216732586433,1
0.3770770560231249,0.08244886216329919,0.3069040527050778,0.036537491852916174,0.02877977173486808,1
0.44212625318393495,0.08536540791531007,0.28382209388359436,0.025407406717226504,0.02935186784125034,1
0.5657293939354325,0.08848826996699959,0.25697595246578825,0.012199917726346491,0.028371683583564844,1
0.9603695594234639,0.09175526660837534,0.22274955874297062,0.0028814459000557845,0.018485330889301307,1
1.2660367637339274,0.10026150159160119,0.23030865492629352,0.0018366035261856617,0.01333289761485764,1
1.2660632700050556,0.11397440590793011,0.24248988786610914,0.00205681953169862,0.013343347017855606,1
1.266085889619573,0.12766001872911242,0.25198382992944485,0.002134463053394558,0.01334744099848396,1
1.2661046188890652,0.14132272653210656,0.25920186334852896,0.0020214595046056834,0.013352254389101884,1
1.2661194547594208,0.1549668853099507,0.2645532744343225,0.0017272430787304684,0.01335847019463122,1
1.266130394811416,0.16859682642622817,0.26842476005806015,0.0012777765943763845,0.013364892165661134,1
1.2661374372611356,0.1822168624008867,0.2711522077977192,0.00070784917369817,0.01337065520455286,1
1.2661405809602266,0.19583129264366983,0.2729820040312622,5.97891538216585e-05,0.013374707293409723,1
1.2661398253960026,0.2094444091511543,0.2740141492562699,-0.0006162476622297343,0.013375618934311172,1
1.2661351706917152,0.22306050218329906,0.2742024798575262,-0.0012501753250185091,0.013373668434347624,1
1.266126617606354,0.236683865935109,0.2734166859691309,-0.0017970796511316623,0.013370309635974551,1
1.2661141675346588,0.2503188042192692,0.2714004945966101,-0.0022130426299426104,0.013366202874272301,1
1.26609782250681,0.2639696361753927,0.267813315650009,-0.0024638733969262324,0.013362195299619423,1
1.2660775851880204,0.27764070202182506,0.2622668621423141,-0.0025234596036849246,0.013359546647981025,1
1.2660534588783496,0.29133636886617065,0.25435165982804203,-0.002383640724388921,0.013357092602936934,1
1.2660254475119659,0.30506103659074224,0.24365718628730643,-0.0021009470123566644,0.013346425907795764,1
1.0249188504064142,0.3219410184726785,0.22385778266351747,-0.0022321337703720425,0.017242089484344168,1
0.6057831404318293,0.324883035121476,0.25603575819927576,-0.009320286577329953,0.02770284956010947,1
0.4693314342305121,0.3276958469213246,0.2812342364742638,-0.019742774180060232,0.029090675766420205,1
0.39690755973429676,0.3303249144114719,0.30324840378219114,-0.029420252129609564,0.029073971508919935,1
0.34960758180914786,0.33271922331243553,0.32082228183004824,-0.03249353022562786,0.028763719595025203,1
0.31464266538580077,0.3348322792346694,0.33337194545546095,-0.02832686312979075,0.028929161316884014,1
0.2864993143132795,0.33662301742312095,0.34054397479660503,-0.018717357541378276,0.02994448044253054,1
0.2623752939027864,0.3380566101559579,0.34202209438383063,-0.0056284905368179814,0.03192139480628882,1
0.24066292711653917,0.339105155638155,0.33806533268656236,0.009231518758298593,0.03491744660319518,1
0.22033355451858966,0.33974823357379597,0.3287530698045179,0.024350323422883347,0.038883724931853346,1
0.20064485051459105,0.3399733143760934,0.31427570182086617,0.038220410581354,0.04365017753216102,1
0.1809759348926643,0.33977601153904835,0.29522631516573516,0.04918869603943913,0.04894596319765369,1
0.1607095659873068,0.3391601702463696,0.2727872938175425,0.0555791929315524,0.054352172877511186,1
0.139115674863686,0.3381377896900161,0.24942942769532017,0.05643401812809873,0.05892039699737227,1
0.11519142927697468,0.33672878131715234,0.22765280300740573,0.05169681924233947,0.06268875236912431,1
0.08738099639552935,0.3349605696624798,0.19874876497947183,0.030941958000983778,0.07228635955919328,1
0.0716367627601953,0.3225611395073611,0.1961621507008277,0.041319890461050106,0.06481218102986003,1
0.07021806924468832,0.3011732963312164,0.23928383471716036,0.051328091967304056,0.07428904453499544,1
0.06897055915822532,0.2825311080721649,0.25449820608252266,0.046951218650069425,0.07675132942560571,1
0.06790666853000031,0.2657863879990847,0.26554878759569067,0.04524600118869367,0.0814873976140624,1
0.0670370062133585,0.25036334739229,0.27091453199896465,0.03918943931446161,0.0854700163318515,1
0.06637024668699068,0.23584994675424967,0.273373390815748,0.030761415523251345,0.08890779760960944,1
0.06591304214877253,0.2219344862893896,0.27417999805955623,0.02000702979917447,0.09136027310598803,1
0.06566995492307244,0.20836573516867718,0.2742848883413087,0.00813197911266633,0.09249194660977617,1
0.06564341100175092,0.1949255288960009,0.27334264223380506,-0.004924232863474498,0.0926056434432265,1
0.06583367530346809,0.18140758982201635,0.27147240222297303,-0.017079764476020633,0.09173945732444728,1
0.06623884897040601,0.16759847627146848,0.26902803433382455,-0.028213085269472627,0.08958495036153903,1
0.06685488873760617,0.15325725580545016,0.2651560894084164,-0.03716983511329107,0.08641079425525935,1
0.06767564812414906,0.13809008747596646,0.2586397504820923,-0.04376706468890476,0.08265890908280217,1
0.06869293992405938,0.12171417447994319,0.24685999224938002,-0.046041622325469225,0.07817699802387766,1
0.0698966192311946,0.10360156332952375,0.23107086924072423,-0.0505605437409959,0.07577895837909733,1
0.07127468602312813,0.0829845310898124,0.18925381066232821,-0.040533501369515855,0.06690286658620574,1
0.08704513753574544,0.07099957163785925,0.19243268750307202,-0.030597855995898884,0.07432823892114526,1
0.11482182139117461,0.069152159227966,0.22263941325916256,-0.052805612256724824,0.06415410265467461,1
0.13848861142701133,0.06766842126256292,0.24561361969865658,-0.057764217029407074,0.060433327149496105,1
0.159707825371273,0.06657801219991882,0.2706829975313314,-0.05690582841190217,0.05542864191103519,1
0.17952608496922168,0.06590274105918688,0.2945227820274129,-0.049903812223202434,0.04952757009263584,1
0.1986879545609869,0.06565612112094736,0.3144743630187189,-0.03793361773636781,0.043751112849307855,1
0.21780897218249032,0.06584308913717822,0.32924523890565066,-0.022907211622601273,0.03856979055769781,1
0.23749690834588486,0.06645990237293477,0.33821202003909334,-0.0066989963863969375,0.03431497264754531,1
0.2584700769062467,0.06749421668220118,0.34124100181868566,0.00898037807028876,0.03118275682212362,1
0.28171941204229295,0.0689253431815832,0.33823679682707286,0.02245121180210889,0.02920130349875433,1
0.30879423825799407,0.07072467584483362,0.32922021757525105,0.031929732607793096,0.02830129817243002,1
0.3424041805156848,0.0728562782184776,0.3144926055111884,0.0354136219993726,0.02833600350829929,1
0.387911241308339,0.07527761465991187,0.29456174548458663,0.03121208090711768,0.028861321188288692,1
0.4578670417363468,0.07794040972934901,0.27018527680349985,0.02040757672416885,0.029061510204258255,1
0.5911046317335878,0.08079161810331614,0.24290298031993238,0.00931140631396073,0.02780604446745279,1
1.0169588401189937,0.08377448617603593,0.20961196877133198,0.002212328438940156,0.017322148700941162,1
1.3472592714892129,0.0926623062647655,0.21985540680252794,0.0012896328439398793,0.011843707444913826,1
1.3472834739983588,0.10742036201783754,0.23560346523072517,0.0015381707873818515,0.011856993463346944,1
1.3473041276549433,0.12214889287031759,0.248102593646495,0.001679443193707177,0.011861386299750459,1
1.347321229091177,0.13685264414083748,0.2577914383328541,0.001639712379489909,0.011866126371176655,1
1.347334775518532,0.1515363282351055,0.2651024694982174,0.0014216981255094818,0.011872523975716776,1
1.3473447647281611,0.1662046309668772,0.27044132555080025,0.0010495908265814836,0.011879242428565369,1
1.3473511950912214,0.18086221780480882,0.27415690053422026,0.0005567207803138462,0.011885317610155027,1
1.3473540655591827,0.19551374006273853,0.276497948246314,-1.47555707157524e-05,0.011889717875503665,1
1.3473533756639848,0.21016384105068026,0.2775474230432157,-0.0006126638609201456,0.011891151988787875,1
1.3473491255181291,0.22481716220363954,0.27725863924863764,-0.0011658582390895755,0.011889862271740003,1
1.347341315814679,0.23947834920523148,0.2755073693402291,-0.001627949299975266,0.011887170283503784,1
1.3473299478269884,0.2541520581230403,0.2720287106929478,-0.001955667345211668,0.01188373080203421,1
1.347315023408761,0.2688429615728495,0.26646469102150966,-0.0021165826270553474,0.011880506650137842,1
1.3472965449935863,0.2835557549287519,0.25840461391078634,-0.0020862312312459556,0.011878935185226237,1
1.3472745155944774,0.2982951625966166,0.247412493464616,-0.001863907598906855,0.011877046144008831,1
1.347248938803542,0.31306594436861346,0.23304745843952,-0.0015371571504285534,0.01186354183245656,1
1.082119753919601,0.33032992497108676,0.20845446813052837,-0.0016687704664489797,0.01607817959403107,1
0.632249398129311,0.3329916768997354,0.23896910001083527,-0.006975171336594943,0.027130589900631222,1
0.48592179276771047,0.3355364900618004,0.26379946638480734,-0.01548981136503148,0.02876517513240389,1
0.4084046970071224,0.3379150337890489,0.2866775068961697,-0.024596902514248745,0.02900703182953282,1
0.357924225458555,0.3400811660773,0.30541757875826664,-0.028689669397461932,0.029041710078452212,1
0.32074261436585777,0.3419928329155387,0.3188442746821626,-0.026241067933645924,0.029524298145822123,1
0.29093247391411065,0.34361289102268416,0.32644004784725883,-0.01845104689672048,0.03080672080905269,1
0.26547669558105236,0.34490983819097365,0.32806393567681896,-0.00706162417270514,0.032992848693591995,1
0.24264011109502262,0.34585843654320175,0.32382196775536437,0.006272891187764442,0.03612180491310962,1
0.22130872690858328,0.34644021523607554,0.314126646774961,0.01997332689315312,0.040147106193579606,1
0.20067562762435495,0.3466438407625511,0.299318073676746,0.03252909689483445,0.04487128568846785,1
0.1800641077674349,0.3464653453405416,0.28009278520717495,0.04237117462502379,0.0500014705261205,1
0.158801362597491,0.34590820710335257,0.2576441187036968,0.04792266092584255,0.05514739657845366,1
0.13609361901335942,0.3449832797985624,0.23439945368444084,0.04827276508282587,0.05941129642598814,1
0.11085458545475553,0.34370857400809185,0.2133503110392472,0.04389621288409742,0.0625296661732589,1
0.08140472026341544,0.34210889593187277,0.18383302428990314,0.02292385835222508,0.07230444214810257,1
0.0648126739133033,0.32908384304528887,0.1836795180664,0.03545351601579833,0.06452004708620318,1
0.06352916094689307,0.30639296512250647,0.23181983512614443,0.04584931065369463,0.07396367162098408,1
0.06240052350807391,0.2866732651458333,0.25089687994261295,0.0413321849095192,0.07610188829535139,1
0.06143801106802981,0.26901087002523827,0.2649212426306004,0.04014896690123024,0.08065435768874149,1
0.06065122033686,0.2527842346419297,0.2726733045959829,0.03483606461288975,0.08446693895690681,1
0.06004799825642319,0.23754749938261124,0.2768941738308684,0.02739556152848764,0.08777344920482376,1
0.05963436244684915,0.22296242942045794,0.27888346542725356,0.01783087987456357,0.09014320276592187,1
0.059414440033695316,0.20875563271632638,0.2795994782317766,0.007253543519415146,0.09125586339802425,1
0.05939042560024594,0.19468916814621504,0.27869306013975165,-0.004341006988467406,0.09137144043428244,1
0.05956255879557046,0.180537837155447,0.276256972367846,-0.015175588495084956,0.09052306483132677,1
0.05992912188785844,0.16606876153428893,0.2726638988777087,-0.025095933747477976,0.08844577827243245,1
0.060486457294988874,0.15101959091761755,0.26705319323727644,-0.03302808334889261,0.08539957896796056,1
0.0612290048647892,0.1350712426243291,0.25816966744458997,-0.03883992215352564,0.08181814169140786,1
0.062149358431147654,0.1178092257504242,0.2434287352608334,-0.04054256902943187,0.07752170780982401,1
0.06323834095094637,0.09866332191138764,0.22381618017806595,-0.04511385876430373,0.07544306920488703,1
0.0644850973365562,0.07680601569877166,0.1771305713405664,-0.034702863287531166,0.06664650704809813,1
0.08111050759976556,0.06423603057472546,0.177778957650144,-0.022625352877660793,0.07432594760878132,1
0.110525432088386,0.06256470813054485,0.20858640863990552,-0.04478753007516879,0.06403203504319423,1
0.1354870009527578,0.06122240216740304,0.2308468336284947,-0.049375442345298226,0.06097376945736202,1
0.15778932805715717,0.060235935724806004,0.255830881560458,-0.04907072147957556,0.056278245893539795,1
0.17856602360856122,0.0596250357084058,0.2796934639496509,-0.04299411306049307,0.05065359380729379,1
0.19862677409402382,0.05940192537931523,0.2998434610963514,-0.03226918460847351,0.04504495118486736,1
0.21864293864471254,0.0595710702309108,0.31495745919846696,-0.018683288166576398,0.03990047881906877,1
0.23927754991526368,0.060129084805951145,0.32429144281445077,-0.004017650892116865,0.03557824469973477,1
0.26131214929359176,0.061064803359593,0.32752713512008014,0.010003637939584198,0.03230015393666618,1
0.2858206203896348,0.062359512157872984,0.324262867958828,0.021663466399626786,0.030096669032426047,1
0.31447584444220134,0.06398733644479551,0.31466167000263134,0.02925636809132647,0.02892189798325253,1
0.3501958082697874,0.06591577136472063,0.2988990960525678,0.03100960253860728,0.02862957910747668,1
0.3987454622178633,0.06810634357646374,0.2777100123121513,0.02590021526415304,0.028804650452378507,1
0.4736078787668385,0.07051538867606655,0.25253883719914105,0.015898310485589352,0.028755309269659326,1
0.6164799943286706,0.07309492838704093,0.225919260634774,0.006920756725533025,0.027267966960981483,1
1.0735486551694249,0.07579363038367976,0.19470840194817557,0.0016652169482426643,0.01618437130832046,1
1.4284866218924397,0.08506265785874648,0.2080433820362877,0.0008076628416269428,0.010396543244906267,1
1.42850851978055,0.10086592742081249,0.22750762705589,0.0010653109277386091,0.010412568815178751,1
1.428527206746188,0.11663743851795692,0.24314906186774068,0.0012525615113450613,0.01041795477789065,1
1.4285426797423515,0.13238229533600876,0.2554343515110656,0.0012733158621100879,0.010423320822069088,1
1.4285549362460903,0.14810556671868658,0.2648152487351953,0.0011232016054974446,0.01043039856983029,1
1.4285639742589444,0.16381229295513225,0.2717102110672395,0.0008234430848686757,0.01043775454153077,1
1.4285697923071994,0.17950749248782205,0.2764740428964757,0.0004049243413272843,0.010444352606782614,1
1.4285723894422409,0.1951961685597385,0.27935039034327847,-9.120182586112234e-05,0.010449180199565365,1
1.428571765240535,0.21088331581931852,0.2803977750181877,-0.0006115692204051611,0.01045107916208867,1
1.428567919803923,0.22657392690162137,0.27957157242532216,-0.0010850667299914225,0.010450246094920198,1
1.4285608537593655,0.24227299900385346,0.2767596945958509,-0.0014647083559673132,0.010447871942627713,1
1.4285505682590411,0.25798554047360395,0.27169512159602566,-0.0017088688082196168,0.010444605073114073,1
1.4285370649800362,0.27371657742795685,0.2640090178640616,-0.001788036131963865,0.01044148021833743,1
1.428520346124133,0.28947116042198723,0.25327406033026106,-0.0016808682861965602,0.01044004534074364,1
1.4285004144174132,0.30525437118527116,0.23903141594402802,-0.0013945780447541134,0.010437786880819859,1
1.4284772731098399,0.3210713294454216,0.22080880479765255,-0.001043563301565847,0.010421543053984938,1
1.1393213584753068,0.33871893428220584,0.19132787659343417,-0.001210073742207103,0.014940102789668997,1
0.6587158812053646,0.341100387728715,0.2192842693442629,-0.0050587927451183285,0.02658138158152273,1
0.5025122626308042,0.3433771858151609,0.24274732084686929,-0.01172966460984636,0.028445916600635893,1
0.4199019083745281,0.3455052020819987,0.2659081380731433,-0.019883717882225455,0.028853434490429715,1
0.36624092987164875,0.34744316263054215,0.28581361906306124,-0.02457153317998413,0.029141068934324433,1
0.32684261755688915,0.3491534502331071,0.30050848524610335,-0.023646545881966817,0.02988806543386034,1
0.2953656813982603,0.3506028401210682,0.30910091353905744,-0.017670409340669095,0.03141068745056982,1
0.2685781366497619,0.3517631532678142,0.31147396608643724,-0.008096441513579659,0.03380153150324353,1
0.24461732333281008,0.3526118139709045,0.3075259319595732,0.003579539181077177,0.03706944301304598,1
0.22228391426993777,0.3531322996371524,0.2978885533578653,0.015802885913757815,0.04116549897721153,1
0.2007064052185148,0.35331447213219475,0.2830593275114732,0.02704843909370099,0.04587430173649699,1
0.17915226660031325,0.3531547821558924,0.2638370605263233,0.035818852329656495,0.05088024922108539,1
0.15689313176598924,0.3526563410031737,0.24144759586581022,0.04063057555041419,0.05581305575722332,1
0.13307152442624035,0.35182885765278316,0.2182772554456044,0.040585662409089916,0.05984447115119938,1
0.10651769422964195,0.3506884429900904,0.19791638272338843,0.036658391881771904,0.062393590745243616,1
0.07542839030306947,0.34925728658613814,0.16771268814425008,0.01579328728964674,0.07226628835737312,1
0.057988493663131864,0.33560663394967677,0.17070474267897817,0.03017860811541484,0.06429180520703268,1
0.05684016361839916,0.311612703388626,0.22371261955093605,0.040821898390319626,0.07366362938978603,1
0.05583039955036058,0.2908154778940521,0.24672467822044708,0.036162036818750506,0.07555560769872381,1
0.054969264992490295,0.27223539622328247,0.263643782000639,0.03539124354759742,0.07994324129526681,1
0.05426534501199494,0.2552051558019471,0.2737346237147133,0.030767542955241478,0.08362061005726319,1
0.05372565940302389,0.23924507628991296,0.27966903786398173,0.024236394283487724,0.08681827111682704,1
0.05335559149411863,0.2239903874910767,0.2827988606020816,0.01578271689061866,0.08912048781170992,1
0.05315883340211472,0.20914553598213872,0.2840921878594714,0.006421498311628231,0.09021995018445152,1
0.053137348400766324,0.19445280392649547,0.28321883088249955,-0.0037990615842696616,0.09033790423396466,1
0.053291350880281044,0.17966807181141733,0.28024871646568833,-0.013394536117411388,0.08950288696029454,1
0.0536193041575748,0.164539024820693,0.2755481771938504,-0.022181003420748545,0.087489021447564,1
0.05411793616592195,0.14878189451681037,0.26824681588773236,-0.029167625906749903,0.08454930519183672,1
0.054782272819809415,0.1320523561960126,0.2570442819582007,-0.03425165640526721,0.08110427977391793,1
0.0556056886297745,0.11390422432193363,0.23942107644894944,-0.03549135359373342,0.07697225958468794,1
0.05657997394338212,0.09372501468691402,0.21592930193282792,-0.04012586034571553,0.07513823850764012,1
0.05769541801762774,0.070627417832424,0.16451824230689693,-0.02948625841779912,0.06645258848616405,1
0.07517584187365821,0.057472448722528234,0.16191599330583079,-0.015587441089693777,0.07426923168784674,1
0.10622900638252528,0.05597720121800994,0.193392859429034,-0.037335928001821644,0.06394450358423695,1
0.13248535786175122,0.05477631302710863,0.21498030029928478,-0.04147005951603685,0.06145183228305898,1
0.15587080606,0.05389377765367986,0.23989837151238802,-0.04159278367120264,0.056994713321509544,1
0.17760594861023193,0.053347241182838775,0.2636915276832737,-0.03633817185742826,0.05159634879370955,1
0.19856559272689683,0.05314763761820891,0.2838295614756298,-0.0268054816575417,0.046112159272441826,1
0.21947691705516542,0.05329896146548188,0.29893894525803777,-0.014663841252014458,0.04097749742121359,1
0.24105821480124812,0.05379818434009275,0.30816175761484005,-0.0016156156740825655,0.036576707746848805,1
0.26415425343330723,0.05463531820591539,0.3109791962299737,0.010607104294947559,0.03314474453091977,1
0.28992186488573696,0.0557936232617889,0.3068976869056379,0.02035046845842231,0.030727842771186988,1
0.32015748673706135,0.057249954224164006,0.29616282532940413,0.02607520462615442,0.029307792129580075,1
0.357987468717281,0.05897523538884452,0.2790554530259197,0.026328908333509277,0.02874332219664271,1
0.40957971324174536,0.06093505256004401,0.2567385185082144,0.020772805386169973,0.028665374350358448,1
0.4893487563901608,0.06309034847497048,0.23150135843872674,0.011951654253982046,0.028460230636879174,1
0.641855460318164,0.06539820730984713,0.2066228651944793,0.004985976395518738,0.02675326181387419,1
1.130138907809895,0.0678127128780455,0.17834026792623842,0.0012215090303327332,0.01506858574240363,1
1.509717913294025,0.077462640732069,0.1950949543508598,0.00037790297806909647,0.008996077436553207,1
1.5097375059011362,0.09431117485917484,0.2183968822732849,0.0006283295574563736,0.009014680150394392,1
1.509754225612715,0.11112571682912502,0.23728843632824284,0.0008463858336496948,0.009021571414880443,1
1.5097680697025702,0.12791172971548298,0.25226916068837413,0.0009169191678970392,0.009028088967260308,1
1.5097790359134313,0.14467463882038947,0.2638082270668023,0.0008282007081508794,0.009036216258600306,1
1.509787122457229,0.16141983892866574,0.2723316201386625,0.0005974658022879957,0.009044451964948479,1
1.5097923280154462,0.17815270147683204,0.278193098251842,0.00025226920689648725,0.009051702089002378,1
1.509794651739296,0.1948785816571595,0.2816235618981816,-0.0001680365004092556,0.009056969423801344,1
1.5097940932499136,0.21160282547664974,0.28264976004487236,-0.0006097829366742051,0.009059224290765566,1
1.509790652638334,0.22833077679051192,0.2812321123649982,-0.0010030394026715292,0.009058608353032363,1
1.5097843304655691,0.24506778432970824,0.2772769610218159,-0.00130113613984041,0.009056185086311277,1
1.5097751277624558,0.26181920874198417,0.2705219652963507,-0.001465069079067826,0.00905260276221528,1
1.509763046029524,0.2785904296659851,0.26059394215905324,-0.001469287933530261,0.009048943088772654,1
1.5097480872367024,0.2953868528581038,0.247054073792574,-0.001296858287742991,0.009046818629141723,1
1.5097302538230164,0.31221391739206433,0.22942255035953776,-0.000963280194488787,0.009043385548249594,1
1.5097095486962961,0.3290771029515329,0.2071908173296749,-0.0006058011994537254,0.009024466916829517,1
1.1965235441535975,0.3471080288189519,0.172741448012186,-0.0008407778918574032,0.01382546086638272,1
0.6851825529212006,0.349209156352505,0.19752226594626213,-0.0035324321465359434,0.026049523246629423,1
0.5191028265056196,0.35121792599868407,0.21868206897691153,-0.008511403349547133,0.028147355974775447,1
0.4313991828175446,0.35309541201587036,0.24131688884222507,-0.015431350318359271,0.02865612377901209,1
0.37455768637991704,0.35480520529874654,0.26208285148020855,-0.020268525514500434,0.029108141063426615,1
0.3329426675087886,0.3563141224419023,0.27819540135283943,-0.020576945809536073,0.030058019705053885,1
0.2997989303936273,0.3575928546712299,0.2882181085829961,-0.01632250216341926,0.03178298457106139,1
0.2716796120022081,0.3586165441021096,0.2918156741436198,-0.008611448815082488,0.03436546157811117,1
0.2465945602364224,0.3593652756473437,0.2887644657541859,0.0012847649197846945,0.0377825241540882,1
0.22325911472147394,0.3598244738677584,0.2796506522836083,0.011939804637713677,0.04196417321677258,1
0.20073718323644563,0.3599851953490146,0.26514358690067436,0.0218386582107631,0.04668733688789755,1
0.17824041315477696,0.3598443090480175,0.24613852781530016,0.029549851351416974,0.05161255745571794,1
0.15498487697876984,0.3594045596183248,0.2239158322837099,0.03368623980911661,0.056378665017010665,1
0.13004939611680438,0.3586745118940098,0.20083310082288014,0.03334555322288382,0.060237470325482274,1
0.1021807618977077,0.35766837813012387,0.1811692332979441,0.02992171445046631,0.06230687234603783,1
0.06945201389507812,0.3564057327972269,0.15024041651550032,0.009577373773888148,0.07216234144150858,1
0.05116423458403258,0.3421295002015204,0.1572797409963917,0.025433425802575522,0.0641182605505217,1
0.050151089183654636,0.3168325018243654,0.21502727174560682,0.03614375733938134,0.0733740615434117,1
0.04926019883414669,0.29495773903558276,0.24205663081497802,0.0313628555408091,0.07509985737246383,1
0.04850044165674912,0.2754599609338235,0.2618034825447231,0.03089986751161489,0.07933847214959469,1
0.047879391506387904,0.2576261066007241,0.2741873524843332,0.026923112791636176,0.08291417121863445,1
0.04740324136891555,0.24094267445759748,0.2817921373222461,0.021239270691352483,0.08602489958946748,1
0.047076740533601474,0.22501835866054054,0.28602429056841455,0.013834568811559022,0.08827443816250163,1
0.04690314627753336,0.20953544426496773,0.28786306405855877,0.005625798991556304,0.08936634644354226,1
0.046884190653421386,0.19421643666209426,0.28701990892801477,-0.0032906586275512646,0.08948720230199757,1
0.04702006280221626,0.1787982953494672,0.28354572967737207,-0.01171057432201014,0.08866128806775178,1
0.047309407020462414,0.16300926885590158,0.2777752635822428,-0.019424773005594472,0.08669729761763992,1
0.04774933660776304,0.14654417055850671,0.2688264203602435,-0.02552792878443645,0.0838429700130292,1
0.04833546331365433,0.12903343349404853,0.2553514488465294,-0.029927985434895995,0.08050122197054425,1
0.049061942007589045,0.10999917704984294,0.23491467397327756,-0.03080730093169615,0.07651516809888237,1
0.04992153001988094,0.08878665041624181,0.20747954519209144,-0.03549383772581411,0.07484941740947565,1
0.05090566045015527,0.0644487487600202,0.15146325151415296,-0.024817228690089434,0.066310336554115,1
0.06924114522144238,0.0507088316246617,0.14473154892989298,-0.00950073987593472,0.07415004149213751,1
0.10193254905039964,0.04938964581441446,0.17689234493388487,-0.03039490970053286,0.06391559402548488,1
0.12948368631324336,0.04833016277375461,0.19778856647646817,-0.034026341554271894,0.061885543087060145,1
0.15395226246105612,0.04755154817240241,0.22260160547216462,-0.03446226965138932,0.05760873035606782,1
0.17664586165417082,0.047069368467360075,0.24619198703213035,-0.0299629388354705,0.05238659614683439,1
0.198504410569953,0.046893269117744676,0.2660716460375361,-0.021611595699844735,0.04698111391347642,1
0.2203109059437565,0.04702677389702507,0.28079909188581353,-0.010957374607671067,0.04182585716580706,1
0.24283890009990533,0.04746721129988435,0.28941084420091445,0.00036815244181520997,0.03733121815738345,1
0.266996385290051,0.04820577035002121,0.29115478368839975,0.010678694870502683,0.03373596803820092,1
0.2940231408077462,0.04922768405439484,0.28583086908396127,0.018476531650376174,0.03112112691855953,1
0.3258391602603618,0.05051253497235056,0.2736133868487365,0.022444435581800773,0.029495580684630904,1
0.36577915725826154,0.05203467438828333,0.2551177694989837,0.02152536880824162,0.02872469030925373,1
0.4204139899506068,0.05376374454249766,0.23211137233264637,0.015990785430723565,0.02848659326344984,1
0.5050896683432207,0.05566529208038842,0.20773302274493263,0.008609451618935275,0.028188929155512545,1
0.6672310129289121,0.05770145995925799,0.18555116446657935,0.003459867336283123,0.02625526501579471,1
1.1867295233093709,0.059831744198442775,0.1607389594836,0.000864739091656949,0.013973237206473392,1
1.5909524548009852,0.06986231952483456,0.18118259931432973,-1.063684695595564e-05,0.007647949431277303,1
1.5909697416110153,0.08775616007274663,0.20842677459709402,0.00021917510477885964,0.00766886744478747,1
1.5909844936281885,0.10561377466679453,0.23065390123953516,0.0004551177032466016,0.007677642642936281,1
1.5909967084472127,0.12344098528505655,0.24840679333342194,0.0005666350284507684,0.007685716674606887,1
1.5910063840764375,0.1412435737047573,0.2621730656679921,0.0005344536675662723,0.007695169162638785,1
1.5910135189382821,0.15902728922298479,0.2723823491280825,0.0003709033609763167,0.007704450556579585,1
1.5910181118693898,0.17679785628680397,0.2793809695557013,9.942051972489869e-05,0.007712414420110143,1
1.5910201621208901,0.19456098205425532,0.28337961398813744,-0.0002431925454346515,0.00771807344868544,1
1.5910196693584915,0.2123223639073277,0.2843662556098986,-0.0006039102875203978,0.007720522119009831,1
1.5910166336625515,0.2300876969378344,0.28230959763412977,-0.0009151544206169587,0.007719840227350291,1
1.591011055528038,0.24786268142692144,0.2771407203700274,-0.0011314939794119176,0.007716970323215101,1
1.5910029358644495,0.2656530303389819,0.2686087225215292,-0.0012174781306061137,0.007712574185734974,1
1.590992275995712,0.28346447685075066,0.25634213528913685,-0.001152446987334153,0.007707770277340415,1
1.5909790776598638,0.3013027819365487,0.2398944908430801,-0.0009250202092164807,0.007704205772103575,1
1.5909633430089438,0.31917374203097887,0.21876410982630762,-0.0005592554532630328,0.00769889975706008,1
1.5909450746084488,0.33708319679055515,0.19239581844209538,-0.0002109733574233487,0.007677425381082353,1
1.2537262169103454,0.35549719478911534,0.1528975698772328,-0.0005467991536178696,0.012733372996126261,1
0.7116493841115209,0.3573179738355477,0.17415796547626278,-0.00235290757171714,0.025528665439025648,1
0.5356934704914645,0.3590587040428726,0.19225686788510438,-0.005859242110014783,0.02787372443506617,1
0.44289651139887887,0.36068565769049016,0.2134027472145675,-0.01138418313363872,0.02844619165569361,1
0.38287448788885947,0.36216728780181756,0.23439296898660456,-0.015945887990113528,0.028984547202442354,1
0.33904275807678547,0.36347484232876376,0.2517458782042075,-0.0171235380499697,0.03007037274670296,1
0.304232215610745,0.3645829263331269,0.2633689264324371,-0.014411138477889284,0.03195203326364143,1
0.2747811173778805,0.36547000127930257,0.26847175446121424,-0.008524724947930348,0.03470591807851061,1
0.24857181879686732,0.36611881129497387,0.26693307479653205,-0.0004874866026199466,0.03828028266503882,1
0.22423432668451868,0.3665167270944646,0.2588395046729543,0.008485653451626475,0.04256513825517109,1
0.20076796162724025,0.3666559993807823,0.24505299100447467,0.016967501651133983,0.0473345150518109,1
0.17732854891086272,0.3665339151590502,0.22655089614089013,0.02359532437180839,0.05222414756019427,1
0.15307660115534583,0.36615285262444386,0.20468203524813863,0.027090435362100394,0.056869907876362924,1
0.12702723826982834,0.36552023304297726,0.18179698584954468,0.02654937130120035,0.06060342386846512,1
0.09784379368730826,0.36464837101359543,0.16292765601086426,0.023647440423753045,0.0622911631234496,1
0.06347559712969945,0.3635542272804787,0.1313060728560533,0.0043265260617103745,0.07198508470999954,1
0.04433990704501469,0.34865243188975614,0.1434353391824734,0.021170820513663927,0.06398563315379197,1
0.043461947528627934,0.3220523527152457,0.20582076377431963,0.03172024200662756,0.07308131641774694,1
0.04268993097873557,0.2991000425058182,0.23695306640491215,0.026866956684779113,0.07472249024712546,1
0.04203155055411829,0.27868455942465126,0.25947447286854824,0.026613455791707246,0.07882591167696523,1
0.04149336927144516,0.2600470834551762,0.2741053222275396,0.023250100225497006,0.08233205976441463,1
0.04108075360676069,0.2426402913475826,0.28334061261159166,0.018365885967727577,0.08537788277168487,1
0.04079781903417839,0.22604634137860874,0.28863963654348385,0.011962636427302218,0.08758961227259844,1
0.04064738814223973,0.2099253569737969,0.2909935702584449,0.004858147992171699,0.08867952448211311,1
0.0406309618421579,0.19398006671150153,0.2901776173280281,-0.0028095375577863076,0.088803852241703,1
0.04074870403427653,0.1779285090834067,0.2862276494499614,-0.010101612466595782,0.08798293754992119,1
0.04099943993260954,0.16147949593242394,0.2794221516497048,-0.01678977488407035,0.08605524232970155,1
0.04138066806951395,0.1443064223627865,0.268865928660098,-0.02205618945321982,0.08326500140029676,1
0.04188858582342643,0.1260144789563892,0.25316566132997964,-0.025805677563352638,0.07999438396696822,1
0.04251812814254567,0.10609408964989395,0.2299725945149509,-0.02642004317722729,0.07613767638472388,1
0.043263018984454685,0.08384823637070676,0.19852800802217324,-0.031122990516233844,0.07456277560760852,1
0.04411583486010202,0.05827001778717128,0.1380039554912195,-0.020642995271537314,0.06620452931411962,1
0.06330642166394945,0.04394518386356113,0.12616629372126129,-0.00440141758479713,0.07396244215295868,1
0.09763606406809032,0.04280204801609662,0.15892112319071477,-0.023935176330263385,0.06396358334753448,1
0.12648198978814076,0.04188395888265957,0.17900545853483057,-0.027046706302671898,0.06228884858451971,1
0.1520336998492121,0.04120925583919005,0.203569993317063,-0.027686863932889914,0.058147058405142525,1
0.175685764155279,0.040791426813796806,0.22674180614567527,-0.023907122065072527,0.05305084732910032,1
0.19844322771621073,0.040638829386733966,0.24604639949286297,-0.016761869506899087,0.0476765683126309,1
0.22114490407206336,0.04075451683935852,0.2599670376113737,-0.0076690699961314045,0.04246748433265138,1
0.24461960337030084,0.041136174363716964,0.26745420232353456,0.0018189672280769175,0.037857229170793275,1
0.26983854148448494,0.041776167436743054,0.2676658154307257,0.01015221391717585,0.03409610297507457,1
0.2981244442211872,0.04266170083457641,0.26074880488310503,0.016061490040174476,0.03130773238180823,1
0.33152086097204164,0.043775083480121456,0.2469471587004445,0.018479878947063377,0.029522437582140054,1
0.37357087011709633,0.045094091726236366,0.22735199152756383,0.016783094354306964,0.02861640625776997,1
0.43124828874313603,0.046592421907568,0.20441168790420275,0.01170044577821624,0.02829887460882689,1
0.5208306095883506,0.04824022186860993,0.18192162375024565,0.005884801592124734,0.027944004080500625,1
0.6926066388296725,0.05000469037881973,0.16315875985176062,0.0022916421006415515,0.02576716793814293,1
1.243320443036922,0.05185073261358606,0.14207537648669696,0.0005802279986248477,0.012898166920875627,1
1.6721897080973716,0.06226174460199652,0.16643801101750394,-0.0003675757483449989,0.006358201133206316,1
1.672204688700523,0.08120092649222323,0.1977209489152295,-0.0001691208075194883,0.006381099001781235,1
1.6722174726736505,0.10010164854544853,0.22335267226281136,7.38924300048196e-05,0.006392048818944846,1
1.6722280579323003,0.11897009165813952,0.24393622451413924,0.00021949198763425388,0.006401996168087513,1
1.6722364427505914,0.13781239409640236,0.2599821219463022,0.00024061699278927733,0.006412972037116123,1
1.6722426257613914,0.1566346596833011,0.2719215595252597,0.00014381192140119637,0.006423395949389861,1
1.6722466059565664,0.1754429658901156,0.2800879276102121,-5.2308735093245024e-05,0.006432070275444894,1
1.6722483826871386,0.1942433718542665,0.284664671178811,-0.00031418270379900197,0.006438012430369648,1
1.6722479556634349,0.2130419263463405,0.285594569903596,-0.0005904053840816122,0.006440438030809515,1
1.6722453249550622,0.23184467570833467,0.2828579085390678,-0.0008169119001274002,0.0064393622661758345,1
1.6722404909909603,0.250657671785194,0.27641664381273234,-0.0009504038871862607,0.006435617016685237,1
1.6722334545593047,0.26948697987159104,0.266037773002801,-0.0009598404408422173,0.006429896726782727,1
1.6722242168073775,0.28833868669603147,0.25135679360972496,-0.0008302648362420486,0.006423356020323055,1
1.6722127792413588,0.30721890846452,0.23192166276227222,-0.0005569250458036419,0.006417654701839984,1
1.6721991437261936,0.3261337989863398,0.2072044419606849,-0.00017271137245167045,0.006409857078461876,1
1.6721833124849916,0.34508955790477613,0.17658610809220787,0.00015267085646572613,0.006386019918081473,1
1.310929301955276,0.3638864212241746,0.13194625764695675,-0.0003160802827025728,0.011663925139779218,1
0.7381163513286232,0.3654268329940093,0.14957560796113836,-0.0014737192985915268,0.025013215647648517,1
0.5522841832993977,0.3668995146125461,0.16413888774928792,-0.003770782719421365,0.027622628367056586,1
0.4543938867935772,0.3682759342701095,0.18281171821302086,-0.007869880167679474,0.028243550008971594,1
0.3911913285362412,0.36952940495047026,0.20308996326566375,-0.011798001951751041,0.028805823313094787,1
0.3451428841475777,0.37063560389132516,0.22112982844736667,-0.013440503117882252,0.02996060953851171,1
0.30866553262215973,0.3715730481258905,0.23421603427477092,-0.012003686082701368,0.03195110341681412,1
0.2778826491941092,0.3723235168827221,0.24104244171273612,-0.007816810792464681,0.03484666144388817,1
0.25054909647544155,0.37287241224261186,0.24128867582886127,-0.0016498813244350244,0.03857642470980793,1
0.22520954882443703,0.3732090501585237,0.23470518362939205,0.005540333466081658,0.04298816168373748,1
0.20079874034784903,0.37332687489412986,0.22209733349629682,0.012516295600009462,0.04783756103952573,1
0.17641667511993223,0.3732235913087996,0.20448760018134296,0.018009453148623157,0.05273790387073629,1
0.15116830675933843,0.37290121130932596,0.1832873138446173,0.020872417735748803,0.05730985699996922,1
0.1240050544051805,0.37236601312656703,0.16086517917120546,0.02022636510427356,0.06095263217831832,1
0.09350679397619997,0.37162841459486473,0.14302852672335065,0.017827092336851546,0.06236297098359708,1
0.05749914507703082,0.37070276397146257,0.11091772991299227,0.00010703036006799274,0.07172836902026135,1
0.03751551967291481,0.3551754207685505,0.1292058794328249,0.017350419749880906,0.06387249524791636,1
0.03677274691854919,0.3272722496115166,0.196147624188081,0.02745784147063939,0.07277195227047134,1
0.03611960406057151,0.30324238321286834,0.23146370666541205,0.022613442784232794,0.0744116284564126,1
0.03556259968379213,0.2819091877083476,0.25672208390370055,0.022480087964232554,0.07839264719906765,1
0.03510728629412463,0.2624680833374047,0.27355184013008305,0.019702041450877252,0.08185968986180099,1
0.03475820412218155,0.24433792481032174,0.28437874726774337,0.015582601616519514,0.08486325304663746,1
0.03451883502725433,0.22707433433037968,0.290710612751671,0.010146279547418235,0.08705233088846555,1
0.03439156704541144,0.21031527360693023,0.2935507230484422,0.004111614384360696,0.08814574449545698,1
0.03437767001826008,0.19374369437905214,0.2927587974181126,-0.002350632478217422,0.08827417172712325,1
0.03447728261336761,0.17705871412789143,0.28835973477372095,-0.00854858535441041,0.08745431353928726,1
0.034689410906002374,0.15994970799266736,0.28055259746677813,-0.014243006106808323,0.08554906969278979,1
0.0350119385409138,0.14206865273699104,0.26842823575554864,-0.01870548959436563,0.08280091168676665,1
0.0354416483408197,0.12299549632539862,0.2505522976988407,-0.021830493376682757,0.07957046173369475,1
0.035974255083902756,0.1021889669255629,0.22464741793777518,-0.02226620177309996,0.07582752206296127,1
0.03660444904281284,0.0789097786362327,0.18913322889834777,-0.026919901073612282,0.0742647320824412,1
0.03732594976596279,0.052091232665694445,0.12418514299829934,-0.01691661415410084,0.06611304894518345,1
0.0573716745539432,0.0371815092602829,0.1062862220631023,-0.0003379985206853958,0.07370197432976468,1
0.09333955477198497,0.03621441293858157,0.13933288258602924,-0.01796162777451662,0.06410071347415983,1
0.12348027122188114,0.03543770765773489,0.15833234874963684,-0.020565852286816247,0.06267315505551205,1
0.15011512041555505,0.03486690789723561,0.18234171211792954,-0.021302745304186996,0.058633717548225314,1
0.1747256573137001,0.03451342406973015,0.20474880698442463,-0.01823085679986272,0.05361298776589536,1
0.1983820442446323,0.03438432649723254,0.22306232025197353,-0.012341201783849636,0.048221171986337505,1
0.22197891038942616,0.03448219819418583,0.23570314081919921,-0.0048982229138234135,0.042922778524044976,1
0.246400322545765,0.03480508087934638,0.2415759393662783,0.0026659750950893545,0.038172264748454046,1
0.27268071916517334,0.0353465159166755,0.24000383004712636,0.009028940608160488,0.034249498319515695,1
0.302225771822071,0.03609567889186554,0.2313728344756215,0.013189376037147153,0.031318799162932114,1
0.33720258550012266,0.03703760374602465,0.21622868744843218,0.014355761760045811,0.029424593203836457,1
0.3813626041657122,0.03815349018907949,0.1962008299387919,0.012306965655594757,0.02845462682080756,1
0.4420826066612152,0.03942108661326014,0.17435059785040083,0.008023101483614594,0.028121168765004582,1
0.5365715760275789,0.04081513977266615,0.15474052540434685,0.003761979405125884,0.02772183766030625,1
0.7179823272913286,0.042307901822817705,0.13979770717114748,0.001428569984987356,0.02528327282083733,1
1.2999116203475387,0.04386968470181618,0.12247082972515962,0.0003557299241284505,0.011844061050677156,1
1.7534292475290962,0.054660955787843434,0.1509608567676293,-0.0006997477127515923,0.005133275660692344,1
1.7534419215954724,0.07464550845920728,0.18637702873508138,-0.000541568519444268,0.005157798348783635,1
1.7534527372430109,0.09458936733812094,0.21547051149845023,-0.0003002429961336029,0.005171096332939694,1
1.7534616927082678,0.114499072251061,0.23892854889131382,-0.00012557669810492046,0.005183085793968713,1
1.7534687865310303,0.13438111796454247,0.25729256822235097,-5.291050038707731e-05,0.005195643635589817,1
1.7534740175546601,0.15424196283908567,0.270995141305831,-8.233019793235789e-05,0.005207183635044367,1
1.75347738492628,0.17408803738161094,0.28035223558429906,-0.0002006365215376971,0.005216461312002431,1
1.753478888096817,0.19392575272032064,0.2855136325632297,-0.00037810583216165463,0.0052224991416750565,1
1.7534785268211883,0.21376150902576724,0.28637125953678927,-0.0005659115029314379,0.005224635219714714,1
1.7534763011582917,0.23360170390151402,0.28292009871817403,-0.000704579728342649,0.005222823555155684,1
1.753472211471046,0.2534527407676883,0.27515882911078365,-0.0007537461192891607,0.005217797099108931,1
1.7534662584262117,0.273321037260638,0.26287834598354315,-0.0006875100022644183,0.005210301576763697,1
1.753458442994505,0.2932130336720987,0.24572538118445456,-0.0004972864582337294,0.005201528133921657,1
1.7534487664501703,0.31313520145124435,0.22324242632423144,-0.00018597612695818677,0.005193122304558128,1
1.7534372303709282,0.33309405179358986,0.1948670856053363,0.00020421121716724874,0.005182339774370992,1
1.7534238366377939,0.3530961443408924,0.15989154478307024,0.0004942089431037456,0.005156391070755212,1
1.368132739064461,0.37227569929188414,0.1099957599034256,-0.00014027842744122684,0.010617868126168465,1
0.7645834355067725,0.3735357279865984,0.1240518920023626,-0.0008471899398301006,0.024498953885876106,1
0.5688749556663899,0.374740353329971,0.13494930611039738,-0.0022160213377615747,0.027388196347654457,1
0.46589130294108516,0.375866237753706,0.15031399246903196,-0.004985284237372198,0.02805842332014653,1
0.399508203435693,0.3768915524192555,0.16874608772384758,-0.008032193426060598,0.028600082355906952,1
0.3512430414315836,0.37779640209417714,0.1865272811392275,-0.009739821453963883,0.029761596453740866,1
0.31309887769377104,0.37856321416186717,0.2005207606664354,-0.009239123037063722,0.031810347824280404,1
0.2809842044164594,0.37917708420710494,0.20891103061722854,-0.006545729859427862,0.03481364283657858,1
0.25252639111534547,0.37962607112342805,0.21100684083648244,-0.0021728752455039504,0.03869126052129473,1
0.22618478000523964,0.3799014352643368,0.20634635968048637,0.0031930031650255165,0.0432529353214121,1
0.20082951936159119,0.3799978139396218,0.1954142382939014,0.008580843499428885,0.048217459158788584,1
0.17550479284717507,0.3799133296827659,0.17921272782011702,0.01287743255456503,0.05317535724913609,1
0.14925999588413444,0.3796496282701027,0.15917940473138398,0.015101608932618544,0.05771985813644552,1
0.12098284750483103,0.3792118453900881,0.13771516300157746,0.01444910687196807,0.06129440057199691,1
0.08916976645776623,0.3786085029297252,0.12134894589515627,0.012509854761431434,0.06253598313830591,1
0.051522661992029525,0.37785133778074903,0.08948566350702743,-0.0029815060041529628,0.07138929078856647,1
0.030691079703541083,0.36169845992166383,0.11465027810861625,0.013933257210518538,0.06375225459342952,1
0.030083494316971104,0.3324921870791936,0.18605910604098733,0.023256868258566214,0.07243662500989685,1
0.029549224910641592,0.30738475685005545,0.2256220845594695,0.01854517289848037,0.07416186470051898,1
0.02909359583366038,0.28513384240130185,0.25359898372863254,0.0184558834598874,0.07803221104851107,1
0.02872114936999349,0.2648891036711726,0.2725788865459114,0.016237416047761976,0.08148674697890129,1
0.028435599740450325,0.24603557301319587,0.284959146159626,0.01285914614491847,0.08446998065112207,1
0.02823979536956656,0.22810233639327482,0.29229147328259697,0.008367243851159315,0.08665083078803425,1
0.028135689864001803,0.21070519373573823,0.29559064381086425,0.0033803543118497543,0.08775257370883255,1
0.02812432206103093,0.19350731992478137,0.2948193863875675,-0.001909864593727639,0.08788578684003316,1
0.02820580540256555,0.17618891143477333,0.2899956528086115,-0.007034754855503724,0.0870638096553965,1
0.028379326774059053,0.15841990669330788,0.2812184381164114,-0.011754682411047107,0.08516790943854388,1
0.028643154823669477,0.1398308640710236,0.26756467790307026,-0.015433519989707283,0.08244034755206144,1
0.028994657652168385,0.11997648877899307,0.2475642978329255,-0.0179558065753367,0.07922225534433316,1
0.029430329645505657,0.09828381294308154,0.2189762439504587,-0.01828646013811462,0.0755786143229798,1
0.029945827115312056,0.07397128234543657,0.1793507196945804,-0.02278510258790938,0.07394550098649512,1
0.030536012320861568,0.04591239990492178,0.1100767038275374,-0.013591870562409495,0.06600974427829738,1
0.051436906709337385,0.03041781102632897,0.0855205291959439,0.0026146394903603554,0.07336721717157689,1
0.08904302398244879,0.029626744906203047,0.11801891591760758,-0.012536459835197586,0.06433552361072006,1
0.1204785331072502,0.028991414452288134,0.13545682977472262,-0.014660486591200549,0.06304896172946088,1
0.14819652602695432,0.028524510517942508,0.15836656810164224,-0.015385951264362189,0.05909084548858506,1
0.1737655421540815,0.028235366935178145,0.17947712085864528,-0.01302325174977573,0.05409577118510084,1
0.1983208602226847,0.028129767346025878,0.19626500793482007,-0.008445284478200902,0.04863703978383927,1
0.22281292399866376,0.028209824708944932,0.20713126019207997,-0.0027288737617398363,0.043211909092676346,1
0.2481810558648047,0.028473937109505788,0.2109957318195268,0.0028910562968146648,0.03829821016674823,1
0.2755229159093771,0.028916821270607768,0.20764121122393553,0.007382297321186637,0.03422194723261965,1
0.3063271208154511,0.029529622700827648,0.19755927838263143,0.01002049508441318,0.03118445490762865,1
0.3428843310080892,0.03030009913364255,0.18173777652611037,0.010299825540098359,0.02923599537501118,1
0.3891543567904791,0.031212872104945295,0.16231850484095833,0.008305674201032258,0.02826765684117787,1
0.45291694125246595,0.03224974028282502,0.14273176320701567,0.005042442534457862,0.02796264545452092,1
0.5523125642932847,0.03339004738107812,0.12678906347136826,0.0021974674481757906,0.02751582870802694,1
0.7433580695815468,0.034611096939887495,0.11570782247091982,0.0008183941325421927,0.02479946051773841,1
1.3565030176682014,0.035888605762051926,0.10200885312786905,0.00018284117546638626,0.010812146349965001,1
1.8346707320961682,0.04705998498640849,0.13482590856911483,-0.0010072814474644802,0.003980332952233211,1
1.834681099356903,0.06808993348567897,0.17447168759449358,-0.0008967552787584205,0.004005906801864987,1
1.834689946449481,0.0890769541759519,0.20707599077108868,-0.000664213278643152,0.004021391152664941,1
1.8346972719313797,0.11002794582352032,0.23344118861165522,-0.0004642106704144646,0.004035212297525729,1
1.8347030746081774,0.1309497597050632,0.2541509654328826,-0.0003412261966350268,0.00404905732766488,1
1.8347073535337401,0.15184920872825144,0.2696407749518481,-0.000302734440236898,0.004061395146753915,1
1.834710108010393,0.1727330764452999,0.2802056230246015,-0.0003413285124159071,0.0040709563082219225,1
1.834711337589031,0.1936081259848243,0.28595587819670026,-0.00043156408521413496,0.004076778608197634,1
1.8347110420691317,0.21448110892695635,0.2867277821560074,-0.0005280659795558596,0.004078329716360244,1
1.834709221498903,0.23535877414643744,0.28253369073964457,-0.0005768754509993376,0.004075514558779964,1
1.8347058761751973,0.25624787664818766,0.27341452354727025,-0.00054120716586326,0.004068979987726104,1
1.8347010066435079,0.2771551864198939,0.25919057607921603,-0.0004007994106241818,0.004059534583883644,1
1.8346946136976778,0.2980874973261468,0.23952315848835046,-0.00015384564524863496,0.004048389896266373,1
1.8346866983802268,0.31905163606904274,0.21394760953489442,0.00018814322065679922,0.004037110438329803,1
1.8346772619816694,0.3400544712401064,0.18185522058847772,0.000572726121074766,0.004023218051262032,1
1.8346663060407107,0.36110292248937503,0.14241666791940472,0.0008157668009225415,0.003995695338718388,1
1.4253364791988008,0.38066502180032097,0.08712416807044095,-1.0331482769247889e-05,0.009597913832629323,1
0.7910506209842503,0.38164465401492953,0.0977535188858887,-0.0004274903068734858,0.023983141217830437,1
0.585465779920358,0.3825812165693053,0.10519627768443968,-0.0011394383999169685,0.027163558722192442,1
0.4773887547837005,0.38345656480230655,0.1167310527773291,-0.0027825041230123454,0.02789366299735989,1
0.40782510848173587,0.3842537265739867,0.13215885620928333,-0.004845595341950779,0.02838749217761711,1
0.357343226303528,0.3849572326817168,0.14840307074085407,-0.0062801140929661,0.029502580132699567,1
0.3175322476541548,0.3855534194405951,0.16228400602952064,-0.006339301378397449,0.03155871761414361,1
0.28408578045772354,0.38603069753544605,0.1716216718367258,-0.004853005383203671,0.034634145359432954,1
0.2545037008724001,0.38637978163849795,0.17528093970226025,-0.0020924353806202893,0.038648966338389115,1
0.22716001925392829,0.3865938757348944,0.17276877995660428,0.0015044952825309862,0.04337989554768449,1
0.20086029863702484,0.38666880970439843,0.16399157291347297,0.0052661264567041574,0.04849605034637223,1
0.17459290300501687,0.38660312358730087,0.14984818643060763,0.00832132511271121,0.05355836642920066,1
0.1473516703199002,0.38639809717613177,0.13172680726315938,0.009899896240356585,0.0581204783096736,1
0.1179606201118224,0.3860577240731086,0.11203194258147836,0.009341325178145293,0.061638342406569464,1
0.08483271426972123,0.38558863096828927,0.09778447824875736,0.00782971274321169,0.06281523440427728,1
0.04554615147200205,0.3849999444055448,0.06761486696753685,-0.004894818744496446,0.07096632506994159,1
0.023866593251178965,0.3682215435048507,0.09985027539019874,0.010884719155693655,0.06360863719131564,1
0.023394195632310363,0.3377121605076597,0.17558178124479965,0.01900226703673711,0.07207994446267191,1
0.022978799345639688,0.3115271597501779,0.21941861244537728,0.014605637432961333,0.07398615074023854,1
0.02262454480122693,0.28835852061358325,0.2501253514874704,0.014505111314728755,0.0777544368799368,1
0.022334964317387324,0.2673101422507143,0.2712162911980904,0.01282023525358731,0.0812136741444528,1
0.022112946316294915,0.2477332343841862,0.2851180506674543,0.010168804167809128,0.0841936963484837,1
0.021960705950364142,0.22913034660310652,0.2934242884056768,0.006609834196820423,0.08637727837170875,1
0.021879762508635277,0.21109511699181843,0.297159704442937,0.002659662226244069,0.08749011437616912,1
0.02187092388355297,0.19327094357220198,0.2964055674337457,-0.0014842232562954764,0.08762887084573044,1
0.02193427829787282,0.17531910182177984,0.2911768144367169,-0.005545906237379855,0.08680375359528882,1
0.022069193400653865,0.15689009345596983,0.28145510978659705,-0.00929840729115921,0.0849074510015102,1
0.022274322744359417,0.13759305841215988,0.26630476475929854,-0.01220306624287216,0.08218328818379317,1
0.022547619557439457,0.11695745903319048,0.24422350518266547,-0.014142688061369452,0.07895797373680549,1
0.02288635763404508,0.09437863116765127,0.2129553025882743,-0.01442253713989833,0.07540217943405873,1
0.023287159079146635,0.0690327518572537,0.16921318961235046,-0.018604029156197344,0.07360825809125618,1
0.023746028575569785,0.03973352501104603,0.09577071913399927,-0.01062667768459328,0.06587876399886106,1
0.045502120515757874,0.023654091880534155,0.06447077606280986,0.004431333848245604,0.07295752843645478,1
0.08474647409987528,0.023039047599370716,0.09489811082056457,-0.007800297753914962,0.06466852563847768,1
0.11747677757478842,0.022545083841697823,0.1100852801654311,-0.009456168985785269,0.06342699421518713,1
0.146277918283887,0.02218206899209548,0.13102511662473879,-0.010064385806717722,0.05953966570941849,1
0.17280541955651846,0.021957261164959323,0.15005883251748325,-0.008408055676234039,0.05452247666501976,1
0.19825967570835584,0.02187515786101196,0.16466269996406338,-0.00517492335478655,0.0489472379686957,1
0.2236469441290364,0.02193740218014865,0.17330029951809583,-0.0012078774115759578,0.04335479138276938,1
0.24996180181678163,0.022142748425053906,0.17506037235964508,0.0025454011510679443,0.03825990348558842,1
0.2783651296454043,0.022487088185176227,0.17022681620917934,0.005368670526186563,0.03404244873860152,1
0.31042848882103524,0.022963536072195898,0.15940716899713553,0.006793988629010907,0.03093489285188611,1
0.34856609509266634,0.023562572492820195,0.14402697706540366,0.006577951818498803,0.0289868588214625,1
0.3969461257906209,0.024272239434204486,0.12655431805521317,0.0049681311999820055,0.028075524271704684,1
0.46375129046660235,0.025078384273367067,0.11037254091317383,0.0027931318229426167,0.027825281371303356,1
0.5680535715924336,0.02596494601133263,0.09853369620711223,0.0011239487892753287,0.027318814064195486,1
0.7687338585208975,0.026914277907645806,0.09102133791124298,0.0004123022811187601,0.024313176890784726,1
1.413094604394638,0.02790750011041109,0.08074667027766175,5.27910094335582e-05,0.009805409548855318,1
1.9159138854044688,0.039458858057184076,0.11808446457158049,-0.0012836251007199552,0.0029069627632007946,1
1.915921945638079,0.061534223871370766,0.1620646151870497,-0.0012204575531574696,0.0029317999432625355,1
1.9159288239866954,0.08356442780792002,0.19822728251508395,-0.0010032202895694097,0.0029485964606296845,1
1.9159345193287751,0.10555672758130821,0.2275272380111283,-0.0007823260711116867,0.002963409095349183,1
1.9159390307356623,0.12751833098668772,0.25060384329966595,-0.0006118617577598024,0.0029776275226082024,1
1.9159423574717616,0.149456405487148,0.26789875007492775,-0.0005074576508926567,0.002989939520870291,1
1.9159444989946197,0.17137808768843243,0.2796839408789675,-0.00046745529365999604,0.0029991303918824336,1
1.9159454549550763,0.19329049272777774,0.2860257920693086,-0.00047084602878437644,0.0030042703559947964,1
1.9159452251972378,0.21520072360309683,0.2867010469552989,-0.0004765348116767651,0.0030049598255214778,1
1.91594380975857,0.23711588046849558,0.28174140159796973,-0.00043696407220582934,0.0030010786707923807,1
1.9159412088698742,0.25904306992189163,0.27123494621262606,-0.00031945455471879677,0.002993214204612597,1
1.9159374229552453,0.28098941431051233,0.2550358925001501,-0.00010944981284206784,0.0029822443420557984,1
1.9159324526319705,0.3029620610800954,0.23282206761798419,0.0001881876061180762,0.0029693232807167184,1
1.9159262987104728,0.3249681921938869,0.20411824660822264,0.0005523549651950047,0.0029557494508549546,1
1.9159189621941932,0.3470150336477782,0.1682557129280493,0.0009196714626669111,0.0029394423704933057,1
1.9159104442794002,0.36910986510845656,0.1242449264778441,0.0011110019917102353,0.0029122109003613503,1
1.482540482022644,0.3890543828339816,0.0633950375320805,0.00010467353151906065,0.008611108177386985,1
0.8175178947760862,0.3897536071007144,0.07075090394906858,-0.00017211769260021243,0.023464620967413488,1
0.6020566496526826,0.39042210130182314,0.0752236040988592,-0.0004663786851499261,0.02694247002809633,1
0.4888862380674078,0.39104691260752134,0.08282663685781369,-0.0012590637422849626,0.027747639755089093,1
0.41614204019982076,0.391615924338972,0.09428168061278894,-0.0023958805192205316,0.028180953471822062,1
0.3634434356786184,0.3921180920327816,0.10752426316583887,-0.0033417556670748963,0.029207677761761006,1
0.3219656397924942,0.39254365968785926,0.11982733317631528,-0.0036047649183014274,0.03122292775001989,1
0.28718737509842485,0.3928843519633357,0.12898330594423643,-0.002976251037160575,0.0343362270033694,1
0.256481024160467,0.3931335383701704,0.1335839877054945,-0.001540166258345898,0.03847419560697736,1
0.2281352657323055,0.39328636581815357,0.13297755978330814,0.00047235895085419083,0.043388935342406655,1
0.20089107814706372,0.39333985631612745,0.1267211435611678,0.002675352981834793,0.04869751337982778,1
0.1736810063795336,0.39329296725558294,0.11541060286875836,0.004509413563891497,0.05391200281113517,1
0.14544333160657377,0.39314661258168515,0.10026335186172342,0.005461459038814708,0.05853390930616201,1
0.11493837440815606,0.39290364423298935,0.08356497238246721,0.005082114737703328,0.06199635692094078,1
0.08049564009482116,0.3925687943928931,0.07225141175027933,0.004007993591681302,0.06319209612609074,1
0.03956961657893211,0.39214858018335225,0.04602209543118846,-0.005691362447136249,0.07044826457041926,1
0.017042065517774214,0.3747446665459038,0.08493436889299076,0.008159149623714092,0.06341009682547845,1
0.01670485591040016,0.34293216595941545,0.164723651199673,0.01455214889898992,0.07169984860764764,1
0.01640833234948551,0.31566958877106127,0.21280236106654288,0.010734429814544618,0.0738918618447162,1
0.0161554515678816,0.2915832198620816,0.2462912742057096,0.010601795454021921,0.07756702668079633,1
0.01594873614697694,0.2697311971764579,0.2694745867601019,0.009422989482780253,0.08104019167651069,1
0.015790248900488375,0.24943090756713596,0.2848753223322697,0.007490537497906959,0.08403232485330345,1
0.015681571856236632,0.2301583641271005,0.29413571612243605,0.004862285344801969,0.08622918052686283,1
0.015623790087579985,0.21148504305678084,0.29828991616534106,0.00194641882961188,0.0873549903076436,1
0.015617480596569679,0.19303456551449888,0.29754904675823657,-0.0010722290977927865,0.08750020086078113,1
0.01566270639275894,0.17444928599533358,0.2919287655208615,-0.00407170254113674,0.08667212578539968,1
0.015759015846177834,0.1553602695074813,0.2812810246071378,-0.006853194740710226,0.08476618161516516,1
0.015905447323136188,0.13535523752432213,0.26465842981198995,-0.00898475864034293,0.08202947297770553,1
0.016100539043155348,0.11393840942308772,0.240522444698209,-0.010361460940761515,0.07878427169570291,1
0.01634234402851005,0.09047342457053467,0.20654046591168315,-0.010612809423072187,0.07530508356301047,1
0.016628449957765575,0.06409419089742259,0.1587350618148691,-0.014235831058327049,0.07325097938623007,1
0.01695600368297988,0.03355461267319147,0.08140215619741482,-0.007969970518434642,0.06569193935377668,1
0.03956731800637589,0.016890354140049958,0.04382033863604858,0.005179165749555969,0.07246268039972929,1
0.08044990718005066,0.01645132417012473,0.06992843184573254,-0.003969381465408783,0.06508840092220627,1
0.11447500645628465,0.016098719759767798,0.08200249014817866,-0.0051315570820497985,0.06381992132195635,1
0.1443592985663209,0.01583958788152399,0.0996768998221599,-0.005537238029284391,0.06000295718187044,1
0.17184529028117707,0.01567911172969367,0.11553357144182955,-0.004553304307309696,0.05491977817527133,1
0.19819849075176496,0.015620503165570029,0.1271781642390603,-0.0026262342594239934,0.04917735826272244,1
0.22448097011472826,0.015664935615201884,0.1332642832379941,-0.0003157405338396865,0.043373689928793153,1
0.25174255909879234,0.015811519458281256,0.13323406828737072,0.0017774763783480435,0.038082421582835126,1
0.28120735859125173,0.016057320691674985,0.12764260486021056,0.003238326119570838,0.033738535552122646,1
0.31452987379903236,0.016397422271572915,0.11732017263936369,0.003820103887278786,0.03059780218837005,1
0.35424787570414024,0.01682502625413934,0.10392320507213398,0.003467611705470176,0.028701984568650463,1
0.4047379092998007,0.017331593839324425,0.08987340858656877,0.002435831006735688,0.02789088596249549,1
0.47458565257626195,0.01790701972824268,0.07799960246798793,0.0012543894473964637,0.027706890211246293,1
0.5837945955890437,0.018539836765322126,0.0702696118863207,0.00045802569762995655,0.027124534451424567,1
0.7941096881523576,0.019217446532938484,0.06578110480097231,0.00016627642208947275,0.023823420923407744,1
1.469686355347274,0.019926371297966112,0.058723011479817885,-6.315207940124923e-05,0.008830837629812181,1
1.9971584810574032,0.03185759618188477,0.10071917894428288,-0.0015420569640202503,0.0019170386400535128,1
1.9971642340796079,0.05497839788229681,0.14917104918417484,-0.0014912786056715587,0.0019385318866412824,1
1.9971691435270098,0.07805180359166125,0.18894123760736942,-0.0012791589646935174,0.0019526736782271112,1
1.9971732085990732,0.10108542997982821,0.2212097955149758,-0.001047273820358111,0.001965536673180055,1
1.9971764286329385,0.12408684136756731,0.24667925259964443,-0.0008439539617162358,0.001978463665361809,1
1.9971788031035238,0.14706355978049007,0.2657983375874295,-0.0006850086131206141,0.0019898590629293077,1
1.9971803316236538,0.17002307488494658,0.2788156170773613,-0.0005731486645112793,0.0019981936341639667,1
1.9971810139440824,0.19297285383384663,0.2857515667023326,-0.0004930957109656065,0.0020023237750583225,1
1.997180849953559,0.21592035104993038,0.28632173338653244,-0.00041080009147413036,0.0020018370631336765,1
1.9971798396787737,0.23887301797370727,0.2805781505705338,-0.00028820787369317864,0.0019966455293619813,1
1.9971779832845562,0.2618383128031486,0.2686592046119057,-9.90414443924927e-05,0.0019874925453540436,1
1.9971752810735197,0.2848237102520735,0.25045508388438553,0.00016457805672796946,0.0019756259222187228,1
1.9971717334863268,0.3078367113544478,0.2256608099473615,0.0004928935938864209,0.001962561797857044,1
1.997167341101527,0.3308848533418163,0.19379061560769592,0.0008636529760197227,0.0019498545107567383,1
1.9971621046352561,0.3539757196215676,0.15410991661291057,0.0012184368438717533,0.0019355079587590675,1
1.99715602494141,0.37711694988426425,0.10539599364752163,0.0013890888530555796,0.00191166021375223,1
1.5397447140549632,0.3974437774826445,0.03882821554603934,0.00025027016515719996,0.007659181691794793,1
0.843985246025694,0.3978625839177437,0.043042717028867646,-3.9359975993336856e-05,0.022944160979729757,1
0.6186475594683652,0.39826300497782713,0.045192624822553665,-0.00011274333229284591,0.026720188804697165,1
0.5003837491883463,0.39863727879017674,0.04919437292509578,-0.00035680037505482823,0.027616854715803232,1
0.4244589956295806,0.39897814309366886,0.056088952924063296,-0.0007718367235668944,0.02798786096459326,1
0.36954366691544277,0.399278977046711,0.064896796771915,-0.0011897297089904337,0.028895375963960003,1
0.3263990517778244,0.39953393122836817,0.07381280859706277,-0.001399375632149371,0.030825253584494932,1
0.2902889864237695,0.39973804325959506,0.08109773931705055,-0.001265236742785955,0.033941772387436515,1
0.2584583596077889,0.3998873366330603,0.08543303938126817,-0.0007736186113814016,0.03818951850602955,1
0.22911051871439125,0.3999789005321887,0.08607259073861183,-1.5830083905170055e-06,0.04330411524839283,1
0.20092185786822292,0.40001094868604087,0.08248556149527299,0.0008974649929719785,0.048849450086502016,1
0.17276910365159442,0.39998285569259173,0.07489247428994607,0.0016737121655255554,0.054266298459849455,1
0.14353498107610807,0.39989516977655254,0.06417953607308992,0.0020842813932529197,0.05898495811478001,1
0.11191611227668148,0.39974960160476625,0.05222252405256999,0.0019144222886853667,0.06238405155585437,1
0.07615854624043722,0.3995489894899944,0.044760265059264406,0.0013168790027677387,0.06363899972476506,1
0.033593059935490444,0.3992972419771494,0.025725245618216902,-0.005449030487714606,0.06985168905045508,1
0.010217500956982171,0.381267824787867,0.07031808607533219,0.005574398534961423,0.0629886788265668,1
0.01001547948636033,0.34815220005156483,0.15367733523161073,0.009717667674026535,0.0711829382478975,1
0.009837828217210449,0.3198120412048539,0.2058816690551748,0.00685898076230146,0.07375714041405908,1
0.009686320437622737,0.29480793800134997,0.24219804946325751,0.006726182062935955,0.07738107213621678,1
0.00956246919721143,0.2721522668036725,0.267431286430671,0.006024619835193057,0.08090471652912318,1
0.009467511873265468,0.2511285913859326,0.28427577641518853,0.004806635113591631,0.08395419560639028,1
0.009402397503352849,0.23118638824224336,0.2944472252377944,0.0031152432645207236,0.08619803223388814,1
0.009367777038426617,0.21187497165403585,0.29899598677644323,0.0012386125631215178,0.08734802075696943,1
0.009363996640106143,0.1927981859195027,0.29826397493959034,-0.000673609664152946,0.08750083891702645,1
0.009391094110212996,0.17357946456886722,0.29227051877295895,-0.0026043129793235954,0.0866615969073417,1
0.009448798500600599,0.15383043591213588,0.28073677387996543,-0.004401165462240531,0.08471477261913235,1
0.009536532908576893,0.13311740293546234,0.2626984870578494,-0.005755067061946215,0.08192062985712978,1
0.009653420420169947,0.11091934196737896,0.23655851515235157,-0.006588565638073161,0.07861727205617182,1
0.009798293122591884,0.08656819571403547,0.1998354288600355,-0.006784666501292868,0.07517469624132951,1
0.009969704070463409,0.059155602669431984,0.14809946924123107,-0.009494132227865186,0.07277103338702441,1
0.0101659420586941,0.02737566690954947,0.06736983799996765,-0.005443443066666002,0.06529710781451756,1
0.033632500924679426,0.01012659979188368,0.024494279109083576,0.00494187855923592,0.07189843463341988,1
0.07615332499385245,0.009863577333668097,0.04317619545218886,-0.0012952592875012335,0.06556697061251111,1
0.11147322133536802,0.00965232560737328,0.051160717298881414,-0.0019265827574537651,0.06424352760713807,1
0.14244066807042435,0.009497071140464355,0.06375190949156787,-0.0021047979552916516,0.0605059518375113,1
0.17088515498804996,0.009400922944978523,0.07492897826646158,-0.0016895190733374058,0.05531934261182663,1
0.19813730539645122,0.009365807710565706,0.08273093733642779,-0.0008805844314692803,0.04935634138294581,1
0.22531500137758087,0.00939242936226351,0.0861711472448426,5.7367147150737174e-05,0.043294007751273005,1
0.25352332658114485,0.009480254225644972,0.08507844846499106,0.000857423880891039,0.03778824918733943,1
0.2840496012056824,0.009627522276734007,0.08005742676036132,0.0013533406422221543,0.033331973605674,1
0.31863127399137214,0.009831284113542409,0.07201893547259586,0.0014645499413763307,0.030196379211377664,1
0.35992967108365015,0.01008746250328513,0.062454380377145645,0.0012213622741187038,0.02840038929819822,1
0.412529705724916,0.010390936739385563,0.053222984107796294,0.0007770263123551438,0.027720953940335816,1
0.485420026115842,0.010735647617548414,0.04615115025756259,0.000352331767466473,0.02760369765075023,1
0.5995356343143715,0.011114720571711685,0.042115155072278594,0.00011044412175773146,0.026928330299603207,1
0.8194855534917638,0.011520604327529712,0.03996668628004037,3.882763663864723e-05,0.023330963361587773,1
1.5262782496203116,0.011945222273059731,0.03594912284710926,-0.0002070445415890973,0.007890158070415761,1
2.07840433183984,0.024256216876399696,0.0821547699432704,-0.0018234756999519716,0.0009809702768125005,1
2.0784077774959293,0.04842247062334799,0.1360398853915247,-0.001876153962723955,0.0010452028916210884,1
2.0784107179101214,0.07253909422708224,0.17967769808526124,-0.0015100979959427874,0.001056192863667906,1
2.078413152602881,0.09661406331905051,0.21492208468423668,-0.0012157976696151576,0.0010566663111160962,1
2.078415081177146,0.1206552987518219,0.24272172212257348,-0.001001562169038236,0.0010613653187241108,1
2.0784165033183823,0.1446706771196819,0.26359510541504194,-0.0008188917482196326,0.0010682757939265773,1
2.0784174187947104,0.16866804115571457,0.27778973968694837,-0.0006543033937121066,0.0010741619148153913,1
2.078417827456747,0.19265521003460656,0.2852903953610034,-0.0004987449600909094,0.0010767879949464979,1
2.0784177292379327,0.21663998961002565,0.28575701596713854,-0.00033296486179042374,0.001075189215110242,1
2.078417124154237,0.24063018261498512,0.2792609745625541,-0.0001383143428348131,0.001069355056133002,1
2.078416012304331,0.2646335988535964,0.26598668373661355,9.795342721622835e-05,0.0010607924097826747,1
2.0784143938695983,0.2886580654124083,0.2458501751133278,0.0003775916019142475,0.001052124077265984,1
2.0784122691139113,0.3127114369197312,0.21854079502898804,0.0007088537650757471,0.0010467203517018084,1
2.0784096383838353,0.3368016058815622,0.18349757204202297,0.0011364838489810003,0.0010464203127448263,1
2.078406502108355,0.3609365131230036,0.139730666055814,0.0016421145049441551,0.0010347268866806906,1
2.0784028607989717,0.3851241583647351,0.08531782729018351,0.0016963760710598033,0.0009650642459447812,1
1.5969491472726218,0.40583320163652264,0.013256546787826408,0.00023451756276866002,0.006703766318108011,1
0.8704526655858991,0.40597158166354413,0.014587432064743203,7.487815723004116e-06,0.022423509730308194,1
0.6352385047933102,0.4061039254355956,0.01510350506967564,7.658633993500431e-06,0.026494319526801355,1
0.5118812850731604,0.40622766132131305,0.016180014154681625,2.3848167247264126e-05,0.027496236100833276,1
0.4327759722331042,0.4063403805915145,0.018405853228662592,1.8890561833882088e-05,0.02780992301620127,1
0.3756439177390732,0.4064398850530239,0.021610154201981677,-2.3990626385983852e-05,0.02858049966643741,1
0.3308324815947826,0.4065242308844545,0.025182869900696327,-8.8119727570518e-05,0.030391616831165143,1
0.2933906127730737,0.406591767754595,0.028401322163958815,-0.00013755749935630867,0.033481849769600704,1
0.26043570602197225,0.40664117235443614,0.030609631608587512,-0.00014145296108630245,0.0378291814331589,1
0.23008577756826443,0.40667147554050376,0.03134265773282502,-9.28234224298486e-05,0.043159546335560635,1
0.2009526377800619,0.40668208238252324,0.030281539177944235,-3.93538063622894e-06,0.048980496896016044,1
0.17185719541390745,0.40667278455015826,0.02740590469297153,8.813002465587618e-05,0.05464211647069605,1
0.14162661988643374,0.4066437646658944,0.023075699723512883,0.0001415519716755501,0.05948196635787519,1
0.1088938353506494,0.4065955924888197,0.01818455714911471,0.00012438436281409808,0.06280911521802165,1
0.07182143470199812,0.40652921304813255,0.0155149882005711,-3.57097913240922e-05,0.06409644907763809,1
0.027616483801091808,0.4064459270844163,0.007847977903528409,-0.0035080348247515385,0.06937149988404225,1
0.003392903404046666,0.38779101456487847,0.057228499216481925,0.0025649890402097597,0.06195760977980319,1
0.0033260701054721974,0.3533722598614876,0.14314866096635193,0.004239560259397624,0.07029074361426463,1
0.0032672906700060224,0.32395451470548614,0.19925991900362194,0.002885755359073584,0.07328890162569561,1
0.0032171551484152052,0.29803267316809556,0.23827657394626492,0.002842045037540505,0.0769783912716542,1
0.003176167243389956,0.2745733497011214,0.2653630461524278,0.0025875681881819485,0.08065886695505345,1
0.0031447390520233146,0.25282628481558644,0.2834687690247394,0.002082714946381938,0.0838704966592565,1
0.003123186744390909,0.23221441831777598,0.29442388131188024,0.0013491846408955844,0.0862379922906904,1
0.0031117272346591813,0.21226490254215488,0.29931130385454036,0.0005313995881495181,0.08744189608365938,1
0.003110475890002643,0.19256180493371935,0.2985834766714776,-0.0002857008627187932,0.0876033720088259,1
0.0031194453095521354,0.17270963807763653,0.2922644968892452,-0.0011263410561319473,0.0867268073326222,1
0.003138545190935858,0.1523005935977452,0.2799655389976087,-0.0019080675208934005,0.08466652357682375,1
0.003167583286349887,0.1308795559757447,0.2606915459328079,-0.0024741575917413905,0.08171339834081198,1
0.003206267434359429,0.10790025842018905,0.23274606112230983,-0.0027853971851167936,0.0782495717500339,1
0.0032542086386658812,0.08266294681951898,0.19341431049298946,-0.0028473313248651255,0.07473660733948935,1
0.003310925151582606,0.054216989942929436,0.13796750797849622,-0.004124738987168789,0.07194991437645358,1
0.0033758475083374307,0.021196691183232984,0.05482840603127592,-0.002500219962566421,0.06433826928047243,1
0.02769767077429096,0.003362830549674133,0.007481018721806806,0.0031511494239886634,0.07144641405122186,1
0.07185672907495316,0.0032758094415084923,0.014898662632065744,4.2256584846717045e-05,0.06604793358106598,1
0.10847142358815477,0.0032059043397520298,0.017780601232213505,-0.00012130470192962304,0.06470495030906447,1
0.14052202783818132,0.0031545222134572925,0.022898382710184625,-0.00013796170816885478,0.06105651269229957,1
0.16992501425293033,0.00312269857584502,0.027398807852886346,-8.90376711519444e-05,0.05574269949839342,1
0.19807611968042146,0.0031110753811906698,0.03035035129627352,3.904276779888498e-06,0.04951390609898928,1
0.22614903741312814,0.003119887215280126,0.03134471224631918,9.488589956601064e-05,0.04315088612787211,1
0.2553041032795023,0.003148956226815863,0.03042796185642368,0.00014430010619749737,0.037412882769416976,1
0.2868918561488895,0.0031976959712999146,0.02795625123883654,0.00013842001675980805,0.032855408338685825,1
0.32273268787469095,0.0032651240369343496,0.024471440653437447,8.572164098923183e-05,0.02975766816208859,1
0.3656114797133657,0.0033498830401256564,0.020693210816870762,2.054149481202094e-05,0.028097115065378153,1
0.42032151369785953,0.003450269353048856,0.01737533039979198,-2.0887541679530452e-05,0.027567114202853807,1
0.49625440983372354,0.0035642687697419588,0.015116951010476888,-2.3892136070742006e-05,0.027510493571667415,1
0.6152766860974734,0.0036895982186927615,0.014040241778159279,-7.0648397138335635e-06,0.02672793244665975,1
0.8448614503370001,0.0038237525659776395,0.013526090022158621,-6.0648536715879445e-06,0.022837586327945282,1
1.5828702697118897,0.003964055503977585,0.012269218320989617,-0.00020924456685967138,0.006946991537227436,1
2.159651281593402,0.016654734750938566,0.05830016261585267,0.0002615245412466234,-8.314995326431078e-05,1
2.15965241975246,0.04186645469376599,0.11802786237779597,-0.0009845804190920563,-9.976247524334191e-05,1
2.1596533910217075,0.06702631030743862,0.16692246388334833,-0.0015715127657267981,-8.91101642902788e-05,1
2.159654195242661,0.09214263619042765,0.20619950631632555,-0.0017486151536494124,-5.034810085471628e-05,1
2.1596548322840534,0.11722370973249009,0.23698474053254656,-0.0016690351576487026,6.505990306447336e-06,1
2.1596553020419598,0.14227776210194673,0.25999321135808223,-0.001406153565444034,6.475311753286889e-05,1
2.1596556044396475,0.16731298910394546,0.27556712182585547,-0.0010220591315319503,0.00010976553456932615,1
2.159655739427827,0.192337561940288,0.2837051726666565,-0.0005649230064502959,0.00013109042855645206,1
2.1596557069844624,0.21735963790087087,0.28404213752500884,-7.289318491975598e-05,0.00012353948860876132,1
2.159655507114811,0.2423873710165269,0.2766652620617103,0.00040939885909729764,8.751137414602613e-05,1
2.1596551398514925,0.26742892270282453,0.26177718821826196,0.0008419820749090436,2.9352557762957368e-05,1
2.1596546052545063,0.2924924724243643,0.23926804073556165,0.001166805032705226,-3.94934908137297e-05,1
2.1596539034110274,0.3175862284091533,0.20872029448013077,0.0013120300140846202,-0.00010359463497390665,1
2.159653034435643,0.34271843844301403,0.16936604226937818,0.0011916040123515915,-0.0001455225123233709,1
2.1596519984701166,0.3678974007741557,0.12003970701416654,0.0006356370641805525,-0.00015485284140486153,1
2.1596507956835604,0.39313147515882213,0.05951856342307172,-0.0006034273403500815,-0.00013165973715166597,1
