x,y,u,v,p,fluid
0.0078125,0.00013814176547233406,0.316209207864434,0.00910847437294387,0.06893492667095535,1
0.0234375,0.00013814176547233406,0.13466890604281384,0.00036678766539227864,0.020033926938065647,1
0.0390625,0.00013814176547233406,0.09075057734110602,6.143698138938749e-07,0.019650456060979805,1
0.05468750000000001,0.0001381417654723341,0.07474127596187029,-1.0124065246765198e-05,0.019555038542101943,1
0.07031250000000003,0.00013814176547233403,0.0659835155066358,-4.308159705916702e-06,0.018570884227960608,1
0.08593749999999997,0.00013814176547233406,0.0601372567418741,-2.039520008947644e-06,0.01771882507279757,1
0.10156250000000006,0.0001381417654723341,0.05595815346301272,-1.3175911091378283e-06,0.017050739224413452,1
0.11718750000000004,0.0001381417654723341,0.0528420031940329,-9.477946978451035e-07,0.01649681802159084,1
0.1328125,0.00013814176547233403,0.05044110631969088,-7.087351165734877e-07,0.016017508669291507,1
0.14843750000000003,0.00013814176547233403,0.048545324591916635,-5.473854766763631e-07,0.015591216061862048,1
0.1640624999999999,0.00013814176547233403,0.04702042765142196,-4.3474551199929037e-07,0.015203781646887925,1
0.1796875,0.00013814176547233397,0.045775917735456514,-3.5349021466315343e-07,0.014845076480106552,1
0.1953125000000001,0.00013814176547233397,0.04474807574940779,-2.927859163949959e-07,0.014507669818246522,1
0.21093749999999975,0.00013814176547233392,0.043890556129163594,-2.455634014985318e-07,0.01418614470802094,1
0.22656250000000008,0.00013814176547233397,0.043168742988778555,-2.0741067317671276e-07,0.013876431842902076,1
0.24218750000000008,0.0001381417654723341,0.04255617400386904,-1.7592489383384813e-07,0.013575424128106792,1
0.25781249999999994,0.00013814176547233397,0.042032296992000936,-1.5006000191724196e-07,0.013280831042563722,1
0.27343750000000006,0.00013814176547233397,0.04158094206467749,-1.2968497550112256e-07,0.01299092198935324,1
0.28906250000000017,0.00013814176547233397,0.041189198443594956,-1.132457427651409e-07,0.01270438896285888,1
0.3046875000000003,0.00013814176547233397,0.040846671787384436,-9.995816204608711e-08,0.012420324615425388,1
0.32031249999999967,0.0001381417654723342,0.04054496839002303,-8.861535932215246e-08,0.012138098983616749,1
0.3359374999999997,0.00013814176547233397,0.04027723303155797,-7.864525470074441e-08,0.011857206092666578,1
0.35156250000000033,0.0001381417654723341,0.04003779908161147,-6.984086231897991e-08,0.011577249972945697,1
0.36718749999999967,0.00013814176547233397,0.03982199999036638,-6.242013280830623e-08,0.01129795055314539,1
0.38281250000000006,0.0001381417654723341,0.039625981166263785,-5.640952624966602e-08,0.011019043393121184,1
0.3984374999999999,0.00013814176547233384,0.03944650310762312,-5.153169859236333e-08,0.010740317133655258,1
0.4140625000000003,0.0001381417654723341,0.039280846610347475,-4.7802162935570686e-08,0.010461683032081804,1
0.42968749999999933,0.00013814176547233392,0.03912676300156612,-4.5010944699600656e-08,0.010183145478831814,1
0.4453125000000009,0.00013814176547233403,0.038982376903487805,-4.324150647034793e-08,0.009904725321160258,1
0.46093749999999944,0.00013814176547233392,0.03884608928500828,-4.2262148154913167e-08,0.009626452015673054,1
0.47656250000000017,0.00013814176547233403,0.038716552936416834,-4.189973551158592e-08,0.009348364592789097,1
0.4921875000000001,0.0001381417654723342,0.038592657062309535,-4.1967999783781634e-08,0.009070446774496442,1
0.5078124999999999,0.00013814176547233392,0.03847346326070362,-4.1418053042594773e-08,0.008792610764510512,1
0.5234374999999999,0.00013814176547233403,0.03835814849849218,-4.024190541585162e-08,0.008514766154990505,1
0.5390624999999996,0.00013814176547233392,0.03824600361055375,-3.82043810857343e-08,0.00823689371552038,1
0.5546875000000007,0.00013814176547233403,0.03813643880804744,-3.638790472944312e-08,0.007959035594817896,1
0.5703124999999991,0.00013814176547233392,0.038028959272515386,-3.572465283755527e-08,0.007681265849375837,1
0.5859375000000006,0.00013814176547233403,0.0379231414205039,-3.675135934588293e-08,0.007403658481452878,1
0.6015624999999988,0.00013814176547233392,0.0378186349731128,-3.9028591895580816e-08,0.0071262410190938,1
0.6171875000000013,0.00013814176547233403,0.037715154542198315,-4.0349689047016864e-08,0.0068489314628519295,1
0.6328124999999993,0.00013814176547233392,0.03761244699287354,-3.86429930709337e-08,0.006571559090485842,1
0.6484375000000002,0.0001381417654723342,0.03751026629194157,-3.382572230591239e-08,0.006293953977054268,1
0.6640625000000011,0.00013814176547233403,0.03740837712319258,-2.8484031690694993e-08,0.006016047652183425,1
0.6796874999999978,0.00013814176547233392,0.037306572422548964,-2.6343143066962787e-08,0.005737890162969647,1
0.6953125000000019,0.00013814176547233403,0.03720469027738261,-3.00347050872835e-08,0.005459593192111809,1
0.7109374999999994,0.00013814176547233392,0.03710261470520716,-3.684528214136507e-08,0.005181209843425386,1
0.7265625000000017,0.00013814176547233403,0.037000254641817006,-4.279792276283374e-08,0.004902655234053068,1
0.742187499999997,0.00013814176547233392,0.03689752551699391,-4.296137502913697e-08,0.0046237203379298495,1
0.757812500000001,0.00013814176547233392,0.036794330038304804,-3.8599259444853154e-08,0.0043441640469972604,1
0.7734375000000014,0.00013814176547233427,0.036690557940372556,-3.363173221630173e-08,0.004063854095940431,1
0.7890625000000006,0.00013814176547233392,0.036586115313817565,-3.416165471216049e-08,0.0037828100869881456,1
0.8046875000000012,0.00013814176547233378,0.03648095801117456,-3.995394287095936e-08,0.003501115215912596,1
0.8203125000000001,0.00013814176547233392,0.0363751075649808,-4.8289715099189844e-08,0.0032187544237268022,1
0.835937500000001,0.00013814176547233427,0.03626863259705545,-5.046750046880544e-08,0.00293549317810368,1
0.8515624999999998,0.00013814176547233392,0.03616162192511509,-4.71155589878559e-08,0.0026508865180078734,1
0.8671874999999996,0.00013814176547233392,0.03605416224777156,-4.0538560731441036e-08,0.002364362841740971,1
0.8828124999999993,0.00013814176547233392,0.03594641459757061,-3.7467329174719064e-08,0.002075400551088703,1
0.8984375000000042,0.00013814176547233414,0.035838466264727115,-3.871455427755682e-08,0.001783389486965453,1
0.914062499999999,0.00013814176547233392,0.0357313600318201,-4.24709174413731e-08,0.0014882379302840788,1
0.9296874999999967,0.00013814176547233392,0.035623088261206394,-5.253897239639124e-08,0.0011866095833864868,1
0.9453124999999986,0.00013814176547233392,0.0355261013702521,-7.857390686673848e-08,0.0008864605216425283,1
0.9609374999999979,0.00013814176547233414,0.035393360075065765,-3.998913910234027e-08,0.0005434260138113809,1
0.9765624999999982,0.00013814176547233392,0.03541774104716163,-4.062404930031036e-07,0.00032718741602824744,1
0.9921875000000022,0.00013814176547233444,0.03490779156723798,2.218237395916962e-06,-0.0004655173372229571,1
0.0078125,0.0004246535103742488,0.5993001578524375,0.019205518408945996,0.068450784826029,1
0.023437499999999997,0.0004246535103742488,0.3798506009089119,0.003393446675967642,0.02015279242027717,1
0.0390625,0.00042465351037424893,0.27590882015473134,0.0009736450483656593,0.01968646556457445,1
0.05468749999999998,0.00042465351037424866,0.2284666399396815,0.0004357767158204425,0.0195719906851498,1
0.0703125,0.0004246535103742489,0.20178474917806627,0.0002586478400099482,0.01858073714987498,1
0.08593750000000004,0.000424653510374249,0.18406600195689424,0.00017683300186496046,0.01772546186134788,1
0.1015624999999999,0.00042465351037424866,0.17139134945844317,0.00012861880471668307,0.017055548451183535,1
0.11718750000000001,0.0004246535103742489,0.16192055128625207,9.733435020291478e-05,0.016500451786478895,1
0.13281250000000006,0.00042465351037424914,0.15461300081826806,7.585094375753465e-05,0.01602033689398001,1
0.14843749999999994,0.0004246535103742486,0.14883720552022214,6.0413831045506e-05,0.015593466687197632,1
0.16406249999999997,0.00042465351037424904,0.14418777066598024,4.8927582329061885e-05,0.015205603394930137,1
0.17968750000000008,0.0004246535103742489,0.14039069736461565,4.015486831521377e-05,0.014846571273006277,1
0.19531249999999986,0.00042465351037424893,0.1372528316244862,3.332133375012525e-05,0.014508910253752973,1
0.2109375000000001,0.00042465351037424904,0.13463354655727588,2.7916835947048418e-05,0.014187184043450535,1
0.22656250000000042,0.0004246535103742494,0.13242768480939981,2.3592812199016447e-05,0.013877310182237403,1
0.2421874999999996,0.0004246535103742481,0.13055481625512452,2.010115038726055e-05,0.01357617233732186,1
0.2578124999999999,0.00042465351037424833,0.12895244816824403,1.72576845959743e-05,0.013281473255540056,1
0.27343750000000033,0.0004246535103742494,0.12757137004643979,1.4925399666521956e-05,0.012991477391351858,1
0.2890624999999997,0.00042465351037424833,0.1263722869407738,1.300245256906977e-05,0.012704872863973848,1
0.3046874999999998,0.00042465351037424833,0.125323559394104,1.1410088704540697e-05,0.012420749344533239,1
0.32031250000000044,0.0004246535103742497,0.12439959875496878,1.008727625700432e-05,0.012138474492932738,1
0.3359374999999994,0.00042465351037424833,0.12357948229140088,8.98683481047067e-06,0.011857540556422842,1
0.35156250000000017,0.00042465351037424833,0.12284592356621818,8.070038259377732e-06,0.011577550165776142,1
0.36718750000000067,0.00042465351037424893,0.12218467274226612,7.303798041382609e-06,0.011298222102861917,1
0.3828124999999998,0.00042465351037424833,0.12158394612692135,6.662263066307755e-06,0.011019291007936824,1
0.39843749999999956,0.00042465351037424833,0.12103386326154085,6.125090774953206e-06,0.010740544751230614,1
0.41406250000000094,0.000424653510374249,0.12052614297503308,5.674524931725112e-06,0.010461893931556592,1
0.42968749999999994,0.00042465351037424914,0.12005391946884722,5.295554753177029e-06,0.010183342365161614,1
0.4453125000000003,0.00042465351037424866,0.1196114516366969,4.9768889719528406e-06,0.009904910504422635,1
0.4609375000000009,0.0004246535103742502,0.11919384771951365,4.709762517590452e-06,0.009626627476182476,1
0.47656249999999833,0.00042465351037424703,0.11879697630524384,4.486178288437877e-06,0.009348532013149688,1
0.4921875000000012,0.0004246535103742492,0.11841741036480834,4.299915531634312e-06,0.00907060757365576,1
0.5078125000000007,0.0004246535103742502,0.11805226033575636,4.147052562524945e-06,0.008792766065680413,1
0.5234374999999988,0.00042465351037424654,0.1176990187861719,4.023723972877962e-06,0.008514916897300384,1
0.5390625000000016,0.0004246535103742502,0.1173555375011889,3.9247789193593905e-06,0.008237040610557316,1
0.5546875000000007,0.0004246535103742477,0.1170200227487422,3.844109953194225e-06,0.007959179284784283,1
0.5703124999999987,0.00042465351037424904,0.1166909602758033,3.7765998104766626e-06,0.007681406968478118,1
0.5859375000000003,0.0004246535103742477,0.11636704401849561,3.719058807809038e-06,0.0074037976833921226,1
0.6015625000000023,0.0004246535103742492,0.11604717309899386,3.671252131326745e-06,0.007126378896742803,1
0.6171874999999978,0.00042465351037424746,0.11573043574329125,3.6366375525910044e-06,0.006849068380027474,1
0.6328125000000012,0.0004246535103742492,0.1154160385974197,3.6191206783857185e-06,0.006571695178329005,1
0.6484375000000026,0.0004246535103742492,0.11510324388266416,3.617942903382345e-06,0.006294089276312737,1
0.6640624999999962,0.00042465351037424746,0.11479136585156624,3.625300873747381e-06,0.006016182318181745,1
0.6796875000000014,0.0004246535103742492,0.11447979895348327,3.6302605761235727e-06,0.005738024605785092,1
0.6953125000000008,0.0004246535103742477,0.11416804578669115,3.626415290468672e-06,0.005459728050932708,1
0.7109374999999999,0.00042465351037424904,0.11385571625933011,3.6182886601227627e-06,0.005181345566119422,1
0.7265624999999994,0.0004246535103742477,0.1135424844898457,3.617834741109025e-06,0.0049027919798203595,1
0.7421875000000032,0.0004246535103742492,0.11322806144506932,3.6347557969468935e-06,0.004623857818113499,1
0.7578124999999977,0.00042465351037424904,0.1129121549458566,3.6670210186187716e-06,0.004344301990818418,1
0.7734374999999996,0.0004246535103742477,0.11259446745947116,3.7021096774743443e-06,0.004063992451200337,1
0.7890624999999982,0.00042465351037424904,0.11227474720118766,3.7258871106896506e-06,0.003782949275427249,1
0.8046874999999982,0.0004246535103742477,0.11195285213737163,3.735217270657993e-06,0.00350125563902058,1
0.8203125000000029,0.00042465351037425045,0.11162878434130417,3.7401546166031378e-06,0.003218896327622357,1
0.8359374999999989,0.00042465351037424746,0.11130266749834335,3.7566267291968636e-06,0.002935636104941917,1
0.8515625000000034,0.0004246535103742513,0.1109746958547109,3.788523590815142e-06,0.0026510300258558365,1
0.8671874999999941,0.0004246535103742469,0.11064511473805816,3.822426920390869e-06,0.0023645064991155676,1
0.8828125000000021,0.0004246535103742502,0.11031438143408419,3.842244830710234e-06,0.0020755443320219923,1
0.898437499999997,0.00042465351037424616,0.10998284067794767,3.838784077433422e-06,0.0017835331732340507,1
0.914062500000005,0.0004246535103742502,0.10965302008053056,3.822987303767391e-06,0.0014883814558552572,1
0.9296875000000024,0.0004246535103742492,0.10932074661435497,3.7123689625780073e-06,0.0011867504853531117,1
0.9453125000000019,0.00042465351037425115,0.10901414347067069,3.7641902881664583e-06,0.0008866070732893972,1
0.9609374999999871,0.0004246535103742448,0.10862856063605411,3.0386941334768804e-06,0.0005435416155186828,1
0.9765625000000008,0.0004246535103742502,0.10859407463149337,4.804664697961403e-06,0.0003274075540605748,1
0.9921875000000002,0.0004246535103742502,0.10731083134712419,1.6222872341892327e-05,-0.00046517546090789325,1
0.0078125,0.0007323789947857236,0.7586026668672032,0.02696798455808773,0.06772393214057866,1
0.023437500000000003,0.0007323789947857237,0.5793817455533276,0.0069156691098102,0.020340058732808673,1
0.0390625,0.0007323789947857236,0.4555888614262989,0.0027426929680807745,0.019728149048211418,1
0.054687500000000014,0.0007323789947857236,0.385358767679608,0.0013862396284457794,0.01959157959529524,1
0.0703125,0.0007323789947857238,0.342559842842674,0.000837801188848276,0.018592109824538953,1
0.08593749999999997,0.0007323789947857235,0.3135117602155563,0.0005724194314121327,0.01773298445238187,1
0.10156250000000007,0.000732378994785724,0.292516373129976,0.00041671159224211977,0.01706095916921769,1
0.11718749999999992,0.0007323789947857235,0.2767218926892328,0.0003156678002948532,0.016504524099263285,1
0.1328125,0.0007323789947857233,0.2644817730934474,0.00024613088015555033,0.01602349649539712,1
0.14843750000000006,0.0007323789947857244,0.254778710144133,0.00019610536079640902,0.015595974477153591,1
0.16406250000000008,0.0007323789947857233,0.24695091270863323,0.00015886480391584786,0.015207629100731335,1
0.17968749999999994,0.0007323789947857237,0.24054726921951605,0.00013041512910315294,0.014848230669278985,1
0.19531250000000014,0.0007323789947857244,0.23524800528943687,0.00010824890555439891,0.014510285387052126,1
0.21093750000000017,0.000732378994785724,0.2308193569656358,9.071286542279925e-05,0.014188334852737855,1
0.22656249999999975,0.0007323789947857222,0.22708592149655202,7.667673842503775e-05,0.013878281585516059,1
0.24218749999999997,0.000732378994785724,0.22391322173011843,6.533662155705676e-05,0.013576998818395948,1
0.2578125,0.000732378994785724,0.22119657883213764,5.6098900992215986e-05,0.013282181860604484,1
0.27343749999999967,0.0007323789947857227,0.21885340820513155,4.8522208896839606e-05,0.012992089554994353,1
0.2890625000000003,0.000732378994785724,0.21681768601484042,4.227506658912372e-05,0.012705405738182567,1
0.3046874999999999,0.000732378994785724,0.21503620699848977,3.7101501957564363e-05,0.012421216606314463,1
0.32031249999999994,0.0007323789947857235,0.21346586318618244,3.280291295526873e-05,0.012138887182300205,1
0.3359375000000004,0.0007323789947857231,0.21207135278553638,2.922584968165885e-05,0.011857907715171583,1
0.35156249999999994,0.000732378994785724,0.21082350536828728,2.624519521229041e-05,0.011577879321589693,1
0.3671874999999998,0.0007323789947857235,0.2096982524941477,2.3754853865674838e-05,0.011298519568915593,1
0.3828125,0.000732378994785724,0.2086756634461446,2.1670289432521496e-05,0.011019562062768438,1
0.39843750000000006,0.000732378994785724,0.20773904441959104,1.992375362702289e-05,0.010740793771847812,1
0.41406250000000006,0.0007323789947857231,0.20687441419313324,1.8457325237364587e-05,0.01046212449879765,1
0.4296875000000001,0.000732378994785724,0.2060701532675525,1.72234353230521e-05,0.010183557457439603,1
0.44531249999999994,0.0007323789947857235,0.20531652419503452,1.6187169400109702e-05,0.009905112645248293,1
0.460937499999999,0.0007323789947857227,0.20460523273612943,1.5321231302288454e-05,0.009626818903926087,1
0.47656250000000094,0.0007323789947857254,0.20392926529422614,1.4600390828593836e-05,0.009348714694762998,1
0.4921874999999989,0.0007323789947857227,0.2032827823751214,1.4002783602541955e-05,0.00907078312462316,1
0.5078124999999993,0.0007323789947857227,0.20266086104326006,1.3511186781511283e-05,0.008792935769367414,1
0.5234375000000009,0.0007323789947857254,0.20205925973271024,1.3109879849943085e-05,0.008515081615889618,1
0.5390624999999992,0.0007323789947857209,0.20147435270015027,1.2781732601685139e-05,0.008237200998271677,1
0.5546874999999996,0.0007323789947857209,0.20090310064999978,1.2511234182852051e-05,0.007959335912883609,1
0.5703125,0.0007323789947857244,0.20034292609677534,1.2287565067485658e-05,0.007681560570335646,1
0.5859375000000022,0.0007323789947857235,0.19979159849624578,1.2104836137985311e-05,0.007403949193554956,1
0.601562500000001,0.0007323789947857254,0.19924721946190702,1.196156871433498e-05,0.007126529199423717,1
0.6171874999999984,0.0007323789947857227,0.19870820074429266,1.1860282897055064e-05,0.006849217976771368,1
0.6328124999999974,0.00073237899478572,0.19817317487295696,1.1802533089266449e-05,0.006571844001585094,1
0.6484375000000027,0.0007323789947857254,0.19764090164083675,1.1781839595190273e-05,0.006294236943181817,1
0.6640625000000032,0.000732378994785728,0.19711024406962924,1.1781527561080116e-05,0.00601632870646641,1
0.6796874999999981,0.0007323789947857182,0.19658019162518506,1.1782878594879308e-05,0.005738170307794289,1
0.6953124999999964,0.00073237899478572,0.19604989108122303,1.1777820571903043e-05,0.00545987420190609,1
0.7109375000000036,0.000732378994785728,0.19551863684617957,1.177664353420849e-05,0.005181493262085362,1
0.7265625000000037,0.0007323789947857254,0.1949858321520261,1.1800036328013886e-05,0.0049029413923894595,1
0.7421874999999953,0.00073237899478572,0.19445095192058814,1.1860026669354875e-05,0.004624008337264746,1
0.7578124999999983,0.0007323789947857227,0.19391350024880724,1.1948080833677615e-05,0.004344452679646997,1
0.7734375000000018,0.0007323789947857254,0.19337299972905328,1.203894517858785e-05,0.004064143067762634,1
0.7890625000000037,0.000732378994785728,0.19282905078453524,1.2109804076294654e-05,0.00378310044262439,1
0.8046874999999962,0.00073237899478572,0.19228139173895073,1.2158688609525436e-05,0.0035014084920856484,1
0.8203124999999964,0.0007323789947857182,0.19172996117902524,1.2206344971551157e-05,0.003219051319927597,1
0.8359375000000041,0.000732378994785728,0.19117486208108464,1.2277927462896255e-05,0.0029357928384781875,1
0.851562499999999,0.0007323789947857227,0.19061634621464615,1.2376063023995742e-05,0.0026511872803322064,1
0.8671875000000051,0.0007323789947857254,0.19005478631971331,1.2469914038832277e-05,0.0023646637423164196,1
0.8828124999999938,0.00073237899478572,0.1894908933045271,1.2526810310168687e-05,0.002075701551203236,1
0.8984375000000027,0.0007323789947857254,0.18892532800581582,1.2519131442552651e-05,0.001783690239891231,1
0.9140625000000014,0.0007323789947857235,0.18836152638226716,1.2481209625188969e-05,0.0014885383633246529,1
0.9296874999999944,0.00073237899478572,0.18779487284874333,1.2180786059393437e-05,0.0011869065399701863,1
0.9453124999999964,0.00073237899478572,0.1872605245423344,1.2426634401399939e-05,0.0008867674140332229,1
0.9609375000000113,0.0007323789947857324,0.18663008374302772,1.0173897209961346e-05,0.0005436881657434253,1
0.9765625000000037,0.0007323789947857235,0.18643225291947996,1.7078084307210113e-05,0.00032762369471292063,1
0.992187499999999,0.0007323789947857218,0.18460117331408665,3.989989570099796e-05,-0.00046498605526521625,1
0.0078125,0.0010628889143308893,0.8571298120521484,0.03256804058195953,0.06681762487926053,1
0.0234375,0.0010628889143308893,0.7290834897201234,0.010047747153004787,0.020633115406491178,1
0.03906249999999999,0.0010628889143308891,0.6132636740537871,0.0048472251007860324,0.019783581832838636,1
0.054687500000000014,0.0010628889143308898,0.5343035630926275,0.002736702006004411,0.019616319735234013,1
0.07031250000000004,0.0010628889143308898,0.4809222258618653,0.0017262651396631145,0.018606442091584185,1
0.08593749999999993,0.0010628889143308887,0.44293204091489075,0.0011967476032698893,0.017742309569564546,1
0.10156250000000004,0.0010628889143308895,0.4148064345889667,0.0008775136241115551,0.017067626316057363,1
0.11718750000000001,0.0010628889143308895,0.39334950093520543,0.0006676156546878942,0.016509528809843816,1
0.1328125,0.0010628889143308895,0.37657564658305975,0.0005219519263378013,0.016027369896941243,1
0.1484375000000001,0.00106288891433089,0.36320216062290006,0.000416609456053919,0.01559904181205055,1
0.1640624999999999,0.0010628889143308895,0.3523699585004843,0.00033792751944155576,0.015210101811144159,1
0.17968749999999978,0.0010628889143308872,0.34348214033751073,0.00027768233875209714,0.01485025260427033,1
0.1953125000000004,0.0010628889143308913,0.33611012873295304,0.00023066380003599552,0.01451195815903783,1
0.21093749999999978,0.0010628889143308878,0.3299377735735956,0.00019341749269199152,0.014189732392299212,1
0.2265625000000005,0.0010628889143308904,0.32472620563308224,0.00016357167361120452,0.013879459086640601,1
0.24218749999999947,0.0010628889143308878,0.3202913861175918,0.00013943485359983252,0.013577998582805619,1
0.25781249999999944,0.0010628889143308887,0.3164895418731318,0.00011975858097872941,0.0132830370988729,1
0.27343750000000056,0.0010628889143308904,0.31320687798402047,0.00010361276741822533,0.012992826770116853,1
0.28906249999999944,0.0010628889143308878,0.3103522214832555,9.029536705160375e-05,0.012706046079241617,1
0.3046875000000009,0.0010628889143308921,0.30785198200759945,7.926274471106495e-05,0.012421776964638725,1
0.32031249999999944,0.0010628889143308887,0.3056464095750538,7.009309794397184e-05,0.012139381017983885,1
0.3359375000000001,0.0010628889143308904,0.30368648005464227,6.245949283453113e-05,0.011858345885444491,1
0.3515624999999999,0.0010628889143308878,0.30193166168446894,5.6095761161207486e-05,0.011578270783093368,1
0.3671874999999993,0.0010628889143308878,0.3003484741370517,5.077769657888564e-05,0.01129887190982322,1
0.3828125000000004,0.0010628889143308921,0.29890914879665703,4.6325423747191776e-05,0.011019881790950814,1
0.39843750000000117,0.0010628889143308937,0.2975904292550951,4.2593877322541957e-05,0.010741086474104825,1
0.41406249999999784,0.0010628889143308854,0.2963728412964711,3.9460233337625255e-05,0.010462394933443921,1
0.42968750000000067,0.0010628889143308921,0.2952401707956508,3.682463320308014e-05,0.0101838095382322,1
0.4453125000000006,0.0010628889143308921,0.29417879863838864,3.461321503320037e-05,0.009905349530129483,1
0.4609375000000014,0.0010628889143308921,0.293177129439475,3.276754717872146e-05,0.00962704310908696,1
0.4765624999999976,0.001062888914330887,0.29222535141404377,3.123311930837761e-05,0.009348928248819756,1
0.49218750000000044,0.0010628889143308921,0.29131526451356604,2.9961331546293258e-05,0.009070987719646508,1
0.5078125000000004,0.0010628889143308921,0.2904399511950172,2.8912397846076247e-05,0.008793132796451287,1
0.5234374999999973,0.001062888914330887,0.28959346589798207,2.8051070637747092e-05,0.008515272332107988,1
0.5390625000000011,0.0010628889143308921,0.28877073433752004,2.7342873057331694e-05,0.008237386516041246,1
0.5546875000000011,0.0010628889143308921,0.2879674881037647,2.6758958872672693e-05,0.007959517287091919,1
0.5703125000000026,0.0010628889143308963,0.28718010095576785,2.6280462997824744e-05,0.007681738787684849,1
0.585937499999995,0.0010628889143308796,0.2864054359525882,2.5896517929019413e-05,0.007404125120226244,1
0.6015624999999982,0.0010628889143308878,0.2856408067366959,2.5600843598063044e-05,0.007126703409309525,1
0.6171875000000054,0.0010628889143308945,0.284883943508245,2.5390742395424127e-05,0.006849390553840801,1
0.6328124999999987,0.0010628889143308878,0.2841328891097389,2.5261469744768177e-05,0.00657201467936457,1
0.6484374999999992,0.0010628889143308863,0.28338588552340677,2.519884359704555e-05,0.006294405593944547,1
0.6640624999999982,0.0010628889143308828,0.2826413379620154,2.5177563496531123e-05,0.0060164958801192285,1
0.6796875000000024,0.0010628889143308978,0.2818978349952268,2.5172334346477115e-05,0.005738337340865004,1
0.6953124999999994,0.0010628889143308863,0.28115417034660445,2.5173778292037535e-05,0.0054600427018302,1
0.7109374999999984,0.0010628889143308895,0.28040932935862867,2.519646834608478e-05,0.005181663999923416,1
0.726562499999999,0.0010628889143308895,0.27966242738374353,2.5266025737278836e-05,0.004903113939965611,1
0.7421874999999997,0.0010628889143308863,0.27891268021851895,2.539434613543927e-05,0.004624181420451875,1
0.7578125000000039,0.0010628889143308978,0.27815935242510126,2.556534979022343e-05,0.004344625503864472,1
0.7734374999999992,0.0010628889143308863,0.277401772249229,2.5742807426524104e-05,0.004064316057099699,1
0.789062499999994,0.001062888914330881,0.27663938574645847,2.589684640350858e-05,0.003783275167265103,1
0.8046875000000095,0.001062888914330903,0.27587182112246655,2.6026813233570543e-05,0.0035015862203712214,1
0.8203124999999978,0.0010628889143308863,0.2750989234441731,2.616047203466902e-05,0.0032192320425984,1
0.835937499999995,0.001062888914330881,0.27432073914395366,2.6329129672571026e-05,0.002935974807032778,1
0.8515625000000044,0.0010628889143308913,0.2735374893316347,2.6530640853851626e-05,0.002651368740381653,1
0.867187499999998,0.0010628889143308895,0.27274962325402724,2.6717560255204048e-05,0.0023648441242484484,1
0.882812500000002,0.0010628889143308895,0.27195800921140234,2.6838893918977997e-05,0.0020758818108811737,1
0.8984375000000006,0.0010628889143308913,0.27116359788286126,2.6841959125847245e-05,0.00178387162591461,1
0.9140624999999915,0.001062888914330881,0.2703702520175166,2.678325101645291e-05,0.0014887206519661048,1
0.9296875000000145,0.0010628889143308995,0.2695741386282997,2.6250181404576362e-05,0.0011870918629663576,1
0.9453124999999978,0.0010628889143308895,0.26881074635282726,2.6714438055310998e-05,0.000886950022284549,1
0.9609374999999925,0.001062888914330881,0.26795377000361237,2.2653467734096244e-05,0.0005438881388042141,1
0.976562500000002,0.0010628889143308913,0.2675221601848644,3.678811661684968e-05,0.00032779496547973854,1
0.9921874999999997,0.0010628889143308895,0.2653549322973675,7.09323254955006e-05,-0.0004649396806467606,1
0.0078125,0.001417870261185107,0.9210402292111277,0.036180525820182476,0.0658188349484937,1
0.0234375,0.001417870261185107,0.8368687833381234,0.01258284577066495,0.021031288263584372,1
0.03906250000000001,0.0014178702611851073,0.7412801468093732,0.006919216086722736,0.01985744039393707,1
0.05468749999999999,0.001417870261185107,0.6655624854409306,0.004288808528967513,0.019648797874287454,1
0.0703125,0.0014178702611851066,0.6086531962592286,0.0028475000458483774,0.018625474899500862,1
0.08593750000000001,0.0014178702611851075,0.5654706301677515,0.0020241755925894276,0.01775466802601431,1
0.10156250000000012,0.0014178702611851082,0.5322634326200284,0.0015046496260319102,0.017076516724184063,1
0.11718749999999986,0.0014178702611851069,0.506330709604886,0.001154165871933671,0.01651625654090981,1
0.1328125,0.0014178702611851069,0.48575257752539414,0.0009070364068794365,0.016032613030080096,1
0.14843750000000008,0.0014178702611851073,0.4691813991156444,0.0007264963274883772,0.015603218563271935,1
0.16406249999999994,0.0014178702611851069,0.4556648805088095,0.0005907504152976023,0.015213486655445228,1
0.17968750000000017,0.0014178702611851088,0.44451732267582467,0.0004863375897261691,0.014853033380988635,1
0.19531249999999956,0.0014178702611851038,0.4352342897157661,0.00040457802332541875,0.014514268215452614,1
0.21093750000000108,0.001417870261185113,0.4274372596563647,0.0003396478670177291,0.01419166926304513,1
0.22656249999999936,0.0014178702611851023,0.42083662902357116,0.0002875135169372074,0.01388109589714706,1
0.24218750000000017,0.0014178702611851097,0.415207250161189,0.0002452803749500981,0.013579391662056111,1
0.2578125000000002,0.0014178702611851082,0.4103720529149453,0.00021080604535224354,0.013284231002311601,1
0.27343749999999944,0.0014178702611851038,0.4061901349976435,0.000182488641989302,0.012993857125758826,1
0.2890625000000009,0.0014178702611851123,0.4025481502615544,0.00015911191130352033,0.012706941503672839,1
0.3046874999999993,0.0014178702611851023,0.3993543375875881,0.00013973049933668292,0.012422560383389715,1
0.3203125000000002,0.0014178702611851097,0.39653396272742153,0.00012360932220716,0.012140070804919375,1
0.33593749999999906,0.0014178702611851023,0.3940255440408211,0.00011017679623455661,0.011858956904301825,1
0.35156249999999994,0.0014178702611851097,0.39177818152039967,9.896773443445145e-05,0.01157881541881734,1
0.3671875000000004,0.0014178702611851082,0.38974976665669286,8.959261548634214e-05,0.01129936075159983,1
0.38281249999999917,0.0014178702611851038,0.3879053017327069,8.173841777469771e-05,0.011020323932682903,1
0.39843749999999906,0.0014178702611851023,0.38621545607023344,7.515168032497721e-05,0.010741489699352689,1
0.4140625000000044,0.001417870261185122,0.3846556529440723,6.961863045661952e-05,0.010462765793804263,1
0.42968749999999967,0.0014178702611851023,0.38320537289800005,6.496566714055799e-05,0.010184153416661798,1
0.445312499999998,0.0014178702611851038,0.3818473357030629,6.106224168088983e-05,0.009905670703926407,1
0.46093749999999944,0.0014178702611851023,0.3805668178956115,5.78033844252764e-05,0.009627345055857313,1
0.47656250000000205,0.0014178702611851153,0.3793513455271336,5.5091520412794216e-05,0.00934921395401882,1
0.4921874999999993,0.0014178702611851038,0.37819046497817055,5.283928993821648e-05,0.009071259750856913,1
0.5078124999999983,0.0014178702611851008,0.3770753362184612,5.0975223751509724e-05,0.00879339339701472,1
0.5234375000000019,0.0014178702611851153,0.37599837486664134,4.943782113740178e-05,0.008515523349303666,1
0.539062499999999,0.0014178702611851038,0.3749530986057618,4.817032387198882e-05,0.008237629498261272,1
0.5546874999999989,0.0014178702611851038,0.3739340295067272,4.712670180291913e-05,0.007959753522402848,1
0.570312499999998,0.0014178702611851008,0.37293649475892043,4.627620600215846e-05,0.0076819694680285,1
0.5859375000000059,0.0014178702611851236,0.37195644332760175,4.559842303634343e-05,0.007404351429973298,1
0.6015624999999993,0.0014178702611851038,0.37099039218288826,4.5076771453547894e-05,0.007126926360637098,1
0.6171874999999977,0.0014178702611851008,0.3700353822058445,4.4697977137314044e-05,0.006849610678658201,1
0.6328125000000032,0.0014178702611851153,0.36908886055968587,4.4448438422670556e-05,0.006572231932527763,1
0.6484374999999974,0.0014178702611851038,0.36814854857733664,4.4307096435410616e-05,0.006294619772959657,1
0.664062499999999,0.0014178702611851038,0.36721238576888515,4.42426045500722e-05,0.006016707391946837,1
0.6796874999999989,0.0014178702611851008,0.36627853554419565,4.4224655053552764e-05,0.005738547632062234,1
0.6953125000000024,0.0014178702611851153,0.3653454105632641,4.424038330375672e-05,0.005460253704664298,1
0.7109374999999987,0.0014178702611851038,0.3644116470948394,4.430265012655363e-05,0.005181877106631319,1
0.7265624999999986,0.0014178702611851008,0.3634760587898353,4.443615199998037e-05,0.004903328987774663,1
0.742187500000003,0.0014178702611851153,0.36253758236094485,4.465116741927609e-05,0.004624397150155296,1
0.7578124999999983,0.0014178702611851038,0.36159524224372874,4.492758935721793e-05,0.004344840727805994,1
0.7734374999999967,0.0014178702611851038,0.3606481496885761,4.522355512087398e-05,0.0040645310020504056,1
0.7890625000000052,0.0014178702611851123,0.35969556747060555,4.55043451109173e-05,0.003783491351761026,1
0.8046874999999908,0.0014178702611850956,0.35873695759033236,4.576558503621565e-05,0.0035018053977284576,1
0.8203125000000056,0.0014178702611851153,0.3577720292263827,4.603419200268644e-05,0.0032194544342618128,1
0.8359375000000122,0.001417870261185129,0.3568006952489699,4.634107166154208e-05,0.0029361989875333525,1
0.8515624999999927,0.0014178702611850925,0.3558231142687598,4.668041305021832e-05,0.0026515925438039445,1
0.867187500000003,0.0014178702611851153,0.3548397229954953,4.699276650693692e-05,0.0023650669203528537,1
0.8828125000000032,0.0014178702611851153,0.35385146369386145,4.721154170819574e-05,0.0020761044538615122,1
0.8984374999999916,0.0014178702611850925,0.35285947341272467,4.725734911995492e-05,0.0017840954746913915,1
0.9140625000000068,0.0014178702611851183,0.35186764224874717,4.7192324804103526e-05,0.001488945493468533,1
0.9296874999999908,0.0014178702611850925,0.3508733010586139,4.643558923871509e-05,0.0011873227821051133,1
0.945312500000004,0.0014178702611851153,0.3499088727004863,4.70497257135062e-05,0.0008871737636956914,1
0.9609375000000042,0.0014178702611851153,0.34886207506603006,4.141532257872753e-05,0.0005441583221154056,1
0.9765624999999896,0.0014178702611850986,0.34819038942397246,6.345785556027909e-05,0.0003279158975350171,1
0.9921875000000014,0.0014178702611851153,0.34585934769894344,0.00010732135544171996,-0.0004650194929144447,1
0.0078125,0.001799134934838009,0.9632960717568618,0.03825358372151631,0.06476309278327101,1
0.023437499999999997,0.001799134934838009,0.912557230240571,0.014535799004800017,0.021518172433106886,1
0.03906250000000001,0.00179913493483801,0.8397977249108018,0.008759010159751036,0.019950143275501948,1
0.05468749999999997,0.0017991349348380082,0.7744857545633878,0.005856139855211129,0.019690161363677777,1
0.07031249999999997,0.0017991349348380078,0.7202110701423184,0.004090640935274219,0.018650424480906307,1
0.08593750000000017,0.0017991349348380104,0.6759052332105808,0.002999324696809406,0.017771037656103817,1
0.10156249999999986,0.0017991349348380065,0.6400882324670242,0.0022728814827580354,0.01708849055448059,1
0.11718750000000001,0.0017991349348380093,0.6111545920003851,0.0017651456839032076,0.01652549210431481,1
0.1328125000000002,0.0017991349348380114,0.5876561594841468,0.0013986060475886446,0.016039939410264888,1
0.14843749999999958,0.0017991349348380043,0.5684210744194582,0.0011265926928796886,0.01560914998614921,1
0.1640625000000003,0.0017991349348380101,0.5525423464567362,0.0009198791855201427,0.015218365450108734,1
0.17968750000000025,0.001799134934838012,0.5393258323142542,0.0007596901457255849,0.014857096872918696,1
0.19531249999999967,0.0017991349348380078,0.5282390045534354,0.0006335725787758453,0.014517687078375538,1
0.21093749999999978,0.001799134934838005,0.5188702368730632,0.0005330019969185733,0.014194569935437029,1
0.22656249999999967,0.0017991349348380078,0.5108977268071223,0.0004519867026883988,0.013883574343690037,1
0.24218750000000044,0.0017991349348380108,0.5040673304102553,0.00038617974083264957,0.013581522780344482,1
0.25781249999999967,0.0017991349348380065,0.4981767962426003,0.00033234161296999057,0.013286074698708116,1
0.2734375000000011,0.0017991349348380167,0.4930636642707416,0.0002880350029518353,0.012995461900733331,1
0.2890624999999988,0.0017991349348380006,0.48859631699559397,0.0002513962032992092,0.012708346726266063,1
0.3046874999999996,0.0017991349348380065,0.484667587982191,0.00022096956897419177,0.012423798090994177,1
0.3203125000000013,0.0017991349348380167,0.481189739046492,0.0001956202772900272,0.01214116692612532,1
0.3359374999999994,0.0017991349348380065,0.47809028389772695,0.00017446247134416892,0.011859932542555914,1
0.3515624999999991,0.0017991349348380093,0.4753090285510048,0.0001567746776303083,0.011579688279008186,1
0.36718750000000167,0.0017991349348380151,0.4727960050767276,0.00014195476410600288,0.011300146147469646,1
0.38281250000000006,0.0017991349348380065,0.47050953798596507,0.0001295171876532683,0.011021035145927094,1
0.3984374999999994,0.0017991349348380093,0.4684146116127721,0.00011906692913169982,0.010742138262184904,1
0.41406249999999734,0.0017991349348379948,0.46648180579078286,0.00011027156965542188,0.010463361630904736,1
0.4296875000000013,0.0017991349348380151,0.46468646064526165,0.00010286158587164115,0.01018470467825987,1
0.44531249999999967,0.0017991349348380065,0.4630077257837765,9.663260899200412e-05,0.009906183835183015,1
0.46093749999999906,0.0017991349348380093,0.4614278013672805,9.141908713689735e-05,0.00962782521010964,1
0.4765625000000031,0.0017991349348380151,0.45993156454796924,8.706756435392493e-05,0.009349665527368312,1
0.4921874999999992,0.0017991349348380093,0.4585062668672722,8.344026317145806e-05,0.00907168673831753,1
0.5078125000000023,0.0017991349348380151,0.4571410842750558,8.042295265792681e-05,0.008793799381405103,1
0.5234374999999961,0.0017991349348379976,0.45582670213610743,7.791816778280953e-05,0.008515911607525463,1
0.5390625000000023,0.001799134934838018,0.4545551351583503,7.583928036006844e-05,0.00823800281864756,1
0.5546875000000028,0.0017991349348380151,0.45331959459616966,7.411823606246199e-05,0.007960114155828268,1
0.5703124999999956,0.0017991349348379976,0.452114260359317,7.271027810551007e-05,0.00768231918654667,1
0.5859374999999998,0.0017991349348380034,0.45093407392352414,7.15838738669529e-05,0.007404691720969979,1
0.6015625000000017,0.001799134934838018,0.4497746621860644,7.070884897824392e-05,0.007127258495551698,1
0.6171874999999964,0.0017991349348379976,0.44863227539916717,7.005602509889121e-05,0.00684993556076957,1
0.6328125000000023,0.001799134934838018,0.44750365540764026,6.959637370790551e-05,0.0065725500521573894,1
0.6484375000000042,0.0017991349348380151,0.44638589182477184,6.929732329068949e-05,0.006294931588125625,1
0.6640624999999944,0.0017991349348379976,0.44527636303236484,6.912132909916198e-05,0.006017013986904689,1
0.6796875000000034,0.0017991349348380151,0.4441727359184734,6.903639895232405e-05,0.005738850944383243,1
0.6953125000000023,0.0017991349348380208,0.4430729730593394,6.902931734276565e-05,0.005460556021899302,1
0.7109374999999939,0.0017991349348379976,0.44197531359516007,6.911053719690799e-05,0.0051821798184489565,1
0.7265625000000031,0.0017991349348380095,0.44087819097609987,6.929848458518119e-05,0.004903632046153369,1
0.7421875000000034,0.0017991349348380095,0.43978019344328284,6.959500278864296e-05,0.004624699304213224,1
0.7578124999999948,0.001799134934837992,0.43868002053683375,6.997280109177546e-05,0.004345141154321021,1
0.7734375000000042,0.0017991349348380095,0.4375765036860457,7.038679369535343e-05,0.004064830278672352,1
0.7890624999999944,0.001799134934837992,0.4364686584892041,7.080216953750683e-05,0.0037837913871424642,1
0.8046875000000034,0.0017991349348380151,0.4353557430818552,7.121409842197124e-05,0.003502107938264935,1
0.8203125000000023,0.0017991349348380095,0.43423725578373745,7.16452607067778e-05,0.00321975971400104,1
0.8359374999999865,0.0017991349348379744,0.4331129253087163,7.212009231030459e-05,0.0029365050926395994,1
0.851562500000006,0.0017991349348380095,0.43198272228202605,7.262389294236439e-05,0.002651897352442352,1
0.867187500000005,0.0017991349348380095,0.4308469722506984,7.30845599524948e-05,0.0023653697329307963,1
0.8828124999999933,0.0017991349348379976,0.4297065414054873,7.342043068696415e-05,0.002076406593801466,1
0.8984375000000028,0.0017991349348380095,0.42856257438118606,7.352507724939358e-05,0.0017843990850197923,1
0.9140625000000046,0.0017991349348380151,0.42741880602336657,7.345498608392922e-05,0.0014892504373296095,1
0.9296874999999942,0.0017991349348379976,0.4262733938590665,7.249392163464551e-05,0.0011876369829279965,1
0.9453125000000053,0.0017991349348380095,0.4251555011617128,7.319089489881467e-05,0.0008874751604653038,1
0.9609375000000042,0.0017991349348380095,0.423966462374009,6.634756241937353e-05,0.0005445270170765951,1
0.9765624999999922,0.001799134934837992,0.42310283879896093,9.618536056781497e-05,0.0003279989413745931,1
0.992187500000005,0.0017991349348380151,0.4207220298569698,0.00014728216420490392,-0.00046520974620942277,1
0.0078125,0.0022086289904097523,0.991188450752644,0.039196574963255654,0.06365977160442904,1
0.0234375,0.0022086289904097523,0.9645172141548317,0.01597022691208554,0.02207571633412237,1
0.0390625,0.0022086289904097523,0.9125649715346787,0.010274132588445348,0.020060745207085725,1
0.0546875,0.002208628990409752,0.860630301161844,0.00730165168401873,0.019740233421054295,1
0.0703125,0.002208628990409752,0.8132758612925912,0.0053449073697213615,0.018681629876165166,1
0.0859375,0.002208628990409753,0.7715120475955061,0.004052154842199459,0.017791741808715542,1
0.10156249999999989,0.0022086289904097492,0.7356853446184476,0.0031437832725200207,0.017103891496993578,1
0.11718750000000014,0.002208628990409756,0.7054409330524226,0.002482044265924798,0.016537628898272098,1
0.13281250000000006,0.002208628990409753,0.6800690209255017,0.00198966691483313,0.016049776501612132,1
0.14843750000000006,0.0022086289904097523,0.6587937462927619,0.0016163066775426618,0.015617277499843043,1
0.16406250000000006,0.0022086289904097536,0.6409052516726456,0.001328186146993358,0.015225178719574989,1
0.17968750000000006,0.0022086289904097523,0.6257991170231784,0.0011024182108718254,0.014862872865681788,1
0.19531249999999986,0.0022086289904097523,0.6129770341172746,0.0009231959714473884,0.014522627744098661,1
0.21093749999999958,0.002208628990409746,0.6020338871039705,0.0007793687216137072,0.014198827279583251,1
0.2265625000000012,0.0022086289904097644,0.59264120537425,0.0006629193812653627,0.013887265547867466,1
0.24218749999999933,0.002208628990409749,0.5845325893148625,0.0005679301025168163,0.013584740834222491,1
0.2578124999999999,0.002208628990409751,0.5774917210653902,0.0004899372946040534,0.013288895255544823,1
0.2734375000000003,0.0022086289904097523,0.5713420965924378,0.0004255493075747665,0.01299794695419299,1
0.28906250000000006,0.0022086289904097523,0.5659389643656227,0.00037214794043361924,0.012710547434181523,1
0.3046875000000001,0.002208628990409755,0.5611632889836666,0.0003276754401784675,0.012425756776610295,1
0.3203124999999999,0.0022086289904097523,0.5569167734435936,0.00029051994284655863,0.01214291831788051,1
0.33593749999999994,0.002208628990409755,0.5531176361789436,0.0002594169461361553,0.011861505208073424,1
0.35156250000000006,0.0022086289904097497,0.5496975814872662,0.00023333449845231843,0.011581106505363585,1
0.3671875000000001,0.0022086289904097523,0.5465995949889972,0.00021141200310073973,0.011301431168801689,1
0.3828124999999999,0.0022086289904097523,0.5437758534877317,0.00019295282543031717,0.01102220557293747,1
0.3984374999999996,0.0022086289904097523,0.5411859916256005,0.0001773872405342943,0.010743210468531869,1
0.41406250000000006,0.002208628990409755,0.5387959306907895,0.00016423611476663207,0.010464349846247716,1
0.4296874999999982,0.00220862899040974,0.5365769241724366,0.00015311147174819364,0.010185620749506514,1
0.4453125000000052,0.0022086289904097766,0.5345045353690385,0.00014371735422182035,0.00990703709130052,1
0.46093749999999994,0.0022086289904097523,0.5325578215201404,0.0001358128402021827,0.009628623127071545,1
0.47656249999999734,0.0022086289904097375,0.5307188978441368,0.00012917604112492245,0.009350414663816729,1
0.49218749999999944,0.0022086289904097523,0.5289725866658939,0.0001236068576961572,0.009072393107398116,1
0.5078124999999977,0.0022086289904097375,0.5273059099601357,0.00011893696354294668,0.00879446869260393,1
0.523437500000002,0.00220862899040977,0.5257076558562297,0.00011502254946421707,0.008516549132655623,1
0.539062499999998,0.00220862899040974,0.5241681543565968,0.00011173790228371502,0.008238613175926604,1
0.554687500000002,0.0022086289904097644,0.5226791136522722,0.00010898726510190918,0.007960700949666218,1
0.570312500000002,0.0022086289904097644,0.5212333725114175,0.00010670869493743869,0.0076828850158304944,1
0.5859374999999966,0.00220862899040974,0.51982467375689,0.00010485771445307627,0.0074052386179614986,1
0.601562499999996,0.0022086289904097453,0.5184475726052044,0.00010338805322692254,0.007127788341411484,1
0.6171875000000034,0.0022086289904097592,0.5170973625135152,0.00010224951701344917,0.0068504501104530505,1
0.6328124999999977,0.00220862899040974,0.515769926716464,0.00010139075688828797,0.006573050873515536,1
0.648437500000002,0.0022086289904097644,0.5144615870748267,0.00010076146531988991,0.006295420197040312,1
0.6640625000000048,0.0022086289904097592,0.5131690317249787,0.00010031553912688648,0.006017492246353532,1
0.6796874999999961,0.0022086289904097453,0.5118892939492522,0.00010002159757848134,0.005739321278002259,1
0.6953124999999957,0.00220862899040974,0.5106197603242815,9.986949047457047e-05,0.005461020866901095,1
0.7109375000000048,0.0022086289904097644,0.5093581358786501,9.986824444442392e-05,0.005182640870536255,1
0.7265624999999973,0.00220862899040974,0.5081023788230299,0.00010002632700093613,0.004904089548295587,1
0.7421875000000034,0.0022086289904097644,0.5068506356278158,0.00010032945771168863,0.004625152691195754,1
0.7578125000000048,0.0022086289904097644,0.5056012192151599,0.00010073814243526714,0.004345590131295459,1
0.7734374999999944,0.00220862899040974,0.5043526040320109,0.00010120370949106625,0.004065275853108909,1
0.789062500000002,0.0022086289904097644,0.50310347663816,0.00010169571378081086,0.0037842354619905825,1
0.8046874999999934,0.00220862899040974,0.5018527753424491,0.00010221351280771656,0.003502552276456265,1
0.8203125000000075,0.0022086289904097644,0.5005997000565103,0.00010277602521264207,0.0032202044603490405,1
0.8359374999999925,0.00220862899040974,0.4993436888973714,0.00010339558804378426,0.0029369487725694424,1
0.851562500000002,0.0022086289904097644,0.4980844871219396,0.00010404264936319435,0.0026523378586936317,1
0.8671874999999876,0.002208628990409716,0.4968221990935348,0.00010462880078498327,0.00236580682995996,1
0.8828125000000119,0.0022086289904097835,0.4955575141451847,0.00010505689519743231,0.0020768418038446435,1
0.8984375000000089,0.0022086289904097644,0.4942914410606392,0.00010519141046951766,0.0017848348690151204,1
0.9140624999999831,0.002208628990409721,0.4930273961115196,0.00010508309570092305,0.0014896872703550486,1
0.9296875000000148,0.0022086289904097887,0.49176389299989914,0.000103900211881682,0.0011880850918221356,1
0.9453124999999838,0.002208628990409716,0.49052766217322824,0.00010463014561588578,0.0008879041298171442,1
0.9609375000000061,0.0022086289904097644,0.4892293037342635,9.673214245507643e-05,0.0005450419088004787,1
0.9765624999999947,0.00220862899040974,0.48822518851289853,0.00013409289815466857,0.0003280585908581746,1
0.9921875000000034,0.0022086289904097644,0.48584726908289405,0.00018946519165543248,-0.0004654859345798358,1
0.0078125,0.0026484425717258468,1.009203741323942,0.03930177103269508,0.06251290299354093,1
0.023437500000000003,0.0026484425717258468,0.9991990334467994,0.016963132573484245,0.02268725775213425,1
0.03906249999999998,0.002648442571725845,0.9642843077089176,0.011437354402391988,0.020188272401143494,1
0.05468750000000005,0.0026484425717258494,0.9258214399035054,0.008536623341050079,0.019798320448629888,1
0.07031250000000003,0.00264844257172585,0.8876755863177698,0.006513318802994843,0.018718938647737226,1
0.08593749999999983,0.002648442571725842,0.8512975758146523,0.005105850368536752,0.017816625017386577,1
0.1015625000000002,0.0026484425717258537,0.8179627165430949,0.004066637099090284,0.01712256218373832,1
0.11718749999999994,0.002648442571725844,0.7882900287475897,0.0032757193242490055,0.016552578052110318,1
0.13281249999999994,0.0026484425717258468,0.7623420792568367,0.002666068586683808,0.016062117456946273,1
0.14843750000000025,0.0026484425717258533,0.7398693496135327,0.0021910398854835676,0.015627665661006044,1
0.16406249999999947,0.002648442571725839,0.7204897545123725,0.0018168587339989493,0.015234045718654301,1
0.1796874999999999,0.002648442571725844,0.7037910453168771,0.0015190775147227004,0.014870519319197731,1
0.1953125000000003,0.002648442571725854,0.6893821820237573,0.0012798718050011989,0.014529273852812346,1
0.21093750000000047,0.0026484425717258533,0.6769145696305984,0.0010861216714697906,0.01420464059194605,1
0.22656249999999925,0.0026484425717258377,0.6660867881413406,0.0009280767462071898,0.013892376998272993,1
0.24218750000000047,0.0026484425717258507,0.6566428651068069,0.000798350765325794,0.013589256217960428,1
0.2578125000000006,0.0026484425717258554,0.6483677192902526,0.0006912654036212676,0.01329290211058374,1
0.273437499999999,0.0026484425717258377,0.6410811507716112,0.0006024400149699572,0.01300151823075767,1
0.28906250000000033,0.0026484425717258533,0.6346323371773483,0.0005284479683751733,0.0127137444095817,1
0.3046875000000006,0.0026484425717258533,0.6288952107213661,0.00046656972547261727,0.012428631073297924,1
0.32031249999999895,0.0026484425717258377,0.6237642246234907,0.0004146591000981972,0.01214551284136112,1
0.335937499999999,0.00264844257172584,0.6191505818293995,0.0003710198271922474,0.011863855503956994,1
0.35156250000000033,0.0026484425717258507,0.6149794502906295,0.0003342620175261029,0.011583243025129092,1
0.36718749999999917,0.00264844257172584,0.611187809227066,0.00030322609189956573,0.011303380922712974,1
0.38281250000000094,0.0026484425717258554,0.6077223671689106,0.0002769694910920998,0.011023992584766404,1
0.39843750000000033,0.0026484425717258533,0.6045378291988458,0.00025471740175342416,0.010744856344118217,1
0.41406250000000094,0.0026484425717258533,0.6015956887857384,0.00023581748676978372,0.01046587388657858,1
0.42968750000000094,0.002648442571725858,0.5988632237444859,0.0002197401077308021,0.010187039129543532,1
0.4453124999999956,0.002648442571725822,0.5963124272462527,0.00020607746061001705,0.009908362458370273,1
0.4609375000000016,0.002648442571725858,0.5939191726492775,0.00019449585385015197,0.009629865398813598,1
0.4765625000000016,0.0026484425717258533,0.5916627339681866,0.0001846901155057849,0.0093515823053621,1
0.49218750000000094,0.0026484425717258533,0.5895253667972774,0.00017638597550680485,0.009073494129548491,1
0.507812500000001,0.0026484425717258533,0.587491785896909,0.00016935101335049227,0.008795510974013248,1
0.5234375000000016,0.002648442571725858,0.585548700810965,0.0001633861699818624,0.008517540577125683,1
0.539062500000001,0.0026484425717258533,0.5836845751224217,0.0001583187471840352,0.0082395611217225,1
0.5546874999999961,0.002648442571725827,0.581889437773359,0.00015401757352409074,0.007961611161812385,1
0.570312500000001,0.0026484425717258533,0.5801546155902595,0.00015039684689625428,0.007683761269333442,1
0.5859375000000003,0.0026484425717258533,0.578472496200915,0.00014739333972598945,0.007406083214272416,1
0.601562500000001,0.0026484425717258533,0.5768364104814072,0.000144939686554759,0.00712860310452096,1
0.6171875000000016,0.002648442571725858,0.5752405305134175,0.00014296088384404987,0.0068512371943935555,1
0.6328124999999997,0.0026484425717258533,0.5736797173282229,0.00014137994640728234,0.006573813150475838,1
0.6484374999999958,0.002648442571725827,0.5721493659451218,0.0001401260408599242,0.0062961612874359646,1
0.664062500000001,0.0026484425717258533,0.5706453305638082,0.00013914226486303808,0.006018216157671283,1
0.6796874999999961,0.002648442571725832,0.5691639034997836,0.00013839553433768164,0.0057400315897099515,1
0.6953125000000069,0.0026484425717258793,0.5677017972243779,0.0001378765322917803,0.005461720083085841,1
0.7109374999999951,0.002648442571725827,0.566256104629149,0.00013759027068680477,0.005183329828948553,1
0.7265625000000091,0.0026484425717258793,0.5648242002498858,0.0001375326376223759,0.004904768123977032,1
0.7421874999999868,0.002648442571725801,0.5634036956789981,0.00013767146545002628,0.004625820926211709,1
0.7578125000000088,0.002648442571725874,0.5619924081459815,0.0001379539152972308,0.004346249444449196,1
0.7734374999999946,0.002648442571725832,0.5605883753471199,0.00013832763301870768,0.004065928897538776,1
0.7890625000000084,0.0026484425717258793,0.5591898884389847,0.0001387658040328919,0.003784884915773468,1
0.8046874999999949,0.002648442571725827,0.5577955193711396,0.00013927088333392482,0.003503199223684012,1
0.8203125000000034,0.002648442571725848,0.5564041022234752,0.00013985588013220823,0.0032208480571092307,1
0.8359375000000029,0.002648442571725848,0.5550147412303491,0.0001405191117863472,0.002937586640586837,1
0.8515625000000022,0.002648442571725858,0.5536268492422348,0.00014121412502246102,0.002652968322975444,1
0.8671875000000016,0.002648442571725858,0.5522402480122506,0.00014183589789426454,0.0023664304629472444,1
0.882812500000001,0.002648442571725838,0.5508553361167385,0.00014227078203394767,0.002077461463768211,1
0.8984374999999837,0.002648442571725796,0.5494728586748996,0.00014235336260465863,0.0017854550196432003,1
0.9140625000000224,0.00264844257172592,0.548095892503857,0.0001421305532891391,0.001490308746836148,1
0.929687499999983,0.002648442571725796,0.5467229874100625,0.00014064849530725116,0.0011887205367382627,1
0.9453125000000204,0.0026484425717259005,0.5453792166550111,0.00014134078946345652,0.0008885088490790395,1
0.9609374999999823,0.002648442571725796,0.5439811480021254,0.0001322796707334053,0.0005457548647850172,1
0.9765625000000211,0.0026484425717259105,0.5428615016776722,0.00017688021699727743,0.00032809601693793337,1
0.9921874999999818,0.002648442571725796,0.5404959421542821,0.0002333908291604495,-0.00046581863660136787,1
0.0078125,0.0031208205798510433,1.0203223054886381,0.038783823019546915,0.06132571993230519,1
0.023437499999999997,0.0031208205798510433,1.021450646606775,0.017597603090331954,0.023337293549145325,1
0.03906250000000001,0.0031208205798510438,0.9995246683256883,0.012265757089109184,0.020331796244466984,1
0.05468749999999999,0.0031208205798510416,0.9729227128333533,0.009516772012228156,0.019863616695010473,1
0.07031250000000006,0.003120820579851045,0.9444912572321479,0.00752116033465896,0.018762123566372146,1
0.08593749999999993,0.003120820579851043,0.9152286245790658,0.006083973082930554,0.017845457539282572,1
0.10156249999999988,0.0031208205798510386,0.886480285161207,0.004979460636180562,0.017144171633431453,1
0.11718750000000015,0.0031208205798510446,0.8593041515030417,0.0041029265767293915,0.01656999043602422,1
0.13281250000000003,0.003120820579851046,0.8343190562874822,0.00340117499242044,0.01607665140826499,1
0.1484375000000001,0.003120820579851047,0.8117807421975903,0.0028366706157629453,0.015640066104162336,1
0.16406249999999983,0.0031208205798510386,0.7916968486303498,0.0023804071607895537,0.015244784583332754,1
0.1796875000000002,0.0031208205798510446,0.7739279617999703,0.0020098118606163107,0.014879914539460855,1
0.1953125000000002,0.0031208205798510446,0.7582626531037636,0.001707267581304092,0.014537553988822307,1
0.21093749999999903,0.003120820579851035,0.7444654672901343,0.0014590359300537656,0.014211978718816697,1
0.2265625000000002,0.0031208205798510446,0.7323036191584676,0.0012544141804118549,0.01389890895539605,1
0.24218750000000025,0.003120820579851047,0.7215611980925752,0.0010849787035016598,0.01359509318331623,1
0.2578125000000005,0.003120820579851047,0.7120451296751569,0.000944063108101102,0.013298137599245653,1
0.27343749999999994,0.0031208205798510425,0.7035859880665863,0.0008264052326494376,0.013006231180825495,1
0.2890624999999989,0.003120820579851033,0.696036937481488,0.0007278082226211105,0.012718002308441632,1
0.3046875000000018,0.003120820579851059,0.6892718699279903,0.0006448915395677492,0.012432491914746307,1
0.3203124999999989,0.003120820579851033,0.683182854168981,0.0005749558678618994,0.012149025500093941,1
0.3359375000000003,0.0031208205798510494,0.6776774521143724,0.0005158446364017346,0.01186706096058568,1
0.35156250000000205,0.003120820579851061,0.6726766429231609,0.0004657782477189671,0.011586176926815241,1
0.36718749999999845,0.003120820579851033,0.6681130361779838,0.00042326791798169366,0.011306075196764229,1
0.3828124999999986,0.003120820579851033,0.6639289853866224,0.00038709764116132286,0.011026475865028041,1
0.3984375000000018,0.0031208205798510568,0.660075017985219,0.00035626184906226084,0.010747154666969714,1
0.4140624999999977,0.003120820579851033,0.6565086996981541,0.0003299110061949258,0.010468010722930016,1
0.42968749999999845,0.0031208205798510373,0.6531936309616136,0.0003073514859334473,0.010189034423191157,1
0.4453125000000024,0.0031208205798510568,0.6500984019784178,0.00028804253739835625,0.009910231856867653,1
0.46093749999999817,0.003120820579851033,0.6471957756723149,0.0002715386050414303,0.009631621246290896,1
0.47656250000000355,0.003120820579851061,0.6444621866916731,0.0002574355457879635,0.009353235435632525,1
0.4921874999999973,0.003120820579851033,0.6418773027348836,0.00024537250038006144,0.009075054767885145,1
0.5078124999999992,0.003120820579851033,0.6394234636067505,0.00023504358479243582,0.008796989423309285,1
0.5234375000000018,0.003120820579851061,0.6370852241936676,0.00022618624034494614,0.00851894716937189,1
0.5390624999999983,0.003120820579851033,0.6348490864742443,0.0002185726055518217,0.008240905512087138,1
0.5546875000000018,0.0031208205798510568,0.6327032850500688,0.00021202725675064808,0.007962900936587945,1
0.5703124999999986,0.0031208205798510373,0.6306375132420052,0.00020643109084213628,0.007685001256731721,1
0.585937499999997,0.003120820579851028,0.6286426747158507,0.0002016935949047378,0.0074072762871179205,1
0.6015624999999977,0.003120820579851028,0.6267107487645063,0.0001977201276051724,0.007129751749575157,1
0.6171875000000098,0.003120820579851085,0.6248346784082742,0.00019440717999682727,0.006852344614739788,1
0.632812499999998,0.003120820579851033,0.6230082059790913,0.00019165082927700438,0.00657488379616235,1
0.6484374999999963,0.003120820579851033,0.621225714750431,0.000189358641072034,0.00629720051380949,1
0.6640624999999983,0.003120820579851033,0.6194821391313221,0.00018745980605042436,0.006019229265756887,1
0.6796875000000041,0.003120820579851066,0.6177729263465702,0.0001859144211356516,0.0057410228137111585,1
0.6953124999999896,0.0031208205798509995,0.6160940197930939,0.00018470811684566778,0.0054626918431156055,1
0.7109375000000173,0.0031208205798511227,0.6144417910486591,0.0001838374290431802,0.005184283042494505,1
0.7265624999999889,0.0031208205798509995,0.6128129652778164,0.00018328394049568617,0.0049057030568458075,1
0.742187500000003,0.003120820579851066,0.611204561659166,0.0001829987933510246,0.004626738842889825,1
0.7578124999999871,0.0031208205798509995,0.6096138677491696,0.0001829167179452853,0.004347153008127667,1
0.7734375000000053,0.003120820579851066,0.608038432993506,0.00018298053634171042,0.004066821627520871,1
0.7890625000000041,0.0031208205798510568,0.6064760914356917,0.00018316384670497127,0.0037857694796831374,1
0.8046875000000053,0.0031208205798510568,0.6049249596163464,0.00018346736722347186,0.0035040764190631996,1
0.8203124999999883,0.003120820579851009,0.6033834488258597,0.00018389563201104842,0.00322171677655979,1
0.835937500000003,0.0031208205798510568,0.6018502690695438,0.00018443220043281788,0.0029384451140622965,1
0.8515624999999866,0.003120820579851009,0.6003244974169144,0.0001850145815506791,0.0026538153466595825,1
0.8671875000000077,0.003120820579851066,0.598805624390299,0.00018552121638032594,0.0023672675549013204,1
0.8828125000000041,0.003120820579851038,0.597293716062699,0.00018582109131707152,0.0020782921853312376,1
0.898437500000003,0.003120820579851066,0.5957891974169889,0.00018571933133797408,0.0017862847364503536,1
0.9140624999999878,0.0031208205798509904,0.594294716691208,0.00018526034756921503,0.001491138754076529,1
0.9296875000000053,0.003120820579851066,0.5928087192237378,0.0001833489094981625,0.0011895671356257323,1
0.945312499999986,0.0031208205798509904,0.5913548805037625,0.00018389067164568715,0.0008893118303175803,1
0.9609375000000268,0.0031208205798511227,0.5898543646892754,0.0001734034468627017,0.0005467008329065838,1
0.9765624999999842,0.0031208205798509904,0.5886247566371952,0.0002248766630531563,0.00032808786160940564,1
0.9921875000000053,0.003120820579851066,0.586260898965798,0.0002793309855712851,-0.00046617187346668085,1
0.0078125,0.0036281741315367425,1.026650978599386,0.03781105562239909,0.06010085487112605,1
0.0234375,0.003628174131536742,1.0349091015633045,0.017954504389430893,0.024011518305477052,1
0.03906250000000001,0.0036281741315367425,1.022339453397246,0.012803811413484883,0.020490420075646252,1
0.05468749999999999,0.003628174131536742,1.005210182719944,0.010237225681619493,0.01993526859241375,1
0.07031249999999993,0.003628174131536737,0.9856413231295411,0.008324378716611222,0.018810984797671567,1
0.08593750000000012,0.003628174131536746,0.963980786215713,0.006922184799998657,0.017878147979739106,1
0.10156250000000008,0.003628174131536746,0.9411527698093035,0.005816247999959982,0.017168498070307833,1
0.11718749999999983,0.003628174131536737,0.918131331022392,0.004907633614875612,0.016589537074343436,1
0.13281249999999983,0.003628174131536738,0.895716850759677,0.004153150014962429,0.016092999243025055,1
0.1484374999999999,0.003628174131536736,0.8744798881155914,0.003525045924595678,0.015654100011017583,1
0.1640625000000006,0.003628174131536756,0.8547639899244778,0.0030018302947328094,0.015257048864869348,1
0.1796874999999999,0.003628174131536736,0.8367225158396426,0.0025658974092916944,0.014890758809357732,1
0.1953124999999997,0.003628174131536738,0.8203718055311172,0.0022024516950301092,0.014547218159195355,1
0.21093750000000075,0.003628174131536756,0.8056412498187538,0.001899065937265704,0.014220638317931623,1
0.22656249999999983,0.003628174131536738,0.7924116605608993,0.0016453980544950475,0.013906699139021917,1
0.24218749999999975,0.003628174131536738,0.7805427926910083,0.0014328352325127464,0.013602124556711259,1
0.25781249999999967,0.0036281741315367403,0.7698904233758324,0.001254254463492111,0.013304503701388914,1
0.2734374999999996,0.0036281741315367403,0.7603155524914944,0.0011038338711235956,0.01301201170057025,1
0.2890625000000009,0.0036281741315367538,0.7516895472307912,0.00097679213350381,0.01272326649107278,1
0.3046874999999982,0.0036281741315367182,0.7438964790093865,0.0008691894062422844,0.012437300369802168,1
0.32031250000000117,0.003628174131536758,0.7368333256482337,0.0007778240758107075,0.012153430049003763,1
0.33593750000000105,0.0036281741315367538,0.7304092152499884,0.000700097354561966,0.011871105490867378,1
0.3515624999999985,0.0036281741315367182,0.7245446677395655,0.0006338391350338718,0.011589900103348814,1
0.36718750000000133,0.0036281741315367538,0.7191705811019394,0.0005772217834480499,0.011309512165896715,1
0.3828125000000009,0.0036281741315367538,0.7142268492889635,0.0005287411368948901,0.01102965837453221,1
0.3984374999999982,0.003628174131536722,0.7096611688382304,0.0004871430039730904,0.010750111967192706,1
0.4140625000000017,0.0036281741315367538,0.705428130412279,0.0004513617704546875,0.01047076974801363,1
0.4296875000000008,0.0036281741315367538,0.7014883414516917,0.0004205212276185657,0.010191618224436379,1
0.4453124999999974,0.003628174131536722,0.6978074551570236,0.0003939299003739728,0.009912658616362638,1
0.46093750000000155,0.0036281741315367538,0.6943554384668259,0.00037101396410401234,0.009633905385365085,1
0.47656249999999684,0.0036281741315367182,0.6911061075905001,0.000351255908332241,0.009355389506184569,1
0.49218750000000133,0.0036281741315367494,0.6880366644456986,0.00033419649261038297,0.009077090878572232,1
0.5078124999999973,0.003628174131536722,0.685127151860981,0.0003194456259422866,0.008798919745911005,1
0.5234375000000016,0.0036281741315367494,0.6823599908526612,0.0003066667487736139,0.008520784278492486,1
0.5390625000000066,0.003628174131536785,0.6797197167258214,0.00029556660083133416,0.008242661430075555,1
0.5546874999999923,0.0036281741315366952,0.6771927543965172,0.0002859153922580284,0.007964585150296471,1
0.5703124999999963,0.003628174131536722,0.6747671293936066,0.0002775519837423051,0.007686619738316487,1
0.5859375000000066,0.003628174131536785,0.6724322187190415,0.0002703516597891683,0.007408832337496165,1
0.6015625000000077,0.003628174131536785,0.6701786035000962,0.00026418745812819194,0.007131248035279932,1
0.6171874999999855,0.0036281741315366597,0.6679979371380808,0.00025892359937723766,0.006853785024585664,1
0.6328124999999963,0.003628174131536731,0.6658827814188913,0.00025442496317593837,0.006576274186753309,1
0.6484375000000077,0.0036281741315367937,0.6638264390397649,0.0002505723409283477,0.0062985482000125275,1
0.6640625000000088,0.003628174131536785,0.6618228579188962,0.0002472752717936296,0.006020541442474275,1
0.6796874999999949,0.003628174131536731,0.6598665934544221,0.0002444817328873543,0.005742304592495375,1
0.6953124999999963,0.003628174131536722,0.657952764356049,0.00024216946733031383,0.005463945667316269,1
0.7109374999999977,0.003628174131536722,0.6560769875975223,0.00024032560444185857,0.005185509174641338,1
0.7265625000000088,0.0036281741315367937,0.6542352826787359,0.00023891675475172842,0.004906901843751519,1
0.742187499999996,0.003628174131536722,0.6524240299302992,0.00023787536153241424,0.004627912480959636,1
0.7578124999999952,0.003628174131536731,0.6506399281706851,0.00023711967535704285,0.004348305957571018,1
0.7734375000000088,0.003628174131536785,0.6488799957294084,0.000236583407754243,0.004067958866771964,1
0.7890624999999979,0.003628174131536722,0.6471415677027488,0.0002362379930162081,0.0037868941851178545,1
0.8046874999999949,0.003628174131536731,0.6454222847895601,0.000236082894714238,0.0035051887982730846,1
0.8203124999999963,0.003628174131536731,0.6437201044463374,0.00023611503700212542,0.003222815116220763,1
0.835937500000011,0.003628174131536785,0.6420333273117426,0.000236303230816311,0.002939527258730278,1
0.8515625000000088,0.003628174131536785,0.6403606379984764,0.00023656583829121357,0.0026548809077750627,1
0.8671874999999938,0.003628174131536731,0.6387011682322896,0.00023676029533300222,0.0023683190902571,1
0.8828124999999816,0.0036281741315366597,0.6370545995803609,0.00023673565373136986,0.002079334866906247,1
0.898437500000011,0.0036281741315367937,0.6354209818049215,0.0002362677017179663,0.0017873260375487342,1
0.914062500000011,0.003628174131536785,0.6338025481481454,0.00023540053813269317,0.0014921794668788584,1
0.9296874999999949,0.003628174131536731,0.632197560643297,0.00023288664685894045,0.001190628740788576,1
0.9453124999999941,0.003628174131536731,0.6306284400094515,0.00023312873842195402,0.0008903125810926585,1
0.9609374999999999,0.003628174131536714,0.629020385407929,0.00022089396344497915,0.0005478930701307132,1
0.976562500000011,0.0036281741315368024,0.6276794923739768,0.00027873778334021446,0.00032799050056400416,1
0.9921874999999982,0.003628174131536722,0.6253011743577482,0.0003279174382930964,-0.000466496765765151,1
0.0078125,0.004173092866068245,1.0297180174387661,0.036515817407206545,0.05884073811954568,1
0.023437499999999997,0.004173092866068244,1.042278699057562,0.01810441444009461,0.024697090451102053,1
0.03906250000000002,0.0041730928660682455,1.0361309511695826,0.013107971329488568,0.02066334817462294,1
0.054687499999999965,0.004173092866068243,1.025985155676308,0.010722790652078614,0.020012380844148223,1
0.07031249999999997,0.004173092866068241,1.0136347013861984,0.008912955703175717,0.018865279490309063,1
0.08593750000000014,0.004173092866068251,0.9989621680211872,0.007580925209758683,0.017914719528309326,1
0.10156249999999997,0.004173092866068241,0.9823971844461195,0.006520400997972153,0.017195510801674987,1
0.11718749999999997,0.004173092866068242,0.9645510086651343,0.00562966779484437,0.016611070299594816,1
0.13281249999999992,0.004173092866068242,0.9460606609489767,0.004867926260298819,0.01611090165617272,1
0.14843749999999997,0.00417309286606824,0.9275238026415616,0.004212892559293195,0.01566943432191119,1
0.16406249999999983,0.004173092866068242,0.9094412737522379,0.003649468749133076,0.015270476234719985,1
0.17968750000000058,0.004173092866068258,0.8921811082168282,0.003165977535443487,0.014902694604114213,1
0.19531249999999983,0.004173092866068242,0.8759763526647343,0.0027522915019121126,0.014557934009237833,1
0.21093750000000003,0.004173092866068245,0.8609444482405585,0.002399228643900701,0.01423032161167164,1
0.22656249999999897,0.004173092866068225,0.847115120425052,0.0020984444878243583,0.013915486889743546,1
0.24218750000000083,0.004173092866068259,0.8344594224913027,0.0018423777798685318,0.013610125542379843,1
0.2578125000000007,0.004173092866068256,0.8229128232413924,0.0016243353068661115,0.01331180852588259,1
0.2734374999999987,0.004173092866068225,0.8123915131099565,0.0014385406441637545,0.013018696829822004,1
0.28906250000000094,0.004173092866068256,0.8028041609500326,0.0012800256314158117,0.012729398898683708,1
0.30468749999999845,0.004173092866068225,0.7940593926706087,0.0011445482563606864,0.01244293966691995,1
0.3203125000000012,0.004173092866068259,0.786069765601192,0.0010285665209213918,0.012158627606407816,1
0.33593749999999845,0.004173092866068225,0.778753819949287,0.0009291356260290375,0.011875905247251599,1
0.35156250000000094,0.004173092866068256,0.7720373927618807,0.0008437483817766312,0.011594341497463153,1
0.36718750000000133,0.004173092866068252,0.7658539261842767,0.0007702663611417624,0.011313631434991733,1
0.38281249999999845,0.004173092866068225,0.7601439614095428,0.0007069089246641206,0.011033488528562797,1
0.3984375000000016,0.004173092866068256,0.7548546502374012,0.0006521732595753849,0.010753683893764686,1
0.41406249999999845,0.004173092866068221,0.749939306171676,0.0006047711113280009,0.01047411232847431,1
0.42968750000000183,0.004173092866068259,0.7453567827866986,0.0005636342208729269,0.010194756620101912,1
0.4453125000000017,0.004173092866068259,0.7410707064207441,0.0005279090418517792,0.009915612759842285,1
0.4609374999999938,0.004173092866068191,0.7370489182439226,0.000496880921829197,0.009636691117599822,1
0.476562500000002,0.004173092866068259,0.733263099427713,0.00046990726954458786,0.009358020901602494,1
0.4921875000000024,0.004173092866068259,0.7296883620015481,0.00044641982103378586,0.009079581267678744,1
0.507812500000005,0.004173092866068291,0.7263027072344304,0.00042593422048029146,0.008801282745099706,1
0.5234374999999984,0.004173092866068221,0.7230866137202842,0.0004080296734249705,0.008523034106101035,1
0.5390624999999883,0.004173092866068152,0.7200227860437168,0.00039233668054118863,0.008244811937576898,1
0.5546875000000063,0.0041730928660682984,0.7170959266544382,0.0003785611846602493,0.007966647549886886,1
0.570312500000006,0.004173092866068291,0.7142924512630399,0.00036649121374962747,0.007688601053858777,1
0.5859374999999984,0.004173092866068221,0.7116002363631564,0.0003559609464910292,0.00741073630104031,1
0.6015624999999883,0.00417309286606816,0.709008470825471,0.00034680605928195094,0.007133077618399986,1
0.6171875000000073,0.004173092866068291,0.7065075271253577,0.00033885399501785567,0.006855544609528113,1
0.632812500000007,0.0041730928660682984,0.704088781332613,0.00033193348121811394,0.006577970824389984,1
0.6484374999999974,0.004173092866068221,0.7017444456686373,0.0003258923259517556,0.006300190911031672,1
0.6640624999999964,0.004173092866068221,0.6994674691954924,0.00032061352613494,0.006022138976161792,1
0.6796874999999974,0.004173092866068229,0.6972514821258978,0.00031602750338826984,0.005743863077079963,1
0.6953125000000081,0.004173092866068291,0.6950907537190818,0.00031210113262207094,0.00546546739241961,1
0.7109374999999974,0.004173092866068221,0.6929801051542793,0.0003088116169112286,0.005186994025097662,1
0.7265624999999984,0.004173092866068221,0.6909148323694532,0.00030611008658495227,0.004908349988631221,1
0.7421875000000093,0.004173092866068291,0.6888906462837109,0.00030390727220006285,0.0046293271236812995,1
0.7578124999999964,0.004173092866068229,0.6869036435446274,0.00030210006588971407,0.004349693168982235,1
0.7734374999999933,0.004173092866068221,0.6849502847073815,0.00030060760484729073,0.004069325182522271,1
0.7890624999999964,0.004173092866068221,0.6830273780882746,0.00029939675518215445,0.0037882432770587567,1
0.8046875000000103,0.0041730928660682984,0.6811320583296208,0.00029846641831334707,0.003506520445494114,1
0.8203124999999964,0.004173092866068229,0.6792618097691043,0.00029780792215745487,0.003224126782118281,1
0.8359374999999974,0.004173092866068229,0.6774144908354263,0.0002973748154341486,0.0029408168184276184,1
0.8515624999999943,0.004173092866068229,0.6755883942482411,0.0002970623584082043,0.0026561483881273828,1
0.8671875000000114,0.004173092866068306,0.6737822549850162,0.00029670204862662327,0.0023695687706250298,1
0.8828124999999943,0.004173092866068229,0.6719953616726142,0.0002961206752768844,0.0020805737377643675,1
0.8984375000000109,0.004173092866068291,0.6702273838589111,0.0002950619370351401,0.0017885631495420267,1
0.9140624999999781,0.004173092866068152,0.6684800857595018,0.0002935733057819468,0.0014934156640543199,1
0.9296874999999974,0.004173092866068245,0.6667515451172887,0.00029024857696059134,0.0011918908588507428,1
0.9453125000000259,0.0041730928660683834,0.6650629189640906,0.00028999432829800495,0.0008914941246361429,1
0.9609374999999768,0.004173092866068152,0.6633432861719466,0.00027567029036517564,0.0005493321181393894,1
0.9765625000000117,0.004173092866068274,0.661888773273404,0.00033924635229257876,0.00032775062973638313,1
0.9921874999999933,0.004173092866068245,0.6594804611242288,0.0003799129859078134,-0.0004667211669547283,1
0.0078125,0.004758358163328574,1.0306320667717779,0.034999649613818774,0.05754804294819888,1
0.023437500000000003,0.0047583581633285745,1.0455531040312163,0.01810455934402298,0.02538266855992876,1
0.03906249999999998,0.004758358163328572,1.043628719803022,0.013235233367276729,0.02084993693075959,1
0.05468750000000003,0.004758358163328577,1.0382836099857666,0.011015063871228595,0.020094067893833188,1
0.07031250000000003,0.004758358163328577,1.0312715689292302,0.009305812533395599,0.018924662306426247,1
0.08593749999999986,0.004758358163328567,1.0222685077171123,0.00805193808922083,0.017955199759558022,1
0.10156250000000003,0.004758358163328576,1.0113752680705896,0.007058884207458225,0.01722529722437238,1
0.11718750000000003,0.004758358163328576,0.9988480304269557,0.006219418545455822,0.016634633950292712,1
0.13281250000000008,0.004758358163328578,0.9850146838124583,0.005489550831337891,0.016130302311976503,1
0.14843750000000008,0.0047583581633285745,0.970270191895456,0.004846591046319313,0.01568590068684342,1
0.16406250000000014,0.004758358163328578,0.95504423965694,0.004277380135408793,0.015284810179100428,1
0.17968749999999947,0.004758358163328555,0.9397486923743205,0.003773870339777504,0.014915413714996894,1
0.19531250000000028,0.004758358163328576,0.9247353598209085,0.0033302009152806704,0.01456937504161588,1
0.21093749999999997,0.004758358163328576,0.9102719637720088,0.0029412239048460546,0.014240707296287038,1
0.22656250000000094,0.004758358163328597,0.8965378122524297,0.0026018703425710605,0.013924969934619825,1
0.24218749999999922,0.004758358163328555,0.883635277939788,0.002306944508363485,0.013618820100571633,1
0.25781249999999933,0.004758358163328555,0.8716061059779122,0.002051322130603976,0.013319804495480873,1
0.27343750000000117,0.004758358163328597,0.8604478673895005,0.0018301638505425187,0.013026067086510867,1
0.2890624999999991,0.004758358163328555,0.8501294198365912,0.0016389697173797776,0.012736206574509452,1
0.30468750000000144,0.004758358163328597,0.8406026673155476,0.0014736624851773507,0.012449240860884392,1
0.32031249999999933,0.004758358163328555,0.8318104400580407,0.0013306842616998976,0.012164470517323158,1
0.33593750000000144,0.004758358163328597,0.8236919985919545,0.0012069607093512125,0.011881331090785211,1
0.3515624999999991,0.004758358163328559,0.8161871183732662,0.0010997888158979332,0.011599387792007294,1
0.3671874999999983,0.004758358163328559,0.8092382780606008,0.0010068125774249806,0.011318333253496989,1
0.3828124999999984,0.004758358163328567,0.8027915364267212,0.0009260339941925509,0.011037878029852972,1
0.3984375000000019,0.004758358163328586,0.7967971659803907,0.0008557355426326592,0.010757791822135963,1
0.4140625000000042,0.004758358163328628,0.7912099631732228,0.0007944242889737226,0.01047796837112937,1
0.4296874999999951,0.004758358163328525,0.785989121439113,0.0007408478873986158,0.010198386901363073,1
0.44531249999999534,0.004758358163328525,0.7810978075464743,0.0006939910405937456,0.00991903801367476,1
0.46093750000000916,0.004758358163328662,0.7765029245514351,0.0006529932152554756,0.009639927892519036,1
0.4765625000000024,0.004758358163328586,0.7721749421735584,0.0006170796611629928,0.009361083644734374,1
0.49218749999999417,0.004758358163328525,0.7680875642544146,0.0005855665681180114,0.009082483825308586,1
0.5078124999999944,0.004758358163328525,0.7642172791162326,0.0005578690493751051,0.008804039189205467,1
0.5234375000000014,0.0047583581633285936,0.7605430122073054,0.0005334749182416236,0.008525659712948308,1
0.5390625000000109,0.00475835816332867,0.7570459355670409,0.0005119302557349116,0.00824732230794494,1
0.5546874999999932,0.004758358163328525,0.7537092679673256,0.0004928675351531491,0.007969055553544022,1
0.5703124999999934,0.004758358163328525,0.7505179897920177,0.00047601484377118565,0.007690914825939982,1
0.5859375000000023,0.0047583581633285936,0.7474586102131356,0.0004611568654010654,0.007412959797178096,1
0.6015625000000109,0.00475835816332867,0.7445190312400255,0.0004480851164760773,0.0071352133411320354,1
0.6171874999999941,0.004758358163328517,0.741688411034895,0.0004365859016464699,0.006857596751477135,1
0.6328124999999925,0.004758358163328517,0.7389569873430308,0.0004264486062350206,0.006579947075002367,1
0.6484375000000033,0.0047583581633285936,0.7363159065290292,0.0004174840740923678,0.006302102026718902,1
0.6640625000000023,0.004758358163328586,0.7337571297408106,0.00040954295058369264,0.00602399605227413,1
0.6796875000000033,0.004758358163328608,0.7312733833794481,0.00040253101659981123,0.0057456736680108565,1
0.6953124999999934,0.004758358163328525,0.7288580924377308,0.00039639815890563237,0.005467233955084541,1
0.7109375000000033,0.0047583581633285936,0.7265053038865417,0.00039110795253022914,0.005188715127658959,1
0.7265625000000043,0.004758358163328579,0.7242095802159961,0.00038659498922209793,0.004910024876199494,1
0.7421874999999922,0.004758358163328525,0.7219659554333457,0.00038274797211962955,0.0046309593273957915,1
0.7578125000000023,0.0047583581633285936,0.719769899299984,0.0003794403314643641,0.004351290801902697,1
0.7734374999999947,0.004758358163328525,0.7176172963496664,0.0003765729487346333,0.004070897277819721,1
0.7890625000000157,0.004758358163328647,0.7155044172383054,0.0003741032831591066,0.0037897948626577018,1
0.8046874999999913,0.00475835816332854,0.713427897415029,0.0003720263334215251,0.003508050697701861,1
0.8203125000000023,0.004758358163328579,0.7113847441882676,0.00037032669316480824,0.003225631572004047,1
0.8359375000000149,0.004758358163328662,0.7093723753537177,0.0003689425965589729,0.002942292474780103,1
0.851562499999992,0.00475835816332854,0.707388653678482,0.00036774497292232385,0.0026575955371517085,1
0.8671874999999903,0.004758358163328509,0.7054319046936602,0.0003665381246046971,0.0023709935596486842,1
0.8828125000000023,0.0047583581633285936,0.703501003767838,0.0003651243148674668,0.002081985931280151,1
0.8984374999999784,0.004758358163328441,0.7015952136430151,0.0003632135251288714,0.001789975538312848,1
0.9140625000000308,0.0047583581633287315,0.6997158561847605,0.00036085539384218774,0.0014948279702597254,1
0.9296875000000052,0.0047583581633285936,0.6978608023603914,0.0003564749715130832,0.0011933363002895492,1
0.9453124999999769,0.004758358163328426,0.6960499784590757,0.00035547272379321066,0.0008928356914727378,1
0.9609375000000303,0.0047583581633287315,0.694216286035423,0.00033870550924097726,0.0005510135051010402,1
0.9765624999999721,0.004758358163328441,0.6926464194216094,0.0004072456665153771,0.00032731233092417376,1
0.9921875000000052,0.0047583581633285936,0.6901950852467355,0.0004361182384811415,-0.00046674591046743134,1
0.0078125,0.0053869573405466555,1.030183253219664,0.033338386451608935,0.056225911139437756,1
0.0234375,0.005386957340546655,1.0461785109520374,0.0179985727982245,0.02605824350919433,1
0.0390625,0.005386957340546654,1.0469228917169613,0.01323598757363607,0.021049696602764473,1
0.0546875,0.005386957340546655,1.0446763071025238,0.011160146659475805,0.020179527698671224,1
0.0703125,0.005386957340546654,1.041291079183358,0.009539252721095206,0.01898869194209057,1
0.08593750000000003,0.0053869573405466555,1.0364152867662617,0.008354454639418281,0.01799954382049819,1
0.10156249999999997,0.005386957340546654,1.0300125530530035,0.007429054559487849,0.01725794335685309,1
0.11718750000000003,0.005386957340546654,1.0221383361229632,0.006652296164410304,0.016660367012296617,1
0.13281249999999997,0.005386957340546652,1.012874206126289,0.005976211941799129,0.016151319275510903,1
0.14843750000000008,0.005386957340546652,1.0023617087205228,0.005374762387733617,0.01570353505655814,1
0.16406249999999944,0.005386957340546636,0.9908190917768984,0.004832475838235782,0.015299980342876785,1
0.1796875000000006,0.005386957340546675,0.9785258686150619,0.00434075448776652,0.014928748672541115,1
0.1953125000000006,0.005386957340546671,0.9657931511336778,0.003894979257258675,0.014581304318107963,1
0.21093749999999922,0.00538695734054664,0.9529255833835168,0.003492540383579879,0.014251519504372886,1
0.22656249999999933,0.00538695734054664,0.9401895034875709,0.0031314244180401067,0.013934858974588519,1
0.24218750000000072,0.005386957340546671,0.9277964106036112,0.002809377477052849,0.013627923252030187,1
0.25781250000000105,0.005386957340546668,0.9158975168396726,0.0025237744462469603,0.013328221545397171,1
0.2734374999999989,0.005386957340546636,0.904587872456486,0.0022716805513943042,0.013033872539860453,1
0.2890624999999989,0.005386957340546636,0.8939171914805756,0.002049913269613642,0.012743461773908402,1
0.30468750000000117,0.005386957340546668,0.8839010851461754,0.0018552485913384638,0.012455998678451546,1
0.32031250000000105,0.005386957340546675,0.8745306891015479,0.0016846395066529084,0.01217077479982369,1
0.3359374999999964,0.005386957340546591,0.8657809719137061,0.001535264732400126,0.011887218849007914,1
0.3515625000000013,0.005386957340546668,0.8576177163399114,0.0014044974773641122,0.011604893277071546,1
0.36718750000000117,0.005386957340546675,0.8500019152421623,0.001289959185915416,0.011323488516159433,1
0.3828125000000039,0.005386957340546714,0.8428924546982286,0.001189570316425641,0.011042712358389313,1
0.39843749999999867,0.0053869573405466225,0.836248372394842,0.0011014889996642891,0.01076233378228807,1
0.41406249999999256,0.005386957340546559,0.8300303009736009,0.0010240777975410293,0.010482246174420557,1
0.42968750000000455,0.005386957340546714,0.824201087096787,0.0009559400020377077,0.010202425861143427,1
0.4453125000000048,0.005386957340546714,0.8187259699733666,0.0008959217799309495,0.009922858317912004,1
0.4609374999999919,0.005386957340546552,0.8135728752199499,0.0008430274585253342,0.009643545862334004,1
0.4765624999999982,0.0053869573405466295,0.8087125687758511,0.0007963545739314076,0.009364514083020758,1
0.492187500000005,0.005386957340546714,0.8041185361660123,0.0007551059104616976,0.009085740538224005,1
0.5078125000000057,0.005386957340546707,0.7997666518115962,0.0007185964913859615,0.008807136195616223,1
0.5234374999999991,0.0053869573405466295,0.7956350005644443,0.0006862206916403962,0.008528612341010081,1
0.5390624999999903,0.005386957340546566,0.7917037836300777,0.000657435716201716,0.008250146563276379,1
0.5546875000000059,0.005386957340546707,0.7879551627457942,0.0006317944059178428,0.007971765156968324,1
0.5703125000000066,0.005386957340546707,0.7843730158998466,0.0006089573806847582,0.007693518597066612,1
0.5859374999999883,0.005386957340546566,0.7809427398321672,0.0005886517821418519,0.007415462131398784,1
0.6015624999999973,0.0053869573405466295,0.7776511468837535,0.0005706180870452488,0.007137617115059198,1
0.6171875000000059,0.005386957340546707,0.7744863516166253,0.000554597122924035,0.006859906225944777,1
0.6328125000000066,0.0053869573405467205,0.7714375847822669,0.0005403368320162361,0.006582170195574166,1
0.6484374999999973,0.005386957340546643,0.768495032883475,0.0005276085909566099,0.006304250177973126,1
0.6640624999999886,0.005386957340546552,0.7656497513424696,0.0005162256814387416,0.006026081140111418,1
0.6796874999999973,0.005386957340546643,0.7628936047682362,0.0005060620893531071,0.005747704251408391,1
0.6953125000000193,0.005386957340546784,0.7602192160592033,0.0004970429949754663,0.005469212753545189,1
0.7109374999999866,0.005386957340546552,0.757619871604893,0.0004891129951986938,0.005190640762705026,1
0.7265625000000052,0.0053869573405467205,0.7550894345878422,0.00048218850422827864,0.004911896288089789,1
0.7421874999999991,0.0053869573405466295,0.7526222828665079,0.0004761365421832976,0.004632780428119496,1
0.7578124999999973,0.0053869573405466295,0.7502132836311672,0.00047080664763543166,0.004353070669214913,1
0.7734375000000153,0.005386957340546798,0.7478577526479075,0.00046607845350194973,0.004072646188274167,1
0.7890624999999745,0.005386957340546476,0.7455514214140477,0.0004618946934135984,0.0037915187010069684,1
0.8046875000000215,0.00538695734054677,0.7432904148773583,0.0004582407668102733,0.0035097487924397874,1
0.8203124999999956,0.0053869573405466295,0.7410712630069207,0.00045509170351361864,0.003227299229281616,1
0.835937499999974,0.005386957340546476,0.7388909353480373,0.0004523696360583551,0.0029439258923884557,1
0.851562500000022,0.005386957340546784,0.7367468828086754,0.0004499219921647596,0.0026591955687589983,1
0.8671874999999973,0.0053869573405466295,0.7346370114454525,0.00044752554817868934,0.0023725681345951313,1
0.8828124999999973,0.0053869573405466295,0.7325597872737795,0.0004449567018836627,0.0020835469796966917,1
0.8984375000000189,0.005386957340546798,0.7305140812537821,0.0004418918649275515,0.0017915377005635561,1
0.9140624999999727,0.005386957340546476,0.7285007324663995,0.00043837558768085885,0.0014963903664473922,1
0.9296874999999991,0.0053869573405466295,0.7265174156572581,0.0004326541607475769,0.0011949406410900352,1
0.9453125000000246,0.005386957340546798,0.7245827994080274,0.00043059801608746933,0.0008943131531823808,1
0.9609374999999705,0.005386957340546476,0.7226336507668942,0.00041102649234180924,0.0005529336597739703,1
0.9765625000000273,0.005386957340546798,0.7209474144693758,0.0004836334229322446,0.0003266227211393522,1
0.9921874999999956,0.005386957340546643,0.7184427000872122,0.0004973731248511205,-0.00046643372920115707,1
0.0078125,0.006062098900193048,1.0289178633134382,0.03158732290288443,0.05487802818414411,1
0.023437499999999997,0.006062098900193049,1.0451676845668028,0.01781739246033195,0.026714867989388477,1
0.03906250000000002,0.0060620989001930504,1.047546326673623,0.013150897545122305,0.02126224466152532,1
0.05468749999999997,0.006062098900193047,1.0471810806377941,0.011200019107418066,0.02026810866824344,1
0.0703125000000001,0.006062098900193057,1.0460764924220292,0.009654377690889579,0.019056883876490047,1
0.08593749999999992,0.006062098900193047,1.0439337022583814,0.008523500885215082,0.01804763333525295,1
0.10156249999999997,0.006062098900193047,1.0406910865190322,0.007653697571759864,0.01729345974221494,1
0.11718749999999992,0.006062098900193047,1.036347234114847,0.006933799835672204,0.01668838168757822,1
0.13281249999999997,0.006062098900193047,1.0308762852325284,0.006313877253561711,0.01617413143318099,1
0.14843750000000036,0.006062098900193069,1.0242624225593233,0.005765472399907967,0.01572251905722829,1
0.16406250000000036,0.006062098900193069,1.0165326545898123,0.005269971427253438,0.01531611027718959,1
0.17968749999999928,0.006062098900193025,1.0077722817998154,0.004815691437756259,0.014942728351903542,1
0.1953124999999994,0.006062098900193023,0.9981320408651927,0.004395840365778851,0.014593650213960866,1
0.21093750000000056,0.006062098900193065,0.9878156941102141,0.00400710914828366,0.01426260227879017,1
0.22656250000000056,0.006062098900193065,0.9770563010538341,0.0036482062238739495,0.013944940246238593,1
0.24218749999999917,0.006062098900193023,0.9660901735992915,0.0033186356384168076,0.013637190177185737,1
0.25781249999999917,0.006062098900193023,0.9551313769692861,0.003018066856311627,0.013336803891270298,1
0.27343750000000067,0.006062098900193065,0.9443557036688649,0.002745871898813666,0.013041860129958659,1
0.289062500000001,0.006062098900193065,0.9338963225388343,0.002500868541537432,0.012750922988987506,1
0.3046875000000009,0.006062098900193065,0.9238451836710676,0.0022814348730108265,0.012462987563567413,1
0.32031249999999895,0.006062098900193023,0.9142580685431716,0.002085717894791159,0.01217733271071428,1
0.3359375000000028,0.006062098900193115,0.9051621914080291,0.0019117084186807613,0.01189337905692819,1
0.35156249999999856,0.006062098900193023,0.8965643241169605,0.0017572931471516685,0.011610686350887642,1
0.36718749999999856,0.006062098900193023,0.888456620037482,0.00162040800926736,0.011328942614064252,1
0.38281249999999895,0.006062098900193023,0.8808210980721175,0.0014991404706555563,0.01104785250001002,1
0.3984374999999981,0.006062098900193023,0.8736338429262276,0.0013917014198974722,0.010767184878856246,1
0.41406250000000505,0.006062098900193121,0.8668678641735135,0.0012964372801500315,0.010486833780993994,1
0.4296874999999977,0.006062098900193023,0.8604947817724636,0.00121190056625372,0.010206772910155574,1
0.44531249999999895,0.006062098900193023,0.8544858793278998,0.0011368630945096563,0.009926982987694411,1
0.4609375000000028,0.006062098900193121,0.8488132217946692,0.0010702351612322033,0.009647463226134346,1
0.47656249999999895,0.006062098900193023,0.8434503343397064,0.0010110138513232103,0.009368237887653745,1
0.4921874999999977,0.006062098900193023,0.8383723746523558,0.0009583075198107729,0.009089283778887404,1
0.5078124999999981,0.006062098900193023,0.8335560886119889,0.0009113429326703396,0.008810511711683004,1
0.5234374999999986,0.006062098900193023,0.8289798824576676,0.000869426384619774,0.008531834661610043,1
0.5390625000000054,0.006062098900193121,0.824623909113409,0.000831927892747635,0.008253231698737434,1
0.5546874999999978,0.006062098900193023,0.8204700130276561,0.0007983204567105985,0.00797472708468042,1
0.5703124999999981,0.006062098900193035,0.8165015434336085,0.0007681955176048661,0.007696366524185136,1
0.5859375000000052,0.006062098900193121,0.8127032455256389,0.0007412192580035764,0.007418200643962824,1
0.6015624999999973,0.006062098900193035,0.8090612189560891,0.0007170770070265052,0.007140248847612448,1
0.6171875000000066,0.006062098900193095,0.8055628224322293,0.0006954605052479633,0.006862435135475401,1
0.6328124999999879,0.00606209890019295,0.8021965141265226,0.0006760728337856105,0.006584603901638884,1
0.6484375000000052,0.006062098900193095,0.7989517030224514,0.0006586419858276795,0.006306600268762425,1
0.6640624999999973,0.006062098900193035,0.7958186780686993,0.0006429391731548778,0.006028360563481863,1
0.6796875000000161,0.0060620989001931936,0.7927885723587499,0.0006288013712204112,0.00574992243410354,1
0.6953124999999793,0.006062098900192851,0.7898532994167595,0.0006161243787931044,0.005471373074737767,1
0.7109375000000161,0.0060620989001931936,0.7870054775296855,0.000604830558029828,0.005192741358566404,1
0.7265624999999777,0.006062098900192851,0.7842383231150093,0.0005948158645641716,0.004913935552619362,1
0.7421875000000178,0.0060620989001931936,0.7815456091393466,0.0005859233157077911,0.0046347620979713755,1
0.7578124999999981,0.006062098900193035,0.7789216259625635,0.0005779753542692169,0.004355004747098605,1
0.7734374999999978,0.00606209890019301,0.7763611470920334,0.0005708267853173475,0.004074544511543825,1
0.7890624999999973,0.006062098900193035,0.7738593929438854,0.0005644018670476954,0.0037933884028433485,1
0.8046874999999952,0.00606209890019301,0.7714120061413569,0.0005586741577638036,0.0035115893904302843,1
0.8203124999999964,0.006062098900193035,0.7690150596172007,0.0005536072433949654,0.0032291053472006475,1
0.8359375000000211,0.0060620989001931936,0.7666650958817426,0.0005491055711799448,0.0029456927085734857,1
0.8515624999999694,0.006062098900192851,0.7643591406740204,0.0005449912537045646,0.0026609244811496018,1
0.8671875000000228,0.0060620989001931936,0.7620946958243238,0.0005410111243330389,0.002374268698669251,1
0.8828124999999964,0.006062098900193035,0.7598698145677301,0.0005369145412068998,0.002085233605942869,1
0.8984374999999993,0.006062098900193023,0.7576829675567321,0.0005323438143642344,0.00179322813370956,1
0.9140624999999957,0.006062098900193061,0.7555345540377472,0.0005273279925657938,0.0014980821055912731,1
0.9296875000000194,0.0060620989001931806,0.7534220405903529,0.0005199362893629,0.0011966867488710175,1
0.9453124999999727,0.006062098900192864,0.7513628521812452,0.000516471458833568,0.0008959079000329316,1
0.9609375000000244,0.0060620989001931806,0.7492976717712415,0.0004937292264493171,0.0005550914105955973,1
0.9765624999999694,0.006062098900192864,0.7474946203887866,0.0005693653463250251,0.00032563308507525975,1
0.9921875000000261,0.0060620989001931806,0.7449286310892059,0.0005645692310359435,-0.0004656114946506673,1
0.0078125,0.006787228906851696,1.0271986505680553,0.02978615953594657,0.05350862334965676,1
0.023437500000000007,0.0067872289068516955,1.0432006441216182,0.017581250218264347,0.027344384032247638,1
0.03906249999999998,0.006787228906851692,1.0465640785645705,0.013010106346938763,0.02148721328118875,1
0.054687500000000035,0.006787228906851699,1.047279735056497,0.011168364382524078,0.020359337468289926,1
0.07031249999999996,0.00678722890685169,1.0475042188558314,0.009688216236235683,0.01912876761518384,1
0.08593749999999996,0.006787228906851692,1.0470190979749427,0.008597113177737785,0.018099323104035607,1
0.10156250000000026,0.006787228906851711,1.045783533466458,0.007768040749271932,0.017331785687344167,1
0.1171874999999999,0.00678722890685169,1.0438058448259604,0.007091556202372846,0.01671870066623212,1
0.13281250000000036,0.006787228906851711,1.0410497831093164,0.0065175068984374895,0.016198859573115548,1
0.14843749999999944,0.0067872289068516695,1.0374583106892723,0.006017178840386184,0.01574305053117765,1
0.16406249999999992,0.006787228906851693,1.03297439377816,0.005570675686929642,0.015333427442537477,1
0.17968749999999992,0.006787228906851696,1.0275580277374428,0.005163978046853851,0.014957553534021523,1
0.19531249999999992,0.006787228906851684,1.0212067859439566,0.004787370286572687,0.01460654061055255,1
0.2109375000000013,0.006787228906851731,1.013967102507597,0.0044347275566152,0.014273986648064363,1
0.22656249999999992,0.006787228906851696,1.005939289617218,0.00410264274646017,0.0139551501581213,1
0.24218749999999972,0.006787228906851684,0.9972723826513572,0.0037896691180116307,0.013646481839974722,1
0.2578124999999999,0.00678722890685169,0.988144986851766,0.0034957844029875735,0.01334536162320289,1
0.2734375000000013,0.006787228906851725,0.9787436932741937,0.00322157734687233,0.013049812138662862,1
0.28906249999999933,0.00678722890685169,0.9692452646349791,0.0029675703016608856,0.012758362622269929,1
0.30468749999999795,0.006787228906851649,0.9598021817377125,0.002733994470097742,0.012469981713009155,1
0.3203124999999999,0.006787228906851684,0.9505351757129147,0.0025207096735717104,0.012183926604258844,1
0.3359375000000001,0.00678722890685169,0.9415330234931767,0.0023271045762723766,0.011899606115945911,1
0.3515624999999999,0.00678722890685169,0.9328566598539731,0.002152136932729772,0.01161657595152226,1
0.3671875000000001,0.00678722890685169,0.9245431201124223,0.0019945450211832916,0.011334519628452548,1
0.3828124999999999,0.006787228906851678,0.9166102319350069,0.0018529733353661148,0.011053137611653333,1
0.39843749999999933,0.00678722890685169,0.9090622134609223,0.00172598405697895,0.010772199119187736,1
0.41406250000000483,0.006787228906851773,0.9018937190541592,0.0016121387833968992,0.01049159904305326,1
0.4296875000000001,0.00678722890685169,0.8950926354969092,0.001510116487770346,0.010211308583829763,1
0.4453124999999991,0.00678722890685169,0.8886422929426013,0.0014187432659875353,0.00993130392447229,1
0.4609374999999997,0.00678722890685169,0.8825237290198271,0.0013369253213665793,0.00965158190223675,1
0.4765624999999987,0.006787228906851678,0.8767170516835227,0.0012636251980379439,0.009372166389268246,1
0.4921875000000001,0.00678722890685169,0.871202120119309,0.001197906191290925,0.009093033032026824,1
0.5078124999999991,0.00678722890685169,0.865958908797255,0.0011389408616362376,0.008814092522439736,1
0.5234374999999997,0.00678722890685169,0.8609680384707431,0.0010859692999143024,0.008535259876909255,1
0.5390625000000056,0.006787228906851773,0.8562111304856055,0.0010382890067716214,0.008256516220360477,1
0.5546875000000001,0.006787228906851678,0.8516709016641706,0.0009953041324061917,0.00797788449727381,1
0.5703124999999983,0.00678722890685169,0.8473311193241284,0.0009565438760519698,0.007699405710121718,1
0.5859375000000004,0.00678722890685169,0.84317663447293,0.0009216162523244221,0.007421125930814575,1
0.6015625000000003,0.00678722890685169,0.8391934421926701,0.0008901515985499736,0.007143062729943295,1
0.6171874999999911,0.006787228906851608,0.8353686515217424,0.0008617915400210242,0.006865140912588193,1
0.6328125000000079,0.006787228906851785,0.8316903484058646,0.0008361925245647232,0.006587208505924951,1
0.6484374999999911,0.006787228906851596,0.8281474898758406,0.0008130369462312027,0.0063091149606676845,1
0.6640625000000071,0.006787228906851785,0.8247298671502101,0.0007920512462515198,0.006030798390898859,1
0.6796874999999927,0.006787228906851608,0.821428082997643,0.0007730322811457111,0.005752293635894034,1
0.6953125000000079,0.006787228906851785,0.8182335230322789,0.0007558433884600486,0.005473681354417874,1
0.7109374999999896,0.006787228906851608,0.8151382639740901,0.0007403819409975556,0.005194984928805812,1
0.7265625000000087,0.006787228906851785,0.8121350010902537,0.0007265207061670728,0.004916112158391396,1
0.7421874999999896,0.00678722890685162,0.8092169968355156,0.0007140755354183869,0.004636875223423854,1
0.7578125000000079,0.006787228906851785,0.8063780503424485,0.0007028391261106904,0.0043570648179353366,1
0.7734374999999896,0.006787228906851596,0.8036124577841587,0.0006926381656795942,0.004076564382855284,1
0.7890625000000087,0.006787228906851808,0.8009149792025431,0.0006833760256161501,0.0037953763091267915,1
0.8046874999999881,0.006787228906851596,0.7982808126318949,0.0006750123010122174,0.0035135452431289374,1
0.8203125000000094,0.006787228906851808,0.7957056129136946,0.0006674967798984128,0.003231023306524036,1
0.8359375000000098,0.0067872289068517605,0.7931855177111773,0.0006607138619815343,0.0029475677559465084,1
0.8515625000000102,0.006787228906851785,0.7907171681105141,0.0006544580544643712,0.002662758131482461,1
0.8671874999999866,0.006787228906851596,0.7882976757766337,0.0006484446354238828,0.0023760725121745718,1
0.8828125000000079,0.006787228906851785,0.7859247029598362,0.0006423957791721604,0.002087024218541003,1
0.8984374999999881,0.00678722890685162,0.7835963562661223,0.0006359148228936001,0.0017950248806082078,1
0.9140625000000148,0.006787228906851785,0.781312570389802,0.0006290060665778361,0.0014998832451128107,1
0.9296874999999866,0.00678722890685162,0.7790706500491043,0.0006195716938688714,0.0011985579271333534,1
0.9453125000000125,0.006787228906851785,0.7768867557547549,0.0006142838967980248,0.0008976031070472625,1
0.960937499999985,0.0067872289068515715,0.7747055734288677,0.000587992180080261,0.0005574900225633175,1
0.9765625000000133,0.006787228906851808,0.7727857375445111,0.0006654575727123433,0.00032430310838018147,1
0.9921874999999866,0.0067872289068515715,0.7701526984695642,0.0006386353202500725,-0.0004640590130132192,1
0.0078125,0.007566048576658664,1.025255888890794,0.027963431780138204,0.052122425542349034,1
0.023437499999999997,0.007566048576658662,1.0407146893966326,0.017302118226107163,0.02793921198726638,1
0.03906250000000001,0.007566048576658664,1.044673531163603,0.012834341546936266,0.0217241318404549,1
0.054687499999999986,0.00756604857665866,1.0459838024730603,0.011089385907140682,0.020452919967331538,1
0.07031249999999997,0.0075660485766586615,1.0469270463303906,0.009669513087443102,0.01920390025689393,1
0.08593750000000008,0.00756604857665867,1.0473674465228062,0.008608137090152932,0.01815448681151512,1
0.10156249999999979,0.007566048576658646,1.0472908788050463,0.007807322732672438,0.017372849862884968,1
0.11718750000000014,0.007566048576658672,1.046734418744272,0.007160895287629409,0.016751281702831508,1
0.13281249999999972,0.007566048576658646,1.0456879825482772,0.006619089257262943,0.016225527633309936,1
0.14843750000000022,0.007566048576658668,1.0441106747836026,0.006154112298294363,0.01576523832682063,1
0.16406250000000014,0.007566048576658668,1.0419426045974691,0.0057464889600053306,0.015352120813011516,1
0.17968750000000022,0.007566048576658672,1.0391179193306832,0.005381848934228111,0.014973469456315605,1
0.19531250000000022,0.007566048576658672,1.035571771444284,0.00504927845039029,0.014620232755462289,1
0.210937499999999,0.00756604857665862,1.0312517103614196,0.004740627850992102,0.014285890691056475,1
0.22656250000000022,0.007566048576658672,1.0261334710881687,0.004449859513496011,0.013965628711566817,1
0.2421875000000003,0.007566048576658672,1.0202340913769763,0.004172879275578514,0.013655842718477279,1
0.2578125000000018,0.007566048576658712,1.013614833709184,0.003907592144229847,0.013353846970649442,1
0.273437499999997,0.007566048576658585,1.006378765689665,0.003653397432611017,0.013057608188103944,1
0.28906249999999867,0.007566048576658625,0.9986610618979204,0.003410653174060714,0.012765612932587577,1
0.30468750000000216,0.007566048576658712,0.9906111980991971,0.003180341592020236,0.01247678714939895,1
0.32031250000000216,0.007566048576658718,0.9823760805527079,0.002963619633983202,0.012190351858886382,1
0.3359374999999981,0.007566048576658631,0.9740884706636689,0.002761343266940805,0.011905695537161467,1
0.3515624999999983,0.007566048576658631,0.9658606881602664,0.002573902980496644,0.011622364105024829,1
0.36718750000000216,0.007566048576658712,0.9577804528744966,0.0024013247615760126,0.01134003116317135,1
0.3828125000000025,0.007566048576658701,0.9499114725400365,0.0022432856440488696,0.011058390473602655,1
0.3984374999999981,0.007566048576658642,0.9422976303505544,0.0020991178301386047,0.010777211709054964,1
0.4140624999999934,0.007566048576658528,0.9349663283412682,0.0019679570304292826,0.010496390399570376,1
0.4296875000000025,0.007566048576658712,0.9279316055447676,0.0018489009387640525,0.010215894166839205,1
0.4453125000000032,0.007566048576658712,0.9211972784282613,0.001741051767314957,0.009935694542561088,1
0.4609374999999974,0.00756604857665862,0.9147604601675685,0.001643476494252011,0.009655786991936215,1
0.4765624999999983,0.00756604857665862,0.9086136622398533,0.0015552320629294621,0.009376195091558329,1
0.4921875000000032,0.007566048576658723,0.9027460770599469,0.0014754368282979388,0.009096893362720567,1
0.507812500000004,0.007566048576658712,0.8971446252011186,0.0014032824423851405,0.008817792110626822,1
0.5234375000000032,0.007566048576658712,0.8917951443915271,0.001337994382050849,0.00853880909293854,1
0.5390624999999856,0.007566048576658458,0.8866831383098644,0.0012788367960511375,0.00825992854437592,1
0.5546875000000032,0.007566048576658701,0.8817941319559589,0.001225175565697583,0.00798117225642003,1
0.570312500000004,0.007566048576658723,0.8771138414812107,0.0011764989960427543,0.007702576738397194,1
0.5859374999999901,0.00756604857665855,0.8726284664605016,0.001132369748927663,0.007424183555080701,1
0.601562500000004,0.007566048576658712,0.8683249172504878,0.0010923708174620762,0.007146008188753305,1
0.6171875000000047,0.007566048576658712,0.8641908634564597,0.0010560990157777366,0.00686797630971254,1
0.632812500000004,0.007566048576658723,0.8602146757868393,0.00102316839207368,0.00658993961966485,1
0.6484375000000047,0.007566048576658712,0.8563853869152386,0.000993218937729538,0.006311752490297548,1
0.6640624999999883,0.00756604857665855,0.8526927184107198,0.000965933801203177,0.006033355837708786,1
0.6796875000000032,0.007566048576658712,0.8491271180174041,0.0009410690907421752,0.005754781659492245,1
0.6953125000000053,0.007566048576658712,0.8456797345843421,0.0009184533742570018,0.005476104052581274,1
0.7109374999999887,0.00756604857665855,0.8423423635030268,0.0008979560908573634,0.005197339677733775,1
0.7265625000000053,0.007566048576658734,0.839107371058904,0.0008794239321537216,0.004918395720449849,1
0.7421875000000047,0.007566048576658712,0.8359676762331171,0.0008626445994238563,0.0046390904991734545,1
0.757812500000004,0.00756604857665869,0.8329167166676451,0.0008473807358957082,0.00435922270450405,1
0.7734375000000018,0.00756604857665869,0.8299484244129652,0.0008334299727048884,0.004078679164163299,1
0.7890624999999883,0.00756604857665855,0.8270571997210375,0.0008206722532125071,0.0037974573866556573,1
0.8046875000000075,0.007566048576658734,0.8242378870942509,0.0008090490536881477,0.00351559266055092,1
0.820312500000004,0.007566048576658712,0.8214857951471852,0.0007984920742093566,0.003233030511909273,1
0.8359374999999685,0.007566048576658365,0.8187967226600984,0.0007888634941342537,0.0029495286660726028,1
0.8515625000000053,0.007566048576658712,0.8161669570305959,0.000779929447879826,0.002664674925185201,1
0.8671875000000047,0.007566048576658712,0.8135932652198083,0.0007713756590497605,0.002377958509840734,1
0.8828125000000068,0.007566048576658712,0.8110729524162403,0.0007628954088990899,0.002088898052996168,1
0.8984375000000032,0.007566048576658712,0.8086037753775929,0.0007540477948335656,0.0017969099418995546,1
0.9140624999999826,0.00756604857665855,0.8061852698990319,0.0007448046744929786,0.0015017778496082008,1
0.9296875000000075,0.00756604857665869,0.8038145953641778,0.0007329091440977546,0.0012005421852015591,1
0.9453125000000068,0.00756604857665869,0.8015066626875607,0.0007253172025684169,0.0008993874110930905,1
0.960937499999983,0.00756604857665855,0.7992102767122473,0.0006950801280809299,0.0005601353806558229,1
0.9765625000000324,0.0075660485766588965,0.7971742618775927,0.0007729839495459951,0.0003226017338193902,1
0.9921874999999822,0.007566048576658572,0.7944703878792503,0.0007205476194841976,-0.0004615033054596915,1
0.0078125,0.008402533169088136,1.023229182953651,0.026140166873840496,0.050724602233713556,1
0.023437499999999993,0.008402533169088134,1.037978875542981,0.01698609408040231,0.028492228075886916,1
0.039062500000000014,0.008402533169088141,1.042307253244882,0.012636978435157457,0.021972302531763317,1
0.05468749999999996,0.008402533169088127,1.0439369034815338,0.010978930788265154,0.020548726575754264,1
0.07031249999999993,0.008402533169088127,1.045239304997663,0.009617921696147664,0.019281863531461964,1
0.08593750000000017,0.008402533169088146,1.0461567675188057,0.00858071582056821,0.018213030023008718,1
0.10156249999999989,0.00840253316908813,1.046692757523863,0.007799793725029499,0.017416608906303196,1
0.11718749999999993,0.008402533169088127,1.0469088067373427,0.00717359290553352,0.016786077622182764,1
0.1328125000000003,0.00840253316908815,1.0468227335367775,0.006652747196000663,0.016254112979045783,1
0.1484374999999995,0.008402533169088101,1.046421390317234,0.006210623797242309,0.015789098905159636,1
0.1640625000000004,0.008402533169088146,1.04567254983137,0.005828768265847435,0.015372265711622344,1
0.1796875000000003,0.008402533169088146,1.044531602708816,0.00549348214722255,0.01499062944298558,1
0.19531249999999933,0.008402533169088107,1.0429400472047792,0.005194196863128996,0.014634953633049284,1
0.2109375000000004,0.008402533169088146,1.0408324464420886,0.00492256740334017,0.014298590583378512,1
0.22656249999999917,0.008402533169088107,1.0381429153735922,0.0046716232701058385,0.013976660562532653,1
0.24218750000000056,0.008402533169088146,1.0348136077690782,0.004435625736239521,0.013665516853044207,1
0.25781249999999933,0.008402533169088091,1.0308046143619052,0.00421026131812254,0.013362424067290655,1
0.2734375000000018,0.008402533169088199,1.0261067274994327,0.003992460175141909,0.013065316204065189,1
0.289062499999999,0.008402533169088096,1.020749208072401,0.00378042108445894,0.012772650292553502,1
0.304687499999999,0.008402533169088107,1.0147978334945738,0.0035737206226941244,0.01248330648186022,1
0.320312499999999,0.008402533169088107,1.0083484499722757,0.003372971919056115,0.012196460679850191,1
0.3359375000000028,0.008402533169088188,1.0015166667987028,0.0031792536901205926,0.011911472072383626,1
0.3515625000000026,0.008402533169088199,0.99442543354445,0.0029937965913465307,0.01162786518771752,1
0.367187499999999,0.008402533169088096,0.9871911852296406,0.002817828881966442,0.011345290571108524,1
0.38281249999999406,0.008402533169088025,0.979916123884268,0.00265226263262879,0.011063429177991935,1
0.3984375000000031,0.008402533169088188,0.9726859372255037,0.0024975538830555887,0.010782049277285162,1
0.41406250000000294,0.008402533169088199,0.9655678832893397,0.002353826212667833,0.01050104405130838,1
0.429687499999999,0.008402533169088107,0.9586113291222174,0.002220988169587342,0.010220375442024095,1
0.44531249999999406,0.008402533169088015,0.951850160361435,0.0020987458002556174,0.009940010286163916,1
0.4609375000000031,0.008402533169088199,0.9453066900562256,0.001986593109227465,0.009659943883039222,1
0.4765625000000036,0.008402533169088188,0.9389937996827961,0.0018839044473872516,0.009380199975651005,1
0.49218749999999833,0.008402533169088086,0.9329167545848168,0.0017900327178852,0.009100750906521498,1
0.5078124999999977,0.008402533169088086,0.9270750055555267,0.001704323234841764,0.008821506509644366,1
0.523437499999999,0.008402533169088086,0.9214642802121603,0.0016260870316579241,0.0085423878212397,1
0.5390625000000089,0.008402533169088301,0.9160777856313346,0.0015546350807415573,0.008263382455044608,1
0.554687499999999,0.008402533169088096,0.91090690994329,0.0014893589430384992,0.00798451136580624,1
0.570312499999997,0.008402533169088096,0.9059417775751899,0.0014297528961793413,0.007705806654885508,1
0.5859374999999977,0.008402533169088117,0.901171945641552,0.0013753659094618818,0.007427305936859655,1
0.601562499999997,0.008402533169088117,0.8965868760021021,0.0013257561163409262,0.007149023262651771,1
0.6171874999999977,0.008402533169088117,0.8921761414182328,0.0012804935660404111,0.006870884864627078,1
0.6328124999999983,0.008402533169088117,0.8879294713163302,0.0012391648215625461,0.006592745997467498,1
0.648437499999999,0.008402533169088117,0.8838368523094271,0.0012013791279793043,0.006314465971546374,1
0.6640625000000129,0.00840253316908828,0.8798886697076841,0.001166784311648802,0.006035988679534564,1
0.6796874999999977,0.008402533169088096,0.8760757987574863,0.0011351000199015602,0.00575734423599467,1
0.6953124999999983,0.008402533169088096,0.8723896457329198,0.0011061212858827169,0.0054786001832815585,1
0.7109375000000112,0.008402533169088301,0.8688221089754781,0.0010796885285165633,0.005199766796858298,1
0.7265624999999983,0.008402533169088096,0.865365569737875,0.0010556216014008858,0.004920750232146257,1
0.7421874999999977,0.008402533169088117,0.862012883583274,0.0010336809064600146,0.004641374923707594,1
0.7578124999999831,0.008402533169087954,0.858757372665799,0.0010136012711121905,0.004361447619837566,1
0.7734374999999963,0.008402533169088096,0.8555928069505349,0.0009951523607340394,0.0040808587546793205,1
0.7890625000000169,0.008402533169088301,0.8525133843681255,0.0009781891021904492,0.0037996013513017612,1
0.8046874999999977,0.008402533169088117,0.8495137272792367,0.0009626301197315657,0.003517701434109707,1
0.820312499999997,0.008402533169088117,0.8465889149242747,0.0009483844112678838,0.0032350978685037083,1
0.8359375000000125,0.00840253316908828,0.8437345000666606,0.0009352897469820173,0.0029515491868946256,1
0.8515624999999957,0.008402533169088096,0.8409465220066815,0.000923085433335568,0.00266665131164306,1
0.867187499999995,0.008402533169088096,0.838221470992535,0.0009114296583044556,0.002379905286803644,1
0.8828124999999997,0.008402533169088096,0.8355563628434118,0.0008999845108169504,0.002090835273175624,1
0.8984374999999788,0.008402533169087933,0.8329486785715517,0.0008882637289922469,0.0017988632343210785,1
0.9140625000000354,0.008402533169088443,0.8303975667619325,0.000876195045252332,0.0015037473107251862,1
0.9296874999999755,0.008402533169087954,0.827900110278197,0.0008613715077955494,0.001202624524385878,1
0.9453125000000175,0.00840253316908826,0.8254699738774134,0.0008509287388124971,0.0009012498605787732,1
0.960937499999999,0.008402533169088117,0.8230602213787312,0.000816333800103331,0.0005630369902207704,1
0.976562499999993,0.008402533169088075,0.8209094960514346,0.0008930647852340967,0.0003205136001597879,1
0.9921874999999977,0.008402533169088117,0.8181330029465161,0.0008113455841488189,-0.0004576044861081387,1
0.0078125,0.009300952277513212,1.0212001655843967,0.024332657868936274,0.04932068161874627,1
0.0234375,0.009300952277513215,1.0351522825116553,0.016635456896362543,0.028996731352012382,1
0.03906250000000002,0.009300952277513213,1.039720266964015,0.012426134065468636,0.02223068000221114,1
0.0546875,0.009300952277513218,1.0415243563622927,0.01084664387399168,0.02064676963630567,1
0.07031250000000001,0.009300952277513217,1.0429890386847689,0.009545516666390953,0.019362252247831856,1
0.08593750000000001,0.009300952277513218,1.0441313848064235,0.00853047553061844,0.018274881564052943,1
0.10156249999999999,0.009300952277513217,1.0449635223576643,0.0077647486872484605,0.017463061212464253,1
0.11718750000000001,0.009300952277513218,1.0455615333162165,0.007152844005847093,0.01682306770578135,1
0.13281249999999964,0.009300952277513196,1.0459622295523026,0.0066456996972097246,0.016284591367373546,1
0.1484375000000004,0.009300952277513243,1.0461731772915743,0.006217674278254025,0.015814615775997937,1
0.16406249999999958,0.009300952277513196,1.0461868083954053,0.00585126654256124,0.015393869997127604,1
0.17968750000000047,0.009300952277513243,1.0459846543451614,0.005533582777430311,0.015009078472811348,1
0.19531249999999958,0.009300952277513196,1.0455364983547657,0.005254834221035614,0.014650802304374592,1
0.21093750000000047,0.009300952277513238,1.044801851987712,0.005007280865561003,0.014312259129280745,1
0.22656249999999958,0.009300952277513201,1.0437310041881436,0.004784393474238202,0.013988493830398808,1
0.2421875000000006,0.009300952277513248,1.0422633065065463,0.0045804870394329155,0.013675803485354408,1
0.2578125000000006,0.009300952277513238,1.0403357563305906,0.004390709033405302,0.013371403945230974,1
0.27343749999999806,0.009300952277513154,1.0378887591682577,0.004210741323434772,0.013073213902080225,1
0.28906250000000333,0.00930095227751334,1.034874128293259,0.004036965281278153,0.012779678530702944,1
0.3046874999999977,0.009300952277513144,1.0312631632556637,0.003866817661956729,0.012489646105858013,1
0.3203125000000006,0.009300952277513248,1.0270555760740308,0.0036987812162986985,0.01220226273186327,1
0.33593749999999745,0.009300952277513144,1.022283766245666,0.0035322070836195235,0.011916867251263187,1
0.3515625000000006,0.009300952277513248,1.0170105853067262,0.003367354450265613,0.01163295626000201,1
0.36718750000000094,0.009300952277513238,1.0113196764427252,0.0032052761859422984,0.011350141814189288,1
0.3828125000000012,0.009300952277513248,1.0053069264085437,0.003047266771695106,0.011068082958689905,1
0.39843749999999684,0.009300952277513154,0.9990722844413167,0.0028945678116745915,0.010786539184252417,1
0.4140625000000006,0.009300952277513238,0.9927094094227843,0.002748335911454081,0.010505391706774442,1
0.4296875000000012,0.009300952277513248,0.9862998975643773,0.0026095362236295185,0.010224590474585321,1
0.4453125000000052,0.009300952277513331,0.9799111355051602,0.0024787929765508836,0.009944096794327928,1
0.4609374999999911,0.009300952277513071,0.9735975732072846,0.0023563586227430527,0.009663907235299812,1
0.4765625000000012,0.009300952277513257,0.9674004845236885,0.0022422501518401124,0.009384044368243886,1
0.4921875000000012,0.009300952277513257,0.9613491545659986,0.0021363338518854353,0.009104477447381068,1
0.5078125000000012,0.009300952277513218,0.9554629715271297,0.0020383279587519645,0.008825115806997227,1
0.5234375000000012,0.009300952277513238,0.9497542058247262,0.001947801423765545,0.008545884779005523,1
0.5390624999999915,0.009300952277513071,0.9442294171374779,0.0018642572105641681,0.008266775702528806,1
0.5546875000000012,0.009300952277513257,0.9388905480429912,0.001787231347529794,0.007987807958094012,1
0.5703125000000012,0.009300952277513218,0.933735987792658,0.0017163140278414547,0.007709009309368773,1
0.5859375000000139,0.009300952277513442,0.9287618782101864,0.0016511061040504337,0.007430414046078774,1
0.601562499999989,0.009300952277513052,0.9239629027806097,0.0015911918039231614,0.007152035112414916,1
0.6171875000000012,0.009300952277513238,0.9193326891578837,0.001536155227159427,0.00687379954279913,1
0.6328125000000012,0.009300952277513257,0.9148640737925754,0.001485587361993264,0.00659556589150099,1
0.6484375,0.009300952277513257,0.910549432259822,0.0014390904091577679,0.006317198459131526,1
0.6640625000000012,0.009300952277513218,0.9063809956583083,0.0013962949672129083,0.006038644807678688,1
0.679687499999988,0.009300952277513071,0.9023510623431009,0.0013568990767082454,0.005759933203476739,1
0.6953125000000024,0.009300952277513257,0.8984520907653899,0.0013206750334623962,0.005481125261339768,1
0.7109375000000012,0.009300952277513257,0.8946767576327892,0.0012874411738698801,0.005202224557277427,1
0.7265625000000024,0.009300952277513218,0.8910179995869734,0.0012569940654192156,0.004923136538832452,1
0.7421875000000038,0.009300952277513238,0.887469074883608,0.0012290693243230066,0.0046436917630350814,1
0.7578125000000038,0.009300952277513276,0.8840235783692786,0.001203376501772407,0.004363705099123506,1
0.7734375000000012,0.009300952277513238,0.8806754406287485,0.0011796603782156581,0.004083071013744351,1
0.7890624999999988,0.009300952277513257,0.877418931098023,0.001157752347875159,0.003801777992640911,1
0.804687499999988,0.009300952277513052,0.8742486839929678,0.0011375477011021,0.003519843020800521,1
0.8203125000000179,0.009300952277513404,0.8711597425734915,0.0011189310294964874,0.0032371985757281563,1
0.8359374999999861,0.009300952277513071,0.8681475916819383,0.0011017144968886868,0.0029536038384916194,1
0.8515624999999877,0.00930095227751309,0.865208151636035,0.0010856107985418551,0.0026686636256085905,1
0.8671875000000182,0.009300952277513423,0.8623377650978576,0.0010702503302427904,0.002381890684137739,1
0.8828124999999833,0.009300952277513052,0.8595332687217616,0.0010552622156271905,0.0020928151198858326,1
0.8984375000000389,0.009300952277513609,0.8567919379279632,0.0010401148960191124,0.0018008670857617283,1
0.9140624999999668,0.009300952277512905,0.8541126473841341,0.001024678413175758,0.0015057764943557375,1
0.9296875000000038,0.009300952277513238,0.8514924574060729,0.0010064171909739308,0.0012047948540679023,1
0.9453125000000038,0.009300952277513238,0.8489438421763474,0.000992520940185682,0.0009031855010375095,1
0.9609375000000038,0.009300952277513276,0.8464242873977204,0.0009531456028801723,0.0005662060605878121,1
0.9765625000000038,0.009300952277513238,0.844161740528844,0.0010268461904735283,0.0003180427140796764,1
0.9921875000000012,0.009300952277513276,0.8413131945186788,0.0009121290978248901,-0.00045195251487384894,1
0.0078125,0.010265891622108957,1.0192157125708714,0.022554340382529146,0.04791646042880219,1
0.02343750000000001,0.010265891622108957,1.0323264215979457,0.01625028288834123,0.02944649330248935,1
0.039062499999999944,0.010265891622108943,1.0370563654771259,0.012206381776099274,0.022497764821882416,1
0.05468750000000007,0.010265891622108966,1.0389646239268018,0.01069806438178844,0.020747175680844193,1
0.07031250000000007,0.010265891622108963,1.0404913059313685,0.009459012875666032,0.019444659384071465,1
0.08593749999999971,0.010265891622108917,1.041727165827211,0.008466569439807283,0.018339969205969243,1
0.10156250000000018,0.01026589162210896,1.0426873967794277,0.007713895728449048,0.017512240237051415,1
0.11718750000000011,0.010265891622108966,1.0434548198038105,0.007113241877960824,0.01686226705646725,1
0.1328125000000002,0.01026589162210896,1.044077451426321,0.006615872730654431,0.016316966635103805,1
0.1484375000000001,0.01026589162210896,1.044574892177594,0.006196952324215475,0.01584178749238919,1
0.16406250000000025,0.010265891622108956,1.0449537631954549,0.005839777925919163,0.015416928510048462,1
0.17968749999999858,0.01026589162210887,1.0452124832019278,0.005532084073518452,0.015028813932033648,1
0.19531250000000108,0.010265891622109018,1.0453420804425142,0.00526466937239602,0.014667795598298845,1
0.21093749999999928,0.010265891622108904,1.0453262845884024,0.005030364333841835,0.014326951393526138,1
0.22656250000000122,0.010265891622109018,1.0451414423127676,0.004823315683424573,0.014001234025413976,1
0.24218749999999914,0.010265891622108923,1.0447543472068743,0.00463852846116211,0.013686871967523627,1
0.2578124999999991,0.010265891622108904,1.044123751510708,0.004471622250779126,0.013381032368593492,1
0.2734375000000015,0.010265891622109018,1.0432011307606672,0.0043185567260563135,0.013081611982227527,1
0.2890624999999991,0.010265891622108923,1.0419295374778186,0.004175579832033781,0.012787035461247593,1
0.3046875000000015,0.01026589162210901,1.0402512659775998,0.0040394095210264346,0.012496124146624678,1
0.32031249999999883,0.010265891622108914,1.038114001145008,0.003907181411252044,0.012208013841216593,1
0.33593750000000183,0.01026589162210901,1.0354775679097252,0.0037764270530926437,0.011922046216569284,1
0.35156249999999856,0.010265891622108914,1.0323207365620448,0.003645457651260038,0.011637701480325526,1
0.367187499999995,0.010265891622108827,1.0286454272136067,0.003513538882032151,0.011354557229701724,1
0.38281250000000194,0.010265891622108999,1.0244805002543096,0.003380560422361285,0.011072257224807312,1
0.3984375000000024,0.010265891622109018,1.019879999369602,0.0032470149055189752,0.010790546730844265,1
0.4140624999999983,0.010265891622108914,1.0149139405358691,0.003114009349539185,0.010509277932852203,1
0.42968749999999883,0.010265891622108895,1.009660934838322,0.0029829456822812904,0.010228376583345055,1
0.44531249999999883,0.010265891622108914,1.004201066869854,0.0028551297947632106,0.009947793629551867,1
0.4609375000000065,0.010265891622109103,0.9986115734782653,0.002731634402965421,0.009667524004241472,1
0.4765624999999983,0.010265891622108914,0.9929602991430081,0.002613362707476049,0.009387583431034357,1
0.49218749999999767,0.010265891622108914,0.9873036770810271,0.002500987296594843,0.009107935124155458,1
0.5078124999999994,0.010265891622108914,0.9816868440877106,0.0023948764673730806,0.00882848900180997,1
0.5234374999999982,0.010265891622108895,0.9761455890961287,0.002295112021644993,0.008549176583034382,1
0.5390625000000085,0.010265891622109122,0.9707066587842409,0.0022016256513364275,0.008269992286445252,1
0.5546874999999982,0.010265891622108895,0.9653887862925948,0.0021142966390264775,0.007990953178268336,1
0.5703124999999982,0.010265891622108914,0.9602041726504262,0.002032965098321228,0.007712082553187475,1
0.5859374999999982,0.010265891622108914,0.9551604355001121,0.001957402017770796,0.007433412327253716,1
0.6015625000000085,0.010265891622109103,0.9502616070924017,0.0018873156873530866,0.007154955114078407,1
0.6171874999999971,0.010265891622108914,0.9455087927188057,0.0018223851230495043,0.00687663834255755,1
0.6328124999999971,0.010265891622108914,0.9409007444671033,0.0017622685525958699,0.006598323703944371,1
0.6484374999999982,0.010265891622108895,0.9364345760337544,0.0017066083708988683,0.006319880567510681,1
0.6640624999999971,0.010265891622108914,0.9321063361362654,0.0016550558549283663,0.006041260177013146,1
0.6796875000000094,0.010265891622109103,0.9279113514149242,0.0016073190997529724,0.005762489507198071,1
0.6953124999999982,0.010265891622108914,0.9238444702633092,0.0015631730642019135,0.005483624158365169,1
0.710937499999996,0.010265891622108931,0.9199002219252161,0.0015224319048040124,0.005204661666789421,1
0.7265624999999994,0.010265891622108931,0.9160730191352005,0.0014848811399956019,0.004925506875081764,1
0.7421874999999825,0.010265891622108723,0.9123572923950156,0.0014502401179152969,0.004645996684062091,1
0.7578125000000258,0.010265891622109276,0.9087475573528447,0.0014182015621538667,0.004365954096358437,1
0.7734374999999853,0.010265891622108723,0.9052384443605066,0.0013884932225128575,0.004085277339973069,1
0.7890625000000132,0.010265891622109103,0.9018247379965754,0.0013609287519131643,0.0038039507144189267,1
0.804687499999996,0.010265891622108931,0.8985014561682243,0.0013353831151692523,0.0035219826236113764,1
0.8203124999999971,0.010265891622108895,0.8952639314371482,0.0013117174655945586,0.003239299613081649,1
0.8359374999999982,0.010265891622108931,0.8921078486631604,0.001289719092571993,0.0029556621838159654,1
0.8515625000000292,0.010265891622109276,0.8890292577415277,0.0012690755608560243,0.00267068362570221,1
0.8671874999999644,0.010265891622108515,0.8860245508951681,0.0012493897313056962,0.0023838889371332376,1
0.8828125000000304,0.010265891622109313,0.8830905535289306,0.0012302582295812602,0.002094814680508038,1
0.8984374999999656,0.010265891622108515,0.8802245081851883,0.0012111022574280822,0.0018029000204354826,1
0.9140625000000315,0.010265891622109276,0.8774251084190966,0.001191723612837046,0.0015078486354043795,1
0.929687499999996,0.010265891622108931,0.8746895354293358,0.001169490113312637,0.0012070408770311577,1
0.9453124999999971,0.010265891622108895,0.8720291487728851,0.0011514873278567347,0.0009051895585592241,1
0.960937499999996,0.010265891622108931,0.8694060141455363,0.001106906390990024,0.0005696549640912975,1
0.9765624999999971,0.010265891622108895,0.8670368237368278,0.001175451527082641,0.0003152207953019686,1
0.992187499999996,0.010265891622108931,0.8641197840019673,0.0010240162360588506,-0.00044405375326207703,1
0.0078125,0.011302276456333001,1.017303343543118,0.020816900548825762,0.046517891843144185,1
0.023437499999999997,0.011302276456332997,1.0295540515648853,0.015829622045139054,0.029835866289734846,1
0.03906250000000003,0.011302276456333008,1.0343943331093397,0.011979966543768266,0.022771516794425174,1
0.054687499999999986,0.011302276456332996,1.0363760701963027,0.0105362533105792,0.02085015444395809,1
0.07031249999999994,0.011302276456333,1.0379176026911212,0.009361700947552414,0.019528669842056333,1
0.08593750000000014,0.01130227645633302,1.0391834876351023,0.008393846822608804,0.018408194134132107,1
0.1015624999999997,0.011302276456332973,1.0401896085107223,0.007653692739747769,0.017564196636447493,1
0.11718750000000021,0.011302276456333018,1.041020417504612,0.007063033947675378,0.016903717387973936,1
0.1328125000000002,0.011302276456333018,1.0417302462206466,0.006573641153302726,0.01635127222220609,1
0.14843749999999964,0.011302276456332973,1.0423451270221715,0.006161372778069277,0.015870642112794868,1
0.16406249999999964,0.011302276456332977,1.0428787756865618,0.005810262344236831,0.015441458997822453,1
0.17968750000000097,0.011302276456333072,1.0433382058298406,0.005508539517306667,0.015049843972133145,1
0.19531250000000028,0.011302276456333027,1.043725290702191,0.005247386317041712,0.01468593598872924,1
0.21093749999999858,0.01130227645633292,1.0440372939167395,0.005020003450884666,0.014342667765100294,1
0.22656250000000042,0.011302276456333018,1.0442670364626074,0.004820967335884232,0.014014890931806783,1
0.24218750000000028,0.011302276456333018,1.0444024100582765,0.004645769095121866,0.013698763294982957,1
0.2578125000000004,0.011302276456333027,1.0444258232508778,0.004490529096871482,0.013391401717482296,1
0.27343750000000067,0.011302276456333027,1.0443137595868308,0.004351824163324083,0.013090665084117556,1
0.28906249999999806,0.01130227645633292,1.0440348017672434,0.004226542898264356,0.012794945198003666,1
0.3046875000000004,0.011302276456333018,1.0435504198383354,0.004111816984986333,0.012503037610643431,1
0.3203125000000004,0.011302276456333018,1.0428162665806513,0.004004935026720409,0.01221406553843586,1
0.33593749999999817,0.011302276456332937,1.0417827006809681,0.0039032326888660774,0.011927371695473603,1
0.3515625000000004,0.011302276456333027,1.0403970201665942,0.003804275207601705,0.011642421479926729,1
0.3671875000000042,0.011302276456333117,1.0386132606191145,0.00370604557676321,0.011358776022790134,1
0.3828125000000004,0.011302276456333027,1.03639623478555,0.003606737207733336,0.011076091366602725,1
0.39843750000000067,0.011302276456333027,1.0337271918607533,0.003505086087779032,0.010794110639098442,1
0.4140625000000004,0.011302276456333027,1.0306060516499687,0.00340065236854316,0.010512655328009,1
0.42968749999999356,0.01130227645633283,1.0270543675056631,0.0032936775960687847,0.010231625502075745,1
0.44531250000000094,0.011302276456333027,1.023113353445907,0.003184775127248523,0.009950959955452952,1
0.46093750000000067,0.011302276456333027,1.0188404488063958,0.0030749002678571416,0.009670642495590496,1
0.47656250000000094,0.011302276456333027,1.0142994748821246,0.002965337322439752,0.009390664591383999,1
0.4921875000000012,0.01130227645633301,1.0095557300127005,0.002857377868185328,0.009110975818055514,1
0.5078125000000009,0.011302276456333027,1.0046716627699332,0.002752068358963355,0.008831485651126385,1
0.5234374999999996,0.011302276456333027,0.9997049901450185,0.002650183148841687,0.008552132015840317,1
0.5390625000000014,0.011302276456333027,0.9947048877321285,0.002552344657448796,0.008272909281171761,1
0.5546875000000012,0.011302276456333027,0.9897114123322724,0.002459034513139105,0.007993830426014622,1
0.5703124999999919,0.01130227645633283,0.9847561775278918,0.00237056449688863,0.007714915310106753,1
0.5859375000000007,0.011302276456333027,0.9798642004288504,0.002287065906655963,0.007436195460197451,1
0.6015625000000014,0.011302276456333027,0.9750543635992673,0.002208543597819893,0.007157683381326119,1
0.6171875000000012,0.011302276456333027,0.9703400979635982,0.002134916049203381,0.006879306754744082,1
0.6328125000000009,0.011302276456332992,0.9657302987663596,0.0020660221018972275,0.0066009302434449435,1
0.6484375000000007,0.01130227645633301,0.9612305055139894,0.0020016315321501606,0.006322428645363068,1
0.6640624999999887,0.01130227645633283,0.9568437227110491,0.0019414882327826524,0.0060437573490191125,1
0.6796875000000023,0.01130227645633301,0.9525709451425886,0.0018853714683870677,0.005764941384682414,1
0.695312500000002,0.01130227645633301,0.9484115715612955,0.0018331079399982373,0.005486030585675442,1
0.7109374999999996,0.01130227645633301,0.9443637971952782,0.001784544840666651,0.005207016308811205,1
0.7265625000000037,0.01130227645633301,0.9404250290534908,0.0017394832941777397,0.004927803530035554,1
0.7421875000000138,0.011302276456333223,0.9365921578641361,0.0016976484380738673,0.004648236054529895,1
0.7578124999999876,0.01130227645633283,0.9328616892968435,0.0016587360637229966,0.0043681448411522555,1
0.7734375000000148,0.011302276456333223,0.9292298371718435,0.001622474267724304,0.004087431900432366,1
0.7890624999999876,0.01130227645633283,0.9256926430837307,0.0015886719549763994,0.003806077120385079,1
0.8046875000000159,0.011302276456333223,0.922246138279222,0.0015571918432493565,0.003524080767599031,1
0.8203124999999855,0.011302276456332794,0.9188864761823253,0.0015278770432466287,0.003241364241397005,1
0.8359375000000148,0.011302276456333258,0.9156100065937115,0.0015004950617760937,0.0029576895178269422,1
0.8515624999999876,0.011302276456332794,0.9124132848614958,0.0014747128355316497,0.0026726790352677838,1
0.8671874999999866,0.011302276456332862,0.9092930826909907,0.001450110823627721,0.002385870231532228,1
0.8828124999999855,0.01130227645633283,0.9062464969092734,0.0014262533469990197,0.002096806337541634,1
0.898437500000017,0.011302276456333223,0.9032709572340077,0.0014025135092184103,0.0018049394435002402,1
0.9140624999999855,0.01130227645633283,0.9003652221716505,0.0013786241122561958,0.0015099456890469106,1
0.9296875000000181,0.011302276456333223,0.8975267631825217,0.0013518833892959263,0.0012093486214354034,1
0.9453124999999876,0.011302276456332794,0.8947659658782162,0.0013290922706561802,0.0009072605706428417,1
0.9609375000000191,0.011302276456333258,0.8920496862535507,0.001278902148540742,0.0005733938327795316,1
0.9765624999999876,0.011302276456332794,0.8895826697507028,0.0013398931237817654,0.000312114649645451,1
0.9921875000000181,0.011302276456333223,0.8866047844292806,0.00114809813866667,-0.00043332094885607065,1
0.0078125,0.01241539670645567,1.0154804553395496,0.019130947671975214,0.04513097569165667,1
0.023437500000000003,0.012415396706455676,1.0268672730885273,0.015372393145714466,0.030159932679172316,1
0.03906249999999999,0.012415396706455669,1.031777690630981,0.011747627631618752,0.0230492958081639,1
0.054687500000000035,0.012415396706455679,1.033821329723461,0.010362929578987138,0.020955959223276067,1
0.07031250000000003,0.012415396706455679,1.035357720919896,0.009254879938244616,0.01961386389780671,1
0.08593749999999989,0.012415396706455662,1.0366252412217585,0.008314549455335657,0.018479409236658157,1
0.10156250000000047,0.012415396706455726,1.037640531860169,0.007587353920350398,0.017618980518030635,1
0.1171874999999996,0.01241539670645563,1.038486516423286,0.007006444640267546,0.016947473754604744,1
0.13281249999999953,0.012415396706455637,1.0392210810694815,0.006524444217376042,0.016387558363454912,1
0.14843750000000067,0.01241539670645573,1.039873669909979,0.006117837898794634,0.015901228573085943,1
0.16406250000000072,0.01241539670645573,1.0404613036542334,0.005771387764639113,0.015467504326423983,1
0.17968749999999856,0.012415396706455587,1.040994881431395,0.005473779705378752,0.01507220313807061,1
0.19531250000000014,0.012415396706455674,1.0414810676989168,0.005216497008589241,0.014705248067247826,1
0.2109375000000017,0.012415396706455785,1.041923209874745,0.004992991518410194,0.014359421208084614,1
0.22656249999999817,0.012415396706455587,1.0423218559468104,0.004798079203555487,0.014029469384700927,1
0.2421875000000004,0.012415396706455667,1.0426749541769795,0.004627498683556294,0.013711478739887989,1
0.2578125000000001,0.012415396706455683,1.0429776492406881,0.004477652473280222,0.013402513759505083,1
0.2734374999999978,0.012415396706455578,1.043222024353004,0.004345476845602288,0.01310038925425092,1
0.28906250000000255,0.012415396706455785,1.0433964825700752,0.004228297567553722,0.012803462197159951,1
0.3046875000000004,0.012415396706455674,1.0434848727106523,0.004123712084623176,0.012510501935775537,1
0.3203125000000001,0.012415396706455674,1.0434661402213603,0.004029535647092926,0.01222060865818973,1
0.33593750000000244,0.012415396706455785,1.0433134200443173,0.0039437121594606585,0.011933107062971588,1
0.3515624999999947,0.012415396706455483,1.0429927347216186,0.0038642574209193717,0.011647444744882008,1
0.3671875000000004,0.01241539670645569,1.0424654216135794,0.003789244706146798,0.011363174617528265,1
0.3828125000000001,0.012415396706455674,1.0416893239666407,0.0037166877057809773,0.011079966429640077,1
0.3984375000000004,0.012415396706455674,1.0406179299034697,0.003644675057918273,0.010797561272787705,1
0.4140625000000001,0.01241539670645569,1.0392098235468954,0.0035716528231855226,0.010515763462161478,1
0.429687500000007,0.01241539670645588,1.0374321871545464,0.0034963938370482636,0.010234469759950134,1
0.44531249999999273,0.012415396706455483,1.0352650695747552,0.003417895260701235,0.00995362829641871,1
0.4609374999999999,0.01241539670645569,1.032705064382933,0.0033357012015263403,0.009673213161467027,1
0.4765625000000006,0.012415396706455674,1.029764036216892,0.0032500534538135437,0.009393179404393366,1
0.4921875000000009,0.012415396706455674,1.0264705259429456,0.003161603110993744,0.009113457810738267,1
0.5078125000000001,0.012415396706455705,1.022866267004594,0.003071143836005662,0.008833954068685689,1
0.5234375000000003,0.012415396706455658,1.019002739950767,0.0029796185887461042,0.00855460414721324,1
0.5390624999999997,0.01241539670645569,1.0149331541252813,0.002888147567983182,0.008275388183312674,1
0.5546874999999912,0.012415396706455499,1.0107093405271974,0.002797819756845083,0.0079963099060383,1
0.5703125000000085,0.01241539670645588,1.0063792544431411,0.002709533740569058,0.007717386260457859,1
0.5859375000000003,0.01241539670645572,1.0019864852689737,0.0026239701345601657,0.007438650464541904,1
0.6015624999999917,0.012415396706455467,0.9975679920278819,0.002541659874706709,0.0071601140008885665,1
0.6171875000000105,0.01241539670645588,0.993153869896808,0.0024629750283527204,0.006881704117601981,1
0.6328124999999907,0.012415396706455467,0.988767925052673,0.002388113644201697,0.006603289239346957,1
0.6484375000000115,0.01241539670645588,0.9844289198727137,0.0023171202775720983,0.006324750878041011,1
0.6640625000000007,0.01241539670645569,0.9801512498333385,0.002249960957259758,0.006046048571769858,1
0.6796875000000115,0.01241539670645588,0.9759454441186369,0.0021865964233739633,0.005767205291221029,1
0.6953124999999897,0.012415396706455499,0.9718188089537415,0.002126995231620027,0.0054882647094706685,1
0.7109374999999892,0.012415396706455467,0.9677760693755707,0.002071106182475045,0.005209212831437457,1
0.7265625000000105,0.01241539670645588,0.9638201349115768,0.002018798868146819,0.004929955545552605,1
0.7421874999999882,0.012415396706455499,0.9599524894785462,0.001969849570719278,0.004650343838104596,1
0.7578125000000125,0.012415396706455849,0.9561734063237096,0.0019239976535297375,0.004370216154759485,1
0.7734374999999872,0.012415396706455499,0.9524821614468573,0.001881005302611758,0.004089477390114619,1
0.7890625000000125,0.01241539670645588,0.9488772819882866,0.0018407021991654546,0.0038081032088566943,1
0.8046874999999862,0.012415396706455467,0.945356857072525,0.0018029570104411469,0.0035260866232109693,1
0.8203124999999877,0.012415396706455499,0.9419187660166825,0.001767608702195043,0.00324334490008912,1
0.8359375000000135,0.01241539670645588,0.9385607796480931,0.001734417547720578,0.0029596423537122584,1
0.8515624999999867,0.012415396706455467,0.9352806104755578,0.0017030421765044676,0.002674610224589848,1
0.8671875000000429,0.012415396706456291,0.9320759541204833,0.0016730499825273347,0.0023877984239749337,1
0.8828124999999877,0.012415396706455499,0.9289446307817157,0.0016439762228965989,0.0020987582466028393,1
0.8984374999999852,0.012415396706455467,0.925884676633643,0.0016151554633223224,0.0018069569836807976,1
0.9140625000000125,0.01241539670645588,0.9228952325721099,0.001586249335449027,0.001512044020426032,1
0.9296874999999862,0.012415396706455499,0.9199743761532262,0.0015545108494604567,0.0012116988163035898,1
0.9453125000000205,0.012415396706455849,0.9171317496481707,0.001526272569314222,0.0009093966295663505,1
0.9609374999999812,0.012415396706455499,0.914339228504795,0.001470130918124612,0.000577429752549338,1
0.9765625000000145,0.01241539670645588,0.9117888968658687,0.0015209177291174796,0.00030883901803600703,1
0.9921874999999842,0.012415396706455467,0.9087636499095867,0.0012853602671281958,-0.0004190651189248548,1
0.0078125,0.013610933972456711,1.013759060096431,0.017506191172184157,0.04376164610854234,1
0.023437500000000003,0.013610933972456715,1.0242875808441418,0.014877966364229053,0.03041467119214809,1
0.039062499999999965,0.013610933972456708,1.029232016957403,0.011509096165809791,0.0233278366372898,1
0.054687500000000014,0.013610933972456718,1.0313339807800415,0.010179168486965212,0.021064837646026617,1
0.07031250000000004,0.013610933972456718,1.03285825229509,0.009138806364011348,0.019699828861064677,1
0.08593749999999982,0.01361093397245669,1.034115890513173,0.008229459403248707,0.01855340422830739,1
0.10156249999999989,0.01361093397245669,1.035125868471272,0.00751626057198229,0.01767662753326828,1
0.11718750000000026,0.01361093397245674,1.035967522257243,0.006945386273810572,0.016993595700388366,1
0.13281250000000033,0.01361093397245674,1.0367007584096337,0.006470831129255735,0.016425883081635197,1
0.14843749999999983,0.01361093397245669,1.0373570336571318,0.006069667392458227,0.01593360735892593,1
0.1640624999999997,0.01361093397245669,1.0379548905271117,0.0057274015944287545,0.015495122482287516,1
0.17968749999999983,0.013610933972456704,1.0385068598508793,0.0054331885772786045,0.015095943316286671,1
0.1953124999999997,0.013610933972456682,1.0390215743756976,0.005178793753947007,0.01472577602009031,1
0.2109374999999997,0.013610933972456682,1.039504808832709,0.004957872212185227,0.014377247765873858,1
0.22656250000000128,0.013610933972456798,1.0399602431997668,0.004765401992431007,0.014044997245893275,1
0.24218749999999983,0.013610933972456697,1.040389862997916,0.004597269516252856,0.013725036621238041,1
0.2578124999999995,0.013610933972456697,1.0407940475416577,0.004450029230917304,0.013414375523986014,1
0.2734375000000018,0.013610933972456798,1.0411716193952563,0.004320779735589264,0.013110783454464491,1
0.28906249999999745,0.013610933972456597,1.0415197929861812,0.0042070345066306,0.01281258257329669,1
0.304687500000002,0.013610933972456784,1.0418338396602935,0.0041066239750804515,0.012518514675283362,1
0.32031249999999745,0.013610933972456597,1.042106756104184,0.004017654840369071,0.012227654087890259,1
0.3359375000000022,0.013610933972456784,1.0423288439968517,0.003938454087295362,0.011939301900229833,1
0.35156250000000244,0.013610933972456812,1.0424869441980291,0.0038674738503011157,0.011652888764447047,1
0.3671874999999965,0.013610933972456597,1.0425637043070433,0.0038032329265425048,0.011367956509002838,1
0.38281250000000244,0.013610933972456784,1.0425373663336615,0.003744298750970477,0.011084166067709714,1
0.398437499999996,0.013610933972456597,1.0423801041197516,0.0036892563816726866,0.010801246614189694,1
0.41406250000000244,0.013610933972456784,1.042059503177889,0.00363670652513495,0.010518996387436868,1
0.42968749999999556,0.013610933972456597,1.0415399675017225,0.0035852772868064237,0.010237311424078696,1
0.4453125000000093,0.013610933972456985,1.0407844435746942,0.003533529970444725,0.00995615828079619,1
0.4609374999999951,0.01361093397245661,1.039753411579693,0.0034801320423006234,0.009675504192930326,1
0.47656250000000294,0.013610933972456754,1.0384154380898911,0.0034241241229513754,0.009395282586121935,1
0.4921874999999951,0.01361093397245661,1.036748262324433,0.0033647748241259334,0.009115426781191933,1
0.5078124999999964,0.013610933972456581,1.034741700126805,0.0033015120187530294,0.008835853902642537,1
0.5234375000000027,0.013610933972456784,1.0323997348164342,0.003234215193224885,0.008556493026181958,1
0.5390624999999956,0.013610933972456581,1.0297379286273238,0.0031633273769772837,0.008277293014263514,1
0.5546875000000112,0.013610933972457015,1.026783938963867,0.00308960669377224,0.007998240807941731,1
0.5703125000000033,0.013610933972456784,1.0235742390032323,0.0030139045205734858,0.007719347158540616,1
0.5859374999999857,0.01361093397245641,1.020151645024442,0.002937145360694256,0.007440641591945051,1
0.6015625000000121,0.013610933972456985,1.0165592049364844,0.0028603303237639843,0.007162124141622041,1
0.6171874999999941,0.013610933972456581,1.0128380249349558,0.002784358782849328,0.006883718348317267,1
0.6328124999999947,0.01361093397245661,1.009025686304164,0.0027099237748445504,0.006605297178797228,1
0.6484374999999951,0.013610933972456581,1.0051559284933829,0.0026375132166178874,0.006326750951019147,1
0.6640625000000159,0.013610933972456985,1.0012576777098454,0.0025675020515367793,0.006048043535096507,1
0.6796874999999923,0.013610933972456581,0.9973547566343168,0.002500208556718016,0.005769194976573779,1
0.6953124999999947,0.01361093397245661,0.9934662970182726,0.0024358935103084346,0.005490243438841878,1
0.710937500000014,0.013610933972457015,0.9896073945775704,0.0023747272006819126,0.005211170619561809,1
0.7265624999999937,0.013610933972456553,0.9857900936129564,0.0023167442178273923,0.00493188513568707,1
0.7421874999999923,0.01361093397245664,0.9820236887223993,0.002261858731889552,0.0046522456927993614,1
0.7578124999999947,0.013610933972456553,0.978314989919807,0.0022099281558942436,0.004372097208278908,1
0.7734375000000159,0.013610933972457015,0.9746686961261658,0.00216080986020384,0.004091346944152729,1
0.7890624999999918,0.013610933972456553,0.9710878480018432,0.002114402266442273,0.0038099660126435448,1
0.8046874999999923,0.01361093397245664,0.967574367321052,0.0020706169872573405,0.0035279410316165776,1
0.8203125000000178,0.013610933972456985,0.9641293748785936,0.002029319787594962,0.0032451864390312516,1
0.8359374999999913,0.013610933972456581,0.9607533542073866,0.0019902908824638342,0.0029614691465583956,1
0.8515625000000197,0.013610933972456985,0.9574462472782829,0.0019532030788049614,0.002676429496612868,1
0.867187499999965,0.013610933972456178,0.9542075757720584,0.0019176275541980855,0.0023896300467302566,1
0.8828125000000178,0.013610933972456985,0.9510366720861937,0.0018830840519003724,0.0021006315971164543,1
0.8984375000000197,0.013610933972457015,0.9479328296084106,0.0018488857263832983,0.0018089196717836376,1
0.9140624999999621,0.013610933972456178,0.9448961796575011,0.0018146199780767485,0.0015141162262676884,1
0.9296875000000233,0.013610933972457042,0.9419258789365271,0.0017775309178299482,0.0012140703080938222,1
0.945312499999989,0.013610933972456581,0.9390312424168236,0.0017433025082951156,0.0009115990191416144,1
0.9609375000000197,0.013610933972456985,0.9361894777282849,0.0016809996232704343,0.0005817643137134423,1
0.9765624999999621,0.013610933972456178,0.9335792362709973,0.0017187578708707338,0.0003055691963064858,1
0.9921875000000197,0.013610933972457042,0.9305287679459697,0.0014365296999842754,-0.000400499694209945,1
0.0078125,0.01489499052810711,1.0121476398772888,0.01595126474596381,0.04241562665682665,1
0.023437499999999993,0.01489499052810711,1.0218305402587617,0.014346445262433068,0.030597114117573387,1
0.039062500000000056,0.014894990528107124,1.0267738030594555,0.011263328642063242,0.023603258812835565,1
0.05468749999999993,0.014894990528107095,1.0289329654518655,0.00998573838570652,0.021176966822638765,1
0.07031249999999983,0.014894990528107072,1.0304441590756515,0.009013246706164317,0.01978617465185046,1
0.08593750000000043,0.014894990528107176,1.0316879090919662,0.008138579809539684,0.018629896476299194,1
0.10156250000000003,0.014894990528107119,1.0326879986667308,0.0074408275884283405,0.017737146078059058,1
0.11718749999999968,0.014894990528107076,1.0335187793994174,0.006880552469728414,0.01704214013932953,1
0.13281249999999972,0.014894990528107076,1.0342412563564534,0.006413812584769627,0.016466305401764844,1
0.14843749999999956,0.014894990528107069,1.0348883511075881,0.006018254341254969,0.01596784335963685,1
0.1640625000000008,0.01489499052810717,1.0354794075802434,0.005680150094311779,0.015524378891779544,1
0.1796875000000007,0.014894990528107176,1.0360276548276617,0.005389159860311544,0.015121125850129404,1
0.19531249999999956,0.014894990528107069,1.0365425064026126,0.005137340713572465,0.014747575392116808,1
0.2109375000000007,0.01489499052810717,1.037030687320715,0.00491854163981491,0.014396196649138254,1
0.22656249999999944,0.014894990528107076,1.0374970082685404,0.004727880864194996,0.014061517368538723,1
0.24218749999999925,0.014894990528107076,1.0379448742402562,0.004561358628993554,0.013739472823783171,1
0.25781250000000133,0.01489499052810717,1.038376538777725,0.004415629956286862,0.01342701563666045,1
0.2734374999999972,0.014894990528106982,1.038793246528042,0.004287881995537224,0.013121868789046528,1
0.2890625000000035,0.014894990528107263,1.0391953850225206,0.0041757161583056025,0.012822318189659258,1
0.3046874999999948,0.014894990528106862,1.0395825488063295,0.004077064974009596,0.012527076598181907,1
0.3203125000000035,0.014894990528107277,1.0399533554331384,0.003990152877945952,0.01223519186718486,1
0.33593749999999944,0.014894990528107076,1.040305369377721,0.003913445915082306,0.011945942123928197,1
0.3515624999999988,0.01489499052810705,1.0406348945202943,0.003845573813572177,0.011658741807221628,1
0.36718750000000433,0.014894990528107277,1.0409365435994247,0.003785291287192207,0.011373119562631012,1
0.3828124999999992,0.01489499052810705,1.0412029018380704,0.0037314852124255816,0.011088721202663387,1
0.398437499999999,0.01489499052810709,1.0414240150949994,0.0036831230915220763,0.010805264191315845,1
0.4140624999999992,0.014894990528107062,1.041586713025776,0.0036392054672815715,0.010522539873462711,1
0.4296875000000052,0.014894990528107277,1.0416742348579686,0.0035987819752721006,0.010240434830388442,1
0.44531249999999284,0.014894990528106876,1.0416660216869809,0.0035609167543785977,0.009958908853699912,1
0.46093750000000566,0.014894990528107277,1.041536206055225,0.003524654380762597,0.009677917560487708,1
0.47656249999999195,0.014894990528106876,1.041255805162798,0.003489002984336957,0.009397392852628247,1
0.4921875000000065,0.014894990528107277,1.0407939525263645,0.0034529343747310656,0.009117274772262395,1
0.5078124999999983,0.014894990528107062,1.040119386963422,0.0034153244830276066,0.008837504397274534,1
0.5234375000000066,0.01489499052810725,1.0391998148990036,0.0033751456417669304,0.008558007765177922,1
0.5390624999999971,0.01489499052810709,1.0380109210513786,0.003331724580406875,0.008278714387856044,1
0.5546874999999916,0.014894990528106876,1.0365365855481468,0.003284625464520425,0.007999611178963608,1
0.5703125000000057,0.01489499052810725,1.0347707923592562,0.0032335768122201056,0.0077207138000688486,1
0.5859375000000066,0.014894990528107277,1.0327190406349862,0.0031786733910715626,0.007442041791809107,1
0.6015624999999893,0.014894990528106876,1.0303956233458826,0.00312043268237112,0.00716356596961449,1
0.6171874999999916,0.014894990528106848,1.0278238070114876,0.003059555272623655,0.006885198050415461,1
0.6328125000000236,0.014894990528107678,1.025033256953295,0.0029967606401367134,0.006606811670567968,1
0.6484374999999889,0.014894990528106876,1.0220579454894836,0.0029327633130327236,0.006328302344619522,1
0.6640624999999902,0.014894990528106848,1.0189323774608656,0.002868326520756174,0.006049631202067765,1
0.6796875000000082,0.014894990528107277,1.0156893951797303,0.0028042114443831267,0.005770811968929294,1
0.6953125000000074,0.014894990528107277,1.0123591338152569,0.002741105361858872,0.005491876912012919,1
0.7109374999999889,0.014894990528106848,1.008968428084576,0.0026795410344862478,0.005212806159705853,1
0.7265625000000091,0.014894990528107277,1.0055411602758213,0.002619863030740735,0.0049335139854688684,1
0.7421875000000082,0.014894990528107277,1.0020975432639472,0.002562271758662001,0.004653866951798745,1
0.7578124999999876,0.01489499052810682,0.9986541017258452,0.002506872839198174,0.004373716046382519,1
0.7734375000000082,0.01489499052810725,0.9952240688440768,0.0024537264678467898,0.00409297039068931,1
0.789062499999985,0.014894990528106902,0.9918179211819853,0.002402883730300028,0.0038115971951531123,1
0.80468750000001,0.014894990528107277,0.9884441296904113,0.002354366811700981,0.00352957803176306,1
0.8203125000000091,0.014894990528107277,0.9851094703092558,0.0023081286472337497,0.003246825558155951,1
0.8359374999999855,0.014894990528106848,0.9818191991651023,0.0022640222386477882,0.002963109940398059,1
0.851562499999985,0.014894990528106848,0.9785772535158774,0.0022217781012770044,0.002678080441412657,1
0.8671875000000372,0.014894990528107705,0.9753865041571432,0.0021810051453449286,0.0023913129877536146,1
0.8828124999999859,0.014894990528106902,0.972249093014282,0.002141237630653947,0.002102379771581272,1
0.8984374999999855,0.014894990528106848,0.9691667394684033,0.002101790872318353,0.0018107852843280451,1
0.9140625000000091,0.014894990528107277,0.9661415460946038,0.0020621843950810095,0.0015161282864641305,1
0.9296875000000134,0.014894990528107277,0.963174578525502,0.002019706922644081,0.0012164355880637833,1
0.9453124999999841,0.014894990528106958,0.9602755389650998,0.0019792170652248777,0.0009138665088252393,1
0.9609374999999837,0.014894990528106848,0.9574273899509258,0.0019108011646701156,0.0005863911966525854,1
0.9765625000000385,0.014894990528107705,0.9547946894032,0.0019326995335869233,0.0003025529174578571,1
0.9921874999999828,0.014894990528106902,0.9517543046965876,0.0016017981776755656,-0.0003767540206488321,1
0.0078125,0.01627412046825849,1.0106522871334784,0.014473728245411474,0.041098276080698895,1
0.0234375,0.01627412046825849,1.0195082632091916,0.013778967617071593,0.030705481431263365,1
0.039062499999999986,0.01627412046825849,1.0244151063036206,0.01100871774653826,0.02387111772769057,1
0.054687500000000014,0.016274120468258494,1.0266301274561893,0.009783261775801107,0.02129237645782902,1
0.0703125000000001,0.016274120468258522,1.028129926416394,0.008877794851718761,0.019872549670392144,1
0.08593749999999982,0.016274120468258463,1.0293587771233228,0.008041516027392129,0.018708527033493773,1
0.10156249999999988,0.016274120468258463,1.0303483520842827,0.007360991690813382,0.017800503503367773,1
0.11718750000000021,0.01627412046825852,1.0311671446158404,0.00681204996537139,0.017093153495187943,1
0.13281250000000014,0.016274120468258525,1.0318765202252134,0.006353658069923654,0.01650887903472403,1
0.14843750000000025,0.016274120468258515,1.0325106639510695,0.005964059754707185,0.016003999669570054,1
0.1640624999999992,0.016274120468258418,1.033089467981218,0.005630309691046734,0.015555340782038279,1
0.17968750000000036,0.01627412046825852,1.0336264831857553,0.00534261922830039,0.01514781634057002,1
0.19531250000000036,0.01627412046825852,1.0341314561949355,0.005093360877550587,0.01477070777958031,1
0.210937499999999,0.016274120468258393,1.0346114648964113,0.004876585478107321,0.01441632468609162,1
0.22656250000000056,0.016274120468258532,1.0350717304815853,0.004687553168254267,0.014079081035101443,1
0.24218750000000044,0.01627412046825852,1.0355161406882614,0.004522371655425689,0.013754832903207365,1
0.25781249999999856,0.016274120468258407,1.035947560612653,0.004377781376324573,0.013440473843570793,1
0.27343750000000233,0.016274120468258647,1.036368056083127,0.00425103679248377,0.013133678920015985,1
0.28906249999999817,0.016274120468258407,1.0367790541068889,0.004139795438585341,0.012832696640251546,1
0.3046875000000027,0.016274120468258657,1.0371814693603154,0.004042042693032216,0.012536209273363436,1
0.32031249999999817,0.016274120468258418,1.037575740910245,0.003956055787672012,0.012243237122645238,1
0.33593749999999856,0.016274120468258418,1.0379618343210841,0.0038803550382592194,0.011953034961691452,1
0.35156250000000294,0.016274120468258622,1.0383392083718224,0.0038136352996704153,0.011665000055047501,1
0.36718749999999817,0.016274120468258393,1.0387068364857148,0.0037547369503280466,0.011378646925543941,1
0.3828124999999978,0.016274120468258442,1.0390629609685225,0.0037026507686465735,0.011093607056492866,1
0.39843750000000355,0.016274120468258647,1.0394049737854343,0.0036564722215012835,0.010809588226605188,1
0.41406249999999817,0.016274120468258418,1.039729132739817,0.003615379536151368,0.01052637379080617,1
0.42968749999999856,0.016274120468258418,1.0400302382760476,0.00357865141961796,0.010243838659779849,1
0.44531250000000416,0.016274120468258647,1.0403013552071316,0.0035456641755315355,0.00996192828824641,1
0.4609374999999978,0.016274120468258393,1.040533380006735,0.0035158220525313096,0.009680588417496968,1
0.4765624999999974,0.016274120468258442,1.0407144358287674,0.003488491908759429,0.009399748174569404,1
0.4921875000000048,0.016274120468258622,1.0408297363526477,0.003463025177997205,0.009119343215030022,1
0.5078125000000109,0.016274120468258848,1.040861259181336,0.0034387342551248415,0.008839314064542133,1
0.5234374999999838,0.016274120468257987,1.040786682479908,0.0034148824560672583,0.0085595822282615,1
0.5390624999999973,0.01627412046825847,1.0405812785735857,0.003390698141522212,0.00828008019387631,1
0.5546875000000118,0.016274120468258848,1.04021905169547,0.00336541145405158,0.008000800564634815,1
0.5703124999999966,0.016274120468258393,1.039674156507661,0.0033382105007843826,0.007721778064989788,1
0.5859374999999961,0.016274120468258442,1.0389199550799717,0.0033083685080248,0.0074430266684783536,1
0.6015624999999973,0.016274120468258442,1.0379364538698983,0.003275432197141868,0.007164497119187346,1
0.6171875000000125,0.016274120468258848,1.0367103102142772,0.003239092587123016,0.006886102969312789,1
0.6328124999999966,0.01627412046825837,1.0352360741192175,0.00319914009554561,0.006607726098349002,1
0.6484374999999961,0.016274120468258418,1.0335170895450878,0.0031555828710785943,0.006329262851071202,1
0.6640624999999973,0.016274120468258418,1.0315640222895175,0.0031087647718910445,0.006050656715095526,1
0.679687499999997,0.01627412046825847,1.029394173101444,0.0030592748006983603,0.0057719039966412315,1
0.6953125000000167,0.01627412046825877,1.0270300816263367,0.003007828872428356,0.005493025052487484,1
0.7109374999999961,0.01627412046825847,1.0244975016020041,0.002955110658365153,0.005213996929877368,1
0.7265624999999766,0.016274120468257963,1.021824291011392,0.0029017326944978626,0.004934738473016852,1
0.7421875000000142,0.016274120468258872,1.0190372712890519,0.002848256601989941,0.004655119457680806,1
0.7578125000000167,0.016274120468258872,1.0161612794234665,0.0027951533657466633,0.00437499509599337,1
0.7734374999999749,0.016274120468258015,1.0132186725073704,0.002742814950215191,0.004094277081679348,1
0.7890624999999973,0.016274120468258418,1.0102291644104773,0.00269156364615125,0.003812930623574626,1
0.8046875000000158,0.016274120468258824,1.0072103054964618,0.0026416432936204677,0.003530934887180697,1
0.8203124999999949,0.01627412046825837,1.0041771571751437,0.0025932052661997566,0.0032482022535426807,1
0.8359374999999978,0.016274120468258418,1.001142318499213,0.002546273061713742,0.0029645064588411413,1
0.8515624999999973,0.016274120468258418,0.9981161617107308,0.0025007150754288218,0.0026795066439362627,1
0.8671874999999937,0.01627412046825837,0.9951071421308805,0.0024562445435752354,0.002392793395281688,1
0.8828125000000199,0.016274120468258824,0.9921223073412481,0.0024124615859030312,0.0021039514296066117,1
0.8984374999999961,0.01627412046825852,0.989167655580119,0.002368723775397265,0.001812507671103792,1
0.9140624999999958,0.01627412046825847,0.9862488972816611,0.0023245199943869917,0.0015180412082029335,1
0.9296874999999986,0.01627412046825837,0.9833703764040999,0.0022772399537891253,0.0012187608486999542,1
0.9453125000000167,0.016274120468258872,0.9805433837261933,0.002230771258436835,0.0009161971400501945,1
0.9609374999999685,0.016274120468258064,0.9777573551815799,0.002156787102978795,0.0005912931683405471,1
0.9765624999999973,0.016274120468258418,0.9751623358617089,0.002160317162796348,0.00030011869381343367,1
0.9921875000000223,0.016274120468258824,0.9721880394641677,0.0017803808653854053,-0.000346914121350299,1
0.0078125,0.01775536316232238,1.009277108608129,0.013079906474214881,0.03981446887927285,1
0.0234375,0.01775536316232238,1.0173305383985423,0.013177869670965943,0.03073928802754055,1
0.0390625,0.01775536316232238,1.0221657493603653,0.010743269818239882,0.024126506648537542,1
0.05468750000000002,0.01775536316232238,1.0244336506484657,0.009572256075242216,0.021410864307596717,1
0.07031249999999997,0.01775536316232238,1.0259247256426567,0.008732047861826084,0.019958652107135353,1
0.08593750000000003,0.01775536316232238,1.02713870385525,0.007937681454159826,0.018788861209758572,1
0.10156249999999972,0.017755363162322325,1.0281185102427621,0.007276457141270805,0.01786661241331714,1
0.11718750000000037,0.017755363162322443,1.028926280900354,0.006739711846454474,0.017146665040856858,1
0.1328125000000004,0.017755363162322436,1.0296230162143478,0.00629028993801288,0.016553648469092037,1
0.14843749999999958,0.01775536316232234,1.030244063726944,0.005907109114726544,0.01604213401117358,1
0.16406249999999947,0.017755363162322325,1.0308098035992794,0.005578013644690388,0.015588073889659224,1
0.17968750000000056,0.017755363162322447,1.0313339876712948,0.00529381588488282,0.015176081393106037,1
0.19531250000000047,0.017755363162322436,1.0318265168010299,0.005047235848986688,0.014795237293440299,1
0.21093749999999792,0.017755363162322242,1.0322946277400138,0.004832541987152488,0.01443769194649904,1
0.22656250000000086,0.017755363162322436,1.0327436857854555,0.004645145269388867,0.014097743668664503,1
0.24218750000000067,0.017755363162322447,1.0331777337422832,0.0044812646643070525,0.013771167239617799,1
0.25781250000000083,0.017755363162322436,1.0335998349113802,0.004337724688489108,0.013454795632668888,1
0.27343750000000083,0.017755363162322436,1.0340122974161479,0.004211842611593944,0.013146254679902858,1
0.28906249999999756,0.017755363162322266,1.0344168648188068,0.00410132560577627,0.012843754070307719,1
0.30468750000000067,0.017755363162322436,1.034814846209955,0.004004200048725575,0.012545944236560237,1
0.32031250000000083,0.017755363162322436,1.0352071975997,0.0039187769976635695,0.012251816718754742,1
0.3359374999999968,0.017755363162322242,1.0355946003692065,0.003843606521887441,0.01196060191666175,1
0.3515625000000012,0.01775536316232246,1.0359774768235446,0.003777412810356188,0.01167167935199534,1
0.36718750000000067,0.017755363162322436,1.0363560064789283,0.0037190668722890587,0.011384549052430196,1
0.3828125000000016,0.017755363162322436,1.0367301104988564,0.003667592617196034,0.011098827811251741,1
0.39843750000000105,0.017755363162322436,1.0370994153104993,0.003622128980544834,0.010814213189601697,1
0.4140625000000012,0.017755363162322436,1.0374631606868259,0.0035819132465769433,0.01053047935670852,1
0.4296874999999907,0.017755363162322048,1.037820188733769,0.00354629519260621,0.01024748946292733,1
0.4453125000000016,0.01775536316232246,1.038168864249751,0.003514737637355268,0.009965176062058965,1
0.4609375000000018,0.017755363162322436,1.0385069039461972,0.0034867551689413173,0.00968347754149252,1
0.47656250000000794,0.01775536316232268,1.0388311152391843,0.0034618755456945057,0.009402319035734562,1
0.4921874999999949,0.017755363162322242,1.0391371198195587,0.0034396608092977683,0.009121629177143953,1
0.507812499999996,0.017755363162322218,1.0394191093984408,0.003419710427378134,0.008841340355833586,1
0.5234375000000072,0.017755363162322655,1.0396694744870771,0.0034016130922448463,0.008561370922343409,1
0.5390625000000079,0.017755363162322655,1.039878305333215,0.003384919916716461,0.008281654430271068,1
0.5546874999999941,0.017755363162322218,1.0400332871826548,0.0033691871556438407,0.008002179190932511,1
0.5703124999999797,0.01775536316232183,1.0401196973965208,0.0033539747732795667,0.007722975777561714,1
0.5859375000000087,0.017755363162322655,1.0401193916944247,0.0033388166315904268,0.007444050677672629,1
0.6015625000000094,0.017755363162322655,1.0400121701655465,0.0033231829975505322,0.00716535692753867,1
0.6171874999999957,0.017755363162322218,1.0397767438353123,0.003306488808955124,0.006886816582687423,1
0.6328124999999953,0.017755363162322218,1.0393918091038017,0.0032880753524625636,0.006608331945177465,1
0.6484375000000102,0.017755363162322655,1.0388356310265972,0.003267290917939652,0.006329807944944527,1
0.6640625000000109,0.017755363162322655,1.0380902128982032,0.0032436765395511724,0.0060511772538417614,1
0.6796874999999767,0.01775536316232178,1.0371427092542023,0.0032169737908866844,0.005772428458561105,1
0.6953124999999938,0.017755363162322266,1.035986166844688,0.0031871091333055424,0.005493574606714916,1
0.7109375000000102,0.017755363162322655,1.0346201315047139,0.003154090027760421,0.005214592728750776,1
0.7265625000000094,0.017755363162322655,1.033051084648474,0.0031180818554018544,0.0049353983123728165,1
0.7421874999999927,0.017755363162322218,1.0312901850976575,0.0030794411757095524,0.00465584794241585,1
0.7578124999999938,0.017755363162322218,1.0293531352554828,0.003038606635252685,0.00437579335963759,1
0.7734375000000117,0.017755363162322655,1.0272588243076195,0.002996072086146457,0.0040951439280813,1
0.7890625000000124,0.017755363162322655,1.0250279092152115,0.002952327868246704,0.003813862622199455,1
0.8046874999999911,0.017755363162322218,1.0226822155979078,0.0029078493135642246,0.003531926871000562,1
0.8203124999999767,0.01775536316232183,1.0202426744579145,0.002863073759397002,0.0032492464693485977,1
0.835937500000033,0.017755363162323,1.0177286892356765,0.0028183052078974992,0.0029655991782246358,1
0.851562499999993,0.017755363162322266,1.0151578238746648,0.002773662758529062,0.0026806555670935484,1
0.8671874999999691,0.01775536316232178,1.0125457188295697,0.002729066468970489,0.002394022881960649,1
0.882812500000014,0.017755363162322606,1.0099063298778772,0.0026842675883849343,0.0021053022858414303,1
0.8984374999999919,0.017755363162322218,1.0072521174935376,0.0026387524871517407,0.0018140461591007577,1
0.9140625000000364,0.017755363162323044,1.0045944727969511,0.0025920514805336196,0.0015198194104356108,1
0.9296874999999691,0.01775536316232178,1.0019428988390442,0.0025417255435667514,0.001221014684372083,1
0.945312500000014,0.017755363162322606,0.9993120856319839,0.0024906247031963235,0.0009185920493474372,1
0.9609375000000147,0.0177553631623227,0.9966990862861698,0.0024125319978874366,0.0005964464514276841,1
0.9765625000000154,0.017755363162322655,0.9942394851023709,0.0023961158057330327,0.00029867812212915545,1
0.992187499999963,0.01775536316232178,0.9914209384672201,0.0019697785616057555,-0.00031012022620020136,1
0.0078125,0.019346279184692814,1.0080241737979412,0.01177463703750492,0.038568494271549916,1
0.0234375,0.019346279184692824,1.015304812268787,0.012546657306714141,0.030699405911091146,1
0.039062500000000014,0.01934627918469282,1.0200337231954915,0.010464725501263464,0.024364203321879968,1
0.054687499999999965,0.019346279184692814,1.022349188224911,0.009353081269218884,0.021531906406544045,1
0.07031249999999993,0.0193462791846928,1.0238344908348176,0.00857568486305354,0.020044231010145148,1
0.08593750000000008,0.019346279184692842,1.0250339893661071,0.007826394745390486,0.018870395303949614,1
0.10156250000000042,0.019346279184692883,1.026005093733657,0.007186797192882908,0.017935318301059273,1
0.11718749999999947,0.01934627918469273,1.0268034964166783,0.0066632349610365885,0.017202680057907406,1
0.13281249999999947,0.019346279184692734,1.0274890592448913,0.006223463933982089,0.016600645800222726,1
0.14843750000000022,0.019346279184692852,1.028098194397288,0.00584722421930962,0.016082295699844564,1
0.16406250000000114,0.01934627918469295,1.0286517838892957,0.005523147912426238,0.015622639880532347,1
0.1796874999999993,0.019346279184692734,1.029163733620685,0.005242696329873958,0.015205986488156176,1
0.19531250000000022,0.01934627918469282,1.0296440558646287,0.004998974672404121,0.014821228495385516,1
0.21093750000000142,0.01934627918469296,1.0301000693446607,0.004786488731708193,0.014460360175973118,1
0.22656249999999903,0.019346279184692734,1.0305372098177026,0.004600812710967721,0.014117563020164255,1
0.24218749999999886,0.019346279184692724,1.0309595793022241,0.004438284716879176,0.013788529166415072,1
0.25781249999999906,0.019346279184692748,1.0313702923389518,0.0042958177802108945,0.013470029699552829,1
0.27343749999999906,0.019346279184692724,1.0317717327395106,0.004170794090369852,0.01315964013695374,1
0.2890625000000021,0.01934627918469298,1.0321657304486884,0.004060970941775758,0.012855530063716467,1
0.3046874999999985,0.019346279184692724,1.032553694828122,0.0039644144901931485,0.012556316736898545,1
0.3203125000000021,0.019346279184692915,1.0329367252472004,0.003879465268266937,0.012260961907172293,1
0.33593750000000244,0.01934627918469296,1.0333156833264947,0.003804695581485459,0.011968670701046978,1
0.35156249999999867,0.019346279184692724,1.0336912419850073,0.0037388495365125603,0.011678804132626,1
0.3671874999999985,0.019346279184692748,1.0340639064347248,0.0036808166697813787,0.01139084698008341,1
0.38281249999999867,0.019346279184692724,1.0344340202104807,0.0036296364869827943,0.011104400798274433,1
0.39843750000000316,0.019346279184692915,1.0348017955736404,0.003584467100337588,0.010819151671856838,1
0.4140624999999935,0.019346279184692533,1.0351672962451006,0.0035445675039514355,0.010534863992775466,1
0.42968750000001316,0.019346279184693362,1.0355304361752173,0.0035093062929370607,0.01025138943805026,1
0.4453124999999928,0.019346279184692512,1.0358910100956311,0.003478164148578379,0.009968647911265605,1
0.46093750000000316,0.019346279184692915,1.0362486657524845,0.0034506857428505773,0.009686569903410368,1
0.4765624999999928,0.019346279184692488,1.036602813300258,0.0034264482943090454,0.009405075504417748,1
0.4921875000000039,0.019346279184692915,1.0369525092470235,0.003405073310577914,0.009124086583289826,1
0.5078125000000031,0.01934627918469296,1.0372965024253624,0.0033862328597707436,0.008843528943677972,1
0.5234374999999925,0.019346279184692488,1.0376330374412592,0.0033696110344900963,0.008563319923840181,1
0.5390625000000039,0.019346279184692915,1.0379596125694908,0.0033548984611621114,0.00828339276678552,1
0.5546874999999918,0.019346279184692488,1.0382727924995823,0.0033418257453102554,0.0080037301754295,1
0.5703125000000163,0.019346279184693387,1.0385680646165711,0.0033301858781964013,0.007724352220826345,1
0.585937499999991,0.019346279184692533,1.0388396126162203,0.0033197839532855015,0.007445258230331839,1
0.6015625000000046,0.019346279184692915,1.0390798913427206,0.0033103700302453674,0.007166401854042417,1
0.6171874999999903,0.019346279184692488,1.0392794879097538,0.003301648439343367,0.006887705036753375,1
0.6328125000000046,0.019346279184692915,1.0394270701467987,0.0032932752286827277,0.006609072224222473,1
0.6484375000000052,0.019346279184692915,1.0395089667749422,0.0032848634172640808,0.006330410010450078,1
0.6640624999999893,0.019346279184692488,1.039509282123916,0.0032759882580687375,0.006051654594975036,1
0.6796875000000202,0.019346279184693428,1.0394109319862443,0.0032662232061026193,0.00577279676134448,1
0.6953124999999886,0.019346279184692488,1.03919648099538,0.0032551537240139285,0.005493851625829675,1
0.7109375000000052,0.019346279184692915,1.0388490176472913,0.0032423197469472168,0.005214811238764478,1
0.7265624999999893,0.019346279184692488,1.0383514596608359,0.0032272635709188285,0.004935592329299615,1
0.7421875000000052,0.01934627918469296,1.0376909044525648,0.0032096561722372674,0.004656042404048436,1
0.7578125000000046,0.019346279184692915,1.0368585086060689,0.0031892528504692797,0.004376016766273393,1
0.7734374999999897,0.019346279184692488,1.0358500174292242,0.0031659398506235135,0.0040954237466134585,1
0.7890624999999893,0.019346279184692488,1.034666077140894,0.003139698639574771,0.003814224510826695,1
0.8046875000000215,0.01934627918469334,1.0333126050950827,0.003110674016186684,0.0035323874202750826,1
0.8203125000000046,0.019346279184693005,1.031798969053139,0.003079161917065561,0.0032498064202001954,1
0.8359374999999685,0.019346279184692065,1.0301378886766959,0.003045455172488421,0.002966256983543715,1
0.8515625000000088,0.01934627918469296,1.0283444761977056,0.0030097617750452746,0.002681418309050583,1
0.867187500000045,0.019346279184693813,1.026435135787272,0.0029721452610563183,0.002394914456170451,1
0.8828124999999643,0.019346279184692065,1.024427041052182,0.0029325202854438943,0.002106365628204796,1
0.8984375000000081,0.019346279184693005,1.0223372996107525,0.0028905787416577435,0.0018153509769079808,1
0.914062500000006,0.019346279184692915,1.020182445826636,0.002845977113672969,0.0015214270638858837,1
0.9296875000000067,0.01934627918469296,1.0179775932440076,0.002796548364956009,0.001223172599941559,1
0.945312499999967,0.019346279184692106,1.0157419663293037,0.0027441400971757895,0.0009210614327756011,1
0.9609375000000052,0.01934627918469296,1.013481055469118,0.002665071558005658,0.00060182993540478,1
0.9765625000000088,0.019346279184692873,1.0113161620378757,0.002629143439066857,0.0002987103024336545,1
0.9921875000000067,0.01934627918469296,1.0087982284138743,0.0021645198196603346,-0.00026577984321904,1
0.0078125,0.021054988905509033,1.0068934564260634,0.010561173875926184,0.0373639660109392,1
0.02343749999999999,0.021054988905509033,1.0134359588407287,0.011889955751287706,0.030588067520486456,1
0.03906250000000003,0.021054988905509053,1.0180251932280295,0.01017074656256564,0.024578854348039247,1
0.05468749999999993,0.021054988905509008,1.0203803115398713,0.009125889918250623,0.02165457004967163,1
0.0703125,0.021054988905509033,1.021862726058509,0.008408502906879651,0.02012907414135703,1
0.08593750000000022,0.021054988905509095,1.0230482753074432,0.007706933004400672,0.01895256844855966,1
0.10156249999999965,0.021054988905508984,1.0240116775639911,0.007091493778906477,0.018006388110057954,1
0.11718750000000004,0.021054988905509033,1.0248025089722768,0.006582236327600916,0.017261171511959945,1
0.13281249999999997,0.021054988905509033,1.0254786880933997,0.006152846890873973,0.016649886999636248,1
0.14843750000000003,0.021054988905509033,1.0260775329109046,0.005784123704115195,0.01612452259925915,1
0.16406250000000003,0.021054988905509033,1.0266204609164733,0.005465480034329676,0.015659093685652294,1
0.17968750000000097,0.02105498890550914,1.0271215339499582,0.0051890689736434625,0.01523759393832759,1
0.19531249999999792,0.02105498890550881,1.027590845407493,0.004948422293761016,0.014848745012188936,1
0.21093750000000122,0.02105498890550913,1.0280357901340504,0.004738306112259096,0.014484391370409161,1
0.2265624999999987,0.021054988905508908,1.0284618499622613,0.004554471892875553,0.01413859810085327,1
0.2421875000000014,0.02105498890550914,1.0288731545061296,0.004393386763218676,0.013806973761272915,1
0.25781250000000105,0.02105498890550912,1.0292728492122407,0.004252059000251248,0.013486226814955184,1
0.27343749999999883,0.02105498890550895,1.029663335266152,0.004127940244609356,0.013173881684825157,1
0.2890625000000014,0.02105498890550912,1.0300464658365303,0.004018840991664162,0.012868066692491622,1
0.30468749999999856,0.02105498890550895,1.0304236814391923,0.003922868859509084,0.012567364714160855,1
0.32031249999999856,0.021054988905508908,1.03079610614074,0.0038383946996937,0.012270706742653981,1
0.3359375000000019,0.02105498890550914,1.0311646444153333,0.0037640125238323067,0.011977271754749587,1
0.3515625000000017,0.02105498890550912,1.0315300265407148,0.0036984850154465707,0.011686401331797035,1
0.36718750000000155,0.021054988905509157,1.0318928231574047,0.0036407180335768555,0.011397564316937756,1
0.3828124999999937,0.021054988905508717,1.032253480267565,0.0035897624098510314,0.011110346431037515,1
0.3984374999999982,0.02105498890550893,1.0326123375609015,0.0035447873300419163,0.01082442153943159,1
0.4140625000000062,0.021054988905509348,1.0329696415720897,0.0035050628030678446,0.010539543579291879,1
0.42968749999999756,0.021054988905508908,1.0333255647333603,0.0034699654640028364,0.010255552373226104,1
0.4453125000000075,0.02105498890550941,1.033680226292194,0.0034389806925123117,0.009972354878234026,1
0.46093749999998757,0.021054988905508443,1.0340337198916216,0.003411661923958576,0.009689872663421657,1
0.47656250000000816,0.02105498890550937,1.0343860933757145,0.0033876019043579822,0.009408020004861527,1
0.4921874999999969,0.021054988905508908,1.0347372910903496,0.003366437031641629,0.009126712500467305,1
0.5078124999999979,0.021054988905508908,1.0350871873419885,0.00334785165488921,0.008845870100362755,1
0.5234375000000069,0.02105498890550933,1.0354355363091932,0.00333155452947891,0.008565408269011568,1
0.5390624999999869,0.021054988905508484,1.0357819152227699,0.003317276262124284,0.008285258845275922,1
0.5546875000000082,0.02105498890550937,1.0361256445766553,0.0033047949695259866,0.008005399625319373,1
0.5703124999999966,0.021054988905508908,1.0364657326212208,0.0032939536575244096,0.007725841931879931,1
0.5859375000000094,0.02105498890550933,1.0368009846968598,0.0032846214618198187,0.007446580361236958,1
0.6015624999999959,0.021054988905508908,1.0371297202760836,0.0032766525071933586,0.007167568240943461,1
0.6171874999999969,0.021054988905508987,1.0374496124391972,0.003269888984667489,0.006888726399653731,1
0.6328124999999966,0.021054988905508908,1.0377575355682462,0.0032641650501252237,0.0066099582525547115,1
0.6484374999999962,0.021054988905508908,1.0380494280341868,0.0032593112291487837,0.0063311699730027775,1
0.6640625000000114,0.02105498890550937,1.0383199582883997,0.0032551454292948025,0.006052298463006268,1
0.6796874999999956,0.021054988905508908,1.038562386451264,0.0032514871832414883,0.005773331841745662,1
0.6953125000000114,0.02105498890550941,1.038768517274232,0.0032481552905461366,0.005494280116178139,1
0.7109374999999949,0.021054988905508866,1.0389287458494232,0.0032449432235259258,0.0052151324372596486,1
0.7265625000000114,0.02105498890550941,1.0390316458290256,0.0032415815960749853,0.004935805673258494,1
0.7421874999999956,0.02105498890550895,1.039064291331202,0.0032377069177437815,0.004656156598461478,1
0.7578124999999629,0.02105498890550806,1.0390129199570168,0.003232900362944611,0.004376051495617812,1
0.7734375000000134,0.02105498890550941,1.0388635730999534,0.003226739675461445,0.004095406056997665,1
0.7890625000000153,0.02105498890550937,1.0386027759156375,0.003218797842891205,0.0038141938523861595,1
0.8046874999999791,0.021054988905508484,1.038216987732129,0.003208691268118457,0.003532379212723597,1
0.8203125000000141,0.02105498890550937,1.0376959705353326,0.0031961425256865524,0.003249842723183747,1
0.8359375000000134,0.02105498890550933,1.0370326819438789,0.00318087933771833,0.002966364179114214,1
0.8515625000000153,0.02105498890550941,1.0362235628890466,0.00316260844139226,0.0026816327777310607,1
0.8671874999999765,0.021054988905508405,1.0352687483420795,0.003140975926830172,0.002395288658981582,1
0.8828125000000114,0.02105498890550933,1.0341722216380982,0.003115587551246628,0.0021069689080546817,1
0.898437500000016,0.02105498890550941,1.0329412585886548,0.0030859772656056444,0.0018162690456241923,1
0.9140624999999349,0.021054988905507558,1.0315859190799606,0.003051665196373837,0.0015227398665386776,1
0.9296875000000147,0.02105498890550933,1.0301182739296222,0.0030106163741595317,0.0012251398144138806,1
0.9453125000000114,0.02105498890550941,1.028556202034091,0.002963619241476555,0.0009235584098956588,1
0.960937500000016,0.02105498890550933,1.0269090842827233,0.0028896994380690683,0.0006073838202932909,1
0.9765624999999739,0.021054988905508405,1.0252804505601338,0.002838545893534698,0.0003006611591048477,1
0.9921875000000147,0.02105498890550941,1.0232862421950346,0.002353592706934717,-0.00021404792506803097,1
0.0078125,0.02289021393873333,1.0058829107407696,0.009441146567890996,0.03620375634225827,1
0.0234375,0.02289021393873333,1.0117263116963409,0.011213418319423815,0.030408809007093588,1
0.0390625,0.02289021393873332,1.016144685840352,0.009859150368798655,0.024765195066608778,1
0.0546875,0.02289021393873331,1.0185289239284634,0.008890585924207045,0.021777445125953587,1
0.0703125,0.022890213938733313,1.0200109491874292,0.008230424574852459,0.02021298157726091,1
0.0859375,0.022890213938733313,1.0211831690640354,0.007578572973310381,0.019034779182301,1
0.1015625,0.02289021393873332,1.0221396464457502,0.0069899558584069835,0.018079501269494973,1
0.1171875,0.02289021393873331,1.0229246204144742,0.006496274579752121,0.017322070223254007,1
0.1328125,0.02289021393873332,1.0235932582739722,0.006078047566526762,0.016701367841540932,1
0.1484375,0.02289021393873332,1.024183547459378,0.005717461983302625,0.01616883798889402,1
0.1640625,0.02289021393873332,1.0247174707105513,0.005404709348286511,0.01569748089497572,1
0.1796875,0.02289021393873332,1.0252092442574994,0.005132668764015653,0.01527096097363817,1
0.19531250000000014,0.022890213938733348,1.0256690435037168,0.004895342475489163,0.014877847864605227,1
0.2109375,0.02289021393873331,1.026104325865552,0.004687782638609071,0.014509846669543403,1
0.22656250000000014,0.022890213938733348,1.026520621662273,0.004505933557262897,0.014160908033276728,1
0.24218750000000014,0.022890213938733292,1.026922092547881,0.004346402241868452,0.013826557012449144,1
0.25781250000000017,0.02289021393873331,1.0273118963021717,0.004206300132359639,0.01350343912991332,1
0.27343749999999983,0.022890213938733348,1.027692453097974,0.004083154111199715,0.013189027333276922,1
0.28906250000000017,0.02289021393873331,1.0280656271645867,0.003974831721793962,0.012881407804156654,1
0.30468749999999983,0.022890213938733348,1.0284328632911277,0.0038794849727558076,0.012579127990430377,1
0.32031250000000017,0.022890213938733292,1.0287953002899597,0.00379551722594918,0.012281087176291335,1
0.33593750000000017,0.02289021393873331,1.0291538467047985,0.003721545842850196,0.011986437363582047,1
0.35156249999999956,0.02289021393873333,1.0295092382531934,0.0036563530112146744,0.011694499810770217,1
0.36718750000000044,0.02289021393873331,1.029862064700137,0.0035988610003277036,0.011404726607456261,1
0.38281249999999956,0.022890213938733348,1.030212783754122,0.0035481316541267688,0.011116687336920028,1
0.39843750000000044,0.022890213938733348,1.0305617594424066,0.003503343764046737,0.010830042806324556,1
0.41406249999999956,0.02289021393873331,1.0309092757902873,0.003463776483721354,0.01054453578043386,1
0.42968750000000044,0.02289021393873331,1.0312555461865318,0.0034288130518374178,0.010259993698122515,1
0.44531249999999956,0.02289021393873327,1.0316007562893306,0.0033979410493837404,0.009976310062683107,1
0.46093749999999983,0.022890213938733386,1.031945082210455,0.0033707165855935777,0.009693397022169634,1
0.47656249999999956,0.02289021393873331,1.032288682774829,0.0033467374588597326,0.00941116245656919,1
0.49218750000000044,0.02289021393873331,1.0326316945741456,0.0033256442257700476,0.009129515645667762,1
0.5078124999999996,0.02289021393873331,1.032974212578272,0.003307124301809241,0.00884837052438959,1
0.5234374999999999,0.02289021393873331,1.0333163084693169,0.003290894093396086,0.008567639667587668,1
0.5390625000000001,0.022890213938733424,1.033658001527664,0.003276696295680191,0.008287252948822878,1
0.5546875000000004,0.02289021393873327,1.033999241226251,0.003264321978733301,0.008007183002694809,1
0.5703124999999996,0.022890213938733348,1.0343399232797357,0.0032536205515204964,0.0077274336808221085,1
0.5859375000000011,0.02289021393873331,1.0346799175139962,0.0032444692597865385,0.007447995270044487,1
0.6015624999999989,0.02289021393873331,1.0350190283013176,0.0032367458496541874,0.007168819644510708,1
0.6171875000000004,0.022890213938733386,1.035356928201788,0.003230325972236379,0.006889826813181822,1
0.6328124999999996,0.022890213938733348,1.03569306923571,0.003225085153287594,0.006610920483920903,1
0.6484374999999999,0.02289021393873331,1.0360266363631077,0.0032209028350209433,0.006332007680588238,1
0.6640624999999869,0.022890213938732924,1.0363565746617147,0.003217668315927888,0.006053026101918355,1
0.6796875000000134,0.022890213938733656,1.0366813920022846,0.003215294889259595,0.0057739610283661,1
0.6953124999999869,0.022890213938732962,1.0369991039560884,0.003213716177789281,0.005494817510281893,1
0.7109375000000134,0.02289021393873377,1.0373071324284515,0.0032128743069865483,0.005215578623226832,1
0.7265624999999869,0.022890213938732924,1.0376022427709548,0.003212678759107783,0.004936160386935354,1
0.7421875000000158,0.02289021393873377,1.0378802039526975,0.0032129715296990977,0.004656425440322894,1
0.7578125000000158,0.02289021393873377,1.0381356770034211,0.0032135496929272867,0.004376244350108104,1
0.7734374999999839,0.022890213938732924,1.0383621636855136,0.0032141918913972133,0.004095533934066698,1
0.7890625000000158,0.022890213938733694,1.0385520444087282,0.003214680668887021,0.0038142649018726585,1
0.8046874999999827,0.022890213938733,1.0386963910426483,0.0032147818233209365,0.0035323970694552905,1
0.8203125000000182,0.02289021393873377,1.038785236984128,0.003214187780111576,0.003249815498460257,1
0.835937499999979,0.022890213938732924,1.0388079687937433,0.0032124876636269125,0.0029663119254834756,1
0.8515624999999845,0.022890213938732924,1.0387538134564303,0.0032091471700216342,0.0026815939961218243,1
0.8671875000000158,0.02289021393873377,1.0386122480556284,0.0032034884859976132,0.002395330323338776,1
0.8828124999999832,0.022890213938732924,1.038373013020969,0.003194710154491159,0.0021071838494736207,1
0.8984375000000158,0.022890213938733694,1.0380272584720605,0.0031818734737575935,0.001816770363803779,1
0.9140625000000207,0.022890213938733847,1.037569044764642,0.0031639393446394985,0.0015236500567900504,1
0.9296874999999802,0.022890213938733,1.0369950161565575,0.0031385229768888874,0.0012267566663177571,1
0.9453125000000182,0.02289021393873377,1.036308009889969,0.0031049604998133287,0.0009259129322927844,1
0.960937499999979,0.022890213938732924,1.035506767891139,0.0030445417395113046,0.0006129082393956841,1
0.9765625000000182,0.02289021393873377,1.0346633080341932,0.0029872211876784105,0.0003046960270014464,1
0.9921874999999802,0.022890213938732924,1.0334479097570912,0.0025144163985499563,-0.00015678885136240805,1
0.0078125,0.024861321659103916,1.0049885873531927,0.008414569131584088,0.03508996252605357,1
0.02343750000000001,0.024861321659103906,1.0101756467981082,0.0105235265648756,0.03016635665372477,1
0.039062499999999965,0.024861321659103888,1.0143950539008384,0.009528125953701871,0.0249182944325626,1
0.05468750000000007,0.024861321659103947,1.016795381657996,0.008646787540319592,0.021898604474409247,1
0.07031250000000007,0.024861321659103947,1.0182788550294926,0.008041475378410413,0.020295723124048905,1
0.08593749999999972,0.02486132165910383,1.0194384252779833,0.007440622957801426,0.01911640342932261,1
0.10156250000000018,0.024861321659103947,1.0203884932445322,0.006881528431338613,0.01815424413798032,1
0.11718750000000011,0.024861321659103947,1.0211691314893288,0.006404854338300182,0.017385253638779224,1
0.13281250000000017,0.024861321659103947,1.021832017154479,0.005998626460688564,0.016755058650483805,1
0.1484375000000001,0.024861321659103947,1.0224154721973273,0.005646842061636045,0.016215247231282422,1
0.16406249999999936,0.024861321659103822,1.0229420537105285,0.005340483185641523,0.015737834684477047,1
0.1796874999999995,0.02486132165910384,1.0234261465453531,0.005073178993215731,0.015306137389179398,1
0.195312500000001,0.024861321659104037,1.0238779897365637,0.004839446349775972,0.014908593983675748,1
0.21093749999999936,0.02486132165910384,1.0243051091931978,0.00463465220367621,0.014536784990775925,1
0.22656250000000114,0.024861321659104037,1.0247130835378417,0.0044549505779736005,0.014184551174107772,1
0.24218749999999908,0.02486132165910384,1.0251061021705294,0.004297100214655391,0.013847335012553712,1
0.25781249999999906,0.024861321659103822,1.025487350385807,0.004158324466247182,0.013521719500732837,1
0.27343750000000183,0.024861321659104037,1.0258592601245022,0.0040362318485840714,0.013205126184660082,1
0.28906249999999906,0.024861321659103822,1.0262237072891713,0.003928751488550383,0.012895598587730546,1
0.30468750000000183,0.024861321659104037,1.026582150508127,0.0038340829543422154,0.01259164781593097,1
0.32031250000000155,0.024861321659104037,1.0269357292136956,0.0037506648295576803,0.01229214068970031,1
0.3359374999999957,0.024861321659103607,1.0272853577640133,0.0036771400774588355,0.011996201424194398,1
0.35156249999999606,0.024861321659103607,1.0276317760160747,0.003612311856360095,0.011703129996378955,1
0.36718750000000183,0.024861321659104072,1.0279755704833802,0.0035551197903406695,0.011412361161772877,1
0.38281250000000877,0.024861321659104502,1.0283172083091434,0.0035046375372783426,0.011123447841368228,1
0.3984374999999949,0.024861321659103607,1.0286570563881419,0.003460053724825811,0.010836037184689144,1
0.4140624999999949,0.024861321659103607,1.0289954000492567,0.003420656861705744,0.010549859980146837,1
0.4296875000000024,0.024861321659104072,1.0293324662923877,0.0033858369848975963,0.010264730568908335,1
0.44531250000000266,0.024861321659104072,1.0296684437737855,0.0033550841225821804,0.009980528687846978,1
0.460937500000003,0.024861321659104037,1.030003514841216,0.0033279565487520156,0.00969715631216132,1
0.4765624999999938,0.024861321659103607,1.030337857131491,0.003304055328867286,0.009414514436706304,1
0.492187500000003,0.024861321659104072,1.0306716192246523,0.0032830234780420234,0.00913250581434053,1
0.5078125000000027,0.024861321659104072,1.0310049395211636,0.0032645491570951184,0.008851038083224053,1
0.5234374999999932,0.02486132165910357,1.0313379303299146,0.0032483513892601324,0.008570020573895165,1
0.5390625000000032,0.024861321659104072,1.0316706780659743,0.0032341777646850683,0.008289380626447403,1
0.554687500000003,0.024861321659104072,1.0320032451034875,0.003221822796335186,0.008009085555566578,1
0.5703125000000038,0.024861321659104072,1.0323356821575715,0.0032111348553141156,0.007729132017655817,1
0.5859374999999921,0.02486132165910357,1.0326680624036373,0.003201991053046513,0.007449505621927169,1
0.6015624999999909,0.02486132165910357,1.0330004675943985,0.003194273220242073,0.00717015633899997,1
0.617187500000015,0.024861321659104502,1.0333329573490666,0.0031878639101430807,0.006891003219745178,1
0.6328125000000038,0.024861321659104072,1.0336655516859434,0.003182648853422131,0.006611950084289959,1
0.6484375000000024,0.024861321659104072,1.0339981979520814,0.003178518805507192,0.0063329052762844925,1
0.6640624999999921,0.024861321659103642,1.0343307812695384,0.003175376682163729,0.006053807194940746,1
0.6796874999999921,0.02486132165910357,1.0346631162169602,0.0031731537157242435,0.005774638440905221,1
0.6953125000000179,0.024861321659104502,1.0349949294001946,0.0031718058347909566,0.005495399780110813,1
0.7109374999999669,0.02486132165910271,1.0353258500443348,0.0031713013381157134,0.005216070052000044,1
0.7265625000000168,0.024861321659104433,1.035655323696371,0.0031715845261010337,0.004936565895887161,1
0.7421874999999898,0.024861321659103642,1.0359826433570671,0.003172557858833696,0.004656754696485057,1
0.7578125000000179,0.024861321659104433,1.0363067618901831,0.0031741001923813504,0.004376511048328663,1
0.7734375000000173,0.024861321659104502,1.036626207723996,0.003176088069655607,0.0040957527510080815,1
0.7890624999999606,0.024861321659102636,1.0369390641958622,0.0031784217115004105,0.003814445446773973,1
0.8046875000000207,0.024861321659104433,1.037242943484916,0.003180997996259766,0.0035325453291089473,1
0.8203124999999898,0.02486132165910357,1.0375348446057262,0.003183660464664086,0.0032499392557833085,1
0.8359374999999898,0.02486132165910357,1.0378110463047077,0.003186165969441324,0.002966425797845317,1
0.8515625000000212,0.024861321659104433,1.0380670112509194,0.003188144526634274,0.002681726681604512,1
0.8671874999999876,0.02486132165910357,1.0382974149770337,0.003189085233017289,0.0023955293254150915,1
0.8828125000000224,0.024861321659104433,1.0384960382499113,0.0031883293341019134,0.0021075173350675698,1
0.8984374999999876,0.02486132165910357,1.0386557620500259,0.0031849691027703007,0.001817338054996025,1
0.9140624999999876,0.02486132165910357,1.0387692335134466,0.003177818061461314,0.0015245838736487316,1
0.9296875000000207,0.024861321659104433,1.0388287105812701,0.0031644060357824046,0.001228363271737177,1
0.9453124999999876,0.02486132165910357,1.0388291060422472,0.0031429230840614797,0.0009283623613030517,1
0.9609374999999876,0.02486132165910357,1.0387602953237978,0.003096756771940397,0.0006185061505709115,1
0.9765624999999898,0.0248613216591035,1.0386597672821964,0.0030390248067652275,0.00031086519606500864,1
0.992187500000023,0.024861321659104502,1.0382450012014546,0.002616745266530349,-9.825382255451915e-05,1
0.0078125,0.026978373015186668,1.0042048599269098,0.007479916734391358,0.03402390790880214,1
0.023437499999999997,0.026978373015186668,1.0087812529056608,0.009827318616189275,0.029866459024944954,1
0.03906250000000003,0.02697837301518669,1.012777433473718,0.009176447078852403,0.025033804619422027,1
0.054687499999999965,0.026978373015186657,1.0151786168673098,0.00839383145416137,0.022015602729225762,1
0.07031250000000008,0.02697837301518672,1.0166644012372434,0.007841747975951259,0.020376980453566607,1
0.08593749999999997,0.026978373015186657,1.0178120461035427,0.0072924533676459345,0.019196810725960193,1
0.1015624999999999,0.026978373015186657,1.0187559452074801,0.006765503563555758,0.018230109101394606,1
0.11718749999999997,0.026978373015186657,1.0195335116467796,0.006307425465610359,0.01745053361019249,1
0.1328124999999999,0.026978373015186657,1.0201923184638106,0.005914098082840083,0.016810897886099053,1
0.14843750000000053,0.02697837301518677,1.020770597255665,0.00557181889869506,0.016263733794706744,1
0.16406249999999933,0.026978373015186546,1.0212914556242947,0.0052724008904235405,0.015780172402372304,1
0.17968750000000058,0.02697837301518677,1.0217694515877278,0.005010236723757378,0.015343162825459718,1
0.1953124999999992,0.026978373015186546,1.022214883027475,0.004780400540210436,0.014941033986981758,1
0.21093750000000072,0.02697837301518677,1.0226353310831202,0.004578605302168108,0.014565261581332995,1
0.22656249999999908,0.02697837301518651,1.02303642576012,0.004401233284378995,0.01420958380218313,1
0.24218750000000072,0.026978373015186786,1.0234223949904613,0.004245207523281425,0.013869362987564292,1
0.2578125000000011,0.02697837301518677,1.023796443440408,0.0041078726305289635,0.013541120709928677,1
0.27343749999999856,0.026978373015186546,1.0241610266957895,0.003986925854193626,0.013222227776481757,1
0.2890625000000011,0.02697837301518677,1.0245180368425615,0.0038803628218150726,0.012910684914904233,1
0.304687500000001,0.02697837301518677,1.0248689408479843,0.0037864342054509475,0.01260496637335416,1
0.3203124999999931,0.026978373015186102,1.0252148932974137,0.0037036166762451756,0.012303905789097893,1
0.33593750000000394,0.02697837301518699,1.0255568124863879,0.0036305812340287,0.012006598894985546,1
0.3515625000000045,0.02697837301518702,1.0258954390811217,0.003566153799515571,0.01171232357611689,1
0.367187499999998,0.026978373015186546,1.026231368751431,0.003509292647746937,0.01142049642951325,1
0.3828124999999983,0.02697837301518651,1.0265650679779434,0.003459084420738625,0.011130653509782602,1
0.398437499999998,0.026978373015186578,1.0268969076334202,0.003414728332627865,0.010842427576291192,1
0.41406250000000555,0.02697837301518702,1.027227179820337,0.0033755226166359976,0.010555536655940563,1
0.4296874999999975,0.026978373015186546,1.0275561088766447,0.0033408646016660454,0.010269781426072058,1
0.4453124999999983,0.02697837301518651,1.0278838891095212,0.003310247580199952,0.00998502721848798,1
0.4609374999999975,0.026978373015186546,1.0282107021699045,0.003283232596758036,0.009701165210569348,1
0.47656250000000555,0.026978373015187056,1.0285367159859842,0.003259424236186607,0.009418088864178832,1
0.492187499999998,0.026978373015186546,1.0288620875861776,0.0032384677858227633,0.009135694117975773,1
0.5078124999999967,0.02697837301518651,1.0291869456811351,0.0032200515760112684,0.008853882396179935,1
0.5234375000000061,0.02697837301518702,1.029511406661476,0.0032038962376147967,0.008572559290713756,1
0.5390624999999972,0.02697837301518651,1.0298355610052283,0.0031897529553202896,0.008291649173881324,1
0.554687499999997,0.026978373015186578,1.0301594748922391,0.003177418405277302,0.00801111373797533,1
0.5703124999999879,0.02697837301518607,1.0304832219938955,0.0031667396635305517,0.007730942357179495,1
0.5859375000000168,0.026978373015187466,1.0308068941597917,0.003157592282332416,0.007451115695143177,1
0.6015624999999993,0.02697837301518651,1.0311306019128448,0.0031498577638230836,0.007171581604851992,1
0.6171875000000071,0.02697837301518702,1.0314544602709825,0.0031434187704691237,0.006892258245137148,1
0.6328124999999858,0.02697837301518607,1.0317785624838314,0.003138162553916099,0.006613049513938058,1
0.6484374999999868,0.026978373015186137,1.0321029789521847,0.0031339830982099557,0.006333864780431554,1
0.6640625000000316,0.02697837301518784,1.0324277562950723,0.0031307875301793096,0.006054642894659687,1
0.6796874999999847,0.026978373015186137,1.0327529301300389,0.0031285096130225613,0.005775363701568925,1
0.6953125000000077,0.026978373015186956,1.0330785517439733,0.003127106976889364,0.005496023848416494,1
0.7109375000000082,0.02697837301518702,1.0334046777356787,0.0031265497258197933,0.005216598119547635,1
0.7265624999999837,0.02697837301518607,1.033731374201589,0.003126787718929245,0.00493700392081194,1
0.7421875000000092,0.02697837301518702,1.0340586620968089,0.00312773475296434,0.004657113565113185,1
0.7578124999999837,0.02697837301518607,1.0343864889243366,0.0031292873054739358,0.004376805221118138,1
0.7734375000000082,0.02697837301518702,1.0347147085118635,0.0031313428744579384,0.004095998069398972,1
0.7890625000000108,0.026978373015186956,1.0350430761671692,0.0031338199796854815,0.0038146547004757835,1
0.8046874999999826,0.026978373015186137,1.035371278531359,0.0031366350435504276,0.0035327293131602808,1
0.8203125000000098,0.026978373015186956,1.0356988859776928,0.003139663681533919,0.0032501113620409844,1
0.8359375000000103,0.02697837301518702,1.0360253719448407,0.0031427104690753597,0.0029666067251800684,1
0.8515624999999795,0.02697837301518607,1.0363499947424495,0.003145471248410069,0.0026819520120906753,1
0.8671875000000092,0.02697837301518702,1.0366716809503234,0.0031475206580613793,0.0023958532454789404,1
0.8828124999999837,0.02697837301518607,1.0369890293254092,0.0031482944256995193,0.0021080144980566984,1
0.8984375000000103,0.02697837301518702,1.037300274317554,0.0031469892180461577,0.0018181171163408427,1
0.9140625000000108,0.026978373015186956,1.0376033434283072,0.003142482355518287,0.00152579183487703,1
0.9296874999999784,0.02697837301518607,1.0378955860361874,0.0031324924937923683,0.0012303122501442548,1
0.9453125000000119,0.02697837301518702,1.0381755423994752,0.0031146361074251504,0.0009313351088802553,1
0.9609375000000103,0.02697837301518702,1.0384366622760528,0.0030745512317504557,0.0006246376187642627,1
0.9765625000000129,0.026978373015186956,1.0386989517901635,0.003013564737020191,0.0003193457314785488,1
0.9921874999999784,0.026978373015186137,1.0387416108699699,0.0026634499376093105,-4.3549427235273485e-05,1
0.0078125,0.02925217388257368,1.003524680654941,0.006634269713752001,0.033006176916280355,1
0.0234375,0.029252173882573684,1.00753808887492,0.009132086090501505,0.029515672574630922,1
0.0390625,0.029252173882573673,1.0112912760869979,0.00880366953063161,0.025108194951625983,1
0.0546875,0.029252173882573677,1.0136763066796444,0.008130828741974861,0.022125522344091635,1
0.0703125,0.02925217388257366,1.015164013974919,0.007631360877965248,0.020456279407185418,1
0.08593749999999994,0.029252173882573673,1.0163004167546048,0.007133524979717701,0.01927537496339896,1
0.10156250000000006,0.029252173882573673,1.0172381205978407,0.0066411386727709566,0.018306499274963275,1
0.11718749999999994,0.02925217388257368,1.0180135568589952,0.006203383540832849,0.0175176445373351,1
0.13281250000000006,0.02925217388257368,1.018669785869436,0.005823931419352791,0.016868784141428984,1
0.14843749999999994,0.029252173882573652,1.0192444404675938,0.0054919000633665,0.01631425492347494,1
0.16406249999999994,0.029252173882573698,1.01976110511067,0.005200013325636716,0.015824491658294873,1
0.17968749999999994,0.029252173882573666,1.0202345219931657,0.00494343235475424,0.015382063522019176,1
0.19531249999999994,0.029252173882573698,1.0206750277477237,0.004717826948564826,0.01497520989836849,1
0.21093749999999994,0.029252173882573666,1.021090253501276,0.004519289637850851,0.0145953259991897,1
0.2265624999999998,0.02925217388257368,1.0214858781685159,0.004344450941014403,0.014236058632678687,1
0.2421875000000002,0.02925217388257368,1.0218661632361876,0.004190411454761536,0.013892694005987345,1
0.25781249999999983,0.02925217388257368,1.022234346094839,0.004054646998577389,0.013561694404312829,1
0.27343750000000017,0.02925217388257368,1.0225929016983961,0.003934951142555033,0.01324038118754522,1
0.28906249999999767,0.02925217388257342,1.0229437408978708,0.0038293915311912318,0.012926712733073376,1
0.30468750000000244,0.02925217388257385,1.0232883508004245,0.0037362737974751545,0.012619126122352478,1
0.32031250000000244,0.02925217388257394,1.023627894690081,0.003654115722581851,0.012316421473048266,1
0.33593749999999745,0.02925217388257342,1.0239633021496801,0.0035816188921950613,0.012017665426393284,1
0.35156249999999717,0.02925217388257345,1.024295322695419,0.003517633933158547,0.011722112873593676,1
0.36718750000000294,0.02925217388257385,1.0246245532924603,0.0034611392690607145,0.011429161738159041,1
0.38281249999999667,0.02925217388257345,1.0249514711470376,0.0034112360246599904,0.011138330702126465,1
0.39843750000000344,0.02925217388257394,1.025276452502462,0.003367134933501007,0.010849237638204293,1
0.41406250000000344,0.02925217388257385,1.025599791369996,0.0033281445119157354,0.010561587083461966,1
0.42968749999999645,0.02925217388257345,1.0259217232516102,0.0032936698309385453,0.01027516527509093,1
0.44531249999999667,0.029252173882573482,1.0262424424581222,0.003263208191545408,0.009989822740244528,1
0.46093750000000294,0.02925217388257394,1.0265621300300014,0.003236324001634297,0.009705438953406342,1
0.47656250000000394,0.02925217388257388,1.0268809582398049,0.003212625653099237,0.00942189920237433,1
0.49218749999999645,0.029252173882573482,1.0271990736951964,0.003191760873253285,0.009139092477486932,1
0.5078125000000039,0.02925217388257388,1.0275166108424107,0.003173418438733159,0.00885691387471894,1
0.523437499999996,0.029252173882573482,1.0278336785773432,0.0031573205219931114,0.008575265032524449,1
0.5390625000000049,0.02925217388257394,1.028150362601376,0.0031432216897519308,0.008294066782586764,1
0.5546874999999954,0.029252173882573482,1.028466732856297,0.0031309208028124993,0.008013274877192072,1
0.570312500000003,0.02925217388257394,1.0287828559598582,0.0031202644114343573,0.0077328711959594254,1
0.585937499999987,0.029252173882572962,1.029098821919823,0.003111126862946718,0.007452831063338342,1
0.6015625000000049,0.02925217388257394,1.0294147387509665,0.003103388682980844,0.007173100089986347,1
0.6171875000000049,0.02925217388257382,1.0297307124841486,0.0030969316020322576,0.006893595711353999,1
0.6328125000000049,0.029252173882574003,1.0300468405073342,0.0030916426736555553,0.0066142218523395765,1
0.6484375000000059,0.02925217388257394,1.0303631966234654,0.0030874172311319884,0.006334888750613572,1
0.6640624999999836,0.029252173882572962,1.0306798398799208,0.0030841646459871543,0.006055535307562043,1
0.6796875000000069,0.02925217388257394,1.0309968327547814,0.003081818937113692,0.0057761386788889695,1
0.6953124999999846,0.029252173882572962,1.0313142519592011,0.0030803358803666472,0.005496691364715964,1
0.7109375000000069,0.029252173882574003,1.0316322196006624,0.003079681125732287,0.005217164416545573,1
0.7265625000000263,0.029252173882574797,1.0319508704629,0.003079802558017008,0.004937476211805116,1
0.742187499999984,0.029252173882572962,1.0322703385633598,0.00308061722143976,0.004657503336292246,1
0.7578125000000049,0.02925217388257394,1.0325907242748151,0.003082026357850742,0.004377127475192282,1
0.7734374999999811,0.029252173882572962,1.0329120958513003,0.0030839327052645227,0.004096269092015886,1
0.7890625000000069,0.02925217388257394,1.0332345219562167,0.003086255185720416,0.0038148880284742982,1
0.8046875000000069,0.029252173882574003,1.033558092704303,0.0030889097421061915,0.003532937277265966,1
0.8203124999999806,0.029252173882572962,1.0338829301480894,0.003091772508379943,0.003250309426512546,1
0.8359375000000346,0.029252173882574797,1.034209180679056,0.003094649132661513,0.0029668192760581536,1
0.8515625000000049,0.02925217388257394,1.0345369551448098,0.0030972459207291208,0.0026822188254490014,1
0.8671874999999801,0.029252173882572903,1.0348663209988131,0.0030991531487510353,0.0023962331617030977,1
0.8828125000000049,0.02925217388257388,1.0351972626682557,0.0030998196436051065,0.0021085904027364367,1
0.8984374999999811,0.029252173882572962,1.0355297121264717,0.0030984602090114695,0.0018190085478298505,1
0.9140625000000049,0.02925217388257388,1.0358635864836252,0.003093934313055925,0.0015271665784254611,1
0.9296875000000069,0.02925217388257388,1.036198653550876,0.0030840608900088474,0.001232500785278206,1
0.9453125000000089,0.02925217388257388,1.036535561704357,0.003066021777106587,0.0009347315733535383,1
0.9609375000000069,0.02925217388257388,1.036870764262945,0.0030273959984744372,0.0006312328594352499,1
0.9765624999999757,0.029252173882572962,1.0372121603922293,0.002962388589518378,0.00032965460037870197,1
0.9921875000000108,0.02925217388257388,1.0374028505380128,0.002685658316494332,3.952695120652594e-06,1
0.0078125,0.03169433021934594,1.0029399219452384,0.005873514202118053,0.0320366803274515,1
0.023437500000000003,0.03169433021934593,1.0064390816261766,0.008445053768620264,0.0291211144856928,1
0.03906249999999998,0.03169433021934592,1.0099344716366812,0.008410277801691022,0.025138950327922606,1
0.05468750000000003,0.03169433021934596,1.0122851568258893,0.007856766538822604,0.02222507216024996,1
0.07031249999999996,0.03169433021934589,1.0137728982926764,0.007410416049475816,0.02053292139925593,1
0.08593750000000006,0.031694330219345944,1.0148986058361011,0.006963410536236701,0.019351476645236485,1
0.10156250000000006,0.03169433021934595,1.015829828586261,0.006507682551986845,0.01838273874078813,1
0.11718750000000006,0.03169433021934596,1.0166037056008994,0.006092075454611984,0.017586233085437067,1
0.13281249999999958,0.03169433021934585,1.0172586197546107,0.005727552866695371,0.016928567193310665,1
0.1484375000000001,0.03169433021934596,1.0178310534072594,0.005406548586747857,0.016366736562083876,1
0.1640625000000013,0.031694330219346194,1.0183449350755964,0.005122824278987775,0.0158707662451736,1
0.1796874999999988,0.03169433021934574,1.018815185167646,0.004872310025527984,0.015422848748106371,1
0.1953125000000001,0.031694330219346,1.0192521681546285,0.004651303024488187,0.015011152188039483,1
0.2109375000000001,0.03169433021934592,1.019663545408192,0.0044563098204123104,0.014627020053699879,1
0.22656250000000178,0.031694330219346166,1.020055039530453,0.004284231014443148,0.014264023053547282,1
0.24218749999999833,0.03169433021934574,1.0204309517488133,0.004132358836825236,0.013917377622475092,1
0.2578124999999982,0.031694330219345715,1.020794543619002,0.00399831076800419,0.01358348999300652,1
0.2734375000000002,0.03169433021934596,1.0211483176127136,0.0038799848479972557,0.013259634197089096,1
0.28906250000000444,0.03169433021934643,1.0214942064965964,0.003775526661096808,0.012943727195900145,1
0.3046874999999958,0.031694330219345535,1.0218337129644133,0.003683301029904115,0.012634169222609624,1
0.3203125,0.031694330219345986,1.0221680203018655,0.003601870136184742,0.012329726665065524,1
0.33593750000000516,0.0316943302193464,1.0224980689335992,0.003529968830655187,0.01202943668710677,1
0.3515625,0.031694330219345986,1.0228246156810474,0.0034664744458039053,0.011732530549014582,1
0.36718749999999484,0.03169433021934548,1.0231482706798585,0.00341038723359546,0.01143838667983951,1
0.3828125,0.03169433021934601,1.0234695163590395,0.003360824424876111,0.01114650620946385,1
0.39843750000000044,0.03169433021934592,1.0237887372994325,0.003317009486772172,0.01085649148721431,1
0.41406250000000044,0.03169433021934592,1.0241062388628825,0.0032782618734880026,0.010568032815112741,1
0.4296875,0.03169433021934592,1.0244222596946342,0.0032439948569196945,0.010280901491061083,1
0.4453125,0.031694330219345986,1.0247370040121777,0.003213710374830566,0.009994932509904755,1
0.46093750000000744,0.0316943302193464,1.02505065661449,0.003186976586942824,0.009709992944224663,1
0.4765624999999928,0.03169433021934551,1.0253633858476872,0.0031634059187797053,0.009425959211057006,1
0.4921875,0.031694330219345986,1.025675346847761,0.00314264896465875,0.00914271304240179,1
0.5078124999999923,0.03169433021934545,1.0259866669929372,0.0031243955295033334,0.008860143343608191,1
0.5234375000000009,0.031694330219345986,1.0262974569480676,0.0031083695870235987,0.00857814738231591,1
0.5390625000000018,0.03169433021934592,1.0266078035400843,0.0030943288709829003,0.008296642041381164,1
0.5546874999999991,0.031694330219345986,1.0269177727533887,0.0030820745783665007,0.008015576770761548,1
0.5703125000000171,0.03169433021934688,1.0272274355069655,0.0030714532836367985,0.007734925543415948,1
0.5859374999999991,0.031694330219345986,1.0275368765031587,0.0030623385045204683,0.007454657931285844,1
0.6015625000000009,0.03169433021934604,1.0278461959990823,0.0030546100434117986,0.007174717160384291,1
0.6171874999999815,0.03169433021934497,1.028155498610755,0.003048148766864502,0.0068950200774730306,1
0.6328125000000009,0.031694330219345986,1.0284648710902948,0.0030428410763939607,0.006615470868678779,1
0.6484374999999991,0.03169433021934592,1.028774384273182,0.003038582895394541,0.006335980472448771,1
0.6640625000000028,0.031694330219345986,1.0290840934781873,0.003035285502133596,0.006056487607251916,1
0.6796875000000185,0.03169433021934688,1.0293940528957832,0.003032883731565876,0.005776966370683224,1
0.6953125000000009,0.031694330219345986,1.029704346155319,0.0030313316189398178,0.005497405071063216,1
0.7109374999999991,0.03169433021934604,1.0300150811938233,0.0030305900918978492,0.005217771448542244,1
0.726562499999981,0.03169433021934497,1.0303263968116405,0.003030604166381784,0.004937984674915234,1
0.7421874999999991,0.031694330219345986,1.0306384202072176,0.0030312915110966674,0.004657925613859698,1
0.7578125000000009,0.03169433021934592,1.0309512579797937,0.0030325553460237046,0.004377479383812036,1
0.7734374999999991,0.031694330219345986,1.0312649995250356,0.003034300172510643,0.004096567491473006,1
0.7890625000000028,0.03169433021934587,1.031579737914831,0.0030364421196724597,0.003815147903232241,1
0.8046874999999991,0.031694330219345986,1.0318956157842423,0.003038891268919697,0.003533172564575875,1
0.8203125000000235,0.031694330219346825,1.0322128205518608,0.0030415179770842196,0.0032505383039697034,1
0.8359374999999751,0.03169433021934503,1.0325315707995797,0.0030441236243264076,0.002967069273948809,1
0.8515625000000009,0.031694330219345986,1.0328521109084239,0.0030464154193895437,0.002682532740013793,1
0.8671875000000009,0.03169433021934587,1.0331746450358177,0.0030479861344660064,0.002396674205528344,1
0.8828125000000009,0.031694330219345986,1.0334993939699129,0.003048284695696522,0.0021092472225399186,1
0.8984374999999991,0.03169433021934587,1.0338265739351997,0.0030465268304590383,0.0018200084365184277,1
0.9140625000000009,0.031694330219345986,1.0341564038218387,0.003041549388651906,0.0015286956054869527,1
0.9296875000000259,0.031694330219346825,1.0344890885044076,0.0030312394531341233,0.0012349047951758661,1
0.9453124999999728,0.03169433021934503,1.0348251811040299,0.0030124840309349687,0.0009384942923185166,1
0.9609374999999991,0.031694330219345986,1.0351615310469042,0.0029745607486270343,0.0006382051166901617,1
0.9765624999999972,0.03169433021934587,1.03549633101017,0.0029083040265096448,0.0003411849554367521,1
0.9921875000000028,0.031694330219345986,1.0357265530874542,0.002695535551041219,4.360252544855731e-05,1
0.0078125,0.03431730730532572,1.0024417139966348,0.005192583143694566,0.031114745680211928,1
0.023437500000000007,0.03431730730532573,1.0054754656755465,0.007773063861799301,0.02869020000554804,1
0.03906249999999996,0.0343173073053257,1.0087034990614632,0.007997758632639143,0.025124715894061768,1
0.054687500000000056,0.03431730730532576,1.0110011657336224,0.007570647133591541,0.02231073655203822,1
0.07031250000000003,0.034317307305325756,1.012485420042004,0.007178965283042876,0.020605924690492942,1
0.08593749999999983,0.03431730730532563,1.0136006972456586,0.006781806464105934,0.0194244939191061,1
0.10156250000000008,0.034317307305325756,1.014524920248457,0.006364406136578927,0.01845808724344655,1
0.11718750000000014,0.03431730730532577,1.0152974078007377,0.00597280955426062,0.017655850969303957,1
0.13281250000000053,0.03431730730532587,1.0159519781521893,0.005624350917460287,0.016990037846744035,1
0.14843749999999964,0.03431730730532563,1.0165233998903749,0.005315187684431041,0.016421067882595865,1
0.16406249999999953,0.034317307305325645,1.0170357496977434,0.005040293146810558,0.015918941638439883,1
0.17968749999999953,0.03431730730532562,1.0175041118041903,0.004796368771896869,0.015465506775559221,1
0.19531250000000086,0.03431730730532587,1.01793885562302,0.004580362131269809,0.015048876701829519,1
0.21093749999999942,0.03431730730532562,1.0183476549393644,0.004389227796646254,0.014660375240593574,1
0.22656249999999953,0.034317307305325645,1.0187362667927256,0.004220159690613653,0.014293517252069276,1
0.24218750000000097,0.03431730730532587,1.0191090238389275,0.004070656574378046,0.013943458354298157,1
0.25781250000000117,0.03431730730532584,1.0194692202276683,0.003938488595512097,0.013606553450010156,1
0.27343750000000094,0.03431730730532587,1.0198193809940481,0.003821666803462171,0.01328003223967139,1
0.289062499999997,0.03431730730532535,1.0201614613538323,0.00371842106821599,0.012961772044313823,1
0.30468750000000117,0.034317307305325895,1.0204969875078356,0.003627180027553465,0.012650136878716144,1
0.32031250000000117,0.03431730730532582,1.0208271576310286,0.0035465537887253897,0.012343859754946587,1
0.335937499999997,0.03431730730532542,1.0211529280663107,0.0034753133596594566,0.01204194818639238,1
0.3515625000000016,0.03431730730532582,1.0214750692592864,0.0034123649939065384,0.011743609120894694,1
0.3671874999999966,0.03431730730532542,1.0217941983794572,0.0033567325006684827,0.01144820106774611,1
0.382812500000002,0.03431730730532587,1.0221108114790551,0.003307551046004537,0.011155207058991095,1
0.3984375000000014,0.03431730730532592,1.0224253031505444,0.003264058149814676,0.010864213484920754,1
0.4140624999999966,0.034317307305325374,1.022737985804492,0.003225584954550351,0.010574895798098338,1
0.42968750000000183,0.03431730730532582,1.0230491128758081,0.003191553435022909,0.01028700961614185,1
0.44531250000000744,0.03431730730532631,1.0233588937016,0.003161470679224713,0.010000374034214495,1
0.46093749999998884,0.03431730730532492,1.0236675175591528,0.003134908919356468,0.009714842825461638,1
0.47656250000000916,0.03431730730532631,1.023975159838133,0.003111484931302878,0.009430282839256558,1
0.4921874999999949,0.03431730730532542,1.0242819714097746,0.003090852756501611,0.009146568351892363,1
0.5078124999999949,0.03431730730532542,1.0245880870756383,0.0030727040776788307,0.008863581901326495,1
0.5234375000000104,0.03431730730532631,1.0248936165950027,0.00305676489927192,0.008581216233631006,1
0.539062499999994,0.03431730730532542,1.0251986479401902,0.0030427960207181875,0.008299383812842247,1
0.5546875000000104,0.03431730730532631,1.0255032549141418,0.0030306009638560436,0.008018027343820715,1
0.5703124999999798,0.03431730730532448,1.0258075058049012,0.0030200264883104184,0.007737112526655444,1
0.5859375000000095,0.03431730730532626,1.026111485272464,0.003010945438333053,0.007456602702925075,1
0.6015624999999932,0.034317307305325374,1.0264152925055108,0.0030032372448550566,0.007176438477330844,1
0.6171875000000121,0.03431730730532631,1.0267190243045696,0.002996782289081765,0.006896536328581966,1
0.632812499999994,0.03431730730532548,1.0270227680032635,0.0029914662341647756,0.0066168009062227365,1
0.6484375000000113,0.03431730730532637,1.027326589346129,0.0029871852748352733,0.0063371439587735666,1
0.664062499999994,0.034317307305325374,1.0276305415375802,0.00298385252292324,0.006057503544524861,1
0.6796874999999923,0.034317307305325374,1.027934682420834,0.0029814038358903466,0.0057778503751379886,1
0.6953124999999923,0.03431730730532548,1.0282390840397555,0.002979792164120634,0.005498168370296935,1
0.710937500000013,0.03431730730532637,1.028543854655762,0.0029789748149483277,0.005218422105327655,1
0.7265624999999923,0.034317307305325374,1.0288491149235326,0.002978893732619145,0.004938531808998331,1
0.742187499999994,0.034317307305325374,1.0291549868517298,0.0029794661472881292,0.0046583825656976345,1
0.7578125000000134,0.03431730730532626,1.029461568051448,0.002980596065644598,0.0043778630834435,1
0.773437499999994,0.03431730730532548,1.0297689382196633,0.0029821889650921704,0.0040968959830332405,1
0.7890625000000142,0.03431730730532637,1.0300771958094046,0.0029841581803143596,0.0038154374306658264,1
0.8046874999999923,0.03431730730532548,1.030386470427574,0.0029864086788305415,0.003533439346394921,1
0.8203124999999907,0.03431730730532526,1.030696940207021,0.0029888054732694893,0.003250802736906163,1
0.8359374999999923,0.03431730730532548,1.0310088243749371,0.0029911454072479044,0.002967361842611461,1
0.8515625000000142,0.03431730730532637,1.0313223330818575,0.0029931342417573057,0.002682899789164369,1
0.8671874999999923,0.034317307305325374,1.0316376864172054,0.0029943642898580774,0.002397183219600033,1
0.8828124999999907,0.034317307305325374,1.0319550850596548,0.002994281926283548,0.002109993689235525,1
0.8984375000000439,0.034317307305327255,1.0322746981022592,0.0029921029138106022,0.0018211289791537793,1
0.9140624999999907,0.03431730730532548,1.032596750547433,0.0029866572028596212,0.001530393184896863,1
0.929687499999964,0.034317307305324375,1.0329213265368575,0.0029758961999263502,0.0012375391457132262,1
0.945312499999994,0.034317307305325374,1.0332484080384576,0.0029565763782571433,0.0009426193827628156,1
0.9609375000000439,0.03431730730532715,1.0335744557521254,0.00291953479732339,0.0006455292926720373,1
0.9765624999999872,0.034317307305325374,1.0338911471672105,0.0028549656809361947,0.0003534496167843126,1
0.9921874999999889,0.03431730730532558,1.034138471809547,0.002694035700858125,7.610994354449822e-05,1
0.0078125,0.03713449336748751,1.0020208239488644,0.004585719568059405,0.030239225005861823,1
0.023437499999999993,0.037134493367487496,1.004637204203159,0.0071222922441772675,0.028230382926940654,1
0.039062500000000035,0.03713449336748754,1.0075936184715715,0.0075685897941321495,0.025065373473566837,1
0.05468749999999995,0.037134493367487455,1.0098199008126254,0.0072716509250846705,0.022378966915472948,1
0.07031249999999994,0.03713449336748746,1.0112954824167548,0.006936993682569323,0.02067398750912724,1
0.08593750000000017,0.0371344933674876,1.0124001696846365,0.0065885338323969445,0.01949378217969202,1
0.10156249999999985,0.03713449336748747,1.0133166578319337,0.006210635478159369,0.018531757423170297,1
0.11718749999999994,0.03713449336748745,1.0140875212217044,0.005844870507629655,0.017725952123560724,1
0.13281249999999986,0.037134493367487455,1.0147423822605017,0.00551368209886586,0.01705291764285968,1
0.14843749999999994,0.037134493367487455,1.0153137730586042,0.005217206848819576,0.016477094708721246,1
0.16406249999999986,0.03713449336748747,1.0158256582008318,0.004951839906310174,0.0159689303496387,1
0.17968750000000108,0.037134493367487705,1.0162932458962382,0.0047150657474576765,0.015510000463971276,1
0.1953125000000009,0.037134493367487705,1.016726892911176,0.004504496080063993,0.015088380781036467,1
0.2109374999999986,0.03713449336748723,1.0171342577148568,0.0043175649366773245,0.014695409816906396,1
0.22656249999999822,0.03713449336748723,1.017521115990561,0.0041517839126925145,0.014324571729955125,1
0.2421875000000015,0.037134493367487684,1.0178918315683314,0.0040048738491728925,0.013970973679533299,1
0.2578125000000013,0.037134493367487705,1.0182497218386046,0.0038747688218386477,0.013630925629672207,1
0.2734374999999982,0.03713449336748721,1.0185973385205789,0.003759601842199949,0.013301617126118147,1
0.28906249999999784,0.03713449336748723,1.0189366601263443,0.003657693864184602,0.012980888314414647,1
0.3046875000000019,0.037134493367487684,1.019269232232943,0.0035675422486512415,0.012667068481939762,1
0.32031250000000167,0.037134493367487684,1.019596275495865,0.0034878089218776955,0.012358857855342338,1
0.33593749999999784,0.03713449336748726,1.019918762116292,0.0034173041549591457,0.012055234452006408,1
0.35156249999999745,0.03713449336748726,1.0202374745434255,0.0033549654741376568,0.011755380627471822,1
0.3671875000000067,0.037134493367488156,1.0205530454649225,0.0032998422595356407,0.01145863425120362,1
0.38281250000000205,0.037134493367487684,1.0208659805331328,0.003251089391678331,0.01116446006874461,1
0.3984375000000019,0.03713449336748773,1.0211766860066036,0.003207959887053616,0.010872427941855422,1
0.4140624999999912,0.03713449336748679,1.0214854887606069,0.003169797467868565,0.010582197807044627,1
0.42968750000000305,0.037134493367487684,1.0217926495659078,0.003136033356340842,0.01029350923224617,1
0.44531249999999745,0.03713449336748716,1.0220983901762735,0.0031061803502472995,0.010006164746454502,1
0.460937499999997,0.03713449336748731,1.0224029065187648,0.003079815091728625,0.009720004220835694,1
0.47656249999999745,0.03713449336748721,1.022706374826711,0.0030565590224148572,0.009434884200504519,1
0.4921875000000083,0.037134493367488156,1.0230089547963797,0.0030360704115548532,0.009150671023742568,1
0.5078125000000091,0.037134493367488204,1.023310779733958,0.003018043611244125,0.008867240883258708,1
0.5234374999999962,0.03713449336748721,1.0236119644973987,0.0030022071142537907,0.008584481669491459,1
0.5390624999999959,0.03713449336748726,1.0239126027967909,0.0029883247696108257,0.008302301027596435,1
0.5546874999999962,0.03713449336748721,1.0242127690728338,0.0029762022568298858,0.008020634535475807,1
0.5703125000000107,0.03713449336748825,1.0245125383221567,0.002965686412431763,0.0077394392008006295,1
0.585937499999981,0.03713449336748622,1.0248119948817194,0.0029566494208545747,0.0074586717290675685,1
0.6015625000000107,0.03713449336748811,1.02511123455176,0.0029489707204258023,0.007178269825707133,1
0.6171874999999962,0.03713449336748716,1.0254103549530937,0.0029425307225987357,0.006898149616858602,1
0.6328125000000123,0.0371344933674883,1.0257094377824503,0.00293721455721302,0.0066182166575924125,1
0.6484374999999939,0.03713449336748706,1.0260085515292956,0.002932918598810536,0.006338383496172971,1
0.664062499999995,0.03713449336748726,1.0263077517702481,0.0029295574137760743,0.006058587228185885,1
0.6796874999999947,0.03713449336748716,1.0266070924125286,0.002927067793875477,0.0057787946632484564,1
0.6953125000000139,0.03713449336748811,1.0269066499793782,0.002925402151842238,0.005498985009349796,1
0.7109374999999747,0.03713449336748632,1.0272065210981631,0.0029245151298353004,0.005219119845334567,1
0.7265625000000139,0.03713449336748811,1.0275068251777009,0.0029243458731458565,0.004939120571429021,1
0.7421875000000131,0.03713449336748811,1.0278076721422877,0.0029248104659236242,0.00465887688641239,1
0.7578124999999942,0.03713449336748716,1.0281091537921105,0.002925813209253674,0.004378281326893906,1
0.7734375000000147,0.03713449336748811,1.0284113516629803,0.002927259532112929,0.004097257504037118,1
0.7890624999999747,0.03713449336748632,1.0287143518662556,0.0029290607193891613,0.00381576051097526,1
0.8046875000000331,0.03713449336748915,1.029018281925524,0.0029311181968084544,0.0035337418170397193,1
0.8203124999999503,0.03713449336748537,1.0293233099679102,0.002933292597676788,0.0032511074854170265,1
0.8359375000000131,0.037134493367488204,1.0296296239474518,0.0029353769332381924,0.002967702280375157,1
0.851562499999995,0.03713449336748716,1.0299374258011877,0.002937074474069801,0.0026833257075282906,1
0.8671875000000147,0.03713449336748811,1.0302468947979326,0.0029379758996746,0.002397767632291337,1
0.8828125000000171,0.037134493367488204,1.030558189774174,0.002937528171837962,0.002110839089418686,1
0.8984374999999715,0.03713449336748622,1.0308714398137009,0.00293495380994437,0.0018223816696930687,1
0.9140625000000187,0.0371344933674883,1.0311867546784157,0.002929089745937636,0.0015322710219020257,1
0.9296874999999682,0.037134493367486414,1.0315040374404263,0.0029179626182874916,0.0012404138477383026,1
0.9453125000000171,0.03713449336748811,1.031822718865801,0.0028983557587638335,0.0009470929305403241,1
0.9609374999999715,0.03713449336748632,1.032138707050769,0.0028625753124989183,0.000653157625965415,1
0.9765625000000154,0.03713449336748811,1.032440152621625,0.0028019431845250175,0.0003660073148203438,1
0.9921875000000179,0.037134493367488204,1.0327006708026032,0.0026817181468085593,0.00010246057164465108,1
0.0078125,0.040160267916285734,1.0016679785610978,0.004046743532197091,0.029408612209688722,1
0.02343750000000001,0.04016026791628575,1.0039133985866682,0.006498019718319807,0.02774891702981891,1
0.03906249999999995,0.04016026791628569,1.0065990543284722,0.007126142500802445,0.024962042115663174,1
0.05468750000000009,0.04016026791628581,1.0087366873852606,0.0069593035463624995,0.02242640019067268,1
0.0703125000000001,0.04016026791628582,1.0101968686642793,0.006684427427376684,0.020735484588126275,1
0.08593749999999963,0.040160267916285596,1.0112902236588666,0.00638352884042468,0.0195586441649969,1
0.10156250000000018,0.04016026791628583,1.0121980459107283,0.0060457834278908745,0.01860293206838921,1
0.11718750000000018,0.04016026791628581,1.0129666607906982,0.005707538832990472,0.017795895724998803,1
0.1328125000000002,0.04016026791628582,1.0136220828923006,0.005394877936887415,0.017116848978982385,1
0.1484375000000002,0.04016026791628582,1.014194167984972,0.00511196758590484,0.016534612401031226,1
0.1640624999999993,0.040160267916285596,1.0147064513865043,0.004856849854698798,0.016020606776173115,1
0.17968749999999922,0.04016026791628557,1.0151741994959615,0.004627819437063767,0.015556262500352426,1
0.19531250000000036,0.0401602679162858,1.015607730789461,0.004423157170003606,0.015129639124109534,1
0.2109375000000002,0.04016026791628582,1.0160146618601693,0.004240803468085132,0.014732125181222277,1
0.22656250000000305,0.040160267916286276,1.0164007687962093,0.004078612223087632,0.014357204362428148,1
0.24218749999999734,0.04016026791628534,1.0167704321005786,0.00393454247359991,0.013999951493780631,1
0.2578124999999975,0.04016026791628534,1.0171269939666303,0.0038067037149468273,0.013656640152903325,1
0.2734375000000038,0.04016026791628625,1.0174730264211496,0.003693360043930454,0.013324425114799372,1
0.28906250000000056,0.040160267916285845,1.0178105302696727,0.003592930580861039,0.013001112950852019,1
0.30468750000000017,0.0401602679162858,1.018141074985151,0.0035039868022902023,0.012685000199558896,1
0.3203124999999966,0.04016026791628534,1.0184658997287015,0.003425246552132254,0.012374755609004731,1
0.33593750000000056,0.0401602679162858,1.018785995416997,0.0033555626803909154,0.012069328202265646,1
0.3515625000000045,0.04016026791628625,1.0191021613791242,0.0032939065941832396,0.011767875487073708,1
0.3671874999999919,0.040160267916284936,1.0194150416618895,0.0032393552300798737,0.011469714475402664,1
0.38281250000000056,0.0401602679162858,1.0197251572972925,0.003191085158678639,0.011174291112106811,1
0.39843750000000056,0.0401602679162858,1.0200329276217113,0.003148366436912925,0.01088115834446587,1
0.4140625000000107,0.04016026791628675,1.0203386895929074,0.003110556410473564,0.010589960093596862,1
0.4296874999999904,0.040160267916284936,1.0206427198335468,0.0030770963362553826,0.010300419239556132,1
0.44531250000000056,0.0401602679162858,1.0209452481623789,0.0030475052882269916,0.010012321550419622,1
0.46093750000001144,0.040160267916286706,1.0212464785905722,0.0030213646428350004,0.009725492249327537,1
0.47656249999998895,0.040160267916284936,1.0215465957577907,0.0029983008823869575,0.0094397768628471,1
0.49218750000000094,0.040160267916285707,1.0218457598637478,0.0029779770366523627,0.009155033386235393,1
0.5078125000000006,0.04016026791628575,1.0221441122667934,0.0029600910765153364,0.008871131344126596,1
0.5234374999999889,0.040160267916284936,1.0224417706582907,0.002944374651250878,0.008587953570113788,1
0.5390625000000137,0.04016026791628666,1.022738831694381,0.0029305948705620833,0.00830540243112801,1
0.5546875000000009,0.04016026791628575,1.023035378258348,0.0029185593798804863,0.008023405973990967,1
0.5703124999999882,0.040160267916284936,1.0233314869377854,0.0029081148181914944,0.007741912316148152,1
0.5859375000000137,0.04016026791628666,1.023627244667504,0.002899132713515399,0.007460871104222947,1
0.6015624999999998,0.04016026791628575,1.0239227472824943,0.0028914928272871627,0.007180216689034015,1
0.6171875000000009,0.04016026791628575,1.0242180874431106,0.002885076029586552,0.006899864958864975,1
0.6328124999999852,0.040160267916284936,1.0245133508315376,0.0028797673718788446,0.00661972264519125,1
0.6484375000000002,0.040160267916285845,1.0248086056396424,0.002875463590355571,0.006339703261739392,1
0.6640625000000189,0.04016026791628666,1.0251039080525803,0.0028720804031469585,0.006059742482138059,1
0.6796874999999852,0.040160267916284936,1.0253993166537287,0.0028695551570877835,0.005779802850760574,1
0.695312500000002,0.040160267916285845,1.0256949034794305,0.00286783971775679,0.005499858508722656,1
0.7109375000000167,0.04016026791628666,1.025990767949483,0.002866886595094111,0.005219867959582966,1
0.7265624999999838,0.040160267916284936,1.026287018154468,0.0028666323406738967,0.004939754166667813,1
0.7421874999999838,0.04016026791628484,1.0265837618172053,0.0028669920980496613,0.00465941171896857,1
0.7578125000000189,0.04016026791628675,1.0268810882094144,0.002867869898581254,0.0043787372506931335,1
0.7734374999999838,0.04016026791628484,1.0271790708064312,0.0028691708627608206,0.004097655867700109,1
0.7890625000000407,0.040160267916287656,1.0274777999497,0.0028708047887430433,0.003816121174552286,1
0.8046874999999621,0.04016026791628394,1.027777393383578,0.002872670226387747,0.003534084827282053,1
0.8203125000000203,0.04016026791628675,1.0280780073963944,0.0028746245644900854,0.0032514577089064224,1
0.8359375000000195,0.04016026791628675,1.0283798206900807,0.002876457752043061,0.0029680958649329573,1
0.8515624999999838,0.04016026791628484,1.0286829988882131,0.0028778699716497406,0.002683816805172309,1
0.8671874999999779,0.040160267916284936,1.0289877028243886,0.002878451770943937,0.002398434701494544,1
0.8828125000000203,0.04016026791628666,1.0292940426120243,0.0028776552242149463,0.0021117920804031094,1
0.8984374999999808,0.040160267916284936,1.0296020932341678,0.0028747141634141845,0.0018237763395961368,1
0.9140624999999838,0.04016026791628484,1.0299118660495954,0.0028684875566341627,0.0015343376594101961,1
0.9296875000000672,0.040160267916288656,1.0302230540362256,0.0028571011442067836,0.0012435328780594833,1
0.9453124999999808,0.040160267916284936,1.030534626026917,0.0028374943708367813,0.0009518907738260322,1
0.9609374999999779,0.040160267916284936,1.030842047747184,0.002803381013620655,0.0006610187940846086,1
0.9765625000000248,0.04016026791628666,1.0311321598815526,0.002748163784128046,0.0003784760141864222,1
0.9921874999999808,0.040160267916284936,1.031404429756862,0.002659291282329806,0.00012363616328641756,1
0.0078125,0.04341007514170196,1.0013741867400854,0.0035693042140185604,0.0286211607514217,1
0.0234375,0.04341007514170198,1.0032927236687978,0.005904475970621611,0.027252654334022238,1
0.0390625,0.043410075141701955,1.005713211501066,0.006674505936091514,0.024817002633994507,1
0.0546875,0.04341007514170196,1.0077467773524784,0.006633626717192323,0.02245008479971164,1
0.0703125,0.04341007514170196,1.0091835328971173,0.006421170850444548,0.020788505864162563,1
0.0859375,0.043410075141701976,1.0102641058637718,0.0061668271356960964,0.019618296267786498,1
0.10156250000000004,0.04341007514170196,1.0111621366124386,0.00586937714615054,0.018670778304162187,1
0.11718749999999996,0.04341007514170196,1.0119275288077951,0.0055601156523634706,0.01786495544402313,1
0.13281250000000006,0.04341007514170198,1.0125834036765236,0.0052672547119611175,0.017181387814257224,1
0.14843749999999994,0.04341007514170196,1.0131566320282874,0.004998810166927365,0.016593357995707565,1
0.16406249999999994,0.04341007514170196,1.0136699636585536,0.004754679392456294,0.016073802069049042,1
0.17968749999999994,0.04341007514170196,1.014138619158978,0.00453401341005133,0.015604190499783767,1
0.19531249999999897,0.04341007514170174,1.0145728504734581,0.0043357606750144,0.015172599129350598,1
0.21093750000000128,0.04341007514170225,1.014980199992645,0.004158388104383425,0.014770502082341163,1
0.2265624999999988,0.04341007514170174,1.0153664186836142,0.00400011576091762,0.014391417137277235,1
0.24218750000000147,0.043410075141702226,1.015735894871695,0.0038591574430075033,0.014030407376556918,1
0.2578125000000013,0.043410075141702226,1.016091983406833,0.003733809600479834,0.013683721008644727,1
0.27343749999999845,0.04341007514170174,1.0164372764013503,0.003622476555781583,0.013348485025491526,1
0.2890625000000013,0.043410075141702184,1.0167737951504936,0.003523682935610827,0.013022476939684897,1
0.3046874999999983,0.04341007514170174,1.0171031289678165,0.003436079937897186,0.01270396358852981,1
0.3203124999999983,0.04341007514170178,1.0174265393186743,0.0033584458176271347,0.012391583960192945,1
0.33593750000000216,0.043410075141702184,1.0177450353711675,0.0032896795440179884,0.012084259035083334,1
0.351562500000002,0.043410075141702184,1.0180594316923843,0.0032287890413200122,0.01178112175938071,1
0.3671874999999976,0.04341007514170183,1.018370389676952,0.003174881012709332,0.011481467857736544,1
0.3828124999999976,0.04341007514170166,1.0186784433858278,0.0031271556503780088,0.01118472436936341,1
0.3984374999999983,0.0434100751417017,1.018984025848113,0.0030849017538171998,0.010890426841503535,1
0.4140624999999976,0.0434100751417017,1.0192874898492272,0.0030474915641656715,0.010598202590603694,1
0.4296875000000074,0.04341007514170272,1.0195891221100055,0.0030143771945815735,0.010307757596496268,1
0.4453124999999976,0.04341007514170174,1.0198891666926713,0.0029850847400581886,0.010018860386141566,1
0.4609374999999976,0.04341007514170174,1.0201878364331998,0.0029592008040509256,0.009731321159239383,1
0.4765625000000077,0.0434100751417028,1.0204853206972326,0.0029363572025939955,0.009444973699754288,1
0.4921874999999976,0.04341007514170166,1.0207817885410544,0.0029162223174587173,0.009159667048196696,1
0.5078124999999969,0.04341007514170174,1.0210773837184397,0.002898498550986794,0.008875263843468616,1
0.5234375000000081,0.0434100751417028,1.0213722296860819,0.0028829215858128163,0.00859164138856128,1
0.5390624999999976,0.04341007514170174,1.0216664298149467,0.0028692620971537464,0.008308696311506276,1
0.5546874999999976,0.04341007514170174,1.0219600703087934,0.002857329494929828,0.008026348928546928,1
0.5703125000000098,0.04341007514170272,1.022253235390028,0.0028469700737377363,0.007744538261755713,1
0.5859374999999962,0.04341007514170174,1.0225460129332302,0.002838054721658735,0.007463206516892294,1
0.6015624999999956,0.04341007514170174,1.0228384967746642,0.0028304635450943725,0.007182284311350944,1
0.6171874999999962,0.04341007514170174,1.0231307823429494,0.002824078245211902,0.006901687192696719,1
0.6328124999999969,0.04341007514170183,1.023422952950943,0.002818784607514018,0.006621323400609035,1
0.6484374999999976,0.04341007514170174,1.023715079387352,0.002814480285409945,0.0063411072869759685,1
0.6640624999999956,0.04341007514170174,1.0240072208339188,0.0028110818200028473,0.006060972918587125,1
0.6796875000000108,0.04341007514170272,1.0242994368601654,0.002808526516203036,0.005780878240914885,1
0.6953124999999969,0.04341007514170174,1.024591803616773,0.0028067653885570994,0.005500791958240345,1
0.7109375000000115,0.043410075141702545,1.024884412364382,0.0028057488340805926,0.0052206695000753724,1
0.7265624999999956,0.04341007514170183,1.025177371372261,0.0028054113733419375,0.004940435639484356,1
0.7421874999999962,0.04341007514170183,1.0254707821093743,0.0028056673843554997,0.004659990217799705,1
0.7578124999999956,0.04341007514170148,1.0257647282801952,0.0028064208219359477,0.00437923448256627,1
0.7734374999999949,0.04341007514170183,1.0260592872183834,0.0028075764845533727,0.004098094933567739,1
0.7890624999999941,0.04341007514170157,1.0263545417302296,0.0028090427390518283,0.0038165242492513903,1
0.8046874999999962,0.04341007514170174,1.0266506087312994,0.002810715552454524,0.0035344735451789595,1
0.8203125000000323,0.04341007514170369,1.0269476342254786,0.0028124498108230553,0.0032518591508605256,1
0.8359374999999588,0.043410075141699624,1.027245771897404,0.002814032777878431,0.002968549070166701,1
0.8515625000000351,0.04341007514170361,1.0275451791944452,0.0028151626538450783,0.002684380153673952,1
0.8671874999999934,0.04341007514170183,1.0278459711539623,0.0028154332422252884,0.0023991926674123555,1
0.8828124999999956,0.04341007514170166,1.028148225089501,0.0028143048067515524,0.002112861551050806,1
0.8984374999999949,0.04341007514170183,1.0284519716836968,0.0028110271563990498,0.0018253219553826911,1
0.9140625000000351,0.04341007514170361,1.028757091767806,0.002804501396016471,0.00153659925489512,1
0.9296874999999533,0.04341007514169988,1.0290631262479373,0.002792975239211385,0.0012468941624162748,1
0.9453125000000377,0.04341007514170361,1.0293686382312557,0.002773646692134239,0.0009569776252988386,1
0.9609374999999921,0.04341007514170183,1.0296688385704778,0.002741584210899116,0.0006690228241457423,1
0.9765624999999941,0.04341007514170148,1.029950805487761,0.0026925843371953724,0.00039054482623625443,1
0.9921874999999934,0.04341007514170183,1.0302335319972387,0.002627482845758508,0.0001405447301945158,1
0.0078125,0.04690050274364012,1.0011309683677032,0.003147102115159804,0.027874995278609326,1
0.02343749999999999,0.04690050274364013,1.002763813870345,0.005344761768357086,0.026747890641844317,1
0.03906250000000004,0.0469005027436402,1.0049288808050645,0.006218250797647931,0.024633555057338295,1
0.0546874999999999,0.04690050274364005,1.0068454489496808,0.006295249138993089,0.02244769054214991,1
0.07031249999999994,0.04690050274364006,1.0082498416660481,0.006147171579829367,0.020830941137572945,1
0.0859375000000003,0.046900502743640334,1.0093153837565434,0.0059385472082196245,0.019671839071255606,1
0.10156250000000004,0.04690050274364018,1.0102022947325116,0.0056810773485628865,0.018734456686756863,1
0.11718749999999951,0.04690050274363996,1.010963189610236,0.005401950218370481,0.01793233460563442,1
0.13281249999999953,0.04690050274363998,1.0116190367170823,0.005130125981987736,0.0172460000571109,1
0.14843750000000028,0.04690050274364018,1.0121935662861494,0.004877060445996428,0.01665300289561637,1
0.16406250000000103,0.046900502743640445,1.0127083749857735,0.004644661617171652,0.016128298722644575,1
0.1796875000000002,0.04690050274364024,1.0131784963918804,0.00443299978199817,0.015653642221448542,1
0.1953124999999991,0.04690050274363998,1.0136140748276363,0.004241686456207991,0.01521717621914069,1
0.21093750000000128,0.046900502743640424,1.014022544435799,0.004069727018374233,0.014810496349372223,1
0.22656249999999897,0.04690050274363998,1.0144096035039722,0.003915729060056596,0.014427192636900394,1
0.2421874999999991,0.04690050274363994,1.014779627744251,0.0037781775749588186,0.014062341561157274,1
0.25781249999999895,0.04690050274363998,1.0151359802111697,0.003655567433445963,0.013712180044972778,1
0.27343749999999944,0.04690050274363998,1.0154812645697937,0.0035464522217180635,0.013373815934987928,1
0.2890625000000018,0.046900502743640424,1.0158175191048842,0.003449469399308921,0.013045003620274793,1
0.3046874999999988,0.04690050274363994,1.0161463535169015,0.00336335581328648,0.012723983974176966,1
0.32031250000000205,0.0469005027436405,1.0164690480065635,0.003286954767564022,0.012409368815095722,1
0.33593750000000205,0.04690050274364038,1.016786630866741,0.0032192151301122973,0.012100052549513558,1
0.35156249999999145,0.04690050274363902,1.0170999347665026,0.0031591842953073135,0.011795143994208012,1
0.3671875000000102,0.04690050274364134,1.0174096353234958,0.0031060009036745742,0.011493917771252622,1
0.3828125000000024,0.046900502743640424,1.0177162833482971,0.003058890831820332,0.011195781663567722,1
0.3984374999999942,0.04690050274363946,1.018020327370365,0.0030171633311343433,0.010900253529221339,1
0.41406250000000305,0.046900502743640424,1.0183221329579968,0.0029802067937009825,0.010606943715052013,1
0.42968750000000205,0.046900502743640424,1.0186220037585678,0.0029474852605946133,0.01031554082264511,1
0.4453124999999936,0.04690050274363954,1.0189201941927555,0.002918532746441441,0.010025796150494884,1
0.4609375000000027,0.046900502743640424,1.0192169273622487,0.0028929418106544446,0.009737504313325668,1
0.47656249999999295,0.04690050274363938,1.0195124013908488,0.0028703501356912788,0.009450486745432824,1
0.4921875000000034,0.046900502743640424,1.0198067893256497,0.0028504319022672735,0.009164583013937102,1
0.5078125000000024,0.046900502743640424,1.0201002429933856,0.0028328948182389448,0.008879648335429365,1
0.5234374999999917,0.04690050274363954,1.0203928912407854,0.0028174793116668853,0.008595554023862865,1
0.5390625000000043,0.046900502743640424,1.0206848424137553,0.002803959862154806,0.008312190527848822,1
0.5546874999999917,0.04690050274363954,1.0209761917407005,0.0027921476471709193,0.008029470213285582,1
0.5703125000000037,0.046900502743640424,1.021267026576955,0.00278188863151585,0.007747322989928715,1
0.5859375000000033,0.0469005027436405,1.021557437890673,0.0027730529841744527,0.007465683315953219,1
0.601562499999993,0.04690050274363946,1.021847521121663,0.0027655210844685155,0.007184477676796261,1
0.617187500000004,0.046900502743640424,1.0221373689494675,0.00275917589919876,0.006903621218224939,1
0.632812500000017,0.046900502743641465,1.0224270676230869,0.002753904998410036,0.006623023495299939,1
0.6484374999999905,0.04690050274363946,1.0227166888067762,0.002749607472144246,0.006342599706392812,1
0.664062500000003,0.0469005027436405,1.0230062958384145,0.0027462003292124055,0.0060622821510534575,1
0.6796875000000053,0.046900502743640424,1.0232959526360867,0.002743620350802594,0.005782024038838236,1
0.6953125000000037,0.0469005027436405,1.0235857314910928,0.002741817181436159,0.005501788330961477,1
0.7109374999999607,0.04690050274363754,1.0238757248355048,0.0027407391343953285,0.005221527402597787,1
0.7265625000000208,0.046900502743641465,1.0241660335414573,0.0027403192120382344,0.004941168078062117,1
0.7421875000000214,0.04690050274364138,1.0244567547897756,0.0027404717552861977,0.0046606157005907945,1
0.7578124999999891,0.04690050274363962,1.0247479730931008,0.0027411007873705605,0.004379776378786003,1
0.7734375000000214,0.04690050274364138,1.0250397617257045,0.002742110862198164,0.004098578677880579,1
0.7890624999999561,0.0469005027436377,1.0253322063968011,0.002743408793816291,0.003816973717283373,1
0.8046875000000202,0.04690050274364138,1.0256254145221422,0.0027448878647784863,0.003534912708627865,1
0.8203124999999891,0.04690050274363946,1.025919518605013,0.0027464008610176617,0.003252317052149139,1
0.8359375000000265,0.04690050274364154,1.0262146626585429,0.0027477329837232393,0.0029690678775356944,1
0.8515624999999866,0.04690050274363946,1.026510969285736,0.002748583137891727,0.002685023080581413,1
0.8671875000000253,0.04690050274364154,1.0268085310201476,0.0027485514791458065,0.002400049252406642,1
0.8828124999999524,0.04690050274363754,1.027107393167107,0.0027471083370231558,0.002114055854954686,1
0.898437500000024,0.04690050274364154,1.0274075162125564,0.0027435296296186218,0.0018270261614156413,1
0.9140624999999866,0.04690050274363946,1.027708696189281,0.0027367763650263037,0.00153905797438353,1
0.9296875000000279,0.04690050274364154,1.0280103010686845,0.0027252342355516415,0.001250488520546837,1
0.9453124999999866,0.04690050274363946,1.0283105891794557,0.0027064480492470394,0.0009623089924700938,1
0.9609374999999879,0.04690050274363946,1.0286047716032387,0.002676762948862226,0.000677067300808688,1
0.9765624999999866,0.04690050274363962,1.028881063320367,0.002634239225204806,0.0004019783208977868,1
0.9921875000000279,0.04690050274364138,1.0291729799655132,0.0025869186860481425,0.0001539934071246098,1
0.0078125,0.050649366599037515,1.0009305565815143,0.0027740695342141604,0.027168209941215524,1
0.023437499999999997,0.050649366599037515,1.0023156136658573,0.004820848366831229,0.02624026530872128,1
0.03906250000000003,0.05064936659903754,1.0042384564636486,0.005762155920329553,0.02441582410513546,1
0.05468749999999998,0.05064936659903749,1.006028065520583,0.005945458804042567,0.022417680890846774,1
0.07031250000000011,0.05064936659903762,1.0073907243544724,0.00586250501658547,0.02086060712732032,1
0.08593749999999994,0.05064936659903748,1.0084381697257143,0.005698879428138849,0.019718242225031383,1
0.10156249999999974,0.05064936659903736,1.0093124019135422,0.0054806878761643535,0.0187931245396676,1
0.11718750000000022,0.050649366599037585,1.010067281200772,0.005232467646203645,0.017997185688229236,1
0.13281250000000022,0.0506493665990376,1.0107222693328155,0.004982818051713356,0.017310063605083838,1
0.14843750000000022,0.050649366599037585,1.0112979623748646,0.004746037376812516,0.016713146410569868,1
0.16406249999999958,0.05064936659903736,1.0118144540554082,0.004526112187544349,0.016183825468344685,1
0.17968750000000014,0.050649366599037564,1.0122864112109815,0.004324103418833448,0.015704430874988583,1
0.19531250000000044,0.0506493665990376,1.0127238172652784,0.004140281407781817,0.015263248896073854,1
0.21093749999999828,0.050649366599037085,1.0131339614340977,0.003974193081580774,0.014852034322188687,1
0.22656250000000058,0.0506493665990376,1.0135224551337016,0.0038248506041751325,0.014464489937813583,1
0.2421875000000003,0.050649366599037564,1.0138936431698615,0.0036910257372022087,0.014095735413610321,1
0.25781250000000044,0.050649366599037564,1.014250880868146,0.003571422862276611,0.013742013790363165,1
0.27343750000000044,0.0506493665990376,1.0145967784554182,0.0034647535737152443,0.013400424553621766,1
0.28906249999999784,0.05064936659903712,1.0149333861657674,0.0033697754934901535,0.013068706111296792,1
0.3046875000000035,0.050649366599038084,1.0152623292589564,0.0032853169572318237,0.012745078396337055,1
0.32031249999999756,0.050649366599037085,1.015584907118178,0.0032102911889942804,0.012428129255408059,1
0.3359375000000007,0.050649366599037564,1.015902166296872,0.003143700898511034,0.012116728540976887,1
0.35156250000000133,0.05064936659903764,1.016214955990271,0.0030846359767950043,0.011809962052427868,1
0.36718750000000044,0.050649366599037564,1.0165239697560722,0.0030322694745303492,0.01150708342486872,1
0.38281249999999317,0.050649366599036676,1.0168297737510799,0.0029858549262182133,0.01120748132517201,1
0.3984375000000083,0.0506493665990386,1.0171328320805118,0.0029447237532671615,0.010910655617380222,1
0.41406249999999317,0.05064936659903653,1.0174335276373958,0.002908281908000646,0.010616199261565913,1
0.42968750000000105,0.05064936659903764,1.0177321765728475,0.002876006502684938,0.01032378345185413,1
0.4453125000000007,0.05064936659903764,1.0180290484047292,0.002847440714080048,0.010033141936951076,1
0.46093750000000105,0.05064936659903764,1.0183243761263219,0.0028221840147857648,0.009744053563748613,1
0.4765625000000007,0.050649366599037564,1.018618365338159,0.0027998804978708308,0.009456326792044898,1
0.49218750000000105,0.050649366599037564,1.0189111979267544,0.002780210760328123,0.009169791086327197,1
0.5078125000000008,0.050649366599037564,1.0192030310246372,0.002762888464105065,0.008884293745554737,1
0.5234374999999999,0.050649366599037564,1.0194940001784574,0.0027476593798286828,0.008599699469506063,1
0.5390625000000001,0.05064936659903764,1.0197842218293365,0.002734302090976222,0.008315892084703399,1
0.5546875000000017,0.05064936659903764,1.0200737962444015,0.0027226297028350712,0.008032775956425242,1
0.5703125000000008,0.05064936659903764,1.0203628182047324,0.0027124880837206488,0.007750271833411709,1
0.5859374999999901,0.050649366599036676,1.0206513812538112,0.00270374668586597,0.007468306294591248,1
0.6015625000000001,0.05064936659903764,1.0209395805210262,0.0026962861422320647,0.007186801459018567,1
0.6171875000000131,0.05064936659903845,1.0212275108824032,0.0026899912511045023,0.006905671611581632,1
0.6328124999999883,0.050649366599036454,1.0215152576433448,0.0026847520587883872,0.006624827401023819,1
0.6484375000000022,0.050649366599037564,1.0218028970600348,0.002680469439113987,0.006344184633594681,1
0.6640624999999883,0.050649366599036454,1.022090495791438,0.0026770608704153984,0.006063673908327109,1
0.6796875000000143,0.05064936659903852,1.0223781187685812,0.0026744622865321334,0.005783243553391493,1
0.6953124999999872,0.050649366599036454,1.0226658411811542,0.0026726214075154034,0.0055028507926760915,1
0.7109375000000167,0.050649366599038674,1.0229537503158233,0.0026714843547348977,0.005222445053884796,1
0.7265624999999883,0.050649366599036454,1.0232419434175395,0.0026709834497726714,0.004941955180914678,1
0.7421875000000143,0.050649366599038376,1.0235305138486952,0.002671033518768463,0.0046612920566980786,1
0.7578124999999872,0.050649366599036606,1.0238195432624106,0.002671539119095553,0.004380367338483016,1
0.7734374999999855,0.050649366599036454,1.0241091081948974,0.002672404696897915,0.0040991113484648,1
0.7890625000000474,0.050649366599040443,1.0243992880523218,0.0026735352375847838,0.0038174744091175527,1
0.8046874999999866,0.05064936659903675,1.0246901857462456,0.0026748214252796105,0.0035354072788805475,1
0.8203124999999872,0.050649366599036606,1.0249819216106024,0.002676113718318928,0.003252837162536111,1
0.8359374999999878,0.050649366599036606,1.0252746174705685,0.0026771967852204973,0.002969659226954167,1
0.8515625000000167,0.05064936659903852,1.0255683784817942,0.0026777738028334525,0.0026857529539004933,1
0.8671874999999866,0.050649366599036606,1.0258632635933247,0.002677452647472972,0.002401012832827771,1
0.8828125000000191,0.05064936659903852,1.0261592846760175,0.002675718746930779,0.0021153836104734584,1
0.898437499999983,0.05064936659903675,1.0264563492628205,0.0026718863579174045,0.0018288943636825504,1
0.9140625000000191,0.050649366599038376,1.0267541557536028,0.0026649838136208995,0.0015417125630039197,1
0.9296874999999842,0.05064936659903675,1.0270519230864836,0.002653557229723224,0.0012543021190004793,1
0.9453124999999848,0.050649366599036606,1.0273477336339978,0.002635563229244713,0.0009678322900315843,1
0.9609375000000214,0.05064936659903852,1.0276369777818053,0.0026085008737270223,0.0006850479679594023,1
0.9765625000000214,0.05064936659903852,1.0279095096291246,0.0025723114826040764,0.00041261800476991044,1
0.9921874999999818,0.050649366599036454,1.028209457881366,0.002538146081758124,0.0001646780267827986,1
0.0078125,0.05467580169784907,1.0007659909760136,0.0024445051567484606,0.026498951790590506,1
0.023437500000000007,0.054675801697849094,1.00193764336774,0.004333644763408958,0.025734714032189167,1
0.039062499999999965,0.05467580169784901,1.0036341122290806,0.005310929350815785,0.024168534570920646,1
0.05468750000000005,0.05467580169784913,1.005290062404178,0.0055861863966793915,0.022359428654867015,1
0.07031249999999993,0.05467580169784898,1.0066017217117997,0.005567466133066306,0.020875407099954987,1
0.08593749999999993,0.05467580169784899,1.0076272456468114,0.005448086857784826,0.01975635270507,1
0.10156250000000037,0.05467580169784923,1.0084869809999233,0.005268156723242627,0.01884593550184085,1
0.11718749999999986,0.05467580169784899,1.0092341362815578,0.005051194039652557,0.018058632519901398,1
0.13281250000000044,0.05467580169784922,1.0098871231737179,0.004824688202865074,0.01737287655572282,1
0.14843749999999914,0.054675801697848754,1.0104635494232337,0.004605061534961351,0.016773312109408196,1
0.1640624999999998,0.05467580169784899,1.010981706580204,0.004398335173613194,0.016240052418079173,1
0.17968749999999994,0.05467580169784899,1.0114556863241975,0.0042066260235351476,0.015756320862823133,1
0.1953124999999998,0.05467580169784899,1.0118952391714993,0.004030861338068877,0.015310654040258618,1
0.2109375000000018,0.054675801697849476,1.0123074695470928,0.0038711241257723765,0.014895007965461093,1
0.22656249999999967,0.054675801697849025,1.0126978673833251,0.0037268420858302524,0.01450324016938376,1
0.24218749999999994,0.054675801697848955,1.0130707180844891,0.003597087411518506,0.014130547360563184,1
0.2578124999999994,0.05467580169784899,1.0134293566068313,0.0034807844075548503,0.013773199878144482,1
0.27343750000000233,0.05467580169784944,1.0137763880279507,0.0033768108823490905,0.013428301822535578,1
0.28906249999999967,0.054675801697849025,1.014113868611102,0.0032840515184146277,0.013093584503793157,1
0.30468749999999667,0.05467580169784841,1.0144434364154882,0.0032014320218093258,0.012767252894836755,1
0.3203125000000026,0.05467580169784951,1.0147664062115083,0.0031279403373455747,0.012447875074916475,1
0.3359374999999964,0.054675801697848476,1.015083841814182,0.0030626370219122285,0.012134299040943378,1
0.3515625000000029,0.05467580169784958,1.0153966103154406,0.0030046577033096458,0.011825588948539389,1
0.36718749999999584,0.05467580169784841,1.015705421103972,0.002953212273168611,0.011520978281988604,1
0.38281250000000344,0.05467580169784951,1.0160108575745896,0.0029075840854433923,0.011219836645602867,1
0.39843749999999584,0.054675801697848476,1.0163134005097252,0.0028671285170462093,0.010921645866551767,1
0.41406250000001055,0.05467580169785048,1.0166134472434725,0.0028312705219323787,0.01062598137148324,1
0.4296874999999953,0.05467580169784841,1.0169113312999378,0.002799501737984086,0.01033249663819733,1
0.44531250000000344,0.05467580169784951,1.017207334216061,0.002771375811693857,0.0100409080097338,1
0.4609374999999953,0.054675801697848476,1.0175017011871734,0.002746500192624386,0.009750978183578035,1
0.47656250000000455,0.05467580169784951,1.017794647552683,0.002724526097578763,0.009462502237774284,1
0.4921874999999947,0.054675801697848546,1.0180863621749032,0.0027051410387622667,0.009175298945325107,1
0.5078124999999953,0.054675801697848476,1.0183770102820402,0.0026880652748975695,0.008889207004082418,1
0.5234375000000027,0.05467580169784958,1.0186667345100442,0.002673050388258359,0.00860408390476652,1
0.5390624999999953,0.05467580169784841,1.0189556576646568,0.002659879412029304,0.00831980645295387,1
0.5546875000000139,0.05467580169785034,1.01924388901252,0.0026483678397311305,0.008036270855527538,1
0.5703124999999838,0.05467580169784771,1.0195315277000083,0.002638361793859122,0.007753388826937651,1
0.585937500000015,0.05467580169785034,1.0198186711027881,0.0026297301358514154,0.007471079065501911,1
0.6015624999999942,0.054675801697848546,1.0201054169578936,0.0026223539351355324,0.007189259016532627,1
0.6171874999999937,0.05467580169784841,1.0203918593711405,0.002616120099853503,0.00690784169372085,1
0.6328124999999942,0.054675801697848685,1.0206780869866536,0.00261092152601379,0.006626738243736499,1
0.6484375000000161,0.05467580169785048,1.020964177109513,0.002606661233968747,0.0063458649435528805,1
0.6640625000000172,0.05467580169785034,1.0212502000737038,0.002603257424912397,0.006065150540118096,1
0.6796874999999689,0.0546758016978466,1.021536224686415,0.002600644967388814,0.005784538675824412,1
0.6953125000000194,0.05467580169785062,1.0218223251798964,0.0025987691319693438,0.005503981068314967,1
0.7109374999999915,0.054675801697848546,1.022108587433491,0.0025975739612655513,0.005223424339738353,1
0.7265625000000172,0.05467580169785034,1.0223951035060883,0.002596991355982318,0.004942799128958411,1
0.7421874999999667,0.0546758016978466,1.022681963647842,0.0025969372252801774,0.004662022000061764,1
0.7578125000000194,0.05467580169785062,1.022969249548959,0.0025973174330834164,0.004381010006226006,1
0.7734374999999937,0.054675801697848546,1.0232570335058602,0.0025980365670384723,0.0040996958774553146,1
0.7890624999999909,0.05467580169784841,1.023545396764061,0.0025989978368300836,0.0038180288296430645,1
0.8046874999999948,0.054675801697848546,1.023834431692725,0.002600088992735382,0.0035359601653412315,1
0.8203125000000239,0.05467580169785048,1.024124244926709,0.002601158417139665,0.0032534229842206366,1
0.8359375000000205,0.05467580169785048,1.024414942901284,0.0026019923467783938,0.0029703271856470893,1
0.8515624999999623,0.0546758016978466,1.024706601162616,0.002602300622393482,0.002686574547359211,1
0.8671875000000205,0.05467580169785048,1.0249992605785414,0.002601701944736218,0.0024020882079863986,1
0.882812499999992,0.05467580169784882,1.0252928914676682,0.002599705451594349,0.0021168478338474887,1
0.8984375000000205,0.05467580169785034,1.0255873441293923,0.0025956687041811936,0.0018309245273934616,1
0.91406249999996,0.0546758016978466,1.025882243514015,0.0025886943067080287,0.001544553619631258,1
0.9296875000000205,0.05467580169785062,1.026176683908312,0.0025775178050420687,0.0012583083744361944,1
0.9453124999999876,0.054675801697848546,1.0264686786435486,0.0025605337427996324,0.0009734825678910458,1
0.9609375000000228,0.05467580169785048,1.0267539676468387,0.0025362388079390105,0.000692857460397037,1
0.9765624999999556,0.0546758016978466,1.0270241990379891,0.0025059668830315096,0.00042236599713847385,1
0.992187500000025,0.05467580169785048,1.0273311458221344,0.002481443918896955,0.00017317606127176821,1
0.0078125,0.05900035981206295,1.0006311857206407,0.0021531617684138883,0.025865485350040955,1
0.0234375,0.05900035981206297,1.0016202030698906,0.003883118997747521,0.02523547142303013,1
0.0390625,0.059000359812062926,1.0031079867203332,0.004868953261417509,0.02389677802723249,1
0.0546875,0.059000359812062975,1.0046269157837722,0.005219921258393324,0.022273265503266818,1
0.0703125,0.05900035981206297,1.0058789586653207,0.005262652366605738,0.020873506019981943,1
0.0859375,0.05900035981206298,1.0068781263829791,0.00518652143861548,0.019784933830710606,1
0.1015625,0.05900035981206297,1.007721262925357,0.005043572395064449,0.01889203920466544,1
0.1171875,0.05900035981206297,1.0084588422923535,0.004857778112899957,0.018115793206551475,1
0.1328125,0.05900035981206295,1.00910842320729,0.004655146015503206,0.017433672513712296,1
0.1484375,0.05900035981206298,1.0096848724257557,0.004453466744100877,0.016832947798261434,1
0.1640625,0.05900035981206295,1.010204456102157,0.00426063054791021,0.01629658755681727,1
0.1796875,0.05900035981206298,1.0106804670991896,0.004079851526282455,0.015809024079810878,1
0.1953125,0.05900035981206295,1.0111223316026527,0.0039127138347918415,0.015359182554832767,1
0.2109375,0.059000359812062884,1.0115369249040789,0.003759823743570663,0.014939270121643458,1
0.2265625,0.05900035981206295,1.0119295757762794,0.0036210279334234425,0.014543341786865008,1
0.2421875,0.05900035981206298,1.012304482757758,0.003495709463439147,0.014166708577234639,1
0.257812500000002,0.059000359812063474,1.0126649389601625,0.0033830216389620403,0.013805692994144624,1
0.2734374999999976,0.05900035981206236,1.013013534142222,0.003282015740737998,0.013457419436422325,1
0.2890624999999997,0.059000359812063044,1.0133523222784397,0.003191709899985105,0.013119622520898265,1
0.3046875000000003,0.05900035981206292,1.0136829481732335,0.003111132680880779,0.012790499696903561,1
0.3203124999999997,0.05900035981206298,1.0140067395267252,0.00303935152756138,0.01246860431660594,1
0.3359375000000003,0.05900035981206292,1.0143247754892744,0.00297548885408534,0.012152765892904354,1
0.3515624999999997,0.05900035981206298,1.0146379388230373,0.0029187292365950804,0.01184202911212355,1
0.3671875000000003,0.059000359812063044,1.0149469562689644,0.0028683220857515677,0.01153560822044677,1
0.3828124999999997,0.05900035981206292,1.0152524274901105,0.0028235827325954746,0.011232854383133931,1
0.3984375000000003,0.05900035981206298,1.0155548494879334,0.0027838923867996392,0.010933231447657593,1
0.4140625000000003,0.05900035981206292,1.015854637183173,0.002748696681994364,0.01063629715475125,1
0.4296875000000003,0.05900035981206298,1.0161521379119627,0.0027175032438790875,0.010341687375643834,1
0.4453124999999997,0.059000359812063044,1.016447648959969,0.0026898777019243934,0.01004910085511915,1
0.4609375000000003,0.059000359812063044,1.0167414268833976,0.0026654366642872803,0.009758284185645697,1
0.4765624999999992,0.05900035981206285,1.0170336971699245,0.0026438393005216096,0.009469018614312187,1
0.4921875000000008,0.05900035981206298,1.0173246579727737,0.002624780728381543,0.009181111659289143,1
0.5078124999999992,0.05900035981206298,1.0176144819997135,0.002607988308275801,0.008894392798228455,1
0.5234375000000102,0.05900035981206397,1.0179033194729754,0.0025932199016771547,0.00860871168692259,1
0.539062499999989,0.05900035981206212,1.0181913019558753,0.0025802635322796762,0.008323937626967946,1
0.5546875000000008,0.05900035981206285,1.0184785445603048,0.002568937672704726,0.008039958575933655,1
0.5703124999999992,0.05900035981206298,1.0187651535937081,0.0025590892104993953,0.00775667731663353,1
0.5859375000000008,0.05900035981206298,1.0190512305464992,0.0025505867550174193,0.007474004808137292,1
0.6015624999999992,0.05900035981206298,1.0193368748680776,0.002543312044938218,0.007191853628847817,1
0.6171875000000008,0.05900035981206298,1.01962218320592,0.0025371543649654648,0.006910134834332141,1
0.6328124999999992,0.05900035981206285,1.0199072437773893,0.0025320096404118195,0.006628759600165395,1
0.6484375000000008,0.05900035981206298,1.020192138021832,0.0025277833868241695,0.006347644207554941,1
0.6640624999999992,0.05900035981206298,1.0204769395359314,0.0025243947835374785,0.006066715563909876,1
0.6796874999999998,0.05900035981206298,1.0207617194233007,0.002521777531085185,0.005785912833526551,1
0.6953124999999982,0.05900035981206298,1.0210465530666402,0.002519874411119786,0.005505182759014753,1
0.7109375000000008,0.05900035981206285,1.021331523399184,0.002518627395813667,0.005224469295585149,1
0.7265624999999992,0.05900035981206298,1.0216167195431294,0.0025179680865958023,0.004943704847976053,1
0.7421875000000018,0.05900035981206298,1.0219022287362498,0.0025178139330272672,0.004662811201961511,1
0.7578124999999982,0.05900035981206285,1.0221881289443968,0.0025180728714576397,0.004381710989360477,1
0.7734375000000029,0.05900035981206311,1.0224744948592053,0.002518650030895019,0.004100339002072298,1
0.7890624999999992,0.05900035981206285,1.0227614004974002,0.002519446694908617,0.003818644503891666,1
0.8046874999999998,0.05900035981206298,1.023048932561876,0.0025203477618516933,0.003536579332963465,1
0.8203125000000002,0.05900035981206298,1.0233371846529367,0.0025212002121320974,0.0032540836109473253,1
0.8359375000000008,0.05900035981206285,1.023626239344429,0.002521793822731446,0.0029710821263445267,1
0.8515624999999971,0.05900035981206311,1.0239161562840255,0.0025218470044650965,0.002687498973015907,1
0.8671874999999998,0.05900035981206285,1.0242069469162216,0.002520994760790483,0.0024032864697591506,1
0.8828124999999982,0.05900035981206298,1.024498546534539,0.002518776745436008,0.0021184561139154273,1
0.8984375000000008,0.05900035981206298,1.0247907598358958,0.0025145945206147256,0.0018331194535855797,1
0.9140624999999992,0.05900035981206298,1.0250831344354785,0.0025076382156229925,0.00154757527038186,1
0.9296875000000039,0.05900035981206285,1.0253746945537738,0.00249685476076434,0.001262481579366136,1
0.9453125000000023,0.05900035981206311,1.0256634747274136,0.0024810660367864494,0.000979197568601732,1
0.9609374999999946,0.05900035981206259,1.0259456728838443,0.0024595933701657044,0.000700406526327652,1
0.9765625000000033,0.05900035981206311,1.0262146948604676,0.002434667379196547,0.0004311890634511952,1
0.9921874999999998,0.05900035981206285,1.0265277361534433,0.0024171751718500634,0.00017996831214124506,1
0.0078125,0.06364511439626898,1.0005209067600385,0.0018952915662701726,0.025266242018206885,1
0.023437499999999997,0.06364511439626899,1.0013544998831863,0.0034684519081679783,0.02474611218075188,1
0.03906249999999999,0.06364511439626905,1.0026523333107413,0.004440075203840349,0.02360579400099881,1
0.0546875,0.06364511439626894,1.004034101828725,0.004849567718673504,0.022160461774961244,1
0.07031250000000007,0.06364511439626909,1.005219056895578,0.004949020228457912,0.0208535022367379,1
0.08593749999999992,0.06364511439626898,1.0061870563749833,0.004914651918371285,0.019802736449283855,1
0.10156249999999958,0.06364511439626871,1.0070112087012264,0.004807157837210529,0.018930587064853392,1
0.11718750000000042,0.06364511439626923,1.0077372528338338,0.004652006803420244,0.018167802567706656,1
0.13281249999999986,0.06364511439626898,1.0083818185266835,0.004473675846567972,0.017491641951953622,1
0.14843750000000053,0.06364511439626923,1.0089573248297248,0.004290613745876126,0.01689143102839446,1
0.16406249999999928,0.06364511439626881,1.0094778809049756,0.00411230268934157,0.016352974879167738,1
0.17968750000000067,0.06364511439626927,1.0099557599806845,0.0039430524930843544,0.015862197121733312,1
0.19531250000000053,0.06364511439626923,1.0103999535273835,0.0037851025043498213,0.015408575615902842,1
0.2109374999999973,0.06364511439626831,1.0108170567088353,0.0036395634010489794,0.014984629791907145,1
0.2265625000000009,0.06364511439626927,1.0112121980132105,0.0035066959024614122,0.0145846556961698,1
0.24218750000000103,0.0636451143962692,1.0115894544329198,0.0033861996447392896,0.014204118205327354,1
0.25781249999999717,0.06364511439626831,1.0119520567683358,0.003277463901205656,0.013839420530210431,1
0.273437500000003,0.06364511439626977,1.0123025634566585,0.0031797194054700053,0.013487725667100296,1
0.28906249999999906,0.06364511439626881,1.0126430168667957,0.0030921231297685995,0.013146783944113847,1
0.3046875000000035,0.06364511439626971,1.012975062239147,0.003013811566037174,0.012814793884066132,1
0.3203124999999988,0.06364511439626881,1.0133000351595067,0.002943936085228854,0.012490300277062383,1
0.33593749999999833,0.06364511439626881,1.0136190271953132,0.0028816848360235774,0.012172118372329307,1
0.35156250000000394,0.06364511439626971,1.0139329363451866,0.002826294644160887,0.011859275940063837,1
0.36718749999999833,0.06364511439626888,1.0142425046315573,0.002777057047158982,0.011550969694079639,1
0.3828124999999988,0.06364511439626881,1.0145483484888786,0.0027333216221893334,0.011246533043477726,1
0.3984375000000037,0.06364511439626977,1.0148509820431766,0.0026944973163972705,0.010945412253404162,1
0.41406249999999173,0.06364511439626787,1.0151508355976395,0.002660052061809931,0.010647147536799049,1
0.42968749999999833,0.06364511439626876,1.0154482737622652,0.002629511100493762,0.010351357045417217,1
0.44531250000000444,0.06364511439626977,1.0157436069205885,0.0026024534750264954,0.010057722196750569,1
0.4609374999999988,0.06364511439626888,1.0160371051493726,0.0025785062853497646,0.009765973295483725,1
0.47656249999999734,0.06364511439626876,1.0163290045364273,0.002557337678075097,0.009475877554229028,1
0.4921875000000061,0.06364511439626977,1.0166195124345172,0.002538651039272775,0.00918723069530381,1
0.5078125000000054,0.0636451143962699,1.0169088103716515,0.002522181340124106,0.008899852379982998,1
0.5234374999999812,0.0636451143962666,1.0171970572265272,0.0025076931635045754,0.008613583830321287,1
0.5390625000000144,0.06364511439627078,1.0174843916282934,0.002494980013164026,0.008328286371154495,1
0.5546874999999979,0.06364511439626876,1.017770937325247,0.0024838639221421936,0.008043839491143514,1
0.5703124999999983,0.06364511439626876,1.0180568063781639,0.002474193060486837,0.0077601373252839416,1
0.5859374999999979,0.06364511439626876,1.0183421052513373,0.0024658363142891536,0.007477083290925106,1
0.6015625000000163,0.06364511439627078,1.0186269365082077,0.0024586765692502246,0.007194584773901035,1
0.6171874999999969,0.06364511439626863,1.018911397020784,0.002452605578714885,0.006912550340304675,1
0.6328124999999983,0.06364511439626876,1.0191955787618645,0.002447522394470555,0.006630890495541351,1
0.6484374999999969,0.06364511439626876,1.0194795651993427,0.0024433352523493797,0.006349521175755652,1
0.6640624999999973,0.06364511439626863,1.0197634334624988,0.002439964552804246,0.006068367213698999,1
0.6796874999999959,0.06364511439626876,1.020047256761446,0.002437342988426216,0.005787363813388897,1
0.6953124999999964,0.06364511439626863,1.0203311109577926,0.0024354110295606198,0.005506453269177061,1
0.7109375000000163,0.06364511439627067,1.0206150779204473,0.0024341088535184954,0.005225577256187878,1
0.7265624999999765,0.06364511439626673,1.020899242983396,0.002433368033174096,0.004944669644920606,1
0.7421875000000183,0.06364511439627078,1.021183689522731,0.002433108047554308,0.00466365719348802,1
0.7578124999999983,0.06364511439626863,1.0214684960803364,0.002433239434263211,0.004382467359303755,1
0.773437499999995,0.06364511439626876,1.0217537323799628,0.0024336680215196306,0.004101037742516258,1
0.7890624999999954,0.06364511439626876,1.0220394709933311,0.0024342935528147004,0.0038193177334142864,1
0.8046875000000202,0.06364511439627067,1.0223257884694803,0.0024349982929646025,0.003537261242933029,1
0.8203124999999707,0.06364511439626673,1.0226127631911566,0.0024356293515889037,0.0032548155887090727,1
0.8359374999999969,0.06364511439626876,1.022900462277416,0.002435981615181064,0.002971920589635741,1
0.8515625000000221,0.06364511439627055,1.023188921331375,0.002435784600707207,0.0026885229356260936,1
0.8671874999999697,0.06364511439626673,1.0234781290401702,0.0024346955222532014,0.0024046017711967854,1
0.8828125000000221,0.06364511439627078,1.0237679875956456,0.002432286760539597,0.0021201981430797397,1
0.898437499999993,0.06364511439626852,1.0240582597428909,0.0024280068684972055,0.0018354630260800453,1
0.9140625000000221,0.06364511439627078,1.0243484364537345,0.002421151186111348,0.001550749542853964,1
0.9296874999999678,0.06364511439626673,1.0246375080479808,0.002410882267241781,0.0012667708627404463,1
0.945312500000026,0.06364511439627055,1.024923609766776,0.00239641584709681,0.00098489559395295,1
0.960937499999962,0.06364511439626673,1.025203476881345,0.0023777172882554765,0.0007076001955867529,1
0.9765625000000584,0.06364511439627281,1.0254720768221182,0.0023574773476827894,0.000439078419095512,1
0.9921874999999639,0.0636451143962665,1.0257904078032087,0.0023450926338285305,0.00018541912627601916,1
0.0078125,0.06863377325521577,1.0004307429475159,0.0016666550559275486,0.02469985321866457,1
0.023437500000000007,0.0686337732552158,1.0011327101520962,0.003088203819218609,0.02426962360423171,1
0.03906249999999997,0.0686337732552157,1.00225967075077,0.004027458139817952,0.0233007812543489,1
0.05468750000000004,0.06863377325521586,1.003507066045493,0.004478258780095721,0.022023145978526674,1
0.07031249999999994,0.06863377325521572,1.0046190148206966,0.004627900209172778,0.020814574552965658,1
0.0859375,0.06863377325521572,1.0055509526583288,0.004633096003611798,0.01980860006210954,1
0.10156250000000025,0.06863377325521598,1.0063534940192398,0.004559262123178288,0.018960750477729726,1
0.11718749999999989,0.06863377325521572,1.007065969659289,0.004433811203454842,0.018213834282064845,1
0.13281249999999994,0.06863377325521572,1.0077037687292525,0.004279855891797422,0.017545959379867384,1
0.14843749999999983,0.06863377325521572,1.008277147293613,0.004115903917028717,0.016948081110985884,1
0.164062500000001,0.06863377325521616,1.0087980188700802,0.003952667963240953,0.016408696141232575,1
0.17968749999999845,0.06863377325521526,1.0092774388727874,0.003795495512838579,0.015915439968657283,1
0.19531249999999994,0.06863377325521569,1.0097238392176382,0.003647270617466042,0.015458521888420538,1
0.21093750000000133,0.06863377325521622,1.0101434770068867,0.003509584205131567,0.01503084801345238,1
0.22656250000000006,0.06863377325521569,1.010541237849315,0.0033830973101882213,0.014627000316318242,1
0.2421874999999995,0.06863377325521575,1.0109210434998324,0.0032678258186405896,0.014242638362401049,1
0.25781250000000155,0.06863377325521622,1.0112860354118782,0.0031633988974077015,0.01387427755638505,1
0.27343749999999767,0.06863377325521518,1.011638725019741,0.0030692308871511664,0.013519140708520703,1
0.2890625000000018,0.06863377325521622,1.011981131186011,0.002984621816949509,0.013175008018236425,1
0.3046874999999972,0.06863377325521518,1.0123148914303823,0.0029088202625817457,0.012840089220480468,1
0.3203125000000018,0.06863377325521616,1.0126413439137514,0.0028410655796303145,0.012512927723530475,1
0.3359375000000022,0.06863377325521622,1.012961589202488,0.002780615316427869,0.012192329499562353,1
0.35156249999999745,0.06863377325521518,1.0132765374702233,0.0027267616992225274,0.011877308838616518,1
0.3671874999999972,0.06863377325521534,1.0135869458524442,0.0026788411574987844,0.011567046828539932,1
0.38281250000000266,0.06863377325521627,1.0138934464964326,0.0026362398159611973,0.011260860452093615,1
0.3984374999999968,0.06863377325521512,1.014196569537902,0.0025983964053547253,0.010958178993727937,1
0.41406250000000266,0.06863377325521627,1.0144967626080679,0.002564803042931329,0.010658525389073588,1
0.4296875000000031,0.06863377325521616,1.014794404903171,0.002535004223786225,0.010361500410659849,1
0.4453125000000031,0.06863377325521616,1.0150898227650043,0.0025085941258517473,0.010066768161065656,1
0.4609374999999968,0.06863377325521523,1.015383298501307,0.0024852118491928005,0.009774042859456112,1
0.47656250000000927,0.0686337732552172,1.0156750798519796,0.0024645357528666053,0.009483077363650092,1
0.49218749999998856,0.06863377325521418,1.0159653840615601,0.0024462783730399037,0.009193655211874764,1
0.507812499999989,0.06863377325521418,1.0162544019661885,0.0024301829186201833,0.008905585728407259,1
0.5234375000000185,0.06863377325521826,1.0165423007264889,0.0024160212645825984,0.008618701143328978,1
0.5390624999999881,0.06863377325521418,1.0168292280532691,0.002403592947375522,0.008332854279474533,1
0.5546875000000031,0.06863377325521616,1.0171153146595016,0.0023927240560986628,0.008047916090305984,1
0.570312500000004,0.06863377325521638,1.0174006801107323,0.002383264799997061,0.007763772281588992,1
0.5859375000000031,0.06863377325521616,1.0176854355966993,0.0023750851996927605,0.007480318880651078,1
0.6015624999999863,0.06863377325521418,1.0179696862660241,0.0023680696924336074,0.007197457846670544,1
0.6171875000000031,0.06863377325521616,1.0182535327067923,0.002362112519611805,0.006915094654564617,1
0.632812500000004,0.06863377325521627,1.0185370683377508,0.0023571158068900933,0.006633138611077602,1
0.6484375000000031,0.06863377325521605,1.018820380143181,0.002352990711240898,0.00635150460150718,1
0.6640624999999863,0.06863377325521418,1.0191035471866212,0.002349658982040925,0.0060701153753326765,1
0.679687500000024,0.06863377325521826,1.0193866456701304,0.0023470524883988397,0.005788902643754436,1
0.6953124999999855,0.0686337732552144,1.0196697523900402,0.0023451097548032656,0.005507805023095421,1
0.7109375000000031,0.06863377325521616,1.0199529470912765,0.002343769539320991,0.005226762029357664,1
0.726562500000004,0.06863377325521638,1.0202363119196909,0.002342963675164823,0.004945708946214787,1
0.7421874999999823,0.06863377325521407,1.0205199287006848,0.0023426139051282166,0.00466457661974301,1
0.757812500000004,0.06863377325521594,1.0208038713205265,0.0023426333932391116,0.004383297212045636,1
0.7734375000000067,0.0686337732552166,1.0210882093935334,0.0023429289810208208,0.004101810889486527,1
0.7890625000000058,0.06863377325521616,1.021373009098432,0.002343399029215115,0.003820068750176559,1
0.8046874999999823,0.06863377325521407,1.021658338774976,0.0023439244093687145,0.003538027182712973,1
0.820312500000028,0.06863377325521826,1.0219442625994954,0.002344353701588631,0.0032556414790628273,1
0.8359374999999815,0.06863377325521429,1.0222308289247393,0.0023444883262214206,0.0029728664579723764,1
0.8515625000000058,0.06863377325521616,1.0225180573596624,0.0023440724618385687,0.0026896701312548303,1
0.8671875000000031,0.06863377325521616,1.0228059088628063,0.0023427889087998073,0.00240605595501651,1
0.8828124999999819,0.06863377325521407,1.0230942595246293,0.002340242471149113,0.002122092483433395,1
0.898437500000032,0.06863377325521804,1.0233828356550578,0.002335937946957858,0.0018379682523792845,1
0.9140624999999774,0.06863377325521429,1.0236710885740368,0.0023292865004995215,0.001554075728470466,1
0.9296875000000103,0.06863377325521616,1.023958022894148,0.0023196567786211717,0.0012711556001359227,1
0.9453124999999765,0.06863377325521451,1.0242419367768005,0.0023066109272284335,0.0009905313006322075,1
0.9609375000000591,0.06863377325522013,1.0245201092879503,0.002290579078253762,0.0007143987376095158,1
0.9765624999999526,0.06863377325521242,1.0247888406446966,0.002274370896390349,0.00044609604771122765,1
0.9921875000000067,0.06863377325521638,1.0251117792657616,0.002265712120320755,0.00018984637837622255,1
0.0078125,0.07399179955343445,1.0003570146338487,0.0014635027601744553,0.024165174997888617,1
0.0234375,0.07399179955343445,1.000947983537863,0.002740478022003149,0.023808495737559197,1
0.0390625,0.07399179955343445,1.0019228852188877,0.0036334964502453553,0.02298675439895466,1
0.0546875,0.07399179955343445,1.0030412088913467,0.004109149692448192,0.02186417675152578,1
0.0703125,0.07399179955343446,1.0040760624395193,0.004300963893278536,0.020756590018802656,1
0.08593749999999994,0.07399179955343445,1.0049672956466527,0.0043426485293064,0.019801573893242694,1
0.1015625,0.07399179955343443,1.0057454442328402,0.0043003537090722495,0.01898175822441534,1
0.11718750000000006,0.07399179955343448,1.0064422801410793,0.004203263199881465,0.018253124913007096,1
0.13281249999999994,0.07399179955343443,1.0070714821638906,0.004073372435826756,0.0175958149679772,1
0.14843750000000006,0.07399179955343448,1.007641376093181,0.003928793251579923,0.017002179257259244,1
0.16406249999999994,0.07399179955343445,1.008161722910297,0.003781062980262366,0.016463177692650946,1
0.17968750000000006,0.07399179955343445,1.008642202638242,0.0036364463327728776,0.015968297613585897,1
0.19531249999999994,0.07399179955343445,1.009090556997708,0.0034984442857052826,0.015508656751652564,1
0.21093749999999994,0.0739917995534344,1.0095126384394701,0.0033690980301202644,0.015077634976746678,1
0.22656250000000136,0.07399179955343495,1.009913047212474,0.003249446520233886,0.014670147440739054,1
0.24218749999999853,0.0739917995534339,1.0102955123519386,0.003139814227324434,0.01428208931195265,1
0.2578124999999981,0.07399179955343396,1.0106630594217694,0.00304006999198649,0.013910121971421812,1
0.273437500000002,0.07399179955343484,1.011018132645781,0.0029498135218513724,0.013551551692659461,1
0.2890624999999981,0.0739917995534339,1.0113627145859025,0.0028684903237844376,0.013204204784654061,1
0.304687500000002,0.07399179955343495,1.0116984256956731,0.0027954640579987704,0.012866313597781471,1
0.3203124999999977,0.07399179955343396,1.0120266002550402,0.002730065222096204,0.012536428463427545,1
0.3359375000000024,0.07399179955343495,1.0123483432233766,0.0026716238581053734,0.012213352013593986,1
0.3515624999999973,0.07399179955343387,1.0126645747714889,0.0026194904352854404,0.011896088947048827,1
0.36718750000000283,0.07399179955343495,1.012976064557335,0.00257304867365923,0.011583807450107278,1
0.38281250000000216,0.07399179955343484,1.0132834595233473,0.0025317234076998206,0.011275809568678163,1
0.3984374999999977,0.07399179955343396,1.0135873058738172,0.0024949850826395704,0.010971508603873066,1
0.4140624999999973,0.07399179955343387,1.0138880664412842,0.00246235168015002,0.010670410804837202,1
0.42968750000000283,0.07399179955343484,1.014186137222206,0.002433388626366808,0.010372099809607424,1
0.4453124999999969,0.07399179955343396,1.014481858313581,0.002407706748848242,0.010076222852929912,1
0.46093750000000916,0.07399179955343592,1.0147755261972025,0.0023849586645159153,0.009782478045870945,1
0.47656249999998374,0.0739917995534319,1.0150673998626134,0.0023648341158483783,0.009490603864619501,1
0.49218750000001,0.07399179955343592,1.0153577072631887,0.002347055654462083,0.009200371304404573,1
0.50781250000001,0.07399179955343603,1.0156466486176543,0.0023313754428943598,0.00891157893970783,1
0.5234374999999829,0.0739917995534319,1.0159344005801092,0.002317573302835724,0.008624049469019172,1
0.5390625000000109,0.07399179955343592,1.0162211187008232,0.002305455343392448,0.008337626832252072,1
0.5546874999999964,0.07399179955343387,1.0165069423719566,0.0022948524162633914,0.008052173337836683,1
0.5703125000000117,0.07399179955343603,1.0167919975227036,0.0022856177737977184,0.00776756647441205,1
0.5859374999999812,0.0739917995534319,1.0170764008306676,0.002277623546023445,0.007483694969574706,1
0.6015625000000117,0.07399179955343592,1.0173602619153639,0.0022707562626754388,0.0072004551744260835,1
0.6171874999999957,0.07399179955343396,1.0176436834875293,0.0022649128015190512,0.006917749118592109,1
0.632812499999996,0.07399179955343396,1.0179267624041115,0.002259998642424191,0.006635484129182192,1
0.6484374999999964,0.07399179955343396,1.0182095871492138,0.0022559280354582786,0.006353573526617346,1
0.6640625000000133,0.07399179955343571,1.0184922405875145,0.0022526243270763412,0.006071937904026331,1
0.6796874999999957,0.07399179955343396,1.0187748009287616,0.0022500191905227254,0.0057905061719482126,1
0.6953124999999943,0.07399179955343396,1.019057345427396,0.0022480500758478676,0.005509213731332276,1
0.7109374999999964,0.07399179955343375,1.0193399524929752,0.002246654880130156,0.005227998369517118,1
0.726562500000015,0.07399179955343592,1.0196227027613518,0.0022457660847433622,0.004946796398965551,1
0.7421874999999957,0.07399179955343417,1.0199056735095269,0.0022453078463502488,0.004665542262016691,1
0.7578124999999943,0.07399179955343396,1.0201889372598858,0.002245196183746796,0.004384171925303343,1
0.773437500000015,0.07399179955343571,1.0204725591108816,0.0022453392183686325,0.00410262905830048,1
0.7890624999999936,0.07399179955343396,1.0207566014835916,0.0022456352155290227,0.003820866866965602,1
0.8046874999999957,0.07399179955343438,1.0210411221331326,0.0022459650256123447,0.0035388455947973373,1
0.8203125000000167,0.0739917995534355,1.0213261722153757,0.0022461802276363993,0.0032565286276316514,1
0.8359374999999729,0.07399179955343242,1.021611785957331,0.0022460908499260727,0.002973885441797528,1
0.8515624999999969,0.07399179955343375,1.0218979610176222,0.0022454591773292234,0.002690903471044349,1
0.8671875000000183,0.07399179955343592,1.0221846402966244,0.002243993670359236,0.00240760716239474,1
0.882812500000015,0.07399179955343592,1.0224716743755344,0.002241334358298071,0.002124092483795626,1
0.8984374999999712,0.073991799553432,1.0227587577378596,0.0022370525936075032,0.0018405784506925983,1
0.9140625000000183,0.07399179955343571,1.0230453312678438,0.0022306755417989396,0.0015574816213048922,1
0.9296875000000183,0.07399179955343613,1.0233304515183845,0.0022217598996403225,0.001275542791691096,1
0.9453124999999704,0.07399179955343242,1.0236126101244174,0.0022101591705410246,0.0009959949268175865,1
0.9609374999999646,0.0739917995534318,1.023889618327235,0.0021966027295944753,0.0007207098561294826,1
0.9765625000000216,0.07399179955343613,1.0241588460450515,0.002183779374175032,0.0004522536363996008,1
0.9921875000000216,0.07399179955343592,1.0244857590294831,0.0021778277035663985,0.0001934312066246284,1
0.0078125,0.07974654178458877,1.0002966988452346,0.0012825390357265702,0.023661303567865628,1
0.023437499999999993,0.07974654178458875,1.0007944018779227,0.0024230696606059744,0.02336482320298873,1
0.03906250000000005,0.07974654178458884,1.001635325758587,0.0032597968378185503,0.022668447593702044,1
0.05468749999999994,0.07974654178458869,1.0026318872825217,0.0037452185863041474,0.021686989715834857,1
0.07031249999999986,0.07974654178458858,1.0035875247343156,0.003970144783754525,0.020680159621410423,1
0.08593750000000033,0.07974654178458915,1.004433983230739,0.00404429762606962,0.019781044629534585,1
0.10156250000000007,0.07974654178458881,1.0051849351434754,0.004031018662227984,0.018992954028064304,1
0.11718749999999967,0.07974654178458858,1.0058640630201778,0.003960568278220691,0.018285002728494492,1
0.13281249999999975,0.07974654178458856,1.0064828203830232,0.003854029704423532,0.01764044901967489,1
0.14843749999999967,0.0797465417845886,1.0070477562198152,0.0037288080257383374,0.017052995442218742,1
0.16406250000000067,0.07974654178458902,1.0075665831839702,0.003596856226206648,0.016515803337223436,1
0.17968750000000067,0.07974654178458918,1.0080475009010836,0.003465178361526873,0.016020264835060014,1
0.19531250000000078,0.07974654178458902,1.0084974354430307,0.003337838931373124,0.01555856348558746,1
0.21093749999999917,0.0797465417845886,1.0089217628603941,0.003217291815512501,0.015124648618391027,1
0.22656249999999817,0.07974654178458809,1.0093247528024478,0.003104923170792738,0.014713818760544378,1
0.24218750000000078,0.07974654178458918,1.0097099055668928,0.003001350309156484,0.014322245083755155,1
0.25781250000000117,0.07974654178458908,1.0100801001987203,0.002906676347291136,0.013946769598827277,1
0.27343749999999756,0.07974654178458815,1.010437693144489,0.002820685098264211,0.013584807927519258,1
0.28906250000000133,0.07974654178458918,1.0107846153193676,0.002742968107749919,0.013234250411369892,1
0.3046874999999974,0.07974654178458815,1.0111224596593433,0.0026730057920939256,0.012893364896983898,1
0.32031250000000555,0.0797465417845901,1.0114525488973114,0.0026102222582279322,0.012560717995326012,1
0.335937499999997,0.07974654178458805,1.011775987442847,0.002554022836802641,0.012235115703815826,1
0.3515625000000017,0.07974654178458918,1.0120937014091045,0.002503819013265732,0.011915557961074867,1
0.36718750000000094,0.07974654178458918,1.0124064711446807,0.002459044450514339,0.01160120309224103,1
0.3828124999999968,0.07974654178458815,1.01271495674737,0.0024191650772681685,0.011291340387734276,1
0.3984375000000061,0.0797465417845901,1.0130197188578267,0.002383685233315475,0.010985368417196181,1
0.4140624999999968,0.07974654178458825,1.0133212364370534,0.002352150816852945,0.010682777527763608,1
0.42968750000000094,0.07974654178458908,1.0136199199916385,0.002324149993673633,0.01038313489108818,1
0.4453124999999907,0.07974654178458711,1.0139161252572289,0.0022993120938258737,0.010086071150954579,1
0.4609375000000017,0.07974654178458898,1.0142101614005465,0.0022773048115304053,0.00979126866474239,1
0.4765625000000021,0.07974654178458937,1.0145023000090787,0.0022578305743634103,0.009498451440991477,1
0.4921875000000017,0.07974654178458908,1.0147927796086285,0.00224062289730203,0.009207377795079966,1
0.5078125000000021,0.07974654178458898,1.0150818108230344,0.0022254436585742864,0.008917835152148808,1
0.5234375000000018,0.07974654178458898,1.0153695791491042,0.002212081190868155,0.008629636225101203,1
0.5390625000000021,0.07974654178458918,1.015656249433544,0.00220034865520528,0.00834261568359985,1
0.5546874999999883,0.07974654178458711,1.015941968561077,0.002190082223693892,0.008056627138655483,1
0.5703125000000021,0.07974654178458918,1.0162268700144579,0.002181138944764,0.007771539889998051,1
0.5859375000000033,0.07974654178458898,1.0165110761651897,0.0021733937038746296,0.007487235427593661,1
0.6015625000000029,0.07974654178458898,1.0167947005520412,0.0021667353935282212,0.007203604440459082,1
0.6171874999999876,0.0797465417845873,1.017077849865678,0.0021610636698562984,0.006920545052512431,1
0.6328125000000182,0.07974654178459104,1.0173606228142542,0.0021562872056769895,0.006637961996216416,1
0.6484375000000018,0.07974654178458898,1.0176431115954665,0.0021523230760402963,0.0063557664630294365,1
0.664062499999986,0.0797465417845873,1.0179254010119687,0.0021490962277564123,0.006073877023689425,1
0.6796875000000026,0.07974654178458898,1.018207571540406,0.002146538764182576,0.0057922200462231805,1
0.6953125000000021,0.07974654178458918,1.0184897009868998,0.002144587612054804,0.005510728341996702,1
0.7109375000000049,0.07974654178458898,1.0187718679020705,0.0021431801608273802,0.005229338238215822,1
0.7265624999999845,0.0797465417845873,1.0190541497330179,0.002142249675449749,0.004947987002694643,1
0.7421875000000205,0.07974654178459104,1.0193366213941224,0.002141722666648882,0.00466661167232808,1
0.7578125000000037,0.07974654178458898,1.0196193512842797,0.0021415176107937705,0.004385152058408464,1
0.7734374999999829,0.0797465417845873,1.0199024023159644,0.0021415445893692695,0.004103555141715905,1
0.7890624999999829,0.07974654178458691,1.020185829291338,0.0021417028997886187,0.0038217774822931383,1
0.8046875000000449,0.07974654178459291,1.0204696820792563,0.002141874921837819,0.003539783635746897,1
0.8203124999999621,0.07974654178458525,1.0207540001202011,0.0021419164491052003,0.003257545685670559,1
0.8359375000000236,0.07974654178459104,1.0210388017086767,0.002141648837662819,0.0029750466594291158,1
0.8515624999999798,0.07974654178458711,1.0213240694778358,0.0021408537710410243,0.0026922902828975664,1
0.8671875000000221,0.07974654178459104,1.0216097251795258,0.0021392649473302473,0.0024093211743023775,1
0.8828124999999798,0.07974654178458691,1.0218955998814354,0.0021365633981916678,0.0021262593015818347,1
0.8984374999999798,0.07974654178458711,1.0221813705872131,0.002132392759413158,0.0018433452281297104,1
0.9140625000000229,0.07974654178459084,1.0224664895590716,0.0021263868993825754,0.0015610045877264003,1
0.9296874999999798,0.07974654178458691,1.0227500880271663,0.002118272120270234,0.0012799555162224252,1
0.9453125000000275,0.07974654178459123,1.0230308765860994,0.0021081340201223537,0.0010013002740245833,1
0.9609374999999798,0.0797465417845873,1.0233071486373877,0.002096851741281432,0.0007265777728482592,1
0.9765625000000291,0.07974654178459084,1.0235771068918986,0.002086853820905943,0.0004576932562131219,1
0.9921874999999798,0.07974654178458711,1.023907508289144,0.0020828871435590196,0.00019641704031126385,1
0.0078125,0.0859273733639413,1.0002473223509283,0.0011208746333292337,0.023187590409895476,1
0.023437499999999993,0.08592737336394132,1.0006669141106668,0.0021335898748055878,0.022940407214649378,1
0.03906250000000002,0.08592737336394136,1.0013908580317228,0.0029072103620858113,0.022350267247882506,1
0.054687499999999965,0.0859273733639412,1.002274449955588,0.0033890935962387924,0.021495435647687,1
0.07031250000000004,0.08592737336394132,1.0031507074697013,0.003637519810064137,0.020586642038448583,1
0.08593750000000004,0.08592737336394125,1.0039491864594934,0.003739214343120529,0.01974685199850798,1
0.10156249999999975,0.08592737336394106,1.0046702842747381,0.0037519572974145715,0.018993871916347178,1
0.1171875000000001,0.08592737336394128,1.0053297002143826,0.0037060527713668697,0.018308923174534183,1
0.13281250000000008,0.08592737336394135,1.0059362090789858,0.0036217514385152626,0.017679187910468856,1
0.14843750000000008,0.08592737336394131,1.0064946610306778,0.0035155563241892735,0.017099820405685803,1
0.16406249999999922,0.08592737336394081,1.0070108578308807,0.0033994591538272024,0.01656593250199128,1
0.17968750000000114,0.08592737336394185,1.0074914716097372,0.003280981307601183,0.016070794106011848,1
0.19531249999999906,0.08592737336394077,1.007942504468397,0.003164666569398441,0.01560777598693666,1
0.21093750000000028,0.08592737336394131,1.0083687819255693,0.0030533330384870036,0.015171493848837293,1
0.22656250000000008,0.08592737336394121,1.008774198146191,0.0029486751143095744,0.014757682521565103,1
0.24218750000000028,0.08592737336394135,1.0091619876660236,0.002851578425805841,0.014362828189683624,1
0.2578125000000001,0.08592737336394125,1.0095348534103996,0.002762368210144836,0.013983987951978293,1
0.2734375000000003,0.08592737336394135,1.0098950406289102,0.0026810065918202973,0.013618713728912414,1
0.2890625000000001,0.08592737336394135,1.010244412771863,0.0026072283565256845,0.013264979393273344,1
0.3046875000000003,0.08592737336394125,1.0105845233878197,0.0025406298638425582,0.012921102210225507,1
0.32031249999999656,0.08592737336394027,1.0109166752957401,0.002480729303057661,0.012585675318826492,1
0.3359375000000003,0.08592737336394135,1.011241965910239,0.0024270085772090423,0.01225751563380837,1
0.35156250000000433,0.08592737336394225,1.0115613235079717,0.002378941876674028,0.011935623570176962,1
0.3671875000000003,0.08592737336394125,1.0118755359871758,0.0023360145882464108,0.011619151430545612,1
0.3828124999999997,0.08592737336394135,1.0121852747223505,0.002297735597702574,0.011307378146954051,1
0.3984374999999962,0.08592737336394027,1.0124911140781847,0.002263644996743459,0.010999689283424492,1
0.41406250000000505,0.08592737336394243,1.0127935470078462,0.002233318373790468,0.010695560423479227,1
0.4296874999999955,0.08592737336394027,1.0130929996167033,0.0022063685559147823,0.010394542996160393,1
0.4453125000000058,0.08592737336394225,1.0133898412343374,0.0021824452157312548,0.01009625175995652,1
0.4609374999999948,0.08592737336394017,1.013684395127753,0.00216123303990762,0.009800353614035726,1
0.4765625000000058,0.08592737336394235,1.0139769446146611,0.002142448819939393,0.009506558385770114,1
0.4921874999999948,0.08592737336394035,1.0142677398398492,0.002125838598445603,0.0092146116410498,1
0.5078124999999944,0.08592737336394035,1.0145570012761187,0.002111175331669025,0.008924289445130405,1
0.5234375000000066,0.08592737336394235,1.014844924392474,0.002098257063818729,0.008635394185090383,1
0.5390624999999937,0.08592737336394053,1.015131682496346,0.002086905091715901,0.008347751088051027,1
0.5546875000000066,0.08592737336394235,1.0154174311980075,0.0020769621679525086,0.008061204990068046,1
0.5703124999999944,0.08592737336394017,1.0157023107311534,0.002068290472228566,0.007775617079664432,1
0.585937500000008,0.08592737336394235,1.0159864492363448,0.0020607688845362495,0.007490861693376282,1
0.6015624999999937,0.08592737336394035,1.0162699652603393,0.002054289777101327,0.007206823832580888,1
0.617187500000008,0.08592737336394235,1.0165529686559995,0.0020487563431968252,0.006923397416168105,1
0.6328124999999916,0.08592737336394017,1.0168355619475893,0.0020440809245054854,0.006640484005026768,1
0.6484374999999948,0.08592737336394017,1.0171178391261373,0.0020401837202270734,0.006357992416727575,1
0.6640625000000066,0.08592737336394216,1.01739988797505,0.0020369920034087672,0.006075839100489088,1
0.6796874999999926,0.08592737336394035,1.0176817905092514,0.0020344391704866576,0.005793948201973532,1
0.6953125000000259,0.08592737336394415,1.0179636261821463,0.0020324625883283917,0.005512250348363369,1
0.7109374999999933,0.08592737336394035,1.018245472191172,0.0020310000075700442,0.005230680854380283,1
0.7265625000000094,0.08592737336394235,1.0185274044516,0.0020299861993680465,0.0049491774705378525,1
0.7421874999999926,0.08592737336394017,1.0188094944159078,0.0020293499857714165,0.00466767961283752,1
0.7578124999999916,0.08592737336394017,1.0190918081044023,0.0020290125938534995,0.004386130383626208,1
0.773437500000008,0.08592737336394216,1.019374402487262,0.002028886657710252,0.004104480536725414,1
0.7890625000000094,0.08592737336394235,1.0196573279800263,0.0020288740004663903,0.0038226901290361243,1
0.8046874999999744,0.08592737336393819,1.0199406253629972,0.0020288598550195444,0.0035407292365043455,1
0.8203125000000094,0.08592737336394235,1.02022432253393,0.002028706612352976,0.0032585784397646906,1
0.8359375000000109,0.08592737336394216,1.020508425650294,0.0020282486951007633,0.0029762322220002672,1
0.8515625000000094,0.08592737336394235,1.020792900739253,0.0020272869554327244,0.0026937089499629845,1
0.8671874999999715,0.08592737336393819,1.0210776558462127,0.002025582016142642,0.0024110714785296034,1
0.8828125000000094,0.08592737336394235,1.0213625038488243,0.002022861596362454,0.0021284589663484016,1
0.8984375000000138,0.08592737336394216,1.0216471202975117,0.002018837669693212,0.00184612229908013,1
0.9140624999999664,0.08592737336393855,1.0219309875951506,0.002013241296390275,0.001564486985402014,1
0.9296875000000138,0.08592737336394216,1.0222133282959391,0.0020059538232211935,0.0012842225971488222,1
0.9453125000000094,0.08592737336394253,1.022493080284392,0.0019972180795656868,0.0010062734367397314,1
0.9609375000000138,0.08592737336394216,1.022768953446336,0.0019879479764690483,0.000731866815922572,1
0.9765624999999635,0.08592737336393855,1.023039768822636,0.0019802544134267267,0.0004623652697781565,1
0.9921875000000138,0.08592737336394216,1.0233731262409418,0.0019777305349686835,0.00019882132536765197,1
0.0078125,0.09256584255644541,1.000206885335873,0.0009759737584562196,0.022743656452651324,1
0.02343750000000001,0.09256584255644541,1.0005612522422143,0.0018695588760241195,0.022536859109277392,1
0.03906249999999996,0.0925658425564453,1.0011839189244502,0.0025758956819794698,0.02203628684881259,1
0.05468750000000006,0.09256584255644568,1.0019642997524012,0.0030429143474125704,0.021293633111232238,1
0.07031250000000011,0.09256584255644563,1.0027628448738393,0.0033051614590370007,0.02047810024422286,1
0.08593749999999968,0.09256584255644515,1.0035112263536599,0.0034287043378225545,0.019699382623477965,1
0.10156250000000046,0.0925658425564459,1.0042001576384978,0.0034639651562159805,0.018984322715852275,1
0.11718749999999983,0.09256584255644541,1.0048380043337128,0.0034401395277275995,0.01832451514800342,1
0.13281249999999983,0.09256584255644541,1.005430571043391,0.0033765671891808893,0.017711483054657164,1
0.14843750000000056,0.0925658425564459,1.005981029043484,0.003288727961820727,0.017142002987526574,1
0.16406249999999975,0.09256584255644541,1.0064934205151563,0.003188329295031166,0.0166129255385578,1
0.17968749999999886,0.0925658425564448,1.0069728968864753,0.0030831637653359416,0.016119308743128273,1
0.19531249999999983,0.09256584255644545,1.0074244553949347,0.002978138888912178,0.01565578477589769,1
0.21093750000000194,0.09256584255644626,1.0078523006263038,0.002876375127342591,0.015217724320258311,1
0.22656249999999967,0.09256584255644545,1.0082599059904562,0.002779828643151188,0.014801352121138589,1
0.24218749999999967,0.09256584255644537,1.0086502061774478,0.0026896214446867463,0.014403506758986832,1
0.25781249999999967,0.09256584255644537,1.009025697855484,0.002606282863095609,0.014021493215276166,1
0.27343749999999967,0.09256584255644545,1.0093884921449598,0.002529943947822462,0.013653027085403505,1
0.28906250000000294,0.09256584255644626,1.0097403673935141,0.002460477977119124,0.013296186147398243,1
0.30468749999999933,0.09256584255644545,1.0100828253613474,0.0023975952622829256,0.01294935202166985,1
0.32031249999999933,0.09256584255644537,1.010417139482488,0.0023409079620921158,0.012611155418228963,1
0.33593749999999967,0.09256584255644545,1.0107443937170038,0.0022899755121581103,0.012280432268323184,1
0.3515624999999957,0.09256584255644432,1.0110655133306155,0.0022443362468853307,0.011956189485111346,1
0.36718749999999967,0.09256584255644537,1.0113812906699264,0.002203528905639648,0.011637577385047716,1
0.3828125,0.09256584255644545,1.0116924061897292,0.0021671069115597134,0.011323867522370969,1
0.39843749999999933,0.09256584255644545,1.011999445933399,0.0021346475567435253,0.011014434347997063,1
0.4140625000000086,0.09256584255644723,1.0123029168427868,0.002105757480214605,0.010708740036677532,1
0.42968749999999933,0.09256584255644545,1.012603258522618,0.0020800752849171795,0.010406321264915034,1
0.44531249999999933,0.09256584255644545,1.0129008549438978,0.0020572721125945584,0.010106777491803373,1
0.46093749999999933,0.09256584255644545,1.01319604206715,0.002037050499279835,0.009809760691567892,1
0.47656249999999933,0.09256584255644529,1.013489116112838,0.0020191423874030075,0.00951496667285346,1
0.49218749999999933,0.09256584255644545,1.0137803381585455,0.0020033068797921834,0.009222128269225532,1
0.5078124999999993,0.09256584255644545,1.014069939564167,0.001989328349540043,0.008931009954953962,1
0.5234374999999987,0.09256584255644529,1.0143581251491087,0.0019770146347259203,0.008641403576010369,1
0.5390624999999993,0.09256584255644545,1.0146450777287792,0.0019661952928181504,0.008353124734823374,1
0.5546874999999993,0.09256584255644545,1.0149309606591093,0.0019567198801273195,0.008066009418139541,1
0.570312499999998,0.09256584255644545,1.0152159214868457,0.0019484560238106324,0.007779910676967378,1
0.585937500000013,0.09256584255644706,1.0155000944882233,0.0019412869298902071,0.0074946957932208735,1
0.601562499999998,0.09256584255644563,1.0157836030197016,0.001935108713056103,0.0072102440387326544,1
0.6171874999999993,0.09256584255644545,1.0160665613225115,0.0019298282603724911,0.006926444784397323,1
0.632812499999998,0.09256584255644563,1.0163490742340124,0.0019253614087440377,0.006643196059881785,1
0.648437499999998,0.09256584255644545,1.0166312391343122,0.001921631452356524,0.006360404055699088,1
0.6640624999999993,0.09256584255644545,1.0169131458092846,0.0019185680921713023,0.006077983120503184,1
0.6796874999999993,0.09256584255644563,1.0171948787496599,0.0019161064589630283,0.005795855308565694,1
0.6953124999999827,0.09256584255644318,1.0174765174632432,0.0019141849460728255,0.00551394951534393,1
0.7109375000000007,0.09256584255644545,1.017758139111852,0.001912742483444121,0.005232200123694891,1
0.7265625000000007,0.09256584255644563,1.0180398173899627,0.0019117155827208208,0.004950545324539384,1
0.7421874999999967,0.09256584255644545,1.0183216215655704,0.0019110356276326882,0.004668926441050245,1
0.7578125000000007,0.09256584255644545,1.018603612702094,0.0019106268342553477,0.004387289968438855,1
0.773437500000002,0.09256584255644563,1.0188858444775297,0.0019104052876163004,0.004105590172348133,1
0.789062499999998,0.09256584255644545,1.0191683603495496,0.0019102761953646119,0.0038237914438303306,1
0.8046874999999993,0.0925658425564458,1.0194511937180812,0.0019101298533756618,0.003541869613719494,1
0.820312499999998,0.09256584255644545,1.0197343630537312,0.0019098374458472625,0.003259813107947193,1
0.8359375000000346,0.09256584255644934,1.0200178608526993,0.0019092473742026094,0.0029776263116483453,1
0.8515625000000007,0.0925658425564458,1.0203016423818942,0.0019081795083670606,0.002695340316200635,1
0.8671874999999967,0.09256584255644545,1.0205856017371513,0.0019064252666817184,0.0024130343206215633,1
0.8828125000000007,0.0925658425564458,1.020869544740917,0.001903759368388941,0.0021308581989426065,1
0.8984374999999967,0.09256584255644545,1.0211531559620253,0.0018999544054449948,0.0018490679795575382,1
0.9140625000000007,0.09256584255644545,1.0214359595156535,0.0018948377803785356,0.001568076564356861,1
0.9296874999999967,0.0925658425564458,1.0217172870229838,0.0018884178895073418,0.0012884782153434384,1
0.9453125000000007,0.09256584255644545,1.0219962932775146,0.0018810143368825387,0.001011054735571762,1
0.9609374999999967,0.09256584255644545,1.022272020549229,0.0018735164338129363,0.0007367613280247833,1
0.9765625000000007,0.0925658425564458,1.0225437599150107,0.0018676983241222025,0.00046652262735893745,1
0.9921874999999967,0.09256584255644545,1.0228797640088896,0.0018662228361433961,0.00020091217153238796,1
0.0078125,0.09969583350572878,1.0001737671321123,0.0008455998437667487,0.022329414819594294,1
0.023437499999999997,0.09969583350572879,1.0004738388185108,0.0016284725876196558,0.022155700935388833,1
0.03906249999999999,0.09969583350572885,1.0010095225898938,0.002265401453266009,0.021730283217582257,1
0.0546875,0.09969583350572869,1.0016969657217065,0.0027082365647819813,0.021085848473218184,1
0.0703125000000001,0.09969583350572897,1.0024210705451737,0.0029749806936677356,0.020357227981632066,1
0.08593749999999996,0.09969583350572865,1.003118465393528,0.0031141272693745135,0.019639631962984815,1
0.10156249999999938,0.09969583350572815,1.0037734562357115,0.003167897653429902,0.018964486610494394,1
0.11718750000000054,0.09969583350572919,1.0043881308077176,0.0031633142981370315,0.018331638639964537,1
0.13281250000000056,0.09969583350572919,1.0049652411034593,0.003118588040565952,0.01773695545503259,1
0.1484374999999999,0.09969583350572862,1.0055062848702943,0.0030480851254030905,0.017178993063961548,1
0.16406249999999914,0.09969583350572822,1.006013690549183,0.0029629674131122193,0.016656177325357974,1
0.17968750000000078,0.09969583350572915,1.0064911433261803,0.0028710475189864812,0.01616522347042052,1
0.19531250000000078,0.09969583350572922,1.0069425889255952,0.002777452583260248,0.01570204778544792,1
0.21093749999999672,0.09969583350572722,1.007371551239827,0.002685524935942711,0.015262845716808717,1
0.22656250000000108,0.09969583350572922,1.0077810412292587,0.002597424561516238,0.01484438236522852,1
0.24218750000000094,0.09969583350572915,1.0081736618275483,0.002514467031288875,0.014443882828191599,1
0.2578125000000011,0.09969583350572922,1.0085516763822495,0.0024373578319730016,0.014058929778792159,1
0.2734375000000014,0.09969583350572922,1.0089170386473183,0.002366379960191076,0.013687428350950055,1
0.2890624999999953,0.09969583350572722,1.0092714245860197,0.0023015349101634794,0.013327580687973961,1
0.3046875000000046,0.09969583350573011,1.009616270829573,0.002242641084651528,0.012977848016590394,1
0.320312499999995,0.0996958335057273,1.0099528118578338,0.0021894018838292304,0.012636910104959,1
0.3359375000000014,0.09969583350572915,1.0102821106686573,0.0021414537907738867,0.01230363068579747,1
0.3515625000000017,0.09969583350572915,1.0106050844219272,0.0020984003322228654,0.011977029581821312,1
0.3671875000000014,0.09969583350572915,1.0109225257523058,0.002059835596385414,0.011656260029768141,1
0.3828125000000017,0.0996958335057293,1.0112351211574813,0.0020253601570522093,0.011340589551639168,1
0.3984375000000014,0.0996958335057293,1.0115434667004721,0.0019945915157919564,0.01102938409365847,1
0.4140624999999931,0.09969583350572722,1.0118480809281287,0.0019671705287423193,0.010722094266058978,1
0.4296874999999937,0.09969583350572722,1.0121494169813614,0.0019427649343826093,0.010418243387842111,1
0.44531250000000233,0.09969583350572915,1.0124478714670146,0.0019210705668700491,0.010117416743327126,1
0.46093750000000205,0.09969583350572915,1.0127437937127581,0.0019018110423065567,0.009819252135074315,1
0.47656250000000233,0.09969583350572915,1.0130374915648417,0.0018847364020097939,0.009523431908431189,1
0.49218750000000205,0.09969583350572915,1.0133292378166352,0.0018696215515271002,0.009229676372550023,1
0.507812500000003,0.0996958335057293,1.0136192739364736,0.0018562646069282122,0.008937738486525383,1
0.5234375000000001,0.0996958335057293,1.013907814897448,0.0018444852884366377,0.008647399558085536,1
0.5390625000000036,0.0996958335057293,1.0141950521159504,0.001834123312152288,0.00835846554748782,1
0.554687500000002,0.0996958335057293,1.0144811573844885,0.0018250368072572725,0.008070763544352082,1
0.5703124999999912,0.09969583350572722,1.0147662853678838,0.0018171004119132343,0.0077841385672888005,1
0.58593749999999,0.09969583350572722,1.015050576673783,0.001810203058139412,0.007498450937816001,1
0.6015625000000049,0.09969583350572915,1.0153341600381591,0.0018042458815444875,0.007213574114179611,1
0.6171875000000141,0.09969583350573107,1.0156171532708178,0.0017991403052498253,0.006929392630672841,1
0.63281249999999,0.09969583350572707,1.0158996651569283,0.0017948062193973424,0.006645800743527604,1
0.64843749999999,0.09969583350572739,1.0161817955728072,0.001791170394200446,0.006362701878061525,1
0.664062500000016,0.09969583350573076,1.0164636372171523,0.0017881655610984782,0.006080008149128958,1
0.67968749999999,0.09969583350572754,1.0167452754926232,0.0017857291501684849,0.0057976395956259655,1
0.6953125000000172,0.09969583350573076,1.017026791378794,0.0017838013409361107,0.00551552357784252,1
0.7109374999999887,0.09969583350572754,1.017308261489045,0.001782322677719554,0.005233593708491715,1
0.7265625000000184,0.09969583350573076,1.0175897581252276,0.0017812317707251396,0.0049517883609825775,1
0.7421874999999862,0.09969583350572692,1.017871346682375,0.0017804626108600895,0.00467005065672914,1
0.7578124999999887,0.09969583350572722,1.018153085714028,0.0017799428707263804,0.00438833009428737,1
0.7734375000000191,0.09969583350573076,1.018435023358872,0.0017795923644687325,0.004106584720404549,1
0.7890624999999887,0.09969583350572722,1.0187171978030156,0.0017793208857330948,0.003824783302478077,1
0.8046875000000179,0.09969583350573107,1.0189996355664788,0.0017790251799968376,0.0035429073740206175,1
0.8203124999999862,0.09969583350572722,1.0192823458692448,0.0017785865746450674,0.003260952148976676,1
0.8359374999999837,0.09969583350572722,1.019565312350182,0.001777867053314908,0.002978930315173694,1
0.8515624999999862,0.09969583350572692,1.0198484782745083,0.001776706797784406,0.002696885011934469,1
0.8671874999999887,0.09969583350572722,1.020131730000089,0.0017749293846999682,0.0024149057923405232,1
0.8828125000000222,0.09969583350573107,1.0204148738239125,0.0017723512675189542,0.0021331489767296282,1
0.8984374999999837,0.09969583350572722,1.0206976131461163,0.0017688041331885818,0.0018518702318067429,1
0.914062500000021,0.09969583350573076,1.0209795244099944,0.0017642067126561343,0.0015714514920279394,1
0.9296874999999837,0.09969583350572754,1.0212600573890291,0.0017586439697883046,0.0012923953107182662,1
0.9453125000000248,0.09969583350573076,1.0215385481813621,0.001752462908182441,0.0010153422621852967,1
0.9609374999999862,0.09969583350572754,1.0218143136567661,0.0017465050180269337,0.0007410028231251867,1
0.976562500000026,0.09969583350573076,1.0220869766002327,0.001742194882656846,0.0004699689167201725,1
0.9921874999999862,0.09969583350572692,1.0224251262718667,0.001741494505514668,0.0002025250265814306,1
0.0078125,0.10735373918589118,1.0001466664576355,0.0007277650925701751,0.021945100969988373,1
0.0234375,0.10735373918589117,1.000401694669579,0.001407845439675754,0.02179846607125979,1
0.03906250000000002,0.10735373918589122,1.0008632639906057,0.001974759577783849,0.021435801095437246,1
0.05468749999999998,0.10735373918589122,1.001468172612247,0.0023859833949682907,0.020876415078838518,1
0.07031249999999985,0.10735373918589092,1.0021224376253266,0.0026485807022097576,0.020227256716642224,1
0.08593750000000018,0.10735373918589146,1.0027692287548031,0.002796794170770718,0.019569230265806634,1
0.10156250000000025,0.1073537391858915,1.0033892195936966,0.002864620676910146,0.018934995749683953,1
0.11718749999999971,0.10735373918589086,1.0039794935551722,0.0028760872359529137,0.018330450007908183,1
0.1328124999999997,0.1073537391858909,1.0045398936442342,0.0028479767648883748,0.01775544223035806,1
0.1484374999999997,0.10735373918589095,1.0050702671955187,0.00279345400075267,0.017210386003998268,1
0.16406250000000108,0.10735373918589197,1.0055715682983075,0.0027229347539778205,0.016695155909772726,1
0.17968749999999956,0.10735373918589086,1.0060461026342904,0.0026440195823405964,0.0162079739110074,1
0.19531249999999956,0.10735373918589095,1.0064967558794269,0.0025618977008113252,0.015746014752725954,1
0.21093750000000153,0.10735373918589197,1.0069263281992522,0.0024800413306037567,0.015306342329769216,1
0.22656249999999942,0.10735373918589086,1.007337332149931,0.002400751203182552,0.014886304552263063,1
0.24218749999999928,0.10735373918589095,1.0077320117637547,0.0023254893722123786,0.01448354298434531,1
0.2578124999999993,0.10735373918589095,1.0081123728615167,0.002255104665124284,0.014095943319315197,1
0.2734374999999993,0.10735373918589079,1.008480191408486,0.0021900103648431436,0.013721623385413747,1
0.2890625000000021,0.10735373918589197,1.0088370243132856,0.0021303216496450887,0.013358928647582745,1
0.3046874999999963,0.10735373918589004,1.0091842308387537,0.0020759548357009625,0.013006414516011186,1
0.3203125000000053,0.10735373918589294,1.0095229969510058,0.0020266973498724856,0.012662820811392132,1
0.33593749999999956,0.10735373918589086,1.0098543578873047,0.001982257551210777,0.012327047283961999,1
0.35156249999999867,0.10735373918589072,1.0101792173523225,0.0019423003617406976,0.011998132957187466,1
0.36718749999999956,0.10735373918589101,1.0104983646414412,0.0019064723684848275,0.011675238377956004,1
0.38281249999999867,0.10735373918589086,1.010812489626595,0.0018744190840109167,0.011357630431378374,1
0.39843749999999956,0.10735373918589101,1.011122195915884,0.0018457964814509377,0.01104466883655013,1
0.41406249999999867,0.10735373918589086,1.011428012816775,0.0018202783853219445,0.010735794446597783,1
0.42968750000000727,0.10735373918589294,1.0117304049468208,0.001797560709247242,0.010430518539792634,1
0.44531249999999867,0.10735373918589086,1.0120297817856945,0.0017773634644505146,0.010128413264227008,1
0.4609374999999984,0.10735373918589072,1.0123265044490535,0.0017594310178258227,0.009829103080127556,1
0.4765624999999993,0.10735373918589101,1.0126208929458005,0.001743531502639608,0.009532257409835536,1
0.492187499999999,0.10735373918589086,1.0129132307009752,0.0017294556718262016,0.009237584375220377,1
0.5078124999999987,0.10735373918589101,1.013203769869836,0.001717015594672856,0.00894482564480192,1
0.5234374999999984,0.10735373918589086,1.0134927347087412,0.0017060432014574822,0.008653752145629192,1
0.5390624999999992,0.10735373918589072,1.0137803258210476,0.001696388910644774,0.008364160291946504,1
0.554687499999999,0.10735373918589101,1.0140667227895779,0.0016879200710103101,0.008075868435066974,1
0.5703125000000084,0.10735373918589308,1.0143520875471053,0.0016805191505338125,0.007788713787578694,1
0.5859375000000008,0.10735373918589086,1.0146365668490567,0.001674081839179041,0.007502549943921328,1
0.6015624999999981,0.10735373918589086,1.0149202942914115,0.0016685152912971563,0.007217244555498738,1
0.6171874999999878,0.10735373918588922,1.015203392248941,0.0016637363573281938,0.006932677352653405,1
0.6328125000000108,0.10735373918589279,1.0154859725837484,0.0016596697417004876,0.006648738860773814,1
0.6484375000000102,0.10735373918589308,1.0157681383427088,0.0016562467408500622,0.0063653297307560575,1
0.6640624999999855,0.10735373918588893,1.0160499836698518,0.0016534041769485919,0.0060823597418620855,1
0.6796875000000113,0.10735373918589308,1.0163315961814448,0.0016510830126997805,0.005799747109022651,1
0.6953124999999831,0.10735373918588893,1.0166130574737937,0.00164922639350399,0.005517417950703225,1
0.7109375000000125,0.10735373918589279,1.0168944439609613,0.001647777896342451,0.005235305236432979,1
0.7265624999999855,0.10735373918588922,1.017175825366084,0.001646679274216314,0.004953347577934455,1
0.7421875000000137,0.10735373918589279,1.0174572651964982,0.001645868331866737,0.004671489808164735,1
0.7578125000000097,0.10735373918589308,1.0177388176020512,0.0016452772081190776,0.004389684393329068,1
0.7734374999999842,0.10735373918588893,1.0180205267040736,0.0016448310710572983,0.004107892988033611,1
0.7890625000000131,0.10735373918589308,1.0183024256800055,0.0016444459549450697,0.003826088886121033,1
0.8046874999999819,0.10735373918588893,1.0185845346692906,0.0016440273142974745,0.0035442587488655913,1
0.8203125000000143,0.10735373918589279,1.018866855417325,0.001643467562607951,0.00326240331543736,1
0.8359374999999842,0.10735373918588922,1.0191493625652548,0.0016426435201776298,0.0029805434610719393,1
0.8515625000000131,0.10735373918589308,1.01943199267593,0.0016414176555976754,0.0026987308442953093,1
0.867187500000016,0.10735373918589308,1.0197146276531655,0.0016396443180091143,0.00241706181461812,1
0.8828124999999808,0.10735373918588893,1.019997081116862,0.0016371792429960828,0.0021356953270277104,1
0.8984375000000149,0.10735373918589337,1.0202790829079742,0.0016339145939176319,0.0018548776211727493,1
0.9140624999999785,0.10735373918588893,1.020560273790597,0.0016298371544919605,0.001574940837555367,1
0.9296875000000137,0.10735373918589308,1.0208402089143078,0.0016250651160625495,0.001296305261761417,1
0.9453124999999808,0.10735373918588922,1.0211183773719839,0.0016199681872164457,0.0010194844427169887,1
0.9609375000000172,0.10735373918589279,1.0213943262727097,0.0016152975951031334,0.0007449652886256084,1
0.9765624999999761,0.10735373918588922,1.0216678947387023,0.0016121472904878354,0.00047311949798695667,1
0.9921875000000183,0.10735373918589308,1.0220080569016698,0.0016119590032866006,0.0002040348947900084,1
0.0078125,0.1155786471589034,1.000124535633455,0.0006206796006643359,0.021591318257014564,1
0.0234375,0.11557864715890334,1.0003423617204688,0.001205225625963554,0.02146679921754103,1
0.039062499999999986,0.11557864715890336,1.0007413052885656,0.0017025641985973837,0.021156240814765213,1
0.054687500000000014,0.11557864715890337,1.0012739261724863,0.002076426689247451,0.02066969043615979,1
0.07031250000000014,0.1155786471589036,1.0018639831857763,0.002327120816746141,0.020091862245061452,1
0.08593749999999983,0.1155786471589031,1.0024617980542625,0.0024778368782688034,0.01949043046368987,1
0.10156249999999976,0.11557864715890315,1.0030465760640122,0.0025549305578531894,0.018896996582921117,1
0.11718750000000028,0.1155786471589036,1.003611727441283,0.002578929303146988,0.018321464582693372,1
0.13281250000000028,0.1155786471589036,1.0041545146697528,0.0025648745979932612,0.017767041945604405,1
0.14843750000000028,0.1155786471589036,1.004673213610027,0.002524620795260224,0.017235957567052623,1
0.16406249999999897,0.11557864715890262,1.0051674373727435,0.0024676722904541292,0.01672942340637908,1
0.17968750000000042,0.1155786471589036,1.0056382253879343,0.0024012009722803704,0.016247009517068728,1
0.19531250000000042,0.1155786471589036,1.0060874303346354,0.002330284333098237,0.015787082181425546,1
0.21093749999999858,0.11557864715890269,1.0065171090316378,0.0022584114333888974,0.015347584822982756,1
0.22656250000000042,0.1155786471589036,1.006929249681397,0.0021879472361019258,0.014926476999574261,1
0.24218750000000042,0.1155786471589036,1.0073257156885191,0.0021204449135643322,0.01452183991552771,1
0.2578125000000004,0.1155786471589036,1.0077082356184741,0.0020568587747453004,0.01413188279288139,1
0.27343750000000067,0.1155786471589036,1.008078388912226,0.001997709160306898,0.013754955907620783,1
0.2890625000000004,0.1155786471589036,1.0084375976850335,0.0019432121695153706,0.013389565867213148,1
0.30468750000000067,0.1155786471589036,1.0087871308985805,0.001893376277562371,0.013034376756438018,1
0.3203124999999951,0.11557864715890165,1.009128116194634,0.0018480718329562937,0.012688199864682208,1
0.3359375000000012,0.1155786471589036,1.0094615530897848,0.0018070810393993593,0.012349980002600782,1
0.35156250000000094,0.1155786471589036,1.009788325994146,0.0017701340336965833,0.012018782229166754,1
0.3671875000000012,0.1155786471589036,1.0101092162916414,0.0017369346348618075,0.011693779823011822,1
0.38281250000000094,0.1155786471589036,1.0104249138393562,0.0017071783420695447,0.011374242868670446,1
0.3984375000000012,0.1155786471589036,1.0107360276957156,0.0016805645984413406,0.011059527937858698,1
0.41406250000000094,0.1155786471589036,1.0110430955687362,0.0016568048230535069,0.01074906824819625,1
0.4296874999999935,0.11557864715890179,1.0113465930004226,0.0016356273577811957,0.010442364742486485,1
0.44531250000000094,0.1155786471589036,1.011646940612957,0.0016167800184397618,0.010138977645818488,1
0.46093750000000067,0.1155786471589036,1.0119445116458003,0.0016000311099150211,0.009838518984586797,1
0.4765625000000015,0.1155786471589036,1.0122396371876663,0.0015851693645788439,0.009540645796345896,1
0.4921875000000012,0.1155786471589036,1.0125326119610216,0.0015720033531922994,0.009245054340779662,1
0.507812500000001,0.1155786471589036,1.0128236981725525,0.001560360465780632,0.008951475120011933,1
0.5234375000000007,0.1155786471589036,1.0131131300727552,0.0015500858313722107,0.008659668721616408,1
0.5390624999999919,0.11557864715890165,1.013401116899406,0.0015410411417724457,0.008369421952068693,1
0.5546875000000117,0.11557864715890528,1.0136878464706571,0.0015331032710572624,0.008080544393814804,1
0.5703124999999919,0.11557864715890165,1.0139734878223736,0.0015261626689801067,0.007792865491894292,1
0.5859375000000117,0.11557864715890528,1.0142581939281972,0.0015201218001005784,0.007506232014396746,1
0.6015624999999919,0.11557864715890165,1.0145421038229048,0.001514893644359672,0.007220505718020515,1
0.6171875000000117,0.11557864715890528,1.0148253439570558,0.00151040000000908,0.006935561393675416,1
0.6328124999999908,0.11557864715890165,1.015108030039795,0.0015065699781380993,0.0066512857752901895,1
0.6484374999999897,0.11557864715890165,1.015390267496413,0.0015033388628095641,0.006367576399106997,1
0.6640625000000133,0.11557864715890555,1.0156721533289257,0.0015006470275601117,0.006084340606272389,1
0.6796874999999886,0.11557864715890165,1.015953776578897,0.0014984383586585375,0.005801494740287978,1
0.6953125000000144,0.11557864715890555,1.0162352197408009,0.001496658805955229,0.005518963728667291,1
0.7109374999999865,0.11557864715890165,1.0165165581670923,0.001495254664049202,0.005236679758367699,1
0.7265625000000154,0.11557864715890555,1.0167978607331016,0.0014941706059135968,0.004954581819040793,1
0.7421874999999886,0.11557864715890165,1.017079187822774,0.0014933478302402493,0.004672616363078855,1
0.7578124999999897,0.11557864715890193,1.0173605902794773,0.0014927229603474328,0.004390738476559083,1
0.773437500000015,0.11557864715890528,1.0176421082118081,0.001492226343540926,0.004108913276463585,1
0.7890624999999897,0.11557864715890193,1.0179237705866437,0.001491780837210764,0.003827118266618839,1
0.804687500000016,0.11557864715890528,1.018205591838144,0.0014913006363519751,0.0035453440772813473,1
0.8203124999999897,0.11557864715890193,1.0184875668581148,0.001490689466008011,0.0032635967962248687,1
0.835937500000015,0.11557864715890528,1.0187696643654478,0.001489839347180946,0.002981903618571527,1
0.8515624999999876,0.11557864715890193,1.0190518154942254,0.0014886343506596948,0.0027003224880863606,1
0.8671874999999886,0.11557864715890137,1.0193339045903427,0.0014869566611188081,0.002418952535977911,1
0.8828125000000165,0.11557864715890555,1.0196157575618294,0.0014847007157326032,0.0021379519310319823,1
0.8984374999999865,0.11557864715890137,1.0198971390205291,0.0014818106410416478,0.0018575434617649474,1
0.9140625000000177,0.11557864715890555,1.0201777528332634,0.001478309181525671,0.0015780075081970623,1
0.9296874999999842,0.11557864715890137,1.0204572439254058,0.0014743399402607402,0.0012996961778903987,1
0.9453125000000188,0.11557864715890555,1.0207352405051757,0.0014702812398746062,0.0010229892682079703,1
0.9609374999999842,0.11557864715890137,1.0210114609988865,0.001466741428083408,0.0007482016517790661,1
0.9765625000000199,0.11557864715890555,1.0212858542200454,0.0014645602332094088,0.00047557702420682614,1
0.9921874999999842,0.11557864715890137,1.0216275266309005,0.0014647930994179346,0.00020508585595945707,1
0.0078125,0.12441253908574719,1.0001065422977813,0.0005227008047329366,0.021269103781852493,1
0.023437500000000007,0.12441253908574723,1.0002938306238773,0.00101818369309173,0.021162569253599054,1
0.039062499999999965,0.12441253908574709,1.000640363927573,0.001447024378933033,0.02089496996098659,1
0.05468750000000005,0.12441253908574734,1.0011105860912117,0.0017791787934688448,0.020470060892318544,1
0.07031249999999993,0.12441253908574706,1.0016428231845282,0.0020111922842434905,0.019955089873545873,1
0.08593749999999993,0.12441253908574706,1.0021944439963049,0.0021580532902632705,0.019406077429737528,1
0.10156250000000035,0.12441253908574756,1.0027447326134047,0.0022394548959520696,0.018852189798415183,1
0.11718749999999988,0.12441253908574712,1.003284658450401,0.0022722677512317375,0.018305622539437356,1
0.13281249999999986,0.12441253908574706,1.0038093615034434,0.0022695605669325386,0.01777218428317729,1
0.14843749999999986,0.12441253908574706,1.004315682337061,0.0022417864117772112,0.017255759845167182,1
0.16406250000000108,0.12441253908574812,1.0048020316453732,0.0021974243526701235,0.016758781580729867,1
0.1796874999999983,0.124412539085746,1.0052683092575734,0.0021430437436220522,0.0162820107177283,1
0.19531249999999986,0.12441253908574712,1.0057153969297745,0.0020834434593288223,0.01582490582417363,1
0.21093750000000158,0.12441253908574806,1.0061446162800671,0.00202200332400506,0.015386266113022977,1
0.22656249999999975,0.124412539085747,1.006557423154492,0.001961057516229309,0.014964669479084217,1
0.24218749999999975,0.12441253908574726,1.0069552906543102,0.0019021739112472017,0.014558646754359838,1
0.2578124999999997,0.12441253908574712,1.0073396598053306,0.0018463507248290328,0.014166740149520803,1
0.2734374999999995,0.12441253908574712,1.0077119026030963,0.0017941673555854165,0.013787543352007244,1
0.2890625,0.12441253908574712,1.0080732957201743,0.001745904118387103,0.013419735234808139,1
0.3046874999999995,0.12441253908574712,1.0084250088733664,0.0017016336857074395,0.013062098534064802,1
0.32031250000000466,0.12441253908574912,1.0087681037039267,0.001661288296347266,0.012713524344562922,1
0.3359374999999992,0.12441253908574712,1.0091035379247029,0.0016247085850680213,0.01237300932539598,1
0.3515624999999997,0.12441253908574712,1.0094321713349612,0.0015916790276502052,0.012039650382952244,1
0.36718749999999356,0.12441253908574514,1.0097547731027363,0.0015619534394549011,0.011712638105374639,1
0.3828124999999997,0.12441253908574712,1.0100720295127075,0.0015352729606611364,0.011391249839789012,1
0.3984374999999997,0.12441253908574712,1.0103845517818273,0.0015113784457714884,0.011074842153035207,1
0.4140625000000003,0.12441253908574726,1.0106928839076936,0.0014900187127192448,0.010762843527849753,1
0.42968750000000644,0.124412539085749,1.0109975096016526,0.00147095567944398,0.010454746888715928,1
0.4453124999999997,0.12441253908574687,1.0112988594661518,0.0014539672682085932,0.010150102698796853,1
0.4609374999999987,0.12441253908574687,1.0115973165959382,0.0014388487129017643,0.00984851226160195,1
0.4765625000000003,0.12441253908574738,1.0118932225707833,0.0014254128900170965,0.009549621753741643,1
0.4921874999999987,0.12441253908574712,1.0121868817362407,0.0014134899322832575,0.009253116755606423,1
0.5078124999999918,0.12441253908574514,1.0124785660191182,0.0014029265006439374,0.008958717681271105,1
0.523437500000008,0.12441253908574887,1.0127685182506658,0.0013935848928309852,0.008666175582659008,1
0.5390624999999992,0.12441253908574712,1.0130569559983986,0.0013853420148853845,0.00837526840730172,1
0.5546874999999988,0.12441253908574687,1.0133440743930722,0.001378088109307448,0.008085797660231275,1
0.5703124999999992,0.12441253908574712,1.0136300492616543,0.0013717253766228842,0.007797585594382352,1
0.5859374999999988,0.12441253908574687,1.013915039465311,0.0013661666909509833,0.007510472631479702,1
0.6015624999999992,0.12441253908574712,1.014199188837899,0.0013613342054055112,0.007224314933548752,1
0.6171874999999998,0.12441253908574687,1.0144826281736359,0.001357157869946739,0.006938982764094709,1
0.6328124999999992,0.12441253908574712,1.0147654763446892,0.001353574139622878,0.006654359140533742,1
0.6484375000000212,0.12441253908575087,1.0150478419932254,0.0013505250047462663,0.006370338679115584,1
0.6640624999999772,0.12441253908574314,1.015329823997396,0.0013479567688877913,0.0060868262926739945,1
0.6796875000000232,0.12441253908575087,1.0156115130337466,0.0013458187477653342,0.0058037367251761495,1
0.6953124999999752,0.12441253908574314,1.0158929918014383,0.0013440619659951468,0.005520993572743716,1
0.7109375000000232,0.12441253908575087,1.0161743357738215,0.0013426376469746091,0.00523852852314703,1
0.7265624999999772,0.12441253908574314,1.0164556119274872,0.0013414953543393554,0.004956280995041154,1
0.7421874999999998,0.12441253908574712,1.016736878218388,0.0013405818117949255,0.00467419904972562,1
0.7578125000000253,0.12441253908575087,1.017018182369802,0.001339839749515714,0.0043922400608350145,1
0.7734374999999722,0.12441253908574314,1.0172995614485874,0.0013392066800431307,0.004110372529591525,1
0.7890625000000253,0.12441253908575137,1.0175810400300274,0.0013386138858803688,0.003828577282551952,1
0.8046874999999722,0.12441253908574289,1.0178626275568048,0.0013379858059938139,0.0035468485600072025,1
0.8203125000000273,0.12441253908575087,1.0181443146382212,0.0013372385888895811,0.003265196445302085,1
0.8359374999999722,0.12441253908574289,1.018426065126339,0.001336280781985658,0.0029836536620569346,1
0.8515625000000273,0.12441253908575087,1.0187078089985802,0.0013350174925646913,0.0027022809263343157,1
0.8671874999999998,0.12441253908574712,1.018989435238722,0.0013333573410509634,0.0024211784765740645,1
0.8828125000000002,0.12441253908574712,1.019270790173141,0.0013312314147319276,0.0021404956206294633,1
0.8984374999999988,0.12441253908574712,1.019551675089982,0.0013286190090435425,0.0018604252274684514,1
0.9140624999999972,0.12441253908574712,1.0198318493287697,0.0013255650627875559,0.0015812037270115766,1
0.9296874999999978,0.12441253908574712,1.0201110421180162,0.0013222395995788863,0.001303111153758906,1
0.9453124999999982,0.12441253908574712,1.0203890017504094,0.0013189834527389502,0.0010264002029116005,1
0.9609375000000028,0.12441253908574712,1.0206655461896905,0.0013162626274384136,0.0007512888038823919,1
0.9765624999999992,0.12441253908574662,1.0209407161899196,0.0013147432673271406,0.000477922607715904,1
0.9921874999999998,0.12441253908574712,1.0212839085590215,0.0013151502823238665,0.0002061799120379672,1
0.0078125,0.13390050500964756,1.0000920262786863,0.0004322830270485684,0.020980025748825674,1
0.023437499999999986,0.13390050500964756,1.0002544814840986,0.0008442875472046633,0.020888001290685927,1
0.039062500000000056,0.1339005050096479,1.0005576857980447,0.0012059970169573714,0.020655463022750644,1
0.05468749999999988,0.1339005050096473,1.000974935043831,0.0014931992233390787,0.02028199366534785,1
0.07031249999999985,0.13390050500964729,1.001456259776514,0.001700716067685125,0.01982131487113752,1
0.08593750000000044,0.1339005050096484,1.0019655175181919,0.001837677822873838,0.019319568523165354,1
0.10156249999999974,0.13390050500964734,1.002483056271362,0.001918212721435536,0.018802827514458432,1
0.11718749999999979,0.13390050500964729,1.0029984536424288,0.001955603845336737,0.018284257261349014,1
0.13281250000000022,0.13390050500964784,1.0035052404645015,0.0019607752779183412,0.017771491622662824,1
0.1484374999999991,0.13390050500964684,1.0039990180918281,0.0019426793975544255,0.01726981409191272,1
0.16406250000000036,0.13390050500964784,1.0044771349781607,0.0019086816104529043,0.016782743473117197,1
0.1796875000000017,0.13390050500964892,1.0049384831386763,0.0018646238188551227,0.016312082012069393,1
0.1953124999999989,0.13390050500964676,1.0053830519878801,0.0018149017950450288,0.01585826853777747,1
0.21093750000000036,0.13390050500964792,1.0058114564136156,0.0017626948670940701,0.015420910700849408,1
0.2265624999999989,0.13390050500964676,1.006224622890118,0.0017102471355278143,0.014999196423811027,1
0.24218750000000047,0.13390050500964779,1.0066236312036565,0.0016591015778058113,0.014592108272413444,1
0.25781250000000044,0.13390050500964792,1.0070096296412283,0.001610273489523016,0.01419852606872288,1
0.27343750000000044,0.13390050500964779,1.0073837761188964,0.001564384077177242,0.01381729324551786,1
0.2890624999999961,0.13390050500964587,1.007747195143299,0.0015217673141128356,0.013447268468295416,1
0.3046875000000007,0.13390050500964779,1.0081009511820094,0.0014825535140327527,0.013087360082988837,1
0.32031250000000094,0.13390050500964792,1.0084460352922495,0.0014467322688286326,0.012736544632587988,1
0.33593750000000044,0.13390050500964767,1.0087833597147224,0.0014141989696192206,0.01239387505549495,1
0.35156250000000044,0.13390050500964792,1.0091137571613242,0.00138478898170957,0.01205848323988543,1
0.3671875000000062,0.13390050500964984,1.0094379827299453,0.0013583025317311693,0.011729579608983305,1
0.38281249999999495,0.13390050500964587,1.0097567177786648,0.00133452254299689,0.011406450302991226,1
0.39843750000000044,0.13390050500964792,1.0100705749307721,0.0013132271356738141,0.011088453217936,1
0.41406250000000044,0.13390050500964767,1.0103801034706954,0.0012941981048572042,0.010775012800337212,1
0.42968750000000094,0.13390050500964792,1.0106857952570287,0.0012772264258759658,0.010465614705784628,1
0.44531250000000044,0.13390050500964792,1.0109880900243793,0.0012621155223439032,0.01015980000035501,1
0.4609374999999938,0.13390050500964587,1.0112873810712213,0.001248683050542437,0.009857159697201932,1
0.4765625000000079,0.13390050500964948,1.0115840197718808,0.0012367615576094624,0.009557329277881225,1
0.4921874999999933,0.13390050500964587,1.011878320471264,0.0012261984798479179,0.009259983919669356,1
0.5078125000000014,0.13390050500964815,1.012170564172364,0.0012168556999236752,0.008964834023205331,1
0.5234375000000014,0.13390050500964767,1.0124610025714817,0.0012086089212182468,0.008671621269141961,1
0.5390625000000014,0.13390050500964792,1.0127498610981118,0.0012013467715562796,0.008380114889429052,1
0.5546875000000014,0.13390050500964767,1.0130373422763763,0.001194969721385361,0.008090108539742541,1
0.5703125000000014,0.1339005050096484,1.0133236283697318,0.001189388958810088,0.007801417492674752,1
0.5859374999999832,0.13390050500964382,1.0136088838163055,0.0011845252717162422,0.007513875916891371,1
0.6015625000000191,0.133900505009652,1.0138932573684833,0.0011803077893029804,0.007227334661742784,1
0.6171874999999823,0.13390050500964382,1.0141768837514287,0.0011766726686370666,0.006941659542970843,1
0.6328125000000191,0.133900505009652,1.014459885412027,0.0011735620939476682,0.006656730080466227,1
0.6484374999999832,0.13390050500964357,1.0147423732910823,0.001170923300634314,0.006372437850144302,1
0.6640625000000014,0.13390050500964815,1.015024448381145,0.0011687074459873319,0.006088685634603342,1
0.6796875000000004,0.13390050500964767,1.0153062024762434,0.001166868364736105,0.005805386478020804,1
0.6953125000000014,0.13390050500964815,1.0155877190749538,0.001165361519779052,0.005522462985144392,1
0.7109375000000004,0.13390050500964767,1.0158690727384598,0.0011641425609302972,0.005239846283041124,1
0.7265625000000033,0.13390050500964792,1.016150329009413,0.0011631659339405658,0.004957476513939327,1
0.7421875000000223,0.13390050500965178,1.0164315436664202,0.001162383753758755,0.0046753030977127906,1
0.7578124999999781,0.13390050500964357,1.0167127620063858,0.0011617450385355782,0.004393285780356097,1
0.7734375000000023,0.13390050500964815,1.0169940178506138,0.0011611946721879526,0.004111395709702474,1
0.7890625000000014,0.13390050500964815,1.017275332296511,0.0011606728738386112,0.0038296168480270107,1
0.8046875000000023,0.13390050500964767,1.0175567111991135,0.001160114295729246,0.003547946049261881,1
0.8203125000000014,0.13390050500964767,1.0178381405020713,0.001159447750086233,0.0032663973534151985,1
0.8359375000000004,0.13390050500964767,1.0181195823440667,0.0011585979512225052,0.002985006243878813,1
0.8515624999999752,0.13390050500964404,1.0184009677335362,0.0011574895459986654,0.002703835484647974,1
0.867187500000028,0.13390050500965178,1.0186821956095602,0.0011560561654019971,0.002422982408341584,1
0.8828124999999762,0.13390050500964357,1.018963133287833,0.0011542578295148256,0.0021425817527954112,1
0.8984375000000309,0.13390050500965178,1.0192436176802895,0.0011520961484805213,0.0018627967100789415,1
0.9140624999999715,0.13390050500964357,1.0195234609042199,0.0011496357530717315,0.001583822360516247,1
0.9296875000000042,0.13390050500964815,1.019802469912799,0.0011470532737235598,0.001305859915676362,1
0.9453124999999706,0.13390050500964404,1.0200804713905678,0.0011446198352451995,0.0010290749234846731,1
0.9609375000000593,0.13390050500965542,1.0203573467357383,0.0011427168544185632,0.0007536318380923307,1
0.9765624999999734,0.13390050500964404,1.020633198648396,0.001141858589815183,0.0004795843598776009,1
0.9921875000000004,0.13390050500964767,1.0209773911016244,0.0011424982279674514,0.0002068235784770961,1
0.0078125,0.14409097350514108,1.0000804880533352,0.0003479161923531726,0.020726320713526137,1
0.0234375,0.14409097350514113,1.0002230573154556,0.0006810571325397182,0.02064583071279643,1
0.03906250000000003,0.14409097350514113,1.0004910561007971,0.0009769740213333247,0.02044146258385318,1
0.0546875,0.14409097350514113,1.0008642649676687,0.001216807710712968,0.02011012413456885,1
0.07031250000000003,0.14409097350514113,1.00130189013245,0.0013951487138927133,0.0196952439380725,1
0.08593750000000003,0.14409097350514102,1.0017734149148478,0.0015172651558975653,0.019234909984851445,1
0.10156250000000003,0.14409097350514113,1.0022607562864745,0.0015929224621297742,0.01875199933294469,1
0.11718750000000003,0.14409097350514113,1.0027529043374488,0.0016321197310508787,0.018259740619030844,1
0.1328124999999995,0.14409097350514055,1.003242300684621,0.0016435539923265721,0.017766884772218144,1
0.14843750000000067,0.14409097350514172,1.0037235624001248,0.0016345381697300328,0.017279784001605646,1
0.1640624999999994,0.14409097350514055,1.0041931543510239,0.0016111651524115566,0.016802859359757272,1
0.17968750000000067,0.1440909735051416,1.0046491170913834,0.0015783506083144468,0.016338782492440636,1
0.19531250000000056,0.14409097350514172,1.0050906634498693,0.001539877964382893,0.015888827776222074,1
0.21093749999999917,0.14409097350514055,1.0055177643714073,0.0014985440387880926,0.015453324565810356,1
0.22656249999999928,0.14409097350514077,1.0059308470732482,0.0014563598572681932,0.015032029120135364,1
0.242187500000001,0.1440909735051416,1.006330611280998,0.0014147351428419341,0.014624356860069342,1
0.2578125000000008,0.1440909735051416,1.0067179175565664,0.001374622566699365,0.014229516370492967,1
0.27343749999999717,0.1440909735051396,1.0070937086406968,0.0013366299464152053,0.013846599242290087,1
0.28906250000000505,0.14409097350514383,1.0074589518878225,0.0013011101093596002,0.013474647266509104,1
0.3046874999999967,0.14409097350513983,1.0078145998540646,0.0012682321237709937,0.013112700522305017,1
0.3203125000000012,0.1440909735051415,1.0081615658175838,0.0012380359167948603,0.012759828097383423,1
0.3359374999999965,0.14409097350513983,1.008500709726413,0.0012104731438086537,0.012415146215812033,1
0.3515625000000008,0.1440909735051415,1.0088328306933183,0.0011854374575138806,0.012077828560814794,1
0.36718750000000144,0.14409097350514172,1.0091586640287844,0.0011627867496446767,0.01174711130896008,1
0.3828125000000012,0.14409097350514172,1.009478881194748,0.0011423592539873929,0.0114222949282448,1
0.3984375000000019,0.14409097350514172,1.0097940918209647,0.0011239849721402847,0.011102743127296973,1
0.4140624999999956,0.14409097350513939,1.0101048470993719,0.0011074935613500532,0.01078788048906173,1
0.42968750000000144,0.14409097350514172,1.0104116437190702,0.0010927195585257253,0.010477188654442197,1
0.44531250000000033,0.1440909735051415,1.010714928487468,0.0010795057029005565,0.01017020227882593,1
0.4609374999999956,0.14409097350513983,1.0110151025339078,0.0010677048370225858,0.00986650429194458,1
0.4765624999999956,0.1440909735051396,1.0113125258906663,0.001057180857120973,0.009565721494400463,1
0.4921875000000081,0.14409097350514363,1.011607521293634,0.001047808969823295,0.009267520064940978,1
0.5078125000000094,0.14409097350514383,1.0119003782637606,0.0010394756009121345,0.008971601643667042,1
0.5234374999999939,0.1440909735051396,1.012191356329289,0.0010320780072679656,0.008677699388849118,1
0.5390624999999939,0.1440909735051396,1.0124806884763082,0.0010255236596618605,0.008385574601217496,1
0.5546874999999948,0.1440909735051396,1.012768584026822,0.0010197294609699127,0.008095013647777415,1
0.5703125000000094,0.14409097350514383,1.0130552314580805,0.001014620942115754,0.007805825170908189,1
0.5859375000000108,0.14409097350514363,1.0133408007378546,0.0010101313717081782,0.007517837444962515,1
0.6015624999999784,0.1440909735051358,1.013625445337958,0.0010062007138401708,0.007230896160220624,1
0.6171875000000099,0.14409097350514363,1.0139093041729719,0.0010027746840234428,0.006944862940607286,1
0.632812499999993,0.14409097350513916,1.0141925028117598,0.0009998039678618454,0.006659613556857442,1
0.6484375000000108,0.14409097350514363,1.0144751550266333,0.0009972434015452247,0.0063750366539128255,1
0.6640625000000121,0.14409097350514383,1.0147573638631548,0.0009950509110396666,0.00609103256423748,1
0.6796874999999744,0.14409097350513536,1.0150392227341365,0.0009931866033675654,0.005807512791453495,1
0.6953125000000129,0.14409097350514383,1.0153208153192796,0.0009916118203476961,0.005524398500325263,1
0.710937499999993,0.14409097350513916,1.015602215846722,0.0009902880174877833,0.0052416204255792565,1
0.7265625000000138,0.14409097350514383,1.0158834889780908,0.00098917554375253,0.004959118961701303,1
0.742187499999993,0.1440909735051396,1.0161646889945306,0.000988232956766242,0.004676844914595766,1
0.757812499999993,0.1440909735051396,1.0164458588660896,0.0009874163423930506,0.0043947594923012265,1
0.7734375000000108,0.1440909735051434,1.016727030042154,0.0009866787733102745,0.004112836137833017,1
0.7890624999999912,0.1440909735051396,1.017008221388528,0.0009859696041855078,0.003831060617143734,1
0.8046875000000133,0.14409097350514383,1.0172894353452597,0.0009852340506401316,0.0035494324995330668,1
0.8203124999999678,0.1440909735051358,1.0175706560198488,0.0009844135066370864,0.003267967786386292,1
0.835937500000016,0.1440909735051434,1.0178518443675364,0.000983447685093638,0.0029867041356387574,1
0.8515624999999912,0.1440909735051396,1.0181329363114842,0.000982279123244283,0.0027057035353825975,1
0.8671875000000169,0.1440909735051434,1.0184138430203664,0.000980862582860732,0.0024250575258600708,1
0.8828124999999912,0.14409097350514005,1.018694453491423,0.0009791782098622034,0.002144882759362531,1
0.8984375000000142,0.14409097350514297,1.0189746379655324,0.0009772417422246138,0.001865314821245862,1
0.9140624999999948,0.14409097350514005,1.0192542596932308,0.0009751297253240853,0.0015865052365068466,1
0.9296874999999877,0.14409097350514005,1.0195331818154063,0.0009729980456993838,0.0013085858939668777,1
0.9453125000000452,0.1440909735051472,1.0198112855648145,0.0009710631846176178,0.001031677176278415,1
0.9609374999999417,0.144090973505132,1.020088518390702,0.000969661158408041,0.0007558797860126895,1
0.9765625000000434,0.1440909735051472,1.020364997277518,0.0009691369699438714,0.00048119388710505357,1
0.9921874999999912,0.1440909735051396,1.0207102185548003,0.0009697658989889324,0.0002075459806580939,1
0.0078125,0.1550359588677103,1.0000716098839542,0.0002680199464002581,0.020511103449023738,1
0.023437500000000007,0.1550359588677103,1.0001986787508244,0.0005259244908392159,0.02043948991166684,1
0.03906249999999997,0.15503595886771024,1.0004388607191226,0.0007569062991152592,0.020257198532593657,1
0.05468750000000004,0.15503595886771043,1.0007767225208977,0.0009465316979383937,0.019959340774428937,1
0.07031249999999994,0.15503595886771027,1.0011785148234196,0.0010898934574288415,0.019581563521070683,1
0.08593749999999994,0.1550359588677103,1.0016183116130868,0.001189866458638532,0.01915564508094939,1
0.10156250000000024,0.15503595886771074,1.0020796624822434,0.0012530513575837708,0.018701592454586035,1
0.11718749999999979,0.15503595886771024,1.0025514449625943,0.0012867904450628918,0.018232239076923555,1
0.1328125,0.1550359588677103,1.0030253946622365,0.0012978296244732215,0.017756961271583584,1
0.1484374999999998,0.15503595886771024,1.003495366205372,0.001291999688550345,0.017282902250178176,1
0.16406250000000097,0.15503595886771113,1.0039570980900445,0.0012742145011552597,0.01681522323474743,1
0.1796874999999986,0.15503595886770924,1.0044079301450122,0.0012484809871396746,0.016357312243324443,1
0.1953124999999999,0.15503595886771024,1.0048464263716177,0.0012179257737769745,0.015911134705702087,1
0.21093750000000128,0.15503595886771113,1.0052720079822919,0.001184888821443825,0.015477630263491544,1
0.2265624999999997,0.15503595886771032,1.0056846662599004,0.0011510648398334303,0.015057049115257596,1
0.2421874999999999,0.15503595886771013,1.0060847670141781,0.001117645303133571,0.014649187451340308,1
0.25781249999999967,0.15503595886771013,1.0064729173753881,0.0010854365273988368,0.01425354380095553,1
0.2734374999999999,0.15503595886771032,1.0068498705054663,0.0010549533862089472,0.013869428377170272,1
0.2890624999999999,0.15503595886771002,1.0072164548303364,0.0010264944932414021,0.013496044827754922,1
0.3046875000000001,0.15503595886771024,1.0075735236614354,0.0010002021747540387,0.013132549973672306,1
0.3203124999999999,0.15503595886771002,1.0079219212271928,0.0009761089513522921,0.012778095016863998,1
0.3359375000000043,0.15503595886771201,1.0082624608107313,0.0009541725726682136,0.012431852518934307,1
0.3515624999999951,0.15503595886770805,1.0085959113937535,0.0009343019895281579,0.012093033342252042,1
0.3671875000000001,0.15503595886771024,1.0089229900827144,0.0009163763700910476,0.01176089703276969,1
0.3828125000000043,0.15503595886771224,1.0092443587557358,0.0009002588340002183,0.011434757115718721,1
0.39843749999999467,0.15503595886770824,1.009560623545971,0.0008858061371423117,0.011113983312047104,1
0.4140624999999999,0.15503595886771024,1.009872336223744,0.0008728753112058142,0.010798000959235794,1
0.4296875000000047,0.15503595886771201,1.0101799969424359,0.0008613280321507186,0.010486289241440315,1
0.44531249999999467,0.15503595886770824,1.0104840574661256,0.0008510333466864888,0.010178377946250749,1
0.4609375000000055,0.15503595886771263,1.0107849250585432,0.0008418692126023614,0.009873844003486048,1
0.47656250000000594,0.15503595886771201,1.0110829660868954,0.0008337231971336613,0.009572307389705511,1
0.49218749999999223,0.15503595886770805,1.0113785099755066,0.0008264926396863949,0.009273427417077844,1
0.5078124999999931,0.15503595886770805,1.0116718525405133,0.000820084485433994,0.008976898789563571,1
0.5234375000000071,0.15503595886771201,1.0119632595115629,0.0008144148728031827,0.008682448102462893,1
0.5390625000000068,0.15503595886771243,1.01225296953619,0.000809408538303248,0.008389830463347755,1
0.5546874999999922,0.15503595886770843,1.0125411972438252,0.0008049981357489045,0.008098826600788808,1
0.5703125000000068,0.15503595886771224,1.0128281358127234,0.0008011235389142115,0.00780924003443883,1
0.5859374999999915,0.15503595886770824,1.0131139593103102,0.0007977310187822598,0.007520894444805435,1
0.6015625000000092,0.15503595886771224,1.013398824832658,0.0007947723773372585,0.007233631726692367,1
0.6171874999999906,0.15503595886770824,1.0136828741953645,0.0007922041829738329,0.006947310147733162,1
0.6328125000000083,0.15503595886771224,1.013966235588518,0.0007899871042312315,0.006661802807879653,1
0.6484374999999906,0.15503595886770824,1.014249024746762,0.0007880851221262005,0.006376995967343803,1
0.6640624999999915,0.15503595886770824,1.0145313462534555,0.0007864647263515798,0.006092788486635073,1
0.6796875000000253,0.1550359588677162,1.0148132940682346,0.0007850941800615355,0.005809090443865758,1
0.6953124999999915,0.15503595886770824,1.015094952041631,0.0007839427080355911,0.0055258223971255726,1
0.710937499999989,0.15503595886770824,1.015376394028986,0.0007829795022264642,0.005242914819640052,1
0.7265625000000092,0.15503595886771224,1.0156576835156903,0.0007821729625771876,0.004960309068025488,1
0.742187499999989,0.15503595886770824,1.0159388729779864,0.0007814901563202122,0.00467795688610844,1
0.75781250000001,0.15503595886771263,1.0162200036740896,0.0007808963747153463,0.004395821312092612,1
0.7734375000000088,0.15503595886771182,1.0165011053972177,0.0007803546346226884,0.004113877249351659,1
0.7890624999999705,0.15503595886770424,1.016782193942261,0.0007798252877581405,0.0038321126798551396,1
0.8046875000000095,0.15503595886771182,1.017063269959844,0.0007792657065033951,0.003550528640931957,1
0.8203125000000319,0.15503595886771662,1.0173443160748497,0.0007786311040769511,0.0032691434816644696,1
0.8359374999999676,0.15503595886770424,1.0176252946346815,0.0007778769593882233,0.0029879950712692906,1
0.8515625000000302,0.15503595886771662,1.0179061466073231,0.0007769632865101434,0.0027071439270982627,1
0.8671874999999873,0.15503595886770782,1.0181867961776159,0.0007758628972486215,0.0024266727070984457,1
0.8828124999999866,0.15503595886770866,1.0184671532545149,0.0007745698674197245,0.0021466804976719945,1
0.898437499999989,0.15503595886770782,1.0187471202001173,0.0007731099589414919,0.0018672774021880202,1
0.9140625000000367,0.15503595886771662,1.0190266000452919,0.0007715595868769336,0.00158857150364488,1
0.9296874999999873,0.15503595886770824,1.019305498926798,0.0007700471169963672,0.001310647499565252,1
0.9453124999999898,0.15503595886770824,1.019583758609744,0.0007687660598048874,0.0010335887051338877,1
0.9609375000000351,0.1550359588677162,1.0198613490218957,0.0007679984707024638,0.0007574225000325105,1
0.976562499999933,0.15503595886770027,1.0201383370007353,0.0007679666029355298,0.00048217784515086956,1
0.9921875000000351,0.1550359588677162,1.0204841102385875,0.0007688387417291666,0.00020785171854164808,1
0.0078125,0.1667913266056931,1.00006546335847,0.00019065124476990846,0.020338722631412575,1
0.02343750000000001,0.16679132660569307,1.000180971470336,0.000376535265085943,0.020273256533603817,1
0.03906249999999994,0.16679132660569285,1.0003994551289495,0.000545892974728004,0.020107916321631284,1
0.054687500000000104,0.16679132660569332,1.0007091398893755,0.0006882200393612229,0.019836473757953287,1
0.0703125000000002,0.16679132660569357,1.0010817277174422,0.0007991150734265484,0.01948860206591748,1
0.08593749999999946,0.16679132660569204,1.0014950227187411,0.0008794051124063643,0.019091144288412926,1
0.10156250000000003,0.16679132660569299,1.0019341861586897,0.0009327762852440482,0.018661580310864654,1
0.11718750000000047,0.16679132660569357,1.002388330464579,0.0009638778468371706,0.01821204670738995,1
0.13281250000000028,0.16679132660569357,1.0028488172683523,0.0009773050920227938,0.017752142391404713,1
0.14843750000000047,0.16679132660569357,1.0033089462466116,0.0009772167237456749,0.017289535709086257,1
0.16406249999999847,0.16679132660569157,1.0037638672792477,0.0009672258180894862,0.016829971126374226,1
0.17968749999999958,0.1667913266056926,1.0042103306622405,0.0009503587309368014,0.016377432068647363,1
0.19531250000000175,0.1667913266056945,1.0046463442972842,0.0009290463445291517,0.015934468067237296,1
0.2109374999999981,0.16679132660569165,1.0050708427703121,0.0009051641177268702,0.015502549994003465,1
0.22656250000000341,0.16679132660569565,1.0054834210612185,0.0008801121534562247,0.015082371988628487,1
0.24218749999999772,0.16679132660569146,1.0058841344912324,0.0008549063791802904,0.01467408197153206,1
0.2578124999999977,0.16679132660569165,1.0062733526424052,0.0008302605637965906,0.01427744965088058,1
0.2734375000000044,0.16679132660569565,1.0066516497636038,0.0008066543776231157,0.013891991369905068,1
0.28906249999999734,0.16679132660569146,1.0070197228457953,0.0007843893991580763,0.01351706409318061,1
0.3046875000000048,0.16679132660569565,1.0073783312809064,0.0007636349043942131,0.013151935676867245,1
0.32031249999999695,0.16679132660569165,1.0077282542831139,0.0007444643589800961,0.012795835342203372,1
0.33593749999999695,0.16679132660569146,1.0080702618985102,0.0007268836732545452,0.012447988584173748,1
0.3515625000000055,0.16679132660569565,1.0084050959105442,0.0007108526463783032,0.012107640734942342,1
0.3671874999999923,0.16679132660568977,1.0087334579616238,0.0006963010301160446,0.011774072042147577,1
0.38281250000000144,0.16679132660569357,1.0090560027705666,0.0006831403836255187,0.01144660706551108,1
0.3984375000000063,0.16679132660569565,1.0093733350987353,0.0006712726765898594,0.01112461936172774,1
0.4140625000000055,0.16679132660569565,1.0096860092965154,0.0006605963784631391,0.010807533494462085,1
0.4296874999999865,0.16679132660568746,1.0099945305095042,0.000651010648249957,0.010494824439693283,1
0.44531250000000705,0.16679132660569546,1.0102993571152237,0.0006424181159011789,0.010186015972590487,1
0.46093750000000666,0.16679132660569546,1.0106009035869628,0.0006347265992821337,0.009880677670702161,1
0.47656249999998385,0.16679132660568746,1.010899543935975,0.0006278500851465342,0.009578421864413628,1
0.49218750000000816,0.16679132660569546,1.0111956149558021,0.000621709190463353,0.009278899980433554,1
0.507812500000007,0.16679132660569546,1.0114894197014888,0.0006162313043127511,0.008981799189126484,1
0.5234374999999835,0.16679132660568746,1.0117812305751352,0.0006113504563239705,0.008686838845780632,1
0.5390625000000085,0.16679132660569546,1.0120712925025739,0.0006070070240061051,0.008393767450572858,1
0.5546875000000082,0.16679132660569546,1.0123598257284032,0.0006031473397328977,0.008102359664324937,1
0.57031249999998,0.16679132660568746,1.01264702845617,0.000599723227651768,0.0078124135049814514,1
0.5859375000000104,0.16679132660569546,1.0129330791997857,0.0005966914140321843,0.00752374788100705,1
0.6015625000000078,0.16679132660569546,1.013218138851928,0.0005940129225092288,0.007236200485062054,1
0.6171875000000097,0.16679132660569546,1.013502352582318,0.0005916525441433468,0.006949626154260804,1
0.6328124999999786,0.16679132660568746,1.013785851226853,0.0005895782992621638,0.006663894850451215,1
0.6484375000000104,0.16679132660569546,1.01406875271253,0.0005877608520997474,0.006378890568486827,1
0.6640625000000109,0.16679132660569546,1.0143511631073774,0.0005861729251766734,0.006094510055522074,1
0.6796874999999774,0.1667913266056871,1.0146331774829969,0.0005847887260577706,0.005810662101360202,1
0.6953125000000101,0.16679132660569546,1.014914880163716,0.0005835832412709042,0.005527266091488778,1
0.710937500000012,0.16679132660569546,1.0151963446973926,0.000582531616822911,0.005244252464326086,1
0.7265624999999928,0.1667913266056913,1.015477633787696,0.0005816086360046481,0.004961562548633752,1
0.7421874999999759,0.16679132660568746,1.0157587990094625,0.0005807882762483783,0.00467914905320875,1
0.7578125000000115,0.16679132660569546,1.016039880691995,0.0005800432576413589,0.004396975688009532,1
0.7734374999999936,0.1667913266056909,1.0163209066473144,0.0005793448928930574,0.0041150187638704,1
0.7890625000000334,0.16679132660570004,1.0166018915838158,0.0005786627058932104,0.0038332669335921147,1
0.8046874999999936,0.1667913266056909,1.0168828346110903,0.0005779642532048262,0.0035517231722346806,1
0.8203124999999943,0.1667913266056913,1.017163718087964,0.0005772161063308999,0.003270406129942858,1
0.8359375000000289,0.16679132660569965,1.0174445063483146,0.0005763860859216208,0.0029893535465445814,1
0.8515624999999506,0.16679132660568366,1.0177251478693123,0.0005754470902941884,0.002708622176556058,1
0.8671874999999905,0.1667913266056909,1.0180055780870279,0.0005743826482768424,0.002428285657812046,1
0.882812500000035,0.16679132660570004,1.0182857261956861,0.0005731931290039561,0.002148427367481344,1
0.8984374999999951,0.1667913266056909,1.0185655209334048,0.000571905016593115,0.001869132875511864,1
0.9140624999999898,0.1667913266056913,1.018844897534286,0.0005705819375874967,0.0015904748551590076,1
0.929687500000038,0.16679132660569965,1.0191238089128705,0.0005693293145586513,0.0013125037264063789,1
0.9453124999999476,0.16679132660568366,1.01940224055301,0.0005683225929852885,0.0010352538150203792,1
0.960937499999989,0.1667913266056909,1.0196801706822571,0.0005677991185284916,0.0007587030885666166,1
0.976562500000038,0.16679132660569965,1.0199576149141123,0.0005680172855099113,0.0004829296283184339,1
0.9921874999999936,0.1667913266056913,1.0203037334998142,0.0005691888284326952,0.00020798191689023294,1
0.0078125,0.17941707858959222,1.000064013372937,0.000112113884464642,0.020215563869989142,1
0.023437499999999983,0.17941707858959224,1.0001744720414558,0.0002173673322512947,0.020151528475828434,1
0.039062500000000076,0.17941707858959266,1.0003809124345722,0.0003111783500418369,0.019994768849014848,1
0.05468749999999987,0.1794170785895918,1.0006734578770782,0.00038952868594673213,0.019738705031059973,1
0.07031249999999986,0.17941707858959174,1.0010271070466012,0.00045075373643945935,0.01940956979902627,1
0.08593750000000051,0.17941707858959324,1.0014221911275487,0.0004954740886276429,0.019031058888063973,1
0.10156249999999978,0.17941707858959174,1.0018452307369892,0.0005256872135359225,0.01861874952764061,1
0.1171874999999997,0.17941707858959177,1.0022858224923452,0.0005438790277626508,0.018183969685704925,1
0.13281249999999978,0.1794170785895917,1.002735335768942,0.0005525011978496461,0.017736164535698887,1
0.1484374999999997,0.17941707858959177,1.003186874835656,0.0005537670787190387,0.017283142140387193,1
0.16406250000000155,0.179417078589594,1.0036353087386927,0.0005495968672638096,0.01683090039367651,1
0.1796875000000006,0.1794170785895928,1.0040770668455437,0.0005416015358323259,0.016383730116787384,1
0.19531249999999842,0.17941707858959058,1.0045098248496933,0.0005310805421031558,0.01594451564762885,1
0.2109375000000006,0.17941707858959272,1.0049322067526405,0.0005190418255258648,0.015515055702735843,1
0.22656249999999822,0.1794170785895907,1.0053435378484636,0.0005062423756609662,0.015096337251470556,1
0.2421875000000008,0.17941707858959272,1.0057436513230877,0.0004932358108372424,0.014688752887077723,1
0.257812500000001,0.17941707858959288,1.0061327375537856,0.00048041563915051175,0.014292270817548207,1
0.2734374999999977,0.1794170785895905,1.0065112289689755,0.000468050990149435,0.013906565469248757,1
0.28906250000000117,0.17941707858959272,1.006879712090939,0.00045631584076703455,0.013531117787493906,1
0.30468749999999734,0.1794170785895907,1.0072388621247186,0.0004453129554636243,0.013165290802294493,1
0.3203125000000015,0.17941707858959272,1.0075893953361437,0.00043509308237113335,0.012808385316463217,1
0.33593750000000494,0.17941707858959507,1.0079320355364332,0.00042566988659337456,0.012459679727468014,1
0.35156249999999734,0.1794170785895907,1.0082674912765073,0.0004170313319507442,0.012118457540884009,1
0.36718750000000494,0.17941707858959507,1.0085964408966175,0.0004091482339886738,0.011784026067521927,1
0.382812499999997,0.1794170785895907,1.008919523423344,0.0004019806330679347,0.011455728129411593,1
0.3984374999999966,0.1794170785895907,1.0092373335916538,0.000395482437497939,0.011132949261586466,1
0.414062499999997,0.1794170785895905,1.0095504198731735,0.0003896047675067717,0.010815120926597739,1
0.429687500000006,0.1794170785895949,1.0098592845886718,0.0003842982763752133,0.010501721686898008,1
0.4453124999999963,0.17941707858959086,1.0101643853258175,0.0003795147315758623,0.01019227611850642,1
0.4609374999999966,0.17941707858959086,1.0104661373221357,0.00037520801305328575,0.009886353072012398,1
0.47656250000000744,0.1794170785895949,1.0107649161887249,0.00037133472077615807,0.009583562771896828,1
0.49218749999999595,0.17941707858959122,1.011061061029995,0.0003678544991614121,0.00928355400188472,1
0.5078124999999963,0.17941707858959086,1.0113548774224006,0.0003647301831583505,0.008986010705777153,1
0.5234375000000074,0.17941707858959527,1.0116466405097924,0.0003619277905497011,0.008690648977031595,1
0.5390624999999963,0.1794170785895905,1.0119365978769206,0.0003594164297442613,0.008397213956972327,1
0.5546874999999959,0.1794170785895905,1.0122249723651502,0.00035716814666208704,0.008105477079304658,1
0.5703125000000089,0.1794170785895949,1.0125119645940366,0.00035515769750698505,0.007815233332022596,1
0.5859374999999967,0.17941707858959086,1.012797755222604,0.00035336225570283214,0.00752629881830113,1
0.6015624999999949,0.17941707858959086,1.01308250707029,0.000351761131311038,0.007238508873079813,1
0.6171874999999946,0.1794170785895905,1.0133663668285608,0.0003503355368080567,0.0069517160421608175,1
0.6328125000000089,0.1794170785895949,1.0136494666261955,0.00034906829427768627,0.006665788557365727,1
0.6484374999999952,0.17941707858959086,1.013931925308064,0.0003479435255424028,0.006380608690257345,1
0.6640624999999949,0.17941707858959086,1.0142138496139872,0.00034694635673920414,0.006096072166610841,1
0.679687500000026,0.17941707858959932,1.014495334768421,0.00034606261541891066,0.005812086622887631,1
0.6953124999999795,0.17941707858958716,1.0147764646762667,0.00034527843216319707,0.005528571184688472,1
0.710937500000011,0.17941707858959455,1.0150573122602717,0.0003445799217248954,0.0052454558771312665,1
0.726562499999978,0.17941707858958716,1.0153379394340096,0.0003439529457049657,0.004962682566817526,1
0.7421875000000453,0.17941707858960335,1.0156183968840329,0.00034338286764123635,0.004680204235987439,1
0.7578124999999767,0.17941707858958716,1.0158987230830163,0.0003428543454030911,0.004397985749972183,1
0.7734375000000124,0.17941707858959455,1.0161789444485292,0.0003423511709917588,0.004116003715294473,1
0.7890624999999767,0.17941707858958716,1.0164590738708872,0.00034185607287079303,0.003834248253086553,1
0.804687500000011,0.17941707858959455,1.0167391096147773,0.0003413507966570248,0.0035527229274763972,1
0.8203124999999767,0.1794170785895868,1.0170190333285645,0.0003408167590726556,0.0032714475377840636,1
0.8359375000000124,0.1794170785895942,1.017298811535554,0.0003402366139906601,0.0029904585380252403,1
0.8515625000000131,0.1794170785895956,1.0175783973801302,0.0003395967050686465,0.0027098095172858215,1
0.867187500000011,0.1794170785895949,1.0178577363011883,0.00033889032068094046,0.002429566228858768,1
0.8828124999999738,0.1794170785895868,1.0181367712285088,0.0003381210500171054,0.002149799066337335,1
0.8984375000000124,0.1794170785895949,1.0184154514850705,0.0003373085754828393,0.0018705739597087983,1
0.9140624999999738,0.1794170785895868,1.018693742694576,0.0003364943833281577,0.0015919366802370726,1
0.9296875000000167,0.1794170785895949,1.0189716379133675,0.0003357507668346201,0.0013139053369857752,1
0.9453125000000145,0.1794170785895949,1.0192491789434368,0.00033520728445346487,0.0010364600297661825,1
0.9609375000000152,0.1794170785895942,1.0195264062937914,0.0003350763657022931,0.0007595281982072646,1
0.976562499999971,0.1794170785895868,1.0198033512768194,0.000335819962145525,0.0004831169921566751,1
0.9921875000000138,0.1794170785895956,1.0201479733573622,0.0003385305167023196,0.00020730723434583188,1
0.0078125,0.19297765931424835,1.0000532651497054,7.171183753061922e-05,0.02015319016159925,1
0.023437500000000014,0.19297765931424843,1.0001527352191062,0.00013112713618538993,0.020099829810083635,1
0.03906249999999995,0.19297765931424798,1.0003479327741966,0.00017807107133639114,0.01995386844167318,1
0.054687500000000125,0.19297765931424885,1.0006292369784058,0.00021295453991270884,0.01970826459234298,1
0.07031250000000012,0.19297765931424885,1.0009720160929076,0.00023664221563212534,0.01938885645828461,1
0.08593749999999953,0.19297765931424732,1.0013569874050963,0.00025067636152514757,0.01901874643079933,1
0.10156250000000029,0.19297765931424885,1.0017707786771162,0.0002569933552973192,0.01861316454894781,1
0.11718750000000021,0.19297765931424885,1.0022028296907939,0.00025749960708815287,0.01818346070129808,1
0.13281250000000028,0.19297765931424885,1.0026442498872767,0.000253837005756997,0.01773930626855357,1
0.1484375000000002,0.19297765931424885,1.0030878904528784,0.00024733831819474344,0.01728877543949625,1
0.16406249999999856,0.1929776593142465,1.0035284068049053,0.00023905896371429454,0.01683810551981979,1
0.1796874999999995,0.19297765931424785,1.0039620486201326,0.0002298122829202296,0.01639179677522158,1
0.1953125000000014,0.1929776593142499,1.0043863432731361,0.00022019967022071248,0.015952917572950746,1
0.21093749999999933,0.19297765931424776,1.0047997983481491,0.0002106421601357178,0.015523423421153594,1
0.22656250000000155,0.1929776593142499,1.0052016563076274,0.00020141903926537263,0.015104425010205785,1
0.24218749999999917,0.19297765931424776,1.0055916956418365,0.00019270372845743556,0.014696407350355399,1
0.25781249999999933,0.19297765931424776,1.0059700741169804,0.00018459392029199594,0.014299405020918877,1
0.2734375000000017,0.1929776593142499,1.006337207085245,0.00017713338043042224,0.013913139690894465,1
0.289062499999999,0.19297765931424776,1.0066936754236497,0.00017032867459078064,0.013537125012810368,1
0.3046875000000024,0.1929776593142499,1.00704015662875,0.00016416158831704435,0.013170745811825708,1
0.32031249999999833,0.19297765931424793,1.007377374679903,0.00015859846407105632,0.01281331655904588,1
0.3359374999999956,0.19297765931424563,1.0077060644928955,0.00015359696811134284,0.012464123430933987,1
0.35156249999999867,0.19297765931424793,1.0080269476038468,0.00014911055370783418,0.012122453799839943,1
0.36718749999999933,0.1929776593142481,1.008340716215126,0.00014509183571950366,0.011787615946832333,1
0.3828125000000068,0.19297765931425173,1.008648023328636,0.00014149433997911025,0.011458952039297744,1
0.398437499999999,0.19297765931424776,1.0089494773354681,0.000138274163279363,0.011135845574889062,1
0.41406249999999833,0.19297765931424776,1.0092456397399576,0.00013539030771450594,0.010817725528981472,1
0.429687499999999,0.1929776593142481,1.0095370250688906,0.0001328054746667496,0.01050406737353664,1
0.44531249999999833,0.1929776593142481,1.0098241022602434,0.00013048571199785229,0.01019439271792899,1
0.4609375000000084,0.19297765931425173,1.0101072969142588,0.00012840076858002122,0.009888267250426299,1
0.47656249999999833,0.19297765931424776,1.010386994128801,0.00012652347754758396,0.009585298398445009,1
0.49218749999999833,0.1929776593142481,1.0106635415043717,0.00012482991300379973,0.009285132142906617,1
0.5078124999999977,0.1929776593142481,1.0109372523026414,0.0001232987798883258,0.008987450026814992,1
0.5234374999999997,0.19297765931424743,1.0112084084979818,0.00012191143415400633,0.008691965862749137,1
0.5390625000000081,0.19297765931425206,1.0114772637765335,0.0001206513993574615,0.008398422847478708,1
0.5546874999999983,0.19297765931424776,1.0117440463583889,0.00011950425358819455,0.008106590653551205,1
0.5703124999999977,0.1929776593142481,1.01200896158736,0.0001184573270469489,0.007816262738509291,1
0.5859374999999983,0.19297765931424743,1.0122721943167898,0.00011749935721151145,0.007527254007688341,1
0.6015624999999977,0.19297765931424776,1.0125339109559166,0.00011662047441018409,0.00723939864388408,1
0.617187500000011,0.19297765931425206,1.012794261348025,0.00011581171492407433,0.006952548387134839,1
0.6328124999999853,0.19297765931424413,1.013053380278484,0.00011506525107248937,0.00666657056497695,1
0.6484375000000103,0.1929776593142524,1.013311388837153,0.00011437359546198884,0.006381347071625374,1
0.6640625000000107,0.19297765931425173,1.0135683954259251,0.00011373014853455202,0.006096772927353588,1
0.679687499999969,0.1929776593142395,1.0138244965109806,0.00011312825252099018,0.005812755638050415,1
0.6953125000000263,0.19297765931425637,1.0140797771112464,0.00011256183323136747,0.005529213939360024,1
0.7109374999999677,0.1929776593142395,1.0143343108599374,0.00011202419284304646,0.005246078259385885,1
0.7265625000000276,0.1929776593142567,1.0145881599957014,0.00011150900992034188,0.0049632902741506635,1
0.7421874999999677,0.1929776593142395,1.0148413750833685,0.00011100917623391828,0.004680803465751817,1
0.757812500000029,0.19297765931425603,1.0150939951204885,0.00011051796368453205,0.00439858255703131,1
0.773437499999997,0.19297765931424743,1.0153460464063528,0.00011002736058886199,0.0041166049977761025,1
0.7890624999999977,0.19297765931424876,1.0155975415928078,0.0001095296528592448,0.0038348607002700774,1
0.8046874999999983,0.19297765931424743,1.0158484783100399,0.000109015863965829,0.003553354041642923,1
0.8203124999999963,0.19297765931424743,1.0160988394990405,0.00010847810447991341,0.003272104390794811,1
0.835937499999997,0.19297765931424743,1.0163485929672114,0.00010790874236361413,0.0029911479880168697,1
0.8515625000000343,0.1929776593142567,1.0165976951561564,0.00010730356093061597,0.002710535676760507,1
0.8671874999999571,0.1929776593142395,1.0168460960549286,0.00010666270764691852,0.0024303288450676845,1
0.8828125000000343,0.19297765931425603,1.0170937456441576,0.00010599247485978876,0.0021505916244149888,1
0.8984374999999598,0.19297765931424016,1.0173406029248437,0.00010530931939168113,0.0018713800406981625,1
0.9140625000000343,0.19297765931425603,1.0175866475890918,0.00010464191024379717,0.0015927282740456758,1
0.9296874999999957,0.1929776593142481,1.017831904116619,0.00010404054855317287,0.0013146367171252128,1
0.9453124999999963,0.19297765931424876,1.018076476761961,0.00010360093866290665,0.0010370478207932705,1
0.960937499999997,0.19297765931424676,1.018320621535341,0.00010352182207991364,0.0007598008056600233,1
0.9765624999999977,0.1929776593142481,1.0185651222797567,0.00010439935012437908,0.00048255471288615614,1
0.9921874999999931,0.19297765931424743,1.018873354823661,0.00010814453603672382,0.00020419325062520971,1
