node,x,y
0,0.0,0.0
1,0.015625,0.0
2,0.03125,0.0
3,0.046875,0.0
4,0.0625,0.0
5,0.078125,0.0
6,0.09375,0.0
7,0.109375,0.0
8,0.125,0.0
9,0.140625,0.0
10,0.15625,0.0
11,0.171875,0.0
12,0.1875,0.0
13,0.203125,0.0
14,0.21875,0.0
15,0.234375,0.0
16,0.25,0.0
17,0.265625,0.0
18,0.28125,0.0
19,0.296875,0.0
20,0.3125,0.0
21,0.328125,0.0
22,0.34375,0.0
23,0.359375,0.0
24,0.375,0.0
25,0.390625,0.0
26,0.40625,0.0
27,0.421875,0.0
28,0.4375,0.0
29,0.453125,0.0
30,0.46875,0.0
31,0.484375,0.0
32,0.5,0.0
33,0.515625,0.0
34,0.53125,0.0
35,0.546875,0.0
36,0.5625,0.0
37,0.578125,0.0
38,0.59375,0.0
39,0.609375,0.0
40,0.625,0.0
41,0.640625,0.0
42,0.65625,0.0
43,0.671875,0.0
44,0.6875,0.0
45,0.703125,0.0
46,0.71875,0.0
47,0.734375,0.0
48,0.75,0.0
49,0.765625,0.0
50,0.78125,0.0
51,0.796875,0.0
52,0.8125,0.0
53,0.828125,0.0
54,0.84375,0.0
55,0.859375,0.0
56,0.875,0.0
57,0.890625,0.0
58,0.90625,0.0
59,0.921875,0.0
60,0.9375,0.0
61,0.953125,0.0
62,0.96875,0.0
63,0.984375,0.0
64,1.0,0.0
65,0.0,0.0002762835309446681
66,0.015625,0.0002762835309446681
67,0.03125,0.0002762835309446681
68,0.046875,0.0002762835309446681
69,0.0625,0.0002762835309446681
70,0.078125,0.0002762835309446681
71,0.09375,0.0002762835309446681
72,0.109375,0.0002762835309446681
73,0.125,0.0002762835309446681
74,0.140625,0.0002762835309446681
75,0.15625,0.0002762835309446681
76,0.171875,0.0002762835309446681
77,0.1875,0.0002762835309446681
78,0.203125,0.0002762835309446681
79,0.21875,0.0002762835309446681
80,0.234375,0.0002762835309446681
81,0.25,0.0002762835309446681
82,0.265625,0.0002762835309446681
83,0.28125,0.0002762835309446681
84,0.296875,0.0002762835309446681
85,0.3125,0.0002762835309446681
86,0.328125,0.0002762835309446681
87,0.34375,0.0002762835309446681
88,0.359375,0.0002762835309446681
89,0.375,0.0002762835309446681
90,0.390625,0.0002762835309446681
91,0.40625,0.0002762835309446681
92,0.421875,0.0002762835309446681
93,0.4375,0.0002762835309446681
94,0.453125,0.0002762835309446681
95,0.46875,0.0002762835309446681
96,0.484375,0.0002762835309446681
97,0.5,0.0002762835309446681
98,0.515625,0.0002762835309446681
99,0.53125,0.0002762835309446681
100,0.546875,0.0002762835309446681
101,0.5625,0.0002762835309446681
102,0.578125,0.0002762835309446681
103,0.59375,0.0002762835309446681
104,0.609375,0.0002762835309446681
105,0.625,0.0002762835309446681
106,0.640625,0.0002762835309446681
107,0.65625,0.0002762835309446681
108,0.671875,0.0002762835309446681
109,0.6875,0.0002762835309446681
110,0.703125,0.0002762835309446681
111,0.71875,0.0002762835309446681
112,0.734375,0.0002762835309446681
113,0.75,0.0002762835309446681
114,0.765625,0.0002762835309446681
115,0.78125,0.0002762835309446681
116,0.796875,0.0002762835309446681
117,0.8125,0.0002762835309446681
118,0.828125,0.0002762835309446681
119,0.84375,0.0002762835309446681
120,0.859375,0.0002762835309446681
121,0.875,0.0002762835309446681
122,0.890625,0.0002762835309446681
123,0.90625,0.0002762835309446681
124,0.921875,0.0002762835309446681
125,0.9375,0.0002762835309446681
126,0.953125,0.0002762835309446681
127,0.96875,0.0002762835309446681
128,0.984375,0.0002762835309446681
129,1.0,0.0002762835309446681
130,0.0,0.0005730234898038295
131,0.015625,0.0005730234898038295
132,0.03125,0.0005730234898038295
133,0.046875,0.0005730234898038295
134,0.0625,0.0005730234898038295
135,0.078125,0.0005730234898038295
136,0.09375,0.0005730234898038295
137,0.109375,0.0005730234898038295
138,0.125,0.0005730234898038295
139,0.140625,0.0005730234898038295
140,0.15625,0.0005730234898038295
141,0.171875,0.0005730234898038295
142,0.1875,0.0005730234898038295
143,0.203125,0.0005730234898038295
144,0.21875,0.0005730234898038295
145,0.234375,0.0005730234898038295
146,0.25,0.0005730234898038295
147,0.265625,0.0005730234898038295
148,0.28125,0.0005730234898038295
149,0.296875,0.0005730234898038295
150,0.3125,0.0005730234898038295
151,0.328125,0.0005730234898038295
152,0.34375,0.0005730234898038295
153,0.359375,0.0005730234898038295
154,0.375,0.0005730234898038295
155,0.390625,0.0005730234898038295
156,0.40625,0.0005730234898038295
157,0.421875,0.0005730234898038295
158,0.4375,0.0005730234898038295
159,0.453125,0.0005730234898038295
160,0.46875,0.0005730234898038295
161,0.484375,0.0005730234898038295
162,0.5,0.0005730234898038295
163,0.515625,0.0005730234898038295
164,0.53125,0.0005730234898038295
165,0.546875,0.0005730234898038295
166,0.5625,0.0005730234898038295
167,0.578125,0.0005730234898038295
168,0.59375,0.0005730234898038295
169,0.609375,0.0005730234898038295
170,0.625,0.0005730234898038295
171,0.640625,0.0005730234898038295
172,0.65625,0.0005730234898038295
173,0.671875,0.0005730234898038295
174,0.6875,0.0005730234898038295
175,0.703125,0.0005730234898038295
176,0.71875,0.0005730234898038295
177,0.734375,0.0005730234898038295
178,0.75,0.0005730234898038295
179,0.765625,0.0005730234898038295
180,0.78125,0.0005730234898038295
181,0.796875,0.0005730234898038295
182,0.8125,0.0005730234898038295
183,0.828125,0.0005730234898038295
184,0.84375,0.0005730234898038295
185,0.859375,0.0005730234898038295
186,0.875,0.0005730234898038295
187,0.890625,0.0005730234898038295
188,0.90625,0.0005730234898038295
189,0.921875,0.0005730234898038295
190,0.9375,0.0005730234898038295
191,0.953125,0.0005730234898038295
192,0.96875,0.0005730234898038295
193,0.984375,0.0005730234898038295
194,1.0,0.0005730234898038295
195,0.0,0.0008917344997676178
196,0.015625,0.0008917344997676178
197,0.03125,0.0008917344997676178
198,0.046875,0.0008917344997676178
199,0.0625,0.0008917344997676178
200,0.078125,0.0008917344997676178
201,0.09375,0.0008917344997676178
202,0.109375,0.0008917344997676178
203,0.125,0.0008917344997676178
204,0.140625,0.0008917344997676178
205,0.15625,0.0008917344997676178
206,0.171875,0.0008917344997676178
207,0.1875,0.0008917344997676178
208,0.203125,0.0008917344997676178
209,0.21875,0.0008917344997676178
210,0.234375,0.0008917344997676178
211,0.25,0.0008917344997676178
212,0.265625,0.0008917344997676178
213,0.28125,0.0008917344997676178
214,0.296875,0.0008917344997676178
215,0.3125,0.0008917344997676178
216,0.328125,0.0008917344997676178
217,0.34375,0.0008917344997676178
218,0.359375,0.0008917344997676178
219,0.375,0.0008917344997676178
220,0.390625,0.0008917344997676178
221,0.40625,0.0008917344997676178
222,0.421875,0.0008917344997676178
223,0.4375,0.0008917344997676178
224,0.453125,0.0008917344997676178
225,0.46875,0.0008917344997676178
226,0.484375,0.0008917344997676178
227,0.5,0.0008917344997676178
228,0.515625,0.0008917344997676178
229,0.53125,0.0008917344997676178
230,0.546875,0.0008917344997676178
231,0.5625,0.0008917344997676178
232,0.578125,0.0008917344997676178
233,0.59375,0.0008917344997676178
234,0.609375,0.0008917344997676178
235,0.625,0.0008917344997676178
236,0.640625,0.0008917344997676178
237,0.65625,0.0008917344997676178
238,0.671875,0.0008917344997676178
239,0.6875,0.0008917344997676178
240,0.703125,0.0008917344997676178
241,0.71875,0.0008917344997676178
242,0.734375,0.0008917344997676178
243,0.75,0.0008917344997676178
244,0.765625,0.0008917344997676178
245,0.78125,0.0008917344997676178
246,0.796875,0.0008917344997676178
247,0.8125,0.0008917344997676178
248,0.828125,0.0008917344997676178
249,0.84375,0.0008917344997676178
250,0.859375,0.0008917344997676178
251,0.875,0.0008917344997676178
252,0.890625,0.0008917344997676178
253,0.90625,0.0008917344997676178
254,0.921875,0.0008917344997676178
255,0.9375,0.0008917344997676178
256,0.953125,0.0008917344997676178
257,0.96875,0.0008917344997676178
258,0.984375,0.0008917344997676178
259,1.0,0.0008917344997676178
260,0.0,0.001234043328894161
261,0.015625,0.001234043328894161
262,0.03125,0.001234043328894161
263,0.046875,0.001234043328894161
264,0.0625,0.001234043328894161
265,0.078125,0.001234043328894161
266,0.09375,0.001234043328894161
267,0.109375,0.001234043328894161
268,0.125,0.001234043328894161
269,0.140625,0.001234043328894161
270,0.15625,0.001234043328894161
271,0.171875,0.001234043328894161
272,0.1875,0.001234043328894161
273,0.203125,0.001234043328894161
274,0.21875,0.001234043328894161
275,0.234375,0.001234043328894161
276,0.25,0.001234043328894161
277,0.265625,0.001234043328894161
278,0.28125,0.001234043328894161
279,0.296875,0.001234043328894161
280,0.3125,0.001234043328894161
281,0.328125,0.001234043328894161
282,0.34375,0.001234043328894161
283,0.359375,0.001234043328894161
284,0.375,0.001234043328894161
285,0.390625,0.001234043328894161
286,0.40625,0.001234043328894161
287,0.421875,0.001234043328894161
288,0.4375,0.001234043328894161
289,0.453125,0.001234043328894161
290,0.46875,0.001234043328894161
291,0.484375,0.001234043328894161
292,0.5,0.001234043328894161
293,0.515625,0.001234043328894161
294,0.53125,0.001234043328894161
295,0.546875,0.001234043328894161
296,0.5625,0.001234043328894161
297,0.578125,0.001234043328894161
298,0.59375,0.001234043328894161
299,0.609375,0.001234043328894161
300,0.625,0.001234043328894161
301,0.640625,0.001234043328894161
302,0.65625,0.001234043328894161
303,0.671875,0.001234043328894161
304,0.6875,0.001234043328894161
305,0.703125,0.001234043328894161
306,0.71875,0.001234043328894161
307,0.734375,0.001234043328894161
308,0.75,0.001234043328894161
309,0.765625,0.001234043328894161
310,0.78125,0.001234043328894161
311,0.796875,0.001234043328894161
312,0.8125,0.001234043328894161
313,0.828125,0.001234043328894161
314,0.84375,0.001234043328894161
315,0.859375,0.001234043328894161
316,0.875,0.001234043328894161
317,0.890625,0.001234043328894161
318,0.90625,0.001234043328894161
319,0.921875,0.001234043328894161
320,0.9375,0.001234043328894161
321,0.953125,0.001234043328894161
322,0.96875,0.001234043328894161
323,0.984375,0.001234043328894161
324,1.0,0.001234043328894161
325,0.0,0.0016016971934760531
326,0.015625,0.0016016971934760531
327,0.03125,0.0016016971934760531
328,0.046875,0.0016016971934760531
329,0.0625,0.0016016971934760531
330,0.078125,0.0016016971934760531
331,0.09375,0.0016016971934760531
332,0.109375,0.0016016971934760531
333,0.125,0.0016016971934760531
334,0.140625,0.0016016971934760531
335,0.15625,0.0016016971934760531
336,0.171875,0.0016016971934760531
337,0.1875,0.0016016971934760531
338,0.203125,0.0016016971934760531
339,0.21875,0.0016016971934760531
340,0.234375,0.0016016971934760531
341,0.25,0.0016016971934760531
342,0.265625,0.0016016971934760531
343,0.28125,0.0016016971934760531
344,0.296875,0.0016016971934760531
345,0.3125,0.0016016971934760531
346,0.328125,0.0016016971934760531
347,0.34375,0.0016016971934760531
348,0.359375,0.0016016971934760531
349,0.375,0.0016016971934760531
350,0.390625,0.0016016971934760531
351,0.40625,0.0016016971934760531
352,0.421875,0.0016016971934760531
353,0.4375,0.0016016971934760531
354,0.453125,0.0016016971934760531
355,0.46875,0.0016016971934760531
356,0.484375,0.0016016971934760531
357,0.5,0.0016016971934760531
358,0.515625,0.0016016971934760531
359,0.53125,0.0016016971934760531
360,0.546875,0.0016016971934760531
361,0.5625,0.0016016971934760531
362,0.578125,0.0016016971934760531
363,0.59375,0.0016016971934760531
364,0.609375,0.0016016971934760531
365,0.625,0.0016016971934760531
366,0.640625,0.0016016971934760531
367,0.65625,0.0016016971934760531
368,0.671875,0.0016016971934760531
369,0.6875,0.0016016971934760531
370,0.703125,0.0016016971934760531
371,0.71875,0.0016016971934760531
372,0.734375,0.0016016971934760531
373,0.75,0.0016016971934760531
374,0.765625,0.0016016971934760531
375,0.78125,0.0016016971934760531
376,0.796875,0.0016016971934760531
377,0.8125,0.0016016971934760531
378,0.828125,0.0016016971934760531
379,0.84375,0.0016016971934760531
380,0.859375,0.0016016971934760531
381,0.875,0.0016016971934760531
382,0.890625,0.0016016971934760531
383,0.90625,0.0016016971934760531
384,0.921875,0.0016016971934760531
385,0.9375,0.0016016971934760531
386,0.953125,0.0016016971934760531
387,0.96875,0.0016016971934760531
388,0.984375,0.0016016971934760531
389,1.0,0.0016016971934760531
390,0.0,0.001996572676199964
391,0.015625,0.001996572676199964
392,0.03125,0.001996572676199964
393,0.046875,0.001996572676199964
394,0.0625,0.001996572676199964
395,0.078125,0.001996572676199964
396,0.09375,0.001996572676199964
397,0.109375,0.001996572676199964
398,0.125,0.001996572676199964
399,0.140625,0.001996572676199964
400,0.15625,0.001996572676199964
401,0.171875,0.001996572676199964
402,0.1875,0.001996572676199964
403,0.203125,0.001996572676199964
404,0.21875,0.001996572676199964
405,0.234375,0.001996572676199964
406,0.25,0.001996572676199964
407,0.265625,0.001996572676199964
408,0.28125,0.001996572676199964
409,0.296875,0.001996572676199964
410,0.3125,0.001996572676199964
411,0.328125,0.001996572676199964
412,0.34375,0.001996572676199964
413,0.359375,0.001996572676199964
414,0.375,0.001996572676199964
415,0.390625,0.001996572676199964
416,0.40625,0.001996572676199964
417,0.421875,0.001996572676199964
418,0.4375,0.001996572676199964
419,0.453125,0.001996572676199964
420,0.46875,0.001996572676199964
421,0.484375,0.001996572676199964
422,0.5,0.001996572676199964
423,0.515625,0.001996572676199964
424,0.53125,0.001996572676199964
425,0.546875,0.001996572676199964
426,0.5625,0.001996572676199964
427,0.578125,0.001996572676199964
428,0.59375,0.001996572676199964
429,0.609375,0.001996572676199964
430,0.625,0.001996572676199964
431,0.640625,0.001996572676199964
432,0.65625,0.001996572676199964
433,0.671875,0.001996572676199964
434,0.6875,0.001996572676199964
435,0.703125,0.001996572676199964
436,0.71875,0.001996572676199964
437,0.734375,0.001996572676199964
438,0.75,0.001996572676199964
439,0.765625,0.001996572676199964
440,0.78125,0.001996572676199964
441,0.796875,0.001996572676199964
442,0.8125,0.001996572676199964
443,0.828125,0.001996572676199964
444,0.84375,0.001996572676199964
445,0.859375,0.001996572676199964
446,0.875,0.001996572676199964
447,0.890625,0.001996572676199964
448,0.90625,0.001996572676199964
449,0.921875,0.001996572676199964
450,0.9375,0.001996572676199964
451,0.953125,0.001996572676199964
452,0.96875,0.001996572676199964
453,0.984375,0.001996572676199964
454,1.0,0.001996572676199964
455,0.0,0.0024206853046195415
456,0.015625,0.0024206853046195415
457,0.03125,0.0024206853046195415
458,0.046875,0.0024206853046195415
459,0.0625,0.0024206853046195415
460,0.078125,0.0024206853046195415
461,0.09375,0.0024206853046195415
462,0.109375,0.0024206853046195415
463,0.125,0.0024206853046195415
464,0.140625,0.0024206853046195415
465,0.15625,0.0024206853046195415
466,0.171875,0.0024206853046195415
467,0.1875,0.0024206853046195415
468,0.203125,0.0024206853046195415
469,0.21875,0.0024206853046195415
470,0.234375,0.0024206853046195415
471,0.25,0.0024206853046195415
472,0.265625,0.0024206853046195415
473,0.28125,0.0024206853046195415
474,0.296875,0.0024206853046195415
475,0.3125,0.0024206853046195415
476,0.328125,0.0024206853046195415
477,0.34375,0.0024206853046195415
478,0.359375,0.0024206853046195415
479,0.375,0.0024206853046195415
480,0.390625,0.0024206853046195415
481,0.40625,0.0024206853046195415
482,0.421875,0.0024206853046195415
483,0.4375,0.0024206853046195415
484,0.453125,0.0024206853046195415
485,0.46875,0.0024206853046195415
486,0.484375,0.0024206853046195415
487,0.5,0.0024206853046195415
488,0.515625,0.0024206853046195415
489,0.53125,0.0024206853046195415
490,0.546875,0.0024206853046195415
491,0.5625,0.0024206853046195415
492,0.578125,0.0024206853046195415
493,0.59375,0.0024206853046195415
494,0.609375,0.0024206853046195415
495,0.625,0.0024206853046195415
496,0.640625,0.0024206853046195415
497,0.65625,0.0024206853046195415
498,0.671875,0.0024206853046195415
499,0.6875,0.0024206853046195415
500,0.703125,0.0024206853046195415
501,0.71875,0.0024206853046195415
502,0.734375,0.0024206853046195415
503,0.75,0.0024206853046195415
504,0.765625,0.0024206853046195415
505,0.78125,0.0024206853046195415
506,0.796875,0.0024206853046195415
507,0.8125,0.0024206853046195415
508,0.828125,0.0024206853046195415
509,0.84375,0.0024206853046195415
510,0.859375,0.0024206853046195415
511,0.875,0.0024206853046195415
512,0.890625,0.0024206853046195415
513,0.90625,0.0024206853046195415
514,0.921875,0.0024206853046195415
515,0.9375,0.0024206853046195415
516,0.953125,0.0024206853046195415
517,0.96875,0.0024206853046195415
518,0.984375,0.0024206853046195415
519,1.0,0.0024206853046195415
520,0.0,0.002876199838832153
521,0.015625,0.002876199838832153
522,0.03125,0.002876199838832153
523,0.046875,0.002876199838832153
524,0.0625,0.002876199838832153
525,0.078125,0.002876199838832153
526,0.09375,0.002876199838832153
527,0.109375,0.002876199838832153
528,0.125,0.002876199838832153
529,0.140625,0.002876199838832153
530,0.15625,0.002876199838832153
531,0.171875,0.002876199838832153
532,0.1875,0.002876199838832153
533,0.203125,0.002876199838832153
534,0.21875,0.002876199838832153
535,0.234375,0.002876199838832153
536,0.25,0.002876199838832153
537,0.265625,0.002876199838832153
538,0.28125,0.002876199838832153
539,0.296875,0.002876199838832153
540,0.3125,0.002876199838832153
541,0.328125,0.002876199838832153
542,0.34375,0.002876199838832153
543,0.359375,0.002876199838832153
544,0.375,0.002876199838832153
545,0.390625,0.002876199838832153
546,0.40625,0.002876199838832153
547,0.421875,0.002876199838832153
548,0.4375,0.002876199838832153
549,0.453125,0.002876199838832153
550,0.46875,0.002876199838832153
551,0.484375,0.002876199838832153
552,0.5,0.002876199838832153
553,0.515625,0.002876199838832153
554,0.53125,0.002876199838832153
555,0.546875,0.002876199838832153
556,0.5625,0.002876199838832153
557,0.578125,0.002876199838832153
558,0.59375,0.002876199838832153
559,0.609375,0.002876199838832153
560,0.625,0.002876199838832153
561,0.640625,0.002876199838832153
562,0.65625,0.002876199838832153
563,0.671875,0.002876199838832153
564,0.6875,0.002876199838832153
565,0.703125,0.002876199838832153
566,0.71875,0.002876199838832153
567,0.734375,0.002876199838832153
568,0.75,0.002876199838832153
569,0.765625,0.002876199838832153
570,0.78125,0.002876199838832153
571,0.796875,0.002876199838832153
572,0.8125,0.002876199838832153
573,0.828125,0.002876199838832153
574,0.84375,0.002876199838832153
575,0.859375,0.002876199838832153
576,0.875,0.002876199838832153
577,0.890625,0.002876199838832153
578,0.90625,0.002876199838832153
579,0.921875,0.002876199838832153
580,0.9375,0.002876199838832153
581,0.953125,0.002876199838832153
582,0.96875,0.002876199838832153
583,0.984375,0.002876199838832153
584,1.0,0.002876199838832153
585,0.0,0.0033654413208699333
586,0.015625,0.0033654413208699333
587,0.03125,0.0033654413208699333
588,0.046875,0.0033654413208699333
589,0.0625,0.0033654413208699333
590,0.078125,0.0033654413208699333
591,0.09375,0.0033654413208699333
592,0.109375,0.0033654413208699333
593,0.125,0.0033654413208699333
594,0.140625,0.0033654413208699333
595,0.15625,0.0033654413208699333
596,0.171875,0.0033654413208699333
597,0.1875,0.0033654413208699333
598,0.203125,0.0033654413208699333
599,0.21875,0.0033654413208699333
600,0.234375,0.0033654413208699333
601,0.25,0.0033654413208699333
602,0.265625,0.0033654413208699333
603,0.28125,0.0033654413208699333
604,0.296875,0.0033654413208699333
605,0.3125,0.0033654413208699333
606,0.328125,0.0033654413208699333
607,0.34375,0.0033654413208699333
608,0.359375,0.0033654413208699333
609,0.375,0.0033654413208699333
610,0.390625,0.0033654413208699333
611,0.40625,0.0033654413208699333
612,0.421875,0.0033654413208699333
613,0.4375,0.0033654413208699333
614,0.453125,0.0033654413208699333
615,0.46875,0.0033654413208699333
616,0.484375,0.0033654413208699333
617,0.5,0.0033654413208699333
618,0.515625,0.0033654413208699333
619,0.53125,0.0033654413208699333
620,0.546875,0.0033654413208699333
621,0.5625,0.0033654413208699333
622,0.578125,0.0033654413208699333
623,0.59375,0.0033654413208699333
624,0.609375,0.0033654413208699333
625,0.625,0.0033654413208699333
626,0.640625,0.0033654413208699333
627,0.65625,0.0033654413208699333
628,0.671875,0.0033654413208699333
629,0.6875,0.0033654413208699333
630,0.703125,0.0033654413208699333
631,0.71875,0.0033654413208699333
632,0.734375,0.0033654413208699333
633,0.75,0.0033654413208699333
634,0.765625,0.0033654413208699333
635,0.78125,0.0033654413208699333
636,0.796875,0.0033654413208699333
637,0.8125,0.0033654413208699333
638,0.828125,0.0033654413208699333
639,0.84375,0.0033654413208699333
640,0.859375,0.0033654413208699333
641,0.875,0.0033654413208699333
642,0.890625,0.0033654413208699333
643,0.90625,0.0033654413208699333
644,0.921875,0.0033654413208699333
645,0.9375,0.0033654413208699333
646,0.953125,0.0033654413208699333
647,0.96875,0.0033654413208699333
648,0.984375,0.0033654413208699333
649,1.0,0.0033654413208699333
650,0.0,0.003890906942203551
651,0.015625,0.003890906942203551
652,0.03125,0.003890906942203551
653,0.046875,0.003890906942203551
654,0.0625,0.003890906942203551
655,0.078125,0.003890906942203551
656,0.09375,0.003890906942203551
657,0.109375,0.003890906942203551
658,0.125,0.003890906942203551
659,0.140625,0.003890906942203551
660,0.15625,0.003890906942203551
661,0.171875,0.003890906942203551
662,0.1875,0.003890906942203551
663,0.203125,0.003890906942203551
664,0.21875,0.003890906942203551
665,0.234375,0.003890906942203551
666,0.25,0.003890906942203551
667,0.265625,0.003890906942203551
668,0.28125,0.003890906942203551
669,0.296875,0.003890906942203551
670,0.3125,0.003890906942203551
671,0.328125,0.003890906942203551
672,0.34375,0.003890906942203551
673,0.359375,0.003890906942203551
674,0.375,0.003890906942203551
675,0.390625,0.003890906942203551
676,0.40625,0.003890906942203551
677,0.421875,0.003890906942203551
678,0.4375,0.003890906942203551
679,0.453125,0.003890906942203551
680,0.46875,0.003890906942203551
681,0.484375,0.003890906942203551
682,0.5,0.003890906942203551
683,0.515625,0.003890906942203551
684,0.53125,0.003890906942203551
685,0.546875,0.003890906942203551
686,0.5625,0.003890906942203551
687,0.578125,0.003890906942203551
688,0.59375,0.003890906942203551
689,0.609375,0.003890906942203551
690,0.625,0.003890906942203551
691,0.640625,0.003890906942203551
692,0.65625,0.003890906942203551
693,0.671875,0.003890906942203551
694,0.6875,0.003890906942203551
695,0.703125,0.003890906942203551
696,0.71875,0.003890906942203551
697,0.734375,0.003890906942203551
698,0.75,0.003890906942203551
699,0.765625,0.003890906942203551
700,0.78125,0.003890906942203551
701,0.796875,0.003890906942203551
702,0.8125,0.003890906942203551
703,0.828125,0.003890906942203551
704,0.84375,0.003890906942203551
705,0.859375,0.003890906942203551
706,0.875,0.003890906942203551
707,0.890625,0.003890906942203551
708,0.90625,0.003890906942203551
709,0.921875,0.003890906942203551
710,0.9375,0.003890906942203551
711,0.953125,0.003890906942203551
712,0.96875,0.003890906942203551
713,0.984375,0.003890906942203551
714,1.0,0.003890906942203551
715,0.0,0.004455278789932938
716,0.015625,0.004455278789932938
717,0.03125,0.004455278789932938
718,0.046875,0.004455278789932938
719,0.0625,0.004455278789932938
720,0.078125,0.004455278789932938
721,0.09375,0.004455278789932938
722,0.109375,0.004455278789932938
723,0.125,0.004455278789932938
724,0.140625,0.004455278789932938
725,0.15625,0.004455278789932938
726,0.171875,0.004455278789932938
727,0.1875,0.004455278789932938
728,0.203125,0.004455278789932938
729,0.21875,0.004455278789932938
730,0.234375,0.004455278789932938
731,0.25,0.004455278789932938
732,0.265625,0.004455278789932938
733,0.28125,0.004455278789932938
734,0.296875,0.004455278789932938
735,0.3125,0.004455278789932938
736,0.328125,0.004455278789932938
737,0.34375,0.004455278789932938
738,0.359375,0.004455278789932938
739,0.375,0.004455278789932938
740,0.390625,0.004455278789932938
741,0.40625,0.004455278789932938
742,0.421875,0.004455278789932938
743,0.4375,0.004455278789932938
744,0.453125,0.004455278789932938
745,0.46875,0.004455278789932938
746,0.484375,0.004455278789932938
747,0.5,0.004455278789932938
748,0.515625,0.004455278789932938
749,0.53125,0.004455278789932938
750,0.546875,0.004455278789932938
751,0.5625,0.004455278789932938
752,0.578125,0.004455278789932938
753,0.59375,0.004455278789932938
754,0.609375,0.004455278789932938
755,0.625,0.004455278789932938
756,0.640625,0.004455278789932938
757,0.65625,0.004455278789932938
758,0.671875,0.004455278789932938
759,0.6875,0.004455278789932938
760,0.703125,0.004455278789932938
761,0.71875,0.004455278789932938
762,0.734375,0.004455278789932938
763,0.75,0.004455278789932938
764,0.765625,0.004455278789932938
765,0.78125,0.004455278789932938
766,0.796875,0.004455278789932938
767,0.8125,0.004455278789932938
768,0.828125,0.004455278789932938
769,0.84375,0.004455278789932938
770,0.859375,0.004455278789932938
771,0.875,0.004455278789932938
772,0.890625,0.004455278789932938
773,0.90625,0.004455278789932938
774,0.921875,0.004455278789932938
775,0.9375,0.004455278789932938
776,0.953125,0.004455278789932938
777,0.96875,0.004455278789932938
778,0.984375,0.004455278789932938
779,1.0,0.004455278789932938
780,0.0,0.005061437536724209
781,0.015625,0.005061437536724209
782,0.03125,0.005061437536724209
783,0.046875,0.005061437536724209
784,0.0625,0.005061437536724209
785,0.078125,0.005061437536724209
786,0.09375,0.005061437536724209
787,0.109375,0.005061437536724209
788,0.125,0.005061437536724209
789,0.140625,0.005061437536724209
790,0.15625,0.005061437536724209
791,0.171875,0.005061437536724209
792,0.1875,0.005061437536724209
793,0.203125,0.005061437536724209
794,0.21875,0.005061437536724209
795,0.234375,0.005061437536724209
796,0.25,0.005061437536724209
797,0.265625,0.005061437536724209
798,0.28125,0.005061437536724209
799,0.296875,0.005061437536724209
800,0.3125,0.005061437536724209
801,0.328125,0.005061437536724209
802,0.34375,0.005061437536724209
803,0.359375,0.005061437536724209
804,0.375,0.005061437536724209
805,0.390625,0.005061437536724209
806,0.40625,0.005061437536724209
807,0.421875,0.005061437536724209
808,0.4375,0.005061437536724209
809,0.453125,0.005061437536724209
810,0.46875,0.005061437536724209
811,0.484375,0.005061437536724209
812,0.5,0.005061437536724209
813,0.515625,0.005061437536724209
814,0.53125,0.005061437536724209
815,0.546875,0.005061437536724209
816,0.5625,0.005061437536724209
817,0.578125,0.005061437536724209
818,0.59375,0.005061437536724209
819,0.609375,0.005061437536724209
820,0.625,0.005061437536724209
821,0.640625,0.005061437536724209
822,0.65625,0.005061437536724209
823,0.671875,0.005061437536724209
824,0.6875,0.005061437536724209
825,0.703125,0.005061437536724209
826,0.71875,0.005061437536724209
827,0.734375,0.005061437536724209
828,0.75,0.005061437536724209
829,0.765625,0.005061437536724209
830,0.78125,0.005061437536724209
831,0.796875,0.005061437536724209
832,0.8125,0.005061437536724209
833,0.828125,0.005061437536724209
834,0.84375,0.005061437536724209
835,0.859375,0.005061437536724209
836,0.875,0.005061437536724209
837,0.890625,0.005061437536724209
838,0.90625,0.005061437536724209
839,0.921875,0.005061437536724209
840,0.9375,0.005061437536724209
841,0.953125,0.005061437536724209
842,0.96875,0.005061437536724209
843,0.984375,0.005061437536724209
844,1.0,0.005061437536724209
845,0.0,0.0057124771443691005
846,0.015625,0.0057124771443691005
847,0.03125,0.0057124771443691005
848,0.046875,0.0057124771443691005
849,0.0625,0.0057124771443691005
850,0.078125,0.0057124771443691005
851,0.09375,0.0057124771443691005
852,0.109375,0.0057124771443691005
853,0.125,0.0057124771443691005
854,0.140625,0.0057124771443691005
855,0.15625,0.0057124771443691005
856,0.171875,0.0057124771443691005
857,0.1875,0.0057124771443691005
858,0.203125,0.0057124771443691005
859,0.21875,0.0057124771443691005
860,0.234375,0.0057124771443691005
861,0.25,0.0057124771443691005
862,0.265625,0.0057124771443691005
863,0.28125,0.0057124771443691005
864,0.296875,0.0057124771443691005
865,0.3125,0.0057124771443691005
866,0.328125,0.0057124771443691005
867,0.34375,0.0057124771443691005
868,0.359375,0.0057124771443691005
869,0.375,0.0057124771443691005
870,0.390625,0.0057124771443691005
871,0.40625,0.0057124771443691005
872,0.421875,0.0057124771443691005
873,0.4375,0.0057124771443691005
874,0.453125,0.0057124771443691005
875,0.46875,0.0057124771443691005
876,0.484375,0.0057124771443691005
877,0.5,0.0057124771443691005
878,0.515625,0.0057124771443691005
879,0.53125,0.0057124771443691005
880,0.546875,0.0057124771443691005
881,0.5625,0.0057124771443691005
882,0.578125,0.0057124771443691005
883,0.59375,0.0057124771443691005
884,0.609375,0.0057124771443691005
885,0.625,0.0057124771443691005
886,0.640625,0.0057124771443691005
887,0.65625,0.0057124771443691005
888,0.671875,0.0057124771443691005
889,0.6875,0.0057124771443691005
890,0.703125,0.0057124771443691005
891,0.71875,0.0057124771443691005
892,0.734375,0.0057124771443691005
893,0.75,0.0057124771443691005
894,0.765625,0.0057124771443691005
895,0.78125,0.0057124771443691005
896,0.796875,0.0057124771443691005
897,0.8125,0.0057124771443691005
898,0.828125,0.0057124771443691005
899,0.84375,0.0057124771443691005
900,0.859375,0.0057124771443691005
901,0.875,0.0057124771443691005
902,0.890625,0.0057124771443691005
903,0.90625,0.0057124771443691005
904,0.921875,0.0057124771443691005
905,0.9375,0.0057124771443691005
906,0.953125,0.0057124771443691005
907,0.96875,0.0057124771443691005
908,0.984375,0.0057124771443691005
909,1.0,0.0057124771443691005
910,0.0,0.0064117206560169995
911,0.015625,0.0064117206560169995
912,0.03125,0.0064117206560169995
913,0.046875,0.0064117206560169995
914,0.0625,0.0064117206560169995
915,0.078125,0.0064117206560169995
916,0.09375,0.0064117206560169995
917,0.109375,0.0064117206560169995
918,0.125,0.0064117206560169995
919,0.140625,0.0064117206560169995
920,0.15625,0.0064117206560169995
921,0.171875,0.0064117206560169995
922,0.1875,0.0064117206560169995
923,0.203125,0.0064117206560169995
924,0.21875,0.0064117206560169995
925,0.234375,0.0064117206560169995
926,0.25,0.0064117206560169995
927,0.265625,0.0064117206560169995
928,0.28125,0.0064117206560169995
929,0.296875,0.0064117206560169995
930,0.3125,0.0064117206560169995
931,0.328125,0.0064117206560169995
932,0.34375,0.0064117206560169995
933,0.359375,0.0064117206560169995
934,0.375,0.0064117206560169995
935,0.390625,0.0064117206560169995
936,0.40625,0.0064117206560169995
937,0.421875,0.0064117206560169995
938,0.4375,0.0064117206560169995
939,0.453125,0.0064117206560169995
940,0.46875,0.0064117206560169995
941,0.484375,0.0064117206560169995
942,0.5,0.0064117206560169995
943,0.515625,0.0064117206560169995
944,0.53125,0.0064117206560169995
945,0.546875,0.0064117206560169995
946,0.5625,0.0064117206560169995
947,0.578125,0.0064117206560169995
948,0.59375,0.0064117206560169995
949,0.609375,0.0064117206560169995
950,0.625,0.0064117206560169995
951,0.640625,0.0064117206560169995
952,0.65625,0.0064117206560169995
953,0.671875,0.0064117206560169995
954,0.6875,0.0064117206560169995
955,0.703125,0.0064117206560169995
956,0.71875,0.0064117206560169995
957,0.734375,0.0064117206560169995
958,0.75,0.0064117206560169995
959,0.765625,0.0064117206560169995
960,0.78125,0.0064117206560169995
961,0.796875,0.0064117206560169995
962,0.8125,0.0064117206560169995
963,0.828125,0.0064117206560169995
964,0.84375,0.0064117206560169995
965,0.859375,0.0064117206560169995
966,0.875,0.0064117206560169995
967,0.890625,0.0064117206560169995
968,0.90625,0.0064117206560169995
969,0.921875,0.0064117206560169995
970,0.9375,0.0064117206560169995
971,0.953125,0.0064117206560169995
972,0.96875,0.0064117206560169995
973,0.984375,0.0064117206560169995
974,1.0,0.0064117206560169995
975,0.0,0.0071627371576863915
976,0.015625,0.0071627371576863915
977,0.03125,0.0071627371576863915
978,0.046875,0.0071627371576863915
979,0.0625,0.0071627371576863915
980,0.078125,0.0071627371576863915
981,0.09375,0.0071627371576863915
982,0.109375,0.0071627371576863915
983,0.125,0.0071627371576863915
984,0.140625,0.0071627371576863915
985,0.15625,0.0071627371576863915
986,0.171875,0.0071627371576863915
987,0.1875,0.0071627371576863915
988,0.203125,0.0071627371576863915
989,0.21875,0.0071627371576863915
990,0.234375,0.0071627371576863915
991,0.25,0.0071627371576863915
992,0.265625,0.0071627371576863915
993,0.28125,0.0071627371576863915
994,0.296875,0.0071627371576863915
995,0.3125,0.0071627371576863915
996,0.328125,0.0071627371576863915
997,0.34375,0.0071627371576863915
998,0.359375,0.0071627371576863915
999,0.375,0.0071627371576863915
1000,0.390625,0.0071627371576863915
1001,0.40625,0.0071627371576863915
1002,0.421875,0.0071627371576863915
1003,0.4375,0.0071627371576863915
1004,0.453125,0.0071627371576863915
1005,0.46875,0.0071627371576863915
1006,0.484375,0.0071627371576863915
1007,0.5,0.0071627371576863915
1008,0.515625,0.0071627371576863915
1009,0.53125,0.0071627371576863915
1010,0.546875,0.0071627371576863915
1011,0.5625,0.0071627371576863915
1012,0.578125,0.0071627371576863915
1013,0.59375,0.0071627371576863915
1014,0.609375,0.0071627371576863915
1015,0.625,0.0071627371576863915
1016,0.640625,0.0071627371576863915
1017,0.65625,0.0071627371576863915
1018,0.671875,0.0071627371576863915
1019,0.6875,0.0071627371576863915
1020,0.703125,0.0071627371576863915
1021,0.71875,0.0071627371576863915
1022,0.734375,0.0071627371576863915
1023,0.75,0.0071627371576863915
1024,0.765625,0.0071627371576863915
1025,0.78125,0.0071627371576863915
1026,0.796875,0.0071627371576863915
1027,0.8125,0.0071627371576863915
1028,0.828125,0.0071627371576863915
1029,0.84375,0.0071627371576863915
1030,0.859375,0.0071627371576863915
1031,0.875,0.0071627371576863915
1032,0.890625,0.0071627371576863915
1033,0.90625,0.0071627371576863915
1034,0.921875,0.0071627371576863915
1035,0.9375,0.0071627371576863915
1036,0.953125,0.0071627371576863915
1037,0.96875,0.0071627371576863915
1038,0.984375,0.0071627371576863915
1039,1.0,0.0071627371576863915
1040,0.0,0.007969359995630934
1041,0.015625,0.007969359995630934
1042,0.03125,0.007969359995630934
1043,0.046875,0.007969359995630934
1044,0.0625,0.007969359995630934
1045,0.078125,0.007969359995630934
1046,0.09375,0.007969359995630934
1047,0.109375,0.007969359995630934
1048,0.125,0.007969359995630934
1049,0.140625,0.007969359995630934
1050,0.15625,0.007969359995630934
1051,0.171875,0.007969359995630934
1052,0.1875,0.007969359995630934
1053,0.203125,0.007969359995630934
1054,0.21875,0.007969359995630934
1055,0.234375,0.007969359995630934
1056,0.25,0.007969359995630934
1057,0.265625,0.007969359995630934
1058,0.28125,0.007969359995630934
1059,0.296875,0.007969359995630934
1060,0.3125,0.007969359995630934
1061,0.328125,0.007969359995630934
1062,0.34375,0.007969359995630934
1063,0.359375,0.007969359995630934
1064,0.375,0.007969359995630934
1065,0.390625,0.007969359995630934
1066,0.40625,0.007969359995630934
1067,0.421875,0.007969359995630934
1068,0.4375,0.007969359995630934
1069,0.453125,0.007969359995630934
1070,0.46875,0.007969359995630934
1071,0.484375,0.007969359995630934
1072,0.5,0.007969359995630934
1073,0.515625,0.007969359995630934
1074,0.53125,0.007969359995630934
1075,0.546875,0.007969359995630934
1076,0.5625,0.007969359995630934
1077,0.578125,0.007969359995630934
1078,0.59375,0.007969359995630934
1079,0.609375,0.007969359995630934
1080,0.625,0.007969359995630934
1081,0.640625,0.007969359995630934
1082,0.65625,0.007969359995630934
1083,0.671875,0.007969359995630934
1084,0.6875,0.007969359995630934
1085,0.703125,0.007969359995630934
1086,0.71875,0.007969359995630934
1087,0.734375,0.007969359995630934
1088,0.75,0.007969359995630934
1089,0.765625,0.007969359995630934
1090,0.78125,0.007969359995630934
1091,0.796875,0.007969359995630934
1092,0.8125,0.007969359995630934
1093,0.828125,0.007969359995630934
1094,0.84375,0.007969359995630934
1095,0.859375,0.007969359995630934
1096,0.875,0.007969359995630934
1097,0.890625,0.007969359995630934
1098,0.90625,0.007969359995630934
1099,0.921875,0.007969359995630934
1100,0.9375,0.007969359995630934
1101,0.953125,0.007969359995630934
1102,0.96875,0.007969359995630934
1103,0.984375,0.007969359995630934
1104,1.0,0.007969359995630934
1105,0.0,0.00883570634254533
1106,0.015625,0.00883570634254533
1107,0.03125,0.00883570634254533
1108,0.046875,0.00883570634254533
1109,0.0625,0.00883570634254533
1110,0.078125,0.00883570634254533
1111,0.09375,0.00883570634254533
1112,0.109375,0.00883570634254533
1113,0.125,0.00883570634254533
1114,0.140625,0.00883570634254533
1115,0.15625,0.00883570634254533
1116,0.171875,0.00883570634254533
1117,0.1875,0.00883570634254533
1118,0.203125,0.00883570634254533
1119,0.21875,0.00883570634254533
1120,0.234375,0.00883570634254533
1121,0.25,0.00883570634254533
1122,0.265625,0.00883570634254533
1123,0.28125,0.00883570634254533
1124,0.296875,0.00883570634254533
1125,0.3125,0.00883570634254533
1126,0.328125,0.00883570634254533
1127,0.34375,0.00883570634254533
1128,0.359375,0.00883570634254533
1129,0.375,0.00883570634254533
1130,0.390625,0.00883570634254533
1131,0.40625,0.00883570634254533
1132,0.421875,0.00883570634254533
1133,0.4375,0.00883570634254533
1134,0.453125,0.00883570634254533
1135,0.46875,0.00883570634254533
1136,0.484375,0.00883570634254533
1137,0.5,0.00883570634254533
1138,0.515625,0.00883570634254533
1139,0.53125,0.00883570634254533
1140,0.546875,0.00883570634254533
1141,0.5625,0.00883570634254533
1142,0.578125,0.00883570634254533
1143,0.59375,0.00883570634254533
1144,0.609375,0.00883570634254533
1145,0.625,0.00883570634254533
1146,0.640625,0.00883570634254533
1147,0.65625,0.00883570634254533
1148,0.671875,0.00883570634254533
1149,0.6875,0.00883570634254533
1150,0.703125,0.00883570634254533
1151,0.71875,0.00883570634254533
1152,0.734375,0.00883570634254533
1153,0.75,0.00883570634254533
1154,0.765625,0.00883570634254533
1155,0.78125,0.00883570634254533
1156,0.796875,0.00883570634254533
1157,0.8125,0.00883570634254533
1158,0.828125,0.00883570634254533
1159,0.84375,0.00883570634254533
1160,0.859375,0.00883570634254533
1161,0.875,0.00883570634254533
1162,0.890625,0.00883570634254533
1163,0.90625,0.00883570634254533
1164,0.921875,0.00883570634254533
1165,0.9375,0.00883570634254533
1166,0.953125,0.00883570634254533
1167,0.96875,0.00883570634254533
1168,0.984375,0.00883570634254533
1169,1.0,0.00883570634254533
1170,0.0,0.009766198212481104
1171,0.015625,0.009766198212481104
1172,0.03125,0.009766198212481104
1173,0.046875,0.009766198212481104
1174,0.0625,0.009766198212481104
1175,0.078125,0.009766198212481104
1176,0.09375,0.009766198212481104
1177,0.109375,0.009766198212481104
1178,0.125,0.009766198212481104
1179,0.140625,0.009766198212481104
1180,0.15625,0.009766198212481104
1181,0.171875,0.009766198212481104
1182,0.1875,0.009766198212481104
1183,0.203125,0.009766198212481104
1184,0.21875,0.009766198212481104
1185,0.234375,0.009766198212481104
1186,0.25,0.009766198212481104
1187,0.265625,0.009766198212481104
1188,0.28125,0.009766198212481104
1189,0.296875,0.009766198212481104
1190,0.3125,0.009766198212481104
1191,0.328125,0.009766198212481104
1192,0.34375,0.009766198212481104
1193,0.359375,0.009766198212481104
1194,0.375,0.009766198212481104
1195,0.390625,0.009766198212481104
1196,0.40625,0.009766198212481104
1197,0.421875,0.009766198212481104
1198,0.4375,0.009766198212481104
1199,0.453125,0.009766198212481104
1200,0.46875,0.009766198212481104
1201,0.484375,0.009766198212481104
1202,0.5,0.009766198212481104
1203,0.515625,0.009766198212481104
1204,0.53125,0.009766198212481104
1205,0.546875,0.009766198212481104
1206,0.5625,0.009766198212481104
1207,0.578125,0.009766198212481104
1208,0.59375,0.009766198212481104
1209,0.609375,0.009766198212481104
1210,0.625,0.009766198212481104
1211,0.640625,0.009766198212481104
1212,0.65625,0.009766198212481104
1213,0.671875,0.009766198212481104
1214,0.6875,0.009766198212481104
1215,0.703125,0.009766198212481104
1216,0.71875,0.009766198212481104
1217,0.734375,0.009766198212481104
1218,0.75,0.009766198212481104
1219,0.765625,0.009766198212481104
1220,0.78125,0.009766198212481104
1221,0.796875,0.009766198212481104
1222,0.8125,0.009766198212481104
1223,0.828125,0.009766198212481104
1224,0.84375,0.009766198212481104
1225,0.859375,0.009766198212481104
1226,0.875,0.009766198212481104
1227,0.890625,0.009766198212481104
1228,0.90625,0.009766198212481104
1229,0.921875,0.009766198212481104
1230,0.9375,0.009766198212481104
1231,0.953125,0.009766198212481104
1232,0.96875,0.009766198212481104
1233,0.984375,0.009766198212481104
1234,1.0,0.009766198212481104
1235,0.0,0.010765585031736804
1236,0.015625,0.010765585031736804
1237,0.03125,0.010765585031736804
1238,0.046875,0.010765585031736804
1239,0.0625,0.010765585031736804
1240,0.078125,0.010765585031736804
1241,0.09375,0.010765585031736804
1242,0.109375,0.010765585031736804
1243,0.125,0.010765585031736804
1244,0.140625,0.010765585031736804
1245,0.15625,0.010765585031736804
1246,0.171875,0.010765585031736804
1247,0.1875,0.010765585031736804
1248,0.203125,0.010765585031736804
1249,0.21875,0.010765585031736804
1250,0.234375,0.010765585031736804
1251,0.25,0.010765585031736804
1252,0.265625,0.010765585031736804
1253,0.28125,0.010765585031736804
1254,0.296875,0.010765585031736804
1255,0.3125,0.010765585031736804
1256,0.328125,0.010765585031736804
1257,0.34375,0.010765585031736804
1258,0.359375,0.010765585031736804
1259,0.375,0.010765585031736804
1260,0.390625,0.010765585031736804
1261,0.40625,0.010765585031736804
1262,0.421875,0.010765585031736804
1263,0.4375,0.010765585031736804
1264,0.453125,0.010765585031736804
1265,0.46875,0.010765585031736804
1266,0.484375,0.010765585031736804
1267,0.5,0.010765585031736804
1268,0.515625,0.010765585031736804
1269,0.53125,0.010765585031736804
1270,0.546875,0.010765585031736804
1271,0.5625,0.010765585031736804
1272,0.578125,0.010765585031736804
1273,0.59375,0.010765585031736804
1274,0.609375,0.010765585031736804
1275,0.625,0.010765585031736804
1276,0.640625,0.010765585031736804
1277,0.65625,0.010765585031736804
1278,0.671875,0.010765585031736804
1279,0.6875,0.010765585031736804
1280,0.703125,0.010765585031736804
1281,0.71875,0.010765585031736804
1282,0.734375,0.010765585031736804
1283,0.75,0.010765585031736804
1284,0.765625,0.010765585031736804
1285,0.78125,0.010765585031736804
1286,0.796875,0.010765585031736804
1287,0.8125,0.010765585031736804
1288,0.828125,0.010765585031736804
1289,0.84375,0.010765585031736804
1290,0.859375,0.010765585031736804
1291,0.875,0.010765585031736804
1292,0.890625,0.010765585031736804
1293,0.90625,0.010765585031736804
1294,0.921875,0.010765585031736804
1295,0.9375,0.010765585031736804
1296,0.953125,0.010765585031736804
1297,0.96875,0.010765585031736804
1298,0.984375,0.010765585031736804
1299,1.0,0.010765585031736804
1300,0.0,0.011838967880929203
1301,0.015625,0.011838967880929203
1302,0.03125,0.011838967880929203
1303,0.046875,0.011838967880929203
1304,0.0625,0.011838967880929203
1305,0.078125,0.011838967880929203
1306,0.09375,0.011838967880929203
1307,0.109375,0.011838967880929203
1308,0.125,0.011838967880929203
1309,0.140625,0.011838967880929203
1310,0.15625,0.011838967880929203
1311,0.171875,0.011838967880929203
1312,0.1875,0.011838967880929203
1313,0.203125,0.011838967880929203
1314,0.21875,0.011838967880929203
1315,0.234375,0.011838967880929203
1316,0.25,0.011838967880929203
1317,0.265625,0.011838967880929203
1318,0.28125,0.011838967880929203
1319,0.296875,0.011838967880929203
1320,0.3125,0.011838967880929203
1321,0.328125,0.011838967880929203
1322,0.34375,0.011838967880929203
1323,0.359375,0.011838967880929203
1324,0.375,0.011838967880929203
1325,0.390625,0.011838967880929203
1326,0.40625,0.011838967880929203
1327,0.421875,0.011838967880929203
1328,0.4375,0.011838967880929203
1329,0.453125,0.011838967880929203
1330,0.46875,0.011838967880929203
1331,0.484375,0.011838967880929203
1332,0.5,0.011838967880929203
1333,0.515625,0.011838967880929203
1334,0.53125,0.011838967880929203
1335,0.546875,0.011838967880929203
1336,0.5625,0.011838967880929203
1337,0.578125,0.011838967880929203
1338,0.59375,0.011838967880929203
1339,0.609375,0.011838967880929203
1340,0.625,0.011838967880929203
1341,0.640625,0.011838967880929203
1342,0.65625,0.011838967880929203
1343,0.671875,0.011838967880929203
1344,0.6875,0.011838967880929203
1345,0.703125,0.011838967880929203
1346,0.71875,0.011838967880929203
1347,0.734375,0.011838967880929203
1348,0.75,0.011838967880929203
1349,0.765625,0.011838967880929203
1350,0.78125,0.011838967880929203
1351,0.796875,0.011838967880929203
1352,0.8125,0.011838967880929203
1353,0.828125,0.011838967880929203
1354,0.84375,0.011838967880929203
1355,0.859375,0.011838967880929203
1356,0.875,0.011838967880929203
1357,0.890625,0.011838967880929203
1358,0.90625,0.011838967880929203
1359,0.921875,0.011838967880929203
1360,0.9375,0.011838967880929203
1361,0.953125,0.011838967880929203
1362,0.96875,0.011838967880929203
1363,0.984375,0.011838967880929203
1364,1.0,0.011838967880929203
1365,0.0,0.012991825531982146
1366,0.015625,0.012991825531982146
1367,0.03125,0.012991825531982146
1368,0.046875,0.012991825531982146
1369,0.0625,0.012991825531982146
1370,0.078125,0.012991825531982146
1371,0.09375,0.012991825531982146
1372,0.109375,0.012991825531982146
1373,0.125,0.012991825531982146
1374,0.140625,0.012991825531982146
1375,0.15625,0.012991825531982146
1376,0.171875,0.012991825531982146
1377,0.1875,0.012991825531982146
1378,0.203125,0.012991825531982146
1379,0.21875,0.012991825531982146
1380,0.234375,0.012991825531982146
1381,0.25,0.012991825531982146
1382,0.265625,0.012991825531982146
1383,0.28125,0.012991825531982146
1384,0.296875,0.012991825531982146
1385,0.3125,0.012991825531982146
1386,0.328125,0.012991825531982146
1387,0.34375,0.012991825531982146
1388,0.359375,0.012991825531982146
1389,0.375,0.012991825531982146
1390,0.390625,0.012991825531982146
1391,0.40625,0.012991825531982146
1392,0.421875,0.012991825531982146
1393,0.4375,0.012991825531982146
1394,0.453125,0.012991825531982146
1395,0.46875,0.012991825531982146
1396,0.484375,0.012991825531982146
1397,0.5,0.012991825531982146
1398,0.515625,0.012991825531982146
1399,0.53125,0.012991825531982146
1400,0.546875,0.012991825531982146
1401,0.5625,0.012991825531982146
1402,0.578125,0.012991825531982146
1403,0.59375,0.012991825531982146
1404,0.609375,0.012991825531982146
1405,0.625,0.012991825531982146
1406,0.640625,0.012991825531982146
1407,0.65625,0.012991825531982146
1408,0.671875,0.012991825531982146
1409,0.6875,0.012991825531982146
1410,0.703125,0.012991825531982146
1411,0.71875,0.012991825531982146
1412,0.734375,0.012991825531982146
1413,0.75,0.012991825531982146
1414,0.765625,0.012991825531982146
1415,0.78125,0.012991825531982146
1416,0.796875,0.012991825531982146
1417,0.8125,0.012991825531982146
1418,0.828125,0.012991825531982146
1419,0.84375,0.012991825531982146
1420,0.859375,0.012991825531982146
1421,0.875,0.012991825531982146
1422,0.890625,0.012991825531982146
1423,0.90625,0.012991825531982146
1424,0.921875,0.012991825531982146
1425,0.9375,0.012991825531982146
1426,0.953125,0.012991825531982146
1427,0.96875,0.012991825531982146
1428,0.984375,0.012991825531982146
1429,1.0,0.012991825531982146
1430,0.0,0.014230042412931274
1431,0.015625,0.014230042412931274
1432,0.03125,0.014230042412931274
1433,0.046875,0.014230042412931274
1434,0.0625,0.014230042412931274
1435,0.078125,0.014230042412931274
1436,0.09375,0.014230042412931274
1437,0.109375,0.014230042412931274
1438,0.125,0.014230042412931274
1439,0.140625,0.014230042412931274
1440,0.15625,0.014230042412931274
1441,0.171875,0.014230042412931274
1442,0.1875,0.014230042412931274
1443,0.203125,0.014230042412931274
1444,0.21875,0.014230042412931274
1445,0.234375,0.014230042412931274
1446,0.25,0.014230042412931274
1447,0.265625,0.014230042412931274
1448,0.28125,0.014230042412931274
1449,0.296875,0.014230042412931274
1450,0.3125,0.014230042412931274
1451,0.328125,0.014230042412931274
1452,0.34375,0.014230042412931274
1453,0.359375,0.014230042412931274
1454,0.375,0.014230042412931274
1455,0.390625,0.014230042412931274
1456,0.40625,0.014230042412931274
1457,0.421875,0.014230042412931274
1458,0.4375,0.014230042412931274
1459,0.453125,0.014230042412931274
1460,0.46875,0.014230042412931274
1461,0.484375,0.014230042412931274
1462,0.5,0.014230042412931274
1463,0.515625,0.014230042412931274
1464,0.53125,0.014230042412931274
1465,0.546875,0.014230042412931274
1466,0.5625,0.014230042412931274
1467,0.578125,0.014230042412931274
1468,0.59375,0.014230042412931274
1469,0.609375,0.014230042412931274
1470,0.625,0.014230042412931274
1471,0.640625,0.014230042412931274
1472,0.65625,0.014230042412931274
1473,0.671875,0.014230042412931274
1474,0.6875,0.014230042412931274
1475,0.703125,0.014230042412931274
1476,0.71875,0.014230042412931274
1477,0.734375,0.014230042412931274
1478,0.75,0.014230042412931274
1479,0.765625,0.014230042412931274
1480,0.78125,0.014230042412931274
1481,0.796875,0.014230042412931274
1482,0.8125,0.014230042412931274
1483,0.828125,0.014230042412931274
1484,0.84375,0.014230042412931274
1485,0.859375,0.014230042412931274
1486,0.875,0.014230042412931274
1487,0.890625,0.014230042412931274
1488,0.90625,0.014230042412931274
1489,0.921875,0.014230042412931274
1490,0.9375,0.014230042412931274
1491,0.953125,0.014230042412931274
1492,0.96875,0.014230042412931274
1493,0.984375,0.014230042412931274
1494,1.0,0.014230042412931274
1495,0.0,0.015559938643282943
1496,0.015625,0.015559938643282943
1497,0.03125,0.015559938643282943
1498,0.046875,0.015559938643282943
1499,0.0625,0.015559938643282943
1500,0.078125,0.015559938643282943
1501,0.09375,0.015559938643282943
1502,0.109375,0.015559938643282943
1503,0.125,0.015559938643282943
1504,0.140625,0.015559938643282943
1505,0.15625,0.015559938643282943
1506,0.171875,0.015559938643282943
1507,0.1875,0.015559938643282943
1508,0.203125,0.015559938643282943
1509,0.21875,0.015559938643282943
1510,0.234375,0.015559938643282943
1511,0.25,0.015559938643282943
1512,0.265625,0.015559938643282943
1513,0.28125,0.015559938643282943
1514,0.296875,0.015559938643282943
1515,0.3125,0.015559938643282943
1516,0.328125,0.015559938643282943
1517,0.34375,0.015559938643282943
1518,0.359375,0.015559938643282943
1519,0.375,0.015559938643282943
1520,0.390625,0.015559938643282943
1521,0.40625,0.015559938643282943
1522,0.421875,0.015559938643282943
1523,0.4375,0.015559938643282943
1524,0.453125,0.015559938643282943
1525,0.46875,0.015559938643282943
1526,0.484375,0.015559938643282943
1527,0.5,0.015559938643282943
1528,0.515625,0.015559938643282943
1529,0.53125,0.015559938643282943
1530,0.546875,0.015559938643282943
1531,0.5625,0.015559938643282943
1532,0.578125,0.015559938643282943
1533,0.59375,0.015559938643282943
1534,0.609375,0.015559938643282943
1535,0.625,0.015559938643282943
1536,0.640625,0.015559938643282943
1537,0.65625,0.015559938643282943
1538,0.671875,0.015559938643282943
1539,0.6875,0.015559938643282943
1540,0.703125,0.015559938643282943
1541,0.71875,0.015559938643282943
1542,0.734375,0.015559938643282943
1543,0.75,0.015559938643282943
1544,0.765625,0.015559938643282943
1545,0.78125,0.015559938643282943
1546,0.796875,0.015559938643282943
1547,0.8125,0.015559938643282943
1548,0.828125,0.015559938643282943
1549,0.84375,0.015559938643282943
1550,0.859375,0.015559938643282943
1551,0.875,0.015559938643282943
1552,0.890625,0.015559938643282943
1553,0.90625,0.015559938643282943
1554,0.921875,0.015559938643282943
1555,0.9375,0.015559938643282943
1556,0.953125,0.015559938643282943
1557,0.96875,0.015559938643282943
1558,0.984375,0.015559938643282943
1559,1.0,0.015559938643282943
1560,0.0,0.01698830229323406
1561,0.015625,0.01698830229323406
1562,0.03125,0.01698830229323406
1563,0.046875,0.01698830229323406
1564,0.0625,0.01698830229323406
1565,0.078125,0.01698830229323406
1566,0.09375,0.01698830229323406
1567,0.109375,0.01698830229323406
1568,0.125,0.01698830229323406
1569,0.140625,0.01698830229323406
1570,0.15625,0.01698830229323406
1571,0.171875,0.01698830229323406
1572,0.1875,0.01698830229323406
1573,0.203125,0.01698830229323406
1574,0.21875,0.01698830229323406
1575,0.234375,0.01698830229323406
1576,0.25,0.01698830229323406
1577,0.265625,0.01698830229323406
1578,0.28125,0.01698830229323406
1579,0.296875,0.01698830229323406
1580,0.3125,0.01698830229323406
1581,0.328125,0.01698830229323406
1582,0.34375,0.01698830229323406
1583,0.359375,0.01698830229323406
1584,0.375,0.01698830229323406
1585,0.390625,0.01698830229323406
1586,0.40625,0.01698830229323406
1587,0.421875,0.01698830229323406
1588,0.4375,0.01698830229323406
1589,0.453125,0.01698830229323406
1590,0.46875,0.01698830229323406
1591,0.484375,0.01698830229323406
1592,0.5,0.01698830229323406
1593,0.515625,0.01698830229323406
1594,0.53125,0.01698830229323406
1595,0.546875,0.01698830229323406
1596,0.5625,0.01698830229323406
1597,0.578125,0.01698830229323406
1598,0.59375,0.01698830229323406
1599,0.609375,0.01698830229323406
1600,0.625,0.01698830229323406
1601,0.640625,0.01698830229323406
1602,0.65625,0.01698830229323406
1603,0.671875,0.01698830229323406
1604,0.6875,0.01698830229323406
1605,0.703125,0.01698830229323406
1606,0.71875,0.01698830229323406
1607,0.734375,0.01698830229323406
1608,0.75,0.01698830229323406
1609,0.765625,0.01698830229323406
1610,0.78125,0.01698830229323406
1611,0.796875,0.01698830229323406
1612,0.8125,0.01698830229323406
1613,0.828125,0.01698830229323406
1614,0.84375,0.01698830229323406
1615,0.859375,0.01698830229323406
1616,0.875,0.01698830229323406
1617,0.890625,0.01698830229323406
1618,0.90625,0.01698830229323406
1619,0.921875,0.01698830229323406
1620,0.9375,0.01698830229323406
1621,0.953125,0.01698830229323406
1622,0.96875,0.01698830229323406
1623,0.984375,0.01698830229323406
1624,1.0,0.01698830229323406
1625,0.0,0.018522424031410703
1626,0.015625,0.018522424031410703
1627,0.03125,0.018522424031410703
1628,0.046875,0.018522424031410703
1629,0.0625,0.018522424031410703
1630,0.078125,0.018522424031410703
1631,0.09375,0.018522424031410703
1632,0.109375,0.018522424031410703
1633,0.125,0.018522424031410703
1634,0.140625,0.018522424031410703
1635,0.15625,0.018522424031410703
1636,0.171875,0.018522424031410703
1637,0.1875,0.018522424031410703
1638,0.203125,0.018522424031410703
1639,0.21875,0.018522424031410703
1640,0.234375,0.018522424031410703
1641,0.25,0.018522424031410703
1642,0.265625,0.018522424031410703
1643,0.28125,0.018522424031410703
1644,0.296875,0.018522424031410703
1645,0.3125,0.018522424031410703
1646,0.328125,0.018522424031410703
1647,0.34375,0.018522424031410703
1648,0.359375,0.018522424031410703
1649,0.375,0.018522424031410703
1650,0.390625,0.018522424031410703
1651,0.40625,0.018522424031410703
1652,0.421875,0.018522424031410703
1653,0.4375,0.018522424031410703
1654,0.453125,0.018522424031410703
1655,0.46875,0.018522424031410703
1656,0.484375,0.018522424031410703
1657,0.5,0.018522424031410703
1658,0.515625,0.018522424031410703
1659,0.53125,0.018522424031410703
1660,0.546875,0.018522424031410703
1661,0.5625,0.018522424031410703
1662,0.578125,0.018522424031410703
1663,0.59375,0.018522424031410703
1664,0.609375,0.018522424031410703
1665,0.625,0.018522424031410703
1666,0.640625,0.018522424031410703
1667,0.65625,0.018522424031410703
1668,0.671875,0.018522424031410703
1669,0.6875,0.018522424031410703
1670,0.703125,0.018522424031410703
1671,0.71875,0.018522424031410703
1672,0.734375,0.018522424031410703
1673,0.75,0.018522424031410703
1674,0.765625,0.018522424031410703
1675,0.78125,0.018522424031410703
1676,0.796875,0.018522424031410703
1677,0.8125,0.018522424031410703
1678,0.828125,0.018522424031410703
1679,0.84375,0.018522424031410703
1680,0.859375,0.018522424031410703
1681,0.875,0.018522424031410703
1682,0.890625,0.018522424031410703
1683,0.90625,0.018522424031410703
1684,0.921875,0.018522424031410703
1685,0.9375,0.018522424031410703
1686,0.953125,0.018522424031410703
1687,0.96875,0.018522424031410703
1688,0.984375,0.018522424031410703
1689,1.0,0.018522424031410703
1690,0.0,0.020170134337974925
1691,0.015625,0.020170134337974925
1692,0.03125,0.020170134337974925
1693,0.046875,0.020170134337974925
1694,0.0625,0.020170134337974925
1695,0.078125,0.020170134337974925
1696,0.09375,0.020170134337974925
1697,0.109375,0.020170134337974925
1698,0.125,0.020170134337974925
1699,0.140625,0.020170134337974925
1700,0.15625,0.020170134337974925
1701,0.171875,0.020170134337974925
1702,0.1875,0.020170134337974925
1703,0.203125,0.020170134337974925
1704,0.21875,0.020170134337974925
1705,0.234375,0.020170134337974925
1706,0.25,0.020170134337974925
1707,0.265625,0.020170134337974925
1708,0.28125,0.020170134337974925
1709,0.296875,0.020170134337974925
1710,0.3125,0.020170134337974925
1711,0.328125,0.020170134337974925
1712,0.34375,0.020170134337974925
1713,0.359375,0.020170134337974925
1714,0.375,0.020170134337974925
1715,0.390625,0.020170134337974925
1716,0.40625,0.020170134337974925
1717,0.421875,0.020170134337974925
1718,0.4375,0.020170134337974925
1719,0.453125,0.020170134337974925
1720,0.46875,0.020170134337974925
1721,0.484375,0.020170134337974925
1722,0.5,0.020170134337974925
1723,0.515625,0.020170134337974925
1724,0.53125,0.020170134337974925
1725,0.546875,0.020170134337974925
1726,0.5625,0.020170134337974925
1727,0.578125,0.020170134337974925
1728,0.59375,0.020170134337974925
1729,0.609375,0.020170134337974925
1730,0.625,0.020170134337974925
1731,0.640625,0.020170134337974925
1732,0.65625,0.020170134337974925
1733,0.671875,0.020170134337974925
1734,0.6875,0.020170134337974925
1735,0.703125,0.020170134337974925
1736,0.71875,0.020170134337974925
1737,0.734375,0.020170134337974925
1738,0.75,0.020170134337974925
1739,0.765625,0.020170134337974925
1740,0.78125,0.020170134337974925
1741,0.796875,0.020170134337974925
1742,0.8125,0.020170134337974925
1743,0.828125,0.020170134337974925
1744,0.84375,0.020170134337974925
1745,0.859375,0.020170134337974925
1746,0.875,0.020170134337974925
1747,0.890625,0.020170134337974925
1748,0.90625,0.020170134337974925
1749,0.921875,0.020170134337974925
1750,0.9375,0.020170134337974925
1751,0.953125,0.020170134337974925
1752,0.96875,0.020170134337974925
1753,0.984375,0.020170134337974925
1754,1.0,0.020170134337974925
1755,0.0,0.02193984347304314
1756,0.015625,0.02193984347304314
1757,0.03125,0.02193984347304314
1758,0.046875,0.02193984347304314
1759,0.0625,0.02193984347304314
1760,0.078125,0.02193984347304314
1761,0.09375,0.02193984347304314
1762,0.109375,0.02193984347304314
1763,0.125,0.02193984347304314
1764,0.140625,0.02193984347304314
1765,0.15625,0.02193984347304314
1766,0.171875,0.02193984347304314
1767,0.1875,0.02193984347304314
1768,0.203125,0.02193984347304314
1769,0.21875,0.02193984347304314
1770,0.234375,0.02193984347304314
1771,0.25,0.02193984347304314
1772,0.265625,0.02193984347304314
1773,0.28125,0.02193984347304314
1774,0.296875,0.02193984347304314
1775,0.3125,0.02193984347304314
1776,0.328125,0.02193984347304314
1777,0.34375,0.02193984347304314
1778,0.359375,0.02193984347304314
1779,0.375,0.02193984347304314
1780,0.390625,0.02193984347304314
1781,0.40625,0.02193984347304314
1782,0.421875,0.02193984347304314
1783,0.4375,0.02193984347304314
1784,0.453125,0.02193984347304314
1785,0.46875,0.02193984347304314
1786,0.484375,0.02193984347304314
1787,0.5,0.02193984347304314
1788,0.515625,0.02193984347304314
1789,0.53125,0.02193984347304314
1790,0.546875,0.02193984347304314
1791,0.5625,0.02193984347304314
1792,0.578125,0.02193984347304314
1793,0.59375,0.02193984347304314
1794,0.609375,0.02193984347304314
1795,0.625,0.02193984347304314
1796,0.640625,0.02193984347304314
1797,0.65625,0.02193984347304314
1798,0.671875,0.02193984347304314
1799,0.6875,0.02193984347304314
1800,0.703125,0.02193984347304314
1801,0.71875,0.02193984347304314
1802,0.734375,0.02193984347304314
1803,0.75,0.02193984347304314
1804,0.765625,0.02193984347304314
1805,0.78125,0.02193984347304314
1806,0.796875,0.02193984347304314
1807,0.8125,0.02193984347304314
1808,0.828125,0.02193984347304314
1809,0.84375,0.02193984347304314
1810,0.859375,0.02193984347304314
1811,0.875,0.02193984347304314
1812,0.890625,0.02193984347304314
1813,0.90625,0.02193984347304314
1814,0.921875,0.02193984347304314
1815,0.9375,0.02193984347304314
1816,0.953125,0.02193984347304314
1817,0.96875,0.02193984347304314
1818,0.984375,0.02193984347304314
1819,1.0,0.02193984347304314
1820,0.0,0.023840584404423514
1821,0.015625,0.023840584404423514
1822,0.03125,0.023840584404423514
1823,0.046875,0.023840584404423514
1824,0.0625,0.023840584404423514
1825,0.078125,0.023840584404423514
1826,0.09375,0.023840584404423514
1827,0.109375,0.023840584404423514
1828,0.125,0.023840584404423514
1829,0.140625,0.023840584404423514
1830,0.15625,0.023840584404423514
1831,0.171875,0.023840584404423514
1832,0.1875,0.023840584404423514
1833,0.203125,0.023840584404423514
1834,0.21875,0.023840584404423514
1835,0.234375,0.023840584404423514
1836,0.25,0.023840584404423514
1837,0.265625,0.023840584404423514
1838,0.28125,0.023840584404423514
1839,0.296875,0.023840584404423514
1840,0.3125,0.023840584404423514
1841,0.328125,0.023840584404423514
1842,0.34375,0.023840584404423514
1843,0.359375,0.023840584404423514
1844,0.375,0.023840584404423514
1845,0.390625,0.023840584404423514
1846,0.40625,0.023840584404423514
1847,0.421875,0.023840584404423514
1848,0.4375,0.023840584404423514
1849,0.453125,0.023840584404423514
1850,0.46875,0.023840584404423514
1851,0.484375,0.023840584404423514
1852,0.5,0.023840584404423514
1853,0.515625,0.023840584404423514
1854,0.53125,0.023840584404423514
1855,0.546875,0.023840584404423514
1856,0.5625,0.023840584404423514
1857,0.578125,0.023840584404423514
1858,0.59375,0.023840584404423514
1859,0.609375,0.023840584404423514
1860,0.625,0.023840584404423514
1861,0.640625,0.023840584404423514
1862,0.65625,0.023840584404423514
1863,0.671875,0.023840584404423514
1864,0.6875,0.023840584404423514
1865,0.703125,0.023840584404423514
1866,0.71875,0.023840584404423514
1867,0.734375,0.023840584404423514
1868,0.75,0.023840584404423514
1869,0.765625,0.023840584404423514
1870,0.78125,0.023840584404423514
1871,0.796875,0.023840584404423514
1872,0.8125,0.023840584404423514
1873,0.828125,0.023840584404423514
1874,0.84375,0.023840584404423514
1875,0.859375,0.023840584404423514
1876,0.875,0.023840584404423514
1877,0.890625,0.023840584404423514
1878,0.90625,0.023840584404423514
1879,0.921875,0.023840584404423514
1880,0.9375,0.023840584404423514
1881,0.953125,0.023840584404423514
1882,0.96875,0.023840584404423514
1883,0.984375,0.023840584404423514
1884,1.0,0.023840584404423514
1885,0.0,0.02588205891378431
1886,0.015625,0.02588205891378431
1887,0.03125,0.02588205891378431
1888,0.046875,0.02588205891378431
1889,0.0625,0.02588205891378431
1890,0.078125,0.02588205891378431
1891,0.09375,0.02588205891378431
1892,0.109375,0.02588205891378431
1893,0.125,0.02588205891378431
1894,0.140625,0.02588205891378431
1895,0.15625,0.02588205891378431
1896,0.171875,0.02588205891378431
1897,0.1875,0.02588205891378431
1898,0.203125,0.02588205891378431
1899,0.21875,0.02588205891378431
1900,0.234375,0.02588205891378431
1901,0.25,0.02588205891378431
1902,0.265625,0.02588205891378431
1903,0.28125,0.02588205891378431
1904,0.296875,0.02588205891378431
1905,0.3125,0.02588205891378431
1906,0.328125,0.02588205891378431
1907,0.34375,0.02588205891378431
1908,0.359375,0.02588205891378431
1909,0.375,0.02588205891378431
1910,0.390625,0.02588205891378431
1911,0.40625,0.02588205891378431
1912,0.421875,0.02588205891378431
1913,0.4375,0.02588205891378431
1914,0.453125,0.02588205891378431
1915,0.46875,0.02588205891378431
1916,0.484375,0.02588205891378431
1917,0.5,0.02588205891378431
1918,0.515625,0.02588205891378431
1919,0.53125,0.02588205891378431
1920,0.546875,0.02588205891378431
1921,0.5625,0.02588205891378431
1922,0.578125,0.02588205891378431
1923,0.59375,0.02588205891378431
1924,0.609375,0.02588205891378431
1925,0.625,0.02588205891378431
1926,0.640625,0.02588205891378431
1927,0.65625,0.02588205891378431
1928,0.671875,0.02588205891378431
1929,0.6875,0.02588205891378431
1930,0.703125,0.02588205891378431
1931,0.71875,0.02588205891378431
1932,0.734375,0.02588205891378431
1933,0.75,0.02588205891378431
1934,0.765625,0.02588205891378431
1935,0.78125,0.02588205891378431
1936,0.796875,0.02588205891378431
1937,0.8125,0.02588205891378431
1938,0.828125,0.02588205891378431
1939,0.84375,0.02588205891378431
1940,0.859375,0.02588205891378431
1941,0.875,0.02588205891378431
1942,0.890625,0.02588205891378431
1943,0.90625,0.02588205891378431
1944,0.921875,0.02588205891378431
1945,0.9375,0.02588205891378431
1946,0.953125,0.02588205891378431
1947,0.96875,0.02588205891378431
1948,0.984375,0.02588205891378431
1949,1.0,0.02588205891378431
1950,0.0,0.028074687116589028
1951,0.015625,0.028074687116589028
1952,0.03125,0.028074687116589028
1953,0.046875,0.028074687116589028
1954,0.0625,0.028074687116589028
1955,0.078125,0.028074687116589028
1956,0.09375,0.028074687116589028
1957,0.109375,0.028074687116589028
1958,0.125,0.028074687116589028
1959,0.140625,0.028074687116589028
1960,0.15625,0.028074687116589028
1961,0.171875,0.028074687116589028
1962,0.1875,0.028074687116589028
1963,0.203125,0.028074687116589028
1964,0.21875,0.028074687116589028
1965,0.234375,0.028074687116589028
1966,0.25,0.028074687116589028
1967,0.265625,0.028074687116589028
1968,0.28125,0.028074687116589028
1969,0.296875,0.028074687116589028
1970,0.3125,0.028074687116589028
1971,0.328125,0.028074687116589028
1972,0.34375,0.028074687116589028
1973,0.359375,0.028074687116589028
1974,0.375,0.028074687116589028
1975,0.390625,0.028074687116589028
1976,0.40625,0.028074687116589028
1977,0.421875,0.028074687116589028
1978,0.4375,0.028074687116589028
1979,0.453125,0.028074687116589028
1980,0.46875,0.028074687116589028
1981,0.484375,0.028074687116589028
1982,0.5,0.028074687116589028
1983,0.515625,0.028074687116589028
1984,0.53125,0.028074687116589028
1985,0.546875,0.028074687116589028
1986,0.5625,0.028074687116589028
1987,0.578125,0.028074687116589028
1988,0.59375,0.028074687116589028
1989,0.609375,0.028074687116589028
1990,0.625,0.028074687116589028
1991,0.640625,0.028074687116589028
1992,0.65625,0.028074687116589028
1993,0.671875,0.028074687116589028
1994,0.6875,0.028074687116589028
1995,0.703125,0.028074687116589028
1996,0.71875,0.028074687116589028
1997,0.734375,0.028074687116589028
1998,0.75,0.028074687116589028
1999,0.765625,0.028074687116589028
2000,0.78125,0.028074687116589028
2001,0.796875,0.028074687116589028
2002,0.8125,0.028074687116589028
2003,0.828125,0.028074687116589028
2004,0.84375,0.028074687116589028
2005,0.859375,0.028074687116589028
2006,0.875,0.028074687116589028
2007,0.890625,0.028074687116589028
2008,0.90625,0.028074687116589028
2009,0.921875,0.028074687116589028
2010,0.9375,0.028074687116589028
2011,0.953125,0.028074687116589028
2012,0.96875,0.028074687116589028
2013,0.984375,0.028074687116589028
2014,1.0,0.028074687116589028
2015,0.0,0.030429660648558312
2016,0.015625,0.030429660648558312
2017,0.03125,0.030429660648558312
2018,0.046875,0.030429660648558312
2019,0.0625,0.030429660648558312
2020,0.078125,0.030429660648558312
2021,0.09375,0.030429660648558312
2022,0.109375,0.030429660648558312
2023,0.125,0.030429660648558312
2024,0.140625,0.030429660648558312
2025,0.15625,0.030429660648558312
2026,0.171875,0.030429660648558312
2027,0.1875,0.030429660648558312
2028,0.203125,0.030429660648558312
2029,0.21875,0.030429660648558312
2030,0.234375,0.030429660648558312
2031,0.25,0.030429660648558312
2032,0.265625,0.030429660648558312
2033,0.28125,0.030429660648558312
2034,0.296875,0.030429660648558312
2035,0.3125,0.030429660648558312
2036,0.328125,0.030429660648558312
2037,0.34375,0.030429660648558312
2038,0.359375,0.030429660648558312
2039,0.375,0.030429660648558312
2040,0.390625,0.030429660648558312
2041,0.40625,0.030429660648558312
2042,0.421875,0.030429660648558312
2043,0.4375,0.030429660648558312
2044,0.453125,0.030429660648558312
2045,0.46875,0.030429660648558312
2046,0.484375,0.030429660648558312
2047,0.5,0.030429660648558312
2048,0.515625,0.030429660648558312
2049,0.53125,0.030429660648558312
2050,0.546875,0.030429660648558312
2051,0.5625,0.030429660648558312
2052,0.578125,0.030429660648558312
2053,0.59375,0.030429660648558312
2054,0.609375,0.030429660648558312
2055,0.625,0.030429660648558312
2056,0.640625,0.030429660648558312
2057,0.65625,0.030429660648558312
2058,0.671875,0.030429660648558312
2059,0.6875,0.030429660648558312
2060,0.703125,0.030429660648558312
2061,0.71875,0.030429660648558312
2062,0.734375,0.030429660648558312
2063,0.75,0.030429660648558312
2064,0.765625,0.030429660648558312
2065,0.78125,0.030429660648558312
2066,0.796875,0.030429660648558312
2067,0.8125,0.030429660648558312
2068,0.828125,0.030429660648558312
2069,0.84375,0.030429660648558312
2070,0.859375,0.030429660648558312
2071,0.875,0.030429660648558312
2072,0.890625,0.030429660648558312
2073,0.90625,0.030429660648558312
2074,0.921875,0.030429660648558312
2075,0.9375,0.030429660648558312
2076,0.953125,0.030429660648558312
2077,0.96875,0.030429660648558312
2078,0.984375,0.030429660648558312
2079,1.0,0.030429660648558312
2080,0.0,0.032958999790133586
2081,0.015625,0.032958999790133586
2082,0.03125,0.032958999790133586
2083,0.046875,0.032958999790133586
2084,0.0625,0.032958999790133586
2085,0.078125,0.032958999790133586
2086,0.09375,0.032958999790133586
2087,0.109375,0.032958999790133586
2088,0.125,0.032958999790133586
2089,0.140625,0.032958999790133586
2090,0.15625,0.032958999790133586
2091,0.171875,0.032958999790133586
2092,0.1875,0.032958999790133586
2093,0.203125,0.032958999790133586
2094,0.21875,0.032958999790133586
2095,0.234375,0.032958999790133586
2096,0.25,0.032958999790133586
2097,0.265625,0.032958999790133586
2098,0.28125,0.032958999790133586
2099,0.296875,0.032958999790133586
2100,0.3125,0.032958999790133586
2101,0.328125,0.032958999790133586
2102,0.34375,0.032958999790133586
2103,0.359375,0.032958999790133586
2104,0.375,0.032958999790133586
2105,0.390625,0.032958999790133586
2106,0.40625,0.032958999790133586
2107,0.421875,0.032958999790133586
2108,0.4375,0.032958999790133586
2109,0.453125,0.032958999790133586
2110,0.46875,0.032958999790133586
2111,0.484375,0.032958999790133586
2112,0.5,0.032958999790133586
2113,0.515625,0.032958999790133586
2114,0.53125,0.032958999790133586
2115,0.546875,0.032958999790133586
2116,0.5625,0.032958999790133586
2117,0.578125,0.032958999790133586
2118,0.59375,0.032958999790133586
2119,0.609375,0.032958999790133586
2120,0.625,0.032958999790133586
2121,0.640625,0.032958999790133586
2122,0.65625,0.032958999790133586
2123,0.671875,0.032958999790133586
2124,0.6875,0.032958999790133586
2125,0.703125,0.032958999790133586
2126,0.71875,0.032958999790133586
2127,0.734375,0.032958999790133586
2128,0.75,0.032958999790133586
2129,0.765625,0.032958999790133586
2130,0.78125,0.032958999790133586
2131,0.796875,0.032958999790133586
2132,0.8125,0.032958999790133586
2133,0.828125,0.032958999790133586
2134,0.84375,0.032958999790133586
2135,0.859375,0.032958999790133586
2136,0.875,0.032958999790133586
2137,0.890625,0.032958999790133586
2138,0.90625,0.032958999790133586
2139,0.921875,0.032958999790133586
2140,0.9375,0.032958999790133586
2141,0.953125,0.032958999790133586
2142,0.96875,0.032958999790133586
2143,0.984375,0.032958999790133586
2144,1.0,0.032958999790133586
2145,0.0,0.03567561482051785
2146,0.015625,0.03567561482051785
2147,0.03125,0.03567561482051785
2148,0.046875,0.03567561482051785
2149,0.0625,0.03567561482051785
2150,0.078125,0.03567561482051785
2151,0.09375,0.03567561482051785
2152,0.109375,0.03567561482051785
2153,0.125,0.03567561482051785
2154,0.140625,0.03567561482051785
2155,0.15625,0.03567561482051785
2156,0.171875,0.03567561482051785
2157,0.1875,0.03567561482051785
2158,0.203125,0.03567561482051785
2159,0.21875,0.03567561482051785
2160,0.234375,0.03567561482051785
2161,0.25,0.03567561482051785
2162,0.265625,0.03567561482051785
2163,0.28125,0.03567561482051785
2164,0.296875,0.03567561482051785
2165,0.3125,0.03567561482051785
2166,0.328125,0.03567561482051785
2167,0.34375,0.03567561482051785
2168,0.359375,0.03567561482051785
2169,0.375,0.03567561482051785
2170,0.390625,0.03567561482051785
2171,0.40625,0.03567561482051785
2172,0.421875,0.03567561482051785
2173,0.4375,0.03567561482051785
2174,0.453125,0.03567561482051785
2175,0.46875,0.03567561482051785
2176,0.484375,0.03567561482051785
2177,0.5,0.03567561482051785
2178,0.515625,0.03567561482051785
2179,0.53125,0.03567561482051785
2180,0.546875,0.03567561482051785
2181,0.5625,0.03567561482051785
2182,0.578125,0.03567561482051785
2183,0.59375,0.03567561482051785
2184,0.609375,0.03567561482051785
2185,0.625,0.03567561482051785
2186,0.640625,0.03567561482051785
2187,0.65625,0.03567561482051785
2188,0.671875,0.03567561482051785
2189,0.6875,0.03567561482051785
2190,0.703125,0.03567561482051785
2191,0.71875,0.03567561482051785
2192,0.734375,0.03567561482051785
2193,0.75,0.03567561482051785
2194,0.765625,0.03567561482051785
2195,0.78125,0.03567561482051785
2196,0.796875,0.03567561482051785
2197,0.8125,0.03567561482051785
2198,0.828125,0.03567561482051785
2199,0.84375,0.03567561482051785
2200,0.859375,0.03567561482051785
2201,0.875,0.03567561482051785
2202,0.890625,0.03567561482051785
2203,0.90625,0.03567561482051785
2204,0.921875,0.03567561482051785
2205,0.9375,0.03567561482051785
2206,0.953125,0.03567561482051785
2207,0.96875,0.03567561482051785
2208,0.984375,0.03567561482051785
2209,1.0,0.03567561482051785
2210,0.0,0.038593371914457164
2211,0.015625,0.038593371914457164
2212,0.03125,0.038593371914457164
2213,0.046875,0.038593371914457164
2214,0.0625,0.038593371914457164
2215,0.078125,0.038593371914457164
2216,0.09375,0.038593371914457164
2217,0.109375,0.038593371914457164
2218,0.125,0.038593371914457164
2219,0.140625,0.038593371914457164
2220,0.15625,0.038593371914457164
2221,0.171875,0.038593371914457164
2222,0.1875,0.038593371914457164
2223,0.203125,0.038593371914457164
2224,0.21875,0.038593371914457164
2225,0.234375,0.038593371914457164
2226,0.25,0.038593371914457164
2227,0.265625,0.038593371914457164
2228,0.28125,0.038593371914457164
2229,0.296875,0.038593371914457164
2230,0.3125,0.038593371914457164
2231,0.328125,0.038593371914457164
2232,0.34375,0.038593371914457164
2233,0.359375,0.038593371914457164
2234,0.375,0.038593371914457164
2235,0.390625,0.038593371914457164
2236,0.40625,0.038593371914457164
2237,0.421875,0.038593371914457164
2238,0.4375,0.038593371914457164
2239,0.453125,0.038593371914457164
2240,0.46875,0.038593371914457164
2241,0.484375,0.038593371914457164
2242,0.5,0.038593371914457164
2243,0.515625,0.038593371914457164
2244,0.53125,0.038593371914457164
2245,0.546875,0.038593371914457164
2246,0.5625,0.038593371914457164
2247,0.578125,0.038593371914457164
2248,0.59375,0.038593371914457164
2249,0.609375,0.038593371914457164
2250,0.625,0.038593371914457164
2251,0.640625,0.038593371914457164
2252,0.65625,0.038593371914457164
2253,0.671875,0.038593371914457164
2254,0.6875,0.038593371914457164
2255,0.703125,0.038593371914457164
2256,0.71875,0.038593371914457164
2257,0.734375,0.038593371914457164
2258,0.75,0.038593371914457164
2259,0.765625,0.038593371914457164
2260,0.78125,0.038593371914457164
2261,0.796875,0.038593371914457164
2262,0.8125,0.038593371914457164
2263,0.828125,0.038593371914457164
2264,0.84375,0.038593371914457164
2265,0.859375,0.038593371914457164
2266,0.875,0.038593371914457164
2267,0.890625,0.038593371914457164
2268,0.90625,0.038593371914457164
2269,0.921875,0.038593371914457164
2270,0.9375,0.038593371914457164
2271,0.953125,0.038593371914457164
2272,0.96875,0.038593371914457164
2273,0.984375,0.038593371914457164
2274,1.0,0.038593371914457164
2275,0.0,0.04172716391811433
2276,0.015625,0.04172716391811433
2277,0.03125,0.04172716391811433
2278,0.046875,0.04172716391811433
2279,0.0625,0.04172716391811433
2280,0.078125,0.04172716391811433
2281,0.09375,0.04172716391811433
2282,0.109375,0.04172716391811433
2283,0.125,0.04172716391811433
2284,0.140625,0.04172716391811433
2285,0.15625,0.04172716391811433
2286,0.171875,0.04172716391811433
2287,0.1875,0.04172716391811433
2288,0.203125,0.04172716391811433
2289,0.21875,0.04172716391811433
2290,0.234375,0.04172716391811433
2291,0.25,0.04172716391811433
2292,0.265625,0.04172716391811433
2293,0.28125,0.04172716391811433
2294,0.296875,0.04172716391811433
2295,0.3125,0.04172716391811433
2296,0.328125,0.04172716391811433
2297,0.34375,0.04172716391811433
2298,0.359375,0.04172716391811433
2299,0.375,0.04172716391811433
2300,0.390625,0.04172716391811433
2301,0.40625,0.04172716391811433
2302,0.421875,0.04172716391811433
2303,0.4375,0.04172716391811433
2304,0.453125,0.04172716391811433
2305,0.46875,0.04172716391811433
2306,0.484375,0.04172716391811433
2307,0.5,0.04172716391811433
2308,0.515625,0.04172716391811433
2309,0.53125,0.04172716391811433
2310,0.546875,0.04172716391811433
2311,0.5625,0.04172716391811433
2312,0.578125,0.04172716391811433
2313,0.59375,0.04172716391811433
2314,0.609375,0.04172716391811433
2315,0.625,0.04172716391811433
2316,0.640625,0.04172716391811433
2317,0.65625,0.04172716391811433
2318,0.671875,0.04172716391811433
2319,0.6875,0.04172716391811433
2320,0.703125,0.04172716391811433
2321,0.71875,0.04172716391811433
2322,0.734375,0.04172716391811433
2323,0.75,0.04172716391811433
2324,0.765625,0.04172716391811433
2325,0.78125,0.04172716391811433
2326,0.796875,0.04172716391811433
2327,0.8125,0.04172716391811433
2328,0.828125,0.04172716391811433
2329,0.84375,0.04172716391811433
2330,0.859375,0.04172716391811433
2331,0.875,0.04172716391811433
2332,0.890625,0.04172716391811433
2333,0.90625,0.04172716391811433
2334,0.921875,0.04172716391811433
2335,0.9375,0.04172716391811433
2336,0.953125,0.04172716391811433
2337,0.96875,0.04172716391811433
2338,0.984375,0.04172716391811433
2339,1.0,0.04172716391811433
2340,0.0,0.04509298636528959
2341,0.015625,0.04509298636528959
2342,0.03125,0.04509298636528959
2343,0.046875,0.04509298636528959
2344,0.0625,0.04509298636528959
2345,0.078125,0.04509298636528959
2346,0.09375,0.04509298636528959
2347,0.109375,0.04509298636528959
2348,0.125,0.04509298636528959
2349,0.140625,0.04509298636528959
2350,0.15625,0.04509298636528959
2351,0.171875,0.04509298636528959
2352,0.1875,0.04509298636528959
2353,0.203125,0.04509298636528959
2354,0.21875,0.04509298636528959
2355,0.234375,0.04509298636528959
2356,0.25,0.04509298636528959
2357,0.265625,0.04509298636528959
2358,0.28125,0.04509298636528959
2359,0.296875,0.04509298636528959
2360,0.3125,0.04509298636528959
2361,0.328125,0.04509298636528959
2362,0.34375,0.04509298636528959
2363,0.359375,0.04509298636528959
2364,0.375,0.04509298636528959
2365,0.390625,0.04509298636528959
2366,0.40625,0.04509298636528959
2367,0.421875,0.04509298636528959
2368,0.4375,0.04509298636528959
2369,0.453125,0.04509298636528959
2370,0.46875,0.04509298636528959
2371,0.484375,0.04509298636528959
2372,0.5,0.04509298636528959
2373,0.515625,0.04509298636528959
2374,0.53125,0.04509298636528959
2375,0.546875,0.04509298636528959
2376,0.5625,0.04509298636528959
2377,0.578125,0.04509298636528959
2378,0.59375,0.04509298636528959
2379,0.609375,0.04509298636528959
2380,0.625,0.04509298636528959
2381,0.640625,0.04509298636528959
2382,0.65625,0.04509298636528959
2383,0.671875,0.04509298636528959
2384,0.6875,0.04509298636528959
2385,0.703125,0.04509298636528959
2386,0.71875,0.04509298636528959
2387,0.734375,0.04509298636528959
2388,0.75,0.04509298636528959
2389,0.765625,0.04509298636528959
2390,0.78125,0.04509298636528959
2391,0.796875,0.04509298636528959
2392,0.8125,0.04509298636528959
2393,0.828125,0.04509298636528959
2394,0.84375,0.04509298636528959
2395,0.859375,0.04509298636528959
2396,0.875,0.04509298636528959
2397,0.890625,0.04509298636528959
2398,0.90625,0.04509298636528959
2399,0.921875,0.04509298636528959
2400,0.9375,0.04509298636528959
2401,0.953125,0.04509298636528959
2402,0.96875,0.04509298636528959
2403,0.984375,0.04509298636528959
2404,1.0,0.04509298636528959
2405,0.0,0.048708019121990714
2406,0.015625,0.048708019121990714
2407,0.03125,0.048708019121990714
2408,0.046875,0.048708019121990714
2409,0.0625,0.048708019121990714
2410,0.078125,0.048708019121990714
2411,0.09375,0.048708019121990714
2412,0.109375,0.048708019121990714
2413,0.125,0.048708019121990714
2414,0.140625,0.048708019121990714
2415,0.15625,0.048708019121990714
2416,0.171875,0.048708019121990714
2417,0.1875,0.048708019121990714
2418,0.203125,0.048708019121990714
2419,0.21875,0.048708019121990714
2420,0.234375,0.048708019121990714
2421,0.25,0.048708019121990714
2422,0.265625,0.048708019121990714
2423,0.28125,0.048708019121990714
2424,0.296875,0.048708019121990714
2425,0.3125,0.048708019121990714
2426,0.328125,0.048708019121990714
2427,0.34375,0.048708019121990714
2428,0.359375,0.048708019121990714
2429,0.375,0.048708019121990714
2430,0.390625,0.048708019121990714
2431,0.40625,0.048708019121990714
2432,0.421875,0.048708019121990714
2433,0.4375,0.048708019121990714
2434,0.453125,0.048708019121990714
2435,0.46875,0.048708019121990714
2436,0.484375,0.048708019121990714
2437,0.5,0.048708019121990714
2438,0.515625,0.048708019121990714
2439,0.53125,0.048708019121990714
2440,0.546875,0.048708019121990714
2441,0.5625,0.048708019121990714
2442,0.578125,0.048708019121990714
2443,0.59375,0.048708019121990714
2444,0.609375,0.048708019121990714
2445,0.625,0.048708019121990714
2446,0.640625,0.048708019121990714
2447,0.65625,0.048708019121990714
2448,0.671875,0.048708019121990714
2449,0.6875,0.048708019121990714
2450,0.703125,0.048708019121990714
2451,0.71875,0.048708019121990714
2452,0.734375,0.048708019121990714
2453,0.75,0.048708019121990714
2454,0.765625,0.048708019121990714
2455,0.78125,0.048708019121990714
2456,0.796875,0.048708019121990714
2457,0.8125,0.048708019121990714
2458,0.828125,0.048708019121990714
2459,0.84375,0.048708019121990714
2460,0.859375,0.048708019121990714
2461,0.875,0.048708019121990714
2462,0.890625,0.048708019121990714
2463,0.90625,0.048708019121990714
2464,0.921875,0.048708019121990714
2465,0.9375,0.048708019121990714
2466,0.953125,0.048708019121990714
2467,0.96875,0.048708019121990714
2468,0.984375,0.048708019121990714
2469,1.0,0.048708019121990714
2470,0.0,0.05259071407608428
2471,0.015625,0.05259071407608428
2472,0.03125,0.05259071407608428
2473,0.046875,0.05259071407608428
2474,0.0625,0.05259071407608428
2475,0.078125,0.05259071407608428
2476,0.09375,0.05259071407608428
2477,0.109375,0.05259071407608428
2478,0.125,0.05259071407608428
2479,0.140625,0.05259071407608428
2480,0.15625,0.05259071407608428
2481,0.171875,0.05259071407608428
2482,0.1875,0.05259071407608428
2483,0.203125,0.05259071407608428
2484,0.21875,0.05259071407608428
2485,0.234375,0.05259071407608428
2486,0.25,0.05259071407608428
2487,0.265625,0.05259071407608428
2488,0.28125,0.05259071407608428
2489,0.296875,0.05259071407608428
2490,0.3125,0.05259071407608428
2491,0.328125,0.05259071407608428
2492,0.34375,0.05259071407608428
2493,0.359375,0.05259071407608428
2494,0.375,0.05259071407608428
2495,0.390625,0.05259071407608428
2496,0.40625,0.05259071407608428
2497,0.421875,0.05259071407608428
2498,0.4375,0.05259071407608428
2499,0.453125,0.05259071407608428
2500,0.46875,0.05259071407608428
2501,0.484375,0.05259071407608428
2502,0.5,0.05259071407608428
2503,0.515625,0.05259071407608428
2504,0.53125,0.05259071407608428
2505,0.546875,0.05259071407608428
2506,0.5625,0.05259071407608428
2507,0.578125,0.05259071407608428
2508,0.59375,0.05259071407608428
2509,0.609375,0.05259071407608428
2510,0.625,0.05259071407608428
2511,0.640625,0.05259071407608428
2512,0.65625,0.05259071407608428
2513,0.671875,0.05259071407608428
2514,0.6875,0.05259071407608428
2515,0.703125,0.05259071407608428
2516,0.71875,0.05259071407608428
2517,0.734375,0.05259071407608428
2518,0.75,0.05259071407608428
2519,0.765625,0.05259071407608428
2520,0.78125,0.05259071407608428
2521,0.796875,0.05259071407608428
2522,0.8125,0.05259071407608428
2523,0.828125,0.05259071407608428
2524,0.84375,0.05259071407608428
2525,0.859375,0.05259071407608428
2526,0.875,0.05259071407608428
2527,0.890625,0.05259071407608428
2528,0.90625,0.05259071407608428
2529,0.921875,0.05259071407608428
2530,0.9375,0.05259071407608428
2531,0.953125,0.05259071407608428
2532,0.96875,0.05259071407608428
2533,0.984375,0.05259071407608428
2534,1.0,0.05259071407608428
2535,0.0,0.05676088931961385
2536,0.015625,0.05676088931961385
2537,0.03125,0.05676088931961385
2538,0.046875,0.05676088931961385
2539,0.0625,0.05676088931961385
2540,0.078125,0.05676088931961385
2541,0.09375,0.05676088931961385
2542,0.109375,0.05676088931961385
2543,0.125,0.05676088931961385
2544,0.140625,0.05676088931961385
2545,0.15625,0.05676088931961385
2546,0.171875,0.05676088931961385
2547,0.1875,0.05676088931961385
2548,0.203125,0.05676088931961385
2549,0.21875,0.05676088931961385
2550,0.234375,0.05676088931961385
2551,0.25,0.05676088931961385
2552,0.265625,0.05676088931961385
2553,0.28125,0.05676088931961385
2554,0.296875,0.05676088931961385
2555,0.3125,0.05676088931961385
2556,0.328125,0.05676088931961385
2557,0.34375,0.05676088931961385
2558,0.359375,0.05676088931961385
2559,0.375,0.05676088931961385
2560,0.390625,0.05676088931961385
2561,0.40625,0.05676088931961385
2562,0.421875,0.05676088931961385
2563,0.4375,0.05676088931961385
2564,0.453125,0.05676088931961385
2565,0.46875,0.05676088931961385
2566,0.484375,0.05676088931961385
2567,0.5,0.05676088931961385
2568,0.515625,0.05676088931961385
2569,0.53125,0.05676088931961385
2570,0.546875,0.05676088931961385
2571,0.5625,0.05676088931961385
2572,0.578125,0.05676088931961385
2573,0.59375,0.05676088931961385
2574,0.609375,0.05676088931961385
2575,0.625,0.05676088931961385
2576,0.640625,0.05676088931961385
2577,0.65625,0.05676088931961385
2578,0.671875,0.05676088931961385
2579,0.6875,0.05676088931961385
2580,0.703125,0.05676088931961385
2581,0.71875,0.05676088931961385
2582,0.734375,0.05676088931961385
2583,0.75,0.05676088931961385
2584,0.765625,0.05676088931961385
2585,0.78125,0.05676088931961385
2586,0.796875,0.05676088931961385
2587,0.8125,0.05676088931961385
2588,0.828125,0.05676088931961385
2589,0.84375,0.05676088931961385
2590,0.859375,0.05676088931961385
2591,0.875,0.05676088931961385
2592,0.890625,0.05676088931961385
2593,0.90625,0.05676088931961385
2594,0.921875,0.05676088931961385
2595,0.9375,0.05676088931961385
2596,0.953125,0.05676088931961385
2597,0.96875,0.05676088931961385
2598,0.984375,0.05676088931961385
2599,1.0,0.05676088931961385
2600,0.0,0.061239830304512057
2601,0.015625,0.061239830304512057
2602,0.03125,0.061239830304512057
2603,0.046875,0.061239830304512057
2604,0.0625,0.061239830304512057
2605,0.078125,0.061239830304512057
2606,0.09375,0.061239830304512057
2607,0.109375,0.061239830304512057
2608,0.125,0.061239830304512057
2609,0.140625,0.061239830304512057
2610,0.15625,0.061239830304512057
2611,0.171875,0.061239830304512057
2612,0.1875,0.061239830304512057
2613,0.203125,0.061239830304512057
2614,0.21875,0.061239830304512057
2615,0.234375,0.061239830304512057
2616,0.25,0.061239830304512057
2617,0.265625,0.061239830304512057
2618,0.28125,0.061239830304512057
2619,0.296875,0.061239830304512057
2620,0.3125,0.061239830304512057
2621,0.328125,0.061239830304512057
2622,0.34375,0.061239830304512057
2623,0.359375,0.061239830304512057
2624,0.375,0.061239830304512057
2625,0.390625,0.061239830304512057
2626,0.40625,0.061239830304512057
2627,0.421875,0.061239830304512057
2628,0.4375,0.061239830304512057
2629,0.453125,0.061239830304512057
2630,0.46875,0.061239830304512057
2631,0.484375,0.061239830304512057
2632,0.5,0.061239830304512057
2633,0.515625,0.061239830304512057
2634,0.53125,0.061239830304512057
2635,0.546875,0.061239830304512057
2636,0.5625,0.061239830304512057
2637,0.578125,0.061239830304512057
2638,0.59375,0.061239830304512057
2639,0.609375,0.061239830304512057
2640,0.625,0.061239830304512057
2641,0.640625,0.061239830304512057
2642,0.65625,0.061239830304512057
2643,0.671875,0.061239830304512057
2644,0.6875,0.061239830304512057
2645,0.703125,0.061239830304512057
2646,0.71875,0.061239830304512057
2647,0.734375,0.061239830304512057
2648,0.75,0.061239830304512057
2649,0.765625,0.061239830304512057
2650,0.78125,0.061239830304512057
2651,0.796875,0.061239830304512057
2652,0.8125,0.061239830304512057
2653,0.828125,0.061239830304512057
2654,0.84375,0.061239830304512057
2655,0.859375,0.061239830304512057
2656,0.875,0.061239830304512057
2657,0.890625,0.061239830304512057
2658,0.90625,0.061239830304512057
2659,0.921875,0.061239830304512057
2660,0.9375,0.061239830304512057
2661,0.953125,0.061239830304512057
2662,0.96875,0.061239830304512057
2663,0.984375,0.061239830304512057
2664,1.0,0.061239830304512057
2665,0.0,0.06605039848802599
2666,0.015625,0.06605039848802599
2667,0.03125,0.06605039848802599
2668,0.046875,0.06605039848802599
2669,0.0625,0.06605039848802599
2670,0.078125,0.06605039848802599
2671,0.09375,0.06605039848802599
2672,0.109375,0.06605039848802599
2673,0.125,0.06605039848802599
2674,0.140625,0.06605039848802599
2675,0.15625,0.06605039848802599
2676,0.171875,0.06605039848802599
2677,0.1875,0.06605039848802599
2678,0.203125,0.06605039848802599
2679,0.21875,0.06605039848802599
2680,0.234375,0.06605039848802599
2681,0.25,0.06605039848802599
2682,0.265625,0.06605039848802599
2683,0.28125,0.06605039848802599
2684,0.296875,0.06605039848802599
2685,0.3125,0.06605039848802599
2686,0.328125,0.06605039848802599
2687,0.34375,0.06605039848802599
2688,0.359375,0.06605039848802599
2689,0.375,0.06605039848802599
2690,0.390625,0.06605039848802599
2691,0.40625,0.06605039848802599
2692,0.421875,0.06605039848802599
2693,0.4375,0.06605039848802599
2694,0.453125,0.06605039848802599
2695,0.46875,0.06605039848802599
2696,0.484375,0.06605039848802599
2697,0.5,0.06605039848802599
2698,0.515625,0.06605039848802599
2699,0.53125,0.06605039848802599
2700,0.546875,0.06605039848802599
2701,0.5625,0.06605039848802599
2702,0.578125,0.06605039848802599
2703,0.59375,0.06605039848802599
2704,0.609375,0.06605039848802599
2705,0.625,0.06605039848802599
2706,0.640625,0.06605039848802599
2707,0.65625,0.06605039848802599
2708,0.671875,0.06605039848802599
2709,0.6875,0.06605039848802599
2710,0.703125,0.06605039848802599
2711,0.71875,0.06605039848802599
2712,0.734375,0.06605039848802599
2713,0.75,0.06605039848802599
2714,0.765625,0.06605039848802599
2715,0.78125,0.06605039848802599
2716,0.796875,0.06605039848802599
2717,0.8125,0.06605039848802599
2718,0.828125,0.06605039848802599
2719,0.84375,0.06605039848802599
2720,0.859375,0.06605039848802599
2721,0.875,0.06605039848802599
2722,0.890625,0.06605039848802599
2723,0.90625,0.06605039848802599
2724,0.921875,0.06605039848802599
2725,0.9375,0.06605039848802599
2726,0.953125,0.06605039848802599
2727,0.96875,0.06605039848802599
2728,0.984375,0.06605039848802599
2729,1.0,0.06605039848802599
2730,0.0,0.07121714802240554
2731,0.015625,0.07121714802240554
2732,0.03125,0.07121714802240554
2733,0.046875,0.07121714802240554
2734,0.0625,0.07121714802240554
2735,0.078125,0.07121714802240554
2736,0.09375,0.07121714802240554
2737,0.109375,0.07121714802240554
2738,0.125,0.07121714802240554
2739,0.140625,0.07121714802240554
2740,0.15625,0.07121714802240554
2741,0.171875,0.07121714802240554
2742,0.1875,0.07121714802240554
2743,0.203125,0.07121714802240554
2744,0.21875,0.07121714802240554
2745,0.234375,0.07121714802240554
2746,0.25,0.07121714802240554
2747,0.265625,0.07121714802240554
2748,0.28125,0.07121714802240554
2749,0.296875,0.07121714802240554
2750,0.3125,0.07121714802240554
2751,0.328125,0.07121714802240554
2752,0.34375,0.07121714802240554
2753,0.359375,0.07121714802240554
2754,0.375,0.07121714802240554
2755,0.390625,0.07121714802240554
2756,0.40625,0.07121714802240554
2757,0.421875,0.07121714802240554
2758,0.4375,0.07121714802240554
2759,0.453125,0.07121714802240554
2760,0.46875,0.07121714802240554
2761,0.484375,0.07121714802240554
2762,0.5,0.07121714802240554
2763,0.515625,0.07121714802240554
2764,0.53125,0.07121714802240554
2765,0.546875,0.07121714802240554
2766,0.5625,0.07121714802240554
2767,0.578125,0.07121714802240554
2768,0.59375,0.07121714802240554
2769,0.609375,0.07121714802240554
2770,0.625,0.07121714802240554
2771,0.640625,0.07121714802240554
2772,0.65625,0.07121714802240554
2773,0.671875,0.07121714802240554
2774,0.6875,0.07121714802240554
2775,0.703125,0.07121714802240554
2776,0.71875,0.07121714802240554
2777,0.734375,0.07121714802240554
2778,0.75,0.07121714802240554
2779,0.765625,0.07121714802240554
2780,0.78125,0.07121714802240554
2781,0.796875,0.07121714802240554
2782,0.8125,0.07121714802240554
2783,0.828125,0.07121714802240554
2784,0.84375,0.07121714802240554
2785,0.859375,0.07121714802240554
2786,0.875,0.07121714802240554
2787,0.890625,0.07121714802240554
2788,0.90625,0.07121714802240554
2789,0.921875,0.07121714802240554
2790,0.9375,0.07121714802240554
2791,0.953125,0.07121714802240554
2792,0.96875,0.07121714802240554
2793,0.984375,0.07121714802240554
2794,1.0,0.07121714802240554
2795,0.0,0.07676645108446335
2796,0.015625,0.07676645108446335
2797,0.03125,0.07676645108446335
2798,0.046875,0.07676645108446335
2799,0.0625,0.07676645108446335
2800,0.078125,0.07676645108446335
2801,0.09375,0.07676645108446335
2802,0.109375,0.07676645108446335
2803,0.125,0.07676645108446335
2804,0.140625,0.07676645108446335
2805,0.15625,0.07676645108446335
2806,0.171875,0.07676645108446335
2807,0.1875,0.07676645108446335
2808,0.203125,0.07676645108446335
2809,0.21875,0.07676645108446335
2810,0.234375,0.07676645108446335
2811,0.25,0.07676645108446335
2812,0.265625,0.07676645108446335
2813,0.28125,0.07676645108446335
2814,0.296875,0.07676645108446335
2815,0.3125,0.07676645108446335
2816,0.328125,0.07676645108446335
2817,0.34375,0.07676645108446335
2818,0.359375,0.07676645108446335
2819,0.375,0.07676645108446335
2820,0.390625,0.07676645108446335
2821,0.40625,0.07676645108446335
2822,0.421875,0.07676645108446335
2823,0.4375,0.07676645108446335
2824,0.453125,0.07676645108446335
2825,0.46875,0.07676645108446335
2826,0.484375,0.07676645108446335
2827,0.5,0.07676645108446335
2828,0.515625,0.07676645108446335
2829,0.53125,0.07676645108446335
2830,0.546875,0.07676645108446335
2831,0.5625,0.07676645108446335
2832,0.578125,0.07676645108446335
2833,0.59375,0.07676645108446335
2834,0.609375,0.07676645108446335
2835,0.625,0.07676645108446335
2836,0.640625,0.07676645108446335
2837,0.65625,0.07676645108446335
2838,0.671875,0.07676645108446335
2839,0.6875,0.07676645108446335
2840,0.703125,0.07676645108446335
2841,0.71875,0.07676645108446335
2842,0.734375,0.07676645108446335
2843,0.75,0.07676645108446335
2844,0.765625,0.07676645108446335
2845,0.78125,0.07676645108446335
2846,0.796875,0.07676645108446335
2847,0.8125,0.07676645108446335
2848,0.828125,0.07676645108446335
2849,0.84375,0.07676645108446335
2850,0.859375,0.07676645108446335
2851,0.875,0.07676645108446335
2852,0.890625,0.07676645108446335
2853,0.90625,0.07676645108446335
2854,0.921875,0.07676645108446335
2855,0.9375,0.07676645108446335
2856,0.953125,0.07676645108446335
2857,0.96875,0.07676645108446335
2858,0.984375,0.07676645108446335
2859,1.0,0.07676645108446335
2860,0.0,0.08272663248471421
2861,0.015625,0.08272663248471421
2862,0.03125,0.08272663248471421
2863,0.046875,0.08272663248471421
2864,0.0625,0.08272663248471421
2865,0.078125,0.08272663248471421
2866,0.09375,0.08272663248471421
2867,0.109375,0.08272663248471421
2868,0.125,0.08272663248471421
2869,0.140625,0.08272663248471421
2870,0.15625,0.08272663248471421
2871,0.171875,0.08272663248471421
2872,0.1875,0.08272663248471421
2873,0.203125,0.08272663248471421
2874,0.21875,0.08272663248471421
2875,0.234375,0.08272663248471421
2876,0.25,0.08272663248471421
2877,0.265625,0.08272663248471421
2878,0.28125,0.08272663248471421
2879,0.296875,0.08272663248471421
2880,0.3125,0.08272663248471421
2881,0.328125,0.08272663248471421
2882,0.34375,0.08272663248471421
2883,0.359375,0.08272663248471421
2884,0.375,0.08272663248471421
2885,0.390625,0.08272663248471421
2886,0.40625,0.08272663248471421
2887,0.421875,0.08272663248471421
2888,0.4375,0.08272663248471421
2889,0.453125,0.08272663248471421
2890,0.46875,0.08272663248471421
2891,0.484375,0.08272663248471421
2892,0.5,0.08272663248471421
2893,0.515625,0.08272663248471421
2894,0.53125,0.08272663248471421
2895,0.546875,0.08272663248471421
2896,0.5625,0.08272663248471421
2897,0.578125,0.08272663248471421
2898,0.59375,0.08272663248471421
2899,0.609375,0.08272663248471421
2900,0.625,0.08272663248471421
2901,0.640625,0.08272663248471421
2902,0.65625,0.08272663248471421
2903,0.671875,0.08272663248471421
2904,0.6875,0.08272663248471421
2905,0.703125,0.08272663248471421
2906,0.71875,0.08272663248471421
2907,0.734375,0.08272663248471421
2908,0.75,0.08272663248471421
2909,0.765625,0.08272663248471421
2910,0.78125,0.08272663248471421
2911,0.796875,0.08272663248471421
2912,0.8125,0.08272663248471421
2913,0.828125,0.08272663248471421
2914,0.84375,0.08272663248471421
2915,0.859375,0.08272663248471421
2916,0.875,0.08272663248471421
2917,0.890625,0.08272663248471421
2918,0.90625,0.08272663248471421
2919,0.921875,0.08272663248471421
2920,0.9375,0.08272663248471421
2921,0.953125,0.08272663248471421
2922,0.96875,0.08272663248471421
2923,0.984375,0.08272663248471421
2924,1.0,0.08272663248471421
2925,0.0,0.08912811424316834
2926,0.015625,0.08912811424316834
2927,0.03125,0.08912811424316834
2928,0.046875,0.08912811424316834
2929,0.0625,0.08912811424316834
2930,0.078125,0.08912811424316834
2931,0.09375,0.08912811424316834
2932,0.109375,0.08912811424316834
2933,0.125,0.08912811424316834
2934,0.140625,0.08912811424316834
2935,0.15625,0.08912811424316834
2936,0.171875,0.08912811424316834
2937,0.1875,0.08912811424316834
2938,0.203125,0.08912811424316834
2939,0.21875,0.08912811424316834
2940,0.234375,0.08912811424316834
2941,0.25,0.08912811424316834
2942,0.265625,0.08912811424316834
2943,0.28125,0.08912811424316834
2944,0.296875,0.08912811424316834
2945,0.3125,0.08912811424316834
2946,0.328125,0.08912811424316834
2947,0.34375,0.08912811424316834
2948,0.359375,0.08912811424316834
2949,0.375,0.08912811424316834
2950,0.390625,0.08912811424316834
2951,0.40625,0.08912811424316834
2952,0.421875,0.08912811424316834
2953,0.4375,0.08912811424316834
2954,0.453125,0.08912811424316834
2955,0.46875,0.08912811424316834
2956,0.484375,0.08912811424316834
2957,0.5,0.08912811424316834
2958,0.515625,0.08912811424316834
2959,0.53125,0.08912811424316834
2960,0.546875,0.08912811424316834
2961,0.5625,0.08912811424316834
2962,0.578125,0.08912811424316834
2963,0.59375,0.08912811424316834
2964,0.609375,0.08912811424316834
2965,0.625,0.08912811424316834
2966,0.640625,0.08912811424316834
2967,0.65625,0.08912811424316834
2968,0.671875,0.08912811424316834
2969,0.6875,0.08912811424316834
2970,0.703125,0.08912811424316834
2971,0.71875,0.08912811424316834
2972,0.734375,0.08912811424316834
2973,0.75,0.08912811424316834
2974,0.765625,0.08912811424316834
2975,0.78125,0.08912811424316834
2976,0.796875,0.08912811424316834
2977,0.8125,0.08912811424316834
2978,0.828125,0.08912811424316834
2979,0.84375,0.08912811424316834
2980,0.859375,0.08912811424316834
2981,0.875,0.08912811424316834
2982,0.890625,0.08912811424316834
2983,0.90625,0.08912811424316834
2984,0.921875,0.08912811424316834
2985,0.9375,0.08912811424316834
2986,0.953125,0.08912811424316834
2987,0.96875,0.08912811424316834
2988,0.984375,0.08912811424316834
2989,1.0,0.08912811424316834
2990,0.0,0.09600357086972262
2991,0.015625,0.09600357086972262
2992,0.03125,0.09600357086972262
2993,0.046875,0.09600357086972262
2994,0.0625,0.09600357086972262
2995,0.078125,0.09600357086972262
2996,0.09375,0.09600357086972262
2997,0.109375,0.09600357086972262
2998,0.125,0.09600357086972262
2999,0.140625,0.09600357086972262
3000,0.15625,0.09600357086972262
3001,0.171875,0.09600357086972262
3002,0.1875,0.09600357086972262
3003,0.203125,0.09600357086972262
3004,0.21875,0.09600357086972262
3005,0.234375,0.09600357086972262
3006,0.25,0.09600357086972262
3007,0.265625,0.09600357086972262
3008,0.28125,0.09600357086972262
3009,0.296875,0.09600357086972262
3010,0.3125,0.09600357086972262
3011,0.328125,0.09600357086972262
3012,0.34375,0.09600357086972262
3013,0.359375,0.09600357086972262
3014,0.375,0.09600357086972262
3015,0.390625,0.09600357086972262
3016,0.40625,0.09600357086972262
3017,0.421875,0.09600357086972262
3018,0.4375,0.09600357086972262
3019,0.453125,0.09600357086972262
3020,0.46875,0.09600357086972262
3021,0.484375,0.09600357086972262
3022,0.5,0.09600357086972262
3023,0.515625,0.09600357086972262
3024,0.53125,0.09600357086972262
3025,0.546875,0.09600357086972262
3026,0.5625,0.09600357086972262
3027,0.578125,0.09600357086972262
3028,0.59375,0.09600357086972262
3029,0.609375,0.09600357086972262
3030,0.625,0.09600357086972262
3031,0.640625,0.09600357086972262
3032,0.65625,0.09600357086972262
3033,0.671875,0.09600357086972262
3034,0.6875,0.09600357086972262
3035,0.703125,0.09600357086972262
3036,0.71875,0.09600357086972262
3037,0.734375,0.09600357086972262
3038,0.75,0.09600357086972262
3039,0.765625,0.09600357086972262
3040,0.78125,0.09600357086972262
3041,0.796875,0.09600357086972262
3042,0.8125,0.09600357086972262
3043,0.828125,0.09600357086972262
3044,0.84375,0.09600357086972262
3045,0.859375,0.09600357086972262
3046,0.875,0.09600357086972262
3047,0.890625,0.09600357086972262
3048,0.90625,0.09600357086972262
3049,0.921875,0.09600357086972262
3050,0.9375,0.09600357086972262
3051,0.953125,0.09600357086972262
3052,0.96875,0.09600357086972262
3053,0.984375,0.09600357086972262
3054,1.0,0.09600357086972262
3055,0.0,0.10338809614173489
3056,0.015625,0.10338809614173489
3057,0.03125,0.10338809614173489
3058,0.046875,0.10338809614173489
3059,0.0625,0.10338809614173489
3060,0.078125,0.10338809614173489
3061,0.09375,0.10338809614173489
3062,0.109375,0.10338809614173489
3063,0.125,0.10338809614173489
3064,0.140625,0.10338809614173489
3065,0.15625,0.10338809614173489
3066,0.171875,0.10338809614173489
3067,0.1875,0.10338809614173489
3068,0.203125,0.10338809614173489
3069,0.21875,0.10338809614173489
3070,0.234375,0.10338809614173489
3071,0.25,0.10338809614173489
3072,0.265625,0.10338809614173489
3073,0.28125,0.10338809614173489
3074,0.296875,0.10338809614173489
3075,0.3125,0.10338809614173489
3076,0.328125,0.10338809614173489
3077,0.34375,0.10338809614173489
3078,0.359375,0.10338809614173489
3079,0.375,0.10338809614173489
3080,0.390625,0.10338809614173489
3081,0.40625,0.10338809614173489
3082,0.421875,0.10338809614173489
3083,0.4375,0.10338809614173489
3084,0.453125,0.10338809614173489
3085,0.46875,0.10338809614173489
3086,0.484375,0.10338809614173489
3087,0.5,0.10338809614173489
3088,0.515625,0.10338809614173489
3089,0.53125,0.10338809614173489
3090,0.546875,0.10338809614173489
3091,0.5625,0.10338809614173489
3092,0.578125,0.10338809614173489
3093,0.59375,0.10338809614173489
3094,0.609375,0.10338809614173489
3095,0.625,0.10338809614173489
3096,0.640625,0.10338809614173489
3097,0.65625,0.10338809614173489
3098,0.671875,0.10338809614173489
3099,0.6875,0.10338809614173489
3100,0.703125,0.10338809614173489
3101,0.71875,0.10338809614173489
3102,0.734375,0.10338809614173489
3103,0.75,0.10338809614173489
3104,0.765625,0.10338809614173489
3105,0.78125,0.10338809614173489
3106,0.796875,0.10338809614173489
3107,0.8125,0.10338809614173489
3108,0.828125,0.10338809614173489
3109,0.84375,0.10338809614173489
3110,0.859375,0.10338809614173489
3111,0.875,0.10338809614173489
3112,0.890625,0.10338809614173489
3113,0.90625,0.10338809614173489
3114,0.921875,0.10338809614173489
3115,0.9375,0.10338809614173489
3116,0.953125,0.10338809614173489
3117,0.96875,0.10338809614173489
3118,0.984375,0.10338809614173489
3119,1.0,0.10338809614173489
3120,0.0,0.11131938223004756
3121,0.015625,0.11131938223004756
3122,0.03125,0.11131938223004756
3123,0.046875,0.11131938223004756
3124,0.0625,0.11131938223004756
3125,0.078125,0.11131938223004756
3126,0.09375,0.11131938223004756
3127,0.109375,0.11131938223004756
3128,0.125,0.11131938223004756
3129,0.140625,0.11131938223004756
3130,0.15625,0.11131938223004756
3131,0.171875,0.11131938223004756
3132,0.1875,0.11131938223004756
3133,0.203125,0.11131938223004756
3134,0.21875,0.11131938223004756
3135,0.234375,0.11131938223004756
3136,0.25,0.11131938223004756
3137,0.265625,0.11131938223004756
3138,0.28125,0.11131938223004756
3139,0.296875,0.11131938223004756
3140,0.3125,0.11131938223004756
3141,0.328125,0.11131938223004756
3142,0.34375,0.11131938223004756
3143,0.359375,0.11131938223004756
3144,0.375,0.11131938223004756
3145,0.390625,0.11131938223004756
3146,0.40625,0.11131938223004756
3147,0.421875,0.11131938223004756
3148,0.4375,0.11131938223004756
3149,0.453125,0.11131938223004756
3150,0.46875,0.11131938223004756
3151,0.484375,0.11131938223004756
3152,0.5,0.11131938223004756
3153,0.515625,0.11131938223004756
3154,0.53125,0.11131938223004756
3155,0.546875,0.11131938223004756
3156,0.5625,0.11131938223004756
3157,0.578125,0.11131938223004756
3158,0.59375,0.11131938223004756
3159,0.609375,0.11131938223004756
3160,0.625,0.11131938223004756
3161,0.640625,0.11131938223004756
3162,0.65625,0.11131938223004756
3163,0.671875,0.11131938223004756
3164,0.6875,0.11131938223004756
3165,0.703125,0.11131938223004756
3166,0.71875,0.11131938223004756
3167,0.734375,0.11131938223004756
3168,0.75,0.11131938223004756
3169,0.765625,0.11131938223004756
3170,0.78125,0.11131938223004756
3171,0.796875,0.11131938223004756
3172,0.8125,0.11131938223004756
3173,0.828125,0.11131938223004756
3174,0.84375,0.11131938223004756
3175,0.859375,0.11131938223004756
3176,0.875,0.11131938223004756
3177,0.890625,0.11131938223004756
3178,0.90625,0.11131938223004756
3179,0.921875,0.11131938223004756
3180,0.9375,0.11131938223004756
3181,0.953125,0.11131938223004756
3182,0.96875,0.11131938223004756
3183,0.984375,0.11131938223004756
3184,1.0,0.11131938223004756
3185,0.0,0.11983791208775912
3186,0.015625,0.11983791208775912
3187,0.03125,0.11983791208775912
3188,0.046875,0.11983791208775912
3189,0.0625,0.11983791208775912
3190,0.078125,0.11983791208775912
3191,0.09375,0.11983791208775912
3192,0.109375,0.11983791208775912
3193,0.125,0.11983791208775912
3194,0.140625,0.11983791208775912
3195,0.15625,0.11983791208775912
3196,0.171875,0.11983791208775912
3197,0.1875,0.11983791208775912
3198,0.203125,0.11983791208775912
3199,0.21875,0.11983791208775912
3200,0.234375,0.11983791208775912
3201,0.25,0.11983791208775912
3202,0.265625,0.11983791208775912
3203,0.28125,0.11983791208775912
3204,0.296875,0.11983791208775912
3205,0.3125,0.11983791208775912
3206,0.328125,0.11983791208775912
3207,0.34375,0.11983791208775912
3208,0.359375,0.11983791208775912
3209,0.375,0.11983791208775912
3210,0.390625,0.11983791208775912
3211,0.40625,0.11983791208775912
3212,0.421875,0.11983791208775912
3213,0.4375,0.11983791208775912
3214,0.453125,0.11983791208775912
3215,0.46875,0.11983791208775912
3216,0.484375,0.11983791208775912
3217,0.5,0.11983791208775912
3218,0.515625,0.11983791208775912
3219,0.53125,0.11983791208775912
3220,0.546875,0.11983791208775912
3221,0.5625,0.11983791208775912
3222,0.578125,0.11983791208775912
3223,0.59375,0.11983791208775912
3224,0.609375,0.11983791208775912
3225,0.625,0.11983791208775912
3226,0.640625,0.11983791208775912
3227,0.65625,0.11983791208775912
3228,0.671875,0.11983791208775912
3229,0.6875,0.11983791208775912
3230,0.703125,0.11983791208775912
3231,0.71875,0.11983791208775912
3232,0.734375,0.11983791208775912
3233,0.75,0.11983791208775912
3234,0.765625,0.11983791208775912
3235,0.78125,0.11983791208775912
3236,0.796875,0.11983791208775912
3237,0.8125,0.11983791208775912
3238,0.828125,0.11983791208775912
3239,0.84375,0.11983791208775912
3240,0.859375,0.11983791208775912
3241,0.875,0.11983791208775912
3242,0.890625,0.11983791208775912
3243,0.90625,0.11983791208775912
3244,0.921875,0.11983791208775912
3245,0.9375,0.11983791208775912
3246,0.953125,0.11983791208775912
3247,0.96875,0.11983791208775912
3248,0.984375,0.11983791208775912
3249,1.0,0.11983791208775912
3250,0.0,0.1289871660837352
3251,0.015625,0.1289871660837352
3252,0.03125,0.1289871660837352
3253,0.046875,0.1289871660837352
3254,0.0625,0.1289871660837352
3255,0.078125,0.1289871660837352
3256,0.09375,0.1289871660837352
3257,0.109375,0.1289871660837352
3258,0.125,0.1289871660837352
3259,0.140625,0.1289871660837352
3260,0.15625,0.1289871660837352
3261,0.171875,0.1289871660837352
3262,0.1875,0.1289871660837352
3263,0.203125,0.1289871660837352
3264,0.21875,0.1289871660837352
3265,0.234375,0.1289871660837352
3266,0.25,0.1289871660837352
3267,0.265625,0.1289871660837352
3268,0.28125,0.1289871660837352
3269,0.296875,0.1289871660837352
3270,0.3125,0.1289871660837352
3271,0.328125,0.1289871660837352
3272,0.34375,0.1289871660837352
3273,0.359375,0.1289871660837352
3274,0.375,0.1289871660837352
3275,0.390625,0.1289871660837352
3276,0.40625,0.1289871660837352
3277,0.421875,0.1289871660837352
3278,0.4375,0.1289871660837352
3279,0.453125,0.1289871660837352
3280,0.46875,0.1289871660837352
3281,0.484375,0.1289871660837352
3282,0.5,0.1289871660837352
3283,0.515625,0.1289871660837352
3284,0.53125,0.1289871660837352
3285,0.546875,0.1289871660837352
3286,0.5625,0.1289871660837352
3287,0.578125,0.1289871660837352
3288,0.59375,0.1289871660837352
3289,0.609375,0.1289871660837352
3290,0.625,0.1289871660837352
3291,0.640625,0.1289871660837352
3292,0.65625,0.1289871660837352
3293,0.671875,0.1289871660837352
3294,0.6875,0.1289871660837352
3295,0.703125,0.1289871660837352
3296,0.71875,0.1289871660837352
3297,0.734375,0.1289871660837352
3298,0.75,0.1289871660837352
3299,0.765625,0.1289871660837352
3300,0.78125,0.1289871660837352
3301,0.796875,0.1289871660837352
3302,0.8125,0.1289871660837352
3303,0.828125,0.1289871660837352
3304,0.84375,0.1289871660837352
3305,0.859375,0.1289871660837352
3306,0.875,0.1289871660837352
3307,0.890625,0.1289871660837352
3308,0.90625,0.1289871660837352
3309,0.921875,0.1289871660837352
3310,0.9375,0.1289871660837352
3311,0.953125,0.1289871660837352
3312,0.96875,0.1289871660837352
3313,0.984375,0.1289871660837352
3314,1.0,0.1289871660837352
3315,0.0,0.13881384393556004
3316,0.015625,0.13881384393556004
3317,0.03125,0.13881384393556004
3318,0.046875,0.13881384393556004
3319,0.0625,0.13881384393556004
3320,0.078125,0.13881384393556004
3321,0.09375,0.13881384393556004
3322,0.109375,0.13881384393556004
3323,0.125,0.13881384393556004
3324,0.140625,0.13881384393556004
3325,0.15625,0.13881384393556004
3326,0.171875,0.13881384393556004
3327,0.1875,0.13881384393556004
3328,0.203125,0.13881384393556004
3329,0.21875,0.13881384393556004
3330,0.234375,0.13881384393556004
3331,0.25,0.13881384393556004
3332,0.265625,0.13881384393556004
3333,0.28125,0.13881384393556004
3334,0.296875,0.13881384393556004
3335,0.3125,0.13881384393556004
3336,0.328125,0.13881384393556004
3337,0.34375,0.13881384393556004
3338,0.359375,0.13881384393556004
3339,0.375,0.13881384393556004
3340,0.390625,0.13881384393556004
3341,0.40625,0.13881384393556004
3342,0.421875,0.13881384393556004
3343,0.4375,0.13881384393556004
3344,0.453125,0.13881384393556004
3345,0.46875,0.13881384393556004
3346,0.484375,0.13881384393556004
3347,0.5,0.13881384393556004
3348,0.515625,0.13881384393556004
3349,0.53125,0.13881384393556004
3350,0.546875,0.13881384393556004
3351,0.5625,0.13881384393556004
3352,0.578125,0.13881384393556004
3353,0.59375,0.13881384393556004
3354,0.609375,0.13881384393556004
3355,0.625,0.13881384393556004
3356,0.640625,0.13881384393556004
3357,0.65625,0.13881384393556004
3358,0.671875,0.13881384393556004
3359,0.6875,0.13881384393556004
3360,0.703125,0.13881384393556004
3361,0.71875,0.13881384393556004
3362,0.734375,0.13881384393556004
3363,0.75,0.13881384393556004
3364,0.765625,0.13881384393556004
3365,0.78125,0.13881384393556004
3366,0.796875,0.13881384393556004
3367,0.8125,0.13881384393556004
3368,0.828125,0.13881384393556004
3369,0.84375,0.13881384393556004
3370,0.859375,0.13881384393556004
3371,0.875,0.13881384393556004
3372,0.890625,0.13881384393556004
3373,0.90625,0.13881384393556004
3374,0.921875,0.13881384393556004
3375,0.9375,0.13881384393556004
3376,0.953125,0.13881384393556004
3377,0.96875,0.13881384393556004
3378,0.984375,0.13881384393556004
3379,1.0,0.13881384393556004
3380,0.0,0.14936810307472223
3381,0.015625,0.14936810307472223
3382,0.03125,0.14936810307472223
3383,0.046875,0.14936810307472223
3384,0.0625,0.14936810307472223
3385,0.078125,0.14936810307472223
3386,0.09375,0.14936810307472223
3387,0.109375,0.14936810307472223
3388,0.125,0.14936810307472223
3389,0.140625,0.14936810307472223
3390,0.15625,0.14936810307472223
3391,0.171875,0.14936810307472223
3392,0.1875,0.14936810307472223
3393,0.203125,0.14936810307472223
3394,0.21875,0.14936810307472223
3395,0.234375,0.14936810307472223
3396,0.25,0.14936810307472223
3397,0.265625,0.14936810307472223
3398,0.28125,0.14936810307472223
3399,0.296875,0.14936810307472223
3400,0.3125,0.14936810307472223
3401,0.328125,0.14936810307472223
3402,0.34375,0.14936810307472223
3403,0.359375,0.14936810307472223
3404,0.375,0.14936810307472223
3405,0.390625,0.14936810307472223
3406,0.40625,0.14936810307472223
3407,0.421875,0.14936810307472223
3408,0.4375,0.14936810307472223
3409,0.453125,0.14936810307472223
3410,0.46875,0.14936810307472223
3411,0.484375,0.14936810307472223
3412,0.5,0.14936810307472223
3413,0.515625,0.14936810307472223
3414,0.53125,0.14936810307472223
3415,0.546875,0.14936810307472223
3416,0.5625,0.14936810307472223
3417,0.578125,0.14936810307472223
3418,0.59375,0.14936810307472223
3419,0.609375,0.14936810307472223
3420,0.625,0.14936810307472223
3421,0.640625,0.14936810307472223
3422,0.65625,0.14936810307472223
3423,0.671875,0.14936810307472223
3424,0.6875,0.14936810307472223
3425,0.703125,0.14936810307472223
3426,0.71875,0.14936810307472223
3427,0.734375,0.14936810307472223
3428,0.75,0.14936810307472223
3429,0.765625,0.14936810307472223
3430,0.78125,0.14936810307472223
3431,0.796875,0.14936810307472223
3432,0.8125,0.14936810307472223
3433,0.828125,0.14936810307472223
3434,0.84375,0.14936810307472223
3435,0.859375,0.14936810307472223
3436,0.875,0.14936810307472223
3437,0.890625,0.14936810307472223
3438,0.90625,0.14936810307472223
3439,0.921875,0.14936810307472223
3440,0.9375,0.14936810307472223
3441,0.953125,0.14936810307472223
3442,0.96875,0.14936810307472223
3443,0.984375,0.14936810307472223
3444,1.0,0.14936810307472223
3445,0.0,0.16070381466069844
3446,0.015625,0.16070381466069844
3447,0.03125,0.16070381466069844
3448,0.046875,0.16070381466069844
3449,0.0625,0.16070381466069844
3450,0.078125,0.16070381466069844
3451,0.09375,0.16070381466069844
3452,0.109375,0.16070381466069844
3453,0.125,0.16070381466069844
3454,0.140625,0.16070381466069844
3455,0.15625,0.16070381466069844
3456,0.171875,0.16070381466069844
3457,0.1875,0.16070381466069844
3458,0.203125,0.16070381466069844
3459,0.21875,0.16070381466069844
3460,0.234375,0.16070381466069844
3461,0.25,0.16070381466069844
3462,0.265625,0.16070381466069844
3463,0.28125,0.16070381466069844
3464,0.296875,0.16070381466069844
3465,0.3125,0.16070381466069844
3466,0.328125,0.16070381466069844
3467,0.34375,0.16070381466069844
3468,0.359375,0.16070381466069844
3469,0.375,0.16070381466069844
3470,0.390625,0.16070381466069844
3471,0.40625,0.16070381466069844
3472,0.421875,0.16070381466069844
3473,0.4375,0.16070381466069844
3474,0.453125,0.16070381466069844
3475,0.46875,0.16070381466069844
3476,0.484375,0.16070381466069844
3477,0.5,0.16070381466069844
3478,0.515625,0.16070381466069844
3479,0.53125,0.16070381466069844
3480,0.546875,0.16070381466069844
3481,0.5625,0.16070381466069844
3482,0.578125,0.16070381466069844
3483,0.59375,0.16070381466069844
3484,0.609375,0.16070381466069844
3485,0.625,0.16070381466069844
3486,0.640625,0.16070381466069844
3487,0.65625,0.16070381466069844
3488,0.671875,0.16070381466069844
3489,0.6875,0.16070381466069844
3490,0.703125,0.16070381466069844
3491,0.71875,0.16070381466069844
3492,0.734375,0.16070381466069844
3493,0.75,0.16070381466069844
3494,0.765625,0.16070381466069844
3495,0.78125,0.16070381466069844
3496,0.796875,0.16070381466069844
3497,0.8125,0.16070381466069844
3498,0.828125,0.16070381466069844
3499,0.84375,0.16070381466069844
3500,0.859375,0.16070381466069844
3501,0.875,0.16070381466069844
3502,0.890625,0.16070381466069844
3503,0.90625,0.16070381466069844
3504,0.921875,0.16070381466069844
3505,0.9375,0.16070381466069844
3506,0.953125,0.16070381466069844
3507,0.96875,0.16070381466069844
3508,0.984375,0.16070381466069844
3509,1.0,0.16070381466069844
3510,0.0,0.1728788385506877
3511,0.015625,0.1728788385506877
3512,0.03125,0.1728788385506877
3513,0.046875,0.1728788385506877
3514,0.0625,0.1728788385506877
3515,0.078125,0.1728788385506877
3516,0.09375,0.1728788385506877
3517,0.109375,0.1728788385506877
3518,0.125,0.1728788385506877
3519,0.140625,0.1728788385506877
3520,0.15625,0.1728788385506877
3521,0.171875,0.1728788385506877
3522,0.1875,0.1728788385506877
3523,0.203125,0.1728788385506877
3524,0.21875,0.1728788385506877
3525,0.234375,0.1728788385506877
3526,0.25,0.1728788385506877
3527,0.265625,0.1728788385506877
3528,0.28125,0.1728788385506877
3529,0.296875,0.1728788385506877
3530,0.3125,0.1728788385506877
3531,0.328125,0.1728788385506877
3532,0.34375,0.1728788385506877
3533,0.359375,0.1728788385506877
3534,0.375,0.1728788385506877
3535,0.390625,0.1728788385506877
3536,0.40625,0.1728788385506877
3537,0.421875,0.1728788385506877
3538,0.4375,0.1728788385506877
3539,0.453125,0.1728788385506877
3540,0.46875,0.1728788385506877
3541,0.484375,0.1728788385506877
3542,0.5,0.1728788385506877
3543,0.515625,0.1728788385506877
3544,0.53125,0.1728788385506877
3545,0.546875,0.1728788385506877
3546,0.5625,0.1728788385506877
3547,0.578125,0.1728788385506877
3548,0.59375,0.1728788385506877
3549,0.609375,0.1728788385506877
3550,0.625,0.1728788385506877
3551,0.640625,0.1728788385506877
3552,0.65625,0.1728788385506877
3553,0.671875,0.1728788385506877
3554,0.6875,0.1728788385506877
3555,0.703125,0.1728788385506877
3556,0.71875,0.1728788385506877
3557,0.734375,0.1728788385506877
3558,0.75,0.1728788385506877
3559,0.765625,0.1728788385506877
3560,0.78125,0.1728788385506877
3561,0.796875,0.1728788385506877
3562,0.8125,0.1728788385506877
3563,0.828125,0.1728788385506877
3564,0.84375,0.1728788385506877
3565,0.859375,0.1728788385506877
3566,0.875,0.1728788385506877
3567,0.890625,0.1728788385506877
3568,0.90625,0.1728788385506877
3569,0.921875,0.1728788385506877
3570,0.9375,0.1728788385506877
3571,0.953125,0.1728788385506877
3572,0.96875,0.1728788385506877
3573,0.984375,0.1728788385506877
3574,1.0,0.1728788385506877
3575,0.0,0.18595531862849676
3576,0.015625,0.18595531862849676
3577,0.03125,0.18595531862849676
3578,0.046875,0.18595531862849676
3579,0.0625,0.18595531862849676
3580,0.078125,0.18595531862849676
3581,0.09375,0.18595531862849676
3582,0.109375,0.18595531862849676
3583,0.125,0.18595531862849676
3584,0.140625,0.18595531862849676
3585,0.15625,0.18595531862849676
3586,0.171875,0.18595531862849676
3587,0.1875,0.18595531862849676
3588,0.203125,0.18595531862849676
3589,0.21875,0.18595531862849676
3590,0.234375,0.18595531862849676
3591,0.25,0.18595531862849676
3592,0.265625,0.18595531862849676
3593,0.28125,0.18595531862849676
3594,0.296875,0.18595531862849676
3595,0.3125,0.18595531862849676
3596,0.328125,0.18595531862849676
3597,0.34375,0.18595531862849676
3598,0.359375,0.18595531862849676
3599,0.375,0.18595531862849676
3600,0.390625,0.18595531862849676
3601,0.40625,0.18595531862849676
3602,0.421875,0.18595531862849676
3603,0.4375,0.18595531862849676
3604,0.453125,0.18595531862849676
3605,0.46875,0.18595531862849676
3606,0.484375,0.18595531862849676
3607,0.5,0.18595531862849676
3608,0.515625,0.18595531862849676
3609,0.53125,0.18595531862849676
3610,0.546875,0.18595531862849676
3611,0.5625,0.18595531862849676
3612,0.578125,0.18595531862849676
3613,0.59375,0.18595531862849676
3614,0.609375,0.18595531862849676
3615,0.625,0.18595531862849676
3616,0.640625,0.18595531862849676
3617,0.65625,0.18595531862849676
3618,0.671875,0.18595531862849676
3619,0.6875,0.18595531862849676
3620,0.703125,0.18595531862849676
3621,0.71875,0.18595531862849676
3622,0.734375,0.18595531862849676
3623,0.75,0.18595531862849676
3624,0.765625,0.18595531862849676
3625,0.78125,0.18595531862849676
3626,0.796875,0.18595531862849676
3627,0.8125,0.18595531862849676
3628,0.828125,0.18595531862849676
3629,0.84375,0.18595531862849676
3630,0.859375,0.18595531862849676
3631,0.875,0.18595531862849676
3632,0.890625,0.18595531862849676
3633,0.90625,0.18595531862849676
3634,0.921875,0.18595531862849676
3635,0.9375,0.18595531862849676
3636,0.953125,0.18595531862849676
3637,0.96875,0.18595531862849676
3638,0.984375,0.18595531862849676
3639,1.0,0.18595531862849676
3640,0.0,0.2
3641,0.015625,0.2
3642,0.03125,0.2
3643,0.046875,0.2
3644,0.0625,0.2
3645,0.078125,0.2
3646,0.09375,0.2
3647,0.109375,0.2
3648,0.125,0.2
3649,0.140625,0.2
3650,0.15625,0.2
3651,0.171875,0.2
3652,0.1875,0.2
3653,0.203125,0.2
3654,0.21875,0.2
3655,0.234375,0.2
3656,0.25,0.2
3657,0.265625,0.2
3658,0.28125,0.2
3659,0.296875,0.2
3660,0.3125,0.2
3661,0.328125,0.2
3662,0.34375,0.2
3663,0.359375,0.2
3664,0.375,0.2
3665,0.390625,0.2
3666,0.40625,0.2
3667,0.421875,0.2
3668,0.4375,0.2
3669,0.453125,0.2
3670,0.46875,0.2
3671,0.484375,0.2
3672,0.5,0.2
3673,0.515625,0.2
3674,0.53125,0.2
3675,0.546875,0.2
3676,0.5625,0.2
3677,0.578125,0.2
3678,0.59375,0.2
3679,0.609375,0.2
3680,0.625,0.2
3681,0.640625,0.2
3682,0.65625,0.2
3683,0.671875,0.2
3684,0.6875,0.2
3685,0.703125,0.2
3686,0.71875,0.2
3687,0.734375,0.2
3688,0.75,0.2
3689,0.765625,0.2
3690,0.78125,0.2
3691,0.796875,0.2
3692,0.8125,0.2
3693,0.828125,0.2
3694,0.84375,0.2
3695,0.859375,0.2
3696,0.875,0.2
3697,0.890625,0.2
3698,0.90625,0.2
3699,0.921875,0.2
3700,0.9375,0.2
3701,0.953125,0.2
3702,0.96875,0.2
3703,0.984375,0.2
3704,1.0,0.2
