iteration,continuity,momentum,mass_imbalance,velocity_change,u_residual,v_residual
1,2.949029909160572e-17,5.410995999421003,9.71445146547012e-17,0.5562991500601389,5.31289184778619,5.410995999421003
2,1.734723475976807e-17,2.7998954211739235,1.3183898417423734e-16,0.16104763349983586,2.7998954211739235,2.782778016021756
3,2.0816681711721685e-17,1.5712995740873001,0.0,0.10474928240576808,1.5712995740873006,1.5030823159578717
4,1.3877787807814457e-17,0.979208467556488,4.163336342344337e-17,0.07485807752946283,0.979208467556488,0.8744382823073102
5,1.734723475976807e-17,0.6867814101548047,0.0,0.05893359293725253,0.6867814101548048,0.5800159383322505
6,1.5612511283791264e-17,0.5386717469990867,3.469446951953614e-17,0.04690657172648521,0.5386717469990869,0.44872326055557266
7,1.734723475976807e-17,0.4603099988146928,2.0816681711721685e-17,0.03776549761156811,0.46030999881469287,0.3874558501473921
8,1.734723475976807e-17,0.4169174676302577,4.163336342344337e-17,0.033551485851439966,0.41691746763025783,0.3557754790944043
9,1.3877787807814457e-17,0.39134315997937863,6.938893903907228e-18,0.0301567520527114,0.3913431599793786,0.3374027309254834
10,1.734723475976807e-17,0.37511901395144825,6.245004513516506e-17,0.028486932315743063,0.3751190139514482,0.3249089473598777
11,2.0816681711721685e-17,0.36407420015756,3.469446951953614e-17,0.027419304720025517,0.3640742001575601,0.31511909144659295
12,1.3877787807814457e-17,0.3559947137800984,4.163336342344337e-17,0.02630559827451584,0.3559947137800984,0.30712115040859056
13,1.3877787807814457e-17,0.34978553614997,4.163336342344337e-17,0.025167789106609884,0.34978553614997,0.30012694045303534
14,1.3877787807814457e-17,0.34482804008265755,6.938893903907228e-18,0.024020450790268377,0.3448280400826575,0.29395179432732366
15,1.734723475976807e-17,0.3405854938346896,1.3877787807814457e-16,0.022874381465484928,0.3405854938346896,0.2881629139561598
16,1.3877787807814457e-17,0.337055771514561,1.3877787807814457e-17,0.0217354864613295,0.337055771514561,0.28275639720995205
17,1.734723475976807e-17,0.33409508119154363,5.551115123125783e-17,0.020596833357164113,0.3340950811915436,0.27772250997054965
18,1.3877787807814457e-17,0.3315363354496276,2.7755575615628914e-17,0.01945936430135098,0.3315363354496275,0.27315794165911167
19,1.3877787807814457e-17,0.3294358133517739,4.163336342344337e-17,0.018342475440294104,0.3294358133517739,0.26884205553532786
20,1.734723475976807e-17,0.3276124574362572,3.469446951953614e-17,0.017254716143388582,0.3276124574362572,0.2648917394911198
21,1.734723475976807e-17,0.32607674506138323,1.6653345369377348e-16,0.016213929345101907,0.32607674506138323,0.2612668905687796
22,1.3877787807814457e-17,0.32477637370943224,8.326672684688674e-17,0.015239597974101904,0.32477637370943224,0.2579580337085687
23,1.3877787807814457e-17,0.3235984734183647,1.6653345369377348e-16,0.014322472106842676,0.3235984734183647,0.25484621738475144
24,1.3877787807814457e-17,0.3226019813257506,7.632783294297951e-17,0.013515315799950245,0.3226019813257506,0.25191223707746546
25,1.3877787807814457e-17,0.3217699861963625,2.7755575615628914e-17,0.013021283784135917,0.32176998619636255,0.24910992719180364
26,1.734723475976807e-17,0.3210352663397346,2.7755575615628914e-17,0.012529644675605467,0.3210352663397346,0.24654220759875647
27,1.734723475976807e-17,0.3203699446948373,1.249000902703301e-16,0.012040923283617944,0.32036994469483726,0.2441245948196132
28,1.3877787807814457e-17,0.3197988466045539,6.245004513516506e-17,0.011537126202050163,0.3197988466045539,0.2419270966538049
29,2.0816681711721685e-17,0.3192315432784353,1.3877787807814457e-17,0.011030021644275911,0.3192315432784353,0.2398059848786245
30,1.734723475976807e-17,0.31869157058427466,1.249000902703301e-16,0.010527159859664237,0.31869157058427466,0.2377888039491028
31,1.734723475976807e-17,0.3181702692431493,1.5265566588595902e-16,0.01003374890638975,0.3181702692431494,0.23581981608584252
32,1.734723475976807e-17,0.31767897034122744,1.1102230246251565e-16,0.009553355800111296,0.3176789703412274,0.23392782137513768
33,1.734723475976807e-17,0.3171744552077398,6.245004513516506e-17,0.009088330320077387,0.3171744552077398,0.23209992442606273
34,1.734723475976807e-17,0.3166954832503575,9.71445146547012e-17,0.008640075880143816,0.31669548325035746,0.23026125536008493
35,1.734723475976807e-17,0.31619336188391656,4.85722573273506e-17,0.008209747507222032,0.3161933618839165,0.22849971445850292
36,1.3877787807814457e-17,0.31568300602275756,5.551115123125783e-17,0.007797820169082037,0.31568300602275756,0.22673167150338938
37,1.3877787807814457e-17,0.3151482053800181,6.938893903907228e-18,0.007723259568488516,0.3151482053800181,0.22501543600904944
38,1.3877787807814457e-17,0.3145882241599909,5.551115123125783e-17,0.007690762133186535,0.3145882241599909,0.2233169640713906
39,1.734723475976807e-17,0.31401506760250486,1.3877787807814457e-17,0.007663603785224571,0.31401506760250475,0.22163899526870337
40,1.3877787807814457e-17,0.31339614996591225,1.0408340855860843e-16,0.007634736819366439,0.31339614996591225,0.21998198006773506
41,1.734723475976807e-17,0.31276385315522315,2.7755575615628914e-17,0.007602196789596061,0.31276385315522315,0.2183366972345966
42,1.3877787807814457e-17,0.31209406601064843,2.7755575615628914e-17,0.007573258830363638,0.3120940660106485,0.2167117061221635
43,1.3877787807814457e-17,0.31142686232105543,2.7755575615628914e-17,0.007543183612782278,0.3114268623210554,0.215087871510649
44,1.3877787807814457e-17,0.3107230575965863,1.1102230246251565e-16,0.007507663270307163,0.31072305759658625,0.213467578759202
45,1.3877787807814457e-17,0.3099607473449055,2.7755575615628914e-17,0.007478744647700375,0.3099607473449054,0.21190956439939646
46,1.734723475976807e-17,0.3092277382181869,4.163336342344337e-17,0.007444864750885016,0.3092277382181869,0.21032268488742584
47,1.3877787807814457e-17,0.30843840191757,6.938893903907228e-17,0.007409396277847757,0.30843840191757005,0.20875431917327422
48,1.3877787807814457e-17,0.3075890035720914,2.0816681711721685e-17,0.00737731082149673,0.3075890035720914,0.20721886521871818
49,1.3877787807814457e-17,0.30672736422135816,6.938893903907228e-18,0.007339334345671578,0.3067273642213581,0.20562530658113326
50,1.3877787807814457e-17,0.30586596749423794,7.632783294297951e-17,0.007311259627532873,0.305865967494238,0.2041059822169986
51,1.734723475976807e-17,0.30495199127796757,4.85722573273506e-17,0.007279964845462672,0.3049519912779676,0.2025750404338398
52,1.734723475976807e-17,0.3040008453598665,2.7755575615628914e-17,0.007245166982469242,0.30400084535986643,0.20098974310246698
53,1.734723475976807e-17,0.30305629836282755,7.632783294297951e-17,0.007211742519079634,0.30305629836282755,0.19949327260934496
54,1.3877787807814457e-17,0.30205028563061165,6.938893903907228e-18,0.00717343810662785,0.30205028563061165,0.1979828943134446
55,1.3877787807814457e-17,0.30101966745129255,3.469446951953614e-17,0.007136703729369476,0.30101966745129255,0.1964054893160122
56,1.3877787807814457e-17,0.29997974218478185,2.0816681711721685e-17,0.007094458637739387,0.29997974218478185,0.19492029013984716
57,1.3877787807814457e-17,0.29890030872050194,6.938893903907228e-18,0.0070542566561716535,0.2989003087205019,0.19343842694498417
58,1.3877787807814457e-17,0.2978002155950188,1.3877787807814457e-17,0.007005835908174607,0.2978002155950188,0.1918644630449502
59,1.214306433183765e-17,0.2966506451224172,2.0816681711721685e-17,0.006962341487650181,0.29665064512241723,0.1903795673699636
60,1.3877787807814457e-17,0.29550457825599247,1.1796119636642288e-16,0.006909009801576382,0.2955045782559924,0.18892710691524064
61,1.734723475976807e-17,0.2943403267878776,0.0,0.006858174044451326,0.29434032678787764,0.1874036286370671
62,1.5612511283791264e-17,0.29312262604469486,1.1102230246251565e-16,0.0068020925216834005,0.2931226260446948,0.18588246198728042
63,1.3877787807814457e-17,0.29191577002557245,1.3877787807814457e-17,0.0067389272289436475,0.29191577002557245,0.18445121167659828
64,1.734723475976807e-17,0.2907014072718454,6.245004513516506e-17,0.0066805125542076516,0.2907014072718454,0.18297077063965278
65,2.0816681711721685e-17,0.28943216727687004,1.3877787807814457e-17,0.006613319855712785,0.28943216727687,0.18143346927447956
66,1.734723475976807e-17,0.2881594154938798,5.551115123125783e-17,0.006540432708755817,0.2881594154938798,0.1800174592428233
67,1.3877787807814457e-17,0.28687737826251763,2.0816681711721685e-17,0.006471004492567212,0.2868773782625176,0.17858296756085562
68,1.3877787807814457e-17,0.2855811439799399,6.938893903907228e-17,0.006413004446608306,0.2855811439799399,0.1770932785667606
69,1.3877787807814457e-17,0.2842667874509913,6.938893903907228e-18,0.006358032460850427,0.2842667874509913,0.17566022413360236
70,1.734723475976807e-17,0.2829197827914612,3.469446951953614e-17,0.006305952822550198,0.2829197827914611,0.17427037324830966
71,1.734723475976807e-17,0.28158413994512227,4.85722573273506e-17,0.006248944542551649,0.2815841399451222,0.17282845105151706
72,1.3877787807814457e-17,0.28028493731221843,3.469446951953614e-17,0.006183144260576645,0.28028493731221843,0.17136175295989736
73,1.3877787807814457e-17,0.27895126472497533,1.3877787807814457e-17,0.006108892680765754,0.27895126472497533,0.17002763072958688
74,1.734723475976807e-17,0.2775797645871889,1.3877787807814457e-17,0.00602656257237999,0.2775797645871889,0.16866326076108393
75,1.734723475976807e-17,0.27621227411694305,3.469446951953614e-17,0.005936557925617425,0.27621227411694305,0.1672491587874403
76,2.0816681711721685e-17,0.27488243843622107,4.85722573273506e-17,0.0058482013944126665,0.27488243843622107,0.16585780330452699
77,1.734723475976807e-17,0.2735269523045656,1.457167719820518e-16,0.0057588660558551275,0.2735269523045656,0.16455409724477368
78,1.734723475976807e-17,0.27218613181558815,9.71445146547012e-17,0.005662721611152277,0.27218613181558815,0.16321240207531912
79,1.734723475976807e-17,0.270830941907999,1.3877787807814457e-17,0.005560234814738163,0.27083094190799895,0.16181852926044674
80,1.734723475976807e-17,0.2694633873995629,9.71445146547012e-17,0.005451890804637871,0.2694633873995629,0.1604772577109416
81,1.3877787807814457e-17,0.2681432641556359,1.3877787807814457e-17,0.005338190535833842,0.26814326415563594,0.15921050269122994
82,1.3877787807814457e-17,0.2668226276030414,5.551115123125783e-17,0.005219648074076322,0.2668226276030414,0.15788816831440777
83,1.734723475976807e-17,0.2654742113865439,4.163336342344337e-17,0.0050967876226639675,0.2654742113865439,0.15652020920352733
84,1.734723475976807e-17,0.2641322111443397,9.71445146547012e-17,0.0049701402430931685,0.26413221114433977,0.15523846053812812
85,1.734723475976807e-17,0.2628289505679542,1.3877787807814457e-17,0.004840240382844696,0.2628289505679542,0.15399303350409885
86,1.3877787807814457e-17,0.2615309465311402,4.163336342344337e-17,0.004707622034094694,0.2615309465311401,0.1527016409427001
87,1.734723475976807e-17,0.26021045211286964,2.0816681711721685e-17,0.00457281467328613,0.26021045211286964,0.1513647959297449
88,1.3877787807814457e-17,0.25890313106851814,2.0816681711721685e-17,0.0044363398237399765,0.25890313106851814,0.1501264240898568
89,1.734723475976807e-17,0.25761208674056596,2.0816681711721685e-17,0.004298707221175091,0.25761208674056596,0.14891161577090545
90,1.734723475976807e-17,0.2563353911893703,1.3877787807814457e-17,0.004166931883651137,0.2563353911893703,0.14766348359730175
91,1.734723475976807e-17,0.2550355318025209,8.326672684688674e-17,0.004037498090163294,0.255035531802521,0.14637846925106535
92,1.4094628242311558e-17,0.2537666156145537,9.71445146547012e-17,0.00390780952958486,0.2537666156145537,0.1451650423556102
93,1.734723475976807e-17,0.25250364052119334,0.0,0.0037782895392107774,0.2525036405211934,0.1439831699085856
94,1.734723475976807e-17,0.2512039479948749,5.551115123125783e-17,0.003649316954678461,0.25120394799487494,0.14280996202224006
95,1.734723475976807e-17,0.24995978001812877,4.163336342344337e-17,0.00352126068946218,0.24995978001812877,0.14159311421537052
96,1.734723475976807e-17,0.24870702302952616,5.551115123125783e-17,0.0033944648285763046,0.24870702302952616,0.14037794397070058
97,1.3877787807814457e-17,0.24743817801293674,6.938893903907228e-17,0.003269247011454701,0.24743817801293677,0.13924294388811326
98,1.3877787807814457e-17,0.24618749607256663,1.1102230246251565e-16,0.0031458986545699896,0.24618749607256665,0.13811980634320392
99,1.3877787807814457e-17,0.24493576015677884,4.85722573273506e-17,0.003024683571998865,0.24493576015677884,0.13698214370018139
100,1.734723475976807e-17,0.24366500117185874,7.632783294297951e-17,0.0029058387667853514,0.24366500117185874,0.13581219328936928
101,1.734723475976807e-17,0.24242245933358655,6.938893903907228e-17,0.0027895770796909636,0.24242245933358653,0.13467677034292405
102,1.734723475976807e-17,0.24115672335727187,6.938893903907228e-18,0.002676086065360017,0.24115672335727187,0.13360968370401485
103,1.734723475976807e-17,0.2398984397847063,2.7755575615628914e-17,0.0025655270908128136,0.2398984397847063,0.13250553708408186
104,1.734723475976807e-17,0.23863301746848972,1.3877787807814457e-17,0.0024580377575382784,0.23863301746848972,0.13138879897136366
105,1.734723475976807e-17,0.23735055326304494,1.3877787807814457e-17,0.0023537324947027205,0.23735055326304488,0.13028531870124255
106,1.3877787807814457e-17,0.23604582338639946,3.469446951953614e-17,0.0022527036866267225,0.23604582338639946,0.12921272527837085
107,1.734723475976807e-17,0.23475993806410914,1.1796119636642288e-16,0.002155022839515963,0.23475993806410914,0.12814326214434277
108,1.734723475976807e-17,0.2334856369099865,2.7755575615628914e-17,0.0020607417780518777,0.2334856369099865,0.12707796974888796
109,1.734723475976807e-17,0.23219103575239952,2.0816681711721685e-17,0.001969893861665184,0.23219103575239952,0.12602293152949406
110,2.0816681711721685e-17,0.23084390219394302,9.020562075079397e-17,0.001882495215581037,0.23084390219394305,0.124982256485953
111,1.3877787807814457e-17,0.22948563883183748,6.245004513516506e-17,0.0018252954452475656,0.22948563883183748,0.12393219498994858
112,1.734723475976807e-17,0.2281851267012105,9.71445146547012e-17,0.0017779613244853776,0.2281851267012105,0.12290698579780958
113,1.3877787807814457e-17,0.22686605250049718,6.245004513516506e-17,0.0017314826527856653,0.22686605250049713,0.12190388257628634
114,1.734723475976807e-17,0.2255211259237067,8.326672684688674e-17,0.0016858698824139262,0.2255211259237067,0.12089836128635739
115,1.3877787807814457e-17,0.22410943291348456,1.5265566588595902e-16,0.001641132642949239,0.22410943291348456,0.11988120738769961
116,1.734723475976807e-17,0.22273537493679937,6.938893903907228e-17,0.0015972798472367877,0.2227353749367994,0.11887042693657335
117,1.734723475976807e-17,0.2213721794734981,5.551115123125783e-17,0.0015543195481184657,0.22137217947349813,0.11791962023781115
118,1.5612511283791264e-17,0.2200080447474557,9.020562075079397e-17,0.001512360150857428,0.2200080447474557,0.11694565401325469
119,1.3877787807814457e-17,0.21860921858146765,8.326672684688674e-17,0.001481281553675995,0.21860921858146765,0.1159592231195834
120,1.734723475976807e-17,0.21718481832630598,1.3877787807814457e-17,0.0014559321714637807,0.21718481832630598,0.11498798976629154
121,1.5612511283791264e-17,0.21576139524042998,2.0816681711721685e-17,0.0014304711835350092,0.21576139524042998,0.1140338972641406
122,1.3877787807814457e-17,0.21433198361130407,6.938893903907228e-18,0.0014049140805088012,0.21433198361130407,0.11313736151477569
123,1.734723475976807e-17,0.21288960165982515,7.632783294297951e-17,0.0013792879790396895,0.21288960165982515,0.11220919775176319
124,1.5612511283791264e-17,0.21143493934968263,2.0816681711721685e-17,0.0013536204450876888,0.2114349393496826,0.11124255690918636
125,1.3877787807814457e-17,0.2099954327890272,2.0816681711721685e-17,0.001327939412515966,0.20999543278902721,0.11032244412362519
126,1.734723475976807e-17,0.20851729180175174,6.938893903907228e-18,0.0013022740847570824,0.20851729180175177,0.1094323265246103
127,2.0816681711721685e-17,0.2070294658062775,9.020562075079397e-17,0.001276651814385743,0.20702946580627754,0.10854416633829146
128,1.734723475976807e-17,0.2055278244071263,6.938893903907228e-18,0.0012511000846451292,0.20552782440712633,0.10766714511315272
129,1.3877787807814457e-17,0.20402454621758556,4.163336342344337e-17,0.0012256465236045178,0.20402454621758556,0.10676585804035457
130,2.0816681711721685e-17,0.2025432184062429,4.85722573273506e-17,0.001200318185879068,0.2025432184062429,0.10587069143409039
131,1.734723475976807e-17,0.20102966096042274,8.326672684688674e-17,0.0011751413976211489,0.20102966096042274,0.10503407772664028
132,1.734723475976807e-17,0.1994982144699864,4.163336342344337e-17,0.0011531245614993524,0.1994982144699864,0.10421013473691773
133,1.734723475976807e-17,0.1979817422166089,2.7755575615628914e-17,0.0011355563716187733,0.1979817422166089,0.10337845876768396
134,2.0816681711721685e-17,0.19646876130760382,6.938893903907228e-18,0.001117775328263626,0.1964687613076038,0.10254035645498506
135,1.734723475976807e-17,0.19493821396754502,1.1102230246251565e-16,0.0010998051874719361,0.19493821396754502,0.1016798190720754
136,2.0816681711721685e-17,0.19337112554943167,6.938893903907228e-17,0.0010816703235506653,0.19337112554943167,0.1008698191147166
137,1.3877787807814457e-17,0.19177069215281467,3.469446951953614e-17,0.0010633955231589276,0.19177069215281464,0.10008592136053254
138,2.0816681711721685e-17,0.19020988511272688,5.551115123125783e-17,0.0010450057836432491,0.19020988511272688,0.099287956235654
139,1.734723475976807e-17,0.1886835768623799,2.7755575615628914e-17,0.0010265261256593439,0.1886835768623799,0.09850889917072791
140,1.3877787807814457e-17,0.18711472224977782,7.632783294297951e-17,0.0010079814206787607,0.1871147222497778,0.09773556432224162
141,1.734723475976807e-17,0.18552711005064806,5.551115123125783e-17,0.000989396244330032,0.18552711005064806,0.09694594123035205
142,1.5612511283791264e-17,0.1838780232083742,6.245004513516506e-17,0.0009707947433811315,0.1838780232083742,0.09619120671279077
143,1.734723475976807e-17,0.1822406779558664,9.020562075079397e-17,0.000954406065763802,0.1822406779558664,0.09546056213738702
144,1.3877787807814457e-17,0.18067956265994295,2.0816681711721685e-17,0.0009385478023768989,0.18067956265994295,0.09472325720574509
145,1.9081958235744878e-17,0.17909890281295426,1.3183898417423734e-16,0.000922579820078262,0.17909890281295432,0.09401141248940288
146,1.734723475976807e-17,0.17751458543590523,3.469446951953614e-17,0.0009065244127387517,0.17751458543590523,0.09330510738561475
147,1.4094628242311558e-17,0.17589170066349127,2.0816681711721685e-17,0.0008904035686012612,0.17589170066349125,0.09259038216009882
148,1.3877787807814457e-17,0.17424125152996725,6.938893903907228e-18,0.0008742410183484317,0.17424125152996722,0.09189842909241039
149,1.0408340855860843e-17,0.17260342134095458,6.938893903907228e-18,0.0008582931941669703,0.17260342134095458,0.0912317250616464
150,1.734723475976807e-17,0.17103151658362628,3.469446951953614e-17,0.0008444827474912708,0.17103151658362628,0.09055855165138094
151,1.3877787807814457e-17,0.16944415798420673,1.1796119636642288e-16,0.0008305163259410553,0.1694441579842067,0.08991350523522798
152,1.734723475976807e-17,0.1678604187301927,9.020562075079397e-17,0.0008164152116824641,0.1678604187301927,0.08928118947747168
153,1.3877787807814457e-17,0.1662421212488298,6.938893903907228e-18,0.0008026405155471261,0.16624212124882984,0.0886316244709051
154,1.734723475976807e-17,0.1645913950509365,4.85722573273506e-17,0.0007899818903240874,0.1645913950509365,0.08799948490522787
155,1.3877787807814457e-17,0.16298340077764698,9.020562075079397e-17,0.0007771681873158243,0.162983400777647,0.08734114891412216
156,1.734723475976807e-17,0.1614055752934541,6.938893903907228e-18,0.0007642192391970615,0.1614055752934541,0.08669729999868374
157,1.734723475976807e-17,0.1598321330339636,9.020562075079397e-17,0.0007511548671700896,0.1598321330339636,0.08604722850399354
158,2.0816681711721685e-17,0.15829069050066652,8.326672684688674e-17,0.0007379947731491199,0.15829069050066658,0.08542283415909681
159,1.3877787807814457e-17,0.1567281793838297,1.5265566588595902e-16,0.0007247584408618946,0.15672817938382969,0.08477913365289305
160,1.3877787807814457e-17,0.15515040027107296,2.7755575615628914e-17,0.000711465045677595,0.15515040027107296,0.08416070730530195
161,1.5612511283791264e-17,0.15359175097345068,0.0,0.0006989979360392251,0.15359175097345068,0.08351749076363314
162,1.3877787807814457e-17,0.15205503631050898,0.0,0.0006875458418542646,0.15205503631050898,0.08288309234016064
163,2.0816681711721685e-17,0.15050900081529514,4.163336342344337e-17,0.0006819464668340602,0.15050900081529514,0.08222579534121502
164,1.734723475976807e-17,0.1490047238326139,1.3877787807814457e-16,0.0006766578490343678,0.1490047238326139,0.08158579141361916
165,1.3877787807814457e-17,0.14750968847348003,5.551115123125783e-17,0.0006709864668620336,0.14750968847348003,0.08094240472961237
166,1.1275702593849246e-17,0.14599369447697766,4.85722573273506e-17,0.0006649515376738746,0.14599369447697763,0.08029305575174017
167,1.3877787807814457e-17,0.14450122790790634,4.163336342344337e-17,0.0006585727534352825,0.14450122790790637,0.07962290779116987
168,1.734723475976807e-17,0.14300700776728567,6.938893903907228e-18,0.0006518701877019639,0.14300700776728567,0.0789560648272418
169,2.0816681711721685e-17,0.14153705634522212,3.469446951953614e-17,0.0006450633438930264,0.14153705634522212,0.07826052104194195
170,1.214306433183765e-17,0.14007227344654455,3.469446951953614e-17,0.0006405238786705292,0.14007227344654455,0.07753960639109087
171,1.3877787807814457e-17,0.13861861090528713,0.0,0.0006356291287157312,0.13861861090528715,0.0768212462784577
172,2.0816681711721685e-17,0.13718709913583665,0.0,0.0006303951735496804,0.13718709913583663,0.0760999067786025
173,1.3877787807814457e-17,0.13578075250371413,9.71445146547012e-17,0.0006248385565243986,0.13578075250371413,0.07534850365337176
174,1.3877787807814457e-17,0.13435644803373528,4.85722573273506e-17,0.0006189762096915352,0.13435644803373528,0.07459496594952453
175,1.3877787807814457e-17,0.13295573551768328,9.020562075079397e-17,0.0006128253788956206,0.13295573551768328,0.07382557978119819
176,1.734723475976807e-17,0.13155137744930198,9.71445146547012e-17,0.0006068779197226926,0.131551377449302,0.07303972585792598
177,1.734723475976807e-17,0.13018538070181332,4.85722573273506e-17,0.0006027464080218259,0.13018538070181332,0.07225338089717777
178,1.734723475976807e-17,0.1288212049370288,0.0,0.00059829656050292,0.1288212049370288,0.0714635775764064
179,1.734723475976807e-17,0.12746846161612913,6.938893903907228e-17,0.0005935421222995618,0.1274684616161291,0.07065038586417263
180,1.3877787807814457e-17,0.12616012609591837,6.938893903907228e-18,0.0005884972354267548,0.1261601260959184,0.06982722057281252
181,1.734723475976807e-17,0.12482693470085994,6.938893903907228e-17,0.0005831763783131771,0.12482693470085994,0.06900792307773317
182,1.3877787807814457e-17,0.12349518906831805,2.7755575615628914e-17,0.0005775943054879829,0.12349518906831805,0.06818230010080834
183,1.734723475976807e-17,0.12219241010965348,2.0816681711721685e-17,0.0005721685739130677,0.12219241010965347,0.06734046563871869
184,1.3877787807814457e-17,0.120928575667437,4.85722573273506e-17,0.0005684655830121566,0.120928575667437,0.06650274436921232
185,1.474514954580286e-17,0.11966098808014454,3.469446951953614e-17,0.0005644738928468618,0.11966098808014453,0.06565770483672322
186,1.734723475976807e-17,0.11840864480371247,7.632783294297951e-17,0.000560205198149144,0.11840864480371247,0.06479132046838208
187,2.0816681711721685e-17,0.11718518418591332,4.85722573273506e-17,0.0005556715488959085,0.11718518418591331,0.06394690647069763
188,2.0816681711721685e-17,0.11595821876839763,1.0408340855860843e-16,0.0005508852943918452,0.11595821876839763,0.06310145478646005
189,1.734723475976807e-17,0.11471815026636509,2.0816681711721685e-17,0.000545859045572139,0.11471815026636509,0.062240141093456915
190,1.734723475976807e-17,0.11348536929089366,5.551115123125783e-17,0.0005409214980016674,0.11348536929089365,0.06137261842013073
191,1.3877787807814457e-17,0.1122872807828709,4.85722573273506e-17,0.0005375991686700221,0.1122872807828709,0.06051933740414934
192,1.3877787807814457e-17,0.11110475521250102,8.326672684688674e-17,0.0005340124256396628,0.11110475521250104,0.05965965307937713
193,2.42861286636753e-17,0.10995062364643476,9.71445146547012e-17,0.0005301713047757284,0.10995062364643476,0.05879779809475347
194,1.3877787807814457e-17,0.10881181222085967,6.938893903907228e-18,0.000526086166561246,0.10881181222085966,0.05795288271290996
195,1.3877787807814457e-17,0.10767425377109424,4.163336342344337e-17,0.000521767656040506,0.10767425377109424,0.05710539162916987
196,1.3877787807814457e-17,0.10653643154018073,4.163336342344337e-17,0.0005172266626448652,0.10653643154018073,0.05625074633238787
197,1.214306433183765e-17,0.10540206761584978,2.7755575615628914e-17,0.0005124742801171367,0.10540206761584978,0.05539411601828996
198,1.3877787807814457e-17,0.10428169617520434,6.938893903907228e-17,0.0005075217667265264,0.10428169617520433,0.05456570784726592
199,2.0816681711721685e-17,0.10316526386543132,2.0816681711721685e-17,0.000503871831088798,0.10316526386543132,0.05373800339471932
200,1.734723475976807e-17,0.10206862799437158,6.938893903907228e-18,0.0005007246550207123,0.10206862799437155,0.052898734571692654
201,1.734723475976807e-17,0.10099981009960372,6.938893903907228e-17,0.0004973479070196074,0.10099981009960372,0.05208211306516186
202,1.734723475976807e-17,0.09991487506778945,6.938893903907228e-18,0.0004937503497648432,0.09991487506778945,0.05127609968787787
203,1.734723475976807e-17,0.09882908769987683,4.163336342344337e-17,0.0004899409975674951,0.09882908769987682,0.05046319968011214
204,2.0816681711721685e-17,0.09775598108311721,4.163336342344337e-17,0.00048592908383293665,0.0977559810831172,0.04965657042235848
205,1.734723475976807e-17,0.09670205563315115,3.469446951953614e-17,0.0004817240285600599,0.09670205563315112,0.048886709245681816
206,1.734723475976807e-17,0.09566455071482584,7.632783294297951e-17,0.0004773354060361168,0.09566455071482584,0.04811362543453749
207,1.3877787807814457e-17,0.09462730325294455,1.0408340855860843e-16,0.00047277291287117773,0.09462730325294455,0.047331310287205254
208,1.3877787807814457e-17,0.0936028957809924,3.469446951953614e-17,0.000468046336518424,0.0936028957809924,0.04657185925550323
209,1.734723475976807e-17,0.09261721357452238,1.3877787807814457e-17,0.0004631655244153876,0.09261721357452238,0.045835585876456475
210,1.734723475976807e-17,0.09162115688701575,6.938893903907228e-18,0.00045814035386648744,0.09162115688701575,0.045097016561468264
211,2.42861286636753e-17,0.09061699779805464,6.938893903907228e-18,0.000452980702801864,0.09061699779805464,0.044371624346093236
212,2.0816681711721685e-17,0.08963831780664344,1.5959455978986625e-16,0.00044769642150865874,0.08963831780664344,0.04366621932755639
213,1.3877787807814457e-17,0.08869100954245837,5.551115123125783e-17,0.00044229730544920187,0.08869100954245837,0.042975713970725325
214,1.5612511283791264e-17,0.08775076162728285,1.1796119636642288e-16,0.0004367930692458222,0.08775076162728286,0.04228504117506646
215,1.734723475976807e-17,0.08680718872538606,7.632783294297951e-17,0.00043119332193242155,0.08680718872538606,0.04159674063216339
216,1.3877787807814457e-17,0.08585626423500872,3.469446951953614e-17,0.00042550754352610465,0.08585626423500871,0.0409455171254884
217,1.3877787807814457e-17,0.08489772048904205,2.7755575615628914e-17,0.00041974506299413683,0.08489772048904204,0.04030958663594696
218,1.734723475976807e-17,0.08393803634335872,0.0,0.00041391503766385895,0.08393803634335872,0.039677997793198194
219,1.5612511283791264e-17,0.08297107678353804,9.020562075079397e-17,0.0004080264341155271,0.08297107678353803,0.03904813268250356
220,1.3877787807814457e-17,0.08200120477160791,2.0816681711721685e-17,0.000402088010592494,0.08200120477160794,0.03844990478511337
221,2.0816681711721685e-17,0.08107423994274407,3.469446951953614e-17,0.0003961083009456079,0.08107423994274407,0.03786111756820114
222,1.734723475976807e-17,0.08018144518323655,4.163336342344337e-17,0.0003900956001272604,0.08018144518323653,0.03727408643825385
223,1.3877787807814457e-17,0.07928220940089786,4.163336342344337e-17,0.0003840579512321973,0.07928220940089786,0.036701081666176916
224,2.0816681711721685e-17,0.0783864213282213,6.245004513516506e-17,0.00037800313408242747,0.0783864213282213,0.03616271848718473
225,2.0816681711721685e-17,0.07748551097408683,1.1796119636642288e-16,0.0003719386553348025,0.07748551097408685,0.035637548798630916
226,2.0816681711721685e-17,0.07658105102903379,1.3877787807814457e-16,0.0003658717400920608,0.07658105102903379,0.03510895819404132
227,1.3877787807814457e-17,0.07567516425878486,6.938893903907228e-18,0.00035980932498025364,0.07567516425878484,0.03458749525036887
228,1.3877787807814457e-17,0.07477073871651395,8.326672684688674e-17,0.0003537580526571382,0.07477073871651395,0.03409382442226612
229,1.734723475976807e-17,0.07386876701519567,4.85722573273506e-17,0.00034772426770079967,0.07386876701519565,0.03360760068240355
230,1.734723475976807e-17,0.07296788611992452,1.1796119636642288e-16,0.000341714013836536,0.07296788611992452,0.03313574378106551
231,1.3877787807814457e-17,0.07209249946328149,6.938893903907228e-18,0.0003357330324293972,0.07209249946328149,0.032676003871484234
232,1.734723475976807e-17,0.07122056757882267,2.0816681711721685e-17,0.0003297867621989692,0.07122056757882267,0.032236611516937054
233,1.734723475976807e-17,0.07035554236396688,2.7755575615628914e-17,0.00032388034007380107,0.07035554236396688,0.03180721699892375
234,1.734723475976807e-17,0.06948766027133776,9.71445146547012e-17,0.00031801860313085406,0.06948766027133776,0.031386007171574
235,1.734723475976807e-17,0.06862426640935444,4.85722573273506e-17,0.0003122060915365932,0.06862426640935444,0.030962003419114436
236,1.734723475976807e-17,0.06776373805172323,2.7755575615628914e-17,0.00030644705242754977,0.06776373805172323,0.03054623502584739
237,1.5395670849294163e-17,0.06690486028926365,9.020562075079397e-17,0.0003007454446447566,0.06690486028926365,0.030151539386439167
238,1.734723475976807e-17,0.06605150785086983,4.85722573273506e-17,0.0002951049442535547,0.06605150785086983,0.029768014578638702
239,1.734723475976807e-17,0.0652025171250882,2.7755575615628914e-17,0.00028952895077305474,0.0652025171250882,0.029389218584618883
240,1.734723475976807e-17,0.06435253526519005,6.938893903907228e-18,0.0002840205940329854,0.06435253526519005,0.029028944193395446
241,1.734723475976807e-17,0.06350234705078889,6.245004513516506e-17,0.00027858274159175966,0.06350234705078889,0.02867507957901112
242,1.734723475976807e-17,0.06265352740616525,6.938893903907228e-18,0.0002732180066337131,0.06265352740616525,0.02831817923203234
243,1.734723475976807e-17,0.06180615021663234,3.469446951953614e-17,0.00026792875628756097,0.06180615021663234,0.02796001746499616
244,1.734723475976807e-17,0.0609592876147264,4.163336342344337e-17,0.0002627171202752576,0.0609592876147264,0.027602962114998686
245,1.3877787807814457e-17,0.06011507416450843,6.938893903907228e-17,0.00025758499985018,0.06011507416450843,0.027255797309071794
246,2.0816681711721685e-17,0.05927313711447327,5.551115123125783e-17,0.00025253407693581753,0.05927313711447326,0.026920266508230616
247,1.734723475976807e-17,0.05843301139155321,3.469446951953614e-17,0.00024756582342078115,0.05843301139155321,0.026584581344350787
248,1.3877787807814457e-17,0.057594661025076016,6.938893903907228e-18,0.00024268151054918086,0.057594661025076016,0.026254501990249535
249,1.734723475976807e-17,0.05676035949058968,6.938893903907228e-18,0.00023788221834120105,0.056760359490589676,0.025946049844995826
250,1.734723475976807e-17,0.05593052904787414,6.938893903907228e-18,0.00023316884501312085,0.05593052904787414,0.025635700501195676
251,2.0816681711721685e-17,0.05510354660970168,3.469446951953614e-17,0.00022854211632805654,0.055103546609701695,0.02532416567639554
252,2.0816681711721685e-17,0.05428140829995552,6.938893903907228e-17,0.00022400259485455543,0.05428140829995553,0.025013347793472848
253,1.734723475976807e-17,0.05346448943543054,3.469446951953614e-17,0.0002195506890777521,0.05346448943543054,0.024713840565236376
254,1.3877787807814457e-17,0.05265258625029601,4.85722573273506e-17,0.00021518666233821815,0.05265258625029601,0.02442746947702755
255,1.734723475976807e-17,0.0518442453065801,7.632783294297951e-17,0.0002109106415649764,0.0518442453065801,0.024141058179722674
256,1.3877787807814457e-17,0.05104053944859739,1.3877787807814457e-17,0.00020672262576815204,0.051040539448597384,0.02385771293770798
257,1.734723475976807e-17,0.050243297539973295,6.938893903907228e-17,0.0002026224942827115,0.050243297539973295,0.023572106944756525
258,1.734723475976807e-17,0.049450891102906847,6.938893903907228e-18,0.00019861001472409878,0.049450891102906847,0.02330021428085685
259,1.734723475976807e-17,0.04866414831411948,1.3877787807814457e-17,0.0001946848506554355,0.04866414831411948,0.023036053895333888
260,1.734723475976807e-17,0.04788299392153401,4.163336342344337e-17,0.00019084656894319263,0.04788299392153401,0.02277263785015418
261,1.3877787807814457e-17,0.04711061408973311,6.938893903907228e-18,0.0001870946467954493,0.04711061408973311,0.022517434110452723
262,1.734723475976807e-17,0.04634654491164193,2.0816681711721685e-17,0.00018342847847330201,0.04634654491164193,0.022278132557676526
263,1.3877787807814457e-17,0.04558803640513942,9.020562075079397e-17,0.00017984738167453607,0.045588036405139414,0.022040521300513996
264,1.3877787807814457e-17,0.04483556265113858,2.0816681711721685e-17,0.0001763506035820095,0.04483556265113858,0.021804398886000366
265,1.3877787807814457e-17,0.04409171721864105,3.469446951953614e-17,0.00017293732658463234,0.04409171721864105,0.02156508787706619
266,1.3877787807814457e-17,0.04335456016656428,9.71445146547012e-17,0.0001696066736680546,0.04335456016656428,0.02132501094057641
267,1.3877787807814457e-17,0.04262359526514009,4.85722573273506e-17,0.00016635771348338935,0.04262359526514009,0.021083811490796994
268,2.0816681711721685e-17,0.041898714690259846,7.632783294297951e-17,0.0001631894651006327,0.041898714690259846,0.020843591005782598
269,1.734723475976807e-17,0.041182728109555936,3.469446951953614e-17,0.00016010090244922281,0.04118272810955594,0.020607542958412897
270,1.3877787807814457e-17,0.04047551443906628,4.163336342344337e-17,0.00015709095847094012,0.04047551443906628,0.02038903442475807
271,1.734723475976807e-17,0.039776637624887284,2.0816681711721685e-17,0.00015415852897338045,0.039776637624887284,0.02017939612218051
272,1.734723475976807e-17,0.03908510895136446,1.1796119636642288e-16,0.000151302476219084,0.03908510895136446,0.019970528945731744
273,1.734723475976807e-17,0.03840114925074832,1.734723475976807e-16,0.00014852163224510218,0.03840114925074832,0.019758682341748192
274,1.3877787807814457e-17,0.03772441872292206,7.632783294297951e-17,0.000145814801941202,0.03772441872292206,0.019546432381614343
275,1.734723475976807e-17,0.037056575610719386,5.551115123125783e-17,0.00014318076588581974,0.037056575610719386,0.01933215210570437
276,1.3877787807814457e-17,0.03639539887968073,1.3877787807814457e-17,0.00014061828296818568,0.03639539887968073,0.01911790519537919
277,1.3877787807814457e-17,0.03574219744236438,1.3877787807814457e-16,0.00013812609280339228,0.03574219744236438,0.01890626446341543
278,1.3877787807814457e-17,0.03509771688103205,1.3877787807814457e-17,0.00013570291795417244,0.03509771688103205,0.018704784433565498
279,1.3877787807814457e-17,0.03446174724821362,3.469446951953614e-17,0.00013334746598014924,0.03446174724821362,0.01852811943236647
280,2.0816681711721685e-17,0.033834516068815185,4.85722573273506e-17,0.0001310584313212182,0.033834516068815185,0.01834843082219877
281,1.734723475976807e-17,0.03321580311686093,1.0408340855860843e-16,0.0001288344970388211,0.03321580311686094,0.018166117089005472
282,2.0816681711721685e-17,0.032607042042760936,2.7755575615628914e-17,0.0001266743364156664,0.032607042042760936,0.017981038405338913
283,1.734723475976807e-17,0.03200719885358193,7.632783294297951e-17,0.00012457661444154056,0.03200719885358193,0.017793674769155613
284,1.734723475976807e-17,0.03141447850993384,0.0,0.00012253998918487774,0.03141447850993384,0.017604269029246725
285,1.5612511283791264e-17,0.03082876219306139,4.163336342344337e-17,0.0001205631130756224,0.03082876219306139,0.01741255801004217
286,1.734723475976807e-17,0.030251560932625578,6.245004513516506e-17,0.00011864463409527737,0.030251560932625578,0.017219019309956684
287,2.0816681711721685e-17,0.029684094539620696,5.551115123125783e-17,0.00011678319690011651,0.029684094539620696,0.01702400868668128
288,1.3877787807814457e-17,0.02912508742965451,2.0816681711721685e-17,0.0001149774438764517,0.029125087429654507,0.01682764926932992
289,1.3877787807814457e-17,0.02857362544485406,6.938893903907228e-17,0.0001132260161457177,0.02857362544485406,0.0166297240822683
290,1.3877787807814457e-17,0.028030022249079748,3.469446951953614e-17,0.00011152755451815377,0.028030022249079748,0.016430541098756225
291,1.3877787807814457e-17,0.027495118085756505,0.0,0.00010988070041484388,0.027495118085756505,0.016230564541390945
292,1.734723475976807e-17,0.026970142328634344,5.551115123125783e-17,0.00010828409675756046,0.026970142328634344,0.01602951032290592
293,1.3877787807814457e-17,0.026451875618270934,2.7755575615628914e-17,0.00010673638882874315,0.026451875618270934,0.015828029439587287
294,1.3877787807814457e-17,0.025942669987170534,9.020562075079397e-17,0.00010523622512237374,0.02594266998717053,0.015625221403070336
295,2.0816681711721685e-17,0.025440477307029245,7.632783294297951e-17,0.00010378225817453401,0.02544047730702924,0.015422383831446146
296,1.3877787807814457e-17,0.024945920811767948,4.163336342344337e-17,0.00010237314538485975,0.024945920811767948,0.015218667020930953
297,1.3877787807814457e-17,0.02445988241594996,4.85722573273506e-17,0.00010100754983399796,0.024459882415949957,0.01501462207728331
298,2.0816681711721685e-17,0.023981173572332218,2.0816681711721685e-17,9.968414109839951e-05,0.023981173572332218,0.01481017369385
299,1.734723475976807e-17,0.023510853942970686,2.7755575615628914e-17,9.8401596060671e-05,0.023510853942970686,0.014605860947826264
300,1.734723475976807e-17,0.023047539570486622,6.938893903907228e-18,9.715859972381224e-05,0.023047539570486615,0.014401401727413013
301,1.734723475976807e-17,0.022591830706843008,4.163336342344337e-17,9.595384602778534e-05,0.022591830706843005,0.014196886871557556
302,1.3877787807814457e-17,0.022145352473326593,6.938893903907228e-18,9.478603866419633e-05,0.022145352473326593,0.013992090357190585
303,1.3877787807814457e-17,0.021708671302350033,6.938893903907228e-17,9.365389189841533e-05,0.021708671302350033,0.013787817803739878
304,1.5612511283791264e-17,0.021277608998226505,8.326672684688674e-17,9.255613139125263e-05,0.021277608998226505,0.013584141259451694
305,2.0816681711721685e-17,0.020852296177180395,2.7755575615628914e-17,9.14914950246315e-05,0.020852296177180395,0.013380829422829414
306,1.3877787807814457e-17,0.020433359524425175,1.1796119636642288e-16,9.045873372293123e-05,0.02043335952442517,0.013177570840246395
307,1.3877787807814457e-17,0.02002406829711875,6.245004513516506e-17,8.945661228110247e-05,0.02002406829711875,0.01297462342128307
308,1.5612511283791264e-17,0.019622534886548103,2.7755575615628914e-17,8.848391018256851e-05,0.019622534886548103,0.012772817394762537
309,1.734723475976807e-17,0.0192293202702752,9.71445146547012e-17,8.753942241701562e-05,0.0192293202702752,0.012571702135234317
310,1.734723475976807e-17,0.018841588488386206,5.551115123125783e-17,8.662196029385338e-05,0.018841588488386206,0.0123717533385123
311,2.0816681711721685e-17,0.01846132505415356,1.3877787807814457e-17,8.573035224279657e-05,0.01846132505415356,0.012171928155325107
312,1.734723475976807e-17,0.018089904963262987,3.469446951953614e-17,8.486344460434392e-05,0.018089904963262984,0.01197301088885983
313,1.734723475976807e-17,0.017727735199460852,0.0,8.402010240982083e-05,0.017727735199460845,0.011775646461307824
314,1.474514954580286e-17,0.017370828401984076,6.938893903907228e-17,8.319921014432463e-05,0.017370828401984076,0.011579135825204152
315,1.734723475976807e-17,0.017021071836568077,0.0,8.239967248968583e-05,0.017021071836568077,0.011383859166890357
316,1.3877787807814457e-17,0.016678397708399767,5.551115123125783e-17,8.162041504888862e-05,0.01667839770839977,0.011189766528261215
317,1.3877787807814457e-17,0.016340612686308473,3.469446951953614e-17,8.086038504728776e-05,0.01634061268630847,0.010996439857132985
318,1.0842021724855044e-17,0.01601091268972617,6.938893903907228e-18,8.011855200340534e-05,0.01601091268972617,0.010804811131700714
319,1.3877787807814457e-17,0.01568853142869809,2.7755575615628914e-17,7.939390838240801e-05,0.01568853142869809,0.01061453673924244
320,1.5612511283791264e-17,0.015371796630630544,6.938893903907228e-17,7.868547020528638e-05,0.015371796630630544,0.010426037420932606
321,1.734723475976807e-17,0.015061691103772847,4.85722573273506e-17,7.799227763594097e-05,0.015061691103772848,0.010238629687035403
322,1.3877787807814457e-17,0.01476023291257465,2.0816681711721685e-17,7.731339553118666e-05,0.014760232912574651,0.010052361724868215
323,1.3877787807814457e-17,0.014463513441997212,6.938893903907228e-18,7.664791395212145e-05,0.014463513441997214,0.009868361732018629
324,1.214306433183765e-17,0.014173065419791075,1.1102230246251565e-16,7.599494863697043e-05,0.014173065419791075,0.009685627463140788
325,1.3877787807814457e-17,0.013889900363433103,4.85722573273506e-17,7.535364143840262e-05,0.013889900363433103,0.009504792563529018
326,1.3877787807814457e-17,0.01361315276758034,1.3877787807814457e-17,7.472316071599483e-05,0.013613152767580338,0.009325542700334153
327,1.734723475976807e-17,0.013342242393131523,2.7755575615628914e-17,7.41027016849527e-05,0.013342242393131523,0.009147811422385427
328,2.0816681711721685e-17,0.013076116990146163,3.469446951953614e-17,7.349148672608496e-05,0.013076116990146162,0.008971718935870525
329,1.734723475976807e-17,0.012815090862776796,5.551115123125783e-17,7.288876564570668e-05,0.012815090862776799,0.00879815885127538
330,2.0816681711721685e-17,0.012561137271821551,6.245004513516506e-17,7.22938158956854e-05,0.012561137271821551,0.008626531400490883
331,1.734723475976807e-17,0.01231300727632736,1.1102230246251565e-16,7.170594274108488e-05,0.012313007276327361,0.008456286837047747
332,1.734723475976807e-17,0.012071606552392658,2.7755575615628914e-17,7.112447939039424e-05,0.012071606552392655,0.008287796119355784
333,2.0816681711721685e-17,0.011835636884371413,6.938893903907228e-17,7.054878707257739e-05,0.011835636884371415,0.00812123526263892
334,1.3877787807814457e-17,0.011604167644984096,6.245004513516506e-17,6.997825506793731e-05,0.011604167644984096,0.007957060246019384
335,1.734723475976807e-17,0.011378644171613682,2.7755575615628914e-17,6.941230069856807e-05,0.011378644171613682,0.007795336979030243
336,1.734723475976807e-17,0.011158284823892526,4.163336342344337e-17,6.885036927140042e-05,0.011158284823892526,0.007635225833287241
337,1.3877787807814457e-17,0.010944038805122883,4.163336342344337e-17,6.829193396751254e-05,0.010944038805122883,0.007477230809514747
338,2.0816681711721685e-17,0.010734849587398246,1.3877787807814457e-17,6.773649570213092e-05,0.010734849587398246,0.0073207057251326434
339,1.734723475976807e-17,0.010530733929973665,1.1102230246251565e-16,6.718358292856497e-05,0.010530733929973665,0.0071665963343606675
340,1.734723475976807e-17,0.010330980155810614,0.0,6.663275140561531e-05,0.010330980155810614,0.0070150635647245356
341,1.734723475976807e-17,0.010135493099549597,9.020562075079397e-17,6.608358392601321e-05,0.010135493099549597,0.006865954750256839
342,2.0816681711721685e-17,0.00994305617524792,3.469446951953614e-17,6.553568999334569e-05,0.009943056175247919,0.006719140268750885
343,2.0816681711721685e-17,0.009755321676103695,1.0408340855860843e-16,6.498870547622104e-05,0.009755321676103695,0.006574228262599901
344,1.3877787807814457e-17,0.009577427987836399,0.0,6.444229221258535e-05,0.009577427987836399,0.006430686772128293
345,1.3877787807814457e-17,0.009403809593478205,6.938893903907228e-17,6.389613758439605e-05,0.009403809593478207,0.00628916345675329
346,1.3877787807814457e-17,0.009232866063450293,7.632783294297951e-17,6.334995405543609e-05,0.009232866063450295,0.006151213267116975
347,2.0816681711721685e-17,0.009064245730335992,1.0408340855860843e-16,6.280347868081737e-05,0.009064245730335992,0.006015649902954808
348,1.734723475976807e-17,0.008899030154545106,6.938893903907228e-17,6.225647258273348e-05,0.008899030154545106,0.005882538335358159
349,1.734723475976807e-17,0.008737512922972954,3.469446951953614e-17,6.170872039834574e-05,0.008737512922972954,0.005750953759247369
350,1.0408340855860843e-17,0.008582902128367159,6.245004513516506e-17,6.116002970180112e-05,0.00858290212836716,0.0056213463743554825
351,1.734723475976807e-17,0.00843205951833071,2.0816681711721685e-17,6.061023040093705e-05,0.00843205951833071,0.005493572845712208
352,1.734723475976807e-17,0.008283590426870982,6.245004513516506e-17,6.005917411266992e-05,0.008283590426870982,0.00536878409918444
353,1.734723475976807e-17,0.008139375961828425,8.326672684688674e-17,5.950673351517999e-05,0.008139375961828423,0.005247092192605272
354,1.734723475976807e-17,0.007997527459581955,4.85722573273506e-17,5.8952801683886946e-05,0.007997527459581957,0.005127797685237043
355,1.734723475976807e-17,0.007858632671585394,6.938893903907228e-17,5.839729141166039e-05,0.007858632671585396,0.005010822248907103
356,2.0816681711721685e-17,0.00772336142007357,4.163336342344337e-17,5.7840134509490326e-05,0.00772336142007357,0.00489508974275074
357,1.3877787807814457e-17,0.007591981201903027,2.0816681711721685e-17,5.7281281100718395e-05,0.0075919812019030275,0.004781640239608009
358,1.3877787807814457e-17,0.007464781637310252,2.0816681711721685e-17,5.672069890205744e-05,0.007464781637310253,0.004669996802428354
359,1.734723475976807e-17,0.007341402275641326,2.7755575615628914e-17,5.615837249317579e-05,0.007341402275641325,0.00456176520036033
360,2.0816681711721685e-17,0.00721994490682952,5.551115123125783e-17,5.559430258594844e-05,0.007219944906829522,0.004456357742696241
361,1.734723475976807e-17,0.007099621957183707,4.163336342344337e-17,5.50285052848265e-05,0.007099621957183707,0.00435351519158444
362,1.3877787807814457e-17,0.006982006662425091,6.938893903907228e-18,5.446101134043424e-05,0.00698200666242509,0.00425214747989618
363,1.3877787807814457e-17,0.006866931295129631,1.3877787807814457e-17,5.389186541293611e-05,0.006866931295129631,0.004152124232374738
364,2.0816681711721685e-17,0.006753943938620177,4.163336342344337e-17,5.332112532585587e-05,0.0067539439386201765,0.004054080368387208
365,1.3877787807814457e-17,0.006643443706261883,9.71445146547012e-17,5.274886132533574e-05,0.006643443706261883,0.003958904855959117
366,2.42861286636753e-17,0.006537589193817276,1.0408340855860843e-16,5.21751553446137e-05,0.006537589193817276,0.0038664891611122102
367,1.734723475976807e-17,0.0064338072784086535,1.1796119636642288e-16,5.160010027449591e-05,0.0064338072784086535,0.003776675996583585
368,2.0816681711721685e-17,0.006331602746092142,2.7755575615628914e-17,5.102379923671574e-05,0.00633160274609214,0.0036890354268550784
369,1.734723475976807e-17,0.006232937667651071,0.0,5.044636486950527e-05,0.006232937667651071,0.003602575554625677
370,1.734723475976807e-17,0.006136390728126465,1.3877787807814457e-17,4.9867918621160356e-05,0.006136390728126465,0.003517593052385426
371,1.734723475976807e-17,0.006042457828672602,6.938893903907228e-18,4.928859005415287e-05,0.006042457828672602,0.0034350776506493967
372,2.0816681711721685e-17,0.005949367433167978,9.71445146547012e-17,4.870851616356475e-05,0.005949367433167978,0.0033552453672355815
373,1.3877787807814457e-17,0.00585757986562602,0.0,4.8127840704514924e-05,0.005857579865626019,0.0032784020846822696
374,1.3877787807814457e-17,0.005767865973137407,4.85722573273506e-17,4.754671353901507e-05,0.005767865973137406,0.003203257189898592
375,1.734723475976807e-17,0.005679493605615711,7.632783294297951e-17,4.696528999170724e-05,0.005679493605615711,0.003129649033630215
376,1.734723475976807e-17,0.005593237352522113,3.469446951953614e-17,4.6383730229471176e-05,0.005593237352522112,0.003057680606639253
377,1.734723475976807e-17,0.0055107125103595585,5.551115123125783e-17,4.5802198649802506e-05,0.0055107125103595585,0.002986950682746936
378,1.734723475976807e-17,0.005431174446948346,1.3877787807814457e-17,4.5220863290285074e-05,0.005431174446948347,0.0029184694842434526
379,1.734723475976807e-17,0.005352157326766701,6.938893903907228e-17,4.463989525960166e-05,0.0053521573267667,0.002852593655629593
380,1.3877787807814457e-17,0.005275143631164653,2.0816681711721685e-17,4.405946818009099e-05,0.005275143631164653,0.0027892762264190105
381,1.3877787807814457e-17,0.005198986602551211,4.85722573273506e-17,4.347975765350842e-05,0.005198986602551211,0.0027278890798139045
382,1.3877787807814457e-17,0.005123632620505919,6.245004513516506e-17,4.290094074888007e-05,0.005123632620505919,0.0026678029887218335
383,1.3877787807814457e-17,0.005049961781408015,6.245004513516506e-17,4.232319550323549e-05,0.005049961781408015,0.0026085608975051997
384,1.734723475976807e-17,0.004977534638823864,5.551115123125783e-17,4.1746700450540075e-05,0.004977534638823863,0.002551341290900997
385,1.3877787807814457e-17,0.004906935726676268,1.457167719820518e-16,4.1171634163728044e-05,0.004906935726676268,0.0024957595639402584
386,1.3877787807814457e-17,0.004837864491432503,2.7755575615628914e-17,4.0598174821493416e-05,0.004837864491432503,0.002442362538161546
387,1.734723475976807e-17,0.004769580825157058,2.0816681711721685e-17,4.002649979761852e-05,0.004769580825157058,0.00239099158991472
388,1.734723475976807e-17,0.004702128170710428,2.7755575615628914e-17,3.9456785263847216e-05,0.004702128170710428,0.002342454814357995
389,1.3877787807814457e-17,0.004636513809184097,9.020562075079397e-17,3.888920581873734e-05,0.004636513809184097,0.0022947722172724245
390,1.3877787807814457e-17,0.004571912193154705,2.7755575615628914e-17,3.8323934140049865e-05,0.004571912193154705,0.0022484221962648415
391,2.0816681711721685e-17,0.004508921119375614,0.0,3.77611406461309e-05,0.004508921119375614,0.002203011373433748
392,1.3877787807814457e-17,0.004447098758815614,4.85722573273506e-17,3.7200993190933396e-05,0.004447098758815613,0.002158754722443897
393,1.3877787807814457e-17,0.004386715143120553,6.245004513516506e-17,3.664365677114034e-05,0.004386715143120552,0.002116637512593984
394,1.3877787807814457e-17,0.0043271641348230794,9.020562075079397e-17,3.608929325149557e-05,0.0043271641348230794,0.002076009540348777
395,1.3877787807814457e-17,0.004268039635855809,2.7755575615628914e-17,3.5538061117557085e-05,0.00426803963585581,0.002037815732918214
396,1.3877787807814457e-17,0.00420959143605619,7.632783294297951e-17,3.4990115241329e-05,0.00420959143605619,0.0020017790953962816
397,1.734723475976807e-17,0.004151908409277201,2.0816681711721685e-17,3.4445606663768835e-05,0.004151908409277202,0.001966731989106346
398,1.3877787807814457e-17,0.004095809405734782,1.3877787807814457e-17,3.390468240249689e-05,0.004095809405734782,0.0019327772223815703
399,1.3877787807814457e-17,0.004040540773691722,5.551115123125783e-17,3.336748527316136e-05,0.004040540773691722,0.0018992800814479228
400,1.734723475976807e-17,0.003986170335581086,6.938893903907228e-17,3.283415372679066e-05,0.003986170335581086,0.0018660859511264905
401,1.3877787807814457e-17,0.003933268271060644,6.938893903907228e-18,3.230482170757387e-05,0.003933268271060644,0.0018347368743540213
402,1.3877787807814457e-17,0.0038809731294748135,2.7755575615628914e-17,3.1779618526295295e-05,0.003880973129474814,0.0018052819589209484
403,1.734723475976807e-17,0.0038293776001034137,7.632783294297951e-17,3.125866874498229e-05,0.0038293776001034137,0.001777774080387881
404,1.3877787807814457e-17,0.003778180436479135,4.85722573273506e-17,3.074209208586698e-05,0.003778180436479135,0.0017525492395332302
405,1.3877787807814457e-17,0.0037279609708022014,1.3877787807814457e-17,3.023000334723136e-05,0.003727960970802201,0.0017284262824967351
406,1.3877787807814457e-17,0.0036779179100173715,6.938893903907228e-18,2.9722512335905726e-05,0.0036779179100173715,0.0017044424373499492
407,1.3877787807814457e-17,0.0036288359269823793,2.7755575615628914e-17,2.9219723816420462e-05,0.0036288359269823797,0.0016812336889248406
408,1.3877787807814457e-17,0.003580233375823175,1.3877787807814457e-16,2.87217374684845e-05,0.003580233375823175,0.001657914956800765
409,2.0816681711721685e-17,0.0035323144008218665,5.551115123125783e-17,2.8228647861561207e-05,0.0035323144008218665,0.001635092345387784
410,2.42861286636753e-17,0.003485518942293807,3.469446951953614e-17,2.7740544436216652e-05,0.003485518942293808,0.0016137616990814807
411,1.734723475976807e-17,0.003438806433392747,6.938893903907228e-18,2.725751150500777e-05,0.003438806433392747,0.0015943810506758014
412,1.5612511283791264e-17,0.00339226443004183,4.163336342344337e-17,2.6779628254258725e-05,0.0033922644300418306,0.001576958466911571
413,1.734723475976807e-17,0.003345955878300729,9.71445146547012e-17,2.630696876326777e-05,0.003345955878300729,0.0015596948370299225
414,1.734723475976807e-17,0.0032997790828553997,7.632783294297951e-17,2.5839602032173836e-05,0.0032997790828553997,0.0015435172526326035
415,2.0816681711721685e-17,0.00325368562329421,1.249000902703301e-16,2.537759201726164e-05,0.0032536856232942097,0.0015272681336502055
416,1.734723475976807e-17,0.003207928343466154,2.0816681711721685e-17,2.492099767226197e-05,0.003207928343466153,0.0015107730576283162
417,1.474514954580286e-17,0.003163453173183889,9.020562075079397e-17,2.4469873007970655e-05,0.003163453173183889,0.001494442540316416
418,1.0408340855860843e-17,0.0031197338836396133,4.85722573273506e-17,2.40242671450952e-05,0.003119733883639614,0.0014785635759407675
419,1.734723475976807e-17,0.0030762207819845207,6.245004513516506e-17,2.358422438675234e-05,0.003076220781984521,0.001463191192138892
420,2.0816681711721685e-17,0.0030328669259971656,4.85722573273506e-17,2.314978428985537e-05,0.0030328669259971656,0.0014487232241961225
421,1.3877787807814457e-17,0.0029897935924748566,7.632783294297951e-17,2.2720981744495106e-05,0.0029897935924748566,0.0014355817817577588
422,2.0816681711721685e-17,0.0029469869448823663,4.85722573273506e-17,2.2297847060870346e-05,0.002946986944882366,0.001422357569597456
423,1.3877787807814457e-17,0.0029046010597015984,3.469446951953614e-17,2.188040605921593e-05,0.0029046010597015975,0.0014090390892932802
424,2.0816681711721685e-17,0.0028626253504453127,1.3877787807814457e-17,2.146868016306147e-05,0.0028626253504453127,0.001395430253772398
425,1.3877787807814457e-17,0.0028208276000614295,5.551115123125783e-17,2.106268650059473e-05,0.0028208276000614295,0.0013817765752398715
426,1.3877787807814457e-17,0.0027792716126821375,0.0,2.0662438004137584e-05,0.002779271612682137,0.001368382761261027
427,1.734723475976807e-17,0.0027386924579643154,6.938893903907228e-18,2.0267943520835274e-05,0.0027386924579643154,0.0013555607458810009
428,1.3877787807814457e-17,0.0026984745024511924,1.3877787807814457e-17,1.9879207917572472e-05,0.0026984745024511924,0.0013427121264046847
429,1.734723475976807e-17,0.0026585122010523658,5.551115123125783e-17,1.9496232193216834e-05,0.0026585122010523658,0.0013299534824075903
430,1.3877787807814457e-17,0.0026188227959655815,4.163336342344337e-17,1.911901359508139e-05,0.0026188227959655815,0.0013170838142217182
431,1.734723475976807e-17,0.0025794147264007264,1.3183898417423734e-16,1.8747545728947657e-05,0.0025794147264007264,0.0013042681973059096
432,1.6479873021779667e-17,0.0025402625725453164,1.3877787807814457e-17,1.8381818680635043e-05,0.0025402625725453164,0.0012912357816739748
433,1.3877787807814457e-17,0.002501337688730303,7.632783294297951e-17,1.8021819131242012e-05,0.002501337688730303,0.0012779908944087163
434,1.3877787807814457e-17,0.002462704792076763,4.85722573273506e-17,1.7667530477716298e-05,0.002462704792076763,0.001264974501649147
435,1.734723475976807e-17,0.0024243604925133716,2.7755575615628914e-17,1.7318932948651167e-05,0.0024243604925133716,0.0012524205822149097
436,2.0816681711721685e-17,0.0023862550820597794,7.632783294297951e-17,1.697600372829733e-05,0.0023862550820597794,0.001239942318663577
437,1.734723475976807e-17,0.0023484973373760548,1.1102230246251565e-16,1.66387170723592e-05,0.0023484973373760556,0.0012274681157616394
438,1.0408340855860843e-17,0.002311032570074458,6.938893903907228e-17,1.6307044429231254e-05,0.002311032570074458,0.0012150889785902314
439,1.734723475976807e-17,0.00227387539600285,3.469446951953614e-17,1.5980954558791893e-05,0.0022738753960028506,0.00120298570661294
440,1.734723475976807e-17,0.002237082791143535,1.3877787807814457e-17,1.5660413646645388e-05,0.002237082791143535,0.0011907569151611867
441,1.3877787807814457e-17,0.002200659926245624,1.3877787807814457e-16,1.5345385428466862e-05,0.002200659926245624,0.0011782986246448982
442,1.734723475976807e-17,0.002164569306560589,1.6653345369377348e-16,1.503583129702779e-05,0.002164569306560589,0.001165661127466117
443,2.0816681711721685e-17,0.002128827806841256,5.551115123125783e-17,1.4731710425985867e-05,0.002128827806841256,0.0011534916901788771
444,1.3877787807814457e-17,0.002093501820600354,6.245004513516506e-17,1.4432979876466412e-05,0.002093501820600354,0.0011414968241090372
445,1.441988889405721e-17,0.0020585134422065094,5.551115123125783e-17,1.4139594710749215e-05,0.0020585134422065094,0.0011292920340385875
446,1.734723475976807e-17,0.002023932450520471,6.938893903907228e-18,1.3851508104401056e-05,0.002023932450520471,0.0011169438725023657
447,1.3877787807814457e-17,0.001989705912899973,1.1102230246251565e-16,1.3568671451191783e-05,0.001989705912899973,0.0011045355830928893
448,1.734723475976807e-17,0.001955873802844624,1.3877787807814457e-16,1.3291034472673324e-05,0.001955873802844624,0.0010922825462307243
449,1.734723475976807e-17,0.0019224077263701304,1.6653345369377348e-16,1.3018545317211583e-05,0.0019224077263701304,0.001079881175828128
450,1.734723475976807e-17,0.0018893363500430483,3.469446951953614e-17,1.2751150670231581e-05,0.0018893363500430483,0.0010673530695254575
451,1.3877787807814457e-17,0.001856670190964862,0.0,1.2488795844811662e-05,0.001856670190964862,0.0010546627825981703
452,1.734723475976807e-17,0.0018243513488778067,4.163336342344337e-17,1.2231424886599562e-05,0.0018243513488778065,0.0010418219697553588
453,2.0816681711721685e-17,0.0017924784097334793,7.632783294297951e-17,1.1978980664184569e-05,0.0017924784097334795,0.0010288865118679223
454,1.3877787807814457e-17,0.0017610078572902286,4.85722573273506e-17,1.1731404964576697e-05,0.0017610078572902286,0.0010158677280602735
455,1.734723475976807e-17,0.0017299211809000232,2.0816681711721685e-17,1.1488638583800892e-05,0.0017299211809000232,0.0010031147854472258
456,1.734723475976807e-17,0.0016992443662439912,7.632783294297951e-17,1.1250621411273976e-05,0.0016992443662439912,0.0009904019843788934
457,1.734723475976807e-17,0.0016690251582603447,1.3877787807814457e-17,1.1017292519177602e-05,0.0016690251582603447,0.0009776028984862005
458,1.3877787807814457e-17,0.001639179703410236,7.632783294297951e-17,1.0788590243615559e-05,0.001639179703410236,0.0009647420843682591
459,1.734723475976807e-17,0.0016097615086311193,6.938893903907228e-18,1.056445226466085e-05,0.0016097615086311193,0.0009518303347685525
460,1.3877787807814457e-17,0.001580794098698247,2.0816681711721685e-17,1.0344815684182329e-05,0.0015807940986982468,0.0009388354921680158
461,1.3877787807814457e-17,0.00155230882023507,1.249000902703301e-16,1.012961710133986e-05,0.00155230882023507,0.0009257838873358555
462,1.734723475976807e-17,0.0015242705202576719,1.3877787807814457e-17,9.918792685192912e-06,0.0015242705202576717,0.0009127103596549282
463,1.3877787807814457e-17,0.0014966498893391393,1.0408340855860843e-16,9.712278244311534e-06,0.0014966498893391393,0.0008996337049943762
464,1.734723475976807e-17,0.0014694429927771626,2.7755575615628914e-17,9.510009294499966e-06,0.001469442992777163,0.0008864962719268392
465,1.734723475976807e-17,0.0014426620345537994,2.0816681711721685e-17,9.311921123744682e-06,0.0014426620345537994,0.0008733435648654072
466,1.3877787807814457e-17,0.0014162896950725568,1.3877787807814457e-17,9.117948855719149e-06,0.0014162896950725568,0.000860217560516213
467,1.734723475976807e-17,0.00139030990647438,2.0816681711721685e-17,8.928027507959513e-06,0.00139030990647438,0.0008470943285512352
468,1.3877787807814457e-17,0.0013647596568145816,9.020562075079397e-17,8.742092050373351e-06,0.0013647596568145816,0.0008339888033041202
469,1.3877787807814457e-17,0.0013395913336537865,4.163336342344337e-17,8.560077461194915e-06,0.0013395913336537865,0.0008208859447896889
470,2.0816681711721685e-17,0.001314849291853041,4.163336342344337e-17,8.381918778610498e-06,0.001314849291853041,0.000807844169385409
471,1.3877787807814457e-17,0.001290501139751978,6.938893903907228e-18,8.207551152716874e-06,0.001290501139751978,0.0007948413092287077
472,1.3877787807814457e-17,0.001266556606904275,1.3877787807814457e-16,8.036909891373512e-06,0.001266556606904275,0.0007818610092035485
473,1.3877787807814457e-17,0.0012429892817028632,6.245004513516506e-17,7.869930508275225e-06,0.0012429892817028632,0.0007689460677583557
474,1.734723475976807e-17,0.0012198432867082843,2.7755575615628914e-17,7.70654876647292e-06,0.0012198432867082843,0.0007560728601043116
475,1.3877787807814457e-17,0.0011970718856271641,6.938893903907228e-18,7.5467007190077595e-06,0.0011970718856271641,0.0007433115043322262
476,1.3877787807814457e-17,0.0011746983903291566,0.0,7.390322748879186e-06,0.0011746983903291566,0.0007305960225952785
477,1.3877787807814457e-17,0.0011527208432778897,1.3877787807814457e-16,7.23735160690353e-06,0.0011527208432778897,0.0007179384632184424
478,1.3877787807814457e-17,0.0011311003596339636,6.938893903907228e-18,7.0877244461309274e-06,0.0011311003596339638,0.0007053617957889514
479,1.734723475976807e-17,0.0011098954559824125,3.469446951953614e-17,6.941378856817337e-06,0.0011098954559824125,0.0006928793798860836
480,1.734723475976807e-17,0.0010890052654431066,2.7755575615628914e-17,6.79825289595648e-06,0.0010890052654431066,0.0006804999721004751
481,1.734723475976807e-17,0.0010684969588608622,4.163336342344337e-17,6.658285118144036e-06,0.0010684969588608624,0.0006682001291543386
482,1.3877787807814457e-17,0.0010483321404264163,2.7755575615628914e-17,6.521414604998554e-06,0.0010483321404264163,0.0006560151446932331
483,1.734723475976807e-17,0.0010285707652008336,9.020562075079397e-17,6.387580987254893e-06,0.0010285707652008336,0.0006438999586560546
484,1.734723475976807e-17,0.0010092174350473842,7.632783294297951e-17,6.256724473074904e-06,0.0010092174350473842,0.0006319137887110133
485,1.3877787807814457e-17,0.0009901974795570106,3.469446951953614e-17,6.128785869363718e-06,0.0009901974795570108,0.0006200438876448407
486,1.734723475976807e-17,0.0009715779055291986,5.551115123125783e-17,6.003706601864778e-06,0.0009715779055291986,0.0006083097961387975
487,1.734723475976807e-17,0.0009532732988677441,2.7755575615628914e-17,5.881428736698169e-06,0.0009532732988677441,0.0005966702026641415
488,1.3877787807814457e-17,0.0009352712671400294,1.3877787807814457e-17,5.761894998124184e-06,0.0009352712671400296,0.0005851254694008486
489,1.734723475976807e-17,0.0009176760237370583,6.938893903907228e-18,5.645048782421114e-06,0.0009176760237370583,0.0005737091252742716
490,1.3877787807814457e-17,0.0009004462490149732,2.7755575615628914e-17,5.530834178202326e-06,0.0009004462490149731,0.0005624606438922003
491,1.734723475976807e-17,0.000883536976957086,5.551115123125783e-17,5.419195975964186e-06,0.000883536976957086,0.0005513598694422788
492,1.734723475976807e-17,0.0008669343203921388,6.938893903907228e-18,5.310079683407132e-06,0.0008669343203921388,0.0005403489401850284
493,1.3877787807814457e-17,0.0008506252026488218,4.163336342344337e-17,5.203431535205638e-06,0.0008506252026488218,0.0005294495157333544
494,1.3877787807814457e-17,0.0008345816694013646,1.0408340855860843e-16,5.099198504110447e-06,0.0008345816694013647,0.000518663037816696
495,1.3877787807814457e-17,0.000818922111937964,2.0816681711721685e-17,4.997328310496485e-06,0.0008189221119379639,0.0005080961779715086
496,1.3877787807814457e-17,0.0008035646525349389,6.938893903907228e-17,4.897769428247045e-06,0.0008035646525349389,0.0004976739074637747
497,1.3877787807814457e-17,0.0007884743211509063,1.3877787807814457e-17,4.8004710945237505e-06,0.0007884743211509063,0.000487363727739503
498,1.3877787807814457e-17,0.0007736305313645272,6.245004513516506e-17,4.7053833132082445e-06,0.0007736305313645272,0.00047715728297903227
499,1.3877787807814457e-17,0.0007590854885360788,6.245004513516506e-17,4.6124568611194405e-06,0.0007590854885360789,0.0004671127604942997
500,1.3877787807814457e-17,0.0007448324554618722,6.938893903907228e-18,4.521643292565436e-06,0.0007448324554618722,0.0004572096951426026
501,1.734723475976807e-17,0.0007308829633337476,2.7755575615628914e-17,4.4328949401206685e-06,0.0007308829633337475,0.0004474978495627724
502,1.3877787807814457e-17,0.0007171987575731996,6.938893903907228e-18,4.3461649195108976e-06,0.0007171987575731996,0.00043791453639647386
503,1.3877787807814457e-17,0.0007037683986793883,5.551115123125783e-17,4.261407129724226e-06,0.0007037683986793883,0.0004284736318606439
504,1.734723475976807e-17,0.0006906558650595417,1.3877787807814457e-17,4.1785762530111015e-06,0.0006906558650595417,0.00041916567561613535
505,1.734723475976807e-17,0.0006777637389246067,2.7755575615628914e-17,4.097627756549649e-06,0.0006777637389246067,0.00040999050546185526
506,1.734723475976807e-17,0.0006650887601905225,6.245004513516506e-17,4.018517891890561e-06,0.0006650887601905225,0.0004009836052716776
507,1.3877787807814457e-17,0.0006526317191182186,6.245004513516506e-17,3.941203689072914e-06,0.0006526317191182185,0.00039215805163898734
508,1.734723475976807e-17,0.0006404599802292268,6.938893903907228e-18,3.8656429629524425e-06,0.0006404599802292268,0.00038345532788173033
509,1.734723475976807e-17,0.0006285463867117958,6.938893903907228e-18,3.7917943007670374e-06,0.0006285463867117958,0.00037490875224939615
510,1.734723475976807e-17,0.0006168380381772482,6.938893903907228e-18,3.719617067465819e-06,0.0006168380381772482,0.000366499494823171
511,1.3877787807814457e-17,0.0006053318975576447,1.3877787807814457e-17,3.6490713950509956e-06,0.0006053318975576447,0.00035820716262151796
512,2.0816681711721685e-17,0.0005940644573698933,7.632783294297951e-17,3.5801181850203534e-06,0.0005940644573698933,0.00035011607103529286
513,1.3877787807814457e-17,0.0005830068616331468,2.0816681711721685e-17,3.51271909693196e-06,0.0005830068616331468,0.00034216300501541444
514,1.6046192152785466e-17,0.0005721922339513792,6.938893903907228e-17,3.4468365496254094e-06,0.0005721922339513791,0.00033435614519377287
515,1.3877787807814457e-17,0.0005616659040936498,4.85722573273506e-17,3.382433709231414e-06,0.0005616659040936498,0.00032670559655624824
516,2.0816681711721685e-17,0.0005513829607907081,4.85722573273506e-17,3.3194744900599815e-06,0.0005513829607907081,0.0003192058973779769
517,1.3877787807814457e-17,0.0005413222753958996,4.163336342344337e-17,3.2579235411667185e-06,0.0005413222753958996,0.0003118218172373356
518,1.734723475976807e-17,0.0005314342774370632,5.551115123125783e-17,3.197746246241806e-06,0.0005314342774370632,0.00030457820502311124
519,1.734723475976807e-17,0.0005217565190176712,1.5959455978986625e-16,3.1389087112865255e-06,0.0005217565190176712,0.00029751514861310906
520,1.734723475976807e-17,0.0005122543369388175,4.163336342344337e-17,3.081377761393611e-06,0.0005122543369388175,0.00029059079162716244
521,1.3877787807814457e-17,0.0005029635651968841,2.0816681711721685e-17,3.0251209298670645e-06,0.0005029635651968841,0.0002838314562042353
522,1.3877787807814457e-17,0.000493853115155178,5.551115123125783e-17,2.9701064523379728e-06,0.000493853115155178,0.000277199997170117
523,1.3877787807814457e-17,0.00048494702284585943,2.0816681711721685e-17,2.9163032583268134e-06,0.00048494702284585943,0.00027070338432569953
524,1.3877787807814457e-17,0.0004761931533539227,8.326672684688674e-17,2.8636809633608706e-06,0.0004761931533539226,0.00026431200548946083
525,1.3877787807814457e-17,0.00046759341694489753,6.245004513516506e-17,2.812209858760184e-06,0.0004675934169448974,0.0002580671476756721
526,2.0816681711721685e-17,0.0004591919310961604,6.938893903907228e-18,2.761860905420299e-06,0.0004591919310961604,0.00025198975211995696
527,2.0816681711721685e-17,0.0004509977468754882,5.551115123125783e-17,2.7126057223769706e-06,0.0004509977468754882,0.00024608770907983134
528,1.3877787807814457e-17,0.0004429440008328166,2.0816681711721685e-17,2.6644165800338016e-06,0.00044294400083281664,0.00024031923217130487
529,1.734723475976807e-17,0.00043503024883582796,3.469446951953614e-17,2.6172663902812587e-06,0.00043503024883582796,0.00023464731240300604
530,2.0816681711721685e-17,0.0004272570219647074,6.938893903907228e-18,2.5711286965046654e-06,0.0004272570219647074,0.00022908584248364325
531,1.3877787807814457e-17,0.00041967125314076035,6.938893903907228e-18,2.525977664702417e-06,0.00041967125314076035,0.0002236292357673625
532,1.3877787807814457e-17,0.0004122162823261613,4.163336342344337e-17,2.4817880752703303e-06,0.0004122162823261613,0.0002183210770402942
533,1.3877787807814457e-17,0.00040496610701760234,2.0816681711721685e-17,2.4385353111222585e-06,0.00040496610701760234,0.0002132248451008473
534,1.734723475976807e-17,0.00039783827536719516,4.85722573273506e-17,2.3961953506956846e-06,0.00039783827536719527,0.000208236793347714
535,1.734723475976807e-17,0.0003908321026002157,5.551115123125783e-17,2.3547447556282464e-06,0.0003908321026002157,0.00020336034842794573
536,1.3877787807814457e-17,0.00038398817824777877,3.469446951953614e-17,2.3141606636523093e-06,0.0003839881782477787,0.00019857641726194207
537,1.734723475976807e-17,0.00037727527500422696,6.938893903907228e-18,2.274420777048647e-06,0.00037727527500422696,0.00019387849588777114
538,1.3877787807814457e-17,0.00037067775184108844,0.0,2.2355033534315893e-06,0.00037067775184108844,0.00018929330097618356
539,1.3877787807814457e-17,0.00036419664625570743,1.3877787807814457e-17,2.197387197644396e-06,0.00036419664625570743,0.0001848673337057037
540,1.734723475976807e-17,0.00035782899852966003,1.5265566588595902e-16,2.1600516482145338e-06,0.00035782899852966003,0.00018059530765210787
541,1.734723475976807e-17,0.00035158352524790836,1.5959455978986625e-16,2.1234765716915405e-06,0.00035158352524790836,0.00017643152419677825
542,2.0816681711721685e-17,0.00034548906890168767,1.3877787807814457e-17,2.0876423499904817e-06,0.00034548906890168767,0.00017234581184410428
543,1.734723475976807e-17,0.00033949777921098157,6.245004513516506e-17,2.0525298739526576e-06,0.00033949777921098157,0.00016837971896892972
544,1.734723475976807e-17,0.0003336124082027128,4.85722573273506e-17,2.0181205289127035e-06,0.00033361240820271274,0.00016448798349530193
545,1.734723475976807e-17,0.00032783186125437375,1.3877787807814457e-17,1.984396189147475e-06,0.00032783186125437375,0.00016068479160155047
546,1.474514954580286e-17,0.0003221508933280255,9.020562075079397e-17,1.951339207217906e-06,0.0003221508933280255,0.00015697669313104285
547,1.3877787807814457e-17,0.0003165980753617946,2.0816681711721685e-17,1.918932402644735e-06,0.0003165980753617947,0.00015340497947728712
548,2.0816681711721685e-17,0.00031117218334837573,6.938893903907228e-17,1.8871590568014796e-06,0.00031117218334837573,0.00014996491631153112
549,1.734723475976807e-17,0.0003058428042289543,1.3877787807814457e-17,1.8560028969272224e-06,0.00030584280422895434,0.0001466193183901063
550,1.3877787807814457e-17,0.0003006035589024886,7.632783294297951e-17,1.8254480927959449e-06,0.0003006035589024886,0.0001433335609620352
551,1.734723475976807e-17,0.00029545317457233146,4.163336342344337e-17,1.7954792449481616e-06,0.00029545317457233146,0.00014010591972776263
552,1.3877787807814457e-17,0.00029039330930228437,2.0816681711721685e-17,1.7660813742548243e-06,0.00029039330930228437,0.00013695781137521213
553,1.3877787807814457e-17,0.0002854494684355204,8.326672684688674e-17,1.7372399155890506e-06,0.0002854494684355204,0.00013391934667141608
554,1.734723475976807e-17,0.0002806234437025453,6.938893903907228e-18,1.7089407075010499e-06,0.0002806234437025453,0.0001309421628378617
555,1.734723475976807e-17,0.0002758804461855701,5.551115123125783e-17,1.6811699811158931e-06,0.00027588044618557004,0.00012808709738519988
556,1.734723475976807e-17,0.0002712204327421718,1.3877787807814457e-17,1.6539143552485314e-06,0.0002712204327421718,0.00012532166258804665
557,1.734723475976807e-17,0.000266639968572658,1.5265566588595902e-16,1.6271608249684988e-06,0.000266639968572658,0.0001226040619974851
558,2.0816681711721685e-17,0.0002621420670836948,6.938893903907228e-18,1.6008967542724406e-06,0.0002621420670836948,0.0001199373521994577
559,1.3877787807814457e-17,0.00025773855732940553,1.3877787807814457e-17,1.575109865425972e-06,0.00025773855732940553,0.00011734740454773015
560,1.474514954580286e-17,0.000253461202009156,5.551115123125783e-17,1.5497882340786973e-06,0.00025346120200915595,0.00011484890116617496
561,2.0816681711721685e-17,0.00024925807974047283,1.1796119636642288e-16,1.5249202772738002e-06,0.00024925807974047283,0.00011240510276804824
562,1.5612511283791264e-17,0.0002451260624718363,2.0816681711721685e-17,1.5004947463426177e-06,0.0002451260624718363,0.00011001272776848206
563,1.734723475976807e-17,0.00024107423203138293,2.0816681711721685e-17,1.4765007212425019e-06,0.00024107423203138296,0.00010768107885831575
564,1.3877787807814457e-17,0.00023711339291532094,9.71445146547012e-17,1.4529275988994783e-06,0.00023711339291532094,0.00010542444840950179
565,1.734723475976807e-17,0.00023322477571469265,1.3877787807814457e-17,1.4297650864358857e-06,0.00023322477571469265,0.0001032361809508105
566,1.734723475976807e-17,0.0002294890885058114,4.85722573273506e-17,1.4070031966184615e-06,0.0002294890885058114,0.00010108898978175693
567,2.0816681711721685e-17,0.00022583170238821997,2.7755575615628914e-17,1.3846322338695316e-06,0.00022583170238821995,9.899257299071933e-05
568,1.734723475976807e-17,0.0002222349241792815,5.551115123125783e-17,1.362642792601676e-06,0.0002222349241792815,9.6962265606364e-05
569,1.3877787807814457e-17,0.00021869558563315252,2.7755575615628914e-17,1.3410257467816322e-06,0.00021869558563315252,9.499283191542721e-05
570,1.734723475976807e-17,0.00021521309187386617,4.85722573273506e-17,1.3197722428248682e-06,0.00021521309187386611,9.305754528872662e-05
571,2.0816681711721685e-17,0.00021179009318272472,4.85722573273506e-17,1.2988736942665113e-06,0.00021179009318272472,9.117394934798563e-05
572,1.3877787807814457e-17,0.0002084448572608593,1.3877787807814457e-17,1.2783217715472972e-06,0.0002084448572608593,8.933830000075619e-05
573,1.734723475976807e-17,0.00020520166776640396,3.469446951953614e-17,1.2581083982388108e-06,0.00020520166776640393,8.753622634601162e-05
574,1.3877787807814457e-17,0.00020200742641385288,6.245004513516506e-17,1.238225741939658e-06,0.00020200742641385288,8.57692427635863e-05
575,1.3877787807814457e-17,0.0001988629021671806,4.85722573273506e-17,1.2186662087243505e-06,0.0001988629021671806,8.404223995506925e-05
576,1.5612511283791264e-17,0.00019577166988774762,9.71445146547012e-17,1.1994224362599226e-06,0.00019577166988774762,8.235331554502543e-05
577,1.734723475976807e-17,0.00019273097351123132,5.551115123125783e-17,1.1804872880327721e-06,0.00019273097351123135,8.073395850483806e-05
578,1.3877787807814457e-17,0.00018973606084853717,9.020562075079397e-17,1.1618538446889204e-06,0.00018973606084853717,7.916328952827828e-05
579,1.3877787807814457e-17,0.0001868381099197085,4.163336342344337e-17,1.1435154012584547e-06,0.0001868381099197085,7.764044046479178e-05
580,2.0816681711721685e-17,0.0001840097944071073,4.163336342344337e-17,1.1254654579406775e-06,0.0001840097944071073,7.614716421999798e-05
581,1.3877787807814457e-17,0.0001812232831993522,9.020562075079397e-17,1.1076977166624147e-06,0.0001812232831993522,7.467977557275037e-05
582,2.0816681711721685e-17,0.0001784802504593724,2.0816681711721685e-17,1.0902060725292984e-06,0.0001784802504593724,7.323738021332555e-05
583,1.0408340855860843e-17,0.00017577872962264466,3.469446951953614e-17,1.0729846111612318e-06,0.00017577872962264466,7.182939425947336e-05
584,1.3877787807814457e-17,0.0001731170504865091,2.7755575615628914e-17,1.0560276010318503e-06,0.00017311705048650907,7.045699209584251e-05
585,1.734723475976807e-17,0.0001704981195928353,8.326672684688674e-17,1.0393294878063841e-06,0.00017049811959283536,6.911044457302902e-05
586,2.0816681711721685e-17,0.00016792267082325153,6.245004513516506e-17,1.0228848900117882e-06,0.00016792267082325153,6.779165629798242e-05
587,1.734723475976807e-17,0.00016545766548776975,9.020562075079397e-17,1.0066885934856273e-06,0.00016545766548776975,6.651851846845142e-05
588,1.3877787807814457e-17,0.0001630267692919817,1.1796119636642288e-16,9.90735546491095e-07,0.0001630267692919817,6.52732420543672e-05
589,1.734723475976807e-17,0.0001606317884479488,6.938893903907228e-18,9.7502085427692e-07,0.0001606317884479488,6.405025867128834e-05
590,1.3877787807814457e-17,0.00015826961196554868,6.938893903907228e-17,9.595397727490962e-07,0.00015826961196554868,6.2844494252377e-05
591,1.734723475976807e-17,0.00015593980401420874,3.469446951953614e-17,9.442877070275912e-07,0.00015593980401420874,6.166600469310207e-05
592,1.734723475976807e-17,0.0001536460451472959,4.163336342344337e-17,9.292602040078535e-07,0.00015364604514729588,6.052324994390175e-05
593,1.734723475976807e-17,0.00015139151726549852,6.938893903907228e-17,9.144529492521869e-07,0.00015139151726549852,5.940049125620266e-05
594,1.431146867680866e-17,0.00014917106198856605,9.71445146547012e-17,8.998617611055693e-07,0.00014917106198856603,5.829645158386766e-05
595,2.0816681711721685e-17,0.00014698782020391608,1.3877787807814457e-17,8.854825876980499e-07,0.00014698782020391608,5.7209958831927254e-05
596,1.734723475976807e-17,0.0001448356535108095,6.938893903907228e-17,8.713115013936346e-07,0.0001448356535108095,5.616693358204819e-05
597,1.3986208025063007e-17,0.0001427123505100432,2.0816681711721685e-17,8.573446970139287e-07,0.0001427123505100432,5.5153294181444686e-05
598,1.734723475976807e-17,0.00014062373284832,6.938893903907228e-18,8.435784847327099e-07,0.00014062373284832,5.41555198004487e-05
599,1.3877787807814457e-17,0.00013856351657225187,1.3877787807814457e-17,8.300092874113929e-07,0.00013856351657225187,5.317578295760786e-05
600,1.734723475976807e-17,0.00013653163385160248,3.469446951953614e-17,8.166336386006279e-07,0.00013653163385160248,5.222334731573128e-05
601,1.5612511283791264e-17,0.00013452905900417276,2.7755575615628914e-17,8.034481754348732e-07,0.00013452905900417274,5.1291018071995554e-05
602,1.214306433183765e-17,0.0001325536510451498,0.0,7.90449638410351e-07,0.0001325536510451498,5.0376537940187844e-05
603,1.3877787807814457e-17,0.00013061176686703034,4.163336342344337e-17,7.776348637245079e-07,0.00013061176686703034,4.9477807298813595e-05
604,1.3877787807814457e-17,0.00012870164440390307,6.938893903907228e-18,7.65000784275216e-07,0.00012870164440390307,4.859502093218584e-05
605,1.734723475976807e-17,0.0001268213368544799,6.938893903907228e-18,7.525444239986356e-07,0.0001268213368544799,4.772809422616436e-05
606,1.3877787807814457e-17,0.00012497224505289927,2.7755575615628914e-17,7.402628937613898e-07,0.00012497224505289927,4.687524971335861e-05
607,1.3877787807814457e-17,0.00012314839986268954,3.469446951953614e-17,7.281533906944304e-07,0.00012314839986268952,4.603835081581964e-05
608,1.3877787807814457e-17,0.00012134984411683464,4.85722573273506e-17,7.16213193197035e-07,0.00012134984411683466,4.5219395333884574e-05
609,1.3877787807814457e-17,0.00011957540858297222,2.7755575615628914e-17,7.04439657828182e-07,0.00011957540858297223,4.442198798681259e-05
610,2.0816681711721685e-17,0.00011782577752511758,2.0816681711721685e-17,6.928302184183721e-07,0.00011782577752511758,4.364085264509326e-05
611,1.734723475976807e-17,0.00011610064315196214,4.163336342344337e-17,6.813823807405583e-07,0.00011610064315196214,4.2874133334835926e-05
612,1.734723475976807e-17,0.00011439783482058546,6.938893903907228e-18,6.700937218440117e-07,0.00011439783482058546,4.2118831729639384e-05
613,1.3877787807814457e-17,0.00011272472158901747,5.551115123125783e-17,6.589618856134294e-07,0.00011272472158901749,4.137888385511402e-05
614,1.734723475976807e-17,0.00011108083179110617,7.632783294297951e-17,6.479845815476892e-07,0.00011108083179110617,4.06538276206327e-05
615,1.3877787807814457e-17,0.00010946020050755672,1.5959455978986625e-16,6.371595820953146e-07,0.00010946020050755672,3.9941853700582044e-05
616,1.3877787807814457e-17,0.00010786102209370689,5.551115123125783e-17,6.26484719878917e-07,0.00010786102209370691,3.9245259901905696e-05
617,1.734723475976807e-17,0.00010628389068512682,4.85722573273506e-17,6.159578846975933e-07,0.00010628389068512681,3.856024103819466e-05
618,1.3877787807814457e-17,0.00010473403179823951,1.3877787807814457e-17,6.055770227497703e-07,0.00010473403179823951,3.7886989284596905e-05
619,1.3877787807814457e-17,0.0001032053801299272,2.0816681711721685e-17,5.953401336356023e-07,0.0001032053801299272,3.723056935977543e-05
620,1.474514954580286e-17,0.00010170469814860665,6.938893903907228e-17,5.852452683585696e-07,0.00010170469814860666,3.658743879633081e-05
621,1.3877787807814457e-17,0.00010022452191431059,6.938893903907228e-17,5.752905255507201e-07,0.00010022452191431059,3.5956391408775284e-05
622,1.3877787807814457e-17,9.87640163691389e-05,1.0408340855860843e-16,5.654740543592496e-07,9.87640163691389e-05,3.5339898539463295e-05
623,1.734723475976807e-17,9.732608496008572e-05,4.85722573273506e-17,5.557940464528954e-07,9.732608496008572e-05,3.473459766942878e-05
624,1.3877787807814457e-17,9.591620060506215e-05,4.163336342344337e-17,5.4624873857545e-07,9.591620060506215e-05,3.414214052524126e-05
625,2.0816681711721685e-17,9.452609155953222e-05,6.245004513516506e-17,5.368364089930466e-07,9.452609155953222e-05,3.355909447985527e-05
626,1.3877787807814457e-17,9.315394073329523e-05,1.1796119636642288e-16,5.275553753847362e-07,9.315394073329523e-05,3.298631681353503e-05
627,2.0816681711721685e-17,9.180055149900888e-05,4.163336342344337e-17,5.184039937322638e-07,9.180055149900888e-05,3.242225363865796e-05
628,1.734723475976807e-17,9.046580917883415e-05,2.0816681711721685e-17,5.093806585421135e-07,9.046580917883412e-05,3.187188418615533e-05
629,1.3877787807814457e-17,8.91485076629341e-05,2.0816681711721685e-17,5.004837970723486e-07,8.91485076629341e-05,3.133264925911005e-05
630,1.734723475976807e-17,8.785549978532717e-05,5.551115123125783e-17,4.917118718861246e-07,8.785549978532717e-05,3.080296128113849e-05
631,1.3877787807814457e-17,8.65800356346678e-05,4.163336342344337e-17,4.830633775210202e-07,8.65800356346678e-05,3.0281345024829745e-05
632,1.734723475976807e-17,8.532119472291985e-05,6.245004513516506e-17,4.745368391567695e-07,8.532119472291985e-05,2.9776467517352388e-05
633,1.734723475976807e-17,8.408049845863378e-05,2.7755575615628914e-17,4.661308116160612e-07,8.408049845863378e-05,2.9285036616781935e-05
634,1.3877787807814457e-17,8.286249271442283e-05,1.3877787807814457e-17,4.5784387803227133e-07,8.286249271442283e-05,2.880467005818978e-05
635,1.734723475976807e-17,8.166496402606953e-05,3.469446951953614e-17,4.4967464873924e-07,8.166496402606953e-05,2.832885728008874e-05
636,2.42861286636753e-17,8.049020824108292e-05,4.163336342344337e-17,4.416217604941153e-07,8.049020824108292e-05,2.7858299226600173e-05
637,1.3877787807814457e-17,7.933094417407999e-05,2.0816681711721685e-17,4.336838731466841e-07,7.933094417407997e-05,2.739402203621997e-05
638,1.734723475976807e-17,7.818734554646315e-05,3.469446951953614e-17,4.2585967208186304e-07,7.818734554646314e-05,2.6935252856027222e-05
639,1.3877787807814457e-17,7.705883383975245e-05,4.85722573273506e-17,4.181478642228953e-07,7.705883383975245e-05,2.6487339725137377e-05
640,1.3877787807814457e-17,7.594450332326302e-05,3.469446951953614e-17,4.105471785864623e-07,7.594450332326302e-05,2.6051593266486886e-05
641,1.3877787807814457e-17,7.484859606651e-05,7.632783294297951e-17,4.0305636450632676e-07,7.484859606651002e-05,2.5629879689560045e-05
642,1.3877787807814457e-17,7.377086516886363e-05,4.163336342344337e-17,3.9567419107822133e-07,7.377086516886361e-05,2.521788237451574e-05
643,1.734723475976807e-17,7.270884798786808e-05,6.938893903907228e-17,3.883994468267815e-07,7.270884798786808e-05,2.4817690105062152e-05
644,1.734723475976807e-17,7.166102678208143e-05,2.0816681711721685e-17,3.8123093737407743e-07,7.166102678208143e-05,2.4422038621771584e-05
645,1.0408340855860843e-17,7.063483326840442e-05,0.0,3.741674865498368e-07,7.063483326840442e-05,2.403065180788909e-05
646,1.9081958235744878e-17,6.962273438024923e-05,1.3183898417423734e-16,3.6720793372690963e-07,6.962273438024924e-05,2.364619600029416e-05
647,2.0816681711721685e-17,6.862375950211942e-05,3.469446951953614e-17,3.603511347094468e-07,6.862375950211942e-05,2.3266724844197777e-05
648,1.3877787807814457e-17,6.763701861944949e-05,2.7755575615628914e-17,3.5359596028960993e-07,6.763701861944949e-05,2.2889259535640572e-05
649,1.734723475976807e-17,6.666315218182329e-05,7.632783294297951e-17,3.469412952483708e-07,6.666315218182329e-05,2.2518911656047627e-05
650,2.42861286636753e-17,6.570191379194146e-05,1.249000902703301e-16,3.403860383555113e-07,6.570191379194146e-05,2.215291062389732e-05
651,1.3877787807814457e-17,6.475259342196525e-05,0.0,3.3392910081531113e-07,6.475259342196525e-05,2.1794215102143e-05
652,1.734723475976807e-17,6.38170825969758e-05,7.632783294297951e-17,3.275694083759717e-07,6.38170825969758e-05,2.1439720611086467e-05
653,1.3877787807814457e-17,6.290456720866267e-05,1.3877787807814457e-17,3.21305896555657e-07,6.290456720866267e-05,2.1091497218327873e-05
654,1.3877787807814457e-17,6.200985821658415e-05,4.85722573273506e-17,3.151375133070289e-07,6.200985821658414e-05,2.0748002410897035e-05
655,1.3877787807814457e-17,6.11274449369257e-05,1.5959455978986625e-16,3.0906321746293486e-07,6.11274449369257e-05,2.0407858065104284e-05
656,1.3877787807814457e-17,6.026256320152966e-05,2.0816681711721685e-17,3.030819791804973e-07,6.026256320152966e-05,2.0074176245720856e-05
657,1.734723475976807e-17,5.940915987237278e-05,5.551115123125783e-17,2.971927771655558e-07,5.940915987237278e-05,1.9746015234411328e-05
658,1.5612511283791264e-17,5.856693091364197e-05,2.0816681711721685e-17,2.913946008931134e-07,5.856693091364197e-05,1.942290197308947e-05
659,1.734723475976807e-17,5.773510517068566e-05,9.71445146547012e-17,2.856864494971134e-07,5.7735105170685666e-05,1.9105281154829186e-05
660,1.734723475976807e-17,5.6912981080815613e-05,2.7755575615628914e-17,2.8006732977203797e-07,5.6912981080815613e-05,1.8796150934609816e-05
661,3.122502256758253e-17,5.6101901982227187e-05,1.3877787807814457e-16,2.745362591705103e-07,5.6101901982227187e-05,1.849096893842407e-05
662,1.734723475976807e-17,5.5300458070570606e-05,3.469446951953614e-17,2.6909226025217947e-07,5.53004580705706e-05,1.8190859380014667e-05
663,1.3877787807814457e-17,5.450951731830835e-05,5.551115123125783e-17,2.637343669009695e-07,5.450951731830835e-05,1.7895505226093153e-05
664,1.734723475976807e-17,5.3730307180578685e-05,1.3877787807814457e-17,2.584616186629418e-07,5.373030718057869e-05,1.760589272848462e-05
665,1.734723475976807e-17,5.296886805129629e-05,1.3877787807814457e-17,2.5327306263367433e-07,5.296886805129629e-05,1.732299997385276e-05
666,1.3877787807814457e-17,5.221761130752906e-05,9.71445146547012e-17,2.4816775434644e-07,5.221761130752906e-05,1.704411965651911e-05
667,1.734723475976807e-17,5.1481281499108234e-05,1.3877787807814457e-17,2.431447535533593e-07,5.148128149910822e-05,1.6770065388393163e-05
668,1.734723475976807e-17,5.0754680283879246e-05,2.0816681711721685e-17,2.3820313066469367e-07,5.0754680283879246e-05,1.6501186487905684e-05
669,1.734723475976807e-17,5.003672564502256e-05,0.0,2.3334195875523989e-07,5.0036725645022565e-05,1.6239907321446008e-05
670,2.0816681711721685e-17,4.932724411668112e-05,1.3877787807814457e-16,2.2856031967055657e-07,4.932724411668112e-05,1.5983987775441884e-05
671,1.734723475976807e-17,4.8627379749661235e-05,4.85722573273506e-17,2.2385730058527287e-07,4.862737974966124e-05,1.5733108933057263e-05
672,1.3877787807814457e-17,4.793558822899478e-05,6.938893903907228e-17,2.1923199511331148e-07,4.793558822899478e-05,1.548742378450625e-05
673,1.734723475976807e-17,4.7252375981803946e-05,1.1102230246251565e-16,2.146835011984649e-07,4.7252375981803946e-05,1.5248093048623128e-05
674,1.3877787807814457e-17,4.657769074504489e-05,4.85722573273506e-17,2.102109237789307e-07,4.657769074504489e-05,1.501230218783965e-05
675,2.0816681711721685e-17,4.591140985008678e-05,3.469446951953614e-17,2.0581337467628913e-07,4.5911409850086786e-05,1.4781426665877792e-05
676,1.3877787807814457e-17,4.525386510394415e-05,5.551115123125783e-17,2.0148996771052197e-07,4.525386510394415e-05,1.455398946795168e-05
677,1.5612511283791264e-17,4.460617855279594e-05,2.7755575615628914e-17,1.9723982502828363e-07,4.460617855279594e-05,1.4331408338227559e-05
678,1.3877787807814457e-17,4.397058458920498e-05,3.469446951953614e-17,1.9306207321712066e-07,4.397058458920498e-05,1.4119875135008561e-05
679,2.0816681711721685e-17,4.3351304081291775e-05,1.1102230246251565e-16,1.8895584408262778e-07,4.335130408129177e-05,1.3911048387162383e-05
680,1.734723475976807e-17,4.2741245632631615e-05,6.938893903907228e-17,1.8492027409333645e-07,4.274124563263162e-05,1.370673689906564e-05
681,1.734723475976807e-17,4.2138132463855845e-05,7.632783294297951e-17,1.8095450471378172e-07,4.2138132463855845e-05,1.350912490268987e-05
682,1.3877787807814457e-17,4.154262612912916e-05,2.0816681711721685e-17,1.770576837367699e-07,4.154262612912916e-05,1.331471654930271e-05
683,1.734723475976807e-17,4.095406935621837e-05,1.3877787807814457e-17,1.7322896272986554e-07,4.095406935621837e-05,1.3124078646872006e-05
684,1.734723475976807e-17,4.0372390558954026e-05,0.0,1.6946749858970378e-07,4.0372390558954026e-05,1.2936639412490784e-05
685,1.734723475976807e-17,3.9797040230572785e-05,6.938893903907228e-17,1.657724532089233e-07,3.9797040230572785e-05,1.2755733484210073e-05
686,1.3877787807814457e-17,3.922891112263957e-05,1.3877787807814457e-17,1.6214299258798803e-07,3.922891112263957e-05,1.2579535590855015e-05
687,1.3877787807814457e-17,3.866778681546807e-05,4.85722573273506e-17,1.585782892776777e-07,3.866778681546807e-05,1.2407625301437494e-05
688,1.3877787807814457e-17,3.811426280516264e-05,8.326672684688674e-17,1.5507751904841882e-07,3.8114262805162636e-05,1.224100121345287e-05
689,1.734723475976807e-17,3.7569048286090586e-05,6.938893903907228e-18,1.5163986322175305e-07,3.7569048286090586e-05,1.2080221113035058e-05
690,1.734723475976807e-17,3.7033177174576005e-05,4.163336342344337e-17,1.4826450844829253e-07,3.7033177174576005e-05,1.1922972559547449e-05
691,1.734723475976807e-17,3.650363578781286e-05,1.3877787807814457e-17,1.449506448203408e-07,3.6503635787812865e-05,1.1767380997112609e-05
692,1.3877787807814457e-17,3.597977999832018e-05,5.551115123125783e-17,1.4169746864745036e-07,3.597977999832018e-05,1.1615113104353797e-05
693,1.734723475976807e-17,3.546426149318912e-05,2.7755575615628914e-17,1.3850418056904346e-07,3.546426149318912e-05,1.1465939644768172e-05
694,1.734723475976807e-17,3.495754792381358e-05,4.85722573273506e-17,1.3536998622054597e-07,3.495754792381358e-05,1.1320447743692433e-05
695,1.5612511283791264e-17,3.4456574758678704e-05,6.245004513516506e-17,1.3229409590032049e-07,3.4456574758678704e-05,1.1175783253661705e-05
696,1.3877787807814457e-17,3.396090760044519e-05,1.3877787807814457e-17,1.2927572545784471e-07,3.396090760044519e-05,1.1033607191634473e-05
697,1.3877787807814457e-17,3.347048613822813e-05,1.3877787807814457e-17,1.2631409485042155e-07,3.3470486138228126e-05,1.0897792412288219e-05
698,1.734723475976807e-17,3.298590268631109e-05,6.938893903907228e-18,1.2340842947544672e-07,3.29859026863111e-05,1.0765959125809735e-05
699,1.734723475976807e-17,3.2506622002231036e-05,2.0816681711721685e-17,1.2055796017040876e-07,3.2506622002231036e-05,1.0635512166695347e-05
700,1.3877787807814457e-17,3.203319853637473e-05,4.163336342344337e-17,1.177619217695991e-07,3.203319853637473e-05,1.0507433953072694e-05
701,2.0816681711721685e-17,3.156667028967076e-05,9.020562075079397e-17,1.1566642843519048e-07,3.156667028967076e-05,1.0383026021512099e-05
702,1.734723475976807e-17,3.11079525020386e-05,4.163336342344337e-17,1.1387727905098899e-07,3.11079525020386e-05,1.0259300340438295e-05
703,1.734723475976807e-17,3.0654587090361875e-05,2.0816681711721685e-17,1.1211525463572514e-07,3.0654587090361875e-05,1.0135938388287e-05
704,1.734723475976807e-17,3.0206204953147134e-05,2.0816681711721685e-17,1.1037998703944396e-07,3.0206204953147134e-05,1.0013021332829135e-05
705,1.734723475976807e-17,2.9763201810187657e-05,4.85722573273506e-17,1.0867111144285957e-07,2.976320181018766e-05,9.894084839120242e-06
706,1.734723475976807e-17,2.9327776389895698e-05,6.938893903907228e-17,1.0698826624633284e-07,2.9327776389895698e-05,9.77641656317043e-06
707,1.734723475976807e-17,2.8897265926491414e-05,6.938893903907228e-17,1.0533109429111676e-07,2.8897265926491414e-05,9.665505728886672e-06
708,2.0816681711721685e-17,2.847175752100117e-05,2.7755575615628914e-17,1.0369924052788804e-07,2.847175752100117e-05,9.555333982939933e-06
709,1.3877787807814457e-17,2.805086553986348e-05,1.0408340855860843e-16,1.0209235590252774e-07,2.8050865539863483e-05,9.448652292447248e-06
710,1.734723475976807e-17,2.7634683782020297e-05,3.469446951953614e-17,1.0051009158296154e-07,2.7634683782020297e-05,9.344074530449213e-06
711,1.3877787807814457e-17,2.722316431220369e-05,5.551115123125783e-17,9.895210573152013e-08,2.722316431220369e-05,9.239497473842128e-06
712,1.3877787807814457e-17,2.681656280063856e-05,6.938893903907228e-18,9.741805706564577e-08,2.6816562800638564e-05,9.134860881904328e-06
713,1.3877787807814457e-17,2.641512175626713e-05,3.469446951953614e-17,9.59076104090073e-08,2.641512175626713e-05,9.03137007475228e-06
714,1.3877787807814457e-17,2.6018469937939413e-05,6.938893903907228e-18,9.442043213958584e-08,2.6018469937939413e-05,8.93080625423859e-06
715,1.3877787807814457e-17,2.5628429170585544e-05,1.3877787807814457e-16,9.295619329829918e-08,2.5628429170585547e-05,8.832413106326388e-06
716,1.3877787807814457e-17,2.524276676892101e-05,2.0816681711721685e-17,9.15145681457119e-08,2.524276676892101e-05,8.739417193019042e-06
717,1.734723475976807e-17,2.4861464503090524e-05,8.326672684688674e-17,9.009523405101305e-08,2.4861464503090524e-05,8.646905451257953e-06
718,1.3877787807814457e-17,2.448587576370432e-05,2.7755575615628914e-17,8.869787315735067e-08,2.448587576370432e-05,8.557907478179759e-06
719,1.5612511283791264e-17,2.4115476839150104e-05,9.71445146547012e-17,8.732216927320735e-08,2.4115476839150104e-05,8.470452218459836e-06
720,1.9081958235744878e-17,2.3749314545852946e-05,9.020562075079397e-17,8.596781109204699e-08,2.374931454585295e-05,8.382993540712057e-06
721,1.734723475976807e-17,2.3387390269755774e-05,1.3877787807814457e-16,8.463449019391334e-08,2.3387390269755774e-05,8.295608554115516e-06
722,1.4094628242311558e-17,2.303015348956262e-05,1.3877787807814457e-17,8.332190204463075e-08,2.303015348956262e-05,8.209068447752597e-06
723,1.3877787807814457e-17,2.2677257790163138e-05,8.326672684688674e-17,8.202974510762573e-08,2.2677257790163138e-05,8.125000067394057e-06
724,1.3877787807814457e-17,2.2328495754111364e-05,0.0,8.075772117699387e-08,2.2328495754111364e-05,8.041705966957246e-06
725,1.3877787807814457e-17,2.198385449172367e-05,6.245004513516506e-17,7.950553670976745e-08,2.198385449172367e-05,7.96105187656413e-06
726,1.734723475976807e-17,2.164334838589436e-05,2.7755575615628914e-17,7.827290005035792e-08,2.164334838589436e-05,7.880463628965623e-06
727,1.734723475976807e-17,2.130694122624924e-05,4.163336342344337e-17,7.705952309589037e-08,2.130694122624924e-05,7.801989008561429e-06
728,1.3877787807814457e-17,2.0974682825181888e-05,2.0816681711721685e-17,7.586512207335971e-08,2.0974682825181888e-05,7.725616913841746e-06
729,1.734723475976807e-17,2.064712361595835e-05,2.7755575615628914e-17,7.468941654042993e-08,2.064712361595835e-05,7.648815301104766e-06
730,2.0816681711721685e-17,2.032410373541463e-05,1.3877787807814457e-17,7.353212794214414e-08,2.032410373541463e-05,7.5716430348822565e-06
731,1.734723475976807e-17,2.0005563860112063e-05,6.938893903907228e-18,7.239298260852678e-08,2.0005563860112063e-05,7.494443822746715e-06
732,2.42861286636753e-17,1.9691701440677913e-05,6.938893903907228e-17,7.127171020027134e-08,1.9691701440677913e-05,7.419438676913984e-06
733,1.3877787807814457e-17,1.9381831165090516e-05,2.0816681711721685e-17,7.016804226545048e-08,1.938183116509052e-05,7.344415807678943e-06
734,1.3877787807814457e-17,1.9076041209554125e-05,2.7755575615628914e-17,6.908171501507354e-08,1.907604120955413e-05,7.269122629800109e-06
735,1.734723475976807e-17,1.8774038381853783e-05,6.938893903907228e-18,6.801246721366283e-08,1.8774038381853783e-05,7.19344158551181e-06
736,1.3877787807814457e-17,1.8476034348251674e-05,4.163336342344337e-17,6.696004040129822e-08,1.8476034348251678e-05,7.118486643190639e-06
737,1.3877787807814457e-17,1.8181821195942214e-05,7.632783294297951e-17,6.592418111406317e-08,1.8181821195942214e-05,7.0464884507748865e-06
738,2.0816681711721685e-17,1.7891348278922414e-05,1.3877787807814457e-17,6.490463788644263e-08,1.7891348278922414e-05,6.9746110956737955e-06
739,1.734723475976807e-17,1.76046938398554e-05,9.020562075079397e-17,6.390116147336755e-08,1.76046938398554e-05,6.90234240822842e-06
740,1.734723475976807e-17,1.7321871109056117e-05,4.85722573273506e-17,6.291350762577252e-08,1.7321871109056117e-05,6.829901246556835e-06
741,1.734723475976807e-17,1.7042800115500158e-05,9.020562075079397e-17,6.194143553628351e-08,1.7042800115500158e-05,6.757610710181523e-06
742,1.734723475976807e-17,1.6767525216587632e-05,5.551115123125783e-17,6.098470428650415e-08,1.6767525216587632e-05,6.6875871992154555e-06
743,1.3877787807814457e-17,1.6495949270647362e-05,6.245004513516506e-17,6.004308017448778e-08,1.6495949270647362e-05,6.617081357726731e-06
744,2.0816681711721685e-17,1.6227998504452456e-05,0.0,5.91163290541985e-08,1.6227998504452456e-05,6.546123724411193e-06
745,1.734723475976807e-17,1.5963847697483527e-05,6.245004513516506e-17,5.8204222663782446e-08,1.5963847697483524e-05,6.475148434752859e-06
746,1.734723475976807e-17,1.5703739858185732e-05,6.938893903907228e-18,5.730653362956417e-08,1.5703739858185732e-05,6.4041228035004525e-06
747,2.0816681711721685e-17,1.5447399734588054e-05,3.469446951953614e-17,5.642303935182724e-08,1.5447399734588054e-05,6.3337429792299756e-06
748,1.734723475976807e-17,1.5194558223023308e-05,1.1796119636642288e-16,5.5553518785167455e-08,1.5194558223023308e-05,6.2636345737137045e-06
749,1.3877787807814457e-17,1.4945125836031938e-05,4.85722573273506e-17,5.4697754880983496e-08,1.494512583603194e-05,6.19348671979989e-06
750,1.734723475976807e-17,1.4699142922389282e-05,1.0408340855860843e-16,5.3855532144986284e-08,1.4699142922389285e-05,6.123076747614681e-06
751,1.734723475976807e-17,1.4456704938284663e-05,4.85722573273506e-17,5.302663919071193e-08,1.4456704938284663e-05,6.05285131616331e-06
752,1.734723475976807e-17,1.4217794945499136e-05,1.0408340855860843e-16,5.221086862849944e-08,1.4217794945499138e-05,5.982788899615907e-06
753,1.734723475976807e-17,1.3982369160908286e-05,6.938893903907228e-18,5.140801306868781e-08,1.3982369160908286e-05,5.912390249376466e-06
754,2.0816681711721685e-17,1.375034286356339e-05,4.163336342344337e-17,5.061786989557504e-08,1.375034286356339e-05,5.841803635000339e-06
755,1.3877787807814457e-17,1.3521669477393193e-05,5.551115123125783e-17,4.984023938003901e-08,1.3521669477393192e-05,5.771619036620006e-06
756,1.3877787807814457e-17,1.3296236017448782e-05,5.551115123125783e-17,4.9074922792158304e-08,1.329623601744878e-05,5.7013122132058105e-06
757,1.3877787807814457e-17,1.3074051034544286e-05,4.163336342344337e-17,4.832172695312664e-08,1.3074051034544284e-05,5.631191107048009e-06
758,1.734723475976807e-17,1.2855097375364822e-05,9.71445146547012e-17,4.7580458906182344e-08,1.2855097375364822e-05,5.561023575784819e-06
759,1.734723475976807e-17,1.26393435612273e-05,3.469446951953614e-17,4.6850930024433524e-08,1.26393435612273e-05,5.490702549342857e-06
760,1.3877787807814457e-17,1.2426736929050573e-05,3.469446951953614e-17,4.613295345734514e-08,1.2426736929050574e-05,5.420318232060589e-06
761,1.3877787807814457e-17,1.2217192624028382e-05,2.7755575615628914e-17,4.542634524096201e-08,1.2217192624028383e-05,5.3498612666274965e-06
762,1.734723475976807e-17,1.2010716948610436e-05,6.245004513516506e-17,4.4730925186087234e-08,1.2010716948610436e-05,5.279419989523662e-06
763,1.734723475976807e-17,1.1807396832732001e-05,3.469446951953614e-17,4.404651299250162e-08,1.1807396832732e-05,5.2090390225440365e-06
764,1.734723475976807e-17,1.1607238017969398e-05,1.3877787807814457e-17,4.337293413314569e-08,1.1607238017969398e-05,5.138733038405708e-06
765,1.734723475976807e-17,1.141055399376047e-05,6.245004513516506e-17,4.271001441402689e-08,1.141055399376047e-05,5.068497712778343e-06
766,2.0816681711721685e-17,1.121707537385899e-05,2.7755575615628914e-17,4.205758319386632e-08,1.121707537385899e-05,4.998374215418075e-06
767,1.3877787807814457e-17,1.1026521656034513e-05,2.0816681711721685e-17,4.141547205183116e-08,1.1026521656034513e-05,4.928407546248123e-06
768,1.734723475976807e-17,1.0838869616574312e-05,0.0,4.0783514898556916e-08,1.0838869616574312e-05,4.858559938855969e-06
769,1.3877787807814457e-17,1.0654096960158845e-05,6.938893903907228e-17,4.016154875330358e-08,1.0654096960158845e-05,4.7889372785889335e-06
770,1.734723475976807e-17,1.0472149433830108e-05,1.3877787807814457e-17,3.954941207862106e-08,1.0472149433830108e-05,4.7195071653626e-06
771,1.734723475976807e-17,1.0293039742258292e-05,6.245004513516506e-17,3.894694611261684e-08,1.0293039742258293e-05,4.650303282095807e-06
772,1.5612511283791264e-17,1.0116705422070352e-05,9.71445146547012e-17,3.835399553508978e-08,1.0116705422070352e-05,4.581380835439061e-06
773,1.3877787807814457e-17,9.943138398270086e-06,3.469446951953614e-17,3.7770405802994844e-08,9.943138398270084e-06,4.512743628936747e-06
774,1.3877787807814457e-17,9.772269309989986e-06,1.3877787807814457e-17,3.7196024926799964e-08,9.772269309989984e-06,4.444421809664296e-06
775,1.734723475976807e-17,9.604106155540728e-06,9.020562075079397e-17,3.663070513582056e-08,9.604106155540728e-06,4.376447858096049e-06
776,1.3877787807814457e-17,9.438572157698004e-06,6.245004513516506e-17,3.6074297882215944e-08,9.438572157698004e-06,4.308881977781257e-06
777,1.734723475976807e-17,9.27562191367462e-06,6.938893903907228e-18,3.552665950312672e-08,9.27562191367462e-06,4.241705867747114e-06
778,1.3877787807814457e-17,9.115296502442224e-06,8.326672684688674e-17,3.4987646446715814e-08,9.115296502442224e-06,4.174934348616704e-06
779,1.3877787807814457e-17,8.957649402059973e-06,7.632783294297951e-17,3.445711960203823e-08,8.957649402059973e-06,4.1086037603163296e-06
780,1.3877787807814457e-17,8.803020934054127e-06,2.0816681711721685e-17,3.3934940413260506e-08,8.803020934054127e-06,4.0426750588137626e-06
781,1.734723475976807e-17,8.651252544781925e-06,3.469446951953614e-17,3.3420972433972906e-08,8.651252544781925e-06,3.977227520499781e-06
782,1.734723475976807e-17,8.501994292145895e-06,1.3877787807814457e-17,3.291508243741248e-08,8.501994292145895e-06,3.912202870139579e-06
783,1.3877787807814457e-17,8.355157745142922e-06,9.020562075079397e-17,3.24171386401062e-08,8.355157745142922e-06,3.847692112744908e-06
784,1.3877787807814457e-17,8.210681480218621e-06,9.71445146547012e-17,3.1927011145960194e-08,8.210681480218621e-06,3.783696334600723e-06
785,1.734723475976807e-17,8.068553068304856e-06,1.3877787807814457e-17,3.1444571946259714e-08,8.068553068304856e-06,3.720230902153907e-06
786,1.734723475976807e-17,7.928779847794117e-06,5.551115123125783e-17,3.096969602989219e-08,7.928779847794118e-06,3.6572311032968954e-06
787,1.3877787807814457e-17,7.79131687144569e-06,6.938893903907228e-18,3.0502258940856564e-08,7.79131687144569e-06,3.594845406128164e-06
788,1.3877787807814457e-17,7.65615036201417e-06,8.326672684688674e-17,3.004214010893236e-08,7.65615036201417e-06,3.533077142539983e-06
789,1.734723475976807e-17,7.523285919514331e-06,5.551115123125783e-17,2.9589218186742983e-08,7.523285919514331e-06,3.4718421819463712e-06
790,1.3877787807814457e-17,7.3926414033137415e-06,2.0816681711721685e-17,2.914337782211618e-08,7.3926414033137415e-06,3.411180816046218e-06
791,2.42861286636753e-17,7.264138640130723e-06,1.3877787807814457e-17,2.870450066527752e-08,7.264138640130722e-06,3.3511423214110097e-06
792,2.0816681711721685e-17,7.137773155984286e-06,4.85722573273506e-17,2.827247391756771e-08,7.137773155984288e-06,3.291703251452398e-06
793,1.3877787807814457e-17,7.013543907874033e-06,6.938893903907228e-18,2.784718489134974e-08,7.013543907874033e-06,3.2328832708285804e-06
794,1.3877787807814457e-17,6.891380958849064e-06,2.7755575615628914e-17,2.7428524340677995e-08,6.891380958849064e-06,3.174600942231339e-06
795,1.3877787807814457e-17,6.771322451109828e-06,2.7755575615628914e-17,2.701638168733922e-08,6.771322451109826e-06,3.1170150903872324e-06
796,1.734723475976807e-17,6.653631086020719e-06,2.7755575615628914e-17,2.6610651571168376e-08,6.653631086020719e-06,3.0600815635798333e-06
797,1.214306433183765e-17,6.538116080799712e-06,4.85722573273506e-17,2.6211228076888915e-08,6.538116080799712e-06,3.0037656598688406e-06
798,1.3877787807814457e-17,6.424772658150838e-06,4.85722573273506e-17,2.581800895296027e-08,6.4247726581508375e-06,2.9480723914274256e-06
799,2.0816681711721685e-17,6.313508563308442e-06,1.1102230246251565e-16,2.5430891503752662e-08,6.313508563308443e-06,2.893020853050894e-06
800,1.3877787807814457e-17,6.204215193186374e-06,9.020562075079397e-17,2.5049775476126968e-08,6.2042151931863745e-06,2.8386838827281678e-06
801,1.734723475976807e-17,6.096910799194625e-06,3.469446951953614e-17,2.4674563392501625e-08,6.096910799194624e-06,2.785003744204379e-06
802,1.3877787807814457e-17,5.991467524474119e-06,1.0408340855860843e-16,2.430515855245119e-08,5.991467524474119e-06,2.731978209664389e-06
803,1.734723475976807e-17,5.888042642561158e-06,2.7755575615628914e-17,2.3941465143728635e-08,5.888042642561158e-06,2.6796556965294305e-06
804,2.0816681711721685e-17,5.786420374536206e-06,5.551115123125783e-17,2.35833901296445e-08,5.786420374536206e-06,2.628046414690159e-06
805,1.734723475976807e-17,5.686737606878784e-06,6.938893903907228e-18,2.3230840695553923e-08,5.686737606878784e-06,2.577082237345898e-06
806,1.3877787807814457e-17,5.5887654323225405e-06,1.3877787807814457e-17,2.2883727468503423e-08,5.5887654323225405e-06,2.5267617679909604e-06
807,2.0816681711721685e-17,5.4925349364652405e-06,6.938893903907228e-18,2.2541961297584123e-08,5.4925349364652405e-06,2.4771590999091227e-06
808,1.3877787807814457e-17,5.398050886743929e-06,2.7755575615628914e-17,2.2205454697221683e-08,5.398050886743929e-06,2.4282490903225593e-06
809,1.734723475976807e-17,5.305294747089609e-06,0.0,2.1874121292064785e-08,5.305294747089609e-06,2.3800084056370916e-06
810,1.734723475976807e-17,5.214260181012173e-06,1.249000902703301e-16,2.154787670516356e-08,5.214260181012173e-06,2.3324760267374677e-06
811,1.734723475976807e-17,5.124818875044676e-06,9.71445146547012e-17,2.1226637780813462e-08,5.1248188750446755e-06,2.2855963109376165e-06
812,1.3877787807814457e-17,5.0369108032199324e-06,1.1102230246251565e-16,2.0910324027845206e-08,5.0369108032199324e-06,2.239424056629349e-06
813,1.734723475976807e-17,4.9505861584881515e-06,9.020562075079397e-17,2.0598852734643458e-08,4.9505861584881515e-06,2.1939180575187328e-06
814,1.3877787807814457e-17,4.865798632752941e-06,5.551115123125783e-17,2.029214696275261e-08,4.8657986327529405e-06,2.1491190686526656e-06
815,1.3877787807814457e-17,4.782574965026368e-06,0.0,1.9990128330427126e-08,4.782574965026368e-06,2.104999460971705e-06
816,1.3877787807814457e-17,4.7009829875634825e-06,6.938893903907228e-18,1.9692720232278305e-08,4.7009829875634825e-06,2.061528812398177e-06
817,1.3877787807814457e-17,4.620983015301949e-06,6.938893903907228e-18,1.9399848283363497e-08,4.620983015301949e-06,2.0186892447202844e-06
818,1.3877787807814457e-17,4.542477498349163e-06,6.938893903907228e-18,1.9111438764873867e-08,4.542477498349163e-06,1.9765640500411964e-06
819,1.3877787807814457e-17,4.4655050686966075e-06,7.632783294297951e-17,1.8827418735156698e-08,4.4655050686966075e-06,1.9352164529663664e-06
820,1.734723475976807e-17,4.389923731721337e-06,4.85722573273506e-17,1.854771747300532e-08,4.389923731721337e-06,1.8944901489597176e-06
821,1.474514954580286e-17,4.31579147621158e-06,3.469446951953614e-17,1.827226447925767e-08,4.31579147621158e-06,1.8543919647746134e-06
822,1.3877787807814457e-17,4.243105425740889e-06,9.71445146547012e-17,1.8000990587019317e-08,4.243105425740889e-06,1.8149867249139122e-06
823,1.734723475976807e-17,4.171738666740353e-06,1.3877787807814457e-17,1.773382884984187e-08,4.171738666740353e-06,1.7762724199224924e-06
824,1.734723475976807e-17,4.101676247936038e-06,2.0816681711721685e-17,1.747071332047767e-08,4.101676247936038e-06,1.7382391195733774e-06
825,1.734723475976807e-17,4.033012993907541e-06,6.938893903907228e-18,1.721157782963445e-08,4.033012993907542e-06,1.700806007527768e-06
826,1.3877787807814457e-17,3.965670822534189e-06,6.938893903907228e-18,1.6956358095399082e-08,3.965670822534189e-06,1.664033074645778e-06
827,2.0816681711721685e-17,3.899528597200487e-06,1.3877787807814457e-17,1.6704991834259886e-08,3.899528597200487e-06,1.6279216451931593e-06
828,1.3877787807814457e-17,3.834614284490666e-06,5.551115123125783e-17,1.6457415985549062e-08,3.834614284490667e-06,1.5924677146528267e-06
829,1.3877787807814457e-17,3.770813185938517e-06,9.71445146547012e-17,1.621357015313407e-08,3.770813185938517e-06,1.5576372842527117e-06
830,1.734723475976807e-17,3.708166346860636e-06,1.3877787807814457e-17,1.5973394495993887e-08,3.7081663468606363e-06,1.523445017623953e-06
831,1.734723475976807e-17,3.6465954242188495e-06,2.7755575615628914e-17,1.5736829950263598e-08,3.64659542421885e-06,1.4898569791785717e-06
832,1.3877787807814457e-17,3.5861115451513835e-06,3.469446951953614e-17,1.5503818895368227e-08,3.5861115451513835e-06,1.4568987444022353e-06
833,1.734723475976807e-17,3.5267293432946843e-06,6.938893903907228e-18,1.5274304487888912e-08,3.5267293432946843e-06,1.4245512376890458e-06
834,1.3877787807814457e-17,3.468393169710397e-06,6.938893903907228e-18,1.5048230439518306e-08,3.468393169710397e-06,1.3928467581165314e-06
835,1.734723475976807e-17,3.4110980892378524e-06,4.163336342344337e-17,1.4825542349328202e-08,3.4110980892378524e-06,1.361696869026331e-06
836,1.3877787807814457e-17,3.3548134066133507e-06,7.632783294297951e-17,1.4606186260479603e-08,3.3548134066133503e-06,1.331188983600266e-06
837,1.3877787807814457e-17,3.299602999560826e-06,3.469446951953614e-17,1.4390108216133513e-08,3.2996029995608266e-06,1.3012640229921924e-06
838,1.3877787807814457e-17,3.245371180128763e-06,2.0816681711721685e-17,1.4177257479097705e-08,3.2453711801287633e-06,1.2718747830697453e-06
839,1.3877787807814457e-17,3.1921835911472067e-06,5.551115123125783e-17,1.3967582090934627e-08,3.1921835911472067e-06,1.243038169750248e-06
840,1.474514954580286e-17,3.140195532544752e-06,1.0408340855860843e-16,1.376103198058587e-08,3.140195532544752e-06,1.2148321414082394e-06
841,1.734723475976807e-17,3.0891748770765635e-06,9.71445146547012e-17,1.355755752108223e-08,3.0891748770765635e-06,1.1871975079391258e-06
842,1.734723475976807e-17,3.0391542719739006e-06,4.85722573273506e-17,1.3357110528744442e-08,3.039154271973901e-06,1.160125915129626e-06
843,2.0816681711721685e-17,2.990030908001415e-06,6.938893903907228e-18,1.3159642264781723e-08,2.9900309080014155e-06,1.1336235815120017e-06
844,1.734723475976807e-17,2.941788392297161e-06,9.71445146547012e-17,1.296510698800546e-08,2.941788392297161e-06,1.1076079084421136e-06
845,1.3877787807814457e-17,2.894586737083488e-06,1.3877787807814457e-16,1.2773458069048615e-08,2.894586737083488e-06,1.0821673297995364e-06
846,1.734723475976807e-17,2.84824997997146e-06,5.551115123125783e-17,1.2584650099789485e-08,2.84824997997146e-06,1.0573014908710981e-06
847,1.734723475976807e-17,2.8026880072171306e-06,1.3877787807814457e-17,1.2398638671307083e-08,2.8026880072171306e-06,1.0330181069910562e-06
848,1.734723475976807e-17,2.7579360632529384e-06,3.469446951953614e-17,1.2215380040814239e-08,2.7579360632529384e-06,1.009220071670572e-06
849,1.3877787807814457e-17,2.7139325882226744e-06,7.632783294297951e-17,1.2034831353702202e-08,2.713932588222674e-06,9.858889157691981e-07
850,1.734723475976807e-17,2.6707378126655765e-06,2.0816681711721685e-17,1.1856949755362223e-08,2.6707378126655765e-06,9.630870716984692e-07
851,1.3877787807814457e-17,2.6282734451106225e-06,2.7755575615628914e-17,1.1681694278564692e-08,2.628273445110622e-06,9.407331088232804e-07
852,1.5612511283791264e-17,2.5865636470297697e-06,5.551115123125783e-17,1.150902440016921e-08,2.5865636470297697e-06,9.189379722647615e-07
853,1.3877787807814457e-17,2.5456226833423555e-06,4.163336342344337e-17,1.133889870885696e-08,2.5456226833423555e-06,8.976085409421687e-07
854,1.3877787807814457e-17,2.5053698105974773e-06,3.469446951953614e-17,1.117127890193359e-08,2.5053698105974773e-06,8.767780489778839e-07
855,1.3877787807814457e-17,2.465839299222931e-06,3.469446951953614e-17,1.100612612159324e-08,2.465839299222931e-06,8.564386989742295e-07
856,1.3877787807814457e-17,2.4269789686765525e-06,8.326672684688674e-17,1.0843401954119258e-08,2.4269789686765525e-06,8.365242338338562e-07
857,1.3877787807814457e-17,2.388762093027557e-06,7.632783294297951e-17,1.0683068873973411e-08,2.388762093027557e-06,8.170238498102708e-07
858,1.734723475976807e-17,2.351279112942272e-06,9.020562075079397e-17,1.0525090687885097e-08,2.351279112942272e-06,7.979925579548882e-07
859,1.3877787807814457e-17,2.3144346306253685e-06,9.71445146547012e-17,1.0369429981338385e-08,2.3144346306253685e-06,7.794408062766889e-07
860,1.734723475976807e-17,2.278221612773778e-06,3.469446951953614e-17,1.0216052892531025e-08,2.278221612773778e-06,7.613058436990137e-07
861,1.3877787807814457e-17,2.2426208068772515e-06,6.938893903907228e-18,1.006492311717011e-08,2.2426208068772515e-06,7.436386714886438e-07
862,1.3877787807814457e-17,2.2076535403764397e-06,1.3877787807814457e-17,9.916007126520299e-09,2.2076535403764397e-06,7.263816224125711e-07
863,1.734723475976807e-17,2.1732975947623427e-06,6.245004513516506e-17,9.769269726511709e-09,2.1732975947623427e-06,7.095168431791886e-07
864,1.3877787807814457e-17,2.139628616112465e-06,2.0816681711721685e-17,9.624679830899652e-09,2.139628616112465e-06,6.93028517613403e-07
865,1.734723475976807e-17,2.106509837333716e-06,3.469446951953614e-17,9.48220424401569e-09,2.106509837333716e-06,6.769248306475418e-07
866,1.734723475976807e-17,2.0739219287347766e-06,4.163336342344337e-17,9.341809659169087e-09,2.0739219287347766e-06,6.612009845406532e-07
867,1.734723475976807e-17,2.0418556279554802e-06,0.0,9.203465656248966e-09,2.0418556279554802e-06,6.459311764345488e-07
868,1.734723475976807e-17,2.0103196758152264e-06,2.0816681711721685e-17,9.06714081594373e-09,2.0103196758152264e-06,6.31061795909931e-07
869,1.734723475976807e-17,1.979335256497781e-06,2.0816681711721685e-17,8.932803940986389e-09,1.979335256497781e-06,6.165368144875897e-07
870,1.734723475976807e-17,1.9488502364675906e-06,3.469446951953614e-17,8.800426942734418e-09,1.948850236467591e-06,6.023659719571403e-07
871,1.734723475976807e-17,1.9189589332314113e-06,8.326672684688674e-17,8.669978623920827e-09,1.9189589332314113e-06,5.885159210283677e-07
872,1.3877787807814457e-17,1.8896874098504014e-06,1.3877787807814457e-17,8.541430673858486e-09,1.8896874098504014e-06,5.749999739231747e-07
873,1.3877787807814457e-17,1.8608899937362697e-06,2.7755575615628914e-17,8.41475444879336e-09,1.8608899937362697e-06,5.618256335291717e-07
874,1.3877787807814457e-17,1.8326475777640239e-06,1.3877787807814457e-17,8.28992241519444e-09,1.8326475777640239e-06,5.490135869198262e-07
875,1.3877787807814457e-17,1.8048488610129354e-06,0.0,8.166906595441503e-09,1.8048488610129356e-06,5.365777651603797e-07
876,1.3877787807814457e-17,1.7774802045531556e-06,1.1102230246251565e-16,8.045679789070448e-09,1.7774802045531556e-06,5.244619656606176e-07
877,2.0816681711721685e-17,1.7505411044423287e-06,1.1102230246251565e-16,7.926215128684078e-09,1.7505411044423287e-06,5.126242701508231e-07
878,1.3877787807814457e-17,1.7240283384739518e-06,0.0,7.808487190175128e-09,1.7240283384739518e-06,5.010965876176886e-07
879,2.0816681711721685e-17,1.6979242584855517e-06,3.469446951953614e-17,7.69246977228022e-09,1.6979242584855517e-06,4.898849128848965e-07
880,1.3877787807814457e-17,1.672223642461914e-06,3.469446951953614e-17,7.578137228847481e-09,1.672223642461914e-06,4.789446178263743e-07
881,1.3877787807814457e-17,1.6469458360785861e-06,1.249000902703301e-16,7.46546502394807e-09,1.6469458360785861e-06,4.682865947416257e-07
882,1.734723475976807e-17,1.6221108323026733e-06,0.0,7.354429287786957e-09,1.6221108323026733e-06,4.58016719802446e-07
883,1.3877787807814457e-17,1.597663743819768e-06,6.938893903907228e-18,7.245004152167667e-09,1.597663743819768e-06,4.4801276053914807e-07
884,1.214306433183765e-17,1.5736028644346044e-06,2.7755575615628914e-17,7.137167412629708e-09,1.5736028644346044e-06,4.3823570254003524e-07
885,1.3877787807814457e-17,1.549926359999781e-06,0.0,7.030895421422656e-09,1.549926359999781e-06,4.287081755031028e-07
886,1.3010426069826053e-17,1.5266574829991233e-06,2.7755575615628914e-17,6.926164419773784e-09,1.5266574829991233e-06,4.194952249041801e-07
887,1.3877787807814457e-17,1.503763961404473e-06,6.938893903907228e-17,6.822952980378716e-09,1.5037639614044728e-06,4.105099903422436e-07
888,1.5612511283791264e-17,1.4812237489658595e-06,1.3877787807814457e-17,6.721237788553935e-09,1.4812237489658595e-06,4.017421868240172e-07
889,1.3877787807814457e-17,1.4590487190230996e-06,5.551115123125783e-17,6.620997972106579e-09,1.4590487190230996e-06,3.931838949090622e-07
890,1.3877787807814457e-17,1.4372320703704063e-06,4.85722573273506e-17,6.5222112155538525e-09,1.4372320703704063e-06,3.8492759470736044e-07
891,1.3877787807814457e-17,1.4157514943203952e-06,6.938893903907228e-18,6.424856313635985e-09,1.415751494320395e-06,3.7688453140702627e-07
892,1.734723475976807e-17,1.3946022241311893e-06,6.245004513516506e-17,6.328913504383138e-09,1.3946022241311895e-06,3.6904787292144945e-07
893,2.0816681711721685e-17,1.3737815535969517e-06,1.1102230246251565e-16,6.234360472312517e-09,1.3737815535969517e-06,3.6144565479747327e-07
894,1.734723475976807e-17,1.3532854945196618e-06,6.938893903907228e-17,6.14117956487803e-09,1.3532854945196618e-06,3.540322108185956e-07
895,1.3877787807814457e-17,1.333106367134097e-06,2.7755575615628914e-17,6.04934835557458e-09,1.333106367134097e-06,3.4680372634478754e-07
896,1.734723475976807e-17,1.3132900485000265e-06,5.551115123125783e-17,5.9588488587891675e-09,1.3132900485000265e-06,3.39785372967634e-07
897,1.734723475976807e-17,1.293765875398242e-06,9.020562075079397e-17,5.869661201529652e-09,1.293765875398242e-06,3.3293870682426675e-07
898,2.0816681711721685e-17,1.2745300441537746e-06,3.469446951953614e-17,5.781766843071523e-09,1.2745300441537746e-06,3.2629759366198447e-07
899,1.5612511283791264e-17,1.255581504784704e-06,4.163336342344337e-17,5.695146243489546e-09,1.255581504784704e-06,3.1982581470305194e-07
900,1.3877787807814457e-17,1.2369192880777035e-06,0.0,5.6097823053491425e-09,1.2369192880777035e-06,3.134845208842193e-07
901,1.734723475976807e-17,1.2185383911560094e-06,4.85722573273506e-17,5.525656265881196e-09,1.2185383911560094e-06,3.073309693126425e-07
902,1.734723475976807e-17,1.2004356268206452e-06,6.938893903907228e-17,5.442751027651127e-09,1.2004356268206452e-06,3.013817986085676e-07
903,1.3877787807814457e-17,1.1826073450488592e-06,6.938893903907228e-17,5.361047938912122e-09,1.1826073450488592e-06,2.9562877476879554e-07
904,1.734723475976807e-17,1.1650659772412178e-06,8.326672684688674e-17,5.28053023529651e-09,1.1650659772412178e-06,2.900090159212272e-07
905,1.3877787807814457e-17,1.1477870862827104e-06,5.551115123125783e-17,5.2011814855035254e-09,1.1477870862827104e-06,2.8454426256274e-07
906,1.3877787807814457e-17,1.1307630153362128e-06,0.0,5.12298414800938e-09,1.1307630153362128e-06,2.7923348182597054e-07
907,1.3877787807814457e-17,1.113988747835576e-06,4.163336342344337e-17,5.045922901736333e-09,1.1139887478355758e-06,2.7403923004926793e-07
908,2.0816681711721685e-17,1.0974596393424928e-06,5.551115123125783e-17,4.969980316182898e-09,1.0974596393424926e-06,2.689429005182089e-07
909,1.734723475976807e-17,1.0812005836177314e-06,4.163336342344337e-17,4.8951414033382434e-09,1.0812005836177314e-06,2.63962786568221e-07
910,1.3877787807814457e-17,1.065198633017698e-06,1.1796119636642288e-16,4.821389287812394e-09,1.065198633017698e-06,2.5917084268112386e-07
911,1.3877787807814457e-17,1.0494459257437702e-06,4.163336342344337e-17,4.748709092616821e-09,1.0494459257437702e-06,2.545138525694821e-07
912,2.0816681711721685e-17,1.0339336582547726e-06,9.71445146547012e-17,4.677086495874505e-09,1.0339336582547726e-06,2.4998445295172153e-07
913,1.3877787807814457e-17,1.0186496345511139e-06,1.0408340855860843e-16,4.606505177306985e-09,1.0186496345511139e-06,2.4554947946271667e-07
914,1.3877787807814457e-17,1.0035936189699342e-06,6.938893903907228e-18,4.5369509260595464e-09,1.0035936189699342e-06,2.412325893970907e-07
915,2.0816681711721685e-17,9.887651046099656e-07,1.3877787807814457e-17,4.4684094202551705e-09,9.887651046099656e-07,2.3703780033008257e-07
