element,x,y,p,cp
slat,-0.02061891222338858,-0.023616104451021358,-0.4870316922939509,-0.9740633845879018
slat,0.01716527507158655,0.005944745306537802,-0.5240451324593046,-1.0480902649186092
slat,-0.017233446377275537,-0.020866120577266355,-0.49031087601511314,-0.9806217520302263
slat,-0.01553261464396676,-0.019501154100832214,-0.49480503740806664,-0.9896100748161333
slat,-0.01382682646543059,-0.018142386323693208,-0.49688920802497843,-0.9937784160499569
slat,-0.01211696255096971,-0.016788749113195185,-0.4989471081675361,-0.9978942163350722
slat,-0.010404383580364811,-0.015438547513886909,-0.49975075199179114,-0.9995015039835823
slat,-0.008690206053034047,-0.01409037553412637,-0.4993941702503746,-0.9987883405007492
slat,-0.006974796900159636,-0.01274377174774782,-0.5014774220536391,-1.0029548441072782
slat,-0.005258389374144882,-0.01139844052448336,-0.5017474865869872,-1.0034949731739744
slat,-0.03883920477194551,-0.03921720903444417,-0.4329312528254445,-0.865862505650889
slat,0.008484389701987198,-0.0006505236470196973,-0.5194524061156277,-1.0389048122312554
slat,-0.037213382020993245,-0.0377637043268462,-0.4370311126067206,-0.8740622252134412
slat,-0.03558090032348801,-0.03631768393205953,-0.444251114808072,-0.888502229616144
slat,0.010206429534844682,0.0006875902538590246,-0.5205309549761571,-1.0410619099523142
slat,-0.03394198231666786,-0.03487896622332573,-0.44952617573932585,-0.8990523514786517
slat,-0.032296827681203705,-0.033447386667983386,-0.45634170267274016,-0.9126834053454803
slat,0.01192985894289152,0.002023913475234536,-0.5212266039337391,-1.0424532078674782
slat,-0.03064560515338475,-0.03202280704401325,-0.45986067349503235,-0.9197213469900647
slat,-0.0289884747686213,-0.030605102698983835,-0.4657542819424196,-0.9315085638848392
slat,0.01365486537024617,0.0033581977939771577,-0.5212910441621353,-1.0425820883242707
slat,-0.02732558745802656,-0.029194153611747223,-0.47031156827352844,-0.9406231365470569
slat,-0.025657077165293744,-0.02778985845745307,-0.4731972079672817,-0.9463944159345634
slat,0.015391596352267754,0.004677004622340646,-0.5313786081069709,-1.0627572162139418
slat,-0.051573362655814525,-0.05114094491397254,-0.38123222996465234,-0.7624644599293047
slat,0.001610028769986126,-0.006020675876208866,-0.5086832119945847,-1.0173664239891693
slat,-0.05001134628622843,-0.04961908292114284,-0.39022542563002904,-0.7804508512600581
slat,-0.04844002099840015,-0.04810684015931975,-0.39569182951010046,-0.7913836590202009
slat,0.0033261952637464393,-0.004675037452191019,-0.513467956673565,-1.02693591334713
slat,-0.04685986694661493,-0.04660382208920401,-0.4035384622509009,-0.8070769245018018
slat,-0.04527126265498731,-0.04510973098022095,-0.4077339592408507,-0.8154679184817014
slat,0.005043932937091345,-0.0033314063488607574,-0.5168332111841054,-1.0336664223682108
slat,-0.04367452869732234,-0.04362432946495201,-0.4155208157916482,-0.8310416315832964
slat,-0.04207003164667354,-0.04214731875431073,-0.41929788560690195,-0.8385957712138039
slat,0.006763518012569211,-0.0019901393967851283,-0.5176845014258573,-1.0353690028517146
slat,-0.04045815739181541,-0.04067836037530899,-0.42636748887362524,-0.8527349777472505
slat,-0.00010657803887382584,-0.007365752065390083,-0.5079337740046733,-1.0158675480093466
slat,-0.01892889361745959,-0.022237768825097093,-0.4874384395785591,-0.9748768791571182
slat,-0.001824084149413185,-0.008709680492295056,-0.5058256419857481,-1.0116512839714962
slat,-0.04101475227408012,-0.07714717997508128,-0.1946734996067569,-0.3893469992135138
slat,-0.003541430002110029,-0.010053813663665858,-0.5035588979597625,-1.007117795919525
slat,-0.022303633252408805,-0.025000910847709383,-0.48190623923869486,-0.9638124784773897
slat,-0.023983056105930017,-0.02639213706656258,-0.47894892025444513,-0.9578978405088903
slat,-0.057717915695510325,-0.05733248723854084,-0.3517308348384509,-0.7034616696769018
slat,-0.05922475109128844,-0.058909005611189974,-0.34299993566886017,-0.6859998713377203
slat,-0.053125567724455314,-0.05267281193632793,-0.374704089649034,-0.749408179298068
slat,-0.05466748510010203,-0.05421503923578608,-0.36634527442839243,-0.7326905488567849
slat,-0.056198524197005134,-0.05576806452629726,-0.35760493909883134,-0.7152098781976627
slat,-0.04670221828830684,-0.1141173380763916,0.027189178689852,0.054378357379704
slat,-0.044577512630731064,-0.11362598897418044,0.03343405322812797,0.06686810645625595
slat,-0.04245730174473204,-0.11311548852975001,0.03495987527111976,0.06991975054223952
slat,-0.0403397368899807,-0.11259408326837644,0.03610211204030313,0.07220422408060626
slat,-0.03822311940102001,-0.11206882076104145,0.03368656670765786,0.06737313341531571
slat,-0.060718037575581994,-0.06049836093487258,-0.33398608087935,-0.6679721617587
slat,-0.06219689824953992,-0.062101149683177585,-0.3258570695321713,-0.6517141390643426
slat,-0.06366055950750041,-0.06371780995741973,-0.3152728344486358,-0.6305456688972716
slat,-0.06510779112460702,-0.06534918516458264,-0.30799553722689477,-0.6159910744537895
slat,-0.0665367818497879,-0.06699655837915014,-0.2960606401087894,-0.5921212802175788
slat,-0.0679457291949355,-0.06866112948384395,-0.28822994286961756,-0.5764598857392351
slat,-0.06933279039986964,-0.07034396384762451,-0.27407744169876547,-0.5481548833975309
slat,-0.07069577742206598,-0.0720463427984605,-0.26232938286014007,-0.5246587657202801
slat,-0.07203211276922464,-0.07376973481241378,-0.24706229087767154,-0.4941245817553431
slat,-0.07333870191489547,-0.07551573438263323,-0.2322626003004508,-0.4645252006009016
slat,-0.07461156947008381,-0.07728645151855164,-0.21817847216465072,-0.43635694432930144
slat,-0.0758455088725376,-0.07908451850363953,-0.19843044906193233,-0.39686089812386466
slat,-0.07703297634380436,-0.08091350412222034,-0.17756443095457555,-0.3551288619091511
slat,-0.07816334289015989,-0.08277816453419026,-0.15217396507666875,-0.3043479301533375
slat,-0.07922827353982692,-0.08468094271698329,-0.12098662580989515,-0.2419732516197903
slat,-0.08022169127301369,-0.08662194610744786,-0.07773801019227576,-0.15547602038455152
slat,-0.08114246003222542,-0.08859851211887192,-0.04087490190911156,-0.08174980381822312
slat,-0.0819809606641053,-0.09061097335597014,0.005097478862965561,0.010194957725931122
slat,-0.08271810790522773,-0.09266247736532884,0.07144427867931664,0.1428885573586333
slat,-0.0833705143585004,-0.0947431165138925,0.11046140682413835,0.2209228136482767
slat,-0.08392627196438956,-0.09685076170356371,0.20043123390493106,0.4008624678098621
slat,-0.0843818756449773,-0.09898287478996559,0.213232020789346,0.426464041578692
slat,-0.08468340588309708,-0.10113847197871215,0.23092443034971122,0.46184886069942244
slat,-0.08464754109400442,-0.1033047843928047,0.38614172573050387,0.7722834514610077
slat,-0.0840959733597142,-0.10538608794250864,0.4461048928177927,0.8922097856355854
slat,-0.08304004093620318,-0.10727511109733584,0.5248396892535303,1.0496793785070606
slat,-0.08164775647040139,-0.10894274745548466,0.45274285120071994,0.9054857024014399
slat,-0.08006765500306878,-0.11044232724555555,0.5027068911452985,1.005413782290597
slat,-0.07835000419427711,-0.1117795069866053,0.45341703715989023,0.9068340743197805
slat,-0.07650297589622493,-0.1129347278319644,0.4068619780847363,0.8137239561694726
slat,-0.07456019339623968,-0.1139190383621029,0.3450529556709491,0.6901059113418982
slat,-0.07253413730978833,-0.11471824553140181,0.2796554631147454,0.5593109262294907
slat,-0.0704444945148808,-0.1153340141717453,0.21007814691925963,0.42015629383851927
slat,-0.06831105426744682,-0.11577758468495836,0.16337017656165506,0.3267403531233101
slat,-0.0661503533085157,-0.11606342711420531,0.10792685539414512,0.21585371078829024
slat,-0.06397515158265477,-0.1162056651968541,0.08241651305443336,0.16483302610886671
slat,-0.06179511291652283,-0.11622253814648681,0.052854558089290155,0.10570911617858031
slat,-0.05961665853634095,-0.11613310200825724,0.04535297855920676,0.09070595711841352
slat,-0.05744367354988408,-0.1159532739395378,0.031490947716262555,0.06298189543252511
slat,-0.05527829953393036,-0.1156964974803632,0.023377257100193026,0.04675451420038605
slat,-0.053121534442945685,-0.115374600246586,0.0228777930680223,0.0457555861360446
slat,-0.050973465161231885,-0.11499877868063305,0.022272149585610523,0.04454429917122105
slat,-0.048833749212566,-0.11457790408480906,0.024790168111923173,0.04958033622384635
slat,-0.0024985537432552557,-0.015370525922645845,-0.013121711103280923,-0.026243422206561846
slat,-0.0014989413034058041,-0.014331022999756145,0.0005220920847825354,0.0010441841695650708
slat,-0.0004935218703648176,-0.013297124763746466,0.0070875101792466045,0.014175020358493209
slat,0.000517258314571265,-0.012268465022490864,0.012433765985529763,0.024867531971059526
slat,0.0015337619816099875,-0.01124545734351758,0.02505465158882195,0.0501093031776439
slat,0.002555399611108067,-0.01022757543318149,0.029507581727964128,0.059015163455928256
slat,0.0035818924372343786,-0.009214590327041142,0.024172923550436265,0.04834584710087253
slat,0.00461340905404853,-0.008206721135883777,0.027405573392671113,0.05481114678534223
slat,0.005649915623923781,-0.007203986138309108,0.028770313899061078,0.057540627798122156
slat,0.006690762365255251,-0.006205756112765389,0.023336146700906432,0.046672293401812864
slat,-0.0361059751606652,-0.11154569338207705,0.02338622210257902,0.04677244420515804
slat,-0.033989922756623665,-0.11101822341731205,-0.008042663758621867,-0.016085327517243734
slat,-0.03188025546546411,-0.1104661365967254,-0.044861151627015934,-0.08972230325403187
slat,-0.02978617093631642,-0.1098589476141156,-0.09457504713546311,-0.18915009427092622
slat,-0.027726324241474934,-0.10914760331447146,-0.1545691542649562,-0.3091383085299124
slat,-0.027425412588866806,-0.10879979939339834,-0.17502127859156788,-0.35004255718313576
slat,-0.02886203554122507,-0.10879642092507995,-0.1765381285157125,-0.353076257031425
slat,-0.03029122180761537,-0.1086272337165493,-0.17887625468076496,-0.3577525093615299
slat,-0.03169392847708449,-0.10830403657517695,-0.17964098980969184,-0.3592819796193837
slat,-0.03305566175270751,-0.10783688725536861,-0.18182844876742368,-0.36365689753484737
slat,-0.03436217533149783,-0.1072323133746675,-0.1826216175614273,-0.3652432351228546
slat,-0.03560045685781318,-0.1064978341109607,-0.18348541297206863,-0.36697082594413727
slat,-0.036758746325596,-0.1056428064018647,-0.18381914110832098,-0.36763828221664197
slat,-0.037823133535466985,-0.1046736515378979,-0.1844657424279858,-0.3689314848559716
slat,-0.03878063076538052,-0.1035988531160153,-0.1850271732227092,-0.3700543464454184
slat,-0.039619234163321804,-0.10242909039785089,-0.18575200032770003,-0.37150400065540007
slat,-0.04033049072918694,-0.10117750026651805,-0.18600474147262525,-0.3720094829452505
slat,-0.04091961683064793,-0.09986324784989552,-0.18638485716083533,-0.37276971432167066
slat,-0.04140055691892567,-0.09850510275372815,-0.18674006128806994,-0.3734801225761399
slat,-0.04178725366598916,-0.09711674845590228,-0.1872713090376518,-0.3745426180753036
slat,-0.04209231220834092,-0.09570796933726561,-0.1879005763075372,-0.3758011526150744
slat,-0.04232832455716411,-0.09428581764743545,-0.18837920661341426,-0.3767584132268285
slat,-0.042503948203338415,-0.09285490433159395,-0.18898842460173493,-0.37797684920346986
slat,-0.04262184891998808,-0.09141803430090908,-0.1897475216763576,-0.3794950433527152
slat,-0.04268020272946518,-0.08997752940141449,-0.18991987015175207,-0.37983974030350415
slat,-0.042680032784608815,-0.08853574964711475,-0.19062375328854217,-0.38124750657708434
slat,-0.04262716832817545,-0.08709490871521558,-0.19176187060640193,-0.38352374121280386
slat,-0.042525313632689465,-0.08565665950055384,-0.19219964761541172,-0.38439929523082345
slat,-0.042375718129458506,-0.08422256370435925,-0.19264694405932373,-0.38529388811864745
slat,-0.042179391370837836,-0.0827940860288242,-0.1925123933926221,-0.3850247867852442
slat,-0.04194184059518773,-0.08137183018444405,-0.19387226698990673,-0.38774453397981345
slat,-0.04166742358321533,-0.07995620818425159,-0.19416971755598947,-0.38833943511197894
slat,-0.041357532701058936,-0.07854788869546081,-0.1946826197625877,-0.3893652395251754
slat,-0.04064191551348739,-0.07575415135780544,-0.19493373518196297,-0.38986747036392594
slat,-0.040241902621612,-0.07436866505363261,-0.19491367569108048,-0.38982735138216096
slat,-0.03981618934280074,-0.0729908581628,-0.20205665855964053,-0.40411331711928106
slat,-0.03936807435168516,-0.07162015320646464,-0.2112099766661283,-0.4224199533322566
slat,-0.03890033674903992,-0.07025602580375512,-0.2113993084476605,-0.422798616895321
slat,-0.03841211197635424,-0.06889909546598372,-0.21343122387462526,-0.42686244774925053
slat,-0.03790386937989651,-0.06754952605007433,-0.21301069139050094,-0.4260213827810019
slat,-0.037376530713633296,-0.06620729149077054,-0.21109080390685128,-0.42218160781370256
slat,-0.03683010993984817,-0.0648726995895583,-0.21263397914536045,-0.4252679582907209
slat,-0.036264937439600894,-0.06354593307427359,-0.2187725712337233,-0.4375451424674466
slat,-0.03568160255709606,-0.062227050586160695,-0.2202712219261888,-0.4405424438523776
slat,-0.03508110390347394,-0.06091588799420978,-0.21934312476858475,-0.4386862495371695
slat,-0.03446370510959251,-0.059612608743062026,-0.22118108991344052,-0.44236217982688103
slat,-0.03383014940618553,-0.05831710127347442,-0.23145138146510938,-0.46290276293021876
slat,-0.03318114220440533,-0.05702927085310319,-0.23336731447289463,-0.46673462894578926
slat,-0.03251685530849919,-0.05574925426549189,-0.23349490675592277,-0.46698981351184554
slat,-0.031838060838877164,-0.054476872595237216,-0.23417317119698827,-0.46834634239397654
slat,-0.03114588735904368,-0.05321170993574363,-0.23532857298125487,-0.47065714596250974
slat,-0.030439994500053115,-0.05195415743604752,-0.239096856256442,-0.478193712512884
slat,-0.02972033939479234,-0.05070441286109636,-0.2427091339401782,-0.4854182678803564
slat,-0.02898782531682849,-0.04946216364165738,-0.2421629617717964,-0.4843259235435928
slat,-0.028242751895398863,-0.04822740110276498,-0.24497237521791204,-0.4899447504358241
slat,-0.027486190539696233,-0.04699964330327895,-0.24697597533890903,-0.49395195067781805
slat,-0.026717151130942925,-0.045779674980585806,-0.24844172804948436,-0.4968834560989687
slat,-0.025936834690432214,-0.04456686922102105,-0.25015859496034926,-0.5003171899206985
slat,-0.025146487159173104,-0.04336059811001387,-0.24819045171491216,-0.4963809034298243
slat,-0.024347436227946058,-0.04216006110713151,-0.24352993592562874,-0.4870598718512575
slat,-0.02353671916600052,-0.040967388570042645,-0.24331879017374308,-0.48663758034748616
slat,-0.022714976889396624,-0.03978225200347944,-0.22974607405895997,-0.45949214811791994
slat,-0.02188499187914496,-0.03860288912744693,-0.22567956487898097,-0.45135912975796194
slat,-0.021043806265381118,-0.037431493925836,-0.2265627251145434,-0.4531254502290868
slat,-0.02019438146019356,-0.036266046005383815,-0.21678254612647127,-0.43356509225294254
slat,-0.019335255177408705,-0.03510774416263014,-0.21778799131669968,-0.43557598263339936
slat,-0.01846649547698111,-0.03395663773327737,-0.20974799432373967,-0.41949598864747933
slat,-0.017589791229750885,-0.032811581789868816,-0.20351219704968848,-0.40702439409937696
slat,-0.01670332912204915,-0.031674053546593445,-0.19826297631005893,-0.39652595262011786
slat,-0.015809538540717694,-0.030542264843371966,-0.18400121937054295,-0.3680024387410859
slat,-0.014906575564658926,-0.029417797853991248,-0.17501037146213863,-0.35002074292427726
slat,-0.013995359911439045,-0.028299986239850826,-0.15899187920459393,-0.31798375840918786
slat,-0.013076842417316124,-0.02718818495339921,-0.15234013329504317,-0.30468026659008635
slat,-0.012149525452641086,-0.026083705042833763,-0.14862357801416895,-0.2972471560283379
slat,-0.01121602249380134,-0.024984445765711544,-0.13388734607497632,-0.26777469214995264
slat,-0.01027445827848104,-0.023892087700620793,-0.12305372652341917,-0.24610745304683834
slat,-0.009325561971977897,-0.022806079188283774,-0.1032400095223893,-0.2064800190447786
slat,-0.008370248924297649,-0.021725720684515296,-0.09185536956755651,-0.18371073913511302
slat,-0.007407204830345716,-0.02065224687079412,-0.07925533236824703,-0.15851066473649406
slat,-0.0064384345310831105,-0.019583932761217986,-0.06250290822824595,-0.1250058164564919
slat,-0.00546258257996768,-0.01852209306713258,-0.04867159014430115,-0.0973431802886023
slat,-0.004480546648958514,-0.017465958799223715,-0.03808204755519267,-0.07616409511038534
slat,-0.003492738708121913,-0.01641523320567543,-0.02669240049464325,-0.0533848009892865
slat,0.00773583982344425,-0.005211958181360182,0.022602885626711637,0.045205771253423274
slat,0.008785548288314139,-0.0042230516819423474,0.013283530374898317,0.026567060749796634
slat,0.009839299874077306,-0.003238449695926679,0.007521674652009555,0.01504334930401911
slat,0.010897171285183025,-0.0022582786959754932,-0.00197119620530628,-0.00394239241061256
slat,0.01195908215377151,-0.0012824823675872147,-0.026201980368630116,-0.05240396073726023
slat,0.013024281683373294,-0.0003102765374760727,-0.04442821647753014,-0.08885643295506028
slat,0.01409345073581135,0.0006575590163720891,-0.06635035222329709,-0.13270070444659418
slat,0.015166289098421895,0.001621328717413148,-0.11249682749917422,-0.22499365499834845
slat,0.01623926055289436,0.0025849399068391668,-0.14783129307503218,-0.29566258615006435
slat,0.017298085682818223,0.0035638588324807445,-0.237978889022667,-0.475957778045334
slat,0.018329386991484876,0.004571662825579454,-0.2856088788737047,-0.5712177577474093
slat,0.0187894798362843,0.005175302245708925,-0.701778539867178,-1.403557079734356
slat,0.01869287793246812,0.0053599099322792195,-0.6778221401187076,-1.3556442802374151
slat,0.018596318062672486,0.005544624522291647,-0.6690678126592551,-1.3381356253185102
slat,0.01849975435558089,0.005729352280015363,-0.6442919323006057,-1.2885838646012113
slat,0.018403263919298057,0.005914123246912161,-0.6176122375000765,-1.235224475000153
slat,0.01830677333168555,0.006098892638105822,-0.5986556147576702,-1.1973112295153403
slat,0.01821022581441218,0.006283625838862725,-0.5794542053102404,-1.1589084106204808
slat,0.01811355423202135,0.006468185234063386,-0.5958384602279473,-1.1916769204558946
main,0.5061566062862548,0.06147778083394738,-0.6505630753671359,-1.3011261507342717
main,0.5040144356481375,0.06151174819852772,-0.6517470346660877,-1.3034940693321755
main,0.5639835344833806,0.06003195589325637,-0.6221225071671073,-1.2442450143342145
main,0.5618422798436054,0.06010429847697159,-0.6231341031875298,-1.2462682063750596
main,0.5597010029437042,0.06017515275264626,-0.6240856033243141,-1.2481712066486281
main,0.557559686173688,0.06024452275559855,-0.6250999391208806,-1.2501998782417612
main,0.5554183265888932,0.06031241385348492,-0.6260545980095559,-1.2521091960191117
main,0.5532769243416595,0.060378831308430914,-0.6270415721046918,-1.2540831442093836
main,0.5511354795842389,0.060443780379532186,-0.628060776200832,-1.256121552401664
main,0.5489939924687975,0.060507266322880865,-0.6290557311470792,-1.2581114622941585
main,0.5468524631474142,0.06056929439159203,-0.6298977207208137,-1.2597954414416275
main,0.5447108917720829,0.06062986983583003,-0.6308637925689498,-1.2617275851378995
main,0.5425692784947134,0.06068899790283486,-0.6317924066649532,-1.2635848133299064
main,0.5404276234671308,0.06074668383694848,-0.6326997317782972,-1.2653994635565944
main,0.5382859268410772,0.060802932879641,-0.6336498152920697,-1.2672996305841393
main,0.5361441887682128,0.0608577502695371,-0.6345432491642137,-1.2690864983284273
main,0.5340024093674609,0.060911141243234525,-0.6354494401448311,-1.2708988802896621
main,0.5318605906621223,0.06096311098952348,-0.6364606548827749,-1.2729213097655498
main,0.5297187396727169,0.061013664583431,-0.6376180314710936,-1.2752360629421873
main,0.527576861490207,0.06106280715626869,-0.6388030199468444,-1.2776060398936888
main,0.5254349562158213,0.061110543960681385,-0.6398621678278829,-1.2797243356557657
main,0.5232930239507299,0.061156880246292525,-0.6409611515948811,-1.2819223031897622
main,0.8739188238977187,0.030676100170273633,-0.7694270827575723,-1.5388541655151446
main,0.8739697113631889,0.030753500061219574,-0.720092279096292,-1.440184558192584
main,0.8740205988287209,0.030830899952104595,-0.6442595473531084,-1.2885190947062168
main,0.8740714862943617,0.030908299842897544,-0.6050649636667044,-1.2101299273334087
main,0.8730444188037105,0.03114700121642054,-0.4392748848026,-0.8785497696052
main,0.8709387817902863,0.03154346882554453,-0.4714269651854228,-0.9428539303708456
main,0.8688319356745505,0.031932981164189585,-0.4851667758485366,-0.9703335516970732
main,0.8667239204882375,0.032315768511860334,-0.4989754584148406,-0.9979509168296812
main,0.8646147762066156,0.03269206082329727,-0.5090844532662531,-1.0181689065325061
main,0.8625045427525244,0.033062087751652154,-0.5173855908463068,-1.0347711816926135
main,0.8603932600003952,0.03342607867160434,-0.5236676172726591,-1.0473352345453182
main,0.8582809677802589,0.03378426270242414,-0.527716387676894,-1.055432775353788
main,0.8561677058817466,0.03413686873098892,-0.5318681968057833,-1.0637363936115667
main,0.8540535140580858,0.034484125434758185,-0.534992081555738,-1.069984163111476
main,0.8519384320300889,0.03482626130471406,-0.5379913462367355,-1.075982692473471
main,0.8498225448406047,0.03516349755770744,-0.540021204000937,-1.080042408001874
main,0.8477059704577797,0.03549605071178536,-0.5423392392285695,-1.084678478457139
main,0.8455887588192378,0.03582414871760392,-0.5437252373249509,-1.0874504746499019
main,0.8434709240988714,0.03614802529652007,-0.5446197219962966,-1.0892394439925932
main,0.8413525003235158,0.03646791098294179,-0.5459076675355774,-1.0918153350711548
main,0.8392335215164275,0.0367840362870258,-0.5465510584518071,-1.0931021169036141
main,0.8371140216977173,0.03709663169761777,-0.5471784860947535,-1.094356972189507
main,0.834994034884784,0.03740592768519224,-0.5476071053122525,-1.095214210624505
main,0.8328735950927486,0.037712154704792,-0.548306083951159,-1.096612167902318
main,0.830752736334889,0.03801554319896702,-0.5486859435512614,-1.0973718871025229
main,0.8286314926230733,0.03831632360071337,-0.5489674583061005,-1.097934916612201
main,0.8265098979681927,0.03861472633641203,-0.549621641206588,-1.099243282413176
main,0.824388001041596,0.03891096829829628,-0.5500909435259926,-1.1001818870519853
main,0.8222658368679723,0.03920516860053122,-0.550570069333056,-1.101140138666112
main,0.8201434029055317,0.039497322542710885,-0.551104528143855,-1.10220905628771
main,0.8180206902203451,0.039787385229929285,-0.5520781694773923,-1.1041563389547846
main,0.8158976927447883,0.04007531113684245,-0.5526663523164008,-1.1053327046328016
main,0.8137744044101366,0.040361054729844,-0.5532098197024825,-1.106419639404965
main,0.8116508191465016,0.040644570466603094,-0.5536676717214707,-1.1073353434429414
main,0.8095269308827708,0.04092581279560242,-0.5545431420932996,-1.1090862841865992
main,0.8074027335465459,0.04120473615567568,-0.5550332760791814,-1.1100665521583628
main,0.8052782210640808,0.0414812949755452,-0.5556783410336981,-1.1113566820673961
main,0.8031533873602206,0.04175544367335925,-0.5562581632533331,-1.1125163265066662
main,0.8010282266506455,0.042027136619236447,-0.5570855991936153,-1.1141711983872307
main,0.7989027575410345,0.04229633220160592,-0.557363745019443,-1.114727490038886
main,0.7967769907855022,0.04256302395102238,-0.5579852194681159,-1.1159704389362317
main,0.7946509179025552,0.04282724128058818,-0.5584251049550846,-1.1168502099101691
main,0.7925245431243061,0.04308901839835752,-0.5587766077502845,-1.117553215500569
main,0.7903978706682098,0.04334838950137035,-0.5590338559924111,-1.1180677119848221
main,0.7882709059573797,0.043605388629950045,-0.5596863837877328,-1.1193727675754657
main,0.7861436607257244,0.04386004906789084,-0.5600617150814378,-1.1201234301628755
main,0.7840161453910994,0.044112404269150154,-0.5603094495427426,-1.1206188990854853
main,0.7818883639632752,0.04436248845575713,-0.5609890853833341,-1.1219781707666683
main,0.7797603204505252,0.04461033583695422,-0.5613155040543382,-1.1226310081086763
main,0.7776320188596797,0.04485598060966784,-0.5618320411094099,-1.1236640822188197
main,0.7755034605216227,0.0450994572182139,-0.5621864398061297,-1.1243728796122594
main,0.773374647660733,0.04534079527013264,-0.5627430680721264,-1.1254861361442527
main,0.77124559469687,0.045580009577823655,-0.5631534118539958,-1.1263068237079916
main,0.7691163134628036,0.045817105566816126,-0.5634770995907669,-1.1269541991815337
main,0.76698680457707,0.0460520889770423,-0.5641510334795019,-1.1283020669590038
main,0.7648570686574176,0.04628496554113537,-0.5645353263300439,-1.1290706526600878
main,0.7627271063208148,0.04651574098447854,-0.5649632926928355,-1.129926585385671
main,0.7605969181834524,0.046744421025254,-0.56552616355931,-1.13105232711862
main,0.7584665048607522,0.0469710113744916,-0.5660106628360132,-1.1320213256720264
main,0.7563358669673694,0.04719551773611769,-0.5664535046805781,-1.1329070093611562
main,0.7542050051172,0.0474179458070038,-0.567067423233265,-1.13413484646653
main,0.7520739199233845,0.047638301277014995,-0.5674946542438677,-1.1349893084877354
main,0.74994261424816,0.047856589679707136,-0.5680143775773441,-1.1360287551546882
main,0.7478110997530308,0.048072817346732626,-0.568413378540973,-1.136826757081946
main,0.7456793868623798,0.0482869938598334,-0.5689657503091639,-1.1379315006183277
main,0.7435474774796755,0.04849913122769766,-0.5693474367425894,-1.1386948734851787
main,0.7414153727739634,0.04870924158238876,-0.5696499310004506,-1.1392998620009012
main,0.7392830739134475,0.04891733704724155,-0.5701778566870955,-1.140355713374191
main,0.7371505820655044,0.0491234297369903,-0.5705999618845304,-1.1411999237690609
main,0.7350178983966931,0.049327531757896385,-0.5710189958549823,-1.1420379917099646
main,0.7328850240727691,0.04952965520787585,-0.5713447806787519,-1.1426895613575039
main,0.7307519602586969,0.04972981217662676,-0.5719588534953111,-1.1439177069906221
main,0.7286187081186595,0.04992801474575646,-0.5723412698459074,-1.1446825396918148
main,0.7264852688160737,0.05012427498890854,-0.5727225309040496,-1.1454450618080991
main,0.7243516587679844,0.050318619589260545,-0.5730649994855167,-1.1461299989710334
main,0.7222178914165267,0.050511164162975436,-0.5736671888735716,-1.1473343777471432
main,0.7200839704628674,0.05070200222645841,-0.574191888574418,-1.148383777148836
main,0.7179498993107969,0.05089110117241858,-0.5746879652317336,-1.1493759304634672
main,0.7158156725784611,0.05107839868544277,-0.5753919003631462,-1.1507838007262925
main,0.7136812848833375,0.051263832442371565,-0.5760309428329411,-1.1520618856658822
main,0.7115467308421692,0.05144734011154754,-0.5765955059025505,-1.153191011805101
main,0.7094120050709009,0.05162885935206345,-0.5770889926288719,-1.1541779852577438
main,0.7072771021846128,0.05180832781301002,-0.5776528214139832,-1.1553056428279664
main,0.7051420168895963,0.05198568312516412,-0.5781955374549661,-1.1563910749099322
main,0.7030067559382798,0.05216086193238498,-0.5788410474038373,-1.1576820948076747
main,0.7008713196459344,0.052333801430860014,-0.5793412482115649,-1.1586824964231297
main,0.6987356981407586,0.05250445735955415,-0.5797019973771574,-1.1594039947543149
main,0.6965998975398477,0.05267285569297088,-0.5801648226107208,-1.1603296452214416
main,0.694463928677769,0.05283908606918772,-0.5805218913824869,-1.1610437827649738
main,0.6923277993219131,0.05300324856698337,-0.5808299748677754,-1.1616599497355509
main,0.6901915123924398,0.05316544352056201,-0.5811672048940053,-1.1623344097880106
main,0.6880550732841728,0.053325767274381375,-0.5814555331070461,-1.1629110662140922
main,0.6859185003275361,0.05348430686029595,-0.5818775225664885,-1.163755045132977
main,0.6837818083873217,0.05364114463472304,-0.5821990235732905,-1.164398047146581
main,0.6816450032485262,0.05379636333996117,-0.5824845009603751,-1.1649690019207501
main,0.6795080906958614,0.053950045714233535,-0.5828640934731082,-1.1657281869462164
main,0.6773710765137791,0.0541022744920261,-0.5831924808196645,-1.166384961639329
main,0.6752339664864926,0.05425313240442582,-0.5836593062949224,-1.1673186125898447
main,0.6730967663980005,0.05440270217945867,-0.5840786012875829,-1.1681572025751659
main,0.6709594820321123,0.054551066542427744,-0.5845221322291867,-1.1690442644583734
main,0.6688221191724697,0.05469830821625128,-0.5851512991191229,-1.1703025982382458
main,0.6666846836025725,0.05484450992180069,-0.5857319928068405,-1.171463985613681
main,0.6645471811057999,0.05498975437823855,-0.5864261625413673,-1.1728523250827345
main,0.6624096174654361,0.055134124303356694,-0.5870662503742385,-1.174132500748477
main,0.6602719984646925,0.05527770241391405,-0.5877144693740662,-1.1754289387481325
main,0.6581343298867325,0.0554205714259747,-0.588686161996251,-1.177372323992502
main,0.6559966175146945,0.05556281405524589,-0.5897183371586221,-1.1794366743172442
main,0.6538588690220325,0.055704451882069725,-0.5912553211190783,-1.1825106422381566
main,0.651721055164675,0.05584499820928517,-0.592805417252132,-1.185610834504264
main,0.6495830837394336,0.0559833621582759,-0.5941543231467109,-1.1883086462934218
main,0.6474449048988853,0.05611873720632229,-0.5949928005139377,-1.1899856010278753
main,0.6453065408513581,0.05625102500510765,-0.5956335759971166,-1.1912671519942333
main,0.6431680105171438,0.05638039814189931,-0.5962489636931072,-1.1924979273862144
main,0.6410293239792744,0.0565070333514182,-0.5967473621994087,-1.1934947243988174
main,0.6388904913198217,0.056631107351560975,-0.5972074342428052,-1.1944148684856104
main,0.6367515226199976,0.05675279684514208,-0.5976433241388553,-1.1952866482777107
main,0.6346124279602523,0.056872278521635414,-0.5980598827721975,-1.196119765544395
main,0.6324732174203747,0.056989729058915604,-0.5984412157059923,-1.1968824314119846
main,0.6303339010795922,0.05710532512499925,-0.5988299412475433,-1.1976598824950866
main,0.6281944890166686,0.05721924337978569,-0.5992274902344832,-1.1984549804689664
main,0.626054991310004,0.05733166047679794,-0.5995579413790091,-1.1991158827580182
main,0.623915428880468,0.05744274718508069,-0.6000468249628531,-1.2000936499257062
main,0.6217758159342891,0.05755261396757494,-0.600655344000599,-1.201310688001198
main,0.619636145766326,0.05766128419909058,-0.6012663135946932,-1.2025326271893864
main,0.6174963831608369,0.05776874939686142,-0.6019205594481837,-1.2038411188963674
main,0.6153565334055239,0.05787499859196895,-0.6025654919924333,-1.2051309839848665
main,0.6132166317495178,0.05798001933550147,-0.6032841161467348,-1.2065682322934697
main,0.6110766777434022,0.058083800990103934,-0.6040319571633889,-1.2080639143267777
main,0.6089366709376942,0.05818633291684397,-0.6047741868665465,-1.209548373733093
main,0.606796610882842,0.05828760447517359,-0.6055979345485014,-1.2111958690970028
main,0.6046564971292248,0.058387605022890726,-0.6064722246690829,-1.2129444493381658
main,0.6025163292271497,0.05848632391610097,-0.6072421662924622,-1.2144843325849244
main,0.6003761067268514,0.05858375050917923,-0.6080062943867972,-1.2160125887735944
main,0.5982358291784889,0.05867987415473117,-0.6087648553013911,-1.2175297106027823
main,0.5960954961321456,0.058774684203554944,-0.6095977540768152,-1.2191955081536303
main,0.593955107137827,0.058868170004602774,-0.6103884946995531,-1.2207769893991063
main,0.5918146617454586,0.05896032090494249,-0.6112416244596927,-1.2224832489193853
main,0.5896741595048847,0.05905112624971913,-0.6121340241294708,-1.2242680482589416
main,0.5875335999658666,0.05914057538211652,-0.6129543086923075,-1.225908617384615
main,0.5853929826780819,0.05922865764331877,-0.6136909770010315,-1.227381954002063
main,0.5832523071911213,0.059315362372471744,-0.6145653568127757,-1.2291307136255514
main,0.581111573054488,0.05940067890664467,-0.6154366307496123,-1.2308732614992246
main,0.5789707798175961,0.05948459658079167,-0.6162646410967397,-1.2325292821934795
main,0.5768299270297687,0.05956710472771317,-0.6169994852316656,-1.2339989704633312
main,0.5746890142402359,0.059648192678017395,-0.6179552183701953,-1.2359104367403906
main,0.5725480409981344,0.059727849760081844,-0.618644534375008,-1.237289068750016
main,0.5704070068525049,0.0598060653000147,-0.6194292359633439,-1.2388584719266877
main,0.5682659113522903,0.05988282862161631,-0.62018917461691,-1.24037834923382
main,0.5661247540463341,0.05995812904634059,-0.6211389292009367,-1.2422778584018734
main,0.20254830992986206,-0.04900195044742892,0.4048311205781965,0.809662241156393
main,0.2075457592467352,-0.04936698483781735,0.39721857996047816,0.7944371599209563
main,0.2058798242321538,-0.04924691525587409,0.4017885666798146,0.8035771333596292
main,0.2108779361445762,-0.049602273220866924,0.39523554684198886,0.7904710936839777
main,0.20921179655087963,-0.04948543749281522,0.3975360357803389,0.7950720715606778
main,0.2142105221284462,-0.049831168991543565,0.3928163774508639,0.7856327549017278
main,0.21254417800376146,-0.04971751705377611,0.3948969531046076,0.7897939062092152
main,0.21754351228547897,-0.050053773282504974,0.39159935090696235,0.7831987018139247
main,0.2158769668890205,-0.04994325440111998,0.3925665232044873,0.7851330464089746
main,0.22087690010237765,-0.050270187481462815,0.3905966846355396,0.7811933692710792
main,0.21921015668992955,-0.050162750975952464,0.38952830499945634,0.7790566099989127
main,0.22421067907253606,-0.05048051287227076,0.38446910398541384,0.7689382079708277
main,0.222543740896578,-0.050376108113568796,0.38362630113735563,0.7672526022747113
main,0.2275448426957693,-0.05068485063882254,0.38131708404336545,0.7626341680867309
main,0.22587771300560167,-0.05058342704735545,0.3825585743459944,0.7651171486919888
main,0.23087938447805065,-0.05088330186894339,0.375603424434947,0.751206848869894
main,0.22921206651991893,-0.05078480891268519,0.3765628593017182,0.7531257186034364
main,0.23421429793129214,-0.051075967558277376,0.3737822047819715,0.747564409563943
main,0.232546794948512,-0.05098035475080766,0.3743761698208152,0.7487523396416303
main,0.23754951702774135,-0.051262945351401,0.3733351761556454,0.7466703523112908
main,0.2358818719576983,-0.051170164425141614,0.37108821661642916,0.7421764332328583
main,0.24088501750195426,-0.0514443353890955,0.36847039155790184,0.7369407831158037
main,0.23921723220916005,-0.051354335672718965,0.3676473369863136,0.7352946739726272
main,0.2442207952819296,-0.05162023891210457,0.3644734973928664,0.7289469947857328
main,0.2425528718595459,-0.051532969802224125,0.3661323789380834,0.7322647578761668
main,0.24755684548709034,-0.051790757014084705,0.361461849222152,0.722923698444304
main,0.24588878649110923,-0.05170616798272467,0.3625231030329889,0.7250462060659778
main,0.25089316300903886,-0.051955990680521015,0.35900846818409254,0.7180169363681851
main,0.2492249709930759,-0.05187403124668393,0.35970579655657153,0.7194115931131431
main,0.25422974274390764,-0.05211604080616021,0.35435149864877413,0.7087029972975483
main,0.2525614202593107,-0.0520366605336795,0.3564075640656024,0.7128151281312048
main,0.2575665795922641,-0.05227100819930609,0.35255850591100557,0.7051170118220111
main,0.25589812918822186,-0.05219415669470223,0.35283336045931696,0.7056667209186339
main,0.2609037104506817,-0.052420988763626976,0.35118428616098796,0.7023685723219759
main,0.2592351066797543,-0.05234661888894783,0.3507899105081684,0.7015798210163368
main,0.2642410669604358,-0.052566019555466366,0.3477556902559919,0.6955113805119838
main,0.262572363877572,-0.052494122319132995,0.34991201430122454,0.6998240286024491
main,0.26757860479993106,-0.052706097288010914,0.34679203659102315,0.6935840731820463
main,0.26590981393455554,-0.05263667787842567,0.3459983009427863,0.6919966018855725
main,0.2709163184580097,-0.05284121221000332,0.3438172960368256,0.6876345920736512
main,0.5211510647960457,0.06120182125973189,-0.6421551629474074,-1.2843103258948148
main,0.5190090788528244,0.061245372244663115,-0.6434901773656143,-1.2869803547312286
main,0.5168670662220647,0.0612875384418112,-0.6446285804607028,-1.2892571609214056
main,0.5147250270047093,0.06132832508899014,-0.6458269071580367,-1.2916538143160734
main,0.5125829613016459,0.061367737421130414,-0.6469971163863282,-1.2939942327726563
main,0.5104408692137059,0.061405780670306415,-0.6481081047110402,-1.2962162094220804
main,0.5082987508416676,0.061442460065763885,-0.6494590994837562,-1.2989181989675125
main,0.5111568266880308,-0.04702502181122983,0.26226549399134536,0.5245309879826907
main,0.5094950157762783,-0.04719424558035906,0.260247211799308,0.520494423598616
main,0.5144797410997723,-0.046680558133861697,0.2622582305197515,0.524516461039503
main,0.5018722390279338,0.06154436738042922,-0.6530092162115021,-1.3060184324230042
main,0.499730018685455,0.06157564341458363,-0.6540781831960345,-1.308156366392069
main,0.49758778115963814,0.06160557904206469,-0.6554196667794016,-1.310839333558803
main,0.4954455306651482,0.06163417345525152,-0.6566647085178918,-1.3133294170357837
main,0.49330326707593064,0.06166142437149277,-0.6578836393878965,-1.315767278775793
main,0.49116099036938443,0.06168732947193678,-0.6591206224949238,-1.3182412449898475
main,0.489018700522896,0.06171188643646398,-0.6604281804400787,-1.3208563608801573
main,0.48687639751383927,0.06173509294368125,-0.6615323728486152,-1.3230647456972304
main,0.48473408131957596,0.06175694667091658,-0.6627273626229683,-1.3254547252459365
main,0.48259175191745474,0.06177744529421353,-0.6636848880107371,-1.3273697760214742
main,0.48044940928481206,0.06179658648832562,-0.6647591481232473,-1.3295182962464946
main,0.47830705339897206,0.061814367926710884,-0.6660185904715227,-1.3320371809430454
main,0.4761646842372462,0.06183078728152641,-0.6669204423270612,-1.3338408846541223
main,0.4740223017769323,0.06184584222362262,-0.6679720344441886,-1.3359440688883772
main,0.4718799059953164,0.06185953042253792,-0.6688316499923256,-1.3376632999846512
main,0.4697374968696716,0.06187184954649317,-0.6699734805759759,-1.3399469611519519
main,0.46759508292352336,0.0618827974966622,-0.6709503071190309,-1.3419006142380618
main,0.4654526697084357,0.06189237366726086,-0.6718605564275908,-1.3437211128551816
main,0.46331025405568504,0.061900579021358856,-0.6730614183150849,-1.3461228366301699
main,0.46116783578109044,0.06190741482934689,-0.6740596905126399,-1.3481193810252798
main,0.4590254148870777,0.06191288235835497,-0.6751169105268529,-1.3502338210537057
main,0.456882991376068,0.061916982873203116,-0.6763860982993309,-1.3527721965986619
main,0.45474056525047823,0.06191971763640655,-0.6777075255507438,-1.3554150511014875
main,0.45259813651272085,0.061921087908181044,-0.6788913638098889,-1.3577827276197778
main,0.45045570516520395,0.061921094946448305,-0.6803014441302732,-1.3606028882605463
main,0.4483132708654557,0.06191974000640392,-0.6814831571561807,-1.3629663143123614
main,0.44617082309042955,0.06191702432093789,-0.6828188637354218,-1.3656377274708436
main,0.4440283684407523,0.06191294914363531,-0.6841437666062046,-1.3682875332124091
main,0.4418859236917887,0.061907515757712944,-0.6855595117657031,-1.3711190235314061
main,0.43974348883427894,0.06190072543342956,-0.6868999582585255,-1.373799916517051
main,0.43760106385898045,0.061892579438707976,-0.6878767528968314,-1.3757535057936627
main,0.4354586487566678,0.06188307903914058,-0.6892533347355284,-1.3785066694710568
main,0.43331624351813236,0.061872225497994746,-0.6906497477462076,-1.3812994954924152
main,0.43117384813418236,0.061860020076218276,-0.6917843643180138,-1.3835687286360276
main,0.42903146259564284,0.061846464032444724,-0.6930772492426606,-1.3861544984853211
main,0.4268890868933557,0.061831558622998835,-0.6942473116233104,-1.3884946232466209
main,0.42474672101818,0.06181530510190194,-0.6958464889220943,-1.3916929778441887
main,0.4226043649609911,0.061797704720877214,-0.6972093747973406,-1.3944187495946812
main,0.420462018712681,0.06177875872935514,-0.6987146113495847,-1.3974292226991694
main,0.41831968226415894,0.06175846837447867,-0.7000073121196974,-1.4000146242393947
main,0.4161773556063504,0.06173683490110858,-0.7013259751473755,-1.402651950294751
main,0.41403503873019754,0.0617138595518288,-0.7026000778141127,-1.4052001556282254
main,0.41189273162665896,0.061689543566951666,-0.7039278560071504,-1.4078557120143007
main,0.40975043428670976,0.061663888184523105,-0.7050117631900467,-1.4100235263800933
main,0.4076081467013417,0.06163689464032791,-0.7064148709734233,-1.4128297419468465
main,0.40546586832707643,0.06160856383948739,-0.7076899922821134,-1.4153799845642268
main,0.4033236071253331,0.06157889470758439,-0.7092961818209111,-1.4185923636418223
main,0.4011813721588783,0.061547883807945694,-0.7108947388738572,-1.4217894777477145
main,0.3990391640316209,0.061515526982970886,-0.7125634925037111,-1.4251269850074222
main,0.3968969828266655,0.061481820065154354,-0.7141487162674228,-1.4282974325348456
main,0.39475482862716565,0.061446758884520655,-0.71564691447867,-1.43129382895734
main,0.3926127015163249,0.061410339268604834,-0.717611409678465,-1.43522281935693
main,0.3904706015773969,0.061372557042432885,-0.7194840680278434,-1.4389681360556867
main,0.38832852889368535,0.06133340802850222,-0.7213367664116779,-1.4426735328233558
main,0.3861864835485449,0.061292888046762056,-0.7231295770958479,-1.4462591541916958
main,0.3840444656253814,0.061250992914593724,-0.7247926844576932,-1.4495853689153864
main,0.3819024752076528,0.06120771844679103,-0.7266218923657898,-1.4532437847315796
main,0.3797605123788682,0.06116306045554061,-0.7283340921868693,-1.4566681843737386
main,0.3776185772225895,0.061117014750402224,-0.7301680642036612,-1.4603361284073224
main,0.3754766698224315,0.06106957713828903,-0.7319011655826481,-1.4638023311652961
main,0.37333479026206196,0.06102074342344781,-0.7338576820139555,-1.467715364027911
main,0.3711929386252022,0.0609705094074393,-0.7356309894920356,-1.4712619789840713
main,0.3690511149956278,0.06091887088911836,-0.7374747985799277,-1.4749495971598554
main,0.36690931945716837,0.060865823664614085,-0.7391937282208736,-1.4783874564417472
main,0.36476755209370815,0.06081136352731012,-0.7410065468133097,-1.4820130936266194
main,0.36262581361113755,0.060755486284463894,-0.742923820641534,-1.485847641283068
main,0.36048412825722925,0.060698188387290575,-0.7447154161158734,-1.4894308322317469
main,0.35834250213727037,0.06063946582388033,-0.7466605860223416,-1.4933211720446833
main,0.3562009178340177,0.060579313946807996,-0.7486886158165571,-1.4973772316331142
main,0.3540593754701265,0.06051772856366819,-0.7505469728380408,-1.5010939456760817
main,0.3519178751683279,0.060454705479453835,-0.7524884425322461,-1.5049768850644922
main,0.3497764170514298,0.06039024049653731,-0.7545187956448797,-1.5090375912897593
main,0.34763500124231744,0.06032432941465139,-0.7566237557346358,-1.5132475114692716
main,0.345493625255777,0.06025696825798339,-0.7586386684821762,-1.5172773369643524
main,0.3433522900452402,0.060188160691282556,-0.7605218539259128,-1.5210437078518255
main,0.341211002521276,0.06011792506596453,-0.7626413632253194,-1.5252827264506388
main,0.33906976562469604,0.06004628720168308,-0.7648525248393309,-1.5297050496786617
main,0.3369285784162246,0.05997327311379441,-0.7668473854226157,-1.5336947708452313
main,0.33478743995663185,0.059898908816375426,-0.7695018148776126,-1.5390036297552252
main,0.3326463493067322,0.05982322032227403,-0.7718507655478161,-1.5437015310956321
main,0.3305053055273828,0.05974623364315972,-0.7738282451677884,-1.5476564903355767
main,0.3283643076794814,0.05966797478957403,-0.7765911162178337,-1.5531822324356674
main,0.3262233548239648,0.059588469770981006,-0.7790739125040866,-1.5581478250081733
main,0.3240824460218068,0.059507744595817695,-0.7811916300085934,-1.5623832600171867
main,0.3219415803340163,0.05942582527154455,-0.7835883873412861,-1.5671767746825722
main,0.3198007568216359,0.059342737804695886,-0.7863461436691027,-1.5726922873382054
main,0.31765997454573947,0.05925850820093044,-0.7892454072441496,-1.5784908144882992
main,0.3155192316351799,0.05917315968810908,-0.7921434932169866,-1.5842869864339733
main,0.31337853209269284,0.05908668418008889,-0.7953339058792406,-1.5906678117584812
main,0.3112378840895079,0.058999027709975914,-0.7981383971170878,-1.5962767942341756
main,0.3090972919964859,0.058910118686601724,-0.8010650526995349,-1.6021301053990697
main,0.3069567590218111,0.05881988523713061,-0.8039826809844164,-1.6079653619688328
main,0.3048162883738146,0.05872825548544089,-0.8066312706491041,-1.6132625412982082
main,0.30267588326099776,0.05863515755160336,-0.8102777646512731,-1.6205555293025462
main,0.3005355468920548,0.05854051955135944,-0.8136108177564001,-1.6272216355128002
main,0.29839528247589675,0.05844426959559944,-0.8165349540665213,-1.6330699081330426
main,0.2962550932216743,0.058346335789840865,-0.8204515781483915,-1.640903156296783
main,0.29411498233880135,0.05824664623370634,-0.8235209347736826,-1.6470418695473652
main,0.29197495303697807,0.05814512902040172,-0.8260814836465129,-1.6521629672930258
main,0.28983500852621435,0.058041712236194025,-0.8295532675031868,-1.6591065350063736
main,0.28769515201685375,0.05793632395988911,-0.8327586626482746,-1.6655173252965492
main,0.28555540226761195,0.0578289008144755,-0.8362756395243053,-1.6725512790486106
main,0.2834157695412254,0.057719431669539065,-0.8391337258210302,-1.6782674516420604
main,0.2812762435205576,0.0576079653667642,-0.8417049041099736,-1.6834098082199471
main,0.27913681906207993,0.057494567127054134,-0.8451648822753961,-1.6903297645507922
main,0.27699749265789797,0.05737930227202222,-0.8482952228743877,-1.6965904457487755
main,0.2748582610778094,0.05726223613672969,-0.851824960869119,-1.703649921738238
main,0.2727191252810138,0.057143434290917505,-0.8546607193032862,-1.7093214386065725
main,0.2705800857829927,0.057022962287825205,-0.8579021529427151,-1.7158043058854302
main,0.2684411388175766,0.056900885445997335,-0.8606923238710008,-1.7213846477420016
main,0.2663022806188109,0.05677726908024611,-0.8638935360154593,-1.7277870720309185
main,0.2641635074209425,0.05665217850188839,-0.8680749734056703,-1.7361499468113406
main,0.26202481545840617,0.05652567901898281,-0.8712763680278347,-1.7425527360556694
main,0.25988619461153445,0.056397835523781165,-0.8750580851009978,-1.7501161702019956
main,0.25774760822701714,0.056268696416795466,-0.879103762551179,-1.758207525102358
main,0.2556090708678778,0.05613825941157769,-0.8840806217055774,-1.7681612434111549
main,0.25347062741588333,0.056006478842356745,-0.8878122688079889,-1.7756245376159778
main,0.25133228167584415,0.055873300272312715,-0.8917925737898527,-1.7835851475797053
main,0.2491940374527521,0.05573866926202917,-0.8952129085465929,-1.7904258170931857
main,0.2470558985518127,0.05560253136903235,-0.9001986830055418,-1.8003973660110837
main,0.24491786877847765,0.05546483214733026,-0.904963006839534,-1.809926013679068
main,0.2427799519384764,0.05532551714695171,-0.9095128344435631,-1.8190256688871262
main,0.2406421518378489,0.05518453191348545,-0.9132962240110132,-1.8265924480220264
main,0.23850447228297794,0.055041821987619144,-0.9183939573550759,-1.8367879147101518
main,0.2363669170806208,0.05489733290467827,-0.922856628010876,-1.845713256021752
main,0.23422949003794147,0.054751010194164985,-0.9269759626984161,-1.8539519253968322
main,0.23209219496254357,0.054602799379297004,-0.9317655678536617,-1.8635311357073234
main,0.22995503566250236,0.0544526459765462,-0.9365084739657201,-1.8730169479314402
main,0.2278180159463965,0.05430049549517721,-0.9422378306528725,-1.884475661305745
main,0.2256811396233409,0.05414629343678595,-0.9474461353017348,-1.8948922706034697
main,0.22354441050301865,0.05398998529483788,-0.9531851581951567,-1.9063703163903134
main,0.22140783239571327,0.053831516554206274,-0.9589859279016584,-1.9179718558033167
main,0.21927140911234125,0.05367083269071024,-0.9645315880426447,-1.9290631760852894
main,0.2171351444644841,0.053507879170652584,-0.9701101520634973,-1.9402203041269945
main,0.21499904226442096,0.05334260145035764,-0.9759435404996402,-1.9518870809992803
main,0.2128631063251605,0.05317494497570874,-0.9815405677909775,-1.963081135581955
main,0.2107273404604736,0.05300485518168552,-0.9880926279248594,-1.9761852558497188
main,0.20859174912237305,0.052832277544186325,-0.994787697877113,-1.989575395754226
main,0.2064564127759502,0.052657179335978826,-1.001093475575944,-2.002186951151888
main,0.2043213480127547,0.05247959840501294,-1.0068539205420708,-2.0137078410841416
main,0.20218648811910744,0.05229964056556198,-1.0130081315905393,-2.0260162631810785
main,0.200051822325717,0.05211743076357549,-1.0191486596263242,-2.0382973192526483
main,0.19791733986489335,0.05193309392642189,-1.0263204161357418,-2.0526408322714835
main,0.19578302997035602,0.0517467549651186,-1.033426515603353,-2.066853031206706
main,0.19364888187704166,0.051558538776561566,-1.0410469350262115,-2.082093870052423
main,0.19151488499188105,0.051368570261107124,-1.0482776430032223,-2.0965552860064447
main,0.18938103502253212,0.05117697488000332,-1.056232183292173,-2.112464366584346
main,0.1872473251226896,0.050983877867023894,-1.064756818246877,-2.129513636493754
main,0.18511374179164153,0.050789403853695875,-1.072817064053588,-2.145634128107176
main,0.18298027355781235,0.05059367764458672,-1.0801876717522512,-2.1603753435045023
main,0.18084690895007755,0.05039682403935451,-1.0890005304211858,-2.1780010608423717
main,0.1787136364975211,0.05019896783539013,-1.0983919041160057,-2.1967838082320115
main,0.17658044472919276,0.05000023383045968,-1.1089816598950757,-2.2179633197901514
main,0.1744473122211524,0.04980060992471322,-1.1226727507493188,-2.2453455014986377
main,0.1723143287696508,0.04959921508095519,-1.1361645597672072,-2.2723291195344144
main,0.1701817096997869,0.049394183981136264,-1.1486029960918052,-2.2972059921836103
main,0.1680496718090165,0.0491833989170064,-1.1659240777199773,-2.3318481554399546
main,0.16591842895735565,0.04896474256722662,-1.1810161397562804,-2.362032279512561
main,0.16378819487580804,0.04873609888774504,-1.194212023077215,-2.38842404615443
main,0.1616590540187886,0.04849527973839747,-1.2127755933170434,-2.425551186634087
main,0.15953153114009178,0.04823946000774995,-1.2279627186441815,-2.455925437288363
main,0.15740658263841334,0.04796484988920058,-1.2463009138287362,-2.4926018276574724
main,0.15528492066641736,0.04766723402603458,-1.2594380836910544,-2.5188761673821087
main,0.1531671526107467,0.04734236070485906,-1.268901040340378,-2.537802080680756
main,0.15105408335961173,0.046985999811641296,-1.280956755946104,-2.561913511892208
main,0.14894719305097393,0.04659560296149616,-1.2848986933502535,-2.569797386700507
main,0.14684679318772753,0.0461730117606515,-1.2864962426254025,-2.572992485250805
main,0.1447520326003868,0.04572325254479521,-1.2885577117895273,-2.5771154235790545
main,0.1426621376126299,0.045251705598452,-1.2866462012711097,-2.5732924025422195
main,0.140575939432665,0.04476365236408027,-1.2869708287387578,-2.5739416574775156
main,0.13849257143223181,0.04426355872695076,-1.2875402846654587,-2.5750805693309173
main,0.13641178982928187,0.04375313975372285,-1.2909261456782688,-2.5818522913565376
main,0.1343337373301079,0.04323189228326128,-1.2921597362770045,-2.584319472554009
main,0.13225860966074082,0.0426990397167524,-1.296429436349617,-2.592858872699234
main,0.13018661219403135,0.042153815496501115,-1.297413599085877,-2.594827198171754
main,0.128118053236846,0.041595644972830914,-1.304243734084319,-2.608487468168638
main,0.1260531934667809,0.0410242534541045,-1.3070306527124738,-2.6140613054249475
main,0.12399211624481851,0.040439479555251595,-1.3072548583405739,-2.6145097166811477
main,0.12193486890268859,0.03984115582012354,-1.314064342394771,-2.628128684789542
main,0.11988156352729094,0.03922912198336564,-1.3147852596049288,-2.6295705192098575
main,0.11783248666156099,0.03860319693701629,-1.3189986047489468,-2.6379972094978936
main,0.1157878984858293,0.03796310210464771,-1.3312227521634932,-2.6624455043269863
main,0.11374791683958499,0.03730848774482336,-1.3340937281673169,-2.6681874563346337
main,0.1117126714633503,0.03663900530054083,-1.3349010727717825,-2.669802145543565
main,0.10968249882431345,0.03595435884288851,-1.340616996660627,-2.681233993321254
main,0.1076577121335788,0.035254187225864445,-1.3410123510707481,-2.6820247021414962
main,0.10563850556824189,0.034538039339286175,-1.3484975437435396,-2.696995087487079
main,0.103625199507472,0.03380549963027926,-1.3517710407508015,-2.703542081501603
main,0.10161800971496425,0.03305611150668643,-1.3522398487168144,-2.7044796974336287
main,0.09961727323183697,0.03228941881239333,-1.3620587257661412,-2.7241174515322824
main,0.09762354735312623,0.03150495843351156,-1.3628073720617249,-2.7256147441234497
main,0.09563721921961416,0.030702151560993655,-1.3719047748145519,-2.7438095496291037
main,0.09365854577351783,0.02988036097529754,-1.374807525909916,-2.749615051819832
main,0.09168801395366971,0.029039030951734837,-1.3861960207251798,-2.7723920414503596
main,0.089726324889179,0.0281775965202753,-1.3856858277508999,-2.7713716555017998
main,0.08777399695635268,0.027295277562648594,-1.3911096742443432,-2.7822193484886864
main,0.08583160378570391,0.02639127217927429,-1.390917405122908,-2.781834810245816
main,0.08389980766953445,0.025464815955634264,-1.3968662283461841,-2.7937324566923682
main,0.08197907541069521,0.02451498497302223,-1.3949513778592493,-2.7899027557184986
main,0.08007052083148106,0.023540920884164946,-1.4059647757220965,-2.811929551444193
main,0.07817540781879263,0.02254161288371114,-1.4083354898679459,-2.8166709797358918
main,0.07629444825417009,0.02151572402382829,-1.4068782803606894,-2.813756560721379
main,0.074428508383902,0.0204619745827958,-1.423871876051878,-2.847743752103756
main,0.07257923208974892,0.0193793843666621,-1.4293592012195075,-2.858718402439015
main,0.07074835884002417,0.01826672403234706,-1.4287030761022688,-2.8574061522045375
main,0.06893706919698084,0.01712223869333237,-1.431631200402283,-2.863262400804566
main,0.06714702286580698,0.01594445120710111,-1.4480501294498995,-2.896100258899799
main,0.065380096341579,0.01473170956886846,-1.4410742787394166,-2.8821485574788333
main,0.06363924640548504,0.013482128492341965,-1.4441718211615517,-2.8883436423231035
main,0.061927833270382746,0.01219330046095378,-1.4429449961767833,-2.8858899923535666
main,0.06024833786785531,0.01086202003314455,-1.4410667401523805,-2.882133480304761
main,0.05860497804943217,0.00948644063006071,-1.4329197409952292,-2.8658394819904585
main,0.057001363762747254,0.008063868125604546,-1.4466022729668564,-2.893204545933713
main,0.05544291656687754,0.006591905586709239,-1.4431053651330819,-2.8862107302661637
main,0.05393676188735994,0.005068260799030764,-1.440823938268158,-2.881647876536316
main,0.05248787571754068,0.0034882018095715494,-1.4614581361232968,-2.9229162722465936
main,0.05110450840248017,0.0018505398784802894,-1.4630191032057145,-2.926038206411429
main,0.04979662428269455,0.00015414620684893693,-1.4624406383106325,-2.924881276621265
main,0.048575182654335705,-0.001606701912893495,-1.5000513775713251,-3.0001027551426502
main,0.047456639283999145,-0.0034345291687980584,-1.4858643885391307,-2.9717287770782614
main,0.04645855080784303,-0.005330529598447454,-1.482260972282616,-2.964521944565232
main,0.04559867514311902,-0.007292500225629269,-1.503293475436955,-3.00658695087391
main,0.04489302853664148,-0.009313557086942679,-1.5071058301383475,-3.014211660276695
main,0.044354307234038104,-0.01138565622699406,-1.5105288865437507,-3.0210577730875015
main,0.04399729681963608,-0.013496599662475846,-1.6264744575749799,-3.2529489151499598
main,0.04383912329250181,-0.01563104581216719,-1.7152214017286065,-3.430442803457213
main,0.04422408922006184,-0.019169571661785588,-1.8704831086369238,-3.7409662172738476
main,0.04394936506446895,-0.017524523921755554,-1.3758312649933522,-2.7516625299867044
main,0.04530821291359835,-0.02230804962972914,-1.7405735026395628,-3.4811470052791256
main,0.04467703850310556,-0.020764080231110885,-1.1367955428054228,-2.2735910856108457
main,0.04703270696017598,-0.02514791131747594,-1.21112274764977,-2.42224549529954
main,0.04609343573262205,-0.023769326658517068,-0.9329747809798776,-1.8659495619597553
main,0.0493004556588369,-0.027577911674957614,-0.8613759892038583,-1.7227519784077165
main,0.04810171360224776,-0.02641743965628912,-0.6009193602850341,-1.2018387205700682
main,0.05203573855044431,-0.029455156660293434,-0.48462517876442845,-0.9692503575288569
main,0.050611797308236124,-0.028590484009625536,-0.1408172686059096,-0.2816345372118192
main,0.05515392448994005,-0.030578423961977852,0.20348028244945582,0.40696056489891164
main,0.053549780944345524,-0.03011780331107703,0.18656079871706122,0.37312159743412243
main,0.058409890698641734,-0.03131366094970786,0.434736649836836,0.869473299673672
main,0.05677396107470632,-0.03097704317485486,0.36474894399307206,0.7294978879861441
main,0.061686523911041354,-0.03196327883321434,0.534805571496873,1.069611142993746
main,0.060047411644085405,-0.03164240616916074,0.48919005815580785,0.9783801163116157
main,0.064966354911328,-0.032596578083198914,0.5920576033597843,1.1841152067195686
main,0.06332617166678958,-0.03228133613789387,0.5640388059897468,1.1280776119794935
main,0.06824899849372507,-0.033215153778562906,0.6277783502580776,1.2555567005161552
main,0.06660729718697238,-0.03290785063008844,0.6088202548233443,1.2176405096466887
main,0.07153521005111113,-0.033814586750091816,0.6482557653208233,1.2965115306416466
main,0.0698916361151029,-0.033517399151897054,0.6366051755023447,1.2732103510046895
main,0.07482496273170142,-0.03439411576251114,0.6542068395020667,1.3084136790041334
main,0.07317965225664491,-0.03410682562029668,0.6498748911356734,1.2997497822713469
main,0.07811771751314028,-0.03495636794367918,0.6521894207311167,1.3043788414622335
main,0.07647098448386838,-0.03467729653697228,0.651282847567568,1.302565695135136
main,0.08141286734634891,-0.0355045875999451,0.6543803532411042,1.3087607064822084
main,0.07976501180063278,-0.03523213163133661,0.6536908863063675,1.307381772612735
main,0.08471012208519152,-0.03603983854938615,0.6487459550674453,1.2974919101348905
main,0.08306123744120367,-0.03577382323929524,0.6492493113968585,1.298498622793717
main,0.08800964341340514,-0.036560886332939524,0.645101538369135,1.29020307673827
main,0.08635959074259289,-0.03630219291393437,0.6465313636365858,1.2930627272731716
main,0.09131164279541493,-0.037066145559537876,0.6401738471231896,1.2803476942463792
main,0.08966032743100891,-0.03681553721480679,0.6424614574412385,1.284922914882477
main,0.09461581284741089,-0.0375568724034932,0.6338083351693514,1.2676166703387028
main,0.09296347126754981,-0.03731325728910015,0.6384256133450966,1.2768512266901932
main,0.09792150894186533,-0.03803716833690353,0.6271993021995158,1.2543986043990316
main,0.09626849207218273,-0.03779817608609433,0.631106866824951,1.262213733649902
main,0.10122803077517464,-0.03851181147063794,0.621683547088179,1.243367094176358
main,0.0995746885095293,-0.03827504679841806,0.6241275007857654,1.2482550015715308
main,0.10453467139997394,-0.03898558633023637,0.6139687463542436,1.2279374927084872
main,0.10288135840532375,-0.03874865798124416,0.6170133533962112,1.2340267067924224
main,0.10784104848325579,-0.03946122543415079,0.6069022719149764,1.2138045438299527
main,0.10618790142595225,-0.039223108814538714,0.6090257732952841,1.2180515465905681
main,0.11114761708460036,-0.039935517473573,0.5978296934389528,1.1956593868779055
main,0.1094942870361358,-0.03969869498716182,0.6018508895760837,1.2037017791521674
main,0.1144551954364372,-0.040402668448812754,0.5874091680556761,1.1748183361113522
main,0.11280125321803691,-0.0401701752941237,0.5922672694000031,1.1845345388000061
main,0.1177647667622862,-0.04085662851990347,0.5780781765416141,1.1561563530832282
main,0.1161096999511842,-0.04063148619073896,0.5824494224227466,1.164898844845493
main,0.1210771935778874,-0.04129286779782318,0.5681452797611671,1.1362905595223343
main,0.11942059797118905,-0.04107708905559844,0.5721893427750007,1.1443786855500013
main,0.12439185938950316,-0.04171082419135958,0.5591488269003764,1.1182976538007527
main,0.12273428071732276,-0.041504112843076556,0.5621870545786466,1.1243741091572932
main,0.12770837541766605,-0.042111714944256515,0.5498427271063996,1.0996854542127992
main,0.126049890956287,-0.041913358225086565,0.5519797256621934,1.1039594513243869
main,0.1310265872462394,-0.04249696432771197,0.5400987481238854,1.0801974962477707
main,0.12936727418098531,-0.04230625031179852,0.5444680132743828,1.0889360265487655
main,0.13434634062512618,-0.04286799508146838,0.531488826479664,1.062977652959328
main,0.1326862760609494,-0.042684212584268175,0.5350101237947444,1.0700202475894889
main,0.13766748144915475,-0.043226228608750195,0.523579731612335,1.04715946322467
main,0.13600674242119645,-0.04304866708962925,0.5268130140993238,1.0536260281986476
main,0.1409898557369465,-0.04357308517074074,0.5148693244669231,1.0297386489338463
main,0.13932851922107325,-0.04340103463578754,0.5171809064430423,1.0343618128860845
main,0.14431330960989563,-0.04390998408068827,0.507099752632408,1.014199505264816
main,0.142651452533217,-0.04374273498570728,0.5099771168007963,1.0199542336015925
main,0.1476376892711797,-0.04423834389770667,0.4988023009120436,0.9976046018240872
main,0.14597538852254993,-0.044075187051354735,0.5009758652391937,1.0019517304783874
main,0.15096284098473775,-0.044559582620340286,0.49154214809049396,0.9830842961809879
main,0.14930017342524587,-0.04439980908736886,0.4937676699652201,0.9875353399304402
main,0.15428861105430758,-0.0448751178799764,0.4840477089158012,0.9680954178316024
main,0.15262565352776003,-0.044718018884542965,0.48729629490091253,0.9745925898018251
main,0.1576147828566827,-0.04518635914782924,0.47762163330062396,0.9552432666012479
main,0.15595165416394496,-0.04503123130107149,0.4807300612548748,0.9614601225097495
main,0.16094103390322625,-0.045494334201637676,0.47086771857933146,0.9417354371586629
main,0.1592779094364431,-0.04534072678135129,0.47390690349255765,0.9478138069851153
main,0.16426749788492534,-0.045799198121350054,0.4651958823096771,0.9303917646193542
main,0.16260423005271862,-0.045647157981637106,0.46805127732450735,0.9361025546490147
main,0.16759426606046596,-0.04610073657339389,0.4584893484048881,0.9169786968097762
main,0.1659308432208465,-0.04595039098526946,0.4611393800906405,0.922278760181281
main,0.17092142024056484,-0.04639870017659306,0.4527629615939289,0.9055259231878579
main,0.1692577917337018,-0.04625017297050142,0.4554896881726489,0.9109793763452978
main,0.17424891889617025,-0.04669282845790659,0.44647112409663675,0.8929422481932735
main,0.172585129294721,-0.04654625200572811,0.4485548200635057,0.8971096401270114
main,0.17757675352169539,-0.04698286400439393,0.44145389971686555,0.8829077994337311
main,0.1759127936384951,-0.04683836579079521,0.4434868704041903,0.8869737408083807
main,0.18090494436572896,-0.04726855200895313,0.4355085735941943,0.8710171471883886
main,0.17924080376410484,-0.04712625941044642,0.43666891910017613,0.8733378382003523
main,0.18423351230196985,-0.04754963771437565,0.4312718074229716,0.8625436148459432
main,0.18256918054502091,-0.04740967811026318,0.4329365307363422,0.8658730614726844
main,0.18756247820438615,-0.0478258663598006,0.42507581524838944,0.8501516304967789
main,0.18589794485508798,-0.047688367130887824,0.4261146428019244,0.8522292856038488
main,0.19089186294707183,-0.04809698318329424,0.42081866896366216,0.8416373379273243
main,0.18922711756838256,-0.04796207171060288,0.4223575558996704,0.8447151117993408
main,0.19422168740397167,-0.04836273342441882,0.4159546420263863,0.8319092840527726
main,0.19255671955893672,-0.04823053708789969,0.4157488528636597,0.8314977057273194
main,0.19755197244869574,-0.04862286232680922,0.409179626744232,0.818359253488464
main,0.1958867717005544,-0.04849350850405504,0.414913199721639,0.829826399443278
main,0.20088273895433512,-0.04887711514074969,0.40794419147965455,0.8158883829593091
main,0.1992172948666244,-0.04875073120570757,0.4100770665252174,0.8201541330504348
main,0.2042140077931997,-0.049125237125744875,0.4021073182368493,0.8042146364736986
main,0.26924743964108605,-0.05277427539853695,0.34580847975908247,0.6916169595181649
main,0.2742542082737963,-0.052971354748704874,0.3409554773159659,0.6819109546319319
main,0.2725852413355797,-0.052906905326725956,0.34218646201504754,0.6843729240300951
main,0.2775922745878542,-0.05309651529123706,0.33732566612088266,0.6746513322417653
main,0.2759232193578878,-0.053034558070208564,0.3365842991711586,0.6731685983423172
main,0.28093051774216427,-0.05321668418438618,0.3355212011966485,0.671042402393297
main,0.27926137404927603,-0.053157223995962795,0.3360995039179172,0.6721990078358344
main,0.28426893808015974,-0.05333185173440863,0.33369753080035014,0.6673950616007003
main,0.28259970575245885,-0.05327489343053479,0.3337655342866451,0.6675310685732903
main,0.28760753594670574,-0.05344200820683279,0.33175872081810054,0.6635174416362011
main,0.285938214811579,-0.05338755665984141,0.33143925368948424,0.6628785073789685
main,0.2909463116881067,-0.05354714382626055,0.3294808515977691,0.6589617031955382
main,0.289276901572215,-0.0534952039289725,0.3291639932628886,0.6583279865257772
main,0.2942852656521402,-0.05364724877616804,0.3289370120714252,0.6578740241428505
main,0.2926157663814151,-0.05359782544199239,0.32803946505330617,0.6560789301066123
main,0.2976243981880372,-0.05374231319870341,0.32510578248946026,0.6502115649789205
main,0.29595480958767717,-0.05369541136173828,0.3266805466353653,0.6533610932707306
main,0.3009637096465157,-0.0538323271944844,0.323447553168992,0.646895106337984
main,0.29929403154098333,-0.05378795180961878,0.3230894612742479,0.6461789225484958
main,0.30430307562541803,-0.05391727779084814,0.3205388727429873,0.6410777454859746
main,0.30263339100799397,-0.05387543585489418,0.32025410508888236,0.6405082101777647
main,0.3076425288628022,-0.053997156248625486,0.3188688136324108,0.6377376272648216
main,0.3059727882436874,-0.05395785125542524,0.3186618774204578,0.6373237548409156
main,0.3109820962074935,-0.05407195356645232,0.31723821346800546,0.6344764269360109
main,0.30931229818407086,-0.054035190352301185,0.31749850141416597,0.6349970028283319
main,0.3143217785264532,-0.05414165999132077,0.31476056631567634,0.6295211326313527
main,0.3126519229882876,-0.05410744344612552,0.31527358942950223,0.6305471788590045
main,0.3176616023677531,-0.054206262581325715,0.3136762431713831,0.6273524863427662
main,0.31599167165294173,-0.05417459970305417,0.313101125061605,0.62620225012321
main,0.3210015240787614,-0.05426571609598997,0.31190332101586643,0.6238066420317329
main,0.3193315531763633,-0.05423663471230438,0.3120758362098435,0.624151672419687
main,0.3243415142585134,-0.05431995116705432,0.309591657458795,0.61918331491759
main,0.3226715111061412,-0.05429348824757323,0.3095801657036908,0.6191603314073816
main,0.3276815696197424,-0.054368893974474204,0.3083269286021437,0.6166538572042874
main,0.3260115337630435,-0.05434508640935459,0.30788660015355573,0.6157732003071115
main,0.33102169107151436,-0.0544124707095726,0.30652603346477775,0.6130520669295555
main,0.329351622055903,-0.05439135540788026,0.3065055026421619,0.6130110052843238
main,0.3343618795233466,-0.054450607524815064,0.3049385799335223,0.6098771598670446
main,0.33269177689399554,-0.05443222141521753,0.304769330686091,0.609538661372182
main,0.3377021358852683,-0.054483230532423516,0.30305079104588745,0.6061015820917749
main,0.3360319991871006,-0.05446761056388369,0.3028596660459963,0.6057193320919926
main,0.34104246106783775,-0.05451026580298794,0.30143451795104836,0.6028690359020967
main,0.33937228984551765,-0.0544974489454583,0.30111295193349596,0.6022259038669919
main,0.3443828559821158,-0.05453163936407651,0.29944612349104965,0.5988922469820993
main,0.34271264978004073,-0.05452166260919404,0.29951741512052776,0.5990348302410555
main,0.3477232781372636,-0.054547278076648165,0.29763033251139137,0.5952606650227827
main,0.3460530654345198,-0.05454017785322787,0.297296678443011,0.594593356886022
main,0.3510636970313217,-0.05455711462214872,0.295853700402606,0.591707400805212
main,0.3493934886695309,-0.054552923666288444,0.295827084029372,0.591654168058744
main,0.3544041086585136,-0.054561085249641796,0.2941305380979265,0.588261076195853
main,0.35273390369431956,-0.05455983514993318,0.29364108461889804,0.5872821692377961
main,0.35774451343568225,-0.054559126710717595,0.29241981634981684,0.5848396326996337
main,0.35607431190563443,-0.054560849103236594,0.29198132253468845,0.5839626450693769
main,0.3610849112896633,-0.054551175667001864,0.29048741877720846,0.5809748375544169
main,0.3594147132303622,-0.054555902231972674,0.29013153646123546,0.5802630729224709
main,0.3644253021471608,-0.054537168690019955,0.28864389587830247,0.5772877917566049
main,0.3627551075952592,-0.05454493115301763,0.28817257979669214,0.5763451595933843
main,0.36776568593480496,-0.05451704225878675,0.28725863852825645,0.5745172770565129
main,0.3660954949270094,-0.05452787239194298,0.2865139284335164,0.5730278568670328
main,0.37110612071040205,-0.05449073221825599,0.28590293963014357,0.5718058792602871
main,0.3694358945292655,-0.05450466220089111,0.28519925281516106,0.5703985056303221
main,0.3744464886525175,-0.05445817587698106,0.2843378254122984,0.5686756508245968
main,0.3727763187514861,-0.05447523677695264,0.2837002241143943,0.5674004482287885
main,0.3777867416200933,-0.0544193103010146,0.2829201755480011,0.5658403510960022
main,0.37611662960871994,-0.05443953371833504,0.2821862595580582,0.5643725191161164
main,0.3811268779393657,-0.05437407221725968,0.28109826289313544,0.5621965257862709
main,0.3794568243969788,-0.05439748980065609,0.2807298111531385,0.561459622306277
main,0.3844668964505052,-0.05432239826500532,0.27947981944592726,0.5589596388918545
main,0.38279690195720417,-0.05434904170537613,0.27900253487522353,0.5580050697504471
main,0.3878067959921462,-0.05426422499755057,0.2783517926901316,0.5567035853802632
main,0.3861368611288228,-0.054294126029063396,0.2776299168225529,0.5552598336451058
main,0.39114657540126485,-0.054199488880006634,0.2775380787055982,0.5550761574111964
main,0.3894767007496233,-0.05423267928119838,0.276735568939544,0.553471137879088
main,0.3944862335132213,-0.054128126287090836,0.27672827365900554,0.5534565473180111
main,0.3928164196557975,-0.05416463788197079,0.2757506712089339,0.5515013424178677
main,0.3978257691616589,-0.054050073500917825,0.27561159822351877,0.5512231964470375
main,0.39615601668184186,-0.05408993816007318,0.2749298537280496,0.5498597074560992
main,0.40116518117849576,-0.053965266708783266,0.2745770692904075,0.549154138580815
main,0.3994954906605472,-0.054008516350487756,0.27356004182055776,0.5471200836411155
main,0.404504468393863,-0.05387364200094287,0.27320504852630506,0.5464100970526101
main,0.4028348404229344,-0.05392030859226829,0.272506145429296,0.545012290858592
main,0.4078435656599445,-0.053775137820826734,0.27230619875303924,0.5446123975060785
main,0.40617404347286273,-0.053825251743795786,0.27145371120022743,0.5429074224004549
main,0.4111823970073545,-0.05366969813841069,0.27156787691981193,0.5431357538396239
main,0.4095130168381121,-0.053723286619031585,0.27060201535475176,0.5412040307095035
main,0.4145209534422267,-0.05355726925722516,0.2707300605108126,0.5414601210216252
main,0.41285170920872605,-0.05361435901780853,0.2699172663741394,0.5398345327482788
main,0.4178592364580921,-0.0534377979568815,0.2697739867328537,0.5395479734657074
main,0.4161901291920118,-0.053498415570249605,0.2689940690372594,0.5379881380745188
main,0.42119724398699543,-0.05331123097303887,0.26869095520569936,0.5373819104113987
main,0.4195282747230866,-0.053375403091144594,0.26804288320139985,0.5360857664027997
main,0.4245349739547378,-0.05317751488081568,0.2676360153693859,0.5352720307387718
main,0.4228661437308827,-0.053245268236262425,0.2668781040840142,0.5337562081680284
main,0.4278724242807527,-0.053036596091738,0.266414007185246,0.532828014370492
main,0.42620373413802415,-0.053107957499307676,0.26579019580423013,0.5315803916084603
main,0.43120959287803556,-0.05288842085066939,0.26607700582936855,0.5321540116587371
main,0.42954104386075653,-0.05296341720885857,0.26435491697910996,0.5287098339582199
main,0.4345464776529821,-0.052732935232727304,0.26489686383867594,0.5297937276773519
main,0.43287807080878105,-0.05281159352529213,0.26417430395976826,0.5283486079195365
main,0.43788306726432125,-0.052570085606611215,0.26453252447076403,0.5290650489415281
main,0.43621480980482524,-0.05265243259316717,0.26303177658128984,0.5260635531625797
main,0.44121925109529303,-0.052399823473875215,0.26359476538700777,0.5271895307740155
main,0.43955121436114386,-0.05248588256684723,0.2626045980318415,0.525209196063683
main,0.4445549904566347,-0.05222209711061425,0.26325778657348786,0.5265155731469757
main,0.44288717646045667,-0.052311894988464225,0.26212415926929233,0.5242483185385847
main,0.4478902819491072,-0.05203685301105574,0.26262941450019817,0.5252588290003963
main,0.44622269228618483,-0.05213041645147809,0.2615145976790338,0.5230291953580676
main,0.45122512237497614,-0.05184403749935022,0.2621981621100986,0.5243963242201972
main,0.44955775864537456,-0.05194139336034624,0.2610733199676811,0.5221466399353621
main,0.45455950852679283,-0.0516435967368683,0.26230675858569924,0.5246135171713985
main,0.4528923723354453,-0.05174477195819112,0.26045857469508304,0.5209171493901661
main,0.4578934371872825,-0.05143547671929524,0.2617764992215857,0.5235529984431714
main,0.4562265301440756,-0.051540498323902784,0.2606949448927694,0.5213898897855388
main,0.46122690512909237,-0.051219623273717915,0.26168023747213054,0.5233604749442611
main,0.4595602288489546,-0.05132851836923362,0.2599949904101297,0.5199899808202594
main,0.4645599091145611,-0.050995982055695624,0.2610593943265954,0.5221187886531908
main,0.4628934652176278,-0.05110877783587191,0.2598657040543006,0.5197314081086012
main,0.46789244559939774,-0.05076449856752963,0.2608756369078254,0.5217512738156508
main,0.46622623590848444,-0.05088122229958153,0.25955877325763677,0.5191175465152735
main,0.47122443363597777,-0.05052512642436871,0.2607202966155649,0.5214405932311298
main,0.4695585115085586,-0.05064579994245895,0.25931155615297585,0.5186231123059517
main,0.4745557867280126,-0.0502778302971281,0.26054812428316504,0.5210962485663301
main,0.472890192042466,-0.050402469875924824,0.2592588748053354,0.5185177496106708
main,0.4778864827549351,-0.05002257562694104,0.26060544698583366,0.5212108939716673
main,0.4762212169654987,-0.05015119888080044,0.25891499179770683,0.5178299835954137
main,0.4812165187992278,-0.049759327076621104,0.2604639058381422,0.5209278116762844
main,0.47955158336618176,-0.049891951692214304,0.25911349496191627,0.5182269899238325
main,0.484545891931382,-0.049488049163119274,0.26061863811228814,0.5212372762245763
main,0.4828812883209575,-0.04962469290025638,0.2587714124733362,0.5175428249466724
main,0.4878745992097363,-0.049208706255893464,0.2606225854911561,0.5212451709823122
main,0.48621032889430826,-0.04934938694833164,0.2588089134097681,0.5176178268195362
main,0.49120263768028455,-0.04892126257526875,0.26048297055437025,0.5209659411087405
main,0.4895387021383987,-0.04906599813153886,0.2589478632801424,0.5178957265602848
main,0.4945300043765586,-0.048625682190779694,0.2604914962141322,0.5209829924282644
main,0.49286640509300095,-0.048774490595016005,0.2590881529881537,0.5181763059763074
main,0.49785669631948265,-0.04832192901950286,0.26091856064127955,0.5218371212825591
main,0.49619343478538586,-0.04847482833227531,0.2589886747018842,0.5179773494037684
main,0.5011825971856196,-0.04800998010891052,0.26122615634755425,0.5224523126951085
main,0.4995197504528939,-0.0481669796117146,0.25954298969764844,0.5190859793952969
main,0.5045081595426784,-0.04768979395353952,0.26156440883146587,0.5231288176629317
main,0.5028454002155478,-0.04785091822285216,0.2597033283984643,0.5194066567969285
main,0.5078329675418705,-0.047361451053412745,0.26176211312196257,0.5235242262439251
main,0.506170681984786,-0.04752663823039305,0.2602924337097111,0.5205848674194222
main,0.5128184017958692,-0.04685379266239665,0.2607276196927098,0.5214552393854196
main,0.5178017168336262,-0.0463281115283197,0.2633427755930591,0.5266855511861182
main,0.516140846112358,-0.04650533108916938,0.2614837367972834,0.5229674735945667
main,0.5211227599215329,-0.045967733292777695,0.264071050687608,0.528142101375216
main,0.5194623547700179,-0.0461489122628558,0.2623262240561274,0.5246524481122548
main,0.5244428763712321,-0.04559947451979571,0.26505924126412006,0.5301184825282401
main,0.5227829337886044,-0.04578458737842432,0.2632133578934149,0.5264267157868298
main,0.5277620721666856,-0.045223386099516434,0.2655642371644202,0.5311284743288404
main,0.5261025891639329,-0.045412407426825604,0.2640132760172458,0.5280265520344916
main,0.5310803532683853,-0.044839518722851406,0.26660397397117797,0.5332079479423559
main,0.5294213268681626,-0.04503242319819251,0.26450064494544945,0.5290012898908989
main,0.5343977256138308,-0.04444792288462536,0.26719265830568095,0.5343853166113619
main,0.5327391528502747,-0.04464468528499568,0.2655712814188021,0.5311425628376042
main,0.5377141951177924,-0.0440486488867234,0.2686482062859805,0.537296412571961
main,0.5360560730363366,-0.044249244085201256,0.26670732214673354,0.5334146442934671
main,0.5410297676727284,-0.043641746841198835,0.26958748815861777,0.5391749763172355
main,0.539372093329923,-0.04384614980538926,0.2674870350825492,0.5349740701650983
main,0.5443444491491509,-0.043227266673366266,0.27043217806788894,0.5408643561357779
main,0.5426872196124781,-0.04343545246385694,0.2685008906701081,0.5370017813402163
main,0.5476582453959435,-0.04280525812488052,0.2717033937797532,0.5434067875595064
main,0.5460014577436394,-0.043017201893707446,0.2697058257345024,0.5394116514690048
main,0.5509711622407865,-0.042375770756782075,0.2728020105860896,0.5456040211721792
main,0.5493148135616595,-0.04259144774590537,0.2709754607095061,0.5419509214190122
main,0.5542832054904867,-0.04193885395253528,0.27442856324672377,0.5488571264934475
main,0.5526272928837218,-0.042158239492326305,0.2721139952925017,0.5442279905850034
main,0.5575943809312509,-0.041494556921055886,0.2755951920788924,0.5511903841577848
main,0.5559389015063368,-0.04171762642877752,0.2735737177529532,0.5471474355059064
main,0.560904694329204,-0.04104292869968756,0.27701669729663153,0.5540333945932631
main,0.5592496452055399,-0.0412696576780259,0.27508635885638,0.55017271771276
main,0.5642137366005653,-0.04058407851197538,0.27873572570214267,0.5574714514042853
main,0.5625593914608722,-0.040814402311005006,0.2763596270514661,0.5527192541029322
main,0.5675215266289508,-0.04011807915931212,0.28013696570881,0.56027393141762
main,0.5658677816565914,-0.040351970794744424,0.27803320507159507,0.5560664101431901
main,0.5708285640174017,-0.0396449525298392,0.2817763147318729,0.5635526294637458
main,0.5691751207492208,-0.03988240640434372,0.2797862067365036,0.5595724134730072
main,0.5741346198527049,-0.039164827367024785,0.2837884422730837,0.5675768845461674
main,0.5724817303852227,-0.03940575951740058,0.2813832277952818,0.5627664555905636
main,0.5774395771004017,-0.0386778171924767,0.28551211808599153,0.5710242361719831
main,0.5757872354244383,-0.03892217992538246,0.28344589982074997,0.5668917996414999
main,0.5807434501205558,-0.03818401696722412,0.28738425732498835,0.5747685146499767
main,0.5790916486657742,-0.03843176287309059,0.28518265324760117,0.5703653064952023
main,0.5840462540398972,-0.03768352142333723,0.2893598788000373,0.5787197576000745
main,0.5823949852452636,-0.037934603150639665,0.2873279192059961,0.5746558384119922
main,0.5873480039670536,-0.03717642517956124,0.29147059097291433,0.5829411819458287
main,0.585697260280508,-0.03743079543297558,0.2891112356572772,0.5782224713145544
main,0.5906487149930667,-0.03666282274501924,0.29338789653408437,0.5867757930681687
main,0.5889984888712256,-0.036920434283577976,0.2913020244775883,0.5826040489551766
main,0.5939484021921893,-0.03614280852286353,0.2956312325273835,0.591262465054767
main,0.5922986861000545,-0.036403614158114425,0.2933933944634018,0.5867867889268036
main,0.5972470806222585,-0.03561647681398439,0.2976108664544261,0.5952217329088522
main,0.5955978670329239,-0.03588042940815351,0.29575632781259953,0.5915126556251991
main,0.6005447653253857,-0.03508392182066236,0.29992208050149977,0.5998441610029995
main,0.5988960467197457,-0.03535097428482067,0.2975639816976672,0.5951279633953344
main,0.6038414713285232,-0.0345452376502339,0.30237721237597187,0.6047544247519437
main,0.6021932401949781,-0.03481534294246678,0.3001879318888614,0.6003758637777228
main,0.6071372136440456,-0.03400051831874673,0.30471800254681985,0.6094360050936397
main,0.6054894624782123,-0.03427362944232722,0.30262559271890627,0.6052511854378125
main,0.6104320072703365,-0.033449857754609395,0.3071511495753604,0.6143022991507208
main,0.6087847285747537,-0.033725927756174126,0.30490931912675096,0.6098186382535019
main,0.6137258671923702,-0.032893349802235086,0.3094523594199822,0.6189047188399645
main,0.6120790534762086,-0.033172331769963065,0.3073708041422788,0.6147416082845576
main,0.6170188083823014,-0.032331088225679636,0.3123125380072938,0.6246250760145876
main,0.615372452161075,-0.03261293528747273,0.30989227490112253,0.6197845498022451
main,0.6203108457999208,-0.03176316671229709,0.3149745381400229,0.6299490762800458
main,0.6186649395952428,-0.03204783203395565,0.3126150897479453,0.6252301794958905
main,0.6236019868893741,-0.031189680196007794,0.3178463839698412,0.6356927679396824
main,0.6219565282312982,-0.03147711609964776,0.31542857757142495,0.6308571551428499
main,0.6268919602490701,-0.030610920264035845,0.32093941024897127,0.6418788204979425
main,0.6252471308952979,-0.030900948250803834,0.3186782835808863,0.6373565671617726
main,0.6301810527038068,-0.030027674576847595,0.32414619986221876,0.6482923997244375
main,0.6285366008519064,-0.030319829039383767,0.32175734894848873,0.6435146978969775
main,0.6334695434202717,-0.029441039285611054,0.32724949430275097,0.6544989886055019
main,0.6318253668932687,-0.029734744658922133,0.32520749845014946,0.6504149969002989
main,0.6367576333651588,-0.028852166161702317,0.33050326331937785,0.6610065266387557
main,0.6351136322442352,-0.02914684645320443,0.3287242254485347,0.6574484508970694
main,0.6400455282490005,-0.028262206158884237,0.3337506608685836,0.6675013217371673
main,0.6384015987000736,-0.02855728606359683,0.3319917983796806,0.6639835967593612
main,0.6433334345814727,-0.027672310100322565,0.33655123895262634,0.6731024779052527
main,0.6416894735428003,-0.027967214171126138,0.3352518257114363,0.6705036514228726
main,0.6466215584771948,-0.027083628881576657,0.33909713543615344,0.6781942708723069
main,0.6449774628929377,-0.027377781670472744,0.3381575156596419,0.6763150313192838
main,0.649910103052138,-0.026497299454225635,0.3411910235533905,0.682382047106781
main,0.6482657718635949,-0.02679013480949429,0.3405729164237246,0.6811458328474492
main,0.6531988642451765,-0.02591218786433537,0.34254259256539016,0.6850851851307803
main,0.6515544671793319,-0.02620465047250601,0.34189381966754495,0.6837876393350899
main,0.6564868306278656,-0.02532244703336453,0.3440013420006864,0.6880026840013728
main,0.6548429853946879,-0.025618120051288197,0.3422201947211309,0.6844403894422618
main,0.6597734506906783,-0.024725294028368774,0.34587145479611464,0.6917429095922293
main,0.6581303190598624,-0.025024838359058048,0.3433526511986127,0.6867053023972254
main,0.6630588035923823,-0.024121306170995675,0.3484572755225806,0.6969145510451612
main,0.6614162788681849,-0.024424116632348003,0.34618419870392275,0.6923683974078455
main,0.6663431118130024,-0.023511696254461124,0.3517405266160717,0.7034810532321434
main,0.664701081240655,-0.023817166045033367,0.3493227834245258,0.6986455668490515
main,0.6696266008510783,-0.022897677822450037,0.3549760367563865,0.709952073512773
main,0.6679849516831435,-0.023205200180266693,0.3526390851836033,0.7052781703672066
main,0.6729094961932244,-0.02228046435441194,0.35795064948034205,0.7159012989606841
main,0.6712681156877789,-0.022589432547163807,0.3563380447550287,0.7126760895100575
main,0.6761920233177201,-0.021661269285172216,0.36134988505713805,0.7226997701142761
main,0.6745507987365311,-0.02197107660041605,0.359403173424686,0.718806346849372
main,0.6794744076473128,-0.021041306034134552,0.3641641782525396,0.7283283565050792
main,0.6778332262879806,-0.02135134576307838,0.3628289344418335,0.725657868883667
main,0.6827568742095373,-0.020421788093710116,0.3671300144009384,0.7342600288018768
main,0.6811156236211651,-0.02073145347767847,0.3659026412931248,0.7318052825862496
main,0.6860396489356917,-0.019803928811284104,0.3690265416575098,0.7380530833150196
main,0.6843982159810462,-0.020112613204911995,0.36865435166904664,0.7373087033380933
main,0.6893229575797245,-0.019188941596542334,0.3699490621672964,0.7398981243345928
main,0.6876812294685846,-0.019496038275160884,0.37036333486701745,0.7407266697340349
main,0.6926070257263723,-0.018578039921929735,0.36871851481854967,0.7374370296370993
main,0.6909648896656537,-0.018882942145465285,0.37028288895697453,0.7405657779139491
main,0.6958920789671621,-0.01797243729641536,0.359636557142118,0.719273114284236
main,0.6942494221602085,-0.01827453830557976,0.36639799797760153,0.7327959959552031
main,0.6991783429018266,-0.017373347273112436,0.3536254786675609,0.7072509573351218
main,0.6975350525477015,-0.01767204028559291,0.33960057088782253,0.6792011417756451
main,0.6999999880788889,-0.012085875690290394,0.40188098955476403,0.8037619791095281
main,0.6999999880788889,-0.014141125720919454,0.4047327278560656,0.8094654557121312
main,0.6999999880788889,-0.01619637575155371,0.3416500474928008,0.6833000949856016
main,0.6999999880788889,-0.005920125598395198,0.40096418978371046,0.8019283795674209
main,0.6999999880788889,-0.007975375629024145,0.40161857675956425,0.8032371535191285
main,0.6999999880788889,-0.010030625659658456,0.40118484320511477,0.8023696864102295
main,0.6999999880788889,0.0002456244934998335,0.4033827542168399,0.8067655084336798
main,0.6999999880788889,-0.0018096255371295301,0.40173152204463625,0.8034630440892725
main,0.6999999880788889,-0.00386487556776374,0.4009665376544958,0.8019330753089916
main,0.6999999880788889,0.006411374585394905,0.40679773967016747,0.8135954793403349
main,0.6999999880788889,0.004356124554766071,0.40582347660385987,0.8116469532077197
main,0.6999999880788889,0.002300874524131926,0.40456751323642204,0.8091350264728441
main,0.6999999880788889,0.01257712467729039,0.41146798528470785,0.8229359705694157
main,0.6999999880788889,0.010521874646661895,0.40890907686017597,0.8178181537203519
main,0.6999999880788889,0.00846662461602741,0.40768674051623566,0.8153734810324713
main,0.6999999880788889,0.01874287476918604,0.4083993438416598,0.8167986876833196
main,0.6999999880788889,0.01668762473855715,0.409785289844634,0.819570579689268
main,0.6999999880788889,0.01463237470792216,0.41098074634739623,0.8219614926947925
main,0.6999999880788889,0.024908624861080267,0.4022748743567519,0.8045497487135038
main,0.6999999880788889,0.022853374830451266,0.4039750905749908,0.8079501811499816
main,0.6999999880788889,0.020798124799817186,0.40659685446573773,0.8131937089314755
main,0.6999999880788889,0.03107437495297541,0.4040582865894715,0.808116573178943
main,0.6999999880788889,0.02901912492234663,0.4031554901004032,0.8063109802008064
main,0.6999999880788889,0.026963874891712543,0.4028821378636317,0.8057642757272634
main,0.7040730656949988,0.03230877304542441,0.40435643525966697,0.8087128705193339
main,0.7013576806175994,0.03217092432733444,0.4052348480886444,0.8104696961772888
main,0.709504558984879,0.03256894075889216,0.39788451855016677,0.7957690371003335
main,0.7067886918174253,0.03244144518927696,0.4013987279916716,0.8027974559833432
main,0.714937016316435,0.032808405148074544,0.39277788361216565,0.7855557672243313
main,0.7122206671512084,0.032691260745157685,0.3954706266505841,0.7909412533011682
main,0.720370376842343,0.03302716659679002,0.3917981128227835,0.783596225645567
main,0.7176535862134872,0.0329203737652856,0.3924583805308616,0.7849167610617231
main,0.7258044953606458,0.03322522175861424,0.39143749363807656,0.7828749872761531
main,0.7230873465580625,0.033128782594566204,0.3906535236206432,0.7813070472412864
main,0.7312393264304113,0.03340257064432286,0.39134092066359977,0.7826818413271995
main,0.7285218219847549,0.033316484441866204,0.39162526698490197,0.7832505339698039
main,0.736674834607342,0.033559212626050564,0.3938041406893895,0.787608281378779
main,0.7339569973046142,0.033483480039051175,0.3944355289362795,0.788871057872559
main,0.7421108683870546,0.03369514326377217,0.39960303904180766,0.7992060780836153
main,0.7393927916348149,0.033629767034290686,0.3959458320552926,0.7918916641105852
main,0.747547365986892,0.03381036019547208,0.4081352102852981,0.8162704205705962
main,0.7448290598377543,0.033755340984166105,0.39986065725413483,0.7997213145082697
main,0.7529843072414608,0.03390486102263207,0.40131997765607164,0.8026399553121433
main,0.7502657817881275,0.03386020020829404,0.4064185343237227,0.8128370686474454
main,0.758421546864192,0.0339786405728499,0.41269343745520304,0.8253868749104061
main,0.7557028956001418,0.03394434114415057,0.4072886556501517,0.8145773113003034
main,0.7638590040343964,0.0340316944340549,0.4239891560079755,0.847978312015951
main,0.7611402496756102,0.03400775833615134,0.417623522582459,0.835247045164918
main,0.7692966636601324,0.03406401802374701,0.435909473569491,0.871818947138982
main,0.7665778086959039,0.03405044766325345,0.43146265843171505,0.8629253168634301
main,0.7747343993111675,0.03407560536853693,0.4549261896231574,0.9098523792463148
main,0.7720155271985608,0.034072403925508185,0.4446031803825369,0.8892063607650738
main,0.7801721083950067,0.03406645041999156,0.4718390210025009,0.9436780420050018
main,0.7774532597099756,0.03407362086669806,0.4638257971017452,0.9276515942034904
main,0.7856097706116347,0.0340365463473329,0.4889430519231842,0.9778861038463684
main,0.7828909453622264,0.03405409224686984,0.47869757114499206,0.9573951422899841
main,0.7910472911367838,0.03398588587203594,0.5008433535621825,1.001686707124365
main,0.7883285525364873,0.034013810889054925,0.4931353778384415,0.986270755676883
main,0.7964845428365772,0.03391446181624317,0.5121126818059915,1.024225363611983
main,0.7937659545701472,0.033952769514432025,0.5078789449080588,1.0157578898161177
main,0.8019214937657806,0.03382226531185367,0.5214032992600808,1.0428065985201616
main,0.7992030559017883,0.03387096041538372,0.5159878221237792,1.0319756442475585
main,0.8073580831194396,0.03370928703629397,0.5301989283016686,1.0603978566033372
main,0.8046398361716716,0.033768374185490266,0.527365018732424,1.054730037464848
main,0.8127941642484762,0.03357551912964063,0.5430861518816855,1.086172303763371
main,0.8100761924783745,0.03364500201767741,0.5379898229372695,1.075979645874539
main,0.8182296908701532,0.033420951000373095,0.5506166511114868,1.1012333022229737
main,0.8155119970457284,0.033500835457206043,0.5467644511702978,1.0935289023405956
main,0.823664627243801,0.03324557079823434,0.5588297527394632,1.1176595054789265
main,0.8209472342695107,0.03333586278071586,0.5569457508201227,1.1138915016402453
main,0.8290988198186461,0.03304937001838472,0.5631115570832635,1.126223114166527
main,0.8263818224268461,0.03315007321079062,0.5611909196476295,1.122381839295259
main,0.8345322052584445,0.03283233675287276,0.5676167495940806,1.1352334991881612
main,0.8318156140958456,0.03294345786574543,0.5671349109419122,1.1342698218838243
main,0.8399647468069481,0.03259445722561413,0.5691717950379954,1.1383435900759908
main,0.8372485828288192,0.03271600320616201,0.5695476107390774,1.139095221478155
main,0.8453963085590301,0.03233572144914834,0.5652281542914478,1.1304563085828956
main,0.8426806553836779,0.03246769663994323,0.5701627581237705,1.140325516247541
main,0.8508268325724646,0.03205611584219309,0.5530123892457302,1.1060247784914603
main,0.8481117009552923,0.032198527849898295,0.5622871142253584,1.1245742284507168
main,0.8562562491452101,0.03175564414178594,0.5250518837575057,1.0501037675150113
main,0.8535416819691038,0.031908487939488965,0.5430863841068706,1.0861727682137412
main,0.8616844851634557,0.031434338678595915,0.4686304776424033,0.9372609552848066
main,0.858970516876668,0.03159759438815449,0.5041231876610771,1.0082463753221542
main,0.8671114305045273,0.03109224494008856,0.3412872366820092,0.6825744733640184
main,0.8643981230394018,0.031265888862574365,0.41596662542672513,0.8319332508534503
main,0.8725370561830226,0.030729405913311414,0.09615603571669677,0.19231207143339354
main,0.8698244082190675,0.030913417290334245,0.2325282232442254,0.4650564464884508
flap,1.025562612775449,-0.07652337388364767,0.45422874106860484,0.9084574821372097
flap,1.0296919521836916,-0.07871664691993022,0.45049271535207613,0.9009854307041523
flap,1.0283171196043885,-0.07798257181987686,0.4531769762460863,0.9063539524921727
flap,1.032436634107513,-0.08019400617148911,0.44865583226333006,0.8973116645266601
flap,1.0310651236847335,-0.07945379170380117,0.4515133018120712,0.9030266036241424
flap,1.0351745318456689,-0.08168390264389212,0.4468625083219159,0.8937250166438317
flap,1.033806436827835,-0.08093737648485844,0.4499236859174004,0.8998473718348008
flap,1.037905458535824,-0.0831866816599183,0.44436012566897093,0.8887202513379419
flap,1.036540872414988,-0.08243367103557286,0.44791342064197265,0.8958268412839453
flap,1.0406291711893396,-0.08470267649227656,0.44244551046201847,0.8848910209240369
flap,1.039268224793942,-0.08394301681215328,0.44559949671929344,0.8911989934385869
flap,1.0433451481932061,-0.08623234529771293,0.44113600793207475,0.8822720158641495
flap,1.0419881456557607,-0.08546578598746289,0.44458767304493024,0.8891753460898605
flap,1.0460528523117134,-0.08777644213260861,0.44000053805213457,0.8800010761042691
flap,1.0447000504118564,-0.08700256401276128,0.4432919676176296,0.8865839352352592
flap,1.0487517851137187,-0.08933582131311511,0.43738834650987646,0.8747766930197529
flap,1.047403430545668,-0.08855419456606012,0.44120559312943936,0.8824111862588787
flap,1.0514414522180735,-0.09091134420405789,0.43556096445304887,0.8711219289060977
flap,1.0500977923378536,-0.09012153785911436,0.4395035800193634,0.8790071600387268
flap,1.0541210796292155,-0.09250370757074614,0.43263520650127696,0.8652704130025539
flap,1.05278254798186,-0.09170540077460133,0.4375829756240262,0.8751659512480524
flap,1.056790320259227,-0.09411378501804296,0.43095803135612604,0.8619160627122521
flap,1.0554570037216715,-0.09330650231856025,0.4351313273377795,0.870262654675559
flap,1.05944863683497,-0.0957417435119232,0.4285626654335671,0.8571253308671342
flap,1.058120864630327,-0.09492553208249754,0.43342919442968625,0.8668583888593725
flap,1.062095807416108,-0.09738749931716453,0.42555917892202516,0.8511183578440503
flap,1.0607736177635636,-0.09656239925681195,0.4306063386511162,0.8612126773022324
flap,1.0647318234310035,-0.09905101560555854,0.42083648411088037,0.8416729682217607
flap,1.0634152093052545,-0.09821703810008006,0.42705607263245154,0.8541121452649031
flap,1.0673566972503965,-0.10073227268020785,0.41735484744379475,0.8347096948875895
flap,1.066045652746051,-0.09988942713226778,0.42212168809603023,0.8442433761920605
flap,1.0699703466584114,-0.10243118880262769,0.4118962007744532,0.8237924015489064
flap,1.068664928554516,-0.10157952657032755,0.41795778030647657,0.8359155606129531
flap,1.0725725418652319,-0.1041472913139295,0.40722785446071497,0.8144557089214299
flap,1.071272884428651,-0.1032871103838289,0.4129277180367462,0.8258554360734924
flap,1.0751636332922256,-0.10587993918281205,0.40162807441288817,0.8032561488257763
flap,1.0738694581530899,-0.10501156758025695,0.4079418812149034,0.8158837624298068
flap,1.077744132841549,-0.10762841154896315,0.3956634320305204,0.7913268640610408
flap,1.0764551915217226,-0.10675222050572139,0.4018981936151742,0.8037963872303484
flap,1.0803143802892134,-0.10939185938231795,0.3888064245486944,0.7776128490973888
flap,1.079030529097369,-0.10850829117448835,0.3955080890934739,0.7910161781869478
flap,1.0828748393258985,-0.11116951908504125,0.3822567980363421,0.7645135960726842
flap,1.0815958170320565,-0.11027893535250224,0.3884373590892959,0.7768747181785918
flap,1.085425936154372,-0.11296064746400356,0.3750139933611649,0.7500279867223298
flap,1.0841515457000035,-0.11206342312220804,0.3817799077444917,0.7635598154889834
flap,1.087967980956134,-0.1147645183351777,0.3679159039647222,0.7358318079294444
flap,1.086698081239749,-0.11386101253499376,0.37449894511270376,0.7489978902254075
flap,1.0905013670934869,-0.11658050058768515,0.36069077586419873,0.7213815517283975
flap,1.08923574290739,-0.11567101435274865,0.3670162739849889,0.7340325479699779
flap,1.093026524447505,-0.11840799292159705,0.35240685335004535,0.7048137067000907
flap,1.0917649609401825,-0.11749282677729445,0.3586174159987652,0.7172348319975304
flap,1.095543780706966,-0.12024640948570994,0.34433400576969386,0.6886680115393877
flap,1.0942861310364331,-0.1193258538244022,0.3505361995534854,0.7010723991069708
flap,1.0980529461068729,-0.12209576101061764,0.3363556737636092,0.6727113475272184
flap,1.0967993857304454,-0.1211697118811148,0.34263741540376785,0.6852748308075357
flap,1.1005534938178756,-0.12395669722801825,0.3278822288403117,0.6557644576806234
flap,1.0993043154693494,-0.12302475612625216,0.33475638657905177,0.6695127731581035
flap,1.1030448307377734,-0.1258300180597875,0.31860703892197106,0.6372140778439421
flap,1.1018003322406846,-0.12489178453919736,0.3258406655463457,0.6516813310926914
flap,1.105526200128246,-0.12771660224006487,0.309258940708173,0.618517881416346
flap,1.1042867867002935,-0.12677162396007635,0.31709330387681334,0.6341866077536267
flap,1.1079956262330275,-0.129618710620783,0.29851876824635015,0.5970375364927003
flap,1.10676247997249,-0.12866563112696638,0.3076151215444905,0.615230243088981
flap,1.1104501167542336,-0.13153999063814886,0.2863864275435328,0.5727728550870655
flap,1.1092248384936085,-0.1305768304578438,0.29744893168516934,0.5948978633703387
flap,1.1128864831574043,-0.13348439249615507,0.2708816360542259,0.5417632721084518
flap,1.1116706649755086,-0.1325091779842604,0.2848097640577164,0.5696195281154328
flap,1.11530312506703,-0.13545312518439676,0.2508937907215981,0.5017875814431962
flap,1.114097303187902,-0.13446570822952605,0.2675875258326754,0.5351750516653508
flap,1.117702738474853,-0.13744252456975908,0.22383313730771207,0.44766627461542413
flap,1.116504936829348,-0.1364453972978085,0.24303782777937358,0.48607565555874716
flap,1.120089659907093,-0.13944717224971465,0.19074682037850746,0.3814936407570149
flap,1.1188976461674334,-0.13844311622039374,0.21322272583727986,0.4264454516745597
flap,1.122468753217301,-0.14146107126304297,0.14681900008044632,0.29363800016089264
flap,1.1212800289237155,-0.14045315726393104,0.17286923261066175,0.3457384652213235
flap,1.124845251691561,-0.1434780197197493,0.08850118621271715,0.1770023724254343
flap,1.123657160806584,-0.14246935874831645,0.11902350823862519,0.23804701647725038
flap,1.1272219744756091,-0.14549470304825302,0.01597630515169126,0.03195261030338252
flap,1.1260335229145775,-0.1444864678197353,0.03028491673646572,0.06056983347293144
flap,1.1281813234088194,-0.14536640420556246,-0.07985585383554271,-0.15971170767108542
flap,1.128911569714236,-0.1441015712916875,-0.12935331798755448,-0.25870663597510896
flap,1.1296418160196526,-0.14283673837781255,-0.13174586095810326,-0.2634917219162065
flap,1.1303720623250695,-0.1415719054639375,-0.18384204281454294,-0.3676840856290859
flap,1.1290730202329966,-0.13926719434402024,-0.11530076341247578,-0.23060152682495155
flap,1.1301824637295166,-0.14038205745267252,-0.12703909017560935,-0.2540781803512187
flap,1.1268552471123234,-0.13703636018534227,-0.10174930841910576,-0.20349861683821152
flap,1.1279639480272665,-0.13815196192157775,-0.10494054941925489,-0.20988109883850978
flap,1.1246380802016014,-0.13480492325263715,-0.10081672628917743,-0.20163345257835485
flap,1.1257466245037675,-0.1359206806290278,-0.10076361568167581,-0.20152723136335163
flap,1.122420174759803,-0.13257422032941335,-0.10228943095674925,-0.2045788619134985
flap,1.12352926362028,-0.133689436486099,-0.10119750065155798,-0.20239500130311597
flap,1.1202009082549835,-0.13034487166032543,-0.1043589840947516,-0.2087179681895032
flap,1.121310722971371,-0.13145936538748884,-0.1030543520831201,-0.2061087041662402
flap,1.1179808932320454,-0.12811626820189453,-0.10756133943752146,-0.2151226788750429
flap,1.1190909650085414,-0.129230505931794,-0.10593121227244316,-0.21186242454488632
flap,1.115761045770856,-0.12588749785871994,-0.11137709586471183,-0.22275419172942365
flap,1.1168709201528189,-0.12700193217753836,-0.10946196442692394,-0.21892392885384787
flap,1.1135415056244886,-0.1236584214327481,-0.11547714811875034,-0.2309542962375007
flap,1.114651240928078,-0.1247729942771223,-0.11341662954975931,-0.22683325909951862
flap,1.111321714363183,-0.12142959513441395,-0.1200059512463404,-0.2400119024926808
flap,1.11243166343619,-0.12254395505184484,-0.11758904220096912,-0.23517808440193824
flap,1.1091009568556038,-0.11920173152415764,-0.1250829274391273,-0.2501658548782546
flap,1.1102114788363209,-0.1203155206251849,-0.12246473802116899,-0.24492947604233797
flap,1.1068781085440431,-0.1169759312989094,-0.13061461137350364,-0.2612292227470073
flap,1.1079898334248441,-0.11808853508206535,-0.12726408444675444,-0.2545281688935089
flap,1.1046512367690946,-0.1147541686466962,-0.13649423539734307,-0.27298847079468613
flap,1.1057652429921274,-0.11586447582045395,-0.13309922204747957,-0.26619844409495913
flap,1.1024180919598532,-0.11253872100908424,-0.1421473259908992,-0.2842946519817984
flap,1.103535519758336,-0.1136455837095725,-0.13860905298179302,-0.27721810596358604
flap,1.100176384522469,-0.1103318705910401,-0.1478399974106625,-0.295679994821325
flap,1.1012983802145642,-0.11143414996957346,-0.14455214772881247,-0.28910429545762495
flap,1.0979243789147937,-0.1081354764187325,-0.15372422102432537,-0.30744844204865074
flap,1.0990517174225451,-0.10923231274075935,-0.15024736394982727,-0.30049472789965453
flap,1.095661629742392,-0.10595023376928736,-0.1581538964669316,-0.3163077929338632
flap,1.0967943496880765,-0.1070414500949094,-0.155084539800921,-0.310169079601842
flap,1.093388095057243,-0.10377625475301015,-0.1631039558840074,-0.3262079117680148
flap,1.094526211532114,-0.10486183532198715,-0.16019481390998955,-0.3203896278199791
flap,1.091103743738455,-0.10161357187038085,-0.1676356172039869,-0.3352712344079738
flap,1.092247272459356,-0.10269350026914095,-0.16490326733485322,-0.32980653466970644
flap,1.088808634157918,-0.09946228369581189,-0.17185198594300977,-0.34370397188601953
flap,1.08995753097131,-0.10053649967927203,-0.16916546063559576,-0.3383309212711915
flap,1.0865030173154882,-0.097322339637161,-0.1769497644086395,-0.353899528817279
flap,1.0876571296059772,-0.0983908970151078,-0.1738270277156472,-0.3476540554312944
flap,1.0841872202657794,-0.09519339090391112,-0.1820968173860845,-0.364193634772169
flap,1.0853463808687547,-0.09625650426676127,-0.17901202838993133,-0.35802405677986265
flap,1.0818616945731856,-0.09307510885510178,-0.18779551892852253,-0.37559103785704506
flap,1.0830256581672575,-0.0941329257666921,-0.1844605939117627,-0.3689211878235254
flap,1.0795268395220214,-0.09096711466482515,-0.19382000890118126,-0.3876400178023625
flap,1.08069542169144,-0.09201983848781278,-0.19032112893816658,-0.38064225787633316
flap,1.077183009077931,-0.08886899585941684,-0.2001447960234583,-0.4002895920469166
flap,1.0783560353175186,-0.08991683378869317,-0.1963784232594667,-0.3927568465189334
flap,1.074830576946125,-0.08678052589190283,-0.20634439288809467,-0.41268878577618934
flap,1.0760078562874669,-0.08782355989382046,-0.20298107265139123,-0.40596214530278246
flap,1.0724697856881336,-0.08470159279862946,-0.21147923360816995,-0.4229584672163399
flap,1.0736512200796806,-0.08573987019350583,-0.20862454086714366,-0.4172490817342873
flap,1.0701007790501544,-0.08263206448564978,-0.21673175827313026,-0.43346351654626053
flap,1.0712863053449584,-0.08366565756267784,-0.2136077868394876,-0.4272155736789752
flap,1.067723682964083,-0.08057179678898459,-0.22247609453784564,-0.4449521890756913
flap,1.0689132382565285,-0.08160077756108458,-0.21906918935355976,-0.4381383787071195
flap,1.0653386228929747,-0.07852064608139656,-0.2280708608458305,-0.456141721691661
flap,1.066532144509565,-0.07954508629575524,-0.22490963013907117,-0.44981926027814234
flap,1.062945867207843,-0.07647857846591272,-0.23333177389951243,-0.46666354779902486
flap,1.064143197125734,-0.07749847680478238,-0.23025163035124852,-0.46050326070249703
flap,1.0605455418006715,-0.07444538039759759,-0.23973698591531487,-0.47947397183062973
flap,1.0617466487661555,-0.07546087966351778,-0.236258543197083,-0.472517086394166
flap,1.0581378881083716,-0.07242090428315717,-0.24468100507983898,-0.48936201015967795
flap,1.05934262158141,-0.07343205527081072,-0.24186726442328846,-0.4837345288465769
flap,1.05572311216121,-0.0704049679402625,-0.25027987710427363,-0.5005597542085473
flap,1.0569313849683044,-0.07141187517297407,-0.24678436218214123,-0.49356872436428245
flap,1.0533013879946052,-0.06839736269585327,-0.2566522909595987,-0.5133045819191974
flap,1.0545131131699765,-0.06940013044788855,-0.25301475364204606,-0.5060295072840921
flap,1.0508728950305666,-0.06639788413532371,-0.26222562609016925,-0.5244512521803385
flap,1.0520879819481346,-0.06739661392499796,-0.2592408490692291,-0.5184816981384582
flap,1.0484380123234556,-0.06440621910291444,-0.26795758342629356,-0.5359151668525871
flap,1.0496562384890085,-0.06540108586129734,-0.26445604846403237,-0.5289120969280647
flap,1.045997438449644,-0.06242157898092372,-0.27408192939850173,-0.5481638587970035
flap,1.0472184123103345,-0.06341305014279044,-0.2708566390734918,-0.5417132781469836
flap,1.043551990072372,-0.060442962761192265,-0.27912309643447036,-0.5582461928689407
flap,1.044775297703655,-0.0614315498537229,-0.27645459522784543,-0.5529091904556909
flap,1.0411024949915482,-0.05846934745015289,-0.28485673476871126,-0.5697134695374225
flap,1.04232772250167,-0.05945556196000262,-0.28286317461638993,-0.5657263492327799
flap,1.038649781003822,-0.056499710160573396,-0.2928127690586455,-0.585625538117291
flap,1.0398765144922395,-0.05748406351698901,-0.289813152227579,-0.579626304455158
flap,1.0361946931917476,-0.05453304450628947,-0.302519672251808,-0.605039344503616
flap,1.0374225072370171,-0.05551603715702753,-0.29871537511602575,-0.5974307502320515
flap,1.0337376103517024,-0.05256882815414209,-0.31299386901212706,-0.6259877380242541
flap,1.0349663942299765,-0.05355064150532802,-0.3081951953525838,-0.6163903907051675
flap,1.03127780894819,-0.050608030267496114,-0.31876465351282934,-0.6375293070256587
flap,1.0325080819244397,-0.05158795774153094,-0.3147272504326009,-0.6294545008652018
flap,1.028814063802952,-0.04865222695645155,-0.33318949467324155,-0.6663789893464831
flap,1.030046469574362,-0.049629453339137194,-0.3294703569116647,-0.6589407138233294
flap,1.026345087468113,-0.046703048717160016,-0.3391556274166318,-0.6783112548332636
flap,1.027580269767535,-0.0476767587491253,-0.3359443426378764,-0.6718886852757529
flap,1.0238695923876846,-0.04476212618271518,-0.3504658316082679,-0.7009316632165358
flap,1.025108195008163,-0.04573150452835682,-0.34389608946431865,-0.6877921789286373
flap,1.0213862929692978,-0.04283109181133282,-0.3633576653466013,-0.7267153306932026
flap,1.0226289583747286,-0.04379532194370633,-0.3560941297429987,-0.7121882594859974
flap,1.018894129495123,-0.04091156406877478,-0.37441424251466415,-0.7488284850293283
flap,1.0201413500094305,-0.04186983918635649,-0.3677800952428328,-0.7355601904856656
flap,1.0163923481555566,-0.0390046696791442,-0.3842465220807734,-0.7684930441615468
flap,1.017644462210498,-0.03995650756637036,-0.37882431490991875,-0.7576486298198375
flap,1.013880314644029,-0.03711126143573565,-0.39416387852995677,-0.7883277570599135
flap,1.0151376323000676,-0.03805625430226646,-0.38564628938232287,-0.7712925787646457
flap,1.0113574877579605,-0.03523221591962947,-0.4094576315059396,-0.8189152630118792
flap,1.0126202664633266,-0.03616991530818999,-0.3956627211726787,-0.7913254423453574
flap,1.00882339908111,-0.03336846394649351,-0.42213028139284753,-0.8442605627856951
flap,1.010091865297212,-0.034298398799056926,-0.41329950718105957,-0.8265990143621191
flap,1.0062774800045104,-0.031520862723543194,-0.4271774691142931,-0.8543549382285862
flap,1.007551937316886,-0.03244261858799591,-0.42334786003949165,-0.8466957200789833
flap,1.0037190898845,-0.029690074082505492,-0.44318039254642766,-0.8863607850928553
flap,1.004999864193715,-0.030603347888379803,-0.4348516584613768,-0.8697033169227536
flap,1.0011485166062275,-0.027876594891185158,-0.45017217877326715,-0.9003443575465343
flap,1.0024353073553376,-0.028781156416773798,-0.4459895173716388,-0.8919790347432776
flap,0.9985660490683634,-0.026080401411639628,-0.46359080576294565,-0.9271816115258913
flap,0.9998587638439027,-0.02697634322280711,-0.45156619180185636,-0.9031323836037127
flap,0.9959718416606709,-0.024301289949953266,-0.46777301067672594,-0.9355460213534519
flap,0.9972704083406195,-0.02518871698735502,-0.46343872372340994,-0.9268774474468199
flap,0.9933660370824844,-0.022539052872427807,-0.4771255045678474,-0.9542510091356948
flap,0.9946703845746256,-0.023418068578310795,-0.47329418803432366,-0.9465883760686473
flap,0.9907487760200833,-0.020793485474434423,-0.48159636568790404,-0.9631927313758081
flap,0.9920588342309655,-0.021664191837799232,-0.48029207871915686,-0.9605841574383137
flap,0.9881205849644877,-0.019064716058086392,-0.4915773810074269,-0.9831547620148537
flap,0.9894360262645954,-0.01992699354786668,-0.4904558771206519,-0.9809117542413038
flap,0.9854812363022432,-0.01735287335269041,-0.504746252852058,-1.009492505704116
flap,0.9868023216437036,-0.01820667599302757,-0.5006957248544686,-1.0013914497089371
flap,0.9828307271725585,-0.01565856456768939,-0.5101913152857851,-1.0203826305715702
flap,0.9841573714785288,-0.016503502877578048,-0.508450559257156,-1.016901118514312
flap,0.9801688768236584,-0.013982340502353734,-0.5251191652510178,-1.0502383305020355
flap,0.9815012289542681,-0.01481817710928106,-0.5181963723728238,-1.0363927447456476
flap,0.9774953860419483,-0.012324678282988309,-0.5330147162978556,-1.0660294325957111
flap,0.9788335958528851,-0.01315117422692276,-0.5291285138404782,-1.0582570276809564
flap,0.9748099533887842,-0.010686058288476685,-0.5448441422886718,-1.0896882845773437
flap,0.9761541718872428,-0.01150297297016981,-0.5380149892634433,-1.0760299785268865
flap,0.9721124855774038,-0.009067107902911717,-0.555910807117851,-1.111821614235702
flap,0.9734627246188432,-0.009874103266060565,-0.5380699581605944,-1.0761399163211889
flap,0.9694030601841713,-0.007468632068967739,-0.5666486237489641,-1.1332972474979282
flap,0.9707592640991798,-0.008265284170547359,-0.5523285552828784,-1.1046571105657568
flap,0.9666814459604125,-0.005891292016147404,-0.5715836011477566,-1.1431672022955133
flap,0.9680437874712491,-0.0066773013508345126,-0.5640866699214422,-1.1281733398428844
flap,0.9639472953078013,-0.004335690489888577,-0.595092422978769,-1.190184845957538
flap,0.9653159485725966,-0.0051107550624988314,-0.5849656142938302,-1.1699312285876604
flap,0.9612002592408903,-0.0028024363895962972,-0.6140659558606053,-1.2281319117212106
flap,0.9625753988638935,-0.0035662509322512527,-0.6001559265382416,-1.2003118530764831
flap,0.9584403885676973,-0.0012923680120832328,-0.6348088777065019,-1.2696177554130037
flap,0.9598219224754969,-0.0020444754162100157,-0.6196118536546844,-1.2392237073093688
flap,0.9556674081233603,0.00019360972706334635,-0.654042159382843,-1.308084318765686
flap,0.9570555504503184,-0.0005463396309921274,-0.63531874533222,-1.27063749066444
flap,0.95288119746034,0.0016541201279957679,-0.6740748339387359,-1.3481496678774718
flap,0.9542759571267008,0.000927096313392642,-0.6489766682276332,-1.2979533364552664
flap,0.9500812773611703,0.003087852106098913,-0.6952202042664308,-1.3904404085328617
flap,0.9514829708718242,0.002374372058900752,-0.6675429487029514,-1.3350858974059028
flap,0.9472670104475858,0.004493560680512413,-0.7169451857309219,-1.4338903714618438
flap,0.9486759572197633,0.0037942483132998514,-0.6961190599704401,-1.3922381199408802
flap,0.9444378552751285,0.0058699391669785154,-0.73591357351838,-1.47182714703676
flap,0.9458543097993741,0.005185457631738657,-0.7158357695123162,-1.4316715390246324
flap,0.9415941019220271,0.007215076038804983,-0.7570545673442041,-1.5141091346884081
flap,0.9430177859826796,0.006546478636000588,-0.7238388589135111,-1.4476777178270221
flap,0.9387350550055928,0.00852695765753185,-0.7740731357316926,-1.5481462714633851
flap,0.9401665249296647,0.00787523571264879,-0.7485958584282671,-1.4971917168565343
flap,0.9358599385640092,0.009803346071173738,-0.7883902207365815,-1.576780441473163
flap,0.9372995262170412,0.00916966111037341,-0.7677450286515919,-1.5354900573031838
flap,0.9329682949008593,0.011041712294836584,-0.8185081747885368,-1.6370163495770735
flap,0.9344161947919485,0.01042736313266153,-0.7912525115162101,-1.5825050230324202
flap,0.930059569763929,0.01223945919391038,-0.851061761759128,-1.702123523518256
flap,0.93151608655818,0.011645744315255405,-0.8176633804453847,-1.6353267608907693
flap,0.9271333957337075,0.013393809325958576,-0.8699249997861394,-1.7398499995722787
flap,0.9285986728224382,0.01282214753081129,-0.8418832001472248,-1.6837664002944497
flap,0.9241892769529332,0.01450188523168986,-0.9003909653603949,-1.8007819307207897
flap,0.9256635971105454,0.013953721892915636,-0.8732836582933494,-1.7465673165866988
flap,0.9212270386808745,0.015560447540948315,-0.9392097124079848,-1.8784194248159696
flap,0.9227104241430433,0.0150374604477006,-0.8876930180049295,-1.775386036009859
flap,0.9182462884903817,0.016565716153990884,-0.9725945801758095,-1.945189160351619
flap,0.9197389934633201,0.016069866109711915,-0.9391326579958853,-1.8782653159917706
flap,0.9152466775205148,0.017513253294760115,-1.0113700824897738,-2.0227401649795476
flap,0.91674884984278,0.01704684521567361,-0.9702355238615161,-1.9404710477230322
flap,0.9122276869805646,0.01839709346091009,-1.0486400197012167,-2.0972800394024333
flap,0.9137396232331095,0.01796333604317229,-0.9863192713617877,-1.9726385427235753
flap,0.90918880504678,0.019209753340255376,-1.0960827388796528,-2.1921654777593056
flap,0.9107107475851214,0.018812565893271092,-1.024356675936406,-2.048713351872812
flap,0.906129276989138,0.01994092609679325,-1.1671515273214248,-2.3343030546428496
flap,0.9076616481814521,0.019585873408096085,-1.0695134029389906,-2.139026805877981
flap,0.903048894093871,0.0205773185019906,-1.2206863208610794,-2.441372641722159
flap,0.9045916922932707,0.020271407794759454,-1.108868609360703,-2.217737218721406
flap,0.8999474099783331,0.021101534473615347,-1.2586182865366462,-2.5172365730732924
flap,0.9015007999888918,0.020854027394942305,-1.1611461043442675,-2.322292208688535
flap,0.8968263470313715,0.021490870852441217,-1.3065880190390042,-2.6131760380780085
flap,0.8983892589925001,0.021313815626113855,-1.1855867070435875,-2.371173414087175
flap,0.8936896622631372,0.021716294770054302,-1.3445023989923532,-2.6890047979847065
flap,0.8952598147882433,0.021625030567088446,-1.1898697780143441,-2.3797395560286883
flap,0.8905454212161845,0.021740018323446055,-1.410511950891287,-2.821023901782574
flap,0.8921181977391248,0.021754624022173083,-1.181541184337385,-2.36308236867477
flap,0.8874104883846065,0.021512189762171785,-1.4281917736876408,-2.8563835473752817
flap,0.8889761847646784,0.02165920690344562,-1.1311245973124402,-2.2622491946248804
flap,0.8843162696482018,0.02096708397654726,-1.3539079549104045,-2.707815909820809
flap,0.8858571833457809,0.021281482119872325,-1.0655833494478508,-2.1311666988957016
flap,0.8813231498186213,0.020024069887389754,-1.1935262385680987,-2.3870524771361974
flap,0.8828049251391482,0.02054794656571962,-0.889727960350372,-1.779455920700744
flap,0.8785291613424269,0.018605275606121175,-0.6824612655444534,-1.3649225310889068
flap,0.8798978952197143,0.019376512900856957,-0.7608016995543073,-1.5216033991086146
flap,0.8760600986285054,0.01668110495543288,-0.2801250405216077,-0.5602500810432154
flap,0.8772498958120235,0.017706806290979444,-0.4698794021805087,-0.9397588043610174
flap,0.8740324193462692,0.014297706971342965,0.16258445791686332,0.32516891583372665
flap,0.8749876064732538,0.015544738515553679,0.040075533400773106,0.08015106680154621
flap,0.8725422778628866,0.011570413960022376,0.37779240079334814,0.7555848015866963
flap,0.8732173098094803,0.012972932119499136,-0.12571504345732665,-0.2514300869146533
flap,0.8716552791338192,0.00860015224360726,0.49923756408030484,0.9984751281606097
flap,0.8720216009709998,0.010112820668058159,0.7385072044451335,1.477014408890267
flap,0.8714214252946464,0.0055100573293333,0.6589235088122403,1.3178470176244805
flap,0.871455220575035,0.007065897797365515,0.5722670864833452,1.1445341729666905
flap,0.8718265611707522,0.002435022828568016,0.7073467998468762,1.4146935996937524
flap,0.8715452054932191,0.003966432339734079,0.6962730402245796,1.3925460804491592
flap,0.8727608470799264,-0.0005282527180244514,0.7295236178960862,1.4590472357921724
flap,0.8722317750329889,0.0009367944759797522,0.7286531981866472,1.4573063963732944
flap,0.8740949776772471,-0.0033393384650440196,0.7371161553849915,1.474232310769983
flap,0.8733819146280117,-0.001953630365029986,0.7338387602795162,1.4676775205590324
flap,0.8757347100371077,-0.005987064078564253,0.7178494680437925,1.435698936087585
flap,0.8748792428136124,-0.0046838163695553,0.7267087699191394,1.4534175398382787
flap,0.8776063347876311,-0.00847782924472882,0.699688667929954,1.399377335859908
flap,0.8766437406951139,-0.007251735036955216,0.7039132669398764,1.4078265338797529
flap,0.8796628835370306,-0.01081860583770551,0.6649166851132249,1.3298333702264498
flap,0.8786127157349364,-0.009666786178311921,0.6730780093724887,1.3461560187449775
flap,0.8818950901087741,-0.01299178255628519,0.6336316037549884,1.2672632075099768
flap,0.8807570083283098,-0.0119269379636966,0.6358627856505887,1.2717255713011775
flap,0.8843039835426212,-0.0149659260858268,0.600780769333379,1.201561538666758
flap,0.8830774151802112,-0.01400477859699523,0.5975737473965796,1.1951474947931593
flap,0.8868780602203814,-0.016719367740657923,0.569493037766357,1.138986075532714
flap,0.8855708652226778,-0.01587078913371422,0.5637581159830674,1.1275162319661347
flap,0.8895819417330897,-0.018268833325318465,0.5483465843291226,1.0966931686582453
flap,0.8882150857238575,-0.017518715804528955,0.5367369954298752,1.0734739908597504
flap,0.8923754277594821,-0.01965027968562163,0.5360811848656117,1.0721623697312235
flap,0.8909687224116256,-0.018979354619012956,0.5251536393183035,1.050307278636607
flap,0.8952286677195811,-0.02090546368064248,0.52924789366145,1.0584957873229
flap,0.8937954095288068,-0.020292316039500734,0.5200620755037317,1.0401241510074635
flap,0.8981206532549377,-0.02206953610201067,0.5259026606287274,1.0518053212574547
flap,0.8966704156282852,-0.02149787036814314,0.5184601008457774,1.0369202016915549
flap,0.9010374788539391,-0.02316874483783491,0.5240509623167554,1.0481019246335108
flap,0.8995763409968222,-0.022626494258574534,0.5189226799537251,1.0378453599074502
flap,0.9039690817031356,-0.024228012237931862,0.5247298387696608,1.0494596775393217
flap,0.9025017257560437,-0.02370258416428738,0.5214421024593775,1.042884204918755
flap,0.9069060760280193,-0.025272634305878908,0.5258048365879626,1.0516096731759252
flap,0.9054371984604609,-0.024751362285129058,0.5244447692932482,1.0488895385864965
flap,0.9098407970513264,-0.02632314876330718,0.5261121430286421,1.0522242860572841
flap,0.9083739422249746,-0.025796563131938306,0.5272538239349263,1.0545076478698525
flap,0.912771244190298,-0.02738541998584698,0.5251868930548971,1.0503737861097941
flap,0.9113065643731006,-0.026852767714609996,0.526906115927487,1.053812231854974
flap,0.9156976853721438,-0.028458638382449965,0.523180344409867,1.046360688819734
flap,0.914234951189973,-0.027920710208458092,0.5250531581870427,1.0501063163740854
flap,0.9186206590129276,-0.02954125666292082,0.5210619475825409,1.0421238951650817
flap,0.9171595879798013,-0.028998820533939776,0.5228476866278288,1.0456953732556575
flap,0.9215407309325914,-0.03063174598086576,0.518646439419967,1.037292878839934
flap,0.9200810399971908,-0.030085565145229483,0.520444548885304,1.040889097770608
flap,0.9244582810984153,-0.03172898955974026,0.5157688229939286,1.0315376459878571
flap,0.9229998112996672,-0.031179554119036418,0.5178361215082193,1.0356722430164387
flap,0.9273732849789811,-0.032832923593778277,0.5138158739279334,1.0276317478558668
flap,0.9259161056581855,-0.03228011271798715,0.5153305072551285,1.030661014510257
flap,0.9302855881156562,-0.03394392182110746,0.5116071061980955,1.023214212396191
flap,0.9288297791314715,-0.03338752662815177,0.5131162041177271,1.0262324082354541
flap,0.9331950309183329,-0.035062401673141216,0.5091068745014733,1.0182137490029466
flap,0.9317406720446098,-0.034502213502770565,0.511669814436074,1.023339628872148
flap,0.9361014539905803,-0.036188780074710505,0.506961379705214,1.013922759410428
flap,0.934648624900323,-0.03562459053045453,0.5087973306711105,1.017594661342221
flap,0.9390046458730146,-0.0373234183938705,0.5045414452804343,1.0090828905608686
flap,0.9375534609814844,-0.036755056029185176,0.5068127096574861,1.0136254193149723
flap,0.9419045456208396,-0.038466499698427664,0.5027719684866993,1.0055439369733985
flap,0.940455007419466,-0.03789389961695117,0.5045016665672932,1.0090033331345865
flap,0.9448010786455201,-0.03961803599015549,0.5008268137068135,1.001653627413627
flap,0.9433532360295178,-0.03904121182282658,0.5024206282678734,1.0048412565357467
flap,0.9476942163089775,-0.04077802715759715,0.49879033154924335,0.9975806630984867
flap,0.9462480720720128,-0.04019697443508151,0.5011820309325784,1.0023640618651568
flap,0.9505839541621204,-0.04194648303472116,0.4978048788786399,0.9956097577572798
flap,0.9491395103390136,-0.041361196690810446,0.49901272433619315,0.9980254486723863
flap,0.9534702887054773,-0.043123414482876266,0.49484727850475646,0.9896945570095129
flap,0.9520275469509418,-0.042533888965409855,0.49654024587695056,0.9930804917539011
flap,0.9563531534493637,-0.044308847205213275,0.49314277445123794,0.9862855489024759
flap,0.9549121575382784,-0.04371506722947482,0.49455793751030314,0.9891158750206063
flap,0.9592324199200615,-0.0455029093917681,0.4912178398869631,0.9824356797739262
flap,0.9577932409099579,-0.044904794592644307,0.49285739269486506,0.9857147853897301
flap,0.9621079865425518,-0.046705798800441484,0.49029646052127657,0.9805929210425531
flap,0.9606706684642599,-0.046103244127700616,0.49171853624359835,0.9834370724871967
flap,0.9649797651668142,-0.047917725742509173,0.4875900694143185,0.975180138828637
flap,0.9635443521100697,-0.047310626005377596,0.49013813688881924,0.9802762737776385
flap,0.967847667519792,-0.049138900822798544,0.4856359767354801,0.9712719534709602
flap,0.9664142036367217,-0.04852715068164956,0.48775068060733057,0.9755013612146611
flap,0.9707115197035434,-0.050369497978377795,0.4845396925223207,0.9690793850446414
flap,0.9692801062087322,-0.049753016588374485,0.48616077149238324,0.9723215429847665
flap,0.9735712694620631,-0.05160975206717584,0.4831534035612308,0.9663068071224616
flap,0.9721419074546537,-0.05098840980464492,0.4849763282543565,0.969952656508713
flap,0.976426693349812,-0.052859849954358135,0.48153937645726536,0.9630787529145307
flap,0.9749995314271158,-0.05223356545041359,0.4832275134865771,0.9664550269731542
flap,0.9792776340736629,-0.054120018762060663,0.47953268213685457,0.9590653642737091
flap,0.9778527275653279,-0.05348866772490731,0.48171965542169787,0.9634393108433957
flap,0.9821239807957118,-0.05539050747511594,0.47913870534575365,0.9582774106915073
flap,0.9807013851504633,-0.05475396534546616,0.4805394834462168,0.9610789668924336
flap,0.9849656224284786,-0.05667156563890878,0.4767669118395999,0.9535338236791998
flap,0.9835453932217109,-0.056029707572927454,0.4793901452256954,0.9587802904513908
flap,0.9878024476197832,-0.05796344339363711,0.47592377198694735,0.9518475439738947
flap,0.9863846405611696,-0.057316144245812085,0.4775775370585533,0.9551550741171067
flap,0.9906341794325333,-0.059266299840661577,0.4742060568712158,0.9484121137424316
flap,0.9892189605769044,-0.058613495258586945,0.4765777651601169,0.9531555303202338
flap,0.9934607035531143,-0.06058030031150878,0.4722214217936441,0.9444428435872882
flap,0.9920480937579362,-0.0599219015249687,0.47435832053599936,0.9487166410719987
flap,0.9962819602519325,-0.061905598603757286,0.4704591218597874,0.9409182437195748
flap,0.9948719923844465,-0.06124153267110498,0.4730218990597941,0.9460437981195882
flap,0.9990978370438663,-0.06324231898857231,0.46846465771635687,0.9369293154327137
flap,0.9976905751384069,-0.0625725273762469,0.4711091763991793,0.9422183527983586
flap,1.0019081867669004,-0.06459056913492736,0.4678182352030927,0.9356364704061854
flap,1.0005037075867143,-0.0639149995748071,0.4698923474067621,0.9397846948135242
flap,1.0047129186106796,-0.06595048366358607,0.4654408703788956,0.9308817407577912
flap,1.0033112571082046,-0.06526906383117854,0.46783285722180273,0.9356657144436055
flap,1.0075120154875785,-0.06732222050362555,0.4646801385926253,0.9293602771852506
flap,1.0061131714038045,-0.06663486922106858,0.46675447601401493,0.9335089520280299
flap,1.0103052818966667,-0.06870574006891285,0.46187767054526463,0.9237553410905293
flap,1.0089093856518652,-0.06801251078623996,0.4652723753414268,0.9305447506828536
flap,1.0130926346443712,-0.07010097206626115,0.46060882643972695,0.9212176528794539
flap,1.0116996982275486,-0.06940189382894318,0.4628229743572255,0.925645948714451
flap,1.015874081646879,-0.07150787448331694,0.4596600910147873,0.9193201820295746
flap,1.014484095784102,-0.07080296561769617,0.461784497840296,0.923568995680592
flap,1.0186496411397816,-0.07292641128500926,0.45788957531577645,0.9157791506315529
flap,1.0172625967654385,-0.07221568970575445,0.4604585246643265,0.920917049328653
flap,1.0214193309441262,-0.07435654725474737,0.45564503039453436,0.9112900607890687
flap,1.020035219199344,-0.0736400304680069,0.4593908130319265,0.918781626063853
flap,1.024183033650894,-0.07579819172821453,0.4545124998917316,0.9090249997834632
flap,1.0228019357613096,-0.07507593434148324,0.45653004567466593,0.9130600913493319
flap,1.0269406731349746,-0.07725148080778267,0.4514952962392381,0.9029905924784762
