element,face,x_over_c,y_over_c,normal_distance_over_c,y_plus_first_cell_estimate
slat,26338,-0.02061891222338858,-0.023616104451021358,1.0000005856895116e-06,0.455371229716837
slat,28131,-0.01892889361745959,-0.022237768825097093,1.0000006029939754e-06,0.4563800905056371
slat,26475,-0.017233446377275537,-0.020866120577266355,1.000000602167671e-06,0.45838646434832553
slat,26544,-0.01553261464396676,-0.019501154100832214,1.0000005579544875e-06,0.45940030680993676
slat,26590,-0.01382682646543059,-0.018142386323693208,1.00000046206659e-06,0.45917608333906124
slat,26636,-0.01211696255096971,-0.016788749113195185,1.000000309314355e-06,0.45906154518249886
slat,26682,-0.010404383580364811,-0.015438547513886909,1.0000001816188769e-06,0.45929489092338466
slat,26728,-0.008690206053034047,-0.01409037553412637,1.0000001397821222e-06,0.46035183279673825
slat,26774,-0.006974796900159636,-0.01274377174774782,1.0000001135303574e-06,0.4613781503604983
slat,26820,-0.005258389374144882,-0.01139844052448336,1.0000000627607884e-06,0.46235246149155085
slat,28269,-0.003541430002110029,-0.010053813663665858,1.0000000439453423e-06,0.46393947554220283
slat,28154,-0.001824084149413185,-0.008709680492295056,1.0000000181205438e-06,0.46528431632443756
slat,28085,-0.00010657803887382584,-0.007365752065390083,9.999998964324347e-07,0.4662212079959257
slat,27602,0.001610028769986126,-0.006020675876208866,9.99999951372523e-07,0.46882086317643196
slat,27763,0.0033261952637464393,-0.004675037452191019,1.000000177388466e-06,0.4717556810548475
slat,27901,0.005043932937091345,-0.0033314063488607574,1.000000211300059e-06,0.47263715357974345
slat,28039,0.006763518012569211,-0.0019901393967851283,1.0000001467634002e-06,0.47367111949770796
slat,26935,0.008484389701987198,-0.0006505236470196973,1.00000013342688e-06,0.4755477916911583
slat,27096,0.010206429534844682,0.0006875902538590246,1.0000001584514837e-06,0.4776356385143029
slat,27234,0.01192985894289152,0.002023913475234536,1.0000001808246592e-06,0.480361545336323
slat,27372,0.01365486537024617,0.0033581977939771577,1.0000011936605169e-06,0.48866193385589934
slat,27510,0.015391596352267754,0.004677004622340646,1.0000035474803482e-06,0.4956862692478677
slat,26407,0.01716527507158655,0.005944745306537802,1.0000041760528289e-06,0.540133838338673
slat,37045,0.01811355423202135,0.006468185234063386,1.000002563144454e-06,0.1925666453050824
slat,36999,0.01821022581441218,0.006283625838862725,1.000001450092192e-06,0.12307268273201502
slat,36953,0.01830677333168555,0.006098892638105822,1.0000005276981759e-06,0.3875247358113113
slat,36907,0.018403263919298057,0.005914123246912161,9.999999906887415e-07,0.44165386903319626
slat,36861,0.01849975435558089,0.005729352280015363,9.999993626010683e-07,0.4659147993502543
slat,36815,0.018596318062672486,0.005544624522291647,9.999999696399045e-07,0.4301637558717304
slat,36769,0.01869287793246812,0.0053599099322792195,9.999993412008986e-07,0.46883013581285016
slat,36701,0.0187894798362843,0.005175302245708925,1.0000003023830901e-06,1.177724480509986
slat,36656,0.018329386991484876,0.004571662825579454,1.0000028371657273e-06,0.9903701953903175
slat,36610,0.017298085682818223,0.0035638588324807445,1.0000064777986435e-06,0.5524777145686613
slat,36564,0.01623926055289436,0.0025849399068391668,1.0000037565523392e-06,0.5032224789735119
slat,36518,0.015166289098421895,0.001621328717413148,9.99999962872118e-07,0.46683795026481056
slat,36472,0.01409345073581135,0.0006575590163720891,9.999991112737153e-07,0.44794260228480776
slat,36426,0.013024281683373294,-0.0003102765374760727,9.999990620437227e-07,0.4251695710398714
slat,36380,0.01195908215377151,-0.0012824823675872147,9.999992194592814e-07,0.4167071167238743
slat,36334,0.010897171285183025,-0.0022582786959754932,9.99999037224718e-07,0.4028463905226163
slat,36288,0.009839299874077306,-0.003238449695926679,9.99999038015427e-07,0.3870515233508963
slat,36242,0.008785548288314139,-0.0042230516819423474,9.999990470076974e-07,0.3838368516941595
slat,36196,0.00773583982344425,-0.005211958181360182,9.999989202840975e-07,0.3756137521149742
slat,31299,0.006690762365255251,-0.006205756112765389,9.99999022957874e-07,0.3682912728500858
slat,31253,0.005649915623923781,-0.007203986138309108,9.99998991182931e-07,0.36359943990796967
slat,31207,0.00461340905404853,-0.008206721135883777,9.999988509782346e-07,0.35797755125391134
slat,31161,0.0035818924372343786,-0.009214590327041142,9.999988521404758e-07,0.3626541672283294
slat,31115,0.002555399611108067,-0.01022757543318149,9.999988958933945e-07,0.35916292580559667
slat,31069,0.0015337619816099875,-0.01124545734351758,9.99998832596839e-07,0.34334830547937745
slat,31023,0.000517258314571265,-0.012268465022490864,9.999987075469294e-07,0.3410482652204392
slat,30977,-0.0004935218703648176,-0.013297124763746466,9.999988069462822e-07,0.3460441125828603
slat,30931,-0.0014989413034058041,-0.014331022999756145,9.99998691506877e-07,0.3403438795668058
slat,30862,-0.0024985537432552557,-0.015370525922645845,9.999988141097944e-07,0.3328360712665722
slat,35230,-0.003492738708121913,-0.01641523320567543,9.999985581067584e-07,0.3294044627472609
slat,35184,-0.004480546648958514,-0.017465958799223715,9.999987740191903e-07,0.33355751444512327
slat,35138,-0.00546258257996768,-0.01852209306713258,9.999986015070206e-07,0.3361623455213711
slat,35092,-0.0064384345310831105,-0.019583932761217986,9.999985038271488e-07,0.3300164662589251
slat,35046,-0.007407204830345716,-0.02065224687079412,9.999987493152358e-07,0.32524584532202283
slat,35000,-0.008370248924297649,-0.021725720684515296,9.999983258461566e-07,0.3259541839431035
slat,34954,-0.009325561971977897,-0.022806079188283774,9.999986618643254e-07,0.31922344509670897
slat,34908,-0.01027445827848104,-0.023892087700620793,9.99998394768302e-07,0.32296209513569013
slat,34862,-0.01121602249380134,-0.024984445765711544,9.999983417068062e-07,0.3366988582065388
slat,34816,-0.012149525452641086,-0.026083705042833763,9.999986957970235e-07,0.35260101341244127
slat,34770,-0.013076842417316124,-0.02718818495339921,9.999981259265713e-07,0.3617546032696786
slat,34724,-0.013995359911439045,-0.028299986239850826,9.99998540948135e-07,0.34327963482963264
slat,34678,-0.014906575564658926,-0.029417797853991248,9.99998221856179e-07,0.33396609003081823
slat,34632,-0.015809538540717694,-0.030542264843371966,9.99998188566268e-07,0.32511701611704574
slat,34586,-0.01670332912204915,-0.031674053546593445,9.999984807746486e-07,0.31329634357989655
slat,34540,-0.017589791229750885,-0.032811581789868816,9.999980130857763e-07,0.30213521665951076
slat,34494,-0.01846649547698111,-0.03395663773327737,9.999984384882825e-07,0.29291947292651943
slat,34448,-0.019335255177408705,-0.03510774416263014,9.999979949888719e-07,0.30155655926642455
slat,34402,-0.02019438146019356,-0.036266046005383815,9.999981459375506e-07,0.30487036351326996
slat,34356,-0.021043806265381118,-0.037431493925836,9.9999832977057e-07,0.30822431889138674
slat,34310,-0.02188499187914496,-0.03860288912744693,9.999977900347366e-07,0.3122291199205939
slat,34264,-0.022714976889396624,-0.03978225200347944,9.999984390664067e-07,0.2923920645907295
slat,34218,-0.02353671916600052,-0.040967388570042645,9.999977358464609e-07,0.2876262271524478
slat,34172,-0.024347436227946058,-0.04216006110713151,9.999978617262985e-07,0.2893872802274873
slat,34126,-0.025146487159173104,-0.04336059811001387,9.999982896180852e-07,0.2880541744928758
slat,34080,-0.025936834690432214,-0.04456686922102105,9.999981028557373e-07,0.29772461192052824
slat,34034,-0.026717151130942925,-0.045779674980585806,9.999978110066966e-07,0.3046891203511226
slat,33988,-0.027486190539696233,-0.04699964330327895,9.99997669321302e-07,0.30117849760325266
slat,33942,-0.028242751895398863,-0.04822740110276498,9.999978393732659e-07,0.29009164264937476
slat,33896,-0.02898782531682849,-0.04946216364165738,9.999976390560441e-07,0.2756111045507418
slat,33850,-0.02972033939479234,-0.05070441286109636,9.999976266988848e-07,0.26862050660503656
slat,33804,-0.030439994500053115,-0.05195415743604752,9.9999743172525e-07,0.26983739958061764
slat,33758,-0.03114588735904368,-0.05321170993574363,9.999975192884335e-07,0.2632791137096995
slat,33712,-0.031838060838877164,-0.054476872595237216,9.999975390795066e-07,0.25544722345577636
slat,33666,-0.03251685530849919,-0.05574925426549189,9.999973734464845e-07,0.25437738770609525
slat,33620,-0.03318114220440533,-0.05702927085310319,9.99997230997963e-07,0.26198731468678826
slat,33574,-0.03383014940618553,-0.05831710127347442,9.999972501936573e-07,0.27811974167792636
slat,33528,-0.03446370510959251,-0.059612608743062026,9.999970942507285e-07,0.27388669887709327
slat,33482,-0.03508110390347394,-0.06091588799420978,9.999970267946518e-07,0.2491438638943105
slat,33436,-0.03568160255709606,-0.062227050586160695,9.999969626552735e-07,0.24246942643101527
slat,33390,-0.036264937439600894,-0.06354593307427359,9.99996823366954e-07,0.24841386101682686
slat,33344,-0.03683010993984817,-0.0648726995895583,9.99996732264027e-07,0.2377525817681825
slat,33298,-0.037376530713633296,-0.06620729149077054,9.999967091690203e-07,0.21700431825291083
slat,33252,-0.03790386937989651,-0.06754952605007433,9.9999671859148e-07,0.22144049126805196
slat,33206,-0.03841211197635424,-0.06889909546598372,9.999965598063496e-07,0.23892786302906158
slat,33160,-0.03890033674903992,-0.07025602580375512,9.99996529641682e-07,0.25197331374019477
slat,33114,-0.03936807435168516,-0.07162015320646464,9.999966977489454e-07,0.2623832107356225
slat,33068,-0.03981618934280074,-0.0729908581628,9.999961335328223e-07,0.2551353374503643
slat,33022,-0.040241902621612,-0.07436866505363261,9.99995702494468e-07,0.20139886657904438
slat,32976,-0.04064191551348739,-0.07575415135780544,9.999954271223766e-07,0.1620713602165315
slat,28200,-0.04101475227408012,-0.07714717997508128,9.999949748100385e-07,0.15440804573332034
slat,32838,-0.041357532701058936,-0.07854788869546081,9.999945293976808e-07,0.15964745818455622
slat,32792,-0.04166742358321533,-0.07995620818425159,9.999941448221002e-07,0.16000658355632694
slat,32746,-0.04194184059518773,-0.08137183018444405,9.999939848735872e-07,0.14703268115605658
slat,32700,-0.042179391370837836,-0.0827940860288242,9.999931074501887e-07,0.14165300445170312
slat,32654,-0.042375718129458506,-0.08422256370435925,9.99992374894773e-07,0.13997456382797496
slat,32608,-0.042525313632689465,-0.08565665950055384,9.999923398951946e-07,0.1378755600529031
slat,32562,-0.04262716832817545,-0.08709490871521558,9.9999203466239e-07,0.12334982233198549
slat,32516,-0.042680032784608815,-0.08853574964711475,9.99991414023951e-07,0.10275774710447932
slat,32470,-0.04268020272946518,-0.08997752940141449,9.999903382947506e-07,0.08430111729767026
slat,32424,-0.04262184891998808,-0.09141803430090908,9.999906198647257e-07,0.03216767815572794
slat,32378,-0.042503948203338415,-0.09285490433159395,9.999906147901869e-07,0.014058671691732538
slat,32332,-0.04232832455716411,-0.09428581764743545,9.99990062870839e-07,0.07702181282401917
slat,32286,-0.04209231220834092,-0.09570796933726561,9.999880841323116e-07,0.08709263200119202
slat,32240,-0.04178725366598916,-0.09711674845590228,9.999858265254126e-07,0.08053121634999133
slat,32194,-0.04140055691892567,-0.09850510275372815,9.999830981198597e-07,0.0868152842186295
slat,32148,-0.04091961683064793,-0.09986324784989552,9.999798875552288e-07,0.0926333290764479
slat,32102,-0.04033049072918694,-0.10117750026651805,9.999760554578057e-07,0.05447076169726648
slat,32056,-0.039619234163321804,-0.10242909039785089,9.999750532398283e-07,0.11463334763099155
slat,32010,-0.03878063076538052,-0.1035988531160153,9.999758957609112e-07,0.14112240527408715
slat,31964,-0.037823133535466985,-0.1046736515378979,9.999757227627055e-07,0.15905963120026786
slat,31918,-0.036758746325596,-0.1056428064018647,9.999767074531904e-07,0.1782242285577497
slat,31872,-0.03560045685781318,-0.1064978341109607,9.999767484902117e-07,0.19861222598536624
slat,31826,-0.03436217533149783,-0.1072323133746675,9.999759516815645e-07,0.22044795000735892
slat,31780,-0.03305566175270751,-0.10783688725536861,9.999763188874932e-07,0.24048244486230103
slat,31734,-0.03169392847708449,-0.10830403657517695,9.99975428787169e-07,0.26142533607027785
slat,31688,-0.03029122180761537,-0.1086272337165493,9.999740432841558e-07,0.2815188651592833
slat,31642,-0.02886203554122507,-0.10879642092507995,9.999720106809104e-07,0.2970214587906934
slat,31574,-0.027425412588866806,-0.10879979939339834,9.999950779270913e-07,0.28296507528903747
slat,31529,-0.027726324241474934,-0.10914760331447146,1.0000023593638275e-06,0.3895692230015002
slat,31483,-0.02978617093631642,-0.1098589476141156,1.0000095195392945e-06,0.44871001385938114
slat,31437,-0.03188025546546411,-0.1104661365967254,1.000004611893676e-06,0.4406418113403601
slat,31391,-0.033989922756623665,-0.11101822341731205,1.0000019320811711e-06,0.42048640236517915
slat,31345,-0.0361059751606652,-0.11154569338207705,1.0000003324430021e-06,0.3919679332907819
slat,28798,-0.03822311940102001,-0.11206882076104145,9.999998499038178e-07,0.3648388181404947
slat,28752,-0.0403397368899807,-0.11259408326837644,1.0000002723507494e-06,0.349293094764675
slat,28706,-0.04245730174473204,-0.11311548852975001,1.0000007655535613e-06,0.3440610831786619
slat,28660,-0.044577512630731064,-0.11362598897418044,1.0000013319657982e-06,0.3447871887456882
slat,28591,-0.04670221828830684,-0.1141173380763916,1.00000209343001e-06,0.3499766473333732
slat,30839,-0.048833749212566,-0.11457790408480906,1.0000028016439435e-06,0.3637779797041979
slat,30793,-0.050973465161231885,-0.11499877868063305,1.0000031282479565e-06,0.37816217979652084
slat,30747,-0.053121534442945685,-0.115374600246586,1.0000036764348989e-06,0.396708087748552
slat,30701,-0.05527829953393036,-0.1156964974803632,1.0000044063506277e-06,0.420467689955348
slat,30655,-0.05744367354988408,-0.1159532739395378,1.0000051805801868e-06,0.4457416025108947
slat,30609,-0.05961665853634095,-0.11613310200825724,1.000005998359625e-06,0.4742701488556673
slat,30563,-0.06179511291652283,-0.11622253814648681,1.0000069819585137e-06,0.5068841784550258
slat,30517,-0.06397515158265477,-0.1162056651968541,1.0000080878171972e-06,0.5397924175188841
slat,30471,-0.0661503533085157,-0.11606342711420531,1.0000094958841313e-06,0.5697898331256521
slat,30425,-0.06831105426744682,-0.11577758468495836,1.0000105832017723e-06,0.593445515736111
slat,30379,-0.0704444945148808,-0.1153340141717453,1.0000115171196888e-06,0.6123309103722586
slat,30333,-0.07253413730978833,-0.11471824553140181,1.0000129593261954e-06,0.619859165248871
slat,30287,-0.07456019339623968,-0.1139190383621029,1.0000139792268479e-06,0.6071557781044032
slat,30241,-0.07650297589622493,-0.1129347278319644,1.0000147125386526e-06,0.5721220324217526
slat,30195,-0.07835000419427711,-0.1117795069866053,1.0000113304409704e-06,0.5299420177619634
slat,30149,-0.08006765500306878,-0.11044232724555555,1.0000202175514264e-06,0.4559579462752701
slat,30103,-0.08164775647040139,-0.10894274745548466,1.0000061947296278e-06,0.5434828750496966
slat,30035,-0.08304004093620318,-0.10727511109733584,1.0000269772998629e-06,1.0325075684820728
slat,29968,-0.0840959733597142,-0.10538608794250864,1.000000000006339e-06,1.8476606836617258
slat,29901,-0.08464754109400442,-0.1033047843928047,9.99999999997564e-07,1.242060269809197
slat,29856,-0.08468340588309708,-0.10113847197871215,1.0000008352338481e-06,2.2657579453221293
slat,29810,-0.0843818756449773,-0.09898287478996559,1.0000179519697705e-06,0.13124665271763364
slat,29764,-0.08392627196438956,-0.09685076170356371,1.0000054332878458e-06,0.21702941082081711
slat,29718,-0.0833705143585004,-0.0947431165138925,1.000008916568711e-06,0.3016431600343201
slat,29672,-0.08271810790522773,-0.09266247736532884,1.0000050963854578e-06,0.3159015915912786
slat,29626,-0.0819809606641053,-0.09061097335597014,1.0000079694117842e-06,0.3366111480589574
slat,29580,-0.08114246003222542,-0.08859851211887192,1.0000068719395889e-06,0.33788065535368195
slat,29534,-0.08022169127301369,-0.08662194610744786,1.0000055140281461e-06,0.3480913122536572
slat,29488,-0.07922827353982692,-0.08468094271698329,1.000005824890445e-06,0.3563953058792608
slat,29442,-0.07816334289015989,-0.08277816453419026,1.00000538132349e-06,0.3570577717328827
slat,29396,-0.07703297634380436,-0.08091350412222034,1.0000049424883495e-06,0.358738007781851
slat,29350,-0.0758455088725376,-0.07908451850363953,1.0000040560990665e-06,0.3610742141942009
slat,29304,-0.07461156947008381,-0.07728645151855164,1.0000034116037714e-06,0.36289251686978863
slat,29258,-0.07333870191489547,-0.07551573438263323,1.0000029847101672e-06,0.3648102994329135
slat,29212,-0.07203211276922464,-0.07376973481241378,1.0000026538590563e-06,0.3689333362115766
slat,29166,-0.07069577742206598,-0.0720463427984605,1.0000024048779018e-06,0.3718896766824317
slat,29120,-0.06933279039986964,-0.07034396384762451,1.0000021947505752e-06,0.37510589401694205
slat,29074,-0.0679457291949355,-0.06866112948384395,1.0000020136292046e-06,0.37711901239163936
slat,29028,-0.0665367818497879,-0.06699655837915014,1.0000018637636928e-06,0.3792804504257788
slat,28982,-0.06510779112460702,-0.06534918516458264,1.0000017145817764e-06,0.3821476070285622
slat,28936,-0.06366055950750041,-0.06371780995741973,1.0000015571500335e-06,0.3850415530111294
slat,28890,-0.06219689824953992,-0.062101149683177585,1.0000014465624e-06,0.3889238717684684
slat,28844,-0.060718037575581994,-0.06049836093487258,1.0000013855277096e-06,0.3919471739213101
slat,28430,-0.05922475109128844,-0.058909005611189974,1.0000013137773947e-06,0.3953888337216691
slat,28361,-0.057717915695510325,-0.05733248723854084,1.0000012270569308e-06,0.3977046957962285
slat,28568,-0.056198524197005134,-0.05576806452629726,1.000001146328594e-06,0.4006748466910138
slat,28522,-0.05466748510010203,-0.05421503923578608,1.000001077457525e-06,0.4045381626047573
slat,28476,-0.053125567724455314,-0.05267281193632793,1.0000010252873218e-06,0.40730765534216334
slat,27533,-0.051573362655814525,-0.05114094491397254,1.0000009840676541e-06,0.4106639310860909
slat,27671,-0.05001134628622843,-0.04961908292114284,1.0000009402736994e-06,0.41325423538977807
slat,27717,-0.04844002099840015,-0.04810684015931975,1.0000008966433158e-06,0.41583214012248315
slat,27809,-0.04685986694661493,-0.04660382208920401,1.000000862577347e-06,0.41846253969187597
slat,27855,-0.04527126265498731,-0.04510973098022095,1.0000008350982619e-06,0.42132798549331973
slat,27947,-0.04367452869732234,-0.04362432946495201,1.0000008025851876e-06,0.4240526484149934
slat,27993,-0.04207003164667354,-0.04214731875431073,1.0000007666382412e-06,0.4267189368560686
slat,28062,-0.04045815739181541,-0.04067836037530899,1.0000007392298794e-06,0.43013837413309686
slat,26866,-0.03883920477194551,-0.03921720903444417,1.0000007210049991e-06,0.4323538038643329
slat,27004,-0.037213382020993245,-0.0377637043268462,1.0000007027493548e-06,0.43511975739163233
slat,27050,-0.03558090032348801,-0.03631768393205953,1.0000006828626026e-06,0.4379870534691077
slat,27142,-0.03394198231666786,-0.03487896622332573,1.0000006648084062e-06,0.4404672016717373
slat,27188,-0.032296827681203705,-0.033447386667983386,1.0000006496744454e-06,0.4425255622908359
slat,27280,-0.03064560515338475,-0.03202280704401325,1.0000006357046813e-06,0.4444406671043327
slat,27326,-0.0289884747686213,-0.030605102698983835,1.0000006224069854e-06,0.4465867981147035
slat,27418,-0.02732558745802656,-0.029194153611747223,1.0000006108290086e-06,0.44832755430954396
slat,27464,-0.025657077165293744,-0.02778985845745307,1.0000006014188022e-06,0.45056585683751593
slat,28338,-0.023983056105930017,-0.02639213706656258,1.0000005923169587e-06,0.4525037218270345
slat,28292,-0.022303633252408805,-0.025000910847709383,1.0000005835677978e-06,0.45412985402479694
main,32861,0.5061566062862548,0.06147778083394738,1.000000098305668e-06,0.4344035511320021
main,46149,0.5082987508416676,0.061442460065763885,1.0000000986851797e-06,0.43433289862480573
main,46103,0.5104408692137059,0.061405780670306415,1.0000000990594535e-06,0.43428601484813406
main,46057,0.5125829613016459,0.061367737421130414,1.0000000994413954e-06,0.4343168709742516
main,46011,0.5147250270047093,0.06132832508899014,1.0000000998275999e-06,0.43432684358381174
main,45965,0.5168670662220647,0.0612875384418112,1.0000001001964823e-06,0.43424225072647954
main,45919,0.5190090788528244,0.061245372244663115,1.000000100576898e-06,0.43415963710235883
main,45873,0.5211510647960457,0.06120182125973189,1.000000100953674e-06,0.43406842171125526
main,36150,0.5232930239507299,0.061156880246292525,1.0000001013431021e-06,0.43407822762478576
main,36104,0.5254349562158213,0.061110543960681385,1.000000101725373e-06,0.43419539333278157
main,36058,0.527576861490207,0.06106280715626869,1.0000001021088623e-06,0.434167096851278
main,36012,0.5297187396727169,0.061013664583431,1.0000001024847967e-06,0.4340927293714086
main,35966,0.5318605906621223,0.06096311098952348,1.0000001028612766e-06,0.4340687766775614
main,35920,0.5340024093674609,0.060911141243234525,1.0000001032453444e-06,0.4341464579992252
main,35874,0.5361441887682128,0.0608577502695371,1.000000103634135e-06,0.4342485446921967
main,35828,0.5382859268410772,0.060802932879641,1.0000001040116307e-06,0.4342232950441441
main,35782,0.5404276234671308,0.06074668383694848,1.0000001043823421e-06,0.4341573164919931
main,35736,0.5425692784947134,0.06068899790283486,1.0000001047741239e-06,0.43420558860966874
main,35690,0.5447108917720829,0.06062986983583003,1.000000105152627e-06,0.4342678350859716
main,35644,0.5468524631474142,0.06056929439159203,1.0000001055321531e-06,0.43416405712693207
main,35598,0.5489939924687975,0.060507266322880865,1.0000001059098707e-06,0.43412103154955456
main,35552,0.5511354795842389,0.060443780379532186,1.0000001063011949e-06,0.43414518561624516
main,35506,0.5532769243416595,0.060378831308430914,1.0000001066702764e-06,0.43407494038877953
main,35460,0.5554183265888932,0.06031241385348492,1.0000001070529294e-06,0.43413115381586753
main,35414,0.557559686173688,0.06024452275559855,1.000000107441291e-06,0.43424940857923416
main,35368,0.5597010029437042,0.06017515275264626,1.000000107821509e-06,0.43419031472505526
main,35322,0.5618422798436054,0.06010429847697159,1.0000001080715823e-06,0.434095502553914
main,35253,0.5639835344833806,0.06003195589325637,1.0000001078038339e-06,0.43411177416696617
main,43941,0.5661247540463341,0.05995812904634059,1.0000001071004283e-06,0.4341351084730277
main,43895,0.5682659113522903,0.05988282862161631,1.0000001063223832e-06,0.4342417347905979
main,43849,0.5704070068525049,0.0598060653000147,1.000000105546966e-06,0.43438954591096557
main,43803,0.5725480409981344,0.059727849760081844,1.0000001047744351e-06,0.4344708118104285
main,43757,0.5746890142402359,0.059648192678017395,1.00000010399626e-06,0.43443881978755744
main,43711,0.5768299270297687,0.05956710472771317,1.0000001032242198e-06,0.43446368527708384
main,43665,0.5789707798175961,0.05948459658079167,1.0000001024554618e-06,0.43454579341842664
main,43619,0.581111573054488,0.05940067890664467,1.0000001016813508e-06,0.43452998093233897
main,43573,0.5832523071911213,0.059315362372471744,1.0000001009112962e-06,0.4345418326252492
main,43527,0.5853929826780819,0.05922865764331877,1.000000100123418e-06,0.43469127067988406
main,43481,0.5875335999658666,0.05914057538211652,1.000000099353487e-06,0.4348576182042223
main,43435,0.5896741595048847,0.05905112624971913,1.000000098584504e-06,0.4348818948161715
main,43389,0.5918146617454586,0.05896032090494249,1.000000097800242e-06,0.4348391566074574
main,43343,0.593955107137827,0.058868170004602774,1.0000000970263385e-06,0.43484393841683844
main,43297,0.5960954961321456,0.058774684203554944,1.0000000962543084e-06,0.43489103395856643
main,43251,0.5982358291784889,0.05867987415473117,1.000000095480885e-06,0.43485246277947565
main,43205,0.6003761067268514,0.05858375050917923,1.0000000947105222e-06,0.4348228651328182
main,43159,0.6025163292271497,0.05848632391610097,1.0000000939309101e-06,0.4348436829858674
main,43113,0.6046564971292248,0.058387605022890726,1.0000000931533784e-06,0.4348785042802197
main,43067,0.606796610882842,0.05828760447517359,1.0000000923831844e-06,0.43489071693680154
main,43021,0.6089366709376942,0.05818633291684397,1.000000091608321e-06,0.4349792353813877
main,42975,0.6110766777434022,0.058083800990103934,1.00000009083775e-06,0.43510912548978453
main,42929,0.6132166317495178,0.05798001933550147,1.0000000900533974e-06,0.435089884373814
main,42883,0.6153565334055239,0.05787499859196895,1.0000000892814044e-06,0.43518552166692
main,42837,0.6174963831608369,0.05776874939686142,1.0000000885075928e-06,0.4353585013360625
main,42791,0.619636145766326,0.05766128419909058,1.0000000877424057e-06,0.43538427138197394
main,42745,0.6217758159342891,0.05755261396757494,1.0000000869938846e-06,0.43547758398470765
main,42699,0.623915428880468,0.05744274718508069,1.0000000886542038e-06,0.4356211342559574
main,42653,0.626054991310004,0.05733166047679794,1.0000000966934905e-06,0.43581634552831644
main,42607,0.6281944890166686,0.05721924337978569,1.0000001091525253e-06,0.43601968103190414
main,42561,0.6303339010795922,0.05710532512499925,1.0000001219862147e-06,0.4361126537786354
main,42515,0.6324732174203747,0.056989729058915604,1.0000001348375443e-06,0.4362481333590509
main,42469,0.6346124279602523,0.056872278521635414,1.0000001476653069e-06,0.43640853543885877
main,42423,0.6367515226199976,0.05675279684514208,1.0000001605087253e-06,0.4364344069245646
main,42377,0.6388904913198217,0.056631107351560975,1.0000001733563923e-06,0.4364874267906756
main,42331,0.6410293239792744,0.0565070333514182,1.0000001862080959e-06,0.4365658701620868
main,42285,0.6431680105171438,0.05638039814189931,1.0000001990482412e-06,0.43641558203776465
main,42239,0.6453065408513581,0.05625102500510765,1.0000002118889848e-06,0.43625815690199454
main,42193,0.6474449048988853,0.05611873720632229,1.0000002244801285e-06,0.4360753205851993
main,42147,0.6495830837394336,0.0559833621582759,1.0000002177944426e-06,0.4355166336150965
main,42101,0.651721055164675,0.05584499820928517,1.0000001594002174e-06,0.43485922445899383
main,42055,0.6538588690220325,0.055704451882069725,1.0000000795134745e-06,0.4343557422537228
main,42009,0.6559966175146945,0.05556281405524589,1.0000000439969976e-06,0.43422237964182475
main,41963,0.6581343298867325,0.0554205714259747,1.0000000455996422e-06,0.43424824896930625
main,41917,0.6602719984646925,0.05527770241391405,1.000000051621238e-06,0.43432316301136104
main,41871,0.6624096174654361,0.055134124303356694,1.0000000576317856e-06,0.43446812563025805
main,41825,0.6645471811057999,0.05498975437823855,1.0000000636550911e-06,0.43437687831795846
main,41779,0.6666846836025725,0.05484450992180069,1.0000000696764273e-06,0.43432709834335326
main,41733,0.6688221191724697,0.05469830821625128,1.000000075704926e-06,0.4343133489625845
main,41687,0.6709594820321123,0.054551066542427744,1.0000000817118928e-06,0.434357479752134
main,41641,0.6730967663980005,0.05440270217945867,1.0000000877436879e-06,0.43451880139384147
main,41595,0.6752339664864926,0.05425313240442582,1.0000000937535493e-06,0.434579038689378
main,41549,0.6773710765137791,0.0541022744920261,1.0000000997832783e-06,0.434704305139658
main,41503,0.6795080906958614,0.053950045714233535,1.0000001058030167e-06,0.43485334030325656
main,41457,0.6816450032485262,0.05379636333996117,1.0000001118185212e-06,0.434978450639381
main,41411,0.6837818083873217,0.05364114463472304,1.000000117827349e-06,0.4351296020596727
main,41365,0.6859185003275361,0.05348430686029595,1.0000001238656375e-06,0.4351795415606928
main,41319,0.6880550732841728,0.053325767274381375,1.0000001298959784e-06,0.4353080839387818
main,41273,0.6901915123924398,0.05316544352056201,1.0000001362976775e-06,0.4354719322177456
main,41227,0.6923277993219131,0.05300324856698337,1.000000143295881e-06,0.4356030684571303
main,41181,0.694463928677769,0.05283908606918772,1.0000001505789685e-06,0.4357405654254705
main,41135,0.6965998975398477,0.05267285569297088,1.000000157864017e-06,0.43571966536584344
main,41089,0.6987356981407586,0.05250445735955415,1.0000001644255073e-06,0.4356895990350704
main,41043,0.7008713196459344,0.052333801430860014,1.0000001663890125e-06,0.43570286228123767
main,40997,0.7030067559382798,0.05216086193238498,1.0000001631354361e-06,0.4355911057151099
main,40951,0.7051420168895963,0.05198568312516412,1.0000001586050908e-06,0.4355499347434807
main,40905,0.7072771021846128,0.05180832781301002,1.0000001540502952e-06,0.4355808468270853
main,40859,0.7094120050709009,0.05162885935206345,1.0000001495107492e-06,0.43556809286019293
main,40813,0.7115467308421692,0.05144734011154754,1.0000001449606989e-06,0.4355705069200611
main,40767,0.7136812848833375,0.051263832442371565,1.0000001404170147e-06,0.43553949834368116
main,40721,0.7158156725784611,0.05107839868544277,1.0000001358815181e-06,0.4353810289544217
main,40675,0.7179498993107969,0.05089110117241858,1.0000001313318911e-06,0.43531123260374743
main,40629,0.7200839704628674,0.05070200222645841,1.0000001267857639e-06,0.4353766023390872
main,40583,0.7222178914165267,0.050511164162975436,1.0000001244162868e-06,0.43529149099282466
main,40537,0.7243516587679844,0.050318619589260545,1.0000001311574369e-06,0.4353189321952072
main,40491,0.7264852688160737,0.05012427498890854,1.000000139642588e-06,0.43546663691945836
main,40445,0.7286187081186595,0.04992801474575646,1.00000014168875e-06,0.4355441323472304
main,40399,0.7307519602586969,0.04972981217662676,1.000000142577573e-06,0.43547266868338175
main,40353,0.7328850240727691,0.04952965520787585,1.0000001434664453e-06,0.43545622051999844
main,40307,0.7350178983966931,0.049327531757896385,1.0000001443409588e-06,0.4355501337201595
main,40261,0.7371505820655044,0.0491234297369903,1.0000001452324218e-06,0.43555700679119635
main,40215,0.7392830739134475,0.04891733704724155,1.0000001461175043e-06,0.435497085320957
main,40169,0.7414153727739634,0.04870924158238876,1.0000001469864864e-06,0.4355377410600702
main,40123,0.7435474774796755,0.04849913122769766,1.00000014787878e-06,0.4356345224843217
main,40077,0.7456793868623798,0.0482869938598334,1.000000148764054e-06,0.4355274981214068
main,40031,0.7478110997530308,0.048072817346732626,1.0000001496467977e-06,0.435505452361258
main,39985,0.74994261424816,0.047856589679707136,1.000000150408761e-06,0.43552338556474357
main,39939,0.7520739199233845,0.047638301277014995,1.000000150960934e-06,0.435496694409392
main,39893,0.7542050051172,0.0474179458070038,1.0000001513839759e-06,0.43537467279165276
main,39847,0.7563358669673694,0.04719551773611769,1.0000001517943843e-06,0.4352771396939137
main,39801,0.7584665048607522,0.0469710113744916,1.0000001522069489e-06,0.43528269584067125
main,39755,0.7605969181834524,0.046744421025254,1.0000001526437324e-06,0.43516179702677604
main,39709,0.7627271063208148,0.04651574098447854,1.0000001530400399e-06,0.4351691305651452
main,39663,0.7648570686574176,0.04628496554113537,1.0000001534643068e-06,0.4352870664464644
main,39617,0.76698680457707,0.0460520889770423,1.0000001538789633e-06,0.4351376290966369
main,39571,0.7691163134628036,0.045817105566816126,1.0000001543030714e-06,0.43504250360928287
main,39525,0.77124559469687,0.045580009577823655,1.000000154718908e-06,0.4350810111542638
main,39479,0.773374647660733,0.04534079527013264,1.000000155210034e-06,0.43493314168506153
main,39433,0.7755034605216227,0.0450994572182139,1.000000156395823e-06,0.43494286169134855
main,39387,0.7776320188596797,0.04485598060966784,1.0000001585360873e-06,0.43497777011553823
main,39341,0.7797603204505252,0.04461033583695422,1.0000001610374041e-06,0.43498276149764464
main,39295,0.7818883639632752,0.04436248845575713,1.0000001635349568e-06,0.4348374784422159
main,39249,0.7840161453910994,0.044112404269150154,1.0000001660393404e-06,0.43480021894188037
main,39203,0.7861436607257244,0.04386004906789084,1.000000168550337e-06,0.43491818745252825
main,39157,0.7882709059573797,0.043605388629950045,1.0000001710272612e-06,0.4346709973799236
main,39111,0.7903978706682098,0.04334838950137035,1.0000001735343563e-06,0.4346563789337373
main,39065,0.7925245431243061,0.04308901839835752,1.0000001760378653e-06,0.43482035193615504
main,39019,0.7946509179025552,0.04282724128058818,1.0000001785534752e-06,0.43477102408539847
main,38973,0.7967769907855022,0.04256302395102238,1.0000001810329747e-06,0.43460310371762506
main,38927,0.7989027575410345,0.04229633220160592,1.0000001830905505e-06,0.4346152026491767
main,38881,0.8010282266506455,0.042027136619236447,1.0000001827546606e-06,0.4344216657399037
main,38835,0.8031533873602206,0.04175544367335925,1.0000001799138699e-06,0.43413359924824707
main,38789,0.8052782210640808,0.0414812949755452,1.0000001765958739e-06,0.43416137930284326
main,38743,0.8074027335465459,0.04120473615567568,1.0000001732423817e-06,0.434239523986372
main,38697,0.8095269308827708,0.04092581279560242,1.0000001699124616e-06,0.43411655558197654
main,38651,0.8116508191465016,0.040644570466603094,1.0000001665760986e-06,0.4340389451076478
main,38605,0.8137744044101366,0.040361054729844,1.0000001632437202e-06,0.4341449861945196
main,38559,0.8158976927447883,0.04007531113684245,1.0000001599110962e-06,0.43410816907643496
main,38513,0.8180206902203451,0.039787385229929285,1.0000001565548052e-06,0.4338405065625243
main,38467,0.8201434029055317,0.039497322542710885,1.0000001532050288e-06,0.43370082748865313
main,38421,0.8222658368679723,0.03920516860053122,1.0000001498851106e-06,0.43391228732810294
main,38375,0.824388001041596,0.03891096829829628,1.0000001495024065e-06,0.43409748723733355
main,38329,0.8265098979681927,0.03861472633641203,1.0000001583499513e-06,0.4341299165836291
main,38283,0.8286314926230733,0.03831632360071337,1.0000001744180778e-06,0.4342870280122329
main,38237,0.830752736334889,0.03801554319896702,1.0000001913162524e-06,0.43453494524901237
main,38191,0.8328735950927486,0.037712154704792,1.0000002082295348e-06,0.43446760930163064
main,38145,0.834994034884784,0.03740592768519224,1.0000002251176912e-06,0.43450201374013225
main,38099,0.8371140216977173,0.03709663169761777,1.0000002420169222e-06,0.43462489171420177
main,38053,0.8392335215164275,0.0367840362870258,1.0000002589329713e-06,0.43462839179943547
main,38007,0.8413525003235158,0.03646791098294179,1.0000002758298352e-06,0.43429731952059114
main,37961,0.8434709240988714,0.03614802529652007,1.0000002927288032e-06,0.4340284255565962
main,37915,0.8455887588192378,0.03582414871760392,1.0000003096378022e-06,0.4338044632907728
main,37869,0.8477059704577797,0.03549605071178536,1.0000003265299498e-06,0.4328272596783114
main,37823,0.8498225448406047,0.03516349755770744,1.000000343405404e-06,0.43198326885219396
main,37777,0.8519384320300889,0.03482626130471406,1.0000003602571126e-06,0.43103093781357105
main,37731,0.8540535140580858,0.034484125434758185,1.000000377092849e-06,0.429717620923305
main,37685,0.8561677058817466,0.03413686873098892,1.0000003939389932e-06,0.42814507723417505
main,37639,0.8582809677802589,0.03378426270242414,1.0000004108084364e-06,0.42648131096161507
main,37593,0.8603932600003952,0.03342607867160434,1.0000004276916078e-06,0.4239788562646804
main,37547,0.8625045427525244,0.033062087751652154,1.0000004445537314e-06,0.4198670836370069
main,37501,0.8646147762066156,0.03269206082329727,1.0000004614232937e-06,0.41496129637052137
main,37455,0.8667239204882375,0.032315768511860334,1.0000004783311734e-06,0.4084624742450111
main,37409,0.8688319356745505,0.031932981164189585,1.0000004952303599e-06,0.40274544960316305
main,37363,0.8709387817902863,0.03154346882554453,1.0000005121241872e-06,0.4045824242423983
main,37295,0.8730444188037105,0.03114700121642054,1.0000002661633281e-06,0.5807359349502684
main,37250,0.8740714862943617,0.030908299842897544,9.99999999927537e-07,0.44925405124969936
main,37204,0.8740205988287209,0.030830899952104595,1.0000000000120871e-06,0.7130070909779049
main,37158,0.8739697113631889,0.030753500061219574,1.000000000029958e-06,0.7991373851059668
main,37090,0.8739188238977187,0.030676100170273633,9.999999999429385e-07,1.5368079351991306
main,80884,0.8725370561830226,0.030729405913311414,1.0000000000016578e-06,1.0831108529884597
main,80952,0.8698244082190675,0.030913417290334245,9.999997555181805e-07,0.7039144501577966
main,80792,0.8671114305045273,0.03109224494008856,9.999997760065836e-07,0.6346135503007427
main,80861,0.8643981230394018,0.031265888862574365,9.99999755006318e-07,0.5925072118876396
main,80700,0.8616844851634557,0.031434338678595915,9.999997755726865e-07,0.5604899595631178
main,80769,0.858970516876668,0.03159759438815449,9.99999754519949e-07,0.5340458291516661
main,80608,0.8562562491452101,0.03175564414178594,9.999997751526164e-07,0.5170110690742988
main,80677,0.8535416819691038,0.031908487939488965,9.999997540822752e-07,0.5043431410981849
main,80516,0.8508268325724646,0.03205611584219309,9.999997747946393e-07,0.4964202492204485
main,80585,0.8481117009552923,0.032198527849898295,9.9999975401533e-07,0.48891200301903925
main,80424,0.8453963085590301,0.03233572144914834,9.999997747358787e-07,0.4843095658652
main,80493,0.8426806553836779,0.03246769663994323,9.999997542079353e-07,0.4828547302864569
main,80332,0.8399647468069481,0.03259445722561413,9.99999774894815e-07,0.4804670319432765
main,80401,0.8372485828288192,0.03271600320616201,9.999997544109208e-07,0.4798212171483925
main,80240,0.8345322052584445,0.03283233675287276,9.999997750644034e-07,0.47742821895078275
main,80309,0.8318156140958456,0.03294345786574543,9.999997546030613e-07,0.4792722555357697
main,80148,0.8290988198186461,0.03304937001838472,9.999997752332628e-07,0.48094403147102166
main,80217,0.8263818224268461,0.03315007321079062,9.999997547749612e-07,0.480114046903567
main,80056,0.823664627243801,0.03324557079823434,9.999997753774193e-07,0.4821977211180969
main,80125,0.8209472342695107,0.03333586278071586,9.999997549457706e-07,0.48504119957590963
main,79964,0.8182296908701532,0.033420951000373095,9.999997755214895e-07,0.48641472251733026
main,80033,0.8155119970457284,0.033500835457206043,9.999997551002949e-07,0.48894084361383633
main,79872,0.8127941642484762,0.03357551912964063,9.999997756555877e-07,0.4878068229086183
main,79941,0.8100761924783745,0.03364500201767741,9.99999755249355e-07,0.489682865326293
main,79780,0.8073580831194396,0.03370928703629397,9.999997757747108e-07,0.4895771633147246
main,79849,0.8046398361716716,0.033768374185490266,9.999997553927747e-07,0.49312409631145193
main,79688,0.8019214937657806,0.03382226531185367,9.999997758982002e-07,0.4946051099563705
main,79757,0.7992030559017883,0.03387096041538372,9.99999755511647e-07,0.4939389055019267
main,79596,0.7964845428365772,0.03391446181624317,9.999997759977094e-07,0.495039835973182
main,79665,0.7937659545701472,0.033952769514432025,9.999997556244236e-07,0.49620154842531844
main,79504,0.7910472911367838,0.03398588587203594,9.99999776091965e-07,0.4953737431029727
main,79573,0.7883285525364873,0.034013810889054925,9.9999975573048e-07,0.4961993333263612
main,79412,0.7856097706116347,0.0340365463473329,9.999997761928827e-07,0.4960665863988026
main,79481,0.7828909453622264,0.03405409224686984,9.99999755828647e-07,0.4962130800745553
main,79320,0.7801721083950067,0.03406645041999156,9.99999776271365e-07,0.49528984237732265
main,79389,0.7774532597099756,0.03407362086669806,9.999997559214584e-07,0.49726892824247726
main,79228,0.7747343993111675,0.03407560536853693,9.999997763450658e-07,0.49895725548013886
main,79297,0.7720155271985608,0.034072403925508185,9.999997559884483e-07,0.4990352936677261
main,79136,0.7692966636601324,0.03406401802374701,9.999997764076865e-07,0.49910515784450393
main,79205,0.7665778086959039,0.03405044766325345,9.999997560540804e-07,0.49944102906113597
main,79044,0.7638590040343964,0.0340316944340549,9.99999776461694e-07,0.4996503313235195
main,79113,0.7611402496756102,0.03400775833615134,9.99999756113742e-07,0.4995197757484256
main,78952,0.758421546864192,0.0339786405728499,9.999997765107695e-07,0.4973505076362393
main,79021,0.7557028956001418,0.03394434114415057,9.999997561503273e-07,0.4970618524958366
main,78860,0.7529843072414608,0.03390486102263207,9.999997765459104e-07,0.49546415083339246
main,78929,0.7502657817881275,0.03386020020829404,9.999997561910889e-07,0.493971687072344
main,78768,0.747547365986892,0.03381036019547208,9.999997765755388e-07,0.49211201872563554
main,78837,0.7448290598377543,0.033755340984166105,9.999997562117882e-07,0.4847157239666629
main,78676,0.7421108683870546,0.03369514326377217,9.999997766011526e-07,0.48522048866736195
main,78745,0.7393927916348149,0.033629767034290686,9.9999975622672e-07,0.4823150982301324
main,78584,0.736674834607342,0.033559212626050564,9.999997766124336e-07,0.4773833005493058
main,78653,0.7339569973046142,0.033483480039051175,9.99999756234453e-07,0.47424071138215507
main,78492,0.7312393264304113,0.03340257064432286,9.999997766125151e-07,0.46982932112890163
main,78561,0.7285218219847549,0.033316484441866204,9.999997562376162e-07,0.46457778847023967
main,78400,0.7258044953606458,0.03322522175861424,9.999997766092613e-07,0.4613155814644998
main,78469,0.7230873465580625,0.033128782594566204,9.999997562142647e-07,0.4560968398098179
main,78308,0.720370376842343,0.03302716659679002,9.999997765983085e-07,0.4465588847480181
main,78377,0.7176535862134872,0.0329203737652856,9.99999756180454e-07,0.43751817216599925
main,78216,0.714937016316435,0.032808405148074544,9.99999776566901e-07,0.42337755117472026
main,78285,0.7122206671512084,0.032691260745157685,9.99999756140633e-07,0.40476751482039414
main,78124,0.709504558984879,0.03256894075889216,9.999997765349665e-07,0.37587424249604107
main,78193,0.7067886918174253,0.03244144518927696,9.999997561058363e-07,0.32894435181099413
main,78032,0.7040730656949988,0.03230877304542441,9.999997765008385e-07,0.2532242444044199
main,78101,0.7013576806175994,0.03217092432733444,9.976314853474681e-07,0.14974724219629312
main,77894,0.6999999880788889,0.03107437495297541,1.0020900855778336e-06,0.08800947984880222
main,77963,0.6999999880788889,0.02901912492234663,1.0000000000287557e-06,0.08421150855441766
main,78009,0.6999999880788889,0.026963874891712543,1.0000000000287557e-06,0.08514630907727012
main,77756,0.6999999880788889,0.024908624861080267,1.0000000000287557e-06,0.11925843732060261
main,77825,0.6999999880788889,0.022853374830451266,1.0000000000287557e-06,0.06806715970083328
main,77871,0.6999999880788889,0.020798124799817186,1.0000000000287557e-06,0.0921197067931162
main,77618,0.6999999880788889,0.01874287476918604,1.0000000000287557e-06,0.07150150106408487
main,77687,0.6999999880788889,0.01668762473855715,1.0000000000287557e-06,0.07870436765594298
main,77733,0.6999999880788889,0.01463237470792216,1.0000000000287557e-06,0.08406123288170765
main,77480,0.6999999880788889,0.01257712467729039,9.999999999177334e-07,0.030315052005250972
main,77549,0.6999999880788889,0.010521874646661895,1.0000000000287557e-06,0.15700614622796036
main,77595,0.6999999880788889,0.00846662461602741,1.0000000000287557e-06,0.18459771296148028
main,77342,0.6999999880788889,0.006411374585394905,9.999999999177334e-07,0.17887771974162814
main,77411,0.6999999880788889,0.004356124554766071,1.0000000000287557e-06,0.18478104466990555
main,77457,0.6999999880788889,0.002300874524131926,1.0000000000287557e-06,0.17910650569679037
main,77204,0.6999999880788889,0.0002456244934998335,1.0000000000287557e-06,0.14388557320432444
main,77273,0.6999999880788889,-0.0018096255371295301,1.0000000000287557e-06,0.1446087703264278
main,77319,0.6999999880788889,-0.00386487556776374,1.0000000000287557e-06,0.13083531299895937
main,77066,0.6999999880788889,-0.005920125598395198,1.0000000000287557e-06,0.11600891216638064
main,77135,0.6999999880788889,-0.007975375629024145,1.0000000000287557e-06,0.08609166368111813
main,77181,0.6999999880788889,-0.010030625659658456,9.999999999177334e-07,0.0822824243001294
main,76906,0.6999999880788889,-0.012085875690290394,9.999999999177334e-07,0.1010867589234612
main,76975,0.6999999880788889,-0.014141125720919454,1.0000000000287557e-06,0.265815660973159
main,77021,0.6999999880788889,-0.01619637575155371,1.0000000000287557e-06,1.2187913232828609
main,76815,0.6991783429018266,-0.017373347273112436,9.999999999888697e-07,1.6793501097835326
main,76883,0.6975350525477015,-0.01767204028559291,9.99999789178013e-07,0.5482815052777343
main,76723,0.6958920789671621,-0.01797243729641536,9.99999796612003e-07,0.4533242386090532
main,76792,0.6942494221602085,-0.01827453830557976,9.99999827122607e-07,0.4311106932371739
main,76631,0.6926070257263723,-0.018578039921929735,9.999998324363998e-07,0.4244831706973569
main,76700,0.6909648896656537,-0.018882942145465285,9.999998648839652e-07,0.4215158936421845
main,76539,0.6893229575797245,-0.019188941596542334,9.999998684187878e-07,0.4199496107479629
main,76608,0.6876812294685846,-0.019496038275160884,9.99999902448532e-07,0.4187560143675692
main,76447,0.6860396489356917,-0.019803928811284104,9.99999904593181e-07,0.41797456466265676
main,76516,0.6843982159810462,-0.020112613204911995,9.999999398619298e-07,0.4176417585236698
main,76355,0.6827568742095373,-0.020421788093710116,9.999999408919515e-07,0.4170669088138292
main,76424,0.6811156236211651,-0.02073145347767847,9.99999977096671e-07,0.41701432986315945
main,76263,0.6794744076473128,-0.021041306034134552,9.999999774041592e-07,0.4171056260220921
main,76332,0.6778332262879806,-0.02135134576307838,1.000000014191126e-06,0.4172830147972057
main,76171,0.6761920233177201,-0.021661269285172216,1.0000000140428383e-06,0.4170409320861921
main,76240,0.6745507987365311,-0.02197107660041605,1.000000051097978e-06,0.41732510181818383
main,76079,0.6729094961932244,-0.02228046435441194,1.0000000508915525e-06,0.41778747042903575
main,76148,0.6712681156877789,-0.022589432547163807,1.0000000878167758e-06,0.41788173699673076
main,75987,0.6696266008510783,-0.022897677822450037,1.0000000878852879e-06,0.4176329411800236
main,76056,0.6679849516831435,-0.023205200180266693,1.0000001243742003e-06,0.41817650850302046
main,75895,0.6663431118130024,-0.023511696254461124,1.0000001250790818e-06,0.41843477527750894
main,75964,0.664701081240655,-0.023817166045033367,1.0000001607798473e-06,0.41876473349341947
main,75803,0.6630588035923823,-0.024121306170995675,1.0000001624312972e-06,0.4192011973091546
main,75872,0.6614162788681849,-0.024424116632348003,1.0000001970054188e-06,0.41966495389002
main,75711,0.6597734506906783,-0.024725294028368774,1.000000199958505e-06,0.41974794693070716
main,75780,0.6581303190598624,-0.025024838359058048,1.0000002329025879e-06,0.42041204925133263
main,75619,0.6564868306278656,-0.02532244703336453,1.0000002374624983e-06,0.42068266422309103
main,75688,0.6548429853946879,-0.025618120051288197,1.000000193214131e-06,0.4203477227129174
main,75527,0.6531988642451765,-0.02591218786433537,1.0000001960145557e-06,0.4206742918492529
main,75596,0.6515544671793319,-0.02620465047250601,9.99999977227166e-07,0.4199412260902757
main,75435,0.649910103052138,-0.026497299454225635,9.999999775415859e-07,0.41964782326155625
main,75504,0.6482657718635949,-0.02679013480949429,9.999999192417595e-07,0.4190010632916457
main,75343,0.6466215584771948,-0.027083628881576657,9.999999208368087e-07,0.4187568403160225
main,75412,0.6449774628929377,-0.027377781670472744,9.999999540328102e-07,0.4187018278430272
main,75251,0.6433334345814727,-0.027672310100322565,9.999999547667679e-07,0.4186433595750479
main,75320,0.6416894735428003,-0.027967214171126138,9.999999892774791e-07,0.41887265072884666
main,75159,0.6400455282490005,-0.028262206158884237,9.999999893981985e-07,0.4189121922306555
main,75228,0.6384015987000736,-0.02855728606359683,1.0000000243351278e-06,0.4192498103525287
main,75067,0.6367576333651588,-0.028852166161702317,1.0000000241596668e-06,0.41957959422811525
main,75136,0.6351136322442352,-0.02914684645320443,1.00000005923894e-06,0.4199217331075663
main,74975,0.6334695434202717,-0.029441039285611054,1.000000059105176e-06,0.42023739489642786
main,75044,0.6318253668932687,-0.029734744658922133,1.0000000940094057e-06,0.4207707650708169
main,74883,0.6301810527038068,-0.030027674576847595,1.0000000941812584e-06,0.42093141696509556
main,74952,0.6285366008519064,-0.030319829039383767,1.0000001286294355e-06,0.42146339513013426
main,74791,0.6268919602490701,-0.030610920264035845,1.0000001294315498e-06,0.42187981543194625
main,74860,0.6252471308952979,-0.030900948250803834,1.0000001582319e-06,0.4221703314921157
main,74699,0.6236019868893741,-0.031189680196007794,1.0000001597935924e-06,0.4224777668796114
main,74768,0.6219565282312982,-0.03147711609964776,1.0000001667021883e-06,0.42300611303982427
main,74607,0.6203108457999208,-0.03176316671229709,1.0000001685502903e-06,0.4233327702929762
main,74676,0.6186649395952428,-0.03204783203395565,1.0000001694905615e-06,0.42366738256607833
main,74515,0.6170188083823014,-0.032331088225679636,1.0000001714332631e-06,0.4239140070486481
main,74584,0.615372452161075,-0.03261293528747273,1.000000172290054e-06,0.42409002936669077
main,74423,0.6137258671923702,-0.032893349802235086,1.000000174349601e-06,0.4244939744357706
main,74492,0.6120790534762086,-0.033172331769963065,1.0000001750994563e-06,0.4248437934216913
main,74331,0.6104320072703365,-0.033449857754609395,1.0000001772117636e-06,0.42498461459737275
main,74400,0.6087847285747537,-0.033725927756174126,1.0000001778846356e-06,0.42521958450210134
main,74239,0.6071372136440456,-0.03400051831874673,1.0000001801310067e-06,0.42550285096063045
main,74308,0.6054894624782123,-0.03427362944232722,1.000000180693033e-06,0.4256854465838235
main,74147,0.6038414713285232,-0.0345452376502339,1.0000001830098759e-06,0.4258947561346028
main,74216,0.6021932401949781,-0.03481534294246678,1.0000001834839585e-06,0.42619569820890363
main,74055,0.6005447653253857,-0.03508392182066236,1.0000001859044962e-06,0.4264137679537612
main,74124,0.5988960467197457,-0.03535097428482067,1.0000001862882684e-06,0.4267647844044842
main,73963,0.5972470806222585,-0.03561647681398439,1.0000001887944818e-06,0.42715035859633177
main,74032,0.5955978670329239,-0.03588042940815351,1.0000001890776707e-06,0.42719795845356784
main,73871,0.5939484021921893,-0.03614280852286353,1.0000001917234247e-06,0.4272491635952445
main,73940,0.5922986861000545,-0.036403614158114425,1.0000001918874384e-06,0.4275586033790247
main,73779,0.5906487149930667,-0.03666282274501924,1.0000001946199108e-06,0.4278998502208148
main,73848,0.5889984888712256,-0.036920434283577976,1.000000194664057e-06,0.4281926140231358
main,73687,0.5873480039670536,-0.03717642517956124,1.0000001975069854e-06,0.4283408008234923
main,73756,0.585697260280508,-0.03743079543297558,1.0000001974516387e-06,0.42861174300284094
main,73595,0.5840462540398972,-0.03768352142333723,1.0000002004264316e-06,0.42894325326476673
main,73664,0.5823949852452636,-0.037934603150639665,1.000000200270804e-06,0.4290578932454226
main,73503,0.5807434501205558,-0.03818401696722412,1.0000002033468165e-06,0.42924878400265437
main,73572,0.5790916486657742,-0.03843176287309059,1.0000002030563518e-06,0.4296335780716364
main,73411,0.5774395771004017,-0.0386778171924767,1.0000002062384788e-06,0.4299008618788759
main,73480,0.5757872354244383,-0.03892217992538246,1.0000002058588312e-06,0.4301230349461742
main,73319,0.5741346198527049,-0.039164827367024785,1.0000002091709388e-06,0.43031401509517847
main,73388,0.5724817303852227,-0.03940575951740058,1.0000002086396914e-06,0.4305828714420598
main,73227,0.5708285640174017,-0.0396449525298392,1.0000002120592185e-06,0.430928667573341
main,73296,0.5691751207492208,-0.03988240640434372,1.0000002114265603e-06,0.4311399233380151
main,73135,0.5675215266289508,-0.04011807915931212,1.0000002149914397e-06,0.4313330625985288
main,73204,0.5658677816565914,-0.040351970794744424,1.0000002142458065e-06,0.4316936599320296
main,73043,0.5642137366005653,-0.04058407851197538,1.0000002178959472e-06,0.4318664297606576
main,73112,0.5625593914608722,-0.040814402311005006,1.0000002165675772e-06,0.4320696258601789
main,72951,0.560904694329204,-0.04104292869968756,1.000000220345573e-06,0.43247852424829103
main,73020,0.5592496452055399,-0.0412696576780259,1.0000002180896818e-06,0.43270054342335257
main,72859,0.5575943809312509,-0.041494556921055886,1.0000002219566526e-06,0.43293338983431995
main,72928,0.5559389015063368,-0.04171762642877752,1.0000002195556915e-06,0.43327864945667294
main,72767,0.5542832054904867,-0.04193885395253528,1.0000002235066303e-06,0.4334111565414272
main,72836,0.5526272928837218,-0.042158239492326305,1.0000002210248882e-06,0.43359193232525167
main,72675,0.5509711622407865,-0.042375770756782075,1.0000002250248884e-06,0.4340478133817336
main,72744,0.5493148135616595,-0.04259144774590537,1.0000002224891792e-06,0.43428472079606883
main,72583,0.5476582453959435,-0.04280525812488052,1.0000002265720756e-06,0.43442777700205293
main,72652,0.5460014577436394,-0.043017201893707446,1.0000002239637228e-06,0.4346724732205079
main,72491,0.5443444491491509,-0.043227266673366266,1.0000002281122725e-06,0.4349644908601028
main,72560,0.5426872196124781,-0.04343545246385694,1.0000002254506008e-06,0.4353133833944924
main,72399,0.5410297676727284,-0.043641746841198835,1.0000002296437953e-06,0.43550444143928535
main,72468,0.539372093329923,-0.04384614980538926,1.0000002269145393e-06,0.43575460906953717
main,72307,0.5377141951177924,-0.0440486488867234,1.0000002312013696e-06,0.43602668401313144
main,72376,0.5360560730363366,-0.044249244085201256,1.0000002283974509e-06,0.4360416249150646
main,72215,0.5343977256138308,-0.04444792288462536,1.0000002327320446e-06,0.43645979580974686
main,72284,0.5327391528502747,-0.04464468528499568,1.0000002298739257e-06,0.4368609366259779
main,72123,0.5310803532683853,-0.044839518722851406,1.0000002342907673e-06,0.43691646502873194
main,72192,0.5294213268681626,-0.04503242319819251,1.0000002313456579e-06,0.4372226383974115
main,72031,0.5277620721666856,-0.045223386099516434,1.000000235832656e-06,0.4376932451176516
main,72100,0.5261025891639329,-0.045412407426825604,1.0000002328256747e-06,0.43786511459118077
main,71939,0.5244428763712321,-0.04559947451979571,1.0000002373884034e-06,0.43795504077024805
main,72008,0.5227829337886044,-0.04578458737842432,1.0000002343202794e-06,0.4381188418510032
main,71847,0.5211227599215329,-0.045967733292777695,1.0000002389512042e-06,0.4384325197361978
main,71916,0.5194623547700179,-0.0461489122628558,1.000000235789437e-06,0.43873492776325457
main,71755,0.5178017168336262,-0.0463281115283197,1.000000240498586e-06,0.43895099246854996
main,71824,0.516140846112358,-0.04650533108916938,1.0000002372809812e-06,0.43915139223577554
main,46287,0.5144797410997723,-0.046680558133861697,1.0000002420687528e-06,0.4395724684833265
main,71732,0.5128184017958692,-0.04685379266239665,1.0000002387674034e-06,0.4400685506899891
main,46172,0.5111568266880308,-0.04702502181122983,1.0000002436297818e-06,0.44014147872567344
main,46241,0.5094950157762783,-0.04719424558035906,1.0000002402533065e-06,0.440385955485338
main,71663,0.5078329675418705,-0.047361451053412745,1.0000002451920297e-06,0.4407765413344678
main,71709,0.506170681984786,-0.04752663823039305,1.000000241742262e-06,0.440787899916858
main,71571,0.5045081595426784,-0.04768979395353952,1.0000002467613494e-06,0.4408403831923426
main,71640,0.5028454002155478,-0.04785091822285216,1.000000243175707e-06,0.4411675309433977
main,71479,0.5011825971856196,-0.04800998010891052,1.0000002483185735e-06,0.44144985009890847
main,71548,0.4995197504528939,-0.0481669796117146,1.000000243626626e-06,0.4415717383055025
main,71387,0.49785669631948265,-0.04832192901950286,1.0000002487540721e-06,0.44173064434524756
main,71456,0.49619343478538586,-0.04847482833227531,1.0000002426792683e-06,0.4420309267987888
main,71295,0.4945300043765586,-0.048625682190779694,1.0000002477516895e-06,0.4424587160759553
main,71364,0.49286640509300095,-0.048774490595016005,1.0000002416345463e-06,0.4425827861001849
main,71203,0.49120263768028455,-0.04892126257526875,1.0000002466482159e-06,0.44273016152825834
main,71272,0.4895387021383987,-0.04906599813153886,1.0000002405875903e-06,0.4430031486111791
main,71111,0.4878745992097363,-0.049208706255893464,1.0000002455599168e-06,0.44310812785696285
main,71180,0.48621032889430826,-0.04934938694833164,1.000000239548482e-06,0.4433456114404937
main,71019,0.484545891931382,-0.049488049163119274,1.000000244455884e-06,0.443546864611123
main,71088,0.4828812883209575,-0.04962469290025638,1.000000238509766e-06,0.44371388531151107
main,70927,0.4812165187992278,-0.049759327076621104,1.0000002433597456e-06,0.4440791858774509
main,70996,0.47955158336618176,-0.049891951692214304,1.0000002374606073e-06,0.44409534939906803
main,70835,0.4778864827549351,-0.05002257562694104,1.0000002422597647e-06,0.4441287275038604
main,70904,0.4762212169654987,-0.05015119888080044,1.0000002364335061e-06,0.44436759361253936
main,70743,0.4745557867280126,-0.0502778302971281,1.0000002411699494e-06,0.4446783646030967
main,70812,0.472890192042466,-0.050402469875924824,1.000000235388617e-06,0.4447148163383603
main,70651,0.47122443363597777,-0.05052512642436871,1.0000002400738022e-06,0.4448242697749451
main,70720,0.4695585115085586,-0.05064579994245895,1.000000234253691e-06,0.44500900829706036
main,70559,0.46789244559939774,-0.05076449856752963,1.000000238889293e-06,0.445197647722469
main,70628,0.46622623590848444,-0.05088122229958153,1.0000002327660297e-06,0.4453276979790781
main,70467,0.4645599091145611,-0.050995982055695624,1.000000237344588e-06,0.4455248345848374
main,70536,0.4628934652176278,-0.05110877783587191,1.0000002311952323e-06,0.44570102684116186
main,70375,0.46122690512909237,-0.051219623273717915,1.0000002356807062e-06,0.4456260594828368
main,70444,0.4595602288489546,-0.05132851836923362,1.0000002296159489e-06,0.445747375526612
main,70283,0.4578934371872825,-0.05143547671929524,1.000000234022827e-06,0.44608639165798514
main,70352,0.4562265301440756,-0.051540498323902784,1.0000002280386484e-06,0.44602777766398616
main,70191,0.45455950852679283,-0.0516435967368683,1.0000002323713004e-06,0.4458485258866525
main,70260,0.4528923723354453,-0.05174477195819112,1.0000002264619063e-06,0.4460684722440463
main,70099,0.45122512237497614,-0.05184403749935022,1.0000002307159787e-06,0.4464931793378105
main,70168,0.44955775864537456,-0.05194139336034624,1.000000224891457e-06,0.44649423467304267
main,70007,0.4478902819491072,-0.05203685301105574,1.000000229057949e-06,0.44659579874532374
main,70076,0.44622269228618483,-0.05213041645147809,1.0000002233111476e-06,0.4467400432632627
main,69915,0.4445549904566347,-0.05222209711061425,1.000000227414787e-06,0.44681851608255263
main,69984,0.44288717646045667,-0.052311894988464225,1.0000002217357856e-06,0.4468246875552669
main,69823,0.44121925109529303,-0.052399823473875215,1.0000002257639746e-06,0.4470568211917269
main,69892,0.43955121436114386,-0.05248588256684723,1.0000002201666852e-06,0.44729762901794706
main,69731,0.43788306726432125,-0.052570085606611215,1.0000002241148506e-06,0.4471575044660563
main,69800,0.43621480980482524,-0.05265243259316717,1.000000218585572e-06,0.44726495050674053
main,69639,0.4345464776529821,-0.052732935232727304,1.0000002224727303e-06,0.4477225110285654
main,69708,0.43287807080878105,-0.05281159352529213,1.0000002170214346e-06,0.44772076860554627
main,69547,0.43120959287803556,-0.05288842085066939,1.0000002208333236e-06,0.44738701362352723
main,69616,0.42954104386075653,-0.05296341720885857,1.000000215452561e-06,0.44764251782681724
main,69455,0.4278724242807527,-0.053036596091738,1.0000002191955077e-06,0.4482651256477651
main,69524,0.42620373413802415,-0.053107957499307676,1.000000213893137e-06,0.4482283891612016
main,69363,0.4245349739547378,-0.05317751488081568,1.00000021754641e-06,0.44824207672345684
main,69432,0.4228661437308827,-0.053245268236262425,1.0000002123189887e-06,0.44836601872942516
main,69271,0.42119724398699543,-0.05331123097303887,1.0000002159142594e-06,0.44860542195623776
main,69340,0.4195282747230866,-0.053375403091144594,1.0000002107559344e-06,0.44871829405903946
main,69179,0.4178592364580921,-0.0534377979568815,1.0000002142813027e-06,0.4488199936742429
main,69248,0.4161901291920118,-0.053498415570249605,1.0000002091973116e-06,0.44894350445809567
main,69087,0.4145209534422267,-0.05355726925722516,1.0000002126455796e-06,0.44906452650890316
main,69156,0.41285170920872605,-0.05361435901780853,1.0000002076345634e-06,0.4491669071451558
main,68995,0.4111823970073545,-0.05366969813841069,1.0000002110163024e-06,0.44928515688525084
main,69064,0.4095130168381121,-0.053723286619031585,1.0000002060762053e-06,0.44945483426312743
main,68903,0.4078435656599445,-0.053775137820826734,1.00000020939619e-06,0.44963186565786284
main,68972,0.40617404347286273,-0.053825251743795786,1.0000002044077452e-06,0.44975559531176623
main,68811,0.404504468393863,-0.05387364200094287,1.0000002076646627e-06,0.45001874161767436
main,68880,0.4028348404229344,-0.05392030859226829,1.0000002025614715e-06,0.4502758295291436
main,68719,0.40116518117849576,-0.053965266708783266,1.0000002057409804e-06,0.4502275911622667
main,68788,0.3994954906605472,-0.054008516350487756,1.0000002007088559e-06,0.450354001542199
main,68627,0.3978257691616589,-0.054050073500917825,1.0000002038075237e-06,0.4506463214244077
main,68696,0.39615601668184186,-0.05408993816007318,1.0000001988422633e-06,0.450636504889626
main,68535,0.3944862335132213,-0.054128126287090836,1.000000201863207e-06,0.4506439900561813
main,68604,0.3928164196557975,-0.05416463788197079,1.0000001969749091e-06,0.4508214762700195
main,68443,0.39114657540126485,-0.054199488880006634,1.000000199926739e-06,0.4510755891395257
main,68512,0.3894767007496233,-0.05423267928119838,1.0000001951217639e-06,0.451072340674207
main,68351,0.3878067959921462,-0.05426422499755057,1.000000197988353e-06,0.4512119940206447
main,68420,0.3861368611288228,-0.054294126029063396,1.0000001932568978e-06,0.4514249185348202
main,68259,0.3844668964505052,-0.05432239826500532,1.0000001960543438e-06,0.4516466925167729
main,68328,0.38279690195720417,-0.05434904170537613,1.0000001913966864e-06,0.4518508394245529
main,68167,0.3811268779393657,-0.05437407221725968,1.0000001941120926e-06,0.4521123715522677
main,68236,0.3794568243969788,-0.05439748980065609,1.000000189535535e-06,0.45229778623471056
main,68075,0.3777867416200933,-0.0544193103010146,1.0000001921767241e-06,0.4522282012275
main,68144,0.37611662960871994,-0.05443953371833504,1.0000001876767172e-06,0.4522500003865203
main,67983,0.3744464886525175,-0.05445817587698106,1.0000001902438542e-06,0.45232738696876257
main,68052,0.3727763187514861,-0.05447523677695264,1.0000001858112321e-06,0.4523477478113589
main,67891,0.37110612071040205,-0.05449073221825599,1.0000001883189606e-06,0.4523785736528281
main,67960,0.3694358945292655,-0.05450466220089111,1.0000001839428678e-06,0.4523688125766849
main,67799,0.36776568593480496,-0.05451704225878675,1.0000001863839317e-06,0.4524379847496376
main,67868,0.3660954949270094,-0.05452787239194298,1.000000182076079e-06,0.4525087151430221
main,67707,0.3644253021471608,-0.054537168690019955,1.0000001844510177e-06,0.4526660689259079
main,67776,0.3627551075952592,-0.05454493115301763,1.0000001802258605e-06,0.452761954121509
main,67615,0.3610849112896633,-0.054551175667001864,1.0000001825329281e-06,0.4528529462150991
main,67684,0.3594147132303622,-0.054555902231972674,1.000000178363808e-06,0.452854169735805
main,67523,0.35774451343568225,-0.054559126710717595,1.0000001806088381e-06,0.452862263815669
main,67592,0.35607431190563443,-0.054560849103236594,1.0000001765072795e-06,0.4528203191024605
main,67431,0.3544041086585136,-0.054561085249641796,1.0000001786791883e-06,0.452848848424899
main,67500,0.35273390369431956,-0.05455983514993318,1.0000001746401299e-06,0.45289903517647145
main,67339,0.3510636970313217,-0.05455711462214872,1.0000001767524367e-06,0.45312833213590553
main,67408,0.3493934886695309,-0.054552923666288444,1.0000001727931146e-06,0.45300539505811516
main,67247,0.3477232781372636,-0.054547278076648165,1.000000174828753e-06,0.45294599133685676
main,67316,0.3460530654345198,-0.05454017785322787,1.0000001708573057e-06,0.45299846196204197
main,67155,0.3443828559821158,-0.05453163936407651,1.0000001728454458e-06,0.4532217038376116
main,67224,0.34271264978004073,-0.05452166260919404,1.0000001687309402e-06,0.45328945270563215
main,67063,0.34104246106783775,-0.05451026580298794,1.000000170647809e-06,0.4532791922413074
main,67132,0.33937228984551765,-0.0544974489454583,1.0000001665599501e-06,0.45331780992706777
main,66971,0.3377021358852683,-0.054483230532423516,1.0000001684000229e-06,0.45325572350732385
main,67040,0.3360319991871006,-0.05446761056388369,1.0000001643959037e-06,0.4533348704179183
main,66879,0.3343618795233466,-0.054450607524815064,1.0000001661620754e-06,0.4534775250262965
main,66948,0.33269177689399554,-0.05443222141521753,1.0000001622191608e-06,0.45335712337604417
main,66787,0.33102169107151436,-0.0544124707095726,1.0000001639151943e-06,0.45335255461400886
main,66856,0.329351622055903,-0.05439135540788026,1.0000001600465043e-06,0.45340587668867965
main,66695,0.3276815696197424,-0.054368893974474204,1.0000001616735612e-06,0.45342426307810524
main,66764,0.3260115337630435,-0.05434508640935459,1.0000001578635056e-06,0.453344842209509
main,66603,0.3243415142585134,-0.05431995116705432,1.000000159432328e-06,0.4534934460613198
main,66672,0.3226715111061412,-0.05429348824757323,1.0000001556963824e-06,0.4536482868171462
main,66511,0.3210015240787614,-0.05426571609598997,1.0000001571982699e-06,0.45380754135571794
main,66580,0.3193315531763633,-0.05423663471230438,1.0000001535218513e-06,0.45382724645083766
main,66419,0.3176616023677531,-0.054206262581325715,1.0000001549633167e-06,0.4537996601899768
main,66488,0.31599167165294173,-0.05417459970305417,1.0000001519278305e-06,0.45395508247307687
main,66327,0.3143217785264532,-0.05414165999132077,1.0000001533192353e-06,0.4542754589848634
main,66396,0.3126519229882876,-0.05410744344612552,1.0000001514947784e-06,0.4545478572607845
main,66235,0.3109820962074935,-0.05407195356645232,1.000000152873512e-06,0.4547131074397614
main,66304,0.30931229818407086,-0.054035190352301185,1.0000001512092688e-06,0.4545413884746757
main,66143,0.3076425288628022,-0.053997156248625486,1.0000001525865708e-06,0.4544328798284973
main,66212,0.3059727882436874,-0.05395785125542524,1.0000001509221335e-06,0.4547031762659265
main,66051,0.30430307562541803,-0.05391727779084814,1.0000001522806782e-06,0.4549659287076366
main,66120,0.30263339100799397,-0.05387543585489418,1.0000001506428576e-06,0.45537227215075393
main,65959,0.3009637096465157,-0.0538323271944844,1.0000001519884963e-06,0.45545728736173785
main,66028,0.29929403154098333,-0.05378795180961878,1.0000001503516564e-06,0.45524973624026865
main,65867,0.2976243981880372,-0.05374231319870341,1.0000001516994082e-06,0.4555752458962047
main,65936,0.29595480958767717,-0.05369541136173828,1.000000150055699e-06,0.45554361204417765
main,65775,0.2942852656521402,-0.05364724877616804,1.0000001514094477e-06,0.4549904522083813
main,65844,0.2926157663814151,-0.05359782544199239,1.0000001497794551e-06,0.45478766003713217
main,65683,0.2909463116881067,-0.05354714382626055,1.0000001510973596e-06,0.45503531374782014
main,65752,0.289276901572215,-0.0534952039289725,1.0000001494849314e-06,0.4554057081933389
main,65591,0.28760753594670574,-0.05344200820683279,1.0000001508120101e-06,0.4555114123331984
main,65660,0.285938214811579,-0.05338755665984141,1.0000001492015578e-06,0.45551725678819627
main,65499,0.28426893808015974,-0.05333185173440863,1.0000001505154052e-06,0.4557267774894766
main,65568,0.28259970575245885,-0.05327489343053479,1.0000001489169213e-06,0.45568707564086874
main,65407,0.28093051774216427,-0.05321668418438618,1.0000001502234408e-06,0.45583198376014766
main,65476,0.27926137404927603,-0.053157223995962795,1.0000001486300278e-06,0.4558375142569858
main,65315,0.2775922745878542,-0.05309651529123706,1.0000001499259283e-06,0.4558703752759494
main,65384,0.2759232193578878,-0.053034558070208564,1.0000001483434567e-06,0.45685141079246855
main,65223,0.2742542082737963,-0.052971354748704874,1.0000001496325474e-06,0.4574333907924819
main,65292,0.2725852413355797,-0.052906905326725956,1.0000001480533324e-06,0.45681165137142904
main,45804,0.2709163184580097,-0.05284121221000332,1.0000001493383668e-06,0.45691796649609034
main,65200,0.26924743964108605,-0.05277427539853695,1.000000147766711e-06,0.4567548976762232
main,45712,0.26757860479993106,-0.052706097288010914,1.0000001490525848e-06,0.4562793820656868
main,45781,0.26590981393455554,-0.05263667787842567,1.0000001474875424e-06,0.45673191813354536
main,45620,0.2642410669604358,-0.052566019555466366,1.0000001487504926e-06,0.45766862449602014
main,45689,0.262572363877572,-0.052494122319132995,1.0000001472044286e-06,0.4576629313873025
main,45528,0.2609037104506817,-0.052420988763626976,1.0000001484637885e-06,0.45716463594452067
main,45597,0.2592351066797543,-0.05234661888894783,1.0000001478831603e-06,0.4573815153793356
main,45436,0.2575665795922641,-0.05227100819930609,1.000000149152715e-06,0.4578055169988179
main,45505,0.25589812918822186,-0.05219415669470223,1.000000150595748e-06,0.4581061673737942
main,45344,0.25422974274390764,-0.05211604080616021,1.0000001519528608e-06,0.4588480312401487
main,45413,0.2525614202593107,-0.0520366605336795,1.0000001535684986e-06,0.45927177343719705
main,45252,0.25089316300903886,-0.051955990680521015,1.0000001550040132e-06,0.45896457235538385
main,45321,0.2492249709930759,-0.05187403124668393,1.0000001565453843e-06,0.4588051418177364
main,45160,0.24755684548709034,-0.051790757014084705,1.0000001580721855e-06,0.45905535462643954
main,45229,0.24588878649110923,-0.05170616798272467,1.0000001595130553e-06,0.4592939019450863
main,45068,0.2442207952819296,-0.05162023891210457,1.0000001611337313e-06,0.45961186236075424
main,45137,0.2425528718595459,-0.051532969802224125,1.0000001624941206e-06,0.4597348008005189
main,44976,0.24088501750195426,-0.0514443353890955,1.000000164193502e-06,0.4592814806014151
main,45045,0.23921723220916005,-0.051354335672718965,1.0000001654687802e-06,0.4602954624272389
main,44884,0.23754951702774135,-0.051262945351401,1.000000167266102e-06,0.45989171079511726
main,44953,0.2358818719576983,-0.051170164425141614,1.0000001684426945e-06,0.45913569655117387
main,44792,0.23421429793129214,-0.051075967558277376,1.000000170343282e-06,0.4599852693789138
main,44861,0.232546794948512,-0.05098035475080766,1.000000171422252e-06,0.45954749963773867
main,44700,0.23087938447805065,-0.05088330186894339,1.0000001734177669e-06,0.4597181754262479
main,44769,0.22921206651991893,-0.05078480891268519,1.0000001743960914e-06,0.46083965426310125
main,44608,0.2275448426957693,-0.05068485063882254,1.000000176503746e-06,0.4608677667239644
main,44677,0.22587771300560167,-0.05058342704735545,1.0000001773787377e-06,0.4599195453724425
main,44516,0.22421067907253606,-0.05048051287227076,1.0000001795822838e-06,0.4596776299989029
main,44585,0.222543740896578,-0.050376108113568796,1.0000001803544435e-06,0.46134322286953305
main,44424,0.22087690010237765,-0.050270187481462815,1.000000182660387e-06,0.4610562859848485
main,44493,0.21921015668992955,-0.050162750975952464,1.000000183329961e-06,0.4593971083697273
main,44332,0.21754351228547897,-0.050053773282504974,1.0000001857419728e-06,0.45983308741842105
main,44401,0.2158769668890205,-0.04994325440111998,1.000000186303448e-06,0.4592406010219334
main,44240,0.2142105221284462,-0.049831168991543565,1.0000001888381025e-06,0.4596467760455913
main,44309,0.21254417800376146,-0.04971751705377611,1.000000189280534e-06,0.4597251664105175
main,44148,0.2108779361445762,-0.049602273220866924,1.0000001919152364e-06,0.4598990949878061
main,44217,0.20921179655087963,-0.04948543749281522,1.0000001922045045e-06,0.46000344541534766
main,44033,0.2075457592467352,-0.04936698483781735,1.0000001949549551e-06,0.4608569787016101
main,44102,0.2058798242321538,-0.04924691525587409,1.000000191347528e-06,0.46080305163222096
main,61455,0.2042140077931997,-0.049125237125744875,1.0000001940719506e-06,0.45988710219630785
main,43964,0.20254830992986206,-0.04900195044742892,1.0000001844241117e-06,0.4605140241644415
main,61386,0.20088273895433512,-0.04887711514074969,1.000000186885552e-06,0.4599542095234115
main,61432,0.1992172948666244,-0.04875073120570757,1.000000176938258e-06,0.4585975002136133
main,61294,0.19755197244869574,-0.04862286232680922,1.000000179116571e-06,0.4600634588463464
main,61363,0.1958867717005544,-0.04849350850405504,1.000000169427001e-06,0.46046201484699506
main,61202,0.19422168740397167,-0.04836273342441882,1.000000171359954e-06,0.45792067265343156
main,61271,0.19255671955893672,-0.04823053708789969,1.0000001619206748e-06,0.4593102604042224
main,61110,0.19089186294707183,-0.04809698318329424,1.0000001636053906e-06,0.4604654757248762
main,61179,0.18922711756838256,-0.04796207171060288,1.0000001543969816e-06,0.459501983438942
main,61018,0.18756247820438615,-0.0478258663598006,1.0000001558546812e-06,0.4587970290064012
main,61087,0.18589794485508798,-0.047688367130887824,1.0000001468578564e-06,0.4596473479776835
main,60926,0.18423351230196985,-0.04754963771437565,1.0000001481127264e-06,0.4598319441183425
main,60995,0.18256918054502091,-0.04740967811026318,1.0000001393271401e-06,0.45841848133554897
main,60834,0.18090494436572896,-0.04726855200895313,1.0000001403769062e-06,0.4580456981342421
main,60903,0.17924080376410484,-0.04712625941044642,1.0000001317782589e-06,0.4595537447078681
main,60742,0.17757675352169539,-0.04698286400439393,1.0000001326494166e-06,0.46016381717415333
main,60811,0.1759127936384951,-0.04683836579079521,1.0000001242216412e-06,0.4586508229889207
main,60650,0.17424891889617025,-0.04669282845790659,1.000000124924427e-06,0.45796603081187115
main,60719,0.172585129294721,-0.04654625200572811,1.0000001166657e-06,0.45834974032233256
main,60558,0.17092142024056484,-0.04639870017659306,1.0000001172090173e-06,0.458297370764773
main,60627,0.1692577917337018,-0.04625017297050142,1.0000001091052223e-06,0.4574909417148642
main,60466,0.16759426606046596,-0.04610073657339389,1.0000001095012597e-06,0.45772634360968595
main,60535,0.1659308432208465,-0.04595039098526946,1.000000101532131e-06,0.4582445385567636
main,60374,0.16426749788492534,-0.045799198121350054,1.0000001017982043e-06,0.4574039830201666
main,60443,0.16260423005271862,-0.045647157981637106,1.0000000939421674e-06,0.45616835498700026
main,60282,0.16094103390322625,-0.045494334201637676,1.0000000941151275e-06,0.45669763740540803
main,60351,0.1592779094364431,-0.04534072678135129,1.0000000903660288e-06,0.45698054737275173
main,60190,0.1576147828566827,-0.04518635914782924,1.0000000904760019e-06,0.45570436608735365
main,60259,0.15595165416394496,-0.04503123130107149,1.0000001179081375e-06,0.4543981338697719
main,60098,0.15428861105430758,-0.0448751178799764,1.0000001184745559e-06,0.45436977209255514
main,60167,0.15262565352776003,-0.044718018884542965,1.000000159863486e-06,0.45479282797481096
main,60006,0.15096284098473775,-0.044559582620340286,1.000000161499087e-06,0.4536802294462683
main,60075,0.14930017342524587,-0.04439980908736886,1.0000002017094917e-06,0.45349089004142507
main,59914,0.1476376892711797,-0.04423834389770667,1.0000002048544304e-06,0.4533195543899797
main,59983,0.14597538852254993,-0.044075187051354735,1.0000002433374728e-06,0.45412187565803114
main,59822,0.14431330960989563,-0.04390998408068827,1.000000248439178e-06,0.4557652914366643
main,59891,0.142651452533217,-0.04374273498570728,1.0000002847529328e-06,0.45582085470587075
main,59730,0.1409898557369465,-0.04357308517074074,1.0000002922914314e-06,0.45709366673588925
main,59799,0.13932851922107325,-0.04340103463578754,1.000000325962252e-06,0.4597548555155682
main,59638,0.13766748144915475,-0.043226228608750195,1.0000003363692309e-06,0.4596515559154062
main,59707,0.13600674242119645,-0.04304866708962925,1.0000003669682114e-06,0.4572018918181468
main,59546,0.13434634062512618,-0.04286799508146838,1.000000380703478e-06,0.457085264929388
main,59615,0.1326862760609494,-0.042684212584268175,1.0000004077579978e-06,0.45737308128440524
main,59454,0.1310265872462394,-0.04249696432771197,1.0000004252800815e-06,0.45752376755405944
main,59523,0.12936727418098531,-0.04230625031179852,1.0000004483320599e-06,0.45691471962121133
main,59362,0.12770837541766605,-0.042111714944256515,1.000000470090921e-06,0.45639666464555995
main,59431,0.126049890956287,-0.041913358225086565,1.000000488675661e-06,0.45903265969312623
main,59270,0.12439185938950316,-0.04171082419135958,1.0000005151199333e-06,0.4596141678792999
main,59339,0.12273428071732276,-0.041504112843076556,1.000000528783677e-06,0.4579905078040761
main,59178,0.1210771935778874,-0.04129286779782318,1.000000560379953e-06,0.4595552084231727
main,59247,0.11942059797118905,-0.04107708905559844,1.0000005491155888e-06,0.4604746012497207
main,59086,0.1177647667622862,-0.04085662851990347,1.0000005836576068e-06,0.460959420626737
main,59155,0.1161096999511842,-0.04063148619073896,1.0000004340584017e-06,0.461339623497768
main,58994,0.1144551954364372,-0.040402668448812754,1.0000004543191712e-06,0.4617551947200931
main,59063,0.11280125321803691,-0.0401701752941237,1.0000002582627154e-06,0.4624302892769981
main,58902,0.11114761708460036,-0.039935517473573,1.0000002641874186e-06,0.4613870754552051
main,58971,0.1094942870361358,-0.03969869498716182,1.000000078095525e-06,0.4616164611182248
main,58810,0.10784104848325579,-0.03946122543415079,1.0000000780733709e-06,0.4604052733212298
main,58879,0.10618790142595225,-0.039223108814538714,9.999999276398872e-07,0.4604433353387305
main,58718,0.10453467139997394,-0.03898558633023637,9.999999289966494e-07,0.4613469634454978
main,58787,0.10288135840532375,-0.03874865798124416,9.99999990019444e-07,0.46035357164232193
main,58626,0.10122803077517464,-0.03851181147063794,9.999999901269022e-07,0.4576786398387332
main,58695,0.0995746885095293,-0.03827504679841806,1.0000001340357984e-06,0.4556084972517507
main,58534,0.09792150894186533,-0.03803716833690353,1.0000001349578441e-06,0.45719971454263386
main,58603,0.09626849207218273,-0.03779817608609433,1.0000002756441014e-06,0.4555063203257742
main,58442,0.09461581284741089,-0.0375568724034932,1.0000002825949368e-06,0.4535937975634495
main,58511,0.09296347126754981,-0.03731325728910015,1.0000004132180007e-06,0.44785408801626386
main,58350,0.09131164279541493,-0.037066145559537876,1.0000004312956498e-06,0.4427059233308202
main,58419,0.08966032743100891,-0.03681553721480679,1.0000004763597868e-06,0.44324820348406996
main,58258,0.08800964341340514,-0.036560886332939524,1.0000005013517486e-06,0.44176983855174456
main,58327,0.08635959074259289,-0.03630219291393437,1.0000004329049211e-06,0.43961072099105214
main,58166,0.08471012208519152,-0.03603983854938615,1.0000004530088297e-06,0.4366253826146257
main,58235,0.08306123744120367,-0.03577382323929524,1.000000382116232e-06,0.43828529275984324
main,58074,0.08141286734634891,-0.0355045875999451,1.000000397197339e-06,0.43567618348228426
main,58143,0.07976501180063278,-0.03523213163133661,1.0000003928172192e-06,0.42318189371737686
main,57982,0.07811771751314028,-0.03495636794367918,1.0000004089097049e-06,0.41617829718238575
main,58051,0.07647098448386838,-0.03467729653697228,1.000000485270077e-06,0.41171213129939443
main,57890,0.07482496273170142,-0.03439411576251114,1.0000005113301351e-06,0.39656379605183684
main,57959,0.07317965225664491,-0.03410682562029668,1.0000005807888229e-06,0.38226988246254623
main,57798,0.07153521005111113,-0.033814586750091816,1.000000619824926e-06,0.3646621128162259
main,57867,0.0698916361151029,-0.033517399151897054,1.0000005940228703e-06,0.3512212196245965
main,57706,0.06824899849372507,-0.033215153778562906,1.0000006351032828e-06,0.3324928912280501
main,57775,0.06660729718697238,-0.03290785063008844,1.0000004707039362e-06,0.3155342914099398
main,57614,0.064966354911328,-0.032596578083198914,1.0000004950281814e-06,0.2901610561861503
main,57683,0.06332617166678958,-0.03228133613789387,1.0000003367981934e-06,0.26188803864889654
main,57522,0.061686523911041354,-0.03196327883321434,1.0000003480391282e-06,0.21755447151358415
main,57591,0.060047411644085405,-0.03164240616916074,1.0000009068270636e-06,0.15519943738828096
main,57430,0.058409890698641734,-0.03131366094970786,1.0000010123460162e-06,0.046830472531351294
main,57499,0.05677396107470632,-0.03097704317485486,1.0000040241744695e-06,0.2537393525181344
main,57316,0.05515392448994005,-0.030578423961977852,1.0000112755854987e-06,0.20646996779699991
main,57385,0.053549780944345524,-0.03011780331107703,9.999999999978157e-07,1.4479988720984809
main,57203,0.05203573855044431,-0.029455156660293434,1.0000000000011362e-06,1.6215100623671848
main,57271,0.050611797308236124,-0.028590484009625536,1.0000000000011362e-06,1.5599388471597484
main,57090,0.0493004556588369,-0.027577911674957614,1.0000000000029474e-06,1.7208706424803368
main,57158,0.04810171360224776,-0.02641743965628912,1.0000000000006676e-06,1.6854466903107062
main,56977,0.04703270696017598,-0.02514791131747594,1.000000000001523e-06,1.8358289906271794
main,57045,0.04609343573262205,-0.023769326658517068,9.999999999978711e-07,1.649729265509927
main,56864,0.04530821291359835,-0.02230804962972914,9.999999999975582e-07,1.834410761424061
main,56932,0.04467703850310556,-0.020764080231110885,1.0000000000058413e-06,1.5358993843685491
main,56751,0.04422408922006184,-0.019169571661785588,9.999999999990602e-07,1.7369337204489117
main,56819,0.04394936506446895,-0.017524523921755554,9.999999999916444e-07,1.8535175953215406
main,56706,0.04383912329250181,-0.01563104581216719,1.0000017009223922e-06,1.4345197765520643
main,56660,0.04399729681963608,-0.013496599662475846,1.0000154027523426e-06,0.04345977458962304
main,56614,0.044354307234038104,-0.01138565622699406,1.0000141428625675e-06,0.08736207153871622
main,56568,0.04489302853664148,-0.009313557086942679,1.0000131267137336e-06,0.21965313459967586
main,56522,0.04559867514311902,-0.007292500225629269,1.0000124097320984e-06,0.22563145369886975
main,56476,0.04645855080784303,-0.005330529598447454,1.0000117015515192e-06,0.25716654702486824
main,56430,0.047456639283999145,-0.0034345291687980584,1.0000106148906574e-06,0.2985616240740614
main,56384,0.048575182654335705,-0.001606701912893495,1.0000094137365656e-06,0.291737655521282
main,56338,0.04979662428269455,0.00015414620684893693,1.0000082465909868e-06,0.2929220551435
main,56292,0.05110450840248017,0.0018505398784802894,1.0000071866860865e-06,0.324733820530516
main,56246,0.05248787571754068,0.0034882018095715494,1.0000064845021857e-06,0.3295661703859274
main,56200,0.05393676188735994,0.005068260799030764,1.000005978602893e-06,0.3402459779911881
main,56154,0.05544291656687754,0.006591905586709239,1.0000054653644346e-06,0.36288028707906117
main,56108,0.057001363762747254,0.008063868125604546,1.0000049651151366e-06,0.36742939327909313
main,56062,0.05860497804943217,0.00948644063006071,1.000004538161157e-06,0.3763870530435225
main,56016,0.06024833786785531,0.01086202003314455,1.0000042091422394e-06,0.3907894421574411
main,55970,0.061927833270382746,0.01219330046095378,1.0000039114991117e-06,0.3966808422182329
main,55924,0.06363924640548504,0.013482128492341965,1.0000036127992911e-06,0.39995262806533344
main,55878,0.065380096341579,0.01473170956886846,1.0000033206207556e-06,0.4059190517837754
main,55832,0.06714702286580698,0.01594445120710111,1.0000030704460385e-06,0.40414474976136344
main,55786,0.06893706919698084,0.01712223869333237,1.0000028893307125e-06,0.40169601628322127
main,55740,0.07074835884002417,0.01826672403234706,1.0000027337296293e-06,0.40897631173819443
main,55694,0.07257923208974892,0.0193793843666621,1.0000025783664159e-06,0.4101819725962314
main,55648,0.074428508383902,0.0204619745827958,1.0000024328941185e-06,0.4047778267768839
main,55602,0.07629444825417009,0.02151572402382829,1.0000023099854461e-06,0.40727083451966467
main,55556,0.07817540781879263,0.02254161288371114,1.0000021983325524e-06,0.4132990686995555
main,55510,0.08007052083148106,0.023540920884164946,1.0000020873700463e-06,0.41043099980759074
main,55464,0.08197907541069521,0.02451498497302223,1.0000019787711607e-06,0.4121801897361155
main,55418,0.08389980766953445,0.025464815955634264,1.0000018846016636e-06,0.4149553818384562
main,55372,0.08583160378570391,0.02639127217927429,1.000001808801451e-06,0.4157047550639847
main,55326,0.08777399695635268,0.027295277562648594,1.0000017379647968e-06,0.4167719152146141
main,55280,0.089726324889179,0.0281775965202753,1.0000016674495923e-06,0.4176505246890729
main,55234,0.09168801395366971,0.029039030951734837,1.0000015995238553e-06,0.4156852319606788
main,55188,0.09365854577351783,0.02988036097529754,1.0000015406406185e-06,0.41397812419829944
main,55142,0.09563721921961416,0.030702151560993655,1.0000014897820036e-06,0.4143174371911148
main,55096,0.09762354735312623,0.03150495843351156,1.0000014398091737e-06,0.41521987992433174
main,55050,0.09961727323183697,0.03228941881239333,1.000001390083555e-06,0.415058206186083
main,55004,0.10161800971496425,0.03305611150668643,1.0000013436331165e-06,0.4157841061172016
main,54958,0.103625199507472,0.03380549963027926,1.0000013037450596e-06,0.41890394727110436
main,54912,0.10563850556824189,0.034538039339286175,1.0000012672325224e-06,0.4175735307569005
main,54866,0.1076577121335788,0.035254187225864445,1.0000012309552875e-06,0.4193688020339821
main,54820,0.10968249882431345,0.03595435884288851,1.000001195200501e-06,0.4213261481000677
main,54774,0.1117126714633503,0.03663900530054083,1.0000011626129731e-06,0.42272071245486387
main,54728,0.11374791683958499,0.03730848774482336,1.000001134463237e-06,0.42495513010430697
main,54682,0.1157878984858293,0.03796310210464771,1.0000011075145567e-06,0.4222813341075892
main,54636,0.11783248666156099,0.03860319693701629,1.0000010806087773e-06,0.4223726651953428
main,54590,0.11988156352729094,0.03922912198336564,1.0000010554138887e-06,0.42823534400184843
main,54544,0.12193486890268859,0.03984115582012354,1.0000010364343146e-06,0.43075883927393976
main,54498,0.12399211624481851,0.040439479555251595,1.000001023020344e-06,0.4334160518435776
main,54452,0.1260531934667809,0.0410242534541045,1.0000010103838737e-06,0.43738595327144064
main,54406,0.128118053236846,0.041595644972830914,1.00000099743638e-06,0.43863497800530465
main,54360,0.13018661219403135,0.042153815496501115,1.0000009742196955e-06,0.44176992399229875
main,54314,0.13225860966074082,0.0426990397167524,1.0000009291558323e-06,0.4456184473481737
main,54268,0.1343337373301079,0.04323189228326128,1.0000008714661183e-06,0.4490075064301135
main,54222,0.13641178982928187,0.04375313975372285,1.0000008131522813e-06,0.45296084075311127
main,54176,0.13849257143223181,0.04426355872695076,1.0000007735160712e-06,0.45707157981737867
main,54130,0.140575939432665,0.04476365236408027,1.0000008863187438e-06,0.4623799516673998
main,54084,0.1426621376126299,0.045251705598452,1.0000012043666444e-06,0.4679847398420633
main,54038,0.1447520326003868,0.04572325254479521,1.0000015890168715e-06,0.4727963806448654
main,53992,0.14684679318772753,0.0461730117606515,1.0000019745273758e-06,0.47642249653394253
main,53946,0.14894719305097393,0.04659560296149616,1.0000023424241735e-06,0.47812154592626943
main,53900,0.15105408335961173,0.046985999811641296,1.0000025216776754e-06,0.4758430524682764
main,53854,0.1531671526107467,0.04734236070485906,1.000002346729283e-06,0.4717412259756846
main,53808,0.15528492066641736,0.04766723402603458,1.0000020302517392e-06,0.46731915517687783
main,53762,0.15740658263841334,0.04796484988920058,1.000001713321829e-06,0.46054551602490945
main,53716,0.15953153114009178,0.04823946000774995,1.0000013977322376e-06,0.45369968916444137
main,53670,0.1616590540187886,0.04849527973839747,1.0000011087584305e-06,0.4474291565802135
main,53624,0.16378819487580804,0.04873609888774504,1.0000008943399694e-06,0.4426748285996979
main,53578,0.16591842895735565,0.04896474256722662,1.0000007342861583e-06,0.4387475119551085
main,53532,0.1680496718090165,0.0491833989170064,1.0000005786662312e-06,0.4327998626228555
main,53486,0.1701817096997869,0.049394183981136264,1.0000004229154895e-06,0.42851798137469893
main,53440,0.1723143287696508,0.04959921508095519,1.0000002670982503e-06,0.42548761502113114
main,53394,0.1744473122211524,0.04980060992471322,1.0000001295385038e-06,0.42139445607293224
main,53348,0.17658044472919276,0.05000023383045968,1.000000064749787e-06,0.4189478010261373
main,53302,0.1787136364975211,0.05019896783539013,1.0000000640069408e-06,0.4180752761838601
main,53256,0.18084690895007755,0.05039682403935451,1.0000000731054193e-06,0.41665993202230966
main,53210,0.18298027355781235,0.05059367764458672,1.0000000822033864e-06,0.4156099929445271
main,53164,0.18511374179164153,0.050789403853695875,1.0000000912941087e-06,0.41458638335094744
main,53118,0.1872473251226896,0.050983877867023894,1.0000001003891895e-06,0.4127010533181641
main,53072,0.18938103502253212,0.05117697488000332,1.0000001094960841e-06,0.4105942449242364
main,53026,0.19151488499188105,0.051368570261107124,1.0000001185877858e-06,0.4093988626747285
main,52980,0.19364888187704166,0.051558538776561566,1.0000001276886919e-06,0.40851877621561594
main,52934,0.19578302997035602,0.0517467549651186,1.0000001367853156e-06,0.4067257035941575
main,52888,0.19791733986489335,0.05193309392642189,1.0000001458884094e-06,0.40568200166867413
main,52842,0.200051822325717,0.05211743076357549,1.0000001549908647e-06,0.4052298188876959
main,52796,0.20218648811910744,0.05229964056556198,1.000000164092032e-06,0.404840948524683
main,52750,0.2043213480127547,0.05247959840501294,1.0000001731909598e-06,0.40427259259927784
main,52704,0.2064564127759502,0.052657179335978826,1.000000181255625e-06,0.40346115521477416
main,52658,0.20859174912237305,0.052832277544186325,1.0000001839392442e-06,0.40263974592311047
main,52612,0.2107273404604736,0.05300485518168552,1.0000001811005808e-06,0.401223953195971
main,52566,0.2128631063251605,0.05317494497570874,1.0000001771363575e-06,0.4008322986510509
main,52520,0.21499904226442096,0.05334260145035764,1.0000001731765908e-06,0.40104876685516555
main,52474,0.2171351444644841,0.053507879170652584,1.0000001692039842e-06,0.4002717209817043
main,52428,0.21927140911234125,0.05367083269071024,1.000000165237087e-06,0.39995712218815777
main,52382,0.22140783239571327,0.053831516554206274,1.0000001612732397e-06,0.40006643971436273
main,52336,0.22354441050301865,0.05398998529483788,1.0000001573029733e-06,0.39915743111528035
main,52290,0.2256811396233409,0.05414629343678595,1.0000001533379301e-06,0.39854836166466373
main,52244,0.2278180159463965,0.05430049549517721,1.0000001493745753e-06,0.39848806219466776
main,52198,0.22995503566250236,0.0544526459765462,1.0000001454001174e-06,0.3989361699396126
main,52152,0.23209219496254357,0.054602799379297004,1.0000001414306008e-06,0.399769761665424
main,52106,0.23422949003794147,0.054751010194164985,1.0000001374679405e-06,0.40047941739258025
main,52060,0.2363669170806208,0.05489733290467827,1.0000001334969912e-06,0.40104498765240915
main,52014,0.23850447228297794,0.055041821987619144,1.0000001295303315e-06,0.4007062356387072
main,51968,0.2406421518378489,0.05518453191348545,1.0000001255692331e-06,0.4012101763804925
main,51922,0.2427799519384764,0.05532551714695171,1.000000121605461e-06,0.4019126257066256
main,51876,0.24491786877847765,0.05546483214733026,1.0000001176347536e-06,0.4017709406739173
main,51830,0.2470558985518127,0.05560253136903235,1.0000001136729777e-06,0.40175310170122724
main,51784,0.2491940374527521,0.05573866926202917,1.0000001097084495e-06,0.4027928836575194
main,51738,0.25133228167584415,0.055873300272312715,1.0000001057388018e-06,0.40394750538683516
main,51692,0.25347062741588333,0.056006478842356745,1.0000001017722181e-06,0.4044672563742143
main,51646,0.2556090708678778,0.05613825941157769,1.0000000978066674e-06,0.40435998494436104
main,51600,0.25774760822701714,0.056268696416795466,1.0000000942915897e-06,0.4044463479525427
main,51554,0.25988619461153445,0.056397835523781165,1.0000000940614949e-06,0.4054894694116988
main,51508,0.26202481545840617,0.05652567901898281,1.0000000977136924e-06,0.40667889282229447
main,51462,0.2641635074209425,0.05665217850188839,1.0000001024662846e-06,0.4072930249753781
main,51416,0.2663022806188109,0.05677726908024611,1.0000001072263565e-06,0.40793259388233594
main,51370,0.2684411388175766,0.056900885445997335,1.0000001119697033e-06,0.40925382818420547
main,51324,0.2705800857829927,0.057022962287825205,1.0000001167197971e-06,0.4101449669210952
main,51278,0.2727191252810138,0.057143434290917505,1.0000001214705324e-06,0.4109379494764675
main,51232,0.2748582610778094,0.05726223613672969,1.0000001262272138e-06,0.41155477549297154
main,51186,0.27699749265789797,0.05737930227202222,1.000000130968818e-06,0.41207997308763705
main,51140,0.27913681906207993,0.057494567127054134,1.0000001357189475e-06,0.41270932876329874
main,51094,0.2812762435205576,0.0576079653667642,1.0000001404733043e-06,0.41358163918176366
main,51048,0.2834157695412254,0.057719431669539065,1.0000001452182666e-06,0.4144889127782015
main,51002,0.28555540226761195,0.0578289008144755,1.0000001488045672e-06,0.4147414781744104
main,50956,0.28769515201685375,0.05793632395988911,1.0000001479980523e-06,0.41503421220258896
main,50910,0.28983500852621435,0.058041712236194025,1.0000001433351849e-06,0.41547244705859715
main,50864,0.29197495303697807,0.05814512902040172,1.000000138108273e-06,0.41617700327667123
main,50818,0.29411498233880135,0.05824664623370634,1.0000001328760817e-06,0.4167861908090779
main,50772,0.2962550932216743,0.058346335789840865,1.0000001276537941e-06,0.4166954906590302
main,50726,0.29839528247589675,0.05844426959559944,1.0000001224235084e-06,0.41698053858694467
main,50680,0.3005355468920548,0.05854051955135944,1.0000001171923189e-06,0.41744874268099674
main,50634,0.30267588326099776,0.05863515755160336,1.0000001119674862e-06,0.417503540324058
main,50588,0.3048162883738146,0.05872825548544089,1.0000001067446408e-06,0.4180164683789228
main,50542,0.3069567590218111,0.05881988523713061,1.0000001015217026e-06,0.41864992765352166
main,50496,0.3090972919964859,0.058910118686601724,1.0000000962898984e-06,0.4189650375979248
main,50450,0.3112378840895079,0.058999027709975914,1.0000000910587138e-06,0.4193215991500218
main,50404,0.31337853209269284,0.05908668418008889,1.0000000858476154e-06,0.41953072745196557
main,50358,0.3155192316351799,0.05917315968810908,1.0000000819034275e-06,0.4197670049581452
main,50312,0.31765997454573947,0.05925850820093044,1.0000000812972725e-06,0.4201446300746585
main,50266,0.3198007568216359,0.059342737804695886,1.0000000829978942e-06,0.42052854194736
main,50220,0.3219415803340163,0.05942582527154455,1.0000000848803485e-06,0.4210643020375044
main,50174,0.3240824460218068,0.059507744595817695,1.0000000867740994e-06,0.42169006535772663
main,50128,0.3262233548239648,0.059588469770981006,1.0000000886574897e-06,0.4220713553334502
main,50082,0.3283643076794814,0.05966797478957403,1.0000000905533786e-06,0.4222137139726582
main,50036,0.3305053055273828,0.05974623364315972,1.0000000924396098e-06,0.42270337427471977
main,49990,0.3326463493067322,0.05982322032227403,1.0000000943345787e-06,0.4232012698126756
main,49944,0.33478743995663185,0.059898908816375426,1.000000096217839e-06,0.4233304349271212
main,49898,0.3369285784162246,0.05997327311379441,1.0000000981127264e-06,0.4237379193197881
main,49852,0.33906976562469604,0.06004628720168308,1.000000099999875e-06,0.42422688537224656
main,49806,0.341211002521276,0.06011792506596453,1.000000101893579e-06,0.4245561623394454
main,49760,0.3433522900452402,0.060188160691282556,1.0000001037542632e-06,0.42500621863109767
main,49714,0.345493625255777,0.06025696825798339,1.0000001050737493e-06,0.4253813678449029
main,49668,0.34763500124231744,0.06032432941465139,1.000000105339645e-06,0.42561554740476065
main,49622,0.3497764170514298,0.06039024049653731,1.0000001050628596e-06,0.4258769930287646
main,49576,0.3519178751683279,0.060454705479453835,1.0000001047543609e-06,0.4261970662500351
main,49530,0.3540593754701265,0.06051772856366819,1.0000001044572338e-06,0.4265440966195988
main,49484,0.3562009178340177,0.060579313946807996,1.0000001041500855e-06,0.4268018200011485
main,49438,0.35834250213727037,0.06063946582388033,1.0000001038429312e-06,0.42701332610685105
main,49392,0.36048412825722925,0.060698188387290575,1.0000001035395073e-06,0.42733104628984486
main,49346,0.36262581361113755,0.060755486284463894,1.0000001032238075e-06,0.42761040766701014
main,49300,0.36476755209370815,0.06081136352731012,1.0000001029233202e-06,0.4278188992309675
main,49254,0.36690931945716837,0.060865823664614085,1.0000001026226845e-06,0.4280957770428635
main,49208,0.3690511149956278,0.06091887088911836,1.0000001023210364e-06,0.42833648016350834
main,49162,0.3711929386252022,0.0609705094074393,1.0000001020188421e-06,0.42851328269790684
main,49116,0.37333479026206196,0.06102074342344781,1.0000001017036262e-06,0.4286521610482415
main,49070,0.3754766698224315,0.06106957713828903,1.0000001014069993e-06,0.4288335126117658
main,49024,0.3776185772225895,0.061117014750402224,1.0000001011046948e-06,0.42905093380271897
main,48978,0.3797605123788682,0.06116306045554061,1.00000010079557e-06,0.42924609738769953
main,48932,0.3819024752076528,0.06120771844679103,1.0000001004913815e-06,0.4294139584709343
main,48886,0.3840444656253814,0.061250992914593724,1.000000100183051e-06,0.4295608280611833
main,48840,0.3861864835485449,0.061292888046762056,1.0000000998848259e-06,0.4297074616311055
main,48794,0.38832852889368535,0.06133340802850222,1.000000099579512e-06,0.4298111788363755
main,48748,0.3904706015773969,0.061372557042432885,1.0000000992825162e-06,0.4298913695969167
main,48702,0.3926127015163249,0.061410339268604834,1.000000098970742e-06,0.4299610616461096
main,48656,0.39475482862716565,0.061446758884520655,1.0000000986705798e-06,0.430151828713811
main,48610,0.3968969828266655,0.061481820065154354,1.0000000983642143e-06,0.43038041827784235
main,48564,0.3990391640316209,0.061515526982970886,1.0000000980655814e-06,0.4304912885048069
main,48518,0.4011813721588783,0.061547883807945694,1.000000097757934e-06,0.4305950603460682
main,48472,0.4033236071253331,0.06157889470758439,1.0000000974518976e-06,0.4307635679489777
main,48426,0.40546586832707643,0.06160856383948739,1.0000000972002627e-06,0.4310332178787996
main,48380,0.4076081467013417,0.06163689464032791,1.000000097113076e-06,0.4312813253593263
main,48334,0.40975043428670976,0.061663888184523105,1.0000000971814465e-06,0.4315352200949349
main,48288,0.41189273162665896,0.061689543566951666,1.000000097265963e-06,0.4317525017689381
main,48242,0.41403503873019754,0.0617138595518288,1.0000000973526096e-06,0.43188380550794514
main,48196,0.4161773556063504,0.06173683490110858,1.0000000974460401e-06,0.43204652791617615
main,48150,0.41831968226415894,0.06175846837447867,1.0000000975413853e-06,0.43218404076464206
main,48104,0.420462018712681,0.06177875872935514,1.0000000976298999e-06,0.4322630580003191
main,48058,0.4226043649609911,0.061797704720877214,1.0000000977231323e-06,0.43236060929070536
main,48012,0.42474672101818,0.06181530510190194,1.0000000978114828e-06,0.43243829547612156
main,47966,0.4268890868933557,0.061831558622998835,1.000000097902916e-06,0.4325802168731378
main,47920,0.42903146259564284,0.061846464032444724,1.000000097991481e-06,0.43277004126250945
main,47874,0.43117384813418236,0.061860020076218276,1.0000000980869457e-06,0.43287685550696364
main,47828,0.43331624351813236,0.061872225497994746,1.0000000981763964e-06,0.4329622508162721
main,47782,0.4354586487566678,0.06188307903914058,1.0000000982643934e-06,0.43304219780617237
main,47736,0.43760106385898045,0.061892579438707976,1.0000000983570802e-06,0.4331980940608617
main,47690,0.43974348883427894,0.06190072543342956,1.0000000984507807e-06,0.433277296791338
main,47644,0.4418859236917887,0.061907515757712944,1.0000000985401445e-06,0.43329527599763895
main,47598,0.4440283684407523,0.06191294914363531,1.0000000986391036e-06,0.43335594850096376
main,47552,0.44617082309042955,0.06191702432093789,1.0000000987264365e-06,0.433429107696639
main,47506,0.4483132708654557,0.06191974000640392,1.0000000988140915e-06,0.4335302954791036
main,47460,0.45045570516520395,0.061921094946448305,1.0000000989074708e-06,0.4335844607896407
main,47414,0.45259813651272085,0.061921087908181044,1.0000000990057185e-06,0.43367200597085365
main,47368,0.45474056525047823,0.06191971763640655,1.0000000990974488e-06,0.43377581292280365
main,47322,0.456882991376068,0.061916982873203116,1.0000000991829098e-06,0.4338424649788682
main,47276,0.4590254148870777,0.06191288235835497,1.000000099270234e-06,0.43395531210029853
main,47230,0.46116783578109044,0.06190741482934689,1.0000000993628122e-06,0.4341181022054678
main,47184,0.46331025405568504,0.061900579021358856,1.0000000994645226e-06,0.4342198688123556
main,47138,0.4654526697084357,0.06189237366726086,1.0000000995457209e-06,0.4343161701106198
main,47092,0.46759508292352336,0.0618827974966622,1.0000000996141086e-06,0.43442094935039355
main,47046,0.4697374968696716,0.06187184954649317,1.0000000995759242e-06,0.4344680865463572
main,47000,0.4718799059953164,0.06185953042253792,1.0000000994254572e-06,0.4345526972129021
main,46954,0.4740223017769323,0.06184584222362262,1.0000000992540131e-06,0.4346075244982926
main,46908,0.4761646842372462,0.06183078728152641,1.0000000990933638e-06,0.43467446811354005
main,46862,0.47830705339897206,0.061814367926710884,1.000000098926151e-06,0.43469163180305675
main,46816,0.48044940928481206,0.06179658648832562,1.000000098748247e-06,0.4346642696608884
main,46770,0.48259175191745474,0.06177744529421353,1.0000000985817527e-06,0.4347139082324585
main,46724,0.48473408131957596,0.06175694667091658,1.0000000984111927e-06,0.4346930476231613
main,46678,0.48687639751383927,0.06173509294368125,1.0000000982476175e-06,0.4346326507149604
main,46632,0.489018700522896,0.06171188643646398,1.0000000980745123e-06,0.43458682099366736
main,46586,0.49116099036938443,0.06168732947193678,1.000000097907635e-06,0.4345412632489343
main,46540,0.49330326707593064,0.06166142437149277,1.0000000977337385e-06,0.434532441957788
main,46494,0.4954455306651482,0.06163417345525152,1.0000000975686998e-06,0.4345359396328077
main,46448,0.49758778115963814,0.06160557904206469,1.0000000974021558e-06,0.4345010053501922
main,46402,0.499730018685455,0.06157564341458363,1.0000000973503714e-06,0.43443925571982256
main,46356,0.5018722390279338,0.06154436738042922,1.0000000975508234e-06,0.43441788612042054
main,32930,0.5040144356481375,0.06151174819852772,1.000000097919361e-06,0.43443059540004214
flap,61478,1.025562612775449,-0.07652337388364767,9.999995344013924e-07,0.4092336032037351
flap,95956,1.024183033650894,-0.07579819172821453,9.999995612176374e-07,0.4087485267359038
flap,96002,1.0228019357613096,-0.07507593434148324,9.9999954233787e-07,0.40840008348740253
flap,95864,1.0214193309441262,-0.07435654725474737,9.999995682161976e-07,0.4091318460419562
flap,95933,1.020035219199344,-0.0736400304680069,9.99999541424723e-07,0.40883222738832325
flap,95772,1.0186496411397816,-0.07292641128500926,9.999995675319979e-07,0.40831146095069126
flap,95841,1.0172625967654385,-0.07221568970575445,9.999995399509057e-07,0.4085921724168642
flap,95680,1.015874081646879,-0.07150787448331694,9.999995660515693e-07,0.40844934916474956
flap,95749,1.014484095784102,-0.07080296561769617,9.999995383694173e-07,0.40849075385260614
flap,95588,1.0130926346443712,-0.07010097206626115,9.999995648152153e-07,0.40871792478163654
flap,95657,1.0116996982275486,-0.06940189382894318,9.999995369355587e-07,0.40906368856355413
flap,95496,1.0103052818966667,-0.06870574006891285,9.999995635391853e-07,0.40972837409163826
flap,95565,1.0089093856518652,-0.06801251078623996,9.999995355211771e-07,0.40993484971849253
flap,95404,1.0075120154875785,-0.06732222050362555,9.999995621439537e-07,0.40939910432371185
flap,95473,1.0061131714038045,-0.06663486922106858,9.99999536214979e-07,0.4092530049417512
flap,95312,1.0047129186106796,-0.06595048366358607,9.9999956267375e-07,0.40963642191003863
flap,95381,1.0033112571082046,-0.06526906383117854,9.999995413925296e-07,0.4102753210061697
flap,95220,1.0019081867669004,-0.06459056913492736,9.999995674495614e-07,0.4101231683186158
flap,95289,1.0005037075867143,-0.0639149995748071,9.999995473247381e-07,0.40958763665630304
flap,95128,0.9990978370438663,-0.06324231898857231,9.999995726636004e-07,0.40990413790220326
flap,95197,0.9976905751384069,-0.0625725273762469,9.999995530258277e-07,0.41025566436073124
flap,95036,0.9962819602519325,-0.061905598603757286,9.999995778482588e-07,0.4100034725156109
flap,95105,0.9948719923844465,-0.06124153267110498,9.999995587951997e-07,0.4096694939344069
flap,94944,0.9934607035531143,-0.06058030031150878,9.999995830962215e-07,0.40923246679832304
flap,95013,0.9920480937579362,-0.0599219015249687,9.99999564581187e-07,0.40926318673158263
flap,94852,0.9906341794325333,-0.059266299840661577,9.999995882906428e-07,0.40883673974546314
flap,94921,0.9892189605769044,-0.058613495258586945,9.999995710016293e-07,0.40794454619291853
flap,94760,0.9878024476197832,-0.05796344339363711,9.999995941424652e-07,0.40696804798370495
flap,94829,0.9863846405611696,-0.057316144245812085,9.99999580245058e-07,0.40643389877692887
flap,94668,0.9849656224284786,-0.05667156563890878,9.999996024373013e-07,0.4064415342299061
flap,94737,0.9835453932217109,-0.056029707572927454,9.99999590044399e-07,0.4060001814970687
flap,94576,0.9821239807957118,-0.05539050747511594,9.999996113686492e-07,0.40441657410433757
flap,94645,0.9807013851504633,-0.05475396534546616,9.999995998424027e-07,0.40325442473058576
flap,94484,0.9792776340736629,-0.054120018762060663,9.999996202544939e-07,0.4030050166374676
flap,94553,0.9778527275653279,-0.05348866772490731,9.999996096489525e-07,0.40261610521060676
flap,94392,0.976426693349812,-0.052859849954358135,9.999996292289439e-07,0.40132164132000764
flap,94461,0.9749995314271158,-0.05223356545041359,9.999996194184543e-07,0.40039052578184653
flap,94300,0.9735712694620631,-0.05160975206717584,9.99999638116099e-07,0.3994457150951566
flap,94369,0.9721419074546537,-0.05098840980464492,9.99999629074606e-07,0.39824773490126575
flap,94208,0.9707115197035434,-0.050369497978377795,9.999996469050172e-07,0.39718451382484504
flap,94277,0.9692801062087322,-0.049753016588374485,9.999996375963565e-07,0.3962117694466457
flap,94116,0.967847667519792,-0.049138900822798544,9.999996547629801e-07,0.3954680789479929
flap,94185,0.9664142036367217,-0.04852715068164956,9.999996457702156e-07,0.3946651720428269
flap,94024,0.9649797651668142,-0.047917725742509173,9.99999662237144e-07,0.3937906102252349
flap,94093,0.9635443521100697,-0.047310626005377596,9.999996539296139e-07,0.3927201405567619
flap,93932,0.9621079865425518,-0.046705798800441484,9.999996697343025e-07,0.3907883289782015
flap,94001,0.9606706684642599,-0.046103244127700616,9.999996620745347e-07,0.3892939842691527
flap,93840,0.9592324199200615,-0.0455029093917681,9.999996771971886e-07,0.38837534920276734
flap,93909,0.9577932409099579,-0.044904794592644307,9.99999670226159e-07,0.38771157551874347
flap,93748,0.9563531534493637,-0.044308847205213275,9.99999684727893e-07,0.38648598153725916
flap,93817,0.9549121575382784,-0.04371506722947482,9.999996774855398e-07,0.3853736420790976
flap,93656,0.9534702887054773,-0.043123414482876266,9.999996914343644e-07,0.38440209734720115
flap,93725,0.9520275469509418,-0.042533888965409855,9.999996796448241e-07,0.38361732178124974
flap,93564,0.9505839541621204,-0.04194648303472116,9.999996934429205e-07,0.3819662818557318
flap,93633,0.9491395103390136,-0.041361196690810446,9.999996800264794e-07,0.3799430351889569
flap,93472,0.9476942163089775,-0.04077802715759715,9.999996937948991e-07,0.3792889432721495
flap,93541,0.9462480720720128,-0.04019697443508151,9.999996804096618e-07,0.3778631419027902
flap,93380,0.9448010786455201,-0.03961803599015549,9.999996942083554e-07,0.37613970312497574
flap,93449,0.9433532360295178,-0.03904121182282658,9.999996807851903e-07,0.3752697803230616
flap,93288,0.9419045456208396,-0.038466499698427664,9.999996945529233e-07,0.3740879310294396
flap,93357,0.940455007419466,-0.03789389961695117,9.99999681190206e-07,0.3726499490202909
flap,93196,0.9390046458730146,-0.0373234183938705,9.99999694848803e-07,0.37160981566733553
flap,93265,0.9375534609814844,-0.036755056029185176,9.999996855902934e-07,0.3702891565908439
flap,93104,0.9361014539905803,-0.036188780074710505,9.99999698930204e-07,0.36869682627260547
flap,93173,0.934648624900323,-0.03562459053045453,9.999996998777002e-07,0.3675213452848752
flap,93012,0.9331950309183329,-0.035062401673141216,9.999997121919114e-07,0.3664374349086795
flap,93081,0.9317406720446098,-0.034502213502770565,9.999997157102666e-07,0.3645544624166041
flap,92920,0.9302855881156562,-0.03394392182110746,9.999997269922282e-07,0.36248199852359186
flap,92989,0.9288297791314715,-0.03338752662815177,9.99999731591938e-07,0.36157592378057013
flap,92828,0.9273732849789811,-0.032832923593778277,9.999997417442628e-07,0.36028665795271075
flap,92897,0.9259161056581855,-0.03228011271798715,9.999997474412502e-07,0.3589137087311508
flap,92736,0.9244582810984153,-0.03172898955974026,9.999997566304794e-07,0.3580745147832035
flap,92805,0.9229998112996672,-0.031179554119036418,9.99999757178724e-07,0.3570889114286999
flap,92644,0.9215407309325914,-0.03063174598086576,9.999997657358288e-07,0.3556474817150628
flap,92713,0.9200810399971908,-0.030085565145229483,9.999997207233325e-07,0.3542462730087825
flap,92552,0.9186206590129276,-0.02954125666292082,9.99999731609913e-07,0.35308133205171294
flap,92621,0.9171595879798013,-0.028998820533939776,9.99999662715608e-07,0.35187958117997364
flap,92460,0.9156976853721438,-0.028458638382449965,9.999996778449287e-07,0.3510367900247454
flap,92529,0.914234951189973,-0.027920710208458092,9.999996041587202e-07,0.35000191835420486
flap,92368,0.912771244190298,-0.02738541998584698,9.999996241864852e-07,0.3490076010989304
flap,92437,0.9113065643731006,-0.026852767714609996,9.99999544942791e-07,0.3475490952455749
flap,92276,0.9098407970513264,-0.02632314876330718,9.999995705931885e-07,0.34672550419001863
flap,92345,0.9083739422249746,-0.025796563131938306,9.99999599773454e-07,0.3461637318532063
flap,92184,0.9069060760280193,-0.025272634305878908,9.999996201986329e-07,0.34526338969394305
flap,92253,0.9054371984604609,-0.024751362285129058,1.0000003001238085e-06,0.3479081526698534
flap,92092,0.9039690817031356,-0.024228012237931862,1.0000003071299813e-06,0.34837607545819926
flap,92161,0.9025017257560437,-0.02370258416428738,1.000001154092405e-06,0.35182786332138866
flap,92000,0.9010374788539391,-0.02316874483783491,1.0000013066213101e-06,0.3528181591726018
flap,92069,0.8995763409968222,-0.022626494258574534,1.0000019104368154e-06,0.3581191509144064
flap,91908,0.8981206532549377,-0.02206953610201067,1.0000023923738375e-06,0.35894080113735327
flap,91977,0.8966704156282852,-0.02149787036814314,1.0000025742264828e-06,0.3635906090586235
flap,91816,0.8952286677195811,-0.02090546368064248,1.000003572026908e-06,0.36487133685815304
flap,91885,0.8937954095288068,-0.020292316039500734,1.000003346046383e-06,0.3703969856899294
flap,91724,0.8923754277594821,-0.01965027968562163,1.0000053744001045e-06,0.37158974138253964
flap,91793,0.8909687224116256,-0.018979354619012956,1.0000040963099459e-06,0.3775159775138559
flap,91632,0.8895819417330897,-0.018268833325318465,1.000008059176127e-06,0.37859956993608124
flap,91701,0.8882150857238575,-0.017518715804528955,1.0000045340097448e-06,0.3846338886549545
flap,91540,0.8868780602203814,-0.016719367740657923,1.0000112521227506e-06,0.3870074241159752
flap,91609,0.8855708652226778,-0.01587078913371422,1.0000046268803177e-06,0.3851707288188973
flap,91448,0.8843039835426212,-0.0149659260858268,1.0000143719059103e-06,0.3818662454881715
flap,91517,0.8830774151802112,-0.01400477859699523,1.0000046315501747e-06,0.3747000486331076
flap,91356,0.8818950901087741,-0.01299178255628519,1.0000140716844853e-06,0.37145410310905497
flap,91425,0.8807570083283098,-0.0119269379636966,1.0000046024477964e-06,0.35807330996218684
flap,91264,0.8796628835370306,-0.01081860583770551,1.0000123595870563e-06,0.3541238036448761
flap,91333,0.8786127157349364,-0.009666786178311921,1.0000045334707565e-06,0.3415941617785046
flap,91172,0.8776063347876311,-0.00847782924472882,1.000011213552046e-06,0.3269284234776605
flap,91241,0.8766437406951139,-0.007251735036955216,1.0000046283487758e-06,0.30438918707049184
flap,91080,0.8757347100371077,-0.005987064078564253,1.000013474011267e-06,0.2940508693739107
flap,91149,0.8748792428136124,-0.0046838163695553,1.0000043904817544e-06,0.27129812216457483
flap,90988,0.8740949776772471,-0.0033393384650440196,1.0000181835087474e-06,0.21988035544317
flap,91057,0.8733819146280117,-0.001953630365029986,1.0000034965266473e-06,0.10573362949234862
flap,90896,0.8727608470799264,-0.0005282527180244514,1.00002402185145e-06,0.13597056147885284
flap,90965,0.8722317750329889,0.0009367944759797522,1.0000007456836591e-06,0.11686743176444135
flap,90782,0.8718265611707522,0.002435022828568016,1.0000345342698334e-06,0.19042610886685293
flap,90851,0.8715452054932191,0.003966432339734079,9.999999999770066e-07,2.03589777147821
flap,90669,0.8714214252946464,0.0055100573293333,9.99999999950854e-07,1.743756181128834
flap,90737,0.871455220575035,0.007065897797365515,9.99999999950873e-07,1.7585296199766958
flap,90556,0.8716552791338192,0.00860015224360726,9.999999999477065e-07,1.4315092796868158
flap,90624,0.8720216009709998,0.010112820668058159,1.0000000000478522e-06,2.3076165253513237
flap,90443,0.8725422778628866,0.011570413960022376,9.999999999720354e-07,1.8334239048224006
flap,90511,0.8732173098094803,0.012972932119499136,9.99999999990091e-07,2.5807304565986997
flap,90330,0.8740324193462692,0.014297706971342965,1.0000000000969444e-06,1.9040159792001234
flap,90398,0.8749876064732538,0.015544738515553679,9.999999999586438e-07,2.7858562185839246
flap,90217,0.8760600986285054,0.01668110495543288,9.999999999454413e-07,1.9574694903974317
flap,90285,0.8772498958120235,0.017706806290979444,1.0000000000155839e-06,2.4676911581310015
flap,90126,0.8785291613424269,0.018605275606121175,1.0000000000461522e-06,1.8705899060922009
flap,90194,0.8798978952197143,0.019376512900856957,9.999997044941763e-07,0.9274903334226762
flap,90034,0.8813231498186213,0.020024069887389754,1.000037053419713e-06,0.9781765996944878
flap,90103,0.8828049251391482,0.02054794656571962,1.0000027821055535e-06,1.005234008375211
flap,89942,0.8843162696482018,0.02096708397654726,1.0000265821092133e-06,0.9787292319787789
flap,90011,0.8858571833457809,0.021281482119872325,1.0000042373420456e-06,0.9143768511854156
flap,89850,0.8874104883846065,0.021512189762171785,1.0000185648404025e-06,0.8662985833579737
flap,89919,0.8889761847646784,0.02165920690344562,1.0000045482289546e-06,0.804440559177972
flap,89758,0.8905454212161845,0.021740018323446055,1.0000133151588685e-06,0.7764777813123732
flap,89827,0.8921181977391248,0.021754624022173083,1.0000043446520778e-06,0.6957042877847244
flap,89666,0.8936896622631372,0.021716294770054302,1.0000099191194167e-06,0.6645509695036715
flap,89735,0.8952598147882433,0.021625030567088446,1.000003962072361e-06,0.6125668390769016
flap,89574,0.8968263470313715,0.021490870852441217,1.000007633489475e-06,0.5862946139133425
flap,89643,0.8983892589925001,0.021313815626113855,1.0000035399066494e-06,0.5410773406524928
flap,89482,0.8999474099783331,0.021101534473615347,1.0000060340751371e-06,0.5166376636037924
flap,89551,0.9015007999888918,0.020854027394942305,1.0000031308469206e-06,0.4907836106853394
flap,89390,0.903048894093871,0.0205773185019906,1.0000048632632603e-06,0.46046511712982213
flap,89459,0.9045916922932707,0.020271407794759454,1.0000027655109078e-06,0.437048324534075
flap,89298,0.906129276989138,0.01994092609679325,1.0000040005828593e-06,0.43060443973377227
flap,89367,0.9076616481814521,0.019585873408096085,1.000002463912797e-06,0.4053787258799416
flap,89206,0.90918880504678,0.019209753340255376,1.000003382221317e-06,0.39591637627490983
flap,89275,0.9107107475851214,0.018812565893271092,1.000002204699891e-06,0.3823580494577894
flap,89114,0.9122276869805646,0.01839709346091009,1.0000029020226913e-06,0.3848488655703728
flap,89183,0.9137396232331095,0.01796333604317229,1.0000020145873016e-06,0.3739225749081311
flap,89022,0.9152466775205148,0.017513253294760115,1.000002575691091e-06,0.3775493570999849
flap,89091,0.91674884984278,0.01704684521567361,1.0000018528044663e-06,0.36202237935785925
flap,88930,0.9182462884903817,0.016565716153990884,1.000002312979979e-06,0.3607029599563674
flap,88999,0.9197389934633201,0.016069866109711915,1.000001735130344e-06,0.3626295821681172
flap,88838,0.9212270386808745,0.015560447540948315,1.0000021298435135e-06,0.366407901922526
flap,88907,0.9227104241430433,0.0150374604477006,1.0000016312670833e-06,0.3691746128945916
flap,88746,0.9241892769529332,0.01450188523168986,1.0000019732438335e-06,0.3709840341465419
flap,88815,0.9256635971105454,0.013953721892915636,1.0000015449278766e-06,0.3666384075300927
flap,88654,0.9271333957337075,0.013393809325958576,1.0000018468575805e-06,0.363885801681114
flap,88723,0.9285986728224382,0.01282214753081129,1.00000146476717e-06,0.3684548430102132
flap,88562,0.930059569763929,0.01223945919391038,1.000001731926798e-06,0.3681332998089494
flap,88631,0.93151608655818,0.011645744315255405,1.000001387961964e-06,0.3667987808634455
flap,88470,0.9329682949008593,0.011041712294836584,1.0000016243831258e-06,0.37236224701731113
flap,88539,0.9344161947919485,0.01042736313266153,1.0000013133560522e-06,0.373566139150518
flap,88378,0.9358599385640092,0.009803346071173738,1.0000015219463237e-06,0.37694814368977825
flap,88447,0.9372995262170412,0.00916966111037341,1.0000012405628742e-06,0.3826186579438649
flap,88286,0.9387350550055928,0.00852695765753185,1.000001424040679e-06,0.38230264259745383
flap,88355,0.9401665249296647,0.00787523571264879,1.0000011712745866e-06,0.3837533422853668
flap,88194,0.9415941019220271,0.007215076038804983,1.0000013324853974e-06,0.3745429470530645
flap,88263,0.9430177859826796,0.006546478636000588,1.0000011046187825e-06,0.3694557582708425
flap,88102,0.9444378552751285,0.0058699391669785154,1.0000012457561992e-06,0.37300998661654783
flap,88171,0.9458543097993741,0.005185457631738657,1.0000010553643219e-06,0.3642423181739148
flap,88010,0.9472670104475858,0.004493560680512413,1.0000011832767035e-06,0.3573335301397971
flap,88079,0.9486759572197633,0.0037942483132998514,1.0000010137068013e-06,0.3529395515813222
flap,87918,0.9500812773611703,0.003087852106098913,1.0000011304585e-06,0.34198866806729444
flap,87987,0.9514829708718242,0.002374372058900752,1.0000009718256047e-06,0.3396700345016087
flap,87826,0.95288119746034,0.0016541201279957679,1.0000010780422606e-06,0.3372240748613578
flap,87895,0.9542759571267008,0.000927096313392642,1.000000929936697e-06,0.3317804981431305
flap,87734,0.9556674081233603,0.00019360972706334635,1.0000010260566695e-06,0.33625148122798865
flap,87803,0.9570555504503184,-0.0005463396309921274,1.0000008884488218e-06,0.3326962996795371
flap,87642,0.9584403885676973,-0.0012923680120832328,1.0000009754119193e-06,0.3308390883751458
flap,87711,0.9598219224754969,-0.0020444754162100157,1.00000085817844e-06,0.32560498728444387
flap,87550,0.9612002592408903,-0.0028024363895962972,1.0000009386379255e-06,0.3258431818531728
flap,87619,0.9625753988638935,-0.0035662509322512527,1.0000008365592641e-06,0.3280036849972182
flap,87458,0.9639472953078013,-0.004335690489888577,1.0000009126806067e-06,0.33224723498648745
flap,87527,0.9653159485725966,-0.0051107550624988314,1.0000008151821289e-06,0.3219915777545369
flap,87366,0.9666814459604125,-0.005891292016147404,1.0000008869448055e-06,0.3198288085242723
flap,87435,0.9680437874712491,-0.0066773013508345126,1.000000793756299e-06,0.33401876347985404
flap,87274,0.9694030601841713,-0.007468632068967739,1.0000008614278323e-06,0.33104882597314716
flap,87343,0.9707592640991798,-0.008265284170547359,1.0000007723498733e-06,0.3288369463820011
flap,87182,0.9721124855774038,-0.009067107902911717,1.0000008359886962e-06,0.3224958121050124
flap,87251,0.9734627246188432,-0.009874103266060565,1.0000007515420975e-06,0.3223347654700346
flap,87090,0.9748099533887842,-0.010686058288476685,1.0000008114893579e-06,0.3293973679175392
flap,87159,0.9761541718872428,-0.01150297297016981,1.0000007333513331e-06,0.3206314547508054
flap,86998,0.9774953860419483,-0.012324678282988309,1.0000007901130785e-06,0.31946147445375556
flap,87067,0.9788335958528851,-0.01315117422692276,1.0000007158197508e-06,0.3184492426034769
flap,86906,0.9801688768236584,-0.013982340502353734,1.000000769608645e-06,0.314108846080345
flap,86975,0.9815012289542681,-0.01481817710928106,1.0000006983303369e-06,0.30692416117861
flap,86814,0.9828307271725585,-0.01565856456768939,1.0000007491496341e-06,0.3079632780556626
flap,86883,0.9841573714785288,-0.016503502877578048,1.000000680799191e-06,0.3109581285050624
flap,86722,0.9854812363022432,-0.01735287335269041,1.0000007287681236e-06,0.3085700563097285
flap,86791,0.9868023216437036,-0.01820667599302757,1.0000006631337392e-06,0.30343148359164246
flap,86630,0.9881205849644877,-0.019064716058086392,1.0000007085153156e-06,0.30388658915256245
flap,86699,0.9894360262645954,-0.01992699354786668,1.000000651830389e-06,0.30347409243729984
flap,86538,0.9907487760200833,-0.020793485474434423,1.0000006952698228e-06,0.30335244073033113
flap,86607,0.9920588342309655,-0.021664191837799232,1.0000006568835144e-06,0.30679297922122084
flap,86446,0.9933660370824844,-0.022539052872427807,1.0000007012372182e-06,0.30485825557766694
flap,86515,0.9946703845746256,-0.023418068578310795,1.0000006647734284e-06,0.30205445066168857
flap,86354,0.9959718416606709,-0.024301289949953266,1.0000007102888655e-06,0.3007944183974284
flap,86423,0.9972704083406195,-0.02518871698735502,1.0000006726411945e-06,0.303611682183468
flap,86262,0.9985660490683634,-0.026080401411639628,1.000000719366428e-06,0.29836459200953064
flap,86331,0.9998587638439027,-0.02697634322280711,1.00000068054327e-06,0.2953287153152174
flap,86170,1.0011485166062275,-0.027876594891185158,1.0000007284505187e-06,0.29937782344137237
flap,86239,1.0024353073553376,-0.028781156416773798,1.000000688459139e-06,0.2987835626546528
flap,86078,1.0037190898845,-0.029690074082505492,1.0000007377312581e-06,0.29570298095777264
flap,86147,1.004999864193715,-0.030603347888379803,1.0000006876639788e-06,0.2917196207187873
flap,85986,1.0062774800045104,-0.031520862723543194,1.0000007367367957e-06,0.2939359825950665
flap,86055,1.007551937316886,-0.03244261858799591,1.0000006604542668e-06,0.2975054614162875
flap,85894,1.00882339908111,-0.03336846394649351,1.0000007054479191e-06,0.29406407553368136
flap,85963,1.010091865297212,-0.034298398799056926,1.0000006283907256e-06,0.2900442802191265
flap,85802,1.0113574877579605,-0.03523221591962947,1.0000006685126824e-06,0.28449011766226506
flap,85871,1.0126202664633266,-0.03616991530818999,1.0000005959756391e-06,0.28405107492259835
flap,85710,1.013880314644029,-0.03711126143573565,1.0000006316036768e-06,0.28663862575848703
flap,85779,1.0151376323000676,-0.03805625430226646,1.0000005633167638e-06,0.2864569354017632
flap,85618,1.0163923481555566,-0.0390046696791442,1.0000005947686295e-06,0.2882623396086508
flap,85687,1.017644462210498,-0.03995650756637036,1.000000530824309e-06,0.28636863194481244
flap,85526,1.018894129495123,-0.04091156406877478,1.0000005585237385e-06,0.28514206863842667
flap,85595,1.0201413500094305,-0.04186983918635649,1.0000004934327959e-06,0.284769352442557
flap,85434,1.0213862929692978,-0.04283109181133282,1.0000005165861285e-06,0.28435105877494465
flap,85503,1.0226289583747286,-0.04379532194370633,1.0000004329919269e-06,0.28291393877997406
flap,85342,1.0238695923876846,-0.04476212618271518,1.000000450385463e-06,0.2823039502891487
flap,85411,1.025108195008163,-0.04573150452835682,1.000000366084957e-06,0.2821408632417572
flap,85250,1.026345087468113,-0.046703048717160016,1.0000003776705023e-06,0.2844969344381361
flap,85319,1.027580269767535,-0.0476767587491253,1.0000002984162906e-06,0.2863421076855031
flap,85158,1.028814063802952,-0.04865222695645155,1.0000003054975835e-06,0.2866695274966951
flap,85227,1.030046469574362,-0.049629453339137194,1.000000230097961e-06,0.2831005347028556
flap,85066,1.03127780894819,-0.050608030267496114,1.0000002337822771e-06,0.28254350201460354
flap,85135,1.0325080819244397,-0.05158795774153094,1.000000161242554e-06,0.28616201290675114
flap,84974,1.0337376103517024,-0.05256882815414209,1.0000001625804578e-06,0.2858396869373145
flap,85043,1.0349663942299765,-0.05355064150532802,1.0000001028203598e-06,0.28338197209210797
flap,84882,1.0361946931917476,-0.05453304450628947,1.0000001029135156e-06,0.2831428950489971
flap,84951,1.0374225072370171,-0.05551603715702753,1.0000001169096894e-06,0.2828423910339635
flap,84790,1.038649781003822,-0.056499710160573396,1.0000001172183685e-06,0.28310588797706265
flap,84859,1.0398765144922395,-0.05748406351698901,1.0000001606747205e-06,0.2837220220911792
flap,84698,1.0411024949915482,-0.05846934745015289,1.0000001619123072e-06,0.2844793864724025
flap,84767,1.04232772250167,-0.05945556196000262,1.0000002043623186e-06,0.2852928814628186
flap,84606,1.043551990072372,-0.060442962761192265,1.0000002069203033e-06,0.28536567799763624
flap,84675,1.044775297703655,-0.0614315498537229,1.0000002476716915e-06,0.2860818960852169
flap,84514,1.045997438449644,-0.06242157898092372,1.0000002523130448e-06,0.2860749536154815
flap,84583,1.0472184123103345,-0.06341305014279044,1.0000002909406116e-06,0.28602123612440467
flap,84422,1.0484380123234556,-0.06440621910291444,1.0000002974980919e-06,0.28604338850525524
flap,84491,1.0496562384890085,-0.06540108586129734,1.0000003307749728e-06,0.28669430317256656
flap,84330,1.0508728950305666,-0.06639788413532371,1.0000003397913708e-06,0.287496577605398
flap,84399,1.0520879819481346,-0.06739661392499796,1.0000003487213847e-06,0.28740684997063753
flap,84238,1.0533013879946052,-0.06839736269585327,1.0000003590328213e-06,0.2867949815676638
flap,84307,1.0545131131699765,-0.06940013044788855,1.0000003575418555e-06,0.28644953747073415
flap,84146,1.05572311216121,-0.0704049679402625,1.0000003684761562e-06,0.2867982550816625
flap,84215,1.0569313849683044,-0.07141187517297407,1.0000003663734465e-06,0.28695898140846665
flap,84054,1.0581378881083716,-0.07242090428315717,1.0000003780070484e-06,0.2870311022305812
flap,84123,1.05934262158141,-0.07343205527081072,1.0000003753504782e-06,0.28715673756056576
flap,83962,1.0605455418006715,-0.07444538039759759,1.000000387485061e-06,0.2870144781217784
flap,84031,1.0617466487661555,-0.07546087966351778,1.000000383989832e-06,0.28664445588452436
flap,83870,1.062945867207843,-0.07647857846591272,1.000000397132505e-06,0.2866525182567349
flap,83939,1.064143197125734,-0.07749847680478238,1.0000003924599405e-06,0.2865619294007545
flap,83778,1.0653386228929747,-0.07852064608139656,1.0000004060601484e-06,0.2865436611317077
flap,83847,1.066532144509565,-0.07954508629575524,1.0000003990346034e-06,0.2864808896342629
flap,83686,1.067723682964083,-0.08057179678898459,1.0000004133082741e-06,0.2863599553739096
flap,83755,1.0689132382565285,-0.08160077756108458,1.0000004051547146e-06,0.2865653666214722
flap,83594,1.0701007790501544,-0.08263206448564978,1.0000004199801112e-06,0.28695467920068385
flap,83663,1.0712863053449584,-0.08366565756267784,1.000000411514983e-06,0.2866952039705437
flap,83502,1.0724697856881336,-0.08470159279862946,1.0000004267753932e-06,0.2866111373998215
flap,83571,1.0736512200796806,-0.08573987019350583,1.0000004176516914e-06,0.286649762224552
flap,83410,1.074830576946125,-0.08678052589190283,1.0000004334382472e-06,0.2867416514091424
flap,83479,1.0760078562874669,-0.08782355989382046,1.000000424128661e-06,0.28641674799167316
flap,83318,1.077183009077931,-0.08886899585941684,1.0000004403689414e-06,0.28618213158331496
flap,83387,1.0783560353175186,-0.08991683378869317,1.0000004360007664e-06,0.2865163769722781
flap,83226,1.0795268395220214,-0.09096711466482515,1.0000004536538802e-06,0.28666261459202785
flap,83295,1.08069542169144,-0.09201983848781278,1.0000004535735976e-06,0.2865200228054633
flap,83134,1.0818616945731856,-0.09307510885510178,1.000000472649503e-06,0.2865188532399951
flap,83203,1.0830256581672575,-0.0941329257666921,1.000000471172763e-06,0.28629825838071143
flap,83042,1.0841872202657794,-0.09519339090391112,1.0000004921092645e-06,0.286660434851247
flap,83111,1.0853463808687547,-0.09625650426676127,1.0000004888203574e-06,0.28712838494527054
flap,82950,1.0865030173154882,-0.097322339637161,1.0000005115150522e-06,0.28714799939324864
flap,83019,1.0876571296059772,-0.0983908970151078,1.0000005060591247e-06,0.287112199006716
flap,82858,1.088808634157918,-0.09946228369581189,1.0000005308400947e-06,0.28782043884810327
flap,82927,1.08995753097131,-0.10053649967927203,1.0000005153152687e-06,0.2883681646538054
flap,82766,1.091103743738455,-0.10161357187038085,1.0000005409511358e-06,0.2884504993964004
flap,82835,1.092247272459356,-0.10269350026914095,1.000000514422438e-06,0.2880869320433355
flap,82674,1.093388095057243,-0.10377625475301015,1.0000005398052697e-06,0.28801547420081147
flap,82743,1.094526211532114,-0.10486183532198715,1.0000005128912298e-06,0.28787828113920816
flap,82582,1.095661629742392,-0.10595023376928736,1.0000005383171679e-06,0.2878869802664388
flap,82651,1.0967943496880765,-0.1070414500949094,1.0000005115452398e-06,0.2885504421819414
flap,82490,1.0979243789147937,-0.1081354764187325,1.0000005366183607e-06,0.2884153289239247
flap,82559,1.0990517174225451,-0.10923231274075935,1.0000005017251063e-06,0.28721481465996607
flap,82398,1.100176384522469,-0.1103318705910401,1.0000005257909986e-06,0.2866835281795318
flap,82467,1.1012983802145642,-0.11143414996957346,1.0000004274407372e-06,0.2857712641543332
flap,82306,1.1024180919598532,-0.11253872100908424,1.0000004442338134e-06,0.28499556667660075
flap,82375,1.103535519758336,-0.1136455837095725,1.0000003226907048e-06,0.2847128088247772
flap,82214,1.1046512367690946,-0.1147541686466962,1.0000003312768614e-06,0.28462850401101136
flap,82283,1.1057652429921274,-0.11586447582045395,1.000000216577454e-06,0.28402927543998285
flap,82122,1.1068781085440431,-0.1169759312989094,1.0000002196194371e-06,0.2838554591923453
flap,82191,1.1079898334248441,-0.11808853508206535,1.0000001135351508e-06,0.28387467496501023
flap,82030,1.1091009568556038,-0.11920173152415764,1.0000001139281478e-06,0.28439573155155123
flap,82099,1.1102114788363209,-0.1203155206251849,1.0000000544472234e-06,0.2839600466061585
flap,81938,1.111321714363183,-0.12142959513441395,1.0000000542875752e-06,0.2840494731758693
flap,82007,1.11243166343619,-0.12254395505184484,1.0000000204369248e-06,0.2842622591126397
flap,81846,1.1135415056244886,-0.1236584214327481,1.0000000202650877e-06,0.2848480690706879
flap,81915,1.114651240928078,-0.1247729942771223,9.999999866989611e-07,0.2855243405957792
flap,81754,1.115761045770856,-0.12588749785871994,9.99999986630978e-07,0.2862198338418199
flap,81823,1.1168709201528189,-0.12700193217753836,9.999999810773385e-07,0.2871385136182031
flap,81662,1.1179808932320454,-0.12811626820189453,9.999999813715038e-07,0.2884291788185542
flap,81731,1.1190909650085414,-0.129230505931794,1.0000000246051464e-06,0.2899104793578466
flap,81570,1.1202009082549835,-0.13034487166032543,1.0000000242841188e-06,0.2917951602177873
flap,81639,1.121310722971371,-0.13145936538748884,1.0000000689258072e-06,0.29448676235037585
flap,81478,1.122420174759803,-0.13257422032941335,1.0000000689068474e-06,0.29689397953058433
flap,81547,1.12352926362028,-0.133689436486099,1.0000000517189891e-06,0.2994264877545227
flap,81386,1.1246380802016014,-0.13480492325263715,1.0000000518139218e-06,0.30308357023476695
flap,81455,1.1257466245037675,-0.1359206806290278,9.999999850906393e-07,0.30831717923294877
flap,81294,1.1268552471123234,-0.13703636018534227,9.999999852149245e-07,0.31771797205355223
flap,81363,1.1279639480272665,-0.13815196192157775,9.99999928773319e-07,0.33837178903078174
flap,81180,1.1290730202329966,-0.13926719434402024,9.999999300031303e-07,0.40008594420458055
flap,81249,1.1301824637295166,-0.14038205745267252,9.999999998562663e-07,1.010140373291809
flap,81135,1.1303720623250695,-0.1415719054639375,1.000000000049655e-06,0.8306740555600968
flap,81089,1.1296418160196526,-0.14283673837781255,9.999999999131162e-07,0.1352772020706883
flap,81043,1.128911569714236,-0.1441015712916875,9.99999999936889e-07,0.17637246780923413
flap,80975,1.1281813234088194,-0.14536640420556246,1.0000000002047331e-06,1.158220626105722
flap,65066,1.1272219744756091,-0.14549470304825302,1.0000000000357217e-06,1.3085149561152052
flap,65134,1.1260335229145775,-0.1444864678197353,1.0000000383630105e-06,0.6563808352108029
flap,64974,1.124845251691561,-0.1434780197197493,1.00000003831125e-06,0.5898326439165205
flap,65043,1.123657160806584,-0.14246935874831645,9.999999323648467e-07,0.5594176861604314
flap,64882,1.122468753217301,-0.14146107126304297,9.999999331539455e-07,0.5447391489298137
flap,64951,1.1212800289237155,-0.14045315726393104,9.999996437455809e-07,0.5307978730205701
flap,64790,1.120089659907093,-0.13944717224971465,9.999996604341037e-07,0.5202423147477168
flap,64859,1.1188976461674334,-0.13844311622039374,9.999993563047522e-07,0.5093741454099111
flap,64698,1.117702738474853,-0.13744252456975908,9.999994045627718e-07,0.5006810505784499
flap,64767,1.116504936829348,-0.1364453972978085,9.99999090988684e-07,0.4932468784995789
flap,64606,1.11530312506703,-0.13545312518439676,9.999991807342767e-07,0.48628009369682196
flap,64675,1.114097303187902,-0.13446570822952605,9.999988483353838e-07,0.47922669248314426
flap,64514,1.1128864831574043,-0.13348439249615507,9.999989864568194e-07,0.4733933303446078
flap,64583,1.1116706649755086,-0.1325091779842604,9.999988831296918e-07,0.4686192230165382
flap,64422,1.1104501167542336,-0.13153999063814886,9.999990136966692e-07,0.46368108694105836
flap,64491,1.1092248384936085,-0.1305768304578438,9.999990761926227e-07,0.46049778855279444
flap,64330,1.1079956262330275,-0.129618710620783,9.99999168773076e-07,0.4569083012027165
flap,64399,1.10676247997249,-0.12866563112696638,9.999992669062251e-07,0.45471705208626073
flap,64238,1.105526200128246,-0.12771660224006487,9.999993275356742e-07,0.45166020091704245
flap,64307,1.1042867867002935,-0.12677162396007635,9.99999399186918e-07,0.4495099428058163
flap,64146,1.1030448307377734,-0.1258300180597875,9.999994415818879e-07,0.4472550078578959
flap,64215,1.1018003322406846,-0.12489178453919736,9.99999443522614e-07,0.44558021447364854
flap,64054,1.1005534938178756,-0.12395669722801825,9.999994802452804e-07,0.4434279907711438
flap,64123,1.0993043154693494,-0.12302475612625216,9.999994797496314e-07,0.44149526602999795
flap,63962,1.0980529461068729,-0.12209576101061764,9.999995124420145e-07,0.43956962783507303
flap,64031,1.0967993857304454,-0.1211697118811148,9.999995157105778e-07,0.43808191643312827
flap,63870,1.095543780706966,-0.12024640948570994,9.999995443925697e-07,0.4364003728055389
flap,63939,1.0942861310364331,-0.1193258538244022,9.999995295704227e-07,0.4350561971710467
flap,63778,1.093026524447505,-0.11840799292159705,9.999995566307433e-07,0.43367960259740845
flap,63847,1.0917649609401825,-0.11749282677729445,9.999995061018808e-07,0.43244929130304127
flap,63686,1.0905013670934869,-0.11658050058768515,9.999995356818656e-07,0.4310676367414773
flap,63755,1.08923574290739,-0.11567101435274865,9.999994791916646e-07,0.4292826197058515
flap,63594,1.087967980956134,-0.1147645183351777,9.999995117368502e-07,0.42816665331028997
flap,63663,1.086698081239749,-0.11386101253499376,9.99999452227147e-07,0.4269172498757749
flap,63502,1.085425936154372,-0.11296064746400356,9.999994881312397e-07,0.4258587022061352
flap,63571,1.0841515457000035,-0.11206342312220804,9.999994249288809e-07,0.42473056600735914
flap,63410,1.0828748393258985,-0.11116951908504125,9.99999463822831e-07,0.42357976376835843
flap,63479,1.0815958170320565,-0.11027893535250224,9.999993940415265e-07,0.4230237394406542
flap,63318,1.0803143802892134,-0.10939185938231795,9.999994370949047e-07,0.4222389354346592
flap,63387,1.079030529097369,-0.10850829117448835,9.999993613883672e-07,0.42096154699358335
flap,63226,1.077744132841549,-0.10762841154896315,9.999994084679848e-07,0.41991394673377114
flap,63295,1.0764551915217226,-0.10675222050572139,9.999993285609326e-07,0.41929901761222804
flap,63134,1.0751636332922256,-0.10587993918281205,9.999993802370388e-07,0.41871357035944307
flap,63203,1.0738694581530899,-0.10501156758025695,9.999992953985458e-07,0.4178719466169336
flap,63042,1.0725725418652319,-0.1041472913139295,9.999993517492742e-07,0.41662954819818065
flap,63111,1.071272884428651,-0.1032871103838289,9.999992637047777e-07,0.4158457464093948
flap,62950,1.0699703466584114,-0.10243118880262769,9.999993249715574e-07,0.4152501135365253
flap,63019,1.068664928554516,-0.10157952657032755,9.999992507838555e-07,0.4143683544616324
flap,62858,1.0673566972503965,-0.10073227268020785,9.99999314018807e-07,0.41293401076217656
flap,62927,1.066045652746051,-0.09988942713226778,9.999992497857134e-07,0.41242325907917393
flap,62766,1.0647318234310035,-0.09905101560555854,9.99999312983473e-07,0.4124495759779914
flap,62835,1.0634152093052545,-0.09821703810008006,9.999992488744673e-07,0.41188302658880144
flap,62674,1.062095807416108,-0.09738749931716453,9.99999312377765e-07,0.4108752555194806
flap,62743,1.0607736177635636,-0.09656239925681195,9.99999248116717e-07,0.4102858078040587
flap,62582,1.05944863683497,-0.0957417435119232,9.999993116460448e-07,0.40985937240494164
flap,62651,1.058120864630327,-0.09492553208249754,9.99999247009119e-07,0.40925941572687463
flap,62490,1.056790320259227,-0.09411378501804296,9.99999310729121e-07,0.4084834923618789
flap,62559,1.0554570037216715,-0.09330650231856025,9.999992566385985e-07,0.40834961684146187
flap,62398,1.0541210796292155,-0.09250370757074614,9.999993189114286e-07,0.40833627730652416
flap,62467,1.05278254798186,-0.09170540077460133,9.999992901179529e-07,0.4081244778541808
flap,62306,1.0514414522180735,-0.09091134420405789,9.999993474525968e-07,0.4075044356251546
flap,62375,1.0500977923378536,-0.09012153785911436,9.999993270141814e-07,0.4075830897404695
flap,62214,1.0487517851137187,-0.08933582131311511,9.99999379021758e-07,0.4073865833230357
flap,62283,1.047403430545668,-0.08855419456606012,9.999993634758928e-07,0.4075452961821783
flap,62122,1.0460528523117134,-0.08777644213260861,9.999994103336358e-07,0.40720555908795303
flap,62191,1.0447000504118564,-0.08700256401276128,9.999993997209515e-07,0.4072181877217687
flap,62030,1.0433451481932061,-0.08623234529771293,9.999994421868858e-07,0.40741138674099775
flap,62099,1.0419881456557607,-0.08546578598746289,9.999994359340526e-07,0.407452290417624
flap,61938,1.0406291711893396,-0.08470267649227656,9.999994737084872e-07,0.4073544377658678
flap,62007,1.039268224793942,-0.08394301681215328,9.999994626406274e-07,0.40775164836761674
flap,61846,1.037905458535824,-0.0831866816599183,9.999994971210632e-07,0.4079709822226947
flap,61915,1.036540872414988,-0.08243367103557286,9.999994775853439e-07,0.40836758412176494
flap,61754,1.0351745318456689,-0.08168390264389212,9.999995103594502e-07,0.4082443137389868
flap,61823,1.033806436827835,-0.08093737648485844,9.999994918860305e-07,0.4081557740142839
flap,61662,1.032436634107513,-0.08019400617148911,9.99999523175392e-07,0.4081045912985336
flap,61731,1.0310651236847335,-0.07945379170380117,9.999995060139348e-07,0.4083636166475851
flap,61547,1.0296919521836916,-0.07871664691993022,9.999995358271303e-07,0.4083949100307725
flap,61616,1.0283171196043885,-0.07798257181987686,9.999995203458994e-07,0.4082784386048148
flap,96025,1.0269406731349746,-0.07725148080778267,9.999995486680481e-07,0.4085083285899122
