$MeshFormat
2.2 0 8
$EndMeshFormat
$PhysicalNames
5
1 1 "inlet"
1 2 "outlet"
1 3 "open-boundary"
1 4 "airfoil"
2 5 "fluid"
$EndPhysicalNames
$Nodes
1182
1 0 0 0
2 36 0 0
3 36 16 0
4 0 16 0
5 11.75060898743504 8.017439118436032 0
6 12.74817303769487 7.947682644691906 0
7 1.199999999997024 0 0
8 2.399999999993892 0 0
9 3.599999999991944 0 0
10 4.799999999989295 0 0
11 5.999999999984424 0 0
12 7.199999999979553 0 0
13 8.399999999974682 0 0
14 9.59999999996981 0 0
15 10.79999999996494 0 0
16 11.99999999996008 0 0
17 13.19999999995521 0 0
18 14.39999999995034 0 0
19 15.59999999994548 0 0
20 16.79999999994061 0 0
21 17.99999999993644 0 0
22 19.19999999994272 0 0
23 20.39999999994968 0 0
24 21.59999999995664 0 0
25 22.79999999996362 0 0
26 23.99999999997058 0 0
27 25.19999999997755 0 0
28 26.39999999998452 0 0
29 27.59999999999148 0 0
30 28.79999999999845 0 0
31 30.00000000000541 0 0
32 31.20000000001238 0 0
33 32.40000000001463 0 0
34 33.60000000000975 0 0
35 34.80000000000488 0 0
36 36 1.14285714285487 0
37 36 2.285714285709866 0
38 36 3.428571428563672 0
39 36 4.571428571417478 0
40 36 5.714285714271284 0
41 36 6.857142857125091 0
42 36 7.999999999979071 0
43 36 9.142857142839047 0
44 36 10.2857142856992 0
45 36 11.42857142855936 0
46 36 12.57142857141952 0
47 36 13.71428571427968 0
48 36 14.85714285713984 0
49 34.80000000000457 16 0
50 33.60000000000915 16 0
51 32.40000000001373 16 0
52 31.20000000001831 16 0
53 30.00000000002289 16 0
54 28.80000000002746 16 0
55 27.60000000003204 16 0
56 26.40000000003662 16 0
57 25.20000000004119 16 0
58 24.00000000004577 16 0
59 22.80000000005035 16 0
60 21.60000000005492 16 0
61 20.40000000005949 16 0
62 19.20000000006407 16 0
63 18.00000000006795 16 0
64 16.80000000006137 16 0
65 15.60000000005412 16 0
66 14.40000000004686 16 0
67 13.2000000000396 16 0
68 12.00000000003234 16 0
69 10.80000000002508 16 0
70 9.600000000017829 16 0
71 8.400000000010564 16 0
72 7.20000000000331 16 0
73 5.999999999996049 16 0
74 4.799999999988792 16 0
75 3.599999999986252 16 0
76 2.399999999990833 16 0
77 1.199999999995413 16 0
78 0 14.8571428571381 0
79 0 13.71428571427938 0
80 0 12.57142857143017 0
81 0 11.42857142858096 0
82 0 10.28571428573175 0
83 0 9.142857142882541 0
84 0 8.000000000032985 0
85 0 6.857142857171434 0
86 0 5.714285714309533 0
87 0 4.571428571447624 0
88 0 3.428571428585718 0
89 0 2.285714285723813 0
90 0 1.142857142861905 0
91 12.72498841130256 7.95267315025751 0
92 12.70178328682064 7.957567513570135 0
93 12.67855894297298 7.962369818681945 0
94 12.65531647387779 7.967083668993379 0
95 12.63205686389452 7.971712169369253 0
96 12.60878094602531 7.976257962951755 0
97 12.5854894417222 7.980723210468578 0
98 12.56218294130461 7.98510951163958 0
99 12.53886192645761 7.989417956996445 0
100 12.51552675373962 7.993649095551767 0
101 12.4921776969465 7.99780290920499 0
102 12.46881491455551 8.001878815349302 0
103 12.44543847149441 8.005875626603355 0
104 12.42204833414945 8.009791500809239 0
105 12.3986443980252 8.013624029650046 0
106 12.37522645797986 8.017370034758281 0
107 12.35179425268311 8.021025737281853 0
108 12.32834743465292 8.024586504514923 0
109 12.30488561637239 8.028047038114931 0
110 12.28140833920956 8.031401075831758 0
111 12.25791512352924 8.034641566910302 0
112 12.23440545355398 8.037760413282948 0
113 12.21087880471759 8.040748451540244 0
114 12.18733467372043 8.043595416671907 0
115 12.16377257818679 8.046289606834346 0
116 12.14019212188557 8.048817982860362 0
117 12.11659300009707 8.05116565982186 0
118 12.09297508389242 8.053315913298238 0
119 12.06933846354328 8.055249549378676 0
120 12.04568356075841 8.056944675684367 0
121 12.02201124527092 8.05837581731352 0
122 11.9983230311769 8.059513170866932 0
123 11.97462134359957 8.060321235096625 0
124 11.95090994984479 8.060756880576111 0
125 11.92719464608547 8.060766418098524 0
126 11.90348445010911 8.060280865428535 0
127 11.87979379047479 8.059207921925365 0
128 11.8561469487226 8.057417314018361 0
129 11.83258809463857 8.054711543006809 0
130 11.80920812827141 8.050759192830991 0
131 11.78623591506238 8.044911916761492 0
132 11.76451487453781 8.035530744256477 0
133 11.76186167584949 7.997588233549323 0
134 11.782065722013 7.985275373357648 0
135 11.80400058751651 7.976287888523487 0
136 11.8266029666874 7.9691201382693 0
137 11.84955597155434 7.963161942453018 0
138 11.87272347784361 7.958097756657486 0
139 11.89603425833083 7.953738152093329 0
140 11.91944613272527 7.949957503258647 0
141 11.94293196823306 7.946666415602051 0
142 11.96647323445577 7.943797833228684 0
143 11.99005671986594 7.941299396065584 0
144 12.0136726911512 7.939128918754387 0
145 12.03731380591289 7.937251583058982 0
146 12.06097441711201 7.935638086334765 0
147 12.08465011626479 7.93426332274194 0
148 12.10833744373421 7.933105671388788 0
149 12.13203363441644 7.932146137962038 0
150 12.15573648954494 7.931368142792524 0
151 12.17944423927096 7.930756903398992 0
152 12.20315546103849 7.930299452365754 0
153 12.22686900503765 7.929984134578427 0
154 12.2505839402387 7.92980071489497 0
155 12.27429951069698 7.929740046075564 0
156 12.29801510021631 7.929794037076993 0
157 12.32173020303456 7.929955639012025 0
158 12.34544440139468 7.930218586744968 0
159 12.36915734296431 7.930577579586665 0
160 12.39286872276195 7.931027981480485 0
161 12.41657827801069 7.931566014052737 0
162 12.4402857683896 7.932188501300389 0
163 12.46399096210338 7.932893043800065 0
164 12.48769363592535 7.933677812639823 0
165 12.51139356028682 7.934541641028766 0
166 12.53509049713745 7.935483974083803 0
167 12.55878417485273 7.936504832075277 0
168 12.58247431152062 7.937604808063901 0
169 12.60616058688698 7.938785049228549 0
170 12.62984264057028 7.940047221980173 0
171 12.65352004869788 7.941393565864058 0
172 12.67719236454997 7.942826814798709 0
173 12.70085904667795 7.944350180547747 0
174 12.7245194995999 7.945967382820472 0
175 12.53080380500723 8.011880668524388 0
176 12.27232546448238 8.052972660337646 0
177 12.47507068924405 7.911397376798826 0
178 12.19140002137499 7.90994337969091 0
179 19.79960493256256 14.96077859701579 0
180 19.79999999994619 1.039230484547059 0
181 0.9897433186147563 6.285714285740484 0
182 1.0543720118089 9.732166746016249 0
183 26.99969922449715 14.96057082452165 0
184 24.59999999997407 1.039230484547359 0
185 34.86370640143139 7.553228462138367 0
186 7.79097614905533 0.8705309534999577 0
187 7.79737298943593 14.96282673690262 0
188 16.19018500279491 14.96404629599727 0
189 16.19999999994305 1.039230484537111 0
190 28.17401726384207 0.9124817735939303 0
191 23.39998609994281 14.96076503122474 0
192 11.39326581120854 0.8840415682729588 0
193 11.38222781289053 14.97117703482587 0
194 30.60000000004029 14.96076951547561 0
195 35.15362346348098 10.80949133325097 0
196 31.78334987219645 0.8696826662442346 0
197 4.197718593556985 0.8683501113793747 0
198 4.197551850785388 14.97611295048134 0
199 35.12020670812974 3.963849613352345 0
200 13.78120961843124 14.96982427450668 0
201 22.19999999996014 1.039230484547359 0
202 13.79973794297527 0.9862781460700971 0
203 0.88204801779873 3.967580429887363 0
204 1.072340167839331 11.94044394509161 0
205 33.03887892823492 14.96770152311058 0
206 34.95146351381374 13.21327827299115 0
207 1.835125434990008 15.0185100034279 0
208 34.18484267941847 0.8618145874754686 0
209 1.81400211982823 0.8641285650982842 0
210 17.39545502273336 14.96192186355677 0
211 16.78409719861735 13.92557496765432 0
212 15.57237283377342 13.93101873230911 0
213 16.16454086771046 12.89057688390949 0
214 14.94403883567493 12.90223042681676 0
215 15.53423753779547 11.85605007377581 0
216 16.76626376532321 11.84477112598533 0
217 16.13478811758043 10.7924296332034 0
218 17.38177332145183 10.80184465069919 0
219 16.80000000008994 9.764617092748503 0
220 18.00212314999145 9.762546789291196 0
221 17.42179160296125 8.718953952655639 0
222 18.60963742092066 8.72331571402229 0
223 14.29902851939927 11.88313251923216 0
224 12.01083869731113 8.080709368179473 0
225 12.13087904046744 8.069382908840225 0
226 18.01833858054159 7.684457930089538 0
227 19.20876847306589 7.685994653000705 0
228 19.80468546503429 8.724774601742446 0
229 20.40407325835115 7.686463878099546 0
230 21.00207353069531 8.725449388219509 0
231 21.60134680209841 7.686946811596423 0
232 22.20063941075567 8.726230213892585 0
233 22.7998654735291 7.688933588971249 0
234 23.39979564754221 8.727190105754087 0
235 23.99877664608493 7.690969498418881 0
236 24.59934337217713 8.727586841992672 0
237 25.19815038556684 7.69205926057464 0
238 25.79928492599635 8.727228966390232 0
239 26.39839510961353 7.690114589888278 0
240 26.99935180253112 8.726676424402363 0
241 27.59859873692134 7.689332859638533 0
242 28.19942336662423 8.7261077164192 0
243 16.84138061503997 7.676023803915104 0
244 28.79879469826231 7.688715055278173 0
245 29.39940897031569 8.725592341392087 0
246 25.79582377045682 6.660718483824709 0
247 17.41801469496255 6.653384871434467 0
248 16.22352334636125 6.678045242348164 0
249 21.00217088537697 6.647896193354915 0
250 21.60059598934723 9.764597156355757 0
251 25.19978096290828 9.765105492557661 0
252 28.79942831831792 9.764440211052712 0
253 15.43334358817378 9.660547868552204 0
254 29.99882635721689 7.687976848178042 0
255 29.39888186696225 6.650123481240304 0
256 29.99692426609494 9.762474522282167 0
257 23.39840747602958 6.653918407913267 0
258 30.59920408935574 6.652772541899016 0
259 29.99639957593158 5.622514463689957 0
260 16.80844895689918 5.625706359345164 0
261 15.59506420240193 5.645882427503977 0
262 14.93007005499942 6.818131980383662 0
263 14.38986879876711 5.645931869873639 0
264 29.39686856229894 10.80170052657487 0
265 30.59098227443331 10.7971812773796 0
266 31.19312014442912 9.758617294339018 0
267 31.20298049636765 5.616213719147224 0
268 28.19931443475119 10.80349586907853 0
269 18.00817618518304 5.614100133150946 0
270 18.59818890251465 10.80346734248278 0
271 28.79347444675425 5.627484295012448 0
272 28.79731727830707 11.84127242895719 0
273 27.59898977093538 11.8424594855078 0
274 29.39006995263327 4.601330606479074 0
275 28.18364896620595 4.615496673721675 0
276 17.40402129614597 4.577924754576117 0
277 18.60314139484 4.570883029200187 0
278 14.99867547032134 4.605071670655535 0
279 13.8037850044356 4.625248513206656 0
280 13.22348719516602 5.677776213573289 0
281 11.95218954486287 7.924963893163055 0
282 12.04862531603035 7.915370303298747 0
283 12.6065911777196 4.668384180232534 0
284 12.0170463622911 5.85580410066491 0
285 11.39630324257328 4.662505587155803 0
286 10.77188547308572 5.666835649466224 0
287 10.18941930519489 4.623727164295818 0
288 9.595596111634599 5.633352717584664 0
289 8.993997620318787 4.609764519388303 0
290 8.404777113349667 5.630570150048188 0
291 9.026350719455113 6.651943549928827 0
292 7.814052029150687 6.66019667492631 0
293 8.432482257523825 7.703018264031425 0
294 7.211333740195735 7.69845498886276 0
295 7.807803646941979 8.741992724269597 0
296 6.605329694156934 6.660021913554186 0
297 6.603342225030032 8.734274441522254 0
298 9.015686757613006 8.756125029016143 0
299 8.387027248876489 9.786018209447228 0
300 9.556791645765188 9.789434986846363 0
301 7.795561109862635 4.60543094017778 0
302 8.961239084497226 10.832987625859 0
303 7.783850054707161 10.8202609708652 0
304 10.10963378603606 10.86622189147374 0
305 9.553577969544651 11.87534013436273 0
306 10.71335606546716 11.89680374499235 0
307 11.24038321110292 10.89872007665939 0
308 31.77779438668342 10.78694027081225 0
309 32.38172108624423 9.744942341902679 0
310 18.00114845873166 3.530117330454968 0
311 9.588419169564933 3.586900508176975 0
312 31.79973909743274 6.654214146886531 0
313 31.18436432468594 11.83227587339968 0
314 10.19092828701454 8.804299659745038 0
315 32.42801384876893 5.618824222061336 0
316 31.79918914613717 4.578271518968261 0
317 19.2012213412107 3.530122125095476 0
318 32.36653265127768 11.82106680046472 0
319 11.23158538800271 6.649899377461603 0
320 11.81080205510153 7.951486026799912 0
321 28.770646143212 3.624634501521684 0
322 27.5722300059374 3.646468438200273 0
323 14.40074321526247 3.573521423427274 0
324 11.99789890777365 3.59494418612099 0
325 13.72822847547433 12.91574643951941 0
326 10.15404069758463 12.91149092553346 0
327 8.977003827391721 12.89849643618072 0
328 17.99487860816194 13.92231559484337 0
329 11.33388310593193 12.92117068542749 0
330 16.80130439776617 3.542747462306834 0
331 26.98398453346989 4.627787716719056 0
332 26.37685818370626 3.623019912466438 0
333 25.7874994984907 4.6160934597745 0
334 25.18624321486952 3.582184463349663 0
335 24.59268276943238 4.596946113293074 0
336 23.99556001080408 3.550247359341491 0
337 19.80236178212948 4.569939939151892 0
338 20.40077029310959 3.529899481217991 0
339 23.39702493849147 4.580431256595215 0
340 22.79965447923687 3.529553247716146 0
341 22.19945258563406 4.569824616753777 0
342 29.97903233785769 3.608897553289252 0
343 28.19829783662406 12.88117463655417 0
344 29.39611614035239 12.87966145232365 0
345 26.99928819065329 12.88185374932204 0
346 26.39958657849568 11.84287658715613 0
347 25.79971657344426 12.88214474659215 0
348 25.19991033001786 11.84306783392015 0
349 24.59990692505997 12.88226659155626 0
350 23.99997656056675 11.8431081676961 0
351 23.39997686622952 12.88230734341833 0
352 22.80001026877999 11.84312489279134 0
353 22.19993890371539 12.88230873997072 0
354 21.59995050161547 11.84308297167432 0
355 20.99967110208842 12.88228526670578 0
356 31.7844170273149 12.8723222929073 0
357 32.9754743618232 6.661085523087459 0
358 33.79073945714386 5.652732898612499 0
359 9.577954862455968 13.93583496262697 0
360 23.40001226523581 10.80410111334636 0
361 20.39976865498147 11.84303494400987 0
362 32.39470756073482 7.689220238539763 0
363 13.07956944487131 11.9055259606327 0
364 13.6203562059019 10.89360569569585 0
365 19.79880406784841 12.88226534471447 0
366 21.5998756616377 13.92152619660108 0
367 25.19984737689895 13.92144813599787 0
368 28.79821427623815 13.9203251652465 0
369 32.97240077765697 12.86637412796858 0
370 25.7670519905292 2.58495423618506 0
371 29.37093866120875 2.702385034909675 0
372 17.40000000013353 2.490003700962827 0
373 23.40000000013353 2.490003700998774 0
374 30.57831514147128 2.686910515201845 0
375 33.53103572354514 11.8015553967019 0
376 22.20000000013353 2.490003700991608 0
377 16.2000779616629 2.518515249408567 0
378 33.60000000010251 7.686156123766372 0
379 29.97802399615752 1.790414839757647 0
380 19.80000000013356 2.490003700977223 0
381 10.18657860756525 6.621792703369325 0
382 10.75780742973378 7.468763814172644 0
383 9.718762086904258 7.712644874087344 0
384 11.00341798593053 8.425850329489164 0
385 11.82007872562908 8.075721625002799 0
386 11.89097797391118 8.080126593510725 0
387 11.76708450577266 8.057772881995508 0
388 11.50616119305244 7.366230290520552 0
389 11.73692561487531 7.99268460479307 0
390 12.15003326228798 6.91996970657597 0
391 12.69014947006434 7.923241222301558 0
392 12.59493857674129 7.91745317387661 0
393 12.64241506320671 7.920204915484412 0
394 12.54813414888314 7.915751109763088 0
395 12.33420070956542 7.907577213251878 0
396 12.26317444751196 7.910175097948789 0
397 12.38001364787914 7.909846622069479 0
398 11.9542675888129 7.40372864779875 0
399 12.55535202296617 7.331804689362536 0
400 12.29384475984658 7.56215902577023 0
401 12.7394380197012 6.745261064965542 0
402 13.2783223250424 7.246709174271775 0
403 12.95166918309703 7.508932857641673 0
404 11.21634601621228 7.749906167929685 0
405 11.39522600952985 8.227246615123985 0
406 11.35720012460918 8.707017938662075 0
407 11.71593616592331 8.50415999410524 0
408 11.73790887778304 9.055990817563501 0
409 12.21915218638262 8.760464082518762 0
410 12.69448959319064 7.980257821557466 0
411 12.62452359794488 7.994985986208005 0
412 12.28538656117794 9.344054193076701 0
413 12.83208986782056 9.078030850190245 0
414 11.1007244407045 9.134100713784836 0
415 12.05961109391632 8.428098596844533 0
416 12.4730614899682 8.444279433501549 0
417 12.4139888664284 8.032655688228729 0
418 12.34324212525596 8.043987590861708 0
419 12.46079831094853 8.024388290097292 0
420 13.16007384766545 8.518990843641342 0
421 13.56336661259885 9.110194415352144 0
422 13.83440209584015 8.2501943643384 0
423 12.79093946257753 8.335548332893996 0
424 13.01421008213326 8.148991172582544 0
425 12.29835855855584 8.301877787311678 0
426 12.84198795746761 8.136583172969484 0
427 11.59840133539053 8.289540821442978 0
428 11.40960249216954 7.923623594758503 0
429 14.48396966366278 8.954262886509085 0
430 14.7779370259433 8.018566174945637 0
431 11.72183840041568 7.640514763983379 0
432 11.92902176491875 7.637936017485954 0
433 12.1518762836638 7.709293630326311 0
434 12.11879133209256 7.910755166986133 0
435 12.32019741710943 7.717593894272307 0
436 12.22539040186908 7.79128013899516 0
437 11.82633981861289 7.773761262066312 0
438 11.88119058690912 7.935751750536988 0
439 11.93256211780465 7.809926680364477 0
440 11.85852861673819 7.842861741240912 0
441 11.63200601549227 7.806965123809345 0
442 11.71259178963779 7.872046804222575 0
443 12.89506558072263 9.935266139933491 0
444 11.85765614737564 7.940468684583515 0
445 11.86619065938662 7.917577991066114 0
446 11.89008053188841 7.91301471719942 0
447 11.84237065166309 7.922577631230945 0
448 11.85087429995548 7.899482580092226 0
449 11.82715817791948 7.90440715933256 0
450 11.8183361006297 7.927877808817252 0
451 11.80348571178745 7.90842576690924 0
452 11.8141242504785 7.887089347499925 0
453 11.78963231785634 7.883827220433602 0
454 11.77730642385395 7.913547048431221 0
455 11.83406123254906 7.945652248046422 0
456 11.79435791620004 7.933805856238547 0
457 11.76855764303732 7.9422291925192 0
458 11.75352504757535 7.977471305399554 0
459 11.75206782130287 7.922284699921839 0
460 11.74413149823862 7.944455952143203 0
461 11.73075138210726 7.928677573638294 0
462 11.72173233635425 7.948340122873259 0
463 11.70410376586316 7.920719727567437 0
464 11.75573720669155 7.890709541512495 0
465 11.77118449512379 7.844979421522495 0
466 11.76958748246577 7.963828824183105 0
467 11.92839049564632 7.928085521228507 0
468 11.93750472469896 7.906080074982626 0
469 12.00023130620749 7.919617331088337 0
470 11.96178450592536 7.903066866827899 0
471 11.94719105169429 7.884449330872464 0
472 11.97118217419141 7.880318140120499 0
473 11.92292265721383 7.887109262791963 0
474 11.95486479593876 7.86127318997387 0
475 11.98028470110059 7.855424480605338 0
476 11.99603944627238 7.876250679527062 0
477 12.00652446539483 7.851515907453647 0
478 12.0214837008673 7.8733163067839 0
479 12.03290535476537 7.849217412722837 0
480 12.01763617233916 7.823695058006416 0
481 12.0471977077557 7.871502048587972 0
482 12.0587386043951 7.848774934404206 0
483 12.07336211407671 7.870397651798642 0
484 12.08374872448416 7.848978055075595 0
485 12.07732341638262 7.819576879604645 0
486 12.10011279829507 7.867525440950343 0
487 12.10916163193512 7.838456727744224 0
488 12.12744246658446 7.861371160331831 0
489 12.14204752848095 7.833902343014934 0
490 12.12298370088542 7.795668535013293 0
491 12.1538876188018 7.860067460944714 0
492 12.14245520564004 7.881051913796348 0
493 12.08953001271291 7.890043523735438 0
494 12.16597009332221 7.880692607722761 0
495 12.17861079008925 7.862218562715588 0
496 12.19127495102832 7.884153783153822 0
497 12.20109588303056 7.859843772771943 0
498 12.21546233880456 7.879266920062925 0
499 12.22647168220831 7.858654746335322 0
500 12.23854985425341 7.879202726746358 0
501 12.2511140405986 7.858675487714175 0
502 12.2641825112336 7.884178294630594 0
503 12.27719823484538 7.860765677141086 0
504 12.29109487561184 7.882182128502496 0
505 12.30381725372535 7.862149412731158 0
506 12.29186063039562 7.841474897184129 0
507 12.31416989862086 7.842319049940301 0
508 12.33009212477671 7.862270657934866 0
509 12.33993026379814 7.831050271406758 0
510 12.35828650049674 7.860163724754907 0
511 12.37748740961094 7.829631654880028 0
512 12.38859083128045 7.866423511708477 0
513 12.40539286896834 7.839279091423329 0
514 12.4288322311197 7.909089387557783 0
515 12.4176167085046 7.864049285428692 0
516 12.43284366804134 7.836610532894313 0
517 12.44572030105582 7.869125328776261 0
518 12.46183484103982 7.840558131436386 0
519 12.4529546091232 7.808546240081769 0
520 12.49145224827894 7.813084043812729 0
521 12.46509960877874 7.754373372462785 0
522 12.54677335672072 7.766758433056954 0
523 12.41354267947718 7.798105119802633 0
524 12.50818263120212 7.846354989364732 0
525 12.48245285289392 7.627935178079397 0
526 12.40627630602522 7.886090983267392 0
527 12.47231235828641 7.867664378339381 0
528 12.46206257758028 7.89060347561318 0
529 12.63008159062428 7.641435562578565 0
530 12.68849746128076 7.778193532874279 0
531 12.59146534602829 7.813621869205507 0
532 12.52884628590952 7.8269755260371 0
533 12.54113399762303 7.852512841054507 0
534 12.52249417573853 7.871137097342563 0
535 12.1667040704922 7.84106743549254 0
536 12.34428943399056 7.884542052153941 0
537 12.31685434688787 7.888037385485168 0
538 12.29830154390063 7.904930680809496 0
539 12.06111379947153 7.892776149559714 0
540 12.36946631450673 7.886878402923909 0
541 12.22744665145719 7.897079863444256 0
542 12.15493538328814 7.898314619448872 0
543 12.04259369585332 7.790854015581326 0
544 12.42698653192598 7.886716483094293 0
545 12.11690423092577 7.887084245799177 0
546 12.3572890747464 7.907238762899926 0
547 12.01063587449416 7.896820883540038 0
548 11.90467624000975 7.931620308078927 0
549 11.91383928882375 7.909266047199395 0
550 11.89949021364501 7.889688445126799 0
551 11.910913791567 7.866335801783191 0
552 12.48326652632069 7.889627472815918 0
553 12.50085686815969 7.909520044273529 0
554 12.52551407146324 7.91446590673209 0
555 12.10759201550909 8.073095291282906 0
556 12.05922723668813 8.078098140644649 0
557 12.12421230838985 8.093673761213733 0
558 12.20295153400906 8.062083315660027 0
559 12.08337652086631 8.07577871080391 0
560 12.07356149826277 8.099572155354874 0
561 11.97614530942353 7.922144101173895 0
562 12.15434613409484 8.067450598220413 0
563 11.87519371791486 7.894188361780853 0
564 11.88406357626202 7.868218290553465 0
565 11.89977043348691 7.839086497576609 0
566 11.93234340693299 7.846285824342813 0
567 12.03498685596911 8.079666112067619 0
568 12.02365365543062 8.10234669227844 0
569 11.96292472681886 8.08130168315691 0
570 11.93903147372271 8.081122664140365 0
571 11.95108530270843 8.101736296272737 0
572 11.86693604326597 8.308720536258347 0
573 11.77869014617881 8.227490378790387 0
574 12.01073411357178 8.256101032285878 0
575 11.91501104486264 8.228834195551459 0
576 11.99813797319216 8.185140760975598 0
577 12.07964931517646 8.199235399573009 0
578 12.04872719018257 8.158202469943729 0
579 11.94053717330587 8.160523847916926 0
580 11.9149381093685 8.080783936259742 0
581 11.90239481897596 8.100738298064655 0
582 11.87837431777224 8.10007567594273 0
583 11.8897363945952 8.120869795349609 0
584 11.86555342090582 8.120634118319247 0
585 11.85460787815959 8.098894568869122 0
586 11.84205600309516 8.118691561025047 0
587 11.8774546860485 8.142505663658959 0
588 11.9137742995466 8.121303528399711 0
589 11.8310107366901 8.097670406972682 0
590 11.8185572535694 8.118127702826495 0
591 11.80738889072 8.09721484523204 0
592 11.79552626405892 8.117296257603339 0
593 11.78448155150867 8.096688122333699 0
594 11.77505129757022 8.114222942853955 0
595 11.760954089129 8.097218855054379 0
596 11.72853609053659 8.017922454411577 0
597 11.75475451313937 8.122647883172224 0
598 11.74551561392707 8.050973751490879 0
599 11.808474530673 8.140183034624673 0
600 11.74727352810499 8.075416855267141 0
601 11.72517268939596 8.061134665993889 0
602 11.84359323410017 8.077238287224054 0
603 11.8671270207611 8.079014265474555 0
604 11.92656786561848 8.101270177852923 0
605 11.93818318938867 8.121936343980339 0
606 11.96296865897928 8.123079182108961 0
607 11.99923500855915 8.103117422500606 0
608 12.01208045418248 8.125240812356306 0
609 12.03627205225228 8.123830320403938 0
610 11.98700361030834 8.126331775486511 0
611 11.9750070695028 8.10280921540058 0
612 12.04851738997522 8.101568393835212 0
613 12.06341191271219 8.125919317228471 0
614 12.08928661031189 8.120774426185438 0
615 12.08414867470667 8.151712192167633 0
616 12.10605006955953 8.138044551908505 0
617 12.09760653147845 8.095413650929716 0
618 12.11095387019285 8.114116576731357 0
619 12.12809188677234 8.135527537728388 0
620 12.11777977706715 8.168186910372935 0
621 12.15695432176572 8.153234421316336 0
622 12.16597374759908 8.119030310976633 0
623 12.18724646297734 8.133447026978567 0
624 12.19084701109981 8.109043607803905 0
625 12.21277579914763 8.126280682066579 0
626 12.21542201006389 8.100786547537041 0
627 12.1517843944222 8.231367359543729 0
628 12.16805735168477 8.090327926863417 0
629 12.20206395706852 8.161561811369223 0
630 12.24208379928303 8.13994696803978 0
631 12.14659193774401 8.104365898805892 0
632 12.17867816113701 8.06568933610855 0
633 11.98682497949473 8.081295349200186 0
634 11.98610171117826 7.900017273557857 0
635 12.22615997492436 8.058652671174556 0
636 8.390865574432086 13.9281635437951 0
637 7.789674627202958 12.89008983885803 0
638 7.196129975101393 13.92491138278891 0
639 6.594556146586314 12.88815666062279 0
640 5.995804493174951 13.92967056693602 0
641 5.393403905931496 12.89541312688204 0
642 5.993635035291366 11.85109072668412 0
643 4.791178331922478 11.85782506234705 0
644 4.189553629253508 12.9095322225757 0
645 3.583117265614487 11.87163610906055 0
646 4.191386930690233 10.81171744975525 0
647 2.982880743754869 12.93672717204646 0
648 2.980426593508016 10.81869627129326 0
649 3.588451420659005 9.772144165950674 0
650 4.795378245612109 9.771548121872987 0
651 4.199049096322695 8.73247588193477 0
652 2.998438059527639 8.732475060526276 0
653 3.608820739784274 7.694730855635552 0
654 4.802354091183805 7.694052213684495 0
655 4.200222940585084 6.657433384407057 0
656 3.02451987764516 6.661084696230309 0
657 3.570952012987803 5.62070131364219 0
658 4.793805545411688 5.617057715340884 0
659 4.195208178251022 4.57788556777966 0
660 5.394151482454953 4.595531224077933 0
661 4.795131904136114 3.567807121384209 0
662 3.614706096385369 3.552472907703666 0
663 5.987296006888473 3.585509973542374 0
664 5.387564201808209 2.6380810543251 0
665 6.579392838627388 2.638904471154021 0
666 2.209843308307069 5.653069869501484 0
667 5.987601274712095 1.747514532676502 0
668 3.591502138083004 13.95874010439566 0
669 2.383116201049723 13.99957784951595 0
670 8.992202274487543 14.96596532084688 0
671 14.98441026536733 14.96711418454272 0
672 18.59999999993959 1.03923048454224 0
673 10.18645626204477 14.96916585737349 0
674 12.58001348111488 14.97152517419758 0
675 13.15598778348201 13.94379442753376 0
676 20.99999999995578 1.039230484545859 0
677 23.39999999996973 1.039230484545865 0
678 11.95724315720054 13.94543729702448 0
679 6.597910754969179 14.96406263454581 0
680 5.397627886621015 14.9681312650633 0
681 26.97993331379026 0.9375364199863478 0
682 27.56171426411515 1.819822324927161 0
683 25.7999999999831 1.009498377059884 0
684 19.19731494100807 11.84298796504892 0
685 21.00004726079911 10.80380992225145 0
686 32.99906062010655 8.71588726021897 0
687 34.1915336753849 8.670310506003549 0
688 33.57729856368784 9.72139846659994 0
689 26.9995321245664 10.80372476679437 0
690 31.7940497506062 8.720010671803967 0
691 25.79990139608135 10.80393036779694 0
692 12.52344670472333 12.92341859228334 0
693 32.94843325247667 10.76640036858569 0
694 22.80017220652721 9.765232035907037 0
695 21.00094835838884 4.569576139192705 0
696 22.20013141538413 10.80399134872104 0
697 20.40121343683159 9.764113346689793 0
698 24.59992271867259 10.80404705364937 0
699 18.60000000013356 2.490003700970007 0
700 24.5968128575217 6.65849210128864 0
701 31.19736028665379 7.68807045109105 0
702 26.39957325875594 9.765233996546382 0
703 19.80563330892929 6.648144543724733 0
704 16.2595446650425 8.703039083003006 0
705 24.59772642422205 2.522692556900695 0
706 23.99983786217721 9.765543773867863 0
707 18.61072223770702 6.649376140557625 0
708 10.78970021474324 3.58774509550003 0
709 10.17488167777178 2.604634217805998 0
710 8.980259714007918 2.632108047846689 0
711 9.57977646091399 1.734897201682949 0
712 11.38437105846653 2.603434195057026 0
713 12.59692496375759 2.558851702384249 0
714 7.202448838482169 5.628079686408077 0
715 8.388043172358074 3.595383539942019 0
716 7.195646344194399 9.777392885894075 0
717 26.39152004263643 5.637154296138444 0
718 27.59171450836834 5.6319284860858 0
719 28.19754130165646 6.653208543420241 0
720 4.204333952998927 2.646948671474137 0
721 3.036405575762334 2.649772282776642 0
722 2.499020400488971 3.541577439171923 0
723 1.913288860057897 2.68141769210138 0
724 2.42860805225501 7.702675242954339 0
725 1.800000000096153 8.725386608117176 0
726 1.154693417402208 7.591374454457506 0
727 2.365679109872945 9.767533605474654 0
728 1.772386573637955 10.8243327809443 0
729 2.362958232481852 11.89629154308374 0
730 5.395339033131738 10.8092594302938 0
731 3.001142447913657 4.572870590482379 0
732 30.59763486457636 8.724228259238984 0
733 16.20188484584111 4.58547935305225 0
734 15.6006938240819 3.554444385386279 0
735 15.0001297629917 2.518834379724772 0
736 22.2001013812686 6.650089044142561 0
737 21.60022512811167 5.608930668335181 0
738 26.99616654981707 6.657711615409017 0
739 27.59958834045217 9.764737961336737 0
740 8.376224352592747 11.86114211956118 0
741 7.189263877496927 11.85274743671691 0
742 6.593183057795359 10.81245294853606 0
743 13.20101613493705 3.594072444604838 0
744 11.88488138615689 11.90910860044568 0
745 22.79856979548515 5.614216933587079 0
746 5.997233651846991 9.772835194632808 0
747 5.400377576352163 8.732734178147584 0
748 14.88418804909154 10.8267067672107 0
749 21.00000000013354 2.49000370098446 0
750 6.003937117236075 7.6960852079467 0
751 17.9892759932113 11.84323592048395 0
752 29.99296185592477 11.83817822430748 0
753 5.400753010680223 6.658051401053376 0
754 25.1934243669856 5.631918677016974 0
755 13.80015354067339 2.543484662257323 0
756 5.998739612259098 5.624755098886109 0
757 21.6001376194394 3.529810147809448 0
758 6.5944746534522 4.6022742031054 0
759 7.186537895382137 3.591476691082286 0
760 33.00000000012105 4.568464670138948 0
761 32.38071895231583 3.561279668705176 0
762 33.50178591972623 3.532803188136387 0
763 32.95676878822479 2.649512013530501 0
764 34.08638256061642 2.676435715894176 0
765 31.77720808153426 2.664055309775289 0
766 30.59298876261497 4.590864339330685 0
767 19.20546479579097 5.610251555733165 0
768 7.778191311587798 2.637537634568279 0
769 20.40280070978787 5.609123173248766 0
770 23.99615370065764 5.622653914949041 0
771 19.79976480675968 10.8037846816218 0
772 31.18435678846542 3.587296369173384 0
773 19.20260219700872 9.763667079308384 0
774 30.59175772897449 12.87671061693007 0
775 18.59865421238411 14.96095883744589 0
776 17.39999999994131 1.039230484542152 0
777 14.36104130203388 13.93828808087141 0
778 2.999472761950865 0.8672931078383264 0
779 3.001215937480868 14.99215681797014 0
780 1.101263008788481 14.10576886416771 0
781 32.99364976645592 0.8642866595539087 0
782 34.22724744658105 15.05590510999323 0
783 31.80486763847509 14.96151191312619 0
784 12.59686095079361 0.9497519578220643 0
785 14.99999569339911 1.010738122993848 0
786 17.38356744298032 12.88457566965431 0
787 18.59808722073295 12.88213955698067 0
788 19.19827480813338 13.92166022788615 0
789 20.39961980711033 13.92150343631674 0
790 20.9998687980678 14.9607577803744 0
791 23.99994578102111 13.9215117975791 0
792 22.19995502504842 14.96076466380843 0
793 10.76530098301807 13.94237946046863 0
794 22.79994638959916 13.92153062876707 0
795 27.59909854315027 13.92093867240605 0
796 24.59994416196279 14.96073693063491 0
797 28.19937094387282 14.96034485788466 0
798 25.79985793929623 14.96067896443369 0
799 4.79424065064156 13.93960003938901 0
800 26.39958464132336 13.92127251554558 0
801 29.39917163708002 14.96020427452862 0
802 29.99682358464005 13.91933781639229 0
803 31.19554435151461 13.91825590823051 0
804 32.39540012964287 13.91888329455163 0
805 33.80460833134763 13.8675518861569 0
806 12.3195454975395 8.047075200852131 0
807 12.33432033165599 8.066621152748827 0
808 12.35851409506716 8.064145317928663 0
809 12.34947438155318 8.088419078185193 0
810 12.32502347013125 8.088245190579155 0
811 12.33829527753531 8.113485706612567 0
812 12.31050577362199 8.069074142827901 0
813 12.30119330684642 8.090776337170603 0
814 12.28658570781861 8.07176275648747 0
815 12.27651623592474 8.093454244071975 0
816 12.29263649778829 8.113756986443612 0
817 12.2629908728135 8.074150853381189 0
818 12.25280155265982 8.094746699909493 0
819 12.24060324851158 8.076178079474444 0
820 12.29597170367778 8.050134776044494 0
821 12.36696205410992 8.040565169721589 0
822 12.38247373290184 8.060221437441307 0
823 12.37465586002694 8.085191569201076 0
824 12.39822112549158 8.078995392503675 0
825 12.39320434608358 8.106509898794485 0
826 12.71366223408232 7.924808501625052 0
827 12.70332201371613 7.903941401989035 0
828 12.72577390252278 7.906334523211861 0
829 12.67954281026296 7.901921425642226 0
830 12.69359175143285 7.882559468759874 0
831 12.66877382709554 7.880122709478812 0
832 12.68472939832068 7.863312281038386 0
833 12.70784866037676 7.861277467749573 0
834 12.6590092957845 7.852801137553167 0
835 12.64448337163671 7.876980498795643 0
836 12.63260238422145 7.855511050294883 0
837 12.62005195771236 7.874883360514674 0
838 12.63137139454431 7.897916870977604 0
839 12.09549122493531 7.913170678245573 0
840 12.66634343842415 7.921623762208272 0
841 12.39054320414122 8.036702878844766 0
842 12.40407376259358 7.908915369459562 0
843 12.43739596851332 8.02854826936713 0
844 12.45275721216372 8.047071436750539 0
845 12.47620203505737 8.04274622960844 0
846 12.46809431216413 8.064955683133341 0
847 12.44481763379196 8.070524642220596 0
848 12.46164713420278 8.089229931144667 0
849 12.42935981769877 8.051542709915802 0
850 12.45232054884413 7.911710293299621 0
851 12.4841935360433 8.020243778378433 0
852 12.49963980759766 8.038602896076345 0
853 12.49201051937983 8.061669177219489 0
854 12.51508347290397 8.056766581288278 0
855 12.50998874568311 8.0850924776454 0
856 12.57138124308912 7.916626376227866 0
857 12.58360110641594 7.896316246615086 0
858 12.55409145784948 8.007965865632737 0
859 12.5459640194524 8.030156034555501 0
860 12.56921362260833 8.027199609120386 0
861 12.56054469128154 8.049183502612117 0
862 12.58408559465068 8.048318039952395 0
863 12.57154499807007 8.073759561325435 0
864 12.59307355152041 8.023542769094345 0
865 12.60940145548778 8.043822697433713 0
866 12.61703264620805 8.018516515997982 0
867 12.63283579156371 8.037603269874994 0
868 12.62720850583262 8.06379087141632 0
869 12.6402846771072 8.013708633155566 0
870 12.65575725404843 8.032377169249289 0
871 12.66365605159384 8.008695165943418 0
872 12.67973169251123 8.027587794517867 0
873 12.64790263831106 7.990073960110148 0
874 12.57752241249854 8.004031464970003 0
875 12.60108345998622 7.999647823864402 0
876 11.86051174868609 7.877149495276015 0
877 12.50752725730978 8.016053369189457 0
878 12.65535263840897 7.900012938785427 0
879 12.24906668963584 8.055726040760179 0
880 12.42124115574129 8.074689447180303 0
881 12.03557261951263 7.894498157372235 0
882 12.56035448892485 7.896098456677358 0
883 12.57200826571029 7.876558769230686 0
884 13.76450281380496 6.592687345778572 0
885 12.53790917182518 8.051436595781851 0
886 12.40597131706718 8.055801259019095 0
887 12.02437931845675 7.917203252463038 0
888 12.52282194452438 8.034140867400822 0
889 1.786516231811734 12.98617100749486 0
890 0.9968567905447253 5.120559962340824 0
891 34.88655321417763 9.708156861360701 0
892 34.8253469998055 11.90251515560296 0
893 35.0102566813921 6.285714285698187 0
894 35.00325700383122 5.120410364361621 0
895 12.67117431119569 7.985256738691779 0
896 12.19560669512616 8.084389152401197 0
897 12.68708571862441 8.003166757524864 0
898 12.7106649006471 7.997983063517845 0
899 12.71787448268103 7.97526979572471 0
900 12.73417103451172 7.992882374310783 0
901 14.02413196499436 7.428523582287687 0
902 11.88871841762471 7.803031401018676 0
903 11.79673437351309 8.076700320642429 0
904 11.93364714066937 7.869090681952859 0
905 12.61867754063388 7.918514755643344 0
906 12.5374130167034 7.894716465846242 0
907 12.26288039296142 8.115521334364489 0
908 12.27554217922726 8.138078683526366 0
909 12.31857371720289 8.13607384878369 0
910 11.85207757949979 8.141078789236429 0
911 11.86254571020893 8.164291641513829 0
912 11.83311214049142 8.159742232232073 0
913 11.84967186094176 8.204422502078845 0
914 11.90315607080741 8.172092918486443 0
915 11.90164750030871 8.139963070465404 0
916 12.31577270429938 8.108283261706781 0
917 12.35487901858594 8.147031868745856 0
918 12.07238788227073 7.914822912117453 0
919 12.32564317048983 8.192166441213278 0
920 12.39488762326855 8.19092974277094 0
921 11.83085550146575 8.135564663988944 0
922 12.6073694259317 7.896509770716678 0
923 11.83389853255989 7.880996502712616 0
924 11.81644651226933 7.857790088111607 0
925 1.058250397208884 1.753067316781219 0
926 34.94175021263727 1.752501052494357 0
927 35.02118694504243 14.31501296277855 0
928 12.35918131419212 7.782768208997707 0
929 12.36605541643071 8.112884126189865 0
930 12.59560300483316 7.87384432766723 0
931 12.6090617027808 7.847886933953415 0
932 12.23770122060103 8.113144279598473 0
933 11.45851567777067 8.468455425570994 0
934 11.97053151177527 8.153168839185266 0
935 12.00219860523852 8.150580806231632 0
936 12.02411911044595 8.145246748772527 0
937 12.26153648890067 8.185094280000264 0
938 11.96230216414832 7.83200209537182 0
939 11.77975986159106 8.137624459653583 0
940 11.79719669714649 8.172229441391554 0
941 12.78517831050515 7.654314851676245 0
942 12.7959429544957 7.784362391746727 0
943 12.75601897680044 7.47624304291198 0
944 12.92017351752308 7.722069933889935 0
945 13.13454357890922 7.707405087087306 0
946 12.86997757994775 7.852801528404676 0
947 12.79209198798118 7.861194240726721 0
948 13.29800898188805 8.038065438990502 0
949 13.06048598978245 7.927563437669781 0
950 12.86943075180944 7.225921214098434 0
951 1.862537589056805 4.384617687634314 0
952 34.13782420487247 4.381790015943021 0
953 12.30036433672998 7.809148328379194 0
954 12.69570212333903 7.83766859381165 0
955 12.26375342805654 7.832992017728916 0
956 12.23490966618163 7.834780139325082 0
957 12.20780700806309 7.832284601369162 0
958 11.74755586695838 8.159167198275767 0
959 11.69853530251686 8.149182791734241 0
960 11.70521131049301 8.103477473581735 0
961 11.66933942450062 8.121306264258198 0
962 11.67299373383143 8.083959923489919 0
963 11.62876558895901 8.102161634471704 0
964 11.64892595394092 8.048292564490396 0
965 11.68255881390141 8.032135235829498 0
966 11.59290475287349 8.059086925568623 0
967 11.61395640722681 7.996549379674425 0
968 11.5461794158241 8.132520293817084 0
969 11.65286203048903 7.981344216735676 0
970 11.64069287056565 7.946875126385823 0
971 11.71247175594439 8.000202972674282 0
972 11.6971671696753 7.95455317851844 0
973 11.6992615232667 8.217181468329068 0
974 11.71725890871878 7.97511628653781 0
975 11.69375168364541 7.981773893541036 0
976 11.68888941313313 8.00656321116611 0
977 11.67232927034497 7.964865170728775 0
978 11.67382184993308 7.936502997432942 0
979 11.65481617321631 7.895501783964242 0
980 11.57003977102714 7.914880793693674 0
981 11.73670912412844 8.101226407107321 0
982 11.70237315533784 8.072438790185473 0
983 11.77309272213025 8.078005001672969 0
984 12.58156216827809 7.85074657851989 0
985 12.56035751848363 7.833748312801022 0
986 12.18693138919547 7.842466326342159 0
987 12.17202217153951 7.80665220016779 0
988 12.73674396918928 7.833628041978273 0
989 12.7542131704351 7.866232984788579 0
990 1.961481594844841 6.778783709776824 0
991 34.04803538037861 6.767783458660578 0
992 11.73164039237457 7.907572054543241 0
993 0.8891473192983902 2.905666195752222 0
994 35.11384535007367 2.900056524372515 0
995 12.28016757929051 7.899420684612 0
996 15.73546223272302 7.717287219947963 0
997 12.14363036041154 7.91492813936342 0
998 34.0169710692338 12.7302549678843 0
999 11.98716189038368 7.792960722676817 0
1000 12.21554038502947 7.913468094775205 0
1001 12.49597366044584 7.86818649549606 0
1002 12.61798277057376 7.763734153242051 0
1003 35.18411875980819 8.571428571409056 0
1004 11.78822856772236 7.958818860270316 0
1005 12.41864978484471 10.90901254267881 0
1006 12.54904685275542 7.874973814735473 0
1007 12.21904866486408 8.079411013626611 0
1008 12.98372949818365 7.824602886782996 0
1009 12.959735895573 8.004098282456289 0
1010 12.83637820062288 8.027348059554782 0
1011 12.63310316011159 7.818624779520549 0
1012 34.05621710342176 10.72249893503264 0
1013 14.14563585648195 9.901990244487232 0
1014 12.40356577842702 7.71107998524533 0
1015 0.7904902895118804 8.571428571457764 0
1016 12.22868336715603 7.316210247771499 0
1017 12.4853118754049 7.847410201618905 0
1018 11.73279210385648 7.787653475120822 0
1019 11.73184504280507 8.309418639785205 0
1020 29.38458855859765 0.8989875154792772 0
1021 28.76771247182228 1.802910592014725 0
1022 8.989612980125102 0.8677628950050718 0
1023 5.39495863209417 0.8705500211554562 0
1024 31.18070330740455 1.769622326996969 0
1025 26.96402561004879 2.68178300984027 0
1026 7.183754649882637 1.746898919779805 0
1027 10.78364061269888 1.738144977211471 0
1028 12.1311139608543 8.114563293254273 0
1029 12.5251642726183 7.849245113449724 0
1030 11.72855322344721 8.127140350774258 0
1031 12.504275285764 7.886895275266496 0
1032 0.8165390369561472 13.03821667106372 0
1033 12.24695560851078 7.713752935504626 0
1034 0.7677913792938741 10.83867283286565 0
1035 11.66171327625429 8.010287222219535 0
1036 11.70715761064008 8.024130810724335 0
1037 11.70490787707998 8.04755192106802 0
1038 11.72558171324501 8.04040906919653 0
1039 11.73695527756157 7.966513656687439 0
1040 12.08544817882277 7.766095783017281 0
1041 12.03246349159527 7.715085374285533 0
1042 12.3858236147993 8.136666635600026 0
1043 12.42121247476485 8.129742396034276 0
1044 12.47532002245342 8.168453774429599 0
1045 12.4464587395861 8.271142791780951 0
1046 12.58620707157887 8.24266915876566 0
1047 12.55247745480959 8.151108632985123 0
1048 12.64402297965183 8.133038133632175 0
1049 12.74186839137965 8.113976082009213 0
1050 12.72723386411775 8.015773223849559 0
1051 12.75096656965124 8.010693607365235 0
1052 12.75724261471919 7.987421197915474 0
1053 12.77439818941635 8.00421363112202 0
1054 12.77911273472733 7.98161883977058 0
1055 12.76901796696956 8.02605885173392 0
1056 12.77915335763708 8.060567036406649 0
1057 12.79234920474494 7.995923488821737 0
1058 12.80110919967806 7.976995333720433 0
1059 12.78580751232822 7.960191303188406 0
1060 12.80599114372004 7.956365287332223 0
1061 12.79368539020188 7.938477225852001 0
1062 12.8313516898252 7.969970275021717 0
1063 12.81800192656687 7.936192298878557 0
1064 12.80109142577327 7.915894286137521 0
1065 12.77851994763927 7.920170666146207 0
1066 12.78496485110027 7.896171273563749 0
1067 12.80745207385326 7.893853163243534 0
1068 12.76306409742795 7.902903979374898 0
1069 12.76756917734718 7.883011412724994 0
1070 12.75713205098562 7.924853535541581 0
1071 12.76375911450388 7.964964705888428 0
1072 12.77117950889229 7.942723346884755 0
1073 12.74103478256887 7.970148978131467 0
1074 12.70308718624057 8.020500032678353 0
1075 12.69814337524273 8.047367600841229 0
1076 12.67066056635657 8.053420050468235 0
1077 12.69025333370745 8.081772856645278 0
1078 12.65018642521309 8.079835395077637 0
1079 12.62164331116888 8.093585578105653 0
1080 12.74483170409033 8.0358681868983 0
1081 12.7254932064008 8.064261171973669 0
1082 12.79574001405281 8.018951796877404 0
1083 12.81138566178478 7.997837790799216 0
1084 12.82392207024827 7.910501471171961 0
1085 12.85755582309835 7.921899064694248 0
1086 12.64732970860289 8.053405351217295 0
1087 12.71963426623977 8.036663698763974 0
1088 12.7354556155625 7.926988646387334 0
1089 12.58603694536724 8.106920767250589 0
1090 12.54631494762889 8.092415182600625 0
1091 12.51578150003797 8.12404750734995 0
1092 12.48532300768343 8.107888884916614 0
1093 12.74498706627087 7.90992713579551 0
1094 12.74350937323932 7.888555588181873 0
1095 12.71733379882502 7.884781526661217 0
1096 12.73162439984637 7.866697554716052 0
1097 12.03279002940272 8.195774771075826 0
1098 0.887462337987036 15.12673597368267 0
1099 11.723415537111 8.082029511100936 0
1100 33.61213639978737 1.732803500641559 0
1101 32.38238551132373 1.729710965043863 0
1102 25.19212063619074 1.78512603425706 0
1103 23.99999999997101 1.764617092704577 0
1104 22.80000000003398 1.76461709275782 0
1105 21.60000000003594 1.764617092758735 0
1106 20.40000000003492 1.764617092757144 0
1107 19.20000000003365 1.764617092754706 0
1108 18.0000000000363 1.764617092753295 0
1109 16.80000000003617 1.764617092747837 0
1110 15.60001630041371 1.769496429361758 0
1111 14.39989438444936 1.765043246758413 0
1112 13.19821030305709 1.765958042264334 0
1113 11.98876515778314 1.746861377068737 0
1114 3.600247621911247 1.738535679517113 0
1115 2.387857109814604 1.742628322034986 0
1116 11.52527470639894 8.016284785569081 0
1117 30.58777762239566 0.8881178914130212 0
1118 26.387945402465 1.789763458144785 0
1119 10.1903281460506 0.8694910975354808 0
1120 6.592277041945755 0.870536520029915 0
1121 28.1541282382603 2.707050285270004 0
1122 8.383212336384945 1.746388115254883 0
1123 4.793624502688782 1.743113877993075 0
1124 10.56576068794629 9.925356308277376 0
1125 12.09836007467007 7.557403027706993 0
1126 12.53199819902317 8.070707982568296 0
1127 13.53213661921484 7.684031565030548 0
1128 12.93673393763013 7.916937258908112 0
1129 12.88771352330697 7.981386075857003 0
1130 11.5096895874729 7.733747481494623 0
1131 11.95061787925168 8.141154897822545 0
1132 11.68235190681832 8.056875687012662 0
1133 11.92411605054584 8.143043446432301 0
1134 10.41010137880092 8.05854221355165 0
1135 11.74061163409008 8.032398684467264 0
1136 0.8384324500041166 0.8217826439351732 0
1137 35.16156754999712 15.17821735606612 0
1138 35.16156755000018 0.8217826439292264 0
1139 12.48305821788591 8.08186850353642 0
1140 11.78647112894996 8.061629862780677 0
1141 12.24697788003183 8.504646132180683 0
1142 12.13548437721833 7.898658983752262 0
1143 12.4132622931991 8.09559456193322 0
1144 12.4358246627545 8.095704064722369 0
1145 12.45276728482705 8.114443409821153 0
1146 12.24662190121822 7.897361048290882 0
1147 12.17451345544688 7.898190160984816 0
1148 11.99078536998965 7.831142166204389 0
1149 12.71493737655715 8.652330992748777 0
1150 12.55069465707473 8.067829075525323 0
1151 11.41866295431151 8.071124429654384 0
1152 11.21703214763511 8.055946859003274 0
1153 10.89769271442222 7.95113445620993 0
1154 12.60073524893594 8.072400100128377 0
1155 12.90466933348169 8.066437841784609 0
1156 12.41654220791612 7.897703055844758 0
1157 15.32528995126705 8.680804560198629 0
1158 12.04584625764812 7.826480123399489 0
1159 11.74912559204029 9.886071541710585 0
1160 12.3156902291058 7.912745775403177 0
1161 12.20793411606926 7.896665962564184 0
1162 12.28408451819453 7.91563722116862 0
1163 12.0213172503739 8.168379334927025 0
1164 12.8351900341633 7.885504544617714 0
1165 11.95426454806239 8.193158966788621 0
1166 12.23856645622477 7.914551952686622 0
1167 12.56087717183241 7.858819258261484 0
1168 12.14479554402728 8.084977307673642 0
1169 12.2335485265494 8.09437631551241 0
1170 11.75456039501774 7.958648209519147 0
1171 12.4436810646278 7.894089974727487 0
1172 12.16695287290391 7.915585278593117 0
1173 11.674118943589 7.989257515138992 0
1174 1.609052357774201 3.495794596091289 0
1175 34.39200869324921 3.490938016189741 0
1176 12.14573274493501 8.125240651294197 0
1177 11.93278255285453 7.751054423204053 0
1178 12.72346535508074 8.194202302881619 0
1179 12.38832839864712 7.893055743956737 0
1180 12.10517920016664 7.90026340369158 0
1181 12.51878519815525 7.896005266404412 0
1182 11.64008043174297 8.168648879008877 0
$EndNodes
$Elements
2364
1 1 2 3 1 1 7
2 1 2 3 1 7 8
3 1 2 3 1 8 9
4 1 2 3 1 9 10
5 1 2 3 1 10 11
6 1 2 3 1 11 12
7 1 2 3 1 12 13
8 1 2 3 1 13 14
9 1 2 3 1 14 15
10 1 2 3 1 15 16
11 1 2 3 1 16 17
12 1 2 3 1 17 18
13 1 2 3 1 18 19
14 1 2 3 1 19 20
15 1 2 3 1 20 21
16 1 2 3 1 21 22
17 1 2 3 1 22 23
18 1 2 3 1 23 24
19 1 2 3 1 24 25
20 1 2 3 1 25 26
21 1 2 3 1 26 27
22 1 2 3 1 27 28
23 1 2 3 1 28 29
24 1 2 3 1 29 30
25 1 2 3 1 30 31
26 1 2 3 1 31 32
27 1 2 3 1 32 33
28 1 2 3 1 33 34
29 1 2 3 1 34 35
30 1 2 3 1 35 2
31 1 2 2 2 2 36
32 1 2 2 2 36 37
33 1 2 2 2 37 38
34 1 2 2 2 38 39
35 1 2 2 2 39 40
36 1 2 2 2 40 41
37 1 2 2 2 41 42
38 1 2 2 2 42 43
39 1 2 2 2 43 44
40 1 2 2 2 44 45
41 1 2 2 2 45 46
42 1 2 2 2 46 47
43 1 2 2 2 47 48
44 1 2 2 2 48 3
45 1 2 3 3 3 49
46 1 2 3 3 49 50
47 1 2 3 3 50 51
48 1 2 3 3 51 52
49 1 2 3 3 52 53
50 1 2 3 3 53 54
51 1 2 3 3 54 55
52 1 2 3 3 55 56
53 1 2 3 3 56 57
54 1 2 3 3 57 58
55 1 2 3 3 58 59
56 1 2 3 3 59 60
57 1 2 3 3 60 61
58 1 2 3 3 61 62
59 1 2 3 3 62 63
60 1 2 3 3 63 64
61 1 2 3 3 64 65
62 1 2 3 3 65 66
63 1 2 3 3 66 67
64 1 2 3 3 67 68
65 1 2 3 3 68 69
66 1 2 3 3 69 70
67 1 2 3 3 70 71
68 1 2 3 3 71 72
69 1 2 3 3 72 73
70 1 2 3 3 73 74
71 1 2 3 3 74 75
72 1 2 3 3 75 76
73 1 2 3 3 76 77
74 1 2 3 3 77 4
75 1 2 1 4 4 78
76 1 2 1 4 78 79
77 1 2 1 4 79 80
78 1 2 1 4 80 81
79 1 2 1 4 81 82
80 1 2 1 4 82 83
81 1 2 1 4 83 84
82 1 2 1 4 84 85
83 1 2 1 4 85 86
84 1 2 1 4 86 87
85 1 2 1 4 87 88
86 1 2 1 4 88 89
87 1 2 1 4 89 90
88 1 2 1 4 90 1
89 1 2 4 5 6 91
90 1 2 4 5 91 92
91 1 2 4 5 92 93
92 1 2 4 5 93 94
93 1 2 4 5 94 95
94 1 2 4 5 95 96
95 1 2 4 5 96 97
96 1 2 4 5 97 98
97 1 2 4 5 98 99
98 1 2 4 5 99 100
99 1 2 4 5 100 101
100 1 2 4 5 101 102
101 1 2 4 5 102 103
102 1 2 4 5 103 104
103 1 2 4 5 104 105
104 1 2 4 5 105 106
105 1 2 4 5 106 107
106 1 2 4 5 107 108
107 1 2 4 5 108 109
108 1 2 4 5 109 110
109 1 2 4 5 110 111
110 1 2 4 5 111 112
111 1 2 4 5 112 113
112 1 2 4 5 113 114
113 1 2 4 5 114 115
114 1 2 4 5 115 116
115 1 2 4 5 116 117
116 1 2 4 5 117 118
117 1 2 4 5 118 119
118 1 2 4 5 119 120
119 1 2 4 5 120 121
120 1 2 4 5 121 122
121 1 2 4 5 122 123
122 1 2 4 5 123 124
123 1 2 4 5 124 125
124 1 2 4 5 125 126
125 1 2 4 5 126 127
126 1 2 4 5 127 128
127 1 2 4 5 128 129
128 1 2 4 5 129 130
129 1 2 4 5 130 131
130 1 2 4 5 131 132
131 1 2 4 5 132 5
132 1 2 4 6 5 133
133 1 2 4 6 133 134
134 1 2 4 6 134 135
135 1 2 4 6 135 136
136 1 2 4 6 136 137
137 1 2 4 6 137 138
138 1 2 4 6 138 139
139 1 2 4 6 139 140
140 1 2 4 6 140 141
141 1 2 4 6 141 142
142 1 2 4 6 142 143
143 1 2 4 6 143 144
144 1 2 4 6 144 145
145 1 2 4 6 145 146
146 1 2 4 6 146 147
147 1 2 4 6 147 148
148 1 2 4 6 148 149
149 1 2 4 6 149 150
150 1 2 4 6 150 151
151 1 2 4 6 151 152
152 1 2 4 6 152 153
153 1 2 4 6 153 154
154 1 2 4 6 154 155
155 1 2 4 6 155 156
156 1 2 4 6 156 157
157 1 2 4 6 157 158
158 1 2 4 6 158 159
159 1 2 4 6 159 160
160 1 2 4 6 160 161
161 1 2 4 6 161 162
162 1 2 4 6 162 163
163 1 2 4 6 163 164
164 1 2 4 6 164 165
165 1 2 4 6 165 166
166 1 2 4 6 166 167
167 1 2 4 6 167 168
168 1 2 4 6 168 169
169 1 2 4 6 169 170
170 1 2 4 6 170 171
171 1 2 4 6 171 172
172 1 2 4 6 172 173
173 1 2 4 6 173 174
174 1 2 4 6 174 6
175 2 2 5 1 425 415 627
176 2 2 5 1 1085 1128 1129
177 2 2 5 1 484 485 487
178 2 2 5 1 1067 947 1164
179 2 2 5 1 578 609 613
180 2 2 5 1 892 375 1012
181 2 2 5 1 954 530 988
182 2 2 5 1 135 134 1004
183 2 2 5 1 436 953 955
184 2 2 5 1 945 948 949
185 2 2 5 1 389 974 1039
186 2 2 5 1 1077 1048 1078
187 2 2 5 1 1049 1077 1081
188 2 2 5 1 390 284 401
189 2 2 5 1 388 390 398
190 2 2 5 1 805 206 927
191 2 2 5 1 833 988 1096
192 2 2 5 1 627 621 629
193 2 2 5 1 1062 1085 1129
194 2 2 5 1 134 133 458
195 2 2 5 1 415 574 627
196 2 2 5 1 195 892 1012
197 2 2 5 1 962 964 1132
198 2 2 5 1 134 458 466
199 2 2 5 1 1085 946 1128
200 2 2 5 1 425 627 937
201 2 2 5 1 522 531 985
202 2 2 5 1 504 505 537
203 2 2 5 1 134 466 1004
204 2 2 5 1 666 181 890
205 2 2 5 1 893 358 894
206 2 2 5 1 863 1090 1150
207 2 2 5 1 415 407 572
208 2 2 5 1 253 748 1013
209 2 2 5 1 1069 1068 1094
210 2 2 5 1 423 416 1046
211 2 2 5 1 452 453 924
212 2 2 5 1 425 919 920
213 2 2 5 1 437 432 1177
214 2 2 5 1 505 508 537
215 2 2 5 1 624 622 628
216 2 2 5 1 389 971 974
217 2 2 5 1 818 907 932
218 2 2 5 1 165 164 553
219 2 2 5 1 384 406 414
220 2 2 5 1 530 834 1011
221 2 2 5 1 378 185 687
222 2 2 5 1 409 407 415
223 2 2 5 1 862 865 1154
224 2 2 5 1 902 437 1177
225 2 2 5 1 989 1069 1094
226 2 2 5 1 431 432 437
227 2 2 5 1 402 401 884
228 2 2 5 1 206 805 998
229 2 2 5 1 429 253 1013
230 2 2 5 1 436 955 956
231 2 2 5 1 465 437 924
232 2 2 5 1 458 389 1039
233 2 2 5 1 426 423 1178
234 2 2 5 1 532 522 985
235 2 2 5 1 159 158 546
236 2 2 5 1 834 530 954
237 2 2 5 1 1049 1048 1077
238 2 2 5 1 78 79 780
239 2 2 5 1 1010 426 1056
240 2 2 5 1 85 181 726
241 2 2 5 1 623 622 624
242 2 2 5 1 416 1045 1046
243 2 2 5 1 433 436 987
244 2 2 5 1 964 965 1132
245 2 2 5 1 504 537 538
246 2 2 5 1 490 433 987
247 2 2 5 1 1066 947 1067
248 2 2 5 1 404 388 1130
249 2 2 5 1 539 282 881
250 2 2 5 1 385 589 591
251 2 2 5 1 953 436 1033
252 2 2 5 1 115 114 632
253 2 2 5 1 493 839 918
254 2 2 5 1 284 280 401
255 2 2 5 1 130 385 903
256 2 2 5 1 574 572 575
257 2 2 5 1 536 395 537
258 2 2 5 1 528 177 850
259 2 2 5 1 424 426 1155
260 2 2 5 1 130 903 1140
261 2 2 5 1 181 666 990
262 2 2 5 1 358 893 991
263 2 2 5 1 539 493 918
264 2 2 5 1 976 965 1035
265 2 2 5 1 382 319 388
266 2 2 5 1 574 575 1165
267 2 2 5 1 177 528 552
268 2 2 5 1 84 85 726
269 2 2 5 1 319 284 390
270 2 2 5 1 625 624 626
271 2 2 5 1 508 510 536
272 2 2 5 1 536 510 540
273 2 2 5 1 388 431 1130
274 2 2 5 1 535 489 987
275 2 2 5 1 967 969 1035
276 2 2 5 1 165 553 554
277 2 2 5 1 589 385 602
278 2 2 5 1 78 780 1098
279 2 2 5 1 947 1066 1069
280 2 2 5 1 442 463 979
281 2 2 5 1 510 512 540
282 2 2 5 1 942 944 946
283 2 2 5 1 488 491 492
284 2 2 5 1 980 967 1116
285 2 2 5 1 481 539 881
286 2 2 5 1 512 515 526
287 2 2 5 1 597 958 1030
288 2 2 5 1 628 562 632
289 2 2 5 1 437 440 924
290 2 2 5 1 401 280 884
291 2 2 5 1 526 515 544
292 2 2 5 1 525 399 529
293 2 2 5 1 536 540 546
294 2 2 5 1 488 492 545
295 2 2 5 1 204 728 729
296 2 2 5 1 562 628 1168
297 2 2 5 1 687 185 1003
298 2 2 5 1 515 517 544
299 2 2 5 1 517 527 528
300 2 2 5 1 298 293 383
301 2 2 5 1 572 573 913
302 2 2 5 1 579 934 1165
303 2 2 5 1 1010 1082 1083
304 2 2 5 1 624 628 896
305 2 2 5 1 517 528 1171
306 2 2 5 1 544 517 1171
307 2 2 5 1 454 451 456
308 2 2 5 1 782 805 927
309 2 2 5 1 524 532 1029
310 2 2 5 1 388 398 431
311 2 2 5 1 450 320 456
312 2 2 5 1 578 613 615
313 2 2 5 1 182 727 728
314 2 2 5 1 534 533 1006
315 2 2 5 1 164 177 553
316 2 2 5 1 960 961 962
317 2 2 5 1 537 395 1160
318 2 2 5 1 628 632 896
319 2 2 5 1 397 159 546
320 2 2 5 1 158 395 546
321 2 2 5 1 942 947 988
322 2 2 5 1 320 450 455
323 2 2 5 1 1020 379 1021
324 2 2 5 1 379 371 1021
325 2 2 5 1 524 534 1001
326 2 2 5 1 964 967 1035
327 2 2 5 1 182 725 727
328 2 2 5 1 688 687 891
329 2 2 5 1 688 891 1012
330 2 2 5 1 486 488 545
331 2 2 5 1 597 939 958
332 2 2 5 1 400 525 1014
333 2 2 5 1 427 405 968
334 2 2 5 1 1037 982 1132
335 2 2 5 1 970 967 980
336 2 2 5 1 540 512 1179
337 2 2 5 1 512 526 1179
338 2 2 5 1 526 544 1156
339 2 2 5 1 562 115 632
340 2 2 5 1 601 982 1037
341 2 2 5 1 114 558 632
342 2 2 5 1 666 890 951
343 2 2 5 1 894 358 952
344 2 2 5 1 493 486 545
345 2 2 5 1 431 398 432
346 2 2 5 1 976 1035 1173
347 2 2 5 1 1046 1048 1178
348 2 2 5 1 481 483 539
349 2 2 5 1 1085 1084 1164
350 2 2 5 1 613 614 615
351 2 2 5 1 415 572 574
352 2 2 5 1 609 578 936
353 2 2 5 1 395 536 546
354 2 2 5 1 914 915 1133
355 2 2 5 1 863 862 1154
356 2 2 5 1 420 424 948
357 2 2 5 1 420 423 424
358 2 2 5 1 530 942 988
359 2 2 5 1 976 971 1036
360 2 2 5 1 969 970 977
361 2 2 5 1 865 868 1154
362 2 2 5 1 400 399 525
363 2 2 5 1 971 596 1036
364 2 2 5 1 282 539 918
365 2 2 5 1 577 615 620
366 2 2 5 1 483 486 493
367 2 2 5 1 600 595 981
368 2 2 5 1 381 319 382
369 2 2 5 1 510 511 512
370 2 2 5 1 545 492 1142
371 2 2 5 1 489 490 987
372 2 2 5 1 1010 1056 1082
373 2 2 5 1 508 509 510
374 2 2 5 1 728 648 729
375 2 2 5 1 473 549 550
376 2 2 5 1 540 397 546
377 2 2 5 1 512 513 515
378 2 2 5 1 409 416 1149
379 2 2 5 1 314 298 383
380 2 2 5 1 1079 1048 1089
381 2 2 5 1 585 589 602
382 2 2 5 1 515 516 517
383 2 2 5 1 293 291 383
384 2 2 5 1 727 648 728
385 2 2 5 1 547 881 887
386 2 2 5 1 517 518 527
387 2 2 5 1 723 925 1115
388 2 2 5 1 926 764 1100
389 2 2 5 1 925 209 1115
390 2 2 5 1 208 926 1100
391 2 2 5 1 953 506 955
392 2 2 5 1 957 986 987
393 2 2 5 1 375 892 998
394 2 2 5 1 538 537 1160
395 2 2 5 1 451 450 456
396 2 2 5 1 185 378 991
397 2 2 5 1 385 591 903
398 2 2 5 1 913 573 940
399 2 2 5 1 396 502 995
400 2 2 5 1 585 602 603
401 2 2 5 1 443 1005 1159
402 2 2 5 1 726 181 990
403 2 2 5 1 425 920 1045
404 2 2 5 1 577 578 615
405 2 2 5 1 912 913 940
406 2 2 5 1 520 524 1017
407 2 2 5 1 968 405 1151
408 2 2 5 1 765 1024 1101
409 2 2 5 1 712 1027 1113
410 2 2 5 1 768 1026 1122
411 2 2 5 1 322 1025 1121
412 2 2 5 1 1023 11 1120
413 2 2 5 1 1022 14 1119
414 2 2 5 1 1020 31 1117
415 2 2 5 1 600 981 1099
416 2 2 5 1 628 622 631
417 2 2 5 1 1048 1047 1089
418 2 2 5 1 988 989 1096
419 2 2 5 1 645 647 729
420 2 2 5 1 430 262 996
421 2 2 5 1 493 545 1180
422 2 2 5 1 1026 186 1122
423 2 2 5 1 1025 682 1121
424 2 2 5 1 667 1023 1120
425 2 2 5 1 711 1022 1119
426 2 2 5 1 379 1020 1117
427 2 2 5 1 1024 196 1101
428 2 2 5 1 1027 192 1113
429 2 2 5 1 447 444 455
430 2 2 5 1 626 624 896
431 2 2 5 1 488 489 491
432 2 2 5 1 450 447 455
433 2 2 5 1 473 468 549
434 2 2 5 1 262 430 901
435 2 2 5 1 204 729 889
436 2 2 5 1 1010 1129 1155
437 2 2 5 1 628 631 1168
438 2 2 5 1 881 282 887
439 2 2 5 1 588 604 605
440 2 2 5 1 615 614 616
441 2 2 5 1 623 624 625
442 2 2 5 1 547 469 634
443 2 2 5 1 630 625 932
444 2 2 5 1 648 645 729
445 2 2 5 1 965 964 1035
446 2 2 5 1 468 467 549
447 2 2 5 1 502 396 1146
448 2 2 5 1 533 534 1029
449 2 2 5 1 476 478 547
450 2 2 5 1 1044 1043 1145
451 2 2 5 1 433 400 1033
452 2 2 5 1 320 135 1004
453 2 2 5 1 616 614 618
454 2 2 5 1 486 487 488
455 2 2 5 1 473 550 551
456 2 2 5 1 534 524 1029
457 2 2 5 1 907 630 932
458 2 2 5 1 454 456 457
459 2 2 5 1 476 547 634
460 2 2 5 1 906 534 1006
461 2 2 5 1 422 420 948
462 2 2 5 1 393 838 878
463 2 2 5 1 547 478 881
464 2 2 5 1 508 536 537
465 2 2 5 1 837 835 838
466 2 2 5 1 441 442 979
467 2 2 5 1 532 533 1029
468 2 2 5 1 1005 307 1159
469 2 2 5 1 505 507 508
470 2 2 5 1 492 491 494
471 2 2 5 1 838 835 878
472 2 2 5 1 928 509 953
473 2 2 5 1 516 513 523
474 2 2 5 1 483 484 486
475 2 2 5 1 286 319 381
476 2 2 5 1 286 284 319
477 2 2 5 1 972 974 975
478 2 2 5 1 610 606 611
479 2 2 5 1 166 165 554
480 2 2 5 1 496 178 1147
481 2 2 5 1 431 437 1018
482 2 2 5 1 872 897 1074
483 2 2 5 1 588 581 604
484 2 2 5 1 478 481 881
485 2 2 5 1 581 580 604
486 2 2 5 1 513 511 523
487 2 2 5 1 891 195 1012
488 2 2 5 1 833 954 988
489 2 2 5 1 411 95 873
490 2 2 5 1 426 1049 1056
491 2 2 5 1 977 970 978
492 2 2 5 1 481 482 483
493 2 2 5 1 394 166 554
494 2 2 5 1 609 612 613
495 2 2 5 1 869 411 873
496 2 2 5 1 472 476 634
497 2 2 5 1 528 527 552
498 2 2 5 1 444 137 455
499 2 2 5 1 478 479 481
500 2 2 5 1 582 585 603
501 2 2 5 1 413 421 443
502 2 2 5 1 836 835 837
503 2 2 5 1 6 1070 1072
504 2 2 5 1 95 94 873
505 2 2 5 1 467 548 549
506 2 2 5 1 556 560 612
507 2 2 5 1 476 477 478
508 2 2 5 1 835 831 878
509 2 2 5 1 386 582 603
510 2 2 5 1 382 388 404
511 2 2 5 1 483 493 539
512 2 2 5 1 153 1000 1166
513 2 2 5 1 571 569 611
514 2 2 5 1 819 635 879
515 2 2 5 1 606 571 611
516 2 2 5 1 827 830 1095
517 2 2 5 1 872 871 897
518 2 2 5 1 150 997 1172
519 2 2 5 1 748 364 1013
520 2 2 5 1 972 462 974
521 2 2 5 1 728 204 1034
522 2 2 5 1 1071 6 1072
523 2 2 5 1 866 411 869
524 2 2 5 1 729 647 889
525 2 2 5 1 612 560 613
526 2 2 5 1 817 819 879
527 2 2 5 1 1036 596 1038
528 2 2 5 1 965 976 1036
529 2 2 5 1 178 496 1161
530 2 2 5 1 567 556 612
531 2 2 5 1 580 570 604
532 2 2 5 1 855 1090 1091
533 2 2 5 1 614 617 618
534 2 2 5 1 453 451 454
535 2 2 5 1 457 466 1170
536 2 2 5 1 834 831 835
537 2 2 5 1 454 457 459
538 2 2 5 1 530 941 942
539 2 2 5 1 472 475 476
540 2 2 5 1 385 129 602
541 2 2 5 1 136 320 455
542 2 2 5 1 176 814 817
543 2 2 5 1 494 491 495
544 2 2 5 1 492 494 542
545 2 2 5 1 467 140 548
546 2 2 5 1 176 817 879
547 2 2 5 1 1000 541 1166
548 2 2 5 1 138 137 444
549 2 2 5 1 438 446 548
550 2 2 5 1 611 569 633
551 2 2 5 1 997 542 1172
552 2 2 5 1 469 561 634
553 2 2 5 1 871 873 895
554 2 2 5 1 880 824 886
555 2 2 5 1 614 560 617
556 2 2 5 1 866 864 875
557 2 2 5 1 487 485 490
558 2 2 5 1 411 866 875
559 2 2 5 1 548 446 549
560 2 2 5 1 386 580 581
561 2 2 5 1 131 130 1140
562 2 2 5 1 560 559 617
563 2 2 5 1 602 128 603
564 2 2 5 1 613 560 614
565 2 2 5 1 632 558 896
566 2 2 5 1 550 446 563
567 2 2 5 1 141 140 467
568 2 2 5 1 6 1071 1073
569 2 2 5 1 899 91 1073
570 2 2 5 1 812 810 813
571 2 2 5 1 459 457 460
572 2 2 5 1 177 552 553
573 2 2 5 1 492 542 1142
574 2 2 5 1 91 6 1073
575 2 2 5 1 829 840 878
576 2 2 5 1 494 495 496
577 2 2 5 1 156 538 1160
578 2 2 5 1 570 569 571
579 2 2 5 1 812 814 820
580 2 2 5 1 601 600 1099
581 2 2 5 1 460 457 1170
582 2 2 5 1 561 470 634
583 2 2 5 1 397 540 1179
584 2 2 5 1 864 860 874
585 2 2 5 1 807 810 812
586 2 2 5 1 549 446 550
587 2 2 5 1 386 581 582
588 2 2 5 1 121 120 567
589 2 2 5 1 446 445 563
590 2 2 5 1 120 556 567
591 2 2 5 1 470 472 634
592 2 2 5 1 127 386 603
593 2 2 5 1 281 470 561
594 2 2 5 1 814 176 820
595 2 2 5 1 823 822 824
596 2 2 5 1 568 567 612
597 2 2 5 1 853 852 854
598 2 2 5 1 843 844 849
599 2 2 5 1 453 465 924
600 2 2 5 1 812 813 814
601 2 2 5 1 459 460 461
602 2 2 5 1 496 495 497
603 2 2 5 1 407 427 1019
604 2 2 5 1 570 571 604
605 2 2 5 1 469 547 887
606 2 2 5 1 607 611 633
607 2 2 5 1 582 581 583
608 2 2 5 1 897 898 1074
609 2 2 5 1 830 833 1095
610 2 2 5 1 814 813 815
611 2 2 5 1 461 460 462
612 2 2 5 1 496 497 498
613 2 2 5 1 604 571 605
614 2 2 5 1 583 581 588
615 2 2 5 1 582 583 584
616 2 2 5 1 877 175 888
617 2 2 5 1 814 815 817
618 2 2 5 1 498 497 499
619 2 2 5 1 605 571 606
620 2 2 5 1 582 584 585
621 2 2 5 1 817 815 818
622 2 2 5 1 498 499 500
623 2 2 5 1 585 584 586
624 2 2 5 1 817 818 819
625 2 2 5 1 498 500 541
626 2 2 5 1 500 499 501
627 2 2 5 1 585 586 589
628 2 2 5 1 1054 1052 1071
629 2 2 5 1 500 501 502
630 2 2 5 1 589 586 590
631 2 2 5 1 502 501 503
632 2 2 5 1 589 590 591
633 2 2 5 1 1065 1061 1072
634 2 2 5 1 502 503 504
635 2 2 5 1 1070 1065 1072
636 2 2 5 1 1061 1059 1072
637 2 2 5 1 591 590 592
638 2 2 5 1 504 503 505
639 2 2 5 1 591 592 593
640 2 2 5 1 593 592 594
641 2 2 5 1 593 594 595
642 2 2 5 1 73 74 680
643 2 2 5 1 669 207 780
644 2 2 5 1 198 668 799
645 2 2 5 1 207 669 779
646 2 2 5 1 669 668 779
647 2 2 5 1 668 198 779
648 2 2 5 1 680 198 799
649 2 2 5 1 640 638 679
650 2 2 5 1 638 187 679
651 2 2 5 1 74 198 680
652 2 2 5 1 187 636 670
653 2 2 5 1 679 73 680
654 2 2 5 1 636 187 638
655 2 2 5 1 636 359 670
656 2 2 5 1 670 359 673
657 2 2 5 1 326 329 793
658 2 2 5 1 675 325 777
659 2 2 5 1 200 675 777
660 2 2 5 1 678 329 692
661 2 2 5 1 675 678 692
662 2 2 5 1 640 679 680
663 2 2 5 1 671 200 777
664 2 2 5 1 325 675 692
665 2 2 5 1 329 678 793
666 2 2 5 1 66 200 671
667 2 2 5 1 351 791 794
668 2 2 5 1 71 187 670
669 2 2 5 1 70 670 673
670 2 2 5 1 69 70 673
671 2 2 5 1 65 66 671
672 2 2 5 1 193 69 673
673 2 2 5 1 70 71 670
674 2 2 5 1 68 193 674
675 2 2 5 1 201 25 677
676 2 2 5 1 184 27 683
677 2 2 5 1 180 23 676
678 2 2 5 1 674 193 678
679 2 2 5 1 29 190 681
680 2 2 5 1 188 65 671
681 2 2 5 1 359 326 793
682 2 2 5 1 681 190 682
683 2 2 5 1 210 188 211
684 2 2 5 1 64 188 210
685 2 2 5 1 22 180 672
686 2 2 5 1 63 64 210
687 2 2 5 1 200 67 674
688 2 2 5 1 187 72 679
689 2 2 5 1 21 22 672
690 2 2 5 1 24 201 676
691 2 2 5 1 28 681 683
692 2 2 5 1 26 184 677
693 2 2 5 1 64 65 188
694 2 2 5 1 68 69 193
695 2 2 5 1 66 67 200
696 2 2 5 1 71 72 187
697 2 2 5 1 22 23 180
698 2 2 5 1 24 25 201
699 2 2 5 1 26 27 184
700 2 2 5 1 28 29 681
701 2 2 5 1 29 30 190
702 2 2 5 1 200 674 675
703 2 2 5 1 1068 1065 1070
704 2 2 5 1 786 751 787
705 2 2 5 1 72 73 679
706 2 2 5 1 67 68 674
707 2 2 5 1 62 63 775
708 2 2 5 1 25 26 677
709 2 2 5 1 23 24 676
710 2 2 5 1 27 28 683
711 2 2 5 1 74 75 198
712 2 2 5 1 20 21 776
713 2 2 5 1 32 33 196
714 2 2 5 1 63 210 775
715 2 2 5 1 21 672 776
716 2 2 5 1 210 211 328
717 2 2 5 1 211 188 212
718 2 2 5 1 675 674 678
719 2 2 5 1 75 76 779
720 2 2 5 1 212 188 671
721 2 2 5 1 211 212 213
722 2 2 5 1 684 270 771
723 2 2 5 1 685 250 696
724 2 2 5 1 33 34 781
725 2 2 5 1 250 685 697
726 2 2 5 1 309 688 693
727 2 2 5 1 694 360 696
728 2 2 5 1 228 230 697
729 2 2 5 1 250 694 696
730 2 2 5 1 360 694 706
731 2 2 5 1 698 360 706
732 2 2 5 1 270 684 751
733 2 2 5 1 361 684 771
734 2 2 5 1 309 686 688
735 2 2 5 1 686 309 690
736 2 2 5 1 230 250 697
737 2 2 5 1 362 686 690
738 2 2 5 1 251 698 706
739 2 2 5 1 771 270 773
740 2 2 5 1 251 691 698
741 2 2 5 1 308 309 693
742 2 2 5 1 362 690 701
743 2 2 5 1 697 771 773
744 2 2 5 1 213 212 214
745 2 2 5 1 691 251 702
746 2 2 5 1 700 257 770
747 2 2 5 1 318 308 693
748 2 2 5 1 312 362 701
749 2 2 5 1 228 697 773
750 2 2 5 1 685 361 771
751 2 2 5 1 689 691 702
752 2 2 5 1 766 342 772
753 2 2 5 1 754 700 770
754 2 2 5 1 689 346 691
755 2 2 5 1 342 374 772
756 2 2 5 1 348 350 698
757 2 2 5 1 273 346 689
758 2 2 5 1 363 692 744
759 2 2 5 1 736 737 745
760 2 2 5 1 360 352 696
761 2 2 5 1 350 360 698
762 2 2 5 1 691 348 698
763 2 2 5 1 346 348 691
764 2 2 5 1 226 247 707
765 2 2 5 1 235 257 700
766 2 2 5 1 268 689 739
767 2 2 5 1 376 340 757
768 2 2 5 1 252 268 739
769 2 2 5 1 267 259 766
770 2 2 5 1 237 235 700
771 2 2 5 1 257 736 745
772 2 2 5 1 362 378 686
773 2 2 5 1 692 329 744
774 2 2 5 1 310 372 699
775 2 2 5 1 689 702 739
776 2 2 5 1 213 214 215
777 2 2 5 1 258 312 701
778 2 2 5 1 719 241 738
779 2 2 5 1 232 234 694
780 2 2 5 1 718 719 738
781 2 2 5 1 269 277 767
782 2 2 5 1 334 336 705
783 2 2 5 1 370 334 705
784 2 2 5 1 377 330 734
785 2 2 5 1 377 734 735
786 2 2 5 1 352 354 696
787 2 2 5 1 229 227 703
788 2 2 5 1 227 226 707
789 2 2 5 1 690 266 732
790 2 2 5 1 695 341 737
791 2 2 5 1 354 361 685
792 2 2 5 1 265 313 752
793 2 2 5 1 369 318 375
794 2 2 5 1 328 786 787
795 2 2 5 1 354 355 361
796 2 2 5 1 266 256 732
797 2 2 5 1 287 311 708
798 2 2 5 1 317 310 699
799 2 2 5 1 330 733 734
800 2 2 5 1 254 258 701
801 2 2 5 1 285 287 708
802 2 2 5 1 701 690 732
803 2 2 5 1 346 347 348
804 2 2 5 1 331 275 718
805 2 2 5 1 708 709 712
806 2 2 5 1 322 331 332
807 2 2 5 1 312 315 357
808 2 2 5 1 213 215 216
809 2 2 5 1 703 227 707
810 2 2 5 1 230 231 232
811 2 2 5 1 250 232 694
812 2 2 5 1 275 271 718
813 2 2 5 1 737 341 745
814 2 2 5 1 697 685 771
815 2 2 5 1 762 763 764
816 2 2 5 1 230 232 250
817 2 2 5 1 309 266 690
818 2 2 5 1 273 345 346
819 2 2 5 1 374 371 379
820 2 2 5 1 228 229 230
821 2 2 5 1 249 229 703
822 2 2 5 1 260 248 261
823 2 2 5 1 277 276 310
824 2 2 5 1 330 276 733
825 2 2 5 1 310 330 372
826 2 2 5 1 299 298 300
827 2 2 5 1 375 318 693
828 2 2 5 1 226 221 243
829 2 2 5 1 231 229 249
830 2 2 5 1 268 273 689
831 2 2 5 1 291 288 381
832 2 2 5 1 313 308 318
833 2 2 5 1 708 311 709
834 2 2 5 1 334 335 336
835 2 2 5 1 289 290 301
836 2 2 5 1 247 269 707
837 2 2 5 1 327 326 359
838 2 2 5 1 332 333 334
839 2 2 5 1 216 217 218
840 2 2 5 1 230 229 231
841 2 2 5 1 232 231 233
842 2 2 5 1 238 237 239
843 2 2 5 1 242 241 244
844 2 2 5 1 252 264 268
845 2 2 5 1 718 271 719
846 2 2 5 1 273 343 345
847 2 2 5 1 274 321 342
848 2 2 5 1 295 299 716
849 2 2 5 1 303 740 741
850 2 2 5 1 380 317 699
851 2 2 5 1 363 325 692
852 2 2 5 1 333 331 717
853 2 2 5 1 332 334 370
854 2 2 5 1 348 347 349
855 2 2 5 1 354 353 355
856 2 2 5 1 637 636 638
857 2 2 5 1 637 638 639
858 2 2 5 1 652 649 727
859 2 2 5 1 327 636 637
860 2 2 5 1 362 357 378
861 2 2 5 1 361 365 684
862 2 2 5 1 258 267 312
863 2 2 5 1 321 275 322
864 2 2 5 1 277 317 337
865 2 2 5 1 288 286 381
866 2 2 5 1 287 288 289
867 2 2 5 1 340 341 757
868 2 2 5 1 740 637 741
869 2 2 5 1 639 641 642
870 2 2 5 1 216 215 217
871 2 2 5 1 218 217 219
872 2 2 5 1 219 253 704
873 2 2 5 1 226 243 247
874 2 2 5 1 252 256 264
875 2 2 5 1 269 260 276
876 2 2 5 1 264 265 752
877 2 2 5 1 332 331 333
878 2 2 5 1 336 373 705
879 2 2 5 1 661 662 720
880 2 2 5 1 290 288 291
881 2 2 5 1 290 292 714
882 2 2 5 1 294 293 295
883 2 2 5 1 303 741 742
884 2 2 5 1 352 353 354
885 2 2 5 1 239 237 246
886 2 2 5 1 242 245 252
887 2 2 5 1 254 244 255
888 2 2 5 1 278 263 279
889 2 2 5 1 322 275 331
890 2 2 5 1 277 310 317
891 2 2 5 1 285 284 286
892 2 2 5 1 287 286 288
893 2 2 5 1 289 288 290
894 2 2 5 1 301 290 714
895 2 2 5 1 299 303 716
896 2 2 5 1 326 306 329
897 2 2 5 1 709 311 710
898 2 2 5 1 337 317 338
899 2 2 5 1 334 333 335
900 2 2 5 1 647 644 668
901 2 2 5 1 724 652 725
902 2 2 5 1 656 653 724
903 2 2 5 1 660 659 661
904 2 2 5 1 662 659 731
905 2 2 5 1 660 661 663
906 2 2 5 1 663 661 664
907 2 2 5 1 664 661 720
908 2 2 5 1 324 285 708
909 2 2 5 1 261 263 278
910 2 2 5 1 296 753 756
911 2 2 5 1 651 649 652
912 2 2 5 1 725 652 727
913 2 2 5 1 659 657 731
914 2 2 5 1 246 237 700
915 2 2 5 1 242 244 245
916 2 2 5 1 316 267 766
917 2 2 5 1 274 275 321
918 2 2 5 1 313 318 356
919 2 2 5 1 338 317 380
920 2 2 5 1 342 321 371
921 2 2 5 1 642 643 730
922 2 2 5 1 649 648 727
923 2 2 5 1 650 649 651
924 2 2 5 1 651 652 653
925 2 2 5 1 653 652 724
926 2 2 5 1 720 662 721
927 2 2 5 1 724 725 726
928 2 2 5 1 222 221 226
929 2 2 5 1 223 325 363
930 2 2 5 1 235 233 257
931 2 2 5 1 244 241 719
932 2 2 5 1 292 291 293
933 2 2 5 1 721 662 722
934 2 2 5 1 663 664 665
935 2 2 5 1 292 294 296
936 2 2 5 1 297 295 716
937 2 2 5 1 303 302 740
938 2 2 5 1 305 306 326
939 2 2 5 1 312 357 362
940 2 2 5 1 336 340 373
941 2 2 5 1 348 349 350
942 2 2 5 1 655 653 656
943 2 2 5 1 218 220 270
944 2 2 5 1 222 227 228
945 2 2 5 1 232 233 234
946 2 2 5 1 274 271 275
947 2 2 5 1 310 276 330
948 2 2 5 1 285 286 287
949 2 2 5 1 336 339 340
950 2 2 5 1 657 666 731
951 2 2 5 1 661 659 662
952 2 2 5 1 223 214 325
953 2 2 5 1 218 219 220
954 2 2 5 1 220 221 222
955 2 2 5 1 222 226 227
956 2 2 5 1 228 227 229
957 2 2 5 1 234 233 235
958 2 2 5 1 236 235 237
959 2 2 5 1 236 238 251
960 2 2 5 1 245 244 254
961 2 2 5 1 261 248 262
962 2 2 5 1 254 255 258
963 2 2 5 1 265 256 266
964 2 2 5 1 279 263 280
965 2 2 5 1 308 266 309
966 2 2 5 1 268 272 273
967 2 2 5 1 707 269 767
968 2 2 5 1 278 279 323
969 2 2 5 1 283 280 284
970 2 2 5 1 290 291 292
971 2 2 5 1 292 293 294
972 2 2 5 1 292 296 714
973 2 2 5 1 294 295 297
974 2 2 5 1 300 298 314
975 2 2 5 1 299 302 303
976 2 2 5 1 302 300 304
977 2 2 5 1 306 304 307
978 2 2 5 1 305 326 327
979 2 2 5 1 324 712 713
980 2 2 5 1 327 359 636
981 2 2 5 1 336 335 339
982 2 2 5 1 354 685 696
983 2 2 5 1 639 638 640
984 2 2 5 1 643 641 644
985 2 2 5 1 643 646 730
986 2 2 5 1 645 644 647
987 2 2 5 1 646 649 650
988 2 2 5 1 647 668 669
989 2 2 5 1 651 653 654
990 2 2 5 1 655 657 658
991 2 2 5 1 658 659 660
992 2 2 5 1 721 722 723
993 2 2 5 1 279 280 283
994 2 2 5 1 283 285 324
995 2 2 5 1 372 330 377
996 2 2 5 1 373 340 376
997 2 2 5 1 350 352 360
998 2 2 5 1 686 378 687
999 2 2 5 1 642 641 643
1000 2 2 5 1 643 644 645
1001 2 2 5 1 646 645 648
1002 2 2 5 1 657 656 666
1003 2 2 5 1 722 662 731
1004 2 2 5 1 665 664 667
1005 2 2 5 1 215 214 223
1006 2 2 5 1 643 645 646
1007 2 2 5 1 646 648 649
1008 2 2 5 1 654 653 655
1009 2 2 5 1 655 656 657
1010 2 2 5 1 238 239 240
1011 2 2 5 1 238 240 702
1012 2 2 5 1 251 238 702
1013 2 2 5 1 258 255 259
1014 2 2 5 1 259 271 274
1015 2 2 5 1 273 272 343
1016 2 2 5 1 287 289 311
1017 2 2 5 1 311 289 715
1018 2 2 5 1 295 298 299
1019 2 2 5 1 302 304 305
1020 2 2 5 1 710 311 715
1021 2 2 5 1 356 318 369
1022 2 2 5 1 749 376 757
1023 2 2 5 1 658 657 659
1024 2 2 5 1 223 363 364
1025 2 2 5 1 261 262 263
1026 2 2 5 1 283 284 285
1027 2 2 5 1 295 293 298
1028 2 2 5 1 299 300 302
1029 2 2 5 1 709 710 711
1030 2 2 5 1 246 700 754
1031 2 2 5 1 760 316 761
1032 2 2 5 1 791 191 794
1033 2 2 5 1 236 237 238
1034 2 2 5 1 247 243 248
1035 2 2 5 1 243 221 704
1036 2 2 5 1 247 260 269
1037 2 2 5 1 271 255 719
1038 2 2 5 1 258 259 267
1039 2 2 5 1 259 274 766
1040 2 2 5 1 269 276 277
1041 2 2 5 1 357 315 358
1042 2 2 5 1 646 650 730
1043 2 2 5 1 289 301 715
1044 2 2 5 1 349 347 367
1045 2 2 5 1 639 640 641
1046 2 2 5 1 741 642 742
1047 2 2 5 1 240 241 242
1048 2 2 5 1 252 245 256
1049 2 2 5 1 276 260 733
1050 2 2 5 1 305 327 740
1051 2 2 5 1 260 261 733
1052 2 2 5 1 268 264 272
1053 2 2 5 1 733 278 734
1054 2 2 5 1 305 304 306
1055 2 2 5 1 686 687 688
1056 2 2 5 1 694 234 706
1057 2 2 5 1 219 217 253
1058 2 2 5 1 221 219 704
1059 2 2 5 1 234 235 236
1060 2 2 5 1 236 251 706
1061 2 2 5 1 240 239 241
1062 2 2 5 1 241 239 738
1063 2 2 5 1 737 249 769
1064 2 2 5 1 257 745 770
1065 2 2 5 1 261 278 733
1066 2 2 5 1 312 267 315
1067 2 2 5 1 329 306 744
1068 2 2 5 1 324 708 712
1069 2 2 5 1 327 637 740
1070 2 2 5 1 346 345 347
1071 2 2 5 1 350 349 351
1072 2 2 5 1 352 351 353
1073 2 2 5 1 361 355 365
1074 2 2 5 1 642 730 742
1075 2 2 5 1 747 654 750
1076 2 2 5 1 753 658 756
1077 2 2 5 1 717 718 738
1078 2 2 5 1 734 323 735
1079 2 2 5 1 257 233 736
1080 2 2 5 1 736 249 737
1081 2 2 5 1 343 272 344
1082 2 2 5 1 714 296 756
1083 2 2 5 1 297 747 750
1084 2 2 5 1 259 255 271
1085 2 2 5 1 717 331 718
1086 2 2 5 1 278 323 734
1087 2 2 5 1 301 714 758
1088 2 2 5 1 340 339 341
1089 2 2 5 1 343 344 368
1090 2 2 5 1 760 761 762
1091 2 2 5 1 301 758 759
1092 2 2 5 1 651 654 747
1093 2 2 5 1 220 219 221
1094 2 2 5 1 255 244 719
1095 2 2 5 1 247 248 260
1096 2 2 5 1 264 256 265
1097 2 2 5 1 742 730 746
1098 2 2 5 1 294 297 750
1099 2 2 5 1 714 756 758
1100 2 2 5 1 355 353 366
1101 2 2 5 1 341 695 757
1102 2 2 5 1 655 658 753
1103 2 2 5 1 324 713 743
1104 2 2 5 1 342 371 374
1105 2 2 5 1 350 351 352
1106 2 2 5 1 277 337 767
1107 2 2 5 1 767 337 769
1108 2 2 5 1 253 217 748
1109 2 2 5 1 242 252 739
1110 2 2 5 1 297 716 746
1111 2 2 5 1 302 305 740
1112 2 2 5 1 716 303 742
1113 2 2 5 1 730 650 746
1114 2 2 5 1 695 737 769
1115 2 2 5 1 265 308 313
1116 2 2 5 1 279 283 743
1117 2 2 5 1 337 338 695
1118 2 2 5 1 637 639 741
1119 2 2 5 1 323 279 743
1120 2 2 5 1 218 270 751
1121 2 2 5 1 283 324 743
1122 2 2 5 1 337 695 769
1123 2 2 5 1 717 246 754
1124 2 2 5 1 315 267 316
1125 2 2 5 1 216 218 751
1126 2 2 5 1 245 254 732
1127 2 2 5 1 715 301 759
1128 2 2 5 1 306 307 744
1129 2 2 5 1 265 266 308
1130 2 2 5 1 270 220 773
1131 2 2 5 1 256 245 732
1132 2 2 5 1 296 294 750
1133 2 2 5 1 297 746 747
1134 2 2 5 1 335 754 770
1135 2 2 5 1 639 642 741
1136 2 2 5 1 650 651 747
1137 2 2 5 1 716 742 746
1138 2 2 5 1 746 650 747
1139 2 2 5 1 762 761 763
1140 2 2 5 1 231 249 736
1141 2 2 5 1 654 655 753
1142 2 2 5 1 702 240 739
1143 2 2 5 1 750 654 753
1144 2 2 5 1 254 701 732
1145 2 2 5 1 743 713 755
1146 2 2 5 1 217 215 748
1147 2 2 5 1 223 364 748
1148 2 2 5 1 215 223 748
1149 2 2 5 1 233 231 736
1150 2 2 5 1 658 660 756
1151 2 2 5 1 660 663 758
1152 2 2 5 1 758 663 759
1153 2 2 5 1 296 750 753
1154 2 2 5 1 323 743 755
1155 2 2 5 1 735 323 755
1156 2 2 5 1 234 236 706
1157 2 2 5 1 663 665 759
1158 2 2 5 1 756 660 758
1159 2 2 5 1 335 333 754
1160 2 2 5 1 710 715 768
1161 2 2 5 1 239 246 738
1162 2 2 5 1 240 242 739
1163 2 2 5 1 338 380 749
1164 2 2 5 1 695 338 757
1165 2 2 5 1 341 339 745
1166 2 2 5 1 316 766 772
1167 2 2 5 1 752 313 774
1168 2 2 5 1 272 264 752
1169 2 2 5 1 246 717 738
1170 2 2 5 1 333 717 754
1171 2 2 5 1 249 703 769
1172 2 2 5 1 703 707 767
1173 2 2 5 1 715 759 768
1174 2 2 5 1 315 316 760
1175 2 2 5 1 703 767 769
1176 2 2 5 1 338 749 757
1177 2 2 5 1 759 665 768
1178 2 2 5 1 344 272 752
1179 2 2 5 1 274 342 766
1180 2 2 5 1 222 228 773
1181 2 2 5 1 179 62 775
1182 2 2 5 1 763 761 765
1183 2 2 5 1 220 222 773
1184 2 2 5 1 358 315 760
1185 2 2 5 1 313 356 774
1186 2 2 5 1 344 752 774
1187 2 2 5 1 374 765 772
1188 2 2 5 1 339 335 770
1189 2 2 5 1 745 339 770
1190 2 2 5 1 761 316 772
1191 2 2 5 1 765 761 772
1192 2 2 5 1 212 671 777
1193 2 2 5 1 214 212 777
1194 2 2 5 1 189 20 776
1195 2 2 5 1 325 214 777
1196 2 2 5 1 198 75 779
1197 2 2 5 1 8 9 778
1198 2 2 5 1 328 211 786
1199 2 2 5 1 196 33 781
1200 2 2 5 1 216 751 786
1201 2 2 5 1 211 213 786
1202 2 2 5 1 751 684 787
1203 2 2 5 1 9 10 197
1204 2 2 5 1 210 328 775
1205 2 2 5 1 7 8 209
1206 2 2 5 1 213 216 786
1207 2 2 5 1 673 359 793
1208 2 2 5 1 193 673 793
1209 2 2 5 1 76 207 779
1210 2 2 5 1 34 208 781
1211 2 2 5 1 801 368 802
1212 2 2 5 1 51 52 783
1213 2 2 5 1 50 51 205
1214 2 2 5 1 61 62 179
1215 2 2 5 1 52 53 194
1216 2 2 5 1 55 56 183
1217 2 2 5 1 328 787 788
1218 2 2 5 1 76 77 207
1219 2 2 5 1 58 59 191
1220 2 2 5 1 49 50 782
1221 2 2 5 1 19 20 189
1222 2 2 5 1 12 13 186
1223 2 2 5 1 34 35 208
1224 2 2 5 1 15 16 192
1225 2 2 5 1 17 18 202
1226 2 2 5 1 16 17 784
1227 2 2 5 1 684 365 787
1228 2 2 5 1 18 19 785
1229 2 2 5 1 209 8 778
1230 2 2 5 1 775 328 788
1231 2 2 5 1 798 367 800
1232 2 2 5 1 355 366 789
1233 2 2 5 1 9 197 778
1234 2 2 5 1 1066 1065 1068
1235 2 2 5 1 52 194 783
1236 2 2 5 1 50 205 782
1237 2 2 5 1 205 51 783
1238 2 2 5 1 1066 1068 1069
1239 2 2 5 1 192 16 784
1240 2 2 5 1 17 202 784
1241 2 2 5 1 19 189 785
1242 2 2 5 1 202 18 785
1243 2 2 5 1 787 365 788
1244 2 2 5 1 365 355 789
1245 2 2 5 1 194 801 802
1246 2 2 5 1 351 349 791
1247 2 2 5 1 179 775 788
1248 2 2 5 1 183 798 800
1249 2 2 5 1 788 365 789
1250 2 2 5 1 179 788 789
1251 2 2 5 1 61 179 790
1252 2 2 5 1 60 61 790
1253 2 2 5 1 789 366 790
1254 2 2 5 1 179 789 790
1255 2 2 5 1 353 351 794
1256 2 2 5 1 343 368 795
1257 2 2 5 1 191 59 792
1258 2 2 5 1 678 193 793
1259 2 2 5 1 640 680 799
1260 2 2 5 1 349 367 791
1261 2 2 5 1 60 790 792
1262 2 2 5 1 59 60 792
1263 2 2 5 1 58 191 796
1264 2 2 5 1 668 644 799
1265 2 2 5 1 641 640 799
1266 2 2 5 1 790 366 792
1267 2 2 5 1 367 347 800
1268 2 2 5 1 191 792 794
1269 2 2 5 1 55 183 797
1270 2 2 5 1 183 56 798
1271 2 2 5 1 366 353 794
1272 2 2 5 1 345 343 795
1273 2 2 5 1 191 791 796
1274 2 2 5 1 796 367 798
1275 2 2 5 1 792 366 794
1276 2 2 5 1 57 58 796
1277 2 2 5 1 194 802 803
1278 2 2 5 1 368 344 802
1279 2 2 5 1 791 367 796
1280 2 2 5 1 795 368 797
1281 2 2 5 1 194 53 801
1282 2 2 5 1 783 803 804
1283 2 2 5 1 795 183 800
1284 2 2 5 1 345 795 800
1285 2 2 5 1 183 795 797
1286 2 2 5 1 54 55 797
1287 2 2 5 1 56 57 798
1288 2 2 5 1 783 194 803
1289 2 2 5 1 57 796 798
1290 2 2 5 1 205 783 804
1291 2 2 5 1 644 641 799
1292 2 2 5 1 1064 1065 1066
1293 2 2 5 1 347 345 800
1294 2 2 5 1 797 368 801
1295 2 2 5 1 54 797 801
1296 2 2 5 1 53 54 801
1297 2 2 5 1 344 774 802
1298 2 2 5 1 802 774 803
1299 2 2 5 1 774 356 803
1300 2 2 5 1 803 356 804
1301 2 2 5 1 356 369 804
1302 2 2 5 1 782 205 805
1303 2 2 5 1 205 804 805
1304 2 2 5 1 804 369 805
1305 2 2 5 1 1064 1061 1065
1306 2 2 5 1 1063 1061 1064
1307 2 2 5 1 1060 1061 1063
1308 2 2 5 1 871 869 873
1309 2 2 5 1 870 871 872
1310 2 2 5 1 1060 1059 1061
1311 2 2 5 1 1059 1071 1072
1312 2 2 5 1 870 869 871
1313 2 2 5 1 1059 1054 1071
1314 2 2 5 1 1058 1059 1060
1315 2 2 5 1 867 869 870
1316 2 2 5 1 1058 1054 1059
1317 2 2 5 1 867 866 869
1318 2 2 5 1 1057 1054 1058
1319 2 2 5 1 865 866 867
1320 2 2 5 1 1053 1054 1057
1321 2 2 5 1 865 864 866
1322 2 2 5 1 449 450 451
1323 2 2 5 1 1053 1052 1054
1324 2 2 5 1 862 864 865
1325 2 2 5 1 607 610 611
1326 2 2 5 1 609 568 612
1327 2 2 5 1 449 447 450
1328 2 2 5 1 1051 1052 1053
1329 2 2 5 1 862 860 864
1330 2 2 5 1 607 608 610
1331 2 2 5 1 608 568 609
1332 2 2 5 1 471 468 473
1333 2 2 5 1 470 471 472
1334 2 2 5 1 445 448 563
1335 2 2 5 1 448 447 449
1336 2 2 5 1 253 429 1157
1337 2 2 5 1 807 809 810
1338 2 2 5 1 809 808 823
1339 2 2 5 1 1051 900 1052
1340 2 2 5 1 830 829 831
1341 2 2 5 1 846 845 853
1342 2 2 5 1 844 846 847
1343 2 2 5 1 861 860 862
1344 2 2 5 1 224 607 633
1345 2 2 5 1 617 557 618
1346 2 2 5 1 607 568 608
1347 2 2 5 1 470 468 471
1348 2 2 5 1 445 447 448
1349 2 2 5 1 807 808 809
1350 2 2 5 1 1050 900 1051
1351 2 2 5 1 808 822 823
1352 2 2 5 1 827 829 830
1353 2 2 5 1 116 115 562
1354 2 2 5 1 844 845 846
1355 2 2 5 1 859 860 861
1356 2 2 5 1 845 852 853
1357 2 2 5 1 559 555 617
1358 2 2 5 1 831 829 878
1359 2 2 5 1 844 847 849
1360 2 2 5 1 112 111 879
1361 2 2 5 1 555 557 617
1362 2 2 5 1 139 438 548
1363 2 2 5 1 386 126 580
1364 2 2 5 1 113 112 635
1365 2 2 5 1 840 393 878
1366 2 2 5 1 849 880 886
1367 2 2 5 1 224 568 607
1368 2 2 5 1 281 468 470
1369 2 2 5 1 445 444 447
1370 2 2 5 1 438 445 446
1371 2 2 5 1 806 807 812
1372 2 2 5 1 807 418 808
1373 2 2 5 1 898 900 1050
1374 2 2 5 1 826 827 828
1375 2 2 5 1 827 391 829
1376 2 2 5 1 844 419 845
1377 2 2 5 1 859 858 860
1378 2 2 5 1 975 971 976
1379 2 2 5 1 824 822 886
1380 2 2 5 1 864 874 875
1381 2 2 5 1 314 384 414
1382 2 2 5 1 390 399 1016
1383 2 2 5 1 606 610 934
1384 2 2 5 1 556 559 560
1385 2 2 5 1 417 843 849
1386 2 2 5 1 107 106 821
1387 2 2 5 1 566 474 904
1388 2 2 5 1 132 131 387
1389 2 2 5 1 125 570 580
1390 2 2 5 1 161 160 842
1391 2 2 5 1 314 383 1134
1392 2 2 5 1 97 96 875
1393 2 2 5 1 102 101 851
1394 2 2 5 1 163 162 850
1395 2 2 5 1 98 97 874
1396 2 2 5 1 99 98 858
1397 2 2 5 1 871 895 897
1398 2 2 5 1 555 225 557
1399 2 2 5 1 900 899 1073
1400 2 2 5 1 124 569 570
1401 2 2 5 1 635 112 879
1402 2 2 5 1 1071 1052 1073
1403 2 2 5 1 857 882 883
1404 2 2 5 1 598 600 601
1405 2 2 5 1 142 281 561
1406 2 2 5 1 569 123 633
1407 2 2 5 1 849 847 880
1408 2 2 5 1 224 567 568
1409 2 2 5 1 281 467 468
1410 2 2 5 1 438 444 445
1411 2 2 5 1 175 859 888
1412 2 2 5 1 469 143 561
1413 2 2 5 1 122 224 633
1414 2 2 5 1 100 99 175
1415 2 2 5 1 172 171 840
1416 2 2 5 1 92 91 899
1417 2 2 5 1 169 168 392
1418 2 2 5 1 101 100 877
1419 2 2 5 1 96 95 411
1420 2 2 5 1 104 103 843
1421 2 2 5 1 162 161 514
1422 2 2 5 1 164 163 177
1423 2 2 5 1 103 102 419
1424 2 2 5 1 168 167 856
1425 2 2 5 1 167 166 394
1426 2 2 5 1 173 172 391
1427 2 2 5 1 105 104 417
1428 2 2 5 1 106 105 841
1429 2 2 5 1 174 173 826
1430 2 2 5 1 160 159 397
1431 2 2 5 1 158 157 395
1432 2 2 5 1 108 107 418
1433 2 2 5 1 171 170 393
1434 2 2 5 1 93 92 410
1435 2 2 5 1 109 108 806
1436 2 2 5 1 110 109 820
1437 2 2 5 1 111 110 176
1438 2 2 5 1 155 154 396
1439 2 2 5 1 114 113 558
1440 2 2 5 1 152 151 178
1441 2 2 5 1 149 148 434
1442 2 2 5 1 117 116 225
1443 2 2 5 1 148 147 839
1444 2 2 5 1 118 117 555
1445 2 2 5 1 119 118 559
1446 2 2 5 1 146 145 282
1447 2 2 5 1 120 119 556
1448 2 2 5 1 144 143 469
1449 2 2 5 1 122 121 224
1450 2 2 5 1 143 142 561
1451 2 2 5 1 123 122 633
1452 2 2 5 1 124 123 569
1453 2 2 5 1 142 141 281
1454 2 2 5 1 125 124 570
1455 2 2 5 1 126 125 580
1456 2 2 5 1 140 139 548
1457 2 2 5 1 139 138 438
1458 2 2 5 1 127 126 386
1459 2 2 5 1 128 127 603
1460 2 2 5 1 129 128 602
1461 2 2 5 1 137 136 455
1462 2 2 5 1 136 135 320
1463 2 2 5 1 130 129 385
1464 2 2 5 1 808 821 822
1465 2 2 5 1 806 418 807
1466 2 2 5 1 898 899 900
1467 2 2 5 1 647 669 889
1468 2 2 5 1 826 391 827
1469 2 2 5 1 806 812 820
1470 2 2 5 1 860 858 874
1471 2 2 5 1 898 1050 1074
1472 2 2 5 1 1001 534 1031
1473 2 2 5 1 845 851 852
1474 2 2 5 1 111 176 879
1475 2 2 5 1 843 419 844
1476 2 2 5 1 392 856 857
1477 2 2 5 1 175 858 859
1478 2 2 5 1 974 971 975
1479 2 2 5 1 1094 1095 1096
1480 2 2 5 1 829 391 840
1481 2 2 5 1 852 877 888
1482 2 2 5 1 857 856 882
1483 2 2 5 1 558 113 635
1484 2 2 5 1 225 116 562
1485 2 2 5 1 224 121 567
1486 2 2 5 1 281 141 467
1487 2 2 5 1 438 138 444
1488 2 2 5 1 556 119 559
1489 2 2 5 1 874 97 875
1490 2 2 5 1 550 563 564
1491 2 2 5 1 858 98 874
1492 2 2 5 1 576 574 1165
1493 2 2 5 1 118 555 559
1494 2 2 5 1 822 821 841
1495 2 2 5 1 434 148 839
1496 2 2 5 1 117 225 555
1497 2 2 5 1 418 107 821
1498 2 2 5 1 442 441 1018
1499 2 2 5 1 821 106 841
1500 2 2 5 1 808 418 821
1501 2 2 5 1 160 397 842
1502 2 2 5 1 514 161 842
1503 2 2 5 1 96 411 875
1504 2 2 5 1 162 514 850
1505 2 2 5 1 177 163 850
1506 2 2 5 1 419 102 851
1507 2 2 5 1 851 101 877
1508 2 2 5 1 175 99 858
1509 2 2 5 1 845 419 851
1510 2 2 5 1 1052 900 1073
1511 2 2 5 1 859 861 885
1512 2 2 5 1 176 110 820
1513 2 2 5 1 852 851 877
1514 2 2 5 1 873 94 895
1515 2 2 5 1 109 806 820
1516 2 2 5 1 108 418 806
1517 2 2 5 1 173 391 826
1518 2 2 5 1 410 92 899
1519 2 2 5 1 391 172 840
1520 2 2 5 1 105 417 841
1521 2 2 5 1 171 393 840
1522 2 2 5 1 144 469 887
1523 2 2 5 1 417 104 843
1524 2 2 5 1 103 419 843
1525 2 2 5 1 392 168 856
1526 2 2 5 1 443 421 1013
1527 2 2 5 1 167 394 856
1528 2 2 5 1 100 175 877
1529 2 2 5 1 856 394 882
1530 2 2 5 1 282 145 887
1531 2 2 5 1 94 93 895
1532 2 2 5 1 898 410 899
1533 2 2 5 1 417 849 886
1534 2 2 5 1 854 852 888
1535 2 2 5 1 576 934 935
1536 2 2 5 1 616 618 619
1537 2 2 5 1 1078 868 1086
1538 2 2 5 1 669 780 889
1539 2 2 5 1 838 393 905
1540 2 2 5 1 145 144 887
1541 2 2 5 1 822 841 886
1542 2 2 5 1 132 387 598
1543 2 2 5 1 828 827 1095
1544 2 2 5 1 1043 1143 1144
1545 2 2 5 1 919 425 937
1546 2 2 5 1 841 417 886
1547 2 2 5 1 427 968 1182
1548 2 2 5 1 588 605 1133
1549 2 2 5 1 905 392 922
1550 2 2 5 1 1037 1036 1038
1551 2 2 5 1 625 626 932
1552 2 2 5 1 885 854 888
1553 2 2 5 1 859 885 888
1554 2 2 5 1 463 462 972
1555 2 2 5 1 631 557 1168
1556 2 2 5 1 403 402 945
1557 2 2 5 1 897 410 898
1558 2 2 5 1 598 387 600
1559 2 2 5 1 563 448 876
1560 2 2 5 1 394 554 906
1561 2 2 5 1 389 596 971
1562 2 2 5 1 442 464 992
1563 2 2 5 1 595 600 983
1564 2 2 5 1 393 170 905
1565 2 2 5 1 169 392 905
1566 2 2 5 1 610 608 935
1567 2 2 5 1 542 997 1142
1568 2 2 5 1 85 86 181
1569 2 2 5 1 86 87 890
1570 2 2 5 1 87 88 203
1571 2 2 5 1 43 44 891
1572 2 2 5 1 46 47 206
1573 2 2 5 1 44 45 195
1574 2 2 5 1 45 46 892
1575 2 2 5 1 41 42 185
1576 2 2 5 1 38 39 199
1577 2 2 5 1 40 41 893
1578 2 2 5 1 39 40 894
1579 2 2 5 1 80 81 204
1580 2 2 5 1 82 83 182
1581 2 2 5 1 146 282 918
1582 2 2 5 1 839 147 918
1583 2 2 5 1 133 5 389
1584 2 2 5 1 413 409 1149
1585 2 2 5 1 824 880 1143
1586 2 2 5 1 93 410 895
1587 2 2 5 1 441 431 1018
1588 2 2 5 1 908 909 937
1589 2 2 5 1 443 364 1005
1590 2 2 5 1 591 593 903
1591 2 2 5 1 621 622 623
1592 2 2 5 1 622 621 1176
1593 2 2 5 1 579 914 1133
1594 2 2 5 1 982 962 1132
1595 2 2 5 1 473 551 904
1596 2 2 5 1 834 835 836
1597 2 2 5 1 838 905 922
1598 2 2 5 1 389 5 596
1599 2 2 5 1 133 389 458
1600 2 2 5 1 984 883 1167
1601 2 2 5 1 402 901 1127
1602 2 2 5 1 170 169 905
1603 2 2 5 1 837 838 922
1604 2 2 5 1 882 394 906
1605 2 2 5 1 1070 6 1088
1606 2 2 5 1 972 975 977
1607 2 2 5 1 948 424 949
1608 2 2 5 1 595 594 597
1609 2 2 5 1 920 1042 1043
1610 2 2 5 1 989 1094 1096
1611 2 2 5 1 502 504 995
1612 2 2 5 1 895 410 897
1613 2 2 5 1 476 475 477
1614 2 2 5 1 725 182 1015
1615 2 2 5 1 538 156 1162
1616 2 2 5 1 914 579 1165
1617 2 2 5 1 934 576 1165
1618 2 2 5 1 147 146 918
1619 2 2 5 1 915 588 1133
1620 2 2 5 1 478 477 479
1621 2 2 5 1 601 1037 1038
1622 2 2 5 1 608 609 936
1623 2 2 5 1 557 631 1028
1624 2 2 5 1 4 78 1098
1625 2 2 5 1 77 4 1098
1626 2 2 5 1 605 1131 1133
1627 2 2 5 1 433 490 1040
1628 2 2 5 1 583 588 915
1629 2 2 5 1 809 823 929
1630 2 2 5 1 1050 1051 1080
1631 2 2 5 1 6 174 1088
1632 2 2 5 1 837 922 930
1633 2 2 5 1 472 471 474
1634 2 2 5 1 853 854 855
1635 2 2 5 1 830 831 832
1636 2 2 5 1 724 726 990
1637 2 2 5 1 666 656 990
1638 2 2 5 1 357 358 991
1639 2 2 5 1 810 809 811
1640 2 2 5 1 847 846 848
1641 2 2 5 1 823 824 825
1642 2 2 5 1 87 203 890
1643 2 2 5 1 181 86 890
1644 2 2 5 1 195 45 892
1645 2 2 5 1 44 195 891
1646 2 2 5 1 46 206 892
1647 2 2 5 1 41 185 893
1648 2 2 5 1 40 893 894
1649 2 2 5 1 199 39 894
1650 2 2 5 1 891 687 1003
1651 2 2 5 1 471 473 904
1652 2 2 5 1 466 457 1004
1653 2 2 5 1 262 248 996
1654 2 2 5 1 243 704 996
1655 2 2 5 1 392 857 922
1656 2 2 5 1 1051 1053 1055
1657 2 2 5 1 381 382 383
1658 2 2 5 1 813 810 916
1659 2 2 5 1 861 862 863
1660 2 2 5 1 815 813 816
1661 2 2 5 1 922 857 930
1662 2 2 5 1 826 828 1088
1663 2 2 5 1 584 583 587
1664 2 2 5 1 1089 863 1154
1665 2 2 5 1 805 369 998
1666 2 2 5 1 150 149 997
1667 2 2 5 1 846 853 1139
1668 2 2 5 1 564 563 876
1669 2 2 5 1 364 443 1013
1670 2 2 5 1 962 963 964
1671 2 2 5 1 1068 1093 1094
1672 2 2 5 1 153 152 1000
1673 2 2 5 1 865 867 868
1674 2 2 5 1 364 363 1005
1675 2 2 5 1 744 307 1005
1676 2 2 5 1 291 381 383
1677 2 2 5 1 892 206 998
1678 2 2 5 1 818 815 907
1679 2 2 5 1 280 263 884
1680 2 2 5 1 375 693 1012
1681 2 2 5 1 481 479 482
1682 2 2 5 1 524 520 532
1683 2 2 5 1 1058 1060 1062
1684 2 2 5 1 867 870 1086
1685 2 2 5 1 448 449 923
1686 2 2 5 1 454 459 464
1687 2 2 5 1 872 1074 1075
1688 2 2 5 1 457 456 1004
1689 2 2 5 1 565 439 566
1690 2 2 5 1 857 883 930
1691 2 2 5 1 606 934 1131
1692 2 2 5 1 883 882 1006
1693 2 2 5 1 903 593 983
1694 2 2 5 1 551 550 564
1695 2 2 5 1 1064 1066 1067
1696 2 2 5 1 504 538 995
1697 2 2 5 1 30 31 1020
1698 2 2 5 1 13 14 1022
1699 2 2 5 1 10 11 1023
1700 2 2 5 1 765 374 1024
1701 2 2 5 1 322 332 1025
1702 2 2 5 1 712 709 1027
1703 2 2 5 1 768 665 1026
1704 2 2 5 1 965 1036 1037
1705 2 2 5 1 89 90 925
1706 2 2 5 1 47 48 927
1707 2 2 5 1 36 37 926
1708 2 2 5 1 934 610 935
1709 2 2 5 1 416 425 1045
1710 2 2 5 1 722 731 951
1711 2 2 5 1 760 762 952
1712 2 2 5 1 880 847 1144
1713 2 2 5 1 870 872 1076
1714 2 2 5 1 830 832 833
1715 2 2 5 1 462 460 1039
1716 2 2 5 1 836 837 931
1717 2 2 5 1 811 909 916
1718 2 2 5 1 832 831 834
1719 2 2 5 1 595 597 981
1720 2 2 5 1 526 842 1179
1721 2 2 5 1 206 47 927
1722 2 2 5 1 358 760 952
1723 2 2 5 1 731 666 951
1724 2 2 5 1 917 811 929
1725 2 2 5 1 944 945 1008
1726 2 2 5 1 586 584 910
1727 2 2 5 1 681 682 1118
1728 2 2 5 1 32 196 1117
1729 2 2 5 1 371 321 1121
1730 2 2 5 1 15 192 1119
1731 2 2 5 1 12 186 1120
1732 2 2 5 1 711 710 1122
1733 2 2 5 1 667 664 1123
1734 2 2 5 1 472 474 475
1735 2 2 5 1 440 876 923
1736 2 2 5 1 780 207 1098
1737 2 2 5 1 621 619 1176
1738 2 2 5 1 1080 1081 1087
1739 2 2 5 1 300 314 1124
1740 2 2 5 1 307 304 1124
1741 2 2 5 1 825 824 1143
1742 2 2 5 1 500 502 1146
1743 2 2 5 1 498 541 1161
1744 2 2 5 1 529 399 943
1745 2 2 5 1 837 930 931
1746 2 2 5 1 314 414 1124
1747 2 2 5 1 517 516 518
1748 2 2 5 1 854 885 1126
1749 2 2 5 1 515 513 516
1750 2 2 5 1 996 704 1157
1751 2 2 5 1 461 462 463
1752 2 2 5 1 600 387 983
1753 2 2 5 1 863 1089 1090
1754 2 2 5 1 483 482 484
1755 2 2 5 1 157 156 1160
1756 2 2 5 1 182 728 1034
1757 2 2 5 1 512 511 513
1758 2 2 5 1 557 225 1168
1759 2 2 5 1 5 132 1135
1760 2 2 5 1 635 819 1007
1761 2 2 5 1 435 953 1033
1762 2 2 5 1 605 606 1131
1763 2 2 5 1 178 151 1172
1764 2 2 5 1 629 630 937
1765 2 2 5 1 510 509 511
1766 2 2 5 1 1074 1050 1087
1767 2 2 5 1 396 154 1166
1768 2 2 5 1 1001 527 1017
1769 2 2 5 1 155 396 1162
1770 2 2 5 1 402 884 901
1771 2 2 5 1 985 984 1167
1772 2 2 5 1 524 1001 1017
1773 2 2 5 1 872 1075 1076
1774 2 2 5 1 449 451 452
1775 2 2 5 1 494 496 1147
1776 2 2 5 1 913 911 914
1777 2 2 5 1 529 530 1002
1778 2 2 5 1 935 608 936
1779 2 2 5 1 1092 1044 1145
1780 2 2 5 1 722 951 1174
1781 2 2 5 1 952 762 1175
1782 2 2 5 1 973 573 1019
1783 2 2 5 1 977 975 1173
1784 2 2 5 1 893 185 991
1785 2 2 5 1 132 598 1135
1786 2 2 5 1 885 861 1150
1787 2 2 5 1 384 405 933
1788 2 2 5 1 1050 1080 1087
1789 2 2 5 1 1 7 1136
1790 2 2 5 1 3 49 1137
1791 2 2 5 1 35 2 1138
1792 2 2 5 1 388 319 390
1793 2 2 5 1 203 88 993
1794 2 2 5 1 38 199 994
1795 2 2 5 1 853 855 1139
1796 2 2 5 1 811 809 929
1797 2 2 5 1 810 811 916
1798 2 2 5 1 440 437 902
1799 2 2 5 1 1009 424 1155
1800 2 2 5 1 823 825 929
1801 2 2 5 1 474 471 904
1802 2 2 5 1 486 484 487
1803 2 2 5 1 1078 1048 1079
1804 2 2 5 1 1051 1055 1080
1805 2 2 5 1 848 846 1139
1806 2 2 5 1 855 854 1126
1807 2 2 5 1 619 618 1028
1808 2 2 5 1 456 320 1004
1809 2 2 5 1 508 507 509
1810 2 2 5 1 407 406 933
1811 2 2 5 1 90 1 1136
1812 2 2 5 1 48 3 1137
1813 2 2 5 1 2 36 1138
1814 2 2 5 1 587 583 915
1815 2 2 5 1 861 863 1150
1816 2 2 5 1 590 586 921
1817 2 2 5 1 847 848 1144
1818 2 2 5 1 780 79 1032
1819 2 2 5 1 966 968 1116
1820 2 2 5 1 43 891 1003
1821 2 2 5 1 185 42 1003
1822 2 2 5 1 816 813 916
1823 2 2 5 1 408 407 409
1824 2 2 5 1 876 448 923
1825 2 2 5 1 416 423 1149
1826 2 2 5 1 1094 828 1095
1827 2 2 5 1 1046 1044 1047
1828 2 2 5 1 593 595 983
1829 2 2 5 1 182 83 1015
1830 2 2 5 1 620 621 627
1831 2 2 5 1 199 952 1175
1832 2 2 5 1 951 203 1174
1833 2 2 5 1 815 816 907
1834 2 2 5 1 1126 885 1150
1835 2 2 5 1 1053 1057 1082
1836 2 2 5 1 533 532 985
1837 2 2 5 1 925 723 993
1838 2 2 5 1 764 926 994
1839 2 2 5 1 598 601 1038
1840 2 2 5 1 842 397 1179
1841 2 2 5 1 174 826 1088
1842 2 2 5 1 1057 1058 1083
1843 2 2 5 1 868 867 1086
1844 2 2 5 1 204 81 1034
1845 2 2 5 1 82 182 1034
1846 2 2 5 1 84 726 1015
1847 2 2 5 1 435 400 1014
1848 2 2 5 1 1007 819 1169
1849 2 2 5 1 656 724 990
1850 2 2 5 1 378 357 991
1851 2 2 5 1 1147 178 1172
1852 2 2 5 1 1143 880 1144
1853 2 2 5 1 631 622 1176
1854 2 2 5 1 491 489 535
1855 2 2 5 1 558 635 1007
1856 2 2 5 1 553 552 1031
1857 2 2 5 1 89 925 993
1858 2 2 5 1 926 37 994
1859 2 2 5 1 248 243 996
1860 2 2 5 1 1063 1064 1084
1861 2 2 5 1 584 587 910
1862 2 2 5 1 488 487 489
1863 2 2 5 1 440 564 876
1864 2 2 5 1 79 80 1032
1865 2 2 5 1 890 203 951
1866 2 2 5 1 199 894 952
1867 2 2 5 1 618 557 1028
1868 2 2 5 1 554 553 1181
1869 2 2 5 1 422 948 1127
1870 2 2 5 1 870 1076 1086
1871 2 2 5 1 412 443 1159
1872 2 2 5 1 1056 1049 1081
1873 2 2 5 1 1146 396 1166
1874 2 2 5 1 514 544 1171
1875 2 2 5 1 541 1000 1161
1876 2 2 5 1 88 89 993
1877 2 2 5 1 37 38 994
1878 2 2 5 1 307 1124 1159
1879 2 2 5 1 369 375 998
1880 2 2 5 1 552 527 1001
1881 2 2 5 1 930 883 984
1882 2 2 5 1 896 558 1007
1883 2 2 5 1 434 545 1142
1884 2 2 5 1 437 465 1018
1885 2 2 5 1 396 995 1162
1886 2 2 5 1 842 526 1156
1887 2 2 5 1 149 434 997
1888 2 2 5 1 884 262 901
1889 2 2 5 1 931 930 984
1890 2 2 5 1 1075 1074 1087
1891 2 2 5 1 430 996 1157
1892 2 2 5 1 528 850 1171
1893 2 2 5 1 575 572 913
1894 2 2 5 1 363 744 1005
1895 2 2 5 1 1088 828 1093
1896 2 2 5 1 152 178 1000
1897 2 2 5 1 530 529 941
1898 2 2 5 1 545 434 1180
1899 2 2 5 1 423 1046 1178
1900 2 2 5 1 544 514 1156
1901 2 2 5 1 453 454 464
1902 2 2 5 1 903 983 1140
1903 2 2 5 1 449 452 923
1904 2 2 5 1 263 262 884
1905 2 2 5 1 531 522 1002
1906 2 2 5 1 531 1002 1011
1907 2 2 5 1 592 590 599
1908 2 2 5 1 949 424 1009
1909 2 2 5 1 1021 371 1121
1910 2 2 5 1 1022 711 1122
1911 2 2 5 1 1023 667 1123
1912 2 2 5 1 196 1024 1117
1913 2 2 5 1 682 1025 1118
1914 2 2 5 1 186 1026 1120
1915 2 2 5 1 192 1027 1119
1916 2 2 5 1 693 688 1012
1917 2 2 5 1 975 976 1173
1918 2 2 5 1 948 945 1127
1919 2 2 5 1 204 889 1032
1920 2 2 5 1 42 43 1003
1921 2 2 5 1 945 402 1127
1922 2 2 5 1 474 566 938
1923 2 2 5 1 452 451 453
1924 2 2 5 1 626 1007 1169
1925 2 2 5 1 1056 1055 1082
1926 2 2 5 1 420 413 1149
1927 2 2 5 1 1038 596 1135
1928 2 2 5 1 1055 1053 1082
1929 2 2 5 1 920 917 1042
1930 2 2 5 1 726 725 1015
1931 2 2 5 1 959 960 1030
1932 2 2 5 1 626 896 1007
1933 2 2 5 1 429 422 430
1934 2 2 5 1 920 1043 1044
1935 2 2 5 1 436 956 957
1936 2 2 5 1 426 1010 1155
1937 2 2 5 1 499 497 957
1938 2 2 5 1 1039 460 1170
1939 2 2 5 1 518 520 1017
1940 2 2 5 1 882 906 1006
1941 2 2 5 1 501 499 956
1942 2 2 5 1 83 84 1015
1943 2 2 5 1 586 910 921
1944 2 2 5 1 466 458 1170
1945 2 2 5 1 190 1020 1021
1946 2 2 5 1 190 30 1020
1947 2 2 5 1 682 190 1021
1948 2 2 5 1 186 13 1022
1949 2 2 5 1 197 10 1023
1950 2 2 5 1 374 379 1024
1951 2 2 5 1 332 370 1025
1952 2 2 5 1 665 667 1026
1953 2 2 5 1 709 711 1027
1954 2 2 5 1 408 412 1159
1955 2 2 5 1 1081 1075 1087
1956 2 2 5 1 421 420 422
1957 2 2 5 1 495 491 535
1958 2 2 5 1 503 501 955
1959 2 2 5 1 958 959 1030
1960 2 2 5 1 497 495 986
1961 2 2 5 1 551 566 904
1962 2 2 5 1 80 204 1032
1963 2 2 5 1 1058 1062 1083
1964 2 2 5 1 505 503 506
1965 2 2 5 1 704 253 1157
1966 2 2 5 1 982 601 1099
1967 2 2 5 1 464 442 465
1968 2 2 5 1 543 999 1041
1969 2 2 5 1 520 522 532
1970 2 2 5 1 436 957 987
1971 2 2 5 1 850 514 1171
1972 2 2 5 1 1095 833 1096
1973 2 2 5 1 855 1092 1139
1974 2 2 5 1 1064 1067 1084
1975 2 2 5 1 1092 848 1139
1976 2 2 5 1 1049 426 1178
1977 2 2 5 1 941 403 944
1978 2 2 5 1 965 1037 1132
1979 2 2 5 1 511 509 928
1980 2 2 5 1 1047 1044 1091
1981 2 2 5 1 1041 999 1177
1982 2 2 5 1 819 818 1169
1983 2 2 5 1 1043 1144 1145
1984 2 2 5 1 416 409 1141
1985 2 2 5 1 914 587 915
1986 2 2 5 1 1068 1070 1093
1987 2 2 5 1 519 516 523
1988 2 2 5 1 7 209 1136
1989 2 2 5 1 208 35 1138
1990 2 2 5 1 49 782 1137
1991 2 2 5 1 370 1102 1118
1992 2 2 5 1 1114 197 1123
1993 2 2 5 1 818 932 1169
1994 2 2 5 1 1108 372 1109
1995 2 2 5 1 776 1108 1109
1996 2 2 5 1 785 1110 1111
1997 2 2 5 1 1110 735 1111
1998 2 2 5 1 1106 380 1107
1999 2 2 5 1 1102 705 1103
2000 2 2 5 1 1104 376 1105
2001 2 2 5 1 1103 373 1104
2002 2 2 5 1 781 1100 1101
2003 2 2 5 1 1105 749 1106
2004 2 2 5 1 781 208 1100
2005 2 2 5 1 196 781 1101
2006 2 2 5 1 370 705 1102
2007 2 2 5 1 705 373 1103
2008 2 2 5 1 380 699 1107
2009 2 2 5 1 373 376 1104
2010 2 2 5 1 376 749 1105
2011 2 2 5 1 749 380 1106
2012 2 2 5 1 372 377 1109
2013 2 2 5 1 776 672 1108
2014 2 2 5 1 735 755 1111
2015 2 2 5 1 785 189 1110
2016 2 2 5 1 755 713 1112
2017 2 2 5 1 713 712 1113
2018 2 2 5 1 1111 755 1112
2019 2 2 5 1 1112 713 1113
2020 2 2 5 1 778 1114 1115
2021 2 2 5 1 778 197 1114
2022 2 2 5 1 209 778 1115
2023 2 2 5 1 764 763 1100
2024 2 2 5 1 1100 763 1101
2025 2 2 5 1 763 765 1101
2026 2 2 5 1 184 683 1102
2027 2 2 5 1 184 1102 1103
2028 2 2 5 1 201 677 1104
2029 2 2 5 1 201 1104 1105
2030 2 2 5 1 677 184 1103
2031 2 2 5 1 677 1103 1104
2032 2 2 5 1 180 1106 1107
2033 2 2 5 1 180 676 1106
2034 2 2 5 1 676 201 1105
2035 2 2 5 1 676 1105 1106
2036 2 2 5 1 672 180 1107
2037 2 2 5 1 699 372 1108
2038 2 2 5 1 377 735 1110
2039 2 2 5 1 189 776 1109
2040 2 2 5 1 202 785 1111
2041 2 2 5 1 202 1111 1112
2042 2 2 5 1 784 202 1112
2043 2 2 5 1 784 1112 1113
2044 2 2 5 1 192 784 1113
2045 2 2 5 1 720 721 1114
2046 2 2 5 1 1114 721 1115
2047 2 2 5 1 721 723 1115
2048 2 2 5 1 672 1107 1108
2049 2 2 5 1 1107 699 1108
2050 2 2 5 1 1109 377 1110
2051 2 2 5 1 189 1109 1110
2052 2 2 5 1 969 977 1173
2053 2 2 5 1 1102 683 1118
2054 2 2 5 1 720 1114 1123
2055 2 2 5 1 889 780 1032
2056 2 2 5 1 974 462 1039
2057 2 2 5 1 31 32 1117
2058 2 2 5 1 683 681 1118
2059 2 2 5 1 14 15 1119
2060 2 2 5 1 11 12 1120
2061 2 2 5 1 321 322 1121
2062 2 2 5 1 710 768 1122
2063 2 2 5 1 664 720 1123
2064 2 2 5 1 523 928 1014
2065 2 2 5 1 533 985 1167
2066 2 2 5 1 596 5 1135
2067 2 2 5 1 960 982 1099
2068 2 2 5 1 81 82 1034
2069 2 2 5 1 207 77 1098
2070 2 2 5 1 434 839 1180
2071 2 2 5 1 436 433 1033
2072 2 2 5 1 414 408 1159
2073 2 2 5 1 909 816 916
2074 2 2 5 1 435 928 953
2075 2 2 5 1 1048 1049 1178
2076 2 2 5 1 572 407 1019
2077 2 2 5 1 400 435 1033
2078 2 2 5 1 430 422 901
2079 2 2 5 1 514 842 1156
2080 2 2 5 1 542 494 1147
2081 2 2 5 1 304 300 1124
2082 2 2 5 1 459 461 992
2083 2 2 5 1 946 944 1008
2084 2 2 5 1 541 500 1146
2085 2 2 5 1 594 592 939
2086 2 2 5 1 552 1001 1031
2087 2 2 5 1 527 518 1017
2088 2 2 5 1 855 1091 1092
2089 2 2 5 1 939 940 958
2090 2 2 5 1 960 959 961
2091 2 2 5 1 935 936 1163
2092 2 2 5 1 969 967 970
2093 2 2 5 1 883 1006 1167
2094 2 2 5 1 901 422 1127
2095 2 2 5 1 405 384 1152
2096 2 2 5 1 534 906 1181
2097 2 2 5 1 405 427 933
2098 2 2 5 1 496 498 1161
2099 2 2 5 1 723 722 1174
2100 2 2 5 1 762 764 1175
2101 2 2 5 1 573 572 1019
2102 2 2 5 1 1076 1078 1086
2103 2 2 5 1 972 977 978
2104 2 2 5 1 868 1078 1079
2105 2 2 5 1 1070 1088 1093
2106 2 2 5 1 505 506 507
2107 2 2 5 1 1091 1044 1092
2108 2 2 5 1 574 576 1097
2109 2 2 5 1 1035 969 1173
2110 2 2 5 1 156 155 1162
2111 2 2 5 1 912 599 921
2112 2 2 5 1 522 529 1002
2113 2 2 5 1 154 153 1166
2114 2 2 5 1 983 387 1140
2115 2 2 5 1 151 150 1172
2116 2 2 5 1 577 574 1097
2117 2 2 5 1 395 157 1160
2118 2 2 5 1 629 625 630
2119 2 2 5 1 839 493 1180
2120 2 2 5 1 932 626 1169
2121 2 2 5 1 225 562 1168
2122 2 2 5 1 1043 825 1143
2123 2 2 5 1 412 409 413
2124 2 2 5 1 564 440 565
2125 2 2 5 1 387 131 1140
2126 2 2 5 1 1028 631 1176
2127 2 2 5 1 599 590 921
2128 2 2 5 1 428 980 1116
2129 2 2 5 1 981 960 1099
2130 2 2 5 1 1002 530 1011
2131 2 2 5 1 553 1031 1181
2132 2 2 5 1 909 811 917
2133 2 2 5 1 423 420 1149
2134 2 2 5 1 964 966 967
2135 2 2 5 1 383 382 1134
2136 2 2 5 1 415 425 1141
2137 2 2 5 1 531 931 984
2138 2 2 5 1 463 972 978
2139 2 2 5 1 433 1041 1125
2140 2 2 5 1 848 1092 1145
2141 2 2 5 1 910 912 921
2142 2 2 5 1 427 407 933
2143 2 2 5 1 906 554 1181
2144 2 2 5 1 523 511 928
2145 2 2 5 1 962 961 963
2146 2 2 5 1 949 1009 1128
2147 2 2 5 1 440 923 924
2148 2 2 5 1 577 620 627
2149 2 2 5 1 978 970 979
2150 2 2 5 1 209 925 1136
2151 2 2 5 1 782 927 1137
2152 2 2 5 1 926 208 1138
2153 2 2 5 1 412 413 443
2154 2 2 5 1 994 199 1175
2155 2 2 5 1 203 993 1174
2156 2 2 5 1 400 433 1125
2157 2 2 5 1 1093 828 1094
2158 2 2 5 1 401 402 950
2159 2 2 5 1 995 538 1162
2160 2 2 5 1 1041 432 1125
2161 2 2 5 1 1000 178 1161
2162 2 2 5 1 1046 1047 1048
2163 2 2 5 1 421 422 429
2164 2 2 5 1 1124 414 1159
2165 2 2 5 1 925 90 1136
2166 2 2 5 1 927 48 1137
2167 2 2 5 1 36 926 1138
2168 2 2 5 1 421 429 1013
2169 2 2 5 1 428 404 1130
2170 2 2 5 1 997 434 1142
2171 2 2 5 1 566 439 938
2172 2 2 5 1 620 619 621
2173 2 2 5 1 944 403 945
2174 2 2 5 1 946 1008 1128
2175 2 2 5 1 413 420 421
2176 2 2 5 1 868 1079 1154
2177 2 2 5 1 406 407 408
2178 2 2 5 1 399 390 401
2179 2 2 5 1 1063 1084 1085
2180 2 2 5 1 961 959 1182
2181 2 2 5 1 1045 1044 1046
2182 2 2 5 1 464 459 992
2183 2 2 5 1 956 499 957
2184 2 2 5 1 957 497 986
2185 2 2 5 1 1128 1009 1129
2186 2 2 5 1 942 941 944
2187 2 2 5 1 955 501 956
2188 2 2 5 1 399 401 950
2189 2 2 5 1 575 913 914
2190 2 2 5 1 836 931 1011
2191 2 2 5 1 495 535 986
2192 2 2 5 1 578 577 1097
2193 2 2 5 1 1090 1047 1091
2194 2 2 5 1 506 503 955
2195 2 2 5 1 439 565 902
2196 2 2 5 1 1016 400 1125
2197 2 2 5 1 973 427 1182
2198 2 2 5 1 1129 1009 1155
2199 2 2 5 1 598 1038 1135
2200 2 2 5 1 1089 1047 1090
2201 2 2 5 1 592 599 939
2202 2 2 5 1 981 597 1030
2203 2 2 5 1 551 565 566
2204 2 2 5 1 960 981 1030
2205 2 2 5 1 542 1147 1172
2206 2 2 5 1 1131 579 1133
2207 2 2 5 1 398 390 1016
2208 2 2 5 1 963 961 1182
2209 2 2 5 1 682 1021 1121
2210 2 2 5 1 186 1022 1122
2211 2 2 5 1 197 1023 1123
2212 2 2 5 1 1024 379 1117
2213 2 2 5 1 1025 370 1118
2214 2 2 5 1 1027 711 1119
2215 2 2 5 1 1026 667 1120
2216 2 2 5 1 911 587 914
2217 2 2 5 1 616 619 620
2218 2 2 5 1 1077 1075 1081
2219 2 2 5 1 518 519 520
2220 2 2 5 1 908 816 909
2221 2 2 5 1 409 415 1141
2222 2 2 5 1 909 919 937
2223 2 2 5 1 630 907 908
2224 2 2 5 1 1042 825 1043
2225 2 2 5 1 623 625 629
2226 2 2 5 1 439 902 1177
2227 2 2 5 1 541 1146 1166
2228 2 2 5 1 427 973 1019
2229 2 2 5 1 399 400 1016
2230 2 2 5 1 521 519 523
2231 2 2 5 1 490 485 1040
2232 2 2 5 1 1076 1075 1077
2233 2 2 5 1 917 929 1042
2234 2 2 5 1 1076 1077 1078
2235 2 2 5 1 406 384 933
2236 2 2 5 1 520 521 522
2237 2 2 5 1 1031 534 1181
2238 2 2 5 1 429 430 1157
2239 2 2 5 1 428 1151 1152
2240 2 2 5 1 833 832 954
2241 2 2 5 1 458 1039 1170
2242 2 2 5 1 475 474 938
2243 2 2 5 1 910 911 912
2244 2 2 5 1 980 428 1130
2245 2 2 5 1 441 979 980
2246 2 2 5 1 522 525 529
2247 2 2 5 1 479 477 480
2248 2 2 5 1 993 723 1174
2249 2 2 5 1 764 994 1175
2250 2 2 5 1 551 564 565
2251 2 2 5 1 531 984 985
2252 2 2 5 1 1079 1089 1154
2253 2 2 5 1 1006 533 1167
2254 2 2 5 1 1144 848 1145
2255 2 2 5 1 928 435 1014
2256 2 2 5 1 432 398 1125
2257 2 2 5 1 599 912 940
2258 2 2 5 1 929 825 1042
2259 2 2 5 1 576 935 1163
2260 2 2 5 1 403 941 943
2261 2 2 5 1 1116 968 1151
2262 2 2 5 1 907 816 908
2263 2 2 5 1 477 475 1148
2264 2 2 5 1 938 439 999
2265 2 2 5 1 404 1152 1153
2266 2 2 5 1 964 963 966
2267 2 2 5 1 484 482 485
2268 2 2 5 1 910 587 911
2269 2 2 5 1 384 314 1134
2270 2 2 5 1 425 416 1141
2271 2 2 5 1 575 914 1165
2272 2 2 5 1 403 943 950
2273 2 2 5 1 938 999 1148
2274 2 2 5 1 923 452 924
2275 2 2 5 1 619 1028 1176
2276 2 2 5 1 518 516 519
2277 2 2 5 1 465 442 1018
2278 2 2 5 1 1090 1126 1150
2279 2 2 5 1 1084 1067 1164
2280 2 2 5 1 919 917 920
2281 2 2 5 1 999 480 1148
2282 2 2 5 1 408 409 412
2283 2 2 5 1 521 523 1014
2284 2 2 5 1 404 428 1152
2285 2 2 5 1 489 487 490
2286 2 2 5 1 453 464 465
2287 2 2 5 1 482 479 1158
2288 2 2 5 1 945 949 1008
2289 2 2 5 1 959 973 1182
2290 2 2 5 1 402 403 950
2291 2 2 5 1 936 578 1163
2292 2 2 5 1 433 1040 1041
2293 2 2 5 1 565 440 902
2294 2 2 5 1 1152 384 1153
2295 2 2 5 1 507 506 953
2296 2 2 5 1 578 1097 1163
2297 2 2 5 1 480 543 1158
2298 2 2 5 1 959 958 973
2299 2 2 5 1 931 531 1011
2300 2 2 5 1 384 1134 1153
2301 2 2 5 1 382 404 1153
2302 2 2 5 1 966 963 968
2303 2 2 5 1 941 529 943
2304 2 2 5 1 920 1044 1045
2305 2 2 5 1 441 980 1130
2306 2 2 5 1 630 908 937
2307 2 2 5 1 968 963 1182
2308 2 2 5 1 939 599 940
2309 2 2 5 1 543 485 1158
2310 2 2 5 1 986 535 987
2311 2 2 5 1 406 408 414
2312 2 2 5 1 909 917 919
2313 2 2 5 1 979 970 980
2314 2 2 5 1 520 519 521
2315 2 2 5 1 522 521 525
2316 2 2 5 1 398 1016 1125
2317 2 2 5 1 912 911 913
2318 2 2 5 1 543 480 999
2319 2 2 5 1 943 399 950
2320 2 2 5 1 940 573 958
2321 2 2 5 1 428 1116 1151
2322 2 2 5 1 432 1041 1177
2323 2 2 5 1 1151 405 1152
2324 2 2 5 1 525 521 1014
2325 2 2 5 1 1008 949 1128
2326 2 2 5 1 1040 543 1041
2327 2 2 5 1 485 543 1040
2328 2 2 5 1 1134 382 1153
2329 2 2 5 1 958 573 973
2330 2 2 5 1 1097 576 1163
2331 2 2 5 1 475 938 1148
2332 2 2 5 1 480 477 1148
2333 2 2 5 1 479 480 1158
2334 2 2 5 1 485 482 1158
2335 2 2 5 1 967 966 1116
2336 2 2 5 1 999 439 1177
2337 2 2 5 1 424 423 426
2338 2 2 5 1 431 441 1130
2339 2 2 5 1 463 442 992
2340 2 2 5 1 461 463 992
2341 2 2 5 1 463 978 979
2342 2 2 5 1 509 507 953
2343 2 2 5 1 574 577 627
2344 2 2 5 1 934 579 1131
2345 2 2 5 1 597 594 939
2346 2 2 5 1 615 616 620
2347 2 2 5 1 621 623 629
2348 2 2 5 1 627 629 937
2349 2 2 5 1 832 834 954
2350 2 2 5 1 834 836 1011
2351 2 2 5 1 1090 855 1126
2352 2 2 5 1 942 946 947
2353 2 2 5 1 947 946 1164
2354 2 2 5 1 946 1085 1164
2355 2 2 5 1 988 947 989
2356 2 2 5 1 989 947 1069
2357 2 2 5 1 960 962 982
2358 2 2 5 1 1062 1010 1083
2359 2 2 5 1 1010 1062 1129
2360 2 2 5 1 1055 1056 1080
2361 2 2 5 1 1080 1056 1081
2362 2 2 5 1 1082 1057 1083
2363 2 2 5 1 1062 1060 1063
2364 2 2 5 1 1062 1063 1085
$EndElements
