iteration,continuity,momentum,mass_imbalance,velocity_change,u_residual,v_residual,rhie_chow_flux_defect
1,1.0950441942103595e-17,14.901474376813232,3.122502256758253e-17,0.9167905269153234,13.699426035919306,14.901474376813232,0.00014185476922119213
2,8.218523517983245e-16,9.76290851090302,8.673617379884035e-17,0.24416395598641227,9.76290851090302,9.62712529885579,5.434776396471396e-05
3,1.2832698228701367e-14,4.6876932986332465,2.636779683484747e-16,0.1636040113152471,4.687693298633247,3.2006013661760218,4.128714472103615e-05
4,9.166089111681264e-15,2.171594534613493,1.214306433183765e-16,0.08360680707120904,2.171594534613493,0.8519981744463028,3.116702737113861e-05
5,9.548324587591028e-15,1.3649606208057263,5.204170427930421e-16,0.05503279860210175,1.364960620805726,0.5608796975329756,1.4463319763222128e-05
6,1.2167784141370319e-14,1.1641374153547495,1.942890293094024e-16,0.03919069380336426,1.1641374153547495,0.6666043978663688,2.2708486865699988e-05
7,1.800783914346349e-14,0.9463333037302624,3.5388358909926865e-16,0.02794706780157108,0.9463333037302625,0.6815569606417884,2.0158253941001676e-05
8,3.09542972851129e-14,0.9147577084167389,8.881784197001252e-16,0.022920491765002105,0.9147577084167389,0.7949040427413868,2.5051929795453793e-05
9,4.0616083630054534e-14,0.8085073756447063,1.700029006457271e-15,0.019039123500380728,0.8085073756447063,0.7668152393021525,2.1030404250331886e-05
10,2.011411870395108e-15,0.7645621684941234,4.0939474033052647e-16,0.01705924223320643,0.7645621684941235,0.7132808259895663,1.8354605814434172e-05
11,8.058874748084754e-15,0.7412902263744706,3.677613769070831e-16,0.016074208796226785,0.7412902263744707,0.692711023662139,1.687460247366714e-05
12,8.229528170033973e-15,0.6887494348150941,2.983724378680108e-16,0.014825872178367061,0.688749434815094,0.608922777168617,1.262674626786155e-05
13,1.1827995180513362e-14,0.6987714104051483,3.0531133177191805e-16,0.013866855878516104,0.6987714104051485,0.6111248743646004,1.3523715789101526e-05
14,2.67993092994967e-15,0.684982609596035,2.42861286636753e-16,0.012971682919237115,0.6849826095960351,0.5910433588590831,1.2342459518666026e-05
15,7.868380426379051e-15,0.6295245052222016,6.036837696399289e-16,0.01241403794521978,0.6295245052222016,0.5630915272166689,1.1549408849156617e-05
16,1.3967885008348002e-14,0.6134949613447881,1.5994150448506161e-15,0.012008511615072437,0.6134949613447881,0.5340961407853808,9.67318058017233e-06
17,2.896988204881268e-15,0.6125404157934854,4.5102810375396984e-17,0.011278879384972074,0.6125404157934854,0.5394006050386624,1.0427679756324856e-05
18,3.865180744910823e-15,0.594410386880962,4.163336342344337e-17,0.010841004281168964,0.594410386880962,0.5299247644582872,1.021748409538327e-05
19,6.392239168540037e-15,0.5969371524387875,3.8163916471489756e-17,0.010702285378775711,0.5969371524387876,0.5318352374820171,9.830604317934547e-06
20,7.42266491327026e-15,0.600147128286698,2.8102520310824275e-16,0.010084301552489183,0.600147128286698,0.5407318222760416,9.687735678788668e-06
21,7.874560378762219e-15,0.5868404995608208,5.204170427930421e-17,0.009791102157385434,0.5868404995608208,0.5314129305208655,8.886705229073487e-06
22,1.27376408032287e-14,0.5834192111201311,9.367506770274758e-17,0.009538715900839989,0.5834192111201311,0.532356093018993,8.641131738736675e-06
23,2.2122061127394232e-14,0.5691820518262667,5.863365348801608e-16,0.009058348836826324,0.5691820518262667,0.5026074952547088,7.404240956636193e-06
24,7.728843606780167e-15,0.5616288164948998,5.48172618408671e-16,0.008743094023848208,0.5616288164948999,0.49662369324509564,7.496562683220551e-06
25,6.41218848851377e-15,0.5585527017361338,3.677613769070831e-16,0.008569794567498734,0.5585527017361337,0.49819560423270864,8.287515134100575e-06
26,1.203453569437185e-14,0.5540831392205252,3.400058012914542e-16,0.008229979099009355,0.5540831392205252,0.49646266621065605,7.840527112943064e-06
27,8.092485015431805e-15,0.5493672803817616,6.036837696399289e-16,0.007979489896732694,0.5493672803817615,0.47769407633101246,7.071165872576975e-06
28,1.0701075442431929e-14,0.5508856742293792,6.938893903907228e-17,0.007835503536742228,0.5508856742293792,0.47373362759181226,6.539834674436969e-06
29,7.269792406949804e-15,0.5423031249423211,1.9081958235744878e-16,0.007679562149854435,0.542303124942321,0.4867852883331947,7.572848209983175e-06
30,5.516854334475241e-15,0.5312368131553868,1.97758476261356e-16,0.007476261663441286,0.5312368131553868,0.4646684006881793,6.5408783875048435e-06
31,2.632876555663799e-15,0.5327370725640406,4.163336342344337e-17,0.0073583634076361815,0.5327370725640406,0.46120874510894944,6.322738297392718e-06
32,6.1652072336215724e-15,0.5321230012753244,7.008282842946301e-16,0.007212640286045402,0.5321230012753244,0.46998766769644057,6.710412746234781e-06
33,6.2361140557021244e-15,0.5279050655188551,5.967448757360216e-16,0.0070593150305854335,0.5279050655188551,0.45653132182705564,6.590636292480497e-06
34,3.91928243331785e-15,0.5304606323720096,7.147060721024445e-16,0.0069087088472645775,0.5304606323720096,0.4546074846312703,6.133621532170406e-06
35,3.4781205693334982e-15,0.5275098125745284,6.938893903907228e-17,0.006769689506892385,0.5275098125745286,0.457731513291857,6.0029695557391664e-06
36,8.387821687216857e-15,0.5180875537584684,6.800116025829084e-16,0.006644011648755721,0.5180875537584684,0.4395210316871122,5.347942194339879e-06
37,6.09061412415457e-15,0.5094547918661826,6.938893903907228e-18,0.006484155018451343,0.5094547918661825,0.41760591087612614,4.5291191290085675e-06
38,8.167078124898808e-15,0.5057290225256678,3.469446951953614e-18,0.0063331012327645375,0.5057290225256678,0.4136034931221474,4.413442867283341e-06
39,9.44968929494916e-15,0.503259716476115,4.371503159461554e-16,0.006243918985864738,0.503259716476115,0.42154429086614664,4.757632911939761e-06
40,6.724655554624093e-15,0.5006097209172268,2.255140518769849e-16,0.006087578286907425,0.5006097209172268,0.4242526456736242,4.9267800323332825e-06
41,8.429021369771306e-15,0.4980011133783486,2.42861286636753e-17,0.005950620931283623,0.4980011133783487,0.4302398795387251,4.938202074816724e-06
42,9.906572090434551e-15,0.49089876275262523,3.5735303605122226e-16,0.005833727004473821,0.4908987627526252,0.42377315867460025,4.631926799256508e-06
43,3.157196726277789e-15,0.48527616967713316,4.85722573273506e-16,0.005702917760758042,0.48527616967713316,0.4224142815796895,5.008039507100269e-06
44,4.010246995589384e-15,0.4810367112855992,2.740863092043355e-16,0.005614275423547754,0.48103671128559927,0.40770115569733417,4.239422446881836e-06
45,4.076464643273936e-15,0.48362164419277387,1.942890293094024e-16,0.005485918713296178,0.48362164419277387,0.4180527153095597,4.50559611230745e-06
46,1.033564510019569e-14,0.4779971326439286,8.326672684688674e-17,0.005368609098228894,0.4779971326439286,0.41543702958445444,4.365203233689613e-06
47,2.2721137037801098e-14,0.46219297235357204,7.632783294297951e-17,0.0052682491048563485,0.462192972353572,0.38706277582414306,3.4050832093416556e-06
48,3.4651643533722964e-15,0.4579144074359317,3.191891195797325e-16,0.005080246442046077,0.45791440743593176,0.3900251391301719,3.436003655647588e-06
49,9.758876649487713e-15,0.4505972212535986,7.632783294297951e-17,0.004961883965138525,0.45059722125359863,0.3766902680253502,2.9272664011988947e-06
50,1.5601100055925854e-14,0.4540261994505404,7.945033519973776e-16,0.004880907301895054,0.45402619945054035,0.3959444138709327,3.8019758016289905e-06
51,7.0594571854876165e-15,0.4588344599551254,3.8163916471489756e-17,0.004727173133884266,0.4588344599551254,0.4193671093844066,4.398765887872172e-06
52,7.624977038656056e-15,0.4561616768491541,4.961309141293668e-16,0.004594246295178461,0.45616167684915404,0.4212066062675877,4.0419575414366654e-06
53,1.8752360775309285e-15,0.4546128650813155,6.661338147750939e-16,0.004482801559583249,0.4546128650813155,0.4234521881743886,4.256962957434716e-06
54,5.128926797159927e-15,0.45394498473257605,4.85722573273506e-17,0.004365990377938167,0.45394498473257605,0.42537286092841453,3.939073609848463e-06
55,4.263516623081998e-15,0.45250600391967194,2.6020852139652106e-16,0.004265338362405446,0.45250600391967194,0.41733166931081545,3.912866608180866e-06
56,3.221815175757925e-15,0.4511810694232604,4.891920202254596e-16,0.004150872287528251,0.45118106942326053,0.41205861582902237,3.537589005545313e-06
57,6.311791367341613e-15,0.4457333378327535,6.522560269672795e-16,0.004052437486380567,0.4457333378327536,0.3958219025032963,2.8080637606324224e-06
58,2.52358897667726e-15,0.4461145148436907,2.0469737016526324e-16,0.00396501560269269,0.4461145148436907,0.4057162926331723,3.1431932242456457e-06
59,2.343177735175672e-15,0.4452383445769165,1.2836953722228372e-16,0.003888630252626646,0.44523834457691647,0.41636228713206314,3.3840759228268143e-06
60,3.610826915245724e-15,0.4453304018962742,8.118505867571457e-16,0.0037970598520814525,0.4453304018962742,0.4209882586905044,3.300639272647493e-06
61,1.5916087892087205e-15,0.4449251013435755,3.7470027081099033e-16,0.0037051841595721613,0.44492510134357555,0.4211225426023917,3.2064740896001123e-06
62,3.157196726277789e-16,0.44215197607641155,3.191891195797325e-16,0.003638297593498707,0.44215197607641155,0.41755262113149144,3.149474691489624e-06
63,1.873935034923946e-15,0.43903430577084585,4.5102810375396984e-17,0.0035743100474615597,0.4390343057708459,0.42024008453166706,3.587131095278687e-06
64,6.1855902344643e-15,0.43795912195938724,1.1449174941446927e-16,0.0035262868225585664,0.43795912195938735,0.411620056477333,3.1493178830365167e-06
65,9.11163505756818e-15,0.43643988298100445,6.800116025829084e-16,0.003484620683719075,0.43643988298100445,0.4100521925026638,2.855734004339434e-06
66,9.944302326037047e-15,0.4382921763204357,1.1449174941446927e-16,0.003436447985972424,0.4382921763204357,0.4194490844446016,2.8775629180555147e-06
67,8.191797934431477e-15,0.4371472960100553,5.898059818321144e-16,0.003387698682636442,0.4371472960100553,0.41691171394821336,2.83133567923122e-06
68,7.464515117128201e-15,0.4399587108329264,3.122502256758253e-16,0.0033627882335587334,0.4399587108329265,0.4286721972422254,3.030503471407098e-06
69,3.207828967732862e-15,0.43966853877238876,1.734723475976807e-16,0.0033324016267989864,0.43966853877238876,0.4260705690861605,2.8868248753340323e-06
70,3.1363800445660672e-15,0.43724519594539535,3.2959746043559335e-16,0.003306534592996402,0.4372451959453954,0.42507514681363007,2.9115326093754927e-06
71,3.652026597800173e-15,0.4380423828780839,3.469446951953614e-18,0.003277679785502252,0.438042382878084,0.425437677927066,3.195813810029694e-06
72,6.291842047367879e-15,0.438304855147134,1.5959455978986625e-16,0.003246646133868547,0.4383048551471339,0.42173279790845997,2.754713063519654e-06
73,7.514388417062534e-15,0.4389928048920283,4.926614671774132e-16,0.003226829938471232,0.4389928048920283,0.42607052679093416,2.708482694231241e-06
74,3.8098864341140626e-15,0.44151815809527817,7.979727989493313e-17,0.003209470227080624,0.44151815809527817,0.4355718585765341,2.8157548927022835e-06
75,1.7303432991999657e-14,0.4376237298288283,5.169475958410885e-16,0.0032612206285516088,0.43762372982882836,0.4296124506272282,2.7877277950191355e-06
76,5.538538377924951e-15,0.43911210525802674,4.5102810375396984e-17,0.003301680962170872,0.43911210525802674,0.43526477201799485,2.829250678916153e-06
77,5.349019838174485e-15,0.44003344121949817,1.3877787807814457e-15,0.0033382447012798577,0.44003344121949817,0.4317815230117358,2.5978547373177053e-06
78,5.796578494976501e-15,0.4410179396426582,2.914335439641036e-16,0.0033894233790223716,0.4410179396426582,0.42899905647328584,2.6716496128473768e-06
79,5.4409601824012555e-15,0.4406748593504392,5.516420653606247e-16,0.0034516522443416298,0.4406748593504392,0.4320954340302521,2.8291421945319127e-06
80,5.809155240177333e-15,0.44457945246785624,1.259409243559162e-15,0.0034914002453223514,0.44457945246785624,0.4412466762778213,2.8249618787442625e-06
81,7.650130529057719e-16,0.44666175142009873,2.498001805406602e-16,0.0035485181509341546,0.44666175142009873,0.4447007605281068,2.940099735834089e-06
82,1.981487890434508e-15,0.4529162637925695,2.7755575615628914e-16,0.0035915551097516207,0.44889298413708434,0.4529162637925695,3.04900517969032e-06
83,8.513155458356181e-16,0.45444046467739635,7.840950111415168e-16,0.003624321805506092,0.44828303172275763,0.45444046467739646,3.1639473444685584e-06
84,2.304146456966194e-15,0.4572560543241199,1.214306433183765e-16,0.003646897176624697,0.4509703155257527,0.4572560543241199,2.915156792244687e-06
85,5.113964807179627e-15,0.4524888525377342,9.367506770274758e-16,0.0036773506641825104,0.45248885253773424,0.45189979250806794,2.7405700850715987e-06
86,5.237238594191229e-16,0.45630434541117565,2.983724378680108e-16,0.0037128860935250474,0.454833465127472,0.4563043454111757,2.8980167852797083e-06
87,5.803517388880408e-15,0.4578665631595437,1.6132928326584306e-15,0.0037434957653104117,0.4536135114896333,0.45786656315954377,2.8528285387100317e-06
88,6.549014802681441e-15,0.46861830570633733,6.869504964868156e-16,0.003746539210982447,0.4587675569765356,0.46861830570633733,2.8577882318093977e-06
89,1.163218826816248e-14,0.47252264426804075,1.3183898417423734e-16,0.00375949038300305,0.4590689091165783,0.47252264426804075,2.9481700194558488e-06
90,1.7687240561059525e-14,0.4768378350030077,7.355227538141662e-16,0.0037760217443678634,0.45952485328970694,0.4768378350030077,2.949488443545664e-06
91,8.700071912892682e-15,0.4822481690043821,5.030698080332741e-16,0.003772424603444735,0.46141427893218956,0.48224816900438205,3.1885359006751473e-06
92,1.2257989762121113e-14,0.48212553117191204,9.818534874028728e-16,0.0037623347478142888,0.46410084219189995,0.48212553117191204,2.8870475203393244e-06
93,1.9055503702736232e-14,0.4801198903340268,7.667477763817487e-16,0.0037659355201322686,0.4673639498690876,0.48011989033402686,2.923231185832224e-06
94,3.4743800718384232e-15,0.4964312353867424,7.875644580934704e-16,0.003773993226290795,0.47274416685386056,0.4964312353867424,3.1961423744106864e-06
95,1.224324461257531e-14,0.500272437483736,1.0373646386341306e-15,0.0037745751661374394,0.4738959633408925,0.500272437483736,3.018955811474142e-06
96,4.481495469860208e-15,0.5102801340570204,4.822531263215524e-16,0.0037440110721216335,0.4816242069711717,0.5102801340570204,3.0431699171830565e-06
97,5.8077457773531016e-15,0.5120017953482581,7.7021722333370235e-16,0.0037031579573802986,0.48228949922339337,0.512001795348258,3.0333476839594047e-06
98,6.9068015196016574e-15,0.5190756279603216,1.8214596497756474e-15,0.0036706696721956478,0.4867338906499989,0.5190756279603216,2.935518646009876e-06
99,2.2195786875123247e-15,0.5218447303181908,1.5265566588595902e-16,0.003612124388846061,0.48976819173325975,0.5218447303181908,3.0810224410110447e-06
100,5.221517662690189e-15,0.5213299124832915,5.204170427930421e-16,0.003562708403732351,0.4898518637593306,0.5213299124832915,2.8689106439414474e-06
101,5.641320743876577e-15,0.522096527664941,2.42861286636753e-16,0.003506884309352587,0.48856825510612867,0.5220965276649409,2.9193608141490434e-06
102,2.9698465908722937e-15,0.5357715585733503,2.3592239273284576e-16,0.003458351287481065,0.4914067994749945,0.5357715585733503,3.050673819516021e-06
103,2.972882356955253e-15,0.5385071889782549,4.85722573273506e-17,0.003386934486002635,0.4927446910370863,0.5385071889782549,3.0263663527169764e-06
104,3.5344990823027445e-15,0.543880935171437,2.0122792321330962e-16,0.003324650686066133,0.49800331989890456,0.5438809351714371,2.865247579309174e-06
105,4.878476095315776e-15,0.5400908073925864,6.869504964868156e-16,0.0032565806882124404,0.495533105564763,0.5400908073925865,2.8120355746711813e-06
106,3.3792413312028202e-15,0.5504522967292409,1.4224732503009818e-16,0.0032047736760652534,0.5021422501692147,0.5504522967292408,2.8351364894958547e-06
107,6.2922757282368735e-15,0.5508403238913175,1.734723475976807e-16,0.0031155805273570536,0.5051292619035869,0.5508403238913174,2.891411630858834e-06
108,3.27006217243353e-15,0.5507387724432082,5.585809592645319e-16,0.0030502380860087386,0.5047241961065433,0.5507387724432083,2.6940703019266315e-06
109,9.011888457699513e-15,0.5525224721574837,2.42861286636753e-16,0.002971994408311196,0.5046461210295751,0.5525224721574837,2.6449067662197924e-06
110,1.6252624246426706e-14,0.5595107350244367,1.4224732503009818e-16,0.0029079823401731986,0.5049827049520916,0.5595107350244368,2.7579143184422706e-06
111,8.493639819251442e-15,0.5659444520377171,2.498001805406602e-16,0.002809108341231714,0.5055962407095097,0.5659444520377173,2.8802242113111794e-06
112,1.4775507206632454e-14,0.5631460720923298,2.0816681711721685e-17,0.002736934489112608,0.5075977647522102,0.5631460720923296,2.5300436679126823e-06
113,1.1031106583736516e-14,0.5561871689178298,7.28583859910259e-17,0.0026626465442076697,0.5050938233049005,0.5561871689178299,2.501407297162379e-06
114,3.761747857655706e-15,0.5663882697244167,3.7470027081099033e-16,0.0026075845354603944,0.5089605475671388,0.5663882697244166,2.5625728300608315e-06
115,3.583071339630095e-15,0.5644748098898188,4.85722573273506e-17,0.002507159877417453,0.5077072844684276,0.5644748098898188,2.5039488112595885e-06
116,3.4383845597119045e-15,0.5609009577034141,1.214306433183765e-16,0.0024426287235926325,0.5034057887954169,0.5609009577034141,2.3267611463302723e-06
117,4.198030811863873e-15,0.5602377311407757,2.914335439641036e-16,0.0023587538256583107,0.4989750309811085,0.5602377311407757,2.2908975768983234e-06
118,3.737461728992031e-15,0.5632013368517981,1.1449174941446927e-16,0.0022949412180487405,0.4993745322660851,0.5632013368517981,2.311678943916855e-06
119,1.0094789587578035e-14,0.5681178281925725,8.673617379884035e-17,0.0022149780010681797,0.5018481482024103,0.5681178281925724,2.5287024112844324e-06
120,3.588980241470141e-15,0.5644793252740283,7.91033905045424e-16,0.0021529355888734725,0.5015673966402764,0.5644793252740283,2.2305119407504307e-06
121,4.603088743504458e-15,0.5583501927296322,8.36136715420821e-16,0.0020842510338907605,0.49770132517490717,0.558350192729632,2.202456042774279e-06
122,3.6731685401636405e-15,0.5641132244158313,1.033895191682177e-15,0.00202898956697084,0.4994326444574194,0.5641132244158313,2.2359954232702415e-06
123,1.9522144317773993e-15,0.5622739009672653,3.8163916471489756e-16,0.0019635716032528894,0.4970429149969249,0.5622739009672653,2.1830686669771634e-06
124,5.494573979830664e-15,0.5617584123687921,6.418476861114186e-16,0.0019472700328393433,0.4951632407016756,0.561758412368792,2.0407120934768757e-06
125,3.170640833216609e-15,0.5618915016558321,5.898059818321144e-17,0.001927393248536191,0.49547073163463046,0.5618915016558322,1.9841271652882745e-06
126,9.98593568946049e-15,0.5626254227134968,3.5388358909926865e-16,0.0019140417262332177,0.4934643654528979,0.5626254227134968,1.954736214024408e-06
127,1.6583956430338276e-15,0.5603877159254493,3.434752482434078e-16,0.001894232289286757,0.4890561795515261,0.5603877159254493,2.1081388837688775e-06
128,1.8457457784393227e-15,0.5549720227185546,2.1163626406917047e-16,0.0018808365284492812,0.4835593236062963,0.5549720227185546,1.9408778846969783e-06
129,6.338679581219253e-15,0.5514841241139692,1.942890293094024e-16,0.001864276035913437,0.4795658626227721,0.5514841241139694,1.9040603120481093e-06
130,6.8833827526759706e-15,0.5523807225273041,8.916478666520788e-16,0.001849721256466208,0.4789252771625707,0.5523807225273041,1.974001281870214e-06
131,3.5110803153770576e-15,0.5497959540721733,3.469446951953614e-17,0.0018318388487688075,0.4748195499270541,0.5497959540721731,1.9553839706660072e-06
132,6.099287741534454e-15,0.5503259578149392,1.1622647289044608e-15,0.0018151211355447172,0.4773874649741098,0.5503259578149392,1.7240353875678071e-06
133,3.146788385421928e-15,0.545693522761781,2.1163626406917047e-16,0.001796364312091736,0.4762855603268042,0.545693522761781,1.735593632907937e-06
134,5.7419347054832315e-15,0.5421705924107159,7.979727989493313e-17,0.0017840743128381131,0.4717324583463535,0.5421705924107159,1.7250870427525403e-06
135,1.6878859421254333e-15,0.5423650285862787,4.163336342344337e-16,0.001764425090737376,0.47101755633894027,0.5423650285862787,1.7455213585906098e-06
136,2.534430998402115e-15,0.5425858795977598,1.5161483180037294e-15,0.0017473533927515605,0.4720673258548158,0.54258587959776,1.65246203051925e-06
137,3.882311139236094e-15,0.5460726828265214,1.457167719820518e-16,0.0017266966296671793,0.47253603100048114,0.5460726828265215,1.624084585536476e-06
138,3.752206878537834e-15,0.5469922780573448,3.0184188481996443e-16,0.0017107809842703547,0.47162007970734576,0.5469922780573448,1.7268624363876906e-06
139,1.887379141862766e-15,0.55050892229604,1.8041124150158794e-16,0.0016871822536447256,0.4708076836672104,0.55050892229604,1.7968144598797065e-06
140,5.082739784612045e-15,0.5509124783331515,1.8041124150158794e-16,0.0016678063654820274,0.47288974508473947,0.5509124783331514,1.5384467903557135e-06
141,5.7141791298676026e-15,0.5453367360633443,3.7470027081099033e-16,0.001648789153858743,0.46977944912338887,0.5453367360633444,1.5809077040380114e-06
142,5.336009412104659e-15,0.5452638888480245,9.055256544598933e-16,0.0016346160500511075,0.4685756844164148,0.5452638888480246,1.651023880623805e-06
143,4.713243684228985e-15,0.5438631451087064,2.671474153004283e-16,0.0016142022823072422,0.4685792616167542,0.5438631451087064,1.5489925413655132e-06
144,8.663209039028175e-15,0.5370764334877882,6.245004513516506e-16,0.0015976303497204913,0.4633774152507305,0.5370764334877882,1.5061223644770035e-06
145,1.9220736113823023e-15,0.5348880334969301,1.1102230246251565e-16,0.0015779206505259213,0.45942231637679903,0.5348880334969303,1.4560588091782518e-06
146,4.548444954011188e-15,0.5302296803711457,4.787836793695988e-16,0.001563622017892008,0.4544580694894548,0.5302296803711457,1.4202341957034404e-06
147,1.6410484082740595e-15,0.5283720965953199,3.469446951953614e-17,0.0015435143392283912,0.44971315079822805,0.5283720965953199,1.5700649566266627e-06
148,2.3314683517128287e-15,0.524037593587057,4.2327252813834093e-16,0.0015274289911769712,0.4462319882891834,0.5240375935870571,1.3545528975335095e-06
149,5.081005061136068e-15,0.5143981539364897,4.0245584642661925e-16,0.0015107292159584618,0.4407898542771508,0.5143981539364897,1.3673619519486563e-06
150,1.420738526825005e-15,0.514636397923682,5.689893001203927e-16,0.0014984520172449112,0.4377904493011861,0.5146363979236819,1.4860987594846376e-06
151,6.822667431016782e-15,0.5104520338675296,1.214306433183765e-16,0.0014808119240459217,0.4346331504157755,0.5104520338675296,1.3844583954830845e-06
152,9.875780748735963e-15,0.5039096801544122,8.430756093247282e-16,0.0014652717635413315,0.42995367586770283,0.5039096801544122,1.3046416331535528e-06
153,5.582340145693365e-15,0.5050746224387956,4.3021142204224816e-16,0.0014496888996320956,0.42889505762669844,0.5050746224387958,1.3152477186492558e-06
154,1.3839623891342967e-14,0.5019830053951295,1.0061396160665481e-16,0.001437484328968286,0.4258397605156264,0.5019830053951296,1.2340713017382988e-06
155,4.054048763357798e-15,0.4983372096570923,2.740863092043355e-16,0.001420356260040334,0.4202345841146536,0.4983372096570923,1.3158013086485232e-06
156,3.7279207498741584e-15,0.49631777241290986,1.0755285551056204e-16,0.001407606125443439,0.41525463361235704,0.49631777241290986,1.237243311374816e-06
157,4.801714581503802e-15,0.4921414245166065,3.400058012914542e-16,0.0013928222892006237,0.4119661519351711,0.4921414245166065,1.1684059936196238e-06
158,1.8231943732516243e-15,0.4876793005868283,1.734723475976807e-17,0.0013819139092710042,0.40822606882226914,0.4876793005868283,1.2790852401553816e-06
159,2.5240226575462543e-15,0.4828490685298424,3.712308238590367e-16,0.001369288101887467,0.40475384383075264,0.4828490685298424,1.3084232203870689e-06
160,2.5153490401663703e-15,0.4768109445370716,3.2612801348363973e-16,0.0013563364540639666,0.40260466776578074,0.47681094453707157,1.1623132107574407e-06
161,2.3765711620882257e-15,0.47251769588418213,2.185751579730777e-16,0.0013435604984485816,0.39867415846728654,0.47251769588418213,1.1623750619796732e-06
162,8.619840952128754e-15,0.466387784109206,9.71445146547012e-17,0.0013345951197320516,0.39344433859131495,0.46638778410920595,1.1229256395901546e-06
163,5.998673779927799e-15,0.4614432234446399,1.7694179454963432e-16,0.001321581296339247,0.3895009098484733,0.46144322344463984,1.1705745935221968e-06
164,9.527101330064625e-15,0.45925975449344436,4.926614671774132e-16,0.0013108117653846674,0.3879242818273543,0.45925975449344436,1.1320147768831173e-06
165,4.043640422501937e-15,0.4559171666296871,2.636779683484747e-16,0.0012983835809617927,0.38688141859851904,0.4559171666296872,1.034104095253134e-06
166,9.754350105417586e-15,0.4465305628916187,0.0,0.0012886968641044327,0.38096702153331385,0.44653056289161863,1.1005502626038251e-06
167,4.371503159461554e-15,0.44295189496323306,2.220446049250313e-16,0.001277552488226752,0.37568311386134673,0.44295189496323306,1.233251692177377e-06
168,3.986394547794703e-15,0.44005798560584386,6.175615574477433e-16,0.0012662118885871099,0.37396050303012496,0.4400579856058439,1.077612236096781e-06
169,3.328934350399493e-15,0.4329847963294344,1.0547118733938987e-15,0.0012551772472064182,0.369545126662065,0.43298479632943443,1.016262745491079e-06
170,4.553649124439119e-15,0.42967786088212023,7.598088824778415e-16,0.0012471391855787273,0.3664439753870229,0.42967786088212023,1.0534733626766661e-06
171,1.9845236565174673e-15,0.4227397336759355,5.030698080332741e-16,0.0012357742205804656,0.3620328320949537,0.4227397336759354,1.0840306680959284e-06
172,3.415670524198333e-15,0.41437619255518204,1.6375789613221059e-15,0.0012257913991546299,0.35698901403210714,0.414376192555182,1.026249810328264e-06
173,4.333339242990064e-15,0.40940982925826686,3.642919299551295e-16,0.0012153636185599503,0.353982674086485,0.4094098292582668,9.660357469855614e-07
174,5.0636578263763e-15,0.3974737949790337,2.6020852139652106e-16,0.0012072382592402953,0.3466985384659898,0.3974737949790337,1.0056000108563401e-06
175,5.641320743876577e-15,0.3911340024727642,4.3368086899420177e-16,0.0011955661524466477,0.34070268851515556,0.39113400247276414,1.1522973174862014e-06
176,5.393255286811893e-15,0.386773725514644,1.97758476261356e-16,0.0011845673785235156,0.33955914087838085,0.38677372551464406,1.0420286924678439e-06
177,4.4651782271643015e-15,0.378902330719324,5.898059818321144e-17,0.0011723575262022057,0.3370024744349292,0.3789023307193239,9.30787631007468e-07
178,4.485994908876023e-15,0.37380550733919726,2.706168622523819e-16,0.0011647286394146916,0.3343826843748394,0.37380550733919726,1.0147264874879963e-06
179,3.832004158432767e-15,0.36420252666340847,1.8735013540549517e-16,0.0011559931531375245,0.33017662470838305,0.36420252666340847,1.1202474136629033e-06
180,4.088743232877334e-15,0.35616066613364405,2.220446049250313e-16,0.001147153832914638,0.3276199856359226,0.3561606661336441,1.0163044168829474e-06
181,1.0408340855860843e-15,0.35055739375605643,5.030698080332741e-16,0.0011371405512357047,0.3270400067513903,0.3505573937560565,9.469809786685913e-07
182,5.297845495633169e-15,0.3401342322505384,4.787836793695988e-16,0.001133408878731923,0.3217054097707455,0.3401342322505384,1.0235673615020435e-06
183,3.2057689836051395e-15,0.3320884309020573,6.071532165918825e-16,0.0011239440171069148,0.31503570013753485,0.3320884309020574,1.1246578517829455e-06
184,5.610095721308994e-15,0.32826708872153954,2.7755575615628914e-17,0.0011268688380657865,0.31363524267461135,0.32826708872153954,1.046016795866341e-06
185,3.809452753245068e-15,0.3218865844177412,1.5959455978986625e-16,0.001131169422518341,0.3121846520303398,0.3218865844177412,9.252393303592581e-07
186,8.982398158607907e-15,0.3143312269244235,1.4363510381087963e-15,0.0011417220272562645,0.3082306622329417,0.31433122692442345,9.944274627417138e-07
187,5.381112222480056e-15,0.3065564372335031,5.412337245047638e-16,0.001147519125437535,0.30221641267408894,0.3065564372335031,1.15720291540592e-06
188,4.340278136893971e-15,0.30338720500095007,8.465450562766819e-16,0.001137442836619873,0.29960726777388746,0.3033872050009501,1.1214830401857876e-06
189,3.3133218391157016e-15,0.2979243898805383,8.36136715420821e-16,0.0011707322002041387,0.29792438988053827,0.29739775480846964,9.89939147797396e-07
190,8.115036420619504e-15,0.29205393117258704,7.494005416219807e-16,0.0011763267070439287,0.29205393117258704,0.2900323484865048,1.064993889043334e-06
191,2.2620794126737565e-15,0.2852809048194413,1.3149203947904198e-15,0.0011618832480334573,0.28528090481944124,0.2844290809663597,1.1741557332746362e-06
192,3.9256792261355145e-15,0.2845128637839184,6.730727086790012e-16,0.0011521270712608889,0.28418407151465275,0.2845128637839184,1.0900683388026434e-06
193,6.505213034913027e-16,0.2829246161713832,4.5102810375396984e-17,0.0011914968028181594,0.2829246161713832,0.28023368486477307,1.002765069978543e-06
194,5.204170427930421e-15,0.2747089548066741,1.2455314557513475e-15,0.0012107861071097847,0.2747089548066741,0.2707713291106265,1.0296029675691957e-06
195,1.9741153156616065e-15,0.26574104571690677,6.279698983036042e-16,0.001193221957670798,0.2657410457169067,0.2646981220091328,1.160189460202675e-06
196,1.6306400674181987e-15,0.2671471477721983,2.498001805406602e-16,0.0011796334536593456,0.26301455296768916,0.2671471477721983,1.1470263469823707e-06
197,8.708311849403572e-16,0.2638835688134547,8.673617379884035e-17,0.0012228335479824715,0.26106916346965214,0.2638835688134547,9.69174692092649e-07
198,2.5830032557294658e-15,0.2600328997359082,7.355227538141662e-16,0.0012400154388463314,0.2561112559423662,0.26003289973590826,9.768069524034563e-07
199,8.638922910364499e-16,0.2573729454047226,1.6826817716975029e-15,0.0012495191393312455,0.2483549329241984,0.2573729454047226,1.107646425121608e-06
200,9.905271047827569e-16,0.262556385789012,4.996003610813204e-16,0.0012376222751333543,0.24551542056660272,0.262556385789012,1.0840727190349795e-06
201,2.8449465006019636e-16,0.25947359542571025,5.793976409762536e-16,0.0012405879835279965,0.24271298089757526,0.25947359542571025,1.005061403540236e-06
202,1.5255158247740042e-14,0.25391028260094556,1.2413681194090032e-14,0.0012630014108350185,0.23459662277246068,0.2539102826009455,1.0159828599964865e-06
203,1.6382728507124966e-14,0.25776037940772156,1.2281842209915794e-14,0.0012387262414889078,0.22940097443937915,0.25776037940772156,1.2171669216380432e-06
204,1.7768772564430435e-14,0.2664976321394537,1.2840423169180326e-14,0.001242045818998977,0.2291163098819196,0.2664976321394537,1.271136854038456e-06
205,8.239936510889834e-15,0.2670056669364456,5.5615234639816435e-15,0.001356834386768077,0.229304727202759,0.2670056669364456,1.117991911888717e-06
206,2.225303274983048e-14,0.2646133556710878,1.5432100042289676e-14,0.0013596685244828526,0.22768674325916122,0.26461335567108774,1.0883956895499609e-06
207,1.9220736113823023e-14,0.25995490064264115,1.3634926521177704e-14,0.0013234730699698966,0.22142271561628052,0.25995490064264115,1.2393743782186657e-06
208,1.5156279009609364e-14,0.2670886020058053,1.0873246747422627e-14,0.0012832711095737519,0.22280916822940006,0.2670886020058053,1.2156150492322837e-06
209,1.6410484082740595e-15,0.2637301038683861,1.457167719820518e-15,0.0012308641437274621,0.22205806466989902,0.26373010386838613,1.0888171222774847e-06
210,1.1749282102790914e-14,0.25842210260322845,7.625844400394044e-15,0.0011345722849832943,0.21913225631319358,0.2584221026032285,1.0279962339887885e-06
211,1.932481952238163e-15,0.2585649349666336,2.9455604622086184e-15,0.0010490751057321557,0.21672877284773653,0.2585649349666336,1.116876445877711e-06
212,1.7763568394002505e-15,0.2584299718234394,1.6202317265623378e-15,0.0010473696327700233,0.21441857931546648,0.2584299718234393,1.122087921542922e-06
213,4.017619570362285e-15,0.2613651067675523,2.2239154962022667e-15,0.0010470126632364796,0.21544245518531732,0.2613651067675523,9.724894622500347e-07
214,7.66053886991358e-15,0.25857601700658256,5.7245874707234634e-15,0.0010571034206856254,0.21451146501035134,0.25857601700658256,9.044689372883986e-07
215,2.6071159120455434e-14,0.2549494594213527,1.7409684804903236e-14,0.0010788878725970577,0.20871083519971936,0.2549494594213527,1.1196550258049857e-06
216,4.909267437014364e-15,0.27054353661645464,3.535366444040733e-15,0.0010841176008768681,0.21128820800755402,0.27054353661645464,1.2270229399060298e-06
217,2.0913826226376386e-14,0.27541657677024767,1.472433286409114e-14,0.0012566661692509744,0.21303141004860543,0.2754165767702476,1.0945029462093674e-06
218,1.465320920157609e-14,0.27939488823564773,1.0255685189974884e-14,0.0012728447136604107,0.2130735250748447,0.27939488823564773,1.0524076212005176e-06
219,2.133015986061082e-14,0.2867989507757472,1.421779360910591e-14,0.0012725256312000575,0.21354113665381358,0.28679895077574724,1.1578586055598302e-06
220,4.369768435985577e-15,0.3033391994036503,3.0531133177191805e-15,0.0013248140212561467,0.2154367602087294,0.3033391994036503,1.2082965404476788e-06
221,3.2578106878844437e-15,0.31587195062260837,2.2551405187698492e-15,0.0012906190036573797,0.21831681492898986,0.31587195062260837,1.1005592165816228e-06
222,4.622495962391948e-16,0.3126327396746408,3.5041414214731503e-16,0.0012331735897051724,0.21672112501813162,0.3126327396746408,9.874098931162725e-07
223,4.743384504624082e-16,0.3073172199463235,1.3530843112619095e-16,0.0011311875614420114,0.21254475428346178,0.30731721994632355,1.1221540706871168e-06
224,5.967448757360216e-16,0.3147103794178036,4.0592529337857286e-16,0.001048998599269324,0.20968494943105262,0.31471037941780367,1.1813388467132792e-06
225,1.7295193055488767e-15,0.3145925779272163,2.4667767828390197e-15,0.0010518082431701936,0.20759495136988262,0.3145925779272163,1.0131097873321031e-06
226,3.148523108897905e-15,0.31142505607236126,1.6861512186494565e-15,0.0010552352473988669,0.20645145490746789,0.3114250560723612,9.050197383377802e-07
227,5.9310195643647035e-15,0.3073306102725727,3.910066714851723e-15,0.0010580260303512112,0.20356977549975397,0.3073306102725727,9.747501862389077e-07
228,8.928621730852626e-15,0.3044097362142426,7.424616477180734e-15,0.0010607157465594153,0.1994454326847235,0.3044097362142426,1.085081856516377e-06
229,7.684824998577255e-16,0.30562995682861305,1.5612511283791264e-16,0.0010637808438927476,0.1975176647823586,0.30562995682861305,9.980527924877924e-07
230,7.140121827120538e-15,0.3057389235959916,4.850286838831153e-15,0.0010659218974142792,0.19664547003514798,0.30573892359599164,8.191222832369108e-07
231,9.978129433818594e-15,0.3061295981159056,5.710709682915649e-15,0.0010682206535221894,0.19659160976460366,0.30612959811590557,9.376500557461327e-07
232,4.845082668403222e-15,0.3080699904198003,3.406996906818449e-15,0.001071257087092492,0.19669294082689198,0.3080699904198004,1.1550492520717976e-06
233,3.217912047936977e-15,0.32356947758355875,1.9012569296705806e-15,0.001077184068645598,0.19925657132232635,0.32356947758355875,1.0199445464282833e-06
234,2.985025421287091e-15,0.3247269895197502,1.6445178552260131e-15,0.0010815868377824778,0.19949238856084373,0.3247269895197502,8.872038909576557e-07
235,4.330574527450226e-15,0.31106368784005134,7.7021722333370235e-16,0.001083242638025228,0.1950370774074026,0.31106368784005134,9.582931542852997e-07
236,7.9899737000233e-15,0.31547852578322133,1.5230872119076366e-15,0.0010834496398555715,0.19351662664595082,0.31547852578322133,1.1182852554725118e-06
237,5.478907258438248e-15,0.3185256415162595,3.885780586188048e-16,0.0010866524067774663,0.19335727553225757,0.3185256415162595,1.0435247485753463e-06
238,4.713460524663482e-15,0.3210772035277212,5.93275428784068e-16,0.0010889555501125137,0.19317699393302218,0.3210772035277212,8.040492427682315e-07
239,9.483733243165204e-15,0.31850908896283575,9.43689570931383e-16,0.0010898334842345259,0.19158318755628,0.3185090889628358,8.197869155963419e-07
240,7.608822426286022e-15,0.3002513006263045,1.2038980923279041e-15,0.0010892598756288008,0.18208243643880812,0.3002513006263045,1.0911884970848455e-06
241,1.3517290585463027e-15,0.3058003642998026,1.3877787807814457e-17,0.0010816814062729052,0.18072170472023394,0.3058003642998026,9.966128337822417e-07
242,3.994146593327974e-15,0.30517330617030547,9.922618282587337e-16,0.0010781119458900257,0.18095130788569128,0.30517330617030547,8.04913100187295e-07
243,5.909118680480496e-15,0.2985770766957336,6.696032617270475e-16,0.0010772605599011498,0.1794589083119815,0.2985770766957336,8.462699195824242e-07
244,3.3200438925851117e-15,0.3018229865488033,6.591949208711867e-17,0.0010753639928798853,0.18000253387975357,0.30182298654880335,1.0635161228985271e-06
245,4.722676243129609e-15,0.30310543935028267,6.279698983036042e-16,0.001071983047283398,0.18059441277433655,0.30310543935028267,1.0399500868583124e-06
246,4.1131919918668824e-15,0.30613112836063605,1.5230872119076366e-15,0.0010696908532134008,0.18146519288539714,0.30613112836063605,8.256728074227981e-07
247,7.738601426332536e-15,0.30746388269289454,1.9741153156616065e-15,0.0010681747277473397,0.18216285449518593,0.3074638826928945,7.936745702951997e-07
248,1.423123771604473e-14,0.3047668690475207,5.415806691999592e-15,0.0010678203799134867,0.18227649352884998,0.3047668690475207,1.1385768598885787e-06
249,3.2807957739411364e-15,0.31478966913088435,1.3287981825982342e-15,0.0010662915499268788,0.18463976432123186,0.3147896691308843,1.1507156743820453e-06
250,9.669782335963717e-15,0.31919326488946986,5.2388648974499574e-15,0.0010707154393078677,0.18783833570629255,0.31919326488946986,8.772180627067044e-07
251,4.508166843303352e-15,0.3141301689830636,6.245004513516506e-17,0.0010793083185674512,0.18802882879979674,0.3141301689830636,9.175939558477429e-07
252,8.718720190259432e-15,0.3165766129988602,3.6290415117434804e-15,0.0010829724516663308,0.18952788816603644,0.3165766129988602,1.1446299732652352e-06
253,6.2867462971571975e-15,0.32470928736576377,2.220446049250313e-16,0.0010916821262778598,0.1913414290258981,0.3247092873657637,1.1331425084088948e-06
254,4.926614671774132e-16,0.32891508212208453,4.440892098500626e-16,0.001100278785326203,0.19245299248807635,0.32891508212208453,9.267935060801139e-07
255,4.4102362820735985e-15,0.32788009382575584,5.169475958410885e-16,0.0011048255727145184,0.19349331962621213,0.3278800938257559,8.391038588893656e-07
256,7.324951192475004e-15,0.3202126694247852,2.1510571102112408e-16,0.0011082184440328047,0.19379456509752715,0.3202126694247852,1.0238329549809113e-06
257,2.3418766925686896e-15,0.316069534181103,2.636779683484747e-16,0.0011155486239834422,0.19216395633307526,0.31606953418110295,1.1623157575859939e-06
258,3.907030948768764e-15,0.31972142051363517,9.367506770274758e-17,0.0011204244602746605,0.19546080950343575,0.31972142051363517,9.34618450912578e-07
259,4.902003282458711e-15,0.31691820497723133,3.2612801348363973e-16,0.001127445762983792,0.19697910482155012,0.31691820497723133,9.040069239250395e-07
260,6.9221700853966395e-15,0.3151183375475839,5.689893001203927e-16,0.0011311320119979928,0.1996006514073961,0.3151183375475839,1.064495417880184e-06
261,3.7627778497195674e-15,0.31498521465697626,6.938893903907228e-18,0.0011399783995802992,0.20091132729543051,0.31498521465697626,1.0886683219813474e-06
262,4.1313252732017025e-15,0.320139579441333,2.393918396847994e-16,0.001146957411438998,0.2023438815968991,0.320139579441333,9.397579497670474e-07
263,7.60589508042031e-15,0.32009351940254493,2.740863092043355e-16,0.0011546067667009274,0.20250157530870466,0.32009351940254493,9.105040235591441e-07
264,1.0696738633741987e-14,0.3074918542571971,2.2898349882893854e-16,0.0011541346345169679,0.19737002055346287,0.3074918542571971,8.871214873396289e-07
265,7.886052921790565e-15,0.3158013507121249,3.122502256758253e-17,0.0011465190757362076,0.20077544556632554,0.3158013507121249,8.952293278542102e-07
266,1.3837997588084239e-14,0.3154303514276991,4.1321113197767545e-15,0.0011524039400817032,0.1942448587862863,0.3154303514276991,9.924453127174361e-07
267,1.5718817306803468e-14,0.31243162105759065,1.0477729794899915e-15,0.0011468886054764038,0.19334485441893048,0.3124316210575907,1.0203638471908285e-06
268,1.982908195280464e-14,0.3145596636784081,7.681355551625302e-15,0.001145135869055458,0.195147189121405,0.31455966367840804,9.64041814085355e-07
269,4.823623596904303e-14,0.3258170918916913,1.3850032232198828e-14,0.001148415918975354,0.1972863496491118,0.3258170918916913,9.93353866994415e-07
270,5.926869780549515e-14,0.32633807972711915,1.493596912816031e-14,0.0011489667562961103,0.19744792942683867,0.32633807972711915,9.920856430246596e-07
271,6.061774346366455e-15,0.33213263601441373,1.0755285551056204e-15,0.0011489468352686716,0.20023719150035385,0.33213263601441373,7.588779481349127e-07
272,8.85335099502782e-15,0.3273794571677231,1.7763568394002505e-15,0.0011601955380538542,0.19861567261565327,0.32737945716772315,8.807286518743314e-07
273,2.8796409701215e-16,0.33427862380034634,1.0373646386341306e-15,0.0011571016036410198,0.1974647923749101,0.33427862380034634,7.31477289231369e-07
274,2.914335439641036e-16,0.3436686705321373,1.97758476261356e-16,0.0011470303135087123,0.1948797626052846,0.34366867053213734,8.052068696253905e-07
275,4.180683577104105e-16,0.3363148615461047,2.112893193739751e-15,0.00114224113003486,0.19931327293557335,0.33631486154610474,8.252464974188216e-07
276,1.2302984152279262e-16,0.3327219775676642,1.5612511283791264e-16,0.0011503540137699497,0.1966862582079007,0.3327219775676642,6.307235867863138e-07
277,2.32615576106765e-16,0.32995492659458503,2.0816681711721685e-17,0.0011525185601372612,0.19436433665693573,0.32995492659458503,5.474161698654015e-07
278,2.088444434750203e-15,0.320896371581044,3.885780586188048e-15,0.001154008647356486,0.1721492588793375,0.3208963715810441,1.1497411885325568e-06
279,3.1346453210900904e-15,0.3117693173455969,2.4251434194155763e-15,0.0011372795215273679,0.163370576044262,0.3117693173455969,1.1643314385853253e-06
280,1.8283985436795547e-15,0.3121163478305622,5.585809592645319e-16,0.0011316788434845848,0.15905221042426018,0.3121163478305622,1.0417027382241235e-06
281,2.79810896675059e-15,0.2941018159210944,7.251144129583054e-16,0.0011254457093441972,0.15321341036238934,0.2941018159210944,9.762135241737775e-07
282,1.4927295510780425e-15,0.2766314879691943,4.638650574761982e-15,0.0011165374874989031,0.13983961687385804,0.2766314879691943,9.975369247576901e-07
283,5.046310591616532e-15,0.2870506739101566,3.0635216585750413e-15,0.0010998819001262206,0.1402465379920026,0.2870506739101566,1.0072633068710662e-06
284,8.743006318923108e-16,0.3033685463347039,6.522560269672795e-16,0.0010813759954590996,0.1469309202452292,0.3033685463347039,9.79402687714794e-07
285,8.93729534823251e-15,0.30604127766290856,5.162537064506978e-15,0.0010753027272558668,0.14561389888462983,0.30604127766290856,9.813751464722519e-07
286,7.658804146437603e-15,0.30423487489736867,4.7982451345518484e-15,0.0010732805739539497,0.1460728365309773,0.3042348748973688,1.0757263362395076e-06
287,9.575673587391975e-16,0.30638398673952766,4.371503159461554e-16,0.0010675108583886872,0.1425022856771476,0.30638398673952766,9.378728930346194e-07
288,4.388850394221322e-16,0.3047640519077124,6.730727086790012e-16,0.0010638533806057726,0.139490454201189,0.3047640519077123,8.488094316816393e-07
289,2.255140518769849e-16,0.29745623885019457,1.942890293094024e-16,0.0010614818635110157,0.13822758318089529,0.29745623885019457,8.532543750186263e-07
290,9.325493936090945e-16,0.3161107547008195,1.0234868508263162e-15,0.001057485724926921,0.13953129865186797,0.3161107547008195,7.947588874195612e-07
291,3.3312111749617124e-16,0.31521267388247926,1.6237011735142914e-15,0.0010446736072409202,0.139890182245018,0.3152126738824792,7.277645438778176e-07
292,3.6917083973131426e-16,0.30714196337523386,8.98586760555986e-16,0.0010391237163626665,0.13825291643165008,0.3071419633752339,7.065136402209182e-07
293,3.894454203567932e-16,0.30226334037860136,1.457167719820518e-16,0.0010398028266340176,0.1377912018142525,0.3022633403786013,6.849658807810311e-07
294,7.419195466318307e-16,0.2977532159756958,3.5388358909926865e-16,0.0010439971025749117,0.13903700498949526,0.29775321597569576,6.307351637348857e-07
295,8.748698380328657e-16,0.2723386027068744,2.0886070650760757e-15,0.0010468370768784707,0.138520118209047,0.2723386027068744,5.449764028330549e-07
296,2.284630817861455e-15,0.28138059577528507,8.604228440844963e-16,0.0010474626747481453,0.1473612765105598,0.281380595775285,7.256700141536741e-07
297,8.291978215169138e-16,0.2794944075945556,7.504413757075667e-15,0.0010182404269187262,0.14527188799029328,0.2794944075945556,7.116292378527151e-07
298,4.0245584642661925e-16,0.28783221513109214,1.9914625504213745e-15,0.0010153779532829366,0.14635009634675397,0.28783221513109214,6.690574804677895e-07
299,1.6002824065886045e-16,0.30533756864703115,1.0269562977782698e-15,0.0010092847113368775,0.15516682394622874,0.30533756864703115,6.169198569179234e-07
300,7.528699885739343e-16,0.27117265866322166,3.1676050671336498e-15,0.001002396893013291,0.14744006207198573,0.2711726586632217,6.657320886250603e-07
301,6.10405823109339e-17,0.2707128137936743,2.636779683484747e-16,0.0010008311076775689,0.14841230431447655,0.2707128137936743,6.347206703656423e-07
302,6.165586704381942e-16,0.26619062966320384,2.636779683484747e-16,0.0010000799233222946,0.14657732432793996,0.26619062966320384,5.6922254039656e-07
303,1.705965013351629e-15,0.2619633736493339,8.881784197001252e-16,0.00099713405875268,0.14493897512637077,0.2619633736493339,5.208697640009388e-07
304,2.0930550044886975e-14,0.27283948739617747,1.2705114738054135e-14,0.0009939459227675806,0.14746691163845516,0.2728394873961774,6.291993896902833e-07
305,1.7806665430358803e-15,0.28203173056932107,1.0720591081536668e-15,0.0009816636488928498,0.14870235438115267,0.2820317305693211,5.740421491111816e-07
306,2.6947275790986658e-14,0.26609643264751676,1.2396333959330263e-14,0.0009764070814131109,0.14020128825634795,0.2660964326475168,5.602239741838167e-07
307,5.348374737881856e-14,0.27087838982583856,2.4868995751603507e-14,0.0009637854022270798,0.12630518372603425,0.27087838982583856,5.974440582876381e-07
308,3.925153388081859e-14,0.2689876089841145,2.029279522197669e-14,0.0009476028211968801,0.12480931930793494,0.2689876089841145,5.736570827521597e-07
309,1.5877002403769103e-14,0.2626864278370738,9.256484467812243e-15,0.0009403546193659795,0.1249217607361666,0.2626864278370738,5.900881040441857e-07
310,8.382888567332047e-15,0.27708241608526774,9.679756995950584e-16,0.0009292259375762724,0.12853146676039828,0.27708241608526774,6.462967324537291e-07
311,1.2055352376083572e-14,0.2583369103874063,1.9914625504213745e-15,0.0009193017724943853,0.12351481172798144,0.2583369103874063,5.910143121965965e-07
312,2.734937927170722e-14,0.2592586967658911,1.6063539387545234e-15,0.0009053273670991957,0.1228235252528982,0.25925869676589103,5.849046931900002e-07
313,9.32657813826343e-16,0.2589100619158764,3.157196726277789e-16,0.0008954943866330556,0.12233368846150681,0.25891006191587645,6.084650882338484e-07
314,1.4650715536579373e-14,0.23617636433488612,1.1032841307212493e-15,0.0008858648584219031,0.11625457333285605,0.23617636433488612,5.698423350600879e-07
315,3.635004623692151e-15,0.22796437976351314,1.1587952819525071e-15,0.0008695922890165075,0.11268270314261436,0.2279643797635131,5.661906243802725e-07
316,5.576593874179192e-16,0.22894732960329942,3.365363543395006e-16,0.0008543135526963841,0.11169553980379596,0.22894732960329942,6.071428604715993e-07
317,7.64823317525587e-16,0.2330651280056975,2.740863092043355e-16,0.0008388837567280261,0.11360072048151142,0.23306512800569748,5.942479104526336e-07
318,4.1210524576174024e-16,0.261294142578809,1.457167719820518e-16,0.0008241524669342359,0.12125017442059009,0.261294142578809,6.736034798464483e-07
319,9.2615260079143e-16,0.29109632832214793,4.3368086899420177e-16,0.0008090632055032243,0.12940005968157153,0.2910963283221479,7.103606741742798e-07
320,9.240655116093954e-16,0.3042658695558928,6.938893903907228e-17,0.0007976896308107273,0.1343836411170144,0.30426586955589274,5.708918828510309e-07
321,2.9140101789892903e-15,0.31760789138777473,2.8449465006019636e-16,0.0007864882409923668,0.14113549888441546,0.3176078913877748,7.214406563829718e-07
322,1.524930355600862e-16,0.3251572837005257,2.255140518769849e-16,0.0007747862271730854,0.14499614760826002,0.3251572837005257,7.647861796766097e-07
323,1.122149248522497e-15,0.32991983879344744,4.579669976578771e-16,0.0007705209857971074,0.14835672813020676,0.32991983879344744,7.003087844822586e-07
324,5.331022082111225e-16,0.33316761559652947,8.291978215169138e-16,0.0007608858668705087,0.15070158982635606,0.33316761559652947,6.957745934030205e-07
325,4.978656376053436e-16,0.33376278285814975,2.914335439641036e-16,0.000753863499329821,0.15168851935304922,0.33376278285814975,6.785058339470483e-07
326,1.226530812678539e-15,0.33237085615547224,2.1371793224034263e-15,0.0007480292846004932,0.15294862419975258,0.33237085615547224,6.693393687609273e-07
327,1.2635292118146069e-15,0.3239172242186414,1.3530843112619095e-16,0.0007390461437938312,0.15122851450086439,0.3239172242186414,7.093993343008338e-07
328,1.1798830142073502e-15,0.31947643699271244,2.1510571102112408e-16,0.0007298889685923848,0.15004236640523466,0.31947643699271244,6.681030345482801e-07
329,2.077656623133972e-15,0.3149149171706928,2.255140518769849e-16,0.0007257202283290631,0.14923818724069537,0.31491491717069287,6.421360727379438e-07
330,4.817272882678969e-15,0.3198522491210908,2.1371793224034263e-15,0.0007211931000489225,0.1490706249370461,0.3198522491210908,7.595856762754404e-07
331,2.333094654971557e-15,0.3204337088227974,2.1510571102112408e-16,0.0007086537446637786,0.14858227594788925,0.3204337088227974,7.179867691971471e-07
332,1.4193290640007739e-15,0.31843513085419517,5.030698080332741e-16,0.0006989027401085313,0.14728290612185502,0.3184351308541952,6.911032662571398e-07
333,2.1105621590689072e-15,0.3245833721087181,1.2004286453759505e-15,0.0006984742997978577,0.14898134664272297,0.3245833721087181,6.847091070734101e-07
334,3.9511037670802995e-15,0.3290717484532715,2.3245294578089215e-16,0.0007026761503737822,0.15010667853389087,0.32907174845327153,6.489688662116678e-07
335,3.2349340220449996e-15,0.32217356357103877,1.2351231148954867e-15,0.0007068200142005265,0.14811713128019982,0.32217356357103877,7.598331832187705e-07
336,3.0808688933348094e-15,0.32996336922726666,1.547373340571312e-15,0.0006962484326222818,0.14987252569660087,0.3299633692272666,6.294772865015679e-07
337,1.8274227617243177e-15,0.3305192473716127,1.4988010832439613e-15,0.0006916669577265999,0.15002637857817433,0.3305192473716127,5.854311272465087e-07
338,6.16911036144252e-16,0.3175321670636577,1.2004286453759505e-15,0.0006881204153021958,0.1458723422035788,0.3175321670636577,7.267262219003428e-07
339,6.239583502654078e-16,0.31158984187170213,5.412337245047638e-16,0.0006743301804507107,0.14334978045920777,0.31158984187170213,6.625964750909865e-07
340,8.109832250191573e-16,0.30413557427042603,1.797173521111972e-15,0.0006651446628731517,0.14132311871716075,0.30413557427042603,5.901524662027107e-07
341,9.550736937424809e-16,0.2899618888371039,5.793976409762536e-16,0.0006649097674806814,0.13831150934090938,0.28996188883710394,6.217507469711618e-07
342,1.2396767640199258e-15,0.26972989805359876,1.304512053934559e-15,0.0006663672418035782,0.1331587018030025,0.26972989805359876,6.545299399451283e-07
343,8.357030345518268e-16,0.25288743280973947,3.0878077872387166e-16,0.0006597114125743708,0.12844920437798066,0.25288743280973947,6.500336277718784e-07
344,2.0532620742530483e-15,0.23960853536940332,6.175615574477433e-16,0.0006538613489529554,0.12366135875347645,0.23960853536940332,5.885787524461054e-07
345,3.308266746486488e-15,0.23488946121532348,3.400058012914542e-16,0.000647412152176785,0.1225061226906069,0.2348894612153235,4.948812773335227e-07
346,3.628174150005492e-15,0.2330596537715151,9.818534874028728e-16,0.0006417777906508881,0.12170937102099277,0.2330596537715151,5.531607783469361e-07
347,1.5167988393072207e-15,0.23670566192640302,1.304512053934559e-15,0.000629480049252229,0.12063175896500461,0.23670566192640302,6.131279040057016e-07
348,3.7884192310988496e-15,0.24068068687946648,1.56472057533108e-15,0.0006157619249087531,0.12017965579256143,0.2406806868794665,4.6137279195795686e-07
349,7.174816296640074e-15,0.24199338280272023,4.215378046623641e-15,0.0006103212247239309,0.11953407133168946,0.24199338280272023,5.029156081134031e-07
350,1.5804415068321198e-15,0.2439002592945454,3.226585665316861e-16,0.0006023779578466781,0.11877952808645906,0.2439002592945454,5.903303791884214e-07
351,1.4328815911568427e-15,0.2429290410948461,8.430756093247282e-16,0.0005936720247571303,0.117215117494027,0.24292904109484606,5.656283005473114e-07
352,2.090233368334804e-15,0.24683882102391458,6.626643678231403e-16,0.0005860716165778657,0.1159596947825138,0.24683882102391458,5.482717257576623e-07
353,8.760353553682876e-16,0.24444672981116364,3.434752482434078e-16,0.0005831405363765363,0.11490201698435387,0.24444672981116364,5.157791132570244e-07
354,8.720780174387155e-16,0.22750467145997316,1.6445178552260131e-15,0.0005873524038595423,0.10953930190186233,0.22750467145997316,5.501496148625901e-07
355,1.2192937631771983e-15,0.22409645519928678,4.961309141293668e-16,0.000569891115781207,0.10757081503636973,0.22409645519928678,5.841269988950178e-07
356,1.2654807757250808e-15,0.22145148743928667,4.40619762898109e-16,0.0005634042403109829,0.10681511693434059,0.2214514874392867,5.392751886865057e-07
357,1.6292848147025918e-15,0.20894000835822477,2.3245294578089215e-16,0.0005597408953341709,0.10426877203595633,0.20894000835822477,4.916946489213811e-07
358,2.5097111888694457e-15,0.20164429494663916,9.228728892196614e-16,0.0005503882221261636,0.10228135366033586,0.20164429494663916,6.053753517228542e-07
359,2.5297960341147396e-15,0.19255115340452245,1.7694179454963432e-16,0.0005482022165070877,0.1008106413736609,0.19255115340452242,5.577836277576718e-07
360,2.437665954507784e-15,0.18226585236139503,7.979727989493313e-16,0.0005552557444542527,0.0991160206788585,0.182265852361395,4.836037569102922e-07
361,3.2725558374302466e-15,0.17292246502726163,6.245004513516506e-16,0.000552930065490953,0.09779074167041515,0.1729224650272616,5.375065978198341e-07
362,1.6307484876354472e-15,0.16529021733540836,1.5612511283791264e-16,0.000546597413666694,0.09633090212405447,0.16529021733540836,4.7316569862844567e-07
363,7.075178116988656e-15,0.16843262146490853,1.762479051592436e-15,0.0005493283837386675,0.09674308626560961,0.16843262146490856,5.26710954441314e-07
364,1.73488610630268e-15,0.16723100468154423,5.655198531684391e-16,0.0005255380965961676,0.09647002468618021,0.16723100468154423,5.228793916962863e-07
365,3.5161760655877394e-15,0.1676707284963119,1.8388068845354155e-15,0.0005256862694880127,0.09653769130289436,0.16767072849631187,4.5504058108754495e-07
366,3.316791286067655e-15,0.17278121522432965,2.84147705365001e-15,0.0005232195316635657,0.09749538627352025,0.17278121522432968,5.114717688913811e-07
367,6.7307270867900115e-15,0.17604799389623627,5.953570969552402e-15,0.0005181373227977071,0.09767346997759956,0.17604799389623627,5.611466962692505e-07
368,3.1884217488453714e-15,0.18314795532397332,4.010680676458378e-15,0.000515121774184002,0.09886021966692463,0.18314795532397332,4.969152494200249e-07
369,3.642919299551295e-15,0.18722425184163755,3.2855662635000726e-15,0.0005115025594746303,0.09969680703920991,0.18722425184163755,5.084369873744448e-07
370,3.1155633628543455e-15,0.1922669311173597,2.921274333544943e-15,0.0005079743843038331,0.10047634363909767,0.1922669311173597,5.536880242744223e-07
371,3.750472155061857e-15,0.19575477242412645,4.0592529337857286e-15,0.0005028020225390506,0.1007748854990579,0.19575477242412648,5.47900926018894e-07
372,2.0018708912772354e-15,0.1965170536507752,2.661065812148422e-15,0.0005039723211710534,0.1002583728385636,0.1965170536507752,6.328862669697987e-07
373,1.6167622796103842e-15,0.20062484055885924,1.0061396160665481e-15,0.0005153067059129324,0.10160075783956113,0.20062484055885918,5.603191585528367e-07
374,9.47023492611776e-16,0.20421726129289347,7.251144129583054e-16,0.0005220099525202748,0.1033391038813297,0.20421726129289347,5.55967459305286e-07
375,1.8706824284064894e-15,0.20563111735456313,1.8735013540549517e-16,0.0005259824498303756,0.10571967035920657,0.20563111735456313,6.936831233534886e-07
376,3.0441957548504872e-15,0.21582754586267117,6.730727086790012e-16,0.0005081849809924766,0.11119029077003958,0.21582754586267117,5.518962763691941e-07
377,3.2369397960640978e-15,0.2148346994049088,2.3245294578089215e-16,0.0004951010213426477,0.11285877459545503,0.21483469940490885,5.627702350713157e-07
378,8.831368795980676e-16,0.21306411388725366,4.475586568020162e-16,0.0004922048860459549,0.11490405888950922,0.21306411388725366,6.792950115689106e-07
379,2.6895532242304787e-15,0.21457431507724292,2.0816681711721685e-16,0.0004847761731185951,0.11832741671624433,0.21457431507724292,6.168535202785632e-07
380,2.8911606182041583e-15,0.21072838835385244,2.7755575615628914e-16,0.0004838705621226236,0.12032618979568066,0.21072838835385238,6.327170912538925e-07
381,2.3418766925686896e-16,0.21176818062439853,4.0245584642661925e-16,0.0004660715490021339,0.12257678940077446,0.21176818062439856,6.26604730164664e-07
382,3.691952342801952e-15,0.20032850352156772,2.9524993561125257e-15,0.00045667514015723665,0.1217724786555386,0.20032850352156772,6.284666266944515e-07
383,3.3664477455674913e-15,0.18704087017079044,5.578870698741412e-15,0.00044496688413808716,0.11824783583738549,0.1870408701707904,6.649923771716498e-07
384,1.954924937208613e-15,0.1854891964653848,2.994132719535969e-15,0.0004441214883426081,0.11726197503260224,0.1854891964653848,5.842024442496934e-07
385,6.248799221120205e-15,0.18135106369824477,8.92688700737665e-15,0.00045117317958798253,0.11639865394465036,0.18135106369824475,5.254517106839878e-07
386,8.019192948571785e-15,0.1764584779397963,1.3104101137528801e-14,0.00044753158057275755,0.1137940965232234,0.17645847793979633,6.037901349458844e-07
387,2.3513092514693135e-15,0.1732395714214851,3.986394547794703e-15,0.00044010321161735977,0.1125254648081748,0.17323957142148513,5.661327671914729e-07
388,2.483798756947042e-15,0.16894013322316132,3.795574965437254e-15,0.00043666579904377834,0.11093788463006775,0.16894013322316132,4.900034426754134e-07
389,4.891920202254596e-16,0.1668467514411497,9.957312752106873e-16,0.00043740714392126456,0.11001501935320265,0.1668467514411497,5.013355678172658e-07
390,1.3499943350703258e-15,0.16520718387863306,3.8163916471489756e-16,0.0004386942168856933,0.10938834965678962,0.16520718387863306,4.7005850860550913e-07
391,8.448103328007051e-16,0.16288166776326768,8.326672684688674e-17,0.0004329770045133907,0.10861819036773863,0.16288166776326765,5.286085984125941e-07
392,1.2784912017949068e-15,0.16428065193027985,8.326672684688674e-16,0.0004288305633995959,0.10930355934708327,0.16428065193027988,4.949570902198725e-07
393,1.781561009828181e-15,0.16212672179495924,1.3010426069826053e-15,0.00042418756247475375,0.10937666702144705,0.16212672179495927,4.482065190996227e-07
394,1.77115266897232e-15,0.15628608735368615,2.6194324487249787e-15,0.00043096638542128307,0.10824856808313002,0.15628608735368615,5.432362347819119e-07
395,2.3294083675851063e-15,0.1562055056469703,1.0373646386341306e-15,0.00041279301316865524,0.10830204764527346,0.15620550564697033,5.325460059566774e-07
396,2.0018708912772354e-15,0.15407090785972918,1.908195823574488e-15,0.000414196276751988,0.10820430382950291,0.15407090785972918,4.77007490716358e-07
397,2.5569281934811894e-15,0.1495687485959436,1.3530843112619095e-15,0.00041396013739591897,0.10740668213397138,0.1495687485959436,4.688849636791246e-07
398,3.576593231649494e-15,0.1438234280473802,8.326672684688674e-16,0.0004035210430999303,0.1055826834146597,0.14382342804738021,4.615441747766507e-07
399,3.0280953525890775e-15,0.1383322868833985,1.824929096727601e-15,0.00039672320308425935,0.10348989990427629,0.1383322868833985,4.695825527285157e-07
400,1.0167973234220806e-14,0.13455654583811466,2.491062911502695e-15,0.0003906670574713722,0.101194006331672,0.13455654583811466,4.488419811719197e-07
401,7.471562431249357e-15,0.13184956695557648,1.1726730697603216e-15,0.0003878718921320745,0.10054857768989453,0.13184956695557645,4.0000925788652024e-07
402,8.8408013548813e-15,0.12955058598147548,1.2836953722228372e-15,0.00038089723101542017,0.10005251165628753,0.12955058598147545,4.2416035461865224e-07
403,1.019540354918469e-14,0.13095020831259996,1.7486012637846216e-15,0.0003777117498220406,0.0996902768606322,0.13095020831259996,4.837147097635439e-07
404,5.276920393704199e-15,0.13248010597072654,1.9845236565174673e-15,0.0003723320737208935,0.09969997901400948,0.13248010597072654,4.1762488191755567e-07
405,1.570564425040777e-14,0.1330307491048851,3.191891195797325e-16,0.0003625087350815903,0.09969866995148248,0.13303074910488508,4.1477387935437825e-07
406,9.165845166192454e-15,0.1350076252556717,3.514549762329011e-15,0.0003532000149695236,0.10023278173098102,0.13500762525567173,4.7244920401157036e-07
407,2.4639578571905574e-15,0.1386086474352295,2.3002433291452462e-15,0.0003370664083711672,0.1011892343552615,0.1386086474352295,4.82889645261753e-07
408,8.342935717275957e-15,0.14026327730169624,7.042977312465837e-15,0.00031347674268811243,0.10171379424919542,0.14026327730169627,4.656029161140012e-07
409,1.7694179454963432e-16,0.13969707386099417,2.740863092043355e-16,0.0003513258657834393,0.10176195909503258,0.13969707386099417,4.579615554160451e-07
410,9.269820154533814e-15,0.1356300529651686,6.772360450213455e-15,0.00036592417195329373,0.09961295664922504,0.1356300529651686,4.561217771966655e-07
411,1.7664905996306324e-15,0.13457381319861839,1.949829186997931e-15,0.00034134448131980903,0.09835629951945601,0.13457381319861839,4.5758710387950473e-07
412,3.3393426912553537e-16,0.13288365728551574,1.491862189340054e-16,0.00033514534670732975,0.09764749040391629,0.13288365728551577,4.241643690036128e-07
413,3.157196726277789e-16,0.12799358179048545,2.5326962749261384e-16,0.00033090010420788567,0.09576573260502638,0.12799358179048545,3.725941502103227e-07
414,3.5019730171281793e-16,0.12324683283989807,6.002143226879753e-16,0.0003005309305116003,0.09432023374696176,0.12324683283989807,4.0188901916973063e-07
415,5.301748623454117e-16,0.11934237316598749,9.71445146547012e-17,0.0002710864116847178,0.09262962604004053,0.1193423731659875,3.933586955280028e-07
416,3.739413292902505e-16,0.115366238607382,4.85722573273506e-16,0.00026877916289036463,0.09137121127430059,0.115366238607382,3.4507952055658294e-07
417,4.971880112475402e-16,0.11327503366970029,6.522560269672795e-16,0.00026738312733476377,0.09116588201722445,0.11327503366970029,3.47793674093558e-07
418,7.853960537484994e-16,0.10984305104864542,2.7755575615628914e-16,0.0002671233951183627,0.0902336103683744,0.1098430510486454,3.3451713352068204e-07
419,8.070800971982095e-16,0.10795783974118878,6.522560269672795e-16,0.0002623416360848507,0.08994735458857218,0.10795783974118878,3.555855218393225e-07
420,7.676151381197371e-16,0.10746692023591649,6.245004513516506e-17,0.0002579412479891685,0.08983902941129046,0.1074669202359165,3.430184289116988e-07
421,4.590511998303626e-16,0.10663014053913661,1.1796119636642288e-16,0.00025596156442642126,0.08970701562740122,0.1066301405391366,3.0152905395766443e-07
422,1.2988742026376343e-15,0.10649664584211252,2.463307335887066e-16,0.000254130684302023,0.08936706273967378,0.10649664584211252,3.300476706825162e-07
423,1.247808280313567e-15,0.10626895861773346,1.6653345369377348e-16,0.00025273633317857147,0.08825530314466577,0.10626895861773347,3.6843779774362943e-07
424,5.751963575578722e-16,0.10628708430360481,1.4224732503009818e-16,0.00025096699469195904,0.08849251804724692,0.10628708430360481,3.2819503164896696e-07
425,8.666027964676637e-16,0.10558370044607522,3.5041414214731503e-16,0.0002489130876488499,0.08838641540060281,0.10558370044607522,3.0240124209392723e-07
426,1.1874182193061245e-15,0.10338285722735463,8.291978215169138e-16,0.0002502847426746335,0.08643992962751917,0.10338285722735463,3.245347784226567e-07
427,1.4444825544024376e-15,0.10321000877272596,8.187894806610529e-16,0.00024676730922057466,0.08574896875959961,0.10321000877272597,3.4162320527000953e-07
428,1.9599122672020464e-15,0.10181423584220012,3.8510861166685117e-16,0.0002445103821220318,0.08519682102807447,0.10181423584220012,3.2941884626325524e-07
429,3.325031222578545e-15,0.10079922981494333,5.412337245047638e-16,0.00024307230694520232,0.08487376172164227,0.10079922981494333,2.91246517540028e-07
430,3.335439563434406e-15,0.09982074008873254,4.85722573273506e-17,0.00024226665676152503,0.08432884087915415,0.09982074008873251,2.9743340946505626e-07
431,1.2274578055360141e-14,0.09688317505167943,2.2551405187698492e-15,0.0002413435451819046,0.08220591201397784,0.09688317505167941,3.33529840114164e-07
432,3.852061898623749e-15,0.09681813329533102,6.730727086790012e-16,0.00024040350489906714,0.08263351376702853,0.09681813329533102,2.9251061596050913e-07
433,1.262022170794852e-14,0.09632567940876065,1.8561541192951836e-15,0.0002375530868802267,0.08288195241182247,0.09632567940876065,2.651924173629264e-07
434,1.9306388085449377e-15,0.09493086306424035,5.620504062164855e-16,0.00023728280617285602,0.0824250796011446,0.09493086306424035,2.915326281689144e-07
435,3.659507592790323e-15,0.09471253008505462,1.1796119636642288e-15,0.00023652606754687167,0.08236708103515417,0.09471253008505462,3.1399151851837127e-07
436,3.1549199017155694e-15,0.0945154682660736,1.6861512186494565e-15,0.00023157225035863593,0.08255934293969432,0.0945154682660736,2.927439943248322e-07
437,2.7173359049004198e-15,0.09474254342288564,4.371503159461554e-16,0.00023068769077483342,0.08298871007474196,0.09474254342288564,2.7399560041851873e-07
438,1.5851035761738075e-16,0.093929884013909,1.1657341758564144e-15,0.00023027355013993667,0.08288260367944725,0.09392988401390899,2.7866094111012763e-07
439,2.081583467877443e-16,0.09415544795778678,1.2906342661267445e-15,0.00022731001249010063,0.08323212437891002,0.09415544795778677,3.0146966064144825e-07
440,1.953732314818879e-16,0.09601734631903905,2.740863092043355e-16,0.00022441140345941246,0.0842078623473357,0.09601734631903905,2.8518058796776233e-07
441,3.1073234263434557e-16,0.09488864648797249,1.3877787807814457e-16,0.00022154329045775967,0.08389088653023097,0.09488864648797249,2.5216577367212465e-07
442,3.9963692077815693e-16,0.09316374942181552,1.3877787807814457e-17,0.0002188970619252384,0.08250596670026118,0.09316374942181552,2.740719938806517e-07
443,1.218643241873707e-16,0.09303573813038624,9.159339953157541e-16,0.00021697923920382944,0.08219920859863118,0.09303573813038624,2.8262760505083127e-07
444,1.3725999503666486e-16,0.09200848439172177,1.3877787807814457e-16,0.00021398457574262064,0.08242943649721995,0.09200848439172177,2.530744336057821e-07
445,4.22296746183104e-16,0.0907230903682849,1.734723475976807e-16,0.00021176241274112328,0.08250573925840886,0.0907230903682849,2.311377517783696e-07
446,4.333556083424561e-16,0.08753749686509979,7.4593109467002705e-16,0.00021043040373336375,0.08165164305958517,0.0875374968650998,2.391588773533864e-07
447,9.848892534858322e-16,0.08504868410125166,4.5102810375396984e-17,0.0002095790830082267,0.08032177996815056,0.08504868410125166,2.504096681139318e-07
448,1.1430743504514673e-15,0.08405114270007295,3.2612801348363973e-16,0.00020823916471657267,0.07985321980485603,0.08405114270007294,2.371492594402108e-07
449,1.5951866563779227e-15,0.08321760218924214,2.949029909160572e-16,0.00020417384017523688,0.07972343676483325,0.08321760218924214,2.1444591608348497e-07
450,2.2869076424236745e-15,0.08196958704882773,3.157196726277789e-16,0.00020350757928755403,0.079639239678816,0.08196958704882773,2.214031072320486e-07
451,2.877147305124783e-15,0.08245713018659327,1.3877787807814457e-17,0.00020312131236299713,0.08013705639749959,0.08245713018659329,2.4265527789661264e-07
452,7.14597651885196e-16,0.08280432543724707,3.3306690738754696e-16,0.000208690902679054,0.08055246975406173,0.08280432543724706,2.387412953637967e-07
453,2.2345406774926246e-15,0.0823362343191891,3.191891195797325e-16,0.0002098364319103041,0.0808319166945232,0.08233623431918911,2.056077206178702e-07
454,4.940167198930201e-15,0.08167073529579265,7.91033905045424e-16,0.0002004925835387139,0.0808820907369995,0.08167073529579266,2.2592385699746805e-07
455,1.7535885937780549e-15,0.08428806229934516,6.591949208711867e-16,0.0001979805383504063,0.0820319980566023,0.08428806229934516,2.576050973464922e-07
456,2.3416598521341925e-15,0.08469214581719116,5.967448757360216e-16,0.00019597522165915038,0.08251499128192742,0.08469214581719116,2.3930512642617345e-07
457,3.4167547263708187e-15,0.08464440708448777,1.4363510381087963e-15,0.0001969502453260663,0.08288942840019092,0.08464440708448777,2.2386586660756407e-07
458,3.071544754651434e-16,0.0836617008025747,2.8449465006019636e-16,0.00020084168533152091,0.08257945087930706,0.0836617008025747,2.3657642335778612e-07
459,1.457167719820518e-16,0.0823000317160816,1.85268467234323e-15,0.00019462079036824953,0.0815968382640277,0.08230003171608162,2.4315649414623685e-07
460,8.326672684688674e-17,0.0816772609838003,5.238864897449957e-16,0.00018833211009794404,0.08155566312851584,0.0816772609838003,2.482857260898996e-07
461,6.245004513516506e-17,0.08165605476425047,3.400058012914542e-16,0.00019267245051601822,0.08165605476425047,0.08067438954495494,2.19674166997293e-07
462,8.673617379884035e-17,0.08073655309044536,3.5388358909926865e-16,0.00019468646950215884,0.08073655309044536,0.07818062216128534,2.2043804716753453e-07
463,7.45931094670027e-17,0.07909249096268572,5.724587470723463e-16,0.00018709789792203946,0.07909249096268572,0.07589449992156422,2.5526560434911593e-07
464,7.546047120499111e-17,0.07828300876362343,3.469446951953614e-17,0.0001852836208844355,0.07828300876362343,0.07513546204619209,2.265306385058926e-07
465,1.6197980456933436e-16,0.0777481428270036,9.853229343548264e-16,0.0001855557473862124,0.0777481428270036,0.07361016399400813,2.0427998959029876e-07
466,1.196959198423997e-16,0.07700087805832968,2.393918396847994e-16,0.000183815635270701,0.07700087805832968,0.07167983874830461,2.1396836902991378e-07
467,3.012997837337217e-16,0.07580444163564884,4.3021142204224816e-16,0.00017827586166319076,0.07580444163564884,0.07021619843943547,2.1528101554121563e-07
468,3.8803595753256204e-16,0.07467135432106155,4.163336342344337e-17,0.00017725511597405097,0.07467135432106153,0.06894493604271978,2.2279892045632736e-07
469,5.230191280070073e-16,0.07370653613864822,5.724587470723463e-16,0.00017685874978357052,0.07370653613864822,0.06825857101262767,1.9324598815062664e-07
470,7.765598060427426e-16,0.07344101862979294,1.457167719820518e-16,0.00017633777632952707,0.07344101862979294,0.06762508401477405,1.8856224056780762e-07
471,1.1819565508622287e-15,0.07312503469199308,1.0200174038743626e-15,0.00017771785664522088,0.07312503469199308,0.06759170854366775,2.1522281129863298e-07
472,1.7755978978795106e-15,0.07297889911840233,6.765421556309548e-16,0.00017601644521481052,0.07297889911840233,0.06893514938275508,2.1009532607682596e-07
473,1.969670086754416e-15,0.07257441799071286,1.3114509478384662e-15,0.00018016100963169634,0.07257441799071286,0.06898416455154277,1.8595737028502568e-07
474,2.938025257109844e-15,0.07144683848034618,1.4606371667724716e-15,0.0001805704010449105,0.07144683848034619,0.06817836103969563,2.0351655280101706e-07
475,4.2512651385329114e-15,0.07037154950357077,1.0928757898653885e-15,0.0001766184815282703,0.07037154950357077,0.07007437201691201,2.0907181797716355e-07
476,2.668533254611416e-15,0.07050344954399901,1.700029006457271e-16,0.00018455683080422468,0.06982616516766307,0.07050344954399902,2.0906262021516373e-07
477,5.071328556746635e-15,0.07086984065985197,2.42861286636753e-16,0.00018386488386142562,0.06926155393402435,0.07086984065985197,1.9834487356554924e-07
478,1.9000643072808465e-15,0.06997006730024256,9.367506770274758e-17,0.00018936547803027372,0.06882722571316438,0.06997006730024258,1.8511012330254293e-07
479,9.630493559738273e-15,0.06918641654978089,1.0894063429134349e-15,0.00018795095888177703,0.0673188713153528,0.06918641654978087,2.11408901097549e-07
480,1.6248260332682452e-15,0.06816319957886642,1.6653345369377348e-16,0.000182647304418573,0.06602578856113699,0.06816319957886643,2.2848115148391605e-07
481,3.4878106262500874e-15,0.06796293479942637,9.853229343548264e-16,0.00018587090868796632,0.06514598004516327,0.06796293479942636,1.8985084252090592e-07
482,2.6243113585011635e-16,0.06638758306128659,1.1449174941446927e-15,0.0001882202937522788,0.06430403215008236,0.06638758306128659,1.9148083445752358e-07
483,7.28583859910259e-17,0.06623057040568042,1.2385925618474403e-15,0.00018444581305172326,0.06343151595012472,0.06623057040568042,2.0614676820784228e-07
484,8.153200337090993e-17,0.06593332535359571,3.712308238590367e-16,0.00018293620315569265,0.06270841352215871,0.0659333253535957,2.011357344127007e-07
485,1.0657707355532509e-16,0.0645966847413836,1.3877787807814457e-17,0.00018145079457284816,0.061511823158080764,0.0645966847413836,1.9244703709333899e-07
486,1.155217414783305e-16,0.06403240995495348,2.5673907444456745e-16,0.00017829979175814324,0.06094626645011302,0.06403240995495349,1.8317519648906033e-07
487,3.0460660035980247e-16,0.06358362858102598,6.973588373426765e-16,0.0001815568970125539,0.05957683750354688,0.06358362858102598,1.8718944028723187e-07
488,4.021305857748736e-16,0.06293111064546988,5.898059818321144e-16,0.0001736136621511399,0.05856201863343955,0.06293111064546988,2.0969453287795436e-07
489,5.589062199162775e-16,0.06314435877695458,1.4224732503009818e-16,0.00017049491677137603,0.05831544997435652,0.0631443587769546,1.8740851608292437e-07
490,7.314027855587213e-16,0.06230918677697536,5.863365348801608e-16,0.00017053897692763907,0.05773841720018267,0.06230918677697536,1.7097046542515987e-07
491,1.0860588687058859e-15,0.06049185368792153,1.5265566588595902e-16,0.00016845438980161997,0.056302524147773904,0.06049185368792153,1.96771986026722e-07
492,1.4044754942377224e-15,0.060619896186938714,4.718447854656915e-16,0.00016916219787399545,0.05548963910622354,0.06061989618693871,1.896119258482586e-07
493,1.4551077356927955e-15,0.06067147183068452,7.7021722333370235e-16,0.0001687665540393013,0.054531869740877384,0.060671471830684505,1.762618436200154e-07
494,1.711087868616623e-15,0.059620280927656824,6.938893903907228e-17,0.00016747385421811423,0.053765607427478504,0.05962028092765682,1.7153699025969702e-07
495,2.5262452719998496e-15,0.06009697217859283,6.730727086790012e-16,0.00016782069026760604,0.05269506990644185,0.06009697217859283,1.744763835885472e-07
496,3.198396408832238e-15,0.058906611738522484,1.97758476261356e-16,0.0001677815450668585,0.05164760050078421,0.058906611738522484,1.8361534353639705e-07
497,3.4777410985731283e-15,0.05875183219464398,1.5959455978986625e-15,0.00016872471066819994,0.051137657673079616,0.05875183219464398,1.679052697638959e-07
498,1.1308228659023811e-15,0.05824168836598258,2.6020852139652106e-16,0.0001655267137461447,0.050884988509651445,0.058241688365982584,1.5339324415294796e-07
499,4.391344059218039e-15,0.05730929625336209,1.7694179454963432e-15,0.00016582782276336472,0.05002388267913906,0.0573092962533621,1.6934974389992254e-07
500,1.1050188541972261e-15,0.05683220385659,1.7694179454963432e-16,0.00016665925255243685,0.04968657322685742,0.05683220385659,1.7525023576457372e-07
501,4.238525763006207e-15,0.057309149342420984,1.654926196081874e-15,0.00016862181699073275,0.0494017722625166,0.057309149342420984,1.6010614331289398e-07
502,3.3430289786418044e-15,0.056427275062098735,6.140921104957897e-16,0.00016511376824690505,0.0491014062243942,0.05642727506209873,1.5927210887259634e-07
503,2.1803305688683494e-15,0.057060758647373394,2.636779683484747e-16,0.00016485951573363966,0.04893852877162981,0.05706075864737339,1.8218420142446978e-07
504,3.8386177916849284e-16,0.05700350579253667,8.500145032286355e-16,0.00016482814524598766,0.048353319383346596,0.05700350579253666,1.766006755446098e-07
505,1.3286897623809857e-16,0.05684462312404218,3.7816971776294395e-16,0.0001672352726634907,0.04843189370133523,0.05684462312404219,1.675450664946654e-07
506,2.045347398393904e-16,0.0563284604457709,3.712308238590367e-16,0.00016364289286752154,0.048459899102742766,0.05632846044577092,1.5435968891679892e-07
507,5.179233777963255e-16,0.05493921722985523,9.367506770274758e-16,0.0001618596401584682,0.04791859418993027,0.05493921722985523,1.7489790102227013e-07
508,6.98443039515162e-16,0.05298930795163709,4.163336342344337e-17,0.00016265855055724865,0.047352820918151566,0.052989307951637095,1.8236344283594017e-07
509,9.153918942295114e-16,0.052730976078344906,1.734723475976807e-16,0.00016634733770315435,0.046984342758633765,0.05273097607834491,1.5760233596382056e-07
510,1.145188544687814e-15,0.053560966654105646,8.916478666520788e-16,0.00016436804102047155,0.046804391830120355,0.05356096665410564,1.516279872822793e-07
511,1.7338019041301944e-15,0.05386962491171758,7.979727989493313e-17,0.00016475809457000556,0.04674276981034999,0.05386962491171758,1.8139854898042986e-07
512,2.890482991846355e-15,0.05407296764496061,6.245004513516506e-17,0.00016848420488978395,0.04637437141044665,0.05407296764496061,1.7690885661840355e-07
513,3.0485596685947414e-15,0.05401572353752386,3.122502256758253e-17,0.00016881879617233926,0.04624298642490758,0.05401572353752386,1.5915552883748337e-07
514,3.5973285981982794e-15,0.052107038174583904,6.245004513516506e-16,0.0001704917814475855,0.04619784435737205,0.05210703817458391,1.5878344552173233e-07
515,5.121174751626656e-15,0.05118331220673179,1.1275702593849246e-15,0.00017994594087330368,0.04559968785871085,0.05118331220673179,1.9452988149491855e-07
516,1.856804640598675e-15,0.05097332833493845,1.5612511283791264e-16,0.0001831003615497661,0.045013020325232855,0.050973328334938464,1.87324479517239e-07
517,3.1724297668012102e-15,0.051958606813125946,2.220446049250313e-16,0.00018487348658728468,0.0449463152688372,0.05195860681312595,1.6135573336911916e-07
518,1.5121909800741573e-15,0.05198750331760519,5.030698080332741e-16,0.00019378532075193904,0.04468564195974234,0.05198750331760519,1.4620270218373903e-07
519,7.001614999585515e-15,0.05104496969540674,6.83481049534862e-16,0.00019531322364333033,0.043430086697388195,0.05104496969540674,1.863722153073224e-07
520,3.0357660829594124e-16,0.0507829135677639,4.85722573273506e-17,0.0001933086541502406,0.04213309631569764,0.0507829135677639,2.0053254958578257e-07
521,1.1990733926603436e-15,0.052658196810056714,8.049116928532385e-16,0.00019763773248728054,0.04139883566158745,0.052658196810056714,1.6552840965981818e-07
522,1.1102230246251565e-16,0.05308330058260129,1.2177758801357186e-15,0.0002012512360046268,0.04086848118490685,0.05308330058260129,1.5642051815660122e-07
523,8.673617379884035e-17,0.052152089294120886,8.673617379884035e-17,0.0002060642097781555,0.03986986273900839,0.052152089294120886,2.0444590071087665e-07
524,1.1796119636642288e-16,0.05144651478599512,8.222589276130066e-16,0.00019988236346348345,0.038615427866950366,0.05144651478599512,1.976550202209317e-07
525,2.0198686473404948e-16,0.0527467220283363,4.3368086899420177e-16,0.00019790097670070207,0.03839069148165516,0.0527467220283363,1.6886526567310612e-07
526,2.5673907444456745e-16,0.05215046466543204,6.938893903907228e-18,0.00020856817526679946,0.038287093513320665,0.05215046466543205,1.5383968333521365e-07
527,5.568462357885551e-16,0.050612361484392736,2.42861286636753e-16,0.0002152288712655775,0.03783424519968978,0.050612361484392736,1.8197242614830477e-07
528,1.0041880521560742e-15,0.049700961656115414,1.6445178552260131e-15,0.0002185297414693194,0.03751479469631802,0.049700961656115414,2.078203564738894e-07
529,1.6197980456933436e-15,0.050475250925534766,5.898059818321144e-16,0.000220450394020728,0.03762201100899548,0.050475250925534766,1.7775524315315653e-07
530,1.7250740766416861e-15,0.0513227116543005,9.506284648352903e-16,0.00022978366111439837,0.037824321684056014,0.0513227116543005,1.5955423823852677e-07
531,2.742814655953829e-15,0.050432962909024236,1.609823385706477e-15,0.00023776493548871742,0.03775278611296433,0.050432962909024236,2.068251862038353e-07
532,7.230327447871332e-15,0.04986627970519357,1.1171619185290638e-15,0.0002454204175460859,0.037684050443656816,0.049866279705193556,2.286716535651289e-07
533,3.993983963002101e-15,0.052468273671562086,4.996003610813204e-16,0.00024733372559811867,0.038461371606336295,0.05246827367156208,1.8230296400056777e-07
534,8.421648794998404e-15,0.05277650184146966,8.743006318923108e-16,0.00024931954467936716,0.03863952444500202,0.05277650184146966,1.6742756812504107e-07
535,2.62680502349788e-15,0.05007183006433123,2.7755575615628914e-17,0.00024310985142090083,0.038076446495233326,0.05007183006433123,2.088567023059037e-07
536,5.619853540861364e-15,0.046870351786386086,6.245004513516506e-16,0.00021994531012368632,0.03738983555132905,0.04687035178638608,2.284173600555309e-07
537,4.52589354882349e-15,0.04721929391277087,7.875644580934704e-16,0.00021457536779045938,0.03748889522587067,0.04721929391277087,1.829147192529136e-07
538,3.761964698090203e-15,0.04754022781432894,6.765421556309548e-16,0.00023125688143343925,0.03747172844941909,0.047540227814328935,1.556152804733483e-07
539,1.1442669728412014e-15,0.046596300181726745,8.743006318923108e-16,0.00023669675822812763,0.036660352698939865,0.04659630018172675,1.881392103370695e-07
540,1.4018734090237572e-16,0.044566765458315456,3.8163916471489756e-16,0.00023221901290249036,0.03521014478521091,0.04456676545831545,2.1465817310964183e-07
541,5.551115123125783e-17,0.04720350715113951,2.0122792321330962e-16,0.00023010623453223467,0.03474962655919797,0.047203507151139495,1.7514898654309154e-07
542,2.0209528495129803e-16,0.04698475788275937,3.469446951953614e-17,0.00023366152179360444,0.034209268266759504,0.04698475788275937,1.5418940160016104e-07
543,1.4203048459560108e-16,0.04425433651114049,2.7755575615628914e-17,0.0002332883627949034,0.03287446843539568,0.04425433651114048,1.9468889771179397e-07
544,3.885780586188048e-16,0.04300428879029694,4.475586568020162e-16,0.00021925610608697355,0.03139637945334634,0.04300428879029693,2.11864594232259e-07
545,8.621575675604731e-16,0.04455543323811494,3.712308238590367e-16,0.00021875327269401095,0.030766462884888858,0.044555433238114936,1.7647989662013984e-07
546,1.3149203947904198e-15,0.04425893656076192,3.7816971776294395e-16,0.00023866647935237746,0.030246008701589205,0.04425893656076193,1.5302188727483158e-07
547,2.005340338229189e-15,0.04322475795136617,4.614364446098307e-16,0.0002445667196145961,0.029336027382245704,0.043224757951366176,1.7447062269332755e-07
548,3.25434124093249e-15,0.042786154026420505,9.194034422677078e-16,0.000248963044081057,0.028165200353455405,0.0427861540264205,1.973076418429771e-07
549,4.109559914589056e-15,0.04384738089416884,1.7069679003611782e-15,0.00024405909798774685,0.027896392744874796,0.04384738089416884,1.6908371765190786e-07
550,6.319597622983508e-15,0.043378327012123484,3.635980405647388e-15,0.0002617058843450235,0.027519091231452977,0.0433783270121235,1.5364562025818744e-07
551,4.713243684228985e-15,0.03961062476216626,4.7704895589362195e-15,0.000271125402459947,0.026572375996519338,0.03961062476216626,1.9082905286027008e-07
552,6.142655828433874e-15,0.03971840329250528,4.728856195512776e-15,0.00026992588880789606,0.02636723128413308,0.03971840329250528,1.9421049560981987e-07
553,3.4954678040932663e-15,0.0411565516612905,2.1510571102112408e-15,0.00026479079902905905,0.026584625338706612,0.041156551661290494,1.623506736952042e-07
554,4.966513311721599e-15,0.039308372243127505,3.972516759986888e-15,0.0002594974522560122,0.026403436554462107,0.039308372243127505,1.4511659978349898e-07
555,1.5928230956419043e-14,0.03655540151574803,1.0959982921221467e-14,0.00024256144844113543,0.025821635927205565,0.03655540151574803,1.6086714184962867e-07
556,9.822004320980682e-15,0.03661858531752251,6.831341048396666e-15,0.0002056169074437014,0.025259178286592895,0.03661858531752251,1.6620179508887776e-07
557,7.006548119470324e-15,0.03698289071223405,5.280498260873401e-15,0.000161066897390468,0.02511243107923439,0.036982890712234054,1.3954740837045306e-07
558,9.027500968983304e-15,0.03563346115043829,5.863365348801608e-15,0.00014863763919461571,0.024722397473170267,0.03563346115043829,1.3016034711897344e-07
559,4.067926551165613e-15,0.033132892444959955,3.0149494012476907e-15,0.0001564212295432181,0.023837814697390613,0.033132892444959955,1.5308571931724021e-07
560,4.2521325002709e-15,0.032359627657031605,3.011479954295737e-15,0.00015200380322027626,0.02325090733233647,0.0323596276570316,1.502554954694178e-07
561,2.5217458329840348e-15,0.03226441950168827,2.1718737919229625e-15,0.0001557853110695272,0.022847483795798963,0.03226441950168826,1.3633438917231955e-07
562,5.8668347957535616e-15,0.031174988708652672,1.6653345369377348e-16,0.00016160502431205367,0.02226879512550441,0.031174988708652672,1.3705926237789402e-07
563,7.518291544883482e-15,0.02959628754951347,1.4883927423881005e-15,0.00016381083400862032,0.02153312349629136,0.029596287549513465,1.530943065895528e-07
564,7.858297346174936e-15,0.03068256858299212,1.384309333829492e-15,0.00016463726592521894,0.021078423027469373,0.030682568582992124,1.5912654711349394e-07
565,6.2450045135165055e-15,0.032072161990895666,1.7520707107365752e-15,0.00017801670632976163,0.021001321494864285,0.032072161990895666,1.442128150440557e-07
566,6.527764440100725e-15,0.03135302691628848,1.887379141862766e-15,0.00018786147898637584,0.020870686835790117,0.03135302691628848,1.3770633920349515e-07
567,5.113964807179627e-15,0.030360069696850178,2.2239154962022667e-15,0.00019242209611070125,0.020701566987689456,0.03036006969685018,1.4262659289669208e-07
568,2.615963001773025e-15,0.030669580058403915,9.610368056911511e-16,0.0001859071017310445,0.021160972824567158,0.030669580058403915,1.3773979990242297e-07
569,8.309325449928906e-16,0.029815952999318246,6.245004513516506e-16,0.0001798674540934844,0.021146577273157677,0.029815952999318246,1.2459426744772105e-07
570,1.4121733296623695e-16,0.028273634297457828,2.3592239273284576e-16,0.00016788264458639669,0.020995725184030162,0.02827363429745783,1.17300123796489e-07
571,2.782604875684047e-16,0.027179564665175737,5.898059818321144e-17,0.00013901130225989645,0.02091692310315104,0.02717956466517574,1.205887972445134e-07
572,3.235259282696745e-16,0.026502159188248314,3.191891195797325e-16,0.0001016825940383494,0.02064761345926769,0.026502159188248314,1.1974859026123803e-07
573,2.6194324487249787e-16,0.025836737306352865,2.8796409701215e-16,7.844171186354668e-05,0.02035724559666815,0.025836737306352865,1.100068337104288e-07
574,2.23752223346696e-16,0.024847629278959952,5.204170427930421e-17,7.919909939336015e-05,0.020028389513029304,0.024847629278959955,1.0474057183960503e-07
575,3.4932993997482953e-16,0.024324607214887523,8.118505867571457e-16,7.944320464654125e-05,0.019568202841718528,0.024324607214887523,1.1188859707411652e-07
576,4.617617052615763e-16,0.0254099691875291,3.157196726277789e-16,7.882617917340847e-05,0.019188171500681615,0.025409969187529104,1.195159484627519e-07
577,5.066476752024762e-16,0.025747466638622415,1.8388068845354155e-16,8.588265364873303e-05,0.018960871022922387,0.025747466638622415,1.1198793835768965e-07
578,3.939990694812323e-16,0.025151155888333207,8.083811398051921e-16,8.78076316959478e-05,0.018643857231626138,0.025151155888333207,1.0502850658577164e-07
579,5.245912211571113e-16,0.02419178582402361,6.869504964868156e-16,8.978439267148895e-05,0.018552927735338506,0.02419178582402361,1.0701935362939397e-07
580,1.0361720162443966e-15,0.023595046999077905,9.055256544598933e-16,9.461095909445248e-05,0.018528282031887805,0.023595046999077912,1.0979217301150586e-07
581,8.847089727481716e-16,0.023324564213550867,1.0755285551056204e-16,8.993911456566233e-05,0.018536367035419575,0.02332456421355087,1.0076364501854218e-07
582,1.1309312861196297e-15,0.022864150920839293,9.020562075079397e-16,9.127346332400178e-05,0.01847923312946908,0.022864150920839293,9.181766533652579e-08
583,2.0968063440054974e-15,0.02167099357549166,2.0469737016526324e-15,8.920440565499295e-05,0.018194388636252397,0.02167099357549166,9.401235861808018e-08
584,3.052462796415689e-15,0.02126284433816172,2.0296264668928643e-15,7.63344989149128e-05,0.01799028767804423,0.02126284433816172,9.46520519710027e-08
585,7.753129735443842e-16,0.021006632575105808,4.926614671774132e-16,7.528429811373173e-05,0.017950026339314865,0.021006632575105804,8.427706171789623e-08
586,3.537751688820201e-15,0.020818277981285924,1.1483869410966463e-15,7.725707492527416e-05,0.01783575557872856,0.020818277981285924,8.05593719719056e-08
587,4.264926085906229e-15,0.020769386915012497,8.430756093247282e-16,7.338313358361444e-05,0.01759628158965407,0.020769386915012497,8.260397130489814e-08
588,2.477835644998372e-15,0.021251959790298657,1.033895191682177e-15,7.20489612363014e-05,0.01732570326103593,0.021251959790298657,8.663069277031327e-08
589,2.6881708664605597e-15,0.021484605773047748,1.7034984534092246e-15,7.219471891319832e-05,0.01711309487595912,0.021484605773047748,8.066950213196288e-08
590,2.224566017505758e-15,0.02130117349514538,8.430756093247282e-16,7.029716218795879e-05,0.01696548809286228,0.02130117349514538,7.633119104133258e-08
591,3.387047586844716e-16,0.02011889874917574,2.220446049250313e-16,7.192051033267938e-05,0.016744896436459163,0.02011889874917574,7.75999196692696e-08
592,1.0061396160665481e-16,0.018706411168678067,4.0245584642661925e-16,7.32872289494384e-05,0.01656104341684072,0.018706411168678064,8.239756215564823e-08
593,4.5102810375396984e-17,0.01874123341270743,3.0878077872387166e-16,7.042635567381609e-05,0.016537059865372312,0.018741233412707427,7.550635215235246e-08
594,6.245004513516506e-17,0.018625394078114036,2.2898349882893854e-16,7.381247063187584e-05,0.016417232794576526,0.018625394078114036,7.09714972454203e-08
595,1.0755285551056204e-16,0.018259761024171126,2.0920765120280294e-15,7.450296350163844e-05,0.01609355956335339,0.018259761024171126,7.308282988101702e-08
596,7.025630077706069e-17,0.018389731524113627,1.5265566588595902e-16,7.10805268408516e-05,0.015807532869652616,0.018389731524113627,7.756918775394178e-08
597,9.367506770274758e-17,0.018562507047192336,1.734723475976807e-16,7.325926974095006e-05,0.01575589037211519,0.018562507047192332,7.074959402664681e-08
598,1.1449174941446927e-16,0.018547871277309707,9.298117831235686e-16,7.667670586158915e-05,0.015711184521699395,0.01854787127730971,7.281610899563222e-08
599,1.2674323396355547e-16,0.018186208126645464,9.367506770274758e-17,7.804365096530236e-05,0.015561446948301357,0.018186208126645464,7.161390379909016e-08
600,1.4647571350279165e-16,0.018356928084416777,1.3877787807814457e-17,7.619260128479723e-05,0.015478996156150575,0.018356928084416777,7.314943155826532e-08
601,2.2041830166630305e-16,0.01855438927134711,8.569533971325427e-16,7.439225143877123e-05,0.0154736163768627,0.018554389271347106,7.548365099094225e-08
602,5.332106284283711e-16,0.018284742070199617,2.6020852139652106e-16,7.387658636811081e-05,0.015414022058392715,0.018284742070199617,6.953876389326562e-08
603,1.5776767912922818e-15,0.017861851599924965,1.4467593789646571e-15,6.944451229660888e-05,0.015395740342616544,0.017861851599924962,6.677660574572005e-08
604,3.26144276516227e-15,0.01740782781240499,2.0088097851811426e-15,6.577528034943866e-05,0.015470562027414482,0.01740782781240499,7.275515313411982e-08
605,2.456585282417656e-15,0.017884073011747825,1.8735013540549517e-15,6.272670993434648e-05,0.015598985479393833,0.017884073011747822,6.707605889790464e-08
606,3.5205128742776814e-15,0.0179076959590958,1.1379786002407855e-15,6.248775981931853e-05,0.015573528918598603,0.0179076959590958,7.118081859398622e-08
607,3.0493186101154812e-15,0.01727500840028518,2.4424906541753444e-15,6.345681515607104e-05,0.01528858722086232,0.01727500840028518,6.838256334784124e-08
608,3.753074240275822e-15,0.017864725014731863,2.4980018054066022e-15,6.397271512859071e-05,0.015346744427450744,0.017864725014731866,6.523103027150989e-08
609,1.916869440954372e-15,0.017922822695055865,2.203098814490545e-15,6.214220938394188e-05,0.015356211213319803,0.017922822695055865,6.867857486521477e-08
610,5.66875105884046e-16,0.01766110822340351,9.194034422677078e-16,6.220626588457605e-05,0.015220358303986745,0.017661108223403513,7.147794945568706e-08
611,1.1366233475251786e-15,0.017767104585730685,8.083811398051921e-16,6.576115871957753e-05,0.015099946332535946,0.017767104585730685,6.612660571504137e-08
612,9.540979117872439e-17,0.01761955905425939,9.8879238130678e-16,6.911144976153114e-05,0.014920073082152305,0.01761955905425939,7.319623530990735e-08
613,1.4598782252517317e-16,0.017910770850066492,6.591949208711867e-16,6.951070308423499e-05,0.014859372608621291,0.017910770850066496,7.69530158196373e-08
614,2.714842239903703e-16,0.018136333518811984,6.140921104957897e-16,7.455719244675585e-05,0.014841641561769444,0.018136333518811984,7.797479478766104e-08
615,2.0198686473404948e-16,0.017583713862922176,1.4224732503009818e-16,7.65429499603263e-05,0.014702695368125343,0.017583713862922176,7.093985924347417e-08
616,2.6150956400350367e-16,0.01813363686035157,1.0755285551056204e-16,7.617225163898764e-05,0.014877813026462945,0.01813363686035157,6.636602174792318e-08
617,3.694961003830599e-16,0.01827531745827279,7.563394355258879e-16,8.379779313539681e-05,0.014935898497538362,0.01827531745827279,7.056595815066426e-08
618,7.762887554996212e-16,0.01839928900334943,4.926614671774132e-16,8.390378703671073e-05,0.014901958759500355,0.018399289003349435,7.810977296062709e-08
619,5.178149575790769e-16,0.01874790575903605,2.7755575615628914e-17,8.332460268171797e-05,0.014992806325213347,0.01874790575903605,6.69583076345857e-08
620,5.773918669571554e-16,0.018363419257480574,4.163336342344337e-17,7.973648185084694e-05,0.015063851225633433,0.018363419257480574,6.77842778098763e-08
621,8.609649451707391e-16,0.017271612200018438,9.367506770274758e-17,6.991611137738794e-05,0.015174446248783568,0.017271612200018445,7.352284739287098e-08
622,1.9832226139104847e-15,0.017141968986999136,3.7816971776294395e-16,5.966057274389095e-05,0.015268345925403614,0.017141968986999136,6.989697299142222e-08
623,5.016169771221435e-15,0.01733136652141865,1.5230872119076366e-15,5.954917969186457e-05,0.015160235630049904,0.017331366521418645,6.211955525956326e-08
624,4.405330267243102e-15,0.017707682216753774,1.0304257447302234e-15,6.152151138198812e-05,0.015150252838853264,0.017707682216753777,6.121125128919084e-08
625,7.548866046147573e-15,0.017298976985112124,7.042977312465837e-16,6.233420097089513e-05,0.015027459404488314,0.017298976985112124,6.303413934176144e-08
626,9.220272115251227e-15,0.017079082916926037,1.1587952819525071e-15,5.670961384734996e-05,0.014816692422333537,0.017079082916926037,6.976340503815991e-08
627,1.7054500173196985e-15,0.017196886511966006,3.2612801348363973e-16,5.601839674728923e-05,0.014760532919442678,0.017196886511966006,6.318443885595519e-08
628,4.885198148785186e-15,0.01697718402733572,3.9898639947466563e-16,5.679545016852149e-05,0.014700852169733129,0.01697718402733572,6.055361002778035e-08
629,4.634530606506537e-15,0.016416972237780797,1.8388068845354155e-16,5.6595359642750906e-05,0.0145901973079141,0.016416972237780797,6.693266649520977e-08
630,7.140555507989532e-16,0.01696926276901889,3.434752482434078e-16,5.559245386621472e-05,0.01459251824106558,0.01696926276901889,6.724276120572052e-08
631,6.418476861114186e-17,0.017484517906591265,6.800116025829084e-16,5.427715287043434e-05,0.014551031936675516,0.017484517906591265,6.247191086905658e-08
632,5.204170427930421e-17,0.01730305131119028,4.718447854656915e-16,6.114625832255496e-05,0.01448243482012303,0.017303051311190285,6.084986284151949e-08
633,7.806255641895632e-17,0.016575166223934314,5.793976409762536e-16,6.35306037978893e-05,0.014349871776843128,0.016575166223934314,5.784940134744995e-08
634,1.5959455978986625e-16,0.016274548773747,6.453171330633722e-16,5.878949260206597e-05,0.014394351744587532,0.016274548773747004,5.907607088881135e-08
635,7.22078646875346e-17,0.015949464997291735,1.8041124150158794e-16,6.648342443718765e-05,0.014325832511781138,0.015949464997291735,5.7462411458298225e-08
636,9.020562075079397e-17,0.015924716302220126,9.08995101411847e-16,6.76480935579496e-05,0.014172408271150749,0.015924716302220122,5.461975798437287e-08
637,7.974306978630885e-17,0.01602598347434634,6.418476861114186e-16,6.179053073183515e-05,0.01408184610041752,0.01602598347434634,5.500864808391535e-08
638,1.5222198501696482e-16,0.01637045715573649,1.0685896612017132e-15,6.301796165896715e-05,0.01397450894603006,0.01637045715573649,6.171883439028261e-08
639,1.2706849461530112e-16,0.016845264854582966,1.1449174941446927e-16,6.549457824754114e-05,0.013998743972979524,0.016845264854582966,6.34434508032792e-08
640,1.1985855016827252e-16,0.017070944826866434,3.157196726277789e-16,6.862991236588484e-05,0.014101710050005836,0.017070944826866434,6.51058513991464e-08
641,1.1438332919722072e-16,0.016975646319253225,2.0816681711721685e-16,6.974080061081939e-05,0.014106487762184077,0.01697564631925322,6.5989534964491e-08
642,4.629543276513104e-16,0.01752385536122366,2.366162821232365e-15,6.800070782550082e-05,0.014329484891870142,0.017523855361223663,6.77398407410001e-08
643,1.3104751658832292e-15,0.017230110973508083,4.2327252813834093e-16,7.294601966943443e-05,0.014426430879982306,0.017230110973508083,6.689456495363239e-08
644,2.6867614036363285e-15,0.017031253417624157,3.712308238590367e-16,6.926907569105613e-05,0.014573381969351092,0.01703125341762416,6.11925402559125e-08
645,7.112908352591152e-16,0.01686032433672511,3.434752482434078e-16,6.66352084736331e-05,0.01463596593253308,0.01686032433672511,5.650336880076812e-08
646,4.398499793556443e-15,0.016303057129362676,5.412337245047638e-16,6.569393320725661e-05,0.014665734321971298,0.016303057129362676,5.752238612777331e-08
647,1.4499577753734894e-15,0.016433321782925517,1.0408340855860843e-16,5.507926795300568e-05,0.014642916819108651,0.016433321782925517,5.922653175154258e-08
648,2.7463925231230313e-15,0.01700412380257831,9.228728892196614e-16,4.715432553181742e-05,0.014643205629357859,0.01700412380257831,5.675459333758713e-08
649,8.52291327790855e-16,0.017074011714386668,2.0816681711721685e-17,4.835499351774075e-05,0.0145516541179555,0.017074011714386668,5.302564881258068e-08
650,2.373481185896642e-15,0.017061707943857776,3.191891195797325e-16,4.7769139705722274e-05,0.014465153263204055,0.01706170794385778,5.5646470179435034e-08
651,1.2782743613604097e-16,0.016842032669301513,8.673617379884035e-17,4.925054282734712e-05,0.01422896029280452,0.01684203266930151,6.130687126651807e-08
652,6.765421556309548e-17,0.017095050276734247,5.030698080332741e-16,4.687820039192894e-05,0.014124472223499131,0.017095050276734254,6.01996273581518e-08
653,5.551115123125783e-17,0.017131434568498433,3.7816971776294395e-16,4.8731907950859236e-05,0.014194839351812132,0.01713143456849843,5.635718596945359e-08
654,1.1449174941446927e-16,0.01670019153622059,1.491862189340054e-16,5.0198529563660714e-05,0.014110916683313804,0.01670019153622059,5.591106790274171e-08
655,6.591949208711867e-17,0.016413253720590586,1.942890293094024e-16,4.802895920721917e-05,0.013902237406114296,0.016413253720590586,5.8122510709518736e-08
656,7.979727989493313e-17,0.016611172801579484,2.2898349882893854e-16,4.704148796782874e-05,0.013868735226047816,0.016611172801579484,5.6566686336624676e-08
657,3.9898639947466563e-17,0.01661912869159811,5.93275428784068e-16,4.989788937981299e-05,0.013817206869187585,0.01661912869159811,5.0211501714071575e-08
658,1.3183898417423734e-16,0.016267666708846242,7.216449660063518e-16,4.95973857327775e-05,0.013748034860745164,0.01626766670884624,4.905365253332931e-08
659,8.673617379884035e-17,0.01582093904332376,9.194034422677078e-16,4.872470898065889e-05,0.01347836531906283,0.01582093904332376,5.772511080817017e-08
660,6.245004513516506e-17,0.01577273625792088,6.245004513516506e-17,4.746501725358485e-05,0.013202966891131308,0.015772736257920878,5.5118320202076796e-08
661,5.323432666903827e-17,0.015875293885322224,3.157196726277789e-16,4.889370123748512e-05,0.013254627516651499,0.01587529388532222,4.814751187464647e-08
662,1.1709383462843448e-16,0.01572020131829454,3.8510861166685117e-16,5.078686453075312e-05,0.01321318800905379,0.01572020131829454,4.979997862817702e-08
663,2.505049119527758e-16,0.015343980906165235,6.245004513516506e-17,5.0879047067666806e-05,0.013056506788042804,0.015343980906165237,5.371434012619949e-08
664,5.254043727864754e-16,0.015328325576192492,2.740863092043355e-16,4.9512022637893983e-05,0.013076257443119625,0.015328325576192492,5.302340485809923e-08
665,9.45830870222042e-16,0.015404641877632578,1.3877787807814457e-16,5.1334587936081e-05,0.013108464324441618,0.015404641877632581,5.082428761651544e-08
666,1.6128591517894364e-15,0.014988657490293522,7.667477763817487e-16,5.1374856837718696e-05,0.013101655634128505,0.014988657490293524,4.764433944552784e-08
667,2.8380076066980564e-15,0.01448990683384932,9.055256544598933e-16,5.229080976938347e-05,0.013028361745601406,0.014489906833849322,5.8612206723760936e-08
668,2.310651670001107e-15,0.014588231520572613,7.494005416219807e-16,5.443450669167637e-05,0.012990529326617869,0.014588231520572613,6.114753853987293e-08
669,7.389922007661198e-16,0.014711224037420822,3.122502256758253e-16,5.832100412656114e-05,0.01309242407911371,0.01471122403742082,5.1374823717098e-08
670,3.4573038876217765e-15,0.014417024998362706,9.020562075079397e-16,5.808740617761245e-05,0.013088642170652465,0.014417024998362706,5.115911038162164e-08
671,2.338407245616736e-15,0.013606885873414711,6.800116025829084e-16,5.618411878299378e-05,0.012861560404199762,0.013606885873414713,5.6449985509647056e-08
672,2.203098814490545e-15,0.013385436576332087,8.049116928532385e-16,5.341057979040692e-05,0.012872811547454108,0.013385436576332089,5.060292530402807e-08
673,4.544975507059235e-16,0.01326302288560897,3.122502256758253e-16,5.422085548196457e-05,0.01286837655276182,0.013263022885608971,4.768950213490453e-08
674,1.3495199966198634e-15,0.012691906895429449,1.1622647289044608e-15,5.448611687970499e-05,0.01261121602843903,0.01269190689542945,4.608410721175411e-08
675,8.673617379884035e-17,0.012299605764655327,1.078998002057574e-15,5.3786724842685985e-05,0.012299605764655327,0.01214962849357197,5.010753647334002e-08
676,9.367506770274758e-17,0.011998111636439537,1.5126788710517758e-15,5.3956483657247034e-05,0.011998111636439537,0.011997997464470424,4.978655470097338e-08
677,4.163336342344337e-17,0.011916663736458406,5.551115123125783e-17,5.443382459602297e-05,0.011916663736458404,0.01187712568368249,4.206126696788192e-08
678,1.0408340855860843e-16,0.011752918060359762,2.0816681711721685e-16,5.450695173947473e-05,0.01175291806035976,0.011466724835870244,3.950070647037631e-08
679,8.153200337090993e-17,0.011271523467232326,3.0184188481996443e-16,5.43532200374397e-05,0.011271523467232326,0.01098451684902341,4.884635758624401e-08
680,6.245004513516506e-17,0.01138929685282131,3.920475055707584e-16,5.133875908069907e-05,0.010939955116978869,0.01138929685282131,4.3304721806769326e-08
681,5.204170427930421e-17,0.011442204523526131,1.700029006457271e-16,4.87725226864244e-05,0.010793731929374144,0.01144220452352613,3.886836709715642e-08
682,1.700029006457271e-16,0.01093069482482658,2.740863092043355e-16,4.710644396643815e-05,0.010451699511486418,0.01093069482482658,4.007409816869785e-08
683,2.498001805406602e-16,0.01032289954773154,1.491862189340054e-16,4.518093511306741e-05,0.01013810542475025,0.01032289954773154,4.071142517520393e-08
684,7.927686285214008e-16,0.00999999639830651,6.938893903907228e-18,4.4528904286716096e-05,0.009902213522275799,0.00999999639830651,3.810378705156712e-08
685,1.6219664500383146e-15,0.010021672762276317,1.1796119636642288e-16,4.512580484983264e-05,0.009791342300259673,0.010021672762276316,3.535865408202363e-08
686,2.92300905702092e-15,0.009711721622453352,1.2212453270876722e-15,4.512354979614632e-05,0.009589922073559735,0.00971172162245335,3.456940643547818e-08
687,2.546574062733953e-15,0.009327217783628071,2.508410146262463e-15,4.231868770650064e-05,0.009276486755576638,0.009327217783628071,3.966751658927342e-08
688,1.5213524884316598e-15,0.009240720629638852,1.1032841307212493e-15,3.649886032077408e-05,0.009095780136303756,0.009240720629638852,3.4912747411334074e-08
689,1.1893291256351302e-15,0.009015514607796687,1.870031907102998e-15,3.2227599933614196e-05,0.009015514607796688,0.00893492327400684,3.052416136501031e-08
690,1.8429810628994847e-15,0.008890636553964007,2.060851489460447e-15,3.02558705407548e-05,0.008890636553964005,0.008436743085001485,3.054452833562454e-08
691,2.0474073825216266e-15,0.008736265367697442,1.3877787807814457e-15,2.7844591653125757e-05,0.008736265367697442,0.008127187903404255,3.248483445802218e-08
692,1.832992850385462e-15,0.008601199465857306,2.3592239273284576e-16,2.6680362991693407e-05,0.008601199465857304,0.00847092302578097,2.9344190760266213e-08
693,2.148942915974894e-15,0.008534042879166759,1.949829186997931e-15,2.6481638032719614e-05,0.008518572009947316,0.008534042879166757,2.893473225342296e-08
694,2.352610294076296e-15,0.00838792321344332,7.28583859910259e-16,2.6222928994745938e-05,0.00838792321344332,0.008178835215980049,2.882963818610899e-08
695,2.283668588433374e-15,0.008277316552767467,7.077671781985373e-16,2.5872457183440112e-05,0.008277316552767467,0.0077860481413459925,3.020315837984595e-08
696,3.3170352315564644e-15,0.008207094612938427,6.349087922075114e-16,2.595183150866376e-05,0.008207094612938427,0.007574117142926266,2.9835277446498874e-08
697,5.167985180423718e-16,0.008149457874574561,2.8102520310824275e-16,2.634508247578715e-05,0.008149457874574561,0.007372779623359882,2.8096872008145316e-08
698,5.838130543237008e-15,0.008092433049285218,7.979727989493313e-16,2.5639376942665493e-05,0.008092433049285218,0.0072535124727772585,2.6675853422388166e-08
699,4.23292856929075e-15,0.007978878835666808,2.2898349882893854e-16,2.5537901044203615e-05,0.007978878835666808,0.0072515346219470585,3.131446650197922e-08
700,2.6221971642648167e-15,0.0078588343900836,2.255140518769849e-16,2.6386968069447292e-05,0.0078588343900836,0.007663708965441413,2.9777480518557928e-08
701,2.3127116541288295e-15,0.007818073575110787,3.885780586188048e-16,2.6258363848050137e-05,0.007818073575110787,0.007751341810927032,2.8221004583361735e-08
702,3.2278731553966877e-15,0.007689051653045815,7.181755190543981e-16,2.787397653710149e-05,0.007689051653045815,0.007262003753767345,3.080920150305023e-08
703,3.9685865271116283e-16,0.007614996229427499,2.7755575615628914e-16,2.6307276921384848e-05,0.007614996229427499,0.0070640425706559005,3.013623054773808e-08
704,2.7264974132579223e-16,0.007575279393295037,9.992007221626409e-16,3.1484396940219435e-05,0.007575279393295037,0.007046292846953829,2.9601414205526583e-08
705,5.053601851226497e-16,0.007500484410208703,4.5102810375396984e-17,3.352186593720205e-05,0.007500484410208703,0.007068640631373944,3.0110156946600565e-08
706,5.785844893468894e-16,0.00739344913888355,4.163336342344337e-17,3.4584218798814834e-05,0.00739344913888355,0.007132453426200999,2.6637401717436163e-08
707,9.08995101411847e-16,0.00724975412490578,5.551115123125783e-17,3.5765055863689645e-05,0.007249754124905779,0.007077764984807538,3.087242514025423e-08
708,1.776465259617499e-15,0.007122577712075274,5.551115123125783e-16,3.555659786329268e-05,0.0071225777120752735,0.007094077961366836,3.0589207741515426e-08
709,1.996666720849305e-15,0.00715594212623475,1.7381929229287607e-15,4.0447770466825635e-05,0.007054551438922632,0.0071559421262347486,2.8330250810859482e-08
710,1.9774763423963115e-15,0.00700025241261412,1.0685896612017132e-15,4.385651734271044e-05,0.006952863423611715,0.007000252412614122,3.0794180909214114e-08
711,3.0381513277388805e-15,0.007051163352452327,2.96637714392034e-15,4.21271546835909e-05,0.006824977485274721,0.007051163352452327,3.2577296033676054e-08
712,3.377398187509595e-15,0.0072127759004564284,2.3349377986647823e-15,4.4381067214664845e-05,0.006771524958144677,0.007212775900456429,3.072346235665961e-08
713,2.7388031079156328e-15,0.007184314651293156,1.790234627208065e-15,4.688850388306822e-05,0.0066948736409418955,0.0071843146512931555,3.310649153719207e-08
714,3.693117860137374e-15,0.006969859632776023,3.1329105976141136e-15,4.7469621555314666e-05,0.0066444824520735446,0.006969859632776023,3.2394938892600646e-08
715,4.264926085906229e-15,0.0069117876822647846,2.7096380694757727e-15,5.039332296325697e-05,0.006671643708017146,0.0069117876822647846,3.53582092427259e-08
716,1.6127100739907196e-15,0.00682501387668916,1.6132928326584306e-15,5.3969286721743635e-05,0.00674763270252579,0.006825013876689159,3.4932422031211086e-08
717,1.1497964039208775e-15,0.007050532521204357,6.696032617270475e-16,5.5194189843847836e-05,0.006857625442203178,0.007050532521204357,3.158572551587083e-08
718,9.766493169749424e-16,0.007000423928743841,5.551115123125783e-16,5.248091882391424e-05,0.006847717264271299,0.007000423928743842,3.0593232420737e-08
719,4.85722573273506e-17,0.0068142827455916506,2.255140518769849e-16,4.592221226999097e-05,0.0068142827455916506,0.00677563660372396,3.1423667674898925e-08
720,6.418476861114186e-17,0.006819818867039517,4.475586568020162e-16,3.445975007527677e-05,0.006799144857088473,0.0068198188670395175,2.8533369752139955e-08
721,7.632783294297951e-17,0.006753811759027663,1.249000902703301e-16,3.4737749079472025e-05,0.006753811759027663,0.006740344786925576,2.995020026499713e-08
722,1.474514954580286e-16,0.006658522329899412,3.400058012914542e-16,3.53884463586418e-05,0.0066585223298994125,0.006517243574672921,3.1888873079159495e-08
723,5.273559366969494e-16,0.006799745350153331,9.194034422677078e-16,3.4177811038205164e-05,0.006545357126837032,0.006799745350153331,3.184116519266636e-08
724,1.2160411566597418e-15,0.006689154316490258,1.3461454173580023e-15,3.398700776688357e-05,0.0064118115080943425,0.006689154316490257,3.220647753975232e-08
725,2.321060010856968e-15,0.0066165086020362794,1.304512053934559e-15,3.5484014415193554e-05,0.006321387929283497,0.00661650860203628,3.2960378968905464e-08
726,3.9430264608952825e-15,0.0066629019596157885,3.4486302702418925e-15,3.943616545888824e-05,0.006281445548955941,0.0066629019596157885,3.430167427656839e-08
727,4.872838244018851e-15,0.006804926919694152,2.411265631607762e-15,3.869630119329292e-05,0.006227652756611789,0.006804926919694152,3.742697894175965e-08
728,7.004813395994347e-15,0.007346231762771071,6.99787450209044e-15,4.477319550137953e-05,0.006256953138856736,0.007346231762771072,3.480276693913101e-08
729,6.822667431016782e-15,0.007859666660595389,6.467049118441537e-15,4.637240041930821e-05,0.006349778790343641,0.007859666660595389,3.251047973759517e-08
730,8.44810332800705e-15,0.007443291830647012,6.588479761759913e-15,4.338653054732338e-05,0.006380043013069538,0.007443291830647012,3.2548996311888504e-08
731,7.546047120499111e-15,0.007245695829586491,8.319733790784767e-15,3.5631638229944966e-05,0.006453825976249841,0.007245695829586491,3.068011470823995e-08
732,5.192027363598584e-15,0.00711315698699202,4.399258735077183e-15,2.8910116856382256e-05,0.00648502161620038,0.00711315698699202,3.0703300262136756e-08
733,5.656933255160368e-15,0.006924023277396919,5.4817261840867104e-15,2.769500591064296e-05,0.006474187575356071,0.0069240232773969184,3.1800711742221665e-08
734,4.616099169574284e-15,0.007143168218442951,3.698430450782553e-15,2.647829622294453e-05,0.006403928441186648,0.007143168218442951,3.234293050954079e-08
735,3.625572064791527e-16,0.00707955873876751,4.163336342344337e-16,2.6154065845608067e-05,0.00630255771596523,0.0070795587387675095,3.2250132406570206e-08
736,3.122502256758253e-17,0.007092344431993553,2.220446049250313e-16,2.6320171692726692e-05,0.006237136266130873,0.007092344431993553,3.1806962623697705e-08
737,1.1622647289044608e-16,0.0071022425496462226,1.3530843112619095e-16,2.5503033654369726e-05,0.006233990306276084,0.007102242549646222,3.1530712370939465e-08
738,6.245004513516506e-17,0.006950298225539312,2.8449465006019636e-16,2.304483773072838e-05,0.006229831501102885,0.006950298225539311,3.3063004016454665e-08
739,1.0061396160665481e-16,0.0075895570901858556,4.926614671774132e-16,2.07776990658326e-05,0.006261144921333022,0.007589557090185855,2.8935027057315658e-08
740,5.898059818321144e-17,0.007868662281804507,3.5041414214731503e-16,2.071838214444746e-05,0.006275439600276636,0.007868662281804509,2.6964752549968488e-08
741,1.1102230246251565e-16,0.00741474131545192,9.26342336171615e-16,2.1181362820604614e-05,0.00625634303708348,0.00741474131545192,2.590896734142054e-08
742,8.326672684688674e-17,0.007397266831853977,4.510281037539698e-16,2.1869191153192982e-05,0.006288838234758088,0.007397266831853976,2.5327726793803004e-08
743,2.3044717176179397e-16,0.0072707824616609915,1.1796119636642288e-16,2.426006247518639e-05,0.006317604784438224,0.007270782461660991,2.3990223042283726e-08
744,2.729750019775379e-16,0.007151355203170454,3.2612801348363973e-16,2.389691877886877e-05,0.006357202135326719,0.007151355203170454,2.3665892172942357e-08
745,4.4768062954642085e-16,0.007175147574357832,3.3306690738754696e-16,2.3550204716052056e-05,0.006328676757095659,0.007175147574357832,2.3396921660198115e-08
746,6.424439973062857e-16,0.007136210481576602,2.1510571102112408e-16,2.3546615890217455e-05,0.006212276816527303,0.007136210481576601,2.4774852513129728e-08
747,8.057790545912269e-16,0.007073716936480508,3.0531133177191805e-16,2.3527041816380836e-05,0.006146192267382716,0.007073716936480508,2.3863227313985184e-08
748,8.864436962241484e-16,0.007037878603257563,3.2612801348363973e-16,2.4827689463161745e-05,0.006100608196758098,0.007037878603257563,2.3560030664972715e-08
749,1.072492789022661e-15,0.006750499878153707,2.671474153004283e-16,2.5512928128973086e-05,0.006029933484546604,0.006750499878153706,2.3745413019984956e-08
750,1.1787446019262404e-15,0.006862897523791177,6.279698983036042e-16,2.353624619519292e-05,0.006060497063564525,0.006862897523791177,2.332054078903688e-08
751,1.4682265819798701e-15,0.006921930344166045,4.40619762898109e-16,2.3950768111504102e-05,0.006040412113287187,0.006921930344166045,2.159184753764127e-08
752,1.5178830414797062e-15,0.006661940657164548,3.469446951953614e-16,2.3756138021471633e-05,0.005910424033915947,0.006661940657164549,2.0392711775279416e-08
753,1.7329887525008303e-15,0.006411570285595004,2.255140518769849e-16,2.3495741202745994e-05,0.005785263696007008,0.006411570285595004,2.0863279996901613e-08
754,1.848320758598976e-15,0.006235449482337356,7.840950111415168e-16,2.390646680653849e-05,0.005718746962020233,0.006235449482337355,2.107344796984868e-08
755,1.803624524038261e-15,0.00610718143579853,1.790234627208065e-15,2.371093651299533e-05,0.005722609212107047,0.006107181435798531,2.0329976676323303e-08
756,2.6853519408120974e-15,0.0063479522897615555,1.5404344466674047e-15,2.4443295762816876e-05,0.005709921828070091,0.006347952289761555,2.109550484591956e-08
757,2.382371643711023e-15,0.006243731969812247,2.0365653607967715e-15,2.517695186027291e-05,0.00558793728993027,0.006243731969812247,2.1546138909505e-08
758,2.1614654510671016e-15,0.006025637649215543,1.987993103469421e-15,2.4799536328001803e-05,0.00550512783234758,0.006025637649215543,2.1029664422793596e-08
759,3.2578106878844437e-15,0.005913457933074691,1.2559397966072083e-15,2.455391252734456e-05,0.005505257306345707,0.005913457933074691,2.129739950426689e-08
760,5.3377441355806354e-15,0.005473341741948469,2.5118795932144167e-15,2.5289599404488237e-05,0.005406327189451274,0.00547334174194847,1.9494609531707583e-08
761,2.905661822261152e-15,0.0053950628822919625,1.4155343563970746e-15,2.4859941087845144e-05,0.0053950628822919625,0.005218122439810497,2.0724054720355972e-08
762,5.85122228446977e-15,0.005720363465030276,2.5118795932144167e-15,2.6315616648586206e-05,0.005479238506419005,0.0057203634650302764,2.192931795855436e-08
763,2.6419838539126772e-15,0.00587119736277175,9.332812300755222e-16,2.637552667966985e-05,0.00549957035183456,0.005871197362771751,2.1384603289543812e-08
764,5.703770789011742e-15,0.005962331796496426,3.361894096443052e-15,2.5121391710070107e-05,0.005523869004688072,0.005962331796496426,2.153206333080874e-08
765,7.129713486264677e-16,0.0058289019729934706,2.185751579730777e-16,2.510107066677758e-05,0.005490310569018965,0.00582890197299347,2.2397187597091466e-08
766,3.282096816548119e-15,0.005544026587414796,6.036837696399289e-16,2.5837535150730062e-05,0.005522228713250756,0.005544026587414794,1.9904822207582726e-08
767,1.6427831317500363e-15,0.005552565343198598,1.016547956922409e-15,2.679481781042714e-05,0.005552565343198598,0.0052827813948427525,2.09057125157967e-08
768,3.0270924655795284e-15,0.005373641540546899,7.389922007661198e-16,2.7190112578789893e-05,0.005373641540546899,0.00531573010714078,2.0887142831963827e-08
769,2.8466812240779404e-15,0.005276581696240555,1.2281842209915794e-15,2.649870680471178e-05,0.005276581696240555,0.005240143188845074,2.1445204972024008e-08
770,5.2735593669694936e-15,0.005313788778085384,1.7381929229287607e-15,2.5525723292396663e-05,0.005240099549383444,0.005313788778085384,2.2314985828817666e-08
771,3.443426099813962e-15,0.0054286510829922125,7.598088824778415e-16,2.504008755011087e-05,0.005204576837679261,0.0054286510829922125,2.1777084443164032e-08
772,5.330805241676728e-15,0.005332960625574441,1.2281842209915794e-15,2.7598601454422063e-05,0.005182489662248761,0.00533296062557444,2.085475908563209e-08
773,5.676015213396113e-15,0.005543088496185004,1.7937040741600185e-15,2.784625779179116e-05,0.005139106675653104,0.0055430884961850035,2.1484384633661916e-08
774,4.305583667374435e-15,0.005467009985875714,1.5855372570428017e-15,2.841827431849294e-05,0.005121196606901527,0.0054670099858757145,1.9897214569463938e-08
775,2.175343238874916e-15,0.0052766517455074425,6.453171330633722e-16,2.6380789305056537e-05,0.005103283157309243,0.0052766517455074425,1.902518110920715e-08
776,2.9646424204443633e-15,0.005016630288970371,9.506284648352903e-16,2.1669210721171617e-05,0.00500742666942303,0.005016630288970371,1.752270642307797e-08
777,1.1622647289044608e-16,0.004957747092460886,1.942890293094024e-16,2.0953044041403107e-05,0.0049577470924608855,0.004860720038101081,1.7056332106064487e-08
778,1.0234868508263162e-16,0.004921798240117566,2.220446049250313e-16,2.053133897120512e-05,0.004921798240117566,0.004759506794020862,1.690653416611512e-08
779,5.204170427930421e-17,0.004857380870556983,1.97758476261356e-16,2.0329690548338483e-05,0.004846984136747827,0.004857380870556983,1.7015964694762804e-08
780,5.204170427930421e-17,0.004750039157653354,4.510281037539698e-16,2.0481820265092973e-05,0.004750039157653354,0.004735440787101676,1.6342401714464407e-08
781,9.367506770274758e-17,0.004698357332064767,2.0816681711721685e-17,1.9008574841494763e-05,0.004629747080334758,0.004698357332064768,1.6307217809900927e-08
782,4.5102810375396984e-17,0.004541069431842708,2.7755575615628914e-16,1.9666046611032523e-05,0.004541069431842709,0.004531826048820851,1.6550433032977062e-08
783,6.266688556966216e-17,0.004467144422102414,7.979727989493313e-17,1.985124467327945e-05,0.004467144422102414,0.004372355558507698,1.5024505063899806e-08
784,1.0755285551056204e-16,0.004451625297086079,1.412064909445121e-15,1.9225436408840807e-05,0.004388280882812282,0.004451625297086079,1.4995828607973765e-08
785,4.5102810375396984e-17,0.004604314536924613,5.898059818321144e-17,1.946076686015069e-05,0.0042704145273416575,0.004604314536924613,1.5710443957994507e-08
786,9.020562075079397e-17,0.004629552109441429,1.3426759704060487e-15,1.9796441498864253e-05,0.00415893568168723,0.004629552109441429,1.4853479399796637e-08
787,1.3183898417423734e-16,0.004686989262200552,6.349087922075114e-16,1.9076070790013423e-05,0.0039958219384989375,0.004686989262200551,1.4783299403150036e-08
788,1.0234868508263162e-16,0.004554618660607091,2.7755575615628914e-17,1.8639533870449566e-05,0.0039000361225639364,0.00455461866060709,1.4061974513688491e-08
789,1.8388068845354155e-16,0.004166678271894488,1.2906342661267445e-15,1.9463512233226267e-05,0.003754171768322565,0.004166678271894488,1.3333984553185831e-08
790,1.6653345369377348e-16,0.004076084264186685,2.220446049250313e-16,2.0913499464566936e-05,0.0036741688320350643,0.004076084264186686,1.4197740322585739e-08
791,1.942890293094024e-16,0.0038258580766102083,1.1345091532888318e-15,2.1159280117889583e-05,0.0035071744113374464,0.0038258580766102083,1.3803161348955477e-08
792,2.393918396847994e-16,0.003820377340132282,2.0816681711721685e-17,2.053456622493066e-05,0.003413007254226275,0.0038203773401322815,1.3890459767488665e-08
793,2.671474153004283e-16,0.003743471718859314,1.1553258350005535e-15,2.0873472148952993e-05,0.0032463615545510922,0.0037434717188593145,1.5360410813221624e-08
794,2.636779683484747e-16,0.0036425399582724694,1.4224732503009818e-16,2.119421207235836e-05,0.0031526461623742454,0.0036425399582724694,1.4317712549487892e-08
795,3.0531133177191805e-16,0.0036897382070338863,4.683753385137379e-16,1.9134785148214317e-05,0.0030956536449409885,0.0036897382070338863,1.1890125809672246e-08
796,3.712308238590367e-16,0.0036032538413549482,3.469446951953614e-17,1.660448150215578e-05,0.0030507613750748756,0.003603253841354947,1.2017989482693627e-08
797,4.822531263215524e-16,0.0034866389813806914,6.938893903907228e-16,1.441848298131855e-05,0.0029643394923175737,0.0034866389813806922,1.1465435835448488e-08
798,4.111294638065033e-16,0.0034101553606861916,4.371503159461554e-16,1.3752159979341094e-05,0.0028846212548085145,0.0034101553606861916,1.2354418758391103e-08
799,5.100087019371813e-16,0.0032828812921475658,9.020562075079397e-16,1.3270868258641322e-05,0.0028011871578171093,0.0032828812921475658,1.2539411193033191e-08
800,6.800116025829084e-16,0.0031844567503105255,2.185751579730777e-16,1.2912383368535174e-05,0.002776579648773162,0.0031844567503105255,1.1607672395030963e-08
801,1.4085954624931674e-15,0.0030676082159425007,2.1510571102112408e-15,1.3299284759460406e-05,0.002738250402868776,0.003067608215942501,1.2048030402520966e-08
802,6.548581121812447e-17,0.0029500163043414867,1.9081958235744878e-16,1.335106862065949e-05,0.0026890942035358006,0.0029500163043414862,1.253914112688528e-08
803,1.1796119636642288e-15,0.002931523831760175,5.620504062164855e-16,1.2792002680006576e-05,0.0026560197587236272,0.0029315238317601743,9.996581435291347e-09
804,5.898059818321144e-16,0.002890203252743464,6.106226635438361e-16,1.2167234489046663e-05,0.0026117112564914688,0.0028902032527434634,1.0425725859493383e-08
805,1.1483869410966463e-15,0.0028888977933887103,3.191891195797325e-16,1.1524323986655816e-05,0.0025062866937106353,0.00288889779338871,1.1175669549822216e-08
806,9.367506770274758e-17,0.0028694284618790327,6.938893903907228e-18,1.0132448123684364e-05,0.0024566095390230547,0.0028694284618790327,1.0879781150731154e-08
807,7.979727989493313e-17,0.0028296285392280327,4.40619762898109e-16,1.05723399163914e-05,0.002412756902587354,0.0028296285392280327,1.0500659791941423e-08
808,1.0061396160665481e-16,0.0028377597594664602,3.7816971776294395e-16,1.0684096456672898e-05,0.0024022790031389477,0.0028377597594664607,9.743075400785113e-09
809,1.7694179454963432e-16,0.002759883828373552,6.522560269672795e-16,1.0831701090991026e-05,0.0023865878125164464,0.0027598838283735523,9.74087343816615e-09
810,3.226585665316861e-16,0.00269586073384622,1.491862189340054e-16,1.1375810270473213e-05,0.0023485237928438543,0.00269586073384622,1.1370737498077087e-08
811,4.163336342344337e-16,0.002745666556129305,1.0755285551056204e-16,1.185421757113423e-05,0.002327796549329131,0.0027456665561293044,1.0138293684803665e-08
812,6.123573870198129e-16,0.0027229590684038295,1.6445178552260131e-15,1.211985479437818e-05,0.0022974468287413562,0.00272295906840383,1.0324169803013594e-08
813,6.557254739192331e-16,0.0026833706547512116,5.134781488891349e-16,1.2038263514675164e-05,0.0022512005982981676,0.0026833706547512116,1.2051730125651318e-08
814,8.708311849403572e-16,0.0028264649967591057,8.118505867571457e-16,1.1969132000819692e-05,0.002241281641986478,0.0028264649967591057,1.1155128780957225e-08
815,7.251144129583054e-16,0.0027435679225918702,7.008282842946301e-16,1.2084394730661231e-05,0.0022239692319625296,0.00274356792259187,1.073861566065254e-08
816,6.869504964868156e-16,0.0026795627674033183,8.083811398051921e-16,1.1485318487064293e-05,0.0022224381732706645,0.0026795627674033188,1.0837785272562373e-08
817,6.140921104957897e-16,0.0025354646927459963,2.8796409701215e-16,1.1351711848276227e-05,0.002209698899545462,0.0025354646927459967,9.934205014687191e-09
818,3.660266534311063e-16,0.002449109071208948,1.4016565685892601e-15,1.0668548442684632e-05,0.002191917989882182,0.002449109071208948,1.0441626785363918e-08
819,3.91573167120296e-16,0.002442486049520058,4.475586568020162e-16,9.43824071342192e-06,0.00217922365067487,0.002442486049520058,1.006870183408531e-08
820,4.996003610813204e-16,0.0024074782628890293,8.049116928532385e-16,9.488350761199804e-06,0.0021524076235173596,0.0024074782628890293,9.023261305092622e-09
821,1.3739009929736312e-15,0.002297489991098436,1.3287981825982342e-15,9.497155840421101e-06,0.0020983837131220862,0.0022974899910984357,1.0145911680529929e-08
822,4.128641872824801e-16,0.0023728705447147126,1.0061396160665481e-16,9.500849544874512e-06,0.002066344786139217,0.0023728705447147126,1.0016727877473834e-08
823,1.0685896612017132e-15,0.002435317717642246,1.7728873924482969e-15,9.502410517669979e-06,0.002052871377859549,0.002435317717642246,8.939041846761112e-09
824,7.528699885739343e-16,0.0024139399880357183,1.627170620466245e-15,9.404938596135892e-06,0.0020250475006690196,0.002413939988035718,9.596945644948709e-09
825,4.2674197509029455e-16,0.0023945101990723878,6.591949208711867e-17,9.401721817625663e-06,0.0019795766335462747,0.0023945101990723873,9.518745701067969e-09
826,6.696032617270475e-16,0.002436059702442302,1.3877787807814457e-17,9.402652230150466e-06,0.0019538428646628664,0.0024360597024423026,8.693073230624437e-09
827,1.6637082336790066e-16,0.0023979077252884564,3.122502256758253e-17,9.148754900101252e-06,0.0019510929766416983,0.0023979077252884564,9.172554170195118e-09
828,1.3183898417423734e-16,0.002344280011092249,6.904199434387692e-16,9.092581960135071e-06,0.0019566872706980216,0.0023442800110922484,7.935278372024398e-09
829,1.0061396160665481e-16,0.002302456595931106,4.2327252813834093e-16,9.110846303839182e-06,0.001961626098585277,0.002302456595931106,8.527758146634424e-09
830,1.0598076236045806e-16,0.002452087963620207,1.0304257447302234e-15,9.004119875255512e-06,0.00201070331442755,0.002452087963620207,9.224178330861746e-09
831,1.441988889405721e-16,0.0025335875822088544,1.97758476261356e-16,8.811278767062447e-06,0.002018774295900721,0.002533587582208855,8.701086890142494e-09
832,2.078415564654712e-16,0.002474738453665469,1.3704315460216776e-15,8.670918533071337e-06,0.001990465122335795,0.0024747384536654687,9.509763837252621e-09
833,2.161357030849853e-16,0.002544344305939792,3.8163916471489756e-17,8.500494718788332e-06,0.002005437055176563,0.002544344305939792,9.871236433065659e-09
834,2.264898338322219e-16,0.0026536182271643346,8.569533971325427e-16,8.419927456593257e-06,0.0020493852946272912,0.0026536182271643346,9.139036596834014e-09
835,3.3859633846722303e-16,0.0025961729890646413,1.942890293094024e-16,8.156280600690735e-06,0.0020624874970411743,0.0025961729890646417,9.71647445992116e-09
836,3.6266562669640123e-16,0.0026018229327818016,1.2559397966072083e-15,8.041398531832833e-06,0.0020556010909284477,0.0026018229327818016,8.834153837855045e-09
837,3.1214180545857673e-16,0.0026455182211137826,5.134781488891349e-16,7.988605248865355e-06,0.002053930733047143,0.0026455182211137826,8.666213727375182e-09
838,4.461491939777851e-16,0.0025695074594671136,7.667477763817487e-16,7.906518711187083e-06,0.0020461973298114664,0.002569507459467114,9.482135780773357e-09
839,4.704353226414604e-16,0.0026310147968604067,5.48172618408671e-16,7.824779405418703e-06,0.0020641642888296007,0.0026310147968604067,9.026482058689115e-09
840,5.32993787993874e-16,0.002553397602225145,1.1622647289044608e-15,7.744166271139719e-06,0.0020712622670648745,0.002553397602225145,8.514512248569811e-09
841,7.555262838965238e-16,0.0023944807982538676,2.1510571102112408e-16,7.670490752453851e-06,0.002074715182241521,0.0023944807982538676,9.291878404428754e-09
842,1.0522724185058063e-15,0.002525470214193343,1.734723475976807e-16,7.564229253187449e-06,0.0021134833374047723,0.002525470214193343,8.260735405837925e-09
843,3.837533589512443e-16,0.002466709111207184,6.245004513516506e-17,7.661414004525927e-06,0.002120292475076197,0.002466709111207184,8.515230199832391e-09
844,5.766871355450398e-16,0.0024291148247500547,1.106753577673203e-15,7.441370395877556e-06,0.002108651695183721,0.002429114824750055,8.21544341629768e-09
845,5.794518510848778e-16,0.0025023213715661304,9.367506770274758e-17,7.45264563775834e-06,0.002127934636697963,0.0025023213715661304,7.967084487045184e-09
846,4.192067699915203e-16,0.0024277024619505086,9.957312752106873e-16,8.396634690579531e-06,0.00213041040789424,0.0024277024619505086,8.417270115015807e-09
847,2.3548871186385156e-16,0.0024484764201752485,6.175615574477433e-16,7.982697170784772e-06,0.002150904276358507,0.0024484764201752485,8.502944482143795e-09
848,6.591949208711867e-17,0.0024841488817269005,2.983724378680108e-16,8.760408357647194e-06,0.002141447994636626,0.002484148881726901,7.850425281757672e-09
849,9.71445146547012e-17,0.0024219198187690437,4.787836793695988e-16,9.026656276935226e-06,0.0021089822868066493,0.0024219198187690437,8.588129653430544e-09
850,9.367506770274758e-17,0.0024450962131117937,3.469446951953614e-18,8.550821285075935e-06,0.0021118665703287846,0.0024450962131117937,8.352683803811599e-09
851,1.0842021724855044e-16,0.002477193061779288,1.1345091532888318e-15,9.174128063524009e-06,0.002095745263893387,0.002477193061779288,8.693592178784906e-09
852,1.8041124150158794e-16,0.0024709931464000226,1.97758476261356e-16,9.311764715560535e-06,0.00206398065195368,0.0024709931464000226,9.052600238081172e-09
853,2.0990154059319366e-16,0.002588520219096967,2.6020852139652106e-16,9.105770568492398e-06,0.002072142104992165,0.002588520219096967,9.367660297914243e-09
854,1.4671965899160089e-16,0.0025235539160620934,5.412337245047638e-16,9.471192302687274e-06,0.002050830729798583,0.002523553916062093,9.177493267649704e-09
855,2.2659825404947043e-16,0.0024352789565658456,7.112366251504909e-16,8.733737716732672e-06,0.0020710952542837913,0.0024352789565658456,8.747486146792132e-09
856,1.8257964584655895e-16,0.002408660061196782,2.1510571102112408e-16,9.431221992132859e-06,0.002073598246922842,0.002408660061196782,8.243079489565752e-09
857,1.974603206639225e-16,0.0023073492264133635,8.049116928532385e-16,9.527953624424712e-06,0.002043977688283633,0.002307349226413363,8.113629770090759e-09
858,1.8534436138639698e-16,0.00225199851831984,1.5959455978986625e-16,9.331373062642853e-06,0.0020445469005940598,0.0022519985183198396,8.25081612988415e-09
859,2.246466901389965e-16,0.0023325715636116334,1.491862189340054e-16,8.68729864900164e-06,0.0020304382061459387,0.002332571563611634,7.962821799095183e-09
860,1.418949593240404e-16,0.0022820936186415696,7.667477763817487e-16,7.075994186938987e-06,0.002010016652291241,0.0022820936186415696,7.603094578549492e-09
861,2.0751629581372555e-16,0.002300954301479999,1.3149203947904198e-15,7.345249153807576e-06,0.002014222546737575,0.0023009543014799985,7.85043498514791e-09
862,1.3295029140103498e-16,0.0022921125713365135,1.8735013540549517e-16,7.494751213536072e-06,0.00198543282637578,0.0022921125713365135,7.496663368820247e-09
863,1.8786513143742578e-16,0.002287164522564198,8.291978215169138e-16,7.378759143489115e-06,0.001965197349178756,0.002287164522564198,7.623745873095373e-09
864,1.2782743613604097e-16,0.002235323176375744,3.122502256758253e-17,7.544172901823888e-06,0.0019551842984664447,0.0022353231763757434,7.69929093563167e-09
865,2.723515857283587e-16,0.0021960594723627017,4.579669976578771e-16,7.513872098921515e-06,0.0019153041971378094,0.0021960594723627017,7.261725337590851e-09
866,8.969062471886335e-17,0.002139685921901008,2.42861286636753e-17,7.573494747338885e-06,0.0018954973011483939,0.0021396859219010075,7.407747128645053e-09
867,9.367506770274758e-17,0.0021668190563363774,4.128641872824801e-16,7.586717864225927e-06,0.0018766588545401169,0.002166819056336377,7.192898395295102e-09
868,4.163336342344337e-17,0.0021709118520819755,1.1796119636642288e-16,7.749436445033363e-06,0.0018636130087794768,0.002170911852081976,6.714677502976857e-09
869,1.0408340855860843e-16,0.002101439035821844,3.7470027081099033e-16,7.833887021810662e-06,0.0018592115824822026,0.0021014390358218443,6.894386110029888e-09
870,6.071532165918825e-17,0.002080028979385726,2.185751579730777e-16,7.689580822477747e-06,0.0018257440748267995,0.002080028979385726,6.6236899798525826e-09
871,7.979727989493313e-17,0.002094028964943654,9.645062526431047e-16,7.504048422956808e-06,0.0018010585508950656,0.002094028964943654,6.262021762103e-09
872,4.85722573273506e-17,0.002051907875565,6.245004513516506e-17,7.879654753478564e-06,0.0017894169954563604,0.0020519078755650002,6.327958909888396e-09
873,1.1622647289044608e-16,0.0019711039808208847,8.673617379884035e-17,7.777275054235075e-06,0.0017332461465850992,0.0019711039808208847,6.0146452147736515e-09
874,4.85722573273506e-17,0.001951146930882656,1.700029006457271e-16,7.3755042901482715e-06,0.0017110575764799018,0.001951146930882656,6.134711214570943e-09
875,9.194034422677078e-17,0.0019040022807495886,7.4593109467002705e-16,7.388462111778196e-06,0.0016970970615073715,0.0019040022807495886,6.53294368686978e-09
876,5.204170427930421e-17,0.0019135107503871003,8.326672684688674e-17,7.249476588325199e-06,0.001689887942079965,0.0019135107503870999,6.1922200705395695e-09
877,1.249000902703301e-16,0.0018967381468002317,1.1275702593849246e-15,7.411681374192881e-06,0.0016835893536772482,0.001896738146800232,6.352748399222326e-09
878,1.1449174941446927e-16,0.0018356376397996523,2.7755575615628914e-16,7.612810983128465e-06,0.0016616392077704965,0.0018356376397996523,6.85771489093361e-09
879,1.1622647289044608e-16,0.0018945793875087217,1.6653345369377348e-16,7.320492354437498e-06,0.001652561565850873,0.0018945793875087221,6.483737523647761e-09
880,1.0755285551056204e-16,0.0018542124541326933,2.0816681711721685e-16,7.640467934296076e-06,0.001659030536687402,0.0018542124541326933,6.289706735971958e-09
881,2.255140518769849e-16,0.0017846875121227414,2.636779683484747e-16,7.448749407789473e-06,0.001666498026393103,0.0017846875121227414,6.136289447950091e-09
882,5.204170427930421e-17,0.0017478069947834659,5.551115123125783e-17,7.2981476302831985e-06,0.001666119601350956,0.0017478069947834659,5.635241670771544e-09
883,4.423544863740858e-16,0.0016898233530254513,2.688821387764051e-15,7.342849689351456e-06,0.0016797046272846515,0.0016898233530254513,6.179756455287839e-09
884,1.0928757898653885e-16,0.0016733355130321619,5.724587470723463e-16,7.562256218171699e-06,0.0016732779775516689,0.0016733355130321619,6.379056893822549e-09
885,2.3765711620882257e-16,0.0017328056322731848,1.807581861967833e-15,7.0933397104712415e-06,0.001657332607449037,0.0017328056322731848,5.575999489745474e-09
886,7.112366251504909e-17,0.0016617359383028752,5.516420653606247e-16,5.885204862998705e-06,0.0016540232760399627,0.001661735938302875,5.835970007053184e-09
887,9.71445146547012e-17,0.0016656487321515968,2.463307335887066e-16,6.10008340595769e-06,0.001665648732151597,0.001658963789466119,5.470673877088066e-09
888,9.020562075079397e-17,0.0016688906003749406,2.636779683484747e-16,6.434081749828735e-06,0.0016688906003749406,0.0016382120086336613,5.11143964026877e-09
889,8.326672684688674e-17,0.0016535405743883713,2.3245294578089215e-16,6.4431382978957785e-06,0.0016535405743883709,0.0015910382959813604,5.444718380308908e-09
890,3.469446951953614e-17,0.0016298649126834505,2.42861286636753e-16,6.363291149669159e-06,0.0016298649126834505,0.0015648367169431398,5.144993518097698e-09
891,1.1449174941446927e-16,0.0016156751351470188,1.1310397063368782e-15,6.230839565635193e-06,0.0016156751351470188,0.0015591270612014371,5.019997525225145e-09
892,4.85722573273506e-17,0.0015995053972847335,1.0061396160665481e-16,6.040562472109379e-06,0.0015995053972847335,0.0015068387995538167,5.40643681789096e-09
893,9.71445146547012e-17,0.0015856308202463717,2.3592239273284576e-16,5.7726255581203034e-06,0.0015856308202463717,0.0015190232263844398,4.610761477991705e-09
894,7.632783294297951e-17,0.001571336634967643,3.434752482434078e-16,5.5135634453584714e-06,0.001571336634967643,0.001495503851267045,4.599702895402601e-09
895,9.367506770274758e-17,0.0015319914698095588,1.491862189340054e-16,5.301907116117555e-06,0.0015319914698095588,0.0014817963849087902,5.1038785146664e-09
896,5.377642775528102e-17,0.001514094580471739,1.700029006457271e-16,4.752625688775325e-06,0.0015140945804717385,0.001509161026641716,4.886244560750164e-09
897,1.3010426069826053e-16,0.0014932723108307833,5.828670879282072e-16,4.476492712846003e-06,0.0014932723108307833,0.0014826116476919409,4.888333830434321e-09
898,7.632783294297951e-17,0.00147367822237138,7.979727989493313e-17,4.538642552785396e-06,0.0014736782223713797,0.0014687960333405329,4.6697672290645335e-09
899,1.3183898417423734e-16,0.001459263946175606,1.7104373473131318e-15,4.53888044704958e-06,0.001459257988700321,0.0014592639461756063,4.4334136351534375e-09
900,7.112366251504909e-17,0.00143874672838969,2.6020852139652106e-16,4.7016082496331366e-06,0.0014387467283896898,0.0013794233184523112,4.667454436572147e-09
901,8.673617379884035e-17,0.0014183739855607412,3.469446951953614e-18,4.525364157555688e-06,0.0014183739855607412,0.0013631294011110019,4.023298187528487e-09
902,6.765421556309548e-17,0.0014162054602056967,3.434752482434078e-16,4.377521987650873e-06,0.0014162054602056967,0.001364362338503389,3.9236885132966695e-09
903,2.0469737016526324e-16,0.001406673667896728,5.516420653606247e-16,4.497417961824013e-06,0.001406673667896728,0.0013396229688695926,4.596085113754212e-09
904,2.6020852139652106e-17,0.0014044168810727563,6.591949208711867e-17,4.657931628433178e-06,0.0014044168810727563,0.0013872942000671435,4.658863433115761e-09
905,1.3357370765021415e-16,0.0014155492650890912,7.355227538141662e-16,4.774538349685067e-06,0.0014090951477255293,0.001415549265089091,4.352027292652225e-09
906,6.938893903907228e-17,0.0014063629811616038,1.5612511283791264e-16,4.96755691168152e-06,0.0014063629811616035,0.0013895979295146183,4.512480964562392e-09
907,1.249000902703301e-16,0.0014113886101703174,1.394717674685353e-15,4.9133797845038116e-06,0.0014113886101703174,0.001403506480201515,4.48801067589411e-09
908,8.673617379884035e-17,0.0014131411390202243,8.951173136040325e-16,5.006571380013723e-06,0.0014131411390202243,0.0013588589218164618,4.5579044860250726e-09
909,7.632783294297951e-17,0.0014194317639665637,7.4593109467002705e-16,4.759189730351235e-06,0.0014194317639665637,0.0013460089878489607,4.334511058172116e-09
910,4.5102810375396984e-17,0.001417360813301022,1.6306400674181987e-16,4.847813153928404e-06,0.0014173608133010215,0.0013493795124602656,4.067876031240858e-09
911,2.463307335887066e-16,0.001373181919622899,8.81239525796218e-16,4.90111058388653e-06,0.001373181919622899,0.0012827575183330174,4.4009885593426176e-09
912,4.163336342344337e-17,0.0013293608072919975,8.326672684688674e-17,4.336641126018344e-06,0.0013293608072919975,0.0012679273379250827,4.526207410864183e-09
913,9.367506770274758e-17,0.0013177746201841192,2.914335439641036e-16,4.293207886039811e-06,0.0013177746201841194,0.0012966712489222956,3.8416048736704056e-09
914,1.0755285551056204e-16,0.0013196392708227673,4.649058915617843e-16,4.304475890299503e-06,0.0013196392708227675,0.0013096493114033042,3.869900192302398e-09
915,6.765421556309548e-17,0.001326930415460133,7.979727989493313e-16,4.2913235508606e-06,0.001326930415460133,0.0013268754257172487,4.245432794318551e-09
916,8.326672684688674e-17,0.0013450518390170495,2.0816681711721685e-16,4.439484738430997e-06,0.0013292490147788494,0.0013450518390170497,4.115316714649909e-09
917,1.0061396160665481e-16,0.0013413020310813063,6.661338147750939e-16,4.445535508121844e-06,0.0013413020310813063,0.0013313014286330262,3.903545509131476e-09
918,2.8297676701871666e-17,0.0013515163025832882,1.700029006457271e-16,4.5237120965407884e-06,0.0013515163025832882,0.0013214289662499797,3.735803471328863e-09
919,2.2898349882893854e-16,0.001360943270762399,8.604228440844963e-16,4.538455733843136e-06,0.0013609432707623991,0.001304129976513912,4.0164960123448645e-09
920,4.683753385137379e-17,0.001367738686403912,3.226585665316861e-16,4.4765613748708535e-06,0.0013677386864039119,0.0013355300815439681,4.6174859652433765e-09
921,7.979727989493313e-17,0.0013854407153477848,7.7021722333370235e-16,4.663688583439636e-06,0.0013849792742693123,0.0013854407153477848,4.121450665235947e-09
922,8.673617379884035e-17,0.0013923378801803637,1.0408340855860843e-17,4.982626584954658e-06,0.0013830411433285862,0.0013923378801803635,3.94088807262628e-09
923,1.5439038936193583e-16,0.001372842490063433,9.506284648352903e-16,4.9153414993508004e-06,0.001372842490063433,0.001348957953183422,4.656454612452837e-09
924,5.204170427930421e-17,0.0013684855441645383,4.0592529337857286e-16,4.866121845198933e-06,0.0013684855441645383,0.0013236843603530572,4.80183466090125e-09
925,1.1796119636642288e-16,0.0013653743811745402,1.0824674490095276e-15,5.186854885854721e-06,0.0013653743811745404,0.0012701214050766328,4.637327267632315e-09
926,6.418476861114186e-17,0.001371617717029578,6.591949208711867e-17,5.6501013139956605e-06,0.0013716177170295777,0.0012511836259679109,4.30019083880755e-09
927,1.4224732503009818e-16,0.0013743348676245363,1.1102230246251565e-15,5.725663592689306e-06,0.0013743348676245359,0.0012850152749424863,4.286055262137679e-09
928,9.71445146547012e-17,0.0013448044288802152,7.528699885739343e-16,5.834197983726336e-06,0.0013448044288802152,0.0012990580009259478,4.817270886120231e-09
929,7.28583859910259e-17,0.0013307411121596532,7.7021722333370235e-16,5.676337855121949e-06,0.0013307411121596532,0.0013260101727227147,4.52581018624107e-09
930,9.367506770274758e-17,0.001342782700140926,7.979727989493313e-16,5.100844164807571e-06,0.0013427827001409262,0.0013279140613114684,4.248589029789435e-09
931,1.5265566588595902e-16,0.0013486813886894164,1.4675760606763788e-15,4.627477251495371e-06,0.0013486813886894164,0.0012700451236855046,4.480955365290864e-09
932,3.122502256758253e-17,0.0013485161022583716,3.122502256758253e-17,4.929010930965205e-06,0.0013485161022583716,0.00123272752365557,4.622961419571737e-09
933,1.0408340855860843e-16,0.0013480963209954568,8.569533971325427e-16,5.112815770758061e-06,0.001348096320995457,0.001228210285087111,4.276735476344345e-09
934,4.85722573273506e-17,0.0013383353942836907,1.0408340855860843e-16,5.196943872909365e-06,0.0013383353942836903,0.0012124488428727576,4.17428146542013e-09
935,1.0755285551056204e-16,0.0013230111302869202,9.749145934989656e-16,5.100052310802461e-06,0.0013230111302869202,0.0012756779534979035,4.294494557980807e-09
936,1.0408340855860843e-16,0.0013044293241112022,4.3021142204224816e-16,4.99099181638929e-06,0.0013025059328351952,0.0013044293241112025,4.3696124282735306e-09
937,5.551115123125783e-17,0.0013254806864327576,2.706168622523819e-16,4.8103057019854845e-06,0.0012799508924571119,0.0013254806864327578,4.295529623328252e-09
938,7.632783294297951e-17,0.0013383056041666116,1.4224732503009818e-16,4.49120412815418e-06,0.0012782949481784925,0.0013383056041666114,3.966162668933726e-09
939,1.7520707107365752e-16,0.0012854448496408147,1.412064909445121e-15,4.3788998638216725e-06,0.0012641087771103159,0.001285444849640815,4.129933220486754e-09
940,4.163336342344337e-17,0.0012500014825252799,2.255140518769849e-16,4.101204608808473e-06,0.0012382897510880347,0.0012500014825252799,4.450915424965453e-09
941,7.979727989493313e-17,0.0012815378546013627,6.071532165918825e-16,4.1352053574954944e-06,0.0012268292519921277,0.0012815378546013627,4.046962565643362e-09
942,7.28583859910259e-17,0.0012841855483367158,4.163336342344337e-17,4.4818234870430684e-06,0.001219709259889576,0.0012841855483367158,3.878945047910788e-09
943,7.632783294297951e-17,0.00128380334427927,1.0026701691145945e-15,4.377985217061432e-06,0.0012077543076758853,0.0012838033442792703,3.959372794657004e-09
944,1.0928757898653885e-16,0.001298812834134609,4.163336342344337e-16,4.4506132067063595e-06,0.0011924780608613826,0.001298812834134609,4.0361668151135724e-09
945,8.326672684688674e-17,0.001296550490195365,5.551115123125783e-16,4.698377668936951e-06,0.0011837749808663975,0.0012965504901953648,4.1406719135851645e-09
946,5.204170427930421e-17,0.0013059696645314931,7.28583859910259e-17,4.834102847663113e-06,0.001185512414675324,0.001305969664531493,3.808074233482607e-09
947,1.457167719820518e-16,0.001303067634244255,1.745131816832668e-15,4.9146434705493736e-06,0.0011793677874273908,0.0013030676342442548,3.967063866131463e-09
948,5.204170427930421e-17,0.001281282298846419,1.6306400674181987e-16,5.153023704388207e-06,0.0011609923336431082,0.001281282298846419,4.376841688450741e-09
949,7.28583859910259e-17,0.001280296680096676,4.891920202254596e-16,4.862936624105106e-06,0.0011621026353111374,0.0012802966800966758,4.076793770035467e-09
950,6.591949208711867e-17,0.0012692045315446884,4.544975507059235e-16,4.5168484922803245e-06,0.0011651673573491693,0.0012692045315446884,3.9032112871226026e-09
951,9.020562075079397e-17,0.0012385077276822571,4.718447854656915e-16,4.17024721152421e-06,0.001161521764750456,0.0012385077276822571,3.944585762852353e-09
952,6.938893903907228e-17,0.0012296877423376685,3.677613769070831e-16,3.729798652147079e-06,0.0011606508270435084,0.0012296877423376685,3.872024007496267e-09
953,8.326672684688674e-17,0.001228248462017531,9.71445146547012e-16,3.7374535534727416e-06,0.0011540100896503883,0.0012282484620175307,3.826995619250394e-09
954,5.898059818321144e-17,0.0012143198796536817,3.95516952522712e-16,3.824914810361506e-06,0.00115113130904988,0.0012143198796536817,3.6889689171769253e-09
955,8.673617379884035e-17,0.0012136112296968734,6.175615574477433e-16,3.951585249635514e-06,0.0011466378014433967,0.0012136112296968734,3.6797401980997937e-09
956,8.326672684688674e-17,0.0011856762520484647,7.598088824778415e-16,3.833410682184402e-06,0.001128097593138587,0.0011856762520484647,3.7570412170426e-09
957,6.591949208711867e-17,0.0011799704542055274,4.371503159461554e-16,3.981988563345022e-06,0.0011224858809259742,0.0011799704542055274,3.6905573072838205e-09
958,6.245004513516506e-17,0.0011779487846482464,1.214306433183765e-16,4.218768782596888e-06,0.0011181567390485439,0.0011779487846482464,3.650654009904908e-09
959,9.71445146547012e-17,0.0011604028586373822,2.949029909160572e-16,4.111963383978713e-06,0.0010985312527584026,0.0011604028586373822,3.690634200998188e-09
960,5.724587470723463e-17,0.0011446092056526685,2.671474153004283e-16,4.023788903076246e-06,0.001087762704727544,0.0011446092056526683,3.537455488487112e-09
961,1.0061396160665481e-16,0.0011276531099684121,7.771561172376096e-16,4.153084990958511e-06,0.001075229343153101,0.0011276531099684121,3.316172460723844e-09
962,5.898059818321144e-17,0.0011069885586550486,3.157196726277789e-16,4.064495590577061e-06,0.0010641209293805424,0.0011069885586550484,3.290729384148394e-09
963,6.938893903907228e-17,0.001090679872914438,2.5673907444456745e-16,4.287984824059496e-06,0.0010574639551587947,0.0010906798729144376,3.260037050690825e-09
964,9.367506770274758e-17,0.0010674319194488042,7.632783294297951e-17,4.285579739604119e-06,0.001042791840130535,0.0010674319194488042,3.108204830119724e-09
965,4.85722573273506e-17,0.0010486260899179823,3.2959746043559335e-16,4.235224203827381e-06,0.0010311589586381896,0.0010486260899179823,3.1331339911164284e-09
966,7.806255641895632e-17,0.0010372859512507169,2.498001805406602e-16,4.298925362765382e-06,0.0010294429624071602,0.0010372859512507169,3.0618633998397042e-09
967,1.1102230246251565e-16,0.0010190314468619206,4.163336342344337e-17,4.3782715181354265e-06,0.0010190314468619206,0.0010067956544352076,3.1570991331784223e-09
968,5.204170427930421e-17,0.0010100450308191072,3.469446951953614e-18,4.355838421494715e-06,0.0010100450308191072,0.0009729715612775833,3.2506263710764376e-09
969,1.0755285551056204e-16,0.0010047611403732378,4.371503159461554e-16,4.53667742510936e-06,0.0010047611403732378,0.0009460401324551269,3.4068295777981673e-09
970,7.979727989493313e-17,0.0009962436488727916,4.2674197509029455e-16,4.671789890910855e-06,0.0009962436488727914,0.0009284113634938133,3.474645900781655e-09
971,8.673617379884035e-17,0.000988831545081744,3.5041414214731503e-16,4.7964565706619736e-06,0.000988831545081744,0.0008950043944851539,3.4641464783902547e-09
972,6.418476861114186e-17,0.0009773481894221852,5.065392549852277e-16,4.5624542052407485e-06,0.0009773481894221852,0.0008763351840138252,2.9509723389413518e-09
973,9.367506770274758e-17,0.0009560607516144999,3.608224830031759e-16,4.222312361043187e-06,0.0009560607516144999,0.0008718459607745732,2.731458652915077e-09
974,9.367506770274758e-17,0.0009392164562188597,3.122502256758253e-16,4.155701274766166e-06,0.0009392164562188597,0.0008472946952624142,2.689428758092924e-09
975,8.673617379884035e-17,0.0009190097773679027,7.632783294297951e-17,4.148109683965728e-06,0.0009190097773679026,0.0008307033614099785,2.581930824965412e-09
976,8.500145032286355e-17,0.0008956550979391112,6.106226635438361e-16,4.203492082854865e-06,0.0008956550979391112,0.0008150589074261463,2.4523594178037043e-09
977,9.020562075079397e-17,0.0008732714375449933,5.898059818321144e-17,4.199422503070593e-06,0.0008732714375449934,0.0008064988788179467,2.6338398902265555e-09
978,8.326672684688674e-17,0.0008494637959152794,1.0547118733938987e-15,4.238137693124422e-06,0.0008494637959152794,0.0008041283503109496,2.5937467886242477e-09
979,8.500145032286355e-17,0.0008230306650012277,6.83481049534862e-16,4.246136690921887e-06,0.0008230306650012276,0.0007827375575866905,2.690258520628387e-09
980,5.204170427930421e-17,0.0008055418871734902,2.740863092043355e-16,4.209400714105804e-06,0.0008055418871734902,0.0007568489056357949,2.5781603901376296e-09
981,9.71445146547012e-17,0.0007758326350813715,1.2802259252708836e-15,4.130487463283039e-06,0.0007758326350813716,0.0007640974542927152,2.5328441134313417e-09
982,7.28583859910259e-17,0.0007639005741383006,5.551115123125783e-17,3.838060688488021e-06,0.0007512416033984691,0.0007639005741383004,2.6851972574049475e-09
983,6.245004513516506e-17,0.0007626158754371142,1.3183898417423734e-16,3.488620211817943e-06,0.0007259783635782628,0.0007626158754371142,2.5999721346726972e-09
984,8.673617379884035e-17,0.0007685530262040055,1.1449174941446927e-16,3.549656664189431e-06,0.000701431840147541,0.0007685530262040055,2.245738784511669e-09
985,8.673617379884035e-17,0.0007394954059749424,9.08995101411847e-16,3.6043551300025956e-06,0.0006816812168499434,0.0007394954059749426,2.2819782738666516e-09
986,5.204170427930421e-17,0.0007239676297476725,5.898059818321144e-16,3.638461707195298e-06,0.0006687607491907466,0.0007239676297476725,2.2894074963590424e-09
987,8.673617379884035e-17,0.0007106863213980047,1.2385925618474403e-15,3.7684773899889987e-06,0.0006539413481338283,0.0007106863213980045,2.215624576469442e-09
988,8.326672684688674e-17,0.0006901739446118475,1.3877787807814457e-16,3.894616754781741e-06,0.0006438117809387087,0.0006901739446118475,2.1514714254463994e-09
989,6.938893903907228e-17,0.0006856767451399233,1.5612511283791264e-16,3.80041073616208e-06,0.0006345031291770554,0.0006856767451399233,2.134614350240264e-09
990,9.367506770274758e-17,0.0006798717812523902,3.122502256758253e-16,3.4858943742024223e-06,0.0006246631782989786,0.0006798717812523901,2.1500749687829702e-09
991,7.45931094670027e-17,0.0006608085477108675,5.204170427930421e-16,3.0331889154704486e-06,0.0006162563900610342,0.0006608085477108675,2.1363082740630714e-09
992,5.898059818321144e-17,0.0006476053173883892,4.2327252813834093e-16,2.5348668708721767e-06,0.0006086798680987051,0.0006476053173883892,1.9508623054254126e-09
993,8.326672684688674e-17,0.000628967716963022,5.169475958410885e-16,2.144768124136276e-06,0.000600955653710482,0.0006289677169630221,1.872378347177243e-09
994,6.765421556309548e-17,0.0006065618022362384,7.979727989493313e-17,1.9807253655024226e-06,0.000592672152212337,0.0006065618022362385,1.990057798772271e-09
995,6.765421556309548e-17,0.0006059407988070639,4.371503159461554e-16,1.9934316073388914e-06,0.0005822195286980487,0.000605940798807064,1.901639081546219e-09
996,7.979727989493313e-17,0.0006001056440248934,1.2836953722228372e-16,1.9453812858394315e-06,0.0005702961574943444,0.0006001056440248934,1.871799737105142e-09
997,5.204170427930421e-17,0.0005861364970185087,5.447031714567174e-16,1.8318525591975998e-06,0.000560005060794508,0.0005861364970185086,1.9323569266623993e-09
998,8.673617379884035e-17,0.000578850052170841,1.0651202142497596e-15,1.7567538206364475e-06,0.0005499079951287629,0.000578850052170841,1.916602504079523e-09
999,7.979727989493313e-17,0.0005726300920844366,3.7470027081099033e-16,1.6631340058470556e-06,0.0005402600234145755,0.0005726300920844366,1.9668144268463196e-09
1000,5.204170427930421e-17,0.0005622841960291431,2.0469737016526324e-16,1.6673247725451298e-06,0.0005325760577608957,0.0005622841960291431,1.9457871153218827e-09
1001,9.71445146547012e-17,0.0005630013466711548,4.163336342344337e-16,1.6885404466992354e-06,0.0005254522831530196,0.0005630013466711548,1.8318203049226261e-09
1002,5.5979526569771565e-15,0.000555962019487284,1.1626116735996561e-14,1.7120532898014587e-06,0.0005173463714983593,0.0005559620194872841,1.8381788594656943e-09
1003,4.739264536368637e-15,0.0005511386811576929,1.0526302052227265e-14,1.689326962987965e-06,0.000510984876001278,0.0005511386811576929,1.7329469951796697e-09
1004,5.7419347054832315e-15,0.0005468958132272215,1.2587153541687712e-14,1.7686742266207964e-06,0.0005059044005169201,0.0005468958132272216,1.6150176001203127e-09
1005,2.751271432899216e-15,0.0005275453624475051,6.175615574477433e-15,1.8059891650065371e-06,0.0005021799969378726,0.0005275453624475051,1.5778378645703393e-09
1006,6.867770241392179e-15,0.0005137140631028289,1.4741680098850907e-14,1.7806186156342496e-06,0.0004985586949134477,0.0005137140631028289,1.5630756768397949e-09
1007,2.3678975447083417e-15,0.0005095804814584863,5.294376048681215e-15,1.803445552155808e-06,0.0004944188845885695,0.0005095804814584862,1.5446988935696972e-09
1008,1.6375789613221059e-15,0.0005029861717443051,3.573530360512223e-15,1.8028087963176467e-06,0.0004892865978484066,0.0005029861717443051,1.5462177119090805e-09
1009,8.500145032286355e-16,0.0004978133620024695,1.4918621893400541e-15,1.7432433445452658e-06,0.0004852216979543726,0.0004978133620024695,1.4817218710780769e-09
1010,7.979727989493313e-17,0.0005050434249403748,4.0592529337857286e-16,1.7920126852873086e-06,0.0004803168214791246,0.0005050434249403748,1.5428648899189014e-09
1011,8.326672684688674e-17,0.0005001985147194283,8.153200337090993e-16,1.8094640297661863e-06,0.0004771701108972426,0.0005001985147194283,1.6152095492616209e-09
1012,8.673617379884035e-17,0.0004937596012888335,7.042977312465837e-16,1.7575012789634512e-06,0.0004759197879396868,0.0004937596012888335,1.6506066353108544e-09
1013,8.326672684688674e-17,0.0004844457235117387,5.273559366969494e-16,1.826818275711857e-06,0.0004749854305847694,0.0004844457235117387,1.5882396493644397e-09
1014,6.591949208711867e-17,0.0004752360194334763,8.326672684688674e-17,1.8106685386442417e-06,0.0004752360194334763,0.00046969775018111486,1.5988427958604485e-09
1015,9.71445146547012e-17,0.00047575546564112555,1.0512424264419451e-15,1.8188914740055115e-06,0.0004757554656411256,0.0004573328434834102,1.544856329390418e-09
1016,1.0408340855860843e-16,0.00047503660065219516,1.3010426069826053e-15,1.8968158200577054e-06,0.00047503660065219516,0.0004541400364787713,1.502694038506541e-09
1017,5.204170427930421e-17,0.0004756282608021957,2.3245294578089215e-16,1.947090788676463e-06,0.0004756282608021957,0.00044598931231172416,1.482869815127407e-09
1018,9.194034422677078e-17,0.0004732326723407293,5.863365348801608e-16,1.9788597705079625e-06,0.0004732326723407293,0.00044242800725081814,1.4840404910246562e-09
1019,6.245004513516506e-17,0.00047075252438256635,5.204170427930421e-16,1.7806432738819156e-06,0.0004707525243825664,0.00045050957775063507,1.442614543655442e-09
1020,7.806255641895632e-17,0.00046971947233998685,3.7816971776294395e-16,1.616433399909134e-06,0.0004697194723399868,0.0004413334283233135,1.4038123678707926e-09
1021,7.979727989493313e-17,0.0004663201921510123,5.551115123125783e-17,1.7075350814410584e-06,0.00046632019215101227,0.0004395051587859986,1.3594497839363887e-09
1022,6.265821195228227e-15,0.00046144458902386965,1.4502288259166107e-15,1.7398754090791613e-06,0.0004614445890238696,0.0004327750336140075,1.3283627576379223e-09
1023,8.857498068337577e-15,0.0004571508083871989,2.525757381022231e-15,1.7248019377191781e-06,0.00045715080838719884,0.00042428257845483937,1.354547798301638e-09
1024,6.836545218824597e-15,0.0004517603854629909,1.4641066137244252e-15,1.697998585292737e-06,0.0004517603854629909,0.00042710539600781134,1.4038610827637653e-09
1025,8.368306048112117e-15,0.0004472076973560584,7.7021722333370235e-16,1.7072334250745058e-06,0.0004472076973560584,0.0004314797630348778,1.3399742742366217e-09
1026,9.63812363252714e-15,0.00044110637096106235,2.4598378889351125e-15,1.680428297290426e-06,0.00044110637096106235,0.00042945096288073446,1.3583178770225086e-09
1027,3.101685575046531e-15,0.00043423110257703805,3.469446951953614e-18,1.625667380822371e-06,0.0004342311025770381,0.0004311554862800659,1.345688674665572e-09
1028,5.100087019371813e-15,0.00043591606752089925,5.48172618408671e-16,1.5576077859735804e-06,0.000429419145618414,0.0004359160675208993,1.2657651378501211e-09
1029,7.042977312465837e-16,0.00043325469601360536,1.5612511283791264e-16,1.4808290882406538e-06,0.00042334428061770147,0.00043325469601360536,1.3353566470938225e-09
1030,6.418476861114186e-17,0.00043658129113446074,4.510281037539698e-16,1.4346832309941604e-06,0.00041509071681290435,0.00043658129113446074,1.2760725436065059e-09
1031,8.673617379884035e-17,0.0004401687612212038,1.5612511283791264e-16,1.4700717270166308e-06,0.00040898665135380587,0.0004401687612212038,1.224848273710098e-09
1032,5.551115123125783e-17,0.0004370476001573167,5.100087019371813e-16,1.4164620233412042e-06,0.0004019845164939263,0.0004370476001573166,1.2810799705543737e-09
1033,9.020562075079397e-17,0.0004379306553626899,3.122502256758253e-16,1.4250261861897123e-06,0.0003939031710225642,0.0004379306553626899,1.2623275097907272e-09
1034,7.632783294297951e-17,0.00043752707356732633,6.38378239159465e-16,1.4413259999818129e-06,0.00038827050139142796,0.0004375270735673263,1.2675081043686904e-09
1035,6.245004513516506e-17,0.00042554151760206704,9.71445146547012e-17,1.4594530717707346e-06,0.00038197258180741215,0.0004255415176020671,1.2864661789823986e-09
1036,1.0234868508263162e-16,0.0004282397507286685,8.430756093247282e-16,1.4588179844052251e-06,0.0003770773293436055,0.00042823975072866843,1.2040339304115955e-09
1037,7.28583859910259e-17,0.0004305424715602073,5.898059818321144e-17,1.4683565452795408e-06,0.0003729433954169384,0.0004305424715602073,1.3002210395417092e-09
1038,7.28583859910259e-17,0.00042425024644513685,1.0061396160665481e-16,1.5099588719022505e-06,0.0003661500005858471,0.0004242502464451369,1.3535113603445028e-09
1039,6.591949208711867e-17,0.0004311368945795278,6.279698983036042e-16,1.5543626770454788e-06,0.0003624536295416979,0.0004311368945795278,1.3049959754284633e-09
1040,9.020562075079397e-17,0.0004262076025277991,4.3021142204224816e-16,1.5726986683107375e-06,0.00035871084555950413,0.0004262076025277991,1.2853103393251278e-09
1041,5.551115123125783e-17,0.0004195182935417224,7.979727989493313e-17,1.5732210199900093e-06,0.00035591937826704264,0.0004195182935417224,1.3677730433844453e-09
1042,2.7133243568622234e-15,0.00041798613924439625,2.3071822230491534e-15,1.6186253330319894e-06,0.00035466402812455334,0.00041798613924439625,1.3154038427084966e-09
1043,4.995786770378707e-15,0.0004047459965266625,3.507610868425104e-15,1.5973951600521327e-06,0.00035096128698195134,0.0004047459965266624,1.3208437506167923e-09
1044,2.012062391698599e-15,0.0003997101807968249,1.1761425167122752e-15,1.5971769467592115e-06,0.00034992977944080407,0.00039971018079682495,1.328653182260509e-09
1045,3.4314998759166215e-15,0.0004080520570700407,2.435551760271437e-15,1.591215257989824e-06,0.0003482824570471671,0.0004080520570700407,1.3713179101996456e-09
1046,3.429981992875142e-15,0.00039792926940400143,2.7200464103316335e-15,1.5829448221293604e-06,0.0003441228530291324,0.00039792926940400143,1.4096271576184684e-09
1047,2.2403953692240464e-15,0.000397683374834129,1.4224732503009818e-15,1.4721070864054733e-06,0.0003427917890956911,0.00039768337483412914,1.3757445173080763e-09
1048,2.1803305688683494e-15,0.0003957021972928582,9.818534874028728e-16,1.3445266175181672e-06,0.00033983325193876,0.00039570219729285816,1.2504330213610759e-09
1049,5.425347671117464e-16,0.00038451990233268236,1.8735013540549517e-16,1.269841266915428e-06,0.0003373058561500343,0.0003845199023326824,1.3538064870901846e-09
1050,6.765421556309548e-17,0.00037822305358171335,1.0408340855860843e-16,1.2892914652562482e-06,0.0003355801195025055,0.0003782230535817133,1.2874710205936248e-09
1051,9.367506770274758e-17,0.0003747285599370062,1.0408340855860843e-15,1.3479362397372796e-06,0.00033096274821431567,0.0003747285599370062,1.2306084534519553e-09
1052,6.071532165918825e-17,0.00037473826178461916,4.0592529337857286e-16,1.368675540014408e-06,0.00032745432124591726,0.00037473826178461916,1.2683711199100955e-09
1053,7.979727989493313e-17,0.00037363822706349114,3.8163916471489756e-16,1.3576621431532487e-06,0.0003220241648145979,0.00037363822706349114,1.2760032340973811e-09
1054,7.979727989493313e-17,0.0003696512527509422,2.393918396847994e-16,1.3346997487229117e-06,0.00031722611143978285,0.0003696512527509422,1.265033205483262e-09
1055,4.5102810375396984e-17,0.0003602322777198247,1.734723475976807e-17,1.3178878008890393e-06,0.0003146044772380826,0.0003602322777198247,1.2962560014632746e-09
1056,8.326672684688674e-17,0.0003593650676834973,5.967448757360216e-16,1.295155132807757e-06,0.00031022316709069153,0.00035936506768349726,1.2715148490062595e-09
1057,6.245004513516506e-17,0.00035622227371978247,4.649058915617843e-16,1.2315121943329288e-06,0.0003055262533336831,0.0003562222737197824,1.287748704107622e-09
1058,8.500145032286355e-17,0.0003556361117606039,1.6826817716975029e-15,1.143212945753369e-06,0.0003013394445059987,0.00035563611176060386,1.2670839301800378e-09
1059,5.551115123125783e-17,0.00036341571104121144,1.734723475976807e-17,1.0958587762788241e-06,0.00029773396294589707,0.00036341571104121144,1.238203136598983e-09
1060,7.28583859910259e-17,0.00035859340503956584,2.1510571102112408e-16,1.0894659259186312e-06,0.000293248749205236,0.00035859340503956584,1.2621978223166883e-09
1061,1.0408340855860843e-16,0.0003461048400017876,1.0894063429134349e-15,1.069322219438007e-06,0.00028934632011035186,0.00034610484000178766,1.2262650162589182e-09
1062,1.248784062268804e-15,0.00034579937734364606,1.582067810090848e-15,1.0821062430121237e-06,0.00028819032413554877,0.00034579937734364606,1.1753586187885024e-09
1063,2.089474426814064e-15,0.0003392535503814049,2.987193825632062e-15,1.0979825035353774e-06,0.0002861839111283818,0.0003392535503814049,1.2085267834605946e-09
1064,2.9672445056583285e-15,0.00032866790960995576,4.621303340002214e-15,1.1166476875127881e-06,0.00028193701819044037,0.00032866790960995576,1.2443254846159374e-09
1065,2.1285057050235423e-15,0.00033659053409824523,3.767819389821625e-15,1.083028115810708e-06,0.00027898582555202647,0.00033659053409824523,1.1838905181448506e-09
1066,2.6150956400350367e-15,0.00033488901372754384,4.097416850257218e-15,1.0549060525770482e-06,0.00027682000283829746,0.0003348890137275439,1.1326975817697877e-09
1067,1.6306400674181987e-15,0.0003313666467186976,2.400857290751901e-15,1.1001662019198208e-06,0.0002754493746513641,0.0003313666467186976,1.13006353631826e-09
1068,2.850150671029894e-15,0.0003241163191129207,5.960509863456309e-15,1.1271449439189188e-06,0.00027284494545088247,0.0003241163191129207,1.1756825745367478e-09
1069,1.4849232954361469e-15,0.00031811123927402756,2.6471880243406076e-15,1.0981441922273266e-06,0.0002712339046936899,0.0003181112392740275,1.1549838270728671e-09
1070,9.384854005034526e-16,0.0003147587543009051,1.5057399771478686e-15,1.1100929621608857e-06,0.0002695919054606694,0.000314758754300905,1.0898853823049536e-09
1071,3.660266534311063e-16,0.0003120055183492977,1.3114509478384662e-15,1.113809351225431e-06,0.0002663071958831607,0.0003120055183492976,1.123435144440268e-09
1072,8.153200337090993e-17,0.00030603265188069794,8.396061623727746e-16,1.0849289123820646e-06,0.00026332761696374197,0.00030603265188069794,1.2315474975890746e-09
1073,5.551115123125783e-17,0.0003060022485999045,1.6306400674181987e-16,1.0710532485792151e-06,0.0002617581604398831,0.0003060022485999045,1.1700079704204365e-09
1074,9.020562075079397e-17,0.00031233134894841866,1.2836953722228372e-16,1.131192825662257e-06,0.0002595027900105495,0.00031233134894841856,1.1306256141822727e-09
1075,6.245004513516506e-17,0.00030319785870225026,7.632783294297951e-17,1.1274124262312599e-06,0.0002570480954038669,0.00030319785870225026,1.1322942724578345e-09
1076,1.0755285551056204e-16,0.000297074820725803,2.42861286636753e-17,1.141348830327113e-06,0.0002530915157049203,0.00029707482072580306,1.2062917966107076e-09
1077,4.8138576458356397e-17,0.000299977157092918,2.7755575615628914e-17,1.126629845993668e-06,0.00024971406585324967,0.000299977157092918,1.1113043483829587e-09
1078,7.19910242530375e-17,0.0002946611779635784,4.5102810375396984e-17,1.1135304115355085e-06,0.00024585519121528705,0.0002946611779635784,1.0172732056620125e-09
1079,9.020562075079397e-17,0.0002900948663338697,4.718447854656915e-16,1.1408600598958665e-06,0.00024156788523725355,0.0002900948663338696,1.0020634928856237e-09
1080,5.551115123125783e-17,0.00028805875402417535,5.273559366969494e-16,1.1672755616488548e-06,0.00023853441726179303,0.00028805875402417535,1.071066199818565e-09
1081,6.938893903907228e-17,0.00027566381648057504,4.5102810375396984e-17,1.1576665898483177e-06,0.00023421417911918558,0.00027566381648057504,1.0130762082250725e-09
1082,1.1466522176206695e-15,0.00027742103590932166,1.4190038033490282e-15,1.1756487755133077e-06,0.000230074378811632,0.0002774210359093216,9.752489494963287e-10
1083,1.5612511283791264e-15,0.00027564714355922393,3.7816971776294395e-16,1.1818432585101665e-06,0.00022622621152976338,0.00027564714355922393,9.601511791190761e-10
1084,3.1814828549414642e-15,0.00026783608464562176,3.122502256758253e-17,1.1739297182747355e-06,0.00022169755776509445,0.00026783608464562176,1.0812642066883365e-09
1085,2.508410146262463e-15,0.0002749063350279403,5.93275428784068e-16,1.173837895968033e-06,0.00021812271627233014,0.00027490633502794023,1.0359839158872382e-09
1086,4.073130721593543e-15,0.00027593668159127415,4.822531263215524e-16,1.2390447414432904e-06,0.00021348807927872414,0.0002759366815912742,9.932243338001706e-10
1087,1.304512053934559e-15,0.0002735514429713077,7.979727989493313e-17,1.236444756261279e-06,0.0002099097166061894,0.0002735514429713077,1.0103907461676632e-09
1088,2.5587171270657905e-15,0.0002713471992903028,3.157196726277789e-16,1.2497797806732339e-06,0.00020644101246447376,0.0002713471992903028,1.0542456954744535e-09
1089,2.534430998402115e-15,0.0002655870503846859,1.0408340855860843e-16,1.2331632733408177e-06,0.00020286846400248683,0.0002655870503846859,1.0018479170300833e-09
1090,1.7642137750684128e-15,0.0002606023272628273,6.245004513516506e-17,1.2289745079238287e-06,0.00020148909543507473,0.00026060232726282727,1.0020178516991662e-09
1091,6.140921104957897e-16,0.00026163470747727615,5.134781488891349e-16,1.2808505165809794e-06,0.00020007796624888947,0.00026163470747727615,9.675125895361283e-10
1092,7.632783294297951e-17,0.0002539927031486415,5.273559366969494e-16,1.2690378081514977e-06,0.0001982238788262498,0.00025399270314864145,1.0176015437235245e-09
1093,9.020562075079397e-17,0.00025355663336313694,1.3530843112619095e-15,1.2704636833628033e-06,0.00019761379810471417,0.0002535566333631369,1.0076641162939767e-09
1094,1.0061396160665481e-16,0.0002586918008690769,6.38378239159465e-16,1.2481083767820755e-06,0.00019606357816801144,0.0002586918008690769,9.385460811452958e-10
1095,4.163336342344337e-17,0.0002516506274098031,4.0939474033052647e-16,1.1636836746596255e-06,0.00019459512113801663,0.0002516506274098031,8.939007323831241e-10
1096,8.673617379884035e-17,0.00024332961602388457,4.822531263215524e-16,1.0363175963045562e-06,0.00019242145721494268,0.00024332961602388457,8.924273668317394e-10
1097,9.367506770274758e-17,0.00024038381111361772,1.2836953722228372e-16,9.391676939404792e-07,0.00018946062778411196,0.00024038381111361767,8.313213484562985e-10
1098,3.122502256758253e-17,0.00023292612090804356,9.367506770274758e-17,9.255707544703062e-07,0.00018754928386173876,0.00023292612090804356,8.371819053636216e-10
1099,6.765421556309548e-17,0.00022650769103885323,2.5326962749261384e-16,9.5614590419138e-07,0.0001845027164362478,0.0002265076910388532,8.234985010091804e-10
1100,7.979727989493313e-17,0.00022550380850877626,2.498001805406602e-16,9.359160456356985e-07,0.00018039094436310247,0.00022550380850877626,8.068634850782036e-10
1101,5.898059818321144e-17,0.00022078038811858578,6.591949208711867e-16,9.183409307288865e-07,0.0001778559238632721,0.0002207803881185858,8.329762019971975e-10
1102,1.5439038936193583e-15,0.0002205372803121741,1.7277845820728999e-15,9.373701031932177e-07,0.00017517172684935607,0.0002205372803121741,8.431547745075914e-10
1103,1.8370721610594387e-15,0.0002188974598903859,1.807581861967833e-15,9.62845596217364e-07,0.00017104060834512201,0.0002188974598903859,8.30825053539798e-10
1104,3.370567713822936e-15,0.0002135307763936853,4.7878367936959876e-15,9.400793584404474e-07,0.00016888976019362965,0.0002135307763936853,8.315422799261146e-10
1105,3.982925100842749e-15,0.00021383959511673658,6.130512764102036e-15,9.66033128769507e-07,0.00016693529626290407,0.00021383959511673655,8.360559394245131e-10
1106,4.902328543110457e-15,0.00021315095846635262,7.507883204027621e-15,9.64519958627369e-07,0.000164819429160745,0.00021315095846635262,8.237407348092449e-10
1107,4.3472170307978786e-15,0.00020654104720705047,7.330941409477987e-15,9.595752715639214e-07,0.00016318520383713336,0.00020654104720705047,8.180328026465049e-10
1108,4.040170975549984e-15,0.0002065885301449403,7.729927808952652e-15,9.849422140601263e-07,0.00016204297643415583,0.00020658853014494033,7.699083406342358e-10
1109,3.838943052336674e-15,0.0002058139345904942,7.317063621670172e-15,9.780152981737553e-07,0.00016233708323826814,0.0002058139345904942,7.417412196847e-10
1110,3.4781205693334982e-15,0.00019890991632001129,6.6717464886068e-15,1.0174976451636508e-06,0.0001623685525814347,0.00019890991632001129,7.673727030195366e-10
1111,4.888450755302642e-15,0.00019860943108992988,1.099120794378905e-14,9.95594659871854e-07,0.00016158594144900817,0.00019860943108992988,7.631402337436501e-10
1112,2.8570895649338013e-15,0.00019714819419951274,6.5156213757688874e-15,8.989988088429698e-07,0.000161750516851358,0.00019714819419951274,6.793210241039644e-10
1113,3.4226094181022404e-15,0.00019185187367153474,7.452372052796363e-15,8.079678318955938e-07,0.00016085323183347085,0.00019185187367153474,6.82222314511751e-10
1114,2.84147705365001e-15,0.00018900488082445997,5.797445856714489e-15,6.708374880055185e-07,0.00015863499659995637,0.00018900488082445994,6.663396324365322e-10
1115,4.619568616526237e-15,0.00018652181299917052,9.946904411251012e-15,6.342627653930025e-07,0.00015720851078647455,0.00018652181299917055,6.836412712190079e-10
1116,3.0878077872387166e-16,0.0001827282156896709,1.1657341758564144e-15,6.397780761991517e-07,0.00015577650884717977,0.00018272821568967093,6.514028964190837e-10
1117,1.5421691701433815e-15,0.0001837861996704428,2.9976021664879227e-15,6.739496317062499e-07,0.00015386580867934735,0.0001837861996704428,6.302030883573508e-10
1118,8.326672684688674e-17,0.00018020678482226683,4.198030811863873e-16,6.791927746911328e-07,0.00015172074424525577,0.0001802067848222668,6.693463470869694e-10
1119,6.071532165918825e-17,0.00017796445586912556,6.418476861114186e-16,6.541580652094647e-07,0.00014933313268575897,0.00017796445586912556,7.299260825779079e-10
1120,4.85722573273506e-17,0.00018446770759928945,3.122502256758253e-17,6.586021284709503e-07,0.00014819481189459792,0.00018446770759928947,6.632889084370562e-10
1121,9.020562075079397e-17,0.00017708984175223197,2.5673907444456745e-16,6.738572290530126e-07,0.00014630409273011695,0.000177089841752232,6.616396532108495e-10
1122,1.1518563880486e-15,0.0001730817485110435,1.6583956430338276e-15,6.817082915762038e-07,0.00014483257221177556,0.0001730817485110435,6.670622259422817e-10
1123,7.997075224253081e-16,0.00017625165286409286,1.0547118733938987e-15,6.813689987558019e-07,0.00014433632458404975,0.00017625165286409286,6.783836577769868e-10
1124,1.285430095698814e-15,0.00017148198883568336,2.5292268279741847e-15,6.780574803135278e-07,0.00014370611020823502,0.00017148198883568336,6.308971147256987e-10
1125,7.984064798183255e-16,0.0001677769030066652,2.4598378889351125e-15,6.877335397160317e-07,0.00014268957179538395,0.0001677769030066652,5.851689218841098e-10
1126,8.951173136040325e-16,0.00016866384889705312,2.688821387764051e-15,6.667575272048878e-07,0.00014227059223164735,0.0001686638488970531,5.750827550580539e-10
1127,1.592476150946709e-15,0.0001631698295423333,2.1163626406917047e-15,6.344211554718329e-07,0.00014229175391928712,0.0001631698295423333,6.077825428003372e-10
1128,1.4649739754624136e-15,0.00016313110999528608,1.078998002057574e-15,6.082269303001042e-07,0.000142260566681485,0.00016313110999528608,5.686477897799566e-10
1129,1.814087075002746e-15,0.00016088477633908425,2.983724378680108e-16,6.043826683904338e-07,0.00014102407494606082,0.00016088477633908425,5.357100353189415e-10
1130,1.6759597182280928e-15,0.0001556707148109201,1.3877787807814457e-16,6.019640053037817e-07,0.00014034536046484994,0.0001556707148109201,5.390442421129189e-10
1131,2.7738228380869145e-15,0.00015761356282098496,6.279698983036042e-16,5.920091839320407e-07,0.00013957246979550135,0.00015761356282098494,5.773832115468418e-10
1132,1.8404331877941438e-15,0.0001562231287390352,6.279698983036042e-16,5.807174655236488e-07,0.00013768043862493428,0.0001562231287390352,5.510820380960707e-10
1133,2.5066754227864863e-15,0.00015349404150308526,1.3877787807814457e-16,5.878302000899074e-07,0.00013680336390604835,0.00015349404150308526,5.353277238469534e-10
1134,1.548186492200676e-15,0.00015464445942015655,6.626643678231403e-16,6.055696417182205e-07,0.0001365119040959618,0.00015464445942015655,5.298474691215452e-10
1135,2.4060614611798314e-15,0.00015283141634523452,1.5265566588595902e-16,6.03998044100551e-07,0.00013573720250500775,0.00015283141634523452,5.732097087198993e-10
1136,2.753439837244187e-15,0.00015143572334646826,1.6306400674181987e-16,6.132652380997153e-07,0.00013561141523132396,0.00015143572334646826,5.922453332027093e-10
1137,1.6092812846202342e-15,0.0001531991011265723,3.122502256758253e-17,6.104211114936128e-07,0.00013517912473218647,0.00015319910112657228,5.607946315381198e-10
1138,2.7762080828663827e-15,0.00015248220020550632,2.1510571102112408e-16,6.152626904178463e-07,0.00013520683573468628,0.00015248220020550634,5.452155142171007e-10
1139,2.846030702774449e-15,0.00014991126866351984,1.9081958235744878e-16,6.435720842721399e-07,0.0001359406465498754,0.00014991126866351987,6.17239070803443e-10
1140,2.8124746455360228e-15,0.00015328417258245753,4.0939474033052647e-16,6.428709300289673e-07,0.0001363716557148588,0.0001532841725824575,6.139013533957795e-10
1141,8.056706343739783e-16,0.0001532510567070081,1.2836953722228372e-16,6.589485606420947e-07,0.00013736731178363523,0.00015325105670700807,5.413969148874389e-10
1142,2.008091501241871e-15,0.00015135101418752497,4.198030811863873e-16,6.683165589124393e-07,0.00013780701498292418,0.00015135101418752497,5.119140771680973e-10
1143,5.672545766444159e-16,0.0001503315948227663,1.249000902703301e-16,6.399992344349736e-07,0.00013693053803892735,0.0001503315948227663,5.458359273366597e-10
1144,8.237768106544863e-16,0.00015142059859452641,9.194034422677078e-16,5.800820865303064e-07,0.0001369294777034845,0.00015142059859452641,5.789656455547825e-10
1145,9.599526035186656e-16,0.0001508005436418806,6.210310043996969e-16,5.991358750399509e-07,0.0001365726353017403,0.00015080054364188057,5.38502216523024e-10
1146,1.3214256078253328e-15,0.000149393947522931,3.469446951953614e-17,6.19610456041933e-07,0.00013485030763771085,0.00014939394752293102,4.827742416728461e-10
1147,1.5005358067199381e-15,0.00014754485172421782,6.938893903907228e-17,6.250704675542923e-07,0.00013382987949919564,0.00014754485172421782,5.71636655977734e-10
1148,3.101685575046531e-15,0.00014784652802940132,1.8145207558717402e-15,6.076826906623728e-07,0.0001324480115266483,0.00014784652802940132,6.493302567296051e-10
1149,2.744332538995309e-15,0.00015273846549345883,2.321060010856968e-15,6.386936764173762e-07,0.00013164445048566075,0.00015273846549345886,5.488458088766868e-10
1150,4.135580766728708e-15,0.00015023792776171826,4.2049697057677804e-15,6.748955826887254e-07,0.00013064731412050864,0.00015023792776171826,5.216523467503233e-10
1151,6.907668881339646e-15,0.00014915045680002968,6.5156213757688874e-15,6.824889619509028e-07,0.00012873745295531038,0.00014915045680002968,5.879357416896487e-10
1152,3.6828179394987615e-15,0.0001534010852622055,3.4104663537704027e-15,6.828816602058932e-07,0.00012880542658403994,0.00015340108526220553,6.30758229755963e-10
1153,3.821595817576906e-15,0.00015297194108476243,3.282096816548119e-15,7.356631637756017e-07,0.00012898694796295188,0.00015297194108476243,6.046504838475258e-10
1154,6.751543768501733e-15,0.00014612858178985282,5.998673779927799e-15,7.657321418573504e-07,0.00012814359684935314,0.00014612858178985282,5.410592328355464e-10
1155,6.463579671489583e-15,0.00014737716094349426,5.5198901005582e-15,7.734381789132119e-07,0.00012895654901956443,0.00014737716094349429,5.72252090001637e-10
1156,5.169475958410885e-16,0.00014540959063670723,2.463307335887066e-16,8.074873085539905e-07,0.0001307744711047886,0.0001454095906367072,6.550085130887942e-10
1157,1.8544193958192068e-15,0.00014821895252955353,9.818534874028728e-16,8.223571777094332e-07,0.000132312848005136,0.00014821895252955353,5.372930114743166e-10
1158,1.1275702593849246e-16,0.0001488500337250642,9.228728892196614e-16,8.038807838761305e-07,0.0001324704062177294,0.0001488500337250642,4.91966830027916e-10
1159,6.938893903907228e-17,0.00014549299584707456,4.198030811863873e-16,7.314140186408941e-07,0.000132395051216101,0.00014549299584707456,5.528680114296154e-10
1160,6.591949208711867e-17,0.00014959259185425385,3.191891195797325e-16,5.755781078463709e-07,0.00013315517466958924,0.00014959259185425388,5.676673460550743e-10
1161,6.245004513516506e-17,0.00014789751718289435,1.734723475976807e-16,6.222457294979833e-07,0.00013261586003976108,0.00014789751718289435,5.309732243344638e-10
1162,8.708311849403572e-16,0.00014266905502202044,4.0245584642661925e-16,6.221512949267094e-07,0.00013082949995238326,0.00014266905502202044,5.026045591959367e-10
1163,1.2108369862318114e-15,0.00014136541081452797,8.569533971325427e-16,5.950993464676202e-07,0.000130044760959317,0.00014136541081452794,5.242321720311855e-10
1164,1.932481952238163e-15,0.00014170833795638596,1.897787482718627e-15,6.242243001915518e-07,0.00012836051583492913,0.00014170833795638596,6.007487926258618e-10
1165,2.4494295480792516e-15,0.00014239685088209326,3.382710778154774e-15,6.391918205093244e-07,0.00012718759294587132,0.00014239685088209323,5.70615760924354e-10
1166,3.452099717193846e-15,0.0001457681430143153,3.847616669716558e-15,6.582288699921376e-07,0.00012576235088337291,0.0001457681430143153,5.528399493738451e-10
1167,4.234460004859386e-15,0.00014328478793719702,4.322930902134203e-15,6.678812721387997e-07,0.00012429054648022716,0.00014328478793719702,5.781267834668585e-10
1168,3.878841692284141e-15,0.00014593539429203712,5.908468159177005e-15,7.116078320655236e-07,0.00012408746066927816,0.00014593539429203712,6.111566985381698e-10
1169,4.225786387479502e-15,0.00014581127107815133,6.5329686105286555e-15,7.540504160987588e-07,0.0001235915947134595,0.00014581127107815133,5.62126889879554e-10
1170,3.932618120039422e-15,0.00014356412485747375,5.821731985378165e-15,7.80193146641614e-07,0.00012300037050384032,0.00014356412485747375,5.258655763578488e-10
1171,3.3219954564955856e-15,0.00014128293251422974,6.945832797811136e-15,7.97516481052668e-07,0.00012306580798405835,0.00014128293251422974,5.210543321540406e-10
1172,2.076464000744238e-15,0.00013855197374855116,5.776629175002768e-15,7.717784037113845e-07,0.00012201298512518817,0.0001385519737485512,5.279434154805757e-10
1173,2.1874863032067537e-15,0.00013682019977804188,3.282096816548119e-15,6.600886464092071e-07,0.00012260180619262304,0.00013682019977804186,4.975130340387571e-10
1174,2.654126918244515e-15,0.00013417815783612407,1.2698175844150228e-15,5.825537484453747e-07,0.00012244896852231136,0.00013417815783612407,4.71702868062215e-10
1175,2.8622937353617317e-15,0.0001338674583358195,1.4224732503009818e-16,5.034656599123277e-07,0.00012136230946885857,0.00013386745833581952,4.833230465459826e-10
1176,3.174543961037557e-15,0.00013295261521227217,8.257283745649602e-16,4.7489337364533396e-07,0.00012020524415734901,0.00013295261521227217,5.384984317629665e-10
1177,1.27675647831893e-15,0.00013570206655582001,2.463307335887066e-16,4.877073986843047e-07,0.0001187363625888831,0.00013570206655582001,5.061823596250952e-10
1178,2.768618667658984e-15,0.0001337714739670749,9.71445146547012e-16,4.958680133631058e-07,0.00011784604394159434,0.00013377147396707493,4.902148306959628e-10
1179,2.5673907444456745e-15,0.00013113400303900718,6.904199434387692e-16,5.169801764667858e-07,0.00011725768672697859,0.0001311340030390072,5.165242096125934e-10
1180,3.771288836773579e-15,0.00013127826544914682,5.204170427930421e-17,5.16366288446507e-07,0.00011569592387395685,0.0001312782654491468,5.49708110407863e-10
1181,8.326672684688674e-16,0.0001325589485402047,2.0469737016526324e-16,5.320453413332552e-07,0.00011511079682499954,0.0001325589485402047,5.431647666035851e-10
1182,1.0148132334464322e-15,0.0001282610322673377,5.447031714567174e-16,5.462221047440249e-07,0.00011423728008628383,0.0001282610322673377,5.246585762777376e-10
1183,3.690624195140657e-16,0.00013033086061101714,3.2612801348363973e-16,5.651615285475961e-07,0.00011379929843191469,0.00013033086061101714,5.290194456482751e-10
1184,7.771561172376096e-16,0.00013114638552148435,1.5855372570428017e-15,5.711473394162669e-07,0.00011392065634854793,0.00013114638552148435,5.686308071109169e-10
1185,7.168744764474155e-16,0.00012935039252091136,7.320533068622126e-16,5.899278507194919e-07,0.00011408660051751308,0.00012935039252091134,5.262071057123177e-10
1186,8.27463098040937e-16,0.0001306167297149782,1.5751289161869408e-15,6.154838997473461e-07,0.00011435280959533084,0.00013061672971497823,4.709985702902808e-10
1187,8.465450562766819e-16,0.00012743919371531847,1.4467593789646571e-15,6.230684329996614e-07,0.00011381583232757526,0.00012743919371531847,4.690173282342997e-10
1188,1.0443035325380379e-15,0.0001240906047074966,1.0408340855860843e-16,5.885821127461777e-07,0.00011337107259025283,0.0001240906047074966,5.102429468958487e-10
1189,1.2021633688519273e-15,0.00012528763159195405,6.314393452555578e-16,5.883371335156998e-07,0.00011242600538452572,0.00012528763159195405,4.904256379867685e-10
1190,1.186550857568136e-15,0.00011999845225665942,1.6653345369377348e-15,6.009544657303162e-07,0.00011104083701124801,0.00011999845225665942,4.1435456899089746e-10
1191,1.1934897514720433e-15,0.00011806070637708822,3.469446951953614e-17,5.945929421602436e-07,0.00011045090650421691,0.00011806070637708824,4.1903009046724133e-10
1192,1.40989650510015e-15,0.00011858667889163972,1.106753577673203e-15,6.025891114008752e-07,0.00010878916703827853,0.00011858667889163972,4.877856301348066e-10
1193,1.7590096046404824e-15,0.00011769469964743302,2.706168622523819e-16,6.174998667621973e-07,0.00010673195768433001,0.00011769469964743302,4.842942509170002e-10
1194,1.582067810090848e-15,0.00011941496387289363,5.412337245047638e-16,6.110060580613585e-07,0.00010599718781203706,0.00011941496387289364,4.4331421186616463e-10
1195,1.6028844918025698e-15,0.0001199113709479389,2.14064876935538e-15,6.178007144162778e-07,0.00010486515783778526,0.0001199113709479389,4.427891687147882e-10
1196,1.89605275924265e-15,0.00011762223063348111,2.0088097851811426e-15,6.177346426753175e-07,0.00010416958927857414,0.0001176222306334811,4.975335416945402e-10
1197,2.6940255581919814e-15,0.00011809755632527451,1.7659484985443896e-15,6.203758697925429e-07,0.00010409073158587634,0.00011809755632527451,5.368631196821882e-10
1198,2.0799334476961917e-15,0.00011709081577370813,2.258609965721803e-15,6.691045908516213e-07,0.00010367772994267446,0.00011709081577370811,4.69935204863434e-10
1199,1.790234627208065e-15,0.00011425720139530892,2.0816681711721685e-15,6.999273806989822e-07,0.0001037276943183196,0.00011425720139530893,4.564706711263798e-10
1200,2.5582834461967963e-15,0.00011263999432756589,3.788636071533347e-15,7.103488570067706e-07,0.00010456692355907422,0.00011263999432756589,5.082474156228798e-10
1201,1.9637069748057456e-15,0.00011689501274172842,2.9282132274488504e-15,7.324248195257274e-07,0.0001058096314336516,0.00011689501274172842,4.87636000120717e-10
1202,1.4675760606763788e-15,0.00011557169580358215,1.870031907102998e-15,7.497432869168e-07,0.0001065697529601122,0.00011557169580358213,4.195701706979339e-10
1203,1.745131816832668e-15,0.00011213309117860397,2.0296264668928643e-15,7.498330269108816e-07,0.00010652604720946101,0.00011213309117860394,4.0382735584190313e-10
1204,1.869598226234004e-15,0.00011117053543081838,1.672273430841642e-15,6.848370065213119e-07,0.00010632808831379149,0.00011117053543081837,4.314645142349831e-10
1205,2.076464000744238e-15,0.00010818876268968327,3.157196726277789e-15,5.918940733208936e-07,0.0001063787698210708,0.00010818876268968327,4.521459109437191e-10
1206,1.4068607390171906e-15,0.00011093367612221173,7.216449660063518e-16,5.79136572032013e-07,0.00010564781369998704,0.00011093367612221174,4.0400911768346637e-10
1207,1.6792123247455493e-15,0.00011066215094856079,4.440892098500626e-16,5.954041754074879e-07,0.00010410603382689896,0.00011066215094856079,3.687291024204601e-10
1208,1.9741153156616065e-15,0.00010686301405392457,8.569533971325427e-16,5.934494556880665e-07,0.00010241832844878215,0.00010686301405392459,4.180664580146662e-10
1209,2.687086664288074e-15,0.00010835407613876112,1.7728873924482969e-15,5.784708317913001e-07,0.00010036192974946802,0.00010835407613876112,4.6082332395477597e-10
1210,3.642919299551295e-15,0.00010760036165941975,3.066991105526995e-15,5.848070196989852e-07,9.904774541108513e-05,0.00010760036165941975,4.1321395027622805e-10
1211,4.621303340002214e-15,0.00010316562547613126,5.1833537462186996e-15,5.810613925572028e-07,9.734491479459776e-05,0.00010316562547613126,4.211828666951245e-10
1212,3.811187476721045e-15,0.00010756073939369794,4.371503159461554e-15,5.508611297111443e-07,9.496524541103017e-05,0.00010756073939369794,4.4010657907220404e-10
1213,5.374173328576148e-15,0.00010781445697823238,5.943162628696541e-15,5.509807357367488e-07,9.309745940534994e-05,0.00010781445697823236,4.391681722888457e-10
1214,2.719179048593645e-16,0.00010428865702969221,1.6306400674181987e-16,5.856474361298769e-07,9.148723381587329e-05,0.00010428865702969222,4.0880508469805135e-10
1215,4.413136522884997e-15,0.00010476386272036134,4.2396641752873165e-15,5.86295163138191e-07,8.97249033845133e-05,0.00010476386272036132,3.7706608191182707e-10
1216,3.884045862712071e-15,0.00010042159751016337,3.6637359812630166e-15,6.171683477008624e-07,8.849319426787996e-05,0.00010042159751016337,3.7378658233921107e-10
1217,8.118505867571457e-16,9.871302834392123e-05,5.620504062164855e-16,6.040512433753975e-07,8.766011652848045e-05,9.871302834392123e-05,3.6764781042238627e-10
1218,5.821731985378165e-15,0.00010003663036933663,8.597289546941056e-15,5.683320601877762e-07,8.662573366007593e-05,0.00010003663036933663,3.141779235415731e-10
1219,4.224051664003525e-15,9.611334227653706e-05,5.818262538426211e-15,5.155111462871662e-07,8.504814009443993e-05,9.611334227653706e-05,2.9928957474908146e-10
1220,4.909267437014364e-15,9.365036970440599e-05,3.847616669716558e-15,4.19823042780397e-07,8.376324501407098e-05,9.365036970440598e-05,3.1321487576752254e-10
1221,3.785166624581393e-15,9.233065631117731e-05,3.903127820947816e-15,3.2369341360690557e-07,8.25515533943436e-05,9.233065631117731e-05,3.128209428928706e-10
1222,3.1502578323738817e-15,8.673457460299625e-05,1.096345236817342e-15,2.61488448611083e-07,8.130189038014848e-05,8.673457460299627e-05,2.8934803066280194e-10
1223,4.730590918988753e-15,8.601218202281268e-05,3.896188927043909e-15,2.6211928032780774e-07,8.050548978748978e-05,8.601218202281266e-05,2.73295894898591e-10
1224,1.6757428777935957e-15,8.62237762596176e-05,3.8510861166685117e-16,2.6923935172139257e-07,7.96105784372112e-05,8.62237762596176e-05,2.8550885348422513e-10
1225,2.2013640910145682e-15,8.497237466130876e-05,1.4606371667724716e-15,2.661889441446866e-07,7.78090388543717e-05,8.497237466130876e-05,3.132024365685548e-10
1226,1.5543122344752192e-15,8.641548505150404e-05,9.749145934989656e-16,2.4786123016019845e-07,7.679084798309294e-05,8.641548505150404e-05,2.965010848360804e-10
1227,5.93275428784068e-16,8.656002182341302e-05,2.740863092043355e-16,2.4704215692821635e-07,7.585870267219088e-05,8.656002182341303e-05,2.749093527631766e-10
1228,1.8561541192951836e-16,8.371602720633515e-05,3.885780586188048e-16,2.4463044140561607e-07,7.517886478352228e-05,8.371602720633518e-05,2.921434560407804e-10
1229,3.7470027081099033e-16,8.283501121943422e-05,9.71445146547012e-17,2.512146487715708e-07,7.45528868104722e-05,8.283501121943424e-05,3.0084524119545237e-10
1230,3.5214886562329184e-16,8.208784550191696e-05,5.238864897449957e-16,2.5164010157216476e-07,7.356721085708788e-05,8.208784550191695e-05,2.6873794881853014e-10
1231,2.5153490401663703e-16,8.079452878826876e-05,1.5612511283791264e-16,2.628801346639398e-07,7.300595509522239e-05,8.079452878826875e-05,2.4948042004911996e-10
1232,2.1629833341085813e-16,8.084578882639502e-05,1.6653345369377348e-16,2.670947333548168e-07,7.230097370704664e-05,8.084578882639502e-05,2.6184699263036307e-10
1233,5.967448757360216e-16,8.031959428315662e-05,8.673617379884035e-17,2.5289200559011626e-07,7.105443648368427e-05,8.031959428315662e-05,2.7720099573473245e-10
1234,8.257283745649602e-16,8.085905605118777e-05,5.898059818321144e-16,2.470906491861685e-07,7.053767426108093e-05,8.085905605118777e-05,2.644579883445382e-10
1235,3.5128150388530344e-16,8.099264167300558e-05,2.185751579730777e-16,2.57322140880846e-07,7.012276645964563e-05,8.099264167300561e-05,2.3739421118883197e-10
1236,3.9898639947466563e-16,7.938442664729318e-05,1.8041124150158794e-16,2.535551828879157e-07,6.92956920781499e-05,7.938442664729319e-05,2.475398380163023e-10
1237,9.48026379621325e-16,7.743239412118149e-05,1.0998146837692957e-15,2.491051351513618e-07,6.849118835121679e-05,7.743239412118149e-05,2.765961039360479e-10
1238,1.0911410663894117e-15,7.969370063539754e-05,1.0824674490095276e-15,2.445430553376163e-07,6.759584937393763e-05,7.969370063539756e-05,2.5557845382967256e-10
1239,3.226585665316861e-16,7.87509886099111e-05,2.463307335887066e-16,2.358455322938255e-07,6.719251663120844e-05,7.875098860991109e-05,2.3044503101834867e-10
1240,4.40619762898109e-16,7.556066655039196e-05,1.2871648191747909e-15,2.416935779561355e-07,6.698542169744383e-05,7.556066655039196e-05,2.453186042851152e-10
1241,5.919743861770854e-16,7.459976282145853e-05,6.973588373426765e-16,2.3758325957707466e-07,6.651730634811711e-05,7.459976282145851e-05,2.643969619982218e-10
1242,2.8622937353617317e-16,7.384226142517898e-05,4.718447854656915e-16,2.362104040273469e-07,6.620125961897653e-05,7.384226142517896e-05,2.5790612282757354e-10
1243,5.238864897449957e-16,7.181108497786254e-05,1.2385925618474403e-15,2.473738221538818e-07,6.602520271672918e-05,7.181108497786254e-05,2.2980040602876858e-10
1244,7.598088824778415e-16,7.19751874766427e-05,7.355227538141662e-16,2.414890471653941e-07,6.577163383635306e-05,7.197518747664269e-05,2.346831585842864e-10
1245,4.2977774117325396e-16,7.085057025744157e-05,8.708311849403572e-16,2.3583779081882972e-07,6.549111416901237e-05,7.085057025744157e-05,2.5303687059796985e-10
1246,2.723515857283587e-16,7.06651571761457e-05,4.163336342344337e-16,2.252896083966907e-07,6.531013897930126e-05,7.06651571761457e-05,2.428582794149886e-10
1247,1.942890293094024e-16,7.078985317353643e-05,1.9081958235744878e-16,2.0209759506260166e-07,6.507899155295364e-05,7.078985317353643e-05,2.1335603068922658e-10
1248,2.255140518769849e-16,6.804568000923697e-05,5.447031714567174e-16,1.9852289406818713e-07,6.458412672912458e-05,6.804568000923697e-05,2.2260032906439437e-10
1249,4.735795089416683e-16,6.710212092782533e-05,2.0469737016526324e-16,2.065842538145901e-07,6.39278574549877e-05,6.710212092782533e-05,2.369111929589885e-10
1250,5.186823193170653e-16,6.766318417321346e-05,8.083811398051921e-16,2.0732681205171133e-07,6.329380715386701e-05,6.766318417321346e-05,2.240845277187437e-10
1251,3.41740524767431e-16,6.532391642037529e-05,4.683753385137379e-16,1.9870613915395907e-07,6.258851166368876e-05,6.532391642037529e-05,2.0483291104748612e-10
1252,3.8510861166685117e-16,6.476628224245878e-05,1.1796119636642288e-16,1.9716133303759875e-07,6.20971280242393e-05,6.47662822424588e-05,2.1002949739194036e-10
1253,4.0505793164058446e-16,6.406253269384884e-05,3.157196726277789e-16,2.0052947768967044e-07,6.15034802133312e-05,6.406253269384883e-05,2.187039710640758e-10
1254,6.505213034913027e-16,6.361868594766001e-05,4.510281037539698e-16,2.0514710197261365e-07,6.105596088588666e-05,6.361868594766001e-05,2.2274689512183769e-10
1255,4.3021142204224816e-16,6.433967733855369e-05,8.465450562766819e-16,2.0241230062976318e-07,6.073616541780075e-05,6.433967733855369e-05,2.0622182309177493e-10
1256,5.0133508455729725e-16,6.32936992020912e-05,7.042977312465837e-16,2.0677517271507073e-07,6.007847425407462e-05,6.32936992020912e-05,2.0737539683097537e-10
1257,6.158268339717665e-16,6.198827877831516e-05,6.83481049534862e-16,2.018272450277081e-07,5.951414923892097e-05,6.198827877831515e-05,2.187733034713649e-10
1258,8.27463098040937e-16,6.252813066414631e-05,3.920475055707584e-16,2.04998021224867e-07,5.897406523409323e-05,6.252813066414631e-05,2.1445610587634324e-10
1259,4.666406150377611e-16,6.140499949533771e-05,3.8163916471489756e-16,1.9986332241896804e-07,5.8471340009694244e-05,6.14049994953377e-05,1.9346974254999888e-10
1260,5.993469609499869e-16,5.987673902749511e-05,2.706168622523819e-16,1.988076678153053e-07,5.81529543802441e-05,5.987673902749512e-05,1.9179474440242677e-10
1261,9.645062526431047e-16,6.0191897473441924e-05,4.163336342344337e-17,2.049400389348907e-07,5.7531690592227665e-05,6.0191897473441924e-05,1.9723900065616467e-10
1262,7.164407955784213e-16,6.067314916521479e-05,3.712308238590367e-16,2.0113603371729738e-07,5.690322713793497e-05,6.0673149165214794e-05,2.0006484413967465e-10
1263,2.8275992658421956e-16,5.979126987277691e-05,1.5265566588595902e-16,1.9768187968505213e-07,5.651926952162361e-05,5.9791269872776914e-05,1.927047404782383e-10
1264,3.7686867515596134e-16,5.9669571476987e-05,1.0408340855860843e-16,1.970067720668059e-07,5.5971041649732406e-05,5.966957147698701e-05,1.8542708826769994e-10
1265,8.959846753420209e-16,5.888529786204488e-05,7.598088824778415e-16,1.9729123112988134e-07,5.540770231116e-05,5.888529786204489e-05,1.996421451304821e-10
1266,3.5388358909926865e-16,5.7492699757268444e-05,4.753142324176451e-16,1.9910909920817232e-07,5.500425552378037e-05,5.7492699757268444e-05,2.02795247064204e-10
1267,1.6436504934880247e-16,5.800501772638563e-05,3.5735303605122226e-16,1.9723010173666733e-07,5.4605094127902226e-05,5.800501772638563e-05,1.868039058702034e-10
1268,1.6046192152785466e-16,5.628963611980015e-05,6.800116025829084e-16,2.008658910156863e-07,5.3959924805923196e-05,5.628963611980015e-05,1.9025865691852392e-10
1269,2.0469737016526324e-16,5.491046620327882e-05,2.7755575615628914e-17,1.9762263202098562e-07,5.316645636581728e-05,5.491046620327882e-05,2.0182733543458892e-10
1270,3.0227556568895864e-16,5.6437117689755905e-05,3.157196726277789e-16,1.9815903407049973e-07,5.2497740021812054e-05,5.643711768975589e-05,1.989186686900643e-10
1271,2.3245294578089215e-16,5.6190406116289e-05,6.522560269672795e-16,1.9487016851994082e-07,5.1894244532990395e-05,5.619040611628901e-05,1.834340044633821e-10
1272,2.437286483747414e-16,5.4963038461342315e-05,3.469446951953614e-18,1.9958703810583206e-07,5.133294542942209e-05,5.496303846134232e-05,1.741992035635347e-10
1273,2.185751579730777e-16,5.567061008986101e-05,1.1830814106161824e-15,2.0459679685603388e-07,5.0614685762691614e-05,5.5670610089861e-05,1.8559509591210937e-10
1274,3.885780586188048e-16,5.4702502228428786e-05,2.1510571102112408e-16,2.0612243226136862e-07,4.97681394179316e-05,5.4702502228428786e-05,1.9463939529912157e-10
1275,3.5561831257524545e-16,5.435795538927411e-05,1.0408340855860843e-15,2.0587156549477237e-07,4.9028553527171404e-05,5.435795538927412e-05,1.7831642830431532e-10
1276,2.96637714392034e-16,5.491469695467056e-05,6.661338147750939e-16,2.0492666139883264e-07,4.823041744632709e-05,5.4914696954670574e-05,1.7381126807397763e-10
1277,3.3968054063970854e-16,5.354649175052433e-05,1.8041124150158794e-16,2.0651845532380225e-07,4.742608235400406e-05,5.354649175052434e-05,1.9883124607198563e-10
1278,6.74807432154978e-16,5.4109533728130885e-05,1.627170620466245e-15,2.0568539773214295e-07,4.6670484782431556e-05,5.410953372813088e-05,1.9806527267121204e-10
1279,5.793976409762536e-16,5.431241225861355e-05,8.569533971325427e-16,2.1586633714137243e-07,4.581482630570823e-05,5.4312412258613536e-05,1.8756111760430387e-10
1280,6.036837696399289e-16,5.391060955846752e-05,8.743006318923108e-16,2.17665011174005e-07,4.51512377888066e-05,5.391060955846752e-05,1.8654298934822468e-10
1281,6.349087922075114e-16,5.3861638273208495e-05,1.9810542095655137e-15,2.2121906802230473e-07,4.461413083962256e-05,5.386163827320849e-05,2.0228264738992961e-10
1282,5.412337245047638e-16,5.4503474932072216e-05,8.396061623727746e-16,2.2070394877730243e-07,4.400363474476712e-05,5.450347493207222e-05,2.052523808448505e-10
1283,7.858297346174936e-16,5.371998560312479e-05,1.7104373473131318e-15,2.2228956572407227e-07,4.354189373434753e-05,5.371998560312478e-05,1.9222059471535278e-10
1284,8.083811398051921e-16,5.3369024343628415e-05,2.3765711620882257e-15,2.337813277989917e-07,4.330675418946382e-05,5.336902434362843e-05,1.841282896914169e-10
1285,1.9916793908558716e-16,5.290278854467455e-05,9.367506770274758e-17,2.347287506509685e-07,4.3053079456298484e-05,5.290278854467456e-05,2.0286994018099548e-10
1286,6.713379852030243e-16,5.147281639839964e-05,2.0886070650760757e-15,2.3892217184545705e-07,4.3008129629746437e-05,5.147281639839963e-05,2.0889352477934156e-10
1287,1.7867651802561113e-16,5.144591615952821e-05,9.992007221626409e-16,2.375729006316024e-07,4.278786405931686e-05,5.144591615952821e-05,1.9208732258371473e-10
1288,1.8821749714348357e-16,5.15685038822557e-05,1.457167719820518e-16,2.2307630804033196e-07,4.2487295922069084e-05,5.156850388225571e-05,1.7965177870361914e-10
1289,2.5153490401663703e-16,5.039657453519109e-05,8.36136715420821e-16,2.016287293715377e-07,4.2219338028121915e-05,5.0396574535191086e-05,1.9652802290535787e-10
1290,3.187554387107383e-16,4.965457300119963e-05,1.457167719820518e-16,1.7329375978647477e-07,4.158339725884815e-05,4.965457300119963e-05,1.9252923653318346e-10
1291,3.301395615218361e-16,5.00074404900973e-05,1.942890293094024e-16,1.6520997647706537e-07,4.1201224112349305e-05,5.0007440490097296e-05,1.81498799070181e-10
1292,1.717376241217039e-16,4.861556849982998e-05,7.806255641895632e-16,1.677672387678797e-07,4.086406046235414e-05,4.861556849982998e-05,1.7101339977250978e-10
1293,2.1684043449710089e-16,4.8203475858745954e-05,1.0685896612017132e-15,1.6721186292100593e-07,4.0142507724109035e-05,4.820347585874596e-05,1.8420176238550726e-10
1294,3.4911309954033243e-16,4.7840982650114927e-05,5.100087019371813e-16,1.6470487636428832e-07,3.9521525226034455e-05,4.7840982650114927e-05,1.9277072871103898e-10
1295,3.6304509745677116e-16,4.7685188397744266e-05,5.169475958410885e-16,1.6462411326061827e-07,3.880526734351991e-05,4.7685188397744266e-05,1.8742222781129635e-10
1296,3.139849491518021e-16,4.7654666940181564e-05,3.677613769070831e-16,1.628694258843169e-07,3.825444907807528e-05,4.7654666940181564e-05,1.768497177012481e-10
1297,4.397524011601206e-16,4.643045007992658e-05,6.973588373426765e-16,1.709056752187063e-07,3.784495587734791e-05,4.643045007992657e-05,1.981897708982582e-10
1298,5.467631555844399e-16,4.571105293683209e-05,5.93275428784068e-16,1.7217454378534724e-07,3.7250823946013215e-05,4.571105293683209e-05,1.970211093005009e-10
1299,4.0072112295064244e-16,4.727106958639508e-05,5.169475958410885e-16,1.6983475910510581e-07,3.708953313615955e-05,4.727106958639508e-05,1.8141469652943265e-10
1300,3.4867941867133823e-16,4.6948566024471446e-05,7.042977312465837e-16,1.751771631823898e-07,3.6778901120459114e-05,4.6948566024471446e-05,1.7677074907818262e-10
1301,6.765421556309548e-16,4.5147922771348346e-05,1.2490009027033011e-15,1.750006713369459e-07,3.6110232681106e-05,4.5147922771348346e-05,1.8275904421029598e-10
1302,5.30825383648903e-16,4.5949956993162955e-05,8.534839501805891e-16,1.673110237715436e-07,3.6107910154685585e-05,4.5949956993162955e-05,1.8033795990057667e-10
1303,1.708702623837155e-16,4.492884230808545e-05,6.349087922075114e-16,1.7904994855082873e-07,3.6088952053920235e-05,4.492884230808544e-05,1.6966545184168966e-10
1304,4.701100619897147e-16,4.394034831435212e-05,1.6167622796103842e-15,1.8166494750518347e-07,3.609635822232707e-05,4.3940348314352116e-05,1.5644697822375795e-10
1305,4.735795089416683e-16,4.378078241296841e-05,2.4598378889351125e-15,1.846709091505791e-07,3.598642958047943e-05,4.378078241296841e-05,1.7135931528368533e-10
1306,2.393918396847994e-16,4.288548380529181e-05,1.3530843112619095e-16,1.8405326215366336e-07,3.581858461833278e-05,4.288548380529181e-05,1.7987139308965135e-10
1307,1.2663481374630692e-16,4.423013121400215e-05,6.071532165918825e-16,1.8138932482598957e-07,3.579039804897427e-05,4.423013121400215e-05,1.6313775685552754e-10
1308,1.0234868508263162e-16,4.391944765119603e-05,3.365363543395006e-16,1.8138460920139737e-07,3.556279237381798e-05,4.391944765119603e-05,1.5893954695499292e-10
1309,2.1033522146218786e-16,4.266941078577659e-05,1.7694179454963432e-16,1.850192119200178e-07,3.544181106943129e-05,4.266941078577659e-05,1.7750782898040954e-10
1310,1.3704315460216776e-16,4.2741697646974305e-05,3.122502256758253e-17,1.8944066411136912e-07,3.558969097823283e-05,4.2741697646974305e-05,1.7713431830248065e-10
1311,1.231653667943533e-16,4.2491740360821285e-05,8.569533971325427e-16,1.916610564561827e-07,3.525059214470667e-05,4.2491740360821285e-05,1.685413960625841e-10
1312,1.8388068845354155e-16,4.1922545690517685e-05,5.342948306008566e-16,1.9171162330983843e-07,3.5233606064921386e-05,4.1922545690517685e-05,1.6409377631205102e-10
1313,2.3418766925686896e-16,4.224006706725782e-05,4.2327252813834093e-16,1.938844357909919e-07,3.507224193425234e-05,4.2240067067257816e-05,1.7071512179268726e-10
1314,2.3375398838787476e-16,4.179706048221721e-05,4.85722573273506e-17,1.917513058639561e-07,3.487907796715175e-05,4.179706048221721e-05,1.833607740984284e-10
1315,2.398255205537936e-16,4.229617270719776e-05,3.157196726277789e-16,1.9362852693265153e-07,3.49229093855421e-05,4.229617270719777e-05,1.7104366262526998e-10
1316,2.203098814490545e-16,4.10078960022908e-05,6.591949208711867e-16,1.9573094675422176e-07,3.4519589176118835e-05,4.100789600229079e-05,1.560945936230618e-10
1317,3.452099717193846e-16,4.0126667532069526e-05,5.412337245047638e-16,1.9171296524421455e-07,3.434891893295951e-05,4.0126667532069526e-05,1.6699769194232533e-10
1318,2.441623292437356e-16,3.949416623563131e-05,3.7470027081099033e-16,1.872302121943767e-07,3.408235461615301e-05,3.9494166235631304e-05,1.7326533551511663e-10
1319,2.693158196453993e-16,3.908391491602808e-05,3.469446951953614e-17,1.7643214459631823e-07,3.321551436353559e-05,3.908391491602809e-05,1.5258458733289938e-10
1320,2.3765711620882257e-16,3.926784517049323e-05,1.0408340855860843e-15,1.7195429755957614e-07,3.2822724626554587e-05,3.926784517049322e-05,1.374668008257395e-10
1321,2.0296264668928643e-16,3.825554124151972e-05,5.898059818321144e-16,1.7545449019096965e-07,3.229854907416095e-05,3.825554124151972e-05,1.3621554870484728e-10
1322,2.5153490401663703e-16,3.770131884687564e-05,7.632783294297951e-17,1.776609154504824e-07,3.142406930913138e-05,3.770131884687564e-05,1.5070139641416989e-10
1323,1.8496489062602706e-16,3.72418458136692e-05,1.3877787807814457e-17,1.7240275946781014e-07,3.086869260839051e-05,3.72418458136692e-05,1.520263426596321e-10
1324,1.960237527853792e-16,3.670066172818779e-05,1.734723475976807e-16,1.7326776673241145e-07,3.017938633027688e-05,3.6700661728187786e-05,1.426114068073066e-10
1325,1.2836953722228372e-16,3.642584503279185e-05,7.28583859910259e-17,1.805232208110935e-07,2.955499890367664e-05,3.642584503279185e-05,1.351741216699806e-10
1326,2.5500435096859064e-16,3.6151419053862865e-05,3.5388358909926865e-16,1.8734135130617918e-07,2.881223000541768e-05,3.615141905386287e-05,1.599469497453252e-10
1327,2.7755575615628914e-16,3.6574634595007584e-05,2.7755575615628914e-17,1.866327116895744e-07,2.7862791465287967e-05,3.6574634595007584e-05,1.6234220571662237e-10
1328,3.191891195797325e-16,3.758546998774153e-05,5.342948306008566e-16,1.876946397758386e-07,2.7361236794819814e-05,3.758546998774154e-05,1.4870928334560767e-10
1329,3.5041414214731503e-16,3.605785952379309e-05,6.036837696399289e-16,1.9197848241930132e-07,2.6729987275220308e-05,3.6057859523793086e-05,1.4694473045737806e-10
1330,4.3368086899420177e-16,3.557296383885935e-05,6.453171330633722e-16,1.9379306482811276e-07,2.6229191728108158e-05,3.557296383885934e-05,1.575312545020552e-10
1331,4.2500725161431774e-16,3.6119888671785564e-05,8.187894806610529e-16,1.9903590568401408e-07,2.614781789985653e-05,3.6119888671785564e-05,1.5601642198689002e-10
1332,3.642919299551295e-16,3.51105860528815e-05,9.020562075079397e-16,2.0653021377131653e-07,2.5963169028915896e-05,3.5110586052881504e-05,1.4730392541602835e-10
1333,2.654126918244515e-16,3.4809867889195364e-05,1.2663481374630692e-15,2.1410399960505172e-07,2.5708883570114343e-05,3.4809867889195364e-05,1.2989565668912832e-10
1334,2.723515857283587e-16,3.412987901015119e-05,4.579669976578771e-16,2.121022195456304e-07,2.5529879544192296e-05,3.412987901015119e-05,1.4313740562695672e-10
1335,1.734723475976807e-16,3.3013806337316345e-05,4.753142324176451e-16,1.9961329614237577e-07,2.5515938095673057e-05,3.3013806337316345e-05,1.4466913637520248e-10
1336,1.734723475976807e-16,3.304363982374958e-05,3.365363543395006e-16,1.7855920898986188e-07,2.5365889007143775e-05,3.304363982374958e-05,1.2182140866836094e-10
1337,1.6306400674181987e-16,3.159432516294714e-05,1.97758476261356e-16,1.5762380302722367e-07,2.4967938690157406e-05,3.159432516294714e-05,1.1117862406150395e-10
1338,2.185751579730777e-16,2.9728882514766445e-05,2.8796409701215e-16,1.3552496314073181e-07,2.45253299230279e-05,2.972888251476645e-05,1.2429915171944213e-10
1339,2.1163626406917047e-16,3.038828943986483e-05,5.620504062164855e-16,1.3514706964992684e-07,2.411574689713267e-05,3.0388289439864835e-05,1.2130452934864694e-10
1340,2.3071822230491534e-16,2.9872803927735788e-05,1.942890293094024e-16,1.3442586638181403e-07,2.3597942631790527e-05,2.9872803927735785e-05,1.1681334674174758e-10
1341,3.8163916471489756e-16,2.9177700046761603e-05,4.579669976578771e-16,1.3568547840240447e-07,2.2812096885368432e-05,2.9177700046761603e-05,1.1055485500243314e-10
1342,3.365363543395006e-16,2.948227136259302e-05,4.198030811863873e-16,1.3440135847742757e-07,2.2320209259073173e-05,2.948227136259302e-05,1.2000124361564972e-10
1343,1.700029006457271e-16,2.8276234076778087e-05,7.875644580934704e-16,1.2874402150874625e-07,2.1754606623876398e-05,2.8276234076778087e-05,1.2706478652911115e-10
1344,3.5735303605122226e-16,2.7836929366476716e-05,2.42861286636753e-16,1.2737255586630497e-07,2.130252155215128e-05,2.7836929366476716e-05,1.1438195540483667e-10
1345,4.3021142204224816e-16,2.7712997760961683e-05,4.0592529337857286e-16,1.3017094309831362e-07,2.095818433727525e-05,2.7712997760961683e-05,1.0683439036380713e-10
1346,6.938893903907228e-17,2.6387518433264576e-05,5.93275428784068e-16,1.3025662732452092e-07,2.061437799263106e-05,2.638751843326458e-05,1.1481041521726863e-10
1347,1.717376241217039e-16,2.6474042414989365e-05,5.828670879282072e-16,1.285931177895383e-07,2.0480053659431404e-05,2.6474042414989358e-05,1.1520887477636417e-10
1348,8.153200337090993e-17,2.6452785265606064e-05,1.97758476261356e-16,1.2727708088855483e-07,2.0264303876991747e-05,2.6452785265606064e-05,1.031603700294419e-10
1349,7.632783294297951e-17,2.5221070051459013e-05,7.355227538141662e-16,1.2559278638000354e-07,2.0192041460753314e-05,2.5221070051459013e-05,9.437690142523768e-11
1350,5.767955557622884e-17,2.4396128377002315e-05,9.71445146547012e-17,1.2225481650380426e-07,2.0134914475713403e-05,2.4396128377002322e-05,9.83615905659027e-11
1351,7.28583859910259e-17,2.356836392789979e-05,3.8510861166685117e-16,1.1350036254170054e-07,1.9959852227900656e-05,2.3568363927899787e-05,9.67987569748801e-11
1352,5.898059818321144e-17,2.3075715073074577e-05,1.7694179454963432e-16,9.199359409396007e-08,1.987606278960195e-05,2.3075715073074577e-05,8.631344581155707e-11
1353,5.551115123125783e-17,2.315419253446364e-05,1.8735013540549517e-16,9.456878787440087e-08,1.9720838651071556e-05,2.3154192534463638e-05,8.111562957424621e-11
1354,8.153200337090993e-17,2.3035757341325983e-05,1.384309333829492e-15,9.285129955270005e-08,1.9441851038616524e-05,2.3035757341325983e-05,9.05555535893203e-11
1355,9.020562075079397e-17,2.2860477928904305e-05,2.498001805406602e-16,8.837320725294667e-08,1.917340151057898e-05,2.2860477928904305e-05,9.854493713484829e-11
1356,7.19910242530375e-17,2.3213165432047455e-05,8.326672684688674e-17,9.192683434085247e-08,1.8971619815091354e-05,2.3213165432047455e-05,8.985130144829895e-11
1357,9.540979117872439e-17,2.341484721823446e-05,7.4593109467002705e-16,9.323958773382185e-08,1.8852602918787702e-05,2.3414847218234458e-05,8.500192957796616e-11
1358,1.0538445116559103e-16,2.230737484799408e-05,7.563394355258879e-16,9.411132967287322e-08,1.8668146038517164e-05,2.230737484799408e-05,9.671742676863196e-11
1359,1.1275702593849246e-16,2.250230381393097e-05,1.4675760606763788e-15,9.464047508699058e-08,1.8487502378747856e-05,2.250230381393097e-05,1.0229438090740378e-10
1360,8.543513119185775e-17,2.294974526760053e-05,5.169475958410885e-16,9.344854994073476e-08,1.8527303882734572e-05,2.294974526760053e-05,9.052990335599826e-11
1361,1.0755285551056204e-16,2.2112451910582256e-05,2.6020852139652106e-16,1.0152957071168228e-07,1.8531039524757303e-05,2.211245191058226e-05,8.842869462119327e-11
1362,1.6566609195578508e-16,2.168055000393388e-05,3.608224830031759e-16,1.047357016314629e-07,1.8412352605215878e-05,2.1680550003933886e-05,9.476012812089583e-11
1363,1.97758476261356e-16,2.1502144432154992e-05,1.0408340855860843e-16,1.0232474515620149e-07,1.85763039810813e-05,2.1502144432154992e-05,1.0007805369425052e-10
1364,2.949029909160572e-17,2.1635351377988882e-05,8.326672684688674e-17,1.0657120276275772e-07,1.8671985726367218e-05,2.1635351377988882e-05,8.988195373415353e-11
1365,9.367506770274758e-17,2.1771527806221203e-05,3.712308238590367e-16,1.0488401188963464e-07,1.8711391597164554e-05,2.17715278062212e-05,7.818207321893795e-11
1366,9.71445146547012e-17,2.124448723394142e-05,2.636779683484747e-16,9.641948304876802e-08,1.8571776454477335e-05,2.124448723394142e-05,8.717921709983535e-11
1367,9.540979117872439e-17,2.1590658949841993e-05,6.661338147750939e-16,8.772449993938586e-08,1.8476962271480106e-05,2.1590658949841993e-05,9.345582933950746e-11
1368,6.418476861114186e-17,2.2193508407604542e-05,3.2959746043559335e-16,9.05000307731968e-08,1.838407229845301e-05,2.2193508407604542e-05,8.033881044843379e-11
1369,6.765421556309548e-17,2.1099486653803812e-05,4.163336342344337e-16,9.322291066957838e-08,1.808609828022166e-05,2.109948665380381e-05,7.731579811928497e-11
1370,1.0755285551056204e-16,2.0438876003054373e-05,0.0,9.074567004947742e-08,1.7692225168577556e-05,2.043887600305437e-05,8.610000601117355e-11
1371,7.632783294297951e-17,2.088631455436445e-05,6.938893903907228e-18,9.344800372661916e-08,1.7497062186525513e-05,2.0886314554364455e-05,9.108474787963355e-11
1372,8.673617379884035e-17,2.063539769735756e-05,2.0469737016526324e-16,9.561138568283528e-08,1.73611312849173e-05,2.063539769735756e-05,8.440966353289781e-11
1373,1.1449174941446927e-16,2.018913332594289e-05,1.1483869410966463e-15,9.961688164899368e-08,1.7207388510280177e-05,2.018913332594289e-05,7.969382363742362e-11
1374,7.24247051220317e-17,2.0195458823347363e-05,7.28583859910259e-17,1.0070247275992261e-07,1.702539893792911e-05,2.0195458823347363e-05,8.378917556530908e-11
1375,1.0928757898653885e-16,2.02150420715392e-05,5.898059818321144e-16,1.0041487222018503e-07,1.7013426477213948e-05,2.02150420715392e-05,9.501837078782566e-11
1376,7.806255641895632e-17,2.076675967926206e-05,5.204170427930421e-17,1.0812984639878981e-07,1.7009239278882392e-05,2.076675967926206e-05,8.583357591656865e-11
1377,9.020562075079397e-17,2.0331764805506875e-05,7.216449660063518e-16,1.1248455207297364e-07,1.69196223560912e-05,2.0331764805506875e-05,7.74414038033302e-11
1378,1.3183898417423734e-16,1.9318862989450568e-05,2.0469737016526324e-16,1.122234913244341e-07,1.7016220858113063e-05,1.9318862989450568e-05,8.275070626480615e-11
1379,1.2967057982926633e-16,2.036083078155307e-05,3.122502256758253e-17,1.0816573155474768e-07,1.7158877219415943e-05,2.036083078155307e-05,8.409698533779819e-11
1380,1.0061396160665481e-16,1.9701891870703944e-05,3.122502256758253e-16,9.834945231563391e-08,1.709372512412667e-05,1.9701891870703944e-05,7.44121225619418e-11
1381,1.3183898417423734e-16,1.9168750440395816e-05,3.469446951953614e-17,8.432890100974755e-08,1.6938951897090806e-05,1.9168750440395816e-05,6.891407005908649e-11
1382,1.0191500421363742e-16,1.953421593502153e-05,2.7755575615628914e-16,7.727091499987182e-08,1.6773737186022384e-05,1.9534215935021528e-05,7.353468628876946e-11
1383,5.551115123125783e-17,1.9606905386214705e-05,1.5959455978986625e-16,7.879625485429642e-08,1.6644589303184865e-05,1.9606905386214705e-05,8.4295943073902e-11
1384,1.0234868508263162e-16,1.910967615707186e-05,8.638922910364499e-16,8.074031590532549e-08,1.645098532760639e-05,1.9109676157071857e-05,8.489076013699442e-11
1385,9.540979117872439e-17,1.957096364400599e-05,2.0816681711721685e-17,8.470512037877381e-08,1.6252034944982773e-05,1.957096364400599e-05,7.485510499402159e-11
1386,1.1275702593849246e-16,1.939189669878675e-05,2.0122792321330962e-16,8.601781387868046e-08,1.618186529307302e-05,1.939189669878675e-05,7.94703973239202e-11
1387,1.0581813203458523e-16,1.9409464213107702e-05,2.0816681711721685e-17,9.087717701451725e-08,1.5959164428574642e-05,1.9409464213107702e-05,9.343884605676886e-11
1388,1.0408340855860843e-16,2.0203153694806274e-05,3.920475055707584e-16,9.146075355143807e-08,1.5800738904221898e-05,2.0203153694806274e-05,8.529306415395188e-11
1389,1.1449174941446927e-16,1.9896750547727647e-05,9.020562075079397e-17,9.9699393592452e-08,1.582521623157658e-05,1.9896750547727647e-05,8.071258439754802e-11
1390,9.020562075079397e-17,1.972145095904932e-05,3.0184188481996443e-16,1.0578572929697411e-07,1.5887039357419293e-05,1.972145095904932e-05,8.368542827837303e-11
1391,8.500145032286355e-17,2.021904713031901e-05,5.065392549852277e-16,1.1042515303451989e-07,1.603556036211526e-05,2.021904713031901e-05,9.080920304558875e-11
1392,7.632783294297951e-17,2.0316076540200142e-05,6.522560269672795e-16,1.1866573211040399e-07,1.620301609262469e-05,2.0316076540200146e-05,9.095335116257809e-11
1393,1.0061396160665481e-16,2.0801535453401446e-05,4.371503159461554e-16,1.231492738860973e-07,1.6414697572495907e-05,2.0801535453401446e-05,7.817410271856349e-11
1394,1.0408340855860843e-16,2.1407935876516207e-05,9.26342336171615e-16,1.2463190487803366e-07,1.6540162002113683e-05,2.1407935876516207e-05,7.723043789928972e-11
1395,1.0972125985553305e-16,2.0210185028544645e-05,5.273559366969494e-16,1.1921726099112934e-07,1.657996160144042e-05,2.0210185028544642e-05,9.088221195345853e-11
1396,9.194034422677078e-17,2.151141624730498e-05,1.249000902703301e-16,9.933473846431007e-08,1.697677703554253e-05,2.151141624730498e-05,8.472210945529449e-11
1397,1.0408340855860843e-16,2.1461710165421207e-05,6.279698983036042e-16,9.159169470519118e-08,1.7018036682998482e-05,2.1461710165421207e-05,7.650353347799583e-11
1398,8.933825901280557e-17,1.951849065965794e-05,9.367506770274758e-17,9.407545494000136e-08,1.658967765024067e-05,1.951849065965794e-05,8.073949137948343e-11
1399,1.3877787807814457e-16,1.935438089273512e-05,5.93275428784068e-16,9.518739016878969e-08,1.6243556898316114e-05,1.9354380892735116e-05,8.651974367909134e-11
1400,1.0061396160665481e-16,1.958111989400406e-05,6.071532165918825e-16,9.688575514522207e-08,1.6104351333966128e-05,1.958111989400406e-05,8.570103326574685e-11
1401,6.245004513516506e-17,1.929474225413178e-05,3.122502256758253e-17,9.878466392283791e-08,1.5960390015970396e-05,1.9294742254131777e-05,8.0940106640996e-11
1402,1.2923689896027213e-16,1.9692934513734484e-05,1.0894063429134349e-15,1.0098376894765448e-07,1.5727768013427594e-05,1.969293451373448e-05,8.178118293686839e-11
1403,1.8908485888147197e-16,1.9676311895906792e-05,8.326672684688674e-17,9.759242600160256e-08,1.5306256462983183e-05,1.9676311895906796e-05,8.562428584043112e-11
1404,7.502679033599691e-17,2.0256014106517184e-05,7.840950111415168e-16,9.40171726660291e-08,1.5309808832293343e-05,2.025601410651718e-05,8.339344419594632e-11
1405,5.0306980803327406e-17,2.074192106556561e-05,4.0939474033052647e-16,1.0252027000598463e-07,1.5269366907104212e-05,2.0741921065565618e-05,7.725269449476439e-11
1406,1.249000902703301e-16,1.876186375058081e-05,1.797173521111972e-15,1.011784869558649e-07,1.4973555130267376e-05,1.876186375058081e-05,7.582622795727759e-11
1407,9.8879238130678e-17,1.875703593247326e-05,1.27675647831893e-15,9.547627081041982e-08,1.5218612492940358e-05,1.875703593247326e-05,7.595538067351272e-11
1408,5.898059818321144e-17,1.934263118041789e-05,1.3877787807814457e-17,9.686842362358755e-08,1.5480455522876256e-05,1.9342631180417887e-05,7.093734800069347e-11
1409,6.071532165918825e-17,1.8971141664078463e-05,7.042977312465837e-16,9.359959937758205e-08,1.553098324682835e-05,1.8971141664078466e-05,6.797374726693104e-11
1410,1.0408340855860843e-16,1.86976500504641e-05,4.891920202254596e-16,8.272302331416986e-08,1.5574718173656853e-05,1.8697650050464104e-05,8.032349510167614e-11
1411,6.591949208711867e-17,2.1048501011576382e-05,5.447031714567174e-16,6.541519033138182e-08,1.572066010493732e-05,2.1048501011576385e-05,7.800109511739387e-11
1412,9.367506770274758e-17,2.1632667697504327e-05,1.8041124150158794e-16,7.313310158157948e-08,1.5945468398077246e-05,2.1632667697504324e-05,7.537271840899334e-11
1413,5.898059818321144e-17,2.075233815915488e-05,3.642919299551295e-16,8.34364949639857e-08,1.5888820270396424e-05,2.075233815915488e-05,7.885048037509037e-11
1414,9.020562075079397e-17,2.0054012935365935e-05,5.342948306008566e-16,8.255590707492017e-08,1.570308198458673e-05,2.0054012935365928e-05,7.965400388841587e-11
1415,5.898059818321144e-17,1.937070149893705e-05,7.251144129583054e-16,8.428060839678342e-08,1.5837661773309293e-05,1.9370701498937053e-05,8.161350238501826e-11
1416,5.898059818321144e-17,1.957737313249467e-05,1.4224732503009818e-16,9.077943910647257e-08,1.5885986891909137e-05,1.957737313249466e-05,8.254302819706002e-11
1417,5.551115123125783e-17,1.9415422360142835e-05,2.0469737016526324e-16,9.26002078505822e-08,1.5751646967890284e-05,1.941542236014283e-05,7.863307673981921e-11
1418,1.1449174941446927e-16,1.9410087048462353e-05,6.418476861114186e-16,9.547236597563097e-08,1.5774509308015875e-05,1.9410087048462353e-05,8.378723167495286e-11
1419,8.326672684688674e-17,2.111641688091227e-05,1.6306400674181987e-16,9.53248421283262e-08,1.5996732491369637e-05,2.1116416880912267e-05,8.481542760873568e-11
1420,7.45931094670027e-17,2.2131361950169915e-05,7.494005416219807e-16,9.565519062601502e-08,1.6078979846772978e-05,2.213136195016991e-05,8.126340678292998e-11
1421,1.249000902703301e-16,2.0582220116080782e-05,4.440892098500626e-16,9.96903149891315e-08,1.5949495438538352e-05,2.0582220116080786e-05,7.824465977638141e-11
1422,8.326672684688674e-17,2.1456328230163297e-05,2.5673907444456745e-16,9.330639595336865e-08,1.6159169436342922e-05,2.1456328230163297e-05,7.248190457280193e-11
1423,6.635317295611287e-17,2.1546237004152327e-05,2.393918396847994e-16,9.138307547826297e-08,1.6226936077340075e-05,2.1546237004152323e-05,6.78063784319414e-11
1424,6.938893903907228e-17,1.9283003450701494e-05,3.5388358909926865e-16,8.800211734327767e-08,1.5956330423341955e-05,1.9283003450701498e-05,6.74696071991371e-11
1425,6.418476861114186e-17,1.8713419705996616e-05,3.122502256758253e-17,8.041115447544184e-08,1.5777298495527654e-05,1.8713419705996613e-05,6.11797203919621e-11
1426,9.71445146547012e-17,1.7788658669894963e-05,3.8163916471489756e-17,7.913006370725145e-08,1.57275965469285e-05,1.778865866989496e-05,5.90117620884828e-11
1427,3.122502256758253e-17,1.729431257627509e-05,3.365363543395006e-16,8.004602120546822e-08,1.5702118660532453e-05,1.7294312576275092e-05,6.020815210239383e-11
1428,5.898059818321144e-17,1.781006430813271e-05,3.0184188481996443e-16,8.021032252628069e-08,1.5513668628237774e-05,1.7810064308132706e-05,6.101540816320992e-11
1429,7.632783294297951e-17,1.7751390603939367e-05,4.926614671774132e-16,8.17175933040884e-08,1.5161364821713162e-05,1.7751390603939367e-05,5.923668209149171e-11
1430,4.163336342344337e-17,1.7966429845255144e-05,2.5673907444456745e-16,7.816706164200798e-08,1.4975524663927194e-05,1.7966429845255144e-05,6.00965020995831e-11
1431,7.979727989493313e-17,1.852795911992137e-05,3.920475055707584e-16,7.650731866874066e-08,1.491091457065402e-05,1.852795911992137e-05,5.943606658183562e-11
1432,7.45931094670027e-17,1.7918717192357223e-05,1.214306433183765e-16,7.570208367200376e-08,1.4708382722185046e-05,1.791871719235722e-05,6.297761610837236e-11
1433,4.5102810375396984e-17,1.7162745581401952e-05,6.453171330633722e-16,7.179419489727196e-08,1.4700880447266018e-05,1.7162745581401952e-05,6.286603134078626e-11
1434,9.367506770274758e-17,1.7294334388524988e-05,3.7816971776294395e-16,7.418218276548233e-08,1.4702065654381485e-05,1.7294334388524995e-05,5.92847666784381e-11
1435,9.020562075079397e-17,1.603017058323138e-05,2.3592239273284576e-16,7.659797356118769e-08,1.45968391845571e-05,1.6030170583231386e-05,6.100554204994538e-11
1436,1.0755285551056204e-16,1.566649494444507e-05,6.314393452555578e-16,7.296590620337745e-08,1.4691872337609188e-05,1.566649494444507e-05,6.576392597735413e-11
1437,5.898059818321144e-17,1.6300159465988496e-05,2.8102520310824275e-16,6.958242299015538e-08,1.4828142968914886e-05,1.63001594659885e-05,5.852486780182178e-11
1438,3.9898639947466563e-17,1.610128048268077e-05,2.0816681711721685e-17,7.02095064256808e-08,1.4878874334572915e-05,1.610128048268077e-05,5.034412754494741e-11
1439,1.0061396160665481e-16,1.55521142175248e-05,3.920475055707584e-16,6.967559746436786e-08,1.4966718563359537e-05,1.55521142175248e-05,4.897891970901191e-11
1440,5.898059818321144e-17,1.5323067123626436e-05,2.0122792321330962e-16,6.223881783215535e-08,1.4785025880249129e-05,1.5323067123626436e-05,5.0528883448417635e-11
1441,5.204170427930421e-17,1.4989310426873516e-05,7.632783294297951e-17,4.887452509979434e-08,1.4795029712871815e-05,1.4989310426873516e-05,4.814397991377498e-11
1442,4.5102810375396984e-17,1.4963990961626182e-05,6.071532165918825e-16,4.87634626011868e-08,1.4823732651844527e-05,1.496399096162618e-05,4.5073586194581115e-11
1443,8.326672684688674e-17,1.4795054966030564e-05,4.926614671774132e-16,4.9389747180939025e-08,1.4531936448499352e-05,1.4795054966030567e-05,4.421639094170849e-11
1444,1.0234868508263162e-16,1.4514696154265465e-05,2.7755575615628914e-17,4.777421924728742e-08,1.4514696154265465e-05,1.4458337448526812e-05,4.930123265287053e-11
1445,3.469446951953614e-17,1.476091834203769e-05,3.365363543395006e-16,4.627906236009949e-08,1.458142466715152e-05,1.476091834203769e-05,4.8701785004158315e-11
1446,5.898059818321144e-17,1.4636698912398886e-05,3.920475055707584e-16,4.7089350752038683e-08,1.4464361972590374e-05,1.463669891239889e-05,4.293099343675356e-11
1447,1.491862189340054e-16,1.445390403469785e-05,9.402201239794294e-16,4.680026555181627e-08,1.445390403469785e-05,1.402864354842488e-05,4.351630734536218e-11
1448,4.5102810375396984e-17,1.4397982524719265e-05,3.885780586188048e-16,4.522716334776078e-08,1.4397982524719263e-05,1.4129951193559112e-05,4.6210227427012194e-11
1449,6.591949208711867e-17,1.4676363598954283e-05,2.2898349882893854e-16,4.2971930510476986e-08,1.4396448302005657e-05,1.4676363598954283e-05,4.210152301665e-11
1450,5.551115123125783e-17,1.436993536844258e-05,1.4224732503009818e-16,4.475500823154094e-08,1.4369935368442581e-05,1.4199392383903065e-05,3.996853136322015e-11
1451,9.194034422677078e-17,1.4032963959217773e-05,2.8102520310824275e-16,4.409310053622023e-08,1.4032963959217773e-05,1.3746089849467795e-05,3.893174156261827e-11
1452,4.5102810375396984e-17,1.3866414443084873e-05,6.591949208711867e-17,4.226827078103457e-08,1.3866414443084874e-05,1.3571557772941959e-05,3.969201513882169e-11
1453,6.245004513516506e-17,1.3842408021987193e-05,3.2959746043559335e-16,4.320005327074217e-08,1.3842408021987195e-05,1.3298129494913323e-05,3.860509933867654e-11
1454,5.811323644522304e-17,1.3669658998107437e-05,3.122502256758253e-17,4.3171270156829034e-08,1.3669658998107439e-05,1.3100914417102852e-05,3.411942595856091e-11
1455,1.1449174941446927e-16,1.344668753457174e-05,3.7816971776294395e-16,4.229412570253693e-08,1.3446687534571742e-05,1.2661309781957776e-05,3.434140240527792e-11
1456,5.898059818321144e-17,1.3189130970818294e-05,4.163336342344337e-16,4.027336116246144e-08,1.3189130970818292e-05,1.212801717969737e-05,3.720116899158423e-11
1457,4.5102810375396984e-17,1.292660628714384e-05,4.544975507059235e-16,3.703810355377285e-08,1.292660628714384e-05,1.2407921246940922e-05,3.384377408248425e-11
1458,6.765421556309548e-17,1.2870166090322031e-05,4.40619762898109e-16,3.7258056886230184e-08,1.287016609032203e-05,1.2218931052488667e-05,3.132975197137605e-11
1459,8.847089727481716e-17,1.2710904149589637e-05,8.430756093247282e-16,3.690436839193928e-08,1.2710904149589635e-05,1.2016219933955435e-05,3.1580939942523364e-11
1460,3.9898639947466563e-17,1.2513899498273299e-05,6.591949208711867e-16,3.6680098638997016e-08,1.2513899498273299e-05,1.235533573916175e-05,3.2713048992655824e-11
1461,8.673617379884035e-17,1.2480114230716524e-05,2.914335439641036e-16,3.653092328897295e-08,1.236269881069396e-05,1.2480114230716524e-05,3.3970973699621626e-11
1462,5.0306980803327406e-17,1.2398300962798332e-05,2.0816681711721685e-16,3.555365585706377e-08,1.2217993281589662e-05,1.2398300962798332e-05,3.054627361695542e-11
1463,1.0408340855860843e-16,1.2294772220300069e-05,1.5404344466674047e-15,3.510880244167458e-08,1.2085301152424436e-05,1.2294772220300069e-05,3.042744013944379e-11
1464,7.28583859910259e-17,1.1942391725833125e-05,2.0122792321330962e-16,3.575394964729778e-08,1.1942391725833125e-05,1.1612718012004304e-05,3.546521238529876e-11
1465,8.153200337090993e-17,1.1734007228540167e-05,3.8163916471489756e-16,3.637040873940428e-08,1.1734007228540167e-05,1.1605321213576733e-05,3.2539051243344994e-11
1466,3.122502256758253e-17,1.1761612566207148e-05,1.7694179454963432e-16,3.779440634326531e-08,1.165121976779962e-05,1.176161256620715e-05,3.0159690563489564e-11
1467,1.3292318634672284e-16,1.1462016477118316e-05,7.528699885739343e-16,3.801416138208419e-08,1.1395244976741973e-05,1.1462016477118311e-05,3.0980101628869224e-11
1468,6.938893903907228e-17,1.1525578572655974e-05,5.93275428784068e-16,3.6031152346460704e-08,1.111048283007863e-05,1.1525578572655972e-05,3.322366250772858e-11
1469,1.1449174941446927e-16,1.2109140488545854e-05,2.5673907444456745e-16,3.4389396230856406e-08,1.0810073213919934e-05,1.2109140488545854e-05,3.5698621539749614e-11
1470,2.7755575615628914e-17,1.2111089358810807e-05,1.1102230246251565e-16,3.470246854979375e-08,1.0687680920324297e-05,1.2111089358810807e-05,3.308758391939579e-11
1471,1.0061396160665481e-16,1.1908029096005829e-05,2.671474153004283e-16,3.510179269385766e-08,1.0565010552963795e-05,1.1908029096005829e-05,3.081656217238191e-11
1472,1.1102230246251565e-16,1.1368758526896984e-05,2.3592239273284576e-16,3.519336813379709e-08,1.0360444662967316e-05,1.1368758526896984e-05,3.5702597511381146e-11
1473,5.445405411308446e-17,1.0767810167648108e-05,4.614364446098307e-16,3.368925958081165e-08,1.018895432939002e-05,1.0767810167648111e-05,3.724065838687447e-11
1474,3.122502256758253e-17,1.0884595376748775e-05,3.2612801348363973e-16,3.5089461820556056e-08,1.0183154756509403e-05,1.0884595376748775e-05,3.268713635218778e-11
1475,1.0755285551056204e-16,1.076335565227454e-05,6.245004513516506e-16,3.5589527319981884e-08,1.012241948881162e-05,1.076335565227454e-05,3.179294079372881e-11
1476,9.020562075079397e-17,1.0111156677521365e-05,3.400058012914542e-16,3.60607660988832e-08,1.0038342527519883e-05,1.0111156677521365e-05,3.403399862635736e-11
1477,1.3183898417423734e-16,1.0402657265034434e-05,1.700029006457271e-16,3.482476832426806e-08,1.0002188275565218e-05,1.0402657265034436e-05,3.6217464032853826e-11
1478,5.0306980803327406e-17,1.0333641859023069e-05,2.498001805406602e-16,3.18669196369345e-08,9.964314025064898e-06,1.0333641859023066e-05,3.3625566955907265e-11
1479,9.367506770274758e-17,1.0126608427840527e-05,2.3592239273284576e-16,2.9635693121754514e-08,9.951185967584656e-06,1.0126608427840525e-05,2.819097739443304e-11
1480,1.214306433183765e-16,1.0155567612405324e-05,5.412337245047638e-16,2.8738037838316188e-08,9.890535678764518e-06,1.015556761240532e-05,3.0489365901919785e-11
1481,4.5102810375396984e-17,1.020148442783925e-05,2.1510571102112408e-16,2.9241752130815257e-08,9.83106336091974e-06,1.0201484427839252e-05,3.458988752156267e-11
1482,3.8163916471489756e-17,1.0310240076571468e-05,1.0408340855860843e-17,2.9927869071855184e-08,9.875271966142169e-06,1.0310240076571468e-05,3.1459695033634655e-11
1483,1.5959455978986625e-16,1.0059812241813704e-05,9.8879238130678e-16,2.9403957602092134e-08,9.80509650096381e-06,1.0059812241813704e-05,3.1292504957120186e-11
1484,5.898059818321144e-17,9.672080559047038e-06,1.8735013540549517e-16,2.9174644811114092e-08,9.672080559047038e-06,9.626300545550194e-06,3.396360591581599e-11
1485,9.020562075079397e-17,9.680906760128482e-06,3.469446951953614e-16,2.9666514134163435e-08,9.68090676012848e-06,9.51358519321514e-06,3.5017863406592436e-11
1486,5.204170427930421e-17,9.606285705122698e-06,3.5041414214731503e-16,2.9777184940016355e-08,9.6062857051227e-06,9.375962788608617e-06,3.3645475027940384e-11
1487,7.979727989493313e-17,9.609709047228192e-06,1.0547118733938987e-15,2.93433664033671e-08,9.609709047228194e-06,9.069444479707545e-06,2.8025409327668124e-11
1488,9.020562075079397e-17,9.607001066042824e-06,3.434752482434078e-16,2.8375424232507385e-08,9.607001066042824e-06,9.103656155949759e-06,2.838921181222704e-11
1489,7.632783294297951e-17,9.652901471870406e-06,1.3530843112619095e-16,2.842844704087355e-08,9.463866394995857e-06,9.652901471870405e-06,3.2951579609470676e-11
1490,3.642919299551295e-17,9.824041122101102e-06,1.97758476261356e-16,2.9204118678904933e-08,9.488839801216701e-06,9.824041122101102e-06,2.988592590655127e-11
1491,1.1449174941446927e-16,9.89785935336082e-06,5.724587470723463e-16,2.8574227983746425e-08,9.478479793047482e-06,9.89785935336082e-06,2.876534490804992e-11
1492,7.28583859910259e-17,9.747415138014605e-06,7.042977312465837e-16,2.8180882516437578e-08,9.441115497943246e-06,9.747415138014605e-06,3.197242020158693e-11
1493,7.28583859910259e-17,9.58903837016612e-06,2.3245294578089215e-16,2.86912267277728e-08,9.555965351633584e-06,9.58903837016612e-06,3.2921397271433443e-11
1494,8.673617379884035e-17,9.539842545727461e-06,4.544975507059235e-16,2.8823619713236326e-08,9.539842545727463e-06,9.469203395149522e-06,3.1764245767554174e-11
1495,6.071532165918825e-17,9.597377729255888e-06,1.8041124150158794e-16,2.9246550803559146e-08,9.597377729255887e-06,9.328378019044006e-06,2.6940571732932164e-11
1496,8.673617379884035e-17,9.625604513995128e-06,1.9081958235744878e-16,3.066146894020738e-08,9.625604513995128e-06,9.1200093376398e-06,2.729407067389361e-11
1497,1.1102230246251565e-16,9.402844103441659e-06,3.469446951953614e-18,3.0451488107138824e-08,9.402844103441659e-06,8.92897929787481e-06,3.317253019422188e-11
1498,3.8163916471489756e-17,9.3932578144416e-06,4.0592529337857286e-16,2.8114782832551477e-08,9.393257814441602e-06,9.31933332391264e-06,3.079746942998646e-11
1499,1.1102230246251565e-16,9.367941266268837e-06,1.2073675392798577e-15,2.8223462654637654e-08,9.367941266268837e-06,9.181319520854188e-06,2.800143495513644e-11
1500,8.847089727481716e-17,9.16921340505783e-06,4.649058915617843e-16,2.8939122959960317e-08,9.16921340505783e-06,9.054162677839347e-06,2.96546870552008e-11
1501,7.28583859910259e-17,9.113010949882469e-06,1.97758476261356e-16,2.8495526297085683e-08,9.077699939337011e-06,9.113010949882469e-06,3.121493361886874e-11
1502,9.020562075079397e-17,8.995527126157698e-06,3.8163916471489756e-17,2.831962587872272e-08,8.949927748261216e-06,8.9955271261577e-06,3.022896058975409e-11
1503,4.336808689942018e-17,9.097879986948777e-06,5.204170427930421e-17,2.8542084314943372e-08,8.83574215849225e-06,9.09787998694878e-06,2.7078490300843268e-11
1504,1.1449174941446927e-16,8.845992964942354e-06,2.255140518769849e-16,2.8325020378673627e-08,8.808137270217882e-06,8.845992964942354e-06,2.729706883189613e-11
1505,1.2836953722228372e-16,8.512795794085877e-06,1.1934897514720433e-15,2.8105026857877524e-08,8.512795794085877e-06,8.293031666224483e-06,3.0672288540423304e-11
1506,2.7755575615628914e-17,8.514260802015904e-06,9.367506770274758e-17,2.7848022802687278e-08,8.336060515897645e-06,8.514260802015905e-06,2.904425771730231e-11
1507,5.898059818321144e-17,8.545007765735655e-06,2.0816681711721685e-17,3.076262039720945e-08,8.325681900715261e-06,8.545007765735653e-06,2.4694371378143346e-11
1508,1.214306433183765e-16,8.312358591179331e-06,2.8796409701215e-16,3.1567490650988295e-08,8.111468600422778e-06,8.31235859117933e-06,2.603035732570064e-11
1509,6.591949208711867e-17,8.53768976809232e-06,6.730727086790012e-16,3.084204696236076e-08,7.95528808501966e-06,8.53768976809232e-06,2.871528870187423e-11
1510,5.551115123125783e-17,8.7246070237872e-06,8.673617379884035e-17,3.21754806548169e-08,7.845565662748648e-06,8.724607023787198e-06,2.8655135068604018e-11
1511,5.204170427930421e-17,8.554978032000871e-06,1.3183898417423734e-16,3.3617153985011916e-08,7.6831285866282e-06,8.554978032000873e-06,2.7258167310788332e-11
1512,1.0408340855860843e-16,8.520492173364792e-06,3.2612801348363973e-16,3.407216654649492e-08,7.618632804485993e-06,8.52049217336479e-06,2.788090625904396e-11
1513,1.0104764247564901e-16,8.173876025803604e-06,1.4502288259166107e-15,3.478863044165115e-08,7.482489191457529e-06,8.173876025803604e-06,3.007392845557629e-11
1514,5.377642775528102e-17,8.150628914282782e-06,4.718447854656915e-16,3.649330020377012e-08,7.389453001352792e-06,8.150628914282782e-06,2.949930056153084e-11
1515,5.898059818321144e-17,8.096775933727662e-06,2.740863092043355e-16,3.9749284286814957e-08,7.421058877736716e-06,8.09677593372766e-06,2.6815386492769967e-11
1516,9.367506770274758e-17,7.95086601787073e-06,8.222589276130066e-16,4.0446810095629004e-08,7.361251474123522e-06,7.950866017870732e-06,2.77149199007504e-11
1517,9.020562075079397e-17,8.112085445719374e-06,9.853229343548264e-16,3.807780015342016e-08,7.356104053671912e-06,8.112085445719374e-06,2.7983221687737767e-11
1518,4.5102810375396984e-17,8.201318442307993e-06,2.42861286636753e-16,3.5416403003883656e-08,7.386427532497801e-06,8.201318442307993e-06,2.7108150896522645e-11
1519,6.591949208711867e-17,7.910945202021677e-06,2.914335439641036e-16,3.24766938593693e-08,7.289599698159149e-06,7.910945202021677e-06,2.543704841394542e-11
1520,8.500145032286355e-17,7.722860738207576e-06,0.0,2.772001996866058e-08,7.244248189975402e-06,7.722860738207575e-06,2.55079382364278e-11
1521,4.5102810375396984e-17,7.731978000163528e-06,6.140921104957897e-16,2.8069886193193838e-08,7.2099838059870805e-06,7.731978000163526e-06,2.668148812312947e-11
1522,8.326672684688674e-17,7.470866764158588e-06,4.614364446098307e-16,2.847359681368289e-08,7.0643088208891e-06,7.470866764158589e-06,2.69952137444529e-11
1523,9.367506770274758e-17,7.4215780312964936e-06,6.38378239159465e-16,2.8175484834136455e-08,6.999165160678978e-06,7.4215780312964936e-06,2.630376213294859e-11
1524,5.204170427930421e-17,7.380785383998171e-06,3.469446951953614e-17,2.792467990175851e-08,6.908870930019215e-06,7.380785383998171e-06,2.8462355959531924e-11
1525,6.245004513516506e-17,7.2780447122903316e-06,2.255140518769849e-16,2.7071226815778004e-08,6.790905391908595e-06,7.2780447122903316e-06,2.784187008197007e-11
1526,7.632783294297951e-17,7.3404748396749795e-06,1.1900203045200897e-15,2.682552523950582e-08,6.70432341875167e-06,7.3404748396749795e-06,2.7817308911836933e-11
1527,5.898059818321144e-17,7.241563378406937e-06,6.904199434387692e-16,2.6684008002340887e-08,6.6096748320420185e-06,7.2415633784069385e-06,2.6380760851535443e-11
1528,8.326672684688674e-17,7.189938851815701e-06,7.91033905045424e-16,2.6922719321281763e-08,6.546308757916507e-06,7.189938851815701e-06,2.619218920388119e-11
1529,4.5102810375396984e-17,7.161764085696506e-06,3.0878077872387166e-16,2.7269433561065426e-08,6.493319513849159e-06,7.161764085696505e-06,2.6166813616101443e-11
1530,9.020562075079397e-17,7.013040784877486e-06,1.4328815911568427e-15,2.641007371129156e-08,6.392495459908526e-06,7.013040784877486e-06,2.4801840190688835e-11
1531,7.979727989493313e-17,6.944790194521709e-06,7.320533068622126e-16,2.667711686884372e-08,6.353902008795402e-06,6.9447901945217085e-06,2.333348052866441e-11
1532,5.898059818321144e-17,6.8201672811900765e-06,2.3245294578089215e-16,2.7407184508866644e-08,6.331125850682669e-06,6.820167281190077e-06,2.3287302116677565e-11
1533,6.245004513516506e-17,6.518474298628664e-06,4.996003610813204e-16,2.736448999254154e-08,6.285412028360062e-06,6.518474298628664e-06,2.2647277330267775e-11
1534,7.632783294297951e-17,6.392302497007236e-06,2.42861286636753e-16,2.7153016454208034e-08,6.243480617836332e-06,6.392302497007235e-06,2.281797537337316e-11
1535,5.551115123125783e-17,6.405303303072105e-06,5.30825383648903e-16,2.677515202609282e-08,6.2186198275706995e-06,6.405303303072105e-06,2.152528809105179e-11
1536,8.326672684688674e-17,6.41327220840527e-06,9.645062526431047e-16,2.685916558522322e-08,6.202355858715695e-06,6.41327220840527e-06,2.170458980516429e-11
1537,7.979727989493313e-17,6.254516618746443e-06,6.869504964868156e-16,2.6310270913321165e-08,6.174346881711082e-06,6.254516618746443e-06,2.306797911864768e-11
1538,9.71445146547012e-17,6.331515283272566e-06,1.734723475976807e-17,2.6425811892882844e-08,6.145203553343238e-06,6.331515283272566e-06,2.189193438812171e-11
1539,4.5102810375396984e-17,6.3371590977341584e-06,3.2612801348363973e-16,2.637839050835533e-08,6.127136626312429e-06,6.337159097734159e-06,2.1627369703434833e-11
1540,9.71445146547012e-17,6.062642715710384e-06,1.0547118733938987e-15,2.6391792155334992e-08,6.062642715710385e-06,6.0100117002187485e-06,2.369447811550086e-11
1541,1.0061396160665481e-16,6.014212768533386e-06,2.671474153004283e-16,2.5318775953402095e-08,6.014212768533386e-06,5.805418208321685e-06,2.248398830377803e-11
1542,5.204170427930421e-17,5.972994785952207e-06,1.1796119636642288e-16,2.4632271443912612e-08,5.972994785952208e-06,5.681649899475521e-06,2.229979162619768e-11
1543,5.204170427930421e-17,5.905522443362537e-06,2.5673907444456745e-16,2.5365920332948155e-08,5.905522443362535e-06,5.7110545814789545e-06,2.1401273576214024e-11
1544,9.540979117872439e-17,5.850064263256849e-06,7.112366251504909e-16,2.5148904488417334e-08,5.850064263256849e-06,5.655119275567246e-06,2.081739379844945e-11
1545,9.8879238130678e-17,5.757665635370583e-06,7.7021722333370235e-16,2.5176768028017937e-08,5.757665635370583e-06,5.4949153702815234e-06,2.1454578808723105e-11
1546,4.85722573273506e-17,5.673704144604049e-06,1.6306400674181987e-16,2.3890174354404548e-08,5.673704144604051e-06,5.556129064923812e-06,2.0057367572750337e-11
1547,5.204170427930421e-17,5.61366126590267e-06,3.157196726277789e-16,2.4386073271820408e-08,5.613661265902669e-06,5.526545597066399e-06,1.8378292021738874e-11
1548,1.0061396160665481e-16,5.4815794982264264e-06,3.677613769070831e-16,2.4404936183053394e-08,5.4815794982264264e-06,5.183197101158011e-06,1.8717760012604356e-11
1549,4.5102810375396984e-17,5.3600901814691355e-06,6.245004513516506e-17,2.4470932946663027e-08,5.3600901814691355e-06,5.146104620688416e-06,1.82522175743443e-11
1550,7.979727989493313e-17,5.249707577788808e-06,9.367506770274758e-17,2.482288885552464e-08,5.249707577788808e-06,5.0169651552507306e-06,1.7477436716978342e-11
1551,6.591949208711867e-17,5.110323777024942e-06,7.494005416219807e-16,2.4229323769553446e-08,5.110323777024942e-06,4.839960100293119e-06,1.7915372242256617e-11
1552,5.204170427930421e-17,4.981772920704617e-06,2.7755575615628914e-17,2.404784904541657e-08,4.981772920704617e-06,4.859733945882001e-06,1.8058455775641612e-11
1553,1.0061396160665481e-16,4.834250320648346e-06,4.996003610813204e-16,2.3891873155226784e-08,4.834250320648345e-06,4.8171789227563375e-06,1.8370422325467216e-11
1554,4.5102810375396984e-17,4.94443237569556e-06,1.9081958235744878e-16,2.3926817302628856e-08,4.688210136308419e-06,4.94443237569556e-06,1.8636979183101412e-11
1555,7.28583859910259e-17,4.977498975502874e-06,1.942890293094024e-16,2.5032935351346208e-08,4.587830550162089e-06,4.977498975502874e-06,1.8494759783800553e-11
1556,9.71445146547012e-17,4.9146344248599534e-06,2.1510571102112408e-16,2.5029561999401206e-08,4.458035129548955e-06,4.914634424859954e-06,1.858227773062825e-11
1557,3.122502256758253e-17,4.768406629138963e-06,1.249000902703301e-16,2.5265375343946905e-08,4.341826627664646e-06,4.7684066291389636e-06,1.9417496091360646e-11
1558,9.71445146547012e-17,4.798955647765378e-06,5.551115123125783e-16,2.5908743931518652e-08,4.264264372285696e-06,4.798955647765379e-06,1.7599845247219606e-11
1559,9.540979117872439e-17,4.553930052549626e-06,4.787836793695988e-16,2.7330286184353014e-08,4.1948519688117435e-06,4.553930052549626e-06,1.7548343095844652e-11
1560,3.8163916471489756e-17,4.3826053941814294e-06,3.920475055707584e-16,2.797756036565513e-08,4.14879305074256e-06,4.382605394181429e-06,1.6946902727113135e-11
1561,7.112366251504909e-17,4.324769052935927e-06,5.655198531684391e-16,2.7554249298032685e-08,4.1199473138236635e-06,4.324769052935927e-06,1.5642202133276117e-11
1562,7.632783294297951e-17,4.215090553376399e-06,8.326672684688674e-17,2.5866884900520304e-08,4.057266999104969e-06,4.215090553376398e-06,1.5833257237086473e-11
1563,5.377642775528102e-17,4.181956379667858e-06,1.0408340855860843e-17,2.217877338294566e-08,4.030766165516074e-06,4.181956379667858e-06,1.534546833269835e-11
1564,7.979727989493313e-17,4.154586104904686e-06,1.9081958235744878e-16,1.854648058133984e-08,3.9957964055914995e-06,4.154586104904686e-06,1.436002344399474e-11
1565,5.551115123125783e-17,4.065616212691112e-06,3.885780586188048e-16,1.5248799171280192e-08,3.924970349160196e-06,4.065616212691112e-06,1.4854323926359966e-11
1566,5.898059818321144e-17,4.032928333292818e-06,8.500145032286355e-16,1.4376194679144305e-08,3.87725124309105e-06,4.032928333292818e-06,1.4457093766284661e-11
1567,6.591949208711867e-17,4.07650649776562e-06,8.673617379884035e-17,1.381107672671078e-08,3.832589418706714e-06,4.07650649776562e-06,1.485398394144031e-11
1568,5.377642775528102e-17,3.969505788183536e-06,1.5612511283791264e-16,1.3225612203494885e-08,3.7648099818352694e-06,3.969505788183534e-06,1.4738064256052666e-11
1569,9.367506770274758e-17,3.97956256534596e-06,2.6020852139652106e-16,1.3519242740046844e-08,3.727312495268798e-06,3.97956256534596e-06,1.4723498811014248e-11
1570,7.632783294297951e-17,3.926434148331497e-06,3.885780586188048e-16,1.4035660442918152e-08,3.672101855260211e-06,3.926434148331497e-06,1.5495944821856477e-11
1571,7.28583859910259e-17,3.848738212464587e-06,4.128641872824801e-16,1.4072287153263363e-08,3.6180988931019364e-06,3.848738212464587e-06,1.5958006047481238e-11
1572,6.591949208711867e-17,3.835746746806476e-06,1.0408340855860843e-17,1.4522350842705034e-08,3.600896141687844e-06,3.835746746806476e-06,1.4758242653084732e-11
1573,9.367506770274758e-17,3.7720736136215745e-06,2.255140518769849e-16,1.475223619824828e-08,3.5443671982438855e-06,3.7720736136215745e-06,1.4106414132462981e-11
1574,8.673617379884035e-17,3.7392048290820637e-06,7.979727989493313e-17,1.4537003488988842e-08,3.5216535134779882e-06,3.7392048290820633e-06,1.4358108289748109e-11
1575,4.5102810375396984e-17,3.7840355060209344e-06,2.5673907444456745e-16,1.5050749264076957e-08,3.499910303428845e-06,3.7840355060209348e-06,1.4295142840090839e-11
1576,6.765421556309548e-17,3.714034147449216e-06,2.671474153004283e-16,1.5443834521129685e-08,3.4438031797615273e-06,3.714034147449216e-06,1.2454262045197399e-11
1577,8.847089727481716e-17,3.7274845253250857e-06,6.938893903907228e-16,1.4833083311106832e-08,3.430674061928054e-06,3.7274845253250853e-06,1.1836210608822656e-11
1578,8.153200337090993e-17,3.6897252215841918e-06,6.591949208711867e-17,1.4810907755444247e-08,3.412934635963849e-06,3.6897252215841918e-06,1.2575373058096856e-11
1579,3.469446951953614e-17,3.5787269369670385e-06,2.0469737016526324e-16,1.4414016163803722e-08,3.3965085815447833e-06,3.5787269369670385e-06,1.3222605868228565e-11
1580,6.591949208711867e-17,3.5685214728116996e-06,1.3877787807814457e-16,1.4128112034439422e-08,3.4005689631854145e-06,3.5685214728116996e-06,1.2099305395474342e-11
1581,9.367506770274758e-17,3.5710751164437143e-06,1.249000902703301e-16,1.4332384601183079e-08,3.377121655023781e-06,3.5710751164437143e-06,1.1291480935420262e-11
1582,7.28583859910259e-17,3.5422797059899417e-06,1.491862189340054e-16,1.4409954430215366e-08,3.3722071069629352e-06,3.5422797059899413e-06,1.2712434549039944e-11
1583,8.153200337090993e-17,3.5122334369074774e-06,9.367506770274758e-16,1.4631944062620805e-08,3.3899013233173402e-06,3.512233436907478e-06,1.473115061709923e-11
1584,7.979727989493313e-17,3.5416854237330868e-06,4.822531263215524e-16,1.4110481127288521e-08,3.3912588226442147e-06,3.541685423733087e-06,1.2767310685727078e-11
1585,4.5102810375396984e-17,3.5079455417654385e-06,1.5959455978986625e-16,1.3973551291762698e-08,3.412581209968039e-06,3.5079455417654385e-06,1.1735929956343605e-11
1586,1.0234868508263162e-16,3.443475867678807e-06,1.0512424264419451e-15,1.4392788875647322e-08,3.4434758676788067e-06,3.393973598796219e-06,1.3015234817894273e-11
1587,5.551115123125783e-17,3.458352524808305e-06,4.579669976578771e-16,1.4736719565998369e-08,3.458352524808305e-06,3.344042048945929e-06,1.388496773553946e-11
1588,4.85722573273506e-17,3.4793828053103854e-06,1.6653345369377348e-16,1.4502964340752655e-08,3.4793828053103854e-06,3.359809574542539e-06,1.298453535241293e-11
1589,9.020562075079397e-17,3.4745754277300417e-06,3.157196726277789e-16,1.508370603246767e-08,3.474575427730042e-06,3.285275802644488e-06,1.1500426149874504e-11
1590,1.0408340855860843e-16,3.4599530374962903e-06,7.73686670285656e-16,1.4861300644090913e-08,3.459953037496291e-06,3.3177104460291176e-06,1.217329945539299e-11
1591,1.0061396160665481e-16,3.465609687014723e-06,1.8735013540549517e-16,1.4330484906371899e-08,3.465609687014723e-06,3.267589793498607e-06,1.4394676824559744e-11
1592,6.591949208711867e-17,3.4447007262106305e-06,2.636779683484747e-16,1.2598400001180565e-08,3.4447007262106305e-06,3.3208328757347697e-06,1.3018886760413207e-11
1593,4.336808689942018e-17,3.4244148365040962e-06,2.706168622523819e-16,1.2830497220228665e-08,3.4244148365040962e-06,3.3497636394476116e-06,1.0811066047592999e-11
1594,9.020562075079397e-17,3.3948980591185907e-06,4.787836793695988e-16,1.3313145030835472e-08,3.3948980591185907e-06,3.158225994343213e-06,1.1305869103850628e-11
1595,8.326672684688674e-17,3.327150720008311e-06,5.655198531684391e-16,1.3421129430035705e-08,3.327150720008311e-06,3.1749116288575435e-06,1.2795015671781047e-11
1596,6.938893903907228e-17,3.292898303872713e-06,1.7694179454963432e-16,1.3158038991711862e-08,3.292898303872713e-06,3.261720998225454e-06,1.1953216190777112e-11
1597,3.8163916471489756e-17,3.2649190647004594e-06,1.0755285551056204e-16,1.3337232651622344e-08,3.2649190647004594e-06,3.180426354508262e-06,1.090183863749988e-11
1598,1.0755285551056204e-16,3.19070895247659e-06,1.2351231148954867e-15,1.3165534329395712e-08,3.1907089524765895e-06,3.1768229560609547e-06,1.151270882983374e-11
1599,1.1102230246251565e-16,3.234138018733908e-06,1.1587952819525071e-15,1.2536584603761725e-08,3.1298021430576464e-06,3.234138018733908e-06,1.4092448309896991e-11
1600,3.469446951953614e-17,3.2731874581022414e-06,2.2898349882893854e-16,1.300066196016636e-08,3.08762369780421e-06,3.2731874581022414e-06,1.4645603441359296e-11
1601,6.938893903907228e-17,3.2993490709739234e-06,4.128641872824801e-16,1.4346784898110199e-08,3.0578597855758737e-06,3.299349070973923e-06,1.1943882979662949e-11
1602,1.2836953722228372e-16,3.267895260294461e-06,1.6306400674181987e-16,1.546242016890742e-08,3.0249885236646615e-06,3.267895260294461e-06,1.1955332326101445e-11
1603,5.0306980803327406e-17,3.171299341663104e-06,1.5612511283791264e-16,1.5273833684804894e-08,2.976801843512207e-06,3.1712993416631045e-06,1.3920586007877316e-11
1604,7.979727989493313e-17,3.3246469862902006e-06,8.847089727481716e-16,1.5969116438051267e-08,2.9621868755728434e-06,3.3246469862902006e-06,1.2365511538451418e-11
1605,7.979727989493313e-17,3.2681607175113856e-06,2.5326962749261384e-16,1.622558161006732e-08,2.9558514958482335e-06,3.268160717511386e-06,1.0820836406542646e-11
1606,7.632783294297951e-17,3.1824393750518973e-06,4.822531263215524e-16,1.550035278602424e-08,2.941033232726701e-06,3.182439375051898e-06,1.0782224379890748e-11
1607,8.326672684688674e-17,3.168931097820555e-06,4.753142324176451e-16,1.3587151043159551e-08,2.9260115481251686e-06,3.1689310978205546e-06,1.2198795571649556e-11
1608,5.204170427930421e-17,3.098407085572752e-06,6.83481049534862e-16,1.2232130530698271e-08,2.9086522608339105e-06,3.098407085572752e-06,1.2567917180142115e-11
1609,5.724587470723463e-17,3.109179086563201e-06,2.914335439641036e-16,1.2061194154533439e-08,2.8975151655393767e-06,3.1091790865632006e-06,1.0567518088426977e-11
1610,1.0408340855860843e-16,3.1245357210235333e-06,1.5508427875232655e-15,1.1512779396483097e-08,2.876776500731717e-06,3.124535721023533e-06,1.0375949393974663e-11
1611,7.632783294297951e-17,3.0894148342852348e-06,3.8163916471489756e-17,1.1362291663097324e-08,2.8266789328144008e-06,3.0894148342852348e-06,1.2763623363920475e-11
1612,5.551115123125783e-17,3.1624477376790886e-06,2.0816681711721685e-17,1.168671759366191e-08,2.8065127627935276e-06,3.1624477376790886e-06,1.2948183517669833e-11
1613,9.71445146547012e-17,3.217980913026955e-06,1.491862189340054e-16,1.1563988100427025e-08,2.783709092117248e-06,3.217980913026955e-06,1.1446638226336677e-11
1614,1.0234868508263162e-16,3.1138372743866147e-06,4.163336342344337e-16,1.0825132457092934e-08,2.7594503527197975e-06,3.1138372743866147e-06,1.1324691218011727e-11
1615,6.245004513516506e-17,3.1368673877369864e-06,4.544975507059235e-16,1.0773839376199135e-08,2.7449022439739858e-06,3.1368673877369864e-06,1.1843243947750007e-11
1616,7.632783294297951e-17,3.1052665403507626e-06,1.1483869410966463e-15,1.0746817435958178e-08,2.7182743829738943e-06,3.105266540350762e-06,1.1986445553565519e-11
1617,5.551115123125783e-17,3.068031658719298e-06,4.0939474033052647e-16,1.066842159058723e-08,2.7078371346353416e-06,3.068031658719298e-06,1.0408580786183e-11
1618,8.326672684688674e-17,3.0672258681359614e-06,7.945033519973776e-16,1.0611308276509135e-08,2.6953665199194312e-06,3.0672258681359614e-06,9.98928142118944e-12
1619,8.326672684688674e-17,3.027007357061847e-06,1.2906342661267445e-15,1.0567762109836565e-08,2.6594331013316913e-06,3.0270073570618473e-06,1.1060077364069179e-11
1620,6.938893903907228e-17,3.0431162067721542e-06,3.0531133177191805e-16,1.0433247266128376e-08,2.6497524494295594e-06,3.0431162067721542e-06,1.1433422797183689e-11
1621,6.938893903907228e-17,3.0379526360848076e-06,5.48172618408671e-16,1.0378445546542492e-08,2.643561019528551e-06,3.0379526360848076e-06,1.0389486308518115e-11
1622,8.500145032286355e-17,3.00652356517144e-06,5.273559366969494e-16,1.0777228877552336e-08,2.6140782193507428e-06,3.00652356517144e-06,1.0326035231295736e-11
1623,1.0408340855860843e-16,2.9490000877163773e-06,4.163336342344337e-17,1.0449970302278677e-08,2.610746147015576e-06,2.9490000877163773e-06,1.083544871559705e-11
1624,8.153200337090993e-17,2.978304292516846e-06,6.765421556309548e-16,1.0492915252825752e-08,2.598223773876219e-06,2.978304292516846e-06,1.0946683087783791e-11
1625,4.5102810375396984e-17,2.9470942363419328e-06,3.434752482434078e-16,1.0976998324196963e-08,2.587708956081863e-06,2.9470942363419328e-06,1.0894334175871494e-11
1626,8.153200337090993e-17,2.8628387777306505e-06,1.1032841307212493e-15,1.1078907666273174e-08,2.6010350996586423e-06,2.862838777730651e-06,1.1366463163220208e-11
1627,1.4224732503009818e-16,2.856027024620322e-06,2.2551405187698492e-15,1.140720585351973e-08,2.585084024487962e-06,2.856027024620322e-06,1.1064923062815054e-11
1628,5.377642775528102e-17,2.871976206816217e-06,3.712308238590367e-16,1.1167803514421093e-08,2.597349502393998e-06,2.8719762068162167e-06,1.1585895991846379e-11
1629,7.28583859910259e-17,2.8194152648992063e-06,7.251144129583054e-16,1.2034167849728217e-08,2.614950844724264e-06,2.8194152648992063e-06,1.0989731729519117e-11
1630,7.632783294297951e-17,2.833299748502353e-06,7.806255641895632e-16,1.1948373582204574e-08,2.589970986579347e-06,2.8332997485023528e-06,1.0671441462696194e-11
1631,6.591949208711867e-17,2.7560937181371906e-06,6.661338147750939e-16,1.0655236942769264e-08,2.594186009845162e-06,2.7560937181371906e-06,1.038443302328196e-11
1632,1.0234868508263162e-16,2.7744652744779577e-06,1.3149203947904198e-15,9.502067362110456e-09,2.5849572366421133e-06,2.7744652744779577e-06,9.80447997727204e-12
1633,7.979727989493313e-17,2.8001116694561395e-06,5.516420653606247e-16,9.818333368549759e-09,2.551171760998883e-06,2.80011166945614e-06,1.0109874178516037e-11
1634,6.938893903907228e-17,2.758672904077121e-06,2.8449465006019636e-16,9.752745833147003e-09,2.5176936943807987e-06,2.758672904077121e-06,1.1178072047551551e-11
1635,8.326672684688674e-17,2.7669423446698413e-06,9.020562075079397e-16,9.396339817335786e-09,2.474636566762372e-06,2.7669423446698404e-06,1.0432959344257895e-11
1636,6.591949208711867e-17,2.754646603607736e-06,1.700029006457271e-16,8.893456970859859e-09,2.4435406796395872e-06,2.754646603607736e-06,1.0407256959229422e-11
1637,8.673617379884035e-17,2.6746211805604037e-06,3.3306690738754696e-16,8.779482401494176e-09,2.4166084221949177e-06,2.6746211805604037e-06,1.1366125723878912e-11
1638,7.979727989493313e-17,2.68295409824964e-06,1.5612511283791264e-16,8.850830434878332e-09,2.3741819314534335e-06,2.6829540982496402e-06,1.1360490722295866e-11
1639,6.591949208711867e-17,2.7491639659969204e-06,1.7694179454963432e-16,8.92598135248529e-09,2.3528600493277325e-06,2.749163965996921e-06,1.0751512546159359e-11
1640,5.204170427930421e-17,2.6783538913932526e-06,2.0122792321330962e-16,9.653995803292348e-09,2.3311004829984205e-06,2.678353891393252e-06,1.0514592395494632e-11
1641,1.0755285551056204e-16,2.662352808243957e-06,1.2455314557513475e-15,9.545878137430519e-09,2.281561642042319e-06,2.662352808243957e-06,1.0455417164054816e-11
1642,9.8879238130678e-17,2.6699927346927463e-06,9.992007221626409e-16,9.113045144892862e-09,2.2737353939106823e-06,2.6699927346927463e-06,1.0672167070975834e-11
1643,3.122502256758253e-17,2.612392052813756e-06,1.6306400674181987e-16,9.632837878054135e-09,2.2701861447975425e-06,2.612392052813756e-06,1.0235723187832763e-11
1644,8.673617379884035e-17,2.562588748527573e-06,1.2281842209915794e-15,9.749145649627644e-09,2.236976654976027e-06,2.562588748527573e-06,9.305002214910039e-12
1645,1.2836953722228372e-16,2.4774094147603097e-06,2.255140518769849e-16,9.054437866140574e-09,2.2044067027375395e-06,2.4774094147603097e-06,1.0015459910086553e-11
1646,4.163336342344337e-17,2.45011367837259e-06,8.326672684688674e-17,7.695028955180538e-09,2.1737403326112226e-06,2.45011367837259e-06,1.0073053762291499e-11
1647,6.245004513516506e-17,2.493900366193163e-06,1.8041124150158794e-16,7.648934679214958e-09,2.151818976722462e-06,2.493900366193163e-06,8.8285942002328e-12
1648,6.245004513516506e-17,2.4291401330228783e-06,6.314393452555578e-16,7.473446778961945e-09,2.128039531307155e-06,2.4291401330228783e-06,8.666857279039689e-12
1649,7.28583859910259e-17,2.384955019540201e-06,3.8510861166685117e-16,7.402257301905579e-09,2.096882595677666e-06,2.384955019540201e-06,9.226740722494179e-12
1650,8.153200337090993e-17,2.4433846992906097e-06,1.8735013540549517e-16,7.574103753904549e-09,2.082462208434682e-06,2.4433846992906097e-06,8.864000792410348e-12
1651,5.898059818321144e-17,2.420790413539185e-06,1.734723475976807e-16,7.6350327249744e-09,2.064977972838138e-06,2.4207904135391856e-06,8.801255193470183e-12
1652,5.204170427930421e-17,2.4344141614593374e-06,3.7816971776294395e-16,7.464843454312031e-09,2.0381526398520314e-06,2.4344141614593374e-06,8.492465180382878e-12
1653,1.0234868508263162e-16,2.420132943751834e-06,1.7694179454963432e-16,7.34424616000845e-09,2.0132607768049463e-06,2.4201329437518337e-06,8.979401539379782e-12
1654,6.765421556309548e-17,2.250399510049141e-06,2.1163626406917047e-16,7.315129522088293e-09,2.0081042412622506e-06,2.250399510049141e-06,9.502811375112108e-12
1655,6.591949208711867e-17,2.2311875680967233e-06,5.204170427930421e-17,7.586699491725357e-09,1.99825604205785e-06,2.231187568096723e-06,8.562720503738587e-12
1656,8.673617379884035e-17,2.1923191863451626e-06,4.3021142204224816e-16,7.960287124776644e-09,1.975782902787349e-06,2.192319186345163e-06,7.93488858332013e-12
1657,5.724587470723463e-17,2.1057363026620094e-06,3.469446951953614e-17,7.569875430483985e-09,1.955852225120516e-06,2.1057363026620094e-06,8.508227093983221e-12
1658,5.551115123125783e-17,2.1761113868187825e-06,4.3021142204224816e-16,7.239493476918213e-09,1.928486168714053e-06,2.176111386818782e-06,8.150030869703419e-12
1659,1.0755285551056204e-16,2.164306323521701e-06,1.1622647289044608e-15,6.8643688268255065e-09,1.875546646051092e-06,2.1643063235217015e-06,7.676401158829358e-12
1660,6.765421556309548e-17,2.1827073760263092e-06,3.2612801348363973e-16,5.9139529844445815e-09,1.8467451221198573e-06,2.182707376026309e-06,7.0689586513701175e-12
1661,5.898059818321144e-17,2.164458504111635e-06,2.7755575615628914e-16,5.8758508241288365e-09,1.820731420676264e-06,2.1644585041116343e-06,6.909705928495429e-12
1662,9.020562075079397e-17,2.0486912537770916e-06,9.26342336171615e-16,5.860754235219312e-09,1.7835763098300437e-06,2.0486912537770916e-06,7.310542752403433e-12
1663,9.194034422677078e-17,1.969885371087062e-06,5.342948306008566e-16,5.450446857735436e-09,1.7552077963020025e-06,1.9698853710870622e-06,7.178948635787706e-12
1664,7.28583859910259e-17,1.981462778660909e-06,6.418476861114186e-16,5.539772685719813e-09,1.7256691292880992e-06,1.9814627786609083e-06,6.559841591241368e-12
1665,5.724587470723463e-17,1.9591267329455484e-06,4.198030811863873e-16,5.495575183291079e-09,1.6957751790050976e-06,1.959126732945548e-06,6.8157304038761485e-12
1666,7.28583859910259e-17,1.8973566015412488e-06,6.38378239159465e-16,5.375669884059853e-09,1.6769480446756915e-06,1.8973566015412486e-06,6.899658984776629e-12
1667,9.020562075079397e-17,1.914379149440314e-06,4.440892098500626e-16,5.318713876441283e-09,1.6455802993888946e-06,1.914379149440314e-06,6.677223657950131e-12
1668,4.336808689942018e-17,1.901771109271567e-06,3.0531133177191805e-16,5.2168469205984835e-09,1.6319441776728259e-06,1.901771109271567e-06,6.233506291709192e-12
1669,9.540979117872439e-17,1.8094781172164156e-06,1.7728873924482969e-15,5.3991087555632644e-09,1.6171603862543871e-06,1.8094781172164156e-06,6.214591361100116e-12
1670,8.673617379884035e-17,1.7956516665608932e-06,3.469446951953614e-17,5.454202456865731e-09,1.5900353922743869e-06,1.7956516665608936e-06,6.125465315787597e-12
1671,4.163336342344337e-17,1.7756041616268272e-06,9.367506770274758e-17,5.038919681683851e-09,1.574000989084125e-06,1.7756041616268272e-06,6.172439988129737e-12
1672,1.0408340855860843e-16,1.7423216775516793e-06,1.97758476261356e-16,4.893470195027616e-09,1.5552422653699724e-06,1.7423216775516793e-06,5.688274024309396e-12
1673,1.1102230246251565e-16,1.7233008680128362e-06,2.42861286636753e-17,4.64159981804213e-09,1.5297806090206416e-06,1.7233008680128364e-06,5.620335795294772e-12
1674,6.418476861114186e-17,1.6299072002477617e-06,5.204170427930421e-17,4.447759187863054e-09,1.5135609071251245e-06,1.6299072002477617e-06,5.672207691250289e-12
1675,6.591949208711867e-17,1.5948354239169195e-06,3.122502256758253e-17,4.297844580225529e-09,1.4988034809807336e-06,1.5948354239169193e-06,5.302893508358788e-12
1676,5.0306980803327406e-17,1.6175598161911807e-06,3.191891195797325e-16,4.304694212198257e-09,1.483185875429109e-06,1.6175598161911807e-06,5.0023959095077834e-12
1677,5.204170427930421e-17,1.567642853676192e-06,8.049116928532385e-16,4.343242931970082e-09,1.4737685793283672e-06,1.567642853676192e-06,4.9658279806713414e-12
1678,1.0755285551056204e-16,1.5619036174304873e-06,7.320533068622126e-16,4.315021284728715e-09,1.4620696198341044e-06,1.5619036174304873e-06,5.052776762371288e-12
1679,4.163336342344337e-17,1.5999552465046228e-06,2.8796409701215e-16,4.306011880395033e-09,1.4511360771136742e-06,1.5999552465046228e-06,4.8379821760233585e-12
1680,6.245004513516506e-17,1.5585831053346214e-06,1.700029006457271e-16,4.3493584289677756e-09,1.4454967326769339e-06,1.5585831053346214e-06,4.815473734788479e-12
1681,9.71445146547012e-17,1.5186980707128224e-06,8.257283745649602e-16,4.348847060242633e-09,1.4394474204218662e-06,1.5186980707128224e-06,4.983490832657905e-12
1682,5.551115123125783e-17,1.4938469348256036e-06,3.608224830031759e-16,4.3390412374222365e-09,1.4378385561908483e-06,1.4938469348256036e-06,4.888081451906931e-12
1683,5.551115123125783e-17,1.4355427563683972e-06,4.3021142204224816e-16,4.349385851476484e-09,1.4355427563683972e-06,1.4294004746748945e-06,4.7311139643959495e-12
1684,1.0928757898653885e-16,1.431664464341351e-06,5.724587470723463e-16,4.345804438532497e-09,1.4264848986984347e-06,1.431664464341351e-06,4.723964395333441e-12
1685,4.336808689942018e-17,1.4639973056584713e-06,2.740863092043355e-16,4.367480377354127e-09,1.420008107122129e-06,1.4639973056584715e-06,4.811068647428255e-12
1686,7.28583859910259e-17,1.435458019709002e-06,4.510281037539698e-16,4.3772174773692996e-09,1.4109053022478506e-06,1.435458019709002e-06,4.8853937619165875e-12
1687,1.1102230246251565e-16,1.4656661022322262e-06,1.734723475976807e-15,4.419100974040191e-09,1.3958151399214454e-06,1.4656661022322266e-06,4.44976541205349e-12
1688,6.591949208711867e-17,1.4667452213653794e-06,1.4328815911568427e-15,4.414371035377229e-09,1.3912427030617596e-06,1.4667452213653794e-06,4.253534187666919e-12
1689,6.591949208711867e-17,1.4309888609449014e-06,5.238864897449957e-16,4.397824548973972e-09,1.3836516037365441e-06,1.4309888609449014e-06,4.397551653942845e-12
1690,7.112366251504909e-17,1.4133411688705556e-06,9.679756995950584e-16,4.462606284505455e-09,1.3639371354825175e-06,1.4133411688705558e-06,4.314679699780938e-12
1691,8.153200337090993e-17,1.3939618580618781e-06,1.97758476261356e-16,4.438320766464443e-09,1.3544547540726647e-06,1.3939618580618781e-06,4.01337496904223e-12
1692,8.673617379884035e-17,1.3451475724867242e-06,9.749145934989656e-16,4.466154501781006e-09,1.3410608408321292e-06,1.3451475724867242e-06,4.243488446112485e-12
1693,4.163336342344337e-17,1.3716603909875875e-06,5.724587470723463e-16,4.482693882756905e-09,1.3260681555494594e-06,1.3716603909875875e-06,4.383710460916901e-12
1694,7.979727989493313e-17,1.3606533870721051e-06,1.0443035325380379e-15,4.550287036053646e-09,1.3185516699855168e-06,1.3606533870721053e-06,4.413826764644309e-12
1695,7.632783294297951e-17,1.3302949209895678e-06,5.655198531684391e-16,4.55892457118523e-09,1.309933949519247e-06,1.330294920989568e-06,4.2172143109513644e-12
1696,9.020562075079397e-17,1.3609816868815972e-06,1.2038980923279041e-15,4.50107523475296e-09,1.3039314246209107e-06,1.3609816868815972e-06,4.184342223101932e-12
1697,6.938893903907228e-17,1.3626166401740779e-06,1.2351231148954867e-15,4.534082109763915e-09,1.2995276845086624e-06,1.362616640174078e-06,4.41119593974241e-12
1698,7.979727989493313e-17,1.37429752167807e-06,8.951173136040325e-16,4.623757154931241e-09,1.2898002824169641e-06,1.3742975216780701e-06,4.595535853504743e-12
1699,6.591949208711867e-17,1.4068972247176441e-06,2.42861286636753e-16,4.758169636076559e-09,1.2899087467327785e-06,1.4068972247176446e-06,4.157873360828743e-12
1700,1.0061396160665481e-16,1.3759258589067814e-06,1.3183898417423734e-16,4.601832595541033e-09,1.2893897442461964e-06,1.3759258589067814e-06,4.341700931673439e-12
1701,6.418476861114186e-17,1.3303803356703662e-06,3.8163916471489756e-16,4.635305345286611e-09,1.2885620367987196e-06,1.3303803356703662e-06,4.552501852362067e-12
1702,8.673617379884035e-17,1.3459840740359713e-06,8.673617379884035e-17,4.813092924216278e-09,1.2968099800794396e-06,1.3459840740359713e-06,4.3970346407988756e-12
1703,5.0306980803327406e-17,1.3237347299926987e-06,1.0894063429134349e-15,4.792801711062111e-09,1.2989925928411926e-06,1.3237347299926983e-06,4.022830165699443e-12
1704,6.938893903907228e-17,1.2962078175453256e-06,3.226585665316861e-16,4.62768445785855e-09,1.2962078175453254e-06,1.2941618504724222e-06,3.9327143074524726e-12
1705,1.0755285551056204e-16,1.3151376264235497e-06,1.0998146837692957e-15,4.543769860365643e-09,1.2957695938565357e-06,1.3151376264235497e-06,4.14849050173071e-12
1706,5.898059818321144e-17,1.317279932631566e-06,1.3530843112619095e-16,4.7128583258171375e-09,1.2922512353291065e-06,1.317279932631566e-06,4.402028494428841e-12
1707,4.1253892663073444e-17,1.330788424595826e-06,2.2898349882893854e-16,4.884930460136161e-09,1.2901404963260678e-06,1.3307884245958258e-06,4.133423832953235e-12
1708,8.153200337090993e-17,1.32388472877955e-06,1.734723475976807e-17,4.721094737369924e-09,1.2872351933076163e-06,1.3238847287795503e-06,4.016180263516226e-12
1709,1.1622647289044608e-16,1.2818342564391882e-06,7.979727989493313e-17,4.593032176813949e-09,1.2777521719951363e-06,1.281834256439188e-06,4.368838045611547e-12
1710,5.551115123125783e-17,1.3125301321920636e-06,7.73686670285656e-16,4.80722206486206e-09,1.2780766371963458e-06,1.3125301321920636e-06,4.376700769218454e-12
1711,4.85722573273506e-17,1.3087664418401908e-06,2.8796409701215e-16,4.792763741434669e-09,1.2748920410103508e-06,1.3087664418401904e-06,4.075208082789997e-12
1712,1.0755285551056204e-16,1.2731527513166556e-06,4.961309141293668e-16,4.572577094741348e-09,1.26369703859807e-06,1.2731527513166558e-06,4.169842088623576e-12
1713,8.326672684688674e-17,1.3034608046017475e-06,1.6653345369377348e-16,4.442007262017711e-09,1.2622330869945845e-06,1.3034608046017475e-06,4.3504611661728636e-12
1714,5.898059818321144e-17,1.315076603303612e-06,2.220446049250313e-16,4.569144618216114e-09,1.264134416792369e-06,1.315076603303612e-06,4.330419048487294e-12
1715,8.673617379884035e-17,1.3088812599969923e-06,3.226585665316861e-16,4.7104130596054006e-09,1.2668567243167567e-06,1.3088812599969927e-06,4.042280397414301e-12
1716,5.551115123125783e-17,1.3188579718061e-06,7.979727989493313e-17,4.5239866297563935e-09,1.268091666921443e-06,1.3188579718061e-06,3.843102972831304e-12
1717,7.28583859910259e-17,1.3087216164741118e-06,3.0531133177191805e-16,4.369599460041229e-09,1.266334257643338e-06,1.3087216164741118e-06,4.0433386346802375e-12
1718,9.367506770274758e-17,1.31022186392871e-06,3.365363543395006e-16,4.505024131518098e-09,1.27023062677077e-06,1.31022186392871e-06,4.104313179698355e-12
1719,6.591949208711867e-17,1.313916707541981e-06,3.5041414214731503e-16,4.57853877033898e-09,1.2708747888261292e-06,1.313916707541981e-06,3.91748725818233e-12
1720,7.979727989493313e-17,1.2891717808700498e-06,6.765421556309548e-16,4.37185465607115e-09,1.2683969009125998e-06,1.2891717808700498e-06,3.996022299231753e-12
1721,7.112366251504909e-17,1.2730162959609746e-06,1.106753577673203e-15,4.272114606518329e-09,1.2730162959609746e-06,1.269466963513892e-06,4.219429773647478e-12
1722,7.28583859910259e-17,1.3030864314187967e-06,2.706168622523819e-16,4.2705146086063905e-09,1.2724287868115532e-06,1.3030864314187969e-06,4.257400440934419e-12
1723,8.500145032286355e-17,1.2879678104158628e-06,5.30825383648903e-16,4.36642011436561e-09,1.2712675585903534e-06,1.2879678104158628e-06,4.1914795527090504e-12
1724,1.214306433183765e-16,1.2975076259541484e-06,1.5126788710517758e-15,4.246241691596708e-09,1.2716933202300194e-06,1.2975076259541484e-06,4.182909512302731e-12
1725,5.898059818321144e-17,1.3363066879747567e-06,2.393918396847994e-16,4.084894089650959e-09,1.2713450498402195e-06,1.3363066879747567e-06,4.292091681281793e-12
1726,6.071532165918825e-17,1.3412414834382707e-06,3.5735303605122226e-16,4.074725723501871e-09,1.2737870140311019e-06,1.3412414834382707e-06,4.416388233903933e-12
1727,1.0755285551056204e-16,1.3297138637468367e-06,9.367506770274758e-16,4.20530466005431e-09,1.2764613674151816e-06,1.3297138637468367e-06,4.374264534148062e-12
1728,6.938893903907228e-17,1.3380030540841921e-06,3.469446951953614e-18,4.247606572027607e-09,1.278664133536589e-06,1.3380030540841921e-06,4.180872343800767e-12
1729,7.28583859910259e-17,1.296502243096639e-06,1.3530843112619095e-16,4.385089216220328e-09,1.2789968034078698e-06,1.2965022430966392e-06,4.33042392022293e-12
1730,1.0061396160665481e-16,1.2721147379257202e-06,1.3877787807814457e-16,4.302585033914841e-09,1.2721147379257202e-06,1.2680574854310428e-06,4.2793131548379626e-12
1731,5.551115123125783e-17,1.2962883562999813e-06,1.5959455978986625e-16,4.110861079494044e-09,1.2661833632999957e-06,1.296288356299981e-06,4.169140538011606e-12
1732,7.979727989493313e-17,1.2674747870832187e-06,1.1379786002407855e-15,4.310550524161405e-09,1.2573513705158062e-06,1.2674747870832187e-06,4.129136752194654e-12
1733,1.0408340855860843e-16,1.2772279079356147e-06,1.0408340855860843e-16,4.447632330137341e-09,1.2359957035043976e-06,1.2772279079356147e-06,4.257409171408056e-12
1734,5.551115123125783e-17,1.308529185551563e-06,9.367506770274758e-17,4.501728077983824e-09,1.2206640683469287e-06,1.308529185551563e-06,4.131460156628246e-12
1735,5.204170427930421e-17,1.3055810462721853e-06,1.6653345369377348e-16,4.575187745152476e-09,1.2059850438474158e-06,1.305581046272185e-06,4.2556362274312305e-12
1736,7.979727989493313e-17,1.3046489257212014e-06,1.1796119636642288e-16,4.898375163819857e-09,1.1872100655600686e-06,1.3046489257212012e-06,4.169496737748537e-12
1737,9.540979117872439e-17,1.3281123366840523e-06,5.724587470723463e-16,5.044227376939381e-09,1.1709121347068971e-06,1.328112336684052e-06,4.346568908760468e-12
1738,5.204170427930421e-17,1.2825098169199375e-06,3.642919299551295e-16,5.088922691229292e-09,1.1547613686360677e-06,1.2825098169199375e-06,4.551211861331162e-12
1739,6.245004513516506e-17,1.2951020092229262e-06,6.140921104957897e-16,5.22825314118458e-09,1.1394226638457363e-06,1.2951020092229262e-06,4.53165814744301e-12
1740,1.0755285551056204e-16,1.2949960202925887e-06,9.055256544598933e-16,5.510396613832291e-09,1.12914194088683e-06,1.2949960202925885e-06,4.55918431246343e-12
1741,9.367506770274758e-17,1.2576579417094795e-06,8.326672684688674e-16,5.782279374928756e-09,1.1207858621987572e-06,1.2576579417094795e-06,4.840039479529953e-12
1742,9.194034422677078e-17,1.2758431330492463e-06,7.598088824778415e-16,5.929787283594223e-09,1.1176261952147709e-06,1.2758431330492463e-06,4.609533555606321e-12
1743,6.938893903907228e-17,1.2960527686061592e-06,3.885780586188048e-16,6.374883488279026e-09,1.1179772341599693e-06,1.2960527686061592e-06,4.385858253855445e-12
1744,7.45931094670027e-17,1.2801755931270464e-06,2.706168622523819e-16,6.492100597561834e-09,1.1154031194105682e-06,1.2801755931270466e-06,4.4486217579367066e-12
1745,9.194034422677078e-17,1.30235331916206e-06,5.585809592645319e-16,6.222587434906446e-09,1.1140081216077527e-06,1.30235331916206e-06,4.3269340359907475e-12
1746,6.201636426617085e-17,1.2892986552160527e-06,3.0184188481996443e-16,5.5702017859315944e-09,1.1138585444255716e-06,1.2892986552160527e-06,4.113500375280595e-12
1747,5.724587470723463e-17,1.2323674317410701e-06,3.885780586188048e-16,4.941271447567175e-09,1.1081833429138314e-06,1.23236743174107e-06,4.1020923180501045e-12
1748,9.020562075079397e-17,1.2230795147849005e-06,1.214306433183765e-15,4.272396238874654e-09,1.0970718231651134e-06,1.2230795147849005e-06,4.135620164426296e-12
1749,4.85722573273506e-17,1.2039725630443125e-06,6.071532165918825e-16,4.040841772301462e-09,1.0858530478545625e-06,1.2039725630443125e-06,4.403098983647655e-12
1750,6.591949208711867e-17,1.1782731240909518e-06,1.7694179454963432e-16,3.96770494237586e-09,1.0723272873793692e-06,1.1782731240909518e-06,4.2480144914440436e-12
1751,9.71445146547012e-17,1.1817196075070247e-06,2.5326962749261384e-16,3.9009162506112305e-09,1.0583073570019778e-06,1.1817196075070247e-06,4.14761791908605e-12
1752,6.591949208711867e-17,1.1841317927726905e-06,3.8510861166685117e-16,3.854776079066646e-09,1.0452699524620487e-06,1.1841317927726905e-06,4.474934583816575e-12
1753,5.377642775528102e-17,1.1761400360283377e-06,7.632783294297951e-17,4.0251113067601985e-09,1.0304729074138362e-06,1.176140036028338e-06,4.515854985271759e-12
1754,7.979727989493313e-17,1.1895522122254254e-06,5.447031714567174e-16,4.041491941456088e-09,1.015975937710705e-06,1.1895522122254254e-06,4.148109024308664e-12
1755,1.0061396160665481e-16,1.1691937207751366e-06,4.891920202254596e-16,4.1086212305627146e-09,1.0068532755090052e-06,1.1691937207751366e-06,4.113352926459143e-12
1756,7.979727989493313e-17,1.1413824063491221e-06,5.863365348801608e-16,4.0738476706631e-09,9.981689549193817e-07,1.1413824063491221e-06,4.2058269792605544e-12
1757,4.5102810375396984e-17,1.1434557005572955e-06,2.393918396847994e-16,4.058857786329306e-09,9.889928639986042e-07,1.1434557005572958e-06,4.053884379213201e-12
1758,7.28583859910259e-17,1.0925027916593967e-06,1.5612511283791264e-16,4.163156291057957e-09,9.816242487605713e-07,1.0925027916593967e-06,3.68524053213988e-12
1759,6.591949208711867e-17,1.0703510270059668e-06,4.40619762898109e-16,4.317962366134909e-09,9.769853646970151e-07,1.0703510270059668e-06,3.494801163014583e-12
1760,8.326672684688674e-17,1.0712908391748157e-06,1.3877787807814457e-16,4.284820540045864e-09,9.738375176810784e-07,1.0712908391748157e-06,3.729987324331213e-12
1761,5.551115123125783e-17,1.0353275293353176e-06,2.983724378680108e-16,4.2245622685829765e-09,9.69366945520498e-07,1.0353275293353173e-06,3.713713662705837e-12
1762,5.898059818321144e-17,1.0358736520228807e-06,4.0592529337857286e-16,4.135116315334697e-09,9.640055467959516e-07,1.035873652022881e-06,3.444328240641328e-12
1763,5.204170427930421e-17,1.0464430018840414e-06,3.8163916471489756e-17,4.122766343594986e-09,9.601563491428556e-07,1.0464430018840414e-06,3.1927272850695635e-12
1764,9.71445146547012e-17,1.0193264057159687e-06,4.40619762898109e-16,4.034760187413e-09,9.586811587043325e-07,1.0193264057159687e-06,3.4592331768142702e-12
1765,6.938893903907228e-18,9.883637179247405e-07,1.734723475976807e-17,4.0849303731271824e-09,9.546762897817553e-07,9.883637179247407e-07,3.2619308591102107e-12
