$MeshFormat
2.2 0 8
$EndMeshFormat
$PhysicalNames
5
1 1 "inlet"
1 2 "outlet"
1 3 "wall"
1 4 "cylinder"
2 5 "fluid"
$EndPhysicalNames
$Nodes
4285
1 0 0 0
2 2.2 0 0
3 2.2 0.41 0
4 0 0.41 0
5 0.25 0.2 0
6 0.2 0.25 0
7 0.15 0.2 0
8 0.2 0.15 0
9 0.02499999999995297 0 0
10 0.04999999999990425 0 0
11 0.07499999999985478 0 0
12 0.09999999999980309 0 0
13 0.1249999999997512 0 0
14 0.1499999999997076 0 0
15 0.1749999999996725 0 0
16 0.1999999999996353 0 0
17 0.2249999999995942 0 0
18 0.2499999999995605 0 0
19 0.2749999999995214 0 0
20 0.2999999999994591 0 0
21 0.324999999999386 0 0
22 0.349999999999298 0 0
23 0.3749999999992181 0 0
24 0.399999999999145 0 0
25 0.4249999999990719 0 0
26 0.4499999999989988 0 0
27 0.4749999999989189 0 0
28 0.4999999999988309 0 0
29 0.5249999999987578 0 0
30 0.549999999998663 0 0
31 0.5749999999985681 0 0
32 0.5999999999984951 0 0
33 0.6249999999984222 0 0
34 0.6499999999983491 0 0
35 0.6749999999982759 0 0
36 0.6999999999982028 0 0
37 0.7249999999981298 0 0
38 0.7499999999980569 0 0
39 0.7749999999979837 0 0
40 0.7999999999979106 0 0
41 0.8249999999978158 0 0
42 0.8499999999977209 0 0
43 0.8749999999976478 0 0
44 0.8999999999975746 0 0
45 0.9249999999975015 0 0
46 0.9499999999974283 0 0
47 0.9749999999973552 0 0
48 0.9999999999972859 0 0
49 1.024999999997231 0 0
50 1.049999999997161 0 0
51 1.074999999997127 0 0
52 1.099999999997054 0 0
53 1.124999999997107 0 0
54 1.14999999999716 0 0
55 1.174999999997257 0 0
56 1.19999999999731 0 0
57 1.224999999997363 0 0
58 1.249999999997448 0 0
59 1.274999999997513 0 0
60 1.299999999997566 0 0
61 1.324999999997623 0 0
62 1.349999999997716 0 0
63 1.374999999997769 0 0
64 1.399999999997822 0 0
65 1.424999999997915 0 0
66 1.449999999997972 0 0
67 1.474999999998025 0 0
68 1.49999999999809 0 0
69 1.524999999998175 0 0
70 1.549999999998228 0 0
71 1.574999999998281 0 0
72 1.599999999998378 0 0
73 1.624999999998431 0 0
74 1.649999999998484 0 0
75 1.674999999998537 0 0
76 1.69999999999859 0 0
77 1.724999999998687 0 0
78 1.74999999999874 0 0
79 1.774999999998793 0 0
80 1.799999999998878 0 0
81 1.824999999998943 0 0
82 1.849999999998996 0 0
83 1.874999999999053 0 0
84 1.899999999999146 0 0
85 1.924999999999199 0 0
86 1.949999999999252 0 0
87 1.974999999999344 0 0
88 1.999999999999386 0 0
89 2.024999999999376 0 0
90 2.04999999999939 0 0
91 2.074999999999569 0 0
92 2.099999999999693 0 0
93 2.124999999999683 0 0
94 2.149999999999776 0 0
95 2.174999999999971 0 0
96 2.2 0.0241176470587757 0
97 2.2 0.04823529411756221 0
98 2.2 0.07235294117631487 0
99 2.2 0.09647058823507589 0
100 2.2 0.1205882352938269 0
101 2.2 0.1447058823525763 0
102 2.2 0.1688235294113287 0
103 2.2 0.1929411764700983 0
104 2.2 0.2170588235289193 0
105 2.2 0.2411764705877917 0
106 2.2 0.2652941176466814 0
107 2.2 0.2894117647055407 0
108 2.2 0.3135294117644434 0
109 2.2 0.3376470588233308 0
110 2.2 0.3617647058822054 0
111 2.2 0.3858823529411081 0
112 2.175000000000012 0.41 0
113 2.150000000000024 0.41 0
114 2.125000000000036 0.41 0
115 2.100000000000048 0.41 0
116 2.07500000000017 0.41 0
117 2.050000000000245 0.41 0
118 2.025000000000257 0.41 0
119 2.000000000000269 0.41 0
120 1.975000000000281 0.41 0
121 1.950000000000292 0.41 0
122 1.925000000000348 0.41 0
123 1.900000000000422 0.41 0
124 1.875000000000498 0.41 0
125 1.850000000000529 0.41 0
126 1.825000000000604 0.41 0
127 1.800000000000679 0.41 0
128 1.775000000000722 0.41 0
129 1.750000000000786 0.41 0
130 1.72500000000086 0.41 0
131 1.700000000000931 0.41 0
132 1.675000000000967 0.41 0
133 1.650000000001128 0.41 0
134 1.62500000000129 0.41 0
135 1.600000000001326 0.41 0
136 1.575000000001412 0.41 0
137 1.550000000001551 0.41 0
138 1.525000000001621 0.41 0
139 1.500000000001665 0.41 0
140 1.475000000001791 0.41 0
141 1.450000000001901 0.41 0
142 1.425000000001933 0.41 0
143 1.400000000002032 0.41 0
144 1.375000000002169 0.41 0
145 1.350000000002225 0.41 0
146 1.325000000002276 0.41 0
147 1.300000000002395 0.41 0
148 1.275000000002434 0.41 0
149 1.250000000002458 0.41 0
150 1.225000000002564 0.41 0
151 1.200000000002643 0.41 0
152 1.175000000002683 0.41 0
153 1.150000000002754 0.41 0
154 1.12500000000279 0.41 0
155 1.100000000002865 0.41 0
156 1.075000000002813 0.41 0
157 1.050000000002762 0.41 0
158 1.025000000002667 0.41 0
159 1.000000000002616 0.41 0
160 0.9750000000025647 0.41 0
161 0.950000000002482 0.41 0
162 0.9250000000024188 0.41 0
163 0.9000000000023676 0.41 0
164 0.8750000000023122 0.41 0
165 0.8500000000022214 0.41 0
166 0.8250000000021702 0.41 0
167 0.800000000002119 0.41 0
168 0.7750000000020281 0.41 0
169 0.7500000000019726 0.41 0
170 0.7250000000019217 0.41 0
171 0.7000000000018585 0.41 0
172 0.6750000000017753 0.41 0
173 0.6500000000017241 0.41 0
174 0.6250000000016729 0.41 0
175 0.6000000000015784 0.41 0
176 0.5750000000015272 0.41 0
177 0.5500000000014758 0.41 0
178 0.5250000000014243 0.41 0
179 0.5000000000013729 0.41 0
180 0.4750000000012784 0.41 0
181 0.450000000001227 0.41 0
182 0.4250000000011758 0.41 0
183 0.4000000000010933 0.41 0
184 0.3750000000010296 0.41 0
185 0.3500000000009784 0.41 0
186 0.325000000000923 0.41 0
187 0.3000000000008325 0.41 0
188 0.2750000000007813 0.41 0
189 0.2500000000007296 0.41 0
190 0.2250000000006389 0.41 0
191 0.2000000000005997 0.41 0
192 0.1750000000006113 0.41 0
193 0.1500000000005994 0.41 0
194 0.1250000000004223 0.41 0
195 0.1000000000002994 0.41 0
196 0.07500000000031148 0.41 0
197 0.05000000000022053 0.41 0
198 0.02500000000002744 0.41 0
199 0 0.3858823529412167 0
200 0 0.3617647058824551 0
201 0 0.3376470588236934 0
202 0 0.3135294117649318 0
203 0 0.2894117647061919 0
204 0 0.2652941176474303 0
205 0 0.2411764705886772 0
206 0 0.217058823529907 0
207 0 0.1929411764710854 0
208 0 0.1688235294122124 0
209 0 0.1447058823533222 0
210 0 0.1205882352944622 0
211 0 0.09647058823555898 0
212 0 0.07235294117667096 0
213 0 0.04823529411779576 0
214 0 0.02411764705889247 0
215 0.2499154079128457 0.2029072414578473 0
216 0.2496619178847139 0.2058046457266515 0
217 0.2492403876451651 0.2086824089142286 0
218 0.248652243520526 0.2115307935728394 0
219 0.2478994756040808 0.2143401616746142 0
220 0.2469846310215079 0.2171010072151542 0
221 0.245910805317119 0.2198039883643067 0
222 0.2446816319839338 0.2224399590742119 0
223 0.2433012701575811 0.2250000000548036 0
224 0.2417743905306329 0.2274754489643786 0
225 0.2401061595892976 0.2298579296502252 0
226 0.2383022220994956 0.2321393805516053 0
227 0.2363686820139167 0.2343120819620526 0
228 0.2343120818239589 0.2363686821442014 0
229 0.2321393804214427 0.2383022222087151 0
230 0.2298579295283104 0.2401061596800597 0
231 0.2274754488480221 0.2417743906071617 0
232 0.2249999999482275 0.2433012702191128 0
233 0.2224399589725246 0.2446816320350031 0
234 0.219803988274642 0.2459108053557966 0
235 0.2171010071451906 0.2469846310469726 0
236 0.214340161617801 0.2478994756210895 0
237 0.2115307935272173 0.2486522435313386 0
238 0.2086824088741195 0.2492403876522374 0
239 0.2058046457108678 0.2496619178865588 0
240 0.2029072414535087 0.2499154079130984 0
241 0.1970927585421527 0.2499154079128457 0
242 0.1941953542733485 0.2496619178847139 0
243 0.1913175910857714 0.2492403876451651 0
244 0.1884692064271606 0.248652243520526 0
245 0.1856598383253859 0.2478994756040808 0
246 0.1828989927848458 0.2469846310215079 0
247 0.1801960116356933 0.245910805317119 0
248 0.1775600409257881 0.2446816319839338 0
249 0.1749999999451964 0.2433012701575811 0
250 0.1725245510356214 0.2417743905306329 0
251 0.1701420703497749 0.2401061595892976 0
252 0.1678606194483947 0.2383022220994956 0
253 0.1656879180379475 0.2363686820139167 0
254 0.1636313178557987 0.2343120818239589 0
255 0.161697777791285 0.2321393804214427 0
256 0.1598938403199403 0.2298579295283104 0
257 0.1582256093928383 0.2274754488480221 0
258 0.1566987297808872 0.2249999999482275 0
259 0.1553183679649969 0.2224399589725246 0
260 0.1540891946442034 0.219803988274642 0
261 0.1530153689530274 0.2171010071451906 0
262 0.1521005243789105 0.214340161617801 0
263 0.1513477564686614 0.2115307935272173 0
264 0.1507596123477626 0.2086824088741195 0
265 0.1503380821134413 0.2058046457108678 0
266 0.1500845920869017 0.2029072414535087 0
267 0.1500845920871544 0.1970927585421527 0
268 0.1503380821152861 0.1941953542733485 0
269 0.150759612354835 0.1913175910857714 0
270 0.151347756479474 0.1884692064271606 0
271 0.1521005243959193 0.1856598383253859 0
272 0.1530153689784921 0.1828989927848458 0
273 0.154089194682881 0.1801960116356933 0
274 0.1553183680160662 0.1775600409257881 0
275 0.1566987298424189 0.1749999999451964 0
276 0.1582256094693671 0.1725245510356214 0
277 0.1598938404107025 0.1701420703497749 0
278 0.1616977779005044 0.1678606194483947 0
279 0.1636313179860833 0.1656879180379475 0
280 0.1656879181760412 0.1636313178557987 0
281 0.1678606195785573 0.161697777791285 0
282 0.1701420704716896 0.1598938403199403 0
283 0.172524551151978 0.1582256093928383 0
284 0.1750000000517725 0.1566987297808872 0
285 0.1775600410274754 0.1553183679649969 0
286 0.180196011725358 0.1540891946442034 0
287 0.1828989928548095 0.1530153689530274 0
288 0.185659838382199 0.1521005243789105 0
289 0.1884692064727827 0.1513477564686614 0
290 0.1913175911258805 0.1507596123477626 0
291 0.1941953542891323 0.1503380821134413 0
292 0.1970927585464914 0.1500845920869017 0
293 0.2029072414578473 0.1500845920871544 0
294 0.2058046457266515 0.1503380821152861 0
295 0.2086824089142286 0.150759612354835 0
296 0.2115307935728394 0.151347756479474 0
297 0.2143401616746142 0.1521005243959193 0
298 0.2171010072151542 0.1530153689784921 0
299 0.2198039883643067 0.154089194682881 0
300 0.2224399590742119 0.1553183680160662 0
301 0.2250000000548036 0.1566987298424189 0
302 0.2274754489643786 0.1582256094693671 0
303 0.2298579296502252 0.1598938404107025 0
304 0.2321393805516053 0.1616977779005044 0
305 0.2343120819620526 0.1636313179860833 0
306 0.2363686821442014 0.1656879181760412 0
307 0.2383022222087151 0.1678606195785573 0
308 0.2401061596800597 0.1701420704716896 0
309 0.2417743906071617 0.172524551151978 0
310 0.2433012702191128 0.1750000000517725 0
311 0.2446816320350031 0.1775600410274754 0
312 0.2459108053557966 0.180196011725358 0
313 0.2469846310469726 0.1828989928548095 0
314 0.2478994756210895 0.185659838382199 0
315 0.2486522435313386 0.1884692064727827 0
316 0.2492403876522374 0.1913175911258805 0
317 0.2496619178865588 0.1941953542891323 0
318 0.2499154079130984 0.1970927585464914 0
319 0.4360849896077577 0.3899982541144226 0
320 0.4367061879968424 0.02238447705590165 0
321 2.180720155804995 0.206714841349174 0
322 1.660877170628702 0.3870982801235203 0
323 1.56451019149661 0.3883338335549396 0
324 1.388670790095837 0.389448293875561 0
325 0.5358877474292325 0.02017904052851085 0
326 1.238536575766237 0.3869885176145989 0
327 0.8146466745641654 0.02100232355918765 0
328 1.9138736086487 0.3891149429789992 0
329 1.814087354887002 0.3861073046262398 0
330 0.636714561838567 0.02097120958037188 0
331 0.9118497921572275 0.0189095617986379 0
332 1.112500000002827 0.388349364905454 0
333 1.015333943445047 0.02462322854453288 0
334 1.486602715518698 0.02088515534245207 0
335 0.7140827011690503 0.387580260919325 0
336 1.737431446560221 0.02240565805745399 0
337 1.310959636869177 0.02576058679591132 0
338 1.187145249041701 0.02173877013657006 0
339 1.962117166197149 0.02015050546551994 0
340 1.860701895178004 0.02625509218763296 0
341 1.611913213217468 0.02403367575586519 0
342 0.5831443079627316 0.3860235946025546 0
343 0.8637565985001978 0.3903960098945376 0
344 0.9612125138355345 0.3893397708894903 0
345 0.3628730599124124 0.3904935410949387 0
346 0.3630231695833454 0.02363360819215246 0
347 2.013616710086179 0.3858076362351567 0
348 0.01965826627077813 0.2989100290334644 0
349 1.111700036554865 0.02333441494042272 0
350 1.307675373984315 0.3907965980039199 0
351 1.488925131877761 0.3879517147164451 0
352 1.388274936056298 0.02163500570301047 0
353 1.038195064846331 0.3885522007286489 0
354 0.7836938140163006 0.386053954659733 0
355 0.5162019812465322 0.3900929058374397 0
356 2.03531871069618 0.02053777468589324 0
357 1.736548410563818 0.3895369567412683 0
358 0.7374999999980935 0.02165063509454767 0
359 0.01960712880987834 0.112476604525487 0
360 0.2899505312060796 0.3859812657085526 0
361 2.180707239201871 0.2777410890782574 0
362 0.1126622251979859 0.02266108160668044 0
363 0.2869815765879582 0.0199372353265305 0
364 0.1392586215324495 0.389261074400218 0
365 2.178599064400085 0.1298333528039961 0
366 0.2145954963699637 0.386861307730934 0
367 0.02170946724740629 0.2279958364053903 0
368 0.1876809146070279 0.02151014420128731 0
369 2.084208544086503 0.3870466766316768 0
370 2.109361544620351 0.02114396343766887 0
371 0.2363905057444551 0.01983791286022609 0
372 0.0214017857809246 0.1782521371244883 0
373 0.08824672586132781 0.3893444336149938 0
374 1.687188693161793 0.01992960550953998 0
375 1.564470018585381 0.0243031708271269 0
376 0.6366719966385376 0.3895306573266364 0
377 1.913170276896542 0.02123818298209096 0
378 0.9125000000023931 0.3883493649053446 0
379 1.236982411424316 0.02122959386548594 0
380 1.786878789291658 0.02007006111603131 0
381 1.437956260712804 0.02264361339992229 0
382 1.161126225833415 0.3890046629153785 0
383 1.062499999997143 0.02165063509454926 0
384 1.437698669831173 0.3907548470619134 0
385 1.863780121223042 0.3862485276135553 0
386 1.962920815557531 0.3911407273098698 0
387 0.4874144218028069 0.01958158578933145 0
388 0.6867881903636851 0.02364486405830911 0
389 0.9608757195782354 0.02075339302800065 0
390 0.5879465407366112 0.01960949825883002 0
391 0.86477224090391 0.02193948304407823 0
392 1.611405689363716 0.3897659025756465 0
393 2.178897264335986 0.3246405473290411 0
394 2.182035947039099 0.08430093977844554 0
395 0.06200731128735393 0.01983551230531898 0
396 0.02039151860219424 0.3508011605500664 0
397 2.137768411800024 0.3903414074319658 0
398 0.02033921056732664 0.06414333555975517 0
399 2.162954896303565 0.02312024427205345 0
400 2.176478256711138 0.3729163840134167 0
401 0.03523853193403341 0.3901680786389197 0
402 0.212627915849183 0.01880390223252602 0
403 0.2233614924539505 0.03858495623559171 0
404 0.2017128200248365 0.1478032397148726 0
405 0.210798282202216 0.1486852300527305 0
406 0.2452379056746563 0.03927691071830099 0
407 0.235463315085186 0.05530017304456825 0
408 0.2221864690491703 0.1524209637559573 0
409 0.2528304472144143 0.0565266995860689 0
410 0.243176384159648 0.07126766917389044 0
411 0.2594981331192024 0.07114583254313049 0
412 0.2327071046749948 0.1587672354073139 0
413 0.2282979797494873 0.06889750164303371 0
414 0.2525428896887508 0.08291186888606385 0
415 0.2652324397633569 0.08378151791161696 0
416 0.258352303869665 0.09437233625322619 0
417 0.2698696954838826 0.09519080311470601 0
418 0.2632567214935801 0.1059124719254425 0
419 0.2740756239237122 0.105267665673302 0
420 0.2430552865589746 0.1698031023856303 0
421 0.2693628863321245 0.1143317540693203 0
422 0.2787496849052007 0.114250791969545 0
423 0.2732918364337119 0.1225107467599497 0
424 0.2822908900207887 0.1230202415845679 0
425 0.2762971425333978 0.1312348196715401 0
426 0.2857488786703368 0.1313546423109756 0
427 0.2498716852346103 0.1835790762080644 0
428 0.2805785788878564 0.1396529677272559 0
429 0.2899994528570927 0.1396081800548245 0
430 0.2943532722212939 0.1314914367084691 0
431 0.2990204496895736 0.1401566006194353 0
432 0.2939230963078679 0.1478653530034438 0
433 0.3028819005687712 0.1488029416398902 0
434 0.3090807639864296 0.1408207087712149 0
435 0.3127465945658769 0.1502584048843321 0
436 0.2966627899986278 0.1564102034687501 0
437 0.2523838429602415 0.195387045936453 0
438 0.3208066671583418 0.1420200752216802 0
439 0.3238353465059471 0.1546768712996833 0
440 0.3334661683166239 0.1436108099785807 0
441 0.3385710662161646 0.1565835723983739 0
442 0.3305563008862571 0.1670946001664539 0
443 0.34448859077801 0.1693671669357121 0
444 0.3340524773706466 0.1809156201053849 0
445 0.3499299829377029 0.1829669153291517 0
446 0.3396733066093989 0.1945409444376633 0
447 0.2513664596046681 0.210672184140951 0
448 0.3551346678962194 0.1975196512401525 0
449 0.3663395091453295 0.1850621002134717 0
450 0.3715993660408768 0.2017881402573724 0
451 0.3846060095963724 0.1879849839471522 0
452 0.3443308161827934 0.2083943601001569 0
453 0.3904911785669569 0.2085554448481403 0
454 0.4055337303692557 0.1919781322317856 0
455 0.3280931337543924 0.1303315522276431 0
456 0.4124270927409735 0.2142521296637253 0
457 0.4286732229262824 0.1964230429058658 0
458 0.3432075291817601 0.1320000844564102 0
459 0.2524113763934295 0.103943927374537 0
460 0.4367407633195 0.2192846664254977 0
461 0.4529290991487767 0.2010440147836284 0
462 0.4612839774882143 0.2242074247076341 0
463 0.4775395042450153 0.2058016440775183 0
464 0.4858687296707935 0.229056158653955 0
465 0.5022383792890184 0.2106749190657775 0
466 0.3302107041171225 0.2052481798531599 0
467 0.334305160218639 0.2183172969357918 0
468 0.3199031557874227 0.2149220935515281 0
469 0.247563766859306 0.2222908790465851 0
470 0.3249301057937102 0.2278406239931497 0
471 0.3122714809510926 0.2257057911062475 0
472 0.3168654247053386 0.2367688846211558 0
473 0.3278578347535376 0.2398229234151033 0
474 0.3192324471479941 0.2479961115333357 0
475 0.2409862708935161 0.2324162381664118 0
476 0.3309901804998416 0.2522178122218168 0
477 0.309129722159872 0.2444175206007675 0
478 0.3103411809302545 0.2550488148860838 0
479 0.2998439606171632 0.2509517133893033 0
480 0.309045138485585 0.2154583225441709 0
481 0.3020637110491176 0.2620028996375032 0
482 0.292371671091683 0.2594089625481698 0
483 0.2322535182749481 0.2411717683608252 0
484 0.2943635039946182 0.2690892705556754 0
485 0.2839483038444551 0.26642795721751 0
486 0.3043511240810839 0.2725329745796408 0
487 0.2870571934080161 0.2754477686061818 0
488 0.2781713887221335 0.2738728972532428 0
489 0.2741590068427806 0.1379041291283452 0
490 0.2801686409107599 0.2819050005096176 0
491 0.2716459038490863 0.2795423894357338 0
492 0.2194785158129078 0.2487223420345339 0
493 0.2833609636221305 0.2578313341618784 0
494 0.2809639795106005 0.09601359590791485 0
495 0.2733496479853744 0.2882956173592575 0
496 0.2647792417440855 0.2847995042593998 0
497 0.2828028342603802 0.2913716348947423 0
498 0.5104386160243741 0.2340482645180951 0
499 0.5269091098871161 0.2156672753830644 0
500 0.2629920983416093 0.2763106181176794 0
501 0.2568238722239021 0.2812586710767448 0
502 0.2581033517149258 0.2898363072502596 0
503 0.2508571997450204 0.2866421493506267 0
504 0.249565096849258 0.2796790380037632 0
505 0.2443497078335255 0.2838360169637444 0
506 0.2073299300852887 0.2520124115339046 0
507 0.2448407324581977 0.2909188887018404 0
508 0.2385211461060605 0.2878073056230392 0
509 0.2389540527462206 0.2952961872987199 0
510 0.2324933597644833 0.2923025896207241 0
511 0.2439733167560735 0.2772187020771409 0
512 0.2328820802644599 0.3000567569029552 0
513 0.2264174561809481 0.2963279854470558 0
514 0.1954245276037825 0.2522978886005977 0
515 0.2400864254123957 0.3030874523529626 0
516 0.2261101583406923 0.2886298207410664 0
517 0.2206294159886307 0.292856410874101 0
518 0.2201745368909952 0.2998879226391675 0
519 0.2145777927610062 0.2960329535159819 0
520 0.215310374507736 0.2890214919035469 0
521 0.2091056316567303 0.2923750753498024 0
522 0.2083995820797322 0.2989827063376032 0
523 0.2033173836575912 0.2953129946220412 0
524 0.1835868560481272 0.2498181473658166 0
525 0.2021278382671924 0.3019005734848531 0
526 0.1963867734020421 0.2967732722631334 0
527 0.2095471930067429 0.2863366968859811 0
528 0.1954079953325247 0.3054703942259289 0
529 0.1891385584040468 0.3010225728092769 0
530 0.2019014382468751 0.3096929605569069 0
531 0.1895721424189271 0.2926133312233421 0
532 0.1835268242125863 0.2965981095636089 0
533 0.1837511148435901 0.2900520238298536 0
534 0.1784239688191888 0.2927935275295421 0
535 0.1725739710163363 0.2447550709169285 0
536 0.1795172411344674 0.2866634707643152 0
537 0.1840240568577685 0.2841891512138776 0
538 0.1796977729221506 0.2815149309458577 0
539 0.175430469215925 0.2832541494076581 0
540 0.1761965593120539 0.2786194055947012 0
541 0.1719729909866761 0.2798652644629237 0
542 0.1729636359117437 0.2752595675975695 0
543 0.168664249847382 0.2770986972545228 0
544 0.1676122232979876 0.2812102033900392 0
545 0.1691804977589134 0.2731257006528568 0
546 0.1654780109901363 0.2745707692790003 0
547 0.1628785499414144 0.2371214499176335 0
548 0.1660927994738974 0.2708413939423662 0
549 0.1622029417809805 0.2721730030717032 0
550 0.1799817720971985 0.2771299319658173 0
551 0.1774493340102931 0.2996864470264657 0
552 0.1936365004456316 0.3142655003983223 0
553 0.1694925384192401 0.2695132368213206 0
554 0.1667477312653445 0.2674230232969874 0
555 0.1697653033602714 0.266300020423627 0
556 0.167401560069665 0.2642711618895519 0
557 0.5349956365392605 0.2391086245137961 0
558 0.5515102827901508 0.2207476243075166 0
559 0.5435079257554092 0.1972022155592834 0
560 0.5681126428349218 0.2022542214513453 0
561 0.5760460026057946 0.2258820372747111 0
562 0.5926432849139229 0.2073353900283335 0
563 0.6005467084268649 0.2310191442806252 0
564 0.6171416179022932 0.2124188598705114 0
565 0.6250397868935931 0.2361252410471839 0
566 0.6416255502795583 0.2175040943805382 0
567 0.6337487173397197 0.1937647253278144 0
568 0.6582312760247315 0.198825808676587 0
569 0.6661045600472395 0.2225784504994967 0
570 0.6827191963916193 0.2038924106156647 0
571 0.6905838099589846 0.2276455617874834 0
572 0.7072016984268072 0.2089744487710171 0
573 0.7150484673418591 0.2327343061493664 0
574 0.7316775644126896 0.2140844712305933 0
575 0.7395040612031362 0.2378533052123085 0
576 0.756152211369202 0.2191883872363113 0
577 0.7483202333399299 0.195428485986235 0
578 0.7727990917595988 0.2005199242756685 0
579 0.7806339512551417 0.2242662920910264 0
580 0.7972757140202809 0.2056002632856338 0
581 0.8051101595325278 0.2293449651598321 0
582 0.8217544193799049 0.2106766857392582 0
583 0.8295859255741426 0.2344133302061021 0
584 0.8462309350647601 0.2157472563686887 0
585 0.8540644007797724 0.2394687889446855 0
586 0.8707129249236575 0.2208120236029922 0
587 0.8628724242663461 0.1970905552599943 0
588 0.8873534425879993 0.2021649735880949 0
589 0.8952005898479053 0.2258781215674518 0
590 0.9118357180670313 0.2072391560428562 0
591 0.9196968541271181 0.2309394932914488 0
592 0.9363206578795269 0.2123061223191452 0
593 0.9441879100608778 0.2360047702005947 0
594 0.9608041708274172 0.217371415785078 0
595 0.9529526337894615 0.1936589608142021 0
596 0.9774335926913378 0.1987258405059306 0
597 0.9852909251242356 0.2224256945201552 0
598 1.001911311501704 0.2037912584335606 0
599 1.009755860212931 0.2274974960199813 0
600 1.026379637837817 0.2088646330745548 0
601 1.034206482652401 0.2325778846570371 0
602 1.050843416583477 0.2139436204075665 0
603 1.058654509994295 0.2376644935498977 0
604 1.07530429036685 0.2190221841862841 0
605 1.067487602583503 0.1952991342294465 0
606 1.091966807743115 0.2003804763736194 0
607 1.099769226874681 0.2241007905382942 0
608 1.116437522644103 0.2054557028001398 0
609 1.124248254296 0.2291785178578697 0
610 1.140918628078273 0.2105323219701025 0
611 1.148741268337585 0.2342508709103406 0
612 1.165404410656834 0.2156068790686168 0
613 1.173240486122857 0.2393166267555622 0
614 1.189891175419712 0.2206784388191342 0
615 1.182053896727707 0.1969629841708459 0
616 1.206532560807186 0.2020334485812118 0
617 1.214376111327981 0.2257612987884045 0
618 1.231011189124662 0.2071064072541315 0
619 1.238855308856806 0.2308388715205384 0
620 1.255490446855676 0.212180492262313 0
621 1.263336546775301 0.2359104660720609 0
622 1.27997005134036 0.2172555348175521 0
623 1.287818858068668 0.2409796642906878 0
624 1.304449131323035 0.2223303257648186 0
625 1.29660433697366 0.1985989291872713 0
626 1.321073866808 0.2036740998420854 0
627 1.328929858385463 0.2273962166505749 0
628 1.345554586892669 0.2087486280414891 0
629 1.353412130164878 0.2324647802186189 0
630 1.370039773616143 0.2138216031335529 0
631 1.377891434703937 0.2375389057568706 0
632 1.394522666415906 0.2188952144604115 0
633 1.386677017786751 0.1951713226563572 0
634 1.411157521907208 0.2002464069383754 0
635 1.419002294278654 0.223973153947563 0
636 1.435639585575542 0.2053122952724074 0
637 1.443482725101918 0.2290476983674108 0
638 1.460118991099612 0.2103901964618289 0
639 1.467963577467027 0.2341219124249286 0
640 1.484597883030609 0.2154703496230699 0
641 1.492446809094665 0.2391932248788588 0
642 1.509079615524136 0.2205465209138865 0
643 1.501231383498126 0.1968167792699429 0
644 1.525711876685624 0.2018963339575734 0
645 1.533561081972259 0.2256261176504852 0
646 1.550192596706418 0.2069712356731436 0
647 1.558048466217771 0.2306955019293162 0
648 1.574674657010275 0.2120425348222478 0
649 1.582533741466815 0.2357593981185707 0
650 1.599157318840029 0.2171100945930027 0
651 1.591303750575047 0.1933907637058906 0
652 1.615784065316088 0.1984640203064809 0
653 1.623631962767497 0.2221882451936229 0
654 1.640262997608158 0.2035411764483135 0
655 1.648118933634204 0.2272541534540613 0
656 1.664745790971828 0.2086164779748806 0
657 1.672623769134716 0.2323051212800039 0
658 1.689232496097426 0.2136839639869001 0
659 1.697101995222234 0.2373797262638989 0
660 1.713706098934695 0.2187574366757176 0
661 1.721586274522112 0.2424264939173349 0
662 1.738174714824063 0.2238251886711867 0
663 1.730322320346628 0.200130324744191 0
664 1.754786147553074 0.2052088643058768 0
665 1.762622837377461 0.2289184036478293 0
666 1.779242369718578 0.2102967370096184 0
667 1.787054108706324 0.2340388511422857 0
668 1.803701765272265 0.2153926718473658 0
669 1.811499804759146 0.2391753488577651 0
670 1.828178978090719 0.2204855458229697 0
671 1.820349506725538 0.196730489004158 0
672 1.844845618579098 0.2017954409326943 0
673 1.852669689149874 0.2255653246080901 0
674 1.869336881417762 0.2068632266524028 0
675 1.877167174331877 0.2306214430310998 0
676 1.893828903273779 0.2119233567232101 0
677 1.901669073897083 0.2356483847913715 0
678 1.918316667687845 0.2169903589180996 0
679 1.926175941235946 0.2406954323435971 0
680 1.942804470084764 0.2220561008693081 0
681 1.934958434841603 0.1983422674611109 0
682 1.95944222359415 0.2034055448331531 0
683 1.967289810283323 0.2271093456487469 0
684 1.983917866178416 0.2084649570875946 0
685 1.991758631664721 0.2321619635045857 0
686 2.008365954735372 0.2134990706646504 0
687 2.016192425239941 0.2371790806846797 0
688 2.000546237701128 0.189808714282735 0
689 1.632415245499389 0.1798169216036679 0
690 1.746936505832281 0.1815103590981114 0
691 1.861468036057009 0.1831585386220991 0
692 2.024970456947183 0.1948351762906349 0
693 1.223172011314004 0.1833674820457201 0
694 1.517865651286593 0.1781729406922983 0
695 0.7649606576034023 0.1767549431742091 0
696 1.108615159059168 0.1817347440143382 0
697 0.4690198331350451 0.1824999573612022 0
698 1.42779867606445 0.1815661942239712 0
699 1.313211188444112 0.1799384339559305 0
700 0.8795110317945728 0.1784503029742657 0
701 0.6748438128371186 0.1801109938442462 0
702 0.9940700615642808 0.1800688378938388 0
703 0.5602097741581613 0.1786470688356015 0
704 0.4200969134083929 0.237373389574026 0
705 0.1701533649400763 0.2631829604438049 0
706 0.1680412561666267 0.2612377497070705 0
707 0.1651790001538689 0.2622807720109587 0
708 0.1657653295362197 0.2593630639976964 0
709 0.1628208698308118 0.2604395150261722 0
710 0.1634524575879771 0.2575186517020915 0
711 0.1605273437047144 0.2585742744332948 0
712 0.1522789552288694 0.2220649664377133 0
713 0.1610959884849785 0.255654765058152 0
714 0.1582079506967859 0.2566554821732062 0
715 0.1572807132349169 0.2301090220728942 0
716 0.1587286359082542 0.2537426764871508 0
717 0.1558712014444514 0.2547525119096267 0
718 0.155366606446091 0.2576971084736877 0
719 0.1529946870549041 0.2558148437036198 0
720 0.1563684442192975 0.2518178557925088 0
721 2.017174209053887 0.1711639128029324 0
722 1.017592418137952 0.2511915354465308 0
723 2.041583037736052 0.1761962270625942 0
724 0.6984540814323226 0.2513556000922121 0
725 0.4941061223553875 0.2521901657590614 0
726 1.361280675484829 0.2561441025833195 0
727 1.656042065391819 0.2508898932497726 0
728 0.8374076323700332 0.2581409467118403 0
729 0.1723017155179839 0.2651589147784956 0
730 0.2646254209380081 0.122957998412954 0
731 0.1710357594485188 0.2600625931454355 0
732 1.999603431246867 0.2557888496270825 0
733 2.0239956538741 0.2607630207225043 0
734 1.794809057431623 0.2578444762436427 0
735 1.132047444661439 0.2528972623666813 0
736 1.451330842047142 0.2527674578931012 0
737 1.885009951287541 0.2543767594372943 0
738 1.565918687433709 0.2544131298895894 0
739 0.2523585285885752 0.2017955819902661 0
740 0.2374829646862683 0.1628358191181369 0
741 0.2274223080014257 0.2446111472638215 0
742 0.1893512672850652 0.2512716394734701 0
743 0.2497958774247276 0.2167323505174763 0
744 0.2464060397366779 0.1752263563040559 0
745 0.2016275604004126 0.2524464737513422 0
746 0.213426596081736 0.2512608517480182 0
747 0.2447357322162663 0.2277054405439787 0
748 0.2513821411626483 0.1894061518394643 0
749 0.2367701649464071 0.2372804264466821 0
750 0.6084556846655697 0.2547485141473178 0
751 1.246707406040871 0.2545492036787599 0
752 0.9275764610920607 0.2546311656030675 0
753 2.033787188997288 0.1525701343761483 0
754 2.009371232146736 0.1475099732183401 0
755 0.1673348054429187 0.241630822461642 0
756 0.2138401951108373 0.2835217871485141 0
757 0.209891368280595 0.2813566423007157 0
758 0.2134390546633793 0.2793016981407362 0
759 0.2101722046467406 0.2773838465887492 0
760 0.2132577624468336 0.2755709446129392 0
761 0.2102468314797052 0.2738830650278535 0
762 0.2129527544220511 0.2721762232866737 0
763 0.2157783683969154 0.273486781585813 0
764 0.215595280688665 0.2704572423634934 0
765 0.2182368023910013 0.2717151950891243 0
766 0.2181124965676645 0.2687631716287426 0
767 0.2073218561932907 0.2753771749511832 0
768 0.2075208220656178 0.2721392930598288 0
769 0.2047162427994319 0.2734947077621541 0
770 0.2206467130256279 0.2699624787938347 0
771 0.2205601120543265 0.2670668957631867 0
772 0.223129326812856 0.2682044128462083 0
773 0.2229536091396908 0.2652968420151904 0
774 0.2255657859337976 0.2664146830859844 0
775 0.2252836591420234 0.2635533493736184 0
776 0.2280208139317731 0.264675572025101 0
777 0.2049341937349585 0.2704062256380222 0
778 0.2022072207525541 0.2717349098014298 0
779 0.2277079675400362 0.2618299119885783 0
780 0.2304877508872546 0.2629304759419026 0
781 0.2302616573513928 0.2600819274203799 0
782 0.2329208989926785 0.2612067870307349 0
783 0.2327023948750799 0.2584359751692361 0
784 0.2353508716424118 0.2595285831713392 0
785 0.2481828458997422 0.2737110758563536 0
786 0.2351823846573796 0.256723792560595 0
787 0.2378227099480166 0.2578373292218842 0
788 0.2375377843813403 0.2549263255819626 0
789 0.2403221939001267 0.2560811674572369 0
790 0.2400417124732535 0.2531044697991046 0
791 0.2425858268138719 0.2542292378375431 0
792 0.2425123013588114 0.2513614423093543 0
793 0.2450624145496422 0.2525437145316996 0
794 0.2450041627137152 0.249652604287997 0
795 0.2476336441889943 0.2509431291054927 0
796 0.2475000663301899 0.2479137540431246 0
797 0.2501864102678212 0.2491275383442387 0
798 0.2499553532643853 0.2461345521121246 0
799 0.2525951388303015 0.2473162091106522 0
800 0.2523587789812928 0.2443767235533345 0
801 0.2549622892599714 0.2455305329596685 0
802 0.2547583894918176 0.2426244566063932 0
803 0.2572977373018165 0.2438262729600846 0
804 0.257145996537172 0.2409232473401691 0
805 0.2596715527998237 0.2422116015719096 0
806 0.2595724910364501 0.2392521523428968 0
807 0.2621512218958565 0.2406357073321047 0
808 0.2620560041146514 0.2375710128533876 0
809 0.2647283103995662 0.2389973362753834 0
810 0.2645856467202987 0.2358378665119542 0
811 0.2673512286849062 0.2372627358643012 0
812 0.2671360882275424 0.2340203174982129 0
813 0.2699421405692094 0.235431485361448 0
814 0.2696761690409513 0.232148929201425 0
815 0.2668699171910204 0.2308762838527677 0
816 0.2694096934599762 0.2290153872349716 0
817 0.2723289019591226 0.2302941980305939 0
818 0.271981041830235 0.2271361693784552 0
819 0.2690503029227733 0.2258966314832301 0
820 0.2715593032946957 0.2239989064930081 0
821 0.2686231501998741 0.2228244553847152 0
822 0.2710749502196514 0.2208809332121928 0
823 0.250508507970821 0.2521842544131318 0
824 0.2574859306442152 0.246644461030502 0
825 0.2741090368248953 0.2220338568312761 0
826 0.2735387724946085 0.2188374582045813 0
827 0.2704912451794161 0.2178145137488225 0
828 0.2727657983011001 0.215785593448058 0
829 0.2698610376700871 0.21481899636947 0
830 0.2720738473002284 0.2128331804861805 0
831 0.2692511909644709 0.2118632785561897 0
832 0.2714649571206662 0.2098973560619005 0
833 0.2742091177179984 0.210875626738475 0
834 0.2737018695569283 0.2079456575439808 0
835 0.2708863488230367 0.2069288198131024 0
836 0.2731424813087771 0.2049293204642198 0
837 0.2760046573635949 0.2059652639899937 0
838 0.2754389863015742 0.2028802225984054 0
839 0.2725324502881625 0.2019130131539965 0
840 0.2747762918375894 0.1998270109522119 0
841 0.2777889008861507 0.2007366300931045 0
842 0.2769982133871199 0.1976682716020811 0
843 0.2740469142169588 0.1967914281519302 0
844 0.276378470309496 0.1945866162452137 0
845 0.2794120873880208 0.1954089625766182 0
846 0.2733444641054472 0.1937718127059738 0
847 0.2756160723861201 0.1915584848491518 0
848 0.2726124431083011 0.1907889795705689 0
849 0.274783569681849 0.1885803908315565 0
850 0.2718637333760503 0.1878184517433406 0
851 0.2739971289027184 0.1856379234721645 0
852 0.2768896120282405 0.1863751949254841 0
853 0.271053102891675 0.1848868289853929 0
854 0.2731835044605754 0.182715908955577 0
855 0.2702127757570369 0.1819618932399479 0
856 0.2722767805185685 0.1798055246115859 0
857 0.2693845908127613 0.1790375193402956 0
858 0.2716108108690901 0.1767336916456766 0
859 0.2743009143526784 0.1777015635520832 0
860 0.2685253879479789 0.1760960537365955 0
861 0.2707554260632193 0.1738226687594988 0
862 0.2676378202689578 0.173169164123505 0
863 0.2698390214121638 0.1710147714220804 0
864 0.2668548709807954 0.1702465763854264 0
865 0.269043545460726 0.1681326131336889 0
866 0.2660632316631743 0.1673592608353691 0
867 0.2646590396621208 0.1723483055330289 0
868 0.2681586481796016 0.1652157713141671 0
869 0.2652416424149538 0.1643302753599906 0
870 0.2704827846844519 0.1929265917247543 0
871 0.2594039704878868 0.2362385813860763 0
872 0.2768170964279827 0.2199174985314601 0
873 0.2673910277914288 0.1811762452366639 0
874 0.2155562962298605 0.2674992859625271 0
875 0.2019416791816685 0.2747858300955916 0
876 0.1994997126410653 0.2730260417769474 0
877 0.1997343060045741 0.2700070015098018 0
878 0.1970636342223134 0.2712800413237779 0
879 0.2670055639951024 0.213831276578086 0
880 0.1972750765016219 0.2683135527644933 0
881 0.2257717878945609 0.2692652334643205 0
882 0.2674101107418118 0.1621024328877133 0
883 0.2644032127734476 0.1612756408773689 0
884 0.2622899690656445 0.1635303273929712 0
885 0.2614170780818682 0.160618540073328 0
886 0.2593518074668491 0.1627917934260649 0
887 0.2584961539569876 0.1599529597517995 0
888 0.2604782763832137 0.1577811744669181 0
889 0.2576261243368104 0.1570754499589975 0
890 0.2555772451918217 0.1592464417649107 0
891 0.2547191403095174 0.1563609682145504 0
892 0.256793046760708 0.1541750676287121 0
893 0.2538565964315213 0.1534705757636104 0
894 0.255916761180622 0.1512378674431703 0
895 0.252969830856125 0.1506000595324702 0
896 0.2509384101524892 0.1527883240682276 0
897 0.2500702637433946 0.1499242525390466 0
898 0.2520632471155255 0.1477885360195778 0
899 0.249241989742212 0.1470430152178544 0
900 0.2471821938761044 0.1492138292977982 0
901 0.2463497436700132 0.1463250801127643 0
902 0.2484611190324946 0.1441360310747226 0
903 0.2455007808282026 0.1434339521057761 0
904 0.2434349679394202 0.1456153340082232 0
905 0.2425943382587074 0.1427106535931397 0
906 0.2405208796381232 0.1449102552456584 0
907 0.2396736527588503 0.1420128437901328 0
908 0.241754162863405 0.1397980791491288 0
909 0.2388249791386338 0.1391081849207187 0
910 0.2409166590116295 0.1368734345486444 0
911 0.237965021056328 0.1361907542940672 0
912 0.2358925478996115 0.1384434737327796 0
913 0.2350282438805444 0.1355861408171343 0
914 0.2329701687885259 0.1377821254315305 0
915 0.2321142145098304 0.1349380178857033 0
916 0.2300535584776205 0.1370956295717975 0
917 0.229204313016812 0.1342337682223711 0
918 0.227141704374711 0.1364114318874185 0
919 0.2262931849557601 0.1335205126686792 0
920 0.2312687750291051 0.1321431043479657 0
921 0.2400628588674766 0.1338701307684109 0
922 0.2430613078598697 0.1346800097625203 0
923 0.2242213274394658 0.135713405366953 0
924 0.2233551914994172 0.1328112649176552 0
925 0.2722017717537177 0.1689086633132208 0
926 0.1946424672462524 0.2696558392713873 0
927 0.2309083567173871 0.1399762065626733 0
928 0.242429992321453 0.1313258989374229 0
929 0.1948124433406177 0.2666484622836884 0
930 0.1921494232590635 0.2680033273134024 0
931 0.2647488230568775 0.2421934102002476 0
932 0.3374654891645105 0.1161462412065641 0
933 0.3565268920079978 0.1192721478562726 0
934 2.058160894710817 0.1575943366593026 0
935 2.06593821771067 0.1811819112514287 0
936 0.1777706767675079 0.2477945308618623 0
937 0.2019613487321009 0.318978446714449 0
938 0.1921519976797173 0.3243832577384469 0
939 0.2226299035013135 0.2624147191753629 0
940 0.1991914879087154 0.2760909714997241 0
941 0.4201116689670914 0.1739422173473155 0
942 0.2521645577870703 0.2414141132793728 0
943 0.2666139320994059 0.1587957457457967 0
944 0.2699940921145049 0.1599204078634909 0
945 2.05039196064726 0.1340263925709286 0
946 0.1923446264551989 0.2649677348596861 0
947 0.189638219453251 0.2662907187791155 0
948 0.1974639175548148 0.2653057185868021 0
949 0.2661794688160268 0.2247164727136524 0
950 0.2435099659914661 0.2573469867753816 0
951 0.2301793730447509 0.2569936713168443 0
952 2.007450912196702 0.2792925396390548 0
953 2.031750171605914 0.2842381418898317 0
954 2.04833749525233 0.2657253059160679 0
955 2.056001448987082 0.2892673226144408 0
956 2.072667025728541 0.2707084768897881 0
957 1.681373900395734 0.1899831186999301 0
958 0.8550267228689796 0.1733794868687024 0
959 0.8716613994061075 0.1547561732523183 0
960 0.8471724245919865 0.1496826758815709 0
961 0.8637940674530855 0.1310990546447064 0
962 0.8883072394285552 0.1361293056133299 0
963 0.8393079538367316 0.125988849268023 0
964 0.7884598055354285 0.2480220894047721 0
965 1.705070556729466 0.2609732286197436 0
966 0.2413685388864079 0.1478004802308253 0
967 0.2384555799053655 0.1471001413838037 0
968 0.2275807893369619 0.1549464274748078 0
969 0.2379781276102704 0.2606819482946545 0
970 0.2332256342372991 0.2640154762216033 0
971 0.1599485471250282 0.2618151180064065 0
972 0.225083419706136 0.1386132489543909 0
973 0.2221677438729093 0.137920134558156 0
974 0.2163453381295095 0.1501281054725846 0
975 0.2526599716735056 0.1585341868804925 0
976 0.2589490511441327 0.1519785399121749 0
977 0.2535133981805149 0.1613680570025824 0
978 0.2506011589588842 0.1606744758909284 0
979 0.2209906474484392 0.2732198009035933 0
980 2.080303666454188 0.2943920490178077 0
981 0.1639847983654508 0.2546013977614054 0
982 0.2664198262871347 0.2108782245663277 0
983 0.2641693039983957 0.2128363679695189 0
984 0.2636000790141349 0.2098898329318879 0
985 0.2747765251531169 0.2983908644404814 0
986 0.2871299187932551 0.3019672223438765 0
987 0.2770788139637358 0.3106021057990367 0
988 0.2909430924394619 0.3151952483809049 0
989 0.2690037038504951 0.187010196132944 0
990 0.2473328713257808 0.2449294672817065 0
991 0.258007232173657 0.1488489914758369 0
992 0.1945343104548786 0.2726286893814893 0
993 2.07471565461602 0.1390652656110175 0
994 2.066979618552371 0.1155228831267964 0
995 2.042678575737003 0.1104647903328521 0
996 0.2750463364768058 0.2284567584047313 0
997 0.1592180624623536 0.2508254467470202 0
998 0.1568534456010989 0.2488735108733108 0
999 0.1540085122730537 0.2498692731283582 0
1000 0.1544980198268744 0.2468658425364125 0
1001 0.1516509436871001 0.2479041888077794 0
1002 0.233174190397098 0.3087841183793606 0
1003 0.2414590733358535 0.3122753610317864 0
1004 0.233114265009377 0.3189241775324389 0
1005 0.2427904974478203 0.3235042389392049 0
1006 0.2791095507136563 0.3250065187984961 0
1007 0.2424290242941606 0.2484524025396569 0
1008 0.1899008642871577 0.263251771573519 0
1009 0.1871380781498838 0.2645321209946483 0
1010 0.2514522133858342 0.1634878724880144 0
1011 0.2740315513393166 0.07333176044619374 0
1012 0.2463354981620489 0.1325458423160556 0
1013 0.2449909188941708 0.1285180013772142 0
1014 0.2613095044547876 0.1496974328959673 0
1015 0.2691871237507866 0.1560390515131362 0
1016 0.2602373523498644 0.1461368522236481 0
1017 0.2409874481565414 0.1276782259641873 0
1018 0.2230340565372295 0.140834552621206 0
1019 0.2201366922942732 0.1401381317873182 0
1020 0.2192439739225652 0.1372166502616239 0
1021 0.2172096719863162 0.1394613295650358 0
1022 0.216318692607058 0.136486784251761 0
1023 0.2142567262484617 0.1386656485879907 0
1024 0.2133489771939511 0.1357733480886367 0
1025 0.2113127283901735 0.1379379856346091 0
1026 0.2104241998567062 0.1350681116596844 0
1027 0.2084086609966233 0.137200511411173 0
1028 0.2075341013494474 0.1342497597224334 0
1029 0.1924113659065368 0.1480729789937126 0
1030 0.2153833292844723 0.1335957422728863 0
1031 0.237396829614332 0.2519560236747123 0
1032 0.3039789057443035 0.2214629146372551 0
1033 0.3001894894873125 0.2141430685328443 0
1034 0.3053083353425496 0.2078021786544844 0
1035 0.2393086037727155 0.1499790869039572 0
1036 0.2942982655379487 0.331116095469947 0
1037 0.3067837361612654 0.3191282206066666 0
1038 0.8804448076257756 0.1124992363462667 0
1039 0.9049812260899348 0.1174587876320499 0
1040 0.1874469224002159 0.2615456553591916 0
1041 0.1846491592568789 0.2627956047170862 0
1042 0.2730350214462213 0.1573956292229356 0
1043 0.2333916929934376 0.3303754234428892 0
1044 0.2443139133837642 0.3358869999819232 0
1045 2.091242029131175 0.1206206437048654 0
1046 2.098974564374044 0.1441101057188547 0
1047 0.2019985396302093 0.3302130553104246 0
1048 0.1919859905185057 0.3366412248558597 0
1049 0.1811826632980218 0.3288545350535884 0
1050 0.3492350438474956 0.09999710561230725 0
1051 0.3701019077452549 0.1025328740544382 0
1052 0.3480789018581101 0.2219914355159404 0
1053 0.2364044578644383 0.1492780214448646 0
1054 0.2899827166999772 0.1145410825405714 0
1055 0.2757737873876646 0.2320690547272608 0
1056 0.2785043599444235 0.2295272138986068 0
1057 0.2794835055320241 0.2340686067952888 0
1058 0.1843359425871075 0.2658297957730004 0
1059 0.3108441258955861 0.3368489036699013 0
1060 0.3246582862784041 0.3234113391433178 0
1061 0.1894376800808051 0.2693977328685833 0
1062 0.1615486615280304 0.276265016376375 0
1063 0.1525701460871524 0.2587974045695101 0
1064 0.1500728523800984 0.2568869341232271 0
1065 0.1580443746655738 0.2736224672697754 0
1066 0.1573035066926016 0.2783617608946154 0
1067 0.2702486336964742 0.2387963684956466 0
1068 0.2832832295952747 0.2300941021129134 0
1069 0.1803616735359822 0.3429613932906125 0
1070 0.1696399971397137 0.3343720300567641 0
1071 0.2434211547583461 0.1241984175341271 0
1072 0.2383598658442608 0.1239918716307047 0
1073 0.1573146738639521 0.2459029223855049 0
1074 0.154987357655093 0.2438280324318038 0
1075 0.2613515263291901 0.2118347154279073 0
1076 0.2618979764176753 0.2147602519570369 0
1077 0.2608058619772756 0.2089014062668415 0
1078 0.2630237605117425 0.2069351078545495 0
1079 0.2977960280848877 0.2062956423653615 0
1080 0.3022229980690205 0.2005559784592829 0
1081 2.015278821736565 0.3025629041806032 0
1082 1.991052632856576 0.2976709514692628 0
1083 0.1925777514617524 0.2620532883511567 0
1084 0.1849380557465553 0.2598326510909669 0
1085 0.1821641562817202 0.2610287353077758 0
1086 2.09703269698199 0.2757098778482974 0
1087 2.063473748022425 0.3127615676050929 0
1088 2.087778460888442 0.3181080784693767 0
1089 0.3538365098091865 0.1583489032858873 0
1090 0.260201108615148 0.1656638471772623 0
1091 0.2485492173582818 0.1628210077523225 0
1092 0.2476881873186909 0.1599878264376735 0
1093 0.2928368004659229 0.2115357917562532 0
1094 0.5355304377112691 0.173613853347913 0
1095 0.5523864173337526 0.155034742374106 0
1096 0.5274936384706189 0.1498870315484789 0
1097 0.5448055133115126 0.1315186199482008 0
1098 0.5693204435064844 0.1365053358941772 0
1099 0.5195643266715435 0.1258647339698832 0
1100 0.5621503261796099 0.1133480140912913 0
1101 0.5859862262803647 0.1177736071709516 0
1102 0.6329806704316385 0.2598187653334492 0
1103 0.6164607701625096 0.2784484355940471 0
1104 0.6409999043478065 0.2834639642485255 0
1105 0.6245908817694381 0.3020949723606003 0
1106 0.5999387103603571 0.2971347873928573 0
1107 0.649124601046514 0.3070126162307909 0
1108 2.089280024068834 0.2519336986772701 0
1109 0.8618909222029973 0.2631671748346459 0
1110 0.8452063642515568 0.2818445927352384 0
1111 0.8697071777374271 0.2868159225318642 0
1112 0.8529609386124521 0.3054717464986605 0
1113 0.8285020582636911 0.3006116995846743 0
1114 0.877513252286622 0.3103432037932439 0
1115 0.7404841879073796 0.1715993102544342 0
1116 0.7571310241786753 0.1529516220921196 0
1117 0.7326519358466748 0.1476662305240212 0
1118 0.7493441516662037 0.1289453205937836 0
1119 0.7248273660155063 0.1235185706330932 0
1120 0.741652605832929 0.104563172959838 0
1121 0.7169884523418022 0.09899159159640386 0
1122 0.7001061445526431 0.1182803536734102 0
1123 0.6917449237582051 0.09378645564160094 0
1124 0.6752610596611276 0.1133371378061748 0
1125 0.7660244778786638 0.1103882711316271 0
1126 1.288747217650087 0.1748537014458907 0
1127 1.305334935954219 0.1561888674535113 0
1128 1.280881687762028 0.1510942806057166 0
1129 1.297452746954801 0.132414237646868 0
1130 1.321897342876992 0.1375402732553296 0
1131 1.27303518489172 0.1273307032986183 0
1132 1.3139927183872 0.1136989503815414 0
1133 1.338416160146305 0.1189705548620457 0
1134 1.819251333955815 0.2630482600248329 0
1135 1.802481987546789 0.2817545031701477 0
1136 1.826956759707132 0.287068583846337 0
1137 1.809998821725401 0.3058889015177006 0
1138 1.785730740013299 0.3002685731197286 0
1139 1.834620674630531 0.3113488140426514 0
1140 0.9521300077276275 0.2596371005401056 0
1141 0.9355811486039551 0.2782269014313379 0
1142 0.9601588493726754 0.2832127304633053 0
1143 0.943737790374912 0.3017677739457439 0
1144 0.968334069075468 0.306685417332122 0
1145 1.38575641937576 0.261210525490893 0
1146 1.369180807087503 0.2797509604382628 0
1147 1.393672227555007 0.2847566528674353 0
1148 1.377123761529942 0.3032564974370781 0
1149 1.352620132080782 0.2983036600457408 0
1150 1.401628956010271 0.3081743969900761 0
1151 1.951603286652467 0.1796916987045136 0
1152 1.927110737880837 0.1746414200098374 0
1153 1.943763391170664 0.1559932590232274 0
1154 1.919249142815358 0.1509748867712754 0
1155 1.935920236285487 0.1323167157726785 0
1156 1.911359874910123 0.1273826978031186 0
1157 1.928105581679732 0.1086907542400327 0
1158 1.903409120544993 0.1039662944822125 0
1159 1.886725955357209 0.1224415773748493 0
1160 1.878575292779593 0.09909441948442613 0
1161 1.862093470105965 0.1174035807238142 0
1162 1.85394973372715 0.09389480449395377 0
1163 1.837528262621332 0.1122693474567151 0
1164 1.493389739123395 0.1730857888819532 0
1165 1.510022976371656 0.1544680725435418 0
1166 1.485546539683246 0.1493419972719525 0
1167 1.502193558614199 0.1308302580345617 0
1168 1.52662356237149 0.1359492896800555 0
1169 1.477704978454142 0.1256063508169182 0
1170 1.518791342810581 0.1124107586251577 0
1171 1.543149456482048 0.1174659890314212 0
1172 1.590400280416177 0.2594650824997058 0
1173 1.573816683200531 0.2781270417280279 0
1174 1.59828489970414 0.2831318748785897 0
1175 1.581811265797462 0.3018279667633182 0
1176 1.557193447643679 0.2968419206583266 0
1177 1.606333589226546 0.3065553835537888 0
1178 1.952594583993433 0.1135599495368958 0
1179 2.083493327255422 0.09713672415817882 0
1180 1.829489347274036 0.08857174358862031 0
1181 1.813000663760177 0.1071500167534786 0
1182 1.330530972845415 0.09499566393498576 0
1183 1.354793363644021 0.1007612880288522 0
1184 1.306020458118299 0.08968661129039301 0
1185 1.362899896227199 0.1241497106684225 0
1186 1.379277948857728 0.1056681870122756 0
1187 0.2839095198060022 0.2362166228539165 0
1188 0.6666509841047021 0.08938423998179813 0
1189 1.360576910174047 0.3218490578712231 0
1190 1.33609252419499 0.3168430381625966 0
1191 1.535196733595587 0.09413749957266331 0
1192 1.559605967840132 0.09888416918836902 0
1193 1.56758537183663 0.122447716374202 0
1194 1.584029989207655 0.10387491580363 0
1195 0.2590534398313351 0.2137483625407939 0
1196 0.259632856818607 0.2166995723089405 0
1197 0.2602343372391459 0.2059351590886694 0
1198 0.2624301457747318 0.2039899044339359 0
1199 0.8361723359041464 0.3243381563191992 0
1200 0.8117205346537099 0.3195768384279887 0
1201 0.2165591963528446 0.2809068136224882 0
1202 1.511108306165468 0.08886628892014821 0
1203 0.2076638195663438 0.26903128896638 0
1204 0.2051263361800985 0.2673676670467006 0
1205 0.2078070020997827 0.2660140583775409 0
1206 0.2053059230958754 0.2643674748955339 0
1207 0.2079822094002613 0.2630348506018796 0
1208 0.2054903370942691 0.2613938550881283 0
1209 0.2081807263624232 0.260056264093514 0
1210 0.3294586959681882 0.09881672706400751 0
1211 0.3406155515038696 0.08100880858693485 0
1212 2.113677276969386 0.2567358664858799 0
1213 2.105809662742476 0.2329971111732741 0
1214 0.1824048807013745 0.2580866495332521 0
1215 0.1796609859620791 0.2593478585528018 0
1216 0.1798517273808125 0.2564444450048158 0
1217 0.2092427696347689 0.1400743240699266 0
1218 0.2063926679873208 0.1392598137721572 0
1219 0.8971688381206278 0.0938066037660734 0
1220 0.9217343605215631 0.09906969336378013 0
1221 0.9294908565217495 0.122579569750045 0
1222 0.9461832748725878 0.1039857620684131 0
1223 0.8725477494163393 0.0889589410903992 0
1224 0.1716811287414495 0.295693062765618 0
1225 0.1707071601694665 0.3029586537610865 0
1226 0.1646173152498177 0.2985205704637803 0
1227 0.1631399866654661 0.3061725553469098 0
1228 0.1566643397033252 0.3009890289979997 0
1229 0.1546735838539679 0.3106363903358194 0
1230 0.1466760702983712 0.3030641665630351 0
1231 0.1447891108993906 0.3156185458917541 0
1232 0.1357704867687936 0.3082845986370827 0
1233 0.1337443699262919 0.3209311720164653 0
1234 0.1243323408024738 0.3123684670019723 0
1235 0.1273884681969677 0.2991275785573531 0
1236 0.1149922398527029 0.3037645864393952 0
1237 0.1171942859086262 0.2916740436585921 0
1238 0.1057643057594344 0.2955425910471538 0
1239 0.1088441912227798 0.2836241072954015 0
1240 0.1486218538211638 0.2106520114746686 0
1241 0.1477409624157948 0.2014572507580043 0
1242 0.1028106642369039 0.3077855279302784 0
1243 0.119749311599007 0.279568315471554 0
1244 0.1111528026318462 0.27243452775345 0
1245 0.1011653113776129 0.2756364870110509 0
1246 0.1042025384064477 0.265393586592101 0
1247 0.1130285480259458 0.2624765597130783 0
1248 0.107318698353697 0.2563024067975642 0
1249 0.114979834573641 0.2539519391701508 0
1250 0.1100972866959233 0.2484226071708467 0
1251 0.1173915124324874 0.2459858360704437 0
1252 0.1124054076196007 0.2417033224479394 0
1253 0.1182810417860448 0.2394153524827351 0
1254 0.11404663770631 0.2355024749284078 0
1255 0.1197853349290433 0.2340506706738507 0
1256 0.1162487748655452 0.229312092762375 0
1257 0.1096575465426413 0.2310700748474594 0
1258 0.1114285362911709 0.2250555131973244 0
1259 0.1017680416841268 0.2491683500483391 0
1260 0.1052425133093827 0.2262624123670074 0
1261 0.107749900790002 0.2202158568750994 0
1262 0.1132708747029843 0.2194689297704509 0
1263 0.1097999127126147 0.214699935689245 0
1264 0.1486516012396152 0.1894645631206211 0
1265 0.1155493717277913 0.213955354384859 0
1266 0.1042704691087388 0.2152692648063236 0
1267 0.1062600724099354 0.2096512102147222 0
1268 0.1001183342021113 0.2100890973104798 0
1269 0.1025404019994998 0.2039889253477252 0
1270 0.1235244570387741 0.2373066001716141 0
1271 0.1247982160493453 0.2329031624415248 0
1272 0.1279206196307349 0.2357169199523272 0
1273 0.1289535707434399 0.231503084841975 0
1274 0.131578452945969 0.2342475712144625 0
1275 0.131198716671639 0.237652105766214 0
1276 0.1325327041659588 0.2311051402363973 0
1277 0.134728868188582 0.2332737210190492 0
1278 0.1354780955238263 0.2303287337669082 0
1279 0.133539617982277 0.2281302287824925 0
1280 0.1376573679971233 0.232416864032447 0
1281 0.09542570745195597 0.2045196051972686 0
1282 0.09853715623619461 0.1979947741761267 0
1283 0.09358255348255315 0.211530110486362 0
1284 0.106470767961348 0.1976993052535916 0
1285 0.1017511063471789 0.1914382189984444 0
1286 0.15247069272826 0.178013549213079 0
1287 0.1085484238430352 0.1908723500257581 0
1288 0.1047897552187825 0.1856211093848475 0
1289 0.1109098317621802 0.1853545265515611 0
1290 0.1078114396915146 0.1801793562045713 0
1291 0.1143828594033923 0.1898064087541808 0
1292 0.1163388684743308 0.1850440478041656 0
1293 0.119176812816762 0.1887904220192605 0
1294 0.1209000674552301 0.1849092444118675 0
1295 0.1231558933632104 0.1880896182517024 0
1296 0.1247436078342556 0.1849084228172104 0
1297 0.1230755502396378 0.1818739335085378 0
1298 0.1263646644315975 0.1818697156826166 0
1299 0.1248419946324175 0.1789813392810489 0
1300 0.1279600577169614 0.1789997391884825 0
1301 0.126381816531298 0.1761627518344896 0
1302 0.1570687888223625 0.1700111504995905 0
1303 0.1295020307698599 0.1761827735115861 0
1304 0.1279591808732186 0.173361217289407 0
1305 0.1311171675694505 0.1734208703167426 0
1306 0.1296010495561104 0.1706404487507452 0
1307 0.1694882803346924 0.1565057407263883 0
1308 0.1776813977636987 0.1518794480163758 0
1309 0.1627895679675457 0.162893221164843 0
1310 0.132743460662402 0.1706750154612139 0
1311 0.1312370420211555 0.1679525440097594 0
1312 0.1342922888413975 0.1679598027825561 0
1313 0.1327877274390968 0.1652667765979034 0
1314 0.126343135040661 0.1704633324586595 0
1315 0.1011109374558695 0.1801505546563013 0
1316 0.1052211675786265 0.1736761147004958 0
1317 0.12664813990024 0.1876610421019194 0
1318 0.1254213668259148 0.1907356900934868 0
1319 0.128624164882871 0.1902027553545325 0
1320 0.1275466105800637 0.1931573575390767 0
1321 0.1325985364530883 0.1761930490859092 0
1322 0.09669567361149292 0.1743546566879507 0
1323 0.1003498011955189 0.1677140078013052 0
1324 0.09040310087505857 0.1980782835545726 0
1325 0.09168055589144415 0.1676328174821987 0
1326 0.09728250745846237 0.1598873212154096 0
1327 0.1305909911605655 0.1926329008783983 0
1328 0.1295279134197556 0.1955018470792161 0
1329 0.1363690191873271 0.2274017619376247 0
1330 0.1343239022880357 0.2252248193243395 0
1331 0.131696855388601 0.1897472755180408 0
1332 0.1371991120843085 0.2245458176236041 0
1333 0.1351391598744667 0.2224328147160977 0
1334 0.1265310079052135 0.1960444124406417 0
1335 0.1285010027297747 0.1983539960506197 0
1336 0.1335726991857226 0.1921469227125436 0
1337 0.1346738457177865 0.1893119334441385 0
1338 0.08600802285384446 0.1594591888494758 0
1339 0.09101317437528036 0.1507246959392342 0
1340 0.1010248042033767 0.1503892909746611 0
1341 0.09596782911705144 0.1420001284604848 0
1342 0.1065255047190198 0.1416517962731833 0
1343 0.1009351494437683 0.1332820147943487 0
1344 0.1101826126362814 0.1321022059715612 0
1345 0.1056258366650698 0.1244208274251181 0
1346 0.1151723720376573 0.1240657856188583 0
1347 0.1100710020749676 0.1151844897294453 0
1348 0.1205306291868667 0.1160091689410946 0
1349 0.1247877932040183 0.12550920569079 0
1350 0.1301098048978581 0.1174949443810156 0
1351 0.1346903981994452 0.1255772575560827 0
1352 0.138429573112133 0.1181804583825648 0
1353 0.1426375455413845 0.1240368277008567 0
1354 0.1460000083236838 0.1181256051987411 0
1355 0.1493371326216174 0.123890073745461 0
1356 0.1536243183231302 0.1188045874158764 0
1357 0.149704829563416 0.1120406303486125 0
1358 0.156877097895969 0.1128644689835949 0
1359 0.1466571580570574 0.1290018010351367 0
1360 0.1601169465416235 0.1179813575127551 0
1361 0.1632511549803167 0.1133688121220805 0
1362 0.1657867201207846 0.1185493546491091 0
1363 0.1688515658625821 0.1143194918172432 0
1364 0.1711518732624025 0.1195486502811175 0
1365 0.1669959191991383 0.1086758878905014 0
1366 0.1732458145051521 0.1105198305311293 0
1367 0.168195802561146 0.1236900152283451 0
1368 0.1726387914853898 0.1240143775983695 0
1369 0.1706229764465223 0.1272076587608691 0
1370 0.1742008019478988 0.1274154351542372 0
1371 0.1763744620721929 0.1247316174782846 0
1372 0.1776446320182068 0.1278488834076198 0
1373 0.1797864356691566 0.125340504696557 0
1374 0.1809585805585439 0.1283439883814992 0
1375 0.1830091692511324 0.1258906167319861 0
1376 0.184113921934357 0.1288383423098843 0
1377 0.186187728403702 0.1264767302791081 0
1378 0.1872200310878572 0.1293611552894759 0
1379 0.1892513777112146 0.1269675594575521 0
1380 0.1882091334907895 0.1239824170081768 0
1381 0.1913475418229381 0.124568089521044 0
1382 0.1902774435973424 0.1215475918054859 0
1383 0.1935845008552497 0.1220411505124 0
1384 0.1923529872490794 0.118632913962805 0
1385 0.1962356615286518 0.1193999038618973 0
1386 0.1947704875972129 0.115446565794665 0
1387 0.1989852148538027 0.1162991697954311 0
1388 0.1975222089369333 0.1118976734095518 0
1389 0.202168745414274 0.1128439069524592 0
1390 0.1820708742208792 0.1312360270174567 0
1391 0.1722946335438411 0.1302385296908921 0
1392 0.1708819222270957 0.1034231290338934 0
1393 0.1902386638954668 0.1298729684484312 0
1394 0.1689743309522204 0.1302798138324337 0
1395 0.1705735890303203 0.1329981303789502 0
1396 0.1674014530076079 0.1329942462222207 0
1397 0.168964479756449 0.1356856622070118 0
1398 0.165932040193832 0.1357331112189181 0
1399 0.1674217597944509 0.1383362406756536 0
1400 0.1644373139423515 0.138378298823756 0
1401 0.2004231664092001 0.107664436218555 0
1402 0.2058755407870755 0.1089809064182894 0
1403 0.1704207396668745 0.1383434601281497 0
1404 0.1272520148670807 0.1076702994768352 0
1405 0.1299897543731534 0.1316393655270605 0
1406 0.1659119513257736 0.1409480063633841 0
1407 0.1629332781049401 0.140981831124918 0
1408 0.08152097475213407 0.1688839740789605 0
1409 0.1502756355699875 0.1835663796695174 0
1410 0.1835816140703285 0.1501268964797967 0
1411 0.09327924335648649 0.2667061205064244 0
1412 0.1502990235684445 0.2164653727213042 0
1413 0.2039414491647222 0.1030225852850024 0
1414 0.2099153133408183 0.1046459785023178 0
1415 0.2117843263578949 0.1106880851968144 0
1416 0.09897828982586385 0.115808709535282 0
1417 0.1644201774390615 0.1435214720036634 0
1418 0.1614439886551574 0.1435521769294666 0
1419 0.2160091969912334 0.1059816415230965 0
1420 0.07440623711717366 0.1594529138335619 0
1421 0.1254903020208092 0.1988757692643935 0
1422 0.1274510759322478 0.2012091631390618 0
1423 0.1304689419380158 0.2006619152180316 0
1424 0.1294328746514858 0.203494908332621 0
1425 0.1323850637393806 0.2029657843961611 0
1426 0.1313788400958405 0.2057669652255375 0
1427 0.1343013943937554 0.205262084644146 0
1428 0.1479698181945583 0.1953787158716631 0
1429 0.1204156908566113 0.2591638804442689 0
1430 0.1332935115605792 0.2080677044367981 0
1431 0.1629324831110342 0.146055464158963 0
1432 0.1599497913688626 0.146089158474781 0
1433 0.1584724449703155 0.1436130570069849 0
1434 0.1569537667202419 0.1460958758775606 0
1435 0.1584297024881638 0.1485650798861895 0
1436 0.1554419326566472 0.1486048230130295 0
1437 0.1358139291429063 0.1652488334840184 0
1438 0.1343267706062823 0.1626067579593252 0
1439 0.1312784046235873 0.1625670770089988 0
1440 0.1373552012618935 0.162598312845738 0
1441 0.1359311334303036 0.160013232171784 0
1442 0.1388988230335431 0.1599659144927541 0
1443 0.1388099971036189 0.1651589828633911 0
1444 0.137464125879237 0.1573649132446644 0
1445 0.1404558484493085 0.1573841049387747 0
1446 0.1389661907365886 0.1547061775928144 0
1447 0.1357947507984503 0.1546296643456829 0
1448 0.153955047386864 0.1460972336782758 0
1449 0.1524667710208178 0.148567513795871 0
1450 0.1509449181520273 0.1461156096981195 0
1451 0.1539116645758837 0.1513754983698335 0
1452 0.2030317924115758 0.1175180838990882 0
1453 0.1322719896820473 0.2231335422231585 0
1454 0.1353135234496724 0.2024607918838487 0
1455 0.1373824225098186 0.1517552540768169 0
1456 0.1335469916278806 0.1517883918989008 0
1457 0.1380492067709637 0.2217495604635945 0
1458 0.1977510840720719 0.1020502447656402 0
1459 0.201895910201791 0.09636735641011331 0
1460 0.1629779862307665 0.1358186141318607 0
1461 0.141906994780249 0.1599593746943869 0
1462 0.1358599885331351 0.1707132883056883 0
1463 0.1947025282921284 0.0954337912377899 0
1464 0.1659175095247138 0.1460685696445277 0
1465 0.196841501692029 0.1229091705581567 0
1466 0.199616911184417 0.08858223658828746 0
1467 0.1909665674483426 0.08784587581013935 0
1468 0.1964778158708912 0.07993513279433344 0
1469 0.1865330699281723 0.07857468640487207 0
1470 0.1401231121626205 0.2238144998044343 0
1471 0.1524493104094931 0.1435653824322826 0
1472 0.1492794484021182 0.1434950095363945 0
1473 0.1655766740633214 0.1300838355691528 0
1474 0.1303558728262785 0.2085795551858755 0
1475 0.1264230975660974 0.204131804716199 0
1476 0.2176887499311508 0.1121069098827448 0
1477 0.1362160808086508 0.2075521020997086 0
1478 0.1537429533411275 0.1056772739798481 0
1479 0.1042874420105839 0.1046284754236459 0
1480 0.09094137662737345 0.1048784008169354 0
1481 0.2221214935269154 0.1069091496463176 0
1482 0.1882202214652694 0.1322110957660108 0
1483 0.1912152080442037 0.1327368737282583 0
1484 0.1892251640289839 0.135041408161008 0
1485 0.1921921423561907 0.1355750945152011 0
1486 0.1941688921821357 0.1332836777603845 0
1487 0.121430811007239 0.326084101486958 0
1488 0.1951074324041775 0.1361637616923527 0
1489 0.1434606490717864 0.1574550568125552 0
1490 0.1449062890797227 0.1600047972538814 0
1491 0.09287013725817896 0.2990861785757424 0
1492 0.08894191105557117 0.3136091445789599 0
1493 0.2140937145386301 0.100772823995462 0
1494 0.08535879460075645 0.1420857555039596 0
1495 0.133066859495604 0.2202774213137279 0
1496 0.1301617444772588 0.2209728463293293 0
1497 0.09797753152086187 0.09150486851826511 0
1498 0.13651213132882 0.1916919660183201 0
1499 0.1376032014651004 0.1888864854680677 0
1500 0.1818561016741683 0.1228024932164552 0
1501 0.1369903502258055 0.2353095613941291 0
1502 0.1398505018218688 0.23446057849146 0
1503 0.1391800316746398 0.2373491515788619 0
1504 0.142062277688281 0.236547528257723 0
1505 0.1413487965749578 0.2394455468822201 0
1506 0.1427584512470621 0.2336520814178545 0
1507 0.1449625230813648 0.2357214034193128 0
1508 0.1456711124108716 0.2328275467109773 0
1509 0.147841768069373 0.2348287801217621 0
1510 0.1232325051665837 0.176148657277343 0
1511 0.1471802796979756 0.2377916908944947 0
1512 0.1737693529941178 0.1330807748034948 0
1513 0.1357969696170472 0.1865071876669819 0
1514 0.1386906143456438 0.1860872614271518 0
1515 0.08223264492023326 0.09065648004241207 0
1516 0.07561586527860178 0.1059594755493552 0
1517 0.1495686890051051 0.1485515340387274 0
1518 0.1970617136968279 0.1339294213653147 0
1519 0.190246142211674 0.1378474401574077 0
1520 0.1872526067085986 0.137348146403947 0
1521 0.1644245062578361 0.1485413631446376 0
1522 0.1900989534906352 0.1147143203722971 0
1523 0.1098132644522382 0.1506305368893699 0
1524 0.1409829436618221 0.2209495369320346 0
1525 0.1389224927658165 0.219054144223703 0
1526 0.1321048957221696 0.3348076989417053 0
1527 0.1384447696403338 0.240207240770185 0
1528 0.1405644921430768 0.2423635147303095 0
1529 0.1376206448069525 0.2431119376257237 0
1530 0.1396882128341747 0.2453316369942294 0
1531 0.136658825868534 0.2462379784737504 0
1532 0.1390665844731644 0.2484963623132294 0
1533 0.1358617334332566 0.2497083994202099 0
1534 0.138621364339404 0.2520784512836432 0
1535 0.1363757329854499 0.1481744803974788 0
1536 0.1314689074570539 0.148100465484452 0
1537 0.129201011241266 0.1521718969325938 0
1538 0.1500563075939918 0.2368559634515636 0
1539 0.1674044812382515 0.1485819558787353 0
1540 0.1883089086945987 0.1401289683598576 0
1541 0.1852646232520091 0.1396835437738668 0
1542 0.06923426103432634 0.1707169427086949 0
1543 0.06105234020921119 0.1592864425689824 0
1544 0.1430253120054337 0.2230708094228538 0
1545 0.1331224501719803 0.2471169851554335 0
1546 0.1932259112472034 0.06970726596538429 0
1547 0.1818841741131076 0.06871070417224219 0
1548 0.1485358331338723 0.231954943211871 0
1549 0.1464413165666842 0.1575268834183695 0
1550 0.1479146104394823 0.1600603434216201 0
1551 0.146358142506941 0.1625354346640815 0
1552 0.1493894776056935 0.1626503434753061 0
1553 0.1477963336450268 0.1649381760644127 0
1554 0.1509245039111088 0.1601266086876432 0
1555 0.168849267922757 0.1460791829166622 0
1556 0.2240547789625237 0.112716198916298 0
1557 0.2203357547408597 0.1175760503897284 0
1558 0.2285370862814824 0.1078984894039382 0
1559 0.2264786735615664 0.1017985120322684 0
1560 0.1509380488561751 0.1406546233170898 0
1561 0.1475481170624108 0.1406569261625449 0
1562 0.1310222156994404 0.218067185357045 0
1563 0.1280182986592422 0.2186805310326203 0
1564 0.1271779067061787 0.2217743197225079 0
1565 0.1428147946118862 0.2445530853910295 0
1566 0.1419196750248163 0.2177959004466291 0
1567 0.1351898306299781 0.2103599288130148 0
1568 0.1380805917501092 0.2098330899411895 0
1569 0.139116642149321 0.2070358761011525 0
1570 0.1394174054472139 0.1912612939818308 0
1571 0.1383425141334051 0.1940377574373376 0
1572 0.09090191151189939 0.0758693167432057 0
1573 0.1077209571467046 0.0789208648109531 0
1574 0.1421654360428272 0.2503947643230566 0
1575 0.1414669955831178 0.2544348701822595 0
1576 0.1497035284484832 0.2598631499095818 0
1577 0.1530209308077549 0.2745289440400152 0
1578 0.1522019464364952 0.2620831700626323 0
1579 0.1481811482059197 0.2631923020524637 0
1580 0.1380224627819628 0.2559101065136877 0
1581 0.1521125486097309 0.2803127206570083 0
1582 0.1476692726003124 0.2765349917832547 0
1583 0.1465396638570438 0.2825563682041233 0
1584 0.1753042849262893 0.07820553156307082 0
1585 0.1695184542584239 0.06797415896949513 0
1586 0.1630068557273023 0.07956260378286553 0
1587 0.156254720691736 0.06626257338804502 0
1588 0.1498897737218787 0.07743327344965825 0
1589 0.142735297241779 0.06467074576514527 0
1590 0.1265361270257528 0.1480136570147152 0
1591 0.1979580110003444 0.1368540639504031 0
1592 0.1960528967886391 0.1390123204010354 0
1593 0.152416807923512 0.1627509732761472 0
1594 0.1539822532062074 0.1602153361783906 0
1595 0.1368902600746194 0.1837620040412777 0
1596 0.1397192572959556 0.1833018365897639 0
1597 0.1459022135449884 0.1437108058823726 0
1598 0.143906399351229 0.1407325477038362 0
1599 0.1187008836133046 0.3415604861703405 0
1600 0.2494007694592776 0.1656249149518417 0
1601 0.2522894055664086 0.1662575712487694 0
1602 0.2262630757258337 0.1182807339876585 0
1603 0.2254540397704702 0.130603128459916 0
1604 0.2224881853586203 0.1299011016337481 0
1605 0.2476853781341 0.1411495959303287 0
1606 0.2508188861571041 0.1418923312312797 0
1607 0.7585518749740834 0.08611105565299033 0
1608 0.7826819469239858 0.09205988866576366 0
1609 2.107744172277648 0.1022067316125132 0
1610 0.5787571433882367 0.09465304303686345 0
1611 0.5561146573088203 0.09116549206590384 0
1612 0.2209840476306441 0.1430896037082269 0
1613 0.2238923558773672 0.1437418775971988 0
1614 0.2484733940058393 0.1295711112947424 0
1615 0.1182375163434565 0.1933599842162985 0
1616 0.2951826584916254 0.199846136236175 0
1617 0.2981689708321767 0.1935009468162115 0
1618 0.3068058729697742 0.1943718085413855 0
1619 0.3036969091155914 0.1871783384554625 0
1620 0.2959614188497749 0.1862493804564474 0
1621 0.3004729840685493 0.1803517947424609 0
1622 0.2930225777776939 0.1802578230526465 0
1623 0.2428078908492434 0.2714144314985035 0
1624 0.2391172380703586 0.2750542262145205 0
1625 0.2470859314555157 0.2687201945264042 0
1626 0.1520169014570694 0.128638126207207 0
1627 0.2456340139692501 0.1621560908248031 0
1628 0.2447703860773255 0.15930102844514 0
1629 0.2151210705988192 0.1419533831557642 0
1630 0.2106657743368658 0.2616794378998212 0
1631 0.2108769059258324 0.2587530970027982 0
1632 0.2133349663013057 0.2603239115298951 0
1633 0.2885587854116043 0.233125296826044 0
1634 0.1249833323790118 0.219444925678937 0
1635 0.1258129852938915 0.2163441696982818 0
1636 1.793007523040934 0.3242214471024413 0
1637 1.769248565721525 0.3184328831399064 0
1638 1.346981485144235 0.07798005340325619 0
1639 0.1418912058890866 0.2780762027359014 0
1640 0.3776836298464277 0.1242574383891159 0
1641 0.3925378189204676 0.1057781566253114 0
1642 0.2419485022569196 0.1194459712351919 0
1643 0.2054729198133913 0.282781981587627 0
1644 0.1406617935608969 0.1522497034491714 0
1645 0.2721738229171358 0.1529280738369234 0
1646 0.2639584642647715 0.1471553825492743 0
1647 1.999129545426642 0.3208197322731803 0
1648 1.974907194421735 0.3159650623813625 0
1649 1.944810012693688 0.0898243791132512 0
1650 1.969336467016212 0.09486800672845602 0
1651 0.6082266210182414 0.3208201988089909 0
1652 0.5834839713424806 0.3158234328569547 0
1653 0.23726095688034 0.1521388329581259 0
1654 0.2765572257584722 0.1541027485444689 0
1655 0.2771052278211238 0.1589267995631386 0
1656 0.07741407753734396 0.3023599600629571 0
1657 0.07262731947735167 0.3194079982251223 0
1658 0.1863870198217254 0.1423610979413409 0
1659 0.1831196005119592 0.1422054817536813 0
1660 0.1822785465254602 0.139189147307208 0
1661 0.1804161559213628 0.1413019149208033 0
1662 1.804794328129927 0.08329628361737158 0
1663 1.788548167740321 0.1022421631614284 0
1664 1.796570507974306 0.1257653064763145 0
1665 1.772149029562672 0.1207829875848975 0
1666 1.764280040358235 0.0973342777568484 0
1667 1.747760399694351 0.1157537889632739 0
1668 1.739979515787492 0.09215026617923178 0
1669 1.723308103496938 0.1107237147425587 0
1670 1.715389614333166 0.08716452521498168 0
1671 1.698782539644685 0.1058106527061178 0
1672 1.690747657359427 0.08261201747997482 0
1673 1.674266299555373 0.1009408012532716 0
1674 1.666247997983514 0.07808116984437881 0
1675 1.590116660300232 0.3256455669171854 0
1676 1.614159033117393 0.3294024561497598 0
1677 1.630792388417936 0.3113103525576706 0
1678 0.2333185759605851 0.3436215885889284 0
1679 0.203050409751599 0.3429495333059887 0
1680 0.2468924474571724 0.350160236572725 0
1681 0.06499487003199181 0.09083516606124986 0
1682 0.2627547916831109 0.1429924815485879 0
1683 0.1703283148556786 0.1486061704467294 0
1684 0.171728571240067 0.1461156649673566 0
1685 0.1988492142023097 0.1397368976321532 0
1686 0.1969592759865521 0.1418839240365947 0
1687 0.2472837844016983 0.1211062538565231 0
1688 0.3833154419997122 0.08378511364018837 0
1689 0.4067139891730236 0.0862756811043614 0
1690 0.4163223271490884 0.1091846084325886 0
1691 0.4311060117563718 0.08948817346556374 0
1692 0.4412535142405814 0.1127862575554783 0
1693 0.456597866516425 0.09318743314539731 0
1694 0.207210430786137 0.1421348807130665 0
1695 0.3201796311123012 0.08091687256719764 0
1696 0.179453328252534 0.2622247624018483 0
1697 0.1508072474660704 0.05214022272511137 0
1698 0.2881848409655459 0.2271181216061165 0
1699 0.5754378924214018 0.2918936888681404 0
1700 0.559057493329842 0.3103616417741957 0
1701 0.6024688399477595 0.09928665403477828 0
1702 0.6103013278867605 0.1227134577553124 0
1703 1.682210837679246 0.1242644712238727 0
1704 1.657710575917736 0.1192222147345043 0
1705 1.328110597707216 0.2932998353358031 0
1706 1.311544466648893 0.3118200548795585 0
1707 1.592077654511297 0.1274903297811346 0
1708 0.9539510619594587 0.1275847068057907 0
1709 0.9705672349112199 0.1088332021440108 0
1710 1.966665483081468 0.292757627591397 0
1711 1.950484543096462 0.3110346930762052 0
1712 0.8226962295284275 0.1445832634042288 0
1713 1.387600753248629 0.1290771073431021 0
1714 1.404179872648178 0.1103965420995431 0
1715 1.395543134917788 0.08682009941618696 0
1716 1.420969739702408 0.09074313377787407 0
1717 1.76163923034644 0.294811813309145 0
1718 1.745436949343651 0.312954249656422 0
1719 0.2401484963053427 0.1528671288377472 0
1720 0.1553255516761359 0.1628258884957067 0
1721 0.1572929138785621 0.1604317737548378 0
1722 0.2355308415326807 0.1464141739361699 0
1723 0.2334594206869635 0.1486136005879354 0
1724 0.1416031039654534 0.1856078346627057 0
1725 0.1426461810979883 0.1827683543273107 0
1726 0.1406435573334694 0.1804972078053017 0
1727 0.1436462657351558 0.1798979855300386 0
1728 0.1417911392603765 0.1776499756212088 0
1729 0.144668793872294 0.1770648203572396 0
1730 0.1428346083538991 0.1748572273292884 0
1731 0.1457259174048458 0.1742815758826025 0
1732 0.143863590702185 0.1721206812308972 0
1733 2.121403968481459 0.2807582209482352 0
1734 0.2596370563049041 0.2029997136716101 0
1735 0.2618146740268694 0.2010732531269565 0
1736 0.2589849457322634 0.2001210265198845 0
1737 0.2611556221417564 0.1981703038065394 0
1738 0.2640066807428093 0.1990944786458938 0
1739 0.2633497915776177 0.1961604446550897 0
1740 0.2605046998455905 0.1952623313829843 0
1741 0.2627006993678859 0.193221886161951 0
1742 0.2598852664231867 0.1923169459170473 0
1743 0.2620377736288693 0.1902626696752539 0
1744 0.2592262239086388 0.1893353112610473 0
1745 0.2613776158740018 0.1872987465416847 0
1746 0.2585925766505886 0.1863624218951199 0
1747 0.1663255306664376 0.3493601412600341 0
1748 0.9522354654689789 0.3251800848751964 0
1749 0.9767365666068408 0.3298925521513047 0
1750 0.9925752744563925 0.3117879111001825 0
1751 0.1793751706029747 0.1386855805797441 0
1752 0.1775667001109438 0.141119893037104 0
1753 0.17851877501314 0.1435926066910936 0
1754 0.1904166194478111 0.1023734578525557 0
1755 0.2607449752755914 0.1843424120632395 0
1756 0.2579739349032155 0.1833996814495904 0
1757 0.2601408006057081 0.1814118762235109 0
1758 0.2573198288921901 0.1804562786669457 0
1759 0.2595881821690906 0.1784849993653085 0
1760 0.2567458172834022 0.1775466330600306 0
1761 0.1071704977608968 0.1675517641225193 0
1762 0.3312599274242734 0.06192581343913121 0
1763 1.000425649148941 0.3353545513442395 0
1764 1.016513964447588 0.3171279853889089 0
1765 0.1494154575076639 0.239697170641083 0
1766 0.329138943974408 0.3427583186753076 0
1767 0.3441549741073753 0.3281438411189579 0
1768 0.3384852642599256 0.3098262212721156 0
1769 0.3583852005634932 0.3129482349084078 0
1770 0.3658881553096122 0.3332196368741673 0
1771 0.3812831841681832 0.3160079361143188 0
1772 0.3702204178418769 0.2926068429907953 0
1773 0.3970874814685466 0.2973600441811477 0
1774 0.4060828457623836 0.3207330508842446 0
1775 0.4219874080189367 0.3021348523656965 0
1776 0.4307612366396535 0.325564027881982 0
1777 0.4465848188964566 0.3069928560229686 0
1778 0.4555277210239471 0.3302102702632489 0
1779 0.4711759586237538 0.3117702440162616 0
1780 0.250211047122695 0.1684212354585983 0
1781 0.2531179847137544 0.1689414426342362 0
1782 0.2657439398951048 0.2217009368610201 0
1783 0.2633547893983477 0.2235703049491732 0
1784 1.776446967859058 0.3421063483003069 0
1785 0.1999048749683705 0.1346831857322354 0
1786 0.1990339156305144 0.1317199054926649 0
1787 0.9628515909163916 0.08519587487881571 0
1788 0.9872425969041352 0.08999406215158641 0
1789 0.9950451583846261 0.1138731152500627 0
1790 1.011695411151071 0.09514829773430578 0
1791 1.019492838058645 0.1190081475357646 0
1792 1.036138106636021 0.1004146334891295 0
1793 1.043984671378626 0.1241514544163461 0
1794 1.060646726315225 0.105620948919801 0
1795 1.068479374767227 0.1292706032022473 0
1796 1.085150918239213 0.1106965455640685 0
1797 1.077306381285155 0.08707893056940143 0
1798 1.101872865067527 0.09209806585002403 0
1799 1.109647376929331 0.1157696527155221 0
1800 1.126392614777473 0.09745075799225968 0
1801 1.134119140923713 0.120935948015901 0
1802 1.150754947582329 0.1024946538940378 0
1803 1.158560403505873 0.1259581095134807 0
1804 1.17516402580607 0.1073137349496246 0
1805 1.143013344472748 0.07934835425776814 0
1806 1.183019782177597 0.1309066890177211 0
1807 1.199646782335633 0.112116237689741 0
1808 1.191660956327482 0.08833389499010383 0
1809 1.216360170924691 0.09314524418886122 0
1810 0.1321272178201771 0.2509628644455559 0
1811 0.15776701708734 0.2429603460418258 0
1812 0.1601053076811878 0.2449710645129088 0
1813 0.4791525305574061 0.3360123209389462 0
1814 0.2517875899619507 0.2702092776212233 0
1815 0.2502273392452244 0.2651418809118793 0
1816 0.2553645353810561 0.2665969532671476 0
1817 0.2539374573474558 0.2621385009116662 0
1818 0.258522482828685 0.2631999261387498 0
1819 0.2568776669641815 0.2585993640160121 0
1820 0.261825875016332 0.2600623930357441 0
1821 0.2607639598531091 0.255637260237038 0
1822 0.2654055977238619 0.2569323458368422 0
1823 0.2640836083971471 0.2524874174519776 0
1824 0.268522648065277 0.2536196580413198 0
1825 0.1409932191970782 0.2093089536941674 0
1826 0.1435176336514732 0.2308023014959133 0
1827 0.7753262166995984 0.06831484442215295 0
1828 0.798969186116206 0.07430410553026122 0
1829 0.2246243716487759 0.1276384185424581 0
1830 0.2216254306065704 0.1269555757530837 0
1831 0.7086409324920114 0.07329855269260208 0
1832 0.2810832727689295 0.3418107964402675 0
1833 0.4949894456395652 0.3173753722996838 0
1834 0.238053646037809 0.1550721017455275 0
1835 1.821728083944218 0.06457635857496792 0
1836 1.575634135155911 0.08009120696916019 0
1837 1.600600226467869 0.08541669047199268 0
1838 0.5670439983290541 0.3344279678051976 0
1839 0.1242351102525376 0.1524836326341162 0
1840 0.1556826922127063 0.2410218958011086 0
1841 0.1029520319054327 0.2329547478430966 0
1842 0.1877909682423191 0.2585909926623178 0
1843 0.1771371152606525 0.2576991628156797 0
1844 0.1340628267488661 0.1841036174264499 0
1845 0.1240188042880576 0.2226084859532354 0
1846 1.52730697166233 0.07109189740156632 0
1847 0.165933992773758 0.1510322366043327 0
1848 0.2893088725243913 0.1855956509744832 0
1849 0.2860688421351643 0.1803748322198686 0
1850 0.2898830476698324 0.1746249616324925 0
1851 0.2710153505090361 0.2586092872421168 0
1852 0.1774195075344024 0.2547053343271414 0
1853 0.142066240755836 0.2064897637187638 0
1854 0.09809407099091438 0.2273402879178046 0
1855 0.09539693612598892 0.2352001421896094 0
1856 0.08977069445553822 0.2286447030578896 0
1857 0.08645966418444186 0.2377003097000806 0
1858 0.08014014876519535 0.2296894903704001 0
1859 0.07590593368799022 0.2402483530399281 0
1860 0.06883178449899877 0.2309361851438903 0
1861 0.06377304170321599 0.242552973576952 0
1862 0.07497393761800221 0.2187043561509411 0
1863 0.06093066313489622 0.2213143760970091 0
1864 0.06546132137133434 0.2092012143598089 0
1865 0.05105941320852438 0.2116671935487194 0
1866 0.140916567781865 0.2585559095967425 0
1867 0.1369457404576371 0.2602222576684259 0
1868 0.1402681696248337 0.2631138865036884 0
1869 0.1358116018583682 0.2649537244869289 0
1870 0.1454400679150263 0.1047364497738209 0
1871 0.1798652001713141 0.3580548541420507 0
1872 0.2367805683601299 0.1187991441955046 0
1873 0.2333988384919054 0.1226825873387705 0
1874 0.2056887216372077 0.2584004931193604 0
1875 0.2029983895610515 0.2597467309687359 0
1876 0.3959656183760265 0.06340154603866173 0
1877 0.24054911637768 0.1137138833543672 0
1878 0.233537807786393 0.1029892500351862 0
1879 0.2307677426681517 0.09586859149879302 0
1880 1.895122070925036 0.0811283219608271 0
1881 0.2135472234391167 0.2574370821449335 0
1882 0.2160010985855259 0.25897309318141 0
1883 0.2162160614029962 0.2560526570134857 0
1884 1.02828666553241 0.07661571466542529 0
1885 2.130389215716295 0.2373917688502758 0
1886 2.122044918007753 0.2140678284935892 0
1887 0.2791909809390595 0.2392888232891878 0
1888 0.284154383723646 0.2416873804494505 0
1889 0.2796579910439437 0.2444810254288381 0
1890 0.249882770823391 0.1387379261530191 0
1891 0.2531405814125723 0.1395299422892133 0
1892 1.638691934298301 0.3342198276767572 0
1893 1.655499679005961 0.3164931018195232 0
1894 0.2105055890071189 0.3122371131318195 0
1895 0.3087018067341797 0.1806730032742277 0
1896 0.09358517751650411 0.1814565277977176 0
1897 0.1745872080408021 0.2559733277321271 0
1898 0.156749392989515 0.2838739530785778 0
1899 0.4667934770938815 0.1166711011329088 0
1900 0.4825147391086853 0.09687125519505581 0
1901 0.1468191411217051 0.1715517420380552 0
1902 0.1749791627305805 0.2527860511942974 0
1903 0.1721284447652323 0.2540939886759451 0
1904 0.2838947339445786 0.1746902908655229 0
1905 0.2867949184217645 0.1695363908577931 0
1906 0.2568212817366829 0.2158788078620399 0
1907 0.2574472667647956 0.2185657393355645 0
1908 0.2580762069429537 0.2078831605435665 0
1909 1.756761968916527 0.07392974240761226 0
1910 1.344147201603569 0.340463444077991 0
1911 0.2590243678212161 0.1756284152005354 0
1912 0.2491500039633284 0.3044957968605688 0
1913 0.8192379426808759 0.3438596567326174 0
1914 0.7943090074370189 0.339232789876864 0
1915 0.7870387306193158 0.3146257324742586 0
1916 0.7700191213275641 0.3334224615125113 0
1917 0.7626590054757261 0.3093165057138706 0
1918 0.7459661449753472 0.3278265800931069 0
1919 0.7384055184782489 0.3040084408170453 0
1920 0.721915795524609 0.3223750917154705 0
1921 0.7529413301371486 0.351541407886847 0
1922 0.1337858624584669 0.1443953546064863 0
1923 2.09981776523868 0.07909198625435915 0
1924 2.075862993860941 0.0734711943561968 0
1925 0.0572899038829078 0.1982290801154926 0
1926 0.3097769165854647 0.06210653714001313 0
1927 1.208338570047787 0.06862116701265619 0
1928 1.233358957129161 0.07416661672895743 0
1929 0.1292899396430977 0.2479371882435522 0
1930 0.1492404061488445 0.1370436251822748 0
1931 0.1530593196032206 0.138142091520714 0
1932 0.2218579100564206 0.1460104341708755 0
1933 0.2247443765749972 0.1466240485980576 0
1934 2.070699451506242 0.3364158202547846 0
1935 2.09514154769927 0.3419222129757769 0
1936 0.2018884213475281 0.1325095912606451 0
1937 0.2010444398750199 0.1295269252114722 0
1938 0.2039647500064331 0.1303891780392494 0
1939 0.2095435563424278 0.1323666115480197 0
1940 0.2030959259728673 0.1272657320767759 0
1941 0.206385121912038 0.1282535327220551 0
1942 0.1724545757397913 0.2509958146674772 0
1943 2.123973902205175 0.08357348662009516 0
1944 0.1697031236751297 0.252312262420194 0
1945 0.2510881906741012 0.1714025548286016 0
1946 0.1398867799086277 0.1755132111083819 0
1947 0.2543549309061825 0.1794935928099039 0
1948 0.2632717024353181 0.264650015425209 0
1949 0.5946421440537013 0.07588121394532439 0
1950 0.2957612250677049 0.2918471504214928 0
1951 0.2187505757132854 0.2576679308444193 0
1952 0.2060829279356297 0.08122235263956622 0
1953 0.189354269765014 0.05854983690665511 0
1954 0.2036250646011147 0.06049574371374788 0
1955 0.1411389507228544 0.1936054001711086 0
1956 0.1401938810483979 0.1963269170239017 0
1957 1.663527928743986 0.3407393674484899 0
1958 1.68044510874967 0.3216601083570561 0
1959 1.689822449770694 0.3450286522142414 0
1960 0.4715616529665186 0.07340977501146755 0
1961 0.4968323768879331 0.07655134267391346 0
1962 0.8893558431862445 0.07043437486304478 0
1963 0.3047595325575366 0.1732397805001117 0
1964 0.4146744943122656 0.3444029820816737 0
1965 0.2380080878128784 0.2709693330129072 0
1966 0.2350212944778386 0.273570803957576 0
1967 0.2354881467936523 0.2776634589304188 0
1968 0.231687965037117 0.2758732034240417 0
1969 0.2500677422106302 0.2608981455139293 0
1970 1.958995477209619 0.3339245411091946 0
1971 1.934480421342824 0.329307277795831 0
1972 1.925865502871803 0.3063219690412389 0
1973 1.909605234701352 0.3250526569704962 0
1974 0.5028621343908402 0.3418627661712321 0
1975 2.131878301151345 0.1075568808287738 0
1976 0.2570242243494804 0.1913746793507088 0
1977 0.1555087259003999 0.1576182048729274 0
1978 0.1584366686040485 0.157638078984737 0
1979 1.411507986227735 0.06707241289191761 0
1980 1.439528739399231 0.06887109595887858 0
1981 0.08980208089630877 0.3317809063159259 0
1982 0.06679718876386395 0.3382573590223883 0
1983 0.1369723171379164 0.2126167330449986 0
1984 0.2557800017992456 0.1854019286542041 0
1985 0.2637416088993685 0.2265718978000541 0
1986 0.2609615387680286 0.2253943425825701 0
1987 0.2613149379064237 0.22838206725309 0
1988 0.2585653951245737 0.2271730791288172 0
1989 0.2588990722448925 0.2301754346374437 0
1990 0.2562037983887018 0.2289338280689639 0
1991 0.2557667018196539 0.2259916534953312 0
1992 0.2535144732611877 0.2277779054643746 0
1993 0.2538280264821512 0.2307445855333955 0
1994 0.251132766273992 0.2295913966690483 0
1995 0.251445945540827 0.2325396830829593 0
1996 0.2526298485452232 0.2247403680583962 0
1997 0.1405283935824753 0.2847747494178119 0
1998 0.1588531346076957 0.2692995614085066 0
1999 0.1516899774212244 0.2658712736372436 0
2000 0.5020737951051991 0.14488028570041 0
2001 0.551051199137723 0.2863580930265973 0
2002 0.6179527443681903 0.08098352238161931 0
2003 0.6654659382948787 0.2884727779025679 0
2004 0.6734973120994694 0.3119665728293302 0
2005 0.6573641164253561 0.3304094194612507 0
2006 0.6815049991017084 0.3352694656974631 0
2007 1.665642773237361 0.1426730064134637 0
2008 1.690115929477481 0.1477693603069409 0
2009 1.207502461368398 0.1358802936470775 0
2010 1.780067431275385 0.144355410097133 0
2011 1.804528799532374 0.1493946871151361 0
2012 1.166386508514561 0.1495708329165961 0
2013 1.901013590120844 0.3017102147782599 0
2014 2.081469756340439 0.2282834059308328 0
2015 1.884690762977985 0.3207995936840746 0
2016 2.046658300263307 0.3307009239720951 0
2017 2.053236407470393 0.353880656363498 0
2018 1.845575653951906 0.1358776460758441 0
2019 1.303590863094177 0.2882829060471774 0
2020 1.286988895146294 0.3068488349321892 0
2021 1.294922674104304 0.3303321309672866 0
2022 1.270344277534013 0.3255265589794841 0
2023 1.278256028739919 0.3492612189308651 0
2024 1.253601600667677 0.3444009262874722 0
2025 1.245838465189525 0.3204509002967205 0
2026 1.229324530292907 0.3387179382863753 0
2027 1.221337373948796 0.3153985014914135 0
2028 1.20480968615176 0.3336854818952087 0
2029 1.196887725123271 0.3102354516423911 0
2030 1.180407534990232 0.3285586372849891 0
2031 1.172332784143236 0.3052415918230194 0
2032 1.155609482238148 0.3239999998010744 0
2033 1.18896842751403 0.2866542992004305 0
2034 1.14768446714519 0.3003384277284051 0
2035 1.130817118324618 0.3192047661672827 0
2036 1.138648454270371 0.3433771147686679 0
2037 1.113702876564587 0.338197603859119 0
2038 1.106099481581033 0.3139603641085864 0
2039 1.088937498738239 0.3321835239359171 0
2040 1.081572830055241 0.3086858941225399 0
2041 1.064519930941137 0.3271006599468351 0
2042 1.071357451652595 0.3497752365719324 0
2043 1.051823950394598 0.1478639273891022 0
2044 0.9272042801595913 0.3204233980042067 0
2045 1.851617805039343 0.2922015059660241 0
2046 2.112242426083129 0.3234820563888786 0
2047 0.9372959183767624 0.1462351843637702 0
2048 0.7141423697927373 0.2987134156130528 0
2049 1.57553651443003 0.1460414844279276 0
2050 0.7550491619433235 0.2854178975493577 0
2051 1.461092324375999 0.144189611833692 0
2052 1.098491214416227 0.2901703104029532 0
2053 1.07406722428614 0.2850549420092893 0
2054 1.256435340148869 0.1460062899052648 0
2055 1.370931649386349 0.1477428214237369 0
2056 1.6721334255926 0.2980200452583138 0
2057 1.418149752888636 0.2897992482594409 0
2058 1.42609891875325 0.3132037943818028 0
2059 1.409637683404265 0.3313660509124265 0
2060 1.434113159701224 0.3363705296030425 0
2061 1.4506300953691 0.3182366764897242 0
2062 1.458824177472076 0.3415362727881138 0
2063 1.475060641967189 0.3233506229803652 0
2064 1.467111465605042 0.2999388139477479 0
2065 1.4915531063881 0.305037459461433 0
2066 1.499375254372722 0.3283780705379318 0
2067 1.731177915015451 0.1342887157765394 0
2068 1.412106251553149 0.1340666498307433 0
2069 1.641124416953652 0.1376486335378934 0
2070 1.696840999573301 0.302960428945824 0
2071 0.2188027442564738 0.1455065732651334 0
2072 0.140124516069817 0.2042718591301118 0
2073 0.1629196038870486 0.1509493346127131 0
2074 0.1644136169682634 0.1534374857325875 0
2075 0.226793318130234 0.1443868845836989 0
2076 0.246829987047902 0.1571326728300962 0
2077 0.1941885509941094 0.1411963749413786 0
2078 0.1423714666423171 0.1908894466473578 0
2079 0.2487735734714077 0.2313430276159255 0
2080 0.2490985359119449 0.2343285700579159 0
2081 0.2517268837397847 0.2355030386059173 0
2082 0.2652389827302252 0.2049665546478188 0
2083 1.893795348847138 0.3443163285841522 0
2084 1.868558095045581 0.3407142274862404 0
2085 0.2189713045094887 0.2546729658272166 0
2086 0.2216069665101669 0.2562913681135603 0
2087 0.2326053029486506 0.1457362915519022 0
2088 0.282084294531293 0.1554706348315678 0
2089 0.2276423691293808 0.1472199502716267 0
2090 0.1448068954145567 0.1649066711958003 0
2091 0.4377595286276891 0.2837146332250352 0
2092 0.2563084673418707 0.1746737005160431 0
2093 0.2587511537320396 0.1727478740512374 0
2094 0.1373371419229903 0.1968358906833678 0
2095 0.101790239614207 0.06091322837503871 0
2096 0.08273073826615773 0.058358559266176 0
2097 0.2217633043702681 0.2532906970799404 0
2098 0.2661783837621862 0.1970671591860277 0
2099 0.1777876546206754 0.308161123162938 0
2100 1.023665404816511 0.3412157641621587 0
2101 0.1264630411340829 0.2249924201909315 0
2102 0.2668286207600261 0.2000211225668286 0
2103 0.151154190013817 0.2509191250780334 0
2104 0.1487917095238017 0.249012944810018 0
2105 0.1493385429707295 0.2459673387361554 0
2106 0.2050810817322958 0.1248227451527569 0
2107 0.2082121604987399 0.1255648000924675 0
2108 0.1481277461199918 0.2520055308509892 0
2109 0.209924873039104 0.1429744895996594 0
2110 0.2243733493794093 0.2548339911601205 0
2111 0.224484186835896 0.2519198547212506 0
2112 0.1445505881996116 0.1850221459865837 0
2113 0.2044269197681681 0.1412875589402402 0
2114 0.2194879494539511 0.1292525631548675 0
2115 0.218622165919921 0.1263266595720116 0
2116 0.2275801884830725 0.1283961406468646 0
2117 0.189366644534876 0.1429926077220048 0
2118 0.1872963073057074 0.145759510902421 0
2119 0.2165579987509446 0.1285285433881795 0
2120 0.2156886023587398 0.1257230140364465 0
2121 0.9794271102123004 0.06610362463306543 0
2122 0.275383843234923 0.1493446220565243 0
2123 0.2812492923151016 0.1701498696083537 0
2124 0.2317890818050459 0.2803605863195106 0
2125 0.2279499659482495 0.2777769561954941 0
2126 0.1700374714032894 0.2493255167353581 0
2127 1.094073868684293 0.06813625207106995 0
2128 0.1672726672735003 0.2505820583078601 0
2129 0.1676315065572053 0.2476916222270912 0
2130 0.1649005455158407 0.2489108830721639 0
2131 1.183154094996711 0.06482280209095498 0
2132 0.07237103618273916 0.2523629948812693 0
2133 0.05890286923887385 0.2559574900399571 0
2134 0.06956159719490659 0.2666898146895454 0
2135 0.0546487654681758 0.2728105948644544 0
2136 0.04313513450562065 0.2587916597209253 0
2137 1.961671212678883 0.0707570132426614 0
2138 1.986338060115442 0.07680574498544637 0
2139 1.993898159538951 0.1002750595655423 0
2140 2.010685955364628 0.08202699327883249 0
2141 2.003109254785505 0.0591318009419777 0
2142 1.936751421240307 0.06606646031089326 0
2143 2.027420526805953 0.06360184438154635 0
2144 0.1653075746519706 0.2462075085124392 0
2145 0.2136658343936242 0.127785813040914 0
2146 0.1342024206690681 0.2131843428754949 0
2147 0.9357741534042979 0.3442374963357526 0
2148 0.9103197081418957 0.3390886791695358 0
2149 1.707133096855859 0.06370337126840959 0
2150 0.147991623170086 0.2679815853362949 0
2151 0.2672405192532884 0.2485236016727492 0
2152 0.05526214143094308 0.1728175899767705 0
2153 0.04604333422373484 0.1605020335196024 0
2154 0.05289046511576696 0.14403134426447 0
2155 0.1352317399224741 0.1814825407844464 0
2156 0.3888295270895487 0.2741997003619792 0
2157 0.3662588638660156 0.2686915114749083 0
2158 0.450891823681363 0.1360101069469789 0
2159 0.1539784877316097 0.1652387012624913 0
2160 0.1981434622487067 0.1287528054902563 0
2161 0.3213118102250554 0.0420227377349801 0
2162 0.1496974313876875 0.09694036970668048 0
2163 0.1403956142604976 0.09656688313788674 0
2164 0.3806350179594238 0.2523481775795507 0
2165 1.007846654556719 0.3598244820991187 0
2166 0.1422140828472714 0.1439573356362095 0
2167 0.1399963353203348 0.1406683361986636 0
2168 0.1450151153396057 0.1550020553276159 0
2169 0.1479405122945433 0.1550735098655819 0
2170 0.03454871703213717 0.1481532113498954 0
2171 0.2427077254881863 0.1614702258882485 0
2172 0.1731895816705492 0.1486622917588922 0
2173 0.1717320370256353 0.1509942040760599 0
2174 1.36838717828798 0.3455680156166119 0
2175 0.9553317025489707 0.06182701133914815 0
2176 0.8646883023405701 0.065237543640478 0
2177 0.8477590541733219 0.08423285897815043 0
2178 0.8389011953669991 0.06172295472646811 0
2179 1.504318730921313 0.06547957033953171 0
2180 1.487028093629736 0.08389633686733551 0
2181 0.2352196524606159 0.1542352929448206 0
2182 0.2157796982748929 0.2618394860739768 0
2183 0.2648357666231197 0.1911653051116033 0
2184 0.2568272577247242 0.2543294915153496 0
2185 0.1445727950096708 0.1471586637980631 0
2186 0.1323706754177675 0.3504946954662412 0
2187 0.1163652544645563 0.3602899185678873 0
2188 0.1226219075485161 0.2171354306381589 0
2189 0.1235458253973271 0.2138556602144262 0
2190 0.292821560112814 0.1683779800439854 0
2191 0.2891642260357081 0.1641019039712263 0
2192 0.1486897213113465 0.1737469892259179 0
2193 0.1497820748928293 0.1710067984413684 0
2194 0.1764012602912041 0.1384837383655869 0
2195 0.1781999852394287 0.1360508567976315 0
2196 0.05857183919313397 0.1071906488623537 0
2197 0.2493713870575565 0.2372518009069981 0
2198 0.2466749329504896 0.2362358573078103 0
2199 0.2469531169031537 0.2390651869551771 0
2200 0.2443160228521087 0.2380311006270021 0
2201 0.1267441059525923 0.2132540434742776 0
2202 0.1245549044779026 0.2106633319001792 0
2203 0.226826220557656 0.1253196483134009 0
2204 0.2435692085623514 0.1643683486281922 0
2205 1.523853271264037 0.04565598959173441 0
2206 0.1465528359893999 0.179235468773618 0
2207 1.480411656754663 0.06179119605026417 0
2208 2.030187972273731 0.3478957347165068 0
2209 0.0707378946066094 0.1980748853636464 0
2210 0.1214047710124768 0.1481231211975309 0
2211 0.1239896010796275 0.1431383976494009 0
2212 0.1693144711574319 0.255315706873955 0
2213 0.1236048843067049 0.1966067446096829 0
2214 0.1223786078322914 0.1992946278904624 0
2215 0.2560309261879537 0.2124479657114724 0
2216 1.385763187305308 0.06419052760554073 0
2217 2.119437377235283 0.3469023267515493 0
2218 1.352297039174363 0.3642794144142626 0
2219 0.8439081076041354 0.3476825242127672 0
2220 0.7514466902340899 0.0619159304366096 0
2221 0.158169737691853 0.2399297737499961 0
2222 0.1562053755110838 0.2380585311867206 0
2223 0.265179350255027 0.1550490832329875 0
2224 0.2381819970432825 0.09783742579152201 0
2225 0.1421876884647112 0.1374280231027148 0
2226 0.310927229897411 0.09838218807416417 0
2227 0.2521750783326573 0.1359275248209191 0
2228 0.2560351076588512 0.1366837919014736 0
2229 0.2546771904747013 0.1323625141482212 0
2230 0.2594228939430212 0.1334079905769077 0
2231 0.1776341549510406 0.1049313569205436 0
2232 0.1796881178031489 0.1109910275223608 0
2233 0.1751116879101118 0.09778023468276646 0
2234 0.1675097024100577 0.09694464603459235 0
2235 0.2333352631688426 0.3589878654560097 0
2236 0.2495182005717331 0.3699508037909168 0
2237 0.6093085452952476 0.05892757572764058 0
2238 0.6329028794851969 0.06244074253290044 0
2239 1.069265727614503 0.06380426204043638 0
2240 0.1826419164437361 0.2549168627334758 0
2241 1.189047712112888 0.350907816900449 0
2242 0.2616189621069941 0.2314260148675585 0
2243 0.1334039113991286 0.05229174930582613 0
2244 0.4636168897091315 0.3541773581552042 0
2245 0.1518040598863348 0.1731558799933009 0
2246 1.592702794613775 0.06212007339200387 0
2247 1.617067085437752 0.06733933080682557 0
2248 0.2016411562648577 0.2778243298480247 0
2249 0.1989318855730896 0.279392319184888 0
2250 0.1963502114045921 0.2773006606212668 0
2251 0.1957991240222558 0.2808404680240313 0
2252 0.192772106159038 0.277972778958089 0
2253 0.1922038966827407 0.2823263901524621 0
2254 0.1955728837093483 0.2849858504151878 0
2255 1.799501606006357 0.3479064681742888 0
2256 0.6657470835410226 0.3537485669146783 0
2257 0.6414287992497346 0.3488361491751198 0
2258 0.2634801400598636 0.1852637839627159 0
2259 0.2207415495060961 0.1239751251707479 0
2260 0.7692448222043207 0.04466139128266016 0
2261 0.2315226448674846 0.2720942396279926 0
2262 0.1230568036693878 0.2260911818191281 0
2263 1.600095967031203 0.3510670039574308 0
2264 1.573281027318361 0.344412084350505 0
2265 1.943401033010638 0.3515824133253632 0
2266 0.2642433276389793 0.3180897833522821 0
2267 0.2445514546654804 0.2408695276909178 0
2268 0.2419609080559543 0.2397466292855233 0
2269 0.2421701752964738 0.2426413953498863 0
2270 0.2396442540142053 0.2415238024353323 0
2271 0.135425359503056 0.2796030205427449 0
2272 0.2620335148895865 0.1764032932746574 0
2273 0.8271871055033194 0.3675780468971168 0
2274 0.2070454244813243 0.1223274818618632 0
2275 0.210733683576282 0.1231996595757997 0
2276 0.2091559306455096 0.1193508883408946 0
2277 0.2129947357915202 0.1198408699803187 0
2278 0.164056328610489 0.36671085137197 0
2279 0.2111696967618248 0.2559099798251171 0
2280 0.3140139522964764 0.3566016322563039 0
2281 0.6506082161779163 0.1086934474777148 0
2282 0.6588649428021047 0.1324403068106891 0
2283 0.5674851505610905 0.2680197750721101 0
2284 1.722472760717689 0.1764317164362007 0
2285 1.787977471085385 0.1679891582834528 0
2286 1.24090518467626 0.09838177364323081 0
2287 1.257662594548936 0.08001509758397679 0
2288 1.117441017314462 0.1394163357527892 0
2289 1.917487857632571 0.2829939695209496 0
2290 1.279080006532098 0.283253798797623 0
2291 1.23796379591723 0.2967966470083264 0
2292 1.51600857876404 0.3102455934772977 0
2293 1.508166064651625 0.2865599622051787 0
2294 1.523808599224102 0.3341676768603729 0
2295 1.090823910551192 0.2664524163303836 0
2296 1.076307640196998 0.1529531968510735 0
2297 0.8942745984309663 0.2918454680549159 0
2298 0.9617667358570012 0.1512824309906038 0
2299 1.320170730083588 0.2697360129975744 0
2300 0.7159898770668846 0.1664438651602518 0
2301 1.902600956493877 0.1696008332362708 0
2302 1.600032400790682 0.1510941312810122 0
2303 0.7815973494614459 0.158105962291933 0
2304 1.002869625365638 0.1376622380622744 0
2305 0.8139130965484783 0.1869422841722494 0
2306 0.7903979972728524 0.1157707947458306 0
2307 0.976625859203333 0.2646705128757784 0
2308 1.008862275227572 0.293402456224734 0
2309 1.033073693355344 0.2985740944798055 0
2310 1.614875031742975 0.2645010675303506 0
2311 1.968252728662035 0.1610381636709045 0
2312 1.729512379441673 0.2660337006065046 0
2313 1.453316276181948 0.1202814171813659 0
2314 1.625251858500063 0.09053081821035652 0
2315 0.2439131987056704 0.1564389398908676 0
2316 0.2459748920112143 0.1542671146844181 0
2317 0.234677366055131 0.1435351182148565 0
2318 0.1702962636412926 0.1435471124905278 0
2319 0.2572754924499339 0.1648907292910722 0
2320 0.1465966315837017 0.241108305597099 0
2321 0.2810367562272036 0.178611406690607 0
2322 0.2937544428808236 0.2297647539263983 0
2323 0.2945050133201013 0.2366087542779657 0
2324 0.2925121803511901 0.2234436365971531 0
2325 0.2867710173372388 0.2212828570222675 0
2326 0.05101355487208227 0.3231550659598539 0
2327 0.2717379323525961 0.2501178393655651 0
2328 0.2479964363841054 0.1704153228665994 0
2329 0.1392700643569486 0.1991670333548349 0
2330 0.1424465364604872 0.1986567714262627 0
2331 0.1568458298315167 0.1653826891606335 0
2332 0.2026218510548161 0.2656887007475455 0
2333 0.2544173638904655 0.1429313583469355 0
2334 0.1788714239346158 0.3737199681158861 0
2335 0.3732040532248095 0.06263953938897542 0
2336 0.2545803305899336 0.2175331527535359 0
2337 0.07018791564651375 0.1209572558697663 0
2338 0.195164188976579 0.1440262883611601 0
2339 2.136428050693513 0.32904430437881 0
2340 0.1461374970406895 0.03559751242751644 0
2341 0.1407967624450989 0.1298764875385049 0
2342 0.2027161526137352 0.1354871463510315 0
2343 0.269012751295164 0.1979778305660255 0
2344 0.262429916694585 0.2176857379202868 0
2345 0.1355711771406798 0.2408488376461149 0
2346 0.04640252697170694 0.09131375013619694 0
2347 0.1269292484527437 0.1564522895934014 0
2348 0.1220698222772948 0.1571571961550548 0
2349 0.1251451378528422 0.1613474851976008 0
2350 0.1200535567369952 0.1616914895546794 0
2351 0.2052644697777256 0.1441524065921878 0
2352 0.1552216452822207 0.2641244747947465 0
2353 0.09163877657070268 0.2783394775354154 0
2354 0.1379446686116199 0.07838183883848361 0
2355 0.157009913627015 0.155247271698037 0
2356 0.2398067064016684 0.2443938257606954 0
2357 0.2372862830585403 0.2433685540923841 0
2358 0.2373878024054756 0.2461832188668361 0
2359 0.2349027419009247 0.2451627864559259 0
2360 1.506690406965192 0.3512742561762887 0
2361 1.531031501304901 0.3590458835837686 0
2362 0.2710803194921466 0.2454069244903219 0
2363 0.197230107557628 0.3681377332112706 0
2364 0.2103390734509171 0.2676094414140613 0
2365 0.2581006299921766 0.1676312202196738 0
2366 0.2610635727886479 0.1686341128618969 0
2367 1.418339058794833 0.3532254299179756 0
2368 0.2361224244833175 0.08973696189171214 0
2369 0.2255874902500177 0.08832042253976979 0
2370 0.1747169898807893 0.1410388824124412 0
2371 1.795533920802325 0.05817466223516921 0
2372 0.2677140830476405 0.1445090526616812 0
2373 0.1317461589931244 0.2606966074768764 0
2374 0.1309058976889642 0.2666721038216352 0
2375 0.1201258091337592 0.2678694747222786 0
2376 0.2773240314903144 0.2235117047266737 0
2377 0.1428887450883043 0.2038358992741501 0
2378 0.1451002766312922 0.2062599445380286 0
2379 0.1294905140736956 0.1817419641292227 0
2380 0.1279777970805429 0.2521785213488422 0
2381 1.782807447643687 0.3654042906023506 0
2382 0.1456515803306022 0.2893510056691147 0
2383 0.1214392003214873 0.2113010491841882 0
2384 0.1223542061373159 0.2079877781931558 0
2385 0.1191220979844093 0.2085706641975957 0
2386 0.1200242526145396 0.2052930451008446 0
2387 0.1165392429964404 0.2058095465495023 0
2388 0.1176178812423871 0.2024651884641324 0
2389 0.1136736590733293 0.2028526968916076 0
2390 2.142410974572864 0.3518251049191263 0
2391 0.1204532140292415 0.2231590384031121 0
2392 0.4867182461441295 0.2933517567079062 0
2393 0.1422035164135747 0.2259077754412355 0
2394 0.1451028496521408 0.2251685194698352 0
2395 0.1459378486723295 0.222299821192085 0
2396 0.1479647378478079 0.2244917245151341 0
2397 0.1465503863220536 0.1526546988820745 0
2398 0.2257047748106709 0.1493427306460779 0
2399 0.2284045075966894 0.1499647198368991 0
2400 0.2269235555712716 0.2534540112904992 0
2401 0.2272100246434269 0.2505777293044699 0
2402 0.2295449081213145 0.2523084786928773 0
2403 0.2302453014316339 0.2491946108574074 0
2404 0.2322650547832157 0.2515896404981999 0
2405 0.224675183680783 0.249009928434356 0
2406 0.2684249938457631 0.1292688748668086 0
2407 0.1870384621426732 0.1207928894774577 0
2408 0.1978099282208099 0.04888682781573917 0
2409 0.2891999586451 0.2507110524835324 0
2410 0.2596081215167526 0.2513618534182412 0
2411 0.2630114081429251 0.2486911961821804 0
2412 0.1598756111326526 0.1554373730600803 0
2413 0.161183928323217 0.1577248502185704 0
2414 0.2605754659280209 0.2224567326218616 0
2415 0.1540468721010649 0.322228399659433 0
2416 0.5107165318771911 0.2989089362382183 0
2417 0.1466651809579944 0.2469535232470366 0
2418 0.1471152526237892 0.2578678383281193 0
2419 0.1555252706340646 0.3367169405831403 0
2420 0.224454079208619 0.2577806110625405 0
2421 0.1394665861502823 0.2679670149994696 0
2422 0.3326784197110962 0.3638839161413037 0
2423 2.092382766317891 0.05670810127841971 0
2424 2.069098717060462 0.04981412025898311 0
2425 0.2019568751608751 0.1240440240525449 0
2426 0.5427021705811592 0.3288818368566888 0
2427 0.5503367662780105 0.3528144372414658 0
2428 0.3138997480360269 0.1737845649032476 0
2429 0.1997173614513844 0.1425774908636358 0
2430 0.2031424833994978 0.2568452477741641 0
2431 0.2005076456154062 0.2580654130089501 0
2432 0.2003091676475496 0.2610226122671838 0
2433 0.1977699533526834 0.2593046782969035 0
2434 0.1980782397829646 0.2563036329253675 0
2435 0.1949115730717506 0.2574810618652958 0
2436 0.04200827250450773 0.2003590502589761 0
2437 0.2657985564716876 0.1393799003249257 0
2438 1.250504558738151 0.05702363806539831 0
2439 1.274307930221417 0.06184223663339192 0
2440 1.267994300959876 0.03997514396225459 0
2441 0.1822947376309851 0.04481312378865267 0
2442 1.815855550330923 0.04141511044858213 0
2443 0.3592721831837848 0.2497704694480186 0
2444 0.1377867048896005 0.1370369931899094 0
2445 0.1471851300672219 0.2272591962902591 0
2446 0.1500451119138624 0.2266898191632577 0
2447 0.2554780769472523 0.2230918962329781 0
2448 0.2530770895821919 0.2218977028814167 0
2449 0.1892143112322076 0.2797409924931972 0
2450 0.1894508698584586 0.2761519797556635 0
2451 0.1862731493869643 0.2775476601704236 0
2452 0.1864435560478018 0.2741718239694039 0
2453 0.2558916084168648 0.251227943459694 0
2454 0.2637461640606092 0.042801942587828 0
2455 0.6893011182373759 0.357875785036533 0
2456 0.08282732803567848 0.3525202563759207 0
2457 0.06211552229971096 0.3594571870909582 0
2458 1.760821851284562 0.3597735482507351 0
2459 0.1525358387712974 0.170382259435855 0
2460 0.1584447485520427 0.2368695163182114 0
2461 0.1561899054782821 0.2352784016807469 0
2462 0.2090689531746888 0.1280878750419637 0
2463 0.1359116070853505 0.2153700560320971 0
2464 0.1507156410434437 0.1683159384167741 0
2465 0.2726611575964521 0.2369238633823658 0
2466 0.2739412159969269 0.2408394962179354 0
2467 1.565626953169491 0.05418586104417401 0
2468 0.3178774230918535 0.1820921672843636 0
2469 0.2283727046707664 0.2738277390341572 0
2470 1.302830258301621 0.3532420128969269 0
2471 0.2557863255666804 0.1123107417320796 0
2472 0.3740845416897156 0.2192451774044349 0
2473 0.2416941007447968 0.2369308132495357 0
2474 0.1745674044072409 0.1461648305672316 0
2475 0.2569238535455887 0.2019786158221297 0
2476 0.2561180084286409 0.1991983289550699 0
2477 0.2240350396789407 0.3362700434521697 0
2478 0.3767930589814766 0.1698090445250636 0
2479 0.2525649775102243 0.2583947355031496 0
2480 0.2490805142336187 0.2575226512613536 0
2481 0.2465071764260856 0.2597412128501286 0
2482 1.085429698155943 0.04177157647765479 0
2483 0.3001226385337033 0.2326500494366772 0
2484 0.0541875979457677 0.07499105050566322 0
2485 0.118296795391343 0.1432664004766395 0
2486 0.1212076012464165 0.1376652563258211 0
2487 0.04423299622514773 0.2279035881354425 0
2488 0.2349909321640768 0.2479001736977261 0
2489 0.1170372149122714 0.1576708171290464 0
2490 2.145661153565924 0.2182882083930302 0
2491 2.138112695168198 0.1953740568615047 0
2492 2.114350997840385 0.1908402994148591 0
2493 2.130894674740068 0.1723538315630054 0
2494 2.15520632427392 0.17691606393374 0
2495 2.157036301426265 0.2406826849036826 0
2496 2.14726845587157 0.1542672447633168 0
2497 0.05425273336011392 0.1244649876103594 0
2498 0.1384542937178729 0.2148279835700393 0
2499 0.1525470515207375 0.2414265776835188 0
2500 0.1741261884925512 0.2593743244711426 0
2501 0.1661323107735733 0.2916769441038951 0
2502 0.2433227244300475 0.2669315101457427 0
2503 0.238267084103218 0.2657681703983769 0
2504 0.2461871984765556 0.2649129913084482 0
2505 0.2432017510416133 0.2635991044930261 0
2506 0.07775474360366 0.1788734507889068 0
2507 0.1405316411460094 0.1472010757165333 0
2508 0.2901760060362518 0.2053554061173548 0
2509 0.286926499731086 0.2106412099382263 0
2510 0.2888437423664868 0.1995882514514371 0
2511 0.2849419636953694 0.2026647099990973 0
2512 0.2815981350650891 0.2078772710117405 0
2513 0.2914600796380637 0.1909821467783708 0
2514 0.2858925445853491 0.190090802861406 0
2515 0.2834477721603018 0.1856189204781603 0
2516 0.2813572649009614 0.1896853244207821 0
2517 0.2577383709513116 0.1271733706755305 0
2518 1.645008975784988 0.3605906797501678 0
2519 0.1760515350323064 0.1488124654894709 0
2520 0.130512894923215 0.2441298228997952 0
2521 0.1263695906093219 0.2447923070099103 0
2522 0.1228192886900198 0.1654384156742213 0
2523 0.1183048565003421 0.1663296980816773 0
2524 1.287805626406542 0.3740312646110573 0
2525 0.1771328557974179 0.274694837554122 0
2526 0.1805152023563808 0.2735325227959961 0
2527 0.1779681639804988 0.2713192178978515 0
2528 0.181035933022458 0.2702052884792316 0
2529 0.1785828267535 0.2681669791109605 0
2530 0.1753743957870511 0.2691197380992026 0
2531 0.1836560242865312 0.2722229749859699 0
2532 0.1438811572585015 0.1934584488019804 0
2533 1.838948161798369 0.04574601314464233 0
2534 0.09529663869415235 0.04134121687589992 0
2535 0.1781152244327535 0.2514175338527481 0
2536 0.1221300827826971 0.1696841557062964 0
2537 0.1167300615883365 0.1718647551897772 0
2538 0.2810611469731997 0.2214101356829824 0
2539 0.2796982616055149 0.2173985889375745 0
2540 0.1549421489057003 0.1247066510760415 0
2541 0.1568562165795478 0.1290909345040264 0
2542 0.1542802991020412 0.1324043437679879 0
2543 0.1583232691447443 0.1328399119804849 0
2544 0.2704144054205231 0.2720706992413344 0
2545 0.220113126375914 0.1479134472568192 0
2546 0.03630918402531634 0.281399675581762 0
2547 0.05161128496949283 0.2898700984471768 0
2548 0.235760612184607 0.1575303473981673 0
2549 0.2389305486691458 0.1579209000653301 0
2550 0.2467639977747602 0.1382086444117943 0
2551 0.2035498261044131 0.1384462712586448 0
2552 0.219875681260348 0.05724730091124672 0
2553 0.3096659118365044 0.1656808309933308 0
2554 0.1449440276697999 0.1692951051473171 0
2555 0.1420033856423952 0.1699519047711451 0
2556 0.5750012323671962 0.3588520004734448 0
2557 0.557365769299958 0.3760813790371694 0
2558 0.6004188353508572 0.3639450564370242 0
2559 0.1718230068431597 0.3208025574523742 0
2560 0.1597814728388722 0.1257729384622507 0
2561 0.276876891786406 0.2619182229028029 0
2562 0.27833554935998 0.1748442798853893 0
2563 0.1723917519110809 0.2714705390223615 0
2564 0.1391175615903626 0.291595647972093 0
2565 0.23169789578261 0.1183411585768638 0
2566 0.1914681002240513 0.2868310682730785 0
2567 0.1952581997542331 0.2895591332096253 0
2568 0.1998079703760509 0.2873081870368864 0
2569 0.1675313302508102 0.1535967770538902 0
2570 0.1659141989810129 0.1561042406079652 0
2571 0.1893413521027226 0.2726473085646979 0
2572 0.8812821455335664 0.04505642531424674 0
2573 0.1764876558564006 0.2661508944747648 0
2574 0.9063813607644504 0.05362745060479104 0
2575 0.2314039636204282 0.2542380057929288 0
2576 0.205873174576212 0.2550463042692578 0
2577 0.3442788606226151 0.04218992692137857 0
2578 0.1615334206125057 0.1301382874738519 0
2579 0.2253371431284308 0.3138107831268321 0
2580 0.2482440319661599 0.2280976577166801 0
2581 0.3184487708991224 0.116298485433472 0
2582 0.1055475269897109 0.1574414124221675 0
2583 0.1490664297806889 0.221455294439015 0
2584 0.1466204649980518 0.2194007670651983 0
2585 0.2244630832512917 0.2747515124339551 0
2586 0.2239378491004153 0.2792832560364939 0
2587 0.2274500951144935 0.2825908495544482 0
2588 0.6751329452590448 0.3787239704845371 0
2589 0.1136254228202157 0.1806610024796093 0
2590 0.1631994019558889 0.2684100906351836 0
2591 0.1606811679279987 0.265468486371401 0
2592 1.511297570411506 0.3744936368679941 0
2593 0.1833177066370231 0.2756399520808266 0
2594 0.1534110070900591 0.2364395421294377 0
2595 0.1538015673796469 0.233306931499044 0
2596 0.1151739478777141 0.1993210465859439 0
2597 0.2163285006373508 0.2530343878660908 0
2598 0.2586881664095666 0.1424373867530882 0
2599 0.1560004949769367 0.1359867471926285 0
2600 0.4859691897955478 0.05358454421537547 0
2601 0.5107672433904973 0.05723888879733954 0
2602 0.4610940127302268 0.05036456764263785 0
2603 0.5179193516879551 0.07616986110007259 0
2604 0.5347032371665046 0.06025388152009512 0
2605 0.3829202267882462 0.04154446409882138 0
2606 0.4109206432526799 0.03984986506878468 0
2607 0.1189196953237061 0.064884644484671 0
2608 0.2578825810372944 0.2716433255743782 0
2609 0.3146463858720856 0.3778660981605156 0
2610 0.2228390176491115 0.2837886926510593 0
2611 0.1819086447415187 0.08713006059253316 0
2612 0.1539056030404285 0.1546381685250515 0
2613 0.1280417029548236 0.1846558082564908 0
2614 0.5856880508500065 0.05563077039522541 0
2615 2.035270965626787 0.3705574426634677 0
2616 0.2650096516426112 0.3524483590203151 0
2617 0.2323679261447213 0.2469946359481066 0
2618 2.088002718528048 0.03452590925596329 0
2619 0.3243166512890622 0.192027626325486 0
2620 0.3186434713363057 0.2031418269288791 0
2621 0.1679254065965486 0.2447260389470636 0
2622 1.29066445249998 0.04258783042321113 0
2623 0.214251174884981 0.07178339587499596 0
2624 0.1265953986258847 0.165073109094903 0
2625 0.2406421822836959 0.1635824392636568 0
2626 0.1254800822478798 0.2073391333266771 0
2627 0.2413311781364453 0.1668155455823804 0
2628 0.147088337456014 0.2441457249283322 0
2629 1.967495908073144 0.3562401066253682 0
2630 0.2834213877373098 0.1979721274212062 0
2631 0.1756300412576737 0.1304500514955342 0
2632 0.1500237149287409 0.1327353168368993 0
2633 0.1584407076350925 0.1530720434588155 0
2634 0.2561722045741566 0.1719609619081044 0
2635 0.4763815234443909 0.1402395417339428 0
2636 0.1493818074482431 0.1527652781625149 0
2637 2.147357597019259 0.08926451620965566 0
2638 2.141407773969902 0.06211513996542908 0
2639 2.157555867950141 0.1134135908082138 0
2640 0.2113399842206735 0.1162053483671981 0
2641 0.29987022366515 0.08196637565852473 0
2642 0.1220445407247561 0.1915318491672759 0
2643 0.172585753965534 0.2478640932720929 0
2644 0.1151345659968848 0.04601555078776748 0
2645 0.1640813270703598 0.1264001563073468 0
2646 0.2802669809602899 0.2259948228924181 0
2647 0.1625795425151251 0.02075480036623338 0
2648 0.247995837039845 0.1115239002742576 0
2649 1.400472695298608 0.04445217770490004 0
2650 0.2302624670244175 0.1257827460563898 0
2651 0.2290567696601468 0.1221107997721092 0
2652 0.2342320935582058 0.1271465685883243 0
2653 0.1866235933151117 0.2708392663401025 0
2654 0.2896039200527115 0.06384776575394194 0
2655 0.4931243524078859 0.1209332722955264 0
2656 0.07777611577706606 0.2072173948830445 0
2657 0.1789174706037748 0.1308117032396065 0
2658 1.112609691012711 0.05032059860979166 0
2659 1.129828453124369 0.03763691688911208 0
2660 0.1549730827724768 0.2679259814381695 0
2661 0.344742761509763 0.2626145336296377 0
2662 0.3494154732773279 0.281239258350627 0
2663 0.3331463685144425 0.2769974568002314 0
2664 0.02264121827769246 0.2028123318917124 0
2665 0.1727558075100935 0.2885231006421303 0
2666 0.2387511145677612 0.3901800558521307 0
2667 0.2068771113573514 0.278814397126424 0
2668 1.588539547863748 0.0381945747648918 0
2669 0.1625136889296608 0.2469512333099035 0
2670 0.1449303894896527 0.253213281153192 0
2671 0.232074968390416 0.2857093923059813 0
2672 0.3423338431921578 0.2452853591197467 0
2673 0.1814936535535383 0.2670477704558554 0
2674 0.2343574532315387 0.2700143474414182 0
2675 0.2311900762175338 0.2687961436390801 0
2676 0.1115979738653225 0.2096895118982197 0
2677 0.1309845650967355 0.1789455269807139 0
2678 0.1117203581733398 0.1757622297679617 0
2679 0.2422156269562114 0.1050615418993857 0
2680 1.120535757675954 0.3649317941888248 0
2681 0.2533674858719683 0.1735786880292771 0
2682 0.1765704537617616 0.1151170310471127 0
2683 0.1812851938455296 0.11631479497585 0
2684 0.1851457688881899 0.1124125695254716 0
2685 0.1842473208672192 0.1066505821340579 0
2686 0.1778693196270253 0.1189138506398704 0
2687 0.2647270350930824 0.1510771475694344 0
2688 1.878471128532009 0.3646375204855866 0
2689 1.852416179100646 0.3617480339224839 0
2690 0.1828308967901578 0.1002158546514851 0
2691 0.2360859692117206 0.2825652019770993 0
2692 0.2759270929443556 0.1703508209141245 0
2693 0.2788925421871687 0.1660476322213806 0
2694 0.2837566515322197 0.1652733371398118 0
2695 0.1944517287278416 0.1251889033335669 0
2696 1.546832375982222 0.0405355402288951 0
2697 2.174169918022666 0.156338967517434 0
2698 2.102840412498062 0.3657891490164313 0
2699 1.198694509782331 0.0446212820914812 0
2700 0.1734190378063133 0.1383972401952898 0
2701 0.2624165609516246 0.3898678929869164 0
2702 0.1204441915204102 0.1969556652188605 0
2703 0.1262043672389338 0.2287242948782883 0
2704 0.1288981651605787 0.2268094695732462 0
2705 0.2370640582823943 0.2403753051554249 0
2706 0.2591765887535151 0.2332069916502597 0
2707 1.83782297949915 0.383347143568178 0
2708 0.287835488806463 0.2155862128927733 0
2709 0.2828276972656137 0.2138936714140777 0
2710 0.279706878628652 0.2105147648290317 0
2711 0.1264271985489776 0.2884170833299512 0
2712 0.2182984753957743 0.2842169448987138 0
2713 0.2070204269372769 0.1150168373356126 0
2714 0.1635863502274145 0.3871410920018665 0
2715 0.2264353547309563 0.1522553585597634 0
2716 0.2644161547330325 0.2455204648895508 0
2717 1.580471654472152 0.3678269457587823 0
2718 0.1456395974066985 0.1907558638867069 0
2719 0.1987464240457721 0.1475371278637032 0
2720 0.1955487373425936 0.1471953657488632 0
2721 0.1513028532634792 0.1807565691264058 0
2722 0.2193972989980459 0.1506636012105901 0
2723 0.2487437031435018 0.2196038889862515 0
2724 0.1806833521808327 0.248975766172097 0
2725 0.1815323514160687 0.251928948613528 0
2726 0.2522654187699991 0.2048136803349134 0
2727 0.204629504796882 0.1480544926843002 0
2728 0.1477203015473536 0.1983780915707132 0
2729 0.1451830378026999 0.1964439412928908 0
2730 0.1983729963980596 0.2530063172378038 0
2731 0.1482522572782693 0.192437489262887 0
2732 0.2077379576139262 0.1479724190711752 0
2733 0.251924328863106 0.2078038693955471 0
2734 0.254032586362067 0.2098733111949919 0
2735 0.2549792029120232 0.2069769860615464 0
2736 0.1923174270127871 0.251884973393153 0
2737 0.1903033442476822 0.254155181917447 0
2738 0.1872709299002523 0.2531318091677356 0
2739 0.1933124775810727 0.2546828248375247 0
2740 0.1910372685735805 0.2572055639413362 0
2741 0.2462085115946788 0.2249154079725439 0
2742 0.2493797369324297 0.2250563076632211 0
2743 0.2428691129864156 0.2301068904881448 0
2744 0.2436305319315176 0.2327335419400234 0
2745 0.230173784594824 0.1569699546382704 0
2746 0.2305671803428829 0.1541018406176411 0
2747 0.1650202224362629 0.1609423872511883 0
2748 0.1553926854617715 0.2277265961393554 0
2749 0.1725905831852504 0.1553193601751148 0
2750 0.2510513091505932 0.2138303232781064 0
2751 0.2135750602526902 0.1493250570039931 0
2752 0.2129860137113693 0.1465307362895041 0
2753 0.2158724234951593 0.1469258330333224 0
2754 0.1493833944079585 0.1864688920634812 0
2755 0.165167952690219 0.2392855154612273 0
2756 0.1647488465877503 0.2418017773667683 0
2757 0.1624969766844059 0.2404881388950729 0
2758 0.2349704535230211 0.1607323780252817 0
2759 0.1602170570593825 0.1649332179873611 0
2760 0.1600351329758887 0.1619427742940217 0
2761 0.1480750531953692 0.2075854734851767 0
2762 0.1458217453734958 0.2095893942584267 0
2763 0.1463972981021905 0.2128413456559428 0
2764 0.2529300784873252 0.1987202658692074 0
2765 0.2489165611088446 0.1806927813051252 0
2766 0.2518986338906519 0.1813203647304945 0
2767 0.2511143080408319 0.1781487937260075 0
2768 0.2528205027253261 0.1844314516417248 0
2769 0.2477277159750479 0.1779054461376525 0
2770 0.2493369495731337 0.1756086927378931 0
2771 0.2519337723571583 0.1923584144711034 0
2772 0.254704749841425 0.1933956937905761 0
2773 0.1591141106719865 0.2323877583446368 0
2774 0.2102431470237401 0.2514697639172556 0
2775 0.1894650688320645 0.1484619362793111 0
2776 0.1864912873873977 0.149108863557862 0
2777 0.1843215677501426 0.1471649471395988 0
2778 0.1816364049266352 0.1480609446639343 0
2779 0.1823629576787008 0.1452632060393161 0
2780 0.2166280047441165 0.2499405284757802 0
2781 0.229882699389964 0.2429532021621104 0
2782 0.2045754723843765 0.2522978885871441 0
2783 0.1512114314765358 0.2193824580369261 0
2784 0.1532368899188247 0.2251467203517795 0
2785 0.1750742998187914 0.153902278565571 0
2786 0.2452290490720336 0.172232122707318 0
2787 1.954244311662482 0.04390487887169058 0
2788 0.1493296568033396 0.2136826588837411 0
2789 0.1472114843897863 0.2162662691393142 0
2790 0.1441454007510408 0.2151574219093471 0
2791 0.1432536471390907 0.211700321320417 0
2792 0.2067083798831633 0.1315226196346597 0
2793 0.02438224055068272 0.2633757646849694 0
2794 0.216957526042608 0.2771942471383695 0
2795 0.1277927967249825 0.2402983822928836 0
2796 0.3031445148546558 0.1123023440042621 0
2797 0.3076281231957575 0.1229920172387183 0
2798 0.01810708447303793 0.1352648923795377 0
2799 0.1342935503168339 0.1734678879212203 0
2800 0.1358023200748048 0.1761867382637965 0
2801 0.1376389119046219 0.1736154084245876 0
2802 0.1383006148532069 0.1781708205904529 0
2803 0.1388801344229179 0.1706592566904045 0
2804 0.2000985276897134 0.1208398173938452 0
2805 0.1549908763470236 0.1722825723285111 0
2806 0.1807246005362241 0.1511087670792515 0
2807 1.147478232427289 0.3666600844525345 0
2808 0.1289094432713144 0.2157052004398961 0
2809 0.1298886038149992 0.2127125886181007 0
2810 0.2463720643456519 0.2567651315772518 0
2811 0.253878837905192 0.1765427653343872 0
2812 0.318543453830425 0.3037637065101799 0
2813 0.1593771269144948 0.2936346508478695 0
2814 0.2136994661252307 0.2545279201950342 0
2815 1.925737433198338 0.04283992275831339 0
2816 0.294782222835296 0.2444290059643015 0
2817 0.5334988773108084 0.3709519954340514 0
2818 0.1495061750253081 0.1786123805937067 0
2819 0.08634579777120216 0.02055835276664376 0
2820 0.1188384615864887 0.1805975138255332 0
2821 0.1897439896459123 0.1092200755720419 0
2822 1.823660522141571 0.3593630121385955 0
2823 1.842697558585157 0.336717338020291 0
2824 0.1922985516281389 0.1275296965107972 0
2825 0.2208352110698472 0.2765234616358057 0
2826 0.253601258919967 0.253199723851395 0
2827 0.137311585050638 0.1679023585541477 0
2828 0.1620698824691913 0.2498527525231791 0
2829 0.3356707550221081 0.02134372774375312 0
2830 0.262115720489786 0.02236170797493787 0
2831 0.0404760262227923 0.1750382664864017 0
2832 0.2890801191656652 0.1543939016821616 0
2833 0.2848758787661954 0.1476721861580807 0
2834 0.4600739890447878 0.159169821446335 0
2835 0.2662705352667381 0.3049631110167906 0
2836 0.2514587660260757 0.2943297400193149 0
2837 0.1840012181005433 0.2689638837659614 0
2838 0.2638865358894097 0.1694548206228325 0
2839 0.2615540705079598 0.1716444330825178 0
2840 0.1403544069725613 0.1625324097763681 0
2841 1.762914854965048 0.3848842291359238 0
2842 0.2964359870332969 0.04195965768630316 0
2843 0.01768131710294302 0.1564808331817583 0
2844 0.08619992620984923 0.1202074943360627 0
2845 0.2541703694217328 0.190390840043858 0
2846 0.2477798473174565 0.2542553409315823 0
2847 0.1218306883141938 0.2515158717319988 0
2848 0.1518987980630545 0.2387193204154378 0
2849 0.1864291050367385 0.2505652411967917 0
2850 0.2507097160728886 0.1864709016695745 0
2851 0.2567059551132936 0.1456894381191344 0
2852 0.2665549925451932 0.2277816280987994 0
2853 2.05880173208087 0.3769107708872877 0
2854 0.269757911009902 0.1899618791444851 0
2855 0.1161335771940302 0.1770283410548804 0
2856 0.9181613430270289 0.3648529973168732 0
2857 0.8932341121780368 0.3560354438207378 0
2858 0.9476802916171302 0.3672667878207228 0
2859 0.2519637308347757 0.2384585631896508 0
2860 0.2543575011277474 0.2367144180017084 0
2861 0.4011629129020623 0.1285946681919451 0
2862 0.3843189969493825 0.1486870868751977 0
2863 0.4258175549548553 0.1321791585677381 0
2864 0.2766721254717724 0.2559220598535474 0
2865 0.3000084911672955 0.1651619412166832 0
2866 0.4210367168364756 0.06601648842385459 0
2867 0.1496662006759041 0.2427516675981156 0
2868 0.1014010628805519 0.2403996258140376 0
2869 0.1319422675310547 0.2152002170398112 0
2870 0.2535446732514003 0.1874143616314246 0
2871 1.889041062603612 0.3878226704352314 0
2872 0.1277527841462856 0.2102433279614389 0
2873 0.2651931635554177 0.1754859262393995 0
2874 0.2575809641896317 0.1943573519898362 0
2875 0.2944642477803237 0.09998866432901757 0
2876 0.1751697269157255 0.2495301691880434 0
2877 0.4102971495921528 0.1514815602617189 0
2878 0.09367963944982756 0.2441723744235603 0
2879 0.09243589476860944 0.2545383884061654 0
2880 0.1074766544885878 0.3304935331846704 0
2881 0.4450429117484653 0.2423450464876861 0
2882 0.1547404116766627 0.08808527102453796 0
2883 0.3930389829066909 0.231865847086755 0
2884 0.1317662967464666 0.156033696054811 0
2885 0.4853341013009498 0.1637727908392835 0
2886 0.5105484758302177 0.1685850373522463 0
2887 0.2432345038374653 0.2605703174278289 0
2888 0.2405651799865472 0.2590823755500207 0
2889 0.3900374172934502 0.3391828875045436 0
2890 0.396432851874055 0.3659259836997241 0
2891 0.3718061745528732 0.3551619403761177 0
2892 1.236951759413322 0.3631185568776568 0
2893 2.019342339702464 0.04082410368296719 0
2894 1.995533598495768 0.03774042977715653 0
2895 0.2665705191050095 0.1783270154545047 0
2896 0.2647576595657926 0.180356113125856 0
2897 0.4696409197509035 0.2472246953162982 0
2898 0.1144201148555953 0.3851119684093137 0
2899 0.2144460723452706 0.1306674692962891 0
2900 0.5916998873672643 0.3398175600070178 0
2901 0.1457006253375202 0.2499093234761192 0
2902 0.1439679868968382 0.2474040924376556 0
2903 0.6122531870621293 0.3868009024081646 0
2904 0.1298403809035678 0.1872812664217711 0
2905 0.1313664127565806 0.2553098876918483 0
2906 0.4247391116724613 0.3678078061392816 0
2907 0.255113575497512 0.1824006102909694 0
2908 0.1417994567922886 0.1650200567261451 0
2909 0.2016465751813449 0.2812335597549105 0
2910 0.2204008293260952 0.1321188702422124 0
2911 0.1906263919040611 0.1457027322352925 0
2912 0.1724948675748219 0.2682508189069489 0
2913 0.2563941439720038 0.1883813444156779 0
2914 0.181872296355938 0.2640152571352501 0
2915 0.4131486519530828 0.2789276380201263 0
2916 0.4397100986899645 0.3489103716221603 0
2917 0.5187735532865149 0.192167567024975 0
2918 0.4622970549224314 0.2885631443769374 0
2919 0.4463624430037775 0.06989976880338884 0
2920 0.1322707358882644 0.2108889749296616 0
2921 0.5185853802310887 0.257217274017732 0
2922 0.4865433419230883 0.3609313855022659 0
2923 0.4719167131938691 0.3776090640551506 0
2924 0.2430613688747075 0.1535677649955863 0
2925 0.5430447452277709 0.2625896083345948 0
2926 0.6419895980273098 0.0852414446501637 0
2927 0.6574561609002001 0.06583259916414043 0
2928 0.6475557944251349 0.04297101607112783 0
2929 0.6728101903591681 0.04555267286691025 0
2930 0.6344734985142184 0.1276196318132227 0
2931 0.6424185741753557 0.151300182303153 0
2932 0.6180218227075077 0.1463371252339785 0
2933 0.5936354145208478 0.1413202949785726 0
2934 0.601421838087203 0.1650233901573527 0
2935 0.6826797037566653 0.0693431139734197 0
2936 0.6986896581221305 0.04815154646664879 0
2937 0.712749300434927 0.02597330906181271 0
2938 0.7275253228942645 0.05007019133336145 0
2939 0.5595107697399128 0.2443195057273078 0
2940 0.7054636931323217 0.3404699369207795 0
2941 0.6977249568252026 0.3170578093186762 0
2942 0.7298064652426748 0.3461428093785079 0
2943 0.7347101169773049 0.369201132437978 0
2944 0.7586296471962477 0.37491904092037 0
2945 2.136682030805094 0.0207128370426569 0
2946 2.125979269816483 0.04107293902750671 0
2947 0.2367489608513275 0.1413286158953386 0
2948 0.06188978266980669 0.3849451177341658 0
2949 0.6898410961718057 0.2935343768299804 0
2950 0.681922220850679 0.2699278779764139 0
2951 1.711897765129216 0.02112314107755563 0
2952 1.723052252327502 0.0439856116617612 0
2953 1.751714573221082 0.04740896351078144 0
2954 1.673517249505053 0.1662964811563778 0
2955 1.887992950838128 0.02168319866849084 0
2956 1.878495051627761 0.04101539949037329 0
2957 1.900588988937234 0.04159215261876568 0
2958 0.888057849452965 0.3909858921805487 0
2959 1.212300140321544 0.02325243776710321 0
2960 1.462496122232507 0.02089141474380096 0
2961 1.449843269307669 0.04343933830295974 0
2962 1.162470426014543 0.02021228959317483 0
2963 1.011157001613633 0.3850140990648607 0
2964 0.9853374222673944 0.3891476701643601 0
2965 0.9722496463129606 0.3695183449901742 0
2966 1.064195682986311 0.3899085497776828 0
2967 1.054594139158032 0.3686975125124778 0
2968 1.739059070222963 0.1578745445543571 0
2969 1.338199203608117 0.02229988841668193 0
2970 1.32917166775086 0.044639998198532 0
2971 1.35115485791148 0.04198074422915173 0
2972 0.8124535427798347 0.388134760662929 0
2973 0.8006236666145594 0.3659308697382712 0
2974 1.511603731177973 0.02152095916795004 0
2975 1.641696099896892 0.07240818373095598 0
2976 1.633392905562374 0.04606874536933456 0
2977 1.762864888758064 0.02201831808583732 0
2978 1.777556136734839 0.04091672356223332 0
2979 1.29729027668864 0.06676028853972983 0
2980 1.265242212994225 0.1036063792896288 0
2981 1.248628351931767 0.1222273988945975 0
2982 0.6495352241371588 0.2411967956969441 0
2983 1.812463652971417 0.173038444552718 0
2984 0.5379179732822412 0.1084719864316511 0
2985 0.387039246187506 0.3902161778935183 0
2986 1.36291527346833 0.02141714274078227 0
2987 1.63967332250888 0.02078341933794995 0
2988 1.653993177553519 0.03613430176559766 0
2989 2.139109632750011 0.131188581460074 0
2990 1.697998149365158 0.1713632874458233 0
2991 1.892896776075407 0.2780881716510371 0
2992 0.2344113444085646 0.1514222928991955 0
2993 1.649040429043901 0.1611987229565173 0
2994 1.843776082455836 0.2681962680515169 0
2995 1.835978099116508 0.2443057242671406 0
2996 0.1769545150585252 0.2606036048710069 0
2997 0.1749767912068045 0.2619624121551841 0
2998 1.468917118248404 0.1679817150214986 0
2999 0.2273898486411829 0.2475758404718177 0
3000 1.190859522927673 0.1545913049769841 0
3001 1.215336539734714 0.1596268333687769 0
3002 1.174218842287333 0.1732521231721687 0
3003 1.149742508228248 0.1681898504254596 0
3004 1.157575258952295 0.191891846635453 0
3005 0.5839907809359473 0.2495576441561294 0
3006 1.622857069090122 0.2879949936738564 0
3007 2.082479142679589 0.1625904234549251 0
3008 1.82902502373348 0.1544470429651975 0
3009 1.198695463940552 0.1783061476382334 0
3010 2.022984091984735 0.3255406023287237 0
3011 1.713132290499378 0.2844843711482588 0
3012 1.549300605401707 0.2730725082811953 0
3013 1.795855107820007 0.1916729368746877 0
3014 1.771386268376408 0.1866005305797659 0
3015 1.066425395828104 0.2613763818900592 0
3016 0.2597228318315022 0.2450424529794364 0
3017 2.077801081462963 0.3607626869864249 0
3018 1.983079108581084 0.274294150609889 0
3019 1.958621993870854 0.2693166439922544 0
3020 1.60863744796468 0.1089801945419665 0
3021 1.870158088699952 0.1409100471432402 0
3022 1.853573231331995 0.1594721153845191 0
3023 1.836958992184891 0.1781012950389734 0
3024 1.894697486018099 0.1459748291173686 0
3025 0.2270084520553023 0.2562663404528684 0
3026 1.47581589395458 0.2578270974472774 0
3027 1.909522798598554 0.2593676259235099 0
3028 1.753295177760627 0.3361767303503559 0
3029 1.72971668288983 0.3308268134266065 0
3030 1.738142626679941 0.3529300360382481 0
3031 1.674441687927859 0.3649380499734749 0
3032 1.700411402733086 0.3677890740254025 0
3033 1.635248714267785 0.3876533864008138 0
3034 1.619200381771848 0.3684655818757157 0
3035 1.059657735523694 0.1715713475025897 0
3036 1.035178352866646 0.1664907526555539 0
3037 1.018543304431223 0.1851409835151955 0
3038 1.02733666768029 0.1427513423981772 0
3039 0.1479095147492246 0.168859302300228 0
3040 1.859757914044095 0.3164747162388412 0
3041 1.123048038185278 0.2953096242518977 0
3042 1.139847553216479 0.2766162812414417 0
3043 1.583448599323358 0.1696720055713118 0
3044 1.558961240171331 0.1646205613763867 0
3045 1.566820407473209 0.1883248773901961 0
3046 1.656892602170677 0.1849088164732812 0
3047 1.213408296386361 0.3552532628697802 0
3048 1.19889377606865 0.3716552339894298 0
3049 1.516934186253227 0.2442663882552103 0
3050 1.918674010626272 0.3478827564028776 0
3051 2.049353240599476 0.1998166274864188 0
3052 2.073680079531368 0.2047203934588665 0
3053 2.032769412700892 0.2184871124586012 0
3054 1.688624831476147 0.2794784178350358 0
3055 1.664035886660467 0.2744669724354544 0
3056 1.532659902439437 0.2917163755557352 0
3057 1.732338503573605 0.06805708004046299 0
3058 1.289566217219929 0.1086311947369287 0
3059 2.129744933722627 0.3050998809984927 0
3060 2.155755325212842 0.3101933772244542 0
3061 2.145085375027053 0.2857914743306435 0
3062 1.540496023223733 0.3155953496882412 0
3063 1.312304575056213 0.2460410832810802 0
3064 2.115527084303027 0.1256951530435519 0
3065 1.327952323869117 0.3589572079546513 0
3066 1.319581574787082 0.3352763148231684 0
3067 1.088406855545488 0.390721058175756 0
3068 1.083088607436558 0.2427397445291257 0
3069 1.042014813214019 0.2562989912637498 0
3070 0.8040229025849203 0.2956393670097646 0
3071 0.1717321272476584 0.2571807691676205 0
3072 0.5711393030946672 0.07164773411815402 0
3073 0.5608589483373397 0.05120833288094494 0
3074 1.483693140563862 0.2814403552117823 0
3075 1.821038151928929 0.1308173411404476 0
3076 1.94220421702073 0.2877932672610511 0
3077 0.7081114390530958 0.1424842863576605 0
3078 1.040609524856483 0.3223515373136642 0
3079 0.928475979031324 0.1885905437299354 0
3080 0.9109751214959612 0.2732227656696128 0
3081 0.8864115222919141 0.2681904607201066 0
3082 1.167281495635577 0.08396228282821122 0
3083 1.158967186105494 0.06111700307108892 0
3084 0.938525916042857 0.08068270670813478 0
3085 0.7794662805774957 0.2905880627563338 0
3086 2.138086606417799 0.2615590337961177 0
3087 1.115302078672473 0.271544682545532 0
3088 1.271187506481411 0.2596271837428116 0
3089 0.7912225343647157 0.05094469802101888 0
3090 0.7882856988887252 0.02535887009166852 0
3091 1.442637947236282 0.2948532702658683 0
3092 0.2448873088842301 0.246710469179889 0
3093 0.9030695480424498 0.2495635546807617 0
3094 0.6669030574243414 0.1562751884715838 0
3095 0.7717536892572037 0.266731371342798 0
3096 0.7306822315535204 0.2802142184829111 0
3097 0.8558690854773838 0.1075454493879473 0
3098 0.8313608803590494 0.1024937560001383 0
3099 2.007289559243821 0.3436383126454452 0
3100 0.9695944312736062 0.1750033848708227 0
3101 1.483145268938876 0.3461534303691344 0
3102 1.467426614736902 0.3670003741132105 0
3103 0.8785583180147827 0.2445133540584407 0
3104 1.780458718906986 0.07918979135387441 0
3105 0.8853301799519065 0.3335791255002211 0
3106 0.8685029437368702 0.3515218826543854 0
3107 0.6503370384090496 0.1750532045986352 0
3108 1.410244580958269 0.2662537723659855 0
3109 0.7341793122752338 0.07942422630195063 0
3110 1.370650185259607 0.08280450641215915 0
3111 1.362179914564518 0.1900984549894572 0
3112 1.337687635924187 0.1850218467160618 0
3113 0.89615370849122 0.15981373078685 0
3114 1.885971007050173 0.1882199406243555 0
3115 1.403313884610682 0.1765113755159968 0
3116 1.755622309003324 0.1393300958138415 0
3117 0.8383939360171825 0.1920151504595363 0
3118 0.2497582481135913 0.2431522578693871 0
3119 0.9931649765831732 0.2460979796892522 0
3120 1.97608352789179 0.1847519304162512 0
3121 0.6993435449527189 0.1851773008759796 0
3122 1.920526216203277 0.085111900183196 0
3123 0.9022198314457879 0.3154008414529865 0
3124 0.9039950350051101 0.1835217319536113 0
3125 0.5919162818842639 0.2733422033478645 0
3126 0.8305456197808228 0.1683015404821269 0
3127 0.8060701366922114 0.1632102647673028 0
3128 1.979351055849199 0.05381688715310832 0
3129 0.8129373884368503 0.2530939014117599 0
3130 0.9128073520487969 0.1411536669559463 0
3131 0.7894367188244513 0.1818581572765837 0
3132 0.6834526996214607 0.1373617638100552 0
3133 1.323089043586277 0.06898265379785637 0
3134 0.9451210047311115 0.1699403648948333 0
3135 0.8606460589424391 0.3288743428596133 0
3136 1.705851490787319 0.195055375091031 0
3137 1.393320704044632 0.3495235239968796 0
3138 1.226802642154006 0.04663707880642031 0
3139 0.7639681664132733 0.242946233640836 0
3140 1.260031944871156 0.3680340302694368 0
3141 0.9845980448069167 0.2882531840527917 0
3142 1.336794407695916 0.2510917710466885 0
3143 0.6329144373137818 0.3256014277778299 0
3144 1.746026659818126 0.2475074873460094 0
3145 0.7228842589040849 0.2564706127678872 0
3146 0.6262990374870256 0.1040896930188018 0
3147 1.197737946548631 0.2443848370601492 0
3148 1.181089895919692 0.2630050671021849 0
3149 1.222226400893087 0.2494691783287309 0
3150 1.230091278867763 0.2731387976558097 0
3151 1.950655265512859 0.2457703825378142 0
3152 1.272125198623398 0.1935201204464154 0
3153 1.247647275371164 0.1884388748991047 0
3154 1.043015008304393 0.1902184118974845 0
3155 1.010705362295189 0.1614085308166625 0
3156 1.346375217912111 0.1426791372794906 0
3157 0.8207561482513684 0.2768477523385916 0
3158 1.542341601052823 0.1832521631921963 0
3159 1.534490934804384 0.1595520930303314 0
3160 0.7238361843510681 0.1902846470464185 0
3161 0.2446846150194988 0.1404884147570202 0
3162 0.7063210431175249 0.2750360169604095 0
3163 1.444444822850088 0.1628732888854402 0
3164 0.8231867862492109 0.07944001003859659 0
3165 1.344680933474732 0.274744260408964 0
3166 0.9189470214069068 0.2968601862071084 0
3167 0.9784056630568336 0.1325954539379463 0
3168 1.262466034259066 0.3018473240237792 0
3169 0.9206403300585135 0.1648716845996659 0
3170 1.385112532241856 0.3266229238040492 0
3171 0.968700641587777 0.2410345789351606 0
3172 0.796262077448312 0.2718043023529343 0
3173 1.003967101390588 0.07098411331386623 0
3174 1.021015370219575 0.05202634465838176 0
3175 1.107546587082057 0.2478189023613144 0
3176 0.6914590528714397 0.1613371253430298 0
3177 0.7982289921592298 0.139479699362685 0
3178 0.8148374705892252 0.1208976457438736 0
3179 0.77377284945194 0.1343172411002249 0
3180 1.213474655257562 0.2917158719585204 0
3181 1.224171223569108 0.1171139839468319 0
3182 1.607017859671249 0.2408150448239783 0
3183 1.118949520822059 0.07405996725550711 0
3184 0.2641491107967782 0.1882110957120924 0
3185 1.133095236331845 0.186802951722209 0
3186 0.9862353132354249 0.1563368127620247 0
3187 1.878090897832075 0.1645389323754574 0
3188 2.104788047156635 0.2996435353310284 0
3189 1.164415666144246 0.2816359102281093 0
3190 0.8144726434755147 0.05766760541813846 0
3191 1.977113475065658 0.1186809371184337 0
3192 1.095546505818249 0.3551927654878655 0
3193 1.680583184102475 0.2559155599473181 0
3194 0.8069249889708976 0.09739758663181335 0
3195 1.910464451204686 0.193286362828814 0
3196 1.25458267134974 0.2782021591511849 0
3197 1.426849525586403 0.2476936382968821 0
3198 1.402367956202744 0.2426198943297497 0
3199 1.329801176054455 0.1612914531674561 0
3200 1.205598702959576 0.2680663343096661 0
3201 1.163746898140425 0.3472682371996516 0
3202 1.631508822793999 0.2458663810086171 0
3203 0.9309879236155947 0.05809857488045624 0
3204 0.7473052798595287 0.2616159565577998 0
3205 1.476754765652349 0.1917332284924851 0
3206 1.500308464911633 0.2628783245037466 0
3207 2.040564101783171 0.2421122004713369 0
3208 1.001039152955094 0.2697533470063874 0
3209 1.239808020773529 0.1646888303780482 0
3210 1.295677781024059 0.2646838295316026 0
3211 0.9140666437820345 0.0759193237181955 0
3212 1.092966635788732 0.1343490121746375 0
3213 0.2055174031459468 0.1364153363147314 0
3214 1.052840730552942 0.0821259182961525 0
3215 1.541426287038418 0.2493427608383281 0
3216 1.524799251782674 0.267972719939899 0
3217 1.378816652004463 0.1714465752499336 0
3218 1.459219840239836 0.2763561439019573 0
3219 2.026025373607001 0.1289758387801254 0
3220 1.264274123388179 0.1697670162800734 0
3221 1.706698057914203 0.1292797803070516 0
3222 1.281653981973326 0.08505028651452262 0
3223 1.434732093797862 0.271303982171036 0
3224 1.778145627763817 0.2764234077307767 0
3225 1.682515579110369 0.06015197963478019 0
3226 1.770417804893604 0.2526530861945402 0
3227 1.551067111819735 0.1409996688051232 0
3228 1.141918409721032 0.1445275348691102 0
3229 1.616601698552141 0.1325763724465706 0
3230 1.045407049577028 0.05922596875360107 0
3231 1.040491258549759 0.03629259754520676 0
3232 0.9961963911799261 0.04625467848715151 0
3233 1.15656371906705 0.2579536697673865 0
3234 1.934099921571219 0.264334700344262 0
3235 1.714586980452157 0.1528345674711521 0
3236 1.057305378925091 0.3036399604089576 0
3237 1.442636113767295 0.3579707414605926 0
3238 1.551218356612963 0.07610589426931742 0
3239 1.607935208056749 0.1747365393840563 0
3240 1.125260879839337 0.163094132590435 0
3241 1.428829975303405 0.115072979964382 0
3242 1.025391343771621 0.2749044137492374 0
3243 1.983368667284142 0.3393099168790253 0
3244 1.992394319329891 0.3652717462396011 0
3245 1.354298707641014 0.1663800481376893 0
3246 1.494448160142067 0.1072465338902272 0
3247 2.059311970957838 0.09190819798526915 0
3248 1.639439556596962 0.2694704408099362 0
3249 1.960426102297696 0.1373315965651321 0
3250 0.237601213456913 0.14421685807766 0
3251 1.860492510556693 0.2493788740281481 0
3252 1.845927833876438 0.07027395267812642 0
3253 1.870083574959719 0.07582110580180233 0
3254 0.2121947309826366 0.1408446339885036 0
3255 1.049776708899099 0.2800018332228433 0
3256 1.395456950689099 0.1527875040804157 0
3257 1.975159872023567 0.2507666002845043 0
3258 1.084137096678883 0.1766607134800298 0
3259 0.239950484301661 0.2501919246229761 0
3260 1.452278993248407 0.1866428197262718 0
3261 0.2655165188385404 0.1941206860991249 0
3262 2.039357763766671 0.3075119104317979 0
3263 1.55589000895245 0.3645044094252562 0
3264 1.419957514304793 0.15780902435749 0
3265 0.1668625431428688 0.253500464785511 0
3266 1.43662452742823 0.1390488286755188 0
3267 0.222610821088115 0.1491870989239175 0
3268 1.876388485876032 0.2970803211819972 0
3269 1.992724659799341 0.1660949664459024 0
3270 1.75386599793176 0.2711682168018549 0
3271 1.737483473568607 0.2895517022012429 0
3272 1.565130772633064 0.3206580240848438 0
3273 1.868363601881808 0.2732203167193363 0
3274 1.469862681178278 0.101869210077242 0
3275 2.064910797770405 0.247033588632167 0
3276 1.984912198608896 0.1424005542686526 0
3277 1.445783211673462 0.09590100328839291 0
3278 1.647435766315859 0.2929820226326061 0
3279 0.1851720337282114 0.2569506789819704 0
3280 1.76351155661829 0.1629381435003687 0
3281 0.6740106815893173 0.2462632953201442 0
3282 1.624531722626837 0.1561643720913047 0
3283 0.03784913817253771 0.01914473717984332 0
3284 0.04986130142430802 0.03902381526035353 0
3285 2.097930710105028 0.2094995313676385 0
3286 1.100786810017379 0.158029255902706 0
3287 2.001606575345958 0.1238763800143475 0
3288 1.548272358696514 0.3397314492393314 0
3289 1.23198096531042 0.1409252632840106 0
3290 2.018323110888964 0.105428661130319 0
3291 1.462017822402414 0.07812685999757871 0
3292 2.057124564787625 0.2234088880730372 0
3293 1.938772983211536 0.3903951532770973 0
3294 1.711940908780068 0.3894906024327159 0
3295 0.5118371417900307 0.01950448848283794 0
3296 2.090228846167749 0.1860881497344099 0
3297 2.106736855864249 0.1675346579853319 0
3298 0.6120308465919082 0.01999006625777568 0
3299 0.8874999999976104 0.02165063509454728 0
3300 0.936003133106783 0.01955073395471703 0
3301 1.721343762446176 0.3078308126355537 0
3302 2.123085211317161 0.1491915957556891 0
3303 1.333862835391776 0.3845549431882596 0
3304 1.362498240362108 0.3873944037632406 0
3305 0.4625174589263871 0.02071973689056172 0
3306 2.035047976695096 0.08696254862438137 0
3307 1.705473746494243 0.3261882149330955 0
3308 0.8401241064333079 0.02136166949765629 0
3309 1.537143864200362 0.3877835153912795 0
3310 0.2442787714455308 0.1485057498241718 0
3311 1.649727053882066 0.09588320247145 0
3312 1.413621811528015 0.3907135769131131 0
3313 1.714690690255495 0.3488073982335112 0
3314 2.051870010868269 0.06834906545302648 0
3315 0.6574857732752465 0.2648572460796741 0
3316 0.2213302538930011 0.2594991400000362 0
3317 1.63317550862839 0.1141402393237902 0
3318 0.1759718489561924 0.1436166352529546 0
3319 0.1521146860560731 0.2447906079656309 0
3320 0.1399951569188635 0.2121249973661092 0
3321 0.1812260454849144 0.1364183108765594 0
3322 0.2181808810076188 0.1423073981120265 0
3323 0.2473877801264963 0.1676995804942759 0
3324 0.2513260313949506 0.1448690033453376 0
3325 0.2001433006563546 0.1265582639896578 0
3326 0.2541037589085706 0.2337358015406315 0
3327 0.2259411357789708 0.1415083936065136 0
3328 0.5847716559337074 0.1836849637238786 0
3329 0.2183794740477094 0.2605153605302346 0
3330 0.2181468690786026 0.2631900868036302 0
3331 0.1902645076338509 0.2602773338444012 0
3332 0.2355547118009045 0.2622935323139663 0
3333 0.1455499617485361 0.1821074156905478 0
3334 0.5769587767264891 0.1600367752282762 0
3335 0.6258690927834119 0.1700329134053195 0
3336 0.6092665659816355 0.1887188528109832 0
3337 0.2646321718384209 0.2020269697266102 0
3338 0.1372183399384469 0.2047596328692549 0
3339 0.2465202013262879 0.1649789473260775 0
3340 0.1554736827415579 0.14360550751346 0
3341 0.1569953592060656 0.1411376720929557 0
3342 0.2540066130417614 0.2147357404936724 0
3343 0.1689098457035293 0.1510848517958651 0
3344 0.2674541447423405 0.2029809412874913 0
3345 0.153526028906229 0.2528351151207809 0
3346 0.1505612863220048 0.2539199881656542 0
3347 0.1842348769417443 0.1368742123796937 0
3348 0.2212875858146269 0.1350071368570371 0
3349 0.2131406217286175 0.2632553495384999 0
3350 0.1540512795368964 0.1410242720173237 0
3351 0.2549247665961022 0.1483538092826044 0
3352 0.1524249818117152 0.1575386518378235 0
3353 0.2497448450210497 0.1578289171189838 0
3354 0.1961552052038239 0.1310079280128823 0
3355 0.1334054478764496 0.2001492849264035 0
3356 0.1950006534529717 0.2636547512352428 0
3357 0.1506445524981622 0.2338211330423533 0
3358 0.1515059068746025 0.2310961051039236 0
3359 0.1614383467712313 0.1485587326557042 0
3360 0.1438578632412821 0.2202123072309935 0
3361 0.208380409780103 0.2570758508490964 0
3362 0.2565005874115014 0.2319537789086826 0
3363 0.2585824967363239 0.2108720709013648 0
3364 0.2283832088749141 0.1313514238227418 0
3365 0.1599538694173731 0.1410495439754861 0
3366 0.157657236282756 0.2595222634907524 0
3367 0.2658334437907222 0.2079216787303462 0
3368 0.140534091081026 0.1884567766577971 0
3369 0.2518011615816436 0.1556582499474678 0
3370 0.2409926609820049 0.1557491429050274 0
3371 0.1931766603968102 0.1384051102698725 0
3372 0.2279960251279235 0.139297124591569 0
3373 0.2288481878095545 0.1421785057188356 0
3374 0.2282870076324719 0.2675491800014846 0
3375 0.167378256022066 0.1435180658197616 0
3376 0.1243758617796884 0.2017394097017997 0
3377 0.1435187546204276 0.1880083377596693 0
3378 0.2488876184679283 0.1549651859706312 0
3379 0.1912727976260705 0.1406356699118596 0
3380 0.2647254025685127 0.2157674692440524 0
3381 0.1354492627443732 0.1945051291014518 0
3382 0.2480295678222566 0.1520918979984886 0
3383 0.1862127741146234 0.1345416538220854 0
3384 0.2422137354080605 0.1506896481079739 0
3385 0.245123421572979 0.1513893341514061 0
3386 0.2418493335166662 0.1586129809800347 0
3387 0.239781481177664 0.1607976486855949 0
3388 0.2341602278663747 0.1327873389234204 0
3389 0.1442701960992813 0.2386875890641438 0
3390 0.2028081113433621 0.2627059225563633 0
3391 0.258203587128635 0.2242427189734378 0
3392 0.1314723993098828 0.1978308801719021 0
3393 0.1359624431168744 0.2196942616003672 0
3394 0.1434697309516807 0.2415316406540436 0
3395 0.2596904407798314 0.1549260406562389 0
3396 0.125288006122059 0.273680287204459 0
3397 0.1392792971580797 0.2266634329043752 0
3398 0.2104838303641227 0.2646321983345354 0
3399 0.1494106735151251 0.1575656609319462 0
3400 0.1363834656212414 0.2381244567532348 0
3401 0.1614289444191067 0.1384371576233011 0
3402 0.1508181104606843 0.1550679818622774 0
3403 0.218345246747202 0.1343063355977313 0
3404 0.1405872755418203 0.2316002224618469 0
3405 0.2191840398856539 0.251673223107982 0
3406 0.26865783068299 0.2089136148529436 0
3407 0.166385909251788 0.2564357546287658 0
3408 0.2681858523005495 0.184106955242526 0
3409 0.1688743662787976 0.1409440514998048 0
3410 0.2338246228781383 0.1406541666257739 0
3411 0.2045208204878242 0.2883999206187722 0
3412 0.2392707834743259 0.2350365283199598 0
3413 0.2680602210481134 0.205942425836257 0
3414 0.2317593336290824 0.1428551989630416 0
3415 0.1822063718089162 0.3173293007731831 0
3416 0.144443186375098 0.2611499777467376 0
3417 0.1325058836498904 0.1949908137167984 0
3418 0.2564299043836271 0.162081221861874 0
3419 0.2296921653656329 0.1450509051042081 0
3420 0.2543599060390374 0.1641628037114614 0
3421 0.1420381960961483 0.1548534474755282 0
3422 0.2445803218344875 0.167202623982518 0
3423 0.1751129678581859 0.2463229912797821 0
3424 0.2305150873450263 0.1479504371254014 0
3425 0.2702905351940756 0.2039425547302984 0
3426 0.1117258234626491 0.09397459318122475 0
3427 0.2312867613837548 0.1511171591813253 0
3428 0.1344187933976255 0.1973271734634377 0
3429 0.2582405469000451 0.1972923874255063 0
3430 0.145343398783991 0.1998958829593212 0
3431 0.2621048745093935 0.2436137945765877 0
3432 0.2551996522718668 0.1668866596790023 0
3433 0.1478071043997435 0.2045365771189926 0
3434 0.1643898416626002 0.1331865058563299 0
3435 0.2759949524417431 0.2166217650380089 0
3436 0.2681280201154099 0.2197849717946926 0
3437 0.2675778223086018 0.2167891130936685 0
3438 0.274868939041771 0.2137683836426388 0
3439 0.2711837753422271 0.1958972548651139 0
3440 0.2219631193478827 0.2503482790156378 0
3441 0.143355968735712 0.1624918167370565 0
3442 0.2519054052558735 0.2191605956266431 0
3443 0.133891639610199 0.1789539777425848 0
3444 0.2024266302252604 0.2686994893168238 0
3445 0.1363388623477699 0.1996515333684819 0
3446 0.4367783972166474 0.04693217513141213 0
3447 0.2634463888912966 0.1582751740598725 0
3448 0.5617025257995297 0.02386968641628828 0
3449 0.1851707650489801 0.1317083311882478 0
3450 0.1368116011901726 0.1049173542075042 0
3451 0.1307333564496 0.09671589803925802 0
3452 0.1382228647929875 0.2019775726927453 0
3453 0.2643604848913756 0.2327104022048809 0
3454 0.2138348028884575 0.3030422086434176 0
3455 0.2370648733656972 0.1332631014482034 0
3456 0.2361059626749996 0.1303908370885115 0
3457 0.1548862534553826 0.2606439825455901 0
3458 0.2131083717774591 0.1252952071588526 0
3459 0.1410716744370041 0.2015546161785159 0
3460 0.1868621618385128 0.2676382065616087 0
3461 0.1245077959885527 0.1937703680401738 0
3462 2.179113504967515 0.3014705882349919 0
3463 2.179511812016014 0.3484884960630146 0
3464 2.179547891419443 0.2531838751046482 0
3465 0.02350286483512258 0.08930756794062203 0
3466 2.180342822639233 0.2295385030380001 0
3467 2.182409937131547 0.06048005388896321 0
3468 0.02486323375541483 0.3244489815492379 0
3469 0.1509162482113458 0.165506523857723 0
3470 0.263124343406163 0.1664954407083871 0
3471 0.1478916730046839 0.146263016012869 0
3472 0.2696675649540234 0.2009608078267237 0
3473 0.1999358736245609 0.266992431157443 0
3474 0.1920240970124691 0.2710777796645409 0
3475 0.2154342956248292 0.1170072531019594 0
3476 0.2168036338759118 0.1203142766815063 0
3477 0.2102558999582793 0.2706512294302362 0
3478 0.2174369043179893 0.131411587325361 0
3479 0.3202103398391201 0.2597007134550871 0
3480 1.833426635153497 0.0220729747254182 0
3481 0.09354103533704913 0.190150518898472 0
3482 0.08593570602095407 0.1920025159999912 0
3483 0.176956506760692 0.1333077538549116 0
3484 0.2233388248661113 0.2711817792015968 0
3485 0.1465269895104588 0.18733833599772 0
3486 0.5119983777075389 0.0995410479541621 0
3487 0.1968638851901378 0.2742621429274535 0
3488 0.2458784975927785 0.2305156497578319 0
3489 0.1294221997413606 0.2239467691991833 0
3490 0.1607490617096451 0.2350379879082242 0
3491 0.1284830399245052 0.2062350261503045 0
3492 1.986782830798598 0.3893089902448088 0
3493 0.1596768881978549 0.247918735018902 0
3494 0.1585764605765035 0.1676620355314241 0
3495 0.1932259098303474 0.130430679473944 0
3496 0.2718720229156403 0.1988997006746192 0
3497 0.1977833599155453 0.1447577666786694 0
3498 0.2765292756009744 0.209019242035847 0
3499 0.2529257561182108 0.2502751440365021 0
3500 0.2001291665596527 0.2640001938916466 0
3501 0.1831678054160994 0.1340709338726568 0
3502 0.1474922133330886 0.2550583801407362 0
3503 0.1340330912636488 0.2175684927245206 0
3504 2.063829431110421 0.02291280607789905 0
3505 0.1384536519884103 0.2295296689016955 0
3506 0.2574331792719991 0.204898272445526 0
3507 0.2349240331058692 0.1096410077346238 0
3508 0.2007692578487947 0.1376158326376544 0
3509 1.374862643238603 0.04258721809584953 0
3510 0.1791376660904617 0.2651668993695052 0
3511 0.1328663941815366 0.1868884202930856 0
3512 0.8385984606060305 0.3893179861091 0
3513 1.413119273176221 0.02282564918183895 0
3514 0.2146641654540381 0.1446341046781063 0
3515 1.136106702657505 0.3881576510770319 0
3516 0.2512334925730322 0.2552307055839646 0
3517 0.1645226444439904 0.2652024363667622 0
3518 2.112895820474573 0.3887539160302516 0
3519 0.08488844245782787 0.2219048361516856 0
3520 0.2618669428457869 0.2344984782456861 0
3521 0.2640768172567293 0.2296247156795251 0
3522 0.7771974698165356 0.3579939834442697 0
3523 0.2744217704661517 0.1739386609340779 0
3524 0.2345144966427238 0.2537580986657457 0
3525 0.2221934855017871 0.2474736287157643 0
3526 0.2248534641243218 0.2461089078566459 0
3527 0.2784466324600345 0.2038304628452116 0
3528 0.1976402002229181 0.2623139929566758 0
3529 0.1800897812876314 0.1336492642764704 0
3530 0.2652545209413522 0.2187213953602182 0
3531 0.6614781228305301 0.02218996042945318 0
3532 0.3360412609799999 0.3883670890099828 0
3533 0.9616486922366334 0.3480623132228191 0
3534 0.120041411950209 0.2144473016730055 0
3535 0.1187025002484807 0.2188777625185128 0
3536 0.2123968603782336 0.1328787861145282 0
3537 0.3616249722422904 0.1405831013990129 0
3538 0.1592345059731984 0.09895362689092185 0
3539 0.2659469181790054 0.2941432580574472 0
3540 0.138101364585317 0.1441873630892049 0
3541 0.7128751599886112 0.3636442617979366 0
3542 0.6167516043734075 0.3444352106302274 0
3543 0.208010884509735 0.1450606913042279 0
3544 0.2129349661818405 0.2691027965609617 0
3545 0.2810340563946526 0.2014289300004528 0
3546 0.134136238272809 0.2362344554699511 0
3547 0.1920705510616521 0.2742581453088599 0
3548 0.1378422447485805 0.1810881625391818 0
3549 0.1951649816825287 0.2606393103734483 0
3550 0.1861169870679452 0.3089627593096381 0
3551 0.09362871315182145 0.2200372854286687 0
3552 0.1233095210728389 0.2047737888667621 0
3553 0.4041154601112242 0.2558841744417508 0
3554 2.044479956040624 0.0443399524233859 0
3555 0.154494134134365 0.230509182956584 0
3556 0.1923084418570929 0.1433676669812571 0
3557 0.05996445565891806 0.3041841676028083 0
3558 0.2707532008941111 0.14854102079597 0
3559 0.2740650667507937 0.1436334195379589 0
3560 0.195275786613729 0.1281496667473342 0
3561 0.1408512351557745 0.1727862815924508 0
3562 0.280659316957246 0.2512540666394122 0
3563 0.1538305075927508 0.1751752062237758 0
3564 1.086925946940427 0.01735132530252536 0
3565 0.2112349398738717 0.12980084091092 0
3566 0.2696361590557357 0.2651832915088194 0
3567 0.9710479900645195 0.04287060069910042 0
3568 0.2567554402241867 0.2349665833085524 0
3569 0.2670105472268631 0.3332251088754136 0
3570 0.2838107397834064 0.3598563660231601 0
3571 0.2789045065377503 0.1461634278604683 0
3572 0.1353608970403177 0.08847618703847268 0
3573 0.1237751843401205 0.08342365125923988 0
3574 0.493908003117692 0.1872560901381307 0
3575 0.3010257541691236 0.2406478949182318 0
3576 0.4115493665573414 0.3889913703078243 0
3577 0.3192277674393439 0.1658563041788279 0
3578 0.2007476399486907 0.2551695758213465 0
3579 0.06540717311512868 0.184986038827127 0
3580 0.3123919539150098 0.1882339514555131 0
3581 0.1718064945252334 0.1409910843618392 0
3582 2.146579036246564 0.03898815122845142 0
3583 0.4443242625274716 0.1779898154585693 0
3584 0.2551262977780627 0.1965020740721946 0
3585 0.2603901160906678 0.1387279750179469 0
3586 0.5346512461130576 0.304756785196032 0
3587 0.2762100457567366 0.1834503866586491 0
3588 0.2792829473306219 0.1841240866703478 0
3589 0.08384727970517421 0.248250373241379 0
3590 0.1701657103588009 0.2462549477758093 0
3591 0.1843174965449447 0.2525548215868798 0
3592 0.2225327773308641 0.3247975357870884 0
3593 0.164500813346668 0.2517516006068428 0
3594 0.1671836836816143 0.1589281184257048 0
3595 0.2753517171716628 0.1805526460019932 0
3596 0.1413904185500344 0.2287475399639362 0
3597 2.180337019360328 0.1073085713836562 0
3598 0.9864867659427667 0.02220625081112093 0
3599 1.173578903857241 0.04201082270580032 0
3600 1.537499999998198 0.02020985669514335 0
3601 0.2043980645244307 0.2765479003600348 0
3602 1.938416097899608 0.02135684381255177 0
3603 1.461612015254998 0.390233757714393 0
3604 0.254037457767328 0.3277637012653794 0
3605 2.178627265401259 0.1829430492663672 0
3606 0.1769362357708596 0.2633957326383525 0
3607 0.2467739273581439 0.09448490795271282 0
3608 0.2331294603614452 0.07977783817436598 0
3609 2.161894006027271 0.3913477633532894 0
3610 0.2777240327192693 0.1893025360338482 0
3611 0.5264200920202522 0.3476812043018055 0
3612 2.182473724860869 0.0367467351176893 0
3613 0.0185957905578006 0.3749543739200881 0
3614 0.02257316333812181 0.03857941935455862 0
3615 0.1723532899186306 0.08909602160999083 0
3616 0.2629173796086343 0.2206162224080127 0
3617 0.1861758380067226 0.1168856521322832 0
3618 0.1700330984929507 0.2429984656368163 0
3619 0.1311277426608039 0.1843787537406357 0
3620 0.1276762300874862 0.1381647881263477 0
3621 0.2304987519942651 0.1292118885906542 0
3622 0.2332531622245901 0.1303359475077752 0
3623 0.04017731434121077 0.366909521532146 0
3624 0.2569678665097968 0.2379628791032697 0
3625 0.2732491628687168 0.1621747186124093 0
3626 0.07309940206655285 0.03946922119271702 0
3627 0.2580476648241298 0.299610162444387 0
3628 0.4350321328363716 0.1550153268245857 0
3629 0.224830576347607 0.2606955178641891 0
3630 0.2328627741060032 0.1558892663716801 0
3631 0.282635203372589 0.1933805075855886 0
3632 0.1327921820250292 0.1599459944373992 0
3633 0.235900171439607 0.2649923879859352 0
3634 0.2788538551794094 0.1923204052852004 0
3635 1.91098049311483 0.06278801943468658 0
3636 0.1157786231002599 0.1061180066446425 0
3637 0.2698607811874152 0.05936766944881573 0
3638 0.2794544713382374 0.04855201577573132 0
3639 0.3109000214778772 0.02087722641526114 0
3640 1.377859165829358 0.3678972852683527 0
3641 0.2836530371717261 0.2179313679076823 0
3642 0.1436596129158521 0.1524487858375652 0
3643 0.1347496977758973 0.1575975000508683 0
3644 1.588555571713139 0.3898882225645566 0
3645 0.1450421792166003 0.1340146388800108 0
3646 0.7615743953625203 0.02195926407563816 0
3647 0.4126643077826011 0.01645053434285242 0
3648 0.06847666514192348 0.1481972386575334 0
3649 0.2184472770048319 0.3481656970184582 0
3650 0.216689573528183 0.3652855677158426 0
3651 0.2261655181286793 0.3045573205847241 0
3652 0.144301871842017 0.2279819027454035 0
3653 1.426637522022228 0.04737034439934079 0
3654 1.284697267196513 0.02090919521129224 0
3655 0.1674297481847428 0.1276014880132333 0
3656 0.2075757173577191 0.09068891063778255 0
3657 0.215528698290114 0.08402622389207211 0
3658 0.2966956593765196 0.1745124427158696 0
3659 0.1519566864410879 0.2699262267829455 0
3660 0.2683379551602223 0.1950083648648634 0
3661 0.1447530267266249 0.2177303669367903 0
3662 0.06774498270477416 0.2844269998257493 0
3663 0.1474546099437157 0.1843109776176435 0
3664 1.608732044257625 0.04752884341400081 0
3665 0.2025106165600154 0.1432745231495287 0
3666 0.2545631382663323 0.2396827593925096 0
3667 0.4289436673502066 0.2605902940280675 0
3668 0.2931208175991545 0.2176273075506904 0
3669 0.1557310723526343 0.1676367357540729 0
3670 0.626057111304439 0.3674366778524365 0
3671 0.1973620208109579 0.1259347549176618 0
3672 1.903557606103255 0.3672150433411907 0
3673 1.697781593892191 0.04123480324244187 0
3674 0.1524200349808192 0.2281192107508469 0
3675 0.203793461959006 0.1214899161283359 0
3676 0.358952178870123 0.2123507723486638 0
3677 0.2238854123421433 0.09618993273821629 0
3678 0.2299332852077275 0.2459521063261945 0
3679 0.2393892172653717 0.2384844146100678 0
3680 0.1608786802618029 0.1078223118792794 0
3681 0.1218128821282406 0.2298643412564474 0
3682 0.2775835608316806 0.1783459954299007 0
3683 0.1130816179834239 0.1954097780051828 0
3684 1.817195245413724 0.3306714878248977 0
3685 0.4535548442093379 0.2653697921843541 0
3686 0.2674592620516689 0.2405060836497361 0
3687 0.1374407942555742 0.2736669309497984 0
3688 0.144145753062995 0.2564567082232355 0
3689 0.3383780509898762 0.2315062280137167 0
3690 0.1751721853834048 0.2723136879767085 0
3691 0.937034612754174 0.390123200049545 0
3692 0.2857812768260173 0.1601795511930126 0
3693 0.2773460896209035 0.0857794602330918 0
3694 0.4779889330332224 0.2701795841050987 0
3695 0.09715309433947523 0.3675582551578322 0
3696 1.49666640029064 0.04237475337837041 0
3697 0.1247951300287468 0.1733027844590702 0
3698 1.047336719943408 0.3459677504323815 0
3699 0.1846974906136471 0.1445508487552716 0
3700 0.1773228754888825 0.146148064874399 0
3701 0.1616110783784246 0.2527471497870697 0
3702 0.3614666622706056 0.08201639506591971 0
3703 1.211091029965237 0.3905851502868598 0
3704 0.1402254030609567 0.1676519250018369 0
3705 0.2394155992492341 0.2795463779402553 0
3706 0.1630219350619198 0.243846456219828 0
3707 0.2601443796697327 0.2195656974195713 0
3708 0.2619773082963572 0.1529857855031926 0
3709 0.8550120725762165 0.04319773604715874 0
3710 0.1440253351257519 0.2658344345238259 0
3711 0.14383403068558 0.2716856504651572 0
3712 0.1514985811653378 0.2939081585820489 0
3713 0.5022841530561936 0.2748566235916605 0
3714 1.266459626694143 0.3906932345316845 0
3715 0.2711437290558175 0.1660505772864055 0
3716 0.26411479781609 0.1350870058009603 0
3717 0.1625223253326077 0.2631707027275348 0
3718 0.1581880800184394 0.2639892619703567 0
3719 0.2495703918858702 0.2401927176661786 0
3720 0.2185710575264669 0.2744227760093734 0
3721 0.1265266475261576 0.2572600181563235 0
3722 0.1259862737499723 0.2632244462272044 0
3723 0.1330917363798421 0.3698193272890787 0
3724 0.1633753864052447 0.04004158428063393 0
3725 0.1342840833289665 0.2437256626013876 0
3726 0.2676477039064213 0.1920513688252302 0
3727 0.1851522472668665 0.1235416415084131 0
3728 0.213001839852438 0.2661468735946484 0
3729 1.687012661418924 0.3883730667492173 0
3730 0.1621457591716155 0.1602217115627412 0
3731 0.2974160006553436 0.1216116264096294 0
3732 0.1015534829730177 0.2209512857179959 0
3733 0.526650108416612 0.2804966169295062 0
3734 0.1773690545536074 0.05925274522401935 0
3735 0.03996382699421134 0.1095715094256943 0
3736 0.2438320176022627 0.1375927915210657 0
3737 0.2112783037153254 0.323005330754083 0
3738 0.03286196898166478 0.2446049893635317 0
3739 0.04935940193789083 0.2427053816050099 0
3740 0.2836472505639628 0.1060123600840702 0
3741 0.1705280206745885 0.1534160425165056 0
3742 0.1745203856328359 0.1512004823269547 0
3743 0.1709687013235378 0.2837799612238494 0
3744 0.2964303253371399 0.2786597934749873 0
3745 0.3071677595407872 0.2833910678805668 0
3746 0.3178853333176997 0.2735695509891066 0
3747 0.32004493970836 0.2876340854295634 0
3748 0.3494238361010627 0.3483670733926596 0
3749 0.1598535667227143 0.1358520792132633 0
3750 0.1464116827176571 0.2300060838112419 0
3751 0.5187070778692578 0.3232451703901938 0
3752 0.2156142915910672 0.2646462249307574 0
3753 0.2090055707796407 0.2541932321159841 0
3754 0.162345105909787 0.2815674950187013 0
3755 0.1612900987022753 0.2876435105225213 0
3756 0.1951269268317614 0.1074396098321313 0
3757 0.09787431607741474 0.2873211023835134 0
3758 0.2675462366558098 0.2439675520801371 0
3759 0.2745176080410363 0.2252339759628772 0
3760 0.1927912164846926 0.2595313116751276 0
3761 0.09872535660382055 0.1858779660611043 0
3762 0.3969434357426219 0.1706471708647056 0
3763 0.5113603178462973 0.3659311442176175 0
3764 0.8531935168484399 0.3697990992000169 0
3765 0.3110279996464618 0.2648113137755509 0
3766 0.1650423336441819 0.2782192883063931 0
3767 0.2700490751488266 0.1630763328167644 0
3768 0.1627151023962501 0.3157523276429405 0
3769 0.2233330751045655 0.07844659401712066 0
3770 0.1900366810466854 0.3898705561544792 0
3771 0.1218821752537008 0.178805063287222 0
3772 0.1505184249380107 0.2239697049813799 0
3773 0.08223150995743714 0.2604798189972702 0
3774 0.2532036386372847 0.2754076126979693 0
3775 0.2471525353155583 0.2419875417241963 0
3776 0.1484465680061929 0.181415367634869 0
3777 0.2503017329824767 0.2225345131473436 0
3778 0.1211996260915126 0.2021515621618965 0
3779 0.2532979020865511 0.2123123984899933 0
3780 0.2654909695266303 0.1832385348353486 0
3781 0.1883968637312951 0.2835871888773384 0
3782 1.809573245629121 0.02014905982540635 0
3783 0.2030729270041388 0.07227525488728009 0
3784 1.928269731506012 0.3697567006949362 0
3785 0.1720442202717113 0.1357175176645017 0
3786 1.789454935618108 0.3875757569380867 0
3787 0.1374999999997294 0.01667981392815686 0
3788 0.1452471769902703 0.1500507431616636 0
3789 0.3077709675486064 0.2348303258403754 0
3790 2.127557554462767 0.369346263101436 0
3791 0.1687124754680406 0.2582659395867573 0
3792 0.158340815114679 0.1385626031721604 0
3793 0.1225278714458919 0.2419497941954203 0
3794 0.1192697012571716 0.1529836530163516 0
3795 0.4903514658409863 0.3899956594754455 0
3796 0.2887862367749137 0.2390355251660078 0
3797 0.1357817717838794 0.1406677544701069 0
3798 0.1331074217240877 0.1368381991835011 0
3799 0.1412213304955342 0.2147240480512194 0
3800 0.2621694613821092 0.1558270874535344 0
3801 0.2190076211012504 0.3084772509514538 0
3802 2.01570331279552 0.3629482805770214 0
3803 2.159102221144123 0.3367746421885106 0
3804 0.2237883617520585 0.1246395864446695 0
3805 0.222776680292018 0.1213495443277224 0
3806 1.173020080939902 0.3690260481636348 0
3807 0.1293501953040599 0.1596501351248762 0
3808 0.09090981488456019 0.1337454449950455 0
3809 0.0792418853528124 0.131997115517745 0
3810 0.2747165540092953 0.1660946994985427 0
3811 0.1092972914106943 0.2042788090444819 0
3812 0.1931706594219004 0.3504855743753778 0
3813 0.2504136555819623 0.3159792200484662 0
3814 0.1122157159027388 0.3163501735972091 0
3815 0.1149450201892012 0.1622053250904756 0
3816 0.1830365356472621 0.2792347985973491 0
3817 0.2390669258484601 0.1307534067976763 0
3818 0.2598576598493869 0.267152330130022 0
3819 0.2788762497633051 0.207111847814736 0
3820 0.2578620092528789 0.2213734210349683 0
3821 0.2884374892847889 0.283853916077438 0
3822 0.6230463683073089 0.04065917240188099 0
3823 0.2199604754335359 0.1009531461195594 0
3824 0.1490739163346897 0.3553923261227873 0
3825 0.3906947076652668 0.02001832958957579 0
3826 2.160927500886339 0.2679941872579898 0
3827 0.1630727981717788 0.1223396948377403 0
3828 0.2669360381961438 0.1890954738193453 0
3829 0.9462793924601026 0.04013098269448238 0
3830 0.26622214450227 0.2611780590128573 0
3831 0.248712601535453 0.135719425748282 0
3832 0.5227518976658212 0.03899813389514534 0
3833 1.02927386823569 0.3666657920872213 0
3834 0.2552519605286627 0.2484019821498061 0
3835 0.305857708864225 0.1573063790921584 0
3836 0.2681265274131522 0.1521453631124964 0
3837 0.1989639324166366 0.283064921191988 0
3838 0.2512142599801667 0.1174627549136357 0
3839 0.2527482574639245 0.1232785929125873 0
3840 0.2576730497097385 0.1199064880870085 0
3841 0.2484520741525629 0.1731018658672173 0
3842 0.2447359571647114 0.2437794784816373 0
3843 0.09670698449216809 0.1254861610834813 0
3844 0.1474870423754513 0.1764722420411326 0
3845 0.2456182762963695 0.1695502194785516 0
3846 0.1959624777475994 0.2548047828799959 0
3847 0.2345466572741139 0.2392948263055232 0
3848 0.6924898949650868 0.3922322888889767 0
3849 0.1195933402280523 0.2264871620397455 0
3850 2.010198242571536 0.01960238199509906 0
3851 0.2285370272738027 0.2705728429604493 0
3852 0.2482980259607966 0.1257885122167501 0
3853 0.7399253981300973 0.3913790137248814 0
3854 0.102454948695695 0.3471948264048155 0
3855 0.1492852617250154 0.2292171922035349 0
3856 0.3599934947284143 0.1702872945729313 0
3857 0.2463224896659409 0.2333976729437591 0
3858 0.4488509323773393 0.3713907371725735 0
3859 0.08160174433288304 0.1983628639418547 0
3860 0.2520895578181672 0.1284509267774848 0
3861 0.2795611497657268 0.150550723890222 0
3862 0.1421715591063888 0.1118251063516312 0
3863 0.08440250126396467 0.2879078276681629 0
3864 0.04058197067914207 0.3038774044055904 0
3865 0.0729003979386988 0.07473474055010279 0
3866 0.1078940216293491 0.2374719592919042 0
3867 0.1507770577890655 0.1757810867731361 0
3868 0.2754931786347161 0.2472770836129927 0
3869 0.3014162274027637 0.3044366517684726 0
3870 0.2246827922366962 0.1539878892956789 0
3871 0.04935935400348918 0.186375587329789 0
3872 0.272531834212374 0.2335190945032679 0
3873 0.1291474349613498 0.144283277535852 0
3874 0.01629689312848552 0.2800582943485758 0
3875 0.2972608854831563 0.3492123367160171 0
3876 0.2077878212903748 0.09842624904010983 0
3877 0.0801426090924675 0.1501720778647679 0
3878 1.361541991688566 0.06140688300684333 0
3879 0.210721240509206 0.04680789247908312 0
3880 0.13514497368092 0.25352620494596 0
3881 0.1115394568613019 0.1999123271561616 0
3882 0.3463866362119979 0.1461426575447709 0
3883 0.2299589310493291 0.1135542931277948 0
3884 0.1731399835386223 0.1436338504618872 0
3885 0.3523510609674398 0.06211594160197786 0
3886 0.2059513674013058 0.355307682738425 0
3887 0.2275748770662277 0.2590973087844686 0
3888 2.115449164889462 0.06145592236154111 0
3889 0.6497582089576805 0.3713717905858375 0
3890 0.1637936370005063 0.05621590228305164 0
3891 0.2448979961212436 0.2976256130466813 0
3892 1.060547541850063 0.0444948115949193 0
3893 0.06677316263408664 0.1351263975263908 0
3894 0.144671466116444 0.08764730386595328 0
3895 0.1219785211517465 0.2201890504425848 0
3896 0.2423212257386114 0.2455402914297454 0
3897 0.2323537064793504 0.2441036407346001 0
3898 0.1513849821300555 0.2862885389616488 0
3899 0.2349248904278831 0.2505833620360093 0
3900 0.160342333419248 0.2421083873696325 0
3901 0.193427899524175 0.1117354133660086 0
3902 1.135735025456674 0.05700593822246664 0
3903 0.1437978867657964 0.3285833849713719 0
3904 0.08822498463487967 0.1754968577764408 0
3905 0.1324648380187957 0.1816010634673422 0
3906 0.1875680933841671 0.09538353737372103 0
3907 0.2873732112549852 0.1946725322530537 0
3908 0.3231662610665235 0.175165167042154 0
3909 0.2725406876399484 0.1718084976244827 0
3910 0.2030543285977296 0.03376754219055707 0
3911 0.1243920530247156 0.1327191458783395 0
3912 0.08737268171500735 0.2054364296991453 0
3913 0.1697193924027338 0.3102755739160932 0
3914 0.2046662735859972 0.1332575574755236 0
3915 0.2380517139021009 0.2633733656837425 0
3916 0.254761467793067 0.2035882817567103 0
3917 0.03644589033038567 0.2139293854190598 0
3918 0.2797516766042531 0.1986485413255289 0
3919 1.491496998586047 0.3653746824486145 0
3920 0.3348908669697275 0.2928057844285987 0
3921 0.1322185062146835 0.240908414533606 0
3922 0.1640299696998554 0.158254754512493 0
3923 0.2553232790788372 0.220317741626397 0
3924 0.7494713667033662 0.04007713927935863 0
3925 0.2073538500978752 0.30517111243092 0
3926 0.2662220329901465 0.1861729979897169 0
3927 0.1455849580487591 0.1379751522062763 0
3928 0.5397134318794994 0.3923751607184735 0
3929 0.1878869769553256 0.255734721329143 0
3930 0.1789172875216355 0.1488060768775122 0
3931 1.403151605290388 0.3707044703076235 0
3932 0.1650557878884377 0.1031249713748773 0
3933 0.1432440694663259 0.1673785347824178 0
3934 0.2388451977856322 0.1654076795819718 0
3935 0.2347407398955323 0.2422705535172907 0
3936 0.04127495934362889 0.05937304622852717 0
3937 0.2398981823904242 0.2472641772667079 0
3938 0.2328695425403643 0.1533531704029325 0
3939 0.1315600003870606 0.2260234889809703 0
3940 0.3542143898318923 0.3693303088824886 0
3941 0.1932962815677242 0.1456882040668952 0
3942 1.472637007370252 0.04146450375952909 0
3943 0.2845088711500099 0.2465393014637691 0
3944 0.2888727053801141 0.2445629823176125 0
3945 0.3152160211133678 0.1318624302417155 0
3946 0.1890757035231547 0.1186670522528047 0
3947 1.801919956211511 0.3690587172640061 0
3948 1.88715682818479 0.05998935877612414 0
3949 0.2506021080524301 0.1325314594170779 0
3950 1.663727555201589 0.01852781454637387 0
3951 0.2125912597476274 0.1435792844407834 0
3952 1.260352221201735 0.01994312485881543 0
3953 0.128186558133618 0.1679046093076035 0
3954 0.1131572782611381 0.1669792722637459 0
3955 0.1226808911880528 0.2465704046617168 0
3956 0.2374205770785991 0.1599317703414848 0
3957 0.2628277527240773 0.1740886695375908 0
3958 0.04239732586370718 0.3432227403070661 0
3959 0.2711232053624334 0.3730519552921932 0
3960 1.138056434048125 0.01797134999964667 0
3961 0.1836567169518798 0.1194483382986535 0
3962 0.2588100889615341 0.1702710706425546 0
3963 0.3100136142966728 0.201745981473344 0
3964 0.3145182647995733 0.1959900163864887 0
3965 0.1163950264478462 0.2240091559576651 0
3966 0.162799808824841 0.1557019633081291 0
3967 1.587789119012103 0.01700371992046198 0
3968 0.2782938863198797 0.2140057690174276 0
3969 0.298917578328365 0.2258727355945246 0
3970 2.164078742394151 0.07332481943146753 0
3971 0.1614156168746662 0.1335670797311581 0
3972 0.1629992013493906 0.08988938075746562 0
3973 0.2374248535506422 0.2490131466941613 0
3974 0.175129093506263 0.1358151296428681 0
3975 0.2439880453122331 0.23534081235601 0
3976 0.1454922346241304 0.2030206815150662 0
3977 0.2145008870886506 0.1229677193473936 0
3978 0.3319313762464999 0.2641504530794286 0
3979 0.2554528034955478 0.3398968811431513 0
3980 0.1556894536875597 0.1389706771991564 0
3981 0.1627748163782623 0.3260663743822169 0
3982 1.599945852870411 0.3734027313464264 0
3983 0.1309041274680642 0.228896104783402 0
3984 0.2628869566803857 0.1823128018674111 0
3985 0.2180789024974878 0.265879406696559 0
3986 1.078978038370995 0.3714805272481383 0
3987 0.4996684616248256 0.03800566164016835 0
3988 0.1613826397817013 0.1532400306921926 0
3989 0.278555497109737 0.1812964968041635 0
3990 0.1598188805906663 0.1595918377629816 0
3991 1.658457883820588 0.0565886417826076 0
3992 0.2016371993225142 0.1404897624136428 0
3993 0.19988529597978 0.2915339062668668 0
3994 0.1426261493891761 0.1956586825642675 0
3995 0.1161013025158727 0.1488529968870008 0
3996 1.72458422977601 0.3700755198150287 0
3997 0.8282446930242774 0.040649450491964 0
3998 0.1569346439630723 0.1509276705216729 0
3999 0.1434470258193586 0.2086696755059607 0
4000 1.287388125417966 0.3951042194293323 0
4001 0.1828258267620905 0.3034207549584849 0
4002 1.151041957202666 0.03955278925153196 0
4003 0.2629322154523304 0.1298490750548099 0
4004 0.1287346857521292 0.03400138407848866 0
4005 0.2859229796065139 0.07843817362575316 0
4006 0.2622630664778735 0.1794632198174936 0
4007 2.160518102581142 0.1997781093708048 0
4008 0.1605737613192578 0.2385556986842082 0
4009 0.1579433121776351 0.1631032682742637 0
4010 0.3685733167187805 0.1561696371483013 0
4011 0.2260779423599982 0.2719045219956608 0
4012 0.2163456185003621 0.09419681556613888 0
4013 0.2336964415095626 0.2668945649652857 0
4014 0.1424450091861378 0.1498820667293374 0
4015 0.2031620122178402 0.2542896529486609 0
4016 0.1861889833710995 0.2808599582704372 0
4017 0.280760808297042 0.1614735738261011 0
4018 0.2109586981158105 0.1266975062003665 0
4019 0.1470819739141937 0.1485464731235367 0
4020 0.2509885966358551 0.2270468951434277 0
4021 0.2102947394828866 0.1460794883916377 0
4022 0.1442957092122036 0.2956983650499486 0
4023 0.08574063591384154 0.1840542255102189 0
4024 0.3527624601231025 0.2357797291025682 0
4025 0.8776909314749275 0.372272546529756 0
4026 2.14986393476485 0.3723261268934969 0
4027 0.2564047357762228 0.1401467639643882 0
4028 0.2197040374451846 0.1212815724617984 0
4029 0.2577424032550201 0.2492436475817737 0
4030 0.1518450846540508 0.1528266218507466 0
4031 1.952573743556334 0.3723585486787789 0
4032 0.05726416873526611 0.2331079545093775 0
4033 0.1336687723717907 0.2863237384022475 0
4034 0.2538874728220675 0.145926429022718 0
4035 2.159340587798894 0.1370083474706069 0
4036 0.2204396241687283 0.2642950627886441 0
4037 0.2405235786319384 0.2619765041231384 0
4038 0.3632813107584656 0.04291516620952735 0
4039 0.9852190634585863 0.3522776302694098 0
4040 0.2307949734244242 0.2657781532316073 0
4041 0.1489355197788125 0.2185859508028757 0
4042 0.2695858130325477 0.134932135322878 0
4043 0.2995149566165912 0.369040226436523 0
4044 0.2040062546856599 0.2794388369702338 0
4045 0.4563705270362943 0.3917996110684293 0
4046 0.2176762951519906 0.1234332886514376 0
4047 1.185617056292047 0.3903150193059847 0
4048 0.1116704334819775 0.1579639953410487 0
4049 0.2290120504826135 0.2546521015092036 0
4050 0.5994566750252769 0.03870557658691595 0
4051 0.2883644511755577 0.08849603550148646 0
4052 0.2797184852227637 0.1870931042049606 0
4053 2.040165542051931 0.3925669939211987 0
4054 1.674714220674163 0.03870288779172239 0
4055 0.9220138860205364 0.03751047376311771 0
4056 0.2560085904627539 0.1694489155784963 0
4057 0.09863071058364845 0.215575408749966 0
4058 0.2211501076912751 0.2877952414731411 0
4059 0.2200898566156604 0.2802743128628145 0
4060 1.861368101555136 0.05303369046477193 0
4061 0.2642469975645809 0.2696714302446258 0
4062 0.174684024266995 0.03155351636328597 0
4063 0.1786492454969254 0.1222382159944238 0
4064 0.09980617817269043 0.2584540612244822 0
4065 0.08147041961743953 0.2741009895285725 0
4066 1.985994806536042 0.01851198382457738 0
4067 0.6569634725035804 0.3915745731133803 0
4068 0.07738495080129178 0.1893676635415286 0
4069 0.03680530737498484 0.1291845652990013 0
4070 0.2522500651454083 0.2164102893302534 0
4071 0.2057866687239353 0.1195306421745442 0
4072 0.2575299618414619 0.3089424920071095 0
4073 0.1283427807431303 0.2800640956136658 0
4074 1.79627849900083 0.03733621266240651 0
4075 1.342079657331958 0.05902244621026755 0
4076 0.1570781348591853 0.2619654204241766 0
4077 0.7625000000019992 0.3948378703592385 0
4078 0.3125827430497072 0.2086140806304813 0
4079 0.1339513684986182 0.2387956759952408 0
4080 0.2242717917515866 0.1513344668290447 0
4081 0.2542209307384258 0.2559508040939741 0
4082 0.1599242740877183 0.1508854819712146 0
4083 0.2457983000112619 0.1166505527267951 0
4084 0.1462874012129834 0.1670760079019514 0
4085 0.245811363084413 0.1355081664972865 0
4086 2.106065194225496 0.04188951566027322 0
4087 0.1451038835630632 0.2452817150939399 0
4088 0.2815403569668292 0.2048556651255933 0
4089 0.1297669750443332 0.1652613932263454 0
4090 0.0854468683705274 0.2129103201317696 0
4091 0.1357686199703783 0.1326166721089496 0
4092 1.038143646209698 0.01573459662525633 0
4093 0.2453640229821014 0.2622576228723433 0
4094 0.1945439545092617 0.2752464529615157 0
4095 0.2377504592164936 0.1279921820138808 0
4096 0.1565638960580694 0.2326972371486031 0
4097 0.1993163449270867 0.1240497193869991 0
4098 0.1182919509511965 0.1309398652452019 0
4099 0.1394793198776625 0.1498525160738675 0
4100 0.3038129508226468 0.1318238000202363 0
4101 0.1558921649786296 0.1530797624968008 0
4102 0.4745123038177986 0.03622817417754113 0
4103 0.1254976026605196 0.2487283894962338 0
4104 0.2771723197144822 0.2264799384590284 0
4105 0.03517733135788125 0.1885674746182735 0
4106 0.2577255475600226 0.2761550568666929 0
4107 1.42738275173363 0.3733216570654015 0
4108 0.1752864647570492 0.1214925152822753 0
4109 0.1798454766386078 0.2539109474443194 0
4110 0.294383018005764 0.162330239869848 0
4111 2.182253432887578 0.3925026617808574 0
4112 0.5625000000015021 0.3954710857530267 0
4113 0.1130532926831338 0.1445001122321671 0
4114 0.1531442671091803 0.1677968789040606 0
4115 0.1350156810649961 0.269383903499024 0
4116 0.1311141339184586 0.2730956635300072 0
4117 1.512500000001645 0.3955254657212864 0
4118 0.2546084637426579 0.2010660715839775 0
4119 0.27026450522909 0.1400717273951578 0
4120 0.01764800270717726 0.01739516779908029 0
4121 0.01576686449837229 0.3942009611000448 0
4122 2.182798840342906 0.0172642989816754 0
4123 0.1807226891819602 0.1201483146531004 0
4124 0.2754448697488004 0.2517958642276362 0
4125 0.1284395393799187 0.1627740267153105 0
4126 0.1197521364199026 0.1763000454324513 0
4127 0.2005641716903907 0.1453264031980595 0
4128 0.2641712849566777 0.1778102350482176 0
4129 0.1191557803848707 0.1994387646807474 0
4130 0.2034533084688281 0.1458158484015902 0
4131 0.5436475545938367 0.03880684240192026 0
4132 0.3699447577581384 0.2357411775852406 0
4133 0.2901219006327704 0.1243937708357135 0
4134 0.07860419412399866 0.3708881275740624 0
4135 0.01578419691695428 0.2484852659094028 0
4136 0.2140814033091875 0.1138699904084576 0
4137 0.1509783743483799 0.1506603839772402 0
4138 0.2422241498624887 0.08241894948180618 0
4139 0.2347291914083151 0.1146193930393455 0
4140 0.2701323398163799 0.2418190989827012 0
4141 0.2124848751049849 0.3343899724234846 0
4142 0.03203023607250638 0.1636852963324292 0
4143 0.1560601158926397 0.2890696924169721 0
4144 0.2564221635209548 0.2097150684974511 0
4145 1.459801880117337 0.05940516473932717 0
4146 0.1806326523657442 0.09415969385664186 0
4147 0.1553370640114901 0.2711065387823161 0
4148 0.1575340420123414 0.266392233485057 0
4149 0.5516850010035236 0.07220697677880297 0
4150 0.2817823539820812 0.1821165449387974 0
4151 0.2287802473739753 0.1524140535555699 0
4152 0.2618374196341435 0.2461386523479775 0
4153 0.1252148926545761 0.1677127244483367 0
4154 0.1480580843257682 0.1505878436336567 0
4155 1.772066149335076 0.06049212376317416 0
4156 1.247439347634747 0.03754481611385986 0
4157 0.2020251556377301 0.2846291427360236 0
4158 0.1217677857767761 0.1944449222504583 0
4159 0.1874424556151264 0.287454552683498 0
4160 0.17991039532728 0.1458957722687701 0
4161 0.1450862186973925 0.2431526553994803 0
4162 0.2842293902171437 0.2249980831519225 0
4163 0.2367109847650314 0.2677728912106686 0
4164 0.1425745289748976 0.3411990092170492 0
4165 2.164654537937933 0.2890920015196929 0
4166 2.161742596168476 0.3564786660015217 0
4167 0.3047620752460145 0.2281758323045618 0
4168 0.1370655409053418 0.217394403285695 0
4169 0.136268039011758 0.1793145654238486 0
4170 1.309548787224529 0.04979351500783031 0
4171 0.2329571588404555 0.2492833951271289 0
4172 0.2621666803440635 0.1151149083547819 0
4173 0.1747425690623776 0.2643965769809845 0
4174 0.2774377306281716 0.03442481943035298 0
4175 0.1376794158536484 0.2986064127870887 0
4176 0.1403212012998279 0.1341930583559586 0
4177 0.1524575021405084 0.1351355001912197 0
4178 0.1488085702280996 0.272119189008674 0
4179 0.2258273025820761 0.1223441975117319 0
4180 0.2085646043670467 0.1301218251343592 0
4181 0.109446781242483 0.1625966781726557 0
4182 0.2599318289538639 0.2478253531121321 0
4183 0.2919986432307228 0.1958377990855184 0
4184 0.2516840617633088 0.1755148793331975 0
4185 0.2831459608773679 0.2099909670897515 0
4186 0.1183896664576485 0.2115585530978882 0
4187 0.3093359381244701 0.2947183623477151 0
4188 1.09976741190712 0.3745879071232611 0
4189 0.1313557513832708 0.06873052593067318 0
4190 0.1670720156070069 0.2860470882164957 0
4191 0.992407171889423 0.3710135378088028 0
4192 0.2766768805753682 0.2117022912988649 0
4193 0.1725001345536714 0.2621616657837282 0
4194 0.2762000109579379 0.2363731266260763 0
4195 0.2607190715113072 0.1739139909359353 0
4196 0.2405784778915714 0.2649456810806559 0
4197 1.745771339643656 0.3718990514190264 0
4198 0.2180281365638206 0.3173281575827624 0
4199 0.2847214870619988 0.2068975382136272 0
4200 0.1108004801673154 0.1711638089784364 0
4201 1.623497049239776 0.3483138650722637 0
4202 0.8063114657294617 0.03894441370317479 0
4203 0.1853694042799579 0.2545421965426672 0
4204 0.2305779296412968 0.3742531201091667 0
4205 0.2538683304831273 0.1712190878928625 0
4206 0.2726662522924529 0.2540251056207646 0
4207 0.3249869895462821 0.1827474551190016 0
4208 0.3502794445824702 0.2978852683901089 0
4209 2.164752587184697 0.218414322753785 0
4210 1.974272761679975 0.3749496106616338 0
4211 0.1157962503043456 0.2095183960497929 0
4212 0.2670558621425516 0.1486855933377713 0
4213 1.311998068725836 0.3710874603005307 0
4214 0.899400568133056 0.3748969514283094 0
4215 0.2329078986443958 0.2561260440724279 0
4216 0.1741523695607667 0.2666614658631543 0
4217 0.2115087184283598 0.2534725625725604 0
4218 0.1547726000446334 0.1697289591662378 0
4219 0.1002554868162407 0.3199907051327738 0
4220 0.2983752272141548 0.2197392266651023 0
4221 0.1256377679025897 0.2684717160915778 0
4222 0.1585029454492189 0.2345921263377129 0
4223 0.2061610554892024 0.1463127747157232 0
4224 0.450410278026998 0.03511294888717196 0
4225 0.5352221708654057 0.08725556341498671 0
4226 0.1729160475476134 0.1529953212717155 0
4227 0.1349681226040375 0.1120230091070613 0
4228 0.131899744203054 0.1408698747844588 0
4229 0.1414039340737376 0.2472269433637482 0
4230 0.1657225630592879 0.2437579537960712 0
4231 0.1320760069758466 0.2129965308657671 0
4232 0.3748403969071671 0.3749457519031235 0
4233 0.2449828177596328 0.2549594660678131 0
4234 0.03717722942174605 0.07593724733766388 0
4235 0.1754885101232821 0.314494372395615 0
4236 0.1067131641019104 0.2434331729546134 0
4237 0.2400366704933837 0.2679985434600881 0
4238 0.1216960377302762 0.1733559419599517 0
4239 0.1747018679829447 0.1181722289111261 0
4240 0.2398582236439761 0.2835677349821117 0
4241 1.221442245730217 0.3733854332517836 0
4242 0.104047478120299 0.1631807028184767 0
4243 0.1434773198534802 0.2014185611929904 0
4244 0.1395598094215214 0.2167376636947751 0
4245 0.1346756814385617 0.2572351097775319 0
4246 1.975209897357114 0.03456145509971741 0
4247 0.120804826999411 0.09924101311560951 0
4248 0.5787196983705791 0.03741637648014305 0
4249 0.360484779553023 0.2251658695739261 0
4250 0.062342399497519 0.05765840550058995 0
4251 0.2479214217264435 0.2628276349319146 0
4252 0.1287372861887889 0.2289276696009552 0
4253 0.1494535277308232 0.3734940587010492 0
4254 0.07569585850543911 0.1412159393274986 0
4255 2.165389988867323 0.09586867091170087 0
4256 0.1147699902988725 0.1536141575099461 0
4257 2.087278657833666 0.01468694882253583 0
4258 0.2506557794753256 0.1737261457588363 0
4259 0.1471423443995996 0.2605852420454812 0
4260 0.9005817140190608 0.03474553864562172 0
4261 0.2179202198545654 0.1482724867255508 0
4262 0.2167500597172156 0.1441812864711572 0
4263 0.117218377300357 0.1968970382542371 0
4264 0.3126897174417939 0.3965965086513458 0
4265 0.1462749552973003 0.1936944256167127 0
4266 0.2417387751382216 0.2346239879279828 0
4267 0.2202683487409486 0.2619224262779355 0
4268 0.114607998195649 0.1382611440051818 0
4269 0.1807040713346862 0.1435037344663652 0
4270 0.1378995197439731 0.1759551830641277 0
4271 0.3142430363048048 0.1587357906680979 0
4272 0.14901983674086 0.1669540748753286 0
4273 1.542739650858684 0.05840464765088117 0
4274 0.1540641666028203 0.2391773481715862 0
4275 1.449824080454096 0.3763500361364014 0
4276 0.1325949067697677 0.2931317558441114 0
4277 0.1129987314107603 0.2061577007592377 0
4278 0.6978544384338259 0.3751576348403862 0
4279 0.1580895897572092 0.1219612270678034 0
4280 2.062127851786642 0.3966501687574607 0
4281 2.165871210337776 0.04791959583461094 0
4282 0.2907438417407014 0.1594076415485831 0
4283 0.2769448590366694 0.1629434847443145 0
4284 0.2757938849899931 0.2678435688879057 0
4285 0.1726312285064847 0.1157890973052543 0
$EndNodes
$Elements
8570
1 1 2 3 1 1 9
2 1 2 3 1 9 10
3 1 2 3 1 10 11
4 1 2 3 1 11 12
5 1 2 3 1 12 13
6 1 2 3 1 13 14
7 1 2 3 1 14 15
8 1 2 3 1 15 16
9 1 2 3 1 16 17
10 1 2 3 1 17 18
11 1 2 3 1 18 19
12 1 2 3 1 19 20
13 1 2 3 1 20 21
14 1 2 3 1 21 22
15 1 2 3 1 22 23
16 1 2 3 1 23 24
17 1 2 3 1 24 25
18 1 2 3 1 25 26
19 1 2 3 1 26 27
20 1 2 3 1 27 28
21 1 2 3 1 28 29
22 1 2 3 1 29 30
23 1 2 3 1 30 31
24 1 2 3 1 31 32
25 1 2 3 1 32 33
26 1 2 3 1 33 34
27 1 2 3 1 34 35
28 1 2 3 1 35 36
29 1 2 3 1 36 37
30 1 2 3 1 37 38
31 1 2 3 1 38 39
32 1 2 3 1 39 40
33 1 2 3 1 40 41
34 1 2 3 1 41 42
35 1 2 3 1 42 43
36 1 2 3 1 43 44
37 1 2 3 1 44 45
38 1 2 3 1 45 46
39 1 2 3 1 46 47
40 1 2 3 1 47 48
41 1 2 3 1 48 49
42 1 2 3 1 49 50
43 1 2 3 1 50 51
44 1 2 3 1 51 52
45 1 2 3 1 52 53
46 1 2 3 1 53 54
47 1 2 3 1 54 55
48 1 2 3 1 55 56
49 1 2 3 1 56 57
50 1 2 3 1 57 58
51 1 2 3 1 58 59
52 1 2 3 1 59 60
53 1 2 3 1 60 61
54 1 2 3 1 61 62
55 1 2 3 1 62 63
56 1 2 3 1 63 64
57 1 2 3 1 64 65
58 1 2 3 1 65 66
59 1 2 3 1 66 67
60 1 2 3 1 67 68
61 1 2 3 1 68 69
62 1 2 3 1 69 70
63 1 2 3 1 70 71
64 1 2 3 1 71 72
65 1 2 3 1 72 73
66 1 2 3 1 73 74
67 1 2 3 1 74 75
68 1 2 3 1 75 76
69 1 2 3 1 76 77
70 1 2 3 1 77 78
71 1 2 3 1 78 79
72 1 2 3 1 79 80
73 1 2 3 1 80 81
74 1 2 3 1 81 82
75 1 2 3 1 82 83
76 1 2 3 1 83 84
77 1 2 3 1 84 85
78 1 2 3 1 85 86
79 1 2 3 1 86 87
80 1 2 3 1 87 88
81 1 2 3 1 88 89
82 1 2 3 1 89 90
83 1 2 3 1 90 91
84 1 2 3 1 91 92
85 1 2 3 1 92 93
86 1 2 3 1 93 94
87 1 2 3 1 94 95
88 1 2 3 1 95 2
89 1 2 2 2 2 96
90 1 2 2 2 96 97
91 1 2 2 2 97 98
92 1 2 2 2 98 99
93 1 2 2 2 99 100
94 1 2 2 2 100 101
95 1 2 2 2 101 102
96 1 2 2 2 102 103
97 1 2 2 2 103 104
98 1 2 2 2 104 105
99 1 2 2 2 105 106
100 1 2 2 2 106 107
101 1 2 2 2 107 108
102 1 2 2 2 108 109
103 1 2 2 2 109 110
104 1 2 2 2 110 111
105 1 2 2 2 111 3
106 1 2 3 3 3 112
107 1 2 3 3 112 113
108 1 2 3 3 113 114
109 1 2 3 3 114 115
110 1 2 3 3 115 116
111 1 2 3 3 116 117
112 1 2 3 3 117 118
113 1 2 3 3 118 119
114 1 2 3 3 119 120
115 1 2 3 3 120 121
116 1 2 3 3 121 122
117 1 2 3 3 122 123
118 1 2 3 3 123 124
119 1 2 3 3 124 125
120 1 2 3 3 125 126
121 1 2 3 3 126 127
122 1 2 3 3 127 128
123 1 2 3 3 128 129
124 1 2 3 3 129 130
125 1 2 3 3 130 131
126 1 2 3 3 131 132
127 1 2 3 3 132 133
128 1 2 3 3 133 134
129 1 2 3 3 134 135
130 1 2 3 3 135 136
131 1 2 3 3 136 137
132 1 2 3 3 137 138
133 1 2 3 3 138 139
134 1 2 3 3 139 140
135 1 2 3 3 140 141
136 1 2 3 3 141 142
137 1 2 3 3 142 143
138 1 2 3 3 143 144
139 1 2 3 3 144 145
140 1 2 3 3 145 146
141 1 2 3 3 146 147
142 1 2 3 3 147 148
143 1 2 3 3 148 149
144 1 2 3 3 149 150
145 1 2 3 3 150 151
146 1 2 3 3 151 152
147 1 2 3 3 152 153
148 1 2 3 3 153 154
149 1 2 3 3 154 155
150 1 2 3 3 155 156
151 1 2 3 3 156 157
152 1 2 3 3 157 158
153 1 2 3 3 158 159
154 1 2 3 3 159 160
155 1 2 3 3 160 161
156 1 2 3 3 161 162
157 1 2 3 3 162 163
158 1 2 3 3 163 164
159 1 2 3 3 164 165
160 1 2 3 3 165 166
161 1 2 3 3 166 167
162 1 2 3 3 167 168
163 1 2 3 3 168 169
164 1 2 3 3 169 170
165 1 2 3 3 170 171
166 1 2 3 3 171 172
167 1 2 3 3 172 173
168 1 2 3 3 173 174
169 1 2 3 3 174 175
170 1 2 3 3 175 176
171 1 2 3 3 176 177
172 1 2 3 3 177 178
173 1 2 3 3 178 179
174 1 2 3 3 179 180
175 1 2 3 3 180 181
176 1 2 3 3 181 182
177 1 2 3 3 182 183
178 1 2 3 3 183 184
179 1 2 3 3 184 185
180 1 2 3 3 185 186
181 1 2 3 3 186 187
182 1 2 3 3 187 188
183 1 2 3 3 188 189
184 1 2 3 3 189 190
185 1 2 3 3 190 191
186 1 2 3 3 191 192
187 1 2 3 3 192 193
188 1 2 3 3 193 194
189 1 2 3 3 194 195
190 1 2 3 3 195 196
191 1 2 3 3 196 197
192 1 2 3 3 197 198
193 1 2 3 3 198 4
194 1 2 1 4 4 199
195 1 2 1 4 199 200
196 1 2 1 4 200 201
197 1 2 1 4 201 202
198 1 2 1 4 202 203
199 1 2 1 4 203 204
200 1 2 1 4 204 205
201 1 2 1 4 205 206
202 1 2 1 4 206 207
203 1 2 1 4 207 208
204 1 2 1 4 208 209
205 1 2 1 4 209 210
206 1 2 1 4 210 211
207 1 2 1 4 211 212
208 1 2 1 4 212 213
209 1 2 1 4 213 214
210 1 2 1 4 214 1
211 1 2 4 5 5 215
212 1 2 4 5 215 216
213 1 2 4 5 216 217
214 1 2 4 5 217 218
215 1 2 4 5 218 219
216 1 2 4 5 219 220
217 1 2 4 5 220 221
218 1 2 4 5 221 222
219 1 2 4 5 222 223
220 1 2 4 5 223 224
221 1 2 4 5 224 225
222 1 2 4 5 225 226
223 1 2 4 5 226 227
224 1 2 4 5 227 228
225 1 2 4 5 228 229
226 1 2 4 5 229 230
227 1 2 4 5 230 231
228 1 2 4 5 231 232
229 1 2 4 5 232 233
230 1 2 4 5 233 234
231 1 2 4 5 234 235
232 1 2 4 5 235 236
233 1 2 4 5 236 237
234 1 2 4 5 237 238
235 1 2 4 5 238 239
236 1 2 4 5 239 240
237 1 2 4 5 240 6
238 1 2 4 6 6 241
239 1 2 4 6 241 242
240 1 2 4 6 242 243
241 1 2 4 6 243 244
242 1 2 4 6 244 245
243 1 2 4 6 245 246
244 1 2 4 6 246 247
245 1 2 4 6 247 248
246 1 2 4 6 248 249
247 1 2 4 6 249 250
248 1 2 4 6 250 251
249 1 2 4 6 251 252
250 1 2 4 6 252 253
251 1 2 4 6 253 254
252 1 2 4 6 254 255
253 1 2 4 6 255 256
254 1 2 4 6 256 257
255 1 2 4 6 257 258
256 1 2 4 6 258 259
257 1 2 4 6 259 260
258 1 2 4 6 260 261
259 1 2 4 6 261 262
260 1 2 4 6 262 263
261 1 2 4 6 263 264
262 1 2 4 6 264 265
263 1 2 4 6 265 266
264 1 2 4 6 266 7
265 1 2 4 7 7 267
266 1 2 4 7 267 268
267 1 2 4 7 268 269
268 1 2 4 7 269 270
269 1 2 4 7 270 271
270 1 2 4 7 271 272
271 1 2 4 7 272 273
272 1 2 4 7 273 274
273 1 2 4 7 274 275
274 1 2 4 7 275 276
275 1 2 4 7 276 277
276 1 2 4 7 277 278
277 1 2 4 7 278 279
278 1 2 4 7 279 280
279 1 2 4 7 280 281
280 1 2 4 7 281 282
281 1 2 4 7 282 283
282 1 2 4 7 283 284
283 1 2 4 7 284 285
284 1 2 4 7 285 286
285 1 2 4 7 286 287
286 1 2 4 7 287 288
287 1 2 4 7 288 289
288 1 2 4 7 289 290
289 1 2 4 7 290 291
290 1 2 4 7 291 292
291 1 2 4 7 292 8
292 1 2 4 8 8 293
293 1 2 4 8 293 294
294 1 2 4 8 294 295
295 1 2 4 8 295 296
296 1 2 4 8 296 297
297 1 2 4 8 297 298
298 1 2 4 8 298 299
299 1 2 4 8 299 300
300 1 2 4 8 300 301
301 1 2 4 8 301 302
302 1 2 4 8 302 303
303 1 2 4 8 303 304
304 1 2 4 8 304 305
305 1 2 4 8 305 306
306 1 2 4 8 306 307
307 1 2 4 8 307 308
308 1 2 4 8 308 309
309 1 2 4 8 309 310
310 1 2 4 8 310 311
311 1 2 4 8 311 312
312 1 2 4 8 312 313
313 1 2 4 8 313 314
314 1 2 4 8 314 315
315 1 2 4 8 315 316
316 1 2 4 8 316 317
317 1 2 4 8 317 318
318 1 2 4 8 318 5
319 2 2 5 1 2508 1093 2509
320 2 2 5 1 2419 1747 3824
321 2 2 5 1 2713 2276 4071
322 2 2 5 1 4126 2537 4238
323 2 2 5 1 459 2679 3607
324 2 2 5 1 2739 2435 2740
325 2 2 5 1 2107 2275 4018
326 2 2 5 1 858 861 3523
327 2 2 5 1 1061 2571 2653
328 2 2 5 1 2481 950 2810
329 2 2 5 1 375 2467 2696
330 2 2 5 1 459 2648 2679
331 2 2 5 1 3746 3479 3978
332 2 2 5 1 192 2714 3770
333 2 2 5 1 2467 375 2668
334 2 2 5 1 2556 342 2557
335 2 2 5 1 489 428 3559
336 2 2 5 1 2535 936 2724
337 2 2 5 1 2482 349 2658
338 2 2 5 1 1656 3557 3662
339 2 2 5 1 950 2481 2887
340 2 2 5 1 2151 2716 3758
341 2 2 5 1 2580 747 2741
342 2 2 5 1 526 531 2567
343 2 2 5 1 3743 2665 4190
344 2 2 5 1 2757 3706 3900
345 2 2 5 1 2723 3442 3777
346 2 2 5 1 1243 2375 3396
347 2 2 5 1 2620 468 4078
348 2 2 5 1 2118 2775 2776
349 2 2 5 1 2757 2756 3706
350 2 2 5 1 3535 2391 3965
351 2 2 5 1 2648 1877 2679
352 2 2 5 1 1474 2809 2872
353 2 2 5 1 526 2567 3993
354 2 2 5 1 408 2722 3267
355 2 2 5 1 2898 2187 3723
356 2 2 5 1 2118 2776 2777
357 2 2 5 1 2146 2463 2869
358 2 2 5 1 2790 1566 3799
359 2 2 5 1 2569 1307 2570
360 2 2 5 1 2869 2463 3503
361 2 2 5 1 1894 3454 3801
362 2 2 5 1 1900 1961 3486
363 2 2 5 1 731 2500 4193
364 2 2 5 1 2740 2435 3760
365 2 2 5 1 125 126 2707
366 2 2 5 1 1582 3711 4178
367 2 2 5 1 2472 2883 4132
368 2 2 5 1 349 2482 3564
369 2 2 5 1 3465 2346 3735
370 2 2 5 1 2408 2441 3910
371 2 2 5 1 1535 2507 4099
372 2 2 5 1 2362 2466 3868
373 2 2 5 1 1068 1056 2646
374 2 2 5 1 3559 428 3571
375 2 2 5 1 3607 2368 4138
376 2 2 5 1 2661 476 2672
377 2 2 5 1 1602 2565 2651
378 2 2 5 1 2929 388 2936
379 2 2 5 1 2517 3839 3840
380 2 2 5 1 1639 3687 3711
381 2 2 5 1 2452 2531 2653
382 2 2 5 1 2466 1889 3868
383 2 2 5 1 2499 1765 2848
384 2 2 5 1 1887 1889 2466
385 2 2 5 1 3687 2421 3711
386 2 2 5 1 2578 1473 3434
387 2 2 5 1 2959 379 3138
388 2 2 5 1 2641 2875 4051
389 2 2 5 1 2608 3818 4061
390 2 2 5 1 3754 544 4190
391 2 2 5 1 2537 2536 4238
392 2 2 5 1 2581 455 3945
393 2 2 5 1 2466 2362 4140
394 2 2 5 1 36 37 2937
395 2 2 5 1 1243 1244 2375
396 2 2 5 1 2809 1474 2920
397 2 2 5 1 1947 2766 2767
398 2 2 5 1 2833 2088 3861
399 2 2 5 1 3442 2448 3777
400 2 2 5 1 2525 542 3690
401 2 2 5 1 367 2487 3738
402 2 2 5 1 3374 2675 3851
403 2 2 5 1 2792 1941 4180
404 2 2 5 1 2936 388 2937
405 2 2 5 1 1831 2938 3109
406 2 2 5 1 3614 3284 3936
407 2 2 5 1 2580 2741 2742
408 2 2 5 1 2500 731 3071
409 2 2 5 1 1765 2499 2867
410 2 2 5 1 2562 859 3523
411 2 2 5 1 1938 1941 2792
412 2 2 5 1 3649 1679 4141
413 2 2 5 1 412 2548 2758
414 2 2 5 1 354 2944 3522
415 2 2 5 1 3625 3715 3767
416 2 2 5 1 2628 2320 2867
417 2 2 5 1 2606 320 3446
418 2 2 5 1 2533 340 4060
419 2 2 5 1 1068 2646 4162
420 2 2 5 1 730 2517 3840
421 2 2 5 1 366 2363 3650
422 2 2 5 1 2325 2538 3641
423 2 2 5 1 2594 1538 3357
424 2 2 5 1 428 2833 3571
425 2 2 5 1 420 308 2627
426 2 2 5 1 3513 381 3653
427 2 2 5 1 520 2712 4058
428 2 2 5 1 2832 2088 2833
429 2 2 5 1 1224 2501 2665
430 2 2 5 1 320 2606 3647
431 2 2 5 1 398 3614 3936
432 2 2 5 1 2534 362 2644
433 2 2 5 1 2665 2501 4190
434 2 2 5 1 2536 1314 3697
435 2 2 5 1 3580 2619 3964
436 2 2 5 1 1947 2767 2811
437 2 2 5 1 2468 2619 3580
438 2 2 5 1 1582 1639 3711
439 2 2 5 1 2922 3763 3795
440 2 2 5 1 3715 3625 3810
441 2 2 5 1 2446 2784 3674
442 2 2 5 1 1952 2623 3657
443 2 2 5 1 2872 2626 3491
444 2 2 5 1 2487 367 3917
445 2 2 5 1 2369 3677 4012
446 2 2 5 1 2585 979 3484
447 2 2 5 1 2784 2446 3772
448 2 2 5 1 2590 1998 2591
449 2 2 5 1 1474 2872 3491
450 2 2 5 1 2415 2419 3903
451 2 2 5 1 2720 2338 3497
452 2 2 5 1 3483 2657 3529
453 2 2 5 1 342 2556 2558
454 2 2 5 1 2654 1011 3637
455 2 2 5 1 710 981 3407
456 2 2 5 1 2275 3458 4018
457 2 2 5 1 2655 1900 3486
458 2 2 5 1 2326 3468 3864
459 2 2 5 1 2976 341 2987
460 2 2 5 1 428 429 2833
461 2 2 5 1 129 357 2841
462 2 2 5 1 2361 3263 3309
463 2 2 5 1 2641 2226 2875
464 2 2 5 1 378 2856 3691
465 2 2 5 1 2517 730 4003
466 2 2 5 1 1028 3213 3914
467 2 2 5 1 308 307 2627
468 2 2 5 1 2797 2581 3945
469 2 2 5 1 466 468 2620
470 2 2 5 1 2441 368 3910
471 2 2 5 1 2948 401 3623
472 2 2 5 1 500 2608 4061
473 2 2 5 1 939 3316 3629
474 2 2 5 1 1403 2700 3581
475 2 2 5 1 1566 2790 3661
476 2 2 5 1 2709 2539 3968
477 2 2 5 1 1262 3535 3965
478 2 2 5 1 1896 3481 4023
479 2 2 5 1 2561 1851 2864
480 2 2 5 1 344 2858 2965
481 2 2 5 1 2457 2948 3623
482 2 2 5 1 2688 385 2689
483 2 2 5 1 2443 2661 2672
484 2 2 5 1 3454 1894 3925
485 2 2 5 1 2531 2452 2593
486 2 2 5 1 1954 2552 2623
487 2 2 5 1 2856 2858 3691
488 2 2 5 1 2796 1054 2875
489 2 2 5 1 341 2976 3664
490 2 2 5 1 1522 2684 2821
491 2 2 5 1 2677 3443 3905
492 2 2 5 1 2325 2708 3668
493 2 2 5 1 1832 2616 3569
494 2 2 5 1 2595 2594 3357
495 2 2 5 1 3678 2781 3897
496 2 2 5 1 1079 1093 2508
497 2 2 5 1 348 2546 3864
498 2 2 5 1 340 2533 3480
499 2 2 5 1 2883 2164 4132
500 2 2 5 1 2224 2368 3607
501 2 2 5 1 1948 3566 4061
502 2 2 5 1 1904 2321 2562
503 2 2 5 1 1314 2536 4153
504 2 2 5 1 3316 2420 3629
505 2 2 5 1 2973 354 3522
506 2 2 5 1 2722 2545 3267
507 2 2 5 1 1877 2648 4083
508 2 2 5 1 3647 2606 3825
509 2 2 5 1 2606 2605 3825
510 2 2 5 1 3738 2487 3739
511 2 2 5 1 1351 2341 4091
512 2 2 5 1 1429 2847 3721
513 2 2 5 1 2710 2709 3968
514 2 2 5 1 1475 2626 3552
515 2 2 5 1 333 3174 3232
516 2 2 5 1 859 2562 3682
517 2 2 5 1 706 708 3791
518 2 2 5 1 2477 3649 4141
519 2 2 5 1 2500 2997 4193
520 2 2 5 1 2419 2415 3981
521 2 2 5 1 2847 2380 3721
522 2 2 5 1 2100 3698 3833
523 2 2 5 1 2571 2452 2653
524 2 2 5 1 2689 385 2707
525 2 2 5 1 3724 2441 3890
526 2 2 5 1 506 2576 2782
527 2 2 5 1 2675 2261 3851
528 2 2 5 1 2679 2224 3607
529 2 2 5 1 2667 1643 4044
530 2 2 5 1 859 858 3523
531 2 2 5 1 2617 3678 3897
532 2 2 5 1 3657 2369 4012
533 2 2 5 1 936 2535 2876
534 2 2 5 1 2707 329 2822
535 2 2 5 1 1912 2836 3627
536 2 2 5 1 2591 971 3717
537 2 2 5 1 2562 2321 3682
538 2 2 5 1 2822 329 3947
539 2 2 5 1 3573 3451 4247
540 2 2 5 1 2518 322 3033
541 2 2 5 1 542 2563 3690
542 2 2 5 1 444 2619 4207
543 2 2 5 1 1415 2640 2713
544 2 2 5 1 757 1643 2667
545 2 2 5 1 1849 1848 2515
546 2 2 5 1 2092 1760 2811
547 2 2 5 1 2700 2370 3581
548 2 2 5 1 101 102 2697
549 2 2 5 1 3569 2616 3979
550 2 2 5 1 2535 2724 2725
551 2 2 5 1 192 193 2714
552 2 2 5 1 508 510 2671
553 2 2 5 1 981 3265 3407
554 2 2 5 1 2162 2882 3538
555 2 2 5 1 1899 1900 2655
556 2 2 5 1 932 455 2581
557 2 2 5 1 2640 2276 2713
558 2 2 5 1 2331 2759 3494
559 2 2 5 1 2104 2108 2901
560 2 2 5 1 2759 2331 4009
561 2 2 5 1 322 2518 3031
562 2 2 5 1 1308 2519 3930
563 2 2 5 1 2795 1275 3921
564 2 2 5 1 760 763 2794
565 2 2 5 1 1946 2801 3561
566 2 2 5 1 2674 2261 2675
567 2 2 5 1 359 3465 3735
568 2 2 5 1 2195 3483 3529
569 2 2 5 1 552 938 3415
570 2 2 5 1 2354 3573 4189
571 2 2 5 1 1473 2578 2645
572 2 2 5 1 552 3415 3550
573 2 2 5 1 3174 333 3231
574 2 2 5 1 2953 1909 3057
575 2 2 5 1 2578 3434 3971
576 2 2 5 1 2151 2411 2716
577 2 2 5 1 2538 2325 4162
578 2 2 5 1 2497 2154 4069
579 2 2 5 1 3557 2547 3662
580 2 2 5 1 1883 1881 2814
581 2 2 5 1 1982 2457 3958
582 2 2 5 1 1542 2506 3579
583 2 2 5 1 2187 2898 3695
584 2 2 5 1 2519 1308 3742
585 2 2 5 1 2434 2730 3578
586 2 2 5 1 3443 2155 3905
587 2 2 5 1 2595 3357 3358
588 2 2 5 1 332 2680 3515
589 2 2 5 1 2406 425 4042
590 2 2 5 1 540 542 2525
591 2 2 5 1 988 986 3869
592 2 2 5 1 1914 1913 2973
593 2 2 5 1 346 2577 2829
594 2 2 5 1 3244 347 3492
595 2 2 5 1 1873 1072 2652
596 2 2 5 1 3458 2275 3977
597 2 2 5 1 3857 2198 3975
598 2 2 5 1 1465 1385 2804
599 2 2 5 1 2719 2720 3497
600 2 2 5 1 2775 2118 2911
601 2 2 5 1 2938 2220 3109
602 2 2 5 1 1849 2515 4150
603 2 2 5 1 2507 1535 3540
604 2 2 5 1 2151 1823 2411
605 2 2 5 1 2362 2151 3758
606 2 2 5 1 2590 2591 3517
607 2 2 5 1 2699 2959 3138
608 2 2 5 1 3703 151 4047
609 2 2 5 1 423 425 2406
610 2 2 5 1 2744 3857 3975
611 2 2 5 1 40 327 3090
612 2 2 5 1 2965 2858 3533
613 2 2 5 1 2320 1765 2867
614 2 2 5 1 477 479 3575
615 2 2 5 1 2608 500 4106
616 2 2 5 1 2546 348 3874
617 2 2 5 1 2875 1054 3740
618 2 2 5 1 1512 1391 2631
619 2 2 5 1 2190 2865 3658
620 2 2 5 1 2530 2563 2912
621 2 2 5 1 2528 2673 2837
622 2 2 5 1 2874 3429 3584
623 2 2 5 1 2546 2547 3864
624 2 2 5 1 2084 2823 3040
625 2 2 5 1 3474 992 3547
626 2 2 5 1 347 3244 3802
627 2 2 5 1 126 329 2707
628 2 2 5 1 385 125 2707
629 2 2 5 1 2482 383 3564
630 2 2 5 1 1695 2226 2641
631 2 2 5 1 2448 3442 3923
632 2 2 5 1 2712 1201 4059
633 2 2 5 1 2363 366 3770
634 2 2 5 1 2108 2670 2901
635 2 2 5 1 352 2649 3509
636 2 2 5 1 2571 3474 3547
637 2 2 5 1 2635 1899 2655
638 2 2 5 1 2632 1930 3645
639 2 2 5 1 339 2787 3602
640 2 2 5 1 3412 2473 3679
641 2 2 5 1 3048 3703 4047
642 2 2 5 1 2599 1931 4177
643 2 2 5 1 2630 845 3631
644 2 2 5 1 2649 3513 3653
645 2 2 5 1 3708 2223 3800
646 2 2 5 1 531 2566 2567
647 2 2 5 1 1429 1249 2847
648 2 2 5 1 508 2671 2691
649 2 2 5 1 3621 2652 3622
650 2 2 5 1 414 3607 4138
651 2 2 5 1 1842 2740 3331
652 2 2 5 1 2551 2342 3213
653 2 2 5 1 549 1998 2590
654 2 2 5 1 1931 2599 3980
655 2 2 5 1 2735 1908 4144
656 2 2 5 1 2663 3746 3978
657 2 2 5 1 37 358 2937
658 2 2 5 1 388 36 2937
659 2 2 5 1 2566 531 4159
660 2 2 5 1 383 2482 3892
661 2 2 5 1 3566 1948 3830
662 2 2 5 1 2652 1072 4095
663 2 2 5 1 971 2591 3718
664 2 2 5 1 2786 2328 3841
665 2 2 5 1 1966 2261 2674
666 2 2 5 1 3213 2342 3914
667 2 2 5 1 3629 2420 3887
668 2 2 5 1 1298 2379 2613
669 2 2 5 1 1307 2569 3741
670 2 2 5 1 1851 2561 3566
671 2 2 5 1 2730 2434 3846
672 2 2 5 1 986 1950 3869
673 2 2 5 1 2822 2255 3684
674 2 2 5 1 3698 2967 3833
675 2 2 5 1 2710 3498 3819
676 2 2 5 1 2626 2384 3552
677 2 2 5 1 2766 1947 2907
678 2 2 5 1 1493 3876 4012
679 2 2 5 1 2650 2652 3621
680 2 2 5 1 388 2929 3531
681 2 2 5 1 2342 2551 3508
682 2 2 5 1 22 346 2829
683 2 2 5 1 2478 2862 3762
684 2 2 5 1 2801 2803 3561
685 2 2 5 1 2471 418 4172
686 2 2 5 1 2548 412 3630
687 2 2 5 1 1950 3744 3745
688 2 2 5 1 362 2534 2819
689 2 2 5 1 749 3412 3679
690 2 2 5 1 180 2923 3795
691 2 2 5 1 1913 2273 2973
692 2 2 5 1 1293 1294 1295
693 2 2 5 1 2520 2795 3921
694 2 2 5 1 1272 1271 1273
695 2 2 5 1 758 757 759
696 2 2 5 1 3173 2121 3232
697 2 2 5 1 3572 3451 3573
698 2 2 5 1 2420 3025 3887
699 2 2 5 1 1291 1292 1293
700 2 2 5 1 712 2583 2783
701 2 2 5 1 550 2525 2526
702 2 2 5 1 2510 2508 2511
703 2 2 5 1 368 16 402
704 2 2 5 1 2923 180 4045
705 2 2 5 1 1625 1623 2502
706 2 2 5 1 2515 2514 2516
707 2 2 5 1 365 101 2697
708 2 2 5 1 3785 1512 3974
709 2 2 5 1 2504 2502 2505
710 2 2 5 1 1367 1368 1369
711 2 2 5 1 785 511 1623
712 2 2 5 1 1270 1255 1271
713 2 2 5 1 756 527 757
714 2 2 5 1 3579 2506 4068
715 2 2 5 1 2570 1307 3594
716 2 2 5 1 2233 3615 4146
717 2 2 5 1 510 516 2671
718 2 2 5 1 2419 3824 4164
719 2 2 5 1 2734 2735 4144
720 2 2 5 1 1359 1355 1626
721 2 2 5 1 1391 1370 2631
722 2 2 5 1 1297 1294 2820
723 2 2 5 1 2542 2541 2543
724 2 2 5 1 1728 1726 2802
725 2 2 5 1 529 528 3550
726 2 2 5 1 2961 1980 3653
727 2 2 5 1 3263 323 3309
728 2 2 5 1 1369 1370 1391
729 2 2 5 1 480 1032 1033
730 2 2 5 1 2570 3922 3966
731 2 2 5 1 3442 2336 3923
732 2 2 5 1 3900 2221 4008
733 2 2 5 1 3755 3754 4190
734 2 2 5 1 793 795 2846
735 2 2 5 1 2479 1969 2480
736 2 2 5 1 133 134 3033
737 2 2 5 1 2452 2451 2593
738 2 2 5 1 2757 3900 4008
739 2 2 5 1 480 471 1032
740 2 2 5 1 1369 1368 1370
741 2 2 5 1 516 2587 2671
742 2 2 5 1 3504 2424 3554
743 2 2 5 1 459 418 2471
744 2 2 5 1 1262 1265 3535
745 2 2 5 1 2542 2543 2599
746 2 2 5 1 2154 2170 4069
747 2 2 5 1 2576 506 3753
748 2 2 5 1 3065 3303 4213
749 2 2 5 1 2593 2451 3816
750 2 2 5 1 758 759 760
751 2 2 5 1 1602 2651 4179
752 2 2 5 1 756 757 758
753 2 2 5 1 2587 516 2610
754 2 2 5 1 1452 2713 4071
755 2 2 5 1 1272 1273 1274
756 2 2 5 1 746 2597 2814
757 2 2 5 1 3481 3482 4023
758 2 2 5 1 1996 2742 3777
759 2 2 5 1 2673 1058 2837
760 2 2 5 1 1367 1364 1368
761 2 2 5 1 39 40 3090
762 2 2 5 1 1270 1271 1272
763 2 2 5 1 2245 2459 2805
764 2 2 5 1 2417 2104 2901
765 2 2 5 1 2474 3318 3700
766 2 2 5 1 3581 2370 3884
767 2 2 5 1 3065 2218 3303
768 2 2 5 1 1946 1728 2802
769 2 2 5 1 2410 2184 2453
770 2 2 5 1 979 2585 2825
771 2 2 5 1 2625 740 3387
772 2 2 5 1 1980 2961 4145
773 2 2 5 1 845 2630 3918
774 2 2 5 1 2687 2223 3708
775 2 2 5 1 2341 1359 3645
776 2 2 5 1 1823 2410 2411
777 2 2 5 1 1831 2936 2938
778 2 2 5 1 2836 1912 3891
779 2 2 5 1 2571 1061 3474
780 2 2 5 1 1465 2804 4097
781 2 2 5 1 2855 2537 4126
782 2 2 5 1 2324 2325 3668
783 2 2 5 1 1623 1624 1965
784 2 2 5 1 128 129 2841
785 2 2 5 1 2436 2664 4105
786 2 2 5 1 537 536 538
787 2 2 5 1 1616 2508 2510
788 2 2 5 1 2378 2761 2762
789 2 2 5 1 2789 2584 3661
790 2 2 5 1 1656 3662 3863
791 2 2 5 1 1538 2594 2848
792 2 2 5 1 550 540 2525
793 2 2 5 1 760 759 761
794 2 2 5 1 1274 1273 1276
795 2 2 5 1 2937 358 2938
796 2 2 5 1 3468 2326 3958
797 2 2 5 1 2769 744 2770
798 2 2 5 1 2823 2822 3684
799 2 2 5 1 1079 1033 1093
800 2 2 5 1 2664 372 4105
801 2 2 5 1 730 423 2406
802 2 2 5 1 2650 1873 2652
803 2 2 5 1 3318 1753 3700
804 2 2 5 1 3674 3358 3855
805 2 2 5 1 538 540 550
806 2 2 5 1 322 3031 3729
807 2 2 5 1 2552 1954 3879
808 2 2 5 1 504 505 511
809 2 2 5 1 403 406 407
810 2 2 5 1 1965 1966 2674
811 2 2 5 1 1293 1292 1294
812 2 2 5 1 2741 469 2742
813 2 2 5 1 1616 1079 2508
814 2 2 5 1 416 418 459
815 2 2 5 1 1362 1364 1367
816 2 2 5 1 1295 1294 1296
817 2 2 5 1 2597 746 2780
818 2 2 5 1 533 536 537
819 2 2 5 1 468 471 480
820 2 2 5 1 421 423 730
821 2 2 5 1 1626 2541 2542
822 2 2 5 1 708 3407 3791
823 2 2 5 1 2557 342 4112
824 2 2 5 1 326 2892 3140
825 2 2 5 1 3744 1950 3821
826 2 2 5 1 2333 2598 2851
827 2 2 5 1 1476 1557 3475
828 2 2 5 1 1353 1355 1359
829 2 2 5 1 2696 2205 3600
830 2 2 5 1 1961 2603 3486
831 2 2 5 1 2000 2635 2655
832 2 2 5 1 1904 1849 2321
833 2 2 5 1 2205 2974 3600
834 2 2 5 1 1287 1289 1291
835 2 2 5 1 402 371 403
836 2 2 5 1 1622 1620 1848
837 2 2 5 1 1253 1255 1270
838 2 2 5 1 1295 1296 1317
839 2 2 5 1 1864 2209 2656
840 2 2 5 1 520 527 756
841 2 2 5 1 2619 466 2620
842 2 2 5 1 2879 1411 3773
843 2 2 5 1 545 548 553
844 2 2 5 1 3479 3746 3765
845 2 2 5 1 2680 2807 3515
846 2 2 5 1 1405 1351 4091
847 2 2 5 1 1247 1248 1249
848 2 2 5 1 425 428 489
849 2 2 5 1 482 485 493
850 2 2 5 1 2647 2340 3787
851 2 2 5 1 2646 2538 4162
852 2 2 5 1 1291 1289 1292
853 2 2 5 1 2577 346 4038
854 2 2 5 1 2787 2815 3602
855 2 2 5 1 1848 2514 2515
856 2 2 5 1 2123 1904 2562
857 2 2 5 1 407 409 410
858 2 2 5 1 1941 2462 4180
859 2 2 5 1 1622 1848 1849
860 2 2 5 1 1349 1351 1405
861 2 2 5 1 2370 3318 3884
862 2 2 5 1 1579 3416 4259
863 2 2 5 1 2584 2789 4041
864 2 2 5 1 3138 379 4156
865 2 2 5 1 1819 1817 2479
866 2 2 5 1 1249 1250 1251
867 2 2 5 1 2592 2361 3309
868 2 2 5 1 2154 2497 3893
869 2 2 5 1 3763 355 3795
870 2 2 5 1 2526 2525 2527
871 2 2 5 1 403 3879 3910
872 2 2 5 1 517 520 4058
873 2 2 5 1 2985 2890 3576
874 2 2 5 1 3657 2623 3769
875 2 2 5 1 407 410 413
876 2 2 5 1 2346 3465 4234
877 2 2 5 1 2512 2710 3819
878 2 2 5 1 758 760 2794
879 2 2 5 1 2700 3785 3974
880 2 2 5 1 3174 3173 3232
881 2 2 5 1 368 402 3910
882 2 2 5 1 2572 391 3299
883 2 2 5 1 2740 1842 3929
884 2 2 5 1 553 548 554
885 2 2 5 1 3416 1579 3710
886 2 2 5 1 1326 1340 2582
887 2 2 5 1 2565 1602 3883
888 2 2 5 1 1848 2513 2514
889 2 2 5 1 2828 997 3493
890 2 2 5 1 1817 1815 1969
891 2 2 5 1 3538 2882 3972
892 2 2 5 1 1247 1249 1429
893 2 2 5 1 2410 4029 4182
894 2 2 5 1 1210 932 2581
895 2 2 5 1 1411 2879 4064
896 2 2 5 1 1251 1252 1253
897 2 2 5 1 1815 1625 2504
898 2 2 5 1 3645 1930 3927
899 2 2 5 1 785 1623 1625
900 2 2 5 1 2676 3811 4277
901 2 2 5 1 429 432 2833
902 2 2 5 1 488 491 2544
903 2 2 5 1 193 364 2714
904 2 2 5 1 1349 1350 1351
905 2 2 5 1 493 485 2561
906 2 2 5 1 410 411 414
907 2 2 5 1 2798 2170 2843
908 2 2 5 1 2640 1415 4136
909 2 2 5 1 2654 3637 3638
910 2 2 5 1 1625 2502 2504
911 2 2 5 1 479 482 2409
912 2 2 5 1 2862 2877 3762
913 2 2 5 1 747 2580 3488
914 2 2 5 1 1620 1617 2513
915 2 2 5 1 708 710 3407
916 2 2 5 1 542 545 2563
917 2 2 5 1 418 421 4172
918 2 2 5 1 1340 1342 1523
919 2 2 5 1 504 511 785
920 2 2 5 1 3481 1896 3761
921 2 2 5 1 3519 1862 4090
922 2 2 5 1 521 523 3411
923 2 2 5 1 2531 2528 2837
924 2 2 5 1 2668 341 3664
925 2 2 5 1 446 466 2619
926 2 2 5 1 2681 2092 2811
927 2 2 5 1 1760 1947 2811
928 2 2 5 1 444 446 2619
929 2 2 5 1 2563 2530 3690
930 2 2 5 1 1374 1390 2657
931 2 2 5 1 544 3754 3766
932 2 2 5 1 1747 2278 3824
933 2 2 5 1 2510 2511 2630
934 2 2 5 1 1367 2645 3827
935 2 2 5 1 2753 2071 4261
936 2 2 5 1 2626 1475 3491
937 2 2 5 1 207 372 2664
938 2 2 5 1 459 2471 2648
939 2 2 5 1 3511 2904 3619
940 2 2 5 1 1615 1293 2642
941 2 2 5 1 172 2588 3848
942 2 2 5 1 2943 335 3541
943 2 2 5 1 1476 1556 1557
944 2 2 5 1 1295 1318 2642
945 2 2 5 1 1253 1254 1255
946 2 2 5 1 1351 1352 1353
947 2 2 5 1 1821 1819 2184
948 2 2 5 1 2703 2101 2704
949 2 2 5 1 1976 2772 2845
950 2 2 5 1 2476 2764 3584
951 2 2 5 1 491 496 500
952 2 2 5 1 2418 3416 3688
953 2 2 5 1 1480 1416 2844
954 2 2 5 1 1033 1032 4220
955 2 2 5 1 535 3590 3618
956 2 2 5 1 2611 3906 4146
957 2 2 5 1 2226 1210 2581
958 2 2 5 1 3872 1055 4194
959 2 2 5 1 2823 1139 3040
960 2 2 5 1 1237 1239 1243
961 2 2 5 1 326 3140 3714
962 2 2 5 1 3031 3032 3729
963 2 2 5 1 2768 1984 2870
964 2 2 5 1 21 22 2829
965 2 2 5 1 2409 493 3562
966 2 2 5 1 501 503 504
967 2 2 5 1 2118 2777 3699
968 2 2 5 1 2245 2805 3563
969 2 2 5 1 1819 2479 4081
970 2 2 5 1 2649 2216 3509
971 2 2 5 1 520 521 527
972 2 2 5 1 1881 2279 2814
973 2 2 5 1 2597 1883 2814
974 2 2 5 1 2513 1617 4183
975 2 2 5 1 1862 2656 4090
976 2 2 5 1 3283 3284 3614
977 2 2 5 1 414 415 416
978 2 2 5 1 1626 2540 2541
979 2 2 5 1 2465 3872 4194
980 2 2 5 1 2952 2953 3057
981 2 2 5 1 2588 172 4067
982 2 2 5 1 420 2627 3422
983 2 2 5 1 1894 3801 4198
984 2 2 5 1 466 467 468
985 2 2 5 1 555 729 2912
986 2 2 5 1 1353 1354 1355
987 2 2 5 1 2923 2922 3795
988 2 2 5 1 2768 2766 2907
989 2 2 5 1 1244 1246 1247
990 2 2 5 1 1296 1298 2613
991 2 2 5 1 3799 1566 4244
992 2 2 5 1 2734 2215 3779
993 2 2 5 1 340 2956 4060
994 2 2 5 1 2682 2232 2683
995 2 2 5 1 3810 3625 4283
996 2 2 5 1 2215 2734 4144
997 2 2 5 1 2679 1877 3507
998 2 2 5 1 1359 1626 2632
999 2 2 5 1 1966 1968 2261
1000 2 2 5 1 2105 2867 3319
1001 2 2 5 1 2764 2476 4118
1002 2 2 5 1 2071 2753 4262
1003 2 2 5 1 341 2668 3967
1004 2 2 5 1 528 552 3550
1005 2 2 5 1 2804 2425 4097
1006 2 2 5 1 1817 1969 2479
1007 2 2 5 1 1823 1821 2410
1008 2 2 5 1 3589 2879 3773
1009 2 2 5 1 1265 3534 3535
1010 2 2 5 1 2341 3645 4176
1011 2 2 5 1 2669 2828 3493
1012 2 2 5 1 2354 1588 3894
1013 2 2 5 1 2252 2450 3547
1014 2 2 5 1 1456 1447 2884
1015 2 2 5 1 2929 2928 3531
1016 2 2 5 1 2113 3665 3992
1017 2 2 5 1 2074 2570 3966
1018 2 2 5 1 408 3267 4080
1019 2 2 5 1 3839 2517 3860
1020 2 2 5 1 2469 2125 2585
1021 2 2 5 1 1294 1292 2820
1022 2 2 5 1 3683 1615 4263
1023 2 2 5 1 1351 1353 2341
1024 2 2 5 1 3590 2621 3618
1025 2 2 5 1 2685 1754 2821
1026 2 2 5 1 1235 1237 2711
1027 2 2 5 1 425 489 4042
1028 2 2 5 1 2703 2704 4252
1029 2 2 5 1 2480 1969 2481
1030 2 2 5 1 391 2572 3709
1031 2 2 5 1 2610 2712 4059
1032 2 2 5 1 468 470 471
1033 2 2 5 1 2698 369 3017
1034 2 2 5 1 416 417 418
1035 2 2 5 1 2670 2108 3502
1036 2 2 5 1 3102 351 3603
1037 2 2 5 1 3517 2591 3717
1038 2 2 5 1 491 500 2544
1039 2 2 5 1 2585 3484 4011
1040 2 2 5 1 335 2943 3853
1041 2 2 5 1 537 538 3816
1042 2 2 5 1 2074 3966 3988
1043 2 2 5 1 2841 357 4197
1044 2 2 5 1 815 3453 3521
1045 2 2 5 1 2611 1467 3906
1046 2 2 5 1 2670 3502 3688
1047 2 2 5 1 458 933 3537
1048 2 2 5 1 1346 1348 1349
1049 2 2 5 1 2454 406 2830
1050 2 2 5 1 2073 2074 3988
1051 2 2 5 1 1695 1210 2226
1052 2 2 5 1 123 124 2871
1053 2 2 5 1 1284 1287 3683
1054 2 2 5 1 1061 2653 3460
1055 2 2 5 1 2772 2874 3584
1056 2 2 5 1 3948 3253 4060
1057 2 2 5 1 2682 2683 2686
1058 2 2 5 1 925 2692 3909
1059 2 2 5 1 1262 1263 1265
1060 2 2 5 1 3303 350 4213
1061 2 2 5 1 3573 2607 4189
1062 2 2 5 1 1034 1033 1079
1063 2 2 5 1 3728 3349 3752
1064 2 2 5 1 2164 2157 2443
1065 2 2 5 1 2330 2729 3430
1066 2 2 5 1 3593 981 3701
1067 2 2 5 1 368 2441 4062
1068 2 2 5 1 1557 1602 3805
1069 2 2 5 1 414 416 3607
1070 2 2 5 1 1340 1523 2582
1071 2 2 5 1 2109 3951 4021
1072 2 2 5 1 2724 524 2725
1073 2 2 5 1 2595 3358 3555
1074 2 2 5 1 3876 3656 4012
1075 2 2 5 1 2533 2442 3480
1076 2 2 5 1 1370 1372 2631
1077 2 2 5 1 2662 1772 4208
1078 2 2 5 1 2450 2452 2571
1079 2 2 5 1 1360 1361 1362
1080 2 2 5 1 1303 1321 2677
1081 2 2 5 1 2509 1093 2708
1082 2 2 5 1 1383 1465 2695
1083 2 2 5 1 1402 1415 2713
1084 2 2 5 1 2635 2000 2885
1085 2 2 5 1 510 513 516
1086 2 2 5 1 2622 337 4170
1087 2 2 5 1 2508 2509 4199
1088 2 2 5 1 2446 3674 3855
1089 2 2 5 1 1557 1556 1602
1090 2 2 5 1 2865 1963 3658
1091 2 2 5 1 1623 511 1624
1092 2 2 5 1 1614 3852 3860
1093 2 2 5 1 1821 2184 2410
1094 2 2 5 1 1366 2232 2682
1095 2 2 5 1 1370 1371 1372
1096 2 2 5 1 1909 2953 4155
1097 2 2 5 1 2462 2107 4018
1098 2 2 5 1 553 555 2912
1099 2 2 5 1 2275 2277 3977
1100 2 2 5 1 2956 3948 4060
1101 2 2 5 1 377 2815 2957
1102 2 2 5 1 2450 2451 2452
1103 2 2 5 1 1372 1374 2657
1104 2 2 5 1 2509 2708 2709
1105 2 2 5 1 550 2593 3816
1106 2 2 5 1 418 419 421
1107 2 2 5 1 1355 1356 2540
1108 2 2 5 1 446 452 466
1109 2 2 5 1 517 519 520
1110 2 2 5 1 500 496 501
1111 2 2 5 1 2607 2095 2644
1112 2 2 5 1 1362 1363 1364
1113 2 2 5 1 531 532 533
1114 2 2 5 1 795 823 2846
1115 2 2 5 1 403 407 2552
1116 2 2 5 1 2541 2560 2578
1117 2 2 5 1 2536 3697 4238
1118 2 2 5 1 2619 2468 4207
1119 2 2 5 1 3570 360 3959
1120 2 2 5 1 553 554 555
1121 2 2 5 1 1251 1253 3793
1122 2 2 5 1 2084 2689 2823
1123 2 2 5 1 4113 1342 4268
1124 2 2 5 1 2240 2725 3591
1125 2 2 5 1 2437 1682 3585
1126 2 2 5 1 476 2661 3978
1127 2 2 5 1 2575 2404 3524
1128 2 2 5 1 2403 2617 4171
1129 2 2 5 1 2409 3562 3943
1130 2 2 5 1 1926 1695 2641
1131 2 2 5 1 760 761 762
1132 2 2 5 1 1274 1276 1277
1133 2 2 5 1 2328 2786 3845
1134 2 2 5 1 1243 1239 1244
1135 2 2 5 1 771 3985 4036
1136 2 2 5 1 406 371 2830
1137 2 2 5 1 403 371 406
1138 2 2 5 1 3780 3408 3926
1139 2 2 5 1 1965 1624 1966
1140 2 2 5 1 1235 2711 4276
1141 2 2 5 1 2828 3593 3701
1142 2 2 5 1 3951 2752 4021
1143 2 2 5 1 2561 485 4284
1144 2 2 5 1 2252 3547 4094
1145 2 2 5 1 1902 1942 2876
1146 2 2 5 1 88 3850 4066
1147 2 2 5 1 2758 2548 3956
1148 2 2 5 1 2522 2349 2624
1149 2 2 5 1 2842 3638 4174
1150 2 2 5 1 2678 1316 4200
1151 2 2 5 1 3746 2663 3747
1152 2 2 5 1 2457 3623 3958
1153 2 2 5 1 2607 2243 4189
1154 2 2 5 1 3475 1557 3476
1155 2 2 5 1 351 3102 3919
1156 2 2 5 1 1244 1247 2375
1157 2 2 5 1 2763 2788 2789
1158 2 2 5 1 538 539 540
1159 2 2 5 1 1682 2598 3585
1160 2 2 5 1 134 392 3033
1161 2 2 5 1 322 133 3033
1162 2 2 5 1 337 2622 3654
1163 2 2 5 1 2763 2789 2790
1164 2 2 5 1 1080 1079 1616
1165 2 2 5 1 504 503 505
1166 2 2 5 1 533 534 536
1167 2 2 5 1 1825 2791 3320
1168 2 2 5 1 1283 3551 4090
1169 2 2 5 1 3476 1557 4028
1170 2 2 5 1 2443 2157 2661
1171 2 2 5 1 1655 2088 4017
1172 2 2 5 1 3572 2354 3894
1173 2 2 5 1 2262 2703 3681
1174 2 2 5 1 2762 2791 3999
1175 2 2 5 1 3811 1284 3881
1176 2 2 5 1 2666 2236 2701
1177 2 2 5 1 393 3060 3462
1178 2 2 5 1 356 3504 3554
1179 2 2 5 1 1255 1256 3681
1180 2 2 5 1 2890 2906 3576
1181 2 2 5 1 2583 712 3772
1182 2 2 5 1 730 2406 4003
1183 2 2 5 1 2938 358 3924
1184 2 2 5 1 2578 2560 2645
1185 2 2 5 1 479 2409 2816
1186 2 2 5 1 1968 2125 2469
1187 2 2 5 1 2411 2410 4182
1188 2 2 5 1 3985 3330 4036
1189 2 2 5 1 421 422 423
1190 2 2 5 1 2617 2403 3678
1191 2 2 5 1 2095 2534 2644
1192 2 2 5 1 2157 1772 2662
1193 2 2 5 1 2262 2101 2703
1194 2 2 5 1 1573 2607 3573
1195 2 2 5 1 2613 2379 3619
1196 2 2 5 1 2762 2763 2791
1197 2 2 5 1 2123 2562 2692
1198 2 2 5 1 2532 2729 3994
1199 2 2 5 1 2526 2527 2528
1200 2 2 5 1 1317 1296 2613
1201 2 2 5 1 2479 2480 3516
1202 2 2 5 1 477 478 479
1203 2 2 5 1 1512 2631 3483
1204 2 2 5 1 1291 1293 1615
1205 2 2 5 1 407 406 409
1206 2 2 5 1 2185 1597 3471
1207 2 2 5 1 3712 3898 4143
1208 2 2 5 1 2631 2657 3483
1209 2 2 5 1 482 493 2409
1210 2 2 5 1 2524 350 4000
1211 2 2 5 1 2709 2708 3641
1212 2 2 5 1 2261 1968 2469
1213 2 2 5 1 2729 2532 4265
1214 2 2 5 1 1768 1060 2812
1215 2 2 5 1 2774 746 4217
1216 2 2 5 1 1258 1261 1262
1217 2 2 5 1 20 21 3639
1218 2 2 5 1 1908 2735 3506
1219 2 2 5 1 1356 1358 1360
1220 2 2 5 1 1247 1246 1248
1221 2 2 5 1 2542 2599 4177
1222 2 2 5 1 2645 1367 3655
1223 2 2 5 1 1522 2821 3901
1224 2 2 5 1 19 363 2830
1225 2 2 5 1 3727 1500 3961
1226 2 2 5 1 1984 2768 2907
1227 2 2 5 1 365 2639 3597
1228 2 2 5 1 2480 2481 2810
1229 2 2 5 1 1269 1284 3811
1230 2 2 5 1 3411 523 3993
1231 2 2 5 1 2742 1996 4020
1232 2 2 5 1 1284 1285 1287
1233 2 2 5 1 1249 1248 1250
1234 2 2 5 1 2699 338 2959
1235 2 2 5 1 2736 514 2739
1236 2 2 5 1 2242 3453 3520
1237 2 2 5 1 2621 755 3618
1238 2 2 5 1 545 553 2563
1239 2 2 5 1 540 541 542
1240 2 2 5 1 2453 2184 2826
1241 2 2 5 1 381 2961 3653
1242 2 2 5 1 2902 1574 4229
1243 2 2 5 1 2643 535 3423
1244 2 2 5 1 1861 2133 3739
1245 2 2 5 1 3480 2442 3782
1246 2 2 5 1 3439 843 3496
1247 2 2 5 1 3650 2363 3886
1248 2 2 5 1 17 371 402
1249 2 2 5 1 2226 2581 2796
1250 2 2 5 1 787 789 2888
1251 2 2 5 1 2730 745 3578
1252 2 2 5 1 1293 1295 2642
1253 2 2 5 1 746 2814 4217
1254 2 2 5 1 2779 1659 3699
1255 2 2 5 1 493 2561 2864
1256 2 2 5 1 1096 1094 2886
1257 2 2 5 1 2323 2816 3796
1258 2 2 5 1 2725 524 3591
1259 2 2 5 1 1679 3649 3886
1260 2 2 5 1 350 2524 4213
1261 2 2 5 1 2791 1825 3999
1262 2 2 5 1 526 529 531
1263 2 2 5 1 501 504 3774
1264 2 2 5 1 2252 2449 2450
1265 2 2 5 1 985 2835 3539
1266 2 2 5 1 1586 3615 3972
1267 2 2 5 1 402 403 3910
1268 2 2 5 1 1326 2582 4242
1269 2 2 5 1 2539 2709 3641
1270 2 2 5 1 1295 1317 1318
1271 2 2 5 1 2565 1873 2651
1272 2 2 5 1 2718 2731 4265
1273 2 2 5 1 1848 1620 2513
1274 2 2 5 1 367 2664 3917
1275 2 2 5 1 1060 1037 2812
1276 2 2 5 1 2616 1832 3570
1277 2 2 5 1 3844 2192 3867
1278 2 2 5 1 423 424 425
1279 2 2 5 1 1615 2642 4158
1280 2 2 5 1 2555 2803 3704
1281 2 2 5 1 1296 1297 1298
1282 2 2 5 1 1912 3627 4072
1283 2 2 5 1 479 481 482
1284 2 2 5 1 1586 1584 3615
1285 2 2 5 1 1287 1288 1289
1286 2 2 5 1 3903 2419 4164
1287 2 2 5 1 1251 1250 1252
1288 2 2 5 1 3558 2372 3559
1289 2 2 5 1 938 1049 3415
1290 2 2 5 1 2661 2662 2663
1291 2 2 5 1 2877 2863 3628
1292 2 2 5 1 542 543 545
1293 2 2 5 1 2658 349 2659
1294 2 2 5 1 2639 365 4035
1295 2 2 5 1 410 409 411
1296 2 2 5 1 1862 1864 2656
1297 2 2 5 1 1557 3805 4028
1298 2 2 5 1 1914 2973 3522
1299 2 2 5 1 3429 2476 3584
1300 2 2 5 1 1300 1303 2677
1301 2 2 5 1 1850 1849 1904
1302 2 2 5 1 15 368 2647
1303 2 2 5 1 385 2688 2871
1304 2 2 5 1 1659 2779 4269
1305 2 2 5 1 3494 1302 3669
1306 2 2 5 1 2653 2837 3460
1307 2 2 5 1 2506 1408 3904
1308 2 2 5 1 369 2853 3017
1309 2 2 5 1 1621 1620 1622
1310 2 2 5 1 472 474 477
1311 2 2 5 1 2369 3657 3769
1312 2 2 5 1 2772 1976 2874
1313 2 2 5 1 1273 1271 2703
1314 2 2 5 1 1316 1761 4200
1315 2 2 5 1 2273 2972 2973
1316 2 2 5 1 3568 871 3624
1317 2 2 5 1 757 527 1643
1318 2 2 5 1 2184 1819 4081
1319 2 2 5 1 3566 2544 4061
1320 2 2 5 1 2579 1004 3592
1321 2 2 5 1 2001 3586 3733
1322 2 2 5 1 1049 1070 2559
1323 2 2 5 1 970 4013 4040
1324 2 2 5 1 2656 2209 3859
1325 2 2 5 1 209 2798 2843
1326 2 2 5 1 1349 1348 1350
1327 2 2 5 1 2642 1318 3461
1328 2 2 5 1 1298 1300 2379
1329 2 2 5 1 2760 1721 3990
1330 2 2 5 1 1312 1437 2827
1331 2 2 5 1 3665 2429 3992
1332 2 2 5 1 2378 2762 3999
1333 2 2 5 1 761 759 767
1334 2 2 5 1 740 2625 3934
1335 2 2 5 1 1058 2673 2914
1336 2 2 5 1 3873 3620 4228
1337 2 2 5 1 1721 2760 4009
1338 2 2 5 1 2592 351 3919
1339 2 2 5 1 2677 1321 3443
1340 2 2 5 1 1093 1033 3668
1341 2 2 5 1 1394 1391 1395
1342 2 2 5 1 3850 2894 4066
1343 2 2 5 1 545 546 548
1344 2 2 5 1 2706 2242 3520
1345 2 2 5 1 2901 1574 2902
1346 2 2 5 1 1351 1350 1352
1347 2 2 5 1 2718 1264 2731
1348 2 2 5 1 1253 1252 1254
1349 2 2 5 1 3970 2638 4281
1350 2 2 5 1 3663 3333 3776
1351 2 2 5 1 2552 413 2623
1352 2 2 5 1 936 2876 3423
1353 2 2 5 1 511 505 3705
1354 2 2 5 1 2324 1698 2325
1355 2 2 5 1 741 2781 3678
1356 2 2 5 1 2334 2363 3770
1357 2 2 5 1 2804 1452 3675
1358 2 2 5 1 2860 3568 3624
1359 2 2 5 1 3342 2750 3779
1360 2 2 5 1 2425 2804 3675
1361 2 2 5 1 2615 347 3802
1362 2 2 5 1 1269 1282 1284
1363 2 2 5 1 1372 1373 1374
1364 2 2 5 1 535 2643 3590
1365 2 2 5 1 744 2786 3841
1366 2 2 5 1 1366 2231 2232
1367 2 2 5 1 1562 1563 2808
1368 2 2 5 1 1626 1355 2540
1369 2 2 5 1 3998 1435 4082
1370 2 2 5 1 2943 2944 3853
1371 2 2 5 1 697 2885 3574
1372 2 2 5 1 2202 2626 2872
1373 2 2 5 1 425 426 428
1374 2 2 5 1 2605 346 3825
1375 2 2 5 1 1369 1391 1394
1376 2 2 5 1 2867 2499 3319
1377 2 2 5 1 2105 2628 2867
1378 2 2 5 1 1864 1925 2209
1379 2 2 5 1 2598 2333 4027
1380 2 2 5 1 516 513 517
1381 2 2 5 1 2543 2541 2578
1382 2 2 5 1 2532 2718 4265
1383 2 2 5 1 537 3816 4016
1384 2 2 5 1 15 16 368
1385 2 2 5 1 482 484 485
1386 2 2 5 1 2794 2825 4059
1387 2 2 5 1 1635 2201 2808
1388 2 2 5 1 291 1029 2720
1389 2 2 5 1 288 1410 2776
1390 2 2 5 1 311 744 2769
1391 2 2 5 1 2638 3582 4281
1392 2 2 5 1 3453 2242 3521
1393 2 2 5 1 2575 951 4049
1394 2 2 5 1 2233 2234 3615
1395 2 2 5 1 2633 3998 4082
1396 2 2 5 1 3615 2611 4146
1397 2 2 5 1 3984 1757 4006
1398 2 2 5 1 2649 352 3513
1399 2 2 5 1 1516 1480 2844
1400 2 2 5 1 2770 744 3841
1401 2 2 5 1 2750 3342 4070
1402 2 2 5 1 1563 1635 2808
1403 2 2 5 1 414 411 415
1404 2 2 5 1 1754 2685 2690
1405 2 2 5 1 2320 2628 4161
1406 2 2 5 1 1298 1299 1300
1407 2 2 5 1 3265 981 3593
1408 2 2 5 1 1249 1251 2847
1409 2 2 5 1 2734 2733 2735
1410 2 2 5 1 2772 2771 2845
1411 2 2 5 1 1905 1904 2123
1412 2 2 5 1 941 2877 3628
1413 2 2 5 1 2366 2838 2839
1414 2 2 5 1 360 3570 4043
1415 2 2 5 1 1873 2650 2651
1416 2 2 5 1 793 2846 4233
1417 2 2 5 1 2780 492 3405
1418 2 2 5 1 2670 1574 2901
1419 2 2 5 1 2340 2647 3724
1420 2 2 5 1 2202 2384 2626
1421 2 2 5 1 1812 2669 3493
1422 2 2 5 1 4013 2675 4040
1423 2 2 5 1 761 767 768
1424 2 2 5 1 1255 1254 1256
1425 2 2 5 1 3140 2524 3714
1426 2 2 5 1 2957 2815 3635
1427 2 2 5 1 2426 3611 3751
1428 2 2 5 1 1353 1352 1354
1429 2 2 5 1 1381 2695 2824
1430 2 2 5 1 1385 1387 2804
1431 2 2 5 1 1224 1226 2501
1432 2 2 5 1 2704 2101 3489
1433 2 2 5 1 2873 2272 3957
1434 2 2 5 1 351 2592 4117
1435 2 2 5 1 951 2575 4215
1436 2 2 5 1 328 123 2871
1437 2 2 5 1 124 385 2871
1438 2 2 5 1 1619 1617 1620
1439 2 2 5 1 2604 3073 4149
1440 2 2 5 1 2800 2802 4169
1441 2 2 5 1 520 519 521
1442 2 2 5 1 2623 1952 3783
1443 2 2 5 1 3863 3662 4065
1444 2 2 5 1 2563 553 2912
1445 2 2 5 1 21 2829 3639
1446 2 2 5 1 1237 1243 2711
1447 2 2 5 1 2697 102 3605
1448 2 2 5 1 1318 1317 1319
1449 2 2 5 1 466 452 467
1450 2 2 5 1 3831 1012 3949
1451 2 2 5 1 1635 2189 2201
1452 2 2 5 1 2717 323 3263
1453 2 2 5 1 1814 1625 1815
1454 2 2 5 1 2331 3494 3669
1455 2 2 5 1 2684 1522 3617
1456 2 2 5 1 2156 1772 2157
1457 2 2 5 1 485 488 4284
1458 2 2 5 1 2631 1372 2657
1459 2 2 5 1 2708 2325 3641
1460 2 2 5 1 534 1224 2665
1461 2 2 5 1 2776 1410 2777
1462 2 2 5 1 2597 2780 3405
1463 2 2 5 1 2618 2424 3504
1464 2 2 5 1 2876 2643 3423
1465 2 2 5 1 2684 2685 2821
1466 2 2 5 1 3416 1866 3688
1467 2 2 5 1 2407 3727 3961
1468 2 2 5 1 1054 2796 3731
1469 2 2 5 1 1623 1965 4237
1470 2 2 5 1 2742 469 3777
1471 2 2 5 1 1838 1652 2900
1472 2 2 5 1 2809 2201 2872
1473 2 2 5 1 2448 1996 3777
1474 2 2 5 1 483 3847 3935
1475 2 2 5 1 2729 2728 3430
1476 2 2 5 1 2429 3665 4127
1477 2 2 5 1 1284 3683 3881
1478 2 2 5 1 1844 3511 3619
1479 2 2 5 1 359 3735 4069
1480 2 2 5 1 3464 2495 3466
1481 2 2 5 1 2502 1623 4237
1482 2 2 5 1 2653 2531 2837
1483 2 2 5 1 2343 3439 3496
1484 2 2 5 1 347 2615 4053
1485 2 2 5 1 3681 1256 3849
1486 2 2 5 1 2243 2607 2644
1487 2 2 5 1 1437 1443 2827
1488 2 2 5 1 2088 3692 4017
1489 2 2 5 1 3060 393 3803
1490 2 2 5 1 755 2621 4230
1491 2 2 5 1 4173 729 4193
1492 2 2 5 1 17 18 371
1493 2 2 5 1 413 410 3608
1494 2 2 5 1 874 3728 3752
1495 2 2 5 1 2209 3579 4068
1496 2 2 5 1 2337 1516 2844
1497 2 2 5 1 485 487 488
1498 2 2 5 1 2166 1597 2185
1499 2 2 5 1 2904 2613 3619
1500 2 2 5 1 531 533 4159
1501 2 2 5 1 3567 389 3598
1502 2 2 5 1 174 175 2903
1503 2 2 5 1 1537 1456 2884
1504 2 2 5 1 547 2755 2757
1505 2 2 5 1 468 467 470
1506 2 2 5 1 1387 1452 2804
1507 2 2 5 1 815 812 3453
1508 2 2 5 1 2678 2537 2855
1509 2 2 5 1 2535 1902 2876
1510 2 2 5 1 1942 2643 2876
1511 2 2 5 1 2796 2581 2797
1512 2 2 5 1 2657 1390 3529
1513 2 2 5 1 1355 1354 1356
1514 2 2 5 1 1926 2641 2654
1515 2 2 5 1 2541 2540 2560
1516 2 2 5 1 416 415 417
1517 2 2 5 1 2799 1462 2801
1518 2 2 5 1 3308 391 3709
1519 2 2 5 1 3853 2944 4077
1520 2 2 5 1 480 1033 1034
1521 2 2 5 1 1698 1068 4162
1522 2 2 5 1 2326 1982 3958
1523 2 2 5 1 3466 2495 4209
1524 2 2 5 1 2258 3780 3926
1525 2 2 5 1 2088 2832 3692
1526 2 2 5 1 1291 1615 3683
1527 2 2 5 1 2802 1726 3548
1528 2 2 5 1 2761 2378 3433
1529 2 2 5 1 3426 3573 4247
1530 2 2 5 1 949 819 2852
1531 2 2 5 1 2536 2522 4153
1532 2 2 5 1 2744 2743 3488
1533 2 2 5 1 1872 1072 1873
1534 2 2 5 1 1617 1616 4183
1535 2 2 5 1 1349 3911 4098
1536 2 2 5 1 2885 2886 3574
1537 2 2 5 1 364 2898 3723
1538 2 2 5 1 2865 436 3835
1539 2 2 5 1 2615 2853 4053
1540 2 2 5 1 819 816 2852
1541 2 2 5 1 2676 1267 3811
1542 2 2 5 1 3524 2404 3899
1543 2 2 5 1 731 706 3791
1544 2 2 5 1 1310 1462 2799
1545 2 2 5 1 987 2266 2835
1546 2 2 5 1 1393 1379 2824
1547 2 2 5 1 2511 2508 4199
1548 2 2 5 1 14 2647 3787
1549 2 2 5 1 1409 3663 3776
1550 2 2 5 1 2850 2768 2870
1551 2 2 5 1 3823 1493 4012
1552 2 2 5 1 2506 3904 4023
1553 2 2 5 1 367 206 2664
1554 2 2 5 1 1815 2504 4251
1555 2 2 5 1 3232 2121 3567
1556 2 2 5 1 1575 1574 2670
1557 2 2 5 1 1277 1276 1278
1558 2 2 5 1 1383 1385 1465
1559 2 2 5 1 1772 1769 4208
1560 2 2 5 1 2599 2543 3749
1561 2 2 5 1 1370 1368 1371
1562 2 2 5 1 3073 2604 4131
1563 2 2 5 1 1381 1383 2695
1564 2 2 5 1 2417 2901 2902
1565 2 2 5 1 207 208 372
1566 2 2 5 1 1451 2612 4030
1567 2 2 5 1 1816 1815 1817
1568 2 2 5 1 2435 2739 3846
1569 2 2 5 1 3490 547 4008
1570 2 2 5 1 2093 2634 3962
1571 2 2 5 1 2997 4173 4193
1572 2 2 5 1 762 761 3477
1573 2 2 5 1 369 2698 3518
1574 2 2 5 1 2156 2157 2164
1575 2 2 5 1 2664 2436 3917
1576 2 2 5 1 549 1065 1998
1577 2 2 5 1 3303 2218 3304
1578 2 2 5 1 2630 3631 3907
1579 2 2 5 1 2845 2870 2913
1580 2 2 5 1 969 787 2888
1581 2 2 5 1 789 950 2888
1582 2 2 5 1 2963 2165 3833
1583 2 2 5 1 2692 925 3810
1584 2 2 5 1 2630 2511 3545
1585 2 2 5 1 432 433 436
1586 2 2 5 1 432 436 2832
1587 2 2 5 1 1379 1381 2824
1588 2 2 5 1 16 17 402
1589 2 2 5 1 2211 3620 3873
1590 2 2 5 1 1300 1301 1303
1591 2 2 5 1 1031 3899 3973
1592 2 2 5 1 2347 1537 2884
1593 2 2 5 1 2348 2347 2349
1594 2 2 5 1 2886 1094 2917
1595 2 2 5 1 1626 2542 2632
1596 2 2 5 1 360 2609 4264
1597 2 2 5 1 360 188 2701
1598 2 2 5 1 3714 2524 4000
1599 2 2 5 1 2745 2746 3630
1600 2 2 5 1 2568 3411 3993
1601 2 2 5 1 2896 3984 4006
1602 2 2 5 1 1049 2559 3415
1603 2 2 5 1 3502 2418 3688
1604 2 2 5 1 814 812 815
1605 2 2 5 1 2858 344 3691
1606 2 2 5 1 205 206 367
1607 2 2 5 1 2206 2818 3776
1608 2 2 5 1 1275 1274 3546
1609 2 2 5 1 1262 1261 1263
1610 2 2 5 1 2000 1096 2886
1611 2 2 5 1 2905 2373 3721
1612 2 2 5 1 2808 2809 2869
1613 2 2 5 1 488 490 491
1614 2 2 5 1 3847 2705 3935
1615 2 2 5 1 2133 2136 3739
1616 2 2 5 1 2558 2556 2900
1617 2 2 5 1 2391 3535 3895
1618 2 2 5 1 471 470 472
1619 2 2 5 1 1316 1323 1761
1620 2 2 5 1 818 816 819
1621 2 2 5 1 342 2558 2903
1622 2 2 5 1 1090 884 3470
1623 2 2 5 1 2792 1028 3914
1624 2 2 5 1 1574 1532 4229
1625 2 2 5 1 3712 2382 3898
1626 2 2 5 1 1353 1359 2341
1627 2 2 5 1 4053 2853 4280
1628 2 2 5 1 418 417 419
1629 2 2 5 1 1265 1263 2676
1630 2 2 5 1 1362 1367 3827
1631 2 2 5 1 1415 1419 1476
1632 2 2 5 1 2884 3632 3807
1633 2 2 5 1 1754 1458 3756
1634 2 2 5 1 1889 3562 3868
1635 2 2 5 1 1360 1358 1361
1636 2 2 5 1 1342 1344 4268
1637 2 2 5 1 2272 2873 4128
1638 2 2 5 1 2152 1542 3579
1639 2 2 5 1 1235 1236 1237
1640 2 2 5 1 871 2706 3520
1641 2 2 5 1 2352 1578 3457
1642 2 2 5 1 756 758 1201
1643 2 2 5 1 1387 1389 1452
1644 2 2 5 1 3090 327 4202
1645 2 2 5 1 1374 1375 1376
1646 2 2 5 1 2819 2534 3626
1647 2 2 5 1 538 536 539
1648 2 2 5 1 883 869 884
1649 2 2 5 1 1446 1644 3421
1650 2 2 5 1 2604 4149 4225
1651 2 2 5 1 488 2544 4284
1652 2 2 5 1 1818 1817 1819
1653 2 2 5 1 3962 2634 4056
1654 2 2 5 1 1289 1290 2589
1655 2 2 5 1 3796 2816 3944
1656 2 2 5 1 2118 2117 2911
1657 2 2 5 1 2683 2232 2684
1658 2 2 5 1 2803 2827 3704
1659 2 2 5 1 430 3731 4100
1660 2 2 5 1 2763 1240 2788
1661 2 2 5 1 697 2834 2885
1662 2 2 5 1 1362 1361 1363
1663 2 2 5 1 1395 1391 1512
1664 2 2 5 1 363 2842 4174
1665 2 2 5 1 3725 2520 3921
1666 2 2 5 1 1340 1341 1342
1667 2 2 5 1 3737 3592 4141
1668 2 2 5 1 2733 2726 2735
1669 2 2 5 1 2745 968 2746
1670 2 2 5 1 2755 755 2756
1671 2 2 5 1 2771 748 2845
1672 2 2 5 1 1985 949 2852
1673 2 2 5 1 2864 1851 4206
1674 2 2 5 1 2350 2349 2522
1675 2 2 5 1 3232 3567 3598
1676 2 2 5 1 395 2819 3626
1677 2 2 5 1 292 291 2720
1678 2 2 5 1 312 311 2769
1679 2 2 5 1 289 288 2776
1680 2 2 5 1 429 431 432
1681 2 2 5 1 2450 2449 2451
1682 2 2 5 1 2609 360 4043
1683 2 2 5 1 1981 2880 3854
1684 2 2 5 1 1272 1274 1275
1685 2 2 5 1 2266 3813 4072
1686 2 2 5 1 2589 1290 2678
1687 2 2 5 1 1878 2679 3507
1688 2 2 5 1 1305 1310 2799
1689 2 2 5 1 2196 1516 2337
1690 2 2 5 1 2860 3624 3666
1691 2 2 5 1 2882 2162 3894
1692 2 2 5 1 1579 2150 3710
1693 2 2 5 1 2520 2521 2795
1694 2 2 5 1 555 554 556
1695 2 2 5 1 2818 3844 3867
1696 2 2 5 1 2612 1451 4101
1697 2 2 5 1 2603 2604 4225
1698 2 2 5 1 3631 845 3634
1699 2 2 5 1 2201 2202 2872
1700 2 2 5 1 3565 2462 4018
1701 2 2 5 1 1303 1305 1321
1702 2 2 5 1 2801 1462 2803
1703 2 2 5 1 2845 748 2870
1704 2 2 5 1 346 2605 4038
1705 2 2 5 1 272 1409 2721
1706 2 2 5 1 246 524 2724
1707 2 2 5 1 298 974 2722
1708 2 2 5 1 220 743 2723
1709 2 2 5 1 7 1241 2728
1710 2 2 5 1 6 745 2730
1711 2 2 5 1 216 2726 2733
1712 2 2 5 1 242 514 2736
1713 2 2 5 1 294 2727 2732
1714 2 2 5 1 268 1428 2731
1715 2 2 5 1 224 747 2743
1716 2 2 5 1 302 968 2745
1717 2 2 5 1 304 412 2758
1718 2 2 5 1 252 755 2755
1719 2 2 5 1 237 746 2774
1720 2 2 5 1 316 748 2771
1721 2 2 5 1 235 492 2780
1722 2 2 5 1 309 420 2786
1723 2 2 5 1 284 2749 2785
1724 2 2 5 1 258 2748 2784
1725 2 2 5 1 531 529 532
1726 2 2 5 1 2803 2555 3561
1727 2 2 5 1 2514 2513 3907
1728 2 2 5 1 2596 3683 4263
1729 2 2 5 1 823 2826 3516
1730 2 2 5 1 1534 1532 1574
1731 2 2 5 1 2830 363 4174
1732 2 2 5 1 2706 871 3568
1733 2 2 5 1 760 762 763
1734 2 2 5 1 550 2526 2593
1735 2 2 5 1 2703 1271 3681
1736 2 2 5 1 2778 1410 2806
1737 2 2 5 1 190 191 366
1738 2 2 5 1 370 2618 4257
1739 2 2 5 1 2338 2720 3941
1740 2 2 5 1 2751 2752 2753
1741 2 2 5 1 933 1640 3537
1742 2 2 5 1 2838 2366 3470
1743 2 2 5 1 2844 1416 3843
1744 2 2 5 1 1317 2613 2904
1745 2 2 5 1 1264 2718 3485
1746 2 2 5 1 2460 3490 4008
1747 2 2 5 1 931 2716 3431
1748 2 2 5 1 2812 1037 3869
1749 2 2 5 1 338 2699 3599
1750 2 2 5 1 820 819 821
1751 2 2 5 1 816 815 2852
1752 2 2 5 1 1950 3745 4187
1753 2 2 5 1 3308 3709 3997
1754 2 2 5 1 190 366 2666
1755 2 2 5 1 144 145 3304
1756 2 2 5 1 2505 2502 4196
1757 2 2 5 1 1476 1481 1556
1758 2 2 5 1 1034 1079 1080
1759 2 2 5 1 469 2723 3777
1760 2 2 5 1 1232 1234 1235
1761 2 2 5 1 846 843 3439
1762 2 2 5 1 2540 1356 4279
1763 2 2 5 1 1462 1312 2827
1764 2 2 5 1 1839 1537 2347
1765 2 2 5 1 3852 3839 3860
1766 2 2 5 1 2689 2707 2822
1767 2 2 5 1 2042 2967 3698
1768 2 2 5 1 2760 2759 4009
1769 2 2 5 1 2826 823 3499
1770 2 2 5 1 1303 1304 1305
1771 2 2 5 1 2223 943 3447
1772 2 2 5 1 1372 1371 1373
1773 2 2 5 1 2773 255 3490
1774 2 2 5 1 1696 2914 3510
1775 2 2 5 1 2798 359 4069
1776 2 2 5 1 548 549 2590
1777 2 2 5 1 1201 758 2794
1778 2 2 5 1 1758 1756 2907
1779 2 2 5 1 2759 278 3494
1780 2 2 5 1 1562 2808 2869
1781 2 2 5 1 2528 2527 2529
1782 2 2 5 1 1820 1819 1821
1783 2 2 5 1 533 532 534
1784 2 2 5 1 3071 731 3791
1785 2 2 5 1 1535 1922 3540
1786 2 2 5 1 1319 1317 2904
1787 2 2 5 1 1692 2158 2863
1788 2 2 5 1 3659 1577 4178
1789 2 2 5 1 2859 2860 3666
1790 2 2 5 1 14 15 2647
1791 2 2 5 1 763 762 764
1792 2 2 5 1 2808 2201 2809
1793 2 2 5 1 2849 2738 3591
1794 2 2 5 1 1346 1349 4098
1795 2 2 5 1 3558 1645 3836
1796 2 2 5 1 491 495 496
1797 2 2 5 1 2556 1838 2900
1798 2 2 5 1 1652 1651 2900
1799 2 2 5 1 3939 1279 3983
1800 2 2 5 1 2480 2810 2846
1801 2 2 5 1 2888 2887 4037
1802 2 2 5 1 1290 1316 2678
1803 2 2 5 1 2622 2440 3654
1804 2 2 5 1 1402 1414 1415
1805 2 2 5 1 2936 2937 2938
1806 2 2 5 1 439 442 3577
1807 2 2 5 1 1326 1339 1340
1808 2 2 5 1 2388 2596 4129
1809 2 2 5 1 2821 1754 3756
1810 2 2 5 1 2523 2522 2536
1811 2 2 5 1 759 757 2667
1812 2 2 5 1 421 419 422
1813 2 2 5 1 2181 2548 3630
1814 2 2 5 1 2660 1998 4147
1815 2 2 5 1 1476 3475 4136
1816 2 2 5 1 376 174 2903
1817 2 2 5 1 175 342 2903
1818 2 2 5 1 844 843 846
1819 2 2 5 1 1545 2520 3725
1820 2 2 5 1 2812 3747 3920
1821 2 2 5 1 2472 453 2883
1822 2 2 5 1 1272 1275 2795
1823 2 2 5 1 1394 1395 1396
1824 2 2 5 1 3868 3562 4124
1825 2 2 5 1 3231 383 3892
1826 2 2 5 1 1584 1469 2611
1827 2 2 5 1 762 3477 3544
1828 2 2 5 1 2784 2748 3674
1829 2 2 5 1 2165 2963 4191
1830 2 2 5 1 2384 2386 3552
1831 2 2 5 1 1237 1238 1239
1832 2 2 5 1 2976 2987 2988
1833 2 2 5 1 866 2838 3470
1834 2 2 5 1 1602 1556 3883
1835 2 2 5 1 3523 861 3909
1836 2 2 5 1 206 207 2664
1837 2 2 5 1 2526 2528 2531
1838 2 2 5 1 2379 1300 2677
1839 2 2 5 1 2328 1945 3841
1840 2 2 5 1 2794 763 3720
1841 2 2 5 1 2149 2952 3057
1842 2 2 5 1 400 3609 4026
1843 2 2 5 1 2366 2839 3962
1844 2 2 5 1 1342 1343 1344
1845 2 2 5 1 501 502 503
1846 2 2 5 1 1396 1395 1397
1847 2 2 5 1 2767 2769 2770
1848 2 2 5 1 843 840 3496
1849 2 2 5 1 884 869 3470
1850 2 2 5 1 3586 2416 3733
1851 2 2 5 1 2914 2673 3510
1852 2 2 5 1 2201 2189 2202
1853 2 2 5 1 3443 2800 4169
1854 2 2 5 1 2453 2826 3499
1855 2 2 5 1 842 840 843
1856 2 2 5 1 2870 1984 2913
1857 2 2 5 1 2627 307 3934
1858 2 2 5 1 2818 2721 3776
1859 2 2 5 1 2692 2562 3523
1860 2 2 5 1 2866 2606 3446
1861 2 2 5 1 814 815 816
1862 2 2 5 1 1374 1376 1390
1863 2 2 5 1 514 2730 3846
1864 2 2 5 1 2518 3033 3034
1865 2 2 5 1 527 521 3411
1866 2 2 5 1 2889 2890 2891
1867 2 2 5 1 477 474 478
1868 2 2 5 1 826 822 827
1869 2 2 5 1 1305 1306 1310
1870 2 2 5 1 3922 2413 3966
1871 2 2 5 1 1822 1821 1823
1872 2 2 5 1 2807 382 3515
1873 2 2 5 1 1292 1289 2589
1874 2 2 5 1 1443 1440 2840
1875 2 2 5 1 1930 2632 4177
1876 2 2 5 1 2515 2516 4052
1877 2 2 5 1 2944 354 4077
1878 2 2 5 1 2910 3403 3478
1879 2 2 5 1 1296 1294 1297
1880 2 2 5 1 2806 1308 3930
1881 2 2 5 1 2763 2790 2791
1882 2 2 5 1 432 2832 2833
1883 2 2 5 1 3899 2488 3973
1884 2 2 5 1 2728 1241 3430
1885 2 2 5 1 366 3650 4204
1886 2 2 5 1 540 539 541
1887 2 2 5 1 3596 2393 3652
1888 2 2 5 1 1080 1616 1617
1889 2 2 5 1 1887 2466 4194
1890 2 2 5 1 1331 1319 2904
1891 2 2 5 1 2834 2635 2885
1892 2 2 5 1 950 2887 2888
1893 2 2 5 1 3929 3279 4203
1894 2 2 5 1 506 2774 3753
1895 2 2 5 1 2725 2240 4109
1896 2 2 5 1 2723 743 3442
1897 2 2 5 1 847 846 848
1898 2 2 5 1 1622 1849 1850
1899 2 2 5 1 2922 1974 3763
1900 2 2 5 1 3415 2099 3550
1901 2 2 5 1 3539 2835 3627
1902 2 2 5 1 818 819 820
1903 2 2 5 1 1244 1245 1246
1904 2 2 5 1 2277 3475 3476
1905 2 2 5 1 2695 1465 3671
1906 2 2 5 1 2783 2583 4041
1907 2 2 5 1 1926 2654 2842
1908 2 2 5 1 768 767 769
1909 2 2 5 1 3551 3519 4090
1910 2 2 5 1 1746 1744 2913
1911 2 2 5 1 2716 931 3758
1912 2 2 5 1 1284 1282 1285
1913 2 2 5 1 2123 2693 2694
1914 2 2 5 1 505 507 508
1915 2 2 5 1 848 846 870
1916 2 2 5 1 2185 3471 4019
1917 2 2 5 1 2353 3863 4065
1918 2 2 5 1 1376 1377 1378
1919 2 2 5 1 866 864 2838
1920 2 2 5 1 442 443 444
1921 2 2 5 1 1497 1573 3426
1922 2 2 5 1 400 4026 4166
1923 2 2 5 1 989 850 2854
1924 2 2 5 1 333 3232 3598
1925 2 2 5 1 3611 1974 3751
1926 2 2 5 1 2345 3725 3921
1927 2 2 5 1 1310 1312 1462
1928 2 2 5 1 2702 1615 4158
1929 2 2 5 1 1374 1373 1375
1930 2 2 5 1 2811 2767 4184
1931 2 2 5 1 1376 1375 1377
1932 2 2 5 1 1966 1967 1968
1933 2 2 5 1 1366 2682 4285
1934 2 2 5 1 554 548 2590
1935 2 2 5 1 3706 1812 3900
1936 2 2 5 1 2705 749 3679
1937 2 2 5 1 39 3090 3646
1938 2 2 5 1 2680 332 4188
1939 2 2 5 1 1479 3426 3636
1940 2 2 5 1 1310 1311 1312
1941 2 2 5 1 323 2717 3644
1942 2 2 5 1 407 413 2552
1943 2 2 5 1 423 422 424
1944 2 2 5 1 458 3537 3882
1945 2 2 5 1 2746 3427 3938
1946 2 2 5 1 324 144 3304
1947 2 2 5 1 145 3303 3304
1948 2 2 5 1 1085 1041 2914
1949 2 2 5 1 2972 2273 3512
1950 2 2 5 1 479 478 481
1951 2 2 5 1 1876 2606 2866
1952 2 2 5 1 1824 1823 2151
1953 2 2 5 1 1756 1984 2907
1954 2 2 5 1 1947 1758 2907
1955 2 2 5 1 3960 2962 4002
1956 2 2 5 1 2669 1812 3706
1957 2 2 5 1 442 444 3908
1958 2 2 5 1 850 848 2854
1959 2 2 5 1 1999 1578 2352
1960 2 2 5 1 1440 1442 2840
1961 2 2 5 1 2744 3488 3857
1962 2 2 5 1 2618 370 4086
1963 2 2 5 1 1287 1285 1288
1964 2 2 5 1 2683 2684 3617
1965 2 2 5 1 383 3231 4092
1966 2 2 5 1 2749 1307 3741
1967 2 2 5 1 439 441 442
1968 2 2 5 1 2719 292 2720
1969 2 2 5 1 2765 312 2769
1970 2 2 5 1 2775 289 2776
1971 2 2 5 1 2516 3631 3634
1972 2 2 5 1 742 2738 2849
1973 2 2 5 1 427 2768 2850
1974 2 2 5 1 2266 3604 3813
1975 2 2 5 1 1344 1345 1346
1976 2 2 5 1 1855 2868 2878
1977 2 2 5 1 2767 2765 2769
1978 2 2 5 1 1443 2840 2908
1979 2 2 5 1 1318 1319 1320
1980 2 2 5 1 1954 2623 3783
1981 2 2 5 1 2349 2347 3807
1982 2 2 5 1 337 2970 4170
1983 2 2 5 1 2145 2119 2899
1984 2 2 5 1 1588 1586 2882
1985 2 2 5 1 1767 1060 1768
1986 2 2 5 1 1037 988 3869
1987 2 2 5 1 2777 1410 2778
1988 2 2 5 1 1690 1692 2863
1989 2 2 5 1 542 541 543
1990 2 2 5 1 849 848 850
1991 2 2 5 1 2114 1604 2910
1992 2 2 5 1 2115 2114 2119
1993 2 2 5 1 2163 3450 3451
1994 2 2 5 1 838 836 839
1995 2 2 5 1 1251 3793 3955
1996 2 2 5 1 1367 1369 3655
1997 2 2 5 1 2638 2946 3582
1998 2 2 5 1 439 3577 4271
1999 2 2 5 1 2967 2042 3986
2000 2 2 5 1 8 292 2719
2001 2 2 5 1 273 272 2721
2002 2 2 5 1 247 246 2724
2003 2 2 5 1 299 298 2722
2004 2 2 5 1 221 220 2723
2005 2 2 5 1 267 7 2728
2006 2 2 5 1 241 6 2730
2007 2 2 5 1 243 242 2736
2008 2 2 5 1 217 216 2733
2009 2 2 5 1 295 294 2732
2010 2 2 5 1 269 268 2731
2011 2 2 5 1 225 224 2743
2012 2 2 5 1 303 302 2745
2013 2 2 5 1 238 237 2774
2014 2 2 5 1 290 289 2775
2015 2 2 5 1 279 278 2759
2016 2 2 5 1 305 304 2758
2017 2 2 5 1 253 252 2755
2018 2 2 5 1 313 312 2765
2019 2 2 5 1 236 235 2780
2020 2 2 5 1 256 255 2773
2021 2 2 5 1 317 316 2771
2022 2 2 5 1 310 309 2786
2023 2 2 5 1 259 258 2784
2024 2 2 5 1 285 284 2785
2025 2 2 5 1 1442 1445 1461
2026 2 2 5 1 828 827 829
2027 2 2 5 1 2887 2505 4037
2028 2 2 5 1 2582 1523 4048
2029 2 2 5 1 2456 1981 3854
2030 2 2 5 1 2767 2770 4184
2031 2 2 5 1 2366 1090 3470
2032 2 2 5 1 821 819 949
2033 2 2 5 1 554 2590 3517
2034 2 2 5 1 1312 1313 1437
2035 2 2 5 1 1247 1429 2375
2036 2 2 5 1 768 769 777
2037 2 2 5 1 2831 372 4142
2038 2 2 5 1 2884 1447 3643
2039 2 2 5 1 826 827 828
2040 2 2 5 1 2120 2119 2145
2041 2 2 5 1 2753 2752 3514
2042 2 2 5 1 1277 1278 1280
2043 2 2 5 1 1278 1276 1279
2044 2 2 5 1 3033 392 3034
2045 2 2 5 1 2236 2666 4204
2046 2 2 5 1 1292 2589 2820
2047 2 2 5 1 2501 1226 2813
2048 2 2 5 1 1437 1440 1443
2049 2 2 5 1 2743 747 3488
2050 2 2 5 1 882 869 883
2051 2 2 5 1 1270 1272 2795
2052 2 2 5 1 974 2751 2753
2053 2 2 5 1 2751 405 2752
2054 2 2 5 1 748 2850 2870
2055 2 2 5 1 2788 1412 2789
2056 2 2 5 1 2761 1240 2762
2057 2 2 5 1 3594 2747 3922
2058 2 2 5 1 2469 2585 4011
2059 2 2 5 1 1768 2812 3920
2060 2 2 5 1 372 208 2843
2061 2 2 5 1 2462 3565 4180
2062 2 2 5 1 4129 2596 4263
2063 2 2 5 1 189 190 2666
2064 2 2 5 1 3468 348 3864
2065 2 2 5 1 820 821 822
2066 2 2 5 1 2250 2252 4094
2067 2 2 5 1 1830 1604 2114
2068 2 2 5 1 3801 2579 4198
2069 2 2 5 1 2839 2093 3962
2070 2 2 5 1 812 810 3453
2071 2 2 5 1 883 884 885
2072 2 2 5 1 1742 1740 2874
2073 2 2 5 1 1976 1742 2874
2074 2 2 5 1 1478 3538 3680
2075 2 2 5 1 2544 500 4061
2076 2 2 5 1 1984 1746 2913
2077 2 2 5 1 1744 1976 2913
2078 2 2 5 1 2335 1688 3702
2079 2 2 5 1 985 987 2835
2080 2 2 5 1 2846 823 3516
2081 2 2 5 1 2545 2722 4261
2082 2 2 5 1 2495 2490 4209
2083 2 2 5 1 2071 2545 4261
2084 2 2 5 1 741 2999 3526
2085 2 2 5 1 505 508 4240
2086 2 2 5 1 1276 1273 3983
2087 2 2 5 1 1619 1620 1621
2088 2 2 5 1 2755 2756 2757
2089 2 2 5 1 2722 974 4261
2090 2 2 5 1 2729 2330 3994
2091 2 2 5 1 761 768 3477
2092 2 2 5 1 1437 1438 1440
2093 2 2 5 1 2090 2908 3441
2094 2 2 5 1 2114 2910 3478
2095 2 2 5 1 1473 2645 3655
2096 2 2 5 1 371 18 2830
2097 2 2 5 1 2327 2151 2362
2098 2 2 5 1 1360 1362 3827
2099 2 2 5 1 555 556 705
2100 2 2 5 1 3695 2456 3854
2101 2 2 5 1 1530 1528 1565
2102 2 2 5 1 1359 2632 3645
2103 2 2 5 1 1321 1305 2799
2104 2 2 5 1 2803 1462 2827
2105 2 2 5 1 1041 1058 2914
2106 2 2 5 1 1696 1085 2914
2107 2 2 5 1 375 2696 3600
2108 2 2 5 1 1393 2824 3495
2109 2 2 5 1 2164 2883 3553
2110 2 2 5 1 2970 3133 4170
2111 2 2 5 1 763 764 765
2112 2 2 5 1 851 850 853
2113 2 2 5 1 2165 2100 3833
2114 2 2 5 1 2325 1698 4162
2115 2 2 5 1 1446 1455 1644
2116 2 2 5 1 864 862 867
2117 2 2 5 1 2380 2847 4103
2118 2 2 5 1 2689 2822 2823
2119 2 2 5 1 838 839 840
2120 2 2 5 1 188 189 2701
2121 2 2 5 1 3387 740 3956
2122 2 2 5 1 2528 2529 2673
2123 2 2 5 1 2529 2527 2530
2124 2 2 5 1 559 499 2917
2125 2 2 5 1 1640 2861 2862
2126 2 2 5 1 1976 2845 2913
2127 2 2 5 1 2668 375 3967
2128 2 2 5 1 2862 2478 4010
2129 2 2 5 1 1968 2124 2125
2130 2 2 5 1 2815 377 3602
2131 2 2 5 1 868 866 869
2132 2 2 5 1 869 866 3470
2133 2 2 5 1 545 543 546
2134 2 2 5 1 1002 2579 3651
2135 2 2 5 1 1440 1441 1442
2136 2 2 5 1 1289 1288 1290
2137 2 2 5 1 3654 2440 3952
2138 2 2 5 1 2908 2840 3441
2139 2 2 5 1 827 822 3436
2140 2 2 5 1 1258 1262 3965
2141 2 2 5 1 508 509 510
2142 2 2 5 1 3034 2263 4201
2143 2 2 5 1 749 2705 3847
2144 2 2 5 1 1396 1397 1398
2145 2 2 5 1 444 445 446
2146 2 2 5 1 1030 2899 3478
2147 2 2 5 1 2899 2119 3478
2148 2 2 5 1 1689 1876 2866
2149 2 2 5 1 1442 1444 1445
2150 2 2 5 1 2790 2789 3661
2151 2 2 5 1 1356 1360 4279
2152 2 2 5 1 857 873 2895
2153 2 2 5 1 189 2666 2701
2154 2 2 5 1 839 836 3425
2155 2 2 5 1 425 424 426
2156 2 2 5 1 1687 3838 3839
2157 2 2 5 1 862 860 2873
2158 2 2 5 1 1770 2889 2891
2159 2 2 5 1 3427 2746 4151
2160 2 2 5 1 2623 413 3769
2161 2 2 5 1 2953 2978 4155
2162 2 2 5 1 2873 860 2895
2163 2 2 5 1 482 481 484
2164 2 2 5 1 464 725 2897
2165 2 2 5 1 1298 1297 1299
2166 2 2 5 1 2504 2505 4093
2167 2 2 5 1 2842 363 3639
2168 2 2 5 1 1941 2107 2462
2169 2 2 5 1 410 414 4138
2170 2 2 5 1 785 1625 1814
2171 2 2 5 1 853 850 989
2172 2 2 5 1 1263 1267 2676
2173 2 2 5 1 2166 2185 2507
2174 2 2 5 1 848 870 2854
2175 2 2 5 1 1378 1377 1379
2176 2 2 5 1 987 1006 2266
2177 2 2 5 1 860 857 2895
2178 2 2 5 1 1878 2224 2679
2179 2 2 5 1 193 194 364
2180 2 2 5 1 979 2825 3720
2181 2 2 5 1 2754 1264 3485
2182 2 2 5 1 2881 462 2897
2183 2 2 5 1 822 821 3436
2184 2 2 5 1 2928 330 3531
2185 2 2 5 1 19 20 363
2186 2 2 5 1 12 13 362
2187 2 2 5 1 1094 559 2917
2188 2 2 5 1 499 465 2917
2189 2 2 5 1 854 853 855
2190 2 2 5 1 2895 873 2896
2191 2 2 5 1 3841 1945 4258
2192 2 2 5 1 885 884 886
2193 2 2 5 1 462 464 2897
2194 2 2 5 1 2674 2675 4013
2195 2 2 5 1 1320 1319 1327
2196 2 2 5 1 2777 2778 2779
2197 2 2 5 1 1346 1347 1348
2198 2 2 5 1 2885 2000 2886
2199 2 2 5 1 851 853 854
2200 2 2 5 1 1461 1445 1489
2201 2 2 5 1 1442 1461 2840
2202 2 2 5 1 828 829 830
2203 2 2 5 1 765 764 766
2204 2 2 5 1 2209 1925 3579
2205 2 2 5 1 865 864 866
2206 2 2 5 1 849 850 851
2207 2 2 5 1 821 949 1782
2208 2 2 5 1 1211 1210 1695
2209 2 2 5 1 2837 1058 3460
2210 2 2 5 1 777 769 778
2211 2 2 5 1 768 777 1203
2212 2 2 5 1 1277 1280 1501
2213 2 2 5 1 1278 1279 1329
2214 2 2 5 1 2762 1240 2763
2215 2 2 5 1 1565 1528 3394
2216 2 2 5 1 460 462 2881
2217 2 2 5 1 1430 1567 2920
2218 2 2 5 1 739 2764 4118
2219 2 2 5 1 3497 2429 4127
2220 2 2 5 1 1050 932 1210
2221 2 2 5 1 3403 1030 3478
2222 2 2 5 1 1850 1904 1905
2223 2 2 5 1 555 705 729
2224 2 2 5 1 705 556 706
2225 2 2 5 1 3477 2364 3544
2226 2 2 5 1 1321 2799 2800
2227 2 2 5 1 867 862 2873
2228 2 2 5 1 864 867 2838
2229 2 2 5 1 2529 2530 2573
2230 2 2 5 1 834 832 835
2231 2 2 5 1 977 3418 3420
2232 2 2 5 1 2404 2403 4171
2233 2 2 5 1 2874 1740 3429
2234 2 2 5 1 2978 2371 4155
2235 2 2 5 1 195 373 2898
2236 2 2 5 1 1398 1397 1399
2237 2 2 5 1 942 3118 3719
2238 2 2 5 1 847 848 849
2239 2 2 5 1 2715 968 3870
2240 2 2 5 1 1565 2902 4229
2241 2 2 5 1 2852 815 3521
2242 2 2 5 1 1771 1774 2889
2243 2 2 5 1 12 362 2819
2244 2 2 5 1 1463 1458 1754
2245 2 2 5 1 1474 1430 2920
2246 2 2 5 1 1567 2146 2920
2247 2 2 5 1 911 909 912
2248 2 2 5 1 1378 1379 1393
2249 2 2 5 1 854 855 856
2250 2 2 5 1 364 194 2898
2251 2 2 5 1 855 853 3408
2252 2 2 5 1 2877 941 3762
2253 2 2 5 1 208 209 2843
2254 2 2 5 1 2700 1403 3785
2255 2 2 5 1 1545 1929 2520
2256 2 2 5 1 1454 3445 3452
2257 2 2 5 1 885 886 887
2258 2 2 5 1 886 884 1090
2259 2 2 5 1 2865 2190 4110
2260 2 2 5 1 1960 1693 2919
2261 2 2 5 1 1320 1327 1328
2262 2 2 5 1 1327 1319 1331
2263 2 2 5 1 1965 2674 4163
2264 2 2 5 1 1461 1489 1490
2265 2 2 5 1 830 829 831
2266 2 2 5 1 766 764 874
2267 2 2 5 1 765 766 770
2268 2 2 5 1 1782 949 1783
2269 2 2 5 1 1872 1873 2565
2270 2 2 5 1 1203 777 1204
2271 2 2 5 1 778 769 875
2272 2 2 5 1 1390 1376 3449
2273 2 2 5 1 1501 1280 1502
2274 2 2 5 1 1329 1279 1330
2275 2 2 5 1 548 546 549
2276 2 2 5 1 363 20 3639
2277 2 2 5 1 856 855 857
2278 2 2 5 1 3373 3414 3419
2279 2 2 5 1 705 706 731
2280 2 2 5 1 706 556 707
2281 2 2 5 1 2800 2799 2801
2282 2 2 5 1 2602 1960 2919
2283 2 2 5 1 2838 867 2839
2284 2 2 5 1 1604 924 2910
2285 2 2 5 1 834 835 836
2286 2 2 5 1 1693 1691 2919
2287 2 2 5 1 1399 1397 1403
2288 2 2 5 1 1398 1399 1400
2289 2 2 5 1 863 862 864
2290 2 2 5 1 1778 2244 2916
2291 2 2 5 1 853 989 3408
2292 2 2 5 1 2834 697 3583
2293 2 2 5 1 1775 1773 2915
2294 2 2 5 1 3555 3358 3674
2295 2 2 5 1 911 912 913
2296 2 2 5 1 1378 1393 1482
2297 2 2 5 1 2119 2114 3478
2298 2 2 5 1 873 855 3408
2299 2 2 5 1 1776 1778 2916
2300 2 2 5 1 2910 924 3348
2301 2 2 5 1 885 887 888
2302 2 2 5 1 886 1090 2319
2303 2 2 5 1 1320 1328 1334
2304 2 2 5 1 1327 1331 1336
2305 2 2 5 1 1490 1489 1549
2306 2 2 5 1 831 829 879
2307 2 2 5 1 830 831 832
2308 2 2 5 1 770 766 771
2309 2 2 5 1 912 909 2947
2310 2 2 5 1 1783 949 1985
2311 2 2 5 1 778 875 876
2312 2 2 5 1 1203 1204 1205
2313 2 2 5 1 1329 1330 1332
2314 2 2 5 1 1501 1502 1503
2315 2 2 5 1 857 855 873
2316 2 2 5 1 706 707 708
2317 2 2 5 1 1400 1399 1406
2318 2 2 5 1 1398 1400 1460
2319 2 2 5 1 1505 3389 3394
2320 2 2 5 1 2782 2576 4015
2321 2 2 5 1 2392 1779 2918
2322 2 2 5 1 913 912 914
2323 2 2 5 1 1482 1393 1483
2324 2 2 5 1 2319 1090 2365
2325 2 2 5 1 888 887 889
2326 2 2 5 1 1336 1331 1337
2327 2 2 5 1 1334 1328 1335
2328 2 2 5 1 1490 1549 1550
2329 2 2 5 1 1549 1489 2168
2330 2 2 5 1 831 879 982
2331 2 2 5 1 770 771 772
2332 2 2 5 1 1783 1985 1986
2333 2 2 5 1 1205 1204 1206
2334 2 2 5 1 778 876 877
2335 2 2 5 1 1203 1205 2364
2336 2 2 5 1 1332 1330 1333
2337 2 2 5 1 1503 1502 1504
2338 2 2 5 1 1779 1777 2918
2339 2 2 5 1 3389 2320 3394
2340 2 2 5 1 708 707 709
2341 2 2 5 1 1528 1505 3394
2342 2 2 5 1 1400 1406 1407
2343 2 2 5 1 1376 1378 3449
2344 2 2 5 1 1964 1776 2916
2345 2 2 5 1 913 914 915
2346 2 2 5 1 1482 1483 1484
2347 2 2 5 1 2365 1090 2366
2348 2 2 5 1 889 887 890
2349 2 2 5 1 3418 2319 3420
2350 2 2 5 1 1334 1335 1421
2351 2 2 5 1 1336 1337 1498
2352 2 2 5 1 1490 1550 1551
2353 2 2 5 1 1549 2168 2169
2354 2 2 5 1 982 879 983
2355 2 2 5 1 772 771 773
2356 2 2 5 1 1783 1986 2414
2357 2 2 5 1 1986 1985 1987
2358 2 2 5 1 1206 1204 2332
2359 2 2 5 1 1205 1206 1207
2360 2 2 5 1 877 876 878
2361 2 2 5 1 1504 1502 1506
2362 2 2 5 1 1333 1330 1453
2363 2 2 5 1 1332 1333 1457
2364 2 2 5 1 1503 1504 1505
2365 2 2 5 1 708 709 710
2366 2 2 5 1 1719 2924 3370
2367 2 2 5 1 2924 2315 3370
2368 2 2 5 1 1407 1406 1417
2369 2 2 5 1 915 914 916
2370 2 2 5 1 1484 1483 1485
2371 2 2 5 1 3384 3310 3385
2372 2 2 5 1 889 890 891
2373 2 2 5 1 1421 1335 1422
2374 2 2 5 1 1498 1337 1499
2375 2 2 5 1 1551 1550 1552
2376 2 2 5 1 2169 2168 2397
2377 2 2 5 1 982 983 984
2378 2 2 5 1 772 773 774
2379 2 2 5 1 1986 1987 1988
2380 2 2 5 1 1207 1206 1208
2381 2 2 5 1 877 878 880
2382 2 2 5 1 1504 1506 1507
2383 2 2 5 1 1333 1453 1495
2384 2 2 5 1 1503 1505 1527
2385 2 2 5 1 1332 1457 1470
2386 2 2 5 1 710 709 711
2387 2 2 5 1 2947 907 3250
2388 2 2 5 1 1407 1417 1418
2389 2 2 5 1 2283 2925 2939
2390 2 2 5 1 915 916 917
2391 2 2 5 1 916 914 927
2392 2 2 5 1 1484 1485 1519
2393 2 2 5 1 1485 1483 1486
2394 2 2 5 1 889 891 892
2395 2 2 5 1 891 890 975
2396 2 2 5 1 1498 1499 1570
2397 2 2 5 1 1422 1335 1423
2398 2 2 5 1 1499 1337 1513
2399 2 2 5 1 2317 2947 3250
2400 2 2 5 1 909 907 2947
2401 2 2 5 1 2169 2397 2636
2402 2 2 5 1 1552 1550 1554
2403 2 2 5 1 1551 1552 1553
2404 2 2 5 1 984 983 1075
2405 2 2 5 1 774 773 775
2406 2 2 5 1 772 774 881
2407 2 2 5 1 1988 1987 1989
2408 2 2 5 1 2283 2001 2925
2409 2 2 5 1 880 878 926
2410 2 2 5 1 1207 1208 1209
2411 2 2 5 1 2925 557 2939
2412 2 2 5 1 1507 1506 1508
2413 2 2 5 1 1527 1505 1528
2414 2 2 5 1 1470 1457 1524
2415 2 2 5 1 1495 1453 1496
2416 2 2 5 1 2921 557 2925
2417 2 2 5 1 498 557 2921
2418 2 2 5 1 1813 1974 2922
2419 2 2 5 1 710 711 713
2420 2 2 5 1 711 709 971
2421 2 2 5 1 1418 1417 1431
2422 2 2 5 1 915 917 920
2423 2 2 5 1 917 916 918
2424 2 2 5 1 1484 1519 1520
2425 2 2 5 1 1485 1486 1488
2426 2 2 5 1 892 891 893
2427 2 2 5 1 975 890 977
2428 2 2 5 1 1422 1423 1424
2429 2 2 5 1 1498 1570 1571
2430 2 2 5 1 1499 1513 1514
2431 2 2 5 1 1552 1554 1593
2432 2 2 5 1 1551 1553 2090
2433 2 2 5 1 984 1075 1077
2434 2 2 5 1 1075 983 1076
2435 2 2 5 1 775 773 939
2436 2 2 5 1 774 775 776
2437 2 2 5 1 1989 1987 2242
2438 2 2 5 1 1988 1989 1990
2439 2 2 5 1 1209 1208 1874
2440 2 2 5 1 926 878 992
2441 2 2 5 1 880 926 929
2442 2 2 5 1 1207 1209 1630
2443 2 2 5 1 923 973 3348
2444 2 2 5 1 1508 1506 1826
2445 2 2 5 1 1470 1524 1544
2446 2 2 5 1 1495 1496 1562
2447 2 2 5 1 1524 1457 1525
2448 2 2 5 1 1507 1508 1509
2449 2 2 5 1 710 713 981
2450 2 2 5 1 713 711 714
2451 2 2 5 1 1418 1431 1432
2452 2 2 5 1 1431 1417 1464
2453 2 2 5 1 924 923 3348
2454 2 2 5 1 973 1020 3348
2455 2 2 5 1 917 918 919
2456 2 2 5 1 1520 1519 1540
2457 2 2 5 1 1488 1486 1518
2458 2 2 5 1 892 893 894
2459 2 2 5 1 975 977 978
2460 2 2 5 1 1514 1513 1595
2461 2 2 5 1 1424 1423 1425
2462 2 2 5 1 1422 1424 1475
2463 2 2 5 1 1571 1570 1955
2464 2 2 5 1 1593 1554 1594
2465 2 2 5 1 984 1077 1078
2466 2 2 5 1 1075 1076 1195
2467 2 2 5 1 776 775 779
2468 2 2 5 1 1988 1990 1991
2469 2 2 5 1 1989 2242 2706
2470 2 2 5 1 1874 1208 1875
2471 2 2 5 1 880 929 948
2472 2 2 5 1 929 926 930
2473 2 2 5 1 1630 1209 1631
2474 2 2 5 1 1524 1525 1566
2475 2 2 5 1 1470 1544 2393
2476 2 2 5 1 1562 1496 1563
2477 2 2 5 1 1509 1508 1548
2478 2 2 5 1 1507 1509 1511
2479 2 2 5 1 713 714 716
2480 2 2 5 1 1431 1464 1521
2481 2 2 5 1 1418 1432 1433
2482 2 2 5 1 2939 561 3005
2483 2 2 5 1 919 918 923
2484 2 2 5 1 1488 1518 1591
2485 2 2 5 1 1520 1540 1541
2486 2 2 5 1 978 977 1010
2487 2 2 5 1 894 893 895
2488 2 2 5 1 1831 2935 2936
2489 2 2 5 1 1595 1513 1844
2490 2 2 5 1 1514 1595 1596
2491 2 2 5 1 1955 1570 2078
2492 2 2 5 1 1571 1955 1956
2493 2 2 5 1 1424 1425 1426
2494 2 2 5 1 2283 2939 3005
2495 2 2 5 1 1831 1123 2935
2496 2 2 5 1 1593 1594 1720
2497 2 2 5 1 1195 1076 1196
2498 2 2 5 1 1078 1077 1197
2499 2 2 5 1 776 779 780
2500 2 2 5 1 1991 1990 1992
2501 2 2 5 1 929 930 946
2502 2 2 5 1 1630 1631 1632
2503 2 2 5 1 1874 1875 2430
2504 2 2 5 1 1188 2926 2927
2505 2 2 5 1 2393 1544 2394
2506 2 2 5 1 1511 1509 1538
2507 2 2 5 1 1188 2281 2926
2508 2 2 5 1 2926 2281 3146
2509 2 2 5 1 558 561 2939
2510 2 2 5 1 716 714 717
2511 2 2 5 1 2281 2930 3146
2512 2 2 5 1 2930 1702 3146
2513 2 2 5 1 1123 1188 2935
2514 2 2 5 1 1702 2930 2932
2515 2 2 5 1 1521 1464 1539
2516 2 2 5 1 1433 1432 1434
2517 2 2 5 1 1188 2927 2935
2518 2 2 5 1 923 918 972
2519 2 2 5 1 919 923 924
2520 2 2 5 1 1098 1101 2933
2521 2 2 5 1 1591 1518 1785
2522 2 2 5 1 1488 1591 1592
2523 2 2 5 1 1541 1540 1658
2524 2 2 5 1 1702 2932 2933
2525 2 2 5 1 895 893 896
2526 2 2 5 1 978 1010 1091
2527 2 2 5 1 1595 1844 2155
2528 2 2 5 1 1955 2078 2532
2529 2 2 5 1 1426 1425 1427
2530 2 2 5 1 1571 1956 2094
2531 2 2 5 1 1514 1596 1724
2532 2 2 5 1 1101 1702 2933
2533 2 2 5 1 1593 1720 2159
2534 2 2 5 1 1720 1594 1721
2535 2 2 5 1 1078 1197 1198
2536 2 2 5 1 1196 1076 2344
2537 2 2 5 1 1195 1196 1906
2538 2 2 5 1 1197 1077 1908
2539 2 2 5 1 780 779 781
2540 2 2 5 1 1991 1992 1996
2541 2 2 5 1 1992 1990 1993
2542 2 2 5 1 2430 1875 2431
2543 2 2 5 1 946 930 947
2544 2 2 5 1 1632 1631 1881
2545 2 2 5 1 1874 2430 2576
2546 2 2 5 1 1098 2933 3334
2547 2 2 5 1 2394 1544 2395
2548 2 2 5 1 1511 1538 1765
2549 2 2 5 1 1095 1098 3334
2550 2 2 5 1 717 714 718
2551 2 2 5 1 716 717 720
2552 2 2 5 1 1521 1539 1847
2553 2 2 5 1 1434 1432 1435
2554 2 2 5 1 1539 1464 1555
2555 2 2 5 1 2933 2934 3334
2556 2 2 5 1 2934 3328 3334
2557 2 2 5 1 919 924 1603
2558 2 2 5 1 923 972 973
2559 2 2 5 1 1541 1658 1659
2560 2 2 5 1 1785 1518 1786
2561 2 2 5 1 1592 1591 1685
2562 2 2 5 1 1658 1540 2117
2563 2 2 5 1 2933 2932 2934
2564 2 2 5 1 3335 567 3336
2565 2 2 5 1 1091 1010 1600
2566 2 2 5 1 895 896 897
2567 2 2 5 1 978 1091 1092
2568 2 2 5 1 1426 1427 1430
2569 2 2 5 1 1724 1596 1725
2570 2 2 5 1 2094 1956 2329
2571 2 2 5 1 1427 1425 1454
2572 2 2 5 1 2532 2078 2718
2573 2 2 5 1 2159 1720 2331
2574 2 2 5 1 1721 1594 1977
2575 2 2 5 1 1195 1906 2215
2576 2 2 5 1 1198 1197 1734
2577 2 2 5 1 1078 1198 2082
2578 2 2 5 1 1906 1196 1907
2579 2 2 5 1 780 781 782
2580 2 2 5 1 1992 1993 1994
2581 2 2 5 1 1991 1996 2447
2582 2 2 5 1 947 930 1061
2583 2 2 5 1 2431 1875 2432
2584 2 2 5 1 1632 1881 1882
2585 2 2 5 1 1881 1631 2279
2586 2 2 5 1 946 947 1008
2587 2 2 5 1 1765 1538 2848
2588 2 2 5 1 1511 1765 2320
2589 2 2 5 1 2394 2395 2396
2590 2 2 5 1 703 1095 3334
2591 2 2 5 1 1198 1735 3337
2592 2 2 5 1 717 718 719
2593 2 2 5 1 716 720 997
2594 2 2 5 1 560 703 3328
2595 2 2 5 1 1521 1847 2073
2596 2 2 5 1 1434 1435 1436
2597 2 2 5 1 1539 1555 1683
2598 2 2 5 1 1603 924 1604
2599 2 2 5 1 973 972 1018
2600 2 2 5 1 1541 1659 1660
2601 2 2 5 1 1658 2117 2118
2602 2 2 5 1 1785 1786 1936
2603 2 2 5 1 1592 1685 1686
2604 2 2 5 1 2927 2929 2935
2605 2 2 5 1 1600 1010 1601
2606 2 2 5 1 1092 1091 1627
2607 2 2 5 1 895 897 898
2608 2 2 5 1 1426 1430 1474
2609 2 2 5 1 2329 1956 2330
2610 2 2 5 1 1725 1596 1726
2611 2 2 5 1 1724 1725 2112
2612 2 2 5 1 1430 1427 1477
2613 2 2 5 1 2935 2929 2936
2614 2 2 5 1 1721 1977 1978
2615 2 2 5 1 1198 1734 1735
2616 2 2 5 1 1906 1907 2336
2617 2 2 5 1 782 781 783
2618 2 2 5 1 780 782 970
2619 2 2 5 1 1994 1993 1995
2620 2 2 5 1 2447 1996 2448
2621 2 2 5 1 1632 1882 2182
2622 2 2 5 1 1008 947 1009
2623 2 2 5 1 2431 2432 2433
2624 2 2 5 1 1882 1881 1883
2625 2 2 5 1 946 1008 1083
2626 2 2 5 1 2394 2396 2445
2627 2 2 5 1 2396 2395 2583
2628 2 2 5 1 997 720 998
2629 2 2 5 1 1434 1436 1448
2630 2 2 5 1 1683 1555 1684
2631 2 2 5 1 2073 1847 2074
2632 2 2 5 1 973 1018 1019
2633 2 2 5 1 1686 1685 2429
2634 2 2 5 1 1785 1936 2342
2635 2 2 5 1 1592 1686 2077
2636 2 2 5 1 1660 1659 1661
2637 2 2 5 1 1936 1786 1937
2638 2 2 5 1 2082 1198 3337
2639 2 2 5 1 1600 1601 1780
2640 2 2 5 1 898 897 899
2641 2 2 5 1 1092 1627 1628
2642 2 2 5 1 1430 1477 1567
2643 2 2 5 1 1725 1726 1727
2644 2 2 5 1 1978 1977 2355
2645 2 2 5 1 1735 1734 1736
2646 2 2 5 1 783 781 951
2647 2 2 5 1 782 783 784
2648 2 2 5 1 1994 1995 2079
2649 2 2 5 1 2431 2433 2434
2650 2 2 5 1 1882 1883 1951
2651 2 2 5 1 1008 1009 1040
2652 2 2 5 1 2583 2395 2584
2653 2 2 5 1 2445 2396 2446
2654 2 2 5 1 998 720 999
2655 2 2 5 1 1683 1684 2172
2656 2 2 5 1 1684 1555 2318
2657 2 2 5 1 1448 1436 1449
2658 2 2 5 1 2074 1847 2569
2659 2 2 5 1 973 1019 1020
2660 2 2 5 1 1019 1018 1612
2661 2 2 5 1 1660 1661 1751
2662 2 2 5 1 1936 1937 1938
2663 2 2 5 1 2077 1686 2338
2664 2 2 5 1 1937 1786 2160
2665 2 2 5 1 1780 1601 1781
2666 2 2 5 1 1092 1628 2076
2667 2 2 5 1 899 897 900
2668 2 2 5 1 1628 1627 2171
2669 2 2 5 1 1727 1726 1728
2670 2 2 5 1 1567 1477 1568
2671 2 2 5 1 1735 1736 1737
2672 2 2 5 1 2355 1977 2612
2673 2 2 5 1 1978 2355 2412
2674 2 2 5 1 1736 1734 2475
2675 2 2 5 1 784 783 786
2676 2 2 5 1 2079 1995 2080
2677 2 2 5 1 1994 2079 2580
2678 2 2 5 1 1040 1009 1041
2679 2 2 5 1 1951 1883 2085
2680 2 2 5 1 2434 2433 2435
2681 2 2 5 1 2940 1920 2942
2682 2 2 5 1 998 999 1000
2683 2 2 5 1 2006 2004 2941
2684 2 2 5 1 1920 2940 2941
2685 2 2 5 1 2941 2004 2949
2686 2 2 5 1 1918 1921 2942
2687 2 2 5 1 2940 2006 2941
2688 2 2 5 1 1683 2172 2173
2689 2 2 5 1 2172 1684 2474
2690 2 2 5 1 2074 2569 2570
2691 2 2 5 1 1449 1436 1451
2692 2 2 5 1 1448 1449 1450
2693 2 2 5 1 2004 2003 2949
2694 2 2 5 1 1920 1918 2942
2695 2 2 5 1 561 563 3005
2696 2 2 5 1 2950 724 3162
2697 2 2 5 1 370 93 2945
2698 2 2 5 1 1020 1019 1021
2699 2 2 5 1 1612 1018 1613
2700 2 2 5 1 1938 1937 1940
2701 2 2 5 1 1751 1661 1752
2702 2 2 5 1 373 196 2948
2703 2 2 5 1 94 95 399
2704 2 2 5 1 197 198 401
2705 2 2 5 1 2993 2954 3046
2706 2 2 5 1 2942 1921 2943
2707 2 2 5 1 689 2993 3046
2708 2 2 5 1 93 94 2945
2709 2 2 5 1 2076 1628 2315
2710 2 2 5 1 160 344 2964
2711 2 2 5 1 1780 1781 1945
2712 2 2 5 1 899 900 901
2713 2 2 5 1 2171 1627 2204
2714 2 2 5 1 196 197 2948
2715 2 2 5 1 2954 957 3046
2716 2 2 5 1 374 76 2951
2717 2 2 5 1 1567 1568 1983
2718 2 2 5 1 1727 1728 1729
2719 2 2 5 1 1568 1477 1569
2720 2 2 5 1 370 2945 2946
2721 2 2 5 1 2949 2950 3162
2722 2 2 5 1 1735 1737 1738
2723 2 2 5 1 340 83 2955
2724 2 2 5 1 2412 2355 2633
2725 2 2 5 1 784 786 787
2726 2 2 5 1 1978 2412 2413
2727 2 2 5 1 957 2954 2990
2728 2 2 5 1 1736 2475 2476
2729 2 2 5 1 2969 62 2986
2730 2 2 5 1 2080 1995 2081
2731 2 2 5 1 2953 2977 2978
2732 2 2 5 1 1041 1009 1058
2733 2 2 5 1 2949 2003 2950
2734 2 2 5 1 2971 2969 2986
2735 2 2 5 1 2964 344 2965
2736 2 2 5 1 1951 2085 2086
2737 2 2 5 1 340 2955 2956
2738 2 2 5 1 2085 1883 2597
2739 2 2 5 1 3229 3020 3317
2740 2 2 5 1 1040 1041 1084
2741 2 2 5 1 957 2990 3136
2742 2 2 5 1 378 163 2958
2743 2 2 5 1 2934 3335 3336
2744 2 2 5 1 338 56 2959
2745 2 2 5 1 336 78 2977
2746 2 2 5 1 2953 336 2977
2747 2 2 5 1 381 66 2960
2748 2 2 5 1 157 353 2966
2749 2 2 5 1 55 338 2962
2750 2 2 5 1 155 156 3067
2751 2 2 5 1 2968 2067 3116
2752 2 2 5 1 167 354 2972
2753 2 2 5 1 3116 2010 3280
2754 2 2 5 1 998 1000 1073
2755 2 2 5 1 1000 999 1001
2756 2 2 5 1 94 399 2945
2757 2 2 5 1 724 2950 3281
2758 2 2 5 1 381 2960 2961
2759 2 2 5 1 54 55 2962
2760 2 2 5 1 157 158 353
2761 2 2 5 1 197 401 2948
2762 2 2 5 1 184 345 2985
2763 2 2 5 1 2990 2284 3136
2764 2 2 5 1 86 87 339
2765 2 2 5 1 2968 3116 3280
2766 2 2 5 1 2968 2284 3235
2767 2 2 5 1 2966 353 2967
2768 2 2 5 1 2993 689 3282
2769 2 2 5 1 3275 3207 3292
2770 2 2 5 1 167 168 354
2771 2 2 5 1 164 165 343
2772 2 2 5 1 76 77 2951
2773 2 2 5 1 2972 354 2973
2774 2 2 5 1 2284 2990 3235
2775 2 2 5 1 63 352 2986
2776 2 2 5 1 2955 377 2957
2777 2 2 5 1 2067 2968 3235
2778 2 2 5 1 2980 1131 2981
2779 2 2 5 1 2963 159 2964
2780 2 2 5 1 3297 1046 3302
2781 2 2 5 1 57 58 379
2782 2 2 5 1 79 80 380
2783 2 2 5 1 2286 2980 2981
2784 2 2 5 1 160 161 344
2785 2 2 5 1 2172 2474 2519
2786 2 2 5 1 2493 3297 3302
2787 2 2 5 1 83 84 2955
2788 2 2 5 1 61 62 2969
2789 2 2 5 1 1448 1450 1471
2790 2 2 5 1 1450 1449 1517
2791 2 2 5 1 566 569 2982
2792 2 2 5 1 57 379 2959
2793 2 2 5 1 52 53 349
2794 2 2 5 1 79 380 2977
2795 2 2 5 1 1184 2979 3133
2796 2 2 5 1 3229 2069 3282
2797 2 2 5 1 2069 2993 3282
2798 2 2 5 1 353 158 2963
2799 2 2 5 1 164 343 2958
2800 2 2 5 1 2009 3181 3289
2801 2 2 5 1 68 69 2974
2802 2 2 5 1 67 334 2960
2803 2 2 5 1 2982 3281 3315
2804 2 2 5 1 1611 1100 2984
2805 2 2 5 1 671 2983 3023
2806 2 2 5 1 334 68 2974
2807 2 2 5 1 2979 1184 3222
2808 2 2 5 1 159 160 2964
2809 2 2 5 1 1751 1752 2194
2810 2 2 5 1 1184 3058 3222
2811 2 2 5 1 337 61 2969
2812 2 2 5 1 67 68 334
2813 2 2 5 1 1612 1613 1932
2814 2 2 5 1 1938 1940 1941
2815 2 2 5 1 84 377 2955
2816 2 2 5 1 341 73 2987
2817 2 2 5 1 170 171 335
2818 2 2 5 1 77 336 2951
2819 2 2 5 1 2983 3008 3023
2820 2 2 5 1 1752 1661 1753
2821 2 2 5 1 2285 3013 3014
2822 2 2 5 1 1020 1021 1022
2823 2 2 5 1 332 155 3067
2824 2 2 5 1 696 3258 3286
2825 2 2 5 1 2069 3229 3317
2826 2 2 5 1 183 184 2985
2827 2 2 5 1 1780 1945 2328
2828 2 2 5 1 616 615 3009
2829 2 2 5 1 3268 2045 3273
2830 2 2 5 1 612 610 3004
2831 2 2 5 1 1131 2980 3058
2832 2 2 5 1 615 3002 3009
2833 2 2 5 1 82 83 340
2834 2 2 5 1 158 159 2963
2835 2 2 5 1 2286 2981 3181
2836 2 2 5 1 60 61 337
2837 2 2 5 1 65 66 381
2838 2 2 5 1 610 608 3185
2839 2 2 5 1 2003 1104 3315
2840 2 2 5 1 2943 1921 2944
2841 2 2 5 1 163 164 2958
2842 2 2 5 1 691 3022 3187
2843 2 2 5 1 2977 380 2978
2844 2 2 5 1 2171 2204 2625
2845 2 2 5 1 3004 610 3185
2846 2 2 5 1 899 901 902
2847 2 2 5 1 2070 3301 3307
2848 2 2 5 1 1567 1983 2146
2849 2 2 5 1 337 2969 2970
2850 2 2 5 1 77 78 336
2851 2 2 5 1 84 85 377
2852 2 2 5 1 75 76 374
2853 2 2 5 1 63 64 352
2854 2 2 5 1 72 73 341
2855 2 2 5 1 55 56 338
2856 2 2 5 1 70 71 375
2857 2 2 5 1 3022 3021 3187
2858 2 2 5 1 2076 2315 2316
2859 2 2 5 1 3001 693 3009
2860 2 2 5 1 2285 2983 3013
2861 2 2 5 1 156 157 2966
2862 2 2 5 1 178 179 355
2863 2 2 5 1 3281 2950 3315
2864 2 2 5 1 162 163 378
2865 2 2 5 1 166 167 2972
2866 2 2 5 1 173 174 376
2867 2 2 5 1 175 176 342
2868 2 2 5 1 181 182 319
2869 2 2 5 1 184 185 345
2870 2 2 5 1 187 188 360
2871 2 2 5 1 1729 1728 1730
2872 2 2 5 1 3011 2070 3054
2873 2 2 5 1 1568 1569 1825
2874 2 2 5 1 1727 1729 2206
2875 2 2 5 1 56 57 2959
2876 2 2 5 1 78 79 2977
2877 2 2 5 1 3228 3003 3240
2878 2 2 5 1 62 63 2986
2879 2 2 5 1 1738 1737 1739
2880 2 2 5 1 3006 3248 3278
2881 2 2 5 1 787 786 788
2882 2 2 5 1 784 787 969
2883 2 2 5 1 3055 727 3193
2884 2 2 5 1 1084 1041 1085
2885 2 2 5 1 2951 336 2952
2886 2 2 5 1 1215 1696 2996
2887 2 2 5 1 2086 2085 2097
2888 2 2 5 1 2080 2081 2197
2889 2 2 5 1 3058 2980 3222
2890 2 2 5 1 2956 2955 2957
2891 2 2 5 1 2070 2056 3054
2892 2 2 5 1 2982 569 3281
2893 2 2 5 1 693 616 3009
2894 2 2 5 1 1040 1084 1842
2895 2 2 5 1 66 67 2960
2896 2 2 5 1 2010 2285 3280
2897 2 2 5 1 2991 737 3027
2898 2 2 5 1 1088 980 3188
2899 2 2 5 1 3181 2981 3289
2900 2 2 5 1 3258 2296 3286
2901 2 2 5 1 687 686 3053
2902 2 2 5 1 3008 3022 3023
2903 2 2 5 1 679 3151 3234
2904 2 2 5 1 615 612 3004
2905 2 2 5 1 693 3001 3209
2906 2 2 5 1 3002 615 3004
2907 2 2 5 1 664 690 3014
2908 2 2 5 1 3243 3099 3244
2909 2 2 5 1 73 74 2987
2910 2 2 5 1 993 1046 3007
2911 2 2 5 1 1100 1097 2984
2912 2 2 5 1 156 2966 3067
2913 2 2 5 1 2950 2003 3315
2914 2 2 5 1 565 566 2982
2915 2 2 5 1 2015 2084 3040
2916 2 2 5 1 2314 2975 3311
2917 2 2 5 1 2289 2991 3027
2918 2 2 5 1 2975 1674 3311
2919 2 2 5 1 2361 2294 3288
2920 2 2 5 1 1001 999 2103
2921 2 2 5 1 686 692 3053
2922 2 2 5 1 1843 1215 2996
2923 2 2 5 1 1212 1885 3086
2924 2 2 5 1 1073 1000 1074
2925 2 2 5 1 608 696 3185
2926 2 2 5 1 3301 3029 3307
2927 2 2 5 1 1132 1129 3058
2928 2 2 5 1 2016 2208 3010
2929 2 2 5 1 3007 1046 3297
2930 2 2 5 1 652 651 3239
2931 2 2 5 1 3028 2458 3030
2932 2 2 5 1 735 3042 3087
2933 2 2 5 1 3241 1716 3277
2934 2 2 5 1 1082 1710 3018
2935 2 2 5 1 3022 691 3023
2936 2 2 5 1 2983 671 3013
2937 2 2 5 1 689 3239 3282
2938 2 2 5 1 2018 3008 3075
2939 2 2 5 1 934 993 3007
2940 2 2 5 1 2991 3268 3273
2941 2 2 5 1 2288 3228 3240
2942 2 2 5 1 687 3053 3207
2943 2 2 5 1 1087 2016 3262
2944 2 2 5 1 2283 3005 3125
2945 2 2 5 1 666 664 3014
2946 2 2 5 1 2629 3243 3244
2947 2 2 5 1 3151 3019 3234
2948 2 2 5 1 1174 2310 3006
2949 2 2 5 1 3180 2033 3200
2950 2 2 5 1 3035 605 3154
2951 2 2 5 1 643 640 3205
2952 2 2 5 1 1707 1194 3020
2953 2 2 5 1 1932 1613 1933
2954 2 2 5 1 2294 2292 3062
2955 2 2 5 1 3148 3189 3233
2956 2 2 5 1 1609 1975 3064
2957 2 2 5 1 89 90 356
2958 2 2 5 1 2014 3275 3292
2959 2 2 5 1 651 3043 3239
2960 2 2 5 1 952 1082 3018
2961 2 2 5 1 3044 3043 3045
2962 2 2 5 1 1903 1897 3071
2963 2 2 5 1 3088 623 3210
2964 2 2 5 1 1153 1155 3249
2965 2 2 5 1 3012 1176 3056
2966 2 2 5 1 3059 1733 3061
2967 2 2 5 1 684 682 3120
2968 2 2 5 1 3061 1733 3086
2969 2 2 5 1 2212 1903 3071
2970 2 2 5 1 1751 2194 2195
2971 2 2 5 1 2994 1134 2995
2972 2 2 5 1 3043 651 3045
2973 2 2 5 1 1901 2554 3039
2974 2 2 5 1 2007 2954 2993
2975 2 2 5 1 663 660 3136
2976 2 2 5 1 1129 1131 3058
2977 2 2 5 1 2989 2496 3302
2978 2 2 5 1 2293 3206 3216
2979 2 2 5 1 3003 3185 3240
2980 2 2 5 1 3240 696 3286
2981 2 2 5 1 3013 666 3014
2982 2 2 5 1 3035 2296 3258
2983 2 2 5 1 3189 3042 3233
2984 2 2 5 1 3150 3180 3200
2985 2 2 5 1 1022 1021 1023
2986 2 2 5 1 3018 1710 3019
2987 2 2 5 1 3038 3036 3155
2988 2 2 5 1 3036 3037 3155
2989 2 2 5 1 3044 3045 3158
2990 2 2 5 1 682 1151 3120
2991 2 2 5 1 3036 3035 3154
2992 2 2 5 1 3078 2309 3236
2993 2 2 5 1 1156 1154 3024
2994 2 2 5 1 2194 1752 2370
2995 2 2 5 1 3217 3111 3245
2996 2 2 5 1 1885 2495 3086
2997 2 2 5 1 3015 603 3068
2998 2 2 5 1 1213 2014 3285
2999 2 2 5 1 3026 3074 3218
3000 2 2 5 1 2046 1088 3188
3001 2 2 5 1 2291 3150 3196
3002 2 2 5 1 3236 2309 3255
3003 2 2 5 1 3027 679 3234
3004 2 2 5 1 3021 3024 3187
3005 2 2 5 1 798 990 3118
3006 2 2 5 1 1612 1932 2071
3007 2 2 5 1 800 798 3118
3008 2 2 5 1 3153 3209 3220
3009 2 2 5 1 794 1007 3092
3010 2 2 5 1 2970 2969 2971
3011 2 2 5 1 980 1086 3188
3012 2 2 5 1 3054 3055 3193
3013 2 2 5 1 1136 1134 2994
3014 2 2 5 1 669 670 2995
3015 2 2 5 1 1718 1637 3028
3016 2 2 5 1 957 656 3046
3017 2 2 5 1 3088 2290 3196
3018 2 2 5 1 2290 3168 3196
3019 2 2 5 1 954 3207 3275
3020 2 2 5 1 1184 1132 3058
3021 2 2 5 1 1825 1569 1853
3022 2 2 5 1 1738 1739 2098
3023 2 2 5 1 1023 1629 3254
3024 2 2 5 1 1194 1837 3020
3025 2 2 5 1 2625 2204 2627
3026 2 2 5 1 1729 1730 1731
3027 2 2 5 1 2316 2315 2924
3028 2 2 5 1 2193 1901 3039
3029 2 2 5 1 2292 3056 3062
3030 2 2 5 1 3248 3055 3278
3031 2 2 5 1 3056 2293 3216
3032 2 2 5 1 603 3015 3069
3033 2 2 5 1 722 601 3069
3034 2 2 5 1 650 653 3182
3035 2 2 5 1 2290 3088 3210
3036 2 2 5 1 3000 2009 3001
3037 2 2 5 1 1975 2989 3064
3038 2 2 5 1 3042 3041 3087
3039 2 2 5 1 2853 2017 3017
3040 2 2 5 1 2314 3311 3317
3041 2 2 5 1 733 687 3207
3042 2 2 5 1 2033 3148 3200
3043 2 2 5 1 1806 2009 3000
3044 2 2 5 1 902 901 903
3045 2 2 5 1 1173 1176 3012
3046 2 2 5 1 787 788 789
3047 2 2 5 1 2017 1934 3017
3048 2 2 5 1 3269 2311 3276
3049 2 2 5 1 1159 1156 3024
3050 2 2 5 1 3018 3019 3257
3051 2 2 5 1 2312 3270 3271
3052 2 2 5 1 3012 3056 3216
3053 2 2 5 1 3206 3049 3216
3054 2 2 5 1 796 794 3092
3055 2 2 5 1 1134 669 2995
3056 2 2 5 1 3008 2018 3022
3057 2 2 5 1 1084 1085 1214
3058 2 2 5 1 1164 643 3205
3059 2 2 5 1 1730 1728 1946
3060 2 2 5 1 2016 3010 3262
3061 2 2 5 1 727 3055 3248
3062 2 2 5 1 3001 2009 3289
3063 2 2 5 1 1733 1212 3086
3064 2 2 5 1 1163 2018 3075
3065 2 2 5 1 2496 2493 3302
3066 2 2 5 1 3218 3091 3223
3067 2 2 5 1 1166 1164 2998
3068 2 2 5 1 1723 1053 2992
3069 2 2 5 1 2038 2052 3041
3070 2 2 5 1 2952 336 2953
3071 2 2 5 1 3044 3158 3159
3072 2 2 5 1 2131 3082 3083
3073 2 2 5 1 2080 2197 2198
3074 2 2 5 1 660 658 3136
3075 2 2 5 1 2197 2081 2859
3076 2 2 5 1 2304 1791 3038
3077 2 2 5 1 3031 1959 3032
3078 2 2 5 1 2026 2892 3047
3079 2 2 5 1 2301 1152 3195
3080 2 2 5 1 656 654 3046
3081 2 2 5 1 1177 1174 3006
3082 2 2 5 1 3150 2291 3180
3083 2 2 5 1 1718 3028 3029
3084 2 2 5 1 2146 1983 2463
3085 2 2 5 1 735 3087 3175
3086 2 2 5 1 1637 1784 3028
3087 2 2 5 1 2014 3052 3285
3088 2 2 5 1 2022 2025 3168
3089 2 2 5 1 3006 2310 3248
3090 2 2 5 1 2859 2081 2860
3091 2 2 5 1 1653 2181 2992
3092 2 2 5 1 2634 2092 2681
3093 2 2 5 1 3207 3053 3292
3094 2 2 5 1 638 636 3260
3095 2 2 5 1 3148 2033 3189
3096 2 2 5 1 2295 3015 3068
3097 2 2 5 1 601 603 3069
3098 2 2 5 1 1909 1668 3057
3099 2 2 5 1 2086 2097 2110
3100 2 2 5 1 3264 2068 3266
3101 2 2 5 1 1739 1737 1740
3102 2 2 5 1 2296 1795 3212
3103 2 2 5 1 1154 2301 3024
3104 2 2 5 1 2008 3221 3235
3105 2 2 5 1 1193 2049 3227
3106 2 2 5 1 1647 3099 3243
3107 2 2 5 1 134 135 392
3108 2 2 5 1 2998 1164 3205
3109 2 2 5 1 1165 1168 3159
3110 2 2 5 1 1161 1159 3021
3111 2 2 5 1 2284 663 3136
3112 2 2 5 1 967 1722 3250
3113 2 2 5 1 3005 750 3125
3114 2 2 5 1 3074 2064 3218
3115 2 2 5 1 3042 735 3233
3116 2 2 5 1 3037 3036 3154
3117 2 2 5 1 3054 2056 3055
3118 2 2 5 1 3153 693 3209
3119 2 2 5 1 3021 1159 3024
3120 2 2 5 1 1957 1959 3031
3121 2 2 5 1 1934 1935 3017
3122 2 2 5 1 2313 3241 3277
3123 2 2 5 1 668 666 3013
3124 2 2 5 1 2137 2787 3128
3125 2 2 5 1 677 679 3027
3126 2 2 5 1 623 3063 3210
3127 2 2 5 1 657 659 3193
3128 2 2 5 1 2083 1973 3050
3129 2 2 5 1 1073 1074 1811
3130 2 2 5 1 2177 3097 3098
3131 2 2 5 1 2035 2038 3041
3132 2 2 5 1 647 738 3215
3133 2 2 5 1 3087 2295 3175
3134 2 2 5 1 945 753 3219
3135 2 2 5 1 3106 2219 3135
3136 2 2 5 1 1668 1670 3057
3137 2 2 5 1 3137 2174 3170
3138 2 2 5 1 1186 1183 3110
3139 2 2 5 1 618 693 3153
3140 2 2 5 1 1853 1569 2072
3141 2 2 5 1 3091 2057 3223
3142 2 2 5 1 3019 3151 3257
3143 2 2 5 1 1171 1193 3227
3144 2 2 5 1 1911 1760 2092
3145 2 2 5 1 1972 2289 3076
3146 2 2 5 1 2297 3080 3166
3147 2 2 5 1 3105 1114 3123
3148 2 2 5 1 2086 2110 2420
3149 2 2 5 1 3063 627 3142
3150 2 2 5 1 1791 1793 3038
3151 2 2 5 1 642 645 3049
3152 2 2 5 1 2304 3038 3155
3153 2 2 5 1 2299 3063 3142
3154 2 2 5 1 2400 2401 2402
3155 2 2 5 1 3209 2054 3220
3156 2 2 5 1 3105 3106 3135
3157 2 2 5 1 2339 2046 3059
3158 2 2 5 1 1935 2698 3017
3159 2 2 5 1 3000 3001 3009
3160 2 2 5 1 3008 2011 3075
3161 2 2 5 1 1764 2309 3078
3162 2 2 5 1 626 699 3112
3163 2 2 5 1 2020 2022 3168
3164 2 2 5 1 2494 2493 2496
3165 2 2 5 1 3029 3028 3030
3166 2 2 5 1 628 626 3112
3167 2 2 5 1 1933 1613 2075
3168 2 2 5 1 600 598 3037
3169 2 2 5 1 1122 1119 3077
3170 2 2 5 1 2931 3094 3107
3171 2 2 5 1 1609 1943 1975
3172 2 2 5 1 572 3121 3160
3173 2 2 5 1 1152 681 3195
3174 2 2 5 1 2178 2177 3164
3175 2 2 5 1 2500 1843 2996
3176 2 2 5 1 2028 2026 3047
3177 2 2 5 1 2198 2199 2200
3178 2 2 5 1 600 3037 3154
3179 2 2 5 1 2059 3137 3170
3180 2 2 5 1 603 604 3068
3181 2 2 5 1 2295 3068 3175
3182 2 2 5 1 141 142 384
3183 2 2 5 1 1897 1843 2500
3184 2 2 5 1 685 732 3257
3185 2 2 5 1 1706 1190 3066
3186 2 2 5 1 2008 1703 3221
3187 2 2 5 1 694 1165 3159
3188 2 2 5 1 1022 1023 1024
3189 2 2 5 1 1001 2103 2104
3190 2 2 5 1 2461 2594 2595
3191 2 2 5 1 3082 1805 3083
3192 2 2 5 1 1666 1909 3104
3193 2 2 5 1 2310 3202 3248
3194 2 2 5 1 1759 1758 1760
3195 2 2 5 1 2359 2358 2488
3196 2 2 5 1 753 754 3219
3197 2 2 5 1 1157 1158 3122
3198 2 2 5 1 1760 1758 1947
3199 2 2 5 1 575 3139 3204
3200 2 2 5 1 901 900 3310
3201 2 2 5 1 737 2991 3273
3202 2 2 5 1 3094 701 3107
3203 2 2 5 1 620 618 3153
3204 2 2 5 1 1739 1740 1741
3205 2 2 5 1 3119 722 3208
3206 2 2 5 1 1073 1811 1812
3207 2 2 5 1 1155 1178 3249
3208 2 2 5 1 3019 1710 3076
3209 2 2 5 1 1715 1186 3110
3210 2 2 5 1 594 597 3171
3211 2 2 5 1 724 3145 3162
3212 2 2 5 1 2270 2356 2357
3213 2 2 5 1 2270 2357 2705
3214 2 2 5 1 2177 3098 3164
3215 2 2 5 1 1932 1933 3267
3216 2 2 5 1 2138 2137 3128
3217 2 2 5 1 1114 3105 3135
3218 2 2 5 1 2021 1706 3066
3219 2 2 5 1 1151 2311 3120
3220 2 2 5 1 2614 1949 3072
3221 2 2 5 1 670 673 2995
3222 2 2 5 1 2024 2023 3140
3223 2 2 5 1 3114 2301 3195
3224 2 2 5 1 1708 1709 3167
3225 2 2 5 1 1649 1157 3122
3226 2 2 5 1 1145 631 3198
3227 2 2 5 1 2464 2193 3039
3228 2 2 5 1 2208 2017 2615
3229 2 2 5 1 2131 1808 3082
3230 2 2 5 1 958 587 3117
3231 2 2 5 1 2051 1166 2998
3232 2 2 5 1 2053 3236 3255
3233 2 2 5 1 3168 2291 3196
3234 2 2 5 1 661 662 3144
3235 2 2 5 1 1119 1117 3077
3236 2 2 5 1 1707 3020 3229
3237 2 2 5 1 1738 2098 2102
3238 2 2 5 1 1942 1903 1944
3239 2 2 5 1 2110 2111 2400
3240 2 2 5 1 1114 2297 3123
3241 2 2 5 1 1802 1805 3082
3242 2 2 5 1 640 638 3205
3243 2 2 5 1 2041 3078 3236
3244 2 2 5 1 754 3276 3287
3245 2 2 5 1 3070 1915 3085
3246 2 2 5 1 1086 1212 1733
3247 2 2 5 1 1183 1638 3110
3248 2 2 5 1 2200 2267 2268
3249 2 2 5 1 1808 1804 3082
3250 2 2 5 1 3203 3084 3211
3251 2 2 5 1 3095 964 3172
3252 2 2 5 1 3123 2297 3166
3253 2 2 5 1 3124 3113 3169
3254 2 2 5 1 1216 1843 1852
3255 2 2 5 1 2614 3072 3073
3256 2 2 5 1 1942 2126 2643
3257 2 2 5 1 2071 1932 2545
3258 2 2 5 1 802 800 942
3259 2 2 5 1 2093 2092 2634
3260 2 2 5 1 1216 1215 1843
3261 2 2 5 1 1784 2381 2458
3262 2 2 5 1 662 665 3144
3263 2 2 5 1 1222 1220 3084
3264 2 2 5 1 1200 1915 3070
3265 2 2 5 1 1973 1971 3050
3266 2 2 5 1 1933 2089 2398
3267 2 2 5 1 3010 2208 3099
3268 2 2 5 1 789 788 790
3269 2 2 5 1 2303 3127 3131
3270 2 2 5 1 1087 1934 2016
3271 2 2 5 1 2300 3121 3176
3272 2 2 5 1 1676 1177 1677
3273 2 2 5 1 958 3117 3126
3274 2 2 5 1 1722 2317 3250
3275 2 2 5 1 3150 751 3196
3276 2 2 5 1 1917 2050 3085
3277 2 2 5 1 1811 1840 2221
3278 2 2 5 1 1837 2246 2247
3279 2 2 5 1 695 2303 3131
3280 2 2 5 1 1146 1149 3165
3281 2 2 5 1 2459 2193 2464
3282 2 2 5 1 589 3093 3103
3283 2 2 5 1 934 945 993
3284 2 2 5 1 1837 2314 3020
3285 2 2 5 1 903 901 904
3286 2 2 5 1 961 963 3097
3287 2 2 5 1 2049 1707 2302
3288 2 2 5 1 3085 3095 3172
3289 2 2 5 1 1827 2260 3089
3290 2 2 5 1 903 904 905
3291 2 2 5 1 2311 1153 3249
3292 2 2 5 1 3089 2260 3090
3293 2 2 5 1 1039 1221 3130
3294 2 2 5 1 586 589 3103
3295 2 2 5 1 791 792 793
3296 2 2 5 1 1711 1972 3076
3297 2 2 5 1 2043 3036 3038
3298 2 2 5 1 2494 2496 2697
3299 2 2 5 1 2069 2007 2993
3300 2 2 5 1 1023 1021 1629
3301 2 2 5 1 3121 2300 3160
3302 2 2 5 1 1609 1923 1943
3303 2 2 5 1 589 591 3093
3304 2 2 5 1 1942 1944 2126
3305 2 2 5 1 2025 2291 3168
3306 2 2 5 1 2194 2370 2700
3307 2 2 5 1 993 1045 1046
3308 2 2 5 1 1933 2075 2089
3309 2 2 5 1 965 3011 3054
3310 2 2 5 1 2308 1750 3141
3311 2 2 5 1 3065 2470 3066
3312 2 2 5 1 659 965 3193
3313 2 2 5 1 727 657 3193
3314 2 2 5 1 2200 2268 2473
3315 2 2 5 1 2264 2263 2717
3316 2 2 5 1 2246 2467 2668
3317 2 2 5 1 2178 3164 3190
3318 2 2 5 1 2892 2024 3140
3319 2 2 5 1 596 595 3100
3320 2 2 5 1 1190 1910 3066
3321 2 2 5 1 1784 2458 3028
3322 2 2 5 1 2554 1732 2555
3323 2 2 5 1 1807 1809 3181
3324 2 2 5 1 1853 2377 2378
3325 2 2 5 1 1653 1834 2181
3326 2 2 5 1 1087 1088 1934
3327 2 2 5 1 1915 1917 3085
3328 2 2 5 1 649 650 3182
3329 2 2 5 1 1853 2072 2377
3330 2 2 5 1 3202 727 3248
3331 2 2 5 1 1024 1025 1026
3332 2 2 5 1 1793 2043 3038
3333 2 2 5 1 2007 2008 2954
3334 2 2 5 1 3041 2052 3087
3335 2 2 5 1 3100 595 3134
3336 2 2 5 1 587 584 3117
3337 2 2 5 1 689 652 3239
3338 2 2 5 1 3085 2050 3095
3339 2 2 5 1 1163 1161 2018
3340 2 2 5 1 2043 2296 3035
3341 2 2 5 1 2221 2222 2460
3342 2 2 5 1 2983 2011 3008
3343 2 2 5 1 1171 1191 1192
3344 2 2 5 1 1675 1177 1676
3345 2 2 5 1 2302 1707 3229
3346 2 2 5 1 591 752 3093
3347 2 2 5 1 3159 1168 3227
3348 2 2 5 1 2148 3105 3123
3349 2 2 5 1 1149 1705 3165
3350 2 2 5 1 960 958 3126
3351 2 2 5 1 2030 2028 2241
3352 2 2 5 1 2140 2138 2141
3353 2 2 5 1 1212 1213 1885
3354 2 2 5 1 631 632 3198
3355 2 2 5 1 962 1039 3130
3356 2 2 5 1 2045 1136 2994
3357 2 2 5 1 793 794 795
3358 2 2 5 1 803 804 805
3359 2 2 5 1 1122 3077 3132
3360 2 2 5 1 1677 1177 3006
3361 2 2 5 1 2994 2995 3251
3362 2 2 5 1 1121 1831 3109
3363 2 2 5 1 1653 1719 1834
3364 2 2 5 1 1709 1789 3167
3365 2 2 5 1 692 723 3051
3366 2 2 5 1 2359 2488 2617
3367 2 2 5 1 955 956 980
3368 2 2 5 1 2217 2046 2339
3369 2 2 5 1 1158 1880 3122
3370 2 2 5 1 1949 1610 3072
3371 2 2 5 1 692 721 723
3372 2 2 5 1 692 3051 3053
3373 2 2 5 1 1103 1106 3125
3374 2 2 5 1 2009 1807 3181
3375 2 2 5 1 1793 1795 2043
3376 2 2 5 1 2289 3027 3234
3377 2 2 5 1 651 648 3045
3378 2 2 5 1 686 684 688
3379 2 2 5 1 1670 2149 3057
3380 2 2 5 1 2615 2017 2853
3381 2 2 5 1 2177 1223 3097
3382 2 2 5 1 1787 1222 3084
3383 2 2 5 1 1180 1163 1181
3384 2 2 5 1 2129 2130 2144
3385 2 2 5 1 2268 2269 2270
3386 2 2 5 1 1171 1192 1193
3387 2 2 5 1 1731 1730 1732
3388 2 2 5 1 1038 961 3097
3389 2 2 5 1 1919 2048 3096
3390 2 2 5 1 1743 1742 1744
3391 2 2 5 1 627 629 3142
3392 2 2 5 1 752 3080 3093
3393 2 2 5 1 1178 1649 1650
3394 2 2 5 1 2360 2294 2361
3395 2 2 5 1 1155 1154 1156
3396 2 2 5 1 1168 1170 1171
3397 2 2 5 1 2066 2294 2360
3398 2 2 5 1 1137 1136 1139
3399 2 2 5 1 1169 1166 2051
3400 2 2 5 1 597 3119 3171
3401 2 2 5 1 1154 1152 2301
3402 2 2 5 1 3020 2314 3317
3403 2 2 5 1 1086 1108 1212
3404 2 2 5 1 1711 1970 1971
3405 2 2 5 1 2035 2037 2038
3406 2 2 5 1 595 3079 3134
3407 2 2 5 1 2113 1694 2351
3408 2 2 5 1 2027 2028 2029
3409 2 2 5 1 1935 2046 2217
3410 2 2 5 1 3080 2297 3081
3411 2 2 5 1 3077 2300 3176
3412 2 2 5 1 3097 963 3098
3413 2 2 5 1 1744 1742 1976
3414 2 2 5 1 2104 2103 2108
3415 2 2 5 1 592 590 3079
3416 2 2 5 1 737 677 3027
3417 2 2 5 1 648 646 3045
3418 2 2 5 1 619 751 3149
3419 2 2 5 1 1637 1636 1784
3420 2 2 5 1 1902 1897 1903
3421 2 2 5 1 2285 2011 2983
3422 2 2 5 1 1731 1732 1901
3423 2 2 5 1 3080 3081 3093
3424 2 2 5 1 685 687 732
3425 2 2 5 1 2216 1715 3110
3426 2 2 5 1 624 627 3063
3427 2 2 5 1 642 644 645
3428 2 2 5 1 1722 1053 1723
3429 2 2 5 1 1130 1133 3156
3430 2 2 5 1 2067 1667 3116
3431 2 2 5 1 2043 3035 3036
3432 2 2 5 1 639 641 3026
3433 2 2 5 1 1120 1121 3109
3434 2 2 5 1 3127 2305 3131
3435 2 2 5 1 1214 1215 1216
3436 2 2 5 1 1892 1677 1893
3437 2 2 5 1 574 572 3160
3438 2 2 5 1 1971 2265 3050
3439 2 2 5 1 990 796 3092
3440 2 2 5 1 723 934 935
3441 2 2 5 1 1160 1159 1161
3442 2 2 5 1 2015 1973 2083
3443 2 2 5 1 1082 1647 1648
3444 2 2 5 1 1705 1190 1706
3445 2 2 5 1 1218 1694 2113
3446 2 2 5 1 1979 1715 2216
3447 2 2 5 1 1796 1797 1798
3448 2 2 5 1 2893 2141 2894
3449 2 2 5 1 1670 1672 2149
3450 2 2 5 1 2241 2028 3047
3451 2 2 5 1 2049 2302 3043
3452 2 2 5 1 1151 681 1152
3453 2 2 5 1 1162 1161 1163
3454 2 2 5 1 1741 1740 1742
3455 2 2 5 1 2129 2144 2621
3456 2 2 5 1 1763 1764 2100
3457 2 2 5 1 952 1081 1082
3458 2 2 5 1 2012 1806 3000
3459 2 2 5 1 659 658 660
3460 2 2 5 1 935 934 3007
3461 2 2 5 1 1190 1189 1910
3462 2 2 5 1 3049 645 3215
3463 2 2 5 1 1026 1027 1028
3464 2 2 5 1 1221 2047 3130
3465 2 2 5 1 3111 628 3112
3466 2 2 5 1 2059 2367 3137
3467 2 2 5 1 2574 3203 3211
3468 2 2 5 1 3074 3026 3206
3469 2 2 5 1 3079 590 3124
3470 2 2 5 1 667 666 668
3471 2 2 5 1 952 733 953
3472 2 2 5 1 685 684 686
3473 2 2 5 1 738 3012 3215
3474 2 2 5 1 965 2312 3011
3475 2 2 5 1 1178 1650 3191
3476 2 2 5 1 2062 3101 3102
3477 2 2 5 1 2058 2057 3091
3478 2 2 5 1 2192 2193 2245
3479 2 2 5 1 1117 2300 3077
3480 2 2 5 1 1116 1118 3179
3481 2 2 5 1 1837 2247 2314
3482 2 2 5 1 1710 1711 3076
3483 2 2 5 1 2126 2128 2129
3484 2 2 5 1 2142 1649 3122
3485 2 2 5 1 623 624 3063
3486 2 2 5 1 736 639 3026
3487 2 2 5 1 2176 1223 2177
3488 2 2 5 1 617 619 3149
3489 2 2 5 1 3081 1109 3103
3490 2 2 5 1 1185 1186 1713
3491 2 2 5 1 2055 3217 3245
3492 2 2 5 1 2063 2064 2065
3493 2 2 5 1 655 654 656
3494 2 2 5 1 723 753 934
3495 2 2 5 1 1022 1024 1030
3496 2 2 5 1 3145 3096 3162
3497 2 2 5 1 3221 2067 3235
3498 2 2 5 1 3063 2299 3210
3499 2 2 5 1 2403 2401 2999
3500 2 2 5 1 657 656 658
3501 2 2 5 1 1712 960 3126
3502 2 2 5 1 1784 1636 2255
3503 2 2 5 1 2029 2028 2030
3504 2 2 5 1 3139 3095 3204
3505 2 2 5 1 1789 1791 2304
3506 2 2 5 1 680 681 682
3507 2 2 5 1 2031 2030 2032
3508 2 2 5 1 595 592 3079
3509 2 2 5 1 955 980 1087
3510 2 2 5 1 1053 1653 2992
3511 2 2 5 1 1130 1129 1132
3512 2 2 5 1 1139 1136 2045
3513 2 2 5 1 1666 1667 1668
3514 2 2 5 1 604 605 606
3515 2 2 5 1 1053 1035 1653
3516 2 2 5 1 665 664 666
3517 2 2 5 1 726 1145 1146
3518 2 2 5 1 1763 2100 2165
3519 2 2 5 1 2175 1787 3084
3520 2 2 5 1 798 796 990
3521 2 2 5 1 669 668 670
3522 2 2 5 1 1148 1147 1150
3523 2 2 5 1 1962 1223 2176
3524 2 2 5 1 621 623 3088
3525 2 2 5 1 993 994 1045
3526 2 2 5 1 1106 1699 3125
3527 2 2 5 1 632 630 633
3528 2 2 5 1 636 634 698
3529 2 2 5 1 2121 1787 2175
3530 2 2 5 1 2015 2083 2084
3531 2 2 5 1 2034 2032 2035
3532 2 2 5 1 694 1164 1165
3533 2 2 5 1 993 945 994
3534 2 2 5 1 1173 1174 1175
3535 2 2 5 1 1806 1807 2009
3536 2 2 5 1 624 626 627
3537 2 2 5 1 1748 1144 1749
3538 2 2 5 1 1167 1166 1169
3539 2 2 5 1 1700 1652 1838
3540 2 2 5 1 2100 1764 3078
3541 2 2 5 1 2020 2021 2022
3542 2 2 5 1 2023 2021 2470
3543 2 2 5 1 2427 2556 2557
3544 2 2 5 1 3134 3079 3169
3545 2 2 5 1 2438 1928 3138
3546 2 2 5 1 662 664 665
3547 2 2 5 1 952 953 1081
3548 2 2 5 1 1223 1038 3097
3549 2 2 5 1 1672 1673 1674
3550 2 2 5 1 1804 1802 3082
3551 2 2 5 1 680 683 3151
3552 2 2 5 1 1901 1732 2554
3553 2 2 5 1 2002 2238 2926
3554 2 2 5 1 3132 3077 3176
3555 2 2 5 1 3093 3081 3103
3556 2 2 5 1 658 656 957
3557 2 2 5 1 3149 751 3150
3558 2 2 5 1 942 800 3118
3559 2 2 5 1 1972 1971 1973
3560 2 2 5 1 2398 2399 2715
3561 2 2 5 1 604 607 3068
3562 2 2 5 1 691 672 3023
3563 2 2 5 1 688 684 3120
3564 2 2 5 1 750 1103 3125
3565 2 2 5 1 1219 1038 1223
3566 2 2 5 1 581 582 583
3567 2 2 5 1 1701 1610 1949
3568 2 2 5 1 2139 2138 2140
3569 2 2 5 1 579 581 964
3570 2 2 5 1 654 689 3046
3571 2 2 5 1 1024 1023 1025
3572 2 2 5 1 1150 2057 2058
3573 2 2 5 1 1173 1175 1176
3574 2 2 5 1 1182 1184 3133
3575 2 2 5 1 2007 1703 2008
3576 2 2 5 1 1764 2308 2309
3577 2 2 5 1 1788 1787 2121
3578 2 2 5 1 1809 1927 1928
3579 2 2 5 1 2256 2455 2588
3580 2 2 5 1 2309 3242 3255
3581 2 2 5 1 1910 3065 3066
3582 2 2 5 1 682 681 1151
3583 2 2 5 1 789 790 791
3584 2 2 5 1 1111 1109 3081
3585 2 2 5 1 1129 1128 1131
3586 2 2 5 1 1789 2304 3167
3587 2 2 5 1 1806 1804 1807
3588 2 2 5 1 2287 1928 2438
3589 2 2 5 1 1957 1958 1959
3590 2 2 5 1 614 617 3147
3591 2 2 5 1 641 642 3049
3592 2 2 5 1 1194 1192 1836
3593 2 2 5 1 1200 1913 1914
3594 2 2 5 1 1650 2138 2139
3595 2 2 5 1 2013 1973 2015
3596 2 2 5 1 2470 2021 3066
3597 2 2 5 1 621 620 622
3598 2 2 5 1 751 621 3088
3599 2 2 5 1 624 625 626
3600 2 2 5 1 723 935 3051
3601 2 2 5 1 1713 1714 2068
3602 2 2 5 1 1791 1792 1793
3603 2 2 5 1 583 584 585
3604 2 2 5 1 604 606 607
3605 2 2 5 1 675 674 676
3606 2 2 5 1 677 678 679
3607 2 2 5 1 1666 1668 1909
3608 2 2 5 1 1200 1914 1915
3609 2 2 5 1 1717 1637 1718
3610 2 2 5 1 1749 1750 1763
3611 2 2 5 1 2144 2130 2669
3612 2 2 5 1 650 652 653
3613 2 2 5 1 662 663 664
3614 2 2 5 1 1913 2219 2273
3615 2 2 5 1 734 1134 1135
3616 2 2 5 1 1668 1667 1669
3617 2 2 5 1 1181 1163 3075
3618 2 2 5 1 1670 1671 1672
3619 2 2 5 1 1745 1746 1755
3620 2 2 5 1 1796 1798 1799
3621 2 2 5 1 614 612 615
3622 2 2 5 1 664 663 690
3623 2 2 5 1 2268 2267 2269
3624 2 2 5 1 2035 2036 2037
3625 2 2 5 1 647 649 738
3626 2 2 5 1 654 652 689
3627 2 2 5 1 2137 1649 2142
3628 2 2 5 1 2127 1797 2239
3629 2 2 5 1 1803 1802 1804
3630 2 2 5 1 2295 2053 3015
3631 2 2 5 1 585 584 586
3632 2 2 5 1 632 633 634
3633 2 2 5 1 642 643 644
3634 2 2 5 1 752 1141 3080
3635 2 2 5 1 1120 1119 1121
3636 2 2 5 1 1712 3127 3177
3637 2 2 5 1 2148 2856 2857
3638 2 2 5 1 2927 2238 2928
3639 2 2 5 1 598 596 702
3640 2 2 5 1 599 598 600
3641 2 2 5 1 695 1115 1116
3642 2 2 5 1 1165 1164 1166
3643 2 2 5 1 1846 1202 2179
3644 2 2 5 1 1795 1796 3212
3645 2 2 5 1 674 691 3114
3646 2 2 5 1 732 687 733
3647 2 2 5 1 1182 1132 1184
3648 2 2 5 1 1138 1137 1636
3649 2 2 5 1 1214 1216 2240
3650 2 2 5 1 2176 2177 2178
3651 2 2 5 1 994 945 995
3652 2 2 5 1 2036 2032 3201
3653 2 2 5 1 2105 2417 2628
3654 2 2 5 1 604 602 605
3655 2 2 5 1 609 611 735
3656 2 2 5 1 618 616 693
3657 2 2 5 1 629 631 726
3658 2 2 5 1 645 646 647
3659 2 2 5 1 801 803 824
3660 2 2 5 1 1699 2001 2283
3661 2 2 5 1 1789 1790 1791
3662 2 2 5 1 1827 2220 2260
3663 2 2 5 1 2140 2141 2143
3664 2 2 5 1 2148 2147 2856
3665 2 2 5 1 2245 2193 2459
3666 2 2 5 1 1199 1112 3135
3667 2 2 5 1 1118 1117 1119
3668 2 2 5 1 2219 1199 3135
3669 2 2 5 1 2050 1919 3096
3670 2 2 5 1 1958 2056 2070
3671 2 2 5 1 797 796 798
3672 2 2 5 1 801 800 802
3673 2 2 5 1 807 806 808
3674 2 2 5 1 1107 1104 2003
3675 2 2 5 1 2179 1202 2180
3676 2 2 5 1 1699 1652 1700
3677 2 2 5 1 1798 1797 2127
3678 2 2 5 1 576 574 577
3679 2 2 5 1 603 602 604
3680 2 2 5 1 609 608 610
3681 2 2 5 1 613 612 614
3682 2 2 5 1 1045 1179 1609
3683 2 2 5 1 1749 1144 1750
3684 2 2 5 1 1792 1790 1884
3685 2 2 5 1 1919 1918 1920
3686 2 2 5 1 699 625 1126
3687 2 2 5 1 627 628 629
3688 2 2 5 1 657 658 659
3689 2 2 5 1 795 796 797
3690 2 2 5 1 593 592 594
3691 2 2 5 1 1673 1703 1704
3692 2 2 5 1 575 574 576
3693 2 2 5 1 629 628 630
3694 2 2 5 1 653 652 654
3695 2 2 5 1 1149 1189 1190
3696 2 2 5 1 1835 1662 2371
3697 2 2 5 1 2237 1949 2614
3698 2 2 5 1 2427 2557 2817
3699 2 2 5 1 571 573 724
3700 2 2 5 1 1143 1144 1748
3701 2 2 5 1 1178 1157 1649
3702 2 2 5 1 1827 1607 2220
3703 2 2 5 1 1705 2019 2299
3704 2 2 5 1 1745 1755 2258
3705 2 2 5 1 2062 2063 3101
3706 2 2 5 1 586 587 588
3707 2 2 5 1 639 640 641
3708 2 2 5 1 695 1116 2303
3709 2 2 5 1 1131 2054 2981
3710 2 2 5 1 1699 2283 3125
3711 2 2 5 1 1919 1920 2048
3712 2 2 5 1 2281 2282 2930
3713 2 2 5 1 1106 1652 1699
3714 2 2 5 1 1809 1928 2286
3715 2 2 5 1 964 581 3129
3716 2 2 5 1 700 958 959
3717 2 2 5 1 1110 1111 1112
3718 2 2 5 1 1110 1112 1113
3719 2 2 5 1 1113 1112 1199
3720 2 2 5 1 1146 1148 1149
3721 2 2 5 1 1150 1147 2057
3722 2 2 5 1 1221 1222 1708
3723 2 2 5 1 1710 1648 1711
3724 2 2 5 1 1666 1665 1667
3725 2 2 5 1 1784 2255 2381
3726 2 2 5 1 1801 1802 1803
3727 2 2 5 1 1846 2179 2205
3728 2 2 5 1 1885 2490 2495
3729 2 2 5 1 2002 2237 2238
3730 2 2 5 1 670 668 671
3731 2 2 5 1 1158 1159 1160
3732 2 2 5 1 1665 1664 2010
3733 2 2 5 1 1669 1667 2067
3734 2 2 5 1 1709 1787 1788
3735 2 2 5 1 2002 1949 2237
3736 2 2 5 1 2439 2438 2440
3737 2 2 5 1 1610 1611 3072
3738 2 2 5 1 1798 2127 3183
3739 2 2 5 1 2035 2032 2036
3740 2 2 5 1 573 572 574
3741 2 2 5 1 578 577 695
3742 2 2 5 1 586 584 587
3743 2 2 5 1 598 702 3037
3744 2 2 5 1 637 639 736
3745 2 2 5 1 962 1038 1039
3746 2 2 5 1 1001 2104 2105
3747 2 2 5 1 1113 1200 3070
3748 2 2 5 1 1188 1124 2281
3749 2 2 5 1 1608 1607 1827
3750 2 2 5 1 579 580 581
3751 2 2 5 1 581 583 3129
3752 2 2 5 1 728 585 1109
3753 2 2 5 1 1112 1111 1114
3754 2 2 5 1 2020 1706 2021
3755 2 2 5 1 2931 2282 3094
3756 2 2 5 1 591 590 592
3757 2 2 5 1 667 668 669
3758 2 2 5 1 789 791 950
3759 2 2 5 1 959 961 962
3760 2 2 5 1 1801 1800 1802
3761 2 2 5 1 2044 2147 2148
3762 2 2 5 1 2926 2238 2927
3763 2 2 5 1 631 630 632
3764 2 2 5 1 635 634 636
3765 2 2 5 1 637 636 638
3766 2 2 5 1 906 904 966
3767 2 2 5 1 963 960 1712
3768 2 2 5 1 1155 1157 1178
3769 2 2 5 1 1662 1181 1663
3770 2 2 5 1 1713 1186 1714
3771 2 2 5 1 2066 2360 3101
3772 2 2 5 1 586 588 589
3773 2 2 5 1 589 590 591
3774 2 2 5 1 1794 1792 3214
3775 2 2 5 1 576 577 578
3776 2 2 5 1 674 672 691
3777 2 2 5 1 1892 1957 2518
3778 2 2 5 1 601 602 603
3779 2 2 5 1 649 648 650
3780 2 2 5 1 905 907 908
3781 2 2 5 1 1811 1074 1840
3782 2 2 5 1 1705 2299 3165
3783 2 2 5 1 2062 2061 2063
3784 2 2 5 1 581 580 582
3785 2 2 5 1 594 592 595
3786 2 2 5 1 752 593 1140
3787 2 2 5 1 673 672 674
3788 2 2 5 1 905 906 907
3789 2 2 5 1 1110 1109 1111
3790 2 2 5 1 1123 1122 1124
3791 2 2 5 1 1138 1637 1717
3792 2 2 5 1 1151 1153 2311
3793 2 2 5 1 1793 1794 1795
3794 2 2 5 1 2022 2021 2023
3795 2 2 5 1 2025 2027 2291
3796 2 2 5 1 2038 2039 2040
3797 2 2 5 1 2063 2061 2064
3798 2 2 5 1 1796 1794 1797
3799 2 2 5 1 2427 1838 2556
3800 2 2 5 1 2005 2004 2006
3801 2 2 5 1 3079 3124 3169
3802 2 2 5 1 659 660 661
3803 2 2 5 1 1026 1025 1027
3804 2 2 5 1 2010 1664 2011
3805 2 2 5 1 1673 1671 1703
3806 2 2 5 1 597 596 598
3807 2 2 5 1 614 615 616
3808 2 2 5 1 670 672 673
3809 2 2 5 1 700 3113 3124
3810 2 2 5 1 728 1109 1110
3811 2 2 5 1 959 958 960
3812 2 2 5 1 959 960 961
3813 2 2 5 1 1039 1038 1219
3814 2 2 5 1 1101 1610 1701
3815 2 2 5 1 1107 2004 2005
3816 2 2 5 1 1127 1129 1130
3817 2 2 5 1 1133 1185 3156
3818 2 2 5 1 1714 1186 1715
3819 2 2 5 1 1221 1708 2047
3820 2 2 5 1 2298 1708 3167
3821 2 2 5 1 1763 1750 1764
3822 2 2 5 1 1915 1914 1916
3823 2 2 5 1 2027 2026 2028
3824 2 2 5 1 3126 2305 3127
3825 2 2 5 1 732 733 952
3826 2 2 5 1 2018 1161 3021
3827 2 2 5 1 675 677 737
3828 2 2 5 1 1130 1132 1133
3829 2 2 5 1 2068 1714 3241
3830 2 2 5 1 1743 1744 1745
3831 2 2 5 1 2005 2256 2257
3832 2 2 5 1 2034 2035 3041
3833 2 2 5 1 695 577 1115
3834 2 2 5 1 582 580 2305
3835 2 2 5 1 611 610 612
3836 2 2 5 1 617 616 618
3837 2 2 5 1 619 618 620
3838 2 2 5 1 629 630 631
3839 2 2 5 1 632 634 635
3840 2 2 5 1 1103 1104 1105
3841 2 2 5 1 1125 1120 1607
3842 2 2 5 1 1638 1182 3133
3843 2 2 5 1 1185 1183 1186
3844 2 2 5 1 1757 1756 1758
3845 2 2 5 1 1972 2013 2289
3846 2 2 5 1 2044 2148 3123
3847 2 2 5 1 680 682 683
3848 2 2 5 1 905 904 906
3849 2 2 5 1 1745 1744 1746
3850 2 2 5 1 2044 1748 2147
3851 2 2 5 1 2038 2040 2052
3852 2 2 5 1 579 578 580
3853 2 2 5 1 1175 1174 1177
3854 2 2 5 1 2518 1957 3031
3855 2 2 5 1 2010 2011 2285
3856 2 2 5 1 702 596 3100
3857 2 2 5 1 601 600 602
3858 2 2 5 1 1221 1220 1222
3859 2 2 5 1 2023 2524 3140
3860 2 2 5 1 2040 2039 2041
3861 2 2 5 1 576 578 579
3862 2 2 5 1 585 586 3103
3863 2 2 5 1 700 587 958
3864 2 2 5 1 607 608 609
3865 2 2 5 1 734 669 1134
3866 2 2 5 1 962 961 1038
3867 2 2 5 1 1118 1119 1120
3868 2 2 5 1 1750 1144 3141
3869 2 2 5 1 1200 1199 1913
3870 2 2 5 1 2286 1928 2287
3871 2 2 5 1 965 661 2312
3872 2 2 5 1 1087 980 1088
3873 2 2 5 1 1039 1220 1221
3874 2 2 5 1 1117 1115 2300
3875 2 2 5 1 1121 1119 1122
3876 2 2 5 1 1123 1124 1188
3877 2 2 5 1 1151 1152 1153
3878 2 2 5 1 1835 2371 2442
3879 2 2 5 1 1957 1893 1958
3880 2 2 5 1 1958 1893 2056
3881 2 2 5 1 3105 2857 3106
3882 2 2 5 1 3060 3059 3061
3883 2 2 5 1 3113 3130 3169
3884 2 2 5 1 569 568 570
3885 2 2 5 1 571 570 572
3886 2 2 5 1 1086 956 1108
3887 2 2 5 1 1135 1136 1137
3888 2 2 5 1 2060 2058 2061
3889 2 2 5 1 588 587 700
3890 2 2 5 1 591 592 593
3891 2 2 5 1 639 638 640
3892 2 2 5 1 752 1140 1141
3893 2 2 5 1 1127 1128 1129
3894 2 2 5 1 1716 1715 1979
3895 2 2 5 1 2292 2065 2293
3896 2 2 5 1 2148 2857 3105
3897 2 2 5 1 578 695 3131
3898 2 2 5 1 1663 1666 3104
3899 2 2 5 1 1699 1700 2001
3900 2 2 5 1 1917 1916 1918
3901 2 2 5 1 2256 2006 2455
3902 2 2 5 1 653 654 655
3903 2 2 5 1 690 663 2284
3904 2 2 5 1 1081 953 3262
3905 2 2 5 1 967 1053 1722
3906 2 2 5 1 635 636 637
3907 2 2 5 1 1121 1123 1831
3908 2 2 5 1 1127 1126 1128
3909 2 2 5 1 1709 1222 1787
3910 2 2 5 1 1828 1827 3089
3911 2 2 5 1 2286 2287 2980
3912 2 2 5 1 665 666 667
3913 2 2 5 1 677 676 678
3914 2 2 5 1 1114 1111 2297
3915 2 2 5 1 1672 1671 1673
3916 2 2 5 1 1755 1756 1757
3917 2 2 5 1 1791 1790 1792
3918 2 2 5 1 619 620 621
3919 2 2 5 1 675 676 677
3920 2 2 5 1 1106 1651 1652
3921 2 2 5 1 1704 2007 2069
3922 2 2 5 1 611 612 613
3923 2 2 5 1 623 622 624
3924 2 2 5 1 627 626 628
3925 2 2 5 1 661 660 662
3926 2 2 5 1 736 3218 3223
3927 2 2 5 1 1142 1140 2307
3928 2 2 5 1 2019 1706 2020
3929 2 2 5 1 1915 1916 1917
3930 2 2 5 1 694 643 1164
3931 2 2 5 1 659 661 965
3932 2 2 5 1 662 660 663
3933 2 2 5 1 699 1126 1127
3934 2 2 5 1 732 3018 3257
3935 2 2 5 1 1107 2003 2004
3936 2 2 5 1 1133 1132 1182
3937 2 2 5 1 1141 1140 1142
3938 2 2 5 1 1141 1142 1143
3939 2 2 5 1 1150 2058 2059
3940 2 2 5 1 1711 1648 1970
3941 2 2 5 1 1711 1971 1972
3942 2 2 5 1 2026 2024 2892
3943 2 2 5 1 2059 2058 2060
3944 2 2 5 1 2360 2361 2592
3945 2 2 5 1 594 595 596
3946 2 2 5 1 614 616 617
3947 2 2 5 1 1650 1649 2137
3948 2 2 5 1 1714 1715 1716
3949 2 2 5 1 566 568 569
3950 2 2 5 1 1174 1172 2310
3951 2 2 5 1 1852 1843 1897
3952 2 2 5 1 2105 2104 2417
3953 2 2 5 1 569 570 571
3954 2 2 5 1 583 585 728
3955 2 2 5 1 583 728 3129
3956 2 2 5 1 683 684 685
3957 2 2 5 1 1101 1701 1702
3958 2 2 5 1 1106 1105 1651
3959 2 2 5 1 1116 1117 1118
3960 2 2 5 1 2281 1124 2282
3961 2 2 5 1 1180 1181 1662
3962 2 2 5 1 1193 1707 2049
3963 2 2 5 1 1702 1701 3146
3964 2 2 5 1 1837 1836 2246
3965 2 2 5 1 1917 1919 2050
3966 2 2 5 1 583 582 584
3967 2 2 5 1 589 588 590
3968 2 2 5 1 797 798 799
3969 2 2 5 1 799 800 801
3970 2 2 5 1 1663 1181 1664
3971 2 2 5 1 1708 1222 1709
3972 2 2 5 1 1789 1788 1790
3973 2 2 5 1 2031 2032 2034
3974 2 2 5 1 1107 2005 3143
3975 2 2 5 1 2174 1189 3170
3976 2 2 5 1 1836 1192 3238
3977 2 2 5 1 571 572 573
3978 2 2 5 1 1650 2137 2138
3979 2 2 5 1 1701 1949 2002
3980 2 2 5 1 1705 1706 2019
3981 2 2 5 1 2063 2066 3101
3982 2 2 5 1 964 3129 3172
3983 2 2 5 1 1105 1104 1107
3984 2 2 5 1 1118 1120 1125
3985 2 2 5 1 1764 1750 2308
3986 2 2 5 1 2059 2060 2367
3987 2 2 5 1 2127 2482 2658
3988 2 2 5 1 621 622 623
3989 2 2 5 1 629 726 3142
3990 2 2 5 1 647 648 649
3991 2 2 5 1 738 649 1172
3992 2 2 5 1 1135 1134 1136
3993 2 2 5 1 1149 1148 1189
3994 2 2 5 1 1668 1669 1670
3995 2 2 5 1 1935 2217 2698
3996 2 2 5 1 1979 2216 2649
3997 2 2 5 1 2047 3134 3169
3998 2 2 5 1 120 121 386
3999 2 2 5 1 961 960 963
4000 2 2 5 1 1131 1128 2054
4001 2 2 5 1 1676 1677 1892
4002 2 2 5 1 1793 1792 1794
4003 2 2 5 1 570 568 701
4004 2 2 5 1 801 802 803
4005 2 2 5 1 1103 1105 1106
4006 2 2 5 1 3056 1176 3062
4007 2 2 5 1 2048 1920 2941
4008 2 2 5 1 617 618 619
4009 2 2 5 1 680 678 681
4010 2 2 5 1 1885 1886 2490
4011 2 2 5 1 1910 2218 3065
4012 2 2 5 1 2066 2292 2294
4013 2 2 5 1 3164 3098 3194
4014 2 2 5 1 701 568 3107
4015 2 2 5 1 1143 1142 1144
4016 2 2 5 1 1663 1665 1666
4017 2 2 5 1 1917 1918 1919
4018 2 2 5 1 2930 2931 2932
4019 2 2 5 1 3129 3157 3172
4020 2 2 5 1 624 622 625
4021 2 2 5 1 626 625 699
4022 2 2 5 1 908 907 909
4023 2 2 5 1 1125 1607 1608
4024 2 2 5 1 1910 1189 2174
4025 2 2 5 1 1608 1827 1828
4026 2 2 5 1 2426 1838 2427
4027 2 2 5 1 1918 1916 1921
4028 2 2 5 1 2005 2006 2256
4029 2 2 5 1 594 596 597
4030 2 2 5 1 650 648 651
4031 2 2 5 1 685 686 687
4032 2 2 5 1 1125 1608 2306
4033 2 2 5 1 1807 1804 1808
4034 2 2 5 1 2012 3002 3003
4035 2 2 5 1 3098 963 3178
4036 2 2 5 1 1118 1125 3179
4037 2 2 5 1 1700 1838 2426
4038 2 2 5 1 1701 2002 3146
4039 2 2 5 1 2490 1886 2491
4040 2 2 5 1 3100 2298 3186
4041 2 2 5 1 1158 1156 1159
4042 2 2 5 1 573 574 575
4043 2 2 5 1 575 576 3139
4044 2 2 5 1 645 644 646
4045 2 2 5 1 647 646 648
4046 2 2 5 1 803 802 804
4047 2 2 5 1 1913 1199 2219
4048 2 2 5 1 1799 1801 2288
4049 2 2 5 1 1802 1800 1805
4050 2 2 5 1 2084 2688 2689
4051 2 2 5 1 2241 3047 3048
4052 2 2 5 1 3111 3112 3245
4053 2 2 5 1 2927 2928 2929
4054 2 2 5 1 642 640 643
4055 2 2 5 1 644 643 694
4056 2 2 5 1 790 788 1031
4057 2 2 5 1 1103 1102 1104
4058 2 2 5 1 2303 1116 3179
4059 2 2 5 1 1165 1166 1167
4060 2 2 5 1 1910 2174 2218
4061 2 2 5 1 2052 2053 2295
4062 2 2 5 1 2127 2239 2482
4063 2 2 5 1 2287 2438 2439
4064 2 2 5 1 3242 3069 3255
4065 2 2 5 1 1138 1636 1637
4066 2 2 5 1 1143 1748 2044
4067 2 2 5 1 1663 1664 1665
4068 2 2 5 1 2047 1708 2298
4069 2 2 5 1 1799 1798 1800
4070 2 2 5 1 2455 2006 2940
4071 2 2 5 1 599 600 601
4072 2 2 5 1 1113 1199 1200
4073 2 2 5 1 1185 1713 2055
4074 2 2 5 1 2063 2065 2066
4075 2 2 5 1 2930 2282 2931
4076 2 2 5 1 1121 1122 1123
4077 2 2 5 1 3080 1141 3166
4078 2 2 5 1 2022 2024 2025
4079 2 2 5 1 2312 661 3144
4080 2 2 5 1 676 674 3114
4081 2 2 5 1 2002 2926 3146
4082 2 2 5 1 2022 2023 2024
4083 2 2 5 1 2025 2024 2026
4084 2 2 5 1 2049 3043 3044
4085 2 2 5 1 613 3147 3148
4086 2 2 5 1 1219 1223 1962
4087 2 2 5 1 2037 2036 2680
4088 2 2 5 1 2298 3100 3134
4089 2 2 5 1 597 598 599
4090 2 2 5 1 673 674 675
4091 2 2 5 1 1146 1147 1148
4092 2 2 5 1 607 606 608
4093 2 2 5 1 1193 1192 1194
4094 2 2 5 1 1694 1217 2109
4095 2 2 5 1 1803 1804 1806
4096 2 2 5 1 1927 1808 2131
4097 2 2 5 1 3040 2045 3268
4098 2 2 5 1 2066 2065 2292
4099 2 2 5 1 3094 3132 3176
4100 2 2 5 1 1133 1182 1183
4101 2 2 5 1 1183 1182 1638
4102 2 2 5 1 1709 1788 1789
4103 2 2 5 1 1741 1742 1743
4104 2 2 5 1 1828 3089 3190
4105 2 2 5 1 591 593 752
4106 2 2 5 1 679 678 680
4107 2 2 5 1 799 798 800
4108 2 2 5 1 1039 1219 1220
4109 2 2 5 1 1972 1973 2013
4110 2 2 5 1 593 594 3171
4111 2 2 5 1 954 733 3207
4112 2 2 5 1 1116 1115 1117
4113 2 2 5 1 1670 1669 1671
4114 2 2 5 1 1809 1808 1927
4115 2 2 5 1 2048 2941 2949
4116 2 2 5 1 953 954 955
4117 2 2 5 1 2034 3041 3042
4118 2 2 5 1 637 638 639
4119 2 2 5 1 670 671 672
4120 2 2 5 1 1168 1167 1170
4121 2 2 5 1 2041 2039 2042
4122 2 2 5 1 3003 3002 3004
4123 2 2 5 1 2057 1147 3108
4124 2 2 5 1 1026 1028 1939
4125 2 2 5 1 1101 1100 1610
4126 2 2 5 1 2038 2037 2039
4127 2 2 5 1 1610 1100 1611
4128 2 2 5 1 2029 2030 2031
4129 2 2 5 1 572 570 3121
4130 2 2 5 1 726 631 1145
4131 2 2 5 1 2856 2147 2858
4132 2 2 5 1 2179 2180 2207
4133 2 2 5 1 644 694 3158
4134 2 2 5 1 1133 1183 1185
4135 2 2 5 1 1146 1145 1147
4136 2 2 5 1 2005 2257 3143
4137 2 2 5 1 599 601 722
4138 2 2 5 1 608 606 696
4139 2 2 5 1 964 3095 3139
4140 2 2 5 1 1153 1152 1154
4141 2 2 5 1 2023 2470 2524
4142 2 2 5 1 588 700 3124
4143 2 2 5 1 650 651 652
4144 2 2 5 1 1712 3126 3127
4145 2 2 5 1 1712 3177 3178
4146 2 2 5 1 2137 2142 2787
4147 2 2 5 1 967 966 1035
4148 2 2 5 1 1157 1156 1158
4149 2 2 5 1 2192 1901 2193
4150 2 2 5 1 609 610 611
4151 2 2 5 1 1110 1113 3157
4152 2 2 5 1 2050 3096 3204
4153 2 2 5 1 2051 2998 3163
4154 2 2 5 1 3178 2306 3194
4155 2 2 5 1 3002 3000 3009
4156 2 2 5 1 1214 1085 1215
4157 2 2 5 1 1884 3173 3174
4158 2 2 5 1 2052 2040 2053
4159 2 2 5 1 2060 2061 2062
4160 2 2 5 1 1027 1025 1217
4161 2 2 5 1 2029 2031 2033
4162 2 2 5 1 2975 2247 2976
4163 2 2 5 1 3098 3178 3194
4164 2 2 5 1 580 578 3131
4165 2 2 5 1 590 588 3124
4166 2 2 5 1 3147 617 3149
4167 2 2 5 1 634 633 3115
4168 2 2 5 1 1971 1970 2265
4169 2 2 5 1 655 727 3202
4170 2 2 5 1 1082 1648 1710
4171 2 2 5 1 1704 1703 2007
4172 2 2 5 1 1975 2637 2639
4173 2 2 5 1 2110 2097 2111
4174 2 2 5 1 613 614 3147
4175 2 2 5 1 1191 1202 1846
4176 2 2 5 1 1962 2176 2572
4177 2 2 5 1 791 790 792
4178 2 2 5 1 1045 1609 3064
4179 2 2 5 1 1105 1107 3143
4180 2 2 5 1 1607 1120 3109
4181 2 2 5 1 1162 1163 1180
4182 2 2 5 1 2637 1943 2638
4183 2 2 5 1 2025 2026 2027
4184 2 2 5 1 2787 2142 2815
4185 2 2 5 1 2423 2424 2618
4186 2 2 5 1 738 1173 3012
4187 2 2 5 1 1149 1190 1705
4188 2 2 5 1 1928 1927 3138
4189 2 2 5 1 2304 3155 3186
4190 2 2 5 1 2458 2381 2841
4191 2 2 5 1 967 1035 1053
4192 2 2 5 1 1218 1217 1694
4193 2 2 5 1 724 573 3145
4194 2 2 5 1 619 621 751
4195 2 2 5 1 633 3111 3217
4196 2 2 5 1 934 753 945
4197 2 2 5 1 1158 1160 1880
4198 2 2 5 1 3084 1220 3211
4199 2 2 5 1 1194 1836 1837
4200 2 2 5 1 2289 2013 2991
4201 2 2 5 1 2019 2020 2290
4202 2 2 5 1 667 669 734
4203 2 2 5 1 1173 1172 1174
4204 2 2 5 1 690 2284 2968
4205 2 2 5 1 3155 702 3186
4206 2 2 5 1 2398 2089 2399
4207 2 2 5 1 732 952 3018
4208 2 2 5 1 995 945 3219
4209 2 2 5 1 1112 1114 3135
4210 2 2 5 1 641 640 642
4211 2 2 5 1 1165 1167 1168
4212 2 2 5 1 1807 1808 1809
4213 2 2 5 1 2292 2293 3056
4214 2 2 5 1 1113 3070 3157
4215 2 2 5 1 1800 1798 3183
4216 2 2 5 1 953 733 954
4217 2 2 5 1 963 1712 3178
4218 2 2 5 1 2297 1111 3081
4219 2 2 5 1 1897 2500 3071
4220 2 2 5 1 1651 1105 3143
4221 2 2 5 1 2954 2008 2990
4222 2 2 5 1 3152 620 3153
4223 2 2 5 1 3121 701 3176
4224 2 2 5 1 1927 2131 2699
4225 2 2 5 1 599 722 3119
4226 2 2 5 1 683 682 684
4227 2 2 5 1 1939 1028 2792
4228 2 2 5 1 1935 1088 2046
4229 2 2 5 1 568 567 3107
4230 2 2 5 1 726 1146 3165
4231 2 2 5 1 1124 1122 3132
4232 2 2 5 1 1962 2572 2574
4233 2 2 5 1 906 966 967
4234 2 2 5 1 2463 1983 2498
4235 2 2 5 1 570 701 3121
4236 2 2 5 1 1731 1901 2192
4237 2 2 5 1 2032 2030 3201
4238 2 2 5 1 793 792 794
4239 2 2 5 1 2016 2017 2208
4240 2 2 5 1 3094 2282 3132
4241 2 2 5 1 686 688 692
4242 2 2 5 1 980 956 1086
4243 2 2 5 1 1892 1893 1957
4244 2 2 5 1 1902 1903 1942
4245 2 2 5 1 1109 585 3103
4246 2 2 5 1 795 794 796
4247 2 2 5 1 2043 1795 2296
4248 2 2 5 1 2298 3167 3186
4249 2 2 5 1 808 806 871
4250 2 2 5 1 1148 1150 3170
4251 2 2 5 1 1045 994 1179
4252 2 2 5 1 1653 1035 1719
4253 2 2 5 1 1155 1156 1157
4254 2 2 5 1 1609 1179 1923
4255 2 2 5 1 1944 1903 2212
4256 2 2 5 1 2220 1607 3109
4257 2 2 5 1 692 688 721
4258 2 2 5 1 805 806 807
4259 2 2 5 1 1160 1161 1162
4260 2 2 5 1 1755 1746 1756
4261 2 2 5 1 1799 1800 1801
4262 2 2 5 1 655 657 727
4263 2 2 5 1 750 1102 1103
4264 2 2 5 1 3205 638 3260
4265 2 2 5 1 2047 2298 3134
4266 2 2 5 1 698 634 3115
4267 2 2 5 1 795 797 823
4268 2 2 5 1 3113 962 3130
4269 2 2 5 1 573 575 3145
4270 2 2 5 1 1153 1154 1155
4271 2 2 5 1 655 656 657
4272 2 2 5 1 1215 1085 1696
4273 2 2 5 1 1795 1794 1796
4274 2 2 5 1 3167 2304 3186
4275 2 2 5 1 1175 1177 1675
4276 2 2 5 1 1884 1790 3173
4277 2 2 5 1 2680 2036 2807
4278 2 2 5 1 1180 1662 1835
4279 2 2 5 1 1126 3152 3220
4280 2 2 5 1 1716 1979 1980
4281 2 2 5 1 2439 2440 2622
4282 2 2 5 1 2126 1944 2128
4283 2 2 5 1 2669 2130 2828
4284 2 2 5 1 805 804 806
4285 2 2 5 1 959 962 3113
4286 2 2 5 1 1809 2286 3181
4287 2 2 5 1 2012 3000 3002
4288 2 2 5 1 728 1110 3157
4289 2 2 5 1 738 1172 1173
4290 2 2 5 1 2439 2622 2979
4291 2 2 5 1 2305 580 3131
4292 2 2 5 1 645 647 3215
4293 2 2 5 1 701 3094 3176
4294 2 2 5 1 2143 2141 2893
4295 2 2 5 1 2029 2033 3180
4296 2 2 5 1 2402 2401 2403
4297 2 2 5 1 3070 3085 3172
4298 2 2 5 1 584 582 3117
4299 2 2 5 1 1828 3164 3194
4300 2 2 5 1 2807 2036 3201
4301 2 2 5 1 1803 1806 2012
4302 2 2 5 1 1193 1194 1707
4303 2 2 5 1 2129 2128 2130
4304 2 2 5 1 1027 1217 1218
4305 2 2 5 1 1098 1100 1101
4306 2 2 5 1 1185 2055 3156
4307 2 2 5 1 723 721 753
4308 2 2 5 1 566 567 568
4309 2 2 5 1 955 1087 3262
4310 2 2 5 1 2030 2241 3201
4311 2 2 5 1 2084 2083 2688
4312 2 2 5 1 2270 2269 2356
4313 2 2 5 1 3157 3070 3172
4314 2 2 5 1 2265 1970 2629
4315 2 2 5 1 2282 1124 3132
4316 2 2 5 1 2423 1924 2424
4317 2 2 5 1 1171 1170 1191
4318 2 2 5 1 672 671 3023
4319 2 2 5 1 700 959 3113
4320 2 2 5 1 2180 1202 3246
4321 2 2 5 1 1675 1676 2263
4322 2 2 5 1 3163 2998 3260
4323 2 2 5 1 3152 3153 3220
4324 2 2 5 1 1099 2000 2655
4325 2 2 5 1 1852 1902 2535
4326 2 2 5 1 3096 3145 3204
4327 2 2 5 1 3163 3264 3266
4328 2 2 5 1 1135 1137 1138
4329 2 2 5 1 1150 2059 3170
4330 2 2 5 1 3130 2047 3169
4331 2 2 5 1 3129 728 3157
4332 2 2 5 1 1927 2699 3138
4333 2 2 5 1 3158 694 3159
4334 2 2 5 1 1102 565 2982
4335 2 2 5 1 903 905 3161
4336 2 2 5 1 2141 2138 3128
4337 2 2 5 1 3117 2305 3126
4338 2 2 5 1 1975 1943 2637
4339 2 2 5 1 702 3100 3186
4340 2 2 5 1 1647 1081 3010
4341 2 2 5 1 1677 3006 3278
4342 2 2 5 1 1716 1980 3277
4343 2 2 5 1 2491 2493 2494
4344 2 2 5 1 3108 3197 3223
4345 2 2 5 1 3208 722 3242
4346 2 2 5 1 630 628 3111
4347 2 2 5 1 1189 1148 3170
4348 2 2 5 1 2246 1836 2467
4349 2 2 5 1 2016 1934 2017
4350 2 2 5 1 3127 2303 3177
4351 2 2 5 1 722 3069 3242
4352 2 2 5 1 609 735 3175
4353 2 2 5 1 1125 2306 3179
4354 2 2 5 1 2299 3142 3165
4355 2 2 5 1 753 721 754
4356 2 2 5 1 1722 2087 2317
4357 2 2 5 1 3164 1828 3190
4358 2 2 5 1 2306 1608 3194
4359 2 2 5 1 1722 1723 2087
4360 2 2 5 1 2102 2098 2343
4361 2 2 5 1 1835 2442 2533
4362 2 2 5 1 3095 2050 3204
4363 2 2 5 1 2491 2492 2493
4364 2 2 5 1 2371 1662 3104
4365 2 2 5 1 2127 2658 3183
4366 2 2 5 1 2402 2403 2404
4367 2 2 5 1 2055 1713 3256
4368 2 2 5 1 2018 3021 3022
4369 2 2 5 1 2314 2247 2975
4370 2 2 5 1 1885 1213 1886
4371 2 2 5 1 2048 2949 3162
4372 2 2 5 1 3197 3108 3198
4373 2 2 5 1 3145 575 3204
4374 2 2 5 1 2027 2029 3180
4375 2 2 5 1 735 611 3233
4376 2 2 5 1 955 954 956
4377 2 2 5 1 3112 699 3199
4378 2 2 5 1 3120 2311 3269
4379 2 2 5 1 1169 2051 2313
4380 2 2 5 1 1675 2263 2264
4381 2 2 5 1 3096 2048 3162
4382 2 2 5 1 577 574 3160
4383 2 2 5 1 2175 3084 3203
4384 2 2 5 1 1139 2045 3040
4385 2 2 5 1 1141 1143 3166
4386 2 2 5 1 2467 1836 3238
4387 2 2 5 1 1756 1746 1984
4388 2 2 5 1 2049 3044 3227
4389 2 2 5 1 2200 2199 2267
4390 2 2 5 1 2294 3062 3288
4391 2 2 5 1 1759 1760 1911
4392 2 2 5 1 1792 1884 3214
4393 2 2 5 1 2894 2141 3128
4394 2 2 5 1 1803 2012 3228
4395 2 2 5 1 3003 3004 3185
4396 2 2 5 1 1130 3156 3199
4397 2 2 5 1 2290 2020 3168
4398 2 2 5 1 3177 2306 3178
4399 2 2 5 1 794 792 1007
4400 2 2 5 1 1218 2113 2551
4401 2 2 5 1 2357 2356 2358
4402 2 2 5 1 2181 1834 2548
4403 2 2 5 1 2064 3091 3218
4404 2 2 5 1 582 2305 3117
4405 2 2 5 1 1665 2010 3116
4406 2 2 5 1 2198 2197 2199
4407 2 2 5 1 3045 646 3158
4408 2 2 5 1 1082 1081 1647
4409 2 2 5 1 2491 1886 2492
4410 2 2 5 1 2044 3123 3166
4411 2 2 5 1 1608 1828 3194
4412 2 2 5 1 2045 2994 3273
4413 2 2 5 1 1213 1108 2014
4414 2 2 5 1 1191 1170 1202
4415 2 2 5 1 3068 607 3175
4416 2 2 5 1 2291 2027 3180
4417 2 2 5 1 3026 641 3206
4418 2 2 5 1 579 964 3139
4419 2 2 5 1 2460 2222 2461
4420 2 2 5 1 1923 1924 2423
4421 2 2 5 1 622 620 3152
4422 2 2 5 1 632 635 3198
4423 2 2 5 1 1168 1171 3227
4424 2 2 5 1 2064 2061 3091
4425 2 2 5 1 1788 2121 3173
4426 2 2 5 1 2061 2058 3091
4427 2 2 5 1 2037 2680 3192
4428 2 2 5 1 2307 3119 3208
4429 2 2 5 1 2068 3241 3266
4430 2 2 5 1 2339 3059 3060
4431 2 2 5 1 3044 3159 3227
4432 2 2 5 1 3142 726 3165
4433 2 2 5 1 1212 1108 1213
4434 2 2 5 1 3015 2053 3255
4435 2 2 5 1 2011 1664 3075
4436 2 2 5 1 607 609 3175
4437 2 2 5 1 3037 702 3155
4438 2 2 5 1 1667 1665 3116
4439 2 2 5 1 3177 2303 3179
4440 2 2 5 1 576 579 3139
4441 2 2 5 1 751 3088 3196
4442 2 2 5 1 1790 1788 3173
4443 2 2 5 1 2042 2039 3192
4444 2 2 5 1 3119 2307 3171
4445 2 2 5 1 2300 1115 3160
4446 2 2 5 1 1143 2044 3166
4447 2 2 5 1 1662 1663 3104
4448 2 2 5 1 1741 1743 2183
4449 2 2 5 1 1797 1794 3214
4450 2 2 5 1 2312 3144 3270
4451 2 2 5 1 1840 1074 2499
4452 2 2 5 1 3043 2302 3239
4453 2 2 5 1 597 599 3119
4454 2 2 5 1 3108 1145 3198
4455 2 2 5 1 699 1127 3199
4456 2 2 5 1 633 630 3111
4457 2 2 5 1 1934 1088 1935
4458 2 2 5 1 3230 3174 3231
4459 2 2 5 1 2221 1840 2222
4460 2 2 5 1 1805 1800 3183
4461 2 2 5 1 681 678 3195
4462 2 2 5 1 679 680 3151
4463 2 2 5 1 1923 1179 1924
4464 2 2 5 1 2110 2400 3025
4465 2 2 5 1 2400 2111 2401
4466 2 2 5 1 2980 2287 3222
4467 2 2 5 1 994 995 3247
4468 2 2 5 1 1757 1758 1759
4469 2 2 5 1 2040 2041 3236
4470 2 2 5 1 2306 3177 3179
4471 2 2 5 1 641 3049 3206
4472 2 2 5 1 1801 1803 3228
4473 2 2 5 1 3182 653 3202
4474 2 2 5 1 1115 577 3160
4475 2 2 5 1 1127 1130 3199
4476 2 2 5 1 2461 2222 2594
4477 2 2 5 1 1126 625 3152
4478 2 2 5 1 2401 2405 2999
4479 2 2 5 1 3051 935 3052
4480 2 2 5 1 1142 2307 3141
4481 2 2 5 1 3197 736 3223
4482 2 2 5 1 646 644 3158
4483 2 2 5 1 1147 1145 3108
4484 2 2 5 1 2299 2019 3210
4485 2 2 5 1 2039 2037 3192
4486 2 2 5 1 2402 2404 2575
4487 2 2 5 1 1962 2574 3211
4488 2 2 5 1 1933 2398 3267
4489 2 2 5 1 1046 1045 3064
4490 2 2 5 1 698 3163 3260
4491 2 2 5 1 953 955 3262
4492 2 2 5 1 2052 2295 3087
4493 2 2 5 1 602 600 3154
4494 2 2 5 1 1144 1142 3141
4495 2 2 5 1 3144 665 3226
4496 2 2 5 1 1852 1897 1902
4497 2 2 5 1 1128 1126 3220
4498 2 2 5 1 1219 1962 3211
4499 2 2 5 1 1975 2639 2989
4500 2 2 5 1 3217 2055 3256
4501 2 2 5 1 625 622 3152
4502 2 2 5 1 1220 1219 3211
4503 2 2 5 1 2012 3003 3228
4504 2 2 5 1 2034 3042 3189
4505 2 2 5 1 2217 2339 2390
4506 2 2 5 1 2288 1801 3228
4507 2 2 5 1 906 967 3250
4508 2 2 5 1 1703 1671 3221
4509 2 2 5 1 3114 691 3187
4510 2 2 5 1 605 602 3154
4511 2 2 5 1 2357 2358 2359
4512 2 2 5 1 1179 994 3247
4513 2 2 5 1 736 3026 3218
4514 2 2 5 1 734 3224 3226
4515 2 2 5 1 3149 3150 3200
4516 2 2 5 1 613 3148 3233
4517 2 2 5 1 2062 3102 3237
4518 2 2 5 1 2287 2439 3222
4519 2 2 5 1 2054 1128 3220
4520 2 2 5 1 3270 1717 3271
4521 2 2 5 1 1911 2092 2093
4522 2 2 5 1 3219 754 3287
4523 2 2 5 1 3049 3215 3216
4524 2 2 5 1 2239 1797 3214
4525 2 2 5 1 1745 2258 3184
4526 2 2 5 1 3112 3199 3245
4527 2 2 5 1 566 564 567
4528 2 2 5 1 1140 593 3171
4529 2 2 5 1 2307 1140 3171
4530 2 2 5 1 1884 3174 3230
4531 2 2 5 1 2308 3141 3208
4532 2 2 5 1 2293 3074 3206
4533 2 2 5 1 2401 2111 2405
4534 2 2 5 1 1097 1099 2984
4535 2 2 5 1 1664 1181 3075
4536 2 2 5 1 1099 1096 2000
4537 2 2 5 1 563 750 3005
4538 2 2 5 1 658 957 3136
4539 2 2 5 1 750 565 1102
4540 2 2 5 1 2308 3208 3242
4541 2 2 5 1 1650 2139 3191
4542 2 2 5 1 2019 2290 3210
4543 2 2 5 1 1759 1911 2272
4544 2 2 5 1 2545 1932 3267
4545 2 2 5 1 1025 1023 3254
4546 2 2 5 1 2309 2308 3242
4547 2 2 5 1 1138 1717 3224
4548 2 2 5 1 2057 3108 3223
4549 2 2 5 1 1098 1097 1100
4550 2 2 5 1 605 3035 3258
4551 2 2 5 1 3263 2361 3288
4552 2 2 5 1 2183 1743 3184
4553 2 2 5 1 2439 2979 3222
4554 2 2 5 1 3148 3147 3200
4555 2 2 5 1 1178 3191 3249
4556 2 2 5 1 3069 3015 3255
4557 2 2 5 1 3185 696 3240
4558 2 2 5 1 965 3054 3193
4559 2 2 5 1 2420 2110 3025
4560 2 2 5 1 636 698 3260
4561 2 2 5 1 637 736 3197
4562 2 2 5 1 2033 2031 3189
4563 2 2 5 1 3115 633 3217
4564 2 2 5 1 611 613 3233
4565 2 2 5 1 2310 3182 3202
4566 2 2 5 1 124 125 385
4567 2 2 5 1 92 93 370
4568 2 2 5 1 2015 3040 3268
4569 2 2 5 1 2990 2008 3235
4570 2 2 5 1 676 3114 3195
4571 2 2 5 1 3199 3156 3245
4572 2 2 5 1 1172 649 3182
4573 2 2 5 1 678 676 3195
4574 2 2 5 1 905 908 3161
4575 2 2 5 1 3214 1884 3230
4576 2 2 5 1 2548 1834 2549
4577 2 2 5 1 3076 2289 3234
4578 2 2 5 1 2500 2996 2997
4579 2 2 5 1 3059 2046 3188
4580 2 2 5 1 2031 2034 3189
4581 2 2 5 1 1192 1191 3238
4582 2 2 5 1 1191 1846 3238
4583 2 2 5 1 683 685 3257
4584 2 2 5 1 3147 3149 3200
4585 2 2 5 1 1924 1179 3247
4586 2 2 5 1 2995 673 3251
4587 2 2 5 1 3014 690 3280
4588 2 2 5 1 665 667 3226
4589 2 2 5 1 3141 2307 3208
4590 2 2 5 1 653 655 3202
4591 2 2 5 1 2053 2040 3236
4592 2 2 5 1 3019 3076 3234
4593 2 2 5 1 2310 1172 3182
4594 2 2 5 1 1835 2533 3252
4595 2 2 5 1 2065 2064 3074
4596 2 2 5 1 2239 3214 3230
4597 2 2 5 1 1713 2068 3256
4598 2 2 5 1 2149 1672 3225
4599 2 2 5 1 3226 3224 3270
4600 2 2 5 1 2313 2051 3266
4601 2 2 5 1 113 114 397
4602 2 2 5 1 118 119 347
4603 2 2 5 1 195 196 373
4604 2 2 5 1 1202 1170 3246
4605 2 2 5 1 2060 2062 3237
4606 2 2 5 1 667 734 3226
4607 2 2 5 1 2293 2065 3074
4608 2 2 5 1 673 675 3251
4609 2 2 5 1 734 1135 3224
4610 2 2 5 1 1743 1745 3184
4611 2 2 5 1 1796 1799 3212
4612 2 2 5 1 3239 2302 3282
4613 2 2 5 1 3151 683 3257
4614 2 2 5 1 1672 1674 3225
4615 2 2 5 1 1167 1169 3246
4616 2 2 5 1 1799 2288 3212
4617 2 2 5 1 2629 1970 3243
4618 2 2 5 1 3115 3217 3256
4619 2 2 5 1 2998 3205 3260
4620 2 2 5 1 3215 3012 3216
4621 2 2 5 1 1180 1835 3252
4622 2 2 5 1 671 668 3013
4623 2 2 5 1 1170 1167 3246
4624 2 2 5 1 3241 2313 3266
4625 2 2 5 1 3163 698 3264
4626 2 2 5 1 3156 2055 3245
4627 2 2 5 1 2994 3251 3273
4628 2 2 5 1 1218 2551 3213
4629 2 2 5 1 1714 1716 3241
4630 2 2 5 1 635 637 3197
4631 2 2 5 1 3010 1081 3262
4632 2 2 5 1 688 3120 3269
4633 2 2 5 1 1086 1733 3188
4634 2 2 5 1 754 3269 3276
4635 2 2 5 1 571 724 3281
4636 2 2 5 1 635 3197 3198
4637 2 2 5 1 675 737 3251
4638 2 2 5 1 1135 1138 3224
4639 2 2 5 1 1162 3252 3253
4640 2 2 5 1 50 51 383
4641 2 2 5 1 1162 1180 3252
4642 2 2 5 1 721 688 3269
4643 2 2 5 1 3064 2989 3302
4644 2 2 5 1 1669 2067 3221
4645 2 2 5 1 606 605 3258
4646 2 2 5 1 2367 2060 3237
4647 2 2 5 1 3011 2312 3271
4648 2 2 5 1 698 3115 3264
4649 2 2 5 1 2264 2717 3263
4650 2 2 5 1 1160 1162 3253
4651 2 2 5 1 1733 3059 3188
4652 2 2 5 1 1648 1647 3243
4653 2 2 5 1 696 606 3258
4654 2 2 5 1 3224 1717 3270
4655 2 2 5 1 1028 1027 3213
4656 2 2 5 1 1880 1160 3253
4657 2 2 5 1 3055 2056 3278
4658 2 2 5 1 1675 2264 3272
4659 2 2 5 1 2311 3249 3276
4660 2 2 5 1 1647 3010 3099
4661 2 2 5 1 1671 1669 3221
4662 2 2 5 1 2051 3163 3266
4663 2 2 5 1 1886 1213 3285
4664 2 2 5 1 2013 2015 3268
4665 2 2 5 1 754 721 3269
4666 2 2 5 1 3251 737 3273
4667 2 2 5 1 1944 2212 3265
4668 2 2 5 1 2180 3246 3274
4669 2 2 5 1 3144 3226 3270
4670 2 2 5 1 3024 2301 3187
4671 2 2 5 1 3029 3030 3313
4672 2 2 5 1 2991 2013 3268
4673 2 2 5 1 907 906 3250
4674 2 2 5 1 2056 1893 3278
4675 2 2 5 1 3062 1176 3272
4676 2 2 5 1 3256 2068 3264
4677 2 2 5 1 1970 1648 3243
4678 2 2 5 1 3115 3256 3264
4679 2 2 5 1 2285 3014 3280
4680 2 2 5 1 1027 1218 3213
4681 2 2 5 1 1893 1677 3278
4682 2 2 5 1 1175 1675 3272
4683 2 2 5 1 2128 1944 3265
4684 2 2 5 1 2301 3114 3187
4685 2 2 5 1 3272 2264 3288
4686 2 2 5 1 956 954 3275
4687 2 2 5 1 3062 3272 3288
4688 2 2 5 1 1169 2313 3274
4689 2 2 5 1 3276 3191 3287
4690 2 2 5 1 1717 1718 3271
4691 2 2 5 1 1217 1025 3254
4692 2 2 5 1 1007 792 3259
4693 2 2 5 1 1176 1175 3272
4694 2 2 5 1 2302 3229 3282
4695 2 2 5 1 2109 1217 3254
4696 2 2 5 1 3249 3191 3276
4697 2 2 5 1 790 1031 3259
4698 2 2 5 1 2098 1739 3261
4699 2 2 5 1 1097 1096 1099
4700 2 2 5 1 2288 3240 3286
4701 2 2 5 1 1095 1097 1098
4702 2 2 5 1 565 564 566
4703 2 2 5 1 1674 1673 3311
4704 2 2 5 1 563 565 750
4705 2 2 5 1 569 571 3281
4706 2 2 5 1 1958 2070 3307
4707 2 2 5 1 2296 3212 3286
4708 2 2 5 1 3246 1169 3274
4709 2 2 5 1 935 3007 3296
4710 2 2 5 1 2180 3274 3291
4711 2 2 5 1 3212 2288 3286
4712 2 2 5 1 3274 2313 3277
4713 2 2 5 1 3274 3277 3291
4714 2 2 5 1 2140 2143 3306
4715 2 2 5 1 690 2968 3280
4716 2 2 5 1 2070 3011 3301
4717 2 2 5 1 2492 1886 3285
4718 2 2 5 1 904 901 3310
4719 2 2 5 1 995 3219 3290
4720 2 2 5 1 3032 1959 3313
4721 2 2 5 1 3209 3001 3289
4722 2 2 5 1 1741 2183 3261
4723 2 2 5 1 2054 3209 3289
4724 2 2 5 1 3052 2014 3292
4725 2 2 5 1 792 790 3259
4726 2 2 5 1 3219 3287 3290
4727 2 2 5 1 2207 2180 3291
4728 2 2 5 1 1739 1741 3261
4729 2 2 5 1 2981 2054 3289
4730 2 2 5 1 3277 1980 3291
4731 2 2 5 1 2139 2140 3290
4732 2 2 5 1 1842 1084 3279
4733 2 2 5 1 3285 3052 3296
4734 2 2 5 1 1718 3029 3301
4735 2 2 5 1 3306 2143 3314
4736 2 2 5 1 2264 3263 3288
4737 2 2 5 1 1104 1102 3315
4738 2 2 5 1 3052 935 3296
4739 2 2 5 1 48 49 333
4740 2 2 5 1 2492 3285 3296
4741 2 2 5 1 145 146 3303
4742 2 2 5 1 9 10 3283
4743 2 2 5 1 10 11 395
4744 2 2 5 1 3191 2139 3287
4745 2 2 5 1 2424 1924 3314
4746 2 2 5 1 3307 3029 3313
4747 2 2 5 1 130 131 3294
4748 2 2 5 1 2014 1108 3275
4749 2 2 5 1 121 122 3293
4750 2 2 5 1 137 138 3309
4751 2 2 5 1 1084 1214 3279
4752 2 2 5 1 1995 1993 3326
4753 2 2 5 1 1959 1958 3307
4754 2 2 5 1 3287 2139 3290
4755 2 2 5 1 1108 956 3275
4756 2 2 5 1 3053 3051 3292
4757 2 2 5 1 3051 3052 3292
4758 2 2 5 1 1046 3064 3302
4759 2 2 5 1 1214 2240 3279
4760 2 2 5 1 28 29 3295
4761 2 2 5 1 3247 3306 3314
4762 2 2 5 1 3247 995 3306
4763 2 2 5 1 2493 2492 3297
4764 2 2 5 1 386 121 3293
4765 2 2 5 1 3011 3271 3301
4766 2 2 5 1 42 43 391
4767 2 2 5 1 3296 3007 3297
4768 2 2 5 1 31 32 390
4769 2 2 5 1 3290 2140 3306
4770 2 2 5 1 995 3290 3306
4771 2 2 5 1 152 153 382
4772 2 2 5 1 25 26 320
4773 2 2 5 1 33 34 330
4774 2 2 5 1 35 36 388
4775 2 2 5 1 1951 2086 3316
4776 2 2 5 1 37 38 358
4777 2 2 5 1 1673 1704 3311
4778 2 2 5 1 44 45 331
4779 2 2 5 1 46 47 389
4780 2 2 5 1 3283 395 3284
4781 2 2 5 1 43 44 3299
4782 2 2 5 1 966 904 3310
4783 2 2 5 1 126 127 329
4784 2 2 5 1 129 130 357
4785 2 2 5 1 32 33 3298
4786 2 2 5 1 154 155 332
4787 2 2 5 1 122 123 328
4788 2 2 5 1 45 46 3300
4789 2 2 5 1 22 23 346
4790 2 2 5 1 26 27 3305
4791 2 2 5 1 3271 1718 3301
4792 2 2 5 1 1924 3247 3314
4793 2 2 5 1 27 28 387
4794 2 2 5 1 142 143 3312
4795 2 2 5 1 2492 3296 3297
4796 2 2 5 1 3311 1704 3317
4797 2 2 5 1 2086 2420 3316
4798 2 2 5 1 29 30 325
4799 2 2 5 1 40 41 327
4800 2 2 5 1 41 42 3308
4801 2 2 5 1 10 395 3283
4802 2 2 5 1 1102 2982 3315
4803 2 2 5 1 1704 2069 3317
4804 2 2 5 1 149 150 326
4805 2 2 5 1 1959 3307 3313
4806 2 2 5 1 1095 1096 1097
4807 2 2 5 1 563 564 565
4808 2 2 5 1 146 147 350
4809 2 2 5 1 115 116 369
4810 2 2 5 1 139 140 351
4811 2 2 5 1 122 328 3293
4812 2 2 5 1 357 130 3294
4813 2 2 5 1 1018 972 3327
4814 2 2 5 1 1000 1001 3319
4815 2 2 5 1 143 144 324
4816 2 2 5 1 136 137 323
4817 2 2 5 1 44 331 3299
4818 2 2 5 1 33 330 3298
4819 2 2 5 1 331 45 3300
4820 2 2 5 1 46 389 3300
4821 2 2 5 1 1752 1753 3318
4822 2 2 5 1 1074 1000 3319
4823 2 2 5 1 390 32 3298
4824 2 2 5 1 320 26 3305
4825 2 2 5 1 391 43 3299
4826 2 2 5 1 132 133 322
4827 2 2 5 1 2370 1752 3318
4828 2 2 5 1 42 391 3308
4829 2 2 5 1 27 387 3305
4830 2 2 5 1 387 28 3295
4831 2 2 5 1 29 325 3295
4832 2 2 5 1 146 350 3303
4833 2 2 5 1 384 142 3312
4834 2 2 5 1 2499 1074 3319
4835 2 2 5 1 327 41 3308
4836 2 2 5 1 323 137 3309
4837 2 2 5 1 1450 1517 3471
4838 2 2 5 1 1001 2105 3319
4839 2 2 5 1 143 324 3312
4840 2 2 5 1 1983 1568 3320
4841 2 2 5 1 1568 1825 3320
4842 2 2 5 1 2498 1983 3320
4843 2 2 5 1 1095 1094 1096
4844 2 2 5 1 563 562 564
4845 2 2 5 1 1660 1751 3321
4846 2 2 5 1 1751 2195 3321
4847 2 2 5 1 1019 1612 3322
4848 2 2 5 1 1021 1019 3322
4849 2 2 5 1 1629 1021 3322
4850 2 2 5 1 1600 1780 3323
4851 2 2 5 1 1612 2071 3322
4852 2 2 5 1 703 1094 1095
4853 2 2 5 1 561 562 563
4854 2 2 5 1 3328 703 3334
4855 2 2 5 1 2081 1995 3326
4856 2 2 5 1 1780 2328 3323
4857 2 2 5 1 1937 2160 3325
4858 2 2 5 1 1940 1937 3325
4859 2 2 5 1 1433 1434 3340
4860 2 2 5 1 1613 1018 3327
4861 2 2 5 1 2860 2081 3326
4862 2 2 5 1 2075 1613 3327
4863 2 2 5 1 2182 1882 3329
4864 2 2 5 1 1083 1008 3331
4865 2 2 5 1 561 560 562
4866 2 2 5 1 703 559 1094
4867 2 2 5 1 970 782 3332
4868 2 2 5 1 2112 1725 3333
4869 2 2 5 1 1882 1951 3329
4870 2 2 5 1 1008 1040 3331
4871 2 2 5 1 1520 1541 3347
4872 2 2 5 1 562 560 3328
4873 2 2 5 1 782 784 3332
4874 2 2 5 1 1725 1727 3333
4875 2 2 5 1 2182 3329 3330
4876 2 2 5 1 2934 2932 3335
4877 2 2 5 1 1040 1842 3331
4878 2 2 5 1 1951 3316 3329
4879 2 2 5 1 784 969 3332
4880 2 2 5 1 1727 2206 3333
4881 2 2 5 1 1594 1554 3352
4882 2 2 5 1 3107 567 3335
4883 2 2 5 1 2932 2931 3335
4884 2 2 5 1 975 978 3353
4885 2 2 5 1 558 560 561
4886 2 2 5 1 560 559 703
4887 2 2 5 1 567 564 3336
4888 2 2 5 1 562 3328 3336
4889 2 2 5 1 3328 2934 3336
4890 2 2 5 1 1427 1454 3338
4891 2 2 5 1 1735 1738 3337
4892 2 2 5 1 1518 1486 3354
4893 2 2 5 1 2103 3345 3346
4894 2 2 5 1 2072 1569 3338
4895 2 2 5 1 1477 1427 3338
4896 2 2 5 1 1847 1539 3343
4897 2 2 5 1 2931 3107 3335
4898 2 2 5 1 1091 1600 3339
4899 2 2 5 1 564 562 3336
4900 2 2 5 1 1627 1091 3339
4901 2 2 5 1 1434 1448 3340
4902 2 2 5 1 1738 2102 3337
4903 2 2 5 1 1569 1477 3338
4904 2 2 5 1 2603 2601 2604
4905 2 2 5 1 2204 1627 3339
4906 2 2 5 1 1539 1683 3343
4907 2 2 5 1 1600 3323 3339
4908 2 2 5 1 1433 3340 3341
4909 2 2 5 1 2103 999 3345
4910 2 2 5 1 558 559 560
4911 2 2 5 1 2215 1906 3342
4912 2 2 5 1 1906 2336 3342
4913 2 2 5 1 720 717 3345
4914 2 2 5 1 1448 1471 3340
4915 2 2 5 1 2569 1847 3343
4916 2 2 5 1 3345 719 3346
4917 2 2 5 1 717 719 3345
4918 2 2 5 1 1683 2173 3343
4919 2 2 5 1 1541 1660 3347
4920 2 2 5 1 2082 3337 3344
4921 2 2 5 1 3337 2102 3344
4922 2 2 5 1 999 720 3345
4923 2 2 5 1 2108 2103 3346
4924 2 2 5 1 1961 2601 2603
4925 2 2 5 1 1630 1632 3349
4926 2 2 5 1 1660 3321 3347
4927 2 2 5 1 557 558 2939
4928 2 2 5 1 558 499 559
4929 2 2 5 1 1632 2182 3349
4930 2 2 5 1 1977 1594 3352
4931 2 2 5 1 3341 3340 3350
4932 2 2 5 1 3340 1471 3350
4933 2 2 5 1 978 1092 3353
4934 2 2 5 1 1786 1518 3354
4935 2 2 5 1 1407 1418 3365
4936 2 2 5 1 2612 1977 3352
4937 2 2 5 1 1092 2076 3353
4938 2 2 5 1 1961 2600 2601
4939 2 2 5 1 2600 1960 2602
4940 2 2 5 1 2160 1786 3354
4941 2 2 5 1 982 984 3367
4942 2 2 5 1 1425 1423 3355
4943 2 2 5 1 948 929 3356
4944 2 2 5 1 2244 2922 2923
4945 2 2 5 1 1833 2392 2416
4946 2 2 5 1 557 499 558
4947 2 2 5 1 929 946 3356
4948 2 2 5 1 1454 1425 3355
4949 2 2 5 1 1417 1406 3375
4950 2 2 5 1 946 1083 3356
4951 2 2 5 1 1961 1960 2600
4952 2 2 5 1 3357 1548 3358
4953 2 2 5 1 1432 1431 3359
4954 2 2 5 1 983 879 3380
4955 2 2 5 1 1336 1498 3381
4956 2 2 5 1 1431 1521 3359
4957 2 2 5 1 1509 1548 3357
4958 2 2 5 1 1538 1509 3357
4959 2 2 5 1 2244 1813 2922
4960 2 2 5 1 1813 1833 1974
4961 2 2 5 1 1833 1779 2392
4962 2 2 5 1 498 499 557
4963 2 2 5 1 725 498 2921
4964 2 2 5 1 1521 2073 3359
4965 2 2 5 1 1482 1484 3383
4966 2 2 5 1 2584 2395 3360
4967 2 2 5 1 3326 1993 3362
4968 2 2 5 1 1435 1432 3359
4969 2 2 5 1 3327 3372 3373
4970 2 2 5 1 1544 1524 3360
4971 2 2 5 1 920 917 3364
4972 2 2 5 1 1209 1874 3361
4973 2 2 5 1 1990 1989 3362
4974 2 2 5 1 1524 1566 3360
4975 2 2 5 1 1077 1075 3363
4976 2 2 5 1 1631 1209 3361
4977 2 2 5 1 1989 2706 3362
4978 2 2 5 1 917 919 3364
4979 2 2 5 1 1075 1195 3363
4980 2 2 5 1 2279 1631 3361
4981 2 2 5 1 1418 1433 3365
4982 2 2 5 1 1195 2215 3363
4983 2 2 5 1 2395 1544 3360
4984 2 2 5 1 1874 2576 3361
4985 2 2 5 1 1993 1990 3362
4986 2 2 5 1 2158 2635 2834
4987 2 2 5 1 1900 1960 1961
4988 2 2 5 1 711 971 3366
4989 2 2 5 1 1908 1077 3363
4990 2 2 5 1 1496 1453 3489
4991 2 2 5 1 714 711 3366
4992 2 2 5 1 919 1603 3364
4993 2 2 5 1 1335 1328 3392
4994 2 2 5 1 1778 1813 2244
4995 2 2 5 1 2906 1964 2916
4996 2 2 5 1 1813 1779 1833
4997 2 2 5 1 498 465 499
4998 2 2 5 1 464 498 725
4999 2 2 5 1 1433 3341 3365
5000 2 2 5 1 984 1078 3367
5001 2 2 5 1 1519 1485 3371
5002 2 2 5 1 916 927 3372
5003 2 2 5 1 718 714 3366
5004 2 2 5 1 1834 1719 3370
5005 2 2 5 1 1592 2077 3371
5006 2 2 5 1 3327 972 3372
5007 2 2 5 1 1485 1488 3371
5008 2 2 5 1 918 916 3372
5009 2 2 5 1 1570 1499 3368
5010 2 2 5 1 891 975 3369
5011 2 2 5 1 1499 1514 3368
5012 2 2 5 1 3372 927 3373
5013 2 2 5 1 893 891 3369
5014 2 2 5 1 2318 1555 3375
5015 2 2 5 1 1464 1417 3375
5016 2 2 5 1 1078 2082 3367
5017 2 2 5 1 1514 1724 3368
5018 2 2 5 1 1900 1693 1960
5019 2 2 5 1 2158 1899 2635
5020 2 2 5 1 896 893 3369
5021 2 2 5 1 1329 1332 3397
5022 2 2 5 1 2924 3384 3385
5023 2 2 5 1 2078 1570 3368
5024 2 2 5 1 975 3353 3369
5025 2 2 5 1 2549 1834 3370
5026 2 2 5 1 1488 1592 3371
5027 2 2 5 1 972 918 3372
5028 2 2 5 1 2076 2316 3378
5029 2 2 5 1 2117 1540 3379
5030 2 2 5 1 2890 1964 2906
5031 2 2 5 1 1778 1779 1813
5032 2 2 5 1 464 465 498
5033 2 2 5 1 2075 3327 3373
5034 2 2 5 1 881 774 3374
5035 2 2 5 1 774 776 3374
5036 2 2 5 1 3368 1724 3377
5037 2 2 5 1 1555 1464 3375
5038 2 2 5 1 1076 983 3380
5039 2 2 5 1 896 3369 3378
5040 2 2 5 1 2078 3368 3377
5041 2 2 5 1 1498 1571 3381
5042 2 2 5 1 3369 3353 3378
5043 2 2 5 1 900 897 3382
5044 2 2 5 1 1724 2112 3377
5045 2 2 5 1 900 3382 3385
5046 2 2 5 1 3371 2077 3379
5047 2 2 5 1 2924 1719 3384
5048 2 2 5 1 2718 2078 3377
5049 2 2 5 1 1484 1520 3383
5050 2 2 5 1 1719 1035 3384
5051 2 2 5 1 966 3310 3384
5052 2 2 5 1 3353 2076 3378
5053 2 2 5 1 1519 3371 3379
5054 2 2 5 1 1540 1519 3379
5055 2 2 5 1 3378 2316 3382
5056 2 2 5 1 2549 3370 3386
5057 2 2 5 1 2315 1628 3386
5058 2 2 5 1 2549 3386 3387
5059 2 2 5 1 2344 1076 3380
5060 2 2 5 1 1571 2094 3381
5061 2 2 5 1 3310 900 3385
5062 2 2 5 1 1899 1693 1900
5063 2 2 5 1 1692 1899 2158
5064 2 2 5 1 3370 2315 3386
5065 2 2 5 1 897 896 3382
5066 2 2 5 1 1502 1280 3404
5067 2 2 5 1 3382 2316 3385
5068 2 2 5 1 896 3378 3382
5069 2 2 5 1 1520 3347 3383
5070 2 2 5 1 1035 966 3384
5071 2 2 5 1 2316 2924 3385
5072 2 2 5 1 1505 1504 3389
5073 2 2 5 1 1206 2332 3390
5074 2 2 5 1 2414 1986 3391
5075 2 2 5 1 1777 2091 2918
5076 2 2 5 1 2091 1775 2915
5077 2 2 5 1 2889 1964 2890
5078 2 2 5 1 1778 1777 1779
5079 2 2 5 1 464 463 465
5080 2 2 5 1 1511 2320 3389
5081 2 2 5 1 2432 1875 3390
5082 2 2 5 1 1504 1507 3389
5083 2 2 5 1 1628 2171 3386
5084 2 2 5 1 1991 2447 3391
5085 2 2 5 1 1208 1206 3390
5086 2 2 5 1 1986 1988 3391
5087 2 2 5 1 3386 2171 3387
5088 2 2 5 1 1423 1335 3392
5089 2 2 5 1 2171 2625 3387
5090 2 2 5 1 1457 1333 3393
5091 2 2 5 1 1333 1495 3393
5092 2 2 5 1 1507 1511 3389
5093 2 2 5 1 1875 1208 3390
5094 2 2 5 1 1988 1991 3391
5095 2 2 5 1 3355 1423 3392
5096 2 2 5 1 1525 1457 3393
5097 2 2 5 1 829 827 3437
5098 2 2 5 1 1692 1693 1899
5099 2 2 5 1 3025 951 3887
5100 2 2 5 1 835 832 3406
5101 2 2 5 1 888 889 3395
5102 2 2 5 1 2364 1205 3398
5103 2 2 5 1 1332 1470 3397
5104 2 2 5 1 1776 1777 1778
5105 2 2 5 1 1777 1775 2091
5106 2 2 5 1 1774 1964 2889
5107 2 2 5 1 463 461 697
5108 2 2 5 1 462 463 464
5109 2 2 5 1 1630 3349 3398
5110 2 2 5 1 878 876 3487
5111 2 2 5 1 1205 1207 3398
5112 2 2 5 1 889 892 3395
5113 2 2 5 1 3352 1554 3399
5114 2 2 5 1 1550 1549 3399
5115 2 2 5 1 1549 2169 3399
5116 2 2 5 1 1470 2393 3397
5117 2 2 5 1 1460 1400 3401
5118 2 2 5 1 992 878 3487
5119 2 2 5 1 1207 1630 3398
5120 2 2 5 1 1400 1407 3401
5121 2 2 5 1 1876 2605 2606
5122 2 2 5 1 1691 2866 2919
5123 2 2 5 1 1692 1691 1693
5124 2 2 5 1 1554 1550 3399
5125 2 2 5 1 1501 1503 3400
5126 2 2 5 1 858 857 860
5127 2 2 5 1 2612 3352 3402
5128 2 2 5 1 1022 1030 3403
5129 2 2 5 1 2910 3348 3403
5130 2 2 5 1 3348 1020 3403
5131 2 2 5 1 1503 1527 3400
5132 2 2 5 1 3352 3399 3402
5133 2 2 5 1 1506 1502 3404
5134 2 2 5 1 1776 1775 1777
5135 2 2 5 1 1774 1776 1964
5136 2 2 5 1 462 461 463
5137 2 2 5 1 3419 2087 3424
5138 2 2 5 1 2097 2085 3405
5139 2 2 5 1 1407 3365 3401
5140 2 2 5 1 770 772 3484
5141 2 2 5 1 3399 2169 3402
5142 2 2 5 1 2169 2636 3402
5143 2 2 5 1 821 1782 3436
5144 2 2 5 1 832 831 3406
5145 2 2 5 1 831 982 3406
5146 2 2 5 1 1020 1022 3403
5147 2 2 5 1 1826 1506 3404
5148 2 2 5 1 1399 1403 3409
5149 2 2 5 1 1228 1230 3712
5150 2 2 5 1 3440 492 3525
5151 2 2 5 1 2085 2597 3405
5152 2 2 5 1 772 881 3484
5153 2 2 5 1 2318 3375 3409
5154 2 2 5 1 982 3367 3406
5155 2 2 5 1 1406 1399 3409
5156 2 2 5 1 1690 1691 1692
5157 2 2 5 1 1691 1689 2866
5158 2 2 5 1 1876 2335 2605
5159 2 2 5 1 856 857 858
5160 2 2 5 1 927 914 3410
5161 2 2 5 1 3414 2087 3419
5162 2 2 5 1 2087 1723 3424
5163 2 2 5 1 3265 2212 3407
5164 2 2 5 1 914 912 3410
5165 2 2 5 1 912 2947 3410
5166 2 2 5 1 2082 3344 3413
5167 2 2 5 1 1774 1775 1776
5168 2 2 5 1 460 461 462
5169 2 2 5 1 704 460 2881
5170 2 2 5 1 910 909 911
5171 2 2 5 1 3375 1406 3409
5172 2 2 5 1 3406 3367 3413
5173 2 2 5 1 2947 2317 3410
5174 2 2 5 1 835 3406 3413
5175 2 2 5 1 2737 2739 2740
5176 2 2 5 1 927 3410 3414
5177 2 2 5 1 1070 2419 3981
5178 2 2 5 1 977 890 3418
5179 2 2 5 1 833 832 834
5180 2 2 5 1 3812 1679 3886
5181 2 2 5 1 2075 3373 3419
5182 2 2 5 1 861 860 862
5183 2 2 5 1 1328 1327 3417
5184 2 2 5 1 3410 2317 3414
5185 2 2 5 1 887 886 3418
5186 2 2 5 1 500 501 4106
5187 2 2 5 1 3367 2082 3413
5188 2 2 5 1 1327 1336 3417
5189 2 2 5 1 3452 2329 3459
5190 2 2 5 1 1010 977 3420
5191 2 2 5 1 886 2319 3418
5192 2 2 5 1 3373 927 3414
5193 2 2 5 1 2627 2204 3422
5194 2 2 5 1 3339 3323 3422
5195 2 2 5 1 3331 2740 3760
5196 2 2 5 1 2710 2512 4185
5197 2 2 5 1 870 846 3439
5198 2 2 5 1 2317 2087 3414
5199 2 2 5 1 1336 3381 3417
5200 2 2 5 1 1876 1688 2335
5201 2 2 5 1 1690 1689 1691
5202 2 2 5 1 3583 941 3628
5203 2 2 5 1 2132 3589 3773
5204 2 2 5 1 2619 2620 3964
5205 2 2 5 1 1938 2792 3914
5206 2 2 5 1 826 828 3435
5207 2 2 5 1 2764 437 3584
5208 2 2 5 1 1643 2909 4044
5209 2 2 5 1 204 2793 3874
5210 2 2 5 1 3392 1328 3417
5211 2 2 5 1 2602 2919 3446
5212 2 2 5 1 1011 2654 4005
5213 2 2 5 1 3677 3823 4012
5214 2 2 5 1 844 846 847
5215 2 2 5 1 890 887 3418
5216 2 2 5 1 1560 1931 3350
5217 2 2 5 1 2507 2185 4014
5218 2 2 5 1 1489 1445 3421
5219 2 2 5 1 1740 1737 3429
5220 2 2 5 1 1736 2476 3429
5221 2 2 5 1 194 195 2898
5222 2 2 5 1 2089 2075 3419
5223 2 2 5 1 2846 2810 4233
5224 2 2 5 1 2329 2330 3459
5225 2 2 5 1 1781 1601 3432
5226 2 2 5 1 2840 1461 3441
5227 2 2 5 1 2089 3419 3424
5228 2 2 5 1 1774 1773 1775
5229 2 2 5 1 460 457 461
5230 2 2 5 1 456 460 704
5231 2 2 5 1 1300 1299 1301
5232 2 2 5 1 2097 3405 3440
5233 2 2 5 1 1601 1010 3420
5234 2 2 5 1 908 909 910
5235 2 2 5 1 3445 2329 3452
5236 2 2 5 1 2168 1489 3421
5237 2 2 5 1 2863 2158 3628
5238 2 2 5 1 2204 3339 3422
5239 2 2 5 1 3417 3381 3428
5240 2 2 5 1 879 829 3437
5241 2 2 5 1 2405 2111 3440
5242 2 2 5 1 3405 492 3440
5243 2 2 5 1 836 835 3425
5244 2 2 5 1 1542 1408 2506
5245 2 2 5 1 1551 2090 3441
5246 2 2 5 1 2399 2089 3424
5247 2 2 5 1 3413 3344 3425
5248 2 2 5 1 1461 1490 3441
5249 2 2 5 1 3392 3417 3428
5250 2 2 5 1 18 19 2830
5251 2 2 5 1 2319 2365 3432
5252 2 2 5 1 395 11 2819
5253 2 2 5 1 2163 3451 3572
5254 2 2 5 1 382 2807 3806
5255 2 2 5 1 471 472 3789
5256 2 2 5 1 1723 2992 3427
5257 2 2 5 1 510 512 513
5258 2 2 5 1 31 390 3448
5259 2 2 5 1 325 30 3448
5260 2 2 5 1 809 808 810
5261 2 2 5 1 2234 3538 3972
5262 2 2 5 1 835 3413 3425
5263 2 2 5 1 2042 3192 3986
5264 2 2 5 1 2737 2736 2739
5265 2 2 5 1 742 2737 2738
5266 2 2 5 1 2766 2765 2767
5267 2 2 5 1 427 2766 2768
5268 2 2 5 1 2661 2157 2662
5269 2 2 5 1 777 778 3444
5270 2 2 5 1 3381 2094 3428
5271 2 2 5 1 2450 2571 3547
5272 2 2 5 1 1378 1482 3449
5273 2 2 5 1 2232 2231 2685
5274 2 2 5 1 3231 333 4092
5275 2 2 5 1 3719 3118 3775
5276 2 2 5 1 830 832 833
5277 2 2 5 1 3355 3392 3428
5278 2 2 5 1 827 3436 3437
5279 2 2 5 1 1737 1736 3429
5280 2 2 5 1 1201 2794 4059
5281 2 2 5 1 1773 2156 2915
5282 2 2 5 1 3338 1454 3452
5283 2 2 5 1 1204 777 3444
5284 2 2 5 1 1985 2852 3521
5285 2 2 5 1 3420 2319 3432
5286 2 2 5 1 3424 1723 3427
5287 2 2 5 1 3453 810 3520
5288 2 2 5 1 1312 1311 1313
5289 2 2 5 1 3428 2094 3445
5290 2 2 5 1 2399 3424 3427
5291 2 2 5 1 3355 3428 3445
5292 2 2 5 1 293 404 2727
5293 2 2 5 1 215 739 2726
5294 2 2 5 1 1409 271 2754
5295 2 2 5 1 974 297 2751
5296 2 2 5 1 743 219 2750
5297 2 2 5 1 524 245 2849
5298 2 2 5 1 739 5 2764
5299 2 2 5 1 226 475 3412
5300 2 2 5 1 1302 276 2805
5301 2 2 5 1 244 742 2849
5302 2 2 5 1 218 447 2750
5303 2 2 5 1 296 405 2751
5304 2 2 5 1 270 1264 2754
5305 2 2 5 1 749 227 3412
5306 2 2 5 1 535 249 3423
5307 2 2 5 1 747 223 2741
5308 2 2 5 1 745 240 2782
5309 2 2 5 1 318 437 2764
5310 2 2 5 1 1241 266 3433
5311 2 2 5 1 222 469 2741
5312 2 2 5 1 248 936 3423
5313 2 2 5 1 280 1309 2747
5314 2 2 5 1 748 315 2850
5315 2 2 5 1 1240 263 2788
5316 2 2 5 1 262 1412 2788
5317 2 2 5 1 314 427 2850
5318 2 2 5 1 1410 287 2806
5319 2 2 5 1 1412 261 2783
5320 2 2 5 1 264 1240 2761
5321 2 2 5 1 265 2761 3433
5322 2 2 5 1 239 506 2782
5323 2 2 5 1 230 483 2781
5324 2 2 5 1 741 231 2781
5325 2 2 5 1 257 715 2748
5326 2 2 5 1 283 1307 2749
5327 2 2 5 1 260 712 2783
5328 2 2 5 1 286 1308 2806
5329 2 2 5 1 2332 1204 3444
5330 2 2 5 1 1310 1306 1311
5331 2 2 5 1 3380 879 3437
5332 2 2 5 1 1842 3279 3929
5333 2 2 5 1 1058 1009 3460
5334 2 2 5 1 947 1061 3460
5335 2 2 5 1 1562 2869 3503
5336 2 2 5 1 2111 2097 3440
5337 2 2 5 1 2335 3885 4038
5338 2 2 5 1 428 426 429
5339 2 2 5 1 1490 1551 3441
5340 2 2 5 1 1321 2800 3443
5341 2 2 5 1 472 477 3789
5342 2 2 5 1 1437 1313 1438
5343 2 2 5 1 858 860 861
5344 2 2 5 1 2094 2329 3445
5345 2 2 5 1 823 797 3499
5346 2 2 5 1 839 3425 3472
5347 2 2 5 1 2580 2742 4020
5348 2 2 5 1 811 810 812
5349 2 2 5 1 2558 2900 3542
5350 2 2 5 1 2598 1016 2851
5351 2 2 5 1 11 12 2819
5352 2 2 5 1 1601 3420 3432
5353 2 2 5 1 1593 2159 3469
5354 2 2 5 1 1553 1552 3469
5355 2 2 5 1 778 877 3444
5356 2 2 5 1 1454 3355 3445
5357 2 2 5 1 2580 2079 3488
5358 2 2 5 1 968 2715 4151
5359 2 2 5 1 2919 2866 3446
5360 2 2 5 1 2861 1690 2863
5361 2 2 5 1 1689 1688 1876
5362 2 2 5 1 1641 1689 1690
5363 2 2 5 1 2102 2343 3472
5364 2 2 5 1 880 948 3473
5365 2 2 5 1 468 480 4078
5366 2 2 5 1 517 518 519
5367 2 2 5 1 30 31 3448
5368 2 2 5 1 803 805 3016
5369 2 2 5 1 824 803 3016
5370 2 2 5 1 2261 2469 3851
5371 2 2 5 1 1469 1467 2611
5372 2 2 5 1 1061 930 3474
5373 2 2 5 1 926 992 3474
5374 2 2 5 1 1012 3831 4085
5375 2 2 5 1 2796 2797 3731
5376 2 2 5 1 2226 2796 2875
5377 2 2 5 1 485 484 487
5378 2 2 5 1 3425 3344 3472
5379 2 2 5 1 1305 1304 1306
5380 2 2 5 1 1482 3383 3449
5381 2 2 5 1 768 1203 3477
5382 2 2 5 1 1773 1772 2156
5383 2 2 5 1 3570 3875 4043
5384 2 2 5 1 446 448 452
5385 2 2 5 1 82 340 3480
5386 2 2 5 1 1905 2123 2694
5387 2 2 5 1 450 2472 3676
5388 2 2 5 1 1445 1446 3421
5389 2 2 5 1 380 3782 4074
5390 2 2 5 1 1770 1771 2889
5391 2 2 5 1 2718 3377 3485
5392 2 2 5 1 365 2697 4035
5393 2 2 5 1 1945 2681 4258
5394 2 2 5 1 2072 3338 3452
5395 2 2 5 1 2984 1099 3486
5396 2 2 5 1 457 941 3583
5397 2 2 5 1 1363 1366 4285
5398 2 2 5 1 2726 739 3916
5399 2 2 5 1 1826 3596 3652
5400 2 2 5 1 1440 1438 1441
5401 2 2 5 1 1529 1528 1530
5402 2 2 5 1 1585 1584 1586
5403 2 2 5 1 1277 1501 3546
5404 2 2 5 1 2332 3444 3473
5405 2 2 5 1 3354 3495 3560
5406 2 2 5 1 1004 1043 3592
5407 2 2 5 1 254 547 3490
5408 2 2 5 1 1941 2106 2107
5409 2 2 5 1 1426 1474 3491
5410 2 2 5 1 1475 1424 3491
5411 2 2 5 1 347 119 3492
5412 2 2 5 1 120 386 3492
5413 2 2 5 1 1954 2408 3879
5414 2 2 5 1 2321 1849 4150
5415 2 2 5 1 1073 1812 3493
5416 2 2 5 1 997 998 3493
5417 2 2 5 1 2072 3452 3459
5418 2 2 5 1 898 899 3324
5419 2 2 5 1 899 902 3324
5420 2 2 5 1 2589 2678 2855
5421 2 2 5 1 277 1302 3494
5422 2 2 5 1 3354 1486 3495
5423 2 2 5 1 1483 1393 3495
5424 2 2 5 1 3444 877 3473
5425 2 2 5 1 2338 1686 3497
5426 2 2 5 1 1139 2823 3684
5427 2 2 5 1 436 2865 4110
5428 2 2 5 1 1771 1773 1774
5429 2 2 5 1 2432 3390 3500
5430 2 2 5 1 456 457 460
5431 2 2 5 1 457 454 941
5432 2 2 5 1 3347 3321 3501
5433 2 2 5 1 3885 2577 4038
5434 2 2 5 1 3585 2598 4027
5435 2 2 5 1 1331 2904 3511
5436 2 2 5 1 2363 3812 3886
5437 2 2 5 1 2091 3667 3685
5438 2 2 5 1 1303 1301 1304
5439 2 2 5 1 1622 1850 3658
5440 2 2 5 1 2543 2578 3971
5441 2 2 5 1 1495 1562 3503
5442 2 2 5 1 2187 3695 3854
5443 2 2 5 1 90 91 3504
5444 2 2 5 1 1390 3449 3501
5445 2 2 5 1 2377 2072 3459
5446 2 2 5 1 719 1064 3346
5447 2 2 5 1 2739 514 3846
5448 2 2 5 1 842 843 844
5449 2 2 5 1 2475 1734 3506
5450 2 2 5 1 1197 1908 3506
5451 2 2 5 1 1771 1769 1772
5452 2 2 5 1 1785 2342 3508
5453 2 2 5 1 1685 1591 3508
5454 2 2 5 1 1547 1469 1584
5455 2 2 5 1 453 456 2883
5456 2 2 5 1 2986 352 3509
5457 2 2 5 1 1009 947 3460
5458 2 2 5 1 376 2903 3670
5459 2 2 5 1 2091 2915 3667
5460 2 2 5 1 2386 2388 3778
5461 2 2 5 1 1844 1513 3511
5462 2 2 5 1 1337 1331 3511
5463 2 2 5 1 1274 1277 3546
5464 2 2 5 1 2432 3500 3528
5465 2 2 5 1 1501 3400 3546
5466 2 2 5 1 343 165 3512
5467 2 2 5 1 166 2972 3512
5468 2 2 5 1 3472 2343 3496
5469 2 2 5 1 2952 2149 3673
5470 2 2 5 1 65 381 3513
5471 2 2 5 1 352 64 3513
5472 2 2 5 1 840 839 3496
5473 2 2 5 1 382 153 3515
5474 2 2 5 1 154 332 3515
5475 2 2 5 1 797 799 3499
5476 2 2 5 1 536 534 2665
5477 2 2 5 1 1368 1364 4108
5478 2 2 5 1 2115 2119 2120
5479 2 2 5 1 2499 2848 4274
5480 2 2 5 1 2946 2638 3888
5481 2 2 5 1 1552 1593 3469
5482 2 2 5 1 1830 2114 2115
5483 2 2 5 1 940 2250 3487
5484 2 2 5 1 808 871 3520
5485 2 2 5 1 1857 1855 2878
5486 2 2 5 1 2359 2617 3897
5487 2 2 5 1 397 114 3518
5488 2 2 5 1 115 369 3518
5489 2 2 5 1 3118 990 3775
5490 2 2 5 1 1762 1695 1926
5491 2 2 5 1 2899 1030 3536
5492 2 2 5 1 2480 2846 3516
5493 2 2 5 1 1421 1422 3376
5494 2 2 5 1 1422 1475 3376
5495 2 2 5 1 4185 2512 4199
5496 2 2 5 1 1987 1985 3521
5497 2 2 5 1 2893 356 3554
5498 2 2 5 1 1916 1914 3522
5499 2 2 5 1 2944 1921 3522
5500 2 2 5 1 1280 1278 3505
5501 2 2 5 1 861 862 863
5502 2 2 5 1 788 786 3524
5503 2 2 5 1 492 234 3525
5504 2 2 5 1 913 915 3388
5505 2 2 5 1 915 920 3388
5506 2 2 5 1 894 895 3351
5507 2 2 5 1 895 898 3351
5508 2 2 5 1 1479 1497 3426
5509 2 2 5 1 2124 1967 2691
5510 2 2 5 1 1442 1441 1444
5511 2 2 5 1 1687 3839 3852
5512 2 2 5 1 3344 2102 3472
5513 2 2 5 1 232 741 3526
5514 2 2 5 1 3225 3991 4054
5515 2 2 5 1 2974 2205 3696
5516 2 2 5 1 877 880 3473
5517 2 2 5 1 520 756 2712
5518 2 2 5 1 2344 3380 3530
5519 2 2 5 1 2437 4042 4119
5520 2 2 5 1 2900 1651 3542
5521 2 2 5 1 807 808 809
5522 2 2 5 1 35 388 3531
5523 2 2 5 1 330 34 3531
5524 2 2 5 1 185 186 3532
5525 2 2 5 1 951 3025 4049
5526 2 2 5 1 3563 1286 3867
5527 2 2 5 1 930 926 3474
5528 2 2 5 1 1748 1749 3533
5529 2 2 5 1 2858 2147 3533
5530 2 2 5 1 521 522 523
5531 2 2 5 1 1941 1940 2106
5532 2 2 5 1 3449 3383 3501
5533 2 2 5 1 2911 2117 3556
5534 2 2 5 1 1030 1024 3536
5535 2 2 5 1 1026 1939 3536
5536 2 2 5 1 1428 2728 2729
5537 2 2 5 1 475 2743 2744
5538 2 2 5 1 447 2733 2734
5539 2 2 5 1 742 2736 2737
5540 2 2 5 1 1286 2721 2818
5541 2 2 5 1 1309 2759 2760
5542 2 2 5 1 427 2765 2766
5543 2 2 5 1 437 2771 2772
5544 2 2 5 1 1029 2775 2911
5545 2 2 5 1 1452 1389 2713
5546 2 2 5 1 1203 2364 3477
5547 2 2 5 1 719 718 1063
5548 2 2 5 1 3501 3321 3529
5549 2 2 5 1 1858 1862 3519
5550 2 2 5 1 328 2871 3672
5551 2 2 5 1 2405 3525 3526
5552 2 2 5 1 1278 1329 3505
5553 2 2 5 1 1409 2754 3663
5554 2 2 5 1 2942 2943 3541
5555 2 2 5 1 2455 2940 3541
5556 2 2 5 1 1015 943 2223
5557 2 2 5 1 1651 3143 3542
5558 2 2 5 1 1640 2862 3537
5559 2 2 5 1 2351 1694 3543
5560 2 2 5 1 2661 2663 3978
5561 2 2 5 1 215 5 739
5562 2 2 5 1 293 8 404
5563 2 2 5 1 276 275 2805
5564 2 2 5 1 302 301 968
5565 2 2 5 1 224 223 747
5566 2 2 5 1 250 249 535
5567 2 2 5 1 272 271 1409
5568 2 2 5 1 298 297 974
5569 2 2 5 1 220 219 743
5570 2 2 5 1 246 245 524
5571 2 2 5 1 5 318 2764
5572 2 2 5 1 7 266 1241
5573 2 2 5 1 6 240 745
5574 2 2 5 1 277 276 1302
5575 2 2 5 1 294 293 2727
5576 2 2 5 1 216 215 2726
5577 2 2 5 1 242 241 514
5578 2 2 5 1 268 267 1428
5579 2 2 5 1 227 226 3412
5580 2 2 5 1 274 273 1286
5581 2 2 5 1 300 299 408
5582 2 2 5 1 222 221 469
5583 2 2 5 1 248 247 936
5584 2 2 5 1 304 303 412
5585 2 2 5 1 226 225 475
5586 2 2 5 1 252 251 755
5587 2 2 5 1 270 269 1264
5588 2 2 5 1 296 295 405
5589 2 2 5 1 218 217 447
5590 2 2 5 1 244 243 742
5591 2 2 5 1 280 279 1309
5592 2 2 5 1 306 305 740
5593 2 2 5 1 228 227 749
5594 2 2 5 1 254 253 547
5595 2 2 5 1 297 296 2751
5596 2 2 5 1 271 270 2754
5597 2 2 5 1 219 218 2750
5598 2 2 5 1 245 244 2849
5599 2 2 5 1 316 315 748
5600 2 2 5 1 264 263 1240
5601 2 2 5 1 266 265 3433
5602 2 2 5 1 318 317 437
5603 2 2 5 1 240 239 2782
5604 2 2 5 1 288 287 1410
5605 2 2 5 1 314 313 427
5606 2 2 5 1 262 261 1412
5607 2 2 5 1 283 282 1307
5608 2 2 5 1 309 308 420
5609 2 2 5 1 231 230 2781
5610 2 2 5 1 257 256 715
5611 2 2 5 1 284 283 2749
5612 2 2 5 1 232 231 741
5613 2 2 5 1 258 257 2748
5614 2 2 5 1 287 286 2806
5615 2 2 5 1 261 260 2783
5616 2 2 5 1 235 234 492
5617 2 2 5 1 315 314 2850
5618 2 2 5 1 263 262 2788
5619 2 2 5 1 237 236 746
5620 2 2 5 1 223 222 2741
5621 2 2 5 1 249 248 3423
5622 2 2 5 1 230 229 483
5623 2 2 5 1 286 285 1308
5624 2 2 5 1 260 259 712
5625 2 2 5 1 281 280 2747
5626 2 2 5 1 291 290 1029
5627 2 2 5 1 265 264 2761
5628 2 2 5 1 239 238 506
5629 2 2 5 1 311 310 744
5630 2 2 5 1 997 2828 3701
5631 2 2 5 1 3473 948 3500
5632 2 2 5 1 2228 3585 4027
5633 2 2 5 1 81 82 3480
5634 2 2 5 1 3558 3836 4212
5635 2 2 5 1 3536 1939 3565
5636 2 2 5 1 2120 2145 3458
5637 2 2 5 1 3321 2195 3529
5638 2 2 5 1 1605 903 3161
5639 2 2 5 1 902 903 1605
5640 2 2 5 1 2862 2861 2877
5641 2 2 5 1 2379 2677 3905
5642 2 2 5 1 1726 1596 3548
5643 2 2 5 1 1595 2155 3548
5644 2 2 5 1 1256 1257 1258
5645 2 2 5 1 209 210 2798
5646 2 2 5 1 3377 2112 3485
5647 2 2 5 1 1771 1772 1773
5648 2 2 5 1 2918 3685 3694
5649 2 2 5 1 2692 3523 3909
5650 2 2 5 1 718 3366 3457
5651 2 2 5 1 1814 1815 1816
5652 2 2 5 1 1099 2655 3486
5653 2 2 5 1 2363 1871 3812
5654 2 2 5 1 1497 1572 1573
5655 2 2 5 1 2143 2893 3554
5656 2 2 5 1 2424 3314 3554
5657 2 2 5 1 1297 2820 3771
5658 2 2 5 1 1226 1228 2813
5659 2 2 5 1 2077 2338 3556
5660 2 2 5 1 2117 3379 3556
5661 2 2 5 1 2824 2695 3560
5662 2 2 5 1 3559 2372 4119
5663 2 2 5 1 1573 2095 2607
5664 2 2 5 1 2666 366 4204
5665 2 2 5 1 1002 1004 2579
5666 2 2 5 1 2353 3757 3863
5667 2 2 5 1 556 554 3517
5668 2 2 5 1 2647 368 4062
5669 2 2 5 1 2516 2514 3631
5670 2 2 5 1 210 211 359
5671 2 2 5 1 110 111 400
5672 2 2 5 1 107 108 3462
5673 2 2 5 1 105 106 3464
5674 2 2 5 1 109 110 3463
5675 2 2 5 1 108 109 393
5676 2 2 5 1 211 212 3465
5677 2 2 5 1 104 105 3466
5678 2 2 5 1 212 213 398
5679 2 2 5 1 106 107 361
5680 2 2 5 1 103 104 321
5681 2 2 5 1 98 99 394
5682 2 2 5 1 200 201 396
5683 2 2 5 1 201 202 3468
5684 2 2 5 1 97 98 3467
5685 2 2 5 1 100 101 365
5686 2 2 5 1 202 203 348
5687 2 2 5 1 3775 990 3842
5688 2 2 5 1 839 3472 3496
5689 2 2 5 1 2555 1732 3561
5690 2 2 5 1 1730 1946 3561
5691 2 2 5 1 1329 3397 3505
5692 2 2 5 1 2704 3939 3983
5693 2 2 5 1 1424 1426 3491
5694 2 2 5 1 3495 2824 3560
5695 2 2 5 1 119 120 3492
5696 2 2 5 1 327 3308 3997
5697 2 2 5 1 3856 1089 4010
5698 2 2 5 1 3437 3436 3530
5699 2 2 5 1 2906 319 3576
5700 2 2 5 1 404 8 2719
5701 2 2 5 1 1428 267 2728
5702 2 2 5 1 514 241 2730
5703 2 2 5 1 412 303 2745
5704 2 2 5 1 475 225 2743
5705 2 2 5 1 405 295 2732
5706 2 2 5 1 1264 269 2731
5707 2 2 5 1 447 217 2733
5708 2 2 5 1 742 243 2736
5709 2 2 5 1 408 299 2722
5710 2 2 5 1 1286 273 2721
5711 2 2 5 1 469 221 2723
5712 2 2 5 1 936 247 2724
5713 2 2 5 1 740 305 2758
5714 2 2 5 1 1309 279 2759
5715 2 2 5 1 547 253 2755
5716 2 2 5 1 437 317 2771
5717 2 2 5 1 427 313 2765
5718 2 2 5 1 715 256 2773
5719 2 2 5 1 746 236 2780
5720 2 2 5 1 1308 285 2785
5721 2 2 5 1 712 259 2784
5722 2 2 5 1 1029 290 2775
5723 2 2 5 1 506 238 2774
5724 2 2 5 1 744 310 2786
5725 2 2 5 1 998 1073 3493
5726 2 2 5 1 3333 2206 3776
5727 2 2 5 1 52 349 3564
5728 2 2 5 1 383 51 3564
5729 2 2 5 1 2433 2432 3528
5730 2 2 5 1 2805 275 3563
5731 2 2 5 1 274 1286 3563
5732 2 2 5 1 719 1063 1064
5733 2 2 5 1 3747 2663 3920
5734 2 2 5 1 334 2974 3696
5735 2 2 5 1 1486 1483 3495
5736 2 2 5 1 2860 3326 3568
5737 2 2 5 1 3362 2706 3568
5738 2 2 5 1 1445 1444 1446
5739 2 2 5 1 1856 3519 3551
5740 2 2 5 1 1471 1450 1472
5741 2 2 5 1 1472 1450 3471
5742 2 2 5 1 2570 3594 3922
5743 2 2 5 1 463 697 3574
5744 2 2 5 1 1686 2429 3497
5745 2 2 5 1 1534 1574 1575
5746 2 2 5 1 2550 1605 3161
5747 2 2 5 1 3792 3341 3980
5748 2 2 5 1 1527 1528 1529
5749 2 2 5 1 183 2985 3576
5750 2 2 5 1 319 182 3576
5751 2 2 5 1 3390 2332 3500
5752 2 2 5 1 697 461 3583
5753 2 2 5 1 810 808 3520
5754 2 2 5 1 488 487 490
5755 2 2 5 1 3383 3347 3501
5756 2 2 5 1 2918 2091 3685
5757 2 2 5 1 432 431 433
5758 2 2 5 1 2851 991 3351
5759 2 2 5 1 2720 1029 3941
5760 2 2 5 1 2430 2431 3578
5761 2 2 5 1 210 359 2798
5762 2 2 5 1 3930 3700 4160
5763 2 2 5 1 2890 2985 4232
5764 2 2 5 1 942 2859 3666
5765 2 2 5 1 1998 2660 4148
5766 2 2 5 1 743 2750 4070
5767 2 2 5 1 2425 1940 3325
5768 2 2 5 1 2946 2945 3582
5769 2 2 5 1 1308 2785 3742
5770 2 2 5 1 2673 2529 3510
5771 2 2 5 1 3393 1495 3503
5772 2 2 5 1 356 90 3504
5773 2 2 5 1 2001 1700 3586
5774 2 2 5 1 2125 2124 2587
5775 2 2 5 1 3537 1089 3882
5776 2 2 5 1 3525 233 3526
5777 2 2 5 1 1587 1586 1588
5778 2 2 5 1 2168 3421 3642
5779 2 2 5 1 3500 948 3528
5780 2 2 5 1 2129 2621 3590
5781 2 2 5 1 2643 2126 3590
5782 2 2 5 1 3808 2844 3843
5783 2 2 5 1 863 864 865
5784 2 2 5 1 1734 1197 3506
5785 2 2 5 1 2789 1412 4041
5786 2 2 5 1 2509 2709 4185
5787 2 2 5 1 2828 2130 3593
5788 2 2 5 1 2128 3265 3593
5789 2 2 5 1 837 836 838
5790 2 2 5 1 3404 1280 3505
5791 2 2 5 1 1591 1785 3508
5792 2 2 5 1 2585 2586 2825
5793 2 2 5 1 2196 2337 2497
5794 2 2 5 1 2971 2986 3509
5795 2 2 5 1 1307 282 3594
5796 2 2 5 1 281 2747 3594
5797 2 2 5 1 2529 2573 3510
5798 2 2 5 1 1318 1320 3461
5799 2 2 5 1 3409 1403 3581
5800 2 2 5 1 2802 2800 4270
5801 2 2 5 1 1946 2802 4270
5802 2 2 5 1 48 333 3598
5803 2 2 5 1 389 47 3598
5804 2 2 5 1 2699 2131 3599
5805 2 2 5 1 2332 3473 3500
5806 2 2 5 1 2974 69 3600
5807 2 2 5 1 70 375 3600
5808 2 2 5 1 2433 3528 3549
5809 2 2 5 1 1513 1337 3511
5810 2 2 5 1 2861 2863 2877
5811 2 2 5 1 2164 2443 4132
5812 2 2 5 1 3436 1782 3530
5813 2 2 5 1 2750 447 3779
5814 2 2 5 1 450 453 2472
5815 2 2 5 1 86 339 3602
5816 2 2 5 1 377 85 3602
5817 2 2 5 1 1560 1930 1931
5818 2 2 5 1 165 166 3512
5819 2 2 5 1 141 384 3603
5820 2 2 5 1 351 140 3603
5821 2 2 5 1 1839 2347 2348
5822 2 2 5 1 494 2875 3740
5823 2 2 5 1 64 65 3513
5824 2 2 5 1 1043 1678 2477
5825 2 2 5 1 255 254 3490
5826 2 2 5 1 2999 2405 3526
5827 2 2 5 1 2463 2498 4168
5828 2 2 5 1 3416 2418 4259
5829 2 2 5 1 2818 2206 3844
5830 2 2 5 1 2101 1564 3489
5831 2 2 5 1 765 770 979
5832 2 2 5 1 2609 2422 3532
5833 2 2 5 1 153 154 3515
5834 2 2 5 1 3986 3192 4188
5835 2 2 5 1 1396 1398 3434
5836 2 2 5 1 2535 2725 4109
5837 2 2 5 1 1641 1690 2861
5838 2 2 5 1 764 762 3544
5839 2 2 5 1 2886 2917 3574
5840 2 2 5 1 2917 465 3574
5841 2 2 5 1 979 770 3484
5842 2 2 5 1 278 277 3494
5843 2 2 5 1 2553 1963 2865
5844 2 2 5 1 2648 2471 3838
5845 2 2 5 1 112 113 3609
5846 2 2 5 1 1857 2878 3589
5847 2 2 5 1 825 822 826
5848 2 2 5 1 2123 2692 2693
5849 2 2 5 1 128 2841 3786
5850 2 2 5 1 1390 3501 3529
5851 2 2 5 1 870 3439 3660
5852 2 2 5 1 874 764 3544
5853 2 2 5 1 3421 1644 3642
5854 2 2 5 1 1287 1291 3683
5855 2 2 5 1 707 556 3517
5856 2 2 5 1 1320 1334 3461
5857 2 2 5 1 2263 3034 3982
5858 2 2 5 1 2426 2427 3611
5859 2 2 5 1 1563 1634 1635
5860 2 2 5 1 355 2817 3928
5861 2 2 5 1 1998 1065 4147
5862 2 2 5 1 1641 1688 1689
5863 2 2 5 1 1781 4056 4205
5864 2 2 5 1 1398 1460 3434
5865 2 2 5 1 1606 2333 3324
5866 2 2 5 1 1271 1255 3681
5867 2 2 5 1 114 115 3518
5868 2 2 5 1 1235 1234 1236
5869 2 2 5 1 3083 3902 4002
5870 2 2 5 1 2585 2125 2586
5871 2 2 5 1 1974 3611 3763
5872 2 2 5 1 2242 1987 3521
5873 2 2 5 1 1783 2414 3616
5874 2 2 5 1 2748 715 3555
5875 2 2 5 1 755 251 3618
5876 2 2 5 1 250 535 3618
5877 2 2 5 1 2859 942 3719
5878 2 2 5 1 2435 2433 3549
5879 2 2 5 1 1816 1817 1818
5880 2 2 5 1 2996 1696 3606
5881 2 2 5 1 871 806 3624
5882 2 2 5 1 2663 2662 3920
5883 2 2 5 1 990 3092 3842
5884 2 2 5 1 2868 1259 2878
5885 2 2 5 1 1921 1916 3522
5886 2 2 5 1 1356 1357 1358
5887 2 2 5 1 1031 788 3524
5888 2 2 5 1 892 894 976
5889 2 2 5 1 2825 2794 3720
5890 2 2 5 1 1415 1414 1419
5891 2 2 5 1 876 875 940
5892 2 2 5 1 523 525 526
5893 2 2 5 1 892 976 3395
5894 2 2 5 1 876 940 3487
5895 2 2 5 1 3430 1241 3976
5896 2 2 5 1 330 2928 3822
5897 2 2 5 1 2392 2918 3694
5898 2 2 5 1 948 3356 3528
5899 2 2 5 1 2231 2233 2690
5900 2 2 5 1 1894 530 3925
5901 2 2 5 1 501 496 502
5902 2 2 5 1 775 939 3629
5903 2 2 5 1 1563 1496 1564
5904 2 2 5 1 1564 1496 3489
5905 2 2 5 1 2348 2349 2350
5906 2 2 5 1 34 35 3531
5907 2 2 5 1 345 185 3532
5908 2 2 5 1 883 885 3447
5909 2 2 5 1 2147 1748 3533
5910 2 2 5 1 3122 1880 3635
5911 2 2 5 1 2815 2142 3635
5912 2 2 5 1 2871 2688 3672
5913 2 2 5 1 501 3774 4106
5914 2 2 5 1 2527 2525 3690
5915 2 2 5 1 2503 4196 4237
5916 2 2 5 1 416 459 3607
5917 2 2 5 1 1340 1339 1341
5918 2 2 5 1 2754 3485 3663
5919 2 2 5 1 3032 3294 3729
5920 2 2 5 1 435 439 4271
5921 2 2 5 1 885 888 3447
5922 2 2 5 1 1024 1026 3536
5923 2 2 5 1 1258 1260 1261
5924 2 2 5 1 2844 3808 3809
5925 2 2 5 1 2106 1940 2425
5926 2 2 5 1 2108 3346 3502
5927 2 2 5 1 2405 3440 3525
5928 2 2 5 1 1969 1815 4251
5929 2 2 5 1 1043 2477 3592
5930 2 2 5 1 971 709 3717
5931 2 2 5 1 3630 2746 3938
5932 2 2 5 1 2526 2531 2593
5933 2 2 5 1 2505 2887 4093
5934 2 2 5 1 2659 3960 4002
5935 2 2 5 1 392 135 3644
5936 2 2 5 1 136 323 3644
5937 2 2 5 1 4168 2498 4244
5938 2 2 5 1 870 3660 3726
5939 2 2 5 1 38 39 3646
5940 2 2 5 1 2392 3694 3713
5941 2 2 5 1 1696 3510 3606
5942 2 2 5 1 3380 3437 3530
5943 2 2 5 1 25 320 3647
5944 2 2 5 1 2940 2942 3541
5945 2 2 5 1 2701 2236 3959
5946 2 2 5 1 2393 2394 3652
5947 2 2 5 1 2443 2672 4024
5948 2 2 5 1 2899 3536 3565
5949 2 2 5 1 3528 3356 3549
5950 2 2 5 1 1980 1979 3653
5951 2 2 5 1 1063 718 3457
5952 2 2 5 1 3143 2257 3542
5953 2 2 5 1 2704 3489 3939
5954 2 2 5 1 60 337 3654
5955 2 2 5 1 1263 1266 1267
5956 2 2 5 1 1309 2760 3730
5957 2 2 5 1 2753 3514 4262
5958 2 2 5 1 2962 338 3599
5959 2 2 5 1 813 812 814
5960 2 2 5 1 3505 3397 3596
5961 2 2 5 1 1379 1380 1381
5962 2 2 5 1 191 192 3770
5963 2 2 5 1 2416 2392 3713
5964 2 2 5 1 2343 2098 3660
5965 2 2 5 1 2568 2254 3837
5966 2 2 5 1 328 3672 3784
5967 2 2 5 1 2250 2251 2252
5968 2 2 5 1 3360 1566 3661
5969 2 2 5 1 2915 2156 3553
5970 2 2 5 1 1694 2109 3543
5971 2 2 5 1 2675 3374 4040
5972 2 2 5 1 3842 3092 3896
5973 2 2 5 1 234 233 3525
5974 2 2 5 1 865 866 868
5975 2 2 5 1 102 103 3605
5976 2 2 5 1 1016 991 2851
5977 2 2 5 1 2246 2668 3664
5978 2 2 5 1 2976 2247 3664
5979 2 2 5 1 523 526 3993
5980 2 2 5 1 1476 1419 1481
5981 2 2 5 1 802 942 3666
5982 2 2 5 1 2591 1998 4148
5983 2 2 5 1 233 232 3526
5984 2 2 5 1 2324 3668 4220
5985 2 2 5 1 940 2249 2250
5986 2 2 5 1 1597 1472 3471
5987 2 2 5 1 1244 1239 1245
5988 2 2 5 1 362 13 3787
5989 2 2 5 1 491 490 495
5990 2 2 5 1 817 816 818
5991 2 2 5 1 3318 2474 3884
5992 2 2 5 1 3786 2381 3947
5993 2 2 5 1 1527 2345 3400
5994 2 2 5 1 1603 2116 3364
5995 2 2 5 1 2688 2083 3672
5996 2 2 5 1 2951 2952 3673
5997 2 2 5 1 3635 1880 3948
5998 2 2 5 1 712 2784 3772
5999 2 2 5 1 2416 3713 3733
6000 2 2 5 1 1682 1016 2598
6001 2 2 5 1 2795 2521 3793
6002 2 2 5 1 2410 2453 4029
6003 2 2 5 1 805 807 3431
6004 2 2 5 1 3365 3341 3792
6005 2 2 5 1 1596 1595 3548
6006 2 2 5 1 2270 2705 3679
6007 2 2 5 1 2473 2268 3679
6008 2 2 5 1 3356 1083 3549
6009 2 2 5 1 1589 1588 2354
6010 2 2 5 1 3439 2343 3660
6011 2 2 5 1 1818 1819 1820
6012 2 2 5 1 2716 2411 4152
6013 2 2 5 1 911 913 3455
6014 2 2 5 1 2375 1429 3722
6015 2 2 5 1 376 3670 3889
6016 2 2 5 1 1137 1139 3684
6017 2 2 5 1 2255 1636 3684
6018 2 2 5 1 3426 1573 3573
6019 2 2 5 1 1270 2795 3793
6020 2 2 5 1 3404 3505 3596
6021 2 2 5 1 2121 2175 3567
6022 2 2 5 1 834 836 837
6023 2 2 5 1 505 503 507
6024 2 2 5 1 970 3332 3633
6025 2 2 5 1 344 161 3691
6026 2 2 5 1 162 378 3691
6027 2 2 5 1 3632 2884 3643
6028 2 2 5 1 3133 2970 4075
6029 2 2 5 1 110 400 3463
6030 2 2 5 1 393 109 3463
6031 2 2 5 1 359 211 3465
6032 2 2 5 1 108 393 3462
6033 2 2 5 1 212 398 3465
6034 2 2 5 1 361 107 3462
6035 2 2 5 1 106 361 3464
6036 2 2 5 1 105 3464 3466
6037 2 2 5 1 321 104 3466
6038 2 2 5 1 396 201 3468
6039 2 2 5 1 98 394 3467
6040 2 2 5 1 202 348 3468
6041 2 2 5 1 1237 1236 1238
6042 2 2 5 1 524 2849 3591
6043 2 2 5 1 2179 2207 3696
6044 2 2 5 1 3314 2143 3554
6045 2 2 5 1 2466 2465 4194
6046 2 2 5 1 3379 2077 3556
6047 2 2 5 1 828 830 3438
6048 2 2 5 1 2041 2042 3698
6049 2 2 5 1 2100 3078 3698
6050 2 2 5 1 526 528 529
6051 2 2 5 1 2658 2659 3902
6052 2 2 5 1 716 997 3701
6053 2 2 5 1 981 713 3701
6054 2 2 5 1 1395 1512 3785
6055 2 2 5 1 2350 2522 2523
6056 2 2 5 1 3834 824 4029
6057 2 2 5 1 150 151 3703
6058 2 2 5 1 2205 2696 4273
6059 2 2 5 1 2696 2467 4273
6060 2 2 5 1 1931 1930 4177
6061 2 2 5 1 1603 1604 1829
6062 2 2 5 1 1966 1624 1967
6063 2 2 5 1 3753 2774 4217
6064 2 2 5 1 1907 1196 3707
6065 2 2 5 1 1342 1341 1343
6066 2 2 5 1 1523 1342 4113
6067 2 2 5 1 2252 2253 2449
6068 2 2 5 1 2572 2176 3709
6069 2 2 5 1 3908 444 4207
6070 2 2 5 1 2099 3415 4235
6071 2 2 5 1 2160 3354 3560
6072 2 2 5 1 149 326 3714
6073 2 2 5 1 1887 1888 1889
6074 2 2 5 1 1606 1891 2333
6075 2 2 5 1 2197 2859 3719
6076 2 2 5 1 547 2757 4008
6077 2 2 5 1 1232 1235 4175
6078 2 2 5 1 2519 3700 3930
6079 2 2 5 1 1732 1730 3561
6080 2 2 5 1 516 517 4058
6081 2 2 5 1 1558 1878 3507
6082 2 2 5 1 4196 2502 4237
6083 2 2 5 1 2834 3583 3628
6084 2 2 5 1 1856 1858 3519
6085 2 2 5 1 3294 131 3729
6086 2 2 5 1 132 322 3729
6087 2 2 5 1 3398 3349 3728
6088 2 2 5 1 2403 2999 3678
6089 2 2 5 1 3304 2218 3640
6090 2 2 5 1 2616 1680 3979
6091 2 2 5 1 2145 2899 3565
6092 2 2 5 1 2162 2163 3894
6093 2 2 5 1 2344 3530 3616
6094 2 2 5 1 2202 2383 2384
6095 2 2 5 1 1334 1421 2213
6096 2 2 5 1 2925 2001 3733
6097 2 2 5 1 2218 2174 3640
6098 2 2 5 1 1829 1604 1830
6099 2 2 5 1 3090 2260 3646
6100 2 2 5 1 3592 2477 4141
6101 2 2 5 1 456 454 457
6102 2 2 5 1 1858 1860 1862
6103 2 2 5 1 1635 2188 2189
6104 2 2 5 1 3092 1007 3896
6105 2 2 5 1 203 204 3874
6106 2 2 5 1 51 52 3564
6107 2 2 5 1 327 3997 4202
6108 2 2 5 1 2334 1871 2363
6109 2 2 5 1 3838 1687 4083
6110 2 2 5 1 3343 2173 3741
6111 2 2 5 1 472 473 474
6112 2 2 5 1 2551 2113 3992
6113 2 2 5 1 2173 2172 3742
6114 2 2 5 1 830 833 3438
6115 2 2 5 1 3016 805 3431
6116 2 2 5 1 1057 1187 1887
6117 2 2 5 1 1363 1365 1366
6118 2 2 5 1 3950 374 4054
6119 2 2 5 1 1862 1863 1864
6120 2 2 5 1 1833 2416 3751
6121 2 2 5 1 3731 2797 4100
6122 2 2 5 1 2810 950 4233
6123 2 2 5 1 3616 2414 3707
6124 2 2 5 1 3326 3362 3568
6125 2 2 5 1 3349 2182 3752
6126 2 2 5 1 3361 2576 3753
6127 2 2 5 1 1471 1560 3350
6128 2 2 5 1 2175 3203 3829
6129 2 2 5 1 2816 2323 3575
6130 2 2 5 1 465 463 3574
6131 2 2 5 1 1556 1481 1558
6132 2 2 5 1 3485 2112 3663
6133 2 2 5 1 2190 2191 4110
6134 2 2 5 1 2219 3106 3764
6135 2 2 5 1 2738 3929 4203
6136 2 2 5 1 2397 2168 3642
6137 2 2 5 1 2659 349 3960
6138 2 2 5 1 1820 1821 1822
6139 2 2 5 1 182 183 3576
6140 2 2 5 1 2510 2630 3907
6141 2 2 5 1 875 769 3601
6142 2 2 5 1 943 883 3447
6143 2 2 5 1 1083 3331 3760
6144 2 2 5 1 1267 1268 1269
6145 2 2 5 1 1999 2352 2660
6146 2 2 5 1 3689 1052 4024
6147 2 2 5 1 2396 2583 3772
6148 2 2 5 1 1415 1476 4136
6149 2 2 5 1 2431 2434 3578
6150 2 2 5 1 2646 1056 4104
6151 2 2 5 1 3721 2373 3722
6152 2 2 5 1 3397 2393 3596
6153 2 2 5 1 707 3517 3717
6154 2 2 5 1 356 2893 3850
6155 2 2 5 1 2318 3409 3581
6156 2 2 5 1 380 80 3782
6157 2 2 5 1 3782 2442 4074
6158 2 2 5 1 938 1048 1049
6159 2 2 5 1 2945 399 3582
6160 2 2 5 1 3675 1452 4071
6161 2 2 5 1 868 869 882
6162 2 2 5 1 127 128 3786
6163 2 2 5 1 769 767 3601
6164 2 2 5 1 3346 1064 3502
6165 2 2 5 1 2523 2536 2537
6166 2 2 5 1 2217 2390 3790
6167 2 2 5 1 2212 3071 3791
6168 2 2 5 1 3969 2324 4220
6169 2 2 5 1 1558 3507 3883
6170 2 2 5 1 1700 2426 3586
6171 2 2 5 1 1527 1529 2345
6172 2 2 5 1 461 457 3583
6173 2 2 5 1 179 180 3795
6174 2 2 5 1 989 2854 3828
6175 2 2 5 1 1049 1069 1070
6176 2 2 5 1 809 810 811
6177 2 2 5 1 801 824 3834
6178 2 2 5 1 2277 3476 3977
6179 2 2 5 1 2208 2615 3802
6180 2 2 5 1 3244 3099 3802
6181 2 2 5 1 2339 3060 3803
6182 2 2 5 1 2553 2865 3835
6183 2 2 5 1 2854 870 3726
6184 2 2 5 1 2241 3048 3806
6185 2 2 5 1 2807 3201 3806
6186 2 2 5 1 3896 1007 3937
6187 2 2 5 1 1850 2190 3658
6188 2 2 5 1 275 274 3563
6189 2 2 5 1 2126 2129 3590
6190 2 2 5 1 2999 741 3678
6191 2 2 5 1 1640 1641 2861
6192 2 2 5 1 1379 1377 1380
6193 2 2 5 1 873 3408 3780
6194 2 2 5 1 1770 1769 1771
6195 2 2 5 1 3391 2447 3820
6196 2 2 5 1 2130 2128 3593
6197 2 2 5 1 2891 2890 4232
6198 2 2 5 1 2709 2710 4185
6199 2 2 5 1 442 441 443
6200 2 2 5 1 1845 1564 2101
6201 2 2 5 1 2928 2238 3822
6202 2 2 5 1 1530 1565 4229
6203 2 2 5 1 346 23 3825
6204 2 2 5 1 3061 3086 3826
6205 2 2 5 1 913 3388 3455
6206 2 2 5 1 2746 968 4151
6207 2 2 5 1 1641 1051 1688
6208 2 2 5 1 2236 2616 3959
6209 2 2 5 1 456 704 2883
6210 2 2 5 1 319 2906 3858
6211 2 2 5 1 534 551 1224
6212 2 2 5 1 437 2772 3584
6213 2 2 5 1 353 2963 3833
6214 2 2 5 1 1826 3404 3596
6215 2 2 5 1 1394 1396 1473
6216 2 2 5 1 3320 2791 3799
6217 2 2 5 1 47 48 3598
6218 2 2 5 1 1868 1866 3416
6219 2 2 5 1 2131 3083 3599
6220 2 2 5 1 69 70 3600
6221 2 2 5 1 820 822 825
6222 2 2 5 1 3376 1475 3552
6223 2 2 5 1 409 406 2454
6224 2 2 5 1 1890 1605 2550
6225 2 2 5 1 1731 2192 3844
6226 2 2 5 1 2206 1729 3844
6227 2 2 5 1 2906 2916 3858
6228 2 2 5 1 3662 2134 4065
6229 2 2 5 1 3533 1749 4039
6230 2 2 5 1 171 172 3848
6231 2 2 5 1 1767 1768 1769
6232 2 2 5 1 1250 1248 1259
6233 2 2 5 1 89 356 3850
6234 2 2 5 1 170 335 3853
6235 2 2 5 1 401 3613 3623
6236 2 2 5 1 2672 3689 4024
6237 2 2 5 1 2080 2198 3857
6238 2 2 5 1 2244 2923 3858
6239 2 2 5 1 1344 1343 1345
6240 2 2 5 1 2587 2124 2671
6241 2 2 5 1 2567 2254 2568
6242 2 2 5 1 3532 2422 3940
6243 2 2 5 1 228 749 3847
6244 2 2 5 1 483 229 3847
6245 2 2 5 1 2681 1945 4205
6246 2 2 5 1 1685 3508 3992
6247 2 2 5 1 1273 2703 4252
6248 2 2 5 1 85 86 3602
6249 2 2 5 1 2583 2584 4041
6250 2 2 5 1 767 759 2667
6251 2 2 5 1 2588 2455 4278
6252 2 2 5 1 2245 3563 3867
6253 2 2 5 1 140 141 3603
6254 2 2 5 1 2371 2978 4074
6255 2 2 5 1 1822 1823 1824
6256 2 2 5 1 2384 2385 2386
6257 2 2 5 1 2163 1870 3450
6258 2 2 5 1 2737 2740 3929
6259 2 2 5 1 2997 2996 3606
6260 2 2 5 1 2322 1698 2324
6261 2 2 5 1 2216 3110 3878
6262 2 2 5 1 1269 1281 1282
6263 2 2 5 1 2474 1684 3884
6264 2 2 5 1 968 301 3870
6265 2 2 5 1 300 408 3870
6266 2 2 5 1 2453 3499 3834
6267 2 2 5 1 2156 2164 3553
6268 2 2 5 1 2787 339 4246
6269 2 2 5 1 3532 186 4264
6270 2 2 5 1 1864 1865 1925
6271 2 2 5 1 951 781 3887
6272 2 2 5 1 3875 2280 4043
6273 2 2 5 1 2638 1943 3888
6274 2 2 5 1 1923 2423 3888
6275 2 2 5 1 3294 3032 3996
6276 2 2 5 1 403 2552 3879
6277 2 2 5 1 2518 3034 4201
6278 2 2 5 1 1658 2118 3699
6279 2 2 5 1 1366 1392 2231
6280 2 2 5 1 2256 2588 3889
6281 2 2 5 1 2820 2589 2855
6282 2 2 5 1 2482 2239 3892
6283 2 2 5 1 3230 3231 3892
6284 2 2 5 1 2223 2687 3836
6285 2 2 5 1 3161 908 3736
6286 2 2 5 1 3588 2515 4052
6287 2 2 5 1 2988 2987 3950
6288 2 2 5 1 1633 1068 1698
6289 2 2 5 1 1770 2891 3748
6290 2 2 5 1 1443 2908 3704
6291 2 2 5 1 2211 2486 3620
6292 2 2 5 1 282 281 3594
6293 2 2 5 1 1428 2729 4265
6294 2 2 5 1 394 99 3597
6295 2 2 5 1 100 365 3597
6296 2 2 5 1 3499 799 3834
6297 2 2 5 1 113 397 3609
6298 2 2 5 1 1471 1472 1560
6299 2 2 5 1 1811 2221 3900
6300 2 2 5 1 937 530 1894
6301 2 2 5 1 3083 1805 3902
6302 2 2 5 1 3183 2658 3902
6303 2 2 5 1 538 550 3816
6304 2 2 5 1 2160 3560 3671
6305 2 2 5 1 1460 3401 3749
6306 2 2 5 1 3524 786 4215
6307 2 2 5 1 2817 2557 3928
6308 2 2 5 1 1007 3259 3937
6309 2 2 5 1 1389 1402 2713
6310 2 2 5 1 81 3480 3782
6311 2 2 5 1 1936 1938 3914
6312 2 2 5 1 1012 1614 3949
6313 2 2 5 1 1403 1397 3785
6314 2 2 5 1 2280 2422 2609
6315 2 2 5 1 3560 2695 3671
6316 2 2 5 1 3102 3101 3919
6317 2 2 5 1 2360 2592 3919
6318 2 2 5 1 99 100 3597
6319 2 2 5 1 2882 1586 3972
6320 2 2 5 1 3422 3323 3845
6321 2 2 5 1 2427 2817 3611
6322 2 2 5 1 2853 369 4280
6323 2 2 5 1 2577 2161 2829
6324 2 2 5 1 3530 1782 3616
6325 2 2 5 1 3435 828 3438
6326 2 2 5 1 3489 1453 3939
6327 2 2 5 1 2441 3724 4062
6328 2 2 5 1 1330 1279 3939
6329 2 2 5 1 2174 3137 3640
6330 2 2 5 1 1782 1783 3616
6331 2 2 5 1 2501 2813 3755
6332 2 2 5 1 178 355 3928
6333 2 2 5 1 1603 1829 2116
6334 2 2 5 1 2347 2884 3807
6335 2 2 5 1 2976 2988 3991
6336 2 2 5 1 1070 1747 2419
6337 2 2 5 1 420 3422 3845
6338 2 2 5 1 2386 2387 2388
6339 2 2 5 1 398 213 3614
6340 2 2 5 1 97 3467 3612
6341 2 2 5 1 200 396 3613
6342 2 2 5 1 3504 91 4257
6343 2 2 5 1 360 2701 3959
6344 2 2 5 1 2827 1443 3704
6345 2 2 5 1 1350 1348 1404
6346 2 2 5 1 806 804 3624
6347 2 2 5 1 3450 1404 3451
6348 2 2 5 1 1861 1859 2132
6349 2 2 5 1 444 443 445
6350 2 2 5 1 306 740 3934
6351 2 2 5 1 1618 1617 1619
6352 2 2 5 1 2961 2960 3942
6353 2 2 5 1 2538 872 2539
6354 2 2 5 1 902 1606 3324
6355 2 2 5 1 421 730 4172
6356 2 2 5 1 1014 1646 2687
6357 2 2 5 1 2685 2231 2690
6358 2 2 5 1 2122 1645 3558
6359 2 2 5 1 2854 3726 3828
6360 2 2 5 1 1824 2151 2327
6361 2 2 5 1 902 1605 1606
6362 2 2 5 1 910 911 921
6363 2 2 5 1 1855 1841 2868
6364 2 2 5 1 2842 2654 3638
6365 2 2 5 1 3646 2260 3924
6366 2 2 5 1 2494 2697 3605
6367 2 2 5 1 2883 704 3553
6368 2 2 5 1 508 507 509
6369 2 2 5 1 2987 74 3950
6370 2 2 5 1 75 374 3950
6371 2 2 5 1 3757 1491 3863
6372 2 2 5 1 3254 1629 3951
6373 2 2 5 1 379 58 3952
6374 2 2 5 1 2220 2938 3924
6375 2 2 5 1 2848 2594 4274
6376 2 2 5 1 1246 1245 1411
6377 2 2 5 1 372 2843 4142
6378 2 2 5 1 2158 2834 3628
6379 2 2 5 1 833 834 3498
6380 2 2 5 1 1224 1225 1226
6381 2 2 5 1 1334 2213 3461
6382 2 2 5 1 2548 2549 3956
6383 2 2 5 1 882 883 943
6384 2 2 5 1 2266 1006 3569
6385 2 2 5 1 1968 1967 2124
6386 2 2 5 1 2599 3749 3792
6387 2 2 5 1 2133 2132 2134
6388 2 2 5 1 2135 2134 3662
6389 2 2 5 1 1256 1258 3965
6390 2 2 5 1 3705 505 4240
6391 2 2 5 1 3937 3259 3973
6392 2 2 5 1 2686 2683 4123
6393 2 2 5 1 54 2962 3960
6394 2 2 5 1 349 53 3960
6395 2 2 5 1 2984 3486 4225
6396 2 2 5 1 2721 1409 3776
6397 2 2 5 1 3427 2992 3938
6398 2 2 5 1 3820 2447 3923
6399 2 2 5 1 72 341 3967
6400 2 2 5 1 375 71 3967
6401 2 2 5 1 1577 3659 4147
6402 2 2 5 1 2335 3702 3885
6403 2 2 5 1 2801 1946 4270
6404 2 2 5 1 2195 2194 3974
6405 2 2 5 1 2198 2200 3975
6406 2 2 5 1 779 775 3629
6407 2 2 5 1 2161 1926 2842
6408 2 2 5 1 517 513 518
6409 2 2 5 1 2520 1929 2521
6410 2 2 5 1 2902 1565 4087
6411 2 2 5 1 1473 1396 3434
6412 2 2 5 1 2258 1755 3984
6413 2 2 5 1 3508 2551 3992
6414 2 2 5 1 2592 3309 4117
6415 2 2 5 1 1346 1345 1347
6416 2 2 5 1 2966 2967 3986
6417 2 2 5 1 2817 355 3763
6418 2 2 5 1 2388 2389 2596
6419 2 2 5 1 1561 1472 1597
6420 2 2 5 1 867 2873 3957
6421 2 2 5 1 2829 2161 3639
6422 2 2 5 1 397 3518 3790
6423 2 2 5 1 96 97 3612
6424 2 2 5 1 199 200 3613
6425 2 2 5 1 213 214 3614
6426 2 2 5 1 2142 3122 3635
6427 2 2 5 1 1721 1978 3990
6428 2 2 5 1 1478 2162 3538
6429 2 2 5 1 3225 1674 3991
6430 2 2 5 1 2975 2976 3991
6431 2 2 5 1 2166 2507 3540
6432 2 2 5 1 251 250 3618
6433 2 2 5 1 2654 2641 4005
6434 2 2 5 1 2161 2842 3639
6435 2 2 5 1 2330 1956 3994
6436 2 2 5 1 1955 2532 3994
6437 2 2 5 1 2478 3856 4010
6438 2 2 5 1 1851 3566 3830
6439 2 2 5 1 3032 3313 3996
6440 2 2 5 1 1050 1210 1211
6441 2 2 5 1 1436 1435 3998
6442 2 2 5 1 1907 3707 3820
6443 2 2 5 1 1853 2378 3999
6444 2 2 5 1 350 147 4000
6445 2 2 5 1 1697 3724 3890
6446 2 2 5 1 841 840 842
6447 2 2 5 1 329 3786 3947
6448 2 2 5 1 3543 2109 4021
6449 2 2 5 1 2756 755 4230
6450 2 2 5 1 1757 1759 4006
6451 2 2 5 1 2965 3533 4039
6452 2 2 5 1 2352 3457 4076
6453 2 2 5 1 2490 2491 4007
6454 2 2 5 1 785 1814 3774
6455 2 2 5 1 1643 527 3411
6456 2 2 5 1 1720 1721 4009
6457 2 2 5 1 3509 2216 3878
6458 2 2 5 1 2609 3532 4264
6459 2 2 5 1 814 816 817
6460 2 2 5 1 2437 3585 3716
6461 2 2 5 1 2915 3553 3667
6462 2 2 5 1 2558 3542 3670
6463 2 2 5 1 324 3304 3640
6464 2 2 5 1 1381 1382 1383
6465 2 2 5 1 2509 4185 4199
6466 2 2 5 1 1994 2580 4020
6467 2 2 5 1 1996 1992 4020
6468 2 2 5 1 1259 2868 4236
6469 2 2 5 1 991 894 3351
6470 2 2 5 1 3450 1870 3862
6471 2 2 5 1 493 2864 3562
6472 2 2 5 1 709 707 3717
6473 2 2 5 1 3624 804 3666
6474 2 2 5 1 2957 3635 3948
6475 2 2 5 1 2214 1421 3376
6476 2 2 5 1 2149 3225 3673
6477 2 2 5 1 3514 2752 3951
6478 2 2 5 1 2989 2639 4035
6479 2 2 5 1 2697 2496 4035
6480 2 2 5 1 773 771 4036
6481 2 2 5 1 2612 3402 4030
6482 2 2 5 1 2374 4116 4221
6483 2 2 5 1 2416 3586 3751
6484 2 2 5 1 1895 1621 1963
6485 2 2 5 1 1763 2165 4039
6486 2 2 5 1 780 970 4040
6487 2 2 5 1 3374 776 4040
6488 2 2 5 1 1577 1582 4178
6489 2 2 5 1 2714 364 4253
6490 2 2 5 1 135 136 3644
6491 2 2 5 1 2618 3504 4257
6492 2 2 5 1 3510 2573 3606
6493 2 2 5 1 103 321 3605
6494 2 2 5 1 180 181 4045
6495 2 2 5 1 2575 3524 4215
6496 2 2 5 1 1854 1856 3551
6497 2 2 5 1 1526 3903 4164
6498 2 2 5 1 3298 330 3822
6499 2 2 5 1 358 38 3646
6500 2 2 5 1 1508 1826 3750
6501 2 2 5 1 3645 2225 4176
6502 2 2 5 1 1071 1017 1072
6503 2 2 5 1 151 152 4047
6504 2 2 5 1 2841 2381 3786
6505 2 2 5 1 3025 2400 4049
6506 2 2 5 1 2402 2575 4049
6507 2 2 5 1 118 347 4053
6508 2 2 5 1 1226 1227 1228
6509 2 2 5 1 405 2732 4021
6510 2 2 5 1 3253 3252 4060
6511 2 2 5 1 1013 928 1017
6512 2 2 5 1 2683 3617 3961
6513 2 2 5 1 838 840 841
6514 2 2 5 1 521 519 522
6515 2 2 5 1 851 854 3587
6516 2 2 5 1 87 88 4066
6517 2 2 5 1 172 173 4067
6518 2 2 5 1 24 25 3647
6519 2 2 5 1 3259 1031 3973
6520 2 2 5 1 2793 204 4135
6521 2 2 5 1 1659 1658 3699
6522 2 2 5 1 2632 2542 4177
6523 2 2 5 1 3486 2603 4225
6524 2 2 5 1 976 894 991
6525 2 2 5 1 354 168 4077
6526 2 2 5 1 2394 2445 3652
6527 2 2 5 1 807 809 931
6528 2 2 5 1 3267 2398 4080
6529 2 2 5 1 2461 4096 4222
6530 2 2 5 1 1598 1597 2166
6531 2 2 5 1 1979 2649 3653
6532 2 2 5 1 2191 1905 2694
6533 2 2 5 1 415 411 1011
6534 2 2 5 1 1256 1254 1257
6535 2 2 5 1 495 985 3539
6536 2 2 5 1 510 509 512
6537 2 2 5 1 59 60 3654
6538 2 2 5 1 369 116 4280
6539 2 2 5 1 471 3789 4167
6540 2 2 5 1 1963 1621 3658
6541 2 2 5 1 50 383 4092
6542 2 2 5 1 333 49 4092
6543 2 2 5 1 1840 2499 4274
6544 2 2 5 1 2594 2222 4274
6545 2 2 5 1 1846 2205 4273
6546 2 2 5 1 2467 3238 4273
6547 2 2 5 1 1661 1659 4269
6548 2 2 5 1 1042 1655 3625
6549 2 2 5 1 187 360 4264
6550 2 2 5 1 1629 3322 4262
6551 2 2 5 1 2633 2355 4101
6552 2 2 5 1 92 370 4257
6553 2 2 5 1 467 452 1052
6554 2 2 5 1 763 765 3720
6555 2 2 5 1 3718 2591 4148
6556 2 2 5 1 3633 3332 3915
6557 2 2 5 1 3483 2195 3974
6558 2 2 5 1 2240 1216 4109
6559 2 2 5 1 1852 2535 4109
6560 2 2 5 1 342 176 4112
6561 2 2 5 1 3048 3047 4241
6562 2 2 5 1 2539 872 3435
6563 2 2 5 1 3309 138 4117
6564 2 2 5 1 139 351 4117
6565 2 2 5 1 950 791 4233
6566 2 2 5 1 1344 1346 4098
6567 2 2 5 1 2236 1680 2616
6568 2 2 5 1 2098 3261 3660
6569 2 2 5 1 3469 2159 4114
6570 2 2 5 1 783 951 4215
6571 2 2 5 1 2524 2470 4213
6572 2 2 5 1 3363 2215 4144
6573 2 2 5 1 1290 1315 1316
6574 2 2 5 1 3291 1980 4145
6575 2 2 5 1 2546 2135 2547
6576 2 2 5 1 3073 3072 4149
6577 2 2 5 1 446 445 448
6578 2 2 5 1 2371 3104 4155
6579 2 2 5 1 2438 3138 4156
6580 2 2 5 1 3089 3090 4202
6581 2 2 5 1 2263 1676 4201
6582 2 2 5 1 1892 2518 4201
6583 2 2 5 1 2458 2841 4197
6584 2 2 5 1 2272 1911 4195
6585 2 2 5 1 2963 2964 4191
6586 2 2 5 1 3133 2979 4170
6587 2 2 5 1 2584 3360 3661
6588 2 2 5 1 2145 3565 4018
6589 2 2 5 1 3764 3106 4025
6590 2 2 5 1 2644 362 4004
6591 2 2 5 1 1642 1072 1872
6592 2 2 5 1 393 3463 3803
6593 2 2 5 1 989 3828 3926
6594 2 2 5 1 1349 1405 3911
6595 2 2 5 1 4056 2634 4205
6596 2 2 5 1 4127 3665 4130
6597 2 2 5 1 3667 2881 3685
6598 2 2 5 1 1512 3483 3974
6599 2 2 5 1 1548 1508 3750
6600 2 2 5 1 357 3294 3996
6601 2 2 5 1 3284 395 3626
6602 2 2 5 1 2961 3942 4145
6603 2 2 5 1 2447 2448 3923
6604 2 2 5 1 811 812 813
6605 2 2 5 1 412 2745 3630
6606 2 2 5 1 1629 3514 3951
6607 2 2 5 1 2112 3333 3663
6608 2 2 5 1 1064 2418 3502
6609 2 2 5 1 2344 3616 3707
6610 2 2 5 1 2247 2246 3664
6611 2 2 5 1 1323 1326 4242
6612 2 2 5 1 2786 420 3845
6613 2 2 5 1 2113 2351 3665
6614 2 2 5 1 804 802 3666
6615 2 2 5 1 1042 1654 1655
6616 2 2 5 1 704 2881 3667
6617 2 2 5 1 2595 3555 4096
6618 2 2 5 1 1578 1063 3457
6619 2 2 5 1 2903 2558 3670
6620 2 2 5 1 3829 3203 4055
6621 2 2 5 1 1854 3551 3732
6622 2 2 5 1 3749 3401 3792
6623 2 2 5 1 1584 2611 3615
6624 2 2 5 1 1781 3432 4056
6625 2 2 5 1 856 858 859
6626 2 2 5 1 1859 1857 3589
6627 2 2 5 1 854 856 3595
6628 2 2 5 1 2399 3427 4151
6629 2 2 5 1 1531 1530 1532
6630 2 2 5 1 2136 3738 3739
6631 2 2 5 1 944 1042 3625
6632 2 2 5 1 2732 3543 4021
6633 2 2 5 1 1211 1695 1762
6634 2 2 5 1 729 705 4193
6635 2 2 5 1 2547 2135 3662
6636 2 2 5 1 3685 2897 3694
6637 2 2 5 1 2912 729 4216
6638 2 2 5 1 1621 1622 3658
6639 2 2 5 1 3916 739 4118
6640 2 2 5 1 2693 2692 3810
6641 2 2 5 1 3488 2079 3857
6642 2 2 5 1 3806 3048 4047
6643 2 2 5 1 1228 1229 1230
6644 2 2 5 1 1547 1584 1585
6645 2 2 5 1 4096 2773 4222
6646 2 2 5 1 549 1062 1065
6647 2 2 5 1 2159 2331 3669
6648 2 2 5 1 3325 2160 3671
6649 2 2 5 1 3773 1411 4065
6650 2 2 5 1 1383 1384 1385
6651 2 2 5 1 2190 1905 2191
6652 2 2 5 1 2083 3050 3672
6653 2 2 5 1 374 2951 3673
6654 2 2 5 1 1563 1564 1634
6655 2 2 5 1 3888 2423 4086
6656 2 2 5 1 379 3952 4156
6657 2 2 5 1 496 495 3539
6658 2 2 5 1 2428 1963 2553
6659 2 2 5 1 3366 971 4076
6660 2 2 5 1 3359 2073 4082
6661 2 2 5 1 1377 1375 3727
6662 2 2 5 1 2948 2457 4134
6663 2 2 5 1 345 3532 3940
6664 2 2 5 1 2213 1421 2214
6665 2 2 5 1 451 449 2478
6666 2 2 5 1 3613 396 3623
6667 2 2 5 1 3991 2988 4054
6668 2 2 5 1 849 851 852
6669 2 2 5 1 1253 1270 3793
6670 2 2 5 1 2868 1841 3866
6671 2 2 5 1 1356 1354 1357
6672 2 2 5 1 1014 2687 3708
6673 2 2 5 1 1449 1451 4137
6674 2 2 5 1 3668 1033 4220
6675 2 2 5 1 3401 3365 3792
6676 2 2 5 1 2464 3469 4114
6677 2 2 5 1 2897 725 3694
6678 2 2 5 1 2671 2124 2691
6679 2 2 5 1 3192 2680 4188
6680 2 2 5 1 2268 2270 3679
6681 2 2 5 1 3518 2698 3790
6682 2 2 5 1 1003 515 1912
6683 2 2 5 1 2747 1309 3730
6684 2 2 5 1 2132 1859 3589
6685 2 2 5 1 1952 1468 3783
6686 2 2 5 1 766 874 3985
6687 2 2 5 1 2881 2897 3685
6688 2 2 5 1 1245 1239 3757
6689 2 2 5 1 3637 2454 3638
6690 2 2 5 1 1529 1530 1531
6691 2 2 5 1 1636 1137 3684
6692 2 2 5 1 453 454 456
6693 2 2 5 1 3660 3261 3726
6694 2 2 5 1 1385 1386 1387
6695 2 2 5 1 2434 2435 3846
6696 2 2 5 1 3586 2426 3751
6697 2 2 5 1 1316 1322 1323
6698 2 2 5 1 2475 3506 3916
6699 2 2 5 1 2318 3581 3884
6700 2 2 5 1 2202 2189 2383
6701 2 2 5 1 2107 2106 2274
6702 2 2 5 1 2893 2894 3850
6703 2 2 5 1 3936 3284 4250
6704 2 2 5 1 161 162 3691
6705 2 2 5 1 1246 1411 4064
6706 2 2 5 1 1697 2340 3724
6707 2 2 5 1 1515 1480 1516
6708 2 2 5 1 3503 2463 4168
6709 2 2 5 1 2791 2790 3799
6710 2 2 5 1 1573 1572 2095
6711 2 2 5 1 3514 1629 4262
6712 2 2 5 1 2170 2798 4069
6713 2 2 5 1 1879 1559 3677
6714 2 2 5 1 3928 2557 4112
6715 2 2 5 1 2530 2527 3690
6716 2 2 5 1 3591 2738 4203
6717 2 2 5 1 2205 2179 3696
6718 2 2 5 1 1546 1953 1954
6719 2 2 5 1 1032 471 4167
6720 2 2 5 1 2777 2779 3699
6721 2 2 5 1 1230 1231 1232
6722 2 2 5 1 767 2667 3601
6723 2 2 5 1 1263 1261 1266
6724 2 2 5 1 3078 2041 3698
6725 2 2 5 1 1065 1066 1577
6726 2 2 5 1 429 430 431
6727 2 2 5 1 1375 1373 1500
6728 2 2 5 1 503 502 2836
6729 2 2 5 1 2406 3716 4003
6730 2 2 5 1 2579 3592 4198
6731 2 2 5 1 2330 3430 4243
6732 2 2 5 1 2519 2474 3700
6733 2 2 5 1 940 875 2248
6734 2 2 5 1 713 716 3701
6735 2 2 5 1 908 910 3736
6736 2 2 5 1 2185 3788 4014
6737 2 2 5 1 1585 1586 1587
6738 2 2 5 1 1767 1769 1770
6739 2 2 5 1 2835 2266 4072
6740 2 2 5 1 1364 1363 4285
6741 2 2 5 1 3 112 4111
6742 2 2 5 1 2107 2274 2275
6743 2 2 5 1 872 826 3435
6744 2 2 5 1 2816 2409 3944
6745 2 2 5 1 1387 1388 1389
6746 2 2 5 1 326 150 3703
6747 2 2 5 1 2215 3342 3779
6748 2 2 5 1 1548 3750 3855
6749 2 2 5 1 3683 2596 3881
6750 2 2 5 1 920 3364 3621
6751 2 2 5 1 3694 725 3713
6752 2 2 5 1 1017 928 3817
6753 2 2 5 1 1681 1516 2196
6754 2 2 5 1 1543 2153 2154
6755 2 2 5 1 2144 2669 3706
6756 2 2 5 1 2459 2464 4114
6757 2 2 5 1 1196 2344 3707
6758 2 2 5 1 358 3646 3924
6759 2 2 5 1 396 3468 3958
6760 2 2 5 1 1438 1313 1439
6761 2 2 5 1 2176 2178 3709
6762 2 2 5 1 2599 3792 3980
6763 2 2 5 1 3459 2330 4243
6764 2 2 5 1 2333 2851 4034
6765 2 2 5 1 3848 2588 4278
6766 2 2 5 1 1323 1325 1326
6767 2 2 5 1 725 2921 3713
6768 2 2 5 1 148 149 3714
6769 2 2 5 1 2652 3456 3622
6770 2 2 5 1 3408 989 3926
6771 2 2 5 1 472 470 473
6772 2 2 5 1 1466 1468 1952
6773 2 2 5 1 1072 1017 4095
6774 2 2 5 1 2477 1678 3649
6775 2 2 5 1 2389 3811 3881
6776 2 2 5 1 111 3 4111
6777 2 2 5 1 765 979 3720
6778 2 2 5 1 1577 1581 1582
6779 2 2 5 1 2380 1810 2905
6780 2 2 5 1 1265 2676 4211
6781 2 2 5 1 1580 1575 1866
6782 2 2 5 1 3902 2659 4002
6783 2 2 5 1 2223 3447 3800
6784 2 2 5 1 1420 1543 3648
6785 2 2 5 1 1762 1926 2161
6786 2 2 5 1 419 417 494
6787 2 2 5 1 3393 3503 4168
6788 2 2 5 1 2199 2197 3719
6789 2 2 5 1 2820 2855 4126
6790 2 2 5 1 3388 920 3622
6791 2 2 5 1 3627 2835 4072
6792 2 2 5 1 1 9 4120
6793 2 2 5 1 95 2 4122
6794 2 2 5 1 198 4 4121
6795 2 2 5 1 3555 715 4096
6796 2 2 5 1 1640 1051 1641
6797 2 2 5 1 1389 1401 1402
6798 2 2 5 1 2711 1243 4073
6799 2 2 5 1 1064 1063 1576
6800 2 2 5 1 837 838 3527
6801 2 2 5 1 888 3395 3800
6802 2 2 5 1 1363 1361 1365
6803 2 2 5 1 3636 3426 4247
6804 2 2 5 1 1533 1532 1534
6805 2 2 5 1 2134 2132 3773
6806 2 2 5 1 2497 2337 3893
6807 2 2 5 1 1232 1233 1234
6808 2 2 5 1 3261 2183 3726
6809 2 2 5 1 2880 1981 4219
6810 2 2 5 1 523 522 525
6811 2 2 5 1 3713 2921 3733
6812 2 2 5 1 1459 1466 3656
6813 2 2 5 1 24 3647 3825
6814 2 2 5 1 941 454 3762
6815 2 2 5 1 343 3512 3764
6816 2 2 5 1 2684 2232 2685
6817 2 2 5 1 1536 1456 1537
6818 2 2 5 1 533 537 4159
6819 2 2 5 1 740 2758 3956
6820 2 2 5 1 2364 3398 3728
6821 2 2 5 1 3672 3050 3784
6822 2 2 5 1 825 826 872
6823 2 2 5 1 131 132 3729
6824 2 2 5 1 2705 2357 3935
6825 2 2 5 1 504 785 3774
6826 2 2 5 1 921 911 3455
6827 2 2 5 1 325 3448 4131
6828 2 2 5 1 834 837 3498
6829 2 2 5 1 1912 515 3891
6830 2 2 5 1 2576 2430 4015
6831 2 2 5 1 433 434 435
6832 2 2 5 1 1258 1257 1260
6833 2 2 5 1 3557 2326 3864
6834 2 2 5 1 1590 1537 1839
6835 2 2 5 1 1635 1634 2188
6836 2 2 5 1 944 3625 3767
6837 2 2 5 1 3608 2369 3769
6838 2 2 5 1 779 3629 3887
6839 2 2 5 1 2921 2925 3733
6840 2 2 5 1 1487 2880 3814
6841 2 2 5 1 1582 1583 1639
6842 2 2 5 1 2479 3516 4081
6843 2 2 5 1 366 191 3770
6844 2 2 5 1 3617 2407 3961
6845 2 2 5 1 214 1 4120
6846 2 2 5 1 4 199 4121
6847 2 2 5 1 2 96 4122
6848 2 2 5 1 2421 1868 3710
6849 2 2 5 1 1055 1057 4194
6850 2 2 5 1 1326 1338 1339
6851 2 2 5 1 2243 2644 4004
6852 2 2 5 1 539 536 2665
6853 2 2 5 1 1576 1063 1578
6854 2 2 5 1 881 3374 3851
6855 2 2 5 1 756 1201 2712
6856 2 2 5 1 1543 2154 3648
6857 2 2 5 1 1402 1413 1414
6858 2 2 5 1 1487 1599 2880
6859 2 2 5 1 933 1051 1640
6860 2 2 5 1 3430 3976 4243
6861 2 2 5 1 2192 2245 3867
6862 2 2 5 1 874 3544 3728
6863 2 2 5 1 3447 888 3800
6864 2 2 5 1 2778 2806 3930
6865 2 2 5 1 2368 1879 2369
6866 2 2 5 1 3542 2257 3670
6867 2 2 5 1 534 532 551
6868 2 2 5 1 1867 1866 1868
6869 2 2 5 1 2624 2349 4125
6870 2 2 5 1 3771 2820 4126
6871 2 2 5 1 1587 1588 1589
6872 2 2 5 1 2495 3464 3826
6873 2 2 5 1 1036 988 1037
6874 2 2 5 1 863 865 925
6875 2 2 5 1 1267 1269 3811
6876 2 2 5 1 2708 1093 3668
6877 2 2 5 1 1830 2115 2259
6878 2 2 5 1 3506 2735 3916
6879 2 2 5 1 2569 3343 3741
6880 2 2 5 1 2337 2844 3809
6881 2 2 5 1 807 931 3431
6882 2 2 5 1 2172 2519 3742
6883 2 2 5 1 1381 1380 1382
6884 2 2 5 1 3448 3073 4131
6885 2 2 5 1 3716 2406 4042
6886 2 2 5 1 2266 3569 3604
6887 2 2 5 1 1348 1347 3636
6888 2 2 5 1 847 849 3610
6889 2 2 5 1 2378 2377 3976
6890 2 2 5 1 2199 3719 3775
6891 2 2 5 1 1657 1492 1981
6892 2 2 5 1 1064 1576 2418
6893 2 2 5 1 1466 1952 3656
6894 2 2 5 1 1974 1833 3751
6895 2 2 5 1 1982 2456 2457
6896 2 2 5 1 2271 4033 4073
6897 2 2 5 1 3553 704 3667
6898 2 2 5 1 3358 1548 3855
6899 2 2 5 1 818 820 3759
6900 2 2 5 1 1446 1444 1447
6901 2 2 5 1 1762 2161 2577
6902 2 2 5 1 1639 1997 2271
6903 2 2 5 1 2250 2249 2251
6904 2 2 5 1 2478 449 3856
6905 2 2 5 1 2494 3605 4007
6906 2 2 5 1 2182 3330 3752
6907 2 2 5 1 3704 2908 3933
6908 2 2 5 1 526 525 528
6909 2 2 5 1 3712 1230 4022
6910 2 2 5 1 3298 3822 4050
6911 2 2 5 1 2279 3361 3753
6912 2 2 5 1 478 474 3479
6913 2 2 5 1 1869 1868 2421
6914 2 2 5 1 1441 1438 3632
6915 2 2 5 1 3482 3859 4068
6916 2 2 5 1 513 512 3651
6917 2 2 5 1 1624 511 3705
6918 2 2 5 1 1306 1304 1314
6919 2 2 5 1 357 3996 4197
6920 2 2 5 1 2869 2809 4231
6921 2 2 5 1 1397 1395 3785
6922 2 2 5 1 2221 2460 4008
6923 2 2 5 1 1059 1037 1060
6924 2 2 5 1 2748 3555 3674
6925 2 2 5 1 2280 1766 2422
6926 2 2 5 1 1575 2670 3688
6927 2 2 5 1 2275 2276 2277
6928 2 2 5 1 1358 1357 1478
6929 2 2 5 1 2173 3742 4226
6930 2 2 5 1 435 438 439
6931 2 2 5 1 362 3787 4004
6932 2 2 5 1 2908 2090 3933
6933 2 2 5 1 2435 3549 3760
6934 2 2 5 1 910 921 922
6935 2 2 5 1 2625 2627 3934
6936 2 2 5 1 2252 2251 2253
6937 2 2 5 1 1089 3537 4010
6938 2 2 5 1 2273 2219 3764
6939 2 2 5 1 2522 2624 4153
6940 2 2 5 1 1285 1282 3481
6941 2 2 5 1 452 448 3676
6942 2 2 5 1 1982 1981 2456
6943 2 2 5 1 1080 1617 1618
6944 2 2 5 1 1887 1187 1888
6945 2 2 5 1 372 2831 4105
6946 2 2 5 1 1862 1860 1863
6947 2 2 5 1 986 497 1950
6948 2 2 5 1 2453 3834 4029
6949 2 2 5 1 3858 2923 4045
6950 2 2 5 1 3726 2183 3828
6951 2 2 5 1 3605 321 4007
6952 2 2 5 1 2349 3807 4125
6953 2 2 5 1 3462 3060 4165
6954 2 2 5 1 842 844 845
6955 2 2 5 1 1588 2882 3894
6956 2 2 5 1 519 518 3454
6957 2 2 5 1 1267 1266 1268
6958 2 2 5 1 2277 2640 3475
6959 2 2 5 1 3670 2257 3889
6960 2 2 5 1 3582 399 4281
6961 2 2 5 1 3544 2364 3728
6962 2 2 5 1 2446 2396 3772
6963 2 2 5 1 495 497 985
6964 2 2 5 1 3870 408 4080
6965 2 2 5 1 3859 2209 4068
6966 2 2 5 1 2152 3579 3871
6967 2 2 5 1 2267 2199 3775
6968 2 2 5 1 2530 2912 4216
6969 2 2 5 1 2896 873 3780
6970 2 2 5 1 392 3644 3982
6971 2 2 5 1 494 3693 4051
6972 2 2 5 1 1446 1447 1455
6973 2 2 5 1 3395 976 3708
6974 2 2 5 1 424 422 1054
6975 2 2 5 1 3293 328 3784
6976 2 2 5 1 439 440 441
6977 2 2 5 1 1049 1048 1069
6978 2 2 5 1 1766 1060 1767
6979 2 2 5 1 3295 325 3832
6980 2 2 5 1 1238 1242 1491
6981 2 2 5 1 1866 1575 3688
6982 2 2 5 1 2369 1879 3677
6983 2 2 5 1 2136 2793 3738
6984 2 2 5 1 543 541 544
6985 2 2 5 1 2586 2587 2610
6986 2 2 5 1 80 81 3782
6987 2 2 5 1 440 438 455
6988 2 2 5 1 3512 2273 3764
6989 2 2 5 1 1579 1578 1999
6990 2 2 5 1 3893 3809 4254
6991 2 2 5 1 59 3654 3952
6992 2 2 5 1 3050 2265 3784
6993 2 2 5 1 817 818 996
6994 2 2 5 1 2805 2459 4218
6995 2 2 5 1 1261 1260 3732
6996 2 2 5 1 329 127 3786
6997 2 2 5 1 1059 1766 2280
6998 2 2 5 1 2454 2830 4174
6999 2 2 5 1 1404 3450 4227
7000 2 2 5 1 3703 3048 4241
7001 2 2 5 1 1619 1621 1895
7002 2 2 5 1 1444 1441 3643
7003 2 2 5 1 3455 3388 3456
7004 2 2 5 1 1558 1559 1878
7005 2 2 5 1 1826 3652 3750
7006 2 2 5 1 447 2734 3779
7007 2 2 5 1 3790 2390 4026
7008 2 2 5 1 2698 2217 3790
7009 2 2 5 1 1864 1863 1865
7010 2 2 5 1 2397 3642 3788
7011 2 2 5 1 2122 3558 3559
7012 2 2 5 1 3351 898 4034
7013 2 2 5 1 2093 2839 4195
7014 2 2 5 1 2255 2822 3947
7015 2 2 5 1 1380 1377 3727
7016 2 2 5 1 3407 2212 3791
7017 2 2 5 1 2691 1967 3705
7018 2 2 5 1 1814 2608 3774
7019 2 2 5 1 3433 2378 3976
7020 2 2 5 1 1275 3546 4079
7021 2 2 5 1 355 179 3795
7022 2 2 5 1 1269 1268 1281
7023 2 2 5 1 1845 2101 2262
7024 2 2 5 1 2384 2383 2385
7025 2 2 5 1 3750 2445 3855
7026 2 2 5 1 1366 1365 1392
7027 2 2 5 1 3869 1950 4187
7028 2 2 5 1 2843 2170 4142
7029 2 2 5 1 409 2454 3637
7030 2 2 5 1 1867 1869 2373
7031 2 2 5 1 2498 3320 3799
7032 2 2 5 1 985 986 987
7033 2 2 5 1 1560 1472 1561
7034 2 2 5 1 1606 1605 1890
7035 2 2 5 1 2189 2188 3534
7036 2 2 5 1 799 801 3834
7037 2 2 5 1 474 473 476
7038 2 2 5 1 3099 2208 3802
7039 2 2 5 1 2390 2339 3803
7040 2 2 5 1 2248 875 3601
7041 2 2 5 1 1657 1982 2326
7042 2 2 5 1 1290 1288 1315
7043 2 2 5 1 2116 2203 2650
7044 2 2 5 1 2813 1228 3712
7045 2 2 5 1 1633 1698 2322
7046 2 2 5 1 3656 1952 3657
7047 2 2 5 1 2267 3775 3842
7048 2 2 5 1 3201 2241 3806
7049 2 2 5 1 458 455 932
7050 2 2 5 1 3640 3137 3931
7051 2 2 5 1 2459 4114 4218
7052 2 2 5 1 1997 1583 2382
7053 2 2 5 1 2354 3572 3573
7054 2 2 5 1 2537 2678 4200
7055 2 2 5 1 1070 1069 1747
7056 2 2 5 1 4160 1753 4269
7057 2 2 5 1 1590 2210 2211
7058 2 2 5 1 2373 2905 4245
7059 2 2 5 1 484 481 486
7060 2 2 5 1 844 847 3634
7061 2 2 5 1 1491 1492 1656
7062 2 2 5 1 3680 3538 3932
7063 2 2 5 1 1411 2353 4065
7064 2 2 5 1 3300 389 3829
7065 2 2 5 1 1301 1299 1510
7066 2 2 5 1 2414 3391 3820
7067 2 2 5 1 3570 1832 3875
7068 2 2 5 1 3706 2756 4230
7069 2 2 5 1 3323 2328 3845
7070 2 2 5 1 1487 1233 1526
7071 2 2 5 1 1413 1401 1458
7072 2 2 5 1 1878 1879 2224
7073 2 2 5 1 1850 1905 2190
7074 2 2 5 1 987 988 1006
7075 2 2 5 1 2238 2237 3822
7076 2 2 5 1 3735 2497 4069
7077 2 2 5 1 549 546 1062
7078 2 2 5 1 2386 2385 2387
7079 2 2 5 1 1224 551 1225
7080 2 2 5 1 3889 2588 4067
7081 2 2 5 1 1531 1533 1545
7082 2 2 5 1 1044 1005 3604
7083 2 2 5 1 3061 3826 4165
7084 2 2 5 1 1250 1259 4236
7085 2 2 5 1 23 24 3825
7086 2 2 5 1 3086 2495 3826
7087 2 2 5 1 1338 1325 1408
7088 2 2 5 1 2437 3716 4042
7089 2 2 5 1 2538 2539 3641
7090 2 2 5 1 3332 969 3915
7091 2 2 5 1 1282 1281 1324
7092 2 2 5 1 820 825 3759
7093 2 2 5 1 1861 2132 2133
7094 2 2 5 1 2183 3184 3828
7095 2 2 5 1 933 932 1050
7096 2 2 5 1 2116 1829 2203
7097 2 2 5 1 2211 2485 2486
7098 2 2 5 1 2231 1392 2233
7099 2 2 5 1 2155 1844 3905
7100 2 2 5 1 2503 3633 3915
7101 2 2 5 1 1455 1456 1535
7102 2 2 5 1 2898 373 3695
7103 2 2 5 1 1925 1865 2436
7104 2 2 5 1 1681 2346 2484
7105 2 2 5 1 3693 4005 4051
7106 2 2 5 1 2340 2243 4004
7107 2 2 5 1 971 3718 4076
7108 2 2 5 1 2988 3950 4054
7109 2 2 5 1 2422 1766 3748
7110 2 2 5 1 1656 1657 3557
7111 2 2 5 1 1006 1832 3569
7112 2 2 5 1 399 3612 4281
7113 2 2 5 1 910 922 3736
7114 2 2 5 1 1239 1238 3757
7115 2 2 5 1 3707 2414 3820
7116 2 2 5 1 1581 1066 1898
7117 2 2 5 1 3565 1939 4180
7118 2 2 5 1 2604 2601 3832
7119 2 2 5 1 3780 2258 3984
7120 2 2 5 1 3620 1405 3798
7121 2 2 5 1 3203 2574 4055
7122 2 2 5 1 2967 353 3833
7123 2 2 5 1 1006 1036 1832
7124 2 2 5 1 429 426 430
7125 2 2 5 1 3137 2367 3931
7126 2 2 5 1 1459 1458 1463
7127 2 2 5 1 2550 3161 3736
7128 2 2 5 1 3839 3838 3840
7129 2 2 5 1 2388 2387 2389
7130 2 2 5 1 2357 2359 3935
7131 2 2 5 1 1535 1536 1922
7132 2 2 5 1 433 435 3835
7133 2 2 5 1 976 991 1014
7134 2 2 5 1 3907 2513 4183
7135 2 2 5 1 2878 1259 2879
7136 2 2 5 1 1599 1526 2186
7137 2 2 5 1 2781 483 3897
7138 2 2 5 1 1545 1810 1929
7139 2 2 5 1 2269 2267 3842
7140 2 2 5 1 373 2948 4134
7141 2 2 5 1 1639 2271 3687
7142 2 2 5 1 3507 1877 4139
7143 2 2 5 1 1729 1731 3844
7144 2 2 5 1 1420 1408 1542
7145 2 2 5 1 2408 1953 2441
7146 2 2 5 1 3803 3463 4166
7147 2 2 5 1 1466 1463 1467
7148 2 2 5 1 1226 1225 1227
7149 2 2 5 1 1382 1380 2407
7150 2 2 5 1 335 171 3848
7151 2 2 5 1 1634 1564 1845
7152 2 2 5 1 1386 1384 1522
7153 2 2 5 1 2133 2134 2135
7154 2 2 5 1 88 89 3850
7155 2 2 5 1 940 2248 2249
7156 2 2 5 1 169 170 3853
7157 2 2 5 1 1231 1229 2415
7158 2 2 5 1 1347 1416 1479
7159 2 2 5 1 3696 2207 3942
7160 2 2 5 1 1766 1767 3748
7161 2 2 5 1 2337 3809 3893
7162 2 2 5 1 1322 1315 1896
7163 2 2 5 1 1616 2510 4183
7164 2 2 5 1 2445 2446 3855
7165 2 2 5 1 3817 3456 4095
7166 2 2 5 1 529 3550 4001
7167 2 2 5 1 2916 2244 3858
7168 2 2 5 1 2481 1969 4251
7169 2 2 5 1 2187 2186 3723
7170 2 2 5 1 1013 1017 1071
7171 2 2 5 1 2079 2080 3857
7172 2 2 5 1 3656 3657 4012
7173 2 2 5 1 411 409 3637
7174 2 2 5 1 1468 1467 1469
7175 2 2 5 1 1814 1816 2608
7176 2 2 5 1 1543 1542 2152
7177 2 2 5 1 1561 1597 1598
7178 2 2 5 1 1534 1575 1580
7179 2 2 5 1 324 3640 3931
7180 2 2 5 1 3709 2178 3997
7181 2 2 5 1 433 431 434
7182 2 2 5 1 3651 2579 3801
7183 2 2 5 1 3860 2229 3949
7184 2 2 5 1 1057 1887 4194
7185 2 2 5 1 148 3714 4000
7186 2 2 5 1 3549 1083 3760
7187 2 2 5 1 1029 2911 3941
7188 2 2 5 1 1618 1619 3580
7189 2 2 5 1 1895 2428 2468
7190 2 2 5 1 1598 2167 2225
7191 2 2 5 1 2196 2497 3735
7192 2 2 5 1 2260 2220 3924
7193 2 2 5 1 3824 2186 4164
7194 2 2 5 1 2610 516 4058
7195 2 2 5 1 1071 1072 1642
7196 2 2 5 1 3106 2857 4025
7197 2 2 5 1 2498 3799 4244
7198 2 2 5 1 2905 1810 3880
7199 2 2 5 1 2851 3351 4034
7200 2 2 5 1 1546 1469 1547
7201 2 2 5 1 512 515 1002
7202 2 2 5 1 2153 2152 2831
7203 2 2 5 1 1071 1642 1687
7204 2 2 5 1 1228 1227 1229
7205 2 2 5 1 4039 2165 4191
7206 2 2 5 1 3128 2787 4246
7207 2 2 5 1 1347 1479 3636
7208 2 2 5 1 1895 1963 2428
7209 2 2 5 1 3933 2090 4084
7210 2 2 5 1 1419 1414 1493
7211 2 2 5 1 1598 2166 2167
7212 2 2 5 1 1479 1480 1497
7213 2 2 5 1 1066 1062 3754
7214 2 2 5 1 1383 1382 1384
7215 2 2 5 1 1655 1654 2088
7216 2 2 5 1 436 433 3835
7217 2 2 5 1 1560 1561 1930
7218 2 2 5 1 944 943 1015
7219 2 2 5 1 1420 3648 3877
7220 2 2 5 1 2847 1251 3955
7221 2 2 5 1 2269 3842 3896
7222 2 2 5 1 825 872 2376
7223 2 2 5 1 1341 1339 1494
7224 2 2 5 1 2735 2726 3916
7225 2 2 5 1 453 451 454
7226 2 2 5 1 2971 3509 3878
7227 2 2 5 1 2213 2214 2702
7228 2 2 5 1 2731 1428 4265
7229 2 2 5 1 1350 1404 4227
7230 2 2 5 1 2348 2350 2489
7231 2 2 5 1 448 449 450
7232 2 2 5 1 3827 2560 4279
7233 2 2 5 1 3692 2694 4017
7234 2 2 5 1 3516 2826 4081
7235 2 2 5 1 2133 2135 2136
7236 2 2 5 1 1642 1872 1877
7237 2 2 5 1 3608 410 4138
7238 2 2 5 1 2106 2425 3675
7239 2 2 5 1 2116 2650 3621
7240 2 2 5 1 2586 2125 2587
7241 2 2 5 1 937 1894 3737
7242 2 2 5 1 1497 1515 1572
7243 2 2 5 1 502 496 3539
7244 2 2 5 1 3110 1638 3878
7245 2 2 5 1 3295 3832 3987
7246 2 2 5 1 3828 3184 3926
7247 2 2 5 1 1316 1315 1322
7248 2 2 5 1 495 490 497
7249 2 2 5 1 1459 3656 3876
7250 2 2 5 1 229 228 3847
7251 2 2 5 1 1002 1003 1004
7252 2 2 5 1 1684 2318 3884
7253 2 2 5 1 1818 1820 1948
7254 2 2 5 1 2383 2189 3534
7255 2 2 5 1 1238 1236 1242
7256 2 2 5 1 1615 2702 4263
7257 2 2 5 1 1369 1394 3655
7258 2 2 5 1 1286 2818 3867
7259 2 2 5 1 1385 1384 1386
7260 2 2 5 1 1230 1229 1231
7261 2 2 5 1 1042 1015 1645
7262 2 2 5 1 1907 3820 3923
7263 2 2 5 1 2233 1392 2234
7264 2 2 5 1 838 841 3527
7265 2 2 5 1 811 813 1067
7266 2 2 5 1 507 503 2836
7267 2 2 5 1 3545 2511 4088
7268 2 2 5 1 4048 1523 4256
7269 2 2 5 1 1225 551 2099
7270 2 2 5 1 2428 2553 3577
7271 2 2 5 1 1004 1005 1043
7272 2 2 5 1 2836 502 3627
7273 2 2 5 1 2228 2230 3585
7274 2 2 5 1 3730 2760 3990
7275 2 2 5 1 2785 2749 4226
7276 2 2 5 1 1065 1062 1066
7277 2 2 5 1 1654 1645 2122
7278 2 2 5 1 3588 3989 4150
7279 2 2 5 1 781 779 3887
7280 2 2 5 1 450 451 453
7281 2 2 5 1 1943 1923 3888
7282 2 2 5 1 1767 1770 3748
7283 2 2 5 1 2095 2096 2534
7284 2 2 5 1 3677 1559 3823
7285 2 2 5 1 2645 2560 3827
7286 2 2 5 1 2732 2727 4223
7287 2 2 5 1 2773 3490 4222
7288 2 2 5 1 1515 1516 1681
7289 2 2 5 1 1558 1481 1559
7290 2 2 5 1 2257 2256 3889
7291 2 2 5 1 3824 2278 4253
7292 2 2 5 1 2239 3230 3892
7293 2 2 5 1 922 928 1012
7294 2 2 5 1 1043 1044 1678
7295 2 2 5 1 1747 1069 1871
7296 2 2 5 1 476 473 2672
7297 2 2 5 1 1954 1953 2408
7298 2 2 5 1 1387 1386 1388
7299 2 2 5 1 1014 991 1016
7300 2 2 5 1 443 441 1089
7301 2 2 5 1 1323 1322 1325
7302 2 2 5 1 2895 2896 4128
7303 2 2 5 1 1281 1268 1283
7304 2 2 5 1 817 996 1055
7305 2 2 5 1 2417 2902 4087
7306 2 2 5 1 343 3764 4025
7307 2 2 5 1 1633 2322 2323
7308 2 2 5 1 1865 1863 2487
7309 2 2 5 1 1845 2262 2391
7310 2 2 5 1 1606 1890 1891
7311 2 2 5 1 1531 1532 1533
7312 2 2 5 1 1678 1680 2235
7313 2 2 5 1 1266 1261 3732
7314 2 2 5 1 2353 1245 3757
7315 2 2 5 1 3534 2188 3535
7316 2 2 5 1 3394 2320 4161
7317 2 2 5 1 1822 1824 1851
7318 2 2 5 1 1012 1013 1614
7319 2 2 5 1 1232 1231 1233
7320 2 2 5 1 1577 1066 1581
7321 2 2 5 1 2154 2153 2170
7322 2 2 5 1 2555 3704 3933
7323 2 2 5 1 1404 1348 3636
7324 2 2 5 1 3836 2687 4212
7325 2 2 5 1 1688 1051 3702
7326 2 2 5 1 2356 2269 3896
7327 2 2 5 1 2136 2546 2793
7328 2 2 5 1 882 943 944
7329 2 2 5 1 1052 452 3676
7330 2 2 5 1 518 513 3651
7331 2 2 5 1 522 519 3454
7332 2 2 5 1 1389 1388 1401
7333 2 2 5 1 1358 1478 3680
7334 2 2 5 1 2167 2166 3540
7335 2 2 5 1 2397 3788 4154
7336 2 2 5 1 1546 1954 3783
7337 2 2 5 1 301 300 3870
7338 2 2 5 1 3957 2272 4195
7339 2 2 5 1 3883 3507 4139
7340 2 2 5 1 205 367 4135
7341 2 2 5 1 2694 2693 4017
7342 2 2 5 1 1468 1546 3783
7343 2 2 5 1 1681 2196 2346
7344 2 2 5 1 1478 1357 1870
7345 2 2 5 1 2380 2905 3721
7346 2 2 5 1 1411 1245 2353
7347 2 2 5 1 3364 2116 3621
7348 2 2 5 1 2253 2251 2254
7349 2 2 5 1 1861 3739 4032
7350 2 2 5 1 512 1002 3651
7351 2 2 5 1 1347 1345 1416
7352 2 2 5 1 1812 1811 3900
7353 2 2 5 1 3700 1753 4160
7354 2 2 5 1 528 525 530
7355 2 2 5 1 3849 1256 3965
7356 2 2 5 1 474 476 3479
7357 2 2 5 1 1326 1325 1338
7358 2 2 5 1 1614 3860 3949
7359 2 2 5 1 13 14 3787
7360 2 2 5 1 874 3752 3985
7361 2 2 5 1 1587 1589 1697
7362 2 2 5 1 1582 1581 1583
7363 2 2 5 1 2430 3578 4015
7364 2 2 5 1 1805 3183 3902
7365 2 2 5 1 3604 1005 3813
7366 2 2 5 1 1260 1257 1841
7367 2 2 5 1 448 445 449
7368 2 2 5 1 1536 1537 1590
7369 2 2 5 1 512 509 515
7370 2 2 5 1 1402 1401 1413
7371 2 2 5 1 1260 1841 1854
7372 2 2 5 1 4130 2351 4223
7373 2 2 5 1 1229 1227 3768
7374 2 2 5 1 1254 1252 3866
7375 2 2 5 1 204 205 4135
7376 2 2 5 1 1580 1866 1867
7377 2 2 5 1 1234 1233 1487
7378 2 2 5 1 2423 2618 4086
7379 2 2 5 1 2878 2879 3589
7380 2 2 5 1 2225 3645 3927
7381 2 2 5 1 2095 1572 2096
7382 2 2 5 1 2327 2362 3868
7383 2 2 5 1 2875 494 4051
7384 2 2 5 1 2376 2538 2646
7385 2 2 5 1 3464 361 3826
7386 2 2 5 1 1646 1016 1682
7387 2 2 5 1 3567 2175 3829
7388 2 2 5 1 1590 1839 2210
7389 2 2 5 1 2275 2274 2276
7390 2 2 5 1 1697 1589 2243
7391 2 2 5 1 996 818 3759
7392 2 2 5 1 3723 2186 3824
7393 2 2 5 1 1067 813 2465
7394 2 2 5 1 1639 1583 1997
7395 2 2 5 1 3293 3784 4031
7396 2 2 5 1 2372 1682 2437
7397 2 2 5 1 3745 486 3746
7398 2 2 5 1 2144 3706 4230
7399 2 2 5 1 2368 2369 3608
7400 2 2 5 1 435 434 438
7401 2 2 5 1 1967 1624 3705
7402 2 2 5 1 1036 1037 1059
7403 2 2 5 1 1854 1855 1856
7404 2 2 5 1 2534 2096 3626
7405 2 2 5 1 2278 1871 2334
7406 2 2 5 1 528 530 552
7407 2 2 5 1 1867 1868 1869
7408 2 2 5 1 1282 1324 3481
7409 2 2 5 1 1856 1857 1858
7410 2 2 5 1 1017 3817 4095
7411 2 2 5 1 2484 3936 4250
7412 2 2 5 1 2342 1936 3914
7413 2 2 5 1 3611 2817 3763
7414 2 2 5 1 1657 1981 1982
7415 2 2 5 1 1858 1859 1860
7416 2 2 5 1 3748 2891 3940
7417 2 2 5 1 1460 3749 3971
7418 2 2 5 1 2253 2254 2566
7419 2 2 5 1 1891 2227 2228
7420 2 2 5 1 1478 1870 2162
7421 2 2 5 1 3784 2265 4031
7422 2 2 5 1 1055 1056 1057
7423 2 2 5 1 3101 2360 3919
7424 2 2 5 1 2228 2229 2230
7425 2 2 5 1 2727 4130 4223
7426 2 2 5 1 1375 1500 3727
7427 2 2 5 1 1057 1068 1187
7428 2 2 5 1 1354 1352 3862
7429 2 2 5 1 552 937 938
7430 2 2 5 1 3832 2601 3987
7431 2 2 5 1 3625 1655 4283
7432 2 2 5 1 922 921 928
7433 2 2 5 1 1576 1578 1579
7434 2 2 5 1 3342 2336 4070
7435 2 2 5 1 938 1047 1048
7436 2 2 5 1 1059 1060 1766
7437 2 2 5 1 2356 3896 3937
7438 2 2 5 1 3983 1273 4252
7439 2 2 5 1 2971 3878 4075
7440 2 2 5 1 439 438 440
7441 2 2 5 1 2277 2276 2640
7442 2 2 5 1 467 1052 3689
7443 2 2 5 1 1657 2326 3557
7444 2 2 5 1 2717 2263 3982
7445 2 2 5 1 2249 2248 2909
7446 2 2 5 1 1453 1330 3939
7447 2 2 5 1 2336 1907 3923
7448 2 2 5 1 1880 3253 3948
7449 2 2 5 1 1999 2660 3659
7450 2 2 5 1 1238 1491 3757
7451 2 2 5 1 3184 2258 3926
7452 2 2 5 1 1055 996 1056
7453 2 2 5 1 2573 2530 4216
7454 2 2 5 1 985 497 986
7455 2 2 5 1 2559 1070 3981
7456 2 2 5 1 2323 2483 3575
7457 2 2 5 1 2162 1870 2163
7458 2 2 5 1 3341 3350 3980
7459 2 2 5 1 1891 1890 2227
7460 2 2 5 1 2566 2254 2567
7461 2 2 5 1 2122 3559 3571
7462 2 2 5 1 2323 2322 2483
7463 2 2 5 1 1067 2465 2466
7464 2 2 5 1 4055 2574 4260
7465 2 2 5 1 382 3806 4047
7466 2 2 5 1 2376 872 2538
7467 2 2 5 1 177 178 3928
7468 2 2 5 1 1491 1242 1492
7469 2 2 5 1 440 455 458
7470 2 2 5 1 552 530 937
7471 2 2 5 1 3652 2445 3750
7472 2 2 5 1 1579 1999 2150
7473 2 2 5 1 1048 1047 1679
7474 2 2 5 1 1747 1871 2278
7475 2 2 5 1 938 937 1047
7476 2 2 5 1 389 3567 3829
7477 2 2 5 1 1455 1447 1456
7478 2 2 5 1 1187 1068 1633
7479 2 2 5 1 1057 1056 1068
7480 2 2 5 1 2230 2229 2517
7481 2 2 5 1 2228 2227 2229
7482 2 2 5 1 1697 2243 2340
7483 2 2 5 1 1878 1559 1879
7484 2 2 5 1 3587 854 3595
7485 2 2 5 1 3465 398 4234
7486 2 2 5 1 1014 1016 1646
7487 2 2 5 1 987 986 988
7488 2 2 5 1 1860 1859 1861
7489 2 2 5 1 2373 1869 2374
7490 2 2 5 1 1556 1558 3883
7491 2 2 5 1 2278 2334 2714
7492 2 2 5 1 3741 2173 4226
7493 2 2 5 1 1854 1841 1855
7494 2 2 5 1 1858 1857 1859
7495 2 2 5 1 470 467 3689
7496 2 2 5 1 415 1011 3693
7497 2 2 5 1 458 932 933
7498 2 2 5 1 1304 1301 3697
7499 2 2 5 1 2738 2737 3929
7500 2 2 5 1 3312 324 3931
7501 2 2 5 1 1856 1855 1857
7502 2 2 5 1 2605 2335 4038
7503 2 2 5 1 992 3487 4094
7504 2 2 5 1 1997 2382 2564
7505 2 2 5 1 1656 1492 1657
7506 2 2 5 1 3330 3329 4267
7507 2 2 5 1 2211 2210 2485
7508 2 2 5 1 2650 2203 2651
7509 2 2 5 1 1646 1682 2372
7510 2 2 5 1 390 3298 4050
7511 2 2 5 1 1241 3433 3976
7512 2 2 5 1 1487 1526 1599
7513 2 2 5 1 2224 1879 2368
7514 2 2 5 1 1006 988 1036
7515 2 2 5 1 1413 1458 1459
7516 2 2 5 1 2336 3442 4070
7517 2 2 5 1 2136 2135 2546
7518 2 2 5 1 933 1050 1051
7519 2 2 5 1 1338 1408 1420
7520 2 2 5 1 1545 1533 1810
7521 2 2 5 1 3730 2413 3922
7522 2 2 5 1 3547 992 4094
7523 2 2 5 1 1535 1456 1536
7524 2 2 5 1 2554 2555 3933
7525 2 2 5 1 3575 2483 3789
7526 2 2 5 1 852 851 3587
7527 2 2 5 1 417 415 3693
7528 2 2 5 1 1459 1463 1466
7529 2 2 5 1 1599 2186 2187
7530 2 2 5 1 2962 3599 4002
7531 2 2 5 1 2225 2167 2444
7532 2 2 5 1 1012 928 1013
7533 2 2 5 1 2407 3617 3946
7534 2 2 5 1 1929 1810 2380
7535 2 2 5 1 1479 1416 1480
7536 2 2 5 1 1420 1542 1543
7537 2 2 5 1 450 449 451
7538 2 2 5 1 2235 1680 2236
7539 2 2 5 1 1466 1467 1468
7540 2 2 5 1 1361 1358 3680
7541 2 2 5 1 944 1015 1042
7542 2 2 5 1 1002 515 1003
7543 2 2 5 1 1678 1044 1680
7544 2 2 5 1 1543 2152 2153
7545 2 2 5 1 1468 1469 1546
7546 2 2 5 1 487 484 3744
7547 2 2 5 1 1043 1005 1044
7548 2 2 5 1 1546 1547 1953
7549 2 2 5 1 1497 1480 1515
7550 2 2 5 1 1004 1003 1005
7551 2 2 5 1 1042 1645 1654
7552 2 2 5 1 1981 1492 4219
7553 2 2 5 1 3822 2237 4050
7554 2 2 5 1 3998 2633 4101
7555 2 2 5 1 3060 3061 4165
7556 2 2 5 1 3931 2367 4107
7557 2 2 5 1 3395 3708 3800
7558 2 2 5 1 4013 3633 4163
7559 2 2 5 1 2832 436 4282
7560 2 2 5 1 448 450 3676
7561 2 2 5 1 2911 3556 3941
7562 2 2 5 1 2358 2356 3937
7563 2 2 5 1 920 3621 3622
7564 2 2 5 1 1455 1535 4099
7565 2 2 5 1 856 859 3595
7566 2 2 5 1 2992 2181 3938
7567 2 2 5 1 475 2744 4266
7568 2 2 5 1 814 817 3872
7569 2 2 5 1 2778 3930 4160
7570 2 2 5 1 3556 2338 3941
7571 2 2 5 1 3745 3746 3747
7572 2 2 5 1 2461 2595 4096
7573 2 2 5 1 3481 1324 3482
7574 2 2 5 1 3676 2472 4249
7575 2 2 5 1 3396 2375 4221
7576 2 2 5 1 865 868 3715
7577 2 2 5 1 2960 334 3942
7578 2 2 5 1 1467 1463 3906
7579 2 2 5 1 4025 2857 4214
7580 2 2 5 1 2648 3838 4083
7581 2 2 5 1 3540 1922 3797
7582 2 2 5 1 1011 411 3637
7583 2 2 5 1 2831 2152 3871
7584 2 2 5 1 1394 1473 3655
7585 2 2 5 1 2381 2255 3947
7586 2 2 5 1 2956 2957 3948
7587 2 2 5 1 1619 1895 3580
7588 2 2 5 1 3644 2717 3982
7589 2 2 5 1 3300 3829 4055
7590 2 2 5 1 841 842 3918
7591 2 2 5 1 2449 2253 3781
7592 2 2 5 1 1279 1276 3983
7593 2 2 5 1 2800 2801 4270
7594 2 2 5 1 2946 3888 4086
7595 2 2 5 1 477 3575 3789
7596 2 2 5 1 1678 2235 3649
7597 2 2 5 1 3498 2710 4192
7598 2 2 5 1 3527 841 3545
7599 2 2 5 1 3325 3671 4097
7600 2 2 5 1 1950 497 3821
7601 2 2 5 1 169 3853 4077
7602 2 2 5 1 3945 434 4100
7603 2 2 5 1 2358 3937 3973
7604 2 2 5 1 2596 2389 3881
7605 2 2 5 1 74 75 3950
7606 2 2 5 1 307 306 3934
7607 2 2 5 1 1655 4017 4283
7608 2 2 5 1 2109 3254 3951
7609 2 2 5 1 1890 2550 3831
7610 2 2 5 1 771 766 3985
7611 2 2 5 1 58 59 3952
7612 2 2 5 1 3942 2207 4145
7613 2 2 5 1 2421 3710 3711
7614 2 2 5 1 2345 1529 3725
7615 2 2 5 1 2839 867 3957
7616 2 2 5 1 2549 3387 3956
7617 2 2 5 1 1031 3524 3899
7618 2 2 5 1 387 3295 3987
7619 2 2 5 1 2568 3837 4157
7620 2 2 5 1 2681 4184 4258
7621 2 2 5 1 1302 2805 4218
7622 2 2 5 1 809 811 3686
7623 2 2 5 1 1898 1066 3754
7624 2 2 5 1 1925 2436 3871
7625 2 2 5 1 745 2782 4015
7626 2 2 5 1 3742 2785 4226
7627 2 2 5 1 1844 3619 3905
7628 2 2 5 1 813 814 3872
7629 2 2 5 1 3467 394 3970
7630 2 2 5 1 1451 4030 4137
7631 2 2 5 1 3878 1638 4075
7632 2 2 5 1 849 852 3610
7633 2 2 5 1 3710 2150 3711
7634 2 2 5 1 1829 1830 3804
7635 2 2 5 1 3034 392 3982
7636 2 2 5 1 2073 3988 4082
7637 2 2 5 1 53 54 3960
7638 2 2 5 1 2365 2366 3962
7639 2 2 5 1 2413 2412 3966
7640 2 2 5 1 71 72 3967
7641 2 2 5 1 4107 3237 4275
7642 2 2 5 1 861 863 3909
7643 2 2 5 1 2637 2638 3970
7644 2 2 5 1 4042 489 4119
7645 2 2 5 1 3579 1925 3871
7646 2 2 5 1 3400 2345 4079
7647 2 2 5 1 3778 2388 4129
7648 2 2 5 1 2488 2358 3973
7649 2 2 5 1 2194 2700 3974
7650 2 2 5 1 2200 2473 3975
7651 2 2 5 1 455 438 3945
7652 2 2 5 1 2856 378 4214
7653 2 2 5 1 3615 2234 3972
7654 2 2 5 1 1868 3416 3710
7655 2 2 5 1 969 2888 4037
7656 2 2 5 1 2191 2694 3692
7657 2 2 5 1 3952 2440 4156
7658 2 2 5 1 1059 2280 3875
7659 2 2 5 1 2586 2610 4059
7660 2 2 5 1 3966 2412 3988
7661 2 2 5 1 3415 2559 4235
7662 2 2 5 1 3970 394 4255
7663 2 2 5 1 1458 1401 3756
7664 2 2 5 1 422 419 3740
7665 2 2 5 1 1755 1757 3984
7666 2 2 5 1 1412 2783 4041
7667 2 2 5 1 3067 2966 3986
7668 2 2 5 1 2090 1553 4084
7669 2 2 5 1 1438 1439 3632
7670 2 2 5 1 4028 2259 4046
7671 2 2 5 1 2601 2600 3987
7672 2 2 5 1 541 539 3743
7673 2 2 5 1 1754 2690 3906
7674 2 2 5 1 3811 2389 4277
7675 2 2 5 1 3456 3388 3622
7676 2 2 5 1 2412 2633 3988
7677 2 2 5 1 2873 2895 4128
7678 2 2 5 1 3649 2235 3650
7679 2 2 5 1 2163 3572 3894
7680 2 2 5 1 384 4107 4275
7681 2 2 5 1 2407 1380 3727
7682 2 2 5 1 1259 1248 4064
7683 2 2 5 1 451 2478 3762
7684 2 2 5 1 1050 1211 3702
7685 2 2 5 1 532 529 4001
7686 2 2 5 1 1978 2413 3990
7687 2 2 5 1 2660 2352 4148
7688 2 2 5 1 1674 2975 3991
7689 2 2 5 1 390 4050 4248
7690 2 2 5 1 2429 1685 3992
7691 2 2 5 1 1956 1955 3994
7692 2 2 5 1 2415 1229 3768
7693 2 2 5 1 881 3851 4011
7694 2 2 5 1 3458 2145 4018
7695 2 2 5 1 2544 3566 4284
7696 2 2 5 1 3313 3030 3996
7697 2 2 5 1 2178 3190 3997
7698 2 2 5 1 1645 1015 3836
7699 2 2 5 1 2554 3933 4084
7700 2 2 5 1 1230 1232 4175
7701 2 2 5 1 1451 1436 3998
7702 2 2 5 1 2682 2686 4239
7703 2 2 5 1 1825 1853 3999
7704 2 2 5 1 147 148 4000
7705 2 2 5 1 3552 2386 3778
7706 2 2 5 1 1003 1912 3813
7707 2 2 5 1 1898 3754 3755
7708 2 2 5 1 2346 2196 3735
7709 2 2 5 1 1590 2211 3873
7710 2 2 5 1 1288 1285 3761
7711 2 2 5 1 3989 2321 4150
7712 2 2 5 1 2382 1583 3898
7713 2 2 5 1 177 3928 4112
7714 2 2 5 1 481 478 3765
7715 2 2 5 1 3599 3083 4002
7716 2 2 5 1 3578 745 4015
7717 2 2 5 1 3279 2240 4203
7718 2 2 5 1 3312 3931 4107
7719 2 2 5 1 3788 4019 4154
7720 2 2 5 1 2278 2714 4253
7721 2 2 5 1 2752 405 4021
7722 2 2 5 1 1759 2272 4006
7723 2 2 5 1 931 809 3686
7724 2 2 5 1 2572 3299 4260
7725 2 2 5 1 502 3539 3627
7726 2 2 5 1 1867 2373 4245
7727 2 2 5 1 3484 881 4011
7728 2 2 5 1 2491 2494 4007
7729 2 2 5 1 1643 3411 4157
7730 2 2 5 1 2331 1720 4009
7731 2 2 5 1 847 3610 3634
7732 2 2 5 1 845 844 3634
7733 2 2 5 1 3562 1889 3943
7734 2 2 5 1 387 3987 4102
7735 2 2 5 1 3671 1465 4097
7736 2 2 5 1 1034 1080 3963
7737 2 2 5 1 546 543 3766
7738 2 2 5 1 1491 1656 3863
7739 2 2 5 1 3904 1896 4023
7740 2 2 5 1 419 494 3740
7741 2 2 5 1 1260 1854 3732
7742 2 2 5 1 3595 859 3682
7743 2 2 5 1 2515 3588 4150
7744 2 2 5 1 852 3587 3588
7745 2 2 5 1 1299 1297 3771
7746 2 2 5 1 2150 3659 4178
7747 2 2 5 1 2441 1953 3734
7748 2 2 5 1 1447 1444 3643
7749 2 2 5 1 2365 3962 4056
7750 2 2 5 1 4116 3396 4221
7751 2 2 5 1 1360 3827 4279
7752 2 2 5 1 1441 3632 3643
7753 2 2 5 1 3804 2259 3805
7754 2 2 5 1 1526 1233 3903
7755 2 2 5 1 3471 1517 4019
7756 2 2 5 1 2681 2811 4184
7757 2 2 5 1 1992 1994 4020
7758 2 2 5 1 112 3609 4111
7759 2 2 5 1 3412 475 4266
7760 2 2 5 1 825 2376 3759
7761 2 2 5 1 3316 939 4267
7762 2 2 5 1 2958 343 4025
7763 2 2 5 1 473 470 3689
7764 2 2 5 1 1365 1361 3680
7765 2 2 5 1 3456 2652 4095
7766 2 2 5 1 386 3293 4031
7767 2 2 5 1 4091 2341 4176
7768 2 2 5 1 2892 326 4241
7769 2 2 5 1 1311 1306 3953
7770 2 2 5 1 3376 3552 3778
7771 2 2 5 1 2490 4007 4209
7772 2 2 5 1 1945 1781 4205
7773 2 2 5 1 1357 1354 3862
7774 2 2 5 1 931 3686 3758
7775 2 2 5 1 976 1014 3708
7776 2 2 5 1 1408 1325 3904
7777 2 2 5 1 817 1055 3872
7778 2 2 5 1 3402 2636 4030
7779 2 2 5 1 3673 3225 4054
7780 2 2 5 1 348 203 3874
7781 2 2 5 1 2656 3859 3912
7782 2 2 5 1 2265 2629 4031
7783 2 2 5 1 494 417 3693
7784 2 2 5 1 1015 2223 3836
7785 2 2 5 1 2565 3883 4139
7786 2 2 5 1 413 3608 3769
7787 2 2 5 1 2690 2233 4146
7788 2 2 5 1 1681 2484 3865
7789 2 2 5 1 2496 2989 4035
7790 2 2 5 1 3838 2471 3840
7791 2 2 5 1 2970 2971 4075
7792 2 2 5 1 939 773 4036
7793 2 2 5 1 3619 2379 3905
7794 2 2 5 1 3434 1460 3971
7795 2 2 5 1 2814 2279 4217
7796 2 2 5 1 1839 2348 3794
7797 2 2 5 1 2274 2106 3675
7798 2 2 5 1 868 882 3767
7799 2 2 5 1 1401 1388 3756
7800 2 2 5 1 1749 1763 4039
7801 2 2 5 1 3571 2833 3861
7802 2 2 5 1 3649 3650 3886
7803 2 2 5 1 2559 3768 3913
7804 2 2 5 1 776 780 4040
7805 2 2 5 1 2574 2572 4260
7806 2 2 5 1 1236 1234 3814
7807 2 2 5 1 3538 2234 3932
7808 2 2 5 1 1343 1341 3808
7809 2 2 5 1 1895 2468 3580
7810 2 2 5 1 1830 2259 3804
7811 2 2 5 1 1257 1254 3866
7812 2 2 5 1 3987 2600 4102
7813 2 2 5 1 2616 3570 3959
7814 2 2 5 1 2350 2523 3815
7815 2 2 5 1 181 319 4045
7816 2 2 5 1 1547 1585 3734
7817 2 2 5 1 4084 1553 4272
7818 2 2 5 1 1816 1818 3818
7819 2 2 5 1 898 3324 4034
7820 2 2 5 1 2373 2374 3722
7821 2 2 5 1 490 487 3821
7822 2 2 5 1 3632 1439 3807
7823 2 2 5 1 2120 3458 3977
7824 2 2 5 1 334 3696 3942
7825 2 2 5 1 539 2665 3743
7826 2 2 5 1 1481 1419 3823
7827 2 2 5 1 152 382 4047
7828 2 2 5 1 2367 3237 4107
7829 2 2 5 1 478 3479 3765
7830 2 2 5 1 2372 3558 4212
7831 2 2 5 1 2400 2402 4049
7832 2 2 5 1 2547 3557 3864
7833 2 2 5 1 2237 2614 4050
7834 2 2 5 1 3461 2213 4158
7835 2 2 5 1 397 3790 4026
7836 2 2 5 1 1531 1545 3725
7837 2 2 5 1 2637 3970 4255
7838 2 2 5 1 2449 3781 4016
7839 2 2 5 1 3548 2155 4169
7840 2 2 5 1 2727 404 4130
7841 2 2 5 1 3350 1931 3980
7842 2 2 5 1 2150 1999 3659
7843 2 2 5 1 1285 3481 3761
7844 2 2 5 1 319 3858 4045
7845 2 2 5 1 4093 2481 4251
7846 2 2 5 1 2390 3803 4166
7847 2 2 5 1 117 118 4053
7848 2 2 5 1 331 3300 4055
7849 2 2 5 1 2978 380 4074
7850 2 2 5 1 2887 2481 4093
7851 2 2 5 1 2857 2856 4214
7852 2 2 5 1 1565 3394 4161
7853 2 2 5 1 3067 3986 4188
7854 2 2 5 1 489 3559 4119
7855 2 2 5 1 3252 2533 4060
7856 2 2 5 1 1243 3396 4073
7857 2 2 5 1 3482 1324 3859
7858 2 2 5 1 1047 937 3737
7859 2 2 5 1 1896 1315 3761
7860 2 2 5 1 339 87 4066
7861 2 2 5 1 1314 1304 3697
7862 2 2 5 1 173 376 4067
7863 2 2 5 1 3996 3030 4197
7864 2 2 5 1 1762 2577 3885
7865 2 2 5 1 1820 1822 3830
7866 2 2 5 1 3997 3190 4202
7867 2 2 5 1 3754 1062 3766
7868 2 2 5 1 3746 486 3765
7869 2 2 5 1 1405 3620 3911
7870 2 2 5 1 863 925 3909
7871 2 2 5 1 3805 1602 4179
7872 2 2 5 1 3432 2365 4056
7873 2 2 5 1 3687 2271 4116
7874 2 2 5 1 4014 1644 4099
7875 2 2 5 1 1522 1384 3946
7876 2 2 5 1 3711 2150 4178
7877 2 2 5 1 1435 3359 4082
7878 2 2 5 1 374 3673 4054
7879 2 2 5 1 404 4127 4130
7880 2 2 5 1 1463 1754 3906
7881 2 2 5 1 2155 3443 4169
7882 2 2 5 1 3826 361 4165
7883 2 2 5 1 2880 1599 3854
7884 2 2 5 1 2442 2371 4074
7885 2 2 5 1 2210 1839 3794
7886 2 2 5 1 1638 3133 4075
7887 2 2 5 1 3915 969 4037
7888 2 2 5 1 168 169 4077
7889 2 2 5 1 1529 1531 3725
7890 2 2 5 1 1234 1487 3814
7891 2 2 5 1 3305 387 4102
7892 2 2 5 1 925 865 3715
7893 2 2 5 1 401 198 4121
7894 2 2 5 1 399 95 4122
7895 2 2 5 1 9 3283 4120
7896 2 2 5 1 925 3715 3810
7897 2 2 5 1 2398 2715 4080
7898 2 2 5 1 1769 1768 4208
7899 2 2 5 1 2181 3630 3938
7900 2 2 5 1 3551 1283 4057
7901 2 2 5 1 2813 3712 4143
7902 2 2 5 1 386 4031 4210
7903 2 2 5 1 4175 1235 4276
7904 2 2 5 1 1439 4089 4125
7905 2 2 5 1 1248 1246 4064
7906 2 2 5 1 2958 4025 4214
7907 2 2 5 1 2642 3461 4158
7908 2 2 5 1 454 451 3762
7909 2 2 5 1 1306 1314 3953
7910 2 2 5 1 3039 2554 4084
7911 2 2 5 1 1071 1687 3852
7912 2 2 5 1 484 486 3744
7913 2 2 5 1 543 544 3766
7914 2 2 5 1 4031 2629 4210
7915 2 2 5 1 1301 1510 3697
7916 2 2 5 1 1534 1580 3880
7917 2 2 5 1 3736 922 4085
7918 2 2 5 1 1598 2225 3927
7919 2 2 5 1 2523 2537 3954
7920 2 2 5 1 3442 743 4070
7921 2 2 5 1 3305 4102 4224
7922 2 2 5 1 370 2946 4086
7923 2 2 5 1 1065 1577 4147
7924 2 2 5 1 2628 2417 4087
7925 2 2 5 1 1532 1530 4229
7926 2 2 5 1 2507 4014 4099
7927 2 2 5 1 1633 2323 3796
7928 2 2 5 1 1877 1872 4139
7929 2 2 5 1 3448 390 4248
7930 2 2 5 1 3659 2660 4147
7931 2 2 5 1 833 3498 4192
7932 2 2 5 1 1051 1050 3702
7933 2 2 5 1 1493 1414 3876
7934 2 2 5 1 1494 1339 3877
7935 2 2 5 1 49 50 4092
7936 2 2 5 1 1533 1534 3880
7937 2 2 5 1 3788 2185 4019
7938 2 2 5 1 3739 2487 4032
7939 2 2 5 1 4033 2711 4073
7940 2 2 5 1 2550 3736 4085
7941 2 2 5 1 1054 422 3740
7942 2 2 5 1 1345 1343 3843
7943 2 2 5 1 2352 3718 4148
7944 2 2 5 1 3610 2516 3634
7945 2 2 5 1 3550 2099 4001
7946 2 2 5 1 1339 1338 3877
7947 2 2 5 1 3329 3316 4267
7948 2 2 5 1 4050 2614 4248
7949 2 2 5 1 1414 1413 3876
7950 2 2 5 1 2355 2612 4101
7951 2 2 5 1 2600 2602 4102
7952 2 2 5 1 996 3759 4104
7953 2 2 5 1 117 4053 4280
7954 2 2 5 1 331 4055 4260
7955 2 2 5 1 3457 3366 4076
7956 2 2 5 1 2879 1259 4064
7957 2 2 5 1 1080 1618 3963
7958 2 2 5 1 544 541 3743
7959 2 2 5 1 2262 3681 3849
7960 2 2 5 1 2468 3908 4207
7961 2 2 5 1 811 1067 3686
7962 2 2 5 1 3744 486 3745
7963 2 2 5 1 384 3312 4107
7964 2 2 5 1 4102 2602 4224
7965 2 2 5 1 3585 2230 3716
7966 2 2 5 1 2322 2324 3969
7967 2 2 5 1 398 3936 4234
7968 2 2 5 1 2253 2566 3781
7969 2 2 5 1 1216 1852 4109
7970 2 2 5 1 176 177 4112
7971 2 2 5 1 2214 3376 3778
7972 2 2 5 1 445 443 3856
7973 2 2 5 1 970 3633 4013
7974 2 2 5 1 3411 2568 4157
7975 2 2 5 1 921 3455 3817
7976 2 2 5 1 3498 837 3819
7977 2 2 5 1 3454 518 3801
7978 2 2 5 1 138 139 4117
7979 2 2 5 1 3463 400 4166
7980 2 2 5 1 842 845 3918
7981 2 2 5 1 2476 2475 4118
7982 2 2 5 1 1553 3469 4272
7983 2 2 5 1 3450 3862 4227
7984 2 2 5 1 2473 3412 4266
7985 2 2 5 1 3073 3448 4248
7986 2 2 5 1 1891 2228 4027
7987 2 2 5 1 1517 1449 4137
7988 2 2 5 1 3545 841 3918
7989 2 2 5 1 1089 441 3882
7990 2 2 5 1 2868 3866 4236
7991 2 2 5 1 2674 4013 4163
7992 2 2 5 1 4108 1364 4239
7993 2 2 5 1 2146 2869 4231
7994 2 2 5 1 2259 2115 4046
7995 2 2 5 1 2672 473 3689
7996 2 2 5 1 2517 2229 3860
7997 2 2 5 1 3546 3400 4079
7998 2 2 5 1 2359 3897 3935
7999 2 2 5 1 1315 1288 3761
8000 2 2 5 1 3039 4084 4272
8001 2 2 5 1 1439 1313 4089
8002 2 2 5 1 3768 1227 3913
8003 2 2 5 1 2894 3128 4246
8004 2 2 5 1 2747 3730 3922
8005 2 2 5 1 1953 1547 3734
8006 2 2 5 1 1761 1323 4242
8007 2 2 5 1 4088 2511 4199
8008 2 2 5 1 2229 2227 3949
8009 2 2 5 1 486 481 3765
8010 2 2 5 1 2115 2120 4046
8011 2 2 5 1 1871 1069 3812
8012 2 2 5 1 3592 3737 4198
8013 2 2 5 1 376 3889 4067
8014 2 2 5 1 1908 3363 4144
8015 2 2 5 1 2096 1572 3865
8016 2 2 5 1 2207 3291 4145
8017 2 2 5 1 2227 1890 3831
8018 2 2 5 1 2240 3591 4203
8019 2 2 5 1 3866 1252 4236
8020 2 2 5 1 2374 4115 4116
8021 2 2 5 1 2715 3870 4080
8022 2 2 5 1 441 440 3882
8023 2 2 5 1 3072 1611 4149
8024 2 2 5 1 2715 2399 4151
8025 2 2 5 1 1845 2391 3895
8026 2 2 5 1 2779 2778 4160
8027 2 2 5 1 2521 1929 4103
8028 2 2 5 1 1062 546 3766
8029 2 2 5 1 2636 2397 4154
8030 2 2 5 1 3104 1909 4155
8031 2 2 5 1 2440 2438 4156
8032 2 2 5 1 2567 2568 3993
8033 2 2 5 1 2122 3571 3861
8034 2 2 5 1 3808 1494 3809
8035 2 2 5 1 2234 1392 3932
8036 2 2 5 1 3879 2408 3910
8037 2 2 5 1 4163 2503 4237
8038 2 2 5 1 2465 813 3872
8039 2 2 5 1 1510 1299 3771
8040 2 2 5 1 2099 551 4001
8041 2 2 5 1 1525 3393 4168
8042 2 2 5 1 3623 396 3958
8043 2 2 5 1 2979 2622 4170
8044 2 2 5 1 2793 2546 3874
8045 2 2 5 1 2617 2488 4171
8046 2 2 5 1 2826 2184 4081
8047 2 2 5 1 1888 1187 3796
8048 2 2 5 1 2271 4073 4116
8049 2 2 5 1 3617 1522 3946
8050 2 2 5 1 974 2753 4261
8051 2 2 5 1 1870 1357 3862
8052 2 2 5 1 2167 3540 3797
8053 2 2 5 1 1939 2792 4180
8054 2 2 5 1 3492 386 4210
8055 2 2 5 1 4149 1611 4225
8056 2 2 5 1 2460 2461 4222
8057 2 2 5 1 424 1054 4133
8058 2 2 5 1 2485 2210 3995
8059 2 2 5 1 2203 1829 3804
8060 2 2 5 1 1500 1373 4063
8061 2 2 5 1 332 3067 4188
8062 2 2 5 1 509 507 3891
8063 2 2 5 1 2409 3943 3944
8064 2 2 5 1 705 731 4193
8065 2 2 5 1 2602 3446 4224
8066 2 2 5 1 2964 2965 4191
8067 2 2 5 1 2749 3741 4226
8068 2 2 5 1 1911 2093 4195
8069 2 2 5 1 1069 1048 3812
8070 2 2 5 1 3030 2458 4197
8071 2 2 5 1 1005 1003 3813
8072 2 2 5 1 3758 3686 4140
8073 2 2 5 1 1525 4168 4244
8074 2 2 5 1 320 3305 4224
8075 2 2 5 1 1676 1892 4201
8076 2 2 5 1 3190 3089 4202
8077 2 2 5 1 1373 1371 4063
8078 2 2 5 1 2351 3543 4223
8079 2 2 5 1 1517 4137 4154
8080 2 2 5 1 2444 3797 3798
8081 2 2 5 1 2634 2681 4205
8082 2 2 5 1 2487 1863 4032
8083 2 2 5 1 2512 4088 4199
8084 2 2 5 1 2712 2610 4058
8085 2 2 5 1 3451 1404 4247
8086 2 2 5 1 2629 3244 4210
8087 2 2 5 1 3603 384 4275
8088 2 2 5 1 2470 3065 4213
8089 2 2 5 1 3648 2154 3893
8090 2 2 5 1 378 2958 4214
8091 2 2 5 1 786 783 4215
8092 2 2 5 1 2608 1816 3818
8093 2 2 5 1 4023 3482 4068
8094 2 2 5 1 3859 1324 3912
8095 2 2 5 1 1832 1036 3875
8096 2 2 5 1 2280 2609 4043
8097 2 2 5 1 3469 2464 4272
8098 2 2 5 1 2254 2251 3837
8099 2 2 5 1 1283 1268 4057
8100 2 2 5 1 3535 2188 3895
8101 2 2 5 1 2997 3606 4173
8102 2 2 5 1 882 944 3767
8103 2 2 5 1 2920 2146 4231
8104 2 2 5 1 837 3527 3819
8105 2 2 5 1 3435 3438 3968
8106 2 2 5 1 1922 1536 3873
8107 2 2 5 1 1611 2984 4225
8108 2 2 5 1 1419 1493 3823
8109 2 2 5 1 4137 2636 4154
8110 2 2 5 1 3237 3102 4275
8111 2 2 5 1 2348 2489 3794
8112 2 2 5 1 2621 2144 4230
8113 2 2 5 1 2809 2920 4231
8114 2 2 5 1 2985 345 4232
8115 2 2 5 1 1341 1494 3808
8116 2 2 5 1 1841 1257 3866
8117 2 2 5 1 2455 3541 4278
8118 2 2 5 1 791 793 4233
8119 2 2 5 1 715 2773 4096
8120 2 2 5 1 3047 2892 4241
8121 2 2 5 1 1566 1525 4244
8122 2 2 5 1 3787 2340 4004
8123 2 2 5 1 2614 3073 4248
8124 2 2 5 1 2639 2637 4255
8125 2 2 5 1 3562 2864 4124
8126 2 2 5 1 1211 1762 3885
8127 2 2 5 1 91 92 4257
8128 2 2 5 1 3299 331 4260
8129 2 2 5 1 3322 2071 4262
8130 2 2 5 1 186 187 4264
8131 2 2 5 1 434 431 4100
8132 2 2 5 1 1753 1661 4269
8133 2 2 5 1 2413 3730 3990
8134 2 2 5 1 2464 3039 4272
8135 2 2 5 1 3238 1846 4273
8136 2 2 5 1 2222 1840 4274
8137 2 2 5 1 116 117 4280
8138 2 2 5 1 2096 3865 4250
8139 2 2 5 1 1242 1236 3814
8140 2 2 5 1 1889 1888 3943
8141 2 2 5 1 2251 2249 3837
8142 2 2 5 1 2489 2350 3815
8143 2 2 5 1 1187 1633 3796
8144 2 2 5 1 1048 1679 3812
8145 2 2 5 1 3455 3456 3817
8146 2 2 5 1 497 490 3821
8147 2 2 5 1 518 3651 3801
8148 2 2 5 1 1818 1948 3818
8149 2 2 5 1 1572 1515 3865
8150 2 2 5 1 2483 2322 3969
8151 2 2 5 1 2483 3969 4167
8152 2 2 5 1 2243 1589 4189
8153 2 2 5 1 2656 3912 4090
8154 2 2 5 1 1559 1481 3823
8155 2 2 5 1 1654 2122 3861
8156 2 2 5 1 3446 320 4224
8157 2 2 5 1 1313 1311 4089
8158 2 2 5 1 3609 400 4111
8159 2 2 5 1 3609 397 4026
8160 2 2 5 1 1614 1013 3852
8161 2 2 5 1 3737 1894 4198
8162 2 2 5 1 3534 1265 4186
8163 2 2 5 1 2425 3325 4097
8164 2 2 5 1 1587 1697 3890
8165 2 2 5 1 530 525 3925
8166 2 2 5 1 551 532 4001
8167 2 2 5 1 1948 1820 3830
8168 2 2 5 1 1822 1851 3830
8169 2 2 5 1 2391 2262 3849
8170 2 2 5 1 404 2719 4127
8171 2 2 5 1 3793 2521 3955
8172 2 2 5 1 3731 430 4133
8173 2 2 5 1 1679 1047 4141
8174 2 2 5 1 1581 1898 3898
8175 2 2 5 1 2719 3497 4127
8176 2 2 5 1 3631 2514 3907
8177 2 2 5 1 367 3738 4135
8178 2 2 5 1 449 445 3856
8179 2 2 5 1 1965 4163 4237
8180 2 2 5 1 1416 1345 3843
8181 2 2 5 1 2896 3780 3984
8182 2 2 5 1 487 3744 3821
8183 2 2 5 1 400 111 4111
8184 2 2 5 1 2630 3545 3918
8185 2 2 5 1 1585 1587 3890
8186 2 2 5 1 1599 2187 3854
8187 2 2 5 1 3756 1388 3901
8188 2 2 5 1 1646 2372 4212
8189 2 2 5 1 3781 537 4016
8190 2 2 5 1 2444 2167 3797
8191 2 2 5 1 3732 3551 4057
8192 2 2 5 1 2345 3921 4079
8193 2 2 5 1 3284 3626 4250
8194 2 2 5 1 3862 1352 4227
8195 2 2 5 1 3715 868 3767
8196 2 2 5 1 2475 3916 4118
8197 2 2 5 1 480 1034 4078
8198 2 2 5 1 2249 2909 3837
8199 2 2 5 1 1898 3755 4143
8200 2 2 5 1 2421 3687 4115
8201 2 2 5 1 515 509 3891
8202 2 2 5 1 1404 3636 4247
8203 2 2 5 1 1231 2415 3903
8204 2 2 5 1 3749 2543 3971
8205 2 2 5 1 1386 1522 3901
8206 2 2 5 1 1013 1071 3852
8207 2 2 5 1 443 1089 3856
8208 2 2 5 1 2422 3748 3940
8209 2 2 5 1 1322 1896 3904
8210 2 2 5 1 1860 1861 4032
8211 2 2 5 1 928 921 3817
8212 2 2 5 1 2377 3459 4243
8213 2 2 5 1 3693 1011 4005
8214 2 2 5 1 1644 1455 4099
8215 2 2 5 1 824 3016 4182
8216 2 2 5 1 4022 1230 4175
8217 2 2 5 1 2909 1643 4157
8218 2 2 5 1 3620 2486 3911
8219 2 2 5 1 2088 1654 3861
8220 2 2 5 1 2488 3899 4171
8221 2 2 5 1 1680 1044 3979
8222 2 2 5 1 2230 2517 4003
8223 2 2 5 1 1338 1420 3877
8224 2 2 5 1 2468 2428 3908
8225 2 2 5 1 2451 2449 4016
8226 2 2 5 1 1515 1681 3865
8227 2 2 5 1 1429 3721 3722
8228 2 2 5 1 4114 3669 4218
8229 2 2 5 1 1413 1459 3876
8230 2 2 5 1 2188 1634 3895
8231 2 2 5 1 2333 1891 4027
8232 2 2 5 1 1810 1533 3880
8233 2 2 5 1 3537 2862 4010
8234 2 2 5 1 3244 3492 4210
8235 2 2 5 1 3467 3970 4281
8236 2 2 5 1 440 458 3882
8237 2 2 5 1 3865 2484 4250
8238 2 2 5 1 1036 1059 3875
8239 2 2 5 1 2375 3722 4221
8240 2 2 5 1 1536 1590 3873
8241 2 2 5 1 3759 2376 4104
8242 2 2 5 1 1863 1860 4032
8243 2 2 5 1 438 434 3945
8244 2 2 5 1 3479 476 3978
8245 2 2 5 1 525 522 3925
8246 2 2 5 1 3686 1067 4140
8247 2 2 5 1 3324 2333 4034
8248 2 2 5 1 2896 4006 4128
8249 2 2 5 1 2779 4160 4269
8250 2 2 5 1 3476 4028 4046
8251 2 2 5 1 1634 1845 3895
8252 2 2 5 1 3752 3330 3985
8253 2 2 5 1 3897 483 3935
8254 2 2 5 1 507 2836 3891
8255 2 2 5 1 922 1012 4085
8256 2 2 5 1 2909 2248 4044
8257 2 2 5 1 2744 3975 4266
8258 2 2 5 1 3716 2230 4003
8259 2 2 5 1 1225 2099 3913
8260 2 2 5 1 2391 3849 3965
8261 2 2 5 1 2702 4129 4263
8262 2 2 5 1 3969 1032 4167
8263 2 2 5 1 430 426 4133
8264 2 2 5 1 3487 2250 4094
8265 2 2 5 1 1281 1283 3912
8266 2 2 5 1 1865 2487 3917
8267 2 2 5 1 1930 1561 3927
8268 2 2 5 1 1583 1581 3898
8269 2 2 5 1 2604 3832 4131
8270 2 2 5 1 1324 1281 3912
8271 2 2 5 1 1054 3731 4133
8272 2 2 5 1 1618 3580 3964
8273 2 2 5 1 2436 1865 3917
8274 2 2 5 1 2235 2236 4204
8275 2 2 5 1 1233 1231 3903
8276 2 2 5 1 1252 1250 4236
8277 2 2 5 1 1388 1386 3901
8278 2 2 5 1 1325 1322 3904
8279 2 2 5 1 1227 1225 3913
8280 2 2 5 1 2428 3577 3908
8281 2 2 5 1 3541 335 4278
8282 2 2 5 1 2279 3753 4217
8283 2 2 5 1 2484 2346 4234
8284 2 2 5 1 2456 3695 4134
8285 2 2 5 1 1371 1368 4108
8286 2 2 5 1 2797 3945 4100
8287 2 2 5 1 394 3597 4255
8288 2 2 5 1 2186 1526 4164
8289 2 2 5 1 1997 2564 4033
8290 2 2 5 1 3915 4037 4196
8291 2 2 5 1 3837 2909 4157
8292 2 2 5 1 2271 1997 4033
8293 2 2 5 1 4036 3330 4267
8294 2 2 5 1 3788 3642 4014
8295 2 2 5 1 361 3462 4165
8296 2 2 5 1 1352 1350 4227
8297 2 2 5 1 1311 3953 4089
8298 2 2 5 1 2802 3548 4169
8299 2 2 5 1 1382 2407 3946
8300 2 2 5 1 522 3454 3925
8301 2 2 5 1 1561 1598 3927
8302 2 2 5 1 3815 2523 3954
8303 2 2 5 1 1392 1365 3932
8304 2 2 5 1 2120 3977 4046
8305 2 2 5 1 3755 2813 4143
8306 2 2 5 1 2510 3907 4183
8307 2 2 5 1 3702 1211 3885
8308 2 2 5 1 1343 3808 3843
8309 2 2 5 1 1268 1266 4057
8310 2 2 5 1 3718 2352 4076
8311 2 2 5 1 1494 3877 4254
8312 2 2 5 1 3920 2662 4208
8313 2 2 5 1 3543 2732 4223
8314 2 2 5 1 1056 996 4104
8315 2 2 5 1 3840 2471 4172
8316 2 2 5 1 1266 3732 4057
8317 2 2 5 1 3665 2351 4130
8318 2 2 5 1 2825 2586 4059
8319 2 2 5 1 3880 1580 4245
8320 2 2 5 1 326 3703 4241
8321 2 2 5 1 3490 2460 4222
8322 2 2 5 1 1034 3963 4078
8323 2 2 5 1 3906 2690 4146
8324 2 2 5 1 1642 1877 4083
8325 2 2 5 1 321 3466 4209
8326 2 2 5 1 3642 1644 4014
8327 2 2 5 1 3961 1500 4123
8328 2 2 5 1 3431 2716 4152
8329 2 2 5 1 3851 2469 4011
8330 2 2 5 1 2170 2153 4142
8331 2 2 5 1 2210 3794 3995
8332 2 2 5 1 2374 1869 4115
8333 2 2 5 1 3814 2880 4219
8334 2 2 5 1 1384 1382 3946
8335 2 2 5 1 426 424 4133
8336 2 2 5 1 3877 3648 4254
8337 2 2 5 1 3798 1405 4091
8338 2 2 5 1 1851 1824 4206
8339 2 2 5 1 2965 4039 4191
8340 2 2 5 1 3612 399 4122
8341 2 2 5 1 3613 401 4121
8342 2 2 5 1 3283 3614 4120
8343 2 2 5 1 3734 1585 3890
8344 2 2 5 1 3963 1618 3964
8345 2 2 5 1 2905 3880 4245
8346 2 2 5 1 3612 3467 4281
8347 2 2 5 1 3016 3431 4152
8348 2 2 5 1 1872 2565 4139
8349 2 2 5 1 1044 3604 3979
8350 2 2 5 1 537 3781 4159
8351 2 2 5 1 2362 3758 4140
8352 2 2 5 1 2457 2456 4134
8353 2 2 5 1 2376 2646 4104
8354 2 2 5 1 1687 1642 4083
8355 2 2 5 1 3614 214 4120
8356 2 2 5 1 199 3613 4121
8357 2 2 5 1 96 3612 4122
8358 2 2 5 1 3648 3893 4254
8359 2 2 5 1 3438 833 4192
8360 2 2 5 1 431 430 4100
8361 2 2 5 1 3606 2573 4173
8362 2 2 5 1 2387 2385 4211
8363 2 2 5 1 1888 3796 3944
8364 2 2 5 1 2227 3831 3949
8365 2 2 5 1 1365 3680 3932
8366 2 2 5 1 2382 3712 4022
8367 2 2 5 1 3588 3587 3989
8368 2 2 5 1 2821 3756 3901
8369 2 2 5 1 2560 2540 4279
8370 2 2 5 1 2559 3913 4235
8371 2 2 5 1 3940 2891 4232
8372 2 2 5 1 2501 3755 4190
8373 2 2 5 1 2383 3534 4186
8374 2 2 5 1 2539 3435 3968
8375 2 2 5 1 3577 442 3908
8376 2 2 5 1 2159 3669 4114
8377 2 2 5 1 3804 3805 4179
8378 2 2 5 1 3816 2451 4016
8379 2 2 5 1 2276 2274 4071
8380 2 2 5 1 3798 3797 4228
8381 2 2 5 1 3638 2454 4174
8382 2 2 5 1 3976 2377 4243
8383 2 2 5 1 3587 3595 3989
8384 2 2 5 1 3805 2259 4028
8385 2 2 5 1 3955 2521 4103
8386 2 2 5 1 3102 3603 4275
8387 2 2 5 1 4005 2641 4051
8388 2 2 5 1 3604 3569 3979
8389 2 2 5 1 4089 2624 4125
8390 2 2 5 1 1576 1579 4259
8391 2 2 5 1 2214 3778 4129
8392 2 2 5 1 3943 1888 3944
8393 2 2 5 1 4063 1371 4108
8394 2 2 5 1 3595 3682 3989
8395 2 2 5 1 3797 1922 4228
8396 2 2 5 1 3597 2639 4255
8397 2 2 5 1 436 4110 4282
8398 2 2 5 1 2387 4211 4277
8399 2 2 5 1 3016 4152 4182
8400 2 2 5 1 3682 2321 3989
8401 2 2 5 1 1589 2354 4189
8402 2 2 5 1 1067 2466 4140
8403 2 2 5 1 2444 3798 4091
8404 2 2 5 1 852 3588 4052
8405 2 2 5 1 3768 2559 3981
8406 2 2 5 1 2372 2437 4119
8407 2 2 5 1 4029 824 4182
8408 2 2 5 1 4017 2693 4283
8409 2 2 5 1 2506 4023 4068
8410 2 2 5 1 2564 2382 4022
8411 2 2 5 1 2213 2702 4158
8412 2 2 5 1 3601 2667 4044
8413 2 2 5 1 3819 3527 4088
8414 2 2 5 1 345 3940 4232
8415 2 2 5 1 3813 1912 4072
8416 2 2 5 1 3475 2640 4136
8417 2 2 5 1 2702 2214 4129
8418 2 2 5 1 1929 2380 4103
8419 2 2 5 1 2485 4113 4268
8420 2 2 5 1 2153 2831 4142
8421 2 2 5 1 3899 2404 4171
8422 2 2 5 1 3527 3545 4088
8423 2 2 5 1 3936 2484 4234
8424 2 2 5 1 2687 1646 4212
8425 2 2 5 1 1869 2421 4115
8426 2 2 5 1 3831 2550 4085
8427 2 2 5 1 2444 4091 4176
8428 2 2 5 1 2248 3601 4044
8429 2 2 5 1 3789 2483 4167
8430 2 2 5 1 2203 3804 4179
8431 2 2 5 1 2489 3815 4048
8432 2 2 5 1 3610 852 4052
8433 2 2 5 1 3745 3747 4187
8434 2 2 5 1 2368 3608 4138
8435 2 2 5 1 3669 1302 4218
8436 2 2 5 1 3577 2553 4271
8437 2 2 5 1 3695 373 4134
8438 2 2 5 1 1242 3814 4219
8439 2 2 5 1 1824 2327 4206
8440 2 2 5 1 1344 4098 4268
8441 2 2 5 1 3921 1275 4079
8442 2 2 5 1 3633 2503 4163
8443 2 2 5 1 2385 2383 4186
8444 2 2 5 1 2274 3675 4071
8445 2 2 5 1 3724 2647 4062
8446 2 2 5 1 3818 1948 4061
8447 2 2 5 1 2651 2203 4179
8448 2 2 5 1 3774 2608 4106
8449 2 2 5 1 2225 2444 4176
8450 2 2 5 1 2485 3995 4113
8451 2 2 5 1 3626 2096 4250
8452 2 2 5 1 3968 3438 4192
8453 2 2 5 1 3832 325 4131
8454 2 2 5 1 508 2691 4240
8455 2 2 5 1 2134 3773 4065
8456 2 2 5 1 4098 2486 4268
8457 2 2 5 1 3807 1439 4125
8458 2 2 5 1 3566 2561 4284
8459 2 2 5 1 1492 1242 4219
8460 2 2 5 1 3738 2793 4135
8461 2 2 5 1 2327 3868 4124
8462 2 2 5 1 3650 2235 4204
8463 2 2 5 1 2683 3961 4123
8464 2 2 5 1 2415 3768 3981
8465 2 2 5 1 3995 1523 4113
8466 2 2 5 1 2516 3610 4052
8467 2 2 5 1 3871 2436 4105
8468 2 2 5 1 3692 2832 4282
8469 2 2 5 1 2582 4181 4242
8470 2 2 5 1 3953 1314 4153
8471 2 2 5 1 4073 3396 4116
8472 2 2 5 1 2711 4033 4276
8473 2 2 5 1 335 3848 4278
8474 2 2 5 1 3620 3798 4228
8475 2 2 5 1 2418 1576 4259
8476 2 2 5 1 1580 1867 4245
8477 2 2 5 1 3988 2633 4082
8478 2 2 5 1 2486 2485 4268
8479 2 2 5 1 1510 3771 4126
8480 2 2 5 1 2564 4175 4276
8481 2 2 5 1 1032 3969 4220
8482 2 2 5 1 4186 1265 4211
8483 2 2 5 1 3723 3824 4253
8484 2 2 5 1 3911 2486 4098
8485 2 2 5 1 2770 3841 4258
8486 2 2 5 1 4087 1565 4161
8487 2 2 5 1 1451 3998 4101
8488 2 2 5 1 2327 4124 4206
8489 2 2 5 1 4037 2505 4196
8490 2 2 5 1 2624 3953 4153
8491 2 2 5 1 2839 3957 4195
8492 2 2 5 1 2489 4048 4256
8493 2 2 5 1 1500 4063 4123
8494 2 2 5 1 3835 435 4271
8495 2 2 5 1 2620 3963 3964
8496 2 2 5 1 3953 2624 4089
8497 2 2 5 1 3963 2620 4078
8498 2 2 5 1 730 3840 4172
8499 2 2 5 1 3898 1898 4143
8500 2 2 5 1 3809 1494 4254
8501 2 2 5 1 3912 1283 4090
8502 2 2 5 1 2512 3819 4088
8503 2 2 5 1 4152 2411 4182
8504 2 2 5 1 544 3743 4190
8505 2 2 5 1 3977 3476 4046
8506 2 2 5 1 2389 2387 4277
8507 2 2 5 1 4007 321 4209
8508 2 2 5 1 1052 3676 4249
8509 2 2 5 1 4006 2272 4128
8510 2 2 5 1 1510 4126 4238
8511 2 2 5 1 4115 3687 4116
8512 2 2 5 1 4181 1761 4242
8513 2 2 5 1 2503 3915 4196
8514 2 2 5 1 2710 3968 4192
8515 2 2 5 1 3781 2566 4159
8516 2 2 5 1 1047 3737 4141
8517 2 2 5 1 2812 3869 4187
8518 2 2 5 1 4030 2636 4137
8519 2 2 5 1 2686 4063 4108
8520 2 2 5 1 4019 1517 4154
8521 2 2 5 1 2582 4048 4181
8522 2 2 5 1 3722 2374 4221
8523 2 2 5 1 4211 2676 4277
8524 2 2 5 1 364 3723 4253
8525 2 2 5 1 4066 2894 4246
8526 2 2 5 1 3954 2537 4200
8527 2 2 5 1 4026 2390 4166
8528 2 2 5 1 3747 2812 4187
8529 2 2 5 1 1922 3873 4228
8530 2 2 5 1 2191 3692 4282
8531 2 2 5 1 729 4173 4216
8532 2 2 5 1 4173 2573 4216
8533 2 2 5 1 3697 1510 4238
8534 2 2 5 1 3794 2489 4256
8535 2 2 5 1 3975 2473 4266
8536 2 2 5 1 2443 4024 4132
8537 2 2 5 1 3995 3794 4256
8538 2 2 5 1 2831 3871 4105
8539 2 2 5 1 2564 4022 4175
8540 2 2 5 1 2553 3835 4271
8541 2 2 5 1 3815 3954 4181
8542 2 2 5 1 2691 3705 4240
8543 2 2 5 1 2628 4087 4161
8544 2 2 5 1 2472 4132 4249
8545 2 2 5 1 4033 2564 4276
8546 2 2 5 1 4110 2191 4282
8547 2 2 5 1 3913 2099 4235
8548 2 2 5 1 4048 3815 4181
8549 2 2 5 1 2847 3955 4103
8550 2 2 5 1 939 4036 4267
8551 2 2 5 1 4124 2864 4206
8552 2 2 5 1 2385 4186 4211
8553 2 2 5 1 339 4066 4246
8554 2 2 5 1 4024 1052 4249
8555 2 2 5 1 1761 3954 4200
8556 2 2 5 1 2693 3810 4283
8557 2 2 5 1 3954 1761 4181
8558 2 2 5 1 1768 3920 4208
8559 2 2 5 1 2704 3983 4252
8560 2 2 5 1 4063 2686 4123
8561 2 2 5 1 4132 4024 4249
8562 2 2 5 1 4184 2770 4258
8563 2 2 5 1 2686 4108 4239
8564 2 2 5 1 2504 4093 4251
8565 2 2 5 1 1523 3995 4256
8566 2 2 5 1 2682 4239 4285
8567 2 2 5 1 4239 1364 4285
8568 2 2 5 1 479 2816 3575
8569 2 2 5 1 2714 2334 3770
8570 2 2 5 1 2441 3734 3890
$EndElements
