yplus,coles_reference_uplus,spalding_uplus,in_declared_log_window
9.000367726807091406e-01,9.000052331841983388e-01,8.999517706268125306e-01,0.000000000000000000e+00
1.000040858534120947e+00,9.999874316874834967e-01,9.999101971314867665e-01,0.000000000000000000e+00
1.100044944387533086e+00,1.099958986329417021e+00,1.099852009216062410e+00,0.000000000000000000e+00
1.200049030240945003e+00,1.199916460851875977e+00,1.199773440753777010e+00,0.000000000000000000e+00
1.300053116094358030e+00,1.299855768000202971e+00,1.299670282642613639e+00,0.000000000000000000e+00
1.400057201947769947e+00,1.399772120880343973e+00,1.399537867278998871e+00,0.000000000000000000e+00
1.500061287801182086e+00,1.499659986896612063e+00,1.499371053058254244e+00,0.000000000000000000e+00
1.600065373654594003e+00,1.599513044592757005e+00,1.599164208996005865e+00,0.000000000000000000e+00
1.700069459508005920e+00,1.699324143757102057e+00,1.698911199575243725e+00,0.000000000000000000e+00
1.800073545361418059e+00,1.799085269188154923e+00,1.798605369934487719e+00,0.000000000000000000e+00
1.900077631214829976e+00,1.898787508547487901e+00,1.898239531523614687e+00,0.000000000000000000e+00
2.000081717068241893e+00,1.998421024753199049e+00,1.997805948365119377e+00,0.000000000000000000e+00
2.100085802921654032e+00,2.097975033386553889e+00,2.097296324069825246e+00,0.000000000000000000e+00
2.200089888775067060e+00,2.197437785590929948e+00,2.196701789767133484e+00,0.000000000000000000e+00
2.300093974628479199e+00,2.296796556948951018e+00,2.296012893120604303e+00,0.000000000000000000e+00
2.400098060481890894e+00,2.396037642802673950e+00,2.395219588609807992e+00,0.000000000000000000e+00
2.500102146335303033e+00,2.495146360463231794e+00,2.494311229268628693e+00,0.000000000000000000e+00
2.600106232188715172e+00,2.594107058708570168e+00,2.593276560078369819e+00,0.000000000000000000e+00
2.700110318042126867e+00,2.692903134949244048e+00,2.692103713220738825e+00,0.000000000000000000e+00
2.800114403895539006e+00,2.791517060289587793e+00,2.790780205400712255e+00,0.000000000000000000e+00
2.900118489748952033e+00,2.889930412731597009e+00,2.889292937452165866e+00,0.000000000000000000e+00
3.000122575602364172e+00,2.988123918599748130e+00,2.987628196439511719e+00,0.000000000000000000e+00
3.100126661455775867e+00,3.086077502177731802e+00,3.085771660466195776e+00,0.000000000000000000e+00
3.200130747309188006e+00,3.183770343424079829e+00,3.183708406395273194e+00,0.000000000000000000e+00
3.300134833162600145e+00,3.281180943503808844e+00,3.281422920678216393e+00,0.000000000000000000e+00
3.400138919016011840e+00,3.378287197738726988e+00,3.378899113475227978e+00,0.000000000000000000e+00
3.500143004869423979e+00,3.475066475443572944e+00,3.476120336233384123e+00,0.000000000000000000e+00
3.600147090722837007e+00,3.571495705983389168e+00,3.573069402867727895e+00,0.000000000000000000e+00
3.700151176576249146e+00,3.667551470262328195e+00,3.669728614664935051e+00,0.000000000000000000e+00
3.800155262429660841e+00,3.763210096741601784e+00,3.766079788999178390e+00,0.000000000000000000e+00
3.900159348283072980e+00,3.858447760986794872e+00,3.862104291915565035e+00,0.000000000000000000e+00
4.000163434136484675e+00,3.953240587667074202e+00,3.957783074598111739e+00,0.000000000000000000e+00
4.100167519989897258e+00,4.047564753873452936e+00,4.053096713697037501e+00,0.000000000000000000e+00
4.200171605843308953e+00,4.141396592592270665e+00,4.148025455444514620e+00,0.000000000000000000e+00
4.300175691696722424e+00,4.234712695165381291e+00,4.242549263439769902e+00,0.000000000000000000e+00
4.400179777550133231e+00,4.327490011589108398e+00,4.336647869933933919e+00,0.000000000000000000e+00
4.500183863403545814e+00,4.419705947551013203e+00,4.430300830393578693e+00,0.000000000000000000e+00
4.600187949256958397e+00,4.511338457173422078e+00,4.523487581069971952e+00,0.000000000000000000e+00
4.700192035110370092e+00,4.602366130524076837e+00,4.616187499250232307e+00,0.000000000000000000e+00
4.800196120963781787e+00,4.692768275062962680e+00,4.708379965817517387e+00,0.000000000000000000e+00
4.900200206817194371e+00,4.782524990318210101e+00,4.800044429701578963e+00,0.000000000000000000e+00
5.000204292670606065e+00,4.871617235216605835e+00,4.891160473759505578e+00,0.000000000000000000e+00
5.100208378524018649e+00,4.960026887609472190e+00,4.981707881590393683e+00,0.000000000000000000e+00
5.200212464377430344e+00,5.047736795807532317e+00,5.071666704758181154e+00,0.000000000000000000e+00
5.300216550230842927e+00,5.134730821765976394e+00,5.161017329874743709e+00,0.000000000000000000e+00
5.400220636084254622e+00,5.220993876065958439e+00,5.249740544981559509e+00,0.000000000000000000e+00
5.500224721937667205e+00,5.306511944727467345e+00,5.337817604663211313e+00,0.000000000000000000e+00
5.600228807791078900e+00,5.391272108057442836e+00,5.425230293330230325e+00,0.000000000000000000e+00
5.700232893644490595e+00,5.475262551842067893e+00,5.511960986122359074e+00,0.000000000000000000e+00
5.800236979497903178e+00,5.558472571268808338e+00,5.597992706906111948e+00,0.000000000000000000e+00
5.900241065351315761e+00,5.640892568035527965e+00,5.683309182872214649e+00,0.000000000000000000e+00
6.000245151204726568e+00,5.722514041154927789e+00,5.767894895278470102e+00,0.000000000000000000e+00
6.100249237058139151e+00,5.803329571998279590e+00,5.851735125930924042e+00,0.000000000000000000e+00
6.200253322911551734e+00,5.883332804151714335e+00,5.934815999050004010e+00,0.000000000000000000e+00
6.300257408764963429e+00,5.962518418667239750e+00,6.017124518227227270e+00,0.000000000000000000e+00
6.400261494618376013e+00,6.040882105292332049e+00,6.098648598240844265e+00,0.000000000000000000e+00
6.500265580471787707e+00,6.118420530252317135e+00,6.179377091564026259e+00,0.000000000000000000e+00
6.600269666325200291e+00,6.195131301141974411e+00,6.259299809465478148e+00,0.000000000000000000e+00
6.700273752178611986e+00,6.271012929458884777e+00,6.338407537668187430e+00,0.000000000000000000e+00
6.800277838032024569e+00,6.346064791280488393e+00,6.416692046596208954e+00,0.000000000000000000e+00
6.900281923885436264e+00,6.420287086553910783e+00,6.494146096300458026e+00,0.000000000000000000e+00
7.000286009738848847e+00,6.493680797429886908e+00,6.570763436211620956e+00,0.000000000000000000e+00
7.100290095592261430e+00,6.566247646035391128e+00,6.646538799920286067e+00,0.000000000000000000e+00
7.200294181445673125e+00,6.637990052039440592e+00,6.721467895230693657e+00,0.000000000000000000e+00
7.300298267299084820e+00,6.708911090328760096e+00,6.795547389774423408e+00,0.000000000000000000e+00
7.400302353152497403e+00,6.779014449072058746e+00,6.868774892503555662e+00,0.000000000000000000e+00
7.500306439005909098e+00,6.848304388414923061e+00,6.941148931409228950e+00,0.000000000000000000e+00
7.600310524859321681e+00,6.916785699989591585e+00,7.012668927830997490e+00,0.000000000000000000e+00
7.700314610712733376e+00,6.984463667524407171e+00,7.083335167735166138e+00,0.000000000000000000e+00
7.800318696566145960e+00,7.051344028503740091e+00,7.153148770346824392e+00,0.000000000000000000e+00
7.900322782419557655e+00,7.117432937147992966e+00,7.222111654520661617e+00,0.000000000000000000e+00
8.000326868272969350e+00,7.182736928771856988e+00,7.290226503230854860e+00,0.000000000000000000e+00
8.100330954126382821e+00,7.247262885570729729e+00,7.357496726550555977e+00,0.000000000000000000e+00
8.200335039979794516e+00,7.311018003897790329e+00,7.423926423477603009e+00,0.000000000000000000e+00
8.300339125833206211e+00,7.374009763052082000e+00,7.489520342945777287e+00,0.000000000000000000e+00
8.400343211686617906e+00,7.436245895603877720e+00,7.554283844340583087e+00,0.000000000000000000e+00
8.500347297540031377e+00,7.497734359253336756e+00,7.618222857816229876e+00,0.000000000000000000e+00
8.600351383393443072e+00,7.558483310213085282e+00,7.681343844686439937e+00,0.000000000000000000e+00
8.700355469246854767e+00,7.618501078095072820e+00,7.743653758136709087e+00,0.000000000000000000e+00
8.800359555100266462e+00,7.677796142272308444e+00,7.805160004480224956e+00,0.000000000000000000e+00
8.900363640953679933e+00,7.736377109680718789e+00,7.865870405154071321e+00,0.000000000000000000e+00
9.000367726807091628e+00,7.794252694019712990e+00,7.925793159627328777e+00,0.000000000000000000e+00
9.100371812660503323e+00,7.851431696305858132e+00,7.984936809368214483e+00,0.000000000000000000e+00
9.200375898513915018e+00,7.907922986730897996e+00,8.043310202994057079e+00,0.000000000000000000e+00
9.300379984367326713e+00,7.963735487772870769e+00,8.100922462705742788e+00,0.000000000000000000e+00
9.400384070220740185e+00,8.018878158506854703e+00,8.157782952087512029e+00,0.000000000000000000e+00
9.500388156074151880e+00,8.073359980061875163e+00,8.213901245333719459e+00,0.000000000000000000e+00
9.600392241927563575e+00,8.127189942168998371e+00,8.269287097946499188e+00,0.000000000000000000e+00
9.700396327780975270e+00,8.180377030746836198e+00,8.323950418932302142e+00,0.000000000000000000e+00
9.800400413634388741e+00,8.232930216469528162e+00,8.377901244510773893e+00,0.000000000000000000e+00
9.900404499487800436e+00,8.284858444265724486e+00,8.431149713336697715e+00,0.000000000000000000e+00
1.000040858534121035e+01,8.336170623695476678e+00,8.483706043224412241e+00,0.000000000000000000e+00
1.010041267119462027e+01,8.386875620139376153e+00,8.535580509354399936e+00,0.000000000000000000e+00
1.020041675704804085e+01,8.436982246820884157e+00,8.586783423933283643e+00,0.000000000000000000e+00
1.030042084290145077e+01,8.486499257499447779e+00,8.637325117271473118e+00,0.000000000000000000e+00
1.040042492875486069e+01,8.535435339862525339e+00,8.687215920236873501e+00,0.000000000000000000e+00
1.050042901460827061e+01,8.583799109577936903e+00,8.736466148038218194e+00,0.000000000000000000e+00
1.060043310046168941e+01,8.631599104938645795e+00,8.785086085288032365e+00,0.000000000000000000e+00
1.070043718631509932e+01,8.678843782068623725e+00,8.833085972292288091e+00,0.000000000000000000e+00
1.080044127216850924e+01,8.725541510651559918e+00,8.880475992511986050e+00,0.000000000000000000e+00
1.090044535802191916e+01,8.771700570146885312e+00,8.927266261140417214e+00,0.000000000000000000e+00
1.100044944387533086e+01,8.817329146458826372e+00,8.973466814739428088e+00,0.000000000000000000e+00
1.110045352972874966e+01,8.862435329026304487e+00,9.019087601877828320e+00,0.000000000000000000e+00
1.120045761558215958e+01,8.907027108302743912e+00,9.064138474715466742e+00,0.000000000000000000e+00
1.130046170143556949e+01,8.951112373597784000e+00,9.108629181477358117e+00,0.000000000000000000e+00
1.140046578728897941e+01,8.994698911253351525e+00,9.152569359763226942e+00,0.000000000000000000e+00
1.150046987314238933e+01,9.037794403128785348e+00,9.195968530639405003e+00,0.000000000000000000e+00
1.160047395899580991e+01,9.080406425370679102e+00,9.238836093461479493e+00,0.000000000000000000e+00
1.170047804484921983e+01,9.122542447446045699e+00,9.281181321377971472e+00,0.000000000000000000e+00
1.180048213070262975e+01,9.164209831416457064e+00,9.323013357467246465e+00,0.000000000000000000e+00
1.190048621655603966e+01,9.205415831434523355e+00,9.364341211461788106e+00,0.000000000000000000e+00
1.200049030240944958e+01,9.246167593443813004e+00,9.405173757016161318e+00,0.000000000000000000e+00
1.210049438826287016e+01,9.286472155065137457e+00,9.445519729477044990e+00,0.000000000000000000e+00
1.220049847411628008e+01,9.326336445653069518e+00,9.485387724115813768e+00,0.000000000000000000e+00
1.230050255996969000e+01,9.365767286508072331e+00,9.524786194786393878e+00,0.000000000000000000e+00
1.240050664582309992e+01,9.404771391229679978e+00,9.563723452973011518e+00,0.000000000000000000e+00
1.250051073167652049e+01,9.443355366198595391e+00,9.602207667194711860e+00,0.000000000000000000e+00
1.260051481752993041e+01,9.481525711165600612e+00,9.640246862735381228e+00,0.000000000000000000e+00
1.270051890338334033e+01,9.519288819975518123e+00,9.677848921670058502e+00,0.000000000000000000e+00
1.280052298923675025e+01,9.556650981359254615e+00,9.715021583160091012e+00,0.000000000000000000e+00
1.290052707509016017e+01,9.593618379804441432e+00,9.751772443991598038e+00,0.000000000000000000e+00
1.300053116094358074e+01,9.630197096522492117e+00,9.788108959333378323e+00,0.000000000000000000e+00
1.310053524679699066e+01,9.666393110476048989e+00,9.824038443692064249e+00,0.000000000000000000e+00
1.320053933265040058e+01,9.702212299466376422e+00,9.859568072043899178e+00,0.000000000000000000e+00
1.330054341850381050e+01,9.737660441274224254e+00,9.894704881124020801e+00,0.000000000000000000e+00
1.340054750435722042e+01,9.772743214847235294e+00,9.929455770855511787e+00,0.000000000000000000e+00
1.350055159021063922e+01,9.807466201527512695e+00,9.963827505901868165e+00,0.000000000000000000e+00
1.360055567606404914e+01,9.841834886314716258e+00,9.997826717327743751e+00,0.000000000000000000e+00
1.370055976191746083e+01,9.875854659158504134e+00,1.003145990435408308e+01,0.000000000000000000e+00
1.380056384777087075e+01,9.909530816276339138e+00,1.006473343619473582e+01,0.000000000000000000e+00
1.390056793362428955e+01,9.942868561492074875e+00,1.009765355396287845e+01,0.000000000000000000e+00
1.400057201947769947e+01,9.975873007591049557e+00,1.013022637263636128e+01,0.000000000000000000e+00
1.410057610533110939e+01,1.000854917768850960e+01,1.016245788307215392e+01,0.000000000000000000e+00
1.420058019118451931e+01,1.004090200660779075e+01,1.019435395406076950e+01,0.000000000000000000e+00
1.430058427703792923e+01,1.007293634226510015e+01,1.022592033441251047e+01,0.000000000000000000e+00
1.440058836289134980e+01,1.010465694705822948e+01,1.025716265506797242e+01,0.000000000000000000e+00
1.450059244874475972e+01,1.013606849925674958e+01,1.028808643122593480e+01,0.000000000000000000e+00
1.460059653459816964e+01,1.016717559439094920e+01,1.031869706448257418e+01,0.000000000000000000e+00
1.470060062045157956e+01,1.019798274663783921e+01,1.034899984497625880e+01,0.000000000000000000e+00
1.480060470630498948e+01,1.022849439020227003e+01,1.037899995353292582e+01,0.000000000000000000e+00
1.490060879215841005e+01,1.025871488069109994e+01,1.040870246380748299e+01,0.000000000000000000e+00
1.500061287801181997e+01,1.028864849647906965e+01,1.043811234441712799e+01,0.000000000000000000e+00
1.510061696386522989e+01,1.031829944005992061e+01,1.046723446106293665e+01,0.000000000000000000e+00
1.520062104971863981e+01,1.034767183940155988e+01,1.049607357863640189e+01,0.000000000000000000e+00
1.530062513557206039e+01,1.037676974928070983e+01,1.052463436330807767e+01,0.000000000000000000e+00
1.540062922142547031e+01,1.040559715259074913e+01,1.055292138459569529e+01,0.000000000000000000e+00
1.550063330727888022e+01,1.043415796165341014e+01,1.058093911740953530e+01,0.000000000000000000e+00
1.560063739313229014e+01,1.046245601951006066e+01,1.060869194407303695e+01,0.000000000000000000e+00
1.570064147898570006e+01,1.049049510119727913e+01,1.063618415631688663e+01,0.000000000000000000e+00
1.580064556483912064e+01,1.051827891500652967e+01,1.066341995724516423e+01,0.000000000000000000e+00
1.590064965069253056e+01,1.054581110372683028e+01,1.069040346327219382e+01,0.000000000000000000e+00
1.600065373654593870e+01,1.057309524587081917e+01,1.071713870602906127e+01,0.000000000000000000e+00
1.610065782239934862e+01,1.060013485688373969e+01,1.074362963423888573e+01,0.000000000000000000e+00
1.620066190825276919e+01,1.062693339033154949e+01,1.076988011556006342e+01,0.000000000000000000e+00
1.630066599410617911e+01,1.065349423907590953e+01,1.079589393839692235e+01,0.000000000000000000e+00
1.640067007995958903e+01,1.067982073642778040e+01,1.082167481367736528e+01,0.000000000000000000e+00
1.650067416581299895e+01,1.070591615728324086e+01,1.084722637659707090e+01,0.000000000000000000e+00
1.660067825166640887e+01,1.073178371924086960e+01,1.087255218833008641e+01,0.000000000000000000e+00
1.670068233751982945e+01,1.075742658370067062e+01,1.089765573770566931e+01,0.000000000000000000e+00
1.680068642337323936e+01,1.078284785694414971e+01,1.092254044285132153e+01,0.000000000000000000e+00
1.690069050922664928e+01,1.080805059119590084e+01,1.094720965280206570e+01,0.000000000000000000e+00
1.700069459508005920e+01,1.083303778566686049e+01,1.097166664907609146e+01,0.000000000000000000e+00
1.710069868093346912e+01,1.085781238757859057e+01,1.099591464721687473e+01,0.000000000000000000e+00
1.720070276678688970e+01,1.088237729316944957e+01,1.101995679830209340e+01,0.000000000000000000e+00
1.730070685264029962e+01,1.090673534868239081e+01,1.104379619041954896e+01,0.000000000000000000e+00
1.740071093849370953e+01,1.093088935133448913e+01,1.106743585011046349e+01,0.000000000000000000e+00
1.750071502434711945e+01,1.095484205026857971e+01,1.109087874378048255e+01,0.000000000000000000e+00
1.760071911020052937e+01,1.097859614748372081e+01,1.111412777907877469e+01,0.000000000000000000e+00
1.770072319605394995e+01,1.100215429875552964e+01,1.113718580624574983e+01,0.000000000000000000e+00
1.780072728190735987e+01,1.102551911454007083e+01,1.116005561942966651e+01,0.000000000000000000e+00
1.790073136776076979e+01,1.104869316084294972e+01,1.118273995797283504e+01,0.000000000000000000e+00
1.800073545361417970e+01,1.107167896008875019e+01,1.120524150766767946e+01,0.000000000000000000e+00
1.810073953946758962e+01,1.109447899196798026e+01,1.122756290198334739e+01,0.000000000000000000e+00
1.820074362532101020e+01,1.111709569426732003e+01,1.124970672326329080e+01,0.000000000000000000e+00
1.830074771117442012e+01,1.113953146368391955e+01,1.127167550389437878e+01,0.000000000000000000e+00
1.840075179702783004e+01,1.116178865662316078e+01,1.129347172744808603e+01,0.000000000000000000e+00
1.850075588288123996e+01,1.118386958998057068e+01,1.131509782979428991e+01,0.000000000000000000e+00
1.860075996873464987e+01,1.120577654190815053e+01,1.133655620018822319e+01,0.000000000000000000e+00
1.870076405458807045e+01,1.122751175256481027e+01,1.135784918233117935e+01,0.000000000000000000e+00
1.880076814044148037e+01,1.124907742485249074e+01,1.137897907540541453e+01,0.000000000000000000e+00
1.890077222629489029e+01,1.127047572513659013e+01,1.139994813508394600e+01,0.000000000000000000e+00
1.900077631214830021e+01,1.129170878395190059e+01,1.142075857451565213e+01,0.000000000000000000e+00
1.910078039800172078e+01,1.131277869669438019e+01,1.144141256528632766e+01,0.000000000000000000e+00
1.920078448385513070e+01,1.133368752429839965e+01,1.146191223835616313e+01,0.000000000000000000e+00
1.930078856970854062e+01,1.135443729390052070e+01,1.148225968497424176e+01,0.000000000000000000e+00
1.940079265556195054e+01,1.137502999948912041e+01,1.150245695757053710e+01,0.000000000000000000e+00
1.950079674141536046e+01,1.139546760254122049e+01,1.152250607062596188e+01,0.000000000000000000e+00
1.960080082726878103e+01,1.141575203264557992e+01,1.154240900152100480e+01,0.000000000000000000e+00
1.970080491312219095e+01,1.143588518811315957e+01,1.156216769136342748e+01,0.000000000000000000e+00
1.980080899897560087e+01,1.145586893657523930e+01,1.158178404579553700e+01,0.000000000000000000e+00
1.990081308482901079e+01,1.147570511556862982e+01,1.160125993578155246e+01,0.000000000000000000e+00
2.000081717068242071e+01,1.149539553310897944e+01,1.162059719837553828e+01,0.000000000000000000e+00
2.010082125653584129e+01,1.151494196825066929e+01,1.163979763747036955e+01,0.000000000000000000e+00
2.020082534238925120e+01,1.153434617163749998e+01,1.165886302452819123e+01,0.000000000000000000e+00
2.030082942824266112e+01,1.155360986604780038e+01,1.167779509929292914e+01,0.000000000000000000e+00
2.040083351409607104e+01,1.157273474691139015e+01,1.169659557048512255e+01,0.000000000000000000e+00
2.050083759994948096e+01,1.159172248282967921e+01,1.171526611647971450e+01,0.000000000000000000e+00
2.060084168580290154e+01,1.161057471608095071e+01,1.173380838596709452e+01,0.000000000000000000e+00
2.070084577165631146e+01,1.162929306311541033e+01,1.175222399859788425e+01,0.000000000000000000e+00
2.080084985750972137e+01,1.164787911503962015e+01,1.177051454561186716e+01,0.000000000000000000e+00
2.090085394336313129e+01,1.166633443809111981e+01,1.178868159045147834e+01,0.000000000000000000e+00
2.100085802921654121e+01,1.168466057410300962e+01,1.180672666936020931e+01,0.000000000000000000e+00
2.110086211506995824e+01,1.170285904095877960e+01,1.182465129196637221e+01,0.000000000000000000e+00
2.120086620092337171e+01,1.172093133303810930e+01,1.184245694185255005e+01,0.000000000000000000e+00
2.130087028677678163e+01,1.173887892165267921e+01,1.186014507711117005e+01,0.000000000000000000e+00
2.140087437263019865e+01,1.175670325547375050e+01,1.187771713088647729e+01,0.000000000000000000e+00
2.150087845848360857e+01,1.177440576095031943e+01,1.189517451190330277e+01,0.000000000000000000e+00
2.160088254433701849e+01,1.179198784271880918e+01,1.191251860498300275e+01,0.000000000000000000e+00
2.170088663019042841e+01,1.180945088400424936e+01,1.192975077154683916e+01,0.000000000000000000e+00
2.180089071604383832e+01,1.182679624701304988e+01,1.194687235010716009e+01,0.000000000000000000e+00
2.190089480189725890e+01,1.184402527331780952e+01,1.196388465674670698e+01,0.000000000000000000e+00
2.200089888775066882e+01,1.186113928423401020e+01,1.198078898558634009e+01,0.000000000000000000e+00
2.210090297360407874e+01,1.187813958118936064e+01,1.199758660924150178e+01,0.000000000000000000e+00
2.220090705945748866e+01,1.189502744608470941e+01,1.201427877926768772e+01,0.000000000000000000e+00
2.230091114531089858e+01,1.191180414164836066e+01,1.203086672659522804e+01,0.000000000000000000e+00
2.240091523116431915e+01,1.192847091178277985e+01,1.204735166195368734e+01,0.000000000000000000e+00
2.250091931701772907e+01,1.194502898190395968e+01,1.206373477628606494e+01,0.000000000000000000e+00
2.260092340287113899e+01,1.196147955927338025e+01,1.208001724115318609e+01,0.000000000000000000e+00
2.270092748872454891e+01,1.197782383332295986e+01,1.209620020912843685e+01,0.000000000000000000e+00
2.280093157457796949e+01,1.199406297598173943e+01,1.211228481418313407e+01,0.000000000000000000e+00
2.290093566043137940e+01,1.201019814197919011e+01,1.212827217206277908e+01,0.000000000000000000e+00
2.300093974628478932e+01,1.202623046915499039e+01,1.214416338065445089e+01,0.000000000000000000e+00
2.310094383213819924e+01,1.204216107875885022e+01,1.215995952034549887e+01,0.000000000000000000e+00
2.320094791799160916e+01,1.205799107574459050e+01,1.217566165437384385e+01,0.000000000000000000e+00
2.330095200384502974e+01,1.207372154905823081e+01,1.219127082917006177e+01,0.000000000000000000e+00
2.340095608969843965e+01,1.208935357191985993e+01,1.220678807469145610e+01,0.000000000000000000e+00
2.350096017555184957e+01,1.210488820210036032e+01,1.222221440474837806e+01,0.000000000000000000e+00
2.360096426140525949e+01,1.212032648219213016e+01,1.223755081732290861e+01,0.000000000000000000e+00
2.370096834725866941e+01,1.213566943987443025e+01,1.225279829488020766e+01,0.000000000000000000e+00
2.380097243311208999e+01,1.215091808817365049e+01,1.226795780467260855e+01,0.000000000000000000e+00
2.390097651896549991e+01,1.216607342571809980e+01,1.228303029903673504e+01,0.000000000000000000e+00
2.400098060481890982e+01,1.218113643698758963e+01,1.229801671568378652e+01,0.000000000000000000e+00
2.410098469067231974e+01,1.219610809255853034e+01,1.231291797798313326e+01,0.000000000000000000e+00
2.420098877652572966e+01,1.221098934934354041e+01,1.232773499523946015e+01,0.000000000000000000e+00
2.430099286237915024e+01,1.222578115082673023e+01,1.234246866296356870e+01,0.000000000000000000e+00
2.440099694823256016e+01,1.224048442729407959e+01,1.235711986313703648e+01,0.000000000000000000e+00
2.450100103408597008e+01,1.225510009605921979e+01,1.237168946447085105e+01,0.000000000000000000e+00
2.460100511993937999e+01,1.226962906168500034e+01,1.238617832265823893e+01,0.000000000000000000e+00
2.470100920579278991e+01,1.228407221620044076e+01,1.240058728062173898e+01,0.000000000000000000e+00
2.480101329164621049e+01,1.229843043931339075e+01,1.241491716875476570e+01,0.000000000000000000e+00
2.490101737749962041e+01,1.231270459861934974e+01,1.242916880515773315e+01,0.000000000000000000e+00
2.500102146335303033e+01,1.232689554980568047e+01,1.244334299586892811e+01,0.000000000000000000e+00
2.510102554920644025e+01,1.234100413685187014e+01,1.245744053509020688e+01,0.000000000000000000e+00
2.520102963505985016e+01,1.235503119222438073e+01,1.247146220540770756e+01,0.000000000000000000e+00
2.530103372091327074e+01,1.236897753707667036e+01,1.248540877800764548e+01,0.000000000000000000e+00
2.540103780676668066e+01,1.238284398143007969e+01,1.249928101288736926e+01,0.000000000000000000e+00
2.550104189262009058e+01,1.239663132436201032e+01,1.251307965906176989e+01,0.000000000000000000e+00
2.560104597847350050e+01,1.241034035418756964e+01,1.252680545476512819e+01,0.000000000000000000e+00
2.570105006432692107e+01,1.242397184863784076e+01,1.254045912764859239e+01,0.000000000000000000e+00
2.580105415018033099e+01,1.243752657503472925e+01,1.255404139497328586e+01,0.000000000000000000e+00
2.590105823603374091e+01,1.245100529046226079e+01,1.256755296379929732e+01,0.000000000000000000e+00
2.600106232188715083e+01,1.246440874193464055e+01,1.258099453117049649e+01,0.000000000000000000e+00
2.610106640774056075e+01,1.247773766656142058e+01,1.259436678429539569e+01,0.000000000000000000e+00
2.620107049359398133e+01,1.249099279170900978e+01,1.260767040072411405e+01,0.000000000000000000e+00
2.630107457944739124e+01,1.250417483515949968e+01,1.262090604852150477e+01,0.000000000000000000e+00
2.640107866530080116e+01,1.251728450526625025e+01,1.263407438643663028e+01,0.000000000000000000e+00
2.650108275115421108e+01,1.253032250110654999e+01,1.264717606406857797e+01,0.000000000000000000e+00
2.660108683700762100e+01,1.254328951263157954e+01,1.266021172202875533e+01,0.000000000000000000e+00
2.670109092286104158e+01,1.255618622081322933e+01,1.267318199209974949e+01,0.000000000000000000e+00
2.680109500871445150e+01,1.256901329778840015e+01,1.268608749739080821e+01,0.000000000000000000e+00
2.690109909456786141e+01,1.258177140700045982e+01,1.269892885249009140e+01,0.000000000000000000e+00
2.700110318042127133e+01,1.259446120333829988e+01,1.271170666361364354e+01,0.000000000000000000e+00
2.710110726627468125e+01,1.260708333327220920e+01,1.272442152875132493e+01,0.000000000000000000e+00
2.720111135212809828e+01,1.261963843498796933e+01,1.273707403780963432e+01,0.000000000000000000e+00
2.730111543798151175e+01,1.263212713851780045e+01,1.274966477275159704e+01,0.000000000000000000e+00
2.740111952383492167e+01,1.264455006586931063e+01,1.276219430773371855e+01,0.000000000000000000e+00
2.750112360968833869e+01,1.265690783115184992e+01,1.277466320924013488e+01,0.000000000000000000e+00
2.760112769554174861e+01,1.266920104070056041e+01,1.278707203621397070e+01,0.000000000000000000e+00
2.770113178139515853e+01,1.268143029319569060e+01,1.279942134018601507e+01,0.000000000000000000e+00
2.780113586724856845e+01,1.269359617978969013e+01,1.281171166540073258e+01,0.000000000000000000e+00
2.790113995310197836e+01,1.270569928421685013e+01,1.282394354893974153e+01,0.000000000000000000e+00
2.800114403895539894e+01,1.271774018291118047e+01,1.283611752084273405e+01,0.000000000000000000e+00
2.810114812480880886e+01,1.272971944511949083e+01,1.284823410422596623e+01,0.000000000000000000e+00
2.820115221066221878e+01,1.274163763301229935e+01,1.286029381539834304e+01,0.000000000000000000e+00
2.830115629651562870e+01,1.275349530179300928e+01,1.287229716397516555e+01,0.000000000000000000e+00
2.840116038236903862e+01,1.276529299980490961e+01,1.288424465298957600e+01,0.000000000000000000e+00
2.850116446822245919e+01,1.277703126863615957e+01,1.289613677900179312e+01,0.000000000000000000e+00
2.860116855407586911e+01,1.278871064322319029e+01,1.290797403220611983e+01,0.000000000000000000e+00
2.870117263992927903e+01,1.280033165195193057e+01,1.291975689653588688e+01,0.000000000000000000e+00
2.880117672578268895e+01,1.281189481675733965e+01,1.293148584976623638e+01,0.000000000000000000e+00
2.890118081163609887e+01,1.282340065322127032e+01,1.294316136361493719e+01,0.000000000000000000e+00
2.900118489748951944e+01,1.283484967066829974e+01,1.295478390384115741e+01,0.000000000000000000e+00
2.910118898334292936e+01,1.284624237226022991e+01,1.296635393034232209e+01,0.000000000000000000e+00
2.920119306919633928e+01,1.285757925508857014e+01,1.297787189724906654e+01,0.000000000000000000e+00
2.930119715504974920e+01,1.286886081026560014e+01,1.298933825301832812e+01,0.000000000000000000e+00
2.940120124090316978e+01,1.288008752301363913e+01,1.300075344052464033e+01,0.000000000000000000e+00
2.950120532675657969e+01,1.289125987275287066e+01,1.301211789714960787e+01,0.000000000000000000e+00
2.960120941260998961e+01,1.290237833318768956e+01,1.302343205486971200e+01,0.000000000000000000e+00
2.970121349846339953e+01,1.291344337239135953e+01,1.303469634034236790e+01,0.000000000000000000e+00
2.980121758431680945e+01,1.292445545288924968e+01,1.304591117499035491e+01,0.000000000000000000e+00
2.990122167017023003e+01,1.293541503174060026e+01,1.305707697508461607e+01,0.000000000000000000e+00
3.000122575602363995e+01,1.294632256061909992e+01,1.306819415182546607e+01,0.000000000000000000e+00
3.010122984187704986e+01,1.295717848589153931e+01,1.307926311142226794e+01,0.000000000000000000e+00
3.020123392773045978e+01,1.296798324869386931e+01,1.309028425517158567e+01,0.000000000000000000e+00
3.030123801358386970e+01,1.297873728501270030e+01,1.310125797953385529e+01,0.000000000000000000e+00
3.040124209943729028e+01,1.298944102575518045e+01,1.311218467620860650e+01,0.000000000000000000e+00
3.050124618529070020e+01,1.300009489682403085e+01,1.312306473220826319e+01,0.000000000000000000e+00
3.060125027114411012e+01,1.301069931919020028e+01,1.313389852993058682e+01,0.000000000000000000e+00
3.070125435699752003e+01,1.302125470896391057e+01,1.314468644722970936e+01,0.000000000000000000e+00
3.080125844285092995e+01,1.303176147746452962e+01,1.315542885748590507e+01,0.000000000000000000e+00
3.090126252870435053e+01,1.304222003128952068e+01,1.316612612967400153e+01,0.000000000000000000e+00
3.100126661455776045e+01,1.305263077238189950e+01,1.317677862843057213e+01,0.000000000000000000e+00
3.110127070041117037e+01,1.306299409809668965e+01,1.318738671411987085e+01,0.000000000000000000e+00
3.120127478626458029e+01,1.307331040126620003e+01,1.319795074289852721e+01,0.000000000000000000e+00
3.130127887211799020e+01,1.308358007026428993e+01,1.320847106677909011e+01,0.000000000000000000e+00
3.140128295797141078e+01,1.309380348906944036e+01,1.321894803369237792e+01,0.000000000000000000e+00
3.150128704382482070e+01,1.310398103732683950e+01,1.322938198754871664e+01,0.000000000000000000e+00
3.160129112967823062e+01,1.311411309040951956e+01,1.323977326829803047e+01,0.000000000000000000e+00
3.170129521553164054e+01,1.312420001947817916e+01,1.325012221198888085e+01,0.000000000000000000e+00
3.180129930138505046e+01,1.313424219154033956e+01,1.326042915082639340e+01,0.000000000000000000e+00
3.190130338723847103e+01,1.314423996950836049e+01,1.327069441322918664e+01,0.000000000000000000e+00
3.200130747309187740e+01,1.315419371225623024e+01,1.328091832388523130e+01,0.000000000000000000e+00
3.210131155894529087e+01,1.316410377467552983e+01,1.329110120380674331e+01,0.000000000000000000e+00
3.220131564479869724e+01,1.317397050773223022e+01,1.330124337038407134e+01,0.000000000000000000e+00
3.230131973065211781e+01,1.318379425851914988e+01,1.331134513743865355e+01,0.000000000000000000e+00
3.240132381650553128e+01,1.319357537030994010e+01,1.332140681527498671e+01,0.000000000000000000e+00
3.250132790235893765e+01,1.320331418261164913e+01,1.333142871073171776e+01,0.000000000000000000e+00
3.260133198821235112e+01,1.321301103121641063e+01,1.334141112723182587e+01,0.000000000000000000e+00
3.270133607406575749e+01,1.322266624825076065e+01,1.335135436483189153e+01,0.000000000000000000e+00
3.280134015991917806e+01,1.323228016222977921e+01,1.336125872027053418e+01,0.000000000000000000e+00
3.290134424577259153e+01,1.324185309810262012e+01,1.337112448701599021e+01,0.000000000000000000e+00
3.300134833162599790e+01,1.325138537730155086e+01,1.338095195531284887e+01,0.000000000000000000e+00
3.310135241747941137e+01,1.326087731779007051e+01,1.339074141222799952e+01,0.000000000000000000e+00
3.320135650333281774e+01,1.327032923410940057e+01,1.340049314169576533e+01,0.000000000000000000e+00
3.330136058918623831e+01,1.327974143742484081e+01,1.341020742456224468e+01,0.000000000000000000e+00
3.340136467503965179e+01,1.328911423557098992e+01,1.341988453862892072e+01,0.000000000000000000e+00
3.350136876089305815e+01,1.329844793309642981e+01,1.342952475869549644e+01,0.000000000000000000e+00
3.360137284674647162e+01,1.330774283130758029e+01,1.343912835660199789e+01,0.000000000000000000e+00
3.370137693259989220e+01,1.331699922831196048e+01,1.344869560127016683e+01,0.000000000000000000e+00
3.380138101845329857e+01,1.332621741906072010e+01,1.345822675874413576e+01,0.000000000000000000e+00
3.390138510430671204e+01,1.333539769539055975e+01,1.346772209223044214e+01,0.000000000000000000e+00
3.400138919016013261e+01,1.334454034606470074e+01,1.347718186213730363e+01,0.000000000000000000e+00
3.410139327601353187e+01,1.335364565681367921e+01,1.348660632611329646e+01,0.000000000000000000e+00
3.420139736186695245e+01,1.336271391037509915e+01,1.349599573908535177e+01,0.000000000000000000e+00
3.430140144772035882e+01,1.337174538653307998e+01,1.350535035329610523e+01,0.000000000000000000e+00
3.440140553357377229e+01,1.338074036215668983e+01,1.351467041834063565e+01,0.000000000000000000e+00
3.450140961942719287e+01,1.338969911123832013e+01,1.352395618120259613e+01,0.000000000000000000e+00
3.460141370528059213e+01,1.339862190493080973e+01,1.353320788628972338e+01,0.000000000000000000e+00
3.470141779113401270e+01,1.340750901158462938e+01,1.354242577546876447e+01,0.000000000000000000e+00
3.480142187698741907e+01,1.341636069678405008e+01,1.355161008809985290e+01,0.000000000000000000e+00
3.490142596284083254e+01,1.342517722338292074e+01,1.356076106107026646e+01,0.000000000000000000e+00
3.500143004869425312e+01,1.343395885153990932e+01,1.356987892882767710e+01,0.000000000000000000e+00
3.510143413454765238e+01,1.344270583875320924e+01,1.357896392341282876e+01,0.000000000000000000e+00
3.520143822040107295e+01,1.345141843989351038e+01,1.358801627449168592e+01,0.000000000000000000e+00
3.530144230625447932e+01,1.346009690724051922e+01,1.359703620938705626e+01,0.000000000000000000e+00
3.540144639210789279e+01,1.346874149051384961e+01,1.360602395310971957e+01,0.000000000000000000e+00
3.550145047796131337e+01,1.347735243690578066e+01,1.361497972838901305e+01,0.000000000000000000e+00
3.560145456381471973e+01,1.348592999111357926e+01,1.362390375570294410e+01,0.000000000000000000e+00
3.570145864966813321e+01,1.349447439537101978e+01,1.363279625330784484e+01,0.000000000000000000e+00
3.580146273552153957e+01,1.350298588947980960e+01,1.364165743726747948e+01,0.000000000000000000e+00
3.590146682137495304e+01,1.351146471084003942e+01,1.365048752148176092e+01,0.000000000000000000e+00
3.600147090722836651e+01,1.351991109448034045e+01,1.365928671771495928e+01,0.000000000000000000e+00
3.610147499308177999e+01,1.352832527308781962e+01,1.366805523562347702e+01,0.000000000000000000e+00
3.620147907893519346e+01,1.353670747703733035e+01,1.367679328278317641e+01,0.000000000000000000e+00
3.630148316478859982e+01,1.354505793442016071e+01,1.368550106471628425e+01,0.000000000000000000e+00
3.640148725064201329e+01,1.355337687107265943e+01,1.369417878491787732e+01,0.000000000000000000e+00
3.650149133649542676e+01,1.356166451060413003e+01,1.370282664488190605e+01,0.000000000000000000e+00
3.660149542234884024e+01,1.356992107442465034e+01,1.371144484412687703e+01,0.000000000000000000e+00
3.670149950820224660e+01,1.357814678177187950e+01,1.372003358022106312e+01,0.000000000000000000e+00
3.680150359405566007e+01,1.358634184973817050e+01,1.372859304880738307e+01,0.000000000000000000e+00
3.690150767990907354e+01,1.359450649329686023e+01,1.373712344362784776e+01,0.000000000000000000e+00
3.700151176576248702e+01,1.360264092532822922e+01,1.374562495654764049e+01,0.000000000000000000e+00
3.710151585161590049e+01,1.361074535664523033e+01,1.375409777757883134e+01,0.000000000000000000e+00
3.720151993746930685e+01,1.361881999601851945e+01,1.376254209490371494e+01,0.000000000000000000e+00
3.730152402332272032e+01,1.362686505020164063e+01,1.377095809489779654e+01,0.000000000000000000e+00
3.740152810917612669e+01,1.363488072395526984e+01,1.377934596215241925e+01,0.000000000000000000e+00
3.750153219502954727e+01,1.364286722007157060e+01,1.378770587949704307e+01,0.000000000000000000e+00
3.760153628088296074e+01,1.365082473939794028e+01,1.379603802802118651e+01,0.000000000000000000e+00
3.770154036673636710e+01,1.365875348085958052e+01,1.380434258709602702e+01,0.000000000000000000e+00
3.780154445258978058e+01,1.366665364148482986e+01,1.381261973439569957e+01,0.000000000000000000e+00
3.790154853844318694e+01,1.367452541642646047e+01,1.382086964591821499e+01,0.000000000000000000e+00
3.800155262429660752e+01,1.368236899898401937e+01,1.382909249600614388e+01,0.000000000000000000e+00
3.810155671015002099e+01,1.369018458062623012e+01,1.383728845736688839e+01,0.000000000000000000e+00
3.820156079600342736e+01,1.369797235101295918e+01,1.384545770109275864e+01,0.000000000000000000e+00
3.830156488185684083e+01,1.370573249801650917e+01,1.385360039668065113e+01,0.000000000000000000e+00
3.840156896771024719e+01,1.371346520774300970e+01,1.386171671205149636e+01,0.000000000000000000e+00
3.850157305356366777e+01,1.372117066455327006e+01,1.386980681356938305e+01,0.000000000000000000e+00
3.860157713941708124e+01,1.372884905108345954e+01,1.387787086606041598e+01,0.000000000000000000e+00
3.870158122527048761e+01,1.373650054826523004e+01,1.388590903283127886e+01,0.000000000000000000e+00
3.880158531112390108e+01,1.374412533534595937e+01,1.389392147568753444e+01,0.000000000000000000e+00
3.890158939697730744e+01,1.375172358990836052e+01,1.390190835495165089e+01,0.000000000000000000e+00
3.900159348283072802e+01,1.375929548789016010e+01,1.390986982948076900e+01,0.000000000000000000e+00
3.910159756868414149e+01,1.376684120360308938e+01,1.391780605668417792e+01,0.000000000000000000e+00
3.920160165453754786e+01,1.377436090975191085e+01,1.392571719254058138e+01,0.000000000000000000e+00
3.930160574039096133e+01,1.378185477745292964e+01,1.393360339161508676e+01,0.000000000000000000e+00
3.940160982624436770e+01,1.378932297625273939e+01,1.394146480707593128e+01,0.000000000000000000e+00
3.950161391209778827e+01,1.379676567414608002e+01,1.394930159071100206e+01,0.000000000000000000e+00
3.960161799795120174e+01,1.380418303759389964e+01,1.395711389294408988e+01,0.000000000000000000e+00
3.970162208380462232e+01,1.381157523154086064e+01,1.396490186285090473e+01,0.000000000000000000e+00
3.980162616965802869e+01,1.381894241943295043e+01,1.397266564817489254e+01,0.000000000000000000e+00
3.990163025551144216e+01,1.382628476323439948e+01,1.398040539534278537e+01,0.000000000000000000e+00
4.000163434136484852e+01,1.383360242344486046e+01,1.398812124947994562e+01,0.000000000000000000e+00
4.010163842721826200e+01,1.384089555911602076e+01,1.399581335442551122e+01,0.000000000000000000e+00
4.020164251307168257e+01,1.384816432786744933e+01,1.400348185274728152e+01,0.000000000000000000e+00
4.030164659892508894e+01,1.385540888590431052e+01,1.401112688575642196e+01,0.000000000000000000e+00
4.040165068477850241e+01,1.386262938803261946e+01,1.401874859352196268e+01,0.000000000000000000e+00
4.050165477063190878e+01,1.386982598767474073e+01,1.402634711488506980e+01,0.000000000000000000e+00
4.060165885648532225e+01,1.387699883688519087e+01,1.403392258747312837e+01,0.000000000000000000e+00
4.070166294233874282e+01,1.388414808636603048e+01,1.404147514771363703e+01,0.000000000000000000e+00
4.080166702819214919e+01,1.389127388548203967e+01,1.404900493084788238e+01,0.000000000000000000e+00
4.090167111404556266e+01,1.389837638227579930e+01,1.405651207094443933e+01,0.000000000000000000e+00
4.100167519989896903e+01,1.390545572348244008e+01,1.406399670091248311e+01,0.000000000000000000e+00
4.110167928575238250e+01,1.391251205454405060e+01,1.407145895251491652e+01,0.000000000000000000e+00
4.120168337160580307e+01,1.391954551962430031e+01,1.407889895638129474e+01,0.000000000000000000e+00
4.130168745745920944e+01,1.392655626162246918e+01,1.408631684202059375e+01,0.000000000000000000e+00
4.140169154331262291e+01,1.393354442218745071e+01,1.409371273783380474e+01,0.000000000000000000e+00
4.150169562916602928e+01,1.394051014173163949e+01,1.410108677112632591e+01,0.000000000000000000e+00
4.160169971501944275e+01,1.394745355944461984e+01,1.410843906812021231e+01,0.000000000000000000e+00
4.170170380087286333e+01,1.395437481330636942e+01,1.411576975396625144e+01,0.000000000000000000e+00
4.180170788672626969e+01,1.396127404010077022e+01,1.412307895275585068e+01,0.000000000000000000e+00
4.190171197257968316e+01,1.396815137542857066e+01,1.413036678753280739e+01,0.000000000000000000e+00
4.200171605843308953e+01,1.397500695372048973e+01,1.413763338030487304e+01,0.000000000000000000e+00
4.210172014428650300e+01,1.398184090824974923e+01,1.414487885205518225e+01,0.000000000000000000e+00
4.220172423013991647e+01,1.398865337114476937e+01,1.415210332275353622e+01,0.000000000000000000e+00
4.230172831599332994e+01,1.399544447340153042e+01,1.415930691136749786e+01,0.000000000000000000e+00
4.240173240184674341e+01,1.400221434489595040e+01,1.416648973587339100e+01,0.000000000000000000e+00
4.250173648770014978e+01,1.400896311439604958e+01,1.417365191326708285e+01,0.000000000000000000e+00
4.260174057355356325e+01,1.401569090957361929e+01,1.418079355957470966e+01,0.000000000000000000e+00
4.270174465940697672e+01,1.402239785701572039e+01,1.418791478986315369e+01,0.000000000000000000e+00
4.280174874526039019e+01,1.402908408223743031e+01,1.419501571825048103e+01,0.000000000000000000e+00
4.290175283111379656e+01,1.403574970969281921e+01,1.420209645791616992e+01,0.000000000000000000e+00
4.300175691696721003e+01,1.404239486278592075e+01,1.420915712111123952e+01,0.000000000000000000e+00
4.310176100282062350e+01,1.404901966388201018e+01,1.421619781916822944e+01,0.000000000000000000e+00
4.320176508867403697e+01,1.405562423431902985e+01,1.422321866251104083e+01,0.000000000000000000e+00
4.330176917452745045e+01,1.406220869441800048e+01,1.423021976066468142e+01,0.000000000000000000e+00
4.340177326038085681e+01,1.406877316349418017e+01,1.423720122226482943e+01,0.000000000000000000e+00
4.350177734623427739e+01,1.407531775986764089e+01,1.424416315506732644e+01,0.000000000000000000e+00
4.360178143208767665e+01,1.408184260087370987e+01,1.425110566595750328e+01,0.000000000000000000e+00
4.370178551794109723e+01,1.408834780287324051e+01,1.425802886095941346e+01,0.000000000000000000e+00
4.380178960379451070e+01,1.409483348126303071e+01,1.426493284524491756e+01,0.000000000000000000e+00
4.390179368964791706e+01,1.410129975048577933e+01,1.427181772314268571e+01,0.000000000000000000e+00
4.400179777550133764e+01,1.410774672404030916e+01,1.427868359814705101e+01,0.000000000000000000e+00
4.410180186135473690e+01,1.411417451449099048e+01,1.428553057292675987e+01,0.000000000000000000e+00
4.420180594720815748e+01,1.412058323347786981e+01,1.429235874933361927e+01,0.000000000000000000e+00
4.430181003306157095e+01,1.412697299172607934e+01,1.429916822841100910e+01,0.000000000000000000e+00
4.440181411891497731e+01,1.413334389905548960e+01,1.430595911040231272e+01,0.000000000000000000e+00
4.450181820476839789e+01,1.413969606438979021e+01,1.431273149475923390e+01,0.000000000000000000e+00
4.460182229062179715e+01,1.414602959576602004e+01,1.431948548014996092e+01,0.000000000000000000e+00
4.470182637647521773e+01,1.415234460034359998e+01,1.432622116446732008e+01,0.000000000000000000e+00
4.480183046232863120e+01,1.415864118441334085e+01,1.433293864483672664e+01,0.000000000000000000e+00
4.490183454818203757e+01,1.416491945340644953e+01,1.433963801762409673e+01,0.000000000000000000e+00
4.500183863403545814e+01,1.417117951190316916e+01,1.434631937844364558e+01,0.000000000000000000e+00
4.510184271988885740e+01,1.417742146364163069e+01,1.435298282216556842e+01,0.000000000000000000e+00
4.520184680574227798e+01,1.418364541152593006e+01,1.435962844292365759e+01,0.000000000000000000e+00
4.530185089159569145e+01,1.418985145763548950e+01,1.436625633412278447e+01,0.000000000000000000e+00
4.540185497744909782e+01,1.419603970323337983e+01,1.437286658844632115e+01,0.000000000000000000e+00
4.550185906330251839e+01,1.420221024877380955e+01,1.437945929786345545e+01,0.000000000000000000e+00
4.560186314915593186e+01,1.420836319391072067e+01,1.438603455363641004e+01,0.000000000000000000e+00
4.570186723500933823e+01,1.421449863750594922e+01,1.439259244632758694e+01,0.000000000000000000e+00
4.580187132086275170e+01,1.422061667763697912e+01,1.439913306580659480e+01,0.000000000000000000e+00
4.590187540671617228e+01,1.422671741160499082e+01,1.440565650125722641e+01,0.000000000000000000e+00
4.600187949256957864e+01,1.423280093594265061e+01,1.441216284118431901e+01,0.000000000000000000e+00
4.610188357842299212e+01,1.423886734642174012e+01,1.441865217342054351e+01,0.000000000000000000e+00
4.620188766427639848e+01,1.424491673806079994e+01,1.442512458513311557e+01,0.000000000000000000e+00
4.630189175012981195e+01,1.425094920513254060e+01,1.443158016283040723e+01,0.000000000000000000e+00
4.640189583598323253e+01,1.425696484117150042e+01,1.443801899236849096e+01,0.000000000000000000e+00
4.650189992183663890e+01,1.426296373898098047e+01,1.444444115895759495e+01,0.000000000000000000e+00
4.660190400769005237e+01,1.426894599064073077e+01,1.445084674716849804e+01,0.000000000000000000e+00
4.670190809354345873e+01,1.427491168751384976e+01,1.445723584093881087e+01,0.000000000000000000e+00
4.680191217939687220e+01,1.428086092025377063e+01,1.446360852357922511e+01,0.000000000000000000e+00
4.690191626525029278e+01,1.428679377881151069e+01,1.446996487777965612e+01,0.000000000000000000e+00
4.700192035110369915e+01,1.429271035244243926e+01,1.447630498561530743e+01,0.000000000000000000e+00
4.710192443695711262e+01,1.429861072971297986e+01,1.448262892855269968e+01,0.000000000000000000e+00
4.720192852281053320e+01,1.430449499850757000e+01,1.448893678745557878e+01,0.000000000000000000e+00
4.730193260866393246e+01,1.431036324603510046e+01,1.449522864259077792e+01,0.000000000000000000e+00
4.740193669451735303e+01,1.431621555883586971e+01,1.450150457363403689e+01,0.000000000000000000e+00
4.750194078037075940e+01,1.432205202278760048e+01,1.450776465967567219e+01,0.000000000000000000e+00
4.760194486622417287e+01,1.432787272311225024e+01,1.451400897922627564e+01,0.000000000000000000e+00
4.770194895207759345e+01,1.433367774438188924e+01,1.452023761022227077e+01,0.000000000000000000e+00
4.780195303793099271e+01,1.433946717052551989e+01,1.452645063003145154e+01,0.000000000000000000e+00
4.790195712378441328e+01,1.434524108483551075e+01,1.453264811545841084e+01,0.000000000000000000e+00
4.800196120963781965e+01,1.435099956997301085e+01,1.453883014274995134e+01,0.000000000000000000e+00
4.810196529549123312e+01,1.435674270797420071e+01,1.454499678760039671e+01,0.000000000000000000e+00
4.820196938134464659e+01,1.436247058025647050e+01,1.455114812515686751e+01,0.000000000000000000e+00
4.830197346719805296e+01,1.436818326762431930e+01,1.455728423002446803e+01,0.000000000000000000e+00
4.840197755305147354e+01,1.437388085027498974e+01,1.456340517627143072e+01,0.000000000000000000e+00
4.850198163890487990e+01,1.437956340780469056e+01,1.456951103743419296e+01,0.000000000000000000e+00
4.860198572475829337e+01,1.438523101921365921e+01,1.457560188652242417e+01,0.000000000000000000e+00
4.870198981061170684e+01,1.439088376291267046e+01,1.458167779602398184e+01,0.000000000000000000e+00
4.880199389646511321e+01,1.439652171672785919e+01,1.458773883790981785e+01,0.000000000000000000e+00
4.890199798231852668e+01,1.440214495790668003e+01,1.459378508363881721e+01,0.000000000000000000e+00
4.900200206817194015e+01,1.440775356312328981e+01,1.459981660416260851e+01,0.000000000000000000e+00
4.910200615402534652e+01,1.441334760848378060e+01,1.460583346993027476e+01,0.000000000000000000e+00
4.920201023987876709e+01,1.441892716953175935e+01,1.461183575089305720e+01,0.000000000000000000e+00
4.930201432573218057e+01,1.442449232125347969e+01,1.461782351650896317e+01,0.000000000000000000e+00
4.940201841158558693e+01,1.443004313808319061e+01,1.462379683574734557e+01,0.000000000000000000e+00
4.950202249743900040e+01,1.443557969390815998e+01,1.462975577709344321e+01,0.000000000000000000e+00
4.960202658329240677e+01,1.444110206207379932e+01,1.463570040855282528e+01,0.000000000000000000e+00
4.970203066914582735e+01,1.444661031538884011e+01,1.464163079765582154e+01,0.000000000000000000e+00
4.980203475499924082e+01,1.445210452613020990e+01,1.464754701146188864e+01,0.000000000000000000e+00
4.990203884085264718e+01,1.445758476604792087e+01,1.465344911656393379e+01,0.000000000000000000e+00
5.000204292670606065e+01,1.446305110637008973e+01,1.465933717909259215e+01,1.000000000000000000e+00
5.010204701255946702e+01,1.446850361780762029e+01,1.466521126472041914e+01,1.000000000000000000e+00
5.020205109841288760e+01,1.447394237055898003e+01,1.467107143866610386e+01,1.000000000000000000e+00
5.030205518426630107e+01,1.447936743431479911e+01,1.467691776569856899e+01,1.000000000000000000e+00
5.040205927011970743e+01,1.448477887826349964e+01,1.468275031014106347e+01,1.000000000000000000e+00
5.050206335597312091e+01,1.449017677109451974e+01,1.468856913587519841e+01,1.000000000000000000e+00
5.060206744182652727e+01,1.449556118100374924e+01,1.469437430634492259e+01,1.000000000000000000e+00
5.070207152767994785e+01,1.450093217569751047e+01,1.470016588456049789e+01,1.000000000000000000e+00
5.080207561353336132e+01,1.450628982239745035e+01,1.470594393310236825e+01,1.000000000000000000e+00
5.090207969938676769e+01,1.451163418784473080e+01,1.471170851412504277e+01,1.000000000000000000e+00
5.100208378524018116e+01,1.451696533830454072e+01,1.471745968936090065e+01,1.000000000000000000e+00
5.110208787109358752e+01,1.452228333957014961e+01,1.472319752012396421e+01,1.000000000000000000e+00
5.120209195694700810e+01,1.452758825696765932e+01,1.472892206731363274e+01,1.000000000000000000e+00
5.130209604280042157e+01,1.453288015535964028e+01,1.473463339141837380e+01,1.000000000000000000e+00
5.140210012865384215e+01,1.453815909914957061e+01,1.474033155251937188e+01,1.000000000000000000e+00
5.150210421450724141e+01,1.454342515228634980e+01,1.474601661029414146e+01,1.000000000000000000e+00
5.160210830036064777e+01,1.454867837826762056e+01,1.475168862402009040e+01,1.000000000000000000e+00
5.170211238621406835e+01,1.455391884014436066e+01,1.475734765257806913e+01,1.000000000000000000e+00
5.180211647206748182e+01,1.455914660052483001e+01,1.476299375445583451e+01,1.000000000000000000e+00
5.190212055792090240e+01,1.456436172157835962e+01,1.476862698775153149e+01,1.000000000000000000e+00
5.200212464377430166e+01,1.456956426503930047e+01,1.477424741017709664e+01,1.000000000000000000e+00
5.210212872962772224e+01,1.457475429221099006e+01,1.477985507906164742e+01,1.000000000000000000e+00
5.220213281548112860e+01,1.457993186396960006e+01,1.478545005135481105e+01,1.000000000000000000e+00
5.230213690133454207e+01,1.458509704076769076e+01,1.479103238363005701e+01,1.000000000000000000e+00
5.240214098718796265e+01,1.459024988263820077e+01,1.479660213208794062e+01,1.000000000000000000e+00
5.250214507304136191e+01,1.459539044919807971e+01,1.480215935255936088e+01,1.000000000000000000e+00
5.260214915889478249e+01,1.460051879965192967e+01,1.480770410050875441e+01,1.000000000000000000e+00
5.270215324474818885e+01,1.460563499279565036e+01,1.481323643103726440e+01,1.000000000000000000e+00
5.280215733060160233e+01,1.461073908701965074e+01,1.481875639888587415e+01,1.000000000000000000e+00
5.290216141645502290e+01,1.461583114031368069e+01,1.482426405843851214e+01,1.000000000000000000e+00
5.300216550230842927e+01,1.462091121026890939e+01,1.482975946372511444e+01,1.000000000000000000e+00
5.310216958816184274e+01,1.462597935408198069e+01,1.483524266842465877e+01,1.000000000000000000e+00
5.320217367401524911e+01,1.463103562855846995e+01,1.484071372586817361e+01,1.000000000000000000e+00
5.330217775986866258e+01,1.463608009011623068e+01,1.484617268904170828e+01,1.000000000000000000e+00
5.340218184572208315e+01,1.464111279478867012e+01,1.485161961058926394e+01,1.000000000000000000e+00
5.350218593157548952e+01,1.464613379822844941e+01,1.485705454281571392e+01,1.000000000000000000e+00
5.360219001742890299e+01,1.465114315571016057e+01,1.486247753768968138e+01,1.000000000000000000e+00
5.370219410328230936e+01,1.465614092213422026e+01,1.486788864684636735e+01,1.000000000000000000e+00
5.380219818913572283e+01,1.466112715202967998e+01,1.487328792159040702e+01,1.000000000000000000e+00
5.390220227498914340e+01,1.466610189955770949e+01,1.487867541289861961e+01,1.000000000000000000e+00
5.400220636084254977e+01,1.467106521851443013e+01,1.488405117142279011e+01,1.000000000000000000e+00
5.410221044669596324e+01,1.467601716233452080e+01,1.488941524749239775e+01,1.000000000000000000e+00
5.420221453254936961e+01,1.468095778409377061e+01,1.489476769111731258e+01,1.000000000000000000e+00
5.430221861840278308e+01,1.468588713651251965e+01,1.490010855199047413e+01,1.000000000000000000e+00
5.440222270425619655e+01,1.469080527195865038e+01,1.490543787949053467e+01,1.000000000000000000e+00
5.450222679010961002e+01,1.469571224245041918e+01,1.491075572268448823e+01,1.000000000000000000e+00
5.460223087596302349e+01,1.470060809965954007e+01,1.491606213033024986e+01,1.000000000000000000e+00
5.470223496181642986e+01,1.470549289491414946e+01,1.492135715087923487e+01,1.000000000000000000e+00
5.480223904766984333e+01,1.471036667920171936e+01,1.492664083247888485e+01,1.000000000000000000e+00
5.490224313352325680e+01,1.471522950317191913e+01,1.493191322297519008e+01,1.000000000000000000e+00
5.500224721937667027e+01,1.472008141713942919e+01,1.493717436991517999e+01,1.000000000000000000e+00
5.510225130523007664e+01,1.472492247108677965e+01,1.494242432054937808e+01,1.000000000000000000e+00
5.520225539108349011e+01,1.472975271466708058e+01,1.494766312183423551e+01,1.000000000000000000e+00
5.530225947693689648e+01,1.473457219720670963e+01,1.495289082043456119e+01,1.000000000000000000e+00
5.540226356279031705e+01,1.473938096770880968e+01,1.495810746272589142e+01,1.000000000000000000e+00
5.550226764864373052e+01,1.474417907485507051e+01,1.496331309479686311e+01,1.000000000000000000e+00
5.560227173449713689e+01,1.474896656700873088e+01,1.496850776245155856e+01,1.000000000000000000e+00
5.570227582035055036e+01,1.475374349221720927e+01,1.497369151121180053e+01,1.000000000000000000e+00
5.580227990620395673e+01,1.475850989821488923e+01,1.497886438631947215e+01,1.000000000000000000e+00
5.590228399205737730e+01,1.476326583242546953e+01,1.498402643273876933e+01,1.000000000000000000e+00
5.600228807791079078e+01,1.476801134196469079e+01,1.498917769515845677e+01,1.000000000000000000e+00
5.610229216376419714e+01,1.477274647364290949e+01,1.499431821799408837e+01,1.000000000000000000e+00
5.620229624961761061e+01,1.477747127396762927e+01,1.499944804539020637e+01,1.000000000000000000e+00
5.630230033547101698e+01,1.478218578914579950e+01,1.500456722122252984e+01,1.000000000000000000e+00
5.640230442132443756e+01,1.478689006508660952e+01,1.500967578910011113e+01,1.000000000000000000e+00
5.650230850717785103e+01,1.479158414740373040e+01,1.501477379236746756e+01,1.000000000000000000e+00
5.660231259303125739e+01,1.479626808141783023e+01,1.501986127410670235e+01,1.000000000000000000e+00
5.670231667888467086e+01,1.480094191215875021e+01,1.502493827713960783e+01,1.000000000000000000e+00
5.680232076473807723e+01,1.480560568436822066e+01,1.503000484402971892e+01,1.000000000000000000e+00
5.690232485059149781e+01,1.481025944250210991e+01,1.503506101708438436e+01,1.000000000000000000e+00
5.700232893644491128e+01,1.481490323073263937e+01,1.504010683835680240e+01,1.000000000000000000e+00
5.710233302229831764e+01,1.481953709295062005e+01,1.504514234964801744e+01,1.000000000000000000e+00
5.720233710815173822e+01,1.482416107276823958e+01,1.505016759250893088e+01,1.000000000000000000e+00
5.730234119400513748e+01,1.482877521352052952e+01,1.505518260824227283e+01,1.000000000000000000e+00
5.740234527985855806e+01,1.483337955826842958e+01,1.506018743790454550e+01,1.000000000000000000e+00
5.750234936571197153e+01,1.483797414980022999e+01,1.506518212230797360e+01,1.000000000000000000e+00
5.760235345156539211e+01,1.484255903063457005e+01,1.507016670202241571e+01,1.000000000000000000e+00
5.770235753741879847e+01,1.484713424302185913e+01,1.507514121737726143e+01,1.000000000000000000e+00
5.780236162327219773e+01,1.485169982894679030e+01,1.508010570846331788e+01,1.000000000000000000e+00
5.790236570912561831e+01,1.485625583013075968e+01,1.508506021513466422e+01,1.000000000000000000e+00
5.800236979497903178e+01,1.486080228803366055e+01,1.509000477701049903e+01,1.000000000000000000e+00
5.810237388083245236e+01,1.486533924385578942e+01,1.509493943347697353e+01,1.000000000000000000e+00
5.820237796668585872e+01,1.486986673854013929e+01,1.509986422368897863e+01,1.000000000000000000e+00
5.830238205253927219e+01,1.487438481277473024e+01,1.510477918657197094e+01,1.000000000000000000e+00
5.840238613839267856e+01,1.487889350699392921e+01,1.510968436082371369e+01,1.000000000000000000e+00
5.850239022424609203e+01,1.488339286138108974e+01,1.511457978491605303e+01,1.000000000000000000e+00
5.860239431009951261e+01,1.488788291587042067e+01,1.511946549709664822e+01,1.000000000000000000e+00
5.870239839595291897e+01,1.489236371014878024e+01,1.512434153539071247e+01,1.000000000000000000e+00
5.880240248180633245e+01,1.489683528365769050e+01,1.512920793760269333e+01,1.000000000000000000e+00
5.890240656765973881e+01,1.490129767559536944e+01,1.513406474131798873e+01,1.000000000000000000e+00
5.900241065351315228e+01,1.490575092491875075e+01,1.513891198390460602e+01,1.000000000000000000e+00
5.910241473936657286e+01,1.491019507034505942e+01,1.514374970251483532e+01,1.000000000000000000e+00
5.920241882521997923e+01,1.491463015035384920e+01,1.514857793408688025e+01,1.000000000000000000e+00
5.930242291107339270e+01,1.491905620318897974e+01,1.515339671534648858e+01,1.000000000000000000e+00
5.940242699692679906e+01,1.492347326686027031e+01,1.515820608280857584e+01,1.000000000000000000e+00
5.950243108278021253e+01,1.492788137914554980e+01,1.516300607277880275e+01,1.000000000000000000e+00
5.960243516863363311e+01,1.493228057759229088e+01,1.516779672135518453e+01,1.000000000000000000e+00
5.970243925448703948e+01,1.493667089951945037e+01,1.517257806442962931e+01,1.000000000000000000e+00
5.980244334034045295e+01,1.494105238201927044e+01,1.517735013768951191e+01,1.000000000000000000e+00
5.990244742619385931e+01,1.494542506195909048e+01,1.518211297661921222e+01,1.000000000000000000e+00
6.000245151204727279e+01,1.494978897598286061e+01,1.518686661650162861e+01,1.000000000000000000e+00
6.010245559790069336e+01,1.495414416051320039e+01,1.519161109241968433e+01,1.000000000000000000e+00
6.020245968375409973e+01,1.495849065175285020e+01,1.519634643925784800e+01,1.000000000000000000e+00
6.030246376960751320e+01,1.496282848568625923e+01,1.520107269170359032e+01,1.000000000000000000e+00
6.040246785546091957e+01,1.496715769808199070e+01,1.520578988424886191e+01,1.000000000000000000e+00
6.050247194131433304e+01,1.497147832449364913e+01,1.521049805119155707e+01,1.000000000000000000e+00
6.060247602716774651e+01,1.497579040026164066e+01,1.521519722663694196e+01,1.000000000000000000e+00
6.070248011302115998e+01,1.498009396051507913e+01,1.521988744449908282e+01,1.000000000000000000e+00
6.080248419887457345e+01,1.498438904017313966e+01,1.522456873850227765e+01,1.000000000000000000e+00
6.090248828472798692e+01,1.498867567394665024e+01,1.522924114218243830e+01,1.000000000000000000e+00
6.100249237058139329e+01,1.499295389634004927e+01,1.523390468888849014e+01,1.000000000000000000e+00
6.110249645643480676e+01,1.499722374165263972e+01,1.523855941178375062e+01,1.000000000000000000e+00
6.120250054228822023e+01,1.500148524398002081e+01,1.524320534384728987e+01,1.000000000000000000e+00
6.130250462814162660e+01,1.500573843721602962e+01,1.524784251787527367e+01,1.000000000000000000e+00
6.140250871399504717e+01,1.500998335505395076e+01,1.525247096648232059e+01,1.000000000000000000e+00
6.150251279984845354e+01,1.501422003098820923e+01,1.525709072210282358e+01,1.000000000000000000e+00
6.160251688570186701e+01,1.501844849831593010e+01,1.526170181699225381e+01,1.000000000000000000e+00
6.170252097155528048e+01,1.502266879013811973e+01,1.526630428322846811e+01,1.000000000000000000e+00
6.180252505740868685e+01,1.502688093936128944e+01,1.527089815271301987e+01,1.000000000000000000e+00
6.190252914326210743e+01,1.503108497869942006e+01,1.527548345717241318e+01,1.000000000000000000e+00
6.200253322911550669e+01,1.503528094067442922e+01,1.528006022815937825e+01,1.000000000000000000e+00
6.210253731496892726e+01,1.503946885761829932e+01,1.528462849705414328e+01,1.000000000000000000e+00
6.220254140082234073e+01,1.504364876167453957e+01,1.528918829506566013e+01,1.000000000000000000e+00
6.230254548667574710e+01,1.504782068479917001e+01,1.529373965323284779e+01,1.000000000000000000e+00
6.240254957252916768e+01,1.505198465876238068e+01,1.529828260242582161e+01,1.000000000000000000e+00
6.250255365838256694e+01,1.505614071515006991e+01,1.530281717334709413e+01,1.000000000000000000e+00
6.260255774423598751e+01,1.506028888536462063e+01,1.530734339653279008e+01,1.000000000000000000e+00
6.270256183008940098e+01,1.506442920062722912e+01,1.531186130235382237e+01,1.000000000000000000e+00
6.280256591594280735e+01,1.506856169197786066e+01,1.531637092101708220e+01,1.000000000000000000e+00
6.290257000179622793e+01,1.507268639027826929e+01,1.532087228256661504e+01,1.000000000000000000e+00
6.300257408764964140e+01,1.507680332621213992e+01,1.532536541688476106e+01,1.000000000000000000e+00
6.310257817350304776e+01,1.508091253028674039e+01,1.532985035369333104e+01,1.000000000000000000e+00
6.320258225935646124e+01,1.508501403283415954e+01,1.533432712255472552e+01,1.000000000000000000e+00
6.330258634520986760e+01,1.508910786401276027e+01,1.533879575287306452e+01,1.000000000000000000e+00
6.340259043106328818e+01,1.509319405380809087e+01,1.534325627389532087e+01,1.000000000000000000e+00
6.350259451691670165e+01,1.509727263203470038e+01,1.534770871471241449e+01,1.000000000000000000e+00
6.360259860277010802e+01,1.510134362833681010e+01,1.535215310426033142e+01,1.000000000000000000e+00
6.370260268862352149e+01,1.510540707219028000e+01,1.535658947132119323e+01,1.000000000000000000e+00
6.380260677447692785e+01,1.510946299290277040e+01,1.536101784452435126e+01,1.000000000000000000e+00
6.390261086033034843e+01,1.511351141961613997e+01,1.536543825234744887e+01,1.000000000000000000e+00
6.400261494618375480e+01,1.511755238130687040e+01,1.536985072311749079e+01,1.000000000000000000e+00
6.410261903203716827e+01,1.512158590678797943e+01,1.537425528501190186e+01,1.000000000000000000e+00
6.420262311789058174e+01,1.512561202470896937e+01,1.537865196605955731e+01,1.000000000000000000e+00
6.430262720374399521e+01,1.512963076355791081e+01,1.538304079414181302e+01,1.000000000000000000e+00
6.440263128959740868e+01,1.513364215166262916e+01,1.538742179699356427e+01,1.000000000000000000e+00
6.450263537545082215e+01,1.513764621719199965e+01,1.539179500220421559e+01,1.000000000000000000e+00
6.460263946130423562e+01,1.514164298815632925e+01,1.539616043721873240e+01,1.000000000000000000e+00
6.470264354715764910e+01,1.514563249240923959e+01,1.540051812933861086e+01,1.000000000000000000e+00
6.480264763301106257e+01,1.514961475764856047e+01,1.540486810572288334e+01,1.000000000000000000e+00
6.490265171886446183e+01,1.515358981141734951e+01,1.540921039338909182e+01,1.000000000000000000e+00
6.500265580471787530e+01,1.515755768110500057e+01,1.541354501921427911e+01,1.000000000000000000e+00
6.510265989057128877e+01,1.516151839394841971e+01,1.541787200993593032e+01,1.000000000000000000e+00
6.520266397642470224e+01,1.516547197703322070e+01,1.542219139215295343e+01,1.000000000000000000e+00
6.530266806227811571e+01,1.516941845729452965e+01,1.542650319232660294e+01,1.000000000000000000e+00
6.540267214813152918e+01,1.517335786151828003e+01,1.543080743678145339e+01,1.000000000000000000e+00
6.550267623398494266e+01,1.517729021634233000e+01,1.543510415170630878e+01,1.000000000000000000e+00
6.560268031983835613e+01,1.518121554825733988e+01,1.543939336315513344e+01,1.000000000000000000e+00
6.570268440569176960e+01,1.518513388360777050e+01,1.544367509704797214e+01,1.000000000000000000e+00
6.580268849154518307e+01,1.518904524859322969e+01,1.544794937917185962e+01,1.000000000000000000e+00
6.590269257739859654e+01,1.519294966926901935e+01,1.545221623518172294e+01,1.000000000000000000e+00
6.600269666325199580e+01,1.519684717154760989e+01,1.545647569060126969e+01,1.000000000000000000e+00
6.610270074910540927e+01,1.520073778119934005e+01,1.546072777082389393e+01,1.000000000000000000e+00
6.620270483495882274e+01,1.520462152385355026e+01,1.546497250111352528e+01,1.000000000000000000e+00
6.630270892081223622e+01,1.520849842499966975e+01,1.546920990660553841e+01,1.000000000000000000e+00
6.640271300666564969e+01,1.521236850998796086e+01,1.547344001230758082e+01,1.000000000000000000e+00
6.650271709251906316e+01,1.521623180403076070e+01,1.547766284310045748e+01,1.000000000000000000e+00
6.660272117837247663e+01,1.522008833220310997e+01,1.548187842373896927e+01,1.000000000000000000e+00
6.670272526422589010e+01,1.522393811944407993e+01,1.548608677885276208e+01,1.000000000000000000e+00
6.680272935007930357e+01,1.522778119055745982e+01,1.549028793294715811e+01,1.000000000000000000e+00
6.690273343593271704e+01,1.523161757021284046e+01,1.549448191040398726e+01,1.000000000000000000e+00
6.700273752178611630e+01,1.523544728294648998e+01,1.549866873548241841e+01,1.000000000000000000e+00
6.710274160763952978e+01,1.523927035316217982e+01,1.550284843231975529e+01,1.000000000000000000e+00
6.720274569349294325e+01,1.524308680513236958e+01,1.550702102493227130e+01,1.000000000000000000e+00
6.730274977934635672e+01,1.524689666299889979e+01,1.551118653721599117e+01,1.000000000000000000e+00
6.740275386519977019e+01,1.525069995077389962e+01,1.551534499294749025e+01,1.000000000000000000e+00
6.750275795105318366e+01,1.525449669234082073e+01,1.551949641578470818e+01,1.000000000000000000e+00
6.760276203690659713e+01,1.525828691145522953e+01,1.552364082926768774e+01,1.000000000000000000e+00
6.770276612276001060e+01,1.526207063174559941e+01,1.552777825681939206e+01,1.000000000000000000e+00
6.780277020861342407e+01,1.526584787671414922e+01,1.553190872174645421e+01,1.000000000000000000e+00
6.790277429446683755e+01,1.526961866973815951e+01,1.553603224723994813e+01,1.000000000000000000e+00
6.800277838032025102e+01,1.527338303407046993e+01,1.554014885637613830e+01,1.000000000000000000e+00
6.810278246617365028e+01,1.527714099284028926e+01,1.554425857211723283e+01,1.000000000000000000e+00
6.820278655202706375e+01,1.528089256905419013e+01,1.554836141731215093e+01,1.000000000000000000e+00
6.830279063788047722e+01,1.528463778559676989e+01,1.555245741469722986e+01,1.000000000000000000e+00
6.840279472373389069e+01,1.528837666523163996e+01,1.555654658689697101e+01,1.000000000000000000e+00
6.850279880958730416e+01,1.529210923060228033e+01,1.556062895642477883e+01,1.000000000000000000e+00
6.860280289544071763e+01,1.529583550423276961e+01,1.556470454568366435e+01,1.000000000000000000e+00
6.870280698129413111e+01,1.529955550852839075e+01,1.556877337696697694e+01,1.000000000000000000e+00
6.880281106714754458e+01,1.530326926577681945e+01,1.557283547245910071e+01,1.000000000000000000e+00
6.890281515300095805e+01,1.530697679814874057e+01,1.557689085423616149e+01,1.000000000000000000e+00
6.900281923885437152e+01,1.531067812769864034e+01,1.558093954426674443e+01,1.000000000000000000e+00
6.910282332470777078e+01,1.531437327636566081e+01,1.558498156441255134e+01,1.000000000000000000e+00
6.920282741056118425e+01,1.531806226597426956e+01,1.558901693642912534e+01,1.000000000000000000e+00
6.930283149641459772e+01,1.532174511823492935e+01,1.559304568196650109e+01,1.000000000000000000e+00
6.940283558226801119e+01,1.532542185474514085e+01,1.559706782256991175e+01,1.000000000000000000e+00
6.950283966812142467e+01,1.532909249699006971e+01,1.560108337968043912e+01,1.000000000000000000e+00
6.960284375397483814e+01,1.533275706634347024e+01,1.560509237463567445e+01,1.000000000000000000e+00
6.970284783982825161e+01,1.533641558406782934e+01,1.560909482867040410e+01,1.000000000000000000e+00
6.980285192568166508e+01,1.534006807131584083e+01,1.561309076291724196e+01,1.000000000000000000e+00
6.990285601153507855e+01,1.534371454913076960e+01,1.561708019840729378e+01,1.000000000000000000e+00
7.000286009738849202e+01,1.534735503844748017e+01,1.562106315607079665e+01,1.000000000000000000e+00
7.010286418324190549e+01,1.535098956009242954e+01,1.562503965673775141e+01,1.000000000000000000e+00
7.020286826909530475e+01,1.535461813478517001e+01,1.562900972113857634e+01,1.000000000000000000e+00
7.030287235494871823e+01,1.535824078313888030e+01,1.563297336990472175e+01,1.000000000000000000e+00
7.040287644080213170e+01,1.536185752566056983e+01,1.563693062356929175e+01,1.000000000000000000e+00
7.050288052665554517e+01,1.536546838275260995e+01,1.564088150256768017e+01,1.000000000000000000e+00
7.060288461250895864e+01,1.536907337471293999e+01,1.564482602723817806e+01,1.000000000000000000e+00
7.070288869836237211e+01,1.537267252173555043e+01,1.564876421782258120e+01,1.000000000000000000e+00
7.080289278421578558e+01,1.537626584391144036e+01,1.565269609446679766e+01,1.000000000000000000e+00
7.090289687006919905e+01,1.537985336122964952e+01,1.565662167722144460e+01,1.000000000000000000e+00
7.100290095592261252e+01,1.538343509357705052e+01,1.566054098604246292e+01,1.000000000000000000e+00
7.110290504177602600e+01,1.538701106073972014e+01,1.566445404079168213e+01,1.000000000000000000e+00
7.120290912762943947e+01,1.539058128240372980e+01,1.566836086123742433e+01,1.000000000000000000e+00
7.130291321348283873e+01,1.539414577815476015e+01,1.567226146705509038e+01,1.000000000000000000e+00
7.140291729933625220e+01,1.539770456748009053e+01,1.567615587782771414e+01,1.000000000000000000e+00
7.150292138518966567e+01,1.540125766976838051e+01,1.568004411304656642e+01,1.000000000000000000e+00
7.160292547104307914e+01,1.540480510431041949e+01,1.568392619211170569e+01,1.000000000000000000e+00
7.170292955689649261e+01,1.540834689030038085e+01,1.568780213433254644e+01,1.000000000000000000e+00
7.180293364274990608e+01,1.541188304683510957e+01,1.569167195892842415e+01,1.000000000000000000e+00
7.190293772860331956e+01,1.541541359291650970e+01,1.569553568502913876e+01,1.000000000000000000e+00
7.200294181445673303e+01,1.541893854745057979e+01,1.569939333167552320e+01,1.000000000000000000e+00
7.210294590031014650e+01,1.542245792924915015e+01,1.570324491781997978e+01,1.000000000000000000e+00
7.220294998616355997e+01,1.542597175702979939e+01,1.570709046232703088e+01,1.000000000000000000e+00
7.230295407201695923e+01,1.542948004941676032e+01,1.571092998397385188e+01,1.000000000000000000e+00
7.240295815787037270e+01,1.543298282494160922e+01,1.571476350145080403e+01,1.000000000000000000e+00
7.250296224372378617e+01,1.543648010204334931e+01,1.571859103336197805e+01,1.000000000000000000e+00
7.260296632957719964e+01,1.543997189906989043e+01,1.572241259822570925e+01,1.000000000000000000e+00
7.270297041543061312e+01,1.544345823427761033e+01,1.572622821447510333e+01,1.000000000000000000e+00
7.280297450128402659e+01,1.544693912583296935e+01,1.573003790045856576e+01,1.000000000000000000e+00
7.290297858713744006e+01,1.545041459181194021e+01,1.573384167444029558e+01,1.000000000000000000e+00
7.300298267299085353e+01,1.545388465020199042e+01,1.573763955460081831e+01,1.000000000000000000e+00
7.310298675884426700e+01,1.545734931890116926e+01,1.574143155903747981e+01,1.000000000000000000e+00
7.320299084469768047e+01,1.546080861571985032e+01,1.574521770576496493e+01,1.000000000000000000e+00
7.330299493055109394e+01,1.546426255838069075e+01,1.574899801271576649e+01,1.000000000000000000e+00
7.340299901640449320e+01,1.546771116451908945e+01,1.575277249774072530e+01,1.000000000000000000e+00
7.350300310225790668e+01,1.547115445168435954e+01,1.575654117860948134e+01,1.000000000000000000e+00
7.360300718811132015e+01,1.547459243733936951e+01,1.576030407301098535e+01,1.000000000000000000e+00
7.370301127396473362e+01,1.547802513886234976e+01,1.576406119855398913e+01,1.000000000000000000e+00
7.380301535981814709e+01,1.548145257354575044e+01,1.576781257276750026e+01,1.000000000000000000e+00
7.390301944567156056e+01,1.548487475859852935e+01,1.577155821310128658e+01,1.000000000000000000e+00
7.400302353152497403e+01,1.548829171114543968e+01,1.577529813692633098e+01,1.000000000000000000e+00
7.410302761737838750e+01,1.549170344822790923e+01,1.577903236153532873e+01,1.000000000000000000e+00
7.420303170323180098e+01,1.549510998680515073e+01,1.578276090414312094e+01,1.000000000000000000e+00
7.430303578908521445e+01,1.549851134375344053e+01,1.578648378188717416e+01,1.000000000000000000e+00
7.440303987493861371e+01,1.550190753586799985e+01,1.579020101182805647e+01,1.000000000000000000e+00
7.450304396079202718e+01,1.550529857986252935e+01,1.579391261094986376e+01,1.000000000000000000e+00
7.460304804664544065e+01,1.550868449236985036e+01,1.579761859616069586e+01,1.000000000000000000e+00
7.470305213249885412e+01,1.551206528994332956e+01,1.580131898429310056e+01,1.000000000000000000e+00
7.480305621835226759e+01,1.551544098905591085e+01,1.580501379210451418e+01,1.000000000000000000e+00
7.490306030420568106e+01,1.551881160610158084e+01,1.580870303627771989e+01,1.000000000000000000e+00
7.500306439005909453e+01,1.552217715739610071e+01,1.581238673342126688e+01,1.000000000000000000e+00
7.510306847591250801e+01,1.552553765917632056e+01,1.581606490006992871e+01,1.000000000000000000e+00
7.520307256176592148e+01,1.552889312760166973e+01,1.581973755268512960e+01,1.000000000000000000e+00
7.530307664761933495e+01,1.553224357875478923e+01,1.582340470765536722e+01,1.000000000000000000e+00
7.540308073347274842e+01,1.553558902864062041e+01,1.582706638129664611e+01,1.000000000000000000e+00
7.550308481932614768e+01,1.553892949318857042e+01,1.583072258985291114e+01,1.000000000000000000e+00
7.560308890517956115e+01,1.554226498825235048e+01,1.583437334949645603e+01,1.000000000000000000e+00
7.570309299103297462e+01,1.554559552960981073e+01,1.583801867632834259e+01,1.000000000000000000e+00
7.580309707688638809e+01,1.554892113296405043e+01,1.584165858637883417e+01,1.000000000000000000e+00
7.590310116273980157e+01,1.555224181394405925e+01,1.584529309560777222e+01,1.000000000000000000e+00
7.600310524859321504e+01,1.555555758810464972e+01,1.584892221990502748e+01,1.000000000000000000e+00
7.610310933444662851e+01,1.555886847092689074e+01,1.585254597509087660e+01,1.000000000000000000e+00
7.620311342030004198e+01,1.556217447781902941e+01,1.585616437691641423e+01,1.000000000000000000e+00
7.630311750615345545e+01,1.556547562411697960e+01,1.585977744106396159e+01,1.000000000000000000e+00
7.640312159200686892e+01,1.556877192508406971e+01,1.586338518314744661e+01,1.000000000000000000e+00
7.650312567786026818e+01,1.557206339591190059e+01,1.586698761871282670e+01,1.000000000000000000e+00
7.660312976371368165e+01,1.557535005172099041e+01,1.587058476323844047e+01,1.000000000000000000e+00
7.670313384956709513e+01,1.557863190756114058e+01,1.587417663213544117e+01,1.000000000000000000e+00
7.680313793542050860e+01,1.558190897841138955e+01,1.587776324074815193e+01,1.000000000000000000e+00
7.690314202127392207e+01,1.558518127918075002e+01,1.588134460435445661e+01,1.000000000000000000e+00
7.700314610712733554e+01,1.558844882470889992e+01,1.588492073816618699e+01,1.000000000000000000e+00
7.710315019298074901e+01,1.559171162976626057e+01,1.588849165732950297e+01,1.000000000000000000e+00
7.720315427883416248e+01,1.559496970905473034e+01,1.589205737692525133e+01,1.000000000000000000e+00
7.730315836468757595e+01,1.559822307720748036e+01,1.589561791196936014e+01,1.000000000000000000e+00
7.740316245054098943e+01,1.560147174878989951e+01,1.589917327741319397e+01,1.000000000000000000e+00
7.750316653639440290e+01,1.560471573830002079e+01,1.590272348814392345e+01,1.000000000000000000e+00
7.760317062224780216e+01,1.560795506016867940e+01,1.590626855898489467e+01,1.000000000000000000e+00
7.770317470810121563e+01,1.561118972876031918e+01,1.590980850469600227e+01,1.000000000000000000e+00
7.780317879395462910e+01,1.561441975837242069e+01,1.591334333997401274e+01,1.000000000000000000e+00
7.790318287980804257e+01,1.561764516323698970e+01,1.591687307945296581e+01,1.000000000000000000e+00
7.800318696566145604e+01,1.562086595752061946e+01,1.592039773770450140e+01,1.000000000000000000e+00
7.810319105151486951e+01,1.562408215532460964e+01,1.592391732923822190e+01,1.000000000000000000e+00
7.820319513736828299e+01,1.562729377068560943e+01,1.592743186850203685e+01,1.000000000000000000e+00
7.830319922322169646e+01,1.563050081757615928e+01,1.593094136988252174e+01,1.000000000000000000e+00
7.840320330907510993e+01,1.563370330990436052e+01,1.593444584770524131e+01,1.000000000000000000e+00
7.850320739492852340e+01,1.563690126151499982e+01,1.593794531623511546e+01,1.000000000000000000e+00
7.860321148078192266e+01,1.564009468618962018e+01,1.594143978967674968e+01,1.000000000000000000e+00
7.870321556663533613e+01,1.564328359764698995e+01,1.594492928217476546e+01,1.000000000000000000e+00
7.880321965248874960e+01,1.564646800954341010e+01,1.594841380781415197e+01,1.000000000000000000e+00
7.890322373834216307e+01,1.564964793547303934e+01,1.595189338062058226e+01,1.000000000000000000e+00
7.900322782419557655e+01,1.565282338896843939e+01,1.595536801456075082e+01,1.000000000000000000e+00
7.910323191004899002e+01,1.565599438350083972e+01,1.595883772354271812e+01,1.000000000000000000e+00
7.920323599590240349e+01,1.565916093248024943e+01,1.596230252141619843e+01,1.000000000000000000e+00
7.930324008175581696e+01,1.566232304925615004e+01,1.596576242197292572e+01,1.000000000000000000e+00
7.940324416760923043e+01,1.566548074711777083e+01,1.596921743894695211e+01,1.000000000000000000e+00
7.950324825346264390e+01,1.566863403929441922e+01,1.597266758601496761e+01,1.000000000000000000e+00
7.960325233931605737e+01,1.567178293895585917e+01,1.597611287679662340e+01,1.000000000000000000e+00
7.970325642516945663e+01,1.567492745921260955e+01,1.597955332485485158e+01,1.000000000000000000e+00
7.980326051102287011e+01,1.567806761311631014e+01,1.598298894369616363e+01,1.000000000000000000e+00
7.990326459687628358e+01,1.568120341366002002e+01,1.598641974677097721e+01,1.000000000000000000e+00
8.000326868272969705e+01,1.568433487377869007e+01,1.598984574747390752e+01,1.000000000000000000e+00
8.010327276858311052e+01,1.568746200634939036e+01,1.599326695914409768e+01,1.000000000000000000e+00
8.020327685443652399e+01,1.569058482419162992e+01,1.599668339506549586e+01,1.000000000000000000e+00
8.030328094028993746e+01,1.569370334006774925e+01,1.600009506846718210e+01,1.000000000000000000e+00
8.040328502614335093e+01,1.569681756668314954e+01,1.600350199252364547e+01,1.000000000000000000e+00
8.050328911199676440e+01,1.569992751668685038e+01,1.600690418035510731e+01,1.000000000000000000e+00
8.060329319785017788e+01,1.570303320267169056e+01,1.601030164502779485e+01,1.000000000000000000e+00
8.070329728370357714e+01,1.570613463717453051e+01,1.601369439955425378e+01,1.000000000000000000e+00
8.080330136955699061e+01,1.570923183267682077e+01,1.601708245689361831e+01,1.000000000000000000e+00
8.090330545541040408e+01,1.571232480160460021e+01,1.602046582995194512e+01,1.000000000000000000e+00
8.100330954126381755e+01,1.571541355632911952e+01,1.602384453158243360e+01,1.000000000000000000e+00
8.110331362711723102e+01,1.571849810916699042e+01,1.602721857458576693e+01,1.000000000000000000e+00
8.120331771297064449e+01,1.572157847238061024e+01,1.603058797171039629e+01,1.000000000000000000e+00
8.130332179882405796e+01,1.572465465817828978e+01,1.603395273565278956e+01,1.000000000000000000e+00
8.140332588467747144e+01,1.572772667871477914e+01,1.603731287905772263e+01,1.000000000000000000e+00
8.150332997053088491e+01,1.573079454609142047e+01,1.604066841451859204e+01,1.000000000000000000e+00
8.160333405638429838e+01,1.573385827235649082e+01,1.604401935457763528e+01,1.000000000000000000e+00
8.170333814223771185e+01,1.573691786950555027e+01,1.604736571172626469e+01,1.000000000000000000e+00
8.180334222809111111e+01,1.573997334948174931e+01,1.605070749840528066e+01,1.000000000000000000e+00
8.190334631394452458e+01,1.574302472417605081e+01,1.605404472700519847e+01,1.000000000000000000e+00
8.200335039979793805e+01,1.574607200542759955e+01,1.605737740986648276e+01,1.000000000000000000e+00
8.210335448565135152e+01,1.574911520502391049e+01,1.606070555927983179e+01,1.000000000000000000e+00
8.220335857150476500e+01,1.575215433470125070e+01,1.606402918748643316e+01,1.000000000000000000e+00
8.230336265735817847e+01,1.575518940614498931e+01,1.606734830667823388e+01,1.000000000000000000e+00
8.240336674321159194e+01,1.575822043098973069e+01,1.607066292899820326e+01,1.000000000000000000e+00
8.250337082906500541e+01,1.576124742081979058e+01,1.607397306654058866e+01,1.000000000000000000e+00
8.260337491491841888e+01,1.576427038716924045e+01,1.607727873135117846e+01,1.000000000000000000e+00
8.270337900077183235e+01,1.576728934152239070e+01,1.608057993542755781e+01,1.000000000000000000e+00
8.280338308662524582e+01,1.577030429531392031e+01,1.608387669071937154e+01,1.000000000000000000e+00
8.290338717247864508e+01,1.577331525992926053e+01,1.608716900912855863e+01,1.000000000000000000e+00
8.300339125833205856e+01,1.577632224670492000e+01,1.609045690250964356e+01,1.000000000000000000e+00
8.310339534418547203e+01,1.577932526692869963e+01,1.609374038266992102e+01,1.000000000000000000e+00
8.320339943003888550e+01,1.578232433183987027e+01,1.609701946136978279e+01,1.000000000000000000e+00
8.330340351589229897e+01,1.578531945262955993e+01,1.610029415032290956e+01,1.000000000000000000e+00
8.340340760174571244e+01,1.578831064044102028e+01,1.610356446119652674e+01,1.000000000000000000e+00
8.350341168759912591e+01,1.579129790636980069e+01,1.610683040561167445e+01,1.000000000000000000e+00
8.360341577345253938e+01,1.579428126146411060e+01,1.611009199514341361e+01,1.000000000000000000e+00
8.370341985930595285e+01,1.579726071672508958e+01,1.611334924132110302e+01,1.000000000000000000e+00
8.380342394515936633e+01,1.580023628310703998e+01,1.611660215562859833e+01,1.000000000000000000e+00
8.390342803101276559e+01,1.580320797151756018e+01,1.611985074950452912e+01,1.000000000000000000e+00
8.400343211686617906e+01,1.580617579281796914e+01,1.612309503434251212e+01,1.000000000000000000e+00
8.410343620271959253e+01,1.580913975782348935e+01,1.612633502149139275e+01,1.000000000000000000e+00
8.420344028857300600e+01,1.581209987730353994e+01,1.612957072225547250e+01,1.000000000000000000e+00
8.430344437442641947e+01,1.581505616198204045e+01,1.613280214789475053e+01,1.000000000000000000e+00
8.440344846027983294e+01,1.581800862253754048e+01,1.613602930962515813e+01,1.000000000000000000e+00
8.450345254613324641e+01,1.582095726960345949e+01,1.613925221861874348e+01,1.000000000000000000e+00
8.460345663198665989e+01,1.582390211376858957e+01,1.614247088600397717e+01,1.000000000000000000e+00
8.470346071784007336e+01,1.582684316557726945e+01,1.614568532286590852e+01,1.000000000000000000e+00
8.480346480369348683e+01,1.582978043552892977e+01,1.614889554024641427e+01,1.000000000000000000e+00
8.490346888954690030e+01,1.583271393407937921e+01,1.615210154914443308e+01,1.000000000000000000e+00
8.500347297540029956e+01,1.583564367164047049e+01,1.615530336051617155e+01,1.000000000000000000e+00
8.510347706125371303e+01,1.583856965858045918e+01,1.615850098527533873e+01,1.000000000000000000e+00
8.520348114710712650e+01,1.584149190522431994e+01,1.616169443429333086e+01,1.000000000000000000e+00
8.530348523296053997e+01,1.584441042185386017e+01,1.616488371839949423e+01,1.000000000000000000e+00
8.540348931881395345e+01,1.584732521870800070e+01,1.616806884838131708e+01,1.000000000000000000e+00
8.550349340466736692e+01,1.585023630598293920e+01,1.617124983498464275e+01,1.000000000000000000e+00
8.560349749052078039e+01,1.585314369383248057e+01,1.617442668891388280e+01,1.000000000000000000e+00
8.570350157637419386e+01,1.585604739236828920e+01,1.617759942083223734e+01,1.000000000000000000e+00
8.580350566222760733e+01,1.585894741166005062e+01,1.618076804136190816e+01,1.000000000000000000e+00
8.590350974808102080e+01,1.586184376173575039e+01,1.618393256108428346e+01,1.000000000000000000e+00
8.600351383393442006e+01,1.586473645258204002e+01,1.618709299054017237e+01,1.000000000000000000e+00
8.610351791978783353e+01,1.586762549414384971e+01,1.619024934022999673e+01,1.000000000000000000e+00
8.620352200564124701e+01,1.587051089632518952e+01,1.619340162061401145e+01,1.000000000000000000e+00
8.630352609149466048e+01,1.587339266898933055e+01,1.619654984211248205e+01,1.000000000000000000e+00
8.640353017734807395e+01,1.587627082195895056e+01,1.619969401510591922e+01,1.000000000000000000e+00
8.650353426320148742e+01,1.587914536501662965e+01,1.620283414993524929e+01,1.000000000000000000e+00
8.660353834905490089e+01,1.588201630790405972e+01,1.620597025690203452e+01,1.000000000000000000e+00
8.670354243490831436e+01,1.588488366032341936e+01,1.620910234626866497e+01,1.000000000000000000e+00
8.680354652076172783e+01,1.588774743193696004e+01,1.621223042825855742e+01,1.000000000000000000e+00
8.690355060661514131e+01,1.589060763236748031e+01,1.621535451305634723e+01,1.000000000000000000e+00
8.700355469246855478e+01,1.589346427119892979e+01,1.621847461080809438e+01,1.000000000000000000e+00
8.710355877832195404e+01,1.589631735797525991e+01,1.622159073162146115e+01,1.000000000000000000e+00
8.720356286417536751e+01,1.589916690220185025e+01,1.622470288556592521e+01,1.000000000000000000e+00
8.730356695002878098e+01,1.590201291334549083e+01,1.622781108267295025e+01,1.000000000000000000e+00
8.740357103588219445e+01,1.590485540083463967e+01,1.623091533293617772e+01,1.000000000000000000e+00
8.750357512173560792e+01,1.590769437405938014e+01,1.623401564631164717e+01,1.000000000000000000e+00
8.760357920758902139e+01,1.591052984237125933e+01,1.623711203271793124e+01,1.000000000000000000e+00
8.770358329344243487e+01,1.591336181508435921e+01,1.624020450203637012e+01,1.000000000000000000e+00
8.780358737929584834e+01,1.591619030147506031e+01,1.624329306411124207e+01,1.000000000000000000e+00
8.790359146514926181e+01,1.591901531078246990e+01,1.624637772874991981e+01,1.000000000000000000e+00
8.800359555100267528e+01,1.592183685220778955e+01,1.624945850572310491e+01,1.000000000000000000e+00
8.810359963685607454e+01,1.592465493491551065e+01,1.625253540476496994e+01,1.000000000000000000e+00
8.820360372270948801e+01,1.592746956803324920e+01,1.625560843557334323e+01,1.000000000000000000e+00
8.830360780856290148e+01,1.593028076065244036e+01,1.625867760780991489e+01,1.000000000000000000e+00
8.840361189441631495e+01,1.593308852182691915e+01,1.626174293110039315e+01,1.000000000000000000e+00
8.850361598026972842e+01,1.593589286057478027e+01,1.626480441503468199e+01,1.000000000000000000e+00
8.860362006612314190e+01,1.593869378587804064e+01,1.626786206916705879e+01,1.000000000000000000e+00
8.870362415197655537e+01,1.594149130668322023e+01,1.627091590301637325e+01,1.000000000000000000e+00
8.880362823782996884e+01,1.594428543190002934e+01,1.627396592606618242e+01,1.000000000000000000e+00
8.890363232368338231e+01,1.594707617040326042e+01,1.627701214776494965e+01,1.000000000000000000e+00
8.900363640953679578e+01,1.594986353103258025e+01,1.628005457752621510e+01,1.000000000000000000e+00
8.910364049539020925e+01,1.595264752259219065e+01,1.628309322472876630e+01,1.000000000000000000e+00
8.920364458124360851e+01,1.595542815385095992e+01,1.628612809871678735e+01,1.000000000000000000e+00
8.930364866709702198e+01,1.595820543354325949e+01,1.628915920880006496e+01,1.000000000000000000e+00
8.940365275295043546e+01,1.596097937036950043e+01,1.629218656425413769e+01,1.000000000000000000e+00
8.950365683880384893e+01,1.596374997299433929e+01,1.629521017432043806e+01,1.000000000000000000e+00
8.960366092465726240e+01,1.596651725004877065e+01,1.629823004820651278e+01,1.000000000000000000e+00
8.970366501051067587e+01,1.596928121012999036e+01,1.630124619508613648e+01,1.000000000000000000e+00
8.980366909636408934e+01,1.597204186180110064e+01,1.630425862409951776e+01,1.000000000000000000e+00
8.990367318221750281e+01,1.597479921359096977e+01,1.630726734435341996e+01,1.000000000000000000e+00
9.000367726807091628e+01,1.597755327399529968e+01,1.631027236492136723e+01,1.000000000000000000e+00
9.010368135392432976e+01,1.598030405147699007e+01,1.631327369484375822e+01,1.000000000000000000e+00
9.020368543977772902e+01,1.598305155446444026e+01,1.631627134312807925e+01,1.000000000000000000e+00
9.030368952563114249e+01,1.598579579135367013e+01,1.631926531874901087e+01,1.000000000000000000e+00
9.040369361148455596e+01,1.598853677050830946e+01,1.632225563064863394e+01,1.000000000000000000e+00
9.050369769733796943e+01,1.599127450025837049e+01,1.632524228773654329e+01,1.000000000000000000e+00
9.060370178319138290e+01,1.599400898890159972e+01,1.632822529889003960e+01,1.000000000000000000e+00
9.070370586904479637e+01,1.599674024470401079e+01,1.633120467295427147e+01,1.000000000000000000e+00
9.080370995489820984e+01,1.599946827589852916e+01,1.633418041874236337e+01,1.000000000000000000e+00
9.090371404075162332e+01,1.600219309068616980e+01,1.633715254503562875e+01,1.000000000000000000e+00
9.100371812660503679e+01,1.600491469723703020e+01,1.634012106058366243e+01,1.000000000000000000e+00
9.110372221245845026e+01,1.600763310368856907e+01,1.634308597410453245e+01,1.000000000000000000e+00
9.120372629831186373e+01,1.601034831814547132e+01,1.634604729428490799e+01,1.000000000000000000e+00
9.130373038416526299e+01,1.601306034868382966e+01,1.634900502978022274e+01,1.000000000000000000e+00
9.140373447001867646e+01,1.601576920334742127e+01,1.635195918921481706e+01,1.000000000000000000e+00
9.150373855587208993e+01,1.601847489014675929e+01,1.635490978118208716e+01,1.000000000000000000e+00
9.160374264172550340e+01,1.602117741706479137e+01,1.635785681424463434e+01,1.000000000000000000e+00
9.170374672757891688e+01,1.602387679205267901e+01,1.636080029693439997e+01,1.000000000000000000e+00
9.180375081343233035e+01,1.602657302302840137e+01,1.636374023775285025e+01,1.000000000000000000e+00
9.190375489928574382e+01,1.602926611788297961e+01,1.636667664517105436e+01,1.000000000000000000e+00
9.200375898513915729e+01,1.603195608447670040e+01,1.636960952762989052e+01,1.000000000000000000e+00
9.210376307099257076e+01,1.603464293063629853e+01,1.637253889354015257e+01,1.000000000000000000e+00
9.220376715684598423e+01,1.603732666416192032e+01,1.637546475128272050e+01,1.000000000000000000e+00
9.230377124269938349e+01,1.604000729282471127e+01,1.637838710920865282e+01,1.000000000000000000e+00
9.240377532855279696e+01,1.604268482436155097e+01,1.638130597563939261e+01,1.000000000000000000e+00
9.250377941440621044e+01,1.604535926648311062e+01,1.638422135886685993e+01,1.000000000000000000e+00
9.260378350025962391e+01,1.604803062687268067e+01,1.638713326715359386e+01,1.000000000000000000e+00
9.270378758611303738e+01,1.605069891317863906e+01,1.639004170873291599e+01,1.000000000000000000e+00
9.280379167196645085e+01,1.605336413302345022e+01,1.639294669180904407e+01,1.000000000000000000e+00
9.290379575781986432e+01,1.605602629400348036e+01,1.639584822455724833e+01,1.000000000000000000e+00
9.300379984367327779e+01,1.605868540368044961e+01,1.639874631512395808e+01,1.000000000000000000e+00
9.310380392952669126e+01,1.606134146959009001e+01,1.640164097162693224e+01,1.000000000000000000e+00
9.320380801538010473e+01,1.606399449924224143e+01,1.640453220215535168e+01,1.000000000000000000e+00
9.330381210123351821e+01,1.606664450011453127e+01,1.640742001477000400e+01,1.000000000000000000e+00
9.340381618708691747e+01,1.606929147965677984e+01,1.641030441750336166e+01,1.000000000000000000e+00
9.350382027294033094e+01,1.607193544529312135e+01,1.641318541835975964e+01,1.000000000000000000e+00
9.360382435879374441e+01,1.607457640441883839e+01,1.641606302531550199e+01,1.000000000000000000e+00
9.370382844464715788e+01,1.607721436439867091e+01,1.641893724631898976e+01,1.000000000000000000e+00
9.380383253050057135e+01,1.607984933257239035e+01,1.642180808929085600e+01,1.000000000000000000e+00
9.390383661635398482e+01,1.608248131625429878e+01,1.642467556212411495e+01,1.000000000000000000e+00
9.400384070220739829e+01,1.608511032272577879e+01,1.642753967268424020e+01,1.000000000000000000e+00
9.410384478806081177e+01,1.608773635924357137e+01,1.643040042880934948e+01,1.000000000000000000e+00
9.420384887391422524e+01,1.609035943304037986e+01,1.643325783831029696e+01,1.000000000000000000e+00
9.430385295976763871e+01,1.609297955131712143e+01,1.643611190897078700e+01,1.000000000000000000e+00
9.440385704562105218e+01,1.609559672124893837e+01,1.643896264854755174e+01,1.000000000000000000e+00
9.450386113147445144e+01,1.609821094998661906e+01,1.644181006477041507e+01,1.000000000000000000e+00
9.460386521732786491e+01,1.610082224465348943e+01,1.644465416534245605e+01,1.000000000000000000e+00
9.470386930318127838e+01,1.610343061234344120e+01,1.644749495794010841e+01,1.000000000000000000e+00
9.480387338903469185e+01,1.610603606012648115e+01,1.645033245021330970e+01,1.000000000000000000e+00
9.490387747488810533e+01,1.610863859504958029e+01,1.645316664978559373e+01,1.000000000000000000e+00
9.500388156074151880e+01,1.611123822412691098e+01,1.645599756425422555e+01,1.000000000000000000e+00
9.510388564659493227e+01,1.611383495434990110e+01,1.645882520119031511e+01,1.000000000000000000e+00
9.520388973244834574e+01,1.611642879268618955e+01,1.646164956813895941e+01,1.000000000000000000e+00
9.530389381830175921e+01,1.611901974607566146e+01,1.646447067261932062e+01,1.000000000000000000e+00
9.540389790415517268e+01,1.612160782143099169e+01,1.646728852212477534e+01,1.000000000000000000e+00
9.550390199000857194e+01,1.612419302564113011e+01,1.647010312412304245e+01,1.000000000000000000e+00
9.560390607586198541e+01,1.612677536557314895e+01,1.647291448605624709e+01,1.000000000000000000e+00
9.570391016171539889e+01,1.612935484806209985e+01,1.647572261534109117e+01,1.000000000000000000e+00
9.580391424756881236e+01,1.613193147992137000e+01,1.647852751936894578e+01,1.000000000000000000e+00
9.590391833342222583e+01,1.613450526794071038e+01,1.648132920550597191e+01,1.000000000000000000e+00
9.600392241927563930e+01,1.613707621888431021e+01,1.648412768109322002e+01,1.000000000000000000e+00
9.610392650512905277e+01,1.613964433948867949e+01,1.648692295344675784e+01,1.000000000000000000e+00
9.620393059098246624e+01,1.614220963646821971e+01,1.648971502985779125e+01,1.000000000000000000e+00
9.630393467683587971e+01,1.614477211651536948e+01,1.649250391759274237e+01,1.000000000000000000e+00
9.640393876268929318e+01,1.614733178629333921e+01,1.649528962389341302e+01,1.000000000000000000e+00
9.650394284854270666e+01,1.614988865244250960e+01,1.649807215597703447e+01,1.000000000000000000e+00
9.660394693439610592e+01,1.615244272158027172e+01,1.650085152103643793e+01,1.000000000000000000e+00
9.670395102024951939e+01,1.615499400030216037e+01,1.650362772624011853e+01,1.000000000000000000e+00
9.680395510610293286e+01,1.615754249517420149e+01,1.650640077873237743e+01,1.000000000000000000e+00
9.690395919195634633e+01,1.616008821274146001e+01,1.650917068563339285e+01,1.000000000000000000e+00
9.700396327780975980e+01,1.616263115952711971e+01,1.651193745403936219e+01,1.000000000000000000e+00
9.710396736366317327e+01,1.616517134202960904e+01,1.651470109102260864e+01,1.000000000000000000e+00
9.720397144951658674e+01,1.616770876672133994e+01,1.651746160363165217e+01,1.000000000000000000e+00
9.730397553537000022e+01,1.617024344005369940e+01,1.652021899889135881e+01,1.000000000000000000e+00
9.740397962122341369e+01,1.617277536845694996e+01,1.652297328380301877e+01,1.000000000000000000e+00
9.750398370707682716e+01,1.617530455833469105e+01,1.652572446534446016e+01,1.000000000000000000e+00
9.760398779293022642e+01,1.617783101606768881e+01,1.652847255047015551e+01,1.000000000000000000e+00
9.770399187878363989e+01,1.618035474801492057e+01,1.653121754611132133e+01,1.000000000000000000e+00
9.780399596463705336e+01,1.618287576051537968e+01,1.653395945917601750e+01,1.000000000000000000e+00
9.790400005049046683e+01,1.618539405988008895e+01,1.653669829654926815e+01,1.000000000000000000e+00
9.800400413634388030e+01,1.618790965239958979e+01,1.653943406509313974e+01,1.000000000000000000e+00
9.810400822219729378e+01,1.619042254434211969e+01,1.654216677164686189e+01,1.000000000000000000e+00
9.820401230805070725e+01,1.619293274195755927e+01,1.654489642302690555e+01,1.000000000000000000e+00
9.830401639390412072e+01,1.619544025146599964e+01,1.654762302602711088e+01,1.000000000000000000e+00
9.840402047975753419e+01,1.619794507906922121e+01,1.655034658741877251e+01,1.000000000000000000e+00
9.850402456561094766e+01,1.620044723094708061e+01,1.655306711395073194e+01,1.000000000000000000e+00
9.860402865146436113e+01,1.620294671326032088e+01,1.655578461234949827e+01,1.000000000000000000e+00
9.870403273731776039e+01,1.620544353214155109e+01,1.655849908931931935e+01,1.000000000000000000e+00
9.880403682317117386e+01,1.620793769370474990e+01,1.656121055154230248e+01,1.000000000000000000e+00
9.890404090902458734e+01,1.621042920404298115e+01,1.656391900567849973e+01,1.000000000000000000e+00
9.900404499487800081e+01,1.621291806923004941e+01,1.656662445836600028e+01,1.000000000000000000e+00
9.910404908073141428e+01,1.621540429531211913e+01,1.656932691622102993e+01,1.000000000000000000e+00
9.920405316658482775e+01,1.621788788831753081e+01,1.657202638583807186e+01,1.000000000000000000e+00
9.930405725243824122e+01,1.622036885425340103e+01,1.657472287378992348e+01,1.000000000000000000e+00
9.940406133829165469e+01,1.622284719910868134e+01,1.657741638662779593e+01,1.000000000000000000e+00
9.950406542414506816e+01,1.622532292884488925e+01,1.658010693088144194e+01,1.000000000000000000e+00
9.960406950999848164e+01,1.622779604940583909e+01,1.658279451305920560e+01,1.000000000000000000e+00
9.970407359585188090e+01,1.623026656671472878e+01,1.658547913964815734e+01,1.000000000000000000e+00
9.980407768170529437e+01,1.623273448667725916e+01,1.658816081711414370e+01,1.000000000000000000e+00
9.990408176755870784e+01,1.623519981517161881e+01,1.659083955190191517e+01,1.000000000000000000e+00
1.000040858534121071e+02,1.623766208570500069e+01,1.659351535043519732e+01,1.000000000000000000e+00
1.020041675704804049e+02,1.628618079913126948e+01,1.664642441787614757e+01,1.000000000000000000e+00
1.040042492875486033e+02,1.633376594320073139e+01,1.669821080897408194e+01,1.000000000000000000e+00
1.060043310046169012e+02,1.638045325024159027e+01,1.674892100056357691e+01,1.000000000000000000e+00
1.080044127216850995e+02,1.642627644860507985e+01,1.679859865167313160e+01,1.000000000000000000e+00
1.100044944387532979e+02,1.647126740976666071e+01,1.684728482613176226e+01,1.000000000000000000e+00
1.120045761558215958e+02,1.651545628217276018e+01,1.689501819367498570e+01,1.000000000000000000e+00
1.140046578728897941e+02,1.655887161324060841e+01,1.694183521198932141e+01,1.000000000000000000e+00
1.160047395899581062e+02,1.660154046074777057e+01,1.698777029181825782e+01,1.000000000000000000e+00
1.180048213070263046e+02,1.664348849469973857e+01,1.703285594698236594e+01,1.000000000000000000e+00
1.200049030240945029e+02,1.668474009063595886e+01,1.707712293093450739e+01,1.000000000000000000e+00
1.220049847411628008e+02,1.672531841522355123e+01,1.712060036127186180e+01,1.000000000000000000e+00
1.240050664582309992e+02,1.676524550489111931e+01,1.716331583345471756e+01,1.000000000000000000e+00
1.260051481752992970e+02,1.680454233817118848e+01,1.720529552483336033e+01,1.000000000000000000e+00
1.280052298923675096e+02,1.684322890234550130e+01,1.724656428995589863e+01,1.000000000000000000e+00
1.300053116094358074e+02,1.688132425492343103e+01,1.728714574801784920e+01,1.000000000000000000e+00
1.320053933265039916e+02,1.691884658042681977e+01,1.732706236321691762e+01,1.000000000000000000e+00
1.340054750435722042e+02,1.695581324290477099e+01,1.736633551869154246e+01,1.000000000000000000e+00
1.360055567606405020e+02,1.699224083455801093e+01,1.740498558464725676e+01,1.000000000000000000e+00
1.380056384777086862e+02,1.702814522081360948e+01,1.744303198120962861e+01,1.000000000000000000e+00
1.400057201947770125e+02,1.706354158215663119e+01,1.748049323648545084e+01,1.000000000000000000e+00
1.420058019118451966e+02,1.709844445299464155e+01,1.751738704026324456e+01,1.000000000000000000e+00
1.440058836289134945e+02,1.713286775780411020e+01,1.755373029373958360e+01,1.000000000000000000e+00
1.460059653459817071e+02,1.716682484478385007e+01,1.758953915561851744e+01,1.000000000000000000e+00
1.480060470630498912e+02,1.720032851721867928e+01,1.762482908489656808e+01,1.000000000000000000e+00
1.500061287801181891e+02,1.723339106273814991e+01,1.765961488061463314e+01,1.000000000000000000e+00
1.520062104971864017e+02,1.726602428063729988e+01,1.769391071883095634e+01,1.000000000000000000e+00
1.540062922142546995e+02,1.729823950741162975e+01,1.772773018704469195e+01,1.000000000000000000e+00
1.560063739313229121e+02,1.733004764064451919e+01,1.776108631627786139e+01,1.000000000000000000e+00
1.580064556483912099e+02,1.736145916137300915e+01,1.779399161100400306e+01,1.000000000000000000e+00
1.600065373654593941e+02,1.739248415504683010e+01,1.782645807709437236e+01,1.000000000000000000e+00
1.620066190825276067e+02,1.742313233118553129e+01,1.785849724793715154e+01,1.000000000000000000e+00
1.640067007995959045e+02,1.745341304182949926e+01,1.789012020887079046e+01,1.000000000000000000e+00
1.660067825166640887e+02,1.748333529887275972e+01,1.792133762006027808e+01,1.000000000000000000e+00
1.680068642337323865e+02,1.751290779035770129e+01,1.795215973793387576e+01,1.000000000000000000e+00
1.700069459508005991e+02,1.754213889580557861e+01,1.798259643528736262e+01,1.000000000000000000e+00
1.720070276678688117e+02,1.757103670065050949e+01,1.801265722015396165e+01,1.000000000000000000e+00
1.740071093849371096e+02,1.759960900983892884e+01,1.804235125352967373e+01,1.000000000000000000e+00
1.760071911020054074e+02,1.762786336065201098e+01,1.807168736603610881e+01,1.000000000000000000e+00
1.780072728190735916e+02,1.765580703480355140e+01,1.810067407359647973e+01,1.000000000000000000e+00
1.800073545361418041e+02,1.768344706986199100e+01,1.812931959219370270e+01,1.000000000000000000e+00
1.820074362532101020e+02,1.771079027004125095e+01,1.815763185177458183e+01,1.000000000000000000e+00
1.840075179702782862e+02,1.773784321640200901e+01,1.818561850935837043e+01,1.000000000000000000e+00
1.860075996873466124e+02,1.776461227650140984e+01,1.821328696140383130e+01,1.000000000000000000e+00
1.880076814044147966e+02,1.779110361352676151e+01,1.824064435548443441e+01,1.000000000000000000e+00
1.900077631214830092e+02,1.781732319494594918e+01,1.826769760131760734e+01,1.000000000000000000e+00
1.920078448385513070e+02,1.784327680070489919e+01,1.829445338119041509e+01,1.000000000000000000e+00
1.940079265556194912e+02,1.786897003100033032e+01,1.832091815982076355e+01,1.000000000000000000e+00
1.960080082726877890e+02,1.789440831365374862e+01,1.834709819369051331e+01,1.000000000000000000e+00
1.980080899897560016e+02,1.791959691111132003e+01,1.837299953988392787e+01,1.000000000000000000e+00
2.000081717068242142e+02,1.794454092709177928e+01,1.839862806446257082e+01,0.000000000000000000e+00
2.020082534238925120e+02,1.796924531290365934e+01,1.842398945040558544e+01,0.000000000000000000e+00
2.040083351409606962e+02,1.799371487345133858e+01,1.844908920514198769e+01,0.000000000000000000e+00
2.060084168580289941e+02,1.801795427294807084e+01,1.847393266769998377e+01,0.000000000000000000e+00
2.080084985750972066e+02,1.804196804035295898e+01,1.849852501549629835e+01,0.000000000000000000e+00
2.100085802921653908e+02,1.806576057454786977e+01,1.852287127078711393e+01,0.000000000000000000e+00
2.120086620092336887e+02,1.808933614926892020e+01,1.854697630680064435e+01,0.000000000000000000e+00
2.140087437263019865e+02,1.811269891780641927e+01,1.857084485356992332e+01,0.000000000000000000e+00
2.160088254433701991e+02,1.813585291748628947e+01,1.859448150348325868e+01,0.000000000000000000e+00
2.180089071604384117e+02,1.815880207394485168e+01,1.861789071656860983e+01,0.000000000000000000e+00
2.200089888775067095e+02,1.818155020520843124e+01,1.864107682552698009e+01,0.000000000000000000e+00
2.220090705945748937e+02,1.820410102558846077e+01,1.866404404052902066e+01,0.000000000000000000e+00
2.240091523116431915e+02,1.822645814940173992e+01,1.868679645378802689e+01,0.000000000000000000e+00
2.260092340287114041e+02,1.824862509452550086e+01,1.870933804392178246e+01,0.000000000000000000e+00
2.280093157457795883e+02,1.827060528579573173e+01,1.873167268011481212e+01,0.000000000000000000e+00
2.300093974628478861e+02,1.829240205825718846e+01,1.875380412609183622e+01,0.000000000000000000e+00
2.320094791799160987e+02,1.831401866027267999e+01,1.877573604391267281e+01,0.000000000000000000e+00
2.340095608969843965e+02,1.833545825649884975e+01,1.879747199759812304e+01,0.000000000000000000e+00
2.360096426140526091e+02,1.835672393073541997e+01,1.881901545659572150e+01,0.000000000000000000e+00
2.380097243311209070e+02,1.837781868865413060e+01,1.884036979909382126e+01,0.000000000000000000e+00
2.400098060481890911e+02,1.839874546041352943e+01,1.886153831519189339e+01,0.000000000000000000e+00
2.420098877652573037e+02,1.841950710316524109e+01,1.888252420993440950e+01,0.000000000000000000e+00
2.440099694823256016e+02,1.844010640345713981e+01,1.890333060621536276e+01,0.000000000000000000e+00
2.460100511993938142e+02,1.846054607953837134e+01,1.892396054755991486e+01,0.000000000000000000e+00
2.480101329164621120e+02,1.848082878357107006e+01,1.894441700078939306e+01,0.000000000000000000e+00
2.500102146335302962e+02,1.850095710375327940e+01,1.896470285857544980e+01,0.000000000000000000e+00
2.520102963505985940e+02,1.852093356635726096e+01,1.898482094188884162e+01,0.000000000000000000e+00
2.540103780676668066e+02,1.854076063768723870e+01,1.900477400234803582e+01,0.000000000000000000e+00
2.560104597847350192e+02,1.856044072596037964e+01,1.902456472447247648e+01,0.000000000000000000e+00
2.580105415018032886e+02,1.857997618311454957e+01,1.904419572784517101e+01,0.000000000000000000e+00
2.600106232188715012e+02,1.859936930654635034e+01,1.906366956918886757e+01,0.000000000000000000e+00
2.620107049359398275e+02,1.861862234078244072e+01,1.908298874436000858e+01,0.000000000000000000e+00
2.640107866530079832e+02,1.863773747908741996e+01,1.910215569026424731e+01,0.000000000000000000e+00
2.660108683700763095e+02,1.865671686501097071e+01,1.912117278669730069e+01,0.000000000000000000e+00
2.680109500871445221e+02,1.867556259387707129e+01,1.914004235811449917e+01,0.000000000000000000e+00
2.700110318042126778e+02,1.869427671421787096e+01,1.915876667533239441e+01,0.000000000000000000e+00
2.720111135212810041e+02,1.871286122915461902e+01,1.917734795716552298e+01,0.000000000000000000e+00
2.740111952383492167e+02,1.873131809772798917e+01,1.919578837200117505e+01,0.000000000000000000e+00
2.760112769554174861e+02,1.874964923618011881e+01,1.921409003931514548e+01,0.000000000000000000e+00
2.780113586724856987e+02,1.876785651919025000e+01,1.923225503113088308e+01,0.000000000000000000e+00
2.800114403895540249e+02,1.878594178106618173e+01,1.925028537342473101e+01,0.000000000000000000e+00
2.820115221066221807e+02,1.880390681689324950e+01,1.926818304747954613e+01,0.000000000000000000e+00
2.840116038236905069e+02,1.882175338364271155e+01,1.928594999118894293e+01,0.000000000000000000e+00
2.860116855407587195e+02,1.883948320124131115e+01,1.930358810031437855e+01,0.000000000000000000e+00
2.880117672578268753e+02,1.885709795360348906e+01,1.932109922969702609e+01,0.000000000000000000e+00
2.900118489748950878e+02,1.887459928962793043e+01,1.933848519442640423e+01,0.000000000000000000e+00
2.920119306919634141e+02,1.889198882415981018e+01,1.935574777096766752e+01,0.000000000000000000e+00
2.940120124090316267e+02,1.890926813892027880e+01,1.937288869824917015e+01,0.000000000000000000e+00
2.960120941260998961e+02,1.892643878340437169e+01,1.938990967871205129e+01,0.000000000000000000e+00
2.980121758431681087e+02,1.894350227574869905e+01,1.940681237932345482e+01,0.000000000000000000e+00
3.000122575602363781e+02,1.896046010357017053e+01,1.942359843255479745e+01,0.000000000000000000e+00
3.020123392773045907e+02,1.897731372477673162e+01,1.944026943732654900e+01,0.000000000000000000e+00
3.040124209943729170e+02,1.899406456835150081e+01,1.945682695992094580e+01,0.000000000000000000e+00
3.060125027114410727e+02,1.901071403511107150e+01,1.947327253486388798e+01,0.000000000000000000e+00
3.080125844285092853e+02,1.902726349843914022e+01,1.948960766577721415e+01,0.000000000000000000e+00
3.100126661455776116e+02,1.904371430499649165e+01,1.950583382620264672e+01,0.000000000000000000e+00
3.120127478626458242e+02,1.906006777540796904e+01,1.952195246039843823e+01,0.000000000000000000e+00
3.140128295797140936e+02,1.907632520492767014e+01,1.953796498410985549e+01,0.000000000000000000e+00
3.160129112967823062e+02,1.909248786408295118e+01,1.955387278531447492e+01,0.000000000000000000e+00
3.180129930138505756e+02,1.910855699929809148e+01,1.956967722494330530e+01,0.000000000000000000e+00
3.200130747309187882e+02,1.912453383349843961e+01,1.958537963757867573e+01,0.000000000000000000e+00
3.220131564479871145e+02,1.914041956669576905e+01,1.960098133212974147e+01,0.000000000000000000e+00
3.240132381650553270e+02,1.915621537655545836e+01,1.961648359248653151e+01,0.000000000000000000e+00
3.260133198821234828e+02,1.917192241894622029e+01,1.963188767815324098e+01,0.000000000000000000e+00
3.280134015991918091e+02,1.918754182847304079e+01,1.964719482486171387e+01,0.000000000000000000e+00
3.300134833162600216e+02,1.920307471899397100e+01,1.966240624516564850e+01,0.000000000000000000e+00
3.320135650333281774e+02,1.921852218412115931e+01,1.967752312901648537e+01,0.000000000000000000e+00
3.340136467503965036e+02,1.923388529770701894e+01,1.969254664432141766e+01,0.000000000000000000e+00
3.360137284674647162e+02,1.924916511431574051e+01,1.970747793748436294e+01,0.000000000000000000e+00
3.380138101845329857e+02,1.926436266968087097e+01,1.972231813393042898e+01,0.000000000000000000e+00
3.400138919016011982e+02,1.927947898114940983e+01,1.973706833861444920e+01,0.000000000000000000e+00
3.420139736186695245e+02,1.929451504811286000e+01,1.975172963651432667e+01,0.000000000000000000e+00
3.440140553357376803e+02,1.930947185242568054e+01,1.976630309310944256e+01,0.000000000000000000e+00
3.460141370528058928e+02,1.932435035881168872e+01,1.978078975484499580e+01,0.000000000000000000e+00
3.480142187698742191e+02,1.933915151525868836e+01,1.979519064958248720e+01,0.000000000000000000e+00
3.500143004869423748e+02,1.935387625340178985e+01,1.980950678703705137e+01,0.000000000000000000e+00
3.520143822040107011e+02,1.936852548889584824e+01,1.982373915920191365e+01,0.000000000000000000e+00
3.540144639210789137e+02,1.938310012177733910e+01,1.983788874076060438e+01,0.000000000000000000e+00
3.560145456381471831e+02,1.939760103681599901e+01,1.985195648948719338e+01,0.000000000000000000e+00
3.580146273552153957e+02,1.941202910385666058e+01,1.986594334663504924e+01,0.000000000000000000e+00
3.600147090722837220e+02,1.942638517815158039e+01,1.987985023731452827e+01,0.000000000000000000e+00
3.620147907893518777e+02,1.944067010068350143e+01,1.989367807085984907e+01,0.000000000000000000e+00
3.640148725064200903e+02,1.945488469847988000e+01,1.990742774118572811e+01,0.000000000000000000e+00
3.660149542234884166e+02,1.946902978491842973e+01,1.992110012713386880e+01,0.000000000000000000e+00
3.680150359405565723e+02,1.948310616002443041e+01,1.993469609280988664e+01,0.000000000000000000e+00
3.700151176576247849e+02,1.949711461075990115e+01,1.994821648791079838e+01,0.000000000000000000e+00
3.720151993746931112e+02,1.951105591130503925e+01,1.996166214804352279e+01,0.000000000000000000e+00
3.740152810917613238e+02,1.952493082333203844e+01,1.997503389503457072e+01,0.000000000000000000e+00
3.760153628088295932e+02,1.953874009627173081e+01,1.998833253723134362e+01,0.000000000000000000e+00
3.780154445258978058e+02,1.955248446757298098e+01,2.000155886979520403e+01,0.000000000000000000e+00
3.800155262429660752e+02,1.956616466295542978e+01,2.001471367498661635e+01,0.000000000000000000e+00
3.820156079600342878e+02,1.957978139665542017e+01,2.002779772244267775e+01,0.000000000000000000e+00
3.840156896771026140e+02,1.959333537166567041e+01,2.004081176944715281e+01,0.000000000000000000e+00
3.860157713941708266e+02,1.960682727996858077e+01,2.005375656119341699e+01,0.000000000000000000e+00
3.880158531112389824e+02,1.962025780276360010e+01,2.006663283104033013e+01,0.000000000000000000e+00
3.900159348283073086e+02,1.963362761068874107e+01,2.007944130076151623e+01,0.000000000000000000e+00
3.920160165453755212e+02,1.964693736403636137e+01,2.009218268078797820e+01,0.000000000000000000e+00
3.940160982624437906e+02,1.966018771296353052e+01,2.010485767044450256e+01,0.000000000000000000e+00
3.960161799795120032e+02,1.967337929769703919e+01,2.011746695817989661e+01,0.000000000000000000e+00
3.980162616965802727e+02,1.968651274873328916e+01,2.013001122179126412e+01,0.000000000000000000e+00
4.000163434136484852e+02,1.969958868703303878e+01,2.014249112864258962e+01,0.000000000000000000e+00
4.020164251307168115e+02,1.971260772421149099e+01,2.015490733587770933e+01,0.000000000000000000e+00
4.040165068477850241e+02,1.972557046272347847e+01,2.016726049062787496e+01,0.000000000000000000e+00
4.060165885648531798e+02,1.973847749604423996e+01,2.017955123021408070e+01,0.000000000000000000e+00
4.080166702819213924e+02,1.975132940884557087e+01,2.019178018234434546e+01,0.000000000000000000e+00
4.100167519989897187e+02,1.976412677716788124e+01,2.020394796530600701e+01,0.000000000000000000e+00
4.120168337160578744e+02,1.977687016858786961e+01,2.021605518815322000e+01,0.000000000000000000e+00
4.140169154331262007e+02,1.978956014238228889e+01,2.022810245088990655e+01,0.000000000000000000e+00
4.160169971501944133e+02,1.980219724968764083e+01,2.024009034464812373e+01,0.000000000000000000e+00
4.180170788672626827e+02,1.981478203365615087e+01,2.025201945186205421e+01,0.000000000000000000e+00
4.200171605843308953e+02,1.982731502960794856e+01,2.026389034643777620e+01,0.000000000000000000e+00
4.220172423013992216e+02,1.983979676517967050e+01,2.027570359391895494e+01,0.000000000000000000e+00
4.240173240184673773e+02,1.985222776046952120e+01,2.028745975164843429e+01,0.000000000000000000e+00
4.260174057355355899e+02,1.986460852817895173e+01,2.029915936892602701e+01,0.000000000000000000e+00
4.280174874526039162e+02,1.987693957375098108e+01,2.031080298716250354e+01,0.000000000000000000e+00
4.300175691696720719e+02,1.988922139550534141e+01,2.032239114002989311e+01,0.000000000000000000e+00
4.320176508867403982e+02,1.990145448477046841e+01,2.033392435360824635e+01,0.000000000000000000e+00
4.340177326038086107e+02,1.991363932601241871e+01,2.034540314652895177e+01,0.000000000000000000e+00
4.360178143208768802e+02,1.992577639696085967e+01,2.035682803011462028e+01,0.000000000000000000e+00
4.380178960379450928e+02,1.993786616873212836e+01,2.036819950851580785e+01,0.000000000000000000e+00
4.400179777550134190e+02,1.994990910594959033e+01,2.037951807884444122e+01,0.000000000000000000e+00
4.420180594720815748e+02,1.996190566686112078e+01,2.039078423130424511e+01,0.000000000000000000e+00
4.440181411891497874e+02,1.997385630345408103e+01,2.040199844931811413e+01,0.000000000000000000e+00
4.460182229062181136e+02,1.998576146156757005e+01,2.041316120965258563e+01,0.000000000000000000e+00
4.480183046232863262e+02,1.999762158100233123e+01,2.042427298253945622e+01,0.000000000000000000e+00
4.500183863403544819e+02,2.000943709562800876e+01,2.043533423179464847e+01,0.000000000000000000e+00
4.520184680574228082e+02,2.002120843348825119e+01,2.044634541493438462e+01,0.000000000000000000e+00
4.540185497744910208e+02,2.003293601690327108e+01,2.045730698328871000e+01,0.000000000000000000e+00
4.560186314915592902e+02,2.004462026257035134e+01,2.046821938211253666e+01,0.000000000000000000e+00
4.580187132086275028e+02,2.005626158166198891e+01,2.047908305069414325e+01,0.000000000000000000e+00
4.600187949256957722e+02,2.006786037992203120e+01,2.048989842246130877e+01,0.000000000000000000e+00
4.620188766427639848e+02,2.007941705775962049e+01,2.050066592508505892e+01,0.000000000000000000e+00
4.640189583598323111e+02,2.009093201034119147e+01,2.051138598058117424e+01,0.000000000000000000e+00
4.660190400769005237e+02,2.010240562768042949e+01,2.052205900540942451e+01,0.000000000000000000e+00
4.680191217939686794e+02,2.011383829472634943e+01,2.053268541057066443e+01,0.000000000000000000e+00
4.700192035110370057e+02,2.012523039144948100e+01,2.054326560170180471e+01,0.000000000000000000e+00
4.720192852281052183e+02,2.013658229292619950e+01,2.055379997916873691e+01,0.000000000000000000e+00
4.740193669451734877e+02,2.014789436942130862e+01,2.056428893815726155e+01,0.000000000000000000e+00
4.760194486622417003e+02,2.015916698646886829e+01,2.057473286876203389e+01,0.000000000000000000e+00
4.780195303793100265e+02,2.017040050495133841e+01,2.058513215607362667e+01,0.000000000000000000e+00
4.800196120963781823e+02,2.018159528117704937e+01,2.059548718026378822e+01,0.000000000000000000e+00
4.820196938134465086e+02,2.019275166695609869e+01,2.060579831666876061e+01,0.000000000000000000e+00
4.840197755305147211e+02,2.020387000967463109e+01,2.061606593587102765e+01,0.000000000000000000e+00
4.860198572475828769e+02,2.021495065236760880e+01,2.062629040377917278e+01,0.000000000000000000e+00
4.880199389646510895e+02,2.022599393379011090e+01,2.063647208170615244e+01,0.000000000000000000e+00
4.900200206817194157e+02,2.023700018848715843e+01,2.064661132644594232e+01,0.000000000000000000e+00
4.920201023987876283e+02,2.024796974686207918e+01,2.065670849034855650e+01,0.000000000000000000e+00
4.940201841158558977e+02,2.025890293524352970e+01,2.066676392139354590e+01,0.000000000000000000e+00
4.960202658329241103e+02,2.026980007595118138e+01,2.067677796326195505e+01,0.000000000000000000e+00
4.980203475499923798e+02,2.028066148736002106e+01,2.068675095540682207e+01,0.000000000000000000e+00
5.000204292670605923e+02,2.029148748396342938e+01,2.069668323312227187e+01,0.000000000000000000e+00
5.020205109841289186e+02,2.030227837643494126e+01,2.070657512761111008e+01,0.000000000000000000e+00
5.040205927011970743e+02,2.031303447168883025e+01,2.071642696605117351e+01,0.000000000000000000e+00
5.060206744182652869e+02,2.032375607293946018e+01,2.072623907166023116e+01,0.000000000000000000e+00
5.080207561353336132e+02,2.033444347975949995e+01,2.073601176375964883e+01,0.000000000000000000e+00
5.100208378524018258e+02,2.034509698813690903e+01,2.074574535783674634e+01,0.000000000000000000e+00
5.120209195694700384e+02,2.035571689053096023e+01,2.075544016560595395e+01,0.000000000000000000e+00
5.140210012865383078e+02,2.036630347592700119e+01,2.076509649506868271e+01,0.000000000000000000e+00
5.160210830036065772e+02,2.037685702989031000e+01,2.077471465057210764e+01,0.000000000000000000e+00
5.180211647206748466e+02,2.038737783461873931e+01,2.078429493286668617e+01,0.000000000000000000e+00
5.200212464377430024e+02,2.039786616899452909e+01,2.079383763916263916e+01,0.000000000000000000e+00
5.220213281548112718e+02,2.040832230863498964e+01,2.080334306318528803e+01,0.000000000000000000e+00
5.240214098718795412e+02,2.041874652594226092e+01,2.081281149522931884e+01,0.000000000000000000e+00
5.260214915889478107e+02,2.042913909015214102e+01,2.082224322221197355e+01,0.000000000000000000e+00
5.280215733060159664e+02,2.043950026738196968e+01,2.083163852772525360e+01,0.000000000000000000e+00
5.300216550230842358e+02,2.044983032067758089e+01,2.084099769208712161e+01,0.000000000000000000e+00
5.320217367401525053e+02,2.046012951005947045e+01,2.085032099239165859e+01,0.000000000000000000e+00
5.340218184572207747e+02,2.047039809256795095e+01,2.085960870255833299e+01,0.000000000000000000e+00
5.360219001742889304e+02,2.048063632230757136e+01,2.086886109338030337e+01,0.000000000000000000e+00
5.380219818913571999e+02,2.049084445049069103e+01,2.087807843257179741e+01,0.000000000000000000e+00
5.400220636084254693e+02,2.050102272548021176e+01,2.088726098481463112e+01,0.000000000000000000e+00
5.420221453254937387e+02,2.051117139283153890e+01,2.089640901180379728e+01,0.000000000000000000e+00
5.440222270425620081e+02,2.052129069533381056e+01,2.090552277229227940e+01,0.000000000000000000e+00
5.460223087596301639e+02,2.053138087305027071e+01,2.091460252213492055e+01,0.000000000000000000e+00
5.480223904766984333e+02,2.054144216335800976e+01,2.092364851433159600e+01,0.000000000000000000e+00
5.500224721937667027e+02,2.055147480098694857e+01,2.093266099906951183e+01,0.000000000000000000e+00
5.520225539108349722e+02,2.056147901805803002e+01,2.094164022376470768e+01,0.000000000000000000e+00
5.540226356279031279e+02,2.057145504412088854e+01,2.095058643310287039e+01,0.000000000000000000e+00
5.560227173449713973e+02,2.058140310619069879e+01,2.095949986907935170e+01,0.000000000000000000e+00
5.580227990620396668e+02,2.059132342878439914e+01,2.096838077103844000e+01,0.000000000000000000e+00
5.600228807791079362e+02,2.060121623395630053e+01,2.097722937571194990e+01,0.000000000000000000e+00
5.620229624961760919e+02,2.061108174133304161e+01,2.098604591725712254e+01,0.000000000000000000e+00
5.640230442132443613e+02,2.062092016814791862e+01,2.099483062729378702e+01,0.000000000000000000e+00
5.660231259303126308e+02,2.063073172927458998e+01,2.100358373494089648e+01,0.000000000000000000e+00
5.680232076473809002e+02,2.064051663726025865e+01,2.101230546685243894e+01,0.000000000000000000e+00
5.700232893644490559e+02,2.065027510235815100e+01,2.102099604725259496e+01,0.000000000000000000e+00
5.720233710815173254e+02,2.066000733255954103e+01,2.102965569797041923e+01,0.000000000000000000e+00
5.740234527985855948e+02,2.066971353362517050e+01,2.103828463847378316e+01,0.000000000000000000e+00
5.760235345156538642e+02,2.067939390911611142e+01,2.104688308590274914e+01,0.000000000000000000e+00
5.780236162327221336e+02,2.068904866042412038e+01,2.105545125510244731e+01,0.000000000000000000e+00
5.800236979497902894e+02,2.069867798680143167e+01,2.106398935865520627e+01,0.000000000000000000e+00
5.820237796668585588e+02,2.070828208539007065e+01,2.107249760691228602e+01,0.000000000000000000e+00
5.840238613839268282e+02,2.071786115125065919e+01,2.108097620802496408e+01,0.000000000000000000e+00
5.860239431009950977e+02,2.072741537739074857e+01,2.108942536797508893e+01,0.000000000000000000e+00
5.880240248180632534e+02,2.073694495479258038e+01,2.109784529060515013e+01,0.000000000000000000e+00
5.900241065351315228e+02,2.074645007244052053e+01,2.110623617764778714e+01,0.000000000000000000e+00
5.920241882521997923e+02,2.075593091734788942e+01,2.111459822875480086e+01,0.000000000000000000e+00
5.940242699692680617e+02,2.076538767458344026e+01,2.112293164152568181e+01,0.000000000000000000e+00
5.960243516863362174e+02,2.077482052729731876e+01,2.113123661153561272e+01,0.000000000000000000e+00
5.980244334034044869e+02,2.078422965674664979e+01,2.113951333236308727e+01,0.000000000000000000e+00
6.000245151204727563e+02,2.079361524232067993e+01,2.114776199561691783e+01,0.000000000000000000e+00
6.020245968375410257e+02,2.080297746156546879e+01,2.115598279096293055e+01,0.000000000000000000e+00
6.040246785546091814e+02,2.081231649020816832e+01,2.116417590615009914e+01,0.000000000000000000e+00
6.060247602716774509e+02,2.082163250218101069e+01,2.117234152703631622e+01,0.000000000000000000e+00
6.080248419887457203e+02,2.083092566964474912e+01,2.118047983761370290e+01,0.000000000000000000e+00
6.100249237058139897e+02,2.084019616301177891e+01,2.118859102003347061e+01,0.000000000000000000e+00
6.120250054228821455e+02,2.084944415096894943e+01,2.119667525463042779e+01,0.000000000000000000e+00
6.140250871399504149e+02,2.085866980049986097e+01,2.120473271994705300e+01,0.000000000000000000e+00
6.160251688570186843e+02,2.086787327690693061e+01,2.121276359275711343e+01,0.000000000000000000e+00
6.180252505740869537e+02,2.087705474383303894e+01,2.122076804808902750e+01,0.000000000000000000e+00
6.200253322911552232e+02,2.088621436328282144e+01,2.122874625924870173e+01,0.000000000000000000e+00
6.220254140082233789e+02,2.089535229564361885e+01,2.123669839784207625e+01,0.000000000000000000e+00
6.240254957252916483e+02,2.090446869970616106e+01,2.124462463379732213e+01,0.000000000000000000e+00
6.260255774423599178e+02,2.091356373268478919e+01,2.125252513538657695e+01,0.000000000000000000e+00
6.280256591594281872e+02,2.092263755023751060e+01,2.126040006924744574e+01,0.000000000000000000e+00
6.300257408764963429e+02,2.093169030648557083e+01,2.126824960040406154e+01,0.000000000000000000e+00
6.320258225935646124e+02,2.094072215403285142e+01,2.127607389228789003e+01,0.000000000000000000e+00
6.340259043106328818e+02,2.094973324398491954e+01,2.128387310675811506e+01,0.000000000000000000e+00
6.360259860277011512e+02,2.095872372596772948e+01,2.129164740412177537e+01,0.000000000000000000e+00
6.380260677447693070e+02,2.096769374814607900e+01,2.129939694315351773e+01,0.000000000000000000e+00
6.400261494618375764e+02,2.097664345724178858e+01,2.130712188111509420e+01,0.000000000000000000e+00
6.420262311789058458e+02,2.098557299855157154e+01,2.131482237377449707e+01,0.000000000000000000e+00
6.440263128959741152e+02,2.099448251596459158e+01,2.132249857542483085e+01,0.000000000000000000e+00
6.460263946130422710e+02,2.100337215197984975e+01,2.133015063890287877e+01,0.000000000000000000e+00
6.480264763301105404e+02,2.101224204772319126e+01,2.133777871560734951e+01,0.000000000000000000e+00
6.500265580471788098e+02,2.102109234296413121e+01,2.134538295551686815e+01,0.000000000000000000e+00
6.520266397642470793e+02,2.102992317613237105e+01,2.135296350720771841e+01,0.000000000000000000e+00
6.540267214813152350e+02,2.103873468433407012e+01,2.136052051787120831e+01,0.000000000000000000e+00
6.560268031983835044e+02,2.104752700336795002e+01,2.136805413333087955e+01,0.000000000000000000e+00
6.580268849154517738e+02,2.105630026774099051e+01,2.137556449805937575e+01,0.000000000000000000e+00
6.600269666325200433e+02,2.106505461068406149e+01,2.138305175519509760e+01,0.000000000000000000e+00
6.620270483495883127e+02,2.107379016416717121e+01,2.139051604655855243e+01,0.000000000000000000e+00
6.640271300666564684e+02,2.108250705891461863e+01,2.139795751266849777e+01,0.000000000000000000e+00
6.660272117837247379e+02,2.109120542441981883e+01,2.140537629275785747e+01,0.000000000000000000e+00
6.680272935007930073e+02,2.109988538895992960e+01,2.141277252478928972e+01,0.000000000000000000e+00
6.700273752178612767e+02,2.110854707961030030e+01,2.142014634547065555e+01,0.000000000000000000e+00
6.720274569349294325e+02,2.111719062225866139e+01,2.142749789027016760e+01,0.000000000000000000e+00
6.740275386519977019e+02,2.112581614161910082e+01,2.143482729343131155e+01,0.000000000000000000e+00
6.760276203690659713e+02,2.113442376124586985e+01,2.144213468798760402e+01,0.000000000000000000e+00
6.780277020861342407e+02,2.114301360354699000e+01,2.144942020577707353e+01,0.000000000000000000e+00
6.800277838032023965e+02,2.115158578979756854e+01,2.145668397745650680e+01,0.000000000000000000e+00
6.820278655202706659e+02,2.116014044015305018e+01,2.146392613251560277e+01,0.000000000000000000e+00
6.840279472373389353e+02,2.116867767366219155e+01,2.147114679929072167e+01,0.000000000000000000e+00
6.860280289544072048e+02,2.117719760827981901e+01,2.147834610497863395e+01,0.000000000000000000e+00
6.880281106714753605e+02,2.118570036087955089e+01,2.148552417564992112e+01,0.000000000000000000e+00
6.900281923885436299e+02,2.119418604726611832e+01,2.149268113626226295e+01,0.000000000000000000e+00
6.920282741056118994e+02,2.120265478218770028e+01,2.149981711067346879e+01,0.000000000000000000e+00
6.940283558226801688e+02,2.121110667934797078e+01,2.150693222165435259e+01,0.000000000000000000e+00
6.960284375397484382e+02,2.121954185141798988e+01,2.151402659090143743e+01,0.000000000000000000e+00
6.980285192568165940e+02,2.122796041004799150e+01,2.152110033904943265e+01,0.000000000000000000e+00
7.000286009738848634e+02,2.123636246587889076e+01,2.152815358568356885e+01,0.000000000000000000e+00
7.020286826909531328e+02,2.124474812855373074e+01,2.153518644935169846e+01,0.000000000000000000e+00
7.040287644080214022e+02,2.125311750672889133e+01,2.154219904757630388e+01,0.000000000000000000e+00
7.060288461250895580e+02,2.126147070808519146e+01,2.154919149686627122e+01,0.000000000000000000e+00
7.080289278421578274e+02,2.126980783933881014e+01,2.155616391272851473e+01,0.000000000000000000e+00
7.100290095592260968e+02,2.127812900625205117e+01,2.156311640967940235e+01,0.000000000000000000e+00
7.120290912762943663e+02,2.128643431364397998e+01,2.157004910125611019e+01,0.000000000000000000e+00
7.140291729933625220e+02,2.129472386540086148e+01,2.157696210002769988e+01,0.000000000000000000e+00
7.160292547104307914e+02,2.130299776448651983e+01,2.158385551760613197e+01,0.000000000000000000e+00
7.180293364274990608e+02,2.131125611295249911e+01,2.159072946465705911e+01,0.000000000000000000e+00
7.200294181445673303e+02,2.131949901194812114e+01,2.159758405091050548e+01,0.000000000000000000e+00
7.220294998616354860e+02,2.132772656173035841e+01,2.160441938517137572e+01,0.000000000000000000e+00
7.240295815787037554e+02,2.133593886167362896e+01,2.161123557532985018e+01,0.000000000000000000e+00
7.260296632957720249e+02,2.134413601027939933e+01,2.161803272837156698e+01,0.000000000000000000e+00
7.280297450128402943e+02,2.135231810518570938e+01,2.162481095038775436e+01,0.000000000000000000e+00
7.300298267299084500e+02,2.136048524317650887e+01,2.163157034658513567e+01,0.000000000000000000e+00
7.320299084469767195e+02,2.136863752019094065e+01,2.163831102129574191e+01,0.000000000000000000e+00
7.340299901640449889e+02,2.137677503133240009e+01,2.164503307798660359e+01,0.000000000000000000e+00
7.360300718811132583e+02,2.138489787087755900e+01,2.165173661926925064e+01,0.000000000000000000e+00
7.380301535981815277e+02,2.139300613228524028e+01,2.165842174690915556e+01,0.000000000000000000e+00
7.400302353152496835e+02,2.140109990820513985e+01,2.166508856183497755e+01,0.000000000000000000e+00
7.420303170323179529e+02,2.140917929048647039e+01,2.167173716414772144e+01,0.000000000000000000e+00
7.440303987493862223e+02,2.141724437018649851e+01,2.167836765312979708e+01,0.000000000000000000e+00
7.460304804664544918e+02,2.142529523757890075e+01,2.168498012725384427e+01,0.000000000000000000e+00
7.480305621835226475e+02,2.143333198216209112e+01,2.169157468419159329e+01,0.000000000000000000e+00
7.500306439005909169e+02,2.144135469266738170e+01,2.169815142082249082e+01,0.000000000000000000e+00
7.520307256176591864e+02,2.144936345706702951e+01,2.170471043324224780e+01,0.000000000000000000e+00
7.540308073347274558e+02,2.145735836258226925e+01,2.171125181677126648e+01,0.000000000000000000e+00
7.560308890517956115e+02,2.146533949569109012e+01,2.171777566596296793e+01,0.000000000000000000e+00
7.580309707688638809e+02,2.147330694213604119e+01,2.172428207461200600e+01,0.000000000000000000e+00
7.600310524859321504e+02,2.148126078693184837e+01,2.173077113576233188e+01,0.000000000000000000e+00
7.620311342030004198e+02,2.148920111437303149e+01,2.173724294171523042e+01,0.000000000000000000e+00
7.640312159200685755e+02,2.149712800804125123e+01,2.174369758403717157e+01,0.000000000000000000e+00
7.660312976371368450e+02,2.150504155081275925e+01,2.175013515356759086e+01,0.000000000000000000e+00
7.680313793542051144e+02,2.151294182486562079e+01,2.175655574042657037e+01,0.000000000000000000e+00
7.700314610712733838e+02,2.152082891168688050e+01,2.176295943402241306e+01,0.000000000000000000e+00
7.720315427883416532e+02,2.152870289207962884e+01,2.176934632305915329e+01,0.000000000000000000e+00
7.740316245054098090e+02,2.153656384617001152e+01,2.177571649554385402e+01,0.000000000000000000e+00
7.760317062224780784e+02,2.154441185341407916e+01,2.178207003879398229e+01,0.000000000000000000e+00
7.780317879395463478e+02,2.155224699260464050e+01,2.178840703944452173e+01,0.000000000000000000e+00
7.800318696566146173e+02,2.156006934187794144e+01,2.179472758345511352e+01,0.000000000000000000e+00
7.820319513736827730e+02,2.156787897872030868e+01,2.180103175611703392e+01,0.000000000000000000e+00
7.840320330907510424e+02,2.157567597997470088e+01,2.180731964206010787e+01,0.000000000000000000e+00
7.860321148078193119e+02,2.158346042184716040e+01,2.181359132525955147e+01,0.000000000000000000e+00
7.880321965248875813e+02,2.159123237991319044e+01,2.181984688904266534e+01,0.000000000000000000e+00
7.900322782419557370e+02,2.159899192912410015e+01,2.182608641609552791e+01,0.000000000000000000e+00
7.920323599590240065e+02,2.160673914381316152e+01,2.183230998846952531e+01,0.000000000000000000e+00
7.940324416760922759e+02,2.161447409770179107e+01,2.183851768758785994e+01,0.000000000000000000e+00
7.960325233931605453e+02,2.162219686390561080e+01,2.184470959425190273e+01,0.000000000000000000e+00
7.980326051102287011e+02,2.162990751494043096e+01,2.185088578864755959e+01,0.000000000000000000e+00
8.000326868272969705e+02,2.163760612272817951e+01,2.185704635035147447e+01,0.000000000000000000e+00
8.020327685443652399e+02,2.164529275860272861e+01,2.186319135833720395e+01,0.000000000000000000e+00
8.040328502614335093e+02,2.165296749331564996e+01,2.186932089098126397e+01,0.000000000000000000e+00
8.060329319785016651e+02,2.166063039704198090e+01,2.187543502606916945e+01,0.000000000000000000e+00
8.080330136955699345e+02,2.166828153938574886e+01,2.188153384080136021e+01,0.000000000000000000e+00
8.100330954126382039e+02,2.167592098938562017e+01,2.188761741179903453e+01,0.000000000000000000e+00
8.120331771297064734e+02,2.168354881552033930e+01,2.189368581510992584e+01,0.000000000000000000e+00
8.140332588467747428e+02,2.169116508571417867e+01,2.189973912621402974e+01,0.000000000000000000e+00
8.160333405638428985e+02,2.169876986734226065e+01,2.190577742002923856e+01,0.000000000000000000e+00
8.180334222809111679e+02,2.170636322723589018e+01,2.191180077091690492e+01,0.000000000000000000e+00
8.200335039979794374e+02,2.171394523168777013e+01,2.191780925268733426e+01,0.000000000000000000e+00
8.220335857150477068e+02,2.172151594645712080e+01,2.192380293860522755e+01,0.000000000000000000e+00
8.240336674321158625e+02,2.172907543677484909e+01,2.192978190139504591e+01,0.000000000000000000e+00
8.260337491491841320e+02,2.173662376734854007e+01,2.193574621324629703e+01,0.000000000000000000e+00
8.280338308662524014e+02,2.174416100236745919e+01,2.194169594581877192e+01,0.000000000000000000e+00
8.300339125833206708e+02,2.175168720550745149e+01,2.194763117024773180e+01,0.000000000000000000e+00
8.320339943003888266e+02,2.175920243993580883e+01,2.195355195714899565e+01,0.000000000000000000e+00
8.340340760174570960e+02,2.176670676831609086e+01,2.195945837662399924e+01,0.000000000000000000e+00
8.360341577345253654e+02,2.177420025281286087e+01,2.196535049826476182e+01,0.000000000000000000e+00
8.380342394515936348e+02,2.178168295509631847e+01,2.197122839115882442e+01,0.000000000000000000e+00
8.400343211686617906e+02,2.178915493634702827e+01,2.197709212389411704e+01,0.000000000000000000e+00
8.420344028857300600e+02,2.179661625726043894e+01,2.198294176456376192e+01,0.000000000000000000e+00
8.440344846027983294e+02,2.180406697805138094e+01,2.198877738077079869e+01,0.000000000000000000e+00
8.460345663198665989e+02,2.181150715845862109e+01,2.199459903963291652e+01,0.000000000000000000e+00
8.480346480369348683e+02,2.181893685774920044e+01,2.200040680778706559e+01,0.000000000000000000e+00
8.500347297540030240e+02,2.182635613472283964e+01,2.200620075139401877e+01,0.000000000000000000e+00
8.520348114710712935e+02,2.183376504771623061e+01,2.201198093614295459e+01,0.000000000000000000e+00
8.540348931881395629e+02,2.184116365460734954e+01,2.201774742725585554e+01,0.000000000000000000e+00
8.560349749052078323e+02,2.184855201281959935e+01,2.202350028949200578e+01,0.000000000000000000e+00
8.580350566222759880e+02,2.185593017932601967e+01,2.202923958715228991e+01,0.000000000000000000e+00
8.600351383393442575e+02,2.186329821065341861e+01,2.203496538408354155e+01,0.000000000000000000e+00
8.620352200564125269e+02,2.187065616288640868e+01,2.204067774368282073e+01,0.000000000000000000e+00
8.640353017734807963e+02,2.187800409167143911e+01,2.204637672890159905e+01,0.000000000000000000e+00
8.660353834905489521e+02,2.188534205222077134e+01,2.205206240224993053e+01,0.000000000000000000e+00
8.680354652076172215e+02,2.189267009931642960e+01,2.205773482580060119e+01,0.000000000000000000e+00
8.700355469246854909e+02,2.189998828731405922e+01,2.206339406119316493e+01,0.000000000000000000e+00
8.720356286417537603e+02,2.190729667014679904e+01,2.206904016963797943e+01,0.000000000000000000e+00
8.740357103588219161e+02,2.191459530132905087e+01,2.207467321192014964e+01,0.000000000000000000e+00
8.760357920758901855e+02,2.192188423396023111e+01,2.208029324840354235e+01,0.000000000000000000e+00
8.780358737929584549e+02,2.192916352072852959e+01,2.208590033903455208e+01,0.000000000000000000e+00
8.800359555100267244e+02,2.193643321391451906e+01,2.209149454334605878e+01,0.000000000000000000e+00
8.820360372270948801e+02,2.194369336539482873e+01,2.209707592046112978e+01,0.000000000000000000e+00
8.840361189441631495e+02,2.195094402664570055e+01,2.210264452909683541e+01,0.000000000000000000e+00
8.860362006612314190e+02,2.195818524874657029e+01,2.210820042756790826e+01,0.000000000000000000e+00
8.880362823782996884e+02,2.196541708238354929e+01,2.211374367379045935e+01,0.000000000000000000e+00
8.900363640953679578e+02,2.197263957785289890e+01,2.211927432528555926e+01,0.000000000000000000e+00
8.920364458124361136e+02,2.197985278506446960e+01,2.212479243918286897e+01,0.000000000000000000e+00
8.940365275295043830e+02,2.198705675354506894e+01,2.213029807222413581e+01,0.000000000000000000e+00
8.960366092465726524e+02,2.199425153244186149e+01,2.213579128076671765e+01,0.000000000000000000e+00
8.980366909636409218e+02,2.200143717052561954e+01,2.214127212078707174e+01,0.000000000000000000e+00
9.000367726807090776e+02,2.200861371619408047e+01,2.214674064788413688e+01,0.000000000000000000e+00
9.020368543977773470e+02,2.201578121747512995e+01,2.215219691728273688e+01,0.000000000000000000e+00
9.040369361148456164e+02,2.202293972203003136e+01,2.215764098383695568e+01,0.000000000000000000e+00
9.060370178319138859e+02,2.203008927715660903e+01,2.216307290203340585e+01,0.000000000000000000e+00
9.080370995489820416e+02,2.203722992979234974e+01,2.216849272599453258e+01,0.000000000000000000e+00
9.100371812660503110e+02,2.204436172651758952e+01,2.217390050948183955e+01,0.000000000000000000e+00
9.120372629831185805e+02,2.205148471355846951e+01,2.217929630589910772e+01,0.000000000000000000e+00
9.140373447001868499e+02,2.205859893679005879e+01,2.218468016829552880e+01,0.000000000000000000e+00
9.160374264172550056e+02,2.206570444173933865e+01,2.219005214936888137e+01,0.000000000000000000e+00
9.180375081343232750e+02,2.207280127358816912e+01,2.219541230146859334e+01,0.000000000000000000e+00
9.200375898513915445e+02,2.207988947717619865e+01,2.220076067659881147e+01,0.000000000000000000e+00
9.220376715684598139e+02,2.208696909700381994e+01,2.220609732642144962e+01,0.000000000000000000e+00
9.240377532855280833e+02,2.209404017723504055e+01,2.221142230225916592e+01,0.000000000000000000e+00
9.260378350025962391e+02,2.210110276170027888e+01,2.221673565509834702e+01,0.000000000000000000e+00
9.280379167196645085e+02,2.210815689389924898e+01,2.222203743559200717e+01,0.000000000000000000e+00
9.300379984367327779e+02,2.211520261700368906e+01,2.222732769406271558e+01,0.000000000000000000e+00
9.320380801538010473e+02,2.212223997386013963e+01,2.223260648050547417e+01,0.000000000000000000e+00
9.340381618708692031e+02,2.212926900699267918e+01,2.223787384459049576e+01,0.000000000000000000e+00
9.360382435879374725e+02,2.213628975860559933e+01,2.224312983566611024e+01,0.000000000000000000e+00
9.380383253050057419e+02,2.214330227058610845e+01,2.224837450276142903e+01,0.000000000000000000e+00
9.400384070220740114e+02,2.215030658450692869e+01,2.225360789458918021e+01,0.000000000000000000e+00
9.420384887391421671e+02,2.215730274162891078e+01,2.225883005954837301e+01,0.000000000000000000e+00
9.440385704562104365e+02,2.216429078290368082e+01,2.226404104572701925e+01,0.000000000000000000e+00
9.460386521732787060e+02,2.217127074897612005e+01,2.226924090090476227e+01,0.000000000000000000e+00
9.480387338903469754e+02,2.217824268018695122e+01,2.227442967255553441e+01,0.000000000000000000e+00
9.500388156074151311e+02,2.218520661657520066e+01,2.227960740785014337e+01,0.000000000000000000e+00
9.520388973244834006e+02,2.219216259788073131e+01,2.228477415365885150e+01,0.000000000000000000e+00
9.540389790415516700e+02,2.219911066354660889e+01,2.228992995655392662e+01,0.000000000000000000e+00
9.560390607586199394e+02,2.220605085272164914e+01,2.229507486281215733e+01,0.000000000000000000e+00
9.580391424756880951e+02,2.221298320426269868e+01,2.230020891841735420e+01,0.000000000000000000e+00
9.600392241927563646e+02,2.221990775673711127e+01,2.230533216906281524e+01,0.000000000000000000e+00
9.620393059098246340e+02,2.222682454842502864e+01,2.231044466015377026e+01,0.000000000000000000e+00
9.640393876268929034e+02,2.223373361732175013e+01,2.231554643680978245e+01,0.000000000000000000e+00
9.660394693439611729e+02,2.224063500114001002e+01,2.232063754386716425e+01,0.000000000000000000e+00
9.680395510610293286e+02,2.224752873731231162e+01,2.232571802588132925e+01,0.000000000000000000e+00
9.700396327780975980e+02,2.225441486299310156e+01,2.233078792712912986e+01,0.000000000000000000e+00
9.720397144951658674e+02,2.226129341506108972e+01,2.233584729161118076e+01,0.000000000000000000e+00
9.740397962122341369e+02,2.226816443012139857e+01,2.234089616305417536e+01,0.000000000000000000e+00
9.760398779293022926e+02,2.227502794450778012e+01,2.234593458491308837e+01,0.000000000000000000e+00
9.780399596463705620e+02,2.228188399428480082e+01,2.235096260037349225e+01,0.000000000000000000e+00
9.800400413634388315e+02,2.228873261524994120e+01,2.235598025235377406e+01,0.000000000000000000e+00
9.820401230805071009e+02,2.229557384293575950e+01,2.236098758350726712e+01,0.000000000000000000e+00
9.840402047975752566e+02,2.230240771261196997e+01,2.236598463622450339e+01,0.000000000000000000e+00
9.860402865146435261e+02,2.230923425928754966e+01,2.237097145263535225e+01,0.000000000000000000e+00
9.880403682317117955e+02,2.231605351771277057e+01,2.237594807461110946e+01,0.000000000000000000e+00
9.900404499487800649e+02,2.232286552238127086e+01,2.238091454376666434e+01,0.000000000000000000e+00
9.920405316658482207e+02,2.232967030753201954e+01,2.238587090146257452e+01,0.000000000000000000e+00
9.940406133829164901e+02,2.233646790715139119e+01,2.239081718880710525e+01,0.000000000000000000e+00
9.960406950999847595e+02,2.234325835497509871e+01,2.239575344665831125e+01,0.000000000000000000e+00
9.980407768170530289e+02,2.235004168449015083e+01,2.240067971562604043e+01,0.000000000000000000e+00
1.000040858534120957e+03,2.235681792893682029e+01,2.240559603607395900e+01,0.000000000000000000e+00
1.002040940251188999e+03,2.236358712131053039e+01,2.241050244812152670e+01,0.000000000000000000e+00
1.004041021968257951e+03,2.237034929436379116e+01,2.241539899164597216e+01,0.000000000000000000e+00
1.006041103685325993e+03,2.237710448060806101e+01,2.242028570628421846e+01,0.000000000000000000e+00
1.008041185402394035e+03,2.238385271231561902e+01,2.242516263143483002e+01,0.000000000000000000e+00
1.010041267119461963e+03,2.239059402152143008e+01,2.243002980625990972e+01,0.000000000000000000e+00
1.012041348836531029e+03,2.239732844002492840e+01,2.243488726968701030e+01,0.000000000000000000e+00
1.014041430553598957e+03,2.240405599939187908e+01,2.243973506041096044e+01,0.000000000000000000e+00
1.016041512270666999e+03,2.241077673095614031e+01,2.244457321689575480e+01,0.000000000000000000e+00
1.018041593987735041e+03,2.241749066582143968e+01,2.244940177737636589e+01,0.000000000000000000e+00
1.020041675704803993e+03,2.242419783486316831e+01,2.245422077986057730e+01,0.000000000000000000e+00
1.022041757421872035e+03,2.243089826873007908e+01,2.245903026213075293e+01,0.000000000000000000e+00
1.024041839138940077e+03,2.243759199784602032e+01,2.246383026174564179e+01,0.000000000000000000e+00
1.026041920856007891e+03,2.244427905241168020e+01,2.246862081604212591e+01,0.000000000000000000e+00
1.028042002573077070e+03,2.245095946240623164e+01,2.247340196213696828e+01,0.000000000000000000e+00
1.030042084290145112e+03,2.245763325758903051e+01,2.247817373692854659e+01,0.000000000000000000e+00
1.032042166007212927e+03,2.246430046750127829e+01,2.248293617709853720e+01,0.000000000000000000e+00
1.034042247724280969e+03,2.247096112146768121e+01,2.248768931911365598e+01,0.000000000000000000e+00
1.036042329441349921e+03,2.247761524859800986e+01,2.249243319922727125e+01,0.000000000000000000e+00
1.038042411158417963e+03,2.248426287778881871e+01,2.249716785348113746e+01,0.000000000000000000e+00
1.040042492875486005e+03,2.249090403772495961e+01,2.250189331770696555e+01,0.000000000000000000e+00
1.042042574592554047e+03,2.249753875688118043e+01,2.250660962752812111e+01,0.000000000000000000e+00
1.044042656309622998e+03,2.250416706352372032e+01,2.251131681836117338e+01,0.000000000000000000e+00
1.046042738026691040e+03,2.251078898571185150e+01,2.251601492541755078e+01,0.000000000000000000e+00
1.048042819743759082e+03,2.251740455129938923e+01,2.252070398370507576e+01,0.000000000000000000e+00
1.050042901460826897e+03,2.252401378793625852e+01,2.252538402802954920e+01,0.000000000000000000e+00
1.052042983177896076e+03,2.253061672306997920e+01,2.253005509299632791e+01,0.000000000000000000e+00
1.054043064894963891e+03,2.253721338394716156e+01,2.253471721301180963e+01,0.000000000000000000e+00
1.056043146612031933e+03,2.254380379761499142e+01,2.253937042228498910e+01,0.000000000000000000e+00
1.058043228329099975e+03,2.255038799092269031e+01,2.254401475482895734e+01,0.000000000000000000e+00
1.060043310046168017e+03,2.255696599052301110e+01,2.254865024446240795e+01,0.000000000000000000e+00
1.062043391763236968e+03,2.256353782287359167e+01,2.255327692481109381e+01,0.000000000000000000e+00
1.064043473480305011e+03,2.257010351423847894e+01,2.255789482930929779e+01,0.000000000000000000e+00
1.066043555197373053e+03,2.257666309068947896e+01,2.256250399120128947e+01,0.000000000000000000e+00
1.068043636914442004e+03,2.258321657810758154e+01,2.256710444354277456e+01,0.000000000000000000e+00
1.070043718631510046e+03,2.258976400218434932e+01,2.257169621920228764e+01,0.000000000000000000e+00
1.072043800348578088e+03,2.259630538842327141e+01,2.257627935086262028e+01,0.000000000000000000e+00
1.074043882065645903e+03,2.260284076214118087e+01,2.258085387102222796e+01,0.000000000000000000e+00
1.076043963782713945e+03,2.260937014846950888e+01,2.258541981199660142e+01,0.000000000000000000e+00
1.078044045499782897e+03,2.261589357235574127e+01,2.258997720591963798e+01,0.000000000000000000e+00
1.080044127216850939e+03,2.262241105856464074e+01,2.259452608474498447e+01,0.000000000000000000e+00
1.082044208933918981e+03,2.262892263167962881e+01,2.259906648024742282e+01,0.000000000000000000e+00
1.084044290650987023e+03,2.263542831610405059e+01,2.260359842402417740e+01,0.000000000000000000e+00
1.086044372368055974e+03,2.264192813606248933e+01,2.260812194749622961e+01,0.000000000000000000e+00
1.088044454085124016e+03,2.264842211560200980e+01,2.261263708190961808e+01,0.000000000000000000e+00
1.090044535802192058e+03,2.265491027859346929e+01,2.261714385833678875e+01,0.000000000000000000e+00
1.092044617519260100e+03,2.266139264873275039e+01,2.262164230767781703e+01,0.000000000000000000e+00
1.094044699236329052e+03,2.266786924954199023e+01,2.262613246066170092e+01,0.000000000000000000e+00
1.096044780953397094e+03,2.267434010437084169e+01,2.263061434784763293e+01,0.000000000000000000e+00
1.098044862670464909e+03,2.268080523639769908e+01,2.263508799962624352e+01,0.000000000000000000e+00
1.100044944387532951e+03,2.268726466863084923e+01,2.263955344622083032e+01,0.000000000000000000e+00
1.102045026104601902e+03,2.269371842390976823e+01,2.264401071768860163e+01,0.000000000000000000e+00
1.104045107821669944e+03,2.270016652490622988e+01,2.264845984392187006e+01,0.000000000000000000e+00
1.106045189538737986e+03,2.270660899412552070e+01,2.265290085464925340e+01,0.000000000000000000e+00
1.108045271255806028e+03,2.271304585390760167e+01,2.265733377943691806e+01,0.000000000000000000e+00
1.110045352972874980e+03,2.271947712642825934e+01,2.266175864768968040e+01,0.000000000000000000e+00
1.112045434689943022e+03,2.272590283370028885e+01,2.266617548865225729e+01,0.000000000000000000e+00
1.114045516407011064e+03,2.273232299757457042e+01,2.267058433141036744e+01,0.000000000000000000e+00
1.116045598124079106e+03,2.273873763974125950e+01,2.267498520489191804e+01,0.000000000000000000e+00
1.118045679841148058e+03,2.274514678173087034e+01,2.267937813786813450e+01,0.000000000000000000e+00
1.120045761558216100e+03,2.275155044491538092e+01,2.268376315895466178e+01,0.000000000000000000e+00
1.122045843275283914e+03,2.275794865050934135e+01,2.268814029661273679e+01,0.000000000000000000e+00
1.124045924992351956e+03,2.276434141957100010e+01,2.269250957915026845e+01,0.000000000000000000e+00
1.126046006709419999e+03,2.277072877300329878e+01,2.269687103472293188e+01,0.000000000000000000e+00
1.128046088426488950e+03,2.277711073155503030e+01,2.270122469133526266e+01,0.000000000000000000e+00
1.130046170143556992e+03,2.278348731582184072e+01,2.270557057684173685e+01,0.000000000000000000e+00
1.132046251860625034e+03,2.278985854624729868e+01,2.270990871894785812e+01,0.000000000000000000e+00
1.134046333577693986e+03,2.279622444312396823e+01,2.271423914521118803e+01,0.000000000000000000e+00
1.136046415294762028e+03,2.280258502659438946e+01,2.271856188304242608e+01,0.000000000000000000e+00
1.138046497011830070e+03,2.280894031665213006e+01,2.272287695970642574e+01,0.000000000000000000e+00
1.140046578728898112e+03,2.281529033314282984e+01,2.272718440232325321e+01,0.000000000000000000e+00
1.142046660445965927e+03,2.282163509576514926e+01,2.273148423786918926e+01,0.000000000000000000e+00
1.144046742163035105e+03,2.282797462407181044e+01,2.273577649317775951e+01,0.000000000000000000e+00
1.146046823880102920e+03,2.283430893747058121e+01,2.274006119494072919e+01,0.000000000000000000e+00
1.148046905597170962e+03,2.284063805522524149e+01,2.274433836970910505e+01,0.000000000000000000e+00
1.150046987314239004e+03,2.284696199645658155e+01,2.274860804389411584e+01,0.000000000000000000e+00
1.152047069031307956e+03,2.285328078014335063e+01,2.275287024376821421e+01,0.000000000000000000e+00
1.154047150748375998e+03,2.285959442512319839e+01,2.275712499546601464e+01,0.000000000000000000e+00
1.156047232465444040e+03,2.286590295009368035e+01,2.276137232498528107e+01,0.000000000000000000e+00
1.158047314182512082e+03,2.287220637361311049e+01,2.276561225818787904e+01,0.000000000000000000e+00
1.160047395899581034e+03,2.287850471410159869e+01,2.276984482080069938e+01,0.000000000000000000e+00
1.162047477616649076e+03,2.288479798984189983e+01,2.277407003841661748e+01,0.000000000000000000e+00
1.164047559333716890e+03,2.289108621898034102e+01,2.277828793649543115e+01,0.000000000000000000e+00
1.166047641050784932e+03,2.289736941952775950e+01,2.278249854036474176e+01,0.000000000000000000e+00
1.168047722767854111e+03,2.290364760936040156e+01,2.278670187522092050e+01,0.000000000000000000e+00
1.170047804484921926e+03,2.290992080622078930e+01,2.279089796612995400e+01,0.000000000000000000e+00
1.172047886201989968e+03,2.291618902771864086e+01,2.279508683802840352e+01,0.000000000000000000e+00
1.174047967919058010e+03,2.292245229133173012e+01,2.279926851572426472e+01,0.000000000000000000e+00
1.176048049636126962e+03,2.292871061440675007e+01,2.280344302389782030e+01,0.000000000000000000e+00
1.178048131353195004e+03,2.293496401416021868e+01,2.280761038710257793e+01,0.000000000000000000e+00
1.180048213070263046e+03,2.294121250767931031e+01,2.281177062976609449e+01,0.000000000000000000e+00
1.182048294787331088e+03,2.294745611192267987e+01,2.281592377619084289e+01,0.000000000000000000e+00
1.184048376504400039e+03,2.295369484372136881e+01,2.282006985055507187e+01,0.000000000000000000e+00
1.186048458221468081e+03,2.295992871977961158e+01,2.282420887691365863e+01,0.000000000000000000e+00
1.188048539938535896e+03,2.296615775667563852e+01,2.282834087919891175e+01,0.000000000000000000e+00
1.190048621655603938e+03,2.297238197086254985e+01,2.283246588122144516e+01,0.000000000000000000e+00
1.192048703372671980e+03,2.297860137866910080e+01,2.283658390667097393e+01,0.000000000000000000e+00
1.194048785089740932e+03,2.298481599630052941e+01,2.284069497911715985e+01,0.000000000000000000e+00
1.196048866806808974e+03,2.299102583983934167e+01,2.284479912201038587e+01,0.000000000000000000e+00
1.198048948523877016e+03,2.299723092524612866e+01,2.284889635868256619e+01,0.000000000000000000e+00
1.200049030240945967e+03,2.300343126836035168e+01,2.285298671234798462e+01,0.000000000000000000e+00
1.202049111958014009e+03,2.300962688490110963e+01,2.285707020610401941e+01,0.000000000000000000e+00
1.204049193675082051e+03,2.301581779046794907e+01,2.286114686293198162e+01,0.000000000000000000e+00
1.206049275392150093e+03,2.302200400054159957e+01,2.286521670569786835e+01,0.000000000000000000e+00
1.208049357109217908e+03,2.302818553048479089e+01,2.286927975715312300e+01,0.000000000000000000e+00
1.210049438826287087e+03,2.303436239554295994e+01,2.287333603993542397e+01,0.000000000000000000e+00
1.212049520543354902e+03,2.304053461084502175e+01,2.287738557656942362e+01,0.000000000000000000e+00
1.214049602260422944e+03,2.304670219140412968e+01,2.288142838946750146e+01,0.000000000000000000e+00
1.216049683977490986e+03,2.305286515211841092e+01,2.288546450093051021e+01,0.000000000000000000e+00
1.218049765694559937e+03,2.305902350777169829e+01,2.288949393314854319e+01,0.000000000000000000e+00
1.220049847411627979e+03,2.306517727303426923e+01,2.289351670820159512e+01,0.000000000000000000e+00
1.222049929128696022e+03,2.307132646246355989e+01,2.289753284806037925e+01,0.000000000000000000e+00
1.224050010845764064e+03,2.307747109050486856e+01,2.290154237458695974e+01,0.000000000000000000e+00
1.226050092562833015e+03,2.308361117149211950e+01,2.290554530953556167e+01,0.000000000000000000e+00
1.228050174279901057e+03,2.308974671964852021e+01,2.290954167455317503e+01,0.000000000000000000e+00
1.230050255996969099e+03,2.309587774908727908e+01,2.291353149118035049e+01,0.000000000000000000e+00
1.232050337714036914e+03,2.310200427381233013e+01,2.291751478085182470e+01,0.000000000000000000e+00
1.234050419431106093e+03,2.310812630771894050e+01,2.292149156489728057e+01,0.000000000000000000e+00
1.236050501148173907e+03,2.311424386459453117e+01,2.292546186454195123e+01,0.000000000000000000e+00
1.238050582865241950e+03,2.312035695811920988e+01,2.292942570090738741e+01,0.000000000000000000e+00
1.240050664582309992e+03,2.312646560186654909e+01,2.293338309501206851e+01,0.000000000000000000e+00
1.242050746299378034e+03,2.313256980930421847e+01,2.293733406777209893e+01,0.000000000000000000e+00
1.244050828016446985e+03,2.313866959379465982e+01,2.294127864000186179e+01,0.000000000000000000e+00
1.246050909733515027e+03,2.314476496859571952e+01,2.294521683241468679e+01,0.000000000000000000e+00
1.248050991450583069e+03,2.315085594686133064e+01,2.294914866562351108e+01,0.000000000000000000e+00
1.250051073167652021e+03,2.315694254164215948e+01,2.295307416014149027e+01,0.000000000000000000e+00
1.252051154884720063e+03,2.316302476588624160e+01,2.295699333638268769e+01,0.000000000000000000e+00
1.254051236601788105e+03,2.316910263243962120e+01,2.296090621466267834e+01,0.000000000000000000e+00
1.256051318318855920e+03,2.317517615404698006e+01,2.296481281519919548e+01,0.000000000000000000e+00
1.258051400035923962e+03,2.318124534335229825e+01,2.296871315811276304e+01,0.000000000000000000e+00
1.260051481752992913e+03,2.318731021289944039e+01,2.297260726342730663e+01,0.000000000000000000e+00
1.262051563470060955e+03,2.319337077513278089e+01,2.297649515107076468e+01,0.000000000000000000e+00
1.264051645187128997e+03,2.319942704239783993e+01,2.298037684087572785e+01,0.000000000000000000e+00
1.266051726904197039e+03,2.320547902694190157e+01,2.298425235258001464e+01,0.000000000000000000e+00
1.268051808621265991e+03,2.321152674091456092e+01,2.298812170582731795e+01,0.000000000000000000e+00
1.270051890338334033e+03,2.321757019636839914e+01,2.299198492016772377e+01,0.000000000000000000e+00
1.272051972055402075e+03,2.322360940525953055e+01,2.299584201505841463e+01,0.000000000000000000e+00
1.274052053772471027e+03,2.322964437944822080e+01,2.299969300986415277e+01,0.000000000000000000e+00
1.276052135489539069e+03,2.323567513069946955e+01,2.300353792385792673e+01,0.000000000000000000e+00
1.278052217206607111e+03,2.324170167068356108e+01,2.300737677622152688e+01,0.000000000000000000e+00
1.280052298923674925e+03,2.324772401097672159e+01,2.301120958604607836e+01,0.000000000000000000e+00
1.282052380640742967e+03,2.325374216306159880e+01,2.301503637233266630e+01,0.000000000000000000e+00
1.284052462357811919e+03,2.325975613832790145e+01,2.301885715399286170e+01,0.000000000000000000e+00
1.286052544074879961e+03,2.326576594807293930e+01,2.302267194984929688e+01,0.000000000000000000e+00
1.288052625791948003e+03,2.327177160350218088e+01,2.302648077863622689e+01,0.000000000000000000e+00
1.290052707509016045e+03,2.327777311572985042e+01,2.303028365900006946e+01,0.000000000000000000e+00
1.292052789226084997e+03,2.328377049577940028e+01,2.303408060949997349e+01,0.000000000000000000e+00
1.294052870943153039e+03,2.328976375458416115e+01,2.303787164860833769e+01,0.000000000000000000e+00
1.296052952660221081e+03,2.329575290298781098e+01,2.304165679471135775e+01,0.000000000000000000e+00
1.298053034377288895e+03,2.330173795174492923e+01,2.304543606610958761e+01,0.000000000000000000e+00
1.300053116094358074e+03,2.330771891152159014e+01,2.304920948101842981e+01,0.000000000000000000e+00
1.302053197811425889e+03,2.331369579289581040e+01,2.305297705756869675e+01,0.000000000000000000e+00
1.304053279528493931e+03,2.331966860635817085e+01,2.305673881380711521e+01,0.000000000000000000e+00
1.306053361245561973e+03,2.332563736231226059e+01,2.306049476769683793e+01,0.000000000000000000e+00
1.308053442962630015e+03,2.333160207107523831e+01,2.306424493711799073e+01,0.000000000000000000e+00
1.310053524679698967e+03,2.333756274287836874e+01,2.306798933986815570e+01,0.000000000000000000e+00
1.312053606396767009e+03,2.334351938786749159e+01,2.307172799366288274e+01,0.000000000000000000e+00
1.314053688113835051e+03,2.334947201610355094e+01,2.307546091613620831e+01,0.000000000000000000e+00
1.316053769830904002e+03,2.335542063756314946e+01,2.307918812484112436e+01,0.000000000000000000e+00
1.318053851547972045e+03,2.336136526213896047e+01,2.308290963725011835e+01,0.000000000000000000e+00
1.320053933265040087e+03,2.336730589964031068e+01,2.308662547075561378e+01,0.000000000000000000e+00
1.322054014982107901e+03,2.337324255979362064e+01,2.309033564267051020e+01,0.000000000000000000e+00
1.324054096699177080e+03,2.337917525224295900e+01,2.309404017022862377e+01,0.000000000000000000e+00
1.326054178416244895e+03,2.338510398655042977e+01,2.309773907058518461e+01,0.000000000000000000e+00
1.328054260133312937e+03,2.339102877219679044e+01,2.310143236081733420e+01,0.000000000000000000e+00
1.330054341850380979e+03,2.339694961858181088e+01,2.310512005792457302e+01,0.000000000000000000e+00
1.332054423567449021e+03,2.340286653502484882e+01,2.310880217882921528e+01,0.000000000000000000e+00
1.334054505284517973e+03,2.340877953076525131e+01,2.311247874037690764e+01,0.000000000000000000e+00
1.336054587001586015e+03,2.341468861496288056e+01,2.311614975933705551e+01,0.000000000000000000e+00
1.338054668718654057e+03,2.342059379669856156e+01,2.311981525240327784e+01,0.000000000000000000e+00
1.340054750435723008e+03,2.342649508497452970e+01,2.312347523619386891e+01,0.000000000000000000e+00
1.342054832152791050e+03,2.343239248871491043e+01,2.312712972725228866e+01,0.000000000000000000e+00
1.344054913869859092e+03,2.343828601676620949e+01,2.313077874204754636e+01,0.000000000000000000e+00
1.346054995586926907e+03,2.344417567789770018e+01,2.313442229697468377e+01,0.000000000000000000e+00
1.348055077303994949e+03,2.345006148080194919e+01,2.313806040835522992e+01,0.000000000000000000e+00
1.350055159021063901e+03,2.345594343409518956e+01,2.314169309243761319e+01,0.000000000000000000e+00
1.352055240738131943e+03,2.346182154631785011e+01,2.314532036539759474e+01,0.000000000000000000e+00
1.354055322455199985e+03,2.346769582593492842e+01,2.314894224333873751e+01,0.000000000000000000e+00
1.356055404172268027e+03,2.347356628133647050e+01,2.315255874229279698e+01,0.000000000000000000e+00
1.358055485889336978e+03,2.347943292083797928e+01,2.315616987822015460e+01,0.000000000000000000e+00
1.360055567606405020e+03,2.348529575268089076e+01,2.315977566701026547e+01,0.000000000000000000e+00
1.362055649323473062e+03,2.349115478503296117e+01,2.316337612448204908e+01,0.000000000000000000e+00
1.364055731040541104e+03,2.349701002598871824e+01,2.316697126638432280e+01,0.000000000000000000e+00
1.366055812757610056e+03,2.350286148356989102e+01,2.317056110839620686e+01,0.000000000000000000e+00
1.368055894474678098e+03,2.350870916572581137e+01,2.317414566612754356e+01,0.000000000000000000e+00
1.370055976191745913e+03,2.351455308033385094e+01,2.317772495511929520e+01,0.000000000000000000e+00
1.372056057908813955e+03,2.352039323519982972e+01,2.318129899084394907e+01,0.000000000000000000e+00
1.374056139625882906e+03,2.352622963805841039e+01,2.318486778870593668e+01,0.000000000000000000e+00
1.376056221342950948e+03,2.353206229657358151e+01,2.318843136404201033e+01,0.000000000000000000e+00
1.378056303060018990e+03,2.353789121833894882e+01,2.319198973212165527e+01,0.000000000000000000e+00
1.380056384777087032e+03,2.354371641087827172e+01,2.319554290814745912e+01,0.000000000000000000e+00
1.382056466494155984e+03,2.354953788164574036e+01,2.319909090725553114e+01,0.000000000000000000e+00
1.384056548211224026e+03,2.355535563802648014e+01,2.320263374451587879e+01,0.000000000000000000e+00
1.386056629928292068e+03,2.356116968733686079e+01,2.320617143493278434e+01,0.000000000000000000e+00
1.388056711645360110e+03,2.356698003682497955e+01,2.320970399344519564e+01,0.000000000000000000e+00
1.390056793362429062e+03,2.357278669367097024e+01,2.321323143492708851e+01,0.000000000000000000e+00
1.392056875079497104e+03,2.357858966498744024e+01,2.321675377418787178e+01,0.000000000000000000e+00
1.394056956796564918e+03,2.358438895781986133e+01,2.322027102597273540e+01,0.000000000000000000e+00
1.396057038513632961e+03,2.359018457914690003e+01,2.322378320496304127e+01,0.000000000000000000e+00
1.398057120230701003e+03,2.359597653588087951e+01,2.322729032577665720e+01,0.000000000000000000e+00
1.400057201947769954e+03,2.360176483486808152e+01,2.323079240296837611e+01,0.000000000000000000e+00
1.402057283664837996e+03,2.360754948288917987e+01,2.323428945103022158e+01,0.000000000000000000e+00
1.404057365381906038e+03,2.361333048665957079e+01,2.323778148439184577e+01,0.000000000000000000e+00
1.406057447098974990e+03,2.361910785282978154e+01,2.324126851742087041e+01,0.000000000000000000e+00
1.408057528816043032e+03,2.362488158798581139e+01,2.324475056442325638e+01,0.000000000000000000e+00
1.410057610533111074e+03,2.363065169864951898e+01,2.324822763964364469e+01,0.000000000000000000e+00
1.412057692250178889e+03,2.363641819127897037e+01,2.325169975726570470e+01,0.000000000000000000e+00
1.414057773967246931e+03,2.364218107226879084e+01,2.325516693141247515e+01,0.000000000000000000e+00
1.416057855684316110e+03,2.364794034795056987e+01,2.325862917614674075e+01,0.000000000000000000e+00
1.418057937401383924e+03,2.365369602459317022e+01,2.326208650547133772e+01,0.000000000000000000e+00
1.420058019118451966e+03,2.365944810840309032e+01,2.326553893332951617e+01,0.000000000000000000e+00
1.422058100835520008e+03,2.366519660552486926e+01,2.326898647360527406e+01,0.000000000000000000e+00
1.424058182552588960e+03,2.367094152204132840e+01,2.327242914012367692e+01,0.000000000000000000e+00
1.426058264269657002e+03,2.367668286397404032e+01,2.327586694665122025e+01,0.000000000000000000e+00
1.428058345986725044e+03,2.368242063728358104e+01,2.327929990689612794e+01,0.000000000000000000e+00
1.430058427703793086e+03,2.368815484786994929e+01,2.328272803450870754e+01,0.000000000000000000e+00
1.432058509420862038e+03,2.369388550157284001e+01,2.328615134308165580e+01,0.000000000000000000e+00
1.434058591137930080e+03,2.369961260417202098e+01,2.328956984615039971e+01,0.000000000000000000e+00
1.436058672854997894e+03,2.370533616138764899e+01,2.329298355719340918e+01,0.000000000000000000e+00
1.438058754572065936e+03,2.371105617888062866e+01,2.329639248963250253e+01,0.000000000000000000e+00
1.440058836289134888e+03,2.371677266225295000e+01,2.329979665683319467e+01,0.000000000000000000e+00
1.442058918006202930e+03,2.372248561704795122e+01,2.330319607210499555e+01,0.000000000000000000e+00
1.444058999723270972e+03,2.372819504875074870e+01,2.330659074870168723e+01,0.000000000000000000e+00
1.446059081440339014e+03,2.373390096278847849e+01,2.330998069982172183e+01,0.000000000000000000e+00
1.448059163157407966e+03,2.373960336453065878e+01,2.331336593860843465e+01,0.000000000000000000e+00
1.450059244874476008e+03,2.374530225928950955e+01,2.331674647815039947e+01,0.000000000000000000e+00
1.452059326591544050e+03,2.375099765232027949e+01,2.332012233148175540e+01,0.000000000000000000e+00
1.454059408308612092e+03,2.375668954882151951e+01,2.332349351158242712e+01,0.000000000000000000e+00
1.456059490025681043e+03,2.376237795393547003e+01,2.332686003137852282e+01,0.000000000000000000e+00
1.458059571742749085e+03,2.376806287274829899e+01,2.333022190374255445e+01,0.000000000000000000e+00
1.460059653459816900e+03,2.377374431029048907e+01,2.333357914149377876e+01,0.000000000000000000e+00
1.462059735176884942e+03,2.377942227153708998e+01,2.333693175739846737e+01,0.000000000000000000e+00
1.464059816893952984e+03,2.378509676140804885e+01,2.334027976417021932e+01,0.000000000000000000e+00
1.466059898611021936e+03,2.379076778476849086e+01,2.334362317447020985e+01,0.000000000000000000e+00
1.468059980328089978e+03,2.379643534642909941e+01,2.334696200090754559e+01,0.000000000000000000e+00
1.470060062045158020e+03,2.380209945114631864e+01,2.335029625603947778e+01,0.000000000000000000e+00
1.472060143762226971e+03,2.380776010362270867e+01,2.335362595237172911e+01,0.000000000000000000e+00
1.474060225479295013e+03,2.381341730850725114e+01,2.335695110235877081e+01,0.000000000000000000e+00
1.476060307196363055e+03,2.381907107039562987e+01,2.336027171840409267e+01,0.000000000000000000e+00
1.478060388913431098e+03,2.382472139383050092e+01,2.336358781286048725e+01,0.000000000000000000e+00
1.480060470630498912e+03,2.383036828330182999e+01,2.336689939803031280e+01,0.000000000000000000e+00
1.482060552347568091e+03,2.383601174324718031e+01,2.337020648616578455e+01,0.000000000000000000e+00
1.484060634064635906e+03,2.384165177805196123e+01,2.337350908946925188e+01,0.000000000000000000e+00
1.486060715781703948e+03,2.384728839204975159e+01,2.337680722009343270e+01,0.000000000000000000e+00
1.488060797498771990e+03,2.385292158952255903e+01,2.338010089014172621e+01,0.000000000000000000e+00
1.490060879215840941e+03,2.385855137470115039e+01,2.338339011166845438e+01,0.000000000000000000e+00
1.492060960932908984e+03,2.386417775176527911e+01,2.338667489667913202e+01,0.000000000000000000e+00
1.494061042649977026e+03,2.386980072484400850e+01,2.338995525713072965e+01,0.000000000000000000e+00
1.496061124367045068e+03,2.387542029801596044e+01,2.339323120493192931e+01,0.000000000000000000e+00
1.498061206084114019e+03,2.388103647530961027e+01,2.339650275194340168e+01,0.000000000000000000e+00
1.500061287801182061e+03,2.388664926070356032e+01,2.339976990997805473e+01,0.000000000000000000e+00
1.502061369518250103e+03,2.389225865812679928e+01,2.340303269080126825e+01,0.000000000000000000e+00
1.504061451235317918e+03,2.389786467145900062e+01,2.340629110613118513e+01,0.000000000000000000e+00
1.506061532952387097e+03,2.390346730453077129e+01,2.340954516763894588e+01,0.000000000000000000e+00
1.508061614669454912e+03,2.390906656112393947e+01,2.341279488694893018e+01,0.000000000000000000e+00
1.510061696386522954e+03,2.391466244497179972e+01,2.341604027563903401e+01,0.000000000000000000e+00
1.512061778103590996e+03,2.392025495975940075e+01,2.341928134524088279e+01,0.000000000000000000e+00
1.514061859820659038e+03,2.392584410912377990e+01,2.342251810724009431e+01,0.000000000000000000e+00
1.516061941537727989e+03,2.393142989665426157e+01,2.342575057307654163e+01,0.000000000000000000e+00
1.518062023254796031e+03,2.393701232589270944e+01,2.342897875414455910e+01,0.000000000000000000e+00
1.520062104971864073e+03,2.394259140033376099e+01,2.343220266179321953e+01,0.000000000000000000e+00
1.522062186688933025e+03,2.394816712342511877e+01,2.343542230732654019e+01,0.000000000000000000e+00
1.524062268406001067e+03,2.395373949856777074e+01,2.343863770200374574e+01,0.000000000000000000e+00
1.526062350123069109e+03,2.395930852911629927e+01,2.344184885703948851e+01,0.000000000000000000e+00
1.528062431840136924e+03,2.396487421837906950e+01,2.344505578360411135e+01,0.000000000000000000e+00
1.530062513557204966e+03,2.397043656961853131e+01,2.344825849282382535e+01,0.000000000000000000e+00
1.532062595274273917e+03,2.397599558605146086e+01,2.345145699578102239e+01,0.000000000000000000e+00
1.534062676991341959e+03,2.398155127084915961e+01,2.345465130351441729e+01,0.000000000000000000e+00
1.536062758708410001e+03,2.398710362713780953e+01,2.345784142701933916e+01,0.000000000000000000e+00
1.538062840425478043e+03,2.399265265799859037e+01,2.346102737724795162e+01,0.000000000000000000e+00
1.540062922142546995e+03,2.399819836646803140e+01,2.346420916510943755e+01,0.000000000000000000e+00
1.542063003859615037e+03,2.400374075553817832e+01,2.346738680147027623e+01,0.000000000000000000e+00
1.544063085576683079e+03,2.400927982815689887e+01,2.347056029715442094e+01,0.000000000000000000e+00
1.546063167293750894e+03,2.401481558722807108e+01,2.347372966294355479e+01,0.000000000000000000e+00
1.548063249010820073e+03,2.402034803561184972e+01,2.347689490957730385e+01,0.000000000000000000e+00
1.550063330727887887e+03,2.402587717612491147e+01,2.348005604775342192e+01,0.000000000000000000e+00
1.552063412444955929e+03,2.403140301154063962e+01,2.348321308812806762e+01,0.000000000000000000e+00
1.554063494162023972e+03,2.403692554458946162e+01,2.348636604131596783e+01,0.000000000000000000e+00
1.556063575879092923e+03,2.404244477795894852e+01,2.348951491789064505e+01,0.000000000000000000e+00
1.558063657596160965e+03,2.404796071429418092e+01,2.349265972838465188e+01,0.000000000000000000e+00
1.560063739313229007e+03,2.405347335619785909e+01,2.349580048328977000e+01,0.000000000000000000e+00
1.562063821030297049e+03,2.405898270623064050e+01,2.349893719305719486e+01,0.000000000000000000e+00
1.564063902747366001e+03,2.406448876691129968e+01,2.350206986809779153e+01,0.000000000000000000e+00
1.566063984464434043e+03,2.406999154071696978e+01,2.350519851878227229e+01,0.000000000000000000e+00
1.568064066181502085e+03,2.407549103008338065e+01,2.350832315544138851e+01,0.000000000000000000e+00
1.570064147898569900e+03,2.408098723740506131e+01,2.351144378836618642e+01,0.000000000000000000e+00
1.572064229615639078e+03,2.408648016503560996e+01,2.351456042780816347e+01,0.000000000000000000e+00
1.574064311332706893e+03,2.409196981528785031e+01,2.351767308397948852e+01,0.000000000000000000e+00
1.576064393049774935e+03,2.409745619043409093e+01,2.352078176705319379e+01,0.000000000000000000e+00
1.578064474766842977e+03,2.410293929270638102e+01,2.352388648716339503e+01,0.000000000000000000e+00
1.580064556483911019e+03,2.410841912429663836e+01,2.352698725440547634e+01,0.000000000000000000e+00
1.582064638200979971e+03,2.411389568735694056e+01,2.353008407883626774e+01,0.000000000000000000e+00
1.584064719918048013e+03,2.411936898399970985e+01,2.353317697047429391e+01,0.000000000000000000e+00
1.586064801635116055e+03,2.412483901629795113e+01,2.353626593929991628e+01,0.000000000000000000e+00
1.588064883352185007e+03,2.413030578628542955e+01,2.353935099525553198e+01,0.000000000000000000e+00
1.590064965069253049e+03,2.413576929595690856e+01,2.354243214824580832e+01,0.000000000000000000e+00
1.592065046786321091e+03,2.414122954726835957e+01,2.354550940813783910e+01,0.000000000000000000e+00
1.594065128503388905e+03,2.414668654213717858e+01,2.354858278476132227e+01,0.000000000000000000e+00
1.596065210220456947e+03,2.415214028244236033e+01,2.355165228790878729e+01,0.000000000000000000e+00
1.598065291937525899e+03,2.415759077002475053e+01,2.355471792733575853e+01,0.000000000000000000e+00
1.600065373654593941e+03,2.416303800668723056e+01,2.355777971276093297e+01,0.000000000000000000e+00
1.602065455371661983e+03,2.416848199419490939e+01,2.356083765386639328e+01,0.000000000000000000e+00
1.604065537088730025e+03,2.417392273427536864e+01,2.356389176029776422e+01,0.000000000000000000e+00
1.606065618805798977e+03,2.417936022861882961e+01,2.356694204166441864e+01,0.000000000000000000e+00
1.608065700522867019e+03,2.418479447887834866e+01,2.356998850753964803e+01,0.000000000000000000e+00
1.610065782239935061e+03,2.419022548667008010e+01,2.357303116746081173e+01,0.000000000000000000e+00
1.612065863957003103e+03,2.419565325357338992e+01,2.357607003092959275e+01,0.000000000000000000e+00
1.614065945674072054e+03,2.420107778113112929e+01,2.357910510741209720e+01,0.000000000000000000e+00
1.616066027391140096e+03,2.420649907084976959e+01,2.358213640633907460e+01,0.000000000000000000e+00
1.618066109108207911e+03,2.421191712419965825e+01,2.358516393710608838e+01,0.000000000000000000e+00
1.620066190825275953e+03,2.421733194261517852e+01,2.358818770907368645e+01,0.000000000000000000e+00
1.622066272542344905e+03,2.422274352749495918e+01,2.359120773156755746e+01,0.000000000000000000e+00
1.624066354259412947e+03,2.422815188020204147e+01,2.359422401387874402e+01,0.000000000000000000e+00
1.626066435976480989e+03,2.423355700206409935e+01,2.359723656526377766e+01,0.000000000000000000e+00
1.628066517693549031e+03,2.423895889437364914e+01,2.360024539494485651e+01,0.000000000000000000e+00
1.630066599410617982e+03,2.424435755838819162e+01,2.360325051211004421e+01,0.000000000000000000e+00
1.632066681127686024e+03,2.424975299533042161e+01,2.360625192591338362e+01,0.000000000000000000e+00
1.634066762844754066e+03,2.425514520638841987e+01,2.360924964547511706e+01,0.000000000000000000e+00
1.636066844561822109e+03,2.426053419271585909e+01,2.361224367988183559e+01,0.000000000000000000e+00
1.638066926278891060e+03,2.426591995543217095e+01,2.361523403818662814e+01,0.000000000000000000e+00
1.640067007995959102e+03,2.427130249562269881e+01,2.361822072940925921e+01,0.000000000000000000e+00
1.642067089713026917e+03,2.427668181433897132e+01,2.362120376253632514e+01,0.000000000000000000e+00
1.644067171430094959e+03,2.428205791259878055e+01,2.362418314652145312e+01,0.000000000000000000e+00
1.646067253147163001e+03,2.428743079138644134e+01,2.362715889028538641e+01,0.000000000000000000e+00
1.648067334864231952e+03,2.429280045165295121e+01,2.363013100271623301e+01,0.000000000000000000e+00
1.650067416581299995e+03,2.429816689431615018e+01,2.363309949266954391e+01,0.000000000000000000e+00
1.652067498298368037e+03,2.430353012026094106e+01,2.363606436896854746e+01,0.000000000000000000e+00
1.654067580015436988e+03,2.430889013033942092e+01,2.363902564040423471e+01,0.000000000000000000e+00
1.656067661732505030e+03,2.431424692537110133e+01,2.364198331573558676e+01,0.000000000000000000e+00
1.658067743449573072e+03,2.431960050614305047e+01,2.364493740368965291e+01,0.000000000000000000e+00
1.660067825166640887e+03,2.432495087341013118e+01,2.364788791296178516e+01,0.000000000000000000e+00
1.662067906883710066e+03,2.433029802789506135e+01,2.365083485221573056e+01,0.000000000000000000e+00
1.664067988600778108e+03,2.433564197028871945e+01,2.365377823008380886e+01,0.000000000000000000e+00
1.666068070317845923e+03,2.434098270125022978e+01,2.365671805516706883e+01,0.000000000000000000e+00
1.668068152034913965e+03,2.434632022140717922e+01,2.365965433603543033e+01,0.000000000000000000e+00
1.670068233751982007e+03,2.435165453135574865e+01,2.366258708122784071e+01,0.000000000000000000e+00
1.672068315469050958e+03,2.435698563166091901e+01,2.366551629925240974e+01,0.000000000000000000e+00
1.674068397186119000e+03,2.436231352285665963e+01,2.366844199858658016e+01,0.000000000000000000e+00
1.676068478903187042e+03,2.436763820544602055e+01,2.367136418767724848e+01,0.000000000000000000e+00
1.678068560620255994e+03,2.437295967990138124e+01,2.367428287494093553e+01,0.000000000000000000e+00
1.680068642337324036e+03,2.437827794666456072e+01,2.367719806876392852e+01,0.000000000000000000e+00
1.682068724054392078e+03,2.438359300614704139e+01,2.368010977750239476e+01,0.000000000000000000e+00
1.684068805771459893e+03,2.438890485873007918e+01,2.368301800948258773e+01,0.000000000000000000e+00
1.686068887488527935e+03,2.439421350476489891e+01,2.368592277300091808e+01,0.000000000000000000e+00
1.688068969205597114e+03,2.439951894457283998e+01,2.368882407632415266e+01,0.000000000000000000e+00
1.690069050922664928e+03,2.440482117844555887e+01,2.369172192768951390e+01,0.000000000000000000e+00
1.692069132639732970e+03,2.441012020664512150e+01,2.369461633530486466e+01,0.000000000000000000e+00
1.694069214356801012e+03,2.441541602940424127e+01,2.369750730734880051e+01,0.000000000000000000e+00
1.696069296073869964e+03,2.442070864692641052e+01,2.370039485197082030e+01,0.000000000000000000e+00
1.698069377790938006e+03,2.442599805938602842e+01,2.370327897729146116e+01,0.000000000000000000e+00
1.700069459508006048e+03,2.443128426692859989e+01,2.370615969140241219e+01,0.000000000000000000e+00
1.702069541225074090e+03,2.443656726967089909e+01,2.370903700236668499e+01,0.000000000000000000e+00
1.704069622942143042e+03,2.444184706770106885e+01,2.371191091821872732e+01,0.000000000000000000e+00
1.706069704659211084e+03,2.444712366107886936e+01,2.371478144696455104e+01,0.000000000000000000e+00
1.708069786376278898e+03,2.445239704983575990e+01,2.371764859658188840e+01,0.000000000000000000e+00
1.710069868093346940e+03,2.445766723397506937e+01,2.372051237502032706e+01,0.000000000000000000e+00
1.712069949810415892e+03,2.446293421347218100e+01,2.372337279020140244e+01,0.000000000000000000e+00
1.714070031527483934e+03,2.446819798827463899e+01,2.372622985001876827e+01,0.000000000000000000e+00
1.716070113244551976e+03,2.447345855830236161e+01,2.372908356233833160e+01,0.000000000000000000e+00
1.718070194961620018e+03,2.447871592344774072e+01,2.373193393499833093e+01,0.000000000000000000e+00
1.720070276678688970e+03,2.448397008357580873e+01,2.373478097580954937e+01,0.000000000000000000e+00
1.722070358395757012e+03,2.448922103852439136e+01,2.373762469255534313e+01,0.000000000000000000e+00
1.724070440112825054e+03,2.449446878810429951e+01,2.374046509299187591e+01,0.000000000000000000e+00
1.726070521829893096e+03,2.449971333209938962e+01,2.374330218484814026e+01,0.000000000000000000e+00
1.728070603546962047e+03,2.450495467026678043e+01,2.374613597582617075e+01,0.000000000000000000e+00
1.730070685264030089e+03,2.451019280233700925e+01,2.374896647360110791e+01,0.000000000000000000e+00
1.732070766981097904e+03,2.451542772801411019e+01,2.375179368582139006e+01,0.000000000000000000e+00
1.734070848698165946e+03,2.452065944697583078e+01,2.375461762010878175e+01,0.000000000000000000e+00
1.736070930415233988e+03,2.452588795887374928e+01,2.375743828405860114e+01,0.000000000000000000e+00
1.738071012132302940e+03,2.453111326333340969e+01,2.376025568523975551e+01,0.000000000000000000e+00
1.740071093849370982e+03,2.453633535995449932e+01,2.376306983119493310e+01,0.000000000000000000e+00
1.742071175566439024e+03,2.454155424831094834e+01,2.376588072944066710e+01,0.000000000000000000e+00
1.744071257283507975e+03,2.454676992795112866e+01,2.376868838746749901e+01,0.000000000000000000e+00
1.746071339000576017e+03,2.455198239839792151e+01,2.377149281274006398e+01,0.000000000000000000e+00
1.748071420717644060e+03,2.455719165914894120e+01,2.377429401269723996e+01,0.000000000000000000e+00
1.750071502434712102e+03,2.456239770967660974e+01,2.377709199475225432e+01,0.000000000000000000e+00
1.752071584151779916e+03,2.456760054942834870e+01,2.377988676629279752e+01,0.000000000000000000e+00
1.754071665868849095e+03,2.457280017782668935e+01,2.378267833468114389e+01,0.000000000000000000e+00
1.756071747585916910e+03,2.457799659426940053e+01,2.378546670725425827e+01,0.000000000000000000e+00
1.758071829302984952e+03,2.458318979812966987e+01,2.378825189132393092e+01,0.000000000000000000e+00
1.760071911020052994e+03,2.458837978875619967e+01,2.379103389417689129e+01,0.000000000000000000e+00
1.762071992737121946e+03,2.459356656547338105e+01,2.379381272307489326e+01,0.000000000000000000e+00
1.764072074454189988e+03,2.459875012758137913e+01,2.379658838525486431e+01,0.000000000000000000e+00
1.766072156171258030e+03,2.460393047435632852e+01,2.379936088792900506e+01,0.000000000000000000e+00
1.768072237888326072e+03,2.460910760505043982e+01,2.380213023828488872e+01,0.000000000000000000e+00
1.770072319605395023e+03,2.461428151889213112e+01,2.380489644348559608e+01,0.000000000000000000e+00
1.772072401322463065e+03,2.461945221508614878e+01,2.380765951066981501e+01,0.000000000000000000e+00
1.774072483039531107e+03,2.462461969281375929e+01,2.381041944695193990e+01,0.000000000000000000e+00
1.776072564756598922e+03,2.462978395123280961e+01,2.381317625942222094e+01,0.000000000000000000e+00
1.778072646473668101e+03,2.463494498947790134e+01,2.381592995514682087e+01,0.000000000000000000e+00
1.780072728190735916e+03,2.464010280666051145e+01,2.381868054116795008e+01,0.000000000000000000e+00
1.782072809907803958e+03,2.464525740186913083e+01,2.382142802450399444e+01,0.000000000000000000e+00
1.784072891624872000e+03,2.465040877416939935e+01,2.382417241214957215e+01,0.000000000000000000e+00
1.786072973341940042e+03,2.465555692260419107e+01,2.382691371107570433e+01,0.000000000000000000e+00
1.788073055059008993e+03,2.466070184619383099e+01,2.382965192822986467e+01,0.000000000000000000e+00
1.790073136776077035e+03,2.466584354393610923e+01,2.383238707053611449e+01,0.000000000000000000e+00
1.792073218493145077e+03,2.467098201480654041e+01,2.383511914489520223e+01,0.000000000000000000e+00
1.794073300210214029e+03,2.467611725775836007e+01,2.383784815818467706e+01,0.000000000000000000e+00
1.796073381927282071e+03,2.468124927172275918e+01,2.384057411725895292e+01,0.000000000000000000e+00
1.798073463644350113e+03,2.468637805560893028e+01,2.384329702894947900e+01,0.000000000000000000e+00
1.800073545361417928e+03,2.469150360830425939e+01,2.384601690006478947e+01,0.000000000000000000e+00
1.802073627078485970e+03,2.469662592867440054e+01,2.384873373739061719e+01,0.000000000000000000e+00
1.804073708795554921e+03,2.470174501556342861e+01,2.385144754769001452e+01,0.000000000000000000e+00
1.806073790512622963e+03,2.470686086779397073e+01,2.385415833770341720e+01,0.000000000000000000e+00
1.808073872229691005e+03,2.471197348416727024e+01,2.385686611414879366e+01,0.000000000000000000e+00
1.810073953946759957e+03,2.471708286346341055e+01,2.385957088372170887e+01,0.000000000000000000e+00
1.812074035663827999e+03,2.472218900444135059e+01,2.386227265309542389e+01,0.000000000000000000e+00
1.814074117380896041e+03,2.472729190583907055e+01,2.386497142892101664e+01,0.000000000000000000e+00
1.816074199097964083e+03,2.473239156637373881e+01,2.386766721782747425e+01,0.000000000000000000e+00
1.818074280815031898e+03,2.473748798474175103e+01,2.387036002642175703e+01,0.000000000000000000e+00
1.820074362532101077e+03,2.474258115961891846e+01,2.387304986128896900e+01,0.000000000000000000e+00
1.822074444249168891e+03,2.474767108966058160e+01,2.387573672899236499e+01,0.000000000000000000e+00
1.824074525966236934e+03,2.475275777350167061e+01,2.387842063607352117e+01,0.000000000000000000e+00
1.826074607683304976e+03,2.475784120975691138e+01,2.388110158905238478e+01,0.000000000000000000e+00
1.828074689400373927e+03,2.476292139702085038e+01,2.388377959442738785e+01,0.000000000000000000e+00
1.830074771117441969e+03,2.476799833386807137e+01,2.388645465867553952e+01,0.000000000000000000e+00
1.832074852834510011e+03,2.477307201885324162e+01,2.388912678825253977e+01,0.000000000000000000e+00
1.834074934551578053e+03,2.477814245051122910e+01,2.389179598959280781e+01,0.000000000000000000e+00
1.836075016268647005e+03,2.478320962735725885e+01,2.389446226910966686e+01,0.000000000000000000e+00
1.838075097985715047e+03,2.478827354788704085e+01,2.389712563319536542e+01,0.000000000000000000e+00
1.840075179702783089e+03,2.479333421057678066e+01,2.389978608822119810e+01,0.000000000000000000e+00
1.842075261419850904e+03,2.479839161388344948e+01,2.390244364053759085e+01,0.000000000000000000e+00
1.844075343136920083e+03,2.480344575624474857e+01,2.390509829647420759e+01,0.000000000000000000e+00
1.846075424853987897e+03,2.480849663607932953e+01,2.390775006233999989e+01,0.000000000000000000e+00
1.848075506571055939e+03,2.481354425178686895e+01,2.391039894442336333e+01,0.000000000000000000e+00
1.850075588288123981e+03,2.481858860174817849e+01,2.391304494899215172e+01,0.000000000000000000e+00
1.852075670005192023e+03,2.482362968432531147e+01,2.391568808229381204e+01,0.000000000000000000e+00
1.854075751722260975e+03,2.482866749786168015e+01,2.391832835055549111e+01,0.000000000000000000e+00
1.856075833439329017e+03,2.483370204068220843e+01,2.392096575998404973e+01,0.000000000000000000e+00
1.858075915156397059e+03,2.483873331109337101e+01,2.392360031676624033e+01,0.000000000000000000e+00
1.860075996873466011e+03,2.484376130738333899e+01,2.392623202706872121e+01,0.000000000000000000e+00
1.862076078590534053e+03,2.484878602782211132e+01,2.392886089703819152e+01,0.000000000000000000e+00
1.864076160307602095e+03,2.485380747066161078e+01,2.393148693280143391e+01,0.000000000000000000e+00
1.866076242024669909e+03,2.485882563413574076e+01,2.393411014046544238e+01,0.000000000000000000e+00
1.868076323741737951e+03,2.486384051646058069e+01,2.393673052611750052e+01,0.000000000000000000e+00
1.870076405458806903e+03,2.486885211583443933e+01,2.393934809582524537e+01,0.000000000000000000e+00
1.872076487175874945e+03,2.487386043043797912e+01,2.394196285563673854e+01,0.000000000000000000e+00
1.874076568892942987e+03,2.487886545843432984e+01,2.394457481158062251e+01,0.000000000000000000e+00
1.876076650610011029e+03,2.488386719796915969e+01,2.394718396966611351e+01,0.000000000000000000e+00
1.878076732327079981e+03,2.488886564717083161e+01,2.394979033588313655e+01,0.000000000000000000e+00
1.880076814044148023e+03,2.489386080415048852e+01,2.395239391620241776e+01,0.000000000000000000e+00
1.882076895761216065e+03,2.489885266700213862e+01,2.395499471657551993e+01,0.000000000000000000e+00
1.884076977478284107e+03,2.490384123380280101e+01,2.395759274293497043e+01,0.000000000000000000e+00
1.886077059195353058e+03,2.490882650261256970e+01,2.396018800119431802e+01,0.000000000000000000e+00
1.888077140912421100e+03,2.491380847147474853e+01,2.396278049724821102e+01,0.000000000000000000e+00
1.890077222629488915e+03,2.491878713841595072e+01,2.396537023697248969e+01,0.000000000000000000e+00
1.892077304346556957e+03,2.492376250144616989e+01,2.396795722622425728e+01,0.000000000000000000e+00
1.894077386063625909e+03,2.492873455855892928e+01,2.397054147084199371e+01,0.000000000000000000e+00
1.896077467780693951e+03,2.493370330773135990e+01,2.397312297664556269e+01,0.000000000000000000e+00
1.898077549497761993e+03,2.493866874692431068e+01,2.397570174943634669e+01,0.000000000000000000e+00
1.900077631214830035e+03,2.494363087408243018e+01,2.397827779499732515e+01,0.000000000000000000e+00
1.902077712931898986e+03,2.494858968713430869e+01,2.398085111909313127e+01,0.000000000000000000e+00
1.904077794648967028e+03,2.495354518399253152e+01,2.398342172747013734e+01,0.000000000000000000e+00
1.906077876366035071e+03,2.495849736255382112e+01,2.398598962585652572e+01,0.000000000000000000e+00
1.908077958083103113e+03,2.496344622069911168e+01,2.398855481996237415e+01,0.000000000000000000e+00
1.910078039800172064e+03,2.496839175629364860e+01,2.399111731547972681e+01,0.000000000000000000e+00
1.912078121517240106e+03,2.497333396718710929e+01,2.399367711808268666e+01,0.000000000000000000e+00
1.914078203234307921e+03,2.497827285121369911e+01,2.399623423342745099e+01,0.000000000000000000e+00
1.916078284951375963e+03,2.498320840619220107e+01,2.399878866715243930e+01,0.000000000000000000e+00
1.918078366668444005e+03,2.498814062992614993e+01,2.400134042487832886e+01,0.000000000000000000e+00
1.920078448385512957e+03,2.499306952020387129e+01,2.400388951220812572e+01,0.000000000000000000e+00
1.922078530102580999e+03,2.499799507479862015e+01,2.400643593472727133e+01,0.000000000000000000e+00
1.924078611819649041e+03,2.500291729146864839e+01,2.400897969800370646e+01,0.000000000000000000e+00
1.926078693536717992e+03,2.500783616795731135e+01,2.401152080758791385e+01,0.000000000000000000e+00
1.928078775253786034e+03,2.501275170199316022e+01,2.401405926901302479e+01,0.000000000000000000e+00
1.930078856970854076e+03,2.501766389129004864e+01,2.401659508779488306e+01,0.000000000000000000e+00
1.932078938687921891e+03,2.502257273354722855e+01,2.401912826943211599e+01,0.000000000000000000e+00
1.934079020404989933e+03,2.502747822644942843e+01,2.402165881940618419e+01,0.000000000000000000e+00
1.936079102122059112e+03,2.503238036766697050e+01,2.402418674318148817e+01,0.000000000000000000e+00
1.938079183839126927e+03,2.503727915485584177e+01,2.402671204620542511e+01,0.000000000000000000e+00
1.940079265556194969e+03,2.504217458565780063e+01,2.402923473390845999e+01,0.000000000000000000e+00
1.942079347273263011e+03,2.504706665770047991e+01,2.403175481170418948e+01,0.000000000000000000e+00
1.944079428990331962e+03,2.505195536859746142e+01,2.403427228498939883e+01,0.000000000000000000e+00
1.946079510707400004e+03,2.505684071594838969e+01,2.403678715914417552e+01,0.000000000000000000e+00
1.948079592424468046e+03,2.506172269733905011e+01,2.403929943953193771e+01,0.000000000000000000e+00
1.950079674141536088e+03,2.506660131034144001e+01,2.404180913149951948e+01,0.000000000000000000e+00
1.952079755858605040e+03,2.507147655251392138e+01,2.404431624037722059e+01,0.000000000000000000e+00
1.954079837575673082e+03,2.507634842140124931e+01,2.404682077147892016e+01,0.000000000000000000e+00
1.956079919292740897e+03,2.508121691453471058e+01,2.404932273010209087e+01,0.000000000000000000e+00
1.958080001009808939e+03,2.508608202943216980e+01,2.405182212152788424e+01,0.000000000000000000e+00
1.960080082726877890e+03,2.509094376359821865e+01,2.405431895102123008e+01,0.000000000000000000e+00
1.962080164443945932e+03,2.509580211452420073e+01,2.405681322383084364e+01,0.000000000000000000e+00
1.964080246161013974e+03,2.510065707968835014e+01,2.405930494518935348e+01,0.000000000000000000e+00
1.966080327878082016e+03,2.510550865655583053e+01,2.406179412031332276e+01,0.000000000000000000e+00
1.968080409595150968e+03,2.511035684257891987e+01,2.406428075440332037e+01,0.000000000000000000e+00
1.970080491312219010e+03,2.511520163519697846e+01,2.406676485264401322e+01,0.000000000000000000e+00
1.972080573029287052e+03,2.512004303183663012e+01,2.406924642020419469e+01,0.000000000000000000e+00
1.974080654746355094e+03,2.512488102991179062e+01,2.407172546223689835e+01,0.000000000000000000e+00
1.976080736463424046e+03,2.512971562682380977e+01,2.407420198387939791e+01,0.000000000000000000e+00
1.978080818180492088e+03,2.513454681996149986e+01,2.407667599025332095e+01,0.000000000000000000e+00
1.980080899897559902e+03,2.513937460670128132e+01,2.407914748646470571e+01,0.000000000000000000e+00
1.982080981614627945e+03,2.514419898440722889e+01,2.408161647760404378e+01,0.000000000000000000e+00
1.984081063331695987e+03,2.514901995043116045e+01,2.408408296874635113e+01,0.000000000000000000e+00
1.986081145048764938e+03,2.515383750211275071e+01,2.408654696495124625e+01,0.000000000000000000e+00
1.988081226765832980e+03,2.515865163677959870e+01,2.408900847126298572e+01,0.000000000000000000e+00
1.990081308482901022e+03,2.516346235174730950e+01,2.409146749271056365e+01,0.000000000000000000e+00
1.992081390199969974e+03,2.516826964431959013e+01,2.409392403430772589e+01,0.000000000000000000e+00
1.994081471917038016e+03,2.517307351178830999e+01,2.409637810105306244e+01,0.000000000000000000e+00
1.996081553634106058e+03,2.517787395143363938e+01,2.409882969793008556e+01,0.000000000000000000e+00
1.998081635351174100e+03,2.518267096052408149e+01,2.410127882990722981e+01,0.000000000000000000e+00
2.000081717068241915e+03,2.518746453631656124e+01,2.410372550193797991e+01,0.000000000000000000e+00
2.002081798785311094e+03,2.519225467605654956e+01,2.410616971896089211e+01,0.000000000000000000e+00
2.004081880502378908e+03,2.519704137697810964e+01,2.410861148589965808e+01,0.000000000000000000e+00
2.006081962219446950e+03,2.520182463630397152e+01,2.411105080766316888e+01,0.000000000000000000e+00
2.008082043936514992e+03,2.520660445124567062e+01,2.411348768914558605e+01,0.000000000000000000e+00
2.010082125653583944e+03,2.521138081900355843e+01,2.411592213522637707e+01,0.000000000000000000e+00
2.012082207370651986e+03,2.521615373676694105e+01,2.411835415077039357e+01,0.000000000000000000e+00
2.014082289087720028e+03,2.522092320171413959e+01,2.412078374062792108e+01,0.000000000000000000e+00
2.016082370804788980e+03,2.522568921101255057e+01,2.412321090963473580e+01,0.000000000000000000e+00
2.018082452521857022e+03,2.523045176181878091e+01,2.412563566261216152e+01,0.000000000000000000e+00
2.020082534238925064e+03,2.523521085127867991e+01,2.412805800436714065e+01,0.000000000000000000e+00
2.022082615955993106e+03,2.523996647652743164e+01,2.413047793969227683e+01,0.000000000000000000e+00
2.024082697673060920e+03,2.524471863468965083e+01,2.413289547336589180e+01,0.000000000000000000e+00
2.026082779390130099e+03,2.524946732287946105e+01,2.413531061015209644e+01,0.000000000000000000e+00
2.028082861107197914e+03,2.525421253820054091e+01,2.413772335480083342e+01,0.000000000000000000e+00
2.030082942824265956e+03,2.525895427774625901e+01,2.414013371204793401e+01,0.000000000000000000e+00
2.032083024541333998e+03,2.526369253859969888e+01,2.414254168661517497e+01,0.000000000000000000e+00
2.034083106258402040e+03,2.526842731783379037e+01,2.414494728321034245e+01,0.000000000000000000e+00
2.036083187975470992e+03,2.527315861251134876e+01,2.414735050652728887e+01,0.000000000000000000e+00
2.038083269692539034e+03,2.527788641968514938e+01,2.414975136124595423e+01,0.000000000000000000e+00
2.040083351409607076e+03,2.528261073639804124e+01,2.415214985203247267e+01,0.000000000000000000e+00
2.042083433126676027e+03,2.528733155968302171e+01,2.415454598353919380e+01,0.000000000000000000e+00
2.044083514843744069e+03,2.529204888656325068e+01,2.415693976040473245e+01,0.000000000000000000e+00
2.046083596560812111e+03,2.529676271405223176e+01,2.415933118725404682e+01,0.000000000000000000e+00
2.048083678277880153e+03,2.530147303915379098e+01,2.416172026869848821e+01,0.000000000000000000e+00
2.050083759994949105e+03,2.530617985886222954e+01,2.416410700933581523e+01,0.000000000000000000e+00
2.052083841712017147e+03,2.531088317016234157e+01,2.416649141375031462e+01,0.000000000000000000e+00
2.054083923429085189e+03,2.531558297002952074e+01,2.416887348651278700e+01,0.000000000000000000e+00
2.056084005146152776e+03,2.532027925542985969e+01,2.417125323218064636e+01,0.000000000000000000e+00
2.058084086863222183e+03,2.532497202332015007e+01,2.417363065529794852e+01,0.000000000000000000e+00
2.060084168580290225e+03,2.532966127064806017e+01,2.417600576039544791e+01,0.000000000000000000e+00
2.062084250297357812e+03,2.533434699435211002e+01,2.417837855199066865e+01,0.000000000000000000e+00
2.064084332014425854e+03,2.533902919136182064e+01,2.418074903458791880e+01,0.000000000000000000e+00
2.066084413731493896e+03,2.534370785859774955e+01,2.418311721267837555e+01,0.000000000000000000e+00
2.068084495448562848e+03,2.534838299297159026e+01,2.418548309074010660e+01,0.000000000000000000e+00
2.070084577165630890e+03,2.535305459138621131e+01,2.418784667323816251e+01,0.000000000000000000e+00
2.072084658882698932e+03,2.535772265073577003e+01,2.419020796462457668e+01,0.000000000000000000e+00
2.074084740599766974e+03,2.536238716790576930e+01,2.419256696933846484e+01,0.000000000000000000e+00
2.076084822316835016e+03,2.536704813977311090e+01,2.419492369180602509e+01,0.000000000000000000e+00
2.078084904033903968e+03,2.537170556320620918e+01,2.419727813644063730e+01,0.000000000000000000e+00
2.080084985750972010e+03,2.537635943506504077e+01,2.419963030764288447e+01,0.000000000000000000e+00
2.082085067468040961e+03,2.538100975220120858e+01,2.420198020980059539e+01,0.000000000000000000e+00
2.084085149185109003e+03,2.538565651145803059e+01,2.420432784728892273e+01,0.000000000000000000e+00
2.086085230902177045e+03,2.539029970967061089e+01,2.420667322447035730e+01,0.000000000000000000e+00
2.088085312619245087e+03,2.539493934366590011e+01,2.420901634569481331e+01,0.000000000000000000e+00
2.090085394336314039e+03,2.539957541026279131e+01,2.421135721529963547e+01,0.000000000000000000e+00
2.092085476053382081e+03,2.540420790627214842e+01,2.421369583760969846e+01,0.000000000000000000e+00
2.094085557770450123e+03,2.540883682849694125e+01,2.421603221693739272e+01,0.000000000000000000e+00
2.096085639487518165e+03,2.541346217373223837e+01,2.421836635758273815e+01,0.000000000000000000e+00
2.098085721204586207e+03,2.541808393876534922e+01,2.422069826383336988e+01,0.000000000000000000e+00
2.100085802921655159e+03,2.542270212037585964e+01,2.422302793996463777e+01,0.000000000000000000e+00
2.102085884638723201e+03,2.542731671533568871e+01,2.422535539023961348e+01,0.000000000000000000e+00
2.104085966355790788e+03,2.543192772040920957e+01,2.422768061890916869e+01,0.000000000000000000e+00
2.106086048072858830e+03,2.543653513235326002e+01,2.423000363021200343e+01,0.000000000000000000e+00
2.108086129789927782e+03,2.544113894791725983e+01,2.423232442837468170e+01,0.000000000000000000e+00
2.110086211506995824e+03,2.544573916384324974e+01,2.423464301761171669e+01,0.000000000000000000e+00
2.112086293224063866e+03,2.545033577686594839e+01,2.423695940212556366e+01,0.000000000000000000e+00
2.114086374941131908e+03,2.545492878371290857e+01,2.423927358610671945e+01,0.000000000000000000e+00
2.116086456658199950e+03,2.545951818110443909e+01,2.424158557373374379e+01,0.000000000000000000e+00
2.118086538375268901e+03,2.546410396575382862e+01,2.424389536917327348e+01,0.000000000000000000e+00
2.120086620092336943e+03,2.546868613436728879e+01,2.424620297658012902e+01,0.000000000000000000e+00
2.122086701809404985e+03,2.547326468364411056e+01,2.424850840009731456e+01,0.000000000000000000e+00
2.124086783526473027e+03,2.547783961027667132e+01,2.425081164385608190e+01,0.000000000000000000e+00
2.126086865243541979e+03,2.548241091095053079e+01,2.425311271197596596e+01,0.000000000000000000e+00
2.128086946960610021e+03,2.548697858234450919e+01,2.425541160856482747e+01,0.000000000000000000e+00
2.130087028677678063e+03,2.549154262113072988e+01,2.425770833771890977e+01,0.000000000000000000e+00
2.132087110394747015e+03,2.549610302397470107e+01,2.426000290352287436e+01,0.000000000000000000e+00
2.134087192111815057e+03,2.550065978753536911e+01,2.426229531004983642e+01,0.000000000000000000e+00
2.136087273828883099e+03,2.550521290846521083e+01,2.426458556136142874e+01,0.000000000000000000e+00
2.138087355545951141e+03,2.550976238341026914e+01,2.426687366150781600e+01,0.000000000000000000e+00
2.140087437263020092e+03,2.551430820901022045e+01,2.426915961452778703e+01,0.000000000000000000e+00
2.142087518980088134e+03,2.551885038189848842e+01,2.427144342444871938e+01,0.000000000000000000e+00
2.144087600697156176e+03,2.552338889870226168e+01,2.427372509528670008e+01,0.000000000000000000e+00
2.146087682414224219e+03,2.552792375604255071e+01,2.427600463104653272e+01,0.000000000000000000e+00
2.148087764131291806e+03,2.553245495053429082e+01,2.427828203572177301e+01,0.000000000000000000e+00
2.150087845848361212e+03,2.553698247878640970e+01,2.428055731329479272e+01,0.000000000000000000e+00
2.152087927565428799e+03,2.554150633740184162e+01,2.428283046773679388e+01,0.000000000000000000e+00
2.154088009282496841e+03,2.554602652297763044e+01,2.428510150300787274e+01,0.000000000000000000e+00
2.156088090999564884e+03,2.555054303210501132e+01,2.428737042305706240e+01,0.000000000000000000e+00
2.158088172716633835e+03,2.555505586136942853e+01,2.428963723182235412e+01,0.000000000000000000e+00
2.160088254433701877e+03,2.555956500735062065e+01,2.429190193323075420e+01,0.000000000000000000e+00
2.162088336150769919e+03,2.556407046662270943e+01,2.429416453119831942e+01,0.000000000000000000e+00
2.164088417867837961e+03,2.556857223575421045e+01,2.429642502963019979e+01,0.000000000000000000e+00
2.166088499584906003e+03,2.557307031130816100e+01,2.429868343242069528e+01,0.000000000000000000e+00
2.168088581301974955e+03,2.557756468984210940e+01,2.430093974345324881e+01,0.000000000000000000e+00
2.170088663019042997e+03,2.558205536790823942e+01,2.430319396660052433e+01,0.000000000000000000e+00
2.172088744736111039e+03,2.558654234205340927e+01,2.430544610572446373e+01,0.000000000000000000e+00
2.174088826453179990e+03,2.559102560881922983e+01,2.430769616467627969e+01,0.000000000000000000e+00
2.176088908170248033e+03,2.559550516474207882e+01,2.430994414729650543e+01,0.000000000000000000e+00
2.178088989887316075e+03,2.559998100635322871e+01,2.431219005741508710e+01,0.000000000000000000e+00
2.180089071604384117e+03,2.560445313017885027e+01,2.431443389885133399e+01,0.000000000000000000e+00
2.182089153321453068e+03,2.560892153274014049e+01,2.431667567541404651e+01,0.000000000000000000e+00
2.184089235038521110e+03,2.561338621055330123e+01,2.431891539090149479e+01,0.000000000000000000e+00
2.186089316755589152e+03,2.561784716012968133e+01,2.432115304910146847e+01,0.000000000000000000e+00
2.188089398472657194e+03,2.562230437797576954e+01,2.432338865379133352e+01,0.000000000000000000e+00
2.190089480189726146e+03,2.562675786059331884e+01,2.432562220873806780e+01,0.000000000000000000e+00
2.192089561906794188e+03,2.563120760447936064e+01,2.432785371769827520e+01,0.000000000000000000e+00
2.194089643623861775e+03,2.563565360612626165e+01,2.433008318441825679e+01,0.000000000000000000e+00
2.196089725340929817e+03,2.564009586202184110e+01,2.433231061263401784e+01,0.000000000000000000e+00
2.198089807057997859e+03,2.564453436864937075e+01,2.433453600607131762e+01,0.000000000000000000e+00
2.200089888775066811e+03,2.564896912248767080e+01,2.433675936844573329e+01,0.000000000000000000e+00
2.202089970492134853e+03,2.565340012001113124e+01,2.433898070346264575e+01,0.000000000000000000e+00
2.204090052209202895e+03,2.565782735768982903e+01,2.434120001481730355e+01,0.000000000000000000e+00
2.206090133926270937e+03,2.566225083198953882e+01,2.434341730619487976e+01,0.000000000000000000e+00
2.208090215643339889e+03,2.566667053937182175e+01,2.434563258127047192e+01,0.000000000000000000e+00
2.210090297360407931e+03,2.567108647629405027e+01,2.434784584370917315e+01,0.000000000000000000e+00
2.212090379077475973e+03,2.567549863920950060e+01,2.435005709716605793e+01,0.000000000000000000e+00
2.214090460794544015e+03,2.567990702456743080e+01,2.435226634528628153e+01,0.000000000000000000e+00
2.216090542511612966e+03,2.568431162881304886e+01,2.435447359170508719e+01,0.000000000000000000e+00
2.218090624228681008e+03,2.568871244838767964e+01,2.435667884004781314e+01,0.000000000000000000e+00
2.220090705945749050e+03,2.569310947972876136e+01,2.435888209392997084e+01,0.000000000000000000e+00
2.222090787662818002e+03,2.569750271926992014e+01,2.436108335695727334e+01,0.000000000000000000e+00
2.224090869379886044e+03,2.570189216344100913e+01,2.436328263272566375e+01,0.000000000000000000e+00
2.226090951096954086e+03,2.570627780866820089e+01,2.436547992482132230e+01,0.000000000000000000e+00
2.228091032814022128e+03,2.571065965137401932e+01,2.436767523682076586e+01,0.000000000000000000e+00
2.230091114531090170e+03,2.571503768797741074e+01,2.436986857229082659e+01,0.000000000000000000e+00
2.232091196248159122e+03,2.571941191489379008e+01,2.437205993478869459e+01,0.000000000000000000e+00
2.234091277965227164e+03,2.572378232853507996e+01,2.437424932786198895e+01,0.000000000000000000e+00
2.236091359682295206e+03,2.572814892530984920e+01,2.437643675504875063e+01,0.000000000000000000e+00
2.238091441399362793e+03,2.573251170162325963e+01,2.437862221987749933e+01,0.000000000000000000e+00
2.240091523116432199e+03,2.573687065387717965e+01,2.438080572586726191e+01,0.000000000000000000e+00
2.242091604833499787e+03,2.574122577847025894e+01,2.438298727652760789e+01,0.000000000000000000e+00
2.244091686550567829e+03,2.574557707179793908e+01,2.438516687535867078e+01,0.000000000000000000e+00
2.246091768267635871e+03,2.574992453025254946e+01,2.438734452585119783e+01,0.000000000000000000e+00
2.248091849984703913e+03,2.575426815022332150e+01,2.438952023148659976e+01,0.000000000000000000e+00
2.250091931701772864e+03,2.575860792809649169e+01,2.439169399573692232e+01,0.000000000000000000e+00
2.252092013418840907e+03,2.576294386025530869e+01,2.439386582206496001e+01,0.000000000000000000e+00
2.254092095135908949e+03,2.576727594308015057e+01,2.439603571392422054e+01,0.000000000000000000e+00
2.256092176852976991e+03,2.577160417294851058e+01,2.439820367475900298e+01,0.000000000000000000e+00
2.258092258570045942e+03,2.577592854623508956e+01,2.440036970800440486e+01,0.000000000000000000e+00
2.260092340287113984e+03,2.578024905931187050e+01,2.440253381708637193e+01,0.000000000000000000e+00
2.262092422004182026e+03,2.578456570854810082e+01,2.440469600542171236e+01,0.000000000000000000e+00
2.264092503721250978e+03,2.578887849031044865e+01,2.440685627641815358e+01,0.000000000000000000e+00
2.266092585438319020e+03,2.579318740096297091e+01,2.440901463347434941e+01,0.000000000000000000e+00
2.268092667155387062e+03,2.579749243686720916e+01,2.441117107997992974e+01,0.000000000000000000e+00
2.270092748872455104e+03,2.580179359438223941e+01,2.441332561931552192e+01,0.000000000000000000e+00
2.272092830589524056e+03,2.580609086986471112e+01,2.441547825485279333e+01,0.000000000000000000e+00
2.274092912306592098e+03,2.581038425966892902e+01,2.441762898995446562e+01,0.000000000000000000e+00
2.276092994023660140e+03,2.581467376014687076e+01,2.441977782797437158e+01,0.000000000000000000e+00
2.278093075740728182e+03,2.581895936764826871e+01,2.442192477225746217e+01,0.000000000000000000e+00
2.280093157457796224e+03,2.582324107852063833e+01,2.442406982613984923e+01,0.000000000000000000e+00
2.282093239174865175e+03,2.582751888910938121e+01,2.442621299294882675e+01,0.000000000000000000e+00
2.284093320891933217e+03,2.583179279575778153e+01,2.442835427600294196e+01,0.000000000000000000e+00
2.286093402609000805e+03,2.583606279480707002e+01,2.443049367861195265e+01,0.000000000000000000e+00
2.288093484326068847e+03,2.584032888259650917e+01,2.443263120407692668e+01,0.000000000000000000e+00
2.290093566043137798e+03,2.584459105546340041e+01,2.443476685569023488e+01,0.000000000000000000e+00
2.292093647760205840e+03,2.584884930974319062e+01,2.443690063673560076e+01,0.000000000000000000e+00
2.294093729477273882e+03,2.585310364176946862e+01,2.443903255048811474e+01,0.000000000000000000e+00
2.296093811194341924e+03,2.585735404787406111e+01,2.444116260021427678e+01,0.000000000000000000e+00
2.298093892911409966e+03,2.586160052438706103e+01,2.444329078917201059e+01,0.000000000000000000e+00
2.300093974628478918e+03,2.586584306763685959e+01,2.444541712061072758e+01,0.000000000000000000e+00
2.302094056345546960e+03,2.587008167395027058e+01,2.444754159777130553e+01,0.000000000000000000e+00
2.304094138062615002e+03,2.587431633965249134e+01,2.444966422388617389e+01,0.000000000000000000e+00
2.306094219779683044e+03,2.587854706106721991e+01,2.445178500217929241e+01,0.000000000000000000e+00
2.308094301496751996e+03,2.588277383451669067e+01,2.445390393586621514e+01,0.000000000000000000e+00
2.310094383213820038e+03,2.588699665632168845e+01,2.445602102815411172e+01,0.000000000000000000e+00
2.312094464930888989e+03,2.589121552280165872e+01,2.445813628224178160e+01,0.000000000000000000e+00
2.314094546647957031e+03,2.589543043027470048e+01,2.446024970131970377e+01,0.000000000000000000e+00
2.316094628365025073e+03,2.589964137505767994e+01,2.446236128857005809e+01,0.000000000000000000e+00
2.318094710082093115e+03,2.590384835346623049e+01,2.446447104716674659e+01,0.000000000000000000e+00
2.320094791799161158e+03,2.590805136181479895e+01,2.446657898027542899e+01,0.000000000000000000e+00
2.322094873516230109e+03,2.591225039641674144e+01,2.446868509105355827e+01,0.000000000000000000e+00
2.324094955233298151e+03,2.591644545358434115e+01,2.447078938265038772e+01,0.000000000000000000e+00
2.326095036950366193e+03,2.592063652962886877e+01,2.447289185820702073e+01,0.000000000000000000e+00
2.328095118667433781e+03,2.592482362086062153e+01,2.447499252085643207e+01,0.000000000000000000e+00
2.330095200384501823e+03,2.592900672358898007e+01,2.447709137372349630e+01,0.000000000000000000e+00
2.332095282101570774e+03,2.593318583412245104e+01,2.447918841992500916e+01,0.000000000000000000e+00
2.334095363818638816e+03,2.593736094876874176e+01,2.448128366256970878e+01,0.000000000000000000e+00
2.336095445535706858e+03,2.594153206383477084e+01,2.448337710475834683e+01,0.000000000000000000e+00
2.338095527252774900e+03,2.594569917562674988e+01,2.448546874958365294e+01,0.000000000000000000e+00
2.340095608969843852e+03,2.594986228045022969e+01,2.448755860013041286e+01,0.000000000000000000e+00
2.342095690686911894e+03,2.595402137461010028e+01,2.448964665947546138e+01,0.000000000000000000e+00
2.344095772403979936e+03,2.595817645441071875e+01,2.449173293068773916e+01,0.000000000000000000e+00
2.346095854121047978e+03,2.596232751615589862e+01,2.449381741682829272e+01,0.000000000000000000e+00
2.348095935838116020e+03,2.596647455614897027e+01,2.449590012095031710e+01,0.000000000000000000e+00
2.350096017555184972e+03,2.597061757069284837e+01,2.449798104609919136e+01,0.000000000000000000e+00
2.352096099272253014e+03,2.597475655609008172e+01,2.450006019531247148e+01,0.000000000000000000e+00
2.354096180989321965e+03,2.597889150864284957e+01,2.450213757161995431e+01,0.000000000000000000e+00
2.356096262706390007e+03,2.598302242465306833e+01,2.450421317804369181e+01,0.000000000000000000e+00
2.358096344423458049e+03,2.598714930042241988e+01,2.450628701759799810e+01,0.000000000000000000e+00
2.360096426140526091e+03,2.599127213225239075e+01,2.450835909328950635e+01,0.000000000000000000e+00
2.362096507857595043e+03,2.599539091644432887e+01,2.451042940811716875e+01,0.000000000000000000e+00
2.364096589574663085e+03,2.599950564929947916e+01,2.451249796507230627e+01,0.000000000000000000e+00
2.366096671291731127e+03,2.600361632711906168e+01,2.451456476713861576e+01,0.000000000000000000e+00
2.368096753008799169e+03,2.600772294620426095e+01,2.451662981729220547e+01,0.000000000000000000e+00
2.370096834725867211e+03,2.601182550285635031e+01,2.451869311850161637e+01,0.000000000000000000e+00
2.372096916442936163e+03,2.601592399337665995e+01,2.452075467372784345e+01,0.000000000000000000e+00
2.374096998160004205e+03,2.602001841406666927e+01,2.452281448592438551e+01,0.000000000000000000e+00
2.376097079877071792e+03,2.602410876122806016e+01,2.452487255803723087e+01,0.000000000000000000e+00
2.378097161594139834e+03,2.602819503116273836e+01,2.452692889300490720e+01,0.000000000000000000e+00
2.380097243311207876e+03,2.603227722017287959e+01,2.452898349375853115e+01,0.000000000000000000e+00
2.382097325028276828e+03,2.603635532456100066e+01,2.453103636322176584e+01,0.000000000000000000e+00
2.384097406745344870e+03,2.604042934062997006e+01,2.453308750431090601e+01,0.000000000000000000e+00
2.386097488462412912e+03,2.604449926468310039e+01,2.453513691993488521e+01,0.000000000000000000e+00
2.388097570179480954e+03,2.604856509302413059e+01,2.453718461299528997e+01,0.000000000000000000e+00
2.390097651896549905e+03,2.605262682195735024e+01,2.453923058638640953e+01,0.000000000000000000e+00
2.392097733613617947e+03,2.605668444778757831e+01,2.454127484299521456e+01,0.000000000000000000e+00
2.394097815330685989e+03,2.606073796682023058e+01,2.454331738570144239e+01,0.000000000000000000e+00
2.396097897047754032e+03,2.606478737536136947e+01,2.454535821737756152e+01,0.000000000000000000e+00
2.398097978764822983e+03,2.606883266971777147e+01,2.454739734088883552e+01,0.000000000000000000e+00
2.400098060481891025e+03,2.607287384619689874e+01,2.454943475909333728e+01,0.000000000000000000e+00
2.402098142198959067e+03,2.607691090110704124e+01,2.455147047484198453e+01,0.000000000000000000e+00
2.404098223916028019e+03,2.608094383075729894e+01,2.455350449097851850e+01,0.000000000000000000e+00
2.406098305633096061e+03,2.608497263145762091e+01,2.455553681033958924e+01,0.000000000000000000e+00
2.408098387350164103e+03,2.608899729951889057e+01,2.455756743575472711e+01,0.000000000000000000e+00
2.410098469067232145e+03,2.609301783125293994e+01,2.455959637004641394e+01,0.000000000000000000e+00
2.412098550784301096e+03,2.609703422297261000e+01,2.456162361603006161e+01,0.000000000000000000e+00
2.414098632501369138e+03,2.610104647099178976e+01,2.456364917651406188e+01,0.000000000000000000e+00
2.416098714218437181e+03,2.610505457162544829e+01,2.456567305429980763e+01,0.000000000000000000e+00
2.418098795935505223e+03,2.610905852118969150e+01,2.456769525218170003e+01,0.000000000000000000e+00
2.420098877652572810e+03,2.611305831600180127e+01,2.456971577294721243e+01,0.000000000000000000e+00
2.422098959369642216e+03,2.611705395238028871e+01,2.457173461937685488e+01,0.000000000000000000e+00
2.424099041086709803e+03,2.612104542664491902e+01,2.457375179424423806e+01,0.000000000000000000e+00
2.426099122803777846e+03,2.612503273511677904e+01,2.457576730031608037e+01,0.000000000000000000e+00
2.428099204520845888e+03,2.612901587411830917e+01,2.457778114035225059e+01,0.000000000000000000e+00
2.430099286237914839e+03,2.613299483997332118e+01,2.457979331710576076e+01,0.000000000000000000e+00
2.432099367954982881e+03,2.613696962900707987e+01,2.458180383332281593e+01,0.000000000000000000e+00
2.434099449672050923e+03,2.614094023754633156e+01,2.458381269174279993e+01,0.000000000000000000e+00
2.436099531389118965e+03,2.614490666191935020e+01,2.458581989509835353e+01,0.000000000000000000e+00
2.438099613106187007e+03,2.614886889845595874e+01,2.458782544611534604e+01,0.000000000000000000e+00
2.440099694823255959e+03,2.615282694348761083e+01,2.458982934751292504e+01,0.000000000000000000e+00
2.442099776540324001e+03,2.615678079334740147e+01,2.459183160200352347e+01,0.000000000000000000e+00
2.444099858257392043e+03,2.616073044437012030e+01,2.459383221229289518e+01,0.000000000000000000e+00
2.446099939974460995e+03,2.616467589289228002e+01,2.459583118108012201e+01,0.000000000000000000e+00
2.448100021691529037e+03,2.616861713525218036e+01,2.459782851105766355e+01,0.000000000000000000e+00
2.450100103408597079e+03,2.617255416778996135e+01,2.459982420491132871e+01,0.000000000000000000e+00
2.452100185125665121e+03,2.617648698684759978e+01,2.460181826532035387e+01,0.000000000000000000e+00
2.454100266842734072e+03,2.618041558876898023e+01,2.460381069495738871e+01,0.000000000000000000e+00
2.456100348559802114e+03,2.618433996989993062e+01,2.460580149648852455e+01,0.000000000000000000e+00
2.458100430276870156e+03,2.618826012658826841e+01,2.460779067257332287e+01,0.000000000000000000e+00
2.460100511993938198e+03,2.619217605518386094e+01,2.460977822586483654e+01,0.000000000000000000e+00
2.462100593711007150e+03,2.619608775203860063e+01,2.461176415900962411e+01,0.000000000000000000e+00
2.464100675428075192e+03,2.619999521350651861e+01,2.461374847464777105e+01,0.000000000000000000e+00
2.466100757145142779e+03,2.620389843594380963e+01,2.461573117541291111e+01,0.000000000000000000e+00
2.468100838862210821e+03,2.620779741570883914e+01,2.461771226393225476e+01,0.000000000000000000e+00
2.470100920579278863e+03,2.621169214916220014e+01,2.461969174282661754e+01,0.000000000000000000e+00
2.472101002296347815e+03,2.621558263266679134e+01,2.462166961471039883e+01,0.000000000000000000e+00
2.474101084013415857e+03,2.621946886258778875e+01,2.462364588219166706e+01,0.000000000000000000e+00
2.476101165730483899e+03,2.622335083529274868e+01,2.462562054787210997e+01,0.000000000000000000e+00
2.478101247447551941e+03,2.622722854715162910e+01,2.462759361434713412e+01,0.000000000000000000e+00
2.480101329164620893e+03,2.623110199453680025e+01,2.462956508420579382e+01,0.000000000000000000e+00
2.482101410881688935e+03,2.623497117382312993e+01,2.463153496003089060e+01,0.000000000000000000e+00
2.484101492598756977e+03,2.623883608138797996e+01,2.463350324439896610e+01,0.000000000000000000e+00
2.486101574315825019e+03,2.624269671361129852e+01,2.463546993988029499e+01,0.000000000000000000e+00
2.488101656032893970e+03,2.624655306687559886e+01,2.463743504903895598e+01,0.000000000000000000e+00
2.490101737749962012e+03,2.625040513756605876e+01,2.463939857443280346e+01,0.000000000000000000e+00
2.492101819467030055e+03,2.625425292207050987e+01,2.464136051861352428e+01,0.000000000000000000e+00
2.494101901184099006e+03,2.625809641677950879e+01,2.464332088412662358e+01,0.000000000000000000e+00
2.496101982901167048e+03,2.626193561808636900e+01,2.464527967351149584e+01,0.000000000000000000e+00
2.498102064618235090e+03,2.626577052238720000e+01,2.464723688930137513e+01,0.000000000000000000e+00
2.500102146335303132e+03,2.626960112608093922e+01,2.464919253402341326e+01,0.000000000000000000e+00
2.502102228052371174e+03,2.627342742556938049e+01,2.465114661019867270e+01,0.000000000000000000e+00
2.504102309769440126e+03,2.627724941725726993e+01,2.465309912034216921e+01,0.000000000000000000e+00
2.506102391486508168e+03,2.628106709755225978e+01,2.465505006696283630e+01,0.000000000000000000e+00
2.508102473203576210e+03,2.628488046286501856e+01,2.465699945256361758e+01,0.000000000000000000e+00
2.510102554920643797e+03,2.628868950960924877e+01,2.465894727964142419e+01,0.000000000000000000e+00
2.512102636637713204e+03,2.629249423420169052e+01,2.466089355068720579e+01,0.000000000000000000e+00
2.514102718354780791e+03,2.629629463306221027e+01,2.466283826818591507e+01,0.000000000000000000e+00
2.516102800071848833e+03,2.630009070261381865e+01,2.466478143461657169e+01,0.000000000000000000e+00
2.518102881788916875e+03,2.630388243928269176e+01,2.466672305245228358e+01,0.000000000000000000e+00
2.520102963505984917e+03,2.630766983949824933e+01,2.466866312416019724e+01,0.000000000000000000e+00
2.522103045223053869e+03,2.631145289969314049e+01,2.467060165220163270e+01,0.000000000000000000e+00
2.524103126940121911e+03,2.631523161630333973e+01,2.467253863903196986e+01,0.000000000000000000e+00
2.526103208657189953e+03,2.631900598576815042e+01,2.467447408710078349e+01,0.000000000000000000e+00
2.528103290374257995e+03,2.632277600453020128e+01,2.467640799885179348e+01,0.000000000000000000e+00
2.530103372091326946e+03,2.632654166903559911e+01,2.467834037672289327e+01,0.000000000000000000e+00
2.532103453808394988e+03,2.633030297573386846e+01,2.468027122314619248e+01,0.000000000000000000e+00
2.534103535525463030e+03,2.633405992107799065e+01,2.468220054054801693e+01,0.000000000000000000e+00
2.536103617242531982e+03,2.633781250152452102e+01,2.468412833134892281e+01,0.000000000000000000e+00
2.538103698959600024e+03,2.634156071353352857e+01,2.468605459796373225e+01,0.000000000000000000e+00
2.540103780676668066e+03,2.634530455356869894e+01,2.468797934280152617e+01,0.000000000000000000e+00
2.542103862393736108e+03,2.634904401809734864e+01,2.468990256826568697e+01,0.000000000000000000e+00
2.544103944110805060e+03,2.635277910359047127e+01,2.469182427675390556e+01,0.000000000000000000e+00
2.546104025827873102e+03,2.635650980652275877e+01,2.469374447065820988e+01,0.000000000000000000e+00
2.548104107544941144e+03,2.636023612337265121e+01,2.469566315236496479e+01,0.000000000000000000e+00
2.550104189262009186e+03,2.636395805062235098e+01,2.469758032425488636e+01,0.000000000000000000e+00
2.552104270979076773e+03,2.636767558475791162e+01,2.469949598870309160e+01,0.000000000000000000e+00
2.554104352696146179e+03,2.637138872226919872e+01,2.470141014807909841e+01,0.000000000000000000e+00
2.556104434413214221e+03,2.637509745965002139e+01,2.470332280474682562e+01,0.000000000000000000e+00
2.558104516130281809e+03,2.637880179339805053e+01,2.470523396106462144e+01,0.000000000000000000e+00
2.560104597847349851e+03,2.638250172001497873e+01,2.470714361938531312e+01,0.000000000000000000e+00
2.562104679564418802e+03,2.638619723600644917e+01,2.470905178205617858e+01,0.000000000000000000e+00
2.564104761281486844e+03,2.638988833788218002e+01,2.471095845141898195e+01,0.000000000000000000e+00
2.566104842998554886e+03,2.639357502215592177e+01,2.471286362980999485e+01,0.000000000000000000e+00
2.568104924715622928e+03,2.639725728534556026e+01,2.471476731956000350e+01,0.000000000000000000e+00
2.570105006432690971e+03,2.640093512397312026e+01,2.471666952299433717e+01,0.000000000000000000e+00
2.572105088149759922e+03,2.640460853456477963e+01,2.471857024243288947e+01,0.000000000000000000e+00
2.574105169866827964e+03,2.640827751365095111e+01,2.472046948019010415e+01,0.000000000000000000e+00
2.576105251583896006e+03,2.641194205776628934e+01,2.472236723857503193e+01,0.000000000000000000e+00
2.578105333300964958e+03,2.641560216344973000e+01,2.472426351989132343e+01,0.000000000000000000e+00
2.580105415018033000e+03,2.641925782724452887e+01,2.472615832643725753e+01,0.000000000000000000e+00
2.582105496735101042e+03,2.642290904569831156e+01,2.472805166050572723e+01,0.000000000000000000e+00
2.584105578452169084e+03,2.642655581536304865e+01,2.472994352438431775e+01,0.000000000000000000e+00
2.586105660169238035e+03,2.643019813279519070e+01,2.473183392035525685e+01,0.000000000000000000e+00
2.588105741886306078e+03,2.643383599455560073e+01,2.473372285069548582e+01,0.000000000000000000e+00
2.590105823603374120e+03,2.643746939720966083e+01,2.473561031767663110e+01,0.000000000000000000e+00
2.592105905320442162e+03,2.644109833732726855e+01,2.473749632356504691e+01,0.000000000000000000e+00
2.594105987037511113e+03,2.644472281148289028e+01,2.473938087062184366e+01,0.000000000000000000e+00
2.596106068754579155e+03,2.644834281625560024e+01,2.474126396110285242e+01,0.000000000000000000e+00
2.598106150471647197e+03,2.645195834822905923e+01,2.474314559725870311e+01,0.000000000000000000e+00
2.600106232188714785e+03,2.645556940399166024e+01,2.474502578133479602e+01,0.000000000000000000e+00
2.602106313905782827e+03,2.645917598013643968e+01,2.474690451557134452e+01,0.000000000000000000e+00
2.604106395622851778e+03,2.646277807326119103e+01,2.474878180220338209e+01,0.000000000000000000e+00
2.606106477339919820e+03,2.646637567996846840e+01,2.475065764346076236e+01,0.000000000000000000e+00
2.608106559056987862e+03,2.646996879686565052e+01,2.475253204156821596e+01,0.000000000000000000e+00
2.610106640774055904e+03,2.647355742056491934e+01,2.475440499874530076e+01,0.000000000000000000e+00
2.612106722491124856e+03,2.647714154768333827e+01,2.475627651720650135e+01,0.000000000000000000e+00
2.614106804208192898e+03,2.648072117484286991e+01,2.475814659916117222e+01,0.000000000000000000e+00
2.616106885925260940e+03,2.648429629867044000e+01,2.476001524681358035e+01,0.000000000000000000e+00
2.618106967642328982e+03,2.648786691579789121e+01,2.476188246236294077e+01,0.000000000000000000e+00
2.620107049359397024e+03,2.649143302286212887e+01,2.476374824800340235e+01,0.000000000000000000e+00
2.622107131076465976e+03,2.649499461650503918e+01,2.476561260592407621e+01,0.000000000000000000e+00
2.624107212793534018e+03,2.649855169337362071e+01,2.476747553830904991e+01,0.000000000000000000e+00
2.626107294510602969e+03,2.650210425011994886e+01,2.476933704733739461e+01,0.000000000000000000e+00
2.628107376227671011e+03,2.650565228340125046e+01,2.477119713518319344e+01,0.000000000000000000e+00
2.630107457944739053e+03,2.650919578987990022e+01,2.477305580401556995e+01,0.000000000000000000e+00
2.632107539661807095e+03,2.651273476622348824e+01,2.477491305599863836e+01,0.000000000000000000e+00
2.634107621378875137e+03,2.651626920910485907e+01,2.477676889329162435e+01,0.000000000000000000e+00
2.636107703095944089e+03,2.651979911520206912e+01,2.477862331804877272e+01,0.000000000000000000e+00
2.638107784813012131e+03,2.652332448119852160e+01,2.478047633241943259e+01,0.000000000000000000e+00
2.640107866530080173e+03,2.652684530378293104e+01,2.478232793854804328e+01,0.000000000000000000e+00
2.642107948247148215e+03,2.653036157964939079e+01,2.478417813857415553e+01,0.000000000000000000e+00
2.644108029964217167e+03,2.653387330549736944e+01,2.478602693463245998e+01,0.000000000000000000e+00
2.646108111681285209e+03,2.653738047803177125e+01,2.478787432885278008e+01,0.000000000000000000e+00
2.648108193398352796e+03,2.654088309396297163e+01,2.478972032336007913e+01,0.000000000000000000e+00
2.650108275115420838e+03,2.654438115000682075e+01,2.479156492027452430e+01,0.000000000000000000e+00
2.652108356832488880e+03,2.654787464288468968e+01,2.479340812171143682e+01,0.000000000000000000e+00
2.654108438549557832e+03,2.655136356932354857e+01,2.479524992978137021e+01,0.000000000000000000e+00
2.656108520266625874e+03,2.655484792605590982e+01,2.479709034659006051e+01,0.000000000000000000e+00
2.658108601983693916e+03,2.655832770981989910e+01,2.479892937423849020e+01,0.000000000000000000e+00
2.660108683700761958e+03,2.656180291735934063e+01,2.480076701482288826e+01,0.000000000000000000e+00
2.662108765417830909e+03,2.656527354542371100e+01,2.480260327043473723e+01,0.000000000000000000e+00
2.664108847134898951e+03,2.656873959076817826e+01,2.480443814316078743e+01,0.000000000000000000e+00
2.666108928851966994e+03,2.657220105015370848e+01,2.480627163508307831e+01,0.000000000000000000e+00
2.668109010569035036e+03,2.657565792034699825e+01,2.480810374827895970e+01,0.000000000000000000e+00
2.670109092286103987e+03,2.657911019812057063e+01,2.480993448482107766e+01,0.000000000000000000e+00
2.672109174003172029e+03,2.658255788025278932e+01,2.481176384677742419e+01,0.000000000000000000e+00
2.674109255720240071e+03,2.658600096352788000e+01,2.481359183621132303e+01,0.000000000000000000e+00
2.676109337437309023e+03,2.658943944473598009e+01,2.481541845518146516e+01,0.000000000000000000e+00
2.678109419154377065e+03,2.659287332067313869e+01,2.481724370574190175e+01,0.000000000000000000e+00
2.680109500871445107e+03,2.659630258814138060e+01,2.481906758994207962e+01,0.000000000000000000e+00
2.682109582588513149e+03,2.659972724394873111e+01,2.482089010982683419e+01,0.000000000000000000e+00
2.684109664305581191e+03,2.660314728490920899e+01,2.482271126743641787e+01,0.000000000000000000e+00
2.686109746022650143e+03,2.660656270784291166e+01,2.482453106480651428e+01,0.000000000000000000e+00
2.688109827739718185e+03,2.660997350957600105e+01,2.482634950396823115e+01,0.000000000000000000e+00
2.690109909456786227e+03,2.661337968694079947e+01,2.482816658694814294e+01,0.000000000000000000e+00
2.692109991173853814e+03,2.661678123677570085e+01,2.482998231576829085e+01,0.000000000000000000e+00
2.694110072890923220e+03,2.662017815592533054e+01,2.483179669244618992e+01,0.000000000000000000e+00
2.696110154607990808e+03,2.662357044124048855e+01,2.483360971899484326e+01,0.000000000000000000e+00
2.698110236325058850e+03,2.662695808957823118e+01,2.483542139742279176e+01,0.000000000000000000e+00
2.700110318042126892e+03,2.663034109780184977e+01,2.483723172973406434e+01,0.000000000000000000e+00
2.702110399759194934e+03,2.663371946278095947e+01,2.483904071792823487e+01,0.000000000000000000e+00
2.704110481476263885e+03,2.663709318139148863e+01,2.484084836400042207e+01,0.000000000000000000e+00
2.706110563193331927e+03,2.664046225051570005e+01,2.484265466994131089e+01,0.000000000000000000e+00
2.708110644910399969e+03,2.664382666704226921e+01,2.484445963773715249e+01,0.000000000000000000e+00
2.710110726627468011e+03,2.664718642786625935e+01,2.484626326936979268e+01,0.000000000000000000e+00
2.712110808344536963e+03,2.665054152988918901e+01,2.484806556681667189e+01,0.000000000000000000e+00
2.714110890061605005e+03,2.665389197001903909e+01,2.484986653205084650e+01,0.000000000000000000e+00
2.716110971778673957e+03,2.665723774517029909e+01,2.485166616704099596e+01,0.000000000000000000e+00
2.718111053495741999e+03,2.666057885226398128e+01,2.485346447375143697e+01,0.000000000000000000e+00
2.720111135212810041e+03,2.666391528822764911e+01,2.485526145414213772e+01,0.000000000000000000e+00
2.722111216929878083e+03,2.666724704999547058e+01,2.485705711016873920e+01,0.000000000000000000e+00
2.724111298646946125e+03,2.667057413450821102e+01,2.485885144378255518e+01,0.000000000000000000e+00
2.726111380364015076e+03,2.667389653871330069e+01,2.486064445693057223e+01,0.000000000000000000e+00
2.728111462081083118e+03,2.667721425956483117e+01,2.486243615155550657e+01,0.000000000000000000e+00
2.730111543798151160e+03,2.668052729402358025e+01,2.486422652959578272e+01,0.000000000000000000e+00
2.732111625515219202e+03,2.668383563905707945e+01,2.486601559298553354e+01,0.000000000000000000e+00
2.734111707232288154e+03,2.668713929163962106e+01,2.486780334365465706e+01,0.000000000000000000e+00
2.736111788949356196e+03,2.669043824875226889e+01,2.486958978352879512e+01,0.000000000000000000e+00
2.738111870666423783e+03,2.669373250738289016e+01,2.487137491452934057e+01,0.000000000000000000e+00
2.740111952383491825e+03,2.669702206452625148e+01,2.487315873857348691e+01,0.000000000000000000e+00
2.742112034100559868e+03,2.670030691718391935e+01,2.487494125757421415e+01,0.000000000000000000e+00
2.744112115817628819e+03,2.670358706236440938e+01,2.487672247344028875e+01,0.000000000000000000e+00
2.746112197534696861e+03,2.670686249708315074e+01,2.487850238807629921e+01,0.000000000000000000e+00
2.748112279251764903e+03,2.671013321836252175e+01,2.488028100338267024e+01,0.000000000000000000e+00
2.750112360968832945e+03,2.671339922323188887e+01,2.488205832125565564e+01,0.000000000000000000e+00
2.752112442685900987e+03,2.671666050872764941e+01,2.488383434358736679e+01,0.000000000000000000e+00
2.754112524402969939e+03,2.671991707189319953e+01,2.488560907226576546e+01,0.000000000000000000e+00
2.756112606120037981e+03,2.672316890977903014e+01,2.488738250917470651e+01,0.000000000000000000e+00
2.758112687837106023e+03,2.672641601944271983e+01,2.488915465619391654e+01,0.000000000000000000e+00
2.760112769554174974e+03,2.672965839794898102e+01,2.489092551519903651e+01,0.000000000000000000e+00
2.762112851271243017e+03,2.673289604236964934e+01,2.489269508806161468e+01,0.000000000000000000e+00
2.764112932988311059e+03,2.673612894978374044e+01,2.489446337664910658e+01,0.000000000000000000e+00
2.766113014705380010e+03,2.673935711727749975e+01,2.489623038282491763e+01,0.000000000000000000e+00
2.768113096422448052e+03,2.674258054194438117e+01,2.489799610844839606e+01,0.000000000000000000e+00
2.770113178139516094e+03,2.674579922088510031e+01,2.489976055537485422e+01,0.000000000000000000e+00
2.772113259856584136e+03,2.674901315120764878e+01,2.490152372545557569e+01,0.000000000000000000e+00
2.774113341573652178e+03,2.675222233002735095e+01,2.490328562053780814e+01,0.000000000000000000e+00
2.776113423290721130e+03,2.675542675446683916e+01,2.490504624246481313e+01,0.000000000000000000e+00
2.778113505007789172e+03,2.675862642165613892e+01,2.490680559307584474e+01,0.000000000000000000e+00
2.780113586724857214e+03,2.676182132873265118e+01,2.490856367420617801e+01,0.000000000000000000e+00
2.782113668441924801e+03,2.676501147284119142e+01,2.491032048768711604e+01,0.000000000000000000e+00
2.784113750158994208e+03,2.676819685113403935e+01,2.491207603534601134e+01,0.000000000000000000e+00
2.786113831876061795e+03,2.677137746077092118e+01,2.491383031900623735e+01,0.000000000000000000e+00
2.788113913593129837e+03,2.677455329891906999e+01,2.491558334048727374e+01,0.000000000000000000e+00
2.790113995310197879e+03,2.677772436275323997e+01,2.491733510160463538e+01,0.000000000000000000e+00
2.792114077027265921e+03,2.678089064945575970e+01,2.491908560416993623e+01,0.000000000000000000e+00
2.794114158744334873e+03,2.678405215621648949e+01,2.492083484999089649e+01,0.000000000000000000e+00
2.796114240461402915e+03,2.678720888023292090e+01,2.492258284087132125e+01,0.000000000000000000e+00
2.798114322178470957e+03,2.679036081871015895e+01,2.492432957861115739e+01,0.000000000000000000e+00
2.800114403895538999e+03,2.679350796886096830e+01,2.492607506500647219e+01,0.000000000000000000e+00
2.802114485612607041e+03,2.679665032790580881e+01,2.492781930184946759e+01,0.000000000000000000e+00
2.804114567329675992e+03,2.679978789307279996e+01,2.492956229092850862e+01,0.000000000000000000e+00
2.806114649046744034e+03,2.680292066159784170e+01,2.493130403402811623e+01,0.000000000000000000e+00
2.808114730763812986e+03,2.680604863072456112e+01,2.493304453292897449e+01,0.000000000000000000e+00
2.810114812480881028e+03,2.680917179770436931e+01,2.493478378940798024e+01,0.000000000000000000e+00
2.812114894197949070e+03,2.681229015979650043e+01,2.493652180523820761e+01,0.000000000000000000e+00
2.814114975915017112e+03,2.681540371426799041e+01,2.493825858218892932e+01,0.000000000000000000e+00
2.816115057632086064e+03,2.681851245839376929e+01,2.493999412202565225e+01,0.000000000000000000e+00
2.818115139349154106e+03,2.682161638945661863e+01,2.494172842651010313e+01,0.000000000000000000e+00
2.820115221066222148e+03,2.682471550474724964e+01,2.494346149740025709e+01,0.000000000000000000e+00
2.822115302783290190e+03,2.682780980156428896e+01,2.494519333645031622e+01,0.000000000000000000e+00
2.824115384500357777e+03,2.683089927721433909e+01,2.494692394541077363e+01,0.000000000000000000e+00
2.826115466217427183e+03,2.683398392901196061e+01,2.494865332602836361e+01,0.000000000000000000e+00
2.828115547934495225e+03,2.683706375427975033e+01,2.495038148004611855e+01,0.000000000000000000e+00
2.830115629651562813e+03,2.684013875034830932e+01,2.495210840920336892e+01,0.000000000000000000e+00
2.832115711368630855e+03,2.684320891455631042e+01,2.495383411523572192e+01,0.000000000000000000e+00
2.834115793085699806e+03,2.684627424425050890e+01,2.495555859987513259e+01,0.000000000000000000e+00
2.836115874802767848e+03,2.684933473678576021e+01,2.495728186484984690e+01,0.000000000000000000e+00
2.838115956519835891e+03,2.685239038952505908e+01,2.495900391188445866e+01,0.000000000000000000e+00
2.840116038236903933e+03,2.685544119983952882e+01,2.496072474269991659e+01,0.000000000000000000e+00
2.842116119953971975e+03,2.685848716510852086e+01,2.496244435901350300e+01,0.000000000000000000e+00
2.844116201671040926e+03,2.686152828271952941e+01,2.496416276253888356e+01,0.000000000000000000e+00
2.846116283388108968e+03,2.686456455006831945e+01,2.496587995498608592e+01,0.000000000000000000e+00
2.848116365105177010e+03,2.686759596455889110e+01,2.496759593806152111e+01,0.000000000000000000e+00
2.850116446822245962e+03,2.687062252360351877e+01,2.496931071346801190e+01,0.000000000000000000e+00
2.852116528539314004e+03,2.687364422462277957e+01,2.497102428290477860e+01,0.000000000000000000e+00
2.854116610256382046e+03,2.687666106504558172e+01,2.497273664806744620e+01,0.000000000000000000e+00
2.856116691973450088e+03,2.687967304230916099e+01,2.497444781064807273e+01,0.000000000000000000e+00
2.858116773690519040e+03,2.688268015385911980e+01,2.497615777233516354e+01,0.000000000000000000e+00
2.860116855407587082e+03,2.688568239714949826e+01,2.497786653481365704e+01,0.000000000000000000e+00
2.862116937124655124e+03,2.688867976964271023e+01,2.497957409976494603e+01,0.000000000000000000e+00
2.864117018841723166e+03,2.689167226880961081e+01,2.498128046886689901e+01,0.000000000000000000e+00
2.866117100558792117e+03,2.689465989212956032e+01,2.498298564379384601e+01,0.000000000000000000e+00
2.868117182275860159e+03,2.689764263709036030e+01,2.498468962621662115e+01,0.000000000000000000e+00
2.870117263992928201e+03,2.690062050118833881e+01,2.498639241780254139e+01,0.000000000000000000e+00
2.872117345709995789e+03,2.690359348192836109e+01,2.498809402021542780e+01,0.000000000000000000e+00
2.874117427427063831e+03,2.690656157682386151e+01,2.498979443511562692e+01,0.000000000000000000e+00
2.876117509144132782e+03,2.690952478339684006e+01,2.499149366415998941e+01,0.000000000000000000e+00
2.878117590861200824e+03,2.691248309917789072e+01,2.499319170900191978e+01,0.000000000000000000e+00
2.880117672578268866e+03,2.691543652170625833e+01,2.499488857129136932e+01,0.000000000000000000e+00
2.882117754295336908e+03,2.691838504852981018e+01,2.499658425267481476e+01,0.000000000000000000e+00
2.884117836012405860e+03,2.692132867720511058e+01,2.499827875479532935e+01,0.000000000000000000e+00
2.886117917729473902e+03,2.692426740529741025e+01,2.499997207929254017e+01,0.000000000000000000e+00
2.888117999446541944e+03,2.692720123038064983e+01,2.500166422780265663e+01,0.000000000000000000e+00
2.890118081163609986e+03,2.693013015003754873e+01,2.500335520195849170e+01,0.000000000000000000e+00
2.892118162880678028e+03,2.693305416185956958e+01,2.500504500338945491e+01,0.000000000000000000e+00
2.894118244597746980e+03,2.693597326344696086e+01,2.500673363372155222e+01,0.000000000000000000e+00
2.896118326314815022e+03,2.693888745240877824e+01,2.500842109457742168e+01,0.000000000000000000e+00
2.898118408031883973e+03,2.694179672636289880e+01,2.501010738757634044e+01,0.000000000000000000e+00
2.900118489748952015e+03,2.694470108293606003e+01,2.501179251433420347e+01,0.000000000000000000e+00
2.902118571466020057e+03,2.694760051976388127e+01,2.501347647646357331e+01,0.000000000000000000e+00
2.904118653183088099e+03,2.695049503449084938e+01,2.501515927557365160e+01,0.000000000000000000e+00
2.906118734900156142e+03,2.695338462477038988e+01,2.501684091327031467e+01,0.000000000000000000e+00
2.908118816617225093e+03,2.695626928826485980e+01,2.501852139115612772e+01,0.000000000000000000e+00
2.910118898334293135e+03,2.695914902264557966e+01,2.502020071083031638e+01,0.000000000000000000e+00
2.912118980051361177e+03,2.696202382559285837e+01,2.502187887388881649e+01,0.000000000000000000e+00
2.914119061768429219e+03,2.696489369479598963e+01,2.502355588192426694e+01,0.000000000000000000e+00
2.916119143485498171e+03,2.696775862795330880e+01,2.502523173652600263e+01,0.000000000000000000e+00
2.918119225202566213e+03,2.697061862277220001e+01,2.502690643928011127e+01,0.000000000000000000e+00
2.920119306919633800e+03,2.697347367696911036e+01,2.502857999176936943e+01,0.000000000000000000e+00
2.922119388636701842e+03,2.697632378826957122e+01,2.503025239557332782e+01,0.000000000000000000e+00
2.924119470353769884e+03,2.697916895440823026e+01,2.503192365226827576e+01,0.000000000000000000e+00
2.926119552070838836e+03,2.698200917312886915e+01,2.503359376342724119e+01,0.000000000000000000e+00
2.928119633787906878e+03,2.698484444218443912e+01,2.503526273062004748e+01,0.000000000000000000e+00
2.930119715504974920e+03,2.698767475933702897e+01,2.503693055541327794e+01,0.000000000000000000e+00
2.932119797222042962e+03,2.699050012235796103e+01,2.503859723937028292e+01,0.000000000000000000e+00
2.934119878939111913e+03,2.699332052902774137e+01,2.504026278405124373e+01,0.000000000000000000e+00
2.936119960656179956e+03,2.699613597713614865e+01,2.504192719101311582e+01,0.000000000000000000e+00
2.938120042373247998e+03,2.699894646448219149e+01,2.504359046180966430e+01,0.000000000000000000e+00
2.940120124090316040e+03,2.700175198887416883e+01,2.504525259799147818e+01,0.000000000000000000e+00
2.942120205807384991e+03,2.700455254812968064e+01,2.504691360110598453e+01,0.000000000000000000e+00
2.944120287524453033e+03,2.700734814007565987e+01,2.504857347269743428e+01,0.000000000000000000e+00
2.946120369241521075e+03,2.701013876254834045e+01,2.505023221430691649e+01,0.000000000000000000e+00
2.948120450958590027e+03,2.701292441339337103e+01,2.505188982747239379e+01,0.000000000000000000e+00
2.950120532675658069e+03,2.701570509046574031e+01,2.505354631372867402e+01,0.000000000000000000e+00
2.952120614392726111e+03,2.701848079162985883e+01,2.505520167460743153e+01,0.000000000000000000e+00
2.954120696109794153e+03,2.702125151475955889e+01,2.505685591163724979e+01,0.000000000000000000e+00
2.956120777826862195e+03,2.702401725773810881e+01,2.505850902634356459e+01,0.000000000000000000e+00
2.958120859543931147e+03,2.702677801845825911e+01,2.506016102024872083e+01,0.000000000000000000e+00
2.960120941260999189e+03,2.702953379482221052e+01,2.506181189487197969e+01,0.000000000000000000e+00
2.962121022978066776e+03,2.703228458474169926e+01,2.506346165172948304e+01,0.000000000000000000e+00
2.964121104695134818e+03,2.703503038613795084e+01,2.506511029233433163e+01,0.000000000000000000e+00
2.966121186412204224e+03,2.703777119694177955e+01,2.506675781819652826e+01,0.000000000000000000e+00
2.968121268129271812e+03,2.704050701509352095e+01,2.506840423082303460e+01,0.000000000000000000e+00
2.970121349846339854e+03,2.704323783854311003e+01,2.507004953171773565e+01,0.000000000000000000e+00
2.972121431563407896e+03,2.704596366525008122e+01,2.507169372238148242e+01,0.000000000000000000e+00
2.974121513280475938e+03,2.704868449318360035e+01,2.507333680431209189e+01,0.000000000000000000e+00
2.976121594997544889e+03,2.705140032032245045e+01,2.507497877900433281e+01,0.000000000000000000e+00
2.978121676714612931e+03,2.705411114465510991e+01,2.507661964794998966e+01,0.000000000000000000e+00
2.980121758431680973e+03,2.705681696417969917e+01,2.507825941263779868e+01,0.000000000000000000e+00
2.982121840148749015e+03,2.705951777690405891e+01,2.507989807455349762e+01,0.000000000000000000e+00
2.984121921865817967e+03,2.706221358084576067e+01,2.508153563517983287e+01,0.000000000000000000e+00
2.986122003582886009e+03,2.706490437403208915e+01,2.508317209599658071e+01,0.000000000000000000e+00
2.988122085299954051e+03,2.706759015450009898e+01,2.508480745848049054e+01,0.000000000000000000e+00
2.990122167017023003e+03,2.707027092029661119e+01,2.508644172410539142e+01,0.000000000000000000e+00
2.992122248734091045e+03,2.707294666947824879e+01,2.508807489434209970e+01,0.000000000000000000e+00
2.994122330451159087e+03,2.707561740011145091e+01,2.508970697065851141e+01,0.000000000000000000e+00
2.996122412168227129e+03,2.707828311027249057e+01,2.509133795451955251e+01,0.000000000000000000e+00
2.998122493885296080e+03,2.708094379804748897e+01,2.509296784738722152e+01,0.000000000000000000e+00
3.000122575602364122e+03,2.708359946153242959e+01,2.509459665072056112e+01,0.000000000000000000e+00
3.002122657319432165e+03,2.708625009883317958e+01,2.509622436597572204e+01,0.000000000000000000e+00
3.004122739036500207e+03,2.708889570806555014e+01,2.509785099460589919e+01,0.000000000000000000e+00
3.006122820753567794e+03,2.709153628735523966e+01,2.509947653806141687e+01,0.000000000000000000e+00
3.008122902470637200e+03,2.709417183483790126e+01,2.510110099778967196e+01,0.000000000000000000e+00
3.010122984187704787e+03,2.709680234865916049e+01,2.510272437523516942e+01,0.000000000000000000e+00
3.012123065904772830e+03,2.709942782697461894e+01,2.510434667183953650e+01,0.000000000000000000e+00
3.014123147621840872e+03,2.710204826794986843e+01,2.510596788904150856e+01,0.000000000000000000e+00
3.016123229338909823e+03,2.710466366976051944e+01,2.510758802827696456e+01,0.000000000000000000e+00
3.018123311055977865e+03,2.710727403059224017e+01,2.510920709097890580e+01,0.000000000000000000e+00
3.020123392773045907e+03,2.710987934864072102e+01,2.511082507857749135e+01,0.000000000000000000e+00
3.022123474490113949e+03,2.711247962211174922e+01,2.511244199250002396e+01,0.000000000000000000e+00
3.024123556207181991e+03,2.711507484922118039e+01,2.511405783417095705e+01,0.000000000000000000e+00
3.026123637924250943e+03,2.711766502819499891e+01,2.511567260501193743e+01,0.000000000000000000e+00
3.028123719641318985e+03,2.712025015726927890e+01,2.511728630644175553e+01,0.000000000000000000e+00
3.030123801358387027e+03,2.712283023469029075e+01,2.511889893987639510e+01,0.000000000000000000e+00
3.032123883075455979e+03,2.712540525871441943e+01,2.512051050672903330e+01,0.000000000000000000e+00
3.034123964792524021e+03,2.712797522760823909e+01,2.512212100841005480e+01,0.000000000000000000e+00
3.036124046509592063e+03,2.713054013964852018e+01,2.512373044632700925e+01,0.000000000000000000e+00
3.038124128226660105e+03,2.713309999312226850e+01,2.512533882188469647e+01,0.000000000000000000e+00
3.040124209943729056e+03,2.713565478632667904e+01,2.512694613648512387e+01,0.000000000000000000e+00
3.042124291660797098e+03,2.713820451756922125e+01,2.512855239152752063e+01,0.000000000000000000e+00
3.044124373377865140e+03,2.714074918516762835e+01,2.513015758840834479e+01,0.000000000000000000e+00
3.046124455094933182e+03,2.714328878744991158e+01,2.513176172852130463e+01,0.000000000000000000e+00
3.048124536812002134e+03,2.714582332275437082e+01,2.513336481325735861e+01,0.000000000000000000e+00
3.050124618529070176e+03,2.714835278942963015e+01,2.513496684400470826e+01,0.000000000000000000e+00
3.052124700246138218e+03,2.715087718583464849e+01,2.513656782214881957e+01,0.000000000000000000e+00
3.054124781963205805e+03,2.715339651033875157e+01,2.513816774907244422e+01,0.000000000000000000e+00
3.056124863680273847e+03,2.715591076132157866e+01,2.513976662615558411e+01,0.000000000000000000e+00
3.058124945397342799e+03,2.715841993717321046e+01,2.514136445477555526e+01,0.000000000000000000e+00
3.060125027114410841e+03,2.716092403629410867e+01,2.514296123630693813e+01,0.000000000000000000e+00
3.062125108831478883e+03,2.716342305709513028e+01,2.514455697212162022e+01,0.000000000000000000e+00
3.064125190548546925e+03,2.716591699799759141e+01,2.514615166358881027e+01,0.000000000000000000e+00
3.066125272265615877e+03,2.716840585743324965e+01,2.514774531207500274e+01,0.000000000000000000e+00
3.068125353982683919e+03,2.717088963384432176e+01,2.514933791894402759e+01,0.000000000000000000e+00
3.070125435699751961e+03,2.717336832568351923e+01,2.515092948555702890e+01,0.000000000000000000e+00
3.072125517416820003e+03,2.717584193141404825e+01,2.515252001327250753e+01,0.000000000000000000e+00
3.074125599133888045e+03,2.717831044950963104e+01,2.515410950344628560e+01,0.000000000000000000e+00
3.076125680850956996e+03,2.718077387845450943e+01,2.515569795743152781e+01,0.000000000000000000e+00
3.078125762568025038e+03,2.718323221674350165e+01,2.515728537657876984e+01,0.000000000000000000e+00
3.080125844285093990e+03,2.718568546288194909e+01,2.515887176223588995e+01,0.000000000000000000e+00
3.082125926002162032e+03,2.718813361538580864e+01,2.516045711574815158e+01,0.000000000000000000e+00
3.084126007719230074e+03,2.719057667278161006e+01,2.516204143845818919e+01,0.000000000000000000e+00
3.086126089436298116e+03,2.719301463360651994e+01,2.516362473170600111e+01,0.000000000000000000e+00
3.088126171153367068e+03,2.719544749640828130e+01,2.516520699682899931e+01,0.000000000000000000e+00
3.090126252870435110e+03,2.719787525974534859e+01,2.516678823516198094e+01,0.000000000000000000e+00
3.092126334587503152e+03,2.720029792218678111e+01,2.516836844803712836e+01,0.000000000000000000e+00
3.094126416304571194e+03,2.720271548231233893e+01,2.516994763678406599e+01,0.000000000000000000e+00
3.096126498021638781e+03,2.720512793871246160e+01,2.517152580272980344e+01,0.000000000000000000e+00
3.098126579738708188e+03,2.720753528998830006e+01,2.517310294719879238e+01,0.000000000000000000e+00
3.100126661455775775e+03,2.720993753475170962e+01,2.517467907151289097e+01,0.000000000000000000e+00
3.102126743172843817e+03,2.721233467162531028e+01,2.517625417699142076e+01,0.000000000000000000e+00
3.104126824889911859e+03,2.721472669924245125e+01,2.517782826495112403e+01,0.000000000000000000e+00
3.106126906606979901e+03,2.721711361624725001e+01,2.517940133670619929e+01,0.000000000000000000e+00
3.108126988324048853e+03,2.721949542129461008e+01,2.518097339356830844e+01,0.000000000000000000e+00
3.110127070041116895e+03,2.722187211305023880e+01,2.518254443684654831e+01,0.000000000000000000e+00
3.112127151758184937e+03,2.722424369019064017e+01,2.518411446784752172e+01,0.000000000000000000e+00
3.114127233475252979e+03,2.722661015140316110e+01,2.518568348787526645e+01,0.000000000000000000e+00
3.116127315192321930e+03,2.722897149538597006e+01,2.518725149823134757e+01,0.000000000000000000e+00
3.118127396909389972e+03,2.723132772084811037e+01,2.518881850021476509e+01,0.000000000000000000e+00
3.120127478626458014e+03,2.723367882650950023e+01,2.519038449512206057e+01,0.000000000000000000e+00
3.122127560343526966e+03,2.723602481110091134e+01,2.519194948424723890e+01,0.000000000000000000e+00
3.124127642060595008e+03,2.723836567336406134e+01,2.519351346888183940e+01,0.000000000000000000e+00
3.126127723777663050e+03,2.724070141205152851e+01,2.519507645031490739e+01,0.000000000000000000e+00
3.128127805494731092e+03,2.724303202592689033e+01,2.519663842983300128e+01,0.000000000000000000e+00
3.130127887211800044e+03,2.724535751376459913e+01,2.519819940872020680e+01,0.000000000000000000e+00
3.132127968928868086e+03,2.724767787435011002e+01,2.519975938825815120e+01,0.000000000000000000e+00
3.134128050645936128e+03,2.724999310647983108e+01,2.520131836972599615e+01,0.000000000000000000e+00
3.136128132363004170e+03,2.725230320896115899e+01,2.520287635440043061e+01,0.000000000000000000e+00
3.138128214080073121e+03,2.725460818061252155e+01,2.520443334355573484e+01,0.000000000000000000e+00
3.140128295797141163e+03,2.725690802026331028e+01,2.520598933846370926e+01,0.000000000000000000e+00
3.142128377514209205e+03,2.725920272675397982e+01,2.520754434039373137e+01,0.000000000000000000e+00
3.144128459231276793e+03,2.726149229893601955e+01,2.520909835061276283e+01,0.000000000000000000e+00
3.146128540948344835e+03,2.726377673567198912e+01,2.521065137038531390e+01,0.000000000000000000e+00
3.148128622665413786e+03,2.726605603583548998e+01,2.521220340097350743e+01,0.000000000000000000e+00
3.150128704382481828e+03,2.726833019831125071e+01,2.521375444363702911e+01,0.000000000000000000e+00
3.152128786099549870e+03,2.727059922199504882e+01,2.521530449963317011e+01,0.000000000000000000e+00
3.154128867816617912e+03,2.727286310579381023e+01,2.521685357021682705e+01,0.000000000000000000e+00
3.156128949533686864e+03,2.727512184862559153e+01,2.521840165664050204e+01,0.000000000000000000e+00
3.158129031250754906e+03,2.727737544941955150e+01,2.521994876015430265e+01,0.000000000000000000e+00
3.160129112967822948e+03,2.727962390711604002e+01,2.522149488200596323e+01,0.000000000000000000e+00
3.162129194684890990e+03,2.728186722066654823e+01,2.522304002344083784e+01,0.000000000000000000e+00
3.164129276401959032e+03,2.728410538903376903e+01,2.522458418570192151e+01,0.000000000000000000e+00
3.166129358119027984e+03,2.728633841119157921e+01,2.522612737002982897e+01,0.000000000000000000e+00
3.168129439836096026e+03,2.728856628612505020e+01,2.522766957766284435e+01,0.000000000000000000e+00
3.170129521553164977e+03,2.729078901283049063e+01,2.522921080983687858e+01,0.000000000000000000e+00
3.172129603270233019e+03,2.729300659031543930e+01,2.523075106778550492e+01,0.000000000000000000e+00
3.174129684987301061e+03,2.729521901759866154e+01,2.523229035273995891e+01,0.000000000000000000e+00
3.176129766704369104e+03,2.729742629371020968e+01,2.523382866592913842e+01,0.000000000000000000e+00
3.178129848421437146e+03,2.729962841769139104e+01,2.523536600857962497e+01,0.000000000000000000e+00
3.180129930138506097e+03,2.730182538859481056e+01,2.523690238191566948e+01,0.000000000000000000e+00
3.182130011855574139e+03,2.730401720548433886e+01,2.523843778715921360e+01,0.000000000000000000e+00
3.184130093572642181e+03,2.730620386743521166e+01,2.523997222552987552e+01,0.000000000000000000e+00
3.186130175289710223e+03,2.730838537353394102e+01,2.524150569824498547e+01,0.000000000000000000e+00
3.188130257006779175e+03,2.731056172287837924e+01,2.524303820651957864e+01,0.000000000000000000e+00
3.190130338723847217e+03,2.731273291457776153e+01,2.524456975156637384e+01,0.000000000000000000e+00
3.192130420440914804e+03,2.731489894775264915e+01,2.524610033459583747e+01,0.000000000000000000e+00
3.194130502157982846e+03,2.731705982153497914e+01,2.524762995681612665e+01,0.000000000000000000e+00
3.196130583875050888e+03,2.731921553506809985e+01,2.524915861943313899e+01,0.000000000000000000e+00
3.198130665592119840e+03,2.732136608750672835e+01,2.525068632365049837e+01,0.000000000000000000e+00
3.200130747309187882e+03,2.732351147801701075e+01,2.525221307066956200e+01,0.000000000000000000e+00
3.202130829026255924e+03,2.732565170577650093e+01,2.525373886168943471e+01,0.000000000000000000e+00
3.204130910743323966e+03,2.732778676997419964e+01,2.525526369790696180e+01,0.000000000000000000e+00
3.206130992460392918e+03,2.732991666981054024e+01,2.525678758051676454e+01,0.000000000000000000e+00
3.208131074177460960e+03,2.733204140449743846e+01,2.525831051071118338e+01,0.000000000000000000e+00
3.210131155894529002e+03,2.733416097325827110e+01,2.525983248968036321e+01,0.000000000000000000e+00
3.212131237611597044e+03,2.733627537532786889e+01,2.526135351861218936e+01,0.000000000000000000e+00
3.214131319328665995e+03,2.733838460995259823e+01,2.526287359869234450e+01,0.000000000000000000e+00
3.216131401045734037e+03,2.734048867639031144e+01,2.526439273110428019e+01,0.000000000000000000e+00
3.218131482762802079e+03,2.734258757391037165e+01,2.526591091702924530e+01,0.000000000000000000e+00
3.220131564479871031e+03,2.734468130179368828e+01,2.526742815764627181e+01,0.000000000000000000e+00
3.222131646196939073e+03,2.734676985933269933e+01,2.526894445413218193e+01,0.000000000000000000e+00
3.224131727914007115e+03,2.734885324583139976e+01,2.527045980766162359e+01,0.000000000000000000e+00
3.226131809631075157e+03,2.735093146060535929e+01,2.527197421940704203e+01,0.000000000000000000e+00
3.228131891348143199e+03,2.735300450298169039e+01,2.527348769053869404e+01,0.000000000000000000e+00
3.230131973065212151e+03,2.735507237229914068e+01,2.527500022222465503e+01,0.000000000000000000e+00
3.232132054782280193e+03,2.735713506790800054e+01,2.527651181563082616e+01,0.000000000000000000e+00
3.234132136499347780e+03,2.735919258917020969e+01,2.527802247192095564e+01,0.000000000000000000e+00
3.236132218216415822e+03,2.736124493545932879e+01,2.527953219225661030e+01,0.000000000000000000e+00
3.238132299933484774e+03,2.736329210616051100e+01,2.528104097779718984e+01,0.000000000000000000e+00
3.240132381650552816e+03,2.736533410067060146e+01,2.528254882969996942e+01,0.000000000000000000e+00
3.242132463367620858e+03,2.736737091839804847e+01,2.528405574912005704e+01,0.000000000000000000e+00
3.244132545084688900e+03,2.736940255876302075e+01,2.528556173721041489e+01,0.000000000000000000e+00
3.246132626801756942e+03,2.737142902119731147e+01,2.528706679512187350e+01,0.000000000000000000e+00
3.248132708518825893e+03,2.737345030514442001e+01,2.528857092400313888e+01,0.000000000000000000e+00
3.250132790235893935e+03,2.737546641005954839e+01,2.529007412500077834e+01,0.000000000000000000e+00
3.252132871952961978e+03,2.737747733540960837e+01,2.529157639925923462e+01,0.000000000000000000e+00
3.254132953670030020e+03,2.737948308067320013e+01,2.529307774792085439e+01,0.000000000000000000e+00
3.256133035387098971e+03,2.738148364534069046e+01,2.529457817212585269e+01,0.000000000000000000e+00
3.258133117104167013e+03,2.738347902891417007e+01,2.529607767301235555e+01,0.000000000000000000e+00
3.260133198821235055e+03,2.738546923090746077e+01,2.529757625171636448e+01,0.000000000000000000e+00
3.262133280538304007e+03,2.738745425084616869e+01,2.529907390937181333e+01,0.000000000000000000e+00
3.264133362255372049e+03,2.738943408826764880e+01,2.530057064711052561e+01,0.000000000000000000e+00
3.266133443972440091e+03,2.739140874272106885e+01,2.530206646606225007e+01,0.000000000000000000e+00
3.268133525689508133e+03,2.739337821376735960e+01,2.530356136735464645e+01,0.000000000000000000e+00
3.270133607406577084e+03,2.739534250097923973e+01,2.530505535211329970e+01,0.000000000000000000e+00
3.272133689123645127e+03,2.739730160394127978e+01,2.530654842146174133e+01,0.000000000000000000e+00
3.274133770840713169e+03,2.739925552224984884e+01,2.530804057652142092e+01,0.000000000000000000e+00
3.276133852557781211e+03,2.740120425551312167e+01,2.530953181841172750e+01,0.000000000000000000e+00
3.278133934274848798e+03,2.740314780335116041e+01,2.531102214825001084e+01,0.000000000000000000e+00
3.280134015991918204e+03,2.740508616539585063e+01,2.531251156715155304e+01,0.000000000000000000e+00
3.282134097708985792e+03,2.740701934129092976e+01,2.531400007622960402e+01,0.000000000000000000e+00
3.284134179426053834e+03,2.740894733069201905e+01,2.531548767659536736e+01,0.000000000000000000e+00
3.286134261143121876e+03,2.741087013326663069e+01,2.531697436935800738e+01,0.000000000000000000e+00
3.288134342860190827e+03,2.741278774869413937e+01,2.531846015562467045e+01,0.000000000000000000e+00
3.290134424577258869e+03,2.741470017666583914e+01,2.531994503650047790e+01,0.000000000000000000e+00
3.292134506294326911e+03,2.741660741688490077e+01,2.532142901308851890e+01,0.000000000000000000e+00
3.294134588011394953e+03,2.741850946906646058e+01,2.532291208648987180e+01,0.000000000000000000e+00
3.296134669728462995e+03,2.742040633293753871e+01,2.532439425780361830e+01,0.000000000000000000e+00
3.298134751445531947e+03,2.742229800823709951e+01,2.532587552812681508e+01,0.000000000000000000e+00
3.300134833162599989e+03,2.742418449471608000e+01,2.532735589855452929e+01,0.000000000000000000e+00
3.302134914879668031e+03,2.742606579213734008e+01,2.532883537017982434e+01,0.000000000000000000e+00
3.304134996596736983e+03,2.742794190027570167e+01,2.533031394409378834e+01,0.000000000000000000e+00
3.306135078313805025e+03,2.742981281891798062e+01,2.533179162138551277e+01,0.000000000000000000e+00
3.308135160030873067e+03,2.743167854786296900e+01,2.533326840314210671e+01,0.000000000000000000e+00
3.310135241747941109e+03,2.743353908692144927e+01,2.533474429044870391e+01,0.000000000000000000e+00
3.312135323465010060e+03,2.743539443591618010e+01,2.533621928438847704e+01,0.000000000000000000e+00
3.314135405182078102e+03,2.743724459468193899e+01,2.533769338604261634e+01,0.000000000000000000e+00
3.316135486899146144e+03,2.743908956306555069e+01,2.533916659649035807e+01,0.000000000000000000e+00
3.318135568616214186e+03,2.744092934092581970e+01,2.534063891680898450e+01,0.000000000000000000e+00
3.320135650333283138e+03,2.744276392813360843e+01,2.534211034807382390e+01,0.000000000000000000e+00
3.322135732050351180e+03,2.744459332457183010e+01,2.534358089135824343e+01,0.000000000000000000e+00
3.324135813767419222e+03,2.744641753013542029e+01,2.534505054773369181e+01,0.000000000000000000e+00
3.326135895484486809e+03,2.744823654473140095e+01,2.534651931826965665e+01,0.000000000000000000e+00
3.328135977201554851e+03,2.745005036827884126e+01,2.534798720403371419e+01,0.000000000000000000e+00
3.330136058918623803e+03,2.745185900070891094e+01,2.534945420609148670e+01,0.000000000000000000e+00
3.332136140635691845e+03,2.745366244196483052e+01,2.535092032550669217e+01,0.000000000000000000e+00
3.334136222352759887e+03,2.745546069200193884e+01,2.535238556334110882e+01,0.000000000000000000e+00
3.336136304069827929e+03,2.745725375078766106e+01,2.535384992065463194e+01,0.000000000000000000e+00
3.338136385786896881e+03,2.745904161830154067e+01,2.535531339850520993e+01,0.000000000000000000e+00
3.340136467503964923e+03,2.746082429453525009e+01,2.535677599794890824e+01,0.000000000000000000e+00
3.342136549221032965e+03,2.746260177949254100e+01,2.535823772003988097e+01,0.000000000000000000e+00
3.344136630938101007e+03,2.746437407318934021e+01,2.535969856583039928e+01,0.000000000000000000e+00
3.346136712655169958e+03,2.746614117565371060e+01,2.536115853637082296e+01,0.000000000000000000e+00
3.348136794372238001e+03,2.746790308692584048e+01,2.536261763270962888e+01,0.000000000000000000e+00
3.350136876089306043e+03,2.746965980705808974e+01,2.536407585589342517e+01,0.000000000000000000e+00
3.352136957806374994e+03,2.747141133611498987e+01,2.536553320696692992e+01,0.000000000000000000e+00
3.354137039523443036e+03,2.747315767417321908e+01,2.536698968697298540e+01,0.000000000000000000e+00
3.356137121240511078e+03,2.747489882132165917e+01,2.536844529695256512e+01,0.000000000000000000e+00
3.358137202957579120e+03,2.747663477766135998e+01,2.536990003794478810e+01,0.000000000000000000e+00
3.360137284674647162e+03,2.747836554330557135e+01,2.537135391098688331e+01,0.000000000000000000e+00
3.362137366391716114e+03,2.748009111837975027e+01,2.537280691711426783e+01,0.000000000000000000e+00
3.364137448108784156e+03,2.748181150302156084e+01,2.537425905736047582e+01,0.000000000000000000e+00
3.366137529825852198e+03,2.748352669738086007e+01,2.537571033275719401e+01,0.000000000000000000e+00
3.368137611542919785e+03,2.748523670161976895e+01,2.537716074433427593e+01,0.000000000000000000e+00
3.370137693259989192e+03,2.748694151591260137e+01,2.537861029311974193e+01,0.000000000000000000e+00
3.372137774977056779e+03,2.748864114044593165e+01,2.538005898013975781e+01,0.000000000000000000e+00
3.374137856694124821e+03,2.749033557541854833e+01,2.538150680641867751e+01,0.000000000000000000e+00
3.376137938411192863e+03,2.749202482104153944e+01,2.538295377297902888e+01,0.000000000000000000e+00
3.378138020128260905e+03,2.749370887753820014e+01,2.538439988084149235e+01,0.000000000000000000e+00
3.380138101845329857e+03,2.749538774514412154e+01,2.538584513102497908e+01,0.000000000000000000e+00
3.382138183562397899e+03,2.749706142410715159e+01,2.538728952454654575e+01,0.000000000000000000e+00
3.384138265279465941e+03,2.749872991468743066e+01,2.538873306242145844e+01,0.000000000000000000e+00
3.386138346996533983e+03,2.750039321715738083e+01,2.539017574566317137e+01,0.000000000000000000e+00
3.388138428713602934e+03,2.750205133180169170e+01,2.539161757528334817e+01,0.000000000000000000e+00
3.390138510430670976e+03,2.750370425891738080e+01,2.539305855229185482e+01,0.000000000000000000e+00
3.392138592147739018e+03,2.750535199881376869e+01,2.539449867769675961e+01,0.000000000000000000e+00
3.394138673864807970e+03,2.750699455181246122e+01,2.539593795250434738e+01,0.000000000000000000e+00
3.396138755581876012e+03,2.750863191824739928e+01,2.539737637771913370e+01,0.000000000000000000e+00
3.398138837298944054e+03,2.751026409846485166e+01,2.539881395434381517e+01,0.000000000000000000e+00
3.400138919016012096e+03,2.751189109282341150e+01,2.540025068337936887e+01,0.000000000000000000e+00
3.402139000733081048e+03,2.751351290169399988e+01,2.540168656582495998e+01,0.000000000000000000e+00
3.404139082450149090e+03,2.751512952545990132e+01,2.540312160267800579e+01,0.000000000000000000e+00
3.406139164167217132e+03,2.751674096451673890e+01,2.540455579493416138e+01,0.000000000000000000e+00
3.408139245884285174e+03,2.751834721927246008e+01,2.540598914358730553e+01,0.000000000000000000e+00
3.410139327601353216e+03,2.751994829014742905e+01,2.540742164962959748e+01,0.000000000000000000e+00
3.412139409318422167e+03,2.752154417757433080e+01,2.540885331405142011e+01,0.000000000000000000e+00
3.414139491035490209e+03,2.752313488199823865e+01,2.541028413784141549e+01,0.000000000000000000e+00
3.416139572752557797e+03,2.752472040387662133e+01,2.541171412198649193e+01,0.000000000000000000e+00
3.418139654469625839e+03,2.752630074367928970e+01,2.541314326747180985e+01,0.000000000000000000e+00
3.420139736186694790e+03,2.752787590188847844e+01,2.541457157528081012e+01,0.000000000000000000e+00
3.422139817903762832e+03,2.752944587899882123e+01,2.541599904639519991e+01,0.000000000000000000e+00
3.424139899620830874e+03,2.753101067551731873e+01,2.541742568179495265e+01,0.000000000000000000e+00
3.426139981337898917e+03,2.753257029196340966e+01,2.541885148245832227e+01,0.000000000000000000e+00
3.428140063054966959e+03,2.753412472886892104e+01,2.542027644936185737e+01,0.000000000000000000e+00
3.430140144772035910e+03,2.753567398677812150e+01,2.542170058348039419e+01,0.000000000000000000e+00
3.432140226489103952e+03,2.753721806624767865e+01,2.542312388578703519e+01,0.000000000000000000e+00
3.434140308206171994e+03,2.753875696784670168e+01,2.542454635725320600e+01,0.000000000000000000e+00
3.436140389923240036e+03,2.754029069215673076e+01,2.542596799884861980e+01,0.000000000000000000e+00
3.438140471640308988e+03,2.754181923977172985e+01,2.542738881154129871e+01,0.000000000000000000e+00
3.440140553357377030e+03,2.754334261129814010e+01,2.542880879629755242e+01,0.000000000000000000e+00
3.442140635074445981e+03,2.754486080735481934e+01,2.543022795408203507e+01,0.000000000000000000e+00
3.444140716791514023e+03,2.754637382857308125e+01,2.543164628585767417e+01,0.000000000000000000e+00
3.446140798508582066e+03,2.754788167559669887e+01,2.543306379258575589e+01,0.000000000000000000e+00
3.448140880225650108e+03,2.754938434908194012e+01,2.543448047522586819e+01,0.000000000000000000e+00
3.450140961942718150e+03,2.755088184969750031e+01,2.543589633473592926e+01,0.000000000000000000e+00
3.452141043659787101e+03,2.755237417812455902e+01,2.543731137207218040e+01,0.000000000000000000e+00
3.454141125376855143e+03,2.755386133505678004e+01,2.543872558818922158e+01,0.000000000000000000e+00
3.456141207093923185e+03,2.755534332120031138e+01,2.544013898403994745e+01,0.000000000000000000e+00
3.458141288810991227e+03,2.755682013727377111e+01,2.544155156057563971e+01,0.000000000000000000e+00
3.460141370528058815e+03,2.755829178400828994e+01,2.544296331874591033e+01,0.000000000000000000e+00
3.462141452245128221e+03,2.755975826214746860e+01,2.544437425949870857e+01,0.000000000000000000e+00
3.464141533962195808e+03,2.756121957244743825e+01,2.544578438378034946e+01,0.000000000000000000e+00
3.466141615679263850e+03,2.756267571567681074e+01,2.544719369253549957e+01,0.000000000000000000e+00
3.468141697396331892e+03,2.756412669261672121e+01,2.544860218670719831e+01,0.000000000000000000e+00
3.470141779113400844e+03,2.756557250406081039e+01,2.545000986723683667e+01,0.000000000000000000e+00
3.472141860830468886e+03,2.756701315081523163e+01,2.545141673506417845e+01,0.000000000000000000e+00
3.474141942547536928e+03,2.756844863369866871e+01,2.545282279112736745e+01,0.000000000000000000e+00
3.476142024264604970e+03,2.756987895354232876e+01,2.545422803636290610e+01,0.000000000000000000e+00
3.478142105981673012e+03,2.757130411118994928e+01,2.545563247170570520e+01,0.000000000000000000e+00
3.480142187698741964e+03,2.757272410749779112e+01,2.545703609808902712e+01,0.000000000000000000e+00
3.482142269415810006e+03,2.757413894333468107e+01,2.545843891644454260e+01,0.000000000000000000e+00
3.484142351132878957e+03,2.757554861958194081e+01,2.545984092770230234e+01,0.000000000000000000e+00
3.486142432849946999e+03,2.757695313713347929e+01,2.546124213279076542e+01,0.000000000000000000e+00
