iteration,continuity,momentum,mass_imbalance,velocity_change,u_residual,v_residual
1,2.007096216869507e-15,15.583792805979698,1.285969552389514e-14,0.9170992552950658,15.583792805979702,10.806553220811182
2,1.098746347970066e-15,7.386178602640974,1.6157256765576663e-15,0.5048882885058539,7.386178602640974,2.4572380905112
3,8.858725067869364e-15,5.420316282870544,3.158201596583995e-14,0.18448818892698032,5.420316282870544,1.330557946700199
4,1.2587322783002442e-15,4.345277840232372,1.0551138215163812e-15,0.10895758865120592,4.345277840232373,1.0329310733515413
5,2.02560698566804e-15,3.35979930993068,1.11064612791198e-16,0.0805336654692991,3.35979930993068,0.8088654017874651
6,1.4359067796576315e-15,2.6947226386979786,2.0758505009783436e-15,0.06027104306503647,2.6947226386979786,0.6518646791041692
7,7.430751474839676e-16,2.2663062992322,5.5029871242495965e-15,0.04727140136526545,2.2663062992322005,0.5454687781340494
8,4.231032868236115e-16,1.977647234907182,1.2375771139590635e-15,0.03812699062482064,1.977647234907182,0.4968676398631174
9,2.22129225582396e-16,1.7691877272363292,5.368122951574571e-16,0.031784362578625575,1.7691877272363294,0.4629776706052023
10,2.247736211250436e-16,1.6080251882937515,2.247736211250436e-16,0.02731709874530225,1.608025188293752,0.43012276079011447
11,3.437714205441843e-17,1.4757233699089598,5.288791085295144e-18,0.023952735036340406,1.4757233699089598,0.39730280640035487
12,3.569933982574222e-17,1.3615287935569735,5.5532306395599e-17,0.021876371225784674,1.3615287935569735,0.36540680051925845
13,3.0410548740447077e-17,1.261559905829917,1.5601933701620673e-16,0.020528509644674453,1.261559905829917,0.33511139084509284
14,2.3799559883828145e-17,1.17241392941781,4.759911976765629e-17,0.019180648667750377,1.1724139294178102,0.3065779696588775
15,3.173274651177086e-17,1.091962371918178,1.11064612791198e-16,0.01785303032190183,1.091962371918178,0.28051599422400564
16,1.8510768798533e-17,1.018991258615174,2.6443955426475718e-17,0.01656180461102663,1.018991258615174,0.2564516775402951
17,2.1155164341180575e-17,0.9528231311857579,7.933186627942715e-18,0.015318013283864285,0.9528231311857579,0.23443125694201336
18,2.1155164341180575e-17,0.892724747378057,6.61098885661893e-17,0.014240836769447707,0.8927247473780571,0.21379331212375932
19,2.6443955426475718e-17,0.8378567726491852,1.6130812810150187e-16,0.013216576339771802,0.8378567726491851,0.19513850441576278
20,3.7021537597066e-17,0.7882201836151249,1.0577582170590287e-16,0.012240257927759735,0.7882201836151249,0.17781241902374775
21,3.7021537597066e-17,0.7425150433897473,6.61098885661893e-17,0.011789929886067835,0.7425150433897472,0.16173188480338727
22,2.1155164341180575e-17,0.7003374419400505,1.6130812810150187e-16,0.01169651061839097,0.7003374419400505,0.1472192970566912
23,4.231032868236115e-17,0.6611410177730633,1.771745013573873e-16,0.011640808274971104,0.6611410177730632,0.13396563716590182
24,2.0494065455518682e-17,0.6247241346149237,5.817670193824657e-17,0.011597639424426043,0.6247241346149237,0.1219282538769727
25,1.9832966569856786e-17,0.5907498728204796,9.255384399266501e-17,0.011537454757290233,0.5907498728204796,0.11101113642340331
26,5.817670193824657e-17,0.5592200175825675,5.5532306395599e-17,0.01146365738804292,0.5592200175825673,0.10127686378917619
27,2.3799559883828145e-17,0.5298455363535648,3.173274651177086e-17,0.011378003115930097,0.5298455363535648,0.0926048962850509
28,3.173274651177086e-17,0.5025583535439909,6.082109748089415e-17,0.011281431927945562,0.5025583535439908,0.08484331015370128
29,4.231032868236115e-17,0.477677249614764,7.933186627942715e-17,0.01117555539169826,0.477677249614764,0.07803584862444526
30,3.173274651177086e-17,0.454650513929557,6.61098885661893e-17,0.011061796188751721,0.45465051392955697,0.07199844105420894
31,3.173274651177086e-17,0.43317585009915105,3.173274651177086e-17,0.010941404830909773,0.43317585009915105,0.06661186190313213
32,2.3799559883828145e-17,0.4130218707767798,7.668747073677958e-17,0.010815483735874265,0.4130218707767798,0.061826152971635774
33,2.6443955426475718e-17,0.3941026412433153,3.966593313971357e-17,0.010685006616240611,0.3941026412433153,0.05752769040694234
34,2.247736211250436e-17,0.37639671180155576,5.288791085295144e-18,0.010550834790357816,0.3763967118015558,0.05368197684689392
35,2.512175765515193e-17,0.35977202201973113,3.966593313971357e-17,0.010413731255309172,0.3597720220197312,0.05021558940634618
36,2.1155164341180575e-17,0.34411064964881266,8.197626182207473e-17,0.010274370480746614,0.34411064964881266,0.047092958027673285
37,2.1031208300118968e-17,0.3294246507190935,6.875428410883686e-17,0.010133347410874738,0.3294246507190935,0.04425934303939584
38,1.9832966569856786e-17,0.31575301670336037,1.586637325588543e-17,0.009991191265589783,0.3157530167033603,0.041678922884468186
39,2.1155164341180575e-17,0.3029511723105003,1.692413147294446e-16,0.00984836952380122,0.3029511723105003,0.0393127140063359
40,2.247736211250436e-17,0.2909066390631975,2.1155164341180575e-17,0.00970529448673818,0.2909066390631975,0.03715915070849241
41,2.1155164341180575e-17,0.2796552718069283,7.933186627942715e-18,0.009562330226183177,0.2796552718069283,0.03519442106147926
42,2.1155164341180575e-17,0.26924106296905453,6.082109748089415e-17,0.009419796252286908,0.26924106296905453,0.033402219472597514
43,4.231032868236115e-17,0.25957825059548173,2.1948483003974844e-16,0.009277972197288126,0.25957825059548173,0.031792242078769975
44,2.247736211250436e-17,0.25071181861039454,2.644395542647572e-18,0.00913709968005147,0.25071181861039454,0.030336804410857263
45,2.1155164341180575e-17,0.2426615772127892,2.9088350969123285e-17,0.008997378737866032,0.2426615772127892,0.02904313796173548
46,2.1155164341180575e-17,0.23535499084494996,6.61098885661893e-17,0.008858986597885046,0.23535499084494996,0.027926254167924894
47,1.9832966569856786e-17,0.22878729959457422,5.024351531030386e-17,0.008722080710808766,0.2287872995945742,0.026985245554779245
48,1.8510768798533e-17,0.22281773846817735,7.933186627942715e-18,0.00858679877891691,0.22281773846817735,0.026277306639402948
49,2.1155164341180575e-17,0.21719871133913454,7.933186627942715e-17,0.008453247294659821,0.21719871133913446,0.025758731054998204
50,2.3799559883828145e-17,0.21183851756333064,3.966593313971357e-17,0.008321506326394584,0.21183851756333064,0.025364643852557607
51,2.0824614898349627e-17,0.20671342320167452,9.784263507796015e-17,0.008191649546345492,0.20671342320167452,0.025017339804454003
52,2.247736211250436e-17,0.2018569316042009,5.817670193824657e-17,0.008063725790598136,0.2018569316042009,0.02468838707029964
53,1.9832966569856786e-17,0.19720299705400307,9.519823953531258e-17,0.007937775369316405,0.19720299705400304,0.02437857324505646
54,2.3799559883828145e-17,0.1928009321211361,1.0842021724855044e-16,0.00781383074999073,0.19280093212113616,0.024077946509184146
55,2.1155164341180575e-17,0.18861404442260393,2.1155164341180575e-17,0.007691913225416971,0.18861404442260393,0.02378328855501768
56,2.1155164341180575e-17,0.18459883900079985,7.933186627942715e-18,0.007572033552463442,0.18459883900079985,0.023494812139361252
57,2.1155164341180575e-17,0.18074719748366713,1.1370900833384558e-16,0.007454193869704945,0.18074719748366713,0.02320731286108452
58,1.8510768798533e-17,0.1770506376930517,6.082109748089415e-17,0.007338391682023548,0.17705063769305168,0.022918147313931044
59,2.3799559883828145e-17,0.17349537619690797,3.173274651177086e-17,0.0072246146801858285,0.17349537619690794,0.02262973630290868
60,2.1155164341180575e-17,0.17008114541936684,0.0,0.007112843136296149,0.1700811454193668,0.022341477560671917
61,2.1155164341180575e-17,0.16683691484484808,1.0577582170590287e-17,0.007003053912319757,0.16683691484484808,0.022052262795638017
62,2.1155164341180575e-17,0.163693133984294,7.4043075194132e-17,0.0068952236757507945,0.16369313398429397,0.021761126297968635
63,2.1155164341180575e-17,0.16065669051766718,8.726505290736987e-17,0.006789327689833494,0.16065669051766718,0.021467632468202505
64,2.1155164341180575e-17,0.1577425244359202,6.875428410883686e-17,0.006685641751588492,0.15774252443592018,0.021171488528239267
65,2.239472475179662e-17,0.15494650794540626,6.346549302354172e-17,0.006583896838602346,0.15494650794540624,0.020875410303574905
66,2.247736211250436e-17,0.15226134710321457,3.437714205441843e-17,0.006483977064680388,0.1522613471032146,0.020578881163115823
67,1.8510768798533e-17,0.1496599107610616,1.0577582170590287e-16,0.006385849152057421,0.14965991076106158,0.02028198761236033
68,2.1155164341180575e-17,0.14713358151020364,9.255384399266501e-17,0.006289479193914774,0.14713358151020364,0.019984401851147516
69,2.1155164341180575e-17,0.14469470281180954,1.4015296376032129e-16,0.006194832947667567,0.14469470281180957,0.01968616273356971
70,2.1155164341180575e-17,0.1423412697185911,1.0577582170590287e-17,0.0061018760863225385,0.1423412697185911,0.019387390800556896
71,2.1155164341180575e-17,0.14003631773924158,2.3799559883828145e-17,0.006010574378898098,0.14003631773924158,0.019088354290674094
72,2.3138460998166252e-17,0.13779793030815293,2.6443955426475718e-17,0.005920894390330708,0.13779793030815296,0.018789303859285896
73,2.1155164341180575e-17,0.13565831494786323,6.082109748089415e-17,0.005832804735812075,0.13565831494786323,0.01849025251185234
74,2.3799559883828145e-17,0.13356173273806046,1.3750856821767373e-16,0.0057462720523963895,0.13356173273806046,0.018192052282686343
75,1.8676043519948475e-17,0.13151665022643833,1.216421949617883e-16,0.005661263155135182,0.13151665022643835,0.017895484009602388
76,2.6443955426475718e-17,0.1295329812043144,5.817670193824657e-17,0.005577743413372194,0.12953298120431436,0.017601899523709476
77,2.3799559883828145e-17,0.1275804896033959,6.082109748089415e-17,0.005495680952412596,0.1275804896033959,0.017310843532147256
78,2.247736211250436e-17,0.12568623491795386,3.7021537597066e-17,0.005415044708883127,0.12568623491795386,0.01702210429495293
79,2.512175765515193e-17,0.12383138491593466,1.48086150388264e-16,0.005335804115377887,0.12383138491593466,0.01673586117565277
80,2.1155164341180575e-17,0.12202167348623232,9.519823953531258e-17,0.005257929164179456,0.12202167348623232,0.01645331016766577
81,2.1155164341180575e-17,0.12025867169988662,5.288791085295144e-18,0.005181390471278788,0.12025867169988662,0.01617439242758019
82,2.3799559883828145e-17,0.11853142349494565,6.346549302354172e-17,0.005106159318895992,0.11853142349494565,0.01590039129470177
83,1.8510768798533e-17,0.11683006708293234,2.644395542647572e-18,0.0050322076907689806,0.11683006708293237,0.015629747044857326
84,1.7188571027209216e-17,0.11514915056988752,7.933186627942715e-18,0.004959508288640314,0.11514915056988752,0.015362759947783331
85,2.247736211250436e-17,0.11348696818418276,2.0626285232651058e-16,0.004888034532969342,0.11348696818418276,0.01509954071665652
86,1.9832966569856786e-17,0.11184877454782917,1.11064612791198e-16,0.004817760587696764,0.11184877454782918,0.014841916415221493
87,1.9832966569856786e-17,0.11024754049476954,5.288791085295144e-18,0.00474866132296331,0.11024754049476954,0.014587965877266284
88,2.1155164341180575e-17,0.10866508095599477,3.437714205441843e-17,0.004680712295970953,0.10866508095599477,0.014337670415621524
89,1.8510768798533e-17,0.10710134340461427,1.0577582170590287e-16,0.0046138897175473925,0.10710134340461427,0.014091172103542885
90,2.3799559883828145e-17,0.10555886214686387,2.3799559883828145e-17,0.004548170446866118,0.10555886214686389,0.013848427175687988
91,2.512175765515193e-17,0.10403414297716293,1.0577582170590287e-16,0.004483531967922373,0.10403414297716293,0.013609536864867662
92,2.1155164341180575e-17,0.10252693176999961,9.519823953531258e-17,0.004419952340251193,0.10252693176999958,0.013374679527789448
93,1.9832966569856786e-17,0.10105171520961999,5.288791085295144e-18,0.004357410177162867,0.10105171520961999,0.013143735014585026
94,2.3799559883828145e-17,0.0995930652897567,1.5601933701620673e-16,0.004295884625057922,0.09959306528975671,0.012916557671358984
95,2.247736211250436e-17,0.09815269159663315,4.231032868236115e-17,0.004235355383205505,0.09815269159663316,0.01269321480904873
96,2.3799559883828145e-17,0.09672894136143982,2.1155164341180575e-17,0.004175802676523038,0.09672894136143982,0.012473721963978555
97,2.1155164341180575e-17,0.09532137204007297,3.7021537597066e-17,0.004117209836659724,0.09532137204007299,0.012257428263897268
98,1.8510768798533e-17,0.09393145908990602,3.966593313971357e-17,0.004059558395159146,0.09393145908990601,0.01204464340823626
99,2.4130109326659093e-17,0.09256662334778637,1.586637325588543e-17,0.004002828315021259,0.09256662334778638,0.011836075793860831
100,2.2807911555335305e-17,0.0912220959164928,1.8510768798533e-17,0.003947001593814468,0.09122209591649282,0.01163146638487744
101,2.247736211250436e-17,0.08989264313402733,8.197626182207473e-17,0.003892060835056013,0.08989264313402731,0.011430546575776149
102,1.8965274282425552e-17,0.08858158809497058,3.173274651177086e-17,0.003837986346524151,0.08858158809497056,0.01123366153588689
103,2.512175765515193e-17,0.08728770873352006,7.668747073677958e-17,0.0037847557906476453,0.08728770873352006,0.011041193230054612
104,2.6443955426475718e-17,0.08600706772735123,1.3750856821767373e-16,0.0037323576175601544,0.08600706772735126,0.010851703361381977
105,2.0163516012687734e-17,0.08474277546356111,7.139867965148443e-17,0.003680777365627809,0.08474277546356111,0.010664921842072793
106,2.1155164341180575e-17,0.08350013202464925,5.2887910852951437e-17,0.003629999422903249,0.08350013202464926,0.010481232605365638
107,1.9502417127025842e-17,0.0822747879240261,1.8510768798533e-17,0.003580005881697358,0.0822747879240261,0.010301186972883491
108,1.7188571027209216e-17,0.08106812756059721,1.1899779941914072e-16,0.0035307706635393996,0.08106812756059721,0.010126500726367319
109,2.3799559883828145e-17,0.07987572916465907,1.0842021724855044e-16,0.003482279548309049,0.07987572916465908,0.009956237586871962
110,1.9832966569856786e-17,0.07869672007722069,3.966593313971357e-17,0.003434522370733932,0.07869672007722069,0.009788788991669534
111,2.6443955426475718e-17,0.0775309404467712,5.024351531030386e-17,0.003387487855560957,0.07753094044677118,0.009623710086177474
112,2.1155164341180575e-17,0.07638162780226404,5.2887910852951437e-17,0.00334116359681641,0.07638162780226405,0.00946109013397338
113,2.247736211250436e-17,0.07524971346479647,3.966593313971357e-17,0.0032955368966530382,0.07524971346479646,0.009301116505690142
114,2.1155164341180575e-17,0.07413234723588273,7.933186627942715e-18,0.0032505953395727677,0.07413234723588272,0.009143863640316082
115,2.3799559883828145e-17,0.07302962525876243,4.759911976765629e-17,0.0032063270147538944,0.0730296252587624,0.008989411559673316
116,2.1155164341180575e-17,0.07194171732966219,1.0048703062060772e-16,0.003162720522039593,0.07194171732966217,0.008837746781975502
117,1.8014944634286583e-17,0.07086898167197808,1.2693098604708345e-16,0.003119764886027575,0.07086898167197808,0.00868886523979008
118,2.6443955426475718e-17,0.06981074737113743,2.3799559883828145e-17,0.003077449454016133,0.06981074737113742,0.008542706787157173
119,1.9832966569856786e-17,0.06876857192631886,5.5532306395599e-17,0.0030357638164910453,0.06876857192631887,0.008399185917769132
120,2.1155164341180575e-17,0.06774175606998006,1.586637325588543e-16,0.002994697732012601,0.06774175606998006,0.008258244804053003
121,2.1816263226842467e-17,0.06672863581546148,2.644395542647572e-18,0.0029542411256811008,0.06672863581546147,0.008119843221346769
122,2.247736211250436e-17,0.06573053823208103,1.0313142616325529e-16,0.002914381096725642,0.06573053823208103,0.007984318337503564
123,1.8510768798533e-17,0.0647469873699181,1.216421949617883e-16,0.0028751049421072913,0.06474698736991812,0.007852271775470196
124,2.247736211250436e-17,0.06377664262459048,5.5532306395599e-17,0.0028364033663310154,0.06377664262459048,0.007722755474077051
125,1.8510768798533e-17,0.06281867277774209,3.437714205441843e-17,0.002798267949359525,0.06281867277774209,0.0075949958243397495
126,2.1155164341180575e-17,0.06187300201679889,2.9088350969123285e-17,0.0027606899580529323,0.06187300201679889,0.007468866109774321
127,1.9171867684194894e-17,0.06093988423477944,2.644395542647572e-18,0.0027236604063726397,0.06093988423477944,0.007344534584119724
128,2.3799559883828145e-17,0.06001960361140449,7.4043075194132e-17,0.002687169995607124,0.06001960361140447,0.007222211377429685
129,2.1155164341180575e-17,0.05911291378341503,9.255384399266501e-17,0.002651207584879623,0.05911291378341504,0.007102047621667959
130,1.9832966569856786e-17,0.0582204167515696,3.437714205441843e-17,0.0026157666946255605,0.0582204167515696,0.0069840651411836804
131,2.3799559883828145e-17,0.0573408760522882,1.3221977713237859e-17,0.002580839511866634,0.05734087605228821,0.00686824084469314
132,1.9832966569856786e-17,0.05647414634180009,1.5601933701620673e-16,0.0025464177452086748,0.0564741463418001,0.006754526430017225
133,2.3799559883828145e-17,0.055620274007587754,7.933186627942715e-17,0.0025124931956496503,0.05562027400758775,0.006642863160371186
134,1.9832966569856786e-17,0.05477894392559986,8.46206573647223e-17,0.0024790578381577236,0.05477894392559986,0.006533195893255964
135,1.7188571027209216e-17,0.05394996514793953,2.9088350969123285e-17,0.0024461052148857555,0.05394996514793953,0.0064252397880370125
136,2.512175765515193e-17,0.05313392203204225,6.082109748089415e-17,0.002413627443485205,0.053133922032042244,0.00631935459394395
137,2.1816263226842467e-17,0.05233075442215507,4.759911976765629e-17,0.0023816136815634804,0.05233075442215508,0.006216394530240634
138,1.8510768798533e-17,0.051539399301645826,1.4279735930296887e-16,0.002350056318770055,0.05153939930164581,0.00611586880136789
139,2.148571378401152e-17,0.05075920262340526,1.1370900833384558e-16,0.002318948536058109,0.05075920262340526,0.006017182105493348
140,1.8510768798533e-17,0.04998987161225706,1.5601933701620673e-16,0.0022882838689086346,0.04998987161225708,0.005919880758607207
141,2.512175765515193e-17,0.04923034676099928,7.139867965148443e-17,0.0022580564180047467,0.04923034676099929,0.0058236814725070064
142,2.3799559883828145e-17,0.04848205595812967,1.2693098604708345e-16,0.0022282583904861125,0.04848205595812967,0.00572923677680702
143,2.1155164341180575e-17,0.0477451306286178,9.519823953531258e-17,0.002198882790655308,0.0477451306286178,0.005636421627107748
144,2.1155164341180575e-17,0.047019405248236786,1.1370900833384558e-16,0.002169922994871478,0.047019405248236786,0.00554507165559887
145,2.3799559883828145e-17,0.04630483812426827,6.346549302354172e-17,0.0021413725069297646,0.04630483812426827,0.005455388900099375
146,1.9832966569856786e-17,0.045601280244289194,1.0577582170590287e-17,0.0021132249364229014,0.045601280244289194,0.005367316174071883
147,2.1155164341180575e-17,0.04490862128438868,2.1155164341180575e-17,0.0020854739958018134,0.044908621284388675,0.0052809099441894
148,2.1155164341180575e-17,0.044226412134113234,5.817670193824657e-17,0.002058113494678611,0.044226412134113234,0.005195978275707647
149,2.5452307097982878e-17,0.043554674039674314,3.437714205441843e-17,0.002031137663988901,0.04355467403967432,0.005112598982064943
150,1.7188571027209216e-17,0.042893500209944584,3.173274651177086e-17,0.002004540591752143,0.042893500209944584,0.005030633122037283
151,1.9832966569856786e-17,0.042242653208282056,1.0577582170590287e-16,0.0019783160554559705,0.042242653208282056,0.004950079614049213
152,1.9502417127025842e-17,0.041601992448649545,3.437714205441843e-17,0.0019524580097265813,0.041601992448649545,0.004870976459882567
153,1.9832966569856786e-17,0.04097140553520234,3.437714205441843e-17,0.0019269606245467773,0.04097140553520234,0.004793292765844964
154,2.0494065455518682e-17,0.04035058393887402,3.173274651177086e-17,0.001901818248782744,0.040350583938874016,0.004716974070708509
155,2.247736211250436e-17,0.03973937986902906,5.288791085295144e-18,0.0018770253683600066,0.03973937986902906,0.004641968787892037
156,2.4791208212320985e-17,0.039137620535937334,5.5532306395599e-17,0.001852576581252343,0.039137620535937334,0.004568242152212259
157,2.198153794825794e-17,0.03854517391118704,1.216421949617883e-16,0.0018284665847211924,0.03854517391118704,0.004495794401118153
158,2.247736211250436e-17,0.03796191352479117,6.082109748089415e-17,0.001804690168831502,0.037961913524791176,0.00442468757408011
159,2.3799559883828145e-17,0.037387714445976994,3.173274651177086e-17,0.001781242212811271,0.037387714445976994,0.004354900033175145
160,1.9502417127025842e-17,0.0368224547994273,5.2887910852951437e-17,0.0017581176827083638,0.03682245479942729,0.004285954085720675
161,2.3799559883828145e-17,0.03626608754164632,5.2887910852951437e-17,0.0017353118169063323,0.03626608754164632,0.00421840609263057
162,1.8510768798533e-17,0.03571847176723813,7.933186627942715e-18,0.001712819432492926,0.03571847176723812,0.004152118639322246
163,2.1155164341180575e-17,0.03517939329875623,1.2693098604708345e-16,0.0016906357387929186,0.03517939329875624,0.004086983661120356
164,2.247736211250436e-17,0.034648686681699334,6.346549302354172e-17,0.001668755950728273,0.034648686681699334,0.004022945485857412
165,2.0494065455518682e-17,0.03412625265742447,8.726505290736987e-17,0.001647175356709078,0.034126252657424486,0.003959974897512197
166,1.9832966569856786e-17,0.033611985249977314,8.990944845001744e-17,0.0016258893544479104,0.033611985249977314,0.0038980538663284246
167,2.1155164341180575e-17,0.03310575241039549,1.8510768798533002e-16,0.001604893457503604,0.03310575241039548,0.003837168421710475
168,2.1155164341180575e-17,0.0326074434222235,4.495472422500872e-17,0.001584183288144414,0.032607443422223506,0.0037773052322541407
169,2.512175765515193e-17,0.03211694407812328,1.29575381589731e-16,0.0015637545660825668,0.03211694407812328,0.0037184541956496097
170,2.1155164341180575e-17,0.03163388869310113,2.6443955426475718e-17,0.0015436030978364847,0.031633888693101124,0.0036606233192494606
171,2.247736211250436e-17,0.031158434019500195,1.2693098604708345e-16,0.0015237250101850144,0.031158434019500202,0.0036037508537636203
172,2.3799559883828145e-17,0.030690553747405543,1.8510768798533e-17,0.0015041162484155483,0.030690553747405543,0.003547856023184327
173,2.247736211250436e-17,0.030230207334944883,1.586637325588543e-17,0.001484773194233846,0.03023020733494489,0.0034928331383585294
174,2.1816263226842467e-17,0.029777661563825285,7.933186627942715e-18,0.001465691854256896,0.029777661563825285,0.0034388076394117565
175,2.1155164341180575e-17,0.029332789509648717,8.46206573647223e-17,0.001446866858094897,0.029332789509648717,0.0033861539266400974
176,1.9502417127025842e-17,0.028894882950536525,5.024351531030386e-17,0.0014282941622966155,0.028894882950536528,0.0033345741146325737
177,1.8510768798533e-17,0.02846347430256152,7.4043075194132e-17,0.0014099701498653753,0.02846347430256152,0.0032836736598310743
178,2.3799559883828145e-17,0.028038379650741733,1.8510768798533e-17,0.0013918912929467443,0.028038379650741733,0.00323362066869463
179,2.3799559883828145e-17,0.0276195815111053,5.2887910852951437e-17,0.001374054098572542,0.027619581511105305,0.0031842584064574165
180,2.1155164341180575e-17,0.027208051123503527,6.346549302354172e-17,0.0013564505460469684,0.027208051123503527,0.0031364284794791275
181,2.1155164341180575e-17,0.026803184428502522,2.644395542647572e-18,0.0013390777651590448,0.02680318442850252,0.003089632740223862
182,1.8180219355702057e-17,0.026404047061935818,7.668747073677958e-17,0.001321934443767759,0.026404047061935818,0.003043728177528089
183,2.247736211250436e-17,0.0260105762938683,1.0313142616325529e-16,0.0013050175055730846,0.0260105762938683,0.0029983452360807113
184,2.0494065455518682e-17,0.02562294164386215,1.0577582170590287e-17,0.0012883235887897401,0.025622941643862147,0.0029533895801403887
185,2.6443955426475718e-17,0.025241344656198466,1.7188571027209215e-16,0.0012718492964106662,0.025241344656198463,0.002908902253532875
186,2.1155164341180575e-17,0.02486582501493583,5.817670193824657e-17,0.0012555914059410572,0.02486582501493583,0.002864961469854276
187,2.1155164341180575e-17,0.02449631842817575,5.024351531030386e-17,0.001239546907863191,0.02449631842817575,0.002821667506410162
188,2.1155164341180575e-17,0.024132735798138648,1.8510768798533002e-16,0.0012237129664972911,0.024132735798138648,0.0027791091594642943
189,2.3799559883828145e-17,0.023774960118970335,1.1635340387649314e-16,0.0012080868645820367,0.02377496011897034,0.0027372519951261473
190,1.9832966569856786e-17,0.023422868659498212,1.586637325588543e-17,0.001192665956940551,0.023422868659498212,0.002696101012094028
191,2.247736211250436e-17,0.02307634254621554,8.197626182207473e-17,0.0011774476332173213,0.023076342546215545,0.0026556580494129954
192,2.6443955426475718e-17,0.02273526686368309,4.231032868236115e-17,0.0011624293101259765,0.02273526686368309,0.002615965805392882
193,2.1155164341180575e-17,0.022399535149771534,3.966593313971357e-17,0.00114760841838887,0.022399535149771534,0.002576975523396391
194,1.8510768798533e-17,0.022069049911938823,5.2887910852951437e-17,0.0011329823976107293,0.02206904991193882,0.0025386221617312173
195,2.512175765515193e-17,0.021743721042497718,4.495472422500872e-17,0.0011185486960122674,0.021743721042497714,0.0025008976455432146
196,2.1155164341180575e-17,0.021423466841618083,1.29575381589731e-16,0.0011043047721932993,0.021423466841618083,0.0024638202535814126
197,2.247736211250436e-17,0.021108205275715896,8.726505290736987e-17,0.0010902480977257201,0.02110820527571589,0.002427358703631433
198,1.9832966569856786e-17,0.020798459680828864,6.875428410883686e-17,0.001076373916309983,0.020798459680828864,0.0023919767784175835
199,2.1155164341180575e-17,0.02049392472925309,7.933186627942715e-18,0.001062679318868001,0.02049392472925309,0.002357494401888335
200,2.0328790734103208e-17,0.020193753369636223,3.7021537597066e-17,0.0010491630753264023,0.020193753369636226,0.002323326014270459
201,2.0494065455518682e-17,0.019897725378986625,0.0,0.0010358231102616734,0.019897725378986625,0.0022893715578199652
202,2.1155164341180575e-17,0.019606004590627498,1.3221977713237859e-17,0.0010226570594735682,0.0196060045906275,0.0022557389839943536
203,2.3799559883828145e-17,0.01931869654161209,4.495472422500872e-17,0.0010096624859030142,0.01931869654161209,0.0022225667848054134
204,1.9832966569856786e-17,0.01903588354584985,2.1155164341180575e-17,0.0009968369931149493,0.019035883545849848,0.002189938550197034
205,2.396483460524362e-17,0.01875754691261211,1.586637325588543e-17,0.0009841782446568513,0.018757546912612107,0.002157858236865855
206,1.8510768798533e-17,0.018483632006347218,9.519823953531258e-17,0.0009716839758027265,0.018483632006347218,0.0021263191921173778
207,1.9171867684194894e-17,0.018214050519066684,6.346549302354172e-17,0.0009593519872039984,0.018214050519066684,0.0020953006087323276
208,1.8510768798533e-17,0.017948710042704905,4.759911976765629e-17,0.0009471801348474949,0.01794871004270491,0.0020647820239506867
209,2.3799559883828145e-17,0.01768751854625753,7.4043075194132e-17,0.0009351663201317387,0.017687518546257528,0.0020347445327960384
210,1.9171867684194894e-17,0.017430389287442578,8.990944845001744e-17,0.0009233084811799733,0.017430389287442578,0.002005205549224551
211,2.0824614898349627e-17,0.017177242396075196,1.0842021724855044e-16,0.0009116045858877336,0.017177242396075196,0.001976192068062743
212,1.8510768798533e-17,0.016928005028760105,3.437714205441843e-17,0.0009000526268506683,0.0169280050287601,0.00194761893437982
213,1.8510768798533e-17,0.01668260832615345,2.3799559883828145e-17,0.0008886506180377795,0.01668260832615345,0.0019194807495536007
214,2.1155164341180575e-17,0.016440988107180924,1.0048703062060772e-16,0.0008773965929010979,0.01644098810718092,0.0018918967913817155
215,1.9502417127025842e-17,0.01620308298699506,5.2887910852951437e-17,0.0008662886035523459,0.01620308298699506,0.0018647338745561473
216,2.6443955426475718e-17,0.015968833502004887,8.197626182207473e-17,0.0008553247206586202,0.015968833502004887,0.0018379824904955456
217,1.9832966569856786e-17,0.015738181520067573,2.3799559883828145e-17,0.0008445030337733467,0.015738181520067573,0.0018116377632832533
218,2.1155164341180575e-17,0.01551106988441228,7.4043075194132e-17,0.000833821651893004,0.01551106988441228,0.0017856933721690056
219,2.1155164341180575e-17,0.015287442226459256,1.3221977713237859e-17,0.0008232787040975074,0.015287442226459252,0.0017601443166731876
220,1.7188571027209216e-17,0.015067242888283872,1.0577582170590287e-16,0.0008128723401850369,0.015067242888283872,0.0017349821017139423
221,2.1155164341180575e-17,0.014850416908748306,1.0048703062060772e-16,0.000802600731249617,0.014850416908748302,0.0017102032551646275
222,2.1155164341180575e-17,0.0146369100412809,1.9039647907062516e-16,0.0007924620701751897,0.0146369100412809,0.0016860034275851172
223,2.247736211250436e-17,0.014426499955071156,1.3221977713237859e-17,0.0007824566897899151,0.014426499955071156,0.001661815480013355
224,2.1155164341180575e-17,0.01421951217871919,4.231032868236115e-17,0.0007725816009865447,0.01421951217871919,0.0016379244317162723
225,2.2146812669673412e-17,0.014015940500434951,1.771745013573873e-16,0.0007628343820401118,0.014015940500434951,0.0016145775826007453
226,2.512175765515193e-17,0.013815560723991399,1.0577582170590287e-17,0.0007532135085679999,0.013815560723991399,0.0015917286268858951
227,1.8510768798533e-17,0.013618189122966418,5.5532306395599e-17,0.000743717473113995,0.013618189122966418,0.0015692900559672643
228,2.6443955426475718e-17,0.013423725746622994,1.0577582170590287e-16,0.0007343446221979579,0.013423725746622995,0.0015471972356679773
229,2.1816263226842467e-17,0.0132321254915308,1.0577582170590287e-17,0.0007250932018612903,0.013232125491530798,0.0015254183893957153
230,1.9832966569856786e-17,0.013043368975389148,4.495472422500872e-17,0.000715961427434728,0.013043368975389148,0.0015039352848688035
231,2.1155164341180575e-17,0.012857434873247772,1.9304087461327274e-16,0.0007069475373812709,0.012857434873247772,0.0014827434754354927
232,1.8510768798533e-17,0.012674299629600264,3.966593313971357e-17,0.0006980498174507469,0.012674299629600264,0.001461845567009324
233,2.0494065455518682e-17,0.012493938205876583,2.1155164341180575e-17,0.0006892674672335987,0.012493938205876584,0.0014410856134110324
234,2.247736211250436e-17,0.012316451861390076,3.173274651177086e-17,0.0006805986691777984,0.012316451861390076,0.001420621613243183
235,2.247736211250436e-17,0.012141765989920337,2.1155164341180575e-17,0.0006720413060899906,0.012141765989920335,0.0014006184679132697
236,1.9832966569856786e-17,0.011969702975243312,7.933186627942715e-17,0.0006635937856534638,0.011969702975243312,0.0013810393735710351
237,2.247736211250436e-17,0.011800151031614744,1.11064612791198e-16,0.0006552546481867756,0.01180015103161474,0.0013618117401863951
238,2.3138460998166252e-17,0.01163305809186372,2.141960389544533e-16,0.0006470224458999282,0.011633058091863718,0.00134288001665159
239,2.148571378401152e-17,0.011468402479406588,2.644395542647572e-18,0.0006388957266085181,0.011468402479406586,0.0013242118732659433
240,1.9171867684194894e-17,0.011306171378145127,8.726505290736987e-17,0.000630873044653096,0.011306171378145127,0.0013058430086810863
241,2.1155164341180575e-17,0.011146349847957272,1.0048703062060772e-16,0.0006229529734292673,0.011146349847957272,0.0012877716649175649
242,2.247736211250436e-17,0.010988917454644812,8.726505290736987e-17,0.0006151341129224637,0.010988917454644814,0.0012699383523207164
243,2.247736211250436e-17,0.010833847534550307,5.288791085295144e-18,0.0006074150923582322,0.010833847534550306,0.0012523453065072005
244,1.8510768798533e-17,0.010681114735879805,5.817670193824657e-17,0.0005997945697756987,0.010681114735879807,0.001234999716136213
245,2.1155164341180575e-17,0.01053068650621026,1.0577582170590287e-17,0.0005922712301737864,0.010530686506210259,0.00121789374419956
246,1.9171867684194894e-17,0.010382518571414569,1.3221977713237859e-17,0.0005848437832752158,0.010382518571414567,0.0012010261056411959
247,1.9171867684194894e-17,0.010236573022613153,4.759911976765629e-17,0.00057751096142866,0.010236573022613153,0.0011844051984213546
248,2.1155164341180575e-17,0.010092812701787577,2.1155164341180575e-17,0.0005702715178408754,0.010092812701787577,0.0011680190614066568
249,2.198153794825794e-17,0.009951203484914234,1.0577582170590287e-17,0.0005631242251644391,0.009951203484914234,0.0011518651398691722
250,2.008087865198e-17,0.009811708700577695,7.933186627942715e-18,0.0005560678743987148,0.009811708700577695,0.0011359411212323947
251,2.247736211250436e-17,0.0096742919497891,7.933186627942715e-18,0.0005491012740435706,0.0096742919497891,0.0011202442597409992
252,2.1155164341180575e-17,0.009538919471294038,4.759911976765629e-17,0.0005422232494477772,0.009538919471294038,0.0011047716942651953
253,2.1155164341180575e-17,0.009405558273715016,7.4043075194132e-17,0.0005354326423023933,0.009405558273715016,0.001089520618019035
254,2.247736211250436e-17,0.0092741759530971,8.990944845001744e-17,0.0005287283102397688,0.0092741759530971,0.0010744882622686896
255,2.1155164341180575e-17,0.00914474224205612,1.3221977713237859e-17,0.0005221091265069549,0.00914474224205612,0.0010596718946119413
256,2.3799559883828145e-17,0.009017224703239485,7.933186627942715e-18,0.000515573979690616,0.009017224703239483,0.0010450683795970113
257,2.1155164341180575e-17,0.008891592733645478,5.5532306395599e-17,0.0005091217734758298,0.00889159273364548,0.0010306749181670989
258,2.1155164341180575e-17,0.008767816381552862,1.2693098604708345e-16,0.0005027514264268089,0.008767816381552865,0.0010164889757427941
259,2.1568351144719258e-17,0.008645867766224632,5.024351531030386e-17,0.0004964618717811804,0.008645867766224632,0.0010025073366148765
260,2.1155164341180575e-17,0.008525749076806246,1.7453010581473974e-16,0.000490252057252236,0.008525749076806246,0.0009887288636199999
261,2.1155164341180575e-17,0.008407419665960246,5.817670193824657e-17,0.0004841209562978432,0.008407419665960248,0.0009751574112809633
262,2.1155164341180575e-17,0.008290800585601443,1.5601933701620673e-16,0.0004780675365032624,0.008290800585601443,0.0009617809919120498
263,2.0204834693041602e-17,0.008175892614317446,2.3799559883828145e-17,0.0004720907537478312,0.008175892614317446,0.0009486074538935902
264,2.3799559883828145e-17,0.008062669963037465,1.4015296376032129e-16,0.000466189612601379,0.008062669963037465,0.0009356308168817687
265,1.8510768798533e-17,0.00795110339083365,9.255384399266501e-17,0.0004603631399599387,0.007951103390833651,0.0009228426895803887
266,2.1155164341180575e-17,0.007841165388651393,3.173274651177086e-17,0.00045461037256817535,0.007841165388651393,0.000910236799192606
267,2.3303735719581726e-17,0.007732829986508434,6.082109748089415e-17,0.0004489303564548207,0.007732829986508436,0.0008978088768976952
268,2.1155164341180575e-17,0.007626074093647294,1.216421949617883e-16,0.0004433221488416841,0.007626074093647292,0.0008855564207852034
269,1.8510768798533e-17,0.00752087499645228,1.29575381589731e-16,0.00043778481956360197,0.00752087499645228,0.0008734779675733022
270,2.1155164341180575e-17,0.0074172110548053815,2.1155164341180575e-17,0.0004323174515588873,0.007417211054805382,0.0008615709661915434
271,2.3799559883828145e-17,0.007315061640899483,2.6443955426475718e-17,0.0004269191407364715,0.007315061640899484,0.0008498336351933176
272,2.3799559883828145e-17,0.0072143996906587375,8.197626182207473e-17,0.00042158899558413475,0.007214399690658739,0.0008382640964188955
273,2.1155164341180575e-17,0.007115202105680029,1.1899779941914072e-16,0.0004163261367466078,0.00711520210568003,0.0008268646838820872
274,2.1155164341180575e-17,0.007017446063835337,1.771745013573873e-16,0.00041112969667046577,0.007017446063835338,0.0008156309226613678
275,1.8510768798533e-17,0.006921109086134884,1.0048703062060772e-16,0.00040599881933244854,0.006921109086134883,0.0008045580410547742
276,2.3799559883828145e-17,0.006826169083210365,4.495472422500872e-17,0.000400932660034152,0.006826169083210364,0.0007936434953298428
277,2.3799559883828145e-17,0.00673260437000261,6.346549302354172e-17,0.0003959303852386735,0.0067326043700026116,0.0007828848715610135
278,2.1155164341180575e-17,0.006640396940686867,1.8510768798533e-17,0.00039099117242967843,0.006640396940686866,0.0007722798645134694
279,1.9832966569856786e-17,0.0065495271393240205,3.173274651177086e-17,0.0003861142099800428,0.006549527139324022,0.0007618265012529338
280,2.5617581819398352e-17,0.006459971305818399,7.668747073677958e-17,0.0003812986970229979,0.0064599713058183985,0.0007515223866343205
281,2.3799559883828145e-17,0.006371711254062351,1.11064612791198e-16,0.0003765438433230364,0.006371711254062352,0.0007413651309493671
282,2.247736211250436e-17,0.0062847233229760616,2.6443955426475718e-17,0.0003718488691452316,0.0062847233229760616,0.0007313527898267006
283,2.3799559883828145e-17,0.006198988028385947,1.0577582170590287e-16,0.000367213005122817,0.006198988028385946,0.0007214829703200605
284,2.1155164341180575e-17,0.0061144880564486664,3.437714205441843e-17,0.00036263549212365177,0.006114488056448666,0.0007117535551443043
285,2.2146812669673412e-17,0.006031202970625778,1.3221977713237859e-17,0.0003581155811160138,0.006031202970625777,0.0007021781705777334
286,2.512175765515193e-17,0.0059491578361849165,1.0577582170590287e-17,0.00035365253303375546,0.0059491578361849165,0.0006927568318669822
287,2.3799559883828145e-17,0.005868302391927345,1.4279735930296887e-16,0.0003492456186417669,0.005868302391927345,0.00068347225672321
288,2.3799559883828145e-17,0.0057886056149703,3.966593313971357e-17,0.0003448941184017954,0.005788605614970299,0.0006743205517587089
289,1.9832966569856786e-17,0.005710048981397081,6.61098885661893e-17,0.00034059732233900596,0.0057100489813970805,0.0006652977833510088
290,2.512175765515193e-17,0.005632615159882752,2.1155164341180575e-17,0.00033635452990957854,0.0056326151598827525,0.0006564022358349058
291,2.512175765515193e-17,0.005556287096402378,7.933186627942715e-17,0.0003321650498695327,0.005556287096402378,0.0006476336834621287
292,2.247736211250436e-17,0.005481048009684591,3.173274651177086e-17,0.0003280282001448835,0.005481048009684592,0.0006389911107838064
293,2.247736211250436e-17,0.0054068813867497794,2.3799559883828145e-17,0.000323943307703428,0.0054068813867497794,0.0006304701138539267
294,2.1155164341180575e-17,0.005333771079278969,2.141960389544533e-16,0.00031990970842803255,0.005333771079278969,0.000622068716896388
295,2.247736211250436e-17,0.005261701606040671,7.933186627942715e-18,0.0003159267469917456,0.0052617016060406705,0.0006137850040384839
296,2.1155164341180575e-17,0.005190656600264444,7.933186627942715e-18,0.0003119937767342854,0.005190656600264443,0.0006056173573138528
297,2.0494065455518682e-17,0.005120620579532337,7.933186627942715e-18,0.0003081101595407091,0.005120620579532337,0.0005975641066055773
298,2.1155164341180575e-17,0.005051578308471957,1.0048703062060772e-16,0.0003042752657215781,0.0050515783084719565,0.0005896244197821014
299,2.1155164341180575e-17,0.004983514794751165,1.11064612791198e-16,0.0003004884738946976,0.004983514794751165,0.0005817963577964943
300,1.8510768798533e-17,0.004916415306683698,4.759911976765629e-17,0.0002967491708691025,0.0049164153066837,0.0005740777048782324
301,2.1155164341180575e-17,0.004850265675677032,1.9039647907062516e-16,0.0002930567515302407,0.004850265675677031,0.0005664753658006113
302,2.0494065455518682e-17,0.0047850581695176855,2.3799559883828145e-17,0.00028941061872712025,0.0047850581695176855,0.0005589899597110218
303,2.1155164341180575e-17,0.0047207715707756025,8.726505290736987e-17,0.00028581018316124404,0.0047207715707756025,0.0005516081333135659
304,2.2146812669673412e-17,0.004657414333143832,4.231032868236115e-17,0.00028225473633358873,0.004657414333143832,0.0005443331934504556
305,2.1155164341180575e-17,0.0045950081334285514,1.3221977713237859e-17,0.0002787438258152527,0.004595008133428551,0.0005372857821494058
306,2.512175765515193e-17,0.004533402191452668,5.024351531030386e-17,0.00027527761064122594,0.004533402191452669,0.0005302111686744678
307,1.586637325588543e-17,0.004472743877814027,3.173274651177086e-17,0.0002718548307050449,0.004472743877814027,0.0005232398858622103
308,2.1155164341180575e-17,0.004412996250024381,6.082109748089415e-17,0.0002684748807181385,0.004412996250024381,0.0005163840614420249
309,2.0328790734103208e-17,0.004354104631505197,1.29575381589731e-16,0.00026513728079073304,0.004354104631505197,0.0005096300601360786
310,2.1155164341180575e-17,0.004296060470538647,5.288791085295144e-18,0.0002618415424224165,0.004296060470538648,0.0005029780555694031
311,2.1155164341180575e-17,0.004238853756699331,8.46206573647223e-17,0.0002585871520577581,0.004238853756699331,0.0004964140413128797
312,1.8510768798533e-17,0.004182452103157228,7.933186627942715e-18,0.00025537358115140796,0.004182452103157228,0.0004899501018367083
313,2.3799559883828145e-17,0.004126821560730602,4.759911976765629e-17,0.0002522002967294233,0.004126821560730602,0.0004835678142048053
314,2.4130109326659093e-17,0.004071956205166229,3.7021537597066e-17,0.0002490667683668034,0.00407195620516623,0.00047726804014743506
315,2.3138460998166252e-17,0.004017849341577153,8.990944845001744e-17,0.00024597247230102176,0.004017849341577153,0.0004710564574804128
316,1.9171867684194894e-17,0.003964501141761427,8.46206573647223e-17,0.00024291689355818158,0.003964501141761428,0.0004649302659853423
317,2.1155164341180575e-17,0.003911893992368305,8.197626182207473e-17,0.00023989952679901415,0.003911893992368305,0.00045888562067544243
318,2.247736211250436e-17,0.0038600172295943738,8.726505290736987e-17,0.0002369198763897684,0.0038600172295943738,0.0004529217038731113
319,2.1155164341180575e-17,0.0038088603553632916,1.3221977713237859e-17,0.00023397745604330535,0.0038088603553632916,0.00044703761177486076
320,2.1155164341180575e-17,0.0037584127338455013,1.11064612791198e-16,0.00023107178826350938,0.0037584127338455013,0.0004412325269807399
321,2.1155164341180575e-17,0.0037086637682802377,7.933186627942715e-18,0.00022820240373952298,0.0037086637682802372,0.00043550535465720057
322,2.3799559883828145e-17,0.0036596030010788913,2.9088350969123285e-17,0.00022536884077431138,0.003659603001078891,0.00042985501853114
323,2.3799559883828145e-17,0.003611220160197078,3.437714205441843e-17,0.0002225706447866408,0.0036112201601970766,0.0004242804482606965
324,1.9832966569856786e-17,0.003563505173146818,6.875428410883686e-17,0.00021980736789744236,0.0035635051731468174,0.0004187806111993021
325,1.9832966569856786e-17,0.003516449009369705,8.197626182207473e-17,0.00021707856859543538,0.003516449009369706,0.0004133544950036837
326,2.2973186276750778e-17,0.0034700411943982597,7.668747073677958e-17,0.000214383811470778,0.0034700411943982597,0.0004080011095642087
327,2.1155164341180575e-17,0.003424272123231751,5.024351531030386e-17,0.000211722667001861,0.003424272123231751,0.0004027194325702483
328,2.1155164341180575e-17,0.0033791324496525335,2.6443955426475718e-17,0.0002090947113839864,0.0033791324496525335,0.0003975083910620112
329,2.0824614898349627e-17,0.0033346129835650678,2.697283453500523e-16,0.00020649952638797896,0.0033346129835650678,0.000392366990188468
330,1.9832966569856786e-17,0.0032907082602546974,7.933186627942715e-18,0.00020393669924153104,0.003290708260254698,0.00038729424920885857
331,2.512175765515193e-17,0.0032474067372368237,5.5532306395599e-17,0.0002014058225263335,0.0032474067372368237,0.000382289202051991
332,2.247736211250436e-17,0.003204698663474138,3.437714205441843e-17,0.0001989064940866557,0.0032046986634741382,0.0003773508974947152
333,2.3799559883828145e-17,0.003162575635765579,1.1899779941914072e-16,0.00019643831694624372,0.003162575635765579,0.0003724784004917266
334,2.070065885728802e-17,0.003121029368681767,1.3486417267502615e-16,0.0001940008992309776,0.0031210293686817657,0.00036767080000248766
335,2.1155164341180575e-17,0.0030800510867697944,1.3486417267502615e-16,0.00019159385409592625,0.003080051086769795,0.00036292717581152536
336,2.1155164341180575e-17,0.0030396330715223036,4.495472422500872e-17,0.0001892167996550998,0.0030396330715223028,0.00035824663452381516
337,1.8510768798533e-17,0.0029997673399707273,4.759911976765629e-17,0.00018686935891410773,0.0029997673399707273,0.00035362829646398415
338,1.8510768798533e-17,0.0029604452056913614,9.255384399266501e-17,0.00018455115970427392,0.002960445205691362,0.0003490712953692068
339,2.1155164341180575e-17,0.0029216594701173978,2.644395542647572e-18,0.00018226183461818313,0.0029216594701173973,0.00034457480410557097
340,2.247736211250436e-17,0.0028834019057004294,5.2887910852951437e-17,0.0001800010209467625,0.0028834019057004294,0.0003401380491199557
341,2.1155164341180575e-17,0.002845665230390882,2.9088350969123285e-17,0.00017776836061707442,0.0028456652303908815,0.00033576010648682397
342,1.9832966569856786e-17,0.0028084415442113865,1.29575381589731e-16,0.0001755635001312976,0.0028084415442113865,0.0003314401607827563
343,2.247736211250436e-17,0.0027717234362294235,3.437714205441843e-17,0.00017338609050643675,0.0027717234362294235,0.00032717740869704724
344,1.9171867684194894e-17,0.002735503660479281,6.082109748089415e-17,0.00017123578721500374,0.002735503660479281,0.00032297105880427733
345,2.363428516241267e-17,0.00269977508238233,5.2887910852951437e-17,0.00016911225012649668,0.0026997750823823294,0.0003188203313518953
346,2.148571378401152e-17,0.0026645307763374397,2.9088350969123285e-17,0.0001670151434493821,0.0026645307763374397,0.0003147261559245195
347,2.495648293373646e-17,0.0026297644686919925,7.933186627942715e-18,0.00016494413567437818,0.0026297644686919925,0.00031068607979677743
348,2.247736211250436e-17,0.0025954688187961755,5.024351531030386e-17,0.0001628988995178854,0.002595468818796175,0.0003066992956386403
349,1.8510768798533e-17,0.002561637295120036,3.966593313971357e-17,0.0001608791118667182,0.002561637295120036,0.0003027650700589135
350,2.1155164341180575e-17,0.002528263059874196,1.3221977713237859e-17,0.00015888445372306235,0.002528263059874196,0.00029888268038836657
351,2.34690104409972e-17,0.002495339668214713,6.61098885661893e-17,0.00015691461015071573,0.0024953396682147124,0.0002950514145196227
352,2.1155164341180575e-17,0.0024628605356749466,2.644395542647572e-18,0.00015496927022159816,0.0024628605356749466,0.0002912705707314294
353,1.8510768798533e-17,0.002430819246533117,2.1155164341180575e-17,0.00015304812696307658,0.0024308192465331163,0.00028753945752904786
354,2.3799559883828145e-17,0.0023992095893039895,2.1155164341180575e-17,0.00015115087730629626,0.0023992095893039895,0.0002838573934838874
355,2.1155164341180575e-17,0.0023680254465336765,9.784263507796015e-17,0.00014927722203494573,0.002368025446533677,0.000280223707071444
356,2.247736211250436e-17,0.00233726079326365,2.6443955426475718e-17,0.00014742686573455087,0.00233726079326365,0.0002766377365239319
357,1.9832966569856786e-17,0.0023069096955518746,9.784263507796015e-17,0.00014559951674300922,0.002306909695551875,0.0002730988296673188
358,2.3799559883828145e-17,0.002276966308969807,5.5532306395599e-17,0.00014379488710132386,0.002276966308969807,0.000269606343783634
359,2.3799559883828145e-17,0.00224742487717219,2.3799559883828145e-17,0.0001420126925053087,0.0022474248771721895,0.0002661596454558998
360,2.1155164341180575e-17,0.0022182799470028846,3.437714205441843e-17,0.00014025265225749324,0.0022182799470028846,0.0002627581104194082
361,2.0163516012687734e-17,0.002189525724363899,1.2693098604708345e-16,0.00013851448922050195,0.002189525724363899,0.0002594011234287804
362,2.1155164341180575e-17,0.0021611568294951805,1.216421949617883e-16,0.00013679792977023403,0.0021611568294951805,0.00025608807811660375
363,2.0494065455518682e-17,0.002133168061395088,3.437714205441843e-17,0.00013510270375024017,0.002133168061395088,0.0002528183768452488
364,2.1155164341180575e-17,0.002105553714332124,1.1635340387649314e-16,0.00013342854442639426,0.002105553714332124,0.0002495914305803747
365,1.9832966569856786e-17,0.0020783085320304007,5.288791085295144e-18,0.00013177518844257122,0.0020783085320304007,0.0002464066587556298
366,2.1155164341180575e-17,0.002051427336809835,1.0577582170590287e-17,0.00013014237577633342,0.002051427336809835,0.00024326348913564878
367,2.6443955426475718e-17,0.002024905118757903,2.1155164341180575e-17,0.0001285298496960484,0.002024905118757903,0.00024016135769971782
368,1.9832966569856786e-17,0.0019987368689827513,1.11064612791198e-16,0.00012693735671772885,0.001998736868982751,0.00023709970849495338
369,2.1155164341180575e-17,0.001972917525392211,1.11064612791198e-16,0.0001253646465631305,0.0019729175253922105,0.00023407799353462088
370,2.3799559883828145e-17,0.0019474422125294471,1.507305459309116e-16,0.00012381147211795382,0.0019474422125294471,0.00023109567265160055
371,1.884131824136395e-17,0.0019223081413213933,2.1155164341180575e-17,0.00012227758939108678,0.0019223081413213933,0.00022815221340066616
372,2.0163516012687734e-17,0.001897510504854625,3.437714205441843e-17,0.00012076275747395157,0.001897510504854625,0.0002252470909169174
373,2.4460658769490037e-17,0.0018730425689177583,7.933186627942715e-18,0.00011926673850064934,0.0018730425689177583,0.00022237978947874185
374,1.8510768798533e-17,0.001848899744733929,6.082109748089415e-17,0.00011778929760861666,0.001848899744733929,0.00021954980056039633
375,2.1155164341180575e-17,0.0018250775114817726,5.288791085295144e-18,0.00011633020289987181,0.0018250775114817728,0.00021675799970026632
376,2.1155164341180575e-17,0.0018015714151619559,1.586637325588543e-16,0.00011488922540248657,0.0018015714151619559,0.00021400259900854475
377,2.1155164341180575e-17,0.001778377067574462,9.519823953531258e-17,0.00011346613903305547,0.0017783770675744621,0.00021128306577379135
378,1.9171867684194894e-17,0.0017554901987642136,8.726505290736987e-17,0.00011206072055932985,0.0017554901987642138,0.00020859881998486936
379,2.1155164341180575e-17,0.0017329066445257073,3.7021537597066e-17,0.00011067274956349377,0.0017329066445257075,0.00020594938784024427
380,1.8510768798533e-17,0.001710622282423394,9.784263507796015e-17,0.00010930200840571745,0.001710622282423394,0.0002033343023516342
381,2.247736211250436e-17,0.0016886331226572614,8.46206573647223e-17,0.00010794828218869956,0.0016886331226572612,0.0002007531032960235
382,2.1155164341180575e-17,0.0016669346940550792,7.933186627942715e-18,0.00010661135872207933,0.0016669346940550794,0.00019820534153194207
383,2.1155164341180575e-17,0.0016455230107026097,8.46206573647223e-17,0.00010529102848778546,0.0016455230107026099,0.00019569056594724983
384,1.9832966569856786e-17,0.0016243943892753421,5.288791085295144e-18,0.00010398708460567993,0.0016243943892753424,0.00019320833447699615
385,2.1155164341180575e-17,0.0016035446213256866,2.644395542647572e-18,0.0001026993227993666,0.001603544621325687,0.0001907582122498002
386,2.247736211250436e-17,0.0015829698668654863,3.966593313971357e-17,0.0001014275413633442,0.0015829698668654863,0.0001883398921235601
387,2.1155164341180575e-17,0.0015626663419802426,7.933186627942715e-17,0.00010017154112951752,0.0015626663419802426,0.00018595309142555738
388,2.4791208212320985e-17,0.0015426303179909267,1.0577582170590287e-17,9.893112543474074e-05,0.0015426303179909267,0.00018359717690124173
389,2.1155164341180575e-17,0.001522858120564015,2.644395542647572e-18,9.770610008883775e-05,0.001522858120564015,0.00018127167716457397
390,2.3799559883828145e-17,0.0015033461288675824,2.9088350969123285e-17,9.649627334291748e-05,0.0015033461288675822,0.00017897655027686348
391,2.6443955426475718e-17,0.0014840907747575335,8.726505290736987e-17,9.530145585788866e-05,0.0014840907747575335,0.000176711307865612
392,1.9832966569856786e-17,0.0014650885850623664,1.216421949617883e-16,9.4121460673946e-05,0.0014650885850623666,0.00017447526026544925
393,2.1155164341180575e-17,0.0014463362860206834,8.197626182207473e-17,9.295610317970951e-05,0.0014463362860206834,0.000172268019877875
394,2.024615337339547e-17,0.0014278302184534417,1.9832966569856788e-16,9.180520108269079e-05,0.0014278302184534417,0.00017008920448803315
395,1.7188571027209216e-17,0.0014095670170304892,7.933186627942715e-18,9.066857437923029e-05,0.0014095670170304895,0.00016793843717753892
396,2.1155164341180575e-17,0.0013915433651218107,2.9088350969123285e-17,8.954604532550141e-05,0.0013915433651218103,0.00016581534626282184
397,2.247736211250436e-17,0.0013737559940177572,1.8510768798533e-17,8.84374384084799e-05,0.0013737559940177572,0.0001637195652024624
398,2.3799559883828145e-17,0.0013562016822127243,5.024351531030386e-17,8.734258031767653e-05,0.0013562016822127243,0.00016165073252759636
399,1.8510768798533e-17,0.0013388772546433822,1.11064612791198e-16,8.626129991686111e-05,0.0013388772546433826,0.00015960849177232048
400,2.1155164341180575e-17,0.0013217795819940679,1.956852701559203e-16,8.51934282165151e-05,0.001321779581994068,0.00015759249138831585
401,2.1155164341180575e-17,0.0013049055799855707,4.495472422500872e-17,8.413879834624077e-05,0.0013049055799855707,0.00015560238468205047
402,1.8510768798533e-17,0.0012882522086763632,0.0,8.309724552790776e-05,0.0012882522086763634,0.00015363782974593652
403,2.1155164341180575e-17,0.0012718164717729701,3.966593313971357e-17,8.206860704899031e-05,0.0012718164717729701,0.00015169848956855204
404,2.247736211250436e-17,0.0012555954159894575,6.082109748089415e-17,8.105272223628626e-05,0.0012555954159894573,0.00014978403201508896
405,2.1155164341180575e-17,0.0012395861303427641,1.586637325588543e-17,8.004943242995687e-05,0.001239586130342764,0.00014789412845963565
406,1.9832966569856786e-17,0.0012237857455165784,4.759911976765629e-17,7.905858095782689e-05,0.0012237857455165784,0.00014602845542239828
407,2.3799559883828145e-17,0.0012081914332561854,1.1370900833384558e-16,7.808001311034388e-05,0.0012081914332561854,0.00014418669386369524
408,2.1155164341180575e-17,0.0011928004056819149,8.197626182207473e-17,7.711357611529454e-05,0.0011928004056819146,0.00014236852913623998
409,2.0494065455518682e-17,0.0011776099147236525,3.966593313971357e-17,7.615911911350998e-05,0.0011776099147236528,0.000140573650892087
410,2.1155164341180575e-17,0.00116261725148622,0.0,7.521649313444942e-05,0.0011626172514862198,0.00013880175303504296
411,2.3799559883828145e-17,0.0011478197456422634,7.4043075194132e-17,7.42855510721483e-05,0.0011478197456422634,0.00013705253366495966
412,2.2146812669673412e-17,0.0011332147648768446,2.6443955426475718e-17,7.336614766167808e-05,0.0011332147648768444,0.0001353256950087403
413,1.8510768798533e-17,0.0011187997142744748,6.082109748089415e-17,7.245813945571875e-05,0.0011187997142744748,0.00013362096581172125
414,2.3799559883828145e-17,0.0011045720357771543,7.4043075194132e-17,7.156138480154776e-05,0.0011045720357771545,0.00013193811229913487
415,2.1155164341180575e-17,0.0010905292075947008,4.495472422500872e-17,7.06757438183065e-05,0.0010905292075947008,0.0001302767668437266
416,2.247736211250436e-17,0.0010766687436837069,2.9088350969123285e-17,6.980107837447486e-05,0.0010766687436837067,0.0001286366476929193
417,2.6443955426475718e-17,0.001062988193203113,3.7021537597066e-17,6.89372520657882e-05,0.001062988193203113,0.00012701747692965876
418,2.512175765515193e-17,0.0010494851399460465,1.8510768798533e-17,6.808413019333652e-05,0.0010494851399460467,0.00012541898041943644
419,1.9171867684194894e-17,0.0010361572018638661,1.3221977713237859e-17,6.724157974194109e-05,0.0010361572018638661,0.00012384088775088182
420,2.6443955426475718e-17,0.001023002030517645,4.231032868236115e-17,6.640946935891276e-05,0.0010230020305176447,0.00012228293220358833
421,2.1816263226842467e-17,0.0010100173105882162,1.586637325588543e-17,6.558766933302713e-05,0.0010100173105882162,0.00012074485138676485
422,2.512175765515193e-17,0.000997200759355792,1.692413147294446e-16,6.477605157369053e-05,0.000997200759355792,0.00011922638499419295
423,2.3799559883828145e-17,0.0009845501262506604,6.082109748089415e-17,6.397448959047022e-05,0.0009845501262506604,0.00011772727708265026
424,2.3799559883828145e-17,0.0009720631923122618,9.255384399266501e-17,6.318285847292833e-05,0.0009720631923122618,0.00011624727509976725
425,2.1155164341180575e-17,0.0009597377697643721,1.586637325588543e-17,6.240103487063775e-05,0.0009597377697643721,0.00011478612981502381
426,2.247736211250436e-17,0.0009475717015276392,7.4043075194132e-17,6.162889697342369e-05,0.000947571701527639,0.0001133435954587392
427,2.0494065455518682e-17,0.0009355628607604768,6.61098885661893e-17,6.086632449206486e-05,0.000935562860760477,0.00011191942958490497
428,2.247736211250436e-17,0.0009237091504005006,2.6443955426475718e-17,6.0113198638838544e-05,0.0009237091504005006,0.00011051339301760154
429,1.9171867684194894e-17,0.0009120085027237041,2.9088350969123285e-17,5.936940210882029e-05,0.0009120085027237039,0.00010912524981331512
430,2.77661531977995e-17,0.0009004588789222552,2.3799559883828145e-17,5.863481906105347e-05,0.0009004588789222552,0.00010775476720151994
431,2.3799559883828145e-17,0.0008890582686427451,2.1155164341180575e-17,5.7909335100135226e-05,0.0008890582686427451,0.00010640171556116546
432,2.512175765515193e-17,0.0008778046895953006,2.1155164341180575e-17,5.7192837257975804e-05,0.0008778046895953006,0.00010506586835499433
433,2.1155164341180575e-17,0.0008666961871102989,6.346549302354172e-17,5.648521397574012e-05,0.0008666961871102989,0.00010374700209318607
434,2.1155164341180575e-17,0.0008557308704802795,5.024351531030386e-17,5.578635508623163e-05,0.0008557308704802795,0.00010244489629295248
435,2.3799559883828145e-17,0.0008449068428785045,6.875428410883686e-17,5.5096151796128756e-05,0.0008449068428785045,0.00010115933343600958
436,1.9832966569856786e-17,0.0008342221868504619,3.7021537597066e-17,5.441449666910604e-05,0.0008342221868504618,9.989009892029057e-05
437,2.1155164341180575e-17,0.0008236750542804094,0.0,5.37412836081573e-05,0.0008236750542804095,9.863698125260216e-05
438,2.1155164341180575e-17,0.0008132636226935061,2.9088350969123285e-17,5.307640783928924e-05,0.0008132636226935061,9.739977171639178e-05
439,1.884131824136395e-17,0.0008029861788429616,1.3221977713237859e-17,5.2419765894521145e-05,0.0008029861788429617,9.617826381392257e-05
440,2.1155164341180575e-17,0.0007928408666175544,1.3221977713237859e-17,5.177125559555247e-05,0.0007928408666175544,9.497225422820396e-05
441,2.198153794825794e-17,0.0007828259350604147,0.0,5.113077603765594e-05,0.0007828259350604147,9.378154235244362e-05
442,1.9832966569856786e-17,0.0007729396606215083,1.0842021724855044e-16,5.049822757338847e-05,0.0007729396606215081,9.260593026955406e-05
443,2.512175765515193e-17,0.0007631803435459616,1.0577582170590287e-17,4.987351179712614e-05,0.0007631803435459616,9.144522270632589e-05
444,1.9832966569856786e-17,0.0007535463197812476,5.5532306395599e-17,4.925653152926951e-05,0.0007535463197812474,9.029922699127793e-05
445,2.1155164341180575e-17,0.0007440238431559875,5.2887910852951437e-17,4.864719829490542e-05,0.0007440238431559875,8.916558768970998e-05
446,1.8138900675348186e-17,0.0007346188633288554,8.726505290736987e-17,4.804541527353087e-05,0.0007346188633288552,8.804556565137469e-05
447,2.1155164341180575e-17,0.000725336780567308,1.6395252364414946e-16,4.7451086566743794e-05,0.000725336780567308,8.694000676467819e-05
448,2.1155164341180575e-17,0.0007161763362346786,2.9088350969123285e-17,4.686411994385929e-05,0.0007161763362346785,8.584857761086656e-05
449,1.8510768798533e-17,0.0007071352605209146,1.29575381589731e-16,4.628442436422145e-05,0.0007071352605209146,8.477098884807084e-05
450,2.1155164341180575e-17,0.0006982114421549102,2.3799559883828145e-17,4.571190974979843e-05,0.0006982114421549101,8.37070845846286e-05
451,2.7435603754968556e-17,0.0006894030022054987,3.173274651177086e-17,4.514648702106522e-05,0.0006894030022054987,8.265674271361608e-05
452,1.9502417127025842e-17,0.0006807082036422124,1.0577582170590287e-17,4.4588068099050623e-05,0.0006807082036422125,8.161983589886067e-05
453,2.1155164341180575e-17,0.0006721253877924349,2.1155164341180575e-17,4.4036565898684585e-05,0.0006721253877924349,8.05962065764614e-05
454,2.3799559883828145e-17,0.0006636529538240442,4.759911976765629e-17,4.349189433584984e-05,0.0006636529538240442,7.958568585990567e-05
455,2.3799559883828145e-17,0.0006552893333076135,3.966593313971357e-17,4.295396834433016e-05,0.0006552893333076135,7.858810463692067e-05
456,2.1155164341180575e-17,0.000647033000797486,1.586637325588543e-17,4.242270389346117e-05,0.000647033000797486,7.760328195339486e-05
457,2.247736211250436e-17,0.0006388824063509669,3.437714205441843e-17,4.189801799068041e-05,0.000638882406350967,7.663105003865455e-05
458,2.1155164341180575e-17,0.0006308360966846275,1.0842021724855044e-16,4.1379828699750557e-05,0.0006308360966846275,7.567123551836084e-05
459,2.9088350969123285e-17,0.000622892747411813,5.5532306395599e-17,4.086805514312737e-05,0.000622892747411813,7.47236487102592e-05
460,2.1155164341180575e-17,0.0006150509854258464,8.46206573647223e-17,4.0362617472616824e-05,0.0006150509854258464,7.378812459517298e-05
461,1.784966991287111e-17,0.0006073094521468269,1.216421949617883e-16,3.986343686558473e-05,0.0006073094521468269,7.286450734265325e-05
462,2.1155164341180575e-17,0.0005996668137413184,5.5532306395599e-17,3.937043551282236e-05,0.0005996668137413184,7.195263424079235e-05
463,2.512175765515193e-17,0.0005921217609215877,5.2887910852951437e-17,3.888353660431304e-05,0.0005921217609215877,7.10523489733703e-05
464,2.247736211250436e-17,0.0005846730071600735,1.2428659050443587e-16,3.8402664313897175e-05,0.0005846730071600734,7.016349744050091e-05
465,2.1155164341180575e-17,0.0005773192869861065,1.0577582170590287e-17,3.7927743784371e-05,0.0005773192869861064,6.928593152426538e-05
466,2.1155164341180575e-17,0.000570059364205385,3.7021537597066e-17,3.745870111228171e-05,0.000570059364205385,6.841949743233055e-05
467,2.247736211250436e-17,0.0005628920303185033,6.61098885661893e-17,3.699546333330375e-05,0.0005628920303185033,6.756404773858089e-05
468,2.3799559883828145e-17,0.0005558160949185131,2.3799559883828145e-17,3.653795840830032e-05,0.0005558160949185131,6.671943724019678e-05
469,2.1155164341180575e-17,0.0005488303255884536,1.0577582170590287e-17,3.6086115208812386e-05,0.0005488303255884536,6.588552289712745e-05
470,1.9832966569856786e-17,0.0005419335399598883,4.495472422500872e-17,3.5639863504247776e-05,0.0005419335399598883,6.506216570355999e-05
471,2.77661531977995e-17,0.0005351246030025504,1.0577582170590287e-16,3.51991339484891e-05,0.0005351246030025506,6.424922572594014e-05
472,2.1155164341180575e-17,0.0005284023428691403,7.4043075194132e-17,3.47638580672216e-05,0.0005284023428691403,6.344656515216973e-05
473,1.8510768798533e-17,0.0005217656320934125,1.0842021724855044e-16,3.43339682456513e-05,0.0005217656320934124,6.265404923458215e-05
474,2.1155164341180575e-17,0.000515213358526819,8.197626182207473e-17,3.390939771646603e-05,0.000515213358526819,6.187154519505484e-05
475,2.1155164341180575e-17,0.000508744425042256,7.933186627942715e-17,3.3490080548178106e-05,0.000508744425042256,6.109892219967644e-05
476,1.8510768798533e-17,0.0005023577492773466,1.3221977713237859e-17,3.3075951633727146e-05,0.0005023577492773466,6.0336051311409175e-05
477,1.9832966569856786e-17,0.0004960522633903255,1.3221977713237859e-17,3.266694667949932e-05,0.0004960522633903255,5.958280546786497e-05
478,2.1155164341180575e-17,0.0004898269138264935,4.759911976765629e-17,3.22630021940256e-05,0.0004898269138264935,5.883905944798959e-05
479,2.26839555142737e-17,0.0004836806611050469,1.8510768798533e-17,3.186405547798976e-05,0.0004836806611050469,5.81046898330313e-05
480,2.247736211250436e-17,0.00047761247960618656,5.024351531030386e-17,3.1470044613377685e-05,0.00047761247960618656,5.737957576842853e-05
481,2.247736211250436e-17,0.0004716213573795202,5.288791085295144e-18,3.108090845340729e-05,0.0004716213573795202,5.666359795524723e-05
482,2.3799559883828145e-17,0.00046570629594214116,6.61098885661893e-17,3.069658661254519e-05,0.00046570629594214116,5.595663655398571e-05
483,2.247736211250436e-17,0.00045986631007938276,1.48086150388264e-16,3.0317019456653493e-05,0.00045986631007938276,5.525857499088747e-05
484,2.1155164341180575e-17,0.00045410042771065957,2.644395542647572e-18,2.9942148093301327e-05,0.0004541004277106596,5.45692984187663e-05
485,2.1816263226842467e-17,0.00044840768964902593,3.7021537597066e-17,2.9571914362492777e-05,0.00044840768964902593,5.388869361669407e-05
486,2.1155164341180575e-17,0.00044278714948104255,3.437714205441843e-17,2.920626082699579e-05,0.00044278714948104255,5.321664895324597e-05
487,1.8510768798533e-17,0.00043723787337009943,6.346549302354172e-17,2.8845130763382326e-05,0.00043723787337009943,5.2553104866735294e-05
488,1.9832966569856786e-17,0.0004317589398949108,4.495472422500872e-17,2.8488468153007804e-05,0.0004317589398949108,5.1897930129543144e-05
489,2.1155164341180575e-17,0.0004263494398803344,5.817670193824657e-17,2.8136217672938488e-05,0.0004263494398803343,5.125098686043186e-05
490,1.9832966569856786e-17,0.0004210084762486036,2.0626285232651058e-16,2.7788324687251856e-05,0.0004210084762486036,5.061216962194308e-05
491,2.1155164341180575e-17,0.0004157353092255827,1.8246329244268244e-16,2.744473523848441e-05,0.0004157353092255827,4.998137443631361e-05
492,1.9832966569856786e-17,0.0004105292411483356,1.586637325588543e-16,2.710539603885398e-05,0.00041052924114833565,4.9358498736534016e-05
493,2.3799559883828145e-17,0.0004053890742656066,0.0,2.6770254462141208e-05,0.0004053890742656066,4.874344136048466e-05
494,2.1155164341180575e-17,0.0004003139583618386,2.3799559883828145e-17,2.6439258535224108e-05,0.00040031395836183863,4.813610251656921e-05
495,1.9832966569856786e-17,0.000395303054551295,1.3750856821767373e-16,2.6112356929829453e-05,0.000395303054551295,4.753638376208171e-05
496,2.1155164341180575e-17,0.0003903555350932661,2.1155164341180575e-17,2.5789498954674472e-05,0.0003903555350932661,4.694418798617029e-05
497,2.1155164341180575e-17,0.0003854705832539215,2.3799559883828145e-17,2.547063454743509e-05,0.0003854705832539215,4.6359419377926085e-05
498,1.9832966569856786e-17,0.00038064739315974414,3.966593313971357e-17,2.5155714266592716e-05,0.00038064739315974414,4.578198340801074e-05
499,2.0494065455518682e-17,0.0003758851696464761,1.8510768798533e-17,2.484468928413107e-05,0.000375885169646476,4.521178681591167e-05
500,2.3799559883828145e-17,0.00037118313503962176,9.519823953531258e-17,2.4537511377608484e-05,0.00037118313503962176,4.4648737578119705e-05
501,2.1155164341180575e-17,0.0003665405192913832,1.1635340387649314e-16,2.4234132922681256e-05,0.0003665405192913833,4.409274490447118e-05
502,2.1155164341180575e-17,0.0003619565468093387,8.197626182207473e-17,2.3934506885626983e-05,0.0003619565468093387,4.354371969697757e-05
503,1.8510768798533e-17,0.0003574304637984085,1.3221977713237859e-17,2.36385868159026e-05,0.0003574304637984085,4.300157303093772e-05
504,2.1816263226842467e-17,0.0003529615264836669,1.216421949617883e-16,2.3346326839040685e-05,0.00035296152648366683,4.246621764894232e-05
505,1.9832966569856786e-17,0.0003485490008997991,7.668747073677958e-17,2.305768164938965e-05,0.00034854900089979903,4.1937567448924283e-05
506,2.3799559883828145e-17,0.00034419216282313003,5.024351531030386e-17,2.2772606502949322e-05,0.00034419216282313003,4.141553744578881e-05
507,1.9832966569856786e-17,0.0003398902975886707,2.644395542647572e-18,2.249105721058818e-05,0.0003398902975886707,4.090004378241983e-05
508,2.247736211250436e-17,0.0003356426999858719,1.3221977713237859e-17,2.2212990130922317e-05,0.0003356426999858719,4.0391003686976675e-05
509,2.512175765515193e-17,0.000331448674110456,7.933186627942715e-18,2.1938362163541336e-05,0.00033144867411045607,3.98883359589971e-05
510,2.4460658769490037e-17,0.0003273075332432749,6.875428410883686e-17,2.1667130742442434e-05,0.0003273075332432749,3.9391959499013055e-05
511,2.247736211250436e-17,0.00032321860705849625,2.6443955426475718e-17,2.1399253829152212e-05,0.00032321860705849625,3.890179470617622e-05
512,2.462593349090551e-17,0.00031918125178733375,2.9088350969123285e-17,2.1134689906308207e-05,0.0003191812517873337,3.8417763037461884e-05
513,2.3799559883828145e-17,0.0003151947737725799,3.966593313971357e-17,2.0873397971179694e-05,0.0003151947737725799,3.79397869704881e-05
514,1.9171867684194894e-17,0.000311258521837375,3.173274651177086e-17,2.0615337529188496e-05,0.00031125852183737493,3.746778997538522e-05
515,2.247736211250436e-17,0.000307371853344309,1.8510768798533e-17,2.0360468587655306e-05,0.000307371853344309,3.700169652652815e-05
516,2.512175765515193e-17,0.0003035341341274358,5.817670193824657e-17,2.010875164947662e-05,0.0003035341341274358,3.654143206534792e-05
517,2.1155164341180575e-17,0.0002997447383221242,2.6443955426475718e-17,1.9860147707157286e-05,0.0002997447383221242,3.608692300006827e-05
518,1.9832966569856786e-17,0.0002960030483072767,1.4279735930296887e-16,1.9614618236418052e-05,0.0002960030483072767,3.5638096683531407e-05
519,1.9171867684194894e-17,0.0002923084545368381,8.726505290736987e-17,1.9372125190592407e-05,0.0002923084545368381,3.5194881407096495e-05
520,2.1155164341180575e-17,0.00028866035547440836,9.784263507796015e-17,1.913263099425147e-05,0.0002886603554744084,3.475720638584167e-05
521,2.3799559883828145e-17,0.00028505815744998695,5.817670193824657e-17,1.889609853769625e-05,0.00028505815744998695,3.432500174330168e-05
522,2.008087865198e-17,0.00028150127458607764,1.4279735930296887e-16,1.8662491170964163e-05,0.00028150127458607764,3.389819849371789e-05
523,2.3799559883828145e-17,0.0002779891286524641,2.6443955426475718e-17,1.8431772698347323e-05,0.0002779891286524641,3.347672855422493e-05
524,2.3799559883828145e-17,0.00027452114898671534,5.5532306395599e-17,1.820390737227763e-05,0.0002745211489867154,3.3060524700021155e-05
525,2.1155164341180575e-17,0.0002710967723916959,5.5532306395599e-17,1.7978859888469548e-05,0.0002710967723916959,3.2649520568245796e-05
526,2.1155164341180575e-17,0.0002677154430206401,5.817670193824657e-17,1.775659537975316e-05,0.0002677154430206401,3.224365065642517e-05
527,2.1155164341180575e-17,0.0002643766122844237,0.0,1.7537079410922043e-05,0.00026437661228442366,3.1842850319184786e-05
528,1.8510768798533e-17,0.0002610797387496868,3.437714205441843e-17,1.732027797355512e-05,0.0002610797387496868,3.144705646141761e-05
529,2.1155164341180575e-17,0.00025782428804193094,0.0,1.7106157480387477e-05,0.00025782428804193094,3.1056219219452773e-05
530,2.0494065455518682e-17,0.000254609732766835,6.082109748089415e-17,1.689468476021895e-05,0.000254609732766835,3.067026191204393e-05
531,2.3799559883828145e-17,0.0002514355523703876,2.644395542647572e-18,1.668582705272731e-05,0.0002514355523703876,3.0289123124358305e-05
532,2.1155164341180575e-17,0.0002483012331133236,1.3486417267502615e-16,1.6479552003428877e-05,0.0002483012331133236,2.991274223161619e-05
533,2.0494065455518682e-17,0.00024520626790893157,4.495472422500872e-17,1.6275827658682532e-05,0.00024520626790893157,2.954105937416433e-05
534,2.1155164341180575e-17,0.00024215015627764746,5.288791085295144e-18,1.607462246049421e-05,0.00024215015627764746,2.9174015462469296e-05
535,2.1155164341180575e-17,0.00023913240424972292,4.231032868236115e-17,1.587590524167702e-05,0.00023913240424972292,2.8811552154257052e-05
536,2.3799559883828145e-17,0.00023615252426704045,5.024351531030386e-17,1.5679645221375674e-05,0.0002361525242670405,2.8453611856050136e-05
537,2.6443955426475718e-17,0.00023321003510631548,5.2887910852951437e-17,1.548581199961943e-05,0.00023321003510631548,2.8100137703050357e-05
538,2.3799559883828145e-17,0.0002303044617844326,1.0313142616325529e-16,1.529437555308072e-05,0.0002303044617844326,2.7751073557657414e-05
539,2.3799559883828145e-17,0.0002274353354999558,9.255384399266501e-17,1.5105306230295962e-05,0.0002274353354999558,2.7406363990519086e-05
540,2.0494065455518682e-17,0.00022460219349576167,2.9088350969123285e-17,1.4918574747016522e-05,0.00022460219349576167,2.706595428396217e-05
541,2.247736211250436e-17,0.0002218045790522737,5.288791085295144e-18,1.4734152181446886e-05,0.0002218045790522737,2.6729790852988892e-05
542,2.1155164341180575e-17,0.0002190420413340523,4.495472422500872e-17,1.4552009970202756e-05,0.0002190420413340523,2.6397820227268922e-05
543,2.3138460998166252e-17,0.00021631413995544977,4.495472422500872e-17,1.437211990341046e-05,0.00021631413995544977,2.6069989415756692e-05
544,2.1155164341180575e-17,0.00021362043495905811,1.0842021724855044e-16,1.4194454120751779e-05,0.00021362043495905811,2.5746246426090634e-05
545,2.1816263226842467e-17,0.00021096048864017563,3.437714205441843e-17,1.4018985106589374e-05,0.00021096048864017563,2.54265399326476e-05
546,1.9502417127025842e-17,0.0002083338730716512,1.216421949617883e-16,1.3845685686176418e-05,0.0002083338730716512,2.5110819252015398e-05
547,2.247736211250436e-17,0.0002057401658574196,3.7021537597066e-17,1.367452902128509e-05,0.0002057401658574196,2.479903435343112e-05
548,2.148571378401152e-17,0.00020317895006281863,3.7021537597066e-17,1.3505488605861093e-05,0.00020317895006281863,2.4491135837642156e-05
549,1.7188571027209216e-17,0.0002006498141300719,7.933186627942715e-18,1.333853826209451e-05,0.0002006498141300719,2.4187074924217554e-05
550,1.9832966569856786e-17,0.00019815235181976592,7.139867965148443e-17,1.3173652136299827e-05,0.00019815235181976592,2.3886803470661997e-05
551,2.4460658769490037e-17,0.00019568616213222346,3.7021537597066e-17,1.3010804694908729e-05,0.00019568616213222346,2.359027392209562e-05
552,2.1155164341180575e-17,0.00019325084924291813,5.817670193824657e-17,1.2849970720358803e-05,0.00019325084924291813,2.3297439345899384e-05
553,2.1155164341180575e-17,0.00019084602242171568,7.668747073677958e-17,1.2691125307381229e-05,0.00019084602242171568,2.3008253390917732e-05
554,2.3799559883828145e-17,0.0001884712959931174,2.644395542647572e-18,1.2534243859071634e-05,0.0001884712959931174,2.272267030210969e-05
555,2.3799559883828145e-17,0.00018612628923421218,8.197626182207473e-17,1.2379302082900223e-05,0.00018612628923421218,2.2440644899151813e-05
556,2.3799559883828145e-17,0.00018381062633459177,1.3221977713237859e-17,1.2226275987251012e-05,0.00018381062633459177,2.2162132573251275e-05
557,2.2807911555335305e-17,0.00018152393631593668,1.692413147294446e-16,1.2075141877275833e-05,0.00018152393631593668,2.1887089290999246e-05
558,2.1155164341180575e-17,0.0001792658529720728,7.4043075194132e-17,1.1925876351624384e-05,0.0001792658529720728,2.1615471560522993e-05
559,2.1155164341180575e-17,0.00017703601482207615,5.2887910852951437e-17,1.177845629861049e-05,0.00017703601482207617,2.1347236455571293e-05
560,2.3799559883828145e-17,0.000174834065013234,2.6443955426475718e-17,1.1632858892534487e-05,0.000174834065013234,2.1082341581946836e-05
561,2.3799559883828145e-17,0.00017265965129159807,6.346549302354172e-17,1.148906159034388e-05,0.00017265965129159807,2.082074509070558e-05
562,1.9832966569856786e-17,0.00017051242593544913,1.0577582170590287e-16,1.1347042127973078e-05,0.00017051242593544913,2.0562405654630794e-05
563,2.1155164341180575e-17,0.00016839204567575984,4.759911976765629e-17,1.1206778516891294e-05,0.00016839204567575984,2.030728253337033e-05
564,2.148571378401152e-17,0.00016629817165051918,2.3799559883828145e-17,1.106824904083259e-05,0.00016629817165051918,2.005533541822807e-05
565,2.1155164341180575e-17,0.00016423046935880228,5.2887910852951437e-17,1.093143225228306e-05,0.0001642304693588023,1.980652450219873e-05
566,2.3799559883828145e-17,0.00016218860858639283,7.668747073677958e-17,1.0796306969132821e-05,0.00016218860858639283,1.9560810513655766e-05
567,2.247736211250436e-17,0.00016017226335420662,2.2741801666769117e-16,1.0662852271449419e-05,0.00016017226335420662,1.9318154673655865e-05
568,2.1155164341180575e-17,0.00015818111186718364,4.231032868236115e-17,1.053104749832931e-05,0.00015818111186718364,1.9078518699924256e-05
569,2.1816263226842467e-17,0.00015621483643541543,4.231032868236115e-17,1.0400872244437087e-05,0.00015621483643541543,1.8841864794965854e-05
570,2.1155164341180575e-17,0.00015427312346754963,1.8510768798533e-17,1.027230635708247e-05,0.00015427312346754963,1.8608155628175286e-05
571,2.3799559883828145e-17,0.00015235566337732317,5.5532306395599e-17,1.0145329932759531e-05,0.00015235566337732317,1.8377354354093073e-05
572,2.3799559883828145e-17,0.00015046215052622844,4.495472422500872e-17,1.0019923314692064e-05,0.00015046215052622847,1.814942458423735e-05
573,1.8510768798533e-17,0.00014859228321495462,6.082109748089415e-17,9.896067088999844e-06,0.00014859228321495462,1.7924330390545458e-05
574,2.247736211250436e-17,0.00014674576358029547,4.231032868236115e-17,9.773742082131234e-06,0.00014674576358029547,1.7702036305012654e-05
575,1.9832966569856786e-17,0.00014492229758967945,1.4544175484561645e-16,9.652929357931508e-06,0.00014492229758967945,1.7482507298000458e-05
576,1.9832966569856786e-17,0.0001431215949545844,2.9088350969123285e-17,9.53361021448565e-06,0.0001431215949545844,1.72657087922514e-05
577,1.8676043519948475e-17,0.0001413433691130291,2.9088350969123285e-17,9.415766181368815e-06,0.0001413433691130291,1.7051606635615432e-05
578,2.1816263226842467e-17,0.00013958733714367424,1.0577582170590287e-17,9.299379016575876e-06,0.00013958733714367424,1.6840167119334736e-05
579,2.1155164341180575e-17,0.00013785321975597244,2.5650636763681443e-16,9.184430704014743e-06,0.00013785321975597244,1.663135695013789e-05
580,2.148571378401152e-17,0.00013614074121816072,7.4043075194132e-17,9.07090345038386e-06,0.00013614074121816072,1.6425143259549164e-05
581,2.1155164341180575e-17,0.00013444962932399821,6.875428410883686e-17,8.958779682622167e-06,0.00013444962932399821,1.6221493594790304e-05
582,2.3799559883828145e-17,0.00013277961533592568,6.61098885661893e-17,8.848042045133536e-06,0.00013277961533592568,1.6020375907605058e-05
583,1.954373580737971e-17,0.00013113043394697376,2.9088350969123285e-17,8.738673396941829e-06,0.00013113043394697379,1.582175855666923e-05
584,1.8510768798533e-17,0.0001295018232324863,6.875428410883686e-17,8.630656809314324e-06,0.0001295018232324863,1.5625610303191702e-05
585,1.9832966569856786e-17,0.00012789352461274722,2.1155164341180575e-17,8.523975562942793e-06,0.00012789352461274722,1.5431900296137217e-05
586,1.8510768798533e-17,0.00012630528279255985,1.8510768798533e-17,8.41861314531539e-06,0.00012630528279255985,1.5240598077544798e-05
587,2.247736211250436e-17,0.00012473684574517964,2.1155164341180575e-17,8.314553248262024e-06,0.00012473684574517964,1.5051673569548621e-05
588,1.8510768798533e-17,0.00012318796464818585,3.173274651177086e-17,8.211779765378291e-06,0.00012318796464818585,1.4865097075013288e-05
589,2.1155164341180575e-17,0.0001216583938380927,1.0577582170590287e-16,8.110276789562165e-06,0.0001216583938380927,1.468083927650839e-05
590,2.1155164341180575e-17,0.00012014789078728907,1.0577582170590287e-17,8.010028610542022e-06,0.00012014789078728907,1.4498871215741895e-05
591,2.3799559883828145e-17,0.00011865621605767519,7.933186627942715e-18,7.911019712309245e-06,0.00011865621605767519,1.4319164305646513e-05
592,2.1816263226842467e-17,0.0001171831332531888,1.0577582170590287e-17,7.813234770932473e-06,0.0001171831332531888,1.4141690317153857e-05
593,2.3799559883828145e-17,0.00011572840898716477,7.139867965148443e-17,7.716658651903477e-06,0.00011572840898716477,1.396642137759218e-05
594,2.3799559883828145e-17,0.00011429181283080237,6.346549302354172e-17,7.621276408176919e-06,0.00011429181283080237,1.3793329964846575e-05
595,1.8510768798533e-17,0.00011287311730085944,2.3799559883828145e-17,7.527073277394797e-06,0.00011287311730085944,1.3622388901176446e-05
596,2.1155164341180575e-17,0.00011147209779617374,8.726505290736987e-17,7.434034680047635e-06,0.00011147209779617374,1.3453571357069963e-05
597,2.1155164341180575e-17,0.00011008853256490095,5.288791085295144e-18,7.342146216768319e-06,0.00011008853256490095,1.3286850831827486e-05
598,2.1155164341180575e-17,0.00010872220268265397,3.7021537597066e-17,7.251393666467265e-06,0.00010872220268265397,1.3122201161825306e-05
599,2.1155164341180575e-17,0.00010737289199594247,1.216421949617883e-16,7.161762983938502e-06,0.00010737289199594247,1.2959596516415201e-05
600,2.2642636833919834e-17,0.00010604038709921176,7.933186627942715e-18,7.073240297751984e-06,0.00010604038709921176,1.2799011385409172e-05
601,1.8510768798533e-17,0.00010472447729185194,4.231032868236115e-17,6.985811907972428e-06,0.00010472447729185194,1.2640420577775012e-05
602,1.8510768798533e-17,0.00010342495454685595,7.668747073677958e-17,6.899464284268464e-06,0.00010342495454685595,1.2483799223549159e-05
603,2.512175765515193e-17,0.00010214161348666889,5.024351531030386e-17,6.81418406364015e-06,0.00010214161348666889,1.232912276347249e-05
604,2.247736211250436e-17,0.00010087425131999983,2.9088350969123285e-17,6.729958048241891e-06,0.00010087425131999983,1.2176366949269442e-05
605,2.247736211250436e-17,9.962266783861566e-05,7.933186627942715e-18,6.6467732037344546e-06,9.962266783861566e-05,1.2025507827582194e-05
606,2.1155164341180575e-17,9.838666537307626e-05,1.3221977713237859e-17,6.564616656795641e-06,9.838666537307626e-05,1.187652176070784e-05
607,2.2146812669673412e-17,9.716604874937358e-05,1.2428659050443587e-16,6.483475693463622e-06,9.716604874937358e-05,1.1729385396403275e-05
608,2.3138460998166252e-17,9.596062526862118e-05,1.586637325588543e-16,6.403337756994559e-06,9.596062526862118e-05,1.1584075683665614e-05
609,2.1155164341180575e-17,9.4770205316356e-05,4.231032868236115e-17,6.324190445997774e-06,9.4770205316356e-05,1.144056985313683e-05
610,1.8510768798533e-17,9.359460158887766e-05,2.1155164341180575e-17,6.246021512380101e-06,9.359460158887766e-05,1.1298845424567834e-05
611,1.784966991287111e-17,9.243362736844733e-05,7.933186627942715e-17,6.168818859706576e-06,9.243362736844733e-05,1.115888020565532e-05
612,2.247736211250436e-17,9.128709953223938e-05,8.46206573647223e-17,6.092570540927947e-06,9.128709953223938e-05,1.1020652268761506e-05
613,2.247736211250436e-17,9.015483727839818e-05,6.875428410883686e-17,6.017264757001567e-06,9.015483727839818e-05,1.0884139977675814e-05
614,2.1155164341180575e-17,8.903666208817287e-05,6.875428410883686e-17,5.942889854783709e-06,8.903666208817287e-05,1.0749321957019501e-05
615,2.247736211250436e-17,8.79323977010488e-05,3.966593313971357e-17,5.869434325017284e-06,8.79323977010488e-05,1.0616177103212376e-05
616,2.1155164341180575e-17,8.684187008757143e-05,8.990944845001744e-17,5.796886801152229e-06,8.684187008757143e-05,1.0484684571302877e-05
617,2.3799559883828145e-17,8.576490740781646e-05,6.346549302354172e-17,5.725236056942917e-06,8.576490740781646e-05,1.0354823799830323e-05
618,2.0494065455518682e-17,8.470134000831374e-05,1.0577582170590287e-17,5.6544710051384395e-06,8.470134000831374e-05,1.0226574949428326e-05
619,2.3799559883828145e-17,8.365100037209004e-05,2.6443955426475718e-17,5.584580695583083e-06,8.365100037209004e-05,1.0099917445465626e-05
620,2.247736211250436e-17,8.2613723090523e-05,6.875428410883686e-17,5.515554313524976e-06,8.2613723090523e-05,9.974831472253802e-06
621,2.4460658769490037e-17,8.158934485423524e-05,3.437714205441843e-17,5.447381177994121e-06,8.158934485423524e-05,9.85129748994452e-06
622,2.512175765515193e-17,8.057770441020823e-05,8.197626182207473e-17,5.380050740145734e-06,8.057770441020823e-05,9.729296150151355e-06
623,1.8510768798533e-17,7.957864254743303e-05,1.29575381589731e-16,5.3135525814301116e-06,7.957864254743303e-05,9.608808375079613e-06
624,1.879999956101008e-17,7.859200205255657e-05,8.197626182207473e-17,5.247876412395672e-06,7.859200205255657e-05,9.489815323371427e-06
625,2.1155164341180575e-17,7.761762770168303e-05,1.8510768798533e-17,5.183012070728715e-06,7.761762770168303e-05,9.372298399350732e-06
626,1.9832966569856786e-17,7.665536623552565e-05,2.6443955426475718e-17,5.118949519778912e-06,7.665536623552565e-05,9.256239225143929e-06
627,2.1155164341180575e-17,7.570506631490597e-05,4.231032868236115e-17,5.055678846902639e-06,7.570506631490597e-05,9.141619661898548e-06
628,2.3799559883828145e-17,7.476657851747378e-05,3.966593313971357e-17,4.993190262404801e-06,7.476657851747378e-05,9.02842179909965e-06
629,2.247736211250436e-17,7.383975529523094e-05,4.759911976765629e-17,4.931474097240318e-06,7.383975529523094e-05,8.916627945275887e-06
630,2.247736211250436e-17,7.292445097365915e-05,6.346549302354172e-17,4.870520802233505e-06,7.292445097365915e-05,8.806220634487644e-06
631,2.3799559883828145e-17,7.202052170373336e-05,3.437714205441843e-17,4.810320946126503e-06,7.202052170373336e-05,8.697182615175045e-06
632,2.1155164341180575e-17,7.112782545382335e-05,9.255384399266501e-17,4.750865214390998e-06,7.112782545382335e-05,8.589496857350376e-06
633,1.9832966569856786e-17,7.024622197190377e-05,5.024351531030386e-17,4.6921444076756386e-06,7.024622197190377e-05,8.483146537341502e-06
634,2.247736211250436e-17,6.937557278630107e-05,2.9088350969123285e-17,4.6341494403488726e-06,6.937557278630107e-05,8.378115045609732e-06
635,1.9171867684194894e-17,6.85157411546649e-05,3.437714205441843e-17,4.576871339163208e-06,6.85157411546649e-05,8.274385985566121e-06
636,1.9832966569856786e-17,6.766659206275601e-05,3.437714205441843e-17,4.520301241832739e-06,6.766659206275601e-05,8.17194315161305e-06
637,2.247736211250436e-17,6.682799219687298e-05,4.495472422500872e-17,4.46443039567139e-06,6.682799219687298e-05,8.070770558034967e-06
638,2.6443955426475718e-17,6.599980991937387e-05,1.586637325588543e-17,4.409250156213809e-06,6.599980991937387e-05,7.970852401929116e-06
639,2.1155164341180575e-17,6.518191524398654e-05,1.4015296376032129e-16,4.354751985844937e-06,6.518191524398654e-05,7.872173092319429e-06
640,1.8510768798533e-17,6.437417982635047e-05,1.0313142616325529e-16,4.300927452698458e-06,6.437417982635047e-05,7.774717224029454e-06
641,2.1155164341180575e-17,6.357647693479987e-05,4.495472422500872e-17,4.247768228939422e-06,6.357647693479987e-05,7.678469587417652e-06
642,2.1155164341180575e-17,6.278868142549716e-05,0.0,4.19526608986219e-06,6.278868142549716e-05,7.583415165599081e-06
643,2.3799559883828145e-17,6.201066973685975e-05,1.4015296376032129e-16,4.14341291241592e-06,6.201066973685975e-05,7.489539121953855e-06
644,2.1155164341180575e-17,6.124231984879596e-05,1.8510768798533e-17,4.092200674059646e-06,6.124231984879596e-05,7.396826814910847e-06
645,1.8510768798533e-17,6.048351128433133e-05,1.0313142616325529e-16,4.041621451331134e-06,6.048351128433133e-05,7.3052637757357554e-06
646,1.9832966569856786e-17,5.973412507275491e-05,2.644395542647572e-18,3.991667418840744e-06,5.973412507275491e-05,7.214835725001109e-06
647,2.3799559883828145e-17,5.899404374732342e-05,9.784263507796015e-17,3.942330847944361e-06,5.899404374732342e-05,7.125528554545194e-06
648,2.3799559883828145e-17,5.826315130682218e-05,6.082109748089415e-17,3.8936041054944e-06,5.826315130682218e-05,7.037328339926963e-06
649,2.512175765515193e-17,5.754133321609021e-05,8.990944845001744e-17,3.845479652885703e-06,5.754133321609021e-05,6.950221322519489e-06
650,2.1155164341180575e-17,5.682847636773481e-05,8.726505290736987e-17,3.797950044555007e-06,5.682847636773481e-05,6.864193923013753e-06
651,2.1155164341180575e-17,5.61244690803541e-05,2.432843899235766e-16,3.75100792708756e-06,5.61244690803541e-05,6.77923272438105e-06
652,2.1155164341180575e-17,5.5429201073865546e-05,4.495472422500872e-17,3.7046460380114887e-06,5.5429201073865546e-05,6.695324480273821e-06
653,2.1155164341180575e-17,5.474256345824143e-05,1.8510768798533e-17,3.658857204574817e-06,5.474256345824143e-05,6.612456112758521e-06
654,2.1155164341180575e-17,5.406444869402575e-05,3.7021537597066e-17,3.613634342791369e-06,5.406444869402575e-05,6.5306147022512875e-06
655,2.3799559883828145e-17,5.339475059906027e-05,4.231032868236115e-17,3.5689704562611585e-06,5.339475059906027e-05,6.449787494095602e-06
656,2.1816263226842467e-17,5.2733364330026846e-05,1.3221977713237859e-17,3.5248586350254685e-06,5.2733364330026846e-05,6.369961888922911e-06
657,1.9832966569856786e-17,5.208018634577591e-05,2.1155164341180575e-17,3.4812920545780612e-06,5.208018634577591e-05,6.291125454051727e-06
658,2.3138460998166252e-17,5.14351144198488e-05,1.0048703062060772e-16,3.438263974963121e-06,5.14351144198488e-05,6.213265899928891e-06
659,2.3799559883828145e-17,5.079804758427373e-05,2.3799559883828145e-17,3.39576773920533e-06,5.079804758427373e-05,6.136371091687147e-06
660,2.1155164341180575e-17,5.0168886166732115e-05,5.5532306395599e-17,3.3537967729976165e-06,5.0168886166732115e-05,6.060429050216176e-06
661,2.1155164341180575e-17,4.954753171128622e-05,3.7021537597066e-17,3.312344583165927e-06,4.954753171128622e-05,5.98542794372904e-06
662,2.396483460524362e-17,4.8933887018218615e-05,1.8510768798533e-17,3.271404756749821e-06,4.8933887018218615e-05,5.911356086610217e-06
663,2.1155164341180575e-17,4.832785610313101e-05,2.3799559883828145e-17,3.2309709602391934e-06,4.832785610313101e-05,5.838201947287089e-06
664,2.1155164341180575e-17,4.772934417332318e-05,2.3799559883828145e-17,3.191036938281905e-06,4.772934417332318e-05,5.765954123605339e-06
665,2.1155164341180575e-17,4.713825764018824e-05,2.1155164341180575e-17,3.151596512946525e-06,4.713825764018824e-05,5.69460136807666e-06
666,2.512175765515193e-17,4.655450407166352e-05,4.759911976765629e-17,3.1126435826554777e-06,4.655450407166352e-05,5.624132569195603e-06
667,2.3799559883828145e-17,4.597799219374223e-05,1.3750856821767373e-16,3.0741721213090045e-06,4.597799219374223e-05,5.5545367521085585e-06
668,2.6443955426475718e-17,4.540863189498066e-05,2.6443955426475718e-17,3.0361761773484153e-06,4.540863189498066e-05,5.4858030793718855e-06
669,2.1816263226842467e-17,4.484633416792444e-05,2.1155164341180575e-17,2.9986498725764754e-06,4.484633416792444e-05,5.417920850695975e-06
670,2.3138460998166252e-17,4.429101112536733e-05,8.990944845001744e-17,2.9615874017150517e-06,4.429101112536733e-05,5.35087949835145e-06
671,2.1155164341180575e-17,4.374257599280895e-05,4.231032868236115e-17,2.9249830312255004e-06,4.374257599280895e-05,5.2846685838858385e-06
672,1.9832966569856786e-17,4.320094306863739e-05,2.644395542647572e-18,2.8888310983458954e-06,4.320094306863739e-05,5.219277802325745e-06
673,2.3799559883828145e-17,4.266602772810321e-05,6.61098885661893e-17,2.8531260103797917e-06,4.266602772810321e-05,5.154696974632845e-06
674,2.1155164341180575e-17,4.213774640224149e-05,2.644395542647572e-18,2.817862243828864e-06,4.213774640224149e-05,5.090916049539602e-06
675,2.1155164341180575e-17,4.161601657215351e-05,2.1155164341180575e-17,2.7830343433954408e-06,4.161601657215351e-05,5.027925099306035e-06
676,2.1155164341180575e-17,4.1100756749997894e-05,1.3221977713237859e-17,2.7486369212886136e-06,4.1100756749997894e-05,4.965714324259815e-06
677,2.1155164341180575e-17,4.059188646737804e-05,6.875428410883686e-17,2.7146646563221827e-06,4.059188646737804e-05,4.904274043655378e-06
678,2.1155164341180575e-17,4.008932625576782e-05,1.586637325588543e-17,2.6811122930125997e-06,4.008932625576782e-05,4.843594690649069e-06
679,2.3799559883828145e-17,3.959299764757512e-05,2.644395542647572e-18,2.6479746410498772e-06,3.959299764757512e-05,4.783666833257308e-06
680,2.247736211250436e-17,3.9102823149378e-05,3.7021537597066e-17,2.615246573961852e-06,3.9102823149378e-05,4.724481142520261e-06
681,2.1155164341180575e-17,3.861872624802169e-05,5.817670193824657e-17,2.582923029070816e-06,3.861872624802169e-05,4.666028413158784e-06
682,2.6443955426475718e-17,3.8140631374075754e-05,6.875428410883686e-17,2.5509990059409404e-06,3.8140631374075754e-05,4.608299550390749e-06
683,2.3799559883828145e-17,3.766846390719848e-05,1.586637325588543e-17,2.5194695661614336e-06,3.766846390719848e-05,4.551285575130151e-06
684,2.1155164341180575e-17,3.720215016349206e-05,4.759911976765629e-17,2.4883298322449926e-06,3.720215016349206e-05,4.4949776222194075e-06
685,2.247736211250436e-17,3.6741617373557854e-05,1.4279735930296887e-16,2.4575749870293234e-06,3.6741617373557854e-05,4.439366927650764e-06
686,1.9337142405610368e-17,3.62867936751674e-05,1.2428659050443587e-16,2.427200273043967e-06,3.62867936751674e-05,4.384444849118068e-06
687,1.8510768798533e-17,3.58376081196119e-05,1.0577582170590287e-17,2.397200991469464e-06,3.58376081196119e-05,4.330202841255713e-06
688,1.8510768798533e-17,3.539399062366774e-05,1.3750856821767373e-16,2.3675725016689825e-06,3.539399062366774e-05,4.276632472802306e-06
689,2.247736211250436e-17,3.495587199208275e-05,1.8510768798533e-17,2.338310220251563e-06,3.495587199208275e-05,4.223725410922883e-06
690,2.4791208212320985e-17,3.452318388697268e-05,2.9088350969123285e-17,2.309409620655789e-06,3.452318388697268e-05,4.1714734520717814e-06
691,1.8510768798533e-17,3.4095858829498605e-05,1.877520835279776e-16,2.2808662321783385e-06,3.4095858829498605e-05,4.11986850958968e-06
692,2.0494065455518682e-17,3.367383017683977e-05,8.726505290736987e-17,2.2526756393928538e-06,3.367383017683977e-05,4.068902498800114e-06
693,2.1155164341180575e-17,3.3257032126807234e-05,2.644395542647572e-18,2.2248334815341136e-06,3.3257032126807234e-05,4.018567499783497e-06
694,2.1155164341180575e-17,3.2845399688164775e-05,7.933186627942715e-18,2.1973354515786303e-06,3.2845399688164775e-05,3.96885568298089e-06
695,2.3799559883828145e-17,3.243886869378059e-05,5.5532306395599e-17,2.1701772959670934e-06,3.243886869378059e-05,3.919759321351671e-06
696,2.1816263226842467e-17,3.203737575900076e-05,1.3221977713237859e-17,2.1433548135808833e-06,3.203737575900076e-05,3.871270788020937e-06
697,2.4460658769490037e-17,3.164085830680317e-05,2.644395542647572e-18,2.1168638552563485e-06,3.164085830680317e-05,3.823382545462154e-06
698,2.4460658769490037e-17,3.1249254532720786e-05,6.082109748089415e-17,2.090700323064895e-06,3.1249254532720786e-05,3.7760871469080184e-06
699,2.1155164341180575e-17,3.0862503407339106e-05,5.024351531030386e-17,2.0648601699573693e-06,3.0862503407339106e-05,3.7293772475118793e-06
700,2.512175765515193e-17,3.048054465882029e-05,8.990944845001744e-17,2.0393393986711805e-06,3.048054465882029e-05,3.683245584792511e-06
701,2.1155164341180575e-17,3.0103318770866216e-05,1.586637325588543e-17,2.014134061444073e-06,3.0103318770866216e-05,3.6376849963413633e-06
702,1.8510768798533e-17,2.9730766960585148e-05,2.3799559883828145e-17,1.989240259372277e-06,2.9730766960585148e-05,3.5926883935424874e-06
703,2.3799559883828145e-17,2.936283119278029e-05,6.346549302354172e-17,1.9646541416125374e-06,2.936283119278029e-05,3.54824879293668e-06
704,2.3799559883828145e-17,2.8999454142931094e-05,1.3221977713237859e-17,1.940371905130578e-06,2.8999454142931094e-05,3.5043592872358196e-06
705,1.9832966569856786e-17,2.864057920540329e-05,6.61098885661893e-17,1.916389793747003e-06,2.864057920540329e-05,3.461013058400232e-06
706,1.9832966569856786e-17,2.8286150482401073e-05,6.875428410883686e-17,1.8927040977469861e-06,2.8286150482401073e-05,3.4182033701014465e-06
707,2.3799559883828145e-17,2.79361127739841e-05,7.933186627942715e-17,1.8693111533338302e-06,2.79361127739841e-05,3.3759235766013423e-06
708,1.9832966569856786e-17,2.7590411566877253e-05,2.6443955426475718e-17,1.846207341865691e-06,2.7590411566877253e-05,3.334167104857951e-06
709,2.247736211250436e-17,2.7248993016348997e-05,6.875428410883686e-17,1.8233890895866939e-06,2.7248993016348997e-05,3.292927475454138e-06
710,2.1155164341180575e-17,2.6911803971491412e-05,1.29575381589731e-16,1.8008528668202878e-06,2.6911803971491412e-05,3.2521982747751413e-06
711,2.3799559883828145e-17,2.65787919206488e-05,6.61098885661893e-17,1.7785951876049533e-06,2.65787919206488e-05,3.211973186060997e-06
712,2.6443955426475718e-17,2.6249905022321166e-05,2.141960389544533e-16,1.7566126090003131e-06,2.6249905022321166e-05,3.172245954113163e-06
713,2.1155164341180575e-17,2.592509206889003e-05,2.9088350969123285e-17,1.7349017306534514e-06,2.592509206889003e-05,3.1330104140361922e-06
714,2.1155164341180575e-17,2.560430250182975e-05,1.4015296376032129e-16,1.7134591942438021e-06,2.560430250182975e-05,3.09426047056428e-06
715,2.0494065455518682e-17,2.5287486384192457e-05,1.216421949617883e-16,1.6922816829714055e-06,2.5287486384192457e-05,3.05599010845924e-06
716,2.3799559883828145e-17,2.4974594409536022e-05,1.3750856821767373e-16,1.6713659210017967e-06,2.4974594409536022e-05,3.0181933816671644e-06
717,2.3799559883828145e-17,2.466557787320681e-05,4.495472422500872e-17,1.6507086730409987e-06,2.466557787320681e-05,2.980864426269305e-06
718,2.0494065455518682e-17,2.4360388688795926e-05,2.644395542647572e-18,1.6303067438151048e-06,2.4360388688795926e-05,2.943997441491974e-06
719,2.247736211250436e-17,2.4058979361175015e-05,5.024351531030386e-17,1.6101569774457786e-06,2.4058979361175015e-05,2.9075867068216014e-06
720,2.3799559883828145e-17,2.3761302991445313e-05,3.7021537597066e-17,1.5902562571380036e-06,2.3761302991445313e-05,2.8716265687525146e-06
721,2.1155164341180575e-17,2.3467313261398156e-05,7.933186627942715e-18,1.5706015046336452e-06,2.3467313261398156e-05,2.836111440778578e-06
722,2.3799559883828145e-17,2.3176964434920763e-05,1.8510768798533e-17,1.5511896796303187e-06,2.3176964434920763e-05,2.801035815686091e-06
723,1.9832966569856786e-17,2.289021133155853e-05,6.875428410883686e-17,1.5320177795905693e-06,2.289021133155853e-05,2.7663942462458153e-06
724,2.0494065455518682e-17,2.260700935340342e-05,1.0577582170590287e-16,1.5130828389352258e-06,2.260700935340342e-05,2.7321813510698375e-06
725,1.8510768798533e-17,2.2327314437083015e-05,5.817670193824657e-17,1.4943819288005394e-06,2.2327314437083015e-05,2.6983918258121815e-06
726,2.512175765515193e-17,2.2051083083456828e-05,3.173274651177086e-17,1.4759121564570515e-06,2.2051083083456828e-05,2.6650204215596776e-06
727,2.3799559883828145e-17,2.177827233077732e-05,7.668747073677958e-17,1.4576706650754057e-06,2.177827233077732e-05,2.6320619594948226e-06
728,1.8510768798533e-17,2.1508839737684148e-05,6.082109748089415e-17,1.4396546330498056e-06,2.1508839737684148e-05,2.5995113280766754e-06
729,2.2849230235689175e-17,2.1242743419882557e-05,6.082109748089415e-17,1.4218612736250497e-06,2.1242743419882557e-05,2.5673634684547676e-06
730,1.9832966569856786e-17,2.0979941986488822e-05,1.0577582170590287e-17,1.404287834488871e-06,2.0979941986488822e-05,2.5356134026485245e-06
731,2.0824614898349627e-17,2.072039457776889e-05,7.933186627942715e-17,1.3869315975117286e-06,2.072039457776889e-05,2.5042561965717983e-06
732,2.6443955426475718e-17,2.0464060832111134e-05,1.0577582170590287e-17,1.3697898779401613e-06,2.0464060832111134e-05,2.473286982573814e-06
733,2.1320439062596045e-17,2.021090089646204e-05,3.966593313971357e-17,1.3528600244054612e-06,2.021090089646204e-05,2.442700955732747e-06
734,2.1155164341180575e-17,1.9960875409953357e-05,5.288791085295144e-18,1.3361394181083536e-06,1.9960875409953357e-05,2.4124933727716088e-06
735,1.8510768798533e-17,1.9713945508283202e-05,4.759911976765629e-17,1.3196254728103235e-06,1.9713945508283202e-05,2.3826595421798603e-06
736,1.8510768798533e-17,1.947007280683416e-05,3.173274651177086e-17,1.3033156341744206e-06,1.947007280683416e-05,2.3531948399867944e-06
737,2.1155164341180575e-17,1.9229219386255593e-05,5.2887910852951437e-17,1.2872073793575994e-06,1.9229219386255593e-05,2.3240946911732985e-06
738,2.6443955426475718e-17,1.8991347818145713e-05,5.2887910852951437e-17,1.2712982168372466e-06,1.8991347818145713e-05,2.2953545831816616e-06
739,2.1155164341180575e-17,1.875642113281455e-05,1.0577582170590287e-16,1.255585685717292e-06,1.875642113281455e-05,2.266970054400205e-06
740,2.1155164341180575e-17,1.85244028054042e-05,4.231032868236115e-17,1.2400673557715763e-06,1.85244028054042e-05,2.2389367049276773e-06
741,2.1155164341180575e-17,1.829525679876283e-05,4.231032868236115e-17,1.2247408265764897e-06,1.829525679876283e-05,2.2112501818037575e-06
742,2.1155164341180575e-17,1.8068947482676952e-05,1.11064612791198e-16,1.2096037274676036e-06,1.8068947482676952e-05,2.1839061934445363e-06
743,2.247736211250436e-17,1.7845439698159538e-05,1.586637325588543e-17,1.1946537170539479e-06,1.7845439698159538e-05,2.156900496135755e-06
744,2.3138460998166252e-17,1.7624698717108744e-05,1.2693098604708345e-16,1.1798884830271916e-06,1.7624698717108744e-05,2.130228903306835e-06
745,2.4915164253382588e-17,1.740669024159306e-05,7.933186627942715e-18,1.1653057414504064e-06,1.740669024159306e-05,2.1038872781291332e-06
746,2.3138460998166252e-17,1.7191380396811688e-05,3.173274651177086e-17,1.1509032368014344e-06,1.7191380396811688e-05,2.0778715303286555e-06
747,2.1155164341180575e-17,1.6978735726872992e-05,1.8510768798533e-17,1.1366787412963458e-06,1.6978735726872992e-05,2.0521776290126954e-06
748,1.8510768798533e-17,1.6768723206765042e-05,1.8510768798533e-17,1.1226300547419882e-06,1.6768723206765042e-05,2.026801587924519e-06
749,2.1155164341180575e-17,1.656131020328772e-05,3.7021537597066e-17,1.10875500416302e-06,1.656131020328772e-05,2.0017394715420557e-06
750,2.3799559883828145e-17,1.635646450140842e-05,1.4279735930296887e-16,1.0950514434376196e-06,1.635646450140842e-05,1.9769873933020805e-06
751,2.1155164341180575e-17,1.6154154280558484e-05,5.2887910852951437e-17,1.0815172529678868e-06,1.6154154280558484e-05,1.952541514367922e-06
752,2.1155164341180575e-17,1.5954348114925388e-05,5.288791085295144e-18,1.0681503393155517e-06,1.5954348114925388e-05,1.9283980458085358e-06
753,2.1155164341180575e-17,1.575701497842683e-05,7.668747073677958e-17,1.0549486350111548e-06,1.575701497842683e-05,1.9045532402560224e-06
754,2.5782856540813823e-17,1.556212421766137e-05,1.3221977713237859e-17,1.0419100980336299e-06,1.556212421766137e-05,1.881003399187109e-06
755,2.247736211250436e-17,1.536964556163105e-05,6.875428410883686e-17,1.0290327116888737e-06,1.536964556163105e-05,1.8577448758787557e-06
756,2.1155164341180575e-17,1.5179549125069864e-05,7.933186627942715e-18,1.016314484098002e-06,1.5179549125069864e-05,1.83477406144787e-06
757,2.1155164341180575e-17,1.499180538961015e-05,4.495472422500872e-17,1.0037534481539823e-06,1.499180538961015e-05,1.8120873925038745e-06
758,2.3799559883828145e-17,1.4806385195577983e-05,7.933186627942715e-17,9.913476609751948e-07,1.4806385195577983e-05,1.7896813558753133e-06
759,2.1155164341180575e-17,1.4623259751981408e-05,8.726505290736987e-17,9.790952036799194e-07,1.4623259751981408e-05,1.7675524710737333e-06
760,2.1155164341180575e-17,1.4442400628537369e-05,1.3221977713237859e-17,9.669941811694949e-07,1.4442400628537369e-05,1.7456973135730012e-06
761,2.1155164341180575e-17,1.4263779750175324e-05,5.5532306395599e-17,9.550427216339225e-07,1.4263779750175324e-05,1.7241124916812627e-06
762,2.247736211250436e-17,1.4087369373521611e-05,5.2887910852951437e-17,9.432389766386023e-07,1.4087369373521611e-05,1.702794660014642e-06
763,2.3799559883828145e-17,1.3913142121871164e-05,6.082109748089415e-17,9.315811203870761e-07,1.3913142121871164e-05,1.681740512864106e-06
764,2.1155164341180575e-17,1.3741070941141834e-05,5.817670193824657e-17,9.200673496689848e-07,1.3741070941141834e-05,1.6609467860470503e-06
765,2.1155164341180575e-17,1.3571129121107779e-05,1.0842021724855044e-16,9.086958837299652e-07,1.3571129121107779e-05,1.640410257939463e-06
766,2.247736211250436e-17,1.3403290278938043e-05,6.082109748089415e-17,8.974649636298015e-07,1.3403290278938043e-05,1.6201277430817968e-06
767,2.1816263226842467e-17,1.3237528365442248e-05,2.1155164341180575e-17,8.863728522424258e-07,1.3237528365442248e-05,1.6000960996934028e-06
768,1.9832966569856786e-17,1.3073817654474284e-05,3.173274651177086e-17,8.754178339870355e-07,1.3073817654474284e-05,1.5803122193942162e-06
769,1.9130549003841026e-17,1.2912132728873236e-05,4.495472422500872e-17,8.64598214351045e-07,1.2912132728873236e-05,1.5607730398138613e-06
770,1.8510768798533e-17,1.2752448503712177e-05,5.288791085295144e-18,8.539123198640641e-07,1.2752448503712177e-05,1.54147553046455e-06
771,2.1155164341180575e-17,1.259474018955385e-05,9.519823953531258e-17,8.433584977249331e-07,1.259474018955385e-05,1.5224166969682076e-06
772,2.247736211250436e-17,1.2438983308992606e-05,3.7021537597066e-17,8.329351154894721e-07,1.2438983308992606e-05,1.5035935904278737e-06
773,1.8510768798533e-17,1.2285153695593131e-05,7.933186627942715e-18,8.226405611138493e-07,1.2285153695593131e-05,1.48500329186899e-06
774,2.3799559883828145e-17,1.2133227477213797e-05,1.586637325588543e-16,8.124732421132402e-07,1.2133227477213797e-05,1.4666429172406785e-06
775,1.8510768798533e-17,1.1983181077687452e-05,7.933186627942715e-18,8.024315859868347e-07,1.1983181077687452e-05,1.448509624615478e-06
776,1.884131824136395e-17,1.1834991213937573e-05,5.288791085295144e-18,7.92514039584663e-07,1.1834991213937573e-05,1.4306006001300348e-06
777,2.1155164341180575e-17,1.168863489112478e-05,7.4043075194132e-17,7.827190689601443e-07,1.168863489112478e-05,1.4129130723542824e-06
778,2.1155164341180575e-17,1.1544089402065544e-05,1.586637325588543e-17,7.730451590404891e-07,1.1544089402065544e-05,1.395444298402382e-06
779,2.1155164341180575e-17,1.1401332322449073e-05,1.0577582170590287e-16,7.634908136006785e-07,1.1401332322449073e-05,1.3781915716914934e-06
780,2.1155164341180575e-17,1.126034150040842e-05,4.495472422500872e-17,7.540545548471306e-07,1.126034150040842e-05,1.3611522171362272e-06
781,2.09898896197651e-17,1.1121095061297242e-05,5.817670193824657e-17,7.447349232615752e-07,1.1121095061297242e-05,1.3443235952270128e-06
782,2.710505431213761e-17,1.098357141156082e-05,3.966593313971357e-17,7.355304773408455e-07,1.098357141156082e-05,1.3277030973092237e-06
783,1.7188571027209216e-17,1.0847749202409997e-05,3.7021537597066e-17,7.264397935014683e-07,1.0847749202409997e-05,1.311288151794227e-06
784,2.1155164341180575e-17,1.071360737535257e-05,1.2428659050443587e-16,7.174614655765937e-07,1.071360737535257e-05,1.2950762090403714e-06
785,2.1155164341180575e-17,1.0581125122578879e-05,5.2887910852951437e-17,7.085941049721212e-07,1.0581125122578879e-05,1.2790647611376555e-06
786,2.1155164341180575e-17,1.0450281882893399e-05,4.759911976765629e-17,6.998363401376079e-07,1.0450281882893399e-05,1.2632513264829975e-06
787,2.3799559883828145e-17,1.0321057372368273e-05,2.6443955426475718e-17,6.911868164448387e-07,1.0321057372368273e-05,1.2476334555573435e-06
788,1.8510768798533e-17,1.0193431540120465e-05,1.3221977713237859e-17,6.826441961444579e-07,1.0193431540120465e-05,1.232208725448891e-06
789,2.1155164341180575e-17,1.0067384595921627e-05,1.0577582170590287e-17,6.742071579236147e-07,1.0067384595921627e-05,1.2169747479795287e-06
790,1.8510768798533e-17,9.942896988716084e-06,2.644395542647572e-18,6.658743968712688e-07,9.942896988716084e-06,1.2019291668827746e-06
791,2.3799559883828145e-17,9.81994941175885e-06,4.759911976765629e-17,6.576446240184886e-07,9.81994941175885e-06,1.1870696451670225e-06
792,2.77661531977995e-17,9.698522796202892e-06,2.6443955426475718e-17,6.49516566659375e-07,9.698522796202892e-06,1.1723938819327535e-06
793,2.1816263226842467e-17,9.578598312188546e-06,7.933186627942715e-17,6.41488967457679e-07,9.578598312188546e-06,1.1578996070528647e-06
794,2.6443955426475718e-17,9.460157360283659e-06,4.231032868236115e-17,6.335605849065035e-07,9.460157360283659e-06,1.1435845734103544e-06
795,2.1155164341180575e-17,9.343181578134329e-06,4.759911976765629e-17,6.257301926344133e-07,9.343181578134329e-06,1.1294465593182343e-06
796,2.1155164341180575e-17,9.227652818765662e-06,1.0048703062060772e-16,6.179965795615611e-07,9.227652818765662e-06,1.115483380891884e-06
797,1.9832966569856786e-17,9.113553175783147e-06,1.2428659050443587e-16,6.103585495874364e-07,9.113553175783147e-06,1.101692871599395e-06
798,2.2642636833919834e-17,9.000864949192282e-06,1.216421949617883e-16,6.028149212265743e-07,9.000864949192282e-06,1.0880728961902378e-06
799,1.9832966569856786e-17,8.88957067590191e-06,1.0048703062060772e-16,5.953645277993747e-07,8.88957067590191e-06,1.0746213405627257e-06
800,2.247736211250436e-17,8.779653086150076e-06,4.231032868236115e-17,5.880062169203587e-07,8.779653086150076e-06,1.0613361304940623e-06
801,1.9832966569856786e-17,8.671095149926787e-06,1.586637325588543e-17,5.807388505155164e-07,8.671095149926787e-06,1.0482151967494501e-06
802,2.0494065455518682e-17,8.563880029880754e-06,6.61098885661893e-17,5.735613045013827e-07,8.563880029880754e-06,1.03525651527927e-06
803,1.8014944634286583e-17,8.457991108798361e-06,1.8510768798533e-17,5.664724688023842e-07,8.457991108798361e-06,1.022458076569877e-06
804,1.9832966569856786e-17,8.353411963364232e-06,2.644395542647572e-18,5.594712468911384e-07,8.353411963364232e-06,1.0098178957068804e-06
805,2.1155164341180575e-17,8.250126385815796e-06,4.495472422500872e-17,5.525565560486612e-07,8.250126385815796e-06,9.973340177275928e-07
806,1.9832966569856786e-17,8.148118359009631e-06,3.437714205441843e-17,5.457273266618046e-07,8.148118359009631e-06,9.85004507319757e-07
807,2.5782856540813823e-17,8.047372075824777e-06,1.1370900833384558e-16,5.389825024747913e-07,8.047372075824777e-06,9.728274563125754e-07
808,1.8510768798533e-17,7.947871913377971e-06,7.933186627942715e-18,5.323210403376799e-07,7.947871913377971e-06,9.608009778486152e-07
809,2.247736211250436e-17,7.849602452615395e-06,1.3221977713237859e-17,5.257419099288091e-07,7.849602452615395e-06,9.489232104412497e-07
810,1.7188571027209216e-17,7.752548456540218e-06,1.11064612791198e-16,5.192440935726517e-07,7.752548456540218e-06,9.371923122012764e-07
811,2.3799559883828145e-17,7.656694883119505e-06,1.8510768798533e-17,5.128265863612452e-07,7.656694883119505e-06,9.256064674797426e-07
812,2.3799559883828145e-17,7.562026872086294e-06,8.990944845001744e-17,5.064883956251015e-07,7.562026872086294e-06,9.141638802385737e-07
813,2.3799559883828145e-17,7.468529757626118e-06,2.1155164341180575e-17,5.002285411326995e-07,7.468529757626118e-06,9.028627830776541e-07
814,1.9171867684194894e-17,7.376189043704969e-06,5.2887910852951437e-17,4.940460546394576e-07,7.376189043704969e-06,8.917014205371548e-07
815,1.8510768798533e-17,7.284990410785556e-06,1.0313142616325529e-16,4.879399799484485e-07,7.284990410785556e-06,8.806780659193679e-07
816,2.6443955426475718e-17,7.1949197350305945e-06,2.0626285232651058e-16,4.819093726415175e-07,7.1949197350305945e-06,8.697910161476937e-07
817,1.9832966569856786e-17,7.1059630567522585e-06,1.3750856821767373e-16,4.7595329987111523e-07,7.1059630567522585e-06,8.590385762125837e-07
818,2.512175765515193e-17,7.018106576495114e-06,1.216421949617883e-16,4.7007084052509696e-07,7.018106576495114e-06,8.484190900315756e-07
819,2.0494065455518682e-17,6.9313366942559e-06,1.3221977713237859e-17,4.6426108482773565e-07,6.9313366942559e-06,8.379309080469686e-07
820,1.8510768798533e-17,6.8456399560939375e-06,8.990944845001744e-17,4.5852313403614564e-07,6.8456399560939375e-06,8.275724070947305e-07
821,2.2807911555335305e-17,6.761003080130014e-06,7.139867965148443e-17,4.5285610083059535e-07,6.761003080130014e-06,8.173419829563695e-07
822,2.6443955426475718e-17,6.677412954719019e-06,5.288791085295144e-18,4.4725910864663876e-07,6.677412954719019e-06,8.072380528952226e-07
823,1.8510768798533e-17,6.594856623473454e-06,1.3221977713237859e-17,4.41731291796546e-07,6.594856623473454e-06,7.972590505408979e-07
824,2.3799559883828145e-17,6.513321292259227e-06,7.933186627942715e-17,4.362717952784839e-07,6.513321292259227e-06,7.874034320925437e-07
825,2.1155164341180575e-17,6.432794331855057e-06,1.5337494147355915e-16,4.308797747591686e-07,6.432794331855057e-06,7.776696704574664e-07
826,2.1155164341180575e-17,6.35326325736083e-06,4.495472422500872e-17,4.2555439622692093e-07,6.35326325736083e-06,7.680562580714449e-07
827,2.1155164341180575e-17,6.274715754045993e-06,8.726505290736987e-17,4.202948360350345e-07,6.274715754045993e-06,7.585617069342876e-07
828,2.1155164341180575e-17,6.1971396410623895e-06,7.668747073677958e-17,4.151002806762616e-07,6.1971396410623895e-06,7.491845476086926e-07
829,2.1155164341180575e-17,6.120522905600161e-06,1.1370900833384558e-16,4.099699267741397e-07,6.120522905600161e-06,7.399233297021612e-07
830,2.3799559883828145e-17,6.044853677743886e-06,1.6659691918679701e-16,4.049029807967619e-07,6.044853677743886e-06,7.307766139996946e-07
831,1.8510768798533e-17,5.970120227978357e-06,6.875428410883686e-17,3.998986590394299e-07,5.970120227978357e-06,7.217429893880236e-07
832,2.1155164341180575e-17,5.896310979565457e-06,2.9088350969123285e-17,3.949561875379176e-07,5.896310979565457e-06,7.1282105358306e-07
833,2.3799559883828145e-17,5.823414496571715e-06,1.3221977713237859e-17,3.900748017909156e-07,5.823414496571715e-06,7.040094280562916e-07
834,2.512175765515193e-17,5.751419488132952e-06,1.507305459309116e-16,3.852537469074824e-07,5.751419488132952e-06,6.953067460681591e-07
835,2.1155164341180575e-17,5.680314795948832e-06,2.644395542647572e-18,3.80492277190711e-07,5.680314795948832e-06,6.867116619586588e-07
836,2.247736211250436e-17,5.61008941032542e-06,1.3221977713237859e-17,3.7578965613772886e-07,5.61008941032542e-06,6.782228447873297e-07
837,2.388219724453588e-17,5.540732449913038e-06,1.0313142616325529e-16,3.7114515650908675e-07,5.540732449913038e-06,6.698389801235516e-07
838,1.784966991287111e-17,5.472233168372762e-06,9.519823953531258e-17,3.6655805989507795e-07,5.472233168372762e-06,6.615587693410932e-07
839,2.6443955426475718e-17,5.404580954545445e-06,9.784263507796015e-17,3.6202765677645354e-07,5.404580954545445e-06,6.533809322202753e-07
840,2.1155164341180575e-17,5.337765324465458e-06,1.2428659050443587e-16,3.5755324657646415e-07,5.337765324465458e-06,6.453041990283423e-07
841,2.247736211250436e-17,5.271775935618836e-06,5.817670193824657e-17,3.531341371664637e-07,5.271775935618836e-06,6.373273248794071e-07
842,2.1155164341180575e-17,5.206602558671535e-06,5.024351531030386e-17,3.487696450827499e-07,5.206602558671535e-06,6.294490691514684e-07
843,1.8510768798533e-17,5.142235103485781e-06,6.61098885661893e-17,3.4445909531839736e-07,5.142235103485781e-06,6.216682150869129e-07
844,2.3799559883828145e-17,5.078663596677931e-06,8.990944845001744e-17,3.4020182109774366e-07,5.078663596677931e-06,6.139835583003157e-07
845,2.3799559883828145e-17,5.015878192023516e-06,5.5532306395599e-17,3.3599716403251434e-07,5.015878192023516e-06,6.063939090940922e-07
846,1.9832966569856786e-17,4.953869167360283e-06,7.933186627942715e-17,3.31844473757531e-07,4.953869167360283e-06,5.988980916817222e-07
847,2.1155164341180575e-17,4.892626913859307e-06,7.4043075194132e-17,3.2774310802612117e-07,4.892626913859307e-06,5.91494944943364e-07
848,1.9832966569856786e-17,4.832141943255609e-06,5.2887910852951437e-17,3.2369243244990964e-07,4.832141943255609e-06,5.841833270278669e-07
849,2.1155164341180575e-17,4.772404899340459e-06,5.288791085295144e-18,3.196918206375965e-07,4.772404899340459e-06,5.76962099362678e-07
850,2.247736211250436e-17,4.7134065140494305e-06,1.0577582170590287e-17,3.157406537005608e-07,4.7134065140494305e-06,5.698301498735494e-07
851,1.8510768798533e-17,4.6551376596115155e-06,1.3486417267502615e-16,3.1183832060847905e-07,4.6551376596115155e-06,5.62786372303999e-07
852,2.1155164341180575e-17,4.5975893082862815e-06,1.0577582170590287e-17,3.0798421773829687e-07,4.5975893082862815e-06,5.558296764845655e-07
853,2.1155164341180575e-17,4.540752546651875e-06,2.6443955426475718e-17,3.041777490650488e-07,4.540752546651875e-06,5.489589846595889e-07
854,2.1155164341180575e-17,4.484618571002531e-06,3.173274651177086e-17,3.0041832581491346e-07,4.484618571002531e-06,5.421732345992067e-07
855,1.9832966569856786e-17,4.429178693790865e-06,5.817670193824657e-17,2.9670536654327617e-07,4.429178693790865e-06,5.35471375918196e-07
856,1.9832966569856786e-17,4.374424322091371e-06,1.0577582170590287e-17,2.93038296952583e-07,4.374424322091371e-06,5.288523692964812e-07
857,2.1155164341180575e-17,4.320346978171904e-06,2.1684043449710089e-16,2.8941654993570876e-07,4.320346978171904e-06,5.223151935269653e-07
858,1.9832966569856786e-17,4.266938295985122e-06,1.3221977713237859e-17,2.858395653157486e-07,4.266938295985122e-06,5.158588338330319e-07
859,2.0163516012687734e-17,4.214189986556555e-06,1.3750856821767373e-16,2.823067897679554e-07,4.214189986556555e-06,5.094822918360553e-07
860,2.1155164341180575e-17,4.162093895834231e-06,6.875428410883686e-17,2.7881767699321214e-07,4.162093895834231e-06,5.031845809193065e-07
861,1.8510768798533e-17,4.110641950097752e-06,1.586637325588543e-17,2.75371687327719e-07,4.110641950097752e-06,4.969647250037625e-07
862,1.8510768798533e-17,4.059826190180312e-06,1.692413147294446e-16,2.719682877863616e-07,4.059826190180312e-06,4.908217631396633e-07
863,2.6443955426475718e-17,4.009638729829626e-06,0.0,2.686069519586276e-07,4.009638729829626e-06,4.847547436038215e-07
864,2.1155164341180575e-17,3.960071811674223e-06,2.644395542647572e-18,2.6528716001728014e-07,3.960071811674223e-06,4.787627253859914e-07
865,2.0494065455518682e-17,3.911117756524082e-06,2.6443955426475718e-17,2.620083984494759e-07,3.911117756524082e-06,4.7284478787482144e-07
866,2.1816263226842467e-17,3.8627689854267396e-06,1.216421949617883e-16,2.587701601521747e-07,3.8627689854267396e-06,4.670000044228647e-07
867,2.1155164341180575e-17,3.8150180096202055e-06,1.3221977713237859e-17,2.55571944267341e-07,3.8150180096202055e-06,4.612274789650919e-07
868,2.0494065455518682e-17,3.7678574340972944e-06,5.288791085295144e-18,2.5241325623398536e-07,3.7678574340972944e-06,4.555263162407545e-07
869,2.239472475179662e-17,3.721279959469004e-06,5.288791085295144e-18,2.492936074151991e-07,3.721279959469004e-06,4.498956304089352e-07
870,1.884131824136395e-17,3.6752783692294396e-06,1.3221977713237859e-17,2.4621251534968913e-07,3.6752783692294396e-06,4.443345538285553e-07
871,2.3799559883828145e-17,3.629845546745675e-06,8.197626182207473e-17,2.431695034828957e-07,3.629845546745675e-06,4.3884222724535094e-07
872,2.247736211250436e-17,3.584974455785223e-06,1.586637325588543e-17,2.401641012277078e-07,3.584974455785223e-06,4.3341779338402924e-07
873,2.3799559883828145e-17,3.540658140907429e-06,2.6443955426475718e-17,2.371958435914978e-07,3.540658140907429e-06,4.280604197593266e-07
874,2.3799559883828145e-17,3.4968897493796994e-06,1.0842021724855044e-16,2.3426427167051733e-07,3.4968897493796994e-06,4.2276927307833115e-07
875,2.1155164341180575e-17,3.4536625004560213e-06,9.519823953531258e-17,2.3136893194733443e-07,3.4536625004560213e-06,4.17543536741851e-07
876,1.9832966569856786e-17,3.4109697088132235e-06,2.644395542647572e-18,2.2850937668981997e-07,3.4109697088132235e-06,4.1238240213192683e-07
877,2.1155164341180575e-17,3.368804757308565e-06,7.4043075194132e-17,2.2568516357818202e-07,3.368804757308565e-06,4.0728506737275325e-07
878,2.1155164341180575e-17,3.32716111357684e-06,7.4043075194132e-17,2.228958557743549e-07,3.32716111357684e-06,4.02250749235896e-07
879,2.1155164341180575e-17,3.2860323380717256e-06,0.0,2.201410218612837e-07,3.2860323380717256e-06,3.9727866000718356e-07
880,2.1155164341180575e-17,3.2454120575937793e-06,6.082109748089415e-17,2.1742023589496617e-07,3.2454120575937793e-06,3.9236803946376546e-07
881,2.1155164341180575e-17,3.205293991792122e-06,5.817670193824657e-17,2.147330769620981e-07,3.205293991792122e-06,3.8751812293438336e-07
882,2.1155164341180575e-17,3.1656719186553994e-06,7.933186627942715e-17,2.12079129414261e-07,3.1656719186553994e-06,3.8272816019396153e-07
883,2.1155164341180575e-17,3.12653971680127e-06,1.4544175484561645e-16,2.094579828852694e-07,3.12653971680127e-06,3.7799740958592286e-07
884,2.0824614898349627e-17,3.0878913169373245e-06,5.288791085295144e-18,2.0686923190085804e-07,3.0878913169373245e-06,3.7332514000585905e-07
885,2.1155164341180575e-17,3.04972073735212e-06,1.0577582170590287e-17,2.043124761128695e-07,3.04972073735212e-06,3.6871062881519496e-07
886,2.1155164341180575e-17,3.0120220742103763e-06,8.726505290736987e-17,2.0178732004771938e-07,3.0120220742103763e-06,3.6415315932331784e-07
887,1.9171867684194894e-17,2.974789484352187e-06,5.817670193824657e-17,1.9929337315843787e-07,2.974789484352187e-06,3.596520293673299e-07
888,2.1155164341180575e-17,2.9380172115070982e-06,2.9088350969123285e-17,1.968302497292601e-07,2.9380172115070982e-06,3.552065413127184e-07
889,2.1155164341180575e-17,2.9016995591296467e-06,1.216421949617883e-16,1.9439756880623715e-07,2.9016995591296467e-06,3.5081600439710485e-07
890,2.1155164341180575e-17,2.865830905921028e-06,6.082109748089415e-17,1.919949541451943e-07,2.865830905921028e-06,3.464797455342728e-07
891,1.8510768798533e-17,2.8304056979827245e-06,9.255384399266501e-17,1.8962203413366852e-07,2.8304056979827245e-06,3.4219708704878185e-07
892,2.1155164341180575e-17,2.7954184534746627e-06,4.495472422500872e-17,1.8727844177356123e-07,2.7954184534746627e-06,3.3796737160921007e-07
893,2.1155164341180575e-17,2.7608637539974565e-06,2.6443955426475718e-17,1.849638145770549e-07,2.7608637539974565e-06,3.33789938502867e-07
894,2.247736211250436e-17,2.7267362524496e-06,1.1635340387649314e-16,1.8267779455793942e-07,2.7267362524496e-06,3.296641476241841e-07
895,2.1155164341180575e-17,2.6930306659689905e-06,1.322197771323786e-16,1.8042002816222313e-07,2.6930306659689905e-06,3.255893573824061e-07
896,2.247736211250436e-17,2.659741776785225e-06,9.784263507796015e-17,1.7819016618139671e-07,2.659741776785225e-06,3.215649349712199e-07
897,2.0163516012687734e-17,2.6268644319301307e-06,3.173274651177086e-17,1.759878637871276e-07,2.6268644319301307e-06,3.1759026419574516e-07
898,1.8510768798533e-17,2.594393539484846e-06,3.7021537597066e-17,1.7381278024503066e-07,2.594393539484846e-06,3.13664725044514e-07
899,2.3799559883828145e-17,2.562324074014787e-06,8.990944845001744e-17,1.7166457928763368e-07,2.562324074014787e-06,3.0978770998119727e-07
900,2.3799559883828145e-17,2.5306510794807664e-06,9.519823953531258e-17,1.695429285158978e-07,2.5306510794807664e-06,3.0595861971040806e-07
901,2.3799559883828145e-17,2.499369645491827e-06,3.173274651177086e-17,1.6744749990228736e-07,2.499369645491827e-06,3.021768642006986e-07
902,2.148571378401152e-17,2.468474926742636e-06,1.8510768798533e-17,1.653779693397417e-07,2.468474926742636e-06,2.9844185339254224e-07
903,2.1155164341180575e-17,2.43796215362772e-06,1.3221977713237859e-17,1.6333401668504333e-07,2.43796215362772e-06,2.9475301412044643e-07
904,2.247736211250436e-17,2.4078265905256985e-06,1.4015296376032129e-16,1.6131532592361664e-07,2.4078265905256985e-06,2.91109774954071e-07
905,1.8510768798533e-17,2.378063578772792e-06,1.0048703062060772e-16,1.5932158469247892e-07,2.378063578772792e-06,2.875115679538061e-07
906,2.247736211250436e-17,2.3486685129816813e-06,1.5337494147355915e-16,1.573524847312685e-07,2.3486685129816813e-06,2.8395784159105807e-07
907,2.247736211250436e-17,2.319636845404347e-06,5.2887910852951437e-17,1.5540772150927917e-07,2.319636845404347e-06,2.804480431712635e-07
908,1.9832966569856786e-17,2.2909640719429954e-06,6.082109748089415e-17,1.5348699411270317e-07,2.2909640719429954e-06,2.7698162964081787e-07
909,2.247736211250436e-17,2.2626457656033755e-06,2.9088350969123285e-17,1.5159000557422864e-07,2.2626457656033755e-06,2.735580634609022e-07
910,2.1155164341180575e-17,2.2346775355438416e-06,1.3221977713237859e-17,1.4971646253476856e-07,2.2346775355438416e-06,2.701768209650092e-07
911,1.9171867684194894e-17,2.2070550614296244e-06,1.6395252364414946e-16,1.478660751307037e-07,2.2070550614296244e-06,2.6683737065318984e-07
912,1.8510768798533e-17,2.1797740610150506e-06,1.2693098604708345e-16,1.4603855721072312e-07,2.1797740610150506e-06,2.635392011038195e-07
913,1.9832966569856786e-17,2.152830312998252e-06,1.5337494147355915e-16,1.4423362605826828e-07,2.152830312998252e-06,2.6028179806814095e-07
914,2.5782856540813823e-17,2.1262196470886546e-06,4.231032868236115e-17,1.4245100267776256e-07,2.1262196470886546e-06,2.570646658172868e-07
915,2.1155164341180575e-17,2.0999379484969598e-06,2.3799559883828145e-17,1.406904112568469e-07,2.0999379484969598e-06,2.5388729519379985e-07
916,2.247736211250436e-17,2.073981148525006e-06,0.0,1.3895157946128278e-07,2.073981148525006e-06,2.507492020808529e-07
917,2.1155164341180575e-17,2.048345227152227e-06,1.11064612791198e-16,1.372342384349523e-07,2.048345227152227e-06,2.476498992718546e-07
918,2.1155164341180575e-17,2.023026221695806e-06,6.082109748089415e-17,1.3553812248760788e-07,2.023026221695806e-06,2.44588907037113e-07
919,1.9832966569856786e-17,1.9980202076312266e-06,4.495472422500872e-17,1.3386296936375441e-07,1.9980202076312266e-06,2.415657509440515e-07
920,2.3799559883828145e-17,1.9733233178941525e-06,9.255384399266501e-17,1.322085199564199e-07,1.9733233178941525e-06,2.3857996393727704e-07
921,2.1155164341180575e-17,1.948931728526192e-06,5.817670193824657e-17,1.3057451833317635e-07,1.948931728526192e-06,2.3563108461926382e-07
922,2.1155164341180575e-17,1.9248416698483374e-06,3.437714205441843e-17,1.2896071187491753e-07,1.9248416698483374e-06,2.3271865574400306e-07
923,2.34690104409972e-17,1.9010494096695642e-06,1.0577582170590287e-17,1.2736685084217825e-07,1.9010494096695642e-06,2.2984222783817018e-07
924,2.3799559883828145e-17,1.8775512660045956e-06,1.11064612791198e-16,1.2579268883483596e-07,1.8775512660045956e-06,2.2700135486709696e-07
925,2.512175765515193e-17,1.854343603749442e-06,8.990944845001744e-17,1.242379823150619e-07,1.854343603749442e-06,2.241955948953931e-07
926,2.1155164341180575e-17,1.8314228258535871e-06,2.3799559883828145e-17,1.227024909282448e-07,1.8314228258535871e-06,2.2142452119673512e-07
927,2.6443955426475718e-17,1.8087853969708498e-06,1.8510768798533e-17,1.2118597713002555e-07,1.8087853969708498e-06,2.1868769689570774e-07
928,2.247736211250436e-17,1.7864278052935517e-06,6.61098885661893e-17,1.1968820629905397e-07,1.7864278052935517e-06,2.1598470431218317e-07
929,1.8882636921717817e-17,1.7643465874286636e-06,5.5532306395599e-17,1.1820894689311412e-07,1.7643465874286636e-06,2.1331511985331765e-07
930,2.0494065455518682e-17,1.742538330591856e-06,1.2428659050443587e-16,1.1674797006748505e-07,1.742538330591856e-06,2.106785366224231e-07
931,2.1155164341180575e-17,1.7209996665724363e-06,5.2887910852951437e-17,1.1530504988310764e-07,1.7209996665724363e-06,2.0807454257841606e-07
932,2.1155164341180575e-17,1.6997272518093797e-06,2.6443955426475718e-17,1.1387996315913307e-07,1.6997272518093797e-06,2.0550273445389817e-07
933,1.8510768798533e-17,1.6787177973357327e-06,3.437714205441843e-17,1.1247248949027011e-07,1.6787177973357327e-06,2.0296271654737e-07
934,1.9832966569856786e-17,1.6579680574077916e-06,5.288791085295144e-18,1.1108241118606976e-07,1.6579680574077916e-06,2.0045409410551307e-07
935,1.8510768798533e-17,1.637474811061333e-06,7.4043075194132e-17,1.0970951326225165e-07,1.637474811061333e-06,1.979764815101153e-07
936,2.1155164341180575e-17,1.6172348961290045e-06,5.2887910852951437e-17,1.0835358334529421e-07,1.6172348961290045e-06,1.9552949521008987e-07
937,2.3799559883828145e-17,1.5972451767903509e-06,9.784263507796015e-17,1.0701441181988625e-07,1.5972451767903509e-06,1.931127523073003e-07
938,2.3799559883828145e-17,1.5775025625319633e-06,3.173274651177086e-17,1.0569179147330854e-07,1.5775025625319633e-06,1.9072588257199815e-07
939,2.3799559883828145e-17,1.5580039918662025e-06,6.346549302354172e-17,1.0438551778166327e-07,1.5580039918662025e-06,1.8836851755338373e-07
940,1.9832966569856786e-17,1.5387464550705517e-06,9.255384399266501e-17,1.030953885976238e-07,1.5387464550705517e-06,1.8604028917755656e-07
941,1.8510768798533e-17,1.5197269670183507e-06,6.082109748089415e-17,1.0182120457544186e-07,1.5197269670183507e-06,1.8374083984661462e-07
942,2.363428516241267e-17,1.5009425841550443e-06,5.817670193824657e-17,1.0056276857246804e-07,1.5009425841550443e-06,1.814698131851482e-07
943,2.1155164341180575e-17,1.4823904062480836e-06,8.990944845001744e-17,9.931988590068663e-08,1.4823904062480836e-06,1.792268573842742e-07
944,2.3799559883828145e-17,1.4640675561172875e-06,2.9088350969123285e-17,9.809236437875735e-08,1.4640675561172875e-06,1.7701162665334538e-07
945,2.1155164341180575e-17,1.4459711960676224e-06,4.231032868236115e-17,9.68800141758902e-08,1.4459711960676224e-06,1.7482377567492348e-07
946,2.3799559883828145e-17,1.428098531816246e-06,3.7021537597066e-17,9.568264768174128e-08,1.428098531816246e-06,1.726629701349683e-07
947,1.9832966569856786e-17,1.4104468043376481e-06,3.173274651177086e-17,9.450007982733655e-08,1.4104468043376481e-06,1.7052887048753507e-07
948,1.9337142405610368e-17,1.3930132686330077e-06,5.288791085295144e-18,9.333212763404375e-08,1.3930132686330077e-06,1.6842115003046765e-07
949,2.3799559883828145e-17,1.3757952340943676e-06,6.875428410883686e-17,9.217861053449627e-08,1.3757952340943676e-06,1.6633948288871583e-07
950,2.247736211250436e-17,1.358790036506818e-06,9.255384399266501e-17,9.103935002564845e-08,1.358790036506818e-06,1.6428354634687692e-07
951,2.3799559883828145e-17,1.3419950396038165e-06,3.966593313971357e-17,8.991416997235213e-08,1.3419950396038165e-06,1.6225302153161271e-07
952,2.1155164341180575e-17,1.3254076500245996e-06,3.437714205441843e-17,8.880289637316907e-08,1.3254076500245996e-06,1.6024759487645353e-07
953,2.3799559883828145e-17,1.3090253000430847e-06,1.0577582170590287e-17,8.770535726496109e-08,1.3090253000430847e-06,1.5826695666536076e-07
954,2.1155164341180575e-17,1.292845452040817e-06,2.9088350969123285e-17,8.662138300044586e-08,1.292845452040817e-06,1.5631079911754397e-07
955,2.3799559883828145e-17,1.2768656056132811e-06,4.231032868236115e-17,8.555080582318964e-08,1.2768656056132811e-06,1.5437882084623628e-07
956,2.512175765515193e-17,1.2610832880909233e-06,1.0577582170590287e-16,8.449346026659366e-08,1.2610832880909233e-06,1.5247072280265627e-07
957,2.3799559883828145e-17,1.2454960533999827e-06,1.3486417267502615e-16,8.344918270286605e-08,1.2454960533999827e-06,1.5058620774386865e-07
958,2.247736211250436e-17,1.2301015011409202e-06,1.4015296376032129e-16,8.241781164659845e-08,1.2301015011409202e-06,1.487249895640146e-07
959,2.1155164341180575e-17,1.214897233427445e-06,9.255384399266501e-17,8.139918763333531e-08,1.214897233427445e-06,1.46886772585909e-07
960,2.2807911555335305e-17,1.1998809094887156e-06,9.519823953531258e-17,8.039315305477523e-08,1.1998809094887156e-06,1.4507128158132525e-07
961,2.1155164341180575e-17,1.1850501983606318e-06,8.990944845001744e-17,7.939955235826412e-08,1.1850501983606318e-06,1.4327822658850398e-07
962,1.8510768798533e-17,1.1704028119199595e-06,4.231032868236115e-17,7.841823184730201e-08,1.1704028119199595e-06,1.4150733649818613e-07
963,2.247736211250436e-17,1.1559364825445926e-06,1.4544175484561645e-16,7.744903971623751e-08,1.1559364825445926e-06,1.3975833335896024e-07
964,2.247736211250436e-17,1.141648964288051e-06,2.6443955426475718e-17,7.649182610230953e-08,1.141648964288051e-06,1.3803094892187e-07
965,2.247736211250436e-17,1.1275380623442526e-06,1.586637325588543e-17,7.55464429902375e-08,1.1275380623442526e-06,1.3632491643468377e-07
966,1.9832966569856786e-17,1.1136015782040373e-06,8.46206573647223e-17,7.461274409946428e-08,1.1136015782040373e-06,1.3463996900489435e-07
967,1.8510768798533e-17,1.0998373581936767e-06,7.933186627942715e-18,7.369058509232307e-08,1.0998373581936767e-06,1.329758495995376e-07
968,2.1155164341180575e-17,1.086243278067521e-06,8.46206573647223e-17,7.277982328780797e-08,1.086243278067521e-06,1.3133229916808162e-07
969,2.3799559883828145e-17,1.072817233621407e-06,7.668747073677958e-17,7.188031782637272e-08,1.072817233621407e-06,1.297090636560583e-07
970,2.512175765515193e-17,1.059557145317709e-06,3.437714205441843e-17,7.099192964390988e-08,1.059557145317709e-06,1.281058885752608e-07
971,2.3799559883828145e-17,1.046460958039095e-06,1.1370900833384558e-16,7.011452122021589e-08,1.046460958039095e-06,1.265225334374443e-07
972,2.1155164341180575e-17,1.0335266533637777e-06,5.288791085295144e-18,6.92479569866511e-08,1.0335266533637777e-06,1.249587456175391e-07
973,2.4460658769490037e-17,1.0207522275806509e-06,1.2428659050443587e-16,6.839210284041719e-08,1.0207522275806509e-06,1.2341428789583486e-07
974,1.9832966569856786e-17,1.0081357016869759e-06,8.197626182207473e-17,6.754682645680743e-08,1.0081357016869759e-06,1.2188892016090808e-07
975,2.6443955426475718e-17,9.95675123522303e-07,2.644395542647572e-18,6.671199703767172e-08,9.95675123522303e-07,1.2038240632728884e-07
