$MeshFormat
2.2 0 8
$EndMeshFormat
$PhysicalNames
7
1 1 "main"
1 2 "flap"
1 3 "slat"
1 4 "outlet"
1 5 "far-field"
1 6 "inlet"
2 7 "fluid"
$EndPhysicalNames
$Nodes
8023
1 0.873893380165 0.0306374002248 0
2 0.699999988078889 0.03210199996828889 0
3 0.699999988078889 -0.01722400076687222 0
4 0.04381200298667223 -0.01670200005173889 0
5 0.8740969300272222 0.03094699978827778 0
6 1.127816200256111 -0.1459988206625 0
7 0.8735548257827778 0.01367419119923889 0
8 1.130737185477778 -0.140939489007 0
9 0.01806509334219444 0.006560345138638889 0
10 0.01883774890401667 0.005083016677262222 0
11 -0.02670808188285 -0.1087584545137778 0
12 70.45061596879134 -495.0118288582788 0
13 495.0118288582788 70.45061596879134 0
14 -70.45061596879134 495.0118288582788 0
15 -495.0118288582788 -70.45061596879134 0
16 0.8708996421152163 0.03084305177397675 0
17 0.8679060836279331 0.03104235663987249 0
18 0.8649127174574378 0.031235310588028 0
19 0.8619189033889336 0.03142194960863069 0
20 0.8589244097686772 0.03160228019052708 0
21 0.8559289224866566 0.03177631165355647 0
22 0.852932939237862 0.03194400616391624 0
23 0.8499367970889037 0.03210533869181275 0
24 0.8469409390973844 0.03226028340496617 0
25 0.8439450216019397 0.03240886243791198 0
26 0.8409487735563035 0.03255109289776949 0
27 0.8379516191080638 0.03268700292295247 0
28 0.8349537081312814 0.03281658500236632 0
29 0.8319556393900679 0.03293981476174875 0
30 0.8289577766452312 0.03305668165450282 0
31 0.8259601477810019 0.03316719007757019 0
32 0.8229624270293754 0.0332713564119361 0
33 0.8199640350354369 0.03336920212332439 0
34 0.816964828848453 0.03346073075713017 0
35 0.8139653786399283 0.03354592498831452 0
36 0.8109660013845323 0.03362477854053521 0
37 0.8079670885701529 0.03369728592987741 0
38 0.8049682425875275 0.03376346139386761 0
39 0.8019691498054662 0.03382331406190968 0
40 0.798969312429376 0.03387685334732599 0
41 0.7959690571904188 0.0339240721957848 0
42 0.7929686585321792 0.03396496680608346 0
43 0.7899687833510731 0.03399953142165311 0
44 0.7869691710818469 0.03402777349920162 0
45 0.7839695177311032 0.03404969840826129 0
46 0.7809694976955016 0.03406530888546563 0
47 0.7779688393692291 0.0340746046536958 0
48 0.774968214872051 0.03407758304444841 0
49 0.7719678878872851 0.03407424600346252 0
50 0.7689682001415252 0.03406459786731621 0
51 0.7659686679452482 0.03404864042637035 0
52 0.7629689737493706 0.03402637264741194 0
53 0.7599687078353672 0.03399778968939622 0
54 0.7569682532312364 0.03396289315640859 0
55 0.7539679215550639 0.03392168665830925 0
56 0.7509682980053889 0.03387418088601419 0
57 0.7479692445998504 0.03382037755720103 0
58 0.7449701893643752 0.03376026791251781 0
59 0.7419707935309338 0.03369384362997075 0
60 0.7389710748272869 0.03362110239549224 0
61 0.7359714050671486 0.03354205158572939 0
62 0.7329723759358451 0.0334567080327042 0
63 0.7299741466142485 0.03336507971364577 0
64 0.7269761479489563 0.03326715122714984 0
65 0.7239781018284678 0.03316291264596757 0
66 0.7209796593928188 0.03305234885638238 0
67 0.7179812614777193 0.03293547325678184 0
68 0.7149832476037626 0.03281229852652805 0
69 0.7119861206818507 0.03268284727267623 0
70 0.7089895668524858 0.03254710831988174 0
71 0.7059933531211061 0.03240507160537846 0
72 0.7029968377399218 0.03225670427096756 0
73 0.699999988078889 0.02920041790673869 0
74 0.699999988078889 0.02629887254266527 0
75 0.699999988078889 0.02339735777367876 0
76 0.699999988078889 0.02049587350956506 0
77 0.699999988078889 0.01759437549865498 0
78 0.699999988078889 0.0146928729560199 0
79 0.699999988078889 0.01179134636368878 0
80 0.699999988078889 0.008889789717713229 0
81 0.699999988078889 0.005988209483703407 0
82 0.699999988078889 0.003086652837727815 0
83 0.699999988078889 0.0001851262453967158 0
84 0.699999988078889 -0.002716376297238375 0
85 0.699999988078889 -0.0056178743081484 0
86 0.699999988078889 -0.008519358572262107 0
87 0.699999988078889 -0.01142087334124865 0
88 0.699999988078889 -0.01432241870532203 0
89 0.6970382612977698 -0.01776200531213764 0
90 0.6940776889736573 -0.01830562240890005 0
91 0.6911179912003486 -0.01885398487136571 0
92 0.6881590093202572 -0.01940620359659181 0
93 0.6852005822189376 -0.01996138993515368 0
94 0.6822425454534888 -0.02051865587780803 0
95 0.6792847323675164 -0.02107711385685026 0
96 0.6763269763839462 -0.02163587631600839 0
97 0.6733691097920007 -0.02219405593412947 0
98 0.6704109653992463 -0.02275076528458955 0
99 0.6674523780461616 -0.02330511653286221 0
100 0.6644931838323551 -0.02385622157433001 0
101 0.6615332220361697 -0.02440319167867755 0
102 0.658572336050854 -0.02494513734120385 0
103 0.6556103729580237 -0.02548116840641892 0
104 0.6526472400548446 -0.02601069969360248 0
105 0.6496835809948703 -0.02653728380650491 0
106 0.6467202608683577 -0.02706577607642019 0
107 0.6437572884111731 -0.02759621763280054 0
108 0.6407945139474749 -0.02812776616216542 0
109 0.6378317860991052 -0.02865957964865165 0
110 0.634868954120331 -0.02919081596181505 0
111 0.6319058676185257 -0.02972063291243105 0
112 0.6289423766265211 -0.0302481882470763 0
113 0.625978334134036 -0.03077263921124712 0
114 0.6230135974893074 -0.03129315421216948 0
115 0.6200480864470269 -0.03180924613582222 0
116 0.6170817927186654 -0.03232082331707253 0
117 0.6141147114135532 -0.03282781595929892 0
118 0.6111468375027905 -0.03333015427076111 0
119 0.6081781674584802 -0.03382776818929019 0
120 0.6052086970609308 -0.0343205877561322 0
121 0.6022384226880132 -0.03480854289892945 0
122 0.5992673415652472 -0.03529156339581174 0
123 0.5962954502314982 -0.03576957912776024 0
124 0.5933227465630539 -0.03624251975205982 0
125 0.5903492285100529 -0.03671031491147349 0
126 0.5873748936004364 -0.03717289431149307 0
127 0.5843997410902536 -0.03763018738783806 0
128 0.5814237695561816 -0.03808212368564755 0
129 0.5784469781553671 -0.03852863266551759 0
130 0.5754693670110027 -0.03896964365231749 0
131 0.5724909355276963 -0.03940508608931726 0
132 0.5695116846011427 -0.03983488921496928 0
133 0.5665316150959059 -0.04025898229293107 0
134 0.5635507277071693 -0.04067729463158658 0
135 0.5605690250216789 -0.04108975723369779 0
136 0.5575865114881356 -0.04149632072005268 0
137 0.5546031941033309 -0.04189694700393042 0
138 0.5516190801378565 -0.04229159808258712 0
139 0.548634176144649 -0.04268023601877447 0
140 0.5456484903497965 -0.04306282262905252 0
141 0.5426620298996188 -0.04343931984489698 0
142 0.5396748028588609 -0.04380968945548488 0
143 0.5366868175763095 -0.04417389319359598 0
144 0.5336980817073699 -0.04453189285435885 0
145 0.5307086045603601 -0.04488365001403779 0
146 0.527718394430136 -0.04522912635254325 0
147 0.5247274604406824 -0.04556828343543438 0
148 0.521735812172585 -0.04590108276362842 0
149 0.5187434582887529 -0.04622748592658506 0
150 0.515750409287756 -0.04654745430083281 0
151 0.5127566748300483 -0.04686094934691386 0
152 0.5097622651480153 -0.04716793245712213 0
153 0.5067671912562115 -0.04746836494086274 0
154 0.503771464267345 -0.0477622080996379 0
155 0.5007750953168093 -0.0480494232353301 0
156 0.4977780954192412 -0.04832997598488752 0
157 0.4947804806833002 -0.04860387041052558 0
158 0.4917822676521414 -0.04887113114326119 0
159 0.488783473220759 -0.04913178299986643 0
160 0.4857841148482925 -0.04938585078132571 0
161 0.4827842084351012 -0.04963335945151863 0
162 0.4797837705484791 -0.04987433394346007 0
163 0.4767828179305855 -0.05010879920423578 0
164 0.4737813660589353 -0.0503367803043801 0
165 0.4707794311234709 -0.05055830228014831 0
166 0.4677770291081412 -0.05077339025252766 0
167 0.4647741754137514 -0.05098207389625413 0
168 0.4617708867435755 -0.0511843909685544 0
169 0.4587671790431448 -0.05138038014847411 0
170 0.4557630678014234 -0.05157008014595483 0
171 0.4527585692512305 -0.05175352962497752 0
172 0.4497536981631666 -0.05193076733910328 0
173 0.4467484696496989 -0.05210183201551649 0
174 0.4437428990438832 -0.05226676236514862 0
175 0.4407370002924929 -0.05242559716825269 0
176 0.4377307882269944 -0.05257837514734445 0
177 0.4347242768348573 -0.05272513505892066 0
178 0.4317174796735201 -0.05286591566619786 0
179 0.4287104112025858 -0.05300075567665208 0
180 0.425703084029152 -0.0531296938665308 0
181 0.4226955117603016 -0.0532527689490102 0
182 0.4196877073905378 -0.05337001964555131 0
183 0.4166796832253913 -0.05348148468303015 0
184 0.4136714526198054 -0.05358720272806582 0
185 0.4106630270833657 -0.05368721249087006 0
186 0.4076544190331427 -0.05378155262444724 0
187 0.4046456404769638 -0.05387026198439176 0
188 0.4016367026632784 -0.05395338331750329 0
189 0.398627617873089 -0.05403096274606376 0
190 0.3956183968431211 -0.05410304656480452 0
191 0.3926090506981983 -0.05416968107142795 0
192 0.3895995906963793 -0.05423091257481564 0
193 0.3865900267664064 -0.05428678742178832 0
194 0.3835803696822477 -0.05433735195049992 0
195 0.3805706293944557 -0.05438265252136988 0
196 0.3775608153910828 -0.05442273550525721 0
197 0.3745509379693605 -0.05445764726574512 0
198 0.3715410058436429 -0.05448743418762364 0
199 0.3685310282118921 -0.05451214264821705 0
200 0.3655210144153777 -0.05453181902344614 0
201 0.3625109724788576 -0.05454650969495427 0
202 0.3595009112281682 -0.0545562610342222 0
203 0.3564908388466192 -0.05456111941041467 0
204 0.3534807629151002 -0.05456113118534302 0
205 0.3504706918184252 -0.0545563427122136 0
206 0.347460632638944 -0.05454680033388477 0
207 0.3444505925454009 -0.05453255043371654 0
208 0.3414405793574387 -0.05451364232295339 0
209 0.3384305990766289 -0.05449012971347506 0
210 0.335420658377078 -0.0544620666999437 0
211 0.3324107639908687 -0.05442950739528658 0
212 0.3294009213455508 -0.0543925059128814 0
213 0.3263911364713242 -0.0543511163842067 0
214 0.3233814151861389 -0.0543053929499239 0
215 0.3203717621587577 -0.05425538974177332 0
216 0.3173621831337146 -0.054201160915857 0
217 0.3143526821031334 -0.05414275946479537 0
218 0.3113432635484081 -0.05408021516118168 0
219 0.3083339331841852 -0.05401353610534719 0
220 0.3053246964031147 -0.05394272956353791 0
221 0.3023155589863988 -0.05386780281572793 0
222 0.2993065258067461 -0.05378876312330252 0
223 0.2962976026733765 -0.05370561777507744 0
224 0.293288795171334 -0.05361837405922734 0
225 0.2902801079361155 -0.05352703923922357 0
226 0.2872715469846079 -0.05343162062287826 0
227 0.2842631175531326 -0.05333212549874189 0
228 0.2812548243776724 -0.05322856114063 0
229 0.2782466733771607 -0.05312093486559397 0
230 0.2752386694532307 -0.05300925395872312 0
231 0.2722308176549373 -0.05289352571186672 0
232 0.2692231236123752 -0.05277375744217907 0
233 0.2662155919212368 -0.05264995642842966 0
234 0.2632082279999035 -0.05252212998423242 0
235 0.2602010371577429 -0.0523902854220787 0
236 0.2571940238528015 -0.05225442646070374 0
237 0.2541871962193961 -0.05211451154718261 0
238 0.251180562959861 -0.05197046776381609 0
239 0.2481741332695998 -0.05182222156491831 0
240 0.2451679173008606 -0.05166969942642328 0
241 0.2421619243625255 -0.05151282775639619 0
242 0.2391561652193772 -0.05135153301287108 0
243 0.2361506505257502 -0.05118574162607423 0
244 0.2331453906338277 -0.05101537998572157 0
245 0.2301403974987294 -0.05084037455023144 0
246 0.2271356823753564 -0.05066065171891192 0
247 0.2241312571040029 -0.05047613790576105 0
248 0.221127134415496 -0.05028675956302375 0
249 0.2181233265095823 -0.0500924430948686 0
250 0.2151198465561865 -0.04989311495345027 0
251 0.2121167082197272 -0.04968870161394269 0
252 0.209113924822153 -0.04947912951944541 0
253 0.206111510664537 -0.04926432517355839 0
254 0.203109477339118 -0.0490442583099757 0
255 0.2001078229406389 -0.04881907221604008 0
256 0.1971065417999911 -0.04858895381020907 0
257 0.1941056277374413 -0.04835409005290954 0
258 0.1911050731640468 -0.04811466786286542 0
259 0.1881048694986802 -0.04787087413399332 0
260 0.185105008182407 -0.04762289580682427 0
261 0.1821054792997248 -0.04737091974622928 0
262 0.179106271780211 -0.04711513274455227 0
263 0.1761073749716976 -0.04685572164688712 0
264 0.1731087767349782 -0.04659287318118949 0
265 0.1701104641612104 -0.04632677401000256 0
266 0.1671124246623571 -0.04605761082154867 0
267 0.1641146439276455 -0.04578557014181579 0
268 0.1611171080126644 -0.04551083851617881 0
269 0.1581198021673169 -0.04523360239986062 0
270 0.1551227233168911 -0.04495391440082414 0
271 0.1521259443871658 -0.0446710306258422 0
272 0.1491295673772206 -0.04438391350515175 0
273 0.1461337003988255 -0.04409152535594028 0
274 0.1431384552725511 -0.04379282852421688 0
275 0.1401439520051977 -0.04348678576579008 0
276 0.1371503171261009 -0.04317236007263092 0
277 0.1341576863414831 -0.04284851498310178 0
278 0.1311662055658678 -0.04251421480096061 0
279 0.1281760305807976 -0.04216842472632465 0
280 0.1251873303308969 -0.04181011147598007 0
281 0.1222002872655773 -0.04143824367608639 0
282 0.1192150969739678 -0.04105179224305078 0
283 0.1162319442807085 -0.04064992142808745 0
284 0.1132506155829118 -0.04023472706479347 0
285 0.1102705441618487 -0.03981059837096608 0
286 0.1072911154176399 -0.03938197958660282 0
287 0.1043116953057079 -0.03895330288144961 0
288 0.1013319590035715 -0.03852683478572416 0
289 0.09835230634586428 -0.03809978860326699 0
290 0.09537324277070114 -0.03766865818286571 0
291 0.09239528889127249 -0.03722993940068398 0
292 0.08941899047187837 -0.0367801382248916 0
293 0.08644472014929831 -0.03631711767141308 0
294 0.08347239122463695 -0.0358417965378236 0
295 0.08050183721474978 -0.03535550942044707 0
296 0.07753295677584615 -0.0348591139468458 0
297 0.07456606970502994 -0.03435094956305785 0
298 0.07160165977822394 -0.03382853018871159 0
299 0.06864022419765907 -0.03328949587916451 0
300 0.06568177254455322 -0.03273430865478065 0
301 0.06272574900783401 -0.03216635018367294 0
302 0.0597715336608018 -0.0315891161799843 0
303 0.05682091877019279 -0.03099385861797711 0
304 0.05389899915788124 -0.03030132211977319 0
305 0.05118665019184231 -0.02906706861393396 0
306 0.04882917048505484 -0.02723658220787437 0
307 0.04684587549793211 -0.02500540022566765 0
308 0.04530215223181251 -0.0224505357205822 0
309 0.04426772667016501 -0.01965086029545914 0
310 0.04394605732653589 -0.01371631715475347 0
311 0.04447643568722741 -0.01075011946222956 0
312 0.04535792436128581 -0.007865347218411546 0
313 0.04655217775320304 -0.005095337548967936 0
314 0.04801622581338909 -0.002457735778197322 0
315 0.04970038293435555 4.542341498952988e-05 0
316 0.0515589843037664 0.002422210590357792 0
317 0.05355811611593546 0.004682138688554304 0
318 0.05567618525158796 0.006831093239225539 0
319 0.05789413771291993 0.008876930101557892 0
320 0.06019566541446972 0.01082835250558145 0
321 0.06256905124590163 0.01269179956280275 0
322 0.06500424919702108 0.01447380177136475 0
323 0.06749214387015275 0.0161815352726177 0
324 0.0700255310762343 0.01782107473751676 0
325 0.07259932350352367 0.01939648627267263 0
326 0.07520892529469311 0.02091191267732515 0
327 0.07785039114799444 0.02237115337789718 0
328 0.08052049423452839 0.02377737712964798 0
329 0.08321626426812304 0.02513381183933889 0
330 0.08593506812685345 0.02644353158485829 0
331 0.08867486357048412 0.02770880774232163 0
332 0.0914337950659138 0.02893177117491409 0
333 0.09421015888014926 0.03011457259463331 0
334 0.09700254148178339 0.03125898811057186 0
335 0.09980970565274566 0.03236659003157555 0
336 0.1026304889524824 0.03343897216634407 0
337 0.1054638657075438 0.03447755806477799 0
338 0.1083089589187937 0.03548353554643237 0
339 0.1111649441197235 0.0364580919497355 0
340 0.1140310601915209 0.03740236095160944 0
341 0.1169066591546666 0.03831727098751483 0
342 0.1197911359358252 0.03920371650591996 0
343 0.1226839260392837 0.04006256692326492 0
344 0.1255845933996257 0.04089438762319957 0
345 0.1284927855356293 0.04169958560971865 0
346 0.1314081285750796 0.04247857840296052 0
347 0.134330079886531 0.04323250781312723 0
348 0.1372579009164558 0.04396342819098091 0
349 0.1401908866922404 0.04467346838861289 0
350 0.1431292242594257 0.04536111990312712 0
351 0.1460755501133919 0.04601371772824263 0
352 0.1490324994320698 0.04661634156154744 0
353 0.1520018674210506 0.04715444757835149 0
354 0.1549825410032895 0.0476262091520129 0
355 0.1579714766619997 0.04804274698516787 0
356 0.1609661839120579 0.04841582743212907 0
357 0.163964700505058 0.04875698664789572 0
358 0.1669657979173028 0.04907445636225336 0
359 0.1699686974415512 0.04937417399467872 0
360 0.1729727322446432 0.04966204953307 0
361 0.1759773053344232 0.04994399101212627 0
362 0.1789820323347995 0.05022402486735746 0
363 0.1819869003575441 0.05050228394280536 0
364 0.1849919393522468 0.05077841932970949 0
365 0.1879971808148314 0.05105208227816314 0
366 0.1910026537880108 0.05132292381865547 0
367 0.1940083863918121 0.05159059489713107 0
368 0.1970144068302847 0.05185474645728831 0
369 0.2000207489244063 0.05211502990508086 0
370 0.2030274732914366 0.05237109884512438 0
371 0.2060346067537294 0.05262260383228098 0
372 0.209042170446429 0.05286920528818372 0
373 0.2120501639986159 0.05311080310373165 0
374 0.2150585692649172 0.05334753817670575 0
375 0.2180673654650567 0.05357956186376807 0
376 0.2210765345072141 0.05380702576239121 0
377 0.2240860581783769 0.05403008148256046 0
378 0.2270959183439828 0.05424888066076058 0
379 0.2301060993778203 0.05446357512983723 0
380 0.2331165839050052 0.05467431660624295 0
381 0.2361273560170101 0.0548812569199366 0
382 0.2391383713621931 0.05508454600314583 0
383 0.2421495971985435 0.05528433468734556 0
384 0.2451610186017049 0.05548077502693943 0
385 0.2481726224552246 0.05567401917891667 0
386 0.2511843962244601 0.05586421931748674 0
387 0.2541963261510827 0.05605152752122992 0
388 0.2572084014300062 0.05623609603425211 0
389 0.2602206097360013 0.05641807427047266 0
390 0.2632329478030654 0.05659748073829958 0
391 0.266245423822445 0.05677414721764158 0
392 0.2692580445737214 0.05694789105622629 0
393 0.2722708190442584 0.05711852973599452 0
394 0.2752837626129151 0.05728588109164494 0
395 0.2782969175169793 0.05744976437332115 0
396 0.2813102924062966 0.05760999689887331 0
397 0.284323893706483 0.05776639585975102 0
398 0.2873377245458673 0.05791878044295612 0
399 0.2903517825210159 0.05806710931259677 0
400 0.2933660533120668 0.05821156316702981 0
401 0.2963805220189987 0.05835234256282689 0
402 0.299395176355299 0.05848964818862212 0
403 0.3024100020918487 0.05862368065008156 0
404 0.3054249874015935 0.05875464066677383 0
405 0.3084401210421161 0.05888272898410712 0
406 0.3114553901480052 0.05900814628092525 0
407 0.3144707539181388 0.05913109211463848 0
408 0.3174861852404607 0.05925176046816266 0
409 0.320501680351897 0.05937021257153735 0
410 0.3235172389668726 0.0594863809106159 0
411 0.3265328633504599 0.05960019283440956 0
412 0.3295485539635888 0.05971157562634868 0
413 0.3325643110771723 0.05982045656928188 0
414 0.3355801361174684 0.05992676299337762 0
415 0.3385960283523932 0.0600304221588534 0
416 0.3416119887179661 0.0601313613921618 0
417 0.3446280171360542 0.0602295079926677 0
418 0.3476441129944517 0.06032479438983633 0
419 0.3506602861639939 0.06041720376126671 0
420 0.3536765680567695 0.06050674846900278 0
421 0.3566929573076631 0.06059344014550391 0
422 0.3597094511438137 0.06067729037885871 0
423 0.3627260470400921 0.0607583107631343 0
424 0.3657427411385777 0.06083651285699539 0
425 0.3687595316776702 0.06091190827402451 0
426 0.3717764148916333 0.06098450857621041 0
427 0.3747933880474692 0.06105432535211002 0
428 0.3778104490182816 0.061121370202797 0
429 0.3808275940173765 0.06118565469186089 0
430 0.3838448211352868 0.06124719042352106 0
431 0.3868621256254752 0.06130598894436108 0
432 0.3898794726642342 0.06136206126222817 0
433 0.392896844060267 0.0614154187862318 0
434 0.3959142380480677 0.06146607324777756 0
435 0.3989316517096477 0.06151403635527609 0
436 0.4019490820247907 0.06155931981459695 0
437 0.4049665274219717 0.06160193535074537 0
438 0.4079839843581378 0.06164189422328027 0
439 0.4110014512326819 0.06167919993537709 0
440 0.4140189257272179 0.06171384925756589 0
441 0.4170364049263815 0.06174583873276063 0
442 0.4200538875964707 0.06177516492102379 0
443 0.423071370539432 0.06180182436153567 0
444 0.4260888649156664 0.06182581370381651 0
445 0.4291064011741161 0.06184712967672237 0
446 0.4321239795249827 0.06186576871873607 0
447 0.4351415968279745 0.06188172724223225 0
448 0.438159252152087 0.06189500167033882 0
449 0.4411769418419747 0.06190558841198886 0
450 0.4441946641457147 0.0619134838841007 0
451 0.4472124168691143 0.06191868450009164 0
452 0.4502301969063724 0.06192118667166802 0
453 0.4532480030531773 0.06192098681145769 0
454 0.4562658319831403 0.06191808133016591 0
455 0.4592836813947568 0.0619124666388219 0
456 0.4623015477131543 0.06190413915155395 0
457 0.4653193946177023 0.06189309542066929 0
458 0.4683372059893078 0.06187933201896535 0
459 0.4713549789452623 0.06186284676039709 0
460 0.4743727117766796 0.06184364406587844 0
461 0.477390401034695 0.06182173051506444 0
462 0.4804080452261454 0.06179711267911485 0
463 0.4834256419881695 0.06176979713763714 0
464 0.4864431882535455 0.06173979048084016 0
465 0.4894606828400524 0.06170709928343981 0
466 0.4924781225316129 0.06167173014393816 0
467 0.4954955056291193 0.06163368964728643 0
468 0.4985128301572508 0.06159298438313492 0
469 0.5015301086476055 0.0615496202655795 0
470 0.5045473700397427 0.06150359267351049 0
471 0.5075646142276159 0.06145488734990053 0
472 0.5105818377706721 0.06140348966575062 0
473 0.5135990381467233 0.06134938497466028 0
474 0.5166162132161181 0.06129255861900815 0
475 0.5196333592873472 0.06123299596723555 0
476 0.5226504746785131 0.06117068234569215 0
477 0.5256675558252133 0.06110560311515525 0
478 0.5286845998627245 0.06103774362017005 0
479 0.5317016047503943 0.06096708918283422 0
480 0.5347185664986908 0.06089362516773927 0
481 0.5377354804088904 0.06081733695912105 0
482 0.5407523086635388 0.06073821082958764 0
483 0.5437690370134095 0.06065623252993424 0
484 0.546785660972532 0.06057138757331239 0
485 0.5498021784004569 0.06048366140824775 0
486 0.5528185859644997 0.06039303951538356 0
487 0.5558348797975142 0.06029950739247585 0
488 0.5588510576700211 0.06020305048646819 0
489 0.5618671153039139 0.06010365430879277 0
490 0.5648830500510746 0.06000130728707572 0
491 0.5678988597081586 0.05989602484023526 0
492 0.5709145417084092 0.05978783682197689 0
493 0.5739300956575407 0.05967677314537245 0
494 0.5769455353304861 0.0595628631783157 0
495 0.5799608902145518 0.05944613561719166 0
496 0.5829761600370479 0.05932662023925522 0
497 0.5859913439761544 0.05920434684330572 0
498 0.5890064398137264 0.05907934528772725 0
499 0.5920214475326934 0.0589516453427518 0
500 0.5950363651400732 0.05882127686308429 0
501 0.5980511917367887 0.05868826965983219 0
502 0.6010659270223683 0.05855265351817832 0
503 0.604080569135327 0.05841445829474902 0
504 0.6070951181596349 0.05827371375906137 0
505 0.6101095729726073 0.05813044973644774 0
506 0.6131239297211211 0.05798469618742009 0
507 0.6161381529658027 0.05783648464930669 0
508 0.6191522318397581 0.05768584553353115 0
509 0.6221661655286735 0.05753280876779768 0
510 0.6251799531590231 0.05737740238037378 0
511 0.6281935860558349 0.05721947933108745 0
512 0.6312070364696774 0.05705857875523897 0
513 0.6342202752301648 0.05689420706956949 0
514 0.6372332707845323 0.0567258708156899 0
515 0.6402459888148188 0.05655307669297945 0
516 0.6432583947358639 0.0563753314288279 0
517 0.6462704494715186 0.05619214204256172 0
518 0.6492821132915209 0.05600301564766977 0
519 0.6522933802290136 0.05580776984870514 0
520 0.6553044289644882 0.05560881587338048 0
521 0.658315416213444 0.05540857380109698 0
522 0.6613263444154639 0.05520707322036227 0
523 0.6643371967360986 0.05500408299649535 0
524 0.6673479567285274 0.05479937195457833 0
525 0.6703586082956542 0.05459270887936644 0
526 0.6733691331401885 0.0543838626901644 0
527 0.6763795143733985 0.05417260219336932 0
528 0.679389733321327 0.05395869630418013 0
529 0.6823997706073148 0.05374191397566539 0
530 0.6854096079093853 0.053522024073241 0
531 0.6884192191212475 0.05329879602993299 0
532 0.6914285488030444 0.0530720006594078 0
533 0.6944375628607298 0.05284138464708803 0
534 0.6974462357682398 0.05260666986383011 0
535 0.7004545390916597 0.05236757749951138 0
536 0.7034624533075676 0.05212394315262094 0
537 0.7064699828229808 0.05187589547503389 0
538 0.709477134571889 0.0516236094960649 0
539 0.7124839186726755 0.05136725996673999 0
540 0.7154903443005303 0.0511070216988597 0
541 0.7184964214329466 0.05084306941772782 0
542 0.7215021618261117 0.05057557767081537 0
543 0.7245075751782597 0.05030471118560518 0
544 0.7275126597540438 0.0500302508044795 0
545 0.7305174148092985 0.04975194662115133 0
546 0.7335218328047193 0.04946976439649103 0
547 0.7365259047513268 0.04918367077584244 0
548 0.7395296236541833 0.04889363220635991 0
549 0.7425329797423462 0.04859961539373384 0
550 0.7455359649493504 0.04830158687298147 0
551 0.7485385707674956 0.04799951321416588 0
552 0.751540787585551 0.04769336150074959 0
553 0.7545426084258319 0.04738310735788472 0
554 0.7575440252158294 0.04706873503780358 0
555 0.7605450305551065 0.04675022907468261 0
556 0.76354561168832 0.0464275745847401 0
557 0.7665457252670604 0.0461007600709748 0
558 0.7695453563934743 0.0457697710827298 0
559 0.7725444972687077 0.04543459241747685 0
560 0.7755431410782131 0.04509520868727283 0
561 0.7785412766549872 0.04475158317508376 0
562 0.7815388884839515 0.04440362830389491 0
563 0.7845359591788652 0.04405124932267907 0
564 0.7875324699980784 0.04369435163553798 0
565 0.7905284037438796 0.04333284045960646 0
566 0.7935237407030957 0.04296662131200446 0
567 0.7965184621656555 0.04259559959099535 0
568 0.7995125487762973 0.0422196807760252 0
569 0.8025060072011472 0.041838789172733 0
570 0.8054988611266947 0.04145299228332215 0
571 0.8084911203982907 0.04106241804287296 0
572 0.8114827935417082 0.04066719473764767 0
573 0.8144738903685308 0.04026745050149094 0
574 0.817464421987331 0.03986331330381968 0
575 0.8204543982955167 0.03945491128424916 0
576 0.8234438316966839 0.03904237224551638 0
577 0.8264327317319377 0.0386258099384922 0
578 0.8294210578371004 0.03820497824511963 0
579 0.8324087158540379 0.03777925134285107 0
580 0.8353956036133019 0.03734798597257958 0
581 0.8383816096308441 0.03691054020688499 0
582 0.8413665895987388 0.03646627709090447 0
583 0.8443504256223596 0.0360145560517288 0
584 0.8473329992117892 0.03555473681287549 0
585 0.8503141882270142 0.03508617992317271 0
586 0.8532938646968872 0.03460824765899946 0
587 0.8562718934030484 0.03412030490215433 0
588 0.8592481346148715 0.03362171717783084 0
589 0.8622224392600888 0.03311185121075405 0
590 0.8651946528314572 0.03259007435967597 0
591 0.8681646120917843 0.03205575529031529 0
592 0.8711321456403489 0.03150826403790952 0
593 0.8739951550959217 0.03079220000666343 0
594 1.12553023059705 -0.1440595169012862 0
595 1.123244848778934 -0.1421193475937982 0
596 1.120958599203955 -0.1401801540624856 0
597 1.11866759326282 -0.1382480432300681 0
598 1.116366731501821 -0.1363280895116245 0
599 1.114050947460875 -0.1344243864248578 0
600 1.111717316400909 -0.1325424787211633 0
601 1.10936541724311 -0.1306835763471642 0
602 1.10699810502673 -0.1288444933434174 0
603 1.104617413775641 -0.1270210587179425 0
604 1.102227362350606 -0.1252112584291116 0
605 1.099828419876153 -0.1234134103596219 0
606 1.097421189871162 -0.1216268558811492 0
607 1.095006156256787 -0.1198508478170488 0
608 1.092583740393148 -0.1180847370364449 0
609 1.090153947648551 -0.116328751727216 0
610 1.087716544854805 -0.1145835297260425 0
611 1.085271152049816 -0.1128496066579435 0
612 1.082817320681442 -0.111127471430447 0
613 1.080354742932096 -0.1094177411035783 0
614 1.0778831778657 -0.1077211866710333 0
615 1.075402250162024 -0.106038511702912 0
616 1.072911462471394 -0.104370338841035 0
617 1.070410436585959 -0.1027173736263218 0
618 1.067898984277036 -0.1010803836107967 0
619 1.065377108252853 -0.09945969458631718 0
620 1.062844795516592 -0.09785532380047596 0
621 1.060302066314963 -0.09626731061943537 0
622 1.057749094685653 -0.09469579146486894 0
623 1.055186078522488 -0.09314091466642638 0
624 1.052613148273056 -0.09160258223321789 0
625 1.050030667566862 -0.09008013493476333 0
626 1.047439208562981 -0.08857288655663881 0
627 1.04483943802133 -0.08708020326645913 0
628 1.042231867661206 -0.08560135986364031 0
629 1.039616861965539 -0.0841355496848683 0
630 1.036994846041507 -0.08268211275082694 0
631 1.034366219121722 -0.08124077835613755 0
632 1.031731249662366 -0.07981129458422417 0
633 1.029090038570063 -0.07839331873896704 0
634 1.026442728012057 -0.07698653235572397 0
635 1.023789619124347 -0.07559070156248933 0
636 1.021131005510394 -0.07420561850167064 0
637 1.018466903899923 -0.07283119697988598 0
638 1.015797217028411 -0.07146742625846447 0
639 1.013122010570938 -0.07011438109105106 0
640 1.010441451438871 -0.06877218588915554 0
641 1.007755553560293 -0.06744088680280481 0
642 1.005064200598058 -0.06612046518243644 0
643 1.002367439329164 -0.06481090723941745 0
644 0.9996655139098329 -0.06351218156485169 0
645 0.9969585669278493 -0.06222419696236194 0
646 0.9942465739055907 -0.06094678323045227 0
647 0.9915295725009114 -0.05967980143866766 0
648 0.9888077673453598 -0.0584231905655157 0
649 0.9860813538659411 -0.05717686976833405 0
650 0.9833503859511731 -0.05594061978665248 0
651 0.9806148807149618 -0.05471418209197715 0
652 0.9778750219286736 -0.05349737376250764 0
653 0.9751310799960352 -0.05229004893710816 0
654 0.9723831606248309 -0.05109198807635319 0
655 0.9696312430023271 -0.04990291868829715 0
656 0.9668754416035172 -0.0487226492320818 0
657 0.9641160122666251 -0.04755106782984944 0
658 0.9613530893160468 -0.04638801017345642 0
659 0.9585866391477711 -0.04523324168506843 0
660 0.9558167093679667 -0.04408656311888538 0
661 0.9530435194938763 -0.042947847084845 0
662 0.950267224419531 -0.04181701001916972 0
663 0.9474877647543068 -0.04069400408464341 0
664 0.9447050552093554 -0.03957878459219209 0
665 0.9419191839621442 -0.03847137719465824 0
666 0.939130311110554 -0.03737183518942326 0
667 0.9363384261286697 -0.03628014111754971 0
668 0.9335434592227529 -0.03519609894188584 0
669 0.9307455785390175 -0.03411936934619825 0
670 0.9279450977802687 -0.03304964779748266 0
671 0.9251421881612755 -0.03198657349496235 0
672 0.9223368590919017 -0.03092972422501795 0
673 0.9195291775254282 -0.02987884527803584 0
674 0.9167189782965266 -0.02883481075127586 0
675 0.9139058471770711 -0.02779900949814938 0
676 0.911090143341601 -0.02677311823000948 0
677 0.9082680944602943 -0.02575732632933401 0
678 0.9054433311647234 -0.02475329593133267 0
679 0.9026193733154444 -0.02374736613431373 0
680 0.899804268003833 -0.02271706903850255 0
681 0.8970066182972518 -0.02164004289853557 0
682 0.8942362165043334 -0.0204946981537867 0
683 0.891506182884252 -0.01925654091698406 0
684 0.8888384462594225 -0.01788983989530625 0
685 0.8862624113221647 -0.01635792071679219 0
686 0.8838153330456504 -0.01462785316175623 0
687 0.8815280523428255 -0.0126912377125021 0
688 0.8794046736655274 -0.01057602915264435 0
689 0.8774427010784367 -0.008310193549985674 0
690 0.8756477707069558 -0.005908994765268739 0
691 0.8740692636183851 -0.003361806461730826 0
692 0.8727705295795161 -0.000661688364200367 0
693 0.8718344700354641 0.002174007708093005 0
694 0.8713765966961079 0.005122534930931249 0
695 0.8715082189813761 0.008102488107067395 0
696 0.8722493370676498 0.01099186478558154 0
697 0.875355431346624 0.01605090534558988 0
698 0.8775833526980571 0.01803300112156564 0
699 0.8801456732496377 0.01955943843909463 0
700 0.8829294355447844 0.02063322022489086 0
701 0.8858431533026258 0.02131482351551453 0
702 0.8888166865242111 0.02167512860221365 0
703 0.8918106160693071 0.0217780557262118 0
704 0.8948047557951397 0.02167410176240899 0
705 0.8977884020601508 0.02140120830556941 0
706 0.9007564261247238 0.02098890208044633 0
707 0.9037057998668065 0.02046092722728839 0
708 0.9066360208872452 0.01983510513915016 0
709 0.909547238369963 0.0191259891246216 0
710 0.9124392672318188 0.01834452833463452 0
711 0.9153139135766742 0.01749914186567699 0
712 0.9181708284643656 0.01659625860496443 0
713 0.921010868050989 0.01564096588162341 0
714 0.9238341035909453 0.01463707318146449 0
715 0.9266408549282419 0.01358795401004263 0
716 0.9294313692475346 0.01249636036459258 0
717 0.9322059486852208 0.01136485950131617 0
718 0.9349649444516386 0.01019585821851526 0
719 0.9377087621329576 0.008991653024872951 0
720 0.9404378590524598 0.007754451121948471 0
721 0.9431527149567479 0.006486308155222445 0
722 0.9458538531485463 0.005189207340229237 0
723 0.948541654406351 0.003864697470287138 0
724 0.9512163917498924 0.002514005354175332 0
725 0.9538783662099957 0.001138335186691855 0
726 0.9565279084155496 -0.0002611250546028176 0
727 0.9591653763378437 -0.00168320410454081 0
728 0.9617910898544473 -0.003126864629219685 0
729 0.9644052019757805 -0.004591421032295893 0
730 0.9670078457958804 -0.006076255599162647 0
731 0.9695991681111232 -0.007580757513126821 0
732 0.972179331221809 -0.0091043246473624 0
733 0.9747485040398263 -0.01064635923636659 0
734 0.977306849059111 -0.01220629935716191 0
735 0.9798545031708483 -0.01378364694250798 0
736 0.982391607392018 -0.0153779153717812 0
737 0.9849183114219997 -0.01698862301672428 0
738 0.9874347732871547 -0.01861529341963943 0
739 0.9899411582067236 -0.02025745499804493 0
740 0.9924375569363879 -0.02191476426347369 0
741 0.9949238075532394 -0.0235872648175845 0
742 0.9973996957197487 -0.02527507389730037 0
743 0.999865001930234 -0.02697830541937567 0
744 1.002319500921852 -0.02869706933453279 0
745 1.004762967263837 -0.03043147534840578 0
746 1.007195216256373 -0.03218157066590639 0
747 1.009616458580877 -0.03394685710923875 0
748 1.012027125170287 -0.03572655354417334 0
749 1.014427661401236 -0.03751988514051496 0
750 1.016818525219872 -0.03932608666722996 0
751 1.019200185421658 -0.04114440166504469 0
752 1.021573123345824 -0.04297407904970747 0
753 1.023938023914568 -0.04481412691087966 0
754 1.026295918054975 -0.04666313968839944 0
755 1.028647886104001 -0.04851968278023076 0
756 1.03099502495887 -0.0503823342802038 0
757 1.033338438071743 -0.05224967745517701 0
758 1.03567923729258 -0.05412030235427901 0
759 1.038018342683237 -0.05599305109821868 0
760 1.040355485223723 -0.05786825473085161 0
761 1.042689950007739 -0.05974679627117636 0
762 1.04502101789845 -0.0616295569599279 0
763 1.047347965029993 -0.06351741426772836 0
764 1.049670061212783 -0.06541124048604034 0
765 1.051986586383439 -0.06731188253653521 0
766 1.054297108449024 -0.06921982376999017 0
767 1.056601442595431 -0.07113523272238276 0
768 1.05889941180616 -0.07305826739097518 0
769 1.061190839371593 -0.07498908610961903 0
770 1.063475547027143 -0.07692784597857474 0
771 1.065753355305581 -0.07887470153502323 0
772 1.068024103646656 -0.08082978098355893 0
773 1.070287653006186 -0.08279318481701467 0
774 1.07254386430129 -0.08476501117898021 0
775 1.074792596788157 -0.08674535673691189 0
776 1.07703370817418 -0.08873431672424874 0
777 1.079267043854756 -0.09073199872426116 0
778 1.081492325571874 -0.09273864323250747 0
779 1.083709203508267 -0.09475457124134536 0
780 1.085917319242778 -0.09678009805559774 0
781 1.088116308783849 -0.09881553390379094 0
782 1.090305806049548 -0.1008611823761561 0
783 1.092485572440754 -0.1029172022661076 0
784 1.09465556875934 -0.1049835363841161 0
785 1.096815773196604 -0.1070601101987481 0
786 1.098966164565409 -0.1091468500888732 0
787 1.101106756525162 -0.1112436462740401 0
788 1.103238467838466 -0.1133494767069683 0
789 1.105363187715634 -0.1154623677508086 0
790 1.107482869218183 -0.1175803170380761 0
791 1.10959947534199 -0.1197013361053159 0
792 1.111714590503946 -0.1218238364939288 0
793 1.113828944456571 -0.1239470897552653 0
794 1.115943153311987 -0.1260704823815057 0
795 1.118057778400846 -0.1281934550147455 0
796 1.120172575408021 -0.1303162508405091 0
797 1.122286685612653 -0.132439725523282 0
798 1.124399380477379 -0.1345646030526232 0
799 1.126511253097162 -0.1366902921388557 0
800 1.128623512564629 -0.1388155917173432 0
801 1.129276692866944 -0.14346915483475 0
802 0.01845141325988877 0.00582169612248941 0
803 0.01673183408815318 0.003027558886144585 0
804 0.01454116084495986 0.001060787993776453 0
805 0.01235936508282051 -0.0009154994991302851 0
806 0.01019256422891424 -0.00290906640575534 0
807 0.008042574792190801 -0.004920252737069915 0
808 0.005911479058841583 -0.006951404601287091 0
809 0.003798586582044337 -0.009001252006972582 0
810 0.001706375306997086 -0.01107219887443909 0
811 -0.000365801233618585 -0.01316443203067964 0
812 -0.002414384634590187 -0.01527885715690078 0
813 -0.004438253299686719 -0.01741780248766776 0
814 -0.00643587786901963 -0.0195806514405866 0
815 -0.008406630992859845 -0.02176669483589972 0
816 -0.01035044255543093 -0.02397780409668094 0
817 -0.01226503248147192 -0.02621497278293394 0
818 -0.01414523446024975 -0.02848041778978241 0
819 -0.01599255703399618 -0.03077243803115512 0
820 -0.01780611872686618 -0.03309154270840217 0
821 -0.01958468428629787 -0.03543751003187613 0
822 -0.02132375220140427 -0.03781321974517464 0
823 -0.02302032932163964 -0.04021979314153865 0
824 -0.02467736049100301 -0.0426531386880163 0
825 -0.02629191744625019 -0.04511449783588413 0
826 -0.02786256790117204 -0.04760416015998803 0
827 -0.02938319931560956 -0.0501250148184068 0
828 -0.03085106834156401 -0.05267704082121429 0
829 -0.03226152998482256 -0.05526122392648003 0
830 -0.03361342999960644 -0.05787648585491362 0
831 -0.03490032131654099 -0.06052407182653501 0
832 -0.03611793330020136 -0.06320463153449279 0
833 -0.03726102111004814 -0.06591756291343676 0
834 -0.03832722150360875 -0.06866142062395472 0
835 -0.03931115928352477 -0.07143586941733995 0
836 -0.04020646674545912 -0.07423987256059859 0
837 -0.04099830684773395 -0.07707360960917417 0
838 -0.04166843491860082 -0.07993878082311966 0
839 -0.04218982750398872 -0.08283334377097487 0
840 -0.04254037526392266 -0.08575378065038124 0
841 -0.04268818649795119 -0.08869147338093278 0
842 -0.04261661584603399 -0.09163159611564604 0
843 -0.04229596600302118 -0.0945546081595294 0
844 -0.04171699001467606 -0.09743770706381084 0
845 -0.04078819262324354 -0.1002255697615241 0
846 -0.03939249643162797 -0.1028084504481521 0
847 -0.03748021805824577 -0.1050343275298325 0
848 -0.03514304029012193 -0.106810487119448 0
849 -0.03249168697036993 -0.108069132743125 0
850 -0.02963604513254447 -0.1087450192890013 0
851 -0.02950919216434545 -0.1097865638194045 0
852 -0.0323822267080992 -0.1106070360370909 0
853 -0.03527844661196666 -0.1113426406403407 0
854 -0.03818050319191472 -0.1120575366824008 0
855 -0.04108069839795329 -0.1127777359635972 0
856 -0.04398325667798538 -0.1134858073453813 0
857 -0.0468937436085889 -0.1141651057554393 0
858 -0.04981602934417911 -0.1147818404868928 0
859 -0.05275529107801692 -0.1153207624362998 0
860 -0.05571068189976434 -0.1157620351972456 0
861 -0.05868164287025326 -0.1160765556756953 0
862 -0.06166528557423644 -0.1162331412119049 0
863 -0.06465242805156625 -0.1161923475116943 0
864 -0.06762585922487895 -0.1159044953670942 0
865 -0.07055675192654948 -0.1153290757325923 0
866 -0.07340392342816579 -0.1144281907207997 0
867 -0.07611138834758281 -0.1131790889931813 0
868 -0.07865052021017467 -0.1116096229606876 0
869 -0.08092793108959206 -0.1096842410749142 0
870 -0.0829389551687512 -0.1074888955407723 0
871 -0.08436844470820495 -0.1048860059265072 0
872 -0.08477002768205821 -0.1019483995363276 0
873 -0.08440641356368431 -0.09899265864787894 0
874 -0.08375689205408525 -0.09607638031338821 0
875 -0.08290733139469361 -0.09321264756777103 0
876 -0.08191381178325852 -0.09039514608628282 0
877 -0.08072383206529386 -0.08765436785814416 0
878 -0.07939735095648026 -0.08497685490350607 0
879 -0.07793506554211835 -0.08237126580661726 0
880 -0.07635192651343485 -0.07983733516399033 0
881 -0.07467400706452673 -0.07736499600237592 0
882 -0.0729220864506181 -0.07494341969466196 0
883 -0.071110045656282 -0.07256738669700301 0
884 -0.06924623206896219 -0.07023146013750906 0
885 -0.06733846536073085 -0.06793315064744558 0
886 -0.0653911656941879 -0.06566811306598926 0
887 -0.06340832536094154 -0.06343292526688694 0
888 -0.06139549247110324 -0.06122519915164269 0
889 -0.05935453953656357 -0.0590426222839809 0
890 -0.05728805347584293 -0.05688435154413102 0
891 -0.05519846109891538 -0.05474833349435923 0
892 -0.05308800481990936 -0.05263293433753652 0
893 -0.05095830619978262 -0.05053700144708842 0
894 -0.04881046859793636 -0.04845950534683564 0
895 -0.04664594184334493 -0.04639954801979511 0
896 -0.04446560710377091 -0.04435625678912164 0
897 -0.042270312540128 -0.04232900540869856 0
898 -0.04006116024450164 -0.04031699567634465 0
899 -0.0378387459348702 -0.03831947925061262 0
900 -0.03560373297350402 -0.03633619611181594 0
901 -0.03335661537283314 -0.03436660929695851 0
902 -0.03109786489887727 -0.03241028657484261 0
903 -0.02882802336334435 -0.0304670028567042 0
904 -0.02654732291940824 -0.02853631222946777 0
905 -0.02425621467600701 -0.02661807690788846 0
906 -0.02195494176765587 -0.02471207125201282 0
907 -0.01964369607754504 -0.02281804182531935 0
908 -0.01732246226044242 -0.02093644203077803 0
909 -0.01499096628358961 -0.01906742638963928 0
910 -0.01265056829145921 -0.01720961782719855 0
911 -0.01030423744038488 -0.01535937927538604 0
912 -0.0079550258069112 -0.01351263855345167 0
913 -0.005603673233807597 -0.01166879957295979 0
914 -0.003251090305661345 -0.009826416752765844 0
915 -0.0008977826908814059 -0.007984956691614234 0
916 0.001454860944051911 -0.006142767025105879 0
917 0.003806037155062473 -0.004298528580706379 0
918 0.006161086326507671 -0.002459398009976454 0
919 0.00851869819104337 -0.0006234832443293669 0
920 0.01087858261072224 0.001209565618113698 0
921 0.01324131877013794 0.003040337468863084 0
922 0.01561599629324203 0.004853565301383138 0
923 94.65483432312186 -490.9587175509386 0
924 118.6310208907837 -485.7228436901135 0
925 142.3214149382694 -479.3168209545424 0
926 165.6689442312852 -471.7560820140969 0
927 188.6173625267621 -463.0588413511267 0
928 211.1113850749822 -453.2460513801775 0
929 233.0968218053833 -442.3413519717881 0
930 254.5207078751851 -430.3710135019721 0
931 275.3314312663344 -417.3638735645812 0
932 295.478857123378 -403.3512674990155 0
933 314.9144485327202 -388.3669529006461 0
934 333.5913834522991 -372.4470282958116 0
935 351.4646675099871 -355.6298461773058 0
936 368.4912423989747 -337.955920609863 0
937 384.6300896090021 -319.4678296282287 0
938 399.8423292435446 -300.2101126629429 0
939 414.0913136848875 -280.2291632409518 0
940 427.3427158814483 -259.5731172195373 0
941 439.5646120446495 -238.2917368228213 0
942 450.7275585561223 -216.4362907602078 0
943 460.8046628999621 -194.059430715573 0
944 469.7716484491542 -171.2150645047456 0
945 477.6069129500956 -147.9582262068579 0
946 484.2915805643153 -124.344943582428 0
947 489.8095473420231 -100.4321030975774 0
948 494.1475200179345 -76.27731287955113 0
949 497.2950480359119 -51.93876393369452 0
950 499.2445487252689 -27.47508995622322 0
951 499.9913255680888 -2.945226080513714 0
952 499.5335795135474 21.59173310279509 0
953 497.8724133119839 46.07667590984657 0
954 490.9587175509386 94.65483432312183 0
955 485.7228436901135 118.6310208907839 0
956 479.3168209545424 142.3214149382696 0
957 471.7560820140967 165.6689442312856 0
958 463.0588413511265 188.6173625267625 0
959 453.2460513801773 211.1113850749826 0
960 442.3413519717878 233.0968218053839 0
961 430.3710135019718 254.5207078751856 0
962 417.3638735645807 275.3314312663351 0
963 403.351267499015 295.4788571233787 0
964 388.3669529006456 314.9144485327208 0
965 372.4470282958109 333.5913834522999 0
966 355.629846177305 351.4646675099879 0
967 337.9559206098623 368.4912423989753 0
968 319.4678296282278 384.6300896090028 0
969 300.210112662942 399.8423292435452 0
970 280.2291632409509 414.0913136848881 0
971 259.5731172195366 427.3427158814488 0
972 238.2917368228202 439.5646120446501 0
973 216.4362907602069 450.7275585561229 0
974 194.0594307155722 460.8046628999624 0
975 171.215064504745 469.7716484491544 0
976 147.9582262068575 477.6069129500957 0
977 124.3449435824276 484.2915805643154 0
978 100.4321030975765 489.8095473420233 0
979 76.27731287955051 494.1475200179346 0
980 51.93876393369411 497.2950480359119 0
981 27.47508995622303 499.2445487252689 0
982 2.945226080513744 499.9913255680888 0
983 -21.59173310279528 499.5335795135474 0
984 -46.07667590984676 497.8724133119838 0
985 -94.6548343231218 490.9587175509386 0
986 -118.6310208907836 485.7228436901135 0
987 -142.3214149382698 479.3168209545423 0
988 -165.6689442312855 471.7560820140967 0
989 -188.6173625267624 463.0588413511265 0
990 -211.1113850749826 453.2460513801773 0
991 -233.0968218053837 442.3413519717878 0
992 -254.5207078751857 430.3710135019717 0
993 -275.3314312663351 417.3638735645808 0
994 -295.4788571233786 403.351267499015 0
995 -314.9144485327208 388.3669529006456 0
996 -333.5913834522997 372.4470282958112 0
997 -351.4646675099877 355.6298461773052 0
998 -368.4912423989754 337.9559206098622 0
999 -384.6300896090028 319.4678296282278 0
1000 -399.8423292435452 300.210112662942 0
1001 -414.0913136848881 280.2291632409509 0
1002 -427.3427158814488 259.5731172195366 0
1003 -439.5646120446501 238.2917368228202 0
1004 -450.7275585561228 216.4362907602069 0
1005 -460.8046628999624 194.0594307155722 0
1006 -469.7716484491544 171.2150645047451 0
1007 -477.6069129500957 147.9582262068575 0
1008 -484.2915805643154 124.3449435824277 0
1009 -489.8095473420233 100.4321030975766 0
1010 -494.1475200179346 76.27731287955054 0
1011 -497.2950480359119 51.93876393369414 0
1012 -499.2445487252689 27.47508995622306 0
1013 -499.9913255680888 2.945226080513775 0
1014 -499.5335795135474 -21.59173310279525 0
1015 -497.8724133119839 -46.07667590984673 0
1016 -490.9587175509386 -94.6548343231219 0
1017 -485.7228436901135 -118.6310208907838 0
1018 -479.3168209545424 -142.3214149382695 0
1019 -471.7560820140968 -165.6689442312853 0
1020 -463.0588413511267 -188.6173625267622 0
1021 -453.2460513801774 -211.1113850749824 0
1022 -442.341351971788 -233.0968218053835 0
1023 -430.371013501972 -254.5207078751853 0
1024 -417.3638735645811 -275.3314312663346 0
1025 -403.3512674990153 -295.4788571233782 0
1026 -388.3669529006459 -314.9144485327205 0
1027 -372.4470282958114 -333.5913834522993 0
1028 -355.6298461773055 -351.4646675099874 0
1029 -337.9559206098629 -368.4912423989748 0
1030 -319.4678296282285 -384.6300896090023 0
1031 -300.2101126629427 -399.8423292435447 0
1032 -280.2291632409515 -414.0913136848877 0
1033 -259.5731172195371 -427.3427158814484 0
1034 -238.2917368228209 -439.5646120446497 0
1035 -216.4362907602075 -450.7275585561225 0
1036 -194.0594307155727 -460.8046628999621 0
1037 -171.2150645047455 -469.7716484491543 0
1038 -147.9582262068579 -477.6069129500956 0
1039 -124.3449435824279 -484.2915805643154 0
1040 -100.432103097577 -489.8095473420232 0
1041 -76.27731287955088 -494.1475200179345 0
1042 -51.93876393369428 -497.2950480359119 0
1043 -27.47508995622308 -499.2445487252689 0
1044 -2.945226080513683 -499.9913255680888 0
1045 21.59173310279511 -499.5335795135474 0
1046 46.07667590984671 -497.8724133119839 0
1047 0.40949592988949 -0.05639830018158791 0
1048 0.4724778807510741 -0.05270579162542337 0
1049 0.3459427413479927 -0.05724474321023678 0
1050 0.5295101167373899 -0.04762342712234031 0
1051 0.5833027069529666 -0.04066563786611063 0
1052 0.2886931925209572 -0.05608481994384836 0
1053 0.6337206720293902 -0.03176218629255605 0
1054 1.029178519797346 -0.08170780020721727 0
1055 0.240679348263168 -0.05375709876637529 0
1056 0.9617976896545878 -0.04912174710052759 0
1057 0.6811881644802897 -0.02389950787975273 0
1058 1.101855078589408 -0.128185972720559 0
1059 0.1978841258953089 -0.05162902249460104 0
1060 0.9116095473596063 -0.02972453491512987 0
1061 0.1623917557153106 -0.04831020283613296 0
1062 0.8890002488020077 -0.02083117352870492 0
1063 1.067699929721472 -0.1041301810611495 0
1064 0.4423775046286206 -0.05494936418051663 0
1065 0.3791018642997004 -0.05711121151364151 0
1066 0.1323610866179213 -0.0453721533595953 0
1067 0.9947216628691989 -0.06357985472735289 0
1068 0.4995195611362231 -0.05078517722902533 0
1069 0.5564418053044419 -0.04428026227726481 0
1070 0.3188200091053753 -0.05683464721919926 0
1071 0.1054301604906239 -0.04174789442241088 0
1072 0.8783975746818515 -0.01360876434261261 0
1073 0.9368788840003144 -0.03936041500868098 0
1074 0.607136641078979 -0.03674526005219873 0
1075 0.2645969466446382 -0.05529212250753539 0
1076 0.7912183368748011 0.03127715636441428 0
1077 0.6575722550818622 -0.02786855416025029 0
1078 0.08154802911757036 -0.0382714644441756 0
1079 0.06745988814456053 0.01895482853433302 0
1080 0.2192351778446979 -0.05308040687253117 0
1081 1.120439934559138 -0.1438520665979882 0
1082 0.7704766964731823 0.03137085287809559 0
1083 0.05740835715033574 -0.03437736146506946 0
1084 1.047233899142038 -0.09214938635700258 0
1085 1.084992227027129 -0.1158343404833446 0
1086 0.8152955463809072 0.03045449491608943 0
1087 0.179983366570607 -0.05043464176307819 0
1088 0.6988770762467446 -0.02027245385538114 0
1089 0.7024397960394111 -0.0196908698382749 0
1090 0.7006658614891663 -0.02351063304077406 0
1091 0.705291715036751 -0.02259846332710963 0
1092 0.7031516891592586 -0.02733329064133869 0
1093 -0.02532523890542625 -0.047631207660057 0
1094 0.8709246281606311 -0.00313824072591816 0
1095 0.9779638907594526 -0.05687667539988924 0
1096 1.010743714278642 -0.07147802152190764 0
1097 0.7085785028613308 -0.02614637199711192 0
1098 0.7063415024657052 -0.03207089780605683 0
1099 0.7131647069426763 -0.03072423662886544 0
1100 0.7103181481026313 -0.03801439188120861 0
1101 -273.854728268322 389.7716326723547 0
1102 -124.9284394883015 462.0033492515417 0
1103 -389.6628116730404 277.8796554476143 0
1104 -459.1368343119801 130.2622376149857 0
1105 -476.6934615438651 -32.96211519269664 0
1106 38.01860982328016 477.0836352462001 0
1107 -13.56734490070442 -479.3537204187517 0
1108 -437.5387061982049 -190.8522698582619 0
1109 -176.8052923294881 -446.4034738413964 0
1110 -346.864797180966 -328.8796561506726 0
1111 173.0923873523421 445.5385738587374 0
1112 122.390759193789 -461.3384958868493 0
1113 297.9758039604127 374.5472330014742 0
1114 253.6615559544002 -405.8448284054103 0
1115 394.1500398676758 273.6745351131784 0
1116 360.5805333746479 -316.0013226243495 0
1117 0.04833015897414569 -0.03019499460406891 0
1118 455.3168980009665 147.4473875909695 0
1119 436.6015057653786 -198.5415876130605 0
1120 479.9657106767528 9.620084441228833 0
1121 0.5144746214441787 -0.04919137082080578 0
1122 0.4572775039516755 -0.05433528465163609 0
1123 0.4273192657637904 -0.05571007462340508 0
1124 0.3941714309372829 -0.05674253362729819 0
1125 0.364028413256748 -0.05724500664154211 0
1126 0.3034403548639105 -0.05648512828757116 0
1127 0.1473682724267856 -0.04693215559913483 0
1128 0.7184564159588511 -0.03604795396898035 0
1129 0.7156456579527996 -0.04441573657714018 0
1130 0.05735493492444799 0.01184580538065621 0
1131 -0.01455875320591338 -0.03390528551924372 0
1132 0.7555050278729043 0.03124354631225604 0
1133 0.8303555063263286 0.03040222830056532 0
1134 -0.0346291197230402 -0.06540126701432541 0
1135 0.7345457926225932 0.03090241019433674 0
1136 0.7252231085572504 -0.04340290657655543 0
1137 0.7219134431222144 -0.05356002202604197 0
1138 0.01956023923966688 0.006245566524705233 0
1139 -0.005802454185658686 -0.02204902791322248 0
1140 0.7025352493459002 -0.001496681794533028 0
1141 0.7343885746775106 -0.05199981177533918 0
1142 0.7286133907470795 -0.06614242330098147 0
1143 0.06965412471719203 -0.0361236907376287 0
1144 0.1203618210378408 -0.04393170803096239 0
1145 0.90031955720122 -0.02567017030059189 0
1146 0.8453143071326619 0.0297400322627417 0
1147 0.4875125372860682 -0.05195812031167049 0
1148 0.5413378858389167 -0.04581153243398157 0
1149 -0.03792777435774483 -0.0787099657857397 0
1150 0.5681581186028686 -0.04231486038381585 0
1151 0.5953986569912935 -0.03906029124419558 0
1152 0.6190250274324576 -0.03473327348036419 0
1153 0.3338864729177122 -0.05715430741482888 0
1154 0.0934966322635553 -0.04007425267421022 0
1155 0.2525543931370534 -0.0547435503950941 0
1156 0.2766423890209864 -0.05576756863529777 0
1157 0.6694117539746308 -0.02559015265338573 0
1158 0.04218855277162284 -0.02184815778999041 0
1159 0.6456981504549626 -0.02989700600595486 0
1160 0.8034131850890609 0.0310073071935619 0
1161 0.9228230956985196 -0.03389039200192921 0
1162 0.947889756825027 -0.04336246665317921 0
1163 1.057664632317107 -0.09769244493458368 0
1164 1.111063745877478 -0.135616738055664 0
1165 0.002465149615551034 -0.01389567146369355 0
1166 0.7453818026563404 -0.06322049422415858 0
1167 0.7397833181861182 -0.08024108875898928 0
1168 0.7225777642991145 0.03042357071193477 0
1169 0.8688226479304711 0.006827048222351158 0
1170 0.7200035249631616 -0.08257904890839575 0
1171 0.7326497977650123 -0.09874308074762207 0
1172 0.7097003363363381 -0.1016584783983859 0
1173 0.7241718596067499 -0.1219006341442418 0
1174 0.6983556905780652 -0.123988720749882 0
1175 0.7503806917172799 -0.1177840442145275 0
1176 0.05043547726350536 0.005392993560338071 0
1177 0.0190483329673125 0.002131753448229416 0
1178 0.7025687377165989 0.01034056252185477 0
1179 474.9365852995547 -82.16549385671482 0
1180 -260.1235566975678 -403.902134073576 0
1181 0.01103800428947698 -0.006082051473303054 0
1182 -0.04029615693229405 -0.09295501294709481 0
1183 0.04103397550778189 -0.01495128411235649 0
1184 0.719159520479821 -0.02814404428334366 0
1185 0.4182830620474101 -0.05613209244090047 0
1186 0.2073741923541259 -0.05162651505095649 0
1187 0.2284823954107501 -0.05335267257412782 0
1188 0.3551663428872979 -0.05719059376369313 0
1189 0.1894703223406316 -0.05083790416335328 0
1190 0.1714154313545186 -0.04911769358706586 0
1191 0.7029540981955638 -0.0098167049395365 0
1192 0.743569809813897 0.03065803424112664 0
1193 0.7794611190446957 0.03147159570918959 0
1194 0.8547038235787103 0.02934368101532632 0
1195 0.706837207167774 -0.04589861829005493 0
1196 0.9699532694284189 -0.05250728660182712 0
1197 0.9860215322895969 -0.06075340881044822 0
1198 1.018356685929431 -0.0762288637750886 0
1199 1.002575732424856 -0.0678133399665683 0
1200 1.091481930875731 -0.1215192994031133 0
1201 1.036593697354284 -0.08581300688626145 0
1202 1.077849886007818 -0.1104100493545478 0
1203 0.8870180377927309 0.02406888323175319 0
1204 0.7133825211473037 0.02972157796967033 0
1205 0.0449535703874792 -0.0024423394981627 0
1206 -0.01994032752798202 -0.04020464072978732 0
1207 -0.0293039460976959 -0.05519827253490889 0
1208 -213.4256005041111 430.3332761275619 0
1209 -478.1836494940197 58.81299840453933 0
1210 -425.412922618866 220.3969431464666 0
1211 236.536295928909 419.7002552702666 0
1212 472.0238052310129 79.04262778943421 0
1213 -83.599801583058 -471.6019964694168 0
1214 -33.52877852933248 477.7587402276729 0
1215 -344.2319253575395 330.9120310083504 0
1216 -469.3948243270023 -102.4108778948081 0
1217 347.6080340169104 329.3252993421138 0
1218 430.1995512920285 213.6817003341952 0
1219 53.58438931420264 -475.7244113763702 0
1220 402.1175588148758 -254.4772688293316 0
1221 193.7900552016281 -441.3806310960165 0
1222 -390.7690353247565 -273.3639143391047 0
1223 110.3998928141148 464.5326900489171 0
1224 312.1239737272306 -360.3710520903939 0
1225 0.7486405732915086 -0.04517664722988207 0
1226 0.7633221400744685 -0.05993350314879983 0
1227 0.8704706212868367 0.01371234875722381 0
1228 -0.0282106415759246 -0.1060198225088631 0
1229 -0.02487175946862648 -0.1062819934965247 0
1230 0.04210227603348997 -0.008511105137224938 0
1231 0.7021997167323935 0.01897041323029603 0
1232 0.7692759442002567 -0.04045831993921177 0
1233 0.7840815506628536 -0.0559142346236436 0
1234 0.6902014929537996 -0.02247573264706821 0
1235 -0.02669996832871554 -0.1028690511632748 0
1236 -0.0226057981137916 -0.1026630933525644 0
1237 -0.02073423155146289 -0.1068232612537553 0
1238 -0.01788333250062364 -0.1026814449833296 0
1239 -0.02032473327064954 -0.09802773282389486 0
1240 -0.01441085242481875 -0.09802586941205978 0
1241 -0.01789164033345058 -0.0922778417640225 0
1242 -0.01034867483140931 -0.092346890718999 0
1243 -0.007408691282522635 -0.1003807845214446 0
1244 -0.001816818148213445 -0.09254033468290276 0
1245 0.002395898170324855 -0.1015751375837282 0
1246 0.008161180639957214 -0.09283968959588761 0
1247 0.01357542694788064 -0.1036674032883857 0
1248 0.02100307730887535 -0.09274863703892364 0
1249 0.02710464576717153 -0.1058100486852754 0
1250 0.01789171245612979 -0.1160807341941871 0
1251 -0.03605669453916934 -0.1143727510945235 0
1252 -0.02720794313564161 -0.1118109917398489 0
1253 0.03643008125877324 -0.092691860633378 0
1254 0.0438489162086033 -0.1085539541333063 0
1255 0.002037581904388507 -0.08184543546617792 0
1256 0.8634295271950532 0.02836175824348197 0
1257 0.8834149943952374 -0.01780916684177797 0
1258 0.8744664229559097 -0.008663536505346727 0
1259 0.87180785725015 0.02847988392872678 0
1260 0.05670945959503235 -0.09228918001210212 0
1261 0.06311722178957235 -0.1113065919006625 0
1262 0.6845970552134127 -0.09904912052636308 0
1263 0.6720449603263311 -0.1246401927545818 0
1264 0.659919494028208 -0.1043497795396017 0
1265 0.6471591498932783 -0.1255781971478827 0
1266 0.6358336778605337 -0.1035331108671306 0
1267 0.6229389424361429 -0.125747603669796 0
1268 0.6086440003661164 -0.104178192014924 0
1269 0.5988242088947187 -0.1259971101845386 0
1270 0.07642370903627187 -0.09759383699226311 0
1271 0.0827484629110647 -0.114494961734441 0
1272 0.09558261317728294 -0.09737496333695159 0
1273 0.1025211914222856 -0.1169194527281267 0
1274 0.1138708782746422 -0.100510262240657 0
1275 0.5853873379248122 -0.107470485316026 0
1276 0.5758927437939877 -0.1268013437939028 0
1277 0.5623473984983024 -0.1064811410996073 0
1278 0.5538264576593382 -0.1267911417516061 0
1279 0.5417106278171795 -0.1107815377255802 0
1280 0.7911106678590454 -0.03406923999420661 0
1281 0.8056128818741317 -0.0505363176652272 0
1282 0.8120797221359947 -0.02975389598987842 0
1283 0.8277197438502694 -0.04444535701325474 0
1284 0.8205118728177676 -0.06603999406438696 0
1285 0.8437516967688363 -0.06053483637922984 0
1286 0.835671981391355 -0.08093348367253239 0
1287 0.8568144251166365 -0.07714671423597602 0
1288 0.8503917134150876 -0.09723600758595329 0
1289 0.8741033975267155 -0.09088626054769341 0
1290 0.8663521132380385 -0.1138865989592115 0
1291 0.8893057204013946 -0.1091852076922088 0
1292 0.8829060384995372 -0.1328510712117844 0
1293 0.9074852906302298 -0.1251051632333586 0
1294 0.8802532871312742 0.02287484905868823 0
1295 0.06224340483915643 0.01569172509770834 0
1296 0.8948627742047952 -0.02411426915782887 0
1297 0.910912898844511 -0.1011549907620661 0
1298 0.9293726694192483 -0.1166389398047399 0
1299 0.1143668426414562 -0.04312512801078534 0
1300 0.06383399179526521 -0.03512690185187105 0
1301 0.1263592483745587 -0.04467756032102801 0
1302 0.08751717426801561 -0.0392255715062149 0
1303 0.07560650979467987 -0.03718703301322171 0
1304 0.1383581109820967 -0.04606493621533854 0
1305 0.5057257163825902 -0.05027030480024614 0
1306 0.4939832509827647 -0.05182102585780506 0
1307 0.4814997535807233 -0.05245343778163038 0
1308 0.5205514888387758 -0.04902969949462085 0
1309 0.4664563275771291 -0.05347827936059784 0
1310 0.5357664362369553 -0.04735755016580351 0
1311 0.4514096260620022 -0.05444444304143247 0
1312 0.5475167848389321 -0.04588817370823751 0
1313 0.4363546303395439 -0.05525547028270951 0
1314 0.5624309521063129 -0.04356555023133542 0
1315 0.5752294447026638 -0.04223261617533355 0
1316 0.4031657830176472 -0.05669372369212824 0
1317 0.388142652317427 -0.05687721275197496 0
1318 0.5892780027323039 -0.03961667832642865 0
1319 0.3730719034332312 -0.05717417385696824 0
1320 0.2134896301327764 -0.05200353867470093 0
1321 0.6011790984980248 -0.03767208359545762 0
1322 0.6131430124355052 -0.03538077267407878 0
1323 0.1533763541437412 -0.04750452582708613 0
1324 0.2345339199720012 -0.05408468207470958 0
1325 0.6249134059833517 -0.03380416759930709 0
1326 0.3399145381541965 -0.0571866168619693 0
1327 0.3278591384194344 -0.05700806397515987 0
1328 0.2465337477013513 -0.05445009157432542 0
1329 0.3127885339536625 -0.0569648675810672 0
1330 0.2947272927472729 -0.05636203488565796 0
1331 0.2826700008339976 -0.0558652310107529 0
1332 0.2706192572450096 -0.05554003084112379 0
1333 0.2585759152724801 -0.05499991951956647 0
1334 0.6638529520476284 -0.0271929825388363 0
1335 -0.003363040293523314 -0.1083745429806209 0
1336 0.6753285542981692 -0.02446245865432304 0
1337 0.09945789475164168 -0.04098985495626991 0
1338 0.6399527019259047 -0.03143474297621032 0
1339 0.6516214456700504 -0.02884059536874909 0
1340 0.7616931657298541 0.03097530537140773 0
1341 0.8363317811139973 0.03050430252961606 0
1342 0.8217831281510788 0.0302107776422987 0
1343 0.797550231737629 0.03080292927914872 0
1344 0.7495166024509112 0.03117904886541068 0
1345 0.7284726905634835 0.03034378734256457 0
1346 0.7857262920534762 0.03135115077462348 0
1347 0.8095757050702455 0.03169504381686809 0
1348 0.9284866992333164 -0.03567694587967241 0
1349 0.9423530998079136 -0.0414376579003362 0
1350 0.9531472761962572 -0.04639334302432233 0
1351 0.9172199335066891 -0.03179048882051676 0
1352 0.7076160059899916 0.02984705312383536 0
1353 0.7025127968312136 0.004537431160715612 0
1354 0.9058973738183732 -0.02777492045352699 0
1355 1.023769961214575 -0.07899347122591253 0
1356 0.84098630424938 -0.1222500002053432 0
1357 1.097077603310053 -0.1246048554574586 0
1358 0.9355237049955382 -0.09536091266366015 0
1359 0.9500533210609194 -0.1101423515138912 0
1360 0.9494154345824879 -0.1308961030109235 0
1361 0.9661289477618067 -0.1214763711077623 0
1362 0.9213883099877997 -0.08373828051264151 0
1363 0.7756037936275028 -0.02109509651166114 0
1364 1.042267407756999 -0.08845441215638024 0
1365 1.072332923667459 -0.1079343209000592 0
1366 1.05184234558635 -0.09487612980190122 0
1367 1.062198673894631 -0.1013055129777373 0
1368 1.115861175986701 -0.1392727238215512 0
1369 1.106770948331519 -0.1314782790077842 0
1370 0.6697277332065794 -0.08291157254014224 0
1371 0.0156000589944122 -0.001586389091481553 0
1372 0.8754391810369212 -0.07189712002699147 0
1373 0.006681326486998876 -0.00985865828184292 0
1374 -0.03766253187113858 -0.09995996084058421 0
1375 -0.001574277453205951 -0.01810073028460085 0
1376 -0.009370647280886896 -0.02675416841744742 0
1377 0.8293609038495583 -0.02606261254788739 0
1378 0.8200485092365102 -0.0138523854975779 0
1379 0.8349164258582308 -0.01133790939027622 0
1380 0.02111157549390172 0.004164670825658096 0
1381 0.02238785217160347 0.007324983169650471 0
1382 0.0219689266487091 0.0006996290559275123 0
1383 0.6231573366968671 -0.08655647553838849 0
1384 0.9684507628896796 -0.1009284886022539 0
1385 0.9821992278189179 -0.1135099696121043 0
1386 0.9829661810231929 -0.1315353989085892 0
1387 0.9972378537168504 -0.1225282393891238 0
1388 0.8427198335511124 -0.02252919378333758 0
1389 0.574257286279227 -0.08899924001077916 0
1390 0.04550365281253382 -0.076997024171106 0
1391 -79.04262778943425 472.0238052310129 0
1392 -168.4196511897144 448.8021408632979 0
1393 475.7841955633579 -39.16077737760591 0
1394 453.5482679219473 -152.8011072526163 0
1395 -455.1277703402575 -147.4796399209158 0
1396 -219.7698080426268 -425.4569577097305 0
1397 -313.6765813855385 -359.9286409670023 0
1398 -310.0010340625718 361.86026079252 0
1399 -132.0459206951607 -464.7017053193824 0
1400 -417.8025531526482 -233.4421476335256 0
1401 -476.3392263348824 16.95999723273737 0
1402 -444.9893760966148 175.2653348900934 0
1403 -0.03157766922737903 -0.06061324628278116 0
1404 -0.0360687809921901 -0.07110620029870622 0
1405 0.1087283810333672 -0.0848333973338101 0
1406 0.1245882538551369 -0.08586189517783757 0
1407 0.1311610345838123 -0.1012084771041643 0
1408 0.1400126267362093 -0.08886636361557211 0
1409 0.1470704401996717 -0.1020458747393042 0
1410 0.154241609390198 -0.08842368575141457 0
1411 0.1647221485356783 -0.09975011539107483 0
1412 0.1545582788785124 -0.118328726196864 0
1413 0.1730298861915675 -0.1174460033281658 0
1414 0.1824972415231656 -0.1013405193637 0
1415 0.1913871442475077 -0.1163322830503041 0
1416 0.1991940306670181 -0.10079898308072 0
1417 0.209171492645669 -0.1154212771678314 0
1418 0.2163295934558343 -0.09778500224225511 0
1419 0.2267068410277648 -0.1139804271921848 0
1420 0.2336971970602953 -0.09900999029966964 0
1421 0.2434010021773599 -0.1130631335258745 0
1422 0.250126013432794 -0.09641972064587891 0
1423 0.2599400164787741 -0.1117238349922317 0
1424 0.2665888963132437 -0.09754655828830908 0
1425 0.275826232822889 -0.1108659431445786 0
1426 0.2821951014680354 -0.09504619498469995 0
1427 0.2915585176040871 -0.1095771795465133 0
1428 0.2978792087818768 -0.09605961698761932 0
1429 0.3067202622716896 -0.1087586312274762 0
1430 0.3127834690066039 -0.09362837943982696 0
1431 0.3217637798324882 -0.1075099029328399 0
1432 0.3286315377939438 -0.09405669932237595 0
1433 0.3364572606624612 -0.1066459140161535 0
1434 0.3422425313368277 -0.093686905725652 0
1435 0.3513844652460927 -0.1058641083018744 0
1436 0.3444962338244902 -0.1206246028839206 0
1437 0.3614386099337155 -0.1187171739415258 0
1438 0.3672527729275235 -0.1020585550284876 0
1439 0.3782136143659381 -0.1157254937087603 0
1440 0.3849485611775756 -0.1000086536236159 0
1441 0.3947607459360387 -0.1132046355324727 0
1442 0.400700631032045 -0.09784535977063062 0
1443 0.4105307414333281 -0.1107657814907668 0
1444 0.4150059922431329 -0.0959832197408884 0
1445 0.4273225463460905 -0.1053744711387621 0
1446 0.420741501736951 -0.1243739825620205 0
1447 0.4385785695262205 -0.1205594646909002 0
1448 0.4447200567510575 -0.1037626621038509 0
1449 0.4561451402770065 -0.1165921663449243 0
1450 0.4609182568946125 -0.09857002827192261 0
1451 0.4726770694551761 -0.1119865925895655 0
1452 0.4772823073095631 -0.0958075592842892 0
1453 0.9355468446745563 -0.07667517564411561 0
1454 0.926362802928245 -0.06883583417644085 0
1455 0.9973443555839836 -0.1062102120538454 0
1456 1.010658128558713 -0.1135385819038223 0
1457 1.011184011270928 -0.1292823996914197 0
1458 1.023450719483544 -0.1209719906162465 0
1459 1.024361332311861 -0.1357532327660528 0
1460 1.036749837067714 -0.1271287193862917 0
1461 1.037533508687223 -0.1421287352158473 0
1462 1.048222411765563 -0.1333021086497572 0
1463 0.7104045800397945 -0.02116147905571789 0
1464 0.826439271000081 -0.0001873571280829516 0
1465 0.8130197380213307 -0.002275780179858911 0
1466 0.8387830802152474 0.001606390536936929 0
1467 0.1908546081813497 -0.08853595067559296 0
1468 0.8747970975150685 0.01914676449969592 0
1469 0.4483500492517136 -0.0918993355600639 0
1470 0.6994468316579689 -0.03263358607409134 0
1471 0.2267587094098896 -0.08595820682919489 0
1472 -0.039836037783127 -0.08459713240123838 0
1473 0.375187483505917 -0.08951911404350507 0
1474 0.2589466568088417 -0.08417250552965774 0
1475 0.1166674686173751 -0.07377472091666318 0
1476 0.1054030363942704 -0.0717374328004898 0
1477 -0.01509185589682028 -0.08430847633664142 0
1478 0.1469091289394344 -0.07714940317207893 0
1479 0.159759780218641 -0.07674770485348877 0
1480 0.4079644054457944 -0.0855094177864396 0
1481 0.41867379660842 -0.08362306200597151 0
1482 0.4886941271716896 -0.1077241678018283 0
1483 0.4916644602041756 -0.09258031040231686 0
1484 0.4835679094122603 -0.08240211710405466 0
1485 0.4948174356342865 -0.08046446190223294 0
1486 0.2905472852178304 -0.08332436259038814 0
1487 1.022085692001213 -0.1080091432579103 0
1488 0.321341580018459 -0.08433101730352387 0
1489 0.9405418200858972 -0.06586883593480987 0
1490 0.9475082468264868 -0.07339490993317961 0
1491 -0.02542923944795779 -0.09377460448995374 0
1492 1.048446695467269 -0.1216699958474808 0
1493 1.058820955864672 -0.1255498488780339 0
1494 1.059336884760379 -0.137308878507809 0
1495 1.069561502625806 -0.1304340715286627 0
1496 1.069811062310116 -0.1404252344656915 0
1497 0.5040221722174414 -0.08841954262076913 0
1498 0.5052658723661286 -0.07603126241264374 0
1499 1.077375611057567 -0.1339575429413266 0
1500 0.9299683552052203 -0.05840421763958849 0
1501 0.9203527678989856 -0.06086065327753769 0
1502 0.8181315396605048 0.009303748035116344 0
1503 0.8063654945184557 0.006496037319774398 0
1504 0.8747529422971292 0.02822548894243563 0
1505 0.5149007389945168 -0.08352274647528944 0
1506 0.5170125172550977 -0.0715021036158696 0
1507 0.5252287671342115 -0.07924765218290424 0
1508 0.5274909808066996 -0.06918305791542041 0
1509 0.5348715701391187 -0.07561623374583512 0
1510 0.5370303982704971 -0.06544064319824694 0
1511 0.5438752066404304 -0.07197352766065951 0
1512 0.5453768282188464 -0.06275490436934068 0
1513 0.5522422696713274 -0.06864335188404512 0
1514 0.4874823042304252 -0.07225103906444212 0
1515 0.4776829834195518 -0.07368771783355486 0
1516 0.8139710523906054 -0.0877641344466901 0
1517 0.1124591342936956 -0.06219518098203861 0
1518 0.1235979580443848 -0.06496383147227559 0
1519 0.1021712445753321 -0.06018098184208347 0
1520 0.09518929822436366 -0.06829084260162165 0
1521 0.09258901048609894 -0.05881964035789546 0
1522 0.08599492485978007 -0.06509028799161731 0
1523 0.08341324937450172 -0.05546842057138199 0
1524 0.0772876309777748 -0.06221656456724396 0
1525 0.07502106903673018 -0.05317118380197139 0
1526 0.06902446294068325 -0.05948319014945225 0
1527 0.06659864398780389 -0.05135320521499803 0
1528 0.1553212314626382 -0.0671949800648444 0
1529 0.1452043595784502 -0.06651124108291201 0
1530 0.1652232956765983 -0.06836847036764418 0
1531 0.412634551982433 -0.07524157472270078 0
1532 0.4029704792278819 -0.07643115931587295 0
1533 0.4218865780626172 -0.07398107555024677 0
1534 0.9486197395127617 -0.06347012707831055 0
1535 0.9567649979605709 -0.06838264227484492 0
1536 0.5541918528508856 -0.05943448005461507 0
1537 0.5602678626287401 -0.06537002606917243 0
1538 0.06089713423270807 -0.05694696462798398 0
1539 0.05900844587114994 -0.04819781580767039 0
1540 0.05317711395348959 -0.05423930022898556 0
1541 0.05115240097371319 -0.04647022674815374 0
1542 0.04551073613775074 -0.05186178607459409 0
1543 0.04360693273723924 -0.04371296460688729 0
1544 0.03784345888445464 -0.04943232343390833 0
1545 0.03555543559342979 -0.0416138713296693 0
1546 0.02969528365780033 -0.04722419398900659 0
1547 0.02780502919216002 -0.03857652531294333 0
1548 0.02056284241934961 -0.0447864996349061 0
1549 0.01891434794503754 -0.03543215110567297 0
1550 0.0112881115536144 -0.0416700899146171 0
1551 0.02295431515650087 -0.05437842621894602 0
1552 0.02669721872011266 -0.02938465451909367 0
1553 0.01664457074628485 -0.02648340164503656 0
1554 0.02431757576967495 -0.02092914936724547 0
1555 0.7030204715197279 0.02468203326326742 0
1556 0.9243710007114996 -0.05209516483464539 0
1557 0.9153190689760552 -0.05193700527998216 0
1558 0.9100994045340405 -0.06172848117719615 0
1559 0.9056691112512151 -0.05322729426170313 0
1560 1.056077240218537 -0.1161422423925193 0
1561 1.04902724091086 -0.1121009264937815 0
1562 0.562168307021224 -0.0582226302748808 0
1563 0.5677826797453032 -0.06238428456322568 0
1564 0.5084273971357006 -0.06664694301850382 0
1565 0.5519693998111653 -0.08047017829398642 0
1566 0.8006864330355319 -0.003394062586466025 0
1567 0.796343159346679 0.006609212445701235 0
1568 0.8014450552612616 0.0144724354732702 0
1569 0.7920367278126911 0.0157879479095751 0
1570 0.7871823272073317 0.007540752011286855 0
1571 0.7826431112177966 0.01632190585338137 0
1572 0.7783148226707222 0.008831392765720241 0
1573 0.7741509236772042 0.01554262883221696 0
1574 0.7701576450950637 0.009181079749267608 0
1575 0.7665240400893949 0.01713964829665593 0
1576 0.7618125402214234 0.01042540629726648 0
1577 0.7589743572381722 0.01762526647548246 0
1578 0.7528443233184208 0.01214458172103174 0
1579 0.7570639143929124 0.002732263009326954 0
1580 0.7476430250431975 0.004155614691165065 0
1581 0.7452210433967396 0.01119388673879031 0
1582 0.7380801715747621 0.007182592296030101 0
1583 0.7408642910949541 -0.004338099513263741 0
1584 0.7310432117365913 -0.001092244388966342 0
1585 0.728175847722179 0.008330007429667281 0
1586 0.721117810153999 0.00203469544857538 0
1587 0.719540975207882 0.01052288796055457 0
1588 0.7237939209680817 -0.007340162297968337 0
1589 0.9094414247200548 -0.04602090314030498 0
1590 0.9014207080404733 -0.04488609131211645 0
1591 0.7251935826380247 0.01625547064335463 0
1592 0.7178987066049313 0.0180678182178879 0
1593 0.513860475079402 -0.09546344227409038 0
1594 0.5687910321673848 -0.05497195508041038 0
1595 0.5747771203227281 -0.05960384292857884 0
1596 0.7146959450565057 -0.004122917177871175 0
1597 0.01624764573672103 -0.01810675676074278 0
1598 0.02298516333810982 -0.01386354963393248 0
1599 0.01186821568419329 -0.02249242814468591 0
1600 1.074966915253807 -0.1239880886493046 0
1601 0.1077780048471862 -0.05464672648745455 0
1602 0.4804731329093516 -0.06545363747276252 0
1603 0.4724303455700299 -0.06642528432716377 0
1604 0.4690584101216338 -0.07422643069217652 0
1605 0.464185382046874 -0.06760956037826339 0
1606 0.4877587369947276 -0.06385460614068166 0
1607 1.083150007522745 -0.1285893023056225 0
1608 1.084492377544068 -0.1356904090577797 0
1609 0.5301171253068291 -0.05994700746317919 0
1610 0.8964338252859445 -0.05333327017459272 0
1611 0.892370248112437 -0.04515919843165925 0
1612 0.8963623764032229 -0.03812226263498422 0
1613 0.8885477416367331 -0.03657032363687106 0
1614 0.8836837514096931 -0.04420425339112859 0
1615 0.880290209450622 -0.0364065849221651 0
1616 0.874916136485848 -0.04356381053895036 0
1617 0.8719116720890697 -0.03524436603578182 0
1618 0.8657412030404911 -0.04264491957234279 0
1619 0.8771610277168865 -0.02829959820418283 0
1620 0.8692964936516701 -0.02741788957787718 0
1621 0.9556240618819183 -0.08010163027231415 0
1622 0.9641894338644997 -0.07473108551590238 0
1623 0.965444623589138 -0.06645331136428585 0
1624 0.9719976273750556 -0.07074559326435315 0
1625 0.9718696501410962 -0.07917947792432792 0
1626 0.9799161665036762 -0.07392146083741047 0
1627 0.9795516651131198 -0.08300152477642096 0
1628 0.9870336457126682 -0.07865493793475045 0
1629 0.7139704124855787 0.002663274752131484 0
1630 0.4062665579278549 -0.06946987089103765 0
1631 0.398496128440308 -0.06970637038007774 0
1632 0.3945712897898499 -0.07640064519401023 0
1633 0.3901096314537194 -0.06894671354589169 0
1634 0.1499257598595667 -0.05927879456166846 0
1635 0.141823498299056 -0.05963231567709037 0
1636 0.9317574142230731 -0.05018090681739495 0
1637 0.6970654170858722 -0.0234626277047127 0
1638 0.5758413833709586 -0.05213272802875828 0
1639 0.581516160716512 -0.05688883971693531 0
1640 0.5807551428376383 -0.06487684773261777 0
1641 0.5889058807901409 -0.06023054014500547 0
1642 0.5877728143532768 -0.07058558810138361 0
1643 0.5966149841489156 -0.06650566399982995 0
1644 0.597828829361718 -0.05712196183574571 0
1645 0.6052205327861235 -0.06231290481900745 0
1646 0.6062195341866461 -0.05263386002021044 0
1647 0.6130539339625265 -0.05804719554919573 0
1648 0.6134952473383771 -0.04956403412675825 0
1649 0.6202242651876887 -0.05417849393302989 0
1650 0.6211845212212628 -0.04665211116420379 0
1651 0.627078997236464 -0.05068156558737226 0
1652 0.6271011976704182 -0.05903243161887624 0
1653 0.6350124707656382 -0.0533446321057852 0
1654 0.6349873763090519 -0.06405693767066005 0
1655 0.6436897616238795 -0.05912638047912955 0
1656 0.6437710970803965 -0.04935744088192399 0
1657 0.6517251261540902 -0.05386297824685329 0
1658 0.6510475681471427 -0.04425891972997867 0
1659 0.6589155519404796 -0.04862930307526567 0
1660 0.6438019235500125 -0.07001952935908257 0
1661 0.6581243449166863 -0.04059584761519077 0
1662 0.6653164977443052 -0.04386927090201838 0
1663 0.6663941583221923 -0.05268183561045223 0
1664 0.6737403792243009 -0.04577502200392516 0
1665 0.6749071958956182 -0.05672369153758375 0
1666 0.6829551006526878 -0.0508304752302294 0
1667 0.684329319453276 -0.06159061324788099 0
1668 0.6819814018024617 -0.04128791287724426 0
1669 0.4283428251053121 -0.08161726802176603 0
1670 0.4303994822240959 -0.07205788521051822 0
1671 0.06838656618879721 -0.0700516228397179 0
1672 0.9870985222367513 -0.08696574499783892 0
1673 0.9938992154958185 -0.08219866321238069 0
1674 -0.03442230461755017 -0.1037967803141746 0
1675 0.1701943561871987 -0.07650976394282265 0
1676 0.1736656165496658 -0.06739699191145791 0
1677 0.03026805189945514 -0.0158736502384007 0
1678 0.02898951491264539 -0.008770366543853795 0
1679 0.168764804793321 -0.06109701131127482 0
1680 0.1765224843710263 -0.06042524809724271 0
1681 0.1811700884660502 -0.06596037933293999 0
1682 0.4254481663786657 -0.0666112418361499 0
1683 0.4318630779071223 -0.06513317296634107 0
1684 0.4369984356186745 -0.06962501962623278 0
1685 0.6270127081757106 -0.04347930366704512 0
1686 0.5950968600255664 -0.07834813105362128 0
1687 0.6430707262476711 -0.04153832459991043 0
1688 0.1836090211086226 -0.05866076802515541 0
1689 0.1892230697332803 -0.06439329323213035 0
1690 0.712747912047807 0.01357663155124506 0
1691 0.7111445902983754 0.0196134253808889 0
1692 0.08982818245885987 -0.05038258526104118 0
1693 0.08373981110205328 -0.04931131446129635 0
1694 0.8727789203546032 0.02553451282721646 0
1695 0.5991646911391885 -0.04857062457613306 0
1696 0.9937929113679782 -0.0744387668839006 0
1697 1.000166810147854 -0.07824287845262781 0
1698 1.00070768915048 -0.08517987497541236 0
1699 1.006703509669339 -0.08018162396450976 0
1700 1.007450300585931 -0.08745540695340245 0
1701 1.013110688005656 -0.08279228705434052 0
1702 1.013762931182553 -0.08988790742274162 0
1703 0.6641127313645795 -0.03681757528668517 0
1704 0.9778172883076035 -0.06686761514488647 0
1705 0.3866120949528746 -0.07585464206132865 0
1706 0.3823925725670591 -0.06961634817886413 0
1707 0.5820526144726061 -0.05015954363675448 0
1708 0.6052217437095473 -0.04590033206360661 0
1709 0.90510701166193 -0.08305035649333894 0
1710 1.055848200526457 -0.1079081561050274 0
1711 1.049454399012943 -0.1049851877848798 0
1712 1.043044614950119 -0.107921655236636 0
1713 1.044233447633724 -0.1005038953740037 0
1714 1.037514431984925 -0.1035512559252905 0
1715 1.062202932567445 -0.1112988073887022 0
1716 1.03797626623523 -0.09662997056153221 0
1717 0.07612380481618482 -0.04543830359102283 0
1718 0.1374908829013343 -0.06464654065721652 0
1719 0.1344238736272383 -0.05749951433521772 0
1720 1.019116977125258 -0.08547507804062698 0
1721 1.019919081828843 -0.09230399384312861 0
1722 0.7876190430490784 0.02236552745424386 0
1723 0.7815920349206303 0.02303796251240203 0
1724 0.4607124491716812 -0.07495288212249708 0
1725 0.4568525584878949 -0.06809804412634438 0
1726 0.7753609915005375 -0.08055269481923359 0
1727 0.7734681594609819 0.02440135977721186 0
1728 0.8740620935241626 -0.02168868566870752 0
1729 0.8677431031497354 -0.01973576934238162 0
1730 0.862030062948375 -0.02586807736093914 0
1731 0.8600442996901801 -0.01847640734617095 0
1732 0.8647920680659509 -0.01314262916224642 0
1733 0.8582330890260736 -0.01141862080338517 0
1734 0.04981901980651835 -0.03976472209768959 0
1735 0.5482478251517624 -0.05530056993716674 0
1736 0.5534534256006682 -0.05293192757703163 0
1737 0.04022902789672406 -0.05825722495044913 0
1738 1.090259851237302 -0.1302621050758236 0
1739 1.091833693276915 -0.1370038085294522 0
1740 1.086808430188594 -0.1426213559390634 0
1741 1.095466763587833 -0.143751287943128 0
1742 1.098425272482471 -0.1374693868151179 0
1743 0.5005720036966161 -0.06748959742986996 0
1744 0.5035278630072881 -0.06095959424746934 0
1745 0.5092415537624901 -0.05974390768152076 0
1746 0.5218567791673046 -0.06304201979667569 0
1747 1.067922909927767 -0.1219220364591041 0
1748 -0.01566632273766233 -0.1072180638133331 0
1749 -0.01887171133016857 -0.1113177379915625 0
1750 -0.01354853446275042 -0.1119973836878605 0
1751 0.863868216365258 -0.006780302439855296 0
1752 0.8568410799021441 -0.004854349417887331 0
1753 0.8615685695094992 -0.0003916343492528367 0
1754 0.8552752086935711 0.00136913720387345 0
1755 0.860242632814562 0.005820833660612788 0
1756 0.8536584902857851 0.0077372324652793 0
1757 0.8584476992840562 0.0123698166708104 0
1758 0.8521106215226917 0.01432310720759714 0
1759 0.8566046219292819 0.01856146848769303 0
1760 0.8506905020374472 0.02106741787145185 0
1761 0.8458204808992593 0.01626048952467679 0
1762 0.05554411407522973 -0.04222088700662432 0
1763 0.6500877614453634 -0.03734744896845938 0
1764 0.927243395781004 -0.04454626749040928 0
1765 0.8630759532295905 0.01639134970174059 0
1766 0.06490224544219253 -0.0439668409345319 0
1767 0.1265714750186093 -0.07434198886416656 0
1768 1.025022078326171 -0.08798811384254471 0
1769 1.026911036552874 -0.09518355062876133 0
1770 1.014419899801934 -0.09721190662832931 0
1771 0.5371922884169197 -0.05791535466964919 0
1772 0.2044781248501374 -0.08692185660818359 0
1773 0.2390210786119795 -0.08591403664779304 0
1774 0.2331677822219612 -0.07613657861840793 0
1775 0.2438579583834198 -0.07595286423001005 0
1776 0.2373560824686606 -0.06880211080329225 0
1777 0.2296923883634678 -0.06804268676697854 0
1778 0.2455064104930537 -0.06737028505786942 0
1779 0.2714446383458815 -0.08494781482205548 0
1780 0.2658401030311464 -0.07565510877436543 0
1781 0.2761167328318606 -0.07556980994851285 0
1782 0.2694614925915884 -0.06784442887698861 0
1783 0.2618807262900535 -0.069070982153112 0
1784 0.2778167383280192 -0.06747555381557223 0
1785 0.2517223833617568 -0.07168340855313234 0
1786 0.3024843312776828 -0.08402470639338253 0
1787 0.2971080634861124 -0.07516398119081195 0
1788 0.3057387596827723 -0.07472302560371223 0
1789 0.3014351354881856 -0.06769074910751903 0
1790 0.2941576879390214 -0.06789879956093418 0
1791 0.3089514983339224 -0.06833973935284476 0
1792 0.2825495912908028 -0.07210224842387551 0
1793 0.1576999532384313 -0.05949820501732096 0
1794 0.7030884876816127 -0.01630553427037447 0
1795 0.4129187849201432 -0.06753699938263118 0
1796 0.7819134400178368 -6.805479570234593e-05 0
1797 1.030790945612782 -0.09055886464922609 0
1798 0.717138270842991 -0.01220293479418248 0
1799 0.7249986311843906 -0.01635955448759221 0
1800 0.8511613109678424 -0.008824114110962634 0
1801 0.6899653086186209 -0.04449356926883978 0
1802 0.6879876813321043 -0.03614297141960415 0
1803 0.6814768026434127 -0.03285566849168362 0
1804 0.6873362816542744 -0.02973888972419657 0
1805 0.08768508944316078 -0.07506804850492536 0
1806 0.8936896377460841 -0.03211580557073611 0
1807 0.9428326353170867 -0.05805220370784837 0
1808 0.9500795254256162 -0.05491011937465545 0
1809 0.9443219658292682 -0.05054741720983495 0
1810 0.1971615571232111 -0.07640351515575645 0
1811 0.2079162936935008 -0.07571549697706231 0
1812 0.2032122179664788 -0.0677403648204538 0
1813 0.2114348288297703 -0.06706771815109656 0
1814 0.2156112330123321 -0.07328594783506989 0
1815 0.2068726966566161 -0.06057756572798834 0
1816 0.2004617536545193 -0.06105845969754682 0
1817 0.2137526998300215 -0.06032979131231413 0
1818 0.9873665935950149 -0.07118449345944648 0
1819 0.09749529613016499 -0.05281990456974272 0
1820 0.9554754085301143 -0.05983976187970001 0
1821 0.8693131202782426 0.02632250764605152 0
1822 0.8699675132705833 0.02295836957973231 0
1823 0.6758326744896671 -0.03715295763283825 0
1824 0.4378608809444203 -0.06196829910941896 0
1825 0.4432534080685618 -0.06613856951240048 0
1826 0.4437621529133132 -0.0730067165161848 0
1827 0.5674366142427183 -0.07180735072338369 0
1828 0.2337913002913968 -0.06208620923191609 0
1829 0.2268265509510782 -0.06171303313016427 0
1830 0.2390013258681327 -0.0608230683247801 0
1831 0.611977818143288 -0.04340196012321132 0
1832 0.1192000394678685 -0.05642290878409414 0
1833 0.5612720228654152 -0.04976194988457165 0
1834 0.1902922546562764 -0.05772815913456782 0
1835 1.073881234060518 -0.1175823275656149 0
1836 0.5237803307869466 -0.05578083921146412 0
1837 0.7623288686568991 0.02304955202249251 0
1838 0.7564161913364342 0.02413481187078373 0
1839 0.02461065448412086 0.003674527986984333 0
1840 0.02688012430057141 0.007289047027237639 0
1841 0.02947372092380916 0.003352971043084759 0
1842 0.03221146035889323 0.007933340298301478 0
1843 0.03529073731116038 0.00333014692756464 0
1844 0.03817593089429067 0.00861268678593478 0
1845 0.02599579076117825 -0.0005078611784126546 0
1846 0.02216947097011342 -0.003349645577968809 0
1847 0.1853366867291955 -0.07104612554091362 0
1848 0.4597400035165762 -0.06158972986179788 0
1849 0.4533940743838989 -0.06241809595944111 0
1850 0.466490850884911 -0.06114831239572251 0
1851 0.4731768383441829 -0.06003035777431463 0
1852 1.035958805693046 -0.1110324178320688 0
1853 0.378982710673181 -0.07564012867180857 0
1854 0.3755868595597371 -0.06940846961607849 0
1855 0.3715911806067115 -0.07540124751876656 0
1856 0.3680290719437512 -0.06886345051926011 0
1857 0.3641839504372411 -0.0753084490904591 0
1858 0.3606445724748852 -0.06871503901031434 0
1859 0.3568306995077287 -0.07493576574566023 0
1860 0.3530949427455359 -0.06880650841225212 0
1861 0.3495171408775392 -0.07462680823185035 0
1862 0.3461984139058498 -0.0686651642664536 0
1863 0.3422410943573377 -0.07461444115471946 0
1864 0.3387418719382716 -0.06778144140324444 0
1865 0.358796409495904 -0.08313888398016231 0
1866 0.3347460976599297 -0.07518003547558794 0
1867 0.331371041697374 -0.0679697057002308 0
1868 0.844390802834847 0.02261472005117357 0
1869 0.8399179614028949 0.01813154691425573 0
1870 0.8281594579129692 0.009762932849237734 0
1871 0.8208089799410476 0.01772718475028282 0
1872 0.8137159703572339 0.01681994130712869 0
1873 0.8169828721904999 0.02277306829579847 0
1874 0.8104168533269334 0.02190039741628599 0
1875 0.8229914459418072 0.02306810091237403 0
1876 0.9205460619965944 -0.04571169988102518 0
1877 0.7100829994717421 -0.01010318340052224 0
1878 0.6371673895751095 -0.0448240063177569 0
1879 0.3902666551445557 -0.08342255964466598 0
1880 0.8652485291720167 0.02503559730906659 0
1881 0.03416757848227264 -0.01116282719777825 0
1882 0.700518289112123 -0.08215859354645684 0
1883 0.01665685636287874 -0.01094315218387515 0
1884 0.6130912634464752 -0.06748043287651188 0
1885 0.3132305714882012 -0.07295176485279795 0
1886 0.3155125751110891 -0.06640397652399616 0
1887 0.3204486442935646 -0.0708259141117117 0
1888 0.3221947906287277 -0.06516891972825414 0
1889 0.7084297032692513 -0.004506232829400523 0
1890 0.5339696772092091 -0.0865698630397306 0
1891 0.4659643268106657 -0.08082130386476323 0
1892 0.0114022632539788 -0.01424841421189279 0
1893 0.2729218145524263 -0.0620578466731336 0
1894 0.2673503289299293 -0.06148478391360709 0
1895 0.2599545160925981 -0.06087980607122485 0
1896 0.7227667639409519 0.02334308660528766 0
1897 0.7296744544838726 0.02229676640843678 0
1898 0.5920722858263814 -0.05203028828555674 0
1899 0.3500299781983015 -0.0634077970890662 0
1900 0.6379246550886847 -0.03869150552185848 0
1901 0.6662832358659663 -0.06275265036312606 0
1902 1.08003167031283 -0.1202319485707024 0
1903 0.9560997911955375 -0.05344695345320332 0
1904 0.960626151104124 -0.0569930553681307 0
1905 0.2793086165204406 -0.0618134013652595 0
1906 0.716760303490934 0.02408534542513615 0
1907 0.8466779175463468 -0.04262094905853744 0
1908 0.4025545399710123 -0.06366690817719846 0
1909 0.395178918876096 -0.06418251601195818 0
1910 0.5928659757366261 -0.04538473346168352 0
1911 0.095936343722169 -0.04666208415384434 0
1912 0.1012482974779411 -0.04870614897769274 0
1913 0.4069415188849645 -0.06197661288741094 0
1914 0.8696856248743878 -0.05189190351513092 0
1915 0.389501272832564 -0.06288983502599897 0
1916 0.8997848670820896 -0.03240451448233771 0
1917 0.9028004166122241 -0.03753218258392876 0
1918 0.1547166499152236 -0.05404848912522728 0
1919 0.1487348772933583 -0.05330816259103191 0
1920 0.1421268728983028 -0.05203745423024807 0
1921 0.4834796366992173 -0.05890988913168464 0
1922 0.8302318345615125 0.01705206306296758 0
1923 0.3437503526192104 -0.06325126600918203 0
1924 0.8394698567593317 0.02403410682950402 0
1925 0.5288499236732828 -0.05360595384820582 0
1926 0.04082313777772785 0.003793833039480173 0
1927 0.04421055257942164 0.008142642807921544 0
1928 0.03861985985964108 -0.001526983380170157 0
1929 0.03141411873374603 -0.002025622815603712 0
1930 0.8839880226718858 -0.03016380833612467 0
1931 0.8822311450453558 -0.02433311443162572 0
1932 0.1607565965303558 -0.05421088117461829 0
1933 0.3562798352714385 -0.06395725563440149 0
1934 0.3622195043400182 -0.0631439262520412 0
1935 0.2968462020887001 -0.0624256491426375 0
1936 0.2908417914584689 -0.0620455778724566 0
1937 0.05100892189142821 -0.03215227814588698 0
1938 0.04763084516264291 -0.03487305923747221 0
1939 0.04445330373427456 -0.03132389442166988 0
1940 0.04330580546864392 -0.03511638672485277 0
1941 0.03996835685026015 -0.0322230666048432 0
1942 0.7532329849141117 0.01923500044883393 0
1943 0.7444161688687317 0.02120782341713894 0
1944 0.7503408506211664 0.02506963675109005 0
1945 0.4518825414842541 -0.07477001955800346 0
1946 0.04177580324588379 -0.02825319239303406 0
1947 0.03668715481424821 -0.02864957818173947 0
1948 0.379556530704499 -0.0638478727619067 0
1949 0.3735007265173143 -0.06363487710063151 0
1950 0.6758380403700613 -0.03075388572042438 0
1951 1.001885390669207 -0.09228199192844257 0
1952 0.05431128913859302 -0.06224619022973402 0
1953 0.09113342276504255 -0.04508195221750524 0
1954 0.7109121436993305 0.02518579078363382 0
1955 0.7328272800440973 0.01537435017606101 0
1956 0.7363264231975301 0.02166765986174784 0
1957 0.9226817091270593 -0.04042542007443409 0
1958 0.9182068320711076 -0.04021650630625657 0
1959 0.5181318003211992 -0.05797597980153978 0
1960 0.8643134273298223 0.01040789974859519 0
1961 0.6591327740935284 -0.03410690729545377 0
1962 0.006731370995942318 -0.01812287417222213 0
1963 0.5711759882641728 -0.04961550034188314 0
1964 0.4889842470963154 -0.05812459105657294 0
1965 0.4923194946884341 -0.06131837171315897 0
1966 0.7966462148248121 0.02204103843200827 0
1967 1.004598967366406 -0.07376411036047899 0
1968 0.4435347203821056 -0.06137999629442184 0
1969 0.172981828985431 -0.05506660993584793 0
1970 0.6220977311096944 -0.04031835401631005 0
1971 0.3384876208670798 -0.06238921782369054 0
1972 0.8689336842982713 0.01051678987186615 0
1973 0.7068859244303295 0.0147188083356089 0
1974 0.8686774717679503 0.003503778250588798 0
1975 0.04132860324052615 -0.01846896956522158 0
1976 0.0386648471595758 -0.02101452475135268 0
1977 0.03797796639603597 -0.01697573833620064 0
1978 0.03051010721656631 -0.02298767371834053 0
1979 0.7561743331109635 -0.02843146029511109 0
1980 0.9725315371564009 -0.06305771684014545 0
1981 0.302037377025434 -0.06242013066248475 0
1982 0.3085967393146664 -0.06092574780593694 0
1983 0.8724239407564733 0.01652997240860344 0
1984 0.7080622070144351 0.009830224455337579 0
1985 0.9333210395715974 -0.04465880634872267 0
1986 0.2032437536041155 -0.05604125929539858 0
1987 0.1267278563354416 -0.05744083831105846 0
1988 0.1237763264309527 -0.05113694482992314 0
1989 0.1177034970647818 -0.04996747365976705 0
1990 0.1303312312066323 -0.05166928810564213 0
1991 0.1355779010819163 -0.05163282138375054 0
1992 0.2524718976923455 -0.06551484291509588 0
1993 0.2486154455302718 -0.06104157706475794 0
1994 0.254279160968302 -0.06063292669757804 0
1995 1.012082486408496 -0.07731340632299528 0
1996 0.8681245971031438 -0.009657650978208846 0
1997 0.8704825156532316 -0.0135314520417579 0
1998 0.577641648427037 -0.04656668312668595 0
1999 0.6929981698220127 -0.03183438171221493 0
2000 0.6951032405254317 -0.03845404798298405 0
2001 0.740223617733839 -0.03179751078906756 0
2002 0.8579204100692117 -0.05126821752358804 0
2003 0.8768210828649892 0.02502557717391046 0
2004 0.9380344291104618 -0.04792175092914555 0
2005 0.8773039889265066 0.02116877089878087 0
2006 0.8810854944624846 0.02677745580093918 0
2007 1.088182566054974 -0.1248268984456424 0
2008 0.9662721014941136 -0.05950505280614918 0
2009 0.9717393927774096 -0.05769523085418239 0
2010 0.2182635107144983 -0.06674417172043028 0
2011 0.623730175727461 -0.07023907014471217 0
2012 0.01041611148820674 -0.03355737559929541 0
2013 0.00274029584907884 -0.03801347103498566 0
2014 0.003975154141566901 -0.04706522575499513 0
2015 -0.004672292571535414 -0.04385208009720434 0
2016 -0.003021284807310144 -0.05205258630957328 0
2017 -0.00987883711140323 -0.04886945057027488 0
2018 -0.01056072263453204 -0.0564142179823517 0
2019 -0.002053197092986441 -0.06045829222565664 0
2020 -0.009350361106385758 -0.06535221783871133 0
2021 -0.01806604120137477 -0.06191647255469986 0
2022 0.003880880347188205 -0.02665510993926795 0
2023 -0.01667944508698077 -0.06949537772429977 0
2024 -0.02337094389002693 -0.06680027165242754 0
2025 -0.02303011898343118 -0.0730976063775198 0
2026 -0.005066431306793575 -0.03672268058548672 0
2027 -0.009618768974748854 -0.03983371343046823 0
2028 -0.02390982797680465 -0.05796084611534726 0
2029 -0.0183404447493572 -0.05512656126648494 0
2030 -0.02862344957624406 -0.07025365918343601 0
2031 -0.02841234363852121 -0.0764047180750461 0
2032 -0.009079876017732583 -0.07564120262990365 0
2033 -0.01517392259800436 -0.0458379595373912 0
2034 -0.0233127840788244 -0.07948658952425638 0
2035 -0.02901333306995551 -0.08221783380116529 0
2036 -0.02350601845325488 -0.05318699098895648 0
2037 -0.01904566100860314 -0.0502523817891877 0
2038 0.1665591921841932 -0.05485961124103498 0
2039 0.5976108448336215 -0.04276382369882979 0
2040 0.5783317821251165 -0.07416611035542715 0
2041 -0.02360616825453065 -0.1105130911740698 0
2042 -0.02178150784291835 -0.1151937861536974 0
2043 0.2839567390791973 -0.06703502118870021 0
2044 0.1962450177408351 -0.06678385264648727 0
2045 0.4361565907808796 -0.09207493502032714 0
2046 0.8040443019365 0.02225200660252263 0
2047 0.5255475321184744 -0.05121006961686635 0
2048 0.706638068604435 0.02279246088519758 0
2049 0.6420970584185719 -0.03541187144269955 0
2050 0.999557435103793 -0.0726848592005752 0
2051 0.9964992720283778 -0.06943115295098268 0
2052 0.3400958707485124 -0.08323111158045017 0
2053 0.7175685949683739 -0.02019010099446279 0
2054 0.3271228624222198 -0.07474304731996859 0
2055 0.9791615270717818 -0.09309318815421178 0
2056 0.7921396362493597 -0.01588622158858689 0
2057 1.032218468170294 -0.09977693476814513 0
2058 0.7922330732808737 0.02560488300176526 0
2059 1.067789364368553 -0.1153223844436808 0
2060 0.8402279068437003 0.01114335224622444 0
2061 0.799628825503924 0.02623718783408551 0
2062 0.7610172077606713 -0.01196371855978695 0
2063 0.4277355350059136 -0.06151967032987956 0
2064 0.4217643822789302 -0.0614373386027215 0
2065 0.4321488031848563 -0.05939478244320699 0
2066 0.5045659108091809 -0.05617110280444431 0
2067 0.4994564541326124 -0.05655426559846581 0
2068 0.5090203860831768 -0.05377812272723634 0
2069 0.8695273542418591 9.135571143246004e-06 0
2070 1.053846278546846 -0.1028794090764873 0
2071 0.17852479829782 -0.05480613389532683 0
2072 -0.02862066284767841 -0.06431139995708236 0
2073 1.051017133171587 -0.09922892383316599 0
2074 0.05406300702767822 -0.03364002892926985 0
2075 -0.03332786310534669 -0.0788891988591459 0
2076 -0.03376499880336515 -0.08437177925976554 0
2077 -0.02991478063839187 -0.08826845910775984 0
2078 -0.0352103094036401 -0.08950588558439339 0
2079 -0.03198366616458111 -0.09397873331052299 0
2080 0.711580227086957 -0.06556596480134001 0
2081 0.157779519152426 -0.05077312225482575 0
2082 0.4625680828114926 -0.05741656882335266 0
2083 0.9496123184657935 -0.04913539435461495 0
2084 1.096180949014315 -0.1327157052013344 0
2085 0.02646904040473945 -0.07880116172641236 0
2086 0.8684836142098902 0.01663843391947337 0
2087 0.1763137715448348 -0.08798637249460362 0
2088 0.7452419282052845 -0.01682333996574693 0
2089 0.0413390928839502 -0.01172349031149173 0
2090 1.061071313385044 -0.1058116140978468 0
2091 0.8485562436073988 0.02569664445526776 0
2092 0.8483645214317429 0.002194094964477841 0
2093 1.072124585820891 -0.1121981916253354 0
2094 1.067846929155926 -0.1098309755257498 0
2095 0.210235964609411 -0.05683999098317379 0
2096 0.2204991651084072 -0.06028364970147904 0
2097 0.2247559786258863 -0.05649483620361693 0
2098 1.043622980691263 -0.09461704097588411 0
2099 0.954021378258741 -0.09393149059978791 0
2100 -0.03074155716859628 -0.1033689296466011 0
2101 -0.02884828708074003 -0.09881043716150124 0
2102 0.4498680738490987 -0.06758664088121168 0
2103 0.6796426618338595 -0.02827872459938314 0
2104 0.8556855401347853 0.02323936220337038 0
2105 0.6396226109730643 -0.08526625341238926 0
2106 0.1832312504102441 -0.05326768780078596 0
2107 0.1760390484529787 -0.05167790327673268 0
2108 0.9639774089391951 -0.08498413695158813 0
2109 0.3976440783351087 -0.0596388808596074 0
2110 1.10111953250766 -0.1331932154963895 0
2111 1.103714406544255 -0.1376065349387715 0
2112 0.7452602164886005 0.02659526511625976 0
2113 0.883724098576567 0.02367414346289884 0
2114 0.7335922248344056 0.02661592997909133 0
2115 0.738361974917326 0.02667569419579708 0
2116 0.8653359164992179 0.005783044591591891 0
2117 0.866992298355188 -0.0026596604172821 0
2118 0.04343041820520589 -0.005412832606853992 0
2119 0.4932475048852825 -0.06712598831067064 0
2120 0.5492594201409304 -0.04972347810969412 0
2121 0.5442439615037417 -0.05076887304125018 0
2122 -0.01051582807459361 -0.0343945887803325 0
2123 -0.006756138432830527 -0.03064966846634937 0
2124 -0.0006776906902919765 -0.03101784901317081 0
2125 -0.003406743912252872 -0.027762019510784 0
2126 -0.01071215328875441 -0.03050980913315677 0
2127 0.5590404567334273 -0.0916848343756967 0
2128 0.7844016057465171 0.02590781170000462 0
2129 0.2156084244226356 -0.0826680348765545 0
2130 0.0399022473454006 -0.005374599809511655 0
2131 1.078744700900274 -0.1157159812776075 0
2132 0.2489128142805613 -0.08407123148717348 0
2133 0.285161198517818 -0.06156502781023052 0
2134 -0.03382711620329477 -0.0998433789373547 0
2135 -0.03641560081512162 -0.09663560757107875 0
2136 0.9774664051995121 -0.06138186496158388 0
2137 0.9821937568970539 -0.06266845456944922 0
2138 0.3676969667583606 -0.06318126692762456 0
2139 0.03386636071605056 -0.03366621907569309 0
2140 0.9308855669842742 -0.04075344503025238 0
2141 0.3003150049306144 -0.05892381250821607 0
2142 0.2809386218515799 -0.08323310313509864 0
2143 0.8129445238528263 0.02703834399769058 0
2144 0.8607359096598941 0.02256148468183089 0
2145 0.04659344366112446 0.000277757431728482 0
2146 0.3119892281575849 -0.08132233739938562 0
2147 0.8727168365104745 -0.005926084689804577 0
2148 0.7334411761348056 -0.0116961878962206 0
2149 0.8871747273957818 -0.02636536656041005 0
2150 0.886874305726145 -0.05269560673742932 0
2151 0.8903934710682148 -0.06347242051879018 0
2152 0.9879431700413104 -0.09873587078481695 0
2153 1.092720784708764 -0.1256870045645119 0
2154 1.087670325260035 -0.1206889795451897 0
2155 1.017621052467239 -0.08064104450855533 0
2156 0.1987959802917987 -0.05562345470564757 0
2157 0.8807718942623795 -0.01588049757310775 0
2158 0.8768989127924463 -0.01713708206110666 0
2159 0.880079930522357 -0.01972850289923317 0
2160 0.4936993834806251 -0.05624534391817035 0
2161 0.6633562534934845 -0.03145803238295623 0
2162 0.6685728466141518 -0.03287775636429353 0
2163 -0.03020668899695497 -0.1129521539163242 0
2164 -0.02781754510556252 -0.1149982419836296 0
2165 0.3183397213178804 -0.06161047655890441 0
2166 0.3229718637457428 -0.06044565202736897 0
2167 0.3270147282608316 -0.06354583883550662 0
2168 0.8762855568067596 -0.01119641498040005 0
2169 0.6266091909348679 -0.03799398332616076 0
2170 0.6317997241726918 -0.04010427871157769 0
2171 0.630268451948268 -0.035917589895252 0
2172 -0.0234422722442334 -0.08672230083729986 0
2173 0.06018311639422422 -0.07937928535236717 0
2174 0.6922562596404577 -0.05418950313560494 0
2175 0.5540046720706499 -0.04774521674829039 0
2176 0.9048399455870095 -0.03228483352792949 0
2177 0.9082952399189463 -0.0361911945761882 0
2178 0.695745112729208 -0.06603526494262216 0
2179 0.6914231837821322 -0.02697527996142128 0
2180 0.01305392740647027 -0.05104920482458261 0
2181 0.01398810552705436 -0.06118453526194559 0
2182 0.1393929528182287 -0.07228908865202795 0
2183 1.023456734786554 -0.08354131911934629 0
2184 0.8862237998011502 -0.01935470466936349 0
2185 0.04839736876467797 0.002898226178928537 0
2186 0.8065978373825108 -0.01282590751467785 0
2187 0.3555103651002333 -0.09380499040629807 0
2188 0.2290260179028712 -0.05775801176134981 0
2189 0.582066170577592 -0.04433532061978138 0
2190 0.5870681481210577 -0.04711123344546579 0
2191 0.05266989542617172 0.007803478192169667 0
2192 0.04903899615992075 0.008592624380283706 0
2193 0.05172500001273404 0.01130087056805882 0
2194 0.04722784526835667 0.01265040084857967 0
2195 0.05158955651521528 0.01576912609094058 0
2196 0.8084172202331115 0.02646513853976771 0
2197 -0.03301818696962544 -0.07417810321057826 0
2198 0.7266063510240153 0.0262908627414764 0
2199 0.4692364849936655 -0.0571848025999647 0
2200 0.8575438525905222 0.02659467564868229 0
2201 0.01895595605265467 -0.001167593213466171 0
2202 0.01762786202027718 -0.005297313869152149 0
2203 -0.0003502950786423021 -0.07019627357138321 0
2204 0.5194903573103049 -0.0531200052049723 0
2205 0.5148087036769448 -0.05290324952916604 0
2206 0.6543826101263884 -0.06469930077512309 0
2207 0.6539861748829945 -0.07783987958614939 0
2208 0.8970014224006309 -0.02787708298432353 0
2209 0.5784879083168798 -0.04285453533316175 0
2210 0.8918397265396149 -0.02667487975787726 0
2211 0.21709539037607 -0.0563728989690597 0
2212 0.05492467295277233 0.009871022503083072 0
2213 1.029398747025447 -0.08564368596817927 0
2214 -0.017016234481258 -0.1160920729868959 0
2215 0.05967030659530805 0.01393684000667886 0
2216 0.05903344617641933 0.01751423124427313 0
2217 0.0618770953174806 0.01988165373801361 0
2218 0.8917989666304292 -0.02223980416874565 0
2219 0.3585332602377298 -0.05973748080698704 0
2220 0.7325492870645085 -0.02222394970150754 0
2221 0.6846269981694784 -0.07584184749016674 0
2222 0.06472173284497702 0.01755148206013143 0
2223 0.005801491338182569 -0.113189812266352 0
2224 0.0699480879421689 0.0208377385919364 0
2225 0.2364484343333975 -0.05758245442266738 0
2226 0.072591734191609 0.02241416790744068 0
2227 461.2498416344247 -129.7747468924935 0
2228 437.2913571309211 -134.3501500578607 0
2229 429.0740780472884 -157.7079433525508 0
2230 412.7199600698893 -139.0734598892702 0
2231 404.3025230489807 -162.5999466416561 0
2232 388.135200506888 -143.8943877446547 0
2233 396.2706434067795 -120.2631809058386 0
2234 371.7328392335015 -125.0910968020653 0
2235 363.6522285077911 -148.7488779642455 0
2236 347.212028395127 -129.9273777836664 0
2237 355.2910098825108 -106.2687560891849 0
2238 330.764329581875 -111.1022568473232 0
2239 322.6850072668958 -134.7607153914267 0
2240 306.2358184716971 -115.9348811123375 0
2241 314.3148949390533 -92.27630422924238 0
2242 289.7864299090514 -97.10895069807277 0
2243 281.7073931492939 -120.7675466712639 0
2244 265.2579756408228 -101.9416023344468 0
2245 273.3370106070802 -78.28300549987382 0
2246 248.808548399673 -83.11565331454011 0
2247 240.7295121107063 -106.7742495124043 0
2248 256.8875848593096 -59.45705719883191 0
2249 232.3591216705374 -64.28970454109135 0
2250 240.4381581230665 -40.63110842195931 0
2251 215.9096946771027 -45.46375564041229 0
2252 223.988731178028 -21.80515954457708 0
2253 199.4602677002611 -26.63780674772072 0
2254 207.5393042009559 -2.979210651774545 0
2255 183.0108407148539 -7.811857850905954 0
2256 191.0898772171172 15.84673824428523 0
2257 174.93180421277 -31.47045394618344 0
2258 215.618340704556 20.67938544277312 0
2259 199.1689137196331 39.50533433935476 0
2260 174.6404502322227 34.67268714085323 0
2261 182.7194867345714 58.33128323600324 0
2262 158.191023247138 53.49863603751283 0
2263 166.2700597494549 77.15723213267813 0
2264 142.1382445320106 72.18913582136214 0
2265 149.8867408093221 95.96060617722237 0
2266 125.5757733155273 91.95397093619353 0
2267 133.4294911264606 114.9392736349085 0
2268 108.7095535722127 111.0973030755666 0
2269 116.9092948986725 133.8435728322086 0
2270 92.36903653745125 129.0239840171601 0
2271 100.4707568717079 152.4796851539219 0
2272 75.93957603707142 147.6684154921681 0
2273 84.02194028683911 171.2967586837249 0
2274 59.49357853277115 166.4626322574267 0
2275 67.57349783863316 190.1129255127864 0
2276 43.0448872172613 185.281662120937 0
2277 34.96582619263238 161.6232966602065 0
2278 18.51651773204539 180.4481308237692 0
2279 10.43749689677579 156.789387378819 0
2280 -6.011907723097429 175.6151259283537 0
2281 -14.09093788668823 151.9564702170289 0
2282 -30.54036008782938 170.7823741198298 0
2283 -38.61939473635168 147.1237605896537 0
2284 -55.0688206151928 165.9496990815237 0
2285 -63.17081435283733 142.4076220210169 0
2286 -79.60110963079842 161.1364653480437 0
2287 -87.71139587742188 137.63647912669 0
2288 -104.1322303791276 156.3173044444197 0
2289 -112.2193641858546 132.6998066867422 0
2290 -128.6577208802187 151.4695674215015 0
2291 -136.7362618848008 127.8084563555929 0
2292 -120.1550755085455 109.0483902390402 0
2293 -144.7913282742183 104.1506377065447 0
2294 -128.198575034497 85.35226970445325 0
2295 -152.8604469283184 80.48591711249244 0
2296 -137.5208262057148 62.03849322231532 0
2297 -161.1450329007434 56.88377020301434 0
2298 -145.8413233978605 38.44677526026623 0
2299 -169.2985710963773 33.2457286609801 0
2300 -152.8615610601267 14.42320552315068 0
2301 -177.2135580742326 9.529729384342076 0
2302 -160.7367895016856 -9.305786709254653 0
2303 -185.231284979007 -14.15016659727817 0
2304 -168.7716397276133 -32.97966547503863 0
2305 -193.2927388356627 -37.81485978529193 0
2306 -176.8403814095825 -56.64182486411796 0
2307 -152.4024665892571 -51.88889190161738 0
2308 -160.403841658751 -75.48182271280899 0
2309 -135.9685631176338 -70.73106187861927 0
2310 -143.9591497982499 -94.31281661488143 0
2311 -119.4314754982431 -89.48101025062843 0
2312 -127.4959018948425 -113.1269395916853 0
2313 -102.965134921018 -108.2923214065542 0
2314 -111.0413524913117 -131.9484778782638 0
2315 -87.93080232307413 -126.630609060619 0
2316 -94.82692083430709 -150.6924147994947 0
2317 -69.19301582071223 -143.2405186089838 0
2318 -78.03526648432059 -169.1353551422175 0
2319 -53.61204969598734 -164.7660159147588 0
2320 -61.67354508177657 -188.3473940147574 0
2321 -37.15969919142939 -183.5790951455822 0
2322 -27.98411145867761 -156.8367350929662 0
2323 -12.45042617852237 -178.2410670647648 0
2324 -4.555122721094906 -155.1007215177903 0
2325 -152.0219303646706 -117.957475664484 0
2326 -185.5348616795938 51.99775783135236 0
2327 -46.98978392850159 189.6082934425576 0
2328 157.9204014986774 119.6597052673168 0
2329 11.9249264381901 -173.8402953231097 0
2330 3.85099363157324 -197.4844955697183 0
2331 28.35478925651239 -192.7214283059453 0
2332 -86.21954968574163 -193.2572592084125 0
2333 -153.1837612385224 146.624621396834 0
2334 92.10179723659023 194.9472030558737 0
2335 51.12404633117397 208.93910504391 0
2336 -145.1044034643116 170.2815868494297 0
2337 223.6973772071139 44.33798153782239 0
2338 20.27249205973507 -216.3892217488067 0
2339 44.79630078768521 -211.5697040973895 0
2340 -201.3671290936389 -61.47506594492052 0
2341 -217.8162701115455 -42.64921602862154 0
2342 -225.8944845785929 -66.30809696459869 0
2343 -169.6324095515836 165.4466180728191 0
2344 -242.3437268966491 -47.4822120381123 0
2345 36.71594504304966 -235.2320213416856 0
2346 61.24341286352517 -230.4021825925669 0
2347 -161.553243270596 189.1045554645388 0
2348 131.8978824319861 46.74623414150944 0
2349 -250.4225956152334 -71.14086626844966 0
2350 -186.0816088948999 184.2714115524585 0
2351 53.16399054300103 -254.0618669541519 0
2352 28.63546275251868 -258.8946955303721 0
2353 77.69222378291597 -249.2298692082979 0
2354 -266.8719638585706 -52.31493772265873 0
2355 84.58837276564138 107.1779784195267 0
2356 -178.0025344522882 207.9298150781204 0
2357 -48.274396148658 124.4336934786757 0
2358 -80.67068678909428 -104.436543858971 0
2359 -127.6815372173198 20.12485379679508 0
2360 -202.5309753058267 203.0970529991189 0
2361 -210.610008035817 179.4384377571965 0
2362 69.32162172176608 -206.7459210093618 0
2363 -274.9509626066246 -75.97354689883866 0
2364 45.08451221484219 -277.7217092948707 0
2365 20.55611164786505 -282.5541790153861 0
2366 264.9666216022162 -35.79846121948198 0
2367 19.97844446204245 -150.2536784707449 0
2368 -258.5015293291107 -94.79949797569245 0
2369 -291.4003735090869 -57.14760357413744 0
2370 -283.3213343263328 -33.48900840763189 0
2371 -194.4519287078167 226.7555978526177 0
2372 -169.9234635377535 231.5882365108234 0
2373 -283.0299756851518 -99.6321511095222 0
2374 -266.5805447960502 -118.4581013587932 0
2375 -227.0594242965335 198.2643322210856 0
2376 -235.1384583827185 174.6057238626578 0
2377 -307.8497844147538 -38.32166024848988 0
2378 -299.7707492119964 -14.66306370306263 0
2379 37.00548619927903 -301.3802758103787 0
2380 12.47702445962356 -306.2129180789194 0
2381 -186.3728823551626 250.4141439514381 0
2382 -161.84441965835 255.246795162857 0
2383 -291.1090047776016 -123.2907497719327 0
2384 -274.6595765574871 -142.1166990964915 0
2385 -251.5878831777657 193.4316616433342 0
2386 -259.6669189123716 169.77306165162 0
2387 -324.2992106828636 -19.49571160023286 0
2388 -316.2201740610507 4.162884453531976 0
2389 -178.2938454139723 274.0727378190197 0
2390 -153.765381853379 278.9053846462393 0
2391 -332.3782468490751 -43.15430781185015 0
2392 28.92644114230776 -325.0388960354423 0
2393 53.4549047674768 -320.2062484484873 0
2394 4.397978083882768 -329.8715420237986 0
2395 -12.05144882975191 -311.0455929254252 0
2396 -20.13048696571478 -334.7041936285984 0
2397 -36.57991421121154 -315.8782454662989 0
2398 -202.8223086964992 269.2400895804485 0
2399 -44.65895102918851 -339.5368424518668 0
2400 -61.10837811033123 -320.7108938259788 0
2401 -276.1163454045441 188.5990080462132 0
2402 -284.195381696741 164.9404108846042 0
2403 -299.1880392547882 -146.9493465687304 0
2404 -282.7386119321299 -165.7752955823538 0
2405 -340.7486370387136 -0.6697629215773115 0
2406 -332.6696005852937 22.98883319053056 0
2407 -170.2148085275827 297.7313319647477 0
2408 -145.6863450699468 302.5639793145373 0
2409 -267.7459546765844 146.1144618101788 0
2410 -292.274417989042 141.281813723524 0
2411 -258.2101483884302 -160.9426484033594 0
2412 -266.2891846100381 -184.6012445957809 0
2413 -241.7607211498133 -179.7685973878656 0
2414 -249.8397576098752 -203.4271934976719 0
2415 -225.3112941199246 -198.5945463000553 0
2416 -233.390330611553 -222.2531423989252 0
2417 -208.8618671251309 -217.4204952000862 0
2418 -216.9409036258299 -241.0790912958133 0
2419 -192.412440138286 -236.246444097363 0
2420 -200.4914766401867 -259.9050401926739 0
2421 -308.1411371059954 27.82148039183788 0
2422 -129.236918089777 283.7380304430696 0
2423 -121.1578815414431 307.3966263046303 0
2424 -104.7084545494619 288.5706773732132 0
2425 -96.62941803834245 312.2292734236594 0
2426 -80.17999105059516 293.4033245137316 0
2427 -72.1009545463837 317.0619205992402 0
2428 -55.65152756049343 298.2359716987378 0
2429 -47.57249105774302 321.8945677916611 0
2430 -31.12306407240558 303.0686188939652 0
2431 -23.04402756999079 326.727214988592 0
2432 -6.594600584801459 307.9012660916479 0
2433 1.484435917532749 331.5598621866839 0
2434 17.93386290268392 312.7339132899334 0
2435 26.01289940499831 336.3925093850699 0
2436 42.46232639013988 317.5665604883683 0
2437 50.54136289244939 341.2251565835297 0
2438 66.99078987758847 322.3992076868404 0
2439 75.06982637989681 346.057803782008 0
2440 91.51925336503523 327.2318548853217 0
2441 -69.18741468125162 -344.3694901146808 0
2442 -274.3682210902801 -208.2598406985955 0
2443 -85.63684169382584 -325.5435412953839 0
2444 -39.49345455511105 345.5531638851865 0
2445 45.37586619536436 -343.8648503818952 0
2446 69.90433002777796 -339.0322022103711 0
2447 -113.0788450220119 331.0552223128907 0
2448 -225.0199401276882 -264.7376873911387 0
2449 -208.5705131424752 -283.5636362878502 0
2450 -308.7238449969881 160.1077627359732 0
2451 -316.8028814680962 136.4491664824455 0
2452 -268.0373088200749 212.2576037243674 0
2453 4.846885544517922 -131.8912095823964 0
2454 28.18704118562416 -126.7576658374177 0
2455 12.28934371053933 -108.0345072027335 0
2456 35.76724723575533 -103.1821983781426 0
2457 20.95413908580157 -85.34268853749519 0
2458 43.66680570915354 -80.76253111640489 0
2459 60.25970583589357 -98.47256273720981 0
2460 28.54552137973843 -62.15898820482002 0
2461 9.328469777663107 -68.33060581896311 0
2462 48.66290479257813 -60.48335316031715 0
2463 38.08426796601598 -46.00616521252542 0
2464 53.51396895603983 -43.96184476923691 0
2465 43.7849012149408 -32.95530081690359 0
2466 58.30963287142968 -29.56571083200539 0
2467 47.26148490014182 -19.23180247209133 0
2468 69.38718783532509 -40.73483596952227 0
2469 29.02265155222249 -32.96409465606448 0
2470 62.87961083730376 -15.87962976085191 0
2471 53.13337672079123 -5.698571870348343 0
2472 40.18740799454511 -8.094579937638033 0
2473 44.76804586517337 3.136195910586916 0
2474 34.52408110972493 1.373770149717385 0
2475 37.90104228767113 10.94624795746385 0
2476 47.73854819499802 13.74044798378788 0
2477 40.45584225271247 21.29067673274924 0
2478 31.47455111803156 18.52920149244258 0
2479 33.02977015100424 28.08117253008004 0
2480 23.4917896308257 24.04380436182061 0
2481 25.62962683744005 34.26923821418129 0
2482 15.39175246487188 31.50099338463821 0
2483 18.44735399448427 40.75497730414078 0
2484 8.547503502212972 38.68368986908069 0
2485 11.08121995250959 48.42839902187732 0
2486 0.9087550147848061 45.14363741549358 0
2487 -0.3996612283675726 34.71925026269344 0
2488 -8.409926481868954 41.29494300474243 0
2489 -9.550080844588253 32.23699925287555 0
2490 -17.27666303451744 37.69079397055659 0
2491 -18.8674443318575 28.3094534925557 0
2492 -26.28752521650616 34.47023721865797 0
2493 -27.47517128176743 23.48552981779242 0
2494 -35.79456748362307 31.1354835368558 0
2495 -37.42059484419441 20.86617393861575 0
2496 -30.77272087840832 14.57959134179317 0
2497 -38.22675959316465 11.27578594167374 0
2498 -30.74821028974727 5.87992009132774 0
2499 -39.30338735425721 2.384599574844477 0
2500 -32.28829592298976 -3.229039094445084 0
2501 -40.46493135045183 -6.549201432776581 0
2502 -33.39258434152911 -11.87665410926837 0
2503 -41.69452805334288 -15.73698258439959 0
2504 51.59250819823225 25.36609904205267 0
2505 -25.33104411708463 -7.847497088710957 0
2506 -26.44942692346084 -16.20598837524971 0
2507 -20.1760931618563 -12.70680187137902 0
2508 -18.93132584071515 -6.913703189332253 0
2509 -14.68844360738624 -10.22843797423212 0
2510 -15.29617990156763 -15.69835411873809 0
2511 -11.18187704540592 -13.626316905589 0
2512 -11.02529791610036 -18.14539867022735 0
2513 -6.727289823280182 -15.37244101843347 0
2514 -6.882109523323074 -20.89742216880498 0
2515 -11.30278898564215 -23.29824386411353 0
2516 -14.87119447777102 -5.324301848610443 0
2517 -2.740873292055849 -18.33110459661227 0
2518 -2.661933536385291 -22.70896509928533 0
2519 -2.448682540251984 -13.97554449802311 0
2520 0.8456644396853086 -16.11482893077524 0
2521 0.8806993019558355 -12.28100062306438 0
2522 3.824419435469185 -14.09183322854993 0
2523 3.902434578921081 -10.84341155595382 0
2524 6.60346081353375 -12.44321926686152 0
2525 6.856367018960014 -9.074811420540945 0
2526 9.213272114431749 -10.8304557792857 0
2527 9.554205217999375 -7.81635061835793 0
2528 -1.562696070424593 -10.44654501650952 0
2529 12.02518766556642 -9.41665271037372 0
2530 12.03085804913811 -6.31608027363795 0
2531 9.373140071340234 -4.983604749416078 0
2532 11.80382744508176 -3.507771940734484 0
2533 9.407060254861401 -2.193536004132571 0
2534 11.59692627357894 -0.9593003034336195 0
2535 9.540015296170889 0.300820522848472 0
2536 11.47060465568138 1.433569644416297 0
2537 9.430547683324715 2.465412445626502 0
2538 7.690696601297542 -3.403323837386039 0
2539 7.940242648492804 1.330676572790485 0
2540 7.408254661074927 3.212391065499115 0
2541 9.194836705831715 4.553112278210635 0
2542 7.305810637539456 5.31715710423703 0
2543 5.485526505911273 4.205828321378177 0
2544 5.5229758259987 5.991298722058354 0
2545 4.031184645920291 5.081904228032994 0
2546 3.915868383429232 6.604636589403552 0
2547 2.600323581869478 5.626536001342537 0
2548 2.401401629811801 7.206188444145492 0
2549 1.199042085788971 6.192187265312405 0
2550 0.8673414350282052 7.831272889333336 0
2551 -0.4481565207261323 6.497623936744906 0
2552 -0.7794451258594388 8.508991723936141 0
2553 -2.216214620393726 7.331853507207309 0
2554 -1.965928824789606 5.577047564659568 0
2555 -3.501495825803129 6.136130937975622 0
2556 -3.141057932572436 4.521131943757863 0
2557 -4.684915559806742 5.074887115734229 0
2558 -4.260252811912769 3.466184204152327 0
2559 -5.977537380122974 3.952592347076022 0
2560 -6.331128077300218 5.748826655736378 0
2561 -2.735216955734697 9.381503832380881 0
2562 2.384586293566148 9.463024519513342 0
2563 6.953766976924693 7.318834970249588 0
2564 -7.866734181770734 4.384178616424076 0
2565 -8.196185612010023 6.777819952991469 0
2566 4.40757875174003 3.31154096868014 0
2567 -5.550433776431136 2.468749818293436 0
2568 -4.210478754419289 2.003453016664364 0
2569 -5.159031150614158 1.15497517099797 0
2570 -4.07797824872092 0.8229538208944573 0
2571 -4.874062481600839 0.03388482549231786 0
2572 -3.768950619500868 -0.1974982983261378 0
2573 -4.583455919774793 -0.9983183536507297 0
2574 -3.47708110634509 -1.243116754790502 0
2575 -4.344358565423207 -2.027796455788008 0
2576 -3.213933827589015 1.440253392609255 0
2577 -3.351006141764737 -2.29432392445399 0
2578 0.5656985324271809 -0.1489509489514822 0
2579 0.4696156739260523 -0.1304187503501286 0
2580 -2.643839826932467 -1.707317326397004 0
2581 -2.475312666397775 -2.515139229931777 0
2582 -1.876994152921959 -1.931977662348279 0
2583 -1.720649173496729 -2.690924483278506 0
2584 -1.211366531072616 -2.199872831484806 0
2585 -0.9192007953330634 -2.790168998504388 0
2586 -2.095783235802036 -1.255508844410881 0
2587 -10.00397089455286 5.021266291227312 0
2588 1.369115729228427 4.618802265260151 0
2589 -49.29727226369822 -1.102621236321357 0
2590 -4.111372725686341 -3.126041691935483 0
2591 2.503474086364343 56.86316526857132 0
2592 -315.6374661082355 -128.123397717671 0
2593 -46.90536329204896 27.60286705122123 0
2594 -93.71587821214202 -349.2021374357068 0
2595 -25.3533594436387 45.30854781211784 0
2596 28.91434223327406 45.95115987883702 0
2597 -357.1980639959241 18.15618596543179 0
2598 -323.7165022510749 -151.7819939373828 0
2599 -340.1659291543531 -132.9560450690589 0
2600 99.59828986734324 350.8904509804909 0
2601 116.0477168524815 332.0645020838053 0
2602 -52.7379877544208 -363.195439175832 0
2603 34.09193590731156 360.0511054802133 0
2604 107.9686803501727 308.405905988635 0
2605 132.4971438376198 313.2385531871199 0
2606 140.5761803399277 336.8971492822895 0
2607 157.0256073250661 318.0712003856044 0
2608 148.9465708227583 294.4126042904348 0
2609 173.4750343102043 299.2452514889195 0
2610 165.3959978078959 275.586655393749 0
2611 189.9244612953423 280.4193025922342 0
2612 181.8454247930334 256.7607064970633 0
2613 206.3738882804807 261.5933536955489 0
2614 198.2948517781731 237.9347576003791 0
2615 222.8233152656195 242.7674047988642 0
2616 214.744278763312 219.1088087036943 0
2617 239.2727422507579 223.941455902179 0
2618 231.1937057484506 200.2828598070093 0
2619 255.7221692358967 205.1155070054939 0
2620 247.6431327335893 181.4569109103243 0
2621 272.1715962210353 186.289558108809 0
2622 264.0925597187279 162.6309620136393 0
2623 288.6210232061739 167.463609212124 0
2624 280.5419867038659 143.8050131169538 0
2625 305.0704501913124 148.637660315439 0
2626 296.9914136890044 124.9790642202688 0
2627 321.519877176451 129.8117114187542 0
2628 313.4408406741436 106.1531153235844 0
2629 337.9693041615898 110.9857625220694 0
2630 329.8902676592824 87.32716642689959 0
2631 230.9023517679268 266.4260008940339 0
2632 280.2506327233424 209.9481542039785 0
2633 354.4187311467285 92.15981362538452 0
2634 346.3396946444211 68.5012175302147 0
2635 -175.9630131527792 -255.0723929941761 0
2636 -1.538200288952491 -3.43662389129228 0
2637 -0.7449956537448226 -3.608296718671612 0
2638 -0.235464379023908 -2.999420348483615 0
2639 0.04511002610121177 -3.780466006953698 0
2640 0.5491560190773584 -3.046042424685106 0
2641 0.8608413166767064 -3.918333662080765 0
2642 1.361834851220858 -3.244755868038447 0
2643 1.136789349097408 -2.558918596806651 0
2644 1.780506651804684 -2.672544655894791 0
2645 1.555806025594041 -2.036170019847479 0
2646 2.110294478068876 -2.165758695576391 0
2647 1.022584528368657 -1.951659518183402 0
2648 1.968558177736947 -1.612069818208034 0
2649 2.42174729229821 -1.744568303505261 0
2650 2.252331584815077 -1.301969872402678 0
2651 2.705940120067452 -1.373691637236662 0
2652 2.442018024633512 -1.006315717514203 0
2653 2.149075971478388 -3.328950900225484 0
2654 2.914655368352193 -1.817943056947185 0
2655 1.774925907878445 -1.290813897120781 0
2656 3.247078723015016 -1.389065647453779 0
2657 329.5989136787585 153.4703075139238 0
2658 7.005986991546182 -16.15912859048785 0
2659 61.82529323799715 -362.6907991164065 0
2660 86.35375673502581 -357.8581518908939 0
2661 94.43279317025677 -334.1995559849265 0
2662 110.8822201665745 -353.0255048500781 0
2663 118.9612566595662 -329.3669087811865 0
2664 135.410683645015 -348.1928576769959 0
2665 143.4897201454924 -324.5342615869894 0
2666 159.9391471307069 -343.3602104834596 0
2667 168.018183632686 -319.7016143892171 0
2668 -333.2523084518357 155.275115372032 0
2669 -341.3313449464426 131.6165192377746 0
2670 -6.037587012621596 0.289530120465081 0
2671 -5.31675040104277 -2.781228480720439 0
2672 -5.000837614311801 -4.156445397070243 0
2673 -10.58040982909648 7.878932306134442 0
2674 -12.81841262930162 5.580589463419096 0
2675 181.5540708125114 322.9038475840891 0
2676 -111.3307211342317 -65.80362423284757 0
2677 0.4323745053099878 -0.1399745136353508 0
2678 0.1816565795128809 -0.1383977530713953 0
2679 0.2545987503615333 -0.1317012043246247 0
2680 15.15465645245583 -7.815513089924834 0
2681 15.03620109378067 -11.56251258636365 0
2682 321.811231156975 63.66857033172982 0
2683 338.2606581421136 44.84262143504488 0
2684 362.7891216295597 49.67526863352977 0
2685 354.7100851272523 26.01667253835994 0
2686 256.013523216418 138.9723659184679 0
2687 190.2158152758635 214.2761615052081 0
2688 37.29682970263847 -367.5234464500344 0
2689 -292.5657720837164 207.4249553899413 0
2690 -284.4867355304138 231.0835512262846 0
2691 -218.6890309948931 155.779772922096 0
2692 -234.2646596164941 -23.82362660464248 0
2693 207.8306581817091 -69.12235173891216 0
2694 2.067132506754949 199.273686965665 0
2695 -184.3334036359612 -212.5878480021989 0
2696 -365.2771004854293 -5.502410134173565 0
2697 -45.2382484405007 -207.2355462964414 0
2698 -275.8249910208752 122.4558649129787 0
2699 -145.3949928049841 236.4208469349942 0
2700 -110.1653052045208 -330.3761885594452 0
2701 -118.2443417107037 -354.0347846655443 0
2702 -102.0862687034195 -306.7175924676795 0
2703 151.5687566475292 -300.8756654925839 0
2704 176.0972201349225 -296.0430182942487 0
2705 159.6477931497799 -277.2170693975752 0
2706 184.176256637215 -272.3844221991221 0
2707 167.7268296520756 -253.5584733024396 0
2708 192.2552931395198 -248.7258261039607 0
2709 175.805866154381 -229.8998772072769 0
2710 208.7047201246579 -267.5517750006468 0
2711 216.7837566269649 -243.8931789054793 0
2712 233.2331836121031 -262.7191278021649 0
2713 241.3122201144109 -239.0605317069952 0
2714 257.7616470995492 -257.8864806036803 0
2715 265.840683601857 -234.2278845085106 0
2716 224.8627931292726 -220.2345828103098 0
2717 225.1541471097955 -286.3777238973341 0
2718 -162.135772008231 321.3899279734107 0
2719 -186.6642354878683 316.5572807352913 0
2720 -233.0989766299182 -288.3962834863354 0
2721 -216.6495496447617 -307.2222323830274 0
2722 83.14886288220498 369.7163998771759 0
2723 13.92755434711001 0.3031914855572646 0
2724 282.2901105869954 -253.0538334051957 0
2725 290.3691470893032 -229.395237310026 0
2726 67.20944429581809 1.109180977823396 0
2727 362.4977676490359 115.8184097205543 0
2728 184.4676106178186 -338.5275632859184 0
2729 379.2385486146984 30.84931973684481 0
2730 371.1595121123909 7.190723641674944 0
2731 -348.2449655831063 -156.6146411897124 0
2732 -381.7265274637792 13.32353876015961 0
2733 -373.6474909603398 36.9821348549374 0
2734 -101.7949147293131 -372.8607335728004 0
2735 3.495393744354628 -1.98972021249018 0
2736 3.903814144059374 -1.407049418550551 0
2737 13.74541183471382 3.266995328067852 0
2738 107.6773263696512 374.5490470756601 0
2739 -309.0151989720599 226.2509037953392 0
2740 -389.8055639628218 -10.33505733614119 0
2741 0.2991885755853754 -4.63169397229994 0
2742 1.256372640657475 -4.834616086772671 0
2743 -364.6943925423421 -137.7886923020013 0
2744 3.501947254834721 -0.815210024552098 0
2745 78.2747201656409 -381.5167481752658 0
2746 274.2110740846874 -276.7124295003653 0
2747 -110.9954538108204 62.43910113866625 0
2748 -178.585198981418 340.2158768094372 0
2749 -300.9361624536193 249.9094998086274 0
2750 0.4912382777957593 129.4404936171027 0
2751 378.9471946341745 96.99246082386946 0
2752 -203.1136624668724 335.3832296008433 0
2753 306.8185740744416 -248.2211862067111 0
2754 18.89532861455404 -9.539472162993155 0
2755 314.8976105767493 -224.5625901115413 0
2756 273.9197201041648 -210.5692884133408 0
2757 346.6310486249448 2.358076443190097 0
2758 363.0804756100834 -16.46787245349485 0
2759 387.6089390975294 -11.63522525501012 0
2760 313.7321946546663 40.00997423655949 0
2761 140.8675343204478 270.754008195263 0
2762 58.91175337527917 298.7406115916694 0
2763 9.854826400378283 289.0753171947524 0
2764 -233.6816846520421 -156.110001291124 0
2765 -39.20210057468025 279.4100227986269 0
2766 -88.25902755246824 269.7447284163549 0
2767 -53.02934162402391 -297.052297775942 0
2768 -1.331913661949227 -4.320406965327325 0
2769 127.3316471427589 -371.8514537720195 0
2770 -357.7807719323322 150.4424681382739 0
2771 -365.8598084334823 126.7838720372252 0
2772 4.281060505713245 -0.8119418662635057 0
2773 3.933024431118684 -0.1722293959601829 0
2774 -241.1780131322097 -312.0548795815107 0
2775 -257.6274401173476 -293.2289306848254 0
2776 -224.7285861470691 -330.8808284781971 0
2777 288.9123771866954 101.3204681250982 0
2778 190.7985232369025 81.98987933116152 0
2779 223.1146692461415 176.6242637118385 0
2780 124.9984688242593 157.3315334918971 0
2781 -200.2001226596224 -326.0481812797134 0
2782 -324.5905640156757 46.64742926237927 0
2783 -119.1582313232408 -155.5922636052632 0
2784 -126.3233782161345 -377.6933807695228 0
2785 -13.69861284994196 8.884025948375218 0
2786 -11.17323245000769 11.3184752465303 0
2787 0.2195929452638145 -0.1311597246853893 0
2788 -1.651917002192381 4.073043500224604 0
2789 0.2848227300784246 -0.1249741177700084 0
2790 16.90330440900822 1.520477097867075 0
2791 16.48104889265187 5.512394655164892 0
2792 -398.1759544428459 32.14948765474127 0
2793 379.5299025952218 -35.29382135017996 0
2794 338.5520121226373 -21.30051965197982 0
2795 240.1468041922579 25.51203264113434 0
2796 -390.0969179410126 55.80808375007542 0
2797 -349.7017354301494 174.101064234079 0
2798 -169.3321086478525 99.30624844359829 0
2799 -356.6153560357169 -114.1300962083274 0
2800 -381.1438194986723 -118.9627434152968 0
2801 -300.0621005170113 51.4800764569768 0
2802 -283.6126735300033 32.65412755964361 0
2803 -275.5336370071339 56.31272364768935 0
2804 158.4823772276243 -12.6445050494945 0
2805 150.4033407253524 -36.30310114468149 0
2806 -373.0647829987579 -95.3041473192978 0
2807 -259.084210024061 37.48677475171951 0
2808 -251.0051735186702 61.14537084582102 0
2809 44.44310926018045 -145.557281923487 0
2810 -209.4449205875781 -85.13409333475198 0
2811 -331.7955385857089 -175.4405900906451 0
2812 -356.3240020452095 -180.2732372988115 0
2813 -339.8745750533703 -199.0991861978184 0
2814 -126.6147321972814 -311.55023968426 0
2815 -118.5356956939039 -287.8916435860745 0
2816 -96.04793749384781 179.9492212598973 0
2817 4.106695149471657 -263.7282005390392 0
2818 -276.4076989634844 254.7421469934645 0
2819 -292.8571259333718 273.568095812744 0
2820 151.2774026669346 -234.7325244057616 0
2821 159.3564391692421 -211.0739283105931 0
2822 -268.3286624474161 278.4007430187936 0
2823 135.0564405722926 -18.76452360214313 0
2824 -6.476345743863902 -3.700471071353568 0
2825 -6.138166966901383 -5.331835033393955 0
2826 -208.2791591619305 -349.706777374883 0
2827 91.2278993845129 393.3749959723452 0
2828 0.4075546479758489 -0.1419472837204916 0
2829 0.4274915903825485 -0.1645247618261227 0
2830 0.353882162435929 -0.13594848517571 0
2831 176.3885741155098 -362.1861593810909 0
2832 0.4820248967335803 -5.765700164265684 0
2833 -4.541440925839845 -5.746311671000441 0
2834 -5.678534734755347 -7.123013870804081 0
2835 14.94027988188272 22.86370258270155 0
2836 115.7563628719592 398.2076431708296 0
2837 387.0262311364821 120.6510569190393 0
2838 200.9170376029001 -357.353512182764 0
2839 18.65670289593282 -14.45764892698984 0
2840 -3.254488281577632 26.14698861460851 0
2841 404.058366082668 -30.46117415169528 0
2842 -1.002064425499663 10.64408743353298 0
2843 -3.204612189590053 11.72317381739988 0
2844 -0.9802965611667971 13.43812142612878 0
2845 -317.3855894227567 268.7354486241003 0
2846 331.3470375618878 -243.3885390082264 0
2847 339.4260740641955 -219.7299429130566 0
2848 15.26123794663601 60.57467154903728 0
2849 5.022738810995595 70.82474673275991 0
2850 20.47681891424655 75.70978080539409 0
2851 4.261402247056951 -2.068112603360768 0
2852 79.14096990241212 -13.60708858452546 0
2853 85.9383758493537 4.613583146771735 0
2854 -44.49818608001539 40.2069557621198 0
2855 -57.77925110036296 35.95235083564592 0
2856 -55.07806830732044 51.32516699539948 0
2857 -374.2301989164581 169.2684170298219 0
2858 -366.1511624139812 192.9270131241351 0
2859 -14.68219470513113 12.68898408529668 0
2860 412.1374025849758 -6.802578056525133 0
2861 -397.5932464825212 -100.1367945190579 0
2862 -249.2570496345147 -335.7134756766812 0
2863 -284.7780894302608 297.2266919038392 0
2864 403.4756581216208 101.8251080223544 0
2865 1.817312944068253 -5.964196644878641 0
2866 -195.0346259635421 359.041825690824 0
2867 -170.5061624759255 363.8744728884433 0
2868 -109.8739512315166 -396.5193296676764 0
2869 -3.822894081685607 14.74696647650961 0
2870 4.717854925711484 -0.1673634365929446 0
2871 5.086518083153035 -0.8929810276894573 0
2872 4.314618338214534 0.4928121307904569 0
2873 3.506094270955985 0.4347795359814101 0
2874 126.3143419150258 -42.93963386123037 0
2875 142.3975483359084 -60.2623448262004 0
2876 -389.2228560040938 -142.6213395093876 0
2877 0.3313318174174869 -0.1366907527766718 0
2878 118.0061581526127 -65.77886646482648 0
2879 134.2925279757266 -83.83448827049946 0
2880 -219.5630894504859 354.2091784897905 0
2881 395.9793521676336 -54.11979994172943 0
2882 322.9766470790569 -200.9039940163716 0
2883 248.2258406946253 49.17062873627535 0
2884 -183.7506956744842 -344.874130176399 0
2885 -191.829732176792 -368.5327262715682 0
2886 -349.4103814481506 107.9579231395599 0
2887 102.5118296728753 -310.5409598888809 0
2888 -12.92551320392515 -112.6161765259354 0
2889 -389.5142099799982 -76.47819842396264 0
2890 -260.2496259426807 302.059339101644 0
2891 134.8279756817957 -215.9065755090782 0
2892 142.9070121841035 -192.2479794139086 0
2893 167.4354756715498 -187.415332215424 0
2894 150.9860486864114 -168.589383318739 0
2895 175.5145121738575 -163.7567361202545 0
2896 126.4575851989652 -173.4220305172234 0
2897 134.5366217012733 -149.7634344220537 0
2898 110.0081582138269 -154.5960816205381 0
2899 3.739034842831564 -2.755028769778402 0
2900 -17.4334913552056 -2.368680519570103 0
2901 -15.98126578771849 6.330924353682604 0
2902 -414.0426734665148 -81.3108456227688 0
2903 323.2680010595801 -267.0471351033962 0
2904 -11.23390783940632 15.22647064779714 0
2905 -9.299036468443369 2.586837852376069 0
2906 -364.4030385350421 -203.9318333983033 0
2907 -347.9536115478245 -222.7577822957091 0
2908 -7.726220597016102 -6.656523511124139 0
2909 420.507796832352 -49.28712799752455 0
2910 -414.6253814277145 50.97543655133294 0
2911 -406.5463449253621 74.63403264648703 0
2912 23.0317160017669 -11.82928685558045 0
2913 22.73376233162422 -6.8707849473488 0
2914 0.9281212804021801 -7.130001936392763 0
2915 -0.4844644334257132 -6.783807823870461 0
2916 20.38517494365759 3.299277324273456 0
2917 3.908658945140022 1.125319934910533 0
2918 3.227460736173666 1.063867228203446 0
2919 2.903382279397372 0.5782587174146997 0
2920 2.659772648195956 1.036522809083001 0
2921 2.394803567527287 0.5685097191907126 0
2922 2.206575935451984 0.9770287962772025 0
2923 0.4456988860750867 0.06460115327169864 0
2924 0.5241487275499503 0.06395495387650763 0
2925 0.5997627546856247 0.06170032838768734 0
2926 0.6720447361078551 0.05709546646635768 0
2927 2.009601815986335 0.6557706948735501 0
2928 0.741285926720138 0.05134759618258392 0
2929 0.8013391397736338 0.04462164586121659 0
2930 0.8640626818097086 0.03502646326418963 0
2931 1.846565696932832 0.9375570211434893 0
2932 0.2675965216589476 0.05956131772151171 0
2933 0.3430313036233201 0.0628925721090231 0
2934 1.692210157869916 0.6482775063620191 0
2935 1.548417431430173 0.9171399346103426 0
2936 1.863972509168006 0.4428217703956919 0
2937 1.084346608794509 -0.09182673530148257 0
2938 1.054972989947471 -0.06583971916038181 0
2939 1.43111777812007 0.6780722519024075 0
2940 1.673127844006546 1.192724423140629 0
2941 1.334803495668234 1.143203398197095 0
2942 1.488564282324294 1.466245822262852 0
2943 1.151373746687908 1.4262537936759 0
2944 1.027225358681347 1.115528110883401 0
2945 0.8068696724200519 1.375775378866806 0
2946 0.7263150898178697 1.084996350691924 0
2947 0.2073167618479302 0.05545006260650288 0
2948 0.3943624018776618 0.06403287905691153 0
2949 0.9387159525344315 1.71134757544482 0
2950 0.5491353684473671 1.643241549743341 0
2951 0.6890989507371886 2.02914385242428 0
2952 0.2680926301529279 1.938783599521654 0
2953 0.1357094141967866 1.522281045426037 0
2954 -0.1426038512377248 1.824533275178499 0
2955 -0.2504361951500579 1.423925603534005 0
2956 -0.5402254822413027 1.724337755481375 0
2957 -0.6264689492400727 1.336335555335851 0
2958 -0.3963139621879238 1.075033113424276 0
2959 -0.6902387522880724 0.9976952404705587 0
2960 -0.4775303708808099 0.7750995716379911 0
2961 -0.2174318321919373 0.8413815679589102 0
2962 -0.743659543006823 0.7133975478087972 0
2963 -0.5575428506932634 0.5457366621166484 0
2964 0.0129324568914814 0.006120709066306136 0
2965 -0.01777529638304929 -0.01798284052419715 0
2966 -0.7938440124515267 0.4799794085816598 0
2967 -0.6281078905880847 0.3461152554062848 0
2968 -0.4542485877201579 0.3779377892587567 0
2969 -0.04296924088416881 -0.03933834265642748 0
2970 -0.4985521022724775 0.2149875085043833 0
2971 -0.6558313214656133 0.1771492159691076 0
2972 -0.5338646080263511 0.07626902210526586 0
2973 -0.6725098878325901 0.03201202274306593 0
2974 -0.357535342736174 0.2520537248223989 0
2975 0.09741735166767662 0.03433414821806126 0
2976 -0.9768907784186882 0.6331591442270381 0
2977 -1.025682426904252 0.394459490587882 0
2978 -1.240613271173315 0.5553825110186397 0
2979 -1.276913861251151 0.2337138375434157 0
2980 -0.9478134378853968 1.61446319254793 0
2981 2.864772873793911 1.539373435495829 0
2982 -0.05962385709710481 2.417660062199423 0
2983 -1.554985352541266 0.4663055671353044 0
2984 1.136900146839779 2.115144017921422 0
2985 0.8244947562159106 2.515140583706252 0
2986 -1.612921269971133 0.1246859228218527 0
2987 -1.383938373695 -0.07872885048250235 0
2988 -0.3143688253689358 0.3813962846617072 0
2989 0.1561162791230459 0.05042295336748218 0
2990 0.1292530043551367 0.0447146316996319 0
2991 -0.2426530749260778 0.2686619160681625 0
2992 -0.2754401951997735 0.1830172394739304 0
2993 -0.07028274311900033 -0.06743013095865476 0
2994 -0.05812663652711289 -0.0533132891177512 0
2995 -0.1693497997499798 0.2112877188807467 0
2996 -0.1495951502123612 0.2892520281140797 0
2997 -0.09983832385656875 0.2138856677072635 0
2998 -0.0708291307438311 0.2890608771649971 0
2999 -0.02655795925566755 0.2236435426322146 0
3000 -0.0004106651146914841 0.2917754403074769 0
3001 0.03906314270451456 0.2393081479347259 0
3002 0.3033842299229318 0.06185424416038908 0
3003 0.3219088553278135 0.06203983669404524 0
3004 0.2887162974915767 0.06060318493675071 0
3005 0.06482285893507295 0.2953461101488409 0
3006 0.2374517557601475 0.05767328789880948 0
3007 0.2222362385938026 0.05659510286812269 0
3008 0.09814096902230446 0.2458052053966555 0
3009 0.1248589078119592 0.30079724508018 0
3010 0.1827460290147755 0.05318765845245227 0
3011 0.1711436224499158 0.05220699476508681 0
3012 0.1952740372739777 0.05442555540554582 0
3013 0.1580500813822673 0.2432653851070159 0
3014 0.1864412498409802 0.3029657303915165 0
3015 0.4849614381877007 0.06446847591800382 0
3016 0.4669492271704335 0.06482985563219767 0
3017 0.5033227522797987 0.06424254002165541 0
3018 0.2198703697677456 0.2464622171735744 0
3019 0.245651985965741 0.3070411672294143 0
3020 0.27772899452295 0.2571213864296455 0
3021 0.3163686278772757 0.2973705015425852 0
3022 0.5636706605078716 0.06226344261229155 0
3023 0.5453508265873013 0.06322627259909318 0
3024 0.5785580613828425 0.06221404051692751 0
3025 0.2107531400485157 0.3808918507218411 0
3026 0.0270095199103724 0.3579905053093827 0
3027 -0.2170007897667323 0.1272970120914006 0
3028 -0.05368779062463339 0.1719158260911157 0
3029 0.07146163609116456 0.1932684496844018 0
3030 0.2574592161470449 0.2108673190518124 0
3031 0.3672725615679219 0.06379387407044408 0
3032 0.3551096857866283 0.06316235363804056 0
3033 0.378987351107744 0.0644532643137791 0
3034 0.2993501763738707 0.2125684231480937 0
3035 0.2780895868808202 0.1759330269293692 0
3036 0.3204325673595571 0.1745115565359507 0
3037 0.4215390827634919 0.06450203907598094 0
3038 0.4336189677437324 0.06448707101118081 0
3039 0.4094591321178866 0.06437418396023857 0
3040 0.2408992406121481 0.1740630630158353 0
3041 0.338468174568597 0.2118772590791189 0
3042 0.3572348084523594 0.1788463568936278 0
3043 0.3740100228634245 0.2131637945342673 0
3044 0.3907290672961016 0.1735137266362825 0
3045 0.4118688798612727 0.2069853263848979 0
3046 0.6358551088363777 0.05898745570333167 0
3047 0.6509626584876436 0.05861308488258501 0
3048 0.6207917318671237 0.06021945957832357 0
3049 0.6117429768933789 0.06066806739250829 0
3050 0.6602268194266336 0.05833351693086439 0
3051 0.4280076468761699 0.1751641212291572 0
3052 0.4471596468148512 0.2053637208512295 0
3053 0.4631016793314156 0.1735761636187078 0
3054 0.4820657158843438 0.2028800025527437 0
3055 0.46611496062387 0.2392550128593653 0
3056 0.5079333679625506 0.235936612454937 0
3057 0.7083526129372308 0.05398979799311422 0
3058 0.6932525354552026 0.05593658191498362 0
3059 0.7228103395968428 0.05374219433103882 0
3060 0.4891948613084156 0.2765160245986977 0
3061 0.7322639997881762 0.05221274723448691 0
3062 0.683909315779855 0.05593763827081372 0
3063 0.4954920505861976 0.1715945853146686 0
3064 0.3005545411846638 0.149411493946375 0
3065 0.3693055070688875 0.1506512007800583 0
3066 0.4811527726584973 0.1473457764930848 0
3067 0.5085191547408066 0.1423773466150142 0
3068 0.5245100169615337 0.1665755451334345 0
3069 0.5352656074153848 0.1421357112501235 0
3070 0.5508737799333291 0.162530104523198 0
3071 0.5622194832036446 0.1366200350976472 0
3072 0.5760762886156755 0.1578797948026177 0
3073 0.5868111563585612 0.1357819682738178 0
3074 0.6007099515604925 0.1540816062233636 0
3075 0.6090310619087301 0.1307861608000417 0
3076 0.6241836106019575 0.1498848624849597 0
3077 0.7714108973395519 0.0474903259934649 0
3078 0.7862234744158186 0.04626591038968213 0
3079 0.7592306943801055 0.04921268476787478 0
3080 0.6160706145731961 0.1755606024613299 0
3081 0.6462470831134398 0.1657311748191888 0
3082 0.6344693001243654 0.1992164847928391 0
3083 0.6679545025210156 0.1930102237129402 0
3084 0.8344273874926881 0.0402204559567787 0
3085 0.8492293743028878 0.03790223369705174 0
3086 0.8193153875214378 0.04226543921597466 0
3087 0.6577780394639304 0.2304377358297 0
3088 0.8105302240809321 0.0439170676641774 0
3089 0.6787587894223972 0.1611290494562216 0
3090 0.700609158449217 0.184548073758021 0
3091 0.7084359320975848 0.1559022876179801 0
3092 0.7314966065807349 0.1764305968407191 0
3093 0.7367673596346878 0.1456367459980504 0
3094 0.7636406442666293 0.169802719485579 0
3095 0.7540331586233939 0.2015053084360326 0
3096 0.7694616568692974 0.1356338352437571 0
3097 0.7901470105335687 0.1595888429883699 0
3098 0.9287959010548945 0.01555490787589944 0
3099 0.9119640776649112 0.0216937608642452 0
3100 0.899799177723424 0.0241191861120259 0
3101 0.9204283834469857 0.01858738691949977 0
3102 0.7987071456304854 0.1320222674681276 0
3103 0.8177211094652033 0.1518780161700775 0
3104 0.825609267393584 0.1230818317444165 0
3105 0.8442873503666148 0.1440218889549363 0
3106 0.9590781983194406 0.001311948454537484 0
3107 0.9454788748916609 0.007883127320277497 0
3108 0.9375662353273766 0.01214942252277477 0
3109 0.8396967565340989 0.1753321872978668 0
3110 0.852401526816482 0.1186966587282346 0
3111 0.8699137511185199 0.1361117086552367 0
3112 1.007550592565996 -0.02911736399564958 0
3113 0.9855075724049391 -0.01370864104018051 0
3114 0.9728244256757131 -0.005783733263870485 0
3115 0.9976647128669194 -0.02223161593807081 0
3116 0.8769442102493109 0.1116709452728484 0
3117 0.8951396577518786 0.129800508008897 0
3118 0.9019160584558951 0.1052717692016912 0
3119 0.9202482492643029 0.1237766131559552 0
3120 0.9102934388740587 0.1508722257185684 0
3121 0.9259694427417597 0.1000550248668757 0
3122 0.94520517466957 0.1172007453445824 0
3123 0.9497260089779979 0.08999068662603818 0
3124 0.9704812790920457 0.1102087011458671 0
3125 1.032075150725618 -0.04761763140190851 0
3126 1.019708361999967 -0.03784470171731285 0
3127 1.043232688118742 -0.05638268969673665 0
3128 0.9751965209126963 0.08508085694630259 0
3129 0.9936698687899872 0.1042202402454391 0
3130 0.6324164083636796 0.1280730446048348 0
3131 0.8933984800034304 0.02446062714586984 0
3132 0.9053494192557385 0.0222362412081704 0
3133 0.6879228762845786 0.1326854552096805 0
3134 0.951668942474206 0.005728403768817646 0
3135 0.9643885553556528 -0.001562784056684541 0
3136 0.9771766382745388 -0.009532266107216561 0
3137 0.9901071682471461 -0.01727487190352891 0
3138 0.7463899471996972 0.1219364020884409 0
3139 0.8548231023540811 0.03648643765487629 0
3140 0.8432497078911841 0.03882448370251066 0
3141 0.8759665540906362 0.8766676295391679 0
3142 0.645200441061044 0.05846197660982935 0
3143 0.8284203157019331 0.0412249645561034 0
3144 0.7923432260356053 0.04574375837293995 0
3145 0.7802685031818992 0.04742974765551893 0
3146 0.7022905779984157 0.05524411745036745 0
3147 0.7653388799906931 0.0489620188967523 0
3148 0.753436414464598 0.0504201502654061 0
3149 0.2826816481436903 0.06029804086116924 0
3150 0.714238933512177 0.05392800610286171 0
3151 0.294832258606563 0.06112725723774631 0
3152 0.2766484134659793 0.05997728248532323 0
3153 0.629770584251789 0.05939382368880334 0
3154 0.5513918376238242 0.06315098677639897 0
3155 0.5574296740746522 0.06296378239921842 0
3156 0.539439514823692 0.06365979916184725 0
3157 0.5332766022549424 0.06364311366418753 0
3158 0.5695042984051513 0.06254970093506647 0
3159 0.3733859788323255 0.06416244756854277 0
3160 0.3097751299401605 0.06173535100303675 0
3161 0.3611449369927285 0.06343007474004489 0
3162 0.3851873622002597 0.06417075720258789 0
3163 0.4606074193988024 0.06496839203438189 0
3164 0.4547594337286902 0.06453304012027251 0
3165 0.4730120967355417 0.06419689942503848 0
3166 0.3490721707160164 0.06298308166258808 0
3167 0.4789213997363176 0.06452312691713179 0
3168 0.4910011794818114 0.06439692549668941 0
3169 0.5847664968612454 0.06207735722929375 0
3170 0.590624534612625 0.06162655780281226 0
3171 0.4034199309848335 0.06426435513002164 0
3172 0.4395370433940505 0.0651159099629158 0
3173 0.6057359987759088 0.06142423745369185 0
3174 0.5088579082096255 0.06413301262624323 0
3175 0.5151568385474339 0.06393391135154024 0
3176 0.4970411977446818 0.06432673002466936 0
3177 0.4154990350229456 0.06442629373962164 0
3178 0.3278146188706604 0.06229707713626473 0
3179 0.3339767811689141 0.06258291424344427 0
3180 0.3161304988568022 0.06190685582354838 0
3181 0.6660140080465142 0.05718018725987025 0
3182 0.6583933687576311 0.8461169355095323 0
3183 0.9102916439701116 0.08462714353037264 0
3184 0.8046763370495426 0.109573716204796 0
3185 0.4912502945238705 0.1255767619455123 0
3186 0.4717967128204184 0.1260415344677021 0
3187 0.9604440559319026 0.06839683870666323 0
3188 0.9798437760138262 0.06302766032297055 0
3189 0.8579847748899417 0.09809711605663719 0
3190 0.5444463078134952 0.1221947088509966 0
3191 0.5938918139744406 0.115481882045577 0
3192 0.966021692921666 0.04825649803774252 0
3193 0.9839177938029434 0.04456996530644224 0
3194 0.9975537743087158 0.05664736382697412 0
3195 1.00174381503999 0.0361990043597268 0
3196 1.014567443875191 0.0492333655926481 0
3197 1.019365112189105 0.03087636721094383 0
3198 1.033046299386615 0.04285408328263757 0
3199 1.110342021095583 -0.1166472675596644 0
3200 1.097534035587288 -0.1041510324813539 0
3201 1.104095378857525 -0.1102301675299004 0
3202 1.035448898400915 0.02434045145621629 0
3203 1.051614719199653 0.0360854089372868 0
3204 1.052582616496573 0.01384650616526883 0
3205 1.071042138773097 0.02827485778587688 0
3206 1.073801964356211 0.007554093284065669 0
3207 1.093264382895554 0.02116064286361375 0
3208 1.070579535407014 -0.08006576706832493 0
3209 1.077997102799708 -0.08496241460691173 0
3210 1.064092191767851 -0.07375689429032421 0
3211 1.052599454686983 0.06182194272231054 0
3212 0.9502188011437444 0.05359309359904553 0
3213 1.093246131051513 -0.09992405576415407 0
3214 1.114666409205608 -0.1209986268870408 0
3215 1.127368951860277 -0.1337261885386724 0
3216 1.121243829979473 -0.1272651652972862 0
3217 1.058853548699002 -0.005227274816578546 0
3218 1.07541600368194 -0.01129040597897973 0
3219 0.4807850522760567 0.1086776831567858 0
3220 0.4644375965870234 0.1094136164558496 0
3221 0.4965587169207508 0.1098658540759572 0
3222 0.7787601477736545 0.6792607548732703 0
3223 1.020980049855637 0.01357640775627762 0
3224 1.061065080983931 -0.02251914791053311 0
3225 1.07549973624592 -0.02735920528461645 0
3226 1.089637801382181 -0.01948982930607333 0
3227 1.088864136688843 -0.03609798751928917 0
3228 1.1037377411377 -0.02748388207942572 0
3229 1.103946966653602 -0.04343077141958063 0
3230 1.119933968741264 -0.03512986909922847 0
3231 1.04697080618907 -0.01619960858720706 0
3232 0.9864424719783413 0.02813650759455582 0
3233 0.604210822161094 0.6835593804564465 0
3234 0.485105237928774 0.804382838448925 0
3235 0.5693968416401296 0.1863119394347085 0
3236 1.090314497337238 -0.05161644981590766 0
3237 1.103127357265421 -0.0578520348056369 0
3238 -0.1072378865529278 0.3688233432200231 0
3239 0.3987053323088208 0.2489083419599438 0
3240 0.9531820826670863 0.03984801238779186 0
3241 0.9415661102271151 0.04269883265589244 0
3242 1.403742075129926 2.605445669772865 0
3243 4.681753587177517 1.196497679933203 0
3244 1.064981442585082 -0.03427234407640811 0
3245 0.4707101914025053 0.09677424688738551 0
3246 0.4580758225691263 0.09611774289165244 0
3247 0.4505626123914046 0.1078236205126079 0
3248 0.4453388696173564 0.0971441686062345 0
3249 0.437532171417543 0.1061514767590248 0
3250 0.432969259776571 0.09371877266750796 0
3251 0.4251123150497481 0.1041535083700208 0
3252 0.4206262526630219 0.0930790724356083 0
3253 0.4130246848135105 0.1026049687662736 0
3254 0.4089826115449934 0.09029898183731172 0
3255 0.4012056923876471 0.1008012640293474 0
3256 0.3970921939324271 0.09031904480321233 0
3257 0.3891831308000125 0.1002512090226601 0
3258 0.3859515000738313 0.08791043125810995 0
3259 0.3783861328749025 0.09799802307630671 0
3260 0.3733819179741629 0.08675175969152706 0
3261 0.3676177909766544 0.0961703581895972 0
3262 0.3626780770570994 0.08678520217895136 0
3263 0.3571234352405831 0.09492663490634183 0
3264 0.442161736330778 0.118616657395138 0
3265 0.3531689802841178 0.08418978912876722 0
3266 0.3469179914812678 0.09338671135261113 0
3267 0.3437097432500669 0.08399157533407807 0
3268 0.3358937001194456 0.09101116797667945 0
3269 0.3404996864737598 0.1026887904634294 0
3270 0.3287032537450163 0.1007670363733142 0
3271 0.325091200165881 0.0892300206534186 0
3272 0.317177479093129 0.09819947851828986 0
3273 0.3130000358136475 0.08649652616499248 0
3274 0.306023023866797 0.09539468742388039 0
3275 0.3021405067853369 0.08564818650114857 0
3276 0.2954207097853372 0.09282337590691196 0
3277 0.3611035358856078 0.1056029977274368 0
3278 0.4173866132336118 0.1146471776863178 0
3279 0.29159312404563 0.08233476023001579 0
3280 0.285280592204038 0.09034767100266498 0
3281 0.2525099692470327 0.05820895069311351 0
3282 0.2464994668440865 0.05818551225475404 0
3283 0.2585569084462961 0.05893572349313405 0
3284 0.9643432457942025 0.1379599522048753 0
3285 -1.917613494515709 0.3636593435141291 0
3286 -1.76213291704387 0.7626232979056019 0
3287 0.281736316614965 0.08143093802597529 0
3288 0.2753801602973095 0.0882788755895927 0
3289 0.2782186577493996 0.0989317491687942 0
3290 0.2659775845837614 0.09496103657902365 0
3291 0.2694501641717475 0.1085118139782499 0
3292 0.2565743112320997 0.1044499378051065 0
3293 0.2537101005442693 0.09118686558978571 0
3294 0.243845286548643 0.1003025683624843 0
3295 0.2416787753431199 0.08633712390024109 0
3296 0.231681540164873 0.09601331349818569 0
3297 0.2304493890060289 0.08413013334649487 0
3298 0.2202245621471705 0.09130803101975001 0
3299 0.2222461358771262 0.1045043741294375 0
3300 0.2094106219835304 0.09955874856037285 0
3301 0.2127589839789794 0.116265067228112 0
3302 0.1961794972182263 0.1093777195442581 0
3303 0.1985444905520944 0.1279045337869516 0
3304 0.1810536901867489 0.1206102515049024 0
3305 0.1790519814767049 0.1016773923860851 0
3306 0.1643073191357142 0.112762563019412 0
3307 0.1652301261602586 0.1319660349731998 0
3308 0.161803068627032 0.09434449109433056 0
3309 0.1490775700759525 0.1051983766457091 0
3310 0.1439678711312727 0.04792346567647789 0
3311 0.1500361108678182 0.04949679820281459 0
3312 0.1380144704929995 0.0464248948308449 0
3313 0.1464355767285971 0.09020197037444415 0
3314 0.111780244254368 0.03941234654459964 0
3315 0.134840456645844 0.09866335108350978 0
3316 0.1060152134734202 0.03744446071006081 0
3317 0.1175717771289657 0.04128948429814388 0
3318 0.1325761326837094 0.08276358672667755 0
3319 0.1215852342235581 0.092028465469371 0
3320 0.1192307744653022 0.07874353551527646 0
3321 0.108832840231469 0.08619802498852638 0
3322 0.107527878473418 0.07361493066485776 0
3323 0.09670657175994077 0.08062320509080581 0
3324 0.08616261810152168 0.0295483366365926 0
3325 0.08044755991497039 0.02664200777142356 0
3326 0.09679115406436004 0.06804383929827448 0
3327 0.08431847289177331 0.07344896941589438 0
3328 0.08492680721463169 0.08883142869650662 0
3329 0.07142235092104113 0.08230646093625604 0
3330 0.07157589514682049 0.06573316621423914 0
3331 0.0568027167029915 0.07413233901544126 0
3332 0.057101410492025 0.09219176176401594 0
3333 0.04004363079197655 0.08218945429340352 0
3334 0.03961557958418079 0.103321846028084 0
3335 0.02132397093603736 0.09140642225689714 0
3336 0.02270455433302136 0.06862536535695939 0
3337 0.004507003962042399 0.07838918915068151 0
3338 -0.003669167685602987 -0.006867688111279329 0
3339 -0.01079288997565084 -0.01231946185775478 0
3340 0.003273530047273555 -0.001176547242231246 0
3341 0.02479953621919186 0.01113919316271209 0
3342 0.004637068084479495 0.05892273955526352 0
3343 -0.01115416723223003 0.06685388717740449 0
3344 -0.009254401469793297 0.04841290218197192 0
3345 -0.02662389576749487 0.05668000126075934 0
3346 -0.02454122448026037 0.03950124690890427 0
3347 -0.02935965412702668 -0.02752656752999368 0
3348 -0.0362443553341675 -0.03333452354893768 0
3349 -0.04008553801710236 0.0459671162872211 0
3350 -0.03803507885966464 0.02831356700424831 0
3351 -0.05418366033572598 0.0356305580863257 0
3352 -0.0532027523040906 0.01632796468743865 0
3353 -0.06878676776605219 0.02542106575961422 0
3354 -0.06876178192638815 0.007279514304068826 0
3355 -0.08414330327497785 0.01503504068127436 0
3356 -0.08219520624300276 -0.002021181410306049 0
3357 -0.09957746750702143 0.004985507285682451 0
3358 -0.09640650012984045 -0.01438575883431611 0
3359 -0.1153080639581627 -0.006147624858126604 0
3360 -0.0859342074290394 -0.09385748955050875 0
3361 -0.08247506167593992 -0.08509298241154487 0
3362 -0.07775794770103497 -0.07707736001244349 0
3363 -0.1122123502607383 -0.02538000608522472 0
3364 -0.130203528954683 -0.01807102449000964 0
3365 -0.07135262758633795 0.04471782336819997 0
3366 0.05806187970338694 0.0592430899159692 0
3367 -0.02478271278674226 -0.02363651555803113 0
3368 0.008095701737024586 0.002357730886388191 0
3369 -0.1176952615621064 0.01448730721298925 0
3370 0.05954879868799207 0.1142482319817026 0
3371 0.1222269695635476 0.1077076857350656 0
3372 -0.09581458653938396 -0.03218834284798371 0
3373 -0.1091304706333508 -0.04209160000430269 0
3374 0.2088605701095226 0.0876070954013884 0
3375 0.03370170111890378 0.01431467306433827 0
3376 0.01858302350545007 0.008679834435547536 0
3377 0.2982966741047688 0.1041088526787562 0
3378 -0.06621341685237592 -0.009670618645355627 0
3379 0.005477823992119704 0.0438526103928653 0
3380 -0.03780012970889088 0.01346312227934109 0
3381 0.1742557345988046 0.08635475335212113 0
3382 -0.0957680126840455 -0.04821942555674995 0
3383 -0.1071154184864885 -0.05634280769691385 0
3384 -0.1206109504740425 -0.05182436183928733 0
3385 -0.1175806266500271 -0.06525031108177035 0
3386 -0.1323454449722741 -0.06089491876715941 0
3387 -0.5632365676945076 -0.05996236078072174 0
3388 -0.6936861945319417 -0.1058152197553034 0
3389 -0.5883935368307438 -0.1887037819173927 0
3390 -0.4765312823706549 -0.1530305668716384 0
3391 -0.4782635051960588 -0.2644822854323581 0
3392 -0.6062183236681489 -0.3157368578498779 0
3393 -0.08530489753694487 -0.04099279564847137 0
3394 -0.06438972185002002 -0.06050918400254814 0
3395 0.246728137092392 0.1141105602974866 0
3396 -0.03311330004254411 0.07733490413357098 0
3397 0.002128482545584838 0.09897315452525386 0
3398 1.089885765672066 0.04463407169234379 0
3399 1.117069471497442 0.03606806824077412 0
3400 0.03812242983501181 0.1281584313920839 0
3401 -0.1055746497910206 -0.06975780352517817 0
3402 -0.1142339532770715 -0.07725704447293862 0
3403 0.06913416705197743 0.05235100398170082 0
3404 0.05958261643298968 0.04696877519168931 0
3405 0.06923167860555007 0.0244768893019052 0
3406 -0.8402830344410135 2.077827878730277 0
3407 0.1448026886176447 0.07565831053692335 0
3408 -0.2860796202821752 0.1109713517650829 0
3409 0.2734384544724102 0.07902935489434114 0
3410 0.5380133276039273 0.2754135827772988 0
3411 0.5096623497179269 0.3297022912088314 0
3412 0.573077535102264 0.3240688960837615 0
3413 1.091678892349216 -0.06482484928545967 0
3414 1.102489231295984 -0.06989158259957998 0
3415 1.112586166377388 -0.06566389877496134 0
3416 1.11094364526756 -0.07680855587037902 0
3417 1.082002200970056 -0.05975475900980068 0
3418 -0.2342872667543116 0.05850151479313194 0
3419 -0.2978302793704606 0.04567955714602911 0
3420 -0.25789254147989 0.002332322411000985 0
3421 0.1179279520332205 0.06581270482329778 0
3422 -1.351455938264744 1.935605036332577 0
3423 -0.1025496543548771 -0.08033115485298176 0
3424 -0.1107630182897165 -0.08771269570844646 0
3425 -0.1214468521021417 -0.08565925339948684 0
3426 0.3333400636287641 0.1134646419122843 0
3427 0.465715928235267 0.0867202502713611 0
3428 0.4748332451686791 0.08486434066734293 0
3429 2.608452661014451 0.2164888611055735 0
3430 0.2504335664575122 0.0801782609866357 0
3431 -0.0843257102256823 -0.05134764470348316 0
3432 -0.07533309754056702 -0.04590539918144482 0
3433 -0.0516834892502882 -0.0476382361360008 0
3434 0.4266102211081565 0.0843661525755009 0
3435 -0.09553331460573014 -0.07307583087247607 0
3436 0.9442480333966312 0.03180690826070574 0
3437 0.954369555283926 0.0289601472627282 0
3438 0.9346438929446658 0.03422841309292219 0
3439 0.931250225095851 0.04377594390408551 0
3440 0.9245774706696386 0.03552712286288096 0
3441 0.9215515080730828 0.04428824517816173 0
3442 0.9159746643456158 0.03772863799609687 0
3443 0.9127104177531626 0.04520545004469237 0
3444 0.9268609273543771 0.05253887681759641 0
3445 0.9068814846475403 0.03789265283328971 0
3446 0.9041963849285307 0.04577025932780661 0
3447 0.8989867057395214 0.04025191022214666 0
3448 0.8958415001483271 0.04688317556299022 0
3449 1.101259223382513 -0.08037695641104878 0
3450 1.109653838280296 -0.087007931530018 0
3451 1.118925350602338 -0.08347665803235353 0
3452 1.116549032105022 -0.09311940949940216 0
3453 1.126657401796314 -0.09251427150779533 0
3454 1.129227550615645 -0.0795727508611072 0
3455 1.137618489858576 -0.08791318067654942 0
3456 1.141137580733116 -0.07495963535691372 0
3457 1.15158862383779 -0.08672528405209991 0
3458 1.134590463104974 -0.09890566443859936 0
3459 0.4508873584556271 0.6286144826283485 0
3460 0.3246627520128625 0.7499506137121889 0
3461 -0.3121794961133122 -0.0136331912935467 0
3462 -0.2678946023400639 -0.04838187670605198 0
3463 -1.960454332976227 -0.1153440563852489 0
3464 0.5475380750765056 0.3866924086421625 0
3465 0.6261849488659271 0.3794146617860489 0
3466 0.4756280575946268 0.3920659977392051 0
3467 0.8909923597314986 0.03985910494817409 0
3468 0.8861330733687057 0.04710727361294171 0
3469 0.8726163556026957 0.03357151135674618 0
3470 0.8925024267894882 0.05492364874459396 0
3471 0.883350013275286 0.05561151927533514 0
3472 0.8792986151264761 0.04983014295132068 0
3473 0.8738593988770952 0.05481407357751162 0
3474 0.8793785620355381 0.0642587860094868 0
3475 0.8692364771833622 0.06389018923323619 0
3476 0.8643149430488998 0.05547356756976253 0
3477 0.8594295279813839 0.0634332919527353 0
3478 0.8544686343337603 0.05455287710957648 0
3479 0.8501319434629194 0.06264282945064789 0
3480 0.8456064128596446 0.05575160511632215 0
3481 0.8413471452087072 0.06213323912775541 0
3482 -0.2240423736272101 -0.03459022006840353 0
3483 -0.2353423339979275 -0.07827886128903518 0
3484 -0.2762088553492517 -0.0954221328514281 0
3485 -0.2331236607083731 -0.1230245586479303 0
3486 -0.2814277314762346 -0.1439331149173372 0
3487 -0.2431560403039505 -0.1712581543848234 0
3488 -0.06006663948751452 -0.1188626120236252 0
3489 -0.05091554069978435 -0.1174350439439559 0
3490 -0.07873875865115458 -0.1145910549009209 0
3491 -0.1165117083657007 -0.09755141953638689 0
3492 -0.08614584469684726 -0.1072289050263754 0
3493 -0.04485051409584991 -0.1163447112418756 0
3494 -0.2032236055519038 -0.1561108399283004 0
3495 -0.2088127921623603 -0.1946111137958307 0
3496 -0.1727802811390654 -0.1789115126087902 0
3497 -0.1779979955634823 -0.2157378788560175 0
3498 -0.1448963612223385 -0.2026838286688676 0
3499 -0.1490724222287338 -0.2362803281850133 0
3500 -0.1188921753317655 -0.2212505625309736 0
3501 -0.1098786222791833 -0.2565152078428128 0
3502 0.08980182505437088 -0.1346665151951003 0
3503 -0.1835728079683925 -0.2529391371496581 0
3504 -0.129512165353625 -0.09439561257865929 0
3505 -0.1252851443528974 -0.1060038937507193 0
3506 -0.1144249951456613 -0.1880516938990225 0
3507 -0.09264247943324387 -0.2068759747510828 0
3508 -0.08939953391019678 -0.181409020140227 0
3509 -0.07020004322854116 -0.1968803349978299 0
3510 -0.07057658854829058 -0.2215066218790925 0
3511 -0.04845108402866394 -0.2089448774914006 0
3512 -0.05060540670642145 -0.1837503060179304 0
3513 -0.02785367156687317 -0.1959246200318217 0
3514 -0.02555617068969003 -0.2206582412905713 0
3515 -0.003180402108991949 -0.2064496480291576 0
3516 -0.0004479778637795541 -0.2352626163000652 0
3517 0.02454710359630874 -0.2175692623810319 0
3518 0.02958247684400138 -0.2515483017315448 0
3519 -0.008454158008661023 -0.2707043162535164 0
3520 0.03461776382475744 -0.2935012351782909 0
3521 -0.005157078809465687 -0.3163431472191535 0
3522 0.04260643295125766 -0.3448028719194497 0
3523 0.07467813734053816 -0.2592823567355997 0
3524 -0.03028533646789366 -0.1742526702301239 0
3525 -0.04548976295396714 -0.1641802718703362 0
3526 -0.06968364752447717 -0.1183149059811811 0
3527 -0.1392610213670511 -0.1041053613696877 0
3528 -0.03164661434179188 -0.1565663731257304 0
3529 -0.01668324099993595 -0.1631387323289369 0
3530 -0.1137890429187306 -0.1091539891912376 0
3531 -0.1211742165607586 -0.1172818689584944 0
3532 -0.1095763189718937 -0.1188630489844815 0
3533 -0.1170193074336377 -0.1279453771806133 0
3534 -0.10548432073973 -0.130528801411731 0
3535 -0.1318046057362042 -0.1260489683298598 0
3536 -0.04502008571224105 -0.1475977988741076 0
3537 0.05047050135823605 -0.1282974509489081 0
3538 -0.246385178493741 -0.2153169621105615 0
3539 -0.0564169603348801 -0.154511241208323 0
3540 -0.03346177995625167 -0.1428018260375953 0
3541 -0.02067759805361542 -0.1205501167403773 0
3542 -0.01462475352704865 -0.1216953901911309 0
3543 0.008027610609437701 -0.1249399778503072 0
3544 -0.05626225539505052 -0.1425848128218307 0
3545 -0.06575411192372588 -0.1472110690946023 0
3546 -0.1130839457694767 -0.1392977506310326 0
3547 -0.1016905839478055 -0.1414129668150921 0
3548 -0.09390238409659717 -0.1313842956042564 0
3549 -0.06402101338317855 -0.1363952883428224 0
3550 0.1135793418328403 -0.1388111706799963 0
3551 0.09613189376000075 -0.1602354301514142 0
3552 0.1276951336981186 -0.1653010373675792 0
3553 -0.05520670003620293 -0.1324223725998416 0
3554 -0.1439408979453532 -0.08973046668636328 0
3555 -0.1568938484703631 -0.1021721310288166 0
3556 -0.07592437816049043 -0.03622169702402608 0
3557 -0.06819135593718509 -0.04039565531457719 0
3558 -0.01901241464179583 -0.1266314435794656 0
3559 -0.1620860505027561 -0.08262751452001232 0
3560 0.04525689468952403 0.01804446136162484 0
3561 0.0501055598116292 0.02191302378647633 0
3562 0.0428321408867816 0.02478179374706165 0
3563 0.8380395676865509 0.05403079456362118 0
3564 0.8323144149029587 0.0599665366422202 0
3565 0.8365578454311025 0.06964695623911926 0
3566 0.8270099520601361 0.06831683384136468 0
3567 0.830446212969068 0.07822480412961992 0
3568 0.8231378080253623 0.0598767061774052 0
3569 0.8177788412637566 0.06691814193718178 0
3570 0.8153607306562762 0.05879974283365438 0
3571 0.8085864680500929 0.06407480606700731 0
3572 -0.101448083174492 -0.08951906678644357 0
3573 -0.1034087727595341 -0.1103576517653232 0
3574 0.4028148574731543 0.08199177385685923 0
3575 -0.07310617764132375 -0.1407544708674867 0
3576 -0.01182069747413992 -0.1283119295458992 0
3577 0.3201862417177111 0.07968340249323681 0
3578 -0.02575618701463616 -0.1245936652943336 0
3579 0.3922305522752815 0.1139147431618397 0
3580 1.082154677469145 -0.06858077476095663 0
3581 1.074983245238792 -0.06471440131849719 0
3582 1.073700123051177 -0.05672450844819324 0
3583 -422.7044179298982 27.31684045612047 0
3584 0.3799687776669732 0.07976923485361527 0
3585 0.02054269442617574 -0.1871217583368833 0
3586 -134.4024147189454 -401.351976866112 0
3587 -2.375575447607412 0.2364773529334027 0
3588 -2.49170588517332 -0.3066097706912502 0
3589 0.06929993627600405 0.04165824373945196 0
3590 0.0771585080923769 0.04600160982217373 0
3591 0.06111592582688459 0.03704670124214453 0
3592 0.05151344871222602 0.04178584515209292 0
3593 0.8119355404804323 0.07434459858967513 0
3594 0.8023156939700367 0.07194133713708507 0
3595 0.7992452480278019 0.06308028674544439 0
3596 0.7930696624043356 0.06956747630940628 0
3597 0.7908648972672829 0.06084074806835364 0
3598 0.78497292040647 0.06710337738114511 0
3599 0.7867274530673589 0.07632225955990304 0
3600 0.7769437786373127 0.07191612623423554 0
3601 0.7793749567310803 0.08314713173271734 0
3602 0.7691231357265834 0.07958787799873089 0
3603 0.7667810603377979 0.06966689769245264 0
3604 0.7593272282792656 0.07592364047573912 0
3605 0.7585536051324954 0.06671543778218915 0
3606 0.7504421025347738 0.07115315023579415 0
3607 0.7515468676851647 0.08163453297375627 0
3608 0.7427574786436707 0.07735267009933529 0
3609 0.7415090832997417 0.0679151373319842 0
3610 0.7341312776836105 0.07300933172156786 0
3611 0.7344984159566362 0.08296417363847558 0
3612 0.7246626492638455 0.07660773393749788 0
3613 0.7253119870946969 0.08819420983905384 0
3614 0.7155909754189834 0.08264322152018459 0
3615 0.7156617209350247 0.09447655458847987 0
3616 0.7056801481444249 0.08818387982403258 0
3617 0.7064134412367419 0.07817887523009737 0
3618 0.6964335753773029 0.08082072584189412 0
3619 0.695172040363738 0.0927466195880885 0
3620 0.6864882225103585 0.08572333648548884 0
3621 0.6872241799612246 0.07571937498309551 0
3622 0.6775784778309678 0.07874815120193643 0
3623 0.6762348716216225 0.08926713878188071 0
3624 0.6682016740773349 0.08295234742651082 0
3625 0.6660566518020954 0.09256438828877354 0
3626 0.6585344042378281 0.08520924569903658 0
3627 0.6616773983524972 0.076046152238352 0
3628 0.6512106600144792 0.07764824871766608 0
3629 0.6487254719589808 0.08728004309591111 0
3630 0.6421723731718461 0.07964698123416838 0
3631 0.6390343774329528 0.08920643301942634 0
3632 0.6327424079950676 0.0818494813383369 0
3633 0.6291983047763887 0.09109397321704989 0
3634 0.6225563813439475 0.08244450775725981 0
3635 0.6806300718297971 0.07033471554398327 0
3636 0.6190178003353547 0.09328178682526786 0
3637 0.6127405433124212 0.08511982071550356 0
3638 0.6151046127543931 0.07663540792309546 0
3639 0.6063082779583654 0.07696411529773103 0
3640 0.6030865071500863 0.08602215826458016 0
3641 0.5976457057682797 0.07886008229574332 0
3642 0.5941327356823639 0.0870100812017532 0
3643 0.5885564613997569 0.07862354133007829 0
3644 0.5850984202981243 0.08758445551595019 0
3645 0.5796304981024855 0.08037971517686347 0
3646 0.5761090343966905 0.08852659838434448 0
3647 0.5711443881764386 0.08161916910276402 0
3648 0.5669524143018477 0.08965775774699764 0
3649 0.5618667109648217 0.08129285610384218 0
3650 0.5576328780672578 0.09041293118962666 0
3651 0.5519354573041954 0.08281312359988843 0
3652 0.548086789253903 0.09142174685056909 0
3653 0.5421295389943622 0.08278867099807508 0
3654 0.5385204484689143 0.09212802642573641 0
3655 0.5323565422008749 0.0830018447959379 0
3656 0.5287705264496017 0.09308321411496828 0
3657 0.5235498483880028 0.08485917987739207 0
3658 0.5723456421406411 0.09783724770608962 0
3659 -0.07130920454690141 -0.1320960165811304 0
3660 0.7270897954349792 0.06794670209350902 0
3661 19.94316785675711 7.954798770355557 0
3662 15.98854190497928 9.627983484405844 0
3663 0.6457394630206978 0.09723278703342564 0
3664 0.9710279822243799 0.6970312770927803 0
3665 0.90054519601021 0.5433293044484199 0
3666 1.050657396218619 0.557925221688288 0
3667 0.9831312126559072 0.437991160339756 0
3668 1.110183294929475 0.4431650151755082 0
3669 1.057872346338302 0.3332054834459984 0
3670 1.164962414934307 0.3446389554653284 0
3671 1.122621199973388 0.255140502177256 0
3672 1.210753964310219 0.2620326961919273 0
3673 1.111758214308152 0.0672813857093658 0
3674 1.144693420311943 0.0558027196688719 0
3675 1.141517645563798 0.09620504524917238 0
3676 1.183273633602748 0.07778395489413058 0
3677 1.096161366606376 0.1041468494569471 0
3678 0.9625415409157351 0.3196381616629216 0
3679 1.26334317316801 0.3435198076386787 0
3680 1.305474321261784 0.2373217346847307 0
3681 1.374488242748203 0.3451708323743212 0
3682 1.425008701297552 0.2413017258517605 0
3683 1.367731059014352 0.1469554021637584 0
3684 1.472420586205283 0.1411716331263473 0
3685 1.409736106319579 0.06154222481122389 0
3686 1.508269512355765 0.02753653137219444 0
3687 1.141797320401513 0.02304623277813244 0
3688 1.585475846617636 0.1323847926694874 0
3689 1.629418247036267 0.02167470948533938 0
3690 1.558346840049097 -0.07674335694999036 0
3691 1.668578364525853 -0.09335175106201196 0
3692 1.588537155593546 -0.1822226639476443 0
3693 1.476483781375799 -0.1578057668918523 0
3694 1.512066085332152 -0.2572793161217506 0
3695 1.614138797654737 -0.2922266142078359 0
3696 1.417974979415482 -0.2404091995285824 0
3697 1.445384507515961 -0.3231140293943497 0
3698 1.363491621029157 -0.3035603970992555 0
3699 1.386629949772765 -0.384032291722072 0
3700 1.310870167740432 -0.3554283112429552 0
3701 1.315458957112671 -0.4419469761501626 0
3702 1.416760474422574 -0.469795834586929 0
3703 1.347396843918554 -0.5403210589780024 0
3704 1.24923215742578 -0.5165914479113 0
3705 1.272303979130808 -0.6188993019798222 0
3706 1.340153314562002 -0.2342783149367432 0
3707 1.45608204040187 -0.5755046360984074 0
3708 1.76715135057562 0.007360827378039496 0
3709 1.815177558973685 -0.1389553267241935 0
3710 1.932292724522864 -0.01653849424103151 0
3711 1.990510661973803 -0.2017795391800076 0
3712 0.2995017104653452 0.07669421355099774 0
3713 1.067369146886124 -0.06163843563957653 0
3714 1.059415822980959 -0.07010665165178966 0
3715 0.3574565534096728 0.9192488571765548 0
3716 0.07298765099693853 0.02628115787091624 0
3717 192.8380011005828 -381.0121082779605 0
3718 -0.8325414485417509 -0.006783971156760345 0
3719 -0.8464014154499215 -0.1741391611800852 0
3720 0.9474687648964728 0.02327100078748406 0
3721 0.955242151884327 0.01950818877153435 0
3722 -0.07509265528367766 -0.150916346680445 0
3723 -276.6990529272398 320.8852879953915 0
3724 348.6242636473592 -262.4971682094091 0
3725 0.4691561400562864 0.0784007563690028 0
3726 0.4617514495934787 0.07851062912172001 0
3727 0.479727617388564 0.07770294638063799 0
3728 0.4837085465911076 0.08448043311288626 0
3729 0.4871578721972668 0.07661231929390165 0
3730 0.4913785281137152 0.08306406232699422 0
3731 0.3596958820934229 0.07728766047976543 0
3732 0.9631339184409545 0.02592895117511757 0
3733 0.9634190348509859 0.0169756581500467 0
3734 4.652409653084864 -2.879714243362329 0
3735 4.015237363815181 -3.690266242712178 0
3736 1.846937702236038 1.498151861319817 0
3737 0.771125129282814 0.09156211468008622 0
3738 -1.18588092284047 0.8520097120275256 0
3739 0.4940061154725878 0.0758938016424523 0
3740 0.4987108251070976 0.08175132470310567 0
3741 0.6874398276770955 0.06693925912499218 0
3742 -0.06786052848244611 -0.0323923764572595 0
3743 -0.06017490205362398 -0.03690061003943369 0
3744 -0.06039479028287505 -0.0288732623757006 0
3745 -0.05378053435660774 -0.03321905453699305 0
3746 -0.05354562997689889 -0.02559254947888458 0
3747 -0.04739917905362737 -0.04341028741563315 0
3748 -0.07547335044090872 -0.05467142612361533 0
3749 -0.08201887783367526 -0.05945512445176142 0
3750 0.5263155415972549 0.07702974139713185 0
3751 0.5194344487383181 0.07782138315538994 0
3752 0.5141520377987785 0.0849329227485672 0
3753 0.6353754278523157 0.07352453589341922 0
3754 -59.87654197712752 21.57014941088759 0
3755 -73.07698449552298 30.93563959488324 0
3756 -75.47214225052851 13.25176492509731 0
3757 0.7833591167615186 0.05955972185002829 0
3758 -8.590392152938401 65.76227793773266 0
3759 -6.788885029577583 82.60752299644216 0
3760 -22.53404387276229 76.4490391624951 0
3761 -0.04732626731952464 -0.02907892697148897 0
3762 -0.04707595782201439 -0.02242850346591084 0
3763 109.7597338453012 -88.65272669383873 0
3764 1.108079721892806 -0.09624014789429906 0
3765 1.11385580416487 -0.1010474923881639 0
3766 0.04918678779017359 -0.2001582965353134 0
3767 -186.9555894603052 382.7004217812786 0
3768 -162.4271259729318 387.5330689801334 0
3769 0.9423971252969946 0.06953610206630985 0
3770 -0.1795667524228401 0.07667627924314253 0
3771 0.9281503805821273 0.02837036881386809 0
3772 1.066401008274285 -0.05407351345076813 0
3773 0.279518662468494 0.07337486824731365 0
3774 0.2709047600368923 0.07066749340710109 0
3775 -0.1087683458072814 -0.1519210091609322 0
3776 -0.1203793064826368 -0.1495440430811979 0
3777 0.7650131407115024 0.06075747162908848 0
3778 412.4288123594798 -72.94582679533768 0
3779 347.505114750636 -196.0713443502599 0
3780 363.954538248997 -214.897295303301 0
3781 371.4509284403234 -58.95246455934981 0
3782 264.6752676797576 30.3446798395929 0
3783 272.7543041820754 54.00327593475908 0
3784 256.3048771969378 72.82922483144313 0
3785 -175.6716591721757 -321.2155340812296 0
3786 -316.5115274877033 70.30602534865699 0
3787 -3.681060779528124 -353.5301447788636 0
3788 -380.8524655192182 -185.1058845019512 0
3789 -251.2965275362577 127.2885121258197 0
3790 -177.7113698205292 141.7876350479618 0
3791 -341.0399909727419 65.4733781493386 0
3792 322.1025851374985 -2.474570755294784 0
3793 314.02354863519 -26.13316685046538 0
3794 297.5741216500488 -7.307217953781667 0
3795 168.3095376131351 -385.8447554764496 0
3796 158.7938152695023 -78.87345322351301 0
3797 150.7059187586034 -102.4962425687873 0
3798 175.2283762123395 -97.63622960390342 0
3799 -348.5363195117106 -90.47150012067539 0
3800 387.3175851170057 54.50791583201477 0
3801 403.7670121021445 35.68196693532988 0
3802 -242.0520806579433 -113.62545438574 0
3803 191.9639391589959 -182.5826850169395 0
3804 200.0429756613036 -158.9240889217699 0
3805 216.4924026464421 -177.7500378184548 0
3806 -234.5557465333625 42.31942194907692 0
3807 -226.4767100302806 65.97801804397834 0
3808 -275.2422859411421 -9.830416429535395 0
3809 208.9960741051797 -333.6949160876739 0
3810 225.4455010903228 -352.5208649843457 0
3811 -201.6750506291244 4.673826851150668 0
3812 -94.00723220627953 -283.0589963870875 0
3813 -110.456659192279 -264.2330474928318 0
3814 -85.9281957049467 -259.4004002946687 0
3815 -4.256514876789383 -221.223401838573 0
3816 370.5768041513432 139.4770058157241 0
3817 395.1052676387893 144.3096530142092 0
3818 378.6558406536504 163.1356019108939 0
3819 -145.9776989878059 368.7071200835097 0
3820 -137.8986624853854 392.3657161781096 0
3821 -121.4492355002307 373.5397672813396 0
3822 -113.370198997901 397.1983633763999 0
3823 -96.92077201275647 378.3724144796822 0
3824 -88.84173551044374 402.0310105748284 0
3825 66.69943589706666 388.5423487738607 0
3826 74.77847239937441 412.2009448690302 0
3827 50.2500089119284 407.3682976705453 0
3828 233.5245375926266 -328.862268889187 0
3829 249.9739645777649 -347.6882177858726 0
3830 132.2057898570974 379.3816942741443 0
3831 140.2848263594054 403.0402903693142 0
3832 156.734253344543 384.2143414726283 0
3833 258.053001080072 -324.0296216907043 0
3834 411.8460486044519 59.34056303049981 0
3835 428.2954755895908 40.51461413381509 0
3836 -143.064159182242 -292.7242907870727 0
3837 -137.0247581533698 193.9370928791147 0
3838 -251.8792354625267 259.574794123369 0
3839 135.1193296623184 -282.0497165961029 0
3840 -102.3776226902474 -240.5744513984419 0
3841 -126.9060861778034 -245.4070985972357 0
3842 224.5714391487498 -154.0914417232851 0
3843 241.0208661338882 -172.9173906199701 0
3844 -118.8270496754772 -221.7485025020145 0
3845 -405.9636369642958 -57.65224952756828 0
3846 -430.4921004516019 -62.48489672610089 0
3847 126.748939179488 -239.5651716042478 0
3848 -373.3561369771394 -29.16100623301484 0
3849 -323.4251480600319 -217.9251350973447 0
3850 -331.5041845604036 -241.5837311931852 0
3851 330.4729757835355 -44.95911586446398 0
3852 -211.1926989688484 311.7246335039889 0
3853 -306.9757210731466 -236.7510839946355 0
3854 -315.0547575751633 -260.409680089906 0
3855 -339.5832210625608 -265.2423272884071 0
3856 -323.1337940773976 -284.0682761851011 0
3857 -290.5262940877003 -255.5770328914278 0
3858 -85.34548774415727 -391.6866824694364 0
3859 -93.42452424646167 -415.345278564598 0
3860 -68.89606075902968 -410.5126313661525 0
3861 -72.39230852530396 383.2050616781337 0
3862 -64.31327202299468 406.8636577732977 0
3863 -47.86384503785615 388.0377088766099 0
3864 -39.78480853554775 411.6963049717781 0
3865 -23.33538155040946 392.870356075092 0
3866 -15.25634504810136 416.5289521702612 0
3867 -422.4130639492853 -38.8263006309344 0
3868 208.1220121636117 -135.265492826601 0
3869 1.193081937036867 397.703003273576 0
3870 9.272118439344855 421.3615993687451 0
3871 0.5014926699923297 0.07555152857059716 0
3872 403.1843041410965 167.9682491093791 0
3873 386.7348771559575 186.7941980060637 0
3874 362.2064136685115 181.9615508075785 0
3875 370.2854501708187 205.6201469027483 0
3876 345.7569866833727 200.7874997042633 0
3877 353.83602318568 224.4460957994331 0
3878 329.3075596982339 219.6134486009479 0
3879 337.3865962005411 243.2720446961179 0
3880 312.8581327130951 238.4393974976328 0
3881 320.9371692154023 262.0979935928027 0
3882 296.4087057279562 257.2653463943176 0
3883 304.4877422302634 280.9239424894874 0
3884 279.9592787428176 276.0912952910026 0
3885 288.0383152451247 299.7498913861723 0
3886 263.5098517576789 294.9172441876877 0
3887 271.5888882599861 318.5758402828573 0
3888 247.0604247725401 313.7431930843726 0
3889 255.1394612748474 337.4017891795422 0
3890 296.1173517474321 323.4084874813421 0
3891 230.6109977874016 332.5691419810576 0
3892 238.6900342897088 356.2277380762272 0
3893 214.1615708022629 351.3950908777424 0
3894 0.9105079755451109 0.05535705721305084 0
3895 0.8593922409846043 0.04771659309148236 0
3896 -0.0172609367098866 -0.1338818461729661 0
3897 -0.008380314729752916 -0.1365547040266796 0
3898 0.1074617880901753 -0.1908580968384295 0
3899 0.1452596385004742 -0.1970590907139382 0
3900 0.5746765718790633 0.07421823725198257 0
3901 -0.3235873609226178 -0.1148953804903902 0
3902 -0.3328933283503494 -0.1737715473358105 0
3903 23.17077244723326 -17.63542291235625 0
3904 17.52183217017432 -20.73877129119722 0
3905 -0.07661636537644352 -0.02701097681702845 0
3906 0.2860775769090279 0.6007562673841094 0
3907 0.1719040351057595 0.7075284549950305 0
3908 0.5474007283218404 0.07621899212678081 0
3909 -216.3581956642387 -373.3653734700523 0
3910 -1.10256094659668 16.90405764571778 0
3911 2.229608033206335 14.81171266691706 0
3912 2.113647300900237 19.20804126307408 0
3913 -0.06527299744716469 -0.1286719912280139 0
3914 345.2859695885319 266.9919929041874 0
3915 -0.09665466245127471 -0.06455249512736791 0
3916 58.32904541423622 431.0268937657152 0
3917 0.6546385008548654 0.0699919921141096 0
3918 1.323489367794174 0.06659222859742008 0
3919 1.354130378987601 -0.002969745386017433 0
3920 1.280240087504901 -0.003792075611538485 0
3921 1.309939873923609 -0.05371710671017746 0
3922 1.259387949944781 -0.05511989451671553 0
3923 1.278903374260861 -0.09236006304376489 0
3924 1.235167102060636 -0.08966487895989364 0
3925 1.253535942760023 -0.1229976352264966 0
3926 1.221267602445307 -0.1216131920313904 0
3927 1.233909185100183 -0.1469679050994243 0
3928 1.204603896538211 -0.1435679917079999 0
3929 1.132339276448862 -0.1437017696125321 0
3930 1.217298760567154 -0.1673332352540482 0
3931 1.191057148221585 -0.1648579118290996 0
3932 1.203329554548158 -0.1865506837428916 0
3933 1.18091425418023 -0.185275679633 0
3934 1.190932394724358 -0.205001849809907 0
3935 1.168835476754707 -0.2026407785281177 0
3936 1.178344021764275 -0.2236433261178878 0
3937 1.154296199719806 -0.2199226203435681 0
3938 1.089299348987462 -0.1503129592465761 0
3939 1.165249367696847 -0.244116585685826 0
3940 1.09901481812085 -0.1528356270756966 0
3941 1.091492855042136 -0.159036302143341 0
3942 1.101474197682097 -0.1623893749802491 0
3943 1.094446235277558 -0.1705956371565534 0
3944 1.083190461038674 -0.1675590970824204 0
3945 1.086311356716319 -0.1806828442725024 0
3946 1.071133806775487 -0.1752666259418452 0
3947 1.075722079894566 -0.1926281198735834 0
3948 1.024522224197165 -0.1518108835752066 0
3949 1.105299519078125 -0.1719509964369175 0
3950 1.185899261080041 -0.1480853026100945 0
3951 1.160585937563272 -0.1839035357506607 0
3952 1.204139091320835 -0.2264132440828704 0
3953 1.058444398983936 -0.188653795628167 0
3954 1.063222334107426 -0.2086761877626912 0
3955 1.094599163419122 -0.1965407241261711 0
3956 1.111880122768412 -0.1633687479373631 0
3957 1.115419009848941 -0.1729166680650898 0
3958 1.12170282913065 -0.1656867635648611 0
3959 1.124909904819671 -0.1739890435201071 0
3960 1.13014609944595 -0.1670036083600676 0
3961 1.223607337714389 -0.05646649281762325 0
3962 1.156168619696678 -0.06871706252157879 0
3963 1.22760427082848 -0.1904634297828598 0
3964 1.118926313621503 -0.1827829686700206 0
3965 1.322836347733861 -0.101772577508522 0
3966 1.130245708931725 -0.1840404320093318 0
3967 1.12277276512511 -0.1944543311818323 0
3968 1.16939485116707 -0.08072630816907764 0
3969 1.164778487415046 -0.0992385228538885 0
3970 1.133983673945073 -0.1406669637822182 0
3971 1.126952426510849 -0.1590271841338838 0
3972 1.134820669646152 -0.1605739420793022 0
3973 1.1382545747835 -0.1675937325574436 0
3974 1.142530630864605 -0.1610011249231907 0
3975 1.061260312808834 -0.1491047242038882 0
3976 1.138826550068647 -0.1538564623492908 0
3977 1.146541426658812 -0.1545208360218263 0
3978 1.143258573419311 -0.1472159458962516 0
3979 1.150405746323606 -0.1482784395854271 0
3980 1.147870163690194 -0.1414708837610029 0
3981 1.155121636353634 -0.1547330853659927 0
3982 1.155046168889985 -0.1419163054959074 0
3983 1.151574026104738 -0.134746708411861 0
3984 1.15991958479656 -0.1348735076689221 0
3985 1.155529242462391 -0.1269408466205464 0
3986 1.14621454754661 -0.1274206572906782 0
3987 1.166326808800813 -0.1237227320330411 0
3988 1.265576576697404 -0.1554422110915225 0
3989 1.150796178671604 -0.1189590261728342 0
3990 1.141745809827787 -0.1197667460432122 0
3991 1.182537351626329 -0.09544665552093912 0
3992 1.137676906219024 -0.1270409244682386 0
3993 1.133817453721935 -0.1206195557757112 0
3994 -421.88716202505 -104.9679536718874 0
3995 -0.1781067122535581 -0.09974999408744992 0
3996 0.8531976870040427 0.04821057419978135 0
3997 -2.307968226274624 -3.944208405504601 0
3998 0.07726776240923827 0.03829250474640643 0
3999 0.08361425033113166 0.04151184922168374 0
4000 0.09175446593198204 0.03202742667486188 0
4001 0.0847262429517999 0.04892277139803489 0
4002 0.09101233774013684 0.04381243243189446 0
4003 5.875489026259626 17.37949455376687 0
4004 5.38378723766952 22.64312641605292 0
4005 -2.169643011590899 -5.057851890209791 0
4006 -1.21131006090387 2.504274430847505 0
4007 -1.797867276974341 2.324835961765789 0
4008 -3.271494989321694 2.584781535703911 0
4009 1.132107305441058 0.1401671231367656 0
4010 1.085648635811616 0.1530049341013733 0
4011 0.661307742616926 0.06717979799097536 0
4012 0.02073258901621474 -0.1295934447836892 0
4013 0.7963310405200267 0.05537161272842607 0
4014 19.33543541936362 12.60232949215576 0
4015 1.0386538913903 -0.1575445174873473 0
4016 1.025518421630172 -0.1696842155372571 0
4017 1.005824996088265 -0.1589329732642411 0
4018 1.006955106009868 -0.1842310680947547 0
4019 0.7172240786331302 -0.153165437128356 0
4020 0.6598765037434589 -0.14880955832119 0
4021 0.983765022577166 -0.1734064203979329 0
4022 0.9835284587564397 -0.2019837233756359 0
4023 0.9022784574534964 -0.1530608873165096 0
4024 0.871350432617191 -0.1613995196331011 0
4025 0.8948564829958227 -0.1858702032821813 0
4026 0.8578388878703381 -0.19597620916557 0
4027 0.8868893898360241 -0.2303338819801208 0
4028 0.8386729643378255 -0.2422911184431071 0
4029 0.8776292752871612 -0.2842766162890067 0
4030 0.8143065814628893 -0.2978528279285065 0
4031 0.8626362851334279 -0.3511659122299597 0
4032 0.7847974979404522 -0.3684763009092783 0
4033 0.8421146397461041 -0.4321666208603323 0
4034 0.754617126118781 -0.4547666433410078 0
4035 0.8219873534245947 -0.5329826909581553 0
4036 0.7121472177701844 -0.5632739979659155 0
4037 0.7967940075277299 -0.6631780831609815 0
4038 0.6606602727578159 -0.6976692043973618 0
4039 0.5754126182437656 -0.5692933715681675 0
4040 0.5134702822160063 -0.7259718054800329 0
4041 0.766121789076762 -0.8169807085558131 0
4042 0.702704952549483 -0.3684524502445073 0
4043 0.4229291159359351 -0.606836371562164 0
4044 0.3544343914791966 -0.7549930754027866 0
4045 0.9264616766719589 -0.327081064727024 0
4046 0.4646531327777613 -0.8880589082854021 0
4047 0.2824370426898033 -0.9263379064252114 0
4048 -0.007980793916794168 -0.3748669030342014 0
4049 0.04836271099955299 -0.4069762811292974 0
4050 -0.01203542246071482 -0.4468442557914242 0
4051 -0.07517124814116286 -0.397629331189417 0
4052 -0.08112017174657327 -0.4863793671476699 0
4053 -0.1549256442386938 -0.4405548593593667 0
4054 -0.158653347848365 -0.534773337353341 0
4055 -0.000392157631591241 -0.5275658329188068 0
4056 0.1060812549047119 -0.3690158254373716 0
4057 0.4705120175545894 -0.4804531695536345 0
4058 0.4323012568244776 -1.094860744482963 0
4059 0.1566374887987805 -1.108823229208617 0
4060 0.1152261355493388 -0.4446504140755009 0
4061 0.1799238088505977 -0.3951074725422296 0
4062 1.167669344672354 -0.5824703210464115 0
4063 1.184038101211674 -0.7026775911808014 0
4064 1.159608464419601 -0.4775790964348346 0
4065 1.30982705619477 -0.7360528165797995 0
4066 1.203512651240783 -0.8509124809072474 0
4067 0.3430699002190315 -1.345126098512569 0
4068 0.05986462813331059 -1.392035135639527 0
4069 -0.1230655700506511 -1.164617042270962 0
4070 0.6164976364304979 -1.286044064076751 0
4071 -0.2302849928903887 -1.431150833064666 0
4072 -0.3941467856290732 -1.193584602445232 0
4073 -0.04392242174667507 -1.709366795509413 0
4074 0.7759097436273789 -0.2390702874744843 0
4075 1.360537500606527 -0.8897083246662291 0
4076 1.224443967910553 -1.032269305045115 0
4077 0.2074295765876924 -0.5087219752423882 0
4078 -0.273737612952166 -0.9299980889502489 0
4079 -0.5358550685552672 -0.9725972676443274 0
4080 -0.6711969960096738 -1.216438735145547 0
4081 -0.80970926071482 -0.9348110906795283 0
4082 -0.9714025078566079 -1.221071038295816 0
4083 -1.118891646420411 -0.9454261831536452 0
4084 -0.4345962312120755 -0.7559379631300299 0
4085 -0.5002143730979235 -0.3889477802821288 0
4086 -0.6216001162679767 -0.4510464262899057 0
4087 -0.2400638094365339 -0.4793985231097029 0
4088 -0.390574951985973 -0.333969347429625 0
4089 1.073465153168175 -0.5390335362923581 0
4090 1.060221859182524 -0.446760740632517 0
4091 1.122219336091626 -0.3973663151852488 0
4092 -0.2211977812883558 -0.3886673837566146 0
4093 1.015986364249334 -0.2133241826567258 0
4094 0.9820095584016986 -0.2382026096199733 0
4095 1.022008792474703 -0.2484868584732635 0
4096 1.054375420421204 -0.373851898400495 0
4097 1.099082927735375 -0.3281378339649319 0
4098 1.154061262759692 -0.346373796375924 0
4099 0.1676863970421182 -0.3129772087087836 0
4100 0.2386131110107952 -0.3420166985404777 0
4101 0.2274034045343233 -0.2748669233591093 0
4102 0.2910209099482609 -0.2932068210659056 0
4103 0.3447655239354706 -0.1577834790729953 0
4104 0.3176972325864 -0.1600456531312934 0
4105 0.3341308017817374 -0.1825021961752563 0
4106 0.3012037895002682 -0.1854406530753858 0
4107 0.3084446548698679 -0.3626511358078313 0
4108 0.3600831845584068 -0.3122359661937196 0
4109 0.3931502413420517 -0.167012535958035 0
4110 0.415735136742397 -0.193272955785652 0
4111 0.4511866749379682 -0.1879278755825337 0
4112 0.4377846074507368 -0.2207412309705454 0
4113 0.4774299985943753 -0.2146392482243081 0
4114 0.4636015616376786 -0.2568565287117848 0
4115 0.5122079297232635 -0.2490195890415738 0
4116 0.4936742121684768 -0.3002188401452087 0
4117 0.5504738465240059 -0.2885066511381684 0
4118 0.5633603871286742 -0.2391951299131931 0
4119 0.8744419585136726 0.07387606550206892 0
4120 1.282993914556845 0.1325562082409724 0
4121 0.265920116718163 0.07637081372670071 0
4122 0.2638704536892014 0.06947059387967977 0
4123 0.6059418548179468 -0.2751746644991563 0
4124 0.1283558654520491 0.5570860930041274 0
4125 378.4322681592053 228.9347129791445 0
4126 0.6749194126926065 0.1014868504555016 0
4127 0.7251741378685299 0.1239692984092153 0
4128 0.1647845854100262 -0.7489848841481248 0
4129 -372.1506407138179 -227.7068429318846 0
4130 1.516111778244137 0.3509217629858764 0
4131 16.48329047832041 -2.015976026728015 0
4132 0.4583006432717841 0.1434810599561283 0
4133 -56.20911243211309 430.3947397472298 0
4134 -0.9974234010630683 -0.69584324873812 0
4135 -1.290366241558167 -0.6484829392799826 0
4136 0.2701137717729569 0.1455091703019741 0
4137 0.5935476851589474 0.07239112655292625 0
4138 0.06979904560884798 0.0288010970892791 0
4139 -6.149270366521935 7.888337772041611 0
4140 0.3446171968507977 0.1508978330796647 0
4141 -0.1720495529566685 -0.1447766899457501 0
4142 -0.3595048580522374 0.02696813326933386 0
4143 123.8353993742671 421.8662392659997 0
4144 -390.4159108207953 188.004311394163 0
4145 -382.2929218050199 211.6478984006085 0
4146 -398.7147098900796 164.4207607407955 0
4147 -358.0208479790768 216.5680986146884 0
4148 0.6677355700572705 0.07081965746674941 0
4149 1.060952349541545 -0.05797693464539096 0
4150 1.050149113811609 -0.06245333422696484 0
4151 1.059744019926112 -0.05177577020484428 0
4152 5.596608829328093 -0.0809904672000253 0
4153 6.398000903482055 -1.027667941264578 0
4154 5.836509325292579 13.49374235771716 0
4155 9.383435672613693 15.62675931087509 0
4156 -129.777085385001 415.8083942755895 0
4157 0.7578526625865633 0.05843702102531489 0
4158 -0.4778294147120539 -1.737803122669824 0
4159 -0.06187596808125874 -0.04424008081400609 0
4160 0.6105876812516307 0.07076630993893974 0
4161 0.6176012889794292 0.06936829023483955 0
4162 0.8199993060906686 0.05240859904530844 0
4163 -0.03608665897716898 -0.2932408312597454 0
4164 -301.2275164147639 316.0526407973028 0
4165 -430.5636576285142 69.62683553692989 0
4166 -422.9105801129796 93.43088989127901 0
4167 1.000216083588815 3.103326353359302 0
4168 1.682474784864456 3.214350279961692 0
4169 2.072060588947847 2.65049975708275 0
4170 2.425568038988322 3.31908540057535 0
4171 -7.097150760330557 439.7807014104457 0
4172 1.325566647067724 -1.612771343432769 0
4173 5.105663076987892 -3.878800279862079 0
4174 4.376639445471898 -4.813077964971279 0
4175 5.734521404375635 -5.077739822591445 0
4176 4.799793829058297 -6.213189265397437 0
4177 2.400831539108049 -7.250551645928159 0
4178 -0.0871319861238137 -0.1039025021917745 0
4179 -0.08908180387559153 -0.1067747043950689 0
4180 -0.08849041673619251 -0.1103523937256843 0
4181 -0.0913244136531359 -0.103729317301396 0
4182 2.136897378038734 -0.04297762654574429 0
4183 2.21169674518351 -0.2603534671176955 0
4184 2.027218462325968 -0.4265892425060414 0
4185 2.076174352822806 -0.9670770910970152 0
4186 2.09510256216808 0.3767222698700198 0
4187 0.6194411043959004 -0.2197254927148445 0
4188 0.6597779074121163 -0.2584379814424168 0
4189 0.6099743386546946 -0.148324409662155 0
4190 0.76937032613056 0.5285778290685799 0
4191 0.06511421916848238 0.02671382179007748 0
4192 2.887283059417406 2.649105622308676 0
4193 1.073457065476351 -0.04861616818005089 0
4194 0.9114581496954479 0.03178826214468512 0
4195 0.9046087122235804 0.03174070508150558 0
4196 0.8969714495370367 0.0321803207279476 0
4197 -0.0419528315350594 -0.02633429563839738 0
4198 -0.04000593233327052 -0.02002854348549059 0
4199 -0.04679298202027647 -0.0151768831645757 0
4200 -0.0397030809728342 -0.0121353703393845 0
4201 -0.04654175518473231 -0.004713254153618084 0
4202 -0.03366110138820023 -0.01629951445621401 0
4203 -0.03278145666290219 -0.009491785944535418 0
4204 -0.02665248291530006 -0.01390589770902442 0
4205 -0.02622347689203598 -0.007273352786877155 0
4206 0.01994192220515227 0.1876405516224468 0
4207 221.7597077139788 374.6334944638369 0
4208 -15.62959186521864 17.15847378660837 0
4209 -374.4384878001262 235.2731684398131 0
4210 5.601192917272612 2.86349154227895 0
4211 1.174052636321489 -0.06113583792022144 0
4212 1.15737224703035 -0.04743949029765616 0
4213 1.18113469584287 -0.03609254128081163 0
4214 -13.33514320721676 -1.653327226332225 0
4215 -11.37878689077308 19.9537103654208 0
4216 0.09199400567242846 0.05128714128847288 0
4217 0.09767454932734568 0.04644889164910163 0
4218 0.6278064893372022 0.07487833729512743 0
4219 -0.7088566064322614 4.900670223697904 0
4220 0.4098100965775303 0.1495166007440839 0
4221 0.8450067827588099 0.04672126298371618 0
4222 0.05839217616908278 0.02150968944500198 0
4223 -447.5201412620054 88.65616592001837 0
4224 1.171808229898722 -0.1705808793049728 0
4225 -0.08193610251517866 -0.1436387917437138 0
4226 0.9580699794751266 0.01264749497033152 0
4227 0.9643540527723817 0.009224405685707189 0
4228 0.9696819064682204 0.01333965829581178 0
4229 0.9704627281475348 0.006639029631497641 0
4230 0.9758024333089337 0.01012185106686326 0
4231 0.975788910849993 0.00254280822248248 0
4232 0.9816370269201118 0.006589369607445282 0
4233 0.9820568525711784 -0.0001179781531991626 0
4234 0.9875866508814356 0.003345346576490922 0
4235 0.9879709852743164 -0.002898129665791271 0
4236 0.9937625360583655 0.0001981447489819475 0
4237 0.9938453662925423 0.007508112011344961 0
4238 0.9935988971091327 -0.007086589970620437 0
4239 0.9998591224713081 -0.003272050832294617 0
4240 1.000224803104777 -0.01032498405685273 0
4241 1.006035136397724 -0.006815902435443656 0
4242 1.006064189590782 -0.01332267447051882 0
4243 1.012419011291316 -0.01021626173516702 0
4244 1.002639422235925 -0.0256279001352158 0
4245 1.011889405043265 -0.01779329386625417 0
4246 1.018968328146129 -0.0137183927495707 0
4247 1.019296471419052 -0.02135948030466869 0
4248 1.012427088137157 -0.03266663846785973 0
4249 1.025693802002895 -0.01748587961236623 0
4250 1.025439732980444 -0.02493422123001262 0
4251 1.026083923573656 -0.00874293827809621 0
4252 1.043504738471333 -0.002331724779004483 0
4253 1.533901635397099 -0.4807121569171061 0
4254 1.582875251303048 -0.611781376006803 0
4255 1.671767733409651 -0.5092334127616424 0
4256 1.741257223813771 -0.649186505173755 0
4257 -0.08501153868304977 -0.1536146354144527 0
4258 0.5333384057369421 -0.3478469850090886 0
4259 0.4001991811727978 -0.2279771385588167 0
4260 0.3238482488831523 -0.2188049142251988 0
4261 0.2186126875722578 0.1360282155089882 0
4262 0.2004190024041941 0.1499586828498591 0
4263 -6.615658964250439 -2.014436063064503 0
4264 -8.23736922232488 -3.319312268993371 0
4265 -8.467988163545096 -1.359770197618242 0
4266 1.136496582310484 -0.1956085944482645 0
4267 1.127952866496428 -0.2080824786976175 0
4268 1.139296532233227 -0.2427593933579502 0
4269 1.151910146941544 -0.2704435668117199 0
4270 1.184292835343293 -0.2692625228702902 0
4271 1.121489577897816 -0.2659311818537783 0
4272 0.4885295345264523 -0.1825283429871144 0
4273 0.5400358056301692 -0.148590257051299 0
4274 0.01016963908198256 -0.1377083337397448 0
4275 0.02471463241154749 -0.1442602010565978 0
4276 0.0102742239368709 -0.1534070648850157 0
4277 0.9917144054206153 -0.4160252243792792 0
4278 94.47328847284238 -71.00495798748869 0
4279 0.7352125830352653 0.0949878215107129 0
4280 0.8127884056579113 0.05151648139794264 0
4281 0.0989183733712945 0.05365644350368212 0
4282 0.1046749865065231 0.04943702095715151 0
4283 0.1057628766309966 0.05631512465105833 0
4284 0.1108835738863073 0.05157473139716712 0
4285 0.9251875169059246 -0.7225020050053883 0
4286 0.8911574380035517 -0.9371336939577222 0
4287 -7.08645314289947 -8.844055674042449 0
4288 372.0335888608915 -191.2386856444199 0
4289 388.4792492000532 -210.0679265962306 0
4290 331.0556906660986 -177.2453954937991 0
4291 306.5272212841721 -182.078044706831 0
4292 249.0999026362006 -149.2587945247978 0
4293 305.9445123008321 -49.79176301367796 0
4294 -150.8518417040814 -382.5260279694182 0
4295 -158.4041347307175 -405.7243748422277 0
4296 -159.2222321870373 -340.0414829779147 0
4297 -398.4531097899952 98.28778013295985 0
4298 -414.9001703362908 117.1129209281966 0
4299 -143.3555131629387 -226.5811497005418 0
4300 -135.2764766606302 -202.9225536053708 0
4301 256.5962311774487 6.686083744423594 0
4302 118.0871947161349 -130.9374855253684 0
4303 93.35476100865232 -135.7730735372069 0
4304 85.4503920868499 -159.4530355683814 0
4305 -317.0942354667351 202.592307661426 0
4306 -267.4546005032947 79.9713197423284 0
4307 -242.6347830356424 18.66082585389755 0
4308 -349.9930894089952 240.2442053126023 0
4309 167.146862036314 -121.2842969463574 0
4310 143.0838490251913 5.745123097194203 0
4311 265.5493296213351 -168.0847434214852 0
4312 -80.4713450276116 359.5464655829627 0
4313 -77.84915920284745 -235.7418042000876 0
4314 -61.39973221771689 -254.5677530967945 0
4315 110.2995121943498 -220.7392227075628 0
4316 -252.1705894398495 325.7179351941579 0
4317 -268.6325056543833 344.6060577936626 0
4318 321.2285231959268 195.9548525057783 0
4319 -6.885954565271156 374.0444071784067 0
4320 271.8802422405106 252.4326991958333 0
4321 222.5319612850946 308.9105458858884 0
4322 197.63199388536 370.1510076895814 0
4323 205.1849028872704 393.3498927789386 0
4324 -90.22205747171466 24.38427055751382 0
4325 -92.97648406368646 3.995318090966527 0
4326 -74.41728859279907 -6.822307783254282 0
4327 -95.03076254348338 -16.82052858770246 0
4328 -75.16976418775015 -29.57547717135952 0
4329 -178.7615653905575 405.7753898494872 0
4330 28.67954986015279 -15.13470068963322 0
4331 -0.2477540931732686 -0.5890820068835136 0
4332 -0.147965942167564 -0.6499580633742592 0
4333 -0.3422383529279163 -0.520596382950207 0
4334 0.0861187848805805 0.05679377885472444 0
4335 0.6161182174541747 0.2353643170304401 0
4336 0.6418597704603729 0.2712937758621639 0
4337 0.6956840661530048 0.2666848537428151 0
4338 -349.125979141573 -289.0931042518428 0
4339 0.4888819583153134 0.09102011258497315 0
4340 0.5239873144528439 0.1257133283000988 0
4341 0.1634754664208489 0.08091745222418695 0
4342 0.1729369419074088 0.07364993383386256 0
4343 0.1634882265325213 0.07070727381406035 0
4344 0.1824333925570771 0.07793567082154017 0
4345 0.1813200504068775 0.06898426696417036 0
4346 0.1890156756170298 0.07145466556834787 0
4347 0.1871545567531367 0.06361063627356937 0
4348 0.1942834658215166 0.06614046985801843 0
4349 0.189256534890735 0.05388989468444384 0
4350 0.1965184854252597 0.07310021908564217 0
4351 0.2010203533498295 0.06748707199183955 0
4352 0.2012940346944857 0.05494653810115994 0
4353 0.1804080225711906 0.06079001454226415 0
4354 0.177658328837833 0.05292437607935659 0
4355 -21.08475527138793 95.19882196367637 0
4356 -41.53576649431055 85.81889638821103 0
4357 0.5888683312996246 0.4531625771970605 0
4358 1.147048767060454 -0.1687113557737439 0
4359 1.075360848407958 -0.07260132263872378 0
4360 1.081218904420594 -0.07559143052995904 0
4361 1.145977351531134 -0.1114954574569277 0
4362 0.3124756361187864 0.07739853369106275 0
4363 0.3177465116683723 0.07158689490553835 0
4364 0.3244087858278926 0.07323350892707638 0
4365 0.3117123358797542 0.0707227021466692 0
4366 0.2914072341560349 0.07403599902764919 0
4367 0.8534796091123587 0.0717679346699938 0
4368 1.11173090245372 -0.2373117522365678 0
4369 1.091795675666544 -0.2604930878404074 0
4370 0.1344497953718397 0.0709717235838942 0
4371 0.1416847222503783 0.06542581463898418 0
4372 0.134192053850729 0.06216495193449864 0
4373 0.1405633774035046 0.05719750539129215 0
4374 0.1467358810056804 0.05990155131765572 0
4375 0.1341454793288791 0.05433630950572875 0
4376 0.4175251947924289 0.08335448872660021 0
4377 0.4229664048028595 0.07619617210974783 0
4378 0.4278229235849028 0.06459516152505447 0
4379 0.4303214784547333 0.0770817100498376 0
4380 0.4160479855734045 0.07568411486393152 0
4381 0.3941480454583828 0.08121689256167151 0
4382 0.3986927761063891 0.07448978359558842 0
4383 0.392616972413492 0.0752618102687681 0
4384 -1.864483160681822 1.732480834008326 0
4385 0.3717423488760364 0.07751584632964066 0
4386 0.3762526904575405 0.07250311652525254 0
4387 0.3699294207344057 0.07210807943968628 0
4388 14.50694841488506 -51.40993782331538 0
4389 -0.7174182578161565 -52.33156246555878 0
4390 -6.833687029263313 -67.7402509007365 0
4391 -15.61305939981501 -54.87196637496858 0
4392 -22.58622427316805 -69.19405472898508 0
4393 -30.55466429339053 -55.66287610462226 0
4394 -39.61169018306644 -70.38945060762742 0
4395 -22.9198794577375 -42.2265909918478 0
4396 -37.51408662771975 -43.03856154547329 0
4397 6.485920549451381 -41.17522230207085 0
4398 0.7900556411909284 0.054311704379829 0
4399 24.58958680450889 6.08385761173304 0
4400 3.298582261118902 -4.405860154606963 0
4401 0.921668813212708 0.02878848473057239 0
4402 274.265993707149 -342.326718722333 0
4403 282.5420588411745 -319.1088325147102 0
4404 268.2987520885792 -368.5157206148577 0
4405 1.007067542374511 0.0005764063624862517 0
4406 246.868734506769 379.5068030877948 0
4407 0.9402581037959321 0.02472268657703133 0
4408 -1.339302678825765 -1.235102968224106 0
4409 -0.1897192802448726 0.03187353875753428 0
4410 0.9268024077003809 -0.1717505690880254 0
4411 0.8036597765584592 0.05705013399840216 0
4412 1.050498188919409 -0.02660615266224714 0
4413 0.6673358889064339 0.0648351154007588 0
4414 -0.09236714139650612 -0.1090019811143588 0
4415 -0.09150821904778599 -0.1140887100785038 0
4416 -0.08634463606095347 -0.1148538972257215 0
4417 -0.08991196615404401 -0.1191853033629554 0
4418 -0.08444134329153724 -0.1195446774435036 0
4419 -0.0956010173124517 -0.1181988266518921 0
4420 0.8346186302277379 0.4399807656941858 0
4421 0.5821124108698283 0.07341349161207467 0
4422 1.019638920772417 -0.02874289616923306 0
4423 1.025057920110453 -0.03220975343909371 0
4424 1.024514432636776 -0.04148937158062408 0
4425 1.031122002528433 -0.02908143370565306 0
4426 1.030241191594082 -0.03606155122598623 0
4427 1.036461311633252 -0.03282512755577599 0
4428 1.03530273710593 -0.03892127741374952 0
4429 1.013956321233469 -0.0255129626741688 0
4430 0.5358268234937249 0.07648516844451803 0
4431 0.296059116346827 0.06888172434949276 0
4432 9.181095871558172 11.4166946633233 0
4433 -0.07598872183045968 -0.1631102195012216 0
4434 0.1280374516255956 0.05839624474822615 0
4435 0.790836688587081 0.08646456302943945 0
4436 0.02463135564417691 0.664536765292049 0
4437 0.05891204270177797 0.8207835910843124 0
4438 -0.1122626573400319 1.08171394989009 0
4439 -0.01184241312824667 0.5350839500581096 0
4440 1.11967687229315 -0.01564118465081974 0
4441 -0.0419844729060246 -0.1361521577562459 0
4442 165.0094120555123 406.8775045811434 0
4443 0.1697151953118898 0.06532734253038265 0
4444 0.1626119642400869 0.06215118932401967 0
4445 0.1624996046091038 0.05195516178908761 0
4446 0.1564442626650892 0.06578855664027849 0
4447 0.1565115157491507 0.05914996176948691 0
4448 -199.1665736027919 -391.5428193997191 0
4449 -0.09544364211272735 -0.08484974844922319 0
4450 -0.09356710541081437 -0.09136978085011481 0
4451 -0.0986228537545587 -0.09598403133400187 0
4452 -0.5173842090220534 3.864621387438678 0
4453 -0.07010734420836881 -0.05058195145905678 0
4454 0.6941937229063302 0.07152900098264682 0
4455 0.6939183826729436 0.06380695943471903 0
4456 -0.3710561716117234 -0.03344903989166741 0
4457 1.012375220902094 0.06916130405723629 0
4458 1.628022332024021 -0.7742145605705165 0
4459 0.5537256245381263 0.09986526614607288 0
4460 1.015361711210941 0.2731377532994516 0
4461 0.9199840227015252 0.259325439447389 0
4462 0.8839178970449895 0.3138080589743923 0
4463 0.8628364387363471 0.2482788956818569 0
4464 0.8212071428717682 0.2981489661823226 0
4465 0.7724519436114128 0.06353135070178671 0
4466 0.7705370508048734 0.05646895248757422 0
4467 0.630608430123462 0.06774034906727622 0
4468 0.6623923157971212 0.1052567436820452 0
4469 1.130331539099564 -0.126554103472442 0
4470 1.126422094637942 -0.1214128000219967 0
4471 1.129661219912447 -0.1150535524421002 0
4472 1.122367585075484 -0.1163232125115063 0
4473 1.125633950918026 -0.1098472612222737 0
4474 -0.05540319353181346 -0.04134494864154733 0
4475 1.054462996373073 -0.05618343301852173 0
4476 1.053531950615239 -0.04984046091302437 0
4477 -31.1959078718635 -31.41513112436268 0
4478 444.3990631593866 -110.8494218409813 0
4479 0.4657544035087818 0.07223672353023759 0
4480 0.4593385278004394 0.07280325482918394 0
4481 0.4552358733963967 0.07746865831358453 0
4482 0.4715307891829605 0.0726627981593156 0
4483 0.4532183678019182 0.0715738918218205 0
4484 0.4487716697871444 0.07660328117301946 0
4485 -0.1958122141822303 -2.087447352738423 0
4486 0.6073331173877254 -2.329327097755042 0
4487 0.6370383170708832 0.06646968627218634 0
4488 1.381086004315148 -0.1730719582773478 0
4489 1.417764635848436 -0.1026165816520383 0
4490 0.5375979596269509 -1.539076790080829 0
4491 1.107268919161455 -0.1034923822975881 0
4492 1.112523922391686 -0.1080783220991909 0
4493 -0.0210731379418172 -0.01068795771088403 0
4494 -0.01998419671819784 -0.004851797473279139 0
4495 -0.02508620884178615 -0.0002312385283318401 0
4496 -0.01837790316727335 0.00179422395900218 0
4497 -0.01335382246024066 -0.003625341276456701 0
4498 -0.01181988246101741 0.003311769010460317 0
4499 -0.01679927679019743 0.008964439979879888 0
4500 -0.008284961143505737 0.009901913012337343 0
4501 -0.01451400570755205 0.01666570616415105 0
4502 -0.006070969845064031 0.01828027323410747 0
4503 -0.000512987099004592 0.01253373182251953 0
4504 0.001901900111631047 0.01957823109182327 0
4505 0.00635508197125154 0.01452586691852075 0
4506 0.009037964421095774 0.02053617371741074 0
4507 -0.003718691301528478 0.02753621548366247 0
4508 0.01329631015743894 0.0145960863404707 0
4509 0.01574525781946024 0.02125066249947161 0
4510 0.01170638221154465 0.02684198434558602 0
4511 0.01898608280719302 0.02788381188050607 0
4512 0.0229737816843722 0.0208785558726523 0
4513 0.02656194257604903 0.02814978996672446 0
4514 0.02259151376382007 0.03549692537003189 0
4515 0.03145697365578541 0.03560969926082807 0
4516 0.02613645359501827 0.04429164380501581 0
4517 99.09057384934995 -10.08925822120338 0
4518 106.9587644675789 12.23829143506216 0
4519 91.6955488609715 24.92364615454594 0
4520 -0.1842399082717243 -0.07570258246695301 0
4521 -0.1643002502019947 -0.06342649484464931 0
4522 1.069171401579281 -0.06896244025684364 0
4523 1.14562262139772 0.6688948654559613 0
4524 -0.08951063136917664 -0.08717250651081833 0
4525 -0.08974262077201553 -0.08179606164467842 0
4526 0.1917924017561405 0.2048113381731214 0
4527 0.1220872297687928 0.2001417884248608 0
4528 0.1063886100819515 0.1665085978866861 0
4529 83.05231542386737 434.8707858429828 0
4530 0.699711008316292 0.06751886704885611 0
4531 0.5226044477422993 0.0712768318906401 0
4532 0.5166885246660863 0.07194581108752755 0
4533 0.5288777499053644 0.07060927950559971 0
4534 0.4816824009999277 0.07160819120302901 0
4535 0.4866493551868867 0.07050147417771696 0
4536 1.135918858534779 -0.143951406033822 0
4537 1.133761475418169 -0.1469903509676438 0
4538 1.13798901079365 -0.1404292748982343 0
4539 1.135668552987901 -0.1372724133821104 0
4540 1.140210912482096 -0.1365323222354783 0
4541 0.9420849681990068 0.0178851853286769 0
4542 0.9482468310963645 0.01624432238244364 0
4543 0.9358006553557257 0.0197511795882916 0
4544 0.6815246211599416 0.06405625851972979 0
4545 0.6780770412367884 0.05677197057373902 0
4546 1.163773731860403 -0.1432171605703096 0
4547 1.073019611431503 -0.1514166825430871 0
4548 435.688216825929 63.57355047585597 0
4549 454.9066971986145 42.90965324325828 0
4550 443.6954381097867 19.91818818759881 0
4551 0.2899207801124191 0.06774257069170454 0
4552 0.2372052802617798 0.07668717098441723 0
4553 0.2289647414689708 0.07431398355295542 0
4554 0.2345737993074255 0.06841510415101471 0
4555 0.2314235313275705 0.05725251548178983 0
4556 0.2418872727705636 0.07029953758288932 0
4557 0.2273651695713166 0.0670587329103768 0
4558 0.222198317622263 0.07126844449028737 0
4559 0.2214813676184017 0.06406230050245344 0
4560 0.2161519807765049 0.05699668927058096 0
4561 0.2164359209698823 0.06781930063596116 0
4562 -43.32598621111153 -29.78221526201767 0
4563 -51.15690647991099 -42.76466058301546 0
4564 -1.102671546462628 -0.4227890434904563 0
4565 0.6000941099455144 0.07188529250364961 0
4566 0.6265602303456064 0.1026134367088781 0
4567 0.7519851213271683 0.06297903523731291 0
4568 0.7473089211735169 0.05085012694480821 0
4569 1.103422636175733 -0.09952079061318134 0
4570 17.06126697094938 444.1189304680297 0
4571 0.8386275066964838 0.1048542606107799 0
4572 -0.1369174407075678 -0.04666612189992794 0
4573 -77.18377255361055 -433.1120803568526 0
4574 -52.48141298927405 -429.1620557454372 0
4575 -44.3733938074851 -405.6505634147794 0
4576 -27.92493291166327 -424.4716088526493 0
4577 -19.84122697766189 -400.8367128084292 0
4578 -3.391182768793477 -419.6657944704693 0
4579 4.688734842750913 -396.0116705113513 0
4580 21.13841155005098 -414.8388868916028 0
4581 13.05941666810445 -438.4976942340338 0
4582 37.55171207801872 -433.4814732440603 0
4583 45.6610840535612 -409.9768471196115 0
4584 62.07318238855272 -428.6133316514122 0
4585 0.2165059267873054 0.07553412046472049 0
4586 0.6421051930732827 0.0707813856766398 0
4587 -0.07559420726625357 -0.06232098571714599 0
4588 -0.07455727258954403 -0.07176943171770989 0
4589 -0.08044360525899538 -0.0658145523667608 0
4590 2.292081817525281 -0.4710014881163783 0
4591 2.487562729901967 -0.3150662704945519 0
4592 70.30573284881915 453.061700281709 0
4593 0.3371160415134927 -0.5020025140027009 0
4594 -0.07072649333830512 -0.1250782707227614 0
4595 -0.07667264225131637 -0.1274473763556773 0
4596 -0.07557196534718691 -0.1214689634743207 0
4597 0.886168579647044 0.07416207992763628 0
4598 1.418050645791683 -1.055510864912477 0
4599 0.2830747366832858 -0.2166574793050689 0
4600 0.2683730875113903 -0.1836414333445042 0
4601 0.8270915537012132 0.05337385367314094 0
4602 0.8243322824895136 0.04803203803236371 0
4603 0.8300551772006092 0.04810336634652601 0
4604 0.1282643921898475 0.05149790851397085 0
4605 0.1233850098175482 0.04309265450121062 0
4606 0.1222848591528776 0.05417194797696778 0
4607 0.9989935365066629 0.02298515190421604 0
4608 436.8724254516055 -67.36514898315127 0
4609 0.2403790316937625 0.06424716743787071 0
4610 0.2459635936855752 0.06555780459759503 0
4611 1.04573106548876 -0.3192673993083762 0
4612 -36.22850666015158 -446.9905493060331 0
4613 1.057549432555579 0.1221401346541328 0
4614 1.042326152855546 0.1657083730374283 0
4615 -4.634934510230228 18.48039099096281 0
4616 -0.06518845124629737 -0.1228953403473664 0
4617 -0.06112573089845125 -0.1250971943889411 0
4618 0.4513469160137364 0.08284683775485846 0
4619 0.4423473111821526 0.0804554640154765 0
4620 0.4420782648402752 0.07476792493585313 0
4621 -142.4442888760193 -424.746404725203 0
4622 1.102047102394032 -0.09074573011514468 0
4623 1.094934717022985 -0.08691955481673189 0
4624 1.088849490019854 -0.09581836128391204 0
4625 1.092664630112366 -0.07930596591212537 0
4626 1.088950890397932 -0.08460944862132751 0
4627 3.300195002381888 -0.2470710870199367 0
4628 0.6555287694245376 0.06304692925185562 0
4629 0.6505688465639702 0.06488043448991695 0
4630 0.3481942674290255 0.0768331185627478 0
4631 0.340970622624499 0.07603443691081592 0
4632 0.3447760737406751 0.07012396251861054 0
4633 0.3383845624039841 0.06937157673092108 0
4634 0.3506409453602114 0.07099088946091674 0
4635 0.3344758501562659 0.07454846602260921 0
4636 -0.007200316588117195 -0.1213253261986544 0
4637 1.008193199813515 -0.02311164657022887 0
4638 0.04659468530867934 -0.1716345705496945 0
4639 -0.07051307338469191 -0.05839362525418226 0
4640 0.8676260911624851 0.04826054746811777 0
4641 1.096018779081686 -0.0935523476559653 0
4642 0.1179103638598007 -0.229056954394649 0
4643 1.316155221556181 0.4528192322805822 0
4644 1.194951813223902 -0.1210969857282024 0
4645 0.7836623708638775 0.1145335614559558 0
4646 0.971913657286221 0.2007256404353138 0
4647 0.06643287020919633 0.1377473806581109 0
4648 0.08338925913860384 0.1201217265147536 0
4649 -0.1335158313420682 0.1606076854896385 0
4650 1.121126091256302 -0.1000743566205551 0
4651 0.1686569618343478 0.0588955073628578 0
4652 2.679427594172323 461.3142948457076 0
4653 -9.590560368966218 -8.291778206292269 0
4654 -9.678253433670429 -5.29572539502867 0
4655 -10.37877750136576 -2.655541825031222 0
4656 -0.2906911667641367 0.6224138149247267 0
4657 -0.1483291339587678 -0.119846761362466 0
4658 -0.0347999418859561 -0.1325283042120693 0
4659 -0.04112043226365925 -0.1280863886931285 0
4660 -0.03574631790789175 -0.1249816962514125 0
4661 1.29607443672837 -0.2856167321272367 0
4662 1.25226473071739 -0.3215018637263097 0
4663 1.276622118064762 -0.2244061164779887 0
4664 1.249028810067084 -0.2682431700156593 0
4665 0.9539658130078674 -0.2199677331359596 0
4666 -0.0872611021921276 -0.1002980045645655 0
4667 -0.09065093317875748 -0.09865235378666502 0
4668 0.6996505411278802 0.06146619077687338 0
4669 0.7047914249289211 0.06446447668008345 0
4670 -10.41349952679917 -0.08796457057660696 0
4671 0.5511496551504966 -0.1741205301998084 0
4672 339.603853086072 -284.6434797507949 0
4673 315.1700353974975 -290.5007971570179 0
4674 364.6188285094564 -280.3287593691365 0
4675 0.5994234629523363 0.09499766021609223 0
4676 0.6139028538321709 0.1048353540160878 0
4677 0.6885132885026061 0.06067344938928919 0
4678 0.804456887066385 0.08398226891030351 0
4679 0.5551269458772345 0.07549565413111671 0
4680 0.5617885743694273 0.07342960162110791 0
4681 -101.6039660467001 -437.8461191091895 0
4682 418.5765841115025 149.4026536085603 0
4683 426.8476871151845 171.1892211286576 0
4684 1.119002271844848 -0.1580900389937027 0
4685 1.124727342042719 -0.1471748048915015 0
4686 1.127475928052058 -0.1488544455117863 0
4687 1.112457194784147 -0.1551257722020677 0
4688 1.118294589368143 -0.1512411036963725 0
4689 1.112332582003289 -0.1491569902211271 0
4690 -18.94251666673757 14.08329186482841 0
4691 0.7140759456662713 0.07270515759447228 0
4692 0.6752994277906958 -0.2056022185441881 0
4693 0.8642861417035756 0.04229592937416548 0
4694 0.8703566839308241 0.04252293512244806 0
4695 0.459313195897136 -0.3839270344045922 0
4696 0.1393324907772318 0.168365103944565 0
4697 0.9760391185727728 0.01761695645383447 0
4698 0.49414886785132 0.06970291885059307 0
4699 -86.8180369344625 47.06633496085805 0
4700 -0.007823705352223456 -0.0009216762576935597 0
4701 0.5503456550542798 0.06978192528809553 0
4702 0.5444543035848162 0.07133890104504576 0
4703 0.5565218750379008 0.06910500898962001 0
4704 0.1989310893006628 0.0612171551481193 0
4705 0.2049606343082902 0.06214563015004144 0
4706 0.2064730720967971 0.06766197475063865 0
4707 0.5643429797507311 0.1179182153917153 0
4708 -10.50373664334781 -43.45168018243354 0
4709 -3.515003110584242 -7.284539156155495 0
4710 0.7522356606399897 0.05703423007226403 0
4711 0.7468569787075687 0.05859275420507535 0
4712 -0.04115893657930877 -0.1217078796767544 0
4713 -0.04637510085812972 -0.1244048928982385 0
4714 0.67583301223369 0.06584480329581745 0
4715 0.5343341569857791 0.1019724506008985 0
4716 0.5218052969032293 0.1020042671735281 0
4717 -0.140952704404368 -0.1754234467918009 0
4718 -30.01225388048428 -85.41213615318176 0
4719 -20.92541357352663 -31.86820776340318 0
4720 0.5960115993395568 0.06716168434493108 0
4721 0.663316445180883 0.1394508155330204 0
4722 1.049372151516544 -0.0531753555583543 0
4723 1.04777647896788 -0.04765259232803203 0
4724 1.03848162009338 -0.05301746150888275 0
4725 1.052346486952851 -0.04340981334071137 0
4726 1.045534102475521 -0.04219246825891598 0
4727 1.041521066130676 -0.04642394944435151 0
4728 -0.08448442668075366 -0.1103067409188998 0
4729 0.7625936622644934 0.05595963729101631 0
4730 1.189085121563015 -0.3991766660583198 0
4731 0.1927391441963251 0.06029481138307642 0
4732 0.004667840786690648 0.007967338593496191 0
4733 -0.001760106333651627 0.00637606328230077 0
4734 1.228164057959076 0.004564335281032668 0
4735 0.4278097367087033 0.07184513463708614 0
4736 0.4335645241752853 0.07127977355709805 0
4737 184.7589645982564 -404.670704373183 0
4738 159.6174313525228 -409.2939979424009 0
4739 209.5555885454215 -399.2951032290596 0
4740 0.03966509967328071 0.04240233612687525 0
4741 0.2592471290643032 0.07355953714135317 0
4742 0.2580121041757733 0.06685328842528468 0
4743 0.254369895331675 0.07060988965812232 0
4744 0.2588532990048484 0.081633813536446 0
4745 0.3833778039122857 0.4996056173275786 0
4746 0.410312970548817 2.861666651110857 0
4747 0.4608348403876941 3.667434174655777 0
4748 0.8284144677207808 -0.1596478372079767 0
4749 0.6422508175589445 0.06442381978683479 0
4750 0.4194744962537701 0.0707716620738736 0
4751 -25.57574432610889 -0.1660097562096793 0
4752 -24.00315925872365 5.62274331737074 0
4753 0.2894500327556794 0.1298788344498612 0
4754 0.3111800589318614 0.1285440591759626 0
4755 380.4039645367797 -233.7232446112574 0
4756 0.970236130875179 0.0003435703422742598 0
4757 60.36774088617369 15.65556445034409 0
4758 64.66653636989183 29.34965609236966 0
4759 54.01687853614023 39.95192161607518 0
4760 69.77907171077584 45.66044312536619 0
4761 57.64429877645296 57.80054008124183 0
4762 75.44258069642144 64.5185670429554 0
4763 56.80252838329496 79.10093538812102 0
4764 0.1861888203622458 0.08880411302496526 0
4765 1.250161661843367 0.05783338007149773 0
4766 0.1601501726716133 -0.2355127298327637 0
4767 0.1816789312116866 -0.1994043552289336 0
4768 1.402625876891378 -8.72556860509825 0
4769 1.304571736534307 0.8854959241828516 0
4770 -50.20915082307845 -87.061567975348 0
4771 -61.02938146280894 -68.98838869805881 0
4772 0.8806256869894763 0.08538641264947759 0
4773 0.2762517670755438 0.06711100987994496 0
4774 0.2820305753545843 0.06719404964464425 0
4775 0.2719240176654252 0.06482256977836681 0
4776 0.3027201689606549 0.07004957953940684 0
4777 -0.02154265553377225 -0.1486890825136344 0
4778 -0.04768603841388519 -0.1301710226346662 0
4779 -0.05177339632785523 -0.1259604243867157 0
4780 0.9919339430035929 -0.2755288449130592 0
4781 0.5693535660403763 -0.4634270261762578 0
4782 1.030500153296281 -0.04142915135722602 0
4783 -0.05023193967726403 -0.03815263453426485 0
4784 30.15298358794275 61.49474420476089 0
4785 0.8583701704498601 0.04189546178519565 0
4786 0.8172759158540122 0.08444064605618237 0
4787 0.2354945953761097 0.06289964517160626 0
4788 6.224228450428002 -6.759119827624551 0
4789 1.177063828315894 -0.111624766986756 0
4790 1.128952293615298 -0.06443404523953386 0
4791 445.4484266594041 -44.26473113955861 0
4792 24.4683747705007 1.473728438057606 0
4793 0.2264364728774131 0.06095204228934042 0
4794 4.236284748777598 1.887984841101334 0
4795 0.3286834571899969 0.07947467831597793 0
4796 29.36229934513229 -458.9622282811246 0
4797 0.3575039821852539 0.131310713910116 0
4798 1.143507973479329 -0.1837422376714198 0
4799 405.264485366217 -228.1057427900211 0
4800 0.08255461297207405 0.03475202240439577 0
4801 0.08839390065349474 0.03732443585900954 0
4802 1.196386112957748 102.3434059344994 0
4803 0.04839815798922645 0.02892661487384083 0
4804 0.8012984085449539 0.05162955900614621 0
4805 1.037394518100772 -0.02581474629285364 0
4806 -0.7962237906637692 -1.497109517590424 0
4807 0.9238693086563672 0.02350632767332128 0
4808 0.9185260139207674 0.02400887263760131 0
4809 -38.10194019086786 53.14941599022935 0
4810 -0.7397893082506171 -0.365465331934881 0
4811 0.4062191425537919 0.07516908978131687 0
4812 -0.03054356872518417 -0.9527397892820558 0
4813 -0.01588629414614287 -0.008924138327909868 0
4814 0.3835902461699185 0.07343925409882783 0
4815 0.2626931861796072 0.06346766756660141 0
4816 0.3325610216504566 0.0686659841044483 0
4817 0.01570259666108875 0.007634777428502327 0
4818 29.26797023006955 -22.40772060344934 0
4819 -0.1071296078522129 -0.09635987653896801 0
4820 0.09387436504938403 0.0389526153085285 0
4821 0.1004593268516462 0.04033396095805025 0
4822 1.121085079949464 -0.1215132847332917 0
4823 1.137924427262377 -0.02594951943478941 0
4824 -451.3752205867834 -42.72687875213563 0
4825 -438.862490934384 -20.00035173426236 0
4826 -454.7970026652513 -68.45172871132144 0
4827 -0.06139281925018639 -0.1671146574891727 0
4828 -1.031959414406954 1.173794313957559 0
4829 0.123398212847657 0.04890423969901814 0
4830 1.704152490738422 2.115521149715892 0
4831 0.9015959843470488 0.2154285687158993 0
4832 0.1458123555290733 0.05529982562068871 0
4833 -416.7324833825636 181.7781548123568 0
4834 -224.4372321665473 -397.023969565222 0
4835 -240.4130713552551 -377.7842169383137 0
4836 0.3852883322790566 -0.1443105931146271 0
4837 0.07725526312616633 0.0324896483112892 0
4838 1.064598505446686 -0.06625373252124499 0
4839 -99.29702285219116 -43.20434181673391 0
4840 -119.4752115568705 -24.02841583046106 0
4841 -0.07900490541939133 -0.13497604099327 0
4842 -0.08421748866843523 -0.1296563902565597 0
4843 1.308977458835497 -0.1824211949531192 0
4844 -0.04196737365515407 -0.03217767100889393 0
4845 0.1093086057864594 0.04610624708323973 0
4846 0.1145733334418455 0.04712335585484582 0
4847 0.9999866111090885 -0.01618577472372042 0
4848 0.9946218745815761 -0.0132493437005967 0
4849 0.9898518600333872 -0.01151458922893725 0
4850 -0.1522968226868458 0.04564751617197742 0
4851 -0.1342852868355124 0.08128499010707642 0
4852 -0.4028244212665205 0.1506699381571002 0
4853 -6.074968486894723 12.65332056463692 0
4854 0.577788458650866 0.06836755567504081 0
4855 0.5723490982384315 0.06810220088784753 0
4856 335.2743454087708 -309.8994548778406 0
4857 -4.81977866034402 -11.18497624257373 0
4858 -1.003688042108138 -0.07552014526992318 0
4859 -60.49240916925001 -18.68741113468703 0
4860 0.4138798693649833 0.069852784483943 0
4861 0.8082320367871803 0.2461961319413313 0
4862 0.7617764157770066 0.2794561041084685 0
4863 0.2159381969000838 0.06197661732936682 0
4864 1.089904118468533 -0.08900135728250412 0
4865 -0.02517828639024254 0.01369248120421408 0
4866 0.8222769832338046 -1.563418030046104 0
4867 -0.8294464469568348 0.2764433770709028 0
4868 -20.18762849849265 -18.98118852018062 0
4869 -2.665852922689186 -0.9776252172701235 0
4870 1.123538711384982 -0.1505600622240922 0
4871 0.1329816985070601 0.04917364763267358 0
4872 0.5830256550993863 0.06809470940636551 0
4873 -0.006018376514102521 -0.180484736720031 0
4874 1.112301579708198 -0.2053567325971836 0
4875 0.2881309511198517 -0.1599541913621821 0
4876 5.291065727178283 -1.925743309638821 0
4877 -0.4828260694475583 -0.5289093346173109 0
4878 -0.6408339642794347 -0.600838940284466 0
4879 0.601809869377309 0.06633672268860072 0
4880 -399.4560502927014 227.9013068413709 0
4881 0.9732856651413037 0.03371966129019926 0
4882 1.86647417219332 0.1330798433478636 0
4883 0.1625184414933136 -0.1629788205353975 0
4884 0.7769607535727329 0.3630752681919919 0
4885 0.8168720100890189 0.04746065877840856 0
4886 0.5619661363318831 0.06808934461633465 0
4887 0.0128948746075508 0.00967451068185436 0
4888 0.5065524399668232 0.08014085293528805 0
4889 0.5047902437830125 0.08787123743200632 0
4890 0.5121594412239682 0.09517687250677791 0
4891 0.5082546407593957 0.07373539506364225 0
4892 -2.967246052830138 0.07559022562220172 0
4893 0.3788105497278234 0.1282615586405013 0
4894 -0.1603966037676659 0.008291704706391748 0
4895 0.982586772322619 -0.005959340199327322 0
4896 0.9772928282513141 -0.003617918241872472 0
4897 0.2604905657624461 0.4702241247266473 0
4898 -367.5339094183865 258.9263873497196 0
4899 0.6697391884951066 0.3251369701107852 0
4900 0.7043737040893838 0.3854216947599968 0
4901 0.1639500659022434 0.05630271914204273 0
4902 -0.09004975862297175 -0.06714183401739558 0
4903 0.4030280015640795 0.07048804961665199 0
4904 0.3984678710387995 0.06839770381799358 0
4905 0.4349728835866093 0.08335975962638088 0
4906 0.5913375004685743 0.06817088740689692 0
4907 15.37574197253448 13.68929363721959 0
4908 0.3790518229720893 -0.3807055168784917 0
4909 1.103041218445804 -0.1466017947195525 0
4910 0.3221799588307069 0.06796354373121928 0
4911 0.6243115465174579 0.06920800620549046 0
4912 0.79581965250145 0.04975741222289475 0
4913 0.2755818073000608 -0.6280283745852953 0
4914 -0.1421391844702794 -0.3564463130035287 0
4915 1.205124316590845 -0.1017854663114281 0
4916 0.9590582993253683 0.007322724727987688 0
4917 0.9620266034548443 0.003863990940267776 0
4918 -203.2160446183705 400.6302697930183 0
4919 0.4336883402994903 0.2721564733482235 0
4920 0.3822911170543531 0.2944095397137219 0
4921 0.3491170552240588 0.1146410940631214 0
4922 0.6261886265615609 0.06409955158248115 0
4923 -0.2042353227604324 -0.3208386480089542 0
4924 -0.2829735653747169 -0.3183382933797623 0
4925 -0.3117209260806042 -0.4096551552664144 0
4926 -0.3387927802549824 -0.2479018836568016 0
4927 0.8423078345113792 0.07930614034107551 0
4928 1.087993133747982 -0.07330851751000821 0
4929 0.1264010556477473 0.1349421144359179 0
4930 0.5828742594900805 -0.1657952219857057 0
4931 0.8832583615778236 0.04038102693388027 0
4932 0.8761149651717037 0.03322951199083049 0
4933 0.8860769513168979 0.03481055917103563 0
4934 0.8744430670118029 0.03625873070946577 0
4935 0.8706196565891687 0.03608030826280397 0
4936 0.8780608444946176 0.03549354915692347 0
4937 0.8759072105032429 0.03056624555666966 0
4938 0.8766325287405256 0.04005655504267341 0
4939 -0.00783366444142642 -0.0061566554220836 0
4940 -2.102155426246506 -0.6786804654163042 0
4941 1.118662024297655 -0.1108052982715853 0
4942 0.9299754374101443 0.02221995841036767 0
4943 0.3157939874428898 -0.1227739996659569 0
4944 1.076557276431052 -0.07820248596584105 0
4945 1.080437293803876 -0.08128610730677538 0
4946 0.1018544540328981 -0.5377586705745617 0
4947 298.601402518359 -338.0001406314133 0
4948 1.10679646118477 -0.1516225467096707 0
4949 1.262561625968999 -1.243230414875877 0
4950 1.044051937022353 -1.142891578601106 0
4951 1.070298111329033 -0.07441672090626975 0
4952 0.7337685903896177 0.06479503864158571 0
4953 0.7274979680824951 0.06067715128607936 0
4954 0.7219151679016369 0.06348681130515429 0
4955 0.733524023093506 0.05880778243355346 0
4956 0.7386848553668337 0.06146734263146308 0
4957 0.7383357858307238 0.05539466547441999 0
4958 -0.007161490095715256 -0.1506055127799551 0
4959 0.3390801893294635 0.1294366977165024 0
4960 -364.7455607792913 -269.8566371394625 0
4961 -0.02872476044263772 -0.0195477745148429 0
4962 -0.03401388259150705 -0.02203805850156442 0
4963 -0.02338793681816925 -0.01803581727040572 0
4964 1.004395341509406 -0.4950041819249464 0
4965 0.9831135923751607 -0.5858496755356979 0
4966 0.3003009236822591 0.06475373790925242 0
4967 2.366414568364989 2.037535053522498 0
4968 -12.45044731646023 1.490610816523578 0
4969 0.504071531114455 0.07024526823534934 0
4970 -0.08198975550719786 -0.1129051888284966 0
4971 -0.4371611016399036 0.008154309129084224 0
4972 -0.63872598427315 2.55522256997949 0
4973 -0.1928765528226617 -0.1242221586614972 0
4974 0.1852586137544909 0.05931225890529448 0
4975 1.035208143471726 -0.01266400987299289 0
4976 -2.185751819777248 -89.86617590940334 0
4977 0.8802329113147883 0.03176043837191596 0
4978 1.06377458232949 -0.1607197278721049 0
4979 1.117569932224357 -0.1158841778550372 0
4980 0.1510345316520489 0.05584448292738207 0
4981 1.043972272215017 -0.05156518212938968 0
4982 -0.1197623946694792 -0.1643131201630929 0
4983 0.6628199169889426 0.06170711667618308 0
4984 -3.556963763746729 -4.428056016976988 0
4985 0.07249971916648225 0.03402592226530723 0
4986 7.995416168728727 -0.5209864102966504 0
4987 3.015076693412754 -0.6422874103563503 0
4988 17.47287156908033 -38.58794543262695 0
4989 9.266972941819066 -31.02233817562763 0
4990 0.291337438156297 -32.99905281161737 0
4991 19.00861608694518 -29.53606607439563 0
4992 -2.75601097324336 0.7073083742194632 0
4993 0.2431808057927146 -0.2161568236972806 0
4994 -0.263868724367808 -0.725885384988491 0
4995 -423.8754753356974 159.3314182356245 0
4996 -1.393358060818828 -0.3666661397015575 0
4997 -3.041678783350346 -3.23369557721665 0
4998 0.3633799147183714 -0.1774222754057314 0
4999 0.9914073328332434 -0.3488888280354478 0
5000 0.6722236469872946 0.1182015250080825 0
5001 0.6892839008260037 0.1091726273995729 0
5002 0.2419707327770545 0.1463990569556211 0
5003 0.5185537284926592 0.06700655208914141 0
5004 0.1553539625372082 0.07401849300302134 0
5005 3.488401993377322 1.705018378876025 0
5006 9.151790315018719 26.25012729886049 0
5007 1.079131591104084 -0.2304479068120521 0
5008 1.061873112554276 -0.25637928850696 0
5009 0.0306946744858701 0.02158099947131427 0
5010 87.80735390070842 -31.79081629695342 0
5011 90.70676426938569 46.1426809148863 0
5012 95.76719525527692 67.40068907862469 0
5013 0.3809093174243234 0.06843625326281072 0
5014 1.132841995319717 -0.1308394099997038 0
5015 18.63423049163789 17.87203097783089 0
5016 0.1388216954611994 0.05219050876827443 0
5017 0.3366989631130636 0.4185347860561236 0
5018 0.314750458735619 0.06730867985902569 0
5019 0.9438771857610213 0.01319320549015171 0
5020 0.4592810016156204 1.28716737940015 0
5021 3.259125558168698 3.409835083092501 0
5022 1.150744162032617 -0.1959066413643909 0
5023 -0.1154711697188979 0.6270719449644965 0
5024 -0.1445274197588467 0.4927260019561872 0
5025 -0.07606860980232277 -0.1164091643603001 0
5026 -0.07964252645923936 -0.1185259110516038 0
5027 1.131855343274304 -0.1380690517229937 0
5028 -0.05913126852358705 -0.01969521317726932 0
5029 0.2040942239326947 0.07333697951400592 0
5030 0.6569534727350024 -1.007221027966519 0
5031 0.4303794571192994 0.1476570827138922 0
5032 36.02163204159179 -18.10685213295797 0
5033 -20.71463175582689 19.26616046577516 0
5034 112.5694824594128 31.49533089638917 0
5035 0.07465614739397643 -0.181959836610319 0
5036 0.08158387966368559 -0.21658578978173 0
5037 -0.1186054208374513 0.04651586420870639 0
5038 -0.09462067941543911 0.08143383649123287 0
5039 0.2014943589787562 0.08052095699289584 0
5040 0.1984314990080672 0.09114034556503249 0
5041 0.3761920215139487 0.06684109958836797 0
5042 -334.1826607690484 -307.5334479224433 0
5043 -307.1793387904668 -302.861987688821 0
5044 -316.6905912353907 -329.1039512878166 0
5045 -290.2349401070968 -321.7201739784805 0
5046 0.5579002963338213 0.2248506791141642 0
5047 0.938559543819641 -0.261715554244721 0
5048 -376.8137365288096 -292.7365943457986 0
5049 -1.408088957026257 1.464206447414649 0
5050 1.132204346108722 -0.1545461600096635 0
5051 1.127326429966869 -0.1528682728009603 0
5052 -0.07281269670319608 -0.1175513087063427 0
5053 -108.4502126365609 35.9646991394366 0
5054 -85.5416169821977 73.4611615238087 0
5055 1.1332797256725 -0.301476475463143 0
5056 -1.774907340655402 3.113050373516682 0
5057 2.274707370975618 1.449660993005071 0
5058 0.1974460576646673 -0.1650037398453783 0
5059 0.8851299781862763 0.0296434132388929 0
5060 0.8892563935887339 0.03083501913428115 0
5061 -1.721598794160867 -1.00141971932239 0
5062 -0.03674216768020661 -0.118543014575625 0
5063 -0.03096673940207701 -0.1207006861979595 0
5064 -15.90340574062275 0.9747069926576891 0
5065 1.056496225903134 -0.06177517205454872 0
5066 -0.04020675061672426 -0.1173661485904302 0
5067 0.3482086343085053 0.2622301973972932 0
5068 0.7223424562935997 0.05812972745290644 0
5069 0.7174673960117907 0.05954605640399648 0
5070 0.6128103284180192 0.06613207519476984 0
5071 0.6074759315858421 0.06587556513933521 0
5072 0.6173288775989654 0.06390572112627339 0
5073 0.1272732735482612 0.06537010121967568 0
5074 0.009631322305689962 0.007697102934286658 0
5075 1.422324703572851 -0.02584790950837803 0
5076 0.7294956227162358 0.05556770538393446 0
5077 0.04307047659066732 0.06536925897006693 0
5078 -0.09044082177381316 -0.05874422518951673 0
5079 1.504456167918286 -1.325258057286957 0
5080 85.18834074585999 -93.2855877319969 0
5081 68.43622149955995 -73.40820619526892 0
5082 76.92662437406565 -117.1032847723931 0
5083 2.124549784856833 -20.51626479567835 0
5084 0.1590280310630461 0.05445123837243095 0
5085 0.1658889448801477 0.05320066292854421 0
5086 375.9854538806567 -258.6931743635243 0
5087 0.5668285342967246 0.06989154261888363 0
5088 1.067422064530927 -0.6541264845465992 0
5089 -0.06652699820680948 -0.1189906940534153 0
5090 428.0718669444307 -91.47258403551855 0
5091 -0.07586148305610044 -0.06776740651291703 0
5092 -0.07892210833183815 -0.07109931294720806 0
5093 -75.85627894628972 -50.96453980302396 0
5094 0.3357195489805036 0.08179793686921259 0
5095 0.7045396243904153 0.05897563099741204 0
5096 0.7085022983563904 0.06186925475316425 0
5097 -103.2068847527123 90.06040921262766 0
5098 -79.76832958043904 96.88941689144492 0
5099 -36.01148284252564 -106.5156306924827 0
5100 -31.55645208715747 -131.0955985494051 0
5101 0.3858003866950815 0.06862354074061409 0
5102 0.1569135491605722 0.4537327890162117 0
5103 1.101992082931817 -0.1041930865455264 0
5104 -33.85109611342317 -21.4518145698312 0
5105 -0.6844082364829289 -2.194721082526248 0
5106 -51.10574456871292 68.0079786511299 0
5107 -20.31155552136906 1.54145081296497 0
5108 0.446743792122615 0.07062403463956653 0
5109 0.4502418553984781 0.06775464803298011 0
5110 0.4414932735296061 0.06942850884893138 0
5111 0.04051251094359333 0.03267570428328719 0
5112 0.7061275670536705 0.1184861524541031 0
5113 1.072099129080899 0.2022600314575428 0
5114 0.1404365130678819 -0.136010903862039 0
5115 0.7126405764036307 -0.2468686468858232 0
5116 0.7261631976421674 -0.196405465638289 0
5117 0.7804161150011675 -0.1908032929063342 0
5118 0.7478717441631439 -0.3014652461926626 0
5119 -51.81014205004913 -125.3326687834029 0
5120 -0.0560300309340067 -0.04677649728522686 0
5121 -0.05989773640345864 -0.0495122702190468 0
5122 -0.08731077220645642 -0.3364486255418032 0
5123 0.9162390084946505 -460.5085028336116 0
5124 1.135642926428991 -0.04677600398973117 0
5125 1.819508431265083 -0.8462873957557295 0
5126 1.949223494616476 -0.6696166186792174 0
5127 1.655095299346105 -0.998493798615102 0
5128 2.790482817604068 4.290932656115441 0
5129 0.9262987647305592 0.01921153408854096 0
5130 0.174370149458153 0.06071353341372312 0
5131 0.6482173900365026 0.07053954418495416 0
5132 -380.7717600469435 -251.2905279836027 0
5133 3.347331942897082 11.84974768363257 0
5134 5.483155235203176 9.93229490027718 0
5135 1.025614189614694 -0.03690112306402785 0
5136 3.011509568573289 -3.351995113350803 0
5137 0.9073032744896055 0.02744123338239825 0
5138 0.6332704149986919 0.06389450565478544 0
5139 0.9117359376135332 0.02594913412345861 0
5140 396.1786238588273 -186.2748416879953 0
5141 420.5171306105045 -115.4355908442865 0
5142 379.8194765184806 -101.4362357181857 0
5143 380.0784094022205 -167.5665556259499 0
5144 338.8431037554395 -87.44353038364969 0
5145 363.3712250555473 -82.6107661002234 0
5146 339.1325639437557 -153.58575858748 0
5147 298.1567724622204 -139.593472616522 0
5148 322.3938942578691 -68.61768964549945 0
5149 273.6283550193936 -144.4261419811141 0
5150 314.6058414553205 -158.4192471698432 0
5151 297.8654651098859 -73.45035387174882 0
5152 224.2800851182216 -87.94830061218831 0
5153 289.2037311672158 35.17732703807476 0
5154 297.2827676695267 58.83592313324445 0
5155 281.4160466045103 -54.62440914209471 0
5156 -151.1431956846989 -316.3828868826611 0
5157 -167.5926226698325 -297.5569379859621 0
5158 -406.9256708823264 140.7284453680422 0
5159 -433.154482300557 135.4818433407059 0
5160 -440.8483025585186 112.1356248605784 0
5161 -175.1688154329482 -387.1738831365733 0
5162 -180.2776497013724 -408.6933250837656 0
5163 280.8333406843863 77.66187202992806 0
5164 264.3839136992469 96.4878209266123 0
5165 239.8554502118004 91.65517372812742 0
5166 247.9344867141087 115.3137698232972 0
5167 223.4060232266621 110.4811226248123 0
5168 231.4850597289708 134.1397187199826 0
5169 206.9565962415235 129.3070715214972 0
5170 215.0356327438324 152.9656676166677 0
5171 190.5071692563849 148.1330204181822 0
5172 198.5862057586938 171.7916165133527 0
5173 174.0577422712463 166.9589693148672 0
5174 182.1367787735551 190.6175654100377 0
5175 157.6083152861077 185.7849182115522 0
5176 165.6873517884158 209.4435143067222 0
5177 141.1588883009688 204.6108671082369 0
5178 149.2379248032764 228.2694632034067 0
5179 124.7094613158302 223.4368160049218 0
5180 132.7884978181382 247.0954121000918 0
5181 108.260034330692 242.2627649016071 0
5182 116.3390708330005 265.9213609967775 0
5183 91.81060734555312 261.0887137982918 0
5184 83.73157084324603 237.4301177031222 0
5185 67.282143858108 256.2560665998085 0
5186 99.88964384786156 284.7473098934623 0
5187 173.7663882907243 233.1021104018926 0
5188 -151.4345496652633 -250.2397457957141 0
5189 142.617985603248 -126.1151893527226 0
5190 -382.0155149990995 79.46587174353178 0
5191 199.7524913420515 -92.78472025906908 0
5192 -12.41050064256639 -441.7152662268534 0
5193 420.0415283431262 16.56093853038981 0
5194 436.491001758831 -2.165920889616387 0
5195 -387.1064137917941 -209.5835110462567 0
5196 -406.732550582819 -191.9831387877676 0
5197 -80.73338873813111 425.54084019521 0
5198 -332.9609544657883 89.13197424305497 0
5199 -308.4324909775348 93.9646214411292 0
5200 -159.8049401481514 -207.7552008038369 0
5201 -151.7259036457833 -184.0966047086891 0
5202 -176.2543671333045 -188.9292519071489 0
5203 -168.1753306309265 -165.270655812004 0
5204 -192.7037941183735 -170.1033030104882 0
5205 -184.624757616054 -146.4447069153227 0
5206 -373.9360840902542 103.1243331555692 0
5207 -390.3973464917629 121.941195425653 0
5208 -324.8819179631787 112.7905703465809 0
5209 99.33940364051811 416.8687995473122 0
5210 107.1631223728302 440.2728385163257 0
5211 129.1390541482209 445.6503773312597 0
5212 151.2411407916891 429.0622707105578 0
5213 -243.8001989580734 283.2333902076504 0
5214 411.378503454806 125.5270963501685 0
5215 427.9747564142133 106.6649872596129 0
5216 438.2083848245252 132.1098790821978 0
5217 448.9964727559545 111.10058126203 0
5218 361.8810820312099 248.0188446199814 0
5219 232.9418296315804 -196.5759867151401 0
5220 395.6588238091441 11.97419092211736 0
5221 -154.1896555122918 410.3875216312439 0
5222 -148.6676509364183 432.8002858212133 0
5223 143.6788958329976 -390.6425104023836 0
5224 135.5679344316649 -414.2196894997791 0
5225 152.2574468738472 -432.1930993464178 0
5226 428.6263811626319 -25.62956866494091 0
5227 454.0446397187766 -20.90146943533141 0
5228 460.8764556043792 -63.49903939408682 0
5229 305.6531581523572 16.35137814138907 0
5230 -300.6448085982922 183.7663593570368 0
5231 -154.0567354934489 345.048524005267 0
5232 -211.4525576434385 377.7184244363149 0
5233 -228.6082807754759 396.6294024803393 0
5234 -235.9452178005444 372.1132882544308 0
5235 232.6504756439533 -130.4328456246898 0
5236 328.7654432601128 285.5738718029285 0
5237 353.9661995181553 289.5165991784317 0
5238 -137.315955163747 260.0794372494234 0
5239 -120.8665279421244 241.2534871524399 0
5240 248.5171946555624 -16.97251234132164 0
5241 273.0456581496536 -12.13986514603564 0
5242 289.4950848237418 -30.96581388758955 0
5243 281.1246946627469 11.51873094394383 0
5244 52.87219473662788 -187.9199721126764 0
5245 124.4181073353101 289.5799570919487 0
5246 330.1816216398062 21.18402533987505 0
5247 -20.67435454728123 -202.3066859530632 0
5248 -28.79223222801877 -226.0765098032992 0
5249 -134.6937686976899 -335.2088357740706 0
5250 -142.7728052008322 -358.8674318715924 0
5251 101.9242379382641 -178.2587288406011 0
5252 -218.1093458921317 23.49452350148244 0
5253 -315.3461115651636 -194.2665389995975 0
5254 126.170732004546 -107.2994682020087 0
5255 239.5640962312805 157.7983148151537 0
5256 -128.9455906732858 217.5950241842787 0
5257 -104.4171050598122 222.4275590800332 0
5258 -309.3065529179339 292.3940447065069 0
5259 -333.8350164051319 287.5613975067632 0
5260 -326.0937329807747 311.3643416853055 0
5261 -317.602437753396 335.1323755511368 0
5262 -350.7193608306603 304.8073132656244 0
5263 -359.5610043644816 282.0350264770512 0
5264 141.4609401501349 138.5334634270687 0
5265 -28.20952426697427 -358.362791977348 0
5266 -250.1311124072325 -137.2840521276453 0
5267 -225.6026491680373 -132.4514048431519 0
5268 -112.7874912248804 264.9120821566819 0
5269 183.8849026566882 -206.2412811121088 0
5270 -96.33806490168466 246.0861366197482 0
5271 -71.80960070643305 250.9187802257 0
5272 -79.88863798289164 227.2601880598043 0
5273 -55.36017375553617 232.09283150281 0
5274 -47.28113712993947 255.7514269722162 0
5275 -30.83171012993058 236.9254780000531 0
5276 -22.75267360462546 260.5840739784989 0
5277 -6.303246613146526 241.7581250496304 0
5278 1.775789894049386 265.4167211199912 0
5279 18.22521688106033 246.5907722137978 0
5280 26.30425338449275 270.2493683032577 0
5281 -38.9107467684623 213.2668831968079 0
5282 -87.96787904300585 203.6026302407092 0
5283 -63.73056409576826 274.5773757708945 0
5284 -382.3180844244069 145.5975264566353 0
5285 118.3777347344483 -197.0813017998753 0
5286 -167.8839766505633 -231.4137968989718 0
5287 249.6826105972415 -281.5450766988498 0
5288 143.1983661646262 -258.3911205009332 0
5289 118.6699026771804 -263.2237676994179 0
5290 166.8683224061885 -55.19345915358811 0
5291 -258.7928957588022 -28.65635257480951 0
5292 -243.2174915144693 150.9471106599114 0
5293 -226.7680646845848 132.12116255123 0
5294 -234.8471006316883 108.4625636380691 0
5295 -210.3186371576701 113.295210904709 0
5296 -218.9803877912097 221.92292830095 0
5297 77.98336618511843 -315.3736070882412 0
5298 86.06240268747847 -291.7150109929257 0
5299 -357.4891955050568 84.29925108193414 0
5300 -365.56802297428 60.64058360522433 0
5301 26.595568006084 204.1065973946851 0
5302 -136.4669456860524 -5.163948813978261 0
5303 290.0777127414857 -163.2520570356611 0
5304 -243.508847420196 217.0902615184935 0
5305 -349.1189555840425 41.81475750464032 0
5306 -209.1532212935826 -151.2773540479508 0
5307 -201.0741848127696 -127.6187579453341 0
5308 232.0677676848015 1.853436548442968 0
5309 -405.6331916612106 -123.7951426064331 0
5310 -413.1206868445626 -147.6659205911726 0
5311 217.207144772152 -376.0193014642508 0
5312 -118.1059633133793 -419.2179984910609 0
5313 -161.2575005673433 122.9675760638841 0
5314 -185.7880711261859 118.1299563545359 0
5315 -193.8674200096097 94.47033458755251 0
5316 20.84740322015217 -348.6974961355348 0
5317 -159.5135861675592 -273.8983418908906 0
5318 272.4629502015565 120.146417021783 0
5319 -226.1889312958424 -0.1638820965716956 0
5320 208.4133661441344 -201.4086339136246 0
5321 191.3838236456127 -50.30713769414613 0
5322 -315.9288227212378 -61.98025571856927 0
5323 -340.4572835969505 -66.81290382193852 0
5324 -324.0078566527403 -85.63885270444362 0
5325 -77.55780520560235 -301.8849452399425 0
5326 370.8681581318672 73.33386472869961 0
5327 150.8973482170007 29.13854816103013 0
5328 -144.3632372707526 -28.47027555004554 0
5329 151.8430809133539 -367.0129911987331 0
5330 192.546647120058 -314.8689671909418 0
5331 75.36118036041653 279.9146626949802 0
5332 -267.1632470129466 13.82817882513482 0
5333 -250.7144671101449 -4.997545504421116 0
5334 312.3041663844273 304.3591423666227 0
5335 321.6259222305553 326.4777224304443 0
5336 304.1968237091161 347.711900710129 0
5337 -135.576762891022 -136.7792041783438 0
5338 -102.6975702765206 -174.3385261120826 0
5339 -299.4794033681071 -80.80620197103877 0
5340 34.38328988765732 293.9079643940798 0
5341 305.3618041718348 82.49451922841408 0
5342 108.5510791496699 176.1237496904799 0
5343 -194.1606713034997 160.6129469469984 0
5344 -202.2393912313361 136.95426427598 0
5345 102.8031836665007 -376.6841009389457 0
5346 94.72414715301451 -400.3426970656443 0
5347 119.2132303938091 -395.4848496079014 0
5348 111.1297650470658 -419.0694594248667 0
5349 -192.1210861573122 -302.3895851845262 0
5350 -437.2658978271168 -85.62650378372889 0
5351 -69.478768698534 -278.2263491313454 0
5352 -44.95030521054777 -273.3937019313379 0
5353 -28.50087773012901 -292.2196494309995 0
5354 -3.972389508018217 -287.3869324641538 0
5355 -120.5771979045326 175.1206188282689 0
5356 249.3912566167186 -215.4019356118255 0
5357 257.4702931190267 -191.7433395166553 0
5358 67.85620416944371 124.2288000476204 0
5359 51.41308910169982 142.8472279681103 0
5360 43.84982116602212 119.6848573495129 0
5361 -168.4716602021784 -99.13166534572198 0
5362 -194.7432720940379 292.8986851672816 0
5363 -298.6878258729997 -279.2302560877848 0
5364 -177.4480194514784 75.65911557007401 0
5365 -372.7734290324544 -161.4472884013962 0
5366 -94.88129414909361 -84.62957312953299 0
5367 262.4182052751983 360.2833499644665 0
5368 274.3870453963119 384.8268999838412 0
5369 26.58023157747334 137.8577278204544 0
5370 -25.3896410994282 128.6552861019024 0
5371 -291.6917111438557 8.995531849591709 0
5372 298.4481837899864 -205.736641146047 0
5373 -217.2322576590668 -174.9359501905246 0
5374 241.5141621441194 -370.8784100412166 0
5375 395.3966216193132 78.16651192718463 0
5376 174.3635696312752 100.8150537762866 0
5377 36.42276775148962 -169.0940232159911 0
5378 -184.0420496550054 -278.7309890893745 0
5379 206.6652422610027 195.4502126085234 0
5380 -397.3018925007567 -166.2799356065132 0
5381 -421.8303559882029 -171.112582804998 0
5382 -217.5236703161116 -108.7927887762861 0
5383 -210.0337944563406 47.15441780315056 0
5384 -193.6441969713 28.34933067207636 0
5385 -12.3415840310477 -244.8990140626723 0
5386 -160.0985616266462 -141.6126936673059 0
5387 -176.5457211137405 -122.7861108201551 0
5388 -307.2670752761678 -170.6079428305234 0
5389 -200.7828306319602 -193.7618991017503 0
5390 200.3343296418268 -225.0672300087933 0
5391 -406.2549909463933 8.490891560001312 0
5392 346.0483406638971 134.6443586172391 0
5393 278.7177121341148 341.4986198856105 0
5394 12.18723533891463 -240.0653630365467 0
5395 207.2479502220114 63.16393043449035 0
5396 -184.9205135084346 -80.30410568763187 0
5397 -14.67363709034752 284.2426700129138 0
5398 -291.9830639967665 75.13867254593619 0
5399 -364.9857465922158 -71.64555119094814 0
5400 166.717558309415 10.91733827941384 0
5401 61.53393919998071 -296.5476581915556 0
5402 183.3095811762339 -73.98622527885531 0
5403 -325.1732719783612 178.9337116135491 0
5404 -233.973213514095 -89.96679961758647 0
5405 -209.744822577946 -18.98798737687586 0
5406 -257.9187941016534 -227.0857895964897 0
5407 -241.4693671136556 -245.9117384941659 0
5408 -249.5484036152107 -269.5703345895964 0
5409 -192.996312616443 -103.9609417293106 0
5410 413.3491110224785 194.310315286741 0
5411 419.8058083632889 82.90042117327688 0
5412 -307.558433185514 -104.4648003823023 0
5413 124.1267533547894 355.7230981789748 0
5414 -71.51912346546227 184.7800906474919 0
5415 -105.2366467528762 420.5802607286672 0
5416 -97.5156245845382 445.7762715448799 0
5417 307.6346163792882 -314.3729799614085 0
5418 58.62039939475832 364.8837526786939 0
5419 -332.0868934413784 -109.2974487004131 0
5420 -143.6553717126574 -160.4358965803029 0
5421 -134.985122680111 -269.0656946924052 0
5422 -356.1181631184736 -246.4063081387085 0
5423 -31.60806743543764 434.858994049259 0
5424 -45.49094949522961 454.1082606166988 0
5425 83.44021686272697 303.5732587901512 0
5426 165.1046438273734 341.7297964807739 0
5427 200.625683622356 -291.2103710957996 0
5428 -210.901347999421 245.5815077000553 0
5429 148.6552168422352 360.5557453774587 0
5430 -356.9067101631584 -47.98695507039938 0
5431 -104.9998085158385 354.7138183884409 0
5432 241.6035740949339 -305.203672794019 0
5433 -283.9040274953345 98.79726866920251 0
5434 -232.7286913499717 -354.4704572849963 0
5435 -242.9261370353834 84.80396704110623 0
5436 -218.3973752345641 89.6367932429749 0
5437 -293.2175115241484 340.379562245321 0
5438 -284.3086633579086 364.1448367779832 0
5439 -260.5428363769331 368.2046048500122 0
5440 -259.958272445128 235.9162004659722 0
5441 -325.4646259313292 245.0768525607267 0
5442 -127.1974401583258 -179.2639575102112 0
5443 -201.9524193807842 70.81263594362936 0
5444 101.58123111576 -112.1752710771354 0
5445 -153.474077257339 212.7624942147803 0
5446 217.0751106074916 -310.0363199924926 0
5447 127.0402931604424 -305.7083126900552 0
5448 298.7363827121712 -271.8456266282893 0
5449 231.7764137094794 67.99657763296423 0
5450 355.0014496144397 -40.12647653653625 0
5451 69.61308460299215 -272.8887549232841 0
5452 -348.8276736993965 -24.32835896187468 0
5453 -20.42162167676629 -268.5604340544451 0
5454 -137.6073085229307 326.222575182787 0
5455 -110.7527787741241 -198.0744423736122 0
5456 356.6235553233126 -238.8215607347958 0
5457 -434.0951169568481 -130.3557760681904 0
5458 -94.29938045484018 -216.913277964611 0
5459 -69.77012270060339 -212.0832081050976 0
5460 -112.496744721309 198.7720244120503 0
5461 -63.43939082397662 208.4351528483635 0
5462 -439.2053282296752 45.26419297286137 0
5463 -448.6522681042819 21.54754757282624 0
5464 -300.3534544856769 117.6232175959768 0
5465 -381.4351735098329 -52.81960231765656 0
5466 281.9987434433617 -186.9106857066701 0
5467 393.8431241257642 211.2967773734607 0
5468 401.0222859730391 233.6254945328794 0
5469 -22.46132485127847 194.4409820937337 0
5470 -290.8176481740381 -189.4338917677419 0
5471 354.1273771662044 158.3029547124088 0
5472 337.6779501810659 177.1289036090934 0
5473 -235.429810515041 240.7488555689771 0
5474 -14.38228511081378 218.0995477137637 0
5475 -53.32012725333564 -230.9066545666981 0
5476 110.5908661750049 -286.8823637942142 0
5477 -36.87093376957218 -249.7340112525412 0
5478 266.1254699613223 -300.3563352659497 0
5479 -298.8966845913285 -213.092487892367 0
5480 157.316961305586 251.9280592985777 0
5481 -342.2955391585135 263.7632196384939 0
5482 -77.2664512418671 -368.0280863743156 0
5483 42.17097240962056 383.7097015753775 0
5484 -259.3755640371389 103.6299160215841 0
5485 10.14617158971601 222.9322587739498 0
5486 102.2205109550954 -244.397719337246 0
5487 -55.9428815401786 364.3791127815139 0
5488 -63.47352064265226 -454.4289391019635 0
5489 -39.71656931270553 -473.4725827005553 0
5490 -397.8846004683856 -33.99365343018236 0
5491 159.0650851887192 -144.9307872235698 0
5492 34.67463175574989 227.7649372220509 0
5493 215.3269867243453 86.82252652964725 0
5494 -129.5282720070444 349.8811712090391 0
5495 85.7710487069038 -225.571869906047 0
5496 313.1494866936199 172.2962564106086 0
5497 -60.81799034604047 -386.849131812172 0
5498 -227.3507725991969 264.4074444896131 0
5499 -64.02191804282423 340.7205166880581 0
5500 -282.4472575907137 -231.9184367944145 0
5501 -31.41441805273429 369.2117599800077 0
5502 -88.55038153216873 335.8878694992086 0
5503 -235.7211624551992 306.8919862999472 0
5504 -256.5651797938103 -358.6984819479671 0
5505 -341.6141526153602 197.7567419439659 0
5506 183.59400540038 -140.1001576614112 0
5507 42.8627243171324 452.2028623057873 0
5508 290.7366062293568 -295.4828335046234 0
5509 -227.6421259531134 330.5505823962438 0
5510 321.864399061115 -334.7199912646905 0
5511 93.84913558663426 -201.9140615296067 0
5512 -265.9978306010555 -250.744385692666 0
5513 296.7000597084809 191.1222053072937 0
5514 288.3296692256494 233.606750299148 0
5515 -219.2717356286425 288.0660382081549 0
5516 60.94125736388567 -164.3095528899775 0
5517 304.7790962107881 214.7808014024632 0
5518 198.8799719691311 105.6483463510696 0
5519 77.3931399056713 -183.1002119917675 0
5520 447.3942690503379 86.98382027895974 0
5521 -244.0827274458849 349.2336078297163 0
5522 -333.533691728926 221.4148516481247 0
5523 191.6741326367695 -116.4462990047963 0
5524 94.1414984801112 -268.0562476592309 0
5525 -14.96499106761802 350.3858110834331 0
5526 9.563472419854831 355.218458281783 0
5527 -273.4784735783182 -340.2778429290975 0
5528 -281.864549624268 -364.204718970335 0
5529 -431.0200188802361 3.50213674688822 0
5530 -274.0906163165171 -274.4020863049353 0
5531 -414.3734548569176 -15.19372247077179 0
5532 263.8012057382036 228.7741031006637 0
5533 25.72154542448274 402.5356504720609 0
5534 17.64250892217256 378.8770543769028 0
5535 -282.2544396373465 -298.0551602541406 0
5536 182.4344023943219 124.4772617590084 0
5537 -265.6717260344722 -316.8417438507893 0
5538 238.9813882702334 290.0845969892032 0
5539 -167.2660203960292 -363.6692804005776 0
5540 86.63056500528943 -423.9479939564081 0
5541 103.535214337076 -442.6272436580412 0
5542 79.57308357209689 -448.0068300997248 0
5543 247.3517787530651 247.6000519973487 0
5544 33.91611824634566 426.4357056751472 0
5545 -455.3119179195209 -1.174402837577458 0
5546 -463.3788500967927 40.86400452408381 0
5547 -36.29003673906991 -382.0138966770987 0
5548 165.9787057689394 143.300373219698 0
5549 255.4308152553721 271.2586480925182 0
5550 214.4529247827878 285.2519497907188 0
5551 149.530670683225 162.1435881130253 0
5552 198.0034977976494 304.0778986874041 0
5553 206.0825342999566 327.7364947825737 0
5554 133.0796411762924 180.9621460874908 0
5555 -11.76079128581231 -377.1852184047729 0
5556 189.6197489928574 346.5507716651171 0
5557 116.6303666610234 199.7795491014985 0
5558 173.1680956207261 365.3747752261118 0
5559 12.76815148182476 -372.3550031421314 0
5560 100.1809713710059 218.6045211321939 0
5561 181.1784018546177 388.7788510857802 0
5562 75.65249849607518 213.7718904920875 0
5563 29.21657805150343 -391.1758749147463 0
5564 59.2031042112876 232.5975014567799 0
5565 42.75367782727808 251.4234435486988 0
5566 53.7450314791118 -386.3431766744158 0
5567 50.83271644887196 275.0820195220823 0
5568 70.18478837419508 -405.1234657737929 0
5569 189.4516392455249 411.2382788382453 0
5570 216.2014515025523 -111.6086513066248 0
5571 257.1789373842101 -125.6001975853146 0
5572 346.9222628178591 -63.78500718162042 0
5573 355.5762660218989 -172.4094362776924 0
5574 404.1680597402279 -96.55532713506472 0
5575 387.869642380282 -77.77007004164844 0
5576 -0.3881587745257942 -0.1332992661069235 0
5577 -0.4029663788841882 -0.2066318120862769 0
5578 0.5245225367875296 -0.204562563467766 0
5579 412.5052557177128 -203.8663849993284 0
5580 -0.02268999507753639 0.02524956337147215 0
5581 13.07665918734707 6.621288792662297 0
5582 6.53279292944359 -2.529933393533398 0
5583 14.77530718361743 -4.581159631434242 0
5584 0.04854356368854212 0.05197035322844067 0
5585 0.7102853282671161 0.06621279491876472 0
5586 99.20075494473924 -467.3191268500514 0
5587 0.704842275907716 0.1018524208304616 0
5588 0.1126352940622501 0.05862089500747578 0
5589 0.06728820702585266 -0.1506164512577451 0
5590 68.86281548208878 -140.7379161809286 0
5591 -0.09525386106699421 -0.1003464061702615 0
5592 -0.1014463364300064 -0.1023470966947172 0
5593 -0.0474373761461456 0.005755121068794462 0
5594 -0.08144388202894816 -0.1235431274122039 0
5595 0.7193517236048979 0.05553165994806114 0
5596 0.5182695544337952 0.1980840299595375 0
5597 -0.08687068231376495 -0.09701215844699357 0
5598 -0.08965708579881232 -0.094645985400078 0
5599 0.890197887033378 0.02441168884589303 0
5600 0.4953385635920635 0.5203118721229441 0
5601 1.364837101612829 -0.06772442707980601 0
5602 1.133826847317488 -0.1752743480470998 0
5603 -95.73761481338153 114.2776902557281 0
5604 212.9372388935157 414.9159536594414 0
5605 1.15639388585323 -0.1099744165308084 0
5606 1.150456933119405 -0.1003342119654548 0
5607 -427.1168896962896 -213.0372803300091 0
5608 -0.06319418466660824 -0.1187996470427672 0
5609 1.033802664759023 -0.04396307747902758 0
5610 1.035754716236052 -0.04792024307568824 0
5611 -0.1013069265963538 -0.166348702513697 0
5612 0.5082779709917047 0.06972085887532128 0
5613 32.63880025310619 -6.358246891694768 0
5614 -2.500113444258327 2.063132767326519 0
5615 1.852780329211798 -0.3109507725012249 0
5616 128.7807631588942 -437.644072168459 0
5617 0.3047711175499278 0.06518082189275522 0
5618 0.3272759873242292 0.06872332747755232 0
5619 1.125545839541864 -0.1257478522349552 0
5620 1.020595912101729 -0.03338758471175321 0
5621 0.6738492530589204 0.07164727604799713 0
5622 0.7552240727174708 0.05364905058535897 0
5623 0.5876404730698117 0.07104954207532954 0
5624 0.2518436083119978 0.06569256947785007 0
5625 0.1233933706638621 -0.1180825268031561 0
5626 0.04103480235017009 0.01365044388137259 0
5627 0.131164548459977 -0.2708207870157833 0
5628 0.3874777990407892 0.07820855871584649 0
5629 -0.1572726434408299 -0.307411376434605 0
5630 -0.2277765702607105 -0.2681866904971655 0
5631 37.17680436206782 79.52931440397478 0
5632 22.18325060227043 93.40140027125257 0
5633 1.454935844103617 -26.32303938829467 0
5634 7.070680879518767 -23.54804385025912 0
5635 13.16189442317266 -25.32793347240443 0
5636 10.76708326104239 -19.32144217714965 0
5637 -0.05691824944566264 -0.1186951847979804 0
5638 1.116842623602637 -0.1455962145829824 0
5639 1.112378237017139 -0.143181268403395 0
5640 0.7171282781234335 0.1080486911284927 0
5641 0.402103154456351 0.1269964498589601 0
5642 0.4105243200488244 0.07997287763850922 0
5643 52.40775722893465 -121.9684849715965 0
5644 -0.0008410537962693662 -0.1637010843660495 0
5645 0.9160910330175881 0.02789462630581249 0
5646 0.9545315132753306 0.009030577269503048 0
5647 -0.08104944373569606 -0.08235775262688912 0
5648 -0.08462094390987154 -0.08194811171228429 0
5649 -0.08566439463984284 -0.07752892622209751 0
5650 0.8069429180603553 0.05208149459999435 0
5651 -72.09111100478157 119.6768676649911 0
5652 197.5890597799464 435.4933357713722 0
5653 -392.9184830207658 250.3392648066222 0
5654 -127.1395370868228 -47.35443520172078 0
5655 -0.08485041645556431 -0.09094354813165191 0
5656 -0.08369166255152831 -0.08800292330131192 0
5657 0.7766755337337392 0.05849231663097428 0
5658 0.7749858101616638 0.05271431530197443 0
5659 0.1493188647344157 0.06675884534245999 0
5660 0.7160957238645066 0.06517016859764424 0
5661 0.9025001599572398 0.02731052692490517 0
5662 -0.01703181739919917 -0.01344314777698127 0
5663 -0.405514934707995 -0.4364156001091372 0
5664 -71.65287334336021 449.1396033873677 0
5665 0.8965687658069939 0.02437769918291427 0
5666 0.8950238542483878 0.02746398895583972 0
5667 0.8047142802311146 0.0476962811003915 0
5668 0.8092348607354796 0.0476557757342136 0
5669 -4.152206787123595 7.898829298859559 0
5670 1.166985710428567 0.202985236896037 0
5671 0.1162728577383624 0.0530321364990303 0
5672 0.01825324655866035 0.01670301978960434 0
5673 1.191040821619653 0.5311868932950352 0
5674 0.2600918938551162 -0.1552810684544851 0
5675 0.2343236425012482 -0.1740923919877215 0
5676 3.68368633109947 2.517865004690282 0
5677 0.002252240034686965 0.003118511990642777 0
5678 -0.002420763293174275 0.0008853167425522324 0
5679 -0.0001697398072971598 -0.002664910705000829 0
5680 0.4688352636662066 0.06833563363020176 0
5681 1.205059475092239 0.03591764663470619 0
5682 1.189528540875159 -0.00131851190593244 0
5683 0.2559539126846989 -0.4196790939625711 0
5684 -0.1916583388241437 -0.009645368467450548 0
5685 -0.166028343794168 -0.02267883475587859 0
5686 -47.65427652662076 16.89733677011246 0
5687 0.3713729350328775 0.06779082743217621 0
5688 0.3663104467248299 0.06834939319131481 0
5689 0.3656758049600334 0.07416973004005803 0
5690 0.3609836307797202 0.06969026745833332 0
5691 -58.95612361333684 6.434670351606117 0
5692 0.3790827239043713 0.1123206512299075 0
5693 -0.0549911049157674 -0.01132571840515646 0
5694 -0.0794731315334733 -0.07965740706073607 0
5695 -0.0811435206482474 -0.07683349804601636 0
5696 3.02476821254382 -2.464800459338993 0
5697 0.4628243488226016 -0.1567485680393264 0
5698 1.117364946513661 -0.05221443722144539 0
5699 0.1039511336355475 0.04402713259679285 0
5700 1.064876434503372 0.08908858359734194 0
5701 -0.08789298543935459 -0.1244276061530628 0
5702 0.7329413561415443 0.1085731824577208 0
5703 55.68225183688339 -452.7825294875287 0
5704 0.2105524921421455 0.06349137406973736 0
5705 0.2124839091299575 0.05875432871998136 0
5706 0.2191526857937983 0.05923834893290863 0
5707 369.9380528917197 270.8475825273415 0
5708 0.902847673312152 0.02342416203849624 0
5709 -7.781295733432673 52.34070592639063 0
5710 -0.05357401548778398 -0.1184468740316626 0
5711 -0.05453644491281393 -0.1220391970586735 0
5712 -0.07044991805069048 -0.0630355303596942 0
5713 -0.006421850698061385 0.003781765451841905 0
5714 1.041608456081015 -0.03721002875074948 0
5715 -0.03853401006305369 -0.004243420390589276 0
5716 0.9621737602433229 0.03454273418993858 0
5717 1.132620876033959 -0.108537608787755 0
5718 0.6954996900640155 0.05957709349664603 0
5719 0.2695603867490544 0.1261193824460419 0
5720 -0.1438799996947355 -0.07310474588948131 0
5721 232.9238680912516 -394.1008930564953 0
5722 227.4373910514734 -418.3271492555328 0
5723 -0.776750729432777 -5.325858374683242 0
5724 0.2857807519757789 0.07093747902076228 0
5725 0.2860881512640775 0.0644655016195414 0
5726 0.06526746620208365 0.03162744170901136 0
5727 0.06031242417757229 0.0299143838444241 0
5728 -122.5848486413371 438.5638944552872 0
5729 -0.9870197196544452 0.137843891974578 0
5730 -20.36387999229701 57.21051981701947 0
5731 0.9555577043865813 0.005343329487961582 0
5732 0.9508764802809737 0.009376928806100625 0
5733 0.318510925521601 0.06520077955784992 0
5734 0.3248239026428418 0.06487448422846818 0
5735 -0.04716210918390427 -0.03453207433285282 0
5736 -465.6339737919298 106.7722140793551 0
5737 -477.9221364271959 -9.56649084903678 0
5738 476.2605972929691 55.9717511094635 0
5739 389.0803746538016 -278.7325004583458 0
5740 -240.2064949496576 -415.1939785806008 0
5741 84.8022094005436 472.197436712736 0
5742 -471.5601246682799 83.14256377686061 0
5743 363.0176674171151 311.4224096162965 0
5744 -55.92102578195122 476.4815556060771 0
5745 -448.6142996037752 -170.0207168209421 0
5746 477.9030954231091 -13.40861622367411 0
5747 146.9066742028379 -455.1438116623567 0
5748 170.0207168209426 -448.6142996037749 0
5749 -280.4063506741172 -389.9345883822062 0
5750 -334.1635473178127 -347.5736316628907 0
5751 -474.9903032901416 -56.67894981324828 0
5752 -461.4833770102578 -125.1653150588964 0
5753 -405.3149199464038 -253.5047973368897 0
5754 -107.8885078975484 -462.7463959639393 0
5755 -435.0085955264196 198.464896399616 0
5756 -151.600697318171 -449.9729645890505 0
5757 292.9255390082812 -379.9427095681666 0
5758 273.9297922317544 -393.8582268852077 0
5759 -190.9673900641662 440.1723397726216 0
5760 -252.9829267413593 406.6302836915184 0
5761 444.825822954519 -175.8726505234165 0
5762 -198.6912904058966 -437.3383002177917 0
5763 -102.9545094152359 471.2969974536974 0
5764 -451.4224549073499 153.2523541321686 0
5765 478.7064994030444 32.82631521801757 0
5766 378.7983633490544 292.6424053485579 0
5767 0.9082158607465677 0.02310152178859792 0
5768 0.2845715584691745 0.1119135826336552 0
5769 -0.07604775463401908 -0.07455383121988425 0
5770 0.07557639821882771 0.02410234596956902 0
5771 0.07678328996957248 0.02760157989432153 0
5772 1.115151197790532 0.007103575370159139 0
5773 0.8613483685777752 0.03897504208199933 0
5774 1.036935202098609 0.09021557703034924 0
5775 1.086151843500454 -0.08808430712234774 0
5776 1.082420965059204 -0.08875337979689239 0
5777 0.4623890012474387 0.06894963580720792 0
5778 -295.1890271861225 -343.0470656265464 0
5779 1.040590646864484 -0.2040431479280124 0
5780 1.047268881746355 -0.2290136734863661 0
5781 0.915099280373467 0.02087393877501646 0
5782 1.211997290222886 -0.2923157858013787 0
5783 29.61290983047187 9.793339382428497 0
5784 0.4304704336893438 0.06736533312460236 0
5785 -0.05660881655973303 -0.05040652331751817 0
5786 -0.06248783389238537 -0.05389329619844646 0
5787 42.98171912454821 32.36893426748856 0
5788 0.3066873943611417 0.07428493838434928 0
5789 0.1531542950371837 0.05016084894924096 0
5790 -0.04782077853154912 -0.117004246805304 0
5791 0.5128967072617351 0.07655698928994333 0
5792 0.7030447167458808 -0.01293267321137358 0
5793 0.7064228692165222 -0.01466890280808953 0
5794 0.7115494926108763 -0.01595189064833288 0
5795 4.752841116395804 -8.135624736590916 0
5796 -374.9387787303438 300.5349383118823 0
5797 0.1467305134009657 0.04893921127709634 0
5798 0.08336561356331304 0.02818635688886389 0
5799 0.9177178270811335 0.019704279215208 0
5800 -0.07235091369263019 -0.06922638433861714 0
5801 0.6391468697380979 0.06247485003737171 0
5802 0.1347757576609384 0.3778865706651238 0
5803 0.07185805212354474 0.4364140665546594 0
5804 8.953641870668468 6.702319646040431 0
5805 0.4574167478301232 0.06792263438503812 0
5806 0.9234051040804827 0.01753206289117034 0
5807 0.6872915287655039 -0.02513637488474395 0
5808 -0.1131425267901583 0.1174035290806428 0
5809 -0.07513975689745117 0.1117709393784283 0
5810 -0.06081258802709505 0.08361680872065637 0
5811 -0.03947255828922319 0.1066156913321387 0
5812 -0.1530826119228261 0.118186132069137 0
5813 0.08893960901779333 0.03082790650520255 0
5814 -0.04778896031841749 -0.2357200792415604 0
5815 -0.07386424958093149 -0.250841290932747 0
5816 0.8977989280215461 -0.02440372687595648 0
5817 0.6056181526262898 -0.0874536947106256 0
5818 -0.06796567883904155 -0.06537461695815402 0
5819 0.4083463297566678 0.07000883203324182 0
5820 0.7883891928364061 0.02819576759239164 0
5821 0.09456627142862892 0.03322052815749165 0
5822 0.2793712856384324 0.06319245214267817 0
5823 0.8423340154027206 0.02667408011096228 0
5824 0.1001965415577671 0.03577713716346107 0
5825 -446.8766567846289 -105.8794773012325 0
5826 0.8200322805191943 0.02626160194068046 0
5827 0.1635843025430661 -0.05873710602265914 0
5828 1.094038816697679 0.00010162348073738 0
5829 -0.01301686934938055 0.03419430530843427 0
5830 0.9318014719740121 0.01445052810087106 0
5831 0.9315617756995128 0.01782943935922197 0
5832 150.7433456365513 455.5429031945382 0
5833 0.103059800910577 0.03687431810402447 0
5834 0.1912512622615112 0.07914549258419026 0
5835 1.040649968310557 -0.09122821774270598 0
5836 0.1593163150738507 0.05065758558925954 0
5837 0.1090530650374028 0.03817225802451792 0
5838 0.9346129564237452 0.01320541637053175 0
5839 0.9374909500463413 0.01558910659183355 0
5840 -0.06648318107629043 -0.06298499832201386 0
5841 -408.2198140743943 204.6989184990969 0
5842 -0.06880795090049115 -0.1213592238767662 0
5843 0.1146387995142147 0.04046465653735501 0
5844 0.9401447585904273 0.01073651871784151 0
5845 0.2559116762879793 0.0625657633366828 0
5846 -233.9007200440252 419.313512642914 0
5847 -0.06226496002587008 -0.05836660215010767 0
5848 -0.06629019056390624 -0.05695678681732599 0
5849 0.1204629594679948 0.04224662968570183 0
5850 0.7599088964255514 0.02707326015722061 0
5851 0.7646758420057286 0.02811225732504213 0
5852 0.7683268591225366 0.02429700820901902 0
5853 0.1263079202214381 0.04394285201142881 0
5854 0.1269034016551783 0.04710231027383379 0
5855 0.7806276810281436 0.02778587541405536 0
5856 0.7760856840227089 0.02866791406077769 0
5857 0.1321990782734112 0.04555732238876902 0
5858 0.9429072185448616 0.00950081621900566 0
5859 1.547152002577344 0.5327472306989082 0
5860 0.5424974427933794 -0.05641964870753463 0
5861 0.5388314777097027 -0.0513041489783847 0
5862 0.140616942425351 0.04809415511177886 0
5863 -0.05990440469155497 -0.05630003225888346 0
5864 0.9483578568794681 0.006881126313316202 0
5865 0.8894526864530788 0.06404646523477543 0
5866 0.901259073745059 0.06161559805739313 0
5867 0.1351977517847326 0.0463538112254208 0
5868 -0.2062934750855378 0.3855840481520379 0
5869 337.2781221714622 307.9158461905701 0
5870 -0.3852204034884857 0.5072616937867203 0
5871 0.5146940747612291 -0.06276350334460411 0
5872 0.7060544840864302 -0.007713678463561262 0
5873 9.710128762116909 20.29979072082202 0
5874 3.185467116759773 27.65598063341777 0
5875 0.961798711862649 3.835574289940468e-05 0
5876 1.293045348067626 1.765233058018034 0
5877 0.9671192387393402 -0.00272459800257608 0
5878 0.03763588955052377 0.02013779841983647 0
5879 1.04971026335987 -0.05808888911679352 0
5880 0.04590550443101528 -0.02783836019724054 0
5881 0.9700390389356897 -0.004003954357117559 0
5882 1.086052921210731 -0.07982888148688828 0
5883 0.8067474417901224 0.01709047621333444 0
5884 0.9755487789208745 -0.007512051897349052 0
5885 0.979815053797966 -0.01064717393440657 0
5886 -0.04974698593812914 -0.04542879747173664 0
5887 0.8672030835039722 0.03524704787462858 0
5888 0.8681175921121779 0.03889841449144536 0
5889 0.9825885794138678 -0.01226017680330467 0
5890 0.985270761383924 -0.0100540731953907 0
5891 0.07261254243328863 -0.03675821737320969 0
5892 0.07047123529794763 -0.03935044095224051 0
5893 0.06659176230109483 -0.03875001608171857 0
5894 1.005070599320805 -0.02740878296641456 0
5895 -0.03319781116933601 -0.113665707632849 0
5896 1.000178543577416 -0.02389014549975579 0
5897 1.003148081155874 -0.02225822280665816 0
5898 0.9951790122164581 -0.02052558392997441 0
5899 0.9877466359416758 -0.0155334497260181 0
5900 0.1233549672848893 -0.04434423618208649 0
5901 0.1214740927413398 -0.04715747005014562 0
5902 0.1500634972333403 1.222285532122356 0
5903 -0.6225271028656456 -0.7789417163859823 0
5904 0.1173694347005089 -0.04348538606304383 0
5905 0.9926295496981896 -0.01891544753827755 0
5906 0.8579106876448711 0.037263899416477 0
5907 -0.02601708646738359 -0.1361868738387025 0
5908 1.010014372414497 -0.03085612280823381 0
5909 0.2259525459005218 -2.020596243902021 0
5910 0.09888409842358317 -2.493345883606198 0
5911 -0.04520722249989745 -0.0413495093507571 0
5912 0.06688037511115287 -0.0352048826410327 0
5913 0.06245765368457471 -0.03893223248872396 0
5914 62.47354828814277 101.9940256101918 0
5915 1.014849151794249 -0.03444837377949734 0
5916 1.015455467552728 -0.03111017837154487 0
5917 0.8522179262623134 0.03742767882451434 0
5918 0.8510919806258054 0.04082827993821965 0
5919 0.8466901198371912 0.04135049625974378 0
5920 -0.04080900507560359 -0.03699561053640821 0
5921 2.565976533294243 -0.6235126199895903 0
5922 0.1293557320177213 -0.04506397381654172 0
5923 0.1275016883730269 -0.04789458285015538 0
5924 0.0905176004516733 -0.03958258875406455 0
5925 0.08452658566154812 -0.03878679500806029 0
5926 0.08555648585531418 -0.04202096219402964 0
5927 0.8461705253730822 0.0379293013047821 0
5928 -0.03851584587021095 -0.03515299072495737 0
5929 41.96300059190584 48.89696528900252 0
5930 1.017289560506498 -0.03607975760099295 0
5931 0.8402599538460848 0.03928094246392202 0
5932 0.8424983741019509 0.04244983224869379 0
5933 0.8383305669715309 0.04272245639105798 0
5934 0.07856822696028254 -0.03778969959493964 0
5935 0.0795605711262455 -0.04104461244944788 0
5936 -0.03393549525146861 -0.03118926873723911 0
5937 -0.03779037773390025 -0.02967089863144306 0
5938 -0.03366126538395739 -0.02712085499956944 0
5939 0.1353576200793147 -0.04574237791008062 0
5940 0.06078384127298767 -0.03502252977449941 0
5941 0.05849550360733502 -0.03858372527391243 0
5942 1.095595008515857 -0.1019484287330912 0
5943 1.096436623997926 -0.09872647920857672 0
5944 1.099433858941747 -0.1065766870968735 0
5945 1.091074459615466 -0.0978432818935016 0
5946 0.111393273697489 -0.04260347993327697 0
5947 0.1122220736766597 -0.04596588644037893 0
5948 0.1082417900517194 -0.04532054028896484 0
5949 -0.03165678319200526 -0.02946016559867906 0
5950 0.8373590243108899 0.03929647619824465 0
5951 0.8345116138573405 0.04386387718907463 0
5952 0.8380132321106394 0.04760610880429145 0
5953 -0.02019602464718008 -0.01947236925674159 0
5954 0.1413581621140139 -0.04639764664102977 0
5955 1.022121459760116 -0.03966843700034105 0
5956 -0.02713061066941007 -0.02551294689450027 0
5957 1.086573165352051 -0.09384894836009307 0
5958 0.6479934891946212 0.0587502122370731 0
5959 0.6463170998300081 0.06180687289758423 0
5960 -0.02252606701241411 -0.02159990123445598 0
5961 1.101861238427615 -0.1083323561698659 0
5962 0.8312835756237493 0.04057949176731894 0
5963 1.071932777017329 0.8419613320107545 0
5964 0.6421869835775641 0.05990635445364291 0
5965 0.2103369381985652 0.05559499279473188 0
5966 0.213300628902613 0.05573780549473785 0
5967 0.6991578080042942 0.05509692682161249 0
5968 0.7893435134491844 0.04610814013943899 0
5969 0.7911932226913592 0.04959617831719869 0
5970 0.7959574619324504 0.04619435129671074 0
5971 0.8252996325202173 0.04142683992756711 0
5972 0.827186296763804 0.04453199349147012 0
5973 0.7835231428808768 0.04715741958714725 0
5974 0.782186658248731 0.05064453382990113 0
5975 0.779777771840881 0.05445288778677264 0
5976 0.8071344181328679 0.04433785141101908 0
5977 0.7746796666575936 0.04843455428423184 0
5978 0.7775343718840473 0.04733008305876921 0
5979 0.7621163215124105 0.0493223440232138 0
5980 0.769052764410892 0.04891932495851806 0
5981 0.7673292174342143 0.05197868257569997 0
5982 0.2251671645593214 0.05716925408579744 0
5983 0.6388892733041723 0.05924855372207301 0
5984 0.6962369653010916 0.05554891851876778 0
5985 0.8131812250142368 0.04287616751407662 0
5986 0.8160794502406732 0.04349771004828606 0
5987 0.7565669857929312 0.05016091800720021 0
5988 0.7051813826408441 0.05460874765673555 0
5989 0.228323465814257 0.0573648890561566 0
5990 0.7503375649465016 0.05060926469226947 0
5991 -0.01510624987035762 -0.01639038834384888 0
5992 0.5025416465447395 -0.05053208750825096 0
5993 0.496517094784669 -0.05106957919072021 0
5994 1.075390885450298 -0.08379906572684141 0
5995 0.5085601768010565 -0.04965848008612405 0
5996 0.4908314164889936 -0.05206710729732125 0
5997 0.2043022011495662 0.05523394841723697 0
5998 0.2025158178629488 0.05812953699910059 0
5999 0.8043371622246959 0.04424257364113685 0
6000 0.5115638046639033 -0.04992668416122802 0
6001 0.4845097223039317 -0.05224199035116497 0
6002 0.6901008311958106 0.05633361086262839 0
6003 0.4784863471012864 -0.05259046764358619 0
6004 0.4802526698410122 -0.05571229563664034 0
6005 0.4764659123563615 -0.05621155906489823 0
6006 0.4784226866142499 -0.05976496060142933 0
6007 1.026932805739603 -0.04341678071548631 0
6008 0.5173031731411188 -0.04950321087949713 0
6009 0.7443040592677819 0.05116713315992571 0
6010 0.7432224502034771 0.05476973832480528 0
6011 0.4754800208831029 -0.05282859362136022 0
6012 0.523567767860361 -0.04850457508706997 0
6013 0.7381897746203028 0.05134957491903235 0
6014 0.2344412568404695 0.05740739056631355 0
6015 0.4694649613640298 -0.05327241821819104 0
6016 0.5265279893397879 -0.04800738011720269 0
6017 0.4636214667392777 -0.05386485204542936 0
6018 1.073636189855438 -0.08111128440689781 0
6019 0.1443637913135416 -0.04667995266788021 0
6020 0.1455263237209941 -0.05041791325034262 0
6021 0.8223189850687465 0.04193510251163192 0
6022 0.5325475525969526 -0.04741507136413144 0
6023 0.5345052383770327 -0.05016239414146725 0
6024 0.460526458932365 -0.05428287037583152 0
6025 0.4591536343050246 -0.05751574561754256 0
6026 0.4550689000886922 -0.05746600399464049 0
6027 0.240462938494817 0.05790578912347449 0
6028 0.2853362423174666 0.0607786958410501 0
6029 0.2916568770666354 0.06100137248452236 0
6030 0.2931157805340521 0.06453300794208604 0
6031 0.5389454134199472 -0.04697476385667226 0
6032 1.068589080133681 -0.0778773504497403 0
6033 0.4544555334310048 -0.05391386829172828 0
6034 0.7111611647038321 0.05429520051719626 0
6035 0.7129826866249005 0.05712505978459034 0
6036 0.448318565677466 -0.05486188987251378 0
6037 0.4504135844659708 -0.05811056757767957 0
6038 0.4481831950728548 -0.06229075730129809 0
6039 0.5441586834555602 -0.04668002336220603 0
6040 0.5507478413830532 -0.04550121559983288 0
6041 0.7352716321451417 0.05192830995595543 0
6042 0.6866498731834502 0.05661931890762186 0
6043 0.7292075008392583 0.0520665221244489 0
6044 0.4455421595742458 -0.05447842243936302 0
6045 0.2977689395271453 0.06103175163631986 0
6046 0.6328818203218912 0.06027216286855851 0
6047 0.5534529149653015 -0.04467859093141366 0
6048 0.4394496083875561 -0.05530990947042674 0
6049 0.5594456888539173 -0.04399243266956947 0
6050 0.4333584410714353 -0.05549628377665447 0
6051 0.1982807635304097 0.05472135998444225 0
6052 0.1965123414451279 0.05761069021259867 0
6053 0.2434774365681648 0.058109106425133 0
6054 0.2447912945756666 0.06124745113983224 0
6055 0.2484541203977814 0.06184290368177435 0
6056 1.066568869752902 -0.07573371547243006 0
6057 1.066958933327416 -0.07259550923894892 0
6058 0.4303663616625247 -0.05581945241011237 0
6059 0.5654980652110452 -0.0432395230874375 0
6060 0.5641643166885719 -0.04661543509557124 0
6061 0.3007177426436697 0.06105839597120934 0
6062 0.4243070551657125 -0.05580699105270736 0
6063 0.4212942807296327 -0.05594688785352755 0
6064 0.2796617114342756 0.05970550735227302 0
6065 0.5711134010934942 -0.04252184679275471 0
6066 0.57305991923577 -0.04572607473893102 0
6067 0.4152671224313991 -0.05613954772113182 0
6068 0.4168877646985774 -0.05924562196675624 0
6069 0.4125908262748565 -0.05897081089336242 0
6070 0.6539572363193065 0.05879455646486111 0
6071 0.6523934264866619 0.06144480981897729 0
6072 0.5362930905995257 0.06346819008621064 0
6073 0.5375641954328789 0.06718660865085682 0
6074 0.6811874601770653 0.05668020354612387 0
6075 0.5421903849910046 0.0630621790579142 0
6076 0.5302572304559714 0.06373164316266385 0
6077 0.5316739402112812 0.06693342719386529 0
6078 0.4123376716597833 -0.0557566148030036 0
6079 0.7262478071285372 0.05276996057819228 0
6080 0.6269912801643043 0.06007127965978244 0
6081 0.5483731620531154 0.06325597712310284 0
6082 0.5466874653256197 0.06673157847033127 0
6083 0.3882357534660817 0.06459235155405781 0
6084 0.3903432718045774 0.06808720998378702 0
6085 0.2729532043881054 0.06058449748879473 0
6086 0.3822829162884426 0.06382940715421619 0
6087 0.4062537065280824 -0.05653505765158978 0
6088 0.4638190025619147 0.06486142487980583 0
6089 0.2495136094188117 0.05838027011509013 0
6090 0.3066701449628488 0.06172262780693219 0
6091 0.4576989075149889 0.06433031570550954 0
6092 0.5272285378075076 0.06379373247686568 0
6093 0.5256685721739132 0.06716983006200324 0
6094 0.4001362281870937 -0.05664456821319199 0
6095 0.5211959396045328 0.06381751898853545 0
6096 0.3762438562288814 0.06370068842764658 0
6097 0.3913419018068624 0.06400455119076871 0
6098 0.1922619966553941 0.05419257124016506 0
6099 0.3973177181902462 0.06437397864422814 0
6100 0.5544117233534447 0.06309131212137618 0
6101 0.552991853453308 0.06616904017900237 0
6102 1.061652471626915 -0.07240373494231699 0
6103 0.469860383901178 0.06448726325971298 0
6104 0.370202965208269 0.06371582001350874 0
6105 0.3972395504351391 -0.05623199840219318 0
6106 0.586301190141479 -0.04013293168995163 0
6107 0.6027999852959184 0.0617496720189236 0
6108 0.4487213870107261 0.06464846773671579 0
6109 0.6087558933206254 0.0613341507263722 0
6110 0.5966749904210461 0.06146946267618558 0
6111 0.5610708278851839 0.06364041318090803 0
6112 0.475784377219441 0.06472123688637817 0
6113 0.4779129959303652 0.06808510159828535 0
6114 0.6149137209498176 0.06064225321277558 0
6115 0.270207434346531 0.0592799491499306 0
6116 0.4003259881270294 0.06455080138260579 0
6117 0.204673998433446 -0.05216051032718457 0
6118 0.3911595946718345 -0.05691202296821182 0
6119 0.3928921466554266 -0.05997965547761083 0
6120 0.5182312158296182 0.06345670740309216 0
6121 1.106376440765074 -0.1125102654670777 0
6122 1.107537632196562 -0.1088349444934148 0
6123 1.109889871537219 -0.1122851155746855 0
6124 0.3642950589947713 0.0639502740275369 0
6125 0.5875303881372256 0.06151822066135494 0
6126 0.6168559673321555 -0.04289908080879794 0
6127 0.5922585525972517 -0.03912207639719611 0
6128 0.3851313130653562 -0.05701400500259596 0
6129 0.4427039001391987 0.06492405389514247 0
6130 0.4370826042633274 0.06830204302390347 0
6131 0.6176649430442935 0.06005795282004208 0
6132 0.6218078446367081 0.06447870569165787 0
6133 0.4819418269665405 0.06452973838944326 0
6134 0.2103501464165469 -0.05296372453251254 0
6135 0.6238542669862321 0.06062986794340274 0
6136 0.3309369964992727 0.06248109119991344 0
6137 0.3369943020586939 0.06270650440845553 0
6138 0.4064401594150997 0.06427296355014515 0
6139 0.3400120247855985 0.06282871923337342 0
6140 0.3414214169947514 0.06590586870926245 0
6141 0.2645423159127235 0.05967259220030068 0
6142 0.581605791758854 0.06214315819166663 0
6143 0.3128565055128933 0.06168326468983956 0
6144 0.3112408952144964 0.06531993487697352 0
6145 0.3821170994389799 -0.05709961762311371 0
6146 0.383496607283524 -0.06015661148590874 0
6147 0.6750654918606838 0.05700136854040441 0
6148 0.6742182721505949 0.06089934766474273 0
6149 0.6699676133980117 0.06052583515991305 0
6150 0.2555423648902581 0.05875492200623608 0
6151 0.5936419235000177 0.06150011002665728 0
6152 0.5664564750057762 0.06271047250898658 0
6153 0.5681063403831211 0.06567171156565889 0
6154 0.3581253266344607 0.06336425988348028 0
6155 0.3565296827499623 0.06636868192593461 0
6156 0.3524979806782182 0.06623368281035902 0
6157 0.2614217937077111 0.05955589111342865 0
6158 0.5983160050343015 -0.03854567257859071 0
6159 0.5121074181698929 0.06405712234452375 0
6160 0.5140915638985363 0.06730598612518032 0
6161 0.5725211454800858 0.0624261612547525 0
6162 0.3189076290597149 0.0615538890230287 0
6163 0.4366389285457306 0.06450171979299585 0
6164 1.057330109075103 -0.06799760419827629 0
6165 1.058282761214669 -0.0650891675821617 0
6166 0.216448963311649 -0.052593868768849 0
6167 0.376087764258883 -0.05717975642229663 0
6168 0.1859099975091189 0.05358507148356542 0
6169 0.2013025264174043 -0.05221959622480792 0
6170 0.1945237983016699 -0.0542112640622762 0
6171 0.4879818003500823 0.06446871840592869 0
6172 0.4124791408975283 0.06439111990663271 0
6173 0.5755399893173567 0.06232872649454406 0
6174 0.3700590278751196 -0.05721726153008727 0
6175 0.2225795581178963 -0.05325904543614879 0
6176 0.6041656574897601 -0.03725543544951279 0
6177 0.6055149020913695 -0.04089757239580071 0
6178 0.6607472504423214 -0.02774002094535999 0
6179 0.4836969560081451 0.06753228730094379 0
6180 0.3460498889279204 0.06300595789517235 0
6181 0.3479155685796128 0.06647357508400766 0
6182 0.3522033382803253 0.06266061406825144 0
6183 0.3670437287676654 -0.0572618267710909 0
6184 0.5060772397656552 0.06372644495598781 0
6185 0.4306097965674964 0.06431024641191067 0
6186 0.3608509381812613 -0.05714066028158495 0
6187 0.2254169743267784 -0.0528486687677133 0
6188 0.6103805551602194 -0.03625245112643476 0
6189 0.4185184357977184 0.06450437256988915 0
6190 0.4245990603825532 0.06456808044407228 0
6191 0.4228907319492305 0.06758110445014458 0
6192 0.4940203749057155 0.06430807715202795 0
6193 0.5001014157607584 0.06431828118293746 0
6194 0.498287700203624 0.06734750533070759 0
6195 0.6159575050300821 -0.03545345180885311 0
6196 0.6182010678300582 -0.03830943562996589 0
6197 0.2313570992585754 -0.05397088071367302 0
6198 0.3520022794402374 -0.05727065512209074 0
6199 0.174440813892383 0.05284790931370594 0
6200 0.1723522021089502 0.05606448793427454 0
6201 0.1764675448868689 0.05693696256723821 0
6202 0.180019656742323 0.05538500765695639 0
6203 0.6690322572475562 0.05730333040936792 0
6204 0.3489619391483723 -0.05729020544977819 0
6205 0.1924593448553339 -0.05091012379527453 0
6206 0.2375098283251648 -0.05387148929960678 0
6207 0.621976689073783 -0.03417938287273724 0
6208 0.3493442823741455 -0.08546220948089696 0
6209 0.1503670647945679 -0.0472554366837375 0
6210 0.3429282208175238 -0.05725669489320578 0
6211 0.2434090258698983 -0.05444589270535274 0
6212 0.2452651992295775 -0.05781190960991189 0
6213 0.1863901833318579 -0.05034484080920101 0
6214 0.1875353728459705 -0.05382388888866148 0
6215 0.09647484756542606 -0.04055530774833734 0
6216 0.3369012020660433 -0.05709439784796096 0
6217 0.2495423789764041 -0.05463368575291487 0
6218 1.052671828057361 -0.06385536998665081 0
6219 0.3308725136161842 -0.05713335329480307 0
6220 0.3323486848433493 -0.06020078713362684 0
6221 0.3247916696786395 -0.05712239113758868 0
6222 0.627928308064772 -0.03352645740310595 0
6223 0.2555646117955379 -0.05488996180222154 0
6224 0.1833698141171943 -0.04989110996840515 0
6225 0.2615849871821805 -0.05518710878210097 0
6226 0.2676068112245498 -0.05545063564423382 0
6227 0.2736297066439488 -0.05568613810949453 0
6228 0.2796567157543831 -0.05580235533696988 0
6229 0.285682411773195 -0.05595083773518344 0
6230 0.3217693246578455 -0.05705955957992139 0
6231 0.6630075645636569 0.05771304228215143 0
6232 0.2917040078387554 -0.05629692152727814 0
6233 0.3067761001189505 -0.05695962120692671 0
6234 0.3159797907604676 -0.0574079411090461 0
6235 0.3142500972834342 -0.06091779867086961 0
6236 1.735886506855794 -4.016941150504031 0
6237 0.6570048486352805 0.05871541851960815 0
6238 0.3098451128711017 -0.05706281766088649 0
6239 0.1683758457018457 -0.0488994274915564 0
6240 0.6663683945299405 -0.0259509891384659 0
6241 0.5341641563108893 0.07052523950171272 0
6242 0.5391429311604754 0.07159373740397502 0
6243 1.047542872335474 -0.06087172167319305 0
6244 1.029709096446583 -0.0452682439037131 0
6245 0.6546086886336132 -0.02842549927181934 0
6246 0.6534770141948067 -0.03132231650053261 0
6247 0.6497857038250918 -0.03230258371513713 0
6248 0.6542787228567951 -0.03524119440927063 0
6249 0.1653706491069056 -0.04864768856619174 0
6250 0.1101239477850011 -0.04970885128173404 0
6251 0.6723900531026028 -0.02513110944325178 0
6252 0.6714397155009739 -0.02891105926772235 0
6253 1.045648181935034 -0.05869834627801628 0
6254 0.6368104342083183 -0.03149108532054329 0
6255 0.1085253767638642 -0.04177289852044432 0
6256 1.233743348224463 -0.2245110100205101 0
6257 1.107890878066339 -0.1148970666780624 0
6258 1.113830121268435 -0.1144080955124504 0
6259 0.6782594200746881 -0.02402494077886412 0
6260 0.6835232308894256 -0.02711828877431081 0
6261 0.6430777574840681 -0.03104063306255599 0
6262 0.696027810255503 -0.0205925649756619 0
6263 0.6844274863500279 -0.02310961561476695 0
6264 1.040826343099795 -0.05479637425746257 0
6265 0.6946542106235982 0.2201041949183409 0
6266 0.7335862027027792 0.2399250558877465 0
6267 1.036101296789573 -0.05113595399295507 0
6268 0.6487018283626667 -0.02892864899455324 0
6269 0.1026186458832385 -0.04167496942301412 0
6270 0.1515798159680336 -0.05041318472120584 0
6271 0.9031225589168527 -0.0267509567013788 0
6272 0.5917589619224608 -0.09117682833173071 0
6273 -0.01316139480251905 -0.01428939131808478 0
6274 0.3653931005517855 0.08006713334160773 0
6275 0.6472528167742342 -0.317741238545741 0
6276 0.0103991093672604 0.00430699095332636 0
6277 1.125266913567517 -0.1315890419059607 0
6278 1.112579960922921 -0.1186342602242394 0
6279 1.129444049514899 -0.1359051389111702 0
6280 1.123318573428802 -0.1294070717947339 0
6281 0.1308800113068331 -0.0627018079386618 0
6282 0.00560670343944999 0.0007811626446459064 0
6283 -0.008376160917953365 -0.0105543880016441 0
6284 0.8535722101328038 -0.0245698718947833 0
6285 0.8559628619330444 -0.03321359333719508 0
6286 1.117044844505129 -0.1229528447015863 0
6287 0.6930718580856693 -0.02113823918446997 0
6288 439.8612888271188 191.8191274042919 0
6289 1.119091297124064 -0.1251432191700802 0
6290 1.122981382668881 -0.1451047904331698 0
6291 -0.005746751316890343 -0.00901478957214653 0
6292 255.497420318638 403.7810637035981 0
6293 0.04376313228258231 -0.02501175329934993 0
6294 0.8393433070176257 0.02929844031974209 0
6295 0.8511753346354167 0.0291655878151554 0
6296 0.7763909582480966 0.03195518300910383 0
6297 0.764488061232553 0.03144563277720362 0
6298 0.7195845681103604 0.03029078699892674 0
6299 0.5882562197830116 -0.04287307140970633 0
6300 0.7374516549858074 0.03079373919180671 0
6301 0.7584986268336963 0.03138831871891078 0
6302 0.7944288177090308 0.03129974210672329 0
6303 0.7957640757849194 0.02790889529155398 0
6304 0.7404038670576765 0.03056350696110923 0
6305 0.8272268700149796 0.03024482787634794 0
6306 0.8288045026102154 0.02713070413545226 0
6307 0.8318392383740342 0.02759055151770558 0
6308 0.8307190462590082 0.02329773600456209 0
6309 0.8245831871569954 0.03076059607022492 0
6310 0.8333482248795362 0.03028839475161152 0
6311 0.7165566707860288 0.03014134873439931 0
6312 0.8184735324958631 0.03023845964242142 0
6313 0.8122699456405706 0.03094438680611061 0
6314 0.7735957678437337 0.03149241937362602 0
6315 0.8004749394318026 0.03105739761039171 0
6316 0.7045931630740598 0.02982988030372231 0
6317 0.7062653589785581 0.0266553229674727 0
6318 0.7824560224348933 0.03146590411336608 0
6319 0.7525109724860746 0.03117272897904668 0
6320 0.753985209628643 0.02816546366269414 0
6321 0.7674822204804782 0.03146517218217275 0
6322 0.7884543552395208 0.03177027593045683 0
6323 0.8070463502993712 0.0304595680778438 0
6324 0.8048456453980811 0.02756962394200967 0
6325 0.7254929765081402 0.0303555477473479 0
6326 0.7106051110158902 0.03002620268092576 0
6327 0.7465592212622116 0.03070572278659308 0
6328 0.8666807555720222 0.02850217688723919 0
6329 0.7316195221957214 0.03039629979696521 0
6330 0.8480074678840803 0.02934911602055719 0
6331 0.842324023880349 0.02989150203323278 0
6332 0.4360058446968263 0.3307569548368465 0
6333 -0.109290042849881 -0.7948213393061337 0
6334 -0.007757652268887224 -0.7048860005964795 0
6335 0.9256776156311298 -0.03500087613933005 0
6336 0.9199886631505818 -0.03292894439998021 0
6337 0.9170829341433869 -0.03557118178678839 0
6338 0.9133928820316658 -0.03370493741870986 0
6339 0.9312147392671292 -0.03707376545953203 0
6340 2.814167206134041 -0.3761840213468097 0
6341 0.9288089421080445 0.07957630515075655 0
6342 0.9164252761168156 0.06804684285876363 0
6343 0.9338758668842866 -0.03831929290302162 0
6344 0.945149503482925 -0.04283041974694052 0
6345 0.9423479394289523 -0.04552856857489015 0
6346 0.9382909370974296 -0.04331399452966533 0
6347 0.9397144831956712 -0.03999105596455281 0
6348 0.9499734858978979 -0.04510666630958646 0
6349 0.9562119090245979 -0.04705079055102874 0
6350 0.9535826020301493 -0.05005295598344982 0
6351 1.137721811083175 -0.1478573902692519 0
6352 420.581301565451 -180.8105591363346 0
6353 0.9589732772186876 -0.04819812466873415 0
6354 0.9644847208684281 -0.0505180842782936 0
6355 0.9672265779577823 -0.05190829626142697 0
6356 0.9644107295615429 -0.05461118536334632 0
6357 0.9727234703926609 -0.05406183849187873 0
6358 0.3179941788518934 0.1125769400251267 0
6359 0.9751811710912414 -0.05548635072567411 0
6360 0.9145694376743116 -0.03037075628075634 0
6361 0.9808731838862218 -0.0584159341489929 0
6362 0.9084708810774658 -0.02908197543631499 0
6363 0.9837040425779973 -0.05899105741677536 0
6364 0.9863153808232317 -0.06533676606930673 0
6365 0.9890854701898963 -0.06217859154963964 0
6366 0.9899457040319827 -0.06645451938943807 0
6367 0.9968372962308942 -0.06539575583915501 0
6368 -2.511356861097671 2.896309899272348 0
6369 0.9998969123712748 -0.06649073459222972 0
6370 1.02096310426058 -0.07772345111864443 0
6371 1.005123435388247 -0.06939223943633781 0
6372 1.007928999140941 -0.07097205372642997 0
6373 1.013156773884509 -0.07315014124419024 0
6374 1.015623526966122 -0.0748054044163652 0
6375 1.02645568674594 -0.08031650753757914 0
6376 1.018922003911299 0.1247694886181386 0
6377 1.032000917405297 -0.08304420579838552 0
6378 1.0331427684008 -0.08659262445000401 0
6379 1.036028397509647 -0.09039495820158681 0
6380 1.094741533004499 -0.1226577726246564 0
6381 1.078227845826834 -0.1424650870090721 0
6382 1.020108476512666 0.2149903496752312 0
6383 1.082346578264018 -0.1141974455665096 0
6384 1.099410037998875 -0.1266142717276278 0
6385 1.039564700093039 -0.0876045840892405 0
6386 0.9009229883253739 0.3888136915953483 0
6387 1.080114445568399 -0.1123921776812196 0
6388 1.118149979841139 -0.1411861436612136 0
6389 385.6491730477647 251.7340552636719 0
6390 0.1586762311273265 0.1956200794496347 0
6391 0.173924511084364 0.163622183732995 0
6392 1.044342150414195 -0.09035035784251179 0
6393 1.047993771505194 -0.09573954931591282 0
6394 0.9290112000999151 -0.1424664867928179 0
6395 1.075215773601526 -0.1096345686749407 0
6396 1.049942766414701 -0.09288955652855957 0
6397 1.070239916185874 -0.1056939566367195 0
6398 1.05513101767936 -0.09612151653212328 0
6399 1.064833937483173 -0.1029472923867056 0
6400 1.060319422441013 -0.09919104059175655 0
6401 1.104276890002168 -0.130496919871525 0
6402 0.4047028421145114 -0.05959969008585439 0
6403 0.9733704719754572 -0.002166198955141971 0
6404 1.081120627394654 -0.08557598655171836 0
6405 0.9460179864894678 -0.0840680655720883 0
6406 0.4364577360925175 0.07614695528296284 0
6407 0.01217279158929238 -0.01003019287976531 0
6408 -0.05069738060648948 -0.04222396411558102 0
6409 0.9146624374532639 -0.07167259844763871 0
6410 0.9018412566569509 -0.06990281579671186 0
6411 0.8898543665538524 -0.07800756841405583 0
6412 0.750366073299404 -0.00524745606766112 0
6413 0.7676908048376292 -0.002094584036348696 0
6414 1.113540662755836 -0.1374000889035119 0
6415 1.110563523698376 -0.1390140769368695 0
6416 1.106692066990756 -0.1416777491326046 0
6417 1.130268939567256 -0.1464365809945003 0
6418 0.02722243817324251 0.0154851822691989 0
6419 0.5304470005605113 -0.1271698671132188 0
6420 0.5152522527619354 -0.1438600054619236 0
6421 0.5051808582071067 -0.1219136916695766 0
6422 0.4891468431717454 -0.1389476180170639 0
6423 0.5206101112727084 -0.1691855648596169 0
6424 0.5209458792059876 -0.1095967799522156 0
6425 1.083981925386262 -0.1228196854575299 0
6426 1.108949545319098 -0.1336270136931566 0
6427 0.3256304134605436 -0.06845068513913435 0
6428 -0.08625153173220942 -0.1367982429029786 0
6429 -0.2052854680488898 -0.0949436183109932 0
6430 0.706599365071092 -0.01873428546643452 0
6431 1.292624856321715 -0.1332793287711211 0
6432 0.1949236457297299 -0.05996641391310933 0
6433 0.7026299683990326 0.007438998223863943 0
6434 0.7056548581110146 0.005988201288517707 0
6435 0.7056005673324014 0.002209152323915886 0
6436 0.7028851327047683 0.0132464248371658 0
6437 0.7025127824104094 0.02774964522470199 0
6438 0.7026397309529917 -0.00678173098042674 0
6439 0.7048210537034043 -0.004199402050806071 0
6440 0.7025127699325101 0.001635889541562267 0
6441 0.7025127550970041 0.02194661564162192 0
6442 0.7029906403431472 0.01631574535534106 0
6443 -0.04555709191008592 -0.120009117756298 0
6444 0.9903739379362346 0.01688568204615597 0
6445 -0.06483314871778045 -0.04958576825399326 0
6446 22.74651965107961 113.3186312718393 0
6447 1.157771399528841 -0.1706794057445264 0
6448 0.05370852128360299 0.0333245414598396 0
6449 0.03228880457057304 -0.1203735184100183 0
6450 0.6543954756521724 0.1214109836289849 0
6451 -0.08264626483917235 -0.1163071111876838 0
6452 -1.384144309277771 -1.714736281980747 0
6453 0.0134891257033441 -0.003981763650235517 0
6454 1.034975001479939 0.008239847913185338 0
6455 -394.8112840875222 -233.080054923585 0
6456 0.008795463519169169 -0.00791433349970006 0
6457 3.243469410952534 -5.787189849328247 0
6458 0.004617669038489689 -0.01192376673341006 0
6459 -0.01706595841811456 -0.07656222071590021 0
6460 -0.05840627563873844 -0.1219216890587017 0
6461 345.2335706558559 -334.1503584792807 0
6462 -7.42290271610914 2.585961992233813 0
6463 -7.869231483599211 0.6883122052561512 0
6464 0.0005070539120672997 -0.01605592347200404 0
6465 0.002476469198650931 -0.01943845886167974 0
6466 -0.000885213971775116 -0.02190689950729578 0
6467 -474.1918927746869 -79.40568434469802 0
6468 0.4193145287110942 -0.06629965831884772 0
6469 0.3358629369986124 -0.2650153223260748 0
6470 -0.003590198123042427 -0.02020500850381212 0
6471 0.1624399398288312 -0.1346324413987723 0
6472 60.97658696837917 475.047158321277 0
6473 -0.01153592221421699 -0.008944639406108273 0
6474 -0.04998448930793618 -0.136496684054842 0
6475 -147.4274407762703 456.9336602443502 0
6476 -0.1849985404318911 -0.04551940877100308 0
6477 -0.007256560766285385 -0.02432750357562523 0
6478 0.865853386011712 0.001675349466144765 0
6479 0.9545534410719362 -0.1887291466609903 0
6480 0.9587129408136482 -0.1573472583033506 0
6481 0.931925898880738 0.1827039381016581 0
6482 0.8939083986707725 0.177707508897997 0
6483 0.09739288028259099 0.03791921079650952 0
6484 1.130965456180194 -0.1501258791478661 0
6485 32.10236390250026 -482.0463655114302 0
6486 -0.01361505234074677 -0.03739206339775798 0
6487 0.8985082743664392 0.02764857962737221 0
6488 0.07031471695046822 -0.04617883902731721 0
6489 -0.016830584072299 -0.03617885357050091 0
6490 -20.67456898989386 458.3929001998048 0
6491 -113.5663119527288 -2.425541251648379 0
6492 0.6922569455781156 0.05926553901965326 0
6493 -0.01681155234731571 -0.03930237663682479 0
6494 11.23455819345803 3.785954212342398 0
6495 0.03452072468438174 -0.01940289740538095 0
6496 -0.02151870325914032 -0.042872324310451 0
6497 -0.0967580340417917 -0.1064575209367946 0
6498 0.07227803814962799 0.0991646580212351 0
6499 117.4456211052666 70.12766560245234 0
6500 0.4360818036468034 -0.07801302468058176 0
6501 0.06013359723708764 -0.04300949379133854 0
6502 467.3697944204072 -105.5304416880576 0
6503 -0.09087717341099653 0.1491275165502194 0
6504 1.128672484842266 -0.130742383235382 0
6505 1.055855931918343 -0.8057858424790225 0
6506 0.6443683114333554 -0.1804675531290342 0
6507 7.239757210234858 -5.129186696785891 0
6508 -0.0233960367573769 -0.04525386100026371 0
6509 -0.01996988014120108 -0.04622525373769394 0
6510 0.222968339580866 0.1551913768727573 0
6511 0.2046317765394254 0.1742450731899673 0
6512 0.9341477269473085 0.02586366277596605 0
6513 0.7211914935159216 0.02729934133376588 0
6514 0.07376824477092771 -0.08187809448823638 0
6515 -0.02610435982847182 -0.05020324415889708 0
6516 -0.1267729847269544 -0.07436706380335219 0
6517 0.2672675737855586 0.08516879087610651 0
6518 -24.9687700812052 -24.21334908418478 0
6519 1.103837990456722 -0.2878845681076002 0
6520 1.532855614080314 -0.3567909003832396 0
6521 1.049294723651487 -0.1463919219723301 0
6522 -0.02752940254335092 -0.05278239161438863 0
6523 0.2085415814954983 0.05888697121172057 0
6524 -5.219302850143349 10.03181028261018 0
6525 -8.07251057454336 9.975823963407475 0
6526 330.73423855995 347.8433803429584 0
6527 0.5030416669803395 -0.102821475811645 0
6528 0.6052551740237323 0.07036560111365125 0
6529 -0.03073587189067229 -0.05770692599273965 0
6530 -0.02798873936186295 -0.06008480495778594 0
6531 0.0117780651699003 -0.07248982845601079 0
6532 0.1786065915132355 -0.0740916630409769 0
6533 1.171601207085304 -0.305603674243042 0
6534 0.4168905367458887 0.06724861320373547 0
6535 1.226994234059727 0.1118184560709172 0
6536 0.2233310900065625 -0.07412320623804697 0
6537 -0.03280911057724997 -0.06347848961640563 0
6538 1.065217128683173 -0.1068290036882488 0
6539 0.0351936856997669 -0.005947888723681987 0
6540 449.9432255605565 170.5243676050872 0
6541 0.9164403816255264 -0.4011972896741773 0
6542 1.18827413072805 -0.0751161066103168 0
6543 0.01828113557021452 0.0124206579292643 0
6544 0.4769213764936234 0.07228513383666173 0
6545 -0.03502277585923284 -0.06808284990919707 0
6546 0.7480220752490534 0.1019689096692917 0
6547 0.7647006540696791 0.1109959164165943 0
6548 0.0548180111509561 0.01899311078727638 0
6549 0.4380116259428762 -0.05834292107375307 0
6550 0.6461668317463222 -0.03377619415550528 0
6551 -0.03728507300371729 -0.07367337719738522 0
6552 0.7026923544228085 -0.03890190688301195 0
6553 0.1393137072656497 -0.04976583164983581 0
6554 0.9372502627913913 -0.05372021131553322 0
6555 -1.613209698560301 -0.1877655963071138 0
6556 24.37367900788216 15.58511887574238 0
6557 1.062562680589395 -0.1180470639124081 0
6558 0.5079806476255344 0.1206497415058274 0
6559 -0.1163863203136913 -0.3013745863452648 0
6560 0.3557613021307831 0.07105286620998343 0
6561 -0.03274843008919045 -0.07008742673702692 0
6562 0.09217148904163895 0.03524289372773828 0
6563 0.4994676235271382 0.09695967200091166 0
6564 0.5093313966366995 0.1063477779817071 0
6565 0.3234242078286813 0.1427049126654474 0
6566 0.2509004904878571 -0.05773219754370606 0
6567 0.243774690014971 -0.06181167822640454 0
6568 0.2580349267603803 -0.07451541061877 0
6569 1.08229073535815 -0.04424223786589956 0
6570 1.715124092055509 0.1328714993642051 0
6571 1.649347633848971 0.2546887212677615 0
6572 -0.05007890981828603 -0.1207571138401212 0
6573 0.8445799846065141 -0.005405251421741013 0
6574 14.55530879764666 481.0540404948343 0
6575 -0.08735342994508798 -0.02330831777852211 0
6576 0.9961012148510066 0.1632884623242323 0
6577 1.096178044274982 -0.1281498015165035 0
6578 0.7058780483106963 0.07052563073937834 0
6579 376.2135707931703 -298.5803464430483 0
6580 0.5850471360807326 0.267129181246241 0
6581 0.2893429219629 -0.07337406728278281 0
6582 -0.0383757095013469 -0.07587708973435019 0
6583 0.9828611610529057 -0.06813628261565606 0
6584 0.2225969968279678 0.07973453655781819 0
6585 0.01799259657894799 0.05227799475376223 0
6586 0.04679976332030186 0.1586550420220352 0
6587 0.009060539401358645 0.1400448477863201 0
6588 -0.01531213630369877 0.1725528962870187 0
6589 -0.02531739324470384 0.1395197133029961 0
6590 -12.09838289919855 -7.251169741833263 0
6591 0.7849318157618295 0.05452520336549035 0
6592 0.7867796383769611 0.04980129857266965 0
6593 -3.07416731730772 -0.5298519630911622 0
6594 0.6798175203887389 0.05980192412721691 0
6595 0.1497609092851515 0.1230834534662878 0
6596 1.710040485141989 -0.2314483709634746 0
6597 0.760733596864109 0.08567234104833202 0
6598 0.9093216991949388 -0.03219749517485448 0
6599 0.9127008834028092 -0.03884153602172753 0
6600 0.08631798805120369 0.03295189169005372 0
6601 -455.0686252298811 64.39446018921555 0
6602 13.83472551030724 -15.38179292130187 0
6603 0.8469850689641532 -0.03121757361926255 0
6604 0.779045816819441 0.06423140787354337 0
6605 1.064854843593908 -0.0445739402483541 0
6606 -0.9335143868169814 0.8837139988444336 0
6607 1.10961888037848 -0.1906282268962834 0
6608 1.099763742294235 -0.216166234122313 0
6609 1.099858875294133 -0.1824415244126493 0
6610 0.9097104386875503 -0.4849420249130577 0
6611 0.5588124971544983 0.06592542059124719 0
6612 0.7005259592294726 0.07371461996857455 0
6613 1.006446692028195 -0.1007294430826902 0
6614 1.010559068979819 -0.02750519950973169 0
6615 -1.753239525885526 -6.333459577458797 0
6616 -1.707701004041147 -8.003319140973 0
6617 1.020985565970841 -0.08127487280261711 0
6618 -0.07791608144339141 -0.01524499995983199 0
6619 408.539917652836 254.1758882739747 0
6620 0.1549136807634393 0.05421007146728585 0
6621 0.9946436383911603 -0.09056158712722405 0
6622 1.117980657021423 -0.1194793085097885 0
6623 0.8635921982722145 -0.0344433823538938 0
6624 0.09280575575389337 -0.3084000474992132 0
6625 0.8742234401000132 0.02237299509973035 0
6626 0.01298729600195219 0.03499921361871988 0
6627 1.049551459641095 -0.0357303070753854 0
6628 0.01419692799305388 -0.007266894811266234 0
6629 103.2639638096772 -48.92402123611825 0
6630 2.209096321967179 -0.7182793500115032 0
6631 0.19052730911323 0.05699416145984239 0
6632 0.6136515585462223 -0.03867455911997227 0
6633 0.4090515774696719 5.212779236339793 0
6634 0.5417908651110438 0.07568509400367894 0
6635 0.791148322762204 -0.002002798359957119 0
6636 0.7685892770059298 0.0288147424302243 0
6637 0.7531561985635729 -0.1613917635826654 0
6638 0.7898413882529368 -0.1475533630503 0
6639 -0.4451310100424041 -0.07035973500350504 0
6640 1.82721299137833 -0.4894266081599696 0
6641 0.621359115327655 0.1159705514710389 0
6642 0.6382271981133969 0.110934395746006 0
6643 0.1636291088677364 -0.05148156577945349 0
6644 -0.02793610225566611 0.4288144769819938 0
6645 -0.09687783004539012 -0.1126259082185265 0
6646 -0.1013912136212494 -0.1169604573298652 0
6647 0.7417938653869355 0.02768339437359204 0
6648 -299.1250847950189 -379.7080734344181 0
6649 2.399682002854209 -0.05313677966304803 0
6650 2.280288962172553 0.1775487735293839 0
6651 1.042816797333429 -0.1773215522962128 0
6652 1.209136985241525 0.4230659807710265 0
6653 -0.03956237573274354 -0.08146808237558979 0
6654 1.082219362496241 -0.156442626461844 0
6655 1.039334556777245 -0.04981691195218982 0
6656 0.2330313543516484 -0.05709644764086318 0
6657 0.1029688857924328 -0.05321048488539674 0
6658 0.6214760637864861 0.07450690988316253 0
6659 1.074015046965116 -0.9604422793384514 0
6660 0.007758183814963115 -0.013087097452727 0
6661 1.458458585664064 -0.7265809111764775 0
6662 0.1650463331753101 -0.08588352848668088 0
6663 1.092032758125763 -0.09460407965714425 0
6664 1.099937947982213 -0.09618633949088927 0
6665 0.7954812770190394 0.07765558098922747 0
6666 -6.372861754532794 1.508539182125632 0
6667 1.134712982113584 -0.150785024564143 0
6668 0.5228865270048965 1.007342472822054 0
6669 0.2633160496859803 -0.05895027698879175 0
6670 0.1039536750605122 -0.04523541802717138 0
6671 0.6594374701956313 -0.05700256066418507 0
6672 0.2025522663262956 4.45286145747846 0
6673 0.9704783498191643 0.02229186618155418 0
6674 0.4313103882705717 -0.3082127027500642 0
6675 0.8168013760401086 0.02767395047500539 0
6676 0.4454501897144751 -0.08215715452821074 0
6677 1.212023162794376 -0.07876884338209224 0
6678 0.3538485606825251 0.07591175473879795 0
6679 0.6092822654252023 0.09484354765627954 0
6680 0.5459544463604566 -0.09395043333815596 0
6681 0.562184730953412 -0.08127516864184335 0
6682 1.160911331779781 -0.02322418000150345 0
6683 1.032213349572022 -0.02148128788411671 0
6684 -0.04763585310322779 0.06563200357241829 0
6685 0.425100350216767 -0.09173459118554303 0
6686 0.1214230585200055 0.04555607808972094 0
6687 0.696935329717414 -0.0271766428132618 0
6688 -0.04047683720144574 -0.08711861005439352 0
6689 2.967580826782963 0.08530184294661382 0
6690 0.8212361900424037 0.04518075961928013 0
6691 0.05651575781705753 0.01517588534441909 0
6692 5.14513905912829 7.638835216812286 0
6693 0.2689938582392071 -0.05854037884237164 0
6694 1.207042950272486 -0.02761728445556652 0
6695 18.14308814899748 -5.43683337179787 0
6696 20.81618383341295 -1.798094372358177 0
6697 0.1005165554411027 -0.04423663607107105 0
6698 0.8945677163117421 0.08607542239000836 0
6699 458.8533708572599 1.378942051376451 0
6700 0.1067852022993403 0.06397253055714601 0
6701 0.5976446158396547 0.1996421149285806 0
6702 427.4700623208494 -221.0896452117117 0
6703 0.8881474946057384 0.02730681845745167 0
6704 1.120127001295646 -0.07399118175566699 0
6705 -57.36194841021533 102.5806048380025 0
6706 0.3776380946176165 -0.06019364946244309 0
6707 0.2659144071851315 0.06251841151141653 0
6708 0.7276808300084229 -0.03202177211437158 0
6709 0.004121201982224707 0.02569842457356796 0
6710 0.7137751810583994 -0.02527324659190034 0
6711 0.4518376236327188 0.06481329295675851 0
6712 0.5665285359751158 -0.05058407485303908 0
6713 0.9825529905616264 -0.150107933295038 0
6714 200.7421593738088 -421.0085256340367 0
6715 0.07068524362781932 -0.1278763942073714 0
6716 0.05295952600386989 -0.2290953788782867 0
6717 0.5583598376263265 -0.04721186673020598 0
6718 0.8312099848056096 0.2081577283076775 0
6719 0.788942279840765 0.1989556098465917 0
6720 1.181413730830812 0.1294663827381583 0
6721 1.22312742649174 0.1758278356715383 0
6722 0.9373041505313982 0.05433523594184013 0
6723 0.8006738969756009 0.09509104093943542 0
6724 228.6399284630828 396.9343843811556 0
6725 0.005110618125089153 -0.05583618862360018 0
6726 0.8350951976806493 0.01396762782101744 0
6727 0.6048281613796381 -0.0734289276889047 0
6728 0.8627586281801652 -0.06343570891888796 0
6729 0.8208892925254809 0.07444900491080478 0
6730 0.8298549149970533 0.0916388782517841 0
6731 0.8224973844956057 0.1056947561785094 0
6732 1.140832919297839 -0.2087133958460023 0
6733 7.604793371562663 -1.935089517322647 0
6734 1.057742896465451 -0.0457684968689714 0
6735 0.7125875582315487 0.00792239516653807 0
6736 176.8644623701676 -426.1935429993049 0
6737 0.65603118907332 0.09547798570655616 0
6738 0.1564098535254644 -0.0477487544359274 0
6739 0.7057118335432278 -0.01104702856461662 0
6740 289.385230181541 -358.1629287180718 0
6741 -415.4834584166553 243.0628898934861 0
6742 0.6983100077401871 -0.04610670723247028 0
6743 0.7027601872546472 -0.05507254373776548 0
6744 -0.2242289535738662 -8.545553339739536 0
6745 -0.2878731230404188 -0.2004640305778536 0
6746 -0.03207920514431256 -0.002055933883477608 0
6747 -0.03047160789417076 0.005956380146951556 0
6748 0.4069811189155593 0.4036280029660665 0
6749 -0.171430729718057 -0.1195101261216504 0
6750 -0.1467489456397711 -0.140728534775058 0
6751 0.4862718240251593 -0.05513661808801958 0
6752 0.9609166565356121 -0.06223476473862213 0
6753 0.4149958298717523 -0.0631187029689103 0
6754 -5.750132172518895 -0.853125444772428 0
6755 -7.070744743143324 -0.7049489422126871 0
6756 -434.5350784420799 -153.5584852065621 0
6757 0.6194401671989139 -0.06179552482446518 0
6758 -3.107258067529448 -5.770043662360303 0
6759 -0.9065746937559658 -0.4869038985592635 0
6760 1.374693026961138 -0.6454283775902854 0
6761 22.82253728461629 -23.96400087472688 0
6762 -0.07265197181876901 -0.178086933052939 0
6763 0.6700370775538456 -0.03843859653657378 0
6764 -7.684613954736215 16.56869507552008 0
6765 -0.09616512817589433 -0.1542149728532776 0
6766 0.8435254824085205 0.3607653501276482 0
6767 2.378300562346809 -2.686955599316915 0
6768 0.2239874627200728 0.1983044334273437 0
6769 0.473408183304188 0.06782486668508485 0
6770 -0.002361410227557938 -0.1158857740382448 0
6771 0.02248046675164124 -0.007905730813121584 0
6772 -0.3168788807269485 -0.06331019203361545 0
6773 0.2932680417281059 -0.05926926352885362 0
6774 0.2979358675985546 -0.05631788130249362 0
6775 0.06570411438993878 0.02184247550613602 0
6776 0.03190730762949964 0.05556084763641544 0
6777 1.251523883268925 -0.387122755864275 0
6778 0.1098565766254189 0.1003612510320945 0
6779 0.1050255774351627 0.1175749278608337 0
6780 1.058154449799289 -0.1022462116519482 0
6781 0.8131143626363754 0.04615397685618415 0
6782 0.846494183533071 0.008877444490865406 0
6783 -0.03924996263692943 -0.08989843754470175 0
6784 -0.09924919175044122 -0.1245484941322241 0
6785 1.10960186176744 -0.1805725527168716 0
6786 -0.06802207516018652 -0.02214790790540758 0
6787 0.8670554600708822 0.01353336439977982 0
6788 1.162834285837531 -0.1609827750994072 0
6789 1.175591904959136 -0.1568673920695553 0
6790 -68.98816299947211 62.45823814974794 0
6791 0.861173118571981 0.03592087634484384 0
6792 23.57095578379673 10.40388882648305 0
6793 452.0876984799606 -86.81368829975173 0
6794 6.768248579519023 0.3768221134774487 0
6795 5.686629958114849 0.982549471849797 0
6796 0.1335272964177223 -0.04858026485403182 0
6797 0.2354981250004455 0.1078539721876279 0
6798 0.2328507258063554 0.1221977582683448 0
6799 0.1698112239994773 -0.05185273628362283 0
6800 0.8629856147366186 0.07352173932407559 0
6801 0.8672688960588306 0.08435806104102377 0
6802 -171.8145799289255 426.1810268951973 0
6803 -3.187488442648703 3.492864354816397 0
6804 1.335317250833914 -0.1430603882233239 0
6805 1.367646628343699 -0.1211305065767635 0
6806 0.2367285915688457 -0.1461376418381674 0
6807 0.6844196896028658 0.09567931454210649 0
6808 0.9984735454610451 -0.1390654820247615 0
6809 -0.05230738865170884 -0.01884377353835938 0
6810 -361.3001924694757 -311.1247724426295 0
6811 1.531415820460821 0.2249714582523686 0
6812 1.667161893235193 0.4150198041475426 0
6813 -0.03941127152491332 -0.09544872478919279 0
6814 0.1134745590133781 -0.05373030955156829 0
6815 0.5240912905227092 -0.08880413353528555 0
6816 1.025049532304835 0.001313313290837927 0
6817 0.302099905801847 -0.1383391970918548 0
6818 0.3648906877764139 -0.09027696838340206 0
6819 0.542128060032076 -0.08171604721567352 0
6820 -0.02060721261054543 -0.01529755041661084 0
6821 0.5801841876683339 0.06522127662671734 0
6822 0.7549292958957694 -0.09504757637401433 0
6823 0.7771423044920956 -0.1115407569926667 0
6824 0.8104696787211489 -0.1175086638517468 0
6825 12.72148151214932 10.47759723935676 0
6826 0.09672063156733399 -0.08084637865443553 0
6827 0.08603605759899546 -0.08655226439536239 0
6828 4.047284762927519 -17.33080514215252 0
6829 0.5737656019798453 -0.06677082396845596 0
6830 0.2193569654756804 0.05615029494469764 0
6831 0.2228947858885474 0.05960340973572452 0
6832 0.9007492162518103 0.05331928520315574 0
6833 0.4519076475723737 -0.132858692612126 0
6834 0.4110078950759366 0.06707127017889798 0
6835 -163.8494538542927 -427.0817248245354 0
6836 0.4807239892062112 0.09404613681757067 0
6837 64.55448154581137 -54.51499015087197 0
6838 0.7435553117475946 0.08785494825036896 0
6839 0.851533292349784 -0.0164895124484836 0
6840 0.8601014822591991 0.02894295552715664 0
6841 -0.08424286919206127 -0.06938452942102757 0
6842 0.8447648755452934 0.06909941996571838 0
6843 82.39423302012877 -53.83302312860996 0
6844 1.020928957380887 -0.0997879279019824 0
6845 -44.58818275300981 -54.51759731593443 0
6846 0.3537456677343191 -0.06023113631910489 0
6847 0.7172360516401884 0.05345790822968635 0
6848 -0.03026418852250415 -0.02414748002420148 0
6849 2.655489085337527 -0.08851927349044449 0
6850 1.031258884836366 -0.1062525696230454 0
6851 0.3305572883431996 -0.08416084330069128 0
6852 -0.3485957324703049 0.09388201234558348 0
6853 -9.192817488259687 480.4919363056385 0
6854 25.52645217638846 -46.22542626587045 0
6855 0.9775204101637485 0.02532679478057068 0
6856 -0.03720996455074459 0.3488980244395944 0
6857 318.0661232935138 364.644769212508 0
6858 0.6860607410264048 -0.1504698816415406 0
6859 -331.3782896271589 351.1963083650247 0
6860 0.4919014767551212 -10.11261642599219 0
6861 0.3082108661174395 0.1055639793034264 0
6862 0.301590655045368 0.1164639702724661 0
6863 79.4490287868793 84.79485671219024 0
6864 -0.03644859138916862 -0.08168116385203487 0
6865 0.9302095218499555 0.06397491063349643 0
6866 0.2883576384625436 0.09962504627815649 0
6867 0.1364613922436486 0.113918996273298 0
6868 -0.02615906261178284 -0.1180904423231676 0
6869 0.7234722194807103 0.2065036492074167 0
6870 0.1435031424119416 0.05165386296309133 0
6871 0.4578164496538472 0.08494637689327818 0
6872 0.3048494504897089 -0.05986267355988371 0
6873 -9.853847321322931 25.41879981726255 0
6874 -0.009879739944223162 -0.1074492857097612 0
6875 -0.03063629471035021 -0.1163199908577502 0
6876 0.4966458357692554 0.0881332818095982 0
6877 0.9465491616549772 -0.04608515547484104 0
6878 469.2987527525976 101.7215384002939 0
6879 0.4549441756835873 0.123500418978363 0
6880 0.2022798995899106 0.8407005547848921 0
6881 0.1130519375313541 1.000130832530173 0
6882 0.6381889730159336 -0.03460308527794202 0
6883 1.141670732225476 -0.1313403610304345 0
6884 0.07862449124808811 -0.07086092367834819 0
6885 -0.05764586266023816 0.0001742483726820798 0
6886 0.6329454522624192 -0.1510194705772716 0
6887 0.5913936968718158 -0.3245639205657824 0
6888 0.9920423973286767 -0.06994959928332031 0
6889 -125.9782461395831 -442.1462982179088 0
6890 0.2024527433111082 -0.1364881026330707 0
6891 0.5441900978605217 0.1876704596330085 0
6892 0.8185169588644641 -0.2025277104489682 0
6893 0.5312681913915898 -0.09835509360565285 0
6894 0.4049359276562512 -0.1254468733918904 0
6895 0.3900595859655171 -0.1286267078086553 0
6896 0.04591410053296947 -0.06615624387424278 0
6897 0.03580911954038756 -0.06649969595734198 0
6898 0.2297693358269461 0.0600456353793466 0
6899 -0.515102281216038 -1.436073859544702 0
6900 1.244235517534039 -0.1749682141645773 0
6901 1.269212648214266 -0.1881907163069216 0
6902 0.5919467297763166 0.1756030263462254 0
6903 0.7491466823478685 0.05393129041949943 0
6904 0.4289793303734253 0.1145381702558726 0
6905 0.4247465915415872 0.1296568805338595 0
6906 0.06188314108384359 -0.06401799369347873 0
6907 0.2408696931291871 -0.05715765590787125 0
6908 0.4051901394332804 0.1117929207005477 0
6909 1.008793042853564 -0.09351333120312123 0
6910 0.8352510800653001 0.02053051863406823 0
6911 0.1690341201320326 0.05478602018303541 0
6912 -2.216126801974527 -3.177120277946625 0
6913 0.4900520792743319 0.06796190783772679 0
6914 0.2361143656787635 -0.1278194834646051 0
6915 -0.0981863736005196 -0.05652655521635161 0
6916 0.7987276967540421 -0.07224657183923101 0
6917 0.5866528166521324 -0.1431738069155568 0
6918 1.012873221865853 -0.1429689942643363 0
6919 0.940680004239029 0.01429125060706183 0
6920 0.2754297376466971 0.06313756235502158 0
6921 0.3509523408610555 0.1022492457025881 0
6922 -294.800336567237 382.3744390337935 0
6923 -0.7143272727070942 -0.2360682770963167 0
6924 0.2703934602247651 -0.1242107351556852 0
6925 9.005843431137391 -482.7480444423807 0
6926 0.3001990806397876 -0.1208846250603619 0
6927 5.229061403558517 1.898705924710873 0
6928 0.6318337654899575 -0.04702775310192704 0
6929 0.3826635372119218 -0.08231747889383048 0
6930 0.0974254780856474 0.09199688882724669 0
6931 0.9186951422457228 0.05156365436108662 0
6932 -0.07175868441061937 -0.1206312122316619 0
6933 0.3299917501631114 -0.1193208044351658 0
6934 1.041512819589341 -0.1162603837953595 0
6935 0.4433375346527338 0.08800566520246987 0
6936 0.01980728084770735 0.1143810850916848 0
6937 0.3353791648028819 0.06570056079569948 0
6938 -0.2682202580931885 0.4778763686962758 0
6939 0.03470650589623283 0.02751696838924214 0
6940 -0.06194230351322812 0.7765860439805783 0
6941 0.05132245199679499 -0.03570409987428218 0
6942 0.05461563901451071 -0.03757907103405038 0
6943 0.2386159096341038 0.06063771870003289 0
6944 0.4313305263979275 0.2363901874958158 0
6945 0.1393239274787481 -0.1151353017411055 0
6946 0.07822509963450489 0.05522597152046337 0
6947 0.3683022805052646 -0.0825480538621729 0
6948 2.26485206713921 -4.806178809730397 0
6949 0.457574246172612 -0.08475674897033032 0
6950 0.3413161333815496 -0.05991653649751918 0
6951 0.8309162685398539 0.04435892919005942 0
6952 0.5421185174151125 0.06668558234129478 0
6953 0.3593993217741152 0.3528492693487481 0
6954 0.2832425251964126 0.3717611977936834 0
6955 0.09335456353979352 0.05837045654145966 0
6956 2.569953182721981 -2.176005222936949 0
6957 1.138382868765308 -0.003377123988217737 0
6958 -64.81143886016558 82.03403315638501 0
6959 0.1002898347021168 0.06027322014271366 0
6960 0.9205460035761145 -0.2079191756650374 0
6961 0.3474329792737249 -0.06029965582185251 0
6962 0.02850360186039451 -0.1611989190025943 0
6963 0.04187601509696548 -0.1483188450883806 0
6964 0.5200874301527161 0.09201129128424672 0
6965 8.442595228847935 8.878206296404002 0
6966 0.8547365261687055 0.08298706910911763 0
6967 -63.00119367033219 -478.1892172651565 0
6968 0.3984049429062183 -0.08489315024231062 0
6969 -45.26513738010112 -145.3929019918567 0
6970 0.05533013561263168 0.02558032553191631 0
6971 0.5875452876830187 0.06517750075444356 0
6972 -1.81655459573033 1.23575866795845 0
6973 -2.396393878736342 1.303093581132303 0
6974 0.7746978893649221 -0.007557328196880463 0
6975 9.867889302838156 -14.41099691580085 0
6976 0.6311542819542775 -0.03286021264646996 0
6977 0.6342667417739376 -0.03506142052374278 0
6978 -2.106592275526016 20.96680249761256 0
6979 0.5819836595168522 0.09694733184004622 0
6980 0.5783009094972682 0.1089123435873845 0
6981 0.9726022028309744 -0.08823736328176053 0
6982 0.1122702618805238 0.04310614624144615 0
6983 0.9814953461281674 0.01351185807538857 0
6984 0.9871220210451694 0.009741847158720732 0
6985 27.36802386906061 -2.53326512707629 0
6986 0.2207746705835828 -0.05600739139992503 0
6987 0.6124517429215836 -0.8314946294593172 0
6988 0.5678899567622108 0.07560303681902335 0
6989 0.004122607461265107 0.03309656517108282 0
6990 -1.009241204385866 3.2100392996071 0
6991 -0.0235212854606371 0.006623963694774213 0
6992 0.3625736205044777 0.06653347854328807 0
6993 -0.001214029539232245 -0.1307714346510449 0
6994 0.7299930486202997 0.02718872925370686 0
6995 1.132712460234905 -0.1347949168618918 0
6996 1.897877644145959 3.832629615413353 0
6997 0.9148112219570412 0.02412200204692453 0
6998 -17.2031475064644 -25.35776415208131 0
6999 -12.6065031748039 -30.15836500650461 0
7000 -5.842392087213494 -27.18047061382934 0
7001 0.4989358616194545 0.07092804603112096 0
7002 1.104551050314995 -0.1070165874072591 0
7003 -0.01564396390876247 0.09086596459670347 0
7004 0.195215887717949 -0.05073869084305407 0
7005 0.1908562185999765 -0.05350226800882667 0
7006 1.018354136175994 -0.005354424358401775 0
7007 1.015463971364844 0.002908631127597387 0
7008 1.009291393320058 0.008987851580072398 0
7009 0.3654759774939759 -0.06021013919011532 0
7010 -0.05303147556676142 -0.04457618092457878 0
7011 0.6593776194184642 0.06179655587389732 0
7012 75.69089548814532 18.1973035174795 0
7013 0.5899323117832258 0.09436163796993849 0
7014 0.7986497370796849 0.04468671870920014 0
7015 0.2965291269285511 0.06424413234710487 0
7016 1.043274746249001 -0.03018564354775452 0
7017 0.7557555096626468 -0.07579907146503913 0
7018 112.4778760460087 -25.52505699902124 0
7019 0.5636760833303368 0.09702235317453772 0
7020 0.4738518262017261 -0.08194027440552444 0
7021 0.9604235419288218 -0.05185269934868951 0
7022 1.095105163503405 -0.0731106946915953 0
7023 0.4892834680490941 0.1001138917272397 0
7024 0.1594296848925593 -0.04804706604032989 0
7025 0.1681815028371227 0.05159609657077938 0
7026 -0.09951982808029322 0.02819239824880206 0
7027 0.5449963808752802 0.1013038353015807 0
7028 1.00080342053122 0.004306500752598284 0
7029 0.3110384502780638 -0.06361485185739549 0
7030 0.5940370158588892 -0.04178488142141238 0
7031 1.0795678894565 -0.08775161928080646 0
7032 0.7999210727503873 0.04780231602105284 0
7033 0.5865193132120924 -0.05397092946528063 0
7034 2.043466739102007 0.1534156838720205 0
7035 0.3294810204297682 0.07292919296953282 0
7036 0.9064719921756248 -0.04116989238424673 0
7037 5.028093107972909 0.4850837267453745 0
7038 0.2098120463916081 0.07878833384036928 0
7039 1.061542470555326 -0.06317643849143902 0
7040 -0.08801659605943074 -0.1676568272983985 0
7041 0.6838825620911257 0.05956716016592251 0
7042 -0.2091595776937784 -0.2296443566585236 0
7043 -0.1331708243951358 -0.1146573707542454 0
7044 1.134674785929863 -0.2240466443761707 0
7045 1.117284775376489 -0.2181927684059705 0
7046 -56.99103799258418 -31.40701235005756 0
7047 0.7408333925422004 0.01682164132417391 0
7048 0.1630356613601683 -0.6271770310946554 0
7049 -0.05686013830454877 -0.1262919812718696 0
7050 13.71738114554171 -2.152203283354619 0
7051 -0.08314185658707028 0.03368763551866353 0
7052 -0.09016524574217888 0.05001375498872172 0
7053 1.087566319932289 -0.1175797711373265 0
7054 1.084744227924346 -0.1191091250761262 0
7055 0.393660460268879 -0.2749464248771768 0
7056 0.365595349574504 -0.2306903226265452 0
7057 0.183834364077532 0.1388123373695816 0
7058 -106.5793206684021 16.40872006661273 0
7059 0.5937404636190404 0.5569819816836061 0
7060 -4.883482891952232 -8.761442290853349 0
7061 -8.350390434107648 -11.41236815998482 0
7062 -0.03698044874386311 -0.08644544026870948 0
7063 0.7616672604223602 0.09777247229665695 0
7064 0.8246559466675893 0.02740396382153621 0
7065 -459.663307683271 -21.57591727440248 0
7066 1.015358887955389 -0.07835620121546899 0
7067 -68.34810076742818 45.54754610730692 0
7068 0.7092804492447683 0.004157343858760724 0
7069 0.9257949456770246 0.01610470640942357 0
7070 -5.322071204602021 -1.734980959599222 0
7071 0.3249194958317297 0.06165959436076072 0
7072 0.9396631180848499 0.1470841415806859 0
7073 4.588308556096321 -1.425092858149719 0
7074 0.6663577863151513 0.06022134380529335 0
7075 8.418061882178545 84.97737134806961 0
7076 -0.4442924418580592 2.119916308313813 0
7077 0.3715929210853713 -0.06022238181841825 0
7078 0.2750257038751104 -0.05875472374811735 0
7079 -0.7954697648902469 0.1233329073201788 0
7080 -0.0247816052483709 -0.09922898379823783 0
7081 0.9921351387960686 -0.06332932742878361 0
7082 1.137302632779547 -0.1134827294695609 0
7083 0.8780419092657739 -0.05954126225157867 0
7084 0.6043735967876598 0.06401156157969923 0
7085 -0.04613501276376463 -0.03822037063004922 0
7086 0.851244421120363 -0.003104096556447938 0
7087 0.8440204534187405 -0.01304537166432401 0
7088 -0.06692905372458594 -0.156572706794753 0
7089 0.9955772383485215 0.07821562339750147 0
7090 0.01188975989944875 -0.1696646162204559 0
7091 1.13719943375691 -0.1330537447280165 0
7092 1.463106436237743 -0.4028890426007393 0
7093 1.205088915936202 -0.3420157570115415 0
7094 0.8729152750929658 -0.01735563445383447 0
7095 0.6357519147378086 0.0982162051449572 0
7096 -4.963803323311124 6.54940235606948 0
7097 0.1745018477489614 -0.0491583349003461 0
7098 -0.5018722886880479 -4.333344407587163 0
7099 54.64343119259088 5.588563490438788 0
7100 0.05060314409789678 -0.4727590908979182 0
7101 0.6716866894544964 0.06405308611015 0
7102 0.3852898134552317 -0.06416006232333958 0
7103 75.52432165997256 -471.633907370482 0
7104 -7.651271192755338 -4.860773455978741 0
7105 0.2040382526084499 -0.2346248125563941 0
7106 -0.006859928597957424 -0.08533646796692496 0
7107 1.139450149916191 -0.1439761385656776 0
7108 1.142362495750041 -0.140426675730828 0
7109 0.5223276675319756 -0.05132938572586683 0
7110 -15.00300856165343 -20.29618986506818 0
7111 0.8527322504340844 0.0261898698337609 0
7112 28.37906875993727 3.283141711847595 0
7113 1.28210381644307 3.687308537730055 0
7114 -46.68756387021553 7.177954280383087 0
7115 -59.77577718833817 -6.332281401797899 0
7116 -15.82076961585699 46.64622493736865 0
7117 463.4773918729807 127.5536930843234 0
7118 1.143854733500887 -0.06046524748108274 0
7119 -17.33314424176038 9.779358477069565 0
7120 0.7596711131919677 0.05263073432396476 0
7121 0.9891322665708848 0.1288740573401635 0
7122 -0.02613506665074579 -0.05531568450342342 0
7123 -0.01459991762038 -0.05130011422913808 0
7124 1.211949731929259 -0.2065880434878078 0
7125 1.197689152278943 -0.0558661844111053 0
7126 3.715614182453377 8.16229247872605 0
7127 34.50369178763448 37.91349403591789 0
7128 -0.276760243484914 -0.2500415720444289 0
7129 332.8555988812975 -351.4636552614965 0
7130 -0.09317082303468298 -0.2313979315873418 0
7131 71.95449583848298 -26.30368390105267 0
7132 0.2896952326066633 0.06388889650390404 0
7133 0.4444817588146404 0.06744459209001261 0
7134 -0.001378059286534346 -0.005370183815439554 0
7135 -0.00408628173179131 -0.003424281338296983 0
7136 0.1042962878583798 0.04014854554813794 0
7137 6.518456407955699 1.863804890544957 0
7138 0.7484110621113573 0.02837779692298318 0
7139 0.6595964839439301 -0.03057222757023579 0
7140 1.159133125826738 -0.1181132004030459 0
7141 -72.78270057568517 -86.1043697440129 0
7142 0.9471227309286807 0.01135817857361393 0
7143 0.9523482811568004 0.01302761512892118 0
7144 0.4264750901115479 2.352478949792493 0
7145 1.971152677452622 1.214986300839461 0
7146 1.029904724189898 0.06265725453703636 0
7147 1.151974691050646 -0.1617714304881145 0
7148 0.453589108541381 0.06754290915025481 0
7149 1.145307878187924 -0.1356895038500849 0
7150 -0.1259556931091856 -0.03570480795132466 0
7151 0.45118311850136 0.0898121582696987 0
7152 -0.3872003053197096 -2.513020733171774 0
7153 0.08092513251192729 0.06329361372439453 0
7154 1.712625114675519 -0.3774569660893483 0
7155 1.074173152728406 -0.03852010205365437 0
7156 -0.03748485791553893 -0.02503853025129297 0
7157 -0.1335871131279824 0.001974810922484687 0
7158 0.5106311344317035 0.443093240470198 0
7159 -0.3827438632993183 -0.6303551683870169 0
7160 5.577976444841553 -3.032448453888529 0
7161 0.4654492375241706 0.06765287784204398 0
7162 0.2491697749392182 0.07216367029192552 0
7163 0.2440749339544387 0.07713315274922178 0
7164 1.033034504622745 -0.1178165990865617 0
7165 0.9794386719554224 -0.1015668792883467 0
7166 0.329298191941516 0.06535391996571142 0
7167 6.313567944530177 -3.841905414007897 0
7168 0.3581084582762153 -0.05663722305938039 0
7169 1.122934829113785 -0.1544844384165342 0
7170 1.069255758980222 0.04758693905215763 0
7171 -15.28886043299981 22.02131958552452 0
7172 -1.017174205600042 -0.2533881591142921 0
7173 1.082171880885719 -0.1170177681948581 0
7174 1.033164998340848 -0.09470786602911062 0
7175 0.8094676597966191 0.05670453177940018 0
7176 0.6425339820145166 0.1436900062100614 0
7177 0.2883301100600794 -1.658215441691808 0
7178 0.5840125407629566 -1.843715520276534 0
7179 0.975170105481493 -0.05878453037120458 0
7180 0.6135244479253437 -0.07809762973953291 0
7181 0.8302981460335155 -0.1011384579524531 0
7182 -0.2430573629615063 3.122515281484066 0
7183 0.1867804000315985 -0.07824479507787564 0
7184 0.00606394297754723 -0.0642181206537512 0
7185 -0.0130497877779701 -0.1031510896879857 0
7186 0.8325387388562621 0.05275442779985567 0
7187 0.8424196951185858 0.05028075572973432 0
7188 1.038688061650845 -0.04275581473296493 0
7189 0.6870560199217053 -0.02201786333566492 0
7190 -0.108457093665237 -0.1031540067453266 0
7191 -260.5615002753813 -381.0873898097884 0
7192 1.033243991538904 -0.003096135295300487 0
7193 11.99545513738485 -12.32048218262516 0
7194 -250.6799956002358 386.633198273063 0
7195 0.8665555521088688 0.02059989740390587 0
7196 1.12806282968325 -0.1033291326097638 0
7197 0.03847128522632106 -0.009277124078007216 0
7198 0.03786445256121099 -0.01319406415506196 0
7199 0.2569925223112639 -0.05780011272859974 0
7200 0.5685283350101482 -0.04580247361334749 0
7201 -2.17071355114617 0.7681534362772249 0
7202 0.08819612282583193 0.1037201037344013 0
7203 1.073226146545975 -0.2886255804890985 0
7204 1.034031757834199 -0.2823550638545075 0
7205 456.9563093538811 65.51299426973844 0
7206 0.4456936900994389 -0.05776838951939672 0
7207 0.1901894272715091 0.09879633283992102 0
7208 0.05649467042011706 -0.6191766250721382 0
7209 0.2158071979607486 0.08368350550637831 0
7210 0.6960952432128726 -0.1762499092579735 0
7211 1.008910872813185 -0.07498487834789511 0
7212 0.5223487726291433 0.0670704959899817 0
7213 0.8497389304763499 0.04504453523374186 0
7214 -0.06156238023255049 -0.1215399057099363 0
7215 0.786600280385411 0.09765540757473117 0
7216 0.1224538627314126 0.06103776529974742 0
7217 0.04332734264798183 0.000413595845918383 0
7218 0.04505065208425846 0.003605289037403574 0
7219 0.04742660937035684 0.005726355192975085 0
7220 3.05811176521062 2.089779498978662 0
7221 1.158160027714636 -0.1481039922948919 0
7222 1.164876154175306 -0.1515419639991959 0
7223 1.121137430604417 -0.1472548404043511 0
7224 0.5013031719135395 -0.05362381496460297 0
7225 0.900899823733882 -0.06066217448392811 0
7226 0.725251185065993 0.09885609190489203 0
7227 0.9152428542333242 -0.04454553012585928 0
7228 0.5854435409411295 -0.08065517957058839 0
7229 0.04021671863502474 -0.03765731928405257 0
7230 -0.02539900960894709 -0.02108654753903097 0
7231 0.3348388314675155 -0.423616402244803 0
7232 131.8142008154532 465.627635867424 0
7233 1.000820147111095 0.01368417912215836 0
7234 0.4018696748138588 0.06719541453351827 0
7235 -0.1279191163740221 -0.1399187950916448 0
7236 -0.06671786324310279 -0.05318246358440252 0
7237 11.85321017908917 13.30389354275825 0
7238 -1.67151030124741 -1.421402636670223 0
7239 0.6507048141535825 0.1077406592885011 0
7240 0.7117473445168784 -0.05290257708646851 0
7241 0.1341385281765245 -0.07960091730124244 0
7242 1.004939305711386 -0.01894022787321573 0
7243 0.6344847912763079 -0.07394820948537156 0
7244 -59.06499350189863 -105.8037101306536 0
7245 -0.01322728836102928 -0.0314447418311575 0
7246 0.6740535661880048 -0.06888412090437852 0
7247 1.266369937284395 23.35253466265408 0
7248 0.5240268904829497 -0.4144912254920601 0
7249 -0.082453566363106 -0.07968060362896683 0
7250 -11.18193087101292 -10.16201419758629 0
7251 0.03185781873566645 -0.05664447965702026 0
7252 1.027077289490022 -0.1894857183616588 0
7253 1.05822796474905 -1.398474307662147 0
7254 0.8580018712649854 -0.1380070054434833 0
7255 1.034556315428503 -0.08401173137415426 0
7256 -196.0239098449411 419.1430637114728 0
7257 -87.49234805890235 -66.1922426731272 0
7258 0.7782387969958025 0.0501676869861947 0
7259 -0.007732576965635407 -0.1132067708738135 0
7260 0.8786403455523695 -0.05037936728684356 0
7261 130.2582682292482 22.53820893124893 0
7262 0.7256788387635421 0.05617734780643027 0
7263 0.392782394422847 -0.09159046282970811 0
7264 0.5742354656383217 0.06523914390585252 0
7265 0.4897007485892454 9.573649551284696 0
7266 0.7162553582787909 0.05591773809383921 0
7267 0.7128029725334614 0.06125677524121593 0
7268 -0.03908212883604868 -0.1146262968803435 0
7269 0.2676260497758617 -0.2497774548862005 0
7270 -50.30788888074778 -11.82893941528328 0
7271 1.313069147606472 0.5883721140825747 0
7272 0.152009011161277 0.06148867959945264 0
7273 1.416349028475401 0.4913505707207783 0
7274 0.2070298878138211 -0.05515368827727899 0
7275 35.89067819460072 -26.64125235495723 0
7276 0.02125721902744226 0.01071338828394567 0
7277 -34.00711568293023 40.85412806399616 0
7278 -12.07235030384451 -4.436013207367165 0
7279 0.3263132499094721 -0.05973306381535804 0
7280 0.175750071931104 0.06589301825688057 0
7281 0.03999388930247417 -0.02436938677888342 0
7282 0.03567376852255979 -0.02422374262434364 0
7283 -0.09344084839656579 -0.1232518428388977 0
7284 0.8744616519540749 0.0465173221217994 0
7285 0.7008535567745241 0.05790105039204491 0
7286 0.9684559389561795 -0.05525987025855553 0
7287 0.01381656683452175 -0.0838251354772902 0
7288 0.09438085968227844 -0.04299351565123602 0
7289 0.84819423869571 -1.222530450385058 0
7290 20.77142754296934 51.44079039173065 0
7291 -0.03919891736981862 -0.09794151400523815 0
7292 0.1480815562225184 0.1439193713883181 0
7293 1.057771884807138 -0.03919667959882785 0
7294 1.056773611387331 -0.03166492626468032 0
7295 0.3006626624372449 -0.05587667760746226 0
7296 0.7719200477402182 0.02050112786989385 0
7297 -0.4184456055131986 0.07559684431575146 0
7298 -0.01205853564844263 0.02481496129249951 0
7299 421.2235352840451 234.9900437039901 0
7300 -0.9445620138382107 -1.840086598771326 0
7301 -1.435975931757443 0.7458915455540247 0
7302 -1.437663548910085 1.073424792423546 0
7303 -0.08836281880151037 -0.09110803146180114 0
7304 -0.0565657668738106 -0.5871232044104492 0
7305 0.115324623865547 0.0434674160568754 0
7306 0.07382665590222885 0.03003512167182526 0
7307 0.07815328146999061 0.02504181180137495 0
7308 -0.08611639777069784 -0.08544524398471212 0
7309 0.11890593287527 0.0489246103850645 0
7310 0.03401650849070736 -0.1341686920575188 0
7311 0.7531050223936564 0.0909806408476812 0
7312 1.667677968037538 1.737010766774894 0
7313 0.7339112763609179 0.0549149130985685 0
7314 -50.43666868940682 -21.79611973569709 0
7315 -1.09493315785044 -1.498475656849276 0
7316 0.8835488921334884 -0.02079299920030433 0
7317 -0.03679409747935034 -0.09300704233389626 0
7318 1.168142283938614 -0.1349017716644335 0
7319 1.177337744351518 -0.1277405434167561 0
7320 101.922590800134 88.758743970759 0
7321 1.625862585239088 -1.575416627179204 0
7322 -202.0615931794964 -413.4027965490133 0
7323 -0.7428689458360982 -0.5151991583929018 0
7324 0.08068822823943088 0.03015084147193845 0
7325 1.189572898663499 -0.2430554979668824 0
7326 1.212129045640344 -0.2539668717929319 0
7327 1.117310000494332 -0.1054666553528053 0
7328 0.7468064821504545 0.06492698968485795 0
7329 1.064048490521712 -0.07013005890853732 0
7330 0.720767856426248 0.06918331470565554 0
7331 1.272878037614417 0.7349324707952223 0
7332 0.5301364017295584 0.1129635611985383 0
7333 1.006428957986501 -0.3072909287477957 0
7334 -0.1542020142644559 -0.1591576561347013 0
7335 -0.1349940803057888 -0.1548475993395826 0
7336 1.027560554576287 -0.0398595955886701 0
7337 -0.1444097061664603 -0.02956120788122987 0
7338 0.613355467413585 -0.1771895015335715 0
7339 0.9679552989485524 -0.1382726129251327 0
7340 2.884618400638612 -1.047037407653643 0
7341 0.9270716140865413 -0.0386176314173479 0
7342 0.180278589457455 0.05244467019978562 0
7343 255.5677981176689 -385.9389491676424 0
7344 0.6001446380861246 -0.04071669440948928 0
7345 0.8853424723003783 0.09696909458936862 0
7346 1.072873430933054 -0.07700335617884575 0
7347 91.14465457203502 452.9870902805342 0
7348 0.9007910320498203 -0.02845602596544231 0
7349 0.7090746774552963 0.05744578099191838 0
7350 0.741165340233554 0.02344191304811826 0
7351 -2.270324200397241 -40.45149280691138 0
7352 0.9884384865923668 -0.007615111187018662 0
7353 0.9977088998136243 -0.01948498579374532 0
7354 -0.02477965469282626 -0.2456775767543118 0
7355 -0.02978057367147822 -0.1280760918109924 0
7356 10.85363995738778 8.206429315771304 0
7357 0.06157609870635204 0.02448091452655503 0
7358 -0.05376730912785366 -0.0500453525150057 0
7359 1.099212119258322 -0.1009882662942388 0
7360 174.5091719349026 425.5892043323178 0
7361 0.8733547742112674 0.09562335378214148 0
7362 2.491981275033116 -3.981985225683535 0
7363 0.8782493445969894 -0.02345065023593233 0
7364 0.2966184818186496 -0.05865972827357176 0
7365 1.033652925356371 -0.04986116804118652 0
7366 0.6108315499516346 0.06341891757450425 0
7367 0.7021146902203201 -0.004164721110620499 0
7368 0.4016406943250746 -0.0592487542055961 0
7369 0.2173526373391291 -0.1511584681351398 0
7370 0.252914972110822 0.1293869670160308 0
7371 122.2221909718281 -1.4928271013079 0
7372 10.66266718293861 5.973820849005413 0
7373 0.4457632173851792 0.1587814956874919 0
7374 0.8822318367704106 0.0360199338433035 0
7375 -0.02513855143184583 -0.06229744136958686 0
7376 0.705560370998376 0.01894872074848526 0
7377 420.156956475016 -241.2961282848309 0
7378 -7.740218957699791 -35.28119703574149 0
7379 0.6299006432700388 0.06275439321214522 0
7380 -1.640943888832009 -0.5590582085481874 0
7381 1.150108324818075 -0.1763012374033032 0
7382 0.6939618150363264 -0.02405310225359578 0
7383 0.2579390895320193 -0.06460305774351636 0
7384 0.9822508511382626 -0.009162047086224361 0
7385 -0.78463864253311 -0.6888751256990637 0
7386 6.840288148708253 -19.50612510861857 0
7387 0.4977704367699708 -0.06109659139382528 0
7388 1.057541501846848 -0.1725356543220878 0
7389 0.423634369863491 0.07109746254650336 0
7390 1.142549297491769 -0.174324582290602 0
7391 0.007621046240985682 0.005285563636293962 0
7392 1.120539871991947 0.1868054191998594 0
7393 0.2767795713822045 -0.1417885755469824 0
7394 -0.04201010441273642 -0.1152710576074868 0
7395 0.1547724385409777 -0.05009761527285447 0
7396 0.4845335810970978 -0.1229606114171371 0
7397 0.6670140485188372 -0.02899120310579244 0
7398 0.8020254906287335 0.02883107820490807 0
7399 1.060726422201241 -0.06689384364934223 0
7400 -21.57908196688659 -3.246662477905407 0
7401 1.171081244977279 0.03179009229625764 0
7402 0.9666469883644511 0.0002445608262517369 0
7403 0.5979039018695083 0.06412317111981961 0
7404 0.3722890150270422 -0.1313953723951314 0
7405 0.5589529815394442 -0.07361757634883812 0
7406 0.9954883380465394 -0.0173796191098983 0
7407 0.7520086688512243 0.4410603243959236 0
7408 0.6724946249102564 0.4733209644567614 0
7409 0.4671181926778359 -0.08837918295936596 0
7410 0.3815232165882222 -0.2000904979889663 0
7411 0.4413170043825781 -0.05829688762883016 0
7412 0.7710630829436879 0.05241850720137662 0
7413 -14.93915036142312 -36.59720819598612 0
7414 27.82360546643644 -9.132493176953711 0
7415 -36.02220116771521 107.3065793181684 0
7416 -0.09092452356540685 -0.07690895897139881 0
7417 0.4381352805802023 0.07198504112974977 0
7418 1.107547258368669 -0.1369667687833539 0
7419 -0.03275771394623221 -0.1056781604717217 0
7420 -3.381372001807461 0.511046043365735 0
7421 0.8357495125273424 0.02662942686046635 0
7422 -0.4028988074404584 -0.2652344093575664 0
7423 0.06704576186786364 0.03608957723897877 0
7424 23.61070583427834 463.6780484387569 0
7425 1.075927748445311 -0.1133170070803001 0
7426 0.000566783434550753 -0.1421673969373898 0
7427 0.3646475288792538 -0.06597592067731005 0
7428 -365.2170766613333 318.8096923898344 0
7429 -0.08543918653630336 -0.06410805308929243 0
7430 0.5646810134239089 0.06552148593520038 0
7431 -86.30618551728158 -451.4749409296609 0
7432 0.9936969118808664 -0.06635670160317207 0
7433 0.07348292024788873 -0.03924448956525205 0
7434 0.1299203149961268 0.04760916410177583 0
7435 0.6685164300572242 -0.4606036516962664 0
7436 0.4424865048663797 0.1359703887492955 0
7437 0.1080964017037288 0.04120244810697071 0
7438 0.956154052433644 0.002529122540077559 0
7439 0.9342535618998674 0.01616513400214999 0
7440 0.1389748372863319 -0.0546079437589112 0
7441 282.845542538109 361.6103516953261 0
7442 0.7201124603078882 0.05288388566230762 0
7443 0.8547099898755222 0.03962491838647147 0
7444 0.8544168332360307 0.04388672710581538 0
7445 0.1244932646409535 -0.04704215884666773 0
7446 1.005369825655535 -0.0249182963055124 0
7447 -0.09184000827268943 -0.1441209299268465 0
7448 0.02895371941307632 0.01116460492357621 0
7449 -0.06049731601390924 -0.1297757655662977 0
7450 0.7152198501417132 0.02733814818702575 0
7451 0.7096118023291301 -0.0001134586368341483 0
7452 0.1306154069266048 -0.04771605259719327 0
7453 0.4085666509599249 -0.05934396536639229 0
7454 -0.03655693343637145 -0.1022885796140197 0
7455 0.3896975842796738 -0.05951214437259041 0
7456 0.5771132685569291 0.1229428888792283 0
7457 -0.01208746461582392 -0.1169802022007144 0
7458 0.2592847941685731 0.06224380841176351 0
7459 0.3686701229898673 0.06617877191748532 0
7460 0.6081285726730356 0.1146359394720588 0
7461 0.6023648328962077 0.1055469522857674 0
7462 1.026267315197279 -0.1022222844493531 0
7463 0.07590114815436755 -0.04060173840099544 0
7464 0.08181136312864033 -0.04489547458826573 0
7465 1.007348657267134 -0.02641225786950742 0
7466 0.205572749696956 0.05791597498894659 0
7467 0.649647104112581 0.06109908286522732 0
7468 0.290322978461493 -0.05845759420535643 0
7469 0.1185221381927081 -0.0462315028513661 0
7470 1.089606224601885 -0.0925627768334442 0
7471 0.7520800289201128 0.05294590820323886 0
7472 0.7460998896414022 0.05366724783501198 0
7473 0.7422378007673135 0.05862272310301504 0
7474 0.08876265395694559 -0.04236068190524866 0
7475 0.512050913129408 0.07087028879056174 0
7476 -0.06738042314408219 -0.06001623540593012 0
7477 0.199506809366727 0.05732505608908415 0
7478 0.1480304670586029 0.05226804071339747 0
7479 0.1510661484897698 0.05237406328931182 0
7480 1.160340261359808 0.005383301835747291 0
7481 0.5312941001325971 -0.05060777904351767 0
7482 0.5336355058792605 -0.05412168153556146 0
7483 0.193462965736811 0.05670355794024567 0
7484 0.1870269997360035 0.05660545313636689 0
7485 0.002529072795399479 -0.02311207461150235 0
7486 -0.0002744603325131982 -0.02576940816577602 0
7487 0.004578046103775737 -0.03175069987337235 0
7488 0.3598714395322699 0.06587735251021623 0
7489 0.6770318496727975 0.05944813228037614 0
7490 0.5611345636281088 -0.04622944692225076 0
7491 0.3384382942091819 0.06530264597554239 0
7492 0.4262045426963706 0.06784204612124385 0
7493 0.5017071885309754 0.06711775624140066 0
7494 0.7639357016291048 0.05242530771911296 0
7495 0.3078620022601605 0.06462415604064727 0
7496 0.1268107655426969 -0.9114286190521755 0
7497 0.5853407984222729 -0.0429709195296117 0
7498 0.2415453221933029 0.06042944656526866 0
7499 0.6094569861592903 -0.03986345871936403 0
7500 0.4287684235176176 -0.05824051003603755 0
7501 0.1486224344644605 -0.04962780982400426 0
7502 0.5345943969619035 0.06635131581936658 0
7503 0.5287412061108075 0.06644758248019957 0
7504 0.5913391533416165 -0.0417562882032854 0
7505 0.08260060697786369 -0.04100386173679583 0
7506 0.6209474320986441 -0.03700035246745385 0
7507 0.344638850373256 0.06568038726321522 0
7508 0.41986265670202 0.06692155827472475 0
7509 0.2481714523850923 -0.05713389230912324 0
7510 0.4952075340243834 0.06651886150913752 0
7511 -0.1783260051458014 0.1591237422210997 0
7512 0.1156277861496416 -0.04636934885661044 0
7513 0.9970037644826681 -0.09785250142106053 0
7514 0.7056937365862753 -0.001081372748541286 0
7515 0.4727646186993347 -0.05570385664183825 0
7516 0.4927870134815305 0.06667240617450769 0
7517 -0.08380608646659733 -0.03147253703919407 0
7518 0.5499579947020296 0.06581790156738619 0
7519 0.4808311159282592 0.06725568908176663 0
7520 1.022619568717392 -0.03600231998650574 0
7521 0.5560335246147609 0.06545091285609282 0
7522 0.4080292184225659 0.06651329107563274 0
7523 0.4051888858261841 0.06712381765653526 0
7524 -0.088133369885049 -0.0728743260997439 0
7525 0.4865837443352088 0.06700010616846129 0
7526 0.4832027212900087 -0.05489084619782798 0
7527 0.4202278241577095 -0.0582495079112629 0
7528 0.4227030006360603 -0.05795650226335253 0
7529 0.6564443231340893 -0.03125611653459374 0
7530 0.5772612325315442 0.06467414864381646 0
7531 0.1425377714625004 -0.04905975968786729 0
7532 -407.8997565353596 262.216818121642 0
7533 0.3324304312126083 0.06495689406184338 0
7534 0.350434568758991 -0.05969988996037851 0
7535 0.08381781218550867 0.03111788981836889 0
7536 0.08951549053922256 0.0336749108913732 0
7537 1.080064103416304 -0.1249292692312504 0
7538 0.6743441961960894 -0.02736822143795797 0
7539 1.012482463663534 -0.02953022036630778 0
7540 0.1667492039720317 -0.05114820587237189 0
7541 0.1242835206123654 0.04571962691504246 0
7542 0.8916088254428425 0.02754641499174987 0
7543 1.093761750374471 -0.09693004883586839 0
7544 0.3683737243960986 -0.05961857524746726 0
7545 0.3743782819824832 -0.05968096773215154 0
7546 0.4472056947795357 0.0671760731609134 0
7547 1.937389439993315 -10.27750256551153 0
7548 0.09735330023252356 -0.04308747971615173 0
7549 0.2828697387531054 0.0636202713261321 0
7550 1.079803320140404 -0.05177727550487085 0
7551 0.2663727989448609 -0.05794363957930793 0
7552 0.2722380681111404 -0.05811582364284818 0
7553 0.4894598816754323 -0.05470635613435092 0
7554 0.380382039268864 -0.05968179256940275 0
7555 0.3356278233114033 -0.05989492500172395 0
7556 0.3345444787193741 -0.06357209628320634 0
7557 3.776372433431351 -7.072124692655167 0
7558 0.623604577261379 -0.03654995268573887 0
7559 0.7052136481311548 0.01159430831524226 0
7560 0.3442740854880004 -0.05959377928639926 0
7561 0.2540582357400029 -0.0571597498334399 0
7562 0.2783416611037901 -0.05811872804419705 0
7563 0.2810748803480301 -0.05845559113534075 0
7564 0.09390275911543151 0.1403275563908584 0
7565 0.232940206226853 0.06026241747049936 0
7566 0.4257942958336581 -0.05836870052971892 0
7567 0.5713432696290223 0.06479778370983558 0
7568 0.07622303989992812 0.1629681180805282 0
7569 0.6025752930053057 -0.04014311107372574 0
7570 0.6052266797875748 -0.3853037853899576 0
7571 1.028345943345029 -0.1132441063948444 0
7572 -0.04380854831251908 -0.03625281383292633 0
7573 0.9643579199885937 0.001384797341934694 0
7574 0.9667398113124039 0.003676893403089815 0
7575 0.3868765405389628 -0.06010164516040144 0
7576 0.7570402477671351 0.02871594160028999 0
7577 1.000604359039051 -0.02049849543919437 0
7578 0.2599642783872405 -0.05763013190855906 0
7579 0.992617986257578 -0.01622959743666147 0
7580 0.5462947124847911 -0.04826513705534696 0
7581 0.7717570739881787 0.02817404945482575 0
7582 1.026661694391124 -0.08362966388461178 0
7583 1.130207988354412 -0.133201607509364 0
7584 0.1180436142166047 0.04476792906172539 0
7585 0.8735511436880548 -0.01130215470566475 0
7586 0.8748945978907113 -0.01432793839676363 0
7587 0.3291830241180064 -0.06013626794852932 0
7588 0.5716710739588566 -0.1991600762993747 0
7589 -0.07925133799988414 -0.07455397586392398 0
7590 0.172908230843149 -0.05174207652175144 0
7591 0.3112833068449148 -0.0597645599694106 0
7592 1.099069150721747 -0.1302371392377794 0
7593 -0.0434907363812363 -0.3328210235633284 0
7594 1.14058972536279 -0.1047453348093952 0
7595 0.6853400748576922 0.06280903179998341 0
7596 -0.01357425636452739 -0.01133515630859841 0
7597 -0.03066638646418953 -0.1064438822812313 0
7598 -0.03139826393239617 0.02031555170409867 0
7599 0.857440498136753 0.02965198080704976 0
7600 1.060495940639138 0.2555918025154706 0
7601 -0.04793414692020859 -0.04067135320925706 0
7602 0.5531069933846438 0.1105104379268119 0
7603 0.7928278312783573 -0.09267205541620469 0
7604 -0.02734977485711221 -0.02273667468077785 0
7605 -0.1464441804074159 -0.05733707756182489 0
7606 0.04782845353190537 -0.0585521490716011 0
7607 -0.03177083876064517 -0.06690169797823742 0
7608 0.4339448223936859 0.06762314372158081 0
7609 0.6464757558069418 0.06596413665229099 0
7610 1.082487782163887 -0.2088918345393622 0
7611 0.0005979478367055406 -0.1218724484167676 0
7612 1.05269808550101 -0.06047123968069591 0
7613 0.8890479711980199 -0.03037803677240383 0
7614 0.005496996008124909 0.003690518662336571 0
7615 0.1364032826319383 0.04977106649612918 0
7616 0.02627960399156716 -0.004711420152693548 0
7617 0.7509841036841189 0.02875273042230169 0
7618 -0.07304770566589228 -0.06559249000790912 0
7619 1.08995679398107 -0.1188670484830528 0
7620 0.21406812927564 -0.1979202005785071 0
7621 0.3030801897383896 -0.2472628912723657 0
7622 0.920682467795422 -0.03664652406953225 0
7623 0.9236513782146323 -0.03689632048545482 0
7624 1.871100444255942 -1.058664315174466 0
7625 -20.71372151826789 -460.2227008486317 0
7626 0.9366184465552191 -0.06016463033939944 0
7627 0.5802470401225887 -0.04038319856623324 0
7628 437.8193125252833 155.5370677863761 0
7629 0.7662164129257418 0.05560637876345298 0
7630 -0.2067817248755285 -0.0658069381812776 0
7631 1.055162702302838 -0.0996337012056617 0
7632 0.7178625772089916 0.02783099413585076 0
7633 0.08680531987780929 -0.04567549510456446 0
7634 1.046387111429042 -0.05558209255585808 0
7635 0.09630414634603812 0.0419325847299534 0
7636 -0.1506173346460541 -0.2728407134462041 0
7637 0.2522436794613312 0.06121792072904834 0
7638 0.3645068241877699 -0.1526835677789228 0
7639 1.106636896740595 -0.1577962494605957 0
7640 0.8720339056768998 0.03876338872576731 0
7641 0.8664123699230665 0.1997249012944666 0
7642 0.7217068256174469 0.3239549781828115 0
7643 -126.6612210209991 45.10133638396366 0
7644 0.1056666010184474 -0.04972631897987466 0
7645 0.9227609495225724 0.02024142720272876 0
7646 0.7243423686608106 -0.02337040599822604 0
7647 0.8979168613140502 0.07400028909001917 0
7648 0.230918901339296 0.06359174990551505 0
7649 0.3248455129067588 0.1244062104162066 0
7650 -15.70804466865922 -81.77028944824283 0
7651 -0.05689893449340163 0.1357899373309796 0
7652 0.346412252087688 1.101070728693307 0
7653 0.3752935907031137 -0.08124476332908119 0
7654 0.6238195149144475 0.316647076054459 0
7655 -64.23419308168124 -42.17138343034861 0
7656 -0.01889818008705978 -0.03778732014283277 0
7657 1.479701072064019 -0.07056170546039631 0
7658 0.6017053521441927 -0.04316535970293086 0
7659 1.187864252686391 -0.1350631001764286 0
7660 -0.1380391909321899 0.02406509974122603 0
7661 -0.02362361656269001 -0.1300351099902932 0
7662 0.1780885550632963 -0.2657604922945668 0
7663 -0.09355036784198742 -0.09619971150822426 0
7664 1.01049045630771 0.02129318941852 0
7665 109.6733636321245 50.89146094839541 0
7666 0.2110300686966061 0.07119606844056604 0
7667 0.8614903846917017 0.02613673674133661 0
7668 0.5924035235212994 0.06459739963957239 0
7669 0.2590455942712231 0.1165157323085832 0
7670 0.963323275492134 0.1681347688211683 0
7671 0.8777001778820632 0.02793119126774332 0
7672 -0.3341891918524842 0.1573366305941453 0
7673 0.8645246934115366 0.03838359054473033 0
7674 1.014907873954188 -0.1038554005549469 0
7675 0.3709867434958065 0.1057794766394621 0
7676 0.366675314719029 0.1173673337811128 0
7677 1.122677628246561 -0.124216464291522 0
7678 0.8131859153321379 0.09619194699663057 0
7679 0.07916724575006104 -0.0495041924711395 0
7680 -0.4369859289061098 0.6304544297095152 0
7681 0.04662247786075557 0.03591430280754151 0
7682 0.7420871133866652 -0.1386038226258301 0
7683 0.3887233068933328 0.07188806919493808 0
7684 0.3939263168325329 0.07019037242947129 0
7685 0.4761257508594536 -0.06291856004391756 0
7686 0.04204668768914172 -0.002868631889756024 0
7687 1.174289767245296 -0.143888601943535 0
7688 0.03233452841021831 -0.02786218144548382 0
7689 0.009944245242186652 0.01166302071251554 0
7690 -0.2195199601860856 0.009694357485162628 0
7691 0.8339734117349458 0.007195240717909768 0
7692 0.8882459254124614 -0.6110685889211283 0
7693 463.2255432490917 21.33063662829599 0
7694 -0.03897036390407327 0.003908325139024821 0
7695 -14.34584067783543 3.547624869686404 0
7696 -17.58824555676814 3.636003054512203 0
7697 0.3188265772760059 -0.07683481619747753 0
7698 0.793349889225941 0.05225922691208713 0
7699 -21.68957083706222 10.20458090842802 0
7700 -26.28638153296695 10.36439263230267 0
7701 -0.0251076225982564 -0.1139434398942753 0
7702 0.886247617378162 -0.02258182408136964 0
7703 0.3851697262925635 -0.0893716538070651 0
7704 0.8919439478671023 -0.09258030660079701 0
7705 0.3836886923166153 0.06646868213561008 0
7706 1.11353641690422 -0.1402211742769666 0
7707 1.115349343353991 -0.1419904216264457 0
7708 1.104448485860248 -0.01108193943708445 0
7709 0.4110035294595344 0.07413753976018848 0
7710 0.5705526034001185 -0.07906196743285833 0
7711 1.017561049051625 -0.03332674095350441 0
7712 0.93439412570258 -0.04125189186022884 0
7713 42.17819016995826 97.18390263821401 0
7714 1.126317731107963 -0.1287787996995922 0
7715 0.7048258838744473 0.009038458960963254 0
7716 1.011867959520878 -0.003780310207785762 0
7717 0.3895704203287431 0.1446744625617373 0
7718 -0.04280248763156059 -0.1186251956899192 0
7719 0.2135621324460791 -0.055183968873435 0
7720 0.8696153775932626 -0.005800191382814191 0
7721 0.5772552377545176 -0.04075485817777465 0
7722 0.838692693552288 -0.03337513720445594 0
7723 0.3203302489060018 -0.05928812103494096 0
7724 0.2398859618272429 -0.06417867032885248 0
7725 0.08830162157768694 0.06399013156694949 0
7726 0.8004819659067276 -0.02313381627183744 0
7727 0.0222345476707514 0.01400227272255396 0
7728 0.04493916609987411 -0.03862103809652773 0
7729 1.165660183701108 -0.111767831221014 0
7730 1.000058951149414 -0.06956441949498421 0
7731 1.002382904286543 -0.0706437936917889 0
7732 1.01244686748259 0.09269926618869102 0
7733 0.6459264040740276 0.07465403995335709 0
7734 0.8340124330418759 0.04845291731557139 0
7735 215.2134131478434 -435.2930259305032 0
7736 0.8454070659553711 0.02653713470892994 0
7737 0.6094134523107164 -0.04687390311459483 0
7738 -0.146925059162192 -0.01200891029964833 0
7739 2.00878795626042 -1.218950212424973 0
7740 0.7745549203972348 0.001658501097211268 0
7741 0.8669978817860474 0.1640945713627879 0
7742 0.531173455195474 0.07463574346840952 0
7743 2.957850387576084 -8.85109165737359 0
7744 0.6710994525838004 -0.1742812490399652 0
7745 -0.07094328587341819 0.06358373295179819 0
7746 0.8710751929934828 0.01970773881852354 0
7747 0.651817938190276 -0.09078011918908264 0
7748 0.4974131527384056 -0.05334986779313161 0
7749 0.07239777187103513 -0.04213797736618838 0
7750 -1.174453959197153 -0.007926005837938437 0
7751 0.9051666430930374 0.02491029467126436 0
7752 0.4660167110007009 -0.05665771697443198 0
7753 -0.0948387510821514 -0.07939235095815164 0
7754 1.077356876726854 -0.1285618452860503 0
7755 0.5664577671652106 0.1066117947061808 0
7756 0.9823713915334849 0.02044542872228236 0
7757 0.1183149651436246 0.05853508992130381 0
7758 -0.01607249670730213 -0.1411836038663875 0
7759 0.3075378681522944 0.06837065919411862 0
7760 0.856967003374225 -0.04189836518265784 0
7761 354.6576061776457 -297.0387270965514 0
7762 -3.172200417611892 -9.083382404290488 0
7763 0.0349597548046713 -0.0153218354665645 0
7764 -1.405464667503169 -0.9150485434247149 0
7765 0.0049568748281453 -0.01474784536600822 0
7766 0.7432190400583824 0.06230498939127912 0
7767 0.1544370422052556 0.08338596516476347 0
7768 -0.01365441848942692 0.1163138670597664 0
7769 0.8101057995030339 0.02912894827950159 0
7770 0.3308923915277871 -0.06308493918021998 0
7771 13.31617115997914 17.2759117953679 0
7772 1.50403287268648 -0.8889016919881604 0
7773 0.1364269271653399 -0.04835724640260746 0
7774 0.9780855657109746 11.42087119010767 0
7775 -456.6847713573834 -87.8964495279366 0
7776 1.240444999807375 -0.4466910834750893 0
7777 -0.01791471595090605 -0.0427326542537785 0
7778 -11.7835415973187 3.645385858646492 0
7779 -18.17042008676193 -95.92314189428595 0
7780 -1.19106996501746 -0.2168656398796779 0
7781 1.191093793473535 -0.1077803262971459 0
7782 0.2691574798986919 0.06215640863715698 0
7783 1.250555779288228 -0.2028807897930404 0
7784 0.003268066646805707 -0.01664274538656324 0
7785 0.3955984351662514 0.06669280874502505 0
7786 -0.525179708667283 -0.6617199377525493 0
7787 0.6980683958082119 0.05784122320835554 0
7788 0.724007774387684 0.02783206224914106 0
7789 0.9006817473569568 0.03073947138889118 0
7790 0.3623103954537975 -0.05958497292634413 0
7791 0.9565724338988451 -0.05007974520859094 0
7792 0.3160249215302398 0.2482335535193473 0
7793 0.5583729021562994 -0.05411025213553999 0
7794 0.6464939892010143 -0.03846655177931066 0
7795 0.8485008548759028 0.05030701825250003 0
7796 0.8668514190144456 0.008383695608601098 0
7797 1.105396430178895 -0.1338947886318301 0
7798 1.043312031561223 -0.02354271753617684 0
7799 1.971978020070521 1.767575964867635 0
7800 0.8447023114527128 0.09137669287387888 0
7801 0.3061514418216635 -0.06380898205767743 0
7802 0.08466501928837752 0.3536868995516374 0
7803 -36.1039914576177 69.0639246616974 0
7804 -6.784703179410507 21.36505131380493 0
7805 -405.894111305424 -216.9661370467128 0
7806 0.4744338336580227 0.07718319508259221 0
7807 0.5831889543891026 0.06457351892061433 0
7808 0.01599109543553841 0.01013222304843506 0
7809 0.7021746402043726 0.0300654846299778 0
7810 0.09507374645375202 0.03614723322877728 0
7811 1.038848949370077 -0.0196453204792844 0
7812 -0.05684019298316246 0.05110624685319265 0
7813 0.165258205622209 0.05087294120504498 0
7814 -0.02289119918238901 -0.04879215655584265 0
7815 -0.883592190716414 -0.3220747907676649 0
7816 -0.0390052754990225 -0.03245549295799582 0
7817 0.824074677376937 0.0442213467164626 0
7818 0.9383244392711343 0.02915541767665633 0
7819 0.1322799439456311 -0.06944215625482862 0
7820 0.7777807631566878 0.02500362119976248 0
7821 0.7769258400289197 0.02080143434081142 0
7822 1.09249931946017 -0.09132802324915797 0
7823 0.1448512882755243 -0.05530543762515117 0
7824 0.5283459324003065 -0.05021092194962657 0
7825 0.979111820450929 -0.00773846624439939 0
7826 1.081136716569312 0.06711841412297016 0
7827 0.0007338167453722714 4.059269649073364e-05 0
7828 0.8910190029712166 0.03457699889468186 0
7829 0.8953280503282033 0.03574735951522028 0
7830 0.5186482114695731 0.1135357352319399 0
7831 0.8266948190354781 0.02415335474138914 0
7832 0.8263031536987711 0.01986626883302111 0
7833 45.61343455296055 67.56187334637309 0
7834 -0.0486252344020837 0.9112726695214731 0
7835 -59.1461137104852 -52.82869853126475 0
7836 0.9329760159775667 -0.06521939434107347 0
7837 0.6711549806123267 0.06789781395472809 0
7838 -0.03351994150022784 -0.1167204300717415 0
7839 0.7758525832078812 0.103215724980688 0
7840 0.7929085519938819 0.0287575575736481 0
7841 -0.08289293344948712 -0.07371242810000288 0
7842 0.7478147939435617 0.01761209506684315 0
7843 1.613057779043464 -0.4032840100718345 0
7844 0.01695305491114521 0.0006493954774578944 0
7845 1.085052674781635 -0.08487181904113432 0
7846 0.1885413247106373 0.05936346423162991 0
7847 0.3928109834872242 0.06652735603800893 0
7848 0.7169228741622575 0.005885137723059105 0
7849 0.6777695887228753 0.0622260809827769 0
7850 0.009020493064825266 -0.02718730137192218 0
7851 0.769314018746225 0.2332076420440341 0
7852 0.7352313408537063 -0.04087972969704317 0
7853 -0.01923148526499073 1.312551532743122 0
7854 -0.1597518980284703 -0.1309334240972839 0
7855 -0.133110579964562 -0.08345142847146859 0
7856 0.4166886109190719 -0.0707648269936066 0
7857 -0.01065930362454754 -0.04409368878790484 0
7858 0.5569522123898387 -0.05034114775328277 0
7859 0.05442198444444545 0.01279254197743155 0
7860 -13.56855750255155 -138.4459237291143 0
7861 0.5102465547451102 0.06723091014507662 0
7862 0.8699471706855939 0.0336925773644807 0
7863 1.087281998458359 -0.09102826248943392 0
7864 0.287238032118209 -0.05864941596177597 0
7865 0.1138303727378925 -0.04914837395801175 0
7866 0.3311289605936112 0.08547812115419152 0
7867 7.976135333871897 -6.679471595495024 0
7868 481.6252627289069 -62.51711013862059 0
7869 -0.01396555263937821 -0.04153207600735425 0
7870 0.3961663818809645 -0.4341409274168445 0
7871 411.7665405526375 217.7034475672278 0
7872 0.02380941075570816 -0.06499968787961281 0
7873 0.6702669453119476 0.07635951351217639 0
7874 0.8692867735448651 0.02902137858493923 0
7875 0.06893554637254767 -0.04207682287239932 0
7876 -0.0548976424048273 -0.03740431193805972 0
7877 0.162118717542811 -0.06297915455674868 0
7878 0.787570296830802 0.05741718989382975 0
7879 0.2357887447675367 0.05977609196145232 0
7880 0.2637692008804431 -0.06427041793475161 0
7881 220.6636000996612 432.492482552892 0
7882 0.1913664430790929 -0.07138312411028344 0
7883 0.8632501262087477 0.003221898342274152 0
7884 0.9534175545373653 0.003509993300401077 0
7885 0.889212257349199 -0.0237386096194215 0
7886 -19.81164215288098 6.309182541964298 0
7887 0.4112257761730673 -0.06259974581071863 0
7888 1.108248113128351 -0.14644806983727 0
7889 0.2242155819011529 -0.06602681701969282 0
7890 0.2614521394796094 0.08823762664534046 0
7891 -0.07325121452387438 -0.2906665342613186 0
7892 0.3144219694770626 0.0642960616868378 0
7893 1.184633341975304 0.9965471913185256 0
7894 0.813543428235849 0.1787824769221167 0
7895 0.9906236661725175 -0.01454894241475211 0
7896 -0.183553869375835 -0.2872834155577392 0
7897 -24.31349882546156 15.33059117181997 0
7898 0.9048045068048072 0.4525287305194275 0
7899 -2.453345515833319 3.619280014317579 0
7900 0.9032983877312268 -0.02955538743385689 0
7901 -483.593406447504 39.05807977254086 0
7902 -0.07001262903226808 -0.05464063187770543 0
7903 0.01703713678637165 0.04218367758807902 0
7904 -0.03598692138755623 -0.07626554695743985 0
7905 0.4139640924580232 0.06688449370838706 0
7906 0.5744297348244846 -0.04851024655906459 0
7907 0.6360767195304438 0.06248272318304192 0
7908 0.4353805048258453 -0.0579941080576602 0
7909 -0.1566969280649028 -0.04390880608059296 0
7910 3.994779655868872 4.06000825145985 0
7911 0.5414040481577514 0.1097889987757652 0
7912 0.3459318935923554 -0.07988109681768288 0
7913 -0.4655207748073681 0.1267796334647453 0
7914 -0.006379814703096175 -0.02711851717340458 0
7915 -0.2181273121920571 0.1812694636919465 0
7916 0.9385766721474774 0.2209359873105847 0
7917 0.9710515938090007 0.2474214053940966 0
7918 0.9209126583025344 0.05890551814112248 0
7919 0.7921337647418637 0.02144984919939812 0
7920 0.7360686971739225 0.02857925335833919 0
7921 0.7121692525349742 0.1361780607572054 0
7922 0.5042679457160805 -0.05288211682410984 0
7923 0.09165823382389905 -0.04201859824045295 0
7924 0.6825963991780213 0.589198258342539 0
7925 0.958464582732932 0.004132253865476171 0
7926 0.6083169804828423 -0.0433874452833155 0
7927 0.284039122277651 -0.07745117972004739 0
7928 0.4233405067843885 -0.2536964410641997 0
7929 0.6770554038538571 -0.02675331038002416 0
7930 0.9204106359319265 0.02126485389783244 0
7931 0.6940495994605216 -0.2985931126622302 0
7932 1.076922873608388 -0.08166594254830584 0
7933 1.945366483032503 0.2883282781906661 0
7934 0.5406865355204516 -0.0605873244542567 0
7935 1.052223634893398 -0.1606030163589952 0
7936 1.142590095607722 -0.09571633673807357 0
7937 0.2671246430751869 0.06580121008436578 0
7938 0.1833860679244962 0.05642485889659476 0
7939 0.3067610567088516 0.08010447965851017 0
7940 0.01079568426489269 -0.01844714665068017 0
7941 0.2577683330107449 0.1604760793006999 0
7942 0.5953271877302856 0.06377036556143319 0
7943 0.006751077714810197 -0.02220130757506227 0
7944 0.3384494635560545 -0.05929633880657278 0
7945 0.7840058239551113 -0.008731050837650181 0
7946 0.4952726181110886 -0.158254019873009 0
7947 -0.02761469039555632 -0.05725330682084104 0
7948 -0.04452424246787696 -0.26417483894377 0
7949 33.22932052814046 -11.69247797647187 0
7950 0.1607973330316776 -0.05056456761707207 0
7951 0.9006460104183346 0.03477544747232642 0
7952 78.47516635309607 33.15537708881297 0
7953 0.1262915856204666 0.07273233037376434 0
7954 0.9179540261881995 0.03234542680800957 0
7955 1.795611642038613 0.2740661360453813 0
7956 0.009366314073542201 -0.01088344006694225 0
7957 1.063579783357242 -1.634942222272243 0
7958 0.8715775560277028 -0.00868373829774882 0
7959 0.5415034843855737 -0.04830786833449895 0
7960 0.2860072178521805 0.07642280891034324 0
7961 -0.003277906133463502 0.03741851970760336 0
7962 1.103371852111196 -0.09567325202837858 0
7963 0.5134944009255822 -0.05767006615351498 0
7964 -0.06806818289703202 -0.04614177100461563 0
7965 0.1772941767460234 -0.04894357638588949 0
7966 0.2891822591199337 -0.06622366697464807 0
7967 0.335381807055621 -0.08878388998229236 0
7968 -15.79205431769016 112.2770831250495 0
7969 0.4519317096625191 0.4550244891321753 0
7970 0.8255051567246621 0.01490043396987351 0
7971 1.122246794790593 -0.1055830116213592 0
7972 6.970976146194587 32.04514580735151 0
7973 0.570601788443492 0.07195623228278604 0
7974 1.067647729785978 -0.1069551516693391 0
7975 4.631560830489646 2.495917656292316 0
7976 0.7722543895910451 0.04995336653735706 0
7977 0.4960838414338585 -0.07287644356439868 0
7978 0.4079814355754084 -0.06505002742979937 0
7979 1.081914919786127 -0.1486517422399285 0
7980 0.4907300939953186 0.0723074997555591 0
7981 -0.497659898600333 -0.01615142429660679 0
7982 -0.3587323180860002 -0.08591822781106861 0
7983 0.8872506256402554 0.1517173045286974 0
7984 0.6134818132703473 0.06299092761998611 0
7985 -217.9582785635161 411.7660798309508 0
7986 1.115325416128549 -0.1178808937977112 0
7987 -70.10671883108648 -120.2491733846177 0
7988 -9.114204427129325 13.28207161890741 0
7989 0.05603031102516022 -0.06980806002677444 0
7990 0.2545159891576043 0.07618822110624625 0
7991 1.101719718234079 -0.1412259964397481 0
7992 0.1605253942386318 0.05801377715199506 0
7993 0.9695398578099548 -0.3087710612786762 0
7994 0.8413898908765458 0.04585406995482397 0
7995 0.6533845993414968 -0.03936085268072486 0
7996 0.8850210207247593 0.02629414283838715 0
7997 -184.3370558941093 -426.5839241033005 0
7998 0.6636866640539867 -0.07141750483378387 0
7999 -0.08650638538969549 -0.08853445067805908 0
8000 0.2522949479189919 -0.07807908408374871 0
8001 0.7625215392825101 -0.1353747500931979 0
8002 1.239688476679127 -0.02768628242408222 0
8003 0.2564098047273111 -0.06907754039672531 0
8004 0.8184615368079693 0.04515747264845799 0
8005 0.2843653047182499 -0.05809722073065671 0
8006 0.5904229599690257 0.1034395945865294 0
8007 -242.9102369932772 -395.6485538318872 0
8008 1.074667564814279 -0.1622809519802603 0
8009 1.040653698046359 -0.05229898246198121 0
8010 -0.05542975694968518 -0.05240711603961421 0
8011 0.7840334452084969 0.02896652664888874 0
8012 0.05379926890689733 -0.8116966480883168 0
8013 0.3529480690720587 -0.2025493893742477 0
8014 0.8092811003175159 0.01283652766972481 0
8015 0.7088496549209425 0.02792859238896691 0
8016 0.5634089141617201 -0.05341342875691402 0
8017 0.5060801636624749 0.06663097015729062 0
8018 0.8796824883630989 0.04444738254286646 0
8019 0.353025703742623 -0.0800733118417741 0
8020 0.6725683935234265 -0.03400568124320995 0
8021 -0.003697880854285224 -0.02416258921482642 0
8022 0.8202698167552273 0.04843216525517485 0
8023 0.8932012626860701 0.03139168370328674 0
$EndNodes
$Elements
16050
1 1 2 1 1 1 16
2 1 2 1 1 16 17
3 1 2 1 1 17 18
4 1 2 1 1 18 19
5 1 2 1 1 19 20
6 1 2 1 1 20 21
7 1 2 1 1 21 22
8 1 2 1 1 22 23
9 1 2 1 1 23 24
10 1 2 1 1 24 25
11 1 2 1 1 25 26
12 1 2 1 1 26 27
13 1 2 1 1 27 28
14 1 2 1 1 28 29
15 1 2 1 1 29 30
16 1 2 1 1 30 31
17 1 2 1 1 31 32
18 1 2 1 1 32 33
19 1 2 1 1 33 34
20 1 2 1 1 34 35
21 1 2 1 1 35 36
22 1 2 1 1 36 37
23 1 2 1 1 37 38
24 1 2 1 1 38 39
25 1 2 1 1 39 40
26 1 2 1 1 40 41
27 1 2 1 1 41 42
28 1 2 1 1 42 43
29 1 2 1 1 43 44
30 1 2 1 1 44 45
31 1 2 1 1 45 46
32 1 2 1 1 46 47
33 1 2 1 1 47 48
34 1 2 1 1 48 49
35 1 2 1 1 49 50
36 1 2 1 1 50 51
37 1 2 1 1 51 52
38 1 2 1 1 52 53
39 1 2 1 1 53 54
40 1 2 1 1 54 55
41 1 2 1 1 55 56
42 1 2 1 1 56 57
43 1 2 1 1 57 58
44 1 2 1 1 58 59
45 1 2 1 1 59 60
46 1 2 1 1 60 61
47 1 2 1 1 61 62
48 1 2 1 1 62 63
49 1 2 1 1 63 64
50 1 2 1 1 64 65
51 1 2 1 1 65 66
52 1 2 1 1 66 67
53 1 2 1 1 67 68
54 1 2 1 1 68 69
55 1 2 1 1 69 70
56 1 2 1 1 70 71
57 1 2 1 1 71 72
58 1 2 1 1 72 2
59 1 2 1 2 2 73
60 1 2 1 2 73 74
61 1 2 1 2 74 75
62 1 2 1 2 75 76
63 1 2 1 2 76 77
64 1 2 1 2 77 78
65 1 2 1 2 78 79
66 1 2 1 2 79 80
67 1 2 1 2 80 81
68 1 2 1 2 81 82
69 1 2 1 2 82 83
70 1 2 1 2 83 84
71 1 2 1 2 84 85
72 1 2 1 2 85 86
73 1 2 1 2 86 87
74 1 2 1 2 87 88
75 1 2 1 2 88 3
76 1 2 1 3 3 89
77 1 2 1 3 89 90
78 1 2 1 3 90 91
79 1 2 1 3 91 92
80 1 2 1 3 92 93
81 1 2 1 3 93 94
82 1 2 1 3 94 95
83 1 2 1 3 95 96
84 1 2 1 3 96 97
85 1 2 1 3 97 98
86 1 2 1 3 98 99
87 1 2 1 3 99 100
88 1 2 1 3 100 101
89 1 2 1 3 101 102
90 1 2 1 3 102 103
91 1 2 1 3 103 104
92 1 2 1 3 104 105
93 1 2 1 3 105 106
94 1 2 1 3 106 107
95 1 2 1 3 107 108
96 1 2 1 3 108 109
97 1 2 1 3 109 110
98 1 2 1 3 110 111
99 1 2 1 3 111 112
100 1 2 1 3 112 113
101 1 2 1 3 113 114
102 1 2 1 3 114 115
103 1 2 1 3 115 116
104 1 2 1 3 116 117
105 1 2 1 3 117 118
106 1 2 1 3 118 119
107 1 2 1 3 119 120
108 1 2 1 3 120 121
109 1 2 1 3 121 122
110 1 2 1 3 122 123
111 1 2 1 3 123 124
112 1 2 1 3 124 125
113 1 2 1 3 125 126
114 1 2 1 3 126 127
115 1 2 1 3 127 128
116 1 2 1 3 128 129
117 1 2 1 3 129 130
118 1 2 1 3 130 131
119 1 2 1 3 131 132
120 1 2 1 3 132 133
121 1 2 1 3 133 134
122 1 2 1 3 134 135
123 1 2 1 3 135 136
124 1 2 1 3 136 137
125 1 2 1 3 137 138
126 1 2 1 3 138 139
127 1 2 1 3 139 140
128 1 2 1 3 140 141
129 1 2 1 3 141 142
130 1 2 1 3 142 143
131 1 2 1 3 143 144
132 1 2 1 3 144 145
133 1 2 1 3 145 146
134 1 2 1 3 146 147
135 1 2 1 3 147 148
136 1 2 1 3 148 149
137 1 2 1 3 149 150
138 1 2 1 3 150 151
139 1 2 1 3 151 152
140 1 2 1 3 152 153
141 1 2 1 3 153 154
142 1 2 1 3 154 155
143 1 2 1 3 155 156
144 1 2 1 3 156 157
145 1 2 1 3 157 158
146 1 2 1 3 158 159
147 1 2 1 3 159 160
148 1 2 1 3 160 161
149 1 2 1 3 161 162
150 1 2 1 3 162 163
151 1 2 1 3 163 164
152 1 2 1 3 164 165
153 1 2 1 3 165 166
154 1 2 1 3 166 167
155 1 2 1 3 167 168
156 1 2 1 3 168 169
157 1 2 1 3 169 170
158 1 2 1 3 170 171
159 1 2 1 3 171 172
160 1 2 1 3 172 173
161 1 2 1 3 173 174
162 1 2 1 3 174 175
163 1 2 1 3 175 176
164 1 2 1 3 176 177
165 1 2 1 3 177 178
166 1 2 1 3 178 179
167 1 2 1 3 179 180
168 1 2 1 3 180 181
169 1 2 1 3 181 182
170 1 2 1 3 182 183
171 1 2 1 3 183 184
172 1 2 1 3 184 185
173 1 2 1 3 185 186
174 1 2 1 3 186 187
175 1 2 1 3 187 188
176 1 2 1 3 188 189
177 1 2 1 3 189 190
178 1 2 1 3 190 191
179 1 2 1 3 191 192
180 1 2 1 3 192 193
181 1 2 1 3 193 194
182 1 2 1 3 194 195
183 1 2 1 3 195 196
184 1 2 1 3 196 197
185 1 2 1 3 197 198
186 1 2 1 3 198 199
187 1 2 1 3 199 200
188 1 2 1 3 200 201
189 1 2 1 3 201 202
190 1 2 1 3 202 203
191 1 2 1 3 203 204
192 1 2 1 3 204 205
193 1 2 1 3 205 206
194 1 2 1 3 206 207
195 1 2 1 3 207 208
196 1 2 1 3 208 209
197 1 2 1 3 209 210
198 1 2 1 3 210 211
199 1 2 1 3 211 212
200 1 2 1 3 212 213
201 1 2 1 3 213 214
202 1 2 1 3 214 215
203 1 2 1 3 215 216
204 1 2 1 3 216 217
205 1 2 1 3 217 218
206 1 2 1 3 218 219
207 1 2 1 3 219 220
208 1 2 1 3 220 221
209 1 2 1 3 221 222
210 1 2 1 3 222 223
211 1 2 1 3 223 224
212 1 2 1 3 224 225
213 1 2 1 3 225 226
214 1 2 1 3 226 227
215 1 2 1 3 227 228
216 1 2 1 3 228 229
217 1 2 1 3 229 230
218 1 2 1 3 230 231
219 1 2 1 3 231 232
220 1 2 1 3 232 233
221 1 2 1 3 233 234
222 1 2 1 3 234 235
223 1 2 1 3 235 236
224 1 2 1 3 236 237
225 1 2 1 3 237 238
226 1 2 1 3 238 239
227 1 2 1 3 239 240
228 1 2 1 3 240 241
229 1 2 1 3 241 242
230 1 2 1 3 242 243
231 1 2 1 3 243 244
232 1 2 1 3 244 245
233 1 2 1 3 245 246
234 1 2 1 3 246 247
235 1 2 1 3 247 248
236 1 2 1 3 248 249
237 1 2 1 3 249 250
238 1 2 1 3 250 251
239 1 2 1 3 251 252
240 1 2 1 3 252 253
241 1 2 1 3 253 254
242 1 2 1 3 254 255
243 1 2 1 3 255 256
244 1 2 1 3 256 257
245 1 2 1 3 257 258
246 1 2 1 3 258 259
247 1 2 1 3 259 260
248 1 2 1 3 260 261
249 1 2 1 3 261 262
250 1 2 1 3 262 263
251 1 2 1 3 263 264
252 1 2 1 3 264 265
253 1 2 1 3 265 266
254 1 2 1 3 266 267
255 1 2 1 3 267 268
256 1 2 1 3 268 269
257 1 2 1 3 269 270
258 1 2 1 3 270 271
259 1 2 1 3 271 272
260 1 2 1 3 272 273
261 1 2 1 3 273 274
262 1 2 1 3 274 275
263 1 2 1 3 275 276
264 1 2 1 3 276 277
265 1 2 1 3 277 278
266 1 2 1 3 278 279
267 1 2 1 3 279 280
268 1 2 1 3 280 281
269 1 2 1 3 281 282
270 1 2 1 3 282 283
271 1 2 1 3 283 284
272 1 2 1 3 284 285
273 1 2 1 3 285 286
274 1 2 1 3 286 287
275 1 2 1 3 287 288
276 1 2 1 3 288 289
277 1 2 1 3 289 290
278 1 2 1 3 290 291
279 1 2 1 3 291 292
280 1 2 1 3 292 293
281 1 2 1 3 293 294
282 1 2 1 3 294 295
283 1 2 1 3 295 296
284 1 2 1 3 296 297
285 1 2 1 3 297 298
286 1 2 1 3 298 299
287 1 2 1 3 299 300
288 1 2 1 3 300 301
289 1 2 1 3 301 302
290 1 2 1 3 302 303
291 1 2 1 3 303 304
292 1 2 1 3 304 305
293 1 2 1 3 305 306
294 1 2 1 3 306 307
295 1 2 1 3 307 308
296 1 2 1 3 308 309
297 1 2 1 3 309 4
298 1 2 1 4 4 310
299 1 2 1 4 310 311
300 1 2 1 4 311 312
301 1 2 1 4 312 313
302 1 2 1 4 313 314
303 1 2 1 4 314 315
304 1 2 1 4 315 316
305 1 2 1 4 316 317
306 1 2 1 4 317 318
307 1 2 1 4 318 319
308 1 2 1 4 319 320
309 1 2 1 4 320 321
310 1 2 1 4 321 322
311 1 2 1 4 322 323
312 1 2 1 4 323 324
313 1 2 1 4 324 325
314 1 2 1 4 325 326
315 1 2 1 4 326 327
316 1 2 1 4 327 328
317 1 2 1 4 328 329
318 1 2 1 4 329 330
319 1 2 1 4 330 331
320 1 2 1 4 331 332
321 1 2 1 4 332 333
322 1 2 1 4 333 334
323 1 2 1 4 334 335
324 1 2 1 4 335 336
325 1 2 1 4 336 337
326 1 2 1 4 337 338
327 1 2 1 4 338 339
328 1 2 1 4 339 340
329 1 2 1 4 340 341
330 1 2 1 4 341 342
331 1 2 1 4 342 343
332 1 2 1 4 343 344
333 1 2 1 4 344 345
334 1 2 1 4 345 346
335 1 2 1 4 346 347
336 1 2 1 4 347 348
337 1 2 1 4 348 349
338 1 2 1 4 349 350
339 1 2 1 4 350 351
340 1 2 1 4 351 352
341 1 2 1 4 352 353
342 1 2 1 4 353 354
343 1 2 1 4 354 355
344 1 2 1 4 355 356
345 1 2 1 4 356 357
346 1 2 1 4 357 358
347 1 2 1 4 358 359
348 1 2 1 4 359 360
349 1 2 1 4 360 361
350 1 2 1 4 361 362
351 1 2 1 4 362 363
352 1 2 1 4 363 364
353 1 2 1 4 364 365
354 1 2 1 4 365 366
355 1 2 1 4 366 367
356 1 2 1 4 367 368
357 1 2 1 4 368 369
358 1 2 1 4 369 370
359 1 2 1 4 370 371
360 1 2 1 4 371 372
361 1 2 1 4 372 373
362 1 2 1 4 373 374
363 1 2 1 4 374 375
364 1 2 1 4 375 376
365 1 2 1 4 376 377
366 1 2 1 4 377 378
367 1 2 1 4 378 379
368 1 2 1 4 379 380
369 1 2 1 4 380 381
370 1 2 1 4 381 382
371 1 2 1 4 382 383
372 1 2 1 4 383 384
373 1 2 1 4 384 385
374 1 2 1 4 385 386
375 1 2 1 4 386 387
376 1 2 1 4 387 388
377 1 2 1 4 388 389
378 1 2 1 4 389 390
379 1 2 1 4 390 391
380 1 2 1 4 391 392
381 1 2 1 4 392 393
382 1 2 1 4 393 394
383 1 2 1 4 394 395
384 1 2 1 4 395 396
385 1 2 1 4 396 397
386 1 2 1 4 397 398
387 1 2 1 4 398 399
388 1 2 1 4 399 400
389 1 2 1 4 400 401
390 1 2 1 4 401 402
391 1 2 1 4 402 403
392 1 2 1 4 403 404
393 1 2 1 4 404 405
394 1 2 1 4 405 406
395 1 2 1 4 406 407
396 1 2 1 4 407 408
397 1 2 1 4 408 409
398 1 2 1 4 409 410
399 1 2 1 4 410 411
400 1 2 1 4 411 412
401 1 2 1 4 412 413
402 1 2 1 4 413 414
403 1 2 1 4 414 415
404 1 2 1 4 415 416
405 1 2 1 4 416 417
406 1 2 1 4 417 418
407 1 2 1 4 418 419
408 1 2 1 4 419 420
409 1 2 1 4 420 421
410 1 2 1 4 421 422
411 1 2 1 4 422 423
412 1 2 1 4 423 424
413 1 2 1 4 424 425
414 1 2 1 4 425 426
415 1 2 1 4 426 427
416 1 2 1 4 427 428
417 1 2 1 4 428 429
418 1 2 1 4 429 430
419 1 2 1 4 430 431
420 1 2 1 4 431 432
421 1 2 1 4 432 433
422 1 2 1 4 433 434
423 1 2 1 4 434 435
424 1 2 1 4 435 436
425 1 2 1 4 436 437
426 1 2 1 4 437 438
427 1 2 1 4 438 439
428 1 2 1 4 439 440
429 1 2 1 4 440 441
430 1 2 1 4 441 442
431 1 2 1 4 442 443
432 1 2 1 4 443 444
433 1 2 1 4 444 445
434 1 2 1 4 445 446
435 1 2 1 4 446 447
436 1 2 1 4 447 448
437 1 2 1 4 448 449
438 1 2 1 4 449 450
439 1 2 1 4 450 451
440 1 2 1 4 451 452
441 1 2 1 4 452 453
442 1 2 1 4 453 454
443 1 2 1 4 454 455
444 1 2 1 4 455 456
445 1 2 1 4 456 457
446 1 2 1 4 457 458
447 1 2 1 4 458 459
448 1 2 1 4 459 460
449 1 2 1 4 460 461
450 1 2 1 4 461 462
451 1 2 1 4 462 463
452 1 2 1 4 463 464
453 1 2 1 4 464 465
454 1 2 1 4 465 466
455 1 2 1 4 466 467
456 1 2 1 4 467 468
457 1 2 1 4 468 469
458 1 2 1 4 469 470
459 1 2 1 4 470 471
460 1 2 1 4 471 472
461 1 2 1 4 472 473
462 1 2 1 4 473 474
463 1 2 1 4 474 475
464 1 2 1 4 475 476
465 1 2 1 4 476 477
466 1 2 1 4 477 478
467 1 2 1 4 478 479
468 1 2 1 4 479 480
469 1 2 1 4 480 481
470 1 2 1 4 481 482
471 1 2 1 4 482 483
472 1 2 1 4 483 484
473 1 2 1 4 484 485
474 1 2 1 4 485 486
475 1 2 1 4 486 487
476 1 2 1 4 487 488
477 1 2 1 4 488 489
478 1 2 1 4 489 490
479 1 2 1 4 490 491
480 1 2 1 4 491 492
481 1 2 1 4 492 493
482 1 2 1 4 493 494
483 1 2 1 4 494 495
484 1 2 1 4 495 496
485 1 2 1 4 496 497
486 1 2 1 4 497 498
487 1 2 1 4 498 499
488 1 2 1 4 499 500
489 1 2 1 4 500 501
490 1 2 1 4 501 502
491 1 2 1 4 502 503
492 1 2 1 4 503 504
493 1 2 1 4 504 505
494 1 2 1 4 505 506
495 1 2 1 4 506 507
496 1 2 1 4 507 508
497 1 2 1 4 508 509
498 1 2 1 4 509 510
499 1 2 1 4 510 511
500 1 2 1 4 511 512
501 1 2 1 4 512 513
502 1 2 1 4 513 514
503 1 2 1 4 514 515
504 1 2 1 4 515 516
505 1 2 1 4 516 517
506 1 2 1 4 517 518
507 1 2 1 4 518 519
508 1 2 1 4 519 520
509 1 2 1 4 520 521
510 1 2 1 4 521 522
511 1 2 1 4 522 523
512 1 2 1 4 523 524
513 1 2 1 4 524 525
514 1 2 1 4 525 526
515 1 2 1 4 526 527
516 1 2 1 4 527 528
517 1 2 1 4 528 529
518 1 2 1 4 529 530
519 1 2 1 4 530 531
520 1 2 1 4 531 532
521 1 2 1 4 532 533
522 1 2 1 4 533 534
523 1 2 1 4 534 535
524 1 2 1 4 535 536
525 1 2 1 4 536 537
526 1 2 1 4 537 538
527 1 2 1 4 538 539
528 1 2 1 4 539 540
529 1 2 1 4 540 541
530 1 2 1 4 541 542
531 1 2 1 4 542 543
532 1 2 1 4 543 544
533 1 2 1 4 544 545
534 1 2 1 4 545 546
535 1 2 1 4 546 547
536 1 2 1 4 547 548
537 1 2 1 4 548 549
538 1 2 1 4 549 550
539 1 2 1 4 550 551
540 1 2 1 4 551 552
541 1 2 1 4 552 553
542 1 2 1 4 553 554
543 1 2 1 4 554 555
544 1 2 1 4 555 556
545 1 2 1 4 556 557
546 1 2 1 4 557 558
547 1 2 1 4 558 559
548 1 2 1 4 559 560
549 1 2 1 4 560 561
550 1 2 1 4 561 562
551 1 2 1 4 562 563
552 1 2 1 4 563 564
553 1 2 1 4 564 565
554 1 2 1 4 565 566
555 1 2 1 4 566 567
556 1 2 1 4 567 568
557 1 2 1 4 568 569
558 1 2 1 4 569 570
559 1 2 1 4 570 571
560 1 2 1 4 571 572
561 1 2 1 4 572 573
562 1 2 1 4 573 574
563 1 2 1 4 574 575
564 1 2 1 4 575 576
565 1 2 1 4 576 577
566 1 2 1 4 577 578
567 1 2 1 4 578 579
568 1 2 1 4 579 580
569 1 2 1 4 580 581
570 1 2 1 4 581 582
571 1 2 1 4 582 583
572 1 2 1 4 583 584
573 1 2 1 4 584 585
574 1 2 1 4 585 586
575 1 2 1 4 586 587
576 1 2 1 4 587 588
577 1 2 1 4 588 589
578 1 2 1 4 589 590
579 1 2 1 4 590 591
580 1 2 1 4 591 592
581 1 2 1 4 592 5
582 1 2 1 5 5 593
583 1 2 1 5 593 1
584 1 2 2 6 6 594
585 1 2 2 6 594 595
586 1 2 2 6 595 596
587 1 2 2 6 596 597
588 1 2 2 6 597 598
589 1 2 2 6 598 599
590 1 2 2 6 599 600
591 1 2 2 6 600 601
592 1 2 2 6 601 602
593 1 2 2 6 602 603
594 1 2 2 6 603 604
595 1 2 2 6 604 605
596 1 2 2 6 605 606
597 1 2 2 6 606 607
598 1 2 2 6 607 608
599 1 2 2 6 608 609
600 1 2 2 6 609 610
601 1 2 2 6 610 611
602 1 2 2 6 611 612
603 1 2 2 6 612 613
604 1 2 2 6 613 614
605 1 2 2 6 614 615
606 1 2 2 6 615 616
607 1 2 2 6 616 617
608 1 2 2 6 617 618
609 1 2 2 6 618 619
610 1 2 2 6 619 620
611 1 2 2 6 620 621
612 1 2 2 6 621 622
613 1 2 2 6 622 623
614 1 2 2 6 623 624
615 1 2 2 6 624 625
616 1 2 2 6 625 626
617 1 2 2 6 626 627
618 1 2 2 6 627 628
619 1 2 2 6 628 629
620 1 2 2 6 629 630
621 1 2 2 6 630 631
622 1 2 2 6 631 632
623 1 2 2 6 632 633
624 1 2 2 6 633 634
625 1 2 2 6 634 635
626 1 2 2 6 635 636
627 1 2 2 6 636 637
628 1 2 2 6 637 638
629 1 2 2 6 638 639
630 1 2 2 6 639 640
631 1 2 2 6 640 641
632 1 2 2 6 641 642
633 1 2 2 6 642 643
634 1 2 2 6 643 644
635 1 2 2 6 644 645
636 1 2 2 6 645 646
637 1 2 2 6 646 647
638 1 2 2 6 647 648
639 1 2 2 6 648 649
640 1 2 2 6 649 650
641 1 2 2 6 650 651
642 1 2 2 6 651 652
643 1 2 2 6 652 653
644 1 2 2 6 653 654
645 1 2 2 6 654 655
646 1 2 2 6 655 656
647 1 2 2 6 656 657
648 1 2 2 6 657 658
649 1 2 2 6 658 659
650 1 2 2 6 659 660
651 1 2 2 6 660 661
652 1 2 2 6 661 662
653 1 2 2 6 662 663
654 1 2 2 6 663 664
655 1 2 2 6 664 665
656 1 2 2 6 665 666
657 1 2 2 6 666 667
658 1 2 2 6 667 668
659 1 2 2 6 668 669
660 1 2 2 6 669 670
661 1 2 2 6 670 671
662 1 2 2 6 671 672
663 1 2 2 6 672 673
664 1 2 2 6 673 674
665 1 2 2 6 674 675
666 1 2 2 6 675 676
667 1 2 2 6 676 677
668 1 2 2 6 677 678
669 1 2 2 6 678 679
670 1 2 2 6 679 680
671 1 2 2 6 680 681
672 1 2 2 6 681 682
673 1 2 2 6 682 683
674 1 2 2 6 683 684
675 1 2 2 6 684 685
676 1 2 2 6 685 686
677 1 2 2 6 686 687
678 1 2 2 6 687 688
679 1 2 2 6 688 689
680 1 2 2 6 689 690
681 1 2 2 6 690 691
682 1 2 2 6 691 692
683 1 2 2 6 692 693
684 1 2 2 6 693 694
685 1 2 2 6 694 695
686 1 2 2 6 695 696
687 1 2 2 6 696 7
688 1 2 2 7 7 697
689 1 2 2 7 697 698
690 1 2 2 7 698 699
691 1 2 2 7 699 700
692 1 2 2 7 700 701
693 1 2 2 7 701 702
694 1 2 2 7 702 703
695 1 2 2 7 703 704
696 1 2 2 7 704 705
697 1 2 2 7 705 706
698 1 2 2 7 706 707
699 1 2 2 7 707 708
700 1 2 2 7 708 709
701 1 2 2 7 709 710
702 1 2 2 7 710 711
703 1 2 2 7 711 712
704 1 2 2 7 712 713
705 1 2 2 7 713 714
706 1 2 2 7 714 715
707 1 2 2 7 715 716
708 1 2 2 7 716 717
709 1 2 2 7 717 718
710 1 2 2 7 718 719
711 1 2 2 7 719 720
712 1 2 2 7 720 721
713 1 2 2 7 721 722
714 1 2 2 7 722 723
715 1 2 2 7 723 724
716 1 2 2 7 724 725
717 1 2 2 7 725 726
718 1 2 2 7 726 727
719 1 2 2 7 727 728
720 1 2 2 7 728 729
721 1 2 2 7 729 730
722 1 2 2 7 730 731
723 1 2 2 7 731 732
724 1 2 2 7 732 733
725 1 2 2 7 733 734
726 1 2 2 7 734 735
727 1 2 2 7 735 736
728 1 2 2 7 736 737
729 1 2 2 7 737 738
730 1 2 2 7 738 739
731 1 2 2 7 739 740
732 1 2 2 7 740 741
733 1 2 2 7 741 742
734 1 2 2 7 742 743
735 1 2 2 7 743 744
736 1 2 2 7 744 745
737 1 2 2 7 745 746
738 1 2 2 7 746 747
739 1 2 2 7 747 748
740 1 2 2 7 748 749
741 1 2 2 7 749 750
742 1 2 2 7 750 751
743 1 2 2 7 751 752
744 1 2 2 7 752 753
745 1 2 2 7 753 754
746 1 2 2 7 754 755
747 1 2 2 7 755 756
748 1 2 2 7 756 757
749 1 2 2 7 757 758
750 1 2 2 7 758 759
751 1 2 2 7 759 760
752 1 2 2 7 760 761
753 1 2 2 7 761 762
754 1 2 2 7 762 763
755 1 2 2 7 763 764
756 1 2 2 7 764 765
757 1 2 2 7 765 766
758 1 2 2 7 766 767
759 1 2 2 7 767 768
760 1 2 2 7 768 769
761 1 2 2 7 769 770
762 1 2 2 7 770 771
763 1 2 2 7 771 772
764 1 2 2 7 772 773
765 1 2 2 7 773 774
766 1 2 2 7 774 775
767 1 2 2 7 775 776
768 1 2 2 7 776 777
769 1 2 2 7 777 778
770 1 2 2 7 778 779
771 1 2 2 7 779 780
772 1 2 2 7 780 781
773 1 2 2 7 781 782
774 1 2 2 7 782 783
775 1 2 2 7 783 784
776 1 2 2 7 784 785
777 1 2 2 7 785 786
778 1 2 2 7 786 787
779 1 2 2 7 787 788
780 1 2 2 7 788 789
781 1 2 2 7 789 790
782 1 2 2 7 790 791
783 1 2 2 7 791 792
784 1 2 2 7 792 793
785 1 2 2 7 793 794
786 1 2 2 7 794 795
787 1 2 2 7 795 796
788 1 2 2 7 796 797
789 1 2 2 7 797 798
790 1 2 2 7 798 799
791 1 2 2 7 799 800
792 1 2 2 7 800 8
793 1 2 2 8 8 801
794 1 2 2 8 801 6
795 1 2 3 9 9 802
796 1 2 3 9 802 10
797 1 2 3 10 10 803
798 1 2 3 10 803 804
799 1 2 3 10 804 805
800 1 2 3 10 805 806
801 1 2 3 10 806 807
802 1 2 3 10 807 808
803 1 2 3 10 808 809
804 1 2 3 10 809 810
805 1 2 3 10 810 811
806 1 2 3 10 811 812
807 1 2 3 10 812 813
808 1 2 3 10 813 814
809 1 2 3 10 814 815
810 1 2 3 10 815 816
811 1 2 3 10 816 817
812 1 2 3 10 817 818
813 1 2 3 10 818 819
814 1 2 3 10 819 820
815 1 2 3 10 820 821
816 1 2 3 10 821 822
817 1 2 3 10 822 823
818 1 2 3 10 823 824
819 1 2 3 10 824 825
820 1 2 3 10 825 826
821 1 2 3 10 826 827
822 1 2 3 10 827 828
823 1 2 3 10 828 829
824 1 2 3 10 829 830
825 1 2 3 10 830 831
826 1 2 3 10 831 832
827 1 2 3 10 832 833
828 1 2 3 10 833 834
829 1 2 3 10 834 835
830 1 2 3 10 835 836
831 1 2 3 10 836 837
832 1 2 3 10 837 838
833 1 2 3 10 838 839
834 1 2 3 10 839 840
835 1 2 3 10 840 841
836 1 2 3 10 841 842
837 1 2 3 10 842 843
838 1 2 3 10 843 844
839 1 2 3 10 844 845
840 1 2 3 10 845 846
841 1 2 3 10 846 847
842 1 2 3 10 847 848
843 1 2 3 10 848 849
844 1 2 3 10 849 850
845 1 2 3 10 850 11
846 1 2 3 11 11 851
847 1 2 3 11 851 852
848 1 2 3 11 852 853
849 1 2 3 11 853 854
850 1 2 3 11 854 855
851 1 2 3 11 855 856
852 1 2 3 11 856 857
853 1 2 3 11 857 858
854 1 2 3 11 858 859
855 1 2 3 11 859 860
856 1 2 3 11 860 861
857 1 2 3 11 861 862
858 1 2 3 11 862 863
859 1 2 3 11 863 864
860 1 2 3 11 864 865
861 1 2 3 11 865 866
862 1 2 3 11 866 867
863 1 2 3 11 867 868
864 1 2 3 11 868 869
865 1 2 3 11 869 870
866 1 2 3 11 870 871
867 1 2 3 11 871 872
868 1 2 3 11 872 873
869 1 2 3 11 873 874
870 1 2 3 11 874 875
871 1 2 3 11 875 876
872 1 2 3 11 876 877
873 1 2 3 11 877 878
874 1 2 3 11 878 879
875 1 2 3 11 879 880
876 1 2 3 11 880 881
877 1 2 3 11 881 882
878 1 2 3 11 882 883
879 1 2 3 11 883 884
880 1 2 3 11 884 885
881 1 2 3 11 885 886
882 1 2 3 11 886 887
883 1 2 3 11 887 888
884 1 2 3 11 888 889
885 1 2 3 11 889 890
886 1 2 3 11 890 891
887 1 2 3 11 891 892
888 1 2 3 11 892 893
889 1 2 3 11 893 894
890 1 2 3 11 894 895
891 1 2 3 11 895 896
892 1 2 3 11 896 897
893 1 2 3 11 897 898
894 1 2 3 11 898 899
895 1 2 3 11 899 900
896 1 2 3 11 900 901
897 1 2 3 11 901 902
898 1 2 3 11 902 903
899 1 2 3 11 903 904
900 1 2 3 11 904 905
901 1 2 3 11 905 906
902 1 2 3 11 906 907
903 1 2 3 11 907 908
904 1 2 3 11 908 909
905 1 2 3 11 909 910
906 1 2 3 11 910 911
907 1 2 3 11 911 912
908 1 2 3 11 912 913
909 1 2 3 11 913 914
910 1 2 3 11 914 915
911 1 2 3 11 915 916
912 1 2 3 11 916 917
913 1 2 3 11 917 918
914 1 2 3 11 918 919
915 1 2 3 11 919 920
916 1 2 3 11 920 921
917 1 2 3 11 921 922
918 1 2 3 11 922 9
919 1 2 4 1001 12 923
920 1 2 4 1001 923 924
921 1 2 4 1001 924 925
922 1 2 4 1001 925 926
923 1 2 4 1001 926 927
924 1 2 4 1001 927 928
925 1 2 4 1001 928 929
926 1 2 4 1001 929 930
927 1 2 4 1001 930 931
928 1 2 4 1001 931 932
929 1 2 4 1001 932 933
930 1 2 4 1001 933 934
931 1 2 4 1001 934 935
932 1 2 4 1001 935 936
933 1 2 4 1001 936 937
934 1 2 4 1001 937 938
935 1 2 4 1001 938 939
936 1 2 4 1001 939 940
937 1 2 4 1001 940 941
938 1 2 4 1001 941 942
939 1 2 4 1001 942 943
940 1 2 4 1001 943 944
941 1 2 4 1001 944 945
942 1 2 4 1001 945 946
943 1 2 4 1001 946 947
944 1 2 4 1001 947 948
945 1 2 4 1001 948 949
946 1 2 4 1001 949 950
947 1 2 4 1001 950 951
948 1 2 4 1001 951 952
949 1 2 4 1001 952 953
950 1 2 4 1001 953 13
951 1 2 4 1002 13 954
952 1 2 4 1002 954 955
953 1 2 4 1002 955 956
954 1 2 4 1002 956 957
955 1 2 4 1002 957 958
956 1 2 4 1002 958 959
957 1 2 4 1002 959 960
958 1 2 4 1002 960 961
959 1 2 4 1002 961 962
960 1 2 4 1002 962 963
961 1 2 4 1002 963 964
962 1 2 4 1002 964 965
963 1 2 4 1002 965 966
964 1 2 4 1002 966 967
965 1 2 4 1002 967 968
966 1 2 4 1002 968 969
967 1 2 4 1002 969 970
968 1 2 4 1002 970 971
969 1 2 4 1002 971 972
970 1 2 4 1002 972 973
971 1 2 4 1002 973 974
972 1 2 4 1002 974 975
973 1 2 4 1002 975 976
974 1 2 4 1002 976 977
975 1 2 4 1002 977 978
976 1 2 4 1002 978 979
977 1 2 4 1002 979 980
978 1 2 4 1002 980 981
979 1 2 4 1002 981 982
980 1 2 4 1002 982 983
981 1 2 4 1002 983 984
982 1 2 4 1002 984 14
983 1 2 5 1003 14 985
984 1 2 5 1003 985 986
985 1 2 5 1003 986 987
986 1 2 5 1003 987 988
987 1 2 5 1003 988 989
988 1 2 5 1003 989 990
989 1 2 5 1003 990 991
990 1 2 5 1003 991 992
991 1 2 5 1003 992 993
992 1 2 5 1003 993 994
993 1 2 5 1003 994 995
994 1 2 5 1003 995 996
995 1 2 5 1003 996 997
996 1 2 5 1003 997 998
997 1 2 5 1003 998 999
998 1 2 5 1003 999 1000
999 1 2 5 1003 1000 1001
1000 1 2 5 1003 1001 1002
1001 1 2 5 1003 1002 1003
1002 1 2 5 1003 1003 1004
1003 1 2 5 1003 1004 1005
1004 1 2 5 1003 1005 1006
1005 1 2 5 1003 1006 1007
1006 1 2 5 1003 1007 1008
1007 1 2 5 1003 1008 1009
1008 1 2 5 1003 1009 1010
1009 1 2 5 1003 1010 1011
1010 1 2 5 1003 1011 1012
1011 1 2 5 1003 1012 1013
1012 1 2 5 1003 1013 1014
1013 1 2 5 1003 1014 1015
1014 1 2 5 1003 1015 15
1015 1 2 6 1004 15 1016
1016 1 2 6 1004 1016 1017
1017 1 2 6 1004 1017 1018
1018 1 2 6 1004 1018 1019
1019 1 2 6 1004 1019 1020
1020 1 2 6 1004 1020 1021
1021 1 2 6 1004 1021 1022
1022 1 2 6 1004 1022 1023
1023 1 2 6 1004 1023 1024
1024 1 2 6 1004 1024 1025
1025 1 2 6 1004 1025 1026
1026 1 2 6 1004 1026 1027
1027 1 2 6 1004 1027 1028
1028 1 2 6 1004 1028 1029
1029 1 2 6 1004 1029 1030
1030 1 2 6 1004 1030 1031
1031 1 2 6 1004 1031 1032
1032 1 2 6 1004 1032 1033
1033 1 2 6 1004 1033 1034
1034 1 2 6 1004 1034 1035
1035 1 2 6 1004 1035 1036
1036 1 2 6 1004 1036 1037
1037 1 2 6 1004 1037 1038
1038 1 2 6 1004 1038 1039
1039 1 2 6 1004 1039 1040
1040 1 2 6 1004 1040 1041
1041 1 2 6 1004 1041 1042
1042 1 2 6 1004 1042 1043
1043 1 2 6 1004 1043 1044
1044 1 2 6 1004 1044 1045
1045 1 2 6 1004 1045 1046
1046 1 2 6 1004 1046 12
1047 2 2 7 1 4679 4703 4680
1048 2 2 7 1 3491 7190 4819
1049 2 2 7 1 4863 5705 4560
1050 2 2 7 1 2062 6412 2088
1051 2 2 7 1 2073 6398 1366
1052 2 2 7 1 6481 6482 3120
1053 2 2 7 1 6308 7421 6307
1054 2 2 7 1 3022 7430 6111
1055 2 2 7 1 5697 6422 2579
1056 2 2 7 1 3260 6274 4385
1057 2 2 7 1 4416 4970 4728
1058 2 2 7 1 5074 7689 4732
1059 2 2 7 1 4057 7870 4593
1060 2 2 7 1 1384 6981 2108
1061 2 2 7 1 4124 5102 4897
1062 2 2 7 1 4973 6429 3485
1063 2 2 7 1 4714 7849 4544
1064 2 2 7 1 4749 5964 5959
1065 2 2 7 1 4285 5088 4965
1066 2 2 7 1 4045 6541 4999
1067 2 2 7 1 1824 7908 2065
1068 2 2 7 1 1418 2129 1772
1069 2 2 7 1 3060 6332 4919
1070 2 2 7 1 2176 6362 1354
1071 2 2 7 1 6068 6753 2064
1072 2 2 7 1 2139 7688 1552
1073 2 2 7 1 4775 7782 6085
1074 2 2 7 1 3113 5899 4849
1075 2 2 7 1 1738 6577 2153
1076 2 2 7 1 4492 6258 4941
1077 2 2 7 1 2523 7547 2521
1078 2 2 7 1 1022 5607 1021
1079 2 2 7 1 4679 4680 3649
1080 2 2 7 1 818 2126 817
1081 2 2 7 1 1915 7102 1633
1082 2 2 7 1 3096 6547 4645
1083 2 2 7 1 6070 6237 4628
1084 2 2 7 1 4661 4664 4662
1085 2 2 7 1 2205 6008 1121
1086 2 2 7 1 4618 7151 6935
1087 2 2 7 1 4245 4637 4429
1088 2 2 7 1 2090 6399 1367
1089 2 2 7 1 1306 5996 2160
1090 2 2 7 1 2141 6872 1126
1091 2 2 7 1 4387 5687 4386
1092 2 2 7 1 1365 2094 2093
1093 2 2 7 1 1998 2209 1315
1094 2 2 7 1 4902 7429 5078
1095 2 2 7 1 4339 6876 6563
1096 2 2 7 1 4661 4662 3700
1097 2 2 7 1 3508 5611 3506
1098 2 2 7 1 4562 5104 2503
1099 2 2 7 1 7235 7335 3776
1100 2 2 7 1 4924 4926 4088
1101 2 2 7 1 1070 6234 2165
1102 2 2 7 1 3254 5642 4376
1103 2 2 7 1 2543 7910 2566
1104 2 2 7 1 2028 7375 2021
1105 2 2 7 1 1356 6824 4748
1106 2 2 7 1 4785 7443 5906
1107 2 2 7 1 3114 5884 4896
1108 2 2 7 1 2588 6672 4747
1109 2 2 7 1 3036 6565 4140
1110 2 2 7 1 4839 5654 2676
1111 2 2 7 1 4338 6810 5042
1112 2 2 7 1 3021 5067 4920
1113 2 2 7 1 1422 2132 1773
1114 2 2 7 1 4544 7595 3741
1115 2 2 7 1 2518 7000 5633
1116 2 2 7 1 3258 5628 4381
1117 2 2 7 1 5835 6392 1364
1118 2 2 7 1 6376 7732 5774
1119 2 2 7 1 1603 1851 1850
1120 2 2 7 1 3680 6721 4120
1121 2 2 7 1 1502 7970 1871
1122 2 2 7 1 2129 6536 1814
1123 2 2 7 1 6394 6480 1360
1124 2 2 7 1 4703 4886 4680
1125 2 2 7 1 5046 6701 4335
1126 2 2 7 1 3371 6867 4929
1127 2 2 7 1 1719 1990 1987
1128 2 2 7 1 3449 7022 4625
1129 2 2 7 1 4747 7113 2588
1130 2 2 7 1 1832 6814 1517
1131 2 2 7 1 6102 7329 3714
1132 2 2 7 1 3713 4838 4522
1133 2 2 7 1 4527 6390 3013
1134 2 2 7 1 970 5368 969
1135 2 2 7 1 3506 5611 4982
1136 2 2 7 1 3676 5681 4765
1137 2 2 7 1 1204 6326 1954
1138 2 2 7 1 2562 7126 5134
1139 2 2 7 1 6085 6920 4775
1140 2 2 7 1 1426 2142 1779
1141 2 2 7 1 2460 6854 4388
1142 2 2 7 1 3338 7135 4939
1143 2 2 7 1 4681 6889 5754
1144 2 2 7 1 3489 6572 5790
1145 2 2 7 1 4939 6291 3338
1146 2 2 7 1 3411 6332 3060
1147 2 2 7 1 2585 7152 5105
1148 2 2 7 1 3123 6341 3769
1149 2 2 7 1 2585 5105 2584
1150 2 2 7 1 4987 7340 2744
1151 2 2 7 1 4989 5634 5633
1152 2 2 7 1 3540 4441 3536
1153 2 2 7 1 4658 4659 4441
1154 2 2 7 1 1637 6687 1090
1155 2 2 7 1 4619 6406 4620
1156 2 2 7 1 4821 5699 4217
1157 2 2 7 1 5641 6908 3278
1158 2 2 7 1 3920 3922 3921
1159 2 2 7 1 4181 6497 4414
1160 2 2 7 1 4343 4443 4342
1161 2 2 7 1 3431 3748 3432
1162 2 2 7 1 4873 7090 5644
1163 2 2 7 1 4077 4913 4593
1164 2 2 7 1 4665 5047 4094
1165 2 2 7 1 1262 2221 1370
1166 2 2 7 1 3064 6565 3036
1167 2 2 7 1 1064 7206 6044
1168 2 2 7 1 5457 5752 1395
1169 2 2 7 1 4004 5873 5006
1170 2 2 7 1 3581 4359 3580
1171 2 2 7 1 4844 7816 5937
1172 2 2 7 1 1430 2146 1786
1173 2 2 7 1 3057 7349 5988
1174 2 2 7 1 6613 6909 1951
1175 2 2 7 1 1945 2102 1826
1176 2 2 7 1 1105 5751 4824
1177 2 2 7 1 1251 7268 5062
1178 2 2 7 1 4372 4373 4371
1179 2 2 7 1 3241 3436 3240
1180 2 2 7 1 4593 5683 4077
1181 2 2 7 1 1576 6413 1574
1182 2 2 7 1 3528 3536 3525
1183 2 2 7 1 1466 6782 2060
1184 2 2 7 1 2645 4172 2647
1185 2 2 7 1 3097 6719 3094
1186 2 2 7 1 2509 2516 2508
1187 2 2 7 1 2970 2974 2968
1188 2 2 7 1 3918 3920 3919
1189 2 2 7 1 4441 6474 3536
1190 2 2 7 1 4657 6750 3535
1191 2 2 7 1 4648 7564 4647
1192 2 2 7 1 4011 7011 4983
1193 2 2 7 1 4091 4097 4096
1194 2 2 7 1 4190 4420 3665
1195 2 2 7 1 2925 6107 4879
1196 2 2 7 1 5134 6965 4432
1197 2 2 7 1 2562 5134 5133
1198 2 2 7 1 3913 4616 4594
1199 2 2 7 1 4341 4342 3381
1200 2 2 7 1 1593 6527 6424
1201 2 2 7 1 5609 6244 3125
1202 2 2 7 1 4430 6634 3653
1203 2 2 7 1 3382 3431 3393
1204 2 2 7 1 3182 3222 3141
1205 2 2 7 1 1813 1815 1812
1206 2 2 7 1 4628 7011 4011
1207 2 2 7 1 4778 4779 3553
1208 2 2 7 1 4407 4541 3720
1209 2 2 7 1 4398 7698 4013
1210 2 2 7 1 4843 6431 3988
1211 2 2 7 1 4926 6745 3902
1212 2 2 7 1 6949 7409 1891
1213 2 2 7 1 1150 7200 6065
1214 2 2 7 1 3212 3240 3192
1215 2 2 7 1 1811 1812 1810
1216 2 2 7 1 1220 4799 4755
1217 2 2 7 1 3417 3580 3413
1218 2 2 7 1 1596 7451 1889
1219 2 2 7 1 4553 4554 4552
1220 2 2 7 1 4370 4371 3407
1221 2 2 7 1 3917 4628 4011
1222 2 2 7 1 1534 1808 1807
1223 2 2 7 1 3231 4412 3224
1224 2 2 7 1 3922 3924 3923
1225 2 2 7 1 1717 6488 1525
1226 2 2 7 1 5978 7258 5977
1227 2 2 7 1 2033 6509 2037
1228 2 2 7 1 4483 7148 5805
1229 2 2 7 1 1775 1776 1774
1230 2 2 7 1 3678 4460 3669
1231 2 2 7 1 2034 2172 1477
1232 2 2 7 1 2127 6680 1277
1233 2 2 7 1 3029 4528 4527
1234 2 2 7 1 3635 4544 3741
1235 2 2 7 1 1781 1782 1780
1236 2 2 7 1 2137 6361 2136
1237 2 2 7 1 5627 6624 4099
1238 2 2 7 1 2045 6685 1445
1239 2 2 7 1 4245 7242 4637
1240 2 2 7 1 3536 6474 3544
1241 2 2 7 1 1755 2116 1960
1242 2 2 7 1 4450 4524 4449
1243 2 2 7 1 1200 2154 2007
1244 2 2 7 1 3033 6086 5013
1245 2 2 7 1 2945 5020 2946
1246 2 2 7 1 1788 1789 1787
1247 2 2 7 1 4542 7143 3721
1248 2 2 7 1 4186 6650 2921
1249 2 2 7 1 4362 4363 3577
1250 2 2 7 1 4366 4431 3712
1251 2 2 7 1 1224 5510 4947
1252 2 2 7 1 4623 4641 4622
1253 2 2 7 1 1485 1514 1484
1254 2 2 7 1 4656 5023 2961
1255 2 2 7 1 1358 1453 1362
1256 2 2 7 1 2079 2101 1491
1257 2 2 7 1 1229 2041 1237
1258 2 2 7 1 3894 6342 5866
1259 2 2 7 1 5817 6272 1268
1260 2 2 7 1 1260 6514 2173
1261 2 2 7 1 3396 5811 5810
1262 2 2 7 1 1517 1601 1519
1263 2 2 7 1 1967 6372 6371
1264 2 2 7 1 5032 7275 2467
1265 2 2 7 1 2960 4656 2961
1266 2 2 7 1 3720 4542 3721
1267 2 2 7 1 1772 1810 1467
1268 2 2 7 1 2586 4940 4869
1269 2 2 7 1 3713 4522 3581
1270 2 2 7 1 1481 1531 1480
1271 2 2 7 1 3427 3725 3428
1272 2 2 7 1 1763 7794 1658
1273 2 2 7 1 1475 1517 1476
1274 2 2 7 1 7318 7687 7319
1275 2 2 7 1 2182 7241 1478
1276 2 2 7 1 1773 1774 1471
1277 2 2 7 1 4376 4377 3434
1278 2 2 7 1 1493 1560 1492
1279 2 2 7 1 1149 7904 6582
1280 2 2 7 1 4381 4382 3574
1281 2 2 7 1 4385 4386 3584
1282 2 2 7 1 2087 6662 1411
1283 2 2 7 1 2920 2921 2919
1284 2 2 7 1 5636 6975 2658
1285 2 2 7 1 1955 1956 1897
1286 2 2 7 1 1779 1780 1474
1287 2 2 7 1 5797 6870 3310
1288 2 2 7 1 4388 4397 4389
1289 2 2 7 1 3235 6701 5046
1290 2 2 7 1 4631 4632 4630
1291 2 2 7 1 3726 4479 3725
1292 2 2 7 1 1786 1787 1486
1293 2 2 7 1 3231 7798 4412
1294 2 2 7 1 3572 4450 4449
1295 2 2 7 1 3532 6784 6646
1296 2 2 7 1 5862 7615 3312
1297 2 2 7 1 3246 3427 3245
1298 2 2 7 1 1858 1934 1933
1299 2 2 7 1 1518 1832 1517
1300 2 2 7 1 1784 1893 1782
1301 2 2 7 1 3220 3245 3219
1302 2 2 7 1 1882 2221 1262
1303 2 2 7 1 4634 6181 6156
1304 2 2 7 1 2460 4388 2461
1305 2 2 7 1 3589 3998 3590
1306 2 2 7 1 5688 6124 3031
1307 2 2 7 1 2007 2153 1200
1308 2 2 7 1 3186 3219 3185
1309 2 2 7 1 2491 7171 6873
1310 2 2 7 1 3660 4953 4952
1311 2 2 7 1 3732 6673 4881
1312 2 2 7 1 4444 4651 4443
1313 2 2 7 1 4730 7093 4098
1314 2 2 7 1 6042 7041 3062
1315 2 2 7 1 4895 7384 5890
1316 2 2 7 1 2991 7915 2995
1317 2 2 7 1 5013 5041 3033
1318 2 2 7 1 1648 6126 1831
1319 2 2 7 1 1479 1528 1478
1320 2 2 7 1 1489 7836 1453
1321 2 2 7 1 1528 1634 1529
1322 2 2 7 1 2670 6666 6463
1323 2 2 7 1 2039 6158 1151
1324 2 2 7 1 3404 3589 3403
1325 2 2 7 1 7380 7764 4135
1326 2 2 7 1 4176 5795 4788
1327 2 2 7 1 4711 7472 6903
1328 2 2 7 1 3023 6952 6075
1329 2 2 7 1 4957 6013 2928
1330 2 2 7 1 1517 6814 1601
1331 2 2 7 1 1824 2065 1683
1332 2 2 7 1 3066 3185 3067
1333 2 2 7 1 3035 3064 3036
1334 2 2 7 1 4154 5134 4432
1335 2 2 7 1 3731 6560 5690
1336 2 2 7 1 1084 6392 2098
1337 2 2 7 1 1823 6763 1664
1338 2 2 7 1 2061 6315 1343
1339 2 2 7 1 1194 7111 2200
1340 2 2 7 1 3913 4594 3659
1341 2 2 7 1 3418 4409 3770
1342 2 2 7 1 3706 4663 4661
1343 2 2 7 1 4059 7496 4812
1344 2 2 7 1 2084 6577 1738
1345 2 2 7 1 1629 7451 1596
1346 2 2 7 1 1636 1764 1556
1347 2 2 7 1 4699 5054 2747
1348 2 2 7 1 1453 1454 1362
1349 2 2 7 1 4172 7957 2647
1350 2 2 7 1 1776 1828 1777
1351 2 2 7 1 1688 2106 2071
1352 2 2 7 1 4684 4688 4687
1353 2 2 7 1 1906 1954 1691
1354 2 2 7 1 1880 6328 1256
1355 2 2 7 1 1531 1630 1532
1356 2 2 7 1 2507 2509 2508
1357 2 2 7 1 1560 1710 1561
1358 2 2 7 1 1987 1988 1832
1359 2 2 7 1 3752 4889 4888
1360 2 2 7 1 5091 5092 4588
1361 2 2 7 1 1406 1475 1405
1362 2 2 7 1 2967 2970 2968
1363 2 2 7 1 4220 5031 3051
1364 2 2 7 1 5968 6592 3078
1365 2 2 7 1 4988 4989 4397
1366 2 2 7 1 3030 3035 3034
1367 2 2 7 1 1110 5044 5042
1368 2 2 7 1 5079 5127 4598
1369 2 2 7 1 1802 1804 1803
1370 2 2 7 1 4915 6542 3991
1371 2 2 7 1 5600 7059 3459
1372 2 2 7 1 917 5679 916
1373 2 2 7 1 1809 6345 2004
1374 2 2 7 1 1107 5489 1043
1375 2 2 7 1 4966 6061 3002
1376 2 2 7 1 1187 6187 2097
1377 2 2 7 1 1393 5227 4791
1378 2 2 7 1 6206 6907 1055
1379 2 2 7 1 4937 4977 4932
1380 2 2 7 1 3449 4623 4622
1381 2 2 7 1 1808 1809 1807
1382 2 2 7 1 4238 4849 4848
1383 2 2 7 1 2922 2927 2921
1384 2 2 7 1 1568 1966 1569
1385 2 2 7 1 6750 7235 3535
1386 2 2 7 1 5754 6889 1399
1387 2 2 7 1 3605 4157 3777
1388 2 2 7 1 1193 6296 5856
1389 2 2 7 1 3165 6769 6103
1390 2 2 7 1 1418 1772 1416
1391 2 2 7 1 1514 1602 1515
1392 2 2 7 1 2010 2096 1817
1393 2 2 7 1 3924 3926 3925
1394 2 2 7 1 4721 5000 3133
1395 2 2 7 1 4677 7041 6042
1396 2 2 7 1 4751 4752 2498
1397 2 2 7 1 3764 4491 3765
1398 2 2 7 1 1871 1873 1872
1399 2 2 7 1 4343 4444 4443
1400 2 2 7 1 2122 7245 1131
1401 2 2 7 1 6188 6632 1322
1402 2 2 7 1 3436 3720 3437
1403 2 2 7 1 5582 6733 4153
1404 2 2 7 1 1196 7286 6357
1405 2 2 7 1 5044 5750 1397
1406 2 2 7 1 3528 3540 3536
1407 2 2 7 1 2209 7721 1315
1408 2 2 7 1 1719 1991 1990
1409 2 2 7 1 3352 6885 5593
1410 2 2 7 1 3540 4658 4441
1411 2 2 7 1 2196 6324 2046
1412 2 2 7 1 5137 5767 5139
1413 2 2 7 1 2092 6782 1466
1414 2 2 7 1 2049 6261 1338
1415 2 2 7 1 3751 4531 3750
1416 2 2 7 1 3008 4527 3013
1417 2 2 7 1 3162 6083 5101
1418 2 2 7 1 4341 4343 4342
1419 2 2 7 1 4124 4897 3906
1420 2 2 7 1 5022 6732 3937
1421 2 2 7 1 4658 4660 4659
1422 2 2 7 1 2905 4968 4670
1423 2 2 7 1 1450 7409 6949
1424 2 2 7 1 6170 7005 1834
1425 2 2 7 1 5986 6781 5985
1426 2 2 7 1 3254 4376 3252
1427 2 2 7 1 4421 5623 3643
1428 2 2 7 1 3601 7215 3737
1429 2 2 7 1 1422 1773 1420
1430 2 2 7 1 1397 5778 5044
1431 2 2 7 1 1224 7129 5510
1432 2 2 7 1 5823 6294 1924
1433 2 2 7 1 2045 6500 1669
1434 2 2 7 1 1923 1971 1864
1435 2 2 7 1 1237 2041 1749
1436 2 2 7 1 3258 4381 3256
1437 2 2 7 1 3396 7003 5811
1438 2 2 7 1 3920 4765 4734
1439 2 2 7 1 4074 5117 5116
1440 2 2 7 1 2588 6996 5128
1441 2 2 7 1 6626 6989 4510
1442 2 2 7 1 3130 6642 6450
1443 2 2 7 1 4936 7374 4938
1444 2 2 7 1 2068 5995 1305
1445 2 2 7 1 4660 4712 4659
1446 2 2 7 1 5697 6833 2677
1447 2 2 7 1 4986 6733 2533
1448 2 2 7 1 3003 5734 4910
1449 2 2 7 1 2747 5053 4699
1450 2 2 7 1 2974 2992 2991
1451 2 2 7 1 1943 7842 1944
1452 2 2 7 1 4607 7664 3195
1453 2 2 7 1 2137 6363 6361
1454 2 2 7 1 3418 3770 3027
1455 2 2 7 1 2873 4627 2773
1456 2 2 7 1 3928 3950 3931
1457 2 2 7 1 3190 7602 4707
1458 2 2 7 1 5861 6031 1310
1459 2 2 7 1 4901 5084 4445
1460 2 2 7 1 2465 2469 2463
1461 2 2 7 1 2997 6503 3028
1462 2 2 7 1 4632 6181 4634
1463 2 2 7 1 2995 4649 2997
1464 2 2 7 1 1426 1779 1424
1465 2 2 7 1 2652 6630 4185
1466 2 2 7 1 1110 5750 5044
1467 2 2 7 1 2967 2968 2963
1468 2 2 7 1 4410 6480 6394
1469 2 2 7 1 4554 4609 4556
1470 2 2 7 1 3222 3665 3664
1471 2 2 7 1 4686 6417 6
1472 2 2 7 1 2507 2508 2505
1473 2 2 7 1 3997 4984 4005
1474 2 2 7 1 3549 3913 3659
1475 2 2 7 1 3098 5831 5129
1476 2 2 7 1 3597 4398 4013
1477 2 2 7 1 2136 6361 1095
1478 2 2 7 1 1114 5722 930
1479 2 2 7 1 2829 5697 2677
1480 2 2 7 1 3428 7806 3727
1481 2 2 7 1 1455 2152 1385
1482 2 2 7 1 1900 2170 1878
1483 2 2 7 1 2116 7796 1960
1484 2 2 7 1 2570 2576 2568
1485 2 2 7 1 3496 4141 3494
1486 2 2 7 1 3572 4449 3423
1487 2 2 7 1 2521 2528 2519
1488 2 2 7 1 1137 2080 1142
1489 2 2 7 1 2533 2538 2531
1490 2 2 7 1 3081 7176 4721
1491 2 2 7 1 3748 4453 3432
1492 2 2 7 1 5137 7751 5767
1493 2 2 7 1 5085 6911 4901
1494 2 2 7 1 1500 1636 1556
1495 2 2 7 1 4642 5036 3523
1496 2 2 7 1 3431 3432 3393
1497 2 2 7 1 3749 4587 3748
1498 2 2 7 1 2582 2586 2580
1499 2 2 7 1 1450 6949 1469
1500 2 2 7 1 2054 6851 1866
1501 2 2 7 1 3926 4644 3928
1502 2 2 7 1 1090 6687 1092
1503 2 2 7 1 1430 1786 1428
1504 2 2 7 1 4218 4467 3753
1505 2 2 7 1 3544 3553 3549
1506 2 2 7 1 3172 6129 5110
1507 2 2 7 1 3667 3678 3669
1508 2 2 7 1 4938 7284 4694
1509 2 2 7 1 3725 7806 3428
1510 2 2 7 1 4157 4729 3777
1511 2 2 7 1 5705 5966 4560
1512 2 2 7 1 2208 5816 1296
1513 2 2 7 1 6010 7472 4711
1514 2 2 7 1 5042 6810 1110
1515 2 2 7 1 3581 4522 4359
1516 2 2 7 1 1881 6539 1678
1517 2 2 7 1 3741 4677 4455
1518 2 2 7 1 2652 4185 2650
1519 2 2 7 1 5507 6472 1106
1520 2 2 7 1 3639 4160 3638
1521 2 2 7 1 3524 3528 3525
1522 2 2 7 1 3698 4661 3700
1523 2 2 7 1 3696 3706 3698
1524 2 2 7 1 4553 4557 4554
1525 2 2 7 1 2963 7680 2960
1526 2 2 7 1 1980 2008 1623
1527 2 2 7 1 2997 3028 2999
1528 2 2 7 1 4078 4994 4084
1529 2 2 7 1 4565 6528 3639
1530 2 2 7 1 1606 1921 1602
1531 2 2 7 1 3619 5587 5001
1532 2 2 7 1 4101 7662 4099
1533 2 2 7 1 2788 6990 4452
1534 2 2 7 1 4694 7640 4938
1535 2 2 7 1 4510 6989 6709
1536 2 2 7 1 3417 3581 3580
1537 2 2 7 1 1365 6397 2094
1538 2 2 7 1 5633 7000 4990
1539 2 2 7 1 3524 3525 3512
1540 2 2 7 1 5126 6630 4184
1541 2 2 7 1 1342 7064 6309
1542 2 2 7 1 3187 3192 3188
1543 2 2 7 1 1630 1908 1631
1544 2 2 7 1 1121 6000 2205
1545 2 2 7 1 2098 6392 5835
1546 2 2 7 1 6065 7200 6066
1547 2 2 7 1 1793 1918 1634
1548 2 2 7 1 3050 6231 4983
1549 2 2 7 1 3530 7190 3491
1550 2 2 7 1 2873 6689 4627
1551 2 2 7 1 3423 3435 3401
1552 2 2 7 1 4064 4091 4090
1553 2 2 7 1 4999 6541 4277
1554 2 2 7 1 1802 1803 1668
1555 2 2 7 1 2921 6650 3429
1556 2 2 7 1 3605 3777 3603
1557 2 2 7 1 1949 2138 1856
1558 2 2 7 1 1547 2139 1552
1559 2 2 7 1 1081 7223 6290
1560 2 2 7 1 1534 1807 1489
1561 2 2 7 1 3344 3379 3342
1562 2 2 7 1 1609 1836 1746
1563 2 2 7 1 5797 7478 6870
1564 2 2 7 1 4649 6503 2997
1565 2 2 7 1 2934 2936 2927
1566 2 2 7 1 4390 4976 2461
1567 2 2 7 1 2982 7182 4972
1568 2 2 7 1 3044 4220 3051
1569 2 2 7 1 4931 4933 3467
1570 2 2 7 1 5196 5381 1108
1571 2 2 7 1 1930 1931 1619
1572 2 2 7 1 2556 2788 2554
1573 2 2 7 1 4930 7588 7338
1574 2 2 7 1 6294 7421 1924
1575 2 2 7 1 5703 7103 5542
1576 2 2 7 1 3144 5970 4912
1577 2 2 7 1 3025 6954 4897
1578 2 2 7 1 1564 1744 1743
1579 2 2 7 1 4898 5263 1103
1580 2 2 7 1 3299 6798 3301
1581 2 2 7 1 3238 6644 5024
1582 2 2 7 1 3308 4341 3381
1583 2 2 7 1 1804 6260 1803
1584 2 2 7 1 4946 7048 4077
1585 2 2 7 1 1658 1687 1656
1586 2 2 7 1 1315 6066 1998
1587 2 2 7 1 3182 3233 3222
1588 2 2 7 1 3204 6454 4252
1589 2 2 7 1 3597 4013 3595
1590 2 2 7 1 4755 5086 1220
1591 2 2 7 1 3067 6558 4340
1592 2 2 7 1 4989 5633 4990
1593 2 2 7 1 4219 6633 2551
1594 2 2 7 1 4445 5085 4901
1595 2 2 7 1 4342 4345 4344
1596 2 2 7 1 1162 6877 6348
1597 2 2 7 1 1135 6329 2114
1598 2 2 7 1 1848 6026 1849
1599 2 2 7 1 1358 1362 1297
1600 2 2 7 1 4560 5706 4863
1601 2 2 7 1 6099 6116 4904
1602 2 2 7 1 2120 6040 1312
1603 2 2 7 1 4137 4720 4565
1604 2 2 7 1 4420 7898 3665
1605 2 2 7 1 1350 6348 2083
1606 2 2 7 1 4910 5733 3003
1607 2 2 7 1 4120 4765 3918
1608 2 2 7 1 3683 3918 3685
1609 2 2 7 1 4654 7104 4264
1610 2 2 7 1 1600 1835 1747
1611 2 2 7 1 4996 7380 4135
1612 2 2 7 1 4385 5689 4387
1613 2 2 7 1 3043 5067 3041
1614 2 2 7 1 3557 4159 3743
1615 2 2 7 1 2946 3141 2944
1616 2 2 7 1 4818 6761 2469
1617 2 2 7 1 4372 4375 4373
1618 2 2 7 1 4370 4372 4371
1619 2 2 7 1 1646 1708 1695
1620 2 2 7 1 2959 2960 2958
1621 2 2 7 1 3635 3741 3621
1622 2 2 7 1 3308 3381 3305
1623 2 2 7 1 3920 3921 3919
1624 2 2 7 1 3440 3771 3438
1625 2 2 7 1 4159 4474 3743
1626 2 2 7 1 5988 7349 5095
1627 2 2 7 1 3106 5875 4917
1628 2 2 7 1 4664 5782 4662
1629 2 2 7 1 3104 6731 4571
1630 2 2 7 1 1602 7685 1603
1631 2 2 7 1 4833 5841 5755
1632 2 2 7 1 4221 5932 5919
1633 2 2 7 1 3138 6547 3096
1634 2 2 7 1 3278 6905 5641
1635 2 2 7 1 4691 7330 3612
1636 2 2 7 1 3570 4280 4162
1637 2 2 7 1 4231 6403 4896
1638 2 2 7 1 4596 5052 5025
1639 2 2 7 1 4345 4347 4346
1640 2 2 7 1 2156 6169 1059
1641 2 2 7 1 2489 2840 2487
1642 2 2 7 1 3438 7818 3436
1643 2 2 7 1 1646 1695 1644
1644 2 2 7 1 3212 3241 3240
1645 2 2 7 1 4883 5058 2678
1646 2 2 7 1 4929 6779 3371
1647 2 2 7 1 2645 2647 2643
1648 2 2 7 1 3958 4684 3956
1649 2 2 7 1 1539 6501 1762
1650 2 2 7 1 3570 4162 3568
1651 2 2 7 1 6123 6258 4492
1652 2 2 7 1 2169 6222 1325
1653 2 2 7 1 6247 6248 6246
1654 2 2 7 1 2463 6854 2460
1655 2 2 7 1 1596 1877 1798
1656 2 2 7 1 3236 3413 3237
1657 2 2 7 1 4161 6132 4911
1658 2 2 7 1 3241 3438 3436
1659 2 2 7 1 1670 1682 1533
1660 2 2 7 1 1992 1993 1778
1661 2 2 7 1 1658 7794 1687
1662 2 2 7 1 3217 3231 3224
1663 2 2 7 1 2008 6356 1904
1664 2 2 7 1 3665 3667 3666
1665 2 2 7 1 2931 2934 2927
1666 2 2 7 1 3318 3407 3313
1667 2 2 7 1 1820 1903 1808
1668 2 2 7 1 4345 4353 4347
1669 2 2 7 1 4162 8022 4602
1670 2 2 7 1 6783 7062 6688
1671 2 2 7 1 2079 2135 2134
1672 2 2 7 1 5596 6891 5046
1673 2 2 7 1 4162 4602 4601
1674 2 2 7 1 3297 4552 3295
1675 2 2 7 1 1506 1564 1498
1676 2 2 7 1 4963 6820 4204
1677 2 2 7 1 6342 7647 5866
1678 2 2 7 1 4587 4639 3748
1679 2 2 7 1 5006 5873 2835
1680 2 2 7 1 2918 2919 2873
1681 2 2 7 1 2992 7915 2991
1682 2 2 7 1 4827 6762 3512
1683 2 2 7 1 4362 4365 4363
1684 2 2 7 1 4198 4962 4202
1685 2 2 7 1 4450 7303 4524
1686 2 2 7 1 1819 1911 1692
1687 2 2 7 1 4418 5701 5594
1688 2 2 7 1 2155 6370 1198
1689 2 2 7 1 4995 5764 5159
1690 2 2 7 1 4407 4543 4541
1691 2 2 7 1 4905 6406 4619
1692 2 2 7 1 3908 4701 4679
1693 2 2 7 1 2021 7375 2024
1694 2 2 7 1 3295 3430 3293
1695 2 2 7 1 1510 1609 1508
1696 2 2 7 1 3468 8018 4931
1697 2 2 7 1 3001 3029 3008
1698 2 2 7 1 3382 3393 3372
1699 2 2 7 1 4366 4551 4431
1700 2 2 7 1 3222 4190 3665
1701 2 2 7 1 1834 6214 1688
1702 2 2 7 1 1613 7613 1930
1703 2 2 7 1 3918 3919 3685
1704 2 2 7 1 1536 1735 1512
1705 2 2 7 1 2013 2026 2015
1706 2 2 7 1 3628 3917 3627
1707 2 2 7 1 1535 1820 1534
1708 2 2 7 1 1600 1902 1835
1709 2 2 7 1 1995 6374 6373
1710 2 2 7 1 3175 6120 5003
1711 2 2 7 1 4640 7284 3473
1712 2 2 7 1 1596 1889 1877
1713 2 2 7 1 3748 7902 4453
1714 2 2 7 1 3693 4488 3696
1715 2 2 7 1 11 2041 1229
1716 2 2 7 1 3462 3482 3420
1717 2 2 7 1 1564 1745 1744
1718 2 2 7 1 1979 2001 1225
1719 2 2 7 1 3373 3382 3372
1720 2 2 7 1 4783 5735 3745
1721 2 2 7 1 1334 6178 2161
1722 2 2 7 1 4877 7159 4333
1723 2 2 7 1 3478 3895 3476
1724 2 2 7 1 4908 6674 4108
1725 2 2 7 1 2960 2961 2958
1726 2 2 7 1 3993 4469 3992
1727 2 2 7 1 1729 1997 1732
1728 2 2 7 1 1403 6537 2072
1729 2 2 7 1 2050 2051 1696
1730 2 2 7 1 3536 3544 3539
1731 2 2 7 1 1676 1679 1530
1732 2 2 7 1 3585 7090 4873
1733 2 2 7 1 3917 4011 3627
1734 2 2 7 1 1828 7724 1830
1735 2 2 7 1 1644 1898 1641
1736 2 2 7 1 3568 4601 3564
1737 2 2 7 1 6025 6026 1848
1738 2 2 7 1 3476 4640 3473
1739 2 2 7 1 4380 4750 4377
1740 2 2 7 1 2644 2645 2643
1741 2 2 7 1 3081 4721 3089
1742 2 2 7 1 3680 4120 3683
1743 2 2 7 1 2554 4219 2551
1744 2 2 7 1 3297 4553 4552
1745 2 2 7 1 1854 1949 1856
1746 2 2 7 1 3331 5077 3366
1747 2 2 7 1 4743 7990 7162
1748 2 2 7 1 3931 4224 3933
1749 2 2 7 1 1285 6728 2002
1750 2 2 7 1 6379 6385 1201
1751 2 2 7 1 4091 4730 4098
1752 2 2 7 1 3236 3417 3413
1753 2 2 7 1 4198 7156 4962
1754 2 2 7 1 969 5368 1113
1755 2 2 7 1 3595 4411 3571
1756 2 2 7 1 1656 1878 1653
1757 2 2 7 1 3706 4661 3698
1758 2 2 7 1 3727 4534 3729
1759 2 2 7 1 4389 7351 4708
1760 2 2 7 1 2946 3182 3141
1761 2 2 7 1 1508 1746 1506
1762 2 2 7 1 3543 6993 4274
1763 2 2 7 1 4746 7182 2982
1764 2 2 7 1 1495 1747 1493
1765 2 2 7 1 3173 6109 5071
1766 2 2 7 1 1112 5586 924
1767 2 2 7 1 2026 2027 2015
1768 2 2 7 1 4059 4812 4069
1769 2 2 7 1 3498 4717 3496
1770 2 2 7 1 3507 3508 3506
1771 2 2 7 1 4684 4687 3956
1772 2 2 7 1 4869 4940 3588
1773 2 2 7 1 1450 1469 1448
1774 2 2 7 1 4897 5102 3025
1775 2 2 7 1 2576 7420 4992
1776 2 2 7 1 3279 3712 3275
1777 2 2 7 1 1813 1817 1815
1778 2 2 7 1 3224 3244 3225
1779 2 2 7 1 1818 6583 1626
1780 2 2 7 1 1539 1762 1541
1781 2 2 7 1 3089 3133 3091
1782 2 2 7 1 3409 3773 3287
1783 2 2 7 1 1483 1484 1452
1784 2 2 7 1 4528 4696 4527
1785 2 2 7 1 3273 3577 3271
1786 2 2 7 1 2037 7123 2033
1787 2 2 7 1 1490 1534 1489
1788 2 2 7 1 1862 1923 1864
1789 2 2 7 1 1510 1771 1609
1790 2 2 7 1 1108 5607 5196
1791 2 2 7 1 1811 1813 1812
1792 2 2 7 1 2999 4206 3001
1793 2 2 7 1 1464 1502 1465
1794 2 2 7 1 4592 6472 5507
1795 2 2 7 1 2205 6000 2068
1796 2 2 7 1 5134 6692 2563
1797 2 2 7 1 4136 4753 3064
1798 2 2 7 1 2204 6008 2205
1799 2 2 7 1 1519 1819 1521
1800 2 2 7 1 3096 4645 3102
1801 2 2 7 1 3436 4407 3720
1802 2 2 7 1 2543 4210 2540
1803 2 2 7 1 3093 3138 3096
1804 2 2 7 1 3322 3421 3320
1805 2 2 7 1 2043 2133 1905
1806 2 2 7 1 3342 6585 3336
1807 2 2 7 1 4656 6938 5024
1808 2 2 7 1 3603 4465 3600
1809 2 2 7 1 3187 3212 3192
1810 2 2 7 1 1521 1692 1523
1811 2 2 7 1 3067 4340 3069
1812 2 2 7 1 1111 5832 5212
1813 2 2 7 1 3104 4571 3110
1814 2 2 7 1 1453 7836 1454
1815 2 2 7 1 1536 1736 1735
1816 2 2 7 1 4650 7196 3453
1817 2 2 7 1 3532 3573 3530
1818 2 2 7 1 4500 4733 4503
1819 2 2 7 1 3440 4401 3771
1820 2 2 7 1 4091 4096 4090
1821 2 2 7 1 3445 4194 3442
1822 2 2 7 1 1668 1823 1664
1823 2 2 7 1 2473 2474 2472
1824 2 2 7 1 6563 7023 4339
1825 2 2 7 1 1670 1683 1682
1826 2 2 7 1 2472 5032 2467
1827 2 2 7 1 1789 1935 1790
1828 2 2 7 1 1751 2117 1753
1829 2 2 7 1 3318 4370 3407
1830 2 2 7 1 3478 3996 3895
1831 2 2 7 1 1772 1811 1810
1832 2 2 7 1 2071 2106 1087
1833 2 2 7 1 3350 7598 5580
1834 2 2 7 1 4098 5055 4097
1835 2 2 7 1 1262 1370 1264
1836 2 2 7 1 2018 2029 2021
1837 2 2 7 1 1874 2196 2046
1838 2 2 7 1 1266 1383 1268
1839 2 2 7 1 3036 4140 3042
1840 2 2 7 1 3102 3184 3104
1841 2 2 7 1 5790 6572 6443
1842 2 2 7 1 1688 2071 1680
1843 2 2 7 1 1695 1910 1898
1844 2 2 7 1 6082 6952 3023
1845 2 2 7 1 2101 7080 1491
1846 2 2 7 1 1384 2108 2099
1847 2 2 7 1 3069 3190 3071
1848 2 2 7 1 1871 1875 1873
1849 2 2 7 1 4153 6733 4986
1850 2 2 7 1 1440 1473 1438
1851 2 2 7 1 1775 1778 1776
1852 2 2 7 1 4488 4843 3706
1853 2 2 7 1 3192 5716 4881
1854 2 2 7 1 2032 7106 1255
1855 2 2 7 1 4842 5701 3548
1856 2 2 7 1 1416 1467 1414
1857 2 2 7 1 1444 1480 1442
1858 2 2 7 1 1527 1766 1539
1859 2 2 7 1 1305 7922 2068
1860 2 2 7 1 4717 7334 3496
1861 2 2 7 1 3217 3224 3218
1862 2 2 7 1 1514 1606 1602
1863 2 2 7 1 1481 1533 1531
1864 2 2 7 1 3073 3191 3075
1865 2 2 7 1 5920 5928 4844
1866 2 2 7 1 6463 6755 2670
1867 2 2 7 1 4160 4161 3638
1868 2 2 7 1 1420 1471 1418
1869 2 2 7 1 4391 4708 4395
1870 2 2 7 1 4840 5654 4839
1871 2 2 7 1 1275 1389 1277
1872 2 2 7 1 1612 1916 1806
1873 2 2 7 1 3252 3434 3250
1874 2 2 7 1 2999 6588 4206
1875 2 2 7 1 1896 1906 1592
1876 2 2 7 1 4467 4487 3753
1877 2 2 7 1 3110 3189 3116
1878 2 2 7 1 3256 3574 3254
1879 2 2 7 1 4376 4380 4377
1880 2 2 7 1 1781 1784 1782
1881 2 2 7 1 6391 7292 3307
1882 2 2 7 1 2788 4452 4219
1883 2 2 7 1 1773 1775 1774
1884 2 2 7 1 6292 6724 4406
1885 2 2 7 1 1586 1629 1596
1886 2 2 7 1 3260 3584 3258
1887 2 2 7 1 1424 1474 1422
1888 2 2 7 1 1603 1850 1605
1889 2 2 7 1 1687 1900 1878
1890 2 2 7 1 2073 6393 1713
1891 2 2 7 1 1569 1722 1571
1892 2 2 7 1 1909 1915 1633
1893 2 2 7 1 1401 5545 5463
1894 2 2 7 1 4097 4611 4096
1895 2 2 7 1 4381 4383 4382
1896 2 2 7 1 3931 6789 4224
1897 2 2 7 1 3265 3731 3262
1898 2 2 7 1 3731 5690 5689
1899 2 2 7 1 1462 1492 1460
1900 2 2 7 1 1727 7581 5852
1901 2 2 7 1 1575 1837 1577
1902 2 2 7 1 3267 4630 3265
1903 2 2 7 1 1858 1933 1860
1904 2 2 7 1 3774 4773 3773
1905 2 2 7 1 3926 3928 3927
1906 2 2 7 1 6194 7493 7001
1907 2 2 7 1 1383 7243 2011
1908 2 2 7 1 1765 7195 2144
1909 2 2 7 1 1137 7240 2080
1910 2 2 7 1 4385 4387 4386
1911 2 2 7 1 2073 7631 6398
1912 2 2 7 1 1428 1486 1426
1913 2 2 7 1 4601 7186 3564
1914 2 2 7 1 4486 5910 2640
1915 2 2 7 1 3449 4622 3450
1916 2 2 7 1 1615 1930 1619
1917 2 2 7 1 1124 6119 2109
1918 2 2 7 1 5684 6476 5685
1919 2 2 7 1 3506 4982 4717
1920 2 2 7 1 3895 4693 4640
1921 2 2 7 1 3645 4421 3643
1922 2 2 7 1 3660 4952 3610
1923 2 2 7 1 3494 4973 3485
1924 2 2 7 1 1788 1791 1789
1925 2 2 7 1 4377 4735 4379
1926 2 2 7 1 3922 3923 3921
1927 2 2 7 1 4665 6960 5047
1928 2 2 7 1 6676 6949 1945
1929 2 2 7 1 1025 5048 1222
1930 2 2 7 1 3641 4565 3639
1931 2 2 7 1 1779 1781 1780
1932 2 2 7 1 3029 4527 3008
1933 2 2 7 1 3651 4679 3649
1934 2 2 7 1 3617 4691 3614
1935 2 2 7 1 4551 6030 4431
1936 2 2 7 1 1628 1818 1626
1937 2 2 7 1 4965 7692 4285
1938 2 2 7 1 1813 2010 1817
1939 2 2 7 1 3655 4430 3653
1940 2 2 7 1 1432 1488 1430
1941 2 2 7 1 4631 4633 4632
1942 2 2 7 1 5072 6132 4161
1943 2 2 7 1 3042 3065 3044
1944 2 2 7 1 4836 7638 4109
1945 2 2 7 1 2528 6744 6616
1946 2 2 7 1 3366 3403 3330
1947 2 2 7 1 1377 1379 1378
1948 2 2 7 1 5001 5587 5112
1949 2 2 7 1 4435 7215 3601
1950 2 2 7 1 4131 6696 2790
1951 2 2 7 1 2928 6010 4957
1952 2 2 7 1 1531 1795 1630
1953 2 2 7 1 5835 6385 6379
1954 2 2 7 1 3895 7444 4785
1955 2 2 7 1 4389 4708 4391
1956 2 2 7 1 5056 6990 2788
1957 2 2 7 1 4677 6042 6002
1958 2 2 7 1 1464 1870 1502
1959 2 2 7 1 1448 2045 1445
1960 2 2 7 1 3273 4362 3577
1961 2 2 7 1 3935 5022 3937
1962 2 2 7 1 1285 1907 1283
1963 2 2 7 1 1560 1715 1710
1964 2 2 7 1 4765 5681 4734
1965 2 2 7 1 1410 1478 1408
1966 2 2 7 1 7338 7588 4187
1967 2 2 7 1 1458 1487 1456
1968 2 2 7 1 6585 6776 3336
1969 2 2 7 1 1786 1788 1787
1970 2 2 7 1 3279 4366 3712
1971 2 2 7 1 4401 4807 3771
1972 2 2 7 1 1043 5489 1042
1973 2 2 7 1 1283 1377 1282
1974 2 2 7 1 4789 7729 3987
1975 2 2 7 1 5755 5841 1210
1976 2 2 7 1 5996 7553 2160
1977 2 2 7 1 1285 2002 1907
1978 2 2 7 1 4245 4429 4247
1979 2 2 7 1 6910 7421 6308
1980 2 2 7 1 3960 3971 3958
1981 2 2 7 1 2563 6965 5134
1982 2 2 7 1 1676 1680 1679
1983 2 2 7 1 1870 7970 1502
1984 2 2 7 1 5715 7694 4201
1985 2 2 7 1 3409 3774 3773
1986 2 2 7 1 6797 6798 3299
1987 2 2 7 1 1591 1896 1592
1988 2 2 7 1 2004 6554 1809
1989 2 2 7 1 3430 4744 3293
1990 2 2 7 1 4238 4848 4240
1991 2 2 7 1 3053 3066 3063
1992 2 2 7 1 1624 1980 1623
1993 2 2 7 1 4395 4719 4477
1994 2 2 7 1 5801 5964 4749
1995 2 2 7 1 1483 1485 1484
1996 2 2 7 1 3622 3635 3621
1997 2 2 7 1 4893 5692 3579
1998 2 2 7 1 1591 1955 1897
1999 2 2 7 1 1612 1806 1613
2000 2 2 7 1 5826 7064 1342
2001 2 2 7 1 3667 3669 3668
2002 2 2 7 1 2678 6471 4883
2003 2 2 7 1 1826 2102 1825
2004 2 2 7 1 4231 4896 4233
2005 2 2 7 1 1929 6539 1928
2006 2 2 7 1 6450 7176 3130
2007 2 2 7 1 5062 7268 5066
2008 2 2 7 1 4531 4533 3750
2009 2 2 7 1 1689 6432 1834
2010 2 2 7 1 4655 4670 4214
2011 2 2 7 1 5528 5778 1397
2012 2 2 7 1 4670 6463 2905
2013 2 2 7 1 4534 4535 3729
2014 2 2 7 1 5111 7681 4740
2015 2 2 7 1 4094 5047 4780
2016 2 2 7 1 1903 6350 1808
2017 2 2 7 1 2500 4751 2498
2018 2 2 7 1 6575 6618 3358
2019 2 2 7 1 3065 7717 3044
2020 2 2 7 1 3013 4526 3018
2021 2 2 7 1 1729 7094 1997
2022 2 2 7 1 4559 4793 4557
2023 2 2 7 1 3745 5735 3761
2024 2 2 7 1 5697 7946 6422
2025 2 2 7 1 3906 4745 3459
2026 2 2 7 1 3764 4569 4491
2027 2 2 7 1 1692 1693 1523
2028 2 2 7 1 4953 4955 4952
2029 2 2 7 1 4429 5916 4422
2030 2 2 7 1 1860 1899 1862
2031 2 2 7 1 1784 1905 1893
2032 2 2 7 1 1371 6453 2202
2033 2 2 7 1 3672 6721 3680
2034 2 2 7 1 1898 7033 1641
2035 2 2 7 1 1980 2009 2008
2036 2 2 7 1 5041 6096 3033
2037 2 2 7 1 5416 5664 1391
2038 2 2 7 1 2109 6105 1124
2039 2 2 7 1 1650 6126 1648
2040 2 2 7 1 1535 6752 1820
2041 2 2 7 1 4779 7049 3553
2042 2 2 7 1 1479 1530 1528
2043 2 2 7 1 5020 6668 2946
2044 2 2 7 1 4120 6535 4765
2045 2 2 7 1 1163 6780 6400
2046 2 2 7 1 2030 6561 2197
2047 2 2 7 1 1541 1734 1543
2048 2 2 7 1 3035 4136 3064
2049 2 2 7 1 2962 2963 2960
2050 2 2 7 1 1081 6388 5638
2051 2 2 7 1 3307 7057 6391
2052 2 2 7 1 1528 1793 1634
2053 2 2 7 1 5638 7223 1081
2054 2 2 7 1 4791 5228 1393
2055 2 2 7 1 1414 2087 1411
2056 2 2 7 1 1680 1969 1679
2057 2 2 7 1 3378 6786 5028
2058 2 2 7 1 2648 7739 2655
2059 2 2 7 1 1517 1519 1476
2060 2 2 7 1 1986 6169 2156
2061 2 2 7 1 2462 2463 2460
2062 2 2 7 1 5457 5825 5752
2063 2 2 7 1 1397 6648 5528
2064 2 2 7 1 2519 4857 2513
2065 2 2 7 1 1605 1848 1725
2066 2 2 7 1 1274 1405 1272
2067 2 2 7 1 1519 6657 1819
2068 2 2 7 1 5261 5437 1398
2069 2 2 7 1 4347 4731 4348
2070 2 2 7 1 1826 6676 1945
2071 2 2 7 1 3018 3030 3020
2072 2 2 7 1 6708 7646 1184
2073 2 2 7 1 6188 7499 6632
2074 2 2 7 1 1613 1930 1615
2075 2 2 7 1 1586 1596 1588
2076 2 2 7 1 4503 4732 4505
2077 2 2 7 1 3044 7717 4220
2078 2 2 7 1 1609 1925 1836
2079 2 2 7 1 4409 4850 3770
2080 2 2 7 1 2568 4008 2558
2081 2 2 7 1 3617 6578 4691
2082 2 2 7 1 4069 4812 4078
2083 2 2 7 1 4849 5890 3113
2084 2 2 7 1 2535 4986 2533
2085 2 2 7 1 3757 7878 3597
2086 2 2 7 1 1416 1772 1467
2087 2 2 7 1 4036 7435 4039
2088 2 2 7 1 3219 3221 3185
2089 2 2 7 1 1193 5856 5855
2090 2 2 7 1 2935 2939 2934
2091 2 2 7 1 4625 5882 4626
2092 2 2 7 1 1697 2050 1696
2093 2 2 7 1 6615 6758 4709
2094 2 2 7 1 3978 7108 7107
2095 2 2 7 1 4869 6593 2574
2096 2 2 7 1 3030 3040 3035
2097 2 2 7 1 2970 4852 2974
2098 2 2 7 1 3777 4466 4465
2099 2 2 7 1 1503 1568 1567
2100 2 2 7 1 3402 3423 3401
2101 2 2 7 1 3427 3428 3245
2102 2 2 7 1 3544 3549 3545
2103 2 2 7 1 1533 7856 1531
2104 2 2 7 1 4479 4482 3725
2105 2 2 7 1 6348 6877 2083
2106 2 2 7 1 2176 6598 6362
2107 2 2 7 1 2225 6907 6206
2108 2 2 7 1 1803 6260 2103
2109 2 2 7 1 3621 4454 3618
2110 2 2 7 1 6627 7016 5714
2111 2 2 7 1 3450 3764 3452
2112 2 2 7 1 4491 6122 4492
2113 2 2 7 1 1475 1476 1405
2114 2 2 7 1 1579 6413 1576
2115 2 2 7 1 1444 1481 1480
2116 2 2 7 1 6324 7398 2061
2117 2 2 7 1 3401 3915 3383
2118 2 2 7 1 4264 4655 4654
2119 2 2 7 1 1566 6635 2056
2120 2 2 7 1 3940 7639 4948
2121 2 2 7 1 3750 7742 3655
2122 2 2 7 1 3170 6971 6125
2123 2 2 7 1 7569 7658 6177
2124 2 2 7 1 1590 1917 1612
2125 2 2 7 1 1391 5763 5416
2126 2 2 7 1 1462 1493 1492
2127 2 2 7 1 4077 7048 4913
2128 2 2 7 1 3445 4195 4194
2129 2 2 7 1 4774 5725 5724
2130 2 2 7 1 3262 6274 3260
2131 2 2 7 1 2053 5794 1463
2132 2 2 7 1 1784 2043 1905
2133 2 2 7 1 5058 6890 2678
2134 2 2 7 1 1582 7047 1955
2135 2 2 7 1 1420 1773 1471
2136 2 2 7 1 6586 7568 3029
2137 2 2 7 1 5810 6684 3396
2138 2 2 7 1 3252 4376 3434
2139 2 2 7 1 5781 5799 4808
2140 2 2 7 1 4616 5842 4594
2141 2 2 7 1 2580 4869 2574
2142 2 2 7 1 2045 6676 6500
2143 2 2 7 1 3718 7079 5729
2144 2 2 7 1 1944 7842 1942
2145 2 2 7 1 4663 4664 4661
2146 2 2 7 1 3721 4226 3733
2147 2 2 7 1 3655 7742 4430
2148 2 2 7 1 2957 2958 2955
2149 2 2 7 1 3190 4707 3071
2150 2 2 7 1 2545 7910 2543
2151 2 2 7 1 2547 5128 2545
2152 2 2 7 1 2588 5128 2547
2153 2 2 7 1 3256 4381 3574
2154 2 2 7 1 3643 4137 3641
2155 2 2 7 1 1887 7697 2054
2156 2 2 7 1 4388 4389 2461
2157 2 2 7 1 1636 1985 1764
2158 2 2 7 1 3998 4800 3999
2159 2 2 7 1 3924 4915 3926
2160 2 2 7 1 2093 6395 1365
2161 2 2 7 1 4058 5030 4046
2162 2 2 7 1 5641 6905 4220
2163 2 2 7 1 3260 4385 3584
2164 2 2 7 1 3647 3900 3645
2165 2 2 7 1 5691 7114 5686
2166 2 2 7 1 1673 1696 1628
2167 2 2 7 1 1837 1838 1577
2168 2 2 7 1 3726 4480 4479
2169 2 2 7 1 3352 3380 3350
2170 2 2 7 1 4088 4925 4924
2171 2 2 7 1 3987 7319 4789
2172 2 2 7 1 1992 1994 1993
2173 2 2 7 1 3404 3591 3589
2174 2 2 7 1 3391 5577 3390
2175 2 2 7 1 3427 3726 3725
2176 2 2 7 1 5068 5595 3059
2177 2 2 7 1 1424 1779 1474
2178 2 2 7 1 1626 1704 1624
2179 2 2 7 1 1219 7103 5703
2180 2 2 7 1 3972 5050 3971
2181 2 2 7 1 3233 7924 3222
2182 2 2 7 1 5724 5725 4551
2183 2 2 7 1 1751 7720 2117
2184 2 2 7 1 2471 2472 2467
2185 2 2 7 1 5756 6889 4621
2186 2 2 7 1 3267 4631 4630
2187 2 2 7 1 3653 3908 3651
2188 2 2 7 1 1255 2203 2032
2189 2 2 7 1 1298 1358 1297
2190 2 2 7 1 3204 4252 3217
2191 2 2 7 1 3500 3506 3498
2192 2 2 7 1 3220 3246 3245
2193 2 2 7 1 4280 4885 4162
2194 2 2 7 1 2112 6327 1192
2195 2 2 7 1 1475 1518 1517
2196 2 2 7 1 1988 1989 1832
2197 2 2 7 1 4989 4990 4397
2198 2 2 7 1 1525 6488 1527
2199 2 2 7 1 6750 7335 7235
2200 2 2 7 1 3657 3750 3655
2201 2 2 7 1 1102 5728 5416
2202 2 2 7 1 4411 7175 3571
2203 2 2 7 1 1495 7754 1600
2204 2 2 7 1 3186 3220 3219
2205 2 2 7 1 2918 2920 2919
2206 2 2 7 1 3976 5050 3972
2207 2 2 7 1 2266 7320 6499
2208 2 2 7 1 4552 7163 3295
2209 2 2 7 1 4053 4914 4092
2210 2 2 7 1 1428 1786 1486
2211 2 2 7 1 1954 7450 1204
2212 2 2 7 1 3589 3590 3403
2213 2 2 7 1 2927 4186 2921
2214 2 2 7 1 1518 1987 1832
2215 2 2 7 1 5438 5439 1101
2216 2 2 7 1 4637 7465 6614
2217 2 2 7 1 1268 6272 1275
2218 2 2 7 1 1053 6977 6254
2219 2 2 7 1 2511 7250 2509
2220 2 2 7 1 3066 3186 3185
2221 2 2 7 1 4363 5733 4910
2222 2 2 7 1 2595 5730 4809
2223 2 2 7 1 1709 7704 1297
2224 2 2 7 1 3933 4224 3951
2225 2 2 7 1 2482 2835 2480
2226 2 2 7 1 2075 7904 1149
2227 2 2 7 1 1387 1455 1385
2228 2 2 7 1 3535 7043 4657
2229 2 2 7 1 3614 4691 3612
2230 2 2 7 1 1815 1986 1816
2231 2 2 7 1 1722 1723 1571
2232 2 2 7 1 1592 1906 1691
2233 2 2 7 1 6519 7203 4097
2234 2 2 7 1 1742 2084 1739
2235 2 2 7 1 5969 6592 5968
2236 2 2 7 1 4554 4787 4609
2237 2 2 7 1 2934 6812 2936
2238 2 2 7 1 4740 7681 3592
2239 2 2 7 1 1364 6385 5835
2240 2 2 7 1 3462 3483 3482
2241 2 2 7 1 4981 6264 3127
2242 2 2 7 1 3922 3961 3924
2243 2 2 7 1 4522 4951 4359
2244 2 2 7 1 5003 6160 3175
2245 2 2 7 1 2537 2539 2535
2246 2 2 7 1 1634 1635 1529
2247 2 2 7 1 3350 5580 3346
2248 2 2 7 1 2974 2991 2988
2249 2 2 7 1 6111 7430 4886
2250 2 2 7 1 4247 4429 4422
2251 2 2 7 1 3192 4881 3193
2252 2 2 7 1 2581 2582 2580
2253 2 2 7 1 4388 4988 4397
2254 2 2 7 1 5416 5763 1102
2255 2 2 7 1 1528 1529 1478
2256 2 2 7 1 4140 4797 3065
2257 2 2 7 1 1471 6536 2129
2258 2 2 7 1 4742 4815 4122
2259 2 2 7 1 3998 3999 3590
2260 2 2 7 1 1883 1892 1597
2261 2 2 7 1 4633 6140 4632
2262 2 2 7 1 5015 6556 2480
2263 2 2 7 1 5824 5833 4821
2264 2 2 7 1 3414 3449 3416
2265 2 2 7 1 5018 5733 4363
2266 2 2 7 1 4429 7539 5916
2267 2 2 7 1 7001 7493 4969
2268 2 2 7 1 3678 7917 4460
2269 2 2 7 1 4708 7413 4395
2270 2 2 7 1 3356 3378 3354
2271 2 2 7 1 4039 4057 4043
2272 2 2 7 1 2079 2134 2101
2273 2 2 7 1 2087 6532 1675
2274 2 2 7 1 2921 3429 2919
2275 2 2 7 1 3920 8002 3922
2276 2 2 7 1 3123 3187 3128
2277 2 2 7 1 4886 6611 6111
2278 2 2 7 1 1472 6864 6653
2279 2 2 7 1 4097 7203 4611
2280 2 2 7 1 1789 1790 1787
2281 2 2 7 1 3193 3232 3195
2282 2 2 7 1 3094 6719 3095
2283 2 2 7 1 4190 7407 4420
2284 2 2 7 1 817 2126 1376
2285 2 2 7 1 6357 7286 2009
2286 2 2 7 1 1379 1464 1378
2287 2 2 7 1 1410 1479 1478
2288 2 2 7 1 4801 4820 4002
2289 2 2 7 1 3933 3951 3935
2290 2 2 7 1 3693 4489 4488
2291 2 2 7 1 3574 5642 3254
2292 2 2 7 1 3035 3036 3034
2293 2 2 7 1 4637 6614 4429
2294 2 2 7 1 5092 5769 4588
2295 2 2 7 1 1568 2046 1966
2296 2 2 7 1 4913 7048 4128
2297 2 2 7 1 4252 4975 3231
2298 2 2 7 1 3118 3183 3121
2299 2 2 7 1 4139 6525 2565
2300 2 2 7 1 5728 6475 5222
2301 2 2 7 1 1944 2112 1943
2302 2 2 7 1 1746 5871 1506
2303 2 2 7 1 1051 7627 2189
2304 2 2 7 1 6689 6849 6340
2305 2 2 7 1 1747 6557 1493
2306 2 2 7 1 1782 1783 1780
2307 2 2 7 1 4952 4956 3609
2308 2 2 7 1 3020 7792 3021
2309 2 2 7 1 1102 6475 5728
2310 2 2 7 1 4896 7825 4895
2311 2 2 7 1 2642 2643 2640
2312 2 2 7 1 2646 2648 2645
2313 2 2 7 1 1633 7102 1706
2314 2 2 7 1 1755 1960 1757
2315 2 2 7 1 1704 1980 1624
2316 2 2 7 1 2099 6405 1358
2317 2 2 7 1 3366 3404 3403
2318 2 2 7 1 4247 4422 4250
2319 2 2 7 1 1951 7513 6613
2320 2 2 7 1 1987 1990 1988
2321 2 2 7 1 2460 2461 2457
2322 2 2 7 1 1477 2172 1241
2323 2 2 7 1 4488 6804 4843
2324 2 2 7 1 1388 7087 1379
2325 2 2 7 1 5817 6727 1686
2326 2 2 7 1 4782 6244 5609
2327 2 2 7 1 4788 5795 2525
2328 2 2 7 1 4632 4634 4630
2329 2 2 7 1 2549 2588 2547
2330 2 2 7 1 3066 3067 3063
2331 2 2 7 1 4229 4756 4231
2332 2 2 7 1 1878 6928 1653
2333 2 2 7 1 3632 3753 3630
2334 2 2 7 1 4908 7870 4695
2335 2 2 7 1 4452 7182 4747
2336 2 2 7 1 1776 1777 1774
2337 2 2 7 1 1765 2144 1759
2338 2 2 7 1 3506 4717 3498
2339 2 2 7 1 2790 6696 2916
2340 2 2 7 1 4078 4084 4079
2341 2 2 7 1 5926 7505 7464
2342 2 2 7 1 1277 6680 1279
2343 2 2 7 1 2520 2521 2519
2344 2 2 7 1 4888 5791 3752
2345 2 2 7 1 3584 5628 3258
2346 2 2 7 1 2062 2088 1979
2347 2 2 7 1 4386 4814 3584
2348 2 2 7 1 1379 1466 1464
2349 2 2 7 1 4373 4832 4374
2350 2 2 7 1 2491 6873 2489
2351 2 2 7 1 3637 3638 3634
2352 2 2 7 1 3908 4679 3651
2353 2 2 7 1 3002 5617 4966
2354 2 2 7 1 2569 2570 2568
2355 2 2 7 1 4100 4101 4099
2356 2 2 7 1 4382 4811 3574
2357 2 2 7 1 4204 6820 4493
2358 2 2 7 1 3450 4622 3764
2359 2 2 7 1 2726 7012 4757
2360 2 2 7 1 4531 6093 4533
2361 2 2 7 1 5065 6218 2938
2362 2 2 7 1 2505 4751 2500
2363 2 2 7 1 2024 2030 2025
2364 2 2 7 1 1565 6819 6680
2365 2 2 7 1 4621 6835 5756
2366 2 2 7 1 3900 4854 4421
2367 2 2 7 1 4377 4379 3434
2368 2 2 7 1 3424 3572 3423
2369 2 2 7 1 1471 2129 1418
2370 2 2 7 1 1026 5048 1025
2371 2 2 7 1 5086 5456 3724
2372 2 2 7 1 4927 6730 3567
2373 2 2 7 1 3900 4421 3645
2374 2 2 7 1 2565 6525 2673
2375 2 2 7 1 4217 5699 4282
2376 2 2 7 1 2905 7778 4968
2377 2 2 7 1 1696 1818 1628
2378 2 2 7 1 1815 1816 1812
2379 2 2 7 1 3996 7444 3895
2380 2 2 7 1 1553 7850 2012
2381 2 2 7 1 1710 1711 1561
2382 2 2 7 1 4137 4565 3641
2383 2 2 7 1 3999 4801 4002
2384 2 2 7 1 1531 1532 1480
2385 2 2 7 1 1828 1829 1777
2386 2 2 7 1 6973 7201 6972
2387 2 2 7 1 5463 5546 1401
2388 2 2 7 1 1402 5764 4995
2389 2 2 7 1 1560 1561 1492
2390 2 2 7 1 3585 4873 3515
2391 2 2 7 1 3669 3671 3670
2392 2 2 7 1 3693 3696 3694
2393 2 2 7 1 5210 5211 1223
2394 2 2 7 1 1899 1923 1862
2395 2 2 7 1 5847 5863 5786
2396 2 2 7 1 4491 4492 3765
2397 2 2 7 1 2054 7697 1488
2398 2 2 7 1 4426 4782 4428
2399 2 2 7 1 5424 5744 5664
2400 2 2 7 1 3924 3925 3923
2401 2 2 7 1 2920 2922 2921
2402 2 2 7 1 2117 6478 1753
2403 2 2 7 1 5541 5586 1112
2404 2 2 7 1 2995 2997 2996
2405 2 2 7 1 4796 6925 6485
2406 2 2 7 1 5123 6925 4796
2407 2 2 7 1 1021 5607 1108
2408 2 2 7 1 1400 5607 1022
2409 2 2 7 1 4785 5906 5773
2410 2 2 7 1 4985 5726 4138
2411 2 2 7 1 4656 5024 5023
2412 2 2 7 1 3610 4952 3609
2413 2 2 7 1 1472 7062 6864
2414 2 2 7 1 1703 1961 1661
2415 2 2 7 1 3389 3390 3387
2416 2 2 7 1 1402 4995 4833
2417 2 2 7 1 1630 1631 1532
2418 2 2 7 1 1543 7728 7229
2419 2 2 7 1 5710 6572 3489
2420 2 2 7 1 1622 1623 1535
2421 2 2 7 1 1541 1762 1734
2422 2 2 7 1 7329 7399 3714
2423 2 2 7 1 4483 5805 4480
2424 2 2 7 1 3423 7753 3435
2425 2 2 7 1 7248 7570 4258
2426 2 2 7 1 3295 7163 3430
2427 2 2 7 1 3021 7792 5067
2428 2 2 7 1 3751 4532 4531
2429 2 2 7 1 2044 6432 1689
2430 2 2 7 1 4604 4871 4375
2431 2 2 7 1 6499 7320 5012
2432 2 2 7 1 2835 5015 2480
2433 2 2 7 1 3665 7898 3667
2434 2 2 7 1 3123 3769 3187
2435 2 2 7 1 4463 4831 4461
2436 2 2 7 1 1664 6763 1662
2437 2 2 7 1 3408 3418 3027
2438 2 2 7 1 3257 5692 3259
2439 2 2 7 1 4461 7917 3678
2440 2 2 7 1 1605 1850 1848
2441 2 2 7 1 3468 4931 3467
2442 2 2 7 1 1893 1894 1782
2443 2 2 7 1 2744 7340 2656
2444 2 2 7 1 4917 7574 4227
2445 2 2 7 1 3990 3992 3986
2446 2 2 7 1 2577 2580 2574
2447 2 2 7 1 4500 5713 4733
2448 2 2 7 1 1631 1909 1633
2449 2 2 7 1 3363 3372 3358
2450 2 2 7 1 2090 6538 6399
2451 2 2 7 1 6421 6527 1482
2452 2 2 7 1 5047 6960 4027
2453 2 2 7 1 1377 1378 1282
2454 2 2 7 1 6602 6975 5636
2455 2 2 7 1 1688 6214 2106
2456 2 2 7 1 3753 4586 3630
2457 2 2 7 1 4824 7065 1105
2458 2 2 7 1 5664 5744 1391
2459 2 2 7 1 6083 6084 5101
2460 2 2 7 1 1904 6752 2008
2461 2 2 7 1 1848 1849 1725
2462 2 2 7 1 4528 4929 4696
2463 2 2 7 1 2643 4486 2640
2464 2 2 7 1 5001 6807 3619
2465 2 2 7 1 2166 7723 2165
2466 2 2 7 1 1910 2190 1898
2467 2 2 7 1 3197 3223 3202
2468 2 2 7 1 3227 3236 3229
2469 2 2 7 1 4806 7300 4158
2470 2 2 7 1 1728 2159 2158
2471 2 2 7 1 1377 1388 1379
2472 2 2 7 1 3369 7026 5037
2473 2 2 7 1 1270 6514 1260
2474 2 2 7 1 2958 4438 2955
2475 2 2 7 1 6498 7202 4648
2476 2 2 7 1 1274 1406 1405
2477 2 2 7 1 1514 1515 1484
2478 2 2 7 1 1851 2199 1850
2479 2 2 7 1 6371 7731 1967
2480 2 2 7 1 2586 5061 4940
2481 2 2 7 1 5835 6379 1716
2482 2 2 7 1 5584 6776 4740
2483 2 2 7 1 4348 4731 4704
2484 2 2 7 1 1280 1363 1232
2485 2 2 7 1 1619 1728 1620
2486 2 2 7 1 4541 4542 3720
2487 2 2 7 1 1474 2132 1422
2488 2 2 7 1 1064 7411 7206
2489 2 2 7 1 3030 3034 3020
2490 2 2 7 1 1911 1953 1692
2491 2 2 7 1 1500 1556 1501
2492 2 2 7 1 1818 6366 6364
2493 2 2 7 1 2521 6860 2528
2494 2 2 7 1 1126 7295 2141
2495 2 2 7 1 3549 3659 3575
2496 2 2 7 1 4917 7925 3106
2497 2 2 7 1 3436 3437 3240
2498 2 2 7 1 2018 7123 2029
2499 2 2 7 1 4348 4704 4351
2500 2 2 7 1 1256 7667 1880
2501 2 2 7 1 4431 4776 3712
2502 2 2 7 1 3971 4684 3958
2503 2 2 7 1 1677 7763 1881
2504 2 2 7 1 1598 1883 1597
2505 2 2 7 1 2461 4976 2457
2506 2 2 7 1 1696 6888 1818
2507 2 2 7 1 2525 7867 4788
2508 2 2 7 1 2121 7959 5861
2509 2 2 7 1 5212 7360 1111
2510 2 2 7 1 5050 5051 3971
2511 2 2 7 1 4465 6604 3600
2512 2 2 7 1 4363 4364 3577
2513 2 2 7 1 4628 6071 6070
2514 2 2 7 1 5462 6601 5546
2515 2 2 7 1 5929 7127 5787
2516 2 2 7 1 1871 1872 1502
2517 2 2 7 1 1086 6313 2143
2518 2 2 7 1 5072 6131 3048
2519 2 2 7 1 4373 4374 4371
2520 2 2 7 1 3761 4844 4197
2521 2 2 7 1 1361 1384 1359
2522 2 2 7 1 4567 4710 4157
2523 2 2 7 1 1591 1592 1587
2524 2 2 7 1 2516 4214 2900
2525 2 2 7 1 3485 6429 3483
2526 2 2 7 1 2567 2568 2558
2527 2 2 7 1 3579 5641 4893
2528 2 2 7 1 3626 3627 3624
2529 2 2 7 1 4069 4078 4072
2530 2 2 7 1 4148 7873 3627
2531 2 2 7 1 4928 5882 4625
2532 2 2 7 1 1602 1603 1515
2533 2 2 7 1 2119 7387 1965
2534 2 2 7 1 5120 7358 3433
2535 2 2 7 1 2989 5836 5084
2536 2 2 7 1 1568 1569 1567
2537 2 2 7 1 1149 6864 2075
2538 2 2 7 1 4353 4974 4347
2539 2 2 7 1 1366 6393 2073
2540 2 2 7 1 2517 2519 2513
2541 2 2 7 1 3121 6341 3123
2542 2 2 7 1 3690 3693 3692
2543 2 2 7 1 4790 5698 3415
2544 2 2 7 1 1685 1970 1650
2545 2 2 7 1 1711 2073 1713
2546 2 2 7 1 3895 4785 4693
2547 2 2 7 1 3589 4985 3998
2548 2 2 7 1 5093 7257 4771
2549 2 2 7 1 3634 4218 3632
2550 2 2 7 1 1925 2047 1836
2551 2 2 7 1 2506 2507 2505
2552 2 2 7 1 4737 6736 6714
2553 2 2 7 1 7051 7052 7026
2554 2 2 7 1 1956 2114 1897
2555 2 2 7 1 4039 4781 4057
2556 2 2 7 1 1638 1963 1594
2557 2 2 7 1 1486 2142 1426
2558 2 2 7 1 1808 2083 1809
2559 2 2 7 1 4711 6903 4710
2560 2 2 7 1 1873 1874 1872
2561 2 2 7 1 5815 7130 3501
2562 2 2 7 1 1843 1929 1928
2563 2 2 7 1 2085 7872 6531
2564 2 2 7 1 4751 5107 4752
2565 2 2 7 1 4447 7992 4444
2566 2 2 7 1 2966 2967 2963
2567 2 2 7 1 1211 6724 6292
2568 2 2 7 1 6234 6235 2165
2569 2 2 7 1 3042 4140 3065
2570 2 2 7 1 4534 6179 4535
2571 2 2 7 1 4515 5111 4740
2572 2 2 7 1 1673 1697 1696
2573 2 2 7 1 1860 1933 1899
2574 2 2 7 1 4626 4864 4623
2575 2 2 7 1 4912 5969 3144
2576 2 2 7 1 4902 5078 3915
2577 2 2 7 1 2152 7165 1385
2578 2 2 7 1 3385 3401 3383
2579 2 2 7 1 4824 5751 4826
2580 2 2 7 1 3245 6836 3219
2581 2 2 7 1 1699 1967 1697
2582 2 2 7 1 3764 3765 3452
2583 2 2 7 1 4220 6905 5031
2584 2 2 7 1 4210 7137 2540
2585 2 2 7 1 4701 4703 4679
2586 2 2 7 1 5114 6945 5625
2587 2 2 7 1 4896 6403 3114
2588 2 2 7 1 4337 6266 4862
2589 2 2 7 1 1575 5852 1837
2590 2 2 7 1 4931 7374 4933
2591 2 2 7 1 5786 5848 5847
2592 2 2 7 1 2458 2460 2457
2593 2 2 7 1 2509 6590 2516
2594 2 2 7 1 5108 5109 4483
2595 2 2 7 1 4526 6768 3018
2596 2 2 7 1 4748 7254 1356
2597 2 2 7 1 4943 6817 2877
2598 2 2 7 1 2021 2024 2023
2599 2 2 7 1 2164 6875 6868
2600 2 2 7 1 1706 1948 1854
2601 2 2 7 1 4044 4913 4128
2602 2 2 7 1 3204 3217 3206
2603 2 2 7 1 4382 4903 4811
2604 2 2 7 1 930 5722 929
2605 2 2 7 1 1793 1932 1918
2606 2 2 7 1 2652 7340 5921
2607 2 2 7 1 3170 7668 6971
2608 2 2 7 1 1488 2146 1430
2609 2 2 7 1 1488 6851 2054
2610 2 2 7 1 4359 4360 3580
2611 2 2 7 1 3548 7447 6428
2612 2 2 7 1 3110 4571 3189
2613 2 2 7 1 4914 4923 4092
2614 2 2 7 1 1057 6259 2103
2615 2 2 7 1 4623 7822 4641
2616 2 2 7 1 3185 6558 3067
2617 2 2 7 1 1366 6396 6393
2618 2 2 7 1 4543 5839 4541
2619 2 2 7 1 1803 1950 1823
2620 2 2 7 1 3657 3751 3750
2621 2 2 7 1 4218 4911 4467
2622 2 2 7 1 1745 2066 1744
2623 2 2 7 1 3720 3721 3437
2624 2 2 7 1 2493 5033 2491
2625 2 2 7 1 3018 6768 3030
2626 2 2 7 1 3472 8018 3468
2627 2 2 7 1 3222 3664 3141
2628 2 2 7 1 3950 6789 3931
2629 2 2 7 1 4099 6624 4056
2630 2 2 7 1 1555 6441 2048
2631 2 2 7 1 1592 1691 1690
2632 2 2 7 1 4887 7808 4508
2633 2 2 7 1 4226 4227 3733
2634 2 2 7 1 2502 2505 2500
2635 2 2 7 1 4375 5016 4373
2636 2 2 7 1 3246 6871 3427
2637 2 2 7 1 1896 6513 1906
2638 2 2 7 1 4091 4098 4097
2639 2 2 7 1 1973 6442 6436
2640 2 2 7 1 1661 7995 1658
2641 2 2 7 1 1163 7631 6780
2642 2 2 7 1 1585 1587 1586
2643 2 2 7 1 2110 6401 1058
2644 2 2 7 1 4911 4922 4467
2645 2 2 7 1 4013 4804 4411
2646 2 2 7 1 4961 7230 4963
2647 2 2 7 1 2126 7245 2122
2648 2 2 7 1 4926 7128 6745
2649 2 2 7 1 4554 4556 4552
2650 2 2 7 1 1817 2095 1815
2651 2 2 7 1 1219 5703 4796
2652 2 2 7 1 2008 7286 6356
2653 2 2 7 1 4383 7684 4382
2654 2 2 7 1 1996 7720 1751
2655 2 2 7 1 3069 4340 3190
2656 2 2 7 1 3774 4775 4773
2657 2 2 7 1 2464 2465 2463
2658 2 2 7 1 5135 5955 4424
2659 2 2 7 1 4494 4813 4497
2660 2 2 7 1 3431 3749 3748
2661 2 2 7 1 3102 4645 3184
2662 2 2 7 1 1908 1909 1631
2663 2 2 7 1 2097 2188 1187
2664 2 2 7 1 1683 2063 1682
2665 2 2 7 1 5890 7352 4895
2666 2 2 7 1 6240 7397 1157
2667 2 2 7 1 2175 6040 2120
2668 2 2 7 1 3013 6390 4526
2669 2 2 7 1 1387 1456 1455
2670 2 2 7 1 1590 1612 1611
2671 2 2 7 1 3917 4629 4628
2672 2 2 7 1 1918 1919 1634
2673 2 2 7 1 4206 6586 3029
2674 2 2 7 1 4594 4596 4595
2675 2 2 7 1 2556 7899 2788
2676 2 2 7 1 1296 2210 2208
2677 2 2 7 1 1405 6826 1272
2678 2 2 7 1 4938 8018 7284
2679 2 2 7 1 5110 6130 3172
2680 2 2 7 1 3240 5716 3192
2681 2 2 7 1 6155 6560 6156
2682 2 2 7 1 1732 1996 1751
2683 2 2 7 1 4057 7248 4695
2684 2 2 7 1 4226 4916 4227
2685 2 2 7 1 4879 7403 2925
2686 2 2 7 1 4365 5018 4363
2687 2 2 7 1 5023 6940 2961
2688 2 2 7 1 4721 6450 5000
2689 2 2 7 1 2655 5127 5079
2690 2 2 7 1 3620 3621 3618
2691 2 2 7 1 6457 6948 2865
2692 2 2 7 1 3028 6588 2999
2693 2 2 7 1 1521 1819 1692
2694 2 2 7 1 1477 6459 2034
2695 2 2 7 1 2094 6538 1715
2696 2 2 7 1 1470 6687 1999
2697 2 2 7 1 1743 7387 2119
2698 2 2 7 1 6103 6769 5680
2699 2 2 7 1 2188 6197 1187
2700 2 2 7 1 6536 7889 2010
2701 2 2 7 1 1222 5048 4960
2702 2 2 7 1 1905 7562 7078
2703 2 2 7 1 1289 1372 1287
2704 2 2 7 1 3093 4127 3138
2705 2 2 7 1 4431 4966 4776
2706 2 2 7 1 1764 1957 1876
2707 2 2 7 1 3918 4765 3920
2708 2 2 7 1 2022 7486 2124
2709 2 2 7 1 2640 5910 2638
2710 2 2 7 1 3059 7262 5068
2711 2 2 7 1 1556 1876 1557
2712 2 2 7 1 4844 5937 4197
2713 2 2 7 1 1771 7482 1609
2714 2 2 7 1 1801 1802 1668
2715 2 2 7 1 2972 7913 2970
2716 2 2 7 1 4819 5592 4451
2717 2 2 7 1 4074 5116 5115
2718 2 2 7 1 4477 5104 4562
2719 2 2 7 1 4503 4505 4504
2720 2 2 7 1 2144 7195 1880
2721 2 2 7 1 4363 4910 4364
2722 2 2 7 1 4163 7891 7593
2723 2 2 7 1 2467 7275 2465
2724 2 2 7 1 1932 2081 1918
2725 2 2 7 1 2574 6593 2572
2726 2 2 7 1 4497 4939 4700
2727 2 2 7 1 2469 6761 4991
2728 2 2 7 1 2096 7889 1829
2729 2 2 7 1 4472 4822 4470
2730 2 2 7 1 3928 3931 3930
2731 2 2 7 1 5672 7727 4512
2732 2 2 7 1 1335 2223 1245
2733 2 2 7 1 4444 4901 4651
2734 2 2 7 1 3908 4702 4701
2735 2 2 7 1 4397 7351 4389
2736 2 2 7 1 1406 1767 1475
2737 2 2 7 1 3337 3342 3336
2738 2 2 7 1 4609 4610 4556
2739 2 2 7 1 1902 2131 1835
2740 2 2 7 1 1502 1503 1465
2741 2 2 7 1 4416 6451 4970
2742 2 2 7 1 4532 5003 4531
2743 2 2 7 1 5040 5834 5039
2744 2 2 7 1 6778 7202 6930
2745 2 2 7 1 1359 2099 1358
2746 2 2 7 1 3056 5596 5046
2747 2 2 7 1 4833 5755 1402
2748 2 2 7 1 4286 6505 4285
2749 2 2 7 1 3089 4721 3133
2750 2 2 7 1 3265 6678 3731
2751 2 2 7 1 1087 2107 2071
2752 2 2 7 1 3904 5635 4991
2753 2 2 7 1 778 5776 777
2754 2 2 7 1 4929 6867 6595
2755 2 2 7 1 4472 6622 4822
2756 2 2 7 1 3741 4455 4454
2757 2 2 7 1 7081 7432 1067
2758 2 2 7 1 5075 7657 3686
2759 2 2 7 1 2654 5696 2735
2760 2 2 7 1 5935 7463 1717
2761 2 2 7 1 4505 4508 4506
2762 2 2 7 1 1850 2082 1848
2763 2 2 7 1 4242 7242 4245
2764 2 2 7 1 3239 5067 3043
2765 2 2 7 1 3604 3605 3603
2766 2 2 7 1 6338 6598 2177
2767 2 2 7 1 4812 6333 4078
2768 2 2 7 1 3129 7732 6376
2769 2 2 7 1 1715 2090 1710
2770 2 2 7 1 4382 7684 4904
2771 2 2 7 1 4078 6333 4994
2772 2 2 7 1 1739 2084 1738
2773 2 2 7 1 3380 6747 4865
2774 2 2 7 1 6237 7011 4628
2775 2 2 7 1 3340 5679 917
2776 2 2 7 1 3495 3496 3494
2777 2 2 7 1 4984 6758 4005
2778 2 2 7 1 4359 4944 4360
2779 2 2 7 1 2029 2036 2028
2780 2 2 7 1 4732 7689 4505
2781 2 2 7 1 2532 2533 2531
2782 2 2 7 1 4064 7776 4730
2783 2 2 7 1 3449 3450 3416
2784 2 2 7 1 1691 1973 1690
2785 2 2 7 1 3192 3193 3188
2786 2 2 7 1 4469 5014 3992
2787 2 2 7 1 4439 5803 4124
2788 2 2 7 1 2165 7723 1070
2789 2 2 7 1 1593 6893 6815
2790 2 2 7 1 1708 7658 1695
2791 2 2 7 1 3639 6528 4160
2792 2 2 7 1 5919 5932 3140
2793 2 2 7 1 3496 7334 4141
2794 2 2 7 1 1482 7396 6421
2795 2 2 7 1 3403 6946 3330
2796 2 2 7 1 4707 7456 3071
2797 2 2 7 1 1354 7900 2176
2798 2 2 7 1 2522 2523 2521
2799 2 2 7 1 5211 7232 1223
2800 2 2 7 1 2773 4627 2744
2801 2 2 7 1 4881 5716 3732
2802 2 2 7 1 3487 3494 3485
2803 2 2 7 1 5159 5764 1104
2804 2 2 7 1 3634 6658 4218
2805 2 2 7 1 1172 1882 1262
2806 2 2 7 1 6254 6977 6882
2807 2 2 7 1 1606 1964 1921
2808 2 2 7 1 4422 4423 4250
2809 2 2 7 1 4057 4593 4043
2810 2 2 7 1 4342 4344 3381
2811 2 2 7 1 4446 4447 4444
2812 2 2 7 1 3146 5988 5095
2813 2 2 7 1 2062 6413 1579
2814 2 2 7 1 3459 7059 3233
2815 2 2 7 1 3632 4218 3753
2816 2 2 7 1 3053 4132 3066
2817 2 2 7 1 3643 5623 4137
2818 2 2 7 1 1836 1959 1746
2819 2 2 7 1 1787 6581 1486
2820 2 2 7 1 2038 6643 1932
2821 2 2 7 1 2530 2531 2527
2822 2 2 7 1 5076 6043 3061
2823 2 2 7 1 1310 6023 5861
2824 2 2 7 1 2922 2931 2927
2825 2 2 7 1 6605 7293 6734
2826 2 2 7 1 4455 4668 4530
2827 2 2 7 1 6618 6786 3378
2828 2 2 7 1 1819 1912 1911
2829 2 2 7 1 3061 7313 5076
2830 2 2 7 1 5783 7112 2474
2831 2 2 7 1 4462 4463 4461
2832 2 2 7 1 4159 5120 4474
2833 2 2 7 1 3189 7361 3116
2834 2 2 7 1 1738 2007 1607
2835 2 2 7 1 3534 6784 3532
2836 2 2 7 1 1701 1995 1699
2837 2 2 7 1 2026 2122 2027
2838 2 2 7 1 5977 7258 5658
2839 2 2 7 1 1707 1998 1638
2840 2 2 7 1 1957 7622 1958
2841 2 2 7 1 2224 6775 1079
2842 2 2 7 1 3895 4640 3476
2843 2 2 7 1 5817 7180 6727
2844 2 2 7 1 1615 1619 1617
2845 2 2 7 1 4160 5070 4161
2846 2 2 7 1 3637 3639 3638
2847 2 2 7 1 4569 5103 4491
2848 2 2 7 1 5688 6992 6124
2849 2 2 7 1 2032 6459 1477
2850 2 2 7 1 4857 7061 2513
2851 2 2 7 1 2067 7748 2160
2852 2 2 7 1 1736 2120 1735
2853 2 2 7 1 3591 7423 3589
2854 2 2 7 1 2171 6222 2169
2855 2 2 7 1 1780 6568 1474
2856 2 2 7 1 1104 5160 5159
2857 2 2 7 1 5139 5767 3099
2858 2 2 7 1 3749 4589 4587
2859 2 2 7 1 3232 4607 3195
2860 2 2 7 1 3572 4819 4451
2861 2 2 7 1 4727 4981 4723
2862 2 2 7 1 1609 1746 1508
2863 2 2 7 1 1835 2059 1747
2864 2 2 7 1 1565 6680 2127
2865 2 2 7 1 1687 2049 1900
2866 2 2 7 1 4784 7290 2596
2867 2 2 7 1 3187 3188 3128
2868 2 2 7 1 3001 4206 3029
2869 2 2 7 1 4395 4477 4396
2870 2 2 7 1 3988 6901 4843
2871 2 2 7 1 2570 7420 2576
2872 2 2 7 1 5302 5328 4840
2873 2 2 7 1 2048 6317 1555
2874 2 2 7 1 4401 4808 4807
2875 2 2 7 1 1564 1743 1498
2876 2 2 7 1 6447 7147 4358
2877 2 2 7 1 3413 3414 3237
2878 2 2 7 1 4630 6678 3265
2879 2 2 7 1 4391 4395 4393
2880 2 2 7 1 1701 7066 1995
2881 2 2 7 1 4796 6485 1219
2882 2 2 7 1 1774 6536 1471
2883 2 2 7 1 1445 6685 1444
2884 2 2 7 1 3612 3660 3610
2885 2 2 7 1 1843 1928 1926
2886 2 2 7 1 4561 5704 4863
2887 2 2 7 1 1530 7877 1528
2888 2 2 7 1 5581 6494 2737
2889 2 2 7 1 4709 6616 6615
2890 2 2 7 1 1710 2070 1711
2891 2 2 7 1 2583 2584 2582
2892 2 2 7 1 1157 7397 6252
2893 2 2 7 1 4644 7659 3928
2894 2 2 7 1 6156 6181 3166
2895 2 2 7 1 1935 1936 1790
2896 2 2 7 1 3358 6618 3356
2897 2 2 7 1 1948 1949 1854
2898 2 2 7 1 924 5586 923
2899 2 2 7 1 3347 6848 5938
2900 2 2 7 1 1343 6303 2061
2901 2 2 7 1 2582 7238 2586
2902 2 2 7 1 4541 5019 4542
2903 2 2 7 1 4988 4991 4989
2904 2 2 7 1 7564 7568 4647
2905 2 2 7 1 4467 5138 4487
2906 2 2 7 1 2493 7897 5033
2907 2 2 7 1 2957 2959 2958
2908 2 2 7 1 4890 6964 4716
2909 2 2 7 1 1093 7814 6508
2910 2 2 7 1 1695 2039 1910
2911 2 2 7 1 3501 7891 5815
2912 2 2 7 1 2064 6753 6468
2913 2 2 7 1 3606 4567 3605
2914 2 2 7 1 3302 5040 3300
2915 2 2 7 1 5837 7437 3316
2916 2 2 7 1 4625 4626 4623
2917 2 2 7 1 1534 1820 1808
2918 2 2 7 1 1600 1747 1495
2919 2 2 7 1 4748 6638 5117
2920 2 2 7 1 1293 1297 1291
2921 2 2 7 1 1812 2044 1810
2922 2 2 7 1 4753 4754 3064
2923 2 2 7 1 3635 4714 4544
2924 2 2 7 1 3264 6905 6904
2925 2 2 7 1 6531 7872 2181
2926 2 2 7 1 3665 3666 3664
2927 2 2 7 1 1990 5923 1988
2928 2 2 7 1 3536 3539 3525
2929 2 2 7 1 6201 6202 4353
2930 2 2 7 1 3957 3958 3956
2931 2 2 7 1 2011 7180 1383
2932 2 2 7 1 6086 7705 5013
2933 2 2 7 1 2046 2061 1966
2934 2 2 7 1 2904 6764 4215
2935 2 2 7 1 4857 7762 7060
2936 2 2 7 1 5046 6891 3235
2937 2 2 7 1 3987 7729 7140
2938 2 2 7 1 3553 7449 3549
2939 2 2 7 1 4557 7648 4554
2940 2 2 7 1 3547 3548 3534
2941 2 2 7 1 4386 5013 4814
2942 2 2 7 1 2098 6393 1084
2943 2 2 7 1 1557 1589 1559
2944 2 2 7 1 4813 6473 4497
2945 2 2 7 1 3616 3617 3614
2946 2 2 7 1 4983 7011 3050
2947 2 2 7 1 648 6365 647
2948 2 2 7 1 3193 4881 3232
2949 2 2 7 1 5129 7069 3098
2950 2 2 7 1 2474 5613 2472
2951 2 2 7 1 1608 1738 1607
2952 2 2 7 1 4757 7099 2726
2953 2 2 7 1 1893 6693 1894
2954 2 2 7 1 6655 8009 4981
2955 2 2 7 1 4992 6973 2576
2956 2 2 7 1 3512 6762 3509
2957 2 2 7 1 1591 1897 1896
2958 2 2 7 1 567 5970 566
2959 2 2 7 1 4588 5800 5091
2960 2 2 7 1 1289 6411 1372
2961 2 2 7 1 1188 6846 2219
2962 2 2 7 1 3419 3420 3418
2963 2 2 7 1 2056 2186 1566
2964 2 2 7 1 5263 5796 1103
2965 2 2 7 1 4347 4348 4346
2966 2 2 7 1 4345 4346 4344
2967 2 2 7 1 3040 7941 3035
2968 2 2 7 1 5591 6497 4181
2969 2 2 7 1 1988 5901 1989
2970 2 2 7 1 4404 5758 5757
2971 2 2 7 1 1908 2109 1909
2972 2 2 7 1 4702 6634 6242
2973 2 2 7 1 7218 7219 1927
2974 2 2 7 1 3993 4470 4469
2975 2 2 7 1 1662 1703 1661
2976 2 2 7 1 5682 6682 4213
2977 2 2 7 1 3014 5802 3009
2978 2 2 7 1 1492 6934 1460
2979 2 2 7 1 1151 7030 2039
2980 2 2 7 1 2055 6981 1384
2981 2 2 7 1 3354 6885 3352
2982 2 2 7 1 4831 6482 6481
2983 2 2 7 1 1047 7453 6069
2984 2 2 7 1 1659 1661 1658
2985 2 2 7 1 7319 7687 7659
2986 2 2 7 1 1622 1624 1623
2987 2 2 7 1 7048 7208 4128
2988 2 2 7 1 1480 6968 1442
2989 2 2 7 1 3414 7022 3449
2990 2 2 7 1 4765 6535 3676
2991 2 2 7 1 3291 5768 5719
2992 2 2 7 1 4677 6492 4455
2993 2 2 7 1 2971 2972 2970
2994 2 2 7 1 1197 6363 2137
2995 2 2 7 1 3483 7630 3482
2996 2 2 7 1 1834 6432 6170
2997 2 2 7 1 4822 7677 4470
2998 2 2 7 1 2480 6556 2478
2999 2 2 7 1 5594 5701 4842
3000 2 2 7 1 6424 6527 6421
3001 2 2 7 1 1893 7552 6693
3002 2 2 7 1 4587 5712 4639
3003 2 2 7 1 1056 7021 6354
3004 2 2 7 1 2650 7739 2648
3005 2 2 7 1 4602 4603 4601
3006 2 2 7 1 4162 4601 3568
3007 2 2 7 1 3434 4905 3250
3008 2 2 7 1 4975 7811 3231
3009 2 2 7 1 4558 4559 4557
3010 2 2 7 1 3906 4897 4745
3011 2 2 7 1 4497 4700 4498
3012 2 2 7 1 4695 7870 4057
3013 2 2 7 1 4704 4705 4351
3014 2 2 7 1 3926 3927 3925
3015 2 2 7 1 2472 7949 5032
3016 2 2 7 1 2030 2197 2031
3017 2 2 7 1 1582 1955 1585
3018 2 2 7 1 4627 4987 2744
3019 2 2 7 1 2542 2543 2540
3020 2 2 7 1 3513 3524 3512
3021 2 2 7 1 4771 7257 7141
3022 2 2 7 1 1296 2218 2210
3023 2 2 7 1 3764 7962 4569
3024 2 2 7 1 7271 7273 2939
3025 2 2 7 1 4735 4736 4379
3026 2 2 7 1 6714 6736 1221
3027 2 2 7 1 6549 7908 1824
3028 2 2 7 1 6788 7147 6447
3029 2 2 7 1 4613 6376 5774
3030 2 2 7 1 1695 1898 1644
3031 2 2 7 1 3598 3757 3597
3032 2 2 7 1 1900 6977 2170
3033 2 2 7 1 4282 4845 4284
3034 2 2 7 1 1678 6539 1929
3035 2 2 7 1 1909 6119 1915
3036 2 2 7 1 1596 1798 1588
3037 2 2 7 1 1363 1979 1232
3038 2 2 7 1 6993 7426 4274
3039 2 2 7 1 2183 6375 1355
3040 2 2 7 1 2571 2572 2570
3041 2 2 7 1 4011 4413 4148
3042 2 2 7 1 4695 6674 4908
3043 2 2 7 1 4011 4983 4413
3044 2 2 7 1 2642 2644 2643
3045 2 2 7 1 4521 7909 6476
3046 2 2 7 1 1677 1881 1678
3047 2 2 7 1 4924 7128 4926
3048 2 2 7 1 1657 1658 1656
3049 2 2 7 1 5004 5659 4446
3050 2 2 7 1 4609 6054 4610
3051 2 2 7 1 5578 7588 4671
3052 2 2 7 1 2544 2545 2543
3053 2 2 7 1 1142 2080 1170
3054 2 2 7 1 1722 2128 1723
3055 2 2 7 1 4932 4977 4936
3056 2 2 7 1 2024 2072 2030
3057 2 2 7 1 6687 7382 2179
3058 2 2 7 1 1820 1904 1903
3059 2 2 7 1 3500 3507 3506
3060 2 2 7 1 4734 8002 3920
3061 2 2 7 1 2528 7762 4857
3062 2 2 7 1 1453 1490 1489
3063 2 2 7 1 1434 7967 1432
3064 2 2 7 1 6747 6991 4865
3065 2 2 7 1 3582 3713 3581
3066 2 2 7 1 6777 7093 4730
3067 2 2 7 1 1757 1960 1765
3068 2 2 7 1 3596 3597 3595
3069 2 2 7 1 1889 5872 1877
3070 2 2 7 1 3302 7207 5040
3071 2 2 7 1 1829 2097 2096
3072 2 2 7 1 3236 3237 3229
3073 2 2 7 1 1619 7363 1728
3074 2 2 7 1 4620 5108 4484
3075 2 2 7 1 1553 2012 1549
3076 2 2 7 1 4070 5030 4058
3077 2 2 7 1 6779 7202 6778
3078 2 2 7 1 2788 4219 2554
3079 2 2 7 1 4342 7280 4345
3080 2 2 7 1 5016 7615 5862
3081 2 2 7 1 2510 2511 2509
3082 2 2 7 1 1982 6238 6233
3083 2 2 7 1 6132 6135 4922
3084 2 2 7 1 6476 7909 5685
3085 2 2 7 1 4688 4689 4687
3086 2 2 7 1 3432 3557 3556
3087 2 2 7 1 2469 4991 4988
3088 2 2 7 1 1905 7078 1893
3089 2 2 7 1 2649 2650 2648
3090 2 2 7 1 4347 7846 4731
3091 2 2 7 1 1499 7754 1495
3092 2 2 7 1 1810 7882 7183
3093 2 2 7 1 4937 7671 4977
3094 2 2 7 1 2471 2473 2472
3095 2 2 7 1 4942 5831 4543
3096 2 2 7 1 3960 3972 3971
3097 2 2 7 1 2919 6689 2873
3098 2 2 7 1 3981 7147 6788
3099 2 2 7 1 6936 7768 3397
3100 2 2 7 1 3373 3383 3382
3101 2 2 7 1 3683 4120 3918
3102 2 2 7 1 1799 2220 2148
3103 2 2 7 1 4184 6630 4590
3104 2 2 7 1 1308 6008 2204
3105 2 2 7 1 2088 6412 1583
3106 2 2 7 1 4128 7208 6334
3107 2 2 7 1 3660 4954 4953
3108 2 2 7 1 4195 5137 4194
3109 2 2 7 1 5877 5881 4756
3110 2 2 7 1 2099 2108 1621
3111 2 2 7 1 3696 3698 3697
3112 2 2 7 1 5793 6430 5794
3113 2 2 7 1 2997 2999 2998
3114 2 2 7 1 3453 7196 3458
3115 2 2 7 1 1484 7020 1452
3116 2 2 7 1 1875 5826 1873
3117 2 2 7 1 4240 4847 4242
3118 2 2 7 1 1592 1690 1587
3119 2 2 7 1 6518 6998 4868
3120 2 2 7 1 4354 6201 6199
3121 2 2 7 1 4608 6793 5228
3122 2 2 7 1 4524 7308 4525
3123 2 2 7 1 4087 4925 4333
3124 2 2 7 1 6434 7068 1984
3125 2 2 7 1 5610 6655 4727
3126 2 2 7 1 1585 1591 1587
3127 2 2 7 1 4719 6998 6518
3128 2 2 7 1 1735 5860 1512
3129 2 2 7 1 3911 7774 5133
3130 2 2 7 1 6116 7234 4904
3131 2 2 7 1 1704 2136 1980
3132 2 2 7 1 4109 7638 4998
3133 2 2 7 1 1395 6756 5457
3134 2 2 7 1 1778 7724 1776
3135 2 2 7 1 3704 4064 4062
3136 2 2 7 1 1361 1385 1384
3137 2 2 7 1 3405 6775 2224
3138 2 2 7 1 3363 3373 3372
3139 2 2 7 1 4622 7962 3764
3140 2 2 7 1 4202 4961 4204
3141 2 2 7 1 4693 4694 4640
3142 2 2 7 1 1744 7387 1743
3143 2 2 7 1 4856 6461 1116
3144 2 2 7 1 2012 2013 1550
3145 2 2 7 1 3391 7422 5577
3146 2 2 7 1 3626 3628 3627
3147 2 2 7 1 1776 7724 1828
3148 2 2 7 1 3902 5577 4926
3149 2 2 7 1 3608 3609 3606
3150 2 2 7 1 3224 3225 3218
3151 2 2 7 1 5037 7660 3369
3152 2 2 7 1 2503 7314 4562
3153 2 2 7 1 4489 6805 4488
3154 2 2 7 1 1830 2225 1828
3155 2 2 7 1 1581 7047 1582
3156 2 2 7 1 2496 7897 2493
3157 2 2 7 1 4844 7572 5920
3158 2 2 7 1 1170 2080 1882
3159 2 2 7 1 3990 3993 3992
3160 2 2 7 1 2013 2124 2026
3161 2 2 7 1 4371 5659 3407
3162 2 2 7 1 4901 6911 4651
3163 2 2 7 1 6508 7814 6509
3164 2 2 7 1 2059 2094 1715
3165 2 2 7 1 6326 8015 1954
3166 2 2 7 1 3224 7294 3244
3167 2 2 7 1 1682 6468 1533
3168 2 2 7 1 7102 7575 6146
3169 2 2 7 1 3383 6915 3382
3170 2 2 7 1 6513 7632 1906
3171 2 2 7 1 3715 6881 6880
3172 2 2 7 1 2458 5081 2462
3173 2 2 7 1 4064 4730 4091
3174 2 2 7 1 3706 4843 4663
3175 2 2 7 1 3696 4488 3706
3176 2 2 7 1 5050 6484 5051
3177 2 2 7 1 1856 7427 1858
3178 2 2 7 1 1684 1824 1683
3179 2 2 7 1 3575 4841 4225
3180 2 2 7 1 1385 7165 1384
3181 2 2 7 1 4571 7800 3189
3182 2 2 7 1 3772 4149 3713
3183 2 2 7 1 4240 4848 4847
3184 2 2 7 1 5136 6767 2653
3185 2 2 7 1 3159 6096 5041
3186 2 2 7 1 1101 6922 5438
3187 2 2 7 1 4222 7357 6970
3188 2 2 7 1 5979 7120 3079
3189 2 2 7 1 2537 2540 2539
3190 2 2 7 1 4914 6559 5629
3191 2 2 7 1 5907 7758 3896
3192 2 2 7 1 2559 6462 2567
3193 2 2 7 1 1995 7066 6374
3194 2 2 7 1 1791 7801 1789
3195 2 2 7 1 3592 5584 4740
3196 2 2 7 1 3577 4795 3271
3197 2 2 7 1 4479 5680 4482
3198 2 2 7 1 4809 7277 2595
3199 2 2 7 1 4064 4090 4089
3200 2 2 7 1 3511 3512 3509
3201 2 2 7 1 4151 4475 4149
3202 2 2 7 1 3316 7437 7136
3203 2 2 7 1 7018 7371 4517
3204 2 2 7 1 4720 4879 4565
3205 2 2 7 1 5033 7171 2491
3206 2 2 7 1 4885 6781 5986
3207 2 2 7 1 1338 6882 2049
3208 2 2 7 1 2087 7183 6532
3209 2 2 7 1 3961 6677 3924
3210 2 2 7 1 1490 1535 1534
3211 2 2 7 1 4118 5578 4115
3212 2 2 7 1 4476 4722 4475
3213 2 2 7 1 3200 5944 5103
3214 2 2 7 1 1981 6872 2141
3215 2 2 7 1 2077 2079 1491
3216 2 2 7 1 3141 5963 2944
3217 2 2 7 1 5899 7895 4849
3218 2 2 7 1 1938 7728 1734
3219 2 2 7 1 4857 7060 4287
3220 2 2 7 1 4233 4895 4235
3221 2 2 7 1 4879 7084 5071
3222 2 2 7 1 1241 2172 1491
3223 2 2 7 1 3715 7652 6881
3224 2 2 7 1 4013 4411 3595
3225 2 2 7 1 1597 1599 1553
3226 2 2 7 1 1924 7421 6910
3227 2 2 7 1 1280 2056 1363
3228 2 2 7 1 5437 5438 1398
3229 2 2 7 1 2679 7393 6924
3230 2 2 7 1 1864 7556 1867
3231 2 2 7 1 3191 7460 3075
3232 2 2 7 1 5893 5912 1300
3233 2 2 7 1 5855 6318 1193
3234 2 2 7 1 4214 7278 4655
3235 2 2 7 1 4085 4088 3391
3236 2 2 7 1 1808 6350 2083
3237 2 2 7 1 1367 6780 2090
3238 2 2 7 1 1311 6037 6026
3239 2 2 7 1 3415 6704 4790
3240 2 2 7 1 1601 6657 1519
3241 2 2 7 1 1518 7819 6281
3242 2 2 7 1 2064 7527 6068
3243 2 2 7 1 6165 7039 5065
3244 2 2 7 1 1687 1878 1656
3245 2 2 7 1 6208 7912 2052
3246 2 2 7 1 1060 6598 6338
3247 2 2 7 1 3683 3685 3684
3248 2 2 7 1 4416 4728 4180
3249 2 2 7 1 5051 6484 4686
3250 2 2 7 1 1835 2093 2059
3251 2 2 7 1 1934 2219 1933
3252 2 2 7 1 4335 6580 5046
3253 2 2 7 1 6358 6862 6861
3254 2 2 7 1 6873 7171 4215
3255 2 2 7 1 1789 1981 1935
3256 2 2 7 1 5077 5584 3366
3257 2 2 7 1 2959 2962 2960
3258 2 2 7 1 3949 3956 3942
3259 2 2 7 1 4800 4801 3999
3260 2 2 7 1 5128 7910 2545
3261 2 2 7 1 4434 4604 4375
3262 2 2 7 1 4979 6622 4472
3263 2 2 7 1 1692 7633 1693
3264 2 2 7 1 1732 1751 1733
3265 2 2 7 1 3667 3668 3666
3266 2 2 7 1 4986 6794 4153
3267 2 2 7 1 4204 4493 4205
3268 2 2 7 1 1260 1390 1253
3269 2 2 7 1 6241 7502 6073
3270 2 2 7 1 4051 7593 5122
3271 2 2 7 1 1828 2188 1829
3272 2 2 7 1 4202 4204 4203
3273 2 2 7 1 2086 7746 7195
3274 2 2 7 1 2465 7275 2469
3275 2 2 7 1 6202 7938 4353
3276 2 2 7 1 3306 3308 3305
3277 2 2 7 1 5041 5687 3159
3278 2 2 7 1 4380 4860 4750
3279 2 2 7 1 2553 2554 2551
3280 2 2 7 1 4032 5118 4042
3281 2 2 7 1 3557 3743 3742
3282 2 2 7 1 5632 7713 6446
3283 2 2 7 1 2482 7972 5006
3284 2 2 7 1 6107 7084 4879
3285 2 2 7 1 3580 4928 3413
3286 2 2 7 1 5581 7372 6494
3287 2 2 7 1 1913 6402 1908
3288 2 2 7 1 2982 7144 4746
3289 2 2 7 1 3234 3459 3233
3290 2 2 7 1 1895 7199 1994
3291 2 2 7 1 4426 7336 4782
3292 2 2 7 1 5879 6253 6243
3293 2 2 7 1 4663 6256 4664
3294 2 2 7 1 3771 6512 3438
3295 2 2 7 1 1837 5850 1838
3296 2 2 7 1 2533 6733 2538
3297 2 2 7 1 2566 4210 2543
3298 2 2 7 1 4704 5998 4705
3299 2 2 7 1 3219 7023 3221
3300 2 2 7 1 5024 5868 3238
3301 2 2 7 1 3309 3313 3308
3302 2 2 7 1 4586 7733 3630
3303 2 2 7 1 1886 7029 1791
3304 2 2 7 1 1873 2143 1874
3305 2 2 7 1 2555 2556 2554
3306 2 2 7 1 4480 5777 4479
3307 2 2 7 1 4961 4963 4204
3308 2 2 7 1 2648 7321 2645
3309 2 2 7 1 4177 6457 2865
3310 2 2 7 1 4920 6953 3021
3311 2 2 7 1 1757 1765 1759
3312 2 2 7 1 1477 7106 2032
3313 2 2 7 1 3343 3344 3342
3314 2 2 7 1 2189 7627 2209
3315 2 2 7 1 7463 7749 1717
3316 2 2 7 1 4712 4713 4659
3317 2 2 7 1 1760 2091 1868
3318 2 2 7 1 4748 6824 6638
3319 2 2 7 1 4967 5057 2981
3320 2 2 7 1 2495 2496 2493
3321 2 2 7 1 4222 6970 6548
3322 2 2 7 1 1585 1586 1584
3323 2 2 7 1 1795 7978 1630
3324 2 2 7 1 3084 5950 5933
3325 2 2 7 1 1647 1648 1646
3326 2 2 7 1 5160 5736 4223
3327 2 2 7 1 1649 1650 1648
3328 2 2 7 1 4767 4883 3899
3329 2 2 7 1 1651 1685 1650
3330 2 2 7 1 1609 7482 1925
3331 2 2 7 1 4487 4749 4586
3332 2 2 7 1 1362 6409 1709
3333 2 2 7 1 1999 2000 1470
3334 2 2 7 1 2153 6380 1200
3335 2 2 7 1 3217 3218 3206
3336 2 2 7 1 4561 7666 5704
3337 2 2 7 1 4773 4774 3773
3338 2 2 7 1 2114 7920 1135
3339 2 2 7 1 3777 7629 4466
3340 2 2 7 1 3752 4890 4889
3341 2 2 7 1 1910 6299 2190
3342 2 2 7 1 4408 7764 5061
3343 2 2 7 1 3140 5927 5919
3344 2 2 7 1 2046 6324 2061
3345 2 2 7 1 4121 4122 3774
3346 2 2 7 1 1493 6557 1560
3347 2 2 7 1 5721 5722 1114
3348 2 2 7 1 4470 7677 5619
3349 2 2 7 1 3871 4969 4891
3350 2 2 7 1 1458 7571 1487
3351 2 2 7 1 2539 4986 2535
3352 2 2 7 1 3202 6454 3204
3353 2 2 7 1 3195 7664 3197
3354 2 2 7 1 3390 6639 3387
3355 2 2 7 1 1645 1646 1644
3356 2 2 7 1 2953 5020 2950
3357 2 2 7 1 1376 2126 2123
3358 2 2 7 1 3002 6090 5617
3359 2 2 7 1 4711 7473 6010
3360 2 2 7 1 1894 7551 6669
3361 2 2 7 1 1681 1688 1680
3362 2 2 7 1 6602 7193 6975
3363 2 2 7 1 4224 6447 3951
3364 2 2 7 1 3743 3745 3744
3365 2 2 7 1 1883 6407 1892
3366 2 2 7 1 1741 1742 1739
3367 2 2 7 1 2475 5783 2474
3368 2 2 7 1 4075 6661 4065
3369 2 2 7 1 2844 7774 3911
3370 2 2 7 1 5595 7442 3059
3371 2 2 7 1 6248 7529 6246
3372 2 2 7 1 2106 6224 1087
3373 2 2 7 1 1916 2208 1806
3374 2 2 7 1 5025 5026 4596
3375 2 2 7 1 3997 4997 4984
3376 2 2 7 1 3523 5627 4642
3377 2 2 7 1 2931 2935 2934
3378 2 2 7 1 2945 2946 2944
3379 2 2 7 1 6140 7507 4632
3380 2 2 7 1 3569 3570 3568
3381 2 2 7 1 1497 1498 1485
3382 2 2 7 1 2596 5929 4784
3383 2 2 7 1 6338 6599 6337
3384 2 2 7 1 4543 6512 4942
3385 2 2 7 1 7464 7633 5926
3386 2 2 7 1 3382 5078 3431
3387 2 2 7 1 1393 5746 5227
3388 2 2 7 1 4789 7319 4644
3389 2 2 7 1 2950 5020 2945
3390 2 2 7 1 1742 2110 2084
3391 2 2 7 1 2015 2017 2016
3392 2 2 7 1 4100 4102 4101
3393 2 2 7 1 4702 6082 4701
3394 2 2 7 1 3439 3440 3438
3395 2 2 7 1 4500 4503 4502
3396 2 2 7 1 3134 7884 5731
3397 2 2 7 1 5114 5625 3550
3398 2 2 7 1 5732 7143 7142
3399 2 2 7 1 5000 5001 3133
3400 2 2 7 1 2458 2462 2460
3401 2 2 7 1 4013 4912 4804
3402 2 2 7 1 1666 1668 1664
3403 2 2 7 1 3900 4855 4854
3404 2 2 7 1 2061 6303 1966
3405 2 2 7 1 1899 6961 1923
3406 2 2 7 1 1506 5871 1564
3407 2 2 7 1 4755 5456 5086
3408 2 2 7 1 4674 5086 3724
3409 2 2 7 1 3544 3545 3539
3410 2 2 7 1 4719 6518 4477
3411 2 2 7 1 3956 7639 3942
3412 2 2 7 1 1866 6851 2052
3413 2 2 7 1 2974 2988 2968
3414 2 2 7 1 3435 4902 3915
3415 2 2 7 1 4475 5065 4149
3416 2 2 7 1 3745 3761 3746
3417 2 2 7 1 3305 7207 3302
3418 2 2 7 1 1552 1554 1553
3419 2 2 7 1 2486 2487 2484
3420 2 2 7 1 3071 7456 3073
3421 2 2 7 1 5938 5949 3347
3422 2 2 7 1 6446 7713 5360
3423 2 2 7 1 1470 6552 1098
3424 2 2 7 1 1494 1495 1493
3425 2 2 7 1 1287 6728 1285
3426 2 2 7 1 1186 7274 6134
3427 2 2 7 1 4157 7120 4729
3428 2 2 7 1 2497 2498 2496
3429 2 2 7 1 1966 6303 2058
3430 2 2 7 1 4727 7188 5610
3431 2 2 7 1 1763 6248 6247
3432 2 2 7 1 2676 7257 4839
3433 2 2 7 1 4328 4859 4326
3434 2 2 7 1 4490 7178 4866
3435 2 2 7 1 970 6292 5368
3436 2 2 7 1 2018 2021 2020
3437 2 2 7 1 4261 6798 5002
3438 2 2 7 1 4741 4742 4122
3439 2 2 7 1 1496 1499 1495
3440 2 2 7 1 1342 6312 5826
3441 2 2 7 1 4651 6200 5130
3442 2 2 7 1 1363 2062 1979
3443 2 2 7 1 1182 7317 6783
3444 2 2 7 1 4051 4914 4053
3445 2 2 7 1 1478 7241 1408
3446 2 2 7 1 4464 4861 4463
3447 2 2 7 1 4701 6101 4703
3448 2 2 7 1 3048 6132 5072
3449 2 2 7 1 1300 5940 5913
3450 2 2 7 1 1926 1927 1844
3451 2 2 7 1 3421 6700 5588
3452 2 2 7 1 2064 7566 7528
3453 2 2 7 1 4659 4778 4441
3454 2 2 7 1 1884 7180 2011
3455 2 2 7 1 3602 3603 3600
3456 2 2 7 1 1948 6706 1949
3457 2 2 7 1 4106 4875 4600
3458 2 2 7 1 1689 1834 1688
3459 2 2 7 1 5462 5546 5463
3460 2 2 7 1 5782 7326 4270
3461 2 2 7 1 3628 5131 3917
3462 2 2 7 1 2872 2873 2773
3463 2 2 7 1 5979 7494 7120
3464 2 2 7 1 1234 5807 2179
3465 2 2 7 1 4845 4846 4284
3466 2 2 7 1 2750 7968 4802
3467 2 2 7 1 5879 7634 6253
3468 2 2 7 1 3761 4197 3762
3469 2 2 7 1 4508 7808 6543
3470 2 2 7 1 4382 4904 4903
3471 2 2 7 1 1669 1670 1533
3472 2 2 7 1 1785 1992 1778
3473 2 2 7 1 4443 7280 4342
3474 2 2 7 1 2105 2207 1660
3475 2 2 7 1 3777 4465 3603
3476 2 2 7 1 304 2074 303
3477 2 2 7 1 4802 6446 2750
3478 2 2 7 1 1200 7619 2154
3479 2 2 7 1 3380 7598 3350
3480 2 2 7 1 2871 4876 4153
3481 2 2 7 1 4589 5091 4587
3482 2 2 7 1 3389 3391 3390
3483 2 2 7 1 5827 7877 1679
3484 2 2 7 1 2477 2478 2475
3485 2 2 7 1 1969 2038 1679
3486 2 2 7 1 1612 1613 1611
3487 2 2 7 1 6069 6078 1047
3488 2 2 7 1 2999 3001 3000
3489 2 2 7 1 5700 5774 3211
3490 2 2 7 1 5030 6987 4046
3491 2 2 7 1 3296 3297 3295
3492 2 2 7 1 4823 5124 4212
3493 2 2 7 1 1411 6662 1410
3494 2 2 7 1 4797 4893 3065
3495 2 2 7 1 1554 1597 1553
3496 2 2 7 1 4137 4906 4720
3497 2 2 7 1 3166 6182 6156
3498 2 2 7 1 1729 1732 1731
3499 2 2 7 1 3620 3622 3621
3500 2 2 7 1 1926 7218 1927
3501 2 2 7 1 1505 1506 1498
3502 2 2 7 1 1734 6941 1938
3503 2 2 7 1 4098 6533 5055
3504 2 2 7 1 3407 5659 5004
3505 2 2 7 1 3507 3509 3508
3506 2 2 7 1 5951 5962 3084
3507 2 2 7 1 6378 6379 1201
3508 2 2 7 1 1634 7823 1635
3509 2 2 7 1 1579 6412 2062
3510 2 2 7 1 5410 6288 1218
3511 2 2 7 1 1464 1465 1378
3512 2 2 7 1 4939 7135 4700
3513 2 2 7 1 3669 7600 3671
3514 2 2 7 1 3127 7634 4981
3515 2 2 7 1 3315 3318 3313
3516 2 2 7 1 3216 6280 5619
3517 2 2 7 1 1298 1359 1358
3518 2 2 7 1 2644 2646 2645
3519 2 2 7 1 3471 3472 3468
3520 2 2 7 1 6404 7845 4945
3521 2 2 7 1 6453 6628 2202
3522 2 2 7 1 4409 4894 4850
3523 2 2 7 1 4911 6658 4161
3524 2 2 7 1 3913 4617 4616
3525 2 2 7 1 4953 5076 4955
3526 2 2 7 1 2137 6364 1197
3527 2 2 7 1 3721 7143 4226
3528 2 2 7 1 6718 7894 3109
3529 2 2 7 1 5948 6255 1071
3530 2 2 7 1 4525 7308 5648
3531 2 2 7 1 5986 8004 4885
3532 2 2 7 1 1587 7848 1586
3533 2 2 7 1 3294 3295 3293
3534 2 2 7 1 2488 2489 2487
3535 2 2 7 1 1507 1508 1506
3536 2 2 7 1 1868 1924 1869
3537 2 2 7 1 4532 6160 5003
3538 2 2 7 1 3501 7636 6559
3539 2 2 7 1 3998 4837 4800
3540 2 2 7 1 2061 7398 6315
3541 2 2 7 1 3385 3402 3401
3542 2 2 7 1 6409 6410 1709
3543 2 2 7 1 1803 1823 1668
3544 2 2 7 1 1554 1598 1597
3545 2 2 7 1 2943 2944 2941
3546 2 2 7 1 2078 7062 6783
3547 2 2 7 1 5546 6601 1209
3548 2 2 7 1 3463 7380 6555
3549 2 2 7 1 5620 5930 3126
3550 2 2 7 1 1918 6270 1919
3551 2 2 7 1 4764 5834 5040
3552 2 2 7 1 3370 6498 4648
3553 2 2 7 1 1131 6486 2122
3554 2 2 7 1 4276 7426 4958
3555 2 2 7 1 3467 7829 3447
3556 2 2 7 1 1212 6878 5520
3557 2 2 7 1 1509 1510 1508
3558 2 2 7 1 4977 7671 2006
3559 2 2 7 1 4227 7574 4229
3560 2 2 7 1 4466 5658 5657
3561 2 2 7 1 1762 6942 1734
3562 2 2 7 1 2013 2015 2014
3563 2 2 7 1 3460 3906 3459
3564 2 2 7 1 2042 7701 6868
3565 2 2 7 1 2466 2467 2465
3566 2 2 7 1 3915 6915 3383
3567 2 2 7 1 3 1794 88
3568 2 2 7 1 1885 1886 1791
3569 2 2 7 1 6416 7418 2111
3570 2 2 7 1 1838 1944 1942
3571 2 2 7 1 5667 5976 5668
3572 2 2 7 1 2577 2581 2580
3573 2 2 7 1 1912 6697 1911
3574 2 2 7 1 1511 1512 1510
3575 2 2 7 1 3562 6939 5878
3576 2 2 7 1 3543 7611 6993
3577 2 2 7 1 5696 6767 5136
3578 2 2 7 1 6178 7139 2161
3579 2 2 7 1 1103 5653 4898
3580 2 2 7 1 4956 7766 3609
3581 2 2 7 1 4048 7593 4051
3582 2 2 7 1 4493 4813 4494
3583 2 2 7 1 1282 7726 1280
3584 2 2 7 1 4807 4942 3771
3585 2 2 7 1 4731 6052 4704
3586 2 2 7 1 1760 1868 1761
3587 2 2 7 1 1513 1536 1512
3588 2 2 7 1 2741 5723 2832
3589 2 2 7 1 4807 5129 4942
3590 2 2 7 1 5260 5261 1215
3591 2 2 7 1 2939 5859 2934
3592 2 2 7 1 4684 7169 4688
3593 2 2 7 1 2072 6530 1403
3594 2 2 7 1 1782 7880 1783
3595 2 2 7 1 1537 1562 1536
3596 2 2 7 1 4877 7786 7159
3597 2 2 7 1 1469 2045 1448
3598 2 2 7 1 5711 6572 5710
3599 2 2 7 1 4516 6776 6585
3600 2 2 7 1 6388 7707 5638
3601 2 2 7 1 6906 7989 1671
3602 2 2 7 1 4726 4727 4723
3603 2 2 7 1 1384 2099 1359
3604 2 2 7 1 6123 6257 3199
3605 2 2 7 1 5122 6559 4914
3606 2 2 7 1 1563 1594 1562
3607 2 2 7 1 6026 6037 1849
3608 2 2 7 1 3001 3008 3005
3609 2 2 7 1 1806 7613 1613
3610 2 2 7 1 3951 7381 4798
3611 2 2 7 1 2516 2900 2508
3612 2 2 7 1 2012 7487 2013
3613 2 2 7 1 1595 1638 1594
3614 2 2 7 1 1571 7821 1573
3615 2 2 7 1 4756 6403 4231
3616 2 2 7 1 4594 6932 4596
3617 2 2 7 1 2994 5785 5121
3618 2 2 7 1 1552 1978 1554
3619 2 2 7 1 1639 1707 1638
3620 2 2 7 1 4233 4896 4895
3621 2 2 7 1 1590 7036 1917
3622 2 2 7 1 2115 6304 6300
3623 2 2 7 1 3974 3976 3972
3624 2 2 7 1 4454 6612 3618
3625 2 2 7 1 2967 4867 2971
3626 2 2 7 1 3680 3683 3682
3627 2 2 7 1 3479 3480 3478
3628 2 2 7 1 2917 2918 2873
3629 2 2 7 1 1210 5841 4880
3630 2 2 7 1 1979 2088 2001
3631 2 2 7 1 3477 3478 3476
3632 2 2 7 1 1838 6320 1944
3633 2 2 7 1 7047 7350 1956
3634 2 2 7 1 1908 7978 1913
3635 2 2 7 1 3031 7459 5688
3636 2 2 7 1 6883 7149 3986
3637 2 2 7 1 2021 2029 2028
3638 2 2 7 1 4512 7727 6418
3639 2 2 7 1 2638 7152 2585
3640 2 2 7 1 1638 7906 1963
3641 2 2 7 1 2039 7344 6158
3642 2 2 7 1 4832 4980 4374
3643 2 2 7 1 3497 3498 3496
3644 2 2 7 1 5124 5698 4790
3645 2 2 7 1 1825 1968 1824
3646 2 2 7 1 3954 5780 5007
3647 2 2 7 1 2473 2475 2474
3648 2 2 7 1 4169 4967 4192
3649 2 2 7 1 5129 5831 4942
3650 2 2 7 1 5720 7855 6516
3651 2 2 7 1 3481 3563 3480
3652 2 2 7 1 6113 7519 4534
3653 2 2 7 1 3322 6700 3421
3654 2 2 7 1 1104 5736 5160
3655 2 2 7 1 6931 7918 3894
3656 2 2 7 1 2960 7680 4656
3657 2 2 7 1 2200 7111 2104
3658 2 2 7 1 1232 1979 1225
3659 2 2 7 1 3548 6428 4842
3660 2 2 7 1 1876 7227 1557
3661 2 2 7 1 4726 7188 4727
3662 2 2 7 1 4710 5622 4157
3663 2 2 7 1 6674 7055 4108
3664 2 2 7 1 4494 4497 4496
3665 2 2 7 1 2534 2535 2533
3666 2 2 7 1 4438 7853 2955
3667 2 2 7 1 2041 2042 1749
3668 2 2 7 1 1281 1282 1280
3669 2 2 7 1 3638 6658 3634
3670 2 2 7 1 4884 7407 4900
3671 2 2 7 1 3293 7890 3290
3672 2 2 7 1 4009 6720 5670
3673 2 2 7 1 7003 7768 5811
3674 2 2 7 1 5871 7963 1745
3675 2 2 7 1 4422 5620 4423
3676 2 2 7 1 1723 7821 1571
3677 2 2 7 1 3029 7568 4528
3678 2 2 7 1 1764 1876 1556
3679 2 2 7 1 2083 6350 1350
3680 2 2 7 1 3415 5698 3237
3681 2 2 7 1 1887 1888 1886
3682 2 2 7 1 4078 4079 4072
3683 2 2 7 1 3505 3530 3491
3684 2 2 7 1 1554 1978 1677
3685 2 2 7 1 4866 7178 2647
3686 2 2 7 1 4484 5108 4483
3687 2 2 7 1 1825 6038 1968
3688 2 2 7 1 5084 5836 4445
3689 2 2 7 1 3381 4764 3305
3690 2 2 7 1 6247 6268 1159
3691 2 2 7 1 4410 6394 4023
3692 2 2 7 1 1675 1676 1530
3693 2 2 7 1 2995 2996 2991
3694 2 2 7 1 3441 3442 3440
3695 2 2 7 1 3718 5729 4858
3696 2 2 7 1 2507 4868 2510
3697 2 2 7 1 3572 4451 4450
3698 2 2 7 1 2524 2525 2523
3699 2 2 7 1 2517 2520 2519
3700 2 2 7 1 2567 2569 2568
3701 2 2 7 1 4955 4957 4956
3702 2 2 7 1 2645 7321 4172
3703 2 2 7 1 1297 7704 1291
3704 2 2 7 1 4915 6677 6542
3705 2 2 7 1 6391 6511 4526
3706 2 2 7 1 4954 5068 4953
3707 2 2 7 1 3573 6497 5592
3708 2 2 7 1 6117 6169 1986
3709 2 2 7 1 2479 2480 2478
3710 2 2 7 1 2920 5057 2922
3711 2 2 7 1 6354 7021 6356
3712 2 2 7 1 2065 7500 2063
3713 2 2 7 1 4524 4525 4449
3714 2 2 7 1 2992 3408 3027
3715 2 2 7 1 2030 2031 2025
3716 2 2 7 1 1623 6752 1535
3717 2 2 7 1 3594 3595 3571
3718 2 2 7 1 4051 5122 4914
3719 2 2 7 1 4775 6920 4773
3720 2 2 7 1 3461 3462 3420
3721 2 2 7 1 4206 6587 6586
3722 2 2 7 1 1547 1552 1549
3723 2 2 7 1 4505 7689 4508
3724 2 2 7 1 1713 2098 1716
3725 2 2 7 1 1312 7580 2120
3726 2 2 7 1 4326 5691 3756
3727 2 2 7 1 3907 4124 3906
3728 2 2 7 1 3319 3320 3318
3729 2 2 7 1 1389 2127 1277
3730 2 2 7 1 2647 7957 4866
3731 2 2 7 1 4883 5114 3552
3732 2 2 7 1 1655 1656 1653
3733 2 2 7 1 1759 2104 1760
3734 2 2 7 1 4828 7302 3738
3735 2 2 7 1 3978 6351 3976
3736 2 2 7 1 4660 5062 4712
3737 2 2 7 1 1658 7995 1763
3738 2 2 7 1 3693 3694 3692
3739 2 2 7 1 6962 7090 3585
3740 2 2 7 1 1981 2141 1935
3741 2 2 7 1 4088 7422 3391
3742 2 2 7 1 1523 7679 1525
3743 2 2 7 1 1881 7197 6539
3744 2 2 7 1 3413 7022 3414
3745 2 2 7 1 1095 7179 2136
3746 2 2 7 1 1803 2103 1950
3747 2 2 7 1 1519 1521 1520
3748 2 2 7 1 1456 6613 1455
3749 2 2 7 1 1699 7211 1967
3750 2 2 7 1 4158 6899 4806
3751 2 2 7 1 4285 6505 5088
3752 2 2 7 1 6541 6610 4277
3753 2 2 7 1 6868 7701 2164
3754 2 2 7 1 6018 7346 3208
3755 2 2 7 1 3727 3729 3728
3756 2 2 7 1 2071 2107 1969
3757 2 2 7 1 3931 3933 3932
3758 2 2 7 1 1930 2149 1931
3759 2 2 7 1 3344 7961 3379
3760 2 2 7 1 2498 7700 2496
3761 2 2 7 1 1345 6325 2198
3762 2 2 7 1 3402 3424 3423
3763 2 2 7 1 4712 6443 4713
3764 2 2 7 1 2049 6550 6261
3765 2 2 7 1 1683 2065 2063
3766 2 2 7 1 3669 3670 3668
3767 2 2 7 1 7044 7045 4368
3768 2 2 7 1 3374 7209 3298
3769 2 2 7 1 4874 6607 3955
3770 2 2 7 1 3134 5731 5646
3771 2 2 7 1 4971 7297 2972
3772 2 2 7 1 1957 7623 7622
3773 2 2 7 1 4945 7932 3209
3774 2 2 7 1 1994 6566 1993
3775 2 2 7 1 4608 5228 4791
3776 2 2 7 1 4187 7588 4118
3777 2 2 7 1 5774 7146 3211
3778 2 2 7 1 1802 1999 1804
3779 2 2 7 1 1734 7728 1543
3780 2 2 7 1 1449 1450 1448
3781 2 2 7 1 5730 7803 4809
3782 2 2 7 1 4693 5888 4694
3783 2 2 7 1 2528 6860 6744
3784 2 2 7 1 1451 1452 1450
3785 2 2 7 1 4635 4816 4633
3786 2 2 7 1 4455 5718 4668
3787 2 2 7 1 4368 6608 5007
3788 2 2 7 1 4848 7406 4847
3789 2 2 7 1 3336 5077 3333
3790 2 2 7 1 3274 3275 3273
3791 2 2 7 1 5667 7032 2929
3792 2 2 7 1 1933 6846 1899
3793 2 2 7 1 1582 1585 1584
3794 2 2 7 1 3276 3279 3275
3795 2 2 7 1 4645 7215 3184
3796 2 2 7 1 1293 1298 1297
3797 2 2 7 1 2096 2211 1817
3798 2 2 7 1 6581 7966 2043
3799 2 2 7 1 3524 4873 3529
3800 2 2 7 1 3280 3287 3279
3801 2 2 7 1 1434 6208 2052
3802 2 2 7 1 4400 6948 6457
3803 2 2 7 1 3163 6088 5777
3804 2 2 7 1 4497 6473 4939
3805 2 2 7 1 4960 5132 1222
3806 2 2 7 1 2037 7814 2036
3807 2 2 7 1 4340 7332 3190
3808 2 2 7 1 2155 6617 6370
3809 2 2 7 1 1836 2204 1959
3810 2 2 7 1 3089 3091 3090
3811 2 2 7 1 3288 3409 3287
3812 2 2 7 1 2516 7278 4214
3813 2 2 7 1 4491 7002 6122
3814 2 2 7 1 3091 3093 3092
3815 2 2 7 1 1482 1483 1452
3816 2 2 7 1 3272 3273 3271
3817 2 2 7 1 4862 7642 4337
3818 2 2 7 1 2196 7769 6323
3819 2 2 7 1 3971 7169 4684
3820 2 2 7 1 4735 5784 4736
3821 2 2 7 1 2006 5059 4977
3822 2 2 7 1 1980 7179 2009
3823 2 2 7 1 4651 5130 4443
3824 2 2 7 1 1799 2148 1588
3825 2 2 7 1 4753 6862 4754
3826 2 2 7 1 1390 2085 1253
3827 2 2 7 1 5598 7303 4450
3828 2 2 7 1 4808 6997 5781
3829 2 2 7 1 1715 6557 2059
3830 2 2 7 1 1833 6712 6060
3831 2 2 7 1 2051 6369 6367
3832 2 2 7 1 4671 6423 5578
3833 2 2 7 1 3951 5022 3935
3834 2 2 7 1 1939 5880 1946
3835 2 2 7 1 4606 7309 4829
3836 2 2 7 1 3048 6135 6132
3837 2 2 7 1 3067 3069 3068
3838 2 2 7 1 4561 4863 4559
3839 2 2 7 1 1751 1753 1752
3840 2 2 7 1 4178 4666 4181
3841 2 2 7 1 2823 7371 7018
3842 2 2 7 1 5061 7764 7380
3843 2 2 7 1 1357 6380 2153
3844 2 2 7 1 1626 6583 1704
3845 2 2 7 1 2058 5820 1722
3846 2 2 7 1 1940 7728 1938
3847 2 2 7 1 1915 7575 7102
3848 2 2 7 1 4435 6665 4678
3849 2 2 7 1 5653 6741 4880
3850 2 2 7 1 2074 6942 1083
3851 2 2 7 1 4606 4829 4604
3852 2 2 7 1 7433 7749 7463
3853 2 2 7 1 1059 6170 2156
3854 2 2 7 1 1897 2198 1896
3855 2 2 7 1 4333 5663 4877
3856 2 2 7 1 3420 7690 3418
3857 2 2 7 1 4470 5619 4469
3858 2 2 7 1 1467 2087 1414
3859 2 2 7 1 3078 6592 5973
3860 2 2 7 1 3093 3096 3094
3861 2 2 7 1 3529 4777 3528
3862 2 2 7 1 6179 7525 4535
3863 2 2 7 1 3300 3374 3298
3864 2 2 7 1 4385 6274 5689
3865 2 2 7 1 2177 6599 6338
3866 2 2 7 1 1512 7934 1510
3867 2 2 7 1 1215 5262 5260
3868 2 2 7 1 4508 5672 4509
3869 2 2 7 1 3605 4567 4157
3870 2 2 7 1 5001 5112 3133
3871 2 2 7 1 6353 7021 1056
3872 2 2 7 1 1281 1283 1282
3873 2 2 7 1 2584 6452 2582
3874 2 2 7 1 4941 4979 4472
3875 2 2 7 1 3525 4827 3512
3876 2 2 7 1 4727 6655 4981
3877 2 2 7 1 4127 5702 3138
3878 2 2 7 1 3118 6698 3183
3879 2 2 7 1 4481 4483 4480
3880 2 2 7 1 3729 3739 3730
3881 2 2 7 1 3321 3322 3320
3882 2 2 7 1 3199 6278 6258
3883 2 2 7 1 1521 1523 1522
3884 2 2 7 1 4010 4613 3677
3885 2 2 7 1 3622 5621 3635
3886 2 2 7 1 4153 6794 4152
3887 2 2 7 1 2531 7867 2527
3888 2 2 7 1 4141 4973 3494
3889 2 2 7 1 3739 3871 3740
3890 2 2 7 1 4629 6071 4628
3891 2 2 7 1 3871 4891 4888
3892 2 2 7 1 6026 6033 1311
3893 2 2 7 1 1438 2187 1435
3894 2 2 7 1 3616 3618 3617
3895 2 2 7 1 4198 4202 4200
3896 2 2 7 1 2551 6633 2549
3897 2 2 7 1 4726 6627 5714
3898 2 2 7 1 5675 7369 5058
3899 2 2 7 1 7401 7480 5682
3900 2 2 7 1 1589 1590 1559
3901 2 2 7 1 3911 4154 4003
3902 2 2 7 1 6976 6977 1053
3903 2 2 7 1 1464 7691 1870
3904 2 2 7 1 3549 3575 3545
3905 2 2 7 1 2487 7972 2484
3906 2 2 7 1 3225 7155 3227
3907 2 2 7 1 3247 3248 3246
3908 2 2 7 1 1935 6773 1936
3909 2 2 7 1 3096 3102 3097
3910 2 2 7 1 5793 5794 1877
3911 2 2 7 1 4938 7374 4931
3912 2 2 7 1 4989 5635 5634
3913 2 2 7 1 2133 8005 7563
3914 2 2 7 1 3340 6282 5677
3915 2 2 7 1 2546 2547 2545
3916 2 2 7 1 3209 6404 4945
3917 2 2 7 1 5062 7838 1251
3918 2 2 7 1 3148 5987 5622
3919 2 2 7 1 3443 3445 3442
3920 2 2 7 1 1523 1525 1524
3921 2 2 7 1 4980 6620 4447
3922 2 2 7 1 4785 5773 4693
3923 2 2 7 1 3686 7657 3690
3924 2 2 7 1 5861 7482 1771
3925 2 2 7 1 5121 5786 2994
3926 2 2 7 1 5743 5869 5237
3927 2 2 7 1 2505 7400 4751
3928 2 2 7 1 2105 7243 1383
3929 2 2 7 1 5862 6870 5016
3930 2 2 7 1 1112 5616 5541
3931 2 2 7 1 2220 7646 6708
3932 2 2 7 1 3704 7776 4064
3933 2 2 7 1 1973 1984 1690
3934 2 2 7 1 3277 7676 4921
3935 2 2 7 1 1264 1266 1265
3936 2 2 7 1 5118 7931 4042
3937 2 2 7 1 7019 7755 4459
3938 2 2 7 1 1594 8016 1562
3939 2 2 7 1 3304 3305 3302
3940 2 2 7 1 4834 5740 1396
3941 2 2 7 1 1348 7341 6339
3942 2 2 7 1 1928 7217 1926
3943 2 2 7 1 6045 6061 4966
3944 2 2 7 1 1500 1501 1454
3945 2 2 7 1 2789 7393 6817
3946 2 2 7 1 1231 7376 6441
3947 2 2 7 1 4992 7201 6973
3948 2 2 7 1 1358 6405 1453
3949 2 2 7 1 3432 7964 3557
3950 2 2 7 1 3232 6444 4607
3951 2 2 7 1 4854 4872 4421
3952 2 2 7 1 1549 2012 1550
3953 2 2 7 1 1809 6554 1807
3954 2 2 7 1 1262 1264 1263
3955 2 2 7 1 3531 3532 3530
3956 2 2 7 1 2962 2966 2963
3957 2 2 7 1 2658 7386 5636
3958 2 2 7 1 2502 2506 2505
3959 2 2 7 1 2954 2955 2953
3960 2 2 7 1 1554 1677 1598
3961 2 2 7 1 1814 2010 1813
3962 2 2 7 1 1545 2139 1547
3963 2 2 7 1 5742 6601 4223
3964 2 2 7 1 1888 2165 1886
3965 2 2 7 1 1266 1268 1267
3966 2 2 7 1 2935 4769 2939
3967 2 2 7 1 3908 6634 4702
3968 2 2 7 1 3227 7155 6569
3969 2 2 7 1 2109 6119 1909
3970 2 2 7 1 3102 3104 3103
3971 2 2 7 1 6338 6360 1060
3972 2 2 7 1 1525 1527 1526
3973 2 2 7 1 4795 7035 4635
3974 2 2 7 1 2939 7273 5859
3975 2 2 7 1 1388 7722 6603
3976 2 2 7 1 3963 7124 6256
3977 2 2 7 1 4781 7248 4057
3978 2 2 7 1 4487 5801 4749
3979 2 2 7 1 2489 6873 2840
3980 2 2 7 1 3940 4948 4909
3981 2 2 7 1 3069 3071 3070
3982 2 2 7 1 1810 7183 1467
3983 2 2 7 1 5073 7953 3421
3984 2 2 7 1 3376 7276 6543
3985 2 2 7 1 1441 1442 1440
3986 2 2 7 1 1439 1440 1438
3987 2 2 7 1 4474 6408 4783
3988 2 2 7 1 3579 5692 3257
3989 2 2 7 1 1148 7959 6039
3990 2 2 7 1 1635 1719 1718
3991 2 2 7 1 1843 1926 1844
3992 2 2 7 1 2462 2464 2463
3993 2 2 7 1 1543 7229 1545
3994 2 2 7 1 4113 5578 4272
3995 2 2 7 1 1648 7737 1646
3996 2 2 7 1 1960 6787 1765
3997 2 2 7 1 3928 3930 3927
3998 2 2 7 1 4122 7937 3774
3999 2 2 7 1 6633 6672 2588
4000 2 2 7 1 6502 6793 4478
4001 2 2 7 1 6155 7488 5690
4002 2 2 7 1 4749 7609 4586
4003 2 2 7 1 3284 7121 6576
4004 2 2 7 1 1892 6660 1962
4005 2 2 7 1 7237 7771 4155
4006 2 2 7 1 1268 1275 1269
4007 2 2 7 1 5058 7369 6890
4008 2 2 7 1 3197 7664 3223
4009 2 2 7 1 1966 7919 1569
4010 2 2 7 1 4722 5879 4475
4011 2 2 7 1 6329 6994 2114
4012 2 2 7 1 3071 3073 3072
4013 2 2 7 1 4610 6055 5624
4014 2 2 7 1 4594 4595 3659
4015 2 2 7 1 1502 8014 1503
4016 2 2 7 1 4897 5017 4745
4017 2 2 7 1 1415 1416 1414
4018 2 2 7 1 1417 1418 1416
4019 2 2 7 1 1443 1444 1442
4020 2 2 7 1 4602 5972 4603
4021 2 2 7 1 1643 1644 1641
4022 2 2 7 1 1527 1539 1538
4023 2 2 7 1 3104 3110 3105
4024 2 2 7 1 3986 7149 3983
4025 2 2 7 1 4600 5675 4993
4026 2 2 7 1 4777 5907 3540
4027 2 2 7 1 2973 3387 2972
4028 2 2 7 1 1759 1760 1758
4029 2 2 7 1 3566 3568 3564
4030 2 2 7 1 4850 5037 4851
4031 2 2 7 1 3911 5133 4154
4032 2 2 7 1 3164 6091 5805
4033 2 2 7 1 4662 7093 6777
4034 2 2 7 1 3754 5691 5686
4035 2 2 7 1 1266 2105 1383
4036 2 2 7 1 3606 7328 4567
4037 2 2 7 1 2024 2025 2023
4038 2 2 7 1 1809 6877 6345
4039 2 2 7 1 3323 3326 3322
4040 2 2 7 1 1585 1955 1591
4041 2 2 7 1 1466 7691 1464
4042 2 2 7 1 4201 7694 5593
4043 2 2 7 1 1107 7625 5489
4044 2 2 7 1 3125 5610 5609
4045 2 2 7 1 1943 7350 7047
4046 2 2 7 1 3073 3075 3074
4047 2 2 7 1 2540 7137 2539
4048 2 2 7 1 5668 5976 3088
4049 2 2 7 1 3249 3250 3248
4050 2 2 7 1 6764 7804 4215
4051 2 2 7 1 4549 5765 5738
4052 2 2 7 1 4991 6761 3904
4053 2 2 7 1 1419 1420 1418
4054 2 2 7 1 1769 7174 1797
4055 2 2 7 1 1619 1620 1617
4056 2 2 7 1 6333 8012 6334
4057 2 2 7 1 3943 6609 3949
4058 2 2 7 1 4081 4134 4083
4059 2 2 7 1 6109 7366 5071
4060 2 2 7 1 4149 7039 3713
4061 2 2 7 1 2840 5874 2487
4062 2 2 7 1 3036 3042 3041
4063 2 2 7 1 3627 7873 3624
4064 2 2 7 1 3563 7187 3480
4065 2 2 7 1 4922 6135 6080
4066 2 2 7 1 1693 7679 1523
4067 2 2 7 1 1275 1277 1276
4068 2 2 7 1 3517 3585 3515
4069 2 2 7 1 6129 7133 5110
4070 2 2 7 1 3075 3130 3076
4071 2 2 7 1 4883 6471 5114
4072 2 2 7 1 3251 3252 3250
4073 2 2 7 1 5653 7532 6741
4074 2 2 7 1 3008 3013 3009
4075 2 2 7 1 2573 2574 2572
4076 2 2 7 1 1769 1797 1768
4077 2 2 7 1 1079 6775 2222
4078 2 2 7 1 4123 4187 4118
4079 2 2 7 1 2160 7387 2067
4080 2 2 7 1 4863 5706 4559
4081 2 2 7 1 955 7117 6878
4082 2 2 7 1 4843 6804 6431
4083 2 2 7 1 6605 7155 3244
4084 2 2 7 1 4773 5822 4774
4085 2 2 7 1 4800 6600 4801
4086 2 2 7 1 1539 1541 1540
4087 2 2 7 1 1597 7940 1599
4088 2 2 7 1 3253 3254 3252
4089 2 2 7 1 5850 5851 1340
4090 2 2 7 1 4118 7588 5578
4091 2 2 7 1 1586 1588 1584
4092 2 2 7 1 1599 7850 1553
4093 2 2 7 1 1764 7341 1957
4094 2 2 7 1 4688 7169 4870
4095 2 2 7 1 1399 6889 5756
4096 2 2 7 1 1421 1422 1420
4097 2 2 7 1 4595 5594 4842
4098 2 2 7 1 7162 7990 3430
4099 2 2 7 1 5048 6810 4338
4100 2 2 7 1 2469 7275 4818
4101 2 2 7 1 4744 7890 3293
4102 2 2 7 1 4503 4733 4732
4103 2 2 7 1 1995 7211 1699
4104 2 2 7 1 3255 3256 3254
4105 2 2 7 1 1098 6552 1100
4106 2 2 7 1 6073 6242 6241
4107 2 2 7 1 3110 3116 3111
4108 2 2 7 1 5724 7960 3773
4109 2 2 7 1 1711 1713 1712
4110 2 2 7 1 4436 4439 4124
4111 2 2 7 1 1720 2155 1701
4112 2 2 7 1 5788 7939 3712
4113 2 2 7 1 4680 6988 3649
4114 2 2 7 1 1412 6945 5114
4115 2 2 7 1 3894 7918 6342
4116 2 2 7 1 2938 6165 5065
4117 2 2 7 1 3257 3258 3256
4118 2 2 7 1 4053 4092 4087
4119 2 2 7 1 1991 6796 1990
4120 2 2 7 1 2107 7590 1969
4121 2 2 7 1 4258 7570 6887
4122 2 2 7 1 3259 3260 3258
4123 2 2 7 1 1569 1571 1570
4124 2 2 7 1 1407 1408 1406
4125 2 2 7 1 5488 7431 1213
4126 2 2 7 1 3346 5829 3344
4127 2 2 7 1 1423 1424 1422
4128 2 2 7 1 6213 6224 2106
4129 2 2 7 1 1721 1768 1720
4130 2 2 7 1 4688 5638 4689
4131 2 2 7 1 1557 7227 1589
4132 2 2 7 1 3547 7447 3548
4133 2 2 7 1 3261 3262 3260
4134 2 2 7 1 1277 1279 1278
4135 2 2 7 1 1868 5823 1924
4136 2 2 7 1 5071 7084 3173
4137 2 2 7 1 1904 7021 1903
4138 2 2 7 1 1461 1462 1460
4139 2 2 7 1 4845 6982 4846
4140 2 2 7 1 3980 7108 3978
4141 2 2 7 1 3263 3265 3262
4142 2 2 7 1 4721 7176 6450
4143 2 2 7 1 2040 7710 1389
4144 2 2 7 1 5645 7954 4194
4145 2 2 7 1 1722 5820 2128
4146 2 2 7 1 1760 7111 2091
4147 2 2 7 1 5009 6418 3375
4148 2 2 7 1 1575 1577 1576
4149 2 2 7 1 4493 5662 4813
4150 2 2 7 1 4509 5672 4512
4151 2 2 7 1 1698 1699 1697
4152 2 2 7 1 5578 6423 4272
4153 2 2 7 1 4808 7930 4807
4154 2 2 7 1 1398 6859 5261
4155 2 2 7 1 2103 6260 1057
4156 2 2 7 1 693 2069 692
4157 2 2 7 1 4061 4099 4056
4158 2 2 7 1 3266 3267 3265
4159 2 2 7 1 6418 7448 3375
4160 2 2 7 1 1425 1426 1424
4161 2 2 7 1 2944 7893 2941
4162 2 2 7 1 3184 6731 3104
4163 2 2 7 1 4519 5034 5011
4164 2 2 7 1 4855 7264 4854
4165 2 2 7 1 4964 6610 4965
4166 2 2 7 1 1798 5794 2053
4167 2 2 7 1 1713 1716 1714
4168 2 2 7 1 6935 7151 3248
4169 2 2 7 1 4154 4432 4155
4170 2 2 7 1 3612 7330 3660
4171 2 2 7 1 6765 7040 4257
4172 2 2 7 1 6770 7611 2223
4173 2 2 7 1 1383 5817 1268
4174 2 2 7 1 2225 6206 1324
4175 2 2 7 1 2651 2652 2650
4176 2 2 7 1 2001 7852 1225
4177 2 2 7 1 3016 6103 5680
4178 2 2 7 1 1562 7793 1536
4179 2 2 7 1 4686 6484 6417
4180 2 2 7 1 1362 1709 1297
4181 2 2 7 1 3999 4002 4001
4182 2 2 7 1 2589 7114 5691
4183 2 2 7 1 1702 1720 1701
4184 2 2 7 1 3698 3700 3699
4185 2 2 7 1 6364 6583 1818
4186 2 2 7 1 3313 7767 3308
4187 2 2 7 1 4188 4692 4187
4188 2 2 7 1 1573 1575 1574
4189 2 2 7 1 1485 7977 1514
4190 2 2 7 1 3548 6784 3534
4191 2 2 7 1 1427 1428 1426
4192 2 2 7 1 4653 7061 4287
4193 2 2 7 1 2913 6985 6696
4194 2 2 7 1 5228 6793 1179
4195 2 2 7 1 5335 6526 5336
4196 2 2 7 1 1396 7322 4834
4197 2 2 7 1 1792 2043 1784
4198 2 2 7 1 1068 7748 7224
4199 2 2 7 1 3743 7876 3745
4200 2 2 7 1 2094 7974 6538
4201 2 2 7 1 5101 7705 3162
4202 2 2 7 1 6002 6492 4677
4203 2 2 7 1 3335 3336 3333
4204 2 2 7 1 2576 5614 4008
4205 2 2 7 1 5921 7340 4987
4206 2 2 7 1 4787 6943 4609
4207 2 2 7 1 1766 6501 1539
4208 2 2 7 1 3609 7328 3606
4209 2 2 7 1 2155 7066 1701
4210 2 2 7 1 5610 7188 5609
4211 2 2 7 1 6170 6432 2156
4212 2 2 7 1 1911 7288 1953
4213 2 2 7 1 4373 6870 4832
4214 2 2 7 1 3480 7795 3478
4215 2 2 7 1 1571 1573 1572
4216 2 2 7 1 1805 6884 6514
4217 2 2 7 1 2528 4857 2519
4218 2 2 7 1 3919 5601 5075
4219 2 2 7 1 1404 6551 2197
4220 2 2 7 1 2576 4008 2568
4221 2 2 7 1 7055 7056 6469
4222 2 2 7 1 2525 5795 2523
4223 2 2 7 1 1429 1430 1428
4224 2 2 7 1 4008 6803 2558
4225 2 2 7 1 3292 3293 3290
4226 2 2 7 1 1700 1701 1699
4227 2 2 7 1 1768 2183 1720
4228 2 2 7 1 3326 6700 3322
4229 2 2 7 1 3116 7345 3118
4230 2 2 7 1 3457 5606 3969
4231 2 2 7 1 6397 7974 2094
4232 2 2 7 1 1552 1553 1549
4233 2 2 7 1 1677 1678 1598
4234 2 2 7 1 3333 5077 3331
4235 2 2 7 1 3770 5812 3027
4236 2 2 7 1 2123 7914 1376
4237 2 2 7 1 5084 6620 2989
4238 2 2 7 1 2194 5626 1927
4239 2 2 7 1 2572 7420 2570
4240 2 2 7 1 1954 6317 2048
4241 2 2 7 1 2952 2953 2950
4242 2 2 7 1 2791 5581 2737
4243 2 2 7 1 1431 1432 1430
4244 2 2 7 1 3051 7373 3053
4245 2 2 7 1 6415 7418 6416
4246 2 2 7 1 6868 6875 5063
4247 2 2 7 1 2478 5783 2475
4248 2 2 7 1 4941 6258 4979
4249 2 2 7 1 1814 6536 2010
4250 2 2 7 1 1621 6405 2099
4251 2 2 7 1 3475 3476 3473
4252 2 2 7 1 3042 3044 3043
4253 2 2 7 1 1213 6967 5488
4254 2 2 7 1 6269 6670 1071
4255 2 2 7 1 3446 3447 3445
4256 2 2 7 1 1498 7977 1485
4257 2 2 7 1 4880 6741 1210
4258 2 2 7 1 3075 6641 3130
4259 2 2 7 1 1487 7674 1456
4260 2 2 7 1 2015 7857 2017
4261 2 2 7 1 5919 7213 4221
4262 2 2 7 1 2133 7966 1936
4263 2 2 7 1 1556 1557 1501
4264 2 2 7 1 2482 5006 2835
4265 2 2 7 1 2031 2075 2035
4266 2 2 7 1 1283 7722 1377
4267 2 2 7 1 1631 1633 1632
4268 2 2 7 1 2100 2134 1674
4269 2 2 7 1 3466 6332 3411
4270 2 2 7 1 3331 3366 3330
4271 2 2 7 1 1907 7722 1283
4272 2 2 7 1 2200 7599 1194
4273 2 2 7 1 5840 7476 5712
4274 2 2 7 1 2456 2457 2455
4275 2 2 7 1 1433 1434 1432
4276 2 2 7 1 3959 3960 3958
4277 2 2 7 1 2512 2513 2511
4278 2 2 7 1 5777 5805 3163
4279 2 2 7 1 1713 6393 2098
4280 2 2 7 1 2456 2458 2457
4281 2 2 7 1 1381 3376 1138
4282 2 2 7 1 4567 4711 4710
4283 2 2 7 1 1459 1460 1458
4284 2 2 7 1 5135 7336 4426
4285 2 2 7 1 1198 7066 2155
4286 2 2 7 1 4916 4917 4227
4287 2 2 7 1 5103 7359 3200
4288 2 2 7 1 2170 6928 1878
4289 2 2 7 1 2213 6377 1054
4290 2 2 7 1 4206 6588 6587
4291 2 2 7 1 4259 7056 7055
4292 2 2 7 1 1457 1458 1456
4293 2 2 7 1 3424 4819 3572
4294 2 2 7 1 3553 6474 4778
4295 2 2 7 1 3608 3610 3609
4296 2 2 7 1 5116 6637 4019
4297 2 2 7 1 3678 4462 4461
4298 2 2 7 1 2996 5868 2991
4299 2 2 7 1 3044 3051 3045
4300 2 2 7 1 2654 6956 5696
4301 2 2 7 1 5007 7610 3954
4302 2 2 7 1 4841 6428 4225
4303 2 2 7 1 3976 6667 5050
4304 2 2 7 1 6146 7554 1948
4305 2 2 7 1 5077 6776 5584
4306 2 2 7 1 3992 6883 3986
4307 2 2 7 1 1409 1410 1408
4308 2 2 7 1 4927 7800 6730
4309 2 2 7 1 1797 2213 1768
4310 2 2 7 1 2527 7867 2525
4311 2 2 7 1 4420 7407 4884
4312 2 2 7 1 6669 7880 1894
4313 2 2 7 1 2557 2558 2556
4314 2 2 7 1 1680 2071 1969
4315 2 2 7 1 1340 6301 5850
4316 2 2 7 1 3109 7741 7641
4317 2 2 7 1 4849 7895 4848
4318 2 2 7 1 2050 7730 2051
4319 2 2 7 1 3183 7647 6342
4320 2 2 7 1 5704 7666 4706
4321 2 2 7 1 3977 3978 3976
4322 2 2 7 1 6010 7473 4957
4323 2 2 7 1 1284 1285 1283
4324 2 2 7 1 6783 7317 2078
4325 2 2 7 1 3560 5878 5626
4326 2 2 7 1 5004 7767 3407
4327 2 2 7 1 4268 7044 4368
4328 2 2 7 1 3116 3118 3117
4329 2 2 7 1 2967 2971 2970
4330 2 2 7 1 3487 3495 3494
4331 2 2 7 1 4559 6831 4793
4332 2 2 7 1 6334 7304 4332
4333 2 2 7 1 1300 5913 5893
4334 2 2 7 1 2134 7454 1674
4335 2 2 7 1 1967 2050 1697
4336 2 2 7 1 3051 3053 3052
4337 2 2 7 1 5684 5685 4894
4338 2 2 7 1 3237 5698 3229
4339 2 2 7 1 1630 7978 1908
4340 2 2 7 1 4111 5697 2829
4341 2 2 7 1 2513 7061 2511
4342 2 2 7 1 4201 6885 5693
4343 2 2 7 1 4619 4620 4484
4344 2 2 7 1 3532 6646 3573
4345 2 2 7 1 1096 7211 6373
4346 2 2 7 1 2520 2522 2521
4347 2 2 7 1 6046 7379 3153
4348 2 2 7 1 2151 6411 6410
4349 2 2 7 1 2581 2583 2582
4350 2 2 7 1 1732 1997 1996
4351 2 2 7 1 3671 3672 3670
4352 2 2 7 1 6490 6853 1214
4353 2 2 7 1 2530 2532 2531
4354 2 2 7 1 5860 5861 1771
4355 2 2 7 1 1217 5869 5743
4356 2 2 7 1 4423 5135 4426
4357 2 2 7 1 3387 7981 2972
4358 2 2 7 1 5593 6885 4201
4359 2 2 7 1 1371 2202 2201
4360 2 2 7 1 6261 6550 1159
4361 2 2 7 1 2210 7885 2149
4362 2 2 7 1 5933 5951 3084
4363 2 2 7 1 2955 7853 2953
4364 2 2 7 1 1440 7703 1473
4365 2 2 7 1 5757 6740 4404
4366 2 2 7 1 2029 2037 2036
4367 2 2 7 1 2507 2510 2509
4368 2 2 7 1 2586 4869 2580
4369 2 2 7 1 4759 5929 5787
4370 2 2 7 1 4786 6729 3567
4371 2 2 7 1 4613 5700 3677
4372 2 2 7 1 3298 6584 3297
4373 2 2 7 1 1170 1882 1172
4374 2 2 7 1 5851 6636 6321
4375 2 2 7 1 4683 6288 5410
4376 2 2 7 1 3345 3346 3344
4377 2 2 7 1 3053 3063 3054
4378 2 2 7 1 2010 7889 2096
4379 2 2 7 1 3700 6777 3701
4380 2 2 7 1 5630 7128 4924
4381 2 2 7 1 3377 6862 5768
4382 2 2 7 1 4870 7223 4688
4383 2 2 7 1 5117 6637 5116
4384 2 2 7 1 3093 7921 4127
4385 2 2 7 1 2188 6656 6197
4386 2 2 7 1 1372 6728 1287
4387 2 2 7 1 3091 7921 3093
4388 2 2 7 1 4466 5657 4465
4389 2 2 7 1 3025 5802 3014
4390 2 2 7 1 2579 6833 5697
4391 2 2 7 1 1877 6739 5793
4392 2 2 7 1 5851 6321 6297
4393 2 2 7 1 4134 4564 4135
4394 2 2 7 1 1633 1706 1705
4395 2 2 7 1 5881 6403 4756
4396 2 2 7 1 3435 3915 3401
4397 2 2 7 1 4469 6504 5014
4398 2 2 7 1 6531 7287 2085
4399 2 2 7 1 2980 5049 4828
4400 2 2 7 1 6836 7023 3219
4401 2 2 7 1 2175 6717 1069
4402 2 2 7 1 3766 4638 3585
4403 2 2 7 1 6337 6599 1958
4404 2 2 7 1 7585 7958 1997
4405 2 2 7 1 1447 1448 1445
4406 2 2 7 1 1987 6281 1719
4407 2 2 7 1 4816 6937 4633
4408 2 2 7 1 1374 7454 2134
4409 2 2 7 1 5028 5693 3378
4410 2 2 7 1 4638 6962 3585
4411 2 2 7 1 4652 6853 6490
4412 2 2 7 1 1578 1581 1580
4413 2 2 7 1 3942 7639 3940
4414 2 2 7 1 1964 6751 1921
4415 2 2 7 1 3940 4909 1741
4416 2 2 7 1 3352 5593 3380
4417 2 2 7 1 5218 6389 5707
4418 2 2 7 1 4904 7234 4903
4419 2 2 7 1 4666 5597 4667
4420 2 2 7 1 1706 1854 1853
4421 2 2 7 1 1799 7646 2220
4422 2 2 7 1 4227 4229 4228
4423 2 2 7 1 1985 2140 1764
4424 2 2 7 1 1728 1729 1620
4425 2 2 7 1 6323 7769 1347
4426 2 2 7 1 4269 6533 4270
4427 2 2 7 1 3741 4454 3621
4428 2 2 7 1 2937 5776 778
4429 2 2 7 1 4767 5058 4883
4430 2 2 7 1 1500 6554 1636
4431 2 2 7 1 4002 4217 4216
4432 2 2 7 1 5859 6812 2934
4433 2 2 7 1 5069 5595 5068
4434 2 2 7 1 4019 7210 5116
4435 2 2 7 1 4113 4272 4111
4436 2 2 7 1 1854 1856 1855
4437 2 2 7 1 3573 7190 3530
4438 2 2 7 1 1743 7977 1498
4439 2 2 7 1 1745 2068 2066
4440 2 2 7 1 1260 2173 1390
4441 2 2 7 1 3662 5581 2791
4442 2 2 7 1 1957 1958 1876
4443 2 2 7 1 2068 7922 2066
4444 2 2 7 1 1603 1605 1604
4445 2 2 7 1 6286 6289 4822
4446 2 2 7 1 6436 7559 1973
4447 2 2 7 1 3928 7659 3950
4448 2 2 7 1 4343 4446 4444
4449 2 2 7 1 4642 5627 4766
4450 2 2 7 1 3226 5828 3218
4451 2 2 7 1 1968 7411 1824
4452 2 2 7 1 1564 5871 1745
4453 2 2 7 1 1856 1858 1857
4454 2 2 7 1 1264 7747 1266
4455 2 2 7 1 2229 6352 5761
4456 2 2 7 1 4395 4396 4393
4457 2 2 7 1 3690 7657 3693
4458 2 2 7 1 6177 7658 1708
4459 2 2 7 1 1568 8014 5883
4460 2 2 7 1 3013 3018 3014
4461 2 2 7 1 4185 5126 5125
4462 2 2 7 1 3482 6476 5684
4463 2 2 7 1 1969 6799 2038
4464 2 2 7 1 3081 3089 3083
4465 2 2 7 1 5038 5810 5809
4466 2 2 7 1 5006 5874 4004
4467 2 2 7 1 3430 7163 7162
4468 2 2 7 1 2459 5081 2458
4469 2 2 7 1 5008 5780 4095
4470 2 2 7 1 6826 6827 1272
4471 2 2 7 1 1372 6411 2151
4472 2 2 7 1 4858 7780 7172
4473 2 2 7 1 1583 2148 2088
4474 2 2 7 1 3372 6575 3358
4475 2 2 7 1 5754 7431 4681
4476 2 2 7 1 303 2074 1083
4477 2 2 7 1 1858 1860 1859
4478 2 2 7 1 5057 7145 2922
4479 2 2 7 1 5024 6644 4439
4480 2 2 7 1 3270 3271 3268
4481 2 2 7 1 4343 5004 4446
4482 2 2 7 1 1923 6950 1971
4483 2 2 7 1 1588 2148 1584
4484 2 2 7 1 6379 7174 1716
4485 2 2 7 1 1452 7409 1450
4486 2 2 7 1 3248 7151 3246
4487 2 2 7 1 4176 7557 5795
4488 2 2 7 1 1860 1862 1861
4489 2 2 7 1 4193 7155 6605
4490 2 2 7 1 5676 7220 5005
4491 2 2 7 1 1569 7919 1722
4492 2 2 7 1 3227 6569 3236
4493 2 2 7 1 1978 6495 1677
4494 2 2 7 1 3264 7436 6905
4495 2 2 7 1 1862 1864 1863
4496 2 2 7 1 1865 6208 2187
4497 2 2 7 1 4821 6483 5824
4498 2 2 7 1 4365 6144 5018
4499 2 2 7 1 3442 7954 3440
4500 2 2 7 1 1369 7797 6426
4501 2 2 7 1 6199 6201 6200
4502 2 2 7 1 4620 5110 5108
4503 2 2 7 1 5624 7162 4610
4504 2 2 7 1 3528 4777 3540
4505 2 2 7 1 2741 7098 5723
4506 2 2 7 1 3727 6544 4534
4507 2 2 7 1 2968 5870 2963
4508 2 2 7 1 1325 7558 2169
4509 2 2 7 1 3271 7866 3268
4510 2 2 7 1 2499 2500 2498
4511 2 2 7 1 4653 7250 7061
4512 2 2 7 1 1864 1867 1866
4513 2 2 7 1 3209 7932 5994
4514 2 2 7 1 1432 6851 1488
4515 2 2 7 1 2569 2571 2570
4516 2 2 7 1 5054 5097 2747
4517 2 2 7 1 3246 7151 6871
4518 2 2 7 1 1967 7211 6372
4519 2 2 7 1 1058 7592 2110
4520 2 2 7 1 6323 6324 2196
4521 2 2 7 1 1573 7296 1575
4522 2 2 7 1 7049 7449 3553
4523 2 2 7 1 3579 6908 5641
4524 2 2 7 1 4925 5663 4333
4525 2 2 7 1 2199 6015 1309
4526 2 2 7 1 3320 7953 3318
4527 2 2 7 1 2576 6973 5614
4528 2 2 7 1 5993 7748 1068
4529 2 2 7 1 1821 6328 1880
4530 2 2 7 1 3077 7976 5980
4531 2 2 7 1 4268 4368 4271
4532 2 2 7 1 7659 7687 3950
4533 2 2 7 1 5212 5832 5211
4534 2 2 7 1 4873 5644 3529
4535 2 2 7 1 5719 5768 4753
4536 2 2 7 1 2076 2078 2077
4537 2 2 7 1 3181 7074 6231
4538 2 2 7 1 1541 1543 1542
4539 2 2 7 1 6366 7432 7081
4540 2 2 7 1 4991 5635 4989
4541 2 2 7 1 1888 2166 2165
4542 2 2 7 1 1728 7094 1729
4543 2 2 7 1 2218 7885 2210
4544 2 2 7 1 1741 7991 1742
4545 2 2 7 1 4596 6932 5052
4546 2 2 7 1 4747 6672 4452
4547 2 2 7 1 1370 7747 1264
4548 2 2 7 1 2021 2023 2020
4549 2 2 7 1 4505 4506 4504
4550 2 2 7 1 1954 2048 1691
4551 2 2 7 1 5940 5941 5913
4552 2 2 7 1 6295 6330 2091
4553 2 2 7 1 2646 2649 2648
4554 2 2 7 1 1635 7440 1719
4555 2 2 7 1 6150 7637 3281
4556 2 2 7 1 4593 7231 5683
4557 2 2 7 1 6156 6560 4634
4558 2 2 7 1 4217 4282 4281
4559 2 2 7 1 6015 7515 1048
4560 2 2 7 1 1113 7441 5336
4561 2 2 7 1 1363 7945 6974
4562 2 2 7 1 1271 1272 1270
4563 2 2 7 1 1703 2161 1961
4564 2 2 7 1 3524 3529 3528
4565 2 2 7 1 5058 7620 5675
4566 2 2 7 1 5328 5654 4840
4567 2 2 7 1 1172 1262 1174
4568 2 2 7 1 3604 3606 3605
4569 2 2 7 1 4272 5697 4111
4570 2 2 7 1 4523 7331 5963
4571 2 2 7 1 3275 7939 3273
4572 2 2 7 1 4944 7932 4945
4573 2 2 7 1 4723 4981 4722
4574 2 2 7 1 1578 7842 1581
4575 2 2 7 1 6480 7339 1360
4576 2 2 7 1 4286 6659 6505
4577 2 2 7 1 4832 7478 4980
4578 2 2 7 1 1865 8019 6208
4579 2 2 7 1 3549 7449 3913
4580 2 2 7 1 1605 1725 1724
4581 2 2 7 1 3449 4625 4623
4582 2 2 7 1 3287 7960 3279
4583 2 2 7 1 5051 7169 3971
4584 2 2 7 1 3408 3419 3418
4585 2 2 7 1 6870 7478 4832
4586 2 2 7 1 6642 7239 6450
4587 2 2 7 1 1273 1274 1272
4588 2 2 7 1 3133 7921 3091
4589 2 2 7 1 3649 6988 3647
4590 2 2 7 1 1437 1438 1435
4591 2 2 7 1 4705 6523 5704
4592 2 2 7 1 3729 7980 3739
4593 2 2 7 1 5714 7188 4726
4594 2 2 7 1 4140 4959 4797
4595 2 2 7 1 5102 5802 3025
4596 2 2 7 1 3018 3020 3019
4597 2 2 7 1 4326 7115 5691
4598 2 2 7 1 6696 6985 4792
4599 2 2 7 1 4117 4118 4115
4600 2 2 7 1 1069 6047 2175
4601 2 2 7 1 3696 3697 3694
4602 2 2 7 1 4229 4231 4230
4603 2 2 7 1 4891 5791 4888
4604 2 2 7 1 4172 5079 4949
4605 2 2 7 1 2490 2491 2489
4606 2 2 7 1 3217 4252 3231
4607 2 2 7 1 3739 7001 3871
4608 2 2 7 1 7160 7167 5582
4609 2 2 7 1 5646 5732 3134
4610 2 2 7 1 5627 7662 4766
4611 2 2 7 1 1192 6647 2112
4612 2 2 7 1 2572 6593 4892
4613 2 2 7 1 2566 7975 4210
4614 2 2 7 1 2121 5861 5860
4615 2 2 7 1 1503 1567 1566
4616 2 2 7 1 1413 1414 1411
4617 2 2 7 1 1389 7228 2040
4618 2 2 7 1 2997 2998 2996
4619 2 2 7 1 3435 7524 4902
4620 2 2 7 1 2004 6346 1985
4621 2 2 7 1 4769 7331 2939
4622 2 2 7 1 3329 3330 3327
4623 2 2 7 1 4336 7654 6580
4624 2 2 7 1 5704 5705 4863
4625 2 2 7 1 566 5970 3144
4626 2 2 7 1 6545 7607 1134
4627 2 2 7 1 1932 5827 2038
4628 2 2 7 1 4801 6562 4820
4629 2 2 7 1 3058 5984 5718
4630 2 2 7 1 1715 6538 2090
4631 2 2 7 1 3450 3452 3451
4632 2 2 7 1 4423 4426 4425
4633 2 2 7 1 6514 6827 1805
4634 2 2 7 1 4837 7324 4800
4635 2 2 7 1 1442 7263 1440
4636 2 2 7 1 4460 7600 3669
4637 2 2 7 1 1401 5737 5545
4638 2 2 7 1 1145 5816 2208
4639 2 2 7 1 6946 7153 3330
4640 2 2 7 1 6537 7607 2072
4641 2 2 7 1 4503 4504 4502
4642 2 2 7 1 5794 6430 1463
4643 2 2 7 1 3448 3467 3447
4644 2 2 7 1 1666 1801 1668
4645 2 2 7 1 5002 7370 4136
4646 2 2 7 1 3640 3641 3639
4647 2 2 7 1 4843 6901 4663
4648 2 2 7 1 7208 7304 6334
4649 2 2 7 1 2508 7400 2505
4650 2 2 7 1 4424 7336 5135
4651 2 2 7 1 4061 4100 4099
4652 2 2 7 1 3735 5136 4400
4653 2 2 7 1 4081 7385 4134
4654 2 2 7 1 4102 7269 4101
4655 2 2 7 1 7195 7746 1822
4656 2 2 7 1 2076 7062 2078
4657 2 2 7 1 4282 4284 4283
4658 2 2 7 1 2063 7566 2064
4659 2 2 7 1 5756 6835 1109
4660 2 2 7 1 2052 7967 1434
4661 2 2 7 1 3529 4958 4777
4662 2 2 7 1 1197 6365 648
4663 2 2 7 1 3949 3957 3956
4664 2 2 7 1 4231 4233 4232
4665 2 2 7 1 4861 6718 4463
4666 2 2 7 1 6673 6855 4881
4667 2 2 7 1 4412 7016 6627
4668 2 2 7 1 3238 5868 2996
4669 2 2 7 1 4829 5854 4604
4670 2 2 7 1 2057 7174 1769
4671 2 2 7 1 2153 6577 1357
4672 2 2 7 1 4940 7380 3463
4673 2 2 7 1 5818 5840 5712
4674 2 2 7 1 1179 6793 6502
4675 2 2 7 1 6822 6823 1726
4676 2 2 7 1 4999 7993 4045
4677 2 2 7 1 2542 2544 2543
4678 2 2 7 1 6526 6857 5336
4679 2 2 7 1 2063 2064 1682
4680 2 2 7 1 3378 6885 3354
4681 2 2 7 1 6817 6926 2789
4682 2 2 7 1 1294 2006 2003
4683 2 2 7 1 1116 7761 4856
4684 2 2 7 1 1080 6166 2211
4685 2 2 7 1 1527 6488 1766
4686 2 2 7 1 1225 7852 1141
4687 2 2 7 1 4093 5780 5779
4688 2 2 7 1 6706 7545 1949
4689 2 2 7 1 2143 6675 1086
4690 2 2 7 1 5061 7238 4408
4691 2 2 7 1 4457 7146 5774
4692 2 2 7 1 3097 7894 6719
4693 2 2 7 1 4692 6506 4187
4694 2 2 7 1 4508 6543 5672
4695 2 2 7 1 3985 3986 3983
4696 2 2 7 1 1499 1608 1607
4697 2 2 7 1 3721 3733 3732
4698 2 2 7 1 6023 7482 5861
4699 2 2 7 1 4455 4530 4454
4700 2 2 7 1 2956 2957 2955
4701 2 2 7 1 4666 4667 4181
4702 2 2 7 1 4944 7346 6018
4703 2 2 7 1 2033 7123 2017
4704 2 2 7 1 6424 6893 1593
4705 2 2 7 1 1956 2115 2114
4706 2 2 7 1 4627 6689 6340
4707 2 2 7 1 2828 6895 4836
4708 2 2 7 1 1612 1917 1916
4709 2 2 7 1 3926 4915 4644
4710 2 2 7 1 3100 5708 5661
4711 2 2 7 1 4892 7420 2572
4712 2 2 7 1 3969 7729 4789
4713 2 2 7 1 5336 6857 1113
4714 2 2 7 1 6719 7894 6718
4715 2 2 7 1 4668 4669 4530
4716 2 2 7 1 3969 4789 3991
4717 2 2 7 1 2470 2471 2467
4718 2 2 7 1 4553 4558 4557
4719 2 2 7 1 2008 6752 1623
4720 2 2 7 1 4904 7785 6099
4721 2 2 7 1 1753 1755 1754
4722 2 2 7 1 3905 6786 6618
4723 2 2 7 1 2929 5999 5667
4724 2 2 7 1 1999 2179 1804
4725 2 2 7 1 3121 3123 3122
4726 2 2 7 1 3484 3485 3483
4727 2 2 7 1 1971 7556 1864
4728 2 2 7 1 3602 3604 3603
4729 2 2 7 1 4950 7289 7253
4730 2 2 7 1 1728 7363 2159
4731 2 2 7 1 1997 7958 1996
4732 2 2 7 1 5021 5676 2566
4733 2 2 7 1 5729 7079 4867
4734 2 2 7 1 1220 7377 4799
4735 2 2 7 1 1691 7376 1973
4736 2 2 7 1 4233 4235 4234
4737 2 2 7 1 4124 5803 5102
4738 2 2 7 1 3183 6341 3121
4739 2 2 7 1 1660 7243 2105
4740 2 2 7 1 3349 3350 3346
4741 2 2 7 1 3499 3500 3498
4742 2 2 7 1 3432 3556 3393
4743 2 2 7 1 692 2069 1094
4744 2 2 7 1 2735 5696 2899
4745 2 2 7 1 5684 7690 3482
4746 2 2 7 1 5880 6293 1946
4747 2 2 7 1 4130 6811 6571
4748 2 2 7 1 4549 7693 5765
4749 2 2 7 1 4742 7458 4815
4750 2 2 7 1 2102 6038 1825
4751 2 2 7 1 3642 3643 3641
4752 2 2 7 1 3199 6258 6123
4753 2 2 7 1 1636 2004 1985
4754 2 2 7 1 4745 5600 3459
4755 2 2 7 1 5133 7774 2562
4756 2 2 7 1 2106 6214 6213
4757 2 2 7 1 1679 7877 1530
4758 2 2 7 1 4277 6610 4964
4759 2 2 7 1 5829 7961 3344
4760 2 2 7 1 5020 7652 6668
4761 2 2 7 1 3417 3582 3581
4762 2 2 7 1 6353 7791 7021
4763 2 2 7 1 5674 7393 2679
4764 2 2 7 1 2974 7672 2992
4765 2 2 7 1 3118 3121 3119
4766 2 2 7 1 3250 6935 3248
4767 2 2 7 1 4426 4428 4427
4768 2 2 7 1 3644 3645 3643
4769 2 2 7 1 1753 7883 1755
4770 2 2 7 1 1625 1626 1624
4771 2 2 7 1 5075 5601 4489
4772 2 2 7 1 2747 7643 5053
4773 2 2 7 1 7276 7727 6543
4774 2 2 7 1 2170 2171 2169
4775 2 2 7 1 4011 4148 3627
4776 2 2 7 1 1408 7241 1406
4777 2 2 7 1 5133 5134 4154
4778 2 2 7 1 3685 5075 3686
4779 2 2 7 1 3646 3647 3645
4780 2 2 7 1 2965 5991 5662
4781 2 2 7 1 4733 5677 4732
4782 2 2 7 1 3337 3343 3342
4783 2 2 7 1 1672 1673 1628
4784 2 2 7 1 4743 5624 4742
4785 2 2 7 1 4412 7294 3224
4786 2 2 7 1 2986 2987 2979
4787 2 2 7 1 3351 3352 3350
4788 2 2 7 1 6373 7211 1995
4789 2 2 7 1 4235 4238 4236
4790 2 2 7 1 2133 7563 1905
4791 2 2 7 1 1536 7793 1736
4792 2 2 7 1 4303 5444 5082
4793 2 2 7 1 3648 3649 3647
4794 2 2 7 1 2481 2482 2480
4795 2 2 7 1 3511 3513 3512
4796 2 2 7 1 7177 7178 4490
4797 2 2 7 1 7593 7891 5122
4798 2 2 7 1 2474 6985 5613
4799 2 2 7 1 6697 7548 1911
4800 2 2 7 1 4798 5022 3951
4801 2 2 7 1 5520 7205 1212
4802 2 2 7 1 2066 2067 1744
4803 2 2 7 1 4907 6825 3662
4804 2 2 7 1 2966 4867 2967
4805 2 2 7 1 4850 4851 3770
4806 2 2 7 1 1961 7529 6248
4807 2 2 7 1 4840 6491 5302
4808 2 2 7 1 3478 7795 3996
4809 2 2 7 1 3650 3651 3649
4810 2 2 7 1 5687 6104 3159
4811 2 2 7 1 7047 7842 1943
4812 2 2 7 1 2637 2638 2585
4813 2 2 7 1 4852 7672 2974
4814 2 2 7 1 5921 6630 2652
4815 2 2 7 1 2136 7179 1980
4816 2 2 7 1 1473 6818 1438
4817 2 2 7 1 5335 5869 1217
4818 2 2 7 1 6463 6666 6462
4819 2 2 7 1 3774 7937 4775
4820 2 2 7 1 2506 4868 2507
4821 2 2 7 1 3652 3653 3651
4822 2 2 7 1 4064 4089 4062
4823 2 2 7 1 1627 1628 1626
4824 2 2 7 1 2536 2537 2535
4825 2 2 7 1 4716 6564 4890
4826 2 2 7 1 3447 7951 3445
4827 2 2 7 1 2093 2094 2059
4828 2 2 7 1 5673 7271 4523
4829 2 2 7 1 1646 7737 1708
4830 2 2 7 1 4635 5094 4795
4831 2 2 7 1 4798 5602 3966
4832 2 2 7 1 3573 6645 6497
4833 2 2 7 1 3654 3655 3653
4834 2 2 7 1 1757 1759 1758
4835 2 2 7 1 4916 7925 4917
4836 2 2 7 1 3647 6988 3900
4837 2 2 7 1 6039 7959 2121
4838 2 2 7 1 1460 7164 1458
4839 2 2 7 1 5424 6490 1214
4840 2 2 7 1 2003 2005 1294
4841 2 2 7 1 2179 7382 1234
4842 2 2 7 1 3473 7284 3472
4843 2 2 7 1 2115 7920 2114
4844 2 2 7 1 3218 5828 3206
4845 2 2 7 1 3656 3657 3655
4846 2 2 7 1 4238 4240 4239
4847 2 2 7 1 5381 5745 1108
4848 2 2 7 1 3537 6963 5589
4849 2 2 7 1 4881 6855 3232
4850 2 2 7 1 2526 2527 2525
4851 2 2 7 1 4782 5609 4428
4852 2 2 7 1 1275 6272 1389
4853 2 2 7 1 4777 7758 5907
4854 2 2 7 1 1469 6676 2045
4855 2 2 7 1 2009 7286 2008
4856 2 2 7 1 3430 7990 4744
4857 2 2 7 1 4945 7845 5882
4858 2 2 7 1 4202 4962 4961
4859 2 2 7 1 2079 7317 2135
4860 2 2 7 1 1575 7296 5852
4861 2 2 7 1 3353 3354 3352
4862 2 2 7 1 4095 5780 4093
4863 2 2 7 1 5725 6028 3004
4864 2 2 7 1 4055 7304 7208
4865 2 2 7 1 1685 2169 1970
4866 2 2 7 1 4389 4391 4390
4867 2 2 7 1 5520 6878 5217
4868 2 2 7 1 1936 7864 2133
4869 2 2 7 1 4252 7192 4975
4870 2 2 7 1 3482 7690 3420
4871 2 2 7 1 5587 5640 5112
4872 2 2 7 1 1386 1387 1385
4873 2 2 7 1 2936 4186 2927
4874 2 2 7 1 2112 7138 6327
4875 2 2 7 1 2161 7397 1334
4876 2 2 7 1 5616 5747 5225
4877 2 2 7 1 5648 5649 4525
4878 2 2 7 1 5130 6201 4353
4879 2 2 7 1 1341 7421 6294
4880 2 2 7 1 1755 7883 2116
4881 2 2 7 1 2459 5082 5080
4882 2 2 7 1 3769 6722 3212
4883 2 2 7 1 1659 1662 1661
4884 2 2 7 1 88 5792 87
4885 2 2 7 1 3933 3935 3934
4886 2 2 7 1 2088 2220 2001
4887 2 2 7 1 1294 2113 2006
4888 2 2 7 1 2853 7012 2726
4889 2 2 7 1 4984 4997 2590
4890 2 2 7 1 4668 5095 4669
4891 2 2 7 1 4240 4242 4241
4892 2 2 7 1 5856 7581 1727
4893 2 2 7 1 2517 5083 2520
4894 2 2 7 1 3379 6989 6626
4895 2 2 7 1 2123 2126 2122
4896 2 2 7 1 3418 7690 4409
4897 2 2 7 1 2144 2200 2104
4898 2 2 7 1 3653 6634 3908
4899 2 2 7 1 1657 1659 1658
4900 2 2 7 1 2134 2135 1374
4901 2 2 7 1 1346 8011 5820
4902 2 2 7 1 4590 6630 5921
4903 2 2 7 1 4446 7272 4447
4904 2 2 7 1 1921 6006 1602
4905 2 2 7 1 2127 6681 1565
4906 2 2 7 1 695 1972 1169
4907 2 2 7 1 4194 7954 3442
4908 2 2 7 1 5262 5796 5263
4909 2 2 7 1 5736 5742 4223
4910 2 2 7 1 6587 7768 6936
4911 2 2 7 1 3421 7953 3320
4912 2 2 7 1 5822 6920 3152
4913 2 2 7 1 1503 8014 1568
4914 2 2 7 1 3686 3690 3689
4915 2 2 7 1 1608 1739 1738
4916 2 2 7 1 1993 6567 1778
4917 2 2 7 1 1378 2186 1282
4918 2 2 7 1 4838 7329 4522
4919 2 2 7 1 5510 6461 4856
4920 2 2 7 1 4433 6762 4827
4921 2 2 7 1 6083 6097 6084
4922 2 2 7 1 1670 1684 1683
4923 2 2 7 1 2151 7083 1372
4924 2 2 7 1 6913 7516 4698
4925 2 2 7 1 6390 6391 4526
4926 2 2 7 1 3414 3416 3415
4927 2 2 7 1 1906 7450 1954
4928 2 2 7 1 5063 7838 5062
4929 2 2 7 1 2558 6803 2556
4930 2 2 7 1 7468 7864 1936
4931 2 2 7 1 7383 7880 1895
4932 2 2 7 1 5090 5141 4478
4933 2 2 7 1 3731 6274 3262
4934 2 2 7 1 2121 7580 6039
4935 2 2 7 1 4909 7991 1741
4936 2 2 7 1 3591 5727 5726
4937 2 2 7 1 3596 3598 3597
4938 2 2 7 1 1942 7842 1578
4939 2 2 7 1 4847 7406 7353
4940 2 2 7 1 3193 3195 3194
4941 2 2 7 1 3773 7960 3287
4942 2 2 7 1 4955 4956 4952
4943 2 2 7 1 5597 5598 4667
4944 2 2 7 1 3712 7939 3275
4945 2 2 7 1 3182 3234 3233
4946 2 2 7 1 870 4728 869
4947 2 2 7 1 4287 7061 4857
4948 2 2 7 1 2457 4976 2455
4949 2 2 7 1 4797 7676 4893
4950 2 2 7 1 6968 7263 1442
4951 2 2 7 1 4242 4245 4243
4952 2 2 7 1 1877 5794 1798
4953 2 2 7 1 3397 7768 7003
4954 2 2 7 1 6548 6970 3561
4955 2 2 7 1 2553 2555 2554
4956 2 2 7 1 305 1937 304
4957 2 2 7 1 4325 4326 3756
4958 2 2 7 1 5620 7520 4423
4959 2 2 7 1 4953 7262 5076
4960 2 2 7 1 3407 7767 3313
4961 2 2 7 1 3123 3128 3124
4962 2 2 7 1 6372 7211 1096
4963 2 2 7 1 4871 7615 4375
4964 2 2 7 1 6989 7961 4507
4965 2 2 7 1 5095 7285 3146
4966 2 2 7 1 7026 7052 5037
4967 2 2 7 1 5087 6153 4855
4968 2 2 7 1 3325 7324 5771
4969 2 2 7 1 4372 4434 4375
4970 2 2 7 1 4518 7371 7261
4971 2 2 7 1 4471 4472 4470
4972 2 2 7 1 2548 2549 2547
4973 2 2 7 1 4985 7423 5726
4974 2 2 7 1 2075 2076 2035
4975 2 2 7 1 4944 4945 4360
4976 2 2 7 1 3355 3356 3354
4977 2 2 7 1 4039 4043 4040
4978 2 2 7 1 3335 3337 3336
4979 2 2 7 1 4368 5007 4369
4980 2 2 7 1 4348 4351 4350
4981 2 2 7 1 3554 7855 5720
4982 2 2 7 1 1929 7616 1678
4983 2 2 7 1 2173 6514 1671
4984 2 2 7 1 4377 7389 4735
4985 2 2 7 1 5082 5444 5080
4986 2 2 7 1 6978 7804 4615
4987 2 2 7 1 6934 7164 1460
4988 2 2 7 1 3301 6798 4261
4989 2 2 7 1 3629 3630 3628
4990 2 2 7 1 3453 3458 3455
4991 2 2 7 1 1501 6409 1454
4992 2 2 7 1 4766 4767 3899
4993 2 2 7 1 6970 7357 5727
4994 2 2 7 1 1894 7880 1782
4995 2 2 7 1 1286 1287 1285
4996 2 2 7 1 6231 7074 4983
4997 2 2 7 1 4713 4779 4778
4998 2 2 7 1 3399 5772 3687
4999 2 2 7 1 4462 4464 4463
5000 2 2 7 1 7750 7780 4858
5001 2 2 7 1 3677 7826 3673
5002 2 2 7 1 4949 7253 4172
5003 2 2 7 1 4497 4498 4496
5004 2 2 7 1 4754 6862 6358
5005 2 2 7 1 1577 1942 1578
5006 2 2 7 1 3040 6511 6510
5007 2 2 7 1 1322 6632 6195
5008 2 2 7 1 2680 6695 5583
5009 2 2 7 1 4245 4247 4246
5010 2 2 7 1 5864 7142 3107
5011 2 2 7 1 6419 6421 6420
5012 2 2 7 1 2994 8010 5785
5013 2 2 7 1 3345 6684 3349
5014 2 2 7 1 309 1975 1158
5015 2 2 7 1 2036 7122 2028
5016 2 2 7 1 1112 5747 5616
5017 2 2 7 1 6269 6697 6670
5018 2 2 7 1 4002 7635 4217
5019 2 2 7 1 5667 5999 5976
5020 2 2 7 1 4134 6759 4564
5021 2 2 7 1 5635 5636 5634
5022 2 2 7 1 2840 7804 6978
5023 2 2 7 1 3330 7153 3327
5024 2 2 7 1 5855 8011 6318
5025 2 2 7 1 2474 7112 6985
5026 2 2 7 1 4539 5027 3970
5027 2 2 7 1 4394 6845 4771
5028 2 2 7 1 3457 3969 3968
5029 2 2 7 1 2941 4769 2935
5030 2 2 7 1 4558 4561 4559
5031 2 2 7 1 3563 7734 5952
5032 2 2 7 1 2832 5723 2915
5033 2 2 7 1 4830 7799 4967
5034 2 2 7 1 6030 7015 4431
5035 2 2 7 1 4059 4069 4068
5036 2 2 7 1 3899 4883 3552
5037 2 2 7 1 5805 7148 3164
5038 2 2 7 1 5055 6533 4269
5039 2 2 7 1 3955 6608 4874
5040 2 2 7 1 3924 6677 4915
5041 2 2 7 1 5907 7355 4658
5042 2 2 7 1 2655 7321 2648
5043 2 2 7 1 2046 5883 1874
5044 2 2 7 1 1655 1657 1656
5045 2 2 7 1 2464 2466 2465
5046 2 2 7 1 6610 7692 4965
5047 2 2 7 1 4728 4970 869
5048 2 2 7 1 2495 2497 2496
5049 2 2 7 1 2056 7945 1363
5050 2 2 7 1 5875 7573 4917
5051 2 2 7 1 7000 7378 4990
5052 2 2 7 1 6278 7986 6258
5053 2 2 7 1 4967 7220 4192
5054 2 2 7 1 1469 6949 6676
5055 2 2 7 1 1272 6827 1270
5056 2 2 7 1 3187 3769 3212
5057 2 2 7 1 2647 4486 2643
5058 2 2 7 1 1801 2000 1802
5059 2 2 7 1 5079 7321 2655
5060 2 2 7 1 1243 6874 1335
5061 2 2 7 1 1214 5744 5424
5062 2 2 7 1 4473 4941 4472
5063 2 2 7 1 3594 3596 3595
5064 2 2 7 1 3241 3439 3438
5065 2 2 7 1 1209 6601 5742
5066 2 2 7 1 4247 4250 4249
5067 2 2 7 1 2639 2640 2638
5068 2 2 7 1 1390 6897 2085
5069 2 2 7 1 4044 4128 4047
5070 2 2 7 1 4641 6664 4622
5071 2 2 7 1 2294 5097 2292
5072 2 2 7 1 2747 5097 2294
5073 2 2 7 1 4487 4586 3753
5074 2 2 7 1 1690 6735 1587
5075 2 2 7 1 4804 5650 4411
5076 2 2 7 1 3379 6585 3342
5077 2 2 7 1 4453 7964 3432
5078 2 2 7 1 1732 1733 1731
5079 2 2 7 1 1919 7823 1634
5080 2 2 7 1 6894 6895 2828
5081 2 2 7 1 4328 7046 4859
5082 2 2 7 1 4860 6534 4750
5083 2 2 7 1 6256 7124 3952
5084 2 2 7 1 5695 7841 5649
5085 2 2 7 1 1463 6710 2053
5086 2 2 7 1 1738 2153 2007
5087 2 2 7 1 4106 4600 4599
5088 2 2 7 1 3597 7878 4398
5089 2 2 7 1 5682 7480 6682
5090 2 2 7 1 3533 3534 3532
5091 2 2 7 1 5049 7302 4828
5092 2 2 7 1 1234 7382 6287
5093 2 2 7 1 3388 3389 3387
5094 2 2 7 1 3631 3632 3630
5095 2 2 7 1 2207 7747 1370
5096 2 2 7 1 2322 7860 5100
5097 2 2 7 1 3244 7293 6605
5098 2 2 7 1 4895 7352 4235
5099 2 2 7 1 4158 7300 5105
5100 2 2 7 1 3221 7023 6563
5101 2 2 7 1 4021 6713 6480
5102 2 2 7 1 7020 7409 1452
5103 2 2 7 1 5233 5846 5760
5104 2 2 7 1 3582 3772 3713
5105 2 2 7 1 1792 6581 2043
5106 2 2 7 1 1266 7747 2105
5107 2 2 7 1 2104 7111 1760
5108 2 2 7 1 2124 7486 2125
5109 2 2 7 1 3409 4121 3774
5110 2 2 7 1 4508 4509 4506
5111 2 2 7 1 6203 7074 3181
5112 2 2 7 1 6999 7413 7378
5113 2 2 7 1 4977 5059 4933
5114 2 2 7 1 4876 5582 4153
5115 2 2 7 1 3242 4830 4169
5116 2 2 7 1 1867 7770 2167
5117 2 2 7 1 3027 7915 2992
5118 2 2 7 1 2961 4438 2958
5119 2 2 7 1 3357 3358 3356
5120 2 2 7 1 3683 3684 3682
5121 2 2 7 1 4747 7182 4746
5122 2 2 7 1 6351 6667 3976
5123 2 2 7 1 3513 4873 3524
5124 2 2 7 1 7 1983 1227
5125 2 2 7 1 7142 7143 4542
5126 2 2 7 1 4509 4512 4511
5127 2 2 7 1 1676 1681 1680
5128 2 2 7 1 3633 3634 3632
5129 2 2 7 1 4617 7214 4616
5130 2 2 7 1 5893 5913 1766
5131 2 2 7 1 5583 6695 4131
5132 2 2 7 1 1261 1270 1260
5133 2 2 7 1 3223 6454 3202
5134 2 2 7 1 4279 6838 6546
5135 2 2 7 1 1973 7559 1984
5136 2 2 7 1 1083 6942 5941
5137 2 2 7 1 4364 7035 4795
5138 2 2 7 1 1589 7036 1590
5139 2 2 7 1 5845 6150 3283
5140 2 2 7 1 4088 5663 4925
5141 2 2 7 1 3509 6762 3508
5142 2 2 7 1 4819 7190 5592
5143 2 2 7 1 1483 1497 1485
5144 2 2 7 1 3709 6596 5615
5145 2 2 7 1 3636 3637 3634
5146 2 2 7 1 5080 5081 2459
5147 2 2 7 1 4341 5004 4343
5148 2 2 7 1 7215 7839 3737
5149 2 2 7 1 5036 6716 3523
5150 2 2 7 1 5785 7358 5120
5151 2 2 7 1 3772 4151 4149
5152 2 2 7 1 1811 1814 1813
5153 2 2 7 1 4914 5629 4923
5154 2 2 7 1 4962 6848 4961
5155 2 2 7 1 3618 6612 3617
5156 2 2 7 1 2641 2642 2640
5157 2 2 7 1 4384 5049 3422
5158 2 2 7 1 10 1380 1138
5159 2 2 7 1 4518 7261 5034
5160 2 2 7 1 6515 6522 2036
5161 2 2 7 1 4451 7663 4450
5162 2 2 7 1 4445 7813 5085
5163 2 2 7 1 4151 4476 4475
5164 2 2 7 1 1984 7068 6735
5165 2 2 7 1 4970 6451 3490
5166 2 2 7 1 2575 2577 2574
5167 2 2 7 1 6878 7117 5217
5168 2 2 7 1 3495 3497 3496
5169 2 2 7 1 4958 5644 4276
5170 2 2 7 1 5760 7194 5233
5171 2 2 7 1 4476 4723 4722
5172 2 2 7 1 2124 7487 2022
5173 2 2 7 1 3897 7426 6993
5174 2 2 7 1 1558 6409 1501
5175 2 2 7 1 7453 7887 6069
5176 2 2 7 1 2532 2534 2533
5177 2 2 7 1 2486 2488 2487
5178 2 2 7 1 3989 3990 3986
5179 2 2 7 1 4104 4875 4106
5180 2 2 7 1 3557 3742 3556
5181 2 2 7 1 5111 6939 3562
5182 2 2 7 1 2943 2945 2944
5183 2 2 7 1 3268 5094 3267
5184 2 2 7 1 7150 7337 4572
5185 2 2 7 1 5117 6892 4748
5186 2 2 7 1 6134 7274 2095
5187 2 2 7 1 7410 8013 7056
5188 2 2 7 1 5681 5682 4734
5189 2 2 7 1 4842 6428 4841
5190 2 2 7 1 3659 4841 3575
5191 2 2 7 1 3225 3227 3226
5192 2 2 7 1 1831 7737 1648
5193 2 2 7 1 3195 3197 3196
5194 2 2 7 1 1939 1946 1941
5195 2 2 7 1 1895 7880 6669
5196 2 2 7 1 2522 2524 2523
5197 2 2 7 1 4554 7648 4787
5198 2 2 7 1 2068 7963 2205
5199 2 2 7 1 3760 7803 5730
5200 2 2 7 1 2987 7750 2979
5201 2 2 7 1 6345 6346 2004
5202 2 2 7 1 5122 7891 6559
5203 2 2 7 1 4282 5699 4845
5204 2 2 7 1 1245 2223 1247
5205 2 2 7 1 6998 6999 2515
5206 2 2 7 1 2160 7748 1306
5207 2 2 7 1 4136 5719 4753
5208 2 2 7 1 3711 5615 4184
5209 2 2 7 1 5973 6592 5974
5210 2 2 7 1 4950 6659 4286
5211 2 2 7 1 5707 6389 1115
5212 2 2 7 1 2596 7127 5929
5213 2 2 7 1 4204 4205 4203
5214 2 2 7 1 5810 5811 5809
5215 2 2 7 1 4237 7233 6444
5216 2 2 7 1 2828 4836 4109
5217 2 2 7 1 3120 7072 6481
5218 2 2 7 1 6875 7838 5063
5219 2 2 7 1 1481 1669 1533
5220 2 2 7 1 2673 6525 2786
5221 2 2 7 1 1775 1785 1778
5222 2 2 7 1 4589 5092 5091
5223 2 2 7 1 4720 7403 4879
5224 2 2 7 1 3107 7142 5858
5225 2 2 7 1 4092 4925 4087
5226 2 2 7 1 6539 7197 2130
5227 2 2 7 1 4814 7683 5628
5228 2 2 7 1 1684 1825 1824
5229 2 2 7 1 1621 1622 1535
5230 2 2 7 1 4815 6157 6141
5231 2 2 7 1 7914 8021 6477
5232 2 2 7 1 3314 7437 5837
5233 2 2 7 1 3306 3309 3308
5234 2 2 7 1 6988 7973 3900
5235 2 2 7 1 5761 6352 1119
5236 2 2 7 1 4368 7045 6608
5237 2 2 7 1 3356 6618 3378
5238 2 2 7 1 1243 1335 1245
5239 2 2 7 1 4674 5739 5086
5240 2 2 7 1 5 3469 592
5241 2 2 7 1 1499 6381 1608
5242 2 2 7 1 5082 5590 4303
5243 2 2 7 1 696 1972 695
5244 2 2 7 1 4910 5618 4364
5245 2 2 7 1 4493 4494 4205
5246 2 2 7 1 2484 7972 2482
5247 2 2 7 1 4907 7237 6825
5248 2 2 7 1 3931 3932 3930
5249 2 2 7 1 1462 1494 1493
5250 2 2 7 1 2017 2018 2016
5251 2 2 7 1 3073 7456 3191
5252 2 2 7 1 3079 7120 5987
5253 2 2 7 1 4 1975 309
5254 2 2 7 1 4627 6340 4987
5255 2 2 7 1 1379 6573 1466
5256 2 2 7 1 1949 7077 2138
5257 2 2 7 1 5784 6185 3038
5258 2 2 7 1 3919 5075 3685
5259 2 2 7 1 4604 7434 4871
5260 2 2 7 1 1917 2176 1916
5261 2 2 7 1 2872 2917 2873
5262 2 2 7 1 5070 5072 4161
5263 2 2 7 1 5368 6292 4406
5264 2 2 7 1 3761 5735 4844
5265 2 2 7 1 3370 4648 4647
5266 2 2 7 1 6400 6780 1367
5267 2 2 7 1 5016 6870 4373
5268 2 2 7 1 3979 3980 3978
5269 2 2 7 1 1781 1792 1784
5270 2 2 7 1 4781 7570 7248
5271 2 2 7 1 1669 6685 2045
5272 2 2 7 1 694 1974 693
5273 2 2 7 1 4028 6892 4074
5274 2 2 7 1 5127 7772 4598
5275 2 2 7 1 2138 7009 1934
5276 2 2 7 1 1071 6670 5948
5277 2 2 7 1 4020 6886 6506
5278 2 2 7 1 4477 4562 4396
5279 2 2 7 1 2538 6507 2531
5280 2 2 7 1 16 1259 1
5281 2 2 7 1 4235 7352 4238
5282 2 2 7 1 3433 7010 5120
5283 2 2 7 1 5746 6699 5227
5284 2 2 7 1 3564 7186 3563
5285 2 2 7 1 1454 7836 1500
5286 2 2 7 1 1999 6687 2179
5287 2 2 7 1 1647 1649 1648
5288 2 2 7 1 5037 5038 4851
5289 2 2 7 1 3671 5670 3672
5290 2 2 7 1 1645 1647 1646
5291 2 2 7 1 2989 6620 5789
5292 2 2 7 1 2965 6820 5953
5293 2 2 7 1 1649 1651 1650
5294 2 2 7 1 6795 7137 6927
5295 2 2 7 1 4631 4635 4633
5296 2 2 7 1 6581 7927 1486
5297 2 2 7 1 4848 7895 7579
5298 2 2 7 1 697 1983 7
5299 2 2 7 1 2502 5104 2506
5300 2 2 7 1 3491 4819 3424
5301 2 2 7 1 2219 7168 1188
5302 2 2 7 1 4478 5141 2228
5303 2 2 7 1 7384 7825 5885
5304 2 2 7 1 5216 7117 1118
5305 2 2 7 1 4508 7689 4887
5306 2 2 7 1 3743 3744 3742
5307 2 2 7 1 4202 4203 4200
5308 2 2 7 1 5054 5098 5097
5309 2 2 7 1 4317 5438 5437
5310 2 2 7 1 4670 4968 4214
5311 2 2 7 1 3555 6749 4657
5312 2 2 7 1 1092 6687 1470
5313 2 2 7 1 4696 7292 6391
5314 2 2 7 1 4626 5775 4864
5315 2 2 7 1 1788 1885 1791
5316 2 2 7 1 3359 3363 3358
5317 2 2 7 1 1607 7754 1499
5318 2 2 7 1 3152 6064 5822
5319 2 2 7 1 2559 2567 2558
5320 2 2 7 1 5844 5858 5019
5321 2 2 7 1 4875 5674 4600
5322 2 2 7 1 2066 7224 2067
5323 2 2 7 1 9 4817 922
5324 2 2 7 1 3569 3571 3570
5325 2 2 7 1 3419 3461 3420
5326 2 2 7 1 2679 6806 5674
5327 2 2 7 1 3304 3306 3305
5328 2 2 7 1 4217 7635 4821
5329 2 2 7 1 4286 7289 4950
5330 2 2 7 1 6561 7607 6545
5331 2 2 7 1 3995 6429 4973
5332 2 2 7 1 2477 2479 2478
5333 2 2 7 1 2514 2517 2513
5334 2 2 7 1 7861 8017 3174
5335 2 2 7 1 7170 7826 3211
5336 2 2 7 1 5658 7976 5977
5337 2 2 7 1 3445 7951 4195
5338 2 2 7 1 2060 7691 1466
5339 2 2 7 1 3364 7337 7150
5340 2 2 7 1 6125 6971 3169
5341 2 2 7 1 1975 1977 1976
5342 2 2 7 1 1815 7274 1986
5343 2 2 7 1 5733 7892 3180
5344 2 2 7 1 4423 7520 5135
5345 2 2 7 1 4433 7040 6762
5346 2 2 7 1 6060 7490 1833
5347 2 2 7 1 1888 2167 2166
5348 2 2 7 1 2455 4976 2888
5349 2 2 7 1 4069 4072 4071
5350 2 2 7 1 6465 7943 1962
5351 2 2 7 1 3741 7595 4677
5352 2 2 7 1 5720 6516 3386
5353 2 2 7 1 3690 3692 3691
5354 2 2 7 1 4327 4328 4326
5355 2 2 7 1 6713 7339 6480
5356 2 2 7 1 1662 6763 1703
5357 2 2 7 1 3197 3202 3198
5358 2 2 7 1 2984 5876 4830
5359 2 2 7 1 3471 3473 3472
5360 2 2 7 1 1838 1942 1577
5361 2 2 7 1 4586 7609 5131
5362 2 2 7 1 1671 7989 2173
5363 2 2 7 1 4923 5630 4924
5364 2 2 7 1 3227 3229 3228
5365 2 2 7 1 7141 7244 4770
5366 2 2 7 1 5928 7816 4844
5367 2 2 7 1 6130 6163 3172
5368 2 2 7 1 1686 6272 5817
5369 2 2 7 1 4434 4606 4604
5370 2 2 7 1 2877 6817 4104
5371 2 2 7 1 6391 7057 4262
5372 2 2 7 1 2171 6977 6976
5373 2 2 7 1 4372 5073 4434
5374 2 2 7 1 3745 3746 3744
5375 2 2 7 1 5576 7982 6639
5376 2 2 7 1 4830 4967 4169
5377 2 2 7 1 1794 5792 88
5378 2 2 7 1 6504 7583 5014
5379 2 2 7 1 2583 2585 2584
5380 2 2 7 1 6233 6872 1982
5381 2 2 7 1 5860 7934 1512
5382 2 2 7 1 1349 6346 6345
5383 2 2 7 1 3736 7145 5057
5384 2 2 7 1 2999 3000 2998
5385 2 2 7 1 3309 3315 3313
5386 2 2 7 1 5023 5024 4439
5387 2 2 7 1 5059 5060 4933
5388 2 2 7 1 4010 4614 4613
5389 2 2 7 1 3623 3624 3622
5390 2 2 7 1 2736 2744 2656
5391 2 2 7 1 1111 5652 974
5392 2 2 7 1 1159 6550 6247
5393 2 2 7 1 2120 2121 1735
5394 2 2 7 1 1986 2156 1816
5395 2 2 7 1 2993 5818 5712
5396 2 2 7 1 5685 7738 4894
5397 2 2 7 1 1710 6780 2070
5398 2 2 7 1 3667 6386 3678
5399 2 2 7 1 4229 7574 4756
5400 2 2 7 1 2459 5643 5082
5401 2 2 7 1 1946 7281 1947
5402 2 2 7 1 2211 6986 1080
5403 2 2 7 1 4399 7112 5783
5404 2 2 7 1 3551 5589 5035
5405 2 2 7 1 5007 5780 5008
5406 2 2 7 1 5784 7492 4378
5407 2 2 7 1 4776 5788 3712
5408 2 2 7 1 3630 7733 3628
5409 2 2 7 1 4609 7498 6054
5410 2 2 7 1 1643 1645 1644
5411 2 2 7 1 3776 7335 4982
5412 2 2 7 1 3114 6403 5881
5413 2 2 7 1 7008 7028 4405
5414 2 2 7 1 6642 7095 3663
5415 2 2 7 1 4854 6821 4872
5416 2 2 7 1 1543 1545 1544
5417 2 2 7 1 4121 4741 4122
5418 2 2 7 1 6759 7385 7323
5419 2 2 7 1 1958 7622 6337
5420 2 2 7 1 4947 6740 1224
5421 2 2 7 1 2549 6633 2588
5422 2 2 7 1 6426 7797 7418
5423 2 2 7 1 4596 5594 4595
5424 2 2 7 1 4317 5439 5438
5425 2 2 7 1 2514 7000 2518
5426 2 2 7 1 5132 5422 4129
5427 2 2 7 1 4960 5422 5132
5428 2 2 7 1 4463 7641 4831
5429 2 2 7 1 4336 6580 4335
5430 2 2 7 1 1355 6617 2183
5431 2 2 7 1 5062 5066 4712
5432 2 2 7 1 974 5652 973
5433 2 2 7 1 2031 2035 2034
5434 2 2 7 1 4741 4743 4742
5435 2 2 7 1 5302 6491 2359
5436 2 2 7 1 1681 1689 1688
5437 2 2 7 1 4713 6572 4779
5438 2 2 7 1 4827 7088 4433
5439 2 2 7 1 3099 6997 5139
5440 2 2 7 1 3566 3569 3568
5441 2 2 7 1 6795 6927 3243
5442 2 2 7 1 1377 7722 1388
5443 2 2 7 1 4464 4862 4861
5444 2 2 7 1 3761 3762 3746
5445 2 2 7 1 4353 7938 4974
5446 2 2 7 1 3957 3959 3958
5447 2 2 7 1 1217 6526 5335
5448 2 2 7 1 4096 4277 4090
5449 2 2 7 1 2140 6343 6339
5450 2 2 7 1 1685 6928 2170
5451 2 2 7 1 4699 6790 5054
5452 2 2 7 1 2848 7290 4784
5453 2 2 7 1 4398 6592 5969
5454 2 2 7 1 1360 1361 1359
5455 2 2 7 1 4954 5069 5068
5456 2 2 7 1 5107 7886 4752
5457 2 2 7 1 1494 1496 1495
5458 2 2 7 1 6313 7769 2143
5459 2 2 7 1 1479 1675 1530
5460 2 2 7 1 5783 6792 4399
5461 2 2 7 1 2051 7730 6369
5462 2 2 7 1 6066 7200 1963
5463 2 2 7 1 5097 5603 2292
5464 2 2 7 1 6568 8000 1474
5465 2 2 7 1 2195 7859 6691
5466 2 2 7 1 2015 2016 2014
5467 2 2 7 1 2544 2546 2545
5468 2 2 7 1 3298 7209 6584
5469 2 2 7 1 4703 6611 4886
5470 2 2 7 1 4107 4108 4102
5471 2 2 7 1 3897 7758 4958
5472 2 2 7 1 5820 6322 1346
5473 2 2 7 1 6800 6966 4367
5474 2 2 7 1 3384 3385 3383
5475 2 2 7 1 2190 7033 1898
5476 2 2 7 1 3234 3460 3459
5477 2 2 7 1 803 1177 10
5478 2 2 7 1 1518 6281 1987
5479 2 2 7 1 2075 6864 2076
5480 2 2 7 1 7641 7741 6482
5481 2 2 7 1 2111 7797 2110
5482 2 2 7 1 4865 7598 3380
5483 2 2 7 1 1707 2189 1998
5484 2 2 7 1 1497 1505 1498
5485 2 2 7 1 3871 7001 4969
5486 2 2 7 1 3904 5636 5635
5487 2 2 7 1 6468 7856 1533
5488 2 2 7 1 6112 6769 3165
5489 2 2 7 1 4804 5667 5650
5490 2 2 7 1 1202 7425 6387
5491 2 2 7 1 2115 6647 6304
5492 2 2 7 1 3760 5730 3758
5493 2 2 7 1 4197 4198 3762
5494 2 2 7 1 1765 6787 2086
5495 2 2 7 1 2111 7991 6416
5496 2 2 7 1 1953 7633 1692
5497 2 2 7 1 3738 6606 4828
5498 2 2 7 1 3294 3296 3295
5499 2 2 7 1 3625 3626 3624
5500 2 2 7 1 3296 3298 3297
5501 2 2 7 1 5833 7136 4821
5502 2 2 7 1 3562 5878 3560
5503 2 2 7 1 4185 7739 2650
5504 2 2 7 1 3202 3204 3203
5505 2 2 7 1 6441 7376 2048
5506 2 2 7 1 3300 5040 3374
5507 2 2 7 1 4534 6544 6113
5508 2 2 7 1 5591 7663 4451
5509 2 2 7 1 5099 5100 2888
5510 2 2 7 1 4776 7759 5788
5511 2 2 7 1 699 2005 698
5512 2 2 7 1 1519 1520 1476
5513 2 2 7 1 4029 5047 4027
5514 2 2 7 1 5141 5574 2233
5515 2 2 7 1 6497 6645 4414
5516 2 2 7 1 4407 6512 4543
5517 2 2 7 1 5132 5753 1222
5518 2 2 7 1 3571 7175 3570
5519 2 2 7 1 3727 3728 3428
5520 2 2 7 1 4911 6132 4922
5521 2 2 7 1 1505 1507 1506
5522 2 2 7 1 5951 6951 5962
5523 2 2 7 1 6595 7292 4929
5524 2 2 7 1 5823 6331 6294
5525 2 2 7 1 1073 7712 6346
5526 2 2 7 1 3385 6516 3402
5527 2 2 7 1 5090 5574 5141
5528 2 2 7 1 1598 6771 1883
5529 2 2 7 1 3505 3531 3530
5530 2 2 7 1 4535 7980 3729
5531 2 2 7 1 2501 2502 2500
5532 2 2 7 1 2080 6743 2178
5533 2 2 7 1 4899 4900 3465
5534 2 2 7 1 1181 6456 6407
5535 2 2 7 1 4667 7663 5591
5536 2 2 7 1 7297 7913 2972
5537 2 2 7 1 5026 6451 4418
5538 2 2 7 1 2230 5141 2233
5539 2 2 7 1 2971 2973 2972
5540 2 2 7 1 1767 7819 1518
5541 2 2 7 1 5099 5119 5100
5542 2 2 7 1 3001 3005 3000
5543 2 2 7 1 1335 6770 2223
5544 2 2 7 1 6682 6957 4823
5545 2 2 7 1 2124 2125 2123
5546 2 2 7 1 5217 7117 5216
5547 2 2 7 1 1507 1509 1508
5548 2 2 7 1 1751 1752 1733
5549 2 2 7 1 1868 1869 1761
5550 2 2 7 1 2231 5143 5140
5551 2 2 7 1 4317 5521 5439
5552 2 2 7 1 5439 5521 5234
5553 2 2 7 1 2232 5143 2231
5554 2 2 7 1 3778 5575 5574
5555 2 2 7 1 5145 5572 5144
5556 2 2 7 1 3781 5575 2881
5557 2 2 7 1 3778 5574 5090
5558 2 2 7 1 3781 5572 5145
5559 2 2 7 1 2237 5145 5144
5560 2 2 7 1 5142 5145 2237
5561 2 2 7 1 2234 5142 2237
5562 2 2 7 1 5145 5575 3781
5563 2 2 7 1 5143 5573 4288
5564 2 2 7 1 5140 5143 4288
5565 2 2 7 1 3779 5573 4290
5566 2 2 7 1 2235 5573 5143
5567 2 2 7 1 5574 5575 5142
5568 2 2 7 1 2881 5575 3778
5569 2 2 7 1 4290 5573 5146
5570 2 2 7 1 2239 5150 5146
5571 2 2 7 1 4288 5573 3779
5572 2 2 7 1 5146 5150 4290
5573 2 2 7 1 2239 5146 2236
5574 2 2 7 1 4293 5151 5148
5575 2 2 7 1 3851 5572 5450
5576 2 2 7 1 4293 5148 3851
5577 2 2 7 1 5148 5151 2241
5578 2 2 7 1 5144 5148 2241
5579 2 2 7 1 2238 5144 2241
5580 2 2 7 1 5148 5572 3851
5581 2 2 7 1 5150 5303 4291
5582 2 2 7 1 5450 5572 3781
5583 2 2 7 1 5147 5303 5150
5584 2 2 7 1 4290 5150 4291
5585 2 2 7 1 5147 5150 2239
5586 2 2 7 1 2240 5147 2239
5587 2 2 7 1 5151 5155 2245
5588 2 2 7 1 4293 5155 5151
5589 2 2 7 1 5149 5303 5147
5590 2 2 7 1 2242 5151 2245
5591 2 2 7 1 2243 5149 5147
5592 2 2 7 1 2243 5571 5149
5593 2 2 7 1 2244 5571 2243
5594 2 2 7 1 4292 5571 5235
5595 2 2 7 1 5235 5571 2247
5596 2 2 7 1 2693 5152 2249
5597 2 2 7 1 5149 5571 4292
5598 2 2 7 1 3794 5242 3793
5599 2 2 7 1 4293 5242 5155
5600 2 2 7 1 5241 5242 3794
5601 2 2 7 1 2247 5570 5235
5602 2 2 7 1 2693 5191 5152
5603 2 2 7 1 2760 5154 5153
5604 2 2 7 1 2761 5245 5182
5605 2 2 7 1 5186 5245 2604
5606 2 2 7 1 5153 5154 3783
5607 2 2 7 1 2761 5182 5180
5608 2 2 7 1 2610 5480 2612
5609 2 2 7 1 5182 5245 5186
5610 2 2 7 1 5152 5570 2247
5611 2 2 7 1 2687 5176 5174
5612 2 2 7 1 5174 5379 2687
5613 2 2 7 1 5170 5255 2779
5614 2 2 7 1 2779 5379 5172
5615 2 2 7 1 5172 5379 5174
5616 2 2 7 1 2779 5172 5170
5617 2 2 7 1 2686 5168 5166
5618 2 2 7 1 2686 5255 5168
5619 2 2 7 1 2249 5152 2246
5620 2 2 7 1 5168 5255 5170
5621 2 2 7 1 3793 5242 4293
5622 2 2 7 1 2612 5480 5187
5623 2 2 7 1 2777 5164 5163
5624 2 2 7 1 2612 5187 2614
5625 2 2 7 1 3794 5243 5241
5626 2 2 7 1 2624 5318 2626
5627 2 2 7 1 5346 5568 5540
5628 2 2 7 1 5154 5163 3783
5629 2 2 7 1 5163 5341 2777
5630 2 2 7 1 2687 5187 5176
5631 2 2 7 1 5229 5243 3794
5632 2 2 7 1 4166 5160 4223
5633 2 2 7 1 5186 5425 5331
5634 2 2 7 1 5153 5229 2760
5635 2 2 7 1 5331 5425 2762
5636 2 2 7 1 5250 5539 4294
5637 2 2 7 1 5153 5243 5229
5638 2 2 7 1 2614 5187 2687
5639 2 2 7 1 2604 5425 5186
5640 2 2 7 1 5154 5341 5163
5641 2 2 7 1 5155 5242 2366
5642 2 2 7 1 2777 5318 5164
5643 2 2 7 1 5166 5318 2686
5644 2 2 7 1 4448 5162 5161
5645 2 2 7 1 2761 5480 2610
5646 2 2 7 1 5180 5480 2761
5647 2 2 7 1 4448 5161 2885
5648 2 2 7 1 5185 5567 5565
5649 2 2 7 1 3836 5156 2814
5650 2 2 7 1 4298 5160 4166
5651 2 2 7 1 3836 5157 5156
5652 2 2 7 1 2626 5318 2777
5653 2 2 7 1 2686 5318 2624
5654 2 2 7 1 5317 5421 5188
5655 2 2 7 1 4584 5542 5540
5656 2 2 7 1 5158 5159 4298
5657 2 2 7 1 5207 5284 5158
5658 2 2 7 1 5159 5160 4298
5659 2 2 7 1 2771 5284 5207
5660 2 2 7 1 2860 5226 5194
5661 2 2 7 1 2897 5189 4302
5662 2 2 7 1 2635 5317 5188
5663 2 2 7 1 4442 5212 3831
5664 2 2 7 1 4296 5249 5156
5665 2 2 7 1 5232 5234 2880
5666 2 2 7 1 5190 5299 5206
5667 2 2 7 1 5190 5206 4297
5668 2 2 7 1 4298 5207 5158
5669 2 2 7 1 2879 5254 3797
5670 2 2 7 1 3792 5246 5229
5671 2 2 7 1 2860 5194 5193
5672 2 2 7 1 4578 5192 4581
5673 2 2 7 1 5226 5227 5194
5674 2 2 7 1 3783 5163 3784
5675 2 2 7 1 4296 5250 5249
5676 2 2 7 1 5441 5481 4308
5677 2 2 7 1 2693 5402 5191
5678 2 2 7 1 3763 5444 5254
5679 2 2 7 1 5188 5286 2635
5680 2 2 7 1 4143 5211 5210
5681 2 2 7 1 2248 5155 2366
5682 2 2 7 1 5156 5249 2814
5683 2 2 7 1 3836 5317 5157
5684 2 2 7 1 5176 5187 5178
5685 2 2 7 1 5280 5340 2763
5686 2 2 7 1 3586 5312 2868
5687 2 2 7 1 5189 5254 4302
5688 2 2 7 1 4296 5539 5250
5689 2 2 7 1 3836 5421 5317
5690 2 2 7 1 4581 5192 5123
5691 2 2 7 1 2447 5494 5454
5692 2 2 7 1 2771 5207 5206
5693 2 2 7 1 3831 5212 4143
5694 2 2 7 1 5163 5164 3784
5695 2 2 7 1 4143 5210 5209
5696 2 2 7 1 5431 5494 2447
5697 2 2 7 1 5198 5208 2886
5698 2 2 7 1 5191 5402 3798
5699 2 2 7 1 5540 5568 4584
5700 2 2 7 1 5278 5280 2763
5701 2 2 7 1 4576 5192 4578
5702 2 2 7 1 3768 5221 4329
5703 2 2 7 1 2398 5515 5498
5704 2 2 7 1 2430 5397 2432
5705 2 2 7 1 5214 5216 4682
5706 2 2 7 1 5193 5220 2860
5707 2 2 7 1 2784 5250 4294
5708 2 2 7 1 5509 5521 4316
5709 2 2 7 1 2635 5286 2419
5710 2 2 7 1 5158 5284 4146
5711 2 2 7 1 4673 5508 5417
5712 2 2 7 1 2733 5305 5300
5713 2 2 7 1 3797 5254 5189
5714 2 2 7 1 5310 5381 5380
5715 2 2 7 1 5080 5444 3763
5716 2 2 7 1 3792 5229 3794
5717 2 2 7 1 5200 5202 2695
5718 2 2 7 1 2906 5195 4129
5719 2 2 7 1 3820 5221 3768
5720 2 2 7 1 4791 5227 5226
5721 2 2 7 1 5164 5318 5166
5722 2 2 7 1 3763 5254 2879
5723 2 2 7 1 5206 5207 4297
5724 2 2 7 1 2451 5464 2410
5725 2 2 7 1 5505 5522 4147
5726 2 2 7 1 4294 5539 5161
5727 2 2 7 1 5414 5461 5282
5728 2 2 7 1 4621 5312 3586
5729 2 2 7 1 4305 5522 5505
5730 2 2 7 1 2841 5226 2860
5731 2 2 7 1 2753 5448 2903
5732 2 2 7 1 2695 5286 5200
5733 2 2 7 1 2733 5300 2796
5734 2 2 7 1 5189 5491 4309
5735 2 2 7 1 5514 5517 3880
5736 2 2 7 1 5274 5276 2765
5737 2 2 7 1 2364 5451 2351
5738 2 2 7 1 2425 5502 2447
5739 2 2 7 1 5229 5246 2760
5740 2 2 7 1 4308 5481 4898
5741 2 2 7 1 2450 5403 2668
5742 2 2 7 1 2864 5214 2837
5743 2 2 7 1 5193 5194 4550
5744 2 2 7 1 2701 5250 2784
5745 2 2 7 1 5300 5305 3791
5746 2 2 7 1 3835 5193 4550
5747 2 2 7 1 2393 5401 2379
5748 2 2 7 1 5295 5315 5314
5749 2 2 7 1 5346 5348 5347
5750 2 2 7 1 4311 5466 5303
5751 2 2 7 1 5487 5501 3863
5752 2 2 7 1 5314 5344 5295
5753 2 2 7 1 2417 5389 2415
5754 2 2 7 1 2827 5209 3826
5755 2 2 7 1 2432 5397 2763
5756 2 2 7 1 2608 5245 2761
5757 2 2 7 1 2731 5365 2812
5758 2 2 7 1 5186 5331 5183
5759 2 2 7 1 2864 5215 5214
5760 2 2 7 1 2911 5190 4297
5761 2 2 7 1 5526 5534 4319
5762 2 2 7 1 5257 5460 5282
5763 2 2 7 1 5190 5300 5299
5764 2 2 7 1 2415 5389 5373
5765 2 2 7 1 5206 5299 2886
5766 2 2 7 1 3782 5243 5153
5767 2 2 7 1 3583 5391 2792
5768 2 2 7 1 2868 5312 3859
5769 2 2 7 1 2765 5397 2430
5770 2 2 7 1 2909 5226 2841
5771 2 2 7 1 2867 5231 3819
5772 2 2 7 1 3833 5478 5432
5773 2 2 7 1 5240 5241 4301
5774 2 2 7 1 5435 5436 5294
5775 2 2 7 1 5532 5543 2617
5776 2 2 7 1 2729 5220 3801
5777 2 2 7 1 2419 5286 2695
5778 2 2 7 1 2792 5391 2732
5779 2 2 7 1 2886 5299 5198
5780 2 2 7 1 3790 5344 5314
5781 2 2 7 1 3862 5197 3824
5782 2 2 7 1 5241 5243 4301
5783 2 2 7 1 5356 5357 5219
5784 2 2 7 1 2819 5258 2845
5785 2 2 7 1 2866 5232 2880
5786 2 2 7 1 5199 5208 5198
5787 2 2 7 1 2407 5362 2389
5788 2 2 7 1 5202 5389 2695
5789 2 2 7 1 3826 5209 4529
5790 2 2 7 1 5200 5286 4299
5791 2 2 7 1 4316 5521 4317
5792 2 2 7 1 2837 5214 3817
5793 2 2 7 1 2897 5491 5189
5794 2 2 7 1 2363 5339 2373
5795 2 2 7 1 2765 5283 5274
5796 2 2 7 1 3801 5220 5193
5797 2 2 7 1 3821 5494 5431
5798 2 2 7 1 5491 5506 4309
5799 2 2 7 1 2415 5373 2413
5800 2 2 7 1 2769 5347 5223
5801 2 2 7 1 4143 5212 5211
5802 2 2 7 1 4315 5495 5486
5803 2 2 7 1 5383 5384 2326
5804 2 2 7 1 5479 5500 2442
5805 2 2 7 1 2886 5208 2669
5806 2 2 7 1 2794 5450 2758
5807 2 2 7 1 3847 5289 5288
5808 2 2 7 1 2719 5362 2407
5809 2 2 7 1 2421 5371 2802
5810 2 2 7 1 5321 5402 2693
5811 2 2 7 1 3834 5411 5375
5812 2 2 7 1 2282 5469 2327
5813 2 2 7 1 2388 5371 2421
5814 2 2 7 1 5219 5320 2716
5815 2 2 7 1 2716 5356 5219
5816 2 2 7 1 3767 5232 2866
5817 2 2 7 1 3821 5431 3823
5818 2 2 7 1 5507 5544 3916
5819 2 2 7 1 5223 5347 5224
5820 2 2 7 1 5294 5436 5295
5821 2 2 7 1 2632 5517 5514
5822 2 2 7 1 5320 5390 2716
5823 2 2 7 1 2763 5397 5278
5824 2 2 7 1 3877 5218 3879
5825 2 2 7 1 5324 5419 5412
5826 2 2 7 1 2327 5469 5281
5827 2 2 7 1 5319 5333 2692
5828 2 2 7 1 2697 5248 5247
5829 2 2 7 1 2327 5461 5414
5830 2 2 7 1 2756 5357 5356
5831 2 2 7 1 3881 5236 3883
5832 2 2 7 1 3887 5393 3889
5833 2 2 7 1 2692 5333 5291
5834 2 2 7 1 2903 5448 4673
5835 2 2 7 1 5252 5319 3811
5836 2 2 7 1 3879 5218 3914
5837 2 2 7 1 2366 5241 5240
5838 2 2 7 1 2391 5452 5430
5839 2 2 7 1 5454 5494 5231
5840 2 2 7 1 2602 5265 2399
5841 2 2 7 1 2401 5230 2402
5842 2 2 7 1 2822 5213 2890
5843 2 2 7 1 4995 5158 4146
5844 2 2 7 1 5257 5270 5239
5845 2 2 7 1 2689 5230 2401
5846 2 2 7 1 2692 5405 5319
5847 2 2 7 1 2712 5287 2714
5848 2 2 7 1 2764 5306 5267
5849 2 2 7 1 4299 5286 5188
5850 2 2 7 1 4673 5417 4856
5851 2 2 7 1 2426 5283 2428
5852 2 2 7 1 5282 5460 2816
5853 2 2 7 1 5339 5412 2373
5854 2 2 7 1 2428 5283 2765
5855 2 2 7 1 3829 5374 4404
5856 2 2 7 1 3842 5235 3868
5857 2 2 7 1 2402 5230 2450
5858 2 2 7 1 2664 5329 2666
5859 2 2 7 1 2704 5427 2706
5860 2 2 7 1 2748 5231 2867
5861 2 2 7 1 2255 5400 2804
5862 2 2 7 1 2290 5355 2336
5863 2 2 7 1 2605 5245 2608
5864 2 2 7 1 2764 5267 5266
5865 2 2 7 1 3890 5393 3887
5866 2 2 7 1 5516 5519 4304
5867 2 2 7 1 5347 5348 5224
5868 2 2 7 1 5239 5270 5268
5869 2 2 7 1 5297 5401 2393
5870 2 2 7 1 2695 5389 2417
5871 2 2 7 1 5258 5259 2845
5872 2 2 7 1 5310 5380 2876
5873 2 2 7 1 5399 5465 2889
5874 2 2 7 1 3845 3846 2902
5875 2 2 7 1 3868 5523 5506
5876 2 2 7 1 5254 5444 4302
5877 2 2 7 1 2709 5269 2821
5878 2 2 7 1 3835 4550 4549
5879 2 2 7 1 4833 4995 4146
5880 2 2 7 1 5303 5466 4291
5881 2 2 7 1 5161 5162 4295
5882 2 2 7 1 2330 5247 3815
5883 2 2 7 1 2691 5343 2361
5884 2 2 7 1 5296 5304 2375
5885 2 2 7 1 2887 5297 2661
5886 2 2 7 1 2730 5220 2729
5887 2 2 7 1 4129 5422 2907
5888 2 2 7 1 5252 5384 5383
5889 2 2 7 1 2399 5265 2396
5890 2 2 7 1 2714 5287 2746
5891 2 2 7 1 2767 5352 5351
5892 2 2 7 1 4301 5243 3782
5893 2 2 7 1 2256 5400 2255
5894 2 2 7 1 2360 5296 2375
5895 2 2 7 1 2375 5304 2385
5896 2 2 7 1 5238 5268 2422
5897 2 2 7 1 2720 5408 2775
5898 2 2 7 1 2758 5450 2793
5899 2 2 7 1 2860 5220 2759
5900 2 2 7 1 2810 5404 5382
5901 2 2 7 1 3859 5312 4681
5902 2 2 7 1 5157 5378 5349
5903 2 2 7 1 5331 5567 5185
5904 2 2 7 1 2366 5240 2250
5905 2 2 7 1 2269 5264 2780
5906 2 2 7 1 5496 5513 2623
5907 2 2 7 1 2882 5372 2755
5908 2 2 7 1 2887 5298 5297
5909 2 2 7 1 5251 5285 2896
5910 2 2 7 1 2911 4297 4166
5911 2 2 7 1 5319 5405 3811
5912 2 2 7 1 4402 4947 4403
5913 2 2 7 1 5417 5508 4403
5914 2 2 7 1 4581 5123 4796
5915 2 2 7 1 5290 5402 5321
5916 2 2 7 1 2288 5355 2290
5917 2 2 7 1 2341 5405 2692
5918 2 2 7 1 2374 5266 3802
5919 2 2 7 1 2633 5326 2751
5920 2 2 7 1 5164 5165 3784
5921 2 2 7 1 3869 3870 3866
5922 2 2 7 1 5565 5567 5280
5923 2 2 7 1 5290 5321 2257
5924 2 2 7 1 2267 5264 2269
5925 2 2 7 1 2385 5304 2452
5926 2 2 7 1 2394 5316 2392
5927 2 2 7 1 2764 5266 2411
5928 2 2 7 1 2413 5373 2764
5929 2 2 7 1 2443 5325 2702
5930 2 2 7 1 5349 5378 2449
5931 2 2 7 1 2666 5329 2831
5932 2 2 7 1 2796 5300 5190
5933 2 2 7 1 2863 5258 2819
5934 2 2 7 1 5236 5334 3883
5935 2 2 7 1 5223 5224 4738
5936 2 2 7 1 5215 5216 5214
5937 2 2 7 1 2252 5308 2254
5938 2 2 7 1 2339 5244 2331
5939 2 2 7 1 2692 5291 2344
5940 2 2 7 1 5208 5464 2451
5941 2 2 7 1 2599 2799 2743
5942 2 2 7 1 2694 5485 5474
5943 2 2 7 1 3809 5330 2728
5944 2 2 7 1 5375 5411 2864
5945 2 2 7 1 5198 5299 3791
5946 2 2 7 1 4826 5350 3846
5947 2 2 7 1 3850 3854 3853
5948 2 2 7 1 3865 3866 3864
5949 2 2 7 1 3867 4825 4824
5950 2 2 7 1 4209 4880 4145
5951 2 2 7 1 5239 5268 5238
5952 2 2 7 1 5269 5390 5320
5953 2 2 7 1 2342 5404 2810
5954 2 2 7 1 2347 5445 2356
5955 2 2 7 1 2379 5401 2364
5956 2 2 7 1 2608 2761 2610
5957 2 2 7 1 2819 2845 2749
5958 2 2 7 1 5276 5397 2765
5959 2 2 7 1 2868 3859 3858
5960 2 2 7 1 5365 5380 3788
5961 2 2 7 1 3789 5293 5292
5962 2 2 7 1 3790 5314 5313
5963 2 2 7 1 5266 5267 3802
5964 2 2 7 1 3810 5374 3829
5965 2 2 7 1 4529 4592 3916
5966 2 2 7 1 4755 4799 4289
5967 2 2 7 1 4612 5192 4576
5968 2 2 7 1 5187 5480 5178
5969 2 2 7 1 5306 5373 5204
5970 2 2 7 1 5257 5272 5270
5971 2 2 7 1 2254 5308 2258
5972 2 2 7 1 2434 5340 2436
5973 2 2 7 1 2709 2820 2707
5974 2 2 7 1 2709 5390 5269
5975 2 2 7 1 3846 5350 2902
5976 2 2 7 1 5323 5399 3799
5977 2 2 7 1 3823 4312 3861
5978 2 2 7 1 3909 5434 4835
5979 2 2 7 1 5486 5495 2353
5980 2 2 7 1 2403 5388 2404
5981 2 2 7 1 2408 2718 2407
5982 2 2 7 1 2444 5501 5487
5983 2 2 7 1 2448 2720 2449
5984 2 2 7 1 2448 5408 2720
5985 2 2 7 1 2614 2687 2616
5986 2 2 7 1 2668 5403 2797
5987 2 2 7 1 2685 2729 2684
5988 2 2 7 1 2699 5445 5256
5989 2 2 7 1 2720 2774 2721
5990 2 2 7 1 2803 5398 2801
5991 2 2 7 1 3723 4164 2863
5992 2 2 7 1 3788 5380 5196
5993 2 2 7 1 3789 5294 5293
5994 2 2 7 1 3854 5363 3857
5995 2 2 7 1 3859 3860 3858
5996 2 2 7 1 3884 4320 3882
5997 2 2 7 1 4673 4856 4672
5998 2 2 7 1 5183 5331 5185
5999 2 2 7 1 5260 5262 5259
6000 2 2 7 1 5396 5409 5361
6001 2 2 7 1 2329 5377 2367
6002 2 2 7 1 2410 5464 2698
6003 2 2 7 1 2430 2431 2429
6004 2 2 7 1 2779 5255 2620
6005 2 2 7 1 2697 5475 5248
6006 2 2 7 1 2784 3586 2868
6007 2 2 7 1 3877 3878 3876
6008 2 2 7 1 5295 5344 5293
6009 2 2 7 1 2323 5247 2330
6010 2 2 7 1 2366 5242 5241
6011 2 2 7 1 2445 2688 2659
6012 2 2 7 1 2445 5316 2688
6013 2 2 7 1 2599 2743 2731
6014 2 2 7 1 2668 2770 2669
6015 2 2 7 1 2704 2706 2705
6016 2 2 7 1 5330 5427 2704
6017 2 2 7 1 2820 5288 2707
6018 2 2 7 1 2718 5454 5231
6019 2 2 7 1 2748 2752 2719
6020 2 2 7 1 2757 3792 2794
6021 2 2 7 1 2821 5269 2893
6022 2 2 7 1 4918 5232 3767
6023 2 2 7 1 3780 4288 3779
6024 2 2 7 1 3854 3857 3853
6025 2 2 7 1 3856 5363 3854
6026 2 2 7 1 3855 4960 4338
6027 2 2 7 1 5044 5045 5043
6028 2 2 7 1 5205 5306 5204
6029 2 2 7 1 5205 5387 5307
6030 2 2 7 1 2326 5443 5383
6031 2 2 7 1 3790 5313 2333
6032 2 2 7 1 2351 5451 2353
6033 2 2 7 1 5401 5451 2364
6034 2 2 7 1 2378 5371 2388
6035 2 2 7 1 2383 2592 2403
6036 2 2 7 1 2396 5265 3787
6037 2 2 7 1 3789 5292 2409
6038 2 2 7 1 2434 2435 2433
6039 2 2 7 1 2660 2661 2446
6040 2 2 7 1 2597 5305 2733
6041 2 2 7 1 2668 2797 2770
6042 2 2 7 1 2771 2886 2669
6043 2 2 7 1 2685 5246 2757
6044 2 2 7 1 2810 5409 5396
6045 2 2 7 1 3796 5290 2875
6046 2 2 7 1 3801 5193 3835
6047 2 2 7 1 3818 5471 3816
6048 2 2 7 1 3865 3869 3866
6049 2 2 7 1 4898 5481 5263
6050 2 2 7 1 5174 5175 5173
6051 2 2 7 1 5240 5308 2252
6052 2 2 7 1 2305 5405 2341
6053 2 2 7 1 5361 5387 2325
6054 2 2 7 1 2354 2369 2363
6055 2 2 7 1 2392 5316 2445
6056 2 2 7 1 2614 2616 2615
6057 2 2 7 1 2728 5330 2667
6058 2 2 7 1 2702 5325 3812
6059 2 2 7 1 2724 5448 2753
6060 2 2 7 1 2748 2867 2866
6061 2 2 7 1 2822 2890 2863
6062 2 2 7 1 3838 5213 2822
6063 2 2 7 1 3717 5311 2838
6064 2 2 7 1 2867 3768 3767
6065 2 2 7 1 2890 4316 3723
6066 2 2 7 1 3788 5195 2906
6067 2 2 7 1 3809 5446 5330
6068 2 2 7 1 5197 5415 3824
6069 2 2 7 1 4319 5534 3869
6070 2 2 7 1 3892 3893 3891
6071 2 2 7 1 4207 4322 3893
6072 2 2 7 1 4576 4578 4577
6073 2 2 7 1 5182 5183 5181
6074 2 2 7 1 5262 5263 5259
6075 2 2 7 1 5272 5273 5271
6076 2 2 7 1 2301 2302 2300
6077 2 2 7 1 2310 2311 2309
6078 2 2 7 1 2353 5524 5486
6079 2 2 7 1 2374 3802 2368
6080 2 2 7 1 2370 2377 2369
6081 2 2 7 1 3787 5316 2394
6082 2 2 7 1 2395 5354 5353
6083 2 2 7 1 2422 5268 2424
6084 2 2 7 1 2424 5268 2766
6085 2 2 7 1 2763 5340 2434
6086 2 2 7 1 2436 2437 2435
6087 2 2 7 1 2438 2439 2437
6088 2 2 7 1 2662 5345 2769
6089 2 2 7 1 2733 2792 2732
6090 2 2 7 1 3786 3791 2782
6091 2 2 7 1 2837 3817 3816
6092 2 2 7 1 4608 4791 2909
6093 2 2 7 1 3807 5436 5435
6094 2 2 7 1 5247 5248 3815
6095 2 2 7 1 3817 5214 4682
6096 2 2 7 1 3822 5415 4156
6097 2 2 7 1 3845 3867 3846
6098 2 2 7 1 4315 5486 3847
6099 2 2 7 1 4318 5472 3876
6100 2 2 7 1 4301 5308 5240
6101 2 2 7 1 5209 5210 4529
6102 2 2 7 1 5523 5570 5191
6103 2 2 7 1 5257 5282 5272
6104 2 2 7 1 5282 5461 5272
6105 2 2 7 1 2360 2361 2350
6106 2 2 7 1 2369 5339 2363
6107 2 2 7 1 2411 5266 2384
6108 2 2 7 1 2401 2402 2386
6109 2 2 7 1 2412 2442 2414
6110 2 2 7 1 2420 2635 2419
6111 2 2 7 1 2721 5349 2449
6112 2 2 7 1 2743 5365 2731
6113 2 2 7 1 2774 2862 2776
6114 2 2 7 1 2896 5285 2892
6115 2 2 7 1 2898 5251 2896
6116 2 2 7 1 4739 5311 3717
6117 2 2 7 1 4296 5156 3785
6118 2 2 7 1 5299 5300 3791
6119 2 2 7 1 5325 5351 3812
6120 2 2 7 1 5295 5436 5315
6121 2 2 7 1 2278 2279 2277
6122 2 2 7 1 2299 5384 2301
6123 2 2 7 1 2326 5384 2299
6124 2 2 7 1 2354 2370 2369
6125 2 2 7 1 2370 2378 2377
6126 2 2 7 1 2378 2387 2377
6127 2 2 7 1 2378 2388 2387
6128 2 2 7 1 2403 2404 2384
6129 2 2 7 1 2400 2443 2441
6130 2 2 7 1 2421 2782 2406
6131 2 2 7 1 2448 2449 2420
6132 2 2 7 1 2431 2444 2429
6133 2 2 7 1 2430 2432 2431
6134 2 2 7 1 2437 5418 2603
6135 2 2 7 1 2443 2700 2594
6136 2 2 7 1 2445 2659 2446
6137 2 2 7 1 2605 2608 2607
6138 2 2 7 1 2662 2663 2661
6139 2 2 7 1 2665 5447 2663
6140 2 2 7 1 2690 2749 2739
6141 2 2 7 1 5293 5344 2691
6142 2 2 7 1 2691 5344 5343
6143 2 2 7 1 2699 5256 5239
6144 2 2 7 1 2706 5427 2710
6145 2 2 7 1 5268 5270 2766
6146 2 2 7 1 3785 5349 2781
6147 2 2 7 1 3792 3793 2794
6148 2 2 7 1 2796 2911 2910
6149 2 2 7 1 4306 5398 2803
6150 2 2 7 1 2875 5290 2805
6151 2 2 7 1 3799 5399 2806
6152 2 2 7 1 2818 3838 2822
6153 2 2 7 1 2822 2863 2819
6154 2 2 7 1 2821 2891 2820
6155 2 2 7 1 2831 5329 3795
6156 2 2 7 1 2893 5269 3803
6157 2 2 7 1 2907 3850 3849
6158 2 2 7 1 2911 4165 2910
6159 2 2 7 1 4316 4317 3723
6160 2 2 7 1 4672 4674 3724
6161 2 2 7 1 3811 5384 5252
6162 2 2 7 1 3823 3861 3824
6163 2 2 7 1 3835 4549 4548
6164 2 2 7 1 3844 4299 3841
6165 2 2 7 1 4292 5235 3842
6166 2 2 7 1 4338 5042 3856
6167 2 2 7 1 3881 3882 3880
6168 2 2 7 1 4570 4652 4171
6169 2 2 7 1 4297 5207 4298
6170 2 2 7 1 4300 5201 5200
6171 2 2 7 1 5435 5484 4306
6172 2 2 7 1 5361 5409 5387
6173 2 2 7 1 2270 5358 2355
6174 2 2 7 1 2273 2274 2272
6175 2 2 7 1 2284 2285 2283
6176 2 2 7 1 2293 2798 2295
6177 2 2 7 1 2697 5247 2321
6178 2 2 7 1 2331 5377 2329
6179 2 2 7 1 2343 3790 2333
6180 2 2 7 1 2345 5394 2352
6181 2 2 7 1 2365 2380 2379
6182 2 2 7 1 2381 5428 2371
6183 2 2 7 1 2766 5283 2426
6184 2 2 7 1 2605 2606 2601
6185 2 2 7 1 2667 5330 2704
6186 2 2 7 1 2685 2730 2729
6187 2 2 7 1 2701 2784 2734
6188 2 2 7 1 2781 5349 2721
6189 2 2 7 1 2729 3801 3800
6190 2 2 7 1 5270 5271 2766
6191 2 2 7 1 2838 3810 3809
6192 2 2 7 1 2847 3780 3779
6193 2 2 7 1 2889 3845 2902
6194 2 2 7 1 4737 4739 3717
6195 2 2 7 1 4329 4918 3767
6196 2 2 7 1 5343 5344 3790
6197 2 2 7 1 3810 3829 3828
6198 2 2 7 1 5219 5357 3843
6199 2 2 7 1 3881 3883 3882
6200 2 2 7 1 5336 5393 3890
6201 2 2 7 1 5357 5466 4311
6202 2 2 7 1 4581 4796 4582
6203 2 2 7 1 5317 5378 5157
6204 2 2 7 1 5182 5186 5183
6205 2 2 7 1 2281 5370 2750
6206 2 2 7 1 2345 2352 2351
6207 2 2 7 1 2365 2379 2364
6208 2 2 7 1 2370 5291 3808
6209 2 2 7 1 2391 5322 2377
6210 2 2 7 1 2380 2392 2379
6211 2 2 7 1 2404 2411 2384
6212 2 2 7 1 2395 5353 2397
6213 2 2 7 1 2618 2619 2617
6214 2 2 7 1 2620 2621 2619
6215 2 2 7 1 2626 2627 2625
6216 2 2 7 1 2806 2861 2800
6217 2 2 7 1 2817 5453 5354
6218 2 2 7 1 4302 4303 2898
6219 2 2 7 1 3834 5375 3800
6220 2 2 7 1 3805 5320 5219
6221 2 2 7 1 3817 4682 3872
6222 2 2 7 1 3873 3875 3874
6223 2 2 7 1 4147 4209 4145
6224 2 2 7 1 4578 4579 4577
6225 2 2 7 1 5183 5185 5184
6226 2 2 7 1 2259 2261 2260
6227 2 2 7 1 2261 2262 2260
6228 2 2 7 1 2263 2264 2262
6229 2 2 7 1 2265 2266 2264
6230 2 2 7 1 2273 2275 2274
6231 2 2 7 1 2297 2298 2296
6232 2 2 7 1 2358 5366 2313
6233 2 2 7 1 2318 5338 2332
6234 2 2 7 1 2336 2343 2333
6235 2 2 7 1 2810 5396 2340
6236 2 2 7 1 2352 5394 2817
6237 2 2 7 1 2372 2699 2382
6238 2 2 7 1 2380 2394 2392
6239 2 2 7 1 2699 5238 2382
6240 2 2 7 1 2389 5362 2398
6241 2 2 7 1 2426 2428 2427
6242 2 2 7 1 2428 2430 2429
6243 2 2 7 1 2440 5425 2604
6244 2 2 7 1 2597 2732 2696
6245 2 2 7 1 2687 5379 2616
6246 2 2 7 1 2618 5379 2779
6247 2 2 7 1 2620 2622 2621
6248 2 2 7 1 2683 2684 2634
6249 2 2 7 1 5301 5485 2694
6250 2 2 7 1 5249 5250 2701
6251 2 2 7 1 2705 5288 3839
6252 2 2 7 1 2708 2709 2707
6253 2 2 7 1 2709 2821 2820
6254 2 2 7 1 2725 2756 2715
6255 2 2 7 1 2755 5372 2725
6256 2 2 7 1 2837 3816 2727
6257 2 2 7 1 2748 2866 2752
6258 2 2 7 1 5315 5364 2798
6259 2 2 7 1 2891 3847 2820
6260 2 2 7 1 2827 3826 3825
6261 2 2 7 1 2831 3717 2838
6262 2 2 7 1 2881 2909 2841
6263 2 2 7 1 2903 3724 2846
6264 2 2 7 1 2889 2902 2861
6265 2 2 7 1 3779 4290 2882
6266 2 2 7 1 3795 5223 4738
6267 2 2 7 1 3817 3872 3818
6268 2 2 7 1 4156 5221 3820
6269 2 2 7 1 3830 3832 3831
6270 2 2 7 1 5413 5429 3830
6271 2 2 7 1 5188 5421 3841
6272 2 2 7 1 3878 4318 3876
6273 2 2 7 1 3891 4321 3888
6274 2 2 7 1 3892 4207 3893
6275 2 2 7 1 5224 5225 4738
6276 2 2 7 1 5201 5203 5202
6277 2 2 7 1 5205 5307 5306
6278 2 2 7 1 5233 5234 5232
6279 2 2 7 1 5244 5519 5516
6280 2 2 7 1 5270 5272 5271
6281 2 2 7 1 2273 5342 2334
6282 2 2 7 1 2288 2290 2289
6283 2 2 7 1 5364 5443 2326
6284 2 2 7 1 2344 5291 2354
6285 2 2 7 1 2365 5354 2380
6286 2 2 7 1 2396 3787 2394
6287 2 2 7 1 2395 2397 2396
6288 2 2 7 1 5230 5403 2450
6289 2 2 7 1 2622 5255 2686
6290 2 2 7 1 2663 5447 2887
6291 2 2 7 1 2683 5246 2685
6292 2 2 7 1 2799 2800 2743
6293 2 2 7 1 2800 2876 2743
6294 2 2 7 1 2793 2881 2841
6295 2 2 7 1 2796 5190 2911
6296 2 2 7 1 2801 5398 3786
6297 2 2 7 1 2807 5332 4307
6298 2 2 7 1 2813 5253 2811
6299 2 2 7 1 2816 5414 5282
6300 2 2 7 1 2902 3994 2861
6301 2 2 7 1 2879 3797 3796
6302 2 2 7 1 2892 5285 2891
6303 2 2 7 1 3817 3818 3816
6304 2 2 7 1 3821 3822 3820
6305 2 2 7 1 3861 3862 3824
6306 2 2 7 1 3875 3876 3874
6307 2 2 7 1 4125 5218 3877
6308 2 2 7 1 5170 5171 5169
6309 2 2 7 1 5498 5515 5213
6310 2 2 7 1 5277 5279 5278
6311 2 2 7 1 5315 5443 5364
6312 2 2 7 1 5324 5412 5339
6313 2 2 7 1 2260 5400 2256
6314 2 2 7 1 2805 5290 2257
6315 2 2 7 1 2258 5308 2795
6316 2 2 7 1 2335 5301 2276
6317 2 2 7 1 2280 2282 2281
6318 2 2 7 1 2300 2359 2298
6319 2 2 7 1 2307 5328 2304
6320 2 2 7 1 2305 2340 2306
6321 2 2 7 1 2305 2341 2340
6322 2 2 7 1 2311 2676 2309
6323 2 2 7 1 2312 2313 2311
6324 2 2 7 1 2314 5337 2783
6325 2 2 7 1 2318 2332 2320
6326 2 2 7 1 2323 2324 2322
6327 2 2 7 1 2323 2329 2324
6328 2 2 7 1 5244 5377 2331
6329 2 2 7 1 2345 2346 2339
6330 2 2 7 1 2362 5244 2339
6331 2 2 7 1 2344 2354 2349
6332 2 2 7 1 2345 2351 2346
6333 2 2 7 1 2377 5322 2369
6334 2 2 7 1 2373 2383 2374
6335 2 2 7 1 2392 2393 2379
6336 2 2 7 1 2592 2598 2403
6337 2 2 7 1 2422 2423 2408
6338 2 2 7 1 2428 2765 2430
6339 2 2 7 1 2432 2763 2434
6340 2 2 7 1 2437 2603 2435
6341 2 2 7 1 2438 2440 2439
6342 2 2 7 1 2661 5297 2446
6343 2 2 7 1 2447 5502 5431
6344 2 2 7 1 2604 5245 2605
6345 2 2 7 1 2618 2779 2620
6346 2 2 7 1 2627 5392 2657
6347 2 2 7 1 2630 5341 2682
6348 2 2 7 1 2633 2751 2727
6349 2 2 7 1 2682 2683 2634
6350 2 2 7 1 2659 2745 2660
6351 2 2 7 1 2745 5345 2660
6352 2 2 7 1 2664 2666 2665
6353 2 2 7 1 2770 2771 2669
6354 2 2 7 1 2682 5341 5154
6355 2 2 7 1 2707 5288 2705
6356 2 2 7 1 2716 5390 2711
6357 2 2 7 1 2712 2714 2713
6358 2 2 7 1 2725 5372 2756
6359 2 2 7 1 2759 5220 2730
6360 2 2 7 1 2795 3782 2883
6361 2 2 7 1 2807 4307 3806
6362 2 2 7 1 3806 3807 2808
6363 2 2 7 1 3847 5288 2820
6364 2 2 7 1 3830 3831 2836
6365 2 2 7 1 2878 4278 3763
6366 2 2 7 1 2881 3778 2909
6367 2 2 7 1 4291 5372 2882
6368 2 2 7 1 3784 5449 2883
6369 2 2 7 1 2902 5350 3994
6370 2 2 7 1 4402 4403 3833
6371 2 2 7 1 3835 4548 3834
6372 2 2 7 1 5256 5445 3837
6373 2 2 7 1 3855 4338 3856
6374 2 2 7 1 3859 4573 3860
6375 2 2 7 1 3859 4681 4573
6376 2 2 7 1 3873 5467 3875
6377 2 2 7 1 3887 3888 3886
6378 2 2 7 1 3889 3891 3888
6379 2 2 7 1 3909 4834 4448
6380 2 2 7 1 4164 5260 5258
6381 2 2 7 1 4960 5048 4338
6382 2 2 7 1 5201 5202 5200
6383 2 2 7 1 5256 5257 5239
6384 2 2 7 1 5256 5460 5257
6385 2 2 7 1 5294 5295 5293
6386 2 2 7 1 2305 2306 2304
6387 2 2 7 1 2308 2310 2309
6388 2 2 7 1 2310 2312 2311
6389 2 2 7 1 2314 2783 2316
6390 2 2 7 1 2321 2322 2319
6391 2 2 7 1 2341 2692 2344
6392 2 2 7 1 2382 2389 2381
6393 2 2 7 1 2410 2698 2409
6394 2 2 7 1 2418 2420 2419
6395 2 2 7 1 2452 2690 2689
6396 2 2 7 1 2774 2776 2721
6397 2 2 7 1 2812 5365 3788
6398 2 2 7 1 5161 5539 2885
6399 2 2 7 1 3822 4156 3820
6400 2 2 7 1 4164 5261 5260
6401 2 2 7 1 2250 2252 2251
6402 2 2 7 1 2254 2255 2253
6403 2 2 7 1 2255 2257 2253
6404 2 2 7 1 2262 5327 2260
6405 2 2 7 1 2278 2280 2279
6406 2 2 7 1 2283 5370 2281
6407 2 2 7 1 2291 2292 2289
6408 2 2 7 1 2293 2294 2292
6409 2 2 7 1 2295 2296 2294
6410 2 2 7 1 2299 2301 2300
6411 2 2 7 1 2306 2308 2307
6412 2 2 7 1 2313 5366 2311
6413 2 2 7 1 2314 2316 2315
6414 2 2 7 1 2783 5338 2316
6415 2 2 7 1 2356 5445 2372
6416 2 2 7 1 2367 2809 2454
6417 2 2 7 1 2372 2382 2381
6418 2 2 7 1 2390 5238 2422
6419 2 2 7 1 2400 2441 2399
6420 2 2 7 1 2402 2450 2410
6421 2 2 7 1 2698 3789 2409
6422 2 2 7 1 2449 5378 2420
6423 2 2 7 1 2422 2424 2423
6424 2 2 7 1 2439 5418 2437
6425 2 2 7 1 2443 2594 2441
6426 2 2 7 1 2455 2888 2453
6427 2 2 7 1 2454 2456 2455
6428 2 2 7 1 2700 2701 2594
6429 2 2 7 1 2605 2607 2606
6430 2 2 7 1 2684 5326 2634
6431 2 2 7 1 2663 2887 2661
6432 2 2 7 1 2690 2739 2689
6433 2 2 7 1 2739 4305 2689
6434 2 2 7 1 2710 2712 2711
6435 2 2 7 1 2718 2748 2719
6436 2 2 7 1 2732 5391 2740
6437 2 2 7 1 2745 5346 5345
6438 2 2 7 1 2757 5246 3792
6439 2 2 7 1 2764 5373 5306
6440 2 2 7 1 2767 5353 5352
6441 2 2 7 1 2808 4306 2803
6442 2 2 7 1 2812 2906 2813
6443 2 2 7 1 3849 5253 2813
6444 2 2 7 1 2818 2822 2819
6445 2 2 7 1 2838 5311 3810
6446 2 2 7 1 2867 3767 2866
6447 2 2 7 1 5213 5503 2890
6448 2 2 7 1 2893 2895 2894
6449 2 2 7 1 2897 4302 2898
6450 2 2 7 1 3778 4608 2909
6451 2 2 7 1 3768 4329 3767
6452 2 2 7 1 3778 5090 4608
6453 2 2 7 1 3800 5375 5326
6454 2 2 7 1 3803 5320 3805
6455 2 2 7 1 3812 3814 3813
6456 2 2 7 1 3812 5351 3814
6457 2 2 7 1 3826 4529 3916
6458 2 2 7 1 3829 3833 3828
6459 2 2 7 1 3829 4402 3833
6460 2 2 7 1 4403 5478 3833
6461 2 2 7 1 3840 3844 3841
6462 2 2 7 1 3843 4292 3842
6463 2 2 7 1 3843 5357 4311
6464 2 2 7 1 3863 3864 3862
6465 2 2 7 1 3870 4570 4171
6466 2 2 7 1 3883 3885 3884
6467 2 2 7 1 3885 3886 3884
6468 2 2 7 1 3885 3887 3886
6469 2 2 7 1 3887 3889 3888
6470 2 2 7 1 3889 3892 3891
6471 2 2 7 1 5335 5336 3890
6472 2 2 7 1 4297 4298 4166
6473 2 2 7 1 5164 5166 5165
6474 2 2 7 1 5174 5176 5175
6475 2 2 7 1 5178 5180 5179
6476 2 2 7 1 5180 5182 5181
6477 2 2 7 1 5203 5205 5204
6478 2 2 7 1 5306 5307 5267
6479 2 2 7 1 5273 5281 5275
6480 2 2 7 1 2255 2804 2257
6481 2 2 7 1 2804 2805 2257
6482 2 2 7 1 2271 2273 2272
6483 2 2 7 1 2281 2750 2279
6484 2 2 7 1 2284 2286 2285
6485 2 2 7 1 2286 2288 2287
6486 2 2 7 1 2323 2330 2329
6487 2 2 7 1 2351 2353 2346
6488 2 2 7 1 2397 2399 2396
6489 2 2 7 1 2416 2417 2415
6490 2 2 7 1 2436 2762 2438
6491 2 2 7 1 2438 5425 2440
6492 2 2 7 1 2454 2455 2453
6493 2 2 7 1 2662 2769 2664
6494 2 2 7 1 2724 2753 2725
6495 2 2 7 1 2753 2846 2755
6496 2 2 7 1 2767 5351 5325
6497 2 2 7 1 3791 5305 2782
6498 2 2 7 1 2793 3781 2881
6499 2 2 7 1 3793 3851 2794
6500 2 2 7 1 2807 2808 2803
6501 2 2 7 1 3782 3783 2883
6502 2 2 7 1 2893 3803 2895
6503 2 2 7 1 4303 4304 2898
6504 2 2 7 1 5248 5385 3815
6505 2 2 7 1 3874 5471 3818
6506 2 2 7 1 3867 4824 3846
6507 2 2 7 1 4147 5522 4308
6508 2 2 7 1 4308 4898 4209
6509 2 2 7 1 5203 5420 5386
6510 2 2 7 1 2252 2254 2253
6511 2 2 7 1 2258 2259 2256
6512 2 2 7 1 2259 2260 2256
6513 2 2 7 1 2328 5264 2267
6514 2 2 7 1 2270 2355 2268
6515 2 2 7 1 2269 2780 2271
6516 2 2 7 1 2272 5358 2270
6517 2 2 7 1 2273 2334 2275
6518 2 2 7 1 2278 2694 2280
6519 2 2 7 1 2285 2357 2283
6520 2 2 7 1 2290 2336 2333
6521 2 2 7 1 2295 2297 2296
6522 2 2 7 1 2299 2300 2298
6523 2 2 7 1 2302 5328 5302
6524 2 2 7 1 2321 5247 2323
6525 2 2 7 1 2347 2356 2350
6526 2 2 7 1 2354 2363 2349
6527 2 2 7 1 2361 5343 2350
6528 2 2 7 1 2354 5291 2370
6529 2 2 7 1 2360 2375 2361
6530 2 2 7 1 2371 5296 2360
6531 2 2 7 1 2375 2376 2361
6532 2 2 7 1 2363 2373 2368
6533 2 2 7 1 2384 5266 2374
6534 2 2 7 1 2375 2385 2376
6535 2 2 7 1 2385 2386 2376
6536 2 2 7 1 2376 5292 2691
6537 2 2 7 1 2385 2401 2386
6538 2 2 7 1 2409 5292 2386
6539 2 2 7 1 2390 2407 2389
6540 2 2 7 1 2397 2400 2399
6541 2 2 7 1 2400 5325 2443
6542 2 2 7 1 2597 2696 2405
6543 2 2 7 1 2414 2415 2413
6544 2 2 7 1 2440 2601 2600
6545 2 2 7 1 2450 2668 2451
6546 2 2 7 1 2610 2611 2609
6547 2 2 7 1 2628 2629 2627
6548 2 2 7 1 2777 5341 2628
6549 2 2 7 1 2630 2633 2629
6550 2 2 7 1 2634 5326 2633
6551 2 2 7 1 2660 2662 2661
6552 2 2 7 1 2769 5329 2664
6553 2 2 7 1 2685 2757 2730
6554 2 2 7 1 5292 5293 2691
6555 2 2 7 1 2702 2814 2700
6556 2 2 7 1 2752 3852 2719
6557 2 2 7 1 2751 2837 2727
6558 2 2 7 1 2868 3858 2734
6559 2 2 7 1 2738 5413 3830
6560 2 2 7 1 2876 5365 2743
6561 2 2 7 1 2841 2860 2759
6562 2 2 7 1 2797 2857 2770
6563 2 2 7 1 2784 4294 3586
6564 2 2 7 1 2795 4301 3782
6565 2 2 7 1 5314 5315 2798
6566 2 2 7 1 2804 2823 2805
6567 2 2 7 1 3831 4143 2836
6568 2 2 7 1 4143 5209 2836
6569 2 2 7 1 2858 4144 2857
6570 2 2 7 1 4144 4146 2857
6571 2 2 7 1 2878 2879 2875
6572 2 2 7 1 2876 5380 5365
6573 2 2 7 1 3783 3784 2883
6574 2 2 7 1 3797 4309 3798
6575 2 2 7 1 3801 3835 3834
6576 2 2 7 1 3803 3805 3804
6577 2 2 7 1 5269 5320 3803
6578 2 2 7 1 3805 3843 3842
6579 2 2 7 1 5311 5374 3810
6580 2 2 7 1 3826 3916 3827
6581 2 2 7 1 5288 5289 3839
6582 2 2 7 1 5043 5363 3856
6583 2 2 7 1 4289 5140 4288
6584 2 2 7 1 4307 5319 5252
6585 2 2 7 1 4582 4584 4583
6586 2 2 7 1 5166 5167 5165
6587 2 2 7 1 5168 5169 5167
6588 2 2 7 1 5203 5386 5205
6589 2 2 7 1 5386 5387 5205
6590 2 2 7 1 5432 5478 5287
6591 2 2 7 1 5386 5420 5337
6592 2 2 7 1 2252 2253 2251
6593 2 2 7 1 2254 2256 2255
6594 2 2 7 1 2258 2337 2259
6595 2 2 7 1 2264 2348 2262
6596 2 2 7 1 2276 2277 2274
6597 2 2 7 1 2276 5301 2278
6598 2 2 7 1 2282 2283 2281
6599 2 2 7 1 2357 5370 2283
6600 2 2 7 1 2286 2287 2285
6601 2 2 7 1 2290 2291 2289
6602 2 2 7 1 2291 5313 2293
6603 2 2 7 1 2293 5313 2798
6604 2 2 7 1 2302 5302 2300
6605 2 2 7 1 2300 5302 2359
6606 2 2 7 1 2301 2303 2302
6607 2 2 7 1 2303 2304 2302
6608 2 2 7 1 2304 5328 2302
6609 2 2 7 1 2303 2305 2304
6610 2 2 7 1 2306 2307 2304
6611 2 2 7 1 2311 5366 2676
6612 2 2 7 1 2321 2323 2322
6613 2 2 7 1 2330 2338 2331
6614 2 2 7 1 2330 3815 2338
6615 2 2 7 1 2795 2883 2337
6616 2 2 7 1 2344 2349 2342
6617 2 2 7 1 2347 2350 2343
6618 2 2 7 1 2356 2360 2350
6619 2 2 7 1 2352 2817 2365
6620 2 2 7 1 2387 2391 2377
6621 2 2 7 1 2380 2395 2394
6622 2 2 7 1 2389 2398 2381
6623 2 2 7 1 2388 2421 2406
6624 2 2 7 1 2390 2422 2408
6625 2 2 7 1 2718 2719 2407
6626 2 2 7 1 2419 2695 2417
6627 2 2 7 1 2421 2801 2782
6628 2 2 7 1 2424 2766 2426
6629 2 2 7 1 2436 2438 2437
6630 2 2 7 1 2592 2599 2598
6631 2 2 7 1 2592 5419 2599
6632 2 2 7 1 2608 2610 2609
6633 2 2 7 1 2612 2614 2613
6634 2 2 7 1 2616 2617 2615
6635 2 2 7 1 2622 2623 2621
6636 2 2 7 1 2729 3800 2684
6637 2 2 7 1 2700 5249 2701
6638 2 2 7 1 2704 2705 2703
6639 2 2 7 1 2706 2707 2705
6640 2 2 7 1 2710 2717 2712
6641 2 2 7 1 2718 5231 2748
6642 2 2 7 1 2733 2796 2792
6643 2 2 7 1 2847 2882 2755
6644 2 2 7 1 2802 2807 2803
6645 2 2 7 1 2804 5400 4310
6646 2 2 7 1 2823 2874 2805
6647 2 2 7 1 2874 2875 2805
6648 2 2 7 1 2836 5209 2827
6649 2 2 7 1 2867 3819 3768
6650 2 2 7 1 2879 3796 2875
6651 2 2 7 1 2891 5285 4315
6652 2 2 7 1 2893 2894 2892
6653 2 2 7 1 2894 2897 2896
6654 2 2 7 1 2897 2898 2896
6655 2 2 7 1 4295 4621 3586
6656 2 2 7 1 3797 3798 3796
6657 2 2 7 1 5267 5382 3802
6658 2 2 7 1 3828 5446 3809
6659 2 2 7 1 3814 4314 4313
6660 2 2 7 1 3872 3873 3818
6661 2 2 7 1 3819 3821 3820
6662 2 2 7 1 3821 3823 3822
6663 2 2 7 1 3823 3824 3822
6664 2 2 7 1 3824 5415 3822
6665 2 2 7 1 5440 5473 3838
6666 2 2 7 1 5042 5043 3856
6667 2 2 7 1 4133 5197 3862
6668 2 2 7 1 4144 4833 4146
6669 2 2 7 1 4576 4577 4575
6670 2 2 7 1 5170 5172 5171
6671 2 2 7 1 5172 5174 5173
6672 2 2 7 1 5178 5179 5177
6673 2 2 7 1 5475 5477 5248
6674 2 2 7 1 5273 5275 5274
6675 2 2 7 1 5346 5347 5345
6676 2 2 7 1 2263 2265 2264
6677 2 2 7 1 2265 2267 2266
6678 2 2 7 1 2271 2272 2270
6679 2 2 7 1 2780 5342 2271
6680 2 2 7 1 2276 2278 2277
6681 2 2 7 1 2279 5369 2277
6682 2 2 7 1 2278 5301 2694
6683 2 2 7 1 2290 2333 2291
6684 2 2 7 1 2333 5313 2291
6685 2 2 7 1 2293 2295 2294
6686 2 2 7 1 2312 5337 2314
6687 2 2 7 1 2315 2358 2313
6688 2 2 7 1 2338 2339 2331
6689 2 2 7 1 2336 5355 3837
6690 2 2 7 1 2370 3808 2378
6691 2 2 7 1 2388 2405 2387
6692 2 2 7 1 2392 2445 2393
6693 2 2 7 1 2609 2675 2607
6694 2 2 7 1 2616 5379 2618
6695 2 2 7 1 2622 2686 2624
6696 2 2 7 1 2627 2657 2625
6697 2 2 7 1 2626 2777 2628
6698 2 2 7 1 2630 2682 2634
6699 2 2 7 1 2699 5239 5238
6700 2 2 7 1 2708 5390 2709
6701 2 2 7 1 2710 2711 2708
6702 2 2 7 1 5345 5347 2769
6703 2 2 7 1 2796 2910 2792
6704 2 2 7 1 4304 5251 2898
6705 2 2 7 1 3795 4738 4737
6706 2 2 7 1 3797 5189 4309
6707 2 2 7 1 4299 5188 3841
6708 2 2 7 1 3844 4300 4299
6709 2 2 7 1 3850 3855 3854
6710 2 2 7 1 3852 5509 5503
6711 2 2 7 1 4305 5505 5403
6712 2 2 7 1 4306 5433 5398
6713 2 2 7 1 5183 5184 5181
6714 2 2 7 1 5203 5204 5202
6715 2 2 7 1 5204 5389 5202
6716 2 2 7 1 5359 5369 5360
6717 2 2 7 1 2250 5240 2252
6718 2 2 7 1 2254 2258 2256
6719 2 2 7 1 2261 2263 2262
6720 2 2 7 1 2267 2269 2268
6721 2 2 7 1 2269 2271 2270
6722 2 2 7 1 2271 5342 2273
6723 2 2 7 1 2274 5359 2272
6724 2 2 7 1 2277 5359 2274
6725 2 2 7 1 2275 2335 2276
6726 2 2 7 1 2277 5369 5359
6727 2 2 7 1 2280 2281 2279
6728 2 2 7 1 2286 2816 2288
6729 2 2 7 1 2288 2289 2287
6730 2 2 7 1 2291 2293 2292
6731 2 2 7 1 2340 5396 2306
6732 2 2 7 1 2336 2347 2343
6733 2 2 7 1 2338 2345 2339
6734 2 2 7 1 2341 2342 2340
6735 2 2 7 1 2342 2810 2340
6736 2 2 7 1 2363 2368 2349
6737 2 2 7 1 2376 2691 2361
6738 2 2 7 1 2367 2454 2453
6739 2 2 7 1 2372 2381 2371
6740 2 2 7 1 2414 2416 2415
6741 2 2 7 1 2432 2433 2431
6742 2 2 7 1 2597 2733 2732
6743 2 2 7 1 2698 5484 3789
6744 2 2 7 1 2702 2815 2814
6745 2 2 7 1 3852 5362 2719
6746 2 2 7 1 2720 2775 2774
6747 2 2 7 1 2776 2781 2721
6748 2 2 7 1 2793 2841 2759
6749 2 2 7 1 2776 2826 2781
6750 2 2 7 1 2826 2884 2781
6751 2 2 7 1 2797 2858 2857
6752 2 2 7 1 2800 5309 2876
6753 2 2 7 1 3812 3813 2815
6754 2 2 7 1 2826 5434 3909
6755 2 2 7 1 5309 5310 2876
6756 2 2 7 1 2878 3763 2879
6757 2 2 7 1 3909 4448 2885
6758 2 2 7 1 3782 5153 3783
6759 2 2 7 1 5156 5157 3785
6760 2 2 7 1 5157 5349 3785
6761 2 2 7 1 3792 3794 3793
6762 2 2 7 1 3864 4133 3862
6763 2 2 7 1 4307 5333 5319
6764 2 2 7 1 4574 4612 4576
6765 2 2 7 1 4995 5159 5158
6766 2 2 7 1 5042 5044 5043
6767 2 2 7 1 5180 5181 5179
6768 2 2 7 1 5253 5470 5388
6769 2 2 7 1 2248 2366 2250
6770 2 2 7 1 2251 2693 2249
6771 2 2 7 1 2259 5395 2261
6772 2 2 7 1 2261 2778 2263
6773 2 2 7 1 2265 2328 2267
6774 2 2 7 1 2750 5369 2279
6775 2 2 7 1 2282 2284 2283
6776 2 2 7 1 2297 2299 2298
6777 2 2 7 1 2316 2317 2315
6778 2 2 7 1 2336 3837 2347
6779 2 2 7 1 5388 5470 2404
6780 2 2 7 1 2413 2764 2411
6781 2 2 7 1 2414 5406 2416
6782 2 2 7 1 2432 2434 2433
6783 2 2 7 1 2600 2722 2439
6784 2 2 7 1 2659 2660 2446
6785 2 2 7 1 5407 5408 2448
6786 2 2 7 1 5412 5419 2592
6787 2 2 7 1 2604 2605 2601
6788 2 2 7 1 2610 2612 2611
6789 2 2 7 1 2618 2620 2619
6790 2 2 7 1 2620 5255 2622
6791 2 2 7 1 2629 5392 2627
6792 2 2 7 1 2633 2727 2629
6793 2 2 7 1 2712 2713 2711
6794 2 2 7 1 2713 2716 2711
6795 2 2 7 1 2724 2725 2715
6796 2 2 7 1 2738 2827 2722
6797 2 2 7 1 2827 3825 2722
6798 2 2 7 1 2753 2755 2725
6799 2 2 7 1 2831 2838 2728
6800 2 2 7 1 2753 2903 2846
6801 2 2 7 1 2807 3806 2808
6802 2 2 7 1 2812 3788 2906
6803 2 2 7 1 2906 2907 2813
6804 2 2 7 1 2907 3849 2813
6805 2 2 7 1 2874 2878 2875
6806 2 2 7 1 2889 5465 3845
6807 2 2 7 1 3780 4755 4289
6808 2 2 7 1 3796 5402 5290
6809 2 2 7 1 3799 5324 5323
6810 2 2 7 1 3799 5419 5324
6811 2 2 7 1 5432 5446 3828
6812 2 2 7 1 3853 5500 5479
6813 2 2 7 1 3861 3863 3862
6814 2 2 7 1 5334 5335 3890
6815 2 2 7 1 4207 4323 4322
6816 2 2 7 1 4294 5161 4295
6817 2 2 7 1 5176 5178 5177
6818 2 2 7 1 5304 5473 5440
6819 2 2 7 1 2258 2795 2337
6820 2 2 7 1 2267 2268 2266
6821 2 2 7 1 2269 2270 2268
6822 2 2 7 1 2272 5359 5358
6823 2 2 7 1 2275 2276 2274
6824 2 2 7 1 2301 3811 2303
6825 2 2 7 1 2308 5361 2310
6826 2 2 7 1 2310 2325 2312
6827 2 2 7 1 2312 2314 2313
6828 2 2 7 1 2325 5337 2312
6829 2 2 7 1 2316 2318 2317
6830 2 2 7 1 2316 5338 2318
6831 2 2 7 1 2318 2320 2319
6832 2 2 7 1 2320 2697 2321
6833 2 2 7 1 2346 2362 2339
6834 2 2 7 1 2373 2374 2368
6835 2 2 7 1 2383 2403 2384
6836 2 2 7 1 2387 5452 2391
6837 2 2 7 1 2445 2446 2393
6838 2 2 7 1 2406 2597 2405
6839 2 2 7 1 2418 2419 2417
6840 2 2 7 1 2434 2436 2435
6841 2 2 7 1 2436 5340 2762
6842 2 2 7 1 2443 2702 2700
6843 2 2 7 1 2669 5208 2451
6844 2 2 7 1 2660 5345 2662
6845 2 2 7 1 2682 2760 2683
6846 2 2 7 1 2758 2759 2730
6847 2 2 7 1 2738 3830 2836
6848 2 2 7 1 2757 2794 2758
6849 2 2 7 1 2795 5308 4301
6850 2 2 7 1 2799 2806 2800
6851 2 2 7 1 2802 5332 2807
6852 2 2 7 1 3786 5199 5198
6853 2 2 7 1 3840 3841 3813
6854 2 2 7 1 3814 4313 3840
6855 2 2 7 1 3814 5351 4314
6856 2 2 7 1 3837 5460 5256
6857 2 2 7 1 3843 4311 4292
6858 2 2 7 1 3866 5423 3864
6859 2 2 7 1 3870 4171 3866
6860 2 2 7 1 4171 5423 3866
6861 2 2 7 1 3875 5467 4125
6862 2 2 7 1 3877 3879 3878
6863 2 2 7 1 3879 3881 3880
6864 2 2 7 1 4156 5222 5221
6865 2 2 7 1 5166 5168 5167
6866 2 2 7 1 5275 5276 5274
6867 2 2 7 1 2329 2367 2324
6868 2 2 7 1 2367 2453 2324
6869 2 2 7 1 2338 5394 2345
6870 2 2 7 1 2352 2364 2351
6871 2 2 7 1 2367 5377 2809
6872 2 2 7 1 2391 5323 5322
6873 2 2 7 1 2406 5305 2597
6874 2 2 7 1 2418 2448 2420
6875 2 2 7 1 2428 2429 2427
6876 2 2 7 1 2668 2669 2451
6877 2 2 7 1 2599 2731 2598
6878 2 2 7 1 2606 5429 5413
6879 2 2 7 1 2621 2632 2619
6880 2 2 7 1 2682 5154 2760
6881 2 2 7 1 4305 5230 2689
6882 2 2 7 1 2732 2740 2696
6883 2 2 7 1 2740 3848 2696
6884 2 2 7 1 2731 2812 2811
6885 2 2 7 1 2738 2836 2827
6886 2 2 7 1 2818 2819 2749
6887 2 2 7 1 2756 5466 5357
6888 2 2 7 1 5382 5409 2810
6889 2 2 7 1 2831 3795 3717
6890 2 2 7 1 2847 3779 2882
6891 2 2 7 1 2911 4166 4165
6892 2 2 7 1 3793 4293 3851
6893 2 2 7 1 3805 3842 3804
6894 2 2 7 1 4578 4580 4579
6895 2 2 7 1 5273 5274 5271
6896 2 2 7 1 2257 5321 2253
6897 2 2 7 1 2282 2327 2284
6898 2 2 7 1 2816 5355 2288
6899 2 2 7 1 2310 5361 2325
6900 2 2 7 1 2314 2315 2313
6901 2 2 7 1 5281 5461 2327
6902 2 2 7 1 3815 5394 2338
6903 2 2 7 1 2341 2344 2342
6904 2 2 7 1 3837 5445 2347
6905 2 2 7 1 2386 5292 2376
6906 2 2 7 1 2452 2689 2401
6907 2 2 7 1 2412 2413 2411
6908 2 2 7 1 2412 2414 2413
6909 2 2 7 1 2424 2426 2425
6910 2 2 7 1 2426 2427 2425
6911 2 2 7 1 2720 2721 2449
6912 2 2 7 1 2701 2734 2594
6913 2 2 7 1 2603 5534 5526
6914 2 2 7 1 2614 2615 2613
6915 2 2 7 1 2698 5464 5433
6916 2 2 7 1 5223 5329 2769
6917 2 2 7 1 2910 3583 2792
6918 2 2 7 1 5313 5314 2798
6919 2 2 7 1 5385 5453 2817
6920 2 2 7 1 2821 2892 2891
6921 2 2 7 1 5382 5404 3802
6922 2 2 7 1 3814 3840 3813
6923 2 2 7 1 5355 5460 3837
6924 2 2 7 1 3863 3865 3864
6925 2 2 7 1 3909 4835 4834
6926 2 2 7 1 4311 5303 5149
6927 2 2 7 1 5351 5352 4314
6928 2 2 7 1 5275 5277 5276
6929 2 2 7 1 5279 5280 5278
6930 2 2 7 1 2296 2747 2294
6931 2 2 7 1 2325 5386 5337
6932 2 2 7 1 2382 2390 2389
6933 2 2 7 1 2388 2406 2405
6934 2 2 7 1 2397 2767 2400
6935 2 2 7 1 2599 5419 2799
6936 2 2 7 1 2622 2624 2623
6937 2 2 7 1 2624 2626 2625
6938 2 2 7 1 2715 5356 2713
6939 2 2 7 1 2838 3809 2728
6940 2 2 7 1 2771 5206 2886
6941 2 2 7 1 2802 5371 5332
6942 2 2 7 1 2821 2893 2892
6943 2 2 7 1 4164 5258 2863
6944 2 2 7 1 2906 4129 2907
6945 2 2 7 1 4278 5080 3763
6946 2 2 7 1 3842 3868 3804
6947 2 2 7 1 3805 5219 3843
6948 2 2 7 1 3829 4404 4402
6949 2 2 7 1 4305 5403 5230
6950 2 2 7 1 2261 5395 2778
6951 2 2 7 1 2286 5414 2816
6952 2 2 7 1 2297 2326 2299
6953 2 2 7 1 2297 5364 2326
6954 2 2 7 1 2308 2309 2307
6955 2 2 7 1 2343 5343 3790
6956 2 2 7 1 2352 2365 2364
6957 2 2 7 1 2371 5428 5296
6958 2 2 7 1 2380 5354 2395
6959 2 2 7 1 2418 5407 2448
6960 2 2 7 1 2420 5378 2635
6961 2 2 7 1 2425 2447 2423
6962 2 2 7 1 2440 2604 2601
6963 2 2 7 1 3800 5326 2684
6964 2 2 7 1 2751 2864 2837
6965 2 2 7 1 5271 5283 2766
6966 2 2 7 1 2770 5284 2771
6967 2 2 7 1 2799 3799 2806
6968 2 2 7 1 2802 2803 2801
6969 2 2 7 1 2804 4310 2823
6970 2 2 7 1 3807 5435 2808
6971 2 2 7 1 2815 3836 2814
6972 2 2 7 1 4290 4291 2882
6973 2 2 7 1 2891 4315 3847
6974 2 2 7 1 4791 5226 2909
6975 2 2 7 1 3801 3834 3800
6976 2 2 7 1 4307 5252 3806
6977 2 2 7 1 4824 4826 3846
6978 2 2 7 1 3865 4319 3869
6979 2 2 7 1 3914 5237 5236
6980 2 2 7 1 4166 4223 4165
6981 2 2 7 1 4300 5200 4299
6982 2 2 7 1 5332 5333 4307
6983 2 2 7 1 4581 4582 4580
6984 2 2 7 1 5172 5173 5171
6985 2 2 7 1 5176 5177 5175
6986 2 2 7 1 5307 5382 5267
6987 2 2 7 1 5277 5278 5276
6988 2 2 7 1 2301 5384 3811
6989 2 2 7 1 2349 5404 2342
6990 2 2 7 1 2356 2371 2360
6991 2 2 7 1 2817 5354 2365
6992 2 2 7 1 2383 2384 2374
6993 2 2 7 1 2446 5297 2393
6994 2 2 7 1 2441 2602 2399
6995 2 2 7 1 2450 2451 2410
6996 2 2 7 1 2440 2600 2439
6997 2 2 7 1 2731 2811 2598
6998 2 2 7 1 2600 2738 2722
6999 2 2 7 1 2615 2631 2613
7000 2 2 7 1 2667 2703 2665
7001 2 2 7 1 2711 5390 2708
7002 2 2 7 1 2714 2746 2724
7003 2 2 7 1 2846 2847 2755
7004 2 2 7 1 2884 3785 2781
7005 2 2 7 1 2861 5309 2800
7006 2 2 7 1 3724 5456 2846
7007 2 2 7 1 2858 4147 4145
7008 2 2 7 1 3803 3804 2895
7009 2 2 7 1 3795 4737 3717
7010 2 2 7 1 3786 5198 3791
7011 2 2 7 1 3786 5398 5199
7012 2 2 7 1 3795 5329 5223
7013 2 2 7 1 5385 5394 3815
7014 2 2 7 1 3850 3853 3849
7015 2 2 7 1 3855 3856 3854
7016 2 2 7 1 4682 4683 3872
7017 2 2 7 1 3892 4406 4207
7018 2 2 7 1 4311 5149 4292
7019 2 2 7 1 5201 5442 5420
7020 2 2 7 1 5278 5397 5276
7021 2 2 7 1 2250 2251 2249
7022 2 2 7 1 2608 2609 2607
7023 2 2 7 1 2612 2613 2611
7024 2 2 7 1 2631 5550 2613
7025 2 2 7 1 2616 2618 2617
7026 2 2 7 1 2666 2728 2667
7027 2 2 7 1 2706 2710 2708
7028 2 2 7 1 2717 5287 2712
7029 2 2 7 1 2757 2758 2730
7030 2 2 7 1 3994 5309 2861
7031 2 2 7 1 2894 2896 2892
7032 2 2 7 1 3826 3827 3825
7033 2 2 7 1 5506 5523 4309
7034 2 2 7 1 4570 5544 5507
7035 2 2 7 1 4578 4581 4580
7036 2 2 7 1 5168 5170 5169
7037 2 2 7 1 5327 5400 2260
7038 2 2 7 1 2778 5376 2263
7039 2 2 7 1 2265 5376 2328
7040 2 2 7 1 2320 2321 2319
7041 2 2 7 1 2330 2331 2329
7042 2 2 7 1 2883 5449 2337
7043 2 2 7 1 2416 5407 2418
7044 2 2 7 1 2424 2425 2423
7045 2 2 7 1 2664 2665 2663
7046 2 2 7 1 2683 2685 2684
7047 2 2 7 1 2760 5246 2683
7048 2 2 7 1 2690 2818 2749
7049 2 2 7 1 2714 2715 2713
7050 2 2 7 1 5337 5420 2783
7051 2 2 7 1 3851 5450 2794
7052 2 2 7 1 2806 2889 2861
7053 2 2 7 1 2818 5440 3838
7054 2 2 7 1 2826 3909 2885
7055 2 2 7 1 2858 4145 4144
7056 2 2 7 1 2907 5422 3850
7057 2 2 7 1 3819 3820 3768
7058 2 2 7 1 3875 3877 3876
7059 2 2 7 1 3875 4125 3877
7060 2 2 7 1 3885 3890 3887
7061 2 2 7 1 4147 4308 4209
7062 2 2 7 1 4164 5437 5261
7063 2 2 7 1 4574 4576 4575
7064 2 2 7 1 5199 5464 5208
7065 2 2 7 1 5274 5283 5271
7066 2 2 7 1 5469 5474 5281
7067 2 2 7 1 5294 5484 5435
7068 2 2 7 1 5323 5324 5322
7069 2 2 7 1 5354 5453 5353
7070 2 2 7 1 5359 5360 5358
7071 2 2 7 1 3802 5404 2368
7072 2 2 7 1 2405 5452 2387
7073 2 2 7 1 2767 5325 2400
7074 2 2 7 1 2416 2418 2417
7075 2 2 7 1 5406 5407 2416
7076 2 2 7 1 2600 5413 2738
7077 2 2 7 1 2662 2664 2663
7078 2 2 7 1 2703 5447 2665
7079 2 2 7 1 2845 5481 5441
7080 2 2 7 1 4317 5437 3723
7081 2 2 7 1 5252 5383 3806
7082 2 2 7 1 2348 5327 2262
7083 2 2 7 1 2263 5376 2265
7084 2 2 7 1 2295 5364 2297
7085 2 2 7 1 2303 5405 2305
7086 2 2 7 1 2318 2319 2317
7087 2 2 7 1 2325 5387 5386
7088 2 2 7 1 5455 5458 2332
7089 2 2 7 1 2350 5343 2343
7090 2 2 7 1 2356 2372 2371
7091 2 2 7 1 2372 5445 2699
7092 2 2 7 1 2398 5428 2381
7093 2 2 7 1 2390 2408 2407
7094 2 2 7 1 2402 2410 2409
7095 2 2 7 1 2431 5525 2444
7096 2 2 7 1 2626 2628 2627
7097 2 2 7 1 2628 2630 2629
7098 2 2 7 1 2630 2634 2633
7099 2 2 7 1 2666 2831 2728
7100 2 2 7 1 2714 2724 2715
7101 2 2 7 1 2756 5356 2715
7102 2 2 7 1 2784 2868 2734
7103 2 2 7 1 2801 3786 2782
7104 2 2 7 1 2806 5399 2889
7105 2 2 7 1 5165 5449 3784
7106 2 2 7 1 3832 4442 3831
7107 2 2 7 1 5430 5452 3848
7108 2 2 7 1 3879 3880 3878
7109 2 2 7 1 3879 3914 3881
7110 2 2 7 1 3883 3884 3882
7111 2 2 7 1 3885 5334 3890
7112 2 2 7 1 5178 5480 5180
7113 2 2 7 1 5385 5477 5453
7114 2 2 7 1 2306 5396 2308
7115 2 2 7 1 5482 5497 2602
7116 2 2 7 1 5433 5484 2698
7117 2 2 7 1 2814 5249 2700
7118 2 2 7 1 2866 2880 2752
7119 2 2 7 1 2817 5394 5385
7120 2 2 7 1 5462 5463 3583
7121 2 2 7 1 2337 5395 2259
7122 2 2 7 1 2798 5364 2295
7123 2 2 7 1 2368 5404 2349
7124 2 2 7 1 2382 5238 2390
7125 2 2 7 1 2624 2625 2623
7126 2 2 7 1 2727 5392 2629
7127 2 2 7 1 2826 2885 2884
7128 2 2 7 1 2890 3723 2863
7129 2 2 7 1 2903 4673 4672
7130 2 2 7 1 4314 5477 5475
7131 2 2 7 1 5201 5420 5203
7132 2 2 7 1 5373 5389 5204
7133 2 2 7 1 5258 5260 5259
7134 2 2 7 1 2251 5321 2693
7135 2 2 7 1 2395 2396 2394
7136 2 2 7 1 2397 5353 2767
7137 2 2 7 1 2412 5470 2442
7138 2 2 7 1 2421 2802 2801
7139 2 2 7 1 2427 5502 2425
7140 2 2 7 1 2758 2793 2759
7141 2 2 7 1 2812 2813 2811
7142 2 2 7 1 5234 5521 2880
7143 2 2 7 1 2884 4296 3785
7144 2 2 7 1 2903 4672 3724
7145 2 2 7 1 3863 5501 3865
7146 2 2 7 1 3914 5236 3881
7147 2 2 7 1 4318 5513 5496
7148 2 2 7 1 4918 5233 5232
7149 2 2 7 1 2280 5469 2282
7150 2 2 7 1 5470 5479 2442
7151 2 2 7 1 2740 5531 5490
7152 2 2 7 1 5538 5549 3886
7153 2 2 7 1 4300 5442 5201
7154 2 2 7 1 4302 5444 4303
7155 2 2 7 1 5433 5464 5199
7156 2 2 7 1 2253 5321 2251
7157 2 2 7 1 2308 5396 5361
7158 2 2 7 1 2385 2452 2401
7159 2 2 7 1 2402 2409 2386
7160 2 2 7 1 2391 5430 5323
7161 2 2 7 1 2404 2412 2411
7162 2 2 7 1 2628 5341 2630
7163 2 2 7 1 2702 3812 2815
7164 2 2 7 1 2705 3839 2703
7165 2 2 7 1 3872 5410 3873
7166 2 2 7 1 5380 5381 5196
7167 2 2 7 1 5307 5409 5382
7168 2 2 7 1 2383 5412 2592
7169 2 2 7 1 5426 5429 2606
7170 2 2 7 1 2690 5440 2818
7171 2 2 7 1 2799 5419 3799
7172 2 2 7 1 4574 4575 3860
7173 2 2 7 1 5215 5217 5216
7174 2 2 7 1 5304 5440 2452
7175 2 2 7 1 5459 5475 2697
7176 2 2 7 1 2710 5427 2717
7177 2 2 7 1 2847 5456 3780
7178 2 2 7 1 3780 4289 4288
7179 2 2 7 1 5291 5333 3808
7180 2 2 7 1 3833 5432 3828
7181 2 2 7 1 3853 5479 3849
7182 2 2 7 1 3889 5367 3892
7183 2 2 7 1 3892 5367 4406
7184 2 2 7 1 4582 4583 4580
7185 2 2 7 1 5298 5401 5297
7186 2 2 7 1 5323 5430 5399
7187 2 2 7 1 3807 5443 5436
7188 2 2 7 1 4308 5522 5441
7189 2 2 7 1 5248 5477 5385
7190 2 2 7 1 2598 5388 2403
7191 2 2 7 1 2722 5418 2439
7192 2 2 7 1 2667 2704 2703
7193 2 2 7 1 2706 2708 2707
7194 2 2 7 1 2717 5446 5432
7195 2 2 7 1 5420 5442 2783
7196 2 2 7 1 4146 5284 2857
7197 2 2 7 1 3798 5402 3796
7198 2 2 7 1 3810 3828 3809
7199 2 2 7 1 3844 5458 5455
7200 2 2 7 1 5253 5479 5470
7201 2 2 7 1 2864 5411 5215
7202 2 2 7 1 5383 5443 3807
7203 2 2 7 1 3873 3874 3818
7204 2 2 7 1 3830 5429 3832
7205 2 2 7 1 5503 5509 4316
7206 2 2 7 1 2327 5414 2284
7207 2 2 7 1 2335 5492 5301
7208 2 2 7 1 2762 5425 2438
7209 2 2 7 1 5418 5483 2603
7210 2 2 7 1 2713 5356 2716
7211 2 2 7 1 2808 5435 4306
7212 2 2 7 1 2846 5456 2847
7213 2 2 7 1 3827 5483 3825
7214 2 2 7 1 4573 4574 3860
7215 2 2 7 1 5423 5424 4133
7216 2 2 7 1 4318 5496 5472
7217 2 2 7 1 5367 5368 4406
7218 2 2 7 1 5448 5508 4673
7219 2 2 7 1 5398 5433 5199
7220 2 2 7 1 5251 5511 5285
7221 2 2 7 1 5387 5409 5307
7222 2 2 7 1 2696 5452 2405
7223 2 2 7 1 2408 5454 2718
7224 2 2 7 1 2635 5378 5317
7225 2 2 7 1 2694 5474 5469
7226 2 2 7 1 4548 5411 3834
7227 2 2 7 1 3864 5423 4133
7228 2 2 7 1 4300 5455 5442
7229 2 2 7 1 2606 5413 2601
7230 2 2 7 1 3816 5392 2727
7231 2 2 7 1 5372 5466 2756
7232 2 2 7 1 2793 5450 3781
7233 2 2 7 1 4313 5458 3840
7234 2 2 7 1 3889 5393 5367
7235 2 2 7 1 4310 5400 5327
7236 2 2 7 1 5442 5455 5338
7237 2 2 7 1 5338 5455 2332
7238 2 2 7 1 2782 5305 2406
7239 2 2 7 1 2603 5526 2435
7240 2 2 7 1 2675 5426 2607
7241 2 2 7 1 2666 2667 2665
7242 2 2 7 1 5253 5388 2811
7243 2 2 7 1 2887 5476 5298
7244 2 2 7 1 3806 5383 3807
7245 2 2 7 1 3845 5490 3867
7246 2 2 7 1 5197 5416 5415
7247 2 2 7 1 5324 5339 5322
7248 2 2 7 1 2442 5406 2414
7249 2 2 7 1 3823 5431 4312
7250 2 2 7 1 2284 5414 2286
7251 2 2 7 1 3811 5405 2303
7252 2 2 7 1 2337 5449 5395
7253 2 2 7 1 2441 5482 2602
7254 2 2 7 1 4294 4295 3586
7255 2 2 7 1 3808 5333 5332
7256 2 2 7 1 5540 5542 5541
7257 2 2 7 1 5322 5339 2369
7258 2 2 7 1 3808 5371 2378
7259 2 2 7 1 2857 5284 2770
7260 2 2 7 1 5273 5461 5281
7261 2 2 7 1 2248 2250 2249
7262 2 2 7 1 2353 5495 2346
7263 2 2 7 1 3848 5452 2696
7264 2 2 7 1 2717 5432 5287
7265 2 2 7 1 3840 5458 3844
7266 2 2 7 1 5363 5535 5530
7267 2 2 7 1 5451 5524 2353
7268 2 2 7 1 2442 5500 5406
7269 2 2 7 1 5487 5499 2444
7270 2 2 7 1 2452 5440 2690
7271 2 2 7 1 3839 5447 2703
7272 2 2 7 1 3825 5418 2722
7273 2 2 7 1 3849 5479 5253
7274 2 2 7 1 4313 5475 5459
7275 2 2 7 1 2625 5496 2623
7276 2 2 7 1 2783 5442 5338
7277 2 2 7 1 3723 5437 4164
7278 2 2 7 1 3847 5486 5289
7279 2 2 7 1 4683 5410 3872
7280 2 2 7 1 5467 5468 4125
7281 2 2 7 1 4304 5519 5251
7282 2 2 7 1 5272 5461 5273
7283 2 2 7 1 2862 5434 2776
7284 2 2 7 1 5263 5481 5259
7285 2 2 7 1 5436 5443 5315
7286 2 2 7 1 5550 5552 2611
7287 2 2 7 1 5326 5375 2751
7288 2 2 7 1 3883 5334 3885
7289 2 2 7 1 4313 5459 5458
7290 2 2 7 1 5281 5474 5275
7291 2 2 7 1 2332 5459 2320
7292 2 2 7 1 2320 5459 2697
7293 2 2 7 1 5458 5459 2332
7294 2 2 7 1 3788 5196 5195
7295 2 2 7 1 4306 5484 5433
7296 2 2 7 1 2601 5413 2600
7297 2 2 7 1 3844 5455 4300
7298 2 2 7 1 5474 5485 5277
7299 2 2 7 1 5430 5465 5399
7300 2 2 7 1 5296 5473 5304
7301 2 2 7 1 2373 5412 2383
7302 2 2 7 1 2607 5426 2606
7303 2 2 7 1 2815 5421 3836
7304 2 2 7 1 3868 5506 3804
7305 2 2 7 1 5332 5371 3808
7306 2 2 7 1 3841 5421 3813
7307 2 2 7 1 3857 5530 5512
7308 2 2 7 1 5410 5467 3873
7309 2 2 7 1 4947 5417 4403
7310 2 2 7 1 5362 5515 2398
7311 2 2 7 1 2816 5460 5355
7312 2 2 7 1 5463 5529 3583
7313 2 2 7 1 3780 5456 4755
7314 2 2 7 1 4291 5466 5372
7315 2 2 7 1 2617 5543 2615
7316 2 2 7 1 3798 5523 5191
7317 2 2 7 1 3855 5422 4960
7318 2 2 7 1 4320 5543 5532
7319 2 2 7 1 5275 5474 5277
7320 2 2 7 1 5259 5481 2845
7321 2 2 7 1 2910 5462 3583
7322 2 2 7 1 3858 5497 5482
7323 2 2 7 1 5352 5477 4314
7324 2 2 7 1 5417 5510 4856
7325 2 2 7 1 5251 5519 5511
7326 2 2 7 1 5330 5446 5427
7327 2 2 7 1 5490 5531 3867
7328 2 2 7 1 5215 5520 5217
7329 2 2 7 1 2734 5482 2594
7330 2 2 7 1 3789 5484 5294
7331 2 2 7 1 3825 5483 5418
7332 2 2 7 1 3869 5533 3870
7333 2 2 7 1 2894 5491 2897
7334 2 2 7 1 3816 5471 5392
7335 2 2 7 1 3876 5472 3874
7336 2 2 7 1 2751 5375 2864
7337 2 2 7 1 5043 5535 5363
7338 2 2 7 1 5301 5492 5485
7339 2 2 7 1 3858 5482 2734
7340 2 2 7 1 5244 5516 5377
7341 2 2 7 1 5353 5453 5352
7342 2 2 7 1 2880 5521 5509
7343 2 2 7 1 2694 5469 2280
7344 2 2 7 1 3884 5549 4320
7345 2 2 7 1 2752 5509 3852
7346 2 2 7 1 5493 5518 2778
7347 2 2 7 1 5488 5489 4612
7348 2 2 7 1 5287 5478 2746
7349 2 2 7 1 2775 5537 2774
7350 2 2 7 1 2776 5434 2826
7351 2 2 7 1 3850 5422 3855
7352 2 2 7 1 4592 5507 3916
7353 2 2 7 1 5406 5512 5407
7354 2 2 7 1 2423 5454 2408
7355 2 2 7 1 5395 5493 2778
7356 2 2 7 1 2444 5499 2429
7357 2 2 7 1 2444 5525 5501
7358 2 2 7 1 2631 5549 5538
7359 2 2 7 1 5427 5446 2717
7360 2 2 7 1 2746 5448 2724
7361 2 2 7 1 3813 5421 2815
7362 2 2 7 1 5428 5473 5296
7363 2 2 7 1 5298 5451 5401
7364 2 2 7 1 2346 5495 2362
7365 2 2 7 1 2404 5470 2412
7366 2 2 7 1 2447 5454 2423
7367 2 2 7 1 2811 5388 2598
7368 2 2 7 1 2845 5441 2749
7369 2 2 7 1 5277 5485 5279
7370 2 2 7 1 4314 5475 4313
7371 2 2 7 1 2398 5498 5428
7372 2 2 7 1 3838 5498 5213
7373 2 2 7 1 5346 5540 5348
7374 2 2 7 1 3882 5514 3880
7375 2 2 7 1 2740 5490 3848
7376 2 2 7 1 5392 5471 2657
7377 2 2 7 1 2594 5482 2441
7378 2 2 7 1 2632 5532 2619
7379 2 2 7 1 4165 5462 2910
7380 2 2 7 1 5453 5477 5352
7381 2 2 7 1 2429 5499 2427
7382 2 2 7 1 5289 5476 3839
7383 2 2 7 1 2895 5491 2894
7384 2 2 7 1 4312 5499 5487
7385 2 2 7 1 5167 5518 5493
7386 2 2 7 1 4573 5488 4574
7387 2 2 7 1 5167 5493 5165
7388 2 2 7 1 5411 5520 5215
7389 2 2 7 1 2749 5441 2739
7390 2 2 7 1 5391 5531 2740
7391 2 2 7 1 5530 5535 2775
7392 2 2 7 1 5213 5515 5503
7393 2 2 7 1 5447 5476 2887
7394 2 2 7 1 3857 5500 3853
7395 2 2 7 1 5363 5530 3857
7396 2 2 7 1 3874 5472 5471
7397 2 2 7 1 4947 5510 5417
7398 2 2 7 1 2621 5513 2632
7399 2 2 7 1 5441 5522 2739
7400 2 2 7 1 5500 5512 5406
7401 2 2 7 1 5527 5528 5504
7402 2 2 7 1 2623 5513 2621
7403 2 2 7 1 2797 5505 2858
7404 2 2 7 1 5309 5457 5310
7405 2 2 7 1 2657 5496 2625
7406 2 2 7 1 5403 5505 2797
7407 2 2 7 1 5465 5490 3845
7408 2 2 7 1 3848 5465 5430
7409 2 2 7 1 4403 5508 5478
7410 2 2 7 1 5449 5493 5395
7411 2 2 7 1 3880 5517 3878
7412 2 2 7 1 3839 5476 5447
7413 2 2 7 1 4574 5488 4612
7414 2 2 7 1 5289 5524 5476
7415 2 2 7 1 2778 5518 5376
7416 2 2 7 1 5434 5504 4835
7417 2 2 7 1 5562 5564 2335
7418 2 2 7 1 2362 5519 5244
7419 2 2 7 1 5497 5547 2602
7420 2 2 7 1 3804 5506 2895
7421 2 2 7 1 5473 5498 3838
7422 2 2 7 1 3994 5457 5309
7423 2 2 7 1 5511 5519 2362
7424 2 2 7 1 2858 5505 4147
7425 2 2 7 1 2895 5506 5491
7426 2 2 7 1 5471 5472 2657
7427 2 2 7 1 5045 5535 5043
7428 2 2 7 1 2435 5526 2433
7429 2 2 7 1 5514 5532 2632
7430 2 2 7 1 3865 5501 4319
7431 2 2 7 1 4320 5514 3882
7432 2 2 7 1 5165 5493 5449
7433 2 2 7 1 5485 5492 5279
7434 2 2 7 1 5518 5536 5376
7435 2 2 7 1 2611 5552 2609
7436 2 2 7 1 5231 5494 3819
7437 2 2 7 1 5169 5518 5167
7438 2 2 7 1 5476 5524 5298
7439 2 2 7 1 5431 5502 4312
7440 2 2 7 1 2890 5503 4316
7441 2 2 7 1 5486 5524 5289
7442 2 2 7 1 3848 5490 5465
7443 2 2 7 1 5472 5496 2657
7444 2 2 7 1 5377 5516 2809
7445 2 2 7 1 3852 5515 5362
7446 2 2 7 1 5540 5541 5348
7447 2 2 7 1 5407 5512 5408
7448 2 2 7 1 2433 5525 2431
7449 2 2 7 1 5408 5530 2775
7450 2 2 7 1 5285 5511 4315
7451 2 2 7 1 5495 5511 2362
7452 2 2 7 1 3888 5538 3886
7453 2 2 7 1 3891 5553 4321
7454 2 2 7 1 2880 5509 2752
7455 2 2 7 1 4309 5523 3798
7456 2 2 7 1 2745 5568 5346
7457 2 2 7 1 3583 5529 5391
7458 2 2 7 1 3860 5497 3858
7459 2 2 7 1 5499 5502 2427
7460 2 2 7 1 5535 5537 2775
7461 2 2 7 1 3916 5544 3827
7462 2 2 7 1 3867 5531 4825
7463 2 2 7 1 5512 5530 5408
7464 2 2 7 1 5169 5536 5518
7465 2 2 7 1 5538 5550 2631
7466 2 2 7 1 4575 5497 3860
7467 2 2 7 1 4312 5487 3861
7468 2 2 7 1 4312 5502 5499
7469 2 2 7 1 5428 5498 5473
7470 2 2 7 1 5513 5517 2632
7471 2 2 7 1 2739 5522 4305
7472 2 2 7 1 3869 5534 5533
7473 2 2 7 1 4825 5531 5529
7474 2 2 7 1 3861 5487 3863
7475 2 2 7 1 4315 5511 5495
7476 2 2 7 1 2602 5547 5265
7477 2 2 7 1 2619 5532 2617
7478 2 2 7 1 2862 5504 5434
7479 2 2 7 1 2885 5539 2884
7480 2 2 7 1 5503 5515 3852
7481 2 2 7 1 3857 5512 5500
7482 2 2 7 1 5316 5559 2688
7483 2 2 7 1 5529 5531 5391
7484 2 2 7 1 4321 5553 5552
7485 2 2 7 1 5376 5536 2328
7486 2 2 7 1 5533 5544 3870
7487 2 2 7 1 5527 5537 5045
7488 2 2 7 1 5171 5536 5169
7489 2 2 7 1 4321 5538 3888
7490 2 2 7 1 3819 5494 3821
7491 2 2 7 1 3870 5544 4570
7492 2 2 7 1 5171 5548 5536
7493 2 2 7 1 5298 5524 5451
7494 2 2 7 1 2433 5526 5525
7495 2 2 7 1 4320 5549 5543
7496 2 2 7 1 2246 5152 2247
7497 2 2 7 1 4321 5552 5550
7498 2 2 7 1 2245 5155 2248
7499 2 2 7 1 2248 2249 2246
7500 2 2 7 1 3886 5549 3884
7501 2 2 7 1 5525 5526 4319
7502 2 2 7 1 4575 5547 5497
7503 2 2 7 1 2615 5543 2631
7504 2 2 7 1 3878 5517 4318
7505 2 2 7 1 5173 5551 5548
7506 2 2 7 1 4548 5520 5411
7507 2 2 7 1 3827 5533 5483
7508 2 2 7 1 5173 5548 5171
7509 2 2 7 1 5536 5548 2328
7510 2 2 7 1 2613 5550 2611
7511 2 2 7 1 4320 5532 5514
7512 2 2 7 1 5501 5525 4319
7513 2 2 7 1 2884 5539 4296
7514 2 2 7 1 2774 5537 2862
7515 2 2 7 1 4318 5517 5513
7516 2 2 7 1 5191 5570 5152
7517 2 2 7 1 2675 5556 5426
7518 2 2 7 1 3832 5561 4442
7519 2 2 7 1 5184 5560 5181
7520 2 2 7 1 5045 5537 5535
7521 2 2 7 1 5548 5551 5264
7522 2 2 7 1 4577 5547 4575
7523 2 2 7 1 2862 5527 5504
7524 2 2 7 1 3827 5544 5533
7525 2 2 7 1 5559 5563 2688
7526 2 2 7 1 5553 5556 2675
7527 2 2 7 1 2275 5562 2335
7528 2 2 7 1 2862 5537 5527
7529 2 2 7 1 2746 5508 5448
7530 2 2 7 1 5478 5508 2746
7531 2 2 7 1 5429 5558 3832
7532 2 2 7 1 2328 5548 5264
7533 2 2 7 1 5558 5561 3832
7534 2 2 7 1 5175 5551 5173
7535 2 2 7 1 5483 5534 2603
7536 2 2 7 1 5264 5551 2780
7537 2 2 7 1 5265 5555 3787
7538 2 2 7 1 5279 5565 5280
7539 2 2 7 1 2609 5552 2675
7540 2 2 7 1 5177 5557 5554
7541 2 2 7 1 5555 5559 3787
7542 2 2 7 1 5547 5555 5265
7543 2 2 7 1 2780 5554 5342
7544 2 2 7 1 5463 5545 5529
7545 2 2 7 1 5554 5557 5342
7546 2 2 7 1 4322 5556 3893
7547 2 2 7 1 5175 5554 5551
7548 2 2 7 1 4579 5559 5555
7549 2 2 7 1 2762 5567 5331
7550 2 2 7 1 4577 5555 5547
7551 2 2 7 1 5551 5554 2780
7552 2 2 7 1 5177 5554 5175
7553 2 2 7 1 5533 5534 5483
7554 2 2 7 1 5179 5557 5177
7555 2 2 7 1 4579 5563 5559
7556 2 2 7 1 5340 5567 2762
7557 2 2 7 1 3893 5553 3891
7558 2 2 7 1 5543 5549 2631
7559 2 2 7 1 5552 5553 2675
7560 2 2 7 1 5529 5545 4825
7561 2 2 7 1 4321 5550 5538
7562 2 2 7 1 4579 5555 4577
7563 2 2 7 1 3893 5556 5553
7564 2 2 7 1 2659 5566 2745
7565 2 2 7 1 4580 5563 4579
7566 2 2 7 1 5342 5557 2334
7567 2 2 7 1 5426 5558 5429
7568 2 2 7 1 5184 5564 5562
7569 2 2 7 1 4323 5561 4322
7570 2 2 7 1 4322 5561 5558
7571 2 2 7 1 5181 5560 5179
7572 2 2 7 1 5557 5560 2334
7573 2 2 7 1 5184 5562 5560
7574 2 2 7 1 5179 5560 5557
7575 2 2 7 1 4583 5566 5563
7576 2 2 7 1 3787 5559 5316
7577 2 2 7 1 5564 5565 5492
7578 2 2 7 1 2334 5562 2275
7579 2 2 7 1 5563 5566 2688
7580 2 2 7 1 2335 5564 5492
7581 2 2 7 1 5556 5558 5426
7582 2 2 7 1 4583 5563 4580
7583 2 2 7 1 4322 5558 5556
7584 2 2 7 1 5185 5564 5184
7585 2 2 7 1 5185 5565 5564
7586 2 2 7 1 5280 5567 5340
7587 2 2 7 1 5492 5565 5279
7588 2 2 7 1 5560 5562 2334
7589 2 2 7 1 2688 5566 2659
7590 2 2 7 1 5566 5568 2745
7591 2 2 7 1 3868 5570 5523
7592 2 2 7 1 4584 5568 4583
7593 2 2 7 1 2246 2247 2244
7594 2 2 7 1 2245 2248 2246
7595 2 2 7 1 5561 5569 4442
7596 2 2 7 1 4583 5568 5566
7597 2 2 7 1 5235 5570 3868
7598 2 2 7 1 4323 5569 5561
7599 2 2 7 1 2247 5571 2244
7600 2 2 7 1 2245 2246 2244
7601 2 2 7 1 2242 2245 2244
7602 2 2 7 1 2243 5147 2240
7603 2 2 7 1 2242 2244 2243
7604 2 2 7 1 2242 2243 2240
7605 2 2 7 1 2241 5151 2242
7606 2 2 7 1 2241 2242 2240
7607 2 2 7 1 2238 2241 2240
7608 2 2 7 1 2238 2240 2239
7609 2 2 7 1 2238 2239 2236
7610 2 2 7 1 2237 5144 2238
7611 2 2 7 1 5144 5572 5148
7612 2 2 7 1 2237 2238 2236
7613 2 2 7 1 2236 5146 2235
7614 2 2 7 1 2234 2237 2236
7615 2 2 7 1 5146 5573 2235
7616 2 2 7 1 2235 5143 2232
7617 2 2 7 1 2234 2236 2235
7618 2 2 7 1 2234 2235 2232
7619 2 2 7 1 2233 5142 2234
7620 2 2 7 1 2233 5574 5142
7621 2 2 7 1 5142 5575 5145
7622 2 2 7 1 2233 2234 2232
7623 2 2 7 1 2571 2573 2572
7624 2 2 7 1 2230 2233 2232
7625 2 2 7 1 1233 1280 1232
7626 2 2 7 1 4036 4039 4038
7627 2 2 7 1 2230 2232 2231
7628 2 2 7 1 5619 7677 3216
7629 2 2 7 1 4289 5579 5140
7630 2 2 7 1 4615 7804 6764
7631 2 2 7 1 2090 6780 1710
7632 2 2 7 1 2013 2014 1550
7633 2 2 7 1 2228 5141 2230
7634 2 2 7 1 2230 2231 2229
7635 2 2 7 1 4386 5041 5013
7636 2 2 7 1 4941 7327 4492
7637 2 2 7 1 1509 1511 1510
7638 2 2 7 1 1798 2053 1799
7639 2 2 7 1 3126 7520 5620
7640 2 2 7 1 5980 7976 7412
7641 2 2 7 1 4799 5579 4289
7642 2 2 7 1 1613 1615 1614
7643 2 2 7 1 1717 7464 5935
7644 2 2 7 1 4024 7254 4748
7645 2 2 7 1 5775 5776 2937
7646 2 2 7 1 5938 6848 4962
7647 2 2 7 1 4104 6817 4875
7648 2 2 7 1 4032 4042 4034
7649 2 2 7 1 3540 5907 4658
7650 2 2 7 1 1525 7679 1717
7651 2 2 7 1 3125 7365 5610
7652 2 2 7 1 1560 6557 1715
7653 2 2 7 1 1511 1513 1512
7654 2 2 7 1 1755 1757 1756
7655 2 2 7 1 2113 7996 2006
7656 2 2 7 1 5083 7386 6828
7657 2 2 7 1 2091 7111 6295
7658 2 2 7 1 3026 7802 5803
7659 2 2 7 1 4045 5047 4029
7660 2 2 7 1 3448 3468 3467
7661 2 2 7 1 3685 3686 3684
7662 2 2 7 1 6134 7719 1320
7663 2 2 7 1 5100 6969 2322
7664 2 2 7 1 1775 8000 1785
7665 2 2 7 1 5887 7673 2930
7666 2 2 7 1 1134 7607 6537
7667 2 2 7 1 4303 5590 4304
7668 2 2 7 1 5516 5590 2809
7669 2 2 7 1 1513 1537 1536
7670 2 2 7 1 5065 7039 4149
7671 2 2 7 1 1759 2144 2104
7672 2 2 7 1 2492 2493 2491
7673 2 2 7 1 5675 7620 4993
7674 2 2 7 1 2228 2230 2229
7675 2 2 7 1 5670 7392 4009
7676 2 2 7 1 4378 6185 5784
7677 2 2 7 1 1689 7882 2044
7678 2 2 7 1 3588 4940 3463
7679 2 2 7 1 2120 7580 2121
7680 2 2 7 1 1552 7688 1978
7681 2 2 7 1 6864 7062 2076
7682 2 2 7 1 4859 7115 4326
7683 2 2 7 1 4161 6658 3638
7684 2 2 7 1 2208 7348 1145
7685 2 2 7 1 3439 3441 3440
7686 2 2 7 1 5098 5603 5097
7687 2 2 7 1 5963 7893 2944
7688 2 2 7 1 3292 3294 3293
7689 2 2 7 1 1537 1563 1562
7690 2 2 7 1 4279 6546 5702
7691 2 2 7 1 5662 6820 2965
7692 2 2 7 1 2561 6524 5669
7693 2 2 7 1 5845 7637 6150
7694 2 2 7 1 2564 6462 2559
7695 2 2 7 1 4774 5724 3773
7696 2 2 7 1 2137 6583 6364
7697 2 2 7 1 4390 7650 4976
7698 2 2 7 1 2649 2651 2650
7699 2 2 7 1 6982 7437 3314
7700 2 2 7 1 1563 1595 1594
7701 2 2 7 1 2292 5603 2289
7702 2 2 7 1 4905 6935 3250
7703 2 2 7 1 698 2005 1468
7704 2 2 7 1 3067 3068 3063
7705 2 2 7 1 4811 7709 5642
7706 2 2 7 1 1595 1639 1638
7707 2 2 7 1 2070 2073 1711
7708 2 2 7 1 3698 3699 3697
7709 2 2 7 1 3477 3479 3478
7710 2 2 7 1 5678 7827 5677
7711 2 2 7 1 4698 7510 6194
7712 2 2 7 1 6777 7776 3701
7713 2 2 7 1 6344 6877 1162
7714 2 2 7 1 3726 4481 4480
7715 2 2 7 1 4678 6723 4435
7716 2 2 7 1 3204 3206 3205
7717 2 2 7 1 4304 5590 5516
7718 2 2 7 1 1234 7189 5807
7719 2 2 7 1 3402 6516 3425
7720 2 2 7 1 3244 7155 3225
7721 2 2 7 1 2979 5729 2977
7722 2 2 7 1 1760 1761 1758
7723 2 2 7 1 3326 6959 6700
7724 2 2 7 1 4459 7755 7602
7725 2 2 7 1 4921 7676 4797
7726 2 2 7 1 3088 6781 5668
7727 2 2 7 1 3315 3319 3318
7728 2 2 7 1 4637 7242 5897
7729 2 2 7 1 4042 7931 6275
7730 2 2 7 1 1725 2102 1945
7731 2 2 7 1 2833 4984 2672
7732 2 2 7 1 3479 3481 3480
7733 2 2 7 1 1670 6500 1684
7734 2 2 7 1 3460 3907 3906
7735 2 2 7 1 1708 7926 6177
7736 2 2 7 1 6200 6201 5130
7737 2 2 7 1 4466 7412 5658
7738 2 2 7 1 3220 3247 3246
7739 2 2 7 1 7484 7938 6168
7740 2 2 7 1 4528 7568 7564
7741 2 2 7 1 3429 6650 6649
7742 2 2 7 1 3557 7964 4159
7743 2 2 7 1 5819 7523 7522
7744 2 2 7 1 3308 7767 4341
7745 2 2 7 1 6395 7425 1202
7746 2 2 7 1 3481 3564 3563
7747 2 2 7 1 3766 5036 5035
7748 2 2 7 1 2854 7277 4809
7749 2 2 7 1 1885 1887 1886
7750 2 2 7 1 1880 7667 2144
7751 2 2 7 1 2220 6708 2001
7752 2 2 7 1 2871 7073 4876
7753 2 2 7 1 5689 5690 5688
7754 2 2 7 1 871 4178 3492
7755 2 2 7 1 6632 7499 1831
7756 2 2 7 1 2080 2178 1882
7757 2 2 7 1 6982 7305 4846
7758 2 2 7 1 5542 7103 5586
7759 2 2 7 1 4108 6469 4102
7760 2 2 7 1 5029 7038 5039
7761 2 2 7 1 3310 6870 5862
7762 2 2 7 1 5982 5989 4793
7763 2 2 7 1 5224 5616 5225
7764 2 2 7 1 5541 5616 5348
7765 2 2 7 1 5941 6501 5913
7766 2 2 7 1 4007 6368 5614
7767 2 2 7 1 3589 7423 4985
7768 2 2 7 1 4957 6041 6013
7769 2 2 7 1 6608 7045 4874
7770 2 2 7 1 2510 2512 2511
7771 2 2 7 1 5096 7267 5585
7772 2 2 7 1 2289 5603 2287
7773 2 2 7 1 4266 4798 3966
7774 2 2 7 1 1606 1965 1964
7775 2 2 7 1 5987 7120 5622
7776 2 2 7 1 818 7245 2126
7777 2 2 7 1 3066 4132 3186
7778 2 2 7 1 4906 7668 4720
7779 2 2 7 1 4698 7980 6913
7780 2 2 7 1 3475 3477 3476
7781 2 2 7 1 3503 7042 5630
7782 2 2 7 1 4270 6533 5782
7783 2 2 7 1 5872 6438 1191
7784 2 2 7 1 1048 7515 6011
7785 2 2 7 1 4323 5604 5569
7786 2 2 7 1 1811 2129 1814
7787 2 2 7 1 1475 1767 1518
7788 2 2 7 1 5590 5643 2809
7789 2 2 7 1 1870 6726 1922
7790 2 2 7 1 4141 6749 4973
7791 2 2 7 1 1288 1289 1287
7792 2 2 7 1 1406 7241 1767
7793 2 2 7 1 5659 7272 4446
7794 2 2 7 1 2149 7613 2210
7795 2 2 7 1 978 1223 977
7796 2 2 7 1 998 1215 997
7797 2 2 7 1 987 1102 986
7798 2 2 7 1 972 1211 971
7799 2 2 7 1 940 1220 939
7800 2 2 7 1 948 1179 947
7801 2 2 7 1 943 1119 942
7802 2 2 7 1 957 1118 956
7803 2 2 7 1 960 1218 959
7804 2 2 7 1 1028 1110 1027
7805 2 2 7 1 12 1219 1046
7806 2 2 7 1 934 1224 933
7807 2 2 7 1 945 1394 944
7808 2 2 7 1 950 1393 949
7809 2 2 7 1 952 1120 951
7810 2 2 7 1 1039 1399 1038
7811 2 2 7 1 989 1392 988
7812 2 2 7 1 1033 1180 1032
7813 2 2 7 1 1035 1396 1034
7814 2 2 7 1 1037 1109 1036
7815 2 2 7 1 1041 1213 1040
7816 2 2 7 1 994 1101 993
7817 2 2 7 1 991 1208 990
7818 2 2 7 1 1011 1209 1010
7819 2 2 7 1 981 1106 980
7820 2 2 7 1 1044 1107 1043
7821 2 2 7 1 963 1115 962
7822 2 2 7 1 1030 1397 1029
7823 2 2 7 1 1013 1401 1012
7824 2 2 7 1 984 1214 983
7825 2 2 7 1 1008 1104 1007
7826 2 2 7 1 1017 1216 1016
7827 2 2 7 1 1023 1400 1022
7828 2 2 7 1 969 1113 968
7829 2 2 7 1 975 1111 974
7830 2 2 7 1 937 1116 936
7831 2 2 7 1 966 1217 965
7832 2 2 7 1 1015 1105 1014
7833 2 2 7 1 1025 1222 1024
7834 2 2 7 1 985 1391 14
7835 2 2 7 1 925 1112 924
7836 2 2 7 1 1021 1108 1020
7837 2 2 7 1 1019 1395 1018
7838 2 2 7 1 996 1398 995
7839 2 2 7 1 1001 1103 1000
7840 2 2 7 1 1006 1402 1005
7841 2 2 7 1 954 1212 13
7842 2 2 7 1 931 1114 930
7843 2 2 7 1 928 1221 927
7844 2 2 7 1 1004 1210 1003
7845 2 2 7 1 4263 7070 6754
7846 2 2 7 1 2456 5643 2459
7847 2 2 7 1 6419 6424 6421
7848 2 2 7 1 3211 7826 5700
7849 2 2 7 1 4409 5684 4894
7850 2 2 7 1 4884 6766 4420
7851 2 2 7 1 4075 7772 6661
7852 2 2 7 1 5542 5586 5541
7853 2 2 7 1 2028 7947 6530
7854 2 2 7 1 2918 5005 2981
7855 2 2 7 1 4278 5081 5080
7856 2 2 7 1 1742 2111 2110
7857 2 2 7 1 1247 2223 1250
7858 2 2 7 1 4285 7692 4037
7859 2 2 7 1 1635 1718 1529
7860 2 2 7 1 4096 4999 4277
7861 2 2 7 1 3404 3592 3591
7862 2 2 7 1 2227 4478 2228
7863 2 2 7 1 2228 2229 1394
7864 2 2 7 1 5034 7261 2348
7865 2 2 7 1 3981 7222 7221
7866 2 2 7 1 4675 8006 7013
7867 2 2 7 1 1491 7080 1239
7868 2 2 7 1 4074 6892 5117
7869 2 2 7 1 1965 2160 1964
7870 2 2 7 1 1954 8015 6317
7871 2 2 7 1 2062 6974 6413
7872 2 2 7 1 5002 6510 4261
7873 2 2 7 1 4973 6749 3995
7874 2 2 7 1 1937 2074 304
7875 2 2 7 1 4154 4155 4003
7876 2 2 7 1 5082 5643 5590
7877 2 2 7 1 2454 5643 2456
7878 2 2 7 1 6413 7740 1574
7879 2 2 7 1 1590 1611 1610
7880 2 2 7 1 5707 5766 5237
7881 2 2 7 1 2175 6047 6040
7882 2 2 7 1 2285 5651 2357
7883 2 2 7 1 3560 5626 2194
7884 2 2 7 1 1054 7582 2213
7885 2 2 7 1 2017 7123 2018
7886 2 2 7 1 4898 5653 4209
7887 2 2 7 1 5622 7120 4157
7888 2 2 7 1 2307 5654 5328
7889 2 2 7 1 2676 5654 2309
7890 2 2 7 1 2483 2484 2482
7891 2 2 7 1 4750 7389 4377
7892 2 2 7 1 4903 5819 4811
7893 2 2 7 1 5700 7826 3677
7894 2 2 7 1 5624 5845 4742
7895 2 2 7 1 6410 7225 2151
7896 2 2 7 1 2054 6427 1887
7897 2 2 7 1 3735 4400 4174
7898 2 2 7 1 3701 3704 3703
7899 2 2 7 1 2213 7582 1768
7900 2 2 7 1 5762 7997 7322
7901 2 2 7 1 5197 5664 5416
7902 2 2 7 1 5424 5664 4133
7903 2 2 7 1 3390 5577 5576
7904 2 2 7 1 3974 3977 3976
7905 2 2 7 1 311 2089 310
7906 2 2 7 1 6310 7421 1341
7907 2 2 7 1 2555 2557 2556
7908 2 2 7 1 5822 6064 3149
7909 2 2 7 1 2908 7104 4654
7910 2 2 7 1 3619 3620 3618
7911 2 2 7 1 1449 1451 1450
7912 2 2 7 1 1089 6430 1794
7913 2 2 7 1 5098 5651 5603
7914 2 2 7 1 2550 2551 2549
7915 2 2 7 1 2222 6775 2217
7916 2 2 7 1 6477 8021 1139
7917 2 2 7 1 3036 3041 3034
7918 2 2 7 1 4265 6463 4670
7919 2 2 7 1 4886 5087 4680
7920 2 2 7 1 3486 3487 3485
7921 2 2 7 1 4912 7032 4804
7922 2 2 7 1 1970 6126 1650
7923 2 2 7 1 4418 5594 5026
7924 2 2 7 1 1608 6381 1740
7925 2 2 7 1 5885 7825 3136
7926 2 2 7 1 1849 2102 1725
7927 2 2 7 1 5907 7661 7355
7928 2 2 7 1 1438 6818 2187
7929 2 2 7 1 3274 3276 3275
7930 2 2 7 1 3272 3274 3273
7931 2 2 7 1 5115 5116 4692
7932 2 2 7 1 4611 4999 4096
7933 2 2 7 1 2114 6994 1897
7934 2 2 7 1 1218 7871 5410
7935 2 2 7 1 2952 2954 2953
7936 2 2 7 1 2530 5583 2532
7937 2 2 7 1 5038 5809 5808
7938 2 2 7 1 4907 7771 7237
7939 2 2 7 1 3276 3280 3279
7940 2 2 7 1 5114 6471 1412
7941 2 2 7 1 1451 1482 1452
7942 2 2 7 1 2772 2773 2744
7943 2 2 7 1 3502 5589 3551
7944 2 2 7 1 1581 1582 1580
7945 2 2 7 1 3091 3092 3090
7946 2 2 7 1 1897 6994 2198
7947 2 2 7 1 3551 5035 3898
7948 2 2 7 1 6980 8006 3191
7949 2 2 7 1 5671 7309 4606
7950 2 2 7 1 5068 7262 4953
7951 2 2 7 1 3280 3288 3287
7952 2 2 7 1 4897 6954 5017
7953 2 2 7 1 3319 3321 3320
7954 2 2 7 1 4160 5071 5070
7955 2 2 7 1 3999 4001 3590
7956 2 2 7 1 3441 3443 3442
7957 2 2 7 1 5851 6297 1340
7958 2 2 7 1 2529 2530 2527
7959 2 2 7 1 1910 7504 6299
7960 2 2 7 1 4370 5073 4372
7961 2 2 7 1 3409 6517 4121
7962 2 2 7 1 5348 5616 5224
7963 2 2 7 1 6073 6952 6242
7964 2 2 7 1 3008 3009 3005
7965 2 2 7 1 4631 5094 4635
7966 2 2 7 1 3567 6730 4786
7967 2 2 7 1 3178 7166 5734
7968 2 2 7 1 7253 7289 4866
7969 2 2 7 1 1059 7004 6170
7970 2 2 7 1 1289 7704 6411
7971 2 2 7 1 5603 5651 2287
7972 2 2 7 1 1851 6006 6005
7973 2 2 7 1 4284 5671 5588
7974 2 2 7 1 1666 2174 1801
7975 2 2 7 1 3017 8017 7493
7976 2 2 7 1 4498 5713 4500
7977 2 2 7 1 6346 6347 1073
7978 2 2 7 1 5772 7708 4440
7979 2 2 7 1 1392 6802 5222
7980 2 2 7 1 4886 7430 5087
7981 2 2 7 1 5666 6487 4196
7982 2 2 7 1 5071 6528 4879
7983 2 2 7 1 4648 7202 6779
7984 2 2 7 1 4507 7961 5829
7985 2 2 7 1 1491 2172 2077
7986 2 2 7 1 1237 1749 1748
7987 2 2 7 1 2953 5902 5020
7988 2 2 7 1 1274 1407 1406
7989 2 2 7 1 5628 7683 4383
7990 2 2 7 1 1447 1449 1448
7991 2 2 7 1 3991 7781 4915
7992 2 2 7 1 5623 6971 4906
7993 2 2 7 1 4280 6781 4885
7994 2 2 7 1 6090 7495 5617
7995 2 2 7 1 3093 3094 3092
7996 2 2 7 1 6559 7891 3501
7997 2 2 7 1 1349 6347 6346
7998 2 2 7 1 1711 1712 1561
7999 2 2 7 1 1146 6331 5823
8000 2 2 7 1 4643 7273 7271
8001 2 2 7 1 1521 1522 1520
8002 2 2 7 1 3465 7654 4899
8003 2 2 7 1 2199 7515 6015
8004 2 2 7 1 5646 7143 5732
8005 2 2 7 1 3923 3965 3921
8006 2 2 7 1 6640 7154 4255
8007 2 2 7 1 3729 3730 3728
8008 2 2 7 1 5237 5766 5743
8009 2 2 7 1 2162 8020 6252
8010 2 2 7 1 2788 7899 5056
8011 2 2 7 1 2198 6994 1345
8012 2 2 7 1 4584 5703 5542
8013 2 2 7 1 4796 5703 4582
8014 2 2 7 1 6599 7227 1958
8015 2 2 7 1 6247 6550 1763
8016 2 2 7 1 6287 7382 6262
8017 2 2 7 1 5218 5707 3914
8018 2 2 7 1 3907 4436 4124
8019 2 2 7 1 5688 7459 5687
8020 2 2 7 1 1483 6527 1497
8021 2 2 7 1 867 5025 866
8022 2 2 7 1 2204 7109 1308
8023 2 2 7 1 6366 7081 6365
8024 2 2 7 1 4079 5903 4081
8025 2 2 7 1 5701 7283 3548
8026 2 2 7 1 4404 7343 5758
8027 2 2 7 1 1704 2137 2136
8028 2 2 7 1 3089 3090 3083
8029 2 2 7 1 1569 1570 1567
8030 2 2 7 1 1243 7185 6874
8031 2 2 7 1 6342 6865 6341
8032 2 2 7 1 3739 3740 3730
8033 2 2 7 1 4226 5646 4916
8034 2 2 7 1 4132 6879 3186
8035 2 2 7 1 5112 5640 4127
8036 2 2 7 1 1983 7746 2086
8037 2 2 7 1 3343 3345 3344
8038 2 2 7 1 3559 5720 4521
8039 2 2 7 1 3871 4888 3740
8040 2 2 7 1 7324 7535 4800
8041 2 2 7 1 2219 6846 1933
8042 2 2 7 1 3399 3687 3674
8043 2 2 7 1 3945 6609 3943
8044 2 2 7 1 7296 7821 1727
8045 2 2 7 1 1707 7033 2190
8046 2 2 7 1 3096 3097 3094
8047 2 2 7 1 5848 7902 4639
8048 2 2 7 1 6576 7670 3284
8049 2 2 7 1 3517 3766 3585
8050 2 2 7 1 3270 3272 3271
8051 2 2 7 1 6339 7341 2140
8052 2 2 7 1 5005 7220 2981
8053 2 2 7 1 4702 6952 6082
8054 2 2 7 1 1675 6662 2087
8055 2 2 7 1 5884 7825 4896
8056 2 2 7 1 2981 5057 2920
8057 2 2 7 1 2093 7425 6395
8058 2 2 7 1 4872 6971 5623
8059 2 2 7 1 1523 1524 1522
8060 2 2 7 1 2165 6235 1886
8061 2 2 7 1 4391 4393 4392
8062 2 2 7 1 5368 7441 1113
8063 2 2 7 1 5037 7052 5038
8064 2 2 7 1 1676 6532 1681
8065 2 2 7 1 5081 6837 2462
8066 2 2 7 1 6646 6784 4419
8067 2 2 7 1 4459 7602 7027
8068 2 2 7 1 5914 6863 2355
8069 2 2 7 1 5311 5721 5374
8070 2 2 7 1 1673 1698 1697
8071 2 2 7 1 5063 7355 3578
8072 2 2 7 1 5076 7313 4955
8073 2 2 7 1 1467 7183 2087
8074 2 2 7 1 5963 7331 4769
8075 2 2 7 1 4379 4905 3434
8076 2 2 7 1 4910 5734 5618
8077 2 2 7 1 4449 7753 3423
8078 2 2 7 1 4262 6511 6391
8079 2 2 7 1 2995 7511 4649
8080 2 2 7 1 5416 5728 5415
8081 2 2 7 1 4156 5728 5222
8082 2 2 7 1 6252 7397 2162
8083 2 2 7 1 1233 1281 1280
8084 2 2 7 1 4212 6682 4823
8085 2 2 7 1 6055 7637 5624
8086 2 2 7 1 4134 4135 4083
8087 2 2 7 1 5622 7471 3148
8088 2 2 7 1 701 2113 700
8089 2 2 7 1 2899 5696 5136
8090 2 2 7 1 3462 3484 3483
8091 2 2 7 1 5056 7899 6368
8092 2 2 7 1 2497 2499 2498
8093 2 2 7 1 1973 7376 6442
8094 2 2 7 1 5132 6455 5753
8095 2 2 7 1 5879 6243 4150
8096 2 2 7 1 2918 2981 2920
8097 2 2 7 1 4981 8009 6264
8098 2 2 7 1 2078 2079 2077
8099 2 2 7 1 1264 1265 1263
8100 2 2 7 1 4866 7289 4070
8101 2 2 7 1 4616 5608 5089
8102 2 2 7 1 4966 7015 6045
8103 2 2 7 1 3102 3103 3097
8104 2 2 7 1 4375 7615 5016
8105 2 2 7 1 5527 5778 5528
8106 2 2 7 1 5044 5778 5045
8107 2 2 7 1 1525 1526 1524
8108 2 2 7 1 2027 7857 2015
8109 2 2 7 1 1266 1267 1265
8110 2 2 7 1 1631 1632 1532
8111 2 2 7 1 4933 7828 3467
8112 2 2 7 1 3069 3070 3068
8113 2 2 7 1 3452 4650 3453
8114 2 2 7 1 1994 7383 1895
8115 2 2 7 1 4811 5642 3574
8116 2 2 7 1 6794 7137 6795
8117 2 2 7 1 2069 6478 2117
8118 2 2 7 1 5196 7805 5195
8119 2 2 7 1 1389 6681 2127
8120 2 2 7 1 3364 7150 3363
8121 2 2 7 1 3321 3323 3322
8122 2 2 7 1 2039 7030 1910
8123 2 2 7 1 4919 4920 3239
8124 2 2 7 1 4478 6793 5090
8125 2 2 7 1 1785 8003 1992
8126 2 2 7 1 5108 7546 5109
8127 2 2 7 1 1816 2044 1812
8128 2 2 7 1 1253 2085 1248
8129 2 2 7 1 2809 5643 2454
8130 2 2 7 1 3544 6474 3553
8131 2 2 7 1 4867 7079 2971
8132 2 2 7 1 4798 7390 5602
8133 2 2 7 1 2469 6854 2463
8134 2 2 7 1 1439 1441 1440
8135 2 2 7 1 1462 6521 1494
8136 2 2 7 1 1788 2146 1885
8137 2 2 7 1 3935 3937 3936
8138 2 2 7 1 5704 6523 5705
8139 2 2 7 1 4259 7410 7056
8140 2 2 7 1 1770 6909 6613
8141 2 2 7 1 2026 2123 2122
8142 2 2 7 1 2002 7760 1907
8143 2 2 7 1 2287 5651 2285
8144 2 2 7 1 4481 4484 4483
8145 2 2 7 1 3180 6162 5733
8146 2 2 7 1 4814 5628 3584
8147 2 2 7 1 4553 6584 4558
8148 2 2 7 1 5749 7191 5528
8149 2 2 7 1 1055 6907 6211
8150 2 2 7 1 1268 1269 1267
8151 2 2 7 1 4209 5653 4880
8152 2 2 7 1 3765 4650 3452
8153 2 2 7 1 7267 7349 6035
8154 2 2 7 1 2309 5654 2307
8155 2 2 7 1 2000 6552 1470
8156 2 2 7 1 2140 7712 6343
8157 2 2 7 1 1527 1538 1526
8158 2 2 7 1 3104 3105 3103
8159 2 2 7 1 3591 6448 5727
8160 2 2 7 1 1615 1617 1616
8161 2 2 7 1 313 2118 312
8162 2 2 7 1 4272 7946 5697
8163 2 2 7 1 3071 3072 3070
8164 2 2 7 1 1329 6235 6234
8165 2 2 7 1 1441 1443 1442
8166 2 2 7 1 1922 7970 1870
8167 2 2 7 1 2085 7287 1248
8168 2 2 7 1 1415 1417 1416
8169 2 2 7 1 3661 3662 2791
8170 2 2 7 1 4159 7964 6445
8171 2 2 7 1 2972 7981 4971
8172 2 2 7 1 4880 5841 4145
8173 2 2 7 1 4144 5841 4833
8174 2 2 7 1 2541 2542 2540
8175 2 2 7 1 4955 7313 4957
8176 2 2 7 1 2140 7341 1764
8177 2 2 7 1 2488 2490 2489
8178 2 2 7 1 1262 1263 1174
8179 2 2 7 1 4031 4045 4029
8180 2 2 7 1 3546 3547 3534
8181 2 2 7 1 3247 3249 3248
8182 2 2 7 1 3624 7873 3622
8183 2 2 7 1 3073 3074 3072
8184 2 2 7 1 4133 5664 5197
8185 2 2 7 1 4903 7523 5819
8186 2 2 7 1 5607 7805 5196
8187 2 2 7 1 2977 4867 2966
8188 2 2 7 1 1828 6656 2188
8189 2 2 7 1 5262 7428 5796
8190 2 2 7 1 6114 6131 5072
8191 2 2 7 1 4900 7642 4884
8192 2 2 7 1 1417 1419 1418
8193 2 2 7 1 5632 6446 4802
8194 2 2 7 1 2223 7611 3543
8195 2 2 7 1 1443 1445 1444
8196 2 2 7 1 1275 1276 1269
8197 2 2 7 1 5237 5869 5236
8198 2 2 7 1 5334 5869 5335
8199 2 2 7 1 4415 4416 4180
8200 2 2 7 1 3519 4163 3521
8201 2 2 7 1 3657 3752 3751
8202 2 2 7 1 2587 2905 2564
8203 2 2 7 1 6421 7396 6422
8204 2 2 7 1 5938 7156 5937
8205 2 2 7 1 3393 7517 3372
8206 2 2 7 1 5035 5036 3898
8207 2 2 7 1 6007 6244 4782
8208 2 2 7 1 3053 7373 4132
8209 2 2 7 1 1974 2069 693
8210 2 2 7 1 5095 7349 5096
8211 2 2 7 1 1539 1540 1538
8212 2 2 7 1 1437 1439 1438
8213 2 2 7 1 4698 7001 3739
8214 2 2 7 1 2177 7036 6599
8215 2 2 7 1 2991 5868 2988
8216 2 2 7 1 4389 4390 2461
8217 2 2 7 1 2984 4830 3242
8218 2 2 7 1 5980 7412 5981
8219 2 2 7 1 4359 7346 4944
8220 2 2 7 1 5035 5589 4638
8221 2 2 7 1 3174 8017 6184
8222 2 2 7 1 3075 3076 3074
8223 2 2 7 1 3110 3111 3105
8224 2 2 7 1 1977 6495 1976
8225 2 2 7 1 7485 7943 6465
8226 2 2 7 1 2905 6462 2564
8227 2 2 7 1 5803 7802 5802
8228 2 2 7 1 2456 2459 2458
8229 2 2 7 1 3249 3251 3250
8230 2 2 7 1 2043 7966 2133
8231 2 2 7 1 2916 6696 4792
8232 2 2 7 1 1387 1457 1456
8233 2 2 7 1 1247 1250 1249
8234 2 2 7 1 4388 6854 4988
8235 2 2 7 1 4213 6694 5682
8236 2 2 7 1 2042 6868 3541
8237 2 2 7 1 2007 6425 1607
8238 2 2 7 1 3709 5615 3711
8239 2 2 7 1 1419 1421 1420
8240 2 2 7 1 864 5089 863
8241 2 2 7 1 3251 3253 3252
8242 2 2 7 1 4474 7876 3743
8243 2 2 7 1 4136 7370 5719
8244 2 2 7 1 4754 6565 3064
8245 2 2 7 1 6335 7341 1348
8246 2 2 7 1 5673 6652 4643
8247 2 2 7 1 3443 3446 3445
8248 2 2 7 1 1413 1415 1414
8249 2 2 7 1 6312 6675 5826
8250 2 2 7 1 3253 3255 3254
8251 2 2 7 1 4877 5663 4085
8252 2 2 7 1 2940 2941 2935
8253 2 2 7 1 4117 4123 4118
8254 2 2 7 1 1721 1769 1768
8255 2 2 7 1 6660 7765 1962
8256 2 2 7 1 6018 7932 4944
8257 2 2 7 1 3255 3257 3256
8258 2 2 7 1 1277 1278 1276
8259 2 2 7 1 5690 6560 6155
8260 2 2 7 1 7008 7664 7233
8261 2 2 7 1 5138 7379 6046
8262 2 2 7 1 1421 1423 1422
8263 2 2 7 1 3341 7448 6418
8264 2 2 7 1 7440 7823 1920
8265 2 2 7 1 4846 5671 4284
8266 2 2 7 1 3281 7637 6089
8267 2 2 7 1 6122 6123 4492
8268 2 2 7 1 5630 7896 3503
8269 2 2 7 1 3257 3259 3258
8270 2 2 7 1 5680 7161 3016
8271 2 2 7 1 6556 6792 5783
8272 2 2 7 1 2080 7240 6743
8273 2 2 7 1 5579 6352 5140
8274 2 2 7 1 5358 5914 2355
8275 2 2 7 1 1706 7102 1948
8276 2 2 7 1 3136 7825 5884
8277 2 2 7 1 6482 7983 3120
8278 2 2 7 1 1772 2129 1811
8279 2 2 7 1 4227 4228 3733
8280 2 2 7 1 1380 1839 1381
8281 2 2 7 1 2515 7000 2514
8282 2 2 7 1 4123 4188 4187
8283 2 2 7 1 2231 6352 2229
8284 2 2 7 1 1454 6409 1362
8285 2 2 7 1 3259 3261 3260
8286 2 2 7 1 5113 7392 3671
8287 2 2 7 1 1577 1578 1576
8288 2 2 7 1 1119 6352 5579
8289 2 2 7 1 1716 2057 1714
8290 2 2 7 1 5222 6475 1392
8291 2 2 7 1 5937 7156 4197
8292 2 2 7 1 5261 6859 1215
8293 2 2 7 1 3611 3612 3610
8294 2 2 7 1 3261 3263 3262
8295 2 2 7 1 2466 2470 2467
8296 2 2 7 1 3056 5046 3410
8297 2 2 7 1 1603 1604 1515
8298 2 2 7 1 4007 4384 3422
8299 2 2 7 1 4512 5009 4513
8300 2 2 7 1 4696 6390 4527
8301 2 2 7 1 1423 1425 1424
8302 2 2 7 1 3998 4985 4837
8303 2 2 7 1 4799 6702 5579
8304 2 2 7 1 4353 7280 5130
8305 2 2 7 1 3323 3327 3326
8306 2 2 7 1 6256 7783 3963
8307 2 2 7 1 4125 6389 5218
8308 2 2 7 1 3236 7550 3417
8309 2 2 7 1 1702 1721 1720
8310 2 2 7 1 3263 3266 3265
8311 2 2 7 1 2981 7220 4967
8312 2 2 7 1 6559 7636 5629
8313 2 2 7 1 3541 3578 3558
8314 2 2 7 1 5585 5660 4691
8315 2 2 7 1 5056 6368 4007
8316 2 2 7 1 3266 3268 3267
8317 2 2 7 1 4868 7110 2510
8318 2 2 7 1 1575 1576 1574
8319 2 2 7 1 2158 7094 1728
8320 2 2 7 1 4729 7629 3777
8321 2 2 7 1 1887 6427 1888
8322 2 2 7 1 3116 3117 3111
8323 2 2 7 1 1279 6419 1278
8324 2 2 7 1 1334 7397 6240
8325 2 2 7 1 4969 5612 4891
8326 2 2 7 1 4739 5722 5721
8327 2 2 7 1 6616 7762 2528
8328 2 2 7 1 5439 7194 1101
8329 2 2 7 1 1425 1427 1426
8330 2 2 7 1 5614 6973 4384
8331 2 2 7 1 4364 4795 3577
8332 2 2 7 1 2917 5005 2918
8333 2 2 7 1 5677 7827 3340
8334 2 2 7 1 1720 6617 2155
8335 2 2 7 1 1290 1291 1289
8336 2 2 7 1 1549 1550 1548
8337 2 2 7 1 1713 1714 1712
8338 2 2 7 1 2178 6743 2174
8339 2 2 7 1 5034 7665 5011
8340 2 2 7 1 1781 7927 1792
8341 2 2 7 1 5135 7520 5955
8342 2 2 7 1 1948 7102 6146
8343 2 2 7 1 4660 7355 5063
8344 2 2 7 1 5985 6781 3088
8345 2 2 7 1 4197 7156 4198
8346 2 2 7 1 4894 7660 4850
8347 2 2 7 1 5112 7921 3133
8348 2 2 7 1 1573 1574 1572
8349 2 2 7 1 1925 7824 2047
8350 2 2 7 1 1700 1702 1701
8351 2 2 7 1 5589 6963 4638
8352 2 2 7 1 6838 7311 6546
8353 2 2 7 1 1427 1429 1428
8354 2 2 7 1 1026 6810 5048
8355 2 2 7 1 4839 5093 4328
8356 2 2 7 1 1571 1572 1570
8357 2 2 7 1 3953 6651 5779
8358 2 2 7 1 1459 1461 1460
8359 2 2 7 1 3054 5596 3056
8360 2 2 7 1 3042 3043 3041
8361 2 2 7 1 4531 7212 6093
8362 2 2 7 1 4518 4519 2853
8363 2 2 7 1 6881 7652 5902
8364 2 2 7 1 7183 7882 1847
8365 2 2 7 1 3588 6593 4869
8366 2 2 7 1 4452 6672 4219
8367 2 2 7 1 1281 1284 1283
8368 2 2 7 1 3329 3331 3330
8369 2 2 7 1 6252 8020 1950
8370 2 2 7 1 3497 3499 3498
8371 2 2 7 1 5604 5652 5569
8372 2 2 7 1 5350 5825 3994
8373 2 2 7 1 5059 6703 5060
8374 2 2 7 1 3765 7327 4650
8375 2 2 7 1 1698 1700 1699
8376 2 2 7 1 5370 7968 2750
8377 2 2 7 1 6037 6038 1849
8378 2 2 7 1 4793 7648 4557
8379 2 2 7 1 1429 1431 1430
8380 2 2 7 1 6418 7727 3341
8381 2 2 7 1 4188 5115 4692
8382 2 2 7 1 1773 2132 1775
8383 2 2 7 1 1541 1542 1540
8384 2 2 7 1 6728 7083 1914
8385 2 2 7 1 5690 6992 5688
8386 2 2 7 1 2177 6598 2176
8387 2 2 7 1 1557 1559 1558
8388 2 2 7 1 4214 5064 2900
8389 2 2 7 1 3440 7954 4401
8390 2 2 7 1 1931 7363 1619
8391 2 2 7 1 1962 7784 6465
8392 2 2 7 1 4733 5678 5677
8393 2 2 7 1 4084 5903 4079
8394 2 2 7 1 2479 2481 2480
8395 2 2 7 1 3242 4169 4168
8396 2 2 7 1 4652 6490 4171
8397 2 2 7 1 5423 6490 5424
8398 2 2 7 1 7264 7530 4854
8399 2 2 7 1 5768 6862 4753
8400 2 2 7 1 1816 6432 2044
8401 2 2 7 1 3613 3614 3612
8402 2 2 7 1 4021 6480 6479
8403 2 2 7 1 1431 1433 1432
8404 2 2 7 1 687 2157 686
8405 2 2 7 1 6364 6365 1197
8406 2 2 7 1 5369 6446 5360
8407 2 2 7 1 2266 6499 2264
8408 2 2 7 1 7416 7524 3435
8409 2 2 7 1 5195 6455 4129
8410 2 2 7 1 5053 7643 2359
8411 2 2 7 1 2534 2536 2535
8412 2 2 7 1 6512 7818 3438
8413 2 2 7 1 1407 1409 1408
8414 2 2 7 1 4379 6406 4905
8415 2 2 7 1 5600 7158 4357
8416 2 2 7 1 6383 6387 2131
8417 2 2 7 1 2229 5761 1394
8418 2 2 7 1 1384 7165 2055
8419 2 2 7 1 6195 6632 6196
8420 2 2 7 1 2183 6617 1720
8421 2 2 7 1 4025 4410 4023
8422 2 2 7 1 3044 3045 3043
8423 2 2 7 1 4951 6056 6032
8424 2 2 7 1 1292 1293 1291
8425 2 2 7 1 3704 4062 3705
8426 2 2 7 1 1433 1435 1434
8427 2 2 7 1 1753 1754 1752
8428 2 2 7 1 5489 6967 1042
8429 2 2 7 1 2539 6794 4986
8430 2 2 7 1 4365 7759 6144
8431 2 2 7 1 4582 5703 4584
8432 2 2 7 1 3615 3616 3614
8433 2 2 7 1 1967 7731 2050
8434 2 2 7 1 3600 6604 3598
8435 2 2 7 1 5642 7709 4380
8436 2 2 7 1 6421 6422 6420
8437 2 2 7 1 4812 8012 6333
8438 2 2 7 1 3914 5707 5237
8439 2 2 7 1 5805 6091 3163
8440 2 2 7 1 2843 6524 2561
8441 2 2 7 1 4900 7408 3465
8442 2 2 7 1 2524 2526 2525
8443 2 2 7 1 4517 7371 4518
8444 2 2 7 1 4850 7660 5037
8445 2 2 7 1 1779 2142 1781
8446 2 2 7 1 5618 7166 4816
8447 2 2 7 1 5611 7040 6765
8448 2 2 7 1 3267 5094 4631
8449 2 2 7 1 3711 4184 4183
8450 2 2 7 1 5057 7799 3736
8451 2 2 7 1 1545 1547 1546
8452 2 2 7 1 3318 7953 4370
8453 2 2 7 1 5638 5639 4689
8454 2 2 7 1 6333 6334 4332
8455 2 2 7 1 2936 7933 4186
8456 2 2 7 1 1083 5941 5940
8457 2 2 7 1 6620 7479 5789
8458 2 2 7 1 1736 2175 2120
8459 2 2 7 1 7301 7302 3286
8460 2 2 7 1 2013 7487 2124
8461 2 2 7 1 3051 3052 3045
8462 2 2 7 1 4988 6854 2469
8463 2 2 7 1 6719 7851 3095
8464 2 2 7 1 6571 6812 4130
8465 2 2 7 1 1309 7752 2199
8466 2 2 7 1 1457 1459 1458
8467 2 2 7 1 2954 2956 2955
8468 2 2 7 1 3752 5791 3751
8469 2 2 7 1 1409 1411 1410
8470 2 2 7 1 1801 6742 2000
8471 2 2 7 1 5786 5863 2994
8472 2 2 7 1 3013 3014 3009
8473 2 2 7 1 6971 7807 3169
8474 2 2 7 1 3425 3491 3424
8475 2 2 7 1 1504 4937 1
8476 2 2 7 1 3933 3934 3932
8477 2 2 7 1 3183 6342 6341
8478 2 2 7 1 5630 7042 3538
8479 2 2 7 1 1087 7965 2107
8480 2 2 7 1 4951 7346 4359
8481 2 2 7 1 2562 7774 7265
8482 2 2 7 1 3515 4873 3513
8483 2 2 7 1 6393 6396 1084
8484 2 2 7 1 3153 7379 6080
8485 2 2 7 1 3450 3451 3416
8486 2 2 7 1 3392 4085 3391
8487 2 2 7 1 3396 6684 3345
8488 2 2 7 1 3721 3732 3437
8489 2 2 7 1 1503 1566 1465
8490 2 2 7 1 4002 4216 4001
8491 2 2 7 1 3053 3054 3052
8492 2 2 7 1 4696 6391 6390
8493 2 2 7 1 5528 6648 5749
8494 2 2 7 1 4115 5578 4113
8495 2 2 7 1 5013 5101 4814
8496 2 2 7 1 5982 6831 3007
8497 2 2 7 1 1786 2146 1788
8498 2 2 7 1 2031 2197 2075
8499 2 2 7 1 4192 5676 5021
8500 2 2 7 1 4674 6579 5739
8501 2 2 7 1 4428 7188 5714
8502 2 2 7 1 4423 4425 4250
8503 2 2 7 1 4048 4051 4050
8504 2 2 7 1 2358 7244 7141
8505 2 2 7 1 1989 6814 1832
8506 2 2 7 1 2189 7497 1051
8507 2 2 7 1 1633 1705 1632
8508 2 2 7 1 4763 6863 5914
8509 2 2 7 1 2227 2228 1394
8510 2 2 7 1 3273 7939 4362
8511 2 2 7 1 4417 4418 4416
8512 2 2 7 1 3519 7948 4163
8513 2 2 7 1 3510 3511 3509
8514 2 2 7 1 4795 7866 3271
8515 2 2 7 1 5086 5739 1220
8516 2 2 7 1 3731 6678 6560
8517 2 2 7 1 2048 7376 1691
8518 2 2 7 1 4030 5118 4032
8519 2 2 7 1 4705 4706 4351
8520 2 2 7 1 5003 6120 6095
8521 2 2 7 1 4705 5704 4706
8522 2 2 7 1 3637 3640 3639
8523 2 2 7 1 5909 7178 7177
8524 2 2 7 1 4966 5617 4776
8525 2 2 7 1 6035 7266 5069
8526 2 2 7 1 4739 5721 5311
8527 2 2 7 1 4360 4928 3580
8528 2 2 7 1 1883 6771 2202
8529 2 2 7 1 4732 7391 5074
8530 2 2 7 1 7887 7978 1795
8531 2 2 7 1 6651 7935 4015
8532 2 2 7 1 3279 7960 4366
8533 2 2 7 1 2049 6882 1900
8534 2 2 7 1 1386 7339 6713
8535 2 2 7 1 4923 4924 4092
8536 2 2 7 1 1706 1853 1705
8537 2 2 7 1 5953 6820 4963
8538 2 2 7 1 2192 2194 1927
8539 2 2 7 1 5121 5785 5120
8540 2 2 7 1 5415 5728 4156
8541 2 2 7 1 4706 7666 5029
8542 2 2 7 1 3994 5825 5457
8543 2 2 7 1 6335 7623 7341
8544 2 2 7 1 7259 7457 4636
8545 2 2 7 1 689 2168 688
8546 2 2 7 1 4807 7930 7645
8547 2 2 7 1 4223 6601 4165
8548 2 2 7 1 1637 7382 6687
8549 2 2 7 1 3182 6668 3234
8550 2 2 7 1 6334 8012 4128
8551 2 2 7 1 1854 1855 1853
8552 2 2 7 1 4982 7335 4717
8553 2 2 7 1 4712 7718 6443
8554 2 2 7 1 2183 7582 6375
8555 2 2 7 1 6117 7274 1186
8556 2 2 7 1 3701 7776 3704
8557 2 2 7 1 4041 4285 4037
8558 2 2 7 1 2078 7317 2079
8559 2 2 7 1 5592 7190 3573
8560 2 2 7 1 3238 6856 6644
8561 2 2 7 1 4512 6418 5009
8562 2 2 7 1 4028 4074 4030
8563 2 2 7 1 4657 7043 3527
8564 2 2 7 1 3687 7480 7401
8565 2 2 7 1 2672 4984 2590
8566 2 2 7 1 5065 7612 6218
8567 2 2 7 1 4664 7326 5782
8568 2 2 7 1 4436 5023 4439
8569 2 2 7 1 3446 3448 3447
8570 2 2 7 1 1856 1857 1855
8571 2 2 7 1 4958 7758 4777
8572 2 2 7 1 4274 7426 4276
8573 2 2 7 1 6661 6760 4065
8574 2 2 7 1 4700 7135 5678
8575 2 2 7 1 1684 6500 1826
8576 2 2 7 1 5661 6487 3100
8577 2 2 7 1 5981 7412 4466
8578 2 2 7 1 5679 7134 916
8579 2 2 7 1 5589 6715 3537
8580 2 2 7 1 1858 1859 1857
8581 2 2 7 1 4178 4179 3492
8582 2 2 7 1 4395 7413 4719
8583 2 2 7 1 4915 7781 4644
8584 2 2 7 1 4192 7220 5676
8585 2 2 7 1 2899 5136 3735
8586 2 2 7 1 3917 5131 4629
8587 2 2 7 1 4074 5118 4030
8588 2 2 7 1 6576 7121 6376
8589 2 2 7 1 4743 7162 5624
8590 2 2 7 1 4410 6960 6479
8591 2 2 7 1 3905 6618 6575
8592 2 2 7 1 5733 6162 3003
8593 2 2 7 1 3239 6944 4919
8594 2 2 7 1 3184 7215 6723
8595 2 2 7 1 703 5599 702
8596 2 2 7 1 4550 7693 4549
8597 2 2 7 1 4922 7379 4467
8598 2 2 7 1 1860 1861 1859
8599 2 2 7 1 4593 4913 4043
8600 2 2 7 1 2546 2548 2547
8601 2 2 7 1 4090 4964 4089
8602 2 2 7 1 4619 6935 4905
8603 2 2 7 1 4368 4369 4271
8604 2 2 7 1 5045 5778 5527
8605 2 2 7 1 6596 7154 5615
8606 2 2 7 1 874 5597 873
8607 2 2 7 1 5026 5594 4596
8608 2 2 7 1 1862 1863 1861
8609 2 2 7 1 4085 5663 4088
8610 2 2 7 1 2468 6843 5010
8611 2 2 7 1 6937 7491 4633
8612 2 2 7 1 4014 4907 3662
8613 2 2 7 1 4374 5659 4371
8614 2 2 7 1 4189 7338 6886
8615 2 2 7 1 1789 7801 1981
8616 2 2 7 1 4217 4281 4216
8617 2 2 7 1 4780 7204 4095
8618 2 2 7 1 2038 5827 1679
8619 2 2 7 1 13 5738 953
8620 2 2 7 1 1034 5740 1033
8621 2 2 7 1 993 5760 992
8622 2 2 7 1 939 5739 938
8623 2 2 7 1 965 5743 964
8624 2 2 7 1 946 2227 945
8625 2 2 7 1 1009 5736 1008
8626 2 2 7 1 979 5741 978
8627 2 2 7 1 1014 5737 1013
8628 2 2 7 1 1040 5754 1039
8629 2 2 7 1 932 5758 931
8630 2 2 7 1 933 5757 932
8631 2 2 7 1 1024 5753 1023
8632 2 2 7 1 1010 5742 1009
8633 2 2 7 1 1036 5762 1035
8634 2 2 7 1 1007 5764 1006
8635 2 2 7 1 1032 5749 1031
8636 2 2 7 1 926 5747 925
8637 2 2 7 1 951 5746 950
8638 2 2 7 1 1005 5755 1004
8639 2 2 7 1 1029 5750 1028
8640 2 2 7 1 927 5748 926
8641 2 2 7 1 14 5744 984
8642 2 2 7 1 990 5759 989
8643 2 2 7 1 1018 5752 1017
8644 2 2 7 1 15 5751 1015
8645 2 2 7 1 1020 5745 1019
8646 2 2 7 1 944 5761 943
8647 2 2 7 1 986 5763 985
8648 2 2 7 1 1038 5756 1037
8649 2 2 7 1 953 5765 952
8650 2 2 7 1 1306 7748 5993
8651 2 2 7 1 1864 1866 1863
8652 2 2 7 1 6985 7112 4792
8653 2 2 7 1 5839 6919 4541
8654 2 2 7 1 964 5766 963
8655 2 2 7 1 1769 7462 2057
8656 2 2 7 1 5576 6639 3390
8657 2 2 7 1 5895 6875 2163
8658 2 2 7 1 1106 7424 5507
8659 2 2 7 1 2877 6933 4943
8660 2 2 7 1 5095 5096 4669
8661 2 2 7 1 5088 6505 4063
8662 2 2 7 1 1514 2119 1606
8663 2 2 7 1 4972 7076 2982
8664 2 2 7 1 4641 7543 5943
8665 2 2 7 1 4079 4081 4080
8666 2 2 7 1 1545 7229 2139
8667 2 2 7 1 1986 7274 6117
8668 2 2 7 1 1867 2054 1866
8669 2 2 7 1 5820 7840 1076
8670 2 2 7 1 1589 7227 6599
8671 2 2 7 1 4981 7634 4722
8672 2 2 7 1 5194 6699 4550
8673 2 2 7 1 1435 2187 1434
8674 2 2 7 1 2197 6561 1404
8675 2 2 7 1 2494 2495 2493
8676 2 2 7 1 4839 7257 5093
8677 2 2 7 1 3607 3608 3606
8678 2 2 7 1 7461 8006 4675
8679 2 2 7 1 3973 3974 3972
8680 2 2 7 1 4654 7278 6590
8681 2 2 7 1 2552 2553 2551
8682 2 2 7 1 1824 7411 6549
8683 2 2 7 1 4660 5063 5062
8684 2 2 7 1 4737 6714 4739
8685 2 2 7 1 1622 1625 1624
8686 2 2 7 1 3531 3533 3532
8687 2 2 7 1 3018 3019 3014
8688 2 2 7 1 4406 6724 4207
8689 2 2 7 1 5649 7249 5695
8690 2 2 7 1 3208 7346 6032
8691 2 2 7 1 6309 7064 6305
8692 2 2 7 1 3431 5078 3749
8693 2 2 7 1 2348 7665 5034
8694 2 2 7 1 4229 4230 4228
8695 2 2 7 1 2874 6629 2878
8696 2 2 7 1 1605 1724 1604
8697 2 2 7 1 5801 5983 5964
8698 2 2 7 1 4738 6736 4737
8699 2 2 7 1 1797 6379 6378
8700 2 2 7 1 6639 7981 3387
8701 2 2 7 1 3904 6602 5636
8702 2 2 7 1 1839 1840 1381
8703 2 2 7 1 5615 7154 6640
8704 2 2 7 1 3578 6868 5063
8705 2 2 7 1 5943 7359 6664
8706 2 2 7 1 4455 6492 5718
8707 2 2 7 1 4381 5628 4383
8708 2 2 7 1 4786 7678 4678
8709 2 2 7 1 316 2185 315
8710 2 2 7 1 1271 1273 1272
8711 2 2 7 1 1320 7719 6166
8712 2 2 7 1 4705 7466 6523
8713 2 2 7 1 6075 6952 3156
8714 2 2 7 1 4699 7067 6790
8715 2 2 7 1 5457 6756 5310
8716 2 2 7 1 4376 5642 4380
8717 2 2 7 1 1067 7432 6367
8718 2 2 7 1 2825 2833 2672
8719 2 2 7 1 4598 7772 4075
8720 2 2 7 1 4921 6921 3277
8721 2 2 7 1 6896 6897 1390
8722 2 2 7 1 6148 7849 4714
8723 2 2 7 1 4043 4913 4044
8724 2 2 7 1 3575 4225 3722
8725 2 2 7 1 4614 6376 4613
8726 2 2 7 1 5634 7386 5083
8727 2 2 7 1 1737 7251 6897
8728 2 2 7 1 2973 3388 3387
8729 2 2 7 1 4159 5121 5120
8730 2 2 7 1 5222 6802 5221
8731 2 2 7 1 4647 7568 6586
8732 2 2 7 1 1725 1945 1724
8733 2 2 7 1 4401 5645 4808
8734 2 2 7 1 5788 7759 4365
8735 2 2 7 1 2110 7797 6401
8736 2 2 7 1 1841 1929 1843
8737 2 2 7 1 2823 7018 2874
8738 2 2 7 1 3193 3194 3188
8739 2 2 7 1 1000 5796 999
8740 2 2 7 1 2201 2202 1846
8741 2 2 7 1 6184 8017 3017
8742 2 2 7 1 6443 6572 4713
8743 2 2 7 1 1261 1271 1270
8744 2 2 7 1 3952 7326 6256
8745 2 2 7 1 3559 4521 4520
8746 2 2 7 1 4280 7175 5650
8747 2 2 7 1 2000 6742 6552
8748 2 2 7 1 5162 6835 4295
8749 2 2 7 1 1874 5883 1872
8750 2 2 7 1 1928 7686 7217
8751 2 2 7 1 6953 6954 3021
8752 2 2 7 1 4282 4283 4281
8753 2 2 7 1 4522 6057 4951
8754 2 2 7 1 3404 5584 3592
8755 2 2 7 1 3969 3991 3968
8756 2 2 7 1 1895 7578 7199
8757 2 2 7 1 6317 6437 1555
8758 2 2 7 1 1466 6573 2092
8759 2 2 7 1 1703 2162 2161
8760 2 2 7 1 4169 4192 4170
8761 2 2 7 1 2011 6757 1884
8762 2 2 7 1 6608 7610 5007
8763 2 2 7 1 4920 5067 3239
8764 2 2 7 1 1284 1286 1285
8765 2 2 7 1 3191 7456 6980
8766 2 2 7 1 3982 3983 3980
8767 2 2 7 1 1582 1584 1583
8768 2 2 7 1 3230 5698 5124
8769 2 2 7 1 5861 7959 6031
8770 2 2 7 1 1993 7509 6212
8771 2 2 7 1 4231 4232 4230
8772 2 2 7 1 3414 3415 3237
8773 2 2 7 1 3020 3021 3019
8774 2 2 7 1 3118 3119 3117
8775 2 2 7 1 2167 6427 1867
8776 2 2 7 1 5786 7236 5848
8777 2 2 7 1 2095 7719 6134
8778 2 2 7 1 6259 7929 2103
8779 2 2 7 1 2573 2575 2574
8780 2 2 7 1 3550 5625 1273
8781 2 2 7 1 4145 5841 4144
8782 2 2 7 1 971 6292 970
8783 2 2 7 1 5312 6889 4681
8784 2 2 7 1 2125 7914 2123
8785 2 2 7 1 5691 7115 2589
8786 2 2 7 1 1655 2206 1657
8787 2 2 7 1 1965 7387 2160
8788 2 2 7 1 6886 7338 6506
8789 2 2 7 1 4366 5724 4551
8790 2 2 7 1 4438 6881 5902
8791 2 2 7 1 5604 6724 1211
8792 2 2 7 1 4323 6724 5604
8793 2 2 7 1 5876 7312 4830
8794 2 2 7 1 5859 7273 4130
8795 2 2 7 1 3345 3349 3346
8796 2 2 7 1 4756 7402 5877
8797 2 2 7 1 2476 2477 2475
8798 2 2 7 1 4447 7272 4980
8799 2 2 7 1 5582 7167 2538
8800 2 2 7 1 4017 6918 6808
8801 2 2 7 1 6544 6769 6113
8802 2 2 7 1 6845 7835 4771
8803 2 2 7 1 4815 7937 4122
8804 2 2 7 1 4707 7755 6980
8805 2 2 7 1 2485 2486 2484
8806 2 2 7 1 4592 7347 5741
8807 2 2 7 1 1381 7276 3376
8808 2 2 7 1 4189 6917 4930
8809 2 2 7 1 5638 7707 5639
8810 2 2 7 1 4185 6630 5126
8811 2 2 7 1 1361 1386 1385
8812 2 2 7 1 3028 7651 6589
8813 2 2 7 1 1829 2188 2097
8814 2 2 7 1 4344 4764 3381
8815 2 2 7 1 6599 7036 1589
8816 2 2 7 1 3695 7154 6596
8817 2 2 7 1 1212 5738 13
8818 2 2 7 1 1101 5760 993
8819 2 2 7 1 945 2227 1394
8820 2 2 7 1 1033 5740 1180
8821 2 2 7 1 1220 5739 939
8822 2 2 7 1 1396 5740 1034
8823 2 2 7 1 1213 5754 1040
8824 2 2 7 1 943 5761 1119
8825 2 2 7 1 1391 5744 14
8826 2 2 7 1 1013 5737 1401
8827 2 2 7 1 978 5741 1223
8828 2 2 7 1 1402 5755 1005
8829 2 2 7 1 989 5759 1392
8830 2 2 7 1 1217 5743 965
8831 2 2 7 1 1120 5746 951
8832 2 2 7 1 1222 5753 1024
8833 2 2 7 1 1399 5756 1038
8834 2 2 7 1 1109 5762 1036
8835 2 2 7 1 1108 5745 1020
8836 2 2 7 1 1017 5752 1216
8837 2 2 7 1 1102 5763 986
8838 2 2 7 1 1008 5736 1104
8839 2 2 7 1 950 5746 1393
8840 2 2 7 1 1105 5737 1014
8841 2 2 7 1 1209 5742 1010
8842 2 2 7 1 1104 5764 1007
8843 2 2 7 1 1039 5754 1399
8844 2 2 7 1 1224 5757 933
8845 2 2 7 1 1023 5753 1400
8846 2 2 7 1 1397 5750 1029
8847 2 2 7 1 1180 5749 1032
8848 2 2 7 1 931 5758 1114
8849 2 2 7 1 1035 5762 1396
8850 2 2 7 1 1006 5764 1402
8851 2 2 7 1 1028 5750 1110
8852 2 2 7 1 952 5765 1120
8853 2 2 7 1 925 5747 1112
8854 2 2 7 1 1208 5759 990
8855 2 2 7 1 1221 5748 927
8856 2 2 7 1 1019 5745 1395
8857 2 2 7 1 1395 5752 1018
8858 2 2 7 1 1394 5761 944
8859 2 2 7 1 1037 5756 1109
8860 2 2 7 1 1004 5755 1210
8861 2 2 7 1 985 5763 1391
8862 2 2 7 1 1015 5751 1105
8863 2 2 7 1 984 5744 1214
8864 2 2 7 1 2206 7998 1901
8865 2 2 7 1 976 5832 975
8866 2 2 7 1 963 5766 1115
8867 2 2 7 1 5774 7732 4457
8868 2 2 7 1 5071 7366 5070
8869 2 2 7 1 4793 6831 5982
8870 2 2 7 1 3241 6722 3439
8871 2 2 7 1 1768 7582 2183
8872 2 2 7 1 6999 7000 2515
8873 2 2 7 1 5087 7430 6153
8874 2 2 7 1 4891 7475 5791
8875 2 2 7 1 6444 6984 4237
8876 2 2 7 1 1363 6974 2062
8877 2 2 7 1 5236 5869 5334
8878 2 2 7 1 5650 5668 4280
8879 2 2 7 1 4233 4234 4232
8880 2 2 7 1 6898 7648 4793
8881 2 2 7 1 4362 5788 4365
8882 2 2 7 1 6580 7654 3412
8883 2 2 7 1 1798 1799 1588
8884 2 2 7 1 1254 1260 1253
8885 2 2 7 1 3993 4471 4470
8886 2 2 7 1 6639 7982 4456
8887 2 2 7 1 3235 6902 6701
8888 2 2 7 1 2870 2872 2773
8889 2 2 7 1 2076 2077 2035
8890 2 2 7 1 6801 6966 6800
8891 2 2 7 1 4348 4350 4346
8892 2 2 7 1 6462 6666 2567
8893 2 2 7 1 4284 5588 4283
8894 2 2 7 1 3541 6868 3578
8895 2 2 7 1 4600 4993 4599
8896 2 2 7 1 5759 7256 6802
8897 2 2 7 1 1892 7940 1597
8898 2 2 7 1 2833 6758 4984
8899 2 2 7 1 1959 5871 1746
8900 2 2 7 1 6332 6953 4920
8901 2 2 7 1 1975 1976 1158
8902 2 2 7 1 6695 6696 4131
8903 2 2 7 1 5718 6492 3058
8904 2 2 7 1 6410 6411 1709
8905 2 2 7 1 4825 7065 4824
8906 2 2 7 1 5706 6831 4559
8907 2 2 7 1 2930 7673 6791
8908 2 2 7 1 4713 4778 4659
8909 2 2 7 1 4518 5034 4519
8910 2 2 7 1 4051 4053 4052
8911 2 2 7 1 3700 3701 3699
8912 2 2 7 1 992 5846 991
8913 2 2 7 1 4558 6584 4585
8914 2 2 7 1 5585 7267 5660
8915 2 2 7 1 1103 5796 1000
8916 2 2 7 1 3552 5114 3550
8917 2 2 7 1 2190 7497 2189
8918 2 2 7 1 2553 5669 2555
8919 2 2 7 1 5768 6866 3377
8920 2 2 7 1 4337 7642 4899
8921 2 2 7 1 5974 6591 5975
8922 2 2 7 1 3640 3642 3641
8923 2 2 7 1 4270 7326 7325
8924 2 2 7 1 6971 7668 4906
8925 2 2 7 1 4345 7280 4353
8926 2 2 7 1 2047 7109 1836
8927 2 2 7 1 5123 7625 1107
8928 2 2 7 1 5866 6832 3894
8929 2 2 7 1 4426 4427 4425
8930 2 2 7 1 1254 6449 3537
8931 2 2 7 1 3977 3979 3978
8932 2 2 7 1 4184 6640 5126
8933 2 2 7 1 3923 6431 3965
8934 2 2 7 1 2976 2977 2966
8935 2 2 7 1 6113 6769 6112
8936 2 2 7 1 3626 3629 3628
8937 2 2 7 1 3452 3453 3451
8938 2 2 7 1 3046 7907 6046
8939 2 2 7 1 1961 6248 1661
8940 2 2 7 1 4121 6517 4744
8941 2 2 7 1 3672 3680 3679
8942 2 2 7 1 2040 6829 1827
8943 2 2 7 1 3121 3122 3119
8944 2 2 7 1 5658 5975 5657
8945 2 2 7 1 4862 7851 4861
8946 2 2 7 1 5119 7987 2317
8947 2 2 7 1 1131 6489 6486
8948 2 2 7 1 4354 6202 6201
8949 2 2 7 1 2637 2639 2638
8950 2 2 7 1 7481 7482 6023
8951 2 2 7 1 2148 2220 2088
8952 2 2 7 1 4783 7876 4474
8953 2 2 7 1 3642 3644 3643
8954 2 2 7 1 4235 4236 4234
8955 2 2 7 1 1678 6771 1598
8956 2 2 7 1 7378 7413 4708
8957 2 2 7 1 3943 3949 3942
8958 2 2 7 1 3490 6451 5026
8959 2 2 7 1 3570 7175 4280
8960 2 2 7 1 3349 3351 3350
8961 2 2 7 1 975 5832 1111
8962 2 2 7 1 3366 5584 3404
8963 2 2 7 1 6452 7315 4408
8964 2 2 7 1 4987 6340 5921
8965 2 2 7 1 7388 7935 6651
8966 2 2 7 1 4927 6842 4367
8967 2 2 7 1 5067 7792 3041
8968 2 2 7 1 2848 4784 2850
8969 2 2 7 1 7322 7997 5162
8970 2 2 7 1 5741 6472 4592
8971 2 2 7 1 4617 7449 7049
8972 2 2 7 1 3644 3646 3645
8973 2 2 7 1 4946 7100 4055
8974 2 2 7 1 6260 6263 1057
8975 2 2 7 1 7072 7670 6481
8976 2 2 7 1 1324 6656 2225
8977 2 2 7 1 1120 6699 5746
8978 2 2 7 1 861 5637 860
8979 2 2 7 1 5528 7191 5504
8980 2 2 7 1 4387 5688 5687
8981 2 2 7 1 6283 6291 4939
8982 2 2 7 1 1622 2108 1625
8983 2 2 7 1 1982 7591 6238
8984 2 2 7 1 3985 3989 3986
8985 2 2 7 1 5233 7194 5234
8986 2 2 7 1 5110 7133 5108
8987 2 2 7 1 3970 5027 8
8988 2 2 7 1 991 5846 1208
8989 2 2 7 1 1444 6685 1481
8990 2 2 7 1 3646 3648 3647
8991 2 2 7 1 4548 7205 5520
8992 2 2 7 1 5781 6997 3099
8993 2 2 7 1 3062 7041 6074
8994 2 2 7 1 2044 7882 1810
8995 2 2 7 1 2317 6969 5119
8996 2 2 7 1 5028 6809 5693
8997 2 2 7 1 6571 7955 6812
8998 2 2 7 1 2512 2514 2513
8999 2 2 7 1 3648 3650 3649
9000 2 2 7 1 5732 5864 3134
9001 2 2 7 1 3123 3124 3122
9002 2 2 7 1 1627 1672 1628
9003 2 2 7 1 4138 7306 4985
9004 2 2 7 1 2557 2559 2558
9005 2 2 7 1 3635 5621 4714
9006 2 2 7 1 6416 7888 5639
9007 2 2 7 1 5070 7984 5072
9008 2 2 7 1 1213 7431 5754
9009 2 2 7 1 3650 3652 3651
9010 2 2 7 1 3422 5049 2980
9011 2 2 7 1 5858 7142 5019
9012 2 2 7 1 3941 3942 3940
9013 2 2 7 1 2348 7261 5327
9014 2 2 7 1 1653 6928 1651
9015 2 2 7 1 877 5656 876
9016 2 2 7 1 1983 2086 1227
9017 2 2 7 1 6638 8001 6637
9018 2 2 7 1 3351 3353 3352
9019 2 2 7 1 4238 4239 4236
9020 2 2 7 1 1950 8020 1823
9021 2 2 7 1 6423 7946 4272
9022 2 2 7 1 6469 7056 4260
9023 2 2 7 1 2754 6695 2680
9024 2 2 7 1 5828 7708 5772
9025 2 2 7 1 1279 6424 6419
9026 2 2 7 1 5901 7469 1989
9027 2 2 7 1 3652 3654 3653
9028 2 2 7 1 6168 7938 3010
9029 2 2 7 1 5852 6636 5851
9030 2 2 7 1 2187 6818 1865
9031 2 2 7 1 1625 1627 1626
9032 2 2 7 1 2268 7320 2266
9033 2 2 7 1 4834 7322 4448
9034 2 2 7 1 4993 7105 4101
9035 2 2 7 1 1497 6527 1593
9036 2 2 7 1 5072 7984 6114
9037 2 2 7 1 1740 1741 1739
9038 2 2 7 1 1663 1664 1662
9039 2 2 7 1 5732 7142 5864
9040 2 2 7 1 3221 6564 6558
9041 2 2 7 1 6794 6795 4152
9042 2 2 7 1 3654 3656 3655
9043 2 2 7 1 3921 5601 3919
9044 2 2 7 1 4595 4842 4841
9045 2 2 7 1 6017 6024 2082
9046 2 2 7 1 4529 7347 4592
9047 2 2 7 1 4498 4500 4499
9048 2 2 7 1 1729 1731 1730
9049 2 2 7 1 4442 7360 5212
9050 2 2 7 1 705 5665 704
9051 2 2 7 1 5648 7249 5649
9052 2 2 7 1 4186 7034 6650
9053 2 2 7 1 2854 4809 2856
9054 2 2 7 1 1681 6532 1847
9055 2 2 7 1 1839 1845 1841
9056 2 2 7 1 5360 5914 5358
9057 2 2 7 1 3221 6558 3185
9058 2 2 7 1 3501 7130 3500
9059 2 2 7 1 1970 6196 6126
9060 2 2 7 1 2942 2943 2941
9061 2 2 7 1 4431 7015 4966
9062 2 2 7 1 4802 7075 5632
9063 2 2 7 1 4564 4996 4135
9064 2 2 7 1 7077 7544 2138
9065 2 2 7 1 3470 3471 3468
9066 2 2 7 1 2135 7291 1374
9067 2 2 7 1 6788 7222 3981
9068 2 2 7 1 1218 6288 959
9069 2 2 7 1 1917 2177 2176
9070 2 2 7 1 3040 6768 6511
9071 2 2 7 1 2202 6628 1883
9072 2 2 7 1 2223 3543 1250
9073 2 2 7 1 2957 4828 2959
9074 2 2 7 1 5014 7091 3992
9075 2 2 7 1 3947 3955 3945
9076 2 2 7 1 7408 7924 7059
9077 2 2 7 1 2844 3911 3910
9078 2 2 7 1 7236 7902 5848
9079 2 2 7 1 319 2212 318
9080 2 2 7 1 3938 3940 1741
9081 2 2 7 1 4240 4241 4239
9082 2 2 7 1 5140 6352 2231
9083 2 2 7 1 5649 7841 7524
9084 2 2 7 1 6149 7074 6203
9085 2 2 7 1 5903 7385 4081
9086 2 2 7 1 5381 6756 5745
9087 2 2 7 1 4573 7431 5488
9088 2 2 7 1 2121 5860 1735
9089 2 2 7 1 5336 7441 5393
9090 2 2 7 1 5367 7441 5368
9091 2 2 7 1 4177 7557 6457
9092 2 2 7 1 3004 7132 5725
9093 2 2 7 1 6290 7223 4685
9094 2 2 7 1 6345 6877 6344
9095 2 2 7 1 6285 6603 1907
9096 2 2 7 1 5083 6828 2520
9097 2 2 7 1 1726 7017 6822
9098 2 2 7 1 4822 6622 6286
9099 2 2 7 1 2157 2159 1257
9100 2 2 7 1 6342 7918 6865
9101 2 2 7 1 1118 7628 5216
9102 2 2 7 1 3690 3691 3689
9103 2 2 7 1 5611 6765 3775
9104 2 2 7 1 4024 4748 4026
9105 2 2 7 1 6677 7125 6542
9106 2 2 7 1 4547 6381 1496
9107 2 2 7 1 3599 3600 3598
9108 2 2 7 1 1550 2180 1548
9109 2 2 7 1 2839 6602 3904
9110 2 2 7 1 4566 6642 6641
9111 2 2 7 1 7288 7923 1953
9112 2 2 7 1 4958 7426 3897
9113 2 2 7 1 1389 7710 6681
9114 2 2 7 1 1963 6712 1594
9115 2 2 7 1 1241 1491 1239
9116 2 2 7 1 4994 7159 4084
9117 2 2 7 1 2317 7987 2315
9118 2 2 7 1 4821 7136 5699
9119 2 2 7 1 3666 4523 3664
9120 2 2 7 1 5678 5713 4700
9121 2 2 7 1 3766 5035 4638
9122 2 2 7 1 3225 3226 3218
9123 2 2 7 1 5192 7625 5123
9124 2 2 7 1 5489 7625 4612
9125 2 2 7 1 2213 6378 6377
9126 2 2 7 1 4394 4771 4770
9127 2 2 7 1 1543 1544 1542
9128 2 2 7 1 959 6288 958
9129 2 2 7 1 2912 2913 2754
9130 2 2 7 1 2189 2209 1998
9131 2 2 7 1 4325 4327 4326
9132 2 2 7 1 1100 6552 1195
9133 2 2 7 1 2359 7643 2298
9134 2 2 7 1 2296 7643 2747
9135 2 2 7 1 4982 5611 3775
9136 2 2 7 1 4779 6572 5711
9137 2 2 7 1 2478 6556 5783
9138 2 2 7 1 4566 7095 6642
9139 2 2 7 1 1382 2201 1846
9140 2 2 7 1 2131 7173 6383
9141 2 2 7 1 3955 6609 3945
9142 2 2 7 1 5468 6389 4125
9143 2 2 7 1 310 2089 1183
9144 2 2 7 1 7008 7233 7028
9145 2 2 7 1 5100 7860 2888
9146 2 2 7 1 2068 6000 5995
9147 2 2 7 1 2167 7279 2166
9148 2 2 7 1 1215 7428 5262
9149 2 2 7 1 4069 4071 4068
9150 2 2 7 1 4221 7795 7187
9151 2 2 7 1 3353 3355 3354
9152 2 2 7 1 1514 7977 2119
9153 2 2 7 1 1962 7940 1892
9154 2 2 7 1 5410 7871 5467
9155 2 2 7 1 6163 7608 3038
9156 2 2 7 1 3457 7936 5606
9157 2 2 7 1 7229 7728 1940
9158 2 2 7 1 2324 7860 2322
9159 2 2 7 1 2888 7860 2453
9160 2 2 7 1 6479 6480 4410
9161 2 2 7 1 1184 6710 1099
9162 2 2 7 1 4856 7761 4672
9163 2 2 7 1 2070 7631 2073
9164 2 2 7 1 4500 4502 4501
9165 2 2 7 1 4404 6740 4402
9166 2 2 7 1 1673 6621 1698
9167 2 2 7 1 4242 4243 4241
9168 2 2 7 1 1927 5626 1844
9169 2 2 7 1 1665 1666 1664
9170 2 2 7 1 5799 7930 4808
9171 2 2 7 1 1494 6521 3975
9172 2 2 7 1 5970 7032 4912
9173 2 2 7 1 6367 7432 2051
9174 2 2 7 1 4957 7473 4956
9175 2 2 7 1 5092 7589 5769
9176 2 2 7 1 2495 5686 2497
9177 2 2 7 1 2980 4828 2957
9178 2 2 7 1 6442 7376 1231
9179 2 2 7 1 5030 7289 4286
9180 2 2 7 1 5759 6802 1392
9181 2 2 7 1 4625 7022 4928
9182 2 2 7 1 2103 7929 1950
9183 2 2 7 1 1091 6430 1089
9184 2 2 7 1 3128 7089 3129
9185 2 2 7 1 6748 6953 6332
9186 2 2 7 1 4360 5882 4928
9187 2 2 7 1 2179 5807 1804
9188 2 2 7 1 3769 6865 6722
9189 2 2 7 1 6754 6755 4263
9190 2 2 7 1 87 5792 1191
9191 2 2 7 1 3222 7924 4190
9192 2 2 7 1 3946 8008 4978
9193 2 2 7 1 4039 4040 4038
9194 2 2 7 1 4689 4948 4687
9195 2 2 7 1 1570 6635 1567
9196 2 2 7 1 1807 7626 1489
9197 2 2 7 1 1685 2170 2169
9198 2 2 7 1 7281 7282 1947
9199 2 2 7 1 1932 7950 2081
9200 2 2 7 1 5633 5634 5083
9201 2 2 7 1 6050 6058 2065
9202 2 2 7 1 6720 6721 5670
9203 2 2 7 1 5735 7572 4844
9204 2 2 7 1 2319 6969 2317
9205 2 2 7 1 3937 4268 3939
9206 2 2 7 1 1490 1621 1535
9207 2 2 7 1 1116 6461 936
9208 2 2 7 1 3373 3384 3383
9209 2 2 7 1 872 4666 4178
9210 2 2 7 1 7233 7664 4607
9211 2 2 7 1 6491 7058 2359
9212 2 2 7 1 1216 6467 1016
9213 2 2 7 1 1106 6472 980
9214 2 2 7 1 987 6475 1102
9215 2 2 7 1 1392 6475 988
9216 2 2 7 1 4191 6775 3405
9217 2 2 7 1 2018 2020 2019
9218 2 2 7 1 2095 7274 1815
9219 2 2 7 1 1076 6322 5820
9220 2 2 7 1 6613 7513 1455
9221 2 2 7 1 1757 1758 1756
9222 2 2 7 1 1704 6583 2137
9223 2 2 7 1 1219 6485 1046
9224 2 2 7 1 4948 7888 4909
9225 2 2 7 1 4820 7635 4002
9226 2 2 7 1 2499 2501 2500
9227 2 2 7 1 3539 4827 3525
9228 2 2 7 1 4245 4246 4243
9229 2 2 7 1 1872 8014 1502
9230 2 2 7 1 5019 6919 5844
9231 2 2 7 1 3601 3602 3600
9232 2 2 7 1 3504 3505 3491
9233 2 2 7 1 1211 6292 971
9234 2 2 7 1 2097 6986 2096
9235 2 2 7 1 2072 7607 2030
9236 2 2 7 1 6005 7515 1851
9237 2 2 7 1 2834 4709 2833
9238 2 2 7 1 3035 7941 4136
9239 2 2 7 1 6080 7379 4922
9240 2 2 7 1 321 2215 320
9241 2 2 7 1 3756 5691 3754
9242 2 2 7 1 3375 5878 5009
9243 2 2 7 1 1179 6502 947
9244 2 2 7 1 1255 6531 2203
9245 2 2 7 1 5639 7888 4689
9246 2 2 7 1 4095 7204 5008
9247 2 2 7 1 4418 6451 4416
9248 2 2 7 1 2642 2653 2644
9249 2 2 7 1 4129 6455 5132
9250 2 2 7 1 4031 6541 4045
9251 2 2 7 1 6341 6865 3769
9252 2 2 7 1 5039 7038 3374
9253 2 2 7 1 1745 7963 2068
9254 2 2 7 1 2069 2117 1094
9255 2 2 7 1 880 5694 879
9256 2 2 7 1 1111 7360 5652
9257 2 2 7 1 5791 7475 4532
9258 2 2 7 1 1547 1549 1548
9259 2 2 7 1 3543 4274 4012
9260 2 2 7 1 3514 3515 3513
9261 2 2 7 1 3713 7039 4838
9262 2 2 7 1 3462 6772 3484
9263 2 2 7 1 5139 5645 4194
9264 2 2 7 1 2083 6877 1809
9265 2 2 7 1 2227 6502 4478
9266 2 2 7 1 4790 7118 5124
9267 2 2 7 1 4957 7313 6041
9268 2 2 7 1 1528 7877 1793
9269 2 2 7 1 1291 7704 1289
9270 2 2 7 1 6382 7917 4646
9271 2 2 7 1 4655 7278 4654
9272 2 2 7 1 5029 7666 7038
9273 2 2 7 1 2908 4654 4653
9274 2 2 7 1 966 6526 1217
9275 2 2 7 1 2956 2980 2957
9276 2 2 7 1 5762 7322 1396
9277 2 2 7 1 6212 6907 6567
9278 2 2 7 1 3355 3357 3356
9279 2 2 7 1 2160 7553 1964
9280 2 2 7 1 1907 7760 6285
9281 2 2 7 1 4247 4249 4246
9282 2 2 7 1 5580 5829 3346
9283 2 2 7 1 3297 6584 4553
9284 2 2 7 1 5983 7907 3046
9285 2 2 7 1 2490 2492 2491
9286 2 2 7 1 2357 7415 5370
9287 2 2 7 1 2033 7777 6509
9288 2 2 7 1 4471 4473 4472
9289 2 2 7 1 1166 1225 1141
9290 2 2 7 1 5010 7131 2468
9291 2 2 7 1 5117 6638 6637
9292 2 2 7 1 1410 6662 1479
9293 2 2 7 1 1510 7934 1771
9294 2 2 7 1 957 6540 1118
9295 2 2 7 1 707 5708 706
9296 2 2 7 1 1956 7350 2115
9297 2 2 7 1 6543 7808 3376
9298 2 2 7 1 4413 7074 6149
9299 2 2 7 1 1762 6501 5941
9300 2 2 7 1 4447 6620 5084
9301 2 2 7 1 1128 1184 1099
9302 2 2 7 1 4639 7902 3748
9303 2 2 7 1 6505 6659 4066
9304 2 2 7 1 6212 6567 1993
9305 2 2 7 1 4983 7074 4413
9306 2 2 7 1 4928 7022 3413
9307 2 2 7 1 6913 7980 4535
9308 2 2 7 1 1873 6675 2143
9309 2 2 7 1 3629 3631 3630
9310 2 2 7 1 3063 5596 3054
9311 2 2 7 1 4043 4044 4040
9312 2 2 7 1 4428 5714 4427
9313 2 2 7 1 1115 5766 5707
9314 2 2 7 1 1843 1844 1842
9315 2 2 7 1 4853 6524 2843
9316 2 2 7 1 6020 7823 1919
9317 2 2 7 1 6401 7797 1369
9318 2 2 7 1 1755 1756 1754
9319 2 2 7 1 1734 6942 6941
9320 2 2 7 1 5952 7187 3563
9321 2 2 7 1 1097 1463 1091
9322 2 2 7 1 4076 4950 4949
9323 2 2 7 1 1946 1947 1941
9324 2 2 7 1 4799 7377 6702
9325 2 2 7 1 1674 7419 2100
9326 2 2 7 1 2937 7863 5775
9327 2 2 7 1 4725 4726 4723
9328 2 2 7 1 4141 7334 6750
9329 2 2 7 1 323 2222 322
9330 2 2 7 1 3680 3682 3681
9331 2 2 7 1 926 5748 5747
9332 2 2 7 1 5757 5758 932
9333 2 2 7 1 1009 5742 5736
9334 2 2 7 1 5738 5765 953
9335 2 2 7 1 6077 7502 6241
9336 2 2 7 1 5743 5766 964
9337 2 2 7 1 3628 7733 5131
9338 2 2 7 1 4745 7969 5600
9339 2 2 7 1 6670 7644 5948
9340 2 2 7 1 3995 6749 3555
9341 2 2 7 1 3195 3196 3194
9342 2 2 7 1 5025 5052 866
9343 2 2 7 1 4639 7476 5848
9344 2 2 7 1 7334 7335 6750
9345 2 2 7 1 2486 5709 2488
9346 2 2 7 1 4804 7032 5667
9347 2 2 7 1 3620 3623 3622
9348 2 2 7 1 3631 3633 3632
9349 2 2 7 1 2174 6742 1801
9350 2 2 7 1 3128 3129 3124
9351 2 2 7 1 2195 6691 6548
9352 2 2 7 1 4100 4107 4102
9353 2 2 7 1 4356 6958 5106
9354 2 2 7 1 1797 6378 2213
9355 2 2 7 1 981 6574 1106
9356 2 2 7 1 3739 7980 4698
9357 2 2 7 1 1840 3341 1381
9358 2 2 7 1 2726 7099 2471
9359 2 2 7 1 1370 7998 2207
9360 2 2 7 1 5137 5139 4194
9361 2 2 7 1 1027 6810 1026
9362 2 2 7 1 3633 3636 3634
9363 2 2 7 1 937 6579 1116
9364 2 2 7 1 6824 7181 1516
9365 2 2 7 1 2518 5083 2517
9366 2 2 7 1 4374 7272 5659
9367 2 2 7 1 4831 7916 4461
9368 2 2 7 1 4171 6490 5423
9369 2 2 7 1 4714 7101 6148
9370 2 2 7 1 2162 7397 2161
9371 2 2 7 1 2639 2641 2640
9372 2 2 7 1 5753 6455 1400
9373 2 2 7 1 1230 7197 2089
9374 2 2 7 1 3499 3501 3500
9375 2 2 7 1 1107 6925 5123
9376 2 2 7 1 1613 1614 1611
9377 2 2 7 1 2750 6446 5369
9378 2 2 7 1 700 2113 1294
9379 2 2 7 1 2470 2726 2471
9380 2 2 7 1 3695 7843 7154
9381 2 2 7 1 936 6461 935
9382 2 2 7 1 7354 7948 3519
9383 2 2 7 1 2264 6499 2348
9384 2 2 7 1 2150 7083 2151
9385 2 2 7 1 4709 6758 2833
9386 2 2 7 1 7777 7869 6493
9387 2 2 7 1 3520 6624 3523
9388 2 2 7 1 3028 6589 6588
9389 2 2 7 1 4490 4866 4070
9390 2 2 7 1 4494 4496 4495
9391 2 2 7 1 3038 7608 5784
9392 2 2 7 1 6088 7161 5777
9393 2 2 7 1 4159 6445 5121
9394 2 2 7 1 2839 3904 3903
9395 2 2 7 1 3230 5124 4823
9396 2 2 7 1 1016 6467 15
9397 2 2 7 1 4538 4539 3970
9398 2 2 7 1 1849 6038 2102
9399 2 2 7 1 955 6878 954
9400 2 2 7 1 1845 1929 1841
9401 2 2 7 1 5670 6721 3672
9402 2 2 7 1 1254 1261 1260
9403 2 2 7 1 4644 7781 4789
9404 2 2 7 1 4180 4728 3492
9405 2 2 7 1 5712 7476 4639
9406 2 2 7 1 2869 4853 2843
9407 2 2 7 1 5923 7445 1988
9408 2 2 7 1 6635 7945 2056
9409 2 2 7 1 980 6472 979
9410 2 2 7 1 6780 7631 2070
9411 2 2 7 1 3663 7239 6642
9412 2 2 7 1 988 6475 987
9413 2 2 7 1 1115 6619 962
9414 2 2 7 1 1455 7513 2152
9415 2 2 7 1 5438 6922 1398
9416 2 2 7 1 5109 7148 4483
9417 2 2 7 1 1142 1170 1167
9418 2 2 7 1 2979 7750 5729
9419 2 2 7 1 2180 6725 2181
9420 2 2 7 1 2961 7834 4438
9421 2 2 7 1 4847 7242 4242
9422 2 2 7 1 4327 4840 4839
9423 2 2 7 1 5134 7126 6692
9424 2 2 7 1 4086 4877 4085
9425 2 2 7 1 1298 1360 1359
9426 2 2 7 1 2537 2541 2540
9427 2 2 7 1 1229 1237 1236
9428 2 2 7 1 709 5767 708
9429 2 2 7 1 4885 8022 4162
9430 2 2 7 1 3357 3359 3358
9431 2 2 7 1 3109 7641 6718
9432 2 2 7 1 5651 6705 2357
9433 2 2 7 1 5747 5748 5225
9434 2 2 7 1 1652 1653 1651
9435 2 2 7 1 6024 6025 2082
9436 2 2 7 1 4700 5713 4498
9437 2 2 7 1 1046 6485 1045
9438 2 2 7 1 4155 7771 5873
9439 2 2 7 1 3911 4003 3912
9440 2 2 7 1 1959 7963 5871
9441 2 2 7 1 882 5769 881
9442 2 2 7 1 4344 5834 4764
9443 2 2 7 1 6387 7425 2131
9444 2 2 7 1 1030 6648 1397
9445 2 2 7 1 4859 7314 7270
9446 2 2 7 1 3927 3988 3925
9447 2 2 7 1 5760 5846 992
9448 2 2 7 1 2064 6468 1682
9449 2 2 7 1 1122 6026 6025
9450 2 2 7 1 2481 2483 2482
9451 2 2 7 1 3484 3486 3485
9452 2 2 7 1 5737 7065 5545
9453 2 2 7 1 5752 5825 1216
9454 2 2 7 1 3593 3594 3571
9455 2 2 7 1 4735 7492 5784
9456 2 2 7 1 6211 6907 6212
9457 2 2 7 1 1042 6967 1041
9458 2 2 7 1 4778 6474 4441
9459 2 2 7 1 3751 5791 4532
9460 2 2 7 1 3959 5602 3960
9461 2 2 7 1 6346 7712 1985
9462 2 2 7 1 4357 7059 5600
9463 2 2 7 1 5646 5731 4916
9464 2 2 7 1 354 5789 353
9465 2 2 7 1 2170 6977 2171
9466 2 2 7 1 3075 7460 6641
9467 2 2 7 1 5579 6702 1119
9468 2 2 7 1 5897 7446 4637
9469 2 2 7 1 4228 6673 3733
9470 2 2 7 1 4942 6512 3771
9471 2 2 7 1 6077 6241 4533
9472 2 2 7 1 947 6502 946
9473 2 2 7 1 4327 6491 4840
9474 2 2 7 1 5216 7628 4682
9475 2 2 7 1 2006 7996 5059
9476 2 2 7 1 1496 6381 1499
9477 2 2 7 1 5874 7247 4004
9478 2 2 7 1 2946 6668 3182
9479 2 2 7 1 6444 7233 4607
9480 2 2 7 1 4195 5661 5137
9481 2 2 7 1 5636 7386 5634
9482 2 2 7 1 3243 7037 6795
9483 2 2 7 1 1945 6949 1724
9484 2 2 7 1 6638 6824 6823
9485 2 2 7 1 2855 3754 2593
9486 2 2 7 1 3668 5673 3666
9487 2 2 7 1 1372 7083 6728
9488 2 2 7 1 4954 5660 5069
9489 2 2 7 1 2053 6710 1184
9490 2 2 7 1 4265 6755 6463
9491 2 2 7 1 3021 6954 3019
9492 2 2 7 1 5350 7775 5825
9493 2 2 7 1 2026 2124 2123
9494 2 2 7 1 1707 2190 2189
9495 2 2 7 1 1960 7796 1972
9496 2 2 7 1 5719 7669 3291
9497 2 2 7 1 1777 6536 1774
9498 2 2 7 1 4736 6406 4379
9499 2 2 7 1 330 5798 329
9500 2 2 7 1 5652 7360 5569
9501 2 2 7 1 3197 3198 3196
9502 2 2 7 1 2098 5835 1716
9503 2 2 7 1 1273 5625 1274
9504 2 2 7 1 7242 7577 5897
9505 2 2 7 1 7478 7479 4980
9506 2 2 7 1 1119 6702 942
9507 2 2 7 1 3622 7873 5621
9508 2 2 7 1 2526 2529 2527
9509 2 2 7 1 2221 7246 1370
9510 2 2 7 1 6514 6884 1671
9511 2 2 7 1 5751 6467 4826
9512 2 2 7 1 3592 6448 3591
9513 2 2 7 1 5488 6967 5489
9514 2 2 7 1 1621 2108 1622
9515 2 2 7 1 4512 4513 4511
9516 2 2 7 1 1641 7033 1639
9517 2 2 7 1 5916 7711 4422
9518 2 2 7 1 3975 4547 1496
9519 2 2 7 1 4872 5623 4421
9520 2 2 7 1 6607 6609 3955
9521 2 2 7 1 4327 4839 4328
9522 2 2 7 1 5771 7324 4837
9523 2 2 7 1 1654 1655 1653
9524 2 2 7 1 5693 6885 3378
9525 2 2 7 1 2031 2034 2025
9526 2 2 7 1 332 5813 331
9527 2 2 7 1 923 7103 12
9528 2 2 7 1 6054 6055 4610
9529 2 2 7 1 6028 7549 3149
9530 2 2 7 1 4838 7399 7329
9531 2 2 7 1 4929 7564 6779
9532 2 2 7 1 3960 3973 3972
9533 2 2 7 1 4767 7620 5058
9534 2 2 7 1 3227 3228 3226
9535 2 2 7 1 712 5799 711
9536 2 2 7 1 4771 7141 4770
9537 2 2 7 1 5681 7401 5682
9538 2 2 7 1 956 7117 955
9539 2 2 7 1 3969 5606 5605
9540 2 2 7 1 4081 4083 4082
9541 2 2 7 1 1210 6741 1003
9542 2 2 7 1 3283 7458 5845
9543 2 2 7 1 4367 6966 4927
9544 2 2 7 1 5692 7675 3259
9545 2 2 7 1 884 5800 883
9546 2 2 7 1 1920 7823 6020
9547 2 2 7 1 4658 7355 4660
9548 2 2 7 1 6191 7492 7389
9549 2 2 7 1 4130 6812 5859
9550 2 2 7 1 334 5821 333
9551 2 2 7 1 5712 7618 2993
9552 2 2 7 1 4662 6777 3700
9553 2 2 7 1 1286 1288 1287
9554 2 2 7 1 4771 7835 5093
9555 2 2 7 1 1529 2182 1478
9556 2 2 7 1 5657 5975 3757
9557 2 2 7 1 5011 5012 4762
9558 2 2 7 1 2187 6208 1434
9559 2 2 7 1 2538 6733 5582
9560 2 2 7 1 1520 6826 1476
9561 2 2 7 1 1678 7616 6771
9562 2 2 7 1 5678 7135 5679
9563 2 2 7 1 2993 7618 5800
9564 2 2 7 1 3268 7866 5094
9565 2 2 7 1 2849 3758 2591
9566 2 2 7 1 3429 6689 2919
9567 2 2 7 1 3657 6964 3752
9568 2 2 7 1 2736 2772 2744
9569 2 2 7 1 7014 7032 5970
9570 2 2 7 1 3935 3936 3934
9571 2 2 7 1 2913 6695 2754
9572 2 2 7 1 337 5833 336
9573 2 2 7 1 967 6526 966
9574 2 2 7 1 4391 4392 4390
9575 2 2 7 1 1783 7880 7383
9576 2 2 7 1 5689 6274 3731
9577 2 2 7 1 4190 7924 7408
9578 2 2 7 1 5998 7466 4705
9579 2 2 7 1 1901 6671 2206
9580 2 2 7 1 3234 6668 3715
9581 2 2 7 1 1783 6568 1780
9582 2 2 7 1 3728 6836 3428
9583 2 2 7 1 2548 2550 2549
9584 2 2 7 1 5776 7845 6404
9585 2 2 7 1 356 5836 355
9586 2 2 7 1 5076 6079 6043
9587 2 2 7 1 1790 7966 6581
9588 2 2 7 1 5803 6644 3026
9589 2 2 7 1 6626 7903 3379
9590 2 2 7 1 4053 4087 4054
9591 2 2 7 1 339 5837 338
9592 2 2 7 1 6415 6416 5639
9593 2 2 7 1 1998 7906 1638
9594 2 2 7 1 1793 5827 1932
9595 2 2 7 1 4678 7678 6723
9596 2 2 7 1 2931 2940 2935
9597 2 2 7 1 3212 6722 3241
9598 2 2 7 1 1777 7889 6536
9599 2 2 7 1 1790 6581 1787
9600 2 2 7 1 3754 5686 2593
9601 2 2 7 1 1214 6853 983
9602 2 2 7 1 341 5843 340
9603 2 2 7 1 5586 7103 923
9604 2 2 7 1 1113 6857 968
9605 2 2 7 1 1215 6859 997
9606 2 2 7 1 996 6859 1398
9607 2 2 7 1 5888 7673 5887
9608 2 2 7 1 1603 7685 1851
9609 2 2 7 1 2949 2950 2945
9610 2 2 7 1 3675 3677 3673
9611 2 2 7 1 1100 1195 1129
9612 2 2 7 1 2647 7178 4486
9613 2 2 7 1 3299 3300 3298
9614 2 2 7 1 5706 6830 3007
9615 2 2 7 1 4560 6830 5706
9616 2 2 7 1 5721 7343 5374
9617 2 2 7 1 343 5849 342
9618 2 2 7 1 3229 3230 3228
9619 2 2 7 1 4009 4010 3677
9620 2 2 7 1 345 5853 344
9621 2 2 7 1 718 5838 717
9622 2 2 7 1 3164 7148 6711
9623 2 2 7 1 6520 7843 3695
9624 2 2 7 1 4758 4759 2504
9625 2 2 7 1 887 5840 886
9626 2 2 7 1 4198 4200 4199
9627 2 2 7 1 3202 3203 3198
9628 2 2 7 1 1584 2148 1583
9629 2 2 7 1 6623 7760 1618
9630 2 2 7 1 4357 7408 7059
9631 2 2 7 1 1117 5880 1939
9632 2 2 7 1 3359 3364 3363
9633 2 2 7 1 4328 7655 7046
9634 2 2 7 1 5007 5008 4369
9635 2 2 7 1 5055 6519 4097
9636 2 2 7 1 994 6922 1101
9637 2 2 7 1 1398 6922 995
9638 2 2 7 1 1044 6925 1107
9639 2 2 7 1 3989 4361 3990
9640 2 2 7 1 348 5867 347
9641 2 2 7 1 958 6540 957
9642 2 2 7 1 4221 7994 5932
9643 2 2 7 1 5944 5961 5103
9644 2 2 7 1 4519 7012 2853
9645 2 2 7 1 3436 7818 4407
9646 2 2 7 1 721 5858 720
9647 2 2 7 1 5702 7226 4279
9648 2 2 7 1 2154 6425 2007
9649 2 2 7 1 3516 3517 3515
9650 2 2 7 1 3676 6720 3675
9651 2 2 7 1 3693 7657 4489
9652 2 2 7 1 5807 6263 6260
9653 2 2 7 1 2143 2196 1874
9654 2 2 7 1 2041 7701 2042
9655 2 2 7 1 3529 5644 4958
9656 2 2 7 1 2477 5787 2479
9657 2 2 7 1 4070 7289 5030
9658 2 2 7 1 7271 7331 4523
9659 2 2 7 1 723 5864 722
9660 2 2 7 1 1924 6910 1869
9661 2 2 7 1 5115 5118 4074
9662 2 2 7 1 15 6467 5751
9663 2 2 7 1 2132 8000 1775
9664 2 2 7 1 2978 2979 2977
9665 2 2 7 1 5078 7429 3749
9666 2 2 7 1 89 1088 3
9667 2 2 7 1 979 6472 5741
9668 2 2 7 1 4425 6683 4250
9669 2 2 7 1 1955 7047 1956
9670 2 2 7 1 5019 7142 4542
9671 2 2 7 1 6770 7259 4636
9672 2 2 7 1 890 5863 889
9673 2 2 7 1 6144 7759 7495
9674 2 2 7 1 3623 3625 3624
9675 2 2 7 1 1590 1610 1559
9676 2 2 7 1 312 2118 1230
9677 2 2 7 1 3389 3392 3391
9678 2 2 7 1 3616 3619 3618
9679 2 2 7 1 728 5875 727
9680 2 2 7 1 6588 6589 6587
9681 2 2 7 1 1844 3375 1842
9682 2 2 7 1 4361 7082 3990
9683 2 2 7 1 2503 5104 2502
9684 2 2 7 1 6927 7137 4210
9685 2 2 7 1 3637 6679 3640
9686 2 2 7 1 946 6502 2227
9687 2 2 7 1 731 5881 730
9688 2 2 7 1 4225 7447 4257
9689 2 2 7 1 283 5904 282
9690 2 2 7 1 1928 6539 2130
9691 2 2 7 1 3301 3302 3300
9692 2 2 7 1 3758 5709 2591
9693 2 2 7 1 300 5912 299
9694 2 2 7 1 2679 6914 6806
9695 2 2 7 1 733 5884 732
9696 2 2 7 1 5943 6664 4641
9697 2 2 7 1 582 5931 581
9698 2 2 7 1 4761 5929 4759
9699 2 2 7 1 736 5889 735
9700 2 2 7 1 6551 7904 2197
9701 2 2 7 1 294 5925 293
9702 2 2 7 1 1089 1794 3
9703 2 2 7 1 3451 6704 3416
9704 2 2 7 1 741 5898 740
9705 2 2 7 1 738 5899 737
9706 2 2 7 1 6011 7515 6005
9707 2 2 7 1 1640 1641 1639
9708 2 2 7 1 312 1230 311
9709 2 2 7 1 1925 7482 7481
9710 2 2 7 1 895 5886 894
9711 2 2 7 1 747 5908 746
9712 2 2 7 1 5003 7212 4531
9713 2 2 7 1 4089 5088 4062
9714 2 2 7 1 853 5895 852
9715 2 2 7 1 516 5964 515
9716 2 2 7 1 535 5967 534
9717 2 2 7 1 7602 7911 7027
9718 2 2 7 1 374 5966 373
9719 2 2 7 1 558 5980 557
9720 2 2 7 1 577 5971 576
9721 2 2 7 1 379 5989 378
9722 2 2 7 1 537 5988 536
9723 2 2 7 1 532 6002 531
9724 2 2 7 1 574 5986 573
9725 2 2 7 1 576 6021 575
9726 2 2 7 1 275 5954 274
9727 2 2 7 1 571 5976 570
9728 2 2 7 1 381 6014 380
9729 2 2 7 1 314 1205 313
9730 2 2 7 1 570 5999 569
9731 2 2 7 1 3145 7258 5978
9732 2 2 7 1 548 6013 547
9733 2 2 7 1 400 6029 399
9734 2 2 7 1 539 6034 538
9735 2 2 7 1 384 6053 383
9736 2 2 7 1 3533 3546 3534
9737 2 2 7 1 403 6061 402
9738 2 2 7 1 315 2145 314
9739 2 2 7 1 483 6075 482
9740 2 2 7 1 4238 7352 4849
9741 2 2 7 1 4722 7634 5879
9742 2 2 7 1 897 5911 896
9743 2 2 7 1 479 6076 478
9744 2 2 7 1 5909 7177 4073
9745 2 2 7 1 485 6081 484
9746 2 2 7 1 545 6043 544
9747 2 2 7 1 511 6080 510
9748 2 2 7 1 457 6088 456
9749 2 2 7 1 405 6090 404
9750 2 2 7 1 433 6097 432
9751 2 2 7 1 386 6089 385
9752 2 2 7 1 459 6103 458
9753 2 2 7 1 487 6100 486
9754 2 2 7 1 505 6109 504
9755 2 2 7 1 476 6095 475
9756 2 2 7 1 503 6107 502
9757 2 2 7 1 461 6112 460
9758 2 2 7 1 436 6116 435
9759 2 2 7 1 508 6131 507
9760 2 2 7 1 501 6110 500
9761 2 2 7 1 489 6111 488
9762 2 2 7 1 594 4685 6
9763 2 2 7 1 407 6143 406
9764 2 2 7 1 500 6151 499
9765 2 2 7 1 750 5930 749
9766 2 2 7 1 463 6133 462
9767 2 2 7 1 438 6138 437
9768 2 2 7 1 388 6150 387
9769 2 2 7 1 1669 6500 1670
9770 2 2 7 1 3303 3304 3302
9771 2 2 7 1 498 6125 497
9772 2 2 7 1 394 6085 393
9773 2 2 7 1 391 6141 390
9774 2 2 7 1 157 5993 156
9775 2 2 7 1 491 6152 490
9776 2 2 7 1 153 5995 152
9777 2 2 7 1 159 5996 158
9778 2 2 7 1 465 6171 464
9779 2 2 7 1 440 6172 439
9780 2 2 7 1 161 6001 160
9781 2 2 7 1 496 6142 495
9782 2 2 7 1 164 6011 163
9783 2 2 7 1 148 6012 147
9784 2 2 7 1 361 6199 360
9785 2 2 7 1 3207 5828 5772
9786 2 2 7 1 166 6015 165
9787 2 2 7 1 317 1176 316
9788 2 2 7 1 3997 6912 4997
9789 2 2 7 1 418 6180 417
9790 2 2 7 1 169 6024 168
9791 2 2 7 1 442 6189 441
9792 2 2 7 1 467 6192 466
9793 2 2 7 1 1146 7736 6330
9794 2 2 7 1 171 6033 170
9795 2 2 7 1 494 6173 493
9796 2 2 7 1 139 6040 138
9797 2 2 7 1 174 6044 173
9798 2 2 7 1 318 2191 317
9799 2 2 7 1 176 6048 175
9800 2 2 7 1 784 5942 783
9801 2 2 7 1 934 7129 1224
9802 2 2 7 1 353 3311 352
9803 2 2 7 1 1531 7856 1795
9804 2 2 7 1 8 5027 800
9805 2 2 7 1 179 6058 178
9806 2 2 7 1 320 1130 319
9807 2 2 7 1 322 1295 321
9808 2 2 7 1 327 5770 326
9809 2 2 7 1 326 2226 325
9810 2 2 7 1 325 2224 324
9811 2 2 7 1 329 3325 328
9812 2 2 7 1 324 1079 323
9813 2 2 7 1 355 2989 354
9814 2 2 7 1 331 3324 330
9815 2 2 7 1 182 6063 181
9816 2 2 7 1 352 5797 351
9817 2 2 7 1 3555 4657 3527
9818 2 2 7 1 333 4000 332
9819 2 2 7 1 185 6078 184
9820 2 2 7 1 187 6087 186
9821 2 2 7 1 1516 7603 6824
9822 2 2 7 1 335 2975 334
9823 2 2 7 1 357 4445 356
9824 2 2 7 1 351 3310 350
9825 2 2 7 1 190 6105 189
9826 2 2 7 1 2122 6486 2027
9827 2 2 7 1 6242 6952 4702
9828 2 2 7 1 336 5824 335
9829 2 2 7 1 192 6118 191
9830 2 2 7 1 900 5928 899
9831 2 2 7 1 521 6237 520
9832 2 2 7 1 338 3316 337
9833 2 2 7 1 195 6145 194
9834 2 2 7 1 581 5950 580
9835 2 2 7 1 2577 4997 2581
9836 2 2 7 1 350 5862 349
9837 2 2 7 1 255 6169 254
9838 2 2 7 1 580 3084 579
9839 2 2 7 1 583 3140 582
9840 2 2 7 1 556 5979 555
9841 2 2 7 1 531 6042 530
9842 2 2 7 1 752 5955 751
9843 2 2 7 1 557 3147 556
9844 2 2 7 1 382 3006 381
9845 2 2 7 1 555 3079 554
9846 2 2 7 1 481 6072 480
9847 2 2 7 1 456 3163 455
9848 2 2 7 1 431 3162 430
9849 2 2 7 1 506 3049 505
9850 2 2 7 1 406 3160 405
9851 2 2 7 1 579 5962 578
9852 2 2 7 1 380 4555 379
9853 2 2 7 1 432 6083 431
9854 2 2 7 1 482 3156 481
9855 2 2 7 1 584 5927 583
9856 2 2 7 1 530 3062 529
9857 2 2 7 1 507 6114 506
9858 2 2 7 1 480 3157 479
9859 2 2 7 1 430 6086 429
9860 2 2 7 1 455 6091 454
9861 2 2 7 1 383 6027 382
9862 2 2 7 1 533 3058 532
9863 2 2 7 1 554 5987 553
9864 2 2 7 1 360 3011 359
9865 2 2 7 1 248 6175 247
9866 2 2 7 1 458 3016 457
9867 2 2 7 1 197 6167 196
9868 2 2 7 1 408 3180 407
9869 2 2 7 1 529 6074 528
9870 2 2 7 1 504 3173 503
9871 2 2 7 1 404 3002 403
9872 2 2 7 1 454 3164 453
9873 2 2 7 1 429 3033 428
9874 2 2 7 1 585 3085 584
9875 2 2 7 1 578 3143 577
9876 2 2 7 1 534 5984 533
9877 2 2 7 1 559 3077 558
9878 2 2 7 1 553 3148 552
9879 2 2 7 1 434 2948 433
9880 2 2 7 1 484 3023 483
9881 2 2 7 1 409 6162 408
9882 2 2 7 1 509 3048 508
9883 2 2 7 1 378 5982 377
9884 2 2 7 1 528 4545 527
9885 2 2 7 1 478 6092 477
9886 2 2 7 1 428 6096 427
9887 2 2 7 1 385 3282 384
9888 2 2 7 1 586 5917 585
9889 2 2 7 1 560 5977 559
9890 2 2 7 1 552 5990 551
9891 2 2 7 1 435 6099 434
9892 2 2 7 1 460 3165 459
9893 2 2 7 1 410 3003 409
9894 2 2 7 1 510 6135 509
9895 2 2 7 1 377 3007 376
9896 2 2 7 1 527 6147 526
9897 2 2 7 1 502 2925 501
9898 2 2 7 1 477 2924 476
9899 2 2 7 1 402 6045 401
9900 2 2 7 1 427 3159 426
9901 2 2 7 1 452 6108 451
9902 2 2 7 1 349 3312 348
9903 2 2 7 1 536 3146 535
9904 2 2 7 1 200 6183 199
9905 2 2 7 1 587 3139 586
9906 2 2 7 1 561 5978 560
9907 2 2 7 1 340 3314 339
9908 2 2 7 1 486 3154 485
9909 2 2 7 1 551 4568 550
9910 2 2 7 1 526 2926 525
9911 2 2 7 1 401 3151 400
9912 2 2 7 1 451 2923 450
9913 2 2 7 1 426 6104 425
9914 2 2 7 1 787 5961 786
9915 2 2 7 1 387 3281 386
9916 2 2 7 1 562 3145 561
9917 2 2 7 1 412 3178 411
9918 2 2 7 1 575 3086 574
9919 2 2 7 1 437 3171 436
9920 2 2 7 1 588 5906 587
9921 2 2 7 1 512 3153 511
9922 2 2 7 1 462 3167 461
9923 2 2 7 1 362 4354 361
9924 2 2 7 1 550 6009 549
9925 2 2 7 1 375 4560 374
9926 2 2 7 1 475 6120 474
9927 2 2 7 1 525 6203 524
9928 2 2 7 1 425 3031 424
9929 2 2 7 1 450 6129 449
9930 2 2 7 1 347 5857 346
9931 2 2 7 1 513 6046 512
9932 2 2 7 1 258 6205 257
9933 2 2 7 1 413 6136 412
9934 2 2 7 1 538 3057 537
9935 2 2 7 1 563 5973 562
9936 2 2 7 1 488 3155 487
9937 2 2 7 1 549 2928 548
9938 2 2 7 1 499 3170 498
9939 2 2 7 1 399 3004 398
9940 2 2 7 1 474 3175 473
9941 2 2 7 1 524 3181 523
9942 2 2 7 1 449 3172 448
9943 2 2 7 1 424 6124 423
9944 2 2 7 1 346 2990 345
9945 2 2 7 1 389 3283 388
9946 2 2 7 1 514 3046 513
9947 2 2 7 1 364 3010 363
9948 2 2 7 1 414 3179 413
9949 2 2 7 1 439 3039 438
9950 2 2 7 1 573 5985 572
9951 2 2 7 1 564 3078 563
9952 2 2 7 1 464 3015 463
9953 2 2 7 1 590 2930 589
9954 2 2 7 1 206 6204 205
9955 2 2 7 1 342 3317 341
9956 2 2 7 1 373 5965 372
9957 2 2 7 1 5800 7618 5091
9958 2 2 7 1 398 6028 397
9959 2 2 7 1 473 6159 472
9960 2 2 7 1 523 6231 522
9961 2 2 7 1 448 6163 447
9962 2 2 7 1 423 3161 422
9963 2 2 7 1 365 6168 364
9964 2 2 7 1 515 5983 514
9965 2 2 7 1 390 6157 389
9966 2 2 7 1 415 6137 414
9967 2 2 7 1 572 3088 571
9968 2 2 7 1 565 5968 564
9969 2 2 7 1 490 3022 489
9970 2 2 7 1 540 3150 539
9971 2 2 7 1 208 6210 207
9972 2 2 7 1 591 5887 590
9973 2 2 7 1 547 6041 546
9974 2 2 7 1 2988 5870 2968
9975 2 2 7 1 1982 7801 7029
9976 2 2 7 1 372 2947 371
9977 2 2 7 1 497 3169 496
9978 2 2 7 1 472 3174 471
9979 2 2 7 1 397 3149 396
9980 2 2 7 1 447 3038 446
9981 2 2 7 1 422 6154 421
9982 2 2 7 1 522 3050 521
9983 2 2 7 1 5615 6640 4184
9984 2 2 7 1 366 4349 365
9985 2 2 7 1 416 6139 415
9986 2 2 7 1 210 6216 209
9987 2 2 7 1 441 3177 440
9988 2 2 7 1 466 3168 465
9989 2 2 7 1 566 3144 565
9990 2 2 7 1 546 3061 545
9991 2 2 7 1 344 4605 343
9992 2 2 7 1 261 6224 260
9993 2 2 7 1 371 5997 370
9994 2 2 7 1 471 6184 470
9995 2 2 7 1 446 6185 445
9996 2 2 7 1 396 6064 395
9997 2 2 7 1 421 3032 420
9998 2 2 7 1 113 6222 112
9999 2 2 7 1 367 6098 366
10000 2 2 7 1 212 6219 211
10001 2 2 7 1 517 3142 516
10002 2 2 7 1 392 2932 391
10003 2 2 7 1 417 2933 416
10004 2 2 7 1 492 3158 491
10005 2 2 7 1 235 6225 234
10006 2 2 7 1 233 6226 232
10007 2 2 7 1 231 6227 230
10008 2 2 7 1 495 3024 494
10009 2 2 7 1 520 6070 519
10010 2 2 7 1 470 3017 469
10011 2 2 7 1 370 4352 369
10012 2 2 7 1 445 4378 444
10013 2 2 7 1 229 6228 228
10014 2 2 7 1 420 6182 419
10015 2 2 7 1 395 3152 394
10016 2 2 7 1 227 6229 226
10017 2 2 7 1 368 3012 367
10018 2 2 7 1 225 6232 224
10019 2 2 7 1 518 5958 517
10020 2 2 7 1 393 6115 392
10021 2 2 7 1 215 6230 214
10022 2 2 7 1 443 3037 442
10023 2 2 7 1 468 3176 467
10024 2 2 7 1 1568 5883 2046
10025 2 2 7 1 493 6161 492
10026 2 2 7 1 569 2929 568
10027 2 2 7 1 543 3059 542
10028 2 2 7 1 519 3047 518
10029 2 2 7 1 220 6233 219
10030 2 2 7 1 544 6079 543
10031 2 2 7 1 219 6238 218
10032 2 2 7 1 903 5949 902
10033 2 2 7 1 217 6234 216
10034 2 2 7 1 4126 5001 5000
10035 2 2 7 1 469 6193 468
10036 2 2 7 1 444 6190 443
10037 2 2 7 1 369 6051 368
10038 2 2 7 1 419 3166 418
10039 2 2 7 1 775 5994 774
10040 2 2 7 1 908 5953 907
10041 2 2 7 1 6355 7286 1196
10042 2 2 7 1 772 6032 771
10043 2 2 7 1 267 6249 266
10044 2 2 7 1 905 5956 904
10045 2 2 7 1 104 6245 103
10046 2 2 7 1 3204 3205 3203
10047 2 2 7 1 4132 7436 6879
10048 2 2 7 1 3565 3566 3564
10049 2 2 7 1 1558 6410 6409
10050 2 2 7 1 4049 4056 3522
10051 2 2 7 1 303 1083 302
10052 2 2 7 1 3726 6871 4481
10053 2 2 7 1 5640 5702 4127
10054 2 2 7 1 1972 6787 1960
10055 2 2 7 1 4278 6843 5081
10056 2 2 7 1 1226 1232 1225
10057 2 2 7 1 3290 6517 3288
10058 2 2 7 1 851 1252 11
10059 2 2 7 1 6569 7155 4193
10060 2 2 7 1 282 1144 281
10061 2 2 7 1 281 5900 280
10062 2 2 7 1 299 1143 298
10063 2 2 7 1 280 1301 279
10064 2 2 7 1 279 5922 278
10065 2 2 7 1 298 5891 297
10066 2 2 7 1 284 1299 283
10067 2 2 7 1 292 5924 291
10068 2 2 7 1 278 1066 277
10069 2 2 7 1 293 1302 292
10070 2 2 7 1 277 5939 276
10071 2 2 7 1 297 1303 296
10072 2 2 7 1 276 1304 275
10073 2 2 7 1 291 1154 290
10074 2 2 7 1 295 1078 294
10075 2 2 7 1 296 5934 295
10076 2 2 7 1 2671 4263 2824
10077 2 2 7 1 154 1305 153
10078 2 2 7 1 152 6000 151
10079 2 2 7 1 155 5992 154
10080 2 2 7 1 156 1068 155
10081 2 2 7 1 151 1121 150
10082 2 2 7 1 150 6008 149
10083 2 2 7 1 274 6019 273
10084 2 2 7 1 285 5946 284
10085 2 2 7 1 149 1308 148
10086 2 2 7 1 158 1306 157
10087 2 2 7 1 301 1300 300
10088 2 2 7 1 147 6016 146
10089 2 2 7 1 146 1050 145
10090 2 2 7 1 160 1147 159
10091 2 2 7 1 145 6022 144
10092 2 2 7 1 144 1310 143
10093 2 2 7 1 162 1307 161
10094 2 2 7 1 143 6031 142
10095 2 2 7 1 273 1127 272
10096 2 2 7 1 163 6003 162
10097 2 2 7 1 142 1148 141
10098 2 2 7 1 286 6255 285
10099 2 2 7 1 141 6039 140
10100 2 2 7 1 290 6215 289
10101 2 2 7 1 165 1048 164
10102 2 2 7 1 140 1312 139
10103 2 2 7 1 272 6209 271
10104 2 2 7 1 138 6047 137
10105 2 2 7 1 167 1309 166
10106 2 2 7 1 137 1069 136
10107 2 2 7 1 168 6017 167
10108 2 2 7 1 136 6049 135
10109 2 2 7 1 271 1323 270
10110 2 2 7 1 135 1314 134
10111 2 2 7 1 170 1122 169
10112 2 2 7 1 134 6059 133
10113 2 2 7 1 692 1094 691
10114 2 2 7 1 133 1150 132
10115 2 2 7 1 302 5940 301
10116 2 2 7 1 172 1311 171
10117 2 2 7 1 132 6065 131
10118 2 2 7 1 289 1337 288
10119 2 2 7 1 173 6036 172
10120 2 2 7 1 268 1061 267
10121 2 2 7 1 266 6239 265
10122 2 2 7 1 131 1315 130
10123 2 2 7 1 265 1190 264
10124 2 2 7 1 262 1087 261
10125 2 2 7 1 175 1064 174
10126 2 2 7 1 260 6213 259
10127 2 2 7 1 259 1189 258
10128 2 2 7 1 128 1051 127
10129 2 2 7 1 177 1313 176
10130 2 2 7 1 127 6106 126
10131 2 2 7 1 256 1059 255
10132 2 2 7 1 178 6050 177
10133 2 2 7 1 126 1318 125
10134 2 2 7 1 254 6117 253
10135 2 2 7 1 125 6127 124
10136 2 2 7 1 180 1123 179
10137 2 2 7 1 253 1186 252
10138 2 2 7 1 287 1071 286
10139 2 2 7 1 124 1151 123
10140 2 2 7 1 181 6062 180
10141 2 2 7 1 252 6134 251
10142 2 2 7 1 123 6158 122
10143 2 2 7 1 251 1320 250
10144 2 2 7 1 122 1321 121
10145 2 2 7 1 183 1185 182
10146 2 2 7 1 250 6166 249
10147 2 2 7 1 121 6176 120
10148 2 2 7 1 184 6067 183
10149 2 2 7 1 249 1080 248
10150 2 2 7 1 120 1074 119
10151 2 2 7 1 186 1047 185
10152 2 2 7 1 119 6188 118
10153 2 2 7 1 247 6187 246
10154 2 2 7 1 118 1322 117
10155 2 2 7 1 188 1316 187
10156 2 2 7 1 246 1187 245
10157 2 2 7 1 117 6195 116
10158 2 2 7 1 189 6094 188
10159 2 2 7 1 245 6197 244
10160 2 2 7 1 116 1152 115
10161 2 2 7 1 244 1324 243
10162 2 2 7 1 115 6207 114
10163 2 2 7 1 191 1124 190
10164 2 2 7 1 243 6206 242
10165 2 2 7 1 114 1325 113
10166 2 2 7 1 242 1055 241
10167 2 2 7 1 193 1317 192
10168 2 2 7 1 241 6211 240
10169 2 2 7 1 194 6128 193
10170 2 2 7 1 240 1328 239
10171 2 2 7 1 3523 6716 3518
10172 2 2 7 1 239 6217 238
10173 2 2 7 1 196 1065 195
10174 2 2 7 1 238 1155 237
10175 2 2 7 1 111 1053 110
10176 2 2 7 1 237 6223 236
10177 2 2 7 1 198 1319 197
10178 2 2 7 1 236 1333 235
10179 2 2 7 1 110 6254 109
10180 2 2 7 1 199 6174 198
10181 2 2 7 1 234 1075 233
10182 2 2 7 1 2097 6187 6175
10183 2 2 7 1 103 1077 102
10184 2 2 7 1 109 1338 108
10185 2 2 7 1 3507 3510 3509
10186 2 2 7 1 201 1125 200
10187 2 2 7 1 232 1332 231
10188 2 2 7 1 202 6186 201
10189 2 2 7 1 102 6178 101
10190 2 2 7 1 230 1156 229
10191 2 2 7 1 107 1159 106
10192 2 2 7 1 101 1334 100
10193 2 2 7 1 204 1188 203
10194 2 2 7 1 105 1339 104
10195 2 2 7 1 205 6198 204
10196 2 2 7 1 228 1331 227
10197 2 2 7 1 100 6240 99
10198 2 2 7 1 207 1049 206
10199 2 2 7 1 99 1157 98
10200 2 2 7 1 226 1052 225
10201 2 2 7 1 5667 5668 5650
10202 2 2 7 1 209 1326 208
10203 2 2 7 1 98 6251 97
10204 2 2 7 1 224 1330 223
10205 2 2 7 1 97 1336 96
10206 2 2 7 1 211 1153 210
10207 2 2 7 1 763 6243 762
10208 2 2 7 1 221 1126 220
10209 2 2 7 1 213 1327 212
10210 2 2 7 1 755 6244 754
10211 2 2 7 1 95 1057 94
10212 2 2 7 1 214 6221 213
10213 2 2 7 1 218 1329 217
10214 2 2 7 1 216 1070 215
10215 2 2 7 1 1835 7425 2093
10216 2 2 7 1 92 1234 91
10217 2 2 7 1 96 6259 95
10218 2 2 7 1 3034 7792 3020
10219 2 2 7 1 108 6261 107
10220 2 2 7 1 2575 2590 2577
10221 2 2 7 1 5104 6518 2506
10222 2 2 7 1 94 6263 93
10223 2 2 7 1 3960 5602 3973
10224 2 2 7 1 1600 7537 1902
10225 2 2 7 1 288 6269 287
10226 2 2 7 1 4107 4908 4108
10227 2 2 7 1 106 6268 105
10228 2 2 7 1 6272 7228 1389
10229 2 2 7 1 6280 7714 5619
10230 2 2 7 1 691 2147 690
10231 2 2 7 1 690 1258 689
10232 2 2 7 1 1581 7842 7047
10233 2 2 7 1 702 1203 701
10234 2 2 7 1 686 1257 685
10235 2 2 7 1 3465 7408 4357
10236 2 2 7 1 688 1072 687
10237 2 2 7 1 306 1117 305
10238 2 2 7 1 790 6257 789
10239 2 2 7 1 685 2184 684
10240 2 2 7 1 2059 6557 1747
10241 2 2 7 1 4797 4959 4921
10242 2 2 7 1 1386 6808 1387
10243 2 2 7 1 684 1062 683
10244 2 2 7 1 307 5880 306
10245 2 2 7 1 4951 6057 6056
10246 2 2 7 1 308 6293 307
10247 2 2 7 1 309 1158 308
10248 2 2 7 1 7 1227 696
10249 2 2 7 1 695 1169 694
10250 2 2 7 1 1817 7719 2095
10251 2 2 7 1 704 3131 703
10252 2 2 7 1 1254 3537 1261
10253 2 2 7 1 1179 7868 5228
10254 2 2 7 1 5228 7868 1393
10255 2 2 7 1 683 2218 682
10256 2 2 7 1 1796 7740 6974
10257 2 2 7 1 982 6574 981
10258 2 2 7 1 91 6287 90
10259 2 2 7 1 310 1183 4
10260 2 2 7 1 758 6267 757
10261 2 2 7 1 28 1341 27
10262 2 2 7 1 47 1193 46
10263 2 2 7 1 22 1194 21
10264 2 2 7 1 55 1132 54
10265 2 2 7 1 35 1086 34
10266 2 2 7 1 682 1296 681
10267 2 2 7 1 41 1343 40
10268 2 2 7 1 706 3100 705
10269 2 2 7 1 66 1168 65
10270 2 2 7 1 1223 7232 977
10271 2 2 7 1 53 1340 52
10272 2 2 7 1 90 6262 89
10273 2 2 7 1 62 1135 61
10274 2 2 7 1 30 1133 29
10275 2 2 7 1 59 1192 58
10276 2 2 7 1 43 1076 42
10277 2 2 7 1 33 1342 32
10278 2 2 7 1 698 1468 697
10279 2 2 7 1 69 1204 68
10280 2 2 7 1 681 5816 680
10281 2 2 7 1 37 1347 36
10282 2 2 7 1 6307 7421 6310
10283 2 2 7 1 50 1082 49
10284 2 2 7 1 39 1160 38
10285 2 2 7 1 45 1346 44
10286 2 2 7 1 871 3492 870
10287 2 2 7 1 3220 6879 3247
10288 2 2 7 1 19 1256 18
10289 2 2 7 1 71 1352 70
10290 2 2 7 1 25 1146 24
10291 2 2 7 1 64 1345 63
10292 2 2 7 1 57 1344 56
10293 2 2 7 1 708 3132 707
10294 2 2 7 1 4167 4746 2985
10295 2 2 7 1 866 5052 865
10296 2 2 7 1 680 1145 679
10297 2 2 7 1 4076 6659 4950
10298 2 2 7 1 872 4178 871
10299 2 2 7 1 711 5781 710
10300 2 2 7 1 700 1294 699
10301 2 2 7 1 792 6278 791
10302 2 2 7 1 798 6277 797
10303 2 2 7 1 1642 1643 1641
10304 2 2 7 1 679 6271 678
10305 2 2 7 1 713 3101 712
10306 2 2 7 1 596 1081 595
10307 2 2 7 1 714 5806 713
10308 2 2 7 1 1586 7848 1629
10309 2 2 7 1 716 3098 715
10310 2 2 7 1 710 3099 709
10311 2 2 7 1 717 5830 716
10312 2 2 7 1 665 1349 664
10313 2 2 7 1 678 1354 677
10314 2 2 7 1 674 1351 673
10315 2 2 7 1 652 1095 651
10316 2 2 7 1 661 1350 660
10317 2 2 7 1 719 3108 718
10318 2 2 7 1 6520 7092 4253
10319 2 2 7 1 643 1199 642
10320 2 2 7 1 670 1348 669
10321 2 2 7 1 720 5844 719
10322 2 2 7 1 635 1355 634
10323 2 2 7 1 630 1201 629
10324 2 2 7 1 672 1161 671
10325 2 2 7 1 608 1200 607
10326 2 2 7 1 604 1058 603
10327 2 2 7 1 655 1196 654
10328 2 2 7 1 626 1084 625
10329 2 2 7 1 722 3107 721
10330 2 2 7 1 640 1096 639
10331 2 2 7 1 663 1162 662
10332 2 2 7 1 622 1163 621
10333 2 2 7 1 646 1067 645
10334 2 2 7 1 649 1197 648
10335 2 2 7 1 724 3134 723
10336 2 2 7 1 614 1202 613
10337 2 2 7 1 618 1063 617
10338 2 2 7 1 633 1054 632
10339 2 2 7 1 658 1056 657
10340 2 2 7 1 667 1073 666
10341 2 2 7 1 616 1365 615
10342 2 2 7 1 873 4666 872
10343 2 2 7 1 637 1198 636
10344 2 2 7 1 606 1357 605
10345 2 2 7 1 611 1085 610
10346 2 2 7 1 727 3106 726
10347 2 2 7 1 744 4244 743
10348 2 2 7 1 743 5896 742
10349 2 2 7 1 745 5894 744
10350 2 2 7 1 742 3115 741
10351 2 2 7 1 746 3112 745
10352 2 2 7 1 620 1367 619
10353 2 2 7 1 740 5905 739
10354 2 2 7 1 600 1164 599
10355 2 2 7 1 739 3137 738
10356 2 2 7 1 628 1364 627
10357 2 2 7 1 737 3113 736
10358 2 2 7 1 729 3135 728
10359 2 2 7 1 735 5885 734
10360 2 2 7 1 748 4248 747
10361 2 2 7 1 624 1366 623
10362 2 2 7 1 734 3136 733
10363 2 2 7 1 730 5877 729
10364 2 2 7 1 749 5915 748
10365 2 2 7 1 786 5944 785
10366 2 2 7 1 732 3114 731
10367 2 2 7 1 785 3200 784
10368 2 2 7 1 788 3201 787
10369 2 2 7 1 783 3213 782
10370 2 2 7 1 602 1369 601
10371 2 2 7 1 767 6164 766
10372 2 2 7 1 768 3714 767
10373 2 2 7 1 766 2938 765
10374 2 2 7 1 769 6102 768
10375 2 2 7 1 751 3126 750
10376 2 2 7 1 770 3210 769
10377 2 2 7 1 765 6218 764
10378 2 2 7 1 782 5945 781
10379 2 2 7 1 771 6056 770
10380 2 2 7 1 789 6121 788
10381 2 2 7 1 764 4150 763
10382 2 2 7 1 773 3208 772
10383 2 2 7 1 781 4624 780
10384 2 2 7 1 774 6018 773
10385 2 2 7 1 780 5957 779
10386 2 2 7 1 865 3526 864
10387 2 2 7 1 762 6253 761
10388 2 2 7 1 753 4424 752
10389 2 2 7 1 776 3209 775
10390 2 2 7 1 868 3490 867
10391 2 2 7 1 779 2937 778
10392 2 2 7 1 791 3199 790
10393 2 2 7 1 761 3127 760
10394 2 2 7 1 754 6007 753
10395 2 2 7 1 760 6264 759
10396 2 2 7 1 793 3214 792
10397 2 2 7 1 794 6286 793
10398 2 2 7 1 756 3125 755
10399 2 2 7 1 759 4724 758
10400 2 2 7 1 797 6280 796
10401 2 2 7 1 796 3216 795
10402 2 2 7 1 676 1060 675
10403 2 2 7 1 799 3215 798
10404 2 2 7 1 869 4970 868
10405 2 2 7 1 595 6290 594
10406 2 2 7 1 5017 6748 4745
10407 2 2 7 1 598 1368 597
10408 2 2 7 1 911 6273 910
10409 2 2 7 1 795 6289 794
10410 2 2 7 1 1191 6739 5872
10411 2 2 7 1 1140 7514 6440
10412 2 2 7 1 2163 6875 2164
10413 2 2 7 1 876 5655 875
10414 2 2 7 1 863 5608 862
10415 2 2 7 1 919 6282 918
10416 2 2 7 1 2176 7900 1916
10417 2 2 7 1 1927 7219 2192
10418 2 2 7 1 862 3488 861
10419 2 2 7 1 852 2163 851
10420 2 2 7 1 800 6279 799
10421 2 2 7 1 878 3361 877
10422 2 2 7 1 453 6711 452
10423 2 2 7 1 879 5647 878
10424 2 2 7 1 860 5710 859
10425 2 2 7 1 859 3489 858
10426 2 2 7 1 4422 7711 5620
10427 2 2 7 1 875 3360 874
10428 2 2 7 1 881 3362 880
10429 2 2 7 1 3598 6604 3757
10430 2 2 7 1 857 3493 856
10431 2 2 7 1 23 6295 22
10432 2 2 7 1 27 6294 26
10433 2 2 7 1 6153 7567 4855
10434 2 2 7 1 4759 5787 2504
10435 2 2 7 1 48 6296 47
10436 2 2 7 1 4847 7577 7242
10437 2 2 7 1 61 6300 60
10438 2 2 7 1 4079 4080 4072
10439 2 2 7 1 67 6298 66
10440 2 2 7 1 922 2964 921
10441 2 2 7 1 54 6301 53
10442 2 2 7 1 42 6302 41
10443 2 2 7 1 60 6304 59
10444 2 2 7 1 34 6312 33
10445 2 2 7 1 52 6297 51
10446 2 2 7 1 883 4588 882
10447 2 2 7 1 68 6311 67
10448 2 2 7 1 960 7299 1218
10449 2 2 7 1 29 6310 28
10450 2 2 7 1 4165 6601 5462
10451 2 2 7 1 914 6291 913
10452 2 2 7 1 36 6313 35
10453 2 2 7 1 49 6314 48
10454 2 2 7 1 40 6315 39
10455 2 2 7 1 72 6316 71
10456 2 2 7 1 31 6305 30
10457 2 2 7 1 46 6318 45
10458 2 2 7 1 56 6319 55
10459 2 2 7 1 65 6325 64
10460 2 2 7 1 889 5847 888
10461 2 2 7 1 24 6330 23
10462 2 2 7 1 921 6276 920
10463 2 2 7 1 44 6322 43
10464 2 2 7 1 58 6327 57
10465 2 2 7 1 63 6329 62
10466 2 2 7 1 51 6321 50
10467 2 2 7 1 70 6326 69
10468 2 2 7 1 38 6323 37
10469 2 2 7 1 32 6309 31
10470 2 2 7 1 18 6328 17
10471 2 2 7 1 26 6331 25
10472 2 2 7 1 891 2994 890
10473 2 2 7 1 894 3433 893
10474 2 2 7 1 854 1251 853
10475 2 2 7 1 858 5790 857
10476 2 2 7 1 899 5920 898
10477 2 2 7 1 896 3747 895
10478 2 2 7 1 902 5936 901
10479 2 2 7 1 904 3347 903
10480 2 2 7 1 907 5960 906
10481 2 2 7 1 888 3394 887
10482 2 2 7 1 909 2965 908
10483 2 2 7 1 901 3348 900
10484 2 2 7 1 886 5818 885
10485 2 2 7 1 898 2969 897
10486 2 2 7 1 906 3367 905
10487 2 2 7 1 910 5991 909
10488 2 2 7 1 885 2993 884
10489 2 2 7 1 912 3339 911
10490 2 2 7 1 920 3368 919
10491 2 2 7 1 915 3338 914
10492 2 2 7 1 918 3340 917
10493 2 2 7 1 938 6579 937
10494 2 2 7 1 913 6283 912
10495 2 2 7 1 2905 6463 6462
10496 2 2 7 1 5116 7210 4692
10497 2 2 7 1 1802 2000 1999
10498 2 2 7 1 5951 7734 6951
10499 2 2 7 1 673 6336 672
10500 2 2 7 1 671 6335 670
10501 2 2 7 1 669 6339 668
10502 2 2 7 1 1850 7752 2082
10503 2 2 7 1 1158 7281 6293
10504 2 2 7 1 3286 7302 6972
10505 2 2 7 1 1821 1880 1822
10506 2 2 7 1 668 6343 667
10507 2 2 7 1 664 6344 663
10508 2 2 7 1 666 6347 665
10509 2 2 7 1 660 6349 659
10510 2 2 7 1 662 6348 661
10511 2 2 7 1 4060 4061 4056
10512 2 2 7 1 7489 7849 6148
10513 2 2 7 1 659 6353 658
10514 2 2 7 1 657 6354 656
10515 2 2 7 1 1170 1172 1171
10516 2 2 7 1 656 6355 655
10517 2 2 7 1 3402 3425 3424
10518 2 2 7 1 589 6791 588
10519 2 2 7 1 677 6362 676
10520 2 2 7 1 5825 7775 1216
10521 2 2 7 1 5546 7901 1401
10522 2 2 7 1 1209 7901 5546
10523 2 2 7 1 4136 7941 5002
10524 2 2 7 1 654 6357 653
10525 2 2 7 1 675 6360 674
10526 2 2 7 1 653 6359 652
10527 2 2 7 1 6563 6876 4889
10528 2 2 7 1 651 6361 650
10529 2 2 7 1 6032 7346 4951
10530 2 2 7 1 5038 5808 4851
10531 2 2 7 1 5739 6579 938
10532 2 2 7 1 4137 5623 4906
10533 2 2 7 1 1240 1243 1242
10534 2 2 7 1 650 6363 649
10535 2 2 7 1 4539 7091 6995
10536 2 2 7 1 3755 3756 3754
10537 2 2 7 1 3474 3475 3473
10538 2 2 7 1 940 7377 1220
10539 2 2 7 1 1695 7658 2039
10540 2 2 7 1 3206 3207 3205
10541 2 2 7 1 645 6367 644
10542 2 2 7 1 644 6369 643
10543 2 2 7 1 639 6373 638
10544 2 2 7 1 638 6374 637
10545 2 2 7 1 642 6371 641
10546 2 2 7 1 636 6370 635
10547 2 2 7 1 3984 3985 3983
10548 2 2 7 1 641 6372 640
10549 2 2 7 1 2977 5729 4867
10550 2 2 7 1 634 6375 633
10551 2 2 7 1 5852 7296 1727
10552 2 2 7 1 607 6380 606
10553 2 2 7 1 632 6377 631
10554 2 2 7 1 1092 1470 1098
10555 2 2 7 1 1916 7900 7348
10556 2 2 7 1 612 6383 611
10557 2 2 7 1 2673 2786 2785
10558 2 2 7 1 6194 7001 4698
10559 2 2 7 1 3694 3695 3692
10560 2 2 7 1 605 6384 604
10561 2 2 7 1 3289 3290 3288
10562 2 2 7 1 629 6385 628
10563 2 2 7 1 4268 4271 4269
10564 2 2 7 1 6813 7317 1182
10565 2 2 7 1 613 6387 612
10566 2 2 7 1 5076 7262 6079
10567 2 2 7 1 2951 2952 2950
10568 2 2 7 1 3376 4817 9
10569 2 2 7 1 597 6388 596
10570 2 2 7 1 3007 6831 5706
10571 2 2 7 1 6285 7760 6623
10572 2 2 7 1 627 6392 626
10573 2 2 7 1 998 7428 1215
10574 2 2 7 1 4218 6658 4911
10575 2 2 7 1 2128 5855 1723
10576 2 2 7 1 615 6395 614
10577 2 2 7 1 4864 7822 4623
10578 2 2 7 1 3149 7549 5822
10579 2 2 7 1 2514 2518 2517
10580 2 2 7 1 3384 3386 3385
10581 2 2 7 1 6301 7576 5850
10582 2 2 7 1 625 6396 624
10583 2 2 7 1 617 6397 616
10584 2 2 7 1 3979 3982 3980
10585 2 2 7 1 621 6400 620
10586 2 2 7 1 4402 6740 4947
10587 2 2 7 1 5038 7745 5810
10588 2 2 7 1 603 6401 602
10589 2 2 7 1 623 6398 622
10590 2 2 7 1 619 6399 618
10591 2 2 7 1 4266 5022 4798
10592 2 2 7 1 1001 7532 1103
10593 2 2 7 1 6084 7684 7683
10594 2 2 7 1 2142 7927 1781
10595 2 2 7 1 3439 6722 3444
10596 2 2 7 1 2641 6236 2642
10597 2 2 7 1 5669 6524 4139
10598 2 2 7 1 6546 6547 3138
10599 2 2 7 1 4589 6841 5092
10600 2 2 7 1 6262 7382 1637
10601 2 2 7 1 2874 7018 6629
10602 2 2 7 1 1158 6293 308
10603 2 2 7 1 5913 6501 1766
10604 2 2 7 1 3759 3760 3758
10605 2 2 7 1 2473 2476 2475
10606 2 2 7 1 4929 7292 4696
10607 2 2 7 1 4400 6457 4174
10608 2 2 7 1 6509 7814 2037
10609 2 2 7 1 6823 7603 1726
10610 2 2 7 1 6707 7937 4815
10611 2 2 7 1 1548 2180 1551
10612 2 2 7 1 1615 1616 1614
10613 2 2 7 1 2082 6025 1848
10614 2 2 7 1 6305 7064 6306
10615 2 2 7 1 4035 7692 6610
10616 2 2 7 1 4325 6491 4327
10617 2 2 7 1 376 6830 375
10618 2 2 7 1 3243 4794 2917
10619 2 2 7 1 1991 7440 6553
10620 2 2 7 1 6407 6628 1181
10621 2 2 7 1 3704 3705 3703
10622 2 2 7 1 3288 6517 3409
10623 2 2 7 1 4101 7269 4993
10624 2 2 7 1 2671 7070 4263
10625 2 2 7 1 2091 7736 1868
10626 2 2 7 1 1235 2100 1228
10627 2 2 7 1 599 6414 598
10628 2 2 7 1 1934 7427 2138
10629 2 2 7 1 2832 2915 2914
10630 2 2 7 1 2506 6518 4868
10631 2 2 7 1 4890 6563 4889
10632 2 2 7 1 3410 6580 3412
10633 2 2 7 1 5749 6648 1031
10634 2 2 7 1 1278 6419 4273
10635 2 2 7 1 4746 7144 2985
10636 2 2 7 1 601 6426 600
10637 2 2 7 1 3156 6952 6073
10638 2 2 7 1 6745 7128 3538
10639 2 2 7 1 7246 7998 1370
10640 2 2 7 1 1545 1546 1544
10641 2 2 7 1 4408 7238 6452
10642 2 2 7 1 1675 6532 1676
10643 2 2 7 1 1800 7087 6839
10644 2 2 7 1 6059 7200 1150
10645 2 2 7 1 928 7735 1221
10646 2 2 7 1 4859 7270 7115
10647 2 2 7 1 4351 5029 4350
10648 2 2 7 1 5674 5675 4600
10649 2 2 7 1 2105 7747 2207
10650 2 2 7 1 3520 3523 3518
10651 2 2 7 1 3291 3292 3290
10652 2 2 7 1 4274 4276 4275
10653 2 2 7 1 962 6619 961
10654 2 2 7 1 1482 6527 1483
10655 2 2 7 1 1011 7901 1209
10656 2 2 7 1 1401 7901 1012
10657 2 2 7 1 2009 6359 6357
10658 2 2 7 1 2081 7395 1918
10659 2 2 7 1 972 7881 1211
10660 2 2 7 1 948 7868 1179
10661 2 2 7 1 1393 7868 949
10662 2 2 7 1 3608 3611 3610
10663 2 2 7 1 5738 7205 4549
10664 2 2 7 1 306 5880 1117
10665 2 2 7 1 813 1375 812
10666 2 2 7 1 811 1165 810
10667 2 2 7 1 817 1376 816
10668 2 2 7 1 1944 7138 2112
10669 2 2 7 1 6093 7503 4533
10670 2 2 7 1 807 1181 806
10671 2 2 7 1 823 1206 822
10672 2 2 7 1 4094 4095 4093
10673 2 2 7 1 809 1373 808
10674 2 2 7 1 805 1371 804
10675 2 2 7 1 4142 4456 3461
10676 2 2 7 1 7206 7411 1968
10677 2 2 7 1 4440 6957 5772
10678 2 2 7 1 829 1207 828
10679 2 2 7 1 4387 5689 5688
10680 2 2 7 1 3229 5698 3230
10681 2 2 7 1 307 6293 5880
10682 2 2 7 1 820 1131 819
10683 2 2 7 1 270 6738 269
10684 2 2 7 1 4643 7271 5673
10685 2 2 7 1 826 1093 825
10686 2 2 7 1 815 1139 814
10687 2 2 7 1 831 1403 830
10688 2 2 7 1 833 1134 832
10689 2 2 7 1 4760 4761 4759
10690 2 2 7 1 2101 2134 2100
10691 2 2 7 1 835 1404 834
10692 2 2 7 1 5819 6834 4860
10693 2 2 7 1 2149 7702 1931
10694 2 2 7 1 4785 7444 7443
10695 2 2 7 1 1837 5852 5851
10696 2 2 7 1 3575 3722 3545
10697 2 2 7 1 838 1149 837
10698 2 2 7 1 2852 5010 4517
10699 2 2 7 1 1819 6657 1912
10700 2 2 7 1 3336 6776 5077
10701 2 2 7 1 3374 5040 5039
10702 2 2 7 1 2359 7058 5053
10703 2 2 7 1 7696 7886 5107
10704 2 2 7 1 840 1472 839
10705 2 2 7 1 4017 6808 6713
10706 2 2 7 1 3752 6964 4890
10707 2 2 7 1 4763 7713 5631
10708 2 2 7 1 843 1182 842
10709 2 2 7 1 6288 6540 958
10710 2 2 7 1 4479 7161 5680
10711 2 2 7 1 5093 7655 4328
10712 2 2 7 1 6816 7006 4251
10713 2 2 7 1 4657 7854 6750
10714 2 2 7 1 4794 5005 2917
10715 2 2 7 1 1160 6324 6323
10716 2 2 7 1 4001 6946 3590
10717 2 2 7 1 2035 2172 2034
10718 2 2 7 1 4551 7132 6030
10719 2 2 7 1 6241 6242 4430
10720 2 2 7 1 4618 4619 4484
10721 2 2 7 1 6141 6707 4815
10722 2 2 7 1 6680 6819 1890
10723 2 2 7 1 4466 7629 5981
10724 2 2 7 1 5823 7736 1146
10725 2 2 7 1 3538 7128 5630
10726 2 2 7 1 1557 1558 1501
10727 2 2 7 1 4540 7149 6883
10728 2 2 7 1 3757 6604 5657
10729 2 2 7 1 1211 7881 5604
10730 2 2 7 1 4699 5053 4324
10731 2 2 7 1 6796 7452 1990
10732 2 2 7 1 2916 4792 4399
10733 2 2 7 1 1031 6648 1030
10734 2 2 7 1 4945 5882 4360
10735 2 2 7 1 1719 6281 1718
10736 2 2 7 1 801 3929 8
10737 2 2 7 1 6 6417 801
10738 2 2 7 1 2501 2503 2502
10739 2 2 7 1 2962 2976 2966
10740 2 2 7 1 6356 7021 1904
10741 2 2 7 1 2193 7859 2195
10742 2 2 7 1 5620 7711 5930
10743 2 2 7 1 6817 7393 4875
10744 2 2 7 1 4015 6521 1461
10745 2 2 7 1 846 1374 845
10746 2 2 7 1 848 1674 847
10747 2 2 7 1 2023 2032 2020
10748 2 2 7 1 6522 7122 2036
10749 2 2 7 1 4976 7779 2888
10750 2 2 7 1 4108 7055 6469
10751 2 2 7 1 3406 4972 4006
10752 2 2 7 1 4613 5774 5700
10753 2 2 7 1 5081 6843 6837
10754 2 2 7 1 1446 1447 1445
10755 2 2 7 1 1382 1846 1845
10756 2 2 7 1 1947 7688 2139
10757 2 2 7 1 4475 7612 5065
10758 2 2 7 1 2653 7362 5136
10759 2 2 7 1 3076 3081 3080
10760 2 2 7 1 1189 7005 6205
10761 2 2 7 1 6848 7604 4961
10762 2 2 7 1 3948 4015 1461
10763 2 2 7 1 1871 7832 1875
10764 2 2 7 1 1830 6907 2225
10765 2 2 7 1 5962 6951 3143
10766 2 2 7 1 3334 3335 3333
10767 2 2 7 1 6586 6587 3400
10768 2 2 7 1 5047 7993 4780
10769 2 2 7 1 5994 7932 6018
10770 2 2 7 1 6166 7719 2211
10771 2 2 7 1 1578 1580 1579
10772 2 2 7 1 2681 7193 6602
10773 2 2 7 1 5674 6806 5675
10774 2 2 7 1 1288 1290 1289
10775 2 2 7 1 2492 2494 2493
10776 2 2 7 1 806 6453 805
10777 2 2 7 1 11 1228 850
10778 2 2 7 1 4087 4333 4331
10779 2 2 7 1 4150 7612 5879
10780 2 2 7 1 4770 5099 4718
10781 2 2 7 1 4569 7359 5103
10782 2 2 7 1 2590 4997 2577
10783 2 2 7 1 6448 6970 5727
10784 2 2 7 1 3983 7149 3980
10785 2 2 7 1 2636 2637 2585
10786 2 2 7 1 6235 7029 1886
10787 2 2 7 1 5772 6957 3687
10788 2 2 7 1 2110 7592 2084
10789 2 2 7 1 5105 7300 2584
10790 2 2 7 1 1461 6521 1462
10791 2 2 7 1 6273 7596 5662
10792 2 2 7 1 6543 7727 5672
10793 2 2 7 1 3626 6737 3629
10794 2 2 7 1 3671 7392 5670
10795 2 2 7 1 4263 4265 4264
10796 2 2 7 1 81 6433 80
10797 2 2 7 1 79 6436 78
10798 2 2 7 1 82 1353 81
10799 2 2 7 1 80 1178 79
10800 2 2 7 1 74 6437 73
10801 2 2 7 1 83 6440 82
10802 2 2 7 1 87 1191 86
10803 2 2 7 1 75 1555 74
10804 2 2 7 1 86 6438 85
10805 2 2 7 1 84 1140 83
10806 2 2 7 1 77 1231 76
10807 2 2 7 1 78 6442 77
10808 2 2 7 1 76 6441 75
10809 2 2 7 1 1712 6934 1561
10810 2 2 7 1 4509 4511 4510
10811 2 2 7 1 5227 6699 5194
10812 2 2 7 1 808 6456 807
10813 2 2 7 1 1250 6449 1249
10814 2 2 7 1 1278 4273 2578
10815 2 2 7 1 2680 5583 2530
10816 2 2 7 1 5061 7380 4940
10817 2 2 7 1 6879 7436 3264
10818 2 2 7 1 4685 7223 4870
10819 2 2 7 1 3429 6849 6689
10820 2 2 7 1 3661 4014 3662
10821 2 2 7 1 4041 4286 4285
10822 2 2 7 1 810 6458 809
10823 2 2 7 1 3937 7044 4268
10824 2 2 7 1 3437 5716 3240
10825 2 2 7 1 3269 3270 3268
10826 2 2 7 1 5011 7665 5012
10827 2 2 7 1 6567 7724 1778
10828 2 2 7 1 4112 4113 4111
10829 2 2 7 1 3675 6720 4009
10830 2 2 7 1 6089 7637 6055
10831 2 2 7 1 1463 6430 1091
10832 2 2 7 1 7668 7942 4720
10833 2 2 7 1 4110 4111 2829
10834 2 2 7 1 2536 6494 2537
10835 2 2 7 1 6044 7206 6036
10836 2 2 7 1 1875 7064 5826
10837 2 2 7 1 4541 6919 5019
10838 2 2 7 1 7373 7436 4132
10839 2 2 7 1 6762 7040 3508
10840 2 2 7 1 1456 7674 6613
10841 2 2 7 1 1651 6928 1685
10842 2 2 7 1 6965 7356 4432
10843 2 2 7 1 4415 4417 4416
10844 2 2 7 1 4413 7837 4148
10845 2 2 7 1 6389 6619 1115
10846 2 2 7 1 4022 4093 4018
10847 2 2 7 1 812 6464 811
10848 2 2 7 1 4358 7381 6447
10849 2 2 7 1 3076 7176 3081
10850 2 2 7 1 223 6774 222
10851 2 2 7 1 4752 7700 2498
10852 2 2 7 1 814 6470 813
10853 2 2 7 1 4260 7621 6469
10854 2 2 7 1 4996 7780 2987
10855 2 2 7 1 3382 6915 5078
10856 2 2 7 1 1476 6826 1405
10857 2 2 7 1 6074 7041 6594
10858 2 2 7 1 1902 7173 2131
10859 2 2 7 1 5614 6368 4008
10860 2 2 7 1 2983 2986 2979
10861 2 2 7 1 1114 7343 5721
10862 2 2 7 1 3081 3083 3082
10863 2 2 7 1 5096 7349 7267
10864 2 2 7 1 5844 6919 3108
10865 2 2 7 1 3428 6836 3245
10866 2 2 7 1 5639 7706 6415
10867 2 2 7 1 1103 7532 5653
10868 2 2 7 1 4595 4841 3659
10869 2 2 7 1 816 6477 815
10870 2 2 7 1 5089 5608 863
10871 2 2 7 1 4451 5592 5591
10872 2 2 7 1 2550 2552 2551
10873 2 2 7 1 1172 1174 1173
10874 2 2 7 1 4207 6724 4323
10875 2 2 7 1 4485 5909 4073
10876 2 2 7 1 3576 4636 3542
10877 2 2 7 1 4067 4070 4058
10878 2 2 7 1 6282 7614 5677
10879 2 2 7 1 2560 4139 2565
10880 2 2 7 1 3710 4882 3708
10881 2 2 7 1 6896 7989 1952
10882 2 2 7 1 1465 2186 1378
10883 2 2 7 1 6649 6650 4182
10884 2 2 7 1 1985 7712 2140
10885 2 2 7 1 1636 6554 2004
10886 2 2 7 1 7136 7437 5699
10887 2 2 7 1 6034 7349 3057
10888 2 2 7 1 4616 7214 5608
10889 2 2 7 1 1088 1637 1090
10890 2 2 7 1 4114 4115 4113
10891 2 2 7 1 3929 4537 4536
10892 2 2 7 1 6584 7209 4585
10893 2 2 7 1 3087 4337 4336
10894 2 2 7 1 2586 7238 5061
10895 2 2 7 1 3686 3689 3688
10896 2 2 7 1 4683 6540 6288
10897 2 2 7 1 4007 5614 4384
10898 2 2 7 1 821 6489 820
10899 2 2 7 1 2878 6629 4278
10900 2 2 7 1 2786 2904 2859
10901 2 2 7 1 6730 7678 4786
10902 2 2 7 1 1240 7185 1243
10903 2 2 7 1 6325 7788 2198
10904 2 2 7 1 5699 7437 4845
10905 2 2 7 1 5225 6736 4738
10906 2 2 7 1 6382 6576 4614
10907 2 2 7 1 3328 3329 3327
10908 2 2 7 1 2987 6555 4996
10909 2 2 7 1 2742 6236 2641
10910 2 2 7 1 5725 7549 6028
10911 2 2 7 1 3335 3397 3337
10912 2 2 7 1 7120 7494 4729
10913 2 2 7 1 3707 4253 3702
10914 2 2 7 1 5074 6276 2964
10915 2 2 7 1 4226 7143 5646
10916 2 2 7 1 5588 7757 3421
10917 2 2 7 1 6149 7101 4413
10918 2 2 7 1 942 6702 941
10919 2 2 7 1 824 6496 823
10920 2 2 7 1 4178 4181 4179
10921 2 2 7 1 2483 2485 2484
10922 2 2 7 1 4504 4507 4502
10923 2 2 7 1 1436 1437 1435
10924 2 2 7 1 1749 1750 1748
10925 2 2 7 1 3672 3679 3670
10926 2 2 7 1 2204 2205 1959
10927 2 2 7 1 1205 2118 313
10928 2 2 7 1 3604 3607 3606
10929 2 2 7 1 3332 3333 3331
10930 2 2 7 1 4179 4180 3492
10931 2 2 7 1 4688 7223 5638
10932 2 2 7 1 4764 7207 3305
10933 2 2 7 1 3207 5772 3399
10934 2 2 7 1 2195 6548 3561
10935 2 2 7 1 5645 6997 4808
10936 2 2 7 1 6637 7682 4019
10937 2 2 7 1 1632 6968 1532
10938 2 2 7 1 825 6508 824
10939 2 2 7 1 4439 6644 5803
10940 2 2 7 1 5310 6756 5381
10941 2 2 7 1 1230 2089 311
10942 2 2 7 1 2772 2870 2773
10943 2 2 7 1 3487 3538 3495
10944 2 2 7 1 3666 5673 4523
10945 2 2 7 1 3676 7401 5681
10946 2 2 7 1 1412 1413 1411
10947 2 2 7 1 7159 7786 4084
10948 2 2 7 1 4116 4117 4115
10949 2 2 7 1 2654 2656 2651
10950 2 2 7 1 6751 7526 1921
10951 2 2 7 1 4140 6565 4959
10952 2 2 7 1 1356 7181 6824
10953 2 2 7 1 4211 4212 3962
10954 2 2 7 1 2180 2181 1551
10955 2 2 7 1 4169 4170 4168
10956 2 2 7 1 2529 2680 2530
10957 2 2 7 1 1617 1618 1616
10958 2 2 7 1 1729 1730 1620
10959 2 2 7 1 827 6515 826
10960 2 2 7 1 6376 7121 3129
10961 2 2 7 1 4105 4998 4103
10962 2 2 7 1 3054 3056 3055
10963 2 2 7 1 6046 7907 5138
10964 2 2 7 1 5139 6997 5645
10965 2 2 7 1 4539 6995 5027
10966 2 2 7 1 3284 7670 7072
10967 2 2 7 1 3554 5720 3559
10968 2 2 7 1 6419 6420 4273
10969 2 2 7 1 3427 6871 3726
10970 2 2 7 1 4093 7252 4018
10971 2 2 7 1 1122 6025 6024
10972 2 2 7 1 3611 3613 3612
10973 2 2 7 1 2017 7857 2033
10974 2 2 7 1 7251 7872 6897
10975 2 2 7 1 4632 7507 6181
10976 2 2 7 1 2941 7893 4769
10977 2 2 7 1 4456 6772 3461
10978 2 2 7 1 4126 6807 5001
10979 2 2 7 1 3456 4790 3454
10980 2 2 7 1 6530 7375 2028
10981 2 2 7 1 1203 2113 701
10982 2 2 7 1 4943 6926 6817
10983 2 2 7 1 828 6522 827
10984 2 2 7 1 3448 3470 3468
10985 2 2 7 1 3925 6431 3923
10986 2 2 7 1 1844 5626 3375
10987 2 2 7 1 6983 6984 6444
10988 2 2 7 1 4324 4325 3756
10989 2 2 7 1 3964 3966 3959
10990 2 2 7 1 3087 6265 4337
10991 2 2 7 1 1003 6741 1002
10992 2 2 7 1 3587 4992 4892
10993 2 2 7 1 4134 7385 6759
10994 2 2 7 1 1292 4023 1293
10995 2 2 7 1 5776 7031 777
10996 2 2 7 1 1841 1843 1842
10997 2 2 7 1 4935 5888 5887
10998 2 2 7 1 4556 7163 4552
10999 2 2 7 1 686 2157 1257
11000 2 2 7 1 5136 7362 4400
11001 2 2 7 1 1837 5851 5850
11002 2 2 7 1 5829 7298 4507
11003 2 2 7 1 2125 8021 7914
11004 2 2 7 1 3186 6879 3220
11005 2 2 7 1 4047 7496 4059
11006 2 2 7 1 5090 6793 4608
11007 2 2 7 1 4739 6714 5722
11008 2 2 7 1 3613 3615 3614
11009 2 2 7 1 4585 7209 7038
11010 2 2 7 1 3526 5089 864
11011 2 2 7 1 3678 6386 4462
11012 2 2 7 1 5221 6802 4329
11013 2 2 7 1 541 6847 540
11014 2 2 7 1 4393 4394 4392
11015 2 2 7 1 1350 6350 6349
11016 2 2 7 1 4055 7208 4946
11017 2 2 7 1 3508 7040 5611
11018 2 2 7 1 5054 6958 5098
11019 2 2 7 1 1117 1939 1938
11020 2 2 7 1 4184 4590 4183
11021 2 2 7 1 4005 5723 2768
11022 2 2 7 1 5878 6939 5009
11023 2 2 7 1 1259 1821 1694
11024 2 2 7 1 1290 1292 1291
11025 2 2 7 1 830 6529 829
11026 2 2 7 1 4934 4935 3469
11027 2 2 7 1 2089 7198 1183
11028 2 2 7 1 6045 7015 3151
11029 2 2 7 1 6495 7282 1976
11030 2 2 7 1 4061 5683 4100
11031 2 2 7 1 4355 4356 3760
11032 2 2 7 1 3615 5587 3616
11033 2 2 7 1 4051 4052 4050
11034 2 2 7 1 5619 7714 4469
11035 2 2 7 1 2182 7819 7241
11036 2 2 7 1 3490 5025 867
11037 2 2 7 1 5872 6439 6438
11038 2 2 7 1 20 6840 19
11039 2 2 7 1 6479 6960 4665
11040 2 2 7 1 3455 7936 3457
11041 2 2 7 1 5073 7216 4434
11042 2 2 7 1 3967 4874 4267
11043 2 2 7 1 4062 5088 4063
11044 2 2 7 1 3616 5587 3619
11045 2 2 7 1 6130 7608 6163
11046 2 2 7 1 3056 3410 3060
11047 2 2 7 1 1243 1245 1244
11048 2 2 7 1 3461 6772 3462
11049 2 2 7 1 3664 5963 3141
11050 2 2 7 1 5771 7307 3325
11051 2 2 7 1 2198 7788 1896
11052 2 2 7 1 1072 2157 687
11053 2 2 7 1 1847 7882 1689
11054 2 2 7 1 3118 7345 6698
11055 2 2 7 1 832 6537 831
11056 2 2 7 1 5948 7644 6250
11057 2 2 7 1 4295 6835 4621
11058 2 2 7 1 1834 7005 6214
11059 2 2 7 1 1294 2005 699
11060 2 2 7 1 6839 7087 1388
11061 2 2 7 1 3546 3775 3547
11062 2 2 7 1 257 7004 256
11063 2 2 7 1 1667 2174 1666
11064 2 2 7 1 3327 7725 3326
11065 2 2 7 1 4816 7035 5618
11066 2 2 7 1 3030 6768 3040
11067 2 2 7 1 6546 7063 6547
11068 2 2 7 1 2178 2221 1882
11069 2 2 7 1 868 4970 3490
11070 2 2 7 1 3692 6596 3691
11071 2 2 7 1 1183 1975 4
11072 2 2 7 1 3502 6715 5589
11073 2 2 7 1 6300 7920 2115
11074 2 2 7 1 4762 4763 4761
11075 2 2 7 1 3410 3412 3411
11076 2 2 7 1 2036 7814 6515
11077 2 2 7 1 3590 6946 3403
11078 2 2 7 1 1468 1983 697
11079 2 2 7 1 873 5597 4666
11080 2 2 7 1 3937 3939 3936
11081 2 2 7 1 2322 6969 2319
11082 2 2 7 1 1169 1974 694
11083 2 2 7 1 112 6976 111
11084 2 2 7 1 1227 1972 696
11085 2 2 7 1 4985 7306 4837
11086 2 2 7 1 5809 6503 5808
11087 2 2 7 1 4783 7085 5735
11088 2 2 7 1 1117 1937 305
11089 2 2 7 1 2723 4131 2790
11090 2 2 7 1 1379 7087 6573
11091 2 2 7 1 834 6545 833
11092 2 2 7 1 2569 2670 2571
11093 2 2 7 1 4899 7642 4900
11094 2 2 7 1 6746 7694 5715
11095 2 2 7 1 5507 7424 4570
11096 2 2 7 1 3270 6358 3272
11097 2 2 7 1 5974 6592 6591
11098 2 2 7 1 4933 7374 4977
11099 2 2 7 1 4668 7285 5095
11100 2 2 7 1 5886 7010 3433
11101 2 2 7 1 1611 2150 1610
11102 2 2 7 1 4939 6473 6283
11103 2 2 7 1 3502 3550 1273
11104 2 2 7 1 3200 7359 5942
11105 2 2 7 1 2735 2899 2851
11106 2 2 7 1 4256 6640 4255
11107 2 2 7 1 3412 3465 3464
11108 2 2 7 1 6553 7440 1920
11109 2 2 7 1 1698 6621 1951
11110 2 2 7 1 2208 2210 1806
11111 2 2 7 1 836 6551 835
11112 2 2 7 1 2852 7131 5010
11113 2 2 7 1 4056 6624 3522
11114 2 2 7 1 3206 5828 3207
11115 2 2 7 1 2542 2563 2544
11116 2 2 7 1 3463 6555 2986
11117 2 2 7 1 3526 5842 5089
11118 2 2 7 1 2940 2942 2941
11119 2 2 7 1 1573 7821 7296
11120 2 2 7 1 702 5599 1203
11121 2 2 7 1 1237 1748 1238
11122 2 2 7 1 5856 7820 5855
11123 2 2 7 1 1796 6635 1570
11124 2 2 7 1 2135 7317 6813
11125 2 2 7 1 1659 1663 1662
11126 2 2 7 1 4828 6606 2959
11127 2 2 7 1 3511 3514 3513
11128 2 2 7 1 2042 3541 2214
11129 2 2 7 1 2998 3238 2996
11130 2 2 7 1 6119 7455 1915
11131 2 2 7 1 3697 6520 3694
11132 2 2 7 1 2840 7247 5874
11133 2 2 7 1 4693 7673 5888
11134 2 2 7 1 6650 7034 4182
11135 2 2 7 1 2173 7989 1390
11136 2 2 7 1 1608 1740 1739
11137 2 2 7 1 4815 7458 6157
11138 2 2 7 1 3003 7071 5734
11139 2 2 7 1 2865 6948 2742
11140 2 2 7 1 5734 7071 3178
11141 2 2 7 1 567 7014 5970
11142 2 2 7 1 5820 8011 2128
11143 2 2 7 1 1295 2217 2216
11144 2 2 7 1 6882 6977 1900
11145 2 2 7 1 4480 5805 5777
11146 2 2 7 1 1604 7020 1515
11147 2 2 7 1 6095 7212 5003
11148 2 2 7 1 4498 4499 4496
11149 2 2 7 1 3492 4728 870
11150 2 2 7 1 4138 4191 3405
11151 2 2 7 1 6682 7480 6957
11152 2 2 7 1 1820 6752 1904
11153 2 2 7 1 4964 4965 4089
11154 2 2 7 1 4100 5683 4107
11155 2 2 7 1 5723 7098 2768
11156 2 2 7 1 4063 6505 4066
11157 2 2 7 1 1105 7065 5737
11158 2 2 7 1 4265 4670 4655
11159 2 2 7 1 4528 7564 4929
11160 2 2 7 1 3596 3599 3598
11161 2 2 7 1 4766 7105 4767
11162 2 2 7 1 4570 7424 4652
11163 2 2 7 1 6266 6869 3095
11164 2 2 7 1 5013 7705 5101
11165 2 2 7 1 1380 1381 1138
11166 2 2 7 1 4621 6889 5312
11167 2 2 7 1 2130 7197 1230
11168 2 2 7 1 6265 6266 4337
11169 2 2 7 1 1686 7228 6272
11170 2 2 7 1 4254 4255 4253
11171 2 2 7 1 3543 4012 1250
11172 2 2 7 1 4023 6394 1293
11173 2 2 7 1 3464 3466 3411
11174 2 2 7 1 976 7232 5832
11175 2 2 7 1 4733 5713 5678
11176 2 2 7 1 3523 6624 5627
11177 2 2 7 1 4972 7182 6990
11178 2 2 7 1 983 6853 982
11179 2 2 7 1 7319 7659 4644
11180 2 2 7 1 1766 7875 5893
11181 2 2 7 1 411 7071 410
11182 2 2 7 1 968 6857 967
11183 2 2 7 1 1180 8007 7191
11184 2 2 7 1 2086 7195 1765
11185 2 2 7 1 4346 5834 4344
11186 2 2 7 1 997 6859 996
11187 2 2 7 1 1110 6810 1027
11188 2 2 7 1 3551 3552 3550
11189 2 2 7 1 3285 3463 2986
11190 2 2 7 1 1908 7368 2109
11191 2 2 7 1 6735 7848 1587
11192 2 2 7 1 1836 7109 2204
11193 2 2 7 1 5593 7694 3380
11194 2 2 7 1 4488 6805 6804
11195 2 2 7 1 688 2168 1072
11196 2 2 7 1 4186 7933 7034
11197 2 2 7 1 4521 6476 4520
11198 2 2 7 1 5809 7651 6503
11199 2 2 7 1 2825 2834 2833
11200 2 2 7 1 7213 7795 4221
11201 2 2 7 1 5125 5126 4256
11202 2 2 7 1 5857 5867 4871
11203 2 2 7 1 6037 7206 6038
11204 2 2 7 1 2051 6888 1696
11205 2 2 7 1 5726 5727 4191
11206 2 2 7 1 6330 7736 2091
11207 2 2 7 1 4417 5701 4418
11208 2 2 7 1 3223 6816 6454
11209 2 2 7 1 315 2185 2145
11210 2 2 7 1 4254 4458 4256
11211 2 2 7 1 4062 4063 3705
11212 2 2 7 1 1547 1548 1546
11213 2 2 7 1 1258 2168 689
11214 2 2 7 1 2005 6625 1468
11215 2 2 7 1 2191 2193 2192
11216 2 2 7 1 3425 3504 3491
11217 2 2 7 1 2904 4215 4208
11218 2 2 7 1 5011 7952 4519
11219 2 2 7 1 4998 8013 7410
11220 2 2 7 1 3060 4919 3055
11221 2 2 7 1 269 7024 268
11222 2 2 7 1 6705 6958 4356
11223 2 2 7 1 3539 7088 4827
11224 2 2 7 1 2055 2152 1672
11225 2 2 7 1 1360 7339 1361
11226 2 2 7 1 4558 4585 4561
11227 2 2 7 1 4047 4059 4058
11228 2 2 7 1 2226 3716 3405
11229 2 2 7 1 5096 5585 4669
11230 2 2 7 1 6155 6156 3032
11231 2 2 7 1 3282 6055 6054
11232 2 2 7 1 1339 6247 6246
11233 2 2 7 1 6148 6149 2926
11234 2 2 7 1 5796 7428 999
11235 2 2 7 1 3406 7076 4972
11236 2 2 7 1 5918 5919 3085
11237 2 2 7 1 1561 6934 1492
11238 2 2 7 1 3453 3455 3454
11239 2 2 7 1 1939 1941 1940
11240 2 2 7 1 5734 7166 5618
11241 2 2 7 1 1143 5893 5892
11242 2 2 7 1 5946 5948 5947
11243 2 2 7 1 1716 7174 2057
11244 2 2 7 1 6067 6069 6068
11245 2 2 7 1 6003 6005 6004
11246 2 2 7 1 2186 7726 1282
11247 2 2 7 1 3898 3899 3552
11248 2 2 7 1 4477 6518 5104
11249 2 2 7 1 6121 6123 6122
11250 2 2 7 1 5932 5933 5931
11251 2 2 7 1 5374 7343 4404
11252 2 2 7 1 5936 5938 5937
11253 2 2 7 1 6306 6307 1133
11254 2 2 7 1 1351 6338 6337
11255 2 2 7 1 2042 2214 1749
11256 2 2 7 1 1838 7576 6320
11257 2 2 7 1 3486 6745 3487
11258 2 2 7 1 4059 4068 4067
11259 2 2 7 1 2193 2195 2194
11260 2 2 7 1 3620 6807 3623
11261 2 2 7 1 4963 5960 5953
11262 2 2 7 1 6365 7081 647
11263 2 2 7 1 3963 7783 6900
11264 2 2 7 1 1436 2877 2830
11265 2 2 7 1 5914 7713 4763
11266 2 2 7 1 837 6582 836
11267 2 2 7 1 1639 7033 1707
11268 2 2 7 1 6664 7359 4569
11269 2 2 7 1 5121 6445 5786
11270 2 2 7 1 715 7069 714
11271 2 2 7 1 3131 5599 703
11272 2 2 7 1 2723 2737 2536
11273 2 2 7 1 1532 6968 1480
11274 2 2 7 1 4715 4716 3656
11275 2 2 7 1 4642 4766 3899
11276 2 2 7 1 5031 7436 7373
11277 2 2 7 1 1473 7703 6929
11278 2 2 7 1 3582 4193 3772
11279 2 2 7 1 1353 6435 6434
11280 2 2 7 1 4930 7338 4189
11281 2 2 7 1 4760 5011 4762
11282 2 2 7 1 5012 7665 6499
11283 2 2 7 1 5959 7467 4629
11284 2 2 7 1 1375 6466 6465
11285 2 2 7 1 6218 7612 4150
11286 2 2 7 1 3734 4876 2851
11287 2 2 7 1 4533 7742 3750
11288 2 2 7 1 5069 7267 6035
11289 2 2 7 1 1833 8016 6712
11290 2 2 7 1 3332 3370 3334
11291 2 2 7 1 4967 7799 5057
11292 2 2 7 1 5583 7050 2532
11293 2 2 7 1 995 6922 994
11294 2 2 7 1 5119 6969 5100
11295 2 2 7 1 2737 6494 2536
11296 2 2 7 1 3759 4802 4355
11297 2 2 7 1 3964 6607 3967
11298 2 2 7 1 3082 6701 3080
11299 2 2 7 1 5098 6705 5651
11300 2 2 7 1 4935 7640 5888
11301 2 2 7 1 1177 2201 1382
11302 2 2 7 1 1045 6925 1044
11303 2 2 7 1 3392 4086 4085
11304 2 2 7 1 4116 4695 4258
11305 2 2 7 1 3455 3457 3456
11306 2 2 7 1 4476 4725 4723
11307 2 2 7 1 7007 7008 4405
11308 2 2 7 1 3040 6510 5002
11309 2 2 7 1 2877 4104 4103
11310 2 2 7 1 2018 2019 2016
11311 2 2 7 1 1088 1089 3
11312 2 2 7 1 4685 4686 6
11313 2 2 7 1 1176 2185 316
11314 2 2 7 1 2735 2736 2656
11315 2 2 7 1 5021 7910 5128
11316 2 2 7 1 6485 6925 1045
11317 2 2 7 1 1246 1255 1244
11318 2 2 7 1 3457 3968 3962
11319 2 2 7 1 4517 4518 2853
11320 2 2 7 1 4066 6659 4076
11321 2 2 7 1 6974 7740 6413
11322 2 2 7 1 3766 6716 5036
11323 2 2 7 1 1270 6827 6514
11324 2 2 7 1 4773 6920 5822
11325 2 2 7 1 954 6878 1212
11326 2 2 7 1 7389 7492 4735
11327 2 2 7 1 1567 6635 1566
11328 2 2 7 1 3484 6772 3901
11329 2 2 7 1 4104 4106 4105
11330 2 2 7 1 3269 4921 3426
11331 2 2 7 1 5592 6497 5591
11332 2 2 7 1 4114 7928 6674
11333 2 2 7 1 4014 5015 4907
11334 2 2 7 1 4022 4665 4094
11335 2 2 7 1 2195 3561 3560
11336 2 2 7 1 3742 3905 3556
11337 2 2 7 1 1635 7823 7440
11338 2 2 7 1 4017 4021 4018
11339 2 2 7 1 2552 2561 2553
11340 2 2 7 1 3360 5597 874
11341 2 2 7 1 6747 7694 6746
11342 2 2 7 1 4784 5631 2850
11343 2 2 7 1 1180 7191 5749
11344 2 2 7 1 4203 5715 4200
11345 2 2 7 1 1684 1826 1825
11346 2 2 7 1 3948 4017 4016
11347 2 2 7 1 3304 3307 3306
11348 2 2 7 1 4671 4930 2578
11349 2 2 7 1 4114 6674 4116
11350 2 2 7 1 1672 6621 1673
11351 2 2 7 1 4494 4495 4205
11352 2 2 7 1 967 6857 6526
11353 2 2 7 1 3395 7370 6798
11354 2 2 7 1 4106 4599 4260
11355 2 2 7 1 2681 6602 2839
11356 2 2 7 1 3087 4335 3082
11357 2 2 7 1 2899 3735 3734
11358 2 2 7 1 3772 6605 4151
11359 2 2 7 1 2494 2593 2495
11360 2 2 7 1 2970 7913 4852
11361 2 2 7 1 5832 7232 5211
11362 2 2 7 1 7745 7812 6684
11363 2 2 7 1 1805 6826 1520
11364 2 2 7 1 3941 3943 3942
11365 2 2 7 1 4464 4884 4862
11366 2 2 7 1 2943 2949 2945
11367 2 2 7 1 1645 1884 1647
11368 2 2 7 1 1867 6427 2054
11369 2 2 7 1 2131 7425 1835
11370 2 2 7 1 1649 1652 1651
11371 2 2 7 1 1252 2041 11
11372 2 2 7 1 1737 6897 6896
11373 2 2 7 1 6802 7256 4329
11374 2 2 7 1 6175 6986 2097
11375 2 2 7 1 2169 7558 1970
11376 2 2 7 1 7186 7734 3563
11377 2 2 7 1 2464 2468 2466
11378 2 2 7 1 1446 2828 2677
11379 2 2 7 1 6712 7200 6060
11380 2 2 7 1 1984 6735 1690
11381 2 2 7 1 2653 6767 2644
11382 2 2 7 1 7122 7947 2028
11383 2 2 7 1 3569 3593 3571
11384 2 2 7 1 4851 5812 3770
11385 2 2 7 1 3662 6825 5581
11386 2 2 7 1 3306 6595 3309
11387 2 2 7 1 4225 4257 3722
11388 2 2 7 1 6980 7456 4707
11389 2 2 7 1 7270 7314 2503
11390 2 2 7 1 4081 4082 4080
11391 2 2 7 1 3201 7002 5961
11392 2 2 7 1 4192 5021 4170
11393 2 2 7 1 4339 6836 3728
11394 2 2 7 1 5091 7618 4587
11395 2 2 7 1 2541 5804 2542
11396 2 2 7 1 4509 4510 4506
11397 2 2 7 1 5775 7845 5776
11398 2 2 7 1 5652 7881 973
11399 2 2 7 1 4809 5106 2856
11400 2 2 7 1 4208 4690 2859
11401 2 2 7 1 2158 2159 2157
11402 2 2 7 1 4998 7410 4109
11403 2 2 7 1 5989 6898 4793
11404 2 2 7 1 865 5052 3526
11405 2 2 7 1 3911 3912 3910
11406 2 2 7 1 7166 7533 4816
11407 2 2 7 1 4139 7096 5669
11408 2 2 7 1 5826 6675 1873
11409 2 2 7 1 4515 4740 4516
11410 2 2 7 1 5064 5107 2900
11411 2 2 7 1 5606 7594 4361
11412 2 2 7 1 2636 3997 2768
11413 2 2 7 1 3370 4647 3400
11414 2 2 7 1 6449 7310 3537
11415 2 2 7 1 6775 7357 2217
11416 2 2 7 1 1094 2147 691
11417 2 2 7 1 3561 4803 3562
11418 2 2 7 1 1453 6405 1490
11419 2 2 7 1 4110 4259 4112
11420 2 2 7 1 6737 7239 3663
11421 2 2 7 1 5657 6604 4465
11422 2 2 7 1 2983 3286 3285
11423 2 2 7 1 3938 3941 3940
11424 2 2 7 1 5018 7892 5733
11425 2 2 7 1 4010 5113 4614
11426 2 2 7 1 1515 7020 1484
11427 2 2 7 1 4634 6678 4630
11428 2 2 7 1 6798 7370 5002
11429 2 2 7 1 1794 6430 5793
11430 2 2 7 1 1935 7364 6773
11431 2 2 7 1 1122 6033 6026
11432 2 2 7 1 1223 7347 5210
11433 2 2 7 1 6568 8003 1785
11434 2 2 7 1 6289 7677 4822
11435 2 2 7 1 3718 3719 3388
11436 2 2 7 1 3746 5028 3744
11437 2 2 7 1 6651 7252 5779
11438 2 2 7 1 6503 7651 3028
11439 2 2 7 1 2872 3243 2917
11440 2 2 7 1 6461 7129 935
11441 2 2 7 1 6791 7673 5773
11442 2 2 7 1 6358 7649 4754
11443 2 2 7 1 4212 7118 3962
11444 2 2 7 1 5012 6863 4762
11445 2 2 7 1 4249 4975 4251
11446 2 2 7 1 5961 7002 5103
11447 2 2 7 1 3967 4266 3966
11448 2 2 7 1 1740 3938 1741
11449 2 2 7 1 1245 1247 1246
11450 2 2 7 1 5933 5952 5951
11451 2 2 7 1 2828 4109 2829
11452 2 2 7 1 2485 2591 2486
11453 2 2 7 1 4121 4744 4741
11454 2 2 7 1 4646 6576 6382
11455 2 2 7 1 4968 5064 4214
11456 2 2 7 1 2020 2203 2019
11457 2 2 7 1 2522 2658 2524
11458 2 2 7 1 3707 6661 4254
11459 2 2 7 1 6126 6632 1831
11460 2 2 7 1 4882 6570 3708
11461 2 2 7 1 4500 4501 4499
11462 2 2 7 1 1663 1665 1664
11463 2 2 7 1 6890 7369 2787
11464 2 2 7 1 3210 7329 6102
11465 2 2 7 1 6284 6839 1388
11466 2 2 7 1 5545 7065 4825
11467 2 2 7 1 6679 7461 4675
11468 2 2 7 1 4978 7388 3946
11469 2 2 7 1 1494 3975 1496
11470 2 2 7 1 4846 7309 5671
11471 2 2 7 1 4384 6972 5049
11472 2 2 7 1 1888 6427 2167
11473 2 2 7 1 1681 1847 1689
11474 2 2 7 1 4458 5127 5125
11475 2 2 7 1 5626 5878 3375
11476 2 2 7 1 3733 6673 3732
11477 2 2 7 1 4053 4054 4052
11478 2 2 7 1 3587 3588 3463
11479 2 2 7 1 3389 6923 3392
11480 2 2 7 1 3680 3681 3679
11481 2 2 7 1 2644 6767 2646
11482 2 2 7 1 4998 7638 4103
11483 2 2 7 1 1606 2119 1965
11484 2 2 7 1 5975 7258 5974
11485 2 2 7 1 6570 6571 3688
11486 2 2 7 1 876 5656 5655
11487 2 2 7 1 3470 5865 3471
11488 2 2 7 1 4614 6576 6376
11489 2 2 7 1 2986 6555 2987
11490 2 2 7 1 1665 1667 1666
11491 2 2 7 1 6031 7959 1148
11492 2 2 7 1 1497 1593 1505
11493 2 2 7 1 4566 4676 3636
11494 2 2 7 1 6017 7752 1309
11495 2 2 7 1 2560 7096 4139
11496 2 2 7 1 2476 2504 2477
11497 2 2 7 1 3419 4142 3461
11498 2 2 7 1 3296 3299 3298
11499 2 2 7 1 203 7168 202
11500 2 2 7 1 5974 7258 3145
11501 2 2 7 1 1938 6941 1937
11502 2 2 7 1 4562 4563 4396
11503 2 2 7 1 5991 6273 5662
11504 2 2 7 1 4198 4199 3762
11505 2 2 7 1 982 6853 6574
11506 2 2 7 1 3932 3963 3930
11507 2 2 7 1 2561 5669 2553
11508 2 2 7 1 3599 3601 3600
11509 2 2 7 1 4990 7351 4397
11510 2 2 7 1 6356 7286 6355
11511 2 2 7 1 3973 4358 3974
11512 2 2 7 1 4636 7457 3542
11513 2 2 7 1 3234 3715 3460
11514 2 2 7 1 1992 7383 1994
11515 2 2 7 1 839 6653 838
11516 2 2 7 1 2741 2742 2641
11517 2 2 7 1 1041 6967 1213
11518 2 2 7 1 3019 6954 3025
11519 2 2 7 1 3982 3984 3983
11520 2 2 7 1 3510 5814 3511
11521 2 2 7 1 610 7053 609
11522 2 2 7 1 3289 5768 3291
11523 2 2 7 1 3005 3026 3000
11524 2 2 7 1 1869 2060 1761
11525 2 2 7 1 4651 6911 6200
11526 2 2 7 1 359 7025 358
11527 2 2 7 1 5613 7949 2472
11528 2 2 7 1 7327 7971 4650
11529 2 2 7 1 3292 3395 3294
11530 2 2 7 1 3474 4597 4119
11531 2 2 7 1 1896 7788 6513
11532 2 2 7 1 7054 7173 1902
11533 2 2 7 1 1507 1890 1509
11534 2 2 7 1 7300 7315 6452
11535 2 2 7 1 6452 7238 2582
11536 2 2 7 1 2976 2978 2977
11537 2 2 7 1 2539 7137 6794
11538 2 2 7 1 3929 3970 8
11539 2 2 7 1 314 2145 1205
11540 2 2 7 1 2161 7139 1961
11541 2 2 7 1 3701 3703 3702
11542 2 2 7 1 4697 6673 4228
11543 2 2 7 1 3601 3737 3602
11544 2 2 7 1 5106 7803 4356
11545 2 2 7 1 2888 7779 5099
11546 2 2 7 1 4677 7595 7041
11547 2 2 7 1 5866 7647 5865
11548 2 2 7 1 4044 4047 4046
11549 2 2 7 1 1511 1565 1513
11550 2 2 7 1 4482 7806 3725
11551 2 2 7 1 1249 6449 1254
11552 2 2 7 1 6649 6849 3429
11553 2 2 7 1 2014 2180 1550
11554 2 2 7 1 1731 6284 1730
11555 2 2 7 1 1724 6949 1891
11556 2 2 7 1 2583 2636 2585
11557 2 2 7 1 6320 7617 1944
11558 2 2 7 1 3471 3474 3473
11559 2 2 7 1 1390 7989 6896
11560 2 2 7 1 11 1229 1228
11561 2 2 7 1 6587 6936 3400
11562 2 2 7 1 3363 7150 3373
11563 2 2 7 1 93 7189 92
11564 2 2 7 1 7487 7850 2022
11565 2 2 7 1 2560 2564 2559
11566 2 2 7 1 1537 1827 1563
11567 2 2 7 1 4667 5591 4181
11568 2 2 7 1 6029 7132 3004
11569 2 2 7 1 5078 6915 3915
11570 2 2 7 1 6725 7184 2181
11571 2 2 7 1 1617 6623 1618
11572 2 2 7 1 3691 3709 3708
11573 2 2 7 1 4099 7662 5627
11574 2 2 7 1 4071 4158 4073
11575 2 2 7 1 4467 7379 5138
11576 2 2 7 1 5906 6791 5773
11577 2 2 7 1 1595 1640 1639
11578 2 2 7 1 3967 6607 4874
11579 2 2 7 1 3477 4367 3479
11580 2 2 7 1 4253 7092 3702
11581 2 2 7 1 3209 7031 6404
11582 2 2 7 1 1166 1226 1225
11583 2 2 7 1 3439 3444 3441
11584 2 2 7 1 4962 7156 5938
11585 2 2 7 1 1752 1800 1733
11586 2 2 7 1 2656 7340 2651
11587 2 2 7 1 2790 2791 2737
11588 2 2 7 1 5680 6769 4482
11589 2 2 7 1 4060 4946 4077
11590 2 2 7 1 7415 7968 5370
11591 2 2 7 1 3481 3565 3564
11592 2 2 7 1 3565 4927 3567
11593 2 2 7 1 3755 4699 4324
11594 2 2 7 1 1839 1841 1840
11595 2 2 7 1 1173 1175 1171
11596 2 2 7 1 6962 6963 4275
11597 2 2 7 1 4080 6899 4072
11598 2 2 7 1 2202 6771 1846
11599 2 2 7 1 1226 1726 1233
11600 2 2 7 1 6316 6437 6317
11601 2 2 7 1 3957 3964 3959
11602 2 2 7 1 4251 7192 6816
11603 2 2 7 1 3735 4174 4173
11604 2 2 7 1 6589 7768 6587
11605 2 2 7 1 3315 3371 3319
11606 2 2 7 1 3194 7089 3188
11607 2 2 7 1 6364 6366 6365
11608 2 2 7 1 704 5665 3131
11609 2 2 7 1 6824 7603 6823
11610 2 2 7 1 5604 7881 5652
11611 2 2 7 1 1206 7777 6493
11612 2 2 7 1 1640 2040 1642
11613 2 2 7 1 6422 7396 2579
11614 2 2 7 1 3686 3688 3684
11615 2 2 7 1 318 2212 2191
11616 2 2 7 1 4719 6999 6998
11617 2 2 7 1 3737 7839 7063
11618 2 2 7 1 4250 6683 4249
11619 2 2 7 1 4794 5676 5005
11620 2 2 7 1 3416 6704 3415
11621 2 2 7 1 4879 6528 4565
11622 2 2 7 1 4924 4925 4092
11623 2 2 7 1 2100 7597 1228
11624 2 2 7 1 690 2147 1258
11625 2 2 7 1 3504 3527 3505
11626 2 2 7 1 5687 7459 6104
11627 2 2 7 1 1858 7427 1934
11628 2 2 7 1 6416 7991 4909
11629 2 2 7 1 1582 1583 1580
11630 2 2 7 1 4277 4964 4090
11631 2 2 7 1 5099 7244 5119
11632 2 2 7 1 1293 6394 1298
11633 2 2 7 1 3488 5637 861
11634 2 2 7 1 4887 5074 2964
11635 2 2 7 1 5510 7129 6461
11636 2 2 7 1 3514 3516 3515
11637 2 2 7 1 4725 6627 4726
11638 2 2 7 1 3682 4130 3681
11639 2 2 7 1 2832 2865 2742
11640 2 2 7 1 2649 2654 2651
11641 2 2 7 1 6454 7192 4252
11642 2 2 7 1 3636 6679 3637
11643 2 2 7 1 1449 2579 1451
11644 2 2 7 1 4481 6871 4618
11645 2 2 7 1 3068 5596 3063
11646 2 2 7 1 4268 4269 3939
11647 2 2 7 1 4522 7329 6057
11648 2 2 7 1 4968 7778 7695
11649 2 2 7 1 2593 5686 2495
11650 2 2 7 1 2952 2982 2954
11651 2 2 7 1 3522 6624 3520
11652 2 2 7 1 841 6688 840
11653 2 2 7 1 6500 6676 1826
11654 2 2 7 1 5102 5803 5802
11655 2 2 7 1 3406 3422 2980
11656 2 2 7 1 6759 7815 4564
11657 2 2 7 1 2143 7769 2196
11658 2 2 7 1 3274 3377 3276
11659 2 2 7 1 7061 7250 2511
11660 2 2 7 1 2942 5876 2943
11661 2 2 7 1 1170 1171 1167
11662 2 2 7 1 3301 4261 3303
11663 2 2 7 1 3280 3289 3288
11664 2 2 7 1 4155 5873 4003
11665 2 2 7 1 4611 7333 4999
11666 2 2 7 1 4201 5693 4199
11667 2 2 7 1 1693 7633 7464
11668 2 2 7 1 1719 7440 1991
11669 2 2 7 1 5010 6843 6629
11670 2 2 7 1 5748 6736 5225
11671 2 2 7 1 3386 6516 3385
11672 2 2 7 1 3090 6265 3083
11673 2 2 7 1 6506 7744 4020
11674 2 2 7 1 1130 2212 319
11675 2 2 7 1 4709 7762 6616
11676 2 2 7 1 2118 2130 1230
11677 2 2 7 1 5468 6619 6389
11678 2 2 7 1 1304 6553 5954
11679 2 2 7 1 2949 2984 2951
11680 2 2 7 1 3230 4823 4440
11681 2 2 7 1 4532 7475 6160
11682 2 2 7 1 935 7129 934
11683 2 2 7 1 4274 4275 4012
11684 2 2 7 1 5089 5842 4616
11685 2 2 7 1 3361 5656 877
11686 2 2 7 1 3094 3095 3092
11687 2 2 7 1 1660 2206 1655
11688 2 2 7 1 4515 6939 5111
11689 2 2 7 1 4458 7772 5127
11690 2 2 7 1 1522 1805 1520
11691 2 2 7 1 1950 7929 7538
11692 2 2 7 1 1226 1233 1232
11693 2 2 7 1 5131 7609 4629
11694 2 2 7 1 3730 4339 3728
11695 2 2 7 1 3587 7201 4992
11696 2 2 7 1 3898 5036 4642
11697 2 2 7 1 6574 6853 4652
11698 2 2 7 1 6923 7815 4810
11699 2 2 7 1 3907 4437 4436
11700 2 2 7 1 3100 5665 705
11701 2 2 7 1 4036 4038 4037
11702 2 2 7 1 5668 6781 4280
11703 2 2 7 1 4888 4889 3740
11704 2 2 7 1 2855 3755 3754
11705 2 2 7 1 3516 3519 3518
11706 2 2 7 1 5605 5606 4361
11707 2 2 7 1 1718 2182 1529
11708 2 2 7 1 5504 7191 4835
11709 2 2 7 1 3247 6879 3264
11710 2 2 7 1 4021 6479 4022
11711 2 2 7 1 4331 4332 4054
11712 2 2 7 1 4126 4468 3625
11713 2 2 7 1 1247 1249 1248
11714 2 2 7 1 4469 7714 6504
11715 2 2 7 1 6060 7200 6059
11716 2 2 7 1 6812 7955 2936
11717 2 2 7 1 5234 7194 5439
11718 2 2 7 1 2152 6621 1672
11719 2 2 7 1 1257 2184 685
11720 2 2 7 1 1221 6736 5748
11721 2 2 7 1 1652 1654 1653
11722 2 2 7 1 5770 5771 3716
11723 2 2 7 1 4034 4036 4035
11724 2 2 7 1 3541 3558 3542
11725 2 2 7 1 2835 7771 5015
11726 2 2 7 1 3388 6923 3389
11727 2 2 7 1 1265 4020 1263
11728 2 2 7 1 3188 7089 3128
11729 2 2 7 1 5050 6667 6484
11730 2 2 7 1 3500 7130 3507
11731 2 2 7 1 3593 4678 3594
11732 2 2 7 1 3675 4009 3677
11733 2 2 7 1 6591 6592 4398
11734 2 2 7 1 1526 1671 1524
11735 2 2 7 1 4687 7639 3956
11736 2 2 7 1 4926 7422 4088
11737 2 2 7 1 6082 7518 4701
11738 2 2 7 1 4549 7205 4548
11739 2 2 7 1 1654 1660 1655
11740 2 2 7 1 5637 5710 860
11741 2 2 7 1 2852 2853 2726
11742 2 2 7 1 2922 7145 2931
11743 2 2 7 1 1238 1239 1236
11744 2 2 7 1 1224 6740 5757
11745 2 2 7 1 6600 7536 4801
11746 2 2 7 1 3966 5602 3959
11747 2 2 7 1 2849 3759 3758
11748 2 2 7 1 1269 4189 1267
11749 2 2 7 1 4481 4618 4484
11750 2 2 7 1 1101 7194 5760
11751 2 2 7 1 6699 7693 4550
11752 2 2 7 1 4072 6899 4071
11753 2 2 7 1 4414 4415 4180
11754 2 2 7 1 3072 3235 3070
11755 2 2 7 1 1274 5625 1407
11756 2 2 7 1 3105 3109 3103
11757 2 2 7 1 631 7255 630
11758 2 2 7 1 4965 5088 4089
11759 2 2 7 1 264 7097 263
11760 2 2 7 1 1559 7225 1558
11761 2 2 7 1 2916 3661 2791
11762 2 2 7 1 4003 4004 3912
11763 2 2 7 1 3593 4786 4678
11764 2 2 7 1 7464 7505 5935
11765 2 2 7 1 12 7103 1219
11766 2 2 7 1 3975 4978 4547
11767 2 2 7 1 5000 6450 4468
11768 2 2 7 1 2 7809 72
11769 2 2 7 1 1413 2678 1415
11770 2 2 7 1 7089 7732 3129
11771 2 2 7 1 2225 6656 1828
11772 2 2 7 1 2471 7099 2473
11773 2 2 7 1 4174 4176 4175
11774 2 2 7 1 3247 3264 3249
11775 2 2 7 1 1652 2011 1654
11776 2 2 7 1 1417 2787 1419
11777 2 2 7 1 4160 6528 5071
11778 2 2 7 1 3343 3396 3345
11779 2 2 7 1 5812 7511 3027
11780 2 2 7 1 1443 1446 1445
11781 2 2 7 1 4086 4878 4877
11782 2 2 7 1 4538 4540 4539
11783 2 2 7 1 3965 6805 5601
11784 2 2 7 1 4482 6769 6544
11785 2 2 7 1 1540 1952 1538
11786 2 2 7 1 2914 4177 2865
11787 2 2 7 1 3076 3080 3074
11788 2 2 7 1 3745 7876 4783
11789 2 2 7 1 2565 2587 2564
11790 2 2 7 1 5870 6938 4656
11791 2 2 7 1 5845 7458 4742
11792 2 2 7 1 4158 5105 4485
11793 2 2 7 1 5113 6382 4614
11794 2 2 7 1 3901 3902 3486
11795 2 2 7 1 5873 7771 2835
11796 2 2 7 1 4017 6713 4021
11797 2 2 7 1 5745 6756 1395
11798 2 2 7 1 3251 3278 3253
11799 2 2 7 1 320 2215 1130
11800 2 2 7 1 1118 7117 956
11801 2 2 7 1 5126 6640 4256
11802 2 2 7 1 1845 7616 1929
11803 2 2 7 1 5777 7161 4479
11804 2 2 7 1 1237 1238 1236
11805 2 2 7 1 3709 3711 3710
11806 2 2 7 1 4525 7753 4449
11807 2 2 7 1 5909 5910 4486
11808 2 2 7 1 2518 5633 5083
11809 2 2 7 1 5802 7802 3009
11810 2 2 7 1 3993 7082 4471
11811 2 2 7 1 4787 7879 6943
11812 2 2 7 1 3255 3579 3257
11813 2 2 7 1 7224 7748 2067
11814 2 2 7 1 4758 4760 4759
11815 2 2 7 1 1278 2578 1276
11816 2 2 7 1 3965 5601 3921
11817 2 2 7 1 1421 2679 1423
11818 2 2 7 1 4919 6332 4920
11819 2 2 7 1 3443 3894 3446
11820 2 2 7 1 1578 1579 1576
11821 2 2 7 1 4923 7896 5630
11822 2 2 7 1 4123 6275 4188
11823 2 2 7 1 3261 3277 3263
11824 2 2 7 1 1702 1770 1721
11825 2 2 7 1 2206 6671 1657
11826 2 2 7 1 4356 7803 3760
11827 2 2 7 1 1139 8021 6470
11828 2 2 7 1 3266 3269 3268
11829 2 2 7 1 5640 7226 5702
11830 2 2 7 1 4805 6683 4425
11831 2 2 7 1 3323 3328 3327
11832 2 2 7 1 2191 2212 2193
11833 2 2 7 1 2591 5709 2486
11834 2 2 7 1 1425 2789 1427
11835 2 2 7 1 1714 1852 1712
11836 2 2 7 1 6613 7674 1770
11837 2 2 7 1 3329 3332 3331
11838 2 2 7 1 1295 2215 321
11839 2 2 7 1 4034 4035 4033
11840 2 2 7 1 1459 3948 1461
11841 2 2 7 1 568 7014 567
11842 2 2 7 1 5029 5039 4350
11843 2 2 7 1 4533 7503 6077
11844 2 2 7 1 5612 8017 7861
11845 2 2 7 1 1880 7195 1822
11846 2 2 7 1 4654 6590 4653
11847 2 2 7 1 6214 7005 1189
11848 2 2 7 1 1572 1796 1570
11849 2 2 7 1 4083 4408 4082
11850 2 2 7 1 6795 7037 4152
11851 2 2 7 1 3299 3301 3300
11852 2 2 7 1 5087 6988 4680
11853 2 2 7 1 879 5694 5647
11854 2 2 7 1 1387 6808 1457
11855 2 2 7 1 1698 1951 1700
11856 2 2 7 1 1429 4943 1431
11857 2 2 7 1 6384 7592 1058
11858 2 2 7 1 6609 6785 3949
11859 2 2 7 1 4603 7186 4601
11860 2 2 7 1 4974 7846 4347
11861 2 2 7 1 6058 7500 2065
11862 2 2 7 1 4269 4270 3939
11863 2 2 7 1 3625 6737 3626
11864 2 2 7 1 3207 3399 3398
11865 2 2 7 1 3143 6951 5972
11866 2 2 7 1 4200 4201 4199
11867 2 2 7 1 3640 6679 4675
11868 2 2 7 1 2984 3242 2985
11869 2 2 7 1 2116 6478 1974
11870 2 2 7 1 3668 6652 5673
11871 2 2 7 1 3516 3518 3517
11872 2 2 7 1 6731 7678 6730
11873 2 2 7 1 4006 4007 3422
11874 2 2 7 1 2156 6432 1816
11875 2 2 7 1 3045 3239 3043
11876 2 2 7 1 4513 4515 4514
11877 2 2 7 1 4087 4331 4054
11878 2 2 7 1 1433 1436 1435
11879 2 2 7 1 4329 7256 4918
11880 2 2 7 1 4049 4060 4056
11881 2 2 7 1 3497 3503 3499
11882 2 2 7 1 2226 5770 3716
11883 2 2 7 1 5702 6546 3138
11884 2 2 7 1 73 7809 2
11885 2 2 7 1 3454 6704 3451
11886 2 2 7 1 2949 2951 2950
11887 2 2 7 1 3504 3554 3527
11888 2 2 7 1 3301 3303 3302
11889 2 2 7 1 777 7031 776
11890 2 2 7 1 2141 7364 1935
11891 2 2 7 1 6487 7789 4196
11892 2 2 7 1 7695 7778 2674
11893 2 2 7 1 328 7307 327
11894 2 2 7 1 4837 7306 5771
11895 2 2 7 1 3992 7091 6883
11896 2 2 7 1 5850 7576 1838
11897 2 2 7 1 5124 7118 4212
11898 2 2 7 1 2534 2723 2536
11899 2 2 7 1 1409 1412 1411
11900 2 2 7 1 3519 3521 3520
11901 2 2 7 1 1229 1236 1235
11902 2 2 7 1 2096 6986 2211
11903 2 2 7 1 317 2191 1176
11904 2 2 7 1 6629 7018 5010
11905 2 2 7 1 842 6783 841
11906 2 2 7 1 1937 6941 2074
11907 2 2 7 1 1249 1254 1253
11908 2 2 7 1 4807 7645 5129
11909 2 2 7 1 5327 7261 4310
11910 2 2 7 1 4870 5051 4686
11911 2 2 7 1 7828 8023 7829
11912 2 2 7 1 4263 4264 2824
11913 2 2 7 1 1749 2214 1750
11914 2 2 7 1 4710 7471 5622
11915 2 2 7 1 3054 3055 3052
11916 2 2 7 1 1717 7749 6488
11917 2 2 7 1 4032 4034 4033
11918 2 2 7 1 1090 1091 1089
11919 2 2 7 1 4216 4334 4001
11920 2 2 7 1 4167 4747 4746
11921 2 2 7 1 2168 7586 1072
11922 2 2 7 1 4716 6964 3656
11923 2 2 7 1 1974 6478 2069
11924 2 2 7 1 1705 1879 1632
11925 2 2 7 1 6713 6808 1386
11926 2 2 7 1 3982 4546 3984
11927 2 2 7 1 4536 4538 3970
11928 2 2 7 1 684 2184 1062
11929 2 2 7 1 6284 6285 1730
11930 2 2 7 1 6036 7206 6037
11931 2 2 7 1 6265 6869 6266
11932 2 2 7 1 3399 3674 3673
11933 2 2 7 1 1640 1642 1641
11934 2 2 7 1 2978 2983 2979
11935 2 2 7 1 2673 2674 2587
11936 2 2 7 1 7241 7819 1767
11937 2 2 7 1 4022 6479 4665
11938 2 2 7 1 851 2163 1252
11939 2 2 7 1 2976 3738 2978
11940 2 2 7 1 5801 7907 5983
11941 2 2 7 1 706 5708 3100
11942 2 2 7 1 2913 6696 6695
11943 2 2 7 1 5676 7975 2566
11944 2 2 7 1 5099 7779 4718
11945 2 2 7 1 3599 4435 3601
11946 2 2 7 1 3711 4183 4182
11947 2 2 7 1 4036 4037 4035
11948 2 2 7 1 6499 7665 2348
11949 2 2 7 1 4610 7162 4556
11950 2 2 7 1 4474 7010 6408
11951 2 2 7 1 1490 6405 1621
11952 2 2 7 1 2476 4757 2504
11953 2 2 7 1 3674 3676 3675
11954 2 2 7 1 3561 6970 4803
11955 2 2 7 1 322 2222 1295
11956 2 2 7 1 4994 6333 4332
11957 2 2 7 1 1859 1865 1857
11958 2 2 7 1 4432 7356 6825
11959 2 2 7 1 4780 7333 7204
11960 2 2 7 1 3565 3567 3566
11961 2 2 7 1 4369 6519 4271
11962 2 2 7 1 862 5608 3488
11963 2 2 7 1 3242 4168 4167
11964 2 2 7 1 1642 1686 1643
11965 2 2 7 1 3558 3896 3576
11966 2 2 7 1 2146 7697 1885
11967 2 2 7 1 4254 6661 4458
11968 2 2 7 1 4501 4865 4499
11969 2 2 7 1 1566 2186 1465
11970 2 2 7 1 1663 1901 1665
11971 2 2 7 1 4116 6674 4695
11972 2 2 7 1 6887 7570 6275
11973 2 2 7 1 3732 5716 3437
11974 2 2 7 1 6995 7091 5014
11975 2 2 7 1 3681 4643 3679
11976 2 2 7 1 4706 5029 4351
11977 2 2 7 1 977 7232 976
11978 2 2 7 1 2671 2672 2590
11979 2 2 7 1 3362 5694 880
11980 2 2 7 1 6426 7418 1164
11981 2 2 7 1 1866 2052 1863
11982 2 2 7 1 844 6813 843
11983 2 2 7 1 6978 7247 2840
11984 2 2 7 1 3990 7082 3993
11985 2 2 7 1 6535 6720 3676
11986 2 2 7 1 2485 2848 2591
11987 2 2 7 1 3521 4048 3522
11988 2 2 7 1 1918 7395 6270
11989 2 2 7 1 3758 5730 5709
11990 2 2 7 1 5902 7652 5020
11991 2 2 7 1 3470 5866 5865
11992 2 2 7 1 2025 6459 2023
11993 2 2 7 1 5576 5577 3902
11994 2 2 7 1 4013 7698 4912
11995 2 2 7 1 3108 6919 5839
11996 2 2 7 1 3531 3535 3533
11997 2 2 7 1 1079 2222 323
11998 2 2 7 1 3656 6964 3657
11999 2 2 7 1 5807 6260 1804
12000 2 2 7 1 6035 7349 6034
12001 2 2 7 1 3019 3025 3014
12002 2 2 7 1 3130 7176 3076
12003 2 2 7 1 2786 2859 2785
12004 2 2 7 1 4082 4806 4080
12005 2 2 7 1 1984 7715 6434
12006 2 2 7 1 5929 7833 4784
12007 2 2 7 1 4230 4697 4228
12008 2 2 7 1 916 7134 915
12009 2 2 7 1 1724 1891 1604
12010 2 2 7 1 3714 7399 6164
12011 2 2 7 1 1271 3502 1273
12012 2 2 7 1 4969 8017 5612
12013 2 2 7 1 2358 7141 5366
12014 2 2 7 1 1243 1244 1242
12015 2 2 7 1 2973 3718 3388
12016 2 2 7 1 3608 6838 3611
12017 2 2 7 1 4257 4433 3722
12018 2 2 7 1 6420 6423 4273
12019 2 2 7 1 1890 6893 6680
12020 2 2 7 1 5021 5128 4170
12021 2 2 7 1 3119 3120 3117
12022 2 2 7 1 2355 7320 2268
12023 2 2 7 1 2077 2172 2035
12024 2 2 7 1 4534 7519 6179
12025 2 2 7 1 3132 5708 707
12026 2 2 7 1 1284 1516 1286
12027 2 2 7 1 2118 7686 2130
12028 2 2 7 1 4448 7322 5162
12029 2 2 7 1 2494 2854 2593
12030 2 2 7 1 3941 3944 3943
12031 2 2 7 1 6524 6525 4139
12032 2 2 7 1 6711 7148 5109
12033 2 2 7 1 6048 7411 1064
12034 2 2 7 1 222 7295 221
12035 2 2 7 1 6951 7734 4603
12036 2 2 7 1 363 7342 362
12037 2 2 7 1 4014 6556 5015
12038 2 2 7 1 7261 7371 4310
12039 2 2 7 1 2552 2842 2561
12040 2 2 7 1 3392 4810 4086
12041 2 2 7 1 1383 7180 5817
12042 2 2 7 1 5120 7010 4474
12043 2 2 7 1 4492 7327 3765
12044 2 2 7 1 1913 7887 7453
12045 2 2 7 1 2785 2901 2674
12046 2 2 7 1 4694 7284 4640
12047 2 2 7 1 3701 3702 3699
12048 2 2 7 1 3289 3291 3290
12049 2 2 7 1 6157 7458 3283
12050 2 2 7 1 4048 4050 4049
12051 2 2 7 1 647 7081 646
12052 2 2 7 1 3755 4324 3756
12053 2 2 7 1 5588 6700 4283
12054 2 2 7 1 4971 6639 4456
12055 2 2 7 1 5631 5632 2850
12056 2 2 7 1 5779 7252 4093
12057 2 2 7 1 1172 1173 1171
12058 2 2 7 1 6850 7462 1487
12059 2 2 7 1 3977 3981 3979
12060 2 2 7 1 2512 2515 2514
12061 2 2 7 1 6905 7436 5031
12062 2 2 7 1 3640 4675 3642
12063 2 2 7 1 4427 4805 4425
12064 2 2 7 1 3619 6807 3620
12065 2 2 7 1 1818 6888 6366
12066 2 2 7 1 4094 4780 4095
12067 2 2 7 1 1128 6708 1184
12068 2 2 7 1 2557 2560 2559
12069 2 2 7 1 3453 3454 3451
12070 2 2 7 1 6771 7616 1846
12071 2 2 7 1 6619 7299 961
12072 2 2 7 1 4236 4237 4234
12073 2 2 7 1 3474 4119 3475
12074 2 2 7 1 4271 5055 4269
12075 2 2 7 1 1821 1822 1694
12076 2 2 7 1 4523 5963 3664
12077 2 2 7 1 4350 5834 4346
12078 2 2 7 1 4635 7035 4816
12079 2 2 7 1 4063 4065 3705
12080 2 2 7 1 4335 6701 3082
12081 2 2 7 1 3124 3284 3122
12082 2 2 7 1 3646 3658 3648
12083 2 2 7 1 1548 1551 1546
12084 2 2 7 1 3759 4355 3760
12085 2 2 7 1 1750 6874 1748
12086 2 2 7 1 3984 3987 3985
12087 2 2 7 1 3691 3708 3689
12088 2 2 7 1 3695 6596 3692
12089 2 2 7 1 1627 2055 1672
12090 2 2 7 1 2642 6236 2653
12091 2 2 7 1 3988 6431 3925
12092 2 2 7 1 3351 3365 3353
12093 2 2 7 1 3650 4459 3652
12094 2 2 7 1 1544 1737 1542
12095 2 2 7 1 1092 1097 1091
12096 2 2 7 1 3487 6745 3538
12097 2 2 7 1 2150 2151 1610
12098 2 2 7 1 5040 7207 4764
12099 2 2 7 1 1240 1241 1239
12100 2 2 7 1 1916 7348 2208
12101 2 2 7 1 4222 6548 2216
12102 2 2 7 1 4071 4073 4068
12103 2 2 7 1 5210 7347 4529
12104 2 2 7 1 3654 4715 3656
12105 2 2 7 1 2537 6494 2541
12106 2 2 7 1 1221 7735 6714
12107 2 2 7 1 2723 7050 4131
12108 2 2 7 1 5103 7002 4491
12109 2 2 7 1 4394 4770 4718
12110 2 2 7 1 4263 6755 4265
12111 2 2 7 1 4241 4405 4239
12112 2 2 7 1 2499 2589 2501
12113 2 2 7 1 2825 2908 2834
12114 2 2 7 1 4393 6845 4394
12115 2 2 7 1 1580 6412 1579
12116 2 2 7 1 2032 2203 2020
12117 2 2 7 1 4032 4033 4031
12118 2 2 7 1 2940 3736 2942
12119 2 2 7 1 6759 7323 4810
12120 2 2 7 1 6250 7644 1601
12121 2 2 7 1 4334 6946 4001
12122 2 2 7 1 2824 2825 2672
12123 2 2 7 1 6506 7338 4187
12124 2 2 7 1 4038 4041 4037
12125 2 2 7 1 1295 2222 2217
12126 2 2 7 1 4060 4077 4061
12127 2 2 7 1 5569 7360 4442
12128 2 2 7 1 2490 2595 2492
12129 2 2 7 1 2956 3406 2980
12130 2 2 7 1 4760 4762 4761
12131 2 2 7 1 4067 4490 4070
12132 2 2 7 1 5726 7423 3591
12133 2 2 7 1 2211 7719 1817
12134 2 2 7 1 1972 7796 1169
12135 2 2 7 1 4849 7352 5890
12136 2 2 7 1 3554 3559 3555
12137 2 2 7 1 7141 7257 5366
12138 2 2 7 1 2038 7540 6643
12139 2 2 7 1 3607 6838 3608
12140 2 2 7 1 3546 3776 3775
12141 2 2 7 1 4513 4514 4511
12142 2 2 7 1 1062 2218 683
12143 2 2 7 1 4012 6449 1250
12144 2 2 7 1 1756 2092 1754
12145 2 2 7 1 4394 4718 4392
12146 2 2 7 1 353 5789 3311
12147 2 2 7 1 1088 6262 1637
12148 2 2 7 1 1841 1842 1840
12149 2 2 7 1 2470 2852 2726
12150 2 2 7 1 2504 5787 2477
12151 2 2 7 1 2959 6606 2962
12152 2 2 7 1 855 7268 854
12153 2 2 7 1 1947 2139 1941
12154 2 2 7 1 961 7299 960
12155 2 2 7 1 4142 4971 4456
12156 2 2 7 1 2529 2681 2680
12157 2 2 7 1 3545 7088 3539
12158 2 2 7 1 3484 3901 3486
12159 2 2 7 1 6579 7761 1116
12160 2 2 7 1 1614 2150 1611
12161 2 2 7 1 2481 2596 2483
12162 2 2 7 1 1235 2101 2100
12163 2 2 7 1 2772 2871 2870
12164 2 2 7 1 3936 3952 3934
12165 2 2 7 1 4249 4251 4246
12166 2 2 7 1 4044 4046 4040
12167 2 2 7 1 4024 4025 4023
12168 2 2 7 1 1667 2221 2178
12169 2 2 7 1 4361 7594 7082
12170 2 2 7 1 4590 4591 4183
12171 2 2 7 1 5658 7258 5975
12172 2 2 7 1 4030 4031 4029
12173 2 2 7 1 6402 7368 1908
12174 2 2 7 1 2544 6692 2546
12175 2 2 7 1 4471 5717 4473
12176 2 2 7 1 878 5647 3361
12177 2 2 7 1 1298 6394 1360
12178 2 2 7 1 5662 7596 4813
12179 2 2 7 1 4310 7371 2823
12180 2 2 7 1 6242 6634 4430
12181 2 2 7 1 4052 4055 4050
12182 2 2 7 1 4496 6991 4495
12183 2 2 7 1 3629 3663 3631
12184 2 2 7 1 708 5767 3132
12185 2 2 7 1 4110 4112 4111
12186 2 2 7 1 3196 4457 3194
12187 2 2 7 1 875 5655 3360
12188 2 2 7 1 5933 5950 5931
12189 2 2 7 1 6515 7814 1093
12190 2 2 7 1 1446 2677 1447
12191 2 2 7 1 3615 5640 5587
12192 2 2 7 1 2548 2562 2550
12193 2 2 7 1 3948 4016 4015
12194 2 2 7 1 1618 1914 1616
12195 2 2 7 1 2542 5804 2563
12196 2 2 7 1 3081 3082 3080
12197 2 2 7 1 6806 6914 2787
12198 2 2 7 1 4022 4094 4093
12199 2 2 7 1 1097 6710 1463
12200 2 2 7 1 2575 2671 2590
12201 2 2 7 1 3929 6417 4537
12202 2 2 7 1 3633 4566 3636
12203 2 2 7 1 5138 7907 4487
12204 2 2 7 1 4946 7208 7048
12205 2 2 7 1 3341 7276 1381
12206 2 2 7 1 3611 4279 3613
12207 2 2 7 1 5677 7614 4732
12208 2 2 7 1 3243 6927 4794
12209 2 2 7 1 4028 4029 4027
12210 2 2 7 1 1292 4024 4023
12211 2 2 7 1 2639 2741 2641
12212 2 2 7 1 1827 7710 2040
12213 2 2 7 1 3559 4520 3995
12214 2 2 7 1 6567 6907 1830
12215 2 2 7 1 3357 3369 3359
12216 2 2 7 1 6590 7278 2516
12217 2 2 7 1 6644 6856 3026
12218 2 2 7 1 2989 5789 354
12219 2 2 7 1 6488 7875 1766
12220 2 2 7 1 4112 4114 4113
12221 2 2 7 1 3151 7015 6030
12222 2 2 7 1 5919 5927 3085
12223 2 2 7 1 4415 4419 4417
12224 2 2 7 1 1288 1356 1290
12225 2 2 7 1 4026 4027 4025
12226 2 2 7 1 4265 4655 4264
12227 2 2 7 1 4485 5910 5909
12228 2 2 7 1 1242 1477 1241
12229 2 2 7 1 1618 2002 1914
12230 2 2 7 1 3953 5779 3954
12231 2 2 7 1 1852 6934 1712
12232 2 2 7 1 3058 6492 6002
12233 2 2 7 1 4890 6564 6563
12234 2 2 7 1 4273 4671 2578
12235 2 2 7 1 2207 7998 2206
12236 2 2 7 1 881 5769 3362
12237 2 2 7 1 3083 3087 3082
12238 2 2 7 1 4337 4899 4336
12239 2 2 7 1 3384 4572 3386
12240 2 2 7 1 1176 7219 2185
12241 2 2 7 1 4041 5030 4286
12242 2 2 7 1 1098 1099 1097
12243 2 2 7 1 6378 7255 6377
12244 2 2 7 1 3946 3953 3947
12245 2 2 7 1 3269 3426 3270
12246 2 2 7 1 5808 5812 4851
12247 2 2 7 1 3944 3946 3945
12248 2 2 7 1 3375 7448 1842
12249 2 2 7 1 3099 5767 709
12250 2 2 7 1 2871 4152 2870
12251 2 2 7 1 3203 3211 3198
12252 2 2 7 1 757 7365 756
12253 2 2 7 1 1143 5912 5893
12254 2 2 7 1 3989 5605 4361
12255 2 2 7 1 2636 2768 2637
12256 2 2 7 1 3230 4440 3228
12257 2 2 7 1 3707 4254 4253
12258 2 2 7 1 1201 7255 6378
12259 2 2 7 1 4444 7992 4901
12260 2 2 7 1 3510 5815 5814
12261 2 2 7 1 2983 3285 2986
12262 2 2 7 1 6149 6203 2926
12263 2 2 7 1 2848 2850 2849
12264 2 2 7 1 5618 7035 4364
12265 2 2 7 1 4114 4116 4115
12266 2 2 7 1 6156 6182 3032
12267 2 2 7 1 329 5798 3325
12268 2 2 7 1 3623 4126 3625
12269 2 2 7 1 5870 7680 2963
12270 2 2 7 1 5946 6255 5948
12271 2 2 7 1 2681 2754 2680
12272 2 2 7 1 3282 6089 6055
12273 2 2 7 1 3207 3398 3205
12274 2 2 7 1 4193 7550 6569
12275 2 2 7 1 1479 6662 1675
12276 2 2 7 1 4590 5921 4591
12277 2 2 7 1 2023 6459 2032
12278 2 2 7 1 3324 5798 330
12279 2 2 7 1 4450 7663 5598
12280 2 2 7 1 2904 4208 2859
12281 2 2 7 1 6570 7955 6571
12282 2 2 7 1 6003 6011 6005
12283 2 2 7 1 2924 7212 6095
12284 2 2 7 1 4174 6457 4176
12285 2 2 7 1 6067 6078 6069
12286 2 2 7 1 1174 4019 1173
12287 2 2 7 1 4276 6962 4275
12288 2 2 7 1 4211 4213 4212
12289 2 2 7 1 4876 7073 2851
12290 2 2 7 1 1339 6268 6247
12291 2 2 7 1 4537 6351 4536
12292 2 2 7 1 1171 6822 1167
12293 2 2 7 1 5366 7257 2676
12294 2 2 7 1 4116 4258 4117
12295 2 2 7 1 4131 7050 5583
12296 2 2 7 1 2854 2856 2855
12297 2 2 7 1 1436 2830 1437
12298 2 2 7 1 3328 6498 3329
12299 2 2 7 1 2595 7116 5730
12300 2 2 7 1 1100 1128 1099
12301 2 2 7 1 331 5813 3324
12302 2 2 7 1 6535 6721 6720
12303 2 2 7 1 3332 3334 3333
12304 2 2 7 1 4588 5769 882
12305 2 2 7 1 4935 7862 3469
12306 2 2 7 1 6121 6257 6123
12307 2 2 7 1 3991 6542 3968
12308 2 2 7 1 3691 6596 3709
12309 2 2 7 1 6408 7010 5886
12310 2 2 7 1 3776 4982 3775
12311 2 2 7 1 4817 4887 2964
12312 2 2 7 1 2842 2844 2843
12313 2 2 7 1 3927 6900 3988
12314 2 2 7 1 4000 5813 332
12315 2 2 7 1 5984 7787 5718
12316 2 2 7 1 324 2224 1079
12317 2 2 7 1 1412 6471 1413
12318 2 2 7 1 6130 7417 4736
12319 2 2 7 1 4789 7781 3991
12320 2 2 7 1 5942 7359 5943
12321 2 2 7 1 5722 7735 929
12322 2 2 7 1 1922 6910 6308
12323 2 2 7 1 2654 2735 2656
12324 2 2 7 1 1481 6685 1669
12325 2 2 7 1 6299 7497 2190
12326 2 2 7 1 6307 6310 1133
12327 2 2 7 1 4919 6944 3055
12328 2 2 7 1 1351 6360 6338
12329 2 2 7 1 5936 5949 5938
12330 2 2 7 1 1259 7874 1821
12331 2 2 7 1 1939 1940 1938
12332 2 2 7 1 1129 1136 1128
12333 2 2 7 1 2839 2912 2754
12334 2 2 7 1 3056 3060 3055
12335 2 2 7 1 2844 3910 2869
12336 2 2 7 1 333 5821 4000
12337 2 2 7 1 325 2226 2224
12338 2 2 7 1 3904 6761 3903
12339 2 2 7 1 6575 7517 3905
12340 2 2 7 1 7191 8007 4835
12341 2 2 7 1 2975 5821 334
12342 2 2 7 1 3903 4330 2912
12343 2 2 7 1 1137 1141 1136
12344 2 2 7 1 355 5836 2989
12345 2 2 7 1 3964 3967 3966
12346 2 2 7 1 3511 5814 3514
12347 2 2 7 1 4033 6541 4031
12348 2 2 7 1 3311 5797 352
12349 2 2 7 1 5107 7400 2900
12350 2 2 7 1 682 2218 1296
12351 2 2 7 1 4818 5032 4330
12352 2 2 7 1 2908 4287 2834
12353 2 2 7 1 1245 1246 1244
12354 2 2 7 1 3410 3411 3060
12355 2 2 7 1 2869 6764 4853
12356 2 2 7 1 326 5770 2226
12357 2 2 7 1 1212 7205 5738
12358 2 2 7 1 7351 7378 4708
12359 2 2 7 1 1142 1166 1141
12360 2 2 7 1 4066 4075 4065
12361 2 2 7 1 6235 7591 7029
12362 2 2 7 1 2655 7624 5127
12363 2 2 7 1 3312 7615 5867
12364 2 2 7 1 5468 7299 6619
12365 2 2 7 1 2899 3734 2851
12366 2 2 7 1 5720 7605 4521
12367 2 2 7 1 3412 3464 3411
12368 2 2 7 1 4076 4598 4075
12369 2 2 7 1 4179 4414 4180
12370 2 2 7 1 4681 7431 4573
12371 2 2 7 1 2217 4222 2216
12372 2 2 7 1 711 5799 5781
12373 2 2 7 1 4063 4066 4065
12374 2 2 7 1 336 5833 5824
12375 2 2 7 1 4949 5079 4598
12376 2 2 7 1 3303 7057 3304
12377 2 2 7 1 2908 4653 4287
12378 2 2 7 1 6900 6901 3988
12379 2 2 7 1 4249 6683 4975
12380 2 2 7 1 4682 7628 4683
12381 2 2 7 1 3316 5833 337
12382 2 2 7 1 941 7377 940
12383 2 2 7 1 6425 7054 1902
12384 2 2 7 1 2029 7123 2037
12385 2 2 7 1 3465 4357 3464
12386 2 2 7 1 5393 7441 5367
12387 2 2 7 1 4445 5836 356
12388 2 2 7 1 3101 5799 712
12389 2 2 7 1 338 5837 3316
12390 2 2 7 1 3502 3551 3550
12391 2 2 7 1 2197 7904 2075
12392 2 2 7 1 3541 3542 2214
12393 2 2 7 1 6069 6753 6068
12394 2 2 7 1 6005 6006 6004
12395 2 2 7 1 6306 6308 6307
12396 2 2 7 1 5948 6250 5947
12397 2 2 7 1 5125 7624 4185
12398 2 2 7 1 3314 5837 339
12399 2 2 7 1 883 5800 4588
12400 2 2 7 1 85 7367 84
12401 2 2 7 1 4076 4949 4598
12402 2 2 7 1 5031 7373 3051
12403 2 2 7 1 6004 6006 1921
12404 2 2 7 1 4138 5726 4191
12405 2 2 7 1 4254 4256 4255
12406 2 2 7 1 4066 4076 4075
12407 2 2 7 1 5599 6703 1203
12408 2 2 7 1 7309 7584 6686
12409 2 2 7 1 4704 7477 5998
12410 2 2 7 1 3716 4138 3405
12411 2 2 7 1 351 5797 3310
12412 2 2 7 1 1142 1167 1166
12413 2 2 7 1 6702 7377 941
12414 2 2 7 1 3944 3945 3943
12415 2 2 7 1 3285 3587 3463
12416 2 2 7 1 4354 7342 6202
12417 2 2 7 1 6202 7342 3010
12418 2 2 7 1 2842 2843 2561
12419 2 2 7 1 340 5843 3314
12420 2 2 7 1 4458 5125 4256
12421 2 2 7 1 4224 6789 6788
12422 2 2 7 1 2193 2194 2192
12423 2 2 7 1 1137 1142 1141
12424 2 2 7 1 3317 5843 341
12425 2 2 7 1 852 5895 2163
12426 2 2 7 1 4141 7854 6749
12427 2 2 7 1 2854 2855 2593
12428 2 2 7 1 3551 3898 3552
12429 2 2 7 1 3903 4818 4330
12430 2 2 7 1 1129 1137 1136
12431 2 2 7 1 4932 4936 4934
12432 2 2 7 1 5711 7049 4779
12433 2 2 7 1 3910 4615 2869
12434 2 2 7 1 2839 3903 2912
12435 2 2 7 1 5921 6340 4591
12436 2 2 7 1 4954 7330 5660
12437 2 2 7 1 342 5849 3317
12438 2 2 7 1 2681 2839 2754
12439 2 2 7 1 859 5710 3489
12440 2 2 7 1 2993 5800 884
12441 2 2 7 1 4605 5849 343
12442 2 2 7 1 7303 7999 4524
12443 2 2 7 1 1100 1129 1128
12444 2 2 7 1 2844 2869 2843
12445 2 2 7 1 1694 2003 1504
12446 2 2 7 1 2871 4153 4152
12447 2 2 7 1 4790 6704 3454
12448 2 2 7 1 2990 5853 345
12449 2 2 7 1 6900 7783 6901
12450 2 2 7 1 344 5853 4605
12451 2 2 7 1 4183 6649 4182
12452 2 2 7 1 3490 5026 5025
12453 2 2 7 1 1183 1977 1975
12454 2 2 7 1 3898 4642 3899
12455 2 2 7 1 1436 6933 2877
12456 2 2 7 1 2195 3560 2194
12457 2 2 7 1 3946 3947 3945
12458 2 2 7 1 5605 7729 3969
12459 2 2 7 1 6444 7756 6983
12460 2 2 7 1 5770 7307 5771
12461 2 2 7 1 3953 3954 3947
12462 2 2 7 1 2848 2849 2591
12463 2 2 7 1 2723 2790 2737
12464 2 2 7 1 1667 2178 2174
12465 2 2 7 1 1098 1100 1099
12466 2 2 7 1 1169 2116 1974
12467 2 2 7 1 2002 6728 1914
12468 2 2 7 1 5779 5780 3954
12469 2 2 7 1 4024 4026 4025
12470 2 2 7 1 3455 3456 3454
12471 2 2 7 1 4501 5580 4865
12472 2 2 7 1 3775 6765 3547
12473 2 2 7 1 2735 2851 2736
12474 2 2 7 1 1117 1938 1937
12475 2 2 7 1 5874 7972 2487
12476 2 2 7 1 819 7245 818
12477 2 2 7 1 2877 4103 2830
12478 2 2 7 1 4026 4028 4027
12479 2 2 7 1 4757 4758 2504
12480 2 2 7 1 1092 1098 1097
12481 2 2 7 1 4030 4032 4031
12482 2 2 7 1 1879 6968 1632
12483 2 2 7 1 4028 4030 4029
12484 2 2 7 1 3370 3400 3334
12485 2 2 7 1 4059 4067 4058
12486 2 2 7 1 5975 6591 3757
12487 2 2 7 1 1238 1240 1239
12488 2 2 7 1 335 5824 2975
12489 2 2 7 1 1296 5816 681
12490 2 2 7 1 347 5867 5857
12491 2 2 7 1 3735 4173 3734
12492 2 2 7 1 5730 7116 5709
12493 2 2 7 1 3457 3962 3456
12494 2 2 7 1 4104 4105 4103
12495 2 2 7 1 1382 1839 1380
12496 2 2 7 1 1090 1092 1091
12497 2 2 7 1 1072 2158 2157
12498 2 2 7 1 3561 3562 3560
12499 2 2 7 1 3310 5862 350
12500 2 2 7 1 3312 5867 348
12501 2 2 7 1 4676 6679 3636
12502 2 2 7 1 3968 4211 3962
12503 2 2 7 1 3719 7815 6923
12504 2 2 7 1 4106 4260 4105
12505 2 2 7 1 4034 7435 4036
12506 2 2 7 1 6152 7430 3022
12507 2 2 7 1 4547 7979 6381
12508 2 2 7 1 1375 6470 6466
12509 2 2 7 1 4208 5033 4690
12510 2 2 7 1 3332 6498 3370
12511 2 2 7 1 1240 1242 1241
12512 2 2 7 1 1247 1248 1246
12513 2 2 7 1 3997 4005 2768
12514 2 2 7 1 3967 4267 4266
12515 2 2 7 1 4520 6429 3995
12516 2 2 7 1 4921 4959 3426
12517 2 2 7 1 4751 7400 5107
12518 2 2 7 1 3554 3555 3527
12519 2 2 7 1 1500 7626 6554
12520 2 2 7 1 4021 4022 4018
12521 2 2 7 1 6431 6804 3965
12522 2 2 7 1 3718 4858 3719
12523 2 2 7 1 5902 7853 4438
12524 2 2 7 1 3087 4336 4335
12525 2 2 7 1 1829 7889 1777
12526 2 2 7 1 3587 4892 3588
12527 2 2 7 1 4017 4018 4016
12528 2 2 7 1 4647 6586 3400
12529 2 2 7 1 1281 6916 1284
12530 2 2 7 1 2571 6754 2573
12531 2 2 7 1 3559 3995 3555
12532 2 2 7 1 4803 5111 3562
12533 2 2 7 1 2828 2829 2677
12534 2 2 7 1 7829 8023 4196
12535 2 2 7 1 717 5838 5830
12536 2 2 7 1 3703 3707 3702
12537 2 2 7 1 4515 4516 4514
12538 2 2 7 1 3558 3576 3542
12539 2 2 7 1 2671 2824 2672
12540 2 2 7 1 2560 2565 2564
12541 2 2 7 1 6205 7005 6170
12542 2 2 7 1 3709 3710 3708
12543 2 2 7 1 3108 5838 718
12544 2 2 7 1 4158 4485 4073
12545 2 2 7 1 710 5781 3099
12546 2 2 7 1 3896 3897 3576
12547 2 2 7 1 4109 4110 2829
12548 2 2 7 1 2790 2916 2791
12549 2 2 7 1 3519 3520 3518
12550 2 2 7 1 4331 4994 4332
12551 2 2 7 1 4172 7321 5079
12552 2 2 7 1 4806 7315 7300
12553 2 2 7 1 6664 7962 4622
12554 2 2 7 1 4174 4175 4173
12555 2 2 7 1 3489 5790 858
12556 2 2 7 1 3406 4006 3422
12557 2 2 7 1 346 5857 2990
12558 2 2 7 1 2567 6666 2569
12559 2 2 7 1 3901 5576 3902
12560 2 2 7 1 4047 4058 4046
12561 2 2 7 1 4566 6641 4676
12562 2 2 7 1 2852 4517 2853
12563 2 2 7 1 1249 1253 1248
12564 2 2 7 1 4414 6645 4415
12565 2 2 7 1 4597 4772 4119
12566 2 2 7 1 2832 2914 2865
12567 2 2 7 1 6489 6493 6486
12568 2 2 7 1 349 5862 3312
12569 2 2 7 1 3689 6570 3688
12570 2 2 7 1 2984 2985 2951
12571 2 2 7 1 2741 2832 2742
12572 2 2 7 1 6440 7514 6435
12573 2 2 7 1 2673 2785 2674
12574 2 2 7 1 999 7428 998
12575 2 2 7 1 3521 3522 3520
12576 2 2 7 1 4006 5056 4007
12577 2 2 7 1 2916 4399 3661
12578 2 2 7 1 2056 7726 2186
12579 2 2 7 1 3711 4182 3710
12580 2 2 7 1 4176 4788 4175
12581 2 2 7 1 4048 4049 3522
12582 2 2 7 1 2565 2673 2587
12583 2 2 7 1 2914 4768 4177
12584 2 2 7 1 3629 6737 3663
12585 2 2 7 1 4261 4262 3303
12586 2 2 7 1 3399 3673 3398
12587 2 2 7 1 7187 7795 3480
12588 2 2 7 1 886 5840 5818
12589 2 2 7 1 3674 3675 3673
12590 2 2 7 1 4823 6957 4440
12591 2 2 7 1 3242 4167 2985
12592 2 2 7 1 4126 5000 4468
12593 2 2 7 1 7323 7385 4878
12594 2 2 7 1 720 5858 5844
12595 2 2 7 1 3671 7600 5113
12596 2 2 7 1 3334 6936 3335
12597 2 2 7 1 3471 5865 3474
12598 2 2 7 1 1805 6827 6826
12599 2 2 7 1 5162 7997 6835
12600 2 2 7 1 1620 6623 1617
12601 2 2 7 1 3107 5858 721
12602 2 2 7 1 2217 7357 4222
12603 2 2 7 1 3900 7973 4855
12604 2 2 7 1 3394 5840 887
12605 2 2 7 1 3737 6597 3602
12606 2 2 7 1 3660 7330 4954
12607 2 2 7 1 4255 7843 4253
12608 2 2 7 1 3140 5931 582
12609 2 2 7 1 6275 7570 4042
12610 2 2 7 1 4016 6651 4015
12611 2 2 7 1 5931 5950 581
12612 2 2 7 1 680 5816 1145
12613 2 2 7 1 2988 6938 5870
12614 2 2 7 1 1353 6440 6435
12615 2 2 7 1 713 5806 3101
12616 2 2 7 1 722 5864 3107
12617 2 2 7 1 6941 6942 2074
12618 2 2 7 1 299 5912 1143
12619 2 2 7 1 282 5904 1144
12620 2 2 7 1 6705 7415 2357
12621 2 2 7 1 590 5887 2930
12622 2 2 7 1 3134 5864 723
12623 2 2 7 1 587 5906 3139
12624 2 2 7 1 5971 6021 576
12625 2 2 7 1 3139 5917 586
12626 2 2 7 1 6547 7839 4645
12627 2 2 7 1 585 5917 3085
12628 2 2 7 1 3670 6652 3668
12629 2 2 7 1 2163 2164 1252
12630 2 2 7 1 3085 5927 584
12631 2 2 7 1 1299 5904 283
12632 2 2 7 1 4936 4938 4934
12633 2 2 7 1 5976 5999 570
12634 2 2 7 1 583 5927 3140
12635 2 2 7 1 1300 5912 300
12636 2 2 7 1 5967 5984 534
12637 2 2 7 1 557 5980 3147
12638 2 2 7 1 3146 5967 535
12639 2 2 7 1 857 5790 3493
12640 2 2 7 1 3077 5980 558
12641 2 2 7 1 3143 5971 577
12642 2 2 7 1 5053 7058 4324
12643 2 2 7 1 360 6199 3011
12644 2 2 7 1 4555 5989 379
12645 2 2 7 1 378 5989 5982
12646 2 2 7 1 4560 5966 374
12647 2 2 7 1 3058 6002 532
12648 2 2 7 1 536 5988 3146
12649 2 2 7 1 380 6014 4555
12650 2 2 7 1 6002 6042 531
12651 2 2 7 1 3006 6014 381
12652 2 2 7 1 580 5950 3084
12653 2 2 7 1 373 5966 5965
12654 2 2 7 1 5964 5983 515
12655 2 2 7 1 575 6021 3086
12656 2 2 7 1 3142 5964 516
12657 2 2 7 1 3086 5986 574
12658 2 2 7 1 3057 5988 537
12659 2 2 7 1 1382 1845 1839
12660 2 2 7 1 573 5986 5985
12661 2 2 7 1 3412 7654 3465
12662 2 2 7 1 293 5925 1302
12663 2 2 7 1 3084 5962 579
12664 2 2 7 1 383 6053 6027
12665 2 2 7 1 6110 6151 500
12666 2 2 7 1 3088 5976 571
12667 2 2 7 1 3151 6029 400
12668 2 2 7 1 3282 6053 384
12669 2 2 7 1 538 6034 3057
12670 2 2 7 1 2928 6013 548
12671 2 2 7 1 3517 6716 3766
12672 2 2 7 1 3002 6061 403
12673 2 2 7 1 399 6029 3004
12674 2 2 7 1 402 6061 6045
12675 2 2 7 1 6741 7532 1002
12676 2 2 7 1 4875 7393 5674
12677 2 2 7 1 482 6075 3156
12678 2 2 7 1 3372 7517 6575
12679 2 2 7 1 578 5962 3143
12680 2 2 7 1 3157 6076 479
12681 2 2 7 1 3023 6075 483
12682 2 2 7 1 404 6090 3002
12683 2 2 7 1 456 6088 3163
12684 2 2 7 1 3016 6088 457
12685 2 2 7 1 432 6097 6083
12686 2 2 7 1 3160 6090 405
12687 2 2 7 1 484 6081 3023
12688 2 2 7 1 6076 6092 478
12689 2 2 7 1 3694 6520 3695
12690 2 2 7 1 385 6089 3282
12691 2 2 7 1 6013 6041 547
12692 2 2 7 1 458 6103 3016
12693 2 2 7 1 4612 7625 5192
12694 2 2 7 1 2948 6097 433
12695 2 2 7 1 3150 6034 539
12696 2 2 7 1 569 5999 2929
12697 2 2 7 1 3154 6081 485
12698 2 2 7 1 3049 6109 505
12699 2 2 7 1 3165 6103 459
12700 2 2 7 1 3147 5979 556
12701 2 2 7 1 504 6109 3173
12702 2 2 7 1 555 5979 3079
12703 2 2 7 1 1078 5925 294
12704 2 2 7 1 3153 6080 511
12705 2 2 7 1 3173 6107 503
12706 2 2 7 1 406 6143 3160
12707 2 2 7 1 3079 5987 554
12708 2 2 7 1 507 6131 6114
12709 2 2 7 1 3281 6089 386
12710 2 2 7 1 486 6100 3154
12711 2 2 7 1 460 6112 3165
12712 2 2 7 1 2924 6095 476
12713 2 2 7 1 6080 6135 510
12714 2 2 7 1 435 6116 6099
12715 2 2 7 1 502 6107 2925
12716 2 2 7 1 553 5987 3148
12717 2 2 7 1 533 5984 3058
12718 2 2 7 1 3048 6131 508
12719 2 2 7 1 3180 6143 407
12720 2 2 7 1 559 5977 3077
12721 2 2 7 1 5660 7330 4691
12722 2 2 7 1 377 5982 3007
12723 2 2 7 1 2925 6110 501
12724 2 2 7 1 3155 6100 487
12725 2 2 7 1 3148 5990 552
12726 2 2 7 1 3167 6112 461
12727 2 2 7 1 6095 6120 475
12728 2 2 7 1 3171 6116 436
12729 2 2 7 1 560 5978 5977
12730 2 2 7 1 382 6027 3006
12731 2 2 7 1 551 5990 4568
12732 2 2 7 1 530 6042 3062
12733 2 2 7 1 3145 5978 561
12734 2 2 7 1 387 6150 3281
12735 2 2 7 1 488 6111 3155
12736 2 2 7 1 462 6133 3167
12737 2 2 7 1 437 6138 3171
12738 2 2 7 1 3061 6043 545
12739 2 2 7 1 499 6151 3170
12740 2 2 7 1 562 5973 3145
12741 2 2 7 1 4568 6009 550
12742 2 2 7 1 3062 6074 529
12743 2 2 7 1 4589 7429 6841
12744 2 2 7 1 3015 6133 463
12745 2 2 7 1 3156 6072 481
12746 2 2 7 1 3022 6111 489
12747 2 2 7 1 3039 6138 438
12748 2 2 7 1 480 6072 3157
12749 2 2 7 1 716 5830 3098
12750 2 2 7 1 3283 6150 388
12751 2 2 7 1 3078 5973 563
12752 2 2 7 1 431 6083 3162
12753 2 2 7 1 3162 6086 430
12754 2 2 7 1 3170 6125 498
12755 2 2 7 1 4912 7698 5969
12756 2 2 7 1 3163 6091 455
12757 2 2 7 1 401 6045 3151
12758 2 2 7 1 429 6086 3033
12759 2 2 7 1 528 6074 4545
12760 2 2 7 1 549 6009 2928
12761 2 2 7 1 454 6091 3164
12762 2 2 7 1 6043 6079 544
12763 2 2 7 1 372 5965 2947
12764 2 2 7 1 506 6114 3049
12765 2 2 7 1 3033 6096 428
12766 2 2 7 1 4685 4870 4686
12767 2 2 7 1 4354 6199 361
12768 2 2 7 1 464 6171 3015
12769 2 2 7 1 439 6172 3039
12770 2 2 7 1 564 5968 3078
12771 2 2 7 1 434 6099 2948
12772 2 2 7 1 477 6092 2924
12773 2 2 7 1 572 5985 3088
12774 2 2 7 1 490 6152 3022
12775 2 2 7 1 497 6125 3169
12776 2 2 7 1 427 6096 3159
12777 2 2 7 1 514 5983 3046
12778 2 2 7 1 3046 6046 513
12779 2 2 7 1 6141 6157 390
12780 2 2 7 1 4545 6147 527
12781 2 2 7 1 889 5863 5847
12782 2 2 7 1 512 6046 3153
12783 2 2 7 1 1229 1235 1228
12784 2 2 7 1 3004 6028 398
12785 2 2 7 1 408 6162 3180
12786 2 2 7 1 517 5958 3142
12787 2 2 7 1 1143 5891 298
12788 2 2 7 1 3159 6104 426
12789 2 2 7 1 856 7394 855
12790 2 2 7 1 509 6135 3048
12791 2 2 7 1 3144 5968 565
12792 2 2 7 1 3003 6162 409
12793 2 2 7 1 451 6108 2923
12794 2 2 7 1 2947 5997 371
12795 2 2 7 1 3168 6171 465
12796 2 2 7 1 3177 6172 440
12797 2 2 7 1 2932 6141 391
12798 2 2 7 1 3169 6142 496
12799 2 2 7 1 3047 5958 518
12800 2 2 7 1 526 6147 2926
12801 2 2 7 1 425 6104 3031
12802 2 2 7 1 3158 6152 491
12803 2 2 7 1 3152 6085 394
12804 2 2 7 1 2923 6129 450
12805 2 2 7 1 2034 6459 2025
12806 2 2 7 1 397 6028 3149
12807 2 2 7 1 1083 5940 302
12808 2 2 7 1 6085 6115 393
12809 2 2 7 1 441 6189 3177
12810 2 2 7 1 4876 7160 5582
12811 2 2 7 1 3031 6124 424
12812 2 2 7 1 466 6192 3168
12813 2 2 7 1 474 6120 3175
12814 2 2 7 1 495 6142 3024
12815 2 2 7 1 412 6136 3178
12816 2 2 7 1 449 6129 3172
12817 2 2 7 1 2926 6203 525
12818 2 2 7 1 546 6041 3061
12819 2 2 7 1 417 6180 2933
12820 2 2 7 1 727 5875 3106
12821 2 2 7 1 370 5997 4352
12822 2 2 7 1 3179 6136 413
12823 2 2 7 1 423 6124 3161
12824 2 2 7 1 3149 6064 396
12825 2 2 7 1 3175 6159 473
12826 2 2 7 1 3172 6163 448
12827 2 2 7 1 3037 6189 442
12828 2 2 7 1 3024 6173 494
12829 2 2 7 1 3176 6192 467
12830 2 2 7 1 3166 6180 418
12831 2 2 7 1 524 6203 3181
12832 2 2 7 1 414 6137 3179
12833 2 2 7 1 493 6173 6161
12834 2 2 7 1 389 6157 3283
12835 2 2 7 1 3161 6154 422
12836 2 2 7 1 364 6168 3010
12837 2 2 7 1 472 6159 3174
12838 2 2 7 1 447 6163 3038
12839 2 2 7 1 4349 6168 365
12840 2 2 7 1 3135 5875 728
12841 2 2 7 1 415 6139 6137
12842 2 2 7 1 1144 5900 281
12843 2 2 7 1 395 6064 3152
12844 2 2 7 1 366 6098 4349
12845 2 2 7 1 4352 6051 369
12846 2 2 7 1 421 6154 3032
12847 2 2 7 1 3181 6231 523
12848 2 2 7 1 3012 6098 367
12849 2 2 7 1 3174 6184 471
12850 2 2 7 1 542 7442 541
12851 2 2 7 1 3038 6185 446
12852 2 2 7 1 1304 5954 275
12853 2 2 7 1 519 6070 3047
12854 2 2 7 1 297 5891 1303
12855 2 2 7 1 2933 6139 416
12856 2 2 7 1 368 6051 3012
12857 2 2 7 1 392 6115 2932
12858 2 2 7 1 3032 6182 420
12859 2 2 7 1 3050 6237 521
12860 2 2 7 1 543 6079 3059
12861 2 2 7 1 470 6184 3017
12862 2 2 7 1 522 6231 3050
12863 2 2 7 1 445 6185 4378
12864 2 2 7 1 2994 5863 890
12865 2 2 7 1 280 5900 1301
12866 2 2 7 1 492 6161 3158
12867 2 2 7 1 1279 6893 6424
12868 2 2 7 1 520 6237 6070
12869 2 2 7 1 5954 6019 274
12870 2 2 7 1 419 6182 3166
12871 2 2 7 1 1302 5924 292
12872 2 2 7 1 4537 6667 6351
12873 2 2 7 1 3017 6193 469
12874 2 2 7 1 4378 6190 444
12875 2 2 7 1 443 6190 3037
12876 2 2 7 1 1208 7985 7256
12877 2 2 7 1 468 6193 3176
12878 2 2 7 1 1301 5922 279
12879 2 2 7 1 730 5881 5877
12880 2 2 7 1 1303 5934 296
12881 2 2 7 1 1936 7966 1790
12882 2 2 7 1 278 5922 1066
12883 2 2 7 1 3269 6921 4921
12884 2 2 7 1 3114 5881 731
12885 2 2 7 1 3948 6918 4017
12886 2 2 7 1 156 5993 1068
12887 2 2 7 1 1306 5993 157
12888 2 2 7 1 1305 5995 153
12889 2 2 7 1 158 5996 1306
12890 2 2 7 1 5995 6000 152
12891 2 2 7 1 1147 5996 159
12892 2 2 7 1 160 6001 1147
12893 2 2 7 1 1307 6001 161
12894 2 2 7 1 291 5924 1154
12895 2 2 7 1 163 6011 6003
12896 2 2 7 1 1308 6012 148
12897 2 2 7 1 1048 6011 164
12898 2 2 7 1 6012 6016 147
12899 2 2 7 1 6569 7550 3236
12900 2 2 7 1 165 6015 1048
12901 2 2 7 1 1309 6015 166
12902 2 2 7 1 168 6024 6017
12903 2 2 7 1 1122 6024 169
12904 2 2 7 1 719 5844 3108
12905 2 2 7 1 1066 5939 277
12906 2 2 7 1 1002 7532 1001
12907 2 2 7 1 4005 6615 5723
12908 2 2 7 1 170 6033 1122
12909 2 2 7 1 2298 7643 2296
12910 2 2 7 1 1311 6033 171
12911 2 2 7 1 1312 6040 139
12912 2 2 7 1 6040 6047 138
12913 2 2 7 1 732 5884 3114
12914 2 2 7 1 173 6044 6036
12915 2 2 7 1 5661 7751 5137
12916 2 2 7 1 295 5934 1078
12917 2 2 7 1 1064 6044 174
12918 2 2 7 1 175 6048 1064
12919 2 2 7 1 1313 6048 176
12920 2 2 7 1 3136 5884 733
12921 2 2 7 1 178 6058 6050
12922 2 2 7 1 1123 6058 179
12923 2 2 7 1 4810 7815 6759
12924 2 2 7 1 276 5939 1304
12925 2 2 7 1 181 6063 6062
12926 2 2 7 1 1185 6063 182
12927 2 2 7 1 2930 6791 589
12928 2 2 7 1 301 5940 1300
12929 2 2 7 1 588 6791 5906
12930 2 2 7 1 184 6078 6067
12931 2 2 7 1 284 5946 1299
12932 2 2 7 1 1047 6078 185
12933 2 2 7 1 2584 7300 6452
12934 2 2 7 1 186 6087 1047
12935 2 2 7 1 1316 6087 187
12936 2 2 7 1 189 6105 6094
12937 2 2 7 1 1124 6105 190
12938 2 2 7 1 885 5818 2993
12939 2 2 7 1 5671 7757 5588
12940 2 2 7 1 191 6118 1124
12941 2 2 7 1 254 6169 6117
12942 2 2 7 1 3929 4536 3970
12943 2 2 7 1 1317 6118 192
12944 2 2 7 1 1059 6169 255
12945 2 2 7 1 194 6145 6128
12946 2 2 7 1 735 5889 5885
12947 2 2 7 1 1080 6175 248
12948 2 2 7 1 1065 6145 195
12949 2 2 7 1 6175 6187 247
12950 2 2 7 1 1154 6215 290
12951 2 2 7 1 6233 6238 219
12952 2 2 7 1 196 6167 1065
12953 2 2 7 1 1319 6167 197
12954 2 2 7 1 1088 1090 1089
12955 2 2 7 1 3113 5889 736
12956 2 2 7 1 103 6245 1077
12957 2 2 7 1 1189 6205 258
12958 2 2 7 1 199 6183 6174
12959 2 2 7 1 1125 6183 200
12960 2 2 7 1 4757 7012 4758
12961 2 2 7 1 6122 7002 3201
12962 2 2 7 1 1068 5992 155
12963 2 2 7 1 154 5992 1305
12964 2 2 7 1 151 6000 1121
12965 2 2 7 1 1121 6008 150
12966 2 2 7 1 260 6224 6213
12967 2 2 7 1 149 6008 1308
12968 2 2 7 1 162 6003 1307
12969 2 2 7 1 146 6016 1050
12970 2 2 7 1 3164 6711 453
12971 2 2 7 1 273 6019 1127
12972 2 2 7 1 1087 6224 261
12973 2 2 7 1 1050 6022 145
12974 2 2 7 1 205 6204 6198
12975 2 2 7 1 144 6022 1310
12976 2 2 7 1 737 5899 3113
12977 2 2 7 1 167 6017 1309
12978 2 2 7 1 1310 6031 143
12979 2 2 7 1 1049 6204 206
12980 2 2 7 1 142 6031 1148
12981 2 2 7 1 1148 6039 141
12982 2 2 7 1 452 6711 6108
12983 2 2 7 1 140 6039 1312
12984 2 2 7 1 207 6210 1049
12985 2 2 7 1 172 6036 1311
12986 2 2 7 1 137 6047 1069
12987 2 2 7 1 3115 5898 741
12988 2 2 7 1 1325 6222 113
12989 2 2 7 1 1326 6210 208
12990 2 2 7 1 1069 6049 136
12991 2 2 7 1 3137 5899 738
12992 2 2 7 1 135 6049 1314
12993 2 2 7 1 1314 6059 134
12994 2 2 7 1 209 6216 1326
12995 2 2 7 1 746 5908 3112
12996 2 2 7 1 5898 5905 740
12997 2 2 7 1 133 6059 1150
12998 2 2 7 1 1333 6225 235
12999 2 2 7 1 177 6050 1313
13000 2 2 7 1 1150 6065 132
13001 2 2 7 1 1153 6216 210
13002 2 2 7 1 234 6225 1075
13003 2 2 7 1 1075 6226 233
13004 2 2 7 1 131 6065 1315
13005 2 2 7 1 232 6226 1332
13006 2 2 7 1 1332 6227 231
13007 2 2 7 1 4788 6507 4175
13008 2 2 7 1 180 6062 1123
13009 2 2 7 1 230 6227 1156
13010 2 2 7 1 211 6219 1153
13011 2 2 7 1 1156 6228 229
13012 2 2 7 1 1127 6209 272
13013 2 2 7 1 7282 7688 1947
13014 2 2 7 1 228 6228 1331
13015 2 2 7 1 1327 6219 212
13016 2 2 7 1 1331 6229 227
13017 2 2 7 1 183 6067 1185
13018 2 2 7 1 226 6229 1052
13019 2 2 7 1 1052 6232 225
13020 2 2 7 1 1051 6106 127
13021 2 2 7 1 224 6232 1330
13022 2 2 7 1 126 6106 1318
13023 2 2 7 1 1318 6127 125
13024 2 2 7 1 253 6117 1186
13025 2 2 7 1 214 6230 6221
13026 2 2 7 1 1186 6134 252
13027 2 2 7 1 1126 6233 220
13028 2 2 7 1 124 6127 1151
13029 2 2 7 1 1869 6910 6726
13030 2 2 7 1 4248 5908 747
13031 2 2 7 1 188 6094 1316
13032 2 2 7 1 266 6249 6239
13033 2 2 7 1 1070 6230 215
13034 2 2 7 1 251 6134 1320
13035 2 2 7 1 1151 6158 123
13036 2 2 7 1 218 6238 1329
13037 2 2 7 1 285 6255 5946
13038 2 2 7 1 1329 6234 217
13039 2 2 7 1 6701 6902 3080
13040 2 2 7 1 122 6158 1321
13041 2 2 7 1 216 6234 1070
13042 2 2 7 1 1320 6166 250
13043 2 2 7 1 1061 6249 267
13044 2 2 7 1 1077 6178 102
13045 2 2 7 1 1321 6176 121
13046 2 2 7 1 249 6166 1080
13047 2 2 7 1 120 6176 1074
13048 2 2 7 1 193 6128 1317
13049 2 2 7 1 271 6209 1323
13050 2 2 7 1 1074 6188 119
13051 2 2 7 1 118 6188 1322
13052 2 2 7 1 246 6187 1187
13053 2 2 7 1 289 6215 1337
13054 2 2 7 1 1322 6195 117
13055 2 2 7 1 1187 6197 245
13056 2 2 7 1 259 6213 1189
13057 2 2 7 1 116 6195 1152
13058 2 2 7 1 244 6197 1324
13059 2 2 7 1 1152 6207 115
13060 2 2 7 1 198 6174 1319
13061 2 2 7 1 1324 6206 243
13062 2 2 7 1 1339 6245 104
13063 2 2 7 1 114 6207 1325
13064 2 2 7 1 242 6206 1055
13065 2 2 7 1 101 6178 1334
13066 2 2 7 1 1055 6211 241
13067 2 2 7 1 201 6186 1125
13068 2 2 7 1 240 6211 1328
13069 2 2 7 1 1328 6217 239
13070 2 2 7 1 204 6198 1188
13071 2 2 7 1 238 6217 1155
13072 2 2 7 1 1155 6223 237
13073 2 2 7 1 265 6239 1190
13074 2 2 7 1 5069 7266 5595
13075 2 2 7 1 236 6223 1333
13076 2 2 7 1 6732 7044 3937
13077 2 2 7 1 1334 6240 100
13078 2 2 7 1 1145 6271 679
13079 2 2 7 1 5811 7768 6589
13080 2 2 7 1 213 6221 1327
13081 2 2 7 1 3737 7063 6597
13082 2 2 7 1 99 6240 1157
13083 2 2 7 1 1487 7571 6850
13084 2 2 7 1 2199 7752 1850
13085 2 2 7 1 749 5930 5915
13086 2 2 7 1 893 7358 892
13087 2 2 7 1 1157 6251 98
13088 2 2 7 1 1053 6254 110
13089 2 2 7 1 1071 6255 286
13090 2 2 7 1 3126 5930 750
13091 2 2 7 1 97 6251 1336
13092 2 2 7 1 109 6254 1338
13093 2 2 7 1 894 5886 3433
13094 2 2 7 1 1337 6269 288
13095 2 2 7 1 1336 6259 96
13096 2 2 7 1 3200 5942 784
13097 2 2 7 1 1703 6763 2162
13098 2 2 7 1 783 5942 3213
13099 2 2 7 1 2943 5876 2949
13100 2 2 7 1 4930 6917 2578
13101 2 2 7 1 5804 6965 2563
13102 2 2 7 1 3747 5886 895
13103 2 2 7 1 1338 6261 108
13104 2 2 7 1 3360 5598 5597
13105 2 2 7 1 751 5955 3126
13106 2 2 7 1 95 6259 1057
13107 2 2 7 1 786 5961 5944
13108 2 2 7 1 729 5877 3135
13109 2 2 7 1 107 6261 1159
13110 2 2 7 1 4110 7410 4259
13111 2 2 7 1 287 6269 1071
13112 2 2 7 1 4424 5955 752
13113 2 2 7 1 1251 5895 853
13114 2 2 7 1 888 5847 3394
13115 2 2 7 1 1057 6263 94
13116 2 2 7 1 3201 5961 787
13117 2 2 7 1 1329 7591 6235
13118 2 2 7 1 4511 6626 4510
13119 2 2 7 1 105 6268 1339
13120 2 2 7 1 1159 6268 106
13121 2 2 7 1 3223 7008 7007
13122 2 2 7 1 896 5911 3747
13123 2 2 7 1 6823 8001 6638
13124 2 2 7 1 6267 6655 5610
13125 2 2 7 1 734 5885 3136
13126 2 2 7 1 2969 5911 897
13127 2 2 7 1 5046 6580 3410
13128 2 2 7 1 3112 5894 745
13129 2 2 7 1 3209 5994 775
13130 2 2 7 1 5854 7434 4604
13131 2 2 7 1 5994 6018 774
13132 2 2 7 1 744 5894 4244
13133 2 2 7 1 4244 5896 743
13134 2 2 7 1 742 5896 3115
13135 2 2 7 1 3208 6032 772
13136 2 2 7 1 6032 6056 771
13137 2 2 7 1 6873 7804 2840
13138 2 2 7 1 3007 6830 376
13139 2 2 7 1 375 6830 4560
13140 2 2 7 1 739 5905 3137
13141 2 2 7 1 4997 6912 2581
13142 2 2 7 1 4669 6578 4530
13143 2 2 7 1 748 5915 4248
13144 2 2 7 1 6057 7329 3210
13145 2 2 7 1 899 5928 5920
13146 2 2 7 1 1234 6287 91
13147 2 2 7 1 7256 7985 4918
13148 2 2 7 1 4826 7775 5350
13149 2 2 7 1 6550 7794 1763
13150 2 2 7 1 3348 5928 900
13151 2 2 7 1 4931 8018 4938
13152 2 2 7 1 754 6244 6007
13153 2 2 7 1 4909 7888 6416
13154 2 2 7 1 785 5944 3200
13155 2 2 7 1 3213 5945 782
13156 2 2 7 1 3922 8002 3961
13157 2 2 7 1 2191 2192 1176
13158 2 2 7 1 781 5945 4624
13159 2 2 7 1 3379 7903 6585
13160 2 2 7 1 902 5949 5936
13161 2 2 7 1 4150 6243 763
13162 2 2 7 1 4624 5957 780
13163 2 2 7 1 4257 7447 6765
13164 2 2 7 1 3125 6244 755
13165 2 2 7 1 3347 5949 903
13166 2 2 7 1 7556 7770 1867
13167 2 2 7 1 779 5957 2937
13168 2 2 7 1 4077 5683 4061
13169 2 2 7 1 2965 5953 908
13170 2 2 7 1 6243 6253 762
13171 2 2 7 1 904 5956 3347
13172 2 2 7 1 5953 5960 907
13173 2 2 7 1 90 6287 6262
13174 2 2 7 1 3367 5956 905
13175 2 2 7 1 773 6018 3208
13176 2 2 7 1 753 6007 4424
13177 2 2 7 1 770 6056 3210
13178 2 2 7 1 3319 6778 3321
13179 2 2 7 1 3210 6102 769
13180 2 2 7 1 789 6257 6121
13181 2 2 7 1 768 6102 3714
13182 2 2 7 1 3714 6164 767
13183 2 2 7 1 788 6121 3201
13184 2 2 7 1 766 6164 2938
13185 2 2 7 1 2938 6218 765
13186 2 2 7 1 6816 7007 7006
13187 2 2 7 1 764 6218 4150
13188 2 2 7 1 3199 6257 790
13189 2 2 7 1 2964 6276 921
13190 2 2 7 1 4597 6698 4772
13191 2 2 7 1 761 6253 3127
13192 2 2 7 1 7105 7620 4767
13193 2 2 7 1 678 6271 1354
13194 2 2 7 1 4724 6267 758
13195 2 2 7 1 3127 6264 760
13196 2 2 7 1 2651 7340 2652
13197 2 2 7 1 898 5920 2969
13198 2 2 7 1 5015 7771 4907
13199 2 2 7 1 6565 7649 4959
13200 2 2 7 1 1177 7844 2201
13201 2 2 7 1 759 6264 4724
13202 2 2 7 1 791 6278 3199
13203 2 2 7 1 6277 6280 797
13204 2 2 7 1 1794 5793 5792
13205 2 2 7 1 901 5936 3348
13206 2 2 7 1 1446 6894 2828
13207 2 2 7 1 6266 7851 4862
13208 2 2 7 1 3214 6278 792
13209 2 2 7 1 3215 6277 798
13210 2 2 7 1 4473 7971 4941
13211 2 2 7 1 3602 6597 3604
13212 2 2 7 1 4855 7973 5087
13213 2 2 7 1 796 6280 3216
13214 2 2 7 1 5669 7096 2555
13215 2 2 7 1 1081 6290 595
13216 2 2 7 1 793 6286 3214
13217 2 2 7 1 906 5960 3367
13218 2 2 7 1 1323 6738 270
13219 2 2 7 1 3216 6289 795
13220 2 2 7 1 4493 6820 5662
13221 2 2 7 1 794 6289 6286
13222 2 2 7 1 909 5991 2965
13223 2 2 7 1 5017 6954 6953
13224 2 2 7 1 799 6279 3215
13225 2 2 7 1 6435 7068 6434
13226 2 2 7 1 1473 6947 6818
13227 2 2 7 1 47 6296 1193
13228 2 2 7 1 22 6295 1194
13229 2 2 7 1 1341 6294 27
13230 2 2 7 1 910 6273 5991
13231 2 2 7 1 1132 6301 54
13232 2 2 7 1 66 6298 1168
13233 2 2 7 1 41 6302 1343
13234 2 2 7 1 1086 6312 34
13235 2 2 7 1 28 6310 1341
13236 2 2 7 1 53 6301 1340
13237 2 2 7 1 6564 7830 6558
13238 2 2 7 1 35 6313 1086
13239 2 2 7 1 1135 6300 61
13240 2 2 7 1 1193 6318 46
13241 2 2 7 1 1343 6315 40
13242 2 2 7 1 1076 6302 42
13243 2 2 7 1 59 6304 1192
13244 2 2 7 1 1340 6297 52
13245 2 2 7 1 1133 6310 29
13246 2 2 7 1 55 6319 1132
13247 2 2 7 1 33 6312 1342
13248 2 2 7 1 1204 6311 68
13249 2 2 7 1 1168 6325 65
13250 2 2 7 1 1347 6313 36
13251 2 2 7 1 30 6305 1133
13252 2 2 7 1 1082 6314 49
13253 2 2 7 1 62 6329 1135
13254 2 2 7 1 39 6315 1160
13255 2 2 7 1 43 6322 1076
13256 2 2 7 1 1192 6327 58
13257 2 2 7 1 1990 7452 5923
13258 2 2 7 1 71 6316 1352
13259 2 2 7 1 45 6318 1346
13260 2 2 7 1 1342 6309 32
13261 2 2 7 1 69 6326 1204
13262 2 2 7 1 1344 6319 56
13263 2 2 7 1 1346 6322 44
13264 2 2 7 1 64 6325 1345
13265 2 2 7 1 37 6323 1347
13266 2 2 7 1 1146 6330 24
13267 2 2 7 1 50 6321 1082
13268 2 2 7 1 1160 6323 38
13269 2 2 7 1 1352 6326 70
13270 2 2 7 1 57 6327 1344
13271 2 2 7 1 1345 6329 63
13272 2 2 7 1 1256 6328 18
13273 2 2 7 1 25 6331 1146
13274 2 2 7 1 3537 7310 6963
13275 2 2 7 1 1930 7613 2149
13276 2 2 7 1 2566 7910 5021
13277 2 2 7 1 2082 7752 6017
13278 2 2 7 1 1255 7106 1244
13279 2 2 7 1 2159 7316 1257
13280 2 2 7 1 6722 6865 3444
13281 2 2 7 1 4861 6719 6718
13282 2 2 7 1 6300 6304 60
13283 2 2 7 1 67 6311 6298
13284 2 2 7 1 48 6314 6296
13285 2 2 7 1 23 6330 6295
13286 2 2 7 1 3339 6273 911
13287 2 2 7 1 6294 6331 26
13288 2 2 7 1 6297 6321 51
13289 2 2 7 1 672 6336 1161
13290 2 2 7 1 2130 7686 1928
13291 2 2 7 1 31 6309 6305
13292 2 2 7 1 918 6282 3340
13293 2 2 7 1 5665 5666 3131
13294 2 2 7 1 1161 6335 671
13295 2 2 7 1 3368 6282 919
13296 2 2 7 1 1351 6336 673
13297 2 2 7 1 670 6335 1348
13298 2 2 7 1 1348 6339 669
13299 2 2 7 1 1891 7020 1604
13300 2 2 7 1 4763 7833 4761
13301 2 2 7 1 6293 7281 1946
13302 2 2 7 1 3719 6923 3388
13303 2 2 7 1 1349 6344 664
13304 2 2 7 1 665 6347 1349
13305 2 2 7 1 667 6343 1073
13306 2 2 7 1 661 6348 1350
13307 2 2 7 1 663 6344 1162
13308 2 2 7 1 1350 6349 660
13309 2 2 7 1 920 6276 3368
13310 2 2 7 1 1073 6347 666
13311 2 2 7 1 1162 6348 662
13312 2 2 7 1 4325 7058 6491
13313 2 2 7 1 912 6283 3339
13314 2 2 7 1 4005 6758 6615
13315 2 2 7 1 6030 7132 6029
13316 2 2 7 1 1400 7805 5607
13317 2 2 7 1 658 6353 1056
13318 2 2 7 1 913 6291 6283
13319 2 2 7 1 1056 6354 657
13320 2 2 7 1 4035 6610 4033
13321 2 2 7 1 3964 6785 6607
13322 2 2 7 1 655 6355 1196
13323 2 2 7 1 1889 6439 5872
13324 2 2 7 1 674 6360 1351
13325 2 2 7 1 3338 6291 914
13326 2 2 7 1 4974 7938 7484
13327 2 2 7 1 1196 6357 654
13328 2 2 7 1 5580 7598 4865
13329 2 2 7 1 652 6359 1095
13330 2 2 7 1 4782 7336 6007
13331 2 2 7 1 1095 6361 651
13332 2 2 7 1 2175 7858 6717
13333 2 2 7 1 6548 6691 2216
13334 2 2 7 1 1060 6360 675
13335 2 2 7 1 4102 7621 7269
13336 2 2 7 1 4460 7917 6382
13337 2 2 7 1 6339 6343 668
13338 2 2 7 1 1354 6362 677
13339 2 2 7 1 649 6363 1197
13340 2 2 7 1 676 6362 1060
13341 2 2 7 1 596 6388 1081
13342 2 2 7 1 643 6369 1199
13343 2 2 7 1 1067 6367 645
13344 2 2 7 1 635 6370 1355
13345 2 2 7 1 1096 6373 639
13346 2 2 7 1 1199 6371 642
13347 2 2 7 1 89 6262 1088
13348 2 2 7 1 637 6374 1198
13349 2 2 7 1 1198 6370 636
13350 2 2 7 1 640 6372 1096
13351 2 2 7 1 6349 6353 659
13352 2 2 7 1 1355 6375 634
13353 2 2 7 1 6573 7087 1800
13354 2 2 7 1 2842 7774 2844
13355 2 2 7 1 4564 7815 7172
13356 2 2 7 1 1200 6380 607
13357 2 2 7 1 633 6375 1054
13358 2 2 7 1 5682 6694 4734
13359 2 2 7 1 6354 6355 656
13360 2 2 7 1 1054 6377 632
13361 2 2 7 1 606 6380 1357
13362 2 2 7 1 1558 7225 6410
13363 2 2 7 1 594 6290 4685
13364 2 2 7 1 1357 6384 605
13365 2 2 7 1 4821 7635 6483
13366 2 2 7 1 6357 6359 653
13367 2 2 7 1 1201 6385 629
13368 2 2 7 1 611 6383 1085
13369 2 2 7 1 604 6384 1058
13370 2 2 7 1 4980 7272 4374
13371 2 2 7 1 628 6385 1364
13372 2 2 7 1 3707 6760 6661
13373 2 2 7 1 6361 6363 650
13374 2 2 7 1 1330 6774 223
13375 2 2 7 1 1202 6387 613
13376 2 2 7 1 21 7599 20
13377 2 2 7 1 1364 6392 627
13378 2 2 7 1 5647 5648 3361
13379 2 2 7 1 626 6392 1084
13380 2 2 7 1 4200 5715 4201
13381 2 2 7 1 6367 6369 644
13382 2 2 7 1 4273 6423 4671
13383 2 2 7 1 1368 6388 597
13384 2 2 7 1 4993 7620 7105
13385 2 2 7 1 6373 6374 638
13386 2 2 7 1 5027 6279 800
13387 2 2 7 1 614 6395 1202
13388 2 2 7 1 6371 6372 641
13389 2 2 7 1 1058 6401 603
13390 2 2 7 1 1365 6395 615
13391 2 2 7 1 1084 6396 625
13392 2 2 7 1 1758 6782 1756
13393 2 2 7 1 3667 7898 6386
13394 2 2 7 1 616 6397 1365
13395 2 2 7 1 624 6396 1366
13396 2 2 7 1 1660 2207 2206
13397 2 2 7 1 1063 6397 617
13398 2 2 7 1 1917 7036 2177
13399 2 2 7 1 1163 6400 621
13400 2 2 7 1 5601 6805 4489
13401 2 2 7 1 622 6398 1163
13402 2 2 7 1 620 6400 1367
13403 2 2 7 1 618 6399 1063
13404 2 2 7 1 3488 6460 5637
13405 2 2 7 1 1366 6398 623
13406 2 2 7 1 1367 6399 619
13407 2 2 7 1 4672 7761 4674
13408 2 2 7 1 602 6401 1369
13409 2 2 7 1 2870 7037 2872
13410 2 2 7 1 3961 7125 6677
13411 2 2 7 1 726 7438 725
13412 2 2 7 1 4468 7239 6737
13413 2 2 7 1 3938 6654 3941
13414 2 2 7 1 612 6387 6383
13415 2 2 7 1 1280 7726 2056
13416 2 2 7 1 6813 7291 2135
13417 2 2 7 1 3749 7429 4589
13418 2 2 7 1 540 6847 3150
13419 2 2 7 1 4506 6709 4504
13420 2 2 7 1 7299 7871 1218
13421 2 2 7 1 3674 7401 3676
13422 2 2 7 1 4792 7112 4399
13423 2 2 7 1 2058 7840 5820
13424 2 2 7 1 7115 7270 2589
13425 2 2 7 1 7029 7591 1982
13426 2 2 7 1 4530 6612 4454
13427 2 2 7 1 4507 7298 4502
13428 2 2 7 1 5024 6938 5868
13429 2 2 7 1 598 6414 1368
13430 2 2 7 1 5577 7422 4926
13431 2 2 7 1 1797 7174 6379
13432 2 2 7 1 4690 7119 2859
13433 2 2 7 1 1931 7316 2159
13434 2 2 7 1 5972 6951 4603
13435 2 2 7 1 5981 7629 7494
13436 2 2 7 1 4084 7786 5903
13437 2 2 7 1 3573 6646 6645
13438 2 2 7 1 3100 6487 5665
13439 2 2 7 1 6038 7206 1968
13440 2 2 7 1 1369 6426 601
13441 2 2 7 1 5195 7805 6455
13442 2 2 7 1 1183 7198 1977
13443 2 2 7 1 1164 6414 599
13444 2 2 7 1 7060 7762 4709
13445 2 2 7 1 3397 7003 3337
13446 2 2 7 1 5865 7647 4597
13447 2 2 7 1 600 6426 1164
13448 2 2 7 1 2786 7988 2904
13449 2 2 7 1 6205 7004 257
13450 2 2 7 1 6507 7867 2531
13451 2 2 7 1 4434 7216 4606
13452 2 2 7 1 4760 7952 5011
13453 2 2 7 1 6404 7031 5776
13454 2 2 7 1 2033 7869 7777
13455 2 2 7 1 4861 7851 6719
13456 2 2 7 1 256 7004 1059
13457 2 2 7 1 4690 7897 7699
13458 2 2 7 1 6222 6976 112
13459 2 2 7 1 6726 6910 1922
13460 2 2 7 1 714 7069 5806
13461 2 2 7 1 609 7619 608
13462 2 2 7 1 2670 6755 6754
13463 2 2 7 1 4564 7780 4996
13464 2 2 7 1 6850 7571 1852
13465 2 2 7 1 1404 6561 6545
13466 2 2 7 1 3098 7069 715
13467 2 2 7 1 111 6976 1053
13468 2 2 7 1 6571 6811 3688
13469 2 2 7 1 5831 7439 4543
13470 2 2 7 1 410 7071 3003
13471 2 2 7 1 3178 7071 411
13472 2 2 7 1 2983 7301 3286
13473 2 2 7 1 4432 7237 4155
13474 2 2 7 1 4489 7657 5075
13475 2 2 7 1 4504 6709 4507
13476 2 2 7 1 2219 7790 6186
13477 2 2 7 1 1295 2216 2215
13478 2 2 7 1 929 7735 928
13479 2 2 7 1 6507 7167 4175
13480 2 2 7 1 3474 5865 4597
13481 2 2 7 1 4071 6899 4158
13482 2 2 7 1 4003 5873 4004
13483 2 2 7 1 2453 7860 2324
13484 2 2 7 1 327 7307 5770
13485 2 2 7 1 5106 6790 2856
13486 2 2 7 1 5637 5711 5710
13487 2 2 7 1 4468 6737 3625
13488 2 2 7 1 2787 7369 6806
13489 2 2 7 1 5467 7871 5468
13490 2 2 7 1 3949 6785 3957
13491 2 2 7 1 3759 7075 4802
13492 2 2 7 1 3325 7307 328
13493 2 2 7 1 5723 6615 2915
13494 2 2 7 1 1731 6839 6284
13495 2 2 7 1 268 7024 1061
13496 2 2 7 1 19 6840 1256
13497 2 2 7 1 4846 7584 7309
13498 2 2 7 1 4895 7825 7384
13499 2 2 7 1 6577 7592 6384
13500 2 2 7 1 6844 7462 1769
13501 2 2 7 1 5679 7135 7134
13502 2 2 7 1 3682 6811 4130
13503 2 2 7 1 2636 6912 3997
13504 2 2 7 1 6097 7847 6084
13505 2 2 7 1 4918 7985 5233
13506 2 2 7 1 5903 7786 4878
13507 2 2 7 1 5598 7663 4667
13508 2 2 7 1 1958 7227 1876
13509 2 2 7 1 3716 7306 4138
13510 2 2 7 1 6368 6803 4008
13511 2 2 7 1 4128 7496 4047
13512 2 2 7 1 7355 7661 3578
13513 2 2 7 1 3362 5695 5694
13514 2 2 7 1 3340 7827 5679
13515 2 2 7 1 2315 7987 2358
13516 2 2 7 1 6789 7222 6788
13517 2 2 7 1 3392 6923 4810
13518 2 2 7 1 2462 6837 2464
13519 2 2 7 1 4835 8007 4834
13520 2 2 7 1 5882 7845 4626
13521 2 2 7 1 5621 7837 4714
13522 2 2 7 1 3011 7025 359
13523 2 2 7 1 1208 7256 5759
13524 2 2 7 1 5708 7751 5661
13525 2 2 7 1 3289 6866 5768
13526 2 2 7 1 6723 7215 4435
13527 2 2 7 1 3594 6665 3596
13528 2 2 7 1 5660 7267 5069
13529 2 2 7 1 5910 7152 2638
13530 2 2 7 1 3095 7851 6266
13531 2 2 7 1 5 4937 4932
13532 2 2 7 1 1657 6671 1659
13533 2 2 7 1 5686 7114 2497
13534 2 2 7 1 4678 6665 3594
13535 2 2 7 1 5842 6932 4594
13536 2 2 7 1 2067 7387 1744
13537 2 2 7 1 3548 7283 6784
13538 2 2 7 1 822 7656 821
13539 2 2 7 1 1919 7501 6020
13540 2 2 7 1 2226 3405 2224
13541 2 2 7 1 1721 6844 1769
13542 2 2 7 1 129 7627 128
13543 2 2 7 1 3623 6807 4126
13544 2 2 7 1 5 4932 3469
13545 2 2 7 1 4740 6776 4516
13546 2 2 7 1 1175 6822 1171
13547 2 2 7 1 1164 7418 6415
13548 2 2 7 1 4652 7424 6574
13549 2 2 7 1 2520 6828 2522
13550 2 2 7 1 3426 6358 3270
13551 2 2 7 1 2674 7778 2587
13552 2 2 7 1 1994 7561 6566
13553 2 2 7 1 202 7168 6186
13554 2 2 7 1 1188 7168 203
13555 2 2 7 1 4806 6899 4080
13556 2 2 7 1 1931 7702 7316
13557 2 2 7 1 2900 7400 2508
13558 2 2 7 1 2057 6850 1714
13559 2 2 7 1 4860 7709 5819
13560 2 2 7 1 3521 7593 4048
13561 2 2 7 1 5867 7615 4871
13562 2 2 7 1 4893 7676 5692
13563 2 2 7 1 4676 7461 6679
13564 2 2 7 1 2929 7032 7014
13565 2 2 7 1 6483 7635 4820
13566 2 2 7 1 6738 7024 269
13567 2 2 7 1 6164 7399 6165
13568 2 2 7 1 4119 6801 6800
13569 2 2 7 1 3482 7630 6476
13570 2 2 7 1 6816 7192 6454
13571 2 2 7 1 5113 7600 6382
13572 2 2 7 1 4396 6845 4393
13573 2 2 7 1 4769 7893 5963
13574 2 2 7 1 5110 7417 6130
13575 2 2 7 1 5130 7280 4443
13576 2 2 7 1 4060 7100 4946
13577 2 2 7 1 2834 7060 4709
13578 2 2 7 1 5009 6939 4513
13579 2 2 7 1 3902 6745 3486
13580 2 2 7 1 2128 8011 5855
13581 2 2 7 1 7469 7512 1989
13582 2 2 7 1 845 7291 844
13583 2 2 7 1 6929 7653 1473
13584 2 2 7 1 1259 1504 1
13585 2 2 7 1 92 7189 1234
13586 2 2 7 1 6263 7189 93
13587 2 2 7 1 1486 7927 2142
13588 2 2 7 1 7493 8017 4969
13589 2 2 7 1 7157 7660 4894
13590 2 2 7 1 6549 7411 6048
13591 2 2 7 1 3930 6900 3927
13592 2 2 7 1 5926 7633 7474
13593 2 2 7 1 7082 7594 5717
13594 2 2 7 1 4177 7743 7557
13595 2 2 7 1 949 7868 948
13596 2 2 7 1 4794 7975 5676
13597 2 2 7 1 5813 6600 3324
13598 2 2 7 1 5879 7612 4475
13599 2 2 7 1 6641 7460 4676
13600 2 2 7 1 5650 7175 4411
13601 2 2 7 1 2929 7014 568
13602 2 2 7 1 4762 6863 4763
13603 2 2 7 1 4196 8023 5666
13604 2 2 7 1 973 7881 972
13605 2 2 7 1 5824 6483 2975
13606 2 2 7 1 5792 6739 1191
13607 2 2 7 1 5821 6562 4000
13608 2 2 7 1 5790 6443 3493
13609 2 2 7 1 4893 7717 3065
13610 2 2 7 1 1934 7790 2219
13611 2 2 7 1 1190 7097 264
13612 2 2 7 1 2872 7037 3243
13613 2 2 7 1 4261 6510 4262
13614 2 2 7 1 5617 7759 4776
13615 2 2 7 1 4736 7417 6406
13616 2 2 7 1 5808 6503 4649
13617 2 2 7 1 4674 7761 6579
13618 2 2 7 1 1012 7901 1011
13619 2 2 7 1 1727 7820 5856
13620 2 2 7 1 4213 7125 6694
13621 2 2 7 1 4170 6996 4168
13622 2 2 7 1 5727 7357 4191
13623 2 2 7 1 2174 6743 6742
13624 2 2 7 1 1072 7586 2158
13625 2 2 7 1 4770 7244 5099
13626 2 2 7 1 4025 6960 4410
13627 2 2 7 1 1086 6675 6312
13628 2 2 7 1 1126 6872 6233
13629 2 2 7 1 922 4817 2964
13630 2 2 7 1 362 7342 4354
13631 2 2 7 1 3010 7342 363
13632 2 2 7 1 5843 6982 3314
13633 2 2 7 1 3160 7495 6090
13634 2 2 7 1 3408 6852 3419
13635 2 2 7 1 3565 6842 4927
13636 2 2 7 1 3684 6811 3682
13637 2 2 7 1 4870 7169 5051
13638 2 2 7 1 4605 6686 5849
13639 2 2 7 1 6510 6511 4262
13640 2 2 7 1 1233 6916 1281
13641 2 2 7 1 2990 5854 5853
13642 2 2 7 1 5830 5831 3098
13643 2 2 7 1 1085 7053 610
13644 2 2 7 1 7134 7135 3338
13645 2 2 7 1 1822 6625 1694
13646 2 2 7 1 6420 7946 6423
13647 2 2 7 1 805 6453 1371
13648 2 2 7 1 6196 6632 6126
13649 2 2 7 1 6784 7283 4419
13650 2 2 7 1 1181 6453 806
13651 2 2 7 1 6641 6642 3130
13652 2 2 7 1 6484 6667 4537
13653 2 2 7 1 4754 7649 6565
13654 2 2 7 1 5718 7787 4668
13655 2 2 7 1 4151 6734 4476
13656 2 2 7 1 3226 7708 5828
13657 2 2 7 1 221 7295 1126
13658 2 2 7 1 1643 6727 1645
13659 2 2 7 1 801 6417 3929
13660 2 2 7 1 5709 7116 2488
13661 2 2 7 1 1373 6456 808
13662 2 2 7 1 1963 7200 6712
13663 2 2 7 1 4380 7709 4860
13664 2 2 7 1 2581 6912 2583
13665 2 2 7 1 807 6456 1181
13666 2 2 7 1 3558 7661 3896
13667 2 2 7 1 776 7031 3209
13668 2 2 7 1 3518 6716 3517
13669 2 2 7 1 5872 6739 1877
13670 2 2 7 1 3108 5839 5838
13671 2 2 7 1 6614 7539 4429
13672 2 2 7 1 1583 6412 1580
13673 2 2 7 1 2108 6981 1625
13674 2 2 7 1 3913 7449 4617
13675 2 2 7 1 2201 7844 1371
13676 2 2 7 1 6170 7004 6205
13677 2 2 7 1 4384 6973 6972
13678 2 2 7 1 1165 6458 810
13679 2 2 7 1 3566 6729 3569
13680 2 2 7 1 6456 7956 6407
13681 2 2 7 1 809 6458 1373
13682 2 2 7 1 4649 5812 5808
13683 2 2 7 1 4462 6766 4464
13684 2 2 7 1 5847 5848 3394
13685 2 2 7 1 1640 6829 2040
13686 2 2 7 1 4205 6746 4203
13687 2 2 7 1 4633 7491 6140
13688 2 2 7 1 1143 5892 5891
13689 2 2 7 1 6990 7182 4452
13690 2 2 7 1 5917 5918 3085
13691 2 2 7 1 5039 5834 4350
13692 2 2 7 1 1144 5901 5900
13693 2 2 7 1 811 6464 1165
13694 2 2 7 1 4571 6731 6730
13695 2 2 7 1 1140 7367 6439
13696 2 2 7 1 6439 7367 6438
13697 2 2 7 1 5888 7640 4694
13698 2 2 7 1 6753 7887 1795
13699 2 2 7 1 3140 5932 5931
13700 2 2 7 1 1375 6464 812
13701 2 2 7 1 2962 6606 2976
13702 2 2 7 1 5958 5959 3142
13703 2 2 7 1 3527 7043 3505
13704 2 2 7 1 3083 6265 3087
13705 2 2 7 1 6199 6200 3011
13706 2 2 7 1 1301 5923 5922
13707 2 2 7 1 4042 7435 4034
13708 2 2 7 1 5965 6523 2947
13709 2 2 7 1 6093 7212 2924
13710 2 2 7 1 3144 5969 5968
13711 2 2 7 1 1474 8000 2132
13712 2 2 7 1 6963 7310 4275
13713 2 2 7 1 5997 5998 4352
13714 2 2 7 1 5973 5974 3145
13715 2 2 7 1 813 6470 1375
13716 2 2 7 1 5925 5926 1302
13717 2 2 7 1 5990 6903 4568
13718 2 2 7 1 6009 6010 2928
13719 2 2 7 1 3687 7401 3674
13720 2 2 7 1 4502 7298 4501
13721 2 2 7 1 6051 6052 3012
13722 2 2 7 1 6021 6690 3086
13723 2 2 7 1 3143 5972 5971
13724 2 2 7 1 6070 6071 3047
13725 2 2 7 1 1066 6796 5939
13726 2 2 7 1 5980 5981 3147
13727 2 2 7 1 3150 6035 6034
13728 2 2 7 1 5934 5935 1078
13729 2 2 7 1 6027 6943 3006
13730 2 2 7 1 3151 6030 6029
13731 2 2 7 1 6098 6631 4349
13732 2 2 7 1 2016 6725 2014
13733 2 2 7 1 4567 7328 4711
13734 2 2 7 1 3152 6920 6085
13735 2 2 7 1 630 7255 1201
13736 2 2 7 1 4457 7089 3194
13737 2 2 7 1 6124 6992 3161
13738 2 2 7 1 6154 6155 3032
13739 2 2 7 1 3282 6054 6053
13740 2 2 7 1 6074 6594 4545
13741 2 2 7 1 2933 6140 6139
13742 2 2 7 1 3175 6160 6159
13743 2 2 7 1 6092 6093 2924
13744 2 2 7 1 6137 6937 3179
13745 2 2 7 1 6111 6611 3155
13746 2 2 7 1 1139 6470 814
13747 2 2 7 1 6100 6101 3154
13748 2 2 7 1 3158 6153 6152
13749 2 2 7 1 6190 6191 3037
13750 2 2 7 1 3156 6073 6072
13751 2 2 7 1 6193 6194 3176
13752 2 2 7 1 6081 6082 3023
13753 2 2 7 1 3015 6179 6133
13754 2 2 7 1 3166 6181 6180
13755 2 2 7 1 6142 6821 3024
13756 2 2 7 1 3167 6113 6112
13757 2 2 7 1 4457 7732 7089
13758 2 2 7 1 6147 6148 2926
13759 2 2 7 1 3168 6913 6171
13760 2 2 7 1 6172 6834 3039
13761 2 2 7 1 6189 6534 3177
13762 2 2 7 1 3157 6077 6076
13763 2 2 7 1 1733 6839 1731
13764 2 2 7 1 5946 5947 1299
13765 2 2 7 1 1647 6757 1649
13766 2 2 7 1 4878 7385 5903
13767 2 2 7 1 6143 6144 3160
13768 2 2 7 1 5612 7475 4891
13769 2 2 7 1 2949 5876 2984
13770 2 2 7 1 4244 5897 5896
13771 2 2 7 1 6003 6004 1307
13772 2 2 7 1 6019 6020 1127
13773 2 2 7 1 6036 6037 1311
13774 2 2 7 1 6022 6023 1310
13775 2 2 7 1 815 6477 1139
13776 2 2 7 1 1069 6717 6049
13777 2 2 7 1 1314 6060 6059
13778 2 2 7 1 6067 6068 1185
13779 2 2 7 1 6001 6751 1147
13780 2 2 7 1 6065 6066 1315
13781 2 2 7 1 1376 6477 816
13782 2 2 7 1 1313 6549 6048
13783 2 2 7 1 6106 6299 1318
13784 2 2 7 1 3113 5890 5889
13785 2 2 7 1 1316 6402 6087
13786 2 2 7 1 6176 6177 1074
13787 2 2 7 1 5915 5916 4248
13788 2 2 7 1 6118 6119 1124
13789 2 2 7 1 6198 6846 1188
13790 2 2 7 1 6145 6146 6128
13791 2 2 7 1 6197 6656 1324
13792 2 2 7 1 6195 6196 1152
13793 2 2 7 1 5908 6614 3112
13794 2 2 7 1 6167 6706 1065
13795 2 2 7 1 4853 6525 6524
13796 2 2 7 1 1080 6986 6175
13797 2 2 7 1 6211 6212 1328
13798 2 2 7 1 6217 6566 1155
13799 2 2 7 1 6213 6214 1189
13800 2 2 7 1 6209 6270 1323
13801 2 2 7 1 6219 6220 1153
13802 2 2 7 1 6232 6773 1330
13803 2 2 7 1 6818 6947 1865
13804 2 2 7 1 6226 6693 1332
13805 2 2 7 1 6225 6669 1075
13806 2 2 7 1 6496 7777 1206
13807 2 2 7 1 6239 6799 1190
13808 2 2 7 1 3059 7442 542
13809 2 2 7 1 1339 6246 6245
13810 2 2 7 1 6448 7681 4803
13811 2 2 7 1 1157 6252 6251
13812 2 2 7 1 1061 6643 6249
13813 2 2 7 1 3755 7067 4699
13814 2 2 7 1 4697 6855 6673
13815 2 2 7 1 5945 6663 4624
13816 2 2 7 1 1181 6628 6453
13817 2 2 7 1 3466 6748 6332
13818 2 2 7 1 3747 6408 5886
13819 2 2 7 1 1337 6697 6269
13820 2 2 7 1 6254 6882 1338
13821 2 2 7 1 5942 5943 3213
13822 2 2 7 1 4977 7374 4936
13823 2 2 7 1 5066 7718 4712
13824 2 2 7 1 6377 7255 631
13825 2 2 7 1 6056 6057 3210
13826 2 2 7 1 5741 7347 1223
13827 2 2 7 1 5936 5937 3348
13828 2 2 7 1 6267 7365 757
13829 2 2 7 1 5887 7862 4935
13830 2 2 7 1 6121 6122 3201
13831 2 2 7 1 6164 6165 2938
13832 2 2 7 1 756 7365 3125
13833 2 2 7 1 7831 7832 6308
13834 2 2 7 1 820 6489 1131
13835 2 2 7 1 3744 6786 3742
13836 2 2 7 1 130 7721 129
13837 2 2 7 1 3722 7088 3545
13838 2 2 7 1 6532 7183 1847
13839 2 2 7 1 2953 7853 5902
13840 2 2 7 1 5956 6848 3347
13841 2 2 7 1 6094 6105 2109
13842 2 2 7 1 4620 7417 5110
13843 2 2 7 1 4271 6519 5055
13844 2 2 7 1 646 7081 1067
13845 2 2 7 1 2144 7667 2200
13846 2 2 7 1 915 7134 3338
13847 2 2 7 1 4892 6593 3588
13848 2 2 7 1 823 6496 1206
13849 2 2 7 1 4803 6970 6448
13850 2 2 7 1 4724 6655 6267
13851 2 2 7 1 5758 7343 1114
13852 2 2 7 1 5027 6995 6279
13853 2 2 7 1 2192 7219 1176
13854 2 2 7 1 4853 7988 6525
13855 2 2 7 1 1353 6433 81
13856 2 2 7 1 80 6433 1178
13857 2 2 7 1 1178 6436 79
13858 2 2 7 1 82 6440 1353
13859 2 2 7 1 1555 6437 74
13860 2 2 7 1 6436 6442 78
13861 2 2 7 1 1140 6440 83
13862 2 2 7 1 1191 6438 86
13863 2 2 7 1 75 6441 1555
13864 2 2 7 1 77 6442 1231
13865 2 2 7 1 1231 6441 76
13866 2 2 7 1 1686 6727 1643
13867 2 2 7 1 3215 6504 6277
13868 2 2 7 1 2473 7099 2476
13869 2 2 7 1 1941 7229 1940
13870 2 2 7 1 6286 6622 3214
13871 2 2 7 1 5775 7863 4864
13872 2 2 7 1 3493 7394 856
13873 2 2 7 1 4750 7508 6191
13874 2 2 7 1 6302 6303 1343
13875 2 2 7 1 6298 6513 1168
13876 2 2 7 1 6304 6647 1192
13877 2 2 7 1 6319 6320 1132
13878 2 2 7 1 6533 7093 5782
13879 2 2 7 1 4193 6605 3772
13880 2 2 7 1 6316 6317 1352
13881 2 2 7 1 1761 6782 1758
13882 2 2 7 1 6305 6306 1133
13883 2 2 7 1 6321 6636 1082
13884 2 2 7 1 1125 7009 6183
13885 2 2 7 1 4027 6960 4025
13886 2 2 7 1 2646 6956 2649
13887 2 2 7 1 6407 7956 1892
13888 2 2 7 1 6283 6473 3339
13889 2 2 7 1 6127 7030 1151
13890 2 2 7 1 1093 6508 825
13891 2 2 7 1 3294 6797 3296
13892 2 2 7 1 6708 7852 2001
13893 2 2 7 1 5002 7941 3040
13894 2 2 7 1 357 7813 4445
13895 2 2 7 1 1351 6337 6336
13896 2 2 7 1 3762 6809 3746
13897 2 2 7 1 4629 7609 5959
13898 2 2 7 1 3307 6595 3306
13899 2 2 7 1 6354 6356 6355
13900 2 2 7 1 1349 6345 6344
13901 2 2 7 1 1177 1380 10
13902 2 2 7 1 1326 6950 6210
13903 2 2 7 1 5693 6809 4199
13904 2 2 7 1 1870 7691 6726
13905 2 2 7 1 3475 6800 3477
13906 2 2 7 1 3433 7358 893
13907 2 2 7 1 3106 7438 726
13908 2 2 7 1 6362 6598 1060
13909 2 2 7 1 854 7268 1251
13910 2 2 7 1 6370 6617 1355
13911 2 2 7 1 1357 6577 6384
13912 2 2 7 1 5360 7713 5914
13913 2 2 7 1 1505 6815 1507
13914 2 2 7 1 4772 6801 4119
13915 2 2 7 1 4339 7023 6836
13916 2 2 7 1 5649 7416 4525
13917 2 2 7 1 1049 6961 6204
13918 2 2 7 1 6153 7430 6152
13919 2 2 7 1 6468 6753 1795
13920 2 2 7 1 826 6515 1093
13921 2 2 7 1 3567 6729 3566
13922 2 2 7 1 4689 7888 4948
13923 2 2 7 1 4978 7935 7388
13924 2 2 7 1 2159 7363 1931
13925 2 2 7 1 1509 6819 1511
13926 2 2 7 1 6399 6538 1063
13927 2 2 7 1 128 7627 1051
13928 2 2 7 1 1413 6471 2678
13929 2 2 7 1 5052 6932 3526
13930 2 2 7 1 5008 7204 7203
13931 2 2 7 1 2145 7217 1205
13932 2 2 7 1 5580 7298 5829
13933 2 2 7 1 6101 7521 4703
13934 2 2 7 1 6227 7078 1156
13935 2 2 7 1 2932 6707 6141
13936 2 2 7 1 3329 6498 3332
13937 2 2 7 1 4499 6991 4496
13938 2 2 7 1 5932 7994 5933
13939 2 2 7 1 591 7862 5887
13940 2 2 7 1 1563 6829 1595
13941 2 2 7 1 3309 6867 3315
13942 2 2 7 1 4748 6892 4026
13943 2 2 7 1 2112 7350 1943
13944 2 2 7 1 1207 6522 828
13945 2 2 7 1 1164 6415 6414
13946 2 2 7 1 1447 6833 1449
13947 2 2 7 1 6574 7424 1106
13948 2 2 7 1 6774 7295 222
13949 2 2 7 1 2915 6744 2914
13950 2 2 7 1 1853 6929 1705
13951 2 2 7 1 7029 7801 1791
13952 2 2 7 1 1869 6726 2060
13953 2 2 7 1 3479 6842 3481
13954 2 2 7 1 849 7419 848
13955 2 2 7 1 6256 7326 4664
13956 2 2 7 1 829 6529 1207
13957 2 2 7 1 4471 7082 5717
13958 2 2 7 1 2154 7054 6425
13959 2 2 7 1 1315 7721 130
13960 2 2 7 1 1827 7405 6681
13961 2 2 7 1 7021 7791 1903
13962 2 2 7 1 1722 7919 2058
13963 2 2 7 1 3379 7961 6989
13964 2 2 7 1 5010 7018 4517
13965 2 2 7 1 1194 7599 21
13966 2 2 7 1 4219 6672 6633
13967 2 2 7 1 2055 7165 2152
13968 2 2 7 1 6883 7091 4540
13969 2 2 7 1 3337 7003 3343
13970 2 2 7 1 4436 6940 5023
13971 2 2 7 1 1851 7515 2199
13972 2 2 7 1 5918 7213 5919
13973 2 2 7 1 2524 6975 2526
13974 2 2 7 1 1403 6529 830
13975 2 2 7 1 3507 7130 3510
13976 2 2 7 1 824 6508 6496
13977 2 2 7 1 5705 6523 5965
13978 2 2 7 1 6174 7077 1319
13979 2 2 7 1 6425 7537 1607
13980 2 2 7 1 1610 7225 1559
13981 2 2 7 1 4358 7147 3974
13982 2 2 7 1 6560 6678 4634
13983 2 2 7 1 2058 7919 1966
13984 2 2 7 1 1361 7339 1386
13985 2 2 7 1 1263 6858 1174
13986 2 2 7 1 3556 7517 3393
13987 2 2 7 1 3272 6861 3274
13988 2 2 7 1 6094 7368 1316
13989 2 2 7 1 3223 7664 7008
13990 2 2 7 1 7332 7911 3190
13991 2 2 7 1 6445 7236 5786
13992 2 2 7 1 3460 6880 3907
13993 2 2 7 1 3276 6866 3280
13994 2 2 7 1 1756 6782 2092
13995 2 2 7 1 3421 7216 5073
13996 2 2 7 1 724 7884 3134
13997 2 2 7 1 262 7965 1087
13998 2 2 7 1 6450 7239 4468
13999 2 2 7 1 831 6537 1403
14000 2 2 7 1 1730 6623 1620
14001 2 2 7 1 3000 6856 2998
14002 2 2 7 1 3092 6869 3090
14003 2 2 7 1 1175 6823 6822
14004 2 2 7 1 1227 6787 1972
14005 2 2 7 1 6709 6989 4507
14006 2 2 7 1 5771 7306 3716
14007 2 2 7 1 1513 7405 1537
14008 2 2 7 1 4972 6990 4006
14009 2 2 7 1 847 7454 846
14010 2 2 7 1 608 7619 1200
14011 2 2 7 1 1134 6537 832
14012 2 2 7 1 3516 7354 3519
14013 2 2 7 1 358 7813 357
14014 2 2 7 1 1852 7571 7164
14015 2 2 7 1 4224 6788 6447
14016 2 2 7 1 6308 7832 1922
14017 2 2 7 1 3740 6876 3730
14018 2 2 7 1 2215 6691 1130
14019 2 2 7 1 7153 7725 3327
14020 2 2 7 1 7416 7753 4525
14021 2 2 7 1 3417 7550 3582
14022 2 2 7 1 3611 6838 4279
14023 2 2 7 1 7038 7666 4585
14024 2 2 7 1 4117 6887 4123
14025 2 2 7 1 1962 7943 7940
14026 2 2 7 1 833 6545 1134
14027 2 2 7 1 4858 7172 3719
14028 2 2 7 1 1524 6884 1522
14029 2 2 7 1 5599 7542 6703
14030 2 2 7 1 1239 7080 1236
14031 2 2 7 1 891 8010 2994
14032 2 2 7 1 1099 6710 1097
14033 2 2 7 1 1267 6886 1265
14034 2 2 7 1 6296 6314 5856
14035 2 2 7 1 1404 6545 834
14036 2 2 7 1 7683 7684 4383
14037 2 2 7 1 4950 7253 4949
14038 2 2 7 1 2563 6692 2544
14039 2 2 7 1 1415 6890 1417
14040 2 2 7 1 3223 7007 6816
14041 2 2 7 1 4591 6649 4183
14042 2 2 7 1 3604 6597 3607
14043 2 2 7 1 3070 6891 3068
14044 2 2 7 1 1077 7139 6178
14045 2 2 7 1 1441 6894 1443
14046 2 2 7 1 827 6522 6515
14047 2 2 7 1 2736 7073 2772
14048 2 2 7 1 3679 6652 3670
14049 2 2 7 1 1538 6906 1526
14050 2 2 7 1 3074 6902 3072
14051 2 2 7 1 5585 6578 4669
14052 2 2 7 1 4281 6955 4216
14053 2 2 7 1 3441 6931 3443
14054 2 2 7 1 4587 7618 5712
14055 2 2 7 1 3249 6904 3251
14056 2 2 7 1 1883 6628 6407
14057 2 2 7 1 3593 6729 4786
14058 2 2 7 1 3253 6908 3255
14059 2 2 7 1 3365 7812 7745
14060 2 2 7 1 4818 7275 5032
14061 2 2 7 1 1276 6917 1269
14062 2 2 7 1 1419 6914 1421
14063 2 2 7 1 5787 7127 2479
14064 2 2 7 1 7699 7897 7700
14065 2 2 7 1 1700 6909 1702
14066 2 2 7 1 2931 7145 2940
14067 2 2 7 1 3263 6921 3266
14068 2 2 7 1 835 6551 1404
14069 2 2 7 1 3538 7042 3495
14070 2 2 7 1 1977 7763 6495
14071 2 2 7 1 3321 6930 3323
14072 2 2 7 1 1423 6924 1425
14073 2 2 7 1 1439 6895 1441
14074 2 2 7 1 2742 6948 6236
14075 2 2 7 1 5101 7683 4814
14076 2 2 7 1 3576 6993 4636
14077 2 2 7 1 6284 6603 6285
14078 2 2 7 1 1427 6926 1429
14079 2 2 7 1 4901 7992 5084
14080 2 2 7 1 1457 6918 1459
14081 2 2 7 1 4253 7843 6520
14082 2 2 7 1 1652 6757 2011
14083 2 2 7 1 4040 6987 4038
14084 2 2 7 1 592 7862 591
14085 2 2 7 1 1226 7017 1726
14086 2 2 7 1 4572 7909 7605
14087 2 2 7 1 2538 7167 6507
14088 2 2 7 1 1431 6933 1433
14089 2 2 7 1 3708 6570 3689
14090 2 2 7 1 3944 8008 3946
14091 2 2 7 1 6458 6660 1373
14092 2 2 7 1 5969 7698 4398
14093 2 2 7 1 1451 7396 1482
14094 2 2 7 1 4010 7392 5113
14095 2 2 7 1 6328 7874 17
14096 2 2 7 1 1136 6708 1128
14097 2 2 7 1 5629 7896 4923
14098 2 2 7 1 3052 6944 3045
14099 2 2 7 1 850 7597 849
14100 2 2 7 1 4332 7304 4054
14101 2 2 7 1 4356 7415 6705
14102 2 2 7 1 2569 6666 2670
14103 2 2 7 1 3395 6798 6797
14104 2 2 7 1 1375 6465 6464
14105 2 2 7 1 1407 6945 1409
14106 2 2 7 1 6258 7986 4979
14107 2 2 7 1 1857 6947 1855
14108 2 2 7 1 3355 7026 3357
14109 2 2 7 1 4246 7006 4243
14110 2 2 7 1 3495 7042 3497
14111 2 2 7 1 4975 7192 4251
14112 2 2 7 1 1257 7316 2184
14113 2 2 7 1 3458 7936 3455
14114 2 2 7 1 2532 7050 2534
14115 2 2 7 1 4266 6732 5022
14116 2 2 7 1 4415 6645 4419
14117 2 2 7 1 1625 6981 1627
14118 2 2 7 1 6236 7362 2653
14119 2 2 7 1 3644 6979 3646
14120 2 2 7 1 6148 7101 6149
14121 2 2 7 1 1335 7259 6770
14122 2 2 7 1 6417 6484 4537
14123 2 2 7 1 1851 7685 6006
14124 2 2 7 1 3505 7043 3531
14125 2 2 7 1 2009 7179 6359
14126 2 2 7 1 541 7442 6847
14127 2 2 7 1 6386 6766 4462
14128 2 2 7 1 1353 6434 6433
14129 2 2 7 1 6742 6743 1195
14130 2 2 7 1 4834 8007 5740
14131 2 2 7 1 6508 6509 6496
14132 2 2 7 1 6779 7564 4648
14133 2 2 7 1 4119 6800 3475
14134 2 2 7 1 6790 6958 5054
14135 2 2 7 1 17 7874 16
14136 2 2 7 1 2992 7672 3408
14137 2 2 7 1 3896 7661 5907
14138 2 2 7 1 7499 7926 1831
14139 2 2 7 1 4514 6626 4511
14140 2 2 7 1 2969 7085 5911
14141 2 2 7 1 4701 7518 6101
14142 2 2 7 1 3304 7057 3307
14143 2 2 7 1 2830 7638 7404
14144 2 2 7 1 6563 6564 3221
14145 2 2 7 1 6670 6697 1912
14146 2 2 7 1 2138 7427 1856
14147 2 2 7 1 5637 6460 5711
14148 2 2 7 1 5665 6487 5666
14149 2 2 7 1 3710 7034 4882
14150 2 2 7 1 6647 7350 2112
14151 2 2 7 1 6749 7854 4657
14152 2 2 7 1 1551 7872 7251
14153 2 2 7 1 2670 6754 2571
14154 2 2 7 1 1284 6916 1516
14155 2 2 7 1 3335 6936 3397
14156 2 2 7 1 7198 7763 1977
14157 2 2 7 1 3050 7011 6237
14158 2 2 7 1 804 7844 803
14159 2 2 7 1 1978 7688 7282
14160 2 2 7 1 3968 6542 4211
14161 2 2 7 1 4938 7640 4934
14162 2 2 7 1 4232 6983 4230
14163 2 2 7 1 1601 6814 6250
14164 2 2 7 1 5795 7743 2523
14165 2 2 7 1 2971 7079 2973
14166 2 2 7 1 1969 7590 6799
14167 2 2 7 1 4562 7046 4563
14168 2 2 7 1 4041 6987 5030
14169 2 2 7 1 7009 7790 1934
14170 2 2 7 1 6540 7628 1118
14171 2 2 7 1 2987 7780 7750
14172 2 2 7 1 4695 7248 4258
14173 2 2 7 1 1403 6530 6529
14174 2 2 7 1 7475 7861 6160
14175 2 2 7 1 1988 7445 5901
14176 2 2 7 1 6221 6230 2166
14177 2 2 7 1 2904 7988 6764
14178 2 2 7 1 2024 7375 2072
14179 2 2 7 1 3699 7092 3697
14180 2 2 7 1 2637 7098 2639
14181 2 2 7 1 3705 6760 3703
14182 2 2 7 1 3373 7150 3384
14183 2 2 7 1 2677 6833 1447
14184 2 2 7 1 3941 6654 3944
14185 2 2 7 1 2954 7076 2956
14186 2 2 7 1 1754 7086 1752
14187 2 2 7 1 2952 7144 2982
14188 2 2 7 1 1149 6582 837
14189 2 2 7 1 2951 7144 2952
14190 2 2 7 1 4495 6747 6746
14191 2 2 7 1 4283 6959 4281
14192 2 2 7 1 2086 6787 1227
14193 2 2 7 1 3446 6832 3448
14194 2 2 7 1 4882 7955 6570
14195 2 2 7 1 6901 7783 4663
14196 2 2 7 1 6767 6956 2646
14197 2 2 7 1 2555 7096 2557
14198 2 2 7 1 4203 6746 5715
14199 2 2 7 1 725 7884 724
14200 2 2 7 1 3934 7124 3932
14201 2 2 7 1 2510 7110 2512
14202 2 2 7 1 4871 7434 5857
14203 2 2 7 1 3985 7140 3989
14204 2 2 7 1 1687 7794 2049
14205 2 2 7 1 5012 7320 6863
14206 2 2 7 1 2546 7126 2548
14207 2 2 7 1 4267 7044 6732
14208 2 2 7 1 1487 7462 6844
14209 2 2 7 1 6136 7166 3178
14210 2 2 7 1 2497 7114 2499
14211 2 2 7 1 2488 7116 2490
14212 2 2 7 1 6470 8021 6466
14213 2 2 7 1 2479 7127 2481
14214 2 2 7 1 1976 7281 1158
14215 2 2 7 1 7565 7648 6898
14216 2 2 7 1 6521 7935 3975
14217 2 2 7 1 6615 6616 2915
14218 2 2 7 1 4513 6939 4515
14219 2 2 7 1 2466 7131 2470
14220 2 2 7 1 6605 6734 4151
14221 2 2 7 1 2901 7695 2674
14222 2 2 7 1 20 7599 6840
14223 2 2 7 1 1131 7245 819
14224 2 2 7 1 7337 7909 4572
14225 2 2 7 1 2912 7414 2913
14226 2 2 7 1 4324 7058 4325
14227 2 2 7 1 6911 7025 3011
14228 2 2 7 1 5624 7637 5845
14229 2 2 7 1 7494 7629 4729
14230 2 2 7 1 1345 6994 6329
14231 2 2 7 1 5060 8023 7828
14232 2 2 7 1 1184 7646 2053
14233 2 2 7 1 5965 5966 5705
14234 2 2 7 1 4486 7178 5909
14235 2 2 7 1 5060 7828 4933
14236 2 2 7 1 6822 7017 1167
14237 2 2 7 1 3386 7605 5720
14238 2 2 7 1 4083 7764 4408
14239 2 2 7 1 3903 6761 4818
14240 2 2 7 1 1921 7526 6004
14241 2 2 7 1 6654 7979 4547
14242 2 2 7 1 5725 7132 4551
14243 2 2 7 1 6066 7906 1998
14244 2 2 7 1 4127 7921 5112
14245 2 2 7 1 4615 6764 2869
14246 2 2 7 1 1821 7874 6328
14247 2 2 7 1 4234 6984 4232
14248 2 2 7 1 6495 7763 1677
14249 2 2 7 1 3642 7013 3644
14250 2 2 7 1 3974 7147 3977
14251 2 2 7 1 3470 6832 5866
14252 2 2 7 1 263 7965 262
14253 2 2 7 1 5632 7075 2850
14254 2 2 7 1 4258 6887 4117
14255 2 2 7 1 84 7367 1140
14256 2 2 7 1 6438 7367 85
14257 2 2 7 1 1437 7404 1439
14258 2 2 7 1 4865 6991 4499
14259 2 2 7 1 1884 6757 1647
14260 2 2 7 1 5793 6739 5792
14261 2 2 7 1 4009 7392 4010
14262 2 2 7 1 5631 7833 4763
14263 2 2 7 1 1868 7736 5823
14264 2 2 7 1 4761 7833 5929
14265 2 2 7 1 6871 7151 4618
14266 2 2 7 1 6511 6768 4526
14267 2 2 7 1 3742 6786 3905
14268 2 2 7 1 4874 7045 4267
14269 2 2 7 1 1388 6603 6284
14270 2 2 7 1 4213 6682 4212
14271 2 2 7 1 2139 7229 1941
14272 2 2 7 1 1174 6858 4019
14273 2 2 7 1 6846 7534 1899
14274 2 2 7 1 3648 7019 3650
14275 2 2 7 1 4510 6709 4506
14276 2 2 7 1 6525 7988 2786
14277 2 2 7 1 3978 7107 6351
14278 2 2 7 1 5819 7709 4811
14279 2 2 7 1 7407 7408 4900
14280 2 2 7 1 4330 7414 2912
14281 2 2 7 1 4715 7332 4716
14282 2 2 7 1 3578 7661 3558
14283 2 2 7 1 3599 6665 4435
14284 2 2 7 1 6165 7399 7039
14285 2 2 7 1 7108 7149 4540
14286 2 2 7 1 2573 7070 2575
14287 2 2 7 1 2515 7110 6998
14288 2 2 7 1 836 6582 6551
14289 2 2 7 1 838 6653 1149
14290 2 2 7 1 6703 7542 5060
14291 2 2 7 1 3661 6792 4014
14292 2 2 7 1 6804 6805 3965
14293 2 2 7 1 3173 7084 6107
14294 2 2 7 1 6358 6861 3272
14295 2 2 7 1 4239 7028 4236
14296 2 2 7 1 6998 7110 4868
14297 2 2 7 1 6285 6623 1730
14298 2 2 7 1 3652 7027 3654
14299 2 2 7 1 4487 7907 5801
14300 2 2 7 1 3596 6665 3599
14301 2 2 7 1 5740 8007 1180
14302 2 2 7 1 4732 7614 7391
14303 2 2 7 1 6589 7651 5811
14304 2 2 7 1 6815 6893 1890
14305 2 2 7 1 7119 7886 2901
14306 2 2 7 1 4993 7269 4599
14307 2 2 7 1 6872 7801 1982
14308 2 2 7 1 3996 7795 7213
14309 2 2 7 1 4262 7057 3303
14310 2 2 7 1 6144 7892 5018
14311 2 2 7 1 1659 6671 1663
14312 2 2 7 1 5129 7645 5806
14313 2 2 7 1 6653 6864 1149
14314 2 2 7 1 1371 7844 804
14315 2 2 7 1 2003 6625 2005
14316 2 2 7 1 6447 7381 3951
14317 2 2 7 1 6595 6867 3309
14318 2 2 7 1 6509 7777 6496
14319 2 2 7 1 4257 7040 4433
14320 2 2 7 1 6469 7621 4102
14321 2 2 7 1 5017 6953 6748
14322 2 2 7 1 1663 6671 1901
14323 2 2 7 1 4774 7549 5725
14324 2 2 7 1 2825 7104 2908
14325 2 2 7 1 1206 7656 822
14326 2 2 7 1 2998 6856 3238
14327 2 2 7 1 4555 6898 5989
14328 2 2 7 1 3987 7140 3985
14329 2 2 7 1 3400 6936 3334
14330 2 2 7 1 3504 7855 3554
14331 2 2 7 1 6144 7495 3160
14332 2 2 7 1 6726 7691 2060
14333 2 2 7 1 4717 7335 7334
14334 2 2 7 1 5128 6996 4170
14335 2 2 7 1 5131 7733 4586
14336 2 2 7 1 6555 7380 4996
14337 2 2 7 1 4033 6610 6541
14338 2 2 7 1 3537 6715 1261
14339 2 2 7 1 2976 6606 3738
14340 2 2 7 1 4270 7325 3939
14341 2 2 7 1 4333 7159 4331
14342 2 2 7 1 6295 7111 1194
14343 2 2 7 1 1472 6653 839
14344 2 2 7 1 4196 7951 7829
14345 2 2 7 1 3526 6932 5842
14346 2 2 7 1 2830 7404 1437
14347 2 2 7 1 5098 6958 6705
14348 2 2 7 1 892 8010 891
14349 2 2 7 1 1667 7246 2221
14350 2 2 7 1 6874 7185 1748
14351 2 2 7 1 2151 7225 1610
14352 2 2 7 1 4852 7297 6852
14353 2 2 7 1 4643 6652 3679
14354 2 2 7 1 5641 7717 4893
14355 2 2 7 1 3746 6809 5028
14356 2 2 7 1 1892 7956 6660
14357 2 2 7 1 6374 7066 1198
14358 2 2 7 1 4756 7574 7402
14359 2 2 7 1 6806 7369 5675
14360 2 2 7 1 3122 7072 3119
14361 2 2 7 1 3697 7092 6520
14362 2 2 7 1 4992 7420 4892
14363 2 2 7 1 5765 7693 1120
14364 2 2 7 1 6645 6646 4419
14365 2 2 7 1 3292 7669 3395
14366 2 2 7 1 3395 6797 3294
14367 2 2 7 1 3353 7051 3355
14368 2 2 7 1 3456 7118 4790
14369 2 2 7 1 5714 7016 4427
14370 2 2 7 1 2117 7720 1094
14371 2 2 7 1 1978 7282 6495
14372 2 2 7 1 2476 7099 4757
14373 2 2 7 1 3171 7234 6116
14374 2 2 7 1 2167 7587 7279
14375 2 2 7 1 5810 7745 6684
14376 2 2 7 1 2768 7098 2637
14377 2 2 7 1 4120 6721 6535
14378 2 2 7 1 3957 6785 3964
14379 2 2 7 1 4055 7100 4050
14380 2 2 7 1 3371 6779 6778
14381 2 2 7 1 6191 7389 4750
14382 2 2 7 1 6861 6862 3377
14383 2 2 7 1 1726 6916 1233
14384 2 2 7 1 4026 6892 4028
14385 2 2 7 1 1542 7606 1540
14386 2 2 7 1 6750 7854 4141
14387 2 2 7 1 1976 7282 7281
14388 2 2 7 1 4163 7593 3521
14389 2 2 7 1 7891 7948 5815
14390 2 2 7 1 4543 7439 5839
14391 2 2 7 1 6694 7125 3961
14392 2 2 7 1 6880 6881 4437
14393 2 2 7 1 6084 7683 5101
14394 2 2 7 1 4073 7177 4068
14395 2 2 7 1 2923 7133 6129
14396 2 2 7 1 821 7656 6489
14397 2 2 7 1 6961 7560 1923
14398 2 2 7 1 1593 6815 1505
14399 2 2 7 1 7025 7813 358
14400 2 2 7 1 6223 7199 1333
14401 2 2 7 1 6382 7600 4460
14402 2 2 7 1 4433 7088 3722
14403 2 2 7 1 4731 7846 6631
14404 2 2 7 1 2014 6725 2180
14405 2 2 7 1 1950 7538 6252
14406 2 2 7 1 4152 7037 2870
14407 2 2 7 1 3316 7136 5833
14408 2 2 7 1 3371 6778 3319
14409 2 2 7 1 6863 7320 2355
14410 2 2 7 1 7053 7619 609
14411 2 2 7 1 1890 6819 1509
14412 2 2 7 1 6340 6849 4591
14413 2 2 7 1 840 6688 1472
14414 2 2 7 1 4148 7837 5621
14415 2 2 7 1 2030 7607 6561
14416 2 2 7 1 4020 7744 6858
14417 2 2 7 1 7284 8018 3472
14418 2 2 7 1 3146 7285 5967
14419 2 2 7 1 7197 7198 2089
14420 2 2 7 1 7850 7943 2022
14421 2 2 7 1 6439 7514 1140
14422 2 2 7 1 2851 7073 2736
14423 2 2 7 1 6489 7656 6493
14424 2 2 7 1 1750 7259 6874
14425 2 2 7 1 6657 7644 1912
14426 2 2 7 1 6200 6911 3011
14427 2 2 7 1 3232 7756 6444
14428 2 2 7 1 2464 6837 2468
14429 2 2 7 1 4334 7153 6946
14430 2 2 7 1 6904 6905 3278
14431 2 2 7 1 2588 7113 6996
14432 2 2 7 1 1565 7405 1513
14433 2 2 7 1 3493 7718 7394
14434 2 2 7 1 1216 7775 6467
14435 2 2 7 1 1827 6829 1563
14436 2 2 7 1 4495 6991 6747
14437 2 2 7 1 4014 6792 6556
14438 2 2 7 1 1141 7852 1136
14439 2 2 7 1 1261 6715 1271
14440 2 2 7 1 6858 7210 4019
14441 2 2 7 1 6897 7872 2085
14442 2 2 7 1 7512 7865 1989
14443 2 2 7 1 2185 7218 2145
14444 2 2 7 1 6493 7656 1206
14445 2 2 7 1 3954 7610 3947
14446 2 2 7 1 2522 6828 2658
14447 2 2 7 1 4663 7783 6256
14448 2 2 7 1 3715 6880 3460
14449 2 2 7 1 6455 7805 1400
14450 2 2 7 1 7474 7633 1953
14451 2 2 7 1 3365 7052 7051
14452 2 2 7 1 4476 6734 4725
14453 2 2 7 1 1601 7644 6657
14454 2 2 7 1 1852 7164 6934
14455 2 2 7 1 6041 7313 3061
14456 2 2 7 1 3975 7935 4978
14457 2 2 7 1 1645 6727 1884
14458 2 2 7 1 4367 6842 3479
14459 2 2 7 1 5606 7936 7594
14460 2 2 7 1 2485 7290 2848
14461 2 2 7 1 3982 7221 4546
14462 2 2 7 1 3673 7826 3398
14463 2 2 7 1 3010 7938 6202
14464 2 2 7 1 1316 7368 6402
14465 2 2 7 1 5811 7651 5809
14466 2 2 7 1 1068 7224 5992
14467 2 2 7 1 855 7394 7268
14468 2 2 7 1 4267 6732 4266
14469 2 2 7 1 2109 7368 6094
14470 2 2 7 1 4563 6845 4396
14471 2 2 7 1 3569 6729 3593
14472 2 2 7 1 1154 7288 6215
14473 2 2 7 1 7263 7703 1440
14474 2 2 7 1 6841 7841 5092
14475 2 2 7 1 7068 7451 1629
14476 2 2 7 1 6327 7138 1344
14477 2 2 7 1 4736 7608 6130
14478 2 2 7 1 7203 7204 4611
14479 2 2 7 1 3290 7890 6517
14480 2 2 7 1 1783 8003 6568
14481 2 2 7 1 6607 6785 6609
14482 2 2 7 1 2019 6725 2016
14483 2 2 7 1 4495 6746 4205
14484 2 2 7 1 4941 7971 7327
14485 2 2 7 1 1901 7998 7246
14486 2 2 7 1 5106 6958 6790
14487 2 2 7 1 5933 7994 5952
14488 2 2 7 1 3688 6811 3684
14489 2 2 7 1 4744 7990 4741
14490 2 2 7 1 4464 6766 4884
14491 2 2 7 1 4540 7091 4539
14492 2 2 7 1 6744 6860 4768
14493 2 2 7 1 4215 7804 6873
14494 2 2 7 1 4038 6987 4041
14495 2 2 7 1 1145 7348 6271
14496 2 2 7 1 6727 7180 1884
14497 2 2 7 1 6173 7264 6161
14498 2 2 7 1 4065 6760 3705
14499 2 2 7 1 6585 7903 4516
14500 2 2 7 1 6688 7062 1472
14501 2 2 7 1 6578 6612 4530
14502 2 2 7 1 5644 7090 4276
14503 2 2 7 1 3631 7095 3633
14504 2 2 7 1 4638 6963 6962
14505 2 2 7 1 7344 7658 7569
14506 2 2 7 1 5729 7750 4858
14507 2 2 7 1 4963 7230 5960
14508 2 2 7 1 1649 6757 1652
14509 2 2 7 1 3129 7121 3124
14510 2 2 7 1 5798 7324 3325
14511 2 2 7 1 3395 7669 7370
14512 2 2 7 1 5959 7609 4749
14513 2 2 7 1 6590 7250 4653
14514 2 2 7 1 1169 7796 2116
14515 2 2 7 1 1748 7185 1238
14516 2 2 7 1 1129 7240 1137
14517 2 2 7 1 1855 7653 1853
14518 2 2 7 1 3510 7130 5815
14519 2 2 7 1 3419 6852 4142
14520 2 2 7 1 2494 7277 2854
14521 2 2 7 1 4829 7541 5854
14522 2 2 7 1 4287 7060 2834
14523 2 2 7 1 2552 7265 2842
14524 2 2 7 1 4980 7479 6620
14525 2 2 7 1 3090 6869 6265
14526 2 2 7 1 7782 7937 6707
14527 2 2 7 1 3444 6931 3441
14528 2 2 7 1 6979 6980 3658
14529 2 2 7 1 2913 7414 6985
14530 2 2 7 1 4045 7993 5047
14531 2 2 7 1 3963 6900 3930
14532 2 2 7 1 3703 6760 3707
14533 2 2 7 1 3115 7353 5898
14534 2 2 7 1 7524 7841 6841
14535 2 2 7 1 3377 6866 3276
14536 2 2 7 1 6006 7685 1602
14537 2 2 7 1 5028 6786 3744
14538 2 2 7 1 1800 6839 1733
14539 2 2 7 1 1182 6783 842
14540 2 2 7 1 4719 7413 6999
14541 2 2 7 1 4215 7171 4208
14542 2 2 7 1 6466 7485 6465
14543 2 2 7 1 3464 7158 3466
14544 2 2 7 1 2579 7396 1451
14545 2 2 7 1 7097 7965 263
14546 2 2 7 1 1488 7697 2146
14547 2 2 7 1 3734 7160 4876
14548 2 2 7 1 1120 7693 6699
14549 2 2 7 1 6681 7405 1565
14550 2 2 7 1 2658 6975 2524
14551 2 2 7 1 2468 7131 2466
14552 2 2 7 1 2216 6691 2215
14553 2 2 7 1 2583 6912 2636
14554 2 2 7 1 7325 7326 3952
14555 2 2 7 1 2115 7350 6647
14556 2 2 7 1 6948 7362 6236
14557 2 2 7 1 5773 7673 4693
14558 2 2 7 1 2060 6782 1761
14559 2 2 7 1 1770 6844 1721
14560 2 2 7 1 6684 7812 3349
14561 2 2 7 1 1160 7398 6324
14562 2 2 7 1 3109 7894 3103
14563 2 2 7 1 6790 7067 2856
14564 2 2 7 1 3296 6797 3299
14565 2 2 7 1 1885 7697 1887
14566 2 2 7 1 4399 6792 3661
14567 2 2 7 1 843 6813 1182
14568 2 2 7 1 6837 6843 2468
14569 2 2 7 1 4199 6809 3762
14570 2 2 7 1 4409 7690 5684
14571 2 2 7 1 3730 6876 4339
14572 2 2 7 1 4671 7588 4930
14573 2 2 7 1 5784 7608 4736
14574 2 2 7 1 2940 7145 3736
14575 2 2 7 1 1522 6884 1805
14576 2 2 7 1 1195 7240 1129
14577 2 2 7 1 7013 8006 6979
14578 2 2 7 1 3477 6800 4367
14579 2 2 7 1 2006 7671 2003
14580 2 2 7 1 1714 6850 1852
14581 2 2 7 1 2772 7073 2871
14582 2 2 7 1 1551 7251 1546
14583 2 2 7 1 4683 7628 6540
14584 2 2 7 1 1507 6815 1890
14585 2 2 7 1 3582 7550 4193
14586 2 2 7 1 4894 7738 7157
14587 2 2 7 1 3592 7681 6448
14588 2 2 7 1 3198 7146 3196
14589 2 2 7 1 1265 6886 4020
14590 2 2 7 1 1258 7585 2168
14591 2 2 7 1 2678 6890 1415
14592 2 2 7 1 1511 6819 1565
14593 2 2 7 1 7419 7597 2100
14594 2 2 7 1 3307 7292 6595
14595 2 2 7 1 7481 7824 1925
14596 2 2 7 1 4501 7298 5580
14597 2 2 7 1 2982 7076 2954
14598 2 2 7 1 6052 7477 4704
14599 2 2 7 1 6079 7262 3059
14600 2 2 7 1 1236 7080 1235
14601 2 2 7 1 6681 7710 1827
14602 2 2 7 1 1526 6906 1671
14603 2 2 7 1 3016 7161 6088
14604 2 2 7 1 3905 7517 3556
14605 2 2 7 1 1085 7054 7053
14606 2 2 7 1 4948 7639 4687
14607 2 2 7 1 4437 6940 4436
14608 2 2 7 1 3005 7802 3026
14609 2 2 7 1 1595 6829 1640
14610 2 2 7 1 3897 6993 3576
14611 2 2 7 1 4538 7108 4540
14612 2 2 7 1 7318 7319 3987
14613 2 2 7 1 4990 7378 7351
14614 2 2 7 1 6314 7581 5856
14615 2 2 7 1 1752 7086 1800
14616 2 2 7 1 3072 6902 3235
14617 2 2 7 1 1269 6917 4189
14618 2 2 7 1 1449 6833 2579
14619 2 2 7 1 6690 8022 8004
14620 2 2 7 1 7063 7839 6547
14621 2 2 7 1 3315 6867 3371
14622 2 2 7 1 2053 7646 1799
14623 2 2 7 1 1537 7405 1827
14624 2 2 7 1 5855 7820 1723
14625 2 2 7 1 4536 7107 4538
14626 2 2 7 1 3481 6842 3565
14627 2 2 7 1 1286 7181 1288
14628 2 2 7 1 6764 7988 4853
14629 2 2 7 1 3615 7226 5640
14630 2 2 7 1 4068 7177 4067
14631 2 2 7 1 2649 6956 2654
14632 2 2 7 1 2787 6914 1419
14633 2 2 7 1 3264 6904 3249
14634 2 2 7 1 2587 7778 2905
14635 2 2 7 1 3068 6891 5596
14636 2 2 7 1 1292 7254 4024
14637 2 2 7 1 5822 7549 4774
14638 2 2 7 1 3278 6908 3253
14639 2 2 7 1 3932 7124 3963
14640 2 2 7 1 3499 7636 3501
14641 2 2 7 1 6825 7237 4432
14642 2 2 7 1 6821 7807 4872
14643 2 2 7 1 6460 7049 5711
14644 2 2 7 1 1970 7506 6196
14645 2 2 7 1 5941 6942 1762
14646 2 2 7 1 6428 7447 4225
14647 2 2 7 1 2679 6924 1423
14648 2 2 7 1 7455 7575 1915
14649 2 2 7 1 3359 7157 3364
14650 2 2 7 1 5609 7188 4428
14651 2 2 7 1 3277 6921 3263
14652 2 2 7 1 3546 7235 3776
14653 2 2 7 1 4006 6990 5056
14654 2 2 7 1 3274 6861 3377
14655 2 2 7 1 3026 6856 3000
14656 2 2 7 1 3466 7969 6748
14657 2 2 7 1 3907 6880 4437
14658 2 2 7 1 4020 6858 1263
14659 2 2 7 1 5074 7391 6276
14660 2 2 7 1 5008 7203 4369
14661 2 2 7 1 3280 6866 3289
14662 2 2 7 1 6552 6742 1195
14663 2 2 7 1 2003 7671 1504
14664 2 2 7 1 1109 7997 5762
14665 2 2 7 1 6693 7551 1894
14666 2 2 7 1 7055 7928 4259
14667 2 2 7 1 3286 7201 3285
14668 2 2 7 1 2789 6926 1427
14669 2 2 7 1 3095 6869 3092
14670 2 2 7 1 3955 7610 6608
14671 2 2 7 1 7557 7743 5795
14672 2 2 7 1 2526 7193 2529
14673 2 2 7 1 3946 7388 3953
14674 2 2 7 1 2914 6744 4768
14675 2 2 7 1 1951 6909 1700
14676 2 2 7 1 6712 8016 1594
14677 2 2 7 1 6972 7302 5049
14678 2 2 7 1 5807 7189 6263
14679 2 2 7 1 5846 7985 1208
14680 2 2 7 1 4889 6876 3740
14681 2 2 7 1 3912 6978 3910
14682 2 2 7 1 3448 6832 3470
14683 2 2 7 1 4943 6933 1431
14684 2 2 7 1 3727 7806 6544
14685 2 2 7 1 6303 7840 2058
14686 2 2 7 1 3343 7003 3396
14687 2 2 7 1 6698 7345 4772
14688 2 2 7 1 1914 7260 1616
14689 2 2 7 1 6616 6744 2915
14690 2 2 7 1 4123 6887 6275
14691 2 2 7 1 1473 7653 6947
14692 2 2 7 1 1671 6884 1524
14693 2 2 7 1 2529 7193 2681
14694 2 2 7 1 6674 7928 7055
14695 2 2 7 1 4189 6886 1267
14696 2 2 7 1 1705 6929 1879
14697 2 2 7 1 2119 7977 1743
14698 2 2 7 1 3045 6944 3239
14699 2 2 7 1 1540 7606 1952
14700 2 2 7 1 6186 7168 2219
14701 2 2 7 1 6765 7447 3547
14702 2 2 7 1 4718 7650 4392
14703 2 2 7 1 4182 7034 3710
14704 2 2 7 1 1417 6890 2787
14705 2 2 7 1 3235 6891 3070
14706 2 2 7 1 7164 7571 1458
14707 2 2 7 1 5608 7214 3488
14708 2 2 7 1 3938 7979 6654
14709 2 2 7 1 1443 6894 1446
14710 2 2 7 1 3894 6832 3446
14711 2 2 7 1 3443 6931 3894
14712 2 2 7 1 6467 7775 4826
14713 2 2 7 1 1952 6906 1538
14714 2 2 7 1 3080 6902 3074
14715 2 2 7 1 4787 7648 7565
14716 2 2 7 1 4934 7640 4935
14717 2 2 7 1 3251 6904 3278
14718 2 2 7 1 2578 6917 1276
14719 2 2 7 1 3255 6908 3579
14720 2 2 7 1 4175 7167 4173
14721 2 2 7 1 1421 6914 2679
14722 2 2 7 1 3259 7675 3261
14723 2 2 7 1 1166 7017 1226
14724 2 2 7 1 6996 7113 4168
14725 2 2 7 1 6478 7883 1753
14726 2 2 7 1 4355 7415 4356
14727 2 2 7 1 3205 7170 3203
14728 2 2 7 1 5105 7152 4485
14729 2 2 7 1 3323 6930 3328
14730 2 2 7 1 1702 6909 1770
14731 2 2 7 1 4046 6987 4040
14732 2 2 7 1 3266 6921 3269
14733 2 2 7 1 5602 7390 3973
14734 2 2 7 1 1425 6924 2789
14735 2 2 7 1 4216 6955 4334
14736 2 2 7 1 1879 7263 6968
14737 2 2 7 1 5625 6945 1407
14738 2 2 7 1 5087 7973 6988
14739 2 2 7 1 2167 7770 7587
14740 2 2 7 1 1840 7448 3341
14741 2 2 7 1 1288 7181 1356
14742 2 2 7 1 1429 6926 4943
14743 2 2 7 1 3910 6978 4615
14744 2 2 7 1 1846 7616 1845
14745 2 2 7 1 3531 7043 3535
14746 2 2 7 1 1167 7017 1166
14747 2 2 7 1 4845 7437 6982
14748 2 2 7 1 1459 6918 3948
14749 2 2 7 1 3979 7221 3982
14750 2 2 7 1 1433 6933 1436
14751 2 2 7 1 7097 7590 2107
14752 2 2 7 1 7162 7163 4556
14753 2 2 7 1 6411 7704 1709
14754 2 2 7 1 1242 7106 1477
14755 2 2 7 1 1742 7991 2111
14756 2 2 7 1 3357 7026 3369
14757 2 2 7 1 3533 7235 3546
14758 2 2 7 1 3055 6944 3052
14759 2 2 7 1 7341 7623 1957
14760 2 2 7 1 5717 7196 4473
14761 2 2 7 1 7675 7676 3277
14762 2 2 7 1 3952 7124 3934
14763 2 2 7 1 5804 7356 6965
14764 2 2 7 1 3384 7150 4572
14765 2 2 7 1 3458 7196 5717
14766 2 2 7 1 2534 7050 2723
14767 2 2 7 1 3497 7042 3503
14768 2 2 7 1 1409 6945 1412
14769 2 2 7 1 2785 7119 2901
14770 2 2 7 1 6350 7791 6349
14771 2 2 7 1 2575 7070 2671
14772 2 2 7 1 1865 6947 1857
14773 2 2 7 1 4243 7716 4241
14774 2 2 7 1 4251 7006 4246
14775 2 2 7 1 1800 7086 6573
14776 2 2 7 1 2012 7850 7487
14777 2 2 7 1 1205 7686 2118
14778 2 2 7 1 6668 7652 3715
14779 2 2 7 1 6808 6918 1457
14780 2 2 7 1 4168 7113 4167
14781 2 2 7 1 1694 6625 2003
14782 2 2 7 1 5868 6938 2988
14783 2 2 7 1 2824 7104 2825
14784 2 2 7 1 7358 8010 892
14785 2 2 7 1 5952 7994 7187
14786 2 2 7 1 3049 7366 6109
14787 2 2 7 1 129 7721 7627
14788 2 2 7 1 4831 7641 6482
14789 2 2 7 1 6852 7672 4852
14790 2 2 7 1 2548 7126 2562
14791 2 2 7 1 4050 7100 4049
14792 2 2 7 1 3646 6979 3658
14793 2 2 7 1 2856 7067 2855
14794 2 2 7 1 4037 7692 4035
14795 2 2 7 1 841 6783 6688
14796 2 2 7 1 2092 7086 1754
14797 2 2 7 1 6573 7086 2092
14798 2 2 7 1 1627 6981 2055
14799 2 2 7 1 2850 7075 2849
14800 2 2 7 1 6476 7630 4520
14801 2 2 7 1 5695 7249 5694
14802 2 2 7 1 6841 7429 4902
14803 2 2 7 1 2956 7076 3406
14804 2 2 7 1 7438 7884 725
14805 2 2 7 1 1207 7122 6522
14806 2 2 7 1 4546 7687 7318
14807 2 2 7 1 3105 7741 3109
14808 2 2 7 1 2481 7127 2596
14809 2 2 7 1 5612 7861 7475
14810 2 2 7 1 6248 7995 1661
14811 2 2 7 1 6979 8006 6980
14812 2 2 7 1 6158 7344 1321
14813 2 2 7 1 4591 6849 6649
14814 2 2 7 1 7034 7933 4882
14815 2 2 7 1 4520 7630 6429
14816 2 2 7 1 1238 7185 1240
14817 2 2 7 1 4230 6983 4697
14818 2 2 7 1 2973 7079 3718
14819 2 2 7 1 3284 7072 3122
14820 2 2 7 1 3989 7140 5605
14821 2 2 7 1 3702 7092 3699
14822 2 2 7 1 4107 7231 4908
14823 2 2 7 1 2470 7131 2852
14824 2 2 7 1 1737 7606 1542
14825 2 2 7 1 2490 7116 2595
14826 2 2 7 1 6700 6959 4283
14827 2 2 7 1 3398 7170 3205
14828 2 2 7 1 2499 7114 2589
14829 2 2 7 1 6531 7184 2203
14830 2 2 7 1 6858 7744 7210
14831 2 2 7 1 2557 7096 2560
14832 2 2 7 1 3291 7669 3292
14833 2 2 7 1 1912 7644 6670
14834 2 2 7 1 2512 7110 2515
14835 2 2 7 1 3189 7800 6966
14836 2 2 7 1 4237 6984 4234
14837 2 2 7 1 1175 8001 6823
14838 2 2 7 1 3650 7019 4459
14839 2 2 7 1 6692 7126 2546
14840 2 2 7 1 4405 7028 4239
14841 2 2 7 1 4932 4934 3469
14842 2 2 7 1 2855 7067 3755
14843 2 2 7 1 6730 7800 4571
14844 2 2 7 1 3947 7610 3955
14845 2 2 7 1 3654 7027 4715
14846 2 2 7 1 6735 7068 1629
14847 2 2 7 1 5233 7985 5846
14848 2 2 7 1 2639 7098 2741
14849 2 2 7 1 1173 7682 1175
14850 2 2 7 1 3211 7146 3198
14851 2 2 7 1 2052 7912 1863
14852 2 2 7 1 1259 1694 1504
14853 2 2 7 1 1190 7590 7097
14854 2 2 7 1 2985 7144 2951
14855 2 2 7 1 4597 7647 6698
14856 2 2 7 1 4884 7642 4862
14857 2 2 7 1 4331 7159 4994
14858 2 2 7 1 1244 7106 1242
14859 2 2 7 1 4135 7764 4083
14860 2 2 7 1 1271 6715 3502
14861 2 2 7 1 6629 6843 4278
14862 2 2 7 1 1546 7251 1544
14863 2 2 7 1 6351 7107 4536
14864 2 2 7 1 2849 7075 3759
14865 2 2 7 1 3980 7149 7108
14866 2 2 7 1 4276 7090 6962
14867 2 2 7 1 1204 7450 6311
14868 2 2 7 1 4675 7013 3642
14869 2 2 7 1 2185 7219 7218
14870 2 2 7 1 3633 7095 4566
14871 2 2 7 1 3738 7302 7301
14872 2 2 7 1 6778 6930 3321
14873 2 2 7 1 1572 7740 1796
14874 2 2 7 1 6718 7641 4463
14875 2 2 7 1 3311 7478 5797
14876 2 2 7 1 1235 7080 2101
14877 2 2 7 1 5717 7594 3458
14878 2 2 7 1 1981 7801 6872
14879 2 2 7 1 4427 7016 4805
14880 2 2 7 1 6460 7214 4617
14881 2 2 7 1 3658 7019 3648
14882 2 2 7 1 4236 7028 4237
14883 2 2 7 1 3977 7147 3981
14884 2 2 7 1 2925 7403 6110
14885 2 2 7 1 4459 7027 3652
14886 2 2 7 1 5683 7231 4107
14887 2 2 7 1 1177 1382 1380
14888 2 2 7 1 6359 7179 1095
14889 2 2 7 1 5918 7444 7213
14890 2 2 7 1 803 7844 1177
14891 2 2 7 1 4887 7689 5074
14892 2 2 7 1 6825 7356 5581
14893 2 2 7 1 4264 7104 2824
14894 2 2 7 1 3111 7741 3105
14895 2 2 7 1 2501 7270 2503
14896 2 2 7 1 3365 7051 3353
14897 2 2 7 1 1718 7819 2182
14898 2 2 7 1 7094 7586 1997
14899 2 2 7 1 2040 7228 1642
14900 2 2 7 1 6828 7386 2658
14901 2 2 7 1 4358 7390 7381
14902 2 2 7 1 4872 7807 6971
14903 2 2 7 1 1616 7260 1614
14904 2 2 7 1 7414 7949 5613
14905 2 2 7 1 6275 7931 4188
14906 2 2 7 1 10 1138 802
14907 2 2 7 1 1308 7109 6012
14908 2 2 7 1 2859 7119 2785
14909 2 2 7 1 2492 7277 2494
14910 2 2 7 1 4049 7100 4060
14911 2 2 7 1 3408 7672 6852
14912 2 2 7 1 3261 7675 3277
14913 2 2 7 1 3469 7862 592
14914 2 2 7 1 1094 7720 2147
14915 2 2 7 1 5694 7249 5647
14916 2 2 7 1 5655 7303 3360
14917 2 2 7 1 4585 7666 4561
14918 2 2 7 1 6177 7926 7499
14919 2 2 7 1 4267 7045 7044
14920 2 2 7 1 3119 7072 3120
14921 2 2 7 1 1574 7740 1572
14922 2 2 7 1 7056 8013 4260
14923 2 2 7 1 4656 7680 5870
14924 2 2 7 1 4716 7830 6564
14925 2 2 7 1 1123 7500 6058
14926 2 2 7 1 4330 7949 7414
14927 2 2 7 1 4440 7708 3228
14928 2 2 7 1 4173 7160 3734
14929 2 2 7 1 4516 7903 4514
14930 2 2 7 1 4392 7650 4390
14931 2 2 7 1 4208 7171 5033
14932 2 2 7 1 2047 6016 6012
14933 2 2 7 1 4167 7113 4747
14934 2 2 7 1 3962 7118 3456
14935 2 2 7 1 5815 7948 5814
14936 2 2 7 1 6754 7070 2573
14937 2 2 7 1 2550 7265 2552
14938 2 2 7 1 4809 7803 5106
14939 2 2 7 1 4714 7837 7101
14940 2 2 7 1 4562 7314 7046
14941 2 2 7 1 5782 7093 4662
14942 2 2 7 1 3124 7121 3284
14943 2 2 7 1 4405 7716 7007
14944 2 2 7 1 3503 7636 3499
14945 2 2 7 1 6844 7674 1487
14946 2 2 7 1 1842 7448 1840
14947 2 2 7 1 2483 7290 2485
14948 2 2 7 1 4485 7152 5910
14949 2 2 7 1 6896 7606 1737
14950 2 2 7 1 7253 7957 4172
14951 2 2 7 1 4016 7252 6651
14952 2 2 7 1 6516 7855 3425
14953 2 2 7 1 1246 7287 1255
14954 2 2 7 1 2509 7250 6590
14955 2 2 7 1 4369 7203 6519
14956 2 2 7 1 5895 7838 6875
14957 2 2 7 1 4341 7767 5004
14958 2 2 7 1 3120 7983 3117
14959 2 2 7 1 5960 7230 3367
14960 2 2 7 1 1468 7746 1983
14961 2 2 7 1 4420 6766 6386
14962 2 2 7 1 3663 7095 3631
14963 2 2 7 1 2210 7613 1806
14964 2 2 7 1 5806 7645 3101
14965 2 2 7 1 6270 7501 1919
14966 2 2 7 1 2150 7260 7083
14967 2 2 7 1 1516 7181 1286
14968 2 2 7 1 4731 7483 6052
14969 2 2 7 1 7187 7994 4221
14970 2 2 7 1 1889 7514 6439
14971 2 2 7 1 4042 7570 7435
14972 2 2 7 1 3361 7308 5656
14973 2 2 7 1 4173 7167 7160
14974 2 2 7 1 3613 7226 3615
14975 2 2 7 1 6406 7417 4620
14976 2 2 7 1 5621 7873 4148
14977 2 2 7 1 3285 7201 3587
14978 2 2 7 1 1248 7287 1246
14979 2 2 7 1 1952 7606 6896
14980 2 2 7 1 4599 7621 4260
14981 2 2 7 1 4190 7408 7407
14982 2 2 7 1 2011 7243 1654
14983 2 2 7 1 7221 7222 4546
14984 2 2 7 1 6748 7969 4745
14985 2 2 7 1 1618 7760 2002
14986 2 2 7 1 4784 7833 5631
14987 2 2 7 1 3981 7221 3979
14988 2 2 7 1 1290 7254 1292
14989 2 2 7 1 3189 6966 6801
14990 2 2 7 1 6799 7590 1190
14991 2 2 7 1 2158 7586 7094
14992 2 2 7 1 1859 8019 1865
14993 2 2 7 1 5006 7972 5874
14994 2 2 7 1 6553 7531 5954
14995 2 2 7 1 3196 7146 4457
14996 2 2 7 1 16 7874 1259
14997 2 2 7 1 6625 7746 1468
14998 2 2 7 1 5084 7992 4447
14999 2 2 7 1 7133 7546 5108
15000 2 2 7 1 3041 7792 3034
15001 2 2 7 1 4241 7716 4405
15002 2 2 7 1 3351 7812 3365
15003 2 2 7 1 4357 7158 3464
15004 2 2 7 1 5877 7402 3135
15005 2 2 7 1 4546 7318 3984
15006 2 2 7 1 3939 7325 3936
15007 2 2 7 1 4211 7125 4213
15008 2 2 7 1 1304 7773 6553
15009 2 2 7 1 2022 7943 7485
15010 2 2 7 1 4018 7252 4016
15011 2 2 7 1 3369 7157 3359
15012 2 2 7 1 6007 7336 4424
15013 2 2 7 1 3535 7235 3533
15014 2 2 7 1 7107 7108 4538
15015 2 2 7 1 1504 7671 4937
15016 2 2 7 1 5806 7069 5129
15017 2 2 7 1 3738 7301 2978
15018 2 2 7 1 4417 7283 5701
15019 2 2 7 1 6847 7266 3150
15020 2 2 7 1 6542 7125 4211
15021 2 2 7 1 6253 7634 3127
15022 2 2 7 1 5094 7866 4795
15023 2 2 7 1 7039 7399 4838
15024 2 2 7 1 6714 7735 5722
15025 2 2 7 1 6383 7173 1085
15026 2 2 7 1 7443 7444 5918
15027 2 2 7 1 6435 7451 7068
15028 2 2 7 1 7404 7638 4836
15029 2 2 7 1 1948 7554 6706
15030 2 2 7 1 7542 8023 5060
15031 2 2 7 1 5127 7624 5125
15032 2 2 7 1 4617 7049 6460
15033 2 2 7 1 2203 7184 2019
15034 2 2 7 1 4606 7757 5671
15035 2 2 7 1 2184 7702 1062
15036 2 2 7 1 3421 7757 7216
15037 2 2 7 1 7154 7843 4255
15038 2 2 7 1 4067 7177 4490
15039 2 2 7 1 3203 7170 3211
15040 2 2 7 1 7585 7586 2168
15041 2 2 7 1 1750 7457 7259
15042 2 2 7 1 7602 7755 4707
15043 2 2 7 1 3009 7802 3005
15044 2 2 7 1 5064 7696 5107
15045 2 2 7 1 4878 7786 4877
15046 2 2 7 1 7007 7716 7006
15047 2 2 7 1 4082 7315 4806
15048 2 2 7 1 3681 7273 4643
15049 2 2 7 1 2051 7432 6888
15050 2 2 7 1 4524 7999 7308
15051 2 2 7 1 2065 7908 6050
15052 2 2 7 1 1252 7701 2041
15053 2 2 7 1 1901 7246 1665
15054 2 2 7 1 4195 7789 5661
15055 2 2 7 1 1544 7251 1737
15056 2 2 7 1 6566 7509 1993
15057 2 2 7 1 4019 7682 1173
15058 2 2 7 1 6888 7432 6366
15059 2 2 7 1 4629 7467 6071
15060 2 2 7 1 6594 7041 4544
15061 2 2 7 1 4210 7975 6927
15062 2 2 7 1 4054 7304 4052
15063 2 2 7 1 1441 6895 6894
15064 2 2 7 1 4636 7611 6770
15065 2 2 7 1 1736 7858 2175
15066 2 2 7 1 3317 7305 5843
15067 2 2 7 1 1881 7763 7198
15068 2 2 7 1 4810 7323 4086
15069 2 2 7 1 4012 7310 6449
15070 2 2 7 1 4275 7310 4012
15071 2 2 7 1 2589 7270 2501
15072 2 2 7 1 7412 7976 5658
15073 2 2 7 1 5731 7925 4916
15074 2 2 7 1 7269 7621 4599
15075 2 2 7 1 6398 7631 1163
15076 2 2 7 1 2595 7277 2492
15077 2 2 7 1 3984 7318 3987
15078 2 2 7 1 2072 7375 6530
15079 2 2 7 1 3488 7214 6460
15080 2 2 7 1 5085 7025 6911
15081 2 2 7 1 1374 7291 845
15082 2 2 7 1 1822 7746 6625
15083 2 2 7 1 1665 7246 1667
15084 2 2 7 1 3328 7202 6498
15085 2 2 7 1 6221 7279 1327
15086 2 2 7 1 7353 7577 4847
15087 2 2 7 1 1891 7409 7020
15088 2 2 7 1 4766 7662 7105
15089 2 2 7 1 4959 7649 3426
15090 2 2 7 1 6039 7580 1312
15091 2 2 7 1 3973 7390 4358
15092 2 2 7 1 1970 7558 7506
15093 2 2 7 1 4052 7304 4055
15094 2 2 7 1 2596 7290 2483
15095 2 2 7 1 1178 7559 6436
15096 2 2 7 1 2066 7922 7224
15097 2 2 7 1 4279 7226 3613
15098 2 2 7 1 4004 7247 3912
15099 2 2 7 1 4260 8013 4105
15100 2 2 7 1 5883 8014 1872
15101 2 2 7 1 2562 7265 2550
15102 2 2 7 1 2978 7301 2983
15103 2 2 7 1 5955 7520 3126
15104 2 2 7 1 2145 7218 7217
15105 2 2 7 1 3736 7312 2942
15106 2 2 7 1 4130 7273 3681
15107 2 2 7 1 1642 7228 1686
15108 2 2 7 1 6840 7667 1256
15109 2 2 7 1 4968 7695 5064
15110 2 2 7 1 4408 7315 4082
15111 2 2 7 1 4086 7323 4878
15112 2 2 7 1 4419 7283 4417
15113 2 2 7 1 7052 7745 5038
15114 2 2 7 1 7158 7969 3466
15115 2 2 7 1 1439 7404 6895
15116 2 2 7 1 1654 7243 1660
15117 2 2 7 1 7418 7797 2111
15118 2 2 7 1 5804 7372 7356
15119 2 2 7 1 4817 7808 4887
15120 2 2 7 1 1356 7254 1290
15121 2 2 7 1 4603 7734 7186
15122 2 2 7 1 2942 7312 5876
15123 2 2 7 1 3131 7542 5599
15124 2 2 7 1 3936 7325 3952
15125 2 2 7 1 6241 7742 4533
15126 2 2 7 1 4775 7937 7782
15127 2 2 7 1 7012 7952 4758
15128 2 2 7 1 1614 7260 2150
15129 2 2 7 1 7460 7461 4676
15130 2 2 7 1 4281 6959 6955
15131 2 2 7 1 7316 7702 2184
15132 2 2 7 1 7063 7311 6597
15133 2 2 7 1 1902 7537 6425
15134 2 2 7 1 7028 7233 4237
15135 2 2 7 1 4741 7990 4743
15136 2 2 7 1 3360 7303 5598
15137 2 2 7 1 4899 7654 4336
15138 2 2 7 1 5468 7871 7299
15139 2 2 7 1 5647 7249 5648
15140 2 2 7 1 7699 7886 7119
15141 2 2 7 1 6860 7547 4768
15142 2 2 7 1 6104 7459 3031
15143 2 2 7 1 4398 7878 6591
15144 2 2 7 1 6924 7393 2789
15145 2 2 7 1 6151 7668 3170
15146 2 2 7 1 4142 7297 4971
15147 2 2 7 1 6422 7946 6420
15148 2 2 7 1 2164 7701 1252
15149 2 2 7 1 6680 6893 1279
15150 2 2 7 1 2541 7372 5804
15151 2 2 7 1 2057 7462 6850
15152 2 2 7 1 6743 7240 1195
15153 2 2 7 1 4355 7968 7415
15154 2 2 7 1 1330 7364 6774
15155 2 2 7 1 3644 7013 6979
15156 2 2 7 1 7684 7847 7785
15157 2 2 7 1 4692 7744 6506
15158 2 2 7 1 6238 7591 1329
15159 2 2 7 1 6851 7967 2052
15160 2 2 7 1 3228 7708 3226
15161 2 2 7 1 7383 8003 1783
15162 2 2 7 1 5093 7835 7655
15163 2 2 7 1 1997 7586 7585
15164 2 2 7 1 7345 7361 4772
15165 2 2 7 1 6621 7513 1951
15166 2 2 7 1 4803 7681 5111
15167 2 2 7 1 3542 7457 2214
15168 2 2 7 1 4232 6984 6983
15169 2 2 7 1 3355 7051 7026
15170 2 2 7 1 3514 7354 3516
15171 2 2 7 1 8004 8022 4885
15172 2 2 7 1 6375 7582 1054
15173 2 2 7 1 3117 7983 3111
15174 2 2 7 1 1853 7653 6929
15175 2 2 7 1 7222 7687 4546
15176 2 2 7 1 6494 7372 2541
15177 2 2 7 1 5648 7308 3361
15178 2 2 7 1 4725 7293 6627
15179 2 2 7 1 5814 7354 3514
15180 2 2 7 1 4412 7798 7016
15181 2 2 7 1 6343 7712 1073
15182 2 2 7 1 5789 7479 3311
15183 2 2 7 1 2214 7457 1750
15184 2 2 7 1 6315 7398 1160
15185 2 2 7 1 6276 7391 3368
15186 2 2 7 1 7024 7950 1061
15187 2 2 7 1 4109 7410 4110
15188 2 2 7 1 6763 8020 2162
15189 2 2 7 1 3150 7266 6035
15190 2 2 7 1 4646 7670 6576
15191 2 2 7 1 4978 8008 4547
15192 2 2 7 1 7308 7999 5656
15193 2 2 7 1 4103 7638 2830
15194 2 2 7 1 1963 7906 6066
15195 2 2 7 1 4112 7928 4114
15196 2 2 7 1 848 7419 1674
15197 2 2 7 1 2200 7667 6840
15198 2 2 7 1 7046 7655 4563
15199 2 2 7 1 5115 7931 5118
15200 2 2 7 1 3349 7812 3351
15201 2 2 7 1 5032 7949 4330
15202 2 2 7 1 4453 7236 6445
15203 2 2 7 1 6947 7653 1855
15204 2 2 7 1 1903 7791 6350
15205 2 2 7 1 5889 7384 5885
15206 2 2 7 1 5813 7536 6600
15207 2 2 7 1 5843 7305 6982
15208 2 2 7 1 6481 7916 4831
15209 2 2 7 1 2166 7279 6221
15210 2 2 7 1 5610 7365 6267
15211 2 2 7 1 7217 7686 1205
15212 2 2 7 1 844 7291 6813
15213 2 2 7 1 1323 7395 6738
15214 2 2 7 1 6546 7311 7063
15215 2 2 7 1 1674 7454 847
15216 2 2 7 1 846 7454 1374
15217 2 2 7 1 3103 7894 3097
15218 2 2 7 1 7547 7743 4768
15219 2 2 7 1 6865 7918 3444
15220 2 2 7 1 6481 7670 4646
15221 2 2 7 1 6881 7834 4437
15222 2 2 7 1 6955 6959 3326
15223 2 2 7 1 5821 7810 6562
15224 2 2 7 1 5857 7434 2990
15225 2 2 7 1 7793 8016 1833
15226 2 2 7 1 5033 7897 4690
15227 2 2 7 1 6966 7800 4927
15228 2 2 7 1 4430 7742 6241
15229 2 2 7 1 5839 7439 5838
15230 2 2 7 1 6980 7755 3658
15231 2 2 7 1 5696 6956 6767
15232 2 2 7 1 6975 7193 2526
15233 2 2 7 1 5595 7266 6847
15234 2 2 7 1 3365 7745 7052
15235 2 2 7 1 7006 7716 4243
15236 2 2 7 1 7684 7785 4904
15237 2 2 7 1 5838 7439 5830
15238 2 2 7 1 1863 7912 1861
15239 2 2 7 1 4438 7834 6881
15240 2 2 7 1 5891 7433 1303
15241 2 2 7 1 3950 7687 6789
15242 2 2 7 1 3376 7808 4817
15243 2 2 7 1 2171 6976 6222
15244 2 2 7 1 3139 7443 5917
15245 2 2 7 1 3324 7535 5798
15246 2 2 7 1 5898 7406 5905
15247 2 2 7 1 3162 7705 6086
15248 2 2 7 1 7594 7936 3458
15249 2 2 7 1 5900 7445 1301
15250 2 2 7 1 6773 7364 1330
15251 2 2 7 1 2181 7872 1551
15252 2 2 7 1 4000 7536 5813
15253 2 2 7 1 1861 8019 1859
15254 2 2 7 1 6930 7202 3328
15255 2 2 7 1 2523 7743 7547
15256 2 2 7 1 5894 7446 4244
15257 2 2 7 1 5631 7713 5632
15258 2 2 7 1 4572 7605 3386
15259 2 2 7 1 5854 7541 5853
15260 2 2 7 1 5922 7452 1066
15261 2 2 7 1 6012 7109 2047
15262 2 2 7 1 5769 7589 3362
15263 2 2 7 1 3896 7758 3897
15264 2 2 7 1 6698 7647 3183
15265 2 2 7 1 4813 7596 6473
15266 2 2 7 1 3184 7678 6731
15267 2 2 7 1 1228 7597 850
15268 2 2 7 1 4015 7935 6521
15269 2 2 7 1 6020 7531 1920
15270 2 2 7 1 4098 7093 6533
15271 2 2 7 1 6087 7453 1047
15272 2 2 7 1 5904 7469 1144
15273 2 2 7 1 1317 7455 6118
15274 2 2 7 1 6703 7996 1203
15275 2 2 7 1 5939 7773 1304
15276 2 2 7 1 1302 7474 5924
15277 2 2 7 1 3047 7467 5958
15278 2 2 7 1 2947 7466 5997
15279 2 2 7 1 5853 7541 4605
15280 2 2 7 1 3607 7311 6838
15281 2 2 7 1 6369 7730 1199
15282 2 2 7 1 3394 7476 5840
15283 2 2 7 1 6686 7584 5849
15284 2 2 7 1 3148 7471 5990
15285 2 2 7 1 4568 7472 6009
15286 2 2 7 1 4188 7931 5115
15287 2 2 7 1 1833 7490 6717
15288 2 2 7 1 6429 7630 3483
15289 2 2 7 1 4352 7477 6051
15290 2 2 7 1 3012 7483 6098
15291 2 2 7 1 4349 7484 6168
15292 2 2 7 1 3147 7494 5979
15293 2 2 7 1 4545 7489 6147
15294 2 2 7 1 3161 7488 6154
15295 2 2 7 1 1052 7468 6232
15296 2 2 7 1 6139 7491 6137
15297 2 2 7 1 3364 7738 7337
15298 2 2 7 1 1050 7481 6022
15299 2 2 7 1 4602 8022 6690
15300 2 2 7 1 4378 7492 6190
15301 2 2 7 1 3017 7493 6193
15302 2 2 7 1 6381 7979 1740
15303 2 2 7 1 6053 7498 6027
15304 2 2 7 1 6072 7502 3157
15305 2 2 7 1 4624 7470 5957
15306 2 2 7 1 6049 7490 1314
15307 2 2 7 1 6076 7503 6092
15308 2 2 7 1 1078 7505 5925
15309 2 2 7 1 1299 7512 5904
15310 2 2 7 1 6466 7486 7485
15311 2 2 7 1 1255 7287 6531
15312 2 2 7 1 5893 7875 5892
15313 2 2 7 1 1051 7497 6106
15314 2 2 7 1 5890 7384 5889
15315 2 2 7 1 5666 7542 3131
15316 2 2 7 1 6180 7507 2933
15317 2 2 7 1 3037 7508 6189
15318 2 2 7 1 3176 7510 6192
15319 2 2 7 1 1127 7501 6209
15320 2 2 7 1 1074 7499 6188
15321 2 2 7 1 3154 7518 6081
15322 2 2 7 1 3155 7521 6100
15323 2 2 7 1 6133 7519 3167
15324 2 2 7 1 3039 7522 6138
15325 2 2 7 1 1152 7506 6207
15326 2 2 7 1 6171 7525 3015
15327 2 2 7 1 1318 7504 6127
15328 2 2 7 1 7157 7738 3364
15329 2 2 7 1 1328 7509 6217
15330 2 2 7 1 4105 8013 4998
15331 2 2 7 1 2975 7810 5821
15332 2 2 7 1 4602 7817 5972
15333 2 2 7 1 1307 7526 6001
15334 2 2 7 1 5666 8023 7542
15335 2 2 7 1 5954 7531 6019
15336 2 2 7 1 7083 7260 1914
15337 2 2 7 1 1185 7527 6063
15338 2 2 7 1 6270 7395 1323
15339 2 2 7 1 6204 7534 6198
15340 2 2 7 1 4646 7916 6481
15341 2 2 7 1 2147 7958 1258
15342 2 2 7 1 6186 7790 1125
15343 2 2 7 1 6368 7899 6803
15344 2 2 7 1 1203 7996 2113
15345 2 2 7 1 6927 7975 4794
15346 2 2 7 1 4248 7539 5908
15347 2 2 7 1 6245 7529 1077
15348 2 2 7 1 6249 7540 6239
15349 2 2 7 1 6251 7538 1336
15350 2 2 7 1 7139 7529 1961
15351 2 2 7 1 7720 7958 2147
15352 2 2 7 1 3213 7543 5945
15353 2 2 7 1 1147 7553 5996
15354 2 2 7 1 6591 7878 3757
15355 2 2 7 1 3179 7533 6136
15356 2 2 7 1 4535 7525 6913
15357 2 2 7 1 1065 7554 6145
15358 2 2 7 1 1075 7551 6226
15359 2 2 7 1 1332 7552 6227
15360 2 2 7 1 1153 7555 6216
15361 2 2 7 1 1319 7545 6167
15362 2 2 7 1 6183 7544 6174
15363 2 2 7 1 6084 7847 7684
15364 2 2 7 1 6517 7890 4744
15365 2 2 7 1 4783 7601 7085
15366 2 2 7 1 6553 7773 1991
15367 2 2 7 1 6210 7560 1049
15368 2 2 7 1 1156 7562 6228
15369 2 2 7 1 2990 7434 5854
15370 2 2 7 1 72 7809 6316
15371 2 2 7 1 5908 7539 6614
15372 2 2 7 1 6108 7546 2923
15373 2 2 7 1 3024 7530 6173
15374 2 2 7 1 6663 7543 4641
15375 2 2 7 1 3216 7677 6289
15376 2 2 7 1 5649 7524 7416
15377 2 2 7 1 2019 7184 6725
15378 2 2 7 1 5947 7865 7512
15379 2 2 7 1 5830 7439 5831
15380 2 2 7 1 6014 7565 4555
15381 2 2 7 1 6789 7687 7222
15382 2 2 7 1 4802 7968 4355
15383 2 2 7 1 4768 7743 4177
15384 2 2 7 1 6483 7810 2975
15385 2 2 7 1 4370 7953 5073
15386 2 2 7 1 5892 7433 5891
15387 2 2 7 1 3116 7361 7345
15388 2 2 7 1 5925 7505 5926
15389 2 2 7 1 6349 7791 6353
15390 2 2 7 1 7172 7815 3719
15391 2 2 7 1 5920 7572 2969
15392 2 2 7 1 4772 7361 6801
15393 2 2 7 1 6215 7548 1337
15394 2 2 7 1 5901 7445 5900
15395 2 2 7 1 1155 7561 6223
15396 2 2 7 1 5917 7443 5918
15397 2 2 7 1 6161 7567 3158
15398 2 2 7 1 6443 7718 3493
15399 2 2 7 1 1301 7445 5923
15400 2 2 7 1 4730 7776 6777
15401 2 2 7 1 3169 7807 6142
15402 2 2 7 1 4244 7446 5897
15403 2 2 7 1 6115 7782 2932
15404 2 2 7 1 1303 7463 5934
15405 2 2 7 1 5923 7452 5922
15406 2 2 7 1 1085 7173 7054
15407 2 2 7 1 7940 7943 1599
15408 2 2 7 1 1132 7576 6301
15409 2 2 7 1 1066 7452 6796
15410 2 2 7 1 7053 7054 2154
15411 2 2 7 1 5952 7734 5951
15412 2 2 7 1 1333 7578 6225
15413 2 2 7 1 5896 7577 3115
15414 2 2 7 1 1082 7581 6314
15415 2 2 7 1 6402 7453 6087
15416 2 2 7 1 5930 7711 5915
15417 2 2 7 1 6600 7535 3324
15418 2 2 7 1 5958 7467 5959
15419 2 2 7 1 6118 7455 6119
15420 2 2 7 1 6852 7297 4142
15421 2 2 7 1 6558 7830 4340
15422 2 2 7 1 3362 7589 5695
15423 2 2 7 1 6796 7773 5939
15424 2 2 7 1 6279 7583 3215
15425 2 2 7 1 3112 7465 5894
15426 2 2 7 1 3901 7982 5576
15427 2 2 7 1 5971 7817 6021
15428 2 2 7 1 5679 7827 5678
15429 2 2 7 1 6562 7536 4000
15430 2 2 7 1 6071 7467 3047
15431 2 2 7 1 6523 7466 2947
15432 2 2 7 1 5997 7466 5998
15433 2 2 7 1 6001 7526 6751
15434 2 2 7 1 5848 7476 3394
15435 2 2 7 1 1144 7469 5901
15436 2 2 7 1 5911 7601 3747
15437 2 2 7 1 5998 7477 4352
15438 2 2 7 1 6054 7498 6053
15439 2 2 7 1 6051 7477 6052
15440 2 2 7 1 5926 7474 1302
15441 2 2 7 1 6181 7507 6180
15442 2 2 7 1 6009 7472 6010
15443 2 2 7 1 5990 7471 6903
15444 2 2 7 1 6903 7472 4568
15445 2 2 7 1 7765 7784 1962
15446 2 2 7 1 6052 7483 3012
15447 2 2 7 1 6189 7508 6534
15448 2 2 7 1 6232 7468 6773
15449 2 2 7 1 5849 7584 3317
15450 2 2 7 1 6077 7503 6076
15451 2 2 7 1 6100 7521 6101
15452 2 2 7 1 6098 7483 6631
15453 2 2 7 1 6913 7525 6171
15454 2 2 7 1 4605 7541 6686
15455 2 2 7 1 6081 7518 6082
15456 2 2 7 1 6179 7519 6133
15457 2 2 7 1 6562 7810 4820
15458 2 2 7 1 6631 7484 4349
15459 2 2 7 1 6663 7470 4624
15460 2 2 7 1 6154 7488 6155
15461 2 2 7 1 6140 7491 6139
15462 2 2 7 1 6992 7488 3161
15463 2 2 7 1 6190 7492 6191
15464 2 2 7 1 6193 7493 6194
15465 2 2 7 1 6137 7491 6937
15466 2 2 7 1 6145 7554 6146
15467 2 2 7 1 3369 7660 7157
15468 2 2 7 1 6167 7545 6706
15469 2 2 7 1 1913 7453 6402
15470 2 2 7 1 6594 7489 4545
15471 2 2 7 1 1321 7569 6176
15472 2 2 7 1 6147 7489 6148
15473 2 2 7 1 6022 7481 6023
15474 2 2 7 1 6063 7528 6062
15475 2 2 7 1 6073 7502 6072
15476 2 2 7 1 6717 7490 6049
15477 2 2 7 1 5981 7494 3147
15478 2 2 7 1 1314 7490 6060
15479 2 2 7 1 5897 7577 5896
15480 2 2 7 1 5956 7604 6848
15481 2 2 7 1 5945 7543 6663
15482 2 2 7 1 6191 7508 3037
15483 2 2 7 1 6194 7510 3176
15484 2 2 7 1 2933 7507 6140
15485 2 2 7 1 6027 7498 6943
15486 2 2 7 1 6020 7501 1127
15487 2 2 7 1 6106 7497 6299
15488 2 2 7 1 5935 7505 1078
15489 2 2 7 1 6246 7529 6245
15490 2 2 7 1 6226 7551 6693
15491 2 2 7 1 6092 7503 6093
15492 2 2 7 1 3157 7502 6077
15493 2 2 7 1 6299 7504 1318
15494 2 2 7 1 5934 7463 5935
15495 2 2 7 1 6177 7499 1074
15496 2 2 7 1 3339 7596 6273
15497 2 2 7 1 6277 7714 6280
15498 2 2 7 1 1062 7885 2218
15499 2 2 7 1 3426 7649 6358
15500 2 2 7 1 6196 7506 1152
15501 2 2 7 1 6209 7501 6270
15502 2 2 7 1 6937 7533 3179
15503 2 2 7 1 5947 7512 1299
15504 2 2 7 1 6212 7509 1328
15505 2 2 7 1 6217 7509 6566
15506 2 2 7 1 6834 7522 3039
15507 2 2 7 1 6611 7521 3155
15508 2 2 7 1 6138 7523 3171
15509 2 2 7 1 3015 7525 6179
15510 2 2 7 1 6142 7807 6821
15511 2 2 7 1 6101 7518 3154
15512 2 2 7 1 3167 7519 6113
15513 2 2 7 1 6534 7508 4750
15514 2 2 7 1 6643 7540 6249
15515 2 2 7 1 6192 7516 3168
15516 2 2 7 1 5972 7817 5971
15517 2 2 7 1 6004 7526 1307
15518 2 2 7 1 6021 7817 6690
15519 2 2 7 1 6068 7527 1185
15520 2 2 7 1 6198 7534 6846
15521 2 2 7 1 6225 7578 6669
15522 2 2 7 1 6019 7531 6020
15523 2 2 7 1 3135 7573 5875
15524 2 2 7 1 6821 7530 3024
15525 2 2 7 1 5916 7539 4248
15526 2 2 7 1 6252 7538 6251
15527 2 2 7 1 3158 7567 6153
15528 2 2 7 1 6250 7865 5947
15529 2 2 7 1 6239 7540 6799
15530 2 2 7 1 5943 7543 3213
15531 2 2 7 1 6566 7561 1155
15532 2 2 7 1 6995 7583 6279
15533 2 2 7 1 7009 7544 6183
15534 2 2 7 1 6220 7555 1153
15535 2 2 7 1 6706 7554 1065
15536 2 2 7 1 6228 7563 1331
15537 2 2 7 1 6457 7557 4176
15538 2 2 7 1 6693 7552 1332
15539 2 2 7 1 6669 7551 1075
15540 2 2 7 1 6614 7465 3112
15541 2 2 7 1 6751 7553 1147
15542 2 2 7 1 7381 7390 4798
15543 2 2 7 1 1337 7548 6697
15544 2 2 7 1 6219 7587 6220
15545 2 2 7 1 6176 7569 6177
15546 2 2 7 1 5915 7711 5916
15547 2 2 7 1 3191 8006 7461
15548 2 2 7 1 3168 7516 6913
15549 2 2 7 1 6950 7560 6210
15550 2 2 7 1 6127 7504 7030
15551 2 2 7 1 7305 7584 4846
15552 2 2 7 1 7078 7552 1893
15553 2 2 7 1 6961 7534 6204
15554 2 2 7 1 6108 6711 5109
15555 2 2 7 1 1125 7790 7009
15556 2 2 7 1 6207 7558 1325
15557 2 2 7 1 5656 7999 5655
15558 2 2 7 1 6146 7575 6128
15559 2 2 7 1 3953 7388 6651
15560 2 2 7 1 5905 7579 3137
15561 2 2 7 1 1327 7587 6219
15562 2 2 7 1 6062 7566 1123
15563 2 2 7 1 6227 7552 7078
15564 2 2 7 1 6128 7575 1317
15565 2 2 7 1 1344 7617 6319
15566 2 2 7 1 3912 7247 6978
15567 2 2 7 1 6320 7576 1132
15568 2 2 7 1 7555 7556 1971
15569 2 2 7 1 4690 7699 7119
15570 2 2 7 1 4758 7952 4760
15571 2 2 7 1 6636 7581 1082
15572 2 2 7 1 6597 7311 3607
15573 2 2 7 1 3215 7583 6504
15574 2 2 7 1 6504 7714 6277
15575 2 2 7 1 6172 7905 6834
15576 2 2 7 1 4649 7511 5812
15577 2 2 7 1 6143 7892 6144
15578 2 2 7 1 4800 7535 6600
15579 2 2 7 1 6386 7898 4420
15580 2 2 7 1 4259 7928 4112
15581 2 2 7 1 7394 7718 5066
15582 2 2 7 1 3747 7601 6408
15583 2 2 7 1 4715 7911 7332
15584 2 2 7 1 1049 7560 6961
15585 2 2 7 1 6336 7622 1161
15586 2 2 7 1 1989 7865 6814
15587 2 2 7 1 6943 7879 3006
15588 2 2 7 1 3617 6612 6578
15589 2 2 7 1 6099 7785 2948
15590 2 2 7 1 6473 7596 3339
15591 2 2 7 1 6160 7861 6159
15592 2 2 7 1 6534 7905 3177
15593 2 2 7 1 4829 7309 6686
15594 2 2 7 1 5692 7676 7675
15595 2 2 7 1 6774 7364 2141
15596 2 2 7 1 7078 7562 1156
15597 2 2 7 1 2932 7782 6707
15598 2 2 7 1 6069 7887 6753
15599 2 2 7 1 6554 7626 1807
15600 2 2 7 1 3367 7604 5956
15601 2 2 7 1 4191 7357 6775
15602 2 2 7 1 7085 7601 5911
15603 2 2 7 1 5937 7816 3348
15604 2 2 7 1 6174 7544 7077
15605 2 2 7 1 7077 7545 1319
15606 2 2 7 1 4788 7867 6507
15607 2 2 7 1 6734 7293 4725
15608 2 2 7 1 1076 7840 6302
15609 2 2 7 1 5798 7535 7324
15610 2 2 7 1 6513 7788 1168
15611 2 2 7 1 6319 7617 6320
15612 2 2 7 1 6999 7378 7000
15613 2 2 7 1 6298 7632 6513
15614 2 2 7 1 1077 7529 7139
15615 2 2 7 1 6302 7840 6303
15616 2 2 7 1 6337 7622 6336
15617 2 2 7 1 1795 7856 6468
15618 2 2 7 1 2205 7963 1959
15619 2 2 7 1 4703 7521 6611
15620 2 2 7 1 3106 7925 7438
15621 2 2 7 1 1771 7934 5860
15622 2 2 7 1 4220 7717 5641
15623 2 2 7 1 3132 7751 5708
15624 2 2 7 1 6690 8004 3086
15625 2 2 7 1 4547 8008 6654
15626 2 2 7 1 1326 7944 6950
15627 2 2 7 1 6835 7997 1109
15628 2 2 7 1 1313 7908 6549
15629 2 2 7 1 6311 7632 6298
15630 2 2 7 1 6627 7294 4412
15631 2 2 7 1 1161 7623 6335
15632 2 2 7 1 4407 7818 6512
15633 2 2 7 1 4401 7954 5645
15634 2 2 7 1 6622 7986 3214
15635 2 2 7 1 1368 7707 6388
15636 2 2 7 1 1199 7731 6371
15637 2 2 7 1 2049 7794 6550
15638 2 2 7 1 6663 7822 7470
15639 2 2 7 1 3368 7614 6282
15640 2 2 7 1 2084 7592 6577
15641 2 2 7 1 5957 7863 2937
15642 2 2 7 1 6669 7578 1895
15643 2 2 7 1 6814 7865 6250
15644 2 2 7 1 2969 7572 7085
15645 2 2 7 1 6317 8015 1352
15646 2 2 7 1 4724 8009 6655
15647 2 2 7 1 6538 7974 1063
15648 2 2 7 1 2152 7513 6621
15649 2 2 7 1 7332 7830 4716
15650 2 2 7 1 3180 7892 6143
15651 2 2 7 1 3006 7879 6014
15652 2 2 7 1 6136 7533 7166
15653 2 2 7 1 3348 7816 5928
15654 2 2 7 1 7293 7294 6627
15655 2 2 7 1 6281 7819 1718
15656 2 2 7 1 4711 7766 7473
15657 2 2 7 1 5967 7787 5984
15658 2 2 7 1 3177 7905 6172
15659 2 2 7 1 7749 7875 6488
15660 2 2 7 1 7105 7662 4101
15661 2 2 7 1 3425 7855 3504
15662 2 2 7 1 1168 7788 6325
15663 2 2 7 1 7101 7837 4413
15664 2 2 7 1 6408 7601 4783
15665 2 2 7 1 6801 7361 3189
15666 2 2 7 1 2116 7883 6478
15667 2 2 7 1 6229 7864 1052
15668 2 2 7 1 6950 7944 1971
15669 2 2 7 1 2181 7184 6531
15670 2 2 7 1 5661 7789 6487
15671 2 2 7 1 7038 7209 3374
15672 2 2 7 1 4801 7536 6562
15673 2 2 7 1 6159 7861 3174
15674 2 2 7 1 7699 7700 4752
15675 2 2 7 1 2081 7024 6738
15676 2 2 7 1 1944 7617 7138
15677 2 2 7 1 5690 7488 6992
15678 2 2 7 1 7857 7869 2033
15679 2 2 7 1 7046 7314 4859
15680 2 2 7 1 6993 7611 4636
15681 2 2 7 1 6544 7806 4482
15682 2 2 7 1 6415 7706 6414
15683 2 2 7 1 1258 7958 7585
15684 2 2 7 1 7451 7514 1889
15685 2 2 7 1 5992 7922 1305
15686 2 2 7 1 6437 7809 73
15687 2 2 7 1 4697 7756 6855
15688 2 2 7 1 6974 7945 1796
15689 2 2 7 1 4555 7565 6898
15690 2 2 7 1 6803 7899 2556
15691 2 2 7 1 7353 7406 5898
15692 2 2 7 1 6691 7859 1130
15693 2 2 7 1 6660 7956 1373
15694 2 2 7 1 6414 7706 1368
15695 2 2 7 1 3658 7755 7019
15696 2 2 7 1 1070 7723 6230
15697 2 2 7 1 1793 7877 5827
15698 2 2 7 1 6434 7715 6433
15699 2 2 7 1 1432 7967 6851
15700 2 2 7 1 6493 7869 6486
15701 2 2 7 1 3137 7895 5899
15702 2 2 7 1 5892 7875 7749
15703 2 2 7 1 1061 7950 6643
15704 2 2 7 1 2923 7546 7133
15705 2 2 7 1 6216 7944 1326
15706 2 2 7 1 5924 7923 1154
15707 2 2 7 1 4971 7981 6639
15708 2 2 7 1 6223 7561 7199
15709 2 2 7 1 3171 7523 7234
15710 2 2 7 1 4400 7362 6948
15711 2 2 7 1 7370 7669 5719
15712 2 2 7 1 6306 7831 6308
15713 2 2 7 1 7199 7578 1333
15714 2 2 7 1 6717 7858 1833
15715 2 2 7 1 6110 7942 6151
15716 2 2 7 1 1130 7859 2212
15717 2 2 7 1 6271 7900 1354
15718 2 2 7 1 7328 7766 4711
15719 2 2 7 1 7210 7744 4692
15720 2 2 7 1 3111 7983 7741
15721 2 2 7 1 4456 7982 6772
15722 2 2 7 1 7435 7570 4781
15723 2 2 7 1 4626 7845 5775
15724 2 2 7 1 4366 7960 5724
15725 2 2 7 1 7288 7548 6215
15726 2 2 7 1 6173 7530 7264
15727 2 2 7 1 2141 7295 6774
15728 2 2 7 1 4362 7939 5788
15729 2 2 7 1 4668 7787 7285
15730 2 2 7 1 3191 7461 7460
15731 2 2 7 1 7702 7885 1062
15732 2 2 7 1 3326 7725 6955
15733 2 2 7 1 2948 7847 6097
15734 2 2 7 1 7264 7567 6161
15735 2 2 7 1 7216 7757 4606
15736 2 2 7 1 6940 7834 2961
15737 2 2 7 1 1833 7858 7793
15738 2 2 7 1 7285 7787 5967
15739 2 2 7 1 3961 8002 6694
15740 2 2 7 1 7138 7617 1344
15741 2 2 7 1 6114 7984 3049
15742 2 2 7 1 7356 7372 5581
15743 2 2 7 1 3101 7930 5799
15744 2 2 7 1 6458 7765 6660
15745 2 2 7 1 3115 7577 7353
15746 2 2 7 1 7196 7971 4473
15747 2 2 7 1 6445 7964 4453
15748 2 2 7 1 3214 7986 6278
15749 2 2 7 1 6847 7442 5595
15750 2 2 7 1 3380 7694 6747
15751 2 2 7 1 1599 7943 7850
15752 2 2 7 1 7605 7909 4521
15753 2 2 7 1 6465 7784 6464
15754 2 2 7 1 7224 7922 5992
15755 2 2 7 1 7140 7729 5605
15756 2 2 7 1 7829 7951 3447
15757 2 2 7 1 1154 7923 7288
15758 2 2 7 1 4544 7849 6594
15759 2 2 7 1 1251 7838 5895
15760 2 2 7 1 4563 7835 6845
15761 2 2 7 1 3311 7479 7478
15762 2 2 7 1 7204 7333 4611
15763 2 2 7 1 7016 7798 4805
15764 2 2 7 1 7348 7900 6271
15765 2 2 7 1 7655 7835 4563
15766 2 2 7 1 1336 7929 6259
15767 2 2 7 1 1740 7979 3938
15768 2 2 7 1 7446 7465 4637
15769 2 2 7 1 6318 8011 1346
15770 2 2 7 1 1331 8005 6229
15771 2 2 7 1 7064 7831 6306
15772 2 2 7 1 3736 7799 7312
15773 2 2 7 1 6603 7722 1907
15774 2 2 7 1 7470 7822 4864
15775 2 2 7 1 4437 7834 6940
15776 2 2 7 1 3086 8004 5986
15777 2 2 7 1 4334 7725 7153
15778 2 2 7 1 6220 7556 7555
15779 2 2 7 1 4514 7903 6626
15780 2 2 7 1 6840 7599 2200
15781 2 2 7 1 2039 7658 7344
15782 2 2 7 1 5655 7999 7303
15783 2 2 7 1 6433 7715 1178
15784 2 2 7 1 6738 7395 2081
15785 2 2 7 1 6486 7869 2027
15786 2 2 7 1 1135 7920 6300
15787 2 2 7 1 5892 7749 7433
15788 2 2 7 1 4163 7948 7891
15789 2 2 7 1 5085 7813 7025
15790 2 2 7 1 6943 7498 4609
15791 2 2 7 1 7344 7569 1321
15792 2 2 7 1 1629 7848 6735
15793 2 2 7 1 1063 7974 6397
15794 2 2 7 1 1165 7765 6458
15795 2 2 7 1 6874 7259 1335
15796 2 2 7 1 1352 8015 6326
15797 2 2 7 1 6050 7908 1313
15798 2 2 7 1 4805 7811 6683
15799 2 2 7 1 6016 7824 1050
15800 2 2 7 1 6435 7514 7451
15801 2 2 7 1 6230 7723 2166
15802 2 2 7 1 6264 8009 4724
15803 2 2 7 1 6464 7784 1165
15804 2 2 7 1 6466 8021 7486
15805 2 2 7 1 1376 7914 6477
15806 2 2 7 1 7265 7774 2842
15807 2 2 7 1 5014 7583 6995
15808 2 2 7 1 1949 7545 7077
15809 2 2 7 1 2107 7965 7097
15810 2 2 7 1 4854 7530 6821
15811 2 2 7 1 4852 7913 7297
15812 2 2 7 1 7231 7870 4908
15813 2 2 7 1 1763 7995 6248
15814 2 2 7 1 1123 7566 7500
15815 2 2 7 1 6530 7947 6529
15816 2 2 7 1 1879 7703 7263
15817 2 2 7 1 7402 7574 7573
15818 2 2 7 1 7450 7632 6311
15819 2 2 7 1 3049 7984 7366
15820 2 2 7 1 2154 7619 7053
15821 2 2 7 1 3341 7727 7276
15822 2 2 7 1 7820 7821 1723
15823 2 2 7 1 6929 7703 1879
15824 2 2 7 1 7473 7766 4956
15825 2 2 7 1 7230 7604 3367
15826 2 2 7 1 7402 7573 3135
15827 2 2 7 1 5059 7996 6703
15828 2 2 7 1 7403 7942 6110
15829 2 2 7 1 7587 7770 6220
15830 2 2 7 1 7244 7987 5119
15831 2 2 7 1 2358 7987 7244
15832 2 2 7 1 1796 7945 6635
15833 2 2 7 1 1770 7674 6844
15834 2 2 7 1 1726 7603 6916
15835 2 2 7 1 3244 7294 7293
15836 2 2 7 1 4902 7524 6841
15837 2 2 7 1 6582 7904 6551
15838 2 2 7 1 7268 7394 5066
15839 2 2 7 1 1971 7944 7555
15840 2 2 7 1 7496 8012 4812
15841 2 2 7 1 6661 7772 4458
15842 2 2 7 1 6955 7725 4334
15843 2 2 7 1 7172 7780 4564
15844 2 2 7 1 849 7597 7419
15845 2 2 7 1 3317 7584 7305
15846 2 2 7 1 1207 7947 7122
15847 2 2 7 1 4820 7810 6483
15848 2 2 7 1 7279 7587 1327
15849 2 2 7 1 7495 7759 5617
15850 2 2 7 1 7027 7911 4715
15851 2 2 7 1 5904 7512 7469
15852 2 2 7 1 1373 7956 6456
15853 2 2 7 1 7645 7930 3101
15854 2 2 7 1 2939 7331 7271
15855 2 2 7 1 6643 7950 1932
15856 2 2 7 1 6772 7982 3901
15857 2 2 7 1 5814 7948 7354
15858 2 2 7 1 7682 8001 1175
15859 2 2 7 1 1881 7198 7197
15860 2 2 7 1 2901 7696 7695
15861 2 2 7 1 6983 7756 4697
15862 2 2 7 1 7433 7463 1303
15863 2 2 7 1 5785 8010 7358
15864 2 2 7 1 2081 7950 7024
15865 2 2 7 1 7041 7595 4544
15866 2 2 7 1 5894 7465 7446
15867 2 2 7 1 5109 7546 6108
15868 2 2 7 1 4979 7986 6622
15869 2 2 7 1 2027 7869 7857
15870 2 2 7 1 6985 7414 5613
15871 2 2 7 1 5731 7884 7438
15872 2 2 7 1 7627 7721 2209
15873 2 2 7 1 3444 7918 6931
15874 2 2 7 1 4195 7951 7789
15875 2 2 7 1 7030 7504 1910
15876 2 2 7 1 4860 7905 6534
15877 2 2 7 1 7337 7738 5685
15878 2 2 7 1 6773 7468 1936
15879 2 2 7 1 7391 7614 3368
15880 2 2 7 1 7527 7528 6063
15881 2 2 7 1 6151 7942 7668
15882 2 2 7 1 7789 7951 4196
15883 2 2 7 1 6683 7811 4975
15884 2 2 7 1 7406 7579 5905
15885 2 2 7 1 7510 7516 6192
15886 2 2 7 1 7522 7523 6138
15887 2 2 7 1 3398 7826 7170
15888 2 2 7 1 1317 7575 7455
15889 2 2 7 1 7562 7563 6228
15890 2 2 7 1 1905 7563 7562
15891 2 2 7 1 1906 7632 7450
15892 2 2 7 1 7506 7558 6207
15893 2 2 7 1 7589 7841 5695
15894 2 2 7 1 7470 7863 5957
15895 2 2 7 1 7730 7731 1199
15896 2 2 7 1 1717 7679 7464
15897 2 2 7 1 4641 7822 6663
15898 2 2 7 1 1178 7715 7559
15899 2 2 7 1 7438 7925 5731
15900 2 2 7 1 7933 7955 4882
15901 2 2 7 1 1952 7989 6906
15902 2 2 7 1 7528 7566 6062
15903 2 2 7 1 1831 7926 7737
15904 2 2 7 1 7912 8019 1861
15905 2 2 7 1 6014 7879 7565
15906 2 2 7 1 7474 7923 5924
15907 2 2 7 1 1052 7864 7468
15908 2 2 7 1 6723 7678 3184
15909 2 2 7 1 1136 7852 6708
15910 2 2 7 1 6631 7483 4731
15911 2 2 7 1 6529 7947 1207
15912 2 2 7 1 6957 7480 3687
15913 2 2 7 1 7555 7944 6216
15914 2 2 7 1 7333 7993 4999
15915 2 2 7 1 1823 8020 6763
15916 2 2 7 1 7622 7623 1161
15917 2 2 7 1 6799 7540 2038
15918 2 2 7 1 2901 7886 7696
15919 2 2 7 1 6637 8001 7682
15920 2 2 7 1 2521 7547 6860
15921 2 2 7 1 4780 7993 7333
15922 2 2 7 1 7486 8021 2125
15923 2 2 7 1 3190 7911 7602
15924 2 2 7 1 6834 7905 4860
15925 2 2 7 1 5819 7522 6834
15926 2 2 7 1 6594 7849 7489
15927 2 2 7 1 7579 7895 3137
15928 2 2 7 1 7538 7929 1336
15929 2 2 7 1 2138 7544 7009
15930 2 2 7 1 7706 7707 1368
15931 2 2 7 1 1050 7824 7481
15932 2 2 7 1 6916 7603 1516
15933 2 2 7 1 7785 7847 2948
15934 2 2 7 1 1911 7548 7288
15935 2 2 7 1 6220 7770 7556
15936 2 2 7 1 2212 7859 2193
15937 2 2 7 1 7234 7523 4903
15938 2 2 7 1 1875 7832 7831
15939 2 2 7 1 6895 7404 4836
15940 2 2 7 1 7563 8005 1331
15941 2 2 7 1 5685 7909 7337
15942 2 2 7 1 6855 7756 3232
15943 2 2 7 1 1347 7769 6313
15944 2 2 7 1 4519 7952 7012
15945 2 2 7 1 7213 7444 3996
15946 2 2 7 1 1920 7531 6553
15947 2 2 7 1 7312 7799 4830
15948 2 2 7 1 4650 7971 7196
15949 2 2 7 1 6903 7471 4710
15950 2 2 7 1 6694 8002 4734
15951 2 2 7 1 1964 7553 6751
15952 2 2 7 1 6229 8005 7864
15953 2 2 7 1 6654 8008 3944
15954 2 2 7 1 4646 7917 7916
15955 2 2 7 1 1785 8000 6568
15956 2 2 7 1 7573 7574 4917
15957 2 2 7 1 6686 7541 4829
15958 2 2 7 1 4128 8012 7496
15959 2 2 7 1 7695 7696 5064
15960 2 2 7 1 7464 7679 1693
15961 2 2 7 1 7793 7858 1736
15962 2 2 7 1 1830 7724 6567
15963 2 2 7 1 6316 7809 6437
15964 2 2 7 1 5092 7841 7589
15965 2 2 7 1 1792 7927 6581
15966 2 2 7 1 3231 7811 7798
15967 2 2 7 1 2047 7824 6016
15968 2 2 7 1 7798 7811 4805
15969 2 2 7 1 4816 7533 6937
15970 2 2 7 1 4718 7779 7650
15971 2 2 7 1 7217 7218 1926
15972 2 2 7 1 6690 7817 4602
15973 2 2 7 1 1562 8016 7793
15974 2 2 7 1 1165 7784 7765
15975 2 2 7 1 3503 7896 7636
15976 2 2 7 1 7737 7926 1708
15977 2 2 7 1 2655 7739 7624
15978 2 2 7 1 1871 7970 7832
15979 2 2 7 1 7828 7829 3467
15980 2 2 7 1 1996 7958 7720
15981 2 2 7 1 5600 7969 7158
15982 2 2 7 1 4961 7604 7230
15983 2 2 7 1 7085 7572 5735
15984 2 2 7 1 3435 7753 7416
15985 2 2 7 1 7626 7836 1489
15986 2 2 7 1 4569 7962 6664
15987 2 2 7 1 4645 7839 7215
15988 2 2 7 1 1875 7831 7064
15989 2 2 7 1 1991 7773 6796
15990 2 2 7 1 7485 7486 2022
15991 2 2 7 1 7624 7739 4185
15992 2 2 7 1 7537 7754 1607
15993 2 2 7 1 5977 7976 3077
15994 2 2 7 1 2936 7955 7933
15995 2 2 7 1 2995 7915 7511
15996 2 2 7 1 7059 7924 3233
15997 2 2 7 1 1600 7754 7537
15998 2 2 7 1 4866 7957 7253
15999 2 2 7 1 4855 7567 7264
16000 2 2 7 1 1500 7836 7626
16001 2 2 7 1 1899 7534 6961
16002 2 2 7 1 1923 7560 6950
16003 2 2 7 1 7511 7915 3027
16004 2 2 7 1 2064 7528 7527
16005 2 2 7 1 6631 7846 7484
16006 2 2 7 1 4848 7579 7406
16007 2 2 7 1 7650 7779 4976
16008 2 2 7 1 4453 7902 7236
16009 2 2 7 1 7700 7897 2496
16010 2 2 7 1 7741 7983 6482
16011 2 2 7 1 4340 7830 7332
16012 2 2 7 1 7500 7566 2063
16013 2 2 7 1 1992 8003 7383
16014 2 2 7 1 1727 7821 7820
16015 2 2 7 1 2149 7885 7702
16016 2 2 7 1 3609 7766 7328
16017 2 2 7 1 7199 7561 1994
16018 2 2 7 1 4864 7863 7470
16019 2 2 7 1 1138 3376 9
16020 2 2 7 1 7484 7846 4974
16021 2 2 7 1 4698 7516 7510
16022 2 2 7 1 7565 7879 4787
16023 2 2 7 1 4593 7870 7231
16024 2 2 7 1 4752 7886 7699
16025 2 2 7 1 7636 7896 5629
16026 2 2 7 1 7559 7715 1984
16027 2 2 7 1 7832 7970 1922
16028 2 2 7 1 7366 7984 5070
16029 2 2 7 1 6208 8019 7912
16030 2 2 7 1 4720 7942 7403
16031 2 2 7 1 7916 7917 4461
16032 2 2 7 1 5639 7707 7706
16033 2 2 7 1 2050 7731 7730
16034 2 2 7 1 1953 7923 7474
16035 2 2 7 1 7864 8005 2133
16036 2 2 7 1 1913 7978 7887
16037 2 2 7 1 802 1138 9
16038 2 2 7 1 1 4937 593
16039 2 2 7 1 593 4937 5
16040 2 2 7 1 5767 7751 3132
16041 2 2 7 1 5906 7443 3139
16042 2 2 7 1 5959 5964 3142
16043 2 2 7 1 6972 7201 3286
16044 2 2 7 1 4039 7435 4781
16045 2 2 7 1 4181 4414 4179
16046 2 2 7 1 4386 5687 5041
16047 2 2 7 1 4618 6935 4619
16048 2 2 7 1 4691 6578 5585
16049 2 2 7 1 5852 7581 6636
16050 2 2 7 1 6085 7782 6115
$EndElements
