iteration,continuity,momentum,mass_imbalance,velocity_change,u_residual,v_residual,rhie_chow_flux_defect
1,2.1629833341085813e-17,12.018865522272513,1.3877787807814457e-17,0.6218696599016047,8.398350261065035,12.018865522272517,0.00016753968428841187
2,2.4675357243597595e-15,7.887257263055446,1.249000902703301e-16,0.4484538575091091,5.603676116639929,7.887257263055446,7.532251174932775e-05
3,3.1766310502195916e-15,2.538729809793228,8.326672684688674e-17,0.29493818184605847,2.2338879261623594,2.538729809793228,4.186197791300554e-05
4,1.446401592247737e-14,0.738221420695366,4.0245584642661925e-16,0.09091591380094932,0.738221420695366,0.6121325970169662,3.208672258146868e-05
5,3.572622341192766e-14,0.6016447583036316,2.7755575615628914e-16,0.06080281553279143,0.6016447583036317,0.5219267649038233,2.134440327253875e-05
6,5.259909261617901e-14,0.5951211213083798,4.85722573273506e-16,0.039259976773940664,0.5418359874403196,0.5951211213083798,2.5670437879969917e-05
7,5.3236305338003054e-14,0.5194035627186364,5.134781488891349e-16,0.028843505817598154,0.5194035627186364,0.507513230693499,1.6491371377771443e-05
8,1.4679501104258863e-14,0.5697572200110251,2.0816681711721685e-16,0.023339220155638274,0.521864467016518,0.569757220011025,1.8422726280638038e-05
9,2.2732141689851826e-14,0.5082047566986375,9.71445146547012e-16,0.024201374664103326,0.4910703282853837,0.5082047566986375,1.3143580762064483e-05
10,8.889590452643148e-15,0.5124781774838153,6.938893903907228e-17,0.021640884904983726,0.49052363488120954,0.5124781774838153,1.2167690405085882e-05
11,3.9664452278209694e-15,0.4778530472203353,2.498001805406602e-16,0.02050239240019634,0.4778530472203353,0.4761713954984492,1.0700091310179304e-05
12,1.1291315105133037e-14,0.4717732569860747,5.134781488891349e-16,0.01806288389882671,0.47177325698607475,0.45381040439624837,9.591026268802497e-06
13,4.9617428221626625e-15,0.46906265447970774,1.942890293094024e-16,0.017984425230100243,0.46906265447970774,0.44829027371700664,8.964579694164776e-06
14,6.7460685475306814e-15,0.46611548523921015,2.7755575615628914e-16,0.017166386540875656,0.46611548523921015,0.4338967576878113,7.768257238386366e-06
15,1.5740067669384183e-14,0.46651216446070254,5.967448757360216e-16,0.01654641613928942,0.46651216446070254,0.43265088917759575,7.204658085804627e-06
16,1.8005345478466772e-15,0.4664026481989559,6.938893903907228e-17,0.015263094270984046,0.46640264819895594,0.4266295692725714,6.73429909579212e-06
17,2.2337817359718848e-15,0.45798780367912645,1.249000902703301e-16,0.014852716692124623,0.4579878036791264,0.40636997071672687,5.79143442387982e-06
18,1.0150083898374795e-14,0.45616387123234353,4.996003610813204e-16,0.014184135502509632,0.4561638712323435,0.40091506490403217,5.314029696563807e-06
19,2.2715770237047295e-14,0.455503116903725,1.790234627208065e-15,0.013620676565648138,0.455503116903725,0.3953880338539177,5.2017971209391635e-06
20,5.376054419345411e-14,0.4550000597531736,3.497202527569243e-15,0.012774944855826087,0.4550000597531736,0.41311717665478487,6.165949792511834e-06
21,1.143096034494917e-14,0.4549818356973662,8.326672684688674e-17,0.012052568735155367,0.45498183569736617,0.4135531235189356,5.980503689308427e-06
22,9.308092491222553e-15,0.4555212529633826,2.7755575615628914e-16,0.011806653230208797,0.45552125296338253,0.41372197876675776,5.473744595548691e-06
23,2.1605113531553144e-14,0.45068553414570783,9.71445146547012e-16,0.011455033591950659,0.4506855341457079,0.40791571801665344,5.519882930954666e-06
24,2.7747335679118024e-14,0.4472424530890609,1.1657341758564144e-15,0.011006798536683182,0.44724245308906085,0.4035638810892537,5.113142986229549e-06
25,2.4420569733063502e-14,0.4470471637837117,9.298117831235686e-16,0.010707902935930491,0.44704716378371173,0.4079550657964236,5.294996467984144e-06
26,1.130606025467884e-14,0.44505815153615624,1.1102230246251565e-15,0.010362055553368221,0.44505815153615624,0.3968249005418103,4.274369245506164e-06
27,1.0409208217598831e-14,0.4460580763219381,2.498001805406602e-16,0.010177680322231097,0.4460580763219381,0.4016612281565886,4.68028618160246e-06
28,2.639381768698712e-15,0.4450300001892583,4.85722573273506e-16,0.00982577388785888,0.4450300001892583,0.41032231013574516,4.992178603806094e-06
29,3.612588743776013e-15,0.4409072754548232,1.1102230246251565e-16,0.009473372347938436,0.4409072754548233,0.4153086772014579,4.83447267966344e-06
30,4.841830061885766e-15,0.43928380203993567,2.7200464103316335e-15,0.009007970337532756,0.43928380203993567,0.41032115051706913,4.2064384730944545e-06
31,3.0233426507220336e-15,0.43756897659836236,1.249000902703301e-16,0.008663676446686641,0.43756897659836236,0.4079998509040423,4.065456275848364e-06
32,8.480152513632312e-15,0.44885156527008624,9.71445146547012e-17,0.008320954126180169,0.4488515652700862,0.44306977756343113,4.937541235598074e-06
33,8.993451938569576e-15,0.46213235157739363,2.7755575615628914e-16,0.007599081483789849,0.45296527915425555,0.46213235157739374,5.3573847088617e-06
34,1.165292532877716e-14,0.46102992166786994,6.938893903907228e-16,0.0075190019247306505,0.454154631426426,0.46102992166786994,4.89341322838531e-06
35,8.414193210996672e-15,0.45618663410463856,7.077671781985373e-16,0.007251304151663418,0.4547229341608104,0.4561866341046385,4.877219944276588e-06
36,7.991867665693361e-15,0.4595825302048113,3.7470027081099033e-16,0.0067567135290164115,0.45196167272810894,0.4595825302048112,4.596667639992715e-06
37,4.536735570548345e-15,0.46480220208140993,3.608224830031759e-16,0.006124183968590269,0.44977454823016116,0.46480220208140993,4.675805293607642e-06
38,3.143427358687223e-15,0.46475103650085714,5.134781488891349e-16,0.005582317301105477,0.4500823192629107,0.4647510365008572,4.112977330874184e-06
39,1.3567597566266354e-14,0.4658822647970026,9.71445146547012e-17,0.0051836966681664265,0.4428330848064083,0.4658822647970026,3.7307161038077478e-06
40,2.8449465006019636e-15,0.4762641962669671,5.551115123125783e-17,0.004995327603191768,0.44446001448409744,0.4762641962669671,3.767623116373835e-06
41,1.4224190401923575e-15,0.47704220191313645,1.942890293094024e-16,0.0049532105210919886,0.44185574108428444,0.47704220191313645,3.8384406523606396e-06
42,3.997670250388552e-15,0.47844925158364193,1.2490009027033011e-15,0.004857369687781721,0.4335906321915061,0.4784492515836418,3.4276811416744524e-06
43,2.1068216615738322e-15,0.4796345126397832,4.85722573273506e-16,0.004612361158352507,0.43172113975681725,0.4796345126397832,3.3904546522251966e-06
44,7.056855100273651e-15,0.4798708709131055,9.159339953157541e-16,0.004504733381969661,0.4295794067934364,0.4798708709131055,3.40155905561214e-06
45,6.015262073166827e-15,0.4885533380137346,3.885780586188048e-16,0.004450670109213739,0.431693025241356,0.4885533380137346,3.723841262045855e-06
46,4.035834166860042e-15,0.48529147887555135,4.163336342344337e-17,0.004419483801606283,0.43152158908659816,0.48529147887555124,3.3251233850895472e-06
47,6.5717830483036366e-15,0.48780574474610605,1.1102230246251565e-16,0.004374025830891637,0.4284003031602319,0.48780574474610605,3.1856801711577557e-06
48,1.1599662202987915e-14,0.49397206838111996,2.7755575615628914e-17,0.00425974388779371,0.42890287316056863,0.49397206838112007,3.0322972587279344e-06
49,1.270251265284017e-14,0.49027903830868813,7.632783294297951e-16,0.004235618120168372,0.4291740513057256,0.49027903830868813,2.9694182768760677e-06
50,6.534269653135638e-15,0.49405228750913016,2.914335439641036e-16,0.004182222038637273,0.4322976086513584,0.49405228750913016,2.8707329160809423e-06
51,4.21320964227867e-15,0.4941514867990694,4.3021142204224816e-16,0.004099053524453722,0.4342499489407958,0.4941514867990694,2.8860688399168263e-06
52,1.3005221899398123e-14,0.5007054693333924,4.718447854656915e-16,0.003984402342183779,0.43112110094882755,0.5007054693333924,2.9172833774751293e-06
53,1.0597859395611309e-14,0.5052809535400412,2.636779683484747e-16,0.003677908906830729,0.43398841395268034,0.5052809535400411,3.00893516317286e-06
54,5.780098621954721e-15,0.5000632220464505,3.885780586188048e-16,0.003489078379122268,0.4338674900580363,0.5000632220464506,2.720908818299647e-06
55,3.860627095786384e-15,0.5006129508105175,1.1102230246251565e-16,0.003347161990367442,0.4328287525865673,0.5006129508105175,2.8433035035542137e-06
56,9.35015953551499e-16,0.5014748708651746,4.440892098500626e-16,0.003152358135757982,0.43267654630425895,0.5014748708651746,2.5784774381100957e-06
57,8.79071121451247e-16,0.5023407351225498,8.326672684688674e-16,0.0029428191736453613,0.42994965085062875,0.50234073512255,2.5743891768618514e-06
58,2.3436114160446664e-15,0.5115903927013461,1.6653345369377348e-15,0.002613431102690189,0.4294565646164932,0.5115903927013461,2.665512401767584e-06
59,1.1579279202145187e-15,0.5108219381039247,2.914335439641036e-16,0.002500188548519855,0.42681692919812636,0.5108219381039247,2.572327127803493e-06
60,1.6532998928231457e-15,0.5130359992115213,5.828670879282072e-16,0.0024752125534289737,0.4257617081017865,0.5130359992115213,2.480793735580104e-06
61,1.6753634070332257e-15,0.516257996326327,5.273559366969494e-16,0.0024474941976886377,0.42833998452082933,0.516257996326327,2.5708702840179364e-06
62,2.682099334294641e-15,0.5190955511861425,5.273559366969494e-16,0.0024216297942480924,0.42936605937914935,0.5190955511861425,2.632445399498266e-06
63,2.9033849976989323e-15,0.5244381683785716,3.7470027081099033e-16,0.002396591348310495,0.43087855312694495,0.5244381683785716,2.6662121184037456e-06
64,5.8977345576693985e-15,0.5260009979421253,4.3021142204224816e-16,0.002372409085070304,0.4325651112262864,0.5260009979421253,2.4948259252012014e-06
65,6.953964314104777e-15,0.5342425095403799,3.469446951953614e-16,0.002354053592457217,0.4350294455981192,0.5342425095403798,2.6921117190148212e-06
66,7.424887527723856e-15,0.5370473776783984,2.220446049250313e-16,0.0023220401081082143,0.43773101812598014,0.5370473776783985,2.462039511436953e-06
67,2.3805501840612475e-14,0.534331648968234,8.465450562766819e-16,0.0023578308430309246,0.43922984631617157,0.534331648968234,2.3281127627597967e-06
68,9.414750879940814e-15,0.5387235905855418,5.412337245047638e-16,0.002270100421063792,0.4435215856631896,0.5387235905855418,2.3304983848499095e-06
69,4.532181921423906e-15,0.542819450275754,6.938893903907228e-17,0.002321912862787639,0.44526514997305366,0.5428194502757542,2.4301532767918474e-06
70,1.1607793719281556e-14,0.544879014379787,1.6653345369377348e-16,0.0023471020482965232,0.43794510002037185,0.544879014379787,2.4083403144521024e-06
71,1.7379110303639145e-14,0.5509123359714468,4.579669976578771e-16,0.002237260695496736,0.4324795571024209,0.5509123359714468,2.303909108888133e-06
72,1.2055027115431827e-14,0.556096848551431,3.469446951953614e-16,0.002331884466186405,0.43403088522629185,0.556096848551431,2.4206964186661545e-06
73,8.756016744992934e-16,0.5588511930112654,3.0531133177191805e-16,0.002223482035899709,0.43483306856783505,0.5588511930112654,2.606146670848842e-06
74,3.8070675084656e-15,0.5548842035870641,4.163336342344337e-17,0.002266808811359017,0.4373551548014467,0.5548842035870641,2.2719340784605466e-06
75,1.998265919053721e-15,0.5616418668563758,2.7755575615628914e-16,0.002296166336007705,0.4356752137843983,0.5616418668563758,2.2452825555965156e-06
76,5.7740270897888024e-15,0.5872425263205736,8.326672684688674e-16,0.002219897866657298,0.4351937427191861,0.5872425263205736,2.505912123071896e-06
77,4.362287440995427e-15,0.5986209596177982,4.163336342344337e-16,0.0022192216990389903,0.4381637550412874,0.5986209596177982,2.5966727417309485e-06
78,6.4610860064928666e-15,0.5982134411432066,4.163336342344337e-16,0.0022222496011890715,0.44099642716659493,0.5982134411432067,2.4309607610206324e-06
79,8.633881370262442e-15,0.5867118862146298,1.3877787807814457e-16,0.0022579187031078057,0.44792959119379416,0.5867118862146297,2.186024660223045e-06
80,8.099559434607273e-15,0.5796030168415597,1.249000902703301e-16,0.0023741453693799566,0.45202827957024405,0.5796030168415596,2.103177301423065e-06
81,1.5520462519347245e-14,0.5688393539847734,2.3592239273284576e-16,0.0023949580009459404,0.4481876106716869,0.5688393539847733,2.0949381184805807e-06
82,6.2412640160214305e-15,0.5764814747896958,2.220446049250313e-16,0.00236132943438711,0.44852035011090835,0.5764814747896958,2.0802337463326195e-06
83,7.925029989891419e-15,0.5806361227478323,6.938893903907228e-17,0.0023246560611756544,0.44606683717584694,0.5806361227478324,2.2877169187054153e-06
84,2.563921297493721e-15,0.5783138295884473,5.551115123125783e-17,0.0023108122504947783,0.44062593318784204,0.5783138295884473,2.1680970364127247e-06
85,8.831477216197925e-15,0.5825412355812962,1.8041124150158794e-16,0.002328631428246483,0.4427066189928674,0.5825412355812962,2.0862496504938523e-06
86,1.5303730505067392e-14,0.5755839991181815,9.992007221626409e-16,0.0023530952194071794,0.43619382211682056,0.5755839991181814,1.989537683594215e-06
87,7.598088824778415e-16,0.5675463996852622,1.249000902703301e-16,0.0022939556772410465,0.4328725799103652,0.5675463996852622,1.993310514165103e-06
88,2.0886070650760757e-15,0.5637130586439392,4.996003610813204e-16,0.002261365381706945,0.43023323814000647,0.5637130586439392,1.9362013313294103e-06
89,1.0116907311896739e-14,0.548790629531366,4.579669976578771e-16,0.0022389916687874153,0.4143794563959028,0.548790629531366,1.7958107032352475e-06
90,1.2094492074510299e-14,0.562403205158369,1.096345236817342e-15,0.0021504922692989533,0.41282205699353924,0.562403205158369,1.9305800760388686e-06
91,3.472916398905568e-15,0.5681388207960907,4.996003610813204e-16,0.0021698215488647303,0.4123319956160385,0.5681388207960907,1.9837633591869805e-06
92,2.239961688355052e-15,0.5632539696677342,5.134781488891349e-16,0.0021489920498641863,0.41056628620770874,0.5632539696677342,1.8108241709558065e-06
93,3.3046482217358175e-15,0.563111152853905,8.881784197001252e-16,0.002113598227901541,0.4101076632682878,0.563111152853905,1.9295969280266083e-06
94,4.3988250542081886e-15,0.5622978282055866,5.412337245047638e-16,0.0021179004732542438,0.4061586038241416,0.5622978282055865,1.8061941645251405e-06
95,5.278763537397424e-15,0.5670668097438418,9.159339953157541e-16,0.0020999523510942166,0.4077168084113411,0.5670668097438418,1.7575761856089305e-06
96,3.974251483462865e-15,0.5654570223608781,4.0245584642661925e-16,0.002137454433281444,0.4095796688200347,0.565457022360878,1.7173797388055292e-06
97,3.382710778154774e-15,0.5573140714344119,3.3306690738754696e-16,0.0021122563517800078,0.4067415059545232,0.5573140714344118,1.7220439105692597e-06
98,4.924879948298155e-15,0.5591774782754614,1.5543122344752192e-15,0.0021024738314067305,0.41144182777373495,0.5591774782754614,1.6925201379860152e-06
99,3.215309962723012e-15,0.561037844692487,4.0245584642661925e-16,0.002154925496494327,0.4128513740258291,0.561037844692487,1.627041137821089e-06
100,1.0998580518561951e-14,0.5521958292581389,1.2906342661267445e-15,0.0021503496151515696,0.4048092897527228,0.5521958292581391,1.6008885930929917e-06
101,1.4834054123946672e-15,0.5547139317449803,1.942890293094024e-16,0.0021161051247809027,0.4020397072601899,0.5547139317449804,1.7981257550389005e-06
102,1.431363708115363e-15,0.5588960846244458,1.3877787807814457e-17,0.002095827371485795,0.4021891404689725,0.558896084624446,1.629387349849902e-06
103,7.499426427082234e-16,0.5536465632167487,2.220446049250313e-16,0.0020902574183371547,0.3991653087384257,0.5536465632167485,1.570409405230466e-06
104,3.726186026398182e-15,0.5497282205545329,7.632783294297951e-16,0.002059541343163015,0.3966998232030725,0.5497282205545329,1.5843221019636823e-06
105,1.8735013540549517e-15,0.5603719163869039,5.551115123125783e-16,0.0020465010547909557,0.3955857420367095,0.5603719163869039,1.6196242678463203e-06
106,1.4589024432964948e-15,0.559229537545253,1.3877787807814457e-17,0.0020313366318660594,0.3955632345865694,0.5592295375452528,1.5460487600415014e-06
107,3.0773994463828558e-15,0.5543471647640285,2.3592239273284576e-16,0.0020524015140007,0.39092313150065183,0.5543471647640286,1.5415977125521763e-06
108,6.574601973952099e-15,0.5497922319941919,1.0685896612017132e-15,0.0019822428180335666,0.37939404012161904,0.5497922319941919,1.4368115484060603e-06
109,2.9889285491080386e-15,0.552604890667067,3.469446951953614e-16,0.0019390015291426647,0.38114050090759355,0.552604890667067,1.5065902222593492e-06
110,1.007874339542525e-15,0.5517637840319778,2.498001805406602e-16,0.001961976850086415,0.3839009977158129,0.5517637840319778,1.4111425913843877e-06
111,1.762479051592436e-15,0.5543442642967807,1.6653345369377348e-16,0.001962009843369028,0.38429064230556176,0.5543442642967806,1.4730985794918095e-06
112,4.593547764386585e-15,0.5550909096029106,9.020562075079397e-16,0.0019733627202481938,0.3858030619360933,0.5550909096029107,1.4057464014021658e-06
113,4.31946145518225e-15,0.5603027142880376,2.3592239273284576e-16,0.0019388670852076729,0.3866545770470978,0.5603027142880376,1.4324283098080507e-06
114,5.294376048681215e-15,0.5638591444657968,6.106226635438361e-16,0.0019472336784540946,0.3876318039967834,0.5638591444657969,1.4181303086729444e-06
115,5.288087676080799e-15,0.5596923337690408,4.163336342344337e-16,0.0019525061695107107,0.38842236966537835,0.5596923337690407,1.4235046055936927e-06
116,6.081940506774686e-15,0.5582112674840148,4.440892098500626e-16,0.0019316608103826585,0.389693735302609,0.5582112674840148,1.3055712421250057e-06
117,5.8731231683539775e-15,0.55613031469828,4.440892098500626e-16,0.0019562180576489525,0.39334388128588654,0.5561303146982801,1.2619833296487954e-06
118,1.313185671314443e-14,0.5483806320628818,2.5396351688300456e-15,0.001986230379309905,0.39141670395416767,0.5483806320628818,1.2501454061208744e-06
119,4.515918888836623e-15,0.5591237976823205,3.0531133177191805e-16,0.0019388649261843256,0.39069254205121884,0.5591237976823205,1.3438877374983485e-06
120,2.130240428499519e-15,0.5646842554755526,2.498001805406602e-16,0.0019279469653104824,0.3901833450275102,0.5646842554755527,1.3104382188455453e-06
121,1.4010060472857688e-15,0.5593338800832031,1.6653345369377348e-16,0.0019410055685886406,0.3841367844430142,0.5593338800832031,1.3539073216721415e-06
122,1.0566634373043726e-15,0.5662095610443123,8.326672684688674e-17,0.0018719909575071695,0.38298811292690055,0.5662095610443123,1.2663809610403494e-06
123,9.900934239137626e-16,0.5625049073714856,1.887379141862766e-15,0.0018766221893911517,0.3799627114613016,0.5625049073714856,1.2810397752519776e-06
124,1.7694179454963432e-15,0.553352962980459,2.498001805406602e-16,0.0018419945703891279,0.38073462715467865,0.5533529629804591,1.2104425141848958e-06
125,4.421810140264881e-15,0.5487470333171947,1.5265566588595902e-16,0.0018531438531782067,0.38079971495431375,0.5487470333171948,1.1429500099326787e-06
126,1.7850304567801345e-14,0.515365565560733,1.124100812432971e-15,0.0018454245152518221,0.36212837566873557,0.5153655655607331,1.1152908055739418e-06
127,1.240327285323417e-15,0.5389691163235393,3.191891195797325e-16,0.0017302102070980777,0.3584537347924195,0.5389691163235393,1.300311898081669e-06
128,4.0609876572617054e-15,0.5423778928169359,1.8041124150158794e-16,0.0017265483259122794,0.35805405915785476,0.5423778928169359,1.211128295972343e-06
129,2.0452389781766556e-15,0.5197757530079806,7.216449660063518e-16,0.001714707239099977,0.35259036088272977,0.5197757530079807,1.0773867396483657e-06
130,4.588343593958655e-15,0.5142979011948987,1.5265566588595902e-16,0.0016654774773737467,0.35048194722541703,0.5142979011948987,1.050250249143976e-06
131,2.3678975447083417e-15,0.5118796902096949,1.0408340855860843e-15,0.001677711377096821,0.34573969945768596,0.511879690209695,1.070087736355293e-06
132,2.6385144069607236e-15,0.5124068211658418,2.636779683484747e-16,0.0016498293512703585,0.3443793016007013,0.5124068211658419,1.046691531257838e-06
133,1.7659484985443896e-15,0.5162047710214575,2.636779683484747e-16,0.0016279881273927755,0.34300279542980583,0.5162047710214575,1.0907263823920197e-06
134,2.0903417885520525e-15,0.49187357080514466,1.6514567491299204e-15,0.0016144702620247298,0.3308002353570679,0.4918735708051446,1.0200491347776081e-06
135,2.8900493109773606e-15,0.4970726994017636,1.249000902703301e-16,0.0015336960824130774,0.32942494644363646,0.4970726994017636,1.0860066563454637e-06
136,5.176414852314792e-15,0.49116179809237415,4.996003610813204e-16,0.0015994333902428215,0.32985489386568645,0.4911617980923742,9.531734042341099e-07
137,1.448494102440634e-14,0.46096740672104025,4.163336342344337e-17,0.0016102875727538272,0.3217169136370046,0.4609674067210402,9.085645449715868e-07
138,2.753006156375193e-15,0.4547275623527228,6.938893903907228e-17,0.001544756144511059,0.31606788130823155,0.4547275623527228,9.99554390989209e-07
139,6.390721285498557e-15,0.4746770589131424,6.938893903907228e-16,0.00149678909552013,0.31565222629741935,0.4746770589131423,1.0089247444963013e-06
140,9.034439862887211e-15,0.48413355110375683,2.498001805406602e-16,0.0014928801965894568,0.3134255513467875,0.48413355110375683,1.0447366724983452e-06
141,7.042977312465837e-15,0.47617159280053123,2.0816681711721685e-16,0.0014987279606193463,0.31145851091982624,0.47617159280053123,1.0229884710800584e-06
142,1.1242742847805687e-14,0.45580430693949536,2.220446049250313e-16,0.0014737562245855512,0.3058390922653042,0.4558043069394955,9.183679178819636e-07
143,3.093011957666647e-15,0.44542197462526045,1.1102230246251565e-16,0.001452568858339014,0.30212866515724335,0.4454219746252605,9.785531218977015e-07
144,4.3749726064135075e-15,0.43811369596129307,1.3877787807814457e-17,0.0014270981795932707,0.30095532491385,0.4381136959612931,8.585535068022166e-07
145,1.548414174656898e-14,0.42534808340542296,2.5396351688300456e-15,0.0014174240404433887,0.2969908310985286,0.42534808340542296,8.467394097075472e-07
146,3.073929999430902e-15,0.45732967091274834,3.608224830031759e-16,0.0013952476896416446,0.29947604663696886,0.4573296709127484,1.00862491315786e-06
147,7.469719287556131e-15,0.4668033703182739,1.1102230246251565e-16,0.001399194937147066,0.3002330513693523,0.4668033703182738,1.020279797118442e-06
148,7.141856550596515e-15,0.4521662607615544,6.38378239159465e-16,0.0014264971013006854,0.2977140834266323,0.4521662607615544,9.584441257377503e-07
149,6.225922555280761e-15,0.4408692147873504,1.3877787807814457e-16,0.001392684290050246,0.29624017220332316,0.4408692147873504,8.928460955029673e-07
150,1.607568245187707e-14,0.43313824261003225,7.632783294297951e-16,0.0013932615763241462,0.29473346058451827,0.4331382426100322,8.701707365109804e-07
151,1.7160751986100564e-15,0.44458431819075683,1.3877787807814457e-16,0.0014034286009456352,0.29352485340629036,0.44458431819075683,9.590019354563826e-07
152,4.274358644806853e-15,0.45102800343195926,2.7755575615628914e-17,0.0014024989423157535,0.2927748493692948,0.4510280034319593,8.821566244281583e-07
153,5.386316392907986e-15,0.43452263241517064,4.996003610813204e-16,0.0013972303467997167,0.28916990307411694,0.43452263241517064,8.124374640508854e-07
154,1.1102230246251565e-15,0.42681150518629574,2.7755575615628914e-17,0.001387176530814856,0.28557632859953497,0.42681150518629574,8.935991702699426e-07
155,2.3141211169530607e-15,0.42679673890848074,6.38378239159465e-16,0.0013682063465021745,0.28510422942662267,0.42679673890848074,8.604313746770851e-07
156,2.63504496000877e-15,0.4139640605213048,2.220446049250313e-16,0.0013790821916451713,0.2829307198247641,0.4139640605213048,8.18891077728157e-07
157,3.2317898357447916e-15,0.39855799666847813,1.5265566588595902e-16,0.0013913650944730061,0.27964911963125666,0.39855799666847813,7.693319187692453e-07
158,3.526692826660849e-15,0.4074436372307473,6.938893903907228e-17,0.0013672912258447124,0.27759696998953354,0.4074436372307472,7.582257755565496e-07
159,4.244109404194507e-15,0.4197247624645258,1.3877787807814457e-15,0.0013537947579439682,0.2745834515517573,0.4197247624645258,9.070936205482315e-07
160,4.2490967341879404e-15,0.42986852191579733,9.71445146547012e-17,0.0013233718407032607,0.27360129624350554,0.42986852191579733,8.721694542767043e-07
161,3.3029134982598407e-15,0.41905049010149764,6.661338147750939e-16,0.0013322331796165841,0.2709876294872029,0.41905049010149764,7.674428295945911e-07
162,8.337297865979032e-15,0.38410733532108365,1.3183898417423734e-15,0.0013297153741608607,0.26343011856267273,0.38410733532108365,8.215721037973296e-07
163,8.986518126863352e-15,0.3877589183671952,3.191891195797325e-16,0.0012967296987082908,0.2597797028293009,0.3877589183671953,7.805070318771615e-07
164,1.7060571705362904e-14,0.38708721109178124,5.828670879282072e-16,0.0012878103077913865,0.25640817884627964,0.3870872110917811,7.751557739667547e-07
165,6.750134305677502e-15,0.3798504686376821,2.498001805406602e-16,0.0012760112096649595,0.2523890834579914,0.3798504686376821,7.362670095413934e-07
166,7.88496871961808e-15,0.38066339172089547,7.494005416219807e-16,0.0012586848519780622,0.2507817344363294,0.3806633917208954,6.738292021139031e-07
167,2.2169766022983595e-15,0.3731600681144779,5.412337245047638e-16,0.0012847988286013084,0.24759604131646273,0.37316006811447794,7.64616782285418e-07
168,3.7816971776294395e-15,0.37466083368660275,6.661338147750939e-16,0.0012831657306108957,0.24303095768702918,0.3746608336866028,7.672073561878478e-07
169,2.091425990724538e-16,0.373169993050553,2.636779683484747e-16,0.001278678202820245,0.2414968267064087,0.37316999305055304,6.725513672867519e-07
170,4.588343593958655e-15,0.35967425674850073,1.5959455978986625e-15,0.0012833534873575095,0.23779063629571887,0.35967425674850073,6.75243542494354e-07
171,3.8337388819087437e-16,0.3567204504691308,3.0531133177191805e-16,0.0012608813179299724,0.23646458800662304,0.3567204504691308,7.513907123995873e-07
172,4.11823353196894e-15,0.3513685369191016,3.0531133177191805e-16,0.0012830275316695512,0.23444132655539038,0.3513685369191015,7.166065699047283e-07
173,1.0911410663894117e-15,0.33848001362913505,3.885780586188048e-16,0.0013040739475539617,0.22923368177976455,0.3384800136291351,7.363927011237194e-07
174,5.955305693028379e-15,0.35354273765995997,9.43689570931383e-16,0.0012749693527020559,0.22924452281144492,0.35354273765995997,6.710965762663609e-07
175,8.463282158421848e-16,0.35665713288885814,4.163336342344337e-17,0.0012978756985029174,0.22809806105495758,0.35665713288885814,7.348664478235689e-07
176,1.270251265284017e-15,0.35493399018554656,8.743006318923108e-16,0.0012894247654185193,0.22259522423538097,0.35493399018554656,9.258943624791867e-07
177,1.6500472863056892e-15,0.3647552224728147,3.885780586188048e-16,0.001264074996465964,0.22253942003244787,0.3647552224728147,7.73311280472077e-07
178,2.6016515330962164e-15,0.3503391246157978,1.0824674490095276e-15,0.0013193566265690664,0.2210552381074259,0.35033912461579775,7.396142890216515e-07
179,2.6645352591003757e-15,0.3320828197267707,1.4710455076283324e-15,0.0013265786765890436,0.22067038469895225,0.3320828197267707,8.615911508458721e-07
180,4.2150527859718956e-15,0.315160169303333,2.095545958979983e-15,0.0013695486894109415,0.21993325663977703,0.315160169303333,8.443987500496625e-07
181,8.910515554572118e-15,0.2864830900091615,6.467049118441537e-15,0.0013862433936527117,0.21407495595254258,0.2864830900091614,7.982065054796662e-07
182,1.082814393704723e-14,0.30009929859625006,6.869504964868156e-15,0.0013099807854201305,0.21429592373884712,0.30009929859625006,7.295411279519141e-07
183,4.351987520356815e-15,0.3014180024689332,2.1788126858268697e-15,0.0013374490978253877,0.21302547877273748,0.30141800246893313,7.709183424067536e-07
184,2.1614654510671016e-15,0.2945040818604724,1.8041124150158794e-16,0.00129374378917488,0.20621161232398802,0.29450408186047233,8.771922085200354e-07
185,1.2342557531574982e-15,0.2994225419589383,3.469446951953614e-16,0.0011138241584617119,0.20582000997948488,0.29942254195893825,8.155147235062554e-07
186,3.5024066979971735e-15,0.2782647645972627,2.914335439641036e-15,0.0010883689524485707,0.2024739440379335,0.2782647645972627,7.031393825625107e-07
187,5.59621793350118e-15,0.2508081613237923,1.9984014443252818e-15,0.0010858552140046163,0.19579543158311757,0.2508081613237923,8.515592814125324e-07
188,1.186550857568136e-15,0.2421860504370494,4.85722573273506e-16,0.0010848950607683094,0.1905145719035909,0.2421860504370494,8.761366122099621e-07
189,5.898059818321144e-15,0.2494425034806967,3.2335245592207684e-15,0.0010835735414629344,0.17866375288065292,0.2494425034806967,7.385511802113509e-07
190,9.384854005034526e-16,0.2600411846223977,5.551115123125783e-17,0.0010792202795127936,0.1738756570662081,0.2600411846223977,7.45683108184919e-07
191,4.713243684228985e-15,0.2557352157572006,2.6229018956769323e-15,0.0010762173606022607,0.17006177825476454,0.2557352157572006,7.669579058667599e-07
192,7.972789095589405e-15,0.23182602710510816,1.942890293094024e-15,0.0010742865777820243,0.1580051954584097,0.23182602710510816,8.450331986970696e-07
193,1.979319486089537e-15,0.25426632567483964,1.4988010832439613e-15,0.0010708016190780212,0.15516567343798182,0.2542663256748397,7.974548069969925e-07
194,2.0990154059319366e-15,0.2478953343810817,1.5543122344752192e-15,0.0010710215025283576,0.15416517343636593,0.24789533438108166,7.175171240498334e-07
195,4.057518210309752e-15,0.20538842884106578,3.191891195797325e-15,0.001071295181690024,0.14546064563747177,0.20538842884106584,7.652459908286842e-07
196,2.579533808777512e-15,0.203388963871043,1.9845236565174673e-15,0.0010662850649420519,0.1425723438161462,0.203388963871043,7.769473976557706e-07
197,3.391384395534658e-15,0.20070096382861938,2.581268532253489e-15,0.00106424969897001,0.13967532384435338,0.2007009638286194,7.045034031297403e-07
198,3.3740371607748898e-15,0.2114901005307459,3.2890357104520263e-15,0.0010628092284927781,0.1350181627314117,0.2114901005307459,6.728405438244516e-07
199,4.002007059078494e-15,0.24003020830746072,2.6922908347160046e-15,0.0010623305787128001,0.13232753644704348,0.24003020830746072,7.541492319009043e-07
200,3.714042962066344e-15,0.229069120851813,5.023759186428833e-15,0.0010623315140121936,0.125381198006634,0.22906912085181297,7.646780701304616e-07
201,6.173447170132462e-16,0.24192805214237478,2.498001805406602e-16,0.0010587964838573716,0.12299184290111835,0.24192805214237478,7.259649974515097e-07
202,3.94996535479919e-15,0.23981186771153917,3.1086244689504383e-15,0.0010573194410160025,0.12246787494591144,0.23981186771153912,6.495279780960659e-07
203,7.433832195646861e-15,0.1954446998550434,4.371503159461554e-15,0.001057533407624156,0.11903096664512529,0.1954446998550434,6.2455155608393e-07
204,3.0241651197138175e-15,0.14480612353027345,3.3306690738754696e-15,0.0010571257723901994,0.11596465609911841,0.14480612353027345,6.501595452745176e-07
205,4.913929506356052e-15,0.1381002654688527,4.5102810375396984e-15,0.0010568448540598796,0.1150974177074243,0.13810026546885273,4.84347333937944e-07
206,3.718596611190783e-15,0.1457020032279273,2.5673907444456745e-15,0.0010573264076899624,0.11509494485023655,0.1457020032279273,4.6041064319963305e-07
207,5.890795663765491e-15,0.17331143826701065,6.453171330633722e-15,0.0010570981531747847,0.11656871904313315,0.17331143826701065,5.779672562618484e-07
208,7.63885482646387e-15,0.18547022966567595,5.898059818321144e-15,0.0010563974980225543,0.11573737911757057,0.18547022966567597,6.631700837399867e-07
209,4.14815751192954e-15,0.1929793084221409,3.1363800445660672e-15,0.0010538967190437676,0.11515541822507534,0.19297930842214092,6.43048108747018e-07
210,4.728856195512776e-15,0.19574805260556702,3.95516952522712e-15,0.0010524787310026151,0.11520860792174416,0.19574805260556705,6.194982596199413e-07
211,6.312225048210607e-15,0.17838321215699698,3.0253577421035516e-15,0.001052700265117834,0.11179429294740871,0.17838321215699696,6.844799567588625e-07
212,4.44956571588051e-15,0.20480063165243284,3.2612801348363973e-15,0.0010495107702810924,0.11040972397058196,0.20480063165243284,8.145817751078186e-07
213,8.101158632811689e-16,0.22627331537099138,7.216449660063518e-16,0.0010449620534594972,0.11060046744135113,0.22627331537099138,7.938101117489341e-07
214,7.202571872255703e-15,0.2251017260343282,5.093148125467906e-15,0.0010436214571388214,0.10944988582193563,0.2251017260343282,7.222221349494466e-07
215,8.429021369771306e-15,0.2073540996603108,5.676015213396113e-15,0.001043822783822479,0.10817187595475411,0.20735409966031082,7.604006262029401e-07
216,6.132247487578013e-15,0.17930255695617553,3.70536934468646e-15,0.0010464104791791384,0.1051172871944808,0.17930255695617556,7.765081610265975e-07
217,6.4543639530234564e-15,0.1693549526445476,3.802513859341161e-15,0.001046204838598519,0.10151213887297218,0.16935495264454764,6.905175486141174e-07
218,5.105074349365246e-15,0.17832897332901815,2.3592239273284576e-15,0.0010443917337388253,0.10235822677149271,0.17832897332901815,6.325462538483633e-07
219,8.041527513324986e-16,0.1877432300664259,1.3600232051658168e-15,0.0010450059835037662,0.10197561038438023,0.18774323006642588,6.303108592477372e-07
220,8.531586895288434e-16,0.21473487996526186,4.718447854656915e-16,0.0010449077045946997,0.09864790013787236,0.2147348799652619,6.936994201942732e-07
221,6.281867387381013e-16,0.22243853290849655,3.608224830031759e-16,0.0010429138900998058,0.09845185865528336,0.22243853290849655,7.000496125037442e-07
222,5.647609116476993e-16,0.22215087743338974,1.27675647831893e-15,0.0010435311859611218,0.09993560227876165,0.22215087743338974,6.60363728224351e-07
223,1.8939927751149277e-15,0.2145865549718835,4.996003610813204e-16,0.00104447632599175,0.1001095523551921,0.2145865549718835,6.472818577148136e-07
224,4.216679089230624e-15,0.18976285566548412,4.163336342344337e-17,0.001044628990650387,0.09923852669242691,0.18976285566548412,6.309582016978419e-07
225,2.9085891681268627e-15,0.19311736554311498,4.718447854656915e-16,0.0010441537319145766,0.09875611452458474,0.19311736554311495,6.281044475898452e-07
226,2.5668486433594317e-15,0.2014024497901054,1.2490009027033011e-15,0.0010436942505724356,0.09854358982175845,0.20140244979010538,5.829144362819457e-07
227,1.0748997178455788e-14,0.19736556487579462,5.134781488891349e-16,0.0010442853605797109,0.09820600021575085,0.19736556487579465,5.279406698221513e-07
228,4.363263222950664e-15,0.18749665337847832,1.7763568394002505e-15,0.001044812212658175,0.09899335795513683,0.1874966533784783,5.372920472504779e-07
229,8.854679142689115e-16,0.17008871580986382,2.498001805406602e-16,0.0010431627061668891,0.09865929129345712,0.17008871580986382,4.889970400136069e-07
230,9.435269406055102e-15,0.1284203976683621,1.0547118733938987e-15,0.0010430596626884725,0.09599295607918215,0.1284203976683621,3.6226245048161913e-07
231,4.990148919081783e-15,0.12657071031844547,9.71445146547012e-16,0.001041989208961036,0.09634117587038804,0.12657071031844547,4.394377729852112e-07
232,8.387388006347862e-16,0.14957127368396952,1.0824674490095276e-15,0.001040294473233172,0.09658763360873851,0.14957127368396955,5.296660025247151e-07
233,9.633136302533707e-16,0.14722737988006487,4.163336342344337e-17,0.0010380935626493892,0.09633988514465584,0.14722737988006487,5.11499279251155e-07
234,1.0666380972912393e-15,0.1461486372334479,3.191891195797325e-16,0.001037281228213116,0.09630169126044567,0.14614863723344795,4.5911917419070356e-07
235,2.0958712196317286e-15,0.1741644205824145,1.942890293094024e-16,0.0010382438287101503,0.09739845318623777,0.1741644205824145,4.765751878493355e-07
236,3.8912015970504754e-15,0.21155000435344443,4.0245584642661925e-16,0.0010393517203862168,0.09529793668264686,0.21155000435344443,7.713481886919346e-07
237,3.349425771459469e-15,0.20774636249560918,1.9567680809018384e-15,0.0010305930808960917,0.09353059323375966,0.20774636249560918,7.71214391504303e-07
238,2.1866189414687653e-15,0.2098394631603509,4.427014310692812e-15,0.0010287036084221102,0.08985763965872928,0.2098394631603509,7.090883138863663e-07
239,1.2758891165809416e-15,0.23739809482664492,1.2490009027033011e-15,0.001021555552589981,0.09054410396839899,0.23739809482664495,7.573812716561587e-07
240,1.321859288694327e-15,0.22150287571343924,1.8041124150158794e-16,0.0010184777176981963,0.08719312675605781,0.22150287571343918,7.442127519162398e-07
241,4.839878497975292e-16,0.2263256641262799,2.636779683484747e-16,0.0010192434987253418,0.0856716829386185,0.2263256641262799,7.277360979065199e-07
242,4.996003610813204e-16,0.2139857511203254,3.0531133177191805e-16,0.0010188008248556701,0.08621026379504187,0.21398575112032536,6.472561057699667e-07
243,1.4519635493925875e-15,0.1890343676325154,3.469446951953614e-16,0.001017673649141626,0.0890679660255876,0.18903436763251538,5.620159776447437e-07
244,4.916206330918271e-15,0.16857951327827003,1.0408340855860843e-15,0.0010209015253850318,0.0926936377660894,0.16857951327827,5.314893248335546e-07
245,2.6766783234322133e-15,0.16140676092432038,8.743006318923108e-16,0.0010214629001213393,0.09339420523441348,0.16140676092432038,5.269659967094136e-07
246,9.00841901074756e-15,0.17124711073840074,2.2343238370581275e-15,0.0010199093060863085,0.09356208736226712,0.1712471107384007,5.043916853187527e-07
247,2.2421300927000232e-14,0.22862162150166057,8.271161533457416e-15,0.0010181938724897477,0.09563150870669139,0.22862162150166057,6.482281107398697e-07
248,5.6152998917369246e-15,0.24564281817562322,1.8318679906315083e-15,0.0010098083272985225,0.09990419714160348,0.24564281817562317,7.625609836485874e-07
249,1.9931972738973514e-15,0.24581282260286597,8.187894806610529e-16,0.0010046331637194594,0.10098947491732546,0.245812822602866,7.340821257132457e-07
250,5.648259637780484e-15,0.24295666949250752,3.2335245592207684e-15,0.0010038330529769657,0.10170502728228974,0.2429566694925075,6.834670355427586e-07
251,2.0903417885520525e-15,0.2245623487252171,4.0245584642661925e-16,0.0009980293746083002,0.10281519689153712,0.2245623487252171,7.048944169321448e-07
252,2.661824753669162e-15,0.16603644794660027,1.3877787807814457e-16,0.0009962544487267522,0.10077766898322565,0.16603644794660027,7.135470984607963e-07
253,5.222601864862675e-15,0.17461240014849486,2.4702462297909733e-15,0.0009933060422572804,0.0971442450423168,0.17461240014849483,6.785917463049897e-07
254,5.0468526927027746e-15,0.2350780133680318,1.3600232051658168e-15,0.0009850845216217707,0.09504104441595324,0.23507801336803183,6.79974159972858e-07
255,6.5052130349130266e-15,0.23288018222217538,2.0122792321330962e-15,0.0009758785208637821,0.09319221974172928,0.23288018222217538,7.37862378422565e-07
256,2.9540172391540054e-15,0.22178114584745975,7.91033905045424e-16,0.000971783150003791,0.09274198993931396,0.22178114584745975,7.784327872337866e-07
257,2.025398078420171e-15,0.21848227996900724,9.71445146547012e-17,0.0009648031525025247,0.09363050866431759,0.21848227996900724,7.529343641381965e-07
258,1.1002483646382899e-15,0.20946396626666353,4.163336342344337e-17,0.0009652754270024211,0.09408841023450483,0.20946396626666347,6.773975386948711e-07
259,4.56329852377424e-15,0.18708671825036036,9.020562075079397e-16,0.0009654801924670608,0.09364872298209279,0.18708671825036036,6.295526654012318e-07
260,1.867863502758027e-15,0.17017769898100116,1.304512053934559e-15,0.0009646215162119609,0.0927255345229665,0.17017769898100116,7.244100914835655e-07
261,8.67253317771155e-16,0.1592947591451588,3.7470027081099033e-16,0.0009657486250690961,0.09101320178222613,0.15929475914515878,7.076698091328903e-07
262,1.7974987817637178e-15,0.17408988766257263,8.743006318923108e-16,0.0009645631419650247,0.09266406540695946,0.17408988766257263,6.051415837787454e-07
263,1.8559372788606865e-15,0.17665585543095239,2.914335439641036e-16,0.0009620993072842476,0.09335457179929701,0.17665585543095239,6.298527045901981e-07
264,4.391289849109414e-15,0.19744559443796103,7.632783294297951e-16,0.000961583729970128,0.09450712200938863,0.19744559443796106,7.299932859901e-07
265,1.6280379822042335e-15,0.23250287790783844,1.3877787807814457e-16,0.0009582208943629822,0.09705820179445063,0.2325028779078384,7.287575469835433e-07
266,1.8587562045091488e-15,0.2400461073538651,1.3877787807814457e-16,0.0009608612792170179,0.09686523881942091,0.2400461073538651,6.711153917071569e-07
267,7.992684205454514e-15,0.23581554587050044,1.942890293094024e-16,0.000964338388838526,0.09604785207824669,0.2358155458705004,6.559386895139166e-07
268,2.083083055007262e-14,0.24286004588492005,2.55351295663786e-15,0.0009658436067327969,0.09871338842492075,0.24286004588492002,9.529111941762432e-07
269,2.141461920984744e-15,0.23774274462890474,2.7755575615628914e-17,0.0009761012573955563,0.09732299154933984,0.23774274462890474,1.0158836121542885e-06
270,1.3367562265442778e-14,0.25210095725782783,7.771561172376096e-16,0.0009836955693781069,0.09940419933691272,0.2521009572578278,8.593761774140352e-07
271,5.0273370535980355e-15,0.25067915406379665,1.9845236565174673e-15,0.0009848835835833403,0.10078840321545234,0.25067915406379665,7.657861652487406e-07
272,1.1903076180957983e-14,0.23054766373802082,6.106226635438361e-16,0.0009921216080323036,0.10090608035016198,0.23054766373802082,8.453857004066583e-07
273,2.8567100941734314e-15,0.27495807238067915,1.8041124150158794e-16,0.0010048538335135082,0.10375254721295016,0.2749580723806792,8.99770363833176e-07
274,1.0093759595514173e-14,0.2813533513465432,1.3877787807814457e-16,0.0010085583165909129,0.10322137766398257,0.28135335134654327,7.639952141090472e-07
275,1.1932295429506468e-14,0.2742149604446661,0.0,0.0010147706440584714,0.10217890517813802,0.27421496044466614,7.574008632741394e-07
276,1.0315533149896083e-14,0.27169734010182434,3.3306690738754696e-16,0.0010158284284780827,0.10345410406052195,0.27169734010182434,9.607429195368466e-07
277,2.920298551589706e-15,0.250409377571293,4.440892098500626e-16,0.0010211749649641222,0.10378173376237279,0.250409377571293,9.770949976260222e-07
278,1.0889401359792661e-14,0.2368657534725798,1.6653345369377348e-16,0.0010261479858876266,0.10440976123646532,0.2368657534725798,8.5925591590655e-07
279,2.5593676483692818e-15,0.24019037146290326,2.7755575615628914e-16,0.0010333893372487246,0.10534775571480769,0.24019037146290328,7.701292965838886e-07
280,1.7918609304667932e-14,0.2194265205442243,1.5265566588595902e-16,0.0010217408956403329,0.10558643725184065,0.2194265205442243,8.319337696341744e-07
281,3.8740983077795166e-15,0.19645957996265032,8.049116928532385e-16,0.0010411306744144144,0.10376083125828287,0.1964595799626503,8.386243791885255e-07
282,3.504683522559393e-15,0.216816045374699,1.8041124150158794e-16,0.001048049873654866,0.10410641298194441,0.216816045374699,7.09256019328868e-07
283,1.1564317212164887e-14,0.21115996592342096,4.163336342344337e-17,0.0010321701899259628,0.10402156250111642,0.21115996592342098,6.823368087044047e-07
284,8.74810206913379e-15,0.21788883241613294,2.220446049250313e-16,0.0010405412842446338,0.10631527488965298,0.21788883241613294,7.585358495315659e-07
285,2.5163790322302315e-15,0.233487424579733,1.5265566588595902e-16,0.0010480342404925458,0.10896749852215883,0.23348742457973304,7.790164434999335e-07
286,6.611464847816606e-15,0.22507034142551205,1.5265566588595902e-16,0.0010425351859918441,0.10958752674831039,0.22507034142551205,7.153670347248598e-07
287,3.301395615218361e-16,0.2222473649893561,8.326672684688674e-17,0.0010420345274583243,0.10982889858469057,0.2222473649893561,6.62808038643256e-07
288,8.943041619746683e-15,0.22284778544867082,7.077671781985373e-16,0.0010369494916459554,0.11059552640821879,0.2228477854486708,6.856018858190281e-07
289,1.078022220102337e-14,0.20332827072420476,1.249000902703301e-16,0.0010323586055209222,0.10987935661658355,0.20332827072420476,7.920873017541011e-07
290,2.578558026822275e-15,0.18987558749481384,2.914335439641036e-16,0.0010558600846720667,0.10970389363173152,0.18987558749481384,7.328236207063783e-07
291,7.40694398176922e-15,0.19915563389722754,1.2212453270876722e-15,0.0010486409638778005,0.10954662890775538,0.19915563389722754,6.668826710483704e-07
292,5.382738525738784e-15,0.2279622514142756,1.5681900222830336e-15,0.0010432932621303181,0.10709633050436491,0.2279622514142756,7.519437608307892e-07
293,3.899766794213111e-15,0.2770041898605898,5.551115123125783e-16,0.001055424122865578,0.10623412871891019,0.27700418986058983,8.254563652589846e-07
294,3.85867553187591e-15,0.28288052502170513,3.885780586188048e-16,0.0010550759770272533,0.10640345789538999,0.2828805250217052,7.917646001130742e-07
295,8.500958183915719e-15,0.26976006834195193,2.914335439641036e-16,0.0010418684677797052,0.10596101951957054,0.26976006834195193,6.974401915620736e-07
296,9.187258159099043e-15,0.260230976894793,2.498001805406602e-16,0.0010397331060097437,0.10592300702238126,0.260230976894793,6.866901994271896e-07
297,1.685994009334446e-14,0.2389976147794089,5.689893001203927e-16,0.0010399474688311816,0.10479304577851413,0.2389976147794089,8.557455037696383e-07
298,8.100345481182325e-15,0.21124615059906682,6.938893903907228e-16,0.0010416133886419487,0.10319105567347313,0.21124615059906685,9.19325476573631e-07
299,1.1055284292182943e-14,0.2356053027875673,7.494005416219807e-16,0.0010832405613613316,0.10465134504786358,0.2356053027875673,7.903240118691774e-07
300,4.485181757246659e-15,0.2572673972855672,9.020562075079397e-16,0.001023149669455381,0.10435750745090337,0.2572673972855672,7.897348815917728e-07
301,1.4496026991620004e-14,0.289857187770566,6.38378239159465e-16,0.0010231373246331055,0.10167427407246901,0.289857187770566,9.187394861090637e-07
302,2.393186560381566e-15,0.3139425538342764,6.661338147750939e-16,0.0011160797485900709,0.10235816385183462,0.3139425538342764,8.941759486366465e-07
303,1.8169575002544014e-14,0.2886501351277513,6.938893903907228e-17,0.0010209704582613277,0.10298391403221792,0.2886501351277513,8.156443900297945e-07
304,6.156235460644255e-15,0.25278236329899095,7.91033905045424e-16,0.0009975547003054919,0.10215471241838313,0.25278236329899095,7.291527467977657e-07
305,3.20909748427467e-14,0.21354697717992352,3.372302437298913e-15,0.0010254797248875347,0.1010550152421606,0.21354697717992355,8.050528428735671e-07
306,8.134226799072497e-15,0.1958742052124936,6.938893903907228e-17,0.001056829913623214,0.0999906624252476,0.19587420521249357,8.585080198096838e-07
307,8.299838680919658e-15,0.220104981943871,5.551115123125783e-16,0.0010430347250196537,0.10109581713925067,0.22010498194387096,6.97890455676425e-07
308,7.82018763981207e-15,0.22235826859779392,1.1796119636642288e-15,0.0009749117037013422,0.10143198849170598,0.22235826859779392,6.542264260937897e-07
309,6.838550992843695e-15,0.2230701076052715,8.326672684688674e-16,0.0009856059199848666,0.10184505532936007,0.22307010760527152,7.180355083717413e-07
310,3.2599790922294147e-15,0.20988763583308953,2.3592239273284576e-16,0.000984786217989364,0.10292882391376261,0.20988763583308953,7.198566491406426e-07
311,1.0204971633356874e-14,0.1861817616793199,1.7763568394002505e-15,0.0009654975721100634,0.1038064456538442,0.1861817616793199,6.70405669662075e-07
312,2.6162340523161465e-15,0.18710307776240157,4.440892098500626e-16,0.0009257105834089563,0.10356554100178614,0.1871030777624016,6.077716901580729e-07
313,8.679363651398209e-15,0.20290727827843352,5.551115123125783e-17,0.0009310993093121223,0.10378589866014847,0.20290727827843358,5.950941779993429e-07
314,8.34830251802976e-15,0.22344848700861228,1.5265566588595902e-16,0.0009032394436666591,0.10418784865271254,0.22344848700861228,7.285691720442854e-07
315,1.1553800451091778e-15,0.2581967986615037,2.220446049250313e-16,0.0009012383206209451,0.10445171907058481,0.25819679866150363,7.61334744547328e-07
316,4.350090166554965e-15,0.2740352354193283,8.049116928532385e-16,0.0008663897972600587,0.10446737769570796,0.2740352354193283,6.402793087919228e-07
317,4.183827763404313e-15,0.2610146039012508,1.2906342661267445e-15,0.000822700838722823,0.10310577798738768,0.26101460390125075,6.374841928032519e-07
318,1.3889985082254919e-15,0.24662558958255298,1.3877787807814457e-16,0.0007857093909388047,0.10259861631383488,0.24662558958255298,6.351543789949143e-07
319,1.4706118267593382e-15,0.20650200885845005,4.163336342344337e-17,0.0007683250874214176,0.10237437668650431,0.20650200885845005,5.978688609185431e-07
320,4.274033384155107e-15,0.18207967276497708,5.273559366969494e-16,0.0007353530852513002,0.10047177653689772,0.18207967276497708,5.468748911286487e-07
321,1.8260132989000866e-15,0.19187048988247388,1.942890293094024e-16,0.0007010179416918616,0.09858494460936282,0.19187048988247388,5.010423905204364e-07
322,7.265564018477111e-15,0.21726838177872326,6.938893903907228e-17,0.000690165600316317,0.09534921866646855,0.21726838177872326,5.744909235194736e-07
323,4.9576228539072176e-15,0.2355708790451651,4.579669976578771e-16,0.0006738031768086516,0.09239920594022624,0.23557087904516505,6.482333284189436e-07
324,4.731024599857747e-15,0.26410878729624776,7.494005416219807e-16,0.0006404795053935874,0.0911287542924291,0.26410878729624776,5.976961560641647e-07
325,7.086562239799754e-15,0.2604692757075217,6.661338147750939e-16,0.000611164826517907,0.08943498157257526,0.2604692757075217,5.928704096678665e-07
326,1.5353929065653471e-15,0.23616501473698948,5.551115123125783e-17,0.0006024774970683211,0.08848647624461314,0.2361650147369895,6.044457945119885e-07
327,7.270659768687793e-15,0.21894076713416433,5.134781488891349e-16,0.0005705496477155236,0.08961985761924658,0.21894076713416435,5.295645419816968e-07
328,5.12122896173528e-15,0.19569117752351112,6.800116025829084e-16,0.0005417247777846912,0.089917225406689,0.19569117752351112,5.03637163267598e-07
329,7.347096021848021e-15,0.18288048249587366,1.0269562977782698e-15,0.0005189271176080368,0.08935415145694148,0.18288048249587366,4.6256198457677393e-07
330,8.97394138166252e-15,0.19829783779394108,6.938893903907228e-17,0.0005022738116481351,0.08963344730113357,0.19829783779394108,4.582455653312995e-07
331,3.882094298801597e-15,0.20709345043563357,5.967448757360216e-16,0.00047548197495705935,0.08946807146313547,0.20709345043563354,4.862950279325031e-07
332,6.383999232029147e-15,0.2278957381403494,2.7755575615628914e-17,0.0004564967955900112,0.09040517135203775,0.2278957381403494,4.830486455484058e-07
333,3.813464301283265e-15,0.22995849666723026,3.7470027081099033e-16,0.0004234586042655142,0.08960108329414734,0.22995849666723028,4.63801774712304e-07
334,1.3914650681678964e-15,0.2107888546753711,2.498001805406602e-16,0.0004187668881771023,0.0872907550029609,0.21078885467537112,5.048262180590212e-07
335,9.088866811945984e-16,0.20402819049488763,3.191891195797325e-16,0.00041008465086522783,0.08698991064499564,0.20402819049488763,4.7622596620809535e-07
336,1.4200880055215137e-15,0.20345835218563338,5.828670879282072e-16,0.0004020130356524598,0.08653519420954102,0.20345835218563338,4.391682191894731e-07
337,6.712295649857758e-16,0.19338425884302732,2.636779683484747e-16,0.0003962660281802144,0.08551893479512673,0.19338425884302735,4.056030242846965e-07
338,1.791427249597799e-15,0.18989575356273927,2.7755575615628914e-16,0.0003943471549345823,0.0849928274203677,0.18989575356273927,3.9215849717120165e-07
339,9.184276603124708e-16,0.1855218203307186,1.3877787807814457e-16,0.00039065951315286895,0.08409468348799325,0.1855218203307186,3.877744450171306e-07
340,1.1035009711557464e-15,0.1807978341278257,1.6653345369377348e-16,0.0003860615574211579,0.08320753008303047,0.1807978341278257,4.102009005655902e-07
341,1.3296655443362226e-15,0.1817114552808068,4.718447854656915e-16,0.0003798755618342753,0.08202797988709233,0.18171145528080673,3.820499197456282e-07
342,1.1340754724198376e-15,0.17741586090964462,6.938893903907228e-16,0.00037618683662632435,0.08067957097015993,0.1774158609096446,3.6481374684784174e-07
343,4.720616259001886e-16,0.16832472702471307,4.3021142204224816e-16,0.0003704348884703279,0.07945142293596419,0.16832472702471307,3.6243478702898165e-07
344,1.9900530875971434e-15,0.16713508836894242,8.881784197001252e-16,0.00036441867441927567,0.07807474360459947,0.16713508836894242,3.709574880472405e-07
345,1.426267957904681e-15,0.16102648500970254,7.216449660063518e-16,0.0003546887080907446,0.07708506827993597,0.16102648500970254,3.5405623828901743e-07
346,3.618687380996244e-15,0.15373937920931754,1.4988010832439613e-15,0.00035256023633345457,0.0766513576090834,0.15373937920931757,3.360622095095721e-07
347,4.91631475113552e-15,0.1508219457249918,2.095545958979983e-15,0.0003503289006809851,0.07599609529255555,0.1508219457249918,3.1312166053855517e-07
348,4.146016212638881e-15,0.14687968774225138,4.996003610813204e-16,0.0003454725064808706,0.07554291555456688,0.1468796877422514,3.305325894283926e-07
349,2.7736059976524174e-15,0.1438059374410151,3.191891195797325e-16,0.00034011043591442025,0.07505749318981829,0.14380593744101508,3.1752854135539783e-07
350,3.7549173839690475e-15,0.14375663072460348,1.3877787807814457e-17,0.00033423038143454153,0.07436639107085613,0.14375663072460348,3.0805980259616703e-07
351,2.2833297752544723e-15,0.1403823286851531,5.967448757360216e-16,0.0003302407496350579,0.07350362928421618,0.1403823286851531,2.921748449547884e-07
352,2.4315402122332408e-15,0.13827987748536263,1.2628786905111156e-15,0.00032689116280604225,0.07264797799139618,0.13827987748536258,3.0185063366382855e-07
353,3.224146210428769e-16,0.13555979561835235,2.7755575615628914e-17,0.0003220119477742589,0.07155989826474929,0.13555979561835235,3.1860911016779995e-07
354,2.453278465791575e-16,0.1325735042775471,6.106226635438361e-16,0.0003164785895274358,0.0706155942439679,0.1325735042775471,2.922961013438891e-07
355,3.746731657566782e-16,0.1315205508565092,1.1102230246251565e-15,0.00031285630927258,0.07013336073664267,0.1315205508565092,2.5825627031983224e-07
356,3.2951614527265694e-16,0.1275483112524716,9.853229343548264e-16,0.0003101408173202813,0.06948352467600057,0.1275483112524716,2.866046443066945e-07
357,6.784666144871165e-16,0.12335662355101865,8.187894806610529e-16,0.00030650394868203534,0.06886919544047068,0.12335662355101866,2.822792106116195e-07
358,5.984253891033742e-16,0.12155594472315735,3.0531133177191805e-16,0.00030080718744729396,0.06853096306216055,0.12155594472315737,2.642811454069519e-07
359,8.139105708848682e-16,0.11775869888308789,9.43689570931383e-16,0.0002981055975828095,0.068138553594914,0.11775869888308789,2.4944550340093743e-07
360,8.250778532614689e-16,0.11401026879723586,2.220446049250313e-16,0.000293410076554923,0.06795661443682688,0.11401026879723586,2.559448446371066e-07
361,7.584265247079225e-16,0.11139794888510682,1.5265566588595902e-16,0.0002895131186144706,0.06748961247199661,0.11139794888510683,2.512632149988348e-07
362,8.442411266601502e-16,0.10747999755018431,8.187894806610529e-16,0.00028435773819979193,0.06683795948307308,0.10747999755018431,2.51978327481579e-07
363,7.465816159735184e-16,0.10582651396553507,2.220446049250313e-16,0.0002782656206726797,0.06641990577043114,0.10582651396553507,2.167776137459727e-07
364,1.0946376183956774e-15,0.1040540239554209,2.3592239273284576e-16,0.00027468162087462833,0.0658293003971396,0.1040540239554209,2.2564210221817023e-07
365,5.400411021150298e-16,0.09958603123758022,9.43689570931383e-16,0.00027285869848725497,0.06491956249265213,0.09958603123758025,2.401209701589335e-07
366,9.47809539186828e-16,0.0976242411441659,5.412337245047638e-16,0.00026882726597288187,0.06430557942610829,0.0976242411441659,2.173511650197385e-07
367,1.1151019344013413e-15,0.0964657809602368,6.245004513516506e-16,0.00026627352609787103,0.06398783318983704,0.0964657809602368,1.991600315517537e-07
368,1.5115946688792903e-15,0.09426224212712096,1.3877787807814457e-17,0.0002643896898443243,0.06348342643766669,0.09426224212712098,2.1421076798234123e-07
369,2.2741140567883456e-15,0.09361601973466754,2.7755575615628914e-16,0.00026083376022523197,0.0627433627933173,0.09361601973466754,2.0554624909294025e-07
370,3.7903707950093235e-15,0.09365363455390271,3.885780586188048e-16,0.0002570498395760845,0.062161812824545915,0.09365363455390269,2.0087074051228744e-07
371,4.0474351301056366e-15,0.09254732755700033,0.0,0.0002549337421797748,0.06162288101913917,0.09254732755700035,1.9045023165547865e-07
372,4.106090467637102e-15,0.09263521780962818,4.996003610813204e-16,0.00025285561067411866,0.06106748499112753,0.09263521780962816,1.945735679082531e-07
373,3.621343676318833e-15,0.09073352095302976,1.4988010832439613e-15,0.000248293291976065,0.06038193936909147,0.09073352095302975,2.0963964521596585e-07
374,3.732908079867592e-16,0.08873333976557204,2.0816681711721685e-16,0.0002448543319356622,0.05980493813982447,0.08873333976557206,2.051264950469886e-07
375,6.1299706630157935e-15,0.08828766565584113,3.8441472227646045e-15,0.00024096677994223104,0.05958641829901777,0.08828766565584112,1.739177323738483e-07
376,1.322835070649564e-15,0.08672560508720101,1.3461454173580023e-15,0.0002355050497653277,0.05939346377446827,0.086725605087201,1.8401159171647308e-07
377,2.7594029491928573e-15,0.08523040420563449,1.0685896612017132e-15,0.00023373892958677978,0.05911796720996232,0.08523040420563449,1.8837022641179098e-07
378,1.0586150012148465e-15,0.0853621578985693,1.8041124150158794e-16,0.00023166936670260263,0.05890928886204329,0.08536215789856932,1.796586698201749e-07
379,1.6376873815393544e-15,0.08404545823683424,1.6653345369377348e-16,0.00023021251829880018,0.058747570295721196,0.08404545823683424,1.7008237360063e-07
380,8.44593492366208e-17,0.08313689714102793,8.326672684688674e-17,0.00022808443480548668,0.05870941032395839,0.08313689714102791,1.7566580687660752e-07
381,2.19225679276569e-16,0.08232313696309077,5.828670879282072e-16,0.00022587980559918286,0.058425909699540604,0.08232313696309077,1.90365650382779e-07
382,5.898059818321144e-17,0.08130847848632101,1.5265566588595902e-16,0.00022204382326773686,0.058249426613952965,0.08130847848632103,1.8829205846135815e-07
383,1.7097868260096405e-16,0.08139486305549144,2.220446049250313e-16,0.00021817967323778387,0.05858192371396703,0.08139486305549144,1.6189946975105852e-07
384,1.0267394573437727e-16,0.08049396599557714,2.7755575615628914e-17,0.00021657279733489077,0.058661337456379935,0.08049396599557715,1.660663106117789e-07
385,4.476670770192648e-16,0.07745607376926333,5.134781488891349e-16,0.00021532032311688543,0.05852255186254241,0.07745607376926335,1.8987374722242151e-07
386,8.867689568758941e-16,0.07629404550586194,1.3877787807814457e-16,0.0002120650587206785,0.05845239935081971,0.07629404550586194,1.8353336919050872e-07
387,2.0165076206057897e-15,0.07613111749554596,6.938893903907228e-16,0.00021074361171935507,0.05836549588821538,0.07613111749554595,1.63464650633987e-07
388,1.3470127790959907e-15,0.07487411679081461,5.551115123125783e-17,0.00020840486153184123,0.05831331794777129,0.07487411679081463,1.7043816201454209e-07
389,2.7210221922868705e-15,0.07424675453195126,4.163336342344337e-17,0.0002063661477804124,0.058061189480508923,0.07424675453195125,1.7868943440386857e-07
390,4.852780503827869e-15,0.07450327510411968,2.3592239273284576e-16,0.00020442460052882971,0.05755058132475316,0.07450327510411968,1.8171278288315388e-07
391,7.106836820425233e-15,0.07473121457234083,2.7755575615628914e-16,0.00020270608498929032,0.057655416386210516,0.07473121457234085,1.600965921330217e-07
392,5.468824178234133e-15,0.07511126979338578,5.134781488891349e-16,0.00020060415363587492,0.05771922147328934,0.07511126979338578,1.5622982422021053e-07
393,8.970797195362312e-15,0.07398289285147189,3.3306690738754696e-16,0.00019989851403767744,0.05732603624622486,0.07398289285147187,1.8704569981595286e-07
394,4.959140736948697e-15,0.07331826656787485,2.914335439641036e-16,0.00019763802308059297,0.05718330864455342,0.07331826656787487,1.879917895706766e-07
395,8.115144840836752e-15,0.0738876994785943,1.3877787807814457e-15,0.00020253627551214404,0.057470630677574214,0.0738876994785943,1.6671380606429918e-07
396,4.783066304137051e-15,0.07328665424658798,3.7470027081099033e-16,0.00019598705363055302,0.05760574165539441,0.07328665424658798,1.6366900219974042e-07
397,1.2859396707198822e-14,0.07312856263001252,1.0269562977782698e-15,0.00019432840840949428,0.05767557436627505,0.07312856263001252,1.763487289354882e-07
398,2.354778698421267e-15,0.07414926250958058,3.0531133177191805e-16,0.0002020500059195518,0.05747127249841266,0.07414926250958058,1.799741468276983e-07
399,2.0383000842727483e-15,0.07423598468370418,3.469446951953614e-16,0.00020201857381862975,0.05745620483304391,0.07423598468370417,1.6557089249150543e-07
400,5.524226909248142e-15,0.07510078998395389,8.604228440844963e-16,0.0001904929134575739,0.05789645707500478,0.0751007899839539,1.548751577029623e-07
401,3.8489177123235407e-16,0.07564827175236537,5.551115123125783e-16,0.0001901139613472158,0.058251554089020184,0.07564827175236538,1.6555740082088078e-07
402,7.621941272573096e-17,0.07368141411233646,1.3877787807814457e-16,0.00019119234585684985,0.0584903364280261,0.07368141411233646,1.7792943027026895e-07
403,4.354155924701786e-16,0.07246672331408521,6.938893903907228e-17,0.00019755804711041325,0.0592304817010303,0.07246672331408521,1.5756549471577591e-07
404,1.6263032587282567e-16,0.07220811777727956,6.938893903907228e-16,0.0001890657540680185,0.059433541436606535,0.07220811777727955,1.5267445515700949e-07
405,6.40546643504436e-16,0.07218582094416008,6.38378239159465e-16,0.0001890272073321042,0.06002329716288577,0.07218582094416007,1.570671366006633e-07
406,9.985502008591496e-16,0.07347054859801067,2.7755575615628914e-16,0.00019162169294162368,0.05996862061433102,0.07347054859801067,1.659192758356629e-07
407,1.1039346520247406e-15,0.07433545748267677,4.163336342344337e-17,0.00019032104136518235,0.05981125273522013,0.07433545748267677,1.6543302161499827e-07
408,1.2607102861661446e-15,0.07674387406518668,4.718447854656915e-16,0.00018727044488309197,0.06013291827110386,0.07674387406518668,1.5210881292140375e-07
409,1.6550346162991225e-15,0.07905013485098292,1.2906342661267445e-15,0.0001859593232034773,0.06045820361184659,0.07905013485098292,1.560049479625191e-07
410,2.5459235414304615e-15,0.07984495660244384,6.522560269672795e-16,0.00018653074556140847,0.060225316096557874,0.07984495660244387,1.694559773276594e-07
411,3.1235864589307383e-15,0.07981509023634559,9.020562075079397e-16,0.0001908697392825065,0.06024743561515849,0.0798150902363456,1.6944037506959847e-07
412,3.565073583566836e-15,0.07975684567390823,7.077671781985373e-16,0.00018751998615484933,0.060868901133126166,0.0797568456739082,1.571178964937353e-07
413,4.095898967215739e-15,0.0798794371100593,1.5959455978986625e-15,0.0001866032910444737,0.061517431174108204,0.0798794371100593,1.601954616283536e-07
414,5.6174682960818956e-15,0.08049789196078305,1.1102230246251565e-16,0.00018556908092692836,0.06212666869175711,0.08049789196078305,1.6954433600898392e-07
415,7.203656074428189e-15,0.08131351914049004,4.0245584642661925e-16,0.00018773179061126744,0.062417408017205994,0.08131351914049004,1.701549453058326e-07
416,7.71670054244833e-15,0.08259736259038102,1.096345236817342e-15,0.0001853448755416709,0.062484208562733144,0.082597362590381,1.6890187460630026e-07
417,2.912329665621938e-14,0.08556039117301364,1.3739009929736312e-15,0.0001839079410870248,0.06297338159434944,0.08556039117301363,1.727082186281254e-07
418,3.184952301893418e-14,0.0864736610750857,9.298117831235686e-16,0.00019122489537481968,0.06314187175050345,0.08647366107508572,1.889127864912166e-07
419,1.3488450807674912e-14,0.08603654728728538,7.077671781985373e-16,0.00019660664315768184,0.0625916992752721,0.08603654728728541,2.1186204550004807e-07
420,1.3387294744982015e-14,0.08661778772281938,2.0261570199409107e-15,0.00019107317623356934,0.06373385545700398,0.08661778772281938,1.7730040736445975e-07
421,2.023728407074543e-14,0.08536080151083428,6.522560269672795e-16,0.00018233258452993173,0.06416942423738524,0.08536080151083428,1.678290847868717e-07
422,2.4711135915289617e-15,0.08054342506809185,5.134781488891349e-16,0.000182246879829151,0.0639271435048997,0.08054342506809187,1.6411972763245412e-07
423,5.432828666107614e-15,0.0800219271449244,6.938893903907228e-17,0.0001832323739369146,0.06403179459797566,0.08002192714492441,1.6207898226904376e-07
424,7.48554863927442e-15,0.08026320717436063,1.915134717478395e-15,0.00018325019860898628,0.06422781296485172,0.08026320717436061,1.6021463473545402e-07
425,1.2803126614446825e-14,0.08130081078220658,4.718447854656915e-16,0.00018288421685563883,0.06431907110046271,0.08130081078220658,1.609304651688727e-07
426,2.8370318247428195e-14,0.0853213542419655,5.384581669432009e-15,0.000182416757190218,0.06457152093540514,0.0853213542419655,1.7337812386211278e-07
427,2.464651746580948e-14,0.08655924414696906,9.020562075079397e-16,0.0001825723579542693,0.06442399490037842,0.08655924414696906,1.8481598407065753e-07
428,3.564542324502318e-14,0.08686488981918002,5.731526364627371e-15,0.0001832107134505101,0.06419807081417106,0.08686488981918002,1.835398999479509e-07
429,4.7677356854181063e-14,0.08851434302371493,7.022160630754115e-15,0.00017967279295949545,0.06560964393029053,0.08851434302371493,1.62613714874813e-07
430,5.760669719023781e-14,0.08770614844877242,9.96425164601078e-15,0.00017810151949504416,0.06637208152884845,0.08770614844877242,1.6927269537125945e-07
431,1.6040987982357535e-14,0.08669280584690389,3.497202527569243e-15,0.0001792366296612946,0.06643136990467954,0.08669280584690389,1.7281557964672878e-07
432,2.093757025395382e-14,0.08536695761125815,6.286637876939949e-15,0.00017958296580328215,0.06753866050350948,0.08536695761125815,1.5217683770992573e-07
433,2.621275592418204e-15,0.08525222330196132,1.3183898417423734e-15,0.00017834046741704856,0.06783996527489418,0.08525222330196132,1.4510986365470513e-07
434,2.9211659133276946e-15,0.08744327420886197,5.412337245047638e-16,0.00017918732533056536,0.06707921344190258,0.08744327420886197,1.6710115893875619e-07
435,3.678914811677814e-15,0.08795616402250137,1.249000902703301e-16,0.00017948293913988556,0.06629230508275448,0.08795616402250135,1.9160817340706672e-07
436,4.389284075090316e-15,0.08527505571272975,6.38378239159465e-16,0.00018330976073421823,0.06562033619282759,0.08527505571272975,1.8474537506050088e-07
437,4.34862649362211e-15,0.08654136978564722,3.885780586188048e-16,0.00017882243932276776,0.06597308662726878,0.08654136978564722,1.5224467727878262e-07
438,8.082239304901817e-15,0.09203163840302801,5.828670879282072e-16,0.00017493794957740283,0.06723683694833794,0.09203163840302801,1.5894515246008166e-07
439,9.712879372320016e-15,0.0901439880070844,1.8041124150158794e-16,0.00017777023917636692,0.06680417193341248,0.0901439880070844,1.869309088415229e-07
440,2.8372486651773166e-15,0.08824853962886126,3.7470027081099033e-16,0.0001816745799436137,0.06705438847541001,0.08824853962886126,1.8941330315624083e-07
441,9.240926166637076e-15,0.08820665813230437,1.942890293094024e-16,0.00017970088149177332,0.0683413312850116,0.08820665813230438,1.5547077074663454e-07
442,5.892313546806971e-15,0.08925204160283597,5.134781488891349e-16,0.0001760753752181876,0.06874881380099629,0.08925204160283597,1.6087439015287132e-07
443,3.360647263944694e-15,0.09376053103014592,2.7755575615628914e-17,0.00017716622471575239,0.0689347612855324,0.09376053103014592,1.9472013743027038e-07
444,7.562852254172636e-16,0.09439129611679659,1.3877787807814457e-17,0.00017811805662287794,0.06873292694569087,0.09439129611679659,1.9284702281095615e-07
445,1.8130570829388848e-15,0.09297074815202955,1.0685896612017132e-15,0.0001743745666621388,0.06888762066247897,0.09297074815202955,1.604971203734991e-07
446,1.6181717424346154e-15,0.09360422788025533,4.85722573273506e-16,0.0001682449638898964,0.06965045841198639,0.09360422788025533,1.6143835643803908e-07
447,3.3005282534803726e-15,0.09386798111079228,1.3877787807814457e-16,0.00016777644359816657,0.06966409595926978,0.09386798111079228,1.7826208037151737e-07
448,4.289212214569904e-15,0.09110018374447885,3.469446951953614e-16,0.0001712605006030099,0.06983070687086602,0.09110018374447884,1.8774045454263135e-07
449,5.512625946002547e-15,0.08956546864128444,5.134781488891349e-16,0.00016936730766742292,0.07084005243331173,0.08956546864128444,1.556352590437188e-07
450,6.079636577158154e-15,0.08979694751035963,7.632783294297951e-16,0.0001638865938122236,0.0712871854141488,0.08979694751035965,1.4148128460472564e-07
451,7.99338893686663e-15,0.09069040798185835,3.608224830031759e-16,0.00016283831492436285,0.0712898842693706,0.09069040798185836,1.6127248177041563e-07
452,4.614716811804365e-15,0.09335690200701419,3.885780586188048e-16,0.00016297832599126982,0.07094330186757268,0.09335690200701419,1.6507183819828084e-07
453,4.261402428845651e-15,0.09432328051027403,2.914335439641036e-16,0.00015833511216167828,0.07081907463002038,0.09432328051027405,1.425358756837194e-07
454,1.4830042575908475e-14,0.09495557836663746,2.1371793224034263e-15,0.0001516095209228574,0.071290289746105,0.09495557836663746,1.4605442469947787e-07
455,2.704976000134085e-15,0.09578617493753458,5.967448757360216e-16,0.0001486116407589666,0.07113134691407652,0.09578617493753458,1.5929463330950863e-07
456,1.687614891582312e-15,0.09456598461338722,3.3306690738754696e-16,0.00014932000005052348,0.07070249951111969,0.09456598461338722,1.6634672906634653e-07
457,1.4224732503009818e-16,0.09218087413730118,8.881784197001252e-16,0.00014770101438177363,0.07138636962465034,0.09218087413730118,1.413062501489395e-07
458,1.6815975695250174e-16,0.09169944854836136,4.163336342344337e-17,0.0001500933389988468,0.07147909684281162,0.09169944854836136,1.3100392840295584e-07
459,1.721713049906981e-16,0.09038877639724154,4.440892098500626e-16,0.00014995098863912482,0.07096391865595093,0.09038877639724154,1.4301563675965066e-07
460,3.233632979438017e-16,0.09014804386387539,2.498001805406602e-16,0.00014701963078223024,0.07077427179339257,0.09014804386387537,1.5588437968047063e-07
461,4.361474289366063e-16,0.09168131975066371,1.3877787807814457e-16,0.00014799028103806844,0.07056814700319369,0.09168131975066371,1.3461984558369429e-07
462,6.381071886163436e-16,0.09178585328975124,6.245004513516506e-16,0.0001496704951633454,0.07050000158817388,0.09178585328975124,1.3484160872399997e-07
463,4.2687750036185523e-16,0.09105320423210152,7.216449660063518e-16,0.0001500696476578467,0.07008153782507139,0.09105320423210152,1.524246709212366e-07
464,2.938187887435717e-16,0.09007982378171148,7.91033905045424e-16,0.00014848702725722696,0.0692469571331124,0.09007982378171148,1.5527703782993548e-07
465,3.68330583047638e-16,0.08900372428656965,6.800116025829084e-16,0.0001458070613975515,0.06922748541259965,0.08900372428656964,1.4163418676641423e-07
466,1.9808373691310166e-16,0.08820178271914261,2.7755575615628914e-17,0.0001471420904681775,0.06971406473892058,0.0882017827191426,1.2552241651368861e-07
467,4.644993157471022e-16,0.08708938951882178,1.1934897514720433e-15,0.00014904848574892604,0.0692924740582951,0.0870893895188218,1.2977327685507706e-07
468,6.993375063074625e-16,0.08460809023752297,6.938893903907228e-16,0.0001489360721819155,0.06858107073460529,0.08460809023752297,1.5627558437125784e-07
469,8.360825053121967e-16,0.08444988265246858,1.249000902703301e-16,0.0001475684317886472,0.06872716436815451,0.0844498826524686,1.43373570463996e-07
470,1.0921575059261168e-15,0.08522850910019367,0.0,0.00014699539708273868,0.06867755313388882,0.08522850910019367,1.3013891135621771e-07
471,1.2906342661267445e-15,0.08436572371036363,1.249000902703301e-16,0.00014712956245277464,0.0680829994776759,0.08436572371036365,1.4638181405169975e-07
472,1.5878682917136455e-15,0.0835311455304735,2.7755575615628914e-17,0.0001467116186676387,0.06709495682751469,0.08353114553047351,1.5710863362947984e-07
473,2.2681509448396753e-15,0.0821619753687789,4.996003610813204e-16,0.0001455442288192943,0.06679245023535489,0.0821619753687789,1.45658655168043e-07
474,2.2646950504148777e-15,0.08116935475564267,7.494005416219807e-16,0.00014542292103625343,0.06716102612107841,0.08116935475564267,1.3171977885401857e-07
475,2.760893727180025e-15,0.08022809452694003,3.885780586188048e-16,0.00014569026285948805,0.06692753923332653,0.08022809452694003,1.2824109318135866e-07
476,2.8102520310824275e-15,0.07802371588926849,2.498001805406602e-16,0.00014595312739118516,0.06633042783051148,0.07802371588926849,1.3769897708814727e-07
477,3.4744342819470475e-15,0.07493438097555105,1.1934897514720433e-15,0.00014539974375571418,0.06600881026028468,0.07493438097555107,1.4765392127642794e-07
478,4.7338435255062095e-15,0.07500440244771536,7.355227538141662e-16,0.00014521861970906436,0.06621201233388878,0.07500440244771536,1.2397310223547918e-07
479,3.781263496760445e-15,0.0756149231468775,1.5265566588595902e-16,0.00014572909743859608,0.06589346636644022,0.0756149231468775,1.2183420813619852e-07
480,4.487079111048509e-15,0.07456897235940926,1.5265566588595902e-16,0.00014480556686136126,0.06522861083410032,0.07456897235940926,1.3653646969498787e-07
481,6.2597496630623084e-15,0.07354884849039177,6.938893903907228e-17,0.00014261134027593325,0.06462258854375684,0.07354884849039175,1.2821223531193573e-07
482,1.3304678539438619e-14,0.0723056160184414,2.498001805406602e-16,0.00014258591640514684,0.06471804582482985,0.0723056160184414,1.1995007596316894e-07
483,1.1683362610703796e-15,0.07088534583087414,3.7470027081099033e-16,0.00014331072984408166,0.06444579633793168,0.07088534583087414,1.2379731884242876e-07
484,9.230029934803596e-15,0.06889597789745815,1.1518563880486e-15,0.00014269974273073416,0.06360994399476003,0.06889597789745815,1.2041537232495925e-07
485,4.5876930726551635e-15,0.0669437561922819,1.1657341758564144e-15,0.0001410126203020834,0.06337205620749847,0.0669437561922819,1.2371149352604444e-07
486,2.0101108277881252e-15,0.06499058647446014,6.938893903907228e-17,0.0001414919257819447,0.06335664572005203,0.06499058647446013,1.170513305681511e-07
487,2.67993092994967e-15,0.06450322544635954,3.0531133177191805e-16,0.00014324692268685713,0.06316638594208676,0.06450322544635954,1.0527198787419087e-07
488,1.2836953722228372e-16,0.06435844121849482,6.522560269672795e-16,0.00014341264758688244,0.06278364128887479,0.06435844121849482,1.0851070695445739e-07
489,1.734723475976807e-16,0.06305301533912366,2.7755575615628914e-17,0.00014279428575825204,0.06218724064016864,0.06305301533912366,1.13084491099148e-07
490,2.181414771040835e-16,0.06294921217501277,1.1102230246251565e-16,0.00014194279647206098,0.06185216077314645,0.06294921217501276,1.0655418915141843e-07
491,3.677613769070831e-16,0.06274195811082459,3.3306690738754696e-16,0.0001415826250210639,0.061447880267636756,0.06274195811082459,1.1185268260607122e-07
492,4.649058915617843e-16,0.06175726842303966,2.7755575615628914e-17,0.0001416967773492095,0.06092678538289032,0.06175726842303967,1.1239762443201837e-07
493,5.238864897449957e-16,0.0604985675313016,1.0408340855860843e-15,0.0001421519716222619,0.0604985675313016,0.06038663778725024,1.0490684672399972e-07
494,6.973588373426765e-16,0.06020108519435102,4.85722573273506e-16,0.00014239694022732952,0.06020108519435102,0.0584557643312162,1.0986351244111984e-07
495,8.014422459012849e-16,0.05979215621859887,5.551115123125783e-17,0.0001427274876011353,0.05979215621859886,0.05708177333069316,1.0558207868222967e-07
496,8.968520370800093e-16,0.05920214277630436,9.71445146547012e-16,0.0001426563310903406,0.05920214277630437,0.05617794301632128,9.95452304652076e-08
497,9.367506770274758e-16,0.05863382495756225,1.3877787807814457e-16,0.00014218955427913738,0.05863382495756224,0.05595312011989209,1.0293880443871101e-07
498,1.2750217548429532e-15,0.05793182280565566,8.465450562766819e-16,0.00014158316457579811,0.057931822805655654,0.055988061264022226,1.0134194396934865e-07
499,1.3287981825982342e-15,0.057134100736821125,1.5265566588595902e-16,0.00014172584631955143,0.057134100736821125,0.056633129367846057,1.0356073490614719e-07
500,1.7416623698807143e-15,0.05599885710589202,8.604228440844963e-16,0.00014130923697630582,0.05599885710589203,0.05591519738671065,1.106215153460978e-07
501,5.93275428784068e-16,0.05534365873051125,1.249000902703301e-16,0.0001403099321163337,0.05534365873051125,0.054943431022056274,1.0040450920247093e-07
502,6.5052130349130266e-15,0.05474991842827446,3.9968028886505635e-15,0.00014036550145435367,0.05474991842827446,0.053902709688630035,1.001687662110243e-07
503,6.026429355543428e-15,0.053803736157818895,3.0531133177191805e-15,0.00014051501304523928,0.053803736157818895,0.05235475801232956,1.0543482632920912e-07
504,9.783840404509192e-16,0.05305989637523984,5.273559366969494e-16,0.00014043862366508453,0.05305989637523985,0.05108641468296652,1.0004481171517483e-07
505,7.289308046054543e-15,0.05228048187940633,4.98212582300539e-15,0.00014090361928020823,0.05228048187940633,0.05009439429263387,9.522857221891027e-08
506,1.547373340571312e-15,0.05126268894317992,6.245004513516506e-16,0.0001406325611060799,0.05126268894317991,0.0502862112095744,1.0295161473571921e-07
507,4.839878497975292e-15,0.05111967512409347,2.5118795932144167e-15,0.00014024362962516967,0.050168389739055,0.05111967512409346,9.806961376474056e-08
508,4.510281037539698e-16,0.05174943360468324,5.828670879282072e-16,0.00013992220782835327,0.04877257905429198,0.051749433604683245,1.0448528890236243e-07
509,6.30300932974448e-16,0.05080252306620717,1.5126788710517758e-15,0.00013835385222460417,0.04700402107375178,0.05080252306620717,1.0205781386091595e-07
510,1.7694179454963432e-16,0.05059555414397325,6.106226635438361e-16,0.00013791025713325283,0.04625887555153585,0.05059555414397325,9.417556660770333e-08
511,3.642919299551295e-16,0.04962966305372549,6.661338147750939e-16,0.00013693356674222747,0.044078871810508416,0.049629663053725494,1.0949976441776724e-07
512,3.7816971776294395e-16,0.04867348216809628,0.0,0.0001340639632450933,0.04223347517982018,0.04867348216809628,1.0848224172391652e-07
513,3.174543961037557e-16,0.04803521821015967,1.124100812432971e-15,0.00013185476867768383,0.041389765247748816,0.048035218210159665,9.310600493341654e-08
514,3.452099717193846e-16,0.046772377820114806,1.8041124150158794e-16,0.00013135228890677995,0.040368537755907895,0.046772377820114806,9.941644511798419e-08
515,6.886852199627924e-16,0.04595454782061477,6.938893903907228e-16,0.00013050110239475315,0.03845572873730118,0.04595454782061477,1.0243571611034253e-07
516,8.569533971325427e-16,0.04566966986637414,9.71445146547012e-17,0.0001288548390521206,0.03719567343568837,0.04566966986637413,1.0167979909695144e-07
517,1.115427195053087e-15,0.0454013130596531,1.2490009027033011e-15,0.0001275523917124554,0.03547367672594482,0.04540131305965311,1.0195240804172607e-07
518,1.4502288259166107e-15,0.04522468236684724,6.938893903907228e-16,0.00012595305386112806,0.03457850452346417,0.04522468236684725,9.278739205429546e-08
519,1.7208456881689926e-15,0.044154345613930966,2.4980018054066022e-15,0.00012751419609757265,0.03365316096965848,0.044154345613930966,9.522048563593084e-08
520,2.3141211169530607e-15,0.042312834967715186,1.6930901125533637e-15,0.00012556709599507738,0.03165989402722962,0.0423128349677152,1.094739685176928e-07
521,2.3783058855642025e-15,0.042182311371418105,4.440892098500626e-16,0.00012190279173368134,0.030305317898857577,0.042182311371418105,8.66082562401989e-08
522,4.206216538266139e-15,0.04181016077133447,3.1363800445660672e-15,0.00012556756247046174,0.03012849852803693,0.04181016077133447,8.186612618052883e-08
523,3.079660007912488e-14,0.04014918259582856,1.4932499681208355e-14,0.00012577330171914623,0.028846942230706753,0.040149182595828566,9.667441968449036e-08
524,5.359319758813097e-15,0.039116869933121884,2.373101715136272e-15,0.0001224516942464806,0.028165705784499957,0.03911686993312188,9.519201576218941e-08
525,2.9793550439249916e-14,0.037988078904525664,1.469657728847551e-14,0.00012362638189165973,0.02777177534358241,0.03798807890452566,9.027335940279201e-08
526,3.6333783204334225e-15,0.03768592594789815,1.2906342661267445e-15,0.00012383133246080154,0.027632744710612427,0.03768592594789815,8.884702248344211e-08
527,2.988310553869722e-14,0.03753885263587894,1.426636586643326e-14,0.00012592952004557203,0.02742987688825629,0.03753885263587894,8.959236491618946e-08
528,2.3207347502052222e-15,0.036765939031722594,7.216449660063518e-16,0.0001251629924310235,0.02704928222688286,0.036765939031722594,9.624473615560892e-08
529,1.3946092544681044e-15,0.03633578354705824,1.1102230246251565e-16,0.0001210927035324447,0.026635858649203946,0.036335783547058235,9.601466898302987e-08
530,1.9613217300262775e-16,0.0365664162694056,4.996003610813204e-16,0.00011883721198042464,0.026892891003461428,0.0365664162694056,8.443650669458738e-08
531,2.3245294578089215e-16,0.03485669302554199,1.3461454173580023e-15,0.00011918911155691173,0.026862252628997985,0.03485669302554199,8.980791994284308e-08
532,2.316940042601523e-16,0.03304028862021682,1.942890293094024e-16,0.00011773280286324177,0.026427331231777793,0.03304028862021683,9.517937472109306e-08
533,3.920475055707584e-16,0.03188970440371515,4.163336342344337e-17,0.00011426518479366182,0.02642178621099378,0.03188970440371515,8.353305259616425e-08
534,4.2235095629172825e-16,0.031233044908646458,3.7470027081099033e-16,0.00011474369454124358,0.026580908902533854,0.031233044908646458,8.174553491393708e-08
535,6.59249130979811e-16,0.030428834595933953,1.249000902703301e-16,0.00011606445614449363,0.02694469185021231,0.030428834595933953,8.063121029513412e-08
536,6.616885858679034e-16,0.0303598111156002,4.163336342344337e-16,0.0001173114790650959,0.026755703953132724,0.0303598111156002,8.218573290374338e-08
537,7.244638916548141e-16,0.030810010543797794,1.249000902703301e-16,0.00011614274689276862,0.026504657488400384,0.03081001054379779,8.392943299951147e-08
538,8.820526774255821e-16,0.031166576269171187,6.938893903907228e-16,0.00011376917251277718,0.02675936194701705,0.031166576269171187,7.517816000954066e-08
539,1.0651744243583838e-15,0.03195098345330499,1.3877787807814457e-15,0.00011130077852898601,0.026711493926049195,0.031950983453305,7.234916046609384e-08
540,1.083334810747516e-15,0.033987902274806525,1.942890293094024e-15,0.00011050193328412169,0.02585342300201683,0.033987902274806525,7.87811404062335e-08
541,6.797947621484113e-16,0.03488132265334424,7.771561172376096e-16,0.00010708608696144168,0.024990984687100877,0.03488132265334423,8.090384528260716e-08
542,3.3263322651855276e-15,0.0358460156417657,1.3600232051658168e-15,0.0001021384914380941,0.024468440519537542,0.0358460156417657,8.016691939323269e-08
543,2.5122048538661623e-15,0.03483576774741014,8.326672684688674e-17,9.359267862096843e-05,0.02441311742759538,0.03483576774741013,8.94406808827569e-08
544,9.986586210763981e-16,0.0327596595122825,2.3592239273284576e-16,9.795258679023977e-05,0.024161801561493678,0.0327596595122825,7.80512328857531e-08
545,1.2069447004325884e-14,0.030304056551762576,2.5951463200613034e-15,9.846094443588527e-05,0.021226627555772117,0.030304056551762583,7.698823707018122e-08
546,1.1194387430912833e-15,0.030292146244699326,1.8041124150158794e-16,9.406200765560424e-05,0.01930595952652031,0.03029214624469933,8.600075577329058e-08
547,1.7919693506840417e-15,0.027503132846452026,9.71445146547012e-17,9.571056531032518e-05,0.01638146931963274,0.027503132846452026,1.0968866223739133e-07
548,6.74807432154978e-16,0.025982988938538558,3.885780586188048e-16,9.836963007947563e-05,0.01437988853006887,0.025982988938538565,1.0593810455641422e-07
549,6.852157730108388e-16,0.025182940738818615,9.159339953157541e-16,9.862975704544308e-05,0.013426375634984875,0.02518294073881861,9.218417173612692e-08
550,6.626643678231403e-16,0.02464939027412801,2.7755575615628914e-17,9.408406537825265e-05,0.01324038437713169,0.024649390274128005,8.634399719147013e-08
551,8.104411239329146e-16,0.023325170321333945,9.71445146547012e-16,9.379111873786261e-05,0.01278339561320948,0.023325170321333952,9.321666634166969e-08
552,6.336077496005288e-16,0.022530890603307818,4.163336342344337e-17,9.909302710642276e-05,0.012418612801315457,0.022530890603307815,8.880627882575599e-08
553,9.514958265732787e-16,0.02174600088222042,5.551115123125783e-17,9.969925966579751e-05,0.012492499936544003,0.021746000882220423,7.973062072999177e-08
554,9.954060145589416e-16,0.021343074992402546,8.465450562766819e-16,9.553059460676305e-05,0.01322220833393008,0.021343074992402542,7.290114557064298e-08
555,1.0859911060701055e-15,0.02136101538797497,3.191891195797325e-16,9.138098859995392e-05,0.013326730224074183,0.02136101538797497,7.283028451718214e-08
556,1.1139635221202315e-15,0.021421941483067603,4.718447854656915e-16,9.122645273462737e-05,0.013362330242887462,0.021421941483067603,7.0764076430898e-08
557,1.1355933554613173e-15,0.021698952094921446,5.273559366969494e-16,9.009038030838301e-05,0.013430212919549097,0.021698952094921446,6.747011822402861e-08
558,9.47213227991961e-16,0.021262009871006994,1.3877787807814457e-16,8.781010663228006e-05,0.013449971010063727,0.021262009871006994,7.292556245031878e-08
559,9.76974577626688e-16,0.019876593920038627,5.412337245047638e-16,9.113298782381651e-05,0.01320796437070685,0.019876593920038627,6.788202339667576e-08
560,1.0072780283476579e-15,0.020943738805369434,1.3877787807814457e-16,9.023356837500884e-05,0.013305176984760211,0.020943738805369434,7.22213792003259e-08
561,4.6178338930502605e-15,0.020464809964387345,3.885780586188048e-16,9.132560202040896e-05,0.013381955339788238,0.020464809964387345,6.98444709373198e-08
562,1.1682603669183056e-14,0.02088956883567386,1.4016565685892601e-15,8.95850289246436e-05,0.013271361138307517,0.020889568835673857,7.139376747465936e-08
563,9.363712062671059e-15,0.020804706538245787,1.5543122344752192e-15,9.246342506041838e-05,0.01318704039538654,0.020804706538245794,7.093194098480704e-08
564,1.1283292009056645e-14,0.020768845679596047,1.1102230246251565e-15,9.249636886865531e-05,0.01336671487197616,0.020768845679596047,7.044992083582404e-08
565,1.1579929723448679e-14,0.02083705085898985,9.992007221626409e-16,9.217043017706317e-05,0.013241107449724272,0.020837050858989854,7.145268042854817e-08
566,1.1953545792087183e-14,0.02146078745008457,1.7763568394002505e-15,9.222883141546401e-05,0.013140980152787429,0.021460787450084565,6.57433756588033e-08
567,1.7586843439887367e-15,0.02098622574612058,8.326672684688674e-16,8.940543677538049e-05,0.013112454483918989,0.02098622574612058,6.904053697830187e-08
568,3.980106175194287e-16,0.020514316958746646,9.43689570931383e-16,9.041949518850956e-05,0.013157355376297069,0.020514316958746646,6.83135751941112e-08
569,3.5843723822370777e-16,0.020263795292664054,1.249000902703301e-16,9.199944511995017e-05,0.01298812106939223,0.020263795292664054,6.706145265208962e-08
570,4.766152750246277e-16,0.02018954452029731,2.3592239273284576e-16,9.209871832982497e-05,0.013059742148439631,0.02018954452029731,6.70500823682783e-08
571,2.7582103268031233e-16,0.023260468410152002,8.881784197001252e-16,9.158238232731541e-05,0.012390330688842432,0.023260468410152002,7.247405944046419e-08
572,1.137111238502797e-15,0.023487872581839445,8.049116928532385e-16,9.461345466021953e-05,0.012585341592635446,0.023487872581839438,6.740321690902252e-08
573,1.1415564674099876e-15,0.023421316191473456,1.429412144204889e-15,8.917110303241493e-05,0.012503541052721516,0.023421316191473456,6.749517616624729e-08
574,2.2859318604684375e-15,0.023242732502975955,8.326672684688674e-16,8.948159497196295e-05,0.01255973610908556,0.023242732502975958,6.65829038123555e-08
575,4.056650848571763e-15,0.02365670432176926,2.0816681711721685e-16,8.906949995562963e-05,0.01264131623708203,0.023656704321769258,6.707938076991563e-08
576,3.312020796508719e-15,0.02351628817394049,7.077671781985373e-16,8.930834337284033e-05,0.012588609642790512,0.02351628817394049,6.579581641710704e-08
577,4.714111045966973e-15,0.023446930458410203,3.885780586188048e-16,8.815910363496604e-05,0.012497411789326545,0.023446930458410203,6.815660234420103e-08
578,3.293480939359217e-15,0.023367136153246704,5.134781488891349e-16,8.987785692882166e-05,0.012513513973834236,0.023367136153246707,6.597264967325773e-08
579,4.002549160164737e-15,0.023214096804574112,4.996003610813204e-16,8.918565671217626e-05,0.012493793070971464,0.023214096804574116,6.563634196700709e-08
580,2.257851024201063e-15,0.020856788531816987,7.53563877964325e-15,8.922937747612991e-05,0.013070696688548742,0.020856788531816987,6.139455122853441e-08
581,3.5360711754528484e-15,0.020686793354508067,6.647460359943125e-15,8.526756716553674e-05,0.013290459798585697,0.020686793354508067,5.982077400498021e-08
582,3.0552275119555272e-15,0.020809347411353624,6.161737786669619e-15,8.501412690209431e-05,0.013107885224621873,0.020809347411353624,6.064370049287511e-08
583,3.5587310008577955e-15,0.020930700867058206,5.800915303666443e-15,8.51993363063519e-05,0.013190190577870622,0.020930700867058206,6.145028736589914e-08
584,1.9232662337720363e-15,0.020753896427705986,3.70536934468646e-15,8.53802879114407e-05,0.01312029011870969,0.020753896427705986,6.120987626550137e-08
585,2.1412992906588713e-15,0.020699643177685863,1.249000902703301e-16,8.50797154043903e-05,0.013085716056246421,0.020699643177685863,5.991828798886328e-08
586,1.1944655334272802e-15,0.020620827032719995,1.6653345369377348e-16,8.520798202832358e-05,0.01293492649608459,0.020620827032719998,5.8988803885824846e-08
587,4.786752591523502e-16,0.020859648921563074,2.220446049250313e-16,8.495829093707608e-05,0.013047255627703353,0.02085964892156307,5.949786939855432e-08
588,1.4669255393728875e-16,0.019687484165527992,2.0816681711721685e-16,8.51345870533371e-05,0.01288218170590773,0.01968748416552799,5.967560004040805e-08
589,3.764892043955914e-16,0.02001502262930651,2.220446049250313e-16,8.490953337009222e-05,0.013003431411380956,0.02001502262930651,6.201174808009365e-08
590,5.377642775528102e-17,0.02050386567256653,1.1102230246251565e-16,8.461244058638462e-05,0.013335239110586396,0.020503865672566526,6.16339425962022e-08
591,1.1761425167122752e-15,0.02030959363091531,1.5279444376403717e-14,8.456991301042383e-05,0.012658158221721035,0.020309593630915314,6.610723497502661e-08
592,2.161357030849853e-16,0.02001200882457901,1.5681900222830336e-15,8.57279568861613e-05,0.012654129881114017,0.020012008824579007,6.430103726784316e-08
593,1.5837483234582006e-16,0.02010383380030602,2.636779683484747e-16,8.512533839011294e-05,0.01272358703209061,0.02010383380030602,6.425672373344632e-08
594,5.282232984349378e-16,0.020328201765328728,4.496403249731884e-15,8.516388892937377e-05,0.012651889922176744,0.020328201765328728,6.429206718305529e-08
595,3.5762408659434364e-16,0.019977144900006856,2.914335439641036e-15,8.657866032368844e-05,0.012396032524854654,0.019977144900006856,6.047365577336684e-08
596,7.008282842946301e-16,0.01956809627462613,2.5951463200613034e-15,8.446111322479855e-05,0.012157347364919868,0.019568096274626127,5.6666473092118024e-08
597,1.3461454173580023e-15,0.01964539974787969,7.077671781985373e-16,8.300376578401769e-05,0.01261902948968207,0.01964539974787969,5.904871001172903e-08
598,4.888125494650897e-15,0.019693012557229415,7.771561172376096e-16,8.352529873673076e-05,0.012817184893726002,0.019693012557229418,5.8005591213751407e-08
599,1.1539597402632218e-14,0.019636315675599474,1.3183898417423734e-15,8.229858839836623e-05,0.013250367422732709,0.019636315675599477,5.778469164786263e-08
600,4.284897089923412e-14,0.021270289079786942,6.245004513516506e-16,8.477917020516257e-05,0.01461476488321448,0.02127028907978694,5.910362912159801e-08
601,6.205767236894255e-14,0.023722591522887655,1.0408340855860843e-14,8.448161639573737e-05,0.016954660966695075,0.023722591522887655,6.458396319464514e-08
602,6.133656950402244e-15,0.024887860847441955,8.743006318923108e-16,7.961879554230222e-05,0.018027291830507202,0.024887860847441955,6.002670429392242e-08
603,1.0117774673634727e-15,0.02669355417499581,1.1102230246251565e-16,7.429537398107033e-05,0.018696650863594948,0.02669355417499581,6.297856006519744e-08
604,9.493274222283077e-15,0.025692976303286798,1.942890293094024e-16,7.419042159440004e-05,0.01872820826492349,0.02569297630328679,5.927699961451886e-08
605,6.123357029763632e-15,0.025998405479811314,4.593547764386585e-15,7.43596209646924e-05,0.019429535441297587,0.025998405479811318,6.14496813285703e-08
606,7.369322166383974e-16,0.027031509927264698,4.3021142204224816e-16,6.986563182764804e-05,0.01992424478485384,0.0270315099272647,6.194655841455696e-08
607,8.183015896834345e-16,0.02674032840136676,1.942890293094024e-16,6.844661580979183e-05,0.020190782789580274,0.02674032840136676,5.7547096406030395e-08
608,1.8688934948218883e-15,0.026067842581334627,0.0,6.974355244504515e-05,0.02096403822706917,0.026067842581334627,5.6230937612907355e-08
609,4.93913720686634e-15,0.025919688293387644,1.096345236817342e-15,7.43502997282014e-05,0.021814138846850066,0.025919688293387647,7.620115682649615e-08
610,3.779474563175844e-15,0.027209915698461887,5.689893001203927e-16,8.152099408142814e-05,0.022877356393187224,0.027209915698461887,6.790018931684084e-08
611,8.58796540825768e-15,0.02836851364149453,2.498001805406602e-16,8.939432258934284e-05,0.023477112358444182,0.028368513641494526,6.274659019199252e-08
612,1.2412922252569292e-14,0.029199453613746828,4.440892098500626e-16,9.457848086904044e-05,0.0233444050098525,0.029199453613746828,6.121057675584739e-08
613,7.592971390524283e-14,0.029753180313920855,1.304512053934559e-15,9.402648630322651e-05,0.022937206991558122,0.02975318031392086,7.438917075627672e-08
614,2.745438425211244e-14,0.030404744210358818,4.163336342344337e-16,9.395493541552741e-05,0.02273795642520831,0.03040474421035881,6.98510639680053e-08
615,1.6289487120291213e-14,0.030988106815341643,1.3877787807814457e-17,9.507272195350899e-05,0.022537123717924445,0.030988106815341643,6.164982694655906e-08
616,1.8958792868950525e-14,0.030436571106828784,1.3877787807814457e-16,9.463620591468064e-05,0.022573842832692075,0.030436571106828788,5.907338290536662e-08
617,1.2716607281082482e-15,0.027318497837838063,4.718447854656915e-16,9.731103039801754e-05,0.022075749317627825,0.027318497837838063,7.25564578589805e-08
618,3.984659824318726e-15,0.025186404122075727,8.465450562766819e-16,9.257920112443283e-05,0.02087130220763682,0.02518640412207572,5.829313751986972e-08
619,4.791089400213444e-16,0.026492991681909203,9.298117831235686e-16,8.822659714690945e-05,0.021060758164614172,0.026492991681909196,6.053205126109621e-08
620,3.3415110956003247e-16,0.026861450729288656,0.0,9.377844002111425e-05,0.021034367373577847,0.026861450729288652,5.311736091965994e-08
621,5.101171221544298e-16,0.026728776228306588,4.718447854656915e-16,9.478254471140778e-05,0.02039989403358402,0.02672877622830659,4.49231372565676e-08
622,3.3058408441255516e-15,0.024795143847709075,1.2212453270876722e-15,9.16710915620728e-05,0.019297505443629823,0.024795143847709075,5.975910840032954e-08
623,1.3415917682335632e-15,0.02529087462676237,1.8041124150158794e-16,8.351425525143872e-05,0.018493810727845873,0.025290874626762366,5.976328025427314e-08
624,5.817828857557217e-15,0.026512452086073304,2.2065682614424986e-15,8.071937327807591e-05,0.018336706446527865,0.026512452086073304,4.6758763936908684e-08
625,5.970267683008679e-15,0.026315966611421507,1.3739009929736312e-15,8.291247277906512e-05,0.018182740798136837,0.026315966611421507,4.5459692403959236e-08
626,5.3529229659954325e-15,0.024112819111436225,1.124100812432971e-15,8.295196093137999e-05,0.017441027916245536,0.02411281911143623,4.3543099431900124e-08
627,3.522659594579203e-14,0.022717332391976854,6.938893903907228e-15,8.124131114805103e-05,0.0168158123130217,0.022717332391976854,5.959463564639567e-08
628,6.4191273824176776e-15,0.0223014908565804,1.1796119636642288e-15,8.340895517786745e-05,0.01675861524145756,0.022301490856580397,5.931168809772682e-08
629,5.266620473065586e-15,0.0219728922534248,9.020562075079397e-16,8.243844513532595e-05,0.01658572018874672,0.021972892253424803,4.4483769015484496e-08
630,1.0351962342891596e-15,0.02195262763006942,1.3877787807814457e-16,8.238883140386597e-05,0.016423664811790972,0.021952627630069416,4.001667024803825e-08
631,3.885780586188048e-16,0.020541398210559367,1.790234627208065e-15,8.33147007317011e-05,0.015563298602950582,0.020541398210559367,6.068831422232912e-08
632,2.0686577451023425e-16,0.021260810088593762,3.3306690738754696e-16,8.089779066140952e-05,0.01525800893632427,0.021260810088593766,5.185077970098097e-08
633,1.9255430583342559e-16,0.022124176024808744,9.992007221626409e-16,8.428342783190022e-05,0.015243021710069573,0.022124176024808748,4.4050168330766136e-08
634,1.8388068845354155e-16,0.02184524503473532,1.3877787807814457e-16,8.386951249962724e-05,0.01508134761493949,0.02184524503473532,4.39809802911288e-08
635,1.866454039933796e-16,0.021097833071314565,4.718447854656915e-16,8.389635447421124e-05,0.014863336932374491,0.021097833071314562,4.4822017548990586e-08
636,5.879628381388891e-16,0.0200103032914426,3.858025010572419e-15,8.475286489022411e-05,0.01457162920881562,0.0200103032914426,5.359971746115867e-08
637,2.5326962749261384e-16,0.01979086318791859,1.249000902703301e-16,8.476684252590582e-05,0.01428153686919574,0.01979086318791859,4.8382870915823446e-08
638,2.3592239273284576e-16,0.019823490016803662,5.551115123125783e-16,8.307002022242896e-05,0.014190963875410743,0.019823490016803662,4.205945543586497e-08
639,2.1510571102112408e-16,0.020083053952015695,1.6653345369377348e-16,8.301740443174103e-05,0.014287532609305332,0.020083053952015692,4.0940940267221805e-08
640,2.3245294578089215e-16,0.018899779250037704,2.0816681711721685e-16,8.392210289351939e-05,0.014311659108094524,0.0188997792500377,4.355448375780887e-08
641,1.9147010366094008e-16,0.01823029844383511,6.106226635438361e-16,8.3998190477645e-05,0.014384961408851883,0.018230298443835113,3.9451906692853474e-08
642,9.8879238130678e-17,0.018028857664486874,5.551115123125783e-17,8.50349638020359e-05,0.014399201221474365,0.018028857664486878,3.8925590137714364e-08
643,1.1622647289044608e-16,0.01764608262684049,1.249000902703301e-16,8.488259676135007e-05,0.014399048661790204,0.01764608262684049,3.7592619381325775e-08
644,4.180683577104105e-16,0.01861570615759879,2.636779683484747e-16,8.426686027935854e-05,0.014499986501028125,0.01861570615759879,3.938258009360961e-08
645,5.637851296924623e-16,0.01974368683727327,1.970645868709653e-15,8.285560125472283e-05,0.014465243980032594,0.019743686837273268,4.191166757675963e-08
646,8.690964614643804e-16,0.019775871874349395,7.771561172376096e-16,7.875269132348768e-05,0.014343092356890517,0.019775871874349395,3.5665322200043115e-08
647,7.754213937616328e-16,0.01950071215694012,2.498001805406602e-16,7.559559634500411e-05,0.014267669291276737,0.01950071215694012,3.381941820210809e-08
648,1.6375789613221059e-15,0.01904442242503159,2.2343238370581275e-15,7.361435818505763e-05,0.014187153123960938,0.01904442242503159,4.6212907757508253e-08
649,2.2239154962022667e-15,0.01833672253563884,1.1102230246251565e-16,6.944400632371162e-05,0.01416524194733413,0.01833672253563884,4.1558138258623536e-08
650,1.6065707791890205e-15,0.018329069237909355,1.1796119636642288e-15,6.372578572157086e-05,0.014118638691052593,0.018329069237909355,3.800710110138563e-08
651,1.6263032587282567e-15,0.01799987507471107,1.942890293094024e-16,6.083487820900818e-05,0.013950356285800785,0.01799987507471107,3.860572749069609e-08
652,2.2690183065776637e-15,0.017392625101039193,3.0531133177191805e-16,6.005681882918692e-05,0.013783493536449453,0.017392625101039196,4.367930740238744e-08
653,2.79659108370911e-15,0.0172095182830961,5.551115123125783e-17,5.909021608979312e-05,0.013484127299272685,0.0172095182830961,4.2872276073088e-08
654,3.582203977892107e-15,0.017962200771908157,6.800116025829084e-16,5.777046948721946e-05,0.012935408970483748,0.017962200771908153,3.8768688621152747e-08
655,2.3312515112783316e-15,0.018025053388962053,6.661338147750939e-16,5.734729550627149e-05,0.012887596582086333,0.018025053388962053,3.3474445268880106e-08
656,4.7531423241764514e-15,0.017230768091279634,9.992007221626409e-16,5.8411433930836976e-05,0.012722572253966696,0.017230768091279634,3.3917652750188886e-08
657,2.444008537216824e-15,0.01580875342365061,4.163336342344337e-17,5.628552783562904e-05,0.012358557817048959,0.01580875342365061,3.589600430587725e-08
658,5.262066823941147e-15,0.015750656561300442,4.85722573273506e-16,5.143058549063589e-05,0.011964352051905106,0.01575065656130044,3.2576556671674064e-08
659,1.089840023782429e-15,0.01629380813484751,1.5265566588595902e-16,5.1417824457659043e-05,0.011853824373438522,0.016293808134847515,3.0083179076653795e-08
660,3.982708260408252e-15,0.016797452786239325,5.134781488891349e-16,5.18452158133377e-05,0.011726514846042363,0.016797452786239325,2.906914916324136e-08
661,1.0755285551056204e-16,0.016363971953207677,1.942890293094024e-16,5.110394373248912e-05,0.011561501586753491,0.016363971953207677,3.3411483285356796e-08
662,8.088148206741863e-17,0.0158213678094902,1.6653345369377348e-16,4.87976593180001e-05,0.011268472955934366,0.0158213678094902,3.883540117119069e-08
663,4.570996359198887e-16,0.015487366191234605,8.049116928532385e-16,4.375624895623046e-05,0.01116026694289139,0.015487366191234607,2.7171753341630917e-08
664,8.552186736565659e-16,0.014899148508705601,2.7755575615628914e-16,4.55583009145652e-05,0.01100267199305107,0.014899148508705601,2.673645680822732e-08
665,8.534839501805891e-16,0.014444293124455818,1.0824674490095276e-15,4.516114126517593e-05,0.010769091057810619,0.014444293124455818,2.9242307737491718e-08
666,1.4558666772135354e-15,0.014122605597925152,5.967448757360216e-16,4.2647377329128704e-05,0.010524724114266486,0.014122605597925154,3.1362984193861154e-08
667,2.024855977333928e-15,0.013772761188016241,1.8041124150158794e-15,4.0646836961229574e-05,0.010368438391323797,0.013772761188016241,3.23147407472147e-08
668,2.4897618688957124e-15,0.013804551630694627,1.790234627208065e-15,3.9560377859893664e-05,0.010147249478867436,0.013804551630694627,2.66826151771224e-08
669,2.351417671686562e-15,0.013706710415368025,2.3869795029440866e-15,3.758992740097219e-05,0.009958945786648209,0.013706710415368025,2.7519669124044817e-08
670,4.54454182619024e-15,0.013119560943290524,1.5959455978986625e-15,3.544732197944059e-05,0.009693445572948614,0.013119560943290524,3.469133378498349e-08
671,4.350686477749832e-15,0.012731955945721192,7.077671781985373e-16,3.079572572728655e-05,0.00942510529425526,0.012731955945721194,3.144018436102123e-08
672,2.1306741093685133e-15,0.0125702237732313,3.552713678800501e-15,2.5719680561327347e-05,0.009277491384143906,0.0125702237732313,2.1489210514605605e-08
673,2.7720881146109377e-15,0.012303366632090154,3.0531133177191805e-16,2.3463823283327405e-05,0.009180173525112897,0.012303366632090154,2.076446557442229e-08
674,4.3836462237933915e-15,0.011420381649302133,4.6629367034256575e-15,2.300420558576377e-05,0.008974787812786555,0.011420381649302131,2.15659033552893e-08
675,1.835337437583462e-15,0.011030002272093841,2.636779683484747e-16,2.3012120398901992e-05,0.008845181521089259,0.01103000227209384,2.2807324915396243e-08
676,3.086506744631734e-15,0.010651290266304835,1.7069679003611782e-15,2.2984549615800987e-05,0.008587871265728665,0.010651290266304833,2.2622420071234386e-08
677,3.4590386110977533e-15,0.010263614612619508,2.1510571102112408e-15,2.2934450394251904e-05,0.008494873101399058,0.010263614612619508,1.9305250230639577e-08
678,1.6158298657420467e-14,0.010007620811024232,6.022959908591474e-15,2.2925838600640347e-05,0.008351280553203663,0.010007620811024234,2.220969014203724e-08
679,1.6967763999398144e-15,0.009618217306679607,9.020562075079397e-16,2.293643932838041e-05,0.008198004761335967,0.009618217306679607,2.4240795471161815e-08
680,5.637851296924623e-16,0.0093139356786709,4.579669976578771e-16,2.2930708222235197e-05,0.008073253900519226,0.009313935678670898,2.1878611550012598e-08
681,3.668289630387456e-15,0.009356854744007307,5.828670879282072e-16,2.2966932335055645e-05,0.00804334018322337,0.009356854744007308,1.9427082870998178e-08
682,9.768878414528892e-15,0.009237497864757777,6.800116025829084e-16,2.299655926529809e-05,0.007965695243769647,0.009237497864757777,2.023139122934037e-08
683,4.009162793416898e-15,0.009279471759620583,6.800116025829084e-16,2.3039719933781733e-05,0.007890358176419374,0.009279471759620583,2.2032694778992942e-08
684,4.4395910558936436e-15,0.009275976171740233,2.7755575615628914e-17,2.3080627277738408e-05,0.00787816382226369,0.009275976171740235,2.204176172528206e-08
685,1.6371452804531117e-16,0.009246794480489364,2.0816681711721685e-16,2.308509502402245e-05,0.007819947438514125,0.009246794480489363,2.129087504087644e-08
686,7.580741590018647e-16,0.009644332792306507,1.0269562977782698e-15,2.3101262028202285e-05,0.007709865178210276,0.009644332792306507,2.036846611206478e-08
687,3.7470027081099033e-16,0.009674881625058486,1.2212453270876722e-15,2.3234194114707396e-05,0.007698189105764848,0.009674881625058487,2.0810155588045873e-08
688,1.4268100589909238e-16,0.009663157206828147,4.440892098500626e-16,2.32511602242802e-05,0.007600688361824781,0.009663157206828147,2.1326524833893977e-08
689,2.1510571102112408e-16,0.009653747561175352,5.134781488891349e-16,2.343606115462471e-05,0.0076052899325824135,0.009653747561175352,2.1021683560369207e-08
690,2.3245294578089215e-16,0.009703151330105011,2.7755575615628914e-17,2.3409644922811612e-05,0.007619432685129399,0.009703151330105011,2.007673270600331e-08
691,5.759281940243e-16,0.009944017976361356,2.942091015256665e-15,2.339167144921328e-05,0.007560145730062253,0.009944017976361356,2.096335344134041e-08
692,2.3548871186385156e-16,0.009953387790725972,1.0269562977782698e-15,2.3791880286949674e-05,0.007543325927180872,0.009953387790725972,2.0654922177610243e-08
693,7.546047120499111e-16,0.010068681654766915,3.608224830031759e-16,2.393274477324736e-05,0.007575830088788638,0.010068681654766914,2.2018254899662427e-08
694,1.0755285551056204e-15,0.010151959667541767,1.6653345369377348e-16,2.3849241095330598e-05,0.007528424267004553,0.010151959667541767,2.1379174232140386e-08
695,2.7419472942158407e-16,0.010070499779034313,3.191891195797325e-16,2.4100708244489955e-05,0.007531680136656462,0.010070499779034313,2.0847561181836297e-08
696,6.210310043996969e-16,0.010318948324434165,1.2212453270876722e-15,2.4081583887225477e-05,0.007465982644506863,0.010318948324434165,2.249129018397796e-08
697,2.342960894741175e-16,0.01030413961004491,1.3877787807814457e-17,2.40818345868532e-05,0.007461700152530927,0.01030413961004491,2.131371593084209e-08
698,2.0990154059319366e-16,0.010179102340625457,1.249000902703301e-16,2.4066595845861904e-05,0.007498646426013998,0.010179102340625459,2.012413555565863e-08
699,5.733261088103347e-16,0.01036856614234734,3.7192471324942744e-15,2.3878167695223773e-05,0.007450591000134121,0.01036856614234734,2.1488021016812258e-08
700,3.5236570605778894e-16,0.010287541434706083,6.938893903907228e-16,2.361865372946248e-05,0.007403050256824928,0.010287541434706084,2.115257167910269e-08
701,2.401236761512271e-16,0.010024407215177753,4.718447854656915e-16,2.3570758322100094e-05,0.007380766993719905,0.010024407215177753,1.9930889686999346e-08
702,7.077671781985373e-16,0.009975400488818455,4.440892098500626e-16,2.3330917495123504e-05,0.007335656413135104,0.009975400488818455,1.9705768882940103e-08
703,1.5092094240998222e-16,0.010070664756576739,7.355227538141662e-16,2.348618471692543e-05,0.007256552694381005,0.010070664756576735,2.0133532981234912e-08
704,5.377642775528102e-16,0.01019890401908288,9.71445146547012e-17,2.3778994290568622e-05,0.007222816852988049,0.01019890401908288,2.0499231803603958e-08
705,1.3877787807814457e-16,0.010183758058382302,1.1934897514720433e-15,2.398854464660729e-05,0.007089233619391605,0.010183758058382304,2.1065617605966777e-08
706,3.075664722906879e-15,0.010049389839568372,5.259681579161679e-15,2.589437887279538e-05,0.006913751000455687,0.010049389839568372,2.413545892172957e-08
707,1.1449174941446927e-16,0.010301453754161404,2.7755575615628914e-17,2.7325621799982082e-05,0.006820996802302578,0.010301453754161404,2.49085992718335e-08
708,1.3357370765021415e-16,0.01091072079547737,2.7755575615628914e-16,2.776725634870761e-05,0.006608127781642761,0.01091072079547737,2.3437234115174284e-08
709,1.6599135260753073e-16,0.010927201526387922,5.551115123125783e-17,2.7712891830474103e-05,0.006500404976783194,0.010927201526387922,2.183886160013356e-08
710,1.6794291651800464e-16,0.01068064030453525,5.412337245047638e-16,2.716291250950964e-05,0.006439539874348276,0.01068064030453525,2.1934183328934662e-08
711,4.270672357420402e-16,0.009883789593693043,2.706168622523819e-15,2.6612833433520625e-05,0.006399812049266963,0.009883789593693041,2.4032658609168865e-08
712,4.12647346847983e-16,0.009386071602963642,6.938893903907228e-17,2.895261455969616e-05,0.006376066955014126,0.009386071602963644,2.2058215358356082e-08
713,5.248622717002327e-16,0.008686980718795414,8.326672684688674e-17,3.058124379070118e-05,0.006290709140690286,0.008686980718795416,2.0595207170144047e-08
714,5.092497604164414e-16,0.008447270768330798,4.163336342344337e-17,3.1844730522969864e-05,0.006147548120785922,0.008447270768330798,2.3448909840525214e-08
715,7.452263632579115e-16,0.009355346914402285,1.0824674490095276e-15,3.1697718827705494e-05,0.00571583023761761,0.009355346914402285,2.5603948549902702e-08
716,1.1618310480354666e-15,0.00956282528241508,6.106226635438361e-16,2.7476451064351037e-05,0.005504571508711151,0.00956282528241508,2.291089625957272e-08
717,1.0737938316296436e-15,0.009118558670771925,1.3877787807814457e-16,2.4726211950306352e-05,0.0054079384096880154,0.009118558670771923,2.072472615907143e-08
718,1.288357441564525e-15,0.008498220526539773,6.661338147750939e-16,2.388490809968058e-05,0.0052275008971820955,0.008498220526539771,2.3057994978918024e-08
719,3.032350846116083e-15,0.007991960424711947,9.020562075079397e-16,2.286950603302973e-05,0.005069802738606181,0.007991960424711947,2.9642367379649464e-08
720,7.398487204823834e-15,0.007728907685732979,4.440892098500626e-16,2.3603057161536434e-05,0.004961706656656713,0.007728907685732979,2.504918483797717e-08
721,1.1405806854547507e-15,0.007795822578752636,3.608224830031759e-16,2.2991037070152487e-05,0.00491259505337641,0.007795822578752636,2.2085862054228908e-08
722,7.157577482097555e-15,0.007670792077653669,5.551115123125783e-16,2.2652562142289057e-05,0.004852598842127603,0.007670792077653669,2.194133342915994e-08
723,4.934637767850525e-15,0.007359313415873411,5.551115123125783e-16,2.3357730695838796e-05,0.004695699881600266,0.007359313415873411,2.2974058528443593e-08
724,4.1106441167615415e-15,0.007232012337152615,2.498001805406602e-16,2.2759311246123293e-05,0.0045636859521464125,0.007232012337152614,2.17447613711034e-08
725,1.2450977748823533e-15,0.007050470047601579,4.440892098500626e-16,2.2443631583102253e-05,0.004588675445647897,0.00705047004760158,1.8148690635063905e-08
726,4.240314696590808e-15,0.006980834673453989,1.1102230246251565e-16,2.27024047995128e-05,0.00460961702900978,0.006980834673453989,1.770989696898231e-08
727,2.411265631607762e-16,0.006632104753226309,2.6506574712925612e-15,2.2638034952948694e-05,0.004643643817993547,0.00663210475322631,1.7940432655414185e-08
728,5.939259500875593e-16,0.006605572842329658,2.7755575615628914e-16,2.257368240349278e-05,0.00461020428714198,0.006605572842329658,1.7476909400606147e-08
729,5.043708506402567e-16,0.006605578558665208,8.187894806610529e-16,2.2595737141029026e-05,0.00459957419238518,0.006605578558665207,1.6414162022812754e-08
730,5.758197738070514e-16,0.006512876207976466,6.522560269672795e-16,2.2438168301719408e-05,0.0045832773803285,0.006512876207976465,1.7114620065208983e-08
731,6.444497713253838e-16,0.0069172597338309745,1.0130785099704553e-15,2.247706493252455e-05,0.00462807593480915,0.0069172597338309745,1.7002505713851748e-08
732,7.979727989493313e-16,0.007119107430444938,8.326672684688674e-17,2.26321849750577e-05,0.00464078077442402,0.007119107430444938,1.7514242661212343e-08
733,9.259086553026208e-16,0.007177420250734669,1.942890293094024e-16,2.261758455179841e-05,0.00464815672762064,0.007177420250734669,1.741006919656916e-08
734,9.715535667642605e-16,0.00719176102274375,5.551115123125783e-17,2.2622391060656e-05,0.004655078122653838,0.007191761022743751,1.7225106878370014e-08
735,9.50194783966296e-16,0.00720596671889024,3.3306690738754696e-16,2.2586337498908815e-05,0.004673219966363895,0.007205966718890241,1.6954185962924624e-08
736,1.1848161340921592e-15,0.007347380951510668,3.7192471324942744e-15,2.2566038678895062e-05,0.004798612037933709,0.007347380951510668,1.755196961606245e-08
737,1.0297752234267321e-15,0.007393684101333114,4.85722573273506e-15,2.2882171977545163e-05,0.004769060640274942,0.007393684101333115,1.700583192879307e-08
738,1.0527603094834248e-15,0.0073658437164438855,8.520961713998076e-15,2.2987516647643425e-05,0.0047782496600905795,0.007365843716443885,1.679676271985949e-08
739,9.471048077747124e-16,0.007150640124617751,5.412337245047638e-15,2.2804027266509763e-05,0.004739363140285946,0.007150640124617749,1.6636215408407768e-08
740,1.076612757278106e-15,0.007246876797033071,7.0360384185619296e-15,2.245470405282113e-05,0.004759607876700328,0.007246876797033071,1.661003082685666e-08
741,1.5975719011573908e-14,0.007683690470894178,1.429412144204889e-15,2.2741701733774988e-05,0.004743850939412006,0.007683690470894176,1.717148235378876e-08
742,1.2375517277618542e-14,0.007701207031698516,4.85722573273506e-16,2.2248554868764536e-05,0.004735172802832553,0.007701207031698515,1.7172690738453522e-08
743,2.1253289926581598e-14,0.007688612959806809,5.134781488891349e-16,2.2229379995630794e-05,0.004700118301289299,0.007688612959806809,1.791626810386695e-08
744,2.5856378670086055e-14,0.007676931291548013,3.1502578323738817e-15,2.2107308455865393e-05,0.004694340083978869,0.007676931291548012,1.7992163628279915e-08
745,1.4743956923413126e-14,0.007776766285177553,5.551115123125783e-17,2.2222235668833967e-05,0.004676951777061573,0.007776766285177552,1.800935709417387e-08
746,1.8536062441898427e-15,0.007755336799449397,1.27675647831893e-15,2.2132155251541885e-05,0.004681535449943632,0.007755336799449397,1.8411996112184036e-08
747,4.013824862758586e-15,0.007604105512612558,1.2212453270876722e-15,2.2185225683646337e-05,0.0047016758595517325,0.007604105512612558,1.9169906667264516e-08
748,1.1431827706687159e-15,0.0069977101343442795,7.216449660063518e-16,2.2055305066159825e-05,0.004496712600350505,0.0069977101343442795,2.111018332431264e-08
749,3.5236570605778894e-16,0.006890919615331414,5.412337245047638e-16,2.1865796820896843e-05,0.004456197381406815,0.006890919615331414,1.9307394035461423e-08
750,2.8807251722939853e-16,0.006983722409949253,3.7470027081099033e-16,2.1785703453680583e-05,0.00435499671625603,0.006983722409949253,1.7093955677675995e-08
751,1.604890265821668e-15,0.007518586908717565,3.927413949611491e-15,2.2463906021008562e-05,0.003968702850768153,0.007518586908717564,2.3144275911794972e-08
752,4.034966805122053e-15,0.007687041285446689,3.885780586188048e-16,2.1158138293286832e-05,0.003972813193483908,0.007687041285446691,2.1476122542079764e-08
753,9.768661574094395e-15,0.007767254258973107,1.0130785099704553e-15,2.0485157080862848e-05,0.0040595203789555,0.007767254258973106,2.1776185918349768e-08
754,1.9678052590177408e-14,0.007493447130460297,8.909539772616881e-15,2.0499619279357173e-05,0.003999065978806845,0.007493447130460297,1.8733400782643704e-08
755,2.503628814681802e-14,0.007800240156971224,6.619704784327496e-15,2.033363605724592e-05,0.004054593131873011,0.007800240156971224,2.038178800545165e-08
756,9.918281473897395e-16,0.007615174165223272,1.6653345369377348e-16,2.0826661542350244e-05,0.004047642391477438,0.007615174165223271,2.0523396004083306e-08
757,2.654343758679012e-15,0.007629846359714958,9.71445146547012e-17,2.0471529860510707e-05,0.003973029731054045,0.007629846359714958,1.8417321816614702e-08
758,1.473398226342626e-14,0.007128044416361192,1.8318679906315083e-15,1.8832954434389038e-05,0.004185393338544107,0.007128044416361193,1.869016289450431e-08
759,6.150570504293018e-15,0.007004557851221694,6.800116025829084e-16,1.8235420189971485e-05,0.004321511720050951,0.007004557851221694,1.8518180706867383e-08
760,5.437273895014805e-16,0.006870282988172645,1.1102230246251565e-16,1.9317330484658335e-05,0.004424493072689993,0.006870282988172646,1.7524151670938706e-08
761,1.0581813203458523e-16,0.0069210279804831475,3.608224830031759e-16,1.9787673583127052e-05,0.004478420392489356,0.0069210279804831475,1.665964581968622e-08
762,1.7477339020466331e-16,0.007143750847785401,1.6653345369377348e-16,2.0351532817619936e-05,0.004535991618736647,0.0071437508477854,1.6754650112405217e-08
763,1.0356299151581538e-15,0.007437217275060016,3.3306690738754696e-16,2.213143253948155e-05,0.004562180758599393,0.007437217275060016,1.9253099987758355e-08
764,1.5342544942842373e-15,0.007328310282358345,5.551115123125783e-17,2.395615955806934e-05,0.0045763125779451595,0.007328310282358346,2.0280735398102404e-08
765,2.2991591269727607e-15,0.007439463199220342,4.0245584642661925e-16,2.4936035013218595e-05,0.004595811491242462,0.007439463199220341,1.75157603621303e-08
766,1.316329857614651e-15,0.007508065887655992,2.498001805406602e-16,2.6678145752172082e-05,0.004643656581743339,0.007508065887655992,1.656688330281814e-08
767,3.830052594522293e-15,0.0074869706140967005,1.8596235662471372e-15,2.7263908443121536e-05,0.00468729713134949,0.0074869706140967005,1.7915718225814605e-08
768,3.821378977142409e-15,0.007279249808337086,2.4424906541753444e-15,2.8323376653521977e-05,0.004731641533844441,0.007279249808337086,1.597272172468403e-08
769,2.2471174226934565e-15,0.007113274006062417,1.4710455076283324e-15,2.8015662009253997e-05,0.004776335339268455,0.007113274006062417,1.5246633039253157e-08
770,3.922209779183561e-15,0.0067649481004333125,1.429412144204889e-15,2.706365792327827e-05,0.004794224728220255,0.006764948100433312,1.499743284453702e-08
771,6.316995537769543e-15,0.006559253882130017,1.3877787807814457e-15,2.4717162899969176e-05,0.004800869699720451,0.006559253882130018,1.4697278588446451e-08
772,6.762602630661085e-15,0.006380943550468366,0.0,2.2109518972388692e-05,0.004796350217767531,0.006380943550468366,1.5704918528140992e-08
773,5.926357495023016e-15,0.0063870128240042295,2.636779683484747e-16,1.9533985193355245e-05,0.004808238171883939,0.006387012824004229,1.3383612136965833e-08
774,2.5077528486953937e-15,0.006549876583642346,5.134781488891349e-16,1.7658365739933388e-05,0.00486910589087608,0.006549876583642346,1.2935416505619556e-08
775,7.466249840604178e-15,0.006469283614905896,4.3021142204224816e-16,1.601588720970097e-05,0.004900754362019375,0.006469283614905895,1.510049629908637e-08
776,3.9861777073602056e-15,0.006394397795114173,0.0,1.5556472100275442e-05,0.004902820685194464,0.006394397795114174,1.4730255381942145e-08
777,2.839460437609187e-14,0.006184436369593581,1.8318679906315083e-15,1.5668142043789857e-05,0.004997295009027886,0.006184436369593581,1.2839286752583091e-08
778,2.7950732006676304e-15,0.0060482467481674275,8.326672684688674e-17,1.5818795477406944e-05,0.005007941489071348,0.0060482467481674275,1.3003344100636254e-08
779,9.65460350554892e-15,0.0060824182566557045,2.220446049250313e-16,1.5808059936284202e-05,0.005018462284790891,0.006082418256655703,1.3954117245213282e-08
780,1.6899459262531558e-15,0.006170369836983247,2.3592239273284576e-16,1.596134248016412e-05,0.0050100741294584385,0.006170369836983247,1.3665106198476303e-08
781,1.3922240096886362e-15,0.006141118887969781,7.355227538141662e-16,1.5786184815902438e-05,0.004963244535934993,0.00614111888796978,1.299874900811511e-08
782,2.527492104498208e-15,0.006214003844444916,7.771561172376096e-16,1.51308669200656e-05,0.005010206129361355,0.006214003844444915,1.2655514107069305e-08
783,2.3245294578089215e-16,0.00636057752736411,4.121702978920894e-15,1.520574905855554e-05,0.005035290524728569,0.006360577527364109,1.532864695757651e-08
784,2.0415526907902048e-16,0.006281462452741051,1.1102230246251565e-16,1.52522469857308e-05,0.005031568871947239,0.006281462452741051,1.640340060176223e-08
785,5.55653613398821e-16,0.006481347104451919,3.608224830031759e-16,1.6025945554387633e-05,0.0050971696581729765,0.006481347104451919,1.392395226312434e-08
786,3.6163563463254e-16,0.006404519355666153,2.914335439641036e-16,1.5503227949631437e-05,0.00509707792247902,0.006404519355666154,1.3890641573712629e-08
787,7.623025474745582e-16,0.006332393710208759,5.273559366969494e-16,1.5169982063856224e-05,0.005107276912155748,0.006332393710208759,1.487834348122248e-08
788,8.805890044927267e-16,0.00632513446766658,5.551115123125783e-17,1.546734164237229e-05,0.0051160299254490805,0.006325134467666581,1.4936885128224962e-08
789,1.2107285660145628e-15,0.0062943314422812,1.8041124150158794e-16,1.5859301065845877e-05,0.00510957460840183,0.0062943314422812,1.3424734590163012e-08
790,1.068155980332719e-15,0.006293003924916235,5.551115123125783e-16,1.5822536986269224e-05,0.005126407981240377,0.006293003924916235,1.2744731412278538e-08
791,1.4023070898927514e-15,0.006283852244931084,1.609823385706477e-15,1.6142065683928154e-05,0.005112825943657113,0.006283852244931084,1.5092197252479905e-08
792,2.3020864728384716e-15,0.006212905645532606,6.245004513516506e-16,1.7064013416742338e-05,0.005032174784004526,0.006212905645532606,1.591893047443769e-08
793,2.5604518505417673e-15,0.006269692056663531,1.8041124150158794e-16,1.720767849698341e-05,0.005043152076874269,0.006269692056663532,1.4306678207368696e-08
794,2.2116640116531805e-15,0.006326033475049015,1.942890293094024e-16,1.7450210764932868e-05,0.005081948577833183,0.006326033475049016,1.3718375410026167e-08
795,2.7314305331427313e-15,0.006194939803934756,4.163336342344337e-17,1.747974194023661e-05,0.005132513064577279,0.006194939803934757,1.505273233914058e-08
796,4.777428452840127e-15,0.006183529969839084,3.3306690738754696e-16,1.732268375384885e-05,0.005183126234727356,0.006183529969839084,1.5668614344333864e-08
797,5.214795609220779e-15,0.006136463222608925,3.191891195797325e-16,1.7600120904585383e-05,0.005198218783536492,0.006136463222608925,1.5691910295958202e-08
798,5.214687189003531e-15,0.006133037706589,1.3877787807814457e-17,1.755805693004573e-05,0.005208094940281881,0.006133037706588999,1.4482544564243178e-08
799,4.432218481120742e-15,0.006441686065286608,2.373101715136272e-15,1.7257803768574824e-05,0.005280662860248159,0.006441686065286608,1.541317274775109e-08
800,7.457793063658791e-15,0.006453668973318962,6.245004513516506e-16,1.7782817706975956e-05,0.005235406084247798,0.006453668973318963,1.741335353662792e-08
801,1.032030363945502e-14,0.006650062540642238,9.020562075079397e-16,1.7866351335327213e-05,0.005195481429259973,0.0066500625406422376,1.5894630132544164e-08
802,4.044616204457174e-15,0.006720742934738068,6.800116025829084e-16,1.856193864319903e-05,0.005246796025788038,0.006720742934738068,1.4242267332582668e-08
803,1.861575130157611e-14,0.00640714234031785,1.915134717478395e-15,1.8595193942831136e-05,0.005306587926773264,0.00640714234031785,1.4726154202672555e-08
804,1.3264129378187661e-15,0.0060309606371159435,5.134781488891349e-16,1.7488844385327683e-05,0.0053257348583302345,0.0060309606371159435,1.5515863456969227e-08
805,2.3370411508794042e-14,0.005799236991968219,1.4988010832439613e-15,1.6930261434497385e-05,0.005384753593722546,0.005799236991968219,1.4642777210997098e-08
806,2.934826860701012e-15,0.005761030013217214,4.163336342344337e-16,1.6588324737979235e-05,0.005380627151977544,0.005761030013217214,1.429220449765699e-08
807,1.020884765612351e-14,0.0059860897087702465,2.0816681711721685e-16,1.6341107952782576e-05,0.0053426545958928625,0.0059860897087702465,1.4287940828427664e-08
808,6.612549049989092e-16,0.006137970828849891,2.914335439641036e-16,1.5783321938633854e-05,0.005291034520074159,0.006137970828849892,1.5243581452881484e-08
809,7.889739209177016e-16,0.006159753958396154,9.159339953157541e-16,1.5589023424800175e-05,0.005071049205326435,0.006159753958396154,1.6454490778076402e-08
810,8.376545984623007e-16,0.006316719827927626,1.6653345369377348e-16,1.5580647683588467e-05,0.005081274518709075,0.006316719827927626,1.3612819499554773e-08
811,7.216449660063518e-16,0.0062961058075596005,2.6367796834847468e-15,1.4720919429667134e-05,0.005190084200389021,0.0062961058075596005,1.3013579991203765e-08
812,9.750230137162141e-16,0.0059850879420137735,1.4710455076283324e-15,1.5141787187644695e-05,0.0052213330469300535,0.005985087942013774,1.449984830393654e-08
813,2.6156377411212794e-15,0.005496427742660273,5.273559366969494e-16,1.5488205381664066e-05,0.0054079906182705854,0.005496427742660272,1.3124663996055256e-08
814,2.0359148394932802e-15,0.005446177847277144,8.326672684688674e-17,1.653732132045338e-05,0.005446177847277143,0.005341067619975919,1.1382257924321099e-08
815,2.067573542929857e-15,0.005443509874510178,4.163336342344337e-16,1.6792106146690244e-05,0.005443509874510178,0.0053183391105297685,1.0846906587919961e-08
816,2.3724511938327808e-15,0.005488384956300921,4.0245584642661925e-16,1.684869926910082e-05,0.0054500071033596244,0.00548838495630092,1.1946833242613118e-08
817,3.7850582043641445e-15,0.0058872862825609515,2.7755575615628914e-16,1.683261195184471e-05,0.005401087402409268,0.005887286282560952,1.4106992948524348e-08
818,4.587259391786169e-15,0.006054957752584308,4.0245584642661925e-16,1.6671440472839846e-05,0.005370607276501207,0.006054957752584308,1.3495520281327114e-08
819,3.3338132601756776e-15,0.006272218509046458,4.996003610813204e-16,1.720577782272567e-05,0.005345920803775172,0.006272218509046458,1.2792915827540668e-08
820,4.3739968244582705e-15,0.0060879044034613805,1.8041124150158794e-16,1.7452785975621658e-05,0.0052533082403298514,0.006087904403461381,1.438848313125248e-08
821,4.95816495499346e-15,0.005750586636751724,8.743006318923108e-16,1.7073806775624867e-05,0.0051752958463598085,0.0057505866367517245,1.5526892260083024e-08
822,5.35834397685786e-15,0.005751979578102053,1.1102230246251565e-15,1.7321561063034403e-05,0.0052147063406822744,0.005751979578102053,1.3591176772458038e-08
823,1.8940144591583774e-14,0.005526658337319249,3.58046925441613e-15,1.744078678107483e-05,0.005143153059689069,0.005526658337319251,1.2582300651082393e-08
824,8.331931065225229e-15,0.005723875970808423,1.2490009027033011e-15,1.7632479287640022e-05,0.005094610326185872,0.005723875970808423,1.3878110439008551e-08
825,3.4716153562985852e-15,0.006136700262306331,1.3877787807814457e-17,1.7848259803546727e-05,0.004985453524532686,0.006136700262306331,1.586396361429955e-08
826,9.882502802205373e-16,0.006483399930655986,5.412337245047638e-16,1.7209073221256983e-05,0.004772371579165711,0.006483399930655986,1.538627575390623e-08
827,4.672152421891784e-15,0.006835752503420434,1.6653345369377348e-15,1.7092264031516938e-05,0.004797960491274911,0.006835752503420434,1.3758443260300632e-08
828,1.8994679960859795e-15,0.006716492680955635,6.661338147750939e-16,1.836327111054154e-05,0.004689295846548702,0.006716492680955634,1.568183907443494e-08
829,6.2589907215415685e-15,0.006105588723639964,2.0816681711721685e-16,1.8464804010512835e-05,0.004530605717254338,0.006105588723639964,1.8624276087986567e-08
830,6.6188374225895075e-15,0.006107852918898956,1.3877787807814457e-17,1.907907111581026e-05,0.004637667075887733,0.006107852918898955,1.6046805529669427e-08
831,3.4257536044024484e-15,0.0059362747900100175,5.828670879282072e-16,2.0106354991079704e-05,0.00461463380693807,0.0059362747900100175,1.325120588843292e-08
832,1.4986167688746388e-14,0.005881754443504987,4.440892098500626e-16,1.999976062773412e-05,0.00452057312427624,0.0058817544435049865,1.6374609594913674e-08
833,4.73308458398547e-15,0.005966814248086859,5.134781488891349e-16,2.0367929511929533e-05,0.004508653350004557,0.005966814248086859,1.6900268785667553e-08
834,3.395179103138357e-15,0.005907649303534206,4.3021142204224816e-16,2.035380137817549e-05,0.00449517941061415,0.005907649303534206,1.600616636391954e-08
835,5.213711407048294e-15,0.0057736923247581565,8.604228440844963e-16,1.9856021880727652e-05,0.004597559014386544,0.0057736923247581565,1.3471662468902838e-08
836,9.3157903266472e-15,0.005541452302405083,2.1371793224034263e-15,1.989843056159242e-05,0.004602248891352324,0.005541452302405083,1.3428239681313805e-08
837,4.129726074997286e-15,0.004992635637694727,1.3461454173580023e-15,1.848353547086526e-05,0.004474989181960204,0.004992635637694727,1.4954750939702104e-08
838,2.64214648423855e-15,0.004928396968374467,1.5543122344752192e-15,1.5062857546617632e-05,0.00461199322191433,0.004928396968374467,1.3398530765587917e-08
839,1.810509207833544e-15,0.004903582623723962,4.440892098500626e-16,1.6165280068092258e-05,0.004696432531225388,0.004903582623723962,1.1240614836762554e-08
840,1.0088501214977619e-16,0.004691031747076069,2.914335439641036e-16,1.6628417662367667e-05,0.00465382403845027,0.004691031747076069,1.1248041554665469e-08
841,1.5959455978986625e-16,0.004840810619032781,2.498001805406602e-16,1.7109202716913963e-05,0.00465170794745349,0.00484081061903278,1.2453621690448248e-08
842,7.036472099430924e-17,0.004898662177249754,7.216449660063518e-16,1.7586370100630688e-05,0.004645761515759011,0.004898662177249754,1.1951739467139798e-08
843,8.586881206085195e-17,0.004939921044458628,1.3877787807814457e-16,1.745572743128143e-05,0.004618718473439388,0.004939921044458628,1.1116691392151875e-08
844,2.1315414711065017e-16,0.005028812742144369,6.106226635438361e-16,1.726466401086313e-05,0.004567203582784299,0.005028812742144369,1.207662608656571e-08
845,5.41667405373758e-16,0.004993796402647951,2.498001805406602e-16,1.638784078394906e-05,0.004421285629357033,0.004993796402647951,1.28474876917723e-08
846,5.455705331947058e-16,0.005089026192533402,3.885780586188048e-16,1.41079664258692e-05,0.0044065851489945,0.005089026192533401,1.19416427794337e-08
847,6.983346192979134e-16,0.00510167551779796,4.718447854656915e-16,1.3134142558102191e-05,0.004489319575854751,0.00510167551779796,1.0255160642658073e-08
848,3.6477982093274797e-16,0.004959405660367425,3.608224830031759e-16,1.343226294148181e-05,0.004523226241531446,0.004959405660367424,9.921591558976467e-09
849,1.1883940012613614e-15,0.004798127160313836,5.412337245047638e-16,1.3359881075092339e-05,0.0045153962217767945,0.004798127160313835,1.0117745634595883e-08
850,1.2559397966072083e-15,0.004753314335368496,7.216449660063518e-16,1.271322756002391e-05,0.004501100650755253,0.004753314335368497,9.249566454967974e-09
851,7.067913962433003e-16,0.004806334374456673,2.7755575615628914e-17,1.2029108937272603e-05,0.004432924263628454,0.004806334374456673,8.64392330348494e-09
852,1.846613140177311e-15,0.005040256935907745,1.1102230246251565e-15,1.1252955094076533e-05,0.004342892596409918,0.005040256935907745,9.525815243194986e-09
853,2.1699222280124886e-15,0.004984266508220382,5.828670879282072e-16,1.058451765467705e-05,0.004184420213856205,0.004984266508220381,1.050218833651732e-08
854,1.8947517166356675e-15,0.004895428001835648,2.7755575615628914e-16,9.81806820876674e-06,0.004037321598361248,0.004895428001835648,1.0318109209084905e-08
855,1.8757781786171712e-15,0.00494470243544535,4.996003610813204e-16,9.007393275473063e-06,0.004039203979447159,0.00494470243544535,7.796417015751176e-09
856,1.4705034065420897e-15,0.0049630230278850515,1.2073675392798577e-15,8.91951843150652e-06,0.0040464481849834056,0.004963023027885051,8.072148308391203e-09
857,1.887379141862766e-15,0.004784377648126201,9.43689570931383e-16,9.092286163973201e-06,0.004049456836200889,0.004784377648126201,8.938390910504315e-09
858,2.6229018956769323e-15,0.004760504878704139,7.632783294297951e-16,9.176150229104826e-06,0.0040819272812767605,0.0047605048787041394,8.124806372815092e-09
859,1.6649550661773649e-15,0.004739362234562635,6.522560269672795e-16,9.261666267615723e-06,0.004063111501906875,0.004739362234562635,7.737909589510814e-09
860,3.724234462487708e-15,0.004815093322615302,1.0408340855860843e-15,9.246423458016129e-06,0.0039709105211902926,0.004815093322615302,8.878398910703229e-09
861,2.0310359297170955e-15,0.0048516448756346,2.914335439641036e-16,9.730389782620572e-06,0.003914564400369654,0.004851644875634599,8.949543501160984e-09
862,2.102268012449393e-15,0.0047716118367437405,3.3306690738754696e-16,9.946595239847256e-06,0.003805152984750397,0.004771611836743741,8.803096013702882e-09
863,2.1178805237331844e-15,0.0046888576051204054,8.743006318923108e-16,9.993631469984617e-06,0.0036572467505477328,0.0046888576051204054,8.671345728101697e-09
864,6.434523053266972e-15,0.0046677302454942535,5.551115123125783e-16,1.040954555065008e-05,0.0035775266148747363,0.004667730245494253,9.38741754578028e-09
865,4.494234845386913e-15,0.004387327901442826,2.192690473634684e-15,1.079995090032173e-05,0.003363269226285449,0.004387327901442826,1.0476011570409312e-08
866,1.3580716412553429e-15,0.004168069594157384,1.249000902703301e-16,1.0866355609778604e-05,0.0031604817641323617,0.004168069594157384,9.449959643453592e-09
867,2.069741947274828e-15,0.004147578091269717,4.0245584642661925e-16,1.0516927016445722e-05,0.003151462122302227,0.004147578091269717,7.89366346987357e-09
868,9.280770596475918e-17,0.004006775778603252,6.938893903907228e-16,1.0376138407935595e-05,0.0030881887598430665,0.004006775778603253,8.71437794914016e-09
869,1.1449174941446927e-16,0.003921133664549699,9.71445146547012e-17,1.0468280316808416e-05,0.0030005277004116118,0.003921133664549699,8.660251391864388e-09
870,1.0733601507606494e-16,0.0038756677668254275,2.914335439641036e-16,1.0832009806394961e-05,0.0029717884485215666,0.003875667766825427,8.162712499822619e-09
871,9.356664748549903e-17,0.0037705719423423473,1.6653345369377348e-16,1.11270337018049e-05,0.002912120755754493,0.0037705719423423473,7.92957243853043e-09
872,1.9081958235744878e-16,0.003683728844127125,1.4432899320127035e-15,1.1310256871538416e-05,0.002835227030123742,0.0036837288441271257,8.219684864418064e-09
873,2.0361316799277773e-16,0.003559018619837838,1.3600232051658168e-15,1.1360183390483544e-05,0.0027628613221402816,0.003559018619837838,8.696713727514684e-09
874,2.9132512374685504e-16,0.0033854576652770606,7.077671781985373e-16,1.0730156312219706e-05,0.002630631484212713,0.00338545766527706,9.166750122232077e-09
875,3.756760527662273e-16,0.0033773000815112155,1.1102230246251565e-16,1.0426338354079141e-05,0.00264751557452546,0.003377300081511215,8.30795607213559e-09
876,2.1662359406260379e-16,0.00336189936882044,6.800116025829084e-16,1.0492618925862784e-05,0.00268075270720443,0.00336189936882044,7.3086272306316096e-09
877,3.520404454060433e-16,0.003211926176368067,3.885780586188048e-16,1.043796462154873e-05,0.0026610227863501017,0.003211926176368067,8.007061877475268e-09
878,6.020574663812006e-16,0.003111880722431068,8.326672684688674e-17,1.0341149011624737e-05,0.0026993952824267767,0.0031118807224310686,8.097988493098522e-09
879,5.081655582439559e-16,0.003045053937043886,1.0685896612017132e-15,9.855456970974535e-06,0.0027081124799765988,0.003045053937043886,7.127758359034522e-09
880,4.561238539646517e-16,0.0030108466343487256,5.551115123125783e-17,9.13515885250099e-06,0.002684972644887027,0.0030108466343487256,6.951328131846347e-09
881,1.6562272386888566e-15,0.0030046366206118677,1.1657341758564144e-15,8.296200983860282e-06,0.0025874112789584557,0.0030046366206118672,7.763865585969701e-09
882,1.2468324983583301e-15,0.0028515169573102147,5.689893001203927e-16,7.386756339711198e-06,0.002426354610410024,0.0028515169573102147,9.16909931119241e-09
883,9.732882902402373e-16,0.002849854541874195,4.718447854656915e-16,8.043434440836716e-06,0.0023714876812811403,0.0028498545418741946,8.982236003248623e-09
884,1.1062114765869602e-15,0.0028932289071933494,1.8041124150158794e-16,7.726622805903638e-06,0.0023937408720442884,0.0028932289071933502,7.466856704613116e-09
885,7.385585198971256e-16,0.0027763454564842596,8.049116928532385e-16,8.022024801102035e-06,0.002343265136141717,0.0027763454564842596,7.084837742920847e-09
886,3.9215592578800695e-16,0.0025143071963152166,2.636779683484747e-16,7.989914365680306e-06,0.0023017884470395004,0.002514307196315216,7.802090253550144e-09
887,9.367506770274758e-17,0.002377164643921097,0.0,8.053477952185695e-06,0.002294478937533746,0.002377164643921097,7.176195639059891e-09
888,1.6306400674181987e-16,0.002369390425402147,1.8596235662471372e-15,7.998020527533178e-06,0.0022184888056985988,0.0023693904254021474,6.235842787381056e-09
889,1.4224732503009818e-16,0.0024424343034497474,1.6653345369377348e-16,7.483265980656739e-06,0.002148971306145088,0.002442434303449747,6.232977811578986e-09
890,2.185751579730777e-16,0.0024728458505925716,4.3021142204224816e-16,7.069374674650852e-06,0.001971010537569401,0.0024728458505925716,6.745914324509365e-09
891,2.0643209364124004e-16,0.0023240168267368074,4.163336342344337e-17,6.603412966744125e-06,0.0018443352680258393,0.0023240168267368074,6.425737479519181e-09
892,3.209238430557093e-16,0.0022563753047721152,1.942890293094024e-16,6.623775386919474e-06,0.0017848423798639819,0.0022563753047721152,5.5754315779886186e-09
893,2.480654570646834e-16,0.0021649754900654426,7.077671781985373e-16,6.4649030132521434e-06,0.001744161439392849,0.0021649754900654426,5.565117995956998e-09
894,2.5153490401663703e-16,0.0019761974981526024,4.718447854656915e-16,6.285198718419295e-06,0.0016898655134442706,0.001976197498152603,5.801019155385047e-09
895,1.9255430583342559e-16,0.0019233325262336845,1.6653345369377348e-16,6.505034857157491e-06,0.0016680026059500538,0.001923332526233684,5.359269074558304e-09
896,1.3530843112619095e-16,0.001909981320323644,5.828670879282072e-16,6.89217944051853e-06,0.0016355047707624318,0.0019099813203236437,5.111522505871899e-09
897,1.4430730915782064e-16,0.0019697037665449184,8.326672684688674e-17,6.817002766593486e-06,0.001569080970577997,0.001969703766544919,4.9590831629137344e-09
898,1.6653345369377348e-16,0.0020315215272153912,4.0245584642661925e-16,6.676120275115986e-06,0.0015265235675940413,0.0020315215272153912,4.842810469405998e-09
899,1.8388068845354155e-16,0.0019986568240217134,1.249000902703301e-16,6.672014950678817e-06,0.0014692843678714724,0.001998656824021714,4.628373656074652e-09
900,2.0469737016526324e-16,0.001911045888088184,7.216449660063518e-16,6.447110294335e-06,0.001399578611810102,0.001911045888088184,4.424520835379376e-09
901,2.393918396847994e-16,0.0018759338954241257,3.7470027081099033e-16,6.079002591432257e-06,0.0013446897872362769,0.0018759338954241252,4.3522445199724215e-09
902,1.9081958235744878e-16,0.0017185880401687993,1.1102230246251565e-16,6.056077394326134e-06,0.001272341322538358,0.0017185880401687991,4.735276383749537e-09
903,1.3877787807814457e-16,0.0016673510354478856,7.216449660063518e-16,5.793231278331153e-06,0.0012282713388851486,0.001667351035447886,4.493003555763898e-09
904,1.2836953722228372e-16,0.0017030330886821548,1.249000902703301e-16,6.066306193575587e-06,0.0012034391423215033,0.0017030330886821548,4.028800641161747e-09
905,1.6306400674181987e-16,0.0016548778616000941,2.636779683484747e-16,6.0549030941360604e-06,0.0011541838967575654,0.0016548778616000941,4.433064632422416e-09
906,1.214306433183765e-16,0.001642377814351987,3.0531133177191805e-16,5.960840571330589e-06,0.001129531496964013,0.0016423778143519873,4.2329117514708055e-09
907,1.1449174941446927e-16,0.0016100974663604147,2.7755575615628914e-16,6.067359788759774e-06,0.001105770768924765,0.0016100974663604143,4.028125756929923e-09
908,3.122502256758253e-17,0.001572158963482932,1.5265566588595902e-16,5.997464361766694e-06,0.0010925089169168283,0.0015721589634829323,4.166886140132234e-09
909,9.71445146547012e-17,0.001515806732540235,6.245004513516506e-16,6.0796362967218895e-06,0.0010795543655109864,0.0015158067325402348,3.853356779777172e-09
910,1.0408340855860843e-16,0.0014370859040996873,4.3021142204224816e-16,5.881778046942961e-06,0.0010488657633400068,0.001437085904099687,3.973090337419315e-09
911,6.938893903907228e-17,0.001393421764222057,1.249000902703301e-16,5.0918535201586665e-06,0.0010334406646912008,0.001393421764222057,3.7190711357894503e-09
912,4.85722573273506e-17,0.001388674168364706,5.551115123125783e-17,4.4821644365356655e-06,0.0010273012656793242,0.0013886741683647062,3.436389711809281e-09
913,9.71445146547012e-17,0.0013651059812473795,5.551115123125783e-17,4.1557240556371056e-06,0.0010099380965979286,0.0013651059812473795,3.6961689254787917e-09
914,5.898059818321144e-17,0.0012931199308481938,0.0,3.506004374820293e-06,0.0009978891565904408,0.001293119930848194,3.6559343329810806e-09
915,8.673617379884035e-17,0.0012865944982850752,1.249000902703301e-16,3.5076341369233432e-06,0.0009903041084710193,0.001286594498285075,3.3404175370421218e-09
916,7.979727989493313e-17,0.0012703212824833725,2.498001805406602e-16,3.5081673307457706e-06,0.0009851100339509753,0.0012703212824833727,3.3134229144891032e-09
917,6.938893903907228e-17,0.0012512430324856817,6.938893903907228e-17,3.5043185432348523e-06,0.000978945257632821,0.0012512430324856812,3.3072680921122118e-09
918,6.591949208711867e-17,0.0012714029680001358,6.522560269672795e-16,3.498324916084705e-06,0.0009570269944152156,0.0012714029680001356,3.2652278681914194e-09
919,6.938893903907228e-17,0.0012390660945240585,3.608224830031759e-16,3.5159570547227403e-06,0.0009383867360299751,0.0012390660945240588,3.2456103394543625e-09
920,5.898059818321144e-17,0.001230290724548588,5.689893001203927e-16,3.5054732711037317e-06,0.0009356268728741612,0.001230290724548588,3.090247785790664e-09
921,1.97758476261356e-16,0.0012096196659682386,6.245004513516506e-16,3.5007096584882547e-06,0.0009274168347325699,0.0012096196659682386,3.416162159193945e-09
922,5.204170427930421e-17,0.001123650122287162,1.942890293094024e-16,3.516430930883274e-06,0.000908999862182762,0.0011236501222871616,3.6226405389489394e-09
923,1.0408340855860843e-16,0.0010797542375873387,7.077671781985373e-16,3.578489063404966e-06,0.0009089373371746864,0.0010797542375873385,3.2968829690960054e-09
924,2.5587171270657905e-17,0.0010802514046989499,6.938893903907228e-17,3.598082887634746e-06,0.0009128909357850807,0.00108025140469895,3.1624657672360427e-09
925,2.636779683484747e-16,0.0010478285688168807,1.6930901125533637e-15,3.5831430104105166e-06,0.0009297175796598582,0.001047828568816881,3.239672662654767e-09
926,4.163336342344337e-17,0.001028530671692616,2.7755575615628914e-17,3.6781735025526174e-06,0.0009300878609363151,0.001028530671692616,3.3265537035755724e-09
927,5.0306980803327406e-17,0.0010242339271593144,1.3877787807814457e-17,3.6955030369156816e-06,0.0009326653140168626,0.0010242339271593144,3.275851818881571e-09
928,5.898059818321144e-17,0.0010262878018845638,1.5265566588595902e-16,3.7310873016727086e-06,0.0009302609907370833,0.001026287801884564,3.316435850390567e-09
929,2.3245294578089215e-16,0.0010469613896762636,6.800116025829084e-16,3.7494794701276035e-06,0.0009124727997594694,0.0010469613896762638,3.4219946633686428e-09
930,1.8561541192951836e-16,0.0010474141971072576,1.3322676295501878e-15,3.7994432402488343e-06,0.0009175908389793105,0.0010474141971072576,3.201991023534358e-09
931,3.469446951953614e-17,0.0010475393934297075,1.5265566588595902e-16,3.7225944568008984e-06,0.0009193711915947819,0.0010475393934297075,3.2171128927079318e-09
932,3.469446951953614e-17,0.0010292521610884202,2.220446049250313e-16,3.704116960268067e-06,0.0009171259767939125,0.0010292521610884202,3.4444723056856687e-09
933,8.326672684688674e-17,0.0011033473007878109,1.1657341758564144e-15,3.777699907447918e-06,0.0009202500417312134,0.0011033473007878109,3.353057387952559e-09
934,5.204170427930421e-17,0.0011308246401076183,3.3306690738754696e-16,3.7754626216468523e-06,0.0009171069386783123,0.0011308246401076183,3.4193747796981198e-09
935,4.85722573273506e-16,0.0011111763868290297,4.1494585545365226e-15,3.7728745387877183e-06,0.0008693025706144115,0.0011111763868290297,3.476145933381066e-09
936,9.8879238130678e-17,0.0011139406866413995,9.575673587391975e-16,3.6179299122141018e-06,0.0008609576074722602,0.0011139406866413995,3.4485683375333766e-09
937,7.979727989493313e-17,0.0011572054907496283,1.942890293094024e-16,3.628563343349711e-06,0.0008474446768315695,0.0011572054907496286,3.416860395344768e-09
938,1.3877787807814457e-16,0.0011625004677871197,4.718447854656915e-16,3.6813715804662195e-06,0.0008185656808271484,0.0011625004677871197,3.3580249886628105e-09
939,3.469446951953614e-16,0.0010556627524697963,7.494005416219807e-16,3.6702952414535694e-06,0.0008220162196856495,0.001055662752469796,3.2120815063157452e-09
940,1.734723475976807e-16,0.001015070825233483,6.522560269672795e-16,3.918259809276847e-06,0.0008139496201571805,0.001015070825233483,2.8791645323485154e-09
941,6.83481049534862e-16,0.0009894684558648345,9.298117831235686e-16,3.7716585269409464e-06,0.0008116845447479449,0.0009894684558648345,2.801249746035161e-09
942,6.938893903907228e-17,0.0009622379742746629,8.326672684688674e-17,3.720133731954789e-06,0.0007998876856996229,0.0009622379742746629,2.9050095599878758e-09
943,3.469446951953614e-17,0.0009535797815306958,2.7755575615628914e-16,3.753214653623438e-06,0.000766669935080897,0.0009535797815306958,3.070855519403272e-09
944,5.863365348801608e-16,0.0009726490834198443,6.38378239159465e-16,3.8173850160916345e-06,0.0007490522343512125,0.0009726490834198441,3.2676131114603845e-09
945,4.85722573273506e-17,0.0010095502233738174,2.7755575615628914e-17,4.068798758805059e-06,0.0007365062598669263,0.0010095502233738174,3.366718945255578e-09
946,5.152128723651117e-16,0.001031573773309467,1.0547118733938987e-15,3.874359366662361e-06,0.0007202168615405757,0.0010315737733094668,3.3424543138613e-09
947,1.0581813203458523e-16,0.0010024737233027285,7.771561172376096e-16,3.89553385060637e-06,0.0007085070893303059,0.0010024737233027285,3.3899347345045533e-09
948,3.8163916471489756e-17,0.0009508836274084642,2.636779683484747e-16,4.122897297897943e-06,0.0007067080841049139,0.0009508836274084642,3.182514569461599e-09
949,1.6653345369377348e-16,0.0009332021033522486,1.2351231148954867e-15,4.04894320704674e-06,0.000715908602919212,0.0009332021033522487,2.8506213508529417e-09
950,9.020562075079397e-17,0.0009107924482381834,3.885780586188048e-16,3.915137568477611e-06,0.0007121750928434346,0.0009107924482381834,2.861810204758779e-09
951,2.1163626406917047e-16,0.000901425992436642,1.7486012637846216e-15,3.92662784387543e-06,0.0006856517103229912,0.000901425992436642,3.1075832272783283e-09
952,5.204170427930421e-17,0.0009547601055602941,3.191891195797325e-16,4.268326466716488e-06,0.0006757891317980535,0.0009547601055602941,3.081159683397804e-09
953,1.7520707107365752e-16,0.0010575721278103924,2.498001805406602e-16,4.155354453305726e-06,0.0006527200300973236,0.0010575721278103922,3.1860637202280538e-09
954,7.008282842946301e-16,0.0010973395875183759,1.6930901125533637e-15,4.005843721066604e-06,0.0006226553083237189,0.0010973395875183757,3.2372591047182537e-09
955,8.673617379884035e-17,0.0010867197163605138,7.077671781985373e-16,4.015099080545426e-06,0.0006060643517466648,0.0010867197163605138,3.4290360628427445e-09
956,7.074419175467916e-17,0.001044614638235854,3.0531133177191805e-16,4.241795753312516e-06,0.0006029438830960417,0.001044614638235854,3.3625076416990174e-09
957,8.234515500027406e-17,0.000990628019410348,2.7755575615628914e-16,4.134453292059526e-06,0.0006200517859453792,0.000990628019410348,2.973964244773222e-09
958,1.8388068845354155e-16,0.0009100333927050296,8.743006318923108e-16,3.969096446510001e-06,0.0006176234284108873,0.0009100333927050296,2.7895460247840688e-09
959,2.220446049250313e-16,0.0009124107770942832,1.1102230246251565e-16,4.011732568365289e-06,0.0006132393802648311,0.0009124107770942832,3.1839942566628186e-09
960,1.214306433183765e-16,0.0009593644306965279,1.249000902703301e-16,4.139040879924671e-06,0.0006179063661499185,0.0009593644306965278,3.049836296296034e-09
961,1.0121027280152184e-16,0.0009489168565162194,6.938893903907228e-17,3.880982790471776e-06,0.0006166062797981296,0.0009489168565162194,2.795848003053655e-09
962,4.077684370717982e-16,0.0009436997364021501,1.1102230246251565e-15,3.768499601486397e-06,0.0006233373154769454,0.0009436997364021502,3.0349740734463554e-09
963,8.510716003468088e-16,0.0009595603190201617,1.5959455978986625e-15,3.749985057255323e-06,0.0006493551032441748,0.0009595603190201616,3.357973598987613e-09
964,1.4222021997578604e-16,0.000965050959779094,1.6653345369377348e-16,3.636241097226822e-06,0.0006544781176900871,0.0009650509597790942,3.287291723754242e-09
965,4.350090166554965e-16,0.0009758847637365649,1.942890293094024e-16,3.6094759666704945e-06,0.0006660977161144721,0.0009758847637365649,2.97557334518536e-09
966,1.9217483507305566e-16,0.000966242390790686,5.828670879282072e-16,3.558369587874921e-06,0.0006687664118856306,0.000966242390790686,2.9625942820967774e-09
967,1.3704315460216776e-16,0.0009815239819425598,6.38378239159465e-16,3.6896700691402273e-06,0.0006751044251458399,0.0009815239819425596,3.5133532068784802e-09
968,2.636779683484747e-16,0.0010394837881985545,1.1657341758564144e-15,3.688406395641053e-06,0.0006943485906759639,0.0010394837881985545,3.29207256466079e-09
969,7.632783294297951e-17,0.0010427010595064061,1.3877787807814457e-17,3.3223073316879237e-06,0.0006998682511276202,0.0010427010595064064,3.0787143968997636e-09
970,2.2898349882893854e-16,0.0010136167141633573,1.6653345369377348e-16,3.2560186542518466e-06,0.0007107032661486012,0.0010136167141633573,3.130659334579047e-09
971,9.226560487851643e-17,0.000980803822683447,1.942890293094024e-16,3.3291417264047496e-06,0.0007182165887170287,0.000980803822683447,3.4995602915261694e-09
972,1.0061396160665481e-16,0.0009893210234160272,4.3021142204224816e-16,3.274111007534053e-06,0.0007176074040194612,0.0009893210234160274,3.114344360070741e-09
973,4.111294638065033e-16,0.0009990899095266698,1.0685896612017132e-15,3.014672298351506e-06,0.0007275906238690172,0.0009990899095266696,2.8865504970597864e-09
974,9.2970336290632e-17,0.000995785165491337,3.608224830031759e-16,2.934698110301781e-06,0.0007278329987416774,0.000995785165491337,2.814353982260988e-09
975,8.643801820140684e-17,0.0010200084233813272,1.6653345369377348e-16,2.782708444226678e-06,0.0007264076897513312,0.0010200084233813272,2.913237476563873e-09
976,1.0411051361292056e-16,0.001022796581413699,4.3021142204224816e-16,2.8465725163684397e-06,0.0007317000996360957,0.001022796581413699,2.9538470433967396e-09
977,1.4799359654427136e-16,0.0009929817992720353,4.85722573273506e-16,2.792670980578116e-06,0.0007237469778189721,0.0009929817992720353,2.482561094186811e-09
978,3.0184188481996443e-16,0.0010027656576951246,2.3037127760972e-15,2.5194264126459504e-06,0.0007308746275607836,0.0010027656576951246,2.4959926061458756e-09
979,1.214306433183765e-16,0.001030814501175746,1.3877787807814457e-17,2.7011041288417525e-06,0.0007335464919589333,0.0010308145011757464,2.7009530408115843e-09
980,9.215718466126788e-17,0.001060006806200106,6.938893903907228e-17,2.836315068936203e-06,0.0007256192436790711,0.001060006806200106,2.5631014465550624e-09
981,1.9992688060632702e-16,0.0010551720325657965,5.551115123125783e-16,2.8571632915593004e-06,0.0007221804071238052,0.0010551720325657967,2.4758865477456338e-09
982,5.362463945113305e-16,0.0009976923205657672,1.5959455978986625e-15,2.8778514368074312e-06,0.0007073894453438546,0.0009976923205657672,2.6316736423795674e-09
983,4.128641872824801e-16,0.0010094275696338145,1.8041124150158794e-16,2.7865605081453873e-06,0.0007258813431753091,0.0010094275696338145,2.5618471726757603e-09
984,3.469446951953614e-17,0.001004861467853551,2.7755575615628914e-16,2.8539000274862766e-06,0.0007505545043095904,0.001004861467853551,2.595918916923193e-09
985,5.724587470723463e-17,0.0009742941813664476,8.187894806610529e-16,2.901728185342352e-06,0.0007548286511848438,0.0009742941813664476,2.454194179361074e-09
986,1.3877787807814457e-16,0.000982632671332586,1.9845236565174673e-15,2.8634313983802104e-06,0.0007638908914945142,0.000982632671332586,2.3883098394738115e-09
987,2.0122792321330962e-16,0.0009906346683076464,2.2065682614424986e-15,2.86565583744805e-06,0.0007710616914657247,0.0009906346683076462,2.536917746718583e-09
988,9.367506770274758e-17,0.0010040463592499267,6.38378239159465e-16,2.6991631513293562e-06,0.0007902695189649419,0.0010040463592499267,2.55625482048018e-09
989,4.5102810375396984e-17,0.0010034642795064969,1.8041124150158794e-16,2.493880473119006e-06,0.0008064296084670892,0.0010034642795064969,2.3127396174369887e-09
990,1.0408340855860843e-16,0.0009647565358808053,9.298117831235686e-16,2.1395024923515082e-06,0.0007981449160687273,0.0009647565358808055,2.2484913990104823e-09
991,1.6479873021779667e-16,0.0009581203300401258,1.5681900222830336e-15,2.039760900959982e-06,0.0008002959225939712,0.0009581203300401258,2.1133210719147146e-09
992,1.8041124150158794e-16,0.000972046493449194,3.3029134982598407e-15,1.999603285704303e-06,0.0008122765074315805,0.0009720464934491941,2.3242737881145957e-09
993,3.122502256758253e-17,0.0009683084302072617,3.0531133177191805e-16,2.057587026317066e-06,0.00081691571214465,0.0009683084302072617,2.275301450822873e-09
994,4.163336342344337e-17,0.0009767634900642525,1.5265566588595902e-16,2.1126432491903185e-06,0.0008167619742039023,0.0009767634900642525,2.0813839450208787e-09
995,1.491862189340054e-16,0.0009723931876720838,3.7470027081099033e-16,2.106208288702241e-06,0.0008133684656769119,0.0009723931876720838,2.064057617482301e-09
996,1.97758476261356e-16,0.0009644067215340325,6.106226635438361e-16,2.1954588668706906e-06,0.0008088445897527483,0.0009644067215340324,2.4544654512449324e-09
997,1.1796119636642288e-16,0.000980698999932328,1.0685896612017132e-15,2.3207729113253195e-06,0.0008142950073579038,0.000980698999932328,2.268497091395635e-09
998,5.204170427930421e-17,0.0009833836529688045,5.134781488891349e-16,2.332758615435082e-06,0.0008146771127939491,0.0009833836529688047,1.991601081717294e-09
999,4.5102810375396984e-17,0.0009664779624720965,3.0531133177191805e-16,2.385727815916623e-06,0.0008049873376187439,0.0009664779624720965,1.9945562407870975e-09
1000,1.7694179454963432e-16,0.0009334090253757815,9.159339953157541e-16,2.4429503605273226e-06,0.0007936374204983844,0.0009334090253757816,2.11169531526254e-09
1001,2.498001805406602e-16,0.0009095073115722794,3.469446951953614e-16,2.243169502446664e-06,0.000779331110524193,0.0009095073115722792,1.970302442505632e-09
1002,2.7755575615628914e-17,0.0008954011693624138,2.0816681711721685e-16,2.2768200529021607e-06,0.0007734735713932851,0.0008954011693624138,1.8050678353425587e-09
1003,7.28583859910259e-17,0.0008931506289902912,4.579669976578771e-16,2.246458477887618e-06,0.0007661136306389134,0.0008931506289902913,1.7413468922560902e-09
1004,7.979727989493313e-17,0.0008734411533066128,5.551115123125783e-17,2.272604774851937e-06,0.0007492501787634678,0.0008734411533066126,2.126482841257274e-09
1005,1.3877787807814457e-16,0.0008675886698357171,8.049116928532385e-16,2.1571851644653847e-06,0.0007409808032138353,0.0008675886698357171,1.8626360255784613e-09
1006,1.2836953722228372e-16,0.0008660421150543124,8.881784197001252e-16,2.119038081261314e-06,0.0007364680883902045,0.0008660421150543124,1.563181109284277e-09
1007,3.8163916471489756e-17,0.0008557921023257279,2.498001805406602e-16,2.148141389225408e-06,0.0007293318135547114,0.0008557921023257277,1.5304089823817056e-09
1008,9.367506770274758e-17,0.0008444647570664658,9.575673587391975e-16,2.0872363219589726e-06,0.0007164372621486279,0.0008444647570664659,1.722776519254137e-09
1009,7.112366251504909e-17,0.0008413458159267142,1.0685896612017132e-15,1.9470339257809943e-06,0.0007080104100635923,0.0008413458159267142,1.6480228996000224e-09
1010,1.8388068845354155e-16,0.000830748121146582,3.7470027081099033e-16,1.9350977843611214e-06,0.0007019384661274148,0.000830748121146582,1.5042671390478997e-09
1011,1.2836953722228372e-16,0.000822076671368634,3.7470027081099033e-16,1.8997256840975335e-06,0.000698552930614458,0.000822076671368634,1.5056369077526744e-09
1012,4.85722573273506e-17,0.0008107295049621415,3.3306690738754696e-16,1.9205284052890154e-06,0.0006917200188859639,0.0008107295049621416,1.6271457253309361e-09
1013,1.0755285551056204e-16,0.0007829122239673532,4.3021142204224816e-16,1.7940608551172271e-06,0.0006791771366083869,0.0007829122239673533,1.5895063655590635e-09
1014,9.020562075079397e-17,0.0007750703307192156,3.608224830031759e-16,1.6600851668879812e-06,0.0006776648198327072,0.0007750703307192156,1.396493459710091e-09
1015,1.9081958235744878e-16,0.0007732604758663524,4.163336342344337e-17,1.7244457921356676e-06,0.0006734591870305457,0.0007732604758663524,1.4154190440107934e-09
1016,3.2959746043559335e-17,0.000765071688027564,4.163336342344337e-17,1.6777445758031986e-06,0.000667312418211498,0.000765071688027564,1.543625055545007e-09
1017,4.163336342344337e-17,0.000756876616918292,2.7755575615628914e-17,1.662418770753682e-06,0.0006615861462334126,0.0007568766169182921,1.5146404349189783e-09
1018,8.673617379884035e-17,0.0007456485570621124,2.498001805406602e-16,1.6879761706436666e-06,0.0006586860159588546,0.0007456485570621126,1.41720873406643e-09
1019,3.191891195797325e-16,0.0007333934363458825,1.5265566588595902e-16,1.729433700704483e-06,0.0006589778994961217,0.0007333934363458825,1.4727817693732477e-09
1020,7.28583859910259e-17,0.0007267558763090021,4.440892098500626e-16,1.7651187230512816e-06,0.0006559289813240282,0.0007267558763090022,1.5265458946329031e-09
1021,3.469446951953614e-17,0.0007184744886717474,5.551115123125783e-17,1.8241483686178353e-06,0.0006524983231772363,0.0007184744886717473,1.5328086080606953e-09
1022,1.7789047145055914e-15,0.0007152736169112201,1.8041124150158794e-16,1.8697750689220666e-06,0.0006540223963437978,0.00071527361691122,1.4732285541655391e-09
1023,1.7290747826581576e-14,0.0006982676231713715,2.373101715136272e-15,1.844646489883306e-06,0.0006552850740834002,0.0006982676231713715,1.546974338813905e-09
1024,3.9664452278209694e-15,0.0006923230833821546,8.465450562766819e-16,1.7941740124115257e-06,0.000654641931011052,0.0006923230833821547,1.6533115173260474e-09
1025,4.1159567074067205e-15,0.0006877522063953969,0.0,1.688952603446335e-06,0.0006557206327543856,0.0006877522063953969,1.6410584172522023e-09
1026,3.0337603089403142e-15,0.0006875552218371566,5.828670879282072e-16,1.670368311890158e-06,0.0006556977960257491,0.0006875552218371566,1.6698421348361423e-09
1027,3.657881289531595e-15,0.0006822270058011165,5.10702591327572e-15,1.670087888427929e-06,0.0006551276360110176,0.0006822270058011166,1.6734929990252515e-09
1028,5.908468159177005e-15,0.0006752649134718415,5.9396931817445875e-15,1.6711441763739288e-06,0.0006515013480564429,0.0006752649134718414,1.7567396504772147e-09
1029,3.907030948768764e-15,0.0006725508083912106,4.593547764386585e-15,1.673345289998629e-06,0.0006501983146931407,0.0006725508083912106,1.7790710458180026e-09
1030,9.506284648352903e-16,0.0006731218837560561,6.106226635438361e-16,1.6871884680469407e-06,0.0006507319967241742,0.000673121883756056,1.7652222322366102e-09
1031,2.0285422647203788e-16,0.0006794282468247905,1.5543122344752192e-15,1.6875163723617526e-06,0.000650856239002444,0.0006794282468247906,1.7669237537035623e-09
1032,3.642919299551295e-17,0.0006883312354526994,6.38378239159465e-16,1.6856035675583136e-06,0.0006461788654125931,0.0006883312354526991,1.7651223534699905e-09
1033,1.3183898417423734e-16,0.0006878713960171805,1.249000902703301e-16,1.6785106703998132e-06,0.000644932663955316,0.0006878713960171805,1.7551060013744929e-09
1034,1.8041124150158794e-16,0.0006900478822618426,1.8318679906315083e-15,1.678005327798715e-06,0.000646400285687006,0.0006900478822618426,1.6852867307329651e-09
1035,2.723515857283587e-16,0.0006817918813537964,2.220446049250313e-16,1.6809687250485261e-06,0.0006462452303357499,0.0006817918813537964,1.6756459359060964e-09
1036,3.469446951953614e-17,0.0006758683234223789,6.938893903907228e-17,1.6762479919663065e-06,0.0006443779213913372,0.0006758683234223789,1.7132308558203172e-09
1037,2.0816681711721685e-16,0.0006800937380838394,6.938893903907228e-17,1.6758818394135844e-06,0.0006397257575905924,0.0006800937380838393,1.8458120258753137e-09
1038,2.42861286636753e-17,0.0006819370336046443,2.7755575615628914e-16,1.6906821557749474e-06,0.0006462150458223642,0.0006819370336046443,1.6797812468395533e-09
1039,3.2959746043559335e-17,0.0006806577805158749,3.191891195797325e-16,1.685107734628044e-06,0.0006416786170075307,0.0006806577805158749,1.7769177184301587e-09
1040,1.2836953722228372e-16,0.0006877791075292604,6.938893903907228e-17,1.6850421695746576e-06,0.0006420984722582127,0.0006877791075292605,1.9246256252830224e-09
1041,3.7816971776294395e-16,0.0006931168322407429,3.191891195797325e-16,1.696074240775669e-06,0.0006355079415336321,0.000693116832240743,1.946789183187457e-09
1042,3.2699537522162814e-16,0.0006928484333202116,1.5404344466674047e-15,1.6975405052188641e-06,0.0006405203903928729,0.0006928484333202114,1.7818675506217586e-09
1043,1.2429293705373823e-15,0.0006847246642509626,7.216449660063518e-16,1.6992172053309496e-06,0.0006359434462538535,0.0006847246642509626,1.7667504138608379e-09
1044,2.195184138631401e-15,0.000680565593217802,7.216449660063518e-16,1.688404042521352e-06,0.0006338974076288072,0.0006805655932178019,1.7477110057757213e-09
1045,4.014475384062077e-15,0.0006544979012065442,7.605027718682322e-15,1.68351200430239e-06,0.0006173752323580832,0.000654497901206544,1.9105818888102067e-09
1046,2.9538003987195083e-15,0.0006458678019587482,1.5681900222830336e-15,1.683052198719892e-06,0.0006114809337062454,0.0006458678019587483,1.886284360078959e-09
1047,6.895742657442305e-15,0.0006163676847101295,1.5681900222830336e-15,1.6896037406399778e-06,0.0005819982570082912,0.0006163676847101295,1.8071170278138682e-09
1048,6.938893903907228e-18,0.0006015510656953516,5.551115123125783e-17,1.7499861902914304e-06,0.0005780365493999542,0.0006015510656953516,1.5432155642366018e-09
1049,6.938893903907228e-18,0.0005896608713566316,0.0,1.7328125031523811e-06,0.0005744727757352569,0.0005896608713566316,1.4066861424753483e-09
1050,1.792999342747903e-14,0.0004990100454264785,1.9942381079829374e-14,1.7225331874204386e-06,0.00038071964853312565,0.0004990100454264786,1.8932405059925477e-09
1051,2.0990154059319366e-16,0.00047285683161987877,1.5543122344752192e-15,1.8196628140954019e-06,0.0003598365239193593,0.00047285683161987877,1.856615453812018e-09
1052,1.0609460358856904e-15,0.00046113690099939083,5.134781488891349e-16,1.762134163696416e-06,0.00035033244265312804,0.0004611369009993908,1.813027812319517e-09
1053,1.8388068845354155e-16,0.000453004505069958,4.440892098500626e-16,1.7533529423907623e-06,0.0003551758694387746,0.000453004505069958,1.8530107443789924e-09
1054,1.682681771697503e-16,0.00045335772633890763,4.996003610813204e-16,1.7100734837627307e-06,0.0003525717249809485,0.0004533577263389077,1.8561944054573643e-09
1055,1.096345236817342e-15,0.0004556472787684208,6.841749389252527e-15,1.7116374165793147e-06,0.000340885032250525,0.0004556472787684208,1.3776680048043207e-09
1056,6.071532165918825e-17,0.00044667464441222897,5.551115123125783e-17,1.7142390233981786e-06,0.00034445159109181114,0.000446674644412229,1.328462983110298e-09
1057,2.498001805406602e-16,0.00044796594255558435,1.4155343563970746e-15,1.7164877672559697e-06,0.0003566321706491368,0.00044796594255558435,1.3050440967980125e-09
1058,1.214306433183765e-16,0.00044070491738359784,7.077671781985373e-16,1.7348383961612868e-06,0.0003637447311935567,0.0004407049173835979,1.2966200049848576e-09
1059,5.0306980803327406e-17,0.0004213607128324344,1.249000902703301e-16,1.7262109109905666e-06,0.0003607498008955819,0.0004213607128324344,1.3251743907349163e-09
1060,6.453171330633722e-16,0.00044790017318332016,1.5404344466674047e-15,1.7483574431542692e-06,0.00036736400415798013,0.0004479001731833201,1.5608890795724918e-09
1061,8.326672684688674e-16,0.0005211960336227622,4.5102810375396984e-15,1.8214954243811476e-06,0.00039306430727466496,0.0005211960336227622,1.876516683940522e-09
1062,1.3877787807814457e-16,0.0005403701128566959,1.6375789613221059e-15,1.9086413169944194e-06,0.00039838714741999385,0.0005403701128566958,1.8593371235383438e-09
1063,1.2836953722228372e-16,0.000554452751471885,8.743006318923108e-16,1.8393529798155228e-06,0.0003935152250293629,0.000554452751471885,1.95186485051723e-09
1064,4.163336342344337e-16,0.0006143629169882,2.1788126858268697e-15,1.7886497072150745e-06,0.00041953750389440303,0.0006143629169882,2.5696714490808017e-09
1065,5.204170427930421e-16,0.0006660268962361481,5.995204332975845e-15,1.9913101494406504e-06,0.00043129302234125126,0.0006660268962361481,2.4994721565698685e-09
1066,4.996003610813204e-16,0.0007266396610457273,2.4147350785597155e-15,2.0168390152397464e-06,0.0004660428311574205,0.0007266396610457273,2.3564606427569193e-09
1067,1.3877787807814457e-16,0.0007746115201330455,2.7755575615628914e-17,1.9239114590341444e-06,0.0005040313392396429,0.0007746115201330456,2.0909960077154083e-09
1068,9.194034422677078e-17,0.0007862810619115153,2.914335439641036e-16,1.7964568641559708e-06,0.0005127507701831178,0.0007862810619115154,1.9959902821615957e-09
1069,8.673617379884035e-17,0.0007848866576092724,6.938893903907228e-16,1.7768460544020925e-06,0.0005049306367677495,0.0007848866576092724,1.9872062934750404e-09
1070,4.2717565595928875e-17,0.0007815017214067039,4.163336342344337e-16,1.7557565805681463e-06,0.000514044849226476,0.0007815017214067039,1.8232385420998647e-09
1071,1.942890293094024e-16,0.0007881132499196198,4.3021142204224816e-16,1.6626808299058382e-06,0.000543942348964909,0.00078811324991962,1.762330534801724e-09
1072,4.85722573273506e-17,0.0007661191883199076,4.85722573273506e-16,1.657100499485864e-06,0.0005463721288656354,0.0007661191883199077,1.7072675693361106e-09
1073,4.8030156241107846e-17,0.0007722242176424245,4.579669976578771e-16,1.6569961551748946e-06,0.000548447786264937,0.0007722242176424247,1.7229464910818642e-09
1074,5.221517662690189e-16,0.0007470359692564891,1.1934897514720433e-15,1.6616256353074732e-06,0.0005343540795533998,0.0007470359692564894,1.6291306335557956e-09
1075,3.5128150388530344e-17,0.0007266413575204009,5.967448757360216e-16,1.640854923767865e-06,0.0005260685674919039,0.0007266413575204006,1.6018370419083489e-09
1076,9.020562075079397e-17,0.0007300255088493977,4.718447854656915e-16,1.6626204546454915e-06,0.0005270183315642614,0.0007300255088493977,1.606320972015007e-09
1077,2.185751579730777e-16,0.0007538659948522835,4.0245584642661925e-16,1.6648328805546342e-06,0.0005304198858650179,0.0007538659948522835,1.6816114478927367e-09
1078,2.1163626406917047e-16,0.0007754761957393076,7.91033905045424e-16,1.6629850093652365e-06,0.00052588937639357,0.0007754761957393075,1.7197055441512578e-09
1079,8.500145032286355e-17,0.0007659595081406036,3.885780586188048e-16,1.6223932359227256e-06,0.0005315718124351591,0.0007659595081406035,1.6163008733024152e-09
1080,1.0200174038743626e-15,0.0007649226342775043,7.424616477180734e-15,1.6074119653097796e-06,0.0005909768284468493,0.0007649226342775045,1.665362754438025e-09
1081,8.291978215169138e-16,0.0007560680630228297,4.829470157119431e-15,1.6378571406905351e-06,0.0006190365706211857,0.0007560680630228297,1.5098104654061586e-09
1082,4.440892098500626e-16,0.00075313883734812,5.134781488891349e-16,1.558298860726559e-06,0.000622546749911648,0.0007531388373481199,1.501069307229961e-09
1083,2.0469737016526324e-16,0.0007657956608444936,2.248201624865942e-15,1.5266657246160165e-06,0.0006341996946979707,0.0007657956608444935,1.6001578863178405e-09
1084,5.898059818321144e-17,0.0007582193180510099,9.992007221626409e-16,1.4987323155302157e-06,0.0006437567255487969,0.0007582193180510099,1.5258736516919315e-09
1085,3.5041414214731503e-16,0.0007338252948344039,3.83026943495679e-15,1.4869828016683684e-06,0.0006236266934696735,0.0007338252948344039,1.441372079389496e-09
1086,1.942890293094024e-16,0.0007090615169182454,6.938893903907228e-16,1.4703877641020213e-06,0.0006010675533193126,0.0007090615169182454,1.4699631935427373e-09
1087,1.2836953722228372e-16,0.0006881105401140946,2.040034807748725e-15,1.4950545100811397e-06,0.0005889203637183258,0.0006881105401140946,1.4381615491248406e-09
1088,1.4224732503009818e-16,0.0006879508881771571,2.373101715136272e-15,1.5277084587372869e-06,0.000593512637401063,0.000687950888177157,1.2990660901532126e-09
1089,1.5785983631388945e-16,0.0006955426548448263,7.632783294297951e-16,1.4257036090592479e-06,0.0006077239231894007,0.0006955426548448263,1.314573795716352e-09
1090,4.85722573273506e-17,0.0006855136039297126,2.0816681711721685e-16,1.4167914254015201e-06,0.0006018050541878712,0.0006855136039297126,1.2761266172072011e-09
1091,2.7755575615628914e-16,0.0006734887197776537,3.3306690738754696e-16,1.3932888761614137e-06,0.0005826640436147671,0.0006734887197776538,1.3699280640476961e-09
1092,5.551115123125783e-17,0.0006698209888159719,2.220446049250313e-16,1.382824964091256e-06,0.0005722794468015542,0.0006698209888159719,1.3916188074837764e-09
1093,1.231653667943533e-16,0.0006599181873913802,6.38378239159465e-16,1.4135225834266407e-06,0.0005625266455984258,0.0006599181873913801,1.3210420418594644e-09
1094,3.365363543395006e-16,0.000663960133387008,7.632783294297951e-16,1.3175257914110894e-06,0.0005598176305754138,0.000663960133387008,1.2371549795723611e-09
1095,2.255140518769849e-16,0.0006533955124979575,1.6375789613221059e-15,1.2749931601607756e-06,0.0005459871080373283,0.0006533955124979573,1.2690817068259058e-09
1096,1.9081958235744878e-16,0.0006463488294747315,1.2073675392798577e-15,1.2859830917921755e-06,0.0005372032884771982,0.0006463488294747315,1.261911504934193e-09
1097,6.591949208711867e-17,0.0006260026640497048,2.3592239273284576e-16,1.2761742506084417e-06,0.0005308728271831342,0.0006260026640497047,1.3438028961104164e-09
1098,5.204170427930421e-17,0.0006163525289561336,6.938893903907228e-17,1.2607868280500867e-06,0.0005196276249978804,0.0006163525289561336,1.182947416936544e-09
1099,1.457167719820518e-16,0.0006122312155616206,4.163336342344337e-17,1.114522107659166e-06,0.0005158942938586832,0.0006122312155616206,1.0500354471943699e-09
1100,1.682681771697503e-16,0.0006105839023933103,8.049116928532385e-16,1.0414765094779455e-06,0.0005109100659454844,0.0006105839023933103,1.1127632784506495e-09
1101,2.6020852139652106e-17,0.0006110467100770611,2.7755575615628914e-17,1.1159527663062718e-06,0.0005045812312650371,0.0006110467100770612,1.1228684648712985e-09
1102,4.085924307228872e-15,0.0006182410446719831,3.497202527569243e-15,1.0512902440806826e-06,0.0004997373716232507,0.0006182410446719832,1.0606289665045668e-09
1103,5.9589919804148295e-15,0.0006222978507079153,4.6351811278100286e-15,9.338254187696293e-07,0.0005000620557979426,0.0006222978507079153,1.0978228162320353e-09
1104,1.0918783238667018e-14,0.0006304537056482369,1.0783041126671833e-14,9.209748510485838e-07,0.0004955726778615337,0.0006304537056482369,1.060767963688447e-09
1105,1.0011739701165645e-14,0.0006275392818275184,8.673617379884035e-15,9.652642907198583e-07,0.000492823069321925,0.0006275392818275184,1.1856412748825882e-09
1106,3.63207727782644e-15,0.0006135351246855079,3.3584246494910985e-15,9.331432404557916e-07,0.0004920235269440533,0.0006135351246855079,1.1937611387884976e-09
1107,2.173174834529945e-15,0.000616045139904574,1.970645868709653e-15,8.937644616624496e-07,0.0004921429268373946,0.000616045139904574,9.87570892059284e-10
1108,8.500145032286355e-16,0.0006099642363558029,4.163336342344337e-17,8.863180960272388e-07,0.0004913285743075971,0.0006099642363558029,1.0200716958921343e-09
1109,5.065392549852277e-16,0.0006067520546974721,4.579669976578771e-16,9.055000780300304e-07,0.00048694522890594115,0.0006067520546974721,1.0336829332314037e-09
1110,7.28583859910259e-17,0.0006070422237939276,3.3306690738754696e-16,9.110229622910637e-07,0.0004869289806834752,0.0006070422237939276,9.836652635723883e-10
1111,7.979727989493313e-17,0.0006009971816278781,5.551115123125783e-17,9.161402600987856e-07,0.00048504320486940356,0.0006009971816278781,9.60812019873989e-10
1112,1.97758476261356e-16,0.0005796124272306399,7.632783294297951e-16,9.139791188328417e-07,0.00046727528103353115,0.0005796124272306399,9.491685118285453e-10
1113,1.1102230246251565e-16,0.0005809961856394119,1.2212453270876722e-15,9.017291373591974e-07,0.00046085737461621496,0.0005809961856394119,1.0111646028490289e-09
1114,1.0755285551056204e-16,0.000577490444071634,2.7755575615628914e-17,9.065892732085246e-07,0.0004575918062105888,0.0005774904440716339,1.0060361204062105e-09
1115,3.122502256758253e-17,0.000571648427350178,1.942890293094024e-16,9.024833530490994e-07,0.0004558798991772279,0.0005716484273501782,9.359098013170325e-10
1116,7.112366251504909e-17,0.0005686869999530363,4.0245584642661925e-16,8.988865144443636e-07,0.0004574274978821998,0.0005686869999530363,8.91866896110192e-10
1117,1.491862189340054e-16,0.0005573138221193042,1.3877787807814457e-16,8.956979467011905e-07,0.00045365835884596186,0.0005573138221193042,9.270903733805249e-10
1118,7.632783294297951e-17,0.0005545118000205758,8.881784197001252e-16,8.993442295324172e-07,0.00045467268710477394,0.0005545118000205758,8.594075196324671e-10
1119,1.214306433183765e-16,0.0005552741071393709,1.4988010832439613e-15,9.139183103634707e-07,0.0004563729764519536,0.0005552741071393709,8.13468041666837e-10
1120,4.5102810375396984e-17,0.0005495994846067072,1.249000902703301e-16,9.310938008134928e-07,0.0004543436822175609,0.0005495994846067072,8.56412612762428e-10
1121,7.632783294297951e-17,0.0005414041356458454,8.049116928532385e-16,9.486527199594266e-07,0.000449134461896621,0.0005414041356458455,8.674802603340114e-10
1122,3.437137727213546e-15,0.0005295951812697598,2.1371793224034263e-15,9.343657752028389e-07,0.00043854087353412347,0.0005295951812697598,8.930243933075663e-10
1123,2.3869795029440866e-15,0.0005225526883362514,2.220446049250313e-16,9.470054627676652e-07,0.00043143046430486567,0.0005225526883362514,9.067789214853931e-10
1124,1.1553258350005535e-15,0.0005188612303500791,3.191891195797325e-16,9.560644233736273e-07,0.0004274892043676714,0.0005188612303500791,8.971320696679025e-10
1125,3.3670982668709826e-15,0.0005111757146063347,2.3592239273284576e-16,9.474159204927654e-07,0.000420874562446202,0.0005111757146063348,9.43693245348329e-10
1126,3.747002708109903e-15,0.0004953861437610413,1.3877787807814457e-16,9.281749361791242e-07,0.0004166648885507993,0.0004953861437610412,9.199709254037853e-10
1127,7.91033905045424e-15,0.000490506988855673,5.551115123125783e-17,9.059481018121665e-07,0.00041571480693710933,0.000490506988855673,8.500552152791973e-10
1128,8.309325449928906e-16,0.0004825641188391507,4.163336342344337e-16,9.19498153738145e-07,0.00041504720335841907,0.0004825641188391506,8.48889761182216e-10
1129,1.2663481374630692e-16,0.00046862878447446256,3.885780586188048e-16,9.376592708795414e-07,0.00041339269703625305,0.00046862878447446256,8.238924954472092e-10
1130,5.429684479807406e-16,0.00045327214781777306,1.1102230246251565e-16,9.75722957965476e-07,0.00040975417215583616,0.000453272147817773,7.834868336484002e-10
1131,1.3357370765021415e-16,0.000442275786043343,7.077671781985373e-16,1.0312662330307087e-06,0.00040463772302595086,0.000442275786043343,8.688304892086834e-10
1132,1.0581813203458523e-16,0.000435927472649274,5.689893001203927e-16,9.82800437968577e-07,0.0004020071260337617,0.000435927472649274,8.368632201886036e-10
1133,8.326672684688674e-17,0.0004319453225894503,7.771561172376096e-16,9.554062564819804e-07,0.00039897500307583406,0.00043194532258945036,8.232665216738186e-10
1134,6.591949208711867e-17,0.000423644420655735,0.0,9.272097952371314e-07,0.0003926311797621565,0.000423644420655735,8.550495235852024e-10
1135,1.5612511283791264e-16,0.00040685005429102425,1.429412144204889e-15,8.776944259158981e-07,0.00038421006841384453,0.0004068500542910242,7.813876821856919e-10
1136,9.8879238130678e-17,0.00040457270392573776,4.3021142204224816e-16,8.873504948603284e-07,0.00038131626394747133,0.0004045727039257377,7.77905578757385e-10
1137,8.912141857830846e-17,0.0003942215514344024,2.7755575615628914e-17,8.94971368015085e-07,0.0003790042543807276,0.0003942215514344024,7.377277640090294e-10
1138,2.7755575615628914e-17,0.00038243839446799844,1.3877787807814457e-17,8.999674929732748e-07,0.00037841081320256294,0.0003824383944679985,6.94126405750084e-10
1139,1.0408340855860843e-16,0.00037542568466130153,1.3877787807814457e-16,8.996752355328042e-07,0.0003754256846613015,0.0003605309143971433,7.045093260524558e-10
1140,2.7755575615628914e-16,0.00036670785648353456,1.2490009027033011e-15,8.904598659542629e-07,0.00036670785648353446,0.0003458773177177664,6.784151038277554e-10
1141,1.2663481374630692e-16,0.00035998605822600027,4.0245584642661925e-16,8.93088434983369e-07,0.0003599860582260003,0.0003505755677599855,6.917940582536573e-10
1142,1.412064909445121e-15,0.0003552981779013053,2.2343238370581275e-15,8.994353806190958e-07,0.0003552981779013053,0.00035205177853601813,6.78091981021684e-10
1143,2.093811235504006e-15,0.00034909468826753855,3.2612801348363973e-15,8.965815943007271e-07,0.0003468124651567508,0.00034909468826753855,6.909649873772276e-10
1144,3.670674875166924e-15,0.0003443016991364701,5.384581669432009e-15,8.83719422084539e-07,0.0003403404960223437,0.00034430169913647005,7.000162068463451e-10
1145,7.110631528028932e-15,0.00033862462561453483,1.1185496973098452e-14,8.752767747255419e-07,0.0003306023282744599,0.00033862462561453483,7.101215321517988e-10
1146,1.5439038936193583e-16,0.0003301798182880018,2.7755575615628914e-17,8.851619907046526e-07,0.00032552890881781723,0.00033017981828800175,6.778617183716935e-10
1147,3.7088387916384136e-15,0.0003213708108163807,5.800915303666443e-15,8.915950641119608e-07,0.00032137081081638064,0.0003132933083772457,6.090950076849142e-10
1148,1.0061396160665481e-15,0.0003165307505411158,7.632783294297951e-16,8.969386769974719e-07,0.00031653075054111584,0.0003047030991776671,6.065152966258908e-10
1149,2.229119666630197e-15,0.0003096364219735881,2.3037127760972e-15,8.889030943537435e-07,0.0003096364219735881,0.000296227028594473,5.587051884232652e-10
1150,3.649858193455202e-15,0.00030438973279893705,2.7478019859472624e-15,8.862040100643398e-07,0.00030438973279893705,0.0002941442254533688,5.629059291509578e-10
1151,7.389922007661198e-16,0.00029663710092340135,4.163336342344337e-16,8.87059007248503e-07,0.00029495955138260317,0.00029663710092340135,6.082894260704232e-10
1152,3.469446951953614e-17,0.0002989212161425604,1.8041124150158794e-16,8.82304052929328e-07,0.00028694395846567776,0.0002989212161425604,5.955443054478299e-10
1153,1.5265566588595902e-16,0.000310872683156492,1.0547118733938987e-15,8.717495632026839e-07,0.0002716580497293936,0.000310872683156492,6.869934090494882e-10
1154,7.28583859910259e-17,0.0003137257485687184,1.3877787807814457e-17,8.313583217400833e-07,0.0002636274559679625,0.00031372574856871845,6.405076765096099e-10
1155,2.1163626406917047e-16,0.0003084838970658257,5.134781488891349e-16,7.985816098399212e-07,0.00025552517765043006,0.0003084838970658257,6.080983414889849e-10
1156,6.591949208711867e-17,0.0003023728084592441,5.967448757360216e-16,7.695749138269051e-07,0.00024819914586852185,0.0003023728084592441,6.550849931714718e-10
1157,8.326672684688674e-17,0.0002856055586538927,1.1102230246251565e-15,7.607196877857519e-07,0.00023604908252186082,0.00028560555865389265,6.232404401812944e-10
1158,1.1449174941446927e-16,0.0002792605440766943,1.4432899320127035e-15,7.413206206284204e-07,0.00023111951149962044,0.0002792605440766943,5.602421122686451e-10
1159,8.673617379884035e-17,0.00027209420591447174,6.106226635438361e-16,7.267576096828265e-07,0.00022682770699801886,0.00027209420591447174,5.77907930870103e-10
1160,1.0928757898653885e-16,0.0002666815258670991,4.718447854656915e-16,7.262785567015151e-07,0.00022036077128314516,0.0002666815258670991,5.720535493114592e-10
1161,3.642919299551295e-17,0.0002659448035427486,2.7755575615628914e-17,7.295416653285702e-07,0.0002148884650624405,0.00026594480354274856,6.39262945703396e-10
1162,2.859583229930518e-15,0.00026707123608441224,9.992007221626409e-16,7.364209144121447e-07,0.00020798336212943217,0.0002670712360844123,6.4718892709023e-10
1163,3.4908057347515786e-15,0.0002682809189263306,1.2351231148954867e-15,7.415664419578583e-07,0.00020498164977130918,0.00026828091892633067,5.349708747721204e-10
1164,2.9095649500820997e-15,0.000266566694954989,3.7192471324942744e-15,7.45698214857371e-07,0.00020315881731934067,0.00026656669495498905,5.6684025973708e-10
1165,4.700233258159159e-15,0.0002564562452581643,3.039235529911366e-15,7.457029500348988e-07,0.00019891939024204518,0.00025645624525816427,6.212154047490585e-10
1166,1.5707921074969988e-15,0.00024898269541487496,1.8596235662471372e-15,7.395784306024958e-07,0.00019779343177847716,0.0002489826954148749,5.679012068004578e-10
1167,1.3876595185424723e-14,0.00024182472883349434,8.118505867571457e-15,7.53294780996526e-07,0.0001978221583041252,0.00024182472883349434,5.548185316650399e-10
1168,1.1607034777760816e-14,0.00023072750829836278,8.451572774959004e-15,7.584882707970669e-07,0.00019646630719135564,0.00023072750829836275,5.522705061056024e-10
1169,4.3525296214430576e-15,0.00022590459569838862,2.0261570199409107e-15,7.654692811059557e-07,0.00019477858803332459,0.00022590459569838862,5.955662681525753e-10
1170,8.786374405822528e-16,0.00022479215390455536,1.096345236817342e-15,7.789910129530134e-07,0.00019378562764759216,0.0002247921539045554,6.432559429120806e-10
1171,1.1737572719328071e-15,0.00022253933200658475,8.049116928532385e-16,7.85665416017968e-07,0.00019373246252745208,0.00022253933200658475,5.82952091769696e-10
1172,1.0547118733938987e-15,0.00022167379296382232,1.457167719820518e-15,7.796345836731666e-07,0.00019404716179511337,0.0002216737929638223,6.006682285869568e-10
1173,3.469446951953614e-17,0.00021718585370529775,2.3592239273284576e-16,7.414994479702439e-07,0.00019275558061742333,0.00021718585370529775,6.546182033264445e-10
1174,2.7755575615628914e-17,0.00021299920590209047,3.7470027081099033e-16,6.897101751173959e-07,0.00019216734721796912,0.00021299920590209047,6.171430454190389e-10
1175,8.326672684688674e-17,0.00021048965121895353,1.1102230246251565e-15,6.568955747132676e-07,0.00019394888737361604,0.00021048965121895356,5.451381710461027e-10
1176,9.71445146547012e-17,0.00020338940102283367,1.1518563880486e-15,6.838282140542162e-07,0.00019464630602508958,0.0002033894010228337,5.717111056336761e-10
1177,1.6306400674181987e-16,0.0001956753868906797,1.1102230246251565e-15,6.981494747870798e-07,0.00019364341408300905,0.00019567538689067973,5.893767302374489e-10
1178,1.1449174941446927e-16,0.00019785984912391405,1.6653345369377348e-15,7.043830516639815e-07,0.00019373146180603506,0.00019785984912391405,6.019722033212807e-10
1179,2.7755575615628914e-17,0.00019730713567594818,3.469446951953614e-16,7.384650992925401e-07,0.0001937685799492041,0.00019730713567594815,5.805887816969521e-10
1180,1.3877787807814457e-16,0.0001982643332111881,8.326672684688674e-17,7.539765168873558e-07,0.00019269045602211604,0.00019826433321118808,5.172156459803446e-10
1181,1.8041124150158794e-16,0.00020414084958161755,5.828670879282072e-16,7.661259344704519e-07,0.00019052544291273197,0.00020414084958161752,6.288973516789751e-10
1182,3.010829432992246e-15,0.00020710980703082145,4.440892098500626e-16,7.497566316683191e-07,0.00018720076349158237,0.00020710980703082143,6.191030173316737e-10
1183,2.4537663567691936e-15,0.00021028850431978468,5.273559366969494e-16,7.261027723526325e-07,0.00018725962042437225,0.00021028850431978468,5.491507730140279e-10
1184,2.821961414545271e-15,0.00021182778834681281,2.914335439641036e-16,7.221352309461082e-07,0.00018848707310041018,0.00021182778834681284,5.591292270335409e-10
1185,5.940343703048079e-15,0.00020494728602982057,1.4988010832439613e-15,7.117161564540453e-07,0.00018469827157284528,0.00020494728602982063,5.789668279861249e-10
1186,8.744524201964587e-15,0.00020850233609537628,1.3600232051658168e-15,6.613152843115699e-07,0.0001825651420472374,0.00020850233609537625,6.205638585201665e-10
1187,1.132774429812855e-15,0.00021015883976784543,6.38378239159465e-16,6.500304182699423e-07,0.00018276764481491684,0.00021015883976784543,5.815199505742742e-10
1188,3.574072461598465e-15,0.0002118879439109953,8.743006318923108e-16,6.399032469461829e-07,0.00018324070533910333,0.0002118879439109953,5.067085630933058e-10
1189,2.815456201510358e-15,0.00021297377360612887,8.743006318923108e-16,6.297773705310483e-07,0.0001829989974872697,0.00021297377360612885,5.499710104731598e-10
1190,1.0753659247797476e-15,0.00021395080042397078,4.3021142204224816e-16,6.484550169050252e-07,0.000177008434969322,0.00021395080042397078,6.639858265847956e-10
1191,1.726049858596923e-15,0.00021844102301390452,3.0531133177191805e-16,6.761877580085951e-07,0.00017705650286103616,0.00021844102301390452,5.974676761354902e-10
1192,1.5265566588595902e-16,0.00022462094931139547,1.0269562977782698e-15,6.507809912070783e-07,0.00017947442061088198,0.00022462094931139547,5.464672755019238e-10
1193,4.85722573273506e-17,0.00022584293421407128,4.718447854656915e-16,6.762356943388476e-07,0.00017923051278658344,0.00022584293421407125,5.836227753592631e-10
1194,8.673617379884035e-17,0.00022424422855036436,0.0,6.790795023178808e-07,0.00017760102592925757,0.00022424422855036436,6.000108606680821e-10
1195,3.434752482434078e-16,0.00022460561512978273,5.162537064506978e-15,6.948571950942881e-07,0.00017831983291448407,0.00022460561512978276,6.683249527713659e-10
1196,8.326672684688674e-17,0.00022713609413404855,2.7755575615628914e-16,7.372235272789379e-07,0.0001814403170176259,0.00022713609413404853,6.131272096988953e-10
1197,1.3010426069826053e-16,0.0002290528461736033,1.817990202823694e-15,7.726447579159065e-07,0.0001842834042003127,0.0002290528461736033,5.369193393405621e-10
1198,7.632783294297951e-17,0.0002284431730037528,3.885780586188048e-16,7.980830878913728e-07,0.00018604604426948157,0.00022844317300375284,6.179676553819567e-10
1199,5.551115123125783e-17,0.00022386478818804385,2.220446049250313e-16,7.927782904575825e-07,0.00018679935580690946,0.00022386478818804385,6.378261560520853e-10
1200,3.400058012914542e-16,0.00022439673659939533,4.163336342344337e-17,7.630702215412344e-07,0.00019224858773026794,0.0002243967365993953,5.292412028251688e-10
1201,7.45931094670027e-17,0.00022537664318590772,2.636779683484747e-16,7.350440237446909e-07,0.00019314138666803418,0.00022537664318590772,5.339544697967233e-10
1202,2.7154927612071944e-15,0.0002212183838571367,2.498001805406602e-16,6.978731883038047e-07,0.00019101877059091776,0.0002212183838571367,5.541266541790716e-10
1203,2.6766783234322133e-15,0.0002180379053959277,9.298117831235686e-16,6.209964758382633e-07,0.00019385764983427187,0.0002180379053959277,5.564869227871446e-10
1204,7.306330020162566e-15,0.0002137756906867273,1.2351231148954867e-15,5.965198165555283e-07,0.00019820051856238714,0.00021377569068672727,5.807687332719707e-10
1205,3.3647130220915145e-15,0.00021060469302119577,1.0408340855860843e-15,5.666711391238977e-07,0.00020127259129507408,0.0002106046930211958,4.836085029181569e-10
1206,4.778512655012612e-15,0.000209112736118367,2.0816681711721685e-16,5.976847050614964e-07,0.00020388012441261376,0.00020911273611836699,4.94078929920978e-10
1207,2.9473493957932195e-15,0.00020335305433707293,0.0,6.155832242837889e-07,0.00020335305433707296,0.0002026674116390515,5.90121658944181e-10
1208,3.9617289483706575e-15,0.00020461674867370584,6.522560269672795e-16,6.293767262910421e-07,0.00020461674867370584,0.00020150304694103194,4.961292925674604e-10
1209,8.236900744806874e-15,0.0002059162228083538,1.6514567491299204e-15,6.540790090658888e-07,0.00020591622280835382,0.00020169163113633817,4.6325604756246825e-10
1210,2.3791190371935667e-15,0.00020580492210496337,1.6653345369377348e-16,6.634383983294967e-07,0.00020580492210496335,0.00020129119661035152,4.894963064520475e-10
1211,7.228375883960858e-16,0.0002053599823960092,3.3306690738754696e-16,6.615052123848386e-07,0.0002053599823960092,0.00019681871326084755,5.015015921584303e-10
1212,1.2836953722228372e-16,0.00020274224339163584,4.0245584642661925e-16,6.499399686221707e-07,0.00020274224339163584,0.00018788441458220703,4.960915529179517e-10
1213,2.463307335887066e-16,0.00020092944076416678,8.604228440844963e-16,6.2138376177856e-07,0.00020092944076416678,0.0001836822166496675,3.893436441619024e-10
1214,4.85722573273506e-17,0.0001993198393246427,4.440892098500626e-16,5.774843842010213e-07,0.0001993198393246427,0.00018267427884312057,3.91482393944219e-10
1215,7.28583859910259e-17,0.00019428247542580224,3.191891195797325e-16,5.556737946443846e-07,0.00019428247542580224,0.00018162794639696274,4.608956759984109e-10
1216,3.122502256758253e-17,0.000192000643699901,2.7755575615628914e-17,5.100377296063385e-07,0.000192000643699901,0.00017710038301710682,4.307241626276581e-10
1217,1.231653667943533e-16,0.00018837142341802487,1.1379786002407855e-15,4.806531080925325e-07,0.0001883714234180249,0.00017315497602911172,3.523697667399809e-10
1218,1.0234868508263162e-16,0.00018624755074579934,6.38378239159465e-16,4.4652844000125924e-07,0.00018624755074579937,0.00017071543317794379,3.9011097672012483e-10
1219,5.551115123125783e-17,0.00018441987684423897,1.1102230246251565e-16,4.1283982576967304e-07,0.00018441987684423897,0.0001679828311658156,3.9766143645269333e-10
1220,8.673617379884035e-17,0.00017865028183331982,2.3592239273284576e-16,3.8816035807798244e-07,0.00017865028183331982,0.0001650107691043292,3.699082495723219e-10
1221,9.020562075079397e-17,0.00017097893382775516,8.326672684688674e-17,3.6135936298808957e-07,0.00017097893382775516,0.00016753356495801525,3.669838363421031e-10
1222,6.054184931159057e-16,0.00017113962356798086,1.0547118733938987e-15,3.3956991041250717e-07,0.00016806484873827632,0.00017113962356798086,3.6469703156872926e-10
1223,1.0096090630185017e-15,0.00016778996918898363,1.1518563880486e-15,3.417227348867513e-07,0.00016348974555672525,0.00016778996918898363,4.230350309252117e-10
1224,8.118505867571457e-16,0.00016318823350897337,7.077671781985373e-16,3.496576710393384e-07,0.0001584422062302706,0.00016318823350897337,4.1734588133383687e-10
1225,7.268491364342822e-16,0.00015937246680721237,2.2898349882893854e-15,3.5833391287543037e-07,0.00015215054066622234,0.0001593724668072124,3.264292750724743e-10
1226,1.3641431734212617e-15,0.00015640523976628444,1.27675647831893e-15,3.6953055226884857e-07,0.00014720871724157393,0.00015640523976628447,3.818365856143557e-10
1227,1.489476944560586e-15,0.00015691778704522193,3.802513859341161e-15,3.7871145852630406e-07,0.00014332702989614682,0.0001569177870452219,3.9869084864567213e-10
1228,1.220811646218678e-15,0.00015602772124995583,1.6930901125533637e-15,3.882227684881556e-07,0.00014048118606442968,0.00015602772124995583,3.467742794438741e-10
1229,1.5300261058115439e-15,0.000148318292189648,2.373101715136272e-15,3.92078189914713e-07,0.00013632797926926195,0.00014831829218964803,3.15874470381925e-10
1230,1.3568248087569845e-15,0.00014135407666434095,1.3877787807814457e-16,3.9504793603040156e-07,0.00013266414267202838,0.00014135407666434095,3.3094505644355836e-10
1231,1.2329547105505156e-15,0.00013765633856787745,2.3869795029440866e-15,3.9557768838349716e-07,0.00012775641946512748,0.00013765633856787743,3.427181527396638e-10
1232,1.2967057982926633e-15,0.00013750851848177886,3.0531133177191805e-16,3.9134149110164884e-07,0.0001248759161956798,0.00013750851848177886,3.225606022884104e-10
1233,1.5929098318157031e-15,0.00013721460891545273,2.3592239273284576e-16,3.85619218556954e-07,0.00012205640996889843,0.00013721460891545276,2.6083049097725147e-10
1234,1.6688039838896884e-15,0.00013307979692502573,2.7755575615628914e-17,3.801307567607992e-07,0.00011897947814053792,0.00013307979692502573,2.8042616062995986e-10
1235,1.919037845299343e-15,0.00012889826144793455,1.790234627208065e-15,3.78206490347921e-07,0.00011515947704181939,0.00012889826144793455,3.5524315932759224e-10
1236,2.3956531203239706e-15,0.00012849910982196298,6.938893903907228e-16,3.7469385993915694e-07,0.00011264757604825034,0.00012849910982196298,2.8935675796471017e-10
1237,1.420738526825005e-15,0.00012538648257705482,1.4155343563970746e-15,3.719402886792622e-07,0.0001103070513070006,0.00012538648257705482,2.4610099310789853e-10
1238,2.0794997668271975e-15,0.00012238505519079662,5.273559366969494e-16,3.6795341717965613e-07,0.00010790992321766215,0.00012238505519079662,2.6923892908455656e-10
1239,2.1697053875779915e-15,0.00012124246581011512,1.1379786002407855e-15,3.6018746552013425e-07,0.00010503623507997475,0.00012124246581011512,2.8702448178210713e-10
1240,2.3229031545501932e-15,0.00011789373317862482,2.858824288409778e-15,3.550546759639034e-07,0.00010004675471287982,0.00011789373317862482,2.996303172723878e-10
1241,2.7641734387517936e-15,0.00011861399650245119,2.456368441983159e-15,3.4792095235727794e-07,9.649966114554139e-05,0.00011861399650245119,2.354762858897668e-10
1242,8.831910897066919e-16,0.00011795988596013723,6.938893903907228e-17,3.5096764469926683e-07,9.478071700642316e-05,0.00011795988596013723,2.2675969166146166e-10
1243,1.429412144204889e-15,0.00011423877514339102,1.3739009929736312e-15,3.5180632883269336e-07,9.141631794234616e-05,0.00011423877514339097,2.781842181684065e-10
1244,1.0053806745458083e-15,0.00011041702289948531,6.38378239159465e-16,3.46909607406784e-07,8.817843673809775e-05,0.0001104170228994853,2.6691109508834075e-10
1245,4.281948060014251e-15,0.00010462194028169555,1.790234627208065e-15,3.4378464755600163e-07,8.370954366248898e-05,0.00010462194028169555,2.462270499587923e-10
1246,2.5392014879610514e-15,0.00010216671968761297,2.7200464103316335e-15,3.2925044692998923e-07,8.058072210765436e-05,0.00010216671968761297,2.449505475810706e-10
1247,6.262351748276274e-16,0.0001001766243488179,7.632783294297951e-16,3.235409512108989e-07,7.864228053391345e-05,0.0001001766243488179,2.3945229018033985e-10
1248,6.29704621779581e-16,9.666312378920185e-05,4.163336342344337e-17,3.2060309054175035e-07,7.371152659692705e-05,9.666312378920185e-05,2.449337441843439e-10
1249,6.054184931159057e-16,9.374435168904314e-05,5.551115123125783e-16,3.026604136046468e-07,7.049139291496173e-05,9.374435168904314e-05,2.532511996334232e-10
1250,5.93275428784068e-16,9.175080629834353e-05,4.0245584642661925e-16,2.903105386095964e-07,6.835612992226437e-05,9.175080629834353e-05,2.2370119985871996e-10
1251,9.538810713527468e-16,8.963452072066045e-05,5.412337245047638e-16,2.84206692786719e-07,6.736364971727836e-05,8.963452072066045e-05,2.1067798728691235e-10
1252,5.969617161705187e-16,8.50837082323513e-05,6.106226635438361e-16,2.788944165393534e-07,6.581890766571089e-05,8.508370823235129e-05,2.1852127401653657e-10
1253,1.0536276712214132e-15,8.046231582531908e-05,1.4016565685892601e-15,2.7238623274972174e-07,6.421749136075493e-05,8.046231582531908e-05,2.368593787307992e-10
1254,1.2481335409653127e-15,7.779942968260984e-05,9.159339953157541e-16,2.7094179035676985e-07,6.251264247285991e-05,7.779942968260984e-05,2.3068824174198535e-10
1255,6.47431327299719e-16,7.680725059293545e-05,4.3021142204224816e-16,2.6152853006833343e-07,6.154562924259379e-05,7.680725059293545e-05,2.0173860212484192e-10
1256,5.219349258345218e-16,7.562781475881344e-05,9.575673587391975e-16,2.55810263926487e-07,6.120819500292403e-05,7.562781475881344e-05,1.9083034663374296e-10
1257,6.867336560523185e-16,7.306711826928923e-05,9.298117831235686e-16,2.5225248730283145e-07,6.059265674405006e-05,7.306711826928923e-05,2.1008781872106274e-10
1258,9.849976737030808e-16,6.919349825273708e-05,1.4849232954361469e-15,2.505700849031456e-07,5.9167879891797536e-05,6.919349825273708e-05,2.1888649580123835e-10
1259,9.894429026102713e-16,6.949360864762063e-05,5.967448757360216e-16,2.5627971617092626e-07,5.866116747422222e-05,6.949360864762063e-05,1.9659900096096399e-10
1260,8.584712801740224e-16,6.923275417268026e-05,2.220446049250313e-16,2.5531394554079156e-07,5.859754675690835e-05,6.923275417268026e-05,1.9492625034027588e-10
1261,1.3739009929736312e-14,6.576830186154918e-05,4.98212582300539e-15,2.55165430840254e-07,5.786664201369637e-05,6.576830186154917e-05,2.199404218237216e-10
1262,1.2607102861661446e-14,6.593365465469088e-05,7.216449660063518e-15,2.567844598067026e-07,5.745042388973735e-05,6.593365465469088e-05,2.486845336194035e-10
1263,5.191376842295092e-15,6.636095420127947e-05,1.6930901125533637e-15,2.6039698691748825e-07,5.691256173832498e-05,6.636095420127947e-05,2.2993695050569125e-10
1264,5.762751387194953e-15,6.665121253787095e-05,2.6645352591003757e-15,2.6218868631744385e-07,5.6925828412091334e-05,6.665121253787095e-05,2.0583034214529138e-10
1265,1.2393081352812807e-14,6.668760098762976e-05,6.13398221105399e-15,2.636028710867322e-07,5.691308507540257e-05,6.668760098762976e-05,2.0542703242812754e-10
1266,5.461993704547474e-15,6.678175169687634e-05,2.3869795029440866e-15,2.636367429920128e-07,5.666704552074171e-05,6.678175169687634e-05,2.04047224554218e-10
1267,2.538117285788566e-15,6.42089892535925e-05,6.106226635438361e-16,2.6313753181961275e-07,5.739259589029256e-05,6.420898925359251e-05,2.0832871090242234e-10
1268,4.36282954208167e-16,6.426667811474912e-05,9.71445146547012e-16,2.660600048609574e-07,5.742529928107619e-05,6.426667811474912e-05,2.034158920948853e-10
1269,3.937822290467352e-16,6.31181404755808e-05,1.1934897514720433e-15,2.6621422777317605e-07,5.742019971135706e-05,6.31181404755808e-05,1.9063186688027338e-10
1270,4.887583393564654e-16,6.669357981940356e-05,3.885780586188048e-16,2.6589625345962986e-07,5.767551234697167e-05,6.669357981940356e-05,2.1123401311300617e-10
1271,3.142017895862992e-16,6.541488463319156e-05,2.373101715136272e-15,2.6706729111536376e-07,5.7401699539351983e-05,6.541488463319156e-05,2.11313786639798e-10
1272,8.99562542511223e-16,6.542334654598172e-05,3.8719027983802334e-15,2.6645705553107746e-07,5.302372724555404e-05,6.542334654598172e-05,2.184822123945496e-10
1273,2.3139042765185636e-15,6.817217283449485e-05,1.0061396160665481e-14,2.6734262920102836e-07,5.040800020447516e-05,6.817217283449485e-05,2.9074305371566585e-10
1274,2.3083206353302632e-15,6.53597505960129e-05,4.163336342344337e-17,2.750223433434229e-07,4.9879337433913386e-05,6.53597505960129e-05,2.447426700220518e-10
1275,1.3858272168709718e-15,6.266248191123537e-05,5.551115123125783e-17,2.791989016648344e-07,4.944472730101945e-05,6.266248191123537e-05,2.0867552571644904e-10
1276,9.053630241340205e-16,6.0475594919307915e-05,9.71445146547012e-17,2.8100701643385406e-07,4.904631800826705e-05,6.0475594919307915e-05,1.8559054230570757e-10
1277,1.0432735404741766e-15,5.86709186248912e-05,5.551115123125783e-17,2.812980104405227e-07,4.867806205015157e-05,5.86709186248912e-05,1.7469431462717187e-10
1278,1.1773351391020093e-15,5.727249919915749e-05,1.3877787807814457e-17,2.810911055028953e-07,4.833005026305406e-05,5.72724991991575e-05,1.707747215853735e-10
1279,1.289170593193889e-15,5.601078028849122e-05,1.3877787807814457e-16,2.811017678627792e-07,4.798897415751301e-05,5.601078028849122e-05,1.6946327173926342e-10
1280,1.3765030781875964e-15,5.489002484779211e-05,0.0,2.8162310028445603e-07,4.765871505475458e-05,5.48900248477921e-05,1.6875731270833993e-10
1281,6.938893903907228e-18,5.3933772493687046e-05,5.551115123125783e-17,2.826191060067984e-07,4.733835773157415e-05,5.3933772493687046e-05,1.6803479051793937e-10
1282,5.0903291998194433e-17,5.323669255087937e-05,8.326672684688674e-17,2.8388587747230076e-07,4.702101571189017e-05,5.323669255087938e-05,1.6717194810341638e-10
1283,1.0196921432226169e-16,5.261540926003306e-05,1.3877787807814457e-17,2.85198886507132e-07,4.6706173776992385e-05,5.261540926003306e-05,1.6620130581430193e-10
1284,1.5363144784119598e-16,5.213400252026815e-05,4.163336342344337e-17,2.863945517406208e-07,4.6397815491078226e-05,5.213400252026815e-05,1.6521174395163854e-10
1285,2.065405138584886e-16,5.168419460563419e-05,5.551115123125783e-17,2.8739602919714e-07,4.608221632904111e-05,5.1684194605634194e-05,1.643010475590915e-10
1286,2.6085904270001237e-16,5.124151090494183e-05,5.551115123125783e-17,2.881992652303822e-07,4.577175670680625e-05,5.124151090494183e-05,1.6354262481170194e-10
1287,3.1620756360539737e-16,5.08594222995198e-05,5.551115123125783e-17,2.8884249425598085e-07,4.547151681752532e-05,5.08594222995198e-05,1.6297093690406654e-10
1288,3.730739675522621e-16,5.0534163657328684e-05,8.326672684688674e-17,2.8937643059556706e-07,4.518126581739449e-05,5.0534163657328684e-05,1.6258454823539925e-10
1289,4.30374052368121e-16,5.025442847488666e-05,1.5265566588595902e-16,2.898440216725362e-07,4.4889559351834677e-05,5.025442847488666e-05,1.623580882251241e-10
1290,4.888125494650897e-16,5.001258414740759e-05,8.326672684688674e-17,2.902715356967178e-07,4.4601760521558675e-05,5.001258414740759e-05,1.622547727219438e-10
1291,5.47576307213804e-16,4.9740983188104954e-05,1.3877787807814457e-17,2.906689177128996e-07,4.4319894601062446e-05,4.974098318810497e-05,1.622354008906097e-10
1292,6.071532165918825e-16,4.949822632352789e-05,0.0,2.910328209537738e-07,4.4037634331440285e-05,4.949822632352789e-05,1.6226327553569217e-10
1293,6.669469664044581e-16,4.927433747207694e-05,1.3877787807814457e-17,2.91355344628208e-07,4.376786653834964e-05,4.927433747207694e-05,1.6230640664549622e-10
1294,7.269033465429064e-16,4.908882248109567e-05,9.71445146547012e-17,2.916272153763444e-07,4.3510542445838554e-05,4.908882248109566e-05,1.6233833948301675e-10
1295,7.874560378762219e-16,4.8936914514769976e-05,9.71445146547012e-17,2.9184129046733176e-07,4.3263678377947324e-05,4.893691451476998e-05,1.6233858419769473e-10
1296,8.479003089922887e-16,4.878694227576754e-05,9.71445146547012e-17,2.9199364637300107e-07,4.301523143015352e-05,4.878694227576755e-05,1.622929933619254e-10
1297,9.090493115204712e-16,4.859525261818878e-05,2.7755575615628914e-17,2.9208330654117987e-07,4.277182624584205e-05,4.859525261818878e-05,1.621939910272274e-10
1298,9.699272635055323e-16,4.840335839181872e-05,2.7755575615628914e-17,2.9211129903838895e-07,4.253954413614448e-05,4.840335839181872e-05,1.620404512356231e-10
1299,1.0310762660337147e-15,4.821662122051166e-05,5.551115123125783e-17,2.920796071670395e-07,4.232441383522466e-05,4.821662122051165e-05,1.6183703512920035e-10
1300,1.0917373775842787e-15,4.80604591226367e-05,1.1102230246251565e-16,2.919903481224395e-07,4.211051316625398e-05,4.8060459122636696e-05,1.6159290167372739e-10
1301,6.938893903907228e-18,4.793169526647386e-05,2.7755575615628914e-17,2.9184569849682873e-07,4.190284606471665e-05,4.793169526647386e-05,1.613199827929179e-10
1302,5.805902633659876e-17,4.779392930580533e-05,6.938893903907228e-17,2.916461465662934e-07,4.169954284569579e-05,4.7793929305805344e-05,1.6103109380109575e-10
1303,1.1622647289044608e-16,4.76384185210627e-05,8.326672684688674e-17,2.913928635051022e-07,4.150141793128564e-05,4.76384185210627e-05,1.6073796172742735e-10
1304,1.7477339020466331e-16,4.749490059322452e-05,6.938893903907228e-17,2.910864366212351e-07,4.1307825503282135e-05,4.749490059322452e-05,1.6044985893170523e-10
1305,2.330492569757592e-16,4.7352411369766556e-05,1.1102230246251565e-16,2.907272853569509e-07,4.112830264928507e-05,4.735241136976656e-05,1.6017265978103165e-10
1306,2.913793338554793e-16,4.721844036858869e-05,1.249000902703301e-16,2.903158440314968e-07,4.0960194687128175e-05,4.721844036858869e-05,1.599085999069818e-10
1307,3.4927572986620525e-16,4.710284628991348e-05,2.7755575615628914e-17,2.898526367811627e-07,4.0792748980038646e-05,4.710284628991348e-05,1.5965661058976314e-10
1308,4.0728054609417974e-16,4.6988459554551414e-05,0.0,2.8933830209521005e-07,4.062898941674723e-05,4.6988459554551414e-05,1.5941310346361145e-10
1309,4.647974713445358e-16,4.6871454410297455e-05,0.0,2.887735846002215e-07,4.047603926350271e-05,4.687145441029746e-05,1.5917298473917306e-10
1310,5.216638752914005e-16,4.675182985659325e-05,6.938893903907228e-17,2.8815930797065903e-07,4.0335025176716614e-05,4.675182985659324e-05,1.5893066714484733e-10
1311,5.785844893468894e-16,4.662900087430915e-05,1.8041124150158794e-16,2.874967922616989e-07,4.0195244076654305e-05,4.662900087430915e-05,1.5868091754923166e-10
1312,6.349630023161357e-16,4.651271312508708e-05,8.326672684688674e-17,2.8678602204124104e-07,4.006204894818324e-05,4.6512713125087076e-05,1.5841941266225993e-10
1313,6.904199434387692e-16,4.640081291835533e-05,2.7755575615628914e-17,2.8602840174141164e-07,3.993056645696951e-05,4.640081291835533e-05,1.5814303135508504e-10
1314,7.451721531492872e-16,4.6286775353239163e-05,8.326672684688674e-17,2.852248598417262e-07,3.980138613339452e-05,4.628677535323916e-05,1.5784985860356364e-10
1315,7.995448920994352e-16,4.617371851984433e-05,6.938893903907228e-17,2.843763357018858e-07,3.967229472391793e-05,4.617371851984433e-05,1.5753901182846402e-10
1316,8.529418490943463e-16,4.6053575897783984e-05,4.163336342344337e-17,2.834837795617773e-07,3.9559787338322074e-05,4.6053575897784e-05,1.5721037916759174e-10
1317,9.053088140253962e-16,4.5931529191189544e-05,5.551115123125783e-17,2.8254815820361046e-07,3.9454246994863234e-05,4.593152919118955e-05,1.5686435598011013e-10
1318,9.574047284133247e-16,4.5820223831629885e-05,1.5265566588595902e-16,2.8157045450782903e-07,3.934560284223495e-05,4.582022383162989e-05,1.5650161912687362e-10
1319,1.0079285496511492e-15,4.571552822201909e-05,4.163336342344337e-17,2.805516704507127e-07,3.9236513442034435e-05,4.571552822201908e-05,1.5612295822951585e-10
1320,1.0578018495854824e-15,4.560471912861068e-05,1.1102230246251565e-16,2.7949282543904275e-07,3.912932432557011e-05,4.560471912861068e-05,1.557291777186252e-10
1321,6.938893903907228e-18,4.549561844116842e-05,1.3877787807814457e-17,2.7839533778273307e-07,3.903226548022731e-05,4.549561844116842e-05,1.5532102440216018e-10
1322,5.323432666903827e-17,4.53878941337197e-05,5.551115123125783e-17,2.772595154576507e-07,3.893310386812901e-05,4.538789413371971e-05,1.5489922373729532e-10
1323,1.0565550170871241e-16,4.527743369048605e-05,2.7755575615628914e-17,2.7608674657564336e-07,3.88308778781876e-05,4.527743369048606e-05,1.544643426939135e-10
1324,1.5693826446727677e-16,4.517056690358763e-05,8.326672684688674e-17,2.7487815545956806e-07,3.8729865583067836e-05,4.5170566903587634e-05,1.5401688361101784e-10
1325,2.0767892613959837e-16,4.5062853146658086e-05,5.551115123125783e-17,2.7363483012798895e-07,3.8635433103275634e-05,4.5062853146658086e-05,1.5355725374586635e-10
1326,2.572811755308102e-16,4.495019234718312e-05,5.551115123125783e-17,2.723578694796558e-07,3.854547324223851e-05,4.4950192347183125e-05,1.5308578255081276e-10
1327,3.0574501264091225e-16,4.483264680622873e-05,8.326672684688674e-17,2.7104838085101335e-07,3.8455996570794146e-05,4.4832646806228735e-05,1.5260273722756668e-10
1328,3.53558328447523e-16,4.471351539008188e-05,5.551115123125783e-17,2.697074805713129e-07,3.836594807232781e-05,4.471351539008188e-05,1.5210836489414098e-10
1329,4.0007060164715114e-16,4.460001121801732e-05,5.551115123125783e-17,2.6833628985478697e-07,3.827135739572949e-05,4.460001121801732e-05,1.5160292779369175e-10
1330,4.456070928915423e-16,4.449130255037148e-05,1.3877787807814457e-17,2.669359367990509e-07,3.817503180947418e-05,4.449130255037148e-05,1.5108673676316717e-10
1331,4.901135920720723e-16,4.438436518428879e-05,1.3877787807814457e-17,2.6550794596236216e-07,3.8078829684964426e-05,4.438436518428879e-05,1.5056018259760323e-10
1332,5.331564183197468e-16,4.428090548966833e-05,0.0,2.6405264108575466e-07,3.7985522076942004e-05,4.4280905489668336e-05,1.5002372296423726e-10
1333,5.752776727208087e-16,4.417987127056576e-05,4.163336342344337e-17,2.625715865844924e-07,3.78932219095612e-05,4.4179871270565763e-05,1.4947788574154506e-10
1334,6.158810440803908e-16,4.407871063762117e-05,1.3877787807814457e-17,2.6106592276864404e-07,3.7797536206466914e-05,4.407871063762118e-05,1.4892324038807936e-10
1335,6.556170537019845e-16,4.398860320035166e-05,1.3877787807814457e-17,2.5953679072543423e-07,3.769936202707849e-05,4.398860320035166e-05,1.4836034839977454e-10
1336,6.942146510424685e-16,4.39070947192328e-05,5.551115123125783e-17,2.579853326523107e-07,3.760546192434966e-05,4.3907094719232794e-05,1.477897338498438e-10
1337,7.312943653414727e-16,4.382555785570566e-05,2.7755575615628914e-17,2.564126897475205e-07,3.7514243281490175e-05,4.382555785570565e-05,1.472118442238749e-10
1338,7.671272471421187e-16,4.3750294193072585e-05,5.551115123125783e-17,2.548200010998869e-07,3.741935979225757e-05,4.3750294193072585e-05,1.4662701986567983e-10
1339,8.013880357926606e-16,4.368148686335294e-05,0.0,2.5320840357778707e-07,3.7322024195296e-05,4.368148686335295e-05,1.4603549553174423e-10
1340,8.349983031397112e-16,4.3621212826958505e-05,1.1102230246251565e-16,2.515790308299515e-07,3.722350016786147e-05,4.3621212826958505e-05,1.4543739643317116e-10
1341,6.938893903907228e-18,4.355732491496084e-05,2.7755575615628914e-17,2.499333250360891e-07,3.7126542096508216e-05,4.3557324914960845e-05,1.4483275321930123e-10
1342,4.027811070783649e-17,4.349306203418647e-05,5.551115123125783e-17,2.4827179911923736e-07,3.7031567985213893e-05,4.349306203418646e-05,1.4422159993184072e-10
1343,7.892991815694472e-17,4.342987495035654e-05,1.249000902703301e-16,2.465958331976381e-07,3.6932302974774654e-05,4.3429874950356545e-05,1.4360389005765832e-10
1344,1.1655173354219173e-16,4.337257707060227e-05,9.71445146547012e-17,2.4490657590803266e-07,3.683501158313965e-05,4.337257707060227e-05,1.4297963151578124e-10
1345,1.531435568635775e-16,4.331412754133968e-05,1.3877787807814457e-16,2.4320512914677295e-07,3.6738756219481e-05,4.331412754133967e-05,1.4234888757541505e-10
1346,1.8827170725210784e-16,4.3261107932085515e-05,1.3877787807814457e-17,2.4149258803785045e-07,3.664445041153779e-05,4.326110793208551e-05,1.4171179354719886e-10
1347,2.225324959026498e-16,4.3212220950912906e-05,4.163336342344337e-17,2.3977003826836096e-07,3.6555174926415676e-05,4.3212220950912906e-05,1.4106857930610056e-10
1348,2.555464520548334e-16,4.316236310805203e-05,1.1102230246251565e-16,2.3803855575543764e-07,3.646717392921175e-05,4.316236310805203e-05,1.4041956362855049e-10
1349,2.86988315056913e-16,4.3115064283823446e-05,8.326672684688674e-17,2.3629920642420643e-07,3.63775983580672e-05,4.311506428382346e-05,1.3976515133152303e-10
1350,3.1772544664687707e-16,4.3069519189042856e-05,8.326672684688674e-17,2.345530440983623e-07,3.628473770487019e-05,4.3069519189042856e-05,1.3910581340385013e-10
1351,3.4661943454361577e-16,4.302804996037529e-05,1.3877787807814457e-17,2.3280141658865716e-07,3.619327747025357e-05,4.302804996037529e-05,1.384420651565621e-10
1352,3.7470027081099033e-16,4.2983266901485733e-05,1.3877787807814457e-17,2.3104472235413454e-07,3.610629615138798e-05,4.2983266901485733e-05,1.3777444521757844e-10
1353,4.0175111501450367e-16,4.293963393918304e-05,4.163336342344337e-17,2.2928430698510027e-07,3.601862757810955e-05,4.2939633939183046e-05,1.3710349465949547e-10
1354,4.276635469369072e-16,4.289900330162335e-05,5.551115123125783e-17,2.27521172790901e-07,3.5927681548026874e-05,4.289900330162335e-05,1.3642973085115998e-10
1355,4.520038857092068e-16,4.286228094817972e-05,8.326672684688674e-17,2.2575630764798404e-07,3.583692399797019e-05,4.286228094817973e-05,1.357536341093405e-10
1356,4.755310728521422e-16,4.2822210344017755e-05,2.7755575615628914e-17,2.2399068488887508e-07,3.5753591110967826e-05,4.2822210344017755e-05,1.3507563092557006e-10
1357,4.975945870622223e-16,4.278156105923731e-05,5.551115123125783e-17,2.2222526241399976e-07,3.5675466401127524e-05,4.278156105923731e-05,1.3439609433157682e-10
1358,5.188991597515624e-16,4.274097125803175e-05,2.7755575615628914e-17,2.2046098224759447e-07,3.559800427488459e-05,4.2740971258031745e-05,1.3371533332382272e-10
1359,5.387400595080472e-16,4.269761441993935e-05,1.249000902703301e-16,2.1869877020463946e-07,3.552039488428242e-05,4.2697614419939346e-05,1.3303359672174152e-10
1360,5.576593874179192e-16,4.265173158966131e-05,6.938893903907228e-17,2.1693953500268037e-07,3.5443221954730914e-05,4.265173158966131e-05,1.3235108397604414e-10
1361,6.938893903907228e-18,4.260646099981362e-05,2.7755575615628914e-17,2.1518440107559655e-07,3.5364900023808976e-05,4.260646099981362e-05,1.316679389375775e-10
1362,2.585822181377928e-17,4.2564091318750516e-05,1.5265566588595902e-16,2.1343378930893664e-07,3.528755703208197e-05,4.256409131875051e-05,1.309843266857505e-10
1363,5.057803134644878e-17,4.251519633988968e-05,1.1102230246251565e-16,2.1168875063981574e-07,3.5214507883182686e-05,4.251519633988967e-05,1.3030034592798422e-10
1364,7.453889935837843e-17,4.2464578834749573e-05,1.1102230246251565e-16,2.0995014748947938e-07,3.5141086052164886e-05,4.2464578834749573e-05,1.2961611981217106e-10
1365,9.752398541507112e-17,4.241071455366547e-05,0.0,2.082187975371852e-07,3.506638703008165e-05,4.241071455366549e-05,1.2893179004387702e-10
1366,1.1931644908202976e-16,4.235932425880684e-05,5.551115123125783e-17,2.064954988112433e-07,3.4993183138151496e-05,4.2359324258806856e-05,1.2824753112953796e-10
1367,1.3975366003338152e-16,4.230361994500458e-05,1.5265566588595902e-16,2.0478103035515005e-07,3.492673815429993e-05,4.230361994500458e-05,1.2756355206432806e-10
1368,1.5986561033298763e-16,4.22471849644375e-05,9.71445146547012e-17,2.030761516724766e-07,3.4862848673012324e-05,4.22471849644375e-05,1.2688010809009565e-10
1369,1.7889335846010823e-16,4.2187169311564505e-05,5.551115123125783e-17,2.0138160128357896e-07,3.479814406972913e-05,4.2187169311564505e-05,1.2619749351116278e-10
1370,1.9705374484924043e-16,4.2124490286788496e-05,6.938893903907228e-17,1.9969809761377633e-07,3.473076298530909e-05,4.2124490286788496e-05,1.2551605161830988e-10
1371,2.1407571895726285e-16,4.2061638614607094e-05,1.249000902703301e-16,1.9802655648604173e-07,3.466330436761796e-05,4.206163861460708e-05,1.2483615418963299e-10
1372,2.303387515445454e-16,4.199930741860628e-05,4.163336342344337e-17,1.963672047189391e-07,3.459780761662563e-05,4.199930741860628e-05,1.2415820581909777e-10
1373,2.4540916174209393e-16,4.1937981642626535e-05,1.3877787807814457e-17,1.9472093093497733e-07,3.453273481511136e-05,4.1937981642626535e-05,1.2348262386483552e-10
1374,2.599374708533997e-16,4.187131820884962e-05,1.3877787807814457e-17,1.930883692935481e-07,3.4465180150987826e-05,4.187131820884963e-05,1.228098230934773e-10
1375,2.7381525866121414e-16,4.180418272098337e-05,6.938893903907228e-17,1.914701313054934e-07,3.43940005164062e-05,4.1804182720983365e-05,1.2214021213882693e-10
1376,2.867714746224159e-16,4.173456188044022e-05,1.1102230246251565e-16,1.898668080535515e-07,3.4319775179394986e-05,4.173456188044023e-05,1.2147418183238187e-10
1377,2.990229591715021e-16,4.166757737787028e-05,1.3877787807814457e-17,1.8827896908213404e-07,3.4250054082122e-05,4.166757737787028e-05,1.208120976476091e-10
1378,3.1078655274296985e-16,4.159860353609986e-05,9.71445146547012e-17,1.8670716150914757e-07,3.418222761005859e-05,4.159860353609985e-05,1.2015428219907101e-10
1379,3.213575239247035e-16,4.152903160073828e-05,8.326672684688674e-17,1.8515191080314963e-07,3.4113539971465575e-05,4.152903160073828e-05,1.1950102676185486e-10
1380,3.3133218391157016e-16,4.145618337619485e-05,8.326672684688674e-17,1.8361372111641572e-07,3.404126130335117e-05,4.145618337619485e-05,1.188525884056406e-10
1381,6.938893903907228e-18,4.138157205648448e-05,1.6653345369377348e-16,1.8209323704443392e-07,3.39650595094415e-05,4.138157205648448e-05,1.1820917005565447e-10
1382,1.5233040523421337e-17,4.1308015047217377e-05,9.71445146547012e-17,1.8059060302721974e-07,3.389208221842341e-05,4.130801504721737e-05,1.1757098088099004e-10
1383,2.992397996059992e-17,4.123673751879826e-05,5.551115123125783e-17,1.7910639338314382e-07,3.38188955885461e-05,4.123673751879825e-05,1.1693816354495563e-10
1384,4.33138767907959e-17,4.116466419204231e-05,1.3877787807814457e-16,1.7764104087714117e-07,3.3741422718287214e-05,4.116466419204232e-05,1.1631085166852528e-10
1385,5.659535340374333e-17,4.1087458254143096e-05,0.0,1.761949396383855e-07,3.365894927765604e-05,4.1087458254143096e-05,1.156891661562335e-10
1386,6.890104806145381e-17,4.101106510327057e-05,4.163336342344337e-17,1.747684615915901e-07,3.357331695307831e-05,4.101106510327057e-05,1.1507321424273264e-10
1387,8.104411239329146e-17,4.093484575163157e-05,2.7755575615628914e-17,1.7336195801131993e-07,3.3490789315380044e-05,4.093484575163157e-05,1.1446309620707508e-10
1388,9.226560487851643e-17,4.086000700771013e-05,5.551115123125783e-17,1.719757579676795e-07,3.341006825188632e-05,4.0860007007710125e-05,1.1385892148413642e-10
1389,1.0332446703786857e-16,4.078465032476979e-05,1.3877787807814457e-16,1.7061016910346893e-07,3.3326367947105793e-05,4.0784650324769785e-05,1.1326079473193315e-10
1390,1.1346175735060804e-16,4.070798299672043e-05,0.0,1.6926547741213938e-07,3.324098712644526e-05,4.070798299672043e-05,1.1266882688169721e-10
1391,1.2305694657710475e-16,4.0627951151424795e-05,1.249000902703301e-16,1.6794210033754808e-07,3.315264782236307e-05,4.0627951151424795e-05,1.1208313000726341e-10
1392,1.3243529536910437e-16,4.0546512703564324e-05,1.249000902703301e-16,1.6663997060017977e-07,3.30612542266797e-05,4.0546512703564324e-05,1.115038314339427e-10
1393,1.4116312285761268e-16,4.046705679346524e-05,9.71445146547012e-17,1.6535947222617864e-07,3.297463228020089e-05,4.046705679346524e-05,1.1093105549325515e-10
1394,1.4934884925987824e-16,4.038462404526654e-05,6.938893903907228e-17,1.6410080661000137e-07,3.2889037598735184e-05,4.038462404526653e-05,1.1036492592337581e-10
1395,1.571008947931496e-16,4.029864279551882e-05,1.3877787807814457e-17,1.628641562723132e-07,3.279740709272473e-05,4.029864279551882e-05,1.0980556440953303e-10
1396,1.647445201091724e-16,4.021062014249641e-05,4.163336342344337e-17,1.6164968208443042e-07,3.270262631728428e-05,4.021062014249641e-05,1.0925309330658324e-10
1397,1.7206288477344955e-16,4.0123716418579424e-05,6.938893903907228e-17,1.6045752659898938e-07,3.2608615920590934e-05,4.0123716418579424e-05,1.087076194311923e-10
1398,1.7845967759111403e-16,4.0032854698359625e-05,2.7755575615628914e-17,1.593941498789775e-07,3.2519948716234524e-05,4.003285469835962e-05,1.0816924291805827e-10
1399,1.8800065670898647e-16,3.9937005888046284e-05,1.249000902703301e-16,1.5863346336519868e-07,3.242687834111808e-05,3.993700588804629e-05,1.0763804922964162e-10
1400,1.9927635930283571e-16,3.983783245904428e-05,4.163336342344337e-17,1.5788468754607266e-07,3.233154323529988e-05,3.983783245904428e-05,1.0711410901467229e-10
1401,6.938893903907228e-18,3.9736209306014924e-05,8.326672684688674e-17,1.571479794071351e-07,3.22375784720829e-05,3.973620930601492e-05,1.065974649415329e-10
1402,9.974659986866641e-18,3.962884738379804e-05,2.7755575615628914e-17,1.56423104025194e-07,3.2142900238881384e-05,3.962884738379803e-05,1.0608817338768571e-10
1403,1.9949319973733282e-17,3.9516874784179094e-05,9.71445146547012e-17,1.557102212723649e-07,3.204728034038737e-05,3.9516874784179094e-05,1.0558624261190578e-10
1404,3.0574501264091225e-17,3.940285535770364e-05,1.3877787807814457e-16,1.5500932326606431e-07,3.1955464924746415e-05,3.9402855357703645e-05,1.0509167165845577e-10
1405,4.0766001685454967e-17,3.928604694420645e-05,1.3877787807814457e-17,1.543204068976678e-07,3.186188507314927e-05,3.928604694420645e-05,1.0460444166304045e-10
1406,5.095750210681871e-17,3.916360638842328e-05,2.7755575615628914e-17,1.5364345873347673e-07,3.1762988669122494e-05,3.916360638842328e-05,1.0412451795457957e-10
1407,6.114900252818245e-17,3.903661144429697e-05,9.71445146547012e-17,1.529784587894767e-07,3.1663287549365624e-05,3.903661144429698e-05,1.0365185139899639e-10
1408,7.177418381854039e-17,3.890736080664775e-05,2.7755575615628914e-17,1.523253768676014e-07,3.157196555153056e-05,3.8907360806647755e-05,1.0318637447836548e-10
1409,8.196568423990414e-17,3.8773616030541685e-05,8.326672684688674e-17,1.5168417610844642e-07,3.148265825602035e-05,3.877361603054169e-05,1.027280088329522e-10
1410,9.259086553026208e-17,3.8634565223902414e-05,2.7755575615628914e-17,1.5105481010468935e-07,3.1387697086145835e-05,3.8634565223902414e-05,1.0227667062120408e-10
1411,1.0299920638612292e-16,3.849227153809676e-05,8.326672684688674e-17,1.5043733281316918e-07,3.1291818558305416e-05,3.849227153809676e-05,1.0183225164539966e-10
1412,1.1340754724198376e-16,3.834848917804674e-05,1.1102230246251565e-16,1.498314697867542e-07,3.119746875288638e-05,3.834848917804675e-05,1.0139465560893037e-10
1413,1.240327285323417e-16,3.819841444591528e-05,5.551115123125783e-17,1.4923725755178197e-07,3.110545443202652e-05,3.819841444591528e-05,1.0096376906764788e-10
1414,1.3465790982269965e-16,3.8043528572001e-05,5.551115123125783e-17,1.4865462050206446e-07,3.101626192192991e-05,3.8043528572001e-05,1.0053946996746063e-10
1415,1.452830911130576e-16,3.78865252806827e-05,8.326672684688674e-17,1.4808347592598636e-07,3.092886414889384e-05,3.78865252806827e-05,1.0012163476858078e-10
1416,1.5547459153442134e-16,3.7727194277300464e-05,5.551115123125783e-17,1.4752373378446038e-07,3.083767658367062e-05,3.772719427730048e-05,9.971013730739164e-11
1417,1.6631661325927638e-16,3.756250435231737e-05,2.7755575615628914e-17,1.4697529804319487e-07,3.0744555202358625e-05,3.756250435231737e-05,9.930484673825772e-11
1418,1.7694179454963432e-16,3.739349407458868e-05,6.938893903907228e-17,1.4643806611758237e-07,3.065596249932679e-05,3.739349407458868e-05,9.890562974906332e-11
1419,1.8756697583999227e-16,3.7223128033855435e-05,1.1102230246251565e-16,1.4591192931678876e-07,3.0573210215931915e-05,3.722312803385543e-05,9.85123535017859e-11
1420,1.984089975648473e-16,3.7049135413100374e-05,6.938893903907228e-17,1.453967730657979e-07,3.048941886732681e-05,3.7049135413100374e-05,9.812487714888386e-11
1421,6.938893903907228e-18,3.68703854855738e-05,0.0,1.44892579823086e-07,3.040101490525754e-05,3.687038548557379e-05,9.774305651324506e-11
1422,9.974659986866641e-18,3.6688300494819876e-05,6.938893903907228e-17,1.4439900908325143e-07,3.0316730216691553e-05,3.6688300494819876e-05,9.736676835396603e-11
1423,2.0166160408230382e-17,3.650612961015335e-05,5.551115123125783e-17,1.4391605052122003e-07,3.0235092349524374e-05,3.6506129610153345e-05,9.69958657944633e-11
1424,3.0140820395097023e-17,3.631836673393452e-05,1.3877787807814457e-16,1.4344355769857486e-07,3.015517171301705e-05,3.631836673393453e-05,9.663020976522541e-11
1425,4.0115480381963664e-17,3.6126163003908175e-05,2.7755575615628914e-17,1.429813892839249e-07,3.0076153162961434e-05,3.612616300390818e-05,9.626965730396381e-11
1426,5.0523821237824507e-17,3.593295901374733e-05,2.7755575615628914e-17,1.425294001711208e-07,2.9998700571757242e-05,3.593295901374733e-05,9.591406988371317e-11
1427,6.028164079019405e-17,3.573811135183506e-05,6.938893903907228e-17,1.4208744003596507e-07,2.9919365657212296e-05,3.573811135183506e-05,9.556330002967187e-11
1428,7.047314121155779e-17,3.553905350660765e-05,5.551115123125783e-17,1.4165535511256877e-07,2.9841623626176183e-05,3.5539053506607646e-05,9.521720730589341e-11
1429,8.044780119842443e-17,3.533632319540963e-05,0.0,1.412329878602847e-07,2.9767687893415334e-05,3.533632319540963e-05,9.487565209476527e-11
1430,9.042246118529107e-17,3.513295025964866e-05,5.551115123125783e-17,1.408201761865513e-07,2.969271244860375e-05,3.513295025964866e-05,9.453849324427532e-11
1431,1.0061396160665481e-16,3.492687697531434e-05,6.938893903907228e-17,1.404168470386935e-07,2.961980541095834e-05,3.4926876975314346e-05,9.42055855140398e-11
1432,1.1037178115902435e-16,3.471708559076355e-05,8.326672684688674e-17,1.4002264958623556e-07,2.9546188830471372e-05,3.471708559076355e-05,9.387679798778207e-11
1433,1.205632815803881e-16,3.450437472994552e-05,6.938893903907228e-17,1.3963750267187436e-07,2.9473630019815235e-05,3.4504374729945526e-05,9.355198900828263e-11
1434,1.3032110113275763e-16,3.42927658488338e-05,2.7755575615628914e-17,1.3926123221263964e-07,2.940252531085491e-05,3.42927658488338e-05,9.323102654748913e-11
1435,1.4029576111962427e-16,3.407724624182516e-05,9.71445146547012e-17,1.388936620161374e-07,2.933392621844791e-05,3.407724624182517e-05,9.29137773216987e-11
1436,1.5005358067199381e-16,3.385790159815952e-05,8.326672684688674e-17,1.3853461244828225e-07,2.926409822808167e-05,3.385790159815952e-05,9.260011083322677e-11
1437,1.5981140022436335e-16,3.363923528370353e-05,9.71445146547012e-17,1.3818390309783268e-07,2.9195454849291174e-05,3.363923528370353e-05,9.228990468340532e-11
1438,1.700029006457271e-16,3.341977879560919e-05,8.326672684688674e-17,1.3784135100003425e-07,2.9125791306398214e-05,3.341977879560919e-05,9.198303275721373e-11
1439,1.7954387976359953e-16,3.319797738594697e-05,2.7755575615628914e-17,1.3750677119173105e-07,2.9057365124905757e-05,3.3197977385946964e-05,9.167937603725681e-11
1440,1.8908485888147197e-16,3.297343642304383e-05,5.551115123125783e-17,1.3717997782158875e-07,2.898845622469992e-05,3.297343642304383e-05,9.13788246041214e-11
1441,6.938893903907228e-18,3.274922965501513e-05,2.7755575615628914e-17,1.368608734120258e-07,2.8918979216353775e-05,3.274922965501513e-05,9.10812640428854e-11
1442,9.75781955236954e-18,3.252393174368442e-05,2.220446049250313e-16,1.3654908292970447e-07,2.8849207014556994e-05,3.252393174368442e-05,9.078660050789146e-11
1443,1.929879867024198e-17,3.2296265927826855e-05,2.7755575615628914e-17,1.3624452110949647e-07,2.8778857042891244e-05,3.2296265927826855e-05,9.04947338333906e-11
1444,2.883977778811442e-17,3.206649095320672e-05,9.71445146547012e-17,1.359469889994358e-07,2.8709920497958438e-05,3.206649095320672e-05,9.020556691755675e-11
1445,3.859759734048396e-17,3.183930532583913e-05,2.7755575615628914e-17,1.3565629619627373e-07,2.8642067404335092e-05,3.183930532583912e-05,8.99190165047033e-11
1446,4.7921736023859296e-17,3.1610221293404104e-05,8.326672684688674e-17,1.3537225207471693e-07,2.8571268971839516e-05,3.1610221293404104e-05,8.96350000019564e-11
1447,5.746271514173174e-17,3.137816072257244e-05,1.3877787807814457e-16,1.3509466523231595e-07,2.849815912429239e-05,3.137816072257245e-05,8.935344340189579e-11
1448,6.678685382510707e-17,3.1148094582938236e-05,2.7755575615628914e-17,1.3482334482173286e-07,2.8422942382296273e-05,3.1148094582938236e-05,8.907427642274996e-11
1449,7.611099250848241e-17,3.091785451173122e-05,9.71445146547012e-17,1.3455809988460743e-07,2.8348474507919614e-05,3.091785451173122e-05,8.879743293243107e-11
1450,8.586881206085195e-17,3.068719055332303e-05,1.1102230246251565e-16,1.3429874012871323e-07,2.8272766280521064e-05,3.068719055332303e-05,8.852285745901517e-11
1451,9.497611030973019e-17,3.0455012162122653e-05,1.3877787807814457e-16,1.3404515764037228e-07,2.8192610099406668e-05,3.045501216212266e-05,8.825048839195659e-11
1452,1.0430024899310553e-16,3.0223919589124438e-05,2.7755575615628914e-17,1.3379699992377425e-07,2.8111297892867657e-05,3.022391958912444e-05,8.798028971495025e-11
1453,1.1340754724198376e-16,2.9993861195179384e-05,5.551115123125783e-17,1.3355415939830806e-07,2.803083500925561e-05,2.9993861195179384e-05,8.771221539052014e-11
1454,1.222980050563649e-16,2.976311810123657e-05,1.1102230246251565e-16,1.3331644799219333e-07,2.795188872863102e-05,2.976311810123657e-05,8.744622758590927e-11
1455,1.3162214373974024e-16,2.9531820551556324e-05,9.71445146547012e-17,1.3308368007614035e-07,2.7872261381292248e-05,2.953182055155632e-05,8.718229175684406e-11
1456,1.4051260155412137e-16,2.9303656314619927e-05,0.0,1.328556701318817e-07,2.779121830821019e-05,2.9303656314619917e-05,8.692038300566013e-11
1457,1.496198998029996e-16,2.9075550731270892e-05,0.0,1.3263223508364064e-07,2.770626709602133e-05,2.9075550731270892e-05,8.666047692285576e-11
1458,1.5851035761738075e-16,2.8845966540919646e-05,5.551115123125783e-17,1.324131928548411e-07,2.761885161764714e-05,2.8845966540919653e-05,8.64025541839821e-11
1459,1.6718397499726478e-16,2.8619356124375616e-05,0.0,1.321983630342416e-07,2.7529324869801125e-05,2.8619356124375613e-05,8.614659790638258e-11
1460,1.7585759237714882e-16,2.8393642828916627e-05,1.5265566588595902e-16,1.3198756709797976e-07,2.744107231535095e-05,2.839364282891663e-05,8.589260023849193e-11
1461,6.938893903907228e-18,2.816934459141992e-05,1.1102230246251565e-16,1.317807102330093e-07,2.7346884508215686e-05,2.8169344591419917e-05,8.56405429168113e-11
1462,9.107298248878237e-18,2.7945216955554787e-05,4.163336342344337e-17,1.315774489363264e-07,2.724777510668291e-05,2.7945216955554787e-05,8.539043726987787e-11
1463,1.7997756063259374e-17,2.772275807911021e-05,6.938893903907228e-17,1.3137770416005168e-07,2.7149174971047566e-05,2.772275807911021e-05,8.514227775821061e-11
1464,2.688821387764051e-17,2.7502578958684805e-05,1.3877787807814457e-17,1.3118129871259043e-07,2.705041245960017e-05,2.750257895868481e-05,8.489606610734928e-11
1465,3.5778671692021646e-17,2.7283162034713822e-05,6.938893903907228e-17,1.3098806395106521e-07,2.6950355063037573e-05,2.7283162034713822e-05,8.465180677751884e-11
1466,4.445228907190568e-17,2.7064496814712657e-05,6.938893903907228e-17,1.3079783489633456e-07,2.684729331877521e-05,2.7064496814712657e-05,8.440950724471072e-11
1467,5.334274688628682e-17,2.6849411427532857e-05,1.1102230246251565e-16,1.3061044845663616e-07,2.6739838447154075e-05,2.6849411427532857e-05,8.416917791041034e-11
1468,6.179952383167375e-17,2.66363163083797e-05,4.163336342344337e-17,1.3042574409372065e-07,2.6629862363847167e-05,2.6636316308379703e-05,8.393083228882831e-11
1469,7.025630077706069e-17,2.651664724163229e-05,1.3877787807814457e-17,1.3024356426694084e-07,2.651664724163229e-05,2.6423718618863276e-05,8.369448292466878e-11
1470,7.892991815694472e-17,2.640457248653193e-05,5.551115123125783e-17,1.3006375354507327e-07,2.640457248653193e-05,2.6214479890808396e-05,8.346014878278762e-11
1471,8.760353553682876e-17,2.629048593867925e-05,2.7755575615628914e-17,1.2988623532272925e-07,2.629048593867925e-05,2.6006882671490045e-05,8.322783829434713e-11
1472,9.606031248221569e-17,2.6170688332980582e-05,1.3877787807814457e-17,1.2971071028378134e-07,2.6170688332980582e-05,2.5801991462285775e-05,8.299758068633446e-11
1473,1.0386656812411132e-16,2.6047491978664815e-05,4.163336342344337e-17,1.2953710548657682e-07,2.6047491978664815e-05,2.5598986071776154e-05,8.276939138972483e-11
1474,1.1210650463500116e-16,2.5924790130636762e-05,4.163336342344337e-17,1.293652770462117e-07,2.592479013063676e-05,2.5398281920800784e-05,8.254329027561104e-11
1475,1.20346441145891e-16,2.580171817017806e-05,8.326672684688674e-17,1.2919508440845107e-07,2.5801718170178064e-05,2.5200541179642023e-05,8.231930085628955e-11
1476,1.2815269678778662e-16,2.5676953649916705e-05,0.0,1.2902638979461756e-07,2.5676953649916708e-05,2.5004963807597872e-05,8.209744051105528e-11
1477,1.3617579286417936e-16,2.554852102065511e-05,1.1102230246251565e-16,1.288590590897698e-07,2.5548521020655107e-05,2.481114713984208e-05,8.187773094111094e-11
1478,1.441988889405721e-16,2.541729711583833e-05,5.551115123125783e-17,1.2869296062145708e-07,2.5417297115838332e-05,2.4621545396185615e-05,8.166019356914481e-11
1479,1.5200514458246772e-16,2.528345422257432e-05,5.551115123125783e-17,1.2852796582585313e-07,2.528345422257432e-05,2.4434515796039377e-05,8.144485060285819e-11
1480,1.5959455978986625e-16,2.5148892832834524e-05,1.3877787807814457e-17,1.283639500249123e-07,2.5148892832834527e-05,2.4249638323591817e-05,8.12317195416818e-11
1481,6.938893903907228e-18,2.5016240666662535e-05,8.326672684688674e-17,1.2820086658926755e-07,2.5016240666662535e-05,2.406848745164858e-05,8.102081462807711e-11
1482,8.239936510889834e-18,2.4880137569502223e-05,8.326672684688674e-17,1.2803844073872028e-07,2.4880137569502223e-05,2.3890095295075098e-05,8.08121646410836e-11
1483,1.6263032587282567e-17,2.4739419903627285e-05,2.7755575615628914e-17,1.2787664283031575e-07,2.473941990362728e-05,2.3715161157076608e-05,8.06057827316712e-11
1484,2.42861286636753e-17,2.4596481834763284e-05,2.7755575615628914e-17,1.277153537371234e-07,2.4596481834763284e-05,2.354342789154491e-05,8.040168464454949e-11
1485,3.209238430557093e-17,2.4454860411599983e-05,4.163336342344337e-17,1.275544643242199e-07,2.4454860411599983e-05,2.337450327528009e-05,8.019988348083201e-11
1486,4.0332320816460765e-17,2.4312505056115467e-05,6.938893903907228e-17,1.2739386867632874e-07,2.4312505056115464e-05,2.3208406481320437e-05,8.000039337157303e-11
1487,4.83554168928535e-17,2.4168818005195423e-05,1.249000902703301e-16,1.272334640978201e-07,2.4168818005195423e-05,2.304615365293717e-05,7.98032226454491e-11
1488,5.551115123125783e-17,2.402276271465708e-05,1.3877787807814457e-17,1.270731508906664e-07,2.4022762714657075e-05,2.2886294320545004e-05,7.960838199780599e-11
1489,6.331740687315346e-17,2.3874867617307563e-05,4.163336342344337e-17,1.2691283279853138e-07,2.387486761730756e-05,2.273133825367524e-05,7.941587726331563e-11
1490,7.090682208055199e-17,2.3725154976290292e-05,6.938893903907228e-17,1.267524167847256e-07,2.3725154976290296e-05,2.257922815170096e-05,7.922571451838528e-11
1491,7.849623728795052e-17,2.3577391939801586e-05,5.551115123125783e-17,1.265918830872792e-07,2.357739193980159e-05,2.242998973381579e-05,7.903789161942586e-11
1492,8.565197162635485e-17,2.3430013285769746e-05,5.551115123125783e-17,1.2643100555376208e-07,2.3430013285769746e-05,2.2284821747007007e-05,7.88524150656505e-11
1493,9.302454639925628e-17,2.3280731258554856e-05,6.938893903907228e-17,1.2626976819696267e-07,2.328073125855486e-05,2.2143367520075707e-05,7.866928145936496e-11
1494,1.0039712117215771e-16,2.3128445817410203e-05,1.3877787807814457e-16,1.261080905257117e-07,2.3128445817410203e-05,2.2005134458893005e-05,7.848848265076683e-11
1495,1.0733601507606494e-16,2.2975226429483696e-05,0.0,1.2594589526848665e-07,2.2975226429483696e-05,2.1871354565541354e-05,7.831001382672295e-11
1496,1.1470858984896637e-16,2.2824257215957647e-05,1.3877787807814457e-17,1.2578310770727796e-07,2.282425721595765e-05,2.1740645811232364e-05,7.813386082309403e-11
1497,1.212138028838794e-16,2.2672722651877458e-05,1.3877787807814457e-16,1.2561965634372285e-07,2.2672722651877455e-05,2.1612742295213634e-05,7.796001581674155e-11
1498,1.2836953722228372e-16,2.252081869742955e-05,2.3592239273284576e-16,1.254554726770607e-07,2.252081869742955e-05,2.14893999353859e-05,7.778846050278178e-11
1499,1.3509159069169385e-16,2.2368012258809612e-05,9.71445146547012e-17,1.2529049109311075e-07,2.236801225880961e-05,2.1369604930895064e-05,7.76191778867806e-11
1500,1.4181364416110398e-16,2.2213667638644692e-05,1.3877787807814457e-17,1.251246487532498e-07,2.2213667638644692e-05,2.125428841794237e-05,7.745214518446038e-11
1501,6.938893903907228e-18,2.2059286868968325e-05,4.163336342344337e-17,1.249579567597081e-07,2.205928686896832e-05,2.1141032167360585e-05,7.728733135602791e-11
1502,7.15573433840433e-18,2.1908808523566638e-05,5.551115123125783e-17,1.247902129408729e-07,2.1908808523566638e-05,2.1031709496142446e-05,7.712472535813743e-11
1503,1.452830911130576e-17,2.1758827875863306e-05,0.0,1.2462144172165068e-07,2.1758827875863306e-05,2.092775747556447e-05,7.696429015920834e-11
1504,2.1467203015212988e-17,2.1606811143667557e-05,4.163336342344337e-17,1.2445158670271184e-07,2.1606811143667557e-05,2.082671342117241e-05,7.680599382482938e-11
1505,2.862293735361732e-17,2.1452910826399333e-05,1.3877787807814457e-17,1.2428059836810945e-07,2.145291082639933e-05,2.0728852858337747e-05,7.664980100715715e-11
1506,3.5561831257524545e-17,2.1300523301517746e-05,1.1102230246251565e-16,1.2410843108767722e-07,2.1300523301517746e-05,2.063563928429822e-05,7.649567607016291e-11
1507,4.2500725161431774e-17,2.115098163693291e-05,1.3877787807814457e-17,1.2393504122965027e-07,2.1150981636932905e-05,2.0546557448408468e-05,7.63435769210375e-11
1508,4.92227786308419e-17,2.1000776762185913e-05,6.938893903907228e-17,1.2376038760475438e-07,2.1000776762185913e-05,2.0460069089792187e-05,7.619346542839414e-11
1509,5.594483210025203e-17,2.0850871725799637e-05,1.249000902703301e-16,1.2358443157722832e-07,2.0850871725799637e-05,2.0378030109660493e-05,7.60452932541129e-11
1510,6.266688556966216e-17,2.070160156044154e-05,6.938893903907228e-17,1.2340713750891297e-07,2.070160156044154e-05,2.029858856358889e-05,7.589901339877352e-11
1511,6.895525817007808e-17,2.0551378070829316e-05,6.938893903907228e-17,1.2332842447282388e-07,2.0551378070829316e-05,2.0221643508881607e-05,7.575457697192912e-11
1512,7.524363077049401e-17,2.0404504512701693e-05,0.0,1.2326138587592794e-07,2.0404504512701696e-05,2.0147452092048675e-05,7.561193417716529e-11
1513,8.223673478302551e-17,2.0260605883411146e-05,9.71445146547012e-17,1.2319144715444708e-07,2.0260605883411146e-05,2.0079641405506624e-05,7.547103068667778e-11
1514,8.939246912142984e-17,2.0115873845160623e-05,5.551115123125783e-17,1.231185641215049e-07,2.0115873845160623e-05,2.001351861707159e-05,7.53318132871544e-11
1515,9.654820345983417e-17,1.9970619035267714e-05,8.326672684688674e-17,1.2304269647600563e-07,1.9970619035267714e-05,1.9948583248233004e-05,7.519422475953161e-11
1516,1.032702569292443e-16,1.9886675743123003e-05,8.326672684688674e-17,1.2296380891285708e-07,1.982655440514866e-05,1.9886675743123003e-05,7.505820494484755e-11
1517,1.1042599126764863e-16,1.9827667718417516e-05,1.3877787807814457e-17,1.2288186934661383e-07,1.9685342849334194e-05,1.9827667718417516e-05,7.492369467563117e-11
1518,1.1758172560605296e-16,1.9771057165567802e-05,6.938893903907228e-17,1.2279684957761106e-07,1.95461076884812e-05,1.9771057165567806e-05,7.479063457544016e-11
1519,1.2479167005308156e-16,1.971437514820663e-05,0.0,1.2270872506991992e-07,1.940657588178749e-05,1.971437514820663e-05,7.465895991487815e-11
1520,1.3211003471735872e-16,1.966119966595407e-05,0.0,1.2261747550645907e-07,1.926846019313829e-05,1.966119966595407e-05,7.452860510628665e-11
1521,6.938893903907228e-18,1.96076955144382e-05,8.326672684688674e-17,1.22523149514997e-07,1.9131523919328125e-05,1.9607695514438205e-05,7.43995037954156e-11
1522,7.101524229780054e-18,1.9555351408103593e-05,0.0,1.2242560309960737e-07,1.8995558276582647e-05,1.9555351408103593e-05,7.427160038096706e-11
1523,1.3931997916438732e-17,1.950477479765299e-05,1.3877787807814457e-17,1.2232488311170187e-07,1.8864385137414027e-05,1.9504774797652985e-05,7.414482078383174e-11
1524,2.076247160309741e-17,1.9458192131626827e-05,1.8041124150158794e-16,1.2222098733083442e-07,1.8734167954522784e-05,1.9458192131626827e-05,7.40190993392879e-11
1525,2.7592945289756088e-17,1.9412010525525723e-05,1.6653345369377348e-16,1.221139103169122e-07,1.8603044403334997e-05,1.9412010525525726e-05,7.38943684059263e-11
1526,3.507394027990607e-17,1.9364808385880784e-05,5.551115123125783e-17,1.2200364951642229e-07,1.847278449668724e-05,1.9364808385880784e-05,7.377056102561541e-11
1527,4.1687573532067645e-17,1.9319169581736677e-05,1.249000902703301e-16,1.2189020570652076e-07,1.8346911457782733e-05,1.9319169581736673e-05,7.364760961572029e-11
1528,4.87890977618477e-17,1.9273978412293685e-05,1.3877787807814457e-17,1.2177358110765368e-07,1.8224009847895923e-05,1.927397841229368e-05,7.352544708242616e-11
1529,5.567378155713065e-17,1.92313666434422e-05,2.7755575615628914e-17,1.2165378193707e-07,1.810149662665503e-05,1.92313666434422e-05,7.340400130129834e-11
1530,6.277530578691071e-17,1.918764825603777e-05,1.1102230246251565e-16,1.2153081541121935e-07,1.7979608781583167e-05,1.918764825603777e-05,7.328321136419276e-11
1531,6.976840979944221e-17,1.914634871112613e-05,5.551115123125783e-17,1.214047642417171e-07,1.7858971807029757e-05,1.9146348711126133e-05,7.316300535277377e-11
1532,7.686993402922226e-17,1.9104745633856767e-05,1.3877787807814457e-17,1.2127549164908658e-07,1.7741262089278105e-05,1.910474563385677e-05,7.304331693053036e-11
1533,8.402566836762659e-17,1.9062926474563756e-05,0.0,1.2114308867161583e-07,1.7626769725083866e-05,1.9062926474563756e-05,7.292408421580687e-11
1534,9.10187723801581e-17,1.9021645439385444e-05,2.7755575615628914e-17,1.210075708524272e-07,1.7515910541315202e-05,1.9021645439385444e-05,7.280523859006095e-11
1535,9.77950359581925e-17,1.898171148979641e-05,6.938893903907228e-17,1.2086895562202216e-07,1.7406188331639037e-05,1.8981711489796414e-05,7.268671703211352e-11
1536,1.0511340062246965e-16,1.8941752288107138e-05,1.3877787807814457e-17,1.2072726229828135e-07,1.7295453484734068e-05,1.8941752288107138e-05,7.256845772893778e-11
1537,1.1167282376600696e-16,1.8901398206375528e-05,2.7755575615628914e-17,1.2058251175339763e-07,1.718843961935726e-05,1.8901398206375528e-05,7.245039719058808e-11
1538,1.1893697832165984e-16,1.8861143080585643e-05,5.551115123125783e-17,1.204347265248984e-07,1.7086312122155262e-05,1.8861143080585643e-05,7.233247532921903e-11
1539,1.2565903179106996e-16,1.8820564483768308e-05,0.0,1.2028393014951178e-07,1.6985055815690873e-05,1.8820564483768315e-05,7.22146318347053e-11
1540,1.3254371558635292e-16,1.8782044407082443e-05,2.7755575615628914e-17,1.2013014816236733e-07,1.6884235157593206e-05,1.8782044407082443e-05,7.209680911739332e-11
1541,6.938893903907228e-18,1.874181498682454e-05,6.938893903907228e-17,1.1997347115766388e-07,1.6785925951239833e-05,1.8741814986824543e-05,7.197894576515729e-11
1542,7.047314121155779e-18,1.870221064452624e-05,2.7755575615628914e-17,1.1981380088066373e-07,1.668917425180456e-05,1.870221064452624e-05,7.186099973862463e-11
1543,1.3931997916438732e-17,1.866174813563589e-05,4.163336342344337e-17,1.1965122170831677e-07,1.6594635845884202e-05,1.866174813563589e-05,7.174290772754827e-11
1544,2.1033522146218786e-17,1.862026402510353e-05,6.938893903907228e-17,1.1948576827958135e-07,1.6505303611577318e-05,1.8620264025103526e-05,7.162462044004372e-11
1545,2.7538735181131813e-17,1.8578591205810318e-05,4.163336342344337e-17,1.1931747112559066e-07,1.6417601235584528e-05,1.8578591205810318e-05,7.150608809354689e-11
1546,3.4206578541917665e-17,1.8538540187873664e-05,5.551115123125783e-17,1.1914636122156708e-07,1.6331134031669894e-05,1.8538540187873664e-05,7.138726351995636e-11
1547,4.1253892663073444e-17,1.84978046222489e-05,0.0,1.1897247009784451e-07,1.624586623039216e-05,1.8497804622248897e-05,7.126810034871438e-11
1548,4.8030156241107846e-17,1.845541885861417e-05,5.551115123125783e-17,1.1879583039497987e-07,1.6164629452129037e-05,1.8455418858614173e-05,7.114855390296156e-11
1549,5.4969050145015075e-17,1.8412674250344358e-05,0.0,1.186164748645524e-07,1.6087462602089244e-05,1.8412674250344358e-05,7.102858279128578e-11
1550,6.179952383167375e-17,1.836977900885245e-05,6.938893903907228e-17,1.1843443725734204e-07,1.6011154792433997e-05,1.8369779008852447e-05,7.090814942214036e-11
1551,6.82505267579625e-17,1.8328479719185448e-05,8.326672684688674e-17,1.1824982093511238e-07,1.5936117161025518e-05,1.8328479719185448e-05,7.078721292120179e-11
1552,7.497258022737263e-17,1.828531214185058e-05,1.249000902703301e-16,1.180625167629401e-07,1.5862298198347845e-05,1.828531214185058e-05,7.066573863361e-11
1553,8.196568423990414e-17,1.8242621161087748e-05,4.163336342344337e-17,1.1787263365370393e-07,1.5790063806014993e-05,1.824262116108775e-05,7.054369647022776e-11
1554,8.863352760068999e-17,1.819905934349095e-05,1.1102230246251565e-16,1.1768020635738452e-07,1.572071586998578e-05,1.819905934349095e-05,7.042104828871162e-11
1555,9.519295074422729e-17,1.8154153235736162e-05,1.3877787807814457e-16,1.1748526917987334e-07,1.5654647410014737e-05,1.8154153235736162e-05,7.02977722390646e-11
1556,1.0158974356189177e-16,1.810929542287646e-05,6.938893903907228e-17,1.1728785687115106e-07,1.5589292287476536e-05,1.810929542287646e-05,7.017383631092347e-11
1557,1.0858284757442327e-16,1.8065937576332443e-05,1.1102230246251565e-16,1.1708800506937678e-07,1.552748077120723e-05,1.8065937576332443e-05,7.004921593266215e-11
1558,1.1514227071796057e-16,1.8022170388902296e-05,1.1102230246251565e-16,1.1688574863555345e-07,1.546673760408076e-05,1.8022170388902296e-05,6.992389086045519e-11
1559,1.2159327364424932e-16,1.797699678887131e-05,4.163336342344337e-17,1.1668112243068407e-07,1.5409176519320402e-05,1.7976996788871308e-05,6.97978404708034e-11
1560,1.2809848667916235e-16,1.7931721496076095e-05,5.551115123125783e-17,1.1647416198190541e-07,1.5354313045129335e-05,1.793172149607609e-05,6.96710436837747e-11
1561,6.938893903907228e-18,1.7886675149254928e-05,6.938893903907228e-17,1.1626496332350911e-07,1.530051716784622e-05,1.788667514925492e-05,6.954348046863516e-11
1562,6.938893903907228e-18,1.78429942513256e-05,1.3877787807814457e-17,1.160534424116122e-07,1.5248294285345025e-05,1.78429942513256e-05,6.941514857783592e-11
1563,1.3227266504323154e-17,1.779794486369807e-05,1.249000902703301e-16,1.158396858436106e-07,1.5197129375246109e-05,1.7797944863698065e-05,6.928602799303112e-11
1564,1.9949319973733282e-17,1.775368604276054e-05,1.3877787807814457e-17,1.1562373447571161e-07,1.51471518756337e-05,1.775368604276054e-05,6.91561081098312e-11
1565,2.6183482465524932e-17,1.7708458211766873e-05,8.326672684688674e-17,1.154056220586952e-07,1.5098753538298234e-05,1.7708458211766873e-05,6.902538400711783e-11
1566,3.290553593493506e-17,1.766256704456683e-05,8.326672684688674e-17,1.1518538267640821e-07,1.5053185640384707e-05,1.7662567044566827e-05,6.889384609062138e-11
1567,3.9085488318102435e-17,1.7617220616027824e-05,1.3877787807814457e-17,1.149630501906529e-07,1.500972551027301e-05,1.761722061602782e-05,6.876148831223701e-11
1568,4.559070135301546e-17,1.757382574871488e-05,1.3877787807814457e-17,1.1473865801914229e-07,1.4968167486526909e-05,1.757382574871488e-05,6.862831221936559e-11
1569,5.198749417067994e-17,1.7530074013795313e-05,1.3877787807814457e-17,1.1451223913550024e-07,1.4926766906498929e-05,1.7530074013795313e-05,6.849431496330866e-11
1570,5.833007687972014e-17,1.7485294774464975e-05,9.71445146547012e-17,1.1428382651335056e-07,1.488705927962401e-05,1.7485294774464972e-05,6.835949580078838e-11
1571,6.472686969738461e-17,1.744090610148477e-05,4.163336342344337e-17,1.1405351829640864e-07,1.485029505280374e-05,1.744090610148477e-05,6.822385579014698e-11
1572,7.112366251504909e-17,1.7396945871614862e-05,4.163336342344337e-17,1.1382121112291088e-07,1.4814379484702748e-05,1.7396945871614866e-05,6.808739943433178e-11
1573,7.735782500684074e-17,1.73547586143661e-05,1.249000902703301e-16,1.1358700724439785e-07,1.4779159053045669e-05,1.7354758614366096e-05,6.795013526719015e-11
1574,8.364619760725667e-17,1.731178670276755e-05,2.7755575615628914e-17,1.1335093741404734e-07,1.4744917677620478e-05,1.731178670276755e-05,6.781206938326118e-11
1575,8.966351966455122e-17,1.7269998500174307e-05,0.0,1.1311303216299251e-07,1.471054344638134e-05,1.7269998500174307e-05,6.767321010712655e-11
1576,9.600610237359142e-17,1.7227515365314334e-05,6.938893903907228e-17,1.1287332213338885e-07,1.4678085953276944e-05,1.7227515365314334e-05,6.75335604983469e-11
1577,1.0180658399638887e-16,1.7185064262194902e-05,2.7755575615628914e-17,1.1263183674614652e-07,1.464767387184374e-05,1.7185064262194906e-05,6.73931380903076e-11
1578,1.0804074648818052e-16,1.7143481695449663e-05,1.942890293094024e-16,1.1238860597728717e-07,1.4617665443285728e-05,1.7143481695449663e-05,6.72519516860071e-11
1579,1.1389543821960224e-16,1.7104202530026652e-05,4.163336342344337e-17,1.1214365858158715e-07,1.4588235299654603e-05,1.710420253002665e-05,6.711001650809057e-11
1580,1.201296007113939e-16,1.7064939447967364e-05,2.7755575615628914e-17,1.11897023757912e-07,1.4558470799789414e-05,1.7064939447967364e-05,6.696734228345463e-11
1581,6.938893903907228e-18,1.702504405691817e-05,8.326672684688674e-17,1.1164878588321159e-07,1.4529746063384317e-05,1.702504405691817e-05,6.682394177597187e-11
1582,6.938893903907228e-18,1.6986142365402978e-05,1.3877787807814457e-16,1.1139886313404901e-07,1.450170071205104e-05,1.6986142365402978e-05,6.667983959785064e-11
1583,1.22514845490862e-17,1.6947795495179032e-05,1.1102230246251565e-16,1.1114733078354533e-07,1.4473200707643642e-05,1.694779549517903e-05,6.653504770954958e-11
1584,1.8323016715005025e-17,1.691163294454959e-05,6.938893903907228e-17,1.1089422169430208e-07,1.4445634305402089e-05,1.6911632944549597e-05,6.63895810624067e-11
1585,2.4231918555051024e-17,1.6875285881157956e-05,9.71445146547012e-17,1.1063956217860493e-07,1.441786192168978e-05,1.6875285881157956e-05,6.624345932210256e-11
1586,3.003240017784847e-17,1.684032727711102e-05,6.938893903907228e-17,1.1038337821567268e-07,1.438876521859984e-05,1.684032727711102e-05,6.609669863364552e-11
1587,3.615814245239157e-17,1.6804877939087603e-05,0.0,1.101256962288133e-07,1.4361101020410961e-05,1.6804877939087606e-05,6.594931406261445e-11
1588,4.217546450968612e-17,1.6770077103508244e-05,0.0,1.0986654097600024e-07,1.4333101953215186e-05,1.6770077103508244e-05,6.58013337679438e-11
1589,4.8138576458356397e-17,1.6736554484666526e-05,6.938893903907228e-17,1.0960593788134076e-07,1.4303742753638805e-05,1.6736554484666522e-05,6.56527706515333e-11
1590,5.377642775528102e-17,1.670546449371203e-05,0.0,1.0934391159178602e-07,1.4275780712063965e-05,1.670546449371203e-05,6.55036456245094e-11
1591,5.957690937807847e-17,1.667480882436283e-05,9.71445146547012e-17,1.090805471504197e-07,1.4247320133580822e-05,1.667480882436283e-05,6.535397740191376e-11
1592,6.510634045775454e-17,1.664395381765486e-05,2.7755575615628914e-17,1.0881574386001347e-07,1.4217618316678663e-05,1.664395381765486e-05,6.520378588324439e-11
1593,7.101524229780054e-17,1.6614522789881915e-05,0.0,1.0854959031636469e-07,1.418691469689468e-05,1.6614522789881915e-05,6.505309376365017e-11
1594,7.697835424647081e-17,1.658568527284089e-05,2.7755575615628914e-17,1.0828210905700075e-07,1.4155043957342157e-05,1.658568527284089e-05,6.490191667126248e-11
1595,8.239936510889834e-17,1.655938394060486e-05,6.938893903907228e-17,1.080133237296721e-07,1.4123263453125726e-05,1.6559383940604863e-05,6.475027756825134e-11
1596,8.792879618857441e-17,1.6533219788397073e-05,2.7755575615628914e-17,1.077432564278169e-07,1.4091013544921855e-05,1.6533219788397076e-05,6.459819467509748e-11
1597,9.334980705100193e-17,1.6508776989953394e-05,2.7755575615628914e-17,1.0747192979998488e-07,1.4058017271917417e-05,1.6508776989953397e-05,6.444568617505624e-11
1598,9.904186845655083e-17,1.6483895201365583e-05,2.7755575615628914e-17,1.0719936627268112e-07,1.4023453850263216e-05,1.6483895201365583e-05,6.429277431293548e-11
1599,1.043544591017298e-16,1.6460099366427516e-05,5.551115123125783e-17,1.069255876062769e-07,1.3987323623928867e-05,1.6460099366427516e-05,6.413947642671472e-11
1600,1.096128396382845e-16,1.6437743148508817e-05,6.938893903907228e-17,1.0665061578318813e-07,1.3950319505894759e-05,1.6437743148508817e-05,6.398581093013325e-11
1601,6.938893903907228e-18,1.64181235643989e-05,4.163336342344337e-17,1.0637452463324593e-07,1.3913323171612003e-05,1.6418123564398897e-05,6.383179309671815e-11
1602,6.938893903907228e-18,1.6398780849527336e-05,2.7755575615628914e-17,1.0609723410937022e-07,1.3874918478029945e-05,1.6398780849527336e-05,6.367744463631266e-11
1603,1.1221492485224971e-17,1.6379436449768393e-05,5.551115123125783e-17,1.0581880982574177e-07,1.3835330568888256e-05,1.6379436449768393e-05,6.352278293284733e-11
1604,1.6642503347652493e-17,1.6361737619531174e-05,5.551115123125783e-17,1.0553927842771316e-07,1.3794026273135867e-05,1.6361737619531178e-05,6.336782367728737e-11
1605,2.200930410145574e-17,1.6345185232790017e-05,4.163336342344337e-17,1.0525866023236574e-07,1.3751349033170846e-05,1.6345185232790014e-05,6.32125825180349e-11
1606,2.7538735181131813e-17,1.633059652658434e-05,5.551115123125783e-17,1.049769765559816e-07,1.3709042520875362e-05,1.633059652658434e-05,6.305707767438579e-11
1607,3.290553593493506e-17,1.631644895544329e-05,1.3877787807814457e-17,1.0469424793768667e-07,1.3666323417262205e-05,1.6316448955443295e-05,6.290131971971959e-11
1608,3.832654679736258e-17,1.6303916760920276e-05,5.551115123125783e-17,1.0441049547171843e-07,1.3622791906098775e-05,1.6303916760920276e-05,6.274532522612556e-11
1609,4.3530717225293e-17,1.629116571885796e-05,5.551115123125783e-17,1.0412573969720285e-07,1.3577826739220337e-05,1.629116571885796e-05,6.258910959243805e-11
1610,4.85722573273506e-17,1.6279325493115213e-05,9.71445146547012e-17,1.0384000148633277e-07,1.3532207974301679e-05,1.6279325493115213e-05,6.243268270741327e-11
1611,5.3939058081153846e-17,1.626910266398637e-05,0.0,1.0355335622325157e-07,1.3486923393602473e-05,1.626910266398637e-05,6.227605881139343e-11
1612,5.914322850908427e-17,1.6261555110618627e-05,0.0,1.0326571187047051e-07,1.3441121198769573e-05,1.6261555110618627e-05,6.211925006246323e-11
1613,6.407634839389331e-17,1.6254236083049672e-05,1.5265566588595902e-16,1.0297714758689125e-07,1.3394285199084048e-05,1.6254236083049672e-05,6.196226628603278e-11
1614,6.917209860457518e-17,1.62468755487345e-05,2.7755575615628914e-17,1.0268768380061744e-07,1.3346713656126925e-05,1.62468755487345e-05,6.180512190199641e-11
1615,7.399679827213568e-17,1.6241213880135034e-05,4.163336342344337e-17,1.0239734093975272e-07,1.3297929177730405e-05,1.6241213880135034e-05,6.16478213710183e-11
1616,7.909254848281755e-17,1.6235984150498e-05,6.938893903907228e-17,1.0210614032057919e-07,1.3247934887634427e-05,1.6235984150497996e-05,6.149037714204314e-11
1617,8.391724815037804e-17,1.6230741230082425e-05,4.163336342344337e-17,1.0181410237120048e-07,1.3199456219455448e-05,1.6230741230082425e-05,6.133279410890608e-11
1618,8.885036803518709e-17,1.6225808985121017e-05,0.0,1.0152124807483176e-07,1.3150088037717505e-05,1.6225808985121017e-05,6.117508316521489e-11
1619,9.334980705100193e-17,1.6222323114270377e-05,4.163336342344337e-17,1.0122759874775511e-07,1.310016248870711e-05,1.6222323114270377e-05,6.101725071189155e-11
1620,9.82287168271867e-17,1.621833906530257e-05,0.0,1.0093317548420799e-07,1.3049968169003672e-05,1.6218339065302575e-05,6.085930269564912e-11
1621,6.938893903907228e-18,1.621454207040209e-05,1.1102230246251565e-16,1.0063804656290642e-07,1.3000500617361467e-05,1.621454207040209e-05,6.070124144380414e-11
1622,6.938893903907228e-18,1.6210626995542822e-05,5.551115123125783e-17,1.0034214226184446e-07,1.2950710567080795e-05,1.6210626995542822e-05,6.05430799391116e-11
1623,1.0137290312739466e-17,1.6206013255890946e-05,1.3877787807814457e-17,1.0004552475351147e-07,1.2901094287402834e-05,1.6206013255890946e-05,6.038481624591363e-11
1624,1.5124620306172787e-17,1.620067280216041e-05,1.3877787807814457e-17,9.974821968405934e-08,1.2851109196915776e-05,1.6200672802160414e-05,6.022645600929365e-11
1625,1.962405932198763e-17,1.6194621317192046e-05,6.938893903907228e-17,9.945024947999315e-08,1.2800436245364247e-05,1.6194621317192046e-05,6.006800223139075e-11
1626,2.4448758989548125e-17,1.618721060960181e-05,2.7755575615628914e-17,9.91516362347511e-08,1.2748604761699646e-05,1.6187210609601813e-05,5.990945748884777e-11
1627,2.8893987896738693e-17,1.6178760353539195e-05,1.1102230246251565e-16,9.885240248586058e-08,1.269711404414251e-05,1.617876035353919e-05,5.975082194756945e-11
1628,3.393552799879629e-17,1.6169198634897742e-05,1.3877787807814457e-16,9.855257099289361e-08,1.26472657366496e-05,1.6169198634897742e-05,5.959210051180292e-11
1629,3.859759734048396e-17,1.615823790635643e-05,4.163336342344337e-17,9.825216484848909e-08,1.2596503302686033e-05,1.6158237906356433e-05,5.943329405900399e-11
1630,4.3151246464923076e-17,1.6145446139702586e-05,0.0,9.795120681221903e-08,1.2545022700082471e-05,1.6145446139702583e-05,5.927439998323348e-11
1631,4.765068548073792e-17,1.6130844025224887e-05,0.0,9.764976993675845e-08,1.2494164967899849e-05,1.6130844025224887e-05,5.91154211061083e-11
1632,5.193328406205566e-17,1.6114481832497487e-05,6.938893903907228e-17,9.734777661751792e-08,1.2444669465371744e-05,1.6114481832497487e-05,5.895635890878173e-11
1633,5.664956351236761e-17,1.6096555612294826e-05,1.3877787807814457e-17,9.704530345988616e-08,1.2395712797253776e-05,1.6096555612294826e-05,5.879721150997814e-11
1634,6.093216209368535e-17,1.6077069917707944e-05,2.7755575615628914e-17,9.674237433365818e-08,1.23468061998471e-05,1.6077069917707944e-05,5.863797736806551e-11
1635,6.526897078362737e-17,1.605611511590087e-05,8.326672684688674e-17,9.643901321965132e-08,1.2298060137010763e-05,1.6056115115900868e-05,5.847865434961496e-11
1636,6.982261990806649e-17,1.6033151222411577e-05,5.551115123125783e-17,9.613524543095053e-08,1.2248580740481117e-05,1.6033151222411574e-05,5.831924513219138e-11
1637,7.399679827213568e-17,1.6008580503003475e-05,1.3877787807814457e-17,9.583109572552928e-08,1.2199277454748722e-05,1.6008580503003475e-05,5.815974351315073e-11
1638,7.806255641895632e-17,1.5982322585083073e-05,1.3877787807814457e-17,9.552658908340561e-08,1.2150640657577997e-05,1.5982322585083073e-05,5.800015361266286e-11
1639,8.223673478302551e-17,1.595472660514514e-05,1.3877787807814457e-17,9.52217514837983e-08,1.2102810330322154e-05,1.595472660514514e-05,5.784046884522175e-11
1640,8.630249292984615e-17,1.592536746693963e-05,0.0,9.491660868388152e-08,1.2054245144076449e-05,1.592536746693963e-05,5.7680689299832026e-11
1641,6.938893903907228e-18,1.589430369110747e-05,2.7755575615628914e-17,9.461122840725977e-08,1.2005398460730658e-05,1.5894303691107466e-05,5.752081110893904e-11
1642,6.938893903907228e-18,1.5861634922867557e-05,1.3877787807814457e-17,9.430555636402715e-08,1.1958063775103147e-05,1.5861634922867557e-05,5.736083639749853e-11
1643,8.673617379884035e-18,1.582742713044516e-05,1.8041124150158794e-16,9.399965439360614e-08,1.1911012491046376e-05,1.5827427130445162e-05,5.7200762874707206e-11
1644,1.2956215961201778e-17,1.5791792823888197e-05,2.7755575615628914e-17,9.369355402633062e-08,1.1864793059435878e-05,1.5791792823888197e-05,5.704058487392526e-11
1645,1.702197410802242e-17,1.575483081290531e-05,2.7755575615628914e-17,9.33872823516424e-08,1.181847958905745e-05,1.575483081290531e-05,5.6880306150953234e-11
1646,2.1412992906588713e-17,1.5716626513860583e-05,8.326672684688674e-17,9.308086668102789e-08,1.1772990032974843e-05,1.5716626513860583e-05,5.671992018299823e-11
1647,2.531612072753653e-17,1.5676649122160588e-05,6.938893903907228e-17,9.27743349921073e-08,1.1727757676122273e-05,1.5676649122160588e-05,5.655942850489385e-11
1648,2.938187887435717e-17,1.5635281695612947e-05,6.938893903907228e-17,9.246771559556777e-08,1.168286377394378e-05,1.5635281695612947e-05,5.639882784138754e-11
1649,3.3285006695304986e-17,1.5592455982806664e-05,2.7755575615628914e-17,9.216103713516333e-08,1.1638813862378958e-05,1.559245598280666e-05,5.623811972191375e-11
1650,3.74049749507499e-17,1.5548635890505515e-05,4.163336342344337e-17,9.18543276995365e-08,1.1594795496073847e-05,1.5548635890505515e-05,5.6077303462943975e-11
1651,4.130810277169772e-17,1.550325010046376e-05,1.6653345369377348e-16,9.154765989727309e-08,1.1550660969709357e-05,1.550325010046376e-05,5.59163748788066e-11
1652,4.5211230592645535e-17,1.5456431494827315e-05,2.7755575615628914e-17,9.124097388735208e-08,1.1507604201954685e-05,1.5456431494827315e-05,5.575533775811687e-11
1653,4.9276988739466177e-17,1.540829808401055e-05,4.163336342344337e-17,9.093434549800605e-08,1.1465189603626132e-05,1.540829808401055e-05,5.5594189828803573e-11
1654,5.274643569141979e-17,1.53589570761051e-05,1.1102230246251565e-16,9.062780415014515e-08,1.1423316390771928e-05,1.5358957076105093e-05,5.5432934597563375e-11
1655,5.648693318649478e-17,1.5308428508433275e-05,5.551115123125783e-17,9.032137926467954e-08,1.1382011194100762e-05,1.530842850843328e-05,5.5271571293184716e-11
1656,6.011901046432122e-17,1.5256908815657305e-05,5.551115123125783e-17,9.001510126172008e-08,1.1342021827837712e-05,1.5256908815657307e-05,5.5110101251548976e-11
1657,6.385950795939621e-17,1.520444198030653e-05,8.326672684688674e-17,8.970900011728844e-08,1.130282084760512e-05,1.5204441980306526e-05,5.494852927716657e-11
1658,6.76000054544712e-17,1.5150583744398962e-05,2.7755575615628914e-17,8.940310669558471e-08,1.1263319098171493e-05,1.5150583744398962e-05,5.478685462390512e-11
1659,7.106945240642482e-17,1.5095569948872105e-05,2.7755575615628914e-17,8.909745152774207e-08,1.1224260562730483e-05,1.5095569948872103e-05,5.462507942457614e-11
1660,7.453889935837843e-17,1.5039442552185046e-05,9.71445146547012e-17,8.879206503387138e-08,1.1185407335968306e-05,1.503944255218505e-05,5.446320848354223e-11
1661,6.938893903907228e-18,1.498268014934235e-05,4.163336342344337e-17,8.848701560371097e-08,1.1147099090901283e-05,1.498268014934235e-05,5.43012450738396e-11
1662,6.938893903907228e-18,1.4924658587662936e-05,8.326672684688674e-17,8.818226315820965e-08,1.1108947062360075e-05,1.4924658587662936e-05,5.41391984922794e-11
1663,7.37257477290143e-18,1.4865554453172076e-05,2.7755575615628914e-17,8.78778699808791e-08,1.1071433044969217e-05,1.4865554453172076e-05,5.397706884791327e-11
1664,1.111307226797642e-17,1.4805487777940656e-05,0.0,8.757387104374459e-08,1.1034461026733523e-05,1.4805487777940656e-05,5.381486169708162e-11
1665,1.4799359654427136e-17,1.4744616613886336e-05,4.163336342344337e-17,8.727029809918463e-08,1.0997872393088811e-05,1.4744616613886336e-05,5.3652584919428766e-11
1666,1.8106176280507924e-17,1.4682845294721664e-05,5.551115123125783e-17,8.696718289957772e-08,1.0961888922039532e-05,1.4682845294721659e-05,5.349024456605448e-11
1667,2.1846673775582914e-17,1.4620460485948029e-05,4.163336342344337e-17,8.666455675321316e-08,1.0927322998791332e-05,1.4620460485948027e-05,5.3327847591816486e-11
1668,2.531612072753653e-17,1.4557483474954903e-05,2.0816681711721685e-16,8.636245163451406e-08,1.0893641255305128e-05,1.4557483474954902e-05,5.3165399838962646e-11
1669,2.8514517136368767e-17,1.4493540044463194e-05,6.938893903907228e-17,8.606089962892582e-08,1.0860168910982622e-05,1.4493540044463193e-05,5.300291300733505e-11
1670,3.2038174196946656e-17,1.4428732288867783e-05,5.551115123125783e-17,8.575993259984926e-08,1.0826773812767248e-05,1.4428732288867785e-05,5.284039614165825e-11
1671,3.550762114890027e-17,1.4363234882554917e-05,1.3877787807814457e-17,8.545962026929033e-08,1.0793426962575368e-05,1.4363234882554917e-05,5.267785681086347e-11
1672,3.843496701461113e-17,1.4297409365326829e-05,1.3877787807814457e-16,8.51599172291273e-08,1.0760137331453816e-05,1.4297409365326829e-05,5.2515303892459993e-11
1673,4.174178364069192e-17,1.4230731959052218e-05,2.7755575615628914e-17,8.486089553283449e-08,1.0726838180377586e-05,1.423073195905222e-05,5.235275172213037e-11
1674,4.515702048402126e-17,1.4163347484561178e-05,0.0,8.456258682176809e-08,1.0693595215473066e-05,1.4163347484561178e-05,5.219020920198193e-11
1675,4.824699667560495e-17,1.4095375508991668e-05,4.163336342344337e-17,8.426502307035122e-08,1.066046815505556e-05,1.4095375508991668e-05,5.2027690888352956e-11
1676,5.1228552649940085e-17,1.4027014324004468e-05,9.71445146547012e-17,8.396823591994007e-08,1.0627898725743242e-05,1.4027014324004468e-05,5.18652046997298e-11
1677,5.4155898515650946e-17,1.3958063708015083e-05,6.938893903907228e-17,8.367225690086855e-08,1.0595713093270506e-05,1.3958063708015083e-05,5.1702764031607566e-11
1678,5.724587470723463e-17,1.3888920160612913e-05,4.163336342344337e-17,8.337711820960436e-08,1.0563852698924253e-05,1.3888920160612913e-05,5.154038534676032e-11
1679,6.033585089881832e-17,1.3819509237419449e-05,9.71445146547012e-17,8.30828509323922e-08,1.0532267486581001e-05,1.3819509237419447e-05,5.137808350846468e-11
1680,6.342582709040201e-17,1.374958356339575e-05,6.938893903907228e-17,8.278948626649907e-08,1.0500723656822862e-05,1.3749583563395748e-05,5.121586673711541e-11
1681,6.938893903907228e-18,1.3679102742511068e-05,0.0,8.249708760565966e-08,1.0469569244276608e-05,1.3679102742511068e-05,5.105375221328041e-11
1682,6.938893903907228e-18,1.3608374714414207e-05,4.163336342344337e-17,8.22056244187408e-08,1.0438625916593819e-05,1.3608374714414209e-05,5.089175952519738e-11
1683,6.938893903907228e-18,1.35375781348136e-05,1.3877787807814457e-17,8.191515432631746e-08,1.0407255216153131e-05,1.35375781348136e-05,5.072990115488403e-11
1684,9.324138683375338e-18,1.346635482583408e-05,1.1102230246251565e-16,8.162571130121421e-08,1.0375532958077439e-05,1.3466354825834079e-05,5.0568192358873035e-11
1685,1.2630955309456127e-17,1.3394777471218375e-05,4.163336342344337e-17,8.133732598558652e-08,1.0343720167143016e-05,1.3394777471218375e-05,5.040665253758989e-11
1686,1.5233040523421337e-17,1.332299412335068e-05,6.938893903907228e-17,8.105002813341144e-08,1.0311587143153571e-05,1.332299412335068e-05,5.024529570930399e-11
1687,1.848564704087785e-17,1.3251229445625625e-05,0.0,8.076384772071066e-08,1.0279449153872967e-05,1.3251229445625625e-05,5.008414030079665e-11
1688,2.1629833341085813e-17,1.3179171332668053e-05,5.551115123125783e-17,8.047881472350582e-08,1.0247907414537199e-05,1.3179171332668051e-05,4.992320239130968e-11
1689,2.4069288229178198e-17,1.3107318054938243e-05,1.3877787807814457e-16,8.019495822964018e-08,1.021615516328854e-05,1.3107318054938243e-05,4.976250212200203e-11
1690,2.688821387764051e-17,1.3035497176994776e-05,5.551115123125783e-17,7.991230799309079e-08,1.0184248629263785e-05,1.3035497176994777e-05,4.9602054016016186e-11
1691,3.003240017784847e-17,1.2963585354876454e-05,1.1102230246251565e-16,7.963092485407941e-08,1.0152190757538768e-05,1.2963585354876452e-05,4.9441879886228964e-11
1692,3.2634485391813683e-17,1.289141489120253e-05,1.3877787807814457e-17,7.935077039888938e-08,1.0120511195598399e-05,1.2891414891202529e-05,4.928199550234914e-11
1693,3.539920093165172e-17,1.2819407525814725e-05,1.3877787807814457e-17,7.90719074661439e-08,1.0089270189601101e-05,1.2819407525814727e-05,4.912242386969211e-11
1694,3.789286592836838e-17,1.2747595110268747e-05,2.7755575615628914e-17,7.879436347835167e-08,1.0057591902886634e-05,1.2747595110268746e-05,4.8963179043717237e-11
1695,4.060337135958214e-17,1.267571056445427e-05,4.163336342344337e-17,7.85181657469991e-08,1.0025559995268928e-05,1.2675710564454272e-05,4.880428090775755e-11
1696,4.33138767907959e-17,1.2603797594888559e-05,1.249000902703301e-16,7.824334058437188e-08,9.99398151612108e-06,1.2603797594888557e-05,4.8645750511140805e-11
1697,4.580754178751256e-17,1.253202926872621e-05,2.7755575615628914e-17,7.79699150799118e-08,9.962202285173079e-06,1.253202926872621e-05,4.848760792513318e-11
1698,4.83554168928535e-17,1.2460645554164501e-05,1.249000902703301e-16,7.769791487977074e-08,9.930531662178448e-06,1.2460645554164503e-05,4.8329867594069035e-11
1699,5.084908188957016e-17,1.2389243458671727e-05,6.938893903907228e-17,7.742736518601134e-08,9.89863967139471e-06,1.2389243458671727e-05,4.8172551842591265e-11
1700,5.318011656041399e-17,1.2318360045326008e-05,6.938893903907228e-17,7.715829108967398e-08,9.866775126391534e-06,1.2318360045326008e-05,4.8015679184817e-11
1701,6.938893903907228e-18,1.2247792528820599e-05,1.3877787807814457e-17,7.68907447712408e-08,9.834792127443687e-06,1.22477925288206e-05,4.785926789999889e-11
1702,6.938893903907228e-18,1.2177495909862798e-05,1.3877787807814457e-17,7.662469647673475e-08,9.802766714932393e-06,1.2177495909862798e-05,4.7703339513489234e-11
1703,6.938893903907228e-18,1.2107197148355042e-05,0.0,7.636019361267898e-08,9.770329087723145e-06,1.2107197148355042e-05,4.7547911133508045e-11
1704,7.914675859144182e-18,1.2037397953660912e-05,9.71445146547012e-17,7.609726104806924e-08,9.737838329535997e-06,1.2037397953660912e-05,4.739300243861132e-11
1705,1.0354130747236567e-17,1.196802001711595e-05,0.0,7.583592165349984e-08,9.705156615680022e-06,1.196802001711595e-05,4.723863394805271e-11
1706,1.3010426069826053e-17,1.189884055254707e-05,9.71445146547012e-17,7.557619663423054e-08,9.672340956274781e-06,1.189884055254707e-05,4.708482011949504e-11
1707,1.566672139241554e-17,1.1829938947389235e-05,8.326672684688674e-17,7.531810708449882e-08,9.639652172059531e-06,1.1829938947389235e-05,4.693158039701147e-11
1708,1.7889335846010823e-17,1.1761422271495031e-05,4.163336342344337e-17,7.506167376547523e-08,9.606675622040064e-06,1.1761422271495033e-05,4.677893540254657e-11
1709,2.065405138584886e-17,1.1693568982655384e-05,1.3877787807814457e-17,7.480691655015193e-08,9.573124324647277e-06,1.1693568982655384e-05,4.662690093537913e-11
1710,2.2768245622195593e-17,1.1625918218961694e-05,1.1102230246251565e-16,7.455385475640952e-08,9.539055487192221e-06,1.1625918218961696e-05,4.647549337107468e-11
1711,2.5099280293039428e-17,1.1559053566511933e-05,2.7755575615628914e-17,7.430253512463736e-08,9.504642804118276e-06,1.1559053566511934e-05,4.632473056201565e-11
1712,2.7376104855258987e-17,1.1492721520132475e-05,0.0,7.405291768680655e-08,9.469797439974358e-06,1.1492721520132474e-05,4.617463156794681e-11
1713,2.9652929417478546e-17,1.142694338446659e-05,1.3877787807814457e-17,7.380505007148486e-08,9.434867861008831e-06,1.1426943384466586e-05,4.6025209519078926e-11
1714,3.2038174196946656e-17,1.1361381732136957e-05,5.551115123125783e-17,7.355894837690613e-08,9.399686907595936e-06,1.1361381732136957e-05,4.58764828411797e-11
1715,3.4423418976414766e-17,1.1296565456495294e-05,9.71445146547012e-17,7.331462870130423e-08,9.364137951356922e-06,1.1296565456495295e-05,4.572846708490472e-11
1716,3.65376132127615e-17,1.1232371575293873e-05,8.326672684688674e-17,7.307210592166768e-08,9.328559039884886e-06,1.1232371575293873e-05,4.558117783715409e-11
1717,3.892285799222961e-17,1.1168541482176131e-05,2.7755575615628914e-17,7.283139435987351e-08,9.292659140254942e-06,1.1168541482176131e-05,4.5434629299649145e-11
1718,4.087442190270352e-17,1.1105234712722287e-05,4.163336342344337e-17,7.259250833779873e-08,9.256303682542364e-06,1.1105234712722288e-05,4.528883628345384e-11
1719,4.30970363562988e-17,1.1042495960527286e-05,2.7755575615628914e-17,7.235546051198583e-08,9.219623262443515e-06,1.1042495960527284e-05,4.514381316269979e-11
1720,4.5211230592645535e-17,1.0980631819479038e-05,2.7755575615628914e-17,7.212026309488806e-08,9.182433316547436e-06,1.0980631819479038e-05,4.499957098527658e-11
1721,6.938893903907228e-18,1.091914844902151e-05,2.7755575615628914e-17,7.188695128057532e-08,9.14499906338691e-06,1.0919148449021511e-05,4.48561243388554e-11
1722,6.938893903907228e-18,1.0858588834720353e-05,2.7755575615628914e-17,7.165549009702232e-08,9.1071078612815e-06,1.0858588834720353e-05,4.4713487455438036e-11
1723,6.938893903907228e-18,1.0798753989897594e-05,2.7755575615628914e-17,7.142590963127304e-08,9.068823212073917e-06,1.0798753989897594e-05,4.4571670125092245e-11
1724,6.938893903907228e-18,1.0739606419905719e-05,5.551115123125783e-17,7.119822176271384e-08,9.0303437444902e-06,1.0739606419905719e-05,4.443068600638787e-11
1725,8.836247705756861e-18,1.0680876424661319e-05,1.3877787807814457e-17,7.097243392983899e-08,8.991630897576114e-06,1.0680876424661319e-05,4.429054594044576e-11
1726,1.1167282376600696e-17,1.0623003206631161e-05,4.163336342344337e-17,7.074855457034346e-08,8.952679249996878e-06,1.0623003206631161e-05,4.415125610721663e-11
1727,1.328147661294743e-17,1.0565902540899425e-05,2.7755575615628914e-17,7.05265900124985e-08,8.913484777214515e-06,1.0565902540899423e-05,4.401283054701368e-11
1728,1.5395670849294163e-17,1.0509261536561251e-05,8.326672684688674e-17,7.030654702866457e-08,8.874016326424889e-06,1.0509261536561251e-05,4.3875276131714665e-11
1729,1.7401444868392346e-17,1.0453284721996468e-05,6.938893903907228e-17,7.008843039280066e-08,8.834348809032575e-06,1.045328472199647e-05,4.373860312122066e-11
1730,1.9461428996114805e-17,1.0398000007857157e-05,2.7755575615628914e-17,6.987224476784348e-08,8.79435887412143e-06,1.0398000007857157e-05,4.3602817628568416e-11
1731,2.1521413123837263e-17,1.0343686505142432e-05,6.938893903907228e-17,6.965801824243556e-08,8.75430671374504e-06,1.0343686505142432e-05,4.346792831638052e-11
1732,2.358139725155972e-17,1.0289893069440546e-05,6.938893903907228e-17,6.944570396516525e-08,8.714027643768088e-06,1.0289893069440546e-05,4.333394297046177e-11
1733,2.564138137928218e-17,1.0237051648828362e-05,9.71445146547012e-17,6.923532980263047e-08,8.673490389518558e-06,1.0237051648828362e-05,4.3200865779880905e-11
1734,2.7376104855258987e-17,1.018507188407584e-05,1.249000902703301e-16,6.902689675403195e-08,8.632766371653758e-06,1.018507188407584e-05,4.306870362286759e-11
1735,2.9544509200229996e-17,1.0133835510307735e-05,2.7755575615628914e-17,6.88204053744812e-08,8.591777350930217e-06,1.0133835510307734e-05,4.293746295369265e-11
1736,3.144186300207963e-17,1.0083149653631032e-05,4.163336342344337e-17,6.86158553309113e-08,8.550754995869444e-06,1.0083149653631032e-05,4.280714396749386e-11
1737,3.333921680392926e-17,1.0033334462146466e-05,0.0,6.841324551309924e-08,8.509522722727802e-06,1.0033334462146467e-05,4.267775477946448e-11
1738,3.518236049715462e-17,9.984376118461466e-06,4.163336342344337e-17,6.821257381162127e-08,8.4682923091727e-06,9.984376118461466e-06,4.254929408480578e-11
1739,3.729655473350135e-17,9.935927521020845e-06,0.0,6.801383767296443e-08,8.427023991232446e-06,9.935927521020847e-06,4.242177068810445e-11
1740,3.913969842672671e-17,9.888151887095572e-06,4.163336342344337e-17,6.781703343339274e-08,8.385594416152313e-06,9.88815188709557e-06,4.22951828089555e-11
1741,6.938893903907228e-18,9.841157676480203e-06,1.3877787807814457e-16,6.762217796829617e-08,8.34429441845585e-06,9.841157676480203e-06,4.216952912140395e-11
1742,6.938893903907228e-18,9.795127044184431e-06,9.71445146547012e-17,6.742922542546381e-08,8.30284193431703e-06,9.795127044184433e-06,4.204481814730366e-11
1743,6.938893903907228e-18,9.74970180737057e-06,5.551115123125783e-17,6.723818790632663e-08,8.261322388984274e-06,9.74970180737057e-06,4.192104562115163e-11
1744,6.938893903907228e-18,9.70520374301812e-06,5.551115123125783e-17,6.704906063692562e-08,8.219819514993366e-06,9.70520374301812e-06,4.1798214036852464e-11
1745,7.752045533271357e-18,9.661602158868356e-06,4.163336342344337e-17,6.68618358456996e-08,8.178322546570313e-06,9.661602158868354e-06,4.1676316565418065e-11
1746,9.974659986866641e-18,9.618738232692458e-06,1.6653345369377348e-16,6.667650576108741e-08,8.13702696770118e-06,9.618738232692458e-06,4.155536046457347e-11
1747,1.1709383462843448e-17,9.576469908693313e-06,0.0,6.649306105721564e-08,8.09568144793551e-06,9.576469908693311e-06,4.1435339691772386e-11
1748,1.3444106938820255e-17,9.535070687751762e-06,1.1102230246251565e-16,6.631149240821088e-08,8.054467686167122e-06,9.535070687751762e-06,4.1316251025985103e-11
1749,1.5395670849294163e-17,9.49450437057373e-06,1.1102230246251565e-16,6.61317891559321e-08,8.013306546133798e-06,9.49450437057373e-06,4.119809550394264e-11
1750,1.7564075194265172e-17,9.454465395596375e-06,9.71445146547012e-17,6.595393986508213e-08,7.972159062358106e-06,9.454465395596375e-06,4.1080865397807064e-11
1751,1.8865117801247777e-17,9.414987282829043e-06,9.71445146547012e-17,6.577795474971282e-08,7.93131656112136e-06,9.414987282829043e-06,4.096455903214161e-11
1752,2.1467203015212988e-17,9.376413769113928e-06,0.0,6.560377663333838e-08,7.890581874833588e-06,9.376413769113928e-06,4.084917096251679e-11
1753,2.2768245622195593e-17,9.338689464867498e-06,1.249000902703301e-16,6.543141506387684e-08,7.849966660873039e-06,9.3386894648675e-06,4.073469767103579e-11
1754,2.47198095326695e-17,9.301569871893687e-06,2.7755575615628914e-17,6.526085594149578e-08,7.809468346559564e-06,9.301569871893686e-06,4.06211376840219e-11
1755,2.6454533008646308e-17,9.26541194101414e-06,9.71445146547012e-17,6.509208450022896e-08,7.769074527992005e-06,9.26541194101414e-06,4.050847866631374e-11
1756,2.8189256484623115e-17,9.230016859229168e-06,4.163336342344337e-17,6.492508508593176e-08,7.7289909212594e-06,9.23001685922917e-06,4.0396719399100807e-11
1757,3.0140820395097023e-17,9.195311925353337e-06,5.551115123125783e-17,6.47598418224149e-08,7.68904010022735e-06,9.195311925353337e-06,4.028585088484011e-11
1758,3.209238430557093e-17,9.161140888456869e-06,9.71445146547012e-17,6.459633772326612e-08,7.649282074928894e-06,9.161140888456869e-06,4.01758694086962e-11
1759,3.382710778154774e-17,9.127986029407047e-06,5.551115123125783e-17,6.443455580207313e-08,7.609771602608748e-06,9.127986029407047e-06,4.0066764916518306e-11
1760,3.5128150388530344e-17,9.09541564418574e-06,5.551115123125783e-17,6.427447762913374e-08,7.570484839436499e-06,9.095415644185738e-06,3.995853384349423e-11
1761,6.938893903907228e-18,9.063338696320877e-06,9.71445146547012e-17,6.411610320444794e-08,7.531515264766553e-06,9.063338696320879e-06,3.9851164708011516e-11
1762,6.938893903907228e-18,9.03169376703354e-06,1.3877787807814457e-16,6.39593774609537e-08,7.492781065547215e-06,9.03169376703354e-06,3.9744650522883056e-11
1763,6.938893903907228e-18,9.001130739194802e-06,1.1102230246251565e-16,6.380429651287045e-08,7.454394313970512e-06,9.001130739194802e-06,3.963898431342601e-11
1764,6.938893903907228e-18,8.971120462924359e-06,1.3877787807814457e-17,6.365084115333985e-08,7.416276770180569e-06,8.971120462924357e-06,3.953415456741108e-11
1765,6.993104012531504e-18,8.94166819731267e-06,2.7755575615628914e-17,6.349899128732517e-08,7.378406731520419e-06,8.941668197312668e-06,3.9430157853737214e-11
1766,8.890457814381136e-18,8.912773268932849e-06,0.0,6.33487245993436e-08,7.340958159102337e-06,8.912773268932849e-06,3.932697820131988e-11
1767,1.0625181290357943e-17,8.884773941552357e-06,4.163336342344337e-17,6.320001944004616e-08,7.303771633293599e-06,8.884773941552357e-06,3.922460965889283e-11
1768,1.2576745200831851e-17,8.857365245577754e-06,4.163336342344337e-17,6.305285304986086e-08,7.2668759803700165e-06,8.857365245577752e-06,3.9123042518657005e-11
1769,1.3877787807814457e-17,8.830549478553293e-06,2.7755575615628914e-17,6.290720266921568e-08,7.230222830768928e-06,8.830549478553292e-06,3.902226749096255e-11
1770,1.6046192152785466e-17,8.80425112761154e-06,1.3877787807814457e-17,6.27630447613825e-08,7.193771443199554e-06,8.80425112761154e-06,3.8922273272849764e-11
1771,1.7564075194265172e-17,8.778323437004499e-06,1.5265566588595902e-16,6.262037466342463e-08,7.157723272573583e-06,8.7783234370045e-06,3.8823045791709403e-11
1772,1.929879867024198e-17,8.752839072408566e-06,9.71445146547012e-17,6.247912820445123e-08,7.1221010078341715e-06,8.752839072408566e-06,3.872457887290266e-11
1773,2.1033522146218786e-17,8.72766434125631e-06,1.3877787807814457e-17,6.233930127663712e-08,7.086795428140377e-06,8.72766434125631e-06,3.862686258786621e-11
1774,2.233456475320139e-17,8.70291916781576e-06,2.7755575615628914e-17,6.220086867791963e-08,7.052006960662372e-06,8.70291916781576e-06,3.852988641726058e-11
1775,2.4069288229178198e-17,8.678478913490476e-06,5.551115123125783e-17,6.206380442908e-08,7.017472235632044e-06,8.678478913490476e-06,3.843363647846911e-11
1776,2.5804011705155006e-17,8.654587053410294e-06,0.0,6.192808255089943e-08,6.983366936907597e-06,8.654587053410294e-06,3.833810372621614e-11
1777,2.7538735181131813e-17,8.63141687404672e-06,1.249000902703301e-16,6.179367650904766e-08,6.949673926327057e-06,8.63141687404672e-06,3.824327328771682e-11
1778,2.905661822261152e-17,8.608605909556255e-06,1.1102230246251565e-16,6.166056010226129e-08,6.9163979959277925e-06,8.608605909556255e-06,3.814913862279521e-11
1779,3.0791341698588326e-17,8.586038986447458e-06,0.0,6.15287055749647e-08,6.883405911176153e-06,8.586038986447458e-06,3.8055685232004697e-11
1780,3.209238430557093e-17,8.563901508982905e-06,9.71445146547012e-17,6.139808605976071e-08,6.850744400356143e-06,8.563901508982903e-06,3.7962902985080085e-11
1781,6.938893903907228e-18,8.54213594084227e-06,1.1102230246251565e-16,6.126869067646368e-08,6.8185460283834574e-06,8.542135940842268e-06,3.7870779286006516e-11
1782,6.938893903907228e-18,8.520736395595308e-06,1.3877787807814457e-17,6.114045880689645e-08,6.786800649477479e-06,8.520736395595308e-06,3.777930234776925e-11
1783,6.938893903907228e-18,8.499751979585286e-06,2.7755575615628914e-17,6.101337723940503e-08,6.755423151590894e-06,8.499751979585286e-06,3.768846304256228e-11
1784,6.938893903907228e-18,8.479012376472337e-06,9.71445146547012e-17,6.088741832943612e-08,6.724408855790479e-06,8.479012376472339e-06,3.759824753589157e-11
1785,6.938893903907228e-18,8.458604092051805e-06,0.0,6.076255421039178e-08,6.6938471731223904e-06,8.458604092051803e-06,3.7508643257939776e-11
1786,8.294146619514109e-18,8.43847477431572e-06,1.1102230246251565e-16,6.063875579442879e-08,6.663828766825865e-06,8.43847477431572e-06,3.741963874869331e-11
1787,9.595189226496714e-18,8.418680113801053e-06,2.7755575615628914e-17,6.051599399370389e-08,6.634216267008148e-06,8.418680113801055e-06,3.733122220348208e-11
1788,1.1275702593849246e-17,8.39926944656378e-06,5.551115123125783e-17,6.039423994241844e-08,6.6051350102041115e-06,8.39926944656378e-06,3.724338412720648e-11
1789,1.2902005852577503e-17,8.38018708002026e-06,5.551115123125783e-17,6.02734648857961e-08,6.576492166123029e-06,8.380187080020259e-06,3.7156109404713786e-11
1790,1.431146867680866e-17,8.361279071606593e-06,5.551115123125783e-17,6.015363873679291e-08,6.548157482579659e-06,8.361279071606593e-06,3.7069389631102473e-11
1791,1.6046192152785466e-17,8.342568563362367e-06,2.7755575615628914e-17,6.003475039317863e-08,6.520106915585819e-06,8.342568563362365e-06,3.698320843586211e-11
1792,1.7618285302889447e-17,8.324154316563407e-06,2.7755575615628914e-17,5.991673401872788e-08,6.492424938552822e-06,8.324154316563409e-06,3.6897556055267046e-11
1793,1.9081958235744878e-17,8.306081182655826e-06,1.5265566588595902e-16,5.979957862223273e-08,6.4650933614890236e-06,8.306081182655826e-06,3.6812422266840784e-11
1794,2.054563116860031e-17,8.288409820736218e-06,4.163336342344337e-17,5.968325489380533e-08,6.4381199488545616e-06,8.288409820736216e-06,3.6727793994179096e-11
1795,2.222614453595284e-17,8.270952697537407e-06,2.7755575615628914e-17,5.9567732857424005e-08,6.411468084402428e-06,8.270952697537407e-06,3.664365936242168e-11
1796,2.3635607360183997e-17,8.253746959995229e-06,1.3877787807814457e-17,5.945298342524552e-08,6.3852761118869815e-06,8.253746959995229e-06,3.656000706209215e-11
1797,2.5261910618912253e-17,8.236810023210534e-06,1.3877787807814457e-17,5.933897662124821e-08,6.359542479259285e-06,8.236810023210532e-06,3.647682665787742e-11
1798,2.667137344314341e-17,8.220197507661323e-06,1.249000902703301e-16,5.9225683024521913e-08,6.334212794675427e-06,8.220197507661324e-06,3.6394104319415626e-11
1799,2.813504637599884e-17,8.203907941780374e-06,2.7755575615628914e-17,5.911307332517879e-08,6.309336283406483e-06,8.203907941780374e-06,3.631182837967619e-11
1800,2.992397996059992e-17,8.187899320603179e-06,0.0,5.900111821333098e-08,6.2848645561767905e-06,8.18789932060318e-06,3.6229989790502145e-11
1801,6.938893903907228e-18,8.172045456841066e-06,5.551115123125783e-17,5.8889803589146084e-08,6.260704267226195e-06,8.172045456841066e-06,3.6148573439784586e-11
1802,6.938893903907228e-18,8.156372537380542e-06,1.249000902703301e-16,5.8779070610803785e-08,6.2368620468758415e-06,8.156372537380542e-06,3.606757286543931e-11
1803,6.938893903907228e-18,8.140931122383001e-06,1.3877787807814457e-17,5.8668902847003324e-08,6.213458054758636e-06,8.140931122383001e-06,3.598697230089814e-11
1804,6.938893903907228e-18,8.125825745811258e-06,9.71445146547012e-17,5.8559273541369805e-08,6.190407422960235e-06,8.125825745811258e-06,3.590676357001105e-11
1805,6.938893903907228e-18,8.111033853418787e-06,2.7755575615628914e-17,5.8450153606059985e-08,6.167608504257221e-06,8.111033853418787e-06,3.5826935704987465e-11
1806,7.806255641895632e-18,8.096395829216055e-06,8.326672684688674e-17,5.8341514730386734e-08,6.1451752464270455e-06,8.096395829216055e-06,3.5747476563469613e-11
1807,8.998878031629687e-18,8.081971827392498e-06,5.551115123125783e-17,5.8233328159573716e-08,6.123198459340499e-06,8.0819718273925e-06,3.566837676023487e-11
1808,1.0299920638612292e-17,8.06773422716086e-06,2.7755575615628914e-17,5.812556602702301e-08,6.10162486529524e-06,8.06773422716086e-06,3.55896233417589e-11
1809,1.2034644114589099e-17,8.05380011955034e-06,2.498001805406602e-16,5.8018200466136705e-08,6.080420809129463e-06,8.05380011955034e-06,3.5511205482893385e-11
1810,1.360673726469308e-17,8.040128233456456e-06,1.3877787807814457e-17,5.791120383236148e-08,6.05949249702564e-06,8.040128233456456e-06,3.543311569113797e-11
1811,1.5016200088924236e-17,8.026702874191344e-06,2.7755575615628914e-17,5.7804565245511697e-08,6.038880803423914e-06,8.026702874191345e-06,3.535533985077435e-11
1812,1.6479873021779667e-17,8.013394239431818e-06,1.3877787807814457e-17,5.7698223643321e-08,6.018641534504529e-06,8.013394239431817e-06,3.5277869628491446e-11
1813,1.826880660638075e-17,8.000248805328606e-06,1.1102230246251565e-16,5.759216992196059e-08,5.998776959666832e-06,8.000248805328604e-06,3.5200694981802556e-11
1814,1.9569849213363355e-17,7.987272489095708e-06,5.551115123125783e-17,5.748637765812248e-08,5.979328201190353e-06,7.987272489095708e-06,3.5123807311550086e-11
1815,2.0925101928970236e-17,7.974631645804751e-06,0.0,5.738081998440947e-08,5.960156465188221e-06,7.97463164580475e-06,3.5047193744427253e-11
1816,2.2551405187698492e-17,7.962226957741923e-06,4.163336342344337e-17,5.7275471587736604e-08,5.941258319869106e-06,7.962226957741923e-06,3.497084462804328e-11
1817,2.3744027577432547e-17,7.94995006387967e-06,2.7755575615628914e-17,5.717030693297431e-08,5.922737231136758e-06,7.949950063879669e-06,3.48947517491804e-11
1818,2.553296116203363e-17,7.937820865387769e-06,2.7755575615628914e-17,5.706530037397073e-08,5.904575939529293e-06,7.937820865387769e-06,3.481890379092959e-11
1819,2.699663409488906e-17,7.92585092340647e-06,4.163336342344337e-17,5.696042792990852e-08,5.886675985348104e-06,7.92585092340647e-06,3.4743291805849034e-11
1820,2.8189256484623115e-17,7.914170013320632e-06,4.163336342344337e-17,5.6855664398725025e-08,5.869074707753401e-06,7.914170013320634e-06,3.4667907277955086e-11
1821,6.938893903907228e-18,7.902678047154542e-06,4.163336342344337e-17,5.675100089863605e-08,5.851763497034088e-06,7.902678047154542e-06,3.459273787008132e-11
1822,6.938893903907228e-18,7.891388899708721e-06,1.249000902703301e-16,5.664638536018174e-08,5.834676677160276e-06,7.891388899708721e-06,3.4517780144213756e-11
1823,6.938893903907228e-18,7.880172763714314e-06,2.7755575615628914e-17,5.654180734726566e-08,5.817787420312256e-06,7.880172763714314e-06,3.4443019168694165e-11
1824,6.938893903907228e-18,7.869109000848571e-06,1.3877787807814457e-17,5.643724543258344e-08,5.8012525695111675e-06,7.869109000848571e-06,3.436845093165492e-11
1825,6.938893903907228e-18,7.858137075701435e-06,2.7755575615628914e-17,5.6332677078607674e-08,5.785001350541067e-06,7.858137075701437e-06,3.429406378495742e-11
1826,7.209944447028604e-18,7.847446152911627e-06,5.551115123125783e-17,5.622808074701169e-08,5.7689789243048424e-06,7.847446152911625e-06,3.421985009091701e-11
1827,9.053088140253962e-18,7.836935484231511e-06,4.163336342344337e-17,5.61234347884465e-08,5.7533206293592595e-06,7.836935484231511e-06,3.4145801815238366e-11
1828,1.0083080204115191e-17,7.826560037445112e-06,0.0,5.6018718441741555e-08,5.737950307674154e-06,7.826560037445112e-06,3.407191182633223e-11
1829,1.1546753136970622e-17,7.816246499622051e-06,4.163336342344337e-17,5.591391194492701e-08,5.722849895014138e-06,7.81624649962205e-06,3.399816859662494e-11
1830,1.2630955309456127e-17,7.806050080143347e-06,5.551115123125783e-17,5.5808994314787697e-08,5.707991541005148e-06,7.806050080143347e-06,3.392456432794614e-11
1831,1.431146867680866e-17,7.796044462345794e-06,1.1102230246251565e-16,5.570396244269915e-08,5.693409970192913e-06,7.796044462345794e-06,3.3851092881359736e-11
1832,1.577514160966409e-17,7.786157246137472e-06,0.0,5.5598765480446843e-08,5.679139693085249e-06,7.786157246137474e-06,3.377774700535004e-11
1833,1.702197410802242e-17,7.776457502346056e-06,4.163336342344337e-17,5.549340142962933e-08,5.665035508618241e-06,7.776457502346057e-06,3.370451818276232e-11
1834,1.8431436932253575e-17,7.766799571937467e-06,2.7755575615628914e-17,5.538785263770052e-08,5.651047490757509e-06,7.766799571937465e-06,3.363139927410475e-11
1835,1.9949319973733282e-17,7.75717882872424e-06,4.163336342344337e-17,5.5282101341092016e-08,5.637239139798545e-06,7.75717882872424e-06,3.355838100418114e-11
1836,2.1467203015212988e-17,7.74757468953623e-06,0.0,5.517613088645845e-08,5.623617230370366e-06,7.74757468953623e-06,3.348545806973461e-11
1837,2.2876665839444144e-17,7.738139852990824e-06,2.7755575615628914e-17,5.506992517556597e-08,5.610193796843713e-06,7.738139852990824e-06,3.341262419479489e-11
1838,2.4123498337802474e-17,7.728706876569366e-06,1.249000902703301e-16,5.496346844324762e-08,5.59698729393945e-06,7.728706876569368e-06,3.3339872410149715e-11
1839,2.5207700510287978e-17,7.71923211390695e-06,1.3877787807814457e-17,5.485674514638106e-08,5.584011783992338e-06,7.719232113906953e-06,3.326719638368914e-11
1840,2.677979366039196e-17,7.709782778170979e-06,8.326672684688674e-17,5.474974118513387e-08,5.571138084724408e-06,7.709782778170979e-06,3.3194587394334106e-11
1841,6.938893903907228e-18,7.700394399568262e-06,9.71445146547012e-17,5.464245578234994e-08,5.558428381179336e-06,7.700394399568262e-06,3.312204120319276e-11
1842,6.938893903907228e-18,7.691017683519847e-06,2.7755575615628914e-17,5.453484941408959e-08,5.545957543183865e-06,7.691017683519847e-06,3.304955096596892e-11
1843,6.938893903907228e-18,7.681582617315019e-06,0.0,5.4426920303995985e-08,5.5336250505217146e-06,7.681582617315019e-06,3.2977111487585107e-11
1844,6.938893903907228e-18,7.672084499340471e-06,1.1102230246251565e-16,5.4318657904950385e-08,5.521418940300971e-06,7.672084499340471e-06,3.290471351179207e-11
1845,6.938893903907228e-18,7.662519567508036e-06,1.3877787807814457e-17,5.421004989347722e-08,5.509291331321937e-06,7.662519567508036e-06,3.283235474885023e-11
1846,7.101524229780054e-18,7.652884136319386e-06,9.71445146547012e-17,5.4101085278368544e-08,5.497274421312033e-06,7.652884136319384e-06,3.276002978626053e-11
1847,8.077306185017008e-18,7.643175387429336e-06,1.3877787807814457e-17,5.399175295739411e-08,5.485392880128845e-06,7.643175387429334e-06,3.268773079988937e-11
1848,9.75781955236954e-18,7.633389821984994e-06,0.0,5.3882043382635914e-08,5.473620954563347e-06,7.633389821984994e-06,3.261545500238463e-11
1849,1.089623183347932e-17,7.623525067397308e-06,2.7755575615628914e-17,5.3771947006175935e-08,5.461970555315973e-06,7.623525067397308e-06,3.254319365239752e-11
1850,1.2305694657710475e-17,7.613578029947567e-06,1.3877787807814457e-17,5.366145483520768e-08,5.450427891798203e-06,7.613578029947567e-06,3.247094796010856e-11
1851,1.3444106938820255e-17,7.603546031266073e-06,8.326672684688674e-17,5.355057264289087e-08,5.439004278360805e-06,7.603546031266075e-06,3.239870803312531e-11
1852,1.5070410197548512e-17,7.5934252331852185e-06,5.551115123125783e-17,5.3439263125731884e-08,5.427712505848886e-06,7.5934252331852185e-06,3.232647250689654e-11
1853,1.599198204416119e-17,7.58321341366464e-06,4.163336342344337e-17,5.3327534610403404e-08,5.416532722793125e-06,7.58321341366464e-06,3.225423668275974e-11
1854,1.7618285302889447e-17,7.572908592186606e-06,1.249000902703301e-16,5.321538032454498e-08,5.405497863772236e-06,7.572908592186607e-06,3.2181992302221854e-11
1855,1.8919327909872052e-17,7.562510073852996e-06,8.326672684688674e-17,5.310279393988537e-08,5.394609887449564e-06,7.562510073852996e-06,3.210974045981055e-11
1856,2.0274580625478933e-17,7.55201547119137e-06,1.3877787807814457e-17,5.2989770238376366e-08,5.38378677387357e-06,7.55201547119137e-06,3.203747465776268e-11
1857,2.1575623232461538e-17,7.541422231126698e-06,1.3877787807814457e-17,5.287630355788053e-08,5.37302435368029e-06,7.541422231126698e-06,3.1965194363118355e-11
1858,2.2768245622195593e-17,7.530727200464083e-06,1.3877787807814457e-17,5.276239012363959e-08,5.362378386446702e-06,7.530727200464084e-06,3.189289216916972e-11
1859,2.3960868011929648e-17,7.519928470861998e-06,1.8041124150158794e-16,5.2648025605783744e-08,5.351801753711186e-06,7.519928470861999e-06,3.182056740216004e-11
1860,2.5370330836160804e-17,7.5090260786662045e-06,8.326672684688674e-17,5.253320667364392e-08,5.341246431595703e-06,7.5090260786662045e-06,3.174821557645908e-11
1861,6.938893903907228e-18,7.498018247034021e-06,0.0,5.2417943319227334e-08,5.330767794896734e-06,7.498018247034021e-06,3.167583273216674e-11
1862,6.938893903907228e-18,7.486902849199893e-06,1.3877787807814457e-17,5.23022087861591e-08,5.320380697276866e-06,7.486902849199894e-06,3.160341803894717e-11
1863,6.938893903907228e-18,7.475678777828072e-06,0.0,5.218601228929032e-08,5.310050932993396e-06,7.475678777828072e-06,3.1530968508179026e-11
1864,6.938893903907228e-18,7.464344407217239e-06,2.7755575615628914e-17,5.206935338453178e-08,5.299827027523555e-06,7.46434440721724e-06,3.145848193904562e-11
1865,6.938893903907228e-18,7.452898832038085e-06,1.1102230246251565e-16,5.195223173881658e-08,5.2896650338816165e-06,7.452898832038086e-06,3.138595517654664e-11
1866,6.938893903907228e-18,7.441341216723775e-06,4.163336342344337e-17,5.18346466860109e-08,5.2795075366350065e-06,7.441341216723776e-06,3.1313386267944534e-11
1867,7.697835424647081e-18,7.429671284409964e-06,1.3877787807814457e-17,5.171659922531546e-08,5.269507402725958e-06,7.429671284409965e-06,3.124077299132991e-11
1868,1.0408340855860843e-17,7.417888358825268e-06,1.3877787807814457e-16,5.159808946775257e-08,5.2595626505602024e-06,7.417888358825268e-06,3.116811367658307e-11
1869,1.0137290312739466e-17,7.405991848995467e-06,4.163336342344337e-17,5.147911963376828e-08,5.249628830194684e-06,7.405991848995467e-06,3.109540799719437e-11
1870,1.1600963245594897e-17,7.393981492443725e-06,4.163336342344337e-17,5.1359690944607905e-08,5.239682547801983e-06,7.393981492443725e-06,3.1022654100091213e-11
1871,1.2685165418080402e-17,7.381856809995118e-06,1.5265566588595902e-16,5.1239819165438405e-08,5.229740622599414e-06,7.381856809995118e-06,3.0949849780757754e-11
1872,1.4040418133687282e-17,7.369617617715727e-06,2.7755575615628914e-17,5.1119479871353235e-08,5.219853403577164e-06,7.369617617715727e-06,3.087699575055746e-11
1873,1.5233040523421337e-17,7.357264176293341e-06,1.6653345369377348e-16,5.099869027080928e-08,5.209958426401576e-06,7.357264176293342e-06,3.080408749510299e-11
1874,1.620882247865829e-17,7.344802264096804e-06,5.551115123125783e-17,5.0877454138564815e-08,5.200042852459348e-06,7.344802264096804e-06,3.0731128848825634e-11
1875,1.7672495411513722e-17,7.332225989193341e-06,2.7755575615628914e-17,5.0755775804489645e-08,5.190133185235763e-06,7.33222598919334e-06,3.065811609089419e-11
1876,1.8919327909872052e-17,7.319535232696253e-06,1.249000902703301e-16,5.063365959845356e-08,5.180252298057812e-06,7.3195352326962525e-06,3.058504923778428e-11
1877,2.0111950299606107e-17,7.30673049779077e-06,2.7755575615628914e-17,5.051111062748248e-08,5.170417878311954e-06,7.3067304977907695e-06,3.051192749669334e-11
1878,2.1033522146218786e-17,7.293811783107145e-06,1.249000902703301e-16,5.038813433166922e-08,5.160569529750098e-06,7.293811783107144e-06,3.043875224458645e-11
1879,2.2063514210080015e-17,7.2807795849651935e-06,5.551115123125783e-17,5.026473648417351e-08,5.150764187628652e-06,7.280779584965193e-06,3.036552283562033e-11
1880,2.325613659981407e-17,7.267634451462751e-06,0.0,5.014092341326659e-08,5.140958931104425e-06,7.267634451462751e-06,3.029224118290373e-11
1881,6.938893903907228e-18,7.254377016551467e-06,2.7755575615628914e-17,5.0016713215583763e-08,5.131119710887393e-06,7.254377016551467e-06,3.02189047343406e-11
1882,6.938893903907228e-18,7.2410078067972456e-06,8.326672684688674e-17,4.989209079209189e-08,5.12124430829869e-06,7.2410078067972456e-06,3.014551655809886e-11
1883,6.938893903907228e-18,7.227527541771834e-06,2.7755575615628914e-17,4.9767073240225557e-08,5.111341677056579e-06,7.227527541771834e-06,3.0072076554845686e-11
1884,6.938893903907228e-18,7.213936846459007e-06,1.3877787807814457e-17,4.964166933074665e-08,5.101465203541373e-06,7.213936846459008e-06,2.9998581915253216e-11
1885,6.938893903907228e-18,7.200236816365057e-06,4.163336342344337e-17,4.951588739032786e-08,5.091555169784947e-06,7.200236816365056e-06,2.9925038973555675e-11
1886,6.938893903907228e-18,7.186428254349418e-06,6.938893903907228e-17,4.9389735967686477e-08,5.081621335777349e-06,7.186428254349418e-06,2.985144471121493e-11
1887,7.26415455565288e-18,7.172511993329409e-06,1.3877787807814457e-16,4.9263223500517483e-08,5.0716531184359505e-06,7.1725119933294096e-06,2.977780363632009e-11
1888,8.239936510889834e-18,7.158488896425954e-06,6.938893903907228e-17,4.913635942571659e-08,5.0616609524535e-06,7.158488896425956e-06,2.970411216162279e-11
1889,9.161508357502512e-18,7.144360188151087e-06,9.71445146547012e-17,4.900915306915721e-08,5.051759875930865e-06,7.1443601881510875e-06,2.963037768129957e-11
1890,1.0191500421363742e-17,7.13012698439893e-06,5.551115123125783e-17,4.888161420080195e-08,5.0418563583415705e-06,7.130126984398929e-06,2.955659839515344e-11
1891,1.1492543028346347e-17,7.115790048154e-06,2.7755575615628914e-17,4.875376513613361e-08,5.031923046019644e-06,7.115790048153999e-06,2.948277853703325e-11
1892,1.2468324983583301e-17,7.101350842145254e-06,4.163336342344337e-17,4.862559099816366e-08,5.021958642783617e-06,7.101350842145253e-06,2.9408916078272495e-11
1893,1.3877787807814457e-17,7.086810357104104e-06,5.551115123125783e-17,4.8497115434642524e-08,5.011969656543717e-06,7.086810357104105e-06,2.933501703045593e-11
1894,1.485356976305141e-17,7.072169760776627e-06,1.3877787807814457e-17,4.8368349325755844e-08,5.001981903851736e-06,7.072169760776627e-06,2.926108024019955e-11
1895,1.6046192152785466e-17,7.057430415438076e-06,5.551115123125783e-17,4.823930355168926e-08,4.99196930691446e-06,7.057430415438077e-06,2.918711018218908e-11
1896,1.6967763999398144e-17,7.042593706414761e-06,5.551115123125783e-17,4.810998965876223e-08,4.981939305691436e-06,7.0425937064147615e-06,2.9113104931844485e-11
1897,1.8106176280507924e-17,7.0276613708386405e-06,1.3877787807814457e-17,4.79804188602273e-08,4.9718794680428694e-06,7.02766137083864e-06,2.903907115417793e-11
1898,1.9136168344369153e-17,7.012634415270242e-06,5.551115123125783e-17,4.785060303547084e-08,4.961779588723366e-06,7.012634415270242e-06,2.8965010707878805e-11
1899,2.0057740190981832e-17,6.997514255335409e-06,2.7755575615628914e-17,4.772055428592381e-08,4.951647520654959e-06,6.997514255335408e-06,2.889092624028761e-11
1900,2.1033522146218786e-17,6.982302187951235e-06,9.71445146547012e-17,4.7590284379950276e-08,4.941524924559243e-06,6.982302187951235e-06,2.8816820179005358e-11
1901,6.938893903907228e-18,6.967000139751583e-06,4.163336342344337e-17,4.7459816299166846e-08,4.9314251000595285e-06,6.967000139751583e-06,2.874269326589223e-11
1902,6.938893903907228e-18,6.951609533234777e-06,1.3877787807814457e-17,4.732914238303465e-08,4.921356418967043e-06,6.951609533234777e-06,2.866854974703743e-11
1903,6.938893903907228e-18,6.936131417222069e-06,1.3877787807814457e-17,4.719828372579116e-08,4.911286274201162e-06,6.9361314172220695e-06,2.8594394991547577e-11
1904,6.938893903907228e-18,6.920567344498281e-06,9.71445146547012e-17,4.706725487135799e-08,4.901194572759847e-06,6.920567344498281e-06,2.852023052845823e-11
1905,6.938893903907228e-18,6.9049190933811185e-06,5.551115123125783e-17,4.6936067588099206e-08,4.891116559238519e-06,6.9049190933811185e-06,2.8446059431453826e-11
1906,6.938893903907228e-18,6.8891877290686155e-06,1.249000902703301e-16,4.680473586482492e-08,4.881021966773521e-06,6.889187729068615e-06,2.83718832525475e-11
1907,6.938893903907228e-18,6.873374887505441e-06,1.1102230246251565e-16,4.6673272580122216e-08,4.870919117303844e-06,6.87337488750544e-06,2.8297706484373604e-11
1908,7.209944447028604e-18,6.857481915965973e-06,5.551115123125783e-17,4.654169061257818e-08,4.8608182930475426e-06,6.857481915965972e-06,2.8223532360939854e-11
1909,8.131516293641283e-18,6.841511314234035e-06,1.3877787807814457e-17,4.641000383998062e-08,4.8506988573857434e-06,6.841511314234035e-06,2.814936480906712e-11
1910,9.486769009248164e-18,6.825464043871907e-06,0.0,4.6278225029894315e-08,4.840562262109288e-06,6.825464043871908e-06,2.8075205763958164e-11
1911,1.0191500421363742e-17,6.8093414266219275e-06,4.163336342344337e-17,4.614637927335963e-08,4.830412642182985e-06,6.809341426621928e-06,2.800106335437128e-11
1912,1.1275702593849246e-17,6.793145453502018e-06,4.163336342344337e-17,4.6014457466547753e-08,4.820252641642942e-06,6.793145453502018e-06,2.792693562485363e-11
1913,1.2305694657710475e-17,6.776877328836543e-06,2.7755575615628914e-17,4.5882484478454444e-08,4.8100746994890105e-06,6.7768773288365435e-06,2.7852829600707095e-11
1914,1.349831704744453e-17,6.76053884155232e-06,6.938893903907228e-17,4.5750474075845204e-08,4.799938441967531e-06,6.76053884155232e-06,2.777874643664639e-11
1915,1.441988889405721e-17,6.744131541531663e-06,2.7755575615628914e-17,4.561844002548554e-08,4.789812197711412e-06,6.744131541531663e-06,2.7704691431624116e-11
1916,1.5287250632045613e-17,6.727657021432196e-06,2.7755575615628914e-17,4.548639565005175e-08,4.779706593963042e-06,6.727657021432196e-06,2.763066924020681e-11
1917,1.588356182691264e-17,6.711116912761498e-06,0.0,4.535435504937624e-08,4.769589505467047e-06,6.711116912761499e-06,2.755668101458771e-11
1918,1.680513367352532e-17,6.694512834132721e-06,2.7755575615628914e-17,4.5222331435113006e-08,4.759441775898154e-06,6.694512834132721e-06,2.7482733280769168e-11
1919,1.7835125737386548e-17,6.67784639746494e-06,5.551115123125783e-17,4.509033835198295e-08,4.749281705033717e-06,6.67784639746494e-06,2.7408827016562696e-11
1920,1.8810907692623502e-17,6.661119548512047e-06,8.326672684688674e-17,4.4958389899818485e-08,4.739107278779006e-06,6.661119548512047e-06,2.7334969053859384e-11
1921,6.938893903907228e-18,6.644333681588642e-06,6.938893903907228e-17,4.482650861614701e-08,4.728915902376981e-06,6.644333681588641e-06,2.726115935457112e-11
1922,6.938893903907228e-18,6.6274903875732885e-06,5.551115123125783e-17,4.469468994905412e-08,4.718740775875319e-06,6.627490387573288e-06,2.7187406148102295e-11
1923,6.938893903907228e-18,6.610591637631007e-06,8.326672684688674e-17,4.4562955547888805e-08,4.70858369977169e-06,6.610591637631007e-06,2.7113712028285045e-11
1924,6.938893903907228e-18,6.593638890761988e-06,6.938893903907228e-17,4.443131940146117e-08,4.6984696389713835e-06,6.59363889076199e-06,2.704008056003672e-11
1925,6.938893903907228e-18,6.576633552982113e-06,1.6653345369377348e-16,4.429979527653671e-08,4.688359976118043e-06,6.576633552982115e-06,2.696651780222695e-11
1926,6.938893903907228e-18,6.559577235287284e-06,0.0,4.4168395829657925e-08,4.678213128449351e-06,6.559577235287284e-06,2.6893023435883138e-11
1927,6.938893903907228e-18,6.542471648500954e-06,8.326672684688674e-17,4.4037134716568005e-08,4.6680520322738905e-06,6.542471648500954e-06,2.6819605284271312e-11
1928,6.938893903907228e-18,6.525318551829367e-06,4.163336342344337e-17,4.390602492687634e-08,4.657882542134572e-06,6.525318551829367e-06,2.674626353370998e-11
1929,6.993104012531504e-18,6.5081196292956e-06,1.3877787807814457e-17,4.377507933917002e-08,4.6477158689426926e-06,6.5081196292956005e-06,2.667300730993851e-11
1930,8.565197162635485e-18,6.490876444161449e-06,0.0,4.364431094305843e-08,4.637543912916821e-06,6.49087644416145e-06,2.659983764935807e-11
1931,8.944667923005412e-18,6.473590805564332e-06,1.3877787807814457e-17,4.351374183197976e-08,4.6273466021004175e-06,6.473590805564332e-06,2.652675829348074e-11
1932,1.0028870095490916e-17,6.456264268114904e-06,1.3877787807814457e-17,4.3383365233573556e-08,4.617126697614496e-06,6.456264268114905e-06,2.6453772501855786e-11
1933,1.0625181290357943e-17,6.438898465854825e-06,1.3877787807814457e-17,4.325320390741183e-08,4.606906350588079e-06,6.438898465854824e-06,2.63808851920761e-11
1934,1.1492543028346347e-17,6.42149486399661e-06,1.1102230246251565e-16,4.312326995492555e-08,4.596680262456728e-06,6.42149486399661e-06,2.630810046459688e-11
1935,1.2468324983583301e-17,6.404055092576591e-06,9.71445146547012e-17,4.299357536652337e-08,4.586430938629336e-06,6.40405509257659e-06,2.6235422541164933e-11
1936,1.3173056395698879e-17,6.386580390591127e-06,1.1102230246251565e-16,4.286413246568088e-08,4.576223242569331e-06,6.386580390591128e-06,2.6162853741114844e-11
1937,1.3769367590565906e-17,6.36907305013982e-06,5.551115123125783e-17,4.2734953131784437e-08,4.5660116694345904e-06,6.369073050139818e-06,2.6090400373112642e-11
1938,1.4907779871675686e-17,6.351533967468405e-06,0.0,4.2606049022175796e-08,4.5558000766614975e-06,6.351533967468405e-06,2.601806388408586e-11
1939,1.5720931501039814e-17,6.333964605490666e-06,9.71445146547012e-17,4.2477431572152113e-08,4.545576859836622e-06,6.333964605490664e-06,2.5945849372806886e-11
1940,1.6479873021779667e-17,6.316367134611317e-06,4.163336342344337e-17,4.234911221701054e-08,4.535345230605686e-06,6.316367134611317e-06,2.587375945603424e-11
1941,6.938893903907228e-18,6.298742924421468e-06,5.551115123125783e-17,4.2221110385654015e-08,4.52514418053419e-06,6.298742924421468e-06,2.5801797541303132e-11
1942,1.0408340855860843e-17,6.281093904652574e-06,4.163336342344337e-17,4.209342119310122e-08,4.514941910622552e-06,6.281093904652574e-06,2.5729971950534743e-11
1943,6.938893903907228e-18,6.263421315977698e-06,6.938893903907228e-17,4.196606218087595e-08,4.504741591699256e-06,6.263421315977697e-06,2.565827889245759e-11
1944,6.938893903907228e-18,6.245726097819952e-06,8.326672684688674e-17,4.1839045117342266e-08,4.494521876519791e-06,6.245726097819952e-06,2.558672782719757e-11
1945,6.938893903907228e-18,6.228009756434732e-06,8.326672684688674e-17,4.1712379883485085e-08,4.484294136810098e-06,6.228009756434732e-06,2.5515318930423233e-11
1946,6.938893903907228e-18,6.2102738527341515e-06,1.249000902703301e-16,4.1586076804378536e-08,4.474066106761011e-06,6.2102738527341515e-06,2.5444058919087392e-11
1947,6.938893903907228e-18,6.19251979148776e-06,5.551115123125783e-17,4.146014587202984e-08,4.463825989469934e-06,6.19251979148776e-06,2.5372948120410702e-11
1948,6.938893903907228e-18,6.174749115088688e-06,1.249000902703301e-16,4.133459707844622e-08,4.4535826060739255e-06,6.1747491150886885e-06,2.5301991777509178e-11
1949,6.938893903907228e-18,6.156963247294398e-06,1.3877787807814457e-17,4.120943986052339e-08,4.4433319993032336e-06,6.156963247294399e-06,2.523119073538688e-11
1950,7.26415455565288e-18,6.139163705517255e-06,8.326672684688674e-17,4.108468310004554e-08,4.433104232373144e-06,6.1391637055172555e-06,2.516055225639349e-11
1951,1.0408340855860843e-17,6.121352117051263e-06,4.163336342344337e-17,4.0960344671603366e-08,4.4228754889797855e-06,6.121352117051262e-06,2.5090075038518155e-11
1952,8.782037597132586e-18,6.103530093189129e-06,2.7755575615628914e-17,4.083641624852419e-08,4.4126212320263875e-06,6.10353009318913e-06,2.5019766798566844e-11
1953,9.486769009248164e-18,6.08569872513807e-06,8.326672684688674e-17,4.071291492824258e-08,4.402354920763592e-06,6.08569872513807e-06,2.4949627780110772e-11
1954,1.0137290312739466e-17,6.0678596385921805e-06,5.551115123125783e-17,4.058984959254275e-08,4.392107682091877e-06,6.0678596385921805e-06,2.4879661682420674e-11
1955,1.0679391398982219e-17,6.0500144360375015e-06,6.938893903907228e-17,4.0467227901963554e-08,4.3818409285723016e-06,6.050014436037501e-06,2.4809872050784563e-11
1956,1.1546753136970622e-17,6.032166244990864e-06,1.249000902703301e-16,4.034505762806617e-08,4.3715625216161535e-06,6.032166244990864e-06,2.4740260330640675e-11
1957,1.22514845490862e-17,6.014314445971495e-06,1.3877787807814457e-17,4.022334687547868e-08,4.361291436210328e-06,6.014314445971495e-06,2.467083237591038e-11
1958,1.3227266504323154e-17,5.99646071254582e-06,0.0,4.010210274962844e-08,4.351009458028695e-06,5.99646071254582e-06,2.460158763196312e-11
1959,1.3715157481941631e-17,5.97860636446606e-06,1.5265566588595902e-16,3.9981332022875904e-08,4.3407517256119975e-06,5.97860636446606e-06,2.45325297210116e-11
1960,1.463672932855431e-17,5.960752618238373e-06,0.0,3.986104257780454e-08,4.3304859849424074e-06,5.9607526182383725e-06,2.4463661603877673e-11
1961,6.938893903907228e-18,5.942900932449248e-06,8.326672684688674e-17,3.974124707095683e-08,4.32021925828619e-06,5.942900932449248e-06,2.4394986658513024e-11
1962,6.938893903907228e-18,5.925053834848682e-06,8.326672684688674e-17,3.962193895201693e-08,4.309932793386773e-06,5.925053834848682e-06,2.4326506144685723e-11
1963,6.938893903907228e-18,5.907211577036335e-06,9.71445146547012e-17,3.9503129656282e-08,4.299631337222065e-06,5.907211577036336e-06,2.4258224854540246e-11
1964,6.938893903907228e-18,5.8893754493053995e-06,2.7755575615628914e-17,3.9384826178157084e-08,4.289320885348687e-06,5.889375449305399e-06,2.4190143105851703e-11
1965,6.938893903907228e-18,5.871546713856804e-06,2.7755575615628914e-17,3.926703406875731e-08,4.278993754157084e-06,5.871546713856804e-06,2.4122261786307214e-11
1966,6.938893903907228e-18,5.853727145797587e-06,0.0,3.91497586571532e-08,4.268654776926913e-06,5.853727145797587e-06,2.405458669143848e-11
1967,6.938893903907228e-18,5.835918243055185e-06,0.0,3.903300505037066e-08,4.258303884674132e-06,5.835918243055185e-06,2.398711733557262e-11
1968,6.938893903907228e-18,5.8181214740760915e-06,2.7755575615628914e-17,3.89167778003241e-08,4.247943194379685e-06,5.818121474076092e-06,2.391985723858377e-11
1969,6.938893903907228e-18,5.800337490351331e-06,4.163336342344337e-17,3.8801082125061725e-08,4.237569699186816e-06,5.800337490351331e-06,2.3852808425853e-11
1970,6.938893903907228e-18,5.782567604937923e-06,2.7755575615628914e-17,3.868592179934183e-08,4.227198676671384e-06,5.782567604937923e-06,2.3785970139445125e-11
1971,6.938893903907228e-18,5.764813167129367e-06,1.1102230246251565e-16,3.857130892459537e-08,4.216826598897062e-06,5.764813167129367e-06,2.37193503563105e-11
1972,7.535205098774256e-18,5.747075336476621e-06,5.551115123125783e-17,3.8457231621435994e-08,4.206446075873454e-06,5.747075336476621e-06,2.365294431520551e-11
1973,8.239936510889834e-18,5.729355581925198e-06,9.71445146547012e-17,3.834370132516085e-08,4.1960682886340276e-06,5.729355581925197e-06,2.3586756638877875e-11
1974,8.72782748850831e-18,5.711655037262598e-06,9.71445146547012e-17,3.8230721921550526e-08,4.1856864119857544e-06,5.711655037262599e-06,2.3520789440927814e-11
1975,9.486769009248164e-18,5.693978598793646e-06,2.7755575615628914e-17,3.811829563105107e-08,4.1753059367585765e-06,5.693978598793647e-06,2.3455043897166238e-11
1976,1.0028870095490916e-17,5.676324236962094e-06,1.3877787807814457e-17,3.8006426228420764e-08,4.164924745139971e-06,5.676324236962094e-06,2.33895209205014e-11
1977,1.0679391398982219e-17,5.658693152679388e-06,9.71445146547012e-17,3.789511537899415e-08,4.1545382565438134e-06,5.658693152679388e-06,2.3324222844782555e-11
1978,1.1329912702473521e-17,5.641086959477642e-06,0.0,3.778436630241799e-08,4.144136842887832e-06,5.641086959477641e-06,2.3259148553586035e-11
1979,1.2034644114589099e-17,5.623506518683437e-06,2.7755575615628914e-17,3.7674180219937625e-08,4.13373018947792e-06,5.623506518683437e-06,2.3194304519943004e-11
1980,1.2468324983583301e-17,5.605953235716598e-06,1.3877787807814457e-17,3.7564559685066e-08,4.123305711162264e-06,5.605953235716598e-06,2.3129687560022557e-11
1981,6.938893903907228e-18,5.5884279679318295e-06,2.7755575615628914e-17,3.745551235834199e-08,4.11286504719995e-06,5.5884279679318295e-06,2.3065300071850202e-11
1982,6.938893903907228e-18,5.57093195168209e-06,5.551115123125783e-17,3.734702758162456e-08,4.102411640605919e-06,5.57093195168209e-06,2.3001141716768545e-11
1983,6.938893903907228e-18,5.553466371165897e-06,4.163336342344337e-17,3.723911135011804e-08,4.091945418462578e-06,5.553466371165895e-06,2.2937215012046514e-11
1984,6.938893903907228e-18,5.536032500775143e-06,6.938893903907228e-17,3.713176577324617e-08,4.081489320754429e-06,5.536032500775143e-06,2.287352063287961e-11
1985,6.938893903907228e-18,5.518631445406114e-06,1.3877787807814457e-17,3.702499140612048e-08,4.071024850631337e-06,5.518631445406114e-06,2.2810061462292212e-11
1986,6.938893903907228e-18,5.501264501114283e-06,1.249000902703301e-16,3.691878847078556e-08,4.060552055989171e-06,5.501264501114283e-06,2.27468357360829e-11
1987,6.938893903907228e-18,5.483932803646797e-06,6.938893903907228e-17,3.681315741133062e-08,4.050057667972974e-06,5.483932803646797e-06,2.268384403920704e-11
1988,6.938893903907228e-18,5.466637471531042e-06,6.938893903907228e-17,3.670809811673337e-08,4.039552968041899e-06,5.466637471531042e-06,2.2621087463051296e-11
1989,6.938893903907228e-18,5.449379739278759e-06,1.5265566588595902e-16,3.66036106980161e-08,4.029041815275264e-06,5.449379739278759e-06,2.2558570114769904e-11
1990,6.938893903907228e-18,5.432160691242e-06,1.3877787807814457e-17,3.649969426700039e-08,4.018525438924673e-06,5.432160691241999e-06,2.2496287362888576e-11
1991,6.938893903907228e-18,5.414981594565658e-06,2.7755575615628914e-17,3.63963554850244e-08,4.007992694605286e-06,5.414981594565658e-06,2.2434240949498e-11
1992,6.938893903907228e-18,5.397843486640016e-06,1.5265566588595902e-16,3.629357947509959e-08,3.997455189923085e-06,5.397843486640017e-06,2.2372434548517464e-11
1993,7.15573433840433e-18,5.380747441200325e-06,2.7755575615628914e-17,3.61913724544749e-08,3.9869056821609955e-06,5.380747441200324e-06,2.2310864485837408e-11
1994,1.0408340855860843e-17,5.363694963592593e-06,1.5265566588595902e-16,3.60897330908827e-08,3.97633963562238e-06,5.363694963592593e-06,2.224953208033444e-11
1995,8.456776945386935e-18,5.3466867509331995e-06,6.938893903907228e-17,3.598865971898846e-08,3.965758737490535e-06,5.346686750933199e-06,2.2188436957041592e-11
1996,9.215718466126788e-18,5.329724219742899e-06,0.0,3.588815122856914e-08,3.9551729327349e-06,5.329724219742899e-06,2.2127581608376598e-11
1997,9.432558900623889e-18,5.312808230134778e-06,5.551115123125783e-17,3.578820562122331e-08,3.9445704080219785e-06,5.312808230134777e-06,2.206696637331069e-11
1998,9.974659986866641e-18,5.295939887345855e-06,5.551115123125783e-17,3.568882089854952e-08,3.933951662477754e-06,5.295939887345855e-06,2.2006588830825718e-11
1999,1.0679391398982219e-17,5.279120430842609e-06,5.551115123125783e-17,3.5589994840101724e-08,3.92331994207794e-06,5.27912043084261e-06,2.194644951627106e-11
2000,1.111307226797642e-17,5.262350730754029e-06,8.326672684688674e-17,3.549172489236696e-08,3.912693230608938e-06,5.262350730754029e-06,2.188654959079046e-11
2001,6.938893903907228e-18,5.245631885600803e-06,4.163336342344337e-17,3.539401505214812e-08,3.902058262040806e-06,5.245631885600803e-06,2.1826885266794074e-11
2002,6.938893903907228e-18,5.2289648951877775e-06,2.7755575615628914e-17,3.529685066450128e-08,3.891429746947199e-06,5.2289648951877775e-06,2.176746015585408e-11
2003,6.938893903907228e-18,5.2123506630180195e-06,4.163336342344337e-17,3.5200234504983996e-08,3.880794291380751e-06,5.212350663018019e-06,2.170827384936372e-11
2004,6.938893903907228e-18,5.195790174442462e-06,6.938893903907228e-17,3.51041633539495e-08,3.870148251934625e-06,5.195790174442462e-06,2.1649324325259212e-11
2005,6.938893903907228e-18,5.179284426861453e-06,2.7755575615628914e-17,3.500863476890714e-08,3.8595071662699765e-06,5.179284426861453e-06,2.1590609750493482e-11
2006,6.938893903907228e-18,5.162834475802972e-06,1.3877787807814457e-17,3.491364519714324e-08,3.8488650012617655e-06,5.1628344758029726e-06,2.1532133730778017e-11
2007,6.938893903907228e-18,5.146442362862201e-06,5.551115123125783e-17,3.481919108594411e-08,3.838212857543177e-06,5.146442362862201e-06,2.1473893177618447e-11
2008,6.938893903907228e-18,5.130107775459951e-06,1.3877787807814457e-17,3.472526888259608e-08,3.82755255022785e-06,5.130107775459952e-06,2.141588846083784e-11
2009,6.938893903907228e-18,5.113831780553906e-06,5.551115123125783e-17,3.463187492336317e-08,3.816898945051871e-06,5.113831780553906e-06,2.1358118064350196e-11
2010,6.938893903907228e-18,5.097615362263209e-06,1.3877787807814457e-17,3.453900543348709e-08,3.8062466496193664e-06,5.097615362263209e-06,2.130058249648594e-11
2011,6.938893903907228e-18,5.081460513803386e-06,1.3877787807814457e-17,3.4446662189324684e-08,3.79558708668029e-06,5.081460513803386e-06,2.1243281278457777e-11
2012,6.938893903907228e-18,5.065366761759683e-06,8.326672684688674e-17,3.435482909264209e-08,3.7849207786169294e-06,5.065366761759683e-06,2.1186212883368637e-11
2013,6.938893903907228e-18,5.049335034031908e-06,4.163336342344337e-17,3.4263508363885364e-08,3.774251085752071e-06,5.0493350340319085e-06,2.112937536511772e-11
2014,6.938893903907228e-18,5.033366170080257e-06,2.7755575615628914e-17,3.41726953401178e-08,3.7635773557692787e-06,5.033366170080257e-06,2.1072769883015395e-11
2015,7.697835424647081e-18,5.017461106430144e-06,5.551115123125783e-17,3.40823858024919e-08,3.7529056418335064e-06,5.017461106430144e-06,2.101639549077108e-11
2016,7.968885967768458e-18,5.001620647330059e-06,1.3877787807814457e-17,3.399257486602636e-08,3.742250866147377e-06,5.001620647330059e-06,2.0960249870716372e-11
2017,8.565197162635485e-18,4.985845546417013e-06,1.1102230246251565e-16,3.3903258311873685e-08,3.7316092953530284e-06,4.985845546417014e-06,2.0904332664154387e-11
2018,9.053088140253962e-18,4.970136612776772e-06,1.249000902703301e-16,3.3814431033007963e-08,3.7209756047536955e-06,4.970136612776772e-06,2.0848643200202695e-11
2019,9.486769009248164e-18,4.954494654288337e-06,2.7755575615628914e-17,3.372608847751479e-08,3.710345868823545e-06,4.954494654288337e-06,2.0793180439507413e-11
2020,9.974659986866641e-18,4.938920371250127e-06,1.3877787807814457e-17,3.363822542734596e-08,3.6997162016314268e-06,4.938920371250127e-06,2.0737943142911396e-11
2021,6.938893903907228e-18,4.923414541683807e-06,4.163336342344337e-17,3.3550842215568366e-08,3.689087004910835e-06,4.923414541683807e-06,2.068293134738651e-11
2022,6.938893903907228e-18,4.907977910781908e-06,1.3877787807814457e-17,3.346392363212658e-08,3.678461721542372e-06,4.907977910781908e-06,2.0628142719430975e-11
2023,6.938893903907228e-18,4.892611157557737e-06,0.0,3.3377469010886784e-08,3.6678362937888063e-06,4.8926111575577366e-06,2.057357589317569e-11
2024,6.938893903907228e-18,4.877314917794152e-06,2.7755575615628914e-17,3.329147391095688e-08,3.6572158167469248e-06,4.877314917794152e-06,2.0519228470857494e-11
2025,6.938893903907228e-18,4.862089931425527e-06,8.326672684688674e-17,3.320593244815484e-08,3.6465996824224753e-06,4.862089931425527e-06,2.0465102615388553e-11
2026,6.938893903907228e-18,4.8469368977883535e-06,1.3877787807814457e-17,3.312083973749935e-08,3.6359934490633317e-06,4.8469368977883535e-06,2.0411195283515362e-11
2027,6.938893903907228e-18,4.831856426957884e-06,5.551115123125783e-17,3.303619000583069e-08,3.625392194234698e-06,4.831856426957884e-06,2.0357503926523257e-11
2028,6.938893903907228e-18,4.81684904923114e-06,4.163336342344337e-17,3.295197803510064e-08,3.614802298454795e-06,4.816849049231139e-06,2.0304027502700243e-11
2029,6.938893903907228e-18,4.801915404345125e-06,5.551115123125783e-17,3.2868198052149467e-08,3.604220780496058e-06,4.8019154043451245e-06,2.025076709638878e-11
2030,6.938893903907228e-18,4.787056046176178e-06,4.163336342344337e-17,3.2784844616884357e-08,3.5936474388230277e-06,4.787056046176177e-06,2.019772149579926e-11
2031,6.938893903907228e-18,4.772271551998902e-06,8.326672684688674e-17,3.270191784032761e-08,3.5830778865879193e-06,4.772271551998902e-06,2.014488745291968e-11
2032,6.938893903907228e-18,4.757562482924221e-06,1.3877787807814457e-17,3.261940073606695e-08,3.572519740575334e-06,4.757562482924221e-06,2.0092262321509e-11
2033,6.938893903907228e-18,4.7429292910286174e-06,5.551115123125783e-17,3.253729330410238e-08,3.5619701938576384e-06,4.7429292910286174e-06,2.003984607906653e-11
2034,6.938893903907228e-18,4.728372410349786e-06,1.1102230246251565e-16,3.245559010434107e-08,3.551439375499126e-06,4.7283724103497865e-06,1.9987637298453518e-11
2035,6.938893903907228e-18,4.713892430203928e-06,4.163336342344337e-17,3.2374285141578696e-08,3.5409260295593087e-06,4.713892430203928e-06,1.9935634083671094e-11
2036,7.426784881525705e-18,4.699489772122483e-06,0.0,3.229337286470013e-08,3.5304268402986613e-06,4.699489772122483e-06,1.9883836496371293e-11
2037,7.697835424647081e-18,4.685164859072756e-06,6.938893903907228e-17,3.221284738952335e-08,3.5199358300880128e-06,4.685164859072755e-06,1.9832241506894388e-11
2038,8.185726402265558e-18,4.670918122337664e-06,0.0,3.213270283186631e-08,3.5094648718190963e-06,4.6709181223376645e-06,1.9780849825192065e-11
2039,8.61940727125976e-18,4.656749888976718e-06,4.163336342344337e-17,3.2052933751636203e-08,3.4990110052976955e-06,4.656749888976718e-06,1.9729654517909507e-11
2040,8.890457814381136e-18,4.642660563021036e-06,2.7755575615628914e-17,3.197353415362869e-08,3.4885724157170163e-06,4.642660563021036e-06,1.9678660416002086e-11
2041,6.938893903907228e-18,4.6286504287469835e-06,2.7755575615628914e-17,3.189450281659845e-08,3.4781499550492044e-06,4.6286504287469835e-06,1.9627863158308516e-11
2042,6.938893903907228e-18,4.614719810420311e-06,1.5265566588595902e-16,3.181582519662385e-08,3.467747234989759e-06,4.614719810420311e-06,1.957725977462576e-11
2043,6.938893903907228e-18,4.600869137438994e-06,8.326672684688674e-17,3.173749929530345e-08,3.457370977002189e-06,4.600869137438994e-06,1.9526849550757108e-11
2044,6.938893903907228e-18,4.587098722605145e-06,2.7755575615628914e-17,3.1659519783566736e-08,3.44701221390641e-06,4.587098722605145e-06,1.9476630929491358e-11
2045,6.938893903907228e-18,4.57340865717624e-06,8.326672684688674e-17,3.158188111029858e-08,3.4366743821081992e-06,4.57340865717624e-06,1.9426602499531578e-11
2046,6.938893903907228e-18,4.559799333296334e-06,0.0,3.1504577280294654e-08,3.4263554927733036e-06,4.559799333296334e-06,1.937676225907262e-11
2047,6.938893903907228e-18,4.5462708913626855e-06,8.326672684688674e-17,3.142760263141753e-08,3.416060193834074e-06,4.5462708913626855e-06,1.932710965647643e-11
2048,6.938893903907228e-18,4.532823644489119e-06,8.326672684688674e-17,3.135095150152978e-08,3.4057828395667944e-06,4.532823644489119e-06,1.9277641806454997e-11
2049,6.938893903907228e-18,4.519457550061217e-06,6.938893903907228e-17,3.127461800644937e-08,3.3955298407449453e-06,4.519457550061217e-06,1.9228358113216194e-11
2050,6.938893903907228e-18,4.50617273908409e-06,1.1102230246251565e-16,3.11985970391504e-08,3.3853024721925044e-06,4.506172739084089e-06,1.9179258286898755e-11
2051,6.938893903907228e-18,4.492969372108227e-06,1.3877787807814457e-17,3.112288726736523e-08,3.3751074529550157e-06,4.4929693721082265e-06,1.9130338261421486e-11
2052,6.938893903907228e-18,4.479847434368993e-06,8.326672684688674e-17,3.1047473481038423e-08,3.3649361422529797e-06,4.479847434368992e-06,1.9081595773898245e-11
2053,6.938893903907228e-18,4.46680705119911e-06,1.3877787807814457e-17,3.097235523608077e-08,3.3547887672885613e-06,4.46680705119911e-06,1.9033029302115015e-11
2054,6.938893903907228e-18,4.453848280891876e-06,4.163336342344337e-17,3.089752675933255e-08,3.3446623482603107e-06,4.453848280891876e-06,1.898464015548238e-11
2055,6.938893903907228e-18,4.440971161231281e-06,9.71445146547012e-17,3.082298294376784e-08,3.3345560541306373e-06,4.440971161231281e-06,1.8936423157120012e-11
2056,6.938893903907228e-18,4.428175660991589e-06,1.3877787807814457e-17,3.074871801622692e-08,3.3244800670255087e-06,4.428175660991589e-06,1.888837952338088e-11
2057,7.15573433840433e-18,4.4154616878171225e-06,0.0,3.0674726869683866e-08,3.3144263668171675e-06,4.415461687817123e-06,1.8840504804508047e-11
2058,7.48099499014998e-18,4.4028292291977945e-06,6.938893903907228e-17,3.060100384200126e-08,3.3043952763876644e-06,4.4028292291977945e-06,1.8792799995888035e-11
2059,7.806255641895632e-18,4.390278194572318e-06,0.0,3.0527543937175494e-08,3.2943994437167715e-06,4.390278194572317e-06,1.8745260930738488e-11
2060,8.239936510889834e-18,4.377808529013618e-06,8.326672684688674e-17,3.0454341826136044e-08,3.284439017192862e-06,4.377808529013618e-06,1.8697886933916333e-11
2061,6.938893903907228e-18,4.36542035613884e-06,2.7755575615628914e-17,3.038139650968219e-08,3.274515293646979e-06,4.36542035613884e-06,1.8650676576438453e-11
2062,6.938893903907228e-18,4.353113862937251e-06,2.7755575615628914e-17,3.0308694665137637e-08,3.264620475717819e-06,4.353113862937251e-06,1.8603628690698196e-11
2063,6.938893903907228e-18,4.3408882183076225e-06,4.163336342344337e-17,3.0236235071257056e-08,3.254751392002437e-06,4.3408882183076225e-06,1.8556740625958612e-11
2064,6.938893903907228e-18,4.328743358943949e-06,4.163336342344337e-17,3.0164012621014535e-08,3.24491548768433e-06,4.32874335894395e-06,1.851000980046088e-11
2065,6.938893903907228e-18,4.316679067639318e-06,1.5265566588595902e-16,3.009202265147337e-08,3.235112292087156e-06,4.316679067639318e-06,1.8463435581826056e-11
2066,6.938893903907228e-18,4.304695009644584e-06,1.3877787807814457e-17,3.002026038867456e-08,3.2253399910165084e-06,4.304695009644584e-06,1.8417016317550177e-11
2067,6.938893903907228e-18,4.292790954631028e-06,2.7755575615628914e-17,2.9948720836614484e-08,3.215605655542833e-06,4.292790954631028e-06,1.837075156085185e-11
2068,6.938893903907228e-18,4.280966661268677e-06,1.3877787807814457e-17,2.9877399221334144e-08,3.2059088187347262e-06,4.280966661268678e-06,1.832464011049753e-11
2069,6.938893903907228e-18,4.2692218084089315e-06,8.326672684688674e-17,2.980629099091914e-08,3.1962435769782816e-06,4.269221808408932e-06,1.8278676087898127e-11
2070,6.938893903907228e-18,4.257556085570102e-06,2.7755575615628914e-17,2.9735391704477365e-08,3.186616188930403e-06,4.257556085570102e-06,1.8232861480229897e-11
2071,6.938893903907228e-18,4.245969115884716e-06,0.0,2.9664700695875013e-08,3.1770236551437074e-06,4.245969115884717e-06,1.818719514738636e-11
2072,6.938893903907228e-18,4.2344606001740366e-06,1.1102230246251565e-16,2.959420486448039e-08,3.1674623258403628e-06,4.2344606001740366e-06,1.8141671702320904e-11
2073,6.938893903907228e-18,4.2230303457519056e-06,4.163336342344337e-17,2.95239044323381e-08,3.1579334089263202e-06,4.2230303457519056e-06,1.8096292891441702e-11
2074,6.938893903907228e-18,4.211678430246078e-06,0.0,2.9453794958556045e-08,3.148436995002225e-06,4.211678430246078e-06,1.8051055785321286e-11
2075,6.938893903907228e-18,4.200403747073559e-06,5.551115123125783e-17,2.9383872335309036e-08,3.138976655306554e-06,4.200403747073559e-06,1.8005959086205802e-11
2076,6.938893903907228e-18,4.189205839961151e-06,2.7755575615628914e-17,2.931413245477188e-08,3.1295578790440134e-06,4.189205839961152e-06,1.7961001730784572e-11
2077,6.938893903907228e-18,4.178084102800927e-06,1.3877787807814457e-17,2.9244570765030176e-08,3.1201786309164206e-06,4.178084102800927e-06,1.7916181803480654e-11
2078,6.938893903907228e-18,4.167038169212552e-06,8.326672684688674e-17,2.9175183602347943e-08,3.1108342037366527e-06,4.167038169212552e-06,1.7871495560563482e-11
2079,7.15573433840433e-18,4.156067366882728e-06,1.3877787807814457e-17,2.9105966969922292e-08,3.101527595811445e-06,4.156067366882728e-06,1.7826945803484866e-11
2080,7.426784881525705e-18,4.145171269708109e-06,8.326672684688674e-17,2.903691709299494e-08,3.0922622037449827e-06,4.145171269708109e-06,1.7782527418727735e-11
2081,6.938893903907228e-18,4.134349404798121e-06,4.163336342344337e-17,2.8968033749521283e-08,3.0830322972126355e-06,4.134349404798121e-06,1.773824142344144e-11
2082,6.938893903907228e-18,4.123601116770697e-06,4.163336342344337e-17,2.8899305948293375e-08,3.073841845014444e-06,4.1236011167706975e-06,1.769408402791612e-11
2083,6.938893903907228e-18,4.112925793031837e-06,1.3877787807814457e-17,2.883073346726661e-08,3.0646896769481927e-06,4.112925793031837e-06,1.7650055491571328e-11
2084,6.938893903907228e-18,4.102322785455879e-06,0.0,2.8762313086794222e-08,3.0555750492801244e-06,4.102322785455879e-06,1.7606155174259084e-11
2085,6.938893903907228e-18,4.091791494544178e-06,5.551115123125783e-17,2.8694041254162528e-08,3.046497270583377e-06,4.091791494544178e-06,1.7562378698920127e-11
2086,6.938893903907228e-18,4.0813313051031396e-06,9.71445146547012e-17,2.8625914527680152e-08,3.037458101165263e-06,4.0813313051031396e-06,1.751872723398099e-11
2087,6.938893903907228e-18,4.07094143007795e-06,1.3877787807814457e-17,2.8557929687700323e-08,3.0284621264489397e-06,4.07094143007795e-06,1.7475197779900433e-11
2088,6.938893903907228e-18,4.060621269175435e-06,1.3877787807814457e-16,2.8490083625598572e-08,3.0195080527046514e-06,4.060621269175435e-06,1.743178900543529e-11
2089,6.938893903907228e-18,4.050370219966504e-06,1.3877787807814457e-17,2.842237312172813e-08,3.010594166229941e-06,4.050370219966505e-06,1.73885004009504e-11
2090,6.938893903907228e-18,4.040187423193463e-06,0.0,2.835479495644222e-08,3.0017271179473407e-06,4.040187423193463e-06,1.734533010163485e-11
2091,6.938893903907228e-18,4.030072222920398e-06,0.0,2.8287350350986173e-08,2.992900504722037e-06,4.030072222920398e-06,1.7302275244231024e-11
2092,6.938893903907228e-18,4.02002380981223e-06,2.7755575615628914e-17,2.822002853619665e-08,2.984118351111728e-06,4.020023809812229e-06,1.725933753561693e-11
2093,6.938893903907228e-18,4.010041484650145e-06,2.7755575615628914e-17,2.8152830511274374e-08,2.9753756964999954e-06,4.010041484650145e-06,1.721651342411385e-11
2094,6.938893903907228e-18,4.000124437336531e-06,1.6653345369377348e-16,2.8085753278617176e-08,2.966673563273332e-06,4.000124437336531e-06,1.717380094590158e-11
2095,6.938893903907228e-18,3.990271876029784e-06,2.7755575615628914e-17,2.8018794950845916e-08,2.9580146488091753e-06,3.990271876029785e-06,1.7131201744135048e-11
2096,6.938893903907228e-18,3.980483024452119e-06,1.1102230246251565e-16,2.795195219729152e-08,2.949398868351341e-06,3.980483024452119e-06,1.708871192785749e-11
2097,6.938893903907228e-18,3.970757012457903e-06,0.0,2.7885223352619448e-08,2.9408297224786023e-06,3.970757012457904e-06,1.7046334377268116e-11
2098,6.938893903907228e-18,3.961093104692799e-06,1.1102230246251565e-16,2.7818605419227538e-08,2.932306134901246e-06,3.961093104692799e-06,1.7004062888894127e-11
2099,6.938893903907228e-18,3.951490415460215e-06,6.938893903907228e-17,2.775209628769204e-08,2.923821365453549e-06,3.951490415460215e-06,1.6961897765789392e-11
2100,6.993104012531504e-18,3.94194808362114e-06,1.3877787807814457e-17,2.7685693515522303e-08,2.915379006827597e-06,3.94194808362114e-06,1.6919837205006473e-11
2101,6.938893903907228e-18,3.9324652460545e-06,2.7755575615628914e-17,2.761939876805286e-08,2.90697874816528e-06,3.9324652460545e-06,1.687788180466576e-11
2102,6.938893903907228e-18,3.923041059634159e-06,1.3877787807814457e-17,2.7553203052477215e-08,2.8986196844586712e-06,3.923041059634158e-06,1.6836031883930547e-11
2103,6.938893903907228e-18,3.91367458811002e-06,0.0,2.7487107145951484e-08,2.8903085290729977e-06,3.91367458811002e-06,1.6794283274835736e-11
2104,6.938893903907228e-18,3.904364987369008e-06,1.3877787807814457e-17,2.7421109716208036e-08,2.882041161688555e-06,3.904364987369008e-06,1.6752635135696165e-11
2105,6.938893903907228e-18,3.895111330166947e-06,0.0,2.7355208653823126e-08,2.8738184497993804e-06,3.895111330166947e-06,1.6711088499875514e-11
2106,6.938893903907228e-18,3.885912729059173e-06,8.326672684688674e-17,2.7289402626529125e-08,2.8656355074167693e-06,3.885912729059173e-06,1.6669641579842616e-11
2107,6.938893903907228e-18,3.876768247177964e-06,1.3877787807814457e-17,2.722368941387998e-08,2.857492396674213e-06,3.876768247177964e-06,1.662829122349579e-11
2108,6.938893903907228e-18,3.867676909827634e-06,9.71445146547012e-17,2.7158068016674974e-08,2.8493918951447653e-06,3.867676909827633e-06,1.6587039370676093e-11
2109,6.938893903907228e-18,3.858637907491243e-06,4.163336342344337e-17,2.7092536103445752e-08,2.8413422433930693e-06,3.858637907491242e-06,1.6545880189472175e-11
2110,6.938893903907228e-18,3.849650186359923e-06,5.551115123125783e-17,2.7027092786013895e-08,2.833335471046982e-06,3.849650186359923e-06,1.6504819138937548e-11
2111,6.938893903907228e-18,3.840712856190133e-06,1.6653345369377348e-16,2.696174017380315e-08,2.8253773241177333e-06,3.840712856190133e-06,1.646385033793467e-11
2112,6.938893903907228e-18,3.831824926419931e-06,8.326672684688674e-17,2.689646938502932e-08,2.81746358164897e-06,3.831824926419931e-06,1.6422975160793256e-11
2113,6.938893903907228e-18,3.822985459871985e-06,6.938893903907228e-17,2.683128297320536e-08,2.809594381634492e-06,3.822985459871985e-06,1.638219138325932e-11
2114,6.938893903907228e-18,3.8141935406439662e-06,1.3877787807814457e-17,2.6766180050152855e-08,2.8017684598419034e-06,3.8141935406439662e-06,1.6341499256382273e-11
2115,6.938893903907228e-18,3.8054481822441374e-06,2.7755575615628914e-17,2.670115928360417e-08,2.7939884643524283e-06,3.8054481822441374e-06,1.630089685211796e-11
2116,6.938893903907228e-18,3.7967485918988525e-06,4.163336342344337e-17,2.663621945231398e-08,2.7862552264903367e-06,3.7967485918988525e-06,1.626038398140265e-11
2117,6.938893903907228e-18,3.7880935722811258e-06,2.7755575615628914e-17,2.6571359668103867e-08,2.7785647254386112e-06,3.788093572281126e-06,1.621996129036773e-11
2118,6.938893903907228e-18,3.779482176201384e-06,8.326672684688674e-17,2.6506579264840013e-08,2.770920092380856e-06,3.7794821762013835e-06,1.6179625498694137e-11
2119,6.938893903907228e-18,3.770913391009279e-06,1.5265566588595902e-16,2.6441877132299396e-08,2.7633178852069347e-06,3.770913391009279e-06,1.6139378297825845e-11
2120,6.938893903907228e-18,3.762386279827941e-06,5.551115123125783e-17,2.6377252493325898e-08,2.7557562509303592e-06,3.7623862798279413e-06,1.6099216893635503e-11
2121,6.938893903907228e-18,3.7538998276785065e-06,5.551115123125783e-17,2.631270767938787e-08,2.7482379687118277e-06,3.7538998276785065e-06,1.60591391858174e-11
2122,6.938893903907228e-18,3.7454531413122605e-06,9.71445146547012e-17,2.624823625119177e-08,2.7407695544788654e-06,3.7454531413122597e-06,1.6019148129123733e-11
2123,6.938893903907228e-18,3.7370450645249075e-06,2.7755575615628914e-17,2.6183839874072135e-08,2.733342782639788e-06,3.7370450645249075e-06,1.5979242572852658e-11
2124,6.938893903907228e-18,3.7286748526425548e-06,8.326672684688674e-17,2.6119518659051266e-08,2.7259551582777997e-06,3.7286748526425548e-06,1.5939416582572424e-11
2125,1.0408340855860843e-17,3.720341361525527e-06,4.163336342344337e-17,2.6055271717950745e-08,2.718611447052313e-06,3.7203413615255265e-06,1.589967709028082e-11
2126,6.938893903907228e-18,3.71204368534874e-06,5.551115123125783e-17,2.5991098717703665e-08,2.711311573926877e-06,3.71204368534874e-06,1.5860018521439893e-11
2127,6.938893903907228e-18,3.703780779822129e-06,0.0,2.5926999658310024e-08,2.70405483556488e-06,3.703780779822129e-06,1.582044070899512e-11
2128,6.938893903907228e-18,3.695551774543853e-06,6.938893903907228e-17,2.5862973762613706e-08,2.696840348780941e-06,3.6955517745438528e-06,1.5780944953754932e-11
2129,6.938893903907228e-18,3.6873557079415855e-06,6.938893903907228e-17,2.579902103061471e-08,2.6896658396490044e-06,3.687355707941585e-06,1.5741526577255975e-11
2130,6.938893903907228e-18,3.679191466749359e-06,2.7755575615628914e-17,2.573514112924613e-08,2.682529688237201e-06,3.6791914667493595e-06,1.5702191763221766e-11
2131,6.938893903907228e-18,3.671058249768108e-06,1.3877787807814457e-17,2.5671337278154738e-08,2.6754354281626024e-06,3.671058249768108e-06,1.5662933476316625e-11
2132,6.938893903907228e-18,3.6629549798110524e-06,1.3877787807814457e-16,2.560760226089087e-08,2.6683872659384926e-06,3.6629549798110524e-06,1.5623753368425245e-11
2133,6.938893903907228e-18,3.6548808237480334e-06,5.551115123125783e-17,2.554394007425742e-08,2.661384403048232e-06,3.6548808237480334e-06,1.5584653663949893e-11
2134,6.938893903907228e-18,3.646834788878286e-06,2.7755575615628914e-17,2.5480350274165176e-08,2.6544197371144793e-06,3.6468347888782854e-06,1.5545630088721982e-11
2135,6.938893903907228e-18,3.6388159040456715e-06,1.3877787807814457e-16,2.5416832749591833e-08,2.647495932916623e-06,3.6388159040456715e-06,1.5506683540603222e-11
2136,6.938893903907228e-18,3.6308232304424407e-06,1.3877787807814457e-17,2.5353387944626604e-08,2.6406104570568587e-06,3.630823230442441e-06,1.5467814321626825e-11
2137,6.938893903907228e-18,3.622855865635877e-06,1.3877787807814457e-17,2.5290015859269488e-08,2.633761629369683e-06,3.622855865635877e-06,1.5429020856655612e-11
2138,6.938893903907228e-18,3.6149129016814202e-06,0.0,2.5226716493520485e-08,2.626950335869473e-06,3.61491290168142e-06,1.539030327721378e-11
2139,6.938893903907228e-18,3.6069935242058427e-06,4.163336342344337e-17,2.5163490291468804e-08,2.620180664444758e-06,3.6069935242058436e-06,1.5351661807204372e-11
2140,6.938893903907228e-18,3.5990966615706288e-06,4.163336342344337e-17,2.510033703106984e-08,2.6134503300711767e-06,3.5990966615706288e-06,1.5313095392727218e-11
2141,6.938893903907228e-18,3.591221532859669e-06,8.326672684688674e-17,2.5037260376059578e-08,2.6067615661142274e-06,3.591221532859669e-06,1.5274602290077306e-11
2142,6.938893903907228e-18,3.5833671681205626e-06,1.3877787807814457e-17,2.4974254886345193e-08,2.6001104913811986e-06,3.583367168120562e-06,1.5236184373382383e-11
2143,6.938893903907228e-18,3.5755327662273334e-06,2.7755575615628914e-17,2.4911323337484248e-08,2.5934976312693067e-06,3.575532766227334e-06,1.519783887648818e-11
2144,6.938893903907228e-18,3.5677173827367665e-06,4.163336342344337e-17,2.4848466284588255e-08,2.586923567817324e-06,3.567717382736766e-06,1.5159569862084713e-11
2145,6.938893903907228e-18,3.559920204283292e-06,5.551115123125783e-17,2.478568439379103e-08,2.580386300565743e-06,3.559920204283292e-06,1.5121371432173786e-11
2146,6.938893903907228e-18,3.5521404043527162e-06,2.7755575615628914e-17,2.4722977776114874e-08,2.5738866383619864e-06,3.5521404043527162e-06,1.5083246271064732e-11
2147,6.938893903907228e-18,3.544377179654894e-06,1.1102230246251565e-16,2.4660347097693602e-08,2.5674290443478185e-06,3.544377179654894e-06,1.5045195376201598e-11
2148,6.938893903907228e-18,3.5366297006094816e-06,4.163336342344337e-17,2.4597792913638727e-08,2.561009522374339e-06,3.5366297006094816e-06,1.5007216318663738e-11
2149,6.938893903907228e-18,3.5288971089569608e-06,8.326672684688674e-17,2.453531566803946e-08,2.554626894336584e-06,3.5288971089569608e-06,1.4969307976438027e-11
2150,6.938893903907228e-18,3.521178664756724e-06,0.0,2.447291591600731e-08,2.548276113793789e-06,3.521178664756724e-06,1.4931471264965327e-11
2151,6.938893903907228e-18,3.5134735616241778e-06,2.7755575615628914e-17,2.4410597654345167e-08,2.541958672945649e-06,3.5134735616241773e-06,1.489370775981079e-11
2152,6.938893903907228e-18,3.505781018492259e-06,8.326672684688674e-17,2.4348354665804095e-08,2.5356724552693623e-06,3.5057810184922586e-06,1.485601627095677e-11
2153,6.938893903907228e-18,3.498100374686107e-06,5.551115123125783e-17,2.428619139127619e-08,2.529417058250042e-06,3.498100374686108e-06,1.4818394935581598e-11
2154,6.938893903907228e-18,3.4904307384834923e-06,4.163336342344337e-17,2.4224108385872967e-08,2.523194546674593e-06,3.4904307384834927e-06,1.478084318075491e-11
2155,6.938893903907228e-18,3.482771490344165e-06,8.326672684688674e-17,2.4162106093683633e-08,2.517003821615414e-06,3.482771490344165e-06,1.4743363253446765e-11
2156,6.938893903907228e-18,3.475121879019549e-06,1.1102230246251565e-16,2.4100185180842004e-08,2.5108444497652294e-06,3.475121879019549e-06,1.4705955766834063e-11
2157,6.938893903907228e-18,3.4674812539355177e-06,1.3877787807814457e-17,2.4038346757571105e-08,2.504714071141323e-06,3.467481253935518e-06,1.4668617243947003e-11
2158,6.938893903907228e-18,3.4598488795083153e-06,1.3877787807814457e-17,2.3976591378982448e-08,2.4986141198576185e-06,3.4598488795083153e-06,1.4631349543814625e-11
2159,6.938893903907228e-18,3.4522240662939713e-06,8.326672684688674e-17,2.3914920155299058e-08,2.4925427317553196e-06,3.4522240662939713e-06,1.4594151772325865e-11
2160,6.938893903907228e-18,3.4446062221191635e-06,5.551115123125783e-17,2.385333330856554e-08,2.4864999924372293e-06,3.444606222119163e-06,1.455702441071285e-11
2161,6.938893903907228e-18,3.436994713190567e-06,2.7755575615628914e-17,2.3791834280473267e-08,2.4804878335202273e-06,3.436994713190567e-06,1.4519968111087519e-11
2162,6.938893903907228e-18,3.4293888853969687e-06,5.551115123125783e-17,2.3730419518308565e-08,2.474506232515607e-06,3.4293888853969687e-06,1.4482982006168441e-11
2163,6.938893903907228e-18,3.4217881797624216e-06,4.163336342344337e-17,2.366909157558439e-08,2.4685514568486504e-06,3.4217881797624216e-06,1.444606404955748e-11
2164,6.938893903907228e-18,3.4141919502676185e-06,5.551115123125783e-17,2.3607851673546065e-08,2.4626224864503526e-06,3.414191950267619e-06,1.4409215666144788e-11
2165,6.938893903907228e-18,3.4065996379854195e-06,8.326672684688674e-17,2.3546700811394317e-08,2.4567189102065675e-06,3.4065996379854195e-06,1.4372438333900362e-11
2166,6.938893903907228e-18,3.3990107095361123e-06,1.3877787807814457e-17,2.3485639544240655e-08,2.4508431972664166e-06,3.3990107095361123e-06,1.4335731123161935e-11
2167,6.938893903907228e-18,3.3914245648571757e-06,5.551115123125783e-17,2.3424669315375013e-08,2.444999457213858e-06,3.391424564857176e-06,1.4299091148848827e-11
2168,6.938893903907228e-18,3.383840741383898e-06,2.7755575615628914e-17,2.3363790679908902e-08,2.439183983222711e-06,3.3838407413838978e-06,1.4262525880654398e-11
2169,6.938893903907228e-18,3.376258701112062e-06,5.551115123125783e-17,2.3303004192953836e-08,2.433398096000171e-06,3.3762587011120626e-06,1.4226026934709202e-11
2170,6.938893903907228e-18,3.3686779618491103e-06,9.71445146547012e-17,2.324231151984435e-08,2.4276433944706224e-06,3.3686779618491103e-06,1.4189596746055956e-11
2171,6.938893903907228e-18,3.3610980197214303e-06,5.551115123125783e-17,2.318171610227182e-08,2.421911836265066e-06,3.3610980197214303e-06,1.4153237826589557e-11
2172,6.938893903907228e-18,3.353518451191534e-06,2.7755575615628914e-17,2.312121305525494e-08,2.416208920133914e-06,3.353518451191534e-06,1.411694886187949e-11
2173,6.938893903907228e-18,3.345938807400604e-06,1.3877787807814457e-16,2.3060806153551994e-08,2.4105311093949805e-06,3.345938807400604e-06,1.408072876464784e-11
2174,6.938893903907228e-18,3.3383586847986442e-06,4.163336342344337e-17,2.3000497173519818e-08,2.4048840471503398e-06,3.3383586847986434e-06,1.404458004317599e-11
2175,6.938893903907228e-18,3.3307776583939868e-06,8.326672684688674e-17,2.2940286004136112e-08,2.399266031492936e-06,3.3307776583939868e-06,1.4008499068309736e-11
2176,6.938893903907228e-18,3.3231953440808873e-06,1.3877787807814457e-17,2.2880174310735413e-08,2.393672982759451e-06,3.3231953440808877e-06,1.3972487784748826e-11
2177,6.938893903907228e-18,3.315611399334693e-06,4.163336342344337e-17,2.2820162648429232e-08,2.388100910955632e-06,3.315611399334693e-06,1.3936548194520307e-11
2178,6.938893903907228e-18,3.3080254860068773e-06,1.3877787807814457e-17,2.2760252127440594e-08,2.3825512051638583e-06,3.3080254860068773e-06,1.3900675226224284e-11
2179,6.938893903907228e-18,3.3004371988452976e-06,4.163336342344337e-17,2.2700443969014827e-08,2.3770233879611097e-06,3.3004371988452976e-06,1.3864874889329919e-11
2180,6.938893903907228e-18,3.2928462328774813e-06,1.1102230246251565e-16,2.2640738950308048e-08,2.371514081571916e-06,3.2928462328774813e-06,1.3829144077389457e-11
2181,6.938893903907228e-18,3.2852523297875017e-06,1.3877787807814457e-17,2.2581140513011633e-08,2.3660266521971643e-06,3.2852523297875017e-06,1.379348253922958e-11
2182,6.938893903907228e-18,3.277655158063683e-06,1.3877787807814457e-16,2.2521644660322693e-08,2.3605610633834783e-06,3.2776551580636835e-06,1.3757894933476247e-11
2183,6.938893903907228e-18,3.270054488803344e-06,4.163336342344337e-17,2.2462254944954907e-08,2.3551126096303526e-06,3.270054488803344e-06,1.3722375164970063e-11
2184,6.938893903907228e-18,3.2624500437623566e-06,8.326672684688674e-17,2.2402972255086695e-08,2.349681802642076e-06,3.262450043762356e-06,1.3686923355655954e-11
2185,6.938893903907228e-18,3.2548416214079927e-06,8.326672684688674e-17,2.234379770094108e-08,2.3442683666298727e-06,3.2548416214079927e-06,1.3651542992766507e-11
2186,6.938893903907228e-18,3.2472289816061037e-06,1.3877787807814457e-17,2.228473194865188e-08,2.338870806686385e-06,3.247228981606104e-06,1.3616234912962242e-11
2187,6.938893903907228e-18,3.23961198303888e-06,1.249000902703301e-16,2.222577655253133e-08,2.3334886801106003e-06,3.23961198303888e-06,1.3580997058197586e-11
2188,6.938893903907228e-18,3.231990408418748e-06,2.7755575615628914e-17,2.216693173462403e-08,2.3281257457707063e-06,3.231990408418748e-06,1.3545828861603453e-11
2189,6.938893903907228e-18,3.224364085311144e-06,2.7755575615628914e-17,2.2108199049242216e-08,2.322779680463823e-06,3.224364085311144e-06,1.3510733037535847e-11
2190,6.938893903907228e-18,3.2167329220568086e-06,6.938893903907228e-17,2.204957938456431e-08,2.3174493057405457e-06,3.2167329220568086e-06,1.3475707805525674e-11
2191,6.938893903907228e-18,3.209096720878739e-06,2.7755575615628914e-17,2.1991075960237083e-08,2.3121327790699567e-06,3.209096720878739e-06,1.3440752581982461e-11
2192,6.938893903907228e-18,3.2014554220341956e-06,1.3877787807814457e-17,2.193268455741304e-08,2.3068311201005423e-06,3.2014554220341956e-06,1.3405868095665331e-11
2193,6.938893903907228e-18,3.19380893163732e-06,4.163336342344337e-17,2.1874409061872768e-08,2.301544924334054e-06,3.1938089316373196e-06,1.3371055533631585e-11
2194,6.938893903907228e-18,3.186157083312051e-06,0.0,2.1816250361794687e-08,2.2962716895305374e-06,3.186157083312051e-06,1.3336315329888299e-11
2195,6.938893903907228e-18,3.178499950850224e-06,9.71445146547012e-17,2.1758209345357216e-08,2.2910111995467803e-06,3.178499950850224e-06,1.3301646775861832e-11
2196,6.938893903907228e-18,3.1708373761669517e-06,1.3877787807814457e-16,2.170028667869417e-08,2.2857631863534803e-06,3.1708373761669517e-06,1.326704880203784e-11
2197,6.938893903907228e-18,3.1631694059511146e-06,1.1102230246251565e-16,2.164248336100627e-08,2.28052913532234e-06,3.1631694059511146e-06,1.3232522706926057e-11
2198,6.938893903907228e-18,3.155495955101672e-06,1.3877787807814457e-16,2.158480072456115e-08,2.2753072796657186e-06,3.1554959551016723e-06,1.3198071324274244e-11
2199,6.938893903907228e-18,3.1478171253221765e-06,4.163336342344337e-17,2.1527239213448013e-08,2.2700973959794183e-06,3.147817125322176e-06,1.316368888659322e-11
2200,6.938893903907228e-18,3.140132852062595e-06,5.551115123125783e-17,2.146979960482298e-08,2.2648981814019334e-06,3.140132852062595e-06,1.3129380752258292e-11
2201,6.938893903907228e-18,3.132443215239633e-06,2.7755575615628914e-17,2.1412485451399732e-08,2.259712002296458e-06,3.1324432152396337e-06,1.3095144227614296e-11
2202,6.938893903907228e-18,3.1247482171685534e-06,5.551115123125783e-17,2.1355292978419982e-08,2.2545398262125913e-06,3.1247482171685534e-06,1.3060980872705877e-11
2203,6.938893903907228e-18,3.117047912068194e-06,5.551115123125783e-17,2.12982252945082e-08,2.2493790931543517e-06,3.1170479120681935e-06,1.3026888327272863e-11
2204,6.938893903907228e-18,3.1093424674963605e-06,4.163336342344337e-17,2.1241282954775897e-08,2.2442283575275265e-06,3.1093424674963605e-06,1.2992871112701698e-11
2205,6.938893903907228e-18,3.101631876581853e-06,1.3877787807814457e-16,2.1184467180468403e-08,2.2390860188273955e-06,3.101631876581853e-06,1.2958926049087996e-11
2206,6.938893903907228e-18,3.0939162844545026e-06,2.7755575615628914e-17,2.1127778526697227e-08,2.2339520766223112e-06,3.0939162844545026e-06,1.292505408965108e-11
2207,6.938893903907228e-18,3.0861959071684328e-06,6.938893903907228e-17,2.1071218103685396e-08,2.2288266570523252e-06,3.086195907168433e-06,1.2891254236545577e-11
2208,6.938893903907228e-18,3.0784707570372143e-06,5.551115123125783e-17,2.1014786577566724e-08,2.223709087776333e-06,3.0784707570372148e-06,1.285752854710198e-11
2209,6.938893903907228e-18,3.070741013224038e-06,1.249000902703301e-16,2.0958484503452723e-08,2.2185994471990837e-06,3.0707410132240386e-06,1.282387699547826e-11
2210,6.938893903907228e-18,3.0630068384452214e-06,1.3877787807814457e-17,2.0902312880544116e-08,2.2134980868046026e-06,3.0630068384452214e-06,1.2790299991088895e-11
2211,6.938893903907228e-18,3.055268361112726e-06,0.0,2.0846275039509976e-08,2.208405434164222e-06,3.055268361112726e-06,1.2756796307495074e-11
2212,6.938893903907228e-18,3.047525841271187e-06,2.7755575615628914e-17,2.0790366428435902e-08,2.2033205658802143e-06,3.0475258412711866e-06,1.272336736400946e-11
2213,6.938893903907228e-18,3.039779387305995e-06,9.71445146547012e-17,2.073459082208018e-08,2.1982421139981514e-06,3.039779387305995e-06,1.269001256996268e-11
2214,6.938893903907228e-18,3.0320292425951973e-06,4.163336342344337e-17,2.067894844248741e-08,2.1931690811497978e-06,3.0320292425951973e-06,1.2656732474740255e-11
2215,6.938893903907228e-18,3.0242756467975547e-06,5.551115123125783e-17,2.062344028885832e-08,2.18810121869477e-06,3.0242756467975543e-06,1.2623525629581587e-11
2216,6.938893903907228e-18,3.016518825414124e-06,5.551115123125783e-17,2.0568066805282115e-08,2.1830388808005547e-06,3.016518825414124e-06,1.2590396570228674e-11
2217,6.938893903907228e-18,3.0087590119660305e-06,2.7755575615628914e-17,2.0512829213004125e-08,2.1779823866743886e-06,3.0087590119660305e-06,1.255733925933186e-11
2218,6.938893903907228e-18,3.0009964294865897e-06,2.7755575615628914e-17,2.045772751202435e-08,2.1729308728986983e-06,3.0009964294865897e-06,1.2524358437835525e-11
2219,6.938893903907228e-18,2.9932314162051954e-06,8.326672684688674e-17,2.040276270154351e-08,2.1678834346068443e-06,2.993231416205196e-06,1.2491451944868002e-11
2220,6.938893903907228e-18,2.9854641351253186e-06,5.551115123125783e-17,2.0347935336673117e-08,2.1628411177308453e-06,2.985464135125319e-06,1.2458624230301487e-11
2221,6.938893903907228e-18,2.977694975464486e-06,4.163336342344337e-17,2.0293248081948434e-08,2.1578055048203366e-06,2.9776949754644857e-06,1.2425869022876133e-11
2222,6.938893903907228e-18,2.9699241891721147e-06,1.3877787807814457e-17,2.0238697717722687e-08,2.152775069607287e-06,2.969924189172115e-06,1.2393189117243022e-11
2223,6.938893903907228e-18,2.9621520608122296e-06,6.938893903907228e-17,2.0184286575464228e-08,2.1477478130147273e-06,2.9621520608122296e-06,1.2360586782020392e-11
2224,6.938893903907228e-18,2.9543788859268717e-06,1.1102230246251565e-16,2.013001532130687e-08,2.1427240722415923e-06,2.9543788859268717e-06,1.2328060176173798e-11
2225,6.938893903907228e-18,2.9466050561138857e-06,5.551115123125783e-17,2.007588451036213e-08,2.1377050530716635e-06,2.9466050561138857e-06,1.2295610031462391e-11
2226,6.938893903907228e-18,2.938830844846176e-06,2.7755575615628914e-17,2.0021894808763818e-08,2.132689557555679e-06,2.938830844846177e-06,1.2263234409316247e-11
2227,6.938893903907228e-18,2.9310565447873765e-06,0.0,1.9968046549578844e-08,2.1276773684809055e-06,2.9310565447873765e-06,1.223093524238259e-11
2228,6.938893903907228e-18,2.923282588462656e-06,1.5265566588595902e-16,1.9914340398941022e-08,2.1226673225090082e-06,2.923282588462656e-06,1.2198711789726643e-11
2229,6.938893903907228e-18,2.9155093345894105e-06,6.938893903907228e-17,1.9860776911961864e-08,2.1176593005586883e-06,2.91550933458941e-06,1.2166567025251708e-11
2230,6.938893903907228e-18,2.9077371041657737e-06,0.0,1.9807356421708278e-08,2.1126531387823693e-06,2.907737104165774e-06,1.213450061671175e-11
2231,6.938893903907228e-18,2.89996627993077e-06,5.551115123125783e-17,1.975408148169322e-08,2.1076494690007307e-06,2.89996627993077e-06,1.2102511385951237e-11
2232,6.938893903907228e-18,2.8921971829477326e-06,6.938893903907228e-17,1.9700948650225314e-08,2.1026474042804954e-06,2.8921971829477326e-06,1.2070598288071706e-11
2233,6.938893903907228e-18,2.8844302358804564e-06,6.938893903907228e-17,1.9647960036728307e-08,2.0976480365645333e-06,2.8844302358804564e-06,1.2038762307357648e-11
2234,6.938893903907228e-18,2.876665715976723e-06,1.6653345369377348e-16,1.959511652938062e-08,2.092650285007342e-06,2.876665715976723e-06,1.2007003728208303e-11
2235,6.938893903907228e-18,2.86890409846233e-06,1.942890293094024e-16,1.954241823920455e-08,2.0876542557888724e-06,2.86890409846233e-06,1.1975323132810195e-11
2236,6.938893903907228e-18,2.8611457372963876e-06,2.7755575615628914e-17,1.9489865721311617e-08,2.082659432262989e-06,2.861145737296387e-06,1.194371982155002e-11
2237,6.938893903907228e-18,2.853391057456646e-06,1.1102230246251565e-16,1.943745919774642e-08,2.07766656960119e-06,2.8533910574566466e-06,1.1912193604892869e-11
2238,6.938893903907228e-18,2.845640347991032e-06,0.0,1.9385199223620475e-08,2.0726754961024157e-06,2.845640347991032e-06,1.1880747707731063e-11
2239,6.938893903907228e-18,2.8378940853402692e-06,1.942890293094024e-16,1.9333086020978385e-08,2.067685462631667e-06,2.8378940853402697e-06,1.18493796431791e-11
2240,1.0408340855860843e-17,2.8301527312607936e-06,5.551115123125783e-17,1.9281120144931663e-08,2.0626980671739446e-06,2.8301527312607936e-06,1.1818089813717351e-11
2241,6.938893903907228e-18,2.822416633248544e-06,8.326672684688674e-17,1.922930303877024e-08,2.057713164795045e-06,2.822416633248544e-06,1.178687741403283e-11
2242,6.938893903907228e-18,2.8146861767135314e-06,1.5265566588595902e-16,1.917763214898116e-08,2.0527314323503594e-06,2.8146861767135314e-06,1.1755743171512953e-11
2243,6.938893903907228e-18,2.8069617833673984e-06,1.3877787807814457e-17,1.912610914089896e-08,2.047750967287782e-06,2.8069617833673984e-06,1.1724688989075649e-11
2244,6.938893903907228e-18,2.799243928937934e-06,1.3877787807814457e-16,1.9074734569635154e-08,2.042772707115557e-06,2.7992439289379347e-06,1.1693713291841775e-11
2245,6.938893903907228e-18,2.791532926497208e-06,1.249000902703301e-16,1.9023508546212042e-08,2.037794919964914e-06,2.7915329264972084e-06,1.166281590740511e-11
2246,6.938893903907228e-18,2.783829292810177e-06,4.163336342344337e-17,1.897243129267423e-08,2.032817607479298e-06,2.7838292928101776e-06,1.1631996618305404e-11
2247,6.938893903907228e-18,2.776133407091663e-06,0.0,1.8921503031066322e-08,2.0278407144142986e-06,2.776133407091663e-06,1.1601258425328253e-11
2248,6.938893903907228e-18,2.7684456771431787e-06,2.7755575615628914e-17,1.8870723872410622e-08,2.022864282731033e-06,2.7684456771431787e-06,1.1570598644671508e-11
2249,6.938893903907228e-18,2.7607665008927252e-06,4.163336342344337e-17,1.882009426079634e-08,2.0178882727617194e-06,2.7607665008927252e-06,1.1540016956711632e-11
2250,6.938893903907228e-18,2.753096357352294e-06,2.7755575615628914e-17,1.876961408520117e-08,2.0129130683008494e-06,2.7530963573522947e-06,1.1509515417845501e-11
2251,6.938893903907228e-18,2.745435666117985e-06,1.3877787807814457e-16,1.8719285677093467e-08,2.007938341802955e-06,2.745435666117985e-06,1.1479092255900003e-11
2252,6.938893903907228e-18,2.737784777553814e-06,2.7755575615628914e-17,1.8669104817625737e-08,2.002964392815189e-06,2.7377847775538143e-06,1.144874889755031e-11
2253,6.938893903907228e-18,2.730144204481529e-06,4.163336342344337e-17,1.861907428235554e-08,1.997991034984627e-06,2.730144204481529e-06,1.1418485890974475e-11
2254,6.938893903907228e-18,2.722514253189385e-06,4.163336342344337e-17,1.856919407128288e-08,1.9930181833229116e-06,2.7225142531893853e-06,1.1388303751864677e-11
2255,6.938893903907228e-18,2.714895430632884e-06,2.7755575615628914e-17,1.8519463740318542e-08,1.988045879807886e-06,2.714895430632884e-06,1.1358200915063218e-11
2256,6.938893903907228e-18,2.707288126539477e-06,1.3877787807814457e-17,1.846988373355174e-08,1.9830741641126855e-06,2.707288126539477e-06,1.1328177533256095e-11
2257,6.938893903907228e-18,2.699692734129147e-06,0.0,1.8420454273027076e-08,1.97810310822746e-06,2.699692734129147e-06,1.129823446388543e-11
2258,6.938893903907228e-18,2.692109713566767e-06,1.3877787807814457e-17,1.8371175025677644e-08,1.9731332259355377e-06,2.6921097135667667e-06,1.1268371499993478e-11
2259,6.938893903907228e-18,2.6845394399553218e-06,0.0,1.832204621354805e-08,1.968165939445593e-06,2.6845394399553218e-06,1.123858779186801e-11
2260,6.938893903907228e-18,2.676982304829132e-06,8.326672684688674e-17,1.8273068058682895e-08,1.9632011383557888e-06,2.6769823048291315e-06,1.1208882253951696e-11
2261,6.938893903907228e-18,2.66943871415864e-06,2.7755575615628914e-17,1.8224241449260603e-08,1.9582377896795008e-06,2.66943871415864e-06,1.1179258151714204e-11
2262,6.938893903907228e-18,2.6619091339100466e-06,6.938893903907228e-17,1.8175564275857425e-08,1.9532786736368413e-06,2.661909133910047e-06,1.1149713986362095e-11
2263,6.938893903907228e-18,2.654393877784157e-06,0.0,1.812703731562948e-08,1.9483206205998326e-06,2.654393877784157e-06,1.1120251238229482e-11
2264,6.938893903907228e-18,2.646893432001047e-06,1.1102230246251565e-16,1.8078660457554463e-08,1.943365453432399e-06,2.646893432001047e-06,1.1090867040723698e-11
2265,6.938893903907228e-18,2.6394080777736e-06,1.3877787807814457e-17,1.803043392367698e-08,1.9384123060458875e-06,2.6394080777736e-06,1.106156466215152e-11
2266,6.938893903907228e-18,2.631938280379859e-06,1.249000902703301e-16,1.7982357936041637e-08,1.9334604992086803e-06,2.6319382803798592e-06,1.1032342041592755e-11
2267,6.938893903907228e-18,2.624484352245111e-06,8.326672684688674e-17,1.793443182851462e-08,1.9285101656400475e-06,2.624484352245112e-06,1.1003199466956007e-11
2268,6.938893903907228e-18,2.6170467043773914e-06,2.7755575615628914e-17,1.7886655712118227e-08,1.9235613946949906e-06,2.617046704377392e-06,1.0974137128581823e-11
2269,6.938893903907228e-18,2.609625716339067e-06,1.3877787807814457e-17,1.7839029697874764e-08,1.918614819458961e-06,2.6096257163390665e-06,1.0945155071421551e-11
2270,6.938893903907228e-18,2.602221761691261e-06,8.326672684688674e-17,1.7791553452717324e-08,1.913670720837859e-06,2.60222176169126e-06,1.0916253510420544e-11
2271,6.938893903907228e-18,2.594835240779664e-06,0.0,1.7744228308913534e-08,1.9087285968898005e-06,2.5948352407796642e-06,1.088743180498101e-11
2272,6.938893903907228e-18,2.5874664304286645e-06,6.938893903907228e-17,1.769705126886123e-08,1.9037889723122167e-06,2.5874664304286645e-06,1.0858690908333524e-11
2273,6.938893903907228e-18,2.58011568332999e-06,0.0,1.7650023331761133e-08,1.8988517004799967e-06,2.5801156833299895e-06,1.0830030215817698e-11
2274,6.938893903907228e-18,2.5727834147390637e-06,9.71445146547012e-17,1.7603144497613243e-08,1.893917209588425e-06,2.5727834147390637e-06,1.0801450797515303e-11
2275,6.938893903907228e-18,2.5654698839174552e-06,5.551115123125783e-17,1.755641476641756e-08,1.8889855428847896e-06,2.565469883917455e-06,1.0772949681045218e-11
2276,6.938893903907228e-18,2.5581755178327286e-06,9.71445146547012e-17,1.7509833805107178e-08,1.8840565537818706e-06,2.5581755178327286e-06,1.074452837693949e-11
2277,6.938893903907228e-18,2.5509005750642187e-06,8.326672684688674e-17,1.7463401280615187e-08,1.8791309430913746e-06,2.550900575064219e-06,1.071618846167322e-11
2278,6.938893903907228e-18,2.5436453555333063e-06,1.5265566588595902e-16,1.7417116859874682e-08,1.8742088035122273e-06,2.5436453555333063e-06,1.0687926964167156e-11
2279,6.938893903907228e-18,2.5364102237210947e-06,2.7755575615628914e-17,1.737098054288566e-08,1.8692898212475942e-06,2.5364102237210947e-06,1.0659750267175948e-11
2280,6.938893903907228e-18,2.5291954541464174e-06,1.3877787807814457e-17,1.7324991774536613e-08,1.864374169900367e-06,2.5291954541464174e-06,1.063165104051611e-11
2281,6.938893903907228e-18,2.5220013793384335e-06,1.3877787807814457e-16,1.7279152109139773e-08,1.8594635325848297e-06,2.5220013793384335e-06,1.0603632448194372e-11
2282,6.938893903907228e-18,2.5148282818353537e-06,5.551115123125783e-17,1.7233458105003763e-08,1.8545570734121364e-06,2.5148282818353537e-06,1.0575694176738191e-11
2283,6.938893903907228e-18,2.5076764224600367e-06,1.3877787807814457e-17,1.718791098337391e-08,1.8496557639146567e-06,2.5076764224600367e-06,1.054783469387113e-11
2284,6.938893903907228e-18,2.500546117001916e-06,8.326672684688674e-17,1.7142510300161007e-08,1.8447600048448813e-06,2.500546117001916e-06,1.052005647548658e-11
2285,6.938893903907228e-18,2.4934376385390946e-06,5.551115123125783e-17,1.7097255833320446e-08,1.8398686127100284e-06,2.493437638539095e-06,1.0492357140202737e-11
2286,6.938893903907228e-18,2.48635120878745e-06,5.551115123125783e-17,1.705214713876302e-08,1.8349830724130918e-06,2.4863512087874498e-06,1.046473727976915e-11
2287,6.938893903907228e-18,2.4792871055139138e-06,0.0,1.7007183883421817e-08,1.8301019428871106e-06,2.4792871055139138e-06,1.0437198589436093e-11
2288,6.938893903907228e-18,2.472245581634e-06,0.0,1.6962365845252236e-08,1.82522675778219e-06,2.472245581634e-06,1.0409737697701819e-11
2289,6.938893903907228e-18,2.4652269122596147e-06,1.1102230246251565e-16,1.6917692580165067e-08,1.820358890395265e-06,2.4652269122596147e-06,1.0382357574399918e-11
2290,6.938893903907228e-18,2.4582313224830188e-06,9.71445146547012e-17,1.6873163533048796e-08,1.8154978110517605e-06,2.4582313224830188e-06,1.0355054536435474e-11
2291,6.938893903907228e-18,2.4512590030273123e-06,6.938893903907228e-17,1.6828780036171054e-08,1.8106423264657024e-06,2.4512590030273128e-06,1.0327832466794804e-11
2292,6.938893903907228e-18,2.4443102259923014e-06,8.326672684688674e-17,1.6784538647840463e-08,1.8057919333160833e-06,2.4443102259923014e-06,1.030069020972775e-11
2293,6.938893903907228e-18,2.437385102861802e-06,6.938893903907228e-17,1.6740440145213142e-08,1.8009477053561061e-06,2.4373851028618028e-06,1.0273625116405251e-11
2294,6.938893903907228e-18,2.4304839676481316e-06,1.1102230246251565e-16,1.6696484417266788e-08,1.7961099517751635e-06,2.4304839676481316e-06,1.0246640895989505e-11
2295,6.938893903907228e-18,2.423606901325039e-06,1.1102230246251565e-16,1.665267101991219e-08,1.7912798574680414e-06,2.4236069013250386e-06,1.0219734861836546e-11
2296,1.0408340855860843e-17,2.4167542216151316e-06,5.551115123125783e-17,1.6608999287015536e-08,1.7864555181246974e-06,2.416754221615131e-06,1.0192908116556708e-11
2297,6.938893903907228e-18,2.409925979043035e-06,1.3877787807814457e-17,1.6565468996532218e-08,1.7816371333577684e-06,2.409925979043035e-06,1.0166159220744144e-11
2298,6.938893903907228e-18,2.4031224216534087e-06,8.326672684688674e-17,1.6522079482328422e-08,1.7768249698480872e-06,2.4031224216534087e-06,1.0139489999565454e-11
2299,6.938893903907228e-18,2.3963436622821624e-06,1.3877787807814457e-17,1.6478830411337242e-08,1.7720201344189231e-06,2.3963436622821624e-06,1.0112896944098499e-11
2300,6.938893903907228e-18,2.389589896728257e-06,2.7755575615628914e-17,1.6435720784357954e-08,1.7672221197655641e-06,2.389589896728257e-06,1.0086385164063568e-11
2301,6.938893903907228e-18,2.3828612541904663e-06,2.7755575615628914e-17,1.6392752155702794e-08,1.7624307873976274e-06,2.3828612541904663e-06,1.005994867814073e-11
2302,6.938893903907228e-18,2.3761578873629316e-06,8.326672684688674e-17,1.6349921083680385e-08,1.7576463522823192e-06,2.376157887362932e-06,1.0033590447125604e-11
2303,6.938893903907228e-18,2.3694799084013203e-06,2.7755575615628914e-17,1.6307228012379937e-08,1.7528689919471402e-06,2.36947990840132e-06,1.0007310536147141e-11
2304,6.938893903907228e-18,2.3628274573611575e-06,1.249000902703301e-16,1.6264672830779148e-08,1.7480989086388914e-06,2.362827457361158e-06,9.9811084795265e-12
2305,6.938893903907228e-18,2.3562006779008587e-06,1.249000902703301e-16,1.62222547617219e-08,1.7433372002853956e-06,2.3562006779008587e-06,9.954982784725778e-12
2306,6.938893903907228e-18,2.3495995428322884e-06,2.7755575615628914e-17,1.6179973472141285e-08,1.7385831946378035e-06,2.3495995428322884e-06,9.928935505946628e-12
2307,6.938893903907228e-18,2.3430243337848653e-06,4.163336342344337e-17,1.613782829590349e-08,1.7338372061425485e-06,2.343024333784865e-06,9.902964705090196e-12
2308,6.938893903907228e-18,2.336475045047588e-06,1.3877787807814457e-17,1.6095818566874698e-08,1.7291000545301866e-06,2.336475045047588e-06,9.877070079256313e-12
2309,6.938893903907228e-18,2.329951756398124e-06,2.7755575615628914e-17,1.60539438409657e-08,1.7243711660510718e-06,2.329951756398124e-06,9.851253042031032e-12
2310,6.938893903907228e-18,2.3234545595732527e-06,0.0,1.601220334102038e-08,1.719650779771654e-06,2.3234545595732527e-06,9.825513189470259e-12
2311,6.938893903907228e-18,2.3169835337669857e-06,6.938893903907228e-17,1.597059806623946e-08,1.7149389270608931e-06,2.316983533766986e-06,9.799847830396067e-12
2312,6.938893903907228e-18,2.310538685528646e-06,2.7755575615628914e-17,1.592912446390926e-08,1.710235782693117e-06,2.310538685528646e-06,9.774260033859638e-12
2313,6.938893903907228e-18,2.3041201535404666e-06,0.0,1.5887783644252806e-08,1.7055415253261244e-06,2.304120153540466e-06,9.748746961299058e-12
2314,6.938893903907228e-18,2.2977278791763337e-06,6.938893903907228e-17,1.5846574608069375e-08,1.7008563444668466e-06,2.2977278791763337e-06,9.72330949061435e-12
2315,6.938893903907228e-18,2.2913619967405893e-06,6.938893903907228e-17,1.580549668922515e-08,1.6961804323079347e-06,2.291361996740589e-06,9.697949169441265e-12
2316,6.938893903907228e-18,2.2850224518756436e-06,1.6653345369377348e-16,1.5764549776697834e-08,1.6915139610892645e-06,2.2850224518756436e-06,9.67266417256075e-12
2317,6.938893903907228e-18,2.278709286806897e-06,6.938893903907228e-17,1.57237328712867e-08,1.6868571216523108e-06,2.2787092868068966e-06,9.647450709225058e-12
2318,6.938893903907228e-18,2.2724225470685675e-06,1.3877787807814457e-17,1.5683045306857935e-08,1.6822119475375737e-06,2.2724225470685675e-06,9.622316235424395e-12
2319,6.938893903907228e-18,2.2661622150111506e-06,4.163336342344337e-17,1.564248630625542e-08,1.6775775961603705e-06,2.266162215011151e-06,9.597254071848993e-12
2320,6.938893903907228e-18,2.2599283203502053e-06,0.0,1.560205586947916e-08,1.6729537171295304e-06,2.259928320350205e-06,9.572266382884961e-12
2321,6.938893903907228e-18,2.2537208004111724e-06,2.7755575615628914e-17,1.556175366346224e-08,1.668340498125272e-06,2.253720800411173e-06,9.547352231333201e-12
2322,6.938893903907228e-18,2.247539683168631e-06,2.7755575615628914e-17,1.552157702366941e-08,1.6637385279496819e-06,2.247539683168631e-06,9.522511191493357e-12
2323,6.938893903907228e-18,2.2413848958320652e-06,5.551115123125783e-17,1.5481526616234476e-08,1.6591475231560443e-06,2.2413848958320657e-06,9.49774523728291e-12
2324,6.938893903907228e-18,2.235256480559603e-06,8.326672684688674e-17,1.5441601552979023e-08,1.654568033296045e-06,2.235256480559603e-06,9.473051933879192e-12
2325,6.938893903907228e-18,2.2291542925476597e-06,0.0,1.5401801611858446e-08,1.6499994656230742e-06,2.2291542925476593e-06,9.448432521776465e-12
2326,6.938893903907228e-18,2.2230784380896007e-06,4.163336342344337e-17,1.536212534958281e-08,1.6454419782491365e-06,2.2230784380896016e-06,9.423885865089796e-12
2327,6.938893903907228e-18,2.2170287392050356e-06,6.938893903907228e-17,1.5322572433085213e-08,1.6408957317758692e-06,2.2170287392050356e-06,9.39941039899181e-12
2328,6.938893903907228e-18,2.2110051753886178e-06,6.938893903907228e-17,1.5283142196231836e-08,1.6363608725452187e-06,2.2110051753886178e-06,9.375009213552458e-12
2329,6.938893903907228e-18,2.2050077467433582e-06,0.0,1.5243834305955772e-08,1.6318375589937298e-06,2.205007746743358e-06,9.350677204448056e-12
2330,1.0408340855860843e-17,2.1990362601311896e-06,5.551115123125783e-17,1.5204647541011695e-08,1.6273261091744213e-06,2.19903626013119e-06,9.326418197471285e-12
2331,6.938893903907228e-18,2.193090747218998e-06,2.7755575615628914e-17,1.516558212344421e-08,1.622826885452903e-06,2.193090747218998e-06,9.302232481455807e-12
2332,6.938893903907228e-18,2.18717107395147e-06,1.1102230246251565e-16,1.512663594382957e-08,1.6183397527492161e-06,2.18717107395147e-06,9.278115662573202e-12
2333,6.938893903907228e-18,2.1812771642758354e-06,0.0,1.5087808558078564e-08,1.6138649440904561e-06,2.1812771642758354e-06,9.254072419449639e-12
2334,6.938893903907228e-18,2.1754089049599395e-06,1.5265566588595902e-16,1.5049099744146588e-08,1.6094026231273009e-06,2.1754089049599395e-06,9.230095945873447e-12
2335,6.938893903907228e-18,2.1695662474546403e-06,1.3877787807814457e-17,1.501050894692213e-08,1.6049527565663186e-06,2.1695662474546403e-06,9.206191682607919e-12
2336,6.938893903907228e-18,2.163749025574143e-06,2.7755575615628914e-17,1.4972034723115257e-08,1.600515336480648e-06,2.163749025574143e-06,9.182356675910852e-12
2337,6.938893903907228e-18,2.1579571833562203e-06,9.71445146547012e-17,1.4933676961703668e-08,1.5960904590194653e-06,2.1579571833562203e-06,9.158592563122396e-12
2338,6.938893903907228e-18,2.15219056782617e-06,1.3877787807814457e-16,1.4895434774508942e-08,1.5916782575207666e-06,2.1521905678261698e-06,9.134898425511918e-12
2339,6.938893903907228e-18,2.1464490610893453e-06,2.7755575615628914e-17,1.4857307384374963e-08,1.5872788582550626e-06,2.1464490610893453e-06,9.111273587927491e-12
2340,6.938893903907228e-18,2.1407325974817132e-06,1.3877787807814457e-16,1.481929434721252e-08,1.5828923698165142e-06,2.1407325974817132e-06,9.087717551832713e-12
2341,6.938893903907228e-18,2.1350409030939526e-06,1.3877787807814457e-17,1.4781395440977008e-08,1.5785188855252807e-06,2.1350409030939526e-06,9.064228059969622e-12
2342,6.938893903907228e-18,2.1293740064908893e-06,1.3877787807814457e-16,1.4743608445222378e-08,1.574158708992086e-06,2.1293740064908897e-06,9.040807421447655e-12
2343,6.938893903907228e-18,2.1237316594617904e-06,1.3877787807814457e-17,1.470593335994863e-08,1.5698120658609302e-06,2.1237316594617908e-06,9.01745526924941e-12
2344,6.938893903907228e-18,2.118113745100771e-06,2.7755575615628914e-17,1.4668369407999649e-08,1.565479780559217e-06,2.118113745100771e-06,8.994171104344679e-12
2345,6.938893903907228e-18,2.1125201487935745e-06,1.3877787807814457e-16,1.4630916034263919e-08,1.5611609252182173e-06,2.1125201487935745e-06,8.97095365852356e-12
2346,6.938893903907228e-18,2.1069507163938126e-06,9.71445146547012e-17,1.4593572350563022e-08,1.5568556082977401e-06,2.1069507163938126e-06,8.947804520369452e-12
2347,6.938893903907228e-18,2.1014052202349036e-06,1.3877787807814457e-17,1.4556337579740841e-08,1.5525639024954589e-06,2.101405220234903e-06,8.924722078466458e-12
2348,6.938893903907228e-18,2.0958836001589236e-06,2.7755575615628914e-17,1.4519211277708166e-08,1.5482858915306458e-06,2.0958836001589236e-06,8.901703785580285e-12
2349,6.938893903907228e-18,2.09038558694244e-06,8.326672684688674e-17,1.4482192445264275e-08,1.544021656889428e-06,2.0903855869424406e-06,8.878753470721387e-12
2350,6.938893903907228e-18,2.0849110837548933e-06,4.163336342344337e-17,1.4445280638319957e-08,1.5397712691360645e-06,2.0849110837548933e-06,8.855868776634164e-12
2351,6.938893903907228e-18,2.0794598806196875e-06,4.163336342344337e-17,1.4408475967897516e-08,1.535534817798746e-06,2.0794598806196875e-06,8.833047556206763e-12
2352,6.938893903907228e-18,2.0740318296966225e-06,0.0,1.437177565843939e-08,1.5313123486490936e-06,2.0740318296966225e-06,8.81029508620903e-12
2353,6.938893903907228e-18,2.068626727375845e-06,2.7755575615628914e-17,1.433517982096788e-08,1.5271039458035081e-06,2.068626727375845e-06,8.787604469139473e-12
2354,6.938893903907228e-18,2.063244422004222e-06,0.0,1.4298688233438384e-08,1.5229096704707002e-06,2.063244422004222e-06,8.764980694489282e-12
2355,6.938893903907228e-18,2.0578846972635137e-06,1.249000902703301e-16,1.4262299785627874e-08,1.518729668407673e-06,2.0578846972635137e-06,8.742419261822855e-12
2356,6.938893903907228e-18,2.0525473759352403e-06,9.71445146547012e-17,1.422601392242484e-08,1.5145638959576219e-06,2.05254737593524e-06,8.719921513095969e-12
2357,6.938893903907228e-18,2.047232262121597e-06,4.163336342344337e-17,1.4189829866673165e-08,1.5104127383910186e-06,2.0472322621215967e-06,8.697488444169377e-12
2358,6.938893903907228e-18,2.0419391810598137e-06,9.71445146547012e-17,1.4153746952239032e-08,1.506276071598114e-06,2.0419391810598137e-06,8.675117763221095e-12
2359,6.938893903907228e-18,2.0366679052601097e-06,0.0,1.4117764401966326e-08,1.5021537422448773e-06,2.0366679052601097e-06,8.652811895545443e-12
2360,6.938893903907228e-18,2.0314183000847156e-06,9.71445146547012e-17,1.4081881327676626e-08,1.498045792510999e-06,2.0314183000847156e-06,8.630566950307089e-12
2361,6.938893903907228e-18,2.026190103230283e-06,4.163336342344337e-17,1.4046098617548353e-08,1.4939522519377452e-06,2.026190103230283e-06,8.608385383186947e-12
2362,6.938893903907228e-18,2.0209831352183313e-06,2.7755575615628914e-17,1.4010412940912431e-08,1.4898733706517782e-06,2.0209831352183318e-06,8.586265670218406e-12
2363,6.938893903907228e-18,2.0157972117949586e-06,5.551115123125783e-17,1.3974824963902677e-08,1.4858099093852573e-06,2.015797211794958e-06,8.564208322874914e-12
2364,6.938893903907228e-18,2.010632087792989e-06,1.3877787807814457e-16,1.3939334131407577e-08,1.4817619549541549e-06,2.010632087792989e-06,8.542210371765086e-12
2365,6.938893903907228e-18,2.005487594710801e-06,1.3877787807814457e-17,1.3903939333204107e-08,1.4777285378254653e-06,2.0054875947108006e-06,8.52027363734544e-12
2366,6.938893903907228e-18,2.000363493653768e-06,4.163336342344337e-17,1.3868640014180755e-08,1.473709671589089e-06,2.000363493653768e-06,8.498396707855361e-12
2367,6.938893903907228e-18,1.9952595864724596e-06,8.326672684688674e-17,1.3833435619226009e-08,1.4697059395511118e-06,1.9952595864724596e-06,8.476582453480772e-12
2368,6.938893903907228e-18,1.9901756906323683e-06,1.1102230246251565e-16,1.379832537118375e-08,1.4657171207596114e-06,1.990175690632368e-06,8.454827682428894e-12
2369,6.938893903907228e-18,1.9851115408790955e-06,1.3877787807814457e-17,1.3763308714942468e-08,1.4617437160351376e-06,1.985111540879096e-06,8.433133449788734e-12
2370,6.938893903907228e-18,1.980067019433785e-06,5.551115123125783e-17,1.372838465130144e-08,1.4577859596572173e-06,1.980067019433785e-06,8.411498955831663e-12
2371,6.938893903907228e-18,1.9750417740430694e-06,6.938893903907228e-17,1.3693554068439084e-08,1.4538428054762338e-06,1.9750417740430698e-06,8.389921924939169e-12
2372,6.938893903907228e-18,1.9700357108668755e-06,1.6653345369377348e-16,1.3658813857730934e-08,1.4499147888061714e-06,1.970035710866875e-06,8.368403195746492e-12
2373,6.938893903907228e-18,1.965048562763338e-06,2.7755575615628914e-17,1.3624164685310802e-08,1.4460019589233457e-06,1.9650485627633376e-06,8.346943232317207e-12
2374,6.938893903907228e-18,1.960080113032385e-06,5.551115123125783e-17,1.358960566300027e-08,1.4421037610803857e-06,1.9600801130323845e-06,8.325541429228795e-12
2375,6.938893903907228e-18,1.9551301818405043e-06,0.0,1.3555136124665523e-08,1.438220926050588e-06,1.955130181840504e-06,8.304197881921835e-12
2376,6.938893903907228e-18,1.9501985280018026e-06,2.7755575615628914e-17,1.3520755626217351e-08,1.4343526228181187e-06,1.950198528001803e-06,8.282912805861099e-12
2377,6.938893903907228e-18,1.945284936729039e-06,4.163336342344337e-17,1.3486463723566544e-08,1.430498964294985e-06,1.945284936729039e-06,8.261683891285606e-12
2378,6.938893903907228e-18,1.940389219428531e-06,1.3877787807814457e-17,1.345225941751238e-08,1.426660647820763e-06,1.9403892194285314e-06,8.240513436080959e-12
2379,6.938893903907228e-18,1.9355111265429357e-06,9.71445146547012e-17,1.3418142152943346e-08,1.4228372291622394e-06,1.935511126542936e-06,8.21939871617672e-12
2380,6.938893903907228e-18,1.9306504370860802e-06,2.7755575615628914e-17,1.3384111374747931e-08,1.4190282339807383e-06,1.93065043708608e-06,8.198339868264193e-12
2381,6.938893903907228e-18,1.9258069577738035e-06,8.326672684688674e-17,1.335016730497074e-08,1.415233694209897e-06,1.9258069577738035e-06,8.177335954615146e-12
2382,6.938893903907228e-18,1.9209805392637607e-06,2.7755575615628914e-17,1.3316307723165721e-08,1.4114548921657593e-06,1.9209805392637607e-06,8.156390560398466e-12
2383,6.938893903907228e-18,1.916170875232412e-06,1.3877787807814457e-17,1.3282532851377482e-08,1.4076911518076356e-06,1.9161708752324117e-06,8.135497909523997e-12
2384,6.938893903907228e-18,1.91137776856466e-06,4.163336342344337e-17,1.324884213449451e-08,1.4039419337867642e-06,1.91137776856466e-06,8.11466218377442e-12
2385,6.938893903907228e-18,1.906601019898104e-06,0.0,1.3215235128427594e-08,1.4002071321416489e-06,1.906601019898104e-06,8.093880940055812e-12
2386,6.938893903907228e-18,1.9018404502307368e-06,1.3877787807814457e-16,1.3181710833976013e-08,1.3964865839824123e-06,1.9018404502307368e-06,8.073153825955975e-12
2387,6.938893903907228e-18,1.8970958188246972e-06,5.551115123125783e-17,1.3148269140117463e-08,1.3927801024211724e-06,1.8970958188246972e-06,8.052481087043676e-12
2388,6.938893903907228e-18,1.8923669123715128e-06,6.938893903907228e-17,1.3114909158673527e-08,1.3890876508096105e-06,1.8923669123715126e-06,8.03186188471945e-12
2389,6.938893903907228e-18,1.8876535388239782e-06,2.7755575615628914e-17,1.3081630667599597e-08,1.3854093508948604e-06,1.8876535388239782e-06,8.011297269576658e-12
2390,6.938893903907228e-18,1.882955546660756e-06,1.3877787807814457e-17,1.3048433000761861e-08,1.3817451185916883e-06,1.8829555466607563e-06,7.990786795915515e-12
2391,6.938893903907228e-18,1.8782726697989655e-06,4.163336342344337e-17,1.3015316158160317e-08,1.378094850685789e-06,1.8782726697989657e-06,7.970328985054178e-12
2392,6.938893903907228e-18,1.8736046551708501e-06,9.71445146547012e-17,1.2982278474460429e-08,1.3744587141706298e-06,1.8736046551708501e-06,7.949923679505323e-12
2393,6.938893903907228e-18,1.8689514019498657e-06,6.938893903907228e-17,1.2949319838639894e-08,1.3708364211762772e-06,1.868951401949866e-06,7.929571528848378e-12
2394,6.938893903907228e-18,1.864312682272678e-06,8.326672684688674e-17,1.2916440028654108e-08,1.367227945050917e-06,1.8643126822726778e-06,7.9092688964812e-12
2395,6.938893903907228e-18,1.8596882533144947e-06,5.551115123125783e-17,1.2883638378369255e-08,1.3636330007532594e-06,1.8596882533144947e-06,7.889022200936831e-12
2396,6.938893903907228e-18,1.85507799448977e-06,5.551115123125783e-17,1.2850914554718429e-08,1.3600515459089409e-06,1.85507799448977e-06,7.868825621215892e-12
2397,6.938893903907228e-18,1.8504816291221905e-06,4.163336342344337e-17,1.2818267891567814e-08,1.356483514956569e-06,1.8504816291221907e-06,7.848680427955819e-12
2398,6.938893903907228e-18,1.8458989953196002e-06,1.249000902703301e-16,1.27856979448282e-08,1.3529288751974108e-06,1.8458989953196002e-06,7.828586674809381e-12
2399,6.938893903907228e-18,1.8413299444238024e-06,1.3877787807814457e-17,1.2753204270410379e-08,1.3493876073550315e-06,1.8413299444238022e-06,7.80854357317156e-12
2400,6.938893903907228e-18,1.8367742304105298e-06,8.326672684688674e-17,1.2720786646269744e-08,1.3458595116182645e-06,1.8367742304105298e-06,7.788550461815388e-12
2401,6.938893903907228e-18,1.8322317239686298e-06,0.0,1.2688444961383993e-08,1.3423445462575432e-06,1.8322317239686296e-06,7.768608521296161e-12
2402,6.938893903907228e-18,1.8277022239827405e-06,2.7755575615628914e-17,1.2656177439396288e-08,1.3388429666377656e-06,1.8277022239827405e-06,7.748716177906498e-12
2403,6.938893903907228e-18,1.8231854973523564e-06,1.5265566588595902e-16,1.2623984524395837e-08,1.335354351823722e-06,1.8231854973523564e-06,7.728875058122148e-12
2404,6.938893903907228e-18,1.8186814370695752e-06,4.163336342344337e-17,1.2591865661271129e-08,1.3318791256631085e-06,1.818681437069575e-06,7.709083410670366e-12
2405,6.938893903907228e-18,1.8141897835784253e-06,9.71445146547012e-17,1.2559820627977558e-08,1.3284167000584473e-06,1.814189783578425e-06,7.689340523129407e-12
2406,6.938893903907228e-18,1.8097104621807626e-06,1.6653345369377348e-16,1.2527848536336705e-08,1.3249669767681704e-06,1.8097104621807624e-06,7.66964657277137e-12
2407,6.938893903907228e-18,1.8052432307486471e-06,4.163336342344337e-17,1.2495949719415478e-08,1.3215298673806765e-06,1.8052432307486471e-06,7.650002755650345e-12
2408,6.938893903907228e-18,1.8007879592887955e-06,9.71445146547012e-17,1.2464122955968548e-08,1.3181052579779665e-06,1.800787959288795e-06,7.6304066889281e-12
2409,6.938893903907228e-18,1.7963444498212095e-06,2.7755575615628914e-17,1.243236835701822e-08,1.3146930754425479e-06,1.7963444498212093e-06,7.61086147852093e-12
2410,6.938893903907228e-18,1.7919125650720278e-06,1.5265566588595902e-16,1.2400685700519887e-08,1.311293237087233e-06,1.7919125650720275e-06,7.591364499306964e-12
2411,6.938893903907228e-18,1.7874921535894183e-06,4.163336342344337e-17,1.236907498647355e-08,1.307905639239003e-06,1.7874921535894185e-06,7.571912824395983e-12
2412,6.938893903907228e-18,1.7830829955602998e-06,1.1102230246251565e-16,1.2337534549544671e-08,1.3045302155205002e-06,1.7830829955603e-06,7.552511376617025e-12
2413,6.938893903907228e-18,1.7786849643679461e-06,4.163336342344337e-17,1.2306064611777856e-08,1.301166833891026e-06,1.7786849643679461e-06,7.533154942799831e-12
2414,6.938893903907228e-18,1.7742979395015504e-06,1.249000902703301e-16,1.2274665173173105e-08,1.2978154248363893e-06,1.7742979395015504e-06,7.51384790593911e-12
2415,6.938893903907228e-18,1.7699217735200754e-06,9.71445146547012e-17,1.22433354565743e-08,1.2944759054431878e-06,1.7699217735200754e-06,7.49458604204595e-12
2416,6.938893903907228e-18,1.765556232624887e-06,2.7755575615628914e-17,1.2212075573003744e-08,1.2911481664889538e-06,1.7655562326248868e-06,7.47537258327657e-12
2417,6.938893903907228e-18,1.7612012596744705e-06,0.0,1.2180884967349925e-08,1.287832107448123e-06,1.761201259674471e-06,7.456205671859401e-12
2418,6.938893903907228e-18,1.756856653817602e-06,1.3877787807814457e-17,1.2149763417568238e-08,1.2845276346960104e-06,1.7568566538176022e-06,7.437085946120951e-12
2419,6.938893903907228e-18,1.7525223704092209e-06,5.551115123125783e-17,1.2118710590591775e-08,1.2812346528803049e-06,1.752522370409221e-06,7.41801259769547e-12
2420,6.938893903907228e-18,1.748198141804116e-06,4.163336342344337e-17,1.2087726153353628e-08,1.2779530748676422e-06,1.748198141804116e-06,7.398984456052442e-12
2421,6.938893903907228e-18,1.7438838999527114e-06,2.7755575615628914e-17,1.2056810549943009e-08,1.2746827982791506e-06,1.7438838999527114e-06,7.380002563422247e-12
2422,6.938893903907228e-18,1.7395795191999919e-06,6.938893903907228e-17,1.202596211502538e-08,1.2714237298395064e-06,1.7395795191999919e-06,7.361065850283585e-12
2423,6.938893903907228e-18,1.7352849017298026e-06,4.163336342344337e-17,1.1995181403712252e-08,1.2681757588203937e-06,1.7352849017298026e-06,7.342176035103183e-12
2424,6.938893903907228e-18,1.7309998537628792e-06,1.249000902703301e-16,1.1964467860892114e-08,1.2649388093798282e-06,1.730999853762879e-06,7.323331723922371e-12
2425,6.938893903907228e-18,1.7267242417469652e-06,9.71445146547012e-17,1.1933821708609571e-08,1.261712767067252e-06,1.7267242417469648e-06,7.304532201549833e-12
2426,6.938893903907228e-18,1.7224580445207398e-06,1.3877787807814457e-17,1.1903242169708506e-08,1.2584975327681283e-06,1.72245804452074e-06,7.285777349028037e-12
2427,6.938893903907228e-18,1.718201073572888e-06,8.326672684688674e-17,1.1872729466233523e-08,1.25529301600324e-06,1.718201073572888e-06,7.267066716275842e-12
2428,6.938893903907228e-18,1.7139532454902321e-06,4.163336342344337e-17,1.184228304307311e-08,1.252099240416215e-06,1.713953245490232e-06,7.24840209372269e-12
2429,6.938893903907228e-18,1.7097144081267567e-06,1.3877787807814457e-17,1.1811902789204964e-08,1.2489161402700798e-06,1.7097144081267567e-06,7.229782761377122e-12
2430,6.938893903907228e-18,1.7054844583109828e-06,8.326672684688674e-17,1.1781588704629087e-08,1.245743478730437e-06,1.7054844583109824e-06,7.21120455251075e-12
2431,6.938893903907228e-18,1.7012633780981686e-06,4.163336342344337e-17,1.1751341011390082e-08,1.242581226235009e-06,1.7012633780981684e-06,7.1926731081467735e-12
2432,6.938893903907228e-18,1.6970509536436556e-06,8.326672684688674e-17,1.1721158155175715e-08,1.2394292919266869e-06,1.6970509536436553e-06,7.174185777070406e-12
2433,6.938893903907228e-18,1.6928471622803009e-06,1.1102230246251565e-16,1.1691040913142103e-08,1.2362880174670908e-06,1.6928471622803009e-06,7.155742275573656e-12
2434,6.938893903907228e-18,1.6886518194434745e-06,0.0,1.1660988619155432e-08,1.2331567914886954e-06,1.688651819443475e-06,7.137340247851812e-12
2435,6.938893903907228e-18,1.6844649285829054e-06,1.1102230246251565e-16,1.163100160628261e-08,1.2300354917384668e-06,1.6844649285829054e-06,7.1189860277028796e-12
2436,6.938893903907228e-18,1.6802863453297941e-06,2.7755575615628914e-17,1.1601079430434424e-08,1.2269240336697637e-06,1.6802863453297941e-06,7.100673682351267e-12
2437,6.938893903907228e-18,1.6761160338331962e-06,1.3877787807814457e-16,1.1571221980588575e-08,1.223822829980799e-06,1.6761160338331962e-06,7.08240363023231e-12
2438,6.938893903907228e-18,1.6719538368792004e-06,1.1102230246251565e-16,1.1541429256745062e-08,1.2207313064898145e-06,1.6719538368792004e-06,7.064177378285232e-12
2439,6.938893903907228e-18,1.667799682797292e-06,1.3877787807814457e-17,1.1511700925836976e-08,1.217649343290128e-06,1.6677996827972923e-06,7.04599514377278e-12
2440,6.938893903907228e-18,1.6636535733095853e-06,4.163336342344337e-17,1.1482036765819714e-08,1.2145768654790823e-06,1.6636535733095853e-06,7.027853409108027e-12
2441,6.938893903907228e-18,1.6595153169019914e-06,1.3877787807814457e-17,1.1452437775893998e-08,1.2115138554152455e-06,1.6595153169019914e-06,7.0097553007748335e-12
2442,6.938893903907228e-18,1.65538492912689e-06,1.1102230246251565e-16,1.1422902068680685e-08,1.2084600924558338e-06,1.65538492912689e-06,6.991701081563824e-12
2443,6.938893903907228e-18,1.6512622994437988e-06,0.0,1.1393430199291288e-08,1.2054154885810009e-06,1.6512622994437986e-06,6.973687950897191e-12
2444,6.938893903907228e-18,1.6471473901421542e-06,1.3877787807814457e-17,1.136402227874811e-08,1.202379929795596e-06,1.6471473901421538e-06,6.955716251680417e-12
2445,6.938893903907228e-18,1.6430400805374084e-06,1.1102230246251565e-16,1.1334678196028847e-08,1.1993533658545208e-06,1.6430400805374084e-06,6.937787245114818e-12
2446,6.938893903907228e-18,1.6389403339279176e-06,8.326672684688674e-17,1.1305397729088895e-08,1.1963357431893913e-06,1.6389403339279176e-06,6.919902392221822e-12
2447,6.938893903907228e-18,1.634848108385218e-06,0.0,1.1276180766905952e-08,1.1933270944528589e-06,1.6348481083852183e-06,6.9020579217764406e-12
2448,1.0408340855860843e-17,1.6307633548110518e-06,5.551115123125783e-17,1.1247027198457715e-08,1.1903271540136837e-06,1.6307633548110518e-06,6.884257421976727e-12
2449,6.938893903907228e-18,1.6266859932860777e-06,0.0,1.1217937356811092e-08,1.1873358206843727e-06,1.6266859932860777e-06,6.866496399389371e-12
2450,6.938893903907228e-18,1.6226159674370999e-06,5.551115123125783e-17,1.1188910797876872e-08,1.184353023302239e-06,1.6226159674371003e-06,6.8487794694637116e-12
2451,6.938893903907228e-18,1.6185532175642854e-06,0.0,1.115994818778887e-08,1.1813788814182477e-06,1.6185532175642854e-06,6.8311028919905716e-12
2452,6.938893903907228e-18,1.6144977412324457e-06,1.1102230246251565e-16,1.1131047750190248e-08,1.1784131138730234e-06,1.6144977412324457e-06,6.813467106771865e-12
2453,6.938893903907228e-18,1.6104494369687802e-06,1.249000902703301e-16,1.1102210817348634e-08,1.1754556159394235e-06,1.6104494369687802e-06,6.7958740457637655e-12
2454,6.938893903907228e-18,1.6064082949645679e-06,1.3877787807814457e-17,1.107343694517482e-08,1.1725063023042813e-06,1.6064082949645679e-06,6.778320455512023e-12
2455,6.938893903907228e-18,1.6023742747590965e-06,2.7755575615628914e-17,1.1044726244691105e-08,1.1695651100569355e-06,1.6023742747590967e-06,6.760809538007905e-12
2456,6.938893903907228e-18,1.5983473275962649e-06,1.1102230246251565e-16,1.1016078382830585e-08,1.1666319784229711e-06,1.5983473275962649e-06,6.743338812239437e-12
2457,6.938893903907228e-18,1.5943274135153066e-06,1.1102230246251565e-16,1.0987493692660166e-08,1.1637068923999749e-06,1.5943274135153068e-06,6.7259072772185315e-12
2458,6.938893903907228e-18,1.5903145371107923e-06,2.7755575615628914e-17,1.0958971952135244e-08,1.1607896959544784e-06,1.5903145371107925e-06,6.708518183048838e-12
2459,6.938893903907228e-18,1.5863086144431787e-06,2.7755575615628914e-17,1.0930513161255817e-08,1.1578802733971334e-06,1.5863086144431783e-06,6.691171000582883e-12
2460,6.938893903907228e-18,1.5823096587370198e-06,6.938893903907228e-17,1.0902117320021887e-08,1.154978599862864e-06,1.5823096587370196e-06,6.673863742405866e-12
2461,6.938893903907228e-18,1.5783176161849936e-06,2.7755575615628914e-17,1.0873784872522663e-08,1.1520845647291817e-06,1.5783176161849934e-06,6.656597648247843e-12
2462,6.938893903907228e-18,1.5743324681950125e-06,4.163336342344337e-17,1.0845514819557422e-08,1.149198052164923e-06,1.5743324681950128e-06,6.639370732151072e-12
2463,6.938893903907228e-18,1.5703542298553221e-06,1.1102230246251565e-16,1.0817307605215376e-08,1.1463190269126542e-06,1.570354229855322e-06,6.622186119826297e-12
2464,6.938893903907228e-18,1.5663827959964969e-06,1.1102230246251565e-16,1.0789163673585733e-08,1.1434474116717874e-06,1.5663827959964969e-06,6.6050410145972826e-12
2465,6.938893903907228e-18,1.5624181839216649e-06,1.249000902703301e-16,1.076108235853468e-08,1.1405831238164627e-06,1.5624181839216649e-06,6.58793815690011e-12
2466,6.938893903907228e-18,1.5584604516108494e-06,2.7755575615628914e-17,1.0733063660062214e-08,1.1377260909739646e-06,1.5584604516108497e-06,6.570872520570411e-12
2467,6.938893903907228e-18,1.5545094700797002e-06,2.7755575615628914e-17,1.0705108355324455e-08,1.1348762300340993e-06,1.5545094700797002e-06,6.5538502886154354e-12
2468,6.938893903907228e-18,1.5505653283434484e-06,4.163336342344337e-17,1.0677215556142983e-08,1.1320335018843585e-06,1.5505653283434482e-06,6.536867032380144e-12
2469,6.938893903907228e-18,1.546627960510231e-06,8.326672684688674e-17,1.0649385928651611e-08,1.1291979712831088e-06,1.546627960510231e-06,6.519925108936121e-12
2470,6.938893903907228e-18,1.5426972980664732e-06,1.1102230246251565e-16,1.0621619472850341e-08,1.1263697536444313e-06,1.5426972980664728e-06,6.5030210809568395e-12
2471,6.938893903907228e-18,1.538773449975156e-06,2.7755575615628914e-17,1.0593916188739172e-08,1.1235484973196558e-06,1.538773449975156e-06,6.486157144973741e-12
2472,6.938893903907228e-18,1.5348563727658836e-06,5.551115123125783e-17,1.0566275632228894e-08,1.1207340484927224e-06,1.5348563727658836e-06,6.4693340489603e-12
2473,6.938893903907228e-18,1.5309460226645328e-06,9.71445146547012e-17,1.0538697581274903e-08,1.1179264159217717e-06,1.5309460226645326e-06,6.452551622803491e-12
2474,6.938893903907228e-18,1.527042472360015e-06,4.163336342344337e-17,1.0511183146100223e-08,1.1151254876204084e-06,1.527042472360015e-06,6.4358072516076795e-12
2475,6.938893903907228e-18,1.5231456001808188e-06,2.7755575615628914e-17,1.0483731549548736e-08,1.1123312894422804e-06,1.5231456001808188e-06,6.419102988012816e-12
2476,6.938893903907228e-18,1.5192555405321903e-06,4.163336342344337e-17,1.0456342902642746e-08,1.109543727933001e-06,1.51925554053219e-06,6.402439370648853e-12
2477,6.938893903907228e-18,1.5153721763906613e-06,4.163336342344337e-17,1.0429017760493764e-08,1.1067627475640134e-06,1.5153721763906613e-06,6.385814048777113e-12
2478,6.938893903907228e-18,1.5114955971975512e-06,2.7755575615628914e-17,1.0401755679012581e-08,1.1039885056088312e-06,1.5114955971975512e-06,6.369229427890046e-12
2479,6.938893903907228e-18,1.5076257949013688e-06,5.551115123125783e-17,1.0374556769221499e-08,1.1012206950604173e-06,1.5076257949013688e-06,6.352684923483605e-12
2480,6.938893903907228e-18,1.503762741642811e-06,1.249000902703301e-16,1.034742114214282e-08,1.0984593126455962e-06,1.5037627416428111e-06,6.336178376463861e-12
2481,6.938893903907228e-18,1.4999064979147782e-06,0.0,1.0320349352888059e-08,1.0957044808474047e-06,1.4999064979147782e-06,6.319711548079004e-12
2482,6.938893903907228e-18,1.4960570070373992e-06,1.3877787807814457e-17,1.0293340513278793e-08,1.0929558905240337e-06,1.4960570070373992e-06,6.303284168865306e-12
2483,6.938893903907228e-18,1.4922143300728935e-06,1.3877787807814457e-17,1.0266394845359628e-08,1.0902135284079068e-06,1.4922143300728935e-06,6.286897001342891e-12
2484,6.938893903907228e-18,1.4883784428170039e-06,5.551115123125783e-17,1.0239512904242076e-08,1.0874773181843055e-06,1.4883784428170039e-06,6.270548553579332e-12
2485,6.938893903907228e-18,1.4845493892381567e-06,0.0,1.0212694023792324e-08,1.0847472193268836e-06,1.484549389238157e-06,6.2542410724175325e-12
2486,6.938893903907228e-18,1.480727163247221e-06,1.3877787807814457e-17,1.0185938981166487e-08,1.0820231769103692e-06,1.480727163247221e-06,6.237970121475049e-12
2487,6.938893903907228e-18,1.4769117938362548e-06,4.163336342344337e-17,1.0159247443297659e-08,1.0793051658734138e-06,1.4769117938362546e-06,6.221740403628522e-12
2488,6.938893903907228e-18,1.4731032599403408e-06,4.163336342344337e-17,1.0132619410185839e-08,1.0765931185943965e-06,1.4731032599403408e-06,6.2055493783347e-12
2489,6.938893903907228e-18,1.469301678968975e-06,1.5265566588595902e-16,1.0106055214897935e-08,1.073886996652218e-06,1.469301678968975e-06,6.189396573274396e-12
2490,6.938893903907228e-18,1.4655069498200004e-06,1.249000902703301e-16,1.0079554746411645e-08,1.0711867679582822e-06,1.4655069498200004e-06,6.173283527187066e-12
2491,6.938893903907228e-18,1.4617191085224743e-06,2.7755575615628914e-17,1.0053118448816178e-08,1.0684923726553408e-06,1.4617191085224743e-06,6.157208944421092e-12
2492,6.938893903907228e-18,1.4579382668056583e-06,2.7755575615628914e-17,1.0026745544955418e-08,1.0658037903189778e-06,1.4579382668056583e-06,6.141174108615992e-12
2493,6.938893903907228e-18,1.4541643398931153e-06,1.3877787807814457e-17,1.000043636789627e-08,1.0631209607271035e-06,1.4541643398931153e-06,6.125178307121755e-12
2494,6.938893903907228e-18,1.4503974314167642e-06,2.7755575615628914e-17,9.974191139683342e-09,1.0604438556724686e-06,1.450397431416764e-06,6.109221025347185e-12
2495,6.938893903907228e-18,1.4466375144950168e-06,1.3877787807814457e-17,9.948010082361236e-09,1.0577724433980072e-06,1.4466375144950168e-06,6.093304980146715e-12
2496,6.938893903907228e-18,1.4428845920596116e-06,1.3877787807814457e-17,9.921892862863047e-09,1.0551066685421717e-06,1.4428845920596118e-06,6.07742545299459e-12
2497,6.938893903907228e-18,1.439138770075264e-06,4.163336342344337e-17,9.895839703233378e-09,1.0524465281257523e-06,1.4391387700752641e-06,6.0615861838485845e-12
2498,6.938893903907228e-18,1.4354000009725427e-06,1.3877787807814457e-17,9.86985060347223e-09,1.0497920045297269e-06,1.4354000009725432e-06,6.0457842471803e-12
2499,6.938893903907228e-18,1.4316683588123332e-06,8.326672684688674e-17,9.84392589664651e-09,1.0471431179676919e-06,1.431668358812333e-06,6.030021752698868e-12
2500,6.938893903907228e-18,1.4279437876706617e-06,0.0,9.818065027644707e-09,1.044499744461806e-06,1.427943787670662e-06,6.014297744165037e-12
2501,6.938893903907228e-18,1.4242264010799478e-06,8.326672684688674e-17,9.792269217712146e-09,1.0418618414907106e-06,1.4242264010799478e-06,5.998611899626481e-12
2502,6.938893903907228e-18,1.4205162191760315e-06,8.326672684688674e-17,9.766536912536594e-09,1.0392294105072604e-06,1.4205162191760315e-06,5.982966280729724e-12
2503,6.938893903907228e-18,1.4168131804589795e-06,1.3877787807814457e-17,9.740868889274168e-09,1.0366024052808576e-06,1.4168131804589797e-06,5.967357400220456e-12
2504,6.938893903907228e-18,1.413117421317802e-06,0.0,9.715265480991775e-09,1.0339808006029176e-06,1.4131174213178022e-06,5.951788575965379e-12
2505,6.938893903907228e-18,1.4094289098398185e-06,4.163336342344337e-17,9.689726354622508e-09,1.0313645744950662e-06,1.4094289098398185e-06,5.9362585671344975e-12
2506,6.938893903907228e-18,1.4057476686511206e-06,1.1102230246251565e-16,9.664251621188669e-09,1.0287536997049792e-06,1.4057476686511206e-06,5.9207667884154185e-12
2507,6.938893903907228e-18,1.4020737559536776e-06,1.249000902703301e-16,9.638841502734863e-09,1.0261481537412981e-06,1.4020737559536776e-06,5.905312037460716e-12
2508,6.938893903907228e-18,1.3984071819674295e-06,4.163336342344337e-17,9.61349555517188e-09,1.0235479005963295e-06,1.3984071819674295e-06,5.88989804427491e-12
2509,6.938893903907228e-18,1.3947480103690034e-06,1.1102230246251565e-16,9.588214444633536e-09,1.0209529383878863e-06,1.3947480103690036e-06,5.874521677186998e-12
2510,6.938893903907228e-18,1.3910962004198438e-06,5.551115123125783e-17,9.56299772703062e-09,1.0183632316042974e-06,1.391096200419844e-06,5.85918308499265e-12
2511,6.938893903907228e-18,1.3874518212174205e-06,4.163336342344337e-17,9.537846068496947e-09,1.0157787668519033e-06,1.3874518212174205e-06,5.84388472588303e-12
2512,6.938893903907228e-18,1.3838149202107123e-06,1.1102230246251565e-16,9.512758469831795e-09,1.013199519949055e-06,1.383814920210712e-06,5.8286233148884935e-12
2513,6.938893903907228e-18,1.3801855402284854e-06,0.0,9.487735930235885e-09,1.0106254728685266e-06,1.3801855402284854e-06,5.813398867061586e-12
2514,6.938893903907228e-18,1.3765636439864552e-06,1.3877787807814457e-17,9.4627775615308e-09,1.0080566109397715e-06,1.376563643986455e-06,5.79821420089976e-12
2515,6.938893903907228e-18,1.372949312018259e-06,1.1102230246251565e-16,9.43788391882805e-09,1.0054929094748043e-06,1.372949312018259e-06,5.7830699181647835e-12
2516,6.938893903907228e-18,1.369342555890363e-06,2.7755575615628914e-17,9.413055002127635e-09,1.0029345046815375e-06,1.369342555890363e-06,5.76796127830578e-12
2517,6.938893903907228e-18,1.365743383662893e-06,1.5265566588595902e-16,9.388291033474161e-09,1.000381334952796e-06,1.365743383662893e-06,5.7528917929950395e-12
2518,6.938893903907228e-18,1.362151926703005e-06,0.0,9.363591568778418e-09,9.978332933422676e-07,1.362151926703005e-06,5.737861475917271e-12
2519,6.938893903907228e-18,1.3585680740303623e-06,0.0,9.338956719062708e-09,9.95290371859838e-07,1.3585680740303623e-06,5.722868126721477e-12
2520,6.938893903907228e-18,1.3549919524845947e-06,1.3877787807814457e-17,9.314386595349333e-09,9.927525197840553e-07,1.354991952484595e-06,5.707914173047404e-12
2521,6.938893903907228e-18,1.3514235575997312e-06,2.7755575615628914e-17,9.289881641727504e-09,9.902197622806158e-07,1.351423557599731e-06,5.692997601751952e-12
2522,6.938893903907228e-18,1.3478629229117774e-06,2.0816681711721685e-16,9.265441081041104e-09,9.87692058308349e-07,1.3478629229117776e-06,5.6781178898771705e-12
2523,6.938893903907228e-18,1.3443100907951335e-06,1.1102230246251565e-16,9.241065246357039e-09,9.851694325069683e-07,1.344310090795134e-06,5.663276586900818e-12
2524,6.938893903907228e-18,1.340765048794373e-06,8.326672684688674e-17,9.216754026653007e-09,9.826518355046074e-07,1.340765048794373e-06,5.648472881420532e-12
2525,6.938893903907228e-18,1.3372278914652792e-06,2.7755575615628914e-17,9.19250753295131e-09,9.801393951847362e-07,1.3372278914652792e-06,5.633709009703682e-12
2526,6.938893903907228e-18,1.3336986232507902e-06,2.7755575615628914e-17,9.168325654229648e-09,9.776320878272994e-07,1.33369862325079e-06,5.61898344197483e-12
2527,6.938893903907228e-18,1.3301771898167148e-06,5.551115123125783e-17,9.14420850151032e-09,9.751298053811396e-07,1.3301771898167148e-06,5.604294304326342e-12
2528,6.938893903907228e-18,1.3266637412654241e-06,2.7755575615628914e-17,9.120156074793329e-09,9.726327051825085e-07,1.3266637412654241e-06,5.589643932209402e-12
2529,6.938893903907228e-18,1.3231582494068451e-06,6.938893903907228e-17,9.096168041011765e-09,9.701406213728536e-07,1.3231582494068451e-06,5.575030641040495e-12
2530,6.938893903907228e-18,1.3196607872384806e-06,8.326672684688674e-17,9.07224484425484e-09,9.676535556925062e-07,1.3196607872384806e-06,5.5604540676385596e-12
2531,6.938893903907228e-18,1.3161713273412235e-06,5.551115123125783e-17,9.048386706567157e-09,9.651714817163646e-07,1.3161713273412235e-06,5.545916443305693e-12
2532,6.938893903907228e-18,1.3126898955137132e-06,8.326672684688674e-17,9.024592517725694e-09,9.626944084120766e-07,1.3126898955137134e-06,5.531416885227049e-12
2533,6.938893903907228e-18,1.3092165415149178e-06,6.938893903907228e-17,9.00086283284196e-09,9.60222317569664e-07,1.3092165415149178e-06,5.5169558001587754e-12
2534,6.938893903907228e-18,1.305751296135144e-06,1.3877787807814457e-17,8.97719776293826e-09,9.577552473262844e-07,1.305751296135144e-06,5.5025312554763915e-12
2535,6.938893903907228e-18,1.3022941865606504e-06,1.249000902703301e-16,8.953596863925384e-09,9.55293241669583e-07,1.3022941865606504e-06,5.48814508784288e-12
2536,6.938893903907228e-18,1.2988452234286188e-06,6.938893903907228e-17,8.93006057989254e-09,9.528362084634632e-07,1.298845223428619e-06,5.4737957651583314e-12
2537,6.938893903907228e-18,1.2954044422913045e-06,1.1102230246251565e-16,8.90658846675052e-09,9.503841645978456e-07,1.295404442291305e-06,5.459483714525385e-12
2538,6.938893903907228e-18,1.2919718747174178e-06,5.551115123125783e-17,8.88318085756623e-09,9.47937087332479e-07,1.291971874717418e-06,5.44520942263183e-12
2539,6.938893903907228e-18,1.2885475027836596e-06,1.3877787807814457e-17,8.859837419272765e-09,9.454949679624255e-07,1.2885475027836596e-06,5.430972242250335e-12
2540,6.938893903907228e-18,1.28513146538476e-06,1.249000902703301e-16,8.836557929825517e-09,9.430578504759778e-07,1.28513146538476e-06,5.416772240042922e-12
2541,6.938893903907228e-18,1.2817236558127733e-06,6.938893903907228e-17,8.813343166380605e-09,9.406256972844947e-07,1.2817236558127733e-06,5.4026095371719355e-12
2542,6.938893903907228e-18,1.2783241036800393e-06,8.326672684688674e-17,8.790191907692702e-09,9.381985238422772e-07,1.2783241036800395e-06,5.3884850359722816e-12
2543,6.938893903907228e-18,1.2749329478341793e-06,8.326672684688674e-17,8.767104819895621e-09,9.357763069913153e-07,1.2749329478341793e-06,5.374396884272401e-12
2544,6.938893903907228e-18,1.2715501035593426e-06,1.3877787807814457e-17,8.744081347877852e-09,9.333590975376766e-07,1.2715501035593422e-06,5.3603464540869405e-12
2545,1.0408340855860843e-17,1.26817566977879e-06,1.3877787807814457e-17,8.721121935728604e-09,9.309468438122575e-07,1.26817566977879e-06,5.3463325278213165e-12
2546,6.938893903907228e-18,1.2648095790697204e-06,2.7755575615628914e-17,8.698226472425574e-09,9.28539650471372e-07,1.2648095790697204e-06,5.332356508932618e-12
2547,6.938893903907228e-18,1.2614519054066877e-06,9.71445146547012e-17,8.675394291834948e-09,9.261375404311837e-07,1.2614519054066877e-06,5.318415479544459e-12
2548,6.938893903907228e-18,1.2581026695988279e-06,1.3877787807814457e-17,8.652625838045935e-09,9.237404256940994e-07,1.2581026695988283e-06,5.30451205890199e-12
2549,6.938893903907228e-18,1.2547618914258418e-06,4.163336342344337e-17,8.629920889013931e-09,9.213483121632819e-07,1.2547618914258416e-06,5.290647459094379e-12
2550,6.938893903907228e-18,1.2514295924462036e-06,2.7755575615628914e-17,8.607279444738936e-09,9.189611901142591e-07,1.2514295924462036e-06,5.276817060134811e-12
2551,6.938893903907228e-18,1.2481057687532792e-06,1.3877787807814457e-17,8.584701505220949e-09,9.165790702247548e-07,1.2481057687532792e-06,5.263024044575862e-12
2552,6.938893903907228e-18,1.244790430788152e-06,2.7755575615628914e-17,8.562186293303853e-09,9.142019662602082e-07,1.244790430788152e-06,5.2492693912891116e-12
2553,6.938893903907228e-18,1.2414836759221121e-06,1.3877787807814457e-17,8.539734475121463e-09,9.118298588278088e-07,1.2414836759221123e-06,5.235551815861934e-12
2554,6.938893903907228e-18,1.2381853853274277e-06,9.71445146547012e-17,8.517345384539965e-09,9.094627825558046e-07,1.2381853853274277e-06,5.221869011131584e-12
2555,6.938893903907228e-18,1.2348956877908666e-06,8.326672684688674e-17,8.495019465648568e-09,9.071007233174944e-07,1.2348956877908666e-06,5.208224236812094e-12
2556,6.938893903907228e-18,1.2316145496571626e-06,6.938893903907228e-17,8.472756052313457e-09,9.047436854155668e-07,1.2316145496571626e-06,5.194614354239775e-12
2557,6.938893903907228e-18,1.2283420364751996e-06,1.3877787807814457e-17,8.450555588623843e-09,9.023916818729253e-07,1.2283420364751996e-06,5.1810427461986045e-12
2558,6.938893903907228e-18,1.2250780933618495e-06,5.551115123125783e-17,8.42841740844591e-09,9.000447223009847e-07,1.2250780933618497e-06,5.167507341153228e-12
2559,6.938893903907228e-18,1.221822752289896e-06,1.5265566588595902e-16,8.406341844846565e-09,8.977028093052044e-07,1.221822752289896e-06,5.1540055827423855e-12
2560,6.938893903907228e-18,1.218576086814383e-06,1.3877787807814457e-17,8.3843284537366e-09,8.953659439647781e-07,1.2185760868143827e-06,5.140541775283668e-12
2561,6.938893903907228e-18,1.215338003109686e-06,1.3877787807814457e-17,8.362377679205224e-09,8.930341376166762e-07,1.215338003109686e-06,5.127114683060198e-12
2562,6.938893903907228e-18,1.2121085783101682e-06,1.3877787807814457e-17,8.34048830000711e-09,8.907073959355605e-07,1.212108578310168e-06,5.1137220808881734e-12
2563,6.938893903907228e-18,1.2088878407921635e-06,2.7755575615628914e-17,8.318661093298374e-09,8.883857238576053e-07,1.2088878407921638e-06,5.100366859809448e-12
2564,6.938893903907228e-18,1.205675746622325e-06,8.326672684688674e-17,8.29689572601211e-09,8.860691407004329e-07,1.205675746622325e-06,5.087048986322929e-12
2565,6.938893903907228e-18,1.2024723404412059e-06,1.5265566588595902e-16,8.275191754059108e-09,8.837576250499604e-07,1.2024723404412059e-06,5.073764958853568e-12
2566,6.938893903907228e-18,1.199277644495052e-06,4.163336342344337e-17,8.25354928846167e-09,8.814512293678117e-07,1.199277644495052e-06,5.060517821002488e-12
2567,6.938893903907228e-18,1.1960916222193114e-06,8.326672684688674e-17,8.231968440242099e-09,8.791499116943287e-07,1.196091622219311e-06,5.047305469257016e-12
2568,6.938893903907228e-18,1.1929143306528635e-06,4.163336342344337e-17,8.210448654288882e-09,8.768537184584788e-07,1.1929143306528635e-06,5.0341291307958405e-12
2569,6.938893903907228e-18,1.1897457507639182e-06,8.326672684688674e-17,8.188989708557415e-09,8.745626173725915e-07,1.189745750763918e-06,5.020989038504032e-12
2570,6.938893903907228e-18,1.1865858567399042e-06,4.163336342344337e-17,8.16759171407e-09,8.722766609122055e-07,1.1865858567399042e-06,5.007882221132508e-12
2571,6.938893903907228e-18,1.1834347279317598e-06,6.938893903907228e-17,8.146254781848938e-09,8.699958145251075e-07,1.1834347279317598e-06,4.994814431999519e-12
2572,6.938893903907228e-18,1.1802923204277468e-06,2.0816681711721685e-16,8.124978245760417e-09,8.677201925101309e-07,1.180292320427747e-06,4.98177901939075e-12
2573,6.938893903907228e-18,1.1771585800089006e-06,4.163336342344337e-17,8.103761994782133e-09,8.654497440266032e-07,1.177158580008901e-06,4.968780142521807e-12
2574,6.938893903907228e-18,1.174033655850841e-06,8.326672684688674e-17,8.082605917891783e-09,8.631844572128807e-07,1.1740336558508407e-06,4.95581525532484e-12
2575,6.938893903907228e-18,1.170917457330589e-06,1.1102230246251565e-16,8.061509904067066e-09,8.609243126088872e-07,1.1709174573305891e-06,4.942885732290518e-12
2576,6.938893903907228e-18,1.1678099744145824e-06,0.0,8.040473842285678e-09,8.586693390648308e-07,1.1678099744145826e-06,4.929992908337507e-12
2577,6.938893903907228e-18,1.164711252219916e-06,1.249000902703301e-16,8.019497510503015e-09,8.564195332101173e-07,1.1647112522199158e-06,4.917133035986443e-12
2578,6.938893903907228e-18,1.1616212466799085e-06,1.3877787807814457e-17,7.99858057565217e-09,8.541749224239555e-07,1.1616212466799085e-06,4.904308824149685e-12
2579,6.938893903907228e-18,1.1585399977384744e-06,1.3877787807814457e-17,7.97772337080005e-09,8.519355089498252e-07,1.1585399977384744e-06,4.89151881342744e-12
2580,6.938893903907228e-18,1.1554675380084008e-06,1.1102230246251565e-16,7.956925007768234e-09,8.497013497469199e-07,1.1554675380084008e-06,4.878764951991871e-12
2581,6.938893903907228e-18,1.1524037627928043e-06,1.3877787807814457e-17,7.936186152690539e-09,8.474723706362059e-07,1.1524037627928043e-06,4.866045395740424e-12
2582,6.938893903907228e-18,1.149348742797228e-06,1.3877787807814457e-17,7.915505695343938e-09,8.452486490816967e-07,1.149348742797228e-06,4.853359695736062e-12
2583,6.938893903907228e-18,1.1463024694894395e-06,2.7755575615628914e-17,7.894883968795341e-09,8.430301782957848e-07,1.1463024694894395e-06,4.840710328444508e-12
2584,6.938893903907228e-18,1.1432649342670076e-06,1.3877787807814457e-17,7.874320639977839e-09,8.408169587154231e-07,1.1432649342670079e-06,4.828092884110783e-12
2585,6.938893903907228e-18,1.1402361018071372e-06,2.7755575615628914e-17,7.853815708891432e-09,8.386089706456264e-07,1.1402361018071374e-06,4.815510980072718e-12
2586,6.938893903907228e-18,1.1372160135949024e-06,5.551115123125783e-17,7.833368842469213e-09,8.36406203081998e-07,1.1372160135949024e-06,4.802962682141397e-12
2587,6.938893903907228e-18,1.1342046293087707e-06,8.326672684688674e-17,7.812979818666577e-09,8.342086868019789e-07,1.1342046293087704e-06,4.790449994788084e-12
2588,6.938893903907228e-18,1.131201989931684e-06,6.938893903907228e-17,7.792648304416616e-09,8.320164297214695e-07,1.131201989931684e-06,4.7779709895948404e-12
2589,6.938893903907228e-18,1.128208063612156e-06,1.3877787807814457e-17,7.772374299719331e-09,8.298294163657293e-07,1.128208063612156e-06,4.765524994763917e-12
2590,6.938893903907228e-18,1.1252228074441715e-06,5.551115123125783e-17,7.752157915597024e-09,8.276476828423493e-07,1.1252228074441717e-06,4.753113031103395e-12
2591,6.938893903907228e-18,1.1222462459235736e-06,1.3877787807814457e-17,7.731998707960486e-09,8.254712144759175e-07,1.1222462459235736e-06,4.740735614044441e-12
2592,6.938893903907228e-18,1.1192783961295116e-06,1.3877787807814457e-17,7.711895899653598e-09,8.233000198472305e-07,1.1192783961295113e-06,4.728388733887086e-12
2593,6.938893903907228e-18,1.1163191791458822e-06,5.551115123125783e-17,7.691850267832478e-09,8.2113412555514e-07,1.1163191791458822e-06,4.7160791333923444e-12
2594,6.938893903907228e-18,1.1133686808176325e-06,2.7755575615628914e-17,7.671860813296405e-09,8.189735104662247e-07,1.1133686808176328e-06,4.703800390336708e-12
2595,6.938893903907228e-18,1.1104267855169208e-06,2.7755575615628914e-17,7.651927536045378e-09,8.168181891639112e-07,1.1104267855169206e-06,4.6915577738457646e-12
2596,6.938893903907228e-18,1.1074935403192269e-06,2.7755575615628914e-17,7.632050547101699e-09,8.146681664350695e-07,1.107493540319227e-06,4.679347956905301e-12
2597,6.938893903907228e-18,1.1045689704086905e-06,8.326672684688674e-17,7.612229291353856e-09,8.125234614154441e-07,1.1045689704086907e-06,4.667170597493404e-12
2598,6.938893903907228e-18,1.101652998549711e-06,1.249000902703301e-16,7.592463879824152e-09,8.103840694431858e-07,1.101652998549711e-06,4.6550259549100895e-12
2599,6.938893903907228e-18,1.0987456313968504e-06,9.71445146547012e-17,7.572753757401074e-09,8.082499753767245e-07,1.0987456313968504e-06,4.642913112678705e-12
2600,6.938893903907228e-18,1.0958468517657322e-06,1.3877787807814457e-17,7.553099146129227e-09,8.061212255282785e-07,1.0958468517657322e-06,4.630834531439213e-12
2601,6.938893903907228e-18,1.0929566735077228e-06,1.1102230246251565e-16,7.5334994908971e-09,8.039977927237393e-07,1.0929566735077228e-06,4.618790136664758e-12
2602,6.938893903907228e-18,1.0900750467628303e-06,2.7755575615628914e-17,7.513954458637784e-09,8.018797583732503e-07,1.09007504676283e-06,4.60677697397156e-12
2603,6.938893903907228e-18,1.0872019736821398e-06,2.7755575615628914e-17,7.49446404935128e-09,7.997670937563357e-07,1.0872019736821398e-06,4.594797643815429e-12
2604,6.938893903907228e-18,1.084337445513031e-06,9.71445146547012e-17,7.475028152015284e-09,7.976597486441868e-07,1.084337445513031e-06,4.582848584511857e-12
2605,6.938893903907228e-18,1.0814813952806554e-06,1.3877787807814457e-17,7.455646322540588e-09,7.955577580375216e-07,1.0814813952806556e-06,4.570931276327832e-12
2606,6.938893903907228e-18,1.0786339133137463e-06,5.551115123125783e-17,7.4363184499048884e-09,7.934611047298395e-07,1.0786339133137463e-06,4.559050217529428e-12
2607,6.938893903907228e-18,1.075794875498975e-06,2.7755575615628914e-17,7.417044312063581e-09,7.913698114805283e-07,1.075794875498975e-06,4.547200213592621e-12
2608,6.938893903907228e-18,1.0729643287436404e-06,1.8041124150158794e-16,7.397823797994363e-09,7.89283851104717e-07,1.0729643287436406e-06,4.535380576005638e-12
2609,6.938893903907228e-18,1.0701422080833196e-06,0.0,7.378656685652629e-09,7.872032515263581e-07,1.0701422080833196e-06,4.523594288172685e-12
2610,6.938893903907228e-18,1.067328527301967e-06,2.7755575615628914e-17,7.359542308904565e-09,7.851280217578827e-07,1.067328527301967e-06,4.511838198685803e-12
2611,6.938893903907228e-18,1.0645232610540006e-06,9.71445146547012e-17,7.340481444906288e-09,7.830581423289364e-07,1.0645232610540006e-06,4.500117656060422e-12
2612,6.938893903907228e-18,1.0617264116542003e-06,6.938893903907228e-17,7.321472761390169e-09,7.809936319591293e-07,1.0617264116542005e-06,4.488425438046422e-12
2613,6.938893903907228e-18,1.058937910043483e-06,1.3877787807814457e-16,7.302516591423114e-09,7.789344777726464e-07,1.058937910043483e-06,4.476765814015767e-12
2614,6.938893903907228e-18,1.056157732746628e-06,2.7755575615628914e-17,7.283612712960519e-09,7.76880704712301e-07,1.0561577327466281e-06,4.465136501729692e-12
2615,6.938893903907228e-18,1.053385901625293e-06,1.5265566588595902e-16,7.264760681913174e-09,7.7483227712913e-07,1.0533859016252932e-06,4.4535386677530776e-12
2616,6.938893903907228e-18,1.0506223938550418e-06,4.163336342344337e-17,7.245960720325684e-09,7.727892457530181e-07,1.050622393855042e-06,4.4419755649009296e-12
2617,6.938893903907228e-18,1.0478671670201596e-06,0.0,7.227212051041931e-09,7.70751565713623e-07,1.0478671670201596e-06,4.430439905323496e-12
2618,6.938893903907228e-18,1.0451202194770281e-06,1.1102230246251565e-16,7.2085148961065215e-09,7.687192653741981e-07,1.0451202194770283e-06,4.418937153764261e-12
2619,6.938893903907228e-18,1.042381485964232e-06,1.1102230246251565e-16,7.1898688114302445e-09,7.66692386814422e-07,1.0423814859642323e-06,4.407465046565244e-12
2620,6.938893903907228e-18,1.0396509606597363e-06,5.551115123125783e-17,7.171273685990798e-09,7.646708940171638e-07,1.0396509606597363e-06,4.396023904256472e-12
2621,6.938893903907228e-18,1.036928652305439e-06,1.3877787807814457e-17,7.152729630810484e-09,7.626547813656067e-07,1.0369286523054387e-06,4.384613066174747e-12
2622,6.938893903907228e-18,1.034214505090031e-06,1.3877787807814457e-17,7.134235757710883e-09,7.606440380267228e-07,1.034214505090031e-06,4.3732339189753546e-12
2623,6.938893903907228e-18,1.0315085103044685e-06,1.3877787807814457e-17,7.1157919556696925e-09,7.586386592119949e-07,1.0315085103044685e-06,4.361884253268729e-12
2624,6.938893903907228e-18,1.0288106107410377e-06,2.7755575615628914e-17,7.097398335709215e-09,7.566386885269033e-07,1.0288106107410375e-06,4.3505650938398564e-12
2625,6.938893903907228e-18,1.026120816749139e-06,1.249000902703301e-16,7.079054675784846e-09,7.546441744649545e-07,1.0261208167491387e-06,4.339278403037144e-12
2626,6.938893903907228e-18,1.023439088942199e-06,1.3877787807814457e-17,7.060760642829678e-09,7.526550610257627e-07,1.023439088942199e-06,4.328020356803189e-12
2627,6.938893903907228e-18,1.0207653954970059e-06,8.326672684688674e-17,7.042516014799105e-09,7.506713128906855e-07,1.0207653954970059e-06,4.316793197995034e-12
2628,6.938893903907228e-18,1.0180997035883636e-06,9.71445146547012e-17,7.024320569648523e-09,7.486929498612284e-07,1.0180997035883634e-06,4.305595380592601e-12
2629,6.938893903907228e-18,1.0154420293013662e-06,2.7755575615628914e-17,7.006173974311025e-09,7.467199376704181e-07,1.0154420293013662e-06,4.29442798405308e-12
2630,6.938893903907228e-18,1.0127922982853638e-06,4.163336342344337e-17,6.9880764508312154e-09,7.447522979900801e-07,1.0127922982853638e-06,4.283289174715142e-12
2631,6.938893903907228e-18,1.0101505520581351e-06,2.7755575615628914e-17,6.970027444097582e-09,7.427900241851321e-07,1.0101505520581351e-06,4.272180938366192e-12
2632,6.938893903907228e-18,1.0075166387295174e-06,4.163336342344337e-17,6.952026732065519e-09,7.408330983235749e-07,1.0075166387295174e-06,4.261102382657144e-12
2633,6.938893903907228e-18,1.0048905950749688e-06,2.7755575615628914e-17,6.934074092690423e-09,7.388815292336601e-07,1.0048905950749688e-06,4.250053465071985e-12
2634,6.938893903907228e-18,1.002272405652479e-06,0.0,6.916169303927688e-09,7.369353228278247e-07,1.002272405652479e-06,4.239034696960586e-12
2635,6.938893903907228e-18,9.99662037568478e-07,1.5265566588595902e-16,6.898312476799617e-09,7.349944548536912e-07,9.996620375684779e-07,4.2280459074041954e-12
